name	1700|0
name	1700|1
name	0|0
name	-1|1
parse	backup_1700.json
parse	backup_1700.enc.json
parse	backup_.json
parse	backup_draft.json
parse	backup_1700
parse	entries.json
parse	prefix_backup_1700.json
parse	backup_1700.json.bak
list	
list	backup_100.json
list	backup_100.json,backup_300.json,backup_200.enc.json
list	backup_300.json,backup_draft.json,backup_100.json
list	entries.json,config.json
prune	|0
prune	backup_100.json|0
prune	backup_100.json,backup_200.json,backup_300.json|2
prune	backup_100.json,backup_200.json,backup_300.json|10
prune	backup_draft.json,backup_100.json,backup_300.json|2
prune	backup_draft.json,backup_other.json,backup_100.json|1
prune	prefix_backup_1700.json,backup_1.json|2
prune	backup_12.5.json|3
parse	backup_1700000000000.json
parse	backup_1700000000001.json
name	100|1
prune	backup_0.json,backup_1700000000000.json,backup_.enc.json,prefix_backup_1700.json|0
list	backup_12.5.enc.json,backup_1700.json.bak,backup_-1.json,entries.json,backup_0.enc.json
list	backup_1.json,backup_1700.txt,backup_1700.json.bak,backup_-1.enc.json,backup_1700000000001.json,backup_1700.enc.json
list	backup_100.json,backup_1700000000000.json,backup_1.enc.json,backup_12.5.enc.json,backup_1700000000000.enc.json,backup_-1.enc.json
list	backup_1e+21.enc.json,backup_1e+21.json,backup_1700.txt,backup_1700.enc.json,backup_1.json,backup_12.5.json
name	0|1
list	backup_12.5.json,backup_-1.enc.json
parse	backup_12.5.enc.json
parse	backup_1e+21.json
prune	backup_0.json,backup_1700.json.bak,backup_100.enc.json,prefix_backup_1700.json,backup_1700000000000.enc.json,backup_1700000000000.json|3
parse	backup_0.enc.json
name	12.5|1
list	backup_12.5.json
prune	entries.json|4
parse	backup_1e+21.enc.json
parse	backup_12.5.json
prune	backup_0.json,backup_12.5.enc.json,backup_100.json,backup_0.enc.json,backup_1700.txt,backup_100.json,backup_1700000000000.json|2
name	1700000000000|1
prune	backup_12.5.enc.json,backup_-1.json,backup_1.json,backup_12.5.json|2
prune	backup_100.json,backup_1700000000000.json|0
name	-1|0
prune	backup_1700000000000.enc.json,backup_12.5.json,backup_-1.json,backup_1e+21.json,backup_1700000000001.json|0
prune	backup_100.enc.json,backup_1700000000000.json,backup_1700.enc.json,backup_-1.json|2
list	backup_1700.txt,backup_-1.json,backup_-1.json,backup_0.json
prune	backup_-1.json,backup_1.enc.json|0
parse	backup_0.json
prune	backup_12.5.json,backup_-1.enc.json,backup_1e+21.json,backup_100.json,backup_0.json|1
name	1700000000001|1
list	backup_1e+21.enc.json,BACKUP_1700.json,backup_0.enc.json,entries.json
list	backup_12.5.json,backup_1.enc.json,backup_100.enc.json
prune	backup_1700.txt,backup_100.enc.json,prefix_backup_1700.json,backup_1700000000001.json,backup_12.5.enc.json|2
parse	backup_100.json
prune	prefix_backup_1700.json,backup_1700000000000.enc.json,backup_1.json|3
parse	backup_1.json
prune	backup_1700.enc.json,backup_1700.txt,backup_1700000000000.enc.json|3
list	backup_1.json,backup_1.json,backup_.enc.json,backup_1700.txt
prune	backup_100.json,backup_-1.enc.json,backup_1e+21.enc.json|3
prune	backup_-1.json,backup_100.enc.json,backup_0.json,backup_1700000000001.enc.json|3
list	backup_0.enc.json,backup_0.enc.json,backup_0.enc.json,backup_1e+21.json
prune	backup_1700000000000.enc.json,backup_100.json,backup_1700.txt,backup_1700000000001.json,backup_backup_1700.json|2
list	backup_0.json,backup_1700000000000.enc.json,backup_.json,config.json,backup_0.json,backup_.enc.json
list	entries.json,backup_.enc.json,backup_backup_1700.json,backup_12.5.enc.json,backup_1700.enc.json,backup_.json
prune	backup_1e+21.json,entries.json,backup_1.json,backup_1700.json.bak|0
name	1e+21|1
list	backup_1.json,backup_1700000000001.json
list	backup_1e+21.json,backup_100.json,backup_1.enc.json,backup_1.json,backup_-1.enc.json,backup_1700000000000.json
list	backup_12.5.json,backup_1.json
parse	backup_-1.json
parse	config.json
prune	backup_1700000000001.enc.json,BACKUP_1700.json|2
list	backup_1700000000000.json,backup_.enc.json,backup_draft.json,backup_1700.json.bak
name	12.5|0
parse	backup_100.enc.json
prune	backup_-1.json|2
prune	backup_1700000000000.json|4
list	backup_-1.json,backup_1.json,backup_1700000000000.json
name	1e+21|0
prune	backup_1700000000001.enc.json,backup_1700000000001.json,backup_-1.enc.json,backup_1700000000001.json,backup_12.5.json,backup_1700.json.bak|2
prune	backup_1700000000000.enc.json,backup_1700000000000.json,backup_1e+21.enc.json,backup_1700000000000.json,backup_1.json|1
prune	backup_1e+21.json,backup_.json,backup_1700000000001.json,backup_12.5.json|2
prune	backup_1700000000001.enc.json,backup_12.5.json,backup_0.json,backup_1700.txt,entries.json,backup_1.json,backup_backup_1700.json|3
parse	BACKUP_1700.json
name	1700000000001|0
parse	backup_.enc.json
list	backup_1700000000000.enc.json,backup_100.json
list	backup_0.json,backup_1700000000000.json,backup_1e+21.json,backup_100.json
list	backup_0.json,backup_1700000000001.enc.json
name	1|0
prune	backup_.json,backup_1700000000001.enc.json,backup_1.json,backup_12.5.json,backup_12.5.json,backup_1700.enc.json,backup_1700000000001.json|1
list	backup_12.5.json,backup_100.enc.json,backup_1700.json.bak,backup_12.5.enc.json
prune	backup_100.json,BACKUP_1700.json,backup_1700000000000.json,BACKUP_1700.json|0
prune	backup_0.enc.json,backup_1700.enc.json,backup_1700000000001.json|3
parse	backup_1700000000001.enc.json
list	backup_1700000000001.json,backup_1700.txt,backup_-1.enc.json,config.json,backup_100.enc.json
prune	backup_1e+21.json,backup_-1.json,backup_.enc.json,backup_.json|0
prune	backup_backup_1700.json,backup_-1.json,backup_-1.json,backup_100.json|2
prune	backup_-1.enc.json,backup_1e+21.enc.json,backup_0.json,backup_0.json,backup_1700000000000.json|2
prune	backup_1e+21.json,backup_1700,backup_draft.json,backup_1.enc.json|1
list	backup_1.enc.json,backup_1e+21.enc.json,backup_0.json
list	backup_-1.json,backup_1700000000001.enc.json,backup_-1.json,backup_1e+21.json,backup_100.json
list	backup_-1.json,backup_1700000000001.json,backup_1700000000000.json
name	1|1
prune	backup_1.json,backup_1700,backup_0.enc.json,backup_1700,backup_0.json|2
list	backup_1.json,backup_backup_1700.json,backup_backup_1700.json,backup_1700000000001.json,backup_-1.enc.json,backup_1700.enc.json
prune	backup_0.json,backup_0.json,backup_1700000000001.json,backup_1700000000001.enc.json,backup_1700000000000.json,config.json,backup_0.json|2
list	backup_1700000000000.json,prefix_backup_1700.json,backup_100.enc.json
list	backup_12.5.json,backup_100.enc.json,backup_1.json
prune	backup_0.enc.json,backup_0.json,backup_-1.json,backup_0.json,backup_backup_1700.json,backup_-1.enc.json,backup_12.5.json|1
list	backup_100.enc.json
list	backup_.json,BACKUP_1700.json,backup_100.json,backup_0.json,backup_0.json
list	backup_1700,backup_1700000000000.enc.json,backup_100.json,backup_12.5.json
list	prefix_backup_1700.json,backup_-1.enc.json,backup_1700.json.bak,backup_1700000000001.json,backup_backup_1700.json
prune	prefix_backup_1700.json|2
list	backup_100.enc.json,backup_1700000000001.enc.json,backup_0.json
list	backup_0.json,backup_-1.json,backup_100.json
prune	backup_1e+21.enc.json,backup_-1.json,backup_1.enc.json,backup_1700000000000.json,backup_-1.json,backup_-1.json,config.json|3
prune	backup_0.json,backup_1700,backup_1700.txt,backup_1700000000000.json,backup_1e+21.enc.json,backup_1.json|0
list	backup_0.json,backup_12.5.json,BACKUP_1700.json,backup_100.enc.json,backup_-1.json,backup_0.enc.json
list	backup_-1.json,backup_1.json,BACKUP_1700.json,backup_12.5.json,backup_1.json,backup_1700000000001.json
prune	backup_draft.json,backup_1700000000000.json|1
list	backup_.enc.json,backup_1.json,backup_100.json,backup_0.json,backup_1700000000000.json,backup_1700.txt
list	backup_1700.enc.json,backup_backup_1700.json,backup_12.5.json,backup_-1.json,backup_1.json
prune	backup_1700|3
list	backup_1700000000001.enc.json,backup_1700000000001.enc.json,BACKUP_1700.json
parse	backup_1700.txt
list	backup_backup_1700.json,backup_-1.json,backup_1700000000000.enc.json,backup_0.json
name	1700000000000|0
list	backup_12.5.enc.json
list	backup_100.json,backup_1e+21.enc.json,backup_12.5.json,backup_1e+21.json,backup_1700.txt
list	backup_draft.json
prune	backup_0.json|3
prune	backup_.enc.json,backup_backup_1700.json,backup_12.5.json,backup_-1.json,backup_12.5.enc.json,backup_0.json,backup_1700.txt|0
list	backup_1.json,backup_.json,backup_1700000000000.json,backup_0.json
list	backup_1.json,backup_100.json
parse	backup_1.enc.json
prune	backup_1.enc.json,entries.json,backup_12.5.enc.json,backup_1e+21.enc.json,config.json,backup_backup_1700.json|1
prune	backup_100.json,backup_1700000000001.json|1
list	backup_1e+21.enc.json,backup_0.enc.json,BACKUP_1700.json,backup_-1.json
list	backup_1700.json.bak,backup_1.json,backup_1700000000001.json,BACKUP_1700.json,backup_.enc.json,backup_0.enc.json
list	backup_1700.txt,backup_0.json,backup_1700.txt,backup_-1.enc.json,backup_0.json,backup_100.json
list	prefix_backup_1700.json,backup_-1.json
prune	backup_1.json,backup_1.json,backup_100.enc.json,backup_1700.json.bak,backup_1e+21.json,BACKUP_1700.json,BACKUP_1700.json|3
list	backup_.json,backup_1.enc.json,backup_.enc.json,backup_12.5.json
list	backup_-1.json,backup_1.enc.json
prune	backup_backup_1700.json|1
prune	backup_1700000000001.json,backup_-1.json,backup_1700000000001.json,backup_1700.json.bak|0
prune	backup_100.json|1
list	backup_1700000000001.json,BACKUP_1700.json,backup_1.enc.json,backup_0.json
prune	backup_-1.json,backup_.json,backup_1700000000001.json|0
prune	backup_1700000000000.json,backup_0.json,backup_-1.json,backup_1.enc.json,backup_-1.json,backup_1.json|0
list	backup_12.5.enc.json,backup_-1.json,config.json
prune	backup_1e+21.json,backup_1.json,backup_100.json,backup_0.json,backup_100.json,backup_1700000000000.enc.json|2
prune	backup_-1.enc.json|1
list	backup_12.5.enc.json,backup_-1.enc.json,backup_0.json,backup_1700000000001.json,config.json,backup_-1.enc.json
prune	backup_1e+21.json,backup_1700000000000.json,backup_1e+21.json,backup_1e+21.enc.json|4
prune	backup_100.enc.json,backup_backup_1700.json,backup_12.5.json,backup_1700000000001.json,backup_draft.json|0
prune	prefix_backup_1700.json,backup_100.json,backup_1700000000000.enc.json,backup_1.json,backup_12.5.enc.json,backup_1700.txt,backup_1.json|2
list	backup_12.5.enc.json,backup_100.json
list	backup_-1.enc.json,backup_-1.json
list	backup_1700000000001.enc.json,backup_100.json,backup_1700
parse	backup_1700000000000.enc.json
list	backup_1700000000001.json,backup_1700.json.bak,backup_1700000000001.json,backup_1700.enc.json,backup_0.json
list	backup_-1.enc.json,backup_12.5.json,config.json,backup_1e+21.json
list	backup_1700.txt
prune	backup_12.5.enc.json,backup_.enc.json,backup_-1.json,config.json,backup_1700.enc.json|4
list	backup_1.enc.json,backup_1e+21.enc.json
list	BACKUP_1700.json,entries.json,backup_12.5.json
prune	backup_-1.json|0
list	backup_1700.json.bak,backup_1.json,backup_1700.json.bak,backup_1700000000001.json,BACKUP_1700.json,backup_1700.txt
list	backup_1700000000000.enc.json,backup_0.json,backup_0.json
list	backup_1700000000001.enc.json,backup_0.enc.json
prune	backup_1700000000000.json,backup_-1.json,backup_-1.json,backup_1700000000000.json,backup_0.json|1
list	BACKUP_1700.json,backup_1e+21.json
list	entries.json,backup_1700.txt,config.json,backup_1700.txt
prune	backup_.enc.json,backup_backup_1700.json,backup_1700000000000.json,backup_1700000000000.json,backup_12.5.json|3
prune	backup_1e+21.enc.json,backup_.json,backup_1.json,backup_1700000000001.enc.json,backup_backup_1700.json|2
list	backup_1700.enc.json,backup_1.enc.json,backup_100.json,backup_1.json,backup_1.json
prune	backup_-1.enc.json,backup_-1.json,backup_100.json,backup_1.json,backup_0.json,backup_100.json|4
list	backup_100.json,backup_1700.txt
list	backup_1700000000000.enc.json,prefix_backup_1700.json,backup_100.json
prune	backup_1e+21.json,backup_0.json,config.json,backup_100.json,entries.json|4
prune	config.json,backup_100.json,backup_backup_1700.json,backup_12.5.json,backup_1e+21.json,config.json,backup_1e+21.json|4
list	backup_1700,backup_12.5.enc.json,backup_1700,backup_12.5.enc.json,backup_1e+21.json,backup_1700.txt
prune	backup_0.json,backup_backup_1700.json,backup_12.5.enc.json,backup_1e+21.json|2
prune	prefix_backup_1700.json,backup_12.5.json,backup_-1.json,backup_1e+21.json|2
list	backup_1700000000001.json,backup_-1.json,backup_1700,backup_1700000000000.json,backup_-1.json
prune	BACKUP_1700.json,backup_12.5.json,backup_1700000000001.json,backup_backup_1700.json,backup_-1.json,backup_0.json|4
list	backup_0.enc.json,backup_1.json,backup_0.json
list	backup_-1.json,backup_1.enc.json,backup_0.json
list	BACKUP_1700.json,backup_100.enc.json,backup_1700000000001.json
parse	backup_-1.enc.json
prune	backup_backup_1700.json,backup_1.enc.json,backup_backup_1700.json,config.json|1
list	backup_1700000000001.json,backup_1700000000001.enc.json,backup_1700000000001.json,backup_100.json,backup_1.enc.json
prune	backup_1.json,backup_0.json,backup_12.5.json|0
list	backup_1700000000000.json,backup_1700
prune	backup_100.json,backup_1700,backup_1700000000000.enc.json|2
list	backup_1700000000001.enc.json,backup_.json,backup_12.5.json
prune	backup_1700.json.bak,backup_0.json,backup_100.json,backup_1700000000001.json|1
list	backup_1.json,backup_-1.json
prune	backup_12.5.json,backup_1e+21.json,prefix_backup_1700.json,backup_1700|4
list	backup_1700.enc.json,backup_1700000000001.json,backup_12.5.json,backup_0.json,backup_0.json,backup_1700000000001.enc.json
list	backup_100.json,backup_1.enc.json,backup_0.json,backup_1e+21.enc.json
list	backup_1700000000001.json,backup_0.enc.json,config.json,backup_1.json,backup_1700000000001.json
list	backup_1e+21.json,backup_12.5.json,backup_1e+21.enc.json,backup_100.json
list	backup_1700.enc.json,backup_0.json
list	backup_.enc.json,backup_1e+21.json,backup_1700000000001.json,backup_0.json
list	backup_1700000000001.json,backup_1700000000000.enc.json,backup_1700.json.bak
list	backup_0.enc.json,backup_100.json,backup_1700.enc.json,backup_1.json
list	backup_-1.json,backup_1.json,backup_1e+21.enc.json,backup_0.json,backup_100.json
list	backup_.json
prune	backup_1700000000000.json,backup_12.5.json,backup_1700.json.bak,backup_0.enc.json,config.json,backup_1.json,backup_-1.json|2
prune	backup_0.json,backup_-1.json,backup_1700000000001.json,backup_0.json,backup_1.json,backup_0.json|0
prune	backup_1.enc.json,backup_1700000000000.json,backup_12.5.json,backup_12.5.enc.json,backup_12.5.enc.json,backup_0.json|4
list	backup_100.json,backup_backup_1700.json,backup_12.5.json
prune	backup_1.json,backup_1700,backup_-1.json,backup_0.json|3
list	backup_1700000000001.json,backup_1e+21.enc.json,backup_-1.json,backup_-1.json
list	backup_1700000000000.json
list	backup_100.enc.json,backup_-1.json,backup_1700000000001.json,backup_12.5.enc.json,BACKUP_1700.json,entries.json
prune	backup_0.json|2
prune	backup_1700000000001.json|0
list	prefix_backup_1700.json,backup_draft.json,backup_.json,BACKUP_1700.json,backup_1.json
prune	config.json,backup_1700000000000.json|3
prune	backup_backup_1700.json,backup_12.5.enc.json,backup_0.json|1
prune	config.json,backup_0.json,backup_1.json,backup_1700000000000.json,backup_12.5.enc.json,backup_1700000000001.json,backup_1700000000000.json|3
list	backup_1700.enc.json,backup_1700.txt,backup_1e+21.json
prune	backup_0.enc.json,backup_1700000000000.json,backup_-1.enc.json|3
prune	backup_-1.json,backup_1700000000000.json,backup_0.json,backup_-1.json,backup_1700000000001.json,backup_0.enc.json,backup_1700.enc.json|3
list	backup_100.json,backup_1e+21.json
list	backup_1700000000000.enc.json,backup_-1.json,backup_1e+21.json,backup_100.enc.json,backup_-1.enc.json,backup_1700000000000.json
list	backup_1700,backup_1700.enc.json,backup_1700000000001.json
list	backup_1.json,backup_1700000000001.json,backup_1.json,BACKUP_1700.json
list	backup_draft.json,backup_1e+21.enc.json,backup_100.json,backup_12.5.enc.json
list	backup_-1.json,backup_1700000000001.json
prune	backup_12.5.json,backup_draft.json,backup_1700,BACKUP_1700.json,backup_0.json|3
prune	backup_1700,backup_0.json,backup_-1.json,backup_0.json,backup_-1.json|3
name	100|0
prune	backup_100.json,backup_-1.json,backup_1700,BACKUP_1700.json,backup_1700000000000.json|0
prune	backup_100.json,backup_12.5.json|4
list	backup_100.json,backup_1700000000001.enc.json,backup_0.json
list	backup_-1.json,backup_12.5.enc.json,backup_-1.enc.json
list	backup_-1.json,backup_0.json,backup_1700000000001.enc.json
prune	backup_1700.txt,backup_draft.json|3
list	entries.json
prune	backup_100.json,backup_100.json,backup_1.enc.json|2
prune	backup_1e+21.json,backup_1700.json.bak,backup_1e+21.json|2
prune	backup_12.5.json,backup_1700000000000.enc.json,backup_100.json,backup_0.json,backup_100.json|3
list	backup_1700,backup_1.enc.json,backup_12.5.json,backup_1700000000000.enc.json
list	backup_1.enc.json,backup_1.json,backup_.enc.json,prefix_backup_1700.json
prune	backup_12.5.json,config.json,backup_1.enc.json,backup_0.enc.json,backup_.enc.json,backup_.enc.json|0
prune	backup_1e+21.json,backup_1700000000001.json,backup_-1.json,backup_1e+21.json,backup_100.json,backup_1.enc.json|0
prune	backup_1700000000001.json,backup_1e+21.json|4
list	backup_12.5.json,backup_1700000000001.enc.json
prune	backup_1e+21.json|2
prune	backup_100.enc.json,backup_0.json,backup_-1.enc.json,backup_1.json,backup_1700000000001.json,prefix_backup_1700.json,backup_1e+21.json|2
list	backup_0.enc.json
list	entries.json,backup_1e+21.json,backup_1700000000000.enc.json
list	prefix_backup_1700.json,backup_0.json
prune	backup_backup_1700.json|4
list	backup_1700000000001.json,backup_1700000000001.json,backup_-1.json,backup_100.json,backup_100.json
list	backup_100.json,entries.json,prefix_backup_1700.json,backup_1.enc.json,backup_-1.json,backup_12.5.json
prune	backup_1e+21.json,backup_12.5.json,backup_0.json,backup_-1.json,backup_0.enc.json|0
list	backup_1e+21.enc.json,entries.json
list	backup_1700000000000.json,prefix_backup_1700.json,backup_1700000000001.enc.json,prefix_backup_1700.json
prune	backup_0.json,backup_-1.enc.json,backup_100.json|0
list	backup_100.enc.json,backup_1700000000000.enc.json
prune	backup_-1.enc.json,backup_1700000000001.json,backup_.enc.json,backup_1700000000000.json,prefix_backup_1700.json,backup_1700000000000.json|3
list	backup_100.json,backup_1.json
prune	backup_1e+21.json,backup_12.5.json|2
list	backup_0.json,backup_1700000000001.json,backup_1700.txt,backup_1e+21.enc.json
list	backup_1700.txt,backup_-1.json
list	backup_1e+21.json,backup_0.json
list	BACKUP_1700.json
prune	backup_1700000000000.json,backup_12.5.enc.json,backup_100.json,backup_1e+21.enc.json,backup_1e+21.enc.json|2
prune	backup_12.5.enc.json,backup_12.5.enc.json,entries.json,backup_1700,backup_12.5.json,backup_1700000000001.enc.json,backup_-1.json|0
list	backup_-1.json,backup_-1.json,backup_1700000000000.json,backup_1700000000001.json,backup_-1.json
prune	backup_-1.json,backup_1700000000000.enc.json,backup_.enc.json,backup_1700.enc.json|3
list	backup_1e+21.enc.json,backup_-1.json,backup_1700000000001.json,backup_backup_1700.json,backup_1700
list	backup_1.enc.json,backup_1700000000001.json,backup_1e+21.enc.json,backup_1.json,backup_draft.json,backup_1700000000001.enc.json
list	backup_0.json
list	backup_1.json,backup_12.5.enc.json,backup_1700000000000.enc.json
prune	backup_1700.txt,backup_1700.enc.json,backup_1e+21.json,backup_-1.enc.json,backup_100.enc.json,backup_1e+21.json|2
prune	backup_0.json,backup_0.json,backup_1700.json.bak|3
prune	backup_-1.enc.json,config.json,backup_0.json,backup_100.json,backup_1700,backup_1700000000000.json|1
list	backup_12.5.enc.json,backup_1.json,backup_-1.enc.json
prune	backup_1e+21.json|3
list	backup_1700000000001.json
list	backup_1700000000000.enc.json
list	backup_-1.json,backup_-1.enc.json,backup_1700.enc.json
prune	backup_100.json,entries.json|3
prune	backup_1700000000001.enc.json,backup_100.json,backup_-1.json,backup_1700.enc.json,backup_0.enc.json|4
prune	entries.json,backup_100.json|1
prune	backup_100.json,backup_1700000000000.json|2
prune	backup_100.json,backup_-1.enc.json,backup_0.enc.json,backup_.enc.json,backup_1700000000001.json,backup_1.json|2
list	backup_1700000000001.json,backup_0.json
list	entries.json,backup_1700.txt
list	backup_.enc.json,backup_1e+21.json,backup_draft.json,backup_1700000000001.enc.json,backup_1700.enc.json
prune	backup_1700.enc.json,backup_12.5.json,backup_1700000000001.json|0
list	backup_1700.json.bak
prune	backup_12.5.json,backup_100.json|0
list	prefix_backup_1700.json,backup_0.json,backup_0.json,backup_1700.enc.json,backup_1700.txt
parse	backup_backup_1700.json
list	backup_12.5.enc.json,backup_12.5.json,backup_1e+21.enc.json,backup_1700000000001.json
list	backup_0.json,backup_.json
list	backup_1e+21.json
prune	backup_0.enc.json,backup_backup_1700.json,backup_1700000000000.json,backup_1700.txt,entries.json,backup_1700000000001.enc.json|2
prune	backup_12.5.json,backup_-1.json,BACKUP_1700.json,backup_backup_1700.json,backup_1700000000001.json,backup_1700000000000.enc.json,backup_1700000000000.json|1
prune	backup_0.json,backup_1700000000000.json,backup_12.5.enc.json,backup_0.json,backup_1.enc.json,backup_1700000000000.enc.json,backup_1700000000001.enc.json|0
prune	backup_1.json,backup_12.5.enc.json|3
list	backup_-1.json,backup_-1.json,backup_0.json,backup_12.5.json,backup_1e+21.json,backup_1700.enc.json
list	backup_1700000000000.json,backup_100.json,backup_1700.txt,backup_100.json
list	backup_1700.json.bak,backup_-1.json,config.json,backup_1e+21.enc.json,backup_-1.json,backup_draft.json
list	backup_-1.enc.json,backup_1700000000001.enc.json,backup_1700000000001.enc.json,backup_1700000000000.enc.json,backup_1700000000000.json,backup_draft.json
prune	backup_backup_1700.json,backup_.enc.json|0
prune	backup_1e+21.json,backup_100.enc.json,backup_1e+21.json|0
list	backup_12.5.enc.json,backup_1700.json.bak,backup_1700000000000.json,backup_1700.enc.json,backup_draft.json
list	BACKUP_1700.json,backup_1700.json.bak,backup_.enc.json,backup_0.json,backup_.json
prune	backup_1700,backup_1700000000001.json,entries.json,backup_0.enc.json,backup_12.5.json,backup_.json|4
prune	backup_-1.json,backup_1.json,backup_1e+21.json|0
list	backup_1700000000000.enc.json,backup_-1.json,backup_1e+21.json
list	backup_1700000000001.enc.json,backup_1e+21.enc.json
list	backup_1700000000001.json,backup_1.enc.json,backup_.json,entries.json
list	backup_1.enc.json,backup_.json,backup_1.json
prune	backup_12.5.json,backup_1e+21.json,backup_1700000000001.enc.json,config.json,BACKUP_1700.json|2
prune	backup_0.enc.json|4
prune	backup_1700000000000.json,backup_1700000000000.json,backup_1700000000000.json,BACKUP_1700.json|1
prune	backup_.enc.json|1
list	backup_100.json,backup_12.5.json
list	backup_1700000000000.json,BACKUP_1700.json,backup_0.enc.json,backup_100.enc.json,backup_1700.json.bak,backup_1e+21.json
prune	backup_1e+21.json,backup_0.json,backup_.json,backup_1700.txt,backup_0.json|0
list	backup_100.json,backup_12.5.json,backup_1.json
list	backup_1e+21.json,backup_1700000000001.json,backup_-1.json,entries.json,backup_-1.enc.json
list	backup_1e+21.enc.json,backup_12.5.json,backup_0.enc.json,backup_-1.enc.json,backup_12.5.enc.json,backup_1700000000000.enc.json
prune	backup_0.json,backup_12.5.enc.json,backup_100.json,backup_draft.json,backup_1700000000000.json,backup_12.5.enc.json|4
prune	backup_1e+21.json,backup_1700.txt,backup_.enc.json,backup_0.json|0
list	prefix_backup_1700.json,backup_backup_1700.json,backup_-1.enc.json,backup_-1.json,backup_-1.json
list	backup_-1.json,prefix_backup_1700.json
prune	BACKUP_1700.json,backup_1700.enc.json,backup_1.json,backup_1.enc.json,backup_100.json|2
list	backup_draft.json,backup_12.5.json,backup_12.5.json,backup_1700000000001.json
prune	backup_0.enc.json,backup_12.5.json,backup_0.json|3
prune	prefix_backup_1700.json,backup_12.5.json,backup_1.json,entries.json,backup_100.enc.json,backup_1700000000000.json|4
list	backup_1700000000000.enc.json,backup_backup_1700.json,backup_-1.enc.json,prefix_backup_1700.json
prune	backup_1e+21.json,backup_1700000000001.json,backup_-1.json|4
prune	backup_0.json,backup_-1.json,backup_100.json,backup_1700000000001.json|3
list	backup_0.json,backup_1700000000000.json,backup_12.5.json,backup_1700000000001.json,backup_1.enc.json
list	backup_0.json,backup_1.enc.json,config.json
list	backup_100.enc.json,backup_-1.json,BACKUP_1700.json,backup_0.json,backup_1e+21.enc.json
list	backup_1.json,backup_-1.json,backup_12.5.json,backup_12.5.enc.json
prune	backup_1e+21.enc.json,backup_1e+21.json,backup_1e+21.enc.json,backup_1700000000000.enc.json,backup_1700000000000.enc.json|1
prune	backup_1e+21.enc.json,backup_12.5.json|1
prune	backup_1700.enc.json,prefix_backup_1700.json,backup_.enc.json,entries.json|4
prune	backup_1700.json.bak,backup_100.json,backup_-1.enc.json,backup_1700000000001.enc.json,entries.json,backup_-1.json|2
list	backup_100.json,backup_1700.txt,backup_-1.enc.json,backup_100.json,backup_1700000000000.enc.json,backup_12.5.json
prune	backup_0.json,backup_1.enc.json,backup_draft.json,backup_-1.json|0
list	backup_1700000000001.json,backup_1.json,backup_.json,backup_1700.enc.json,backup_1700000000001.enc.json,backup_1700.txt
prune	backup_1700.json.bak,backup_.json,backup_0.json,backup_12.5.json|1
prune	backup_-1.json,backup_1700000000000.json,backup_1e+21.json,backup_backup_1700.json|1
prune	backup_0.json,backup_1700000000000.json,backup_1700000000000.enc.json,backup_1e+21.json,backup_-1.enc.json,entries.json|4
prune	backup_1700.txt,backup_1.json,backup_0.json,backup_-1.json,prefix_backup_1700.json|3
list	backup_100.enc.json,backup_1700000000000.enc.json,backup_1700.enc.json,backup_100.json
prune	backup_12.5.json,backup_1700.enc.json,backup_-1.enc.json,backup_1700000000000.json,backup_1700000000001.json|0
prune	backup_1700.json.bak,backup_-1.enc.json,backup_1.json|2
prune	backup_draft.json,backup_1700.json.bak,backup_draft.json,backup_1700000000001.json,backup_1e+21.json,backup_-1.json,backup_0.json|0
list	backup_12.5.json,backup_1700000000001.json,backup_-1.json,backup_-1.enc.json
prune	backup_-1.json,backup_12.5.enc.json|3
list	backup_1e+21.json,backup_0.json,backup_1.enc.json
prune	backup_0.enc.json,BACKUP_1700.json,backup_1.json,backup_1e+21.enc.json,backup_100.json,backup_1700|1
list	backup_1700000000000.enc.json,entries.json
list	backup_1700000000000.enc.json,backup_0.enc.json,backup_100.json
prune	backup_1700.json.bak,backup_100.json,backup_1700000000001.json,backup_12.5.json,backup_1.enc.json|0
prune	backup_0.enc.json,backup_12.5.json,backup_-1.json,backup_0.enc.json,backup_1700000000000.enc.json,backup_12.5.json,backup_1700.txt|4
list	backup_backup_1700.json
prune	backup_1700.json.bak,backup_12.5.json,backup_1700,backup_1700000000000.json,backup_1700.txt,backup_100.json|2
prune	backup_1700.json.bak,backup_backup_1700.json,backup_1700000000000.enc.json|4
prune	backup_1.json|4
prune	backup_1.json|2
list	backup_-1.json,backup_1.json,backup_-1.json
list	backup_0.enc.json,backup_100.json,backup_-1.json,backup_100.json,backup_1.json
prune	backup_100.json|4
list	backup_12.5.json,backup_1700000000000.enc.json,config.json
list	prefix_backup_1700.json,backup_1e+21.json,backup_0.json,backup_draft.json
list	backup_0.json,backup_-1.enc.json,backup_-1.enc.json,backup_.json,backup_1e+21.json,backup_1e+21.json
prune	entries.json,backup_0.json,backup_1700000000000.json,backup_1700.txt,backup_1e+21.json|1
prune	backup_1700000000000.json,backup_-1.json|2
list	backup_1700000000000.enc.json,backup_12.5.json
list	backup_1700000000001.json,backup_backup_1700.json
list	backup_100.json,backup_1700.enc.json
list	backup_1700000000001.enc.json,backup_0.json
list	backup_1700000000001.json,backup_1700000000001.json,backup_1700.enc.json,backup_1700000000001.json
prune	backup_draft.json,backup_1700000000001.json,backup_1e+21.json,backup_0.json,backup_draft.json,backup_0.enc.json|1
prune	backup_0.json,backup_1e+21.enc.json,backup_12.5.enc.json,backup_-1.enc.json,backup_1700000000001.enc.json,backup_1.json,backup_0.json|4
prune	backup_0.json,backup_draft.json,backup_-1.json,backup_1e+21.json,backup_1.json,backup_-1.enc.json|1
list	backup_-1.enc.json,backup_1.enc.json,backup_1700000000000.enc.json,entries.json,backup_-1.json,backup_100.json
list	backup_1700000000001.enc.json,backup_.enc.json,backup_1700000000000.enc.json,backup_12.5.json,backup_1700000000001.enc.json
prune	backup_0.json,backup_0.enc.json,backup_12.5.enc.json|0
prune	backup_1700000000000.enc.json,backup_1700.txt,backup_100.json,backup_0.json|3
list	backup_1700000000000.enc.json,backup_12.5.json,backup_backup_1700.json,backup_-1.json,backup_.json
prune	backup_backup_1700.json,backup_1e+21.enc.json,backup_.enc.json,backup_0.enc.json,backup_100.json|3
list	backup_100.enc.json,backup_-1.json,backup_1700.json.bak,backup_.enc.json,backup_1.json
prune	backup_1700000000000.json,backup_1700000000000.enc.json,backup_1e+21.enc.json,backup_-1.json|1
prune	backup_1700000000001.json,backup_-1.enc.json,config.json,entries.json,backup_1700000000000.json|0
prune	backup_0.json,backup_100.enc.json,backup_0.json,backup_100.enc.json,config.json|3
prune	backup_1.json,backup_-1.enc.json,backup_1e+21.json,backup_1.enc.json,backup_1e+21.enc.json,backup_.enc.json,backup_.enc.json|0
prune	backup_1700000000000.enc.json,backup_1700000000001.json,backup_0.json|4
prune	backup_.enc.json,backup_1700000000001.json,backup_-1.enc.json,backup_0.json|3
prune	backup_1e+21.json,backup_12.5.enc.json,backup_1700000000001.json|4
prune	backup_draft.json,backup_0.json,backup_1.json,backup_1700000000000.enc.json,backup_-1.json,backup_1700000000001.enc.json,backup_100.json|2
prune	backup_0.json,backup_-1.json,backup_1700000000001.json|1
list	backup_1700000000001.json,backup_-1.json,backup_1700000000000.json,backup_1.enc.json
list	backup_1700.json.bak,backup_1700000000000.json,backup_1700.enc.json,backup_1700000000000.enc.json,backup_1700000000001.json,backup_.json
prune	backup_1700000000001.enc.json,backup_100.enc.json,backup_12.5.json,backup_-1.json,backup_1700000000000.json,backup_1700.enc.json|1
prune	backup_100.json|3
list	prefix_backup_1700.json
list	backup_1700.json.bak,backup_1700000000000.enc.json,backup_0.json,backup_1700000000001.json,backup_1700.txt
list	backup_1700000000000.json,backup_-1.json,backup_1700000000000.json,backup_1.enc.json,backup_100.enc.json
prune	backup_1700.enc.json,backup_-1.json|4
prune	backup_-1.json,backup_1700|0
list	backup_1700000000001.enc.json,backup_1700.txt,backup_1700000000000.enc.json,backup_1700000000001.json
list	backup_1700000000001.json,backup_0.json,BACKUP_1700.json,backup_-1.enc.json,backup_1700000000000.json,backup_-1.enc.json
list	config.json,backup_12.5.json,backup_1700000000001.json,backup_1700000000001.enc.json,entries.json
prune	backup_1700000000000.enc.json,backup_1700.enc.json,backup_12.5.enc.json,backup_draft.json,backup_1700.json.bak,backup_backup_1700.json|1
list	backup_1e+21.json,backup_1700000000001.enc.json,backup_1700000000000.json,backup_100.json,backup_1700000000001.json
prune	backup_0.json,backup_1.json,backup_1700,backup_0.json|0
list	config.json
list	backup_1700.enc.json,entries.json,backup_1700.enc.json,backup_0.json,backup_1700000000000.enc.json,backup_0.enc.json
prune	backup_-1.json,backup_-1.json,backup_100.enc.json,backup_100.enc.json,backup_1700000000001.json,backup_-1.json,backup_12.5.json|1
list	backup_1700000000001.json,backup_1.json,backup_1700000000001.json,backup_100.json
prune	backup_0.json,backup_draft.json,backup_1e+21.json,backup_-1.enc.json|3
list	backup_draft.json,backup_100.json,backup_0.json,backup_1700.txt,backup_1.json,backup_1700.json.bak
prune	backup_0.json,backup_1700000000000.json|4
prune	backup_backup_1700.json,config.json,backup_-1.json,entries.json,backup_1700000000001.json|0
list	backup_-1.json,backup_100.enc.json,backup_1700000000000.json
prune	backup_100.json,entries.json,backup_1700,backup_12.5.enc.json,backup_0.json,backup_1700000000001.enc.json|3
prune	backup_1.enc.json,config.json,backup_.enc.json,backup_-1.enc.json,backup_1e+21.enc.json,backup_.json|4
list	backup_0.json,backup_0.enc.json
prune	backup_.enc.json,backup_100.enc.json,backup_-1.json,backup_100.json,backup_100.enc.json,backup_100.json|2
list	backup_0.enc.json,backup_1700.txt,backup_100.json,backup_backup_1700.json,backup_1e+21.json,backup_1e+21.enc.json
list	backup_1700
prune	backup_0.enc.json,backup_0.enc.json,backup_12.5.json|2
prune	backup_1700000000000.json,backup_.enc.json,backup_1700|1
list	backup_12.5.json,backup_1.json,backup_.enc.json,backup_1.enc.json
list	backup_1.json,config.json,backup_-1.json,backup_1e+21.json,backup_1700.txt,entries.json
list	backup_1700000000000.json,backup_1e+21.json,BACKUP_1700.json
list	backup_1e+21.json,backup_-1.enc.json,backup_-1.json,backup_100.json,backup_0.json,backup_0.json
prune	backup_0.json,backup_0.enc.json,backup_1700000000000.json|3
prune	backup_1700.txt,backup_1700000000000.json,config.json,backup_100.json,backup_1700000000001.json|0
list	backup_0.enc.json,backup_-1.enc.json,backup_1700000000001.json,backup_0.json
prune	backup_0.enc.json,backup_100.json,backup_100.enc.json|3
prune	backup_100.json,backup_12.5.enc.json,backup_1e+21.enc.json,backup_1700.json.bak|3
prune	backup_1.json,backup_1700000000001.enc.json,backup_1.json,config.json|4
prune	backup_-1.enc.json,backup_-1.json,backup_0.json,backup_-1.json,backup_12.5.enc.json,backup_1e+21.enc.json,backup_100.enc.json|0
list	backup_1700000000001.enc.json
prune	BACKUP_1700.json,backup_1700000000000.enc.json,backup_0.json,backup_1.json|0
list	backup_1700000000001.enc.json,backup_1e+21.json,backup_100.enc.json
prune	backup_1700000000001.json,backup_0.json,backup_-1.json,backup_1e+21.json|2
list	backup_1700000000000.enc.json,backup_0.enc.json,backup_1700.json.bak,backup_1.json,backup_1700000000000.json,backup_100.json
prune	backup_-1.enc.json,backup_1700000000000.json,backup_100.enc.json|3
prune	config.json,backup_1.json|0
prune	BACKUP_1700.json,backup_100.enc.json,backup_1.enc.json,BACKUP_1700.json,backup_0.json|3
prune	backup_1.json,backup_-1.json,backup_1e+21.json,backup_12.5.json|0
list	backup_-1.json,backup_1700000000001.json,backup_1700000000001.json
prune	BACKUP_1700.json,backup_1700,backup_-1.json,BACKUP_1700.json,backup_1e+21.json|1
prune	backup_0.json,backup_-1.enc.json,backup_1700.txt,backup_-1.enc.json,backup_-1.json|1
list	backup_0.json,backup_draft.json
list	backup_0.json,backup_1700000000001.json,backup_-1.enc.json,backup_-1.json,backup_0.json
prune	backup_1.enc.json,backup_1700000000000.enc.json|0
list	backup_1e+21.json,backup_100.json
list	backup_0.json,backup_100.json,backup_-1.json,backup_1.json,backup_100.enc.json
list	backup_1e+21.enc.json,backup_1700
prune	backup_.json,backup_1.json,backup_0.enc.json,backup_draft.json,backup_100.json,backup_-1.enc.json|1
list	backup_0.json,backup_-1.enc.json,backup_100.json,backup_-1.json,backup_100.json,backup_-1.json
list	backup_100.enc.json,backup_0.enc.json,backup_100.json,backup_1700.json.bak
prune	backup_1700000000001.json,backup_12.5.json,backup_-1.json,backup_1700000000000.json|0
prune	backup_1e+21.json,backup_0.json,backup_100.json,backup_-1.json,backup_1700.json.bak,BACKUP_1700.json|1
prune	backup_1.enc.json,backup_0.json,backup_100.json,backup_-1.json,backup_1700000000000.enc.json,backup_100.json|1
prune	backup_1700000000000.enc.json,backup_1700000000000.json,backup_1700000000000.json,backup_1700000000000.json|2
list	backup_100.enc.json,backup_-1.enc.json,backup_1e+21.json
prune	prefix_backup_1700.json,backup_1700000000001.json,config.json,backup_-1.enc.json,backup_draft.json,backup_.enc.json,backup_1700000000001.json|0
list	backup_1.json,prefix_backup_1700.json
list	backup_-1.json,backup_-1.json,backup_1.enc.json,backup_100.enc.json
prune	backup_-1.json,backup_.json,backup_backup_1700.json|1
prune	backup_12.5.json,backup_1700000000001.json|3
list	backup_12.5.json,backup_0.json,BACKUP_1700.json,prefix_backup_1700.json,backup_12.5.enc.json,backup_1700000000001.json
list	backup_1700000000000.json,backup_12.5.enc.json,backup_12.5.json,backup_1700000000001.json,backup_-1.json
list	backup_-1.enc.json,backup_draft.json
prune	backup_0.json,backup_-1.json,backup_1e+21.json,backup_1.enc.json,backup_.enc.json,backup_0.enc.json,backup_1.json|2
prune	backup_1700.json.bak,backup_.json,backup_1700000000000.json,backup_1700.txt,backup_1e+21.enc.json,backup_1700000000000.json,backup_0.json|1
prune	backup_-1.json,backup_1700000000001.enc.json|2
prune	backup_1.json,backup_1700.txt,backup_0.enc.json,backup_1700000000000.json,backup_100.json,backup_.json,backup_.enc.json|4
prune	backup_100.enc.json,backup_100.enc.json,BACKUP_1700.json,backup_-1.json,backup_1e+21.enc.json|1
list	backup_1.enc.json,backup_1700000000001.json,backup_1700000000001.json,backup_100.json,backup_1e+21.json
list	entries.json,backup_1.json,backup_1.json,backup_100.enc.json,backup_0.enc.json,backup_1e+21.json
list	backup_12.5.json,backup_-1.json,backup_1e+21.json,backup_100.json,backup_draft.json
prune	backup_.enc.json,backup_-1.json,backup_100.json|4
list	backup_draft.json,backup_-1.json,backup_12.5.json
list	backup_1.json,backup_1e+21.json,backup_1700000000000.enc.json,backup_1700000000000.enc.json
list	backup_1e+21.json,backup_draft.json,backup_1e+21.json
prune	backup_1700000000000.json,backup_1.enc.json,backup_12.5.json,backup_-1.json|1
prune	backup_1e+21.json,backup_-1.json,config.json,backup_1e+21.json,backup_1.enc.json,backup_backup_1700.json,backup_1700000000000.enc.json|3
prune	backup_0.json,backup_1700000000001.enc.json,backup_12.5.json|2
list	backup_100.json,backup_.enc.json,entries.json,backup_1.json,backup_1700000000000.enc.json,BACKUP_1700.json
list	BACKUP_1700.json,backup_draft.json,backup_12.5.json,backup_1e+21.enc.json,backup_1700
prune	backup_12.5.json|2
prune	entries.json,backup_12.5.json,backup_1e+21.enc.json,backup_12.5.enc.json,backup_12.5.json,backup_1e+21.json,backup_1700000000000.json|2
list	backup_1700000000000.json,backup_draft.json,backup_1700,entries.json
list	backup_1700.enc.json,backup_1700000000000.json,backup_-1.json,backup_1e+21.enc.json
prune	backup_1700000000001.json,BACKUP_1700.json,backup_1700000000001.json,backup_-1.json,backup_1e+21.json,backup_draft.json|4
list	backup_0.json,backup_.enc.json,backup_draft.json
prune	backup_draft.json,backup_1700000000000.json,backup_1e+21.json,backup_1700000000000.enc.json,backup_0.json,backup_1.enc.json,backup_1.enc.json|0
prune	backup_backup_1700.json,backup_12.5.enc.json,backup_1700,backup_1e+21.json,backup_12.5.enc.json|2
list	prefix_backup_1700.json,backup_100.json,config.json,backup_1700000000001.json
list	backup_draft.json,backup_1e+21.enc.json
prune	backup_12.5.json,backup_1e+21.json,backup_1700000000000.json,backup_1700.txt,backup_12.5.json,backup_1700000000000.json|2
prune	backup_1700000000000.json,backup_1e+21.enc.json,backup_1700.json.bak,backup_-1.json|1
list	backup_-1.json,backup_.enc.json,backup_.enc.json,backup_-1.json,prefix_backup_1700.json,backup_100.enc.json
prune	backup_1e+21.json,backup_12.5.json,backup_1700000000000.json,backup_1700000000000.json,backup_1700000000000.json,backup_0.enc.json|2
list	backup_1700000000001.json,backup_0.json,backup_1700.json.bak,backup_1.json,backup_1700000000000.json,backup_1e+21.json
prune	backup_1.json,backup_100.enc.json,backup_0.json,backup_-1.json,backup_-1.enc.json,backup_-1.json,backup_1700000000000.json|0
prune	backup_0.json,backup_12.5.enc.json,backup_-1.json,backup_1700000000001.enc.json,backup_backup_1700.json,backup_100.json|1
prune	backup_-1.json|3
list	backup_1e+21.enc.json,backup_1.json,backup_12.5.enc.json,BACKUP_1700.json,backup_1700000000000.json
prune	backup_1700000000001.json,backup_0.json,backup_1.json,backup_backup_1700.json,backup_12.5.json|3
prune	backup_.json,backup_1e+21.enc.json|4
list	backup_1e+21.json,backup_.enc.json,backup_-1.json,backup_0.json,backup_-1.enc.json,backup_100.enc.json
list	backup_1.json,backup_12.5.json,backup_0.json,backup_-1.json
prune	backup_draft.json,backup_12.5.json,backup_12.5.json,BACKUP_1700.json,backup_0.enc.json,BACKUP_1700.json|0
list	backup_draft.json,backup_1700000000001.enc.json,backup_1700000000001.json,BACKUP_1700.json,backup_1.enc.json,config.json
prune	backup_12.5.json,backup_100.json,backup_1700000000001.enc.json,backup_1700.txt|4
list	backup_0.enc.json,backup_100.json,backup_0.json
list	backup_1e+21.enc.json,backup_12.5.enc.json,backup_backup_1700.json,prefix_backup_1700.json,backup_-1.json
prune	backup_1700.json.bak,backup_-1.json,backup_draft.json,backup_100.json,backup_12.5.json,backup_-1.json,prefix_backup_1700.json|3
list	backup_12.5.enc.json,backup_1700000000000.enc.json,backup_-1.json,backup_0.enc.json,backup_1e+21.json,prefix_backup_1700.json
prune	backup_100.enc.json,backup_100.json,backup_100.json,backup_1700000000001.json,backup_0.json,backup_1700000000000.enc.json,backup_draft.json|2
list	backup_1e+21.json,backup_1700000000001.enc.json,backup_.json,backup_1.json
list	backup_1700000000000.json,backup_1700000000000.enc.json,backup_0.enc.json
list	backup_.enc.json,backup_-1.json,backup_1e+21.json,backup_1.json,backup_.enc.json
prune	backup_1700000000001.json,backup_1700.txt,backup_12.5.json,backup_-1.json,backup_0.json,backup_1700000000000.json|3
prune	backup_-1.json,backup_0.enc.json,backup_1.enc.json,backup_1700|1
list	backup_0.json,backup_1700000000000.enc.json,backup_0.enc.json,backup_1700000000000.enc.json,backup_draft.json
prune	backup_1700000000001.json|4
list	backup_1e+21.enc.json,backup_100.json,backup_draft.json,backup_1e+21.json,backup_-1.json,backup_1700000000000.json
prune	backup_1.json,backup_0.enc.json,backup_0.json,backup_-1.json,backup_1700.enc.json|3
list	backup_.enc.json,backup_-1.json,backup_1e+21.json,backup_-1.json,backup_backup_1700.json,backup_1700
list	backup_-1.json,backup_.enc.json,backup_12.5.json
list	backup_1e+21.json,prefix_backup_1700.json,backup_draft.json,backup_-1.enc.json,backup_0.json
prune	backup_.json,BACKUP_1700.json,backup_12.5.json,backup_12.5.json,backup_-1.json,backup_1700000000001.enc.json,BACKUP_1700.json|2
list	backup_1700000000001.json,backup_1700000000000.json,backup_1700000000000.json
prune	backup_-1.json,backup_.json,backup_1.enc.json,backup_-1.json,backup_-1.json|0
prune	backup_12.5.enc.json,backup_0.json,backup_0.enc.json,backup_1700000000001.json,backup_100.json|4
list	backup_1.enc.json
list	backup_1700000000001.json,backup_-1.json,backup_1.enc.json,backup_100.enc.json
prune	BACKUP_1700.json,backup_100.json,backup_1700000000001.enc.json,backup_1e+21.json,backup_1700.json.bak,backup_1.json,backup_backup_1700.json|4
prune	backup_backup_1700.json,backup_1700000000000.json,backup_0.json,backup_1700000000001.json,backup_0.json,backup_12.5.json,backup_0.enc.json|2
list	backup_1e+21.json,prefix_backup_1700.json,backup_12.5.json,backup_1e+21.json
prune	backup_0.json,backup_-1.json,backup_1e+21.json,backup_.json|0
prune	backup_.enc.json|4
list	backup_0.json,backup_1700.txt,backup_1700.json.bak
list	backup_0.enc.json,backup_12.5.json,backup_12.5.enc.json,backup_1700.enc.json
prune	backup_1e+21.json,backup_.json|1
prune	backup_-1.json|1
list	backup_draft.json,backup_1.json,backup_1700.txt
prune	backup_0.json,backup_-1.json,BACKUP_1700.json,backup_1700000000000.json,backup_1700,backup_1700000000000.json,backup_100.enc.json|4
list	backup_100.enc.json,backup_1700000000000.json,backup_12.5.json,backup_1700000000001.enc.json,entries.json
prune	backup_1700000000000.json,backup_1700.txt,backup_12.5.enc.json|2
list	backup_1.json,backup_1700.txt
prune	backup_1e+21.enc.json,backup_-1.enc.json,backup_1700000000000.json,backup_0.json|3
list	prefix_backup_1700.json,backup_draft.json,backup_1700000000000.json,backup_.enc.json,prefix_backup_1700.json,backup_1700000000000.enc.json
prune	backup_draft.json,backup_0.enc.json,backup_-1.json,backup_draft.json,backup_0.json,backup_draft.json|1
list	backup_1e+21.json,backup_1.json
list	backup_-1.enc.json
prune	backup_12.5.json,entries.json,backup_0.json,backup_.json,config.json,backup_1700000000001.enc.json|4
prune	backup_1e+21.json,backup_100.json,backup_1700.enc.json,backup_.json,backup_1e+21.json,backup_1700000000001.json,backup_1700000000001.enc.json|0
prune	backup_0.enc.json,backup_1.json,backup_1.json,backup_1e+21.json,backup_1700.txt|2
list	backup_1700000000000.enc.json,backup_1e+21.json,backup_1e+21.enc.json
prune	backup_0.enc.json,backup_1700000000001.enc.json,backup_1e+21.json,backup_1.json|2
prune	backup_1700.enc.json,backup_1700000000001.json,backup_1e+21.json,backup_1.json,backup_-1.json,backup_1700000000000.json,backup_draft.json|4
list	backup_100.json,backup_1700000000001.enc.json,backup_.enc.json,backup_100.json,BACKUP_1700.json,backup_1700
prune	backup_100.enc.json,backup_1.enc.json,backup_1700.json.bak,backup_1.enc.json,backup_1700000000000.json|0
list	backup_0.json,backup_1e+21.json,backup_-1.json,backup_1.json,backup_1e+21.json
list	backup_.enc.json,backup_-1.json
list	backup_0.enc.json,backup_12.5.json,backup_1.json
list	backup_-1.json
prune	backup_100.json,backup_1700000000000.json,backup_1700.txt,backup_1.json,backup_-1.json,backup_1700000000000.json|3
list	backup_100.enc.json,backup_-1.json,backup_1700000000001.enc.json
list	backup_1e+21.json,backup_12.5.enc.json,backup_12.5.json,backup_100.enc.json,backup_.json
list	backup_1.json,backup_-1.enc.json,backup_100.json,backup_1700.txt,backup_-1.enc.json
prune	backup_1e+21.enc.json,backup_1700000000000.json,backup_12.5.enc.json|1
list	backup_1700.txt,backup_12.5.json,BACKUP_1700.json,backup_1e+21.json
prune	backup_0.json,backup_1700000000000.enc.json,backup_.json,backup_12.5.json|2
list	backup_12.5.json,config.json,backup_1700.txt,backup_1700000000001.json,backup_1700000000000.json
list	backup_1700.json.bak,backup_1.json
list	backup_1700000000001.json,backup_1.json,backup_1700000000001.json,backup_.json,backup_12.5.enc.json
prune	backup_0.json|4
list	backup_12.5.json,backup_12.5.json,prefix_backup_1700.json
prune	config.json,backup_1.json,backup_.json,backup_-1.json,backup_1700.txt,backup_1700,backup_100.enc.json|4
list	backup_1.enc.json,backup_1.json
list	backup_1.enc.json,backup_0.json
list	backup_1700000000001.json,backup_100.json,backup_.json,backup_100.enc.json,backup_1700.txt
prune	backup_1.json,backup_100.json,backup_1.enc.json,backup_1700.json.bak,prefix_backup_1700.json,backup_-1.json|4
list	backup_12.5.enc.json,backup_100.enc.json,backup_1700000000001.json
list	backup_-1.enc.json,backup_-1.json,backup_12.5.enc.json
prune	BACKUP_1700.json,backup_1700000000001.json,backup_0.enc.json,backup_1700000000000.json,backup_1e+21.json|2
list	backup_1700000000000.json,backup_1700000000000.enc.json,entries.json,backup_1700000000000.json
list	backup_1.json,backup_1700.json.bak,backup_100.json
prune	entries.json,backup_100.json,backup_0.json|3
list	backup_.json,prefix_backup_1700.json,backup_1700000000000.json,backup_.json,backup_100.json
prune	backup_1.enc.json,backup_0.enc.json|0
list	backup_12.5.json,backup_-1.json
list	backup_1e+21.enc.json,backup_-1.json,backup_100.enc.json
list	backup_backup_1700.json,backup_1700000000001.enc.json,backup_1.json,backup_1.json,backup_.json,prefix_backup_1700.json
list	backup_1700000000001.enc.json,backup_-1.enc.json,backup_1700000000000.enc.json,backup_1700000000000.json
list	prefix_backup_1700.json,backup_0.enc.json,backup_.enc.json,backup_1700000000001.json,backup_1.json,backup_0.json
prune	backup_backup_1700.json,backup_100.json|0
list	backup_1700.txt,backup_0.json,entries.json,backup_1700000000000.enc.json,backup_.enc.json,backup_1700000000000.enc.json
prune	backup_1.enc.json,backup_1.enc.json,backup_-1.json|4
prune	backup_1700000000001.json|3
list	backup_1700.txt,backup_0.json,backup_0.json,backup_-1.json,backup_-1.enc.json
list	backup_0.json,backup_0.json
list	backup_-1.enc.json,backup_12.5.json,backup_0.enc.json
prune	backup_100.json,backup_1700.json.bak,backup_1700.enc.json|2
list	backup_backup_1700.json,backup_1.enc.json
prune	backup_12.5.json,backup_1e+21.enc.json|4
prune	backup_12.5.json,backup_-1.enc.json,config.json,backup_1.json,backup_1700000000000.json|1
prune	backup_draft.json,backup_1700000000000.enc.json,backup_backup_1700.json,config.json,backup_1e+21.json|3
prune	backup_1.json,backup_1.json,backup_100.json,backup_1700.enc.json,backup_.enc.json|3
prune	backup_0.json,backup_1700000000000.json|3
prune	backup_1.enc.json|3
list	backup_1.enc.json,backup_backup_1700.json,backup_1e+21.json,backup_1700.json.bak,prefix_backup_1700.json,backup_1.enc.json
prune	backup_100.json,backup_draft.json|4
list	backup_1700000000001.json,backup_1700000000001.enc.json,backup_1.json,backup_12.5.enc.json
prune	backup_12.5.enc.json,backup_1e+21.json|3
prune	backup_12.5.json,backup_1e+21.enc.json,backup_100.json,backup_1700000000000.json,backup_.json,backup_.json|0
prune	backup_12.5.enc.json|0
prune	backup_backup_1700.json,backup_12.5.json,backup_-1.enc.json|1
list	backup_12.5.enc.json,backup_1700000000001.json,entries.json,backup_-1.enc.json
prune	backup_1700000000001.json,backup_.json|2
prune	backup_0.enc.json|1
list	backup_-1.json,backup_1e+21.json
prune	prefix_backup_1700.json,backup_-1.json,backup_.enc.json,backup_0.json,backup_1700,backup_12.5.json,backup_-1.json|0
list	backup_0.json,backup_100.json,BACKUP_1700.json,backup_1700000000001.enc.json,backup_1700000000001.json,backup_1700000000001.enc.json
list	backup_0.json,backup_1700000000001.enc.json,backup_1700000000000.json,backup_-1.json,backup_-1.json
prune	backup_100.enc.json,backup_12.5.json,backup_100.json,backup_-1.enc.json,backup_-1.json,backup_1700000000001.enc.json|0
prune	backup_1e+21.enc.json,backup_-1.json,backup_1700000000000.json,backup_0.json,backup_1700.json.bak|4
prune	entries.json,entries.json,backup_1700.enc.json,entries.json|0
prune	backup_100.json,backup_0.json,backup_1700000000000.json,backup_-1.enc.json,backup_draft.json,backup_1700000000001.json,backup_1.enc.json|4
prune	BACKUP_1700.json,backup_1700.txt,backup_1.json,BACKUP_1700.json,backup_0.json,backup_.json,config.json|4
list	backup_100.json,backup_100.enc.json,backup_draft.json
list	backup_100.enc.json,backup_1700.txt,backup_12.5.json,backup_0.enc.json
list	backup_12.5.enc.json,backup_1700000000000.json
prune	backup_.json,backup_1700.enc.json,backup_1e+21.enc.json,backup_1e+21.enc.json,backup_1700000000000.json,backup_1700,backup_100.json|1
prune	backup_-1.json,backup_100.json,backup_1e+21.enc.json,backup_0.json,backup_100.enc.json|2
prune	backup_1.json,backup_1.json,backup_1.json,backup_100.json,backup_1.json,backup_1700000000000.json,backup_1700.json.bak|3
prune	backup_1e+21.json|4
prune	backup_-1.enc.json,backup_12.5.json,backup_0.enc.json|0
list	backup_12.5.json,backup_100.enc.json,backup_12.5.enc.json
list	backup_0.json,backup_-1.json,backup_-1.json,backup_1e+21.enc.json,backup_1700.txt,backup_1.enc.json
list	backup_1.json,backup_100.enc.json,backup_1700000000001.json
prune	backup_draft.json|3
list	backup_1e+21.json,backup_12.5.json,BACKUP_1700.json,backup_100.enc.json
prune	backup_-1.enc.json,backup_1e+21.json,backup_1.enc.json,entries.json,backup_1e+21.enc.json,entries.json|3
list	backup_1.json,backup_1700,backup_0.json,backup_1700000000001.enc.json,backup_0.enc.json,backup_0.json
prune	backup_1700000000000.json|0
list	backup_12.5.json,backup_1e+21.json,backup_1e+21.enc.json,backup_100.json,backup_1700000000001.enc.json
prune	backup_1.json,backup_-1.json,backup_-1.enc.json,prefix_backup_1700.json,backup_1.json,backup_-1.json|3
prune	backup_0.json,backup_0.json,backup_1700.txt,backup_1e+21.json|0
prune	backup_1700000000001.json,backup_1700|4
list	backup_draft.json,backup_1700000000000.json,backup_.json,entries.json,backup_12.5.enc.json,backup_1e+21.enc.json
list	backup_1700000000000.json,backup_-1.json,backup_0.json,backup_100.json
list	backup_draft.json,backup_0.json
list	backup_1.json
list	backup_1700.txt,backup_1700000000001.json,backup_1700000000001.enc.json,backup_1e+21.json,backup_1700000000001.json,backup_1700000000001.json
list	entries.json,BACKUP_1700.json,backup_1e+21.json
prune	backup_1700000000000.json,prefix_backup_1700.json,backup_.json|1
list	backup_1.json,backup_1e+21.json,backup_1e+21.json,backup_1700000000001.json
prune	backup_-1.json,BACKUP_1700.json,backup_1700000000001.enc.json,backup_12.5.json,backup_1700.txt,backup_0.enc.json,backup_0.json|4
prune	backup_12.5.enc.json,backup_1700000000000.json,backup_-1.json,backup_.enc.json,backup_1700000000001.json|1
list	backup_12.5.json,backup_1e+21.enc.json,backup_1e+21.enc.json,backup_1700.txt,backup_1700000000001.enc.json
list	backup_12.5.json,backup_-1.enc.json,backup_-1.json
list	backup_1700.enc.json,backup_-1.json,entries.json
prune	backup_1e+21.json,backup_1700.txt,backup_1700.enc.json,backup_0.json|2
prune	backup_0.enc.json,backup_0.enc.json,backup_12.5.enc.json,backup_-1.json,backup_1700000000001.json,backup_-1.json|3
prune	backup_100.enc.json,backup_100.json,backup_1.json,backup_12.5.json,backup_1.json|1
prune	backup_1700.json.bak,backup_1.json|3
prune	backup_100.json,backup_0.json,backup_0.json|4
prune	backup_1.enc.json,backup_-1.json,backup_-1.json,backup_0.json|4
list	backup_1700000000000.json,BACKUP_1700.json,backup_0.json
prune	prefix_backup_1700.json,backup_1.json,prefix_backup_1700.json,backup_100.enc.json,backup_backup_1700.json,backup_1700000000000.json|1
prune	backup_0.enc.json,backup_1.json|4
list	backup_1700000000001.json,backup_0.json,backup_1.json,backup_100.json,backup_1e+21.enc.json,backup_1.json
list	backup_backup_1700.json,backup_1e+21.json,backup_1.json,backup_1700000000000.enc.json,backup_1700000000001.enc.json,backup_1e+21.json
list	backup_0.enc.json,backup_12.5.json,backup_1e+21.json,backup_12.5.json
prune	backup_1.json|0
list	backup_1e+21.enc.json,backup_1700000000001.json,backup_12.5.json,backup_1700,backup_1700000000000.json
list	prefix_backup_1700.json,backup_100.json,backup_1700.json.bak,backup_12.5.json,backup_.json
prune	backup_1.enc.json,backup_1.json,prefix_backup_1700.json|2
list	backup_1700000000000.json,backup_.enc.json,backup_1e+21.json
list	backup_1700.json.bak,backup_100.enc.json,backup_backup_1700.json,backup_1700000000000.enc.json
prune	backup_100.json,backup_1.json,backup_1e+21.json,backup_1e+21.json,backup_1700000000001.enc.json,backup_1700.enc.json|4
list	backup_-1.json,backup_0.json,backup_1700000000000.json
list	backup_1700.txt,backup_12.5.enc.json,backup_1.json,backup_100.json,backup_1700000000000.json,config.json
prune	BACKUP_1700.json,backup_1700000000000.json,backup_1.json,backup_100.json,backup_1700.enc.json|0
prune	backup_1e+21.json,backup_1e+21.json,backup_1.enc.json,backup_1700000000001.json,backup_.enc.json,BACKUP_1700.json|3
list	backup_0.json,backup_1.json,config.json,backup_0.json,backup_100.enc.json,backup_1700000000001.enc.json
list	backup_1700000000001.enc.json,backup_1.json,backup_1700.enc.json,prefix_backup_1700.json
prune	backup_backup_1700.json,backup_-1.json,backup_12.5.enc.json,backup_1.enc.json,backup_1700|4
list	backup_1700,backup_1e+21.json,backup_1700000000001.json
list	backup_1.enc.json,backup_100.json
list	BACKUP_1700.json,entries.json,backup_1700000000000.json,backup_1700000000001.json,backup_.enc.json,backup_.json
list	backup_1e+21.json,backup_1e+21.json
list	backup_100.json,backup_-1.json,backup_1700000000001.json,backup_0.enc.json
list	backup_1.json,backup_1.enc.json,backup_1700.json.bak
prune	backup_1e+21.json,backup_-1.json|0
prune	backup_100.enc.json,backup_12.5.json,backup_1700.json.bak,backup_12.5.json,backup_1700000000001.json,backup_100.json,backup_12.5.enc.json|1
prune	backup_draft.json,backup_0.json,backup_0.json,backup_0.json,backup_1700.enc.json|1
list	entries.json,backup_12.5.enc.json,backup_-1.json,backup_100.enc.json
list	backup_backup_1700.json,backup_12.5.json,backup_0.enc.json,backup_.enc.json,backup_1700.enc.json
prune	backup_.json|4
list	config.json,backup_12.5.enc.json
prune	backup_backup_1700.json,backup_1700.json.bak,backup_100.enc.json|4
prune	backup_1700000000000.json,backup_1700.txt,entries.json,backup_-1.enc.json,prefix_backup_1700.json,backup_12.5.json,backup_1.enc.json|1
list	prefix_backup_1700.json,backup_1700.json.bak,backup_1700000000000.json
list	backup_100.json,backup_backup_1700.json,backup_1e+21.enc.json,prefix_backup_1700.json
prune	backup_12.5.enc.json|4
list	prefix_backup_1700.json,backup_backup_1700.json,backup_1700000000000.json,backup_1700000000001.json,backup_1e+21.enc.json,backup_1700000000001.json
list	backup_12.5.json,backup_1e+21.json,backup_1700000000000.json,backup_0.enc.json,backup_100.json,backup_.json
list	backup_0.json,BACKUP_1700.json
prune	backup_1e+21.json,backup_1700000000001.json,entries.json|1
prune	backup_draft.json,backup_1700000000001.json|2
prune	backup_1700000000001.enc.json,backup_backup_1700.json,backup_0.json|3
prune	backup_0.json,backup_100.json,backup_1700000000000.json,entries.json,backup_-1.json,backup_.json,BACKUP_1700.json|0
list	backup_100.enc.json,backup_100.json,backup_-1.json,backup_100.enc.json,backup_.json
list	backup_1.json,prefix_backup_1700.json,BACKUP_1700.json,backup_1700000000000.enc.json
list	backup_1e+21.json,backup_1.json,backup_12.5.json
prune	backup_-1.enc.json,backup_.enc.json,backup_-1.json,backup_1700000000001.enc.json,config.json,backup_1700.txt,backup_1.json|2
list	backup_backup_1700.json,backup_1.json,backup_12.5.enc.json,backup_1.enc.json,backup_100.json
list	backup_0.json,backup_0.json,backup_12.5.json,backup_1700000000001.json,backup_12.5.enc.json
list	backup_-1.json,backup_1700000000000.json,backup_12.5.enc.json,backup_1700000000001.enc.json
list	backup_-1.json,backup_backup_1700.json,prefix_backup_1700.json,backup_1e+21.enc.json,prefix_backup_1700.json,backup_0.json
list	backup_1700000000001.enc.json,backup_1.json
prune	backup_1700.json.bak,backup_.enc.json,backup_1e+21.json,backup_1700000000000.json,backup_1e+21.json,backup_1700000000000.enc.json|1
list	backup_1700000000000.json,backup_0.enc.json
list	backup_.json,backup_1e+21.json,backup_1.json,backup_0.enc.json,backup_12.5.json,backup_100.enc.json
list	backup_1700,entries.json,backup_1.json
prune	backup_1700000000001.json,backup_1700.enc.json,backup_0.json,backup_1700000000001.json|0
list	backup_-1.json,backup_-1.json
prune	backup_12.5.json|1
list	backup_draft.json,backup_1700000000000.json
prune	BACKUP_1700.json,backup_-1.enc.json,backup_100.json|3
prune	backup_1.json,backup_12.5.json|0
prune	entries.json,backup_-1.enc.json,backup_100.json,backup_0.enc.json,backup_1700,entries.json|4
list	backup_1.json,backup_1.json,backup_1.json,backup_-1.enc.json,backup_1.json
prune	backup_-1.json,backup_12.5.enc.json,backup_0.json,backup_1700000000000.json|0
prune	backup_12.5.enc.json|1
prune	backup_1700000000000.enc.json,backup_.enc.json,entries.json|0
list	backup_.enc.json,backup_0.json,backup_backup_1700.json,backup_12.5.json,backup_12.5.json
prune	backup_0.json,backup_1e+21.json,backup_100.json|0
prune	backup_1700000000001.enc.json,backup_1700000000001.json,backup_1e+21.json,backup_0.json,backup_.enc.json,backup_1e+21.json,backup_12.5.json|1
prune	backup_-1.json,backup_100.enc.json,backup_0.enc.json|2
prune	backup_100.enc.json,backup_-1.enc.json,backup_0.json,backup_-1.enc.json,entries.json,backup_1700000000001.json|1
prune	backup_-1.json,backup_1.json,backup_12.5.json,backup_.json|2
prune	backup_1.enc.json,backup_1e+21.json,backup_1700000000000.json,backup_1700000000000.json,backup_1.enc.json,backup_1.enc.json|4
list	backup_1700000000001.json,backup_1700000000000.json,backup_1700.json.bak,backup_1700000000001.enc.json,backup_1700.enc.json,backup_1.json
list	backup_1.json,backup_12.5.json,backup_-1.json,backup_-1.json,backup_1700.json.bak
list	backup_1700000000001.enc.json,backup_-1.json
prune	backup_12.5.enc.json,backup_backup_1700.json,backup_1700.txt,backup_0.enc.json,backup_-1.json,backup_-1.json|1
list	backup_1.json,backup_0.json,backup_1.json
prune	backup_1700000000001.json,backup_-1.json,backup_backup_1700.json,backup_0.json,backup_1700,backup_1e+21.json,backup_-1.json|4
list	backup_0.json,backup_0.enc.json,backup_1700.txt
list	backup_100.json,backup_1700000000000.json,backup_1700000000000.json,backup_12.5.enc.json,backup_-1.enc.json
list	backup_1.enc.json,backup_12.5.json,backup_0.json,backup_-1.json,backup_0.json,backup_-1.json
list	backup_1e+21.enc.json,backup_1e+21.json,backup_1.json,backup_1e+21.enc.json,backup_0.json
prune	backup_12.5.json|0
prune	backup_.json|1
prune	entries.json,backup_1e+21.json|1
prune	backup_100.json,entries.json,backup_1700000000000.json,backup_1700000000000.enc.json|3
prune	backup_1e+21.json,backup_0.json,backup_1700000000001.json|3
list	backup_.enc.json,backup_1700000000001.json,backup_1e+21.json,backup_0.enc.json,backup_12.5.enc.json
prune	entries.json|0
list	backup_1700.enc.json
list	backup_1700.txt,backup_.json,backup_-1.json,backup_100.json,backup_0.json,backup_1700000000001.json
prune	backup_1700000000000.enc.json,backup_100.json,backup_1.enc.json,backup_1700000000000.json,backup_12.5.json,backup_1700000000001.json,backup_12.5.json|2
prune	backup_1e+21.json,backup_1700000000000.enc.json,backup_0.enc.json,backup_1700000000001.json,backup_-1.json,backup_-1.json|0
prune	entries.json,backup_-1.json|1
prune	backup_1700000000000.enc.json,backup_1.json,backup_1700000000001.json,backup_100.json,backup_-1.json,backup_-1.enc.json,backup_draft.json|1
prune	prefix_backup_1700.json,prefix_backup_1700.json,backup_100.json|4
prune	backup_1.enc.json,backup_100.json,backup_-1.json,backup_1700000000001.json,backup_1700000000000.json,backup_100.enc.json|2
list	backup_12.5.enc.json,backup_-1.json,backup_-1.json,config.json,backup_100.json,backup_1.json
list	backup_12.5.enc.json,backup_1700000000000.enc.json,backup_12.5.json,prefix_backup_1700.json,backup_draft.json,backup_1700.enc.json
prune	backup_1700000000001.json,prefix_backup_1700.json,backup_100.json,backup_1700.txt,backup_1700000000000.json|0
prune	backup_1.json,backup_1.enc.json,config.json,backup_1700000000001.json,backup_-1.json,backup_1e+21.json|3
prune	backup_1700000000001.json,backup_1.json,backup_12.5.json|0
prune	backup_1700000000000.enc.json,backup_1e+21.enc.json,backup_1e+21.enc.json,backup_1700.txt|0
prune	backup_12.5.json,backup_12.5.json,backup_12.5.enc.json,backup_draft.json|1
prune	backup_1e+21.enc.json,backup_1.json,prefix_backup_1700.json,backup_1.json,backup_100.json,entries.json,backup_1700000000000.enc.json|3
prune	backup_100.json,backup_1.json,config.json,backup_draft.json,backup_1700000000001.json,backup_1700000000000.json|1
prune	backup_-1.enc.json,backup_12.5.enc.json,backup_-1.json,backup_1700000000001.json|0
prune	backup_12.5.enc.json,prefix_backup_1700.json,backup_0.enc.json|2
list	backup_-1.json,backup_1700000000001.json,backup_12.5.enc.json,backup_-1.json,backup_1700000000000.enc.json
list	backup_-1.json,backup_1700,backup_-1.json,backup_100.json
list	backup_-1.json,backup_100.enc.json
list	BACKUP_1700.json,backup_-1.json,backup_-1.enc.json
list	backup_0.json,backup_100.json,backup_100.enc.json,backup_0.json
list	backup_draft.json,backup_1e+21.json
list	backup_1e+21.json,backup_1700000000001.enc.json,backup_12.5.enc.json,backup_1700.enc.json
prune	backup_1.json,backup_0.json,prefix_backup_1700.json,backup_0.enc.json|4
list	backup_-1.json,backup_100.json,backup_1700000000000.json
list	backup_100.json,backup_12.5.enc.json,backup_1700000000000.json,backup_1700000000000.enc.json,backup_0.json
prune	backup_1700.enc.json|0
prune	backup_-1.json,backup_100.json,backup_100.enc.json,backup_1.json,backup_-1.enc.json,BACKUP_1700.json|0
list	backup_draft.json,backup_1.json,backup_1700.enc.json,backup_0.json,backup_1.enc.json
prune	backup_1700.json.bak,backup_1.json|4
prune	backup_.json,backup_backup_1700.json,backup_1700000000001.json,backup_1700000000001.enc.json,backup_1700000000001.json|1
prune	backup_0.json,backup_12.5.json,backup_100.enc.json,backup_12.5.enc.json|1
list	backup_1700000000001.json,backup_1e+21.json,backup_1700000000000.enc.json
list	backup_0.json,backup_1700000000001.json,backup_backup_1700.json,backup_1700000000000.json,backup_1700000000001.enc.json
prune	backup_1700.txt,entries.json,backup_-1.json,backup_12.5.enc.json,backup_100.enc.json,backup_1700000000000.json|0
prune	backup_1e+21.enc.json,config.json,backup_backup_1700.json,backup_draft.json,backup_1700.txt|0
prune	prefix_backup_1700.json,backup_1700000000000.json,backup_100.json,backup_.json,backup_1e+21.enc.json|2
prune	backup_1700000000001.enc.json,backup_100.enc.json,prefix_backup_1700.json,backup_-1.json,backup_12.5.json,BACKUP_1700.json|4
list	backup_12.5.json,backup_1700.enc.json
list	backup_100.json,backup_.json,BACKUP_1700.json,backup_1700.txt,backup_1700.enc.json,backup_-1.json
list	backup_-1.json,backup_0.json,backup_1700000000000.json,backup_0.enc.json
list	backup_1e+21.json,backup_1.json,backup_1e+21.json,backup_100.enc.json
prune	backup_1e+21.json,prefix_backup_1700.json,backup_1.json,backup_-1.json,backup_0.enc.json|2
list	backup_100.enc.json,backup_backup_1700.json,backup_.json
list	backup_1.enc.json,backup_.json,backup_-1.json,backup_1700000000001.json,backup_12.5.enc.json,backup_.json
prune	backup_-1.json,backup_1.json,config.json,backup_12.5.json|0
list	backup_1700,backup_-1.json,backup_0.json,backup_1700000000000.enc.json
list	backup_1700000000000.enc.json,backup_12.5.json,backup_-1.json,backup_draft.json,backup_1.enc.json
list	backup_-1.enc.json,backup_-1.json,backup_0.json
prune	backup_-1.json,backup_-1.enc.json|2
prune	config.json,backup_12.5.json,backup_1.json,config.json|0
list	backup_1700000000001.json,backup_1700000000001.enc.json,backup_1.json,backup_12.5.json
prune	backup_-1.json,backup_.json,backup_0.json,backup_1700000000001.json,backup_-1.json,config.json|1
list	backup_1700.txt,backup_1700000000001.json,backup_1700000000001.json,backup_-1.enc.json,config.json,backup_1700000000000.json
prune	backup_-1.enc.json,backup_1.json|4
list	backup_1e+21.enc.json,config.json,backup_100.json,backup_-1.json
list	backup_1700000000000.json,backup_-1.json
prune	backup_-1.enc.json,backup_1700000000000.enc.json|3
prune	backup_1700000000001.enc.json,backup_12.5.json,backup_1700.enc.json|2
prune	backup_1.enc.json,backup_12.5.json,backup_1.json|1
prune	backup_1700.json.bak,backup_1700.enc.json,backup_-1.json,config.json|4
prune	backup_.json,backup_0.enc.json|0
prune	backup_0.json|1
list	backup_1.json,backup_1.json,backup_0.json,backup_100.json
prune	backup_12.5.enc.json,backup_1700000000000.enc.json,backup_1700000000000.enc.json|1
prune	backup_1700000000001.json,backup_0.json,backup_1700000000001.json,backup_1700|1
list	backup_1700000000000.json,backup_1.json,backup_1700000000001.json
prune	backup_1e+21.enc.json|4
list	backup_1.json,backup_1.json,backup_0.json,backup_1700000000001.json,config.json
prune	prefix_backup_1700.json,backup_12.5.enc.json,backup_.json,backup_1700.enc.json,backup_0.enc.json|1
prune	backup_0.enc.json,backup_1700.enc.json,backup_1700.txt,backup_1700000000000.json|1
prune	backup_1700.enc.json,config.json|3
prune	backup_1700.txt,backup_1700000000001.json,backup_1700.txt,backup_1700.txt|3
prune	backup_.json,backup_0.json,backup_1700000000001.json,backup_1700000000001.json,backup_12.5.enc.json,backup_1700000000001.json,backup_1.json|0
prune	backup_1700000000001.json,backup_backup_1700.json,BACKUP_1700.json,config.json,backup_1700000000000.json,backup_draft.json,backup_0.json|4
list	backup_100.json,backup_1700000000000.enc.json,backup_12.5.json,backup_1.enc.json,backup_1e+21.enc.json
list	backup_1700000000000.json,backup_1e+21.json,backup_1700000000001.json,backup_1700000000001.enc.json,backup_-1.json
list	backup_.json,BACKUP_1700.json,backup_0.json,backup_0.json,backup_1e+21.json
prune	backup_100.json,backup_0.json,backup_1700000000001.json,backup_1e+21.json,BACKUP_1700.json,backup_12.5.enc.json|0
prune	backup_0.enc.json,backup_0.enc.json|4
list	backup_1700000000000.json,backup_1.json,backup_12.5.json,backup_1700000000001.enc.json,backup_0.enc.json,backup_0.json
prune	backup_1700000000000.json,backup_-1.enc.json,backup_1700.enc.json,backup_-1.json|3
prune	backup_12.5.enc.json,backup_1700000000000.json,backup_1.json,backup_1700|4
list	BACKUP_1700.json,BACKUP_1700.json
list	backup_.enc.json,backup_100.json
list	backup_1.json,backup_1700000000000.enc.json,backup_1700000000001.enc.json
prune	backup_0.json,backup_12.5.enc.json,backup_1700000000001.json,backup_100.enc.json|0
prune	backup_100.json,backup_1700,backup_1e+21.enc.json,backup_-1.enc.json,backup_-1.json,backup_12.5.json|4
list	backup_-1.json,backup_1700000000000.enc.json,backup_1.json,backup_1.json,backup_1700.enc.json
list	backup_12.5.json,backup_draft.json
prune	backup_draft.json,backup_12.5.json,backup_backup_1700.json,backup_-1.enc.json,backup_100.json,backup_1700000000001.enc.json,backup_draft.json|3
prune	backup_1700.txt,backup_1700|0
prune	backup_100.enc.json,backup_12.5.enc.json,backup_1700000000000.enc.json,backup_12.5.enc.json,prefix_backup_1700.json|0
list	backup_1e+21.enc.json,backup_-1.enc.json
prune	backup_0.json,backup_-1.json,backup_1.json,backup_-1.enc.json,backup_1700.txt|4
prune	backup_12.5.enc.json,backup_100.json,config.json,backup_0.json,backup_12.5.json|3
prune	backup_draft.json,config.json,backup_1.json,backup_12.5.enc.json,backup_1700.txt,backup_1700000000000.json,backup_0.json|3
prune	backup_1.enc.json,backup_1700.txt,backup_0.json,backup_0.json|3
list	backup_1700.txt,backup_.enc.json
prune	backup_1e+21.json,backup_12.5.json|1
prune	backup_100.json,backup_.json,backup_backup_1700.json,backup_1.json,backup_1700000000000.enc.json,backup_12.5.enc.json,backup_12.5.enc.json|1
prune	backup_1700.txt,backup_0.json,backup_1e+21.json,backup_1700000000001.json,backup_-1.json,backup_12.5.enc.json,backup_-1.json|1
prune	backup_1.json,backup_.enc.json|1
list	backup_100.json,prefix_backup_1700.json,backup_-1.json,backup_1700.txt
list	backup_1.json,backup_1700.txt,backup_100.json,backup_1.json,backup_100.json,backup_1e+21.json
list	backup_1700.enc.json,backup_1700000000001.json,backup_1e+21.enc.json,backup_1700000000001.enc.json
list	backup_1e+21.enc.json,backup_1.json,backup_100.json
list	backup_1700.txt,backup_1700.json.bak
list	BACKUP_1700.json,backup_12.5.json,backup_1700000000001.enc.json,backup_backup_1700.json,backup_0.enc.json,entries.json
prune	backup_12.5.enc.json,prefix_backup_1700.json|2
list	backup_1700000000000.json,backup_100.json,config.json,backup_100.json,backup_1700000000000.json
prune	backup_100.json,entries.json,backup_backup_1700.json,backup_1.json,backup_1700.json.bak,backup_1.enc.json,backup_1e+21.json|3
list	backup_12.5.json,backup_1700000000000.json
list	backup_draft.json,backup_1700.json.bak,backup_1700000000000.enc.json
prune	backup_backup_1700.json,backup_1700000000000.json,backup_-1.json,backup_backup_1700.json,backup_12.5.json,backup_-1.json,backup_-1.json|3
list	backup_100.json,backup_12.5.enc.json,backup_-1.enc.json,backup_draft.json,backup_0.json
prune	backup_1.enc.json,backup_1.json,backup_-1.json|1
prune	backup_1700000000001.json,backup_-1.json,backup_0.json,backup_-1.json,entries.json,backup_1700.txt,backup_.enc.json|0
list	backup_1e+21.json,backup_12.5.json,backup_-1.json,config.json,backup_1700000000000.enc.json,backup_12.5.json
prune	backup_.enc.json,backup_-1.json,backup_0.json,backup_1e+21.json,backup_0.json,backup_12.5.enc.json|0
prune	prefix_backup_1700.json,backup_0.json,backup_12.5.enc.json|3
list	backup_12.5.json,backup_1700.txt,backup_0.enc.json,backup_1700000000000.json,backup_.json,backup_1e+21.enc.json
prune	backup_.enc.json,backup_1700000000001.json,backup_1e+21.json,backup_1.enc.json,backup_.enc.json,prefix_backup_1700.json,backup_-1.json|0
prune	backup_1700.enc.json,backup_1.json,backup_100.enc.json,backup_-1.json|1
list	backup_1e+21.json,backup_-1.json
list	backup_1700.txt,backup_12.5.json
list	entries.json,backup_.json
prune	backup_12.5.enc.json,backup_1700000000001.json,backup_1.json,backup_1e+21.json,backup_1700,backup_0.json,backup_1700000000000.enc.json|1
prune	backup_1700.txt,prefix_backup_1700.json,backup_0.enc.json,backup_0.json,backup_1700000000001.enc.json|4
prune	backup_-1.json,backup_0.json,backup_1.enc.json,backup_1700000000001.json,backup_.json,backup_backup_1700.json,backup_1.enc.json|1
list	backup_1700.enc.json,entries.json,backup_backup_1700.json,backup_-1.json
list	backup_1e+21.enc.json,backup_1700000000000.json,backup_-1.enc.json,backup_1700000000001.enc.json
list	entries.json,backup_0.enc.json,backup_12.5.json,backup_0.json
prune	backup_backup_1700.json,backup_1700000000001.json,backup_.json,backup_0.json,backup_1700000000000.json,backup_100.json,backup_12.5.json|2
prune	backup_1700,backup_0.json,BACKUP_1700.json,config.json|2
list	backup_1e+21.enc.json
list	backup_1700000000000.json,backup_.enc.json,backup_1e+21.enc.json,backup_100.json,backup_-1.json
list	entries.json,entries.json,backup_1700000000001.json
prune	backup_100.json,backup_1.json|0
prune	backup_1700000000000.json|3
list	backup_-1.json,backup_1700000000000.json,backup_1.enc.json,backup_1e+21.json
prune	backup_1700000000000.json|2
list	BACKUP_1700.json,backup_12.5.json,backup_1700.json.bak,backup_1700000000001.json,backup_-1.enc.json,backup_12.5.json
prune	entries.json,backup_0.json|2
prune	backup_backup_1700.json,backup_1700000000001.json,BACKUP_1700.json,backup_0.json|4
list	backup_1700000000000.enc.json,backup_1700000000001.json,backup_1700.json.bak
prune	entries.json,backup_.enc.json,backup_1700.enc.json|0
prune	backup_100.json,backup_12.5.json,backup_0.json,backup_0.json,backup_1e+21.json,backup_1700000000000.json|0
list	backup_backup_1700.json,backup_-1.json,backup_0.json,backup_1700000000000.json,entries.json,backup_1700000000001.json
prune	backup_draft.json,backup_1.enc.json,backup_0.enc.json,BACKUP_1700.json,backup_.enc.json|1
prune	backup_1.json,backup_1700000000000.json,backup_100.json,backup_0.json,entries.json|4
prune	backup_1e+21.json,backup_0.json,backup_.enc.json,backup_1700,backup_100.json,backup_12.5.json|1
list	BACKUP_1700.json,backup_-1.json,backup_1.json,backup_-1.json,backup_0.json,backup_backup_1700.json
prune	backup_1700000000000.enc.json,backup_1700000000001.enc.json,backup_1.json,backup_.json,backup_1.enc.json,backup_-1.json,backup_.json|1
prune	backup_1e+21.json,backup_0.json,backup_1700.json.bak,backup_-1.enc.json|0
list	backup_-1.enc.json,backup_1e+21.json,backup_1700000000001.json
list	backup_12.5.json,backup_0.json,prefix_backup_1700.json,backup_1700000000001.json
list	backup_0.json,backup_-1.enc.json,backup_1e+21.json
list	backup_1.json,backup_12.5.json
prune	backup_1.json,backup_1700000000000.json,backup_-1.json,backup_-1.json,backup_-1.json,backup_100.json|3
list	backup_100.json,backup_1700000000000.json,backup_12.5.json,BACKUP_1700.json,backup_draft.json,backup_.enc.json
list	backup_1700000000001.enc.json,backup_1e+21.enc.json,backup_0.json,backup_1.json
prune	backup_12.5.json,backup_12.5.enc.json,backup_1700.txt,backup_1700000000001.json,backup_draft.json,backup_0.json|2
prune	backup_1700000000000.json,backup_.json,backup_12.5.json,backup_100.enc.json|0
list	backup_0.enc.json,backup_1700000000000.json,backup_0.enc.json
list	backup_.json,backup_-1.json,BACKUP_1700.json
list	backup_0.json,backup_1.json,backup_1.json,backup_0.enc.json,backup_-1.enc.json
prune	backup_1700000000001.json,backup_1.enc.json,backup_1700000000000.json,config.json|2
list	backup_-1.json,backup_1700000000001.json,backup_1e+21.json
prune	BACKUP_1700.json,prefix_backup_1700.json,backup_12.5.json,backup_1e+21.json,backup_12.5.enc.json,backup_1e+21.json|2
list	backup_backup_1700.json,backup_12.5.json
prune	backup_1700000000001.enc.json,BACKUP_1700.json,backup_12.5.json,backup_1700000000000.json|3
list	backup_1700000000000.enc.json,backup_1700000000001.json,backup_draft.json,prefix_backup_1700.json,backup_12.5.enc.json,backup_.json
list	backup_1700000000001.json,backup_1700,backup_100.json,config.json,backup_12.5.json
prune	entries.json,backup_-1.enc.json,backup_12.5.json,backup_12.5.enc.json,backup_-1.enc.json,backup_1.json|0
prune	backup_draft.json,backup_1700.json.bak,config.json,backup_1700.enc.json,backup_1e+21.json,backup_1e+21.json,backup_12.5.json|4
list	backup_1700000000001.json,backup_1700000000001.json,backup_0.json,backup_1e+21.json
list	backup_-1.json,backup_100.enc.json,backup_100.enc.json,backup_draft.json,backup_1700
list	backup_1e+21.enc.json,backup_.enc.json,backup_1700000000001.json
list	backup_0.json,backup_1700000000000.json
prune	backup_.enc.json,entries.json|4
prune	backup_0.json,backup_0.json,backup_0.json,backup_1e+21.json|3
prune	backup_1700000000001.enc.json,backup_100.json,backup_1700000000001.json|0
prune	backup_1700.txt,backup_1.enc.json|1
prune	backup_.enc.json,config.json,backup_12.5.json,backup_12.5.json,backup_0.enc.json|1
list	backup_0.enc.json,prefix_backup_1700.json
list	backup_1700,backup_1700.txt,prefix_backup_1700.json
list	backup_1700000000000.json,backup_1.json
prune	backup_1700.txt,backup_-1.json,backup_0.json,backup_1700000000000.enc.json|1
list	backup_-1.json,backup_1700000000001.json,backup_-1.json,backup_0.json,backup_1700000000001.json,config.json
list	backup_1e+21.json,backup_1700000000001.json
list	backup_1700,backup_1.json,backup_.json,backup_1700.json.bak,backup_.enc.json,backup_1e+21.json
list	backup_1700000000001.json,backup_1e+21.json
list	backup_1700000000001.enc.json,backup_100.enc.json,backup_1700000000000.json,backup_-1.json,backup_1700000000001.enc.json
prune	backup_12.5.enc.json|2
prune	backup_12.5.json,backup_-1.json,backup_1e+21.json,backup_100.enc.json|2
prune	backup_1e+21.json,backup_100.json,backup_1700000000001.json,entries.json|2
prune	backup_1700000000000.json,backup_-1.enc.json|4
prune	backup_1700000000000.json,backup_1700000000001.json,backup_1700000000001.enc.json,backup_1.json|3
prune	backup_12.5.enc.json,backup_1.json,backup_1.json|0
list	entries.json,backup_backup_1700.json
prune	backup_1700,backup_100.json,backup_1e+21.enc.json,backup_-1.json|2
prune	backup_1.json,backup_0.enc.json,backup_1.enc.json,backup_.json,backup_1700000000000.enc.json,backup_100.json,backup_1e+21.json|1
prune	BACKUP_1700.json,backup_1.json,backup_draft.json,backup_1700000000000.json|0
list	backup_12.5.json,backup_1700000000001.enc.json,backup_1700.txt,backup_0.json,backup_0.json
prune	backup_1700000000001.json,backup_-1.json,backup_1700000000001.enc.json,backup_1700,backup_-1.json|2
prune	backup_1700000000000.enc.json,backup_1700.json.bak,backup_1.json,prefix_backup_1700.json,backup_1700000000001.json,backup_draft.json|2
list	backup_1700000000001.json,backup_-1.json
list	backup_100.enc.json,backup_1700000000000.enc.json,backup_draft.json,backup_1.json,backup_1700.json.bak,backup_100.json
prune	config.json,backup_1700.json.bak,backup_100.json,backup_-1.json,config.json,backup_100.enc.json,backup_0.enc.json|0
list	backup_1e+21.json,backup_0.json,backup_-1.json
prune	backup_.enc.json,backup_1e+21.json,backup_1e+21.enc.json,backup_100.json,backup_.enc.json,backup_backup_1700.json,backup_1.enc.json|2
list	backup_0.json,backup_0.json,backup_12.5.json
prune	backup_1.enc.json,config.json,backup_1700000000001.enc.json,backup_1700000000001.enc.json,backup_-1.json,backup_1700000000000.json,backup_100.json|0
list	backup_12.5.enc.json,backup_1e+21.json,backup_1700000000001.enc.json,backup_-1.json,backup_0.json
list	backup_1700000000000.json,backup_0.json,backup_0.enc.json,backup_1700000000000.json
prune	backup_1700.json.bak,backup_1700000000001.enc.json,backup_backup_1700.json|0
list	backup_-1.json,backup_1700.json.bak,backup_12.5.json
list	backup_draft.json,backup_1.json,backup_12.5.json,backup_-1.json,backup_1.enc.json
prune	backup_.enc.json,backup_0.json,backup_100.json,backup_1e+21.json,backup_12.5.json,backup_1700.txt|3
list	backup_0.json,backup_0.json,config.json
list	backup_0.json,backup_12.5.json,backup_1e+21.json,backup_100.json
prune	backup_backup_1700.json,backup_12.5.json,backup_100.enc.json,backup_-1.json,backup_1700000000001.json,backup_-1.json,backup_100.json|1
prune	backup_1.enc.json,backup_1700000000000.json,backup_-1.json,prefix_backup_1700.json|0
list	backup_1.enc.json,backup_-1.json,backup_1e+21.json,backup_12.5.enc.json,backup_1700000000001.json
prune	backup_100.json,backup_1700000000001.json,backup_100.enc.json,backup_1e+21.json,backup_1.json,backup_-1.json,prefix_backup_1700.json|4
prune	backup_1e+21.enc.json,backup_-1.json,backup_1700.enc.json,entries.json,backup_0.json|3
prune	backup_1700000000000.json,backup_0.json,entries.json,backup_1.json|1
list	backup_1700.txt,backup_1e+21.json,backup_1e+21.enc.json,backup_draft.json,BACKUP_1700.json
prune	backup_100.json,backup_1.json,backup_1e+21.json,backup_0.json,backup_backup_1700.json,backup_1e+21.json|1
list	backup_1700000000001.enc.json,backup_1e+21.enc.json,backup_1700000000001.enc.json
prune	backup_1700000000001.json,backup_12.5.enc.json,backup_1700,backup_1.enc.json,backup_1700000000001.enc.json,backup_12.5.json|4
list	backup_12.5.json,backup_1700000000001.json,backup_12.5.json,backup_0.json,backup_1700000000001.json,backup_0.enc.json
prune	backup_1700000000000.enc.json|4
list	backup_-1.json,backup_1700000000000.json,backup_1700000000000.enc.json,backup_-1.json,backup_12.5.json,backup_12.5.enc.json
list	backup_100.json,backup_backup_1700.json,backup_100.json,backup_.enc.json
prune	backup_1.json,backup_12.5.enc.json,backup_backup_1700.json,backup_1.enc.json|4
list	backup_1.json,backup_1700000000001.json,backup_draft.json,backup_-1.json
list	backup_1700000000000.enc.json,backup_-1.json,backup_1.json,backup_1e+21.enc.json,backup_-1.json
prune	backup_100.enc.json|4
prune	backup_1.enc.json,backup_1700000000001.json,backup_1.json|2
prune	backup_1e+21.enc.json,backup_1.enc.json,backup_1e+21.json,backup_12.5.enc.json|1
list	backup_100.json,backup_1700000000001.json,backup_-1.json,backup_1700.json.bak
prune	backup_1700000000000.json,backup_backup_1700.json|2
prune	backup_100.enc.json,backup_1700000000001.enc.json,backup_100.json,backup_0.enc.json,backup_.enc.json,backup_1.json,backup_12.5.json|1
prune	backup_-1.enc.json|4
list	backup_1700000000000.json,backup_1.json,backup_draft.json,backup_backup_1700.json,backup_12.5.enc.json,backup_1700000000001.enc.json
list	BACKUP_1700.json,config.json,backup_0.json,prefix_backup_1700.json
prune	backup_1700000000000.json,backup_1700000000001.json,backup_1700000000001.json,backup_1700,backup_1e+21.enc.json,backup_100.enc.json|3
prune	backup_100.json,backup_1700.txt,backup_0.json,backup_100.enc.json,backup_100.enc.json,backup_.enc.json|2
prune	backup_0.json,backup_1700.enc.json|2
list	backup_1700000000001.enc.json,prefix_backup_1700.json,backup_1700.enc.json,backup_100.enc.json,backup_0.json,backup_1700
list	backup_0.json,backup_0.json,backup_100.json
prune	config.json,backup_12.5.json|1
list	backup_1.json,backup_1.enc.json,backup_1.json,backup_.enc.json,backup_1.json
list	backup_1.json,backup_12.5.enc.json
prune	backup_12.5.enc.json,backup_1700.enc.json,backup_100.json|2
prune	backup_100.json,backup_1700000000000.enc.json,backup_1700000000001.json,config.json,backup_1700000000001.json|1
prune	backup_1.enc.json,backup_1.enc.json,backup_1700000000000.json,backup_1700.enc.json,backup_-1.json|4
prune	backup_1700000000000.enc.json,backup_0.json,backup_1700,backup_12.5.json|0
prune	backup_1700.txt,backup_1700000000001.enc.json|3
list	backup_1700000000000.enc.json,backup_1700000000001.json,backup_0.json
list	backup_1e+21.json,backup_backup_1700.json,backup_12.5.json,backup_1.enc.json
list	backup_0.json,backup_1700000000001.json,backup_-1.json,backup_100.json,backup_1.json,backup_1700
list	entries.json,backup_12.5.json,backup_backup_1700.json,backup_100.enc.json,backup_1700000000000.json
prune	backup_1700000000000.enc.json,backup_0.json,backup_1700000000001.enc.json|1
prune	backup_1700.json.bak,backup_100.json,backup_-1.json,backup_1700.txt,entries.json,backup_0.enc.json,backup_0.enc.json|2
list	backup_1.json,backup_12.5.json,backup_1.json,config.json,BACKUP_1700.json
prune	backup_1700000000001.json,backup_1700000000000.json,backup_-1.json|3
list	backup_1700000000001.enc.json,backup_-1.json,backup_1e+21.json,backup_1700000000000.json
prune	backup_1e+21.json,backup_1.json,backup_12.5.enc.json,backup_-1.enc.json|1
prune	backup_1e+21.json,backup_draft.json,backup_1700000000000.json,entries.json,backup_12.5.json,backup_1700,backup_100.json|2
prune	BACKUP_1700.json,backup_1700.json.bak,backup_draft.json,backup_1.json|3
list	backup_draft.json,backup_1.json,backup_1700000000001.json,backup_100.enc.json,backup_0.json
prune	backup_1700000000001.json,backup_1700000000001.json,backup_-1.enc.json|0
prune	prefix_backup_1700.json,backup_1700000000000.enc.json,backup_1700000000001.json,backup_12.5.json,backup_12.5.json,backup_0.json|3
list	backup_100.enc.json,backup_1700000000001.json
prune	backup_1700000000001.json,entries.json,backup_0.enc.json,backup_1700.txt,prefix_backup_1700.json,backup_100.json|2
list	entries.json,backup_-1.enc.json
prune	backup_.json,backup_1e+21.json,backup_-1.enc.json,entries.json,backup_12.5.enc.json,backup_-1.json|0
list	backup_0.enc.json,backup_100.json,backup_1700000000000.json,backup_backup_1700.json,backup_12.5.json
prune	backup_1.enc.json,backup_1700.txt,backup_draft.json,backup_1.json,backup_.json|3
prune	backup_0.enc.json|3
prune	backup_draft.json,backup_1e+21.json,backup_1700,backup_1e+21.enc.json,backup_12.5.json,backup_0.json|3
prune	backup_1700000000001.enc.json,backup_100.json,backup_1700000000001.json|4
list	BACKUP_1700.json,backup_-1.enc.json
prune	backup_1700,backup_1e+21.enc.json,config.json,backup_.enc.json|0
list	backup_-1.json,backup_12.5.json,backup_100.json,backup_0.json
prune	backup_-1.json,backup_12.5.json|0
list	backup_100.json,backup_1700000000000.enc.json
list	backup_12.5.json,backup_12.5.json,config.json,config.json
list	backup_1700.txt,backup_1700000000000.json,backup_1700000000000.json,backup_.json
prune	backup_100.enc.json,backup_.json,backup_1700000000000.json,backup_1700000000001.json,backup_1700000000000.json,backup_backup_1700.json,backup_-1.json|4
prune	backup_1.enc.json,backup_1.json,backup_1700000000000.json,backup_1700.txt,backup_draft.json,backup_0.enc.json|0
list	backup_12.5.json,backup_1.json,backup_1.json,backup_100.json
list	backup_1.json,backup_1e+21.enc.json,backup_1700000000001.json
list	backup_.enc.json,backup_-1.enc.json,backup_1700000000000.json,backup_1700000000001.json,backup_.enc.json,backup_12.5.enc.json
prune	backup_1700000000001.enc.json|1
prune	backup_.json,config.json,backup_100.json,backup_1700000000001.enc.json,prefix_backup_1700.json,backup_draft.json,backup_1.json|4
list	backup_12.5.json,backup_-1.json,entries.json,backup_1700,backup_-1.json
prune	backup_1e+21.json,backup_1.json,backup_1.json,backup_.json,backup_12.5.enc.json,backup_100.json,backup_0.json|0
list	backup_1.json,backup_0.json,backup_1.json,backup_1700000000001.enc.json,backup_1700000000000.json,backup_-1.json
prune	backup_-1.json,backup_-1.json,backup_1700000000001.json,backup_12.5.enc.json,backup_0.enc.json,backup_1e+21.json,backup_1700|3
list	backup_100.enc.json,backup_100.json,backup_1.json,entries.json,backup_1700000000000.json
list	backup_backup_1700.json,backup_1700000000000.json
prune	backup_-1.json,config.json,backup_-1.json|4
prune	backup_1700000000001.enc.json|0
list	backup_1e+21.enc.json,backup_0.json
prune	backup_12.5.json,backup_1e+21.json|0
prune	backup_1e+21.enc.json,backup_1700000000001.json,backup_1.enc.json,backup_1e+21.json,backup_1700000000001.enc.json|4
prune	backup_1700000000000.enc.json,backup_100.enc.json,backup_-1.json,backup_100.json|0
list	backup_1700.json.bak,backup_-1.json,backup_100.json
list	backup_0.json,backup_1700.json.bak,backup_0.json
list	backup_1700000000001.json,backup_100.json,backup_1e+21.json,backup_1e+21.enc.json
prune	backup_1.json,backup_draft.json|4
list	backup_1e+21.json,backup_1700000000000.json,backup_1700000000000.json,backup_-1.enc.json,backup_1700000000000.json
list	backup_12.5.json,backup_-1.json,backup_1e+21.enc.json,backup_0.json,backup_1e+21.json
list	backup_.json,backup_1700000000001.enc.json,backup_1700000000001.json,backup_-1.json,backup_1700000000001.enc.json
list	backup_1.json,backup_-1.enc.json,backup_0.json,backup_-1.json
list	backup_12.5.json,backup_100.enc.json,backup_1e+21.json,backup_.json,backup_.enc.json,backup_0.enc.json
list	backup_0.json,backup_1e+21.json,entries.json
prune	backup_1.json,backup_1700000000001.json,backup_100.json|0
prune	backup_12.5.json,backup_100.json|2
list	backup_0.json,backup_-1.json,backup_1.json,backup_1700000000001.enc.json,config.json,backup_draft.json
prune	backup_-1.json,backup_-1.json,backup_1700000000001.json,backup_1.json,backup_1700000000000.enc.json|4
list	backup_-1.json,backup_1700.txt
prune	backup_100.enc.json,backup_-1.enc.json,backup_0.json|2
prune	backup_draft.json,config.json|0
list	backup_1e+21.json,backup_1700.json.bak,backup_100.enc.json,entries.json,prefix_backup_1700.json
list	backup_100.json,backup_1700.enc.json,backup_.enc.json
list	backup_100.json,backup_.enc.json
list	backup_1e+21.json,backup_-1.enc.json,backup_1.json,backup_1700000000001.json,backup_100.enc.json
list	backup_0.enc.json,backup_1e+21.enc.json
list	backup_1e+21.json,backup_1700000000001.json,backup_1e+21.enc.json
prune	backup_12.5.enc.json,backup_12.5.json,backup_1700000000000.json,backup_1700000000001.enc.json,backup_12.5.enc.json,backup_-1.json|0
prune	backup_1.json,backup_1700000000000.enc.json|4
prune	backup_0.json,backup_0.json,backup_1700000000001.json,entries.json,backup_12.5.json|4
list	backup_0.json,backup_1700000000000.json,backup_12.5.json,backup_-1.enc.json,backup_-1.json
prune	backup_12.5.json,backup_-1.enc.json,backup_1700000000001.enc.json,backup_100.enc.json,backup_12.5.enc.json,backup_0.json|1
list	backup_1e+21.json,backup_.enc.json
list	backup_1700,backup_1e+21.enc.json,backup_0.json,backup_0.json
list	backup_1.enc.json,backup_100.enc.json,config.json,backup_1700000000001.enc.json,backup_-1.json
list	backup_1.json,backup_0.json,backup_12.5.json
prune	backup_-1.enc.json,backup_1.json,prefix_backup_1700.json,backup_1700.enc.json,backup_draft.json,backup_1e+21.json,prefix_backup_1700.json|3
prune	backup_1700,backup_draft.json|2
prune	backup_1700.enc.json|2
prune	backup_12.5.json,backup_1.json|3
prune	backup_1700000000000.json|1
prune	backup_1e+21.enc.json,backup_1e+21.json,backup_1e+21.enc.json,entries.json,backup_1700000000001.enc.json,prefix_backup_1700.json,backup_1700000000001.enc.json|4
list	backup_12.5.enc.json,backup_1e+21.json,backup_1700000000001.enc.json,backup_12.5.enc.json
prune	backup_1700000000000.json,backup_.enc.json,backup_100.json,backup_backup_1700.json|1
list	backup_.enc.json
list	backup_12.5.json,backup_1700000000001.json
prune	backup_12.5.json,backup_1e+21.json|1
prune	backup_1.enc.json,backup_1700000000000.enc.json,entries.json|2
list	backup_1700.enc.json,backup_.json
prune	backup_0.enc.json,backup_1700000000001.json,backup_1700000000000.json,backup_1e+21.json,backup_1700000000000.json,backup_-1.json|1
prune	backup_1700.txt,backup_1700000000000.json|0
prune	backup_0.json,backup_100.enc.json,entries.json|0
prune	backup_.json,backup_backup_1700.json,backup_-1.json,backup_1e+21.json,backup_1700000000001.enc.json|3
prune	backup_-1.enc.json,backup_draft.json,backup_1700000000001.json,backup_12.5.json,backup_1700000000000.enc.json,backup_12.5.enc.json,backup_100.json|4
prune	backup_0.json,backup_1.json,backup_.json,backup_0.enc.json,backup_1700|1
list	backup_100.enc.json,backup_100.json,backup_100.json,backup_100.json,backup_0.enc.json,backup_-1.json
prune	backup_0.enc.json,backup_1.enc.json,backup_1700.enc.json,backup_-1.json,backup_1700.json.bak|4
list	backup_1700000000000.enc.json,backup_-1.enc.json,backup_1.json,backup_1700.enc.json
list	entries.json,backup_1e+21.enc.json,backup_-1.enc.json
prune	backup_100.json,backup_backup_1700.json,backup_12.5.enc.json|3
prune	backup_.json,entries.json,backup_1e+21.json,backup_1700.enc.json|2
list	backup_1700000000001.enc.json,backup_1e+21.json,backup_1700000000000.json
prune	backup_1700000000001.json,backup_-1.json,backup_-1.json,backup_1e+21.json,backup_12.5.enc.json,entries.json,backup_12.5.enc.json|0
prune	backup_100.json,backup_.json,backup_0.json,prefix_backup_1700.json,backup_1.json,backup_1700000000000.enc.json,backup_12.5.enc.json|1
prune	backup_100.json,backup_1700000000000.enc.json,backup_12.5.enc.json,backup_100.json,backup_1700.json.bak,backup_1700000000001.json|1
prune	backup_1700000000000.json,config.json,backup_1700.json.bak,backup_-1.json,backup_-1.json,backup_1.json,backup_0.json|2
prune	backup_12.5.json,backup_1e+21.json,backup_100.json|0
list	prefix_backup_1700.json,backup_1.json,backup_1e+21.enc.json,BACKUP_1700.json,backup_1.json,backup_1e+21.json
list	backup_1700000000000.json,backup_1e+21.json,backup_1700000000001.json,backup_1.enc.json,backup_0.json,backup_1e+21.json
prune	backup_0.json,backup_-1.enc.json,backup_1e+21.json,backup_0.enc.json,backup_1700000000001.json,backup_0.json|3
list	backup_1700.txt,backup_1e+21.json
list	backup_1700000000000.json,backup_1700,backup_1700000000000.json
prune	backup_1700000000000.json,backup_12.5.enc.json,backup_1.json,backup_0.json,backup_0.enc.json,backup_.json,backup_12.5.json|2
list	backup_1700.txt,backup_100.json
list	backup_100.json,backup_-1.enc.json,config.json
list	backup_1700000000000.json,backup_1e+21.json,backup_1700,backup_-1.json,backup_1e+21.json
list	backup_0.enc.json,backup_1e+21.json,prefix_backup_1700.json,backup_1.json
list	backup_1e+21.enc.json,backup_1700.json.bak,backup_draft.json,backup_-1.json,backup_100.json,backup_100.json
list	backup_0.enc.json,backup_.json,backup_1700,backup_1e+21.enc.json
prune	backup_-1.json,backup_1700.enc.json,backup_1700000000001.enc.json,backup_-1.json,backup_1700000000001.json|2
prune	backup_1.json,backup_draft.json|3
list	backup_.enc.json,backup_1.json
prune	backup_1.enc.json,backup_1.json,backup_100.enc.json,backup_100.enc.json,backup_100.json,backup_100.enc.json,backup_1.enc.json|1
prune	backup_backup_1700.json,config.json,backup_backup_1700.json,backup_1700.enc.json,backup_-1.json,backup_0.json,backup_12.5.json|3
prune	backup_100.enc.json,backup_100.json,backup_-1.json,backup_1.json|3
list	backup_1700000000000.json,backup_100.enc.json
list	backup_1.json,backup_-1.enc.json,backup_draft.json,backup_1700000000001.json,backup_-1.json
list	backup_100.json,backup_1700.txt,backup_100.json,backup_12.5.json,backup_1e+21.json
prune	backup_1700000000001.json,backup_1e+21.json,backup_1.json,backup_backup_1700.json,backup_1700000000001.json,backup_1.json|0
prune	backup_1700,backup_12.5.json,backup_-1.enc.json,backup_1.json,backup_-1.enc.json,backup_12.5.json,backup_-1.json|4
prune	backup_draft.json,backup_1e+21.json|1
list	config.json,backup_0.json,backup_1e+21.enc.json,backup_1700000000001.json
prune	backup_12.5.json,backup_1e+21.enc.json,backup_1.json,backup_12.5.enc.json,backup_draft.json,backup_100.enc.json|1
list	backup_12.5.json,backup_100.enc.json,backup_0.json,prefix_backup_1700.json
prune	backup_1700.json.bak,backup_1e+21.json,backup_-1.enc.json|2
prune	backup_0.json,backup_100.enc.json|2
prune	prefix_backup_1700.json,backup_12.5.json,backup_0.json|3
list	backup_0.json,backup_1.enc.json,backup_-1.json,backup_0.json
list	entries.json,backup_0.json,backup_12.5.json,backup_1700000000000.json,config.json,backup_0.enc.json
prune	backup_-1.enc.json,backup_1700000000001.json,backup_-1.json,backup_0.json,backup_1700000000001.json|0
prune	backup_100.json,backup_1700000000001.json,backup_1700.txt|4
prune	backup_12.5.json,backup_100.json,backup_1.json,backup_1700000000000.json,backup_1700000000000.json,backup_-1.enc.json,backup_-1.json|4
prune	backup_1700000000000.json,backup_0.json,backup_100.json|0
list	backup_1700000000000.json,backup_-1.enc.json,backup_1700000000001.json,backup_0.enc.json
list	backup_0.json,backup_1700000000001.json,backup_100.json
prune	backup_1e+21.json,backup_.json,backup_1e+21.json,backup_1700000000000.json,backup_1e+21.json,backup_12.5.json|1
prune	backup_0.json,backup_backup_1700.json,backup_0.json,backup_100.json|3
list	backup_draft.json,backup_1.json,backup_1700.enc.json,backup_1.json,backup_12.5.json
list	BACKUP_1700.json,backup_100.json,backup_12.5.json,backup_.json
prune	backup_1700000000001.enc.json,backup_1.json,BACKUP_1700.json,backup_1700000000000.enc.json,backup_1700000000000.json|3
prune	backup_100.json,backup_1700000000000.enc.json|4
prune	backup_0.json,backup_1e+21.enc.json|3
prune	backup_1700000000000.json,backup_1700000000000.json,backup_0.json|2
list	backup_1e+21.json,backup_12.5.json,prefix_backup_1700.json,BACKUP_1700.json,prefix_backup_1700.json,backup_1e+21.json
prune	backup_1700000000001.json,backup_100.enc.json,backup_1e+21.enc.json|4
list	backup_12.5.json,backup_1e+21.enc.json
prune	backup_0.json,backup_100.json,backup_100.json,backup_-1.json,backup_1.json,backup_0.json,backup_1700.json.bak|0
list	backup_1700.enc.json,backup_12.5.enc.json,backup_1700000000000.enc.json,backup_0.json,backup_1.json
list	backup_1700,backup_100.enc.json,backup_100.json
prune	backup_0.enc.json,backup_1700000000001.enc.json,entries.json|2
prune	config.json,backup_-1.json,backup_100.json,backup_0.json,backup_1700000000000.enc.json,backup_1.enc.json|4
list	backup_-1.enc.json,backup_1700000000000.enc.json,backup_100.json,backup_1e+21.enc.json,backup_12.5.enc.json
list	backup_0.enc.json,backup_1e+21.json,backup_1700.txt,prefix_backup_1700.json,backup_12.5.enc.json,backup_100.enc.json
prune	backup_-1.json,backup_12.5.json,backup_1700000000001.enc.json,backup_-1.enc.json,backup_1.json|4
prune	backup_-1.json,backup_-1.json,backup_1700.enc.json,backup_1.json,backup_1700000000001.enc.json|0
list	backup_0.json,backup_1e+21.json,backup_1700000000000.json,backup_0.json
list	backup_100.json,backup_1e+21.enc.json
prune	backup_1700000000000.json,backup_1e+21.json,backup_100.enc.json,backup_1700000000001.json,backup_1700000000001.json,backup_1700000000001.enc.json|4
prune	backup_12.5.enc.json,backup_100.json|1
list	backup_0.json,backup_-1.json
list	backup_0.json,backup_100.json,backup_1700000000001.json,backup_12.5.json,backup_1e+21.enc.json,backup_-1.enc.json
list	entries.json,backup_.enc.json,config.json
prune	backup_1e+21.json,backup_1700,backup_1700,backup_-1.json|3
list	backup_1700,backup_1.json,backup_1e+21.enc.json,entries.json,backup_100.json
list	backup_12.5.enc.json,backup_1700.json.bak,backup_1700000000000.json,backup_1700000000001.json,backup_backup_1700.json
prune	backup_1700.enc.json,backup_1e+21.enc.json,backup_0.enc.json,backup_12.5.json,backup_0.json|2
list	backup_1700000000000.enc.json,backup_12.5.json,backup_1.json,backup_-1.json,backup_-1.json,backup_0.json
prune	backup_-1.json,backup_1700000000000.enc.json,backup_1e+21.json,backup_1e+21.json|0
list	backup_1e+21.json,backup_-1.enc.json,backup_12.5.enc.json,backup_100.enc.json
prune	backup_100.json,backup_-1.json,backup_1700000000001.json,backup_1.enc.json,backup_12.5.json,backup_1.json|0
prune	backup_1700000000001.json,backup_0.json,backup_1700000000000.enc.json,backup_1700.json.bak|3
list	backup_-1.json,backup_0.json,backup_100.enc.json,backup_1700000000001.json
prune	backup_-1.enc.json,backup_-1.enc.json,backup_-1.json,backup_draft.json|3
list	backup_1700000000000.enc.json,backup_0.json,backup_1700000000000.json,backup_1700000000000.json
prune	backup_100.json,backup_100.enc.json,backup_1e+21.json,backup_1700000000001.enc.json,backup_0.json,backup_1700000000001.json,backup_1700|4
prune	backup_1700000000000.json,backup_1e+21.enc.json,backup_1700000000000.enc.json,backup_-1.json,backup_-1.json,backup_1700|4
prune	backup_0.json,backup_-1.json,backup_1700000000001.json|0
prune	backup_100.json,backup_12.5.enc.json,backup_100.json,backup_100.enc.json|1
prune	backup_100.json,backup_1e+21.json,backup_12.5.json,backup_12.5.json,backup_1700000000000.json,backup_1e+21.json|3
prune	backup_100.json,backup_1700000000001.enc.json,backup_1.json|1
list	backup_1e+21.json,backup_1e+21.json,backup_1e+21.enc.json,backup_-1.json,backup_-1.enc.json
prune	entries.json,backup_100.json,backup_0.json,backup_.json,backup_12.5.json,backup_1.enc.json|4
list	backup_1.json,backup_100.json,backup_1700000000001.json,backup_0.json
list	backup_draft.json,backup_12.5.json
prune	backup_0.enc.json,backup_1700000000001.enc.json,backup_12.5.json|1
list	entries.json,backup_0.json,backup_1700000000001.json,backup_-1.json,backup_12.5.json,prefix_backup_1700.json
list	backup_0.json,entries.json,backup_0.json,backup_1700000000001.json,backup_1700000000000.json,backup_1.json
list	backup_1700000000001.enc.json,config.json,backup_12.5.enc.json,backup_-1.enc.json
list	backup_draft.json,backup_1e+21.json,backup_1700.txt,backup_1.json,backup_1700000000001.enc.json,backup_100.enc.json
prune	backup_0.json,backup_1.enc.json,backup_0.enc.json|1
prune	backup_1700.enc.json,backup_1700000000000.json,prefix_backup_1700.json,backup_1700000000001.json,backup_-1.json,backup_1.json|0
list	backup_12.5.json,backup_100.enc.json
prune	backup_1e+21.enc.json,backup_0.json,backup_1700000000001.enc.json,backup_1700.enc.json,backup_1700000000000.enc.json,backup_0.json|0
list	backup_1700.txt,backup_.enc.json,backup_-1.json
prune	backup_.enc.json,backup_0.json,backup_100.enc.json,backup_1700000000000.enc.json,prefix_backup_1700.json,backup_100.json,backup_-1.json|1
prune	backup_1.enc.json,backup_1700000000001.json,backup_1700000000001.json,backup_backup_1700.json,backup_12.5.json,backup_100.json|4
prune	backup_1.json,backup_0.enc.json,backup_backup_1700.json|1
prune	backup_1700000000001.json,backup_1700000000001.json,backup_12.5.json,backup_1700000000000.json,backup_1700000000001.json,backup_1700.txt|2
list	entries.json,backup_draft.json
list	backup_.json,backup_-1.json,backup_1.json,backup_100.json
list	backup_1700.json.bak,backup_-1.json,backup_0.enc.json,backup_1700000000000.json,backup_1700000000001.json,backup_1700000000001.json
prune	backup_1.enc.json,backup_1700000000001.json,backup_1e+21.json,backup_100.json|1
list	backup_0.json,backup_1700
prune	backup_-1.json,backup_0.json|1
prune	backup_1700000000000.json,backup_-1.json,BACKUP_1700.json,backup_0.json,backup_1700000000000.enc.json,prefix_backup_1700.json|0
list	backup_1700000000001.json,backup_12.5.json
list	backup_0.enc.json,backup_0.json
prune	backup_1.json|1
prune	backup_-1.enc.json,entries.json,backup_100.json,backup_1.json,backup_1e+21.json,backup_1e+21.json,backup_1700000000000.json|4
list	backup_1.json,backup_1700000000001.json,backup_1700000000001.enc.json,backup_12.5.json,backup_1.json
prune	backup_1700,backup_1700000000000.json|4
prune	backup_-1.enc.json,backup_.json|1
prune	backup_1700.txt,backup_100.enc.json,backup_12.5.json,prefix_backup_1700.json|2
list	backup_backup_1700.json,backup_0.json,backup_12.5.enc.json
list	backup_-1.enc.json,backup_12.5.json,backup_1700.json.bak,backup_100.json,backup_12.5.enc.json,backup_.json
list	backup_1e+21.enc.json,backup_1e+21.json,backup_1700000000000.json
prune	backup_-1.json,backup_1700000000000.json,backup_-1.json,backup_-1.json,backup_1700000000001.enc.json,backup_-1.json,backup_0.json|0
prune	backup_1700000000000.json,backup_0.json,backup_12.5.json|4
prune	BACKUP_1700.json,backup_100.enc.json|2
prune	backup_1700.enc.json,backup_-1.json,backup_1e+21.json,backup_1.json|0
list	backup_0.json,prefix_backup_1700.json,backup_1700000000001.json,prefix_backup_1700.json,backup_12.5.enc.json
prune	backup_1.json,backup_1.enc.json,backup_100.json,backup_1.json,backup_1700000000001.enc.json,backup_12.5.json,backup_100.json|0
prune	backup_1e+21.json,backup_100.json,backup_1.enc.json|3
list	backup_1700,backup_100.json,backup_100.enc.json,backup_1700000000000.json
list	backup_1700000000000.json,backup_1700.enc.json,backup_1700000000001.json,backup_draft.json,backup_1700.txt,backup_100.enc.json
prune	backup_1700.json.bak,backup_1700000000000.json,backup_1700.json.bak|2
prune	backup_100.json,backup_100.json|0
list	entries.json,entries.json,backup_0.json,BACKUP_1700.json
list	backup_1700.enc.json,prefix_backup_1700.json
prune	backup_1700.json.bak,backup_1e+21.enc.json,backup_1.json,backup_0.json,backup_1.json,backup_-1.json,backup_0.json|0
prune	backup_-1.json,backup_-1.json,backup_1.json,backup_1700000000001.enc.json,backup_12.5.json|4
prune	backup_0.json,backup_-1.json,backup_1.json,backup_1.json|2
list	backup_draft.json,BACKUP_1700.json,backup_1700000000001.enc.json
prune	backup_1.enc.json,config.json,backup_-1.json,entries.json,backup_1.enc.json,backup_-1.json,entries.json|1
list	backup_100.json,backup_0.json,backup_1700000000001.json,backup_1700000000000.json,backup_1e+21.enc.json,backup_1e+21.enc.json
prune	backup_1700000000001.json,backup_-1.json,backup_0.json,backup_0.enc.json,backup_-1.json|0
list	backup_-1.json,backup_1700000000000.json,backup_0.json,backup_0.json,backup_-1.json
prune	backup_100.enc.json,backup_100.enc.json,backup_1700000000000.json,backup_1.json,entries.json|4
prune	backup_-1.json,prefix_backup_1700.json,backup_1700000000000.enc.json,backup_0.json|4
prune	backup_-1.json,backup_100.json,entries.json,backup_100.json,backup_-1.json,backup_1700|3
prune	backup_1.enc.json,backup_1700000000001.json,backup_1700000000001.json,backup_12.5.json|4
prune	backup_1e+21.json,backup_.enc.json,backup_12.5.json|3
list	backup_0.json,backup_1700,backup_100.json,backup_100.json
prune	backup_1700,config.json,backup_1700.txt|4
prune	backup_1.json,backup_12.5.enc.json,backup_1700.txt,backup_1700000000000.json,backup_1.enc.json,backup_100.json,backup_0.json|2
prune	backup_1e+21.json,backup_1700000000000.json,backup_100.json,backup_100.enc.json|1
prune	backup_-1.json,backup_1700000000001.json,backup_1700000000001.json,backup_12.5.json,backup_12.5.json,backup_-1.json|2
list	backup_1700.enc.json,entries.json,backup_1700000000000.json,backup_12.5.json,BACKUP_1700.json
list	backup_1700000000000.enc.json,backup_1700000000001.enc.json,backup_backup_1700.json
list	prefix_backup_1700.json,backup_1700000000000.json
list	backup_0.json,backup_1.enc.json,backup_1.json
list	backup_0.enc.json,backup_100.json,backup_1.enc.json,backup_1.json
prune	backup_1700000000000.json,backup_1.json,backup_1700000000000.enc.json,backup_1700000000000.enc.json,backup_.enc.json,backup_1700.txt,backup_-1.enc.json|3
prune	backup_1.json,backup_1700000000000.json,backup_1700000000000.json,backup_1700000000001.enc.json|1
prune	backup_draft.json,backup_1700000000001.json|0
prune	backup_1700.enc.json,backup_1700000000000.json,backup_1e+21.enc.json,backup_draft.json|3
list	backup_-1.json,backup_0.json
prune	backup_.json,backup_100.enc.json,backup_-1.json,backup_1700000000001.enc.json|0
prune	backup_0.enc.json,backup_1700000000001.enc.json|0
list	backup_.enc.json,backup_1.enc.json,backup_-1.enc.json,backup_1700000000001.json,backup_1700000000000.json,backup_1.json
list	backup_1700000000000.enc.json,backup_1e+21.enc.json,backup_1.json
list	backup_backup_1700.json,backup_-1.json,backup_-1.json,backup_-1.enc.json
list	backup_-1.enc.json,backup_100.enc.json
list	backup_12.5.json,backup_1700000000000.json,backup_1e+21.json
list	backup_12.5.enc.json,backup_0.json,backup_1700,backup_1e+21.json,backup_100.json
prune	backup_1700000000001.json,backup_-1.json,backup_backup_1700.json,config.json,backup_1700.txt,backup_1700000000001.json|1
prune	entries.json,backup_backup_1700.json|1
prune	backup_backup_1700.json,backup_100.json,backup_1.enc.json|0
prune	backup_12.5.json,prefix_backup_1700.json|2
prune	backup_1700000000001.enc.json,backup_1700000000000.json,backup_100.json,backup_1700000000001.json,backup_-1.json,BACKUP_1700.json|4
prune	backup_100.json,backup_100.json,backup_1700.enc.json,backup_1700000000000.enc.json|2
list	backup_100.json,config.json,backup_0.json,backup_1e+21.enc.json,backup_100.json
list	backup_12.5.enc.json,backup_1.enc.json,backup_100.json,backup_-1.json
list	backup_1700000000000.enc.json,backup_1700000000001.enc.json
list	BACKUP_1700.json,backup_1e+21.enc.json,backup_-1.json,backup_1e+21.json,backup_1700000000000.json,backup_1e+21.json
prune	backup_1e+21.json,backup_1700000000001.json,backup_1700000000000.enc.json,backup_.enc.json,backup_12.5.json|3
prune	backup_12.5.json,backup_100.json,backup_1700000000000.enc.json|2
list	backup_0.json,backup_1.enc.json
prune	backup_1e+21.json,backup_0.json,backup_-1.json,entries.json,backup_100.json,backup_1700000000000.json|2
prune	backup_1700000000001.json,backup_12.5.enc.json|3
prune	backup_0.json,backup_0.json,backup_12.5.enc.json,backup_-1.enc.json,backup_0.json,backup_-1.json,backup_0.json|0
prune	entries.json,backup_1e+21.json,backup_1700,entries.json,config.json|2
list	backup_-1.enc.json,backup_1700000000000.enc.json
list	backup_1700.json.bak,backup_0.json,backup_12.5.json
list	backup_1700000000001.json,backup_1.enc.json,backup_1.json,BACKUP_1700.json,backup_1700000000000.json
list	backup_backup_1700.json,backup_1700000000001.json,backup_1.json,backup_-1.json,backup_-1.json,entries.json
list	backup_12.5.enc.json,backup_1700.txt
list	backup_100.json,backup_100.enc.json,backup_100.enc.json
list	backup_12.5.enc.json,backup_1e+21.json
prune	config.json|4
list	backup_1700.json.bak,backup_100.json,backup_1.json,backup_1700,backup_-1.enc.json,backup_12.5.json
list	backup_-1.json,backup_1700,backup_.enc.json,backup_-1.json
list	backup_12.5.enc.json,backup_1700,backup_1.json,backup_12.5.json,backup_1.enc.json
prune	backup_1700000000000.json,prefix_backup_1700.json,prefix_backup_1700.json,backup_1700,backup_1700.txt,backup_12.5.json|0
prune	entries.json,backup_0.enc.json,backup_100.enc.json,backup_1700000000001.json,backup_-1.json,backup_1e+21.json,backup_1700.txt|2
prune	backup_1.enc.json,backup_1700000000000.enc.json,backup_0.enc.json,entries.json,backup_1e+21.json,backup_-1.json,backup_1e+21.json|2
prune	backup_1.json,backup_1700000000001.enc.json,backup_1700000000001.json,backup_0.json,backup_12.5.enc.json,backup_backup_1700.json|2
list	backup_1700000000000.enc.json,backup_0.enc.json
list	backup_0.json,backup_1e+21.enc.json,backup_1.json,backup_12.5.json,backup_1e+21.enc.json
prune	backup_-1.enc.json,backup_0.enc.json,backup_0.json,backup_-1.json,backup_1e+21.json|1
list	backup_1.enc.json,backup_-1.enc.json
list	backup_12.5.enc.json,backup_-1.json,backup_draft.json,backup_1e+21.json
prune	backup_1e+21.enc.json,backup_draft.json,backup_1700000000001.enc.json,backup_1700000000000.json|4
prune	backup_12.5.enc.json,backup_1.json,backup_-1.json,backup_1700000000001.json,backup_-1.enc.json|0
list	backup_12.5.enc.json,backup_-1.json,prefix_backup_1700.json,backup_12.5.json,backup_1700.enc.json,backup_0.json
list	entries.json,backup_1e+21.json
prune	backup_1.json,entries.json,backup_100.json,BACKUP_1700.json|2
list	backup_1700.enc.json,backup_1700000000001.enc.json,backup_1700000000001.json
list	backup_1700000000001.json,backup_1700.txt,backup_1700.txt,backup_100.enc.json,backup_1700.enc.json,backup_100.json
prune	backup_1e+21.json,backup_1.json,backup_0.json,entries.json,backup_0.enc.json,backup_1700000000000.enc.json|0
prune	backup_-1.json,backup_0.json,backup_draft.json,backup_1700.json.bak,backup_1700000000000.json,backup_1700.txt|2
list	backup_.enc.json,backup_100.json,backup_0.json,backup_0.json,backup_0.enc.json,backup_12.5.json
prune	backup_1700.json.bak,backup_.json|2
prune	backup_12.5.json,backup_-1.json|1
prune	config.json,backup_draft.json,backup_.enc.json,backup_.enc.json,backup_100.enc.json,backup_1700000000001.json,backup_.json|1
list	backup_1e+21.json,backup_0.json,backup_1700000000000.enc.json,backup_backup_1700.json
prune	backup_.enc.json,backup_1700000000001.json,backup_1700000000000.json,entries.json,backup_1700000000001.enc.json,backup_1700000000001.json|1
list	backup_1.json,backup_1700,backup_100.json,backup_-1.enc.json
list	backup_100.json,backup_1700.json.bak,backup_.enc.json,backup_1700000000000.enc.json,backup_1700000000001.json,backup_1700.json.bak
list	backup_0.json,backup_1700.enc.json,backup_1700,backup_.enc.json,backup_100.enc.json,backup_backup_1700.json
list	backup_1700.txt,backup_1e+21.json,backup_1.json,backup_0.json,backup_-1.json,backup_1700000000001.json
prune	entries.json,backup_1700000000001.enc.json,backup_.json,backup_1.json,backup_1.json|0
prune	backup_1.json,backup_1700000000001.json,config.json|0
prune	backup_1700000000000.json,entries.json|3
prune	backup_-1.json,backup_1700000000000.json,backup_.enc.json,backup_1e+21.enc.json,backup_1.json,backup_1700.enc.json,backup_0.json|0
list	backup_1700000000001.json,backup_-1.json,backup_1700000000000.json,backup_-1.enc.json,backup_1700000000000.json
prune	backup_-1.json,backup_-1.enc.json,backup_1.json,backup_-1.json,backup_1e+21.enc.json|2
prune	backup_.json,backup_100.enc.json,backup_0.enc.json,backup_12.5.json|4
prune	backup_1700000000000.json,backup_1700000000000.enc.json,backup_.json,backup_-1.json,backup_12.5.enc.json,backup_1e+21.json|3
list	backup_draft.json,backup_100.json,prefix_backup_1700.json
prune	backup_1.enc.json,backup_1.enc.json,backup_1700000000001.enc.json,backup_-1.json|2
prune	backup_1700000000000.json,backup_1700000000000.json,backup_1.enc.json,backup_1700000000000.enc.json,backup_0.json|0
prune	backup_1700000000001.json,backup_1e+21.enc.json,backup_1700.json.bak|2
list	backup_1.json,backup_1e+21.json,backup_100.json,backup_-1.enc.json
list	backup_-1.json,entries.json,backup_12.5.json
prune	backup_12.5.json,backup_100.json,backup_1700.json.bak,backup_1700.enc.json,backup_0.json|2
list	backup_1e+21.json,backup_draft.json,prefix_backup_1700.json,backup_100.json,backup_0.json
list	backup_0.enc.json,backup_1700.enc.json
list	backup_1700.enc.json,backup_1700000000000.json,backup_1.json,backup_1700000000000.json,backup_1700000000001.json,backup_0.json
prune	backup_0.json,backup_1700000000001.json,backup_backup_1700.json|0
prune	prefix_backup_1700.json|4
prune	backup_12.5.json,backup_0.json,backup_1e+21.json,backup_-1.enc.json|0
prune	backup_1.json,backup_1.json,backup_1700000000001.json|1
list	backup_0.json,backup_100.json,backup_0.json
list	backup_12.5.json,backup_1e+21.json,backup_1.json,backup_1e+21.json
list	backup_1700.txt,backup_draft.json,backup_-1.json,entries.json,config.json,backup_1700000000000.json
prune	backup_1700.txt,backup_12.5.json,backup_-1.json,backup_.json,backup_-1.json,backup_1700000000000.enc.json,backup_-1.json|3
list	backup_1e+21.json,backup_1700,backup_-1.enc.json
prune	backup_backup_1700.json,backup_1.json,backup_0.json,backup_100.enc.json,entries.json,backup_-1.json,backup_1e+21.json|0
list	backup_1.json,backup_-1.json,backup_1.json,BACKUP_1700.json,backup_0.json,backup_1700000000000.json
prune	config.json,backup_0.enc.json,backup_.json,backup_1e+21.json,backup_1e+21.json,backup_1.enc.json|4
prune	backup_1.enc.json,backup_1.enc.json,backup_1.enc.json|0
list	backup_backup_1700.json,backup_-1.json
prune	backup_-1.enc.json,backup_0.json,backup_1e+21.json,backup_-1.json,backup_12.5.json,backup_12.5.json|0
prune	config.json,backup_12.5.json,backup_1.json,backup_100.json,backup_1700000000000.json,backup_-1.enc.json,backup_1e+21.json|0
list	backup_12.5.enc.json,backup_1e+21.enc.json
list	backup_0.json,backup_0.json,backup_1700000000001.enc.json,backup_-1.enc.json
prune	backup_1e+21.json,backup_1700,backup_12.5.enc.json,backup_100.json|4
prune	backup_1700000000000.json,backup_-1.enc.json|3
prune	backup_-1.json,backup_-1.json,backup_-1.json|3
list	backup_1e+21.enc.json,backup_1.json,backup_1e+21.json,backup_12.5.json,backup_-1.json
prune	BACKUP_1700.json,backup_1700000000001.json,prefix_backup_1700.json,backup_draft.json,backup_100.json,backup_12.5.json|3
prune	backup_1e+21.json,backup_0.json,config.json|1
list	backup_1e+21.json,backup_0.json,backup_draft.json,backup_-1.json,backup_1700000000001.enc.json,backup_0.enc.json
prune	backup_draft.json,backup_1e+21.json,backup_1700000000000.json,backup_12.5.json,backup_1.json|2
prune	backup_100.json,backup_1700000000001.json|3
list	backup_1700000000001.json,backup_1e+21.json,backup_100.json,backup_1700000000000.enc.json,backup_1700,backup_-1.json
prune	backup_1700000000000.enc.json,backup_12.5.enc.json,backup_-1.json,backup_1700000000000.enc.json|4
list	backup_-1.json,backup_-1.enc.json,backup_1.json,backup_-1.json,backup_100.json,config.json
prune	backup_-1.json,backup_-1.json,backup_0.enc.json,backup_12.5.json,backup_1700000000000.json,backup_100.json|2
list	backup_draft.json,backup_1e+21.json,backup_backup_1700.json
list	backup_-1.enc.json,backup_12.5.json,backup_-1.json,config.json,config.json,backup_1e+21.json
list	BACKUP_1700.json,backup_1700000000000.json,config.json,backup_1e+21.json
list	backup_.json,backup_12.5.json,backup_1700000000000.json,backup_100.json,backup_.json,backup_12.5.json
prune	backup_1700000000000.json,backup_-1.json,backup_1700000000000.json,backup_1700.txt,backup_100.enc.json,backup_-1.enc.json,backup_1.json|1
prune	backup_1700000000000.enc.json,backup_1700.txt,backup_1e+21.json|0
prune	backup_1e+21.enc.json,backup_1700,backup_1700000000000.json|4
list	backup_.json,backup_0.json
prune	backup_1700,backup_12.5.json|0
prune	backup_1700.txt,backup_0.enc.json,backup_1700000000001.json,BACKUP_1700.json,backup_-1.enc.json,backup_100.enc.json,backup_.enc.json|4
list	backup_draft.json,backup_1e+21.json,backup_1e+21.enc.json,backup_0.json
list	backup_0.json,backup_1e+21.enc.json,backup_12.5.json,backup_1700000000000.enc.json
list	backup_1700.enc.json,backup_1.enc.json
prune	BACKUP_1700.json,backup_100.json,backup_12.5.enc.json,backup_1700000000001.json,backup_-1.json,backup_1700000000001.json|1
prune	backup_1700000000001.json,backup_12.5.json,backup_0.json|2
list	backup_1700,backup_1.json,BACKUP_1700.json
prune	backup_.enc.json,backup_1700000000001.json,backup_-1.json,backup_12.5.json,backup_1700000000000.json,backup_1700.json.bak,backup_12.5.json|1
prune	backup_1700000000001.json,backup_draft.json,prefix_backup_1700.json,backup_100.json|3
list	backup_1700.txt,backup_12.5.json,config.json,backup_12.5.json,prefix_backup_1700.json
list	backup_-1.json,entries.json,backup_1700000000001.json,backup_-1.json,backup_0.json
prune	backup_0.json,backup_-1.enc.json|2
list	backup_.enc.json,backup_1700000000001.enc.json
prune	backup_1700000000001.json,backup_1700,entries.json|2
prune	entries.json,backup_-1.json,backup_1.json,backup_.json,backup_1e+21.json,backup_12.5.json,config.json|3
prune	backup_1700.enc.json,BACKUP_1700.json|4
prune	backup_1700000000000.json,backup_1.enc.json,backup_1e+21.json,backup_1700000000000.json,backup_1.json,backup_100.enc.json|1
prune	backup_0.json,backup_1700.txt|3
prune	backup_1700000000000.json,backup_1700.txt|3
prune	backup_0.enc.json|2
prune	backup_100.enc.json,backup_1700.enc.json,BACKUP_1700.json,backup_1.json,backup_1700.txt|2
prune	backup_draft.json,backup_.json|0
prune	backup_12.5.enc.json,backup_-1.json,backup_draft.json,backup_1700,backup_-1.json,backup_-1.enc.json,backup_0.json|0
prune	backup_100.json,backup_-1.json,backup_100.json,backup_1700000000001.json,backup_12.5.json,backup_.enc.json,backup_12.5.json|2
prune	backup_100.json,backup_1700000000000.json,backup_1700000000000.json|2
list	backup_100.enc.json,backup_100.json
list	backup_1.json,backup_1.json
list	backup_12.5.json,backup_1.json,backup_12.5.json,prefix_backup_1700.json
list	backup_1e+21.enc.json,entries.json,backup_-1.json,backup_1.json
list	backup_100.json,backup_1e+21.enc.json,backup_1700000000001.enc.json,backup_draft.json
prune	backup_1.json,backup_1700000000001.enc.json,backup_1700000000000.enc.json|3
list	entries.json,backup_1700000000000.json
prune	backup_100.json,backup_1700000000000.json,backup_draft.json,config.json|4
list	BACKUP_1700.json,backup_1700000000000.json,backup_1700000000001.json,backup_-1.json,backup_1700,backup_1700000000001.enc.json
prune	backup_0.json,backup_1700000000000.json,backup_backup_1700.json,backup_backup_1700.json,backup_100.enc.json,backup_12.5.json,backup_.json|1
list	backup_1700000000000.enc.json,backup_0.enc.json,backup_-1.json,backup_1.json
prune	backup_1700000000001.json|2
prune	backup_-1.enc.json,backup_-1.json,backup_100.json,backup_-1.json,backup_1700000000001.json,backup_draft.json,backup_1700000000001.enc.json|1
list	backup_100.enc.json,backup_1700.txt,backup_1700000000000.json,backup_1e+21.json
prune	backup_backup_1700.json,backup_100.json,backup_1700000000000.enc.json,backup_12.5.json,backup_-1.enc.json|2
prune	backup_1700.enc.json,backup_backup_1700.json,backup_-1.json,backup_.enc.json,backup_-1.json|3
list	backup_0.json,backup_.json,backup_-1.json,backup_1700000000000.json,backup_-1.json
prune	backup_draft.json|4
list	backup_1700000000001.json,backup_1.enc.json
prune	backup_-1.json,backup_-1.enc.json,backup_1700000000001.json,entries.json|2
list	backup_0.json,backup_100.json
list	backup_12.5.enc.json,backup_1700000000001.json,backup_-1.enc.json,backup_100.enc.json,backup_1e+21.json,backup_1700
prune	backup_100.json,backup_100.json,backup_12.5.json,backup_1e+21.json|0
list	config.json,backup_-1.json
prune	backup_12.5.json,backup_backup_1700.json,backup_1.enc.json,backup_1700000000001.json,backup_1.json|4
prune	backup_1.json,backup_0.json,backup_backup_1700.json|1
list	prefix_backup_1700.json,backup_100.enc.json,backup_1.enc.json
list	backup_1.json,backup_12.5.json,backup_0.json
list	backup_1700000000000.json,backup_1700.enc.json,backup_1700000000000.json,backup_1e+21.json
prune	backup_-1.json,backup_-1.enc.json,backup_1700000000000.enc.json|0
list	backup_1700000000000.json,backup_12.5.json,backup_-1.json
prune	backup_.json,backup_100.enc.json|2
prune	backup_0.json,backup_-1.json,backup_.json,config.json,backup_100.json|2
prune	config.json,backup_-1.json,backup_-1.json,backup_-1.json,backup_0.json|2
list	backup_1e+21.json,backup_-1.json,backup_100.json
prune	backup_1700000000000.enc.json,backup_0.json,backup_1700000000001.json,backup_-1.json,backup_1e+21.json|0
prune	backup_-1.json|4
prune	backup_100.json,backup_1.json,backup_12.5.json,backup_1.enc.json,backup_100.enc.json|1
prune	backup_12.5.json,entries.json,backup_1.json,backup_0.json,backup_backup_1700.json,backup_1.json,backup_backup_1700.json|1
prune	backup_1700.enc.json,backup_1700000000000.enc.json,backup_0.enc.json,backup_0.json,backup_1700.json.bak,backup_0.json|3
prune	backup_1700000000001.json,backup_1700000000000.enc.json,backup_0.json|0
prune	backup_0.enc.json|0
prune	entries.json,backup_1700,backup_12.5.json,backup_0.json|3
prune	backup_1e+21.json,backup_1.json,backup_12.5.json,backup_-1.json,backup_.json|2
prune	backup_12.5.json,backup_100.json,backup_1700.enc.json|2
prune	backup_12.5.json,backup_.enc.json,backup_1700000000000.json,backup_0.enc.json,backup_1700000000000.json,backup_100.enc.json|2
list	backup_0.enc.json,backup_1700000000001.json,backup_0.json,backup_1e+21.json,backup_1700000000000.json
prune	backup_1700000000001.enc.json,backup_0.json,backup_-1.json,backup_1e+21.json,backup_1e+21.json,backup_12.5.json,backup_1e+21.json|3
prune	backup_0.json,backup_1e+21.enc.json,entries.json,backup_1700,backup_1700.txt|0
prune	backup_1700.json.bak,backup_1700000000001.json,backup_12.5.json|3
list	backup_100.json,backup_100.json,backup_-1.enc.json,backup_12.5.json,backup_1.enc.json,backup_1.json
list	backup_1700.enc.json,backup_12.5.json,backup_1700000000000.json
list	prefix_backup_1700.json,backup_12.5.json,backup_-1.json,backup_-1.json,backup_backup_1700.json,backup_12.5.json
list	backup_1700000000001.json,backup_1700.json.bak,backup_100.enc.json,backup_1700.json.bak
prune	backup_1e+21.enc.json|3
list	backup_backup_1700.json,backup_backup_1700.json,prefix_backup_1700.json,backup_-1.enc.json,backup_.json
prune	backup_1.enc.json,backup_12.5.enc.json,backup_1e+21.json,backup_1700000000001.enc.json,backup_1700,backup_-1.enc.json,backup_100.json|1
prune	backup_1e+21.enc.json,backup_100.json,backup_1.json,backup_.enc.json,backup_100.json,backup_0.json|1
list	backup_1700000000001.json,backup_1700000000000.json,backup_12.5.json,backup_-1.json
prune	backup_12.5.json,backup_1700000000000.json,backup_0.json,backup_1700000000000.json,backup_12.5.json,backup_1700000000000.json|0
list	backup_-1.json,backup_12.5.enc.json
list	backup_1e+21.json,backup_12.5.enc.json
list	backup_1e+21.enc.json,backup_1e+21.json,backup_1700.json.bak,backup_1700.enc.json
list	backup_12.5.json,backup_100.enc.json,backup_.json
list	entries.json,backup_1700000000000.json,backup_1700000000000.json,prefix_backup_1700.json
prune	backup_0.json,backup_12.5.json,BACKUP_1700.json|4
list	backup_100.json,backup_.enc.json,backup_-1.json,backup_0.json,backup_1700000000000.json
prune	BACKUP_1700.json|2
prune	backup_1.json,backup_-1.enc.json|1
list	backup_-1.enc.json,BACKUP_1700.json
prune	prefix_backup_1700.json,backup_1700000000000.enc.json,backup_1700.json.bak,backup_1700|0
list	backup_1700.txt,backup_12.5.json,backup_12.5.json
list	backup_1.json,backup_-1.json,backup_1.json,backup_1700000000000.json,backup_0.enc.json
list	backup_1e+21.json,backup_12.5.enc.json,backup_1e+21.json
list	backup_-1.json,entries.json,backup_12.5.json,backup_1.enc.json,entries.json
list	backup_1700000000000.json,backup_100.json,backup_1.json
prune	backup_1700000000000.json,backup_backup_1700.json,backup_100.enc.json,backup_1700.enc.json,backup_12.5.enc.json,backup_-1.json,backup_-1.json|0
list	backup_100.json,backup_1.enc.json,prefix_backup_1700.json,backup_.json
prune	backup_12.5.json,backup_1700,config.json|1
prune	backup_1700.txt,backup_1700.json.bak,backup_100.json,backup_1e+21.json,config.json,backup_0.enc.json|3
list	backup_1e+21.json,backup_0.json,backup_1700.enc.json
prune	backup_0.json,backup_0.json,backup_-1.json,backup_1700000000001.enc.json,backup_100.enc.json|0
list	backup_1700000000000.json,prefix_backup_1700.json
prune	backup_.json,backup_100.enc.json,backup_1700000000001.json,backup_draft.json,backup_draft.json,backup_1e+21.json|0
prune	backup_-1.json,backup_1.json,backup_1700.txt|3
list	backup_0.enc.json,backup_1700.txt,backup_.enc.json,backup_1.json
prune	backup_1700000000001.json,backup_-1.json,backup_1e+21.json|4
list	backup_0.json,backup_1700000000000.enc.json,backup_1.enc.json,entries.json,backup_-1.json
list	backup_1.enc.json,backup_-1.enc.json,backup_-1.json
list	backup_backup_1700.json,backup_-1.json,backup_.json,backup_1700000000001.enc.json,backup_1.json,backup_-1.json
list	backup_1.enc.json,backup_-1.json,backup_1e+21.json
prune	backup_100.json,entries.json,backup_100.json|0
list	backup_1.json,backup_1700000000000.json,backup_-1.json,backup_1700000000000.json,backup_1e+21.json,backup_1.json
list	backup_100.json,backup_-1.json
prune	backup_.json,backup_1e+21.json,backup_0.json,backup_1.json,backup_100.enc.json,backup_-1.json|0
list	backup_1.json,backup_1700000000000.enc.json,backup_100.json,config.json
list	backup_1e+21.json,backup_1700000000000.enc.json,backup_12.5.enc.json
prune	backup_1700.txt,backup_1700000000001.json|4
list	backup_1700000000001.enc.json,backup_1700000000000.json,backup_12.5.json,backup_1700000000001.enc.json,BACKUP_1700.json
list	backup_draft.json,backup_100.json,backup_-1.json,backup_1700000000000.json
list	backup_-1.enc.json,backup_12.5.enc.json,backup_1700000000000.json,backup_1.enc.json,backup_0.json
prune	backup_draft.json,backup_1.json,backup_1700.json.bak,backup_1.json,backup_-1.json,backup_-1.json,backup_-1.enc.json|1
list	backup_100.enc.json,backup_12.5.json
prune	backup_1700000000001.json,backup_100.json,backup_1.enc.json|0
prune	backup_.json,backup_1700000000001.json,backup_1700000000000.enc.json|0
list	backup_12.5.enc.json,backup_0.json
prune	backup_1.json,backup_1700,backup_1700.json.bak,backup_12.5.enc.json,backup_0.json,entries.json,backup_1e+21.json|2
prune	backup_1700000000000.json,backup_12.5.json,backup_1700000000000.json,prefix_backup_1700.json,backup_100.json|1
list	backup_12.5.enc.json,backup_100.enc.json,backup_-1.json
prune	backup_100.json,backup_-1.enc.json,entries.json,backup_1700000000000.json,backup_-1.json,backup_1700000000000.json|4
prune	backup_0.json,backup_1e+21.json,backup_-1.json|2
prune	backup_1700000000000.enc.json,backup_1700.json.bak,backup_backup_1700.json,backup_-1.json,backup_1700,backup_1700.json.bak,backup_1700000000001.json|0
prune	backup_100.enc.json,backup_1700000000001.json,backup_-1.json,BACKUP_1700.json,backup_100.json|2
list	backup_-1.json,backup_1700,backup_.enc.json,backup_100.enc.json
list	backup_1e+21.enc.json,config.json,backup_12.5.json,backup_1700.enc.json
list	backup_1700000000001.enc.json,entries.json,backup_-1.json,backup_100.json
prune	backup_1700.json.bak,backup_1700000000000.json,backup_1700000000000.json|2
prune	backup_1700000000000.json,backup_1.json,backup_100.json,backup_1700.json.bak,backup_1.enc.json,backup_1700|1
list	backup_1700000000001.json,prefix_backup_1700.json,backup_12.5.enc.json
list	backup_-1.json,backup_backup_1700.json,backup_1.json,backup_12.5.json,prefix_backup_1700.json
list	backup_100.json,backup_1.json,backup_1700000000001.json,backup_0.json,backup_-1.json,backup_1700.json.bak
list	backup_draft.json,entries.json
list	backup_12.5.enc.json,backup_-1.json
prune	backup_draft.json,backup_1.json|4
prune	backup_100.json,backup_1.enc.json,backup_.enc.json,backup_0.enc.json,backup_1.enc.json,backup_1e+21.json,backup_.enc.json|1
list	backup_-1.json,backup_100.json,backup_1700000000001.enc.json,backup_.enc.json,prefix_backup_1700.json,backup_1700000000000.json
prune	backup_100.json,backup_12.5.json|2
prune	backup_-1.json,backup_1700.enc.json,backup_1e+21.json,backup_draft.json,backup_12.5.json|0
list	backup_12.5.json,backup_-1.enc.json,backup_1700.txt
prune	backup_100.enc.json,backup_1e+21.enc.json,backup_1700000000001.json,backup_12.5.enc.json,entries.json,backup_0.json|1
list	backup_.enc.json,backup_0.json,backup_1700000000001.json
prune	config.json,backup_1700000000000.json,backup_100.json,backup_0.json|4
list	backup_1.json,backup_-1.json,backup_100.json,backup_0.json,backup_1700,backup_12.5.json
list	backup_1700,backup_0.json,backup_1e+21.json,backup_draft.json,backup_100.json
list	backup_-1.json,backup_1700.json.bak,backup_1e+21.enc.json,backup_-1.json,backup_100.json,backup_100.json
prune	backup_100.enc.json,backup_-1.json,backup_0.json,backup_-1.json,backup_1700000000000.json|4
list	backup_0.json,backup_-1.enc.json,BACKUP_1700.json,backup_1700000000001.json
prune	backup_1e+21.json,backup_1700,backup_1700000000001.json,backup_1700000000000.enc.json,backup_100.json|4
prune	backup_100.enc.json,backup_backup_1700.json,backup_1700,backup_1e+21.json,backup_1.enc.json,backup_12.5.json|4
list	backup_backup_1700.json,backup_-1.enc.json,backup_-1.enc.json,backup_1700000000000.json,backup_0.json
list	backup_1e+21.json,backup_1700.json.bak,backup_1e+21.json
prune	entries.json,entries.json,backup_-1.json,config.json,backup_1700.enc.json,backup_0.enc.json,backup_1e+21.json|0
list	backup_1e+21.enc.json,prefix_backup_1700.json
list	backup_100.json,backup_1700,backup_-1.json,backup_1e+21.json
list	backup_100.enc.json,backup_100.enc.json,backup_1700000000001.enc.json
prune	backup_100.json,backup_100.enc.json,backup_0.json,backup_12.5.enc.json,backup_0.enc.json,backup_.json,backup_1.enc.json|1
prune	backup_1.json|3
prune	backup_1700000000000.json,backup_0.json,BACKUP_1700.json,backup_-1.json,backup_12.5.json,BACKUP_1700.json,backup_1e+21.enc.json|0
prune	backup_1700000000001.json,backup_100.json,backup_1e+21.enc.json,backup_0.json,backup_1e+21.json|1
list	backup_12.5.json,backup_1700000000000.json,backup_1700,backup_1700000000001.json,backup_0.enc.json
prune	backup_1e+21.enc.json,backup_1e+21.enc.json|3
prune	backup_1.json,backup_1700000000000.json,backup_draft.json,backup_12.5.enc.json,BACKUP_1700.json|2
prune	backup_1700.enc.json,backup_0.json,config.json,backup_.json,backup_0.json,backup_1700.enc.json|4
list	backup_100.json,config.json
prune	backup_1700000000000.json,backup_-1.enc.json,backup_0.json,backup_1700.enc.json,backup_draft.json,backup_-1.enc.json|2
list	backup_-1.json,backup_12.5.json,backup_12.5.enc.json,backup_12.5.enc.json,backup_1700000000001.enc.json
prune	backup_0.json,backup_-1.json,backup_.json,backup_100.json,backup_1700.json.bak,backup_1700.enc.json|4
list	backup_-1.json,prefix_backup_1700.json,backup_1700.enc.json,backup_1700000000001.json,backup_1.json,backup_100.json
prune	backup_-1.enc.json|3
prune	backup_100.json,backup_0.enc.json|1
list	backup_1.enc.json,entries.json,backup_1.json,backup_1e+21.json,backup_1700000000001.enc.json,backup_0.json
prune	backup_1700000000000.json,backup_0.json,backup_0.json|3
prune	backup_0.enc.json,backup_1700,entries.json|3
list	backup_100.json,backup_1700000000000.json,backup_1700.json.bak
list	backup_backup_1700.json,prefix_backup_1700.json,backup_1700000000001.enc.json,backup_1700
list	backup_1700.txt,backup_1700000000001.enc.json,backup_-1.json,backup_.enc.json
list	backup_1700000000001.json,backup_1700.enc.json,backup_1e+21.json,backup_1.json,backup_1e+21.json,backup_1e+21.json
prune	backup_backup_1700.json,backup_1700000000001.json,backup_.json|1
prune	backup_1700000000001.json,backup_.json,backup_0.json,backup_1e+21.json,backup_1700000000000.json|4
prune	backup_-1.json,backup_-1.enc.json,backup_0.enc.json|3
prune	backup_1700,backup_1700000000000.json,backup_100.json,backup_1e+21.json,backup_1700.txt|1
prune	backup_1e+21.enc.json,backup_.json,backup_-1.json,BACKUP_1700.json,backup_0.json,backup_backup_1700.json|2
list	backup_1700000000000.json,backup_.enc.json,backup_100.json,backup_-1.json,backup_0.json
prune	BACKUP_1700.json,backup_0.json,backup_1700000000001.json,backup_1.json,backup_1700000000001.enc.json,backup_1e+21.enc.json,backup_1700000000001.enc.json|0
prune	backup_1.json,backup_1700.enc.json,BACKUP_1700.json|3
prune	backup_0.json,backup_backup_1700.json,backup_0.json,backup_.enc.json|2
prune	backup_100.json,backup_1.json,backup_0.json,backup_0.json,backup_backup_1700.json|4
prune	backup_1700.json.bak,backup_12.5.json,BACKUP_1700.json,backup_12.5.json|3
list	backup_0.json,backup_backup_1700.json,backup_0.json,backup_100.json,backup_-1.json,backup_1700000000000.json
prune	backup_1700000000000.enc.json,backup_1700,backup_.enc.json|4
prune	backup_1.enc.json,backup_1700000000000.enc.json,backup_0.json,backup_1.json,backup_12.5.json,backup_-1.json|3
list	backup_1.enc.json,backup_1e+21.json,backup_0.json,backup_1e+21.json,backup_0.json,backup_1.enc.json
list	backup_1700000000001.json,backup_1700000000000.json,backup_1700000000001.json
list	prefix_backup_1700.json,backup_12.5.json,backup_1700.txt,backup_0.json
list	backup_draft.json,backup_0.json,backup_100.json,backup_-1.json
prune	backup_0.json,backup_-1.json,backup_12.5.json|0
prune	backup_12.5.json,backup_12.5.json,backup_0.enc.json,backup_0.json|1
list	config.json,backup_1700.enc.json
list	backup_1700000000000.json,BACKUP_1700.json,backup_1e+21.json
list	backup_12.5.json,backup_100.enc.json,backup_1e+21.enc.json,backup_0.json,config.json,prefix_backup_1700.json
list	backup_1.json,backup_1.json,backup_12.5.enc.json
prune	entries.json,backup_12.5.json,backup_.json,backup_0.enc.json|1
prune	backup_1700.enc.json,backup_0.enc.json,backup_1700.txt,backup_1e+21.enc.json,backup_100.enc.json,backup_1700.txt,backup_100.json|4
prune	backup_12.5.json,backup_1700.enc.json|0
prune	backup_1700.json.bak,backup_0.enc.json,backup_100.json,backup_1e+21.json|0
prune	BACKUP_1700.json,backup_100.enc.json,backup_12.5.json,backup_12.5.json|0
list	prefix_backup_1700.json,backup_1.json,backup_100.enc.json,backup_1.json
prune	backup_1700000000001.json,backup_0.json|4
list	backup_1700.txt,backup_1700000000000.enc.json
prune	backup_1700.json.bak|1
list	backup_draft.json,prefix_backup_1700.json,backup_1700.txt,backup_1700.txt,backup_0.enc.json
prune	backup_1e+21.json,backup_0.json|0
prune	backup_1700000000000.json,backup_100.enc.json,backup_12.5.json,backup_100.json,backup_1700000000000.json,backup_1e+21.json|3
list	backup_1700000000001.enc.json,backup_0.json,backup_backup_1700.json,backup_1e+21.enc.json
prune	BACKUP_1700.json,backup_0.json,backup_0.json,backup_1.json,backup_1700,backup_1700000000001.json,backup_100.json|0
list	backup_1700000000000.json,backup_0.json,backup_draft.json,backup_backup_1700.json,backup_backup_1700.json,backup_0.json
prune	backup_1700000000000.json,backup_1700000000001.json,backup_0.json,backup_0.json,backup_1e+21.json,backup_1e+21.enc.json,backup_backup_1700.json|4
prune	backup_backup_1700.json,backup_-1.enc.json,backup_1700.json.bak,backup_0.enc.json,backup_0.json,backup_-1.enc.json|3
list	backup_1700.txt,backup_1700000000001.json,backup_1e+21.json,backup_1700000000001.json,backup_1.json
prune	backup_1e+21.json,backup_1.json,backup_100.json,backup_1.json,backup_-1.json,backup_1.enc.json,backup_1700000000000.json|1
prune	backup_1700,backup_100.json,backup_1.json|1
list	backup_1e+21.json,backup_1700.enc.json,backup_-1.enc.json,backup_1700.enc.json,backup_1.json
list	backup_1700000000000.enc.json,backup_1.enc.json,backup_-1.json,backup_1700000000000.json
list	backup_0.json,backup_12.5.json,backup_1e+21.json
list	backup_1700000000000.json,config.json,backup_1e+21.enc.json,config.json
prune	config.json,backup_-1.enc.json,backup_1e+21.enc.json|1
prune	backup_0.json,prefix_backup_1700.json|2
list	backup_12.5.enc.json,backup_1700000000000.json,backup_1700000000001.json,backup_1700000000001.json
prune	backup_.json,backup_1700000000000.json,backup_1700000000001.json,backup_12.5.json|3
prune	backup_1e+21.json,backup_1700,backup_0.json,backup_100.json|1
list	BACKUP_1700.json,backup_1700000000001.json,backup_-1.json,backup_.json,backup_0.json,prefix_backup_1700.json
list	entries.json,backup_0.json,backup_draft.json,backup_1e+21.json,backup_-1.enc.json
list	backup_100.json,backup_100.json,backup_0.json,backup_1e+21.enc.json,backup_0.json
list	entries.json,entries.json,backup_-1.enc.json
prune	backup_-1.json,backup_1700000000000.enc.json,backup_1.json,backup_0.json,backup_1700|3
list	backup_1700.json.bak,backup_draft.json,backup_100.json,backup_12.5.json,backup_1700000000001.json,backup_0.json
list	backup_1e+21.enc.json,backup_1700,backup_1700000000001.json
prune	backup_12.5.json,backup_1e+21.json|3
prune	backup_0.enc.json,config.json,backup_.enc.json,backup_1700|2
prune	backup_0.json,BACKUP_1700.json,backup_0.enc.json,backup_1e+21.enc.json,backup_0.json|3
prune	backup_1e+21.enc.json,backup_1700000000001.json,backup_12.5.json,backup_12.5.json,config.json|4
prune	backup_backup_1700.json,backup_1700.enc.json|4
prune	backup_-1.json,backup_1700000000001.json|3
prune	backup_12.5.enc.json,backup_1700000000000.json,backup_0.enc.json,backup_1700000000000.json,backup_12.5.json,backup_1.enc.json,backup_1700000000001.json|2
prune	backup_1e+21.json,backup_100.enc.json,backup_1700000000001.enc.json,backup_100.json,backup_1e+21.enc.json|4
prune	backup_.json|3
prune	backup_1.enc.json,backup_1700000000000.json,backup_12.5.json|4
prune	backup_-1.json,backup_1700,BACKUP_1700.json,backup_1700.json.bak|4
list	backup_0.json,backup_1700000000000.enc.json
list	backup_100.json,backup_-1.enc.json,backup_1700000000000.json
prune	backup_1700000000000.json,backup_1.json,backup_1700.txt|2
list	backup_12.5.enc.json,backup_.json,backup_0.json,backup_-1.json,backup_1700000000000.enc.json
prune	backup_1700000000000.json,backup_1e+21.enc.json,backup_1700000000000.enc.json|0
prune	backup_.enc.json|0
list	backup_1e+21.json,backup_1.json,backup_1e+21.json,backup_0.json,backup_1700
list	backup_-1.json,backup_-1.enc.json
prune	backup_100.json,backup_1700000000001.json,backup_1.json|0
prune	backup_.json,backup_1.enc.json,backup_-1.json,backup_100.json,backup_1.json,backup_1700.json.bak,backup_1700|0
list	backup_0.json,backup_1700000000001.json,backup_1.json,backup_1700.json.bak,backup_0.json,backup_1e+21.json
prune	backup_100.json,backup_1700000000001.json,backup_draft.json,backup_1700000000000.enc.json,backup_100.json|2
list	backup_1.enc.json,backup_1700.enc.json,backup_1700000000001.json,backup_1e+21.json
prune	backup_1e+21.json,backup_draft.json,backup_1.enc.json,BACKUP_1700.json,backup_1700000000001.enc.json|1
prune	backup_12.5.enc.json,prefix_backup_1700.json,backup_1700.txt,backup_1e+21.json,backup_1e+21.json,backup_100.json|1
prune	backup_12.5.enc.json,backup_0.json,backup_100.json,backup_12.5.json,backup_1e+21.json|1
list	backup_-1.json,backup_12.5.json
list	BACKUP_1700.json,backup_1.json,backup_1700000000000.json,backup_0.json,backup_0.json,backup_1.enc.json
prune	backup_100.enc.json,backup_1700000000001.enc.json,config.json,backup_100.json|1
prune	backup_0.json,backup_100.json,config.json,backup_-1.json,backup_.json,backup_1700|4
list	backup_1700000000001.json,backup_1700000000001.json,config.json,backup_100.json,backup_.json
prune	backup_1700000000000.enc.json,backup_1e+21.json,backup_1700.txt,backup_0.json,backup_-1.json|3
prune	backup_1.json,backup_12.5.json|3
prune	backup_0.enc.json,backup_0.enc.json,backup_1e+21.json|0
list	backup_1700000000000.enc.json,backup_-1.json,backup_0.json,backup_backup_1700.json
list	backup_12.5.json,prefix_backup_1700.json
prune	backup_1700000000001.enc.json,backup_100.json,backup_-1.json,backup_draft.json,backup_-1.json,backup_1.json,backup_12.5.enc.json|0
list	prefix_backup_1700.json,backup_1e+21.json,backup_1700000000000.json,backup_1.enc.json,backup_1e+21.enc.json,prefix_backup_1700.json
prune	backup_1700,config.json,backup_.json,backup_12.5.json|3
list	backup_draft.json,config.json,backup_12.5.json,backup_1700000000001.enc.json
list	backup_1700000000000.json,backup_1700000000001.enc.json
prune	backup_12.5.json,backup_1e+21.enc.json,backup_-1.enc.json|2
list	backup_1e+21.json,backup_1700.json.bak,backup_100.enc.json,backup_100.json
prune	backup_1700.txt,backup_1700000000000.enc.json,backup_0.json,backup_12.5.enc.json|1
list	entries.json,backup_1e+21.enc.json,backup_1700.enc.json
prune	backup_0.enc.json,backup_.json,backup_-1.json,backup_0.enc.json,backup_1700000000001.json,backup_backup_1700.json,config.json|0
list	backup_1700,backup_-1.json
prune	backup_1.json,backup_draft.json,backup_1700,backup_1700,backup_100.json|3
prune	backup_-1.json,backup_1700000000001.json,backup_.enc.json,backup_1700000000001.json,backup_.json|0
prune	backup_1.json,backup_1700000000001.enc.json,backup_100.enc.json,backup_-1.json,backup_12.5.json,BACKUP_1700.json|4
prune	backup_100.json,backup_1700000000001.enc.json,backup_1700.enc.json,backup_1e+21.enc.json,backup_1700.enc.json,backup_1.json|4
list	backup_0.json,backup_.enc.json,BACKUP_1700.json,backup_100.enc.json,backup_-1.enc.json,backup_12.5.enc.json
list	backup_1.enc.json,entries.json
prune	backup_0.json,backup_1700|0
list	backup_1e+21.enc.json,backup_1e+21.json,prefix_backup_1700.json,backup_1700.json.bak,backup_1700
list	backup_-1.enc.json,backup_1700,backup_1700000000001.json,backup_1700000000001.enc.json
prune	backup_1700000000001.json,backup_1700.txt,backup_0.json|3
list	backup_1e+21.enc.json,backup_100.json,backup_0.json,backup_12.5.enc.json
prune	backup_1700000000000.json,backup_1700000000000.json,backup_backup_1700.json|2
prune	backup_12.5.json,backup_12.5.enc.json,backup_1.json,backup_1700.txt,backup_-1.enc.json,backup_1700000000000.json,backup_1700000000000.json|0
list	backup_1700000000000.json,backup_1700.json.bak,backup_draft.json,backup_.enc.json,entries.json,backup_1.json
prune	prefix_backup_1700.json,backup_1700.txt,config.json,prefix_backup_1700.json|3
list	backup_-1.json,backup_0.enc.json,backup_1700000000001.json,backup_1.json,backup_0.json
list	backup_1e+21.json,backup_backup_1700.json,backup_1700000000001.json,backup_1.json,backup_.json
list	config.json,backup_1700000000000.json
prune	backup_12.5.json,backup_100.json|3
prune	backup_.json,backup_1700000000000.json,backup_0.json|4
list	backup_1700000000001.enc.json,backup_1e+21.enc.json,backup_12.5.enc.json,backup_1700000000000.json,backup_0.json,backup_.json
list	backup_.json,backup_1.json,entries.json
prune	backup_-1.json,backup_-1.enc.json,backup_1700,backup_1.json,backup_1700.txt|3
prune	backup_1.json,backup_0.json,backup_0.enc.json,backup_1700000000000.json,backup_1.json|4
prune	backup_.enc.json,backup_1e+21.enc.json,backup_1700000000000.json,backup_-1.json,backup_draft.json,backup_1700000000000.json|2
prune	backup_1700000000001.enc.json,backup_1700000000000.json|3
prune	backup_100.enc.json,backup_1700.enc.json,BACKUP_1700.json,backup_12.5.enc.json,backup_1700000000000.enc.json,config.json,backup_1700000000000.json|0
prune	backup_1700000000001.enc.json,backup_1700,backup_0.enc.json,backup_1.enc.json,backup_12.5.json,backup_-1.json|3
prune	backup_12.5.json,backup_1.json|1
prune	backup_-1.json,backup_1700000000001.json,backup_1e+21.json,backup_-1.json,BACKUP_1700.json,backup_.enc.json,backup_1700000000000.json|4
prune	backup_backup_1700.json,backup_1.enc.json,backup_1700000000001.json,backup_1e+21.json,prefix_backup_1700.json,backup_1700|2
list	backup_draft.json,backup_-1.json
prune	backup_1700000000001.json,backup_-1.json,backup_backup_1700.json,backup_12.5.json,backup_100.enc.json|1
prune	backup_-1.json,BACKUP_1700.json,backup_1700000000000.enc.json,backup_1700.json.bak|1
list	backup_1.json,backup_1700000000001.enc.json,backup_-1.json,backup_1.json,backup_12.5.json
prune	backup_1700000000000.json,backup_1700.enc.json,backup_12.5.json,backup_0.json,backup_1.json|4
prune	backup_0.json,backup_1700.enc.json,backup_1e+21.enc.json,backup_100.json,backup_1.json,backup_1700000000000.json,backup_1700|2
prune	backup_1700000000001.json,backup_1e+21.json,backup_12.5.json,backup_.enc.json,backup_100.json|4
prune	backup_0.json,backup_1700.json.bak,backup_100.json|4
list	backup_1700.txt,backup_-1.enc.json,backup_1.json,config.json,backup_1e+21.enc.json
prune	backup_1700000000000.json,backup_1700000000001.json|0
prune	prefix_backup_1700.json,prefix_backup_1700.json,backup_1700000000000.enc.json,backup_draft.json|4
prune	backup_1700.enc.json,backup_100.json,backup_1.json,backup_1.json,entries.json,backup_-1.json,backup_1700000000000.enc.json|4
list	backup_-1.json,backup_100.json,backup_1.json,backup_0.json
list	backup_.json,backup_1700.txt,backup_1e+21.json
list	backup_1700000000001.enc.json,backup_100.json,backup_draft.json,backup_-1.json
prune	backup_12.5.json,backup_1700,config.json,backup_12.5.json|1
prune	backup_1700000000001.enc.json,backup_100.json,backup_.json,BACKUP_1700.json|1
list	backup_1700000000001.json,backup_-1.json,backup_1700000000001.json,backup_1.json,backup_12.5.json,backup_1700
list	backup_1e+21.enc.json,backup_0.enc.json,backup_1700000000000.enc.json,backup_0.json,BACKUP_1700.json
prune	backup_draft.json,backup_backup_1700.json,backup_backup_1700.json,backup_-1.json,backup_1.enc.json|1
list	backup_1700000000001.json,backup_1700000000000.json,backup_1.enc.json,backup_12.5.json,backup_-1.json,backup_1.json
list	backup_1.enc.json,backup_1700000000000.json,backup_-1.json,backup_1e+21.json,backup_0.json,backup_100.json
prune	backup_1e+21.json,backup_12.5.enc.json,backup_-1.json,backup_-1.json|1
prune	backup_100.json,backup_12.5.json,backup_1700000000000.enc.json,backup_1700,backup_-1.json,backup_1700.txt,entries.json|0
prune	backup_1700000000000.json,backup_1700.txt,backup_1e+21.json,backup_1700000000001.json,config.json,prefix_backup_1700.json|3
list	backup_12.5.enc.json,backup_-1.json,backup_0.json
prune	backup_1700.txt,backup_1e+21.json,backup_1e+21.enc.json,backup_1700000000001.json|0
list	backup_1.json,backup_1.json,backup_0.json,backup_1700000000001.json
list	prefix_backup_1700.json,prefix_backup_1700.json,backup_1700000000000.json,backup_1700.enc.json,backup_-1.json
list	config.json,backup_1.json
list	backup_.json,backup_1700000000000.enc.json,backup_1e+21.json
list	backup_0.json,backup_-1.enc.json,backup_-1.json,backup_0.json,backup_-1.json
prune	backup_1.json,backup_1e+21.json,backup_1e+21.json,backup_1e+21.enc.json|1
prune	backup_1700000000000.json,backup_12.5.json|4
prune	backup_12.5.json,backup_100.json,backup_1700000000000.json,backup_100.json,backup_-1.json|3
list	backup_0.enc.json,backup_100.json
list	backup_1700.json.bak,backup_12.5.json,backup_12.5.json,backup_1700000000000.enc.json,backup_.json
prune	backup_1700000000001.enc.json,backup_1.enc.json|4
prune	backup_1700000000000.enc.json,backup_1700000000000.enc.json,backup_-1.json,backup_1e+21.json,backup_-1.json,backup_100.json,backup_draft.json|0
list	backup_1700000000001.enc.json,entries.json,BACKUP_1700.json,backup_-1.json,backup_0.json,backup_1700000000001.json
prune	backup_1700000000001.json,backup_100.enc.json|0
prune	config.json,backup_100.json,backup_12.5.enc.json|2
list	backup_1700000000000.enc.json,backup_1700000000000.json,backup_1e+21.json,backup_-1.json
prune	backup_backup_1700.json,backup_-1.json|4
prune	config.json,backup_1.enc.json|0
prune	backup_-1.enc.json,backup_0.json,backup_-1.json,backup_-1.enc.json|3
prune	backup_1e+21.json,backup_-1.json,backup_1700000000000.json,backup_backup_1700.json,backup_1700000000001.json,backup_100.json|3
list	backup_1700000000001.json,backup_1e+21.json,backup_1700000000000.json
prune	backup_1.json,prefix_backup_1700.json,backup_-1.json,backup_1.enc.json,backup_0.enc.json,backup_100.enc.json|2
list	entries.json,backup_12.5.json,backup_12.5.enc.json
prune	backup_0.json,backup_.enc.json,backup_-1.json,backup_1700000000001.json|2
list	backup_0.json,backup_1.json,backup_12.5.enc.json,backup_1700000000000.enc.json,backup_12.5.enc.json,backup_1e+21.enc.json
prune	backup_1700000000000.json,backup_12.5.json,backup_1700000000000.json|1
prune	backup_100.json,backup_1700000000000.json,backup_100.enc.json,backup_100.json|0
prune	backup_1.json,backup_backup_1700.json,backup_12.5.json,backup_-1.json,backup_-1.json|2
prune	backup_1700.txt,backup_1e+21.json,backup_100.json,backup_12.5.json,backup_100.json,backup_-1.enc.json|3
prune	backup_1700000000001.json,backup_0.enc.json,backup_1700000000000.json,backup_.enc.json,backup_1.json|3
prune	backup_backup_1700.json,backup_100.json,backup_12.5.json,backup_backup_1700.json|3
list	backup_1700000000000.enc.json,backup_-1.json,backup_100.json,backup_0.json,backup_-1.json
list	backup_0.enc.json,backup_1700000000001.json,backup_1700000000000.enc.json,backup_-1.enc.json
list	backup_0.enc.json,backup_12.5.json
list	backup_1700.txt,backup_1e+21.json,backup_1700000000001.json,backup_0.json,entries.json
prune	backup_1700000000001.json,backup_-1.json|1
list	BACKUP_1700.json,backup_100.enc.json,backup_1e+21.json,backup_1.json
prune	backup_1700.txt,backup_0.json,backup_1700000000001.enc.json,backup_1e+21.enc.json,backup_1700000000001.json,config.json,backup_.enc.json|3
prune	backup_-1.json,backup_1700000000001.json,prefix_backup_1700.json,backup_-1.json,backup_-1.json,backup_12.5.json|2
list	backup_1700.json.bak,backup_-1.json,backup_1700.enc.json,backup_1e+21.json,backup_-1.enc.json,backup_.enc.json
prune	backup_-1.enc.json,backup_-1.json,backup_.json,backup_-1.json,backup_1.json,backup_100.json,backup_1700000000001.json|1
prune	config.json,backup_12.5.json,backup_1.json,backup_1e+21.enc.json|0
prune	backup_-1.enc.json,backup_.enc.json,BACKUP_1700.json,backup_0.json,backup_1.json,backup_1700000000000.json,backup_-1.json|1
prune	backup_1700,prefix_backup_1700.json,backup_1700000000000.json,backup_12.5.enc.json,backup_12.5.json,backup_1700000000000.enc.json|2
list	backup_12.5.json,backup_1700
prune	backup_100.json,entries.json,backup_1700,backup_.enc.json,backup_-1.json|1
prune	backup_1e+21.json|1
prune	backup_1e+21.enc.json,backup_1700000000001.json,backup_1700000000001.json,backup_12.5.json,backup_.json,backup_12.5.json,backup_1700000000001.enc.json|4
list	backup_1700000000001.enc.json,backup_-1.json,backup_-1.json,backup_1700000000001.json,backup_1700000000000.json
list	backup_1.json,backup_1e+21.json
prune	backup_1.json,backup_100.json|1
list	backup_-1.enc.json,backup_1.json,backup_1700
prune	backup_-1.enc.json,backup_1700,backup_-1.json,backup_0.json,backup_1700000000000.json,backup_1700000000001.enc.json|0
list	backup_1.json,backup_-1.json,backup_.json,backup_1700000000001.enc.json,backup_1700.enc.json
prune	backup_draft.json,backup_1700000000000.json,backup_1700000000001.json,backup_100.enc.json|2
list	backup_1700000000000.json,backup_100.json,backup_12.5.enc.json
list	backup_12.5.json,backup_-1.enc.json,backup_1700.enc.json,backup_-1.json
list	backup_12.5.json,backup_1700000000000.enc.json,backup_100.json,backup_-1.json,backup_0.json,backup_1700.enc.json
prune	backup_.enc.json,backup_12.5.json,backup_12.5.enc.json,backup_100.json,backup_0.enc.json,backup_1700000000001.json|0
list	config.json,backup_0.json,backup_-1.json,backup_-1.enc.json,backup_.json,backup_1700000000001.enc.json
list	backup_1.json,backup_12.5.json,backup_1e+21.json,backup_0.enc.json
prune	backup_12.5.json,backup_0.enc.json,backup_1700.enc.json,backup_backup_1700.json,backup_.enc.json,backup_100.json,backup_1.json|0
prune	backup_1e+21.json,backup_1.json,backup_.enc.json|2
list	backup_1700000000001.json,backup_1700000000001.json
list	backup_1700.txt,backup_100.json,backup_1e+21.json
list	prefix_backup_1700.json,backup_12.5.json,backup_100.json,backup_-1.json
list	backup_.json,backup_1700000000001.json,backup_12.5.json,backup_-1.json,backup_1.json,backup_0.json
prune	backup_100.json,backup_.enc.json,backup_1e+21.json,backup_backup_1700.json,backup_0.enc.json,BACKUP_1700.json|4
prune	backup_1.json,backup_100.json,backup_100.enc.json,backup_1e+21.json|2
list	backup_12.5.json,backup_1700.txt
prune	entries.json,backup_1e+21.enc.json,backup_1e+21.json,backup_100.json,backup_12.5.json,backup_1e+21.json|2
list	backup_1700000000000.enc.json,backup_1700000000001.json,backup_0.json,backup_-1.json,backup_1700000000001.json
prune	backup_1e+21.json,backup_12.5.json,backup_12.5.json,backup_1700000000001.json,backup_1.json,entries.json|2
list	backup_1.json,backup_0.json
prune	backup_100.json,backup_12.5.json,entries.json,backup_12.5.json,backup_draft.json,backup_12.5.json|1
list	backup_1700.txt,backup_0.enc.json,backup_12.5.enc.json,backup_-1.json,backup_1.json
list	backup_1700.enc.json,backup_100.json,backup_1700.txt,backup_.enc.json,backup_1e+21.json
prune	backup_-1.json,backup_100.json|4
list	backup_1.enc.json,backup_12.5.json,backup_100.enc.json,backup_backup_1700.json
list	backup_1.enc.json,backup_100.enc.json,backup_-1.enc.json,backup_100.json
prune	backup_.enc.json,backup_1700000000000.json,backup_1.json,backup_100.json|4
prune	backup_.json,backup_1700000000000.enc.json,backup_-1.enc.json,backup_1700000000000.json,backup_0.enc.json,backup_-1.json,backup_1e+21.json|4
list	backup_1700000000000.json,backup_12.5.json
list	backup_1700000000000.enc.json,backup_0.json,backup_100.json,backup_12.5.enc.json,backup_1700000000000.json,backup_.enc.json
list	backup_draft.json,backup_.json,backup_100.json,backup_0.json
prune	backup_0.enc.json,backup_100.json,backup_1700000000001.enc.json|2
prune	backup_1700.txt,backup_100.json,prefix_backup_1700.json,backup_100.enc.json,backup_0.json,backup_1700000000000.json,backup_0.json|3
prune	backup_12.5.json,backup_12.5.enc.json,backup_-1.enc.json,backup_1700000000000.enc.json|3
list	backup_-1.json,backup_-1.enc.json,backup_1.json,backup_0.json
prune	backup_-1.json,backup_1700,backup_12.5.enc.json,backup_-1.enc.json,backup_.json|1
prune	backup_.enc.json,backup_1700000000000.json,backup_-1.json,config.json|3
prune	backup_1700000000001.enc.json,backup_12.5.enc.json,backup_-1.json,backup_-1.json|1
prune	config.json,backup_1e+21.json,backup_0.json|0
prune	backup_1700.txt,backup_backup_1700.json|2
list	backup_100.json,backup_1700000000001.json,backup_1700000000001.json,backup_1700000000000.enc.json,backup_1.enc.json,backup_1700000000000.json
prune	backup_1e+21.json,backup_1700000000000.enc.json,backup_0.json,backup_12.5.json|0
list	backup_-1.enc.json,backup_1700.enc.json,backup_0.enc.json,backup_.enc.json,backup_12.5.json,backup_.json
prune	prefix_backup_1700.json,backup_100.json,backup_1700000000000.enc.json,backup_-1.json|3
prune	backup_draft.json,backup_12.5.enc.json|1
list	backup_0.json,backup_1e+21.json,backup_0.json
list	backup_1700000000000.json,backup_1.json,backup_1e+21.json
prune	backup_100.json,backup_0.enc.json,prefix_backup_1700.json,backup_1700|1
list	backup_1700000000001.json,backup_100.json,backup_1700000000000.enc.json,backup_1700.enc.json
prune	prefix_backup_1700.json,backup_0.enc.json|1
list	backup_1.json,backup_1e+21.json,backup_100.json,backup_12.5.enc.json,backup_-1.enc.json,backup_1.json
prune	backup_draft.json,backup_-1.json,backup_1e+21.json,backup_1e+21.json,backup_-1.json|1
prune	backup_12.5.enc.json,backup_12.5.json,backup_0.json,backup_1e+21.json,backup_1e+21.json,backup_-1.json,backup_1e+21.enc.json|2
prune	backup_1.json,backup_-1.json|1
list	backup_1700000000000.enc.json,backup_1700.json.bak
prune	backup_1700.enc.json,backup_100.json,backup_draft.json,backup_1700.enc.json,backup_1.json,backup_.json,backup_1700000000001.json|2
list	backup_12.5.json,backup_1700,backup_1.json
list	backup_100.json,backup_0.json,backup_1700000000001.json,backup_12.5.enc.json,backup_1700.txt,backup_100.json
prune	backup_0.enc.json,config.json,backup_1700,backup_draft.json,backup_1700000000000.json,backup_12.5.json|2
prune	backup_0.json,backup_1e+21.json,backup_0.json,backup_1700.json.bak,backup_100.json,backup_1e+21.json,backup_0.enc.json|3
list	backup_12.5.json,backup_100.json,BACKUP_1700.json
list	backup_0.json,backup_-1.json,backup_12.5.enc.json,backup_100.json,backup_1700000000000.enc.json
list	backup_100.json,backup_1700000000000.enc.json,backup_1700.enc.json,backup_.enc.json
prune	backup_1e+21.json,backup_-1.enc.json,backup_12.5.json,backup_.enc.json,backup_12.5.enc.json,backup_-1.json|3
list	backup_100.json,backup_1e+21.json,backup_1.json,backup_1700000000000.enc.json,backup_1.enc.json
prune	backup_100.json,backup_-1.json,backup_0.enc.json,backup_1e+21.json,backup_.enc.json,backup_100.json,backup_0.json|0
prune	backup_1700,backup_1700.enc.json,backup_1700000000000.enc.json,backup_.enc.json,backup_draft.json|3
list	backup_1e+21.json,BACKUP_1700.json,backup_backup_1700.json,backup_-1.json
list	backup_1700.enc.json,backup_1700,backup_1700.json.bak,backup_0.json,backup_12.5.enc.json,backup_1700000000001.json
list	backup_1700000000001.json,backup_-1.enc.json,BACKUP_1700.json,backup_1700000000000.enc.json,backup_-1.json,backup_12.5.json
prune	backup_1700000000000.json,backup_1700000000001.json,backup_1700.json.bak,backup_1700,backup_1700000000001.json,backup_.enc.json|3
prune	backup_1.json,backup_1700000000000.json|3
prune	backup_1.json,backup_.enc.json|0
list	backup_0.json,backup_-1.json,backup_1.json
list	backup_100.json,backup_1.enc.json,backup_-1.json,backup_0.enc.json,prefix_backup_1700.json,backup_1e+21.json
prune	backup_100.json,config.json,backup_-1.json,backup_backup_1700.json,backup_1700000000000.json|3
prune	backup_100.json,backup_12.5.json,backup_0.json|4
list	backup_100.enc.json,backup_-1.enc.json,backup_100.json,backup_1700000000000.enc.json,backup_1700000000000.enc.json
list	backup_0.enc.json,backup_1700.enc.json,backup_1700000000001.json,backup_1700.json.bak
prune	backup_-1.json,backup_-1.json|0
prune	backup_1700,backup_12.5.json,backup_-1.json,backup_1e+21.json,backup_1700000000000.json|1
list	backup_1700000000000.json,backup_0.json,backup_100.json
list	backup_0.json,backup_100.json,backup_1700000000000.enc.json,backup_0.json
list	backup_1.json,backup_100.enc.json,backup_-1.json,backup_12.5.json
list	backup_1700000000000.json,config.json,config.json,backup_12.5.json,backup_1e+21.json,backup_1700000000001.enc.json
prune	backup_.enc.json,backup_1700000000000.json,backup_1e+21.json,backup_1.json,backup_0.json,backup_1700000000000.enc.json,backup_1700000000000.json|1
prune	backup_0.json,config.json,backup_1700000000000.json|3
list	backup_backup_1700.json,backup_1700
list	backup_1700,backup_1700,backup_1e+21.json,backup_0.json,backup_0.json,backup_1700000000001.json
prune	BACKUP_1700.json,backup_0.json,backup_1700000000001.json,config.json,backup_100.json|4
prune	backup_1700000000000.json,backup_0.json,backup_1700000000001.json,backup_draft.json|1
prune	BACKUP_1700.json,backup_1700.enc.json,backup_1.json,backup_backup_1700.json|1
prune	backup_1e+21.enc.json,backup_-1.json,backup_0.json,backup_12.5.enc.json,backup_12.5.json|1
prune	backup_12.5.json,BACKUP_1700.json|0
prune	prefix_backup_1700.json,backup_-1.json|4
prune	backup_100.enc.json,backup_1e+21.enc.json,backup_1e+21.json,backup_100.enc.json|2
prune	backup_1700.txt,backup_1700000000001.json,backup_1700000000001.enc.json,backup_100.json|0
prune	backup_1.json,backup_1e+21.enc.json|3
list	backup_0.json,backup_1700000000001.json,backup_-1.json
prune	backup_1.json,backup_-1.json|3
prune	backup_-1.json,backup_0.json,backup_1.json,backup_-1.json,backup_12.5.json|4
list	backup_100.enc.json,backup_1700
list	backup_1e+21.json,backup_.enc.json,backup_12.5.enc.json,backup_1700.json.bak,backup_1e+21.json,prefix_backup_1700.json
prune	backup_1700000000000.json,backup_100.json|4
list	backup_-1.json,backup_draft.json,backup_1700000000001.json,backup_0.enc.json
prune	backup_1700.json.bak,backup_100.enc.json|0
prune	backup_1.enc.json,backup_.json,backup_1700000000000.json,prefix_backup_1700.json|3
list	backup_0.json,backup_100.json,backup_1e+21.json,backup_100.json,backup_1700.txt,backup_1e+21.json
prune	backup_0.json,prefix_backup_1700.json|3
list	backup_1700000000000.json,backup_12.5.enc.json,backup_1700000000000.json,backup_-1.json
list	backup_1e+21.json,config.json,backup_1.json,backup_12.5.json,backup_-1.enc.json,backup_backup_1700.json
prune	backup_0.json,backup_1700.enc.json,prefix_backup_1700.json,entries.json,backup_100.enc.json,backup_1700000000000.json|2
prune	backup_12.5.json,backup_1700000000000.json,backup_0.enc.json,backup_1700000000000.enc.json,backup_12.5.json,backup_1e+21.json|0
prune	backup_1700000000000.json,backup_1.json,backup_.enc.json,backup_1700,backup_-1.json,backup_0.json|3
list	backup_-1.json,backup_1e+21.json,BACKUP_1700.json,backup_0.json,backup_1700000000001.enc.json
prune	backup_100.enc.json,backup_-1.json,backup_backup_1700.json,backup_0.json,backup_0.json,backup_-1.json|0
prune	backup_1.json,backup_backup_1700.json,backup_0.json|2
prune	backup_0.json,BACKUP_1700.json,backup_1700000000001.json,backup_-1.enc.json|1
list	backup_1700000000001.enc.json,backup_1700000000001.json,backup_1.json,backup_1700000000000.json
list	backup_1.json,backup_1700,backup_1.enc.json,backup_1700.txt,backup_1700.enc.json,backup_1700000000000.enc.json
list	backup_1e+21.json,backup_1.enc.json,backup_0.enc.json,backup_1700000000000.enc.json,BACKUP_1700.json
prune	backup_0.enc.json,backup_100.json,backup_0.json,entries.json|1
prune	BACKUP_1700.json,backup_backup_1700.json,backup_-1.enc.json,backup_100.enc.json|4
prune	backup_100.json,backup_1700.json.bak,backup_12.5.json,entries.json,backup_12.5.json,backup_1700000000000.json|1
prune	backup_1700000000000.json,backup_12.5.json,backup_1.json,backup_0.json,prefix_backup_1700.json,backup_.json,backup_0.enc.json|3
prune	backup_100.json,backup_0.enc.json,backup_1.enc.json|1
list	backup_1.json,backup_1.json,backup_1e+21.json,prefix_backup_1700.json,backup_0.json
list	backup_1700,backup_12.5.json,backup_1e+21.enc.json,backup_-1.json,backup_1700
list	backup_-1.json,backup_1.json,backup_1700,backup_0.json,backup_12.5.enc.json,backup_12.5.json
list	backup_-1.enc.json,entries.json,backup_12.5.enc.json,backup_12.5.json,backup_12.5.json,backup_1700000000000.json
prune	backup_0.json,backup_1.json,backup_1.enc.json,backup_1.enc.json,backup_1700000000001.json,backup_.json,entries.json|1
prune	backup_12.5.json,backup_100.json,backup_-1.json,backup_-1.enc.json,prefix_backup_1700.json|1
prune	entries.json,backup_backup_1700.json,backup_12.5.json,backup_1.enc.json,backup_12.5.json,backup_.json|4
prune	backup_1700000000000.enc.json|3
list	backup_-1.json,backup_100.enc.json,backup_.json,backup_1700000000000.json,backup_100.json
prune	backup_0.json,backup_backup_1700.json|2
prune	backup_0.json,backup_1700000000001.enc.json|0
prune	backup_1700000000001.json,backup_-1.json,backup_1700000000001.json|0
prune	backup_100.enc.json,backup_12.5.json,backup_1700000000001.enc.json|2
prune	backup_12.5.enc.json,backup_-1.json,backup_backup_1700.json,backup_1e+21.json|0
prune	backup_.json,backup_.json,entries.json,backup_12.5.json,backup_0.json,backup_-1.enc.json|1
list	backup_1.json,backup_100.json,backup_1700000000001.json,backup_-1.json,backup_1700000000001.json,backup_1700000000001.json
prune	backup_backup_1700.json,backup_-1.json,entries.json,backup_-1.json,backup_1700000000000.json|2
prune	backup_12.5.json,backup_1700000000001.json,backup_-1.json,entries.json,backup_-1.json,backup_1700.enc.json,backup_100.json|1
list	backup_1e+21.enc.json,backup_-1.json,backup_1700000000001.json,backup_1.enc.json,backup_.enc.json
prune	backup_1e+21.json,backup_1e+21.enc.json,backup_1700000000000.json,backup_1700000000000.json,backup_0.json,backup_1700.enc.json,backup_1e+21.json|3
prune	backup_1700000000000.json,backup_1e+21.json,backup_-1.enc.json,backup_1e+21.json,backup_100.json|0
prune	backup_1700,config.json,backup_1700000000001.json,backup_-1.json|0
prune	backup_-1.json,backup_1700.enc.json,backup_100.json,backup_1700000000001.json,backup_1.json,config.json,entries.json|1
list	backup_100.enc.json,backup_1700000000000.json
prune	backup_-1.enc.json,backup_100.json,entries.json,backup_1.json|2
prune	backup_-1.json,backup_1.json,backup_1.json,backup_1.enc.json,backup_1.json,backup_-1.json|4
list	backup_100.json,BACKUP_1700.json,backup_-1.json,backup_12.5.json
prune	backup_1700000000000.json,backup_1.json,backup_1700,backup_1700000000001.json,backup_0.enc.json,backup_12.5.json|4
prune	backup_100.json,backup_1700000000001.json,backup_1700,backup_12.5.json,backup_1700000000000.json,config.json|3
list	backup_backup_1700.json,backup_1e+21.json
prune	backup_12.5.enc.json,backup_-1.json,backup_1700000000000.enc.json,backup_0.json,backup_100.json|2
prune	backup_100.json,backup_1.enc.json|2
prune	backup_1700000000000.json,prefix_backup_1700.json|0
list	backup_1700000000000.json,backup_0.json,backup_-1.json
prune	backup_0.json,config.json|4
list	backup_1700000000000.json,backup_100.json,backup_-1.json,backup_1e+21.enc.json,backup_1700000000000.enc.json
list	backup_1700,backup_1e+21.enc.json
prune	backup_100.json,backup_1700,backup_1e+21.enc.json,backup_1700000000000.json,backup_12.5.json,backup_1700.json.bak|4
list	backup_0.json,config.json,backup_1.json,backup_0.json,backup_1.json,entries.json
list	backup_0.enc.json,backup_1700000000000.enc.json,backup_-1.enc.json,backup_0.enc.json,backup_0.json
prune	backup_-1.json,backup_0.json,backup_12.5.json|1
list	backup_1.json,backup_1700
list	backup_1e+21.json,backup_100.enc.json,backup_-1.json
list	backup_100.json,prefix_backup_1700.json,backup_1700000000000.enc.json,backup_1700,config.json
list	backup_12.5.json,backup_1700000000000.json,backup_12.5.json
prune	backup_1e+21.enc.json,backup_100.enc.json,backup_12.5.json,backup_1e+21.json|3
prune	backup_1700.enc.json,backup_1.json,backup_0.enc.json|1
list	backup_1.enc.json,backup_100.enc.json,backup_-1.enc.json,backup_100.json,backup_12.5.enc.json
list	backup_100.enc.json,backup_1.json,backup_0.json
list	backup_12.5.json,backup_1700000000001.enc.json,backup_100.json,backup_1.json,backup_1700.txt
list	backup_12.5.json,prefix_backup_1700.json,backup_1700000000001.enc.json,backup_100.enc.json,backup_1e+21.json
list	backup_.json,backup_-1.json,backup_1.json,backup_1700.enc.json,backup_1700000000001.json,backup_1e+21.json
list	backup_1700,backup_0.json,BACKUP_1700.json,entries.json,backup_100.json,config.json
list	backup_100.json,backup_0.json,backup_1700000000000.json,backup_0.json,backup_100.enc.json
prune	backup_1.json,backup_100.enc.json,backup_draft.json,backup_12.5.json,BACKUP_1700.json,backup_0.enc.json,backup_-1.json|4
list	backup_-1.enc.json,backup_-1.enc.json,backup_1.json,backup_1.json
prune	backup_1700.json.bak,backup_1e+21.enc.json,backup_12.5.json,backup_1.enc.json|3
prune	backup_12.5.json,backup_-1.json,backup_100.json,backup_1.json,backup_.enc.json,backup_1700000000000.enc.json,backup_1700000000000.json|0
list	backup_100.json,backup_-1.json,backup_1.enc.json,backup_1.json
list	backup_1.json,backup_1700.enc.json,backup_1.json,backup_1e+21.enc.json,backup_1700000000001.json,BACKUP_1700.json
list	backup_-1.enc.json,backup_12.5.json,BACKUP_1700.json
prune	backup_-1.json,backup_1700000000000.json,backup_0.enc.json,backup_0.enc.json,backup_12.5.json|4
list	backup_.json,backup_-1.json
list	backup_12.5.enc.json,backup_1700000000001.json,backup_1700000000001.json,backup_0.json
prune	backup_draft.json,backup_1700000000001.json,backup_backup_1700.json|1
prune	backup_12.5.json|4
prune	backup_-1.json,backup_1700000000000.json,backup_1e+21.json,backup_100.enc.json|3
prune	backup_1700.txt,backup_1700.enc.json|4
list	backup_1700000000001.enc.json,backup_12.5.json
list	backup_12.5.enc.json,backup_0.enc.json,backup_-1.json,backup_1700000000001.json,backup_12.5.json,entries.json
list	backup_-1.enc.json,BACKUP_1700.json,backup_1700,backup_1700.txt
prune	backup_-1.json,backup_100.json,backup_0.json,prefix_backup_1700.json,backup_1700.txt,backup_-1.json|4
list	backup_1700000000000.json,backup_0.json
list	backup_100.json,backup_0.json,backup_1e+21.enc.json,backup_-1.json,backup_12.5.enc.json
prune	backup_backup_1700.json,backup_backup_1700.json|0
list	backup_1.json,backup_0.enc.json
prune	backup_1700.json.bak,prefix_backup_1700.json|3
list	backup_1.json,backup_1700000000000.json,backup_1e+21.json
list	backup_12.5.json,backup_backup_1700.json,backup_-1.json,backup_1e+21.json,backup_-1.json
prune	backup_1700|2
prune	BACKUP_1700.json,backup_draft.json,config.json,backup_-1.json|2
list	backup_0.json,backup_100.json,backup_-1.json,backup_1700000000000.enc.json,backup_1700.json.bak
prune	backup_1700000000001.json,backup_1.enc.json,backup_1700.enc.json,backup_0.json,backup_1700000000000.json,backup_1700000000000.json|2
list	prefix_backup_1700.json,backup_0.enc.json,BACKUP_1700.json,backup_1.json
prune	backup_1700000000000.json,backup_1.json,backup_0.enc.json,backup_12.5.enc.json|4
list	backup_1700000000001.json,backup_0.json,BACKUP_1700.json,backup_1e+21.json
prune	backup_backup_1700.json,backup_1.enc.json,backup_12.5.enc.json,backup_1.json,backup_-1.json,config.json|4
list	backup_100.json,prefix_backup_1700.json,backup_1e+21.json,backup_1e+21.json
prune	backup_1700.txt,backup_1e+21.json,backup_1700.enc.json,backup_12.5.enc.json,backup_0.json,backup_1700000000001.json,backup_1700.json.bak|2
list	backup_1700000000000.enc.json,backup_-1.json,backup_backup_1700.json,backup_12.5.json,backup_-1.json,backup_-1.json
list	backup_1700000000000.enc.json,backup_-1.json,backup_1.enc.json,backup_.enc.json,backup_-1.json,backup_1.json
list	backup_1.json,backup_.enc.json,backup_-1.json,backup_0.json
list	backup_12.5.json,backup_0.json,backup_1700.txt,backup_.json,backup_0.json,backup_1e+21.json
prune	backup_1e+21.enc.json,backup_1700,backup_.enc.json,backup_-1.json,backup_1700000000001.enc.json,backup_0.json|2
prune	prefix_backup_1700.json,backup_12.5.enc.json,config.json,backup_1e+21.json,backup_1.json,backup_1.json,backup_draft.json|4
prune	backup_1e+21.json,backup_0.json,backup_-1.enc.json,backup_.json,backup_1700000000001.enc.json,backup_0.enc.json,backup_12.5.json|4
list	backup_0.json,backup_12.5.enc.json,backup_0.enc.json,backup_1.json,backup_0.json,backup_1e+21.json
prune	backup_.json,backup_0.json,backup_0.enc.json,backup_1700.txt,backup_100.json,backup_1700000000000.json,backup_1700.txt|3
prune	backup_1700|4
list	backup_1700000000001.json,backup_1700000000000.json,backup_.enc.json,backup_backup_1700.json
prune	backup_1.json,backup_0.json|2
prune	backup_12.5.json,backup_1700000000000.enc.json,backup_0.json,backup_12.5.json,backup_1.json,backup_1e+21.json,backup_-1.json|3
prune	backup_12.5.json,backup_1700000000001.enc.json,backup_draft.json,backup_-1.json,backup_12.5.json,backup_1700.enc.json|2
list	backup_1700.json.bak,backup_1700000000001.json,backup_1e+21.json,backup_1e+21.json
list	backup_1.json,backup_1700000000000.json,backup_1700.txt,entries.json
prune	backup_12.5.enc.json|3
list	backup_1700.enc.json,backup_1.json,backup_1700000000000.json,backup_1700000000001.json
list	BACKUP_1700.json,backup_1700.txt,backup_0.json,BACKUP_1700.json
prune	config.json,backup_1700,backup_.json,backup_1700000000001.json,backup_1.json,backup_1700000000000.json,backup_12.5.json|1
prune	backup_-1.json,backup_1e+21.json|3
prune	backup_1e+21.enc.json,backup_1700.json.bak,backup_0.json,backup_1e+21.enc.json|3
prune	BACKUP_1700.json,backup_12.5.json|0
prune	backup_100.json,backup_-1.json,backup_1e+21.enc.json|0
list	backup_0.json,backup_1.json,backup_draft.json
list	backup_1700000000000.json,backup_100.json,backup_12.5.json,backup_1.enc.json,backup_0.json,backup_-1.json
list	backup_12.5.json,backup_draft.json,backup_100.enc.json,backup_0.json,backup_0.json
list	backup_100.json,backup_1e+21.json,backup_1700000000000.json,prefix_backup_1700.json
prune	backup_-1.json,backup_1700000000000.json,backup_1.json,backup_100.enc.json,backup_-1.json,backup_1e+21.json,backup_-1.json|2
prune	BACKUP_1700.json,backup_.enc.json|3
prune	backup_1700000000001.json,backup_100.json,backup_-1.json|3
list	backup_1e+21.json,backup_1700.txt,backup_1e+21.json,backup_1e+21.json,backup_1700.txt,entries.json
list	backup_0.json,backup_1700,backup_1.enc.json,backup_0.json,backup_1700000000000.json
list	backup_1700.txt,backup_12.5.json,backup_12.5.enc.json,backup_100.json
prune	backup_-1.json,backup_100.json,backup_12.5.json|2
prune	entries.json,backup_0.json,prefix_backup_1700.json,backup_-1.json,backup_0.json,backup_1e+21.json|3
prune	backup_.json,backup_100.enc.json,backup_.json,backup_1700000000000.json,BACKUP_1700.json,backup_-1.enc.json|3
list	backup_-1.json,backup_1700000000001.enc.json
list	backup_-1.json,BACKUP_1700.json,prefix_backup_1700.json,config.json,backup_12.5.json
prune	backup_.json,backup_1.enc.json,backup_1700.enc.json,backup_-1.enc.json,backup_1e+21.json|3
prune	prefix_backup_1700.json,backup_1e+21.json,backup_backup_1700.json,backup_100.json|0
prune	backup_100.enc.json,backup_1700000000001.json,config.json,backup_.json,backup_1700.enc.json|4
prune	backup_12.5.enc.json,backup_-1.json,backup_1e+21.json,backup_1700,backup_1700000000000.enc.json,backup_1700000000001.enc.json|1
list	backup_-1.json,backup_1700,backup_0.json
prune	backup_1e+21.json,BACKUP_1700.json,backup_1700,backup_100.json,backup_12.5.json|4
prune	backup_-1.json,backup_0.enc.json,backup_draft.json|1
list	backup_100.json,backup_0.json,backup_0.json,backup_0.json,prefix_backup_1700.json,backup_0.enc.json
prune	backup_draft.json,backup_1700000000001.json|1
prune	backup_1700,backup_1700000000001.json,backup_-1.enc.json,BACKUP_1700.json|1
prune	backup_100.json,backup_0.json,backup_0.json,backup_0.enc.json,backup_1e+21.json|1
prune	prefix_backup_1700.json,backup_-1.json|1
prune	config.json,backup_-1.enc.json,backup_1.json,backup_1700,backup_1700000000001.enc.json,backup_1700000000001.enc.json|4
prune	backup_12.5.json,backup_0.json,backup_1700000000001.enc.json|2
prune	backup_12.5.json,backup_-1.enc.json,backup_1700000000000.json|2
list	config.json,backup_backup_1700.json
list	backup_1e+21.json,backup_1700000000000.json,backup_1.json,backup_0.json
prune	backup_1700.enc.json,entries.json|1
prune	backup_0.json|0
list	backup_1700.enc.json,backup_1.json,backup_1e+21.json,backup_1700000000000.json,backup_backup_1700.json,backup_1e+21.json
list	backup_0.json,backup_-1.json,backup_0.json,backup_0.json
list	backup_100.enc.json,backup_0.json,backup_1.json
list	backup_100.enc.json,backup_12.5.json,backup_100.enc.json,backup_100.enc.json,backup_0.enc.json,backup_100.enc.json
list	backup_.json,backup_0.json,backup_1e+21.enc.json
prune	backup_.enc.json,backup_1e+21.json,backup_0.enc.json,backup_-1.json,backup_0.json,backup_0.json|2
prune	backup_100.enc.json,backup_-1.enc.json,backup_0.json,backup_100.json,backup_1e+21.json,backup_1.json,backup_0.enc.json|3
prune	backup_1700.enc.json,backup_100.enc.json,backup_1700000000000.json,backup_-1.json,config.json,backup_.json|3
prune	backup_1700000000000.enc.json,backup_1700.json.bak,backup_-1.json,backup_12.5.json,backup_.enc.json|3
prune	backup_1700.enc.json,backup_1e+21.json,backup_1e+21.json,entries.json,entries.json,BACKUP_1700.json|3
prune	backup_-1.json,backup_draft.json,backup_0.enc.json,backup_1.json,backup_1700.txt,backup_1700000000000.json,backup_.enc.json|4
list	backup_1.json,backup_1e+21.json,backup_100.json,backup_1700,backup_.enc.json,config.json
list	config.json,prefix_backup_1700.json,backup_1700.json.bak
prune	backup_1700000000001.json,backup_0.enc.json,backup_1700.enc.json,backup_1700.txt|4
prune	backup_1700000000001.json,backup_100.json,backup_1700000000000.json,backup_1e+21.json,backup_1e+21.enc.json|0
list	backup_backup_1700.json,backup_draft.json,backup_1700
list	backup_1.json,backup_1700000000000.json,backup_1700000000001.json,backup_draft.json
list	backup_1700000000001.json,backup_.json,backup_100.json,backup_1e+21.enc.json
list	backup_1700000000001.json,entries.json
list	backup_12.5.json,backup_1700,entries.json
list	backup_-1.json,backup_100.json,backup_1700.enc.json,backup_1e+21.json,backup_0.enc.json
prune	backup_0.enc.json,backup_1e+21.json,backup_.json,backup_100.enc.json,backup_backup_1700.json|4
prune	backup_0.json,backup_-1.json|3
list	backup_1.enc.json,backup_1700000000000.enc.json,backup_1e+21.json,backup_12.5.enc.json
list	backup_100.json,backup_1e+21.enc.json,backup_12.5.json,config.json,backup_1e+21.json,backup_1700.json.bak
prune	backup_0.json,backup_.json,prefix_backup_1700.json|3
list	backup_12.5.json,backup_1700000000001.json,backup_0.json
list	backup_100.json,backup_100.json,backup_1700000000000.json
prune	backup_12.5.enc.json,backup_0.json|3
prune	backup_100.json,backup_100.json,backup_.json,backup_1700000000000.enc.json,backup_1700000000000.json,backup_1.json|1
list	backup_1700000000001.enc.json,backup_1700000000001.json
list	backup_1700.txt,entries.json
list	prefix_backup_1700.json,backup_1e+21.json,backup_1700000000001.enc.json,backup_1700000000000.json
list	backup_-1.json,backup_12.5.json,backup_1.json
list	backup_12.5.json,backup_1700.json.bak,backup_1700.json.bak,backup_1700000000001.enc.json,backup_1700.txt,backup_100.json
list	backup_1700000000001.enc.json,backup_1.enc.json,backup_1700000000000.enc.json,backup_draft.json
prune	backup_1e+21.json,backup_1e+21.json,backup_1e+21.json,backup_1700.txt,backup_0.json,backup_12.5.enc.json|2
list	backup_1.json,backup_1700000000001.enc.json,BACKUP_1700.json,BACKUP_1700.json,backup_1e+21.json,backup_-1.json
list	backup_1700000000000.json,backup_1700000000000.json,backup_12.5.enc.json,backup_1700000000000.enc.json,backup_12.5.enc.json
list	backup_0.json,backup_12.5.enc.json,backup_1700000000001.json
list	backup_1.json,BACKUP_1700.json,backup_1e+21.enc.json,backup_draft.json
list	backup_100.enc.json,backup_1e+21.json,backup_1.enc.json,backup_1.json,backup_1e+21.json,backup_1700
prune	backup_.enc.json,entries.json,backup_12.5.json,backup_1700000000001.json,backup_-1.json|0
prune	BACKUP_1700.json,backup_100.json,config.json,backup_0.json,backup_1.json,backup_100.json,backup_1700000000001.json|2
list	backup_1700000000001.enc.json,backup_1700000000000.json,backup_1700.json.bak,prefix_backup_1700.json
list	backup_-1.json,BACKUP_1700.json,backup_-1.json,backup_1.enc.json
prune	backup_1.json,backup_1e+21.json,backup_1700.txt,entries.json,backup_-1.json,backup_1e+21.enc.json|3
list	backup_12.5.json,backup_1e+21.json,backup_1e+21.json,backup_.json,backup_-1.json
list	backup_-1.json,backup_.enc.json,backup_12.5.json,backup_100.json,backup_1700000000000.json
prune	backup_100.enc.json,backup_1700.json.bak,backup_100.json,backup_1700000000000.json|2
list	backup_backup_1700.json,backup_-1.json,backup_12.5.json,backup_1.json,backup_.enc.json,backup_1.json
prune	backup_1700000000000.json,BACKUP_1700.json,backup_1700000000001.json,backup_100.json|0
list	backup_1700000000000.enc.json,config.json,backup_1.enc.json,backup_12.5.json,backup_0.json
list	backup_100.enc.json,backup_1700000000001.json,backup_0.json,backup_12.5.json
prune	backup_1.json,BACKUP_1700.json,backup_1700000000000.json,backup_1700000000001.enc.json,backup_.enc.json|0
list	backup_1700.json.bak,backup_100.json,backup_1.json,backup_1700000000000.enc.json
prune	backup_0.json,BACKUP_1700.json|2
list	BACKUP_1700.json,backup_-1.json,backup_backup_1700.json
list	backup_12.5.json,backup_12.5.json,backup_1e+21.enc.json,entries.json
prune	backup_1700.enc.json,backup_-1.enc.json,backup_1700000000000.json,backup_1700000000001.json|0
list	backup_1700000000001.json,backup_1700000000001.enc.json,backup_1700000000001.json,backup_100.enc.json
list	backup_1700.txt,backup_1.json,backup_1e+21.enc.json,backup_-1.json,backup_-1.json,backup_-1.json
prune	backup_1.enc.json,backup_1700000000000.enc.json,backup_1.json|4
list	backup_1e+21.json,backup_1700000000000.json,backup_100.enc.json
list	backup_0.enc.json,backup_1700,backup_1700.enc.json
list	backup_backup_1700.json,entries.json,backup_1.enc.json,backup_100.json,backup_0.enc.json
list	backup_1700000000001.enc.json,backup_1.enc.json,backup_-1.json,prefix_backup_1700.json,backup_backup_1700.json,backup_1700000000001.enc.json
prune	backup_12.5.json,backup_1700000000001.json,backup_1.json,backup_-1.enc.json,backup_-1.json,backup_1e+21.json,backup_backup_1700.json|2
list	backup_12.5.json,backup_backup_1700.json,backup_1700000000001.enc.json,backup_1.json,backup_-1.json
prune	backup_1700.json.bak,backup_-1.json,backup_1700000000000.json,backup_100.enc.json|3
list	backup_1700000000000.json,backup_100.enc.json,backup_1700000000000.json,backup_1700,entries.json
