csv	a
csv	
csv	 
csv	  x  
csv	"a"
csv	""
csv	"
csv	a"b
csv	"a""b"
csv	"a,b"
csv	"a\nb"
csv	"a\r\nb"
csv	"unterminated
csv	a"
csv	"a"b
csv	"a"b"c"
csv	中文
csv	"中,文"
csv	\t
csv	""""
csv	""""""
csv	"""a"""
csv	"a""
csv	"a"""
csv	""a"
csv	"",""
csv	""a""b""
csv	"a"",b"
csv	"a,""b"
csv	"""
csv	"\n""\n"
csv	a,a
csv	a,
csv	a, 
csv	a,  x  
csv	a,"a"
csv	a,""
csv	a,"
csv	a,a"b
csv	a,"a""b"
csv	a,"a,b"
csv	a,"a\nb"
csv	a,"a\r\nb"
csv	a,"unterminated
csv	a,a"
csv	a,"a"b
csv	a,"a"b"c"
csv	a,中文
csv	a,"中,文"
csv	a,\t
csv	a,""""
csv	a,""""""
csv	a,"""a"""
csv	a,"a""
csv	a,"a"""
csv	a,""a"
csv	a,"",""
csv	a,""a""b""
csv	a,"a"",b"
csv	a,"a,""b"
csv	a,"""
csv	a,"\n""\n"
csv	,a
csv	,
csv	, 
csv	,  x  
csv	,"a"
csv	,""
csv	,"
csv	,a"b
csv	,"a""b"
csv	,"a,b"
csv	,"a\nb"
csv	,"a\r\nb"
csv	,"unterminated
csv	,a"
csv	,"a"b
csv	,"a"b"c"
csv	,中文
csv	,"中,文"
csv	,\t
csv	,""""
csv	,""""""
csv	,"""a"""
csv	,"a""
csv	,"a"""
csv	,""a"
csv	,"",""
csv	,""a""b""
csv	,"a"",b"
csv	,"a,""b"
csv	,"""
csv	,"\n""\n"
csv	 ,a
csv	 ,
csv	 , 
csv	 ,  x  
csv	 ,"a"
csv	 ,""
csv	 ,"
csv	 ,a"b
csv	 ,"a""b"
csv	 ,"a,b"
csv	 ,"a\nb"
csv	 ,"a\r\nb"
csv	 ,"unterminated
csv	 ,a"
csv	 ,"a"b
csv	 ,"a"b"c"
csv	 ,中文
csv	 ,"中,文"
csv	 ,\t
csv	 ,""""
csv	 ,""""""
csv	 ,"""a"""
csv	 ,"a""
csv	 ,"a"""
csv	 ,""a"
csv	 ,"",""
csv	 ,""a""b""
csv	 ,"a"",b"
csv	 ,"a,""b"
csv	 ,"""
csv	 ,"\n""\n"
csv	  x  ,a
csv	  x  ,
csv	  x  , 
csv	  x  ,  x  
csv	  x  ,"a"
csv	  x  ,""
csv	  x  ,"
csv	  x  ,a"b
csv	  x  ,"a""b"
csv	  x  ,"a,b"
csv	  x  ,"a\nb"
csv	  x  ,"a\r\nb"
csv	  x  ,"unterminated
csv	  x  ,a"
csv	  x  ,"a"b
csv	  x  ,"a"b"c"
csv	  x  ,中文
csv	  x  ,"中,文"
csv	  x  ,\t
csv	  x  ,""""
csv	  x  ,""""""
csv	  x  ,"""a"""
csv	  x  ,"a""
csv	  x  ,"a"""
csv	  x  ,""a"
csv	  x  ,"",""
csv	  x  ,""a""b""
csv	  x  ,"a"",b"
csv	  x  ,"a,""b"
csv	  x  ,"""
csv	  x  ,"\n""\n"
csv	"a",a
csv	"a",
csv	"a", 
csv	"a",  x  
csv	"a","a"
csv	"a",""
csv	"a","
csv	"a",a"b
csv	"a","a""b"
csv	"a","a,b"
csv	"a","a\nb"
csv	"a","a\r\nb"
csv	"a","unterminated
csv	"a",a"
csv	"a","a"b
csv	"a","a"b"c"
csv	"a",中文
csv	"a","中,文"
csv	"a",\t
csv	"a",""""
csv	"a",""""""
csv	"a","""a"""
csv	"a","a""
csv	"a","a"""
csv	"a",""a"
csv	"a","",""
csv	"a",""a""b""
csv	"a","a"",b"
csv	"a","a,""b"
csv	"a","""
csv	"a","\n""\n"
csv	"",a
csv	"",
csv	"", 
csv	"",  x  
csv	"","a"
csv	"",""
csv	"","
csv	"",a"b
csv	"","a""b"
csv	"","a,b"
csv	"","a\nb"
csv	"","a\r\nb"
csv	"","unterminated
csv	"",a"
csv	"","a"b
csv	"","a"b"c"
csv	"",中文
csv	"","中,文"
csv	"",\t
csv	"",""""
csv	"",""""""
csv	"","""a"""
csv	"","a""
csv	"","a"""
csv	"",""a"
csv	"","",""
csv	"",""a""b""
csv	"","a"",b"
csv	"","a,""b"
csv	"","""
csv	"","\n""\n"
csv	",a
csv	",
csv	", 
csv	",  x  
csv	","a"
csv	",""
csv	","
csv	",a"b
csv	","a""b"
csv	","a,b"
csv	","a\nb"
csv	","a\r\nb"
csv	","unterminated
csv	",a"
csv	","a"b
csv	","a"b"c"
csv	",中文
csv	","中,文"
csv	",\t
csv	",""""
csv	",""""""
csv	","""a"""
csv	","a""
csv	","a"""
csv	",""a"
csv	","",""
csv	",""a""b""
csv	","a"",b"
csv	","a,""b"
csv	","""
csv	","\n""\n"
csv	a"b,a
csv	a"b,
csv	a"b, 
csv	a"b,  x  
csv	a"b,"a"
csv	a"b,""
csv	a"b,"
csv	a"b,a"b
csv	a"b,"a""b"
csv	a"b,"a,b"
csv	a"b,"a\nb"
csv	a"b,"a\r\nb"
csv	a"b,"unterminated
csv	a"b,a"
csv	a"b,"a"b
csv	a"b,"a"b"c"
csv	a"b,中文
csv	a"b,"中,文"
csv	a"b,\t
csv	a"b,""""
csv	a"b,""""""
csv	a"b,"""a"""
csv	a"b,"a""
csv	a"b,"a"""
csv	a"b,""a"
csv	a"b,"",""
csv	a"b,""a""b""
csv	a"b,"a"",b"
csv	a"b,"a,""b"
csv	a"b,"""
csv	a"b,"\n""\n"
csv	"a""b",a
csv	"a""b",
csv	"a""b", 
csv	"a""b",  x  
csv	"a""b","a"
csv	"a""b",""
csv	"a""b","
csv	"a""b",a"b
csv	"a""b","a""b"
csv	"a""b","a,b"
csv	"a""b","a\nb"
csv	"a""b","a\r\nb"
csv	"a""b","unterminated
csv	"a""b",a"
csv	"a""b","a"b
csv	"a""b","a"b"c"
csv	"a""b",中文
csv	"a""b","中,文"
csv	"a""b",\t
csv	"a""b",""""
csv	"a""b",""""""
csv	"a""b","""a"""
csv	"a""b","a""
csv	"a""b","a"""
csv	"a""b",""a"
csv	"a""b","",""
csv	"a""b",""a""b""
csv	"a""b","a"",b"
csv	"a""b","a,""b"
csv	"a""b","""
csv	"a""b","\n""\n"
csv	"a,b",a
csv	"a,b",
csv	"a,b", 
csv	"a,b",  x  
csv	"a,b","a"
csv	"a,b",""
csv	"a,b","
csv	"a,b",a"b
csv	"a,b","a""b"
csv	"a,b","a,b"
csv	"a,b","a\nb"
csv	"a,b","a\r\nb"
csv	"a,b","unterminated
csv	"a,b",a"
csv	"a,b","a"b
csv	"a,b","a"b"c"
csv	"a,b",中文
csv	"a,b","中,文"
csv	"a,b",\t
csv	"a,b",""""
csv	"a,b",""""""
csv	"a,b","""a"""
csv	"a,b","a""
csv	"a,b","a"""
csv	"a,b",""a"
csv	"a,b","",""
csv	"a,b",""a""b""
csv	"a,b","a"",b"
csv	"a,b","a,""b"
csv	"a,b","""
csv	"a,b","\n""\n"
csv	"a\nb",a
csv	"a\nb",
csv	"a\nb", 
csv	"a\nb",  x  
csv	"a\nb","a"
csv	"a\nb",""
csv	"a\nb","
csv	"a\nb",a"b
csv	"a\nb","a""b"
csv	"a\nb","a,b"
csv	"a\nb","a\nb"
csv	"a\nb","a\r\nb"
csv	"a\nb","unterminated
csv	"a\nb",a"
csv	"a\nb","a"b
csv	"a\nb","a"b"c"
csv	"a\nb",中文
csv	"a\nb","中,文"
csv	"a\nb",\t
csv	"a\nb",""""
csv	"a\nb",""""""
csv	"a\nb","""a"""
csv	"a\nb","a""
csv	"a\nb","a"""
csv	"a\nb",""a"
csv	"a\nb","",""
csv	"a\nb",""a""b""
csv	"a\nb","a"",b"
csv	"a\nb","a,""b"
csv	"a\nb","""
csv	"a\nb","\n""\n"
csv	"a\r\nb",a
csv	"a\r\nb",
csv	"a\r\nb", 
csv	"a\r\nb",  x  
csv	"a\r\nb","a"
csv	"a\r\nb",""
csv	"a\r\nb","
csv	"a\r\nb",a"b
csv	"a\r\nb","a""b"
csv	"a\r\nb","a,b"
csv	"a\r\nb","a\nb"
csv	"a\r\nb","a\r\nb"
csv	"a\r\nb","unterminated
csv	"a\r\nb",a"
csv	"a\r\nb","a"b
csv	"a\r\nb","a"b"c"
csv	"a\r\nb",中文
csv	"a\r\nb","中,文"
csv	"a\r\nb",\t
csv	"a\r\nb",""""
csv	"a\r\nb",""""""
csv	"a\r\nb","""a"""
csv	"a\r\nb","a""
csv	"a\r\nb","a"""
csv	"a\r\nb",""a"
csv	"a\r\nb","",""
csv	"a\r\nb",""a""b""
csv	"a\r\nb","a"",b"
csv	"a\r\nb","a,""b"
csv	"a\r\nb","""
csv	"a\r\nb","\n""\n"
csv	"unterminated,a
csv	"unterminated,
csv	"unterminated, 
csv	"unterminated,  x  
csv	"unterminated,"a"
csv	"unterminated,""
csv	"unterminated,"
csv	"unterminated,a"b
csv	"unterminated,"a""b"
csv	"unterminated,"a,b"
csv	"unterminated,"a\nb"
csv	"unterminated,"a\r\nb"
csv	"unterminated,"unterminated
csv	"unterminated,a"
csv	"unterminated,"a"b
csv	"unterminated,"a"b"c"
csv	"unterminated,中文
csv	"unterminated,"中,文"
csv	"unterminated,\t
csv	"unterminated,""""
csv	"unterminated,""""""
csv	"unterminated,"""a"""
csv	"unterminated,"a""
csv	"unterminated,"a"""
csv	"unterminated,""a"
csv	"unterminated,"",""
csv	"unterminated,""a""b""
csv	"unterminated,"a"",b"
csv	"unterminated,"a,""b"
csv	"unterminated,"""
csv	"unterminated,"\n""\n"
csv	a",a
csv	a",
csv	a", 
csv	a",  x  
csv	a","a"
csv	a",""
csv	a","
csv	a",a"b
csv	a","a""b"
csv	a","a,b"
csv	a","a\nb"
csv	a","a\r\nb"
csv	a","unterminated
csv	a",a"
csv	a","a"b
csv	a","a"b"c"
csv	a",中文
csv	a","中,文"
csv	a",\t
csv	a",""""
csv	a",""""""
csv	a","""a"""
csv	a","a""
csv	a","a"""
csv	a",""a"
csv	a","",""
csv	a",""a""b""
csv	a","a"",b"
csv	a","a,""b"
csv	a","""
csv	a","\n""\n"
csv	"a"b,a
csv	"a"b,
csv	"a"b, 
csv	"a"b,  x  
csv	"a"b,"a"
csv	"a"b,""
csv	"a"b,"
csv	"a"b,a"b
csv	"a"b,"a""b"
csv	"a"b,"a,b"
csv	"a"b,"a\nb"
csv	"a"b,"a\r\nb"
csv	"a"b,"unterminated
csv	"a"b,a"
csv	"a"b,"a"b
csv	"a"b,"a"b"c"
csv	"a"b,中文
csv	"a"b,"中,文"
csv	"a"b,\t
csv	"a"b,""""
csv	"a"b,""""""
csv	"a"b,"""a"""
csv	"a"b,"a""
csv	"a"b,"a"""
csv	"a"b,""a"
csv	"a"b,"",""
csv	"a"b,""a""b""
csv	"a"b,"a"",b"
csv	"a"b,"a,""b"
csv	"a"b,"""
csv	"a"b,"\n""\n"
csv	"a"b"c",a
csv	"a"b"c",
csv	"a"b"c", 
csv	"a"b"c",  x  
csv	"a"b"c","a"
csv	"a"b"c",""
csv	"a"b"c","
csv	"a"b"c",a"b
csv	"a"b"c","a""b"
csv	"a"b"c","a,b"
csv	"a"b"c","a\nb"
csv	"a"b"c","a\r\nb"
csv	"a"b"c","unterminated
csv	"a"b"c",a"
csv	"a"b"c","a"b
csv	"a"b"c","a"b"c"
csv	"a"b"c",中文
csv	"a"b"c","中,文"
csv	"a"b"c",\t
csv	"a"b"c",""""
csv	"a"b"c",""""""
csv	"a"b"c","""a"""
csv	"a"b"c","a""
csv	"a"b"c","a"""
csv	"a"b"c",""a"
csv	"a"b"c","",""
csv	"a"b"c",""a""b""
csv	"a"b"c","a"",b"
csv	"a"b"c","a,""b"
csv	"a"b"c","""
csv	"a"b"c","\n""\n"
csv	中文,a
csv	中文,
csv	中文, 
csv	中文,  x  
csv	中文,"a"
csv	中文,""
csv	中文,"
csv	中文,a"b
csv	中文,"a""b"
csv	中文,"a,b"
csv	中文,"a\nb"
csv	中文,"a\r\nb"
csv	中文,"unterminated
csv	中文,a"
csv	中文,"a"b
csv	中文,"a"b"c"
csv	中文,中文
csv	中文,"中,文"
csv	中文,\t
csv	中文,""""
csv	中文,""""""
csv	中文,"""a"""
csv	中文,"a""
csv	中文,"a"""
csv	中文,""a"
csv	中文,"",""
csv	中文,""a""b""
csv	中文,"a"",b"
csv	中文,"a,""b"
csv	中文,"""
csv	中文,"\n""\n"
csv	"中,文",a
csv	"中,文",
csv	"中,文", 
csv	"中,文",  x  
csv	"中,文","a"
csv	"中,文",""
csv	"中,文","
csv	"中,文",a"b
csv	"中,文","a""b"
csv	"中,文","a,b"
csv	"中,文","a\nb"
csv	"中,文","a\r\nb"
csv	"中,文","unterminated
csv	"中,文",a"
csv	"中,文","a"b
csv	"中,文","a"b"c"
csv	"中,文",中文
csv	"中,文","中,文"
csv	"中,文",\t
csv	"中,文",""""
csv	"中,文",""""""
csv	"中,文","""a"""
csv	"中,文","a""
csv	"中,文","a"""
csv	"中,文",""a"
csv	"中,文","",""
csv	"中,文",""a""b""
csv	"中,文","a"",b"
csv	"中,文","a,""b"
csv	"中,文","""
csv	"中,文","\n""\n"
csv	\t,a
csv	\t,
csv	\t, 
csv	\t,  x  
csv	\t,"a"
csv	\t,""
csv	\t,"
csv	\t,a"b
csv	\t,"a""b"
csv	\t,"a,b"
csv	\t,"a\nb"
csv	\t,"a\r\nb"
csv	\t,"unterminated
csv	\t,a"
csv	\t,"a"b
csv	\t,"a"b"c"
csv	\t,中文
csv	\t,"中,文"
csv	\t,\t
csv	\t,""""
csv	\t,""""""
csv	\t,"""a"""
csv	\t,"a""
csv	\t,"a"""
csv	\t,""a"
csv	\t,"",""
csv	\t,""a""b""
csv	\t,"a"",b"
csv	\t,"a,""b"
csv	\t,"""
csv	\t,"\n""\n"
csv	"""",a
csv	"""",
csv	"""", 
csv	"""",  x  
csv	"""","a"
csv	"""",""
csv	"""","
csv	"""",a"b
csv	"""","a""b"
csv	"""","a,b"
csv	"""","a\nb"
csv	"""","a\r\nb"
csv	"""","unterminated
csv	"""",a"
csv	"""","a"b
csv	"""","a"b"c"
csv	"""",中文
csv	"""","中,文"
csv	"""",\t
csv	"""",""""
csv	"""",""""""
csv	"""","""a"""
csv	"""","a""
csv	"""","a"""
csv	"""",""a"
csv	"""","",""
csv	"""",""a""b""
csv	"""","a"",b"
csv	"""","a,""b"
csv	"""","""
csv	"""","\n""\n"
csv	"""""",a
csv	"""""",
csv	"""""", 
csv	"""""",  x  
csv	"""""","a"
csv	"""""",""
csv	"""""","
csv	"""""",a"b
csv	"""""","a""b"
csv	"""""","a,b"
csv	"""""","a\nb"
csv	"""""","a\r\nb"
csv	"""""","unterminated
csv	"""""",a"
csv	"""""","a"b
csv	"""""","a"b"c"
csv	"""""",中文
csv	"""""","中,文"
csv	"""""",\t
csv	"""""",""""
csv	"""""",""""""
csv	"""""","""a"""
csv	"""""","a""
csv	"""""","a"""
csv	"""""",""a"
csv	"""""","",""
csv	"""""",""a""b""
csv	"""""","a"",b"
csv	"""""","a,""b"
csv	"""""","""
csv	"""""","\n""\n"
csv	"""a""",a
csv	"""a""",
csv	"""a""", 
csv	"""a""",  x  
csv	"""a""","a"
csv	"""a""",""
csv	"""a""","
csv	"""a""",a"b
csv	"""a""","a""b"
csv	"""a""","a,b"
csv	"""a""","a\nb"
csv	"""a""","a\r\nb"
csv	"""a""","unterminated
csv	"""a""",a"
csv	"""a""","a"b
csv	"""a""","a"b"c"
csv	"""a""",中文
csv	"""a""","中,文"
csv	"""a""",\t
csv	"""a""",""""
csv	"""a""",""""""
csv	"""a""","""a"""
csv	"""a""","a""
csv	"""a""","a"""
csv	"""a""",""a"
csv	"""a""","",""
csv	"""a""",""a""b""
csv	"""a""","a"",b"
csv	"""a""","a,""b"
csv	"""a""","""
csv	"""a""","\n""\n"
csv	"a"",a
csv	"a"",
csv	"a"", 
csv	"a"",  x  
csv	"a"","a"
csv	"a"",""
csv	"a"","
csv	"a"",a"b
csv	"a"","a""b"
csv	"a"","a,b"
csv	"a"","a\nb"
csv	"a"","a\r\nb"
csv	"a"","unterminated
csv	"a"",a"
csv	"a"","a"b
csv	"a"","a"b"c"
csv	"a"",中文
csv	"a"","中,文"
csv	"a"",\t
csv	"a"",""""
csv	"a"",""""""
csv	"a"","""a"""
csv	"a"","a""
csv	"a"","a"""
csv	"a"",""a"
csv	"a"","",""
csv	"a"",""a""b""
csv	"a"","a"",b"
csv	"a"","a,""b"
csv	"a"","""
csv	"a"","\n""\n"
csv	"a""",a
csv	"a""",
csv	"a""", 
csv	"a""",  x  
csv	"a""","a"
csv	"a""",""
csv	"a""","
csv	"a""",a"b
csv	"a""","a""b"
csv	"a""","a,b"
csv	"a""","a\nb"
csv	"a""","a\r\nb"
csv	"a""","unterminated
csv	"a""",a"
csv	"a""","a"b
csv	"a""","a"b"c"
csv	"a""",中文
csv	"a""","中,文"
csv	"a""",\t
csv	"a""",""""
csv	"a""",""""""
csv	"a""","""a"""
csv	"a""","a""
csv	"a""","a"""
csv	"a""",""a"
csv	"a""","",""
csv	"a""",""a""b""
csv	"a""","a"",b"
csv	"a""","a,""b"
csv	"a""","""
csv	"a""","\n""\n"
csv	""a",a
csv	""a",
csv	""a", 
csv	""a",  x  
csv	""a","a"
csv	""a",""
csv	""a","
csv	""a",a"b
csv	""a","a""b"
csv	""a","a,b"
csv	""a","a\nb"
csv	""a","a\r\nb"
csv	""a","unterminated
csv	""a",a"
csv	""a","a"b
csv	""a","a"b"c"
csv	""a",中文
csv	""a","中,文"
csv	""a",\t
csv	""a",""""
csv	""a",""""""
csv	""a","""a"""
csv	""a","a""
csv	""a","a"""
csv	""a",""a"
csv	""a","",""
csv	""a",""a""b""
csv	""a","a"",b"
csv	""a","a,""b"
csv	""a","""
csv	""a","\n""\n"
csv	"","",a
csv	"","",
csv	"","", 
csv	"","",  x  
csv	"","","a"
csv	"","",""
csv	"","","
csv	"","",a"b
csv	"","","a""b"
csv	"","","a,b"
csv	"","","a\nb"
csv	"","","a\r\nb"
csv	"","","unterminated
csv	"","",a"
csv	"","","a"b
csv	"","","a"b"c"
csv	"","",中文
csv	"","","中,文"
csv	"","",\t
csv	"","",""""
csv	"","",""""""
csv	"","","""a"""
csv	"","","a""
csv	"","","a"""
csv	"","",""a"
csv	"","","",""
csv	"","",""a""b""
csv	"","","a"",b"
csv	"","","a,""b"
csv	"","","""
csv	"","","\n""\n"
csv	""a""b"",a
csv	""a""b"",
csv	""a""b"", 
csv	""a""b"",  x  
csv	""a""b"","a"
csv	""a""b"",""
csv	""a""b"","
csv	""a""b"",a"b
csv	""a""b"","a""b"
csv	""a""b"","a,b"
csv	""a""b"","a\nb"
csv	""a""b"","a\r\nb"
csv	""a""b"","unterminated
csv	""a""b"",a"
csv	""a""b"","a"b
csv	""a""b"","a"b"c"
csv	""a""b"",中文
csv	""a""b"","中,文"
csv	""a""b"",\t
csv	""a""b"",""""
csv	""a""b"",""""""
csv	""a""b"","""a"""
csv	""a""b"","a""
csv	""a""b"","a"""
csv	""a""b"",""a"
csv	""a""b"","",""
csv	""a""b"",""a""b""
csv	""a""b"","a"",b"
csv	""a""b"","a,""b"
csv	""a""b"","""
csv	""a""b"","\n""\n"
csv	"a"",b",a
csv	"a"",b",
csv	"a"",b", 
csv	"a"",b",  x  
csv	"a"",b","a"
csv	"a"",b",""
csv	"a"",b","
csv	"a"",b",a"b
csv	"a"",b","a""b"
csv	"a"",b","a,b"
csv	"a"",b","a\nb"
csv	"a"",b","a\r\nb"
csv	"a"",b","unterminated
csv	"a"",b",a"
csv	"a"",b","a"b
csv	"a"",b","a"b"c"
csv	"a"",b",中文
csv	"a"",b","中,文"
csv	"a"",b",\t
csv	"a"",b",""""
csv	"a"",b",""""""
csv	"a"",b","""a"""
csv	"a"",b","a""
csv	"a"",b","a"""
csv	"a"",b",""a"
csv	"a"",b","",""
csv	"a"",b",""a""b""
csv	"a"",b","a"",b"
csv	"a"",b","a,""b"
csv	"a"",b","""
csv	"a"",b","\n""\n"
csv	"a,""b",a
csv	"a,""b",
csv	"a,""b", 
csv	"a,""b",  x  
csv	"a,""b","a"
csv	"a,""b",""
csv	"a,""b","
csv	"a,""b",a"b
csv	"a,""b","a""b"
csv	"a,""b","a,b"
csv	"a,""b","a\nb"
csv	"a,""b","a\r\nb"
csv	"a,""b","unterminated
csv	"a,""b",a"
csv	"a,""b","a"b
csv	"a,""b","a"b"c"
csv	"a,""b",中文
csv	"a,""b","中,文"
csv	"a,""b",\t
csv	"a,""b",""""
csv	"a,""b",""""""
csv	"a,""b","""a"""
csv	"a,""b","a""
csv	"a,""b","a"""
csv	"a,""b",""a"
csv	"a,""b","",""
csv	"a,""b",""a""b""
csv	"a,""b","a"",b"
csv	"a,""b","a,""b"
csv	"a,""b","""
csv	"a,""b","\n""\n"
csv	""",a
csv	""",
csv	""", 
csv	""",  x  
csv	""","a"
csv	""",""
csv	""","
csv	""",a"b
csv	""","a""b"
csv	""","a,b"
csv	""","a\nb"
csv	""","a\r\nb"
csv	""","unterminated
csv	""",a"
csv	""","a"b
csv	""","a"b"c"
csv	""",中文
csv	""","中,文"
csv	""",\t
csv	""",""""
csv	""",""""""
csv	""","""a"""
csv	""","a""
csv	""","a"""
csv	""",""a"
csv	""","",""
csv	""",""a""b""
csv	""","a"",b"
csv	""","a,""b"
csv	""","""
csv	""","\n""\n"
csv	"\n""\n",a
csv	"\n""\n",
csv	"\n""\n", 
csv	"\n""\n",  x  
csv	"\n""\n","a"
csv	"\n""\n",""
csv	"\n""\n","
csv	"\n""\n",a"b
csv	"\n""\n","a""b"
csv	"\n""\n","a,b"
csv	"\n""\n","a\nb"
csv	"\n""\n","a\r\nb"
csv	"\n""\n","unterminated
csv	"\n""\n",a"
csv	"\n""\n","a"b
csv	"\n""\n","a"b"c"
csv	"\n""\n",中文
csv	"\n""\n","中,文"
csv	"\n""\n",\t
csv	"\n""\n",""""
csv	"\n""\n",""""""
csv	"\n""\n","""a"""
csv	"\n""\n","a""
csv	"\n""\n","a"""
csv	"\n""\n",""a"
csv	"\n""\n","",""
csv	"\n""\n",""a""b""
csv	"\n""\n","a"",b"
csv	"\n""\n","a,""b"
csv	"\n""\n","""
csv	"\n""\n","\n""\n"
csv	a,b
csv	a,b\n
csv	a,b\r\n
csv	a,b\r
csv	a,b\n\n
csv	a,b\r\r
csv	a,b\n\r
csv	a,
csv	a,\n
csv	a,\r\n
csv	a,\r
csv	a,\n\n
csv	a,\r\r
csv	a,\n\r
csv	,b
csv	,b\n
csv	,b\r\n
csv	,b\r
csv	,b\n\n
csv	,b\r\r
csv	,b\n\r
csv	,
csv	,\n
csv	,\r\n
csv	,\r
csv	,\n\n
csv	,\r\r
csv	,\n\r
csv	a
csv	a\n
csv	a\r\n
csv	a\r
csv	a\n\n
csv	a\r\r
csv	a\n\r
csv	
csv	\n
csv	\r\n
csv	\r
csv	\n\n
csv	\r\r
csv	\n\r
csv	"a,b",c
csv	"a,b",c\n
csv	"a,b",c\r\n
csv	"a,b",c\r
csv	"a,b",c\n\n
csv	"a,b",c\r\r
csv	"a,b",c\n\r
csv	"a\nb"
csv	"a\nb"\n
csv	"a\nb"\r\n
csv	"a\nb"\r
csv	"a\nb"\n\n
csv	"a\nb"\r\r
csv	"a\nb"\n\r
csv	a,bc,d
csv	a,b\nc,d
csv	a,b\r\nc,d
csv	a,b\rc,d
csv	a,b\n\nc,d
csv	a,b\r\rc,d
csv	a,b\n\rc,d
csv	a,c,d
csv	a,\nc,d
csv	a,\r\nc,d
csv	a,\rc,d
csv	a,\n\nc,d
csv	a,\r\rc,d
csv	a,\n\rc,d
csv	,bc,d
csv	,b\nc,d
csv	,b\r\nc,d
csv	,b\rc,d
csv	,b\n\nc,d
csv	,b\r\rc,d
csv	,b\n\rc,d
csv	,c,d
csv	,\nc,d
csv	,\r\nc,d
csv	,\rc,d
csv	,\n\nc,d
csv	,\r\rc,d
csv	,\n\rc,d
csv	ac,d
csv	a\nc,d
csv	a\r\nc,d
csv	a\rc,d
csv	a\n\nc,d
csv	a\r\rc,d
csv	a\n\rc,d
csv	c,d
csv	\nc,d
csv	\r\nc,d
csv	\rc,d
csv	\n\nc,d
csv	\r\rc,d
csv	\n\rc,d
csv	"a,b",cc,d
csv	"a,b",c\nc,d
csv	"a,b",c\r\nc,d
csv	"a,b",c\rc,d
csv	"a,b",c\n\nc,d
csv	"a,b",c\r\rc,d
csv	"a,b",c\n\rc,d
csv	"a\nb"c,d
csv	"a\nb"\nc,d
csv	"a\nb"\r\nc,d
csv	"a\nb"\rc,d
csv	"a\nb"\n\nc,d
csv	"a\nb"\r\rc,d
csv	"a\nb"\n\rc,d
csv	﻿a,b
csv	a,﻿b
csv	﻿
csv	﻿﻿a
csv	a\n﻿b
date	2024-1-5
date	2024-1-05
date	2024-1-1
date	2024-1-0
date	2024-1-31
date	2024-1-32
date	2024-1-00
date	2024-01-5
date	2024-01-05
date	2024-01-1
date	2024-01-0
date	2024-01-31
date	2024-01-32
date	2024-01-00
date	2024-0-5
date	2024-0-05
date	2024-0-1
date	2024-0-0
date	2024-0-31
date	2024-0-32
date	2024-0-00
date	2024-00-5
date	2024-00-05
date	2024-00-1
date	2024-00-0
date	2024-00-31
date	2024-00-32
date	2024-00-00
date	2024-12-5
date	2024-12-05
date	2024-12-1
date	2024-12-0
date	2024-12-31
date	2024-12-32
date	2024-12-00
date	2024-13-5
date	2024-13-05
date	2024-13-1
date	2024-13-0
date	2024-13-31
date	2024-13-32
date	2024-13-00
date	2024-9-5
date	2024-9-05
date	2024-9-1
date	2024-9-0
date	2024-9-31
date	2024-9-32
date	2024-9-00
date	2024/1/5
date	2024/1/05
date	2024/1/1
date	2024/1/0
date	2024/1/31
date	2024/1/32
date	2024/1/00
date	2024/01/5
date	2024/01/05
date	2024/01/1
date	2024/01/0
date	2024/01/31
date	2024/01/32
date	2024/01/00
date	2024/0/5
date	2024/0/05
date	2024/0/1
date	2024/0/0
date	2024/0/31
date	2024/0/32
date	2024/0/00
date	2024/00/5
date	2024/00/05
date	2024/00/1
date	2024/00/0
date	2024/00/31
date	2024/00/32
date	2024/00/00
date	2024/12/5
date	2024/12/05
date	2024/12/1
date	2024/12/0
date	2024/12/31
date	2024/12/32
date	2024/12/00
date	2024/13/5
date	2024/13/05
date	2024/13/1
date	2024/13/0
date	2024/13/31
date	2024/13/32
date	2024/13/00
date	2024/9/5
date	2024/9/05
date	2024/9/1
date	2024/9/0
date	2024/9/31
date	2024/9/32
date	2024/9/00
date	2024.1.5
date	2024.1.05
date	2024.1.1
date	2024.1.0
date	2024.1.31
date	2024.1.32
date	2024.1.00
date	2024.01.5
date	2024.01.05
date	2024.01.1
date	2024.01.0
date	2024.01.31
date	2024.01.32
date	2024.01.00
date	2024.0.5
date	2024.0.05
date	2024.0.1
date	2024.0.0
date	2024.0.31
date	2024.0.32
date	2024.0.00
date	2024.00.5
date	2024.00.05
date	2024.00.1
date	2024.00.0
date	2024.00.31
date	2024.00.32
date	2024.00.00
date	2024.12.5
date	2024.12.05
date	2024.12.1
date	2024.12.0
date	2024.12.31
date	2024.12.32
date	2024.12.00
date	2024.13.5
date	2024.13.05
date	2024.13.1
date	2024.13.0
date	2024.13.31
date	2024.13.32
date	2024.13.00
date	2024.9.5
date	2024.9.05
date	2024.9.1
date	2024.9.0
date	2024.9.31
date	2024.9.32
date	2024.9.00
date	2024年1月5日
date	2024年1月05日
date	2024年1月1日
date	2024年1月0日
date	2024年1月31日
date	2024年1月32日
date	2024年1月00日
date	2024年01月5日
date	2024年01月05日
date	2024年01月1日
date	2024年01月0日
date	2024年01月31日
date	2024年01月32日
date	2024年01月00日
date	2024年0月5日
date	2024年0月05日
date	2024年0月1日
date	2024年0月0日
date	2024年0月31日
date	2024年0月32日
date	2024年0月00日
date	2024年00月5日
date	2024年00月05日
date	2024年00月1日
date	2024年00月0日
date	2024年00月31日
date	2024年00月32日
date	2024年00月00日
date	2024年12月5日
date	2024年12月05日
date	2024年12月1日
date	2024年12月0日
date	2024年12月31日
date	2024年12月32日
date	2024年12月00日
date	2024年13月5日
date	2024年13月05日
date	2024年13月1日
date	2024年13月0日
date	2024年13月31日
date	2024年13月32日
date	2024年13月00日
date	2024年9月5日
date	2024年9月05日
date	2024年9月1日
date	2024年9月0日
date	2024年9月31日
date	2024年9月32日
date	2024年9月00日
date	2026-1-5
date	2026-1-05
date	2026-1-1
date	2026-1-0
date	2026-1-31
date	2026-1-32
date	2026-1-00
date	2026-01-5
date	2026-01-05
date	2026-01-1
date	2026-01-0
date	2026-01-31
date	2026-01-32
date	2026-01-00
date	2026-0-5
date	2026-0-05
date	2026-0-1
date	2026-0-0
date	2026-0-31
date	2026-0-32
date	2026-0-00
date	2026-00-5
date	2026-00-05
date	2026-00-1
date	2026-00-0
date	2026-00-31
date	2026-00-32
date	2026-00-00
date	2026-12-5
date	2026-12-05
date	2026-12-1
date	2026-12-0
date	2026-12-31
date	2026-12-32
date	2026-12-00
date	2026-13-5
date	2026-13-05
date	2026-13-1
date	2026-13-0
date	2026-13-31
date	2026-13-32
date	2026-13-00
date	2026-9-5
date	2026-9-05
date	2026-9-1
date	2026-9-0
date	2026-9-31
date	2026-9-32
date	2026-9-00
date	2026/1/5
date	2026/1/05
date	2026/1/1
date	2026/1/0
date	2026/1/31
date	2026/1/32
date	2026/1/00
date	2026/01/5
date	2026/01/05
date	2026/01/1
date	2026/01/0
date	2026/01/31
date	2026/01/32
date	2026/01/00
date	2026/0/5
date	2026/0/05
date	2026/0/1
date	2026/0/0
date	2026/0/31
date	2026/0/32
date	2026/0/00
date	2026/00/5
date	2026/00/05
date	2026/00/1
date	2026/00/0
date	2026/00/31
date	2026/00/32
date	2026/00/00
date	2026/12/5
date	2026/12/05
date	2026/12/1
date	2026/12/0
date	2026/12/31
date	2026/12/32
date	2026/12/00
date	2026/13/5
date	2026/13/05
date	2026/13/1
date	2026/13/0
date	2026/13/31
date	2026/13/32
date	2026/13/00
date	2026/9/5
date	2026/9/05
date	2026/9/1
date	2026/9/0
date	2026/9/31
date	2026/9/32
date	2026/9/00
date	2026.1.5
date	2026.1.05
date	2026.1.1
date	2026.1.0
date	2026.1.31
date	2026.1.32
date	2026.1.00
date	2026.01.5
date	2026.01.05
date	2026.01.1
date	2026.01.0
date	2026.01.31
date	2026.01.32
date	2026.01.00
date	2026.0.5
date	2026.0.05
date	2026.0.1
date	2026.0.0
date	2026.0.31
date	2026.0.32
date	2026.0.00
date	2026.00.5
date	2026.00.05
date	2026.00.1
date	2026.00.0
date	2026.00.31
date	2026.00.32
date	2026.00.00
date	2026.12.5
date	2026.12.05
date	2026.12.1
date	2026.12.0
date	2026.12.31
date	2026.12.32
date	2026.12.00
date	2026.13.5
date	2026.13.05
date	2026.13.1
date	2026.13.0
date	2026.13.31
date	2026.13.32
date	2026.13.00
date	2026.9.5
date	2026.9.05
date	2026.9.1
date	2026.9.0
date	2026.9.31
date	2026.9.32
date	2026.9.00
date	2026年1月5日
date	2026年1月05日
date	2026年1月1日
date	2026年1月0日
date	2026年1月31日
date	2026年1月32日
date	2026年1月00日
date	2026年01月5日
date	2026年01月05日
date	2026年01月1日
date	2026年01月0日
date	2026年01月31日
date	2026年01月32日
date	2026年01月00日
date	2026年0月5日
date	2026年0月05日
date	2026年0月1日
date	2026年0月0日
date	2026年0月31日
date	2026年0月32日
date	2026年0月00日
date	2026年00月5日
date	2026年00月05日
date	2026年00月1日
date	2026年00月0日
date	2026年00月31日
date	2026年00月32日
date	2026年00月00日
date	2026年12月5日
date	2026年12月05日
date	2026年12月1日
date	2026年12月0日
date	2026年12月31日
date	2026年12月32日
date	2026年12月00日
date	2026年13月5日
date	2026年13月05日
date	2026年13月1日
date	2026年13月0日
date	2026年13月31日
date	2026年13月32日
date	2026年13月00日
date	2026年9月5日
date	2026年9月05日
date	2026年9月1日
date	2026年9月0日
date	2026年9月31日
date	2026年9月32日
date	2026年9月00日
date	1999-1-5
date	1999-1-05
date	1999-1-1
date	1999-1-0
date	1999-1-31
date	1999-1-32
date	1999-1-00
date	1999-01-5
date	1999-01-05
date	1999-01-1
date	1999-01-0
date	1999-01-31
date	1999-01-32
date	1999-01-00
date	1999-0-5
date	1999-0-05
date	1999-0-1
date	1999-0-0
date	1999-0-31
date	1999-0-32
date	1999-0-00
date	1999-00-5
date	1999-00-05
date	1999-00-1
date	1999-00-0
date	1999-00-31
date	1999-00-32
date	1999-00-00
date	1999-12-5
date	1999-12-05
date	1999-12-1
date	1999-12-0
date	1999-12-31
date	1999-12-32
date	1999-12-00
date	1999-13-5
date	1999-13-05
date	1999-13-1
date	1999-13-0
date	1999-13-31
date	1999-13-32
date	1999-13-00
date	1999-9-5
date	1999-9-05
date	1999-9-1
date	1999-9-0
date	1999-9-31
date	1999-9-32
date	1999-9-00
date	1999/1/5
date	1999/1/05
date	1999/1/1
date	1999/1/0
date	1999/1/31
date	1999/1/32
date	1999/1/00
date	1999/01/5
date	1999/01/05
date	1999/01/1
date	1999/01/0
date	1999/01/31
date	1999/01/32
date	1999/01/00
date	1999/0/5
date	1999/0/05
date	1999/0/1
date	1999/0/0
date	1999/0/31
date	1999/0/32
date	1999/0/00
date	1999/00/5
date	1999/00/05
date	1999/00/1
date	1999/00/0
date	1999/00/31
date	1999/00/32
date	1999/00/00
date	1999/12/5
date	1999/12/05
date	1999/12/1
date	1999/12/0
date	1999/12/31
date	1999/12/32
date	1999/12/00
date	1999/13/5
date	1999/13/05
date	1999/13/1
date	1999/13/0
date	1999/13/31
date	1999/13/32
date	1999/13/00
date	1999/9/5
date	1999/9/05
date	1999/9/1
date	1999/9/0
date	1999/9/31
date	1999/9/32
date	1999/9/00
date	1999.1.5
date	1999.1.05
date	1999.1.1
date	1999.1.0
date	1999.1.31
date	1999.1.32
date	1999.1.00
date	1999.01.5
date	1999.01.05
date	1999.01.1
date	1999.01.0
date	1999.01.31
date	1999.01.32
date	1999.01.00
date	1999.0.5
date	1999.0.05
date	1999.0.1
date	1999.0.0
date	1999.0.31
date	1999.0.32
date	1999.0.00
date	1999.00.5
date	1999.00.05
date	1999.00.1
date	1999.00.0
date	1999.00.31
date	1999.00.32
date	1999.00.00
date	1999.12.5
date	1999.12.05
date	1999.12.1
date	1999.12.0
date	1999.12.31
date	1999.12.32
date	1999.12.00
date	1999.13.5
date	1999.13.05
date	1999.13.1
date	1999.13.0
date	1999.13.31
date	1999.13.32
date	1999.13.00
date	1999.9.5
date	1999.9.05
date	1999.9.1
date	1999.9.0
date	1999.9.31
date	1999.9.32
date	1999.9.00
date	1999年1月5日
date	1999年1月05日
date	1999年1月1日
date	1999年1月0日
date	1999年1月31日
date	1999年1月32日
date	1999年1月00日
date	1999年01月5日
date	1999年01月05日
date	1999年01月1日
date	1999年01月0日
date	1999年01月31日
date	1999年01月32日
date	1999年01月00日
date	1999年0月5日
date	1999年0月05日
date	1999年0月1日
date	1999年0月0日
date	1999年0月31日
date	1999年0月32日
date	1999年0月00日
date	1999年00月5日
date	1999年00月05日
date	1999年00月1日
date	1999年00月0日
date	1999年00月31日
date	1999年00月32日
date	1999年00月00日
date	1999年12月5日
date	1999年12月05日
date	1999年12月1日
date	1999年12月0日
date	1999年12月31日
date	1999年12月32日
date	1999年12月00日
date	1999年13月5日
date	1999年13月05日
date	1999年13月1日
date	1999年13月0日
date	1999年13月31日
date	1999年13月32日
date	1999年13月00日
date	1999年9月5日
date	1999年9月05日
date	1999年9月1日
date	1999年9月0日
date	1999年9月31日
date	1999年9月32日
date	1999年9月00日
date	0001-1-5
date	0001-1-05
date	0001-1-1
date	0001-1-0
date	0001-1-31
date	0001-1-32
date	0001-1-00
date	0001-01-5
date	0001-01-05
date	0001-01-1
date	0001-01-0
date	0001-01-31
date	0001-01-32
date	0001-01-00
date	0001-0-5
date	0001-0-05
date	0001-0-1
date	0001-0-0
date	0001-0-31
date	0001-0-32
date	0001-0-00
date	0001-00-5
date	0001-00-05
date	0001-00-1
date	0001-00-0
date	0001-00-31
date	0001-00-32
date	0001-00-00
date	0001-12-5
date	0001-12-05
date	0001-12-1
date	0001-12-0
date	0001-12-31
date	0001-12-32
date	0001-12-00
date	0001-13-5
date	0001-13-05
date	0001-13-1
date	0001-13-0
date	0001-13-31
date	0001-13-32
date	0001-13-00
date	0001-9-5
date	0001-9-05
date	0001-9-1
date	0001-9-0
date	0001-9-31
date	0001-9-32
date	0001-9-00
date	0001/1/5
date	0001/1/05
date	0001/1/1
date	0001/1/0
date	0001/1/31
date	0001/1/32
date	0001/1/00
date	0001/01/5
date	0001/01/05
date	0001/01/1
date	0001/01/0
date	0001/01/31
date	0001/01/32
date	0001/01/00
date	0001/0/5
date	0001/0/05
date	0001/0/1
date	0001/0/0
date	0001/0/31
date	0001/0/32
date	0001/0/00
date	0001/00/5
date	0001/00/05
date	0001/00/1
date	0001/00/0
date	0001/00/31
date	0001/00/32
date	0001/00/00
date	0001/12/5
date	0001/12/05
date	0001/12/1
date	0001/12/0
date	0001/12/31
date	0001/12/32
date	0001/12/00
date	0001/13/5
date	0001/13/05
date	0001/13/1
date	0001/13/0
date	0001/13/31
date	0001/13/32
date	0001/13/00
date	0001/9/5
date	0001/9/05
date	0001/9/1
date	0001/9/0
date	0001/9/31
date	0001/9/32
date	0001/9/00
date	0001.1.5
date	0001.1.05
date	0001.1.1
date	0001.1.0
date	0001.1.31
date	0001.1.32
date	0001.1.00
date	0001.01.5
date	0001.01.05
date	0001.01.1
date	0001.01.0
date	0001.01.31
date	0001.01.32
date	0001.01.00
date	0001.0.5
date	0001.0.05
date	0001.0.1
date	0001.0.0
date	0001.0.31
date	0001.0.32
date	0001.0.00
date	0001.00.5
date	0001.00.05
date	0001.00.1
date	0001.00.0
date	0001.00.31
date	0001.00.32
date	0001.00.00
date	0001.12.5
date	0001.12.05
date	0001.12.1
date	0001.12.0
date	0001.12.31
date	0001.12.32
date	0001.12.00
date	0001.13.5
date	0001.13.05
date	0001.13.1
date	0001.13.0
date	0001.13.31
date	0001.13.32
date	0001.13.00
date	0001.9.5
date	0001.9.05
date	0001.9.1
date	0001.9.0
date	0001.9.31
date	0001.9.32
date	0001.9.00
date	0001年1月5日
date	0001年1月05日
date	0001年1月1日
date	0001年1月0日
date	0001年1月31日
date	0001年1月32日
date	0001年1月00日
date	0001年01月5日
date	0001年01月05日
date	0001年01月1日
date	0001年01月0日
date	0001年01月31日
date	0001年01月32日
date	0001年01月00日
date	0001年0月5日
date	0001年0月05日
date	0001年0月1日
date	0001年0月0日
date	0001年0月31日
date	0001年0月32日
date	0001年0月00日
date	0001年00月5日
date	0001年00月05日
date	0001年00月1日
date	0001年00月0日
date	0001年00月31日
date	0001年00月32日
date	0001年00月00日
date	0001年12月5日
date	0001年12月05日
date	0001年12月1日
date	0001年12月0日
date	0001年12月31日
date	0001年12月32日
date	0001年12月00日
date	0001年13月5日
date	0001年13月05日
date	0001年13月1日
date	0001年13月0日
date	0001年13月31日
date	0001年13月32日
date	0001年13月00日
date	0001年9月5日
date	0001年9月05日
date	0001年9月1日
date	0001年9月0日
date	0001年9月31日
date	0001年9月32日
date	0001年9月00日
date	10000-1-5
date	10000-1-05
date	10000-1-1
date	10000-1-0
date	10000-1-31
date	10000-1-32
date	10000-1-00
date	10000-01-5
date	10000-01-05
date	10000-01-1
date	10000-01-0
date	10000-01-31
date	10000-01-32
date	10000-01-00
date	10000-0-5
date	10000-0-05
date	10000-0-1
date	10000-0-0
date	10000-0-31
date	10000-0-32
date	10000-0-00
date	10000-00-5
date	10000-00-05
date	10000-00-1
date	10000-00-0
date	10000-00-31
date	10000-00-32
date	10000-00-00
date	10000-12-5
date	10000-12-05
date	10000-12-1
date	10000-12-0
date	10000-12-31
date	10000-12-32
date	10000-12-00
date	10000-13-5
date	10000-13-05
date	10000-13-1
date	10000-13-0
date	10000-13-31
date	10000-13-32
date	10000-13-00
date	10000-9-5
date	10000-9-05
date	10000-9-1
date	10000-9-0
date	10000-9-31
date	10000-9-32
date	10000-9-00
date	10000/1/5
date	10000/1/05
date	10000/1/1
date	10000/1/0
date	10000/1/31
date	10000/1/32
date	10000/1/00
date	10000/01/5
date	10000/01/05
date	10000/01/1
date	10000/01/0
date	10000/01/31
date	10000/01/32
date	10000/01/00
date	10000/0/5
date	10000/0/05
date	10000/0/1
date	10000/0/0
date	10000/0/31
date	10000/0/32
date	10000/0/00
date	10000/00/5
date	10000/00/05
date	10000/00/1
date	10000/00/0
date	10000/00/31
date	10000/00/32
date	10000/00/00
date	10000/12/5
date	10000/12/05
date	10000/12/1
date	10000/12/0
date	10000/12/31
date	10000/12/32
date	10000/12/00
date	10000/13/5
date	10000/13/05
date	10000/13/1
date	10000/13/0
date	10000/13/31
date	10000/13/32
date	10000/13/00
date	10000/9/5
date	10000/9/05
date	10000/9/1
date	10000/9/0
date	10000/9/31
date	10000/9/32
date	10000/9/00
date	10000.1.5
date	10000.1.05
date	10000.1.1
date	10000.1.0
date	10000.1.31
date	10000.1.32
date	10000.1.00
date	10000.01.5
date	10000.01.05
date	10000.01.1
date	10000.01.0
date	10000.01.31
date	10000.01.32
date	10000.01.00
date	10000.0.5
date	10000.0.05
date	10000.0.1
date	10000.0.0
date	10000.0.31
date	10000.0.32
date	10000.0.00
date	10000.00.5
date	10000.00.05
date	10000.00.1
date	10000.00.0
date	10000.00.31
date	10000.00.32
date	10000.00.00
date	10000.12.5
date	10000.12.05
date	10000.12.1
date	10000.12.0
date	10000.12.31
date	10000.12.32
date	10000.12.00
date	10000.13.5
date	10000.13.05
date	10000.13.1
date	10000.13.0
date	10000.13.31
date	10000.13.32
date	10000.13.00
date	10000.9.5
date	10000.9.05
date	10000.9.1
date	10000.9.0
date	10000.9.31
date	10000.9.32
date	10000.9.00
date	10000年1月5日
date	10000年1月05日
date	10000年1月1日
date	10000年1月0日
date	10000年1月31日
date	10000年1月32日
date	10000年1月00日
date	10000年01月5日
date	10000年01月05日
date	10000年01月1日
date	10000年01月0日
date	10000年01月31日
date	10000年01月32日
date	10000年01月00日
date	10000年0月5日
date	10000年0月05日
date	10000年0月1日
date	10000年0月0日
date	10000年0月31日
date	10000年0月32日
date	10000年0月00日
date	10000年00月5日
date	10000年00月05日
date	10000年00月1日
date	10000年00月0日
date	10000年00月31日
date	10000年00月32日
date	10000年00月00日
date	10000年12月5日
date	10000年12月05日
date	10000年12月1日
date	10000年12月0日
date	10000年12月31日
date	10000年12月32日
date	10000年12月00日
date	10000年13月5日
date	10000年13月05日
date	10000年13月1日
date	10000年13月0日
date	10000年13月31日
date	10000年13月32日
date	10000年13月00日
date	10000年9月5日
date	10000年9月05日
date	10000年9月1日
date	10000年9月0日
date	10000年9月31日
date	10000年9月32日
date	10000年9月00日
date	2026-03-15
date	2026-12-31
date	2026-02-28
date	2024-02-29
date	2026-03-15 0:00
date	2026-12-31 0:00
date	2026-02-28 0:00
date	2024-02-29 0:00
date	2026-03-15 12:30
date	2026-12-31 12:30
date	2026-02-28 12:30
date	2024-02-29 12:30
date	2026-03-15 12:30:45
date	2026-12-31 12:30:45
date	2026-02-28 12:30:45
date	2024-02-29 12:30:45
date	2026-03-15 23:59:59
date	2026-12-31 23:59:59
date	2026-02-28 23:59:59
date	2024-02-29 23:59:59
date	2026-03-15 24:00
date	2026-12-31 24:00
date	2026-02-28 24:00
date	2024-02-29 24:00
date	2026-03-15 25:00
date	2026-12-31 25:00
date	2026-02-28 25:00
date	2024-02-29 25:00
date	2026-03-15 00:60
date	2026-12-31 00:60
date	2026-02-28 00:60
date	2024-02-29 00:60
date	2026-03-15 12:99
date	2026-12-31 12:99
date	2026-02-28 12:99
date	2024-02-29 12:99
date	2026-03-15 12:30:60
date	2026-12-31 12:30:60
date	2026-02-28 12:30:60
date	2024-02-29 12:30:60
date	2026-03-15 12:30:99
date	2026-12-31 12:30:99
date	2026-02-28 12:30:99
date	2024-02-29 12:30:99
date	2026-03-15 8:5
date	2026-12-31 8:5
date	2026-02-28 8:5
date	2024-02-29 8:5
date	2026-03-15 8:5:3
date	2026-12-31 8:5:3
date	2026-02-28 8:5:3
date	2024-02-29 8:5:3
date	2026-03-15T08:30
date	2026-12-31T08:30
date	2026-02-28T08:30
date	2024-02-29T08:30
date	2026-03-15T8:30:00
date	2026-12-31T8:30:00
date	2026-02-28T8:30:00
date	2024-02-29T8:30:00
date	2026-03-15 123:00
date	2026-12-31 123:00
date	2026-02-28 123:00
date	2024-02-29 123:00
date	2026-03-15 1:2:3
date	2026-12-31 1:2:3
date	2026-02-28 1:2:3
date	2024-02-29 1:2:3
date	2026-03-15 99:99:99
date	2026-12-31 99:99:99
date	2026-02-28 99:99:99
date	2024-02-29 99:99:99
date	
date	 
date	  2026-01-05  
date	x2026-01-05
date	2026-01-05x
date	交易时间 2026-01-05 12:30
date	2026-1-5
date	20260105
date	2026-01
date	01-05-2026
date	26-01-05
date	２０２６-０１-０５
date	null
date	undefined
date	-
date	2026--01-05
date	2026-01--05
date	2026 01 05
date	2026-01-05 12
date	2026-01-05T12
date	2026-01-05 :30
date	999-01-05
date	99999-01-05
date	2026-01-05\n2027-02-06
date	2026-01-05,2027-02-06
amt	35
amt	35.5
amt	35.50
amt	0
amt	0.00
amt	-0
amt	-0.001
amt	0.005
amt	0.015
amt	2.675
amt	1.005
amt	8.165
amt	1234.567
amt	1,234.56
amt	¥1,234.56
amt	￥35.00
amt	$12.34
amt	RMB 12
amt	12 元
amt	-35.00
amt	+35.00
amt	  12  
amt	
amt	 
amt	-
amt	.
amt	..
amt	--
amt	-.
amt	abc
amt	1e3
amt	1E3
amt	1.2.3
amt	1-2
amt	-1-2
amt	5.
amt	.5
amt	0.1
amt	3.3
amt	３５
amt	3５
amt	５.5
amt	１,２３４
amt	(35.00)
amt	35.00-
amt	35,00
amt	1 000.00
amt	999999999999999999999
amt	1000000000000000000000
amt	12345678901234567890.5
amt	0.000001
amt	1e21
amt	9007199254740993
amt	-9007199254740993
amt	NaN
amt	Infinity
amt	 35 
amt	　35　
amt	3\t5
amt	3\n5
amt	0.000
amt	0.005
amt	0.010
amt	0.015
amt	0.020
amt	0.025
amt	0.030
amt	0.035
amt	0.040
amt	0.045
amt	0.050
amt	0.055
amt	0.060
amt	0.065
amt	0.070
amt	0.075
amt	0.080
amt	0.085
amt	0.090
amt	0.095
amt	0.100
amt	0.105
amt	0.110
amt	0.115
amt	0.120
amt	0.125
amt	0.130
amt	0.135
amt	0.140
amt	0.145
amt	0.150
amt	0.155
amt	0.160
amt	0.165
amt	0.170
amt	0.175
amt	0.180
amt	0.185
amt	0.190
amt	0.195
amt	0.200
amt	0.205
amt	0.210
amt	0.215
amt	0.220
amt	0.225
amt	0.230
amt	0.235
amt	0.240
amt	0.245
amt	0.250
amt	0.255
amt	0.260
amt	0.265
amt	0.270
amt	0.275
amt	0.280
amt	0.285
amt	0.290
amt	0.295
amt	0.300
amt	0.305
amt	0.310
amt	0.315
amt	0.320
amt	0.325
amt	0.330
amt	0.335
amt	0.340
amt	0.345
amt	0.350
amt	0.355
amt	0.360
amt	0.365
amt	0.370
amt	0.375
amt	0.380
amt	0.385
amt	0.390
amt	0.395
amt	0.400
amt	0.405
amt	0.410
amt	0.415
amt	0.420
amt	0.425
amt	0.430
amt	0.435
amt	0.440
amt	0.445
amt	0.450
amt	0.455
amt	0.460
amt	0.465
amt	0.470
amt	0.475
amt	0.480
amt	0.485
amt	0.490
amt	0.495
amt	0.500
amt	0.505
amt	0.510
amt	0.515
amt	0.520
amt	0.525
amt	0.530
amt	0.535
amt	0.540
amt	0.545
amt	0.550
amt	0.555
amt	0.560
amt	0.565
amt	0.570
amt	0.575
amt	0.580
amt	0.585
amt	0.590
amt	0.595
amt	0.600
amt	0.605
amt	0.610
amt	0.615
amt	0.620
amt	0.625
amt	0.630
amt	0.635
amt	0.640
amt	0.645
amt	0.650
amt	0.655
amt	0.660
amt	0.665
amt	0.670
amt	0.675
amt	0.680
amt	0.685
amt	0.690
amt	0.695
amt	0.700
amt	0.705
amt	0.710
amt	0.715
amt	0.720
amt	0.725
amt	0.730
amt	0.735
amt	0.740
amt	0.745
amt	0.750
amt	0.755
amt	0.760
amt	0.765
amt	0.770
amt	0.775
amt	0.780
amt	0.785
amt	0.790
amt	0.795
amt	0.800
amt	0.805
amt	0.810
amt	0.815
amt	0.820
amt	0.825
amt	0.830
amt	0.835
amt	0.840
amt	0.845
amt	0.850
amt	0.855
amt	0.860
amt	0.865
amt	0.870
amt	0.875
amt	0.880
amt	0.885
amt	0.890
amt	0.895
amt	0.900
amt	0.905
amt	0.910
amt	0.915
amt	0.920
amt	0.925
amt	0.930
amt	0.935
amt	0.940
amt	0.945
amt	0.950
amt	0.955
amt	0.960
amt	0.965
amt	0.970
amt	0.975
amt	0.980
amt	0.985
amt	0.990
amt	0.995
amt	1.000
amt	1.005
amt	1.010
amt	1.015
amt	1.020
amt	1.025
amt	1.030
amt	1.035
amt	1.040
amt	1.045
amt	1.050
amt	1.055
amt	1.060
amt	1.065
amt	1.070
amt	1.075
amt	1.080
amt	1.085
amt	1.090
amt	1.095
amt	1.100
amt	1.105
amt	1.110
amt	1.115
amt	1.120
amt	1.125
amt	1.130
amt	1.135
amt	1.140
amt	1.145
amt	1.150
amt	1.155
amt	1.160
amt	1.165
amt	1.170
amt	1.175
amt	1.180
amt	1.185
amt	1.190
amt	1.195
amt	1.200
amt	1.205
amt	1.210
amt	1.215
amt	1.220
amt	1.225
amt	1.230
amt	1.235
amt	1.240
amt	1.245
amt	1.250
amt	1.255
amt	1.260
amt	1.265
amt	1.270
amt	1.275
amt	1.280
amt	1.285
amt	1.290
amt	1.295
amt	1.300
amt	1.305
amt	1.310
amt	1.315
amt	1.320
amt	1.325
amt	1.330
amt	1.335
amt	1.340
amt	1.345
amt	1.350
amt	1.355
amt	1.360
amt	1.365
amt	1.370
amt	1.375
amt	1.380
amt	1.385
amt	1.390
amt	1.395
amt	1.400
amt	1.405
amt	1.410
amt	1.415
amt	1.420
amt	1.425
amt	1.430
amt	1.435
amt	1.440
amt	1.445
amt	1.450
amt	1.455
amt	1.460
amt	1.465
amt	1.470
amt	1.475
amt	1.480
amt	1.485
amt	1.490
amt	1.495
amt	1.500
amt	1.505
amt	1.510
amt	1.515
amt	1.520
amt	1.525
amt	1.530
amt	1.535
amt	1.540
amt	1.545
amt	1.550
amt	1.555
amt	1.560
amt	1.565
amt	1.570
amt	1.575
amt	1.580
amt	1.585
amt	1.590
amt	1.595
amt	1.600
amt	1.605
amt	1.610
amt	1.615
amt	1.620
amt	1.625
amt	1.630
amt	1.635
amt	1.640
amt	1.645
amt	1.650
amt	1.655
amt	1.660
amt	1.665
amt	1.670
amt	1.675
amt	1.680
amt	1.685
amt	1.690
amt	1.695
amt	1.700
amt	1.705
amt	1.710
amt	1.715
amt	1.720
amt	1.725
amt	1.730
amt	1.735
amt	1.740
amt	1.745
amt	1.750
amt	1.755
amt	1.760
amt	1.765
amt	1.770
amt	1.775
amt	1.780
amt	1.785
amt	1.790
amt	1.795
amt	1.800
amt	1.805
amt	1.810
amt	1.815
amt	1.820
amt	1.825
amt	1.830
amt	1.835
amt	1.840
amt	1.845
amt	1.850
amt	1.855
amt	1.860
amt	1.865
amt	1.870
amt	1.875
amt	1.880
amt	1.885
amt	1.890
amt	1.895
amt	1.900
amt	1.905
amt	1.910
amt	1.915
amt	1.920
amt	1.925
amt	1.930
amt	1.935
amt	1.940
amt	1.945
amt	1.950
amt	1.955
amt	1.960
amt	1.965
amt	1.970
amt	1.975
amt	1.980
amt	1.985
amt	1.990
amt	1.995
amt	-0.0000
amt	-0.0125
amt	-0.0250
amt	-0.0375
amt	-0.0500
amt	-0.0625
amt	-0.0750
amt	-0.0875
amt	-0.1000
amt	-0.1125
amt	-0.1250
amt	-0.1375
amt	-0.1500
amt	-0.1625
amt	-0.1750
amt	-0.1875
amt	-0.2000
amt	-0.2125
amt	-0.2250
amt	-0.2375
amt	-0.2500
amt	-0.2625
amt	-0.2750
amt	-0.2875
amt	-0.3000
amt	-0.3125
amt	-0.3250
amt	-0.3375
amt	-0.3500
amt	-0.3625
amt	-0.3750
amt	-0.3875
amt	-0.4000
amt	-0.4125
amt	-0.4250
amt	-0.4375
amt	-0.4500
amt	-0.4625
amt	-0.4750
amt	-0.4875
amt	-0.5000
amt	-0.5125
amt	-0.5250
amt	-0.5375
amt	-0.5500
amt	-0.5625
amt	-0.5750
amt	-0.5875
amt	-0.6000
amt	-0.6125
amt	-0.6250
amt	-0.6375
amt	-0.6500
amt	-0.6625
amt	-0.6750
amt	-0.6875
amt	-0.7000
amt	-0.7125
amt	-0.7250
amt	-0.7375
amt	-0.7500
amt	-0.7625
amt	-0.7750
amt	-0.7875
amt	-0.8000
amt	-0.8125
amt	-0.8250
amt	-0.8375
amt	-0.8500
amt	-0.8625
amt	-0.8750
amt	-0.8875
amt	-0.9000
amt	-0.9125
amt	-0.9250
amt	-0.9375
amt	-0.9500
amt	-0.9625
amt	-0.9750
amt	-0.9875
amt	-1.0000
amt	-1.0125
amt	-1.0250
amt	-1.0375
amt	-1.0500
amt	-1.0625
amt	-1.0750
amt	-1.0875
amt	-1.1000
amt	-1.1125
amt	-1.1250
amt	-1.1375
amt	-1.1500
amt	-1.1625
amt	-1.1750
amt	-1.1875
amt	-1.2000
amt	-1.2125
amt	-1.2250
amt	-1.2375
amt	-1.2500
amt	-1.2625
amt	-1.2750
amt	-1.2875
amt	-1.3000
amt	-1.3125
amt	-1.3250
amt	-1.3375
amt	-1.3500
amt	-1.3625
amt	-1.3750
amt	-1.3875
amt	-1.4000
amt	-1.4125
amt	-1.4250
amt	-1.4375
amt	-1.4500
amt	-1.4625
amt	-1.4750
amt	-1.4875
amt	-1.5000
amt	-1.5125
amt	-1.5250
amt	-1.5375
amt	-1.5500
amt	-1.5625
amt	-1.5750
amt	-1.5875
amt	-1.6000
amt	-1.6125
amt	-1.6250
amt	-1.6375
amt	-1.6500
amt	-1.6625
amt	-1.6750
amt	-1.6875
amt	-1.7000
amt	-1.7125
amt	-1.7250
amt	-1.7375
amt	-1.7500
amt	-1.7625
amt	-1.7750
amt	-1.7875
amt	-1.8000
amt	-1.8125
amt	-1.8250
amt	-1.8375
amt	-1.8500
amt	-1.8625
amt	-1.8750
amt	-1.8875
amt	-1.9000
amt	-1.9125
amt	-1.9250
amt	-1.9375
amt	-1.9500
amt	-1.9625
amt	-1.9750
amt	-1.9875
amt	-2.0000
amt	-2.0125
amt	-2.0250
amt	-2.0375
amt	-2.0500
amt	-2.0625
amt	-2.0750
amt	-2.0875
amt	-2.1000
amt	-2.1125
amt	-2.1250
amt	-2.1375
amt	-2.1500
amt	-2.1625
amt	-2.1750
amt	-2.1875
amt	-2.2000
amt	-2.2125
amt	-2.2250
amt	-2.2375
amt	-2.2500
amt	-2.2625
amt	-2.2750
amt	-2.2875
amt	-2.3000
amt	-2.3125
amt	-2.3250
amt	-2.3375
amt	-2.3500
amt	-2.3625
amt	-2.3750
amt	-2.3875
amt	-2.4000
amt	-2.4125
amt	-2.4250
amt	-2.4375
amt	-2.4500
amt	-2.4625
amt	-2.4750
amt	-2.4875
io	支出
io	收入
io	不计收支
io	其他
io	/
io	
io	 
io	支
io	收
io	已支出
io	支出/退款
io	收入支出
io	支出收入
io	支出(收入)
io	收入(支出)
io	退款收入/支出
io	支出/收入
io	收入,支出
io	支出,收入
io	不计收支收入
io	不计收支支出
io	收入 支出
io	支出 支出收入
io	expense income
io	income expense
io	Expense/Income
io	INCOME EXPENSE
io	收入expense
io	支出income
io	income支出
io	expense收入
io	expense
io	Expense
io	EXPENSE
io	income
io	Income
io	INCOME
io	expenses
io	incomes
io	my expense here
io	ＥＸＰＥＮＳＥ
io	İNCOME
io	转账
io	transfer
io	exp
io	inc
io	支 出
bills	交易时间,交易分类,交易对方,商品说明,收/支,金额,收/付款方式,交易状态\n2026-01-05 12:30:00,餐饮,肯德基,午餐,支出,35.50,余额,交易成功\n
bills	交易时间,交易分类,交易对方,商品说明,收/支,金额,收/付款方式,交易状态\n2026-01-06 09:00:00,工资,公司,一月工资,收入,9000.00,银行卡,交易成功\n
bills	交易时间,交易分类,交易对方,商品说明,收/支,金额,收/付款方式,交易状态\n2026-01-07 10:00:00,退款,商家,退货,收入,20.00,余额,退款成功\n
bills	交易时间,交易分类,交易对方,商品说明,收/支,金额,收/付款方式,交易状态\n2026-01-08 10:00:00,其他,x,y,不计收支,5.00,余额,交易成功\n
bills	交易时间,交易分类,交易对方,商品说明,收/支,金额,收/付款方式,交易状态\n2026-01-09 10:00:00,购物,店,东西,支出,0.00,余额,交易成功\n
bills	交易时间,交易分类,交易对方,商品说明,收/支,金额,收/付款方式,交易状态\n2026-01-10 10:00:00,购物,店,东西,支出,-15.00,余额,交易成功\n
bills	交易时间,交易分类,交易对方,商品说明,收/支,金额,收/付款方式,交易状态\ngarbage,购物,店,东西,支出,15.00,余额,交易成功\n
bills	交易时间,交易分类,交易对方,商品说明,收/支,金额,收/付款方式,交易状态\n2026-01-11 10:00:00,购物,店,东西,支出,abc,余额,交易成功\n
bills	交易时间,交易分类,交易对方,商品说明,收/支,金额,收/付款方式,交易状态\n2026-01-12 10:00:00,购物,店,东西,支出,15.00,余额,交易关闭\n
bills	交易时间,交易分类,交易对方,商品说明,收/支,金额,收/付款方式,交易状态\n2026-01-13 10:00:00,购物,店,东西,支出,15.00,余额,\n
bills	交易时间,交易分类,交易对方,商品说明,收/支,金额,收/付款方式,交易状态\n2026-01-14 10:00:00, 购物 , 店 , 东西 ,支出,15.00, 余额 , 交易成功 \n
bills	交易时间,交易分类,交易对方,商品说明,收/支,金额,收/付款方式,交易状态\n2026-01-15 10:00:00,购物,店,东西,支出,15.00\n
bills	交易时间,交易分类,交易对方,商品说明,收/支,金额,收/付款方式,交易状态\n2026-01-16 10:00:00\n
bills	交易时间,交易分类,交易对方,商品说明,收/支,金额,收/付款方式,交易状态\n,,,,,,,\n
bills	交易时间,交易分类,交易对方,商品说明,收/支,金额,收/付款方式,交易状态\n   ,  ,  ,  ,  ,  ,  ,  \n
bills	交易时间,交易分类,交易对方,商品说明,收/支,金额,收/付款方式,交易状态\n\n
bills	交易时间,交易分类,交易对方,商品说明,收/支,金额,收/付款方式,交易状态\n2026-01-17 10:00:00,"购物,杂项",店,"说,明",支出,"1,234.56",余额,交易成功\n
bills	交易时间,交易分类,交易对方,商品说明,收/支,金额,收/付款方式,交易状态\n2026-01-18 10:00:00,购物,"店\n二行",东西,支出,15.00,余额,交易成功\n
bills	交易时间,交易分类,交易对方,商品说明,收/支,金额,收/付款方式,交易状态\n2026-01-19 10:00:00,购物,"说""引号""",东西,收入,15.00,余额,交易成功\n
bills	交易时间,交易分类,交易对方,商品说明,收/支,金额,收/付款方式,交易状态\n2026-01-20 24:00:00,购物,店,东西,支出,15.00,余额,交易成功\n
bills	交易时间,交易分类,交易对方,商品说明,收/支,金额,收/付款方式,交易状态\n2026-13-40 10:00:00,购物,店,东西,支出,15.00,余额,交易成功\n
bills	交易时间,交易分类,交易对方,商品说明,收/支,金额,收/付款方式,交易状态\n2026-01-21 10:00:00,购物,店,东西,支出,15.00,余额,冻结\n
bills	交易时间,交易分类,交易对方,商品说明,收/支,金额,收/付款方式,交易状态\n2026-01-22 10:00:00,购物,店,东西,支出,15.00,余额,全额退款\n
bills	交易时间,交易分类,交易对方,商品说明,收/支,金额,收/付款方式,交易状态\n2026-01-23 10:00:00,购物,店,东西,Expense,15.00,余额,交易成功\n
bills	交易时间,交易分类,交易对方,商品说明,收/支,金额,收/付款方式,交易状态\n2026-01-24 10:00:00,购物,店,东西,收入支出,15.00,余额,交易成功\n
bills	交易时间,交易分类,交易对方,商品说明,收/支,金额,收/付款方式,交易状态\n2026-01-25 10:00:00,购物,店,东西,支出收入,15.00,余额,交易成功\n
bills	交易时间,交易分类,交易对方,商品说明,收/支,金额,收/付款方式,交易状态\n2026-01-26 10:00:00,购物,店,东西,"支出,收入",15.00,余额,交易成功\n
bills	交易时间,交易分类,交易对方,商品说明,收/支,金额,收/付款方式,交易状态\n2026-01-27 10:00:00,购物,店,东西,income expense,15.00,余额,交易成功\n
bills	交易时间,交易分类,交易对方,商品说明,收/支,金额,收/付款方式,交易状态\n2026-01-28 10:00:00,购物,店,东西,expense income,15.00,余额,交易成功\n
bills	交易时间,交易分类,交易对方,商品说明,收/支,金额,收/付款方式,交易状态\n2026-01-29 10:00:00,购物,店,东西,退款收入/支出,15.00,余额,交易成功\n
bills	交易时间,交易分类,交易对方,商品说明,收/支,金额,收/付款方式,交易状态\n2026-01-05 12:30:00,餐饮,肯德基,午餐,支出,35.50,余额,交易成功\n2026-01-06 09:00:00,工资,公司,一月工资,收入,9000.00,银行卡,交易成功\n2026-01-07 10:00:00,退款,商家,退货,收入,20.00,余额,退款成功\n2026-01-08 10:00:00,其他,x,y,不计收支,5.00,余额,交易成功\n2026-01-09 10:00:00,购物,店,东西,支出,0.00,余额,交易成功\n2026-01-10 10:00:00,购物,店,东西,支出,-15.00,余额,交易成功\ngarbage,购物,店,东西,支出,15.00,余额,交易成功\n2026-01-11 10:00:00,购物,店,东西,支出,abc,余额,交易成功\n2026-01-12 10:00:00,购物,店,东西,支出,15.00,余额,交易关闭\n2026-01-13 10:00:00,购物,店,东西,支出,15.00,余额,\n2026-01-14 10:00:00, 购物 , 店 , 东西 ,支出,15.00, 余额 , 交易成功 \n2026-01-15 10:00:00,购物,店,东西,支出,15.00\n2026-01-16 10:00:00\n,,,,,,,\n   ,  ,  ,  ,  ,  ,  ,  \n\n2026-01-17 10:00:00,"购物,杂项",店,"说,明",支出,"1,234.56",余额,交易成功\n2026-01-18 10:00:00,购物,"店\n二行",东西,支出,15.00,余额,交易成功\n2026-01-19 10:00:00,购物,"说""引号""",东西,收入,15.00,余额,交易成功\n2026-01-20 24:00:00,购物,店,东西,支出,15.00,余额,交易成功\n2026-13-40 10:00:00,购物,店,东西,支出,15.00,余额,交易成功\n2026-01-21 10:00:00,购物,店,东西,支出,15.00,余额,冻结\n2026-01-22 10:00:00,购物,店,东西,支出,15.00,余额,全额退款\n2026-01-23 10:00:00,购物,店,东西,Expense,15.00,余额,交易成功\n2026-01-24 10:00:00,购物,店,东西,收入支出,15.00,余额,交易成功\n2026-01-25 10:00:00,购物,店,东西,支出收入,15.00,余额,交易成功\n2026-01-26 10:00:00,购物,店,东西,"支出,收入",15.00,余额,交易成功\n2026-01-27 10:00:00,购物,店,东西,income expense,15.00,余额,交易成功\n2026-01-28 10:00:00,购物,店,东西,expense income,15.00,余额,交易成功\n2026-01-29 10:00:00,购物,店,东西,退款收入/支出,15.00,余额,交易成功\n
bills	交易时间,交易分类,交易对方,商品说明,收/支,金额,收/付款方式,交易状态\n2026-01-05 12:30:00,餐饮,肯德基,午餐,支出,35.50,余额,交易成功\r\n2026-01-06 09:00:00,工资,公司,一月工资,收入,9000.00,银行卡,交易成功\r\n2026-01-07 10:00:00,退款,商家,退货,收入,20.00,余额,退款成功\r\n2026-01-08 10:00:00,其他,x,y,不计收支,5.00,余额,交易成功\r\n2026-01-09 10:00:00,购物,店,东西,支出,0.00,余额,交易成功\r\n2026-01-10 10:00:00,购物,店,东西,支出,-15.00,余额,交易成功\r\ngarbage,购物,店,东西,支出,15.00,余额,交易成功\r\n2026-01-11 10:00:00,购物,店,东西,支出,abc,余额,交易成功\r\n2026-01-12 10:00:00,购物,店,东西,支出,15.00,余额,交易关闭\r\n2026-01-13 10:00:00,购物,店,东西,支出,15.00,余额,\r\n2026-01-14 10:00:00, 购物 , 店 , 东西 ,支出,15.00, 余额 , 交易成功 \r\n2026-01-15 10:00:00,购物,店,东西,支出,15.00\r\n2026-01-16 10:00:00\r\n,,,,,,,\r\n   ,  ,  ,  ,  ,  ,  ,  \r\n\r\n2026-01-17 10:00:00,"购物,杂项",店,"说,明",支出,"1,234.56",余额,交易成功\r\n2026-01-18 10:00:00,购物,"店\n二行",东西,支出,15.00,余额,交易成功\r\n2026-01-19 10:00:00,购物,"说""引号""",东西,收入,15.00,余额,交易成功\r\n2026-01-20 24:00:00,购物,店,东西,支出,15.00,余额,交易成功\r\n2026-13-40 10:00:00,购物,店,东西,支出,15.00,余额,交易成功\r\n2026-01-21 10:00:00,购物,店,东西,支出,15.00,余额,冻结\r\n2026-01-22 10:00:00,购物,店,东西,支出,15.00,余额,全额退款\r\n2026-01-23 10:00:00,购物,店,东西,Expense,15.00,余额,交易成功\r\n2026-01-24 10:00:00,购物,店,东西,收入支出,15.00,余额,交易成功\r\n2026-01-25 10:00:00,购物,店,东西,支出收入,15.00,余额,交易成功\r\n2026-01-26 10:00:00,购物,店,东西,"支出,收入",15.00,余额,交易成功\r\n2026-01-27 10:00:00,购物,店,东西,income expense,15.00,余额,交易成功\r\n2026-01-28 10:00:00,购物,店,东西,expense income,15.00,余额,交易成功\r\n2026-01-29 10:00:00,购物,店,东西,退款收入/支出,15.00,余额,交易成功
header	交易时间,交易分类,交易对方,商品说明,收/支,金额,收/付款方式,交易状态\n
bills	交易时间,交易类型,交易对方,商品,收/支,金额(元),支付方式,当前状态\n2026-01-05 12:30:00,餐饮,肯德基,午餐,支出,35.50,余额,交易成功\n
bills	交易时间,交易类型,交易对方,商品,收/支,金额(元),支付方式,当前状态\n2026-01-06 09:00:00,工资,公司,一月工资,收入,9000.00,银行卡,交易成功\n
bills	交易时间,交易类型,交易对方,商品,收/支,金额(元),支付方式,当前状态\n2026-01-07 10:00:00,退款,商家,退货,收入,20.00,余额,退款成功\n
bills	交易时间,交易类型,交易对方,商品,收/支,金额(元),支付方式,当前状态\n2026-01-08 10:00:00,其他,x,y,不计收支,5.00,余额,交易成功\n
bills	交易时间,交易类型,交易对方,商品,收/支,金额(元),支付方式,当前状态\n2026-01-09 10:00:00,购物,店,东西,支出,0.00,余额,交易成功\n
bills	交易时间,交易类型,交易对方,商品,收/支,金额(元),支付方式,当前状态\n2026-01-10 10:00:00,购物,店,东西,支出,-15.00,余额,交易成功\n
bills	交易时间,交易类型,交易对方,商品,收/支,金额(元),支付方式,当前状态\ngarbage,购物,店,东西,支出,15.00,余额,交易成功\n
bills	交易时间,交易类型,交易对方,商品,收/支,金额(元),支付方式,当前状态\n2026-01-11 10:00:00,购物,店,东西,支出,abc,余额,交易成功\n
bills	交易时间,交易类型,交易对方,商品,收/支,金额(元),支付方式,当前状态\n2026-01-12 10:00:00,购物,店,东西,支出,15.00,余额,交易关闭\n
bills	交易时间,交易类型,交易对方,商品,收/支,金额(元),支付方式,当前状态\n2026-01-13 10:00:00,购物,店,东西,支出,15.00,余额,\n
bills	交易时间,交易类型,交易对方,商品,收/支,金额(元),支付方式,当前状态\n2026-01-14 10:00:00, 购物 , 店 , 东西 ,支出,15.00, 余额 , 交易成功 \n
bills	交易时间,交易类型,交易对方,商品,收/支,金额(元),支付方式,当前状态\n2026-01-15 10:00:00,购物,店,东西,支出,15.00\n
bills	交易时间,交易类型,交易对方,商品,收/支,金额(元),支付方式,当前状态\n2026-01-16 10:00:00\n
bills	交易时间,交易类型,交易对方,商品,收/支,金额(元),支付方式,当前状态\n,,,,,,,\n
bills	交易时间,交易类型,交易对方,商品,收/支,金额(元),支付方式,当前状态\n   ,  ,  ,  ,  ,  ,  ,  \n
bills	交易时间,交易类型,交易对方,商品,收/支,金额(元),支付方式,当前状态\n\n
bills	交易时间,交易类型,交易对方,商品,收/支,金额(元),支付方式,当前状态\n2026-01-17 10:00:00,"购物,杂项",店,"说,明",支出,"1,234.56",余额,交易成功\n
bills	交易时间,交易类型,交易对方,商品,收/支,金额(元),支付方式,当前状态\n2026-01-18 10:00:00,购物,"店\n二行",东西,支出,15.00,余额,交易成功\n
bills	交易时间,交易类型,交易对方,商品,收/支,金额(元),支付方式,当前状态\n2026-01-19 10:00:00,购物,"说""引号""",东西,收入,15.00,余额,交易成功\n
bills	交易时间,交易类型,交易对方,商品,收/支,金额(元),支付方式,当前状态\n2026-01-20 24:00:00,购物,店,东西,支出,15.00,余额,交易成功\n
bills	交易时间,交易类型,交易对方,商品,收/支,金额(元),支付方式,当前状态\n2026-13-40 10:00:00,购物,店,东西,支出,15.00,余额,交易成功\n
bills	交易时间,交易类型,交易对方,商品,收/支,金额(元),支付方式,当前状态\n2026-01-21 10:00:00,购物,店,东西,支出,15.00,余额,冻结\n
bills	交易时间,交易类型,交易对方,商品,收/支,金额(元),支付方式,当前状态\n2026-01-22 10:00:00,购物,店,东西,支出,15.00,余额,全额退款\n
bills	交易时间,交易类型,交易对方,商品,收/支,金额(元),支付方式,当前状态\n2026-01-23 10:00:00,购物,店,东西,Expense,15.00,余额,交易成功\n
bills	交易时间,交易类型,交易对方,商品,收/支,金额(元),支付方式,当前状态\n2026-01-24 10:00:00,购物,店,东西,收入支出,15.00,余额,交易成功\n
bills	交易时间,交易类型,交易对方,商品,收/支,金额(元),支付方式,当前状态\n2026-01-25 10:00:00,购物,店,东西,支出收入,15.00,余额,交易成功\n
bills	交易时间,交易类型,交易对方,商品,收/支,金额(元),支付方式,当前状态\n2026-01-26 10:00:00,购物,店,东西,"支出,收入",15.00,余额,交易成功\n
bills	交易时间,交易类型,交易对方,商品,收/支,金额(元),支付方式,当前状态\n2026-01-27 10:00:00,购物,店,东西,income expense,15.00,余额,交易成功\n
bills	交易时间,交易类型,交易对方,商品,收/支,金额(元),支付方式,当前状态\n2026-01-28 10:00:00,购物,店,东西,expense income,15.00,余额,交易成功\n
bills	交易时间,交易类型,交易对方,商品,收/支,金额(元),支付方式,当前状态\n2026-01-29 10:00:00,购物,店,东西,退款收入/支出,15.00,余额,交易成功\n
bills	交易时间,交易类型,交易对方,商品,收/支,金额(元),支付方式,当前状态\n2026-01-05 12:30:00,餐饮,肯德基,午餐,支出,35.50,余额,交易成功\n2026-01-06 09:00:00,工资,公司,一月工资,收入,9000.00,银行卡,交易成功\n2026-01-07 10:00:00,退款,商家,退货,收入,20.00,余额,退款成功\n2026-01-08 10:00:00,其他,x,y,不计收支,5.00,余额,交易成功\n2026-01-09 10:00:00,购物,店,东西,支出,0.00,余额,交易成功\n2026-01-10 10:00:00,购物,店,东西,支出,-15.00,余额,交易成功\ngarbage,购物,店,东西,支出,15.00,余额,交易成功\n2026-01-11 10:00:00,购物,店,东西,支出,abc,余额,交易成功\n2026-01-12 10:00:00,购物,店,东西,支出,15.00,余额,交易关闭\n2026-01-13 10:00:00,购物,店,东西,支出,15.00,余额,\n2026-01-14 10:00:00, 购物 , 店 , 东西 ,支出,15.00, 余额 , 交易成功 \n2026-01-15 10:00:00,购物,店,东西,支出,15.00\n2026-01-16 10:00:00\n,,,,,,,\n   ,  ,  ,  ,  ,  ,  ,  \n\n2026-01-17 10:00:00,"购物,杂项",店,"说,明",支出,"1,234.56",余额,交易成功\n2026-01-18 10:00:00,购物,"店\n二行",东西,支出,15.00,余额,交易成功\n2026-01-19 10:00:00,购物,"说""引号""",东西,收入,15.00,余额,交易成功\n2026-01-20 24:00:00,购物,店,东西,支出,15.00,余额,交易成功\n2026-13-40 10:00:00,购物,店,东西,支出,15.00,余额,交易成功\n2026-01-21 10:00:00,购物,店,东西,支出,15.00,余额,冻结\n2026-01-22 10:00:00,购物,店,东西,支出,15.00,余额,全额退款\n2026-01-23 10:00:00,购物,店,东西,Expense,15.00,余额,交易成功\n2026-01-24 10:00:00,购物,店,东西,收入支出,15.00,余额,交易成功\n2026-01-25 10:00:00,购物,店,东西,支出收入,15.00,余额,交易成功\n2026-01-26 10:00:00,购物,店,东西,"支出,收入",15.00,余额,交易成功\n2026-01-27 10:00:00,购物,店,东西,income expense,15.00,余额,交易成功\n2026-01-28 10:00:00,购物,店,东西,expense income,15.00,余额,交易成功\n2026-01-29 10:00:00,购物,店,东西,退款收入/支出,15.00,余额,交易成功\n
bills	交易时间,交易类型,交易对方,商品,收/支,金额(元),支付方式,当前状态\n2026-01-05 12:30:00,餐饮,肯德基,午餐,支出,35.50,余额,交易成功\r\n2026-01-06 09:00:00,工资,公司,一月工资,收入,9000.00,银行卡,交易成功\r\n2026-01-07 10:00:00,退款,商家,退货,收入,20.00,余额,退款成功\r\n2026-01-08 10:00:00,其他,x,y,不计收支,5.00,余额,交易成功\r\n2026-01-09 10:00:00,购物,店,东西,支出,0.00,余额,交易成功\r\n2026-01-10 10:00:00,购物,店,东西,支出,-15.00,余额,交易成功\r\ngarbage,购物,店,东西,支出,15.00,余额,交易成功\r\n2026-01-11 10:00:00,购物,店,东西,支出,abc,余额,交易成功\r\n2026-01-12 10:00:00,购物,店,东西,支出,15.00,余额,交易关闭\r\n2026-01-13 10:00:00,购物,店,东西,支出,15.00,余额,\r\n2026-01-14 10:00:00, 购物 , 店 , 东西 ,支出,15.00, 余额 , 交易成功 \r\n2026-01-15 10:00:00,购物,店,东西,支出,15.00\r\n2026-01-16 10:00:00\r\n,,,,,,,\r\n   ,  ,  ,  ,  ,  ,  ,  \r\n\r\n2026-01-17 10:00:00,"购物,杂项",店,"说,明",支出,"1,234.56",余额,交易成功\r\n2026-01-18 10:00:00,购物,"店\n二行",东西,支出,15.00,余额,交易成功\r\n2026-01-19 10:00:00,购物,"说""引号""",东西,收入,15.00,余额,交易成功\r\n2026-01-20 24:00:00,购物,店,东西,支出,15.00,余额,交易成功\r\n2026-13-40 10:00:00,购物,店,东西,支出,15.00,余额,交易成功\r\n2026-01-21 10:00:00,购物,店,东西,支出,15.00,余额,冻结\r\n2026-01-22 10:00:00,购物,店,东西,支出,15.00,余额,全额退款\r\n2026-01-23 10:00:00,购物,店,东西,Expense,15.00,余额,交易成功\r\n2026-01-24 10:00:00,购物,店,东西,收入支出,15.00,余额,交易成功\r\n2026-01-25 10:00:00,购物,店,东西,支出收入,15.00,余额,交易成功\r\n2026-01-26 10:00:00,购物,店,东西,"支出,收入",15.00,余额,交易成功\r\n2026-01-27 10:00:00,购物,店,东西,income expense,15.00,余额,交易成功\r\n2026-01-28 10:00:00,购物,店,东西,expense income,15.00,余额,交易成功\r\n2026-01-29 10:00:00,购物,店,东西,退款收入/支出,15.00,余额,交易成功
header	交易时间,交易类型,交易对方,商品,收/支,金额(元),支付方式,当前状态\n
bills	日期,类型,金额,收支\n2026-01-05 12:30:00,餐饮,肯德基,午餐,支出,35.50,余额,交易成功\n
bills	日期,类型,金额,收支\n2026-01-06 09:00:00,工资,公司,一月工资,收入,9000.00,银行卡,交易成功\n
bills	日期,类型,金额,收支\n2026-01-07 10:00:00,退款,商家,退货,收入,20.00,余额,退款成功\n
bills	日期,类型,金额,收支\n2026-01-08 10:00:00,其他,x,y,不计收支,5.00,余额,交易成功\n
bills	日期,类型,金额,收支\n2026-01-09 10:00:00,购物,店,东西,支出,0.00,余额,交易成功\n
bills	日期,类型,金额,收支\n2026-01-10 10:00:00,购物,店,东西,支出,-15.00,余额,交易成功\n
bills	日期,类型,金额,收支\ngarbage,购物,店,东西,支出,15.00,余额,交易成功\n
bills	日期,类型,金额,收支\n2026-01-11 10:00:00,购物,店,东西,支出,abc,余额,交易成功\n
bills	日期,类型,金额,收支\n2026-01-12 10:00:00,购物,店,东西,支出,15.00,余额,交易关闭\n
bills	日期,类型,金额,收支\n2026-01-13 10:00:00,购物,店,东西,支出,15.00,余额,\n
bills	日期,类型,金额,收支\n2026-01-14 10:00:00, 购物 , 店 , 东西 ,支出,15.00, 余额 , 交易成功 \n
bills	日期,类型,金额,收支\n2026-01-15 10:00:00,购物,店,东西,支出,15.00\n
bills	日期,类型,金额,收支\n2026-01-16 10:00:00\n
bills	日期,类型,金额,收支\n,,,,,,,\n
bills	日期,类型,金额,收支\n   ,  ,  ,  ,  ,  ,  ,  \n
bills	日期,类型,金额,收支\n\n
bills	日期,类型,金额,收支\n2026-01-17 10:00:00,"购物,杂项",店,"说,明",支出,"1,234.56",余额,交易成功\n
bills	日期,类型,金额,收支\n2026-01-18 10:00:00,购物,"店\n二行",东西,支出,15.00,余额,交易成功\n
bills	日期,类型,金额,收支\n2026-01-19 10:00:00,购物,"说""引号""",东西,收入,15.00,余额,交易成功\n
bills	日期,类型,金额,收支\n2026-01-20 24:00:00,购物,店,东西,支出,15.00,余额,交易成功\n
bills	日期,类型,金额,收支\n2026-13-40 10:00:00,购物,店,东西,支出,15.00,余额,交易成功\n
bills	日期,类型,金额,收支\n2026-01-21 10:00:00,购物,店,东西,支出,15.00,余额,冻结\n
bills	日期,类型,金额,收支\n2026-01-22 10:00:00,购物,店,东西,支出,15.00,余额,全额退款\n
bills	日期,类型,金额,收支\n2026-01-23 10:00:00,购物,店,东西,Expense,15.00,余额,交易成功\n
bills	日期,类型,金额,收支\n2026-01-24 10:00:00,购物,店,东西,收入支出,15.00,余额,交易成功\n
bills	日期,类型,金额,收支\n2026-01-25 10:00:00,购物,店,东西,支出收入,15.00,余额,交易成功\n
bills	日期,类型,金额,收支\n2026-01-26 10:00:00,购物,店,东西,"支出,收入",15.00,余额,交易成功\n
bills	日期,类型,金额,收支\n2026-01-27 10:00:00,购物,店,东西,income expense,15.00,余额,交易成功\n
bills	日期,类型,金额,收支\n2026-01-28 10:00:00,购物,店,东西,expense income,15.00,余额,交易成功\n
bills	日期,类型,金额,收支\n2026-01-29 10:00:00,购物,店,东西,退款收入/支出,15.00,余额,交易成功\n
bills	日期,类型,金额,收支\n2026-01-05 12:30:00,餐饮,肯德基,午餐,支出,35.50,余额,交易成功\n2026-01-06 09:00:00,工资,公司,一月工资,收入,9000.00,银行卡,交易成功\n2026-01-07 10:00:00,退款,商家,退货,收入,20.00,余额,退款成功\n2026-01-08 10:00:00,其他,x,y,不计收支,5.00,余额,交易成功\n2026-01-09 10:00:00,购物,店,东西,支出,0.00,余额,交易成功\n2026-01-10 10:00:00,购物,店,东西,支出,-15.00,余额,交易成功\ngarbage,购物,店,东西,支出,15.00,余额,交易成功\n2026-01-11 10:00:00,购物,店,东西,支出,abc,余额,交易成功\n2026-01-12 10:00:00,购物,店,东西,支出,15.00,余额,交易关闭\n2026-01-13 10:00:00,购物,店,东西,支出,15.00,余额,\n2026-01-14 10:00:00, 购物 , 店 , 东西 ,支出,15.00, 余额 , 交易成功 \n2026-01-15 10:00:00,购物,店,东西,支出,15.00\n2026-01-16 10:00:00\n,,,,,,,\n   ,  ,  ,  ,  ,  ,  ,  \n\n2026-01-17 10:00:00,"购物,杂项",店,"说,明",支出,"1,234.56",余额,交易成功\n2026-01-18 10:00:00,购物,"店\n二行",东西,支出,15.00,余额,交易成功\n2026-01-19 10:00:00,购物,"说""引号""",东西,收入,15.00,余额,交易成功\n2026-01-20 24:00:00,购物,店,东西,支出,15.00,余额,交易成功\n2026-13-40 10:00:00,购物,店,东西,支出,15.00,余额,交易成功\n2026-01-21 10:00:00,购物,店,东西,支出,15.00,余额,冻结\n2026-01-22 10:00:00,购物,店,东西,支出,15.00,余额,全额退款\n2026-01-23 10:00:00,购物,店,东西,Expense,15.00,余额,交易成功\n2026-01-24 10:00:00,购物,店,东西,收入支出,15.00,余额,交易成功\n2026-01-25 10:00:00,购物,店,东西,支出收入,15.00,余额,交易成功\n2026-01-26 10:00:00,购物,店,东西,"支出,收入",15.00,余额,交易成功\n2026-01-27 10:00:00,购物,店,东西,income expense,15.00,余额,交易成功\n2026-01-28 10:00:00,购物,店,东西,expense income,15.00,余额,交易成功\n2026-01-29 10:00:00,购物,店,东西,退款收入/支出,15.00,余额,交易成功\n
bills	日期,类型,金额,收支\n2026-01-05 12:30:00,餐饮,肯德基,午餐,支出,35.50,余额,交易成功\r\n2026-01-06 09:00:00,工资,公司,一月工资,收入,9000.00,银行卡,交易成功\r\n2026-01-07 10:00:00,退款,商家,退货,收入,20.00,余额,退款成功\r\n2026-01-08 10:00:00,其他,x,y,不计收支,5.00,余额,交易成功\r\n2026-01-09 10:00:00,购物,店,东西,支出,0.00,余额,交易成功\r\n2026-01-10 10:00:00,购物,店,东西,支出,-15.00,余额,交易成功\r\ngarbage,购物,店,东西,支出,15.00,余额,交易成功\r\n2026-01-11 10:00:00,购物,店,东西,支出,abc,余额,交易成功\r\n2026-01-12 10:00:00,购物,店,东西,支出,15.00,余额,交易关闭\r\n2026-01-13 10:00:00,购物,店,东西,支出,15.00,余额,\r\n2026-01-14 10:00:00, 购物 , 店 , 东西 ,支出,15.00, 余额 , 交易成功 \r\n2026-01-15 10:00:00,购物,店,东西,支出,15.00\r\n2026-01-16 10:00:00\r\n,,,,,,,\r\n   ,  ,  ,  ,  ,  ,  ,  \r\n\r\n2026-01-17 10:00:00,"购物,杂项",店,"说,明",支出,"1,234.56",余额,交易成功\r\n2026-01-18 10:00:00,购物,"店\n二行",东西,支出,15.00,余额,交易成功\r\n2026-01-19 10:00:00,购物,"说""引号""",东西,收入,15.00,余额,交易成功\r\n2026-01-20 24:00:00,购物,店,东西,支出,15.00,余额,交易成功\r\n2026-13-40 10:00:00,购物,店,东西,支出,15.00,余额,交易成功\r\n2026-01-21 10:00:00,购物,店,东西,支出,15.00,余额,冻结\r\n2026-01-22 10:00:00,购物,店,东西,支出,15.00,余额,全额退款\r\n2026-01-23 10:00:00,购物,店,东西,Expense,15.00,余额,交易成功\r\n2026-01-24 10:00:00,购物,店,东西,收入支出,15.00,余额,交易成功\r\n2026-01-25 10:00:00,购物,店,东西,支出收入,15.00,余额,交易成功\r\n2026-01-26 10:00:00,购物,店,东西,"支出,收入",15.00,余额,交易成功\r\n2026-01-27 10:00:00,购物,店,东西,income expense,15.00,余额,交易成功\r\n2026-01-28 10:00:00,购物,店,东西,expense income,15.00,余额,交易成功\r\n2026-01-29 10:00:00,购物,店,东西,退款收入/支出,15.00,余额,交易成功
header	日期,类型,金额,收支\n
bills	类型,交易分类,时间,交易时间,金额,收/支\n2026-01-05 12:30:00,餐饮,肯德基,午餐,支出,35.50,余额,交易成功\n
bills	类型,交易分类,时间,交易时间,金额,收/支\n2026-01-06 09:00:00,工资,公司,一月工资,收入,9000.00,银行卡,交易成功\n
bills	类型,交易分类,时间,交易时间,金额,收/支\n2026-01-07 10:00:00,退款,商家,退货,收入,20.00,余额,退款成功\n
bills	类型,交易分类,时间,交易时间,金额,收/支\n2026-01-08 10:00:00,其他,x,y,不计收支,5.00,余额,交易成功\n
bills	类型,交易分类,时间,交易时间,金额,收/支\n2026-01-09 10:00:00,购物,店,东西,支出,0.00,余额,交易成功\n
bills	类型,交易分类,时间,交易时间,金额,收/支\n2026-01-10 10:00:00,购物,店,东西,支出,-15.00,余额,交易成功\n
bills	类型,交易分类,时间,交易时间,金额,收/支\ngarbage,购物,店,东西,支出,15.00,余额,交易成功\n
bills	类型,交易分类,时间,交易时间,金额,收/支\n2026-01-11 10:00:00,购物,店,东西,支出,abc,余额,交易成功\n
bills	类型,交易分类,时间,交易时间,金额,收/支\n2026-01-12 10:00:00,购物,店,东西,支出,15.00,余额,交易关闭\n
bills	类型,交易分类,时间,交易时间,金额,收/支\n2026-01-13 10:00:00,购物,店,东西,支出,15.00,余额,\n
bills	类型,交易分类,时间,交易时间,金额,收/支\n2026-01-14 10:00:00, 购物 , 店 , 东西 ,支出,15.00, 余额 , 交易成功 \n
bills	类型,交易分类,时间,交易时间,金额,收/支\n2026-01-15 10:00:00,购物,店,东西,支出,15.00\n
bills	类型,交易分类,时间,交易时间,金额,收/支\n2026-01-16 10:00:00\n
bills	类型,交易分类,时间,交易时间,金额,收/支\n,,,,,,,\n
bills	类型,交易分类,时间,交易时间,金额,收/支\n   ,  ,  ,  ,  ,  ,  ,  \n
bills	类型,交易分类,时间,交易时间,金额,收/支\n\n
bills	类型,交易分类,时间,交易时间,金额,收/支\n2026-01-17 10:00:00,"购物,杂项",店,"说,明",支出,"1,234.56",余额,交易成功\n
bills	类型,交易分类,时间,交易时间,金额,收/支\n2026-01-18 10:00:00,购物,"店\n二行",东西,支出,15.00,余额,交易成功\n
bills	类型,交易分类,时间,交易时间,金额,收/支\n2026-01-19 10:00:00,购物,"说""引号""",东西,收入,15.00,余额,交易成功\n
bills	类型,交易分类,时间,交易时间,金额,收/支\n2026-01-20 24:00:00,购物,店,东西,支出,15.00,余额,交易成功\n
bills	类型,交易分类,时间,交易时间,金额,收/支\n2026-13-40 10:00:00,购物,店,东西,支出,15.00,余额,交易成功\n
bills	类型,交易分类,时间,交易时间,金额,收/支\n2026-01-21 10:00:00,购物,店,东西,支出,15.00,余额,冻结\n
bills	类型,交易分类,时间,交易时间,金额,收/支\n2026-01-22 10:00:00,购物,店,东西,支出,15.00,余额,全额退款\n
bills	类型,交易分类,时间,交易时间,金额,收/支\n2026-01-23 10:00:00,购物,店,东西,Expense,15.00,余额,交易成功\n
bills	类型,交易分类,时间,交易时间,金额,收/支\n2026-01-24 10:00:00,购物,店,东西,收入支出,15.00,余额,交易成功\n
bills	类型,交易分类,时间,交易时间,金额,收/支\n2026-01-25 10:00:00,购物,店,东西,支出收入,15.00,余额,交易成功\n
bills	类型,交易分类,时间,交易时间,金额,收/支\n2026-01-26 10:00:00,购物,店,东西,"支出,收入",15.00,余额,交易成功\n
bills	类型,交易分类,时间,交易时间,金额,收/支\n2026-01-27 10:00:00,购物,店,东西,income expense,15.00,余额,交易成功\n
bills	类型,交易分类,时间,交易时间,金额,收/支\n2026-01-28 10:00:00,购物,店,东西,expense income,15.00,余额,交易成功\n
bills	类型,交易分类,时间,交易时间,金额,收/支\n2026-01-29 10:00:00,购物,店,东西,退款收入/支出,15.00,余额,交易成功\n
bills	类型,交易分类,时间,交易时间,金额,收/支\n2026-01-05 12:30:00,餐饮,肯德基,午餐,支出,35.50,余额,交易成功\n2026-01-06 09:00:00,工资,公司,一月工资,收入,9000.00,银行卡,交易成功\n2026-01-07 10:00:00,退款,商家,退货,收入,20.00,余额,退款成功\n2026-01-08 10:00:00,其他,x,y,不计收支,5.00,余额,交易成功\n2026-01-09 10:00:00,购物,店,东西,支出,0.00,余额,交易成功\n2026-01-10 10:00:00,购物,店,东西,支出,-15.00,余额,交易成功\ngarbage,购物,店,东西,支出,15.00,余额,交易成功\n2026-01-11 10:00:00,购物,店,东西,支出,abc,余额,交易成功\n2026-01-12 10:00:00,购物,店,东西,支出,15.00,余额,交易关闭\n2026-01-13 10:00:00,购物,店,东西,支出,15.00,余额,\n2026-01-14 10:00:00, 购物 , 店 , 东西 ,支出,15.00, 余额 , 交易成功 \n2026-01-15 10:00:00,购物,店,东西,支出,15.00\n2026-01-16 10:00:00\n,,,,,,,\n   ,  ,  ,  ,  ,  ,  ,  \n\n2026-01-17 10:00:00,"购物,杂项",店,"说,明",支出,"1,234.56",余额,交易成功\n2026-01-18 10:00:00,购物,"店\n二行",东西,支出,15.00,余额,交易成功\n2026-01-19 10:00:00,购物,"说""引号""",东西,收入,15.00,余额,交易成功\n2026-01-20 24:00:00,购物,店,东西,支出,15.00,余额,交易成功\n2026-13-40 10:00:00,购物,店,东西,支出,15.00,余额,交易成功\n2026-01-21 10:00:00,购物,店,东西,支出,15.00,余额,冻结\n2026-01-22 10:00:00,购物,店,东西,支出,15.00,余额,全额退款\n2026-01-23 10:00:00,购物,店,东西,Expense,15.00,余额,交易成功\n2026-01-24 10:00:00,购物,店,东西,收入支出,15.00,余额,交易成功\n2026-01-25 10:00:00,购物,店,东西,支出收入,15.00,余额,交易成功\n2026-01-26 10:00:00,购物,店,东西,"支出,收入",15.00,余额,交易成功\n2026-01-27 10:00:00,购物,店,东西,income expense,15.00,余额,交易成功\n2026-01-28 10:00:00,购物,店,东西,expense income,15.00,余额,交易成功\n2026-01-29 10:00:00,购物,店,东西,退款收入/支出,15.00,余额,交易成功\n
bills	类型,交易分类,时间,交易时间,金额,收/支\n2026-01-05 12:30:00,餐饮,肯德基,午餐,支出,35.50,余额,交易成功\r\n2026-01-06 09:00:00,工资,公司,一月工资,收入,9000.00,银行卡,交易成功\r\n2026-01-07 10:00:00,退款,商家,退货,收入,20.00,余额,退款成功\r\n2026-01-08 10:00:00,其他,x,y,不计收支,5.00,余额,交易成功\r\n2026-01-09 10:00:00,购物,店,东西,支出,0.00,余额,交易成功\r\n2026-01-10 10:00:00,购物,店,东西,支出,-15.00,余额,交易成功\r\ngarbage,购物,店,东西,支出,15.00,余额,交易成功\r\n2026-01-11 10:00:00,购物,店,东西,支出,abc,余额,交易成功\r\n2026-01-12 10:00:00,购物,店,东西,支出,15.00,余额,交易关闭\r\n2026-01-13 10:00:00,购物,店,东西,支出,15.00,余额,\r\n2026-01-14 10:00:00, 购物 , 店 , 东西 ,支出,15.00, 余额 , 交易成功 \r\n2026-01-15 10:00:00,购物,店,东西,支出,15.00\r\n2026-01-16 10:00:00\r\n,,,,,,,\r\n   ,  ,  ,  ,  ,  ,  ,  \r\n\r\n2026-01-17 10:00:00,"购物,杂项",店,"说,明",支出,"1,234.56",余额,交易成功\r\n2026-01-18 10:00:00,购物,"店\n二行",东西,支出,15.00,余额,交易成功\r\n2026-01-19 10:00:00,购物,"说""引号""",东西,收入,15.00,余额,交易成功\r\n2026-01-20 24:00:00,购物,店,东西,支出,15.00,余额,交易成功\r\n2026-13-40 10:00:00,购物,店,东西,支出,15.00,余额,交易成功\r\n2026-01-21 10:00:00,购物,店,东西,支出,15.00,余额,冻结\r\n2026-01-22 10:00:00,购物,店,东西,支出,15.00,余额,全额退款\r\n2026-01-23 10:00:00,购物,店,东西,Expense,15.00,余额,交易成功\r\n2026-01-24 10:00:00,购物,店,东西,收入支出,15.00,余额,交易成功\r\n2026-01-25 10:00:00,购物,店,东西,支出收入,15.00,余额,交易成功\r\n2026-01-26 10:00:00,购物,店,东西,"支出,收入",15.00,余额,交易成功\r\n2026-01-27 10:00:00,购物,店,东西,income expense,15.00,余额,交易成功\r\n2026-01-28 10:00:00,购物,店,东西,expense income,15.00,余额,交易成功\r\n2026-01-29 10:00:00,购物,店,东西,退款收入/支出,15.00,余额,交易成功
header	类型,交易分类,时间,交易时间,金额,收/支\n
bills	交易时间,金额\n2026-01-05 12:30:00,餐饮,肯德基,午餐,支出,35.50,余额,交易成功\n
bills	交易时间,金额\n2026-01-06 09:00:00,工资,公司,一月工资,收入,9000.00,银行卡,交易成功\n
bills	交易时间,金额\n2026-01-07 10:00:00,退款,商家,退货,收入,20.00,余额,退款成功\n
bills	交易时间,金额\n2026-01-08 10:00:00,其他,x,y,不计收支,5.00,余额,交易成功\n
bills	交易时间,金额\n2026-01-09 10:00:00,购物,店,东西,支出,0.00,余额,交易成功\n
bills	交易时间,金额\n2026-01-10 10:00:00,购物,店,东西,支出,-15.00,余额,交易成功\n
bills	交易时间,金额\ngarbage,购物,店,东西,支出,15.00,余额,交易成功\n
bills	交易时间,金额\n2026-01-11 10:00:00,购物,店,东西,支出,abc,余额,交易成功\n
bills	交易时间,金额\n2026-01-12 10:00:00,购物,店,东西,支出,15.00,余额,交易关闭\n
bills	交易时间,金额\n2026-01-13 10:00:00,购物,店,东西,支出,15.00,余额,\n
bills	交易时间,金额\n2026-01-14 10:00:00, 购物 , 店 , 东西 ,支出,15.00, 余额 , 交易成功 \n
bills	交易时间,金额\n2026-01-15 10:00:00,购物,店,东西,支出,15.00\n
bills	交易时间,金额\n2026-01-16 10:00:00\n
bills	交易时间,金额\n,,,,,,,\n
bills	交易时间,金额\n   ,  ,  ,  ,  ,  ,  ,  \n
bills	交易时间,金额\n\n
bills	交易时间,金额\n2026-01-17 10:00:00,"购物,杂项",店,"说,明",支出,"1,234.56",余额,交易成功\n
bills	交易时间,金额\n2026-01-18 10:00:00,购物,"店\n二行",东西,支出,15.00,余额,交易成功\n
bills	交易时间,金额\n2026-01-19 10:00:00,购物,"说""引号""",东西,收入,15.00,余额,交易成功\n
bills	交易时间,金额\n2026-01-20 24:00:00,购物,店,东西,支出,15.00,余额,交易成功\n
bills	交易时间,金额\n2026-13-40 10:00:00,购物,店,东西,支出,15.00,余额,交易成功\n
bills	交易时间,金额\n2026-01-21 10:00:00,购物,店,东西,支出,15.00,余额,冻结\n
bills	交易时间,金额\n2026-01-22 10:00:00,购物,店,东西,支出,15.00,余额,全额退款\n
bills	交易时间,金额\n2026-01-23 10:00:00,购物,店,东西,Expense,15.00,余额,交易成功\n
bills	交易时间,金额\n2026-01-24 10:00:00,购物,店,东西,收入支出,15.00,余额,交易成功\n
bills	交易时间,金额\n2026-01-25 10:00:00,购物,店,东西,支出收入,15.00,余额,交易成功\n
bills	交易时间,金额\n2026-01-26 10:00:00,购物,店,东西,"支出,收入",15.00,余额,交易成功\n
bills	交易时间,金额\n2026-01-27 10:00:00,购物,店,东西,income expense,15.00,余额,交易成功\n
bills	交易时间,金额\n2026-01-28 10:00:00,购物,店,东西,expense income,15.00,余额,交易成功\n
bills	交易时间,金额\n2026-01-29 10:00:00,购物,店,东西,退款收入/支出,15.00,余额,交易成功\n
bills	交易时间,金额\n2026-01-05 12:30:00,餐饮,肯德基,午餐,支出,35.50,余额,交易成功\n2026-01-06 09:00:00,工资,公司,一月工资,收入,9000.00,银行卡,交易成功\n2026-01-07 10:00:00,退款,商家,退货,收入,20.00,余额,退款成功\n2026-01-08 10:00:00,其他,x,y,不计收支,5.00,余额,交易成功\n2026-01-09 10:00:00,购物,店,东西,支出,0.00,余额,交易成功\n2026-01-10 10:00:00,购物,店,东西,支出,-15.00,余额,交易成功\ngarbage,购物,店,东西,支出,15.00,余额,交易成功\n2026-01-11 10:00:00,购物,店,东西,支出,abc,余额,交易成功\n2026-01-12 10:00:00,购物,店,东西,支出,15.00,余额,交易关闭\n2026-01-13 10:00:00,购物,店,东西,支出,15.00,余额,\n2026-01-14 10:00:00, 购物 , 店 , 东西 ,支出,15.00, 余额 , 交易成功 \n2026-01-15 10:00:00,购物,店,东西,支出,15.00\n2026-01-16 10:00:00\n,,,,,,,\n   ,  ,  ,  ,  ,  ,  ,  \n\n2026-01-17 10:00:00,"购物,杂项",店,"说,明",支出,"1,234.56",余额,交易成功\n2026-01-18 10:00:00,购物,"店\n二行",东西,支出,15.00,余额,交易成功\n2026-01-19 10:00:00,购物,"说""引号""",东西,收入,15.00,余额,交易成功\n2026-01-20 24:00:00,购物,店,东西,支出,15.00,余额,交易成功\n2026-13-40 10:00:00,购物,店,东西,支出,15.00,余额,交易成功\n2026-01-21 10:00:00,购物,店,东西,支出,15.00,余额,冻结\n2026-01-22 10:00:00,购物,店,东西,支出,15.00,余额,全额退款\n2026-01-23 10:00:00,购物,店,东西,Expense,15.00,余额,交易成功\n2026-01-24 10:00:00,购物,店,东西,收入支出,15.00,余额,交易成功\n2026-01-25 10:00:00,购物,店,东西,支出收入,15.00,余额,交易成功\n2026-01-26 10:00:00,购物,店,东西,"支出,收入",15.00,余额,交易成功\n2026-01-27 10:00:00,购物,店,东西,income expense,15.00,余额,交易成功\n2026-01-28 10:00:00,购物,店,东西,expense income,15.00,余额,交易成功\n2026-01-29 10:00:00,购物,店,东西,退款收入/支出,15.00,余额,交易成功\n
bills	交易时间,金额\n2026-01-05 12:30:00,餐饮,肯德基,午餐,支出,35.50,余额,交易成功\r\n2026-01-06 09:00:00,工资,公司,一月工资,收入,9000.00,银行卡,交易成功\r\n2026-01-07 10:00:00,退款,商家,退货,收入,20.00,余额,退款成功\r\n2026-01-08 10:00:00,其他,x,y,不计收支,5.00,余额,交易成功\r\n2026-01-09 10:00:00,购物,店,东西,支出,0.00,余额,交易成功\r\n2026-01-10 10:00:00,购物,店,东西,支出,-15.00,余额,交易成功\r\ngarbage,购物,店,东西,支出,15.00,余额,交易成功\r\n2026-01-11 10:00:00,购物,店,东西,支出,abc,余额,交易成功\r\n2026-01-12 10:00:00,购物,店,东西,支出,15.00,余额,交易关闭\r\n2026-01-13 10:00:00,购物,店,东西,支出,15.00,余额,\r\n2026-01-14 10:00:00, 购物 , 店 , 东西 ,支出,15.00, 余额 , 交易成功 \r\n2026-01-15 10:00:00,购物,店,东西,支出,15.00\r\n2026-01-16 10:00:00\r\n,,,,,,,\r\n   ,  ,  ,  ,  ,  ,  ,  \r\n\r\n2026-01-17 10:00:00,"购物,杂项",店,"说,明",支出,"1,234.56",余额,交易成功\r\n2026-01-18 10:00:00,购物,"店\n二行",东西,支出,15.00,余额,交易成功\r\n2026-01-19 10:00:00,购物,"说""引号""",东西,收入,15.00,余额,交易成功\r\n2026-01-20 24:00:00,购物,店,东西,支出,15.00,余额,交易成功\r\n2026-13-40 10:00:00,购物,店,东西,支出,15.00,余额,交易成功\r\n2026-01-21 10:00:00,购物,店,东西,支出,15.00,余额,冻结\r\n2026-01-22 10:00:00,购物,店,东西,支出,15.00,余额,全额退款\r\n2026-01-23 10:00:00,购物,店,东西,Expense,15.00,余额,交易成功\r\n2026-01-24 10:00:00,购物,店,东西,收入支出,15.00,余额,交易成功\r\n2026-01-25 10:00:00,购物,店,东西,支出收入,15.00,余额,交易成功\r\n2026-01-26 10:00:00,购物,店,东西,"支出,收入",15.00,余额,交易成功\r\n2026-01-27 10:00:00,购物,店,东西,income expense,15.00,余额,交易成功\r\n2026-01-28 10:00:00,购物,店,东西,expense income,15.00,余额,交易成功\r\n2026-01-29 10:00:00,购物,店,东西,退款收入/支出,15.00,余额,交易成功
header	交易时间,金额\n
bills	交易时间,收/支,备注\n2026-01-01,支出,x\n交易时间,交易分类,交易对方,商品说明,收/支,金额,收/付款方式,交易状态\n2026-01-05 12:30:00,餐饮,肯德基,午餐,支出,35.50,余额,交易成功\n
bills	交易时间,收/支,备注\n2026-01-01,支出,x\n交易时间,交易分类,交易对方,商品说明,收/支,金额,收/付款方式,交易状态\n2026-01-06 09:00:00,工资,公司,一月工资,收入,9000.00,银行卡,交易成功\n
bills	交易时间,收/支,备注\n2026-01-01,支出,x\n交易时间,交易分类,交易对方,商品说明,收/支,金额,收/付款方式,交易状态\n2026-01-07 10:00:00,退款,商家,退货,收入,20.00,余额,退款成功\n
bills	交易时间,收/支,备注\n2026-01-01,支出,x\n交易时间,交易分类,交易对方,商品说明,收/支,金额,收/付款方式,交易状态\n2026-01-08 10:00:00,其他,x,y,不计收支,5.00,余额,交易成功\n
bills	交易时间,收/支,备注\n2026-01-01,支出,x\n交易时间,交易分类,交易对方,商品说明,收/支,金额,收/付款方式,交易状态\n2026-01-09 10:00:00,购物,店,东西,支出,0.00,余额,交易成功\n
bills	交易时间,收/支,备注\n2026-01-01,支出,x\n交易时间,交易分类,交易对方,商品说明,收/支,金额,收/付款方式,交易状态\n2026-01-10 10:00:00,购物,店,东西,支出,-15.00,余额,交易成功\n
bills	交易时间,收/支,备注\n2026-01-01,支出,x\n交易时间,交易分类,交易对方,商品说明,收/支,金额,收/付款方式,交易状态\ngarbage,购物,店,东西,支出,15.00,余额,交易成功\n
bills	交易时间,收/支,备注\n2026-01-01,支出,x\n交易时间,交易分类,交易对方,商品说明,收/支,金额,收/付款方式,交易状态\n2026-01-11 10:00:00,购物,店,东西,支出,abc,余额,交易成功\n
bills	交易时间,收/支,备注\n2026-01-01,支出,x\n交易时间,交易分类,交易对方,商品说明,收/支,金额,收/付款方式,交易状态\n2026-01-12 10:00:00,购物,店,东西,支出,15.00,余额,交易关闭\n
bills	交易时间,收/支,备注\n2026-01-01,支出,x\n交易时间,交易分类,交易对方,商品说明,收/支,金额,收/付款方式,交易状态\n2026-01-13 10:00:00,购物,店,东西,支出,15.00,余额,\n
bills	交易时间,收/支,备注\n2026-01-01,支出,x\n交易时间,交易分类,交易对方,商品说明,收/支,金额,收/付款方式,交易状态\n2026-01-14 10:00:00, 购物 , 店 , 东西 ,支出,15.00, 余额 , 交易成功 \n
bills	交易时间,收/支,备注\n2026-01-01,支出,x\n交易时间,交易分类,交易对方,商品说明,收/支,金额,收/付款方式,交易状态\n2026-01-15 10:00:00,购物,店,东西,支出,15.00\n
bills	交易时间,收/支,备注\n2026-01-01,支出,x\n交易时间,交易分类,交易对方,商品说明,收/支,金额,收/付款方式,交易状态\n2026-01-16 10:00:00\n
bills	交易时间,收/支,备注\n2026-01-01,支出,x\n交易时间,交易分类,交易对方,商品说明,收/支,金额,收/付款方式,交易状态\n,,,,,,,\n
bills	交易时间,收/支,备注\n2026-01-01,支出,x\n交易时间,交易分类,交易对方,商品说明,收/支,金额,收/付款方式,交易状态\n   ,  ,  ,  ,  ,  ,  ,  \n
bills	交易时间,收/支,备注\n2026-01-01,支出,x\n交易时间,交易分类,交易对方,商品说明,收/支,金额,收/付款方式,交易状态\n\n
bills	交易时间,收/支,备注\n2026-01-01,支出,x\n交易时间,交易分类,交易对方,商品说明,收/支,金额,收/付款方式,交易状态\n2026-01-17 10:00:00,"购物,杂项",店,"说,明",支出,"1,234.56",余额,交易成功\n
bills	交易时间,收/支,备注\n2026-01-01,支出,x\n交易时间,交易分类,交易对方,商品说明,收/支,金额,收/付款方式,交易状态\n2026-01-18 10:00:00,购物,"店\n二行",东西,支出,15.00,余额,交易成功\n
bills	交易时间,收/支,备注\n2026-01-01,支出,x\n交易时间,交易分类,交易对方,商品说明,收/支,金额,收/付款方式,交易状态\n2026-01-19 10:00:00,购物,"说""引号""",东西,收入,15.00,余额,交易成功\n
bills	交易时间,收/支,备注\n2026-01-01,支出,x\n交易时间,交易分类,交易对方,商品说明,收/支,金额,收/付款方式,交易状态\n2026-01-20 24:00:00,购物,店,东西,支出,15.00,余额,交易成功\n
bills	交易时间,收/支,备注\n2026-01-01,支出,x\n交易时间,交易分类,交易对方,商品说明,收/支,金额,收/付款方式,交易状态\n2026-13-40 10:00:00,购物,店,东西,支出,15.00,余额,交易成功\n
bills	交易时间,收/支,备注\n2026-01-01,支出,x\n交易时间,交易分类,交易对方,商品说明,收/支,金额,收/付款方式,交易状态\n2026-01-21 10:00:00,购物,店,东西,支出,15.00,余额,冻结\n
bills	交易时间,收/支,备注\n2026-01-01,支出,x\n交易时间,交易分类,交易对方,商品说明,收/支,金额,收/付款方式,交易状态\n2026-01-22 10:00:00,购物,店,东西,支出,15.00,余额,全额退款\n
bills	交易时间,收/支,备注\n2026-01-01,支出,x\n交易时间,交易分类,交易对方,商品说明,收/支,金额,收/付款方式,交易状态\n2026-01-23 10:00:00,购物,店,东西,Expense,15.00,余额,交易成功\n
bills	交易时间,收/支,备注\n2026-01-01,支出,x\n交易时间,交易分类,交易对方,商品说明,收/支,金额,收/付款方式,交易状态\n2026-01-24 10:00:00,购物,店,东西,收入支出,15.00,余额,交易成功\n
bills	交易时间,收/支,备注\n2026-01-01,支出,x\n交易时间,交易分类,交易对方,商品说明,收/支,金额,收/付款方式,交易状态\n2026-01-25 10:00:00,购物,店,东西,支出收入,15.00,余额,交易成功\n
bills	交易时间,收/支,备注\n2026-01-01,支出,x\n交易时间,交易分类,交易对方,商品说明,收/支,金额,收/付款方式,交易状态\n2026-01-26 10:00:00,购物,店,东西,"支出,收入",15.00,余额,交易成功\n
bills	交易时间,收/支,备注\n2026-01-01,支出,x\n交易时间,交易分类,交易对方,商品说明,收/支,金额,收/付款方式,交易状态\n2026-01-27 10:00:00,购物,店,东西,income expense,15.00,余额,交易成功\n
bills	交易时间,收/支,备注\n2026-01-01,支出,x\n交易时间,交易分类,交易对方,商品说明,收/支,金额,收/付款方式,交易状态\n2026-01-28 10:00:00,购物,店,东西,expense income,15.00,余额,交易成功\n
bills	交易时间,收/支,备注\n2026-01-01,支出,x\n交易时间,交易分类,交易对方,商品说明,收/支,金额,收/付款方式,交易状态\n2026-01-29 10:00:00,购物,店,东西,退款收入/支出,15.00,余额,交易成功\n
bills	交易时间,收/支,备注\n2026-01-01,支出,x\n交易时间,交易分类,交易对方,商品说明,收/支,金额,收/付款方式,交易状态\n2026-01-05 12:30:00,餐饮,肯德基,午餐,支出,35.50,余额,交易成功\n2026-01-06 09:00:00,工资,公司,一月工资,收入,9000.00,银行卡,交易成功\n2026-01-07 10:00:00,退款,商家,退货,收入,20.00,余额,退款成功\n2026-01-08 10:00:00,其他,x,y,不计收支,5.00,余额,交易成功\n2026-01-09 10:00:00,购物,店,东西,支出,0.00,余额,交易成功\n2026-01-10 10:00:00,购物,店,东西,支出,-15.00,余额,交易成功\ngarbage,购物,店,东西,支出,15.00,余额,交易成功\n2026-01-11 10:00:00,购物,店,东西,支出,abc,余额,交易成功\n2026-01-12 10:00:00,购物,店,东西,支出,15.00,余额,交易关闭\n2026-01-13 10:00:00,购物,店,东西,支出,15.00,余额,\n2026-01-14 10:00:00, 购物 , 店 , 东西 ,支出,15.00, 余额 , 交易成功 \n2026-01-15 10:00:00,购物,店,东西,支出,15.00\n2026-01-16 10:00:00\n,,,,,,,\n   ,  ,  ,  ,  ,  ,  ,  \n\n2026-01-17 10:00:00,"购物,杂项",店,"说,明",支出,"1,234.56",余额,交易成功\n2026-01-18 10:00:00,购物,"店\n二行",东西,支出,15.00,余额,交易成功\n2026-01-19 10:00:00,购物,"说""引号""",东西,收入,15.00,余额,交易成功\n2026-01-20 24:00:00,购物,店,东西,支出,15.00,余额,交易成功\n2026-13-40 10:00:00,购物,店,东西,支出,15.00,余额,交易成功\n2026-01-21 10:00:00,购物,店,东西,支出,15.00,余额,冻结\n2026-01-22 10:00:00,购物,店,东西,支出,15.00,余额,全额退款\n2026-01-23 10:00:00,购物,店,东西,Expense,15.00,余额,交易成功\n2026-01-24 10:00:00,购物,店,东西,收入支出,15.00,余额,交易成功\n2026-01-25 10:00:00,购物,店,东西,支出收入,15.00,余额,交易成功\n2026-01-26 10:00:00,购物,店,东西,"支出,收入",15.00,余额,交易成功\n2026-01-27 10:00:00,购物,店,东西,income expense,15.00,余额,交易成功\n2026-01-28 10:00:00,购物,店,东西,expense income,15.00,余额,交易成功\n2026-01-29 10:00:00,购物,店,东西,退款收入/支出,15.00,余额,交易成功\n
bills	交易时间,收/支,备注\n2026-01-01,支出,x\n交易时间,交易分类,交易对方,商品说明,收/支,金额,收/付款方式,交易状态\n2026-01-05 12:30:00,餐饮,肯德基,午餐,支出,35.50,余额,交易成功\r\n2026-01-06 09:00:00,工资,公司,一月工资,收入,9000.00,银行卡,交易成功\r\n2026-01-07 10:00:00,退款,商家,退货,收入,20.00,余额,退款成功\r\n2026-01-08 10:00:00,其他,x,y,不计收支,5.00,余额,交易成功\r\n2026-01-09 10:00:00,购物,店,东西,支出,0.00,余额,交易成功\r\n2026-01-10 10:00:00,购物,店,东西,支出,-15.00,余额,交易成功\r\ngarbage,购物,店,东西,支出,15.00,余额,交易成功\r\n2026-01-11 10:00:00,购物,店,东西,支出,abc,余额,交易成功\r\n2026-01-12 10:00:00,购物,店,东西,支出,15.00,余额,交易关闭\r\n2026-01-13 10:00:00,购物,店,东西,支出,15.00,余额,\r\n2026-01-14 10:00:00, 购物 , 店 , 东西 ,支出,15.00, 余额 , 交易成功 \r\n2026-01-15 10:00:00,购物,店,东西,支出,15.00\r\n2026-01-16 10:00:00\r\n,,,,,,,\r\n   ,  ,  ,  ,  ,  ,  ,  \r\n\r\n2026-01-17 10:00:00,"购物,杂项",店,"说,明",支出,"1,234.56",余额,交易成功\r\n2026-01-18 10:00:00,购物,"店\n二行",东西,支出,15.00,余额,交易成功\r\n2026-01-19 10:00:00,购物,"说""引号""",东西,收入,15.00,余额,交易成功\r\n2026-01-20 24:00:00,购物,店,东西,支出,15.00,余额,交易成功\r\n2026-13-40 10:00:00,购物,店,东西,支出,15.00,余额,交易成功\r\n2026-01-21 10:00:00,购物,店,东西,支出,15.00,余额,冻结\r\n2026-01-22 10:00:00,购物,店,东西,支出,15.00,余额,全额退款\r\n2026-01-23 10:00:00,购物,店,东西,Expense,15.00,余额,交易成功\r\n2026-01-24 10:00:00,购物,店,东西,收入支出,15.00,余额,交易成功\r\n2026-01-25 10:00:00,购物,店,东西,支出收入,15.00,余额,交易成功\r\n2026-01-26 10:00:00,购物,店,东西,"支出,收入",15.00,余额,交易成功\r\n2026-01-27 10:00:00,购物,店,东西,income expense,15.00,余额,交易成功\r\n2026-01-28 10:00:00,购物,店,东西,expense income,15.00,余额,交易成功\r\n2026-01-29 10:00:00,购物,店,东西,退款收入/支出,15.00,余额,交易成功
header	交易时间,收/支,备注\n2026-01-01,支出,x\n交易时间,交易分类,交易对方,商品说明,收/支,金额,收/付款方式,交易状态\n
bills	交易时间,收/支,备注\n2026-01-01,支出,x\n交易时间,交易类型,交易对方,商品,收/支,金额(元),支付方式,当前状态\n2026-01-05 12:30:00,餐饮,肯德基,午餐,支出,35.50,余额,交易成功\n
bills	交易时间,收/支,备注\n2026-01-01,支出,x\n交易时间,交易类型,交易对方,商品,收/支,金额(元),支付方式,当前状态\n2026-01-06 09:00:00,工资,公司,一月工资,收入,9000.00,银行卡,交易成功\n
bills	交易时间,收/支,备注\n2026-01-01,支出,x\n交易时间,交易类型,交易对方,商品,收/支,金额(元),支付方式,当前状态\n2026-01-07 10:00:00,退款,商家,退货,收入,20.00,余额,退款成功\n
bills	交易时间,收/支,备注\n2026-01-01,支出,x\n交易时间,交易类型,交易对方,商品,收/支,金额(元),支付方式,当前状态\n2026-01-08 10:00:00,其他,x,y,不计收支,5.00,余额,交易成功\n
bills	交易时间,收/支,备注\n2026-01-01,支出,x\n交易时间,交易类型,交易对方,商品,收/支,金额(元),支付方式,当前状态\n2026-01-09 10:00:00,购物,店,东西,支出,0.00,余额,交易成功\n
bills	交易时间,收/支,备注\n2026-01-01,支出,x\n交易时间,交易类型,交易对方,商品,收/支,金额(元),支付方式,当前状态\n2026-01-10 10:00:00,购物,店,东西,支出,-15.00,余额,交易成功\n
bills	交易时间,收/支,备注\n2026-01-01,支出,x\n交易时间,交易类型,交易对方,商品,收/支,金额(元),支付方式,当前状态\ngarbage,购物,店,东西,支出,15.00,余额,交易成功\n
bills	交易时间,收/支,备注\n2026-01-01,支出,x\n交易时间,交易类型,交易对方,商品,收/支,金额(元),支付方式,当前状态\n2026-01-11 10:00:00,购物,店,东西,支出,abc,余额,交易成功\n
bills	交易时间,收/支,备注\n2026-01-01,支出,x\n交易时间,交易类型,交易对方,商品,收/支,金额(元),支付方式,当前状态\n2026-01-12 10:00:00,购物,店,东西,支出,15.00,余额,交易关闭\n
bills	交易时间,收/支,备注\n2026-01-01,支出,x\n交易时间,交易类型,交易对方,商品,收/支,金额(元),支付方式,当前状态\n2026-01-13 10:00:00,购物,店,东西,支出,15.00,余额,\n
bills	交易时间,收/支,备注\n2026-01-01,支出,x\n交易时间,交易类型,交易对方,商品,收/支,金额(元),支付方式,当前状态\n2026-01-14 10:00:00, 购物 , 店 , 东西 ,支出,15.00, 余额 , 交易成功 \n
bills	交易时间,收/支,备注\n2026-01-01,支出,x\n交易时间,交易类型,交易对方,商品,收/支,金额(元),支付方式,当前状态\n2026-01-15 10:00:00,购物,店,东西,支出,15.00\n
bills	交易时间,收/支,备注\n2026-01-01,支出,x\n交易时间,交易类型,交易对方,商品,收/支,金额(元),支付方式,当前状态\n2026-01-16 10:00:00\n
bills	交易时间,收/支,备注\n2026-01-01,支出,x\n交易时间,交易类型,交易对方,商品,收/支,金额(元),支付方式,当前状态\n,,,,,,,\n
bills	交易时间,收/支,备注\n2026-01-01,支出,x\n交易时间,交易类型,交易对方,商品,收/支,金额(元),支付方式,当前状态\n   ,  ,  ,  ,  ,  ,  ,  \n
bills	交易时间,收/支,备注\n2026-01-01,支出,x\n交易时间,交易类型,交易对方,商品,收/支,金额(元),支付方式,当前状态\n\n
bills	交易时间,收/支,备注\n2026-01-01,支出,x\n交易时间,交易类型,交易对方,商品,收/支,金额(元),支付方式,当前状态\n2026-01-17 10:00:00,"购物,杂项",店,"说,明",支出,"1,234.56",余额,交易成功\n
bills	交易时间,收/支,备注\n2026-01-01,支出,x\n交易时间,交易类型,交易对方,商品,收/支,金额(元),支付方式,当前状态\n2026-01-18 10:00:00,购物,"店\n二行",东西,支出,15.00,余额,交易成功\n
bills	交易时间,收/支,备注\n2026-01-01,支出,x\n交易时间,交易类型,交易对方,商品,收/支,金额(元),支付方式,当前状态\n2026-01-19 10:00:00,购物,"说""引号""",东西,收入,15.00,余额,交易成功\n
bills	交易时间,收/支,备注\n2026-01-01,支出,x\n交易时间,交易类型,交易对方,商品,收/支,金额(元),支付方式,当前状态\n2026-01-20 24:00:00,购物,店,东西,支出,15.00,余额,交易成功\n
bills	交易时间,收/支,备注\n2026-01-01,支出,x\n交易时间,交易类型,交易对方,商品,收/支,金额(元),支付方式,当前状态\n2026-13-40 10:00:00,购物,店,东西,支出,15.00,余额,交易成功\n
bills	交易时间,收/支,备注\n2026-01-01,支出,x\n交易时间,交易类型,交易对方,商品,收/支,金额(元),支付方式,当前状态\n2026-01-21 10:00:00,购物,店,东西,支出,15.00,余额,冻结\n
bills	交易时间,收/支,备注\n2026-01-01,支出,x\n交易时间,交易类型,交易对方,商品,收/支,金额(元),支付方式,当前状态\n2026-01-22 10:00:00,购物,店,东西,支出,15.00,余额,全额退款\n
bills	交易时间,收/支,备注\n2026-01-01,支出,x\n交易时间,交易类型,交易对方,商品,收/支,金额(元),支付方式,当前状态\n2026-01-23 10:00:00,购物,店,东西,Expense,15.00,余额,交易成功\n
bills	交易时间,收/支,备注\n2026-01-01,支出,x\n交易时间,交易类型,交易对方,商品,收/支,金额(元),支付方式,当前状态\n2026-01-24 10:00:00,购物,店,东西,收入支出,15.00,余额,交易成功\n
bills	交易时间,收/支,备注\n2026-01-01,支出,x\n交易时间,交易类型,交易对方,商品,收/支,金额(元),支付方式,当前状态\n2026-01-25 10:00:00,购物,店,东西,支出收入,15.00,余额,交易成功\n
bills	交易时间,收/支,备注\n2026-01-01,支出,x\n交易时间,交易类型,交易对方,商品,收/支,金额(元),支付方式,当前状态\n2026-01-26 10:00:00,购物,店,东西,"支出,收入",15.00,余额,交易成功\n
bills	交易时间,收/支,备注\n2026-01-01,支出,x\n交易时间,交易类型,交易对方,商品,收/支,金额(元),支付方式,当前状态\n2026-01-27 10:00:00,购物,店,东西,income expense,15.00,余额,交易成功\n
bills	交易时间,收/支,备注\n2026-01-01,支出,x\n交易时间,交易类型,交易对方,商品,收/支,金额(元),支付方式,当前状态\n2026-01-28 10:00:00,购物,店,东西,expense income,15.00,余额,交易成功\n
bills	交易时间,收/支,备注\n2026-01-01,支出,x\n交易时间,交易类型,交易对方,商品,收/支,金额(元),支付方式,当前状态\n2026-01-29 10:00:00,购物,店,东西,退款收入/支出,15.00,余额,交易成功\n
bills	交易时间,收/支,备注\n2026-01-01,支出,x\n交易时间,交易类型,交易对方,商品,收/支,金额(元),支付方式,当前状态\n2026-01-05 12:30:00,餐饮,肯德基,午餐,支出,35.50,余额,交易成功\n2026-01-06 09:00:00,工资,公司,一月工资,收入,9000.00,银行卡,交易成功\n2026-01-07 10:00:00,退款,商家,退货,收入,20.00,余额,退款成功\n2026-01-08 10:00:00,其他,x,y,不计收支,5.00,余额,交易成功\n2026-01-09 10:00:00,购物,店,东西,支出,0.00,余额,交易成功\n2026-01-10 10:00:00,购物,店,东西,支出,-15.00,余额,交易成功\ngarbage,购物,店,东西,支出,15.00,余额,交易成功\n2026-01-11 10:00:00,购物,店,东西,支出,abc,余额,交易成功\n2026-01-12 10:00:00,购物,店,东西,支出,15.00,余额,交易关闭\n2026-01-13 10:00:00,购物,店,东西,支出,15.00,余额,\n2026-01-14 10:00:00, 购物 , 店 , 东西 ,支出,15.00, 余额 , 交易成功 \n2026-01-15 10:00:00,购物,店,东西,支出,15.00\n2026-01-16 10:00:00\n,,,,,,,\n   ,  ,  ,  ,  ,  ,  ,  \n\n2026-01-17 10:00:00,"购物,杂项",店,"说,明",支出,"1,234.56",余额,交易成功\n2026-01-18 10:00:00,购物,"店\n二行",东西,支出,15.00,余额,交易成功\n2026-01-19 10:00:00,购物,"说""引号""",东西,收入,15.00,余额,交易成功\n2026-01-20 24:00:00,购物,店,东西,支出,15.00,余额,交易成功\n2026-13-40 10:00:00,购物,店,东西,支出,15.00,余额,交易成功\n2026-01-21 10:00:00,购物,店,东西,支出,15.00,余额,冻结\n2026-01-22 10:00:00,购物,店,东西,支出,15.00,余额,全额退款\n2026-01-23 10:00:00,购物,店,东西,Expense,15.00,余额,交易成功\n2026-01-24 10:00:00,购物,店,东西,收入支出,15.00,余额,交易成功\n2026-01-25 10:00:00,购物,店,东西,支出收入,15.00,余额,交易成功\n2026-01-26 10:00:00,购物,店,东西,"支出,收入",15.00,余额,交易成功\n2026-01-27 10:00:00,购物,店,东西,income expense,15.00,余额,交易成功\n2026-01-28 10:00:00,购物,店,东西,expense income,15.00,余额,交易成功\n2026-01-29 10:00:00,购物,店,东西,退款收入/支出,15.00,余额,交易成功\n
bills	交易时间,收/支,备注\n2026-01-01,支出,x\n交易时间,交易类型,交易对方,商品,收/支,金额(元),支付方式,当前状态\n2026-01-05 12:30:00,餐饮,肯德基,午餐,支出,35.50,余额,交易成功\r\n2026-01-06 09:00:00,工资,公司,一月工资,收入,9000.00,银行卡,交易成功\r\n2026-01-07 10:00:00,退款,商家,退货,收入,20.00,余额,退款成功\r\n2026-01-08 10:00:00,其他,x,y,不计收支,5.00,余额,交易成功\r\n2026-01-09 10:00:00,购物,店,东西,支出,0.00,余额,交易成功\r\n2026-01-10 10:00:00,购物,店,东西,支出,-15.00,余额,交易成功\r\ngarbage,购物,店,东西,支出,15.00,余额,交易成功\r\n2026-01-11 10:00:00,购物,店,东西,支出,abc,余额,交易成功\r\n2026-01-12 10:00:00,购物,店,东西,支出,15.00,余额,交易关闭\r\n2026-01-13 10:00:00,购物,店,东西,支出,15.00,余额,\r\n2026-01-14 10:00:00, 购物 , 店 , 东西 ,支出,15.00, 余额 , 交易成功 \r\n2026-01-15 10:00:00,购物,店,东西,支出,15.00\r\n2026-01-16 10:00:00\r\n,,,,,,,\r\n   ,  ,  ,  ,  ,  ,  ,  \r\n\r\n2026-01-17 10:00:00,"购物,杂项",店,"说,明",支出,"1,234.56",余额,交易成功\r\n2026-01-18 10:00:00,购物,"店\n二行",东西,支出,15.00,余额,交易成功\r\n2026-01-19 10:00:00,购物,"说""引号""",东西,收入,15.00,余额,交易成功\r\n2026-01-20 24:00:00,购物,店,东西,支出,15.00,余额,交易成功\r\n2026-13-40 10:00:00,购物,店,东西,支出,15.00,余额,交易成功\r\n2026-01-21 10:00:00,购物,店,东西,支出,15.00,余额,冻结\r\n2026-01-22 10:00:00,购物,店,东西,支出,15.00,余额,全额退款\r\n2026-01-23 10:00:00,购物,店,东西,Expense,15.00,余额,交易成功\r\n2026-01-24 10:00:00,购物,店,东西,收入支出,15.00,余额,交易成功\r\n2026-01-25 10:00:00,购物,店,东西,支出收入,15.00,余额,交易成功\r\n2026-01-26 10:00:00,购物,店,东西,"支出,收入",15.00,余额,交易成功\r\n2026-01-27 10:00:00,购物,店,东西,income expense,15.00,余额,交易成功\r\n2026-01-28 10:00:00,购物,店,东西,expense income,15.00,余额,交易成功\r\n2026-01-29 10:00:00,购物,店,东西,退款收入/支出,15.00,余额,交易成功
header	交易时间,收/支,备注\n2026-01-01,支出,x\n交易时间,交易类型,交易对方,商品,收/支,金额(元),支付方式,当前状态\n
bills	交易时间,收/支,备注\n2026-01-01,支出,x\n日期,类型,金额,收支\n2026-01-05 12:30:00,餐饮,肯德基,午餐,支出,35.50,余额,交易成功\n
bills	交易时间,收/支,备注\n2026-01-01,支出,x\n日期,类型,金额,收支\n2026-01-06 09:00:00,工资,公司,一月工资,收入,9000.00,银行卡,交易成功\n
bills	交易时间,收/支,备注\n2026-01-01,支出,x\n日期,类型,金额,收支\n2026-01-07 10:00:00,退款,商家,退货,收入,20.00,余额,退款成功\n
bills	交易时间,收/支,备注\n2026-01-01,支出,x\n日期,类型,金额,收支\n2026-01-08 10:00:00,其他,x,y,不计收支,5.00,余额,交易成功\n
bills	交易时间,收/支,备注\n2026-01-01,支出,x\n日期,类型,金额,收支\n2026-01-09 10:00:00,购物,店,东西,支出,0.00,余额,交易成功\n
bills	交易时间,收/支,备注\n2026-01-01,支出,x\n日期,类型,金额,收支\n2026-01-10 10:00:00,购物,店,东西,支出,-15.00,余额,交易成功\n
bills	交易时间,收/支,备注\n2026-01-01,支出,x\n日期,类型,金额,收支\ngarbage,购物,店,东西,支出,15.00,余额,交易成功\n
bills	交易时间,收/支,备注\n2026-01-01,支出,x\n日期,类型,金额,收支\n2026-01-11 10:00:00,购物,店,东西,支出,abc,余额,交易成功\n
bills	交易时间,收/支,备注\n2026-01-01,支出,x\n日期,类型,金额,收支\n2026-01-12 10:00:00,购物,店,东西,支出,15.00,余额,交易关闭\n
bills	交易时间,收/支,备注\n2026-01-01,支出,x\n日期,类型,金额,收支\n2026-01-13 10:00:00,购物,店,东西,支出,15.00,余额,\n
bills	交易时间,收/支,备注\n2026-01-01,支出,x\n日期,类型,金额,收支\n2026-01-14 10:00:00, 购物 , 店 , 东西 ,支出,15.00, 余额 , 交易成功 \n
bills	交易时间,收/支,备注\n2026-01-01,支出,x\n日期,类型,金额,收支\n2026-01-15 10:00:00,购物,店,东西,支出,15.00\n
bills	交易时间,收/支,备注\n2026-01-01,支出,x\n日期,类型,金额,收支\n2026-01-16 10:00:00\n
bills	交易时间,收/支,备注\n2026-01-01,支出,x\n日期,类型,金额,收支\n,,,,,,,\n
bills	交易时间,收/支,备注\n2026-01-01,支出,x\n日期,类型,金额,收支\n   ,  ,  ,  ,  ,  ,  ,  \n
bills	交易时间,收/支,备注\n2026-01-01,支出,x\n日期,类型,金额,收支\n\n
bills	交易时间,收/支,备注\n2026-01-01,支出,x\n日期,类型,金额,收支\n2026-01-17 10:00:00,"购物,杂项",店,"说,明",支出,"1,234.56",余额,交易成功\n
bills	交易时间,收/支,备注\n2026-01-01,支出,x\n日期,类型,金额,收支\n2026-01-18 10:00:00,购物,"店\n二行",东西,支出,15.00,余额,交易成功\n
bills	交易时间,收/支,备注\n2026-01-01,支出,x\n日期,类型,金额,收支\n2026-01-19 10:00:00,购物,"说""引号""",东西,收入,15.00,余额,交易成功\n
bills	交易时间,收/支,备注\n2026-01-01,支出,x\n日期,类型,金额,收支\n2026-01-20 24:00:00,购物,店,东西,支出,15.00,余额,交易成功\n
bills	交易时间,收/支,备注\n2026-01-01,支出,x\n日期,类型,金额,收支\n2026-13-40 10:00:00,购物,店,东西,支出,15.00,余额,交易成功\n
bills	交易时间,收/支,备注\n2026-01-01,支出,x\n日期,类型,金额,收支\n2026-01-21 10:00:00,购物,店,东西,支出,15.00,余额,冻结\n
bills	交易时间,收/支,备注\n2026-01-01,支出,x\n日期,类型,金额,收支\n2026-01-22 10:00:00,购物,店,东西,支出,15.00,余额,全额退款\n
bills	交易时间,收/支,备注\n2026-01-01,支出,x\n日期,类型,金额,收支\n2026-01-23 10:00:00,购物,店,东西,Expense,15.00,余额,交易成功\n
bills	交易时间,收/支,备注\n2026-01-01,支出,x\n日期,类型,金额,收支\n2026-01-24 10:00:00,购物,店,东西,收入支出,15.00,余额,交易成功\n
bills	交易时间,收/支,备注\n2026-01-01,支出,x\n日期,类型,金额,收支\n2026-01-25 10:00:00,购物,店,东西,支出收入,15.00,余额,交易成功\n
bills	交易时间,收/支,备注\n2026-01-01,支出,x\n日期,类型,金额,收支\n2026-01-26 10:00:00,购物,店,东西,"支出,收入",15.00,余额,交易成功\n
bills	交易时间,收/支,备注\n2026-01-01,支出,x\n日期,类型,金额,收支\n2026-01-27 10:00:00,购物,店,东西,income expense,15.00,余额,交易成功\n
bills	交易时间,收/支,备注\n2026-01-01,支出,x\n日期,类型,金额,收支\n2026-01-28 10:00:00,购物,店,东西,expense income,15.00,余额,交易成功\n
bills	交易时间,收/支,备注\n2026-01-01,支出,x\n日期,类型,金额,收支\n2026-01-29 10:00:00,购物,店,东西,退款收入/支出,15.00,余额,交易成功\n
bills	交易时间,收/支,备注\n2026-01-01,支出,x\n日期,类型,金额,收支\n2026-01-05 12:30:00,餐饮,肯德基,午餐,支出,35.50,余额,交易成功\n2026-01-06 09:00:00,工资,公司,一月工资,收入,9000.00,银行卡,交易成功\n2026-01-07 10:00:00,退款,商家,退货,收入,20.00,余额,退款成功\n2026-01-08 10:00:00,其他,x,y,不计收支,5.00,余额,交易成功\n2026-01-09 10:00:00,购物,店,东西,支出,0.00,余额,交易成功\n2026-01-10 10:00:00,购物,店,东西,支出,-15.00,余额,交易成功\ngarbage,购物,店,东西,支出,15.00,余额,交易成功\n2026-01-11 10:00:00,购物,店,东西,支出,abc,余额,交易成功\n2026-01-12 10:00:00,购物,店,东西,支出,15.00,余额,交易关闭\n2026-01-13 10:00:00,购物,店,东西,支出,15.00,余额,\n2026-01-14 10:00:00, 购物 , 店 , 东西 ,支出,15.00, 余额 , 交易成功 \n2026-01-15 10:00:00,购物,店,东西,支出,15.00\n2026-01-16 10:00:00\n,,,,,,,\n   ,  ,  ,  ,  ,  ,  ,  \n\n2026-01-17 10:00:00,"购物,杂项",店,"说,明",支出,"1,234.56",余额,交易成功\n2026-01-18 10:00:00,购物,"店\n二行",东西,支出,15.00,余额,交易成功\n2026-01-19 10:00:00,购物,"说""引号""",东西,收入,15.00,余额,交易成功\n2026-01-20 24:00:00,购物,店,东西,支出,15.00,余额,交易成功\n2026-13-40 10:00:00,购物,店,东西,支出,15.00,余额,交易成功\n2026-01-21 10:00:00,购物,店,东西,支出,15.00,余额,冻结\n2026-01-22 10:00:00,购物,店,东西,支出,15.00,余额,全额退款\n2026-01-23 10:00:00,购物,店,东西,Expense,15.00,余额,交易成功\n2026-01-24 10:00:00,购物,店,东西,收入支出,15.00,余额,交易成功\n2026-01-25 10:00:00,购物,店,东西,支出收入,15.00,余额,交易成功\n2026-01-26 10:00:00,购物,店,东西,"支出,收入",15.00,余额,交易成功\n2026-01-27 10:00:00,购物,店,东西,income expense,15.00,余额,交易成功\n2026-01-28 10:00:00,购物,店,东西,expense income,15.00,余额,交易成功\n2026-01-29 10:00:00,购物,店,东西,退款收入/支出,15.00,余额,交易成功\n
bills	交易时间,收/支,备注\n2026-01-01,支出,x\n日期,类型,金额,收支\n2026-01-05 12:30:00,餐饮,肯德基,午餐,支出,35.50,余额,交易成功\r\n2026-01-06 09:00:00,工资,公司,一月工资,收入,9000.00,银行卡,交易成功\r\n2026-01-07 10:00:00,退款,商家,退货,收入,20.00,余额,退款成功\r\n2026-01-08 10:00:00,其他,x,y,不计收支,5.00,余额,交易成功\r\n2026-01-09 10:00:00,购物,店,东西,支出,0.00,余额,交易成功\r\n2026-01-10 10:00:00,购物,店,东西,支出,-15.00,余额,交易成功\r\ngarbage,购物,店,东西,支出,15.00,余额,交易成功\r\n2026-01-11 10:00:00,购物,店,东西,支出,abc,余额,交易成功\r\n2026-01-12 10:00:00,购物,店,东西,支出,15.00,余额,交易关闭\r\n2026-01-13 10:00:00,购物,店,东西,支出,15.00,余额,\r\n2026-01-14 10:00:00, 购物 , 店 , 东西 ,支出,15.00, 余额 , 交易成功 \r\n2026-01-15 10:00:00,购物,店,东西,支出,15.00\r\n2026-01-16 10:00:00\r\n,,,,,,,\r\n   ,  ,  ,  ,  ,  ,  ,  \r\n\r\n2026-01-17 10:00:00,"购物,杂项",店,"说,明",支出,"1,234.56",余额,交易成功\r\n2026-01-18 10:00:00,购物,"店\n二行",东西,支出,15.00,余额,交易成功\r\n2026-01-19 10:00:00,购物,"说""引号""",东西,收入,15.00,余额,交易成功\r\n2026-01-20 24:00:00,购物,店,东西,支出,15.00,余额,交易成功\r\n2026-13-40 10:00:00,购物,店,东西,支出,15.00,余额,交易成功\r\n2026-01-21 10:00:00,购物,店,东西,支出,15.00,余额,冻结\r\n2026-01-22 10:00:00,购物,店,东西,支出,15.00,余额,全额退款\r\n2026-01-23 10:00:00,购物,店,东西,Expense,15.00,余额,交易成功\r\n2026-01-24 10:00:00,购物,店,东西,收入支出,15.00,余额,交易成功\r\n2026-01-25 10:00:00,购物,店,东西,支出收入,15.00,余额,交易成功\r\n2026-01-26 10:00:00,购物,店,东西,"支出,收入",15.00,余额,交易成功\r\n2026-01-27 10:00:00,购物,店,东西,income expense,15.00,余额,交易成功\r\n2026-01-28 10:00:00,购物,店,东西,expense income,15.00,余额,交易成功\r\n2026-01-29 10:00:00,购物,店,东西,退款收入/支出,15.00,余额,交易成功
header	交易时间,收/支,备注\n2026-01-01,支出,x\n日期,类型,金额,收支\n
bills	交易时间,收/支,备注\n2026-01-01,支出,x\n类型,交易分类,时间,交易时间,金额,收/支\n2026-01-05 12:30:00,餐饮,肯德基,午餐,支出,35.50,余额,交易成功\n
bills	交易时间,收/支,备注\n2026-01-01,支出,x\n类型,交易分类,时间,交易时间,金额,收/支\n2026-01-06 09:00:00,工资,公司,一月工资,收入,9000.00,银行卡,交易成功\n
bills	交易时间,收/支,备注\n2026-01-01,支出,x\n类型,交易分类,时间,交易时间,金额,收/支\n2026-01-07 10:00:00,退款,商家,退货,收入,20.00,余额,退款成功\n
bills	交易时间,收/支,备注\n2026-01-01,支出,x\n类型,交易分类,时间,交易时间,金额,收/支\n2026-01-08 10:00:00,其他,x,y,不计收支,5.00,余额,交易成功\n
bills	交易时间,收/支,备注\n2026-01-01,支出,x\n类型,交易分类,时间,交易时间,金额,收/支\n2026-01-09 10:00:00,购物,店,东西,支出,0.00,余额,交易成功\n
bills	交易时间,收/支,备注\n2026-01-01,支出,x\n类型,交易分类,时间,交易时间,金额,收/支\n2026-01-10 10:00:00,购物,店,东西,支出,-15.00,余额,交易成功\n
bills	交易时间,收/支,备注\n2026-01-01,支出,x\n类型,交易分类,时间,交易时间,金额,收/支\ngarbage,购物,店,东西,支出,15.00,余额,交易成功\n
bills	交易时间,收/支,备注\n2026-01-01,支出,x\n类型,交易分类,时间,交易时间,金额,收/支\n2026-01-11 10:00:00,购物,店,东西,支出,abc,余额,交易成功\n
bills	交易时间,收/支,备注\n2026-01-01,支出,x\n类型,交易分类,时间,交易时间,金额,收/支\n2026-01-12 10:00:00,购物,店,东西,支出,15.00,余额,交易关闭\n
bills	交易时间,收/支,备注\n2026-01-01,支出,x\n类型,交易分类,时间,交易时间,金额,收/支\n2026-01-13 10:00:00,购物,店,东西,支出,15.00,余额,\n
bills	交易时间,收/支,备注\n2026-01-01,支出,x\n类型,交易分类,时间,交易时间,金额,收/支\n2026-01-14 10:00:00, 购物 , 店 , 东西 ,支出,15.00, 余额 , 交易成功 \n
bills	交易时间,收/支,备注\n2026-01-01,支出,x\n类型,交易分类,时间,交易时间,金额,收/支\n2026-01-15 10:00:00,购物,店,东西,支出,15.00\n
bills	交易时间,收/支,备注\n2026-01-01,支出,x\n类型,交易分类,时间,交易时间,金额,收/支\n2026-01-16 10:00:00\n
bills	交易时间,收/支,备注\n2026-01-01,支出,x\n类型,交易分类,时间,交易时间,金额,收/支\n,,,,,,,\n
bills	交易时间,收/支,备注\n2026-01-01,支出,x\n类型,交易分类,时间,交易时间,金额,收/支\n   ,  ,  ,  ,  ,  ,  ,  \n
bills	交易时间,收/支,备注\n2026-01-01,支出,x\n类型,交易分类,时间,交易时间,金额,收/支\n\n
bills	交易时间,收/支,备注\n2026-01-01,支出,x\n类型,交易分类,时间,交易时间,金额,收/支\n2026-01-17 10:00:00,"购物,杂项",店,"说,明",支出,"1,234.56",余额,交易成功\n
bills	交易时间,收/支,备注\n2026-01-01,支出,x\n类型,交易分类,时间,交易时间,金额,收/支\n2026-01-18 10:00:00,购物,"店\n二行",东西,支出,15.00,余额,交易成功\n
bills	交易时间,收/支,备注\n2026-01-01,支出,x\n类型,交易分类,时间,交易时间,金额,收/支\n2026-01-19 10:00:00,购物,"说""引号""",东西,收入,15.00,余额,交易成功\n
bills	交易时间,收/支,备注\n2026-01-01,支出,x\n类型,交易分类,时间,交易时间,金额,收/支\n2026-01-20 24:00:00,购物,店,东西,支出,15.00,余额,交易成功\n
bills	交易时间,收/支,备注\n2026-01-01,支出,x\n类型,交易分类,时间,交易时间,金额,收/支\n2026-13-40 10:00:00,购物,店,东西,支出,15.00,余额,交易成功\n
bills	交易时间,收/支,备注\n2026-01-01,支出,x\n类型,交易分类,时间,交易时间,金额,收/支\n2026-01-21 10:00:00,购物,店,东西,支出,15.00,余额,冻结\n
bills	交易时间,收/支,备注\n2026-01-01,支出,x\n类型,交易分类,时间,交易时间,金额,收/支\n2026-01-22 10:00:00,购物,店,东西,支出,15.00,余额,全额退款\n
bills	交易时间,收/支,备注\n2026-01-01,支出,x\n类型,交易分类,时间,交易时间,金额,收/支\n2026-01-23 10:00:00,购物,店,东西,Expense,15.00,余额,交易成功\n
bills	交易时间,收/支,备注\n2026-01-01,支出,x\n类型,交易分类,时间,交易时间,金额,收/支\n2026-01-24 10:00:00,购物,店,东西,收入支出,15.00,余额,交易成功\n
bills	交易时间,收/支,备注\n2026-01-01,支出,x\n类型,交易分类,时间,交易时间,金额,收/支\n2026-01-25 10:00:00,购物,店,东西,支出收入,15.00,余额,交易成功\n
bills	交易时间,收/支,备注\n2026-01-01,支出,x\n类型,交易分类,时间,交易时间,金额,收/支\n2026-01-26 10:00:00,购物,店,东西,"支出,收入",15.00,余额,交易成功\n
bills	交易时间,收/支,备注\n2026-01-01,支出,x\n类型,交易分类,时间,交易时间,金额,收/支\n2026-01-27 10:00:00,购物,店,东西,income expense,15.00,余额,交易成功\n
bills	交易时间,收/支,备注\n2026-01-01,支出,x\n类型,交易分类,时间,交易时间,金额,收/支\n2026-01-28 10:00:00,购物,店,东西,expense income,15.00,余额,交易成功\n
bills	交易时间,收/支,备注\n2026-01-01,支出,x\n类型,交易分类,时间,交易时间,金额,收/支\n2026-01-29 10:00:00,购物,店,东西,退款收入/支出,15.00,余额,交易成功\n
bills	交易时间,收/支,备注\n2026-01-01,支出,x\n类型,交易分类,时间,交易时间,金额,收/支\n2026-01-05 12:30:00,餐饮,肯德基,午餐,支出,35.50,余额,交易成功\n2026-01-06 09:00:00,工资,公司,一月工资,收入,9000.00,银行卡,交易成功\n2026-01-07 10:00:00,退款,商家,退货,收入,20.00,余额,退款成功\n2026-01-08 10:00:00,其他,x,y,不计收支,5.00,余额,交易成功\n2026-01-09 10:00:00,购物,店,东西,支出,0.00,余额,交易成功\n2026-01-10 10:00:00,购物,店,东西,支出,-15.00,余额,交易成功\ngarbage,购物,店,东西,支出,15.00,余额,交易成功\n2026-01-11 10:00:00,购物,店,东西,支出,abc,余额,交易成功\n2026-01-12 10:00:00,购物,店,东西,支出,15.00,余额,交易关闭\n2026-01-13 10:00:00,购物,店,东西,支出,15.00,余额,\n2026-01-14 10:00:00, 购物 , 店 , 东西 ,支出,15.00, 余额 , 交易成功 \n2026-01-15 10:00:00,购物,店,东西,支出,15.00\n2026-01-16 10:00:00\n,,,,,,,\n   ,  ,  ,  ,  ,  ,  ,  \n\n2026-01-17 10:00:00,"购物,杂项",店,"说,明",支出,"1,234.56",余额,交易成功\n2026-01-18 10:00:00,购物,"店\n二行",东西,支出,15.00,余额,交易成功\n2026-01-19 10:00:00,购物,"说""引号""",东西,收入,15.00,余额,交易成功\n2026-01-20 24:00:00,购物,店,东西,支出,15.00,余额,交易成功\n2026-13-40 10:00:00,购物,店,东西,支出,15.00,余额,交易成功\n2026-01-21 10:00:00,购物,店,东西,支出,15.00,余额,冻结\n2026-01-22 10:00:00,购物,店,东西,支出,15.00,余额,全额退款\n2026-01-23 10:00:00,购物,店,东西,Expense,15.00,余额,交易成功\n2026-01-24 10:00:00,购物,店,东西,收入支出,15.00,余额,交易成功\n2026-01-25 10:00:00,购物,店,东西,支出收入,15.00,余额,交易成功\n2026-01-26 10:00:00,购物,店,东西,"支出,收入",15.00,余额,交易成功\n2026-01-27 10:00:00,购物,店,东西,income expense,15.00,余额,交易成功\n2026-01-28 10:00:00,购物,店,东西,expense income,15.00,余额,交易成功\n2026-01-29 10:00:00,购物,店,东西,退款收入/支出,15.00,余额,交易成功\n
bills	交易时间,收/支,备注\n2026-01-01,支出,x\n类型,交易分类,时间,交易时间,金额,收/支\n2026-01-05 12:30:00,餐饮,肯德基,午餐,支出,35.50,余额,交易成功\r\n2026-01-06 09:00:00,工资,公司,一月工资,收入,9000.00,银行卡,交易成功\r\n2026-01-07 10:00:00,退款,商家,退货,收入,20.00,余额,退款成功\r\n2026-01-08 10:00:00,其他,x,y,不计收支,5.00,余额,交易成功\r\n2026-01-09 10:00:00,购物,店,东西,支出,0.00,余额,交易成功\r\n2026-01-10 10:00:00,购物,店,东西,支出,-15.00,余额,交易成功\r\ngarbage,购物,店,东西,支出,15.00,余额,交易成功\r\n2026-01-11 10:00:00,购物,店,东西,支出,abc,余额,交易成功\r\n2026-01-12 10:00:00,购物,店,东西,支出,15.00,余额,交易关闭\r\n2026-01-13 10:00:00,购物,店,东西,支出,15.00,余额,\r\n2026-01-14 10:00:00, 购物 , 店 , 东西 ,支出,15.00, 余额 , 交易成功 \r\n2026-01-15 10:00:00,购物,店,东西,支出,15.00\r\n2026-01-16 10:00:00\r\n,,,,,,,\r\n   ,  ,  ,  ,  ,  ,  ,  \r\n\r\n2026-01-17 10:00:00,"购物,杂项",店,"说,明",支出,"1,234.56",余额,交易成功\r\n2026-01-18 10:00:00,购物,"店\n二行",东西,支出,15.00,余额,交易成功\r\n2026-01-19 10:00:00,购物,"说""引号""",东西,收入,15.00,余额,交易成功\r\n2026-01-20 24:00:00,购物,店,东西,支出,15.00,余额,交易成功\r\n2026-13-40 10:00:00,购物,店,东西,支出,15.00,余额,交易成功\r\n2026-01-21 10:00:00,购物,店,东西,支出,15.00,余额,冻结\r\n2026-01-22 10:00:00,购物,店,东西,支出,15.00,余额,全额退款\r\n2026-01-23 10:00:00,购物,店,东西,Expense,15.00,余额,交易成功\r\n2026-01-24 10:00:00,购物,店,东西,收入支出,15.00,余额,交易成功\r\n2026-01-25 10:00:00,购物,店,东西,支出收入,15.00,余额,交易成功\r\n2026-01-26 10:00:00,购物,店,东西,"支出,收入",15.00,余额,交易成功\r\n2026-01-27 10:00:00,购物,店,东西,income expense,15.00,余额,交易成功\r\n2026-01-28 10:00:00,购物,店,东西,expense income,15.00,余额,交易成功\r\n2026-01-29 10:00:00,购物,店,东西,退款收入/支出,15.00,余额,交易成功
header	交易时间,收/支,备注\n2026-01-01,支出,x\n类型,交易分类,时间,交易时间,金额,收/支\n
bills	交易时间,收/支,备注\n2026-01-01,支出,x\n交易时间,金额\n2026-01-05 12:30:00,餐饮,肯德基,午餐,支出,35.50,余额,交易成功\n
bills	交易时间,收/支,备注\n2026-01-01,支出,x\n交易时间,金额\n2026-01-06 09:00:00,工资,公司,一月工资,收入,9000.00,银行卡,交易成功\n
bills	交易时间,收/支,备注\n2026-01-01,支出,x\n交易时间,金额\n2026-01-07 10:00:00,退款,商家,退货,收入,20.00,余额,退款成功\n
bills	交易时间,收/支,备注\n2026-01-01,支出,x\n交易时间,金额\n2026-01-08 10:00:00,其他,x,y,不计收支,5.00,余额,交易成功\n
bills	交易时间,收/支,备注\n2026-01-01,支出,x\n交易时间,金额\n2026-01-09 10:00:00,购物,店,东西,支出,0.00,余额,交易成功\n
bills	交易时间,收/支,备注\n2026-01-01,支出,x\n交易时间,金额\n2026-01-10 10:00:00,购物,店,东西,支出,-15.00,余额,交易成功\n
bills	交易时间,收/支,备注\n2026-01-01,支出,x\n交易时间,金额\ngarbage,购物,店,东西,支出,15.00,余额,交易成功\n
bills	交易时间,收/支,备注\n2026-01-01,支出,x\n交易时间,金额\n2026-01-11 10:00:00,购物,店,东西,支出,abc,余额,交易成功\n
bills	交易时间,收/支,备注\n2026-01-01,支出,x\n交易时间,金额\n2026-01-12 10:00:00,购物,店,东西,支出,15.00,余额,交易关闭\n
bills	交易时间,收/支,备注\n2026-01-01,支出,x\n交易时间,金额\n2026-01-13 10:00:00,购物,店,东西,支出,15.00,余额,\n
bills	交易时间,收/支,备注\n2026-01-01,支出,x\n交易时间,金额\n2026-01-14 10:00:00, 购物 , 店 , 东西 ,支出,15.00, 余额 , 交易成功 \n
bills	交易时间,收/支,备注\n2026-01-01,支出,x\n交易时间,金额\n2026-01-15 10:00:00,购物,店,东西,支出,15.00\n
bills	交易时间,收/支,备注\n2026-01-01,支出,x\n交易时间,金额\n2026-01-16 10:00:00\n
bills	交易时间,收/支,备注\n2026-01-01,支出,x\n交易时间,金额\n,,,,,,,\n
bills	交易时间,收/支,备注\n2026-01-01,支出,x\n交易时间,金额\n   ,  ,  ,  ,  ,  ,  ,  \n
bills	交易时间,收/支,备注\n2026-01-01,支出,x\n交易时间,金额\n\n
bills	交易时间,收/支,备注\n2026-01-01,支出,x\n交易时间,金额\n2026-01-17 10:00:00,"购物,杂项",店,"说,明",支出,"1,234.56",余额,交易成功\n
bills	交易时间,收/支,备注\n2026-01-01,支出,x\n交易时间,金额\n2026-01-18 10:00:00,购物,"店\n二行",东西,支出,15.00,余额,交易成功\n
bills	交易时间,收/支,备注\n2026-01-01,支出,x\n交易时间,金额\n2026-01-19 10:00:00,购物,"说""引号""",东西,收入,15.00,余额,交易成功\n
bills	交易时间,收/支,备注\n2026-01-01,支出,x\n交易时间,金额\n2026-01-20 24:00:00,购物,店,东西,支出,15.00,余额,交易成功\n
bills	交易时间,收/支,备注\n2026-01-01,支出,x\n交易时间,金额\n2026-13-40 10:00:00,购物,店,东西,支出,15.00,余额,交易成功\n
bills	交易时间,收/支,备注\n2026-01-01,支出,x\n交易时间,金额\n2026-01-21 10:00:00,购物,店,东西,支出,15.00,余额,冻结\n
bills	交易时间,收/支,备注\n2026-01-01,支出,x\n交易时间,金额\n2026-01-22 10:00:00,购物,店,东西,支出,15.00,余额,全额退款\n
bills	交易时间,收/支,备注\n2026-01-01,支出,x\n交易时间,金额\n2026-01-23 10:00:00,购物,店,东西,Expense,15.00,余额,交易成功\n
bills	交易时间,收/支,备注\n2026-01-01,支出,x\n交易时间,金额\n2026-01-24 10:00:00,购物,店,东西,收入支出,15.00,余额,交易成功\n
bills	交易时间,收/支,备注\n2026-01-01,支出,x\n交易时间,金额\n2026-01-25 10:00:00,购物,店,东西,支出收入,15.00,余额,交易成功\n
bills	交易时间,收/支,备注\n2026-01-01,支出,x\n交易时间,金额\n2026-01-26 10:00:00,购物,店,东西,"支出,收入",15.00,余额,交易成功\n
bills	交易时间,收/支,备注\n2026-01-01,支出,x\n交易时间,金额\n2026-01-27 10:00:00,购物,店,东西,income expense,15.00,余额,交易成功\n
bills	交易时间,收/支,备注\n2026-01-01,支出,x\n交易时间,金额\n2026-01-28 10:00:00,购物,店,东西,expense income,15.00,余额,交易成功\n
bills	交易时间,收/支,备注\n2026-01-01,支出,x\n交易时间,金额\n2026-01-29 10:00:00,购物,店,东西,退款收入/支出,15.00,余额,交易成功\n
bills	交易时间,收/支,备注\n2026-01-01,支出,x\n交易时间,金额\n2026-01-05 12:30:00,餐饮,肯德基,午餐,支出,35.50,余额,交易成功\n2026-01-06 09:00:00,工资,公司,一月工资,收入,9000.00,银行卡,交易成功\n2026-01-07 10:00:00,退款,商家,退货,收入,20.00,余额,退款成功\n2026-01-08 10:00:00,其他,x,y,不计收支,5.00,余额,交易成功\n2026-01-09 10:00:00,购物,店,东西,支出,0.00,余额,交易成功\n2026-01-10 10:00:00,购物,店,东西,支出,-15.00,余额,交易成功\ngarbage,购物,店,东西,支出,15.00,余额,交易成功\n2026-01-11 10:00:00,购物,店,东西,支出,abc,余额,交易成功\n2026-01-12 10:00:00,购物,店,东西,支出,15.00,余额,交易关闭\n2026-01-13 10:00:00,购物,店,东西,支出,15.00,余额,\n2026-01-14 10:00:00, 购物 , 店 , 东西 ,支出,15.00, 余额 , 交易成功 \n2026-01-15 10:00:00,购物,店,东西,支出,15.00\n2026-01-16 10:00:00\n,,,,,,,\n   ,  ,  ,  ,  ,  ,  ,  \n\n2026-01-17 10:00:00,"购物,杂项",店,"说,明",支出,"1,234.56",余额,交易成功\n2026-01-18 10:00:00,购物,"店\n二行",东西,支出,15.00,余额,交易成功\n2026-01-19 10:00:00,购物,"说""引号""",东西,收入,15.00,余额,交易成功\n2026-01-20 24:00:00,购物,店,东西,支出,15.00,余额,交易成功\n2026-13-40 10:00:00,购物,店,东西,支出,15.00,余额,交易成功\n2026-01-21 10:00:00,购物,店,东西,支出,15.00,余额,冻结\n2026-01-22 10:00:00,购物,店,东西,支出,15.00,余额,全额退款\n2026-01-23 10:00:00,购物,店,东西,Expense,15.00,余额,交易成功\n2026-01-24 10:00:00,购物,店,东西,收入支出,15.00,余额,交易成功\n2026-01-25 10:00:00,购物,店,东西,支出收入,15.00,余额,交易成功\n2026-01-26 10:00:00,购物,店,东西,"支出,收入",15.00,余额,交易成功\n2026-01-27 10:00:00,购物,店,东西,income expense,15.00,余额,交易成功\n2026-01-28 10:00:00,购物,店,东西,expense income,15.00,余额,交易成功\n2026-01-29 10:00:00,购物,店,东西,退款收入/支出,15.00,余额,交易成功\n
bills	交易时间,收/支,备注\n2026-01-01,支出,x\n交易时间,金额\n2026-01-05 12:30:00,餐饮,肯德基,午餐,支出,35.50,余额,交易成功\r\n2026-01-06 09:00:00,工资,公司,一月工资,收入,9000.00,银行卡,交易成功\r\n2026-01-07 10:00:00,退款,商家,退货,收入,20.00,余额,退款成功\r\n2026-01-08 10:00:00,其他,x,y,不计收支,5.00,余额,交易成功\r\n2026-01-09 10:00:00,购物,店,东西,支出,0.00,余额,交易成功\r\n2026-01-10 10:00:00,购物,店,东西,支出,-15.00,余额,交易成功\r\ngarbage,购物,店,东西,支出,15.00,余额,交易成功\r\n2026-01-11 10:00:00,购物,店,东西,支出,abc,余额,交易成功\r\n2026-01-12 10:00:00,购物,店,东西,支出,15.00,余额,交易关闭\r\n2026-01-13 10:00:00,购物,店,东西,支出,15.00,余额,\r\n2026-01-14 10:00:00, 购物 , 店 , 东西 ,支出,15.00, 余额 , 交易成功 \r\n2026-01-15 10:00:00,购物,店,东西,支出,15.00\r\n2026-01-16 10:00:00\r\n,,,,,,,\r\n   ,  ,  ,  ,  ,  ,  ,  \r\n\r\n2026-01-17 10:00:00,"购物,杂项",店,"说,明",支出,"1,234.56",余额,交易成功\r\n2026-01-18 10:00:00,购物,"店\n二行",东西,支出,15.00,余额,交易成功\r\n2026-01-19 10:00:00,购物,"说""引号""",东西,收入,15.00,余额,交易成功\r\n2026-01-20 24:00:00,购物,店,东西,支出,15.00,余额,交易成功\r\n2026-13-40 10:00:00,购物,店,东西,支出,15.00,余额,交易成功\r\n2026-01-21 10:00:00,购物,店,东西,支出,15.00,余额,冻结\r\n2026-01-22 10:00:00,购物,店,东西,支出,15.00,余额,全额退款\r\n2026-01-23 10:00:00,购物,店,东西,Expense,15.00,余额,交易成功\r\n2026-01-24 10:00:00,购物,店,东西,收入支出,15.00,余额,交易成功\r\n2026-01-25 10:00:00,购物,店,东西,支出收入,15.00,余额,交易成功\r\n2026-01-26 10:00:00,购物,店,东西,"支出,收入",15.00,余额,交易成功\r\n2026-01-27 10:00:00,购物,店,东西,income expense,15.00,余额,交易成功\r\n2026-01-28 10:00:00,购物,店,东西,expense income,15.00,余额,交易成功\r\n2026-01-29 10:00:00,购物,店,东西,退款收入/支出,15.00,余额,交易成功
header	交易时间,收/支,备注\n2026-01-01,支出,x\n交易时间,金额\n
bills	交易时间,金额,备注\n2026-01-01,5,x\n交易时间,交易分类,交易对方,商品说明,收/支,金额,收/付款方式,交易状态\n2026-01-05 12:30:00,餐饮,肯德基,午餐,支出,35.50,余额,交易成功\n
bills	交易时间,金额,备注\n2026-01-01,5,x\n交易时间,交易分类,交易对方,商品说明,收/支,金额,收/付款方式,交易状态\n2026-01-06 09:00:00,工资,公司,一月工资,收入,9000.00,银行卡,交易成功\n
bills	交易时间,金额,备注\n2026-01-01,5,x\n交易时间,交易分类,交易对方,商品说明,收/支,金额,收/付款方式,交易状态\n2026-01-07 10:00:00,退款,商家,退货,收入,20.00,余额,退款成功\n
bills	交易时间,金额,备注\n2026-01-01,5,x\n交易时间,交易分类,交易对方,商品说明,收/支,金额,收/付款方式,交易状态\n2026-01-08 10:00:00,其他,x,y,不计收支,5.00,余额,交易成功\n
bills	交易时间,金额,备注\n2026-01-01,5,x\n交易时间,交易分类,交易对方,商品说明,收/支,金额,收/付款方式,交易状态\n2026-01-09 10:00:00,购物,店,东西,支出,0.00,余额,交易成功\n
bills	交易时间,金额,备注\n2026-01-01,5,x\n交易时间,交易分类,交易对方,商品说明,收/支,金额,收/付款方式,交易状态\n2026-01-10 10:00:00,购物,店,东西,支出,-15.00,余额,交易成功\n
bills	交易时间,金额,备注\n2026-01-01,5,x\n交易时间,交易分类,交易对方,商品说明,收/支,金额,收/付款方式,交易状态\ngarbage,购物,店,东西,支出,15.00,余额,交易成功\n
bills	交易时间,金额,备注\n2026-01-01,5,x\n交易时间,交易分类,交易对方,商品说明,收/支,金额,收/付款方式,交易状态\n2026-01-11 10:00:00,购物,店,东西,支出,abc,余额,交易成功\n
bills	交易时间,金额,备注\n2026-01-01,5,x\n交易时间,交易分类,交易对方,商品说明,收/支,金额,收/付款方式,交易状态\n2026-01-12 10:00:00,购物,店,东西,支出,15.00,余额,交易关闭\n
bills	交易时间,金额,备注\n2026-01-01,5,x\n交易时间,交易分类,交易对方,商品说明,收/支,金额,收/付款方式,交易状态\n2026-01-13 10:00:00,购物,店,东西,支出,15.00,余额,\n
bills	交易时间,金额,备注\n2026-01-01,5,x\n交易时间,交易分类,交易对方,商品说明,收/支,金额,收/付款方式,交易状态\n2026-01-14 10:00:00, 购物 , 店 , 东西 ,支出,15.00, 余额 , 交易成功 \n
bills	交易时间,金额,备注\n2026-01-01,5,x\n交易时间,交易分类,交易对方,商品说明,收/支,金额,收/付款方式,交易状态\n2026-01-15 10:00:00,购物,店,东西,支出,15.00\n
bills	交易时间,金额,备注\n2026-01-01,5,x\n交易时间,交易分类,交易对方,商品说明,收/支,金额,收/付款方式,交易状态\n2026-01-16 10:00:00\n
bills	交易时间,金额,备注\n2026-01-01,5,x\n交易时间,交易分类,交易对方,商品说明,收/支,金额,收/付款方式,交易状态\n,,,,,,,\n
bills	交易时间,金额,备注\n2026-01-01,5,x\n交易时间,交易分类,交易对方,商品说明,收/支,金额,收/付款方式,交易状态\n   ,  ,  ,  ,  ,  ,  ,  \n
bills	交易时间,金额,备注\n2026-01-01,5,x\n交易时间,交易分类,交易对方,商品说明,收/支,金额,收/付款方式,交易状态\n\n
bills	交易时间,金额,备注\n2026-01-01,5,x\n交易时间,交易分类,交易对方,商品说明,收/支,金额,收/付款方式,交易状态\n2026-01-17 10:00:00,"购物,杂项",店,"说,明",支出,"1,234.56",余额,交易成功\n
bills	交易时间,金额,备注\n2026-01-01,5,x\n交易时间,交易分类,交易对方,商品说明,收/支,金额,收/付款方式,交易状态\n2026-01-18 10:00:00,购物,"店\n二行",东西,支出,15.00,余额,交易成功\n
bills	交易时间,金额,备注\n2026-01-01,5,x\n交易时间,交易分类,交易对方,商品说明,收/支,金额,收/付款方式,交易状态\n2026-01-19 10:00:00,购物,"说""引号""",东西,收入,15.00,余额,交易成功\n
bills	交易时间,金额,备注\n2026-01-01,5,x\n交易时间,交易分类,交易对方,商品说明,收/支,金额,收/付款方式,交易状态\n2026-01-20 24:00:00,购物,店,东西,支出,15.00,余额,交易成功\n
bills	交易时间,金额,备注\n2026-01-01,5,x\n交易时间,交易分类,交易对方,商品说明,收/支,金额,收/付款方式,交易状态\n2026-13-40 10:00:00,购物,店,东西,支出,15.00,余额,交易成功\n
bills	交易时间,金额,备注\n2026-01-01,5,x\n交易时间,交易分类,交易对方,商品说明,收/支,金额,收/付款方式,交易状态\n2026-01-21 10:00:00,购物,店,东西,支出,15.00,余额,冻结\n
bills	交易时间,金额,备注\n2026-01-01,5,x\n交易时间,交易分类,交易对方,商品说明,收/支,金额,收/付款方式,交易状态\n2026-01-22 10:00:00,购物,店,东西,支出,15.00,余额,全额退款\n
bills	交易时间,金额,备注\n2026-01-01,5,x\n交易时间,交易分类,交易对方,商品说明,收/支,金额,收/付款方式,交易状态\n2026-01-23 10:00:00,购物,店,东西,Expense,15.00,余额,交易成功\n
bills	交易时间,金额,备注\n2026-01-01,5,x\n交易时间,交易分类,交易对方,商品说明,收/支,金额,收/付款方式,交易状态\n2026-01-24 10:00:00,购物,店,东西,收入支出,15.00,余额,交易成功\n
bills	交易时间,金额,备注\n2026-01-01,5,x\n交易时间,交易分类,交易对方,商品说明,收/支,金额,收/付款方式,交易状态\n2026-01-25 10:00:00,购物,店,东西,支出收入,15.00,余额,交易成功\n
bills	交易时间,金额,备注\n2026-01-01,5,x\n交易时间,交易分类,交易对方,商品说明,收/支,金额,收/付款方式,交易状态\n2026-01-26 10:00:00,购物,店,东西,"支出,收入",15.00,余额,交易成功\n
bills	交易时间,金额,备注\n2026-01-01,5,x\n交易时间,交易分类,交易对方,商品说明,收/支,金额,收/付款方式,交易状态\n2026-01-27 10:00:00,购物,店,东西,income expense,15.00,余额,交易成功\n
bills	交易时间,金额,备注\n2026-01-01,5,x\n交易时间,交易分类,交易对方,商品说明,收/支,金额,收/付款方式,交易状态\n2026-01-28 10:00:00,购物,店,东西,expense income,15.00,余额,交易成功\n
bills	交易时间,金额,备注\n2026-01-01,5,x\n交易时间,交易分类,交易对方,商品说明,收/支,金额,收/付款方式,交易状态\n2026-01-29 10:00:00,购物,店,东西,退款收入/支出,15.00,余额,交易成功\n
bills	交易时间,金额,备注\n2026-01-01,5,x\n交易时间,交易分类,交易对方,商品说明,收/支,金额,收/付款方式,交易状态\n2026-01-05 12:30:00,餐饮,肯德基,午餐,支出,35.50,余额,交易成功\n2026-01-06 09:00:00,工资,公司,一月工资,收入,9000.00,银行卡,交易成功\n2026-01-07 10:00:00,退款,商家,退货,收入,20.00,余额,退款成功\n2026-01-08 10:00:00,其他,x,y,不计收支,5.00,余额,交易成功\n2026-01-09 10:00:00,购物,店,东西,支出,0.00,余额,交易成功\n2026-01-10 10:00:00,购物,店,东西,支出,-15.00,余额,交易成功\ngarbage,购物,店,东西,支出,15.00,余额,交易成功\n2026-01-11 10:00:00,购物,店,东西,支出,abc,余额,交易成功\n2026-01-12 10:00:00,购物,店,东西,支出,15.00,余额,交易关闭\n2026-01-13 10:00:00,购物,店,东西,支出,15.00,余额,\n2026-01-14 10:00:00, 购物 , 店 , 东西 ,支出,15.00, 余额 , 交易成功 \n2026-01-15 10:00:00,购物,店,东西,支出,15.00\n2026-01-16 10:00:00\n,,,,,,,\n   ,  ,  ,  ,  ,  ,  ,  \n\n2026-01-17 10:00:00,"购物,杂项",店,"说,明",支出,"1,234.56",余额,交易成功\n2026-01-18 10:00:00,购物,"店\n二行",东西,支出,15.00,余额,交易成功\n2026-01-19 10:00:00,购物,"说""引号""",东西,收入,15.00,余额,交易成功\n2026-01-20 24:00:00,购物,店,东西,支出,15.00,余额,交易成功\n2026-13-40 10:00:00,购物,店,东西,支出,15.00,余额,交易成功\n2026-01-21 10:00:00,购物,店,东西,支出,15.00,余额,冻结\n2026-01-22 10:00:00,购物,店,东西,支出,15.00,余额,全额退款\n2026-01-23 10:00:00,购物,店,东西,Expense,15.00,余额,交易成功\n2026-01-24 10:00:00,购物,店,东西,收入支出,15.00,余额,交易成功\n2026-01-25 10:00:00,购物,店,东西,支出收入,15.00,余额,交易成功\n2026-01-26 10:00:00,购物,店,东西,"支出,收入",15.00,余额,交易成功\n2026-01-27 10:00:00,购物,店,东西,income expense,15.00,余额,交易成功\n2026-01-28 10:00:00,购物,店,东西,expense income,15.00,余额,交易成功\n2026-01-29 10:00:00,购物,店,东西,退款收入/支出,15.00,余额,交易成功\n
bills	交易时间,金额,备注\n2026-01-01,5,x\n交易时间,交易分类,交易对方,商品说明,收/支,金额,收/付款方式,交易状态\n2026-01-05 12:30:00,餐饮,肯德基,午餐,支出,35.50,余额,交易成功\r\n2026-01-06 09:00:00,工资,公司,一月工资,收入,9000.00,银行卡,交易成功\r\n2026-01-07 10:00:00,退款,商家,退货,收入,20.00,余额,退款成功\r\n2026-01-08 10:00:00,其他,x,y,不计收支,5.00,余额,交易成功\r\n2026-01-09 10:00:00,购物,店,东西,支出,0.00,余额,交易成功\r\n2026-01-10 10:00:00,购物,店,东西,支出,-15.00,余额,交易成功\r\ngarbage,购物,店,东西,支出,15.00,余额,交易成功\r\n2026-01-11 10:00:00,购物,店,东西,支出,abc,余额,交易成功\r\n2026-01-12 10:00:00,购物,店,东西,支出,15.00,余额,交易关闭\r\n2026-01-13 10:00:00,购物,店,东西,支出,15.00,余额,\r\n2026-01-14 10:00:00, 购物 , 店 , 东西 ,支出,15.00, 余额 , 交易成功 \r\n2026-01-15 10:00:00,购物,店,东西,支出,15.00\r\n2026-01-16 10:00:00\r\n,,,,,,,\r\n   ,  ,  ,  ,  ,  ,  ,  \r\n\r\n2026-01-17 10:00:00,"购物,杂项",店,"说,明",支出,"1,234.56",余额,交易成功\r\n2026-01-18 10:00:00,购物,"店\n二行",东西,支出,15.00,余额,交易成功\r\n2026-01-19 10:00:00,购物,"说""引号""",东西,收入,15.00,余额,交易成功\r\n2026-01-20 24:00:00,购物,店,东西,支出,15.00,余额,交易成功\r\n2026-13-40 10:00:00,购物,店,东西,支出,15.00,余额,交易成功\r\n2026-01-21 10:00:00,购物,店,东西,支出,15.00,余额,冻结\r\n2026-01-22 10:00:00,购物,店,东西,支出,15.00,余额,全额退款\r\n2026-01-23 10:00:00,购物,店,东西,Expense,15.00,余额,交易成功\r\n2026-01-24 10:00:00,购物,店,东西,收入支出,15.00,余额,交易成功\r\n2026-01-25 10:00:00,购物,店,东西,支出收入,15.00,余额,交易成功\r\n2026-01-26 10:00:00,购物,店,东西,"支出,收入",15.00,余额,交易成功\r\n2026-01-27 10:00:00,购物,店,东西,income expense,15.00,余额,交易成功\r\n2026-01-28 10:00:00,购物,店,东西,expense income,15.00,余额,交易成功\r\n2026-01-29 10:00:00,购物,店,东西,退款收入/支出,15.00,余额,交易成功
header	交易时间,金额,备注\n2026-01-01,5,x\n交易时间,交易分类,交易对方,商品说明,收/支,金额,收/付款方式,交易状态\n
bills	交易时间,金额,备注\n2026-01-01,5,x\n交易时间,交易类型,交易对方,商品,收/支,金额(元),支付方式,当前状态\n2026-01-05 12:30:00,餐饮,肯德基,午餐,支出,35.50,余额,交易成功\n
bills	交易时间,金额,备注\n2026-01-01,5,x\n交易时间,交易类型,交易对方,商品,收/支,金额(元),支付方式,当前状态\n2026-01-06 09:00:00,工资,公司,一月工资,收入,9000.00,银行卡,交易成功\n
bills	交易时间,金额,备注\n2026-01-01,5,x\n交易时间,交易类型,交易对方,商品,收/支,金额(元),支付方式,当前状态\n2026-01-07 10:00:00,退款,商家,退货,收入,20.00,余额,退款成功\n
bills	交易时间,金额,备注\n2026-01-01,5,x\n交易时间,交易类型,交易对方,商品,收/支,金额(元),支付方式,当前状态\n2026-01-08 10:00:00,其他,x,y,不计收支,5.00,余额,交易成功\n
bills	交易时间,金额,备注\n2026-01-01,5,x\n交易时间,交易类型,交易对方,商品,收/支,金额(元),支付方式,当前状态\n2026-01-09 10:00:00,购物,店,东西,支出,0.00,余额,交易成功\n
bills	交易时间,金额,备注\n2026-01-01,5,x\n交易时间,交易类型,交易对方,商品,收/支,金额(元),支付方式,当前状态\n2026-01-10 10:00:00,购物,店,东西,支出,-15.00,余额,交易成功\n
bills	交易时间,金额,备注\n2026-01-01,5,x\n交易时间,交易类型,交易对方,商品,收/支,金额(元),支付方式,当前状态\ngarbage,购物,店,东西,支出,15.00,余额,交易成功\n
bills	交易时间,金额,备注\n2026-01-01,5,x\n交易时间,交易类型,交易对方,商品,收/支,金额(元),支付方式,当前状态\n2026-01-11 10:00:00,购物,店,东西,支出,abc,余额,交易成功\n
bills	交易时间,金额,备注\n2026-01-01,5,x\n交易时间,交易类型,交易对方,商品,收/支,金额(元),支付方式,当前状态\n2026-01-12 10:00:00,购物,店,东西,支出,15.00,余额,交易关闭\n
bills	交易时间,金额,备注\n2026-01-01,5,x\n交易时间,交易类型,交易对方,商品,收/支,金额(元),支付方式,当前状态\n2026-01-13 10:00:00,购物,店,东西,支出,15.00,余额,\n
bills	交易时间,金额,备注\n2026-01-01,5,x\n交易时间,交易类型,交易对方,商品,收/支,金额(元),支付方式,当前状态\n2026-01-14 10:00:00, 购物 , 店 , 东西 ,支出,15.00, 余额 , 交易成功 \n
bills	交易时间,金额,备注\n2026-01-01,5,x\n交易时间,交易类型,交易对方,商品,收/支,金额(元),支付方式,当前状态\n2026-01-15 10:00:00,购物,店,东西,支出,15.00\n
bills	交易时间,金额,备注\n2026-01-01,5,x\n交易时间,交易类型,交易对方,商品,收/支,金额(元),支付方式,当前状态\n2026-01-16 10:00:00\n
bills	交易时间,金额,备注\n2026-01-01,5,x\n交易时间,交易类型,交易对方,商品,收/支,金额(元),支付方式,当前状态\n,,,,,,,\n
bills	交易时间,金额,备注\n2026-01-01,5,x\n交易时间,交易类型,交易对方,商品,收/支,金额(元),支付方式,当前状态\n   ,  ,  ,  ,  ,  ,  ,  \n
bills	交易时间,金额,备注\n2026-01-01,5,x\n交易时间,交易类型,交易对方,商品,收/支,金额(元),支付方式,当前状态\n\n
bills	交易时间,金额,备注\n2026-01-01,5,x\n交易时间,交易类型,交易对方,商品,收/支,金额(元),支付方式,当前状态\n2026-01-17 10:00:00,"购物,杂项",店,"说,明",支出,"1,234.56",余额,交易成功\n
bills	交易时间,金额,备注\n2026-01-01,5,x\n交易时间,交易类型,交易对方,商品,收/支,金额(元),支付方式,当前状态\n2026-01-18 10:00:00,购物,"店\n二行",东西,支出,15.00,余额,交易成功\n
bills	交易时间,金额,备注\n2026-01-01,5,x\n交易时间,交易类型,交易对方,商品,收/支,金额(元),支付方式,当前状态\n2026-01-19 10:00:00,购物,"说""引号""",东西,收入,15.00,余额,交易成功\n
bills	交易时间,金额,备注\n2026-01-01,5,x\n交易时间,交易类型,交易对方,商品,收/支,金额(元),支付方式,当前状态\n2026-01-20 24:00:00,购物,店,东西,支出,15.00,余额,交易成功\n
bills	交易时间,金额,备注\n2026-01-01,5,x\n交易时间,交易类型,交易对方,商品,收/支,金额(元),支付方式,当前状态\n2026-13-40 10:00:00,购物,店,东西,支出,15.00,余额,交易成功\n
bills	交易时间,金额,备注\n2026-01-01,5,x\n交易时间,交易类型,交易对方,商品,收/支,金额(元),支付方式,当前状态\n2026-01-21 10:00:00,购物,店,东西,支出,15.00,余额,冻结\n
bills	交易时间,金额,备注\n2026-01-01,5,x\n交易时间,交易类型,交易对方,商品,收/支,金额(元),支付方式,当前状态\n2026-01-22 10:00:00,购物,店,东西,支出,15.00,余额,全额退款\n
bills	交易时间,金额,备注\n2026-01-01,5,x\n交易时间,交易类型,交易对方,商品,收/支,金额(元),支付方式,当前状态\n2026-01-23 10:00:00,购物,店,东西,Expense,15.00,余额,交易成功\n
bills	交易时间,金额,备注\n2026-01-01,5,x\n交易时间,交易类型,交易对方,商品,收/支,金额(元),支付方式,当前状态\n2026-01-24 10:00:00,购物,店,东西,收入支出,15.00,余额,交易成功\n
bills	交易时间,金额,备注\n2026-01-01,5,x\n交易时间,交易类型,交易对方,商品,收/支,金额(元),支付方式,当前状态\n2026-01-25 10:00:00,购物,店,东西,支出收入,15.00,余额,交易成功\n
bills	交易时间,金额,备注\n2026-01-01,5,x\n交易时间,交易类型,交易对方,商品,收/支,金额(元),支付方式,当前状态\n2026-01-26 10:00:00,购物,店,东西,"支出,收入",15.00,余额,交易成功\n
bills	交易时间,金额,备注\n2026-01-01,5,x\n交易时间,交易类型,交易对方,商品,收/支,金额(元),支付方式,当前状态\n2026-01-27 10:00:00,购物,店,东西,income expense,15.00,余额,交易成功\n
bills	交易时间,金额,备注\n2026-01-01,5,x\n交易时间,交易类型,交易对方,商品,收/支,金额(元),支付方式,当前状态\n2026-01-28 10:00:00,购物,店,东西,expense income,15.00,余额,交易成功\n
bills	交易时间,金额,备注\n2026-01-01,5,x\n交易时间,交易类型,交易对方,商品,收/支,金额(元),支付方式,当前状态\n2026-01-29 10:00:00,购物,店,东西,退款收入/支出,15.00,余额,交易成功\n
bills	交易时间,金额,备注\n2026-01-01,5,x\n交易时间,交易类型,交易对方,商品,收/支,金额(元),支付方式,当前状态\n2026-01-05 12:30:00,餐饮,肯德基,午餐,支出,35.50,余额,交易成功\n2026-01-06 09:00:00,工资,公司,一月工资,收入,9000.00,银行卡,交易成功\n2026-01-07 10:00:00,退款,商家,退货,收入,20.00,余额,退款成功\n2026-01-08 10:00:00,其他,x,y,不计收支,5.00,余额,交易成功\n2026-01-09 10:00:00,购物,店,东西,支出,0.00,余额,交易成功\n2026-01-10 10:00:00,购物,店,东西,支出,-15.00,余额,交易成功\ngarbage,购物,店,东西,支出,15.00,余额,交易成功\n2026-01-11 10:00:00,购物,店,东西,支出,abc,余额,交易成功\n2026-01-12 10:00:00,购物,店,东西,支出,15.00,余额,交易关闭\n2026-01-13 10:00:00,购物,店,东西,支出,15.00,余额,\n2026-01-14 10:00:00, 购物 , 店 , 东西 ,支出,15.00, 余额 , 交易成功 \n2026-01-15 10:00:00,购物,店,东西,支出,15.00\n2026-01-16 10:00:00\n,,,,,,,\n   ,  ,  ,  ,  ,  ,  ,  \n\n2026-01-17 10:00:00,"购物,杂项",店,"说,明",支出,"1,234.56",余额,交易成功\n2026-01-18 10:00:00,购物,"店\n二行",东西,支出,15.00,余额,交易成功\n2026-01-19 10:00:00,购物,"说""引号""",东西,收入,15.00,余额,交易成功\n2026-01-20 24:00:00,购物,店,东西,支出,15.00,余额,交易成功\n2026-13-40 10:00:00,购物,店,东西,支出,15.00,余额,交易成功\n2026-01-21 10:00:00,购物,店,东西,支出,15.00,余额,冻结\n2026-01-22 10:00:00,购物,店,东西,支出,15.00,余额,全额退款\n2026-01-23 10:00:00,购物,店,东西,Expense,15.00,余额,交易成功\n2026-01-24 10:00:00,购物,店,东西,收入支出,15.00,余额,交易成功\n2026-01-25 10:00:00,购物,店,东西,支出收入,15.00,余额,交易成功\n2026-01-26 10:00:00,购物,店,东西,"支出,收入",15.00,余额,交易成功\n2026-01-27 10:00:00,购物,店,东西,income expense,15.00,余额,交易成功\n2026-01-28 10:00:00,购物,店,东西,expense income,15.00,余额,交易成功\n2026-01-29 10:00:00,购物,店,东西,退款收入/支出,15.00,余额,交易成功\n
bills	交易时间,金额,备注\n2026-01-01,5,x\n交易时间,交易类型,交易对方,商品,收/支,金额(元),支付方式,当前状态\n2026-01-05 12:30:00,餐饮,肯德基,午餐,支出,35.50,余额,交易成功\r\n2026-01-06 09:00:00,工资,公司,一月工资,收入,9000.00,银行卡,交易成功\r\n2026-01-07 10:00:00,退款,商家,退货,收入,20.00,余额,退款成功\r\n2026-01-08 10:00:00,其他,x,y,不计收支,5.00,余额,交易成功\r\n2026-01-09 10:00:00,购物,店,东西,支出,0.00,余额,交易成功\r\n2026-01-10 10:00:00,购物,店,东西,支出,-15.00,余额,交易成功\r\ngarbage,购物,店,东西,支出,15.00,余额,交易成功\r\n2026-01-11 10:00:00,购物,店,东西,支出,abc,余额,交易成功\r\n2026-01-12 10:00:00,购物,店,东西,支出,15.00,余额,交易关闭\r\n2026-01-13 10:00:00,购物,店,东西,支出,15.00,余额,\r\n2026-01-14 10:00:00, 购物 , 店 , 东西 ,支出,15.00, 余额 , 交易成功 \r\n2026-01-15 10:00:00,购物,店,东西,支出,15.00\r\n2026-01-16 10:00:00\r\n,,,,,,,\r\n   ,  ,  ,  ,  ,  ,  ,  \r\n\r\n2026-01-17 10:00:00,"购物,杂项",店,"说,明",支出,"1,234.56",余额,交易成功\r\n2026-01-18 10:00:00,购物,"店\n二行",东西,支出,15.00,余额,交易成功\r\n2026-01-19 10:00:00,购物,"说""引号""",东西,收入,15.00,余额,交易成功\r\n2026-01-20 24:00:00,购物,店,东西,支出,15.00,余额,交易成功\r\n2026-13-40 10:00:00,购物,店,东西,支出,15.00,余额,交易成功\r\n2026-01-21 10:00:00,购物,店,东西,支出,15.00,余额,冻结\r\n2026-01-22 10:00:00,购物,店,东西,支出,15.00,余额,全额退款\r\n2026-01-23 10:00:00,购物,店,东西,Expense,15.00,余额,交易成功\r\n2026-01-24 10:00:00,购物,店,东西,收入支出,15.00,余额,交易成功\r\n2026-01-25 10:00:00,购物,店,东西,支出收入,15.00,余额,交易成功\r\n2026-01-26 10:00:00,购物,店,东西,"支出,收入",15.00,余额,交易成功\r\n2026-01-27 10:00:00,购物,店,东西,income expense,15.00,余额,交易成功\r\n2026-01-28 10:00:00,购物,店,东西,expense income,15.00,余额,交易成功\r\n2026-01-29 10:00:00,购物,店,东西,退款收入/支出,15.00,余额,交易成功
header	交易时间,金额,备注\n2026-01-01,5,x\n交易时间,交易类型,交易对方,商品,收/支,金额(元),支付方式,当前状态\n
bills	交易时间,金额,备注\n2026-01-01,5,x\n日期,类型,金额,收支\n2026-01-05 12:30:00,餐饮,肯德基,午餐,支出,35.50,余额,交易成功\n
bills	交易时间,金额,备注\n2026-01-01,5,x\n日期,类型,金额,收支\n2026-01-06 09:00:00,工资,公司,一月工资,收入,9000.00,银行卡,交易成功\n
bills	交易时间,金额,备注\n2026-01-01,5,x\n日期,类型,金额,收支\n2026-01-07 10:00:00,退款,商家,退货,收入,20.00,余额,退款成功\n
bills	交易时间,金额,备注\n2026-01-01,5,x\n日期,类型,金额,收支\n2026-01-08 10:00:00,其他,x,y,不计收支,5.00,余额,交易成功\n
bills	交易时间,金额,备注\n2026-01-01,5,x\n日期,类型,金额,收支\n2026-01-09 10:00:00,购物,店,东西,支出,0.00,余额,交易成功\n
bills	交易时间,金额,备注\n2026-01-01,5,x\n日期,类型,金额,收支\n2026-01-10 10:00:00,购物,店,东西,支出,-15.00,余额,交易成功\n
bills	交易时间,金额,备注\n2026-01-01,5,x\n日期,类型,金额,收支\ngarbage,购物,店,东西,支出,15.00,余额,交易成功\n
bills	交易时间,金额,备注\n2026-01-01,5,x\n日期,类型,金额,收支\n2026-01-11 10:00:00,购物,店,东西,支出,abc,余额,交易成功\n
bills	交易时间,金额,备注\n2026-01-01,5,x\n日期,类型,金额,收支\n2026-01-12 10:00:00,购物,店,东西,支出,15.00,余额,交易关闭\n
bills	交易时间,金额,备注\n2026-01-01,5,x\n日期,类型,金额,收支\n2026-01-13 10:00:00,购物,店,东西,支出,15.00,余额,\n
bills	交易时间,金额,备注\n2026-01-01,5,x\n日期,类型,金额,收支\n2026-01-14 10:00:00, 购物 , 店 , 东西 ,支出,15.00, 余额 , 交易成功 \n
bills	交易时间,金额,备注\n2026-01-01,5,x\n日期,类型,金额,收支\n2026-01-15 10:00:00,购物,店,东西,支出,15.00\n
bills	交易时间,金额,备注\n2026-01-01,5,x\n日期,类型,金额,收支\n2026-01-16 10:00:00\n
bills	交易时间,金额,备注\n2026-01-01,5,x\n日期,类型,金额,收支\n,,,,,,,\n
bills	交易时间,金额,备注\n2026-01-01,5,x\n日期,类型,金额,收支\n   ,  ,  ,  ,  ,  ,  ,  \n
bills	交易时间,金额,备注\n2026-01-01,5,x\n日期,类型,金额,收支\n\n
bills	交易时间,金额,备注\n2026-01-01,5,x\n日期,类型,金额,收支\n2026-01-17 10:00:00,"购物,杂项",店,"说,明",支出,"1,234.56",余额,交易成功\n
bills	交易时间,金额,备注\n2026-01-01,5,x\n日期,类型,金额,收支\n2026-01-18 10:00:00,购物,"店\n二行",东西,支出,15.00,余额,交易成功\n
bills	交易时间,金额,备注\n2026-01-01,5,x\n日期,类型,金额,收支\n2026-01-19 10:00:00,购物,"说""引号""",东西,收入,15.00,余额,交易成功\n
bills	交易时间,金额,备注\n2026-01-01,5,x\n日期,类型,金额,收支\n2026-01-20 24:00:00,购物,店,东西,支出,15.00,余额,交易成功\n
bills	交易时间,金额,备注\n2026-01-01,5,x\n日期,类型,金额,收支\n2026-13-40 10:00:00,购物,店,东西,支出,15.00,余额,交易成功\n
bills	交易时间,金额,备注\n2026-01-01,5,x\n日期,类型,金额,收支\n2026-01-21 10:00:00,购物,店,东西,支出,15.00,余额,冻结\n
bills	交易时间,金额,备注\n2026-01-01,5,x\n日期,类型,金额,收支\n2026-01-22 10:00:00,购物,店,东西,支出,15.00,余额,全额退款\n
bills	交易时间,金额,备注\n2026-01-01,5,x\n日期,类型,金额,收支\n2026-01-23 10:00:00,购物,店,东西,Expense,15.00,余额,交易成功\n
bills	交易时间,金额,备注\n2026-01-01,5,x\n日期,类型,金额,收支\n2026-01-24 10:00:00,购物,店,东西,收入支出,15.00,余额,交易成功\n
bills	交易时间,金额,备注\n2026-01-01,5,x\n日期,类型,金额,收支\n2026-01-25 10:00:00,购物,店,东西,支出收入,15.00,余额,交易成功\n
bills	交易时间,金额,备注\n2026-01-01,5,x\n日期,类型,金额,收支\n2026-01-26 10:00:00,购物,店,东西,"支出,收入",15.00,余额,交易成功\n
bills	交易时间,金额,备注\n2026-01-01,5,x\n日期,类型,金额,收支\n2026-01-27 10:00:00,购物,店,东西,income expense,15.00,余额,交易成功\n
bills	交易时间,金额,备注\n2026-01-01,5,x\n日期,类型,金额,收支\n2026-01-28 10:00:00,购物,店,东西,expense income,15.00,余额,交易成功\n
bills	交易时间,金额,备注\n2026-01-01,5,x\n日期,类型,金额,收支\n2026-01-29 10:00:00,购物,店,东西,退款收入/支出,15.00,余额,交易成功\n
bills	交易时间,金额,备注\n2026-01-01,5,x\n日期,类型,金额,收支\n2026-01-05 12:30:00,餐饮,肯德基,午餐,支出,35.50,余额,交易成功\n2026-01-06 09:00:00,工资,公司,一月工资,收入,9000.00,银行卡,交易成功\n2026-01-07 10:00:00,退款,商家,退货,收入,20.00,余额,退款成功\n2026-01-08 10:00:00,其他,x,y,不计收支,5.00,余额,交易成功\n2026-01-09 10:00:00,购物,店,东西,支出,0.00,余额,交易成功\n2026-01-10 10:00:00,购物,店,东西,支出,-15.00,余额,交易成功\ngarbage,购物,店,东西,支出,15.00,余额,交易成功\n2026-01-11 10:00:00,购物,店,东西,支出,abc,余额,交易成功\n2026-01-12 10:00:00,购物,店,东西,支出,15.00,余额,交易关闭\n2026-01-13 10:00:00,购物,店,东西,支出,15.00,余额,\n2026-01-14 10:00:00, 购物 , 店 , 东西 ,支出,15.00, 余额 , 交易成功 \n2026-01-15 10:00:00,购物,店,东西,支出,15.00\n2026-01-16 10:00:00\n,,,,,,,\n   ,  ,  ,  ,  ,  ,  ,  \n\n2026-01-17 10:00:00,"购物,杂项",店,"说,明",支出,"1,234.56",余额,交易成功\n2026-01-18 10:00:00,购物,"店\n二行",东西,支出,15.00,余额,交易成功\n2026-01-19 10:00:00,购物,"说""引号""",东西,收入,15.00,余额,交易成功\n2026-01-20 24:00:00,购物,店,东西,支出,15.00,余额,交易成功\n2026-13-40 10:00:00,购物,店,东西,支出,15.00,余额,交易成功\n2026-01-21 10:00:00,购物,店,东西,支出,15.00,余额,冻结\n2026-01-22 10:00:00,购物,店,东西,支出,15.00,余额,全额退款\n2026-01-23 10:00:00,购物,店,东西,Expense,15.00,余额,交易成功\n2026-01-24 10:00:00,购物,店,东西,收入支出,15.00,余额,交易成功\n2026-01-25 10:00:00,购物,店,东西,支出收入,15.00,余额,交易成功\n2026-01-26 10:00:00,购物,店,东西,"支出,收入",15.00,余额,交易成功\n2026-01-27 10:00:00,购物,店,东西,income expense,15.00,余额,交易成功\n2026-01-28 10:00:00,购物,店,东西,expense income,15.00,余额,交易成功\n2026-01-29 10:00:00,购物,店,东西,退款收入/支出,15.00,余额,交易成功\n
bills	交易时间,金额,备注\n2026-01-01,5,x\n日期,类型,金额,收支\n2026-01-05 12:30:00,餐饮,肯德基,午餐,支出,35.50,余额,交易成功\r\n2026-01-06 09:00:00,工资,公司,一月工资,收入,9000.00,银行卡,交易成功\r\n2026-01-07 10:00:00,退款,商家,退货,收入,20.00,余额,退款成功\r\n2026-01-08 10:00:00,其他,x,y,不计收支,5.00,余额,交易成功\r\n2026-01-09 10:00:00,购物,店,东西,支出,0.00,余额,交易成功\r\n2026-01-10 10:00:00,购物,店,东西,支出,-15.00,余额,交易成功\r\ngarbage,购物,店,东西,支出,15.00,余额,交易成功\r\n2026-01-11 10:00:00,购物,店,东西,支出,abc,余额,交易成功\r\n2026-01-12 10:00:00,购物,店,东西,支出,15.00,余额,交易关闭\r\n2026-01-13 10:00:00,购物,店,东西,支出,15.00,余额,\r\n2026-01-14 10:00:00, 购物 , 店 , 东西 ,支出,15.00, 余额 , 交易成功 \r\n2026-01-15 10:00:00,购物,店,东西,支出,15.00\r\n2026-01-16 10:00:00\r\n,,,,,,,\r\n   ,  ,  ,  ,  ,  ,  ,  \r\n\r\n2026-01-17 10:00:00,"购物,杂项",店,"说,明",支出,"1,234.56",余额,交易成功\r\n2026-01-18 10:00:00,购物,"店\n二行",东西,支出,15.00,余额,交易成功\r\n2026-01-19 10:00:00,购物,"说""引号""",东西,收入,15.00,余额,交易成功\r\n2026-01-20 24:00:00,购物,店,东西,支出,15.00,余额,交易成功\r\n2026-13-40 10:00:00,购物,店,东西,支出,15.00,余额,交易成功\r\n2026-01-21 10:00:00,购物,店,东西,支出,15.00,余额,冻结\r\n2026-01-22 10:00:00,购物,店,东西,支出,15.00,余额,全额退款\r\n2026-01-23 10:00:00,购物,店,东西,Expense,15.00,余额,交易成功\r\n2026-01-24 10:00:00,购物,店,东西,收入支出,15.00,余额,交易成功\r\n2026-01-25 10:00:00,购物,店,东西,支出收入,15.00,余额,交易成功\r\n2026-01-26 10:00:00,购物,店,东西,"支出,收入",15.00,余额,交易成功\r\n2026-01-27 10:00:00,购物,店,东西,income expense,15.00,余额,交易成功\r\n2026-01-28 10:00:00,购物,店,东西,expense income,15.00,余额,交易成功\r\n2026-01-29 10:00:00,购物,店,东西,退款收入/支出,15.00,余额,交易成功
header	交易时间,金额,备注\n2026-01-01,5,x\n日期,类型,金额,收支\n
bills	交易时间,金额,备注\n2026-01-01,5,x\n类型,交易分类,时间,交易时间,金额,收/支\n2026-01-05 12:30:00,餐饮,肯德基,午餐,支出,35.50,余额,交易成功\n
bills	交易时间,金额,备注\n2026-01-01,5,x\n类型,交易分类,时间,交易时间,金额,收/支\n2026-01-06 09:00:00,工资,公司,一月工资,收入,9000.00,银行卡,交易成功\n
bills	交易时间,金额,备注\n2026-01-01,5,x\n类型,交易分类,时间,交易时间,金额,收/支\n2026-01-07 10:00:00,退款,商家,退货,收入,20.00,余额,退款成功\n
bills	交易时间,金额,备注\n2026-01-01,5,x\n类型,交易分类,时间,交易时间,金额,收/支\n2026-01-08 10:00:00,其他,x,y,不计收支,5.00,余额,交易成功\n
bills	交易时间,金额,备注\n2026-01-01,5,x\n类型,交易分类,时间,交易时间,金额,收/支\n2026-01-09 10:00:00,购物,店,东西,支出,0.00,余额,交易成功\n
bills	交易时间,金额,备注\n2026-01-01,5,x\n类型,交易分类,时间,交易时间,金额,收/支\n2026-01-10 10:00:00,购物,店,东西,支出,-15.00,余额,交易成功\n
bills	交易时间,金额,备注\n2026-01-01,5,x\n类型,交易分类,时间,交易时间,金额,收/支\ngarbage,购物,店,东西,支出,15.00,余额,交易成功\n
bills	交易时间,金额,备注\n2026-01-01,5,x\n类型,交易分类,时间,交易时间,金额,收/支\n2026-01-11 10:00:00,购物,店,东西,支出,abc,余额,交易成功\n
bills	交易时间,金额,备注\n2026-01-01,5,x\n类型,交易分类,时间,交易时间,金额,收/支\n2026-01-12 10:00:00,购物,店,东西,支出,15.00,余额,交易关闭\n
bills	交易时间,金额,备注\n2026-01-01,5,x\n类型,交易分类,时间,交易时间,金额,收/支\n2026-01-13 10:00:00,购物,店,东西,支出,15.00,余额,\n
bills	交易时间,金额,备注\n2026-01-01,5,x\n类型,交易分类,时间,交易时间,金额,收/支\n2026-01-14 10:00:00, 购物 , 店 , 东西 ,支出,15.00, 余额 , 交易成功 \n
bills	交易时间,金额,备注\n2026-01-01,5,x\n类型,交易分类,时间,交易时间,金额,收/支\n2026-01-15 10:00:00,购物,店,东西,支出,15.00\n
bills	交易时间,金额,备注\n2026-01-01,5,x\n类型,交易分类,时间,交易时间,金额,收/支\n2026-01-16 10:00:00\n
bills	交易时间,金额,备注\n2026-01-01,5,x\n类型,交易分类,时间,交易时间,金额,收/支\n,,,,,,,\n
bills	交易时间,金额,备注\n2026-01-01,5,x\n类型,交易分类,时间,交易时间,金额,收/支\n   ,  ,  ,  ,  ,  ,  ,  \n
bills	交易时间,金额,备注\n2026-01-01,5,x\n类型,交易分类,时间,交易时间,金额,收/支\n\n
bills	交易时间,金额,备注\n2026-01-01,5,x\n类型,交易分类,时间,交易时间,金额,收/支\n2026-01-17 10:00:00,"购物,杂项",店,"说,明",支出,"1,234.56",余额,交易成功\n
bills	交易时间,金额,备注\n2026-01-01,5,x\n类型,交易分类,时间,交易时间,金额,收/支\n2026-01-18 10:00:00,购物,"店\n二行",东西,支出,15.00,余额,交易成功\n
bills	交易时间,金额,备注\n2026-01-01,5,x\n类型,交易分类,时间,交易时间,金额,收/支\n2026-01-19 10:00:00,购物,"说""引号""",东西,收入,15.00,余额,交易成功\n
bills	交易时间,金额,备注\n2026-01-01,5,x\n类型,交易分类,时间,交易时间,金额,收/支\n2026-01-20 24:00:00,购物,店,东西,支出,15.00,余额,交易成功\n
bills	交易时间,金额,备注\n2026-01-01,5,x\n类型,交易分类,时间,交易时间,金额,收/支\n2026-13-40 10:00:00,购物,店,东西,支出,15.00,余额,交易成功\n
bills	交易时间,金额,备注\n2026-01-01,5,x\n类型,交易分类,时间,交易时间,金额,收/支\n2026-01-21 10:00:00,购物,店,东西,支出,15.00,余额,冻结\n
bills	交易时间,金额,备注\n2026-01-01,5,x\n类型,交易分类,时间,交易时间,金额,收/支\n2026-01-22 10:00:00,购物,店,东西,支出,15.00,余额,全额退款\n
bills	交易时间,金额,备注\n2026-01-01,5,x\n类型,交易分类,时间,交易时间,金额,收/支\n2026-01-23 10:00:00,购物,店,东西,Expense,15.00,余额,交易成功\n
bills	交易时间,金额,备注\n2026-01-01,5,x\n类型,交易分类,时间,交易时间,金额,收/支\n2026-01-24 10:00:00,购物,店,东西,收入支出,15.00,余额,交易成功\n
bills	交易时间,金额,备注\n2026-01-01,5,x\n类型,交易分类,时间,交易时间,金额,收/支\n2026-01-25 10:00:00,购物,店,东西,支出收入,15.00,余额,交易成功\n
bills	交易时间,金额,备注\n2026-01-01,5,x\n类型,交易分类,时间,交易时间,金额,收/支\n2026-01-26 10:00:00,购物,店,东西,"支出,收入",15.00,余额,交易成功\n
bills	交易时间,金额,备注\n2026-01-01,5,x\n类型,交易分类,时间,交易时间,金额,收/支\n2026-01-27 10:00:00,购物,店,东西,income expense,15.00,余额,交易成功\n
bills	交易时间,金额,备注\n2026-01-01,5,x\n类型,交易分类,时间,交易时间,金额,收/支\n2026-01-28 10:00:00,购物,店,东西,expense income,15.00,余额,交易成功\n
bills	交易时间,金额,备注\n2026-01-01,5,x\n类型,交易分类,时间,交易时间,金额,收/支\n2026-01-29 10:00:00,购物,店,东西,退款收入/支出,15.00,余额,交易成功\n
bills	交易时间,金额,备注\n2026-01-01,5,x\n类型,交易分类,时间,交易时间,金额,收/支\n2026-01-05 12:30:00,餐饮,肯德基,午餐,支出,35.50,余额,交易成功\n2026-01-06 09:00:00,工资,公司,一月工资,收入,9000.00,银行卡,交易成功\n2026-01-07 10:00:00,退款,商家,退货,收入,20.00,余额,退款成功\n2026-01-08 10:00:00,其他,x,y,不计收支,5.00,余额,交易成功\n2026-01-09 10:00:00,购物,店,东西,支出,0.00,余额,交易成功\n2026-01-10 10:00:00,购物,店,东西,支出,-15.00,余额,交易成功\ngarbage,购物,店,东西,支出,15.00,余额,交易成功\n2026-01-11 10:00:00,购物,店,东西,支出,abc,余额,交易成功\n2026-01-12 10:00:00,购物,店,东西,支出,15.00,余额,交易关闭\n2026-01-13 10:00:00,购物,店,东西,支出,15.00,余额,\n2026-01-14 10:00:00, 购物 , 店 , 东西 ,支出,15.00, 余额 , 交易成功 \n2026-01-15 10:00:00,购物,店,东西,支出,15.00\n2026-01-16 10:00:00\n,,,,,,,\n   ,  ,  ,  ,  ,  ,  ,  \n\n2026-01-17 10:00:00,"购物,杂项",店,"说,明",支出,"1,234.56",余额,交易成功\n2026-01-18 10:00:00,购物,"店\n二行",东西,支出,15.00,余额,交易成功\n2026-01-19 10:00:00,购物,"说""引号""",东西,收入,15.00,余额,交易成功\n2026-01-20 24:00:00,购物,店,东西,支出,15.00,余额,交易成功\n2026-13-40 10:00:00,购物,店,东西,支出,15.00,余额,交易成功\n2026-01-21 10:00:00,购物,店,东西,支出,15.00,余额,冻结\n2026-01-22 10:00:00,购物,店,东西,支出,15.00,余额,全额退款\n2026-01-23 10:00:00,购物,店,东西,Expense,15.00,余额,交易成功\n2026-01-24 10:00:00,购物,店,东西,收入支出,15.00,余额,交易成功\n2026-01-25 10:00:00,购物,店,东西,支出收入,15.00,余额,交易成功\n2026-01-26 10:00:00,购物,店,东西,"支出,收入",15.00,余额,交易成功\n2026-01-27 10:00:00,购物,店,东西,income expense,15.00,余额,交易成功\n2026-01-28 10:00:00,购物,店,东西,expense income,15.00,余额,交易成功\n2026-01-29 10:00:00,购物,店,东西,退款收入/支出,15.00,余额,交易成功\n
bills	交易时间,金额,备注\n2026-01-01,5,x\n类型,交易分类,时间,交易时间,金额,收/支\n2026-01-05 12:30:00,餐饮,肯德基,午餐,支出,35.50,余额,交易成功\r\n2026-01-06 09:00:00,工资,公司,一月工资,收入,9000.00,银行卡,交易成功\r\n2026-01-07 10:00:00,退款,商家,退货,收入,20.00,余额,退款成功\r\n2026-01-08 10:00:00,其他,x,y,不计收支,5.00,余额,交易成功\r\n2026-01-09 10:00:00,购物,店,东西,支出,0.00,余额,交易成功\r\n2026-01-10 10:00:00,购物,店,东西,支出,-15.00,余额,交易成功\r\ngarbage,购物,店,东西,支出,15.00,余额,交易成功\r\n2026-01-11 10:00:00,购物,店,东西,支出,abc,余额,交易成功\r\n2026-01-12 10:00:00,购物,店,东西,支出,15.00,余额,交易关闭\r\n2026-01-13 10:00:00,购物,店,东西,支出,15.00,余额,\r\n2026-01-14 10:00:00, 购物 , 店 , 东西 ,支出,15.00, 余额 , 交易成功 \r\n2026-01-15 10:00:00,购物,店,东西,支出,15.00\r\n2026-01-16 10:00:00\r\n,,,,,,,\r\n   ,  ,  ,  ,  ,  ,  ,  \r\n\r\n2026-01-17 10:00:00,"购物,杂项",店,"说,明",支出,"1,234.56",余额,交易成功\r\n2026-01-18 10:00:00,购物,"店\n二行",东西,支出,15.00,余额,交易成功\r\n2026-01-19 10:00:00,购物,"说""引号""",东西,收入,15.00,余额,交易成功\r\n2026-01-20 24:00:00,购物,店,东西,支出,15.00,余额,交易成功\r\n2026-13-40 10:00:00,购物,店,东西,支出,15.00,余额,交易成功\r\n2026-01-21 10:00:00,购物,店,东西,支出,15.00,余额,冻结\r\n2026-01-22 10:00:00,购物,店,东西,支出,15.00,余额,全额退款\r\n2026-01-23 10:00:00,购物,店,东西,Expense,15.00,余额,交易成功\r\n2026-01-24 10:00:00,购物,店,东西,收入支出,15.00,余额,交易成功\r\n2026-01-25 10:00:00,购物,店,东西,支出收入,15.00,余额,交易成功\r\n2026-01-26 10:00:00,购物,店,东西,"支出,收入",15.00,余额,交易成功\r\n2026-01-27 10:00:00,购物,店,东西,income expense,15.00,余额,交易成功\r\n2026-01-28 10:00:00,购物,店,东西,expense income,15.00,余额,交易成功\r\n2026-01-29 10:00:00,购物,店,东西,退款收入/支出,15.00,余额,交易成功
header	交易时间,金额,备注\n2026-01-01,5,x\n类型,交易分类,时间,交易时间,金额,收/支\n
bills	交易时间,金额,备注\n2026-01-01,5,x\n交易时间,金额\n2026-01-05 12:30:00,餐饮,肯德基,午餐,支出,35.50,余额,交易成功\n
bills	交易时间,金额,备注\n2026-01-01,5,x\n交易时间,金额\n2026-01-06 09:00:00,工资,公司,一月工资,收入,9000.00,银行卡,交易成功\n
bills	交易时间,金额,备注\n2026-01-01,5,x\n交易时间,金额\n2026-01-07 10:00:00,退款,商家,退货,收入,20.00,余额,退款成功\n
bills	交易时间,金额,备注\n2026-01-01,5,x\n交易时间,金额\n2026-01-08 10:00:00,其他,x,y,不计收支,5.00,余额,交易成功\n
bills	交易时间,金额,备注\n2026-01-01,5,x\n交易时间,金额\n2026-01-09 10:00:00,购物,店,东西,支出,0.00,余额,交易成功\n
bills	交易时间,金额,备注\n2026-01-01,5,x\n交易时间,金额\n2026-01-10 10:00:00,购物,店,东西,支出,-15.00,余额,交易成功\n
bills	交易时间,金额,备注\n2026-01-01,5,x\n交易时间,金额\ngarbage,购物,店,东西,支出,15.00,余额,交易成功\n
bills	交易时间,金额,备注\n2026-01-01,5,x\n交易时间,金额\n2026-01-11 10:00:00,购物,店,东西,支出,abc,余额,交易成功\n
bills	交易时间,金额,备注\n2026-01-01,5,x\n交易时间,金额\n2026-01-12 10:00:00,购物,店,东西,支出,15.00,余额,交易关闭\n
bills	交易时间,金额,备注\n2026-01-01,5,x\n交易时间,金额\n2026-01-13 10:00:00,购物,店,东西,支出,15.00,余额,\n
bills	交易时间,金额,备注\n2026-01-01,5,x\n交易时间,金额\n2026-01-14 10:00:00, 购物 , 店 , 东西 ,支出,15.00, 余额 , 交易成功 \n
bills	交易时间,金额,备注\n2026-01-01,5,x\n交易时间,金额\n2026-01-15 10:00:00,购物,店,东西,支出,15.00\n
bills	交易时间,金额,备注\n2026-01-01,5,x\n交易时间,金额\n2026-01-16 10:00:00\n
bills	交易时间,金额,备注\n2026-01-01,5,x\n交易时间,金额\n,,,,,,,\n
bills	交易时间,金额,备注\n2026-01-01,5,x\n交易时间,金额\n   ,  ,  ,  ,  ,  ,  ,  \n
bills	交易时间,金额,备注\n2026-01-01,5,x\n交易时间,金额\n\n
bills	交易时间,金额,备注\n2026-01-01,5,x\n交易时间,金额\n2026-01-17 10:00:00,"购物,杂项",店,"说,明",支出,"1,234.56",余额,交易成功\n
bills	交易时间,金额,备注\n2026-01-01,5,x\n交易时间,金额\n2026-01-18 10:00:00,购物,"店\n二行",东西,支出,15.00,余额,交易成功\n
bills	交易时间,金额,备注\n2026-01-01,5,x\n交易时间,金额\n2026-01-19 10:00:00,购物,"说""引号""",东西,收入,15.00,余额,交易成功\n
bills	交易时间,金额,备注\n2026-01-01,5,x\n交易时间,金额\n2026-01-20 24:00:00,购物,店,东西,支出,15.00,余额,交易成功\n
bills	交易时间,金额,备注\n2026-01-01,5,x\n交易时间,金额\n2026-13-40 10:00:00,购物,店,东西,支出,15.00,余额,交易成功\n
bills	交易时间,金额,备注\n2026-01-01,5,x\n交易时间,金额\n2026-01-21 10:00:00,购物,店,东西,支出,15.00,余额,冻结\n
bills	交易时间,金额,备注\n2026-01-01,5,x\n交易时间,金额\n2026-01-22 10:00:00,购物,店,东西,支出,15.00,余额,全额退款\n
bills	交易时间,金额,备注\n2026-01-01,5,x\n交易时间,金额\n2026-01-23 10:00:00,购物,店,东西,Expense,15.00,余额,交易成功\n
bills	交易时间,金额,备注\n2026-01-01,5,x\n交易时间,金额\n2026-01-24 10:00:00,购物,店,东西,收入支出,15.00,余额,交易成功\n
bills	交易时间,金额,备注\n2026-01-01,5,x\n交易时间,金额\n2026-01-25 10:00:00,购物,店,东西,支出收入,15.00,余额,交易成功\n
bills	交易时间,金额,备注\n2026-01-01,5,x\n交易时间,金额\n2026-01-26 10:00:00,购物,店,东西,"支出,收入",15.00,余额,交易成功\n
bills	交易时间,金额,备注\n2026-01-01,5,x\n交易时间,金额\n2026-01-27 10:00:00,购物,店,东西,income expense,15.00,余额,交易成功\n
bills	交易时间,金额,备注\n2026-01-01,5,x\n交易时间,金额\n2026-01-28 10:00:00,购物,店,东西,expense income,15.00,余额,交易成功\n
bills	交易时间,金额,备注\n2026-01-01,5,x\n交易时间,金额\n2026-01-29 10:00:00,购物,店,东西,退款收入/支出,15.00,余额,交易成功\n
bills	交易时间,金额,备注\n2026-01-01,5,x\n交易时间,金额\n2026-01-05 12:30:00,餐饮,肯德基,午餐,支出,35.50,余额,交易成功\n2026-01-06 09:00:00,工资,公司,一月工资,收入,9000.00,银行卡,交易成功\n2026-01-07 10:00:00,退款,商家,退货,收入,20.00,余额,退款成功\n2026-01-08 10:00:00,其他,x,y,不计收支,5.00,余额,交易成功\n2026-01-09 10:00:00,购物,店,东西,支出,0.00,余额,交易成功\n2026-01-10 10:00:00,购物,店,东西,支出,-15.00,余额,交易成功\ngarbage,购物,店,东西,支出,15.00,余额,交易成功\n2026-01-11 10:00:00,购物,店,东西,支出,abc,余额,交易成功\n2026-01-12 10:00:00,购物,店,东西,支出,15.00,余额,交易关闭\n2026-01-13 10:00:00,购物,店,东西,支出,15.00,余额,\n2026-01-14 10:00:00, 购物 , 店 , 东西 ,支出,15.00, 余额 , 交易成功 \n2026-01-15 10:00:00,购物,店,东西,支出,15.00\n2026-01-16 10:00:00\n,,,,,,,\n   ,  ,  ,  ,  ,  ,  ,  \n\n2026-01-17 10:00:00,"购物,杂项",店,"说,明",支出,"1,234.56",余额,交易成功\n2026-01-18 10:00:00,购物,"店\n二行",东西,支出,15.00,余额,交易成功\n2026-01-19 10:00:00,购物,"说""引号""",东西,收入,15.00,余额,交易成功\n2026-01-20 24:00:00,购物,店,东西,支出,15.00,余额,交易成功\n2026-13-40 10:00:00,购物,店,东西,支出,15.00,余额,交易成功\n2026-01-21 10:00:00,购物,店,东西,支出,15.00,余额,冻结\n2026-01-22 10:00:00,购物,店,东西,支出,15.00,余额,全额退款\n2026-01-23 10:00:00,购物,店,东西,Expense,15.00,余额,交易成功\n2026-01-24 10:00:00,购物,店,东西,收入支出,15.00,余额,交易成功\n2026-01-25 10:00:00,购物,店,东西,支出收入,15.00,余额,交易成功\n2026-01-26 10:00:00,购物,店,东西,"支出,收入",15.00,余额,交易成功\n2026-01-27 10:00:00,购物,店,东西,income expense,15.00,余额,交易成功\n2026-01-28 10:00:00,购物,店,东西,expense income,15.00,余额,交易成功\n2026-01-29 10:00:00,购物,店,东西,退款收入/支出,15.00,余额,交易成功\n
bills	交易时间,金额,备注\n2026-01-01,5,x\n交易时间,金额\n2026-01-05 12:30:00,餐饮,肯德基,午餐,支出,35.50,余额,交易成功\r\n2026-01-06 09:00:00,工资,公司,一月工资,收入,9000.00,银行卡,交易成功\r\n2026-01-07 10:00:00,退款,商家,退货,收入,20.00,余额,退款成功\r\n2026-01-08 10:00:00,其他,x,y,不计收支,5.00,余额,交易成功\r\n2026-01-09 10:00:00,购物,店,东西,支出,0.00,余额,交易成功\r\n2026-01-10 10:00:00,购物,店,东西,支出,-15.00,余额,交易成功\r\ngarbage,购物,店,东西,支出,15.00,余额,交易成功\r\n2026-01-11 10:00:00,购物,店,东西,支出,abc,余额,交易成功\r\n2026-01-12 10:00:00,购物,店,东西,支出,15.00,余额,交易关闭\r\n2026-01-13 10:00:00,购物,店,东西,支出,15.00,余额,\r\n2026-01-14 10:00:00, 购物 , 店 , 东西 ,支出,15.00, 余额 , 交易成功 \r\n2026-01-15 10:00:00,购物,店,东西,支出,15.00\r\n2026-01-16 10:00:00\r\n,,,,,,,\r\n   ,  ,  ,  ,  ,  ,  ,  \r\n\r\n2026-01-17 10:00:00,"购物,杂项",店,"说,明",支出,"1,234.56",余额,交易成功\r\n2026-01-18 10:00:00,购物,"店\n二行",东西,支出,15.00,余额,交易成功\r\n2026-01-19 10:00:00,购物,"说""引号""",东西,收入,15.00,余额,交易成功\r\n2026-01-20 24:00:00,购物,店,东西,支出,15.00,余额,交易成功\r\n2026-13-40 10:00:00,购物,店,东西,支出,15.00,余额,交易成功\r\n2026-01-21 10:00:00,购物,店,东西,支出,15.00,余额,冻结\r\n2026-01-22 10:00:00,购物,店,东西,支出,15.00,余额,全额退款\r\n2026-01-23 10:00:00,购物,店,东西,Expense,15.00,余额,交易成功\r\n2026-01-24 10:00:00,购物,店,东西,收入支出,15.00,余额,交易成功\r\n2026-01-25 10:00:00,购物,店,东西,支出收入,15.00,余额,交易成功\r\n2026-01-26 10:00:00,购物,店,东西,"支出,收入",15.00,余额,交易成功\r\n2026-01-27 10:00:00,购物,店,东西,income expense,15.00,余额,交易成功\r\n2026-01-28 10:00:00,购物,店,东西,expense income,15.00,余额,交易成功\r\n2026-01-29 10:00:00,购物,店,东西,退款收入/支出,15.00,余额,交易成功
header	交易时间,金额,备注\n2026-01-01,5,x\n交易时间,金额\n
bills	收/支,金额,备注\n支出,5,x\n交易时间,交易分类,交易对方,商品说明,收/支,金额,收/付款方式,交易状态\n2026-01-05 12:30:00,餐饮,肯德基,午餐,支出,35.50,余额,交易成功\n
bills	收/支,金额,备注\n支出,5,x\n交易时间,交易分类,交易对方,商品说明,收/支,金额,收/付款方式,交易状态\n2026-01-06 09:00:00,工资,公司,一月工资,收入,9000.00,银行卡,交易成功\n
bills	收/支,金额,备注\n支出,5,x\n交易时间,交易分类,交易对方,商品说明,收/支,金额,收/付款方式,交易状态\n2026-01-07 10:00:00,退款,商家,退货,收入,20.00,余额,退款成功\n
bills	收/支,金额,备注\n支出,5,x\n交易时间,交易分类,交易对方,商品说明,收/支,金额,收/付款方式,交易状态\n2026-01-08 10:00:00,其他,x,y,不计收支,5.00,余额,交易成功\n
bills	收/支,金额,备注\n支出,5,x\n交易时间,交易分类,交易对方,商品说明,收/支,金额,收/付款方式,交易状态\n2026-01-09 10:00:00,购物,店,东西,支出,0.00,余额,交易成功\n
bills	收/支,金额,备注\n支出,5,x\n交易时间,交易分类,交易对方,商品说明,收/支,金额,收/付款方式,交易状态\n2026-01-10 10:00:00,购物,店,东西,支出,-15.00,余额,交易成功\n
bills	收/支,金额,备注\n支出,5,x\n交易时间,交易分类,交易对方,商品说明,收/支,金额,收/付款方式,交易状态\ngarbage,购物,店,东西,支出,15.00,余额,交易成功\n
bills	收/支,金额,备注\n支出,5,x\n交易时间,交易分类,交易对方,商品说明,收/支,金额,收/付款方式,交易状态\n2026-01-11 10:00:00,购物,店,东西,支出,abc,余额,交易成功\n
bills	收/支,金额,备注\n支出,5,x\n交易时间,交易分类,交易对方,商品说明,收/支,金额,收/付款方式,交易状态\n2026-01-12 10:00:00,购物,店,东西,支出,15.00,余额,交易关闭\n
bills	收/支,金额,备注\n支出,5,x\n交易时间,交易分类,交易对方,商品说明,收/支,金额,收/付款方式,交易状态\n2026-01-13 10:00:00,购物,店,东西,支出,15.00,余额,\n
bills	收/支,金额,备注\n支出,5,x\n交易时间,交易分类,交易对方,商品说明,收/支,金额,收/付款方式,交易状态\n2026-01-14 10:00:00, 购物 , 店 , 东西 ,支出,15.00, 余额 , 交易成功 \n
bills	收/支,金额,备注\n支出,5,x\n交易时间,交易分类,交易对方,商品说明,收/支,金额,收/付款方式,交易状态\n2026-01-15 10:00:00,购物,店,东西,支出,15.00\n
bills	收/支,金额,备注\n支出,5,x\n交易时间,交易分类,交易对方,商品说明,收/支,金额,收/付款方式,交易状态\n2026-01-16 10:00:00\n
bills	收/支,金额,备注\n支出,5,x\n交易时间,交易分类,交易对方,商品说明,收/支,金额,收/付款方式,交易状态\n,,,,,,,\n
bills	收/支,金额,备注\n支出,5,x\n交易时间,交易分类,交易对方,商品说明,收/支,金额,收/付款方式,交易状态\n   ,  ,  ,  ,  ,  ,  ,  \n
bills	收/支,金额,备注\n支出,5,x\n交易时间,交易分类,交易对方,商品说明,收/支,金额,收/付款方式,交易状态\n\n
bills	收/支,金额,备注\n支出,5,x\n交易时间,交易分类,交易对方,商品说明,收/支,金额,收/付款方式,交易状态\n2026-01-17 10:00:00,"购物,杂项",店,"说,明",支出,"1,234.56",余额,交易成功\n
bills	收/支,金额,备注\n支出,5,x\n交易时间,交易分类,交易对方,商品说明,收/支,金额,收/付款方式,交易状态\n2026-01-18 10:00:00,购物,"店\n二行",东西,支出,15.00,余额,交易成功\n
bills	收/支,金额,备注\n支出,5,x\n交易时间,交易分类,交易对方,商品说明,收/支,金额,收/付款方式,交易状态\n2026-01-19 10:00:00,购物,"说""引号""",东西,收入,15.00,余额,交易成功\n
bills	收/支,金额,备注\n支出,5,x\n交易时间,交易分类,交易对方,商品说明,收/支,金额,收/付款方式,交易状态\n2026-01-20 24:00:00,购物,店,东西,支出,15.00,余额,交易成功\n
bills	收/支,金额,备注\n支出,5,x\n交易时间,交易分类,交易对方,商品说明,收/支,金额,收/付款方式,交易状态\n2026-13-40 10:00:00,购物,店,东西,支出,15.00,余额,交易成功\n
bills	收/支,金额,备注\n支出,5,x\n交易时间,交易分类,交易对方,商品说明,收/支,金额,收/付款方式,交易状态\n2026-01-21 10:00:00,购物,店,东西,支出,15.00,余额,冻结\n
bills	收/支,金额,备注\n支出,5,x\n交易时间,交易分类,交易对方,商品说明,收/支,金额,收/付款方式,交易状态\n2026-01-22 10:00:00,购物,店,东西,支出,15.00,余额,全额退款\n
bills	收/支,金额,备注\n支出,5,x\n交易时间,交易分类,交易对方,商品说明,收/支,金额,收/付款方式,交易状态\n2026-01-23 10:00:00,购物,店,东西,Expense,15.00,余额,交易成功\n
bills	收/支,金额,备注\n支出,5,x\n交易时间,交易分类,交易对方,商品说明,收/支,金额,收/付款方式,交易状态\n2026-01-24 10:00:00,购物,店,东西,收入支出,15.00,余额,交易成功\n
bills	收/支,金额,备注\n支出,5,x\n交易时间,交易分类,交易对方,商品说明,收/支,金额,收/付款方式,交易状态\n2026-01-25 10:00:00,购物,店,东西,支出收入,15.00,余额,交易成功\n
bills	收/支,金额,备注\n支出,5,x\n交易时间,交易分类,交易对方,商品说明,收/支,金额,收/付款方式,交易状态\n2026-01-26 10:00:00,购物,店,东西,"支出,收入",15.00,余额,交易成功\n
bills	收/支,金额,备注\n支出,5,x\n交易时间,交易分类,交易对方,商品说明,收/支,金额,收/付款方式,交易状态\n2026-01-27 10:00:00,购物,店,东西,income expense,15.00,余额,交易成功\n
bills	收/支,金额,备注\n支出,5,x\n交易时间,交易分类,交易对方,商品说明,收/支,金额,收/付款方式,交易状态\n2026-01-28 10:00:00,购物,店,东西,expense income,15.00,余额,交易成功\n
bills	收/支,金额,备注\n支出,5,x\n交易时间,交易分类,交易对方,商品说明,收/支,金额,收/付款方式,交易状态\n2026-01-29 10:00:00,购物,店,东西,退款收入/支出,15.00,余额,交易成功\n
bills	收/支,金额,备注\n支出,5,x\n交易时间,交易分类,交易对方,商品说明,收/支,金额,收/付款方式,交易状态\n2026-01-05 12:30:00,餐饮,肯德基,午餐,支出,35.50,余额,交易成功\n2026-01-06 09:00:00,工资,公司,一月工资,收入,9000.00,银行卡,交易成功\n2026-01-07 10:00:00,退款,商家,退货,收入,20.00,余额,退款成功\n2026-01-08 10:00:00,其他,x,y,不计收支,5.00,余额,交易成功\n2026-01-09 10:00:00,购物,店,东西,支出,0.00,余额,交易成功\n2026-01-10 10:00:00,购物,店,东西,支出,-15.00,余额,交易成功\ngarbage,购物,店,东西,支出,15.00,余额,交易成功\n2026-01-11 10:00:00,购物,店,东西,支出,abc,余额,交易成功\n2026-01-12 10:00:00,购物,店,东西,支出,15.00,余额,交易关闭\n2026-01-13 10:00:00,购物,店,东西,支出,15.00,余额,\n2026-01-14 10:00:00, 购物 , 店 , 东西 ,支出,15.00, 余额 , 交易成功 \n2026-01-15 10:00:00,购物,店,东西,支出,15.00\n2026-01-16 10:00:00\n,,,,,,,\n   ,  ,  ,  ,  ,  ,  ,  \n\n2026-01-17 10:00:00,"购物,杂项",店,"说,明",支出,"1,234.56",余额,交易成功\n2026-01-18 10:00:00,购物,"店\n二行",东西,支出,15.00,余额,交易成功\n2026-01-19 10:00:00,购物,"说""引号""",东西,收入,15.00,余额,交易成功\n2026-01-20 24:00:00,购物,店,东西,支出,15.00,余额,交易成功\n2026-13-40 10:00:00,购物,店,东西,支出,15.00,余额,交易成功\n2026-01-21 10:00:00,购物,店,东西,支出,15.00,余额,冻结\n2026-01-22 10:00:00,购物,店,东西,支出,15.00,余额,全额退款\n2026-01-23 10:00:00,购物,店,东西,Expense,15.00,余额,交易成功\n2026-01-24 10:00:00,购物,店,东西,收入支出,15.00,余额,交易成功\n2026-01-25 10:00:00,购物,店,东西,支出收入,15.00,余额,交易成功\n2026-01-26 10:00:00,购物,店,东西,"支出,收入",15.00,余额,交易成功\n2026-01-27 10:00:00,购物,店,东西,income expense,15.00,余额,交易成功\n2026-01-28 10:00:00,购物,店,东西,expense income,15.00,余额,交易成功\n2026-01-29 10:00:00,购物,店,东西,退款收入/支出,15.00,余额,交易成功\n
bills	收/支,金额,备注\n支出,5,x\n交易时间,交易分类,交易对方,商品说明,收/支,金额,收/付款方式,交易状态\n2026-01-05 12:30:00,餐饮,肯德基,午餐,支出,35.50,余额,交易成功\r\n2026-01-06 09:00:00,工资,公司,一月工资,收入,9000.00,银行卡,交易成功\r\n2026-01-07 10:00:00,退款,商家,退货,收入,20.00,余额,退款成功\r\n2026-01-08 10:00:00,其他,x,y,不计收支,5.00,余额,交易成功\r\n2026-01-09 10:00:00,购物,店,东西,支出,0.00,余额,交易成功\r\n2026-01-10 10:00:00,购物,店,东西,支出,-15.00,余额,交易成功\r\ngarbage,购物,店,东西,支出,15.00,余额,交易成功\r\n2026-01-11 10:00:00,购物,店,东西,支出,abc,余额,交易成功\r\n2026-01-12 10:00:00,购物,店,东西,支出,15.00,余额,交易关闭\r\n2026-01-13 10:00:00,购物,店,东西,支出,15.00,余额,\r\n2026-01-14 10:00:00, 购物 , 店 , 东西 ,支出,15.00, 余额 , 交易成功 \r\n2026-01-15 10:00:00,购物,店,东西,支出,15.00\r\n2026-01-16 10:00:00\r\n,,,,,,,\r\n   ,  ,  ,  ,  ,  ,  ,  \r\n\r\n2026-01-17 10:00:00,"购物,杂项",店,"说,明",支出,"1,234.56",余额,交易成功\r\n2026-01-18 10:00:00,购物,"店\n二行",东西,支出,15.00,余额,交易成功\r\n2026-01-19 10:00:00,购物,"说""引号""",东西,收入,15.00,余额,交易成功\r\n2026-01-20 24:00:00,购物,店,东西,支出,15.00,余额,交易成功\r\n2026-13-40 10:00:00,购物,店,东西,支出,15.00,余额,交易成功\r\n2026-01-21 10:00:00,购物,店,东西,支出,15.00,余额,冻结\r\n2026-01-22 10:00:00,购物,店,东西,支出,15.00,余额,全额退款\r\n2026-01-23 10:00:00,购物,店,东西,Expense,15.00,余额,交易成功\r\n2026-01-24 10:00:00,购物,店,东西,收入支出,15.00,余额,交易成功\r\n2026-01-25 10:00:00,购物,店,东西,支出收入,15.00,余额,交易成功\r\n2026-01-26 10:00:00,购物,店,东西,"支出,收入",15.00,余额,交易成功\r\n2026-01-27 10:00:00,购物,店,东西,income expense,15.00,余额,交易成功\r\n2026-01-28 10:00:00,购物,店,东西,expense income,15.00,余额,交易成功\r\n2026-01-29 10:00:00,购物,店,东西,退款收入/支出,15.00,余额,交易成功
header	收/支,金额,备注\n支出,5,x\n交易时间,交易分类,交易对方,商品说明,收/支,金额,收/付款方式,交易状态\n
bills	收/支,金额,备注\n支出,5,x\n交易时间,交易类型,交易对方,商品,收/支,金额(元),支付方式,当前状态\n2026-01-05 12:30:00,餐饮,肯德基,午餐,支出,35.50,余额,交易成功\n
bills	收/支,金额,备注\n支出,5,x\n交易时间,交易类型,交易对方,商品,收/支,金额(元),支付方式,当前状态\n2026-01-06 09:00:00,工资,公司,一月工资,收入,9000.00,银行卡,交易成功\n
bills	收/支,金额,备注\n支出,5,x\n交易时间,交易类型,交易对方,商品,收/支,金额(元),支付方式,当前状态\n2026-01-07 10:00:00,退款,商家,退货,收入,20.00,余额,退款成功\n
bills	收/支,金额,备注\n支出,5,x\n交易时间,交易类型,交易对方,商品,收/支,金额(元),支付方式,当前状态\n2026-01-08 10:00:00,其他,x,y,不计收支,5.00,余额,交易成功\n
bills	收/支,金额,备注\n支出,5,x\n交易时间,交易类型,交易对方,商品,收/支,金额(元),支付方式,当前状态\n2026-01-09 10:00:00,购物,店,东西,支出,0.00,余额,交易成功\n
bills	收/支,金额,备注\n支出,5,x\n交易时间,交易类型,交易对方,商品,收/支,金额(元),支付方式,当前状态\n2026-01-10 10:00:00,购物,店,东西,支出,-15.00,余额,交易成功\n
bills	收/支,金额,备注\n支出,5,x\n交易时间,交易类型,交易对方,商品,收/支,金额(元),支付方式,当前状态\ngarbage,购物,店,东西,支出,15.00,余额,交易成功\n
bills	收/支,金额,备注\n支出,5,x\n交易时间,交易类型,交易对方,商品,收/支,金额(元),支付方式,当前状态\n2026-01-11 10:00:00,购物,店,东西,支出,abc,余额,交易成功\n
bills	收/支,金额,备注\n支出,5,x\n交易时间,交易类型,交易对方,商品,收/支,金额(元),支付方式,当前状态\n2026-01-12 10:00:00,购物,店,东西,支出,15.00,余额,交易关闭\n
bills	收/支,金额,备注\n支出,5,x\n交易时间,交易类型,交易对方,商品,收/支,金额(元),支付方式,当前状态\n2026-01-13 10:00:00,购物,店,东西,支出,15.00,余额,\n
bills	收/支,金额,备注\n支出,5,x\n交易时间,交易类型,交易对方,商品,收/支,金额(元),支付方式,当前状态\n2026-01-14 10:00:00, 购物 , 店 , 东西 ,支出,15.00, 余额 , 交易成功 \n
bills	收/支,金额,备注\n支出,5,x\n交易时间,交易类型,交易对方,商品,收/支,金额(元),支付方式,当前状态\n2026-01-15 10:00:00,购物,店,东西,支出,15.00\n
bills	收/支,金额,备注\n支出,5,x\n交易时间,交易类型,交易对方,商品,收/支,金额(元),支付方式,当前状态\n2026-01-16 10:00:00\n
bills	收/支,金额,备注\n支出,5,x\n交易时间,交易类型,交易对方,商品,收/支,金额(元),支付方式,当前状态\n,,,,,,,\n
bills	收/支,金额,备注\n支出,5,x\n交易时间,交易类型,交易对方,商品,收/支,金额(元),支付方式,当前状态\n   ,  ,  ,  ,  ,  ,  ,  \n
bills	收/支,金额,备注\n支出,5,x\n交易时间,交易类型,交易对方,商品,收/支,金额(元),支付方式,当前状态\n\n
bills	收/支,金额,备注\n支出,5,x\n交易时间,交易类型,交易对方,商品,收/支,金额(元),支付方式,当前状态\n2026-01-17 10:00:00,"购物,杂项",店,"说,明",支出,"1,234.56",余额,交易成功\n
bills	收/支,金额,备注\n支出,5,x\n交易时间,交易类型,交易对方,商品,收/支,金额(元),支付方式,当前状态\n2026-01-18 10:00:00,购物,"店\n二行",东西,支出,15.00,余额,交易成功\n
bills	收/支,金额,备注\n支出,5,x\n交易时间,交易类型,交易对方,商品,收/支,金额(元),支付方式,当前状态\n2026-01-19 10:00:00,购物,"说""引号""",东西,收入,15.00,余额,交易成功\n
bills	收/支,金额,备注\n支出,5,x\n交易时间,交易类型,交易对方,商品,收/支,金额(元),支付方式,当前状态\n2026-01-20 24:00:00,购物,店,东西,支出,15.00,余额,交易成功\n
bills	收/支,金额,备注\n支出,5,x\n交易时间,交易类型,交易对方,商品,收/支,金额(元),支付方式,当前状态\n2026-13-40 10:00:00,购物,店,东西,支出,15.00,余额,交易成功\n
bills	收/支,金额,备注\n支出,5,x\n交易时间,交易类型,交易对方,商品,收/支,金额(元),支付方式,当前状态\n2026-01-21 10:00:00,购物,店,东西,支出,15.00,余额,冻结\n
bills	收/支,金额,备注\n支出,5,x\n交易时间,交易类型,交易对方,商品,收/支,金额(元),支付方式,当前状态\n2026-01-22 10:00:00,购物,店,东西,支出,15.00,余额,全额退款\n
bills	收/支,金额,备注\n支出,5,x\n交易时间,交易类型,交易对方,商品,收/支,金额(元),支付方式,当前状态\n2026-01-23 10:00:00,购物,店,东西,Expense,15.00,余额,交易成功\n
bills	收/支,金额,备注\n支出,5,x\n交易时间,交易类型,交易对方,商品,收/支,金额(元),支付方式,当前状态\n2026-01-24 10:00:00,购物,店,东西,收入支出,15.00,余额,交易成功\n
bills	收/支,金额,备注\n支出,5,x\n交易时间,交易类型,交易对方,商品,收/支,金额(元),支付方式,当前状态\n2026-01-25 10:00:00,购物,店,东西,支出收入,15.00,余额,交易成功\n
bills	收/支,金额,备注\n支出,5,x\n交易时间,交易类型,交易对方,商品,收/支,金额(元),支付方式,当前状态\n2026-01-26 10:00:00,购物,店,东西,"支出,收入",15.00,余额,交易成功\n
bills	收/支,金额,备注\n支出,5,x\n交易时间,交易类型,交易对方,商品,收/支,金额(元),支付方式,当前状态\n2026-01-27 10:00:00,购物,店,东西,income expense,15.00,余额,交易成功\n
bills	收/支,金额,备注\n支出,5,x\n交易时间,交易类型,交易对方,商品,收/支,金额(元),支付方式,当前状态\n2026-01-28 10:00:00,购物,店,东西,expense income,15.00,余额,交易成功\n
bills	收/支,金额,备注\n支出,5,x\n交易时间,交易类型,交易对方,商品,收/支,金额(元),支付方式,当前状态\n2026-01-29 10:00:00,购物,店,东西,退款收入/支出,15.00,余额,交易成功\n
bills	收/支,金额,备注\n支出,5,x\n交易时间,交易类型,交易对方,商品,收/支,金额(元),支付方式,当前状态\n2026-01-05 12:30:00,餐饮,肯德基,午餐,支出,35.50,余额,交易成功\n2026-01-06 09:00:00,工资,公司,一月工资,收入,9000.00,银行卡,交易成功\n2026-01-07 10:00:00,退款,商家,退货,收入,20.00,余额,退款成功\n2026-01-08 10:00:00,其他,x,y,不计收支,5.00,余额,交易成功\n2026-01-09 10:00:00,购物,店,东西,支出,0.00,余额,交易成功\n2026-01-10 10:00:00,购物,店,东西,支出,-15.00,余额,交易成功\ngarbage,购物,店,东西,支出,15.00,余额,交易成功\n2026-01-11 10:00:00,购物,店,东西,支出,abc,余额,交易成功\n2026-01-12 10:00:00,购物,店,东西,支出,15.00,余额,交易关闭\n2026-01-13 10:00:00,购物,店,东西,支出,15.00,余额,\n2026-01-14 10:00:00, 购物 , 店 , 东西 ,支出,15.00, 余额 , 交易成功 \n2026-01-15 10:00:00,购物,店,东西,支出,15.00\n2026-01-16 10:00:00\n,,,,,,,\n   ,  ,  ,  ,  ,  ,  ,  \n\n2026-01-17 10:00:00,"购物,杂项",店,"说,明",支出,"1,234.56",余额,交易成功\n2026-01-18 10:00:00,购物,"店\n二行",东西,支出,15.00,余额,交易成功\n2026-01-19 10:00:00,购物,"说""引号""",东西,收入,15.00,余额,交易成功\n2026-01-20 24:00:00,购物,店,东西,支出,15.00,余额,交易成功\n2026-13-40 10:00:00,购物,店,东西,支出,15.00,余额,交易成功\n2026-01-21 10:00:00,购物,店,东西,支出,15.00,余额,冻结\n2026-01-22 10:00:00,购物,店,东西,支出,15.00,余额,全额退款\n2026-01-23 10:00:00,购物,店,东西,Expense,15.00,余额,交易成功\n2026-01-24 10:00:00,购物,店,东西,收入支出,15.00,余额,交易成功\n2026-01-25 10:00:00,购物,店,东西,支出收入,15.00,余额,交易成功\n2026-01-26 10:00:00,购物,店,东西,"支出,收入",15.00,余额,交易成功\n2026-01-27 10:00:00,购物,店,东西,income expense,15.00,余额,交易成功\n2026-01-28 10:00:00,购物,店,东西,expense income,15.00,余额,交易成功\n2026-01-29 10:00:00,购物,店,东西,退款收入/支出,15.00,余额,交易成功\n
bills	收/支,金额,备注\n支出,5,x\n交易时间,交易类型,交易对方,商品,收/支,金额(元),支付方式,当前状态\n2026-01-05 12:30:00,餐饮,肯德基,午餐,支出,35.50,余额,交易成功\r\n2026-01-06 09:00:00,工资,公司,一月工资,收入,9000.00,银行卡,交易成功\r\n2026-01-07 10:00:00,退款,商家,退货,收入,20.00,余额,退款成功\r\n2026-01-08 10:00:00,其他,x,y,不计收支,5.00,余额,交易成功\r\n2026-01-09 10:00:00,购物,店,东西,支出,0.00,余额,交易成功\r\n2026-01-10 10:00:00,购物,店,东西,支出,-15.00,余额,交易成功\r\ngarbage,购物,店,东西,支出,15.00,余额,交易成功\r\n2026-01-11 10:00:00,购物,店,东西,支出,abc,余额,交易成功\r\n2026-01-12 10:00:00,购物,店,东西,支出,15.00,余额,交易关闭\r\n2026-01-13 10:00:00,购物,店,东西,支出,15.00,余额,\r\n2026-01-14 10:00:00, 购物 , 店 , 东西 ,支出,15.00, 余额 , 交易成功 \r\n2026-01-15 10:00:00,购物,店,东西,支出,15.00\r\n2026-01-16 10:00:00\r\n,,,,,,,\r\n   ,  ,  ,  ,  ,  ,  ,  \r\n\r\n2026-01-17 10:00:00,"购物,杂项",店,"说,明",支出,"1,234.56",余额,交易成功\r\n2026-01-18 10:00:00,购物,"店\n二行",东西,支出,15.00,余额,交易成功\r\n2026-01-19 10:00:00,购物,"说""引号""",东西,收入,15.00,余额,交易成功\r\n2026-01-20 24:00:00,购物,店,东西,支出,15.00,余额,交易成功\r\n2026-13-40 10:00:00,购物,店,东西,支出,15.00,余额,交易成功\r\n2026-01-21 10:00:00,购物,店,东西,支出,15.00,余额,冻结\r\n2026-01-22 10:00:00,购物,店,东西,支出,15.00,余额,全额退款\r\n2026-01-23 10:00:00,购物,店,东西,Expense,15.00,余额,交易成功\r\n2026-01-24 10:00:00,购物,店,东西,收入支出,15.00,余额,交易成功\r\n2026-01-25 10:00:00,购物,店,东西,支出收入,15.00,余额,交易成功\r\n2026-01-26 10:00:00,购物,店,东西,"支出,收入",15.00,余额,交易成功\r\n2026-01-27 10:00:00,购物,店,东西,income expense,15.00,余额,交易成功\r\n2026-01-28 10:00:00,购物,店,东西,expense income,15.00,余额,交易成功\r\n2026-01-29 10:00:00,购物,店,东西,退款收入/支出,15.00,余额,交易成功
header	收/支,金额,备注\n支出,5,x\n交易时间,交易类型,交易对方,商品,收/支,金额(元),支付方式,当前状态\n
bills	收/支,金额,备注\n支出,5,x\n日期,类型,金额,收支\n2026-01-05 12:30:00,餐饮,肯德基,午餐,支出,35.50,余额,交易成功\n
bills	收/支,金额,备注\n支出,5,x\n日期,类型,金额,收支\n2026-01-06 09:00:00,工资,公司,一月工资,收入,9000.00,银行卡,交易成功\n
bills	收/支,金额,备注\n支出,5,x\n日期,类型,金额,收支\n2026-01-07 10:00:00,退款,商家,退货,收入,20.00,余额,退款成功\n
bills	收/支,金额,备注\n支出,5,x\n日期,类型,金额,收支\n2026-01-08 10:00:00,其他,x,y,不计收支,5.00,余额,交易成功\n
bills	收/支,金额,备注\n支出,5,x\n日期,类型,金额,收支\n2026-01-09 10:00:00,购物,店,东西,支出,0.00,余额,交易成功\n
bills	收/支,金额,备注\n支出,5,x\n日期,类型,金额,收支\n2026-01-10 10:00:00,购物,店,东西,支出,-15.00,余额,交易成功\n
bills	收/支,金额,备注\n支出,5,x\n日期,类型,金额,收支\ngarbage,购物,店,东西,支出,15.00,余额,交易成功\n
bills	收/支,金额,备注\n支出,5,x\n日期,类型,金额,收支\n2026-01-11 10:00:00,购物,店,东西,支出,abc,余额,交易成功\n
bills	收/支,金额,备注\n支出,5,x\n日期,类型,金额,收支\n2026-01-12 10:00:00,购物,店,东西,支出,15.00,余额,交易关闭\n
bills	收/支,金额,备注\n支出,5,x\n日期,类型,金额,收支\n2026-01-13 10:00:00,购物,店,东西,支出,15.00,余额,\n
bills	收/支,金额,备注\n支出,5,x\n日期,类型,金额,收支\n2026-01-14 10:00:00, 购物 , 店 , 东西 ,支出,15.00, 余额 , 交易成功 \n
bills	收/支,金额,备注\n支出,5,x\n日期,类型,金额,收支\n2026-01-15 10:00:00,购物,店,东西,支出,15.00\n
bills	收/支,金额,备注\n支出,5,x\n日期,类型,金额,收支\n2026-01-16 10:00:00\n
bills	收/支,金额,备注\n支出,5,x\n日期,类型,金额,收支\n,,,,,,,\n
bills	收/支,金额,备注\n支出,5,x\n日期,类型,金额,收支\n   ,  ,  ,  ,  ,  ,  ,  \n
bills	收/支,金额,备注\n支出,5,x\n日期,类型,金额,收支\n\n
bills	收/支,金额,备注\n支出,5,x\n日期,类型,金额,收支\n2026-01-17 10:00:00,"购物,杂项",店,"说,明",支出,"1,234.56",余额,交易成功\n
bills	收/支,金额,备注\n支出,5,x\n日期,类型,金额,收支\n2026-01-18 10:00:00,购物,"店\n二行",东西,支出,15.00,余额,交易成功\n
bills	收/支,金额,备注\n支出,5,x\n日期,类型,金额,收支\n2026-01-19 10:00:00,购物,"说""引号""",东西,收入,15.00,余额,交易成功\n
bills	收/支,金额,备注\n支出,5,x\n日期,类型,金额,收支\n2026-01-20 24:00:00,购物,店,东西,支出,15.00,余额,交易成功\n
bills	收/支,金额,备注\n支出,5,x\n日期,类型,金额,收支\n2026-13-40 10:00:00,购物,店,东西,支出,15.00,余额,交易成功\n
bills	收/支,金额,备注\n支出,5,x\n日期,类型,金额,收支\n2026-01-21 10:00:00,购物,店,东西,支出,15.00,余额,冻结\n
bills	收/支,金额,备注\n支出,5,x\n日期,类型,金额,收支\n2026-01-22 10:00:00,购物,店,东西,支出,15.00,余额,全额退款\n
bills	收/支,金额,备注\n支出,5,x\n日期,类型,金额,收支\n2026-01-23 10:00:00,购物,店,东西,Expense,15.00,余额,交易成功\n
bills	收/支,金额,备注\n支出,5,x\n日期,类型,金额,收支\n2026-01-24 10:00:00,购物,店,东西,收入支出,15.00,余额,交易成功\n
bills	收/支,金额,备注\n支出,5,x\n日期,类型,金额,收支\n2026-01-25 10:00:00,购物,店,东西,支出收入,15.00,余额,交易成功\n
bills	收/支,金额,备注\n支出,5,x\n日期,类型,金额,收支\n2026-01-26 10:00:00,购物,店,东西,"支出,收入",15.00,余额,交易成功\n
bills	收/支,金额,备注\n支出,5,x\n日期,类型,金额,收支\n2026-01-27 10:00:00,购物,店,东西,income expense,15.00,余额,交易成功\n
bills	收/支,金额,备注\n支出,5,x\n日期,类型,金额,收支\n2026-01-28 10:00:00,购物,店,东西,expense income,15.00,余额,交易成功\n
bills	收/支,金额,备注\n支出,5,x\n日期,类型,金额,收支\n2026-01-29 10:00:00,购物,店,东西,退款收入/支出,15.00,余额,交易成功\n
bills	收/支,金额,备注\n支出,5,x\n日期,类型,金额,收支\n2026-01-05 12:30:00,餐饮,肯德基,午餐,支出,35.50,余额,交易成功\n2026-01-06 09:00:00,工资,公司,一月工资,收入,9000.00,银行卡,交易成功\n2026-01-07 10:00:00,退款,商家,退货,收入,20.00,余额,退款成功\n2026-01-08 10:00:00,其他,x,y,不计收支,5.00,余额,交易成功\n2026-01-09 10:00:00,购物,店,东西,支出,0.00,余额,交易成功\n2026-01-10 10:00:00,购物,店,东西,支出,-15.00,余额,交易成功\ngarbage,购物,店,东西,支出,15.00,余额,交易成功\n2026-01-11 10:00:00,购物,店,东西,支出,abc,余额,交易成功\n2026-01-12 10:00:00,购物,店,东西,支出,15.00,余额,交易关闭\n2026-01-13 10:00:00,购物,店,东西,支出,15.00,余额,\n2026-01-14 10:00:00, 购物 , 店 , 东西 ,支出,15.00, 余额 , 交易成功 \n2026-01-15 10:00:00,购物,店,东西,支出,15.00\n2026-01-16 10:00:00\n,,,,,,,\n   ,  ,  ,  ,  ,  ,  ,  \n\n2026-01-17 10:00:00,"购物,杂项",店,"说,明",支出,"1,234.56",余额,交易成功\n2026-01-18 10:00:00,购物,"店\n二行",东西,支出,15.00,余额,交易成功\n2026-01-19 10:00:00,购物,"说""引号""",东西,收入,15.00,余额,交易成功\n2026-01-20 24:00:00,购物,店,东西,支出,15.00,余额,交易成功\n2026-13-40 10:00:00,购物,店,东西,支出,15.00,余额,交易成功\n2026-01-21 10:00:00,购物,店,东西,支出,15.00,余额,冻结\n2026-01-22 10:00:00,购物,店,东西,支出,15.00,余额,全额退款\n2026-01-23 10:00:00,购物,店,东西,Expense,15.00,余额,交易成功\n2026-01-24 10:00:00,购物,店,东西,收入支出,15.00,余额,交易成功\n2026-01-25 10:00:00,购物,店,东西,支出收入,15.00,余额,交易成功\n2026-01-26 10:00:00,购物,店,东西,"支出,收入",15.00,余额,交易成功\n2026-01-27 10:00:00,购物,店,东西,income expense,15.00,余额,交易成功\n2026-01-28 10:00:00,购物,店,东西,expense income,15.00,余额,交易成功\n2026-01-29 10:00:00,购物,店,东西,退款收入/支出,15.00,余额,交易成功\n
bills	收/支,金额,备注\n支出,5,x\n日期,类型,金额,收支\n2026-01-05 12:30:00,餐饮,肯德基,午餐,支出,35.50,余额,交易成功\r\n2026-01-06 09:00:00,工资,公司,一月工资,收入,9000.00,银行卡,交易成功\r\n2026-01-07 10:00:00,退款,商家,退货,收入,20.00,余额,退款成功\r\n2026-01-08 10:00:00,其他,x,y,不计收支,5.00,余额,交易成功\r\n2026-01-09 10:00:00,购物,店,东西,支出,0.00,余额,交易成功\r\n2026-01-10 10:00:00,购物,店,东西,支出,-15.00,余额,交易成功\r\ngarbage,购物,店,东西,支出,15.00,余额,交易成功\r\n2026-01-11 10:00:00,购物,店,东西,支出,abc,余额,交易成功\r\n2026-01-12 10:00:00,购物,店,东西,支出,15.00,余额,交易关闭\r\n2026-01-13 10:00:00,购物,店,东西,支出,15.00,余额,\r\n2026-01-14 10:00:00, 购物 , 店 , 东西 ,支出,15.00, 余额 , 交易成功 \r\n2026-01-15 10:00:00,购物,店,东西,支出,15.00\r\n2026-01-16 10:00:00\r\n,,,,,,,\r\n   ,  ,  ,  ,  ,  ,  ,  \r\n\r\n2026-01-17 10:00:00,"购物,杂项",店,"说,明",支出,"1,234.56",余额,交易成功\r\n2026-01-18 10:00:00,购物,"店\n二行",东西,支出,15.00,余额,交易成功\r\n2026-01-19 10:00:00,购物,"说""引号""",东西,收入,15.00,余额,交易成功\r\n2026-01-20 24:00:00,购物,店,东西,支出,15.00,余额,交易成功\r\n2026-13-40 10:00:00,购物,店,东西,支出,15.00,余额,交易成功\r\n2026-01-21 10:00:00,购物,店,东西,支出,15.00,余额,冻结\r\n2026-01-22 10:00:00,购物,店,东西,支出,15.00,余额,全额退款\r\n2026-01-23 10:00:00,购物,店,东西,Expense,15.00,余额,交易成功\r\n2026-01-24 10:00:00,购物,店,东西,收入支出,15.00,余额,交易成功\r\n2026-01-25 10:00:00,购物,店,东西,支出收入,15.00,余额,交易成功\r\n2026-01-26 10:00:00,购物,店,东西,"支出,收入",15.00,余额,交易成功\r\n2026-01-27 10:00:00,购物,店,东西,income expense,15.00,余额,交易成功\r\n2026-01-28 10:00:00,购物,店,东西,expense income,15.00,余额,交易成功\r\n2026-01-29 10:00:00,购物,店,东西,退款收入/支出,15.00,余额,交易成功
header	收/支,金额,备注\n支出,5,x\n日期,类型,金额,收支\n
bills	收/支,金额,备注\n支出,5,x\n类型,交易分类,时间,交易时间,金额,收/支\n2026-01-05 12:30:00,餐饮,肯德基,午餐,支出,35.50,余额,交易成功\n
bills	收/支,金额,备注\n支出,5,x\n类型,交易分类,时间,交易时间,金额,收/支\n2026-01-06 09:00:00,工资,公司,一月工资,收入,9000.00,银行卡,交易成功\n
bills	收/支,金额,备注\n支出,5,x\n类型,交易分类,时间,交易时间,金额,收/支\n2026-01-07 10:00:00,退款,商家,退货,收入,20.00,余额,退款成功\n
bills	收/支,金额,备注\n支出,5,x\n类型,交易分类,时间,交易时间,金额,收/支\n2026-01-08 10:00:00,其他,x,y,不计收支,5.00,余额,交易成功\n
bills	收/支,金额,备注\n支出,5,x\n类型,交易分类,时间,交易时间,金额,收/支\n2026-01-09 10:00:00,购物,店,东西,支出,0.00,余额,交易成功\n
bills	收/支,金额,备注\n支出,5,x\n类型,交易分类,时间,交易时间,金额,收/支\n2026-01-10 10:00:00,购物,店,东西,支出,-15.00,余额,交易成功\n
bills	收/支,金额,备注\n支出,5,x\n类型,交易分类,时间,交易时间,金额,收/支\ngarbage,购物,店,东西,支出,15.00,余额,交易成功\n
bills	收/支,金额,备注\n支出,5,x\n类型,交易分类,时间,交易时间,金额,收/支\n2026-01-11 10:00:00,购物,店,东西,支出,abc,余额,交易成功\n
bills	收/支,金额,备注\n支出,5,x\n类型,交易分类,时间,交易时间,金额,收/支\n2026-01-12 10:00:00,购物,店,东西,支出,15.00,余额,交易关闭\n
bills	收/支,金额,备注\n支出,5,x\n类型,交易分类,时间,交易时间,金额,收/支\n2026-01-13 10:00:00,购物,店,东西,支出,15.00,余额,\n
bills	收/支,金额,备注\n支出,5,x\n类型,交易分类,时间,交易时间,金额,收/支\n2026-01-14 10:00:00, 购物 , 店 , 东西 ,支出,15.00, 余额 , 交易成功 \n
bills	收/支,金额,备注\n支出,5,x\n类型,交易分类,时间,交易时间,金额,收/支\n2026-01-15 10:00:00,购物,店,东西,支出,15.00\n
bills	收/支,金额,备注\n支出,5,x\n类型,交易分类,时间,交易时间,金额,收/支\n2026-01-16 10:00:00\n
bills	收/支,金额,备注\n支出,5,x\n类型,交易分类,时间,交易时间,金额,收/支\n,,,,,,,\n
bills	收/支,金额,备注\n支出,5,x\n类型,交易分类,时间,交易时间,金额,收/支\n   ,  ,  ,  ,  ,  ,  ,  \n
bills	收/支,金额,备注\n支出,5,x\n类型,交易分类,时间,交易时间,金额,收/支\n\n
bills	收/支,金额,备注\n支出,5,x\n类型,交易分类,时间,交易时间,金额,收/支\n2026-01-17 10:00:00,"购物,杂项",店,"说,明",支出,"1,234.56",余额,交易成功\n
bills	收/支,金额,备注\n支出,5,x\n类型,交易分类,时间,交易时间,金额,收/支\n2026-01-18 10:00:00,购物,"店\n二行",东西,支出,15.00,余额,交易成功\n
bills	收/支,金额,备注\n支出,5,x\n类型,交易分类,时间,交易时间,金额,收/支\n2026-01-19 10:00:00,购物,"说""引号""",东西,收入,15.00,余额,交易成功\n
bills	收/支,金额,备注\n支出,5,x\n类型,交易分类,时间,交易时间,金额,收/支\n2026-01-20 24:00:00,购物,店,东西,支出,15.00,余额,交易成功\n
bills	收/支,金额,备注\n支出,5,x\n类型,交易分类,时间,交易时间,金额,收/支\n2026-13-40 10:00:00,购物,店,东西,支出,15.00,余额,交易成功\n
bills	收/支,金额,备注\n支出,5,x\n类型,交易分类,时间,交易时间,金额,收/支\n2026-01-21 10:00:00,购物,店,东西,支出,15.00,余额,冻结\n
bills	收/支,金额,备注\n支出,5,x\n类型,交易分类,时间,交易时间,金额,收/支\n2026-01-22 10:00:00,购物,店,东西,支出,15.00,余额,全额退款\n
bills	收/支,金额,备注\n支出,5,x\n类型,交易分类,时间,交易时间,金额,收/支\n2026-01-23 10:00:00,购物,店,东西,Expense,15.00,余额,交易成功\n
bills	收/支,金额,备注\n支出,5,x\n类型,交易分类,时间,交易时间,金额,收/支\n2026-01-24 10:00:00,购物,店,东西,收入支出,15.00,余额,交易成功\n
bills	收/支,金额,备注\n支出,5,x\n类型,交易分类,时间,交易时间,金额,收/支\n2026-01-25 10:00:00,购物,店,东西,支出收入,15.00,余额,交易成功\n
bills	收/支,金额,备注\n支出,5,x\n类型,交易分类,时间,交易时间,金额,收/支\n2026-01-26 10:00:00,购物,店,东西,"支出,收入",15.00,余额,交易成功\n
bills	收/支,金额,备注\n支出,5,x\n类型,交易分类,时间,交易时间,金额,收/支\n2026-01-27 10:00:00,购物,店,东西,income expense,15.00,余额,交易成功\n
bills	收/支,金额,备注\n支出,5,x\n类型,交易分类,时间,交易时间,金额,收/支\n2026-01-28 10:00:00,购物,店,东西,expense income,15.00,余额,交易成功\n
bills	收/支,金额,备注\n支出,5,x\n类型,交易分类,时间,交易时间,金额,收/支\n2026-01-29 10:00:00,购物,店,东西,退款收入/支出,15.00,余额,交易成功\n
bills	收/支,金额,备注\n支出,5,x\n类型,交易分类,时间,交易时间,金额,收/支\n2026-01-05 12:30:00,餐饮,肯德基,午餐,支出,35.50,余额,交易成功\n2026-01-06 09:00:00,工资,公司,一月工资,收入,9000.00,银行卡,交易成功\n2026-01-07 10:00:00,退款,商家,退货,收入,20.00,余额,退款成功\n2026-01-08 10:00:00,其他,x,y,不计收支,5.00,余额,交易成功\n2026-01-09 10:00:00,购物,店,东西,支出,0.00,余额,交易成功\n2026-01-10 10:00:00,购物,店,东西,支出,-15.00,余额,交易成功\ngarbage,购物,店,东西,支出,15.00,余额,交易成功\n2026-01-11 10:00:00,购物,店,东西,支出,abc,余额,交易成功\n2026-01-12 10:00:00,购物,店,东西,支出,15.00,余额,交易关闭\n2026-01-13 10:00:00,购物,店,东西,支出,15.00,余额,\n2026-01-14 10:00:00, 购物 , 店 , 东西 ,支出,15.00, 余额 , 交易成功 \n2026-01-15 10:00:00,购物,店,东西,支出,15.00\n2026-01-16 10:00:00\n,,,,,,,\n   ,  ,  ,  ,  ,  ,  ,  \n\n2026-01-17 10:00:00,"购物,杂项",店,"说,明",支出,"1,234.56",余额,交易成功\n2026-01-18 10:00:00,购物,"店\n二行",东西,支出,15.00,余额,交易成功\n2026-01-19 10:00:00,购物,"说""引号""",东西,收入,15.00,余额,交易成功\n2026-01-20 24:00:00,购物,店,东西,支出,15.00,余额,交易成功\n2026-13-40 10:00:00,购物,店,东西,支出,15.00,余额,交易成功\n2026-01-21 10:00:00,购物,店,东西,支出,15.00,余额,冻结\n2026-01-22 10:00:00,购物,店,东西,支出,15.00,余额,全额退款\n2026-01-23 10:00:00,购物,店,东西,Expense,15.00,余额,交易成功\n2026-01-24 10:00:00,购物,店,东西,收入支出,15.00,余额,交易成功\n2026-01-25 10:00:00,购物,店,东西,支出收入,15.00,余额,交易成功\n2026-01-26 10:00:00,购物,店,东西,"支出,收入",15.00,余额,交易成功\n2026-01-27 10:00:00,购物,店,东西,income expense,15.00,余额,交易成功\n2026-01-28 10:00:00,购物,店,东西,expense income,15.00,余额,交易成功\n2026-01-29 10:00:00,购物,店,东西,退款收入/支出,15.00,余额,交易成功\n
bills	收/支,金额,备注\n支出,5,x\n类型,交易分类,时间,交易时间,金额,收/支\n2026-01-05 12:30:00,餐饮,肯德基,午餐,支出,35.50,余额,交易成功\r\n2026-01-06 09:00:00,工资,公司,一月工资,收入,9000.00,银行卡,交易成功\r\n2026-01-07 10:00:00,退款,商家,退货,收入,20.00,余额,退款成功\r\n2026-01-08 10:00:00,其他,x,y,不计收支,5.00,余额,交易成功\r\n2026-01-09 10:00:00,购物,店,东西,支出,0.00,余额,交易成功\r\n2026-01-10 10:00:00,购物,店,东西,支出,-15.00,余额,交易成功\r\ngarbage,购物,店,东西,支出,15.00,余额,交易成功\r\n2026-01-11 10:00:00,购物,店,东西,支出,abc,余额,交易成功\r\n2026-01-12 10:00:00,购物,店,东西,支出,15.00,余额,交易关闭\r\n2026-01-13 10:00:00,购物,店,东西,支出,15.00,余额,\r\n2026-01-14 10:00:00, 购物 , 店 , 东西 ,支出,15.00, 余额 , 交易成功 \r\n2026-01-15 10:00:00,购物,店,东西,支出,15.00\r\n2026-01-16 10:00:00\r\n,,,,,,,\r\n   ,  ,  ,  ,  ,  ,  ,  \r\n\r\n2026-01-17 10:00:00,"购物,杂项",店,"说,明",支出,"1,234.56",余额,交易成功\r\n2026-01-18 10:00:00,购物,"店\n二行",东西,支出,15.00,余额,交易成功\r\n2026-01-19 10:00:00,购物,"说""引号""",东西,收入,15.00,余额,交易成功\r\n2026-01-20 24:00:00,购物,店,东西,支出,15.00,余额,交易成功\r\n2026-13-40 10:00:00,购物,店,东西,支出,15.00,余额,交易成功\r\n2026-01-21 10:00:00,购物,店,东西,支出,15.00,余额,冻结\r\n2026-01-22 10:00:00,购物,店,东西,支出,15.00,余额,全额退款\r\n2026-01-23 10:00:00,购物,店,东西,Expense,15.00,余额,交易成功\r\n2026-01-24 10:00:00,购物,店,东西,收入支出,15.00,余额,交易成功\r\n2026-01-25 10:00:00,购物,店,东西,支出收入,15.00,余额,交易成功\r\n2026-01-26 10:00:00,购物,店,东西,"支出,收入",15.00,余额,交易成功\r\n2026-01-27 10:00:00,购物,店,东西,income expense,15.00,余额,交易成功\r\n2026-01-28 10:00:00,购物,店,东西,expense income,15.00,余额,交易成功\r\n2026-01-29 10:00:00,购物,店,东西,退款收入/支出,15.00,余额,交易成功
header	收/支,金额,备注\n支出,5,x\n类型,交易分类,时间,交易时间,金额,收/支\n
bills	收/支,金额,备注\n支出,5,x\n交易时间,金额\n2026-01-05 12:30:00,餐饮,肯德基,午餐,支出,35.50,余额,交易成功\n
bills	收/支,金额,备注\n支出,5,x\n交易时间,金额\n2026-01-06 09:00:00,工资,公司,一月工资,收入,9000.00,银行卡,交易成功\n
bills	收/支,金额,备注\n支出,5,x\n交易时间,金额\n2026-01-07 10:00:00,退款,商家,退货,收入,20.00,余额,退款成功\n
bills	收/支,金额,备注\n支出,5,x\n交易时间,金额\n2026-01-08 10:00:00,其他,x,y,不计收支,5.00,余额,交易成功\n
bills	收/支,金额,备注\n支出,5,x\n交易时间,金额\n2026-01-09 10:00:00,购物,店,东西,支出,0.00,余额,交易成功\n
bills	收/支,金额,备注\n支出,5,x\n交易时间,金额\n2026-01-10 10:00:00,购物,店,东西,支出,-15.00,余额,交易成功\n
bills	收/支,金额,备注\n支出,5,x\n交易时间,金额\ngarbage,购物,店,东西,支出,15.00,余额,交易成功\n
bills	收/支,金额,备注\n支出,5,x\n交易时间,金额\n2026-01-11 10:00:00,购物,店,东西,支出,abc,余额,交易成功\n
bills	收/支,金额,备注\n支出,5,x\n交易时间,金额\n2026-01-12 10:00:00,购物,店,东西,支出,15.00,余额,交易关闭\n
bills	收/支,金额,备注\n支出,5,x\n交易时间,金额\n2026-01-13 10:00:00,购物,店,东西,支出,15.00,余额,\n
bills	收/支,金额,备注\n支出,5,x\n交易时间,金额\n2026-01-14 10:00:00, 购物 , 店 , 东西 ,支出,15.00, 余额 , 交易成功 \n
bills	收/支,金额,备注\n支出,5,x\n交易时间,金额\n2026-01-15 10:00:00,购物,店,东西,支出,15.00\n
bills	收/支,金额,备注\n支出,5,x\n交易时间,金额\n2026-01-16 10:00:00\n
bills	收/支,金额,备注\n支出,5,x\n交易时间,金额\n,,,,,,,\n
bills	收/支,金额,备注\n支出,5,x\n交易时间,金额\n   ,  ,  ,  ,  ,  ,  ,  \n
bills	收/支,金额,备注\n支出,5,x\n交易时间,金额\n\n
bills	收/支,金额,备注\n支出,5,x\n交易时间,金额\n2026-01-17 10:00:00,"购物,杂项",店,"说,明",支出,"1,234.56",余额,交易成功\n
bills	收/支,金额,备注\n支出,5,x\n交易时间,金额\n2026-01-18 10:00:00,购物,"店\n二行",东西,支出,15.00,余额,交易成功\n
bills	收/支,金额,备注\n支出,5,x\n交易时间,金额\n2026-01-19 10:00:00,购物,"说""引号""",东西,收入,15.00,余额,交易成功\n
bills	收/支,金额,备注\n支出,5,x\n交易时间,金额\n2026-01-20 24:00:00,购物,店,东西,支出,15.00,余额,交易成功\n
bills	收/支,金额,备注\n支出,5,x\n交易时间,金额\n2026-13-40 10:00:00,购物,店,东西,支出,15.00,余额,交易成功\n
bills	收/支,金额,备注\n支出,5,x\n交易时间,金额\n2026-01-21 10:00:00,购物,店,东西,支出,15.00,余额,冻结\n
bills	收/支,金额,备注\n支出,5,x\n交易时间,金额\n2026-01-22 10:00:00,购物,店,东西,支出,15.00,余额,全额退款\n
bills	收/支,金额,备注\n支出,5,x\n交易时间,金额\n2026-01-23 10:00:00,购物,店,东西,Expense,15.00,余额,交易成功\n
bills	收/支,金额,备注\n支出,5,x\n交易时间,金额\n2026-01-24 10:00:00,购物,店,东西,收入支出,15.00,余额,交易成功\n
bills	收/支,金额,备注\n支出,5,x\n交易时间,金额\n2026-01-25 10:00:00,购物,店,东西,支出收入,15.00,余额,交易成功\n
bills	收/支,金额,备注\n支出,5,x\n交易时间,金额\n2026-01-26 10:00:00,购物,店,东西,"支出,收入",15.00,余额,交易成功\n
bills	收/支,金额,备注\n支出,5,x\n交易时间,金额\n2026-01-27 10:00:00,购物,店,东西,income expense,15.00,余额,交易成功\n
bills	收/支,金额,备注\n支出,5,x\n交易时间,金额\n2026-01-28 10:00:00,购物,店,东西,expense income,15.00,余额,交易成功\n
bills	收/支,金额,备注\n支出,5,x\n交易时间,金额\n2026-01-29 10:00:00,购物,店,东西,退款收入/支出,15.00,余额,交易成功\n
bills	收/支,金额,备注\n支出,5,x\n交易时间,金额\n2026-01-05 12:30:00,餐饮,肯德基,午餐,支出,35.50,余额,交易成功\n2026-01-06 09:00:00,工资,公司,一月工资,收入,9000.00,银行卡,交易成功\n2026-01-07 10:00:00,退款,商家,退货,收入,20.00,余额,退款成功\n2026-01-08 10:00:00,其他,x,y,不计收支,5.00,余额,交易成功\n2026-01-09 10:00:00,购物,店,东西,支出,0.00,余额,交易成功\n2026-01-10 10:00:00,购物,店,东西,支出,-15.00,余额,交易成功\ngarbage,购物,店,东西,支出,15.00,余额,交易成功\n2026-01-11 10:00:00,购物,店,东西,支出,abc,余额,交易成功\n2026-01-12 10:00:00,购物,店,东西,支出,15.00,余额,交易关闭\n2026-01-13 10:00:00,购物,店,东西,支出,15.00,余额,\n2026-01-14 10:00:00, 购物 , 店 , 东西 ,支出,15.00, 余额 , 交易成功 \n2026-01-15 10:00:00,购物,店,东西,支出,15.00\n2026-01-16 10:00:00\n,,,,,,,\n   ,  ,  ,  ,  ,  ,  ,  \n\n2026-01-17 10:00:00,"购物,杂项",店,"说,明",支出,"1,234.56",余额,交易成功\n2026-01-18 10:00:00,购物,"店\n二行",东西,支出,15.00,余额,交易成功\n2026-01-19 10:00:00,购物,"说""引号""",东西,收入,15.00,余额,交易成功\n2026-01-20 24:00:00,购物,店,东西,支出,15.00,余额,交易成功\n2026-13-40 10:00:00,购物,店,东西,支出,15.00,余额,交易成功\n2026-01-21 10:00:00,购物,店,东西,支出,15.00,余额,冻结\n2026-01-22 10:00:00,购物,店,东西,支出,15.00,余额,全额退款\n2026-01-23 10:00:00,购物,店,东西,Expense,15.00,余额,交易成功\n2026-01-24 10:00:00,购物,店,东西,收入支出,15.00,余额,交易成功\n2026-01-25 10:00:00,购物,店,东西,支出收入,15.00,余额,交易成功\n2026-01-26 10:00:00,购物,店,东西,"支出,收入",15.00,余额,交易成功\n2026-01-27 10:00:00,购物,店,东西,income expense,15.00,余额,交易成功\n2026-01-28 10:00:00,购物,店,东西,expense income,15.00,余额,交易成功\n2026-01-29 10:00:00,购物,店,东西,退款收入/支出,15.00,余额,交易成功\n
bills	收/支,金额,备注\n支出,5,x\n交易时间,金额\n2026-01-05 12:30:00,餐饮,肯德基,午餐,支出,35.50,余额,交易成功\r\n2026-01-06 09:00:00,工资,公司,一月工资,收入,9000.00,银行卡,交易成功\r\n2026-01-07 10:00:00,退款,商家,退货,收入,20.00,余额,退款成功\r\n2026-01-08 10:00:00,其他,x,y,不计收支,5.00,余额,交易成功\r\n2026-01-09 10:00:00,购物,店,东西,支出,0.00,余额,交易成功\r\n2026-01-10 10:00:00,购物,店,东西,支出,-15.00,余额,交易成功\r\ngarbage,购物,店,东西,支出,15.00,余额,交易成功\r\n2026-01-11 10:00:00,购物,店,东西,支出,abc,余额,交易成功\r\n2026-01-12 10:00:00,购物,店,东西,支出,15.00,余额,交易关闭\r\n2026-01-13 10:00:00,购物,店,东西,支出,15.00,余额,\r\n2026-01-14 10:00:00, 购物 , 店 , 东西 ,支出,15.00, 余额 , 交易成功 \r\n2026-01-15 10:00:00,购物,店,东西,支出,15.00\r\n2026-01-16 10:00:00\r\n,,,,,,,\r\n   ,  ,  ,  ,  ,  ,  ,  \r\n\r\n2026-01-17 10:00:00,"购物,杂项",店,"说,明",支出,"1,234.56",余额,交易成功\r\n2026-01-18 10:00:00,购物,"店\n二行",东西,支出,15.00,余额,交易成功\r\n2026-01-19 10:00:00,购物,"说""引号""",东西,收入,15.00,余额,交易成功\r\n2026-01-20 24:00:00,购物,店,东西,支出,15.00,余额,交易成功\r\n2026-13-40 10:00:00,购物,店,东西,支出,15.00,余额,交易成功\r\n2026-01-21 10:00:00,购物,店,东西,支出,15.00,余额,冻结\r\n2026-01-22 10:00:00,购物,店,东西,支出,15.00,余额,全额退款\r\n2026-01-23 10:00:00,购物,店,东西,Expense,15.00,余额,交易成功\r\n2026-01-24 10:00:00,购物,店,东西,收入支出,15.00,余额,交易成功\r\n2026-01-25 10:00:00,购物,店,东西,支出收入,15.00,余额,交易成功\r\n2026-01-26 10:00:00,购物,店,东西,"支出,收入",15.00,余额,交易成功\r\n2026-01-27 10:00:00,购物,店,东西,income expense,15.00,余额,交易成功\r\n2026-01-28 10:00:00,购物,店,东西,expense income,15.00,余额,交易成功\r\n2026-01-29 10:00:00,购物,店,东西,退款收入/支出,15.00,余额,交易成功
header	收/支,金额,备注\n支出,5,x\n交易时间,金额\n
bills	支付宝交易记录明细查询\n账号,x@y.com\n起始时间,2026-01-01\n----------\n交易时间,交易分类,交易对方,商品说明,收/支,金额,收/付款方式,交易状态\n2026-01-05 12:30:00,餐饮,肯德基,午餐,支出,35.50,余额,交易成功\n
bills	支付宝交易记录明细查询\n账号,x@y.com\n起始时间,2026-01-01\n----------\n交易时间,交易分类,交易对方,商品说明,收/支,金额,收/付款方式,交易状态\n2026-01-06 09:00:00,工资,公司,一月工资,收入,9000.00,银行卡,交易成功\n
bills	支付宝交易记录明细查询\n账号,x@y.com\n起始时间,2026-01-01\n----------\n交易时间,交易分类,交易对方,商品说明,收/支,金额,收/付款方式,交易状态\n2026-01-07 10:00:00,退款,商家,退货,收入,20.00,余额,退款成功\n
bills	支付宝交易记录明细查询\n账号,x@y.com\n起始时间,2026-01-01\n----------\n交易时间,交易分类,交易对方,商品说明,收/支,金额,收/付款方式,交易状态\n2026-01-08 10:00:00,其他,x,y,不计收支,5.00,余额,交易成功\n
bills	支付宝交易记录明细查询\n账号,x@y.com\n起始时间,2026-01-01\n----------\n交易时间,交易分类,交易对方,商品说明,收/支,金额,收/付款方式,交易状态\n2026-01-09 10:00:00,购物,店,东西,支出,0.00,余额,交易成功\n
bills	支付宝交易记录明细查询\n账号,x@y.com\n起始时间,2026-01-01\n----------\n交易时间,交易分类,交易对方,商品说明,收/支,金额,收/付款方式,交易状态\n2026-01-10 10:00:00,购物,店,东西,支出,-15.00,余额,交易成功\n
bills	支付宝交易记录明细查询\n账号,x@y.com\n起始时间,2026-01-01\n----------\n交易时间,交易分类,交易对方,商品说明,收/支,金额,收/付款方式,交易状态\ngarbage,购物,店,东西,支出,15.00,余额,交易成功\n
bills	支付宝交易记录明细查询\n账号,x@y.com\n起始时间,2026-01-01\n----------\n交易时间,交易分类,交易对方,商品说明,收/支,金额,收/付款方式,交易状态\n2026-01-11 10:00:00,购物,店,东西,支出,abc,余额,交易成功\n
bills	支付宝交易记录明细查询\n账号,x@y.com\n起始时间,2026-01-01\n----------\n交易时间,交易分类,交易对方,商品说明,收/支,金额,收/付款方式,交易状态\n2026-01-12 10:00:00,购物,店,东西,支出,15.00,余额,交易关闭\n
bills	支付宝交易记录明细查询\n账号,x@y.com\n起始时间,2026-01-01\n----------\n交易时间,交易分类,交易对方,商品说明,收/支,金额,收/付款方式,交易状态\n2026-01-13 10:00:00,购物,店,东西,支出,15.00,余额,\n
bills	支付宝交易记录明细查询\n账号,x@y.com\n起始时间,2026-01-01\n----------\n交易时间,交易分类,交易对方,商品说明,收/支,金额,收/付款方式,交易状态\n2026-01-14 10:00:00, 购物 , 店 , 东西 ,支出,15.00, 余额 , 交易成功 \n
bills	支付宝交易记录明细查询\n账号,x@y.com\n起始时间,2026-01-01\n----------\n交易时间,交易分类,交易对方,商品说明,收/支,金额,收/付款方式,交易状态\n2026-01-15 10:00:00,购物,店,东西,支出,15.00\n
bills	支付宝交易记录明细查询\n账号,x@y.com\n起始时间,2026-01-01\n----------\n交易时间,交易分类,交易对方,商品说明,收/支,金额,收/付款方式,交易状态\n2026-01-16 10:00:00\n
bills	支付宝交易记录明细查询\n账号,x@y.com\n起始时间,2026-01-01\n----------\n交易时间,交易分类,交易对方,商品说明,收/支,金额,收/付款方式,交易状态\n,,,,,,,\n
bills	支付宝交易记录明细查询\n账号,x@y.com\n起始时间,2026-01-01\n----------\n交易时间,交易分类,交易对方,商品说明,收/支,金额,收/付款方式,交易状态\n   ,  ,  ,  ,  ,  ,  ,  \n
bills	支付宝交易记录明细查询\n账号,x@y.com\n起始时间,2026-01-01\n----------\n交易时间,交易分类,交易对方,商品说明,收/支,金额,收/付款方式,交易状态\n\n
bills	支付宝交易记录明细查询\n账号,x@y.com\n起始时间,2026-01-01\n----------\n交易时间,交易分类,交易对方,商品说明,收/支,金额,收/付款方式,交易状态\n2026-01-17 10:00:00,"购物,杂项",店,"说,明",支出,"1,234.56",余额,交易成功\n
bills	支付宝交易记录明细查询\n账号,x@y.com\n起始时间,2026-01-01\n----------\n交易时间,交易分类,交易对方,商品说明,收/支,金额,收/付款方式,交易状态\n2026-01-18 10:00:00,购物,"店\n二行",东西,支出,15.00,余额,交易成功\n
bills	支付宝交易记录明细查询\n账号,x@y.com\n起始时间,2026-01-01\n----------\n交易时间,交易分类,交易对方,商品说明,收/支,金额,收/付款方式,交易状态\n2026-01-19 10:00:00,购物,"说""引号""",东西,收入,15.00,余额,交易成功\n
bills	支付宝交易记录明细查询\n账号,x@y.com\n起始时间,2026-01-01\n----------\n交易时间,交易分类,交易对方,商品说明,收/支,金额,收/付款方式,交易状态\n2026-01-20 24:00:00,购物,店,东西,支出,15.00,余额,交易成功\n
bills	支付宝交易记录明细查询\n账号,x@y.com\n起始时间,2026-01-01\n----------\n交易时间,交易分类,交易对方,商品说明,收/支,金额,收/付款方式,交易状态\n2026-13-40 10:00:00,购物,店,东西,支出,15.00,余额,交易成功\n
bills	支付宝交易记录明细查询\n账号,x@y.com\n起始时间,2026-01-01\n----------\n交易时间,交易分类,交易对方,商品说明,收/支,金额,收/付款方式,交易状态\n2026-01-21 10:00:00,购物,店,东西,支出,15.00,余额,冻结\n
bills	支付宝交易记录明细查询\n账号,x@y.com\n起始时间,2026-01-01\n----------\n交易时间,交易分类,交易对方,商品说明,收/支,金额,收/付款方式,交易状态\n2026-01-22 10:00:00,购物,店,东西,支出,15.00,余额,全额退款\n
bills	支付宝交易记录明细查询\n账号,x@y.com\n起始时间,2026-01-01\n----------\n交易时间,交易分类,交易对方,商品说明,收/支,金额,收/付款方式,交易状态\n2026-01-23 10:00:00,购物,店,东西,Expense,15.00,余额,交易成功\n
bills	支付宝交易记录明细查询\n账号,x@y.com\n起始时间,2026-01-01\n----------\n交易时间,交易分类,交易对方,商品说明,收/支,金额,收/付款方式,交易状态\n2026-01-24 10:00:00,购物,店,东西,收入支出,15.00,余额,交易成功\n
bills	支付宝交易记录明细查询\n账号,x@y.com\n起始时间,2026-01-01\n----------\n交易时间,交易分类,交易对方,商品说明,收/支,金额,收/付款方式,交易状态\n2026-01-25 10:00:00,购物,店,东西,支出收入,15.00,余额,交易成功\n
bills	支付宝交易记录明细查询\n账号,x@y.com\n起始时间,2026-01-01\n----------\n交易时间,交易分类,交易对方,商品说明,收/支,金额,收/付款方式,交易状态\n2026-01-26 10:00:00,购物,店,东西,"支出,收入",15.00,余额,交易成功\n
bills	支付宝交易记录明细查询\n账号,x@y.com\n起始时间,2026-01-01\n----------\n交易时间,交易分类,交易对方,商品说明,收/支,金额,收/付款方式,交易状态\n2026-01-27 10:00:00,购物,店,东西,income expense,15.00,余额,交易成功\n
bills	支付宝交易记录明细查询\n账号,x@y.com\n起始时间,2026-01-01\n----------\n交易时间,交易分类,交易对方,商品说明,收/支,金额,收/付款方式,交易状态\n2026-01-28 10:00:00,购物,店,东西,expense income,15.00,余额,交易成功\n
bills	支付宝交易记录明细查询\n账号,x@y.com\n起始时间,2026-01-01\n----------\n交易时间,交易分类,交易对方,商品说明,收/支,金额,收/付款方式,交易状态\n2026-01-29 10:00:00,购物,店,东西,退款收入/支出,15.00,余额,交易成功\n
bills	支付宝交易记录明细查询\n账号,x@y.com\n起始时间,2026-01-01\n----------\n交易时间,交易分类,交易对方,商品说明,收/支,金额,收/付款方式,交易状态\n2026-01-05 12:30:00,餐饮,肯德基,午餐,支出,35.50,余额,交易成功\n2026-01-06 09:00:00,工资,公司,一月工资,收入,9000.00,银行卡,交易成功\n2026-01-07 10:00:00,退款,商家,退货,收入,20.00,余额,退款成功\n2026-01-08 10:00:00,其他,x,y,不计收支,5.00,余额,交易成功\n2026-01-09 10:00:00,购物,店,东西,支出,0.00,余额,交易成功\n2026-01-10 10:00:00,购物,店,东西,支出,-15.00,余额,交易成功\ngarbage,购物,店,东西,支出,15.00,余额,交易成功\n2026-01-11 10:00:00,购物,店,东西,支出,abc,余额,交易成功\n2026-01-12 10:00:00,购物,店,东西,支出,15.00,余额,交易关闭\n2026-01-13 10:00:00,购物,店,东西,支出,15.00,余额,\n2026-01-14 10:00:00, 购物 , 店 , 东西 ,支出,15.00, 余额 , 交易成功 \n2026-01-15 10:00:00,购物,店,东西,支出,15.00\n2026-01-16 10:00:00\n,,,,,,,\n   ,  ,  ,  ,  ,  ,  ,  \n\n2026-01-17 10:00:00,"购物,杂项",店,"说,明",支出,"1,234.56",余额,交易成功\n2026-01-18 10:00:00,购物,"店\n二行",东西,支出,15.00,余额,交易成功\n2026-01-19 10:00:00,购物,"说""引号""",东西,收入,15.00,余额,交易成功\n2026-01-20 24:00:00,购物,店,东西,支出,15.00,余额,交易成功\n2026-13-40 10:00:00,购物,店,东西,支出,15.00,余额,交易成功\n2026-01-21 10:00:00,购物,店,东西,支出,15.00,余额,冻结\n2026-01-22 10:00:00,购物,店,东西,支出,15.00,余额,全额退款\n2026-01-23 10:00:00,购物,店,东西,Expense,15.00,余额,交易成功\n2026-01-24 10:00:00,购物,店,东西,收入支出,15.00,余额,交易成功\n2026-01-25 10:00:00,购物,店,东西,支出收入,15.00,余额,交易成功\n2026-01-26 10:00:00,购物,店,东西,"支出,收入",15.00,余额,交易成功\n2026-01-27 10:00:00,购物,店,东西,income expense,15.00,余额,交易成功\n2026-01-28 10:00:00,购物,店,东西,expense income,15.00,余额,交易成功\n2026-01-29 10:00:00,购物,店,东西,退款收入/支出,15.00,余额,交易成功\n
bills	支付宝交易记录明细查询\n账号,x@y.com\n起始时间,2026-01-01\n----------\n交易时间,交易分类,交易对方,商品说明,收/支,金额,收/付款方式,交易状态\n2026-01-05 12:30:00,餐饮,肯德基,午餐,支出,35.50,余额,交易成功\r\n2026-01-06 09:00:00,工资,公司,一月工资,收入,9000.00,银行卡,交易成功\r\n2026-01-07 10:00:00,退款,商家,退货,收入,20.00,余额,退款成功\r\n2026-01-08 10:00:00,其他,x,y,不计收支,5.00,余额,交易成功\r\n2026-01-09 10:00:00,购物,店,东西,支出,0.00,余额,交易成功\r\n2026-01-10 10:00:00,购物,店,东西,支出,-15.00,余额,交易成功\r\ngarbage,购物,店,东西,支出,15.00,余额,交易成功\r\n2026-01-11 10:00:00,购物,店,东西,支出,abc,余额,交易成功\r\n2026-01-12 10:00:00,购物,店,东西,支出,15.00,余额,交易关闭\r\n2026-01-13 10:00:00,购物,店,东西,支出,15.00,余额,\r\n2026-01-14 10:00:00, 购物 , 店 , 东西 ,支出,15.00, 余额 , 交易成功 \r\n2026-01-15 10:00:00,购物,店,东西,支出,15.00\r\n2026-01-16 10:00:00\r\n,,,,,,,\r\n   ,  ,  ,  ,  ,  ,  ,  \r\n\r\n2026-01-17 10:00:00,"购物,杂项",店,"说,明",支出,"1,234.56",余额,交易成功\r\n2026-01-18 10:00:00,购物,"店\n二行",东西,支出,15.00,余额,交易成功\r\n2026-01-19 10:00:00,购物,"说""引号""",东西,收入,15.00,余额,交易成功\r\n2026-01-20 24:00:00,购物,店,东西,支出,15.00,余额,交易成功\r\n2026-13-40 10:00:00,购物,店,东西,支出,15.00,余额,交易成功\r\n2026-01-21 10:00:00,购物,店,东西,支出,15.00,余额,冻结\r\n2026-01-22 10:00:00,购物,店,东西,支出,15.00,余额,全额退款\r\n2026-01-23 10:00:00,购物,店,东西,Expense,15.00,余额,交易成功\r\n2026-01-24 10:00:00,购物,店,东西,收入支出,15.00,余额,交易成功\r\n2026-01-25 10:00:00,购物,店,东西,支出收入,15.00,余额,交易成功\r\n2026-01-26 10:00:00,购物,店,东西,"支出,收入",15.00,余额,交易成功\r\n2026-01-27 10:00:00,购物,店,东西,income expense,15.00,余额,交易成功\r\n2026-01-28 10:00:00,购物,店,东西,expense income,15.00,余额,交易成功\r\n2026-01-29 10:00:00,购物,店,东西,退款收入/支出,15.00,余额,交易成功
header	支付宝交易记录明细查询\n账号,x@y.com\n起始时间,2026-01-01\n----------\n交易时间,交易分类,交易对方,商品说明,收/支,金额,收/付款方式,交易状态\n
bills	支付宝交易记录明细查询\n账号,x@y.com\n起始时间,2026-01-01\n----------\n交易时间,交易类型,交易对方,商品,收/支,金额(元),支付方式,当前状态\n2026-01-05 12:30:00,餐饮,肯德基,午餐,支出,35.50,余额,交易成功\n
bills	支付宝交易记录明细查询\n账号,x@y.com\n起始时间,2026-01-01\n----------\n交易时间,交易类型,交易对方,商品,收/支,金额(元),支付方式,当前状态\n2026-01-06 09:00:00,工资,公司,一月工资,收入,9000.00,银行卡,交易成功\n
bills	支付宝交易记录明细查询\n账号,x@y.com\n起始时间,2026-01-01\n----------\n交易时间,交易类型,交易对方,商品,收/支,金额(元),支付方式,当前状态\n2026-01-07 10:00:00,退款,商家,退货,收入,20.00,余额,退款成功\n
bills	支付宝交易记录明细查询\n账号,x@y.com\n起始时间,2026-01-01\n----------\n交易时间,交易类型,交易对方,商品,收/支,金额(元),支付方式,当前状态\n2026-01-08 10:00:00,其他,x,y,不计收支,5.00,余额,交易成功\n
bills	支付宝交易记录明细查询\n账号,x@y.com\n起始时间,2026-01-01\n----------\n交易时间,交易类型,交易对方,商品,收/支,金额(元),支付方式,当前状态\n2026-01-09 10:00:00,购物,店,东西,支出,0.00,余额,交易成功\n
bills	支付宝交易记录明细查询\n账号,x@y.com\n起始时间,2026-01-01\n----------\n交易时间,交易类型,交易对方,商品,收/支,金额(元),支付方式,当前状态\n2026-01-10 10:00:00,购物,店,东西,支出,-15.00,余额,交易成功\n
bills	支付宝交易记录明细查询\n账号,x@y.com\n起始时间,2026-01-01\n----------\n交易时间,交易类型,交易对方,商品,收/支,金额(元),支付方式,当前状态\ngarbage,购物,店,东西,支出,15.00,余额,交易成功\n
bills	支付宝交易记录明细查询\n账号,x@y.com\n起始时间,2026-01-01\n----------\n交易时间,交易类型,交易对方,商品,收/支,金额(元),支付方式,当前状态\n2026-01-11 10:00:00,购物,店,东西,支出,abc,余额,交易成功\n
bills	支付宝交易记录明细查询\n账号,x@y.com\n起始时间,2026-01-01\n----------\n交易时间,交易类型,交易对方,商品,收/支,金额(元),支付方式,当前状态\n2026-01-12 10:00:00,购物,店,东西,支出,15.00,余额,交易关闭\n
bills	支付宝交易记录明细查询\n账号,x@y.com\n起始时间,2026-01-01\n----------\n交易时间,交易类型,交易对方,商品,收/支,金额(元),支付方式,当前状态\n2026-01-13 10:00:00,购物,店,东西,支出,15.00,余额,\n
bills	支付宝交易记录明细查询\n账号,x@y.com\n起始时间,2026-01-01\n----------\n交易时间,交易类型,交易对方,商品,收/支,金额(元),支付方式,当前状态\n2026-01-14 10:00:00, 购物 , 店 , 东西 ,支出,15.00, 余额 , 交易成功 \n
bills	支付宝交易记录明细查询\n账号,x@y.com\n起始时间,2026-01-01\n----------\n交易时间,交易类型,交易对方,商品,收/支,金额(元),支付方式,当前状态\n2026-01-15 10:00:00,购物,店,东西,支出,15.00\n
bills	支付宝交易记录明细查询\n账号,x@y.com\n起始时间,2026-01-01\n----------\n交易时间,交易类型,交易对方,商品,收/支,金额(元),支付方式,当前状态\n2026-01-16 10:00:00\n
bills	支付宝交易记录明细查询\n账号,x@y.com\n起始时间,2026-01-01\n----------\n交易时间,交易类型,交易对方,商品,收/支,金额(元),支付方式,当前状态\n,,,,,,,\n
bills	支付宝交易记录明细查询\n账号,x@y.com\n起始时间,2026-01-01\n----------\n交易时间,交易类型,交易对方,商品,收/支,金额(元),支付方式,当前状态\n   ,  ,  ,  ,  ,  ,  ,  \n
bills	支付宝交易记录明细查询\n账号,x@y.com\n起始时间,2026-01-01\n----------\n交易时间,交易类型,交易对方,商品,收/支,金额(元),支付方式,当前状态\n\n
bills	支付宝交易记录明细查询\n账号,x@y.com\n起始时间,2026-01-01\n----------\n交易时间,交易类型,交易对方,商品,收/支,金额(元),支付方式,当前状态\n2026-01-17 10:00:00,"购物,杂项",店,"说,明",支出,"1,234.56",余额,交易成功\n
bills	支付宝交易记录明细查询\n账号,x@y.com\n起始时间,2026-01-01\n----------\n交易时间,交易类型,交易对方,商品,收/支,金额(元),支付方式,当前状态\n2026-01-18 10:00:00,购物,"店\n二行",东西,支出,15.00,余额,交易成功\n
bills	支付宝交易记录明细查询\n账号,x@y.com\n起始时间,2026-01-01\n----------\n交易时间,交易类型,交易对方,商品,收/支,金额(元),支付方式,当前状态\n2026-01-19 10:00:00,购物,"说""引号""",东西,收入,15.00,余额,交易成功\n
bills	支付宝交易记录明细查询\n账号,x@y.com\n起始时间,2026-01-01\n----------\n交易时间,交易类型,交易对方,商品,收/支,金额(元),支付方式,当前状态\n2026-01-20 24:00:00,购物,店,东西,支出,15.00,余额,交易成功\n
bills	支付宝交易记录明细查询\n账号,x@y.com\n起始时间,2026-01-01\n----------\n交易时间,交易类型,交易对方,商品,收/支,金额(元),支付方式,当前状态\n2026-13-40 10:00:00,购物,店,东西,支出,15.00,余额,交易成功\n
bills	支付宝交易记录明细查询\n账号,x@y.com\n起始时间,2026-01-01\n----------\n交易时间,交易类型,交易对方,商品,收/支,金额(元),支付方式,当前状态\n2026-01-21 10:00:00,购物,店,东西,支出,15.00,余额,冻结\n
bills	支付宝交易记录明细查询\n账号,x@y.com\n起始时间,2026-01-01\n----------\n交易时间,交易类型,交易对方,商品,收/支,金额(元),支付方式,当前状态\n2026-01-22 10:00:00,购物,店,东西,支出,15.00,余额,全额退款\n
bills	支付宝交易记录明细查询\n账号,x@y.com\n起始时间,2026-01-01\n----------\n交易时间,交易类型,交易对方,商品,收/支,金额(元),支付方式,当前状态\n2026-01-23 10:00:00,购物,店,东西,Expense,15.00,余额,交易成功\n
bills	支付宝交易记录明细查询\n账号,x@y.com\n起始时间,2026-01-01\n----------\n交易时间,交易类型,交易对方,商品,收/支,金额(元),支付方式,当前状态\n2026-01-24 10:00:00,购物,店,东西,收入支出,15.00,余额,交易成功\n
bills	支付宝交易记录明细查询\n账号,x@y.com\n起始时间,2026-01-01\n----------\n交易时间,交易类型,交易对方,商品,收/支,金额(元),支付方式,当前状态\n2026-01-25 10:00:00,购物,店,东西,支出收入,15.00,余额,交易成功\n
bills	支付宝交易记录明细查询\n账号,x@y.com\n起始时间,2026-01-01\n----------\n交易时间,交易类型,交易对方,商品,收/支,金额(元),支付方式,当前状态\n2026-01-26 10:00:00,购物,店,东西,"支出,收入",15.00,余额,交易成功\n
bills	支付宝交易记录明细查询\n账号,x@y.com\n起始时间,2026-01-01\n----------\n交易时间,交易类型,交易对方,商品,收/支,金额(元),支付方式,当前状态\n2026-01-27 10:00:00,购物,店,东西,income expense,15.00,余额,交易成功\n
bills	支付宝交易记录明细查询\n账号,x@y.com\n起始时间,2026-01-01\n----------\n交易时间,交易类型,交易对方,商品,收/支,金额(元),支付方式,当前状态\n2026-01-28 10:00:00,购物,店,东西,expense income,15.00,余额,交易成功\n
bills	支付宝交易记录明细查询\n账号,x@y.com\n起始时间,2026-01-01\n----------\n交易时间,交易类型,交易对方,商品,收/支,金额(元),支付方式,当前状态\n2026-01-29 10:00:00,购物,店,东西,退款收入/支出,15.00,余额,交易成功\n
bills	支付宝交易记录明细查询\n账号,x@y.com\n起始时间,2026-01-01\n----------\n交易时间,交易类型,交易对方,商品,收/支,金额(元),支付方式,当前状态\n2026-01-05 12:30:00,餐饮,肯德基,午餐,支出,35.50,余额,交易成功\n2026-01-06 09:00:00,工资,公司,一月工资,收入,9000.00,银行卡,交易成功\n2026-01-07 10:00:00,退款,商家,退货,收入,20.00,余额,退款成功\n2026-01-08 10:00:00,其他,x,y,不计收支,5.00,余额,交易成功\n2026-01-09 10:00:00,购物,店,东西,支出,0.00,余额,交易成功\n2026-01-10 10:00:00,购物,店,东西,支出,-15.00,余额,交易成功\ngarbage,购物,店,东西,支出,15.00,余额,交易成功\n2026-01-11 10:00:00,购物,店,东西,支出,abc,余额,交易成功\n2026-01-12 10:00:00,购物,店,东西,支出,15.00,余额,交易关闭\n2026-01-13 10:00:00,购物,店,东西,支出,15.00,余额,\n2026-01-14 10:00:00, 购物 , 店 , 东西 ,支出,15.00, 余额 , 交易成功 \n2026-01-15 10:00:00,购物,店,东西,支出,15.00\n2026-01-16 10:00:00\n,,,,,,,\n   ,  ,  ,  ,  ,  ,  ,  \n\n2026-01-17 10:00:00,"购物,杂项",店,"说,明",支出,"1,234.56",余额,交易成功\n2026-01-18 10:00:00,购物,"店\n二行",东西,支出,15.00,余额,交易成功\n2026-01-19 10:00:00,购物,"说""引号""",东西,收入,15.00,余额,交易成功\n2026-01-20 24:00:00,购物,店,东西,支出,15.00,余额,交易成功\n2026-13-40 10:00:00,购物,店,东西,支出,15.00,余额,交易成功\n2026-01-21 10:00:00,购物,店,东西,支出,15.00,余额,冻结\n2026-01-22 10:00:00,购物,店,东西,支出,15.00,余额,全额退款\n2026-01-23 10:00:00,购物,店,东西,Expense,15.00,余额,交易成功\n2026-01-24 10:00:00,购物,店,东西,收入支出,15.00,余额,交易成功\n2026-01-25 10:00:00,购物,店,东西,支出收入,15.00,余额,交易成功\n2026-01-26 10:00:00,购物,店,东西,"支出,收入",15.00,余额,交易成功\n2026-01-27 10:00:00,购物,店,东西,income expense,15.00,余额,交易成功\n2026-01-28 10:00:00,购物,店,东西,expense income,15.00,余额,交易成功\n2026-01-29 10:00:00,购物,店,东西,退款收入/支出,15.00,余额,交易成功\n
bills	支付宝交易记录明细查询\n账号,x@y.com\n起始时间,2026-01-01\n----------\n交易时间,交易类型,交易对方,商品,收/支,金额(元),支付方式,当前状态\n2026-01-05 12:30:00,餐饮,肯德基,午餐,支出,35.50,余额,交易成功\r\n2026-01-06 09:00:00,工资,公司,一月工资,收入,9000.00,银行卡,交易成功\r\n2026-01-07 10:00:00,退款,商家,退货,收入,20.00,余额,退款成功\r\n2026-01-08 10:00:00,其他,x,y,不计收支,5.00,余额,交易成功\r\n2026-01-09 10:00:00,购物,店,东西,支出,0.00,余额,交易成功\r\n2026-01-10 10:00:00,购物,店,东西,支出,-15.00,余额,交易成功\r\ngarbage,购物,店,东西,支出,15.00,余额,交易成功\r\n2026-01-11 10:00:00,购物,店,东西,支出,abc,余额,交易成功\r\n2026-01-12 10:00:00,购物,店,东西,支出,15.00,余额,交易关闭\r\n2026-01-13 10:00:00,购物,店,东西,支出,15.00,余额,\r\n2026-01-14 10:00:00, 购物 , 店 , 东西 ,支出,15.00, 余额 , 交易成功 \r\n2026-01-15 10:00:00,购物,店,东西,支出,15.00\r\n2026-01-16 10:00:00\r\n,,,,,,,\r\n   ,  ,  ,  ,  ,  ,  ,  \r\n\r\n2026-01-17 10:00:00,"购物,杂项",店,"说,明",支出,"1,234.56",余额,交易成功\r\n2026-01-18 10:00:00,购物,"店\n二行",东西,支出,15.00,余额,交易成功\r\n2026-01-19 10:00:00,购物,"说""引号""",东西,收入,15.00,余额,交易成功\r\n2026-01-20 24:00:00,购物,店,东西,支出,15.00,余额,交易成功\r\n2026-13-40 10:00:00,购物,店,东西,支出,15.00,余额,交易成功\r\n2026-01-21 10:00:00,购物,店,东西,支出,15.00,余额,冻结\r\n2026-01-22 10:00:00,购物,店,东西,支出,15.00,余额,全额退款\r\n2026-01-23 10:00:00,购物,店,东西,Expense,15.00,余额,交易成功\r\n2026-01-24 10:00:00,购物,店,东西,收入支出,15.00,余额,交易成功\r\n2026-01-25 10:00:00,购物,店,东西,支出收入,15.00,余额,交易成功\r\n2026-01-26 10:00:00,购物,店,东西,"支出,收入",15.00,余额,交易成功\r\n2026-01-27 10:00:00,购物,店,东西,income expense,15.00,余额,交易成功\r\n2026-01-28 10:00:00,购物,店,东西,expense income,15.00,余额,交易成功\r\n2026-01-29 10:00:00,购物,店,东西,退款收入/支出,15.00,余额,交易成功
header	支付宝交易记录明细查询\n账号,x@y.com\n起始时间,2026-01-01\n----------\n交易时间,交易类型,交易对方,商品,收/支,金额(元),支付方式,当前状态\n
bills	支付宝交易记录明细查询\n账号,x@y.com\n起始时间,2026-01-01\n----------\n日期,类型,金额,收支\n2026-01-05 12:30:00,餐饮,肯德基,午餐,支出,35.50,余额,交易成功\n
bills	支付宝交易记录明细查询\n账号,x@y.com\n起始时间,2026-01-01\n----------\n日期,类型,金额,收支\n2026-01-06 09:00:00,工资,公司,一月工资,收入,9000.00,银行卡,交易成功\n
bills	支付宝交易记录明细查询\n账号,x@y.com\n起始时间,2026-01-01\n----------\n日期,类型,金额,收支\n2026-01-07 10:00:00,退款,商家,退货,收入,20.00,余额,退款成功\n
bills	支付宝交易记录明细查询\n账号,x@y.com\n起始时间,2026-01-01\n----------\n日期,类型,金额,收支\n2026-01-08 10:00:00,其他,x,y,不计收支,5.00,余额,交易成功\n
bills	支付宝交易记录明细查询\n账号,x@y.com\n起始时间,2026-01-01\n----------\n日期,类型,金额,收支\n2026-01-09 10:00:00,购物,店,东西,支出,0.00,余额,交易成功\n
bills	支付宝交易记录明细查询\n账号,x@y.com\n起始时间,2026-01-01\n----------\n日期,类型,金额,收支\n2026-01-10 10:00:00,购物,店,东西,支出,-15.00,余额,交易成功\n
bills	支付宝交易记录明细查询\n账号,x@y.com\n起始时间,2026-01-01\n----------\n日期,类型,金额,收支\ngarbage,购物,店,东西,支出,15.00,余额,交易成功\n
bills	支付宝交易记录明细查询\n账号,x@y.com\n起始时间,2026-01-01\n----------\n日期,类型,金额,收支\n2026-01-11 10:00:00,购物,店,东西,支出,abc,余额,交易成功\n
bills	支付宝交易记录明细查询\n账号,x@y.com\n起始时间,2026-01-01\n----------\n日期,类型,金额,收支\n2026-01-12 10:00:00,购物,店,东西,支出,15.00,余额,交易关闭\n
bills	支付宝交易记录明细查询\n账号,x@y.com\n起始时间,2026-01-01\n----------\n日期,类型,金额,收支\n2026-01-13 10:00:00,购物,店,东西,支出,15.00,余额,\n
bills	支付宝交易记录明细查询\n账号,x@y.com\n起始时间,2026-01-01\n----------\n日期,类型,金额,收支\n2026-01-14 10:00:00, 购物 , 店 , 东西 ,支出,15.00, 余额 , 交易成功 \n
bills	支付宝交易记录明细查询\n账号,x@y.com\n起始时间,2026-01-01\n----------\n日期,类型,金额,收支\n2026-01-15 10:00:00,购物,店,东西,支出,15.00\n
bills	支付宝交易记录明细查询\n账号,x@y.com\n起始时间,2026-01-01\n----------\n日期,类型,金额,收支\n2026-01-16 10:00:00\n
bills	支付宝交易记录明细查询\n账号,x@y.com\n起始时间,2026-01-01\n----------\n日期,类型,金额,收支\n,,,,,,,\n
bills	支付宝交易记录明细查询\n账号,x@y.com\n起始时间,2026-01-01\n----------\n日期,类型,金额,收支\n   ,  ,  ,  ,  ,  ,  ,  \n
bills	支付宝交易记录明细查询\n账号,x@y.com\n起始时间,2026-01-01\n----------\n日期,类型,金额,收支\n\n
bills	支付宝交易记录明细查询\n账号,x@y.com\n起始时间,2026-01-01\n----------\n日期,类型,金额,收支\n2026-01-17 10:00:00,"购物,杂项",店,"说,明",支出,"1,234.56",余额,交易成功\n
bills	支付宝交易记录明细查询\n账号,x@y.com\n起始时间,2026-01-01\n----------\n日期,类型,金额,收支\n2026-01-18 10:00:00,购物,"店\n二行",东西,支出,15.00,余额,交易成功\n
bills	支付宝交易记录明细查询\n账号,x@y.com\n起始时间,2026-01-01\n----------\n日期,类型,金额,收支\n2026-01-19 10:00:00,购物,"说""引号""",东西,收入,15.00,余额,交易成功\n
bills	支付宝交易记录明细查询\n账号,x@y.com\n起始时间,2026-01-01\n----------\n日期,类型,金额,收支\n2026-01-20 24:00:00,购物,店,东西,支出,15.00,余额,交易成功\n
bills	支付宝交易记录明细查询\n账号,x@y.com\n起始时间,2026-01-01\n----------\n日期,类型,金额,收支\n2026-13-40 10:00:00,购物,店,东西,支出,15.00,余额,交易成功\n
bills	支付宝交易记录明细查询\n账号,x@y.com\n起始时间,2026-01-01\n----------\n日期,类型,金额,收支\n2026-01-21 10:00:00,购物,店,东西,支出,15.00,余额,冻结\n
bills	支付宝交易记录明细查询\n账号,x@y.com\n起始时间,2026-01-01\n----------\n日期,类型,金额,收支\n2026-01-22 10:00:00,购物,店,东西,支出,15.00,余额,全额退款\n
bills	支付宝交易记录明细查询\n账号,x@y.com\n起始时间,2026-01-01\n----------\n日期,类型,金额,收支\n2026-01-23 10:00:00,购物,店,东西,Expense,15.00,余额,交易成功\n
bills	支付宝交易记录明细查询\n账号,x@y.com\n起始时间,2026-01-01\n----------\n日期,类型,金额,收支\n2026-01-24 10:00:00,购物,店,东西,收入支出,15.00,余额,交易成功\n
bills	支付宝交易记录明细查询\n账号,x@y.com\n起始时间,2026-01-01\n----------\n日期,类型,金额,收支\n2026-01-25 10:00:00,购物,店,东西,支出收入,15.00,余额,交易成功\n
bills	支付宝交易记录明细查询\n账号,x@y.com\n起始时间,2026-01-01\n----------\n日期,类型,金额,收支\n2026-01-26 10:00:00,购物,店,东西,"支出,收入",15.00,余额,交易成功\n
bills	支付宝交易记录明细查询\n账号,x@y.com\n起始时间,2026-01-01\n----------\n日期,类型,金额,收支\n2026-01-27 10:00:00,购物,店,东西,income expense,15.00,余额,交易成功\n
bills	支付宝交易记录明细查询\n账号,x@y.com\n起始时间,2026-01-01\n----------\n日期,类型,金额,收支\n2026-01-28 10:00:00,购物,店,东西,expense income,15.00,余额,交易成功\n
bills	支付宝交易记录明细查询\n账号,x@y.com\n起始时间,2026-01-01\n----------\n日期,类型,金额,收支\n2026-01-29 10:00:00,购物,店,东西,退款收入/支出,15.00,余额,交易成功\n
bills	支付宝交易记录明细查询\n账号,x@y.com\n起始时间,2026-01-01\n----------\n日期,类型,金额,收支\n2026-01-05 12:30:00,餐饮,肯德基,午餐,支出,35.50,余额,交易成功\n2026-01-06 09:00:00,工资,公司,一月工资,收入,9000.00,银行卡,交易成功\n2026-01-07 10:00:00,退款,商家,退货,收入,20.00,余额,退款成功\n2026-01-08 10:00:00,其他,x,y,不计收支,5.00,余额,交易成功\n2026-01-09 10:00:00,购物,店,东西,支出,0.00,余额,交易成功\n2026-01-10 10:00:00,购物,店,东西,支出,-15.00,余额,交易成功\ngarbage,购物,店,东西,支出,15.00,余额,交易成功\n2026-01-11 10:00:00,购物,店,东西,支出,abc,余额,交易成功\n2026-01-12 10:00:00,购物,店,东西,支出,15.00,余额,交易关闭\n2026-01-13 10:00:00,购物,店,东西,支出,15.00,余额,\n2026-01-14 10:00:00, 购物 , 店 , 东西 ,支出,15.00, 余额 , 交易成功 \n2026-01-15 10:00:00,购物,店,东西,支出,15.00\n2026-01-16 10:00:00\n,,,,,,,\n   ,  ,  ,  ,  ,  ,  ,  \n\n2026-01-17 10:00:00,"购物,杂项",店,"说,明",支出,"1,234.56",余额,交易成功\n2026-01-18 10:00:00,购物,"店\n二行",东西,支出,15.00,余额,交易成功\n2026-01-19 10:00:00,购物,"说""引号""",东西,收入,15.00,余额,交易成功\n2026-01-20 24:00:00,购物,店,东西,支出,15.00,余额,交易成功\n2026-13-40 10:00:00,购物,店,东西,支出,15.00,余额,交易成功\n2026-01-21 10:00:00,购物,店,东西,支出,15.00,余额,冻结\n2026-01-22 10:00:00,购物,店,东西,支出,15.00,余额,全额退款\n2026-01-23 10:00:00,购物,店,东西,Expense,15.00,余额,交易成功\n2026-01-24 10:00:00,购物,店,东西,收入支出,15.00,余额,交易成功\n2026-01-25 10:00:00,购物,店,东西,支出收入,15.00,余额,交易成功\n2026-01-26 10:00:00,购物,店,东西,"支出,收入",15.00,余额,交易成功\n2026-01-27 10:00:00,购物,店,东西,income expense,15.00,余额,交易成功\n2026-01-28 10:00:00,购物,店,东西,expense income,15.00,余额,交易成功\n2026-01-29 10:00:00,购物,店,东西,退款收入/支出,15.00,余额,交易成功\n
bills	支付宝交易记录明细查询\n账号,x@y.com\n起始时间,2026-01-01\n----------\n日期,类型,金额,收支\n2026-01-05 12:30:00,餐饮,肯德基,午餐,支出,35.50,余额,交易成功\r\n2026-01-06 09:00:00,工资,公司,一月工资,收入,9000.00,银行卡,交易成功\r\n2026-01-07 10:00:00,退款,商家,退货,收入,20.00,余额,退款成功\r\n2026-01-08 10:00:00,其他,x,y,不计收支,5.00,余额,交易成功\r\n2026-01-09 10:00:00,购物,店,东西,支出,0.00,余额,交易成功\r\n2026-01-10 10:00:00,购物,店,东西,支出,-15.00,余额,交易成功\r\ngarbage,购物,店,东西,支出,15.00,余额,交易成功\r\n2026-01-11 10:00:00,购物,店,东西,支出,abc,余额,交易成功\r\n2026-01-12 10:00:00,购物,店,东西,支出,15.00,余额,交易关闭\r\n2026-01-13 10:00:00,购物,店,东西,支出,15.00,余额,\r\n2026-01-14 10:00:00, 购物 , 店 , 东西 ,支出,15.00, 余额 , 交易成功 \r\n2026-01-15 10:00:00,购物,店,东西,支出,15.00\r\n2026-01-16 10:00:00\r\n,,,,,,,\r\n   ,  ,  ,  ,  ,  ,  ,  \r\n\r\n2026-01-17 10:00:00,"购物,杂项",店,"说,明",支出,"1,234.56",余额,交易成功\r\n2026-01-18 10:00:00,购物,"店\n二行",东西,支出,15.00,余额,交易成功\r\n2026-01-19 10:00:00,购物,"说""引号""",东西,收入,15.00,余额,交易成功\r\n2026-01-20 24:00:00,购物,店,东西,支出,15.00,余额,交易成功\r\n2026-13-40 10:00:00,购物,店,东西,支出,15.00,余额,交易成功\r\n2026-01-21 10:00:00,购物,店,东西,支出,15.00,余额,冻结\r\n2026-01-22 10:00:00,购物,店,东西,支出,15.00,余额,全额退款\r\n2026-01-23 10:00:00,购物,店,东西,Expense,15.00,余额,交易成功\r\n2026-01-24 10:00:00,购物,店,东西,收入支出,15.00,余额,交易成功\r\n2026-01-25 10:00:00,购物,店,东西,支出收入,15.00,余额,交易成功\r\n2026-01-26 10:00:00,购物,店,东西,"支出,收入",15.00,余额,交易成功\r\n2026-01-27 10:00:00,购物,店,东西,income expense,15.00,余额,交易成功\r\n2026-01-28 10:00:00,购物,店,东西,expense income,15.00,余额,交易成功\r\n2026-01-29 10:00:00,购物,店,东西,退款收入/支出,15.00,余额,交易成功
header	支付宝交易记录明细查询\n账号,x@y.com\n起始时间,2026-01-01\n----------\n日期,类型,金额,收支\n
bills	支付宝交易记录明细查询\n账号,x@y.com\n起始时间,2026-01-01\n----------\n类型,交易分类,时间,交易时间,金额,收/支\n2026-01-05 12:30:00,餐饮,肯德基,午餐,支出,35.50,余额,交易成功\n
bills	支付宝交易记录明细查询\n账号,x@y.com\n起始时间,2026-01-01\n----------\n类型,交易分类,时间,交易时间,金额,收/支\n2026-01-06 09:00:00,工资,公司,一月工资,收入,9000.00,银行卡,交易成功\n
bills	支付宝交易记录明细查询\n账号,x@y.com\n起始时间,2026-01-01\n----------\n类型,交易分类,时间,交易时间,金额,收/支\n2026-01-07 10:00:00,退款,商家,退货,收入,20.00,余额,退款成功\n
bills	支付宝交易记录明细查询\n账号,x@y.com\n起始时间,2026-01-01\n----------\n类型,交易分类,时间,交易时间,金额,收/支\n2026-01-08 10:00:00,其他,x,y,不计收支,5.00,余额,交易成功\n
bills	支付宝交易记录明细查询\n账号,x@y.com\n起始时间,2026-01-01\n----------\n类型,交易分类,时间,交易时间,金额,收/支\n2026-01-09 10:00:00,购物,店,东西,支出,0.00,余额,交易成功\n
bills	支付宝交易记录明细查询\n账号,x@y.com\n起始时间,2026-01-01\n----------\n类型,交易分类,时间,交易时间,金额,收/支\n2026-01-10 10:00:00,购物,店,东西,支出,-15.00,余额,交易成功\n
bills	支付宝交易记录明细查询\n账号,x@y.com\n起始时间,2026-01-01\n----------\n类型,交易分类,时间,交易时间,金额,收/支\ngarbage,购物,店,东西,支出,15.00,余额,交易成功\n
bills	支付宝交易记录明细查询\n账号,x@y.com\n起始时间,2026-01-01\n----------\n类型,交易分类,时间,交易时间,金额,收/支\n2026-01-11 10:00:00,购物,店,东西,支出,abc,余额,交易成功\n
bills	支付宝交易记录明细查询\n账号,x@y.com\n起始时间,2026-01-01\n----------\n类型,交易分类,时间,交易时间,金额,收/支\n2026-01-12 10:00:00,购物,店,东西,支出,15.00,余额,交易关闭\n
bills	支付宝交易记录明细查询\n账号,x@y.com\n起始时间,2026-01-01\n----------\n类型,交易分类,时间,交易时间,金额,收/支\n2026-01-13 10:00:00,购物,店,东西,支出,15.00,余额,\n
bills	支付宝交易记录明细查询\n账号,x@y.com\n起始时间,2026-01-01\n----------\n类型,交易分类,时间,交易时间,金额,收/支\n2026-01-14 10:00:00, 购物 , 店 , 东西 ,支出,15.00, 余额 , 交易成功 \n
bills	支付宝交易记录明细查询\n账号,x@y.com\n起始时间,2026-01-01\n----------\n类型,交易分类,时间,交易时间,金额,收/支\n2026-01-15 10:00:00,购物,店,东西,支出,15.00\n
bills	支付宝交易记录明细查询\n账号,x@y.com\n起始时间,2026-01-01\n----------\n类型,交易分类,时间,交易时间,金额,收/支\n2026-01-16 10:00:00\n
bills	支付宝交易记录明细查询\n账号,x@y.com\n起始时间,2026-01-01\n----------\n类型,交易分类,时间,交易时间,金额,收/支\n,,,,,,,\n
bills	支付宝交易记录明细查询\n账号,x@y.com\n起始时间,2026-01-01\n----------\n类型,交易分类,时间,交易时间,金额,收/支\n   ,  ,  ,  ,  ,  ,  ,  \n
bills	支付宝交易记录明细查询\n账号,x@y.com\n起始时间,2026-01-01\n----------\n类型,交易分类,时间,交易时间,金额,收/支\n\n
bills	支付宝交易记录明细查询\n账号,x@y.com\n起始时间,2026-01-01\n----------\n类型,交易分类,时间,交易时间,金额,收/支\n2026-01-17 10:00:00,"购物,杂项",店,"说,明",支出,"1,234.56",余额,交易成功\n
bills	支付宝交易记录明细查询\n账号,x@y.com\n起始时间,2026-01-01\n----------\n类型,交易分类,时间,交易时间,金额,收/支\n2026-01-18 10:00:00,购物,"店\n二行",东西,支出,15.00,余额,交易成功\n
bills	支付宝交易记录明细查询\n账号,x@y.com\n起始时间,2026-01-01\n----------\n类型,交易分类,时间,交易时间,金额,收/支\n2026-01-19 10:00:00,购物,"说""引号""",东西,收入,15.00,余额,交易成功\n
bills	支付宝交易记录明细查询\n账号,x@y.com\n起始时间,2026-01-01\n----------\n类型,交易分类,时间,交易时间,金额,收/支\n2026-01-20 24:00:00,购物,店,东西,支出,15.00,余额,交易成功\n
bills	支付宝交易记录明细查询\n账号,x@y.com\n起始时间,2026-01-01\n----------\n类型,交易分类,时间,交易时间,金额,收/支\n2026-13-40 10:00:00,购物,店,东西,支出,15.00,余额,交易成功\n
bills	支付宝交易记录明细查询\n账号,x@y.com\n起始时间,2026-01-01\n----------\n类型,交易分类,时间,交易时间,金额,收/支\n2026-01-21 10:00:00,购物,店,东西,支出,15.00,余额,冻结\n
bills	支付宝交易记录明细查询\n账号,x@y.com\n起始时间,2026-01-01\n----------\n类型,交易分类,时间,交易时间,金额,收/支\n2026-01-22 10:00:00,购物,店,东西,支出,15.00,余额,全额退款\n
bills	支付宝交易记录明细查询\n账号,x@y.com\n起始时间,2026-01-01\n----------\n类型,交易分类,时间,交易时间,金额,收/支\n2026-01-23 10:00:00,购物,店,东西,Expense,15.00,余额,交易成功\n
bills	支付宝交易记录明细查询\n账号,x@y.com\n起始时间,2026-01-01\n----------\n类型,交易分类,时间,交易时间,金额,收/支\n2026-01-24 10:00:00,购物,店,东西,收入支出,15.00,余额,交易成功\n
bills	支付宝交易记录明细查询\n账号,x@y.com\n起始时间,2026-01-01\n----------\n类型,交易分类,时间,交易时间,金额,收/支\n2026-01-25 10:00:00,购物,店,东西,支出收入,15.00,余额,交易成功\n
bills	支付宝交易记录明细查询\n账号,x@y.com\n起始时间,2026-01-01\n----------\n类型,交易分类,时间,交易时间,金额,收/支\n2026-01-26 10:00:00,购物,店,东西,"支出,收入",15.00,余额,交易成功\n
bills	支付宝交易记录明细查询\n账号,x@y.com\n起始时间,2026-01-01\n----------\n类型,交易分类,时间,交易时间,金额,收/支\n2026-01-27 10:00:00,购物,店,东西,income expense,15.00,余额,交易成功\n
bills	支付宝交易记录明细查询\n账号,x@y.com\n起始时间,2026-01-01\n----------\n类型,交易分类,时间,交易时间,金额,收/支\n2026-01-28 10:00:00,购物,店,东西,expense income,15.00,余额,交易成功\n
bills	支付宝交易记录明细查询\n账号,x@y.com\n起始时间,2026-01-01\n----------\n类型,交易分类,时间,交易时间,金额,收/支\n2026-01-29 10:00:00,购物,店,东西,退款收入/支出,15.00,余额,交易成功\n
bills	支付宝交易记录明细查询\n账号,x@y.com\n起始时间,2026-01-01\n----------\n类型,交易分类,时间,交易时间,金额,收/支\n2026-01-05 12:30:00,餐饮,肯德基,午餐,支出,35.50,余额,交易成功\n2026-01-06 09:00:00,工资,公司,一月工资,收入,9000.00,银行卡,交易成功\n2026-01-07 10:00:00,退款,商家,退货,收入,20.00,余额,退款成功\n2026-01-08 10:00:00,其他,x,y,不计收支,5.00,余额,交易成功\n2026-01-09 10:00:00,购物,店,东西,支出,0.00,余额,交易成功\n2026-01-10 10:00:00,购物,店,东西,支出,-15.00,余额,交易成功\ngarbage,购物,店,东西,支出,15.00,余额,交易成功\n2026-01-11 10:00:00,购物,店,东西,支出,abc,余额,交易成功\n2026-01-12 10:00:00,购物,店,东西,支出,15.00,余额,交易关闭\n2026-01-13 10:00:00,购物,店,东西,支出,15.00,余额,\n2026-01-14 10:00:00, 购物 , 店 , 东西 ,支出,15.00, 余额 , 交易成功 \n2026-01-15 10:00:00,购物,店,东西,支出,15.00\n2026-01-16 10:00:00\n,,,,,,,\n   ,  ,  ,  ,  ,  ,  ,  \n\n2026-01-17 10:00:00,"购物,杂项",店,"说,明",支出,"1,234.56",余额,交易成功\n2026-01-18 10:00:00,购物,"店\n二行",东西,支出,15.00,余额,交易成功\n2026-01-19 10:00:00,购物,"说""引号""",东西,收入,15.00,余额,交易成功\n2026-01-20 24:00:00,购物,店,东西,支出,15.00,余额,交易成功\n2026-13-40 10:00:00,购物,店,东西,支出,15.00,余额,交易成功\n2026-01-21 10:00:00,购物,店,东西,支出,15.00,余额,冻结\n2026-01-22 10:00:00,购物,店,东西,支出,15.00,余额,全额退款\n2026-01-23 10:00:00,购物,店,东西,Expense,15.00,余额,交易成功\n2026-01-24 10:00:00,购物,店,东西,收入支出,15.00,余额,交易成功\n2026-01-25 10:00:00,购物,店,东西,支出收入,15.00,余额,交易成功\n2026-01-26 10:00:00,购物,店,东西,"支出,收入",15.00,余额,交易成功\n2026-01-27 10:00:00,购物,店,东西,income expense,15.00,余额,交易成功\n2026-01-28 10:00:00,购物,店,东西,expense income,15.00,余额,交易成功\n2026-01-29 10:00:00,购物,店,东西,退款收入/支出,15.00,余额,交易成功\n
bills	支付宝交易记录明细查询\n账号,x@y.com\n起始时间,2026-01-01\n----------\n类型,交易分类,时间,交易时间,金额,收/支\n2026-01-05 12:30:00,餐饮,肯德基,午餐,支出,35.50,余额,交易成功\r\n2026-01-06 09:00:00,工资,公司,一月工资,收入,9000.00,银行卡,交易成功\r\n2026-01-07 10:00:00,退款,商家,退货,收入,20.00,余额,退款成功\r\n2026-01-08 10:00:00,其他,x,y,不计收支,5.00,余额,交易成功\r\n2026-01-09 10:00:00,购物,店,东西,支出,0.00,余额,交易成功\r\n2026-01-10 10:00:00,购物,店,东西,支出,-15.00,余额,交易成功\r\ngarbage,购物,店,东西,支出,15.00,余额,交易成功\r\n2026-01-11 10:00:00,购物,店,东西,支出,abc,余额,交易成功\r\n2026-01-12 10:00:00,购物,店,东西,支出,15.00,余额,交易关闭\r\n2026-01-13 10:00:00,购物,店,东西,支出,15.00,余额,\r\n2026-01-14 10:00:00, 购物 , 店 , 东西 ,支出,15.00, 余额 , 交易成功 \r\n2026-01-15 10:00:00,购物,店,东西,支出,15.00\r\n2026-01-16 10:00:00\r\n,,,,,,,\r\n   ,  ,  ,  ,  ,  ,  ,  \r\n\r\n2026-01-17 10:00:00,"购物,杂项",店,"说,明",支出,"1,234.56",余额,交易成功\r\n2026-01-18 10:00:00,购物,"店\n二行",东西,支出,15.00,余额,交易成功\r\n2026-01-19 10:00:00,购物,"说""引号""",东西,收入,15.00,余额,交易成功\r\n2026-01-20 24:00:00,购物,店,东西,支出,15.00,余额,交易成功\r\n2026-13-40 10:00:00,购物,店,东西,支出,15.00,余额,交易成功\r\n2026-01-21 10:00:00,购物,店,东西,支出,15.00,余额,冻结\r\n2026-01-22 10:00:00,购物,店,东西,支出,15.00,余额,全额退款\r\n2026-01-23 10:00:00,购物,店,东西,Expense,15.00,余额,交易成功\r\n2026-01-24 10:00:00,购物,店,东西,收入支出,15.00,余额,交易成功\r\n2026-01-25 10:00:00,购物,店,东西,支出收入,15.00,余额,交易成功\r\n2026-01-26 10:00:00,购物,店,东西,"支出,收入",15.00,余额,交易成功\r\n2026-01-27 10:00:00,购物,店,东西,income expense,15.00,余额,交易成功\r\n2026-01-28 10:00:00,购物,店,东西,expense income,15.00,余额,交易成功\r\n2026-01-29 10:00:00,购物,店,东西,退款收入/支出,15.00,余额,交易成功
header	支付宝交易记录明细查询\n账号,x@y.com\n起始时间,2026-01-01\n----------\n类型,交易分类,时间,交易时间,金额,收/支\n
bills	支付宝交易记录明细查询\n账号,x@y.com\n起始时间,2026-01-01\n----------\n交易时间,金额\n2026-01-05 12:30:00,餐饮,肯德基,午餐,支出,35.50,余额,交易成功\n
bills	支付宝交易记录明细查询\n账号,x@y.com\n起始时间,2026-01-01\n----------\n交易时间,金额\n2026-01-06 09:00:00,工资,公司,一月工资,收入,9000.00,银行卡,交易成功\n
bills	支付宝交易记录明细查询\n账号,x@y.com\n起始时间,2026-01-01\n----------\n交易时间,金额\n2026-01-07 10:00:00,退款,商家,退货,收入,20.00,余额,退款成功\n
bills	支付宝交易记录明细查询\n账号,x@y.com\n起始时间,2026-01-01\n----------\n交易时间,金额\n2026-01-08 10:00:00,其他,x,y,不计收支,5.00,余额,交易成功\n
bills	支付宝交易记录明细查询\n账号,x@y.com\n起始时间,2026-01-01\n----------\n交易时间,金额\n2026-01-09 10:00:00,购物,店,东西,支出,0.00,余额,交易成功\n
bills	支付宝交易记录明细查询\n账号,x@y.com\n起始时间,2026-01-01\n----------\n交易时间,金额\n2026-01-10 10:00:00,购物,店,东西,支出,-15.00,余额,交易成功\n
bills	支付宝交易记录明细查询\n账号,x@y.com\n起始时间,2026-01-01\n----------\n交易时间,金额\ngarbage,购物,店,东西,支出,15.00,余额,交易成功\n
bills	支付宝交易记录明细查询\n账号,x@y.com\n起始时间,2026-01-01\n----------\n交易时间,金额\n2026-01-11 10:00:00,购物,店,东西,支出,abc,余额,交易成功\n
bills	支付宝交易记录明细查询\n账号,x@y.com\n起始时间,2026-01-01\n----------\n交易时间,金额\n2026-01-12 10:00:00,购物,店,东西,支出,15.00,余额,交易关闭\n
bills	支付宝交易记录明细查询\n账号,x@y.com\n起始时间,2026-01-01\n----------\n交易时间,金额\n2026-01-13 10:00:00,购物,店,东西,支出,15.00,余额,\n
bills	支付宝交易记录明细查询\n账号,x@y.com\n起始时间,2026-01-01\n----------\n交易时间,金额\n2026-01-14 10:00:00, 购物 , 店 , 东西 ,支出,15.00, 余额 , 交易成功 \n
bills	支付宝交易记录明细查询\n账号,x@y.com\n起始时间,2026-01-01\n----------\n交易时间,金额\n2026-01-15 10:00:00,购物,店,东西,支出,15.00\n
bills	支付宝交易记录明细查询\n账号,x@y.com\n起始时间,2026-01-01\n----------\n交易时间,金额\n2026-01-16 10:00:00\n
bills	支付宝交易记录明细查询\n账号,x@y.com\n起始时间,2026-01-01\n----------\n交易时间,金额\n,,,,,,,\n
bills	支付宝交易记录明细查询\n账号,x@y.com\n起始时间,2026-01-01\n----------\n交易时间,金额\n   ,  ,  ,  ,  ,  ,  ,  \n
bills	支付宝交易记录明细查询\n账号,x@y.com\n起始时间,2026-01-01\n----------\n交易时间,金额\n\n
bills	支付宝交易记录明细查询\n账号,x@y.com\n起始时间,2026-01-01\n----------\n交易时间,金额\n2026-01-17 10:00:00,"购物,杂项",店,"说,明",支出,"1,234.56",余额,交易成功\n
bills	支付宝交易记录明细查询\n账号,x@y.com\n起始时间,2026-01-01\n----------\n交易时间,金额\n2026-01-18 10:00:00,购物,"店\n二行",东西,支出,15.00,余额,交易成功\n
bills	支付宝交易记录明细查询\n账号,x@y.com\n起始时间,2026-01-01\n----------\n交易时间,金额\n2026-01-19 10:00:00,购物,"说""引号""",东西,收入,15.00,余额,交易成功\n
bills	支付宝交易记录明细查询\n账号,x@y.com\n起始时间,2026-01-01\n----------\n交易时间,金额\n2026-01-20 24:00:00,购物,店,东西,支出,15.00,余额,交易成功\n
bills	支付宝交易记录明细查询\n账号,x@y.com\n起始时间,2026-01-01\n----------\n交易时间,金额\n2026-13-40 10:00:00,购物,店,东西,支出,15.00,余额,交易成功\n
bills	支付宝交易记录明细查询\n账号,x@y.com\n起始时间,2026-01-01\n----------\n交易时间,金额\n2026-01-21 10:00:00,购物,店,东西,支出,15.00,余额,冻结\n
bills	支付宝交易记录明细查询\n账号,x@y.com\n起始时间,2026-01-01\n----------\n交易时间,金额\n2026-01-22 10:00:00,购物,店,东西,支出,15.00,余额,全额退款\n
bills	支付宝交易记录明细查询\n账号,x@y.com\n起始时间,2026-01-01\n----------\n交易时间,金额\n2026-01-23 10:00:00,购物,店,东西,Expense,15.00,余额,交易成功\n
bills	支付宝交易记录明细查询\n账号,x@y.com\n起始时间,2026-01-01\n----------\n交易时间,金额\n2026-01-24 10:00:00,购物,店,东西,收入支出,15.00,余额,交易成功\n
bills	支付宝交易记录明细查询\n账号,x@y.com\n起始时间,2026-01-01\n----------\n交易时间,金额\n2026-01-25 10:00:00,购物,店,东西,支出收入,15.00,余额,交易成功\n
bills	支付宝交易记录明细查询\n账号,x@y.com\n起始时间,2026-01-01\n----------\n交易时间,金额\n2026-01-26 10:00:00,购物,店,东西,"支出,收入",15.00,余额,交易成功\n
bills	支付宝交易记录明细查询\n账号,x@y.com\n起始时间,2026-01-01\n----------\n交易时间,金额\n2026-01-27 10:00:00,购物,店,东西,income expense,15.00,余额,交易成功\n
bills	支付宝交易记录明细查询\n账号,x@y.com\n起始时间,2026-01-01\n----------\n交易时间,金额\n2026-01-28 10:00:00,购物,店,东西,expense income,15.00,余额,交易成功\n
bills	支付宝交易记录明细查询\n账号,x@y.com\n起始时间,2026-01-01\n----------\n交易时间,金额\n2026-01-29 10:00:00,购物,店,东西,退款收入/支出,15.00,余额,交易成功\n
bills	支付宝交易记录明细查询\n账号,x@y.com\n起始时间,2026-01-01\n----------\n交易时间,金额\n2026-01-05 12:30:00,餐饮,肯德基,午餐,支出,35.50,余额,交易成功\n2026-01-06 09:00:00,工资,公司,一月工资,收入,9000.00,银行卡,交易成功\n2026-01-07 10:00:00,退款,商家,退货,收入,20.00,余额,退款成功\n2026-01-08 10:00:00,其他,x,y,不计收支,5.00,余额,交易成功\n2026-01-09 10:00:00,购物,店,东西,支出,0.00,余额,交易成功\n2026-01-10 10:00:00,购物,店,东西,支出,-15.00,余额,交易成功\ngarbage,购物,店,东西,支出,15.00,余额,交易成功\n2026-01-11 10:00:00,购物,店,东西,支出,abc,余额,交易成功\n2026-01-12 10:00:00,购物,店,东西,支出,15.00,余额,交易关闭\n2026-01-13 10:00:00,购物,店,东西,支出,15.00,余额,\n2026-01-14 10:00:00, 购物 , 店 , 东西 ,支出,15.00, 余额 , 交易成功 \n2026-01-15 10:00:00,购物,店,东西,支出,15.00\n2026-01-16 10:00:00\n,,,,,,,\n   ,  ,  ,  ,  ,  ,  ,  \n\n2026-01-17 10:00:00,"购物,杂项",店,"说,明",支出,"1,234.56",余额,交易成功\n2026-01-18 10:00:00,购物,"店\n二行",东西,支出,15.00,余额,交易成功\n2026-01-19 10:00:00,购物,"说""引号""",东西,收入,15.00,余额,交易成功\n2026-01-20 24:00:00,购物,店,东西,支出,15.00,余额,交易成功\n2026-13-40 10:00:00,购物,店,东西,支出,15.00,余额,交易成功\n2026-01-21 10:00:00,购物,店,东西,支出,15.00,余额,冻结\n2026-01-22 10:00:00,购物,店,东西,支出,15.00,余额,全额退款\n2026-01-23 10:00:00,购物,店,东西,Expense,15.00,余额,交易成功\n2026-01-24 10:00:00,购物,店,东西,收入支出,15.00,余额,交易成功\n2026-01-25 10:00:00,购物,店,东西,支出收入,15.00,余额,交易成功\n2026-01-26 10:00:00,购物,店,东西,"支出,收入",15.00,余额,交易成功\n2026-01-27 10:00:00,购物,店,东西,income expense,15.00,余额,交易成功\n2026-01-28 10:00:00,购物,店,东西,expense income,15.00,余额,交易成功\n2026-01-29 10:00:00,购物,店,东西,退款收入/支出,15.00,余额,交易成功\n
bills	支付宝交易记录明细查询\n账号,x@y.com\n起始时间,2026-01-01\n----------\n交易时间,金额\n2026-01-05 12:30:00,餐饮,肯德基,午餐,支出,35.50,余额,交易成功\r\n2026-01-06 09:00:00,工资,公司,一月工资,收入,9000.00,银行卡,交易成功\r\n2026-01-07 10:00:00,退款,商家,退货,收入,20.00,余额,退款成功\r\n2026-01-08 10:00:00,其他,x,y,不计收支,5.00,余额,交易成功\r\n2026-01-09 10:00:00,购物,店,东西,支出,0.00,余额,交易成功\r\n2026-01-10 10:00:00,购物,店,东西,支出,-15.00,余额,交易成功\r\ngarbage,购物,店,东西,支出,15.00,余额,交易成功\r\n2026-01-11 10:00:00,购物,店,东西,支出,abc,余额,交易成功\r\n2026-01-12 10:00:00,购物,店,东西,支出,15.00,余额,交易关闭\r\n2026-01-13 10:00:00,购物,店,东西,支出,15.00,余额,\r\n2026-01-14 10:00:00, 购物 , 店 , 东西 ,支出,15.00, 余额 , 交易成功 \r\n2026-01-15 10:00:00,购物,店,东西,支出,15.00\r\n2026-01-16 10:00:00\r\n,,,,,,,\r\n   ,  ,  ,  ,  ,  ,  ,  \r\n\r\n2026-01-17 10:00:00,"购物,杂项",店,"说,明",支出,"1,234.56",余额,交易成功\r\n2026-01-18 10:00:00,购物,"店\n二行",东西,支出,15.00,余额,交易成功\r\n2026-01-19 10:00:00,购物,"说""引号""",东西,收入,15.00,余额,交易成功\r\n2026-01-20 24:00:00,购物,店,东西,支出,15.00,余额,交易成功\r\n2026-13-40 10:00:00,购物,店,东西,支出,15.00,余额,交易成功\r\n2026-01-21 10:00:00,购物,店,东西,支出,15.00,余额,冻结\r\n2026-01-22 10:00:00,购物,店,东西,支出,15.00,余额,全额退款\r\n2026-01-23 10:00:00,购物,店,东西,Expense,15.00,余额,交易成功\r\n2026-01-24 10:00:00,购物,店,东西,收入支出,15.00,余额,交易成功\r\n2026-01-25 10:00:00,购物,店,东西,支出收入,15.00,余额,交易成功\r\n2026-01-26 10:00:00,购物,店,东西,"支出,收入",15.00,余额,交易成功\r\n2026-01-27 10:00:00,购物,店,东西,income expense,15.00,余额,交易成功\r\n2026-01-28 10:00:00,购物,店,东西,expense income,15.00,余额,交易成功\r\n2026-01-29 10:00:00,购物,店,东西,退款收入/支出,15.00,余额,交易成功
header	支付宝交易记录明细查询\n账号,x@y.com\n起始时间,2026-01-01\n----------\n交易时间,金额\n
bills	微信支付账单明细\n微信昵称,某某\n起始时间,2026-01-01\n----------\n交易时间,交易分类,交易对方,商品说明,收/支,金额,收/付款方式,交易状态\n2026-01-05 12:30:00,餐饮,肯德基,午餐,支出,35.50,余额,交易成功\n
bills	微信支付账单明细\n微信昵称,某某\n起始时间,2026-01-01\n----------\n交易时间,交易分类,交易对方,商品说明,收/支,金额,收/付款方式,交易状态\n2026-01-06 09:00:00,工资,公司,一月工资,收入,9000.00,银行卡,交易成功\n
bills	微信支付账单明细\n微信昵称,某某\n起始时间,2026-01-01\n----------\n交易时间,交易分类,交易对方,商品说明,收/支,金额,收/付款方式,交易状态\n2026-01-07 10:00:00,退款,商家,退货,收入,20.00,余额,退款成功\n
bills	微信支付账单明细\n微信昵称,某某\n起始时间,2026-01-01\n----------\n交易时间,交易分类,交易对方,商品说明,收/支,金额,收/付款方式,交易状态\n2026-01-08 10:00:00,其他,x,y,不计收支,5.00,余额,交易成功\n
bills	微信支付账单明细\n微信昵称,某某\n起始时间,2026-01-01\n----------\n交易时间,交易分类,交易对方,商品说明,收/支,金额,收/付款方式,交易状态\n2026-01-09 10:00:00,购物,店,东西,支出,0.00,余额,交易成功\n
bills	微信支付账单明细\n微信昵称,某某\n起始时间,2026-01-01\n----------\n交易时间,交易分类,交易对方,商品说明,收/支,金额,收/付款方式,交易状态\n2026-01-10 10:00:00,购物,店,东西,支出,-15.00,余额,交易成功\n
bills	微信支付账单明细\n微信昵称,某某\n起始时间,2026-01-01\n----------\n交易时间,交易分类,交易对方,商品说明,收/支,金额,收/付款方式,交易状态\ngarbage,购物,店,东西,支出,15.00,余额,交易成功\n
bills	微信支付账单明细\n微信昵称,某某\n起始时间,2026-01-01\n----------\n交易时间,交易分类,交易对方,商品说明,收/支,金额,收/付款方式,交易状态\n2026-01-11 10:00:00,购物,店,东西,支出,abc,余额,交易成功\n
bills	微信支付账单明细\n微信昵称,某某\n起始时间,2026-01-01\n----------\n交易时间,交易分类,交易对方,商品说明,收/支,金额,收/付款方式,交易状态\n2026-01-12 10:00:00,购物,店,东西,支出,15.00,余额,交易关闭\n
bills	微信支付账单明细\n微信昵称,某某\n起始时间,2026-01-01\n----------\n交易时间,交易分类,交易对方,商品说明,收/支,金额,收/付款方式,交易状态\n2026-01-13 10:00:00,购物,店,东西,支出,15.00,余额,\n
bills	微信支付账单明细\n微信昵称,某某\n起始时间,2026-01-01\n----------\n交易时间,交易分类,交易对方,商品说明,收/支,金额,收/付款方式,交易状态\n2026-01-14 10:00:00, 购物 , 店 , 东西 ,支出,15.00, 余额 , 交易成功 \n
bills	微信支付账单明细\n微信昵称,某某\n起始时间,2026-01-01\n----------\n交易时间,交易分类,交易对方,商品说明,收/支,金额,收/付款方式,交易状态\n2026-01-15 10:00:00,购物,店,东西,支出,15.00\n
bills	微信支付账单明细\n微信昵称,某某\n起始时间,2026-01-01\n----------\n交易时间,交易分类,交易对方,商品说明,收/支,金额,收/付款方式,交易状态\n2026-01-16 10:00:00\n
bills	微信支付账单明细\n微信昵称,某某\n起始时间,2026-01-01\n----------\n交易时间,交易分类,交易对方,商品说明,收/支,金额,收/付款方式,交易状态\n,,,,,,,\n
bills	微信支付账单明细\n微信昵称,某某\n起始时间,2026-01-01\n----------\n交易时间,交易分类,交易对方,商品说明,收/支,金额,收/付款方式,交易状态\n   ,  ,  ,  ,  ,  ,  ,  \n
bills	微信支付账单明细\n微信昵称,某某\n起始时间,2026-01-01\n----------\n交易时间,交易分类,交易对方,商品说明,收/支,金额,收/付款方式,交易状态\n\n
bills	微信支付账单明细\n微信昵称,某某\n起始时间,2026-01-01\n----------\n交易时间,交易分类,交易对方,商品说明,收/支,金额,收/付款方式,交易状态\n2026-01-17 10:00:00,"购物,杂项",店,"说,明",支出,"1,234.56",余额,交易成功\n
bills	微信支付账单明细\n微信昵称,某某\n起始时间,2026-01-01\n----------\n交易时间,交易分类,交易对方,商品说明,收/支,金额,收/付款方式,交易状态\n2026-01-18 10:00:00,购物,"店\n二行",东西,支出,15.00,余额,交易成功\n
bills	微信支付账单明细\n微信昵称,某某\n起始时间,2026-01-01\n----------\n交易时间,交易分类,交易对方,商品说明,收/支,金额,收/付款方式,交易状态\n2026-01-19 10:00:00,购物,"说""引号""",东西,收入,15.00,余额,交易成功\n
bills	微信支付账单明细\n微信昵称,某某\n起始时间,2026-01-01\n----------\n交易时间,交易分类,交易对方,商品说明,收/支,金额,收/付款方式,交易状态\n2026-01-20 24:00:00,购物,店,东西,支出,15.00,余额,交易成功\n
bills	微信支付账单明细\n微信昵称,某某\n起始时间,2026-01-01\n----------\n交易时间,交易分类,交易对方,商品说明,收/支,金额,收/付款方式,交易状态\n2026-13-40 10:00:00,购物,店,东西,支出,15.00,余额,交易成功\n
bills	微信支付账单明细\n微信昵称,某某\n起始时间,2026-01-01\n----------\n交易时间,交易分类,交易对方,商品说明,收/支,金额,收/付款方式,交易状态\n2026-01-21 10:00:00,购物,店,东西,支出,15.00,余额,冻结\n
bills	微信支付账单明细\n微信昵称,某某\n起始时间,2026-01-01\n----------\n交易时间,交易分类,交易对方,商品说明,收/支,金额,收/付款方式,交易状态\n2026-01-22 10:00:00,购物,店,东西,支出,15.00,余额,全额退款\n
bills	微信支付账单明细\n微信昵称,某某\n起始时间,2026-01-01\n----------\n交易时间,交易分类,交易对方,商品说明,收/支,金额,收/付款方式,交易状态\n2026-01-23 10:00:00,购物,店,东西,Expense,15.00,余额,交易成功\n
bills	微信支付账单明细\n微信昵称,某某\n起始时间,2026-01-01\n----------\n交易时间,交易分类,交易对方,商品说明,收/支,金额,收/付款方式,交易状态\n2026-01-24 10:00:00,购物,店,东西,收入支出,15.00,余额,交易成功\n
bills	微信支付账单明细\n微信昵称,某某\n起始时间,2026-01-01\n----------\n交易时间,交易分类,交易对方,商品说明,收/支,金额,收/付款方式,交易状态\n2026-01-25 10:00:00,购物,店,东西,支出收入,15.00,余额,交易成功\n
bills	微信支付账单明细\n微信昵称,某某\n起始时间,2026-01-01\n----------\n交易时间,交易分类,交易对方,商品说明,收/支,金额,收/付款方式,交易状态\n2026-01-26 10:00:00,购物,店,东西,"支出,收入",15.00,余额,交易成功\n
bills	微信支付账单明细\n微信昵称,某某\n起始时间,2026-01-01\n----------\n交易时间,交易分类,交易对方,商品说明,收/支,金额,收/付款方式,交易状态\n2026-01-27 10:00:00,购物,店,东西,income expense,15.00,余额,交易成功\n
bills	微信支付账单明细\n微信昵称,某某\n起始时间,2026-01-01\n----------\n交易时间,交易分类,交易对方,商品说明,收/支,金额,收/付款方式,交易状态\n2026-01-28 10:00:00,购物,店,东西,expense income,15.00,余额,交易成功\n
bills	微信支付账单明细\n微信昵称,某某\n起始时间,2026-01-01\n----------\n交易时间,交易分类,交易对方,商品说明,收/支,金额,收/付款方式,交易状态\n2026-01-29 10:00:00,购物,店,东西,退款收入/支出,15.00,余额,交易成功\n
bills	微信支付账单明细\n微信昵称,某某\n起始时间,2026-01-01\n----------\n交易时间,交易分类,交易对方,商品说明,收/支,金额,收/付款方式,交易状态\n2026-01-05 12:30:00,餐饮,肯德基,午餐,支出,35.50,余额,交易成功\n2026-01-06 09:00:00,工资,公司,一月工资,收入,9000.00,银行卡,交易成功\n2026-01-07 10:00:00,退款,商家,退货,收入,20.00,余额,退款成功\n2026-01-08 10:00:00,其他,x,y,不计收支,5.00,余额,交易成功\n2026-01-09 10:00:00,购物,店,东西,支出,0.00,余额,交易成功\n2026-01-10 10:00:00,购物,店,东西,支出,-15.00,余额,交易成功\ngarbage,购物,店,东西,支出,15.00,余额,交易成功\n2026-01-11 10:00:00,购物,店,东西,支出,abc,余额,交易成功\n2026-01-12 10:00:00,购物,店,东西,支出,15.00,余额,交易关闭\n2026-01-13 10:00:00,购物,店,东西,支出,15.00,余额,\n2026-01-14 10:00:00, 购物 , 店 , 东西 ,支出,15.00, 余额 , 交易成功 \n2026-01-15 10:00:00,购物,店,东西,支出,15.00\n2026-01-16 10:00:00\n,,,,,,,\n   ,  ,  ,  ,  ,  ,  ,  \n\n2026-01-17 10:00:00,"购物,杂项",店,"说,明",支出,"1,234.56",余额,交易成功\n2026-01-18 10:00:00,购物,"店\n二行",东西,支出,15.00,余额,交易成功\n2026-01-19 10:00:00,购物,"说""引号""",东西,收入,15.00,余额,交易成功\n2026-01-20 24:00:00,购物,店,东西,支出,15.00,余额,交易成功\n2026-13-40 10:00:00,购物,店,东西,支出,15.00,余额,交易成功\n2026-01-21 10:00:00,购物,店,东西,支出,15.00,余额,冻结\n2026-01-22 10:00:00,购物,店,东西,支出,15.00,余额,全额退款\n2026-01-23 10:00:00,购物,店,东西,Expense,15.00,余额,交易成功\n2026-01-24 10:00:00,购物,店,东西,收入支出,15.00,余额,交易成功\n2026-01-25 10:00:00,购物,店,东西,支出收入,15.00,余额,交易成功\n2026-01-26 10:00:00,购物,店,东西,"支出,收入",15.00,余额,交易成功\n2026-01-27 10:00:00,购物,店,东西,income expense,15.00,余额,交易成功\n2026-01-28 10:00:00,购物,店,东西,expense income,15.00,余额,交易成功\n2026-01-29 10:00:00,购物,店,东西,退款收入/支出,15.00,余额,交易成功\n
bills	微信支付账单明细\n微信昵称,某某\n起始时间,2026-01-01\n----------\n交易时间,交易分类,交易对方,商品说明,收/支,金额,收/付款方式,交易状态\n2026-01-05 12:30:00,餐饮,肯德基,午餐,支出,35.50,余额,交易成功\r\n2026-01-06 09:00:00,工资,公司,一月工资,收入,9000.00,银行卡,交易成功\r\n2026-01-07 10:00:00,退款,商家,退货,收入,20.00,余额,退款成功\r\n2026-01-08 10:00:00,其他,x,y,不计收支,5.00,余额,交易成功\r\n2026-01-09 10:00:00,购物,店,东西,支出,0.00,余额,交易成功\r\n2026-01-10 10:00:00,购物,店,东西,支出,-15.00,余额,交易成功\r\ngarbage,购物,店,东西,支出,15.00,余额,交易成功\r\n2026-01-11 10:00:00,购物,店,东西,支出,abc,余额,交易成功\r\n2026-01-12 10:00:00,购物,店,东西,支出,15.00,余额,交易关闭\r\n2026-01-13 10:00:00,购物,店,东西,支出,15.00,余额,\r\n2026-01-14 10:00:00, 购物 , 店 , 东西 ,支出,15.00, 余额 , 交易成功 \r\n2026-01-15 10:00:00,购物,店,东西,支出,15.00\r\n2026-01-16 10:00:00\r\n,,,,,,,\r\n   ,  ,  ,  ,  ,  ,  ,  \r\n\r\n2026-01-17 10:00:00,"购物,杂项",店,"说,明",支出,"1,234.56",余额,交易成功\r\n2026-01-18 10:00:00,购物,"店\n二行",东西,支出,15.00,余额,交易成功\r\n2026-01-19 10:00:00,购物,"说""引号""",东西,收入,15.00,余额,交易成功\r\n2026-01-20 24:00:00,购物,店,东西,支出,15.00,余额,交易成功\r\n2026-13-40 10:00:00,购物,店,东西,支出,15.00,余额,交易成功\r\n2026-01-21 10:00:00,购物,店,东西,支出,15.00,余额,冻结\r\n2026-01-22 10:00:00,购物,店,东西,支出,15.00,余额,全额退款\r\n2026-01-23 10:00:00,购物,店,东西,Expense,15.00,余额,交易成功\r\n2026-01-24 10:00:00,购物,店,东西,收入支出,15.00,余额,交易成功\r\n2026-01-25 10:00:00,购物,店,东西,支出收入,15.00,余额,交易成功\r\n2026-01-26 10:00:00,购物,店,东西,"支出,收入",15.00,余额,交易成功\r\n2026-01-27 10:00:00,购物,店,东西,income expense,15.00,余额,交易成功\r\n2026-01-28 10:00:00,购物,店,东西,expense income,15.00,余额,交易成功\r\n2026-01-29 10:00:00,购物,店,东西,退款收入/支出,15.00,余额,交易成功
header	微信支付账单明细\n微信昵称,某某\n起始时间,2026-01-01\n----------\n交易时间,交易分类,交易对方,商品说明,收/支,金额,收/付款方式,交易状态\n
bills	微信支付账单明细\n微信昵称,某某\n起始时间,2026-01-01\n----------\n交易时间,交易类型,交易对方,商品,收/支,金额(元),支付方式,当前状态\n2026-01-05 12:30:00,餐饮,肯德基,午餐,支出,35.50,余额,交易成功\n
bills	微信支付账单明细\n微信昵称,某某\n起始时间,2026-01-01\n----------\n交易时间,交易类型,交易对方,商品,收/支,金额(元),支付方式,当前状态\n2026-01-06 09:00:00,工资,公司,一月工资,收入,9000.00,银行卡,交易成功\n
bills	微信支付账单明细\n微信昵称,某某\n起始时间,2026-01-01\n----------\n交易时间,交易类型,交易对方,商品,收/支,金额(元),支付方式,当前状态\n2026-01-07 10:00:00,退款,商家,退货,收入,20.00,余额,退款成功\n
bills	微信支付账单明细\n微信昵称,某某\n起始时间,2026-01-01\n----------\n交易时间,交易类型,交易对方,商品,收/支,金额(元),支付方式,当前状态\n2026-01-08 10:00:00,其他,x,y,不计收支,5.00,余额,交易成功\n
bills	微信支付账单明细\n微信昵称,某某\n起始时间,2026-01-01\n----------\n交易时间,交易类型,交易对方,商品,收/支,金额(元),支付方式,当前状态\n2026-01-09 10:00:00,购物,店,东西,支出,0.00,余额,交易成功\n
bills	微信支付账单明细\n微信昵称,某某\n起始时间,2026-01-01\n----------\n交易时间,交易类型,交易对方,商品,收/支,金额(元),支付方式,当前状态\n2026-01-10 10:00:00,购物,店,东西,支出,-15.00,余额,交易成功\n
bills	微信支付账单明细\n微信昵称,某某\n起始时间,2026-01-01\n----------\n交易时间,交易类型,交易对方,商品,收/支,金额(元),支付方式,当前状态\ngarbage,购物,店,东西,支出,15.00,余额,交易成功\n
bills	微信支付账单明细\n微信昵称,某某\n起始时间,2026-01-01\n----------\n交易时间,交易类型,交易对方,商品,收/支,金额(元),支付方式,当前状态\n2026-01-11 10:00:00,购物,店,东西,支出,abc,余额,交易成功\n
bills	微信支付账单明细\n微信昵称,某某\n起始时间,2026-01-01\n----------\n交易时间,交易类型,交易对方,商品,收/支,金额(元),支付方式,当前状态\n2026-01-12 10:00:00,购物,店,东西,支出,15.00,余额,交易关闭\n
bills	微信支付账单明细\n微信昵称,某某\n起始时间,2026-01-01\n----------\n交易时间,交易类型,交易对方,商品,收/支,金额(元),支付方式,当前状态\n2026-01-13 10:00:00,购物,店,东西,支出,15.00,余额,\n
bills	微信支付账单明细\n微信昵称,某某\n起始时间,2026-01-01\n----------\n交易时间,交易类型,交易对方,商品,收/支,金额(元),支付方式,当前状态\n2026-01-14 10:00:00, 购物 , 店 , 东西 ,支出,15.00, 余额 , 交易成功 \n
bills	微信支付账单明细\n微信昵称,某某\n起始时间,2026-01-01\n----------\n交易时间,交易类型,交易对方,商品,收/支,金额(元),支付方式,当前状态\n2026-01-15 10:00:00,购物,店,东西,支出,15.00\n
bills	微信支付账单明细\n微信昵称,某某\n起始时间,2026-01-01\n----------\n交易时间,交易类型,交易对方,商品,收/支,金额(元),支付方式,当前状态\n2026-01-16 10:00:00\n
bills	微信支付账单明细\n微信昵称,某某\n起始时间,2026-01-01\n----------\n交易时间,交易类型,交易对方,商品,收/支,金额(元),支付方式,当前状态\n,,,,,,,\n
bills	微信支付账单明细\n微信昵称,某某\n起始时间,2026-01-01\n----------\n交易时间,交易类型,交易对方,商品,收/支,金额(元),支付方式,当前状态\n   ,  ,  ,  ,  ,  ,  ,  \n
bills	微信支付账单明细\n微信昵称,某某\n起始时间,2026-01-01\n----------\n交易时间,交易类型,交易对方,商品,收/支,金额(元),支付方式,当前状态\n\n
bills	微信支付账单明细\n微信昵称,某某\n起始时间,2026-01-01\n----------\n交易时间,交易类型,交易对方,商品,收/支,金额(元),支付方式,当前状态\n2026-01-17 10:00:00,"购物,杂项",店,"说,明",支出,"1,234.56",余额,交易成功\n
bills	微信支付账单明细\n微信昵称,某某\n起始时间,2026-01-01\n----------\n交易时间,交易类型,交易对方,商品,收/支,金额(元),支付方式,当前状态\n2026-01-18 10:00:00,购物,"店\n二行",东西,支出,15.00,余额,交易成功\n
bills	微信支付账单明细\n微信昵称,某某\n起始时间,2026-01-01\n----------\n交易时间,交易类型,交易对方,商品,收/支,金额(元),支付方式,当前状态\n2026-01-19 10:00:00,购物,"说""引号""",东西,收入,15.00,余额,交易成功\n
bills	微信支付账单明细\n微信昵称,某某\n起始时间,2026-01-01\n----------\n交易时间,交易类型,交易对方,商品,收/支,金额(元),支付方式,当前状态\n2026-01-20 24:00:00,购物,店,东西,支出,15.00,余额,交易成功\n
bills	微信支付账单明细\n微信昵称,某某\n起始时间,2026-01-01\n----------\n交易时间,交易类型,交易对方,商品,收/支,金额(元),支付方式,当前状态\n2026-13-40 10:00:00,购物,店,东西,支出,15.00,余额,交易成功\n
bills	微信支付账单明细\n微信昵称,某某\n起始时间,2026-01-01\n----------\n交易时间,交易类型,交易对方,商品,收/支,金额(元),支付方式,当前状态\n2026-01-21 10:00:00,购物,店,东西,支出,15.00,余额,冻结\n
bills	微信支付账单明细\n微信昵称,某某\n起始时间,2026-01-01\n----------\n交易时间,交易类型,交易对方,商品,收/支,金额(元),支付方式,当前状态\n2026-01-22 10:00:00,购物,店,东西,支出,15.00,余额,全额退款\n
bills	微信支付账单明细\n微信昵称,某某\n起始时间,2026-01-01\n----------\n交易时间,交易类型,交易对方,商品,收/支,金额(元),支付方式,当前状态\n2026-01-23 10:00:00,购物,店,东西,Expense,15.00,余额,交易成功\n
bills	微信支付账单明细\n微信昵称,某某\n起始时间,2026-01-01\n----------\n交易时间,交易类型,交易对方,商品,收/支,金额(元),支付方式,当前状态\n2026-01-24 10:00:00,购物,店,东西,收入支出,15.00,余额,交易成功\n
bills	微信支付账单明细\n微信昵称,某某\n起始时间,2026-01-01\n----------\n交易时间,交易类型,交易对方,商品,收/支,金额(元),支付方式,当前状态\n2026-01-25 10:00:00,购物,店,东西,支出收入,15.00,余额,交易成功\n
bills	微信支付账单明细\n微信昵称,某某\n起始时间,2026-01-01\n----------\n交易时间,交易类型,交易对方,商品,收/支,金额(元),支付方式,当前状态\n2026-01-26 10:00:00,购物,店,东西,"支出,收入",15.00,余额,交易成功\n
bills	微信支付账单明细\n微信昵称,某某\n起始时间,2026-01-01\n----------\n交易时间,交易类型,交易对方,商品,收/支,金额(元),支付方式,当前状态\n2026-01-27 10:00:00,购物,店,东西,income expense,15.00,余额,交易成功\n
bills	微信支付账单明细\n微信昵称,某某\n起始时间,2026-01-01\n----------\n交易时间,交易类型,交易对方,商品,收/支,金额(元),支付方式,当前状态\n2026-01-28 10:00:00,购物,店,东西,expense income,15.00,余额,交易成功\n
bills	微信支付账单明细\n微信昵称,某某\n起始时间,2026-01-01\n----------\n交易时间,交易类型,交易对方,商品,收/支,金额(元),支付方式,当前状态\n2026-01-29 10:00:00,购物,店,东西,退款收入/支出,15.00,余额,交易成功\n
bills	微信支付账单明细\n微信昵称,某某\n起始时间,2026-01-01\n----------\n交易时间,交易类型,交易对方,商品,收/支,金额(元),支付方式,当前状态\n2026-01-05 12:30:00,餐饮,肯德基,午餐,支出,35.50,余额,交易成功\n2026-01-06 09:00:00,工资,公司,一月工资,收入,9000.00,银行卡,交易成功\n2026-01-07 10:00:00,退款,商家,退货,收入,20.00,余额,退款成功\n2026-01-08 10:00:00,其他,x,y,不计收支,5.00,余额,交易成功\n2026-01-09 10:00:00,购物,店,东西,支出,0.00,余额,交易成功\n2026-01-10 10:00:00,购物,店,东西,支出,-15.00,余额,交易成功\ngarbage,购物,店,东西,支出,15.00,余额,交易成功\n2026-01-11 10:00:00,购物,店,东西,支出,abc,余额,交易成功\n2026-01-12 10:00:00,购物,店,东西,支出,15.00,余额,交易关闭\n2026-01-13 10:00:00,购物,店,东西,支出,15.00,余额,\n2026-01-14 10:00:00, 购物 , 店 , 东西 ,支出,15.00, 余额 , 交易成功 \n2026-01-15 10:00:00,购物,店,东西,支出,15.00\n2026-01-16 10:00:00\n,,,,,,,\n   ,  ,  ,  ,  ,  ,  ,  \n\n2026-01-17 10:00:00,"购物,杂项",店,"说,明",支出,"1,234.56",余额,交易成功\n2026-01-18 10:00:00,购物,"店\n二行",东西,支出,15.00,余额,交易成功\n2026-01-19 10:00:00,购物,"说""引号""",东西,收入,15.00,余额,交易成功\n2026-01-20 24:00:00,购物,店,东西,支出,15.00,余额,交易成功\n2026-13-40 10:00:00,购物,店,东西,支出,15.00,余额,交易成功\n2026-01-21 10:00:00,购物,店,东西,支出,15.00,余额,冻结\n2026-01-22 10:00:00,购物,店,东西,支出,15.00,余额,全额退款\n2026-01-23 10:00:00,购物,店,东西,Expense,15.00,余额,交易成功\n2026-01-24 10:00:00,购物,店,东西,收入支出,15.00,余额,交易成功\n2026-01-25 10:00:00,购物,店,东西,支出收入,15.00,余额,交易成功\n2026-01-26 10:00:00,购物,店,东西,"支出,收入",15.00,余额,交易成功\n2026-01-27 10:00:00,购物,店,东西,income expense,15.00,余额,交易成功\n2026-01-28 10:00:00,购物,店,东西,expense income,15.00,余额,交易成功\n2026-01-29 10:00:00,购物,店,东西,退款收入/支出,15.00,余额,交易成功\n
bills	微信支付账单明细\n微信昵称,某某\n起始时间,2026-01-01\n----------\n交易时间,交易类型,交易对方,商品,收/支,金额(元),支付方式,当前状态\n2026-01-05 12:30:00,餐饮,肯德基,午餐,支出,35.50,余额,交易成功\r\n2026-01-06 09:00:00,工资,公司,一月工资,收入,9000.00,银行卡,交易成功\r\n2026-01-07 10:00:00,退款,商家,退货,收入,20.00,余额,退款成功\r\n2026-01-08 10:00:00,其他,x,y,不计收支,5.00,余额,交易成功\r\n2026-01-09 10:00:00,购物,店,东西,支出,0.00,余额,交易成功\r\n2026-01-10 10:00:00,购物,店,东西,支出,-15.00,余额,交易成功\r\ngarbage,购物,店,东西,支出,15.00,余额,交易成功\r\n2026-01-11 10:00:00,购物,店,东西,支出,abc,余额,交易成功\r\n2026-01-12 10:00:00,购物,店,东西,支出,15.00,余额,交易关闭\r\n2026-01-13 10:00:00,购物,店,东西,支出,15.00,余额,\r\n2026-01-14 10:00:00, 购物 , 店 , 东西 ,支出,15.00, 余额 , 交易成功 \r\n2026-01-15 10:00:00,购物,店,东西,支出,15.00\r\n2026-01-16 10:00:00\r\n,,,,,,,\r\n   ,  ,  ,  ,  ,  ,  ,  \r\n\r\n2026-01-17 10:00:00,"购物,杂项",店,"说,明",支出,"1,234.56",余额,交易成功\r\n2026-01-18 10:00:00,购物,"店\n二行",东西,支出,15.00,余额,交易成功\r\n2026-01-19 10:00:00,购物,"说""引号""",东西,收入,15.00,余额,交易成功\r\n2026-01-20 24:00:00,购物,店,东西,支出,15.00,余额,交易成功\r\n2026-13-40 10:00:00,购物,店,东西,支出,15.00,余额,交易成功\r\n2026-01-21 10:00:00,购物,店,东西,支出,15.00,余额,冻结\r\n2026-01-22 10:00:00,购物,店,东西,支出,15.00,余额,全额退款\r\n2026-01-23 10:00:00,购物,店,东西,Expense,15.00,余额,交易成功\r\n2026-01-24 10:00:00,购物,店,东西,收入支出,15.00,余额,交易成功\r\n2026-01-25 10:00:00,购物,店,东西,支出收入,15.00,余额,交易成功\r\n2026-01-26 10:00:00,购物,店,东西,"支出,收入",15.00,余额,交易成功\r\n2026-01-27 10:00:00,购物,店,东西,income expense,15.00,余额,交易成功\r\n2026-01-28 10:00:00,购物,店,东西,expense income,15.00,余额,交易成功\r\n2026-01-29 10:00:00,购物,店,东西,退款收入/支出,15.00,余额,交易成功
header	微信支付账单明细\n微信昵称,某某\n起始时间,2026-01-01\n----------\n交易时间,交易类型,交易对方,商品,收/支,金额(元),支付方式,当前状态\n
bills	微信支付账单明细\n微信昵称,某某\n起始时间,2026-01-01\n----------\n日期,类型,金额,收支\n2026-01-05 12:30:00,餐饮,肯德基,午餐,支出,35.50,余额,交易成功\n
bills	微信支付账单明细\n微信昵称,某某\n起始时间,2026-01-01\n----------\n日期,类型,金额,收支\n2026-01-06 09:00:00,工资,公司,一月工资,收入,9000.00,银行卡,交易成功\n
bills	微信支付账单明细\n微信昵称,某某\n起始时间,2026-01-01\n----------\n日期,类型,金额,收支\n2026-01-07 10:00:00,退款,商家,退货,收入,20.00,余额,退款成功\n
bills	微信支付账单明细\n微信昵称,某某\n起始时间,2026-01-01\n----------\n日期,类型,金额,收支\n2026-01-08 10:00:00,其他,x,y,不计收支,5.00,余额,交易成功\n
bills	微信支付账单明细\n微信昵称,某某\n起始时间,2026-01-01\n----------\n日期,类型,金额,收支\n2026-01-09 10:00:00,购物,店,东西,支出,0.00,余额,交易成功\n
bills	微信支付账单明细\n微信昵称,某某\n起始时间,2026-01-01\n----------\n日期,类型,金额,收支\n2026-01-10 10:00:00,购物,店,东西,支出,-15.00,余额,交易成功\n
bills	微信支付账单明细\n微信昵称,某某\n起始时间,2026-01-01\n----------\n日期,类型,金额,收支\ngarbage,购物,店,东西,支出,15.00,余额,交易成功\n
bills	微信支付账单明细\n微信昵称,某某\n起始时间,2026-01-01\n----------\n日期,类型,金额,收支\n2026-01-11 10:00:00,购物,店,东西,支出,abc,余额,交易成功\n
bills	微信支付账单明细\n微信昵称,某某\n起始时间,2026-01-01\n----------\n日期,类型,金额,收支\n2026-01-12 10:00:00,购物,店,东西,支出,15.00,余额,交易关闭\n
bills	微信支付账单明细\n微信昵称,某某\n起始时间,2026-01-01\n----------\n日期,类型,金额,收支\n2026-01-13 10:00:00,购物,店,东西,支出,15.00,余额,\n
bills	微信支付账单明细\n微信昵称,某某\n起始时间,2026-01-01\n----------\n日期,类型,金额,收支\n2026-01-14 10:00:00, 购物 , 店 , 东西 ,支出,15.00, 余额 , 交易成功 \n
bills	微信支付账单明细\n微信昵称,某某\n起始时间,2026-01-01\n----------\n日期,类型,金额,收支\n2026-01-15 10:00:00,购物,店,东西,支出,15.00\n
bills	微信支付账单明细\n微信昵称,某某\n起始时间,2026-01-01\n----------\n日期,类型,金额,收支\n2026-01-16 10:00:00\n
bills	微信支付账单明细\n微信昵称,某某\n起始时间,2026-01-01\n----------\n日期,类型,金额,收支\n,,,,,,,\n
bills	微信支付账单明细\n微信昵称,某某\n起始时间,2026-01-01\n----------\n日期,类型,金额,收支\n   ,  ,  ,  ,  ,  ,  ,  \n
bills	微信支付账单明细\n微信昵称,某某\n起始时间,2026-01-01\n----------\n日期,类型,金额,收支\n\n
bills	微信支付账单明细\n微信昵称,某某\n起始时间,2026-01-01\n----------\n日期,类型,金额,收支\n2026-01-17 10:00:00,"购物,杂项",店,"说,明",支出,"1,234.56",余额,交易成功\n
bills	微信支付账单明细\n微信昵称,某某\n起始时间,2026-01-01\n----------\n日期,类型,金额,收支\n2026-01-18 10:00:00,购物,"店\n二行",东西,支出,15.00,余额,交易成功\n
bills	微信支付账单明细\n微信昵称,某某\n起始时间,2026-01-01\n----------\n日期,类型,金额,收支\n2026-01-19 10:00:00,购物,"说""引号""",东西,收入,15.00,余额,交易成功\n
bills	微信支付账单明细\n微信昵称,某某\n起始时间,2026-01-01\n----------\n日期,类型,金额,收支\n2026-01-20 24:00:00,购物,店,东西,支出,15.00,余额,交易成功\n
bills	微信支付账单明细\n微信昵称,某某\n起始时间,2026-01-01\n----------\n日期,类型,金额,收支\n2026-13-40 10:00:00,购物,店,东西,支出,15.00,余额,交易成功\n
bills	微信支付账单明细\n微信昵称,某某\n起始时间,2026-01-01\n----------\n日期,类型,金额,收支\n2026-01-21 10:00:00,购物,店,东西,支出,15.00,余额,冻结\n
bills	微信支付账单明细\n微信昵称,某某\n起始时间,2026-01-01\n----------\n日期,类型,金额,收支\n2026-01-22 10:00:00,购物,店,东西,支出,15.00,余额,全额退款\n
bills	微信支付账单明细\n微信昵称,某某\n起始时间,2026-01-01\n----------\n日期,类型,金额,收支\n2026-01-23 10:00:00,购物,店,东西,Expense,15.00,余额,交易成功\n
bills	微信支付账单明细\n微信昵称,某某\n起始时间,2026-01-01\n----------\n日期,类型,金额,收支\n2026-01-24 10:00:00,购物,店,东西,收入支出,15.00,余额,交易成功\n
bills	微信支付账单明细\n微信昵称,某某\n起始时间,2026-01-01\n----------\n日期,类型,金额,收支\n2026-01-25 10:00:00,购物,店,东西,支出收入,15.00,余额,交易成功\n
bills	微信支付账单明细\n微信昵称,某某\n起始时间,2026-01-01\n----------\n日期,类型,金额,收支\n2026-01-26 10:00:00,购物,店,东西,"支出,收入",15.00,余额,交易成功\n
bills	微信支付账单明细\n微信昵称,某某\n起始时间,2026-01-01\n----------\n日期,类型,金额,收支\n2026-01-27 10:00:00,购物,店,东西,income expense,15.00,余额,交易成功\n
bills	微信支付账单明细\n微信昵称,某某\n起始时间,2026-01-01\n----------\n日期,类型,金额,收支\n2026-01-28 10:00:00,购物,店,东西,expense income,15.00,余额,交易成功\n
bills	微信支付账单明细\n微信昵称,某某\n起始时间,2026-01-01\n----------\n日期,类型,金额,收支\n2026-01-29 10:00:00,购物,店,东西,退款收入/支出,15.00,余额,交易成功\n
bills	微信支付账单明细\n微信昵称,某某\n起始时间,2026-01-01\n----------\n日期,类型,金额,收支\n2026-01-05 12:30:00,餐饮,肯德基,午餐,支出,35.50,余额,交易成功\n2026-01-06 09:00:00,工资,公司,一月工资,收入,9000.00,银行卡,交易成功\n2026-01-07 10:00:00,退款,商家,退货,收入,20.00,余额,退款成功\n2026-01-08 10:00:00,其他,x,y,不计收支,5.00,余额,交易成功\n2026-01-09 10:00:00,购物,店,东西,支出,0.00,余额,交易成功\n2026-01-10 10:00:00,购物,店,东西,支出,-15.00,余额,交易成功\ngarbage,购物,店,东西,支出,15.00,余额,交易成功\n2026-01-11 10:00:00,购物,店,东西,支出,abc,余额,交易成功\n2026-01-12 10:00:00,购物,店,东西,支出,15.00,余额,交易关闭\n2026-01-13 10:00:00,购物,店,东西,支出,15.00,余额,\n2026-01-14 10:00:00, 购物 , 店 , 东西 ,支出,15.00, 余额 , 交易成功 \n2026-01-15 10:00:00,购物,店,东西,支出,15.00\n2026-01-16 10:00:00\n,,,,,,,\n   ,  ,  ,  ,  ,  ,  ,  \n\n2026-01-17 10:00:00,"购物,杂项",店,"说,明",支出,"1,234.56",余额,交易成功\n2026-01-18 10:00:00,购物,"店\n二行",东西,支出,15.00,余额,交易成功\n2026-01-19 10:00:00,购物,"说""引号""",东西,收入,15.00,余额,交易成功\n2026-01-20 24:00:00,购物,店,东西,支出,15.00,余额,交易成功\n2026-13-40 10:00:00,购物,店,东西,支出,15.00,余额,交易成功\n2026-01-21 10:00:00,购物,店,东西,支出,15.00,余额,冻结\n2026-01-22 10:00:00,购物,店,东西,支出,15.00,余额,全额退款\n2026-01-23 10:00:00,购物,店,东西,Expense,15.00,余额,交易成功\n2026-01-24 10:00:00,购物,店,东西,收入支出,15.00,余额,交易成功\n2026-01-25 10:00:00,购物,店,东西,支出收入,15.00,余额,交易成功\n2026-01-26 10:00:00,购物,店,东西,"支出,收入",15.00,余额,交易成功\n2026-01-27 10:00:00,购物,店,东西,income expense,15.00,余额,交易成功\n2026-01-28 10:00:00,购物,店,东西,expense income,15.00,余额,交易成功\n2026-01-29 10:00:00,购物,店,东西,退款收入/支出,15.00,余额,交易成功\n
bills	微信支付账单明细\n微信昵称,某某\n起始时间,2026-01-01\n----------\n日期,类型,金额,收支\n2026-01-05 12:30:00,餐饮,肯德基,午餐,支出,35.50,余额,交易成功\r\n2026-01-06 09:00:00,工资,公司,一月工资,收入,9000.00,银行卡,交易成功\r\n2026-01-07 10:00:00,退款,商家,退货,收入,20.00,余额,退款成功\r\n2026-01-08 10:00:00,其他,x,y,不计收支,5.00,余额,交易成功\r\n2026-01-09 10:00:00,购物,店,东西,支出,0.00,余额,交易成功\r\n2026-01-10 10:00:00,购物,店,东西,支出,-15.00,余额,交易成功\r\ngarbage,购物,店,东西,支出,15.00,余额,交易成功\r\n2026-01-11 10:00:00,购物,店,东西,支出,abc,余额,交易成功\r\n2026-01-12 10:00:00,购物,店,东西,支出,15.00,余额,交易关闭\r\n2026-01-13 10:00:00,购物,店,东西,支出,15.00,余额,\r\n2026-01-14 10:00:00, 购物 , 店 , 东西 ,支出,15.00, 余额 , 交易成功 \r\n2026-01-15 10:00:00,购物,店,东西,支出,15.00\r\n2026-01-16 10:00:00\r\n,,,,,,,\r\n   ,  ,  ,  ,  ,  ,  ,  \r\n\r\n2026-01-17 10:00:00,"购物,杂项",店,"说,明",支出,"1,234.56",余额,交易成功\r\n2026-01-18 10:00:00,购物,"店\n二行",东西,支出,15.00,余额,交易成功\r\n2026-01-19 10:00:00,购物,"说""引号""",东西,收入,15.00,余额,交易成功\r\n2026-01-20 24:00:00,购物,店,东西,支出,15.00,余额,交易成功\r\n2026-13-40 10:00:00,购物,店,东西,支出,15.00,余额,交易成功\r\n2026-01-21 10:00:00,购物,店,东西,支出,15.00,余额,冻结\r\n2026-01-22 10:00:00,购物,店,东西,支出,15.00,余额,全额退款\r\n2026-01-23 10:00:00,购物,店,东西,Expense,15.00,余额,交易成功\r\n2026-01-24 10:00:00,购物,店,东西,收入支出,15.00,余额,交易成功\r\n2026-01-25 10:00:00,购物,店,东西,支出收入,15.00,余额,交易成功\r\n2026-01-26 10:00:00,购物,店,东西,"支出,收入",15.00,余额,交易成功\r\n2026-01-27 10:00:00,购物,店,东西,income expense,15.00,余额,交易成功\r\n2026-01-28 10:00:00,购物,店,东西,expense income,15.00,余额,交易成功\r\n2026-01-29 10:00:00,购物,店,东西,退款收入/支出,15.00,余额,交易成功
header	微信支付账单明细\n微信昵称,某某\n起始时间,2026-01-01\n----------\n日期,类型,金额,收支\n
bills	微信支付账单明细\n微信昵称,某某\n起始时间,2026-01-01\n----------\n类型,交易分类,时间,交易时间,金额,收/支\n2026-01-05 12:30:00,餐饮,肯德基,午餐,支出,35.50,余额,交易成功\n
bills	微信支付账单明细\n微信昵称,某某\n起始时间,2026-01-01\n----------\n类型,交易分类,时间,交易时间,金额,收/支\n2026-01-06 09:00:00,工资,公司,一月工资,收入,9000.00,银行卡,交易成功\n
bills	微信支付账单明细\n微信昵称,某某\n起始时间,2026-01-01\n----------\n类型,交易分类,时间,交易时间,金额,收/支\n2026-01-07 10:00:00,退款,商家,退货,收入,20.00,余额,退款成功\n
bills	微信支付账单明细\n微信昵称,某某\n起始时间,2026-01-01\n----------\n类型,交易分类,时间,交易时间,金额,收/支\n2026-01-08 10:00:00,其他,x,y,不计收支,5.00,余额,交易成功\n
bills	微信支付账单明细\n微信昵称,某某\n起始时间,2026-01-01\n----------\n类型,交易分类,时间,交易时间,金额,收/支\n2026-01-09 10:00:00,购物,店,东西,支出,0.00,余额,交易成功\n
bills	微信支付账单明细\n微信昵称,某某\n起始时间,2026-01-01\n----------\n类型,交易分类,时间,交易时间,金额,收/支\n2026-01-10 10:00:00,购物,店,东西,支出,-15.00,余额,交易成功\n
bills	微信支付账单明细\n微信昵称,某某\n起始时间,2026-01-01\n----------\n类型,交易分类,时间,交易时间,金额,收/支\ngarbage,购物,店,东西,支出,15.00,余额,交易成功\n
bills	微信支付账单明细\n微信昵称,某某\n起始时间,2026-01-01\n----------\n类型,交易分类,时间,交易时间,金额,收/支\n2026-01-11 10:00:00,购物,店,东西,支出,abc,余额,交易成功\n
bills	微信支付账单明细\n微信昵称,某某\n起始时间,2026-01-01\n----------\n类型,交易分类,时间,交易时间,金额,收/支\n2026-01-12 10:00:00,购物,店,东西,支出,15.00,余额,交易关闭\n
bills	微信支付账单明细\n微信昵称,某某\n起始时间,2026-01-01\n----------\n类型,交易分类,时间,交易时间,金额,收/支\n2026-01-13 10:00:00,购物,店,东西,支出,15.00,余额,\n
bills	微信支付账单明细\n微信昵称,某某\n起始时间,2026-01-01\n----------\n类型,交易分类,时间,交易时间,金额,收/支\n2026-01-14 10:00:00, 购物 , 店 , 东西 ,支出,15.00, 余额 , 交易成功 \n
bills	微信支付账单明细\n微信昵称,某某\n起始时间,2026-01-01\n----------\n类型,交易分类,时间,交易时间,金额,收/支\n2026-01-15 10:00:00,购物,店,东西,支出,15.00\n
bills	微信支付账单明细\n微信昵称,某某\n起始时间,2026-01-01\n----------\n类型,交易分类,时间,交易时间,金额,收/支\n2026-01-16 10:00:00\n
bills	微信支付账单明细\n微信昵称,某某\n起始时间,2026-01-01\n----------\n类型,交易分类,时间,交易时间,金额,收/支\n,,,,,,,\n
bills	微信支付账单明细\n微信昵称,某某\n起始时间,2026-01-01\n----------\n类型,交易分类,时间,交易时间,金额,收/支\n   ,  ,  ,  ,  ,  ,  ,  \n
bills	微信支付账单明细\n微信昵称,某某\n起始时间,2026-01-01\n----------\n类型,交易分类,时间,交易时间,金额,收/支\n\n
bills	微信支付账单明细\n微信昵称,某某\n起始时间,2026-01-01\n----------\n类型,交易分类,时间,交易时间,金额,收/支\n2026-01-17 10:00:00,"购物,杂项",店,"说,明",支出,"1,234.56",余额,交易成功\n
bills	微信支付账单明细\n微信昵称,某某\n起始时间,2026-01-01\n----------\n类型,交易分类,时间,交易时间,金额,收/支\n2026-01-18 10:00:00,购物,"店\n二行",东西,支出,15.00,余额,交易成功\n
bills	微信支付账单明细\n微信昵称,某某\n起始时间,2026-01-01\n----------\n类型,交易分类,时间,交易时间,金额,收/支\n2026-01-19 10:00:00,购物,"说""引号""",东西,收入,15.00,余额,交易成功\n
bills	微信支付账单明细\n微信昵称,某某\n起始时间,2026-01-01\n----------\n类型,交易分类,时间,交易时间,金额,收/支\n2026-01-20 24:00:00,购物,店,东西,支出,15.00,余额,交易成功\n
bills	微信支付账单明细\n微信昵称,某某\n起始时间,2026-01-01\n----------\n类型,交易分类,时间,交易时间,金额,收/支\n2026-13-40 10:00:00,购物,店,东西,支出,15.00,余额,交易成功\n
bills	微信支付账单明细\n微信昵称,某某\n起始时间,2026-01-01\n----------\n类型,交易分类,时间,交易时间,金额,收/支\n2026-01-21 10:00:00,购物,店,东西,支出,15.00,余额,冻结\n
bills	微信支付账单明细\n微信昵称,某某\n起始时间,2026-01-01\n----------\n类型,交易分类,时间,交易时间,金额,收/支\n2026-01-22 10:00:00,购物,店,东西,支出,15.00,余额,全额退款\n
bills	微信支付账单明细\n微信昵称,某某\n起始时间,2026-01-01\n----------\n类型,交易分类,时间,交易时间,金额,收/支\n2026-01-23 10:00:00,购物,店,东西,Expense,15.00,余额,交易成功\n
bills	微信支付账单明细\n微信昵称,某某\n起始时间,2026-01-01\n----------\n类型,交易分类,时间,交易时间,金额,收/支\n2026-01-24 10:00:00,购物,店,东西,收入支出,15.00,余额,交易成功\n
bills	微信支付账单明细\n微信昵称,某某\n起始时间,2026-01-01\n----------\n类型,交易分类,时间,交易时间,金额,收/支\n2026-01-25 10:00:00,购物,店,东西,支出收入,15.00,余额,交易成功\n
bills	微信支付账单明细\n微信昵称,某某\n起始时间,2026-01-01\n----------\n类型,交易分类,时间,交易时间,金额,收/支\n2026-01-26 10:00:00,购物,店,东西,"支出,收入",15.00,余额,交易成功\n
bills	微信支付账单明细\n微信昵称,某某\n起始时间,2026-01-01\n----------\n类型,交易分类,时间,交易时间,金额,收/支\n2026-01-27 10:00:00,购物,店,东西,income expense,15.00,余额,交易成功\n
bills	微信支付账单明细\n微信昵称,某某\n起始时间,2026-01-01\n----------\n类型,交易分类,时间,交易时间,金额,收/支\n2026-01-28 10:00:00,购物,店,东西,expense income,15.00,余额,交易成功\n
bills	微信支付账单明细\n微信昵称,某某\n起始时间,2026-01-01\n----------\n类型,交易分类,时间,交易时间,金额,收/支\n2026-01-29 10:00:00,购物,店,东西,退款收入/支出,15.00,余额,交易成功\n
bills	微信支付账单明细\n微信昵称,某某\n起始时间,2026-01-01\n----------\n类型,交易分类,时间,交易时间,金额,收/支\n2026-01-05 12:30:00,餐饮,肯德基,午餐,支出,35.50,余额,交易成功\n2026-01-06 09:00:00,工资,公司,一月工资,收入,9000.00,银行卡,交易成功\n2026-01-07 10:00:00,退款,商家,退货,收入,20.00,余额,退款成功\n2026-01-08 10:00:00,其他,x,y,不计收支,5.00,余额,交易成功\n2026-01-09 10:00:00,购物,店,东西,支出,0.00,余额,交易成功\n2026-01-10 10:00:00,购物,店,东西,支出,-15.00,余额,交易成功\ngarbage,购物,店,东西,支出,15.00,余额,交易成功\n2026-01-11 10:00:00,购物,店,东西,支出,abc,余额,交易成功\n2026-01-12 10:00:00,购物,店,东西,支出,15.00,余额,交易关闭\n2026-01-13 10:00:00,购物,店,东西,支出,15.00,余额,\n2026-01-14 10:00:00, 购物 , 店 , 东西 ,支出,15.00, 余额 , 交易成功 \n2026-01-15 10:00:00,购物,店,东西,支出,15.00\n2026-01-16 10:00:00\n,,,,,,,\n   ,  ,  ,  ,  ,  ,  ,  \n\n2026-01-17 10:00:00,"购物,杂项",店,"说,明",支出,"1,234.56",余额,交易成功\n2026-01-18 10:00:00,购物,"店\n二行",东西,支出,15.00,余额,交易成功\n2026-01-19 10:00:00,购物,"说""引号""",东西,收入,15.00,余额,交易成功\n2026-01-20 24:00:00,购物,店,东西,支出,15.00,余额,交易成功\n2026-13-40 10:00:00,购物,店,东西,支出,15.00,余额,交易成功\n2026-01-21 10:00:00,购物,店,东西,支出,15.00,余额,冻结\n2026-01-22 10:00:00,购物,店,东西,支出,15.00,余额,全额退款\n2026-01-23 10:00:00,购物,店,东西,Expense,15.00,余额,交易成功\n2026-01-24 10:00:00,购物,店,东西,收入支出,15.00,余额,交易成功\n2026-01-25 10:00:00,购物,店,东西,支出收入,15.00,余额,交易成功\n2026-01-26 10:00:00,购物,店,东西,"支出,收入",15.00,余额,交易成功\n2026-01-27 10:00:00,购物,店,东西,income expense,15.00,余额,交易成功\n2026-01-28 10:00:00,购物,店,东西,expense income,15.00,余额,交易成功\n2026-01-29 10:00:00,购物,店,东西,退款收入/支出,15.00,余额,交易成功\n
bills	微信支付账单明细\n微信昵称,某某\n起始时间,2026-01-01\n----------\n类型,交易分类,时间,交易时间,金额,收/支\n2026-01-05 12:30:00,餐饮,肯德基,午餐,支出,35.50,余额,交易成功\r\n2026-01-06 09:00:00,工资,公司,一月工资,收入,9000.00,银行卡,交易成功\r\n2026-01-07 10:00:00,退款,商家,退货,收入,20.00,余额,退款成功\r\n2026-01-08 10:00:00,其他,x,y,不计收支,5.00,余额,交易成功\r\n2026-01-09 10:00:00,购物,店,东西,支出,0.00,余额,交易成功\r\n2026-01-10 10:00:00,购物,店,东西,支出,-15.00,余额,交易成功\r\ngarbage,购物,店,东西,支出,15.00,余额,交易成功\r\n2026-01-11 10:00:00,购物,店,东西,支出,abc,余额,交易成功\r\n2026-01-12 10:00:00,购物,店,东西,支出,15.00,余额,交易关闭\r\n2026-01-13 10:00:00,购物,店,东西,支出,15.00,余额,\r\n2026-01-14 10:00:00, 购物 , 店 , 东西 ,支出,15.00, 余额 , 交易成功 \r\n2026-01-15 10:00:00,购物,店,东西,支出,15.00\r\n2026-01-16 10:00:00\r\n,,,,,,,\r\n   ,  ,  ,  ,  ,  ,  ,  \r\n\r\n2026-01-17 10:00:00,"购物,杂项",店,"说,明",支出,"1,234.56",余额,交易成功\r\n2026-01-18 10:00:00,购物,"店\n二行",东西,支出,15.00,余额,交易成功\r\n2026-01-19 10:00:00,购物,"说""引号""",东西,收入,15.00,余额,交易成功\r\n2026-01-20 24:00:00,购物,店,东西,支出,15.00,余额,交易成功\r\n2026-13-40 10:00:00,购物,店,东西,支出,15.00,余额,交易成功\r\n2026-01-21 10:00:00,购物,店,东西,支出,15.00,余额,冻结\r\n2026-01-22 10:00:00,购物,店,东西,支出,15.00,余额,全额退款\r\n2026-01-23 10:00:00,购物,店,东西,Expense,15.00,余额,交易成功\r\n2026-01-24 10:00:00,购物,店,东西,收入支出,15.00,余额,交易成功\r\n2026-01-25 10:00:00,购物,店,东西,支出收入,15.00,余额,交易成功\r\n2026-01-26 10:00:00,购物,店,东西,"支出,收入",15.00,余额,交易成功\r\n2026-01-27 10:00:00,购物,店,东西,income expense,15.00,余额,交易成功\r\n2026-01-28 10:00:00,购物,店,东西,expense income,15.00,余额,交易成功\r\n2026-01-29 10:00:00,购物,店,东西,退款收入/支出,15.00,余额,交易成功
header	微信支付账单明细\n微信昵称,某某\n起始时间,2026-01-01\n----------\n类型,交易分类,时间,交易时间,金额,收/支\n
bills	微信支付账单明细\n微信昵称,某某\n起始时间,2026-01-01\n----------\n交易时间,金额\n2026-01-05 12:30:00,餐饮,肯德基,午餐,支出,35.50,余额,交易成功\n
bills	微信支付账单明细\n微信昵称,某某\n起始时间,2026-01-01\n----------\n交易时间,金额\n2026-01-06 09:00:00,工资,公司,一月工资,收入,9000.00,银行卡,交易成功\n
bills	微信支付账单明细\n微信昵称,某某\n起始时间,2026-01-01\n----------\n交易时间,金额\n2026-01-07 10:00:00,退款,商家,退货,收入,20.00,余额,退款成功\n
bills	微信支付账单明细\n微信昵称,某某\n起始时间,2026-01-01\n----------\n交易时间,金额\n2026-01-08 10:00:00,其他,x,y,不计收支,5.00,余额,交易成功\n
bills	微信支付账单明细\n微信昵称,某某\n起始时间,2026-01-01\n----------\n交易时间,金额\n2026-01-09 10:00:00,购物,店,东西,支出,0.00,余额,交易成功\n
bills	微信支付账单明细\n微信昵称,某某\n起始时间,2026-01-01\n----------\n交易时间,金额\n2026-01-10 10:00:00,购物,店,东西,支出,-15.00,余额,交易成功\n
bills	微信支付账单明细\n微信昵称,某某\n起始时间,2026-01-01\n----------\n交易时间,金额\ngarbage,购物,店,东西,支出,15.00,余额,交易成功\n
bills	微信支付账单明细\n微信昵称,某某\n起始时间,2026-01-01\n----------\n交易时间,金额\n2026-01-11 10:00:00,购物,店,东西,支出,abc,余额,交易成功\n
bills	微信支付账单明细\n微信昵称,某某\n起始时间,2026-01-01\n----------\n交易时间,金额\n2026-01-12 10:00:00,购物,店,东西,支出,15.00,余额,交易关闭\n
bills	微信支付账单明细\n微信昵称,某某\n起始时间,2026-01-01\n----------\n交易时间,金额\n2026-01-13 10:00:00,购物,店,东西,支出,15.00,余额,\n
bills	微信支付账单明细\n微信昵称,某某\n起始时间,2026-01-01\n----------\n交易时间,金额\n2026-01-14 10:00:00, 购物 , 店 , 东西 ,支出,15.00, 余额 , 交易成功 \n
bills	微信支付账单明细\n微信昵称,某某\n起始时间,2026-01-01\n----------\n交易时间,金额\n2026-01-15 10:00:00,购物,店,东西,支出,15.00\n
bills	微信支付账单明细\n微信昵称,某某\n起始时间,2026-01-01\n----------\n交易时间,金额\n2026-01-16 10:00:00\n
bills	微信支付账单明细\n微信昵称,某某\n起始时间,2026-01-01\n----------\n交易时间,金额\n,,,,,,,\n
bills	微信支付账单明细\n微信昵称,某某\n起始时间,2026-01-01\n----------\n交易时间,金额\n   ,  ,  ,  ,  ,  ,  ,  \n
bills	微信支付账单明细\n微信昵称,某某\n起始时间,2026-01-01\n----------\n交易时间,金额\n\n
bills	微信支付账单明细\n微信昵称,某某\n起始时间,2026-01-01\n----------\n交易时间,金额\n2026-01-17 10:00:00,"购物,杂项",店,"说,明",支出,"1,234.56",余额,交易成功\n
bills	微信支付账单明细\n微信昵称,某某\n起始时间,2026-01-01\n----------\n交易时间,金额\n2026-01-18 10:00:00,购物,"店\n二行",东西,支出,15.00,余额,交易成功\n
bills	微信支付账单明细\n微信昵称,某某\n起始时间,2026-01-01\n----------\n交易时间,金额\n2026-01-19 10:00:00,购物,"说""引号""",东西,收入,15.00,余额,交易成功\n
bills	微信支付账单明细\n微信昵称,某某\n起始时间,2026-01-01\n----------\n交易时间,金额\n2026-01-20 24:00:00,购物,店,东西,支出,15.00,余额,交易成功\n
bills	微信支付账单明细\n微信昵称,某某\n起始时间,2026-01-01\n----------\n交易时间,金额\n2026-13-40 10:00:00,购物,店,东西,支出,15.00,余额,交易成功\n
bills	微信支付账单明细\n微信昵称,某某\n起始时间,2026-01-01\n----------\n交易时间,金额\n2026-01-21 10:00:00,购物,店,东西,支出,15.00,余额,冻结\n
bills	微信支付账单明细\n微信昵称,某某\n起始时间,2026-01-01\n----------\n交易时间,金额\n2026-01-22 10:00:00,购物,店,东西,支出,15.00,余额,全额退款\n
bills	微信支付账单明细\n微信昵称,某某\n起始时间,2026-01-01\n----------\n交易时间,金额\n2026-01-23 10:00:00,购物,店,东西,Expense,15.00,余额,交易成功\n
bills	微信支付账单明细\n微信昵称,某某\n起始时间,2026-01-01\n----------\n交易时间,金额\n2026-01-24 10:00:00,购物,店,东西,收入支出,15.00,余额,交易成功\n
bills	微信支付账单明细\n微信昵称,某某\n起始时间,2026-01-01\n----------\n交易时间,金额\n2026-01-25 10:00:00,购物,店,东西,支出收入,15.00,余额,交易成功\n
bills	微信支付账单明细\n微信昵称,某某\n起始时间,2026-01-01\n----------\n交易时间,金额\n2026-01-26 10:00:00,购物,店,东西,"支出,收入",15.00,余额,交易成功\n
bills	微信支付账单明细\n微信昵称,某某\n起始时间,2026-01-01\n----------\n交易时间,金额\n2026-01-27 10:00:00,购物,店,东西,income expense,15.00,余额,交易成功\n
bills	微信支付账单明细\n微信昵称,某某\n起始时间,2026-01-01\n----------\n交易时间,金额\n2026-01-28 10:00:00,购物,店,东西,expense income,15.00,余额,交易成功\n
bills	微信支付账单明细\n微信昵称,某某\n起始时间,2026-01-01\n----------\n交易时间,金额\n2026-01-29 10:00:00,购物,店,东西,退款收入/支出,15.00,余额,交易成功\n
bills	微信支付账单明细\n微信昵称,某某\n起始时间,2026-01-01\n----------\n交易时间,金额\n2026-01-05 12:30:00,餐饮,肯德基,午餐,支出,35.50,余额,交易成功\n2026-01-06 09:00:00,工资,公司,一月工资,收入,9000.00,银行卡,交易成功\n2026-01-07 10:00:00,退款,商家,退货,收入,20.00,余额,退款成功\n2026-01-08 10:00:00,其他,x,y,不计收支,5.00,余额,交易成功\n2026-01-09 10:00:00,购物,店,东西,支出,0.00,余额,交易成功\n2026-01-10 10:00:00,购物,店,东西,支出,-15.00,余额,交易成功\ngarbage,购物,店,东西,支出,15.00,余额,交易成功\n2026-01-11 10:00:00,购物,店,东西,支出,abc,余额,交易成功\n2026-01-12 10:00:00,购物,店,东西,支出,15.00,余额,交易关闭\n2026-01-13 10:00:00,购物,店,东西,支出,15.00,余额,\n2026-01-14 10:00:00, 购物 , 店 , 东西 ,支出,15.00, 余额 , 交易成功 \n2026-01-15 10:00:00,购物,店,东西,支出,15.00\n2026-01-16 10:00:00\n,,,,,,,\n   ,  ,  ,  ,  ,  ,  ,  \n\n2026-01-17 10:00:00,"购物,杂项",店,"说,明",支出,"1,234.56",余额,交易成功\n2026-01-18 10:00:00,购物,"店\n二行",东西,支出,15.00,余额,交易成功\n2026-01-19 10:00:00,购物,"说""引号""",东西,收入,15.00,余额,交易成功\n2026-01-20 24:00:00,购物,店,东西,支出,15.00,余额,交易成功\n2026-13-40 10:00:00,购物,店,东西,支出,15.00,余额,交易成功\n2026-01-21 10:00:00,购物,店,东西,支出,15.00,余额,冻结\n2026-01-22 10:00:00,购物,店,东西,支出,15.00,余额,全额退款\n2026-01-23 10:00:00,购物,店,东西,Expense,15.00,余额,交易成功\n2026-01-24 10:00:00,购物,店,东西,收入支出,15.00,余额,交易成功\n2026-01-25 10:00:00,购物,店,东西,支出收入,15.00,余额,交易成功\n2026-01-26 10:00:00,购物,店,东西,"支出,收入",15.00,余额,交易成功\n2026-01-27 10:00:00,购物,店,东西,income expense,15.00,余额,交易成功\n2026-01-28 10:00:00,购物,店,东西,expense income,15.00,余额,交易成功\n2026-01-29 10:00:00,购物,店,东西,退款收入/支出,15.00,余额,交易成功\n
bills	微信支付账单明细\n微信昵称,某某\n起始时间,2026-01-01\n----------\n交易时间,金额\n2026-01-05 12:30:00,餐饮,肯德基,午餐,支出,35.50,余额,交易成功\r\n2026-01-06 09:00:00,工资,公司,一月工资,收入,9000.00,银行卡,交易成功\r\n2026-01-07 10:00:00,退款,商家,退货,收入,20.00,余额,退款成功\r\n2026-01-08 10:00:00,其他,x,y,不计收支,5.00,余额,交易成功\r\n2026-01-09 10:00:00,购物,店,东西,支出,0.00,余额,交易成功\r\n2026-01-10 10:00:00,购物,店,东西,支出,-15.00,余额,交易成功\r\ngarbage,购物,店,东西,支出,15.00,余额,交易成功\r\n2026-01-11 10:00:00,购物,店,东西,支出,abc,余额,交易成功\r\n2026-01-12 10:00:00,购物,店,东西,支出,15.00,余额,交易关闭\r\n2026-01-13 10:00:00,购物,店,东西,支出,15.00,余额,\r\n2026-01-14 10:00:00, 购物 , 店 , 东西 ,支出,15.00, 余额 , 交易成功 \r\n2026-01-15 10:00:00,购物,店,东西,支出,15.00\r\n2026-01-16 10:00:00\r\n,,,,,,,\r\n   ,  ,  ,  ,  ,  ,  ,  \r\n\r\n2026-01-17 10:00:00,"购物,杂项",店,"说,明",支出,"1,234.56",余额,交易成功\r\n2026-01-18 10:00:00,购物,"店\n二行",东西,支出,15.00,余额,交易成功\r\n2026-01-19 10:00:00,购物,"说""引号""",东西,收入,15.00,余额,交易成功\r\n2026-01-20 24:00:00,购物,店,东西,支出,15.00,余额,交易成功\r\n2026-13-40 10:00:00,购物,店,东西,支出,15.00,余额,交易成功\r\n2026-01-21 10:00:00,购物,店,东西,支出,15.00,余额,冻结\r\n2026-01-22 10:00:00,购物,店,东西,支出,15.00,余额,全额退款\r\n2026-01-23 10:00:00,购物,店,东西,Expense,15.00,余额,交易成功\r\n2026-01-24 10:00:00,购物,店,东西,收入支出,15.00,余额,交易成功\r\n2026-01-25 10:00:00,购物,店,东西,支出收入,15.00,余额,交易成功\r\n2026-01-26 10:00:00,购物,店,东西,"支出,收入",15.00,余额,交易成功\r\n2026-01-27 10:00:00,购物,店,东西,income expense,15.00,余额,交易成功\r\n2026-01-28 10:00:00,购物,店,东西,expense income,15.00,余额,交易成功\r\n2026-01-29 10:00:00,购物,店,东西,退款收入/支出,15.00,余额,交易成功
header	微信支付账单明细\n微信昵称,某某\n起始时间,2026-01-01\n----------\n交易时间,金额\n
bills	财付通\n交易时间,交易分类,交易对方,商品说明,收/支,金额,收/付款方式,交易状态\n2026-01-05 12:30:00,餐饮,肯德基,午餐,支出,35.50,余额,交易成功\n
bills	财付通\n交易时间,交易分类,交易对方,商品说明,收/支,金额,收/付款方式,交易状态\n2026-01-06 09:00:00,工资,公司,一月工资,收入,9000.00,银行卡,交易成功\n
bills	财付通\n交易时间,交易分类,交易对方,商品说明,收/支,金额,收/付款方式,交易状态\n2026-01-07 10:00:00,退款,商家,退货,收入,20.00,余额,退款成功\n
bills	财付通\n交易时间,交易分类,交易对方,商品说明,收/支,金额,收/付款方式,交易状态\n2026-01-08 10:00:00,其他,x,y,不计收支,5.00,余额,交易成功\n
bills	财付通\n交易时间,交易分类,交易对方,商品说明,收/支,金额,收/付款方式,交易状态\n2026-01-09 10:00:00,购物,店,东西,支出,0.00,余额,交易成功\n
bills	财付通\n交易时间,交易分类,交易对方,商品说明,收/支,金额,收/付款方式,交易状态\n2026-01-10 10:00:00,购物,店,东西,支出,-15.00,余额,交易成功\n
bills	财付通\n交易时间,交易分类,交易对方,商品说明,收/支,金额,收/付款方式,交易状态\ngarbage,购物,店,东西,支出,15.00,余额,交易成功\n
bills	财付通\n交易时间,交易分类,交易对方,商品说明,收/支,金额,收/付款方式,交易状态\n2026-01-11 10:00:00,购物,店,东西,支出,abc,余额,交易成功\n
bills	财付通\n交易时间,交易分类,交易对方,商品说明,收/支,金额,收/付款方式,交易状态\n2026-01-12 10:00:00,购物,店,东西,支出,15.00,余额,交易关闭\n
bills	财付通\n交易时间,交易分类,交易对方,商品说明,收/支,金额,收/付款方式,交易状态\n2026-01-13 10:00:00,购物,店,东西,支出,15.00,余额,\n
bills	财付通\n交易时间,交易分类,交易对方,商品说明,收/支,金额,收/付款方式,交易状态\n2026-01-14 10:00:00, 购物 , 店 , 东西 ,支出,15.00, 余额 , 交易成功 \n
bills	财付通\n交易时间,交易分类,交易对方,商品说明,收/支,金额,收/付款方式,交易状态\n2026-01-15 10:00:00,购物,店,东西,支出,15.00\n
bills	财付通\n交易时间,交易分类,交易对方,商品说明,收/支,金额,收/付款方式,交易状态\n2026-01-16 10:00:00\n
bills	财付通\n交易时间,交易分类,交易对方,商品说明,收/支,金额,收/付款方式,交易状态\n,,,,,,,\n
bills	财付通\n交易时间,交易分类,交易对方,商品说明,收/支,金额,收/付款方式,交易状态\n   ,  ,  ,  ,  ,  ,  ,  \n
bills	财付通\n交易时间,交易分类,交易对方,商品说明,收/支,金额,收/付款方式,交易状态\n\n
bills	财付通\n交易时间,交易分类,交易对方,商品说明,收/支,金额,收/付款方式,交易状态\n2026-01-17 10:00:00,"购物,杂项",店,"说,明",支出,"1,234.56",余额,交易成功\n
bills	财付通\n交易时间,交易分类,交易对方,商品说明,收/支,金额,收/付款方式,交易状态\n2026-01-18 10:00:00,购物,"店\n二行",东西,支出,15.00,余额,交易成功\n
bills	财付通\n交易时间,交易分类,交易对方,商品说明,收/支,金额,收/付款方式,交易状态\n2026-01-19 10:00:00,购物,"说""引号""",东西,收入,15.00,余额,交易成功\n
bills	财付通\n交易时间,交易分类,交易对方,商品说明,收/支,金额,收/付款方式,交易状态\n2026-01-20 24:00:00,购物,店,东西,支出,15.00,余额,交易成功\n
bills	财付通\n交易时间,交易分类,交易对方,商品说明,收/支,金额,收/付款方式,交易状态\n2026-13-40 10:00:00,购物,店,东西,支出,15.00,余额,交易成功\n
bills	财付通\n交易时间,交易分类,交易对方,商品说明,收/支,金额,收/付款方式,交易状态\n2026-01-21 10:00:00,购物,店,东西,支出,15.00,余额,冻结\n
bills	财付通\n交易时间,交易分类,交易对方,商品说明,收/支,金额,收/付款方式,交易状态\n2026-01-22 10:00:00,购物,店,东西,支出,15.00,余额,全额退款\n
bills	财付通\n交易时间,交易分类,交易对方,商品说明,收/支,金额,收/付款方式,交易状态\n2026-01-23 10:00:00,购物,店,东西,Expense,15.00,余额,交易成功\n
bills	财付通\n交易时间,交易分类,交易对方,商品说明,收/支,金额,收/付款方式,交易状态\n2026-01-24 10:00:00,购物,店,东西,收入支出,15.00,余额,交易成功\n
bills	财付通\n交易时间,交易分类,交易对方,商品说明,收/支,金额,收/付款方式,交易状态\n2026-01-25 10:00:00,购物,店,东西,支出收入,15.00,余额,交易成功\n
bills	财付通\n交易时间,交易分类,交易对方,商品说明,收/支,金额,收/付款方式,交易状态\n2026-01-26 10:00:00,购物,店,东西,"支出,收入",15.00,余额,交易成功\n
bills	财付通\n交易时间,交易分类,交易对方,商品说明,收/支,金额,收/付款方式,交易状态\n2026-01-27 10:00:00,购物,店,东西,income expense,15.00,余额,交易成功\n
bills	财付通\n交易时间,交易分类,交易对方,商品说明,收/支,金额,收/付款方式,交易状态\n2026-01-28 10:00:00,购物,店,东西,expense income,15.00,余额,交易成功\n
bills	财付通\n交易时间,交易分类,交易对方,商品说明,收/支,金额,收/付款方式,交易状态\n2026-01-29 10:00:00,购物,店,东西,退款收入/支出,15.00,余额,交易成功\n
bills	财付通\n交易时间,交易分类,交易对方,商品说明,收/支,金额,收/付款方式,交易状态\n2026-01-05 12:30:00,餐饮,肯德基,午餐,支出,35.50,余额,交易成功\n2026-01-06 09:00:00,工资,公司,一月工资,收入,9000.00,银行卡,交易成功\n2026-01-07 10:00:00,退款,商家,退货,收入,20.00,余额,退款成功\n2026-01-08 10:00:00,其他,x,y,不计收支,5.00,余额,交易成功\n2026-01-09 10:00:00,购物,店,东西,支出,0.00,余额,交易成功\n2026-01-10 10:00:00,购物,店,东西,支出,-15.00,余额,交易成功\ngarbage,购物,店,东西,支出,15.00,余额,交易成功\n2026-01-11 10:00:00,购物,店,东西,支出,abc,余额,交易成功\n2026-01-12 10:00:00,购物,店,东西,支出,15.00,余额,交易关闭\n2026-01-13 10:00:00,购物,店,东西,支出,15.00,余额,\n2026-01-14 10:00:00, 购物 , 店 , 东西 ,支出,15.00, 余额 , 交易成功 \n2026-01-15 10:00:00,购物,店,东西,支出,15.00\n2026-01-16 10:00:00\n,,,,,,,\n   ,  ,  ,  ,  ,  ,  ,  \n\n2026-01-17 10:00:00,"购物,杂项",店,"说,明",支出,"1,234.56",余额,交易成功\n2026-01-18 10:00:00,购物,"店\n二行",东西,支出,15.00,余额,交易成功\n2026-01-19 10:00:00,购物,"说""引号""",东西,收入,15.00,余额,交易成功\n2026-01-20 24:00:00,购物,店,东西,支出,15.00,余额,交易成功\n2026-13-40 10:00:00,购物,店,东西,支出,15.00,余额,交易成功\n2026-01-21 10:00:00,购物,店,东西,支出,15.00,余额,冻结\n2026-01-22 10:00:00,购物,店,东西,支出,15.00,余额,全额退款\n2026-01-23 10:00:00,购物,店,东西,Expense,15.00,余额,交易成功\n2026-01-24 10:00:00,购物,店,东西,收入支出,15.00,余额,交易成功\n2026-01-25 10:00:00,购物,店,东西,支出收入,15.00,余额,交易成功\n2026-01-26 10:00:00,购物,店,东西,"支出,收入",15.00,余额,交易成功\n2026-01-27 10:00:00,购物,店,东西,income expense,15.00,余额,交易成功\n2026-01-28 10:00:00,购物,店,东西,expense income,15.00,余额,交易成功\n2026-01-29 10:00:00,购物,店,东西,退款收入/支出,15.00,余额,交易成功\n
bills	财付通\n交易时间,交易分类,交易对方,商品说明,收/支,金额,收/付款方式,交易状态\n2026-01-05 12:30:00,餐饮,肯德基,午餐,支出,35.50,余额,交易成功\r\n2026-01-06 09:00:00,工资,公司,一月工资,收入,9000.00,银行卡,交易成功\r\n2026-01-07 10:00:00,退款,商家,退货,收入,20.00,余额,退款成功\r\n2026-01-08 10:00:00,其他,x,y,不计收支,5.00,余额,交易成功\r\n2026-01-09 10:00:00,购物,店,东西,支出,0.00,余额,交易成功\r\n2026-01-10 10:00:00,购物,店,东西,支出,-15.00,余额,交易成功\r\ngarbage,购物,店,东西,支出,15.00,余额,交易成功\r\n2026-01-11 10:00:00,购物,店,东西,支出,abc,余额,交易成功\r\n2026-01-12 10:00:00,购物,店,东西,支出,15.00,余额,交易关闭\r\n2026-01-13 10:00:00,购物,店,东西,支出,15.00,余额,\r\n2026-01-14 10:00:00, 购物 , 店 , 东西 ,支出,15.00, 余额 , 交易成功 \r\n2026-01-15 10:00:00,购物,店,东西,支出,15.00\r\n2026-01-16 10:00:00\r\n,,,,,,,\r\n   ,  ,  ,  ,  ,  ,  ,  \r\n\r\n2026-01-17 10:00:00,"购物,杂项",店,"说,明",支出,"1,234.56",余额,交易成功\r\n2026-01-18 10:00:00,购物,"店\n二行",东西,支出,15.00,余额,交易成功\r\n2026-01-19 10:00:00,购物,"说""引号""",东西,收入,15.00,余额,交易成功\r\n2026-01-20 24:00:00,购物,店,东西,支出,15.00,余额,交易成功\r\n2026-13-40 10:00:00,购物,店,东西,支出,15.00,余额,交易成功\r\n2026-01-21 10:00:00,购物,店,东西,支出,15.00,余额,冻结\r\n2026-01-22 10:00:00,购物,店,东西,支出,15.00,余额,全额退款\r\n2026-01-23 10:00:00,购物,店,东西,Expense,15.00,余额,交易成功\r\n2026-01-24 10:00:00,购物,店,东西,收入支出,15.00,余额,交易成功\r\n2026-01-25 10:00:00,购物,店,东西,支出收入,15.00,余额,交易成功\r\n2026-01-26 10:00:00,购物,店,东西,"支出,收入",15.00,余额,交易成功\r\n2026-01-27 10:00:00,购物,店,东西,income expense,15.00,余额,交易成功\r\n2026-01-28 10:00:00,购物,店,东西,expense income,15.00,余额,交易成功\r\n2026-01-29 10:00:00,购物,店,东西,退款收入/支出,15.00,余额,交易成功
header	财付通\n交易时间,交易分类,交易对方,商品说明,收/支,金额,收/付款方式,交易状态\n
bills	财付通\n交易时间,交易类型,交易对方,商品,收/支,金额(元),支付方式,当前状态\n2026-01-05 12:30:00,餐饮,肯德基,午餐,支出,35.50,余额,交易成功\n
bills	财付通\n交易时间,交易类型,交易对方,商品,收/支,金额(元),支付方式,当前状态\n2026-01-06 09:00:00,工资,公司,一月工资,收入,9000.00,银行卡,交易成功\n
bills	财付通\n交易时间,交易类型,交易对方,商品,收/支,金额(元),支付方式,当前状态\n2026-01-07 10:00:00,退款,商家,退货,收入,20.00,余额,退款成功\n
bills	财付通\n交易时间,交易类型,交易对方,商品,收/支,金额(元),支付方式,当前状态\n2026-01-08 10:00:00,其他,x,y,不计收支,5.00,余额,交易成功\n
bills	财付通\n交易时间,交易类型,交易对方,商品,收/支,金额(元),支付方式,当前状态\n2026-01-09 10:00:00,购物,店,东西,支出,0.00,余额,交易成功\n
bills	财付通\n交易时间,交易类型,交易对方,商品,收/支,金额(元),支付方式,当前状态\n2026-01-10 10:00:00,购物,店,东西,支出,-15.00,余额,交易成功\n
bills	财付通\n交易时间,交易类型,交易对方,商品,收/支,金额(元),支付方式,当前状态\ngarbage,购物,店,东西,支出,15.00,余额,交易成功\n
bills	财付通\n交易时间,交易类型,交易对方,商品,收/支,金额(元),支付方式,当前状态\n2026-01-11 10:00:00,购物,店,东西,支出,abc,余额,交易成功\n
bills	财付通\n交易时间,交易类型,交易对方,商品,收/支,金额(元),支付方式,当前状态\n2026-01-12 10:00:00,购物,店,东西,支出,15.00,余额,交易关闭\n
bills	财付通\n交易时间,交易类型,交易对方,商品,收/支,金额(元),支付方式,当前状态\n2026-01-13 10:00:00,购物,店,东西,支出,15.00,余额,\n
bills	财付通\n交易时间,交易类型,交易对方,商品,收/支,金额(元),支付方式,当前状态\n2026-01-14 10:00:00, 购物 , 店 , 东西 ,支出,15.00, 余额 , 交易成功 \n
bills	财付通\n交易时间,交易类型,交易对方,商品,收/支,金额(元),支付方式,当前状态\n2026-01-15 10:00:00,购物,店,东西,支出,15.00\n
bills	财付通\n交易时间,交易类型,交易对方,商品,收/支,金额(元),支付方式,当前状态\n2026-01-16 10:00:00\n
bills	财付通\n交易时间,交易类型,交易对方,商品,收/支,金额(元),支付方式,当前状态\n,,,,,,,\n
bills	财付通\n交易时间,交易类型,交易对方,商品,收/支,金额(元),支付方式,当前状态\n   ,  ,  ,  ,  ,  ,  ,  \n
bills	财付通\n交易时间,交易类型,交易对方,商品,收/支,金额(元),支付方式,当前状态\n\n
bills	财付通\n交易时间,交易类型,交易对方,商品,收/支,金额(元),支付方式,当前状态\n2026-01-17 10:00:00,"购物,杂项",店,"说,明",支出,"1,234.56",余额,交易成功\n
bills	财付通\n交易时间,交易类型,交易对方,商品,收/支,金额(元),支付方式,当前状态\n2026-01-18 10:00:00,购物,"店\n二行",东西,支出,15.00,余额,交易成功\n
bills	财付通\n交易时间,交易类型,交易对方,商品,收/支,金额(元),支付方式,当前状态\n2026-01-19 10:00:00,购物,"说""引号""",东西,收入,15.00,余额,交易成功\n
bills	财付通\n交易时间,交易类型,交易对方,商品,收/支,金额(元),支付方式,当前状态\n2026-01-20 24:00:00,购物,店,东西,支出,15.00,余额,交易成功\n
bills	财付通\n交易时间,交易类型,交易对方,商品,收/支,金额(元),支付方式,当前状态\n2026-13-40 10:00:00,购物,店,东西,支出,15.00,余额,交易成功\n
bills	财付通\n交易时间,交易类型,交易对方,商品,收/支,金额(元),支付方式,当前状态\n2026-01-21 10:00:00,购物,店,东西,支出,15.00,余额,冻结\n
bills	财付通\n交易时间,交易类型,交易对方,商品,收/支,金额(元),支付方式,当前状态\n2026-01-22 10:00:00,购物,店,东西,支出,15.00,余额,全额退款\n
bills	财付通\n交易时间,交易类型,交易对方,商品,收/支,金额(元),支付方式,当前状态\n2026-01-23 10:00:00,购物,店,东西,Expense,15.00,余额,交易成功\n
bills	财付通\n交易时间,交易类型,交易对方,商品,收/支,金额(元),支付方式,当前状态\n2026-01-24 10:00:00,购物,店,东西,收入支出,15.00,余额,交易成功\n
bills	财付通\n交易时间,交易类型,交易对方,商品,收/支,金额(元),支付方式,当前状态\n2026-01-25 10:00:00,购物,店,东西,支出收入,15.00,余额,交易成功\n
bills	财付通\n交易时间,交易类型,交易对方,商品,收/支,金额(元),支付方式,当前状态\n2026-01-26 10:00:00,购物,店,东西,"支出,收入",15.00,余额,交易成功\n
bills	财付通\n交易时间,交易类型,交易对方,商品,收/支,金额(元),支付方式,当前状态\n2026-01-27 10:00:00,购物,店,东西,income expense,15.00,余额,交易成功\n
bills	财付通\n交易时间,交易类型,交易对方,商品,收/支,金额(元),支付方式,当前状态\n2026-01-28 10:00:00,购物,店,东西,expense income,15.00,余额,交易成功\n
bills	财付通\n交易时间,交易类型,交易对方,商品,收/支,金额(元),支付方式,当前状态\n2026-01-29 10:00:00,购物,店,东西,退款收入/支出,15.00,余额,交易成功\n
bills	财付通\n交易时间,交易类型,交易对方,商品,收/支,金额(元),支付方式,当前状态\n2026-01-05 12:30:00,餐饮,肯德基,午餐,支出,35.50,余额,交易成功\n2026-01-06 09:00:00,工资,公司,一月工资,收入,9000.00,银行卡,交易成功\n2026-01-07 10:00:00,退款,商家,退货,收入,20.00,余额,退款成功\n2026-01-08 10:00:00,其他,x,y,不计收支,5.00,余额,交易成功\n2026-01-09 10:00:00,购物,店,东西,支出,0.00,余额,交易成功\n2026-01-10 10:00:00,购物,店,东西,支出,-15.00,余额,交易成功\ngarbage,购物,店,东西,支出,15.00,余额,交易成功\n2026-01-11 10:00:00,购物,店,东西,支出,abc,余额,交易成功\n2026-01-12 10:00:00,购物,店,东西,支出,15.00,余额,交易关闭\n2026-01-13 10:00:00,购物,店,东西,支出,15.00,余额,\n2026-01-14 10:00:00, 购物 , 店 , 东西 ,支出,15.00, 余额 , 交易成功 \n2026-01-15 10:00:00,购物,店,东西,支出,15.00\n2026-01-16 10:00:00\n,,,,,,,\n   ,  ,  ,  ,  ,  ,  ,  \n\n2026-01-17 10:00:00,"购物,杂项",店,"说,明",支出,"1,234.56",余额,交易成功\n2026-01-18 10:00:00,购物,"店\n二行",东西,支出,15.00,余额,交易成功\n2026-01-19 10:00:00,购物,"说""引号""",东西,收入,15.00,余额,交易成功\n2026-01-20 24:00:00,购物,店,东西,支出,15.00,余额,交易成功\n2026-13-40 10:00:00,购物,店,东西,支出,15.00,余额,交易成功\n2026-01-21 10:00:00,购物,店,东西,支出,15.00,余额,冻结\n2026-01-22 10:00:00,购物,店,东西,支出,15.00,余额,全额退款\n2026-01-23 10:00:00,购物,店,东西,Expense,15.00,余额,交易成功\n2026-01-24 10:00:00,购物,店,东西,收入支出,15.00,余额,交易成功\n2026-01-25 10:00:00,购物,店,东西,支出收入,15.00,余额,交易成功\n2026-01-26 10:00:00,购物,店,东西,"支出,收入",15.00,余额,交易成功\n2026-01-27 10:00:00,购物,店,东西,income expense,15.00,余额,交易成功\n2026-01-28 10:00:00,购物,店,东西,expense income,15.00,余额,交易成功\n2026-01-29 10:00:00,购物,店,东西,退款收入/支出,15.00,余额,交易成功\n
bills	财付通\n交易时间,交易类型,交易对方,商品,收/支,金额(元),支付方式,当前状态\n2026-01-05 12:30:00,餐饮,肯德基,午餐,支出,35.50,余额,交易成功\r\n2026-01-06 09:00:00,工资,公司,一月工资,收入,9000.00,银行卡,交易成功\r\n2026-01-07 10:00:00,退款,商家,退货,收入,20.00,余额,退款成功\r\n2026-01-08 10:00:00,其他,x,y,不计收支,5.00,余额,交易成功\r\n2026-01-09 10:00:00,购物,店,东西,支出,0.00,余额,交易成功\r\n2026-01-10 10:00:00,购物,店,东西,支出,-15.00,余额,交易成功\r\ngarbage,购物,店,东西,支出,15.00,余额,交易成功\r\n2026-01-11 10:00:00,购物,店,东西,支出,abc,余额,交易成功\r\n2026-01-12 10:00:00,购物,店,东西,支出,15.00,余额,交易关闭\r\n2026-01-13 10:00:00,购物,店,东西,支出,15.00,余额,\r\n2026-01-14 10:00:00, 购物 , 店 , 东西 ,支出,15.00, 余额 , 交易成功 \r\n2026-01-15 10:00:00,购物,店,东西,支出,15.00\r\n2026-01-16 10:00:00\r\n,,,,,,,\r\n   ,  ,  ,  ,  ,  ,  ,  \r\n\r\n2026-01-17 10:00:00,"购物,杂项",店,"说,明",支出,"1,234.56",余额,交易成功\r\n2026-01-18 10:00:00,购物,"店\n二行",东西,支出,15.00,余额,交易成功\r\n2026-01-19 10:00:00,购物,"说""引号""",东西,收入,15.00,余额,交易成功\r\n2026-01-20 24:00:00,购物,店,东西,支出,15.00,余额,交易成功\r\n2026-13-40 10:00:00,购物,店,东西,支出,15.00,余额,交易成功\r\n2026-01-21 10:00:00,购物,店,东西,支出,15.00,余额,冻结\r\n2026-01-22 10:00:00,购物,店,东西,支出,15.00,余额,全额退款\r\n2026-01-23 10:00:00,购物,店,东西,Expense,15.00,余额,交易成功\r\n2026-01-24 10:00:00,购物,店,东西,收入支出,15.00,余额,交易成功\r\n2026-01-25 10:00:00,购物,店,东西,支出收入,15.00,余额,交易成功\r\n2026-01-26 10:00:00,购物,店,东西,"支出,收入",15.00,余额,交易成功\r\n2026-01-27 10:00:00,购物,店,东西,income expense,15.00,余额,交易成功\r\n2026-01-28 10:00:00,购物,店,东西,expense income,15.00,余额,交易成功\r\n2026-01-29 10:00:00,购物,店,东西,退款收入/支出,15.00,余额,交易成功
header	财付通\n交易时间,交易类型,交易对方,商品,收/支,金额(元),支付方式,当前状态\n
bills	财付通\n日期,类型,金额,收支\n2026-01-05 12:30:00,餐饮,肯德基,午餐,支出,35.50,余额,交易成功\n
bills	财付通\n日期,类型,金额,收支\n2026-01-06 09:00:00,工资,公司,一月工资,收入,9000.00,银行卡,交易成功\n
bills	财付通\n日期,类型,金额,收支\n2026-01-07 10:00:00,退款,商家,退货,收入,20.00,余额,退款成功\n
bills	财付通\n日期,类型,金额,收支\n2026-01-08 10:00:00,其他,x,y,不计收支,5.00,余额,交易成功\n
bills	财付通\n日期,类型,金额,收支\n2026-01-09 10:00:00,购物,店,东西,支出,0.00,余额,交易成功\n
bills	财付通\n日期,类型,金额,收支\n2026-01-10 10:00:00,购物,店,东西,支出,-15.00,余额,交易成功\n
bills	财付通\n日期,类型,金额,收支\ngarbage,购物,店,东西,支出,15.00,余额,交易成功\n
bills	财付通\n日期,类型,金额,收支\n2026-01-11 10:00:00,购物,店,东西,支出,abc,余额,交易成功\n
bills	财付通\n日期,类型,金额,收支\n2026-01-12 10:00:00,购物,店,东西,支出,15.00,余额,交易关闭\n
bills	财付通\n日期,类型,金额,收支\n2026-01-13 10:00:00,购物,店,东西,支出,15.00,余额,\n
bills	财付通\n日期,类型,金额,收支\n2026-01-14 10:00:00, 购物 , 店 , 东西 ,支出,15.00, 余额 , 交易成功 \n
bills	财付通\n日期,类型,金额,收支\n2026-01-15 10:00:00,购物,店,东西,支出,15.00\n
bills	财付通\n日期,类型,金额,收支\n2026-01-16 10:00:00\n
bills	财付通\n日期,类型,金额,收支\n,,,,,,,\n
bills	财付通\n日期,类型,金额,收支\n   ,  ,  ,  ,  ,  ,  ,  \n
bills	财付通\n日期,类型,金额,收支\n\n
bills	财付通\n日期,类型,金额,收支\n2026-01-17 10:00:00,"购物,杂项",店,"说,明",支出,"1,234.56",余额,交易成功\n
bills	财付通\n日期,类型,金额,收支\n2026-01-18 10:00:00,购物,"店\n二行",东西,支出,15.00,余额,交易成功\n
bills	财付通\n日期,类型,金额,收支\n2026-01-19 10:00:00,购物,"说""引号""",东西,收入,15.00,余额,交易成功\n
bills	财付通\n日期,类型,金额,收支\n2026-01-20 24:00:00,购物,店,东西,支出,15.00,余额,交易成功\n
bills	财付通\n日期,类型,金额,收支\n2026-13-40 10:00:00,购物,店,东西,支出,15.00,余额,交易成功\n
bills	财付通\n日期,类型,金额,收支\n2026-01-21 10:00:00,购物,店,东西,支出,15.00,余额,冻结\n
bills	财付通\n日期,类型,金额,收支\n2026-01-22 10:00:00,购物,店,东西,支出,15.00,余额,全额退款\n
bills	财付通\n日期,类型,金额,收支\n2026-01-23 10:00:00,购物,店,东西,Expense,15.00,余额,交易成功\n
bills	财付通\n日期,类型,金额,收支\n2026-01-24 10:00:00,购物,店,东西,收入支出,15.00,余额,交易成功\n
bills	财付通\n日期,类型,金额,收支\n2026-01-25 10:00:00,购物,店,东西,支出收入,15.00,余额,交易成功\n
bills	财付通\n日期,类型,金额,收支\n2026-01-26 10:00:00,购物,店,东西,"支出,收入",15.00,余额,交易成功\n
bills	财付通\n日期,类型,金额,收支\n2026-01-27 10:00:00,购物,店,东西,income expense,15.00,余额,交易成功\n
bills	财付通\n日期,类型,金额,收支\n2026-01-28 10:00:00,购物,店,东西,expense income,15.00,余额,交易成功\n
bills	财付通\n日期,类型,金额,收支\n2026-01-29 10:00:00,购物,店,东西,退款收入/支出,15.00,余额,交易成功\n
bills	财付通\n日期,类型,金额,收支\n2026-01-05 12:30:00,餐饮,肯德基,午餐,支出,35.50,余额,交易成功\n2026-01-06 09:00:00,工资,公司,一月工资,收入,9000.00,银行卡,交易成功\n2026-01-07 10:00:00,退款,商家,退货,收入,20.00,余额,退款成功\n2026-01-08 10:00:00,其他,x,y,不计收支,5.00,余额,交易成功\n2026-01-09 10:00:00,购物,店,东西,支出,0.00,余额,交易成功\n2026-01-10 10:00:00,购物,店,东西,支出,-15.00,余额,交易成功\ngarbage,购物,店,东西,支出,15.00,余额,交易成功\n2026-01-11 10:00:00,购物,店,东西,支出,abc,余额,交易成功\n2026-01-12 10:00:00,购物,店,东西,支出,15.00,余额,交易关闭\n2026-01-13 10:00:00,购物,店,东西,支出,15.00,余额,\n2026-01-14 10:00:00, 购物 , 店 , 东西 ,支出,15.00, 余额 , 交易成功 \n2026-01-15 10:00:00,购物,店,东西,支出,15.00\n2026-01-16 10:00:00\n,,,,,,,\n   ,  ,  ,  ,  ,  ,  ,  \n\n2026-01-17 10:00:00,"购物,杂项",店,"说,明",支出,"1,234.56",余额,交易成功\n2026-01-18 10:00:00,购物,"店\n二行",东西,支出,15.00,余额,交易成功\n2026-01-19 10:00:00,购物,"说""引号""",东西,收入,15.00,余额,交易成功\n2026-01-20 24:00:00,购物,店,东西,支出,15.00,余额,交易成功\n2026-13-40 10:00:00,购物,店,东西,支出,15.00,余额,交易成功\n2026-01-21 10:00:00,购物,店,东西,支出,15.00,余额,冻结\n2026-01-22 10:00:00,购物,店,东西,支出,15.00,余额,全额退款\n2026-01-23 10:00:00,购物,店,东西,Expense,15.00,余额,交易成功\n2026-01-24 10:00:00,购物,店,东西,收入支出,15.00,余额,交易成功\n2026-01-25 10:00:00,购物,店,东西,支出收入,15.00,余额,交易成功\n2026-01-26 10:00:00,购物,店,东西,"支出,收入",15.00,余额,交易成功\n2026-01-27 10:00:00,购物,店,东西,income expense,15.00,余额,交易成功\n2026-01-28 10:00:00,购物,店,东西,expense income,15.00,余额,交易成功\n2026-01-29 10:00:00,购物,店,东西,退款收入/支出,15.00,余额,交易成功\n
bills	财付通\n日期,类型,金额,收支\n2026-01-05 12:30:00,餐饮,肯德基,午餐,支出,35.50,余额,交易成功\r\n2026-01-06 09:00:00,工资,公司,一月工资,收入,9000.00,银行卡,交易成功\r\n2026-01-07 10:00:00,退款,商家,退货,收入,20.00,余额,退款成功\r\n2026-01-08 10:00:00,其他,x,y,不计收支,5.00,余额,交易成功\r\n2026-01-09 10:00:00,购物,店,东西,支出,0.00,余额,交易成功\r\n2026-01-10 10:00:00,购物,店,东西,支出,-15.00,余额,交易成功\r\ngarbage,购物,店,东西,支出,15.00,余额,交易成功\r\n2026-01-11 10:00:00,购物,店,东西,支出,abc,余额,交易成功\r\n2026-01-12 10:00:00,购物,店,东西,支出,15.00,余额,交易关闭\r\n2026-01-13 10:00:00,购物,店,东西,支出,15.00,余额,\r\n2026-01-14 10:00:00, 购物 , 店 , 东西 ,支出,15.00, 余额 , 交易成功 \r\n2026-01-15 10:00:00,购物,店,东西,支出,15.00\r\n2026-01-16 10:00:00\r\n,,,,,,,\r\n   ,  ,  ,  ,  ,  ,  ,  \r\n\r\n2026-01-17 10:00:00,"购物,杂项",店,"说,明",支出,"1,234.56",余额,交易成功\r\n2026-01-18 10:00:00,购物,"店\n二行",东西,支出,15.00,余额,交易成功\r\n2026-01-19 10:00:00,购物,"说""引号""",东西,收入,15.00,余额,交易成功\r\n2026-01-20 24:00:00,购物,店,东西,支出,15.00,余额,交易成功\r\n2026-13-40 10:00:00,购物,店,东西,支出,15.00,余额,交易成功\r\n2026-01-21 10:00:00,购物,店,东西,支出,15.00,余额,冻结\r\n2026-01-22 10:00:00,购物,店,东西,支出,15.00,余额,全额退款\r\n2026-01-23 10:00:00,购物,店,东西,Expense,15.00,余额,交易成功\r\n2026-01-24 10:00:00,购物,店,东西,收入支出,15.00,余额,交易成功\r\n2026-01-25 10:00:00,购物,店,东西,支出收入,15.00,余额,交易成功\r\n2026-01-26 10:00:00,购物,店,东西,"支出,收入",15.00,余额,交易成功\r\n2026-01-27 10:00:00,购物,店,东西,income expense,15.00,余额,交易成功\r\n2026-01-28 10:00:00,购物,店,东西,expense income,15.00,余额,交易成功\r\n2026-01-29 10:00:00,购物,店,东西,退款收入/支出,15.00,余额,交易成功
header	财付通\n日期,类型,金额,收支\n
bills	财付通\n类型,交易分类,时间,交易时间,金额,收/支\n2026-01-05 12:30:00,餐饮,肯德基,午餐,支出,35.50,余额,交易成功\n
bills	财付通\n类型,交易分类,时间,交易时间,金额,收/支\n2026-01-06 09:00:00,工资,公司,一月工资,收入,9000.00,银行卡,交易成功\n
bills	财付通\n类型,交易分类,时间,交易时间,金额,收/支\n2026-01-07 10:00:00,退款,商家,退货,收入,20.00,余额,退款成功\n
bills	财付通\n类型,交易分类,时间,交易时间,金额,收/支\n2026-01-08 10:00:00,其他,x,y,不计收支,5.00,余额,交易成功\n
bills	财付通\n类型,交易分类,时间,交易时间,金额,收/支\n2026-01-09 10:00:00,购物,店,东西,支出,0.00,余额,交易成功\n
bills	财付通\n类型,交易分类,时间,交易时间,金额,收/支\n2026-01-10 10:00:00,购物,店,东西,支出,-15.00,余额,交易成功\n
bills	财付通\n类型,交易分类,时间,交易时间,金额,收/支\ngarbage,购物,店,东西,支出,15.00,余额,交易成功\n
bills	财付通\n类型,交易分类,时间,交易时间,金额,收/支\n2026-01-11 10:00:00,购物,店,东西,支出,abc,余额,交易成功\n
bills	财付通\n类型,交易分类,时间,交易时间,金额,收/支\n2026-01-12 10:00:00,购物,店,东西,支出,15.00,余额,交易关闭\n
bills	财付通\n类型,交易分类,时间,交易时间,金额,收/支\n2026-01-13 10:00:00,购物,店,东西,支出,15.00,余额,\n
bills	财付通\n类型,交易分类,时间,交易时间,金额,收/支\n2026-01-14 10:00:00, 购物 , 店 , 东西 ,支出,15.00, 余额 , 交易成功 \n
bills	财付通\n类型,交易分类,时间,交易时间,金额,收/支\n2026-01-15 10:00:00,购物,店,东西,支出,15.00\n
bills	财付通\n类型,交易分类,时间,交易时间,金额,收/支\n2026-01-16 10:00:00\n
bills	财付通\n类型,交易分类,时间,交易时间,金额,收/支\n,,,,,,,\n
bills	财付通\n类型,交易分类,时间,交易时间,金额,收/支\n   ,  ,  ,  ,  ,  ,  ,  \n
bills	财付通\n类型,交易分类,时间,交易时间,金额,收/支\n\n
bills	财付通\n类型,交易分类,时间,交易时间,金额,收/支\n2026-01-17 10:00:00,"购物,杂项",店,"说,明",支出,"1,234.56",余额,交易成功\n
bills	财付通\n类型,交易分类,时间,交易时间,金额,收/支\n2026-01-18 10:00:00,购物,"店\n二行",东西,支出,15.00,余额,交易成功\n
bills	财付通\n类型,交易分类,时间,交易时间,金额,收/支\n2026-01-19 10:00:00,购物,"说""引号""",东西,收入,15.00,余额,交易成功\n
bills	财付通\n类型,交易分类,时间,交易时间,金额,收/支\n2026-01-20 24:00:00,购物,店,东西,支出,15.00,余额,交易成功\n
bills	财付通\n类型,交易分类,时间,交易时间,金额,收/支\n2026-13-40 10:00:00,购物,店,东西,支出,15.00,余额,交易成功\n
bills	财付通\n类型,交易分类,时间,交易时间,金额,收/支\n2026-01-21 10:00:00,购物,店,东西,支出,15.00,余额,冻结\n
bills	财付通\n类型,交易分类,时间,交易时间,金额,收/支\n2026-01-22 10:00:00,购物,店,东西,支出,15.00,余额,全额退款\n
bills	财付通\n类型,交易分类,时间,交易时间,金额,收/支\n2026-01-23 10:00:00,购物,店,东西,Expense,15.00,余额,交易成功\n
bills	财付通\n类型,交易分类,时间,交易时间,金额,收/支\n2026-01-24 10:00:00,购物,店,东西,收入支出,15.00,余额,交易成功\n
bills	财付通\n类型,交易分类,时间,交易时间,金额,收/支\n2026-01-25 10:00:00,购物,店,东西,支出收入,15.00,余额,交易成功\n
bills	财付通\n类型,交易分类,时间,交易时间,金额,收/支\n2026-01-26 10:00:00,购物,店,东西,"支出,收入",15.00,余额,交易成功\n
bills	财付通\n类型,交易分类,时间,交易时间,金额,收/支\n2026-01-27 10:00:00,购物,店,东西,income expense,15.00,余额,交易成功\n
bills	财付通\n类型,交易分类,时间,交易时间,金额,收/支\n2026-01-28 10:00:00,购物,店,东西,expense income,15.00,余额,交易成功\n
bills	财付通\n类型,交易分类,时间,交易时间,金额,收/支\n2026-01-29 10:00:00,购物,店,东西,退款收入/支出,15.00,余额,交易成功\n
bills	财付通\n类型,交易分类,时间,交易时间,金额,收/支\n2026-01-05 12:30:00,餐饮,肯德基,午餐,支出,35.50,余额,交易成功\n2026-01-06 09:00:00,工资,公司,一月工资,收入,9000.00,银行卡,交易成功\n2026-01-07 10:00:00,退款,商家,退货,收入,20.00,余额,退款成功\n2026-01-08 10:00:00,其他,x,y,不计收支,5.00,余额,交易成功\n2026-01-09 10:00:00,购物,店,东西,支出,0.00,余额,交易成功\n2026-01-10 10:00:00,购物,店,东西,支出,-15.00,余额,交易成功\ngarbage,购物,店,东西,支出,15.00,余额,交易成功\n2026-01-11 10:00:00,购物,店,东西,支出,abc,余额,交易成功\n2026-01-12 10:00:00,购物,店,东西,支出,15.00,余额,交易关闭\n2026-01-13 10:00:00,购物,店,东西,支出,15.00,余额,\n2026-01-14 10:00:00, 购物 , 店 , 东西 ,支出,15.00, 余额 , 交易成功 \n2026-01-15 10:00:00,购物,店,东西,支出,15.00\n2026-01-16 10:00:00\n,,,,,,,\n   ,  ,  ,  ,  ,  ,  ,  \n\n2026-01-17 10:00:00,"购物,杂项",店,"说,明",支出,"1,234.56",余额,交易成功\n2026-01-18 10:00:00,购物,"店\n二行",东西,支出,15.00,余额,交易成功\n2026-01-19 10:00:00,购物,"说""引号""",东西,收入,15.00,余额,交易成功\n2026-01-20 24:00:00,购物,店,东西,支出,15.00,余额,交易成功\n2026-13-40 10:00:00,购物,店,东西,支出,15.00,余额,交易成功\n2026-01-21 10:00:00,购物,店,东西,支出,15.00,余额,冻结\n2026-01-22 10:00:00,购物,店,东西,支出,15.00,余额,全额退款\n2026-01-23 10:00:00,购物,店,东西,Expense,15.00,余额,交易成功\n2026-01-24 10:00:00,购物,店,东西,收入支出,15.00,余额,交易成功\n2026-01-25 10:00:00,购物,店,东西,支出收入,15.00,余额,交易成功\n2026-01-26 10:00:00,购物,店,东西,"支出,收入",15.00,余额,交易成功\n2026-01-27 10:00:00,购物,店,东西,income expense,15.00,余额,交易成功\n2026-01-28 10:00:00,购物,店,东西,expense income,15.00,余额,交易成功\n2026-01-29 10:00:00,购物,店,东西,退款收入/支出,15.00,余额,交易成功\n
bills	财付通\n类型,交易分类,时间,交易时间,金额,收/支\n2026-01-05 12:30:00,餐饮,肯德基,午餐,支出,35.50,余额,交易成功\r\n2026-01-06 09:00:00,工资,公司,一月工资,收入,9000.00,银行卡,交易成功\r\n2026-01-07 10:00:00,退款,商家,退货,收入,20.00,余额,退款成功\r\n2026-01-08 10:00:00,其他,x,y,不计收支,5.00,余额,交易成功\r\n2026-01-09 10:00:00,购物,店,东西,支出,0.00,余额,交易成功\r\n2026-01-10 10:00:00,购物,店,东西,支出,-15.00,余额,交易成功\r\ngarbage,购物,店,东西,支出,15.00,余额,交易成功\r\n2026-01-11 10:00:00,购物,店,东西,支出,abc,余额,交易成功\r\n2026-01-12 10:00:00,购物,店,东西,支出,15.00,余额,交易关闭\r\n2026-01-13 10:00:00,购物,店,东西,支出,15.00,余额,\r\n2026-01-14 10:00:00, 购物 , 店 , 东西 ,支出,15.00, 余额 , 交易成功 \r\n2026-01-15 10:00:00,购物,店,东西,支出,15.00\r\n2026-01-16 10:00:00\r\n,,,,,,,\r\n   ,  ,  ,  ,  ,  ,  ,  \r\n\r\n2026-01-17 10:00:00,"购物,杂项",店,"说,明",支出,"1,234.56",余额,交易成功\r\n2026-01-18 10:00:00,购物,"店\n二行",东西,支出,15.00,余额,交易成功\r\n2026-01-19 10:00:00,购物,"说""引号""",东西,收入,15.00,余额,交易成功\r\n2026-01-20 24:00:00,购物,店,东西,支出,15.00,余额,交易成功\r\n2026-13-40 10:00:00,购物,店,东西,支出,15.00,余额,交易成功\r\n2026-01-21 10:00:00,购物,店,东西,支出,15.00,余额,冻结\r\n2026-01-22 10:00:00,购物,店,东西,支出,15.00,余额,全额退款\r\n2026-01-23 10:00:00,购物,店,东西,Expense,15.00,余额,交易成功\r\n2026-01-24 10:00:00,购物,店,东西,收入支出,15.00,余额,交易成功\r\n2026-01-25 10:00:00,购物,店,东西,支出收入,15.00,余额,交易成功\r\n2026-01-26 10:00:00,购物,店,东西,"支出,收入",15.00,余额,交易成功\r\n2026-01-27 10:00:00,购物,店,东西,income expense,15.00,余额,交易成功\r\n2026-01-28 10:00:00,购物,店,东西,expense income,15.00,余额,交易成功\r\n2026-01-29 10:00:00,购物,店,东西,退款收入/支出,15.00,余额,交易成功
header	财付通\n类型,交易分类,时间,交易时间,金额,收/支\n
bills	财付通\n交易时间,金额\n2026-01-05 12:30:00,餐饮,肯德基,午餐,支出,35.50,余额,交易成功\n
bills	财付通\n交易时间,金额\n2026-01-06 09:00:00,工资,公司,一月工资,收入,9000.00,银行卡,交易成功\n
bills	财付通\n交易时间,金额\n2026-01-07 10:00:00,退款,商家,退货,收入,20.00,余额,退款成功\n
bills	财付通\n交易时间,金额\n2026-01-08 10:00:00,其他,x,y,不计收支,5.00,余额,交易成功\n
bills	财付通\n交易时间,金额\n2026-01-09 10:00:00,购物,店,东西,支出,0.00,余额,交易成功\n
bills	财付通\n交易时间,金额\n2026-01-10 10:00:00,购物,店,东西,支出,-15.00,余额,交易成功\n
bills	财付通\n交易时间,金额\ngarbage,购物,店,东西,支出,15.00,余额,交易成功\n
bills	财付通\n交易时间,金额\n2026-01-11 10:00:00,购物,店,东西,支出,abc,余额,交易成功\n
bills	财付通\n交易时间,金额\n2026-01-12 10:00:00,购物,店,东西,支出,15.00,余额,交易关闭\n
bills	财付通\n交易时间,金额\n2026-01-13 10:00:00,购物,店,东西,支出,15.00,余额,\n
bills	财付通\n交易时间,金额\n2026-01-14 10:00:00, 购物 , 店 , 东西 ,支出,15.00, 余额 , 交易成功 \n
bills	财付通\n交易时间,金额\n2026-01-15 10:00:00,购物,店,东西,支出,15.00\n
bills	财付通\n交易时间,金额\n2026-01-16 10:00:00\n
bills	财付通\n交易时间,金额\n,,,,,,,\n
bills	财付通\n交易时间,金额\n   ,  ,  ,  ,  ,  ,  ,  \n
bills	财付通\n交易时间,金额\n\n
bills	财付通\n交易时间,金额\n2026-01-17 10:00:00,"购物,杂项",店,"说,明",支出,"1,234.56",余额,交易成功\n
bills	财付通\n交易时间,金额\n2026-01-18 10:00:00,购物,"店\n二行",东西,支出,15.00,余额,交易成功\n
bills	财付通\n交易时间,金额\n2026-01-19 10:00:00,购物,"说""引号""",东西,收入,15.00,余额,交易成功\n
bills	财付通\n交易时间,金额\n2026-01-20 24:00:00,购物,店,东西,支出,15.00,余额,交易成功\n
bills	财付通\n交易时间,金额\n2026-13-40 10:00:00,购物,店,东西,支出,15.00,余额,交易成功\n
bills	财付通\n交易时间,金额\n2026-01-21 10:00:00,购物,店,东西,支出,15.00,余额,冻结\n
bills	财付通\n交易时间,金额\n2026-01-22 10:00:00,购物,店,东西,支出,15.00,余额,全额退款\n
bills	财付通\n交易时间,金额\n2026-01-23 10:00:00,购物,店,东西,Expense,15.00,余额,交易成功\n
bills	财付通\n交易时间,金额\n2026-01-24 10:00:00,购物,店,东西,收入支出,15.00,余额,交易成功\n
bills	财付通\n交易时间,金额\n2026-01-25 10:00:00,购物,店,东西,支出收入,15.00,余额,交易成功\n
bills	财付通\n交易时间,金额\n2026-01-26 10:00:00,购物,店,东西,"支出,收入",15.00,余额,交易成功\n
bills	财付通\n交易时间,金额\n2026-01-27 10:00:00,购物,店,东西,income expense,15.00,余额,交易成功\n
bills	财付通\n交易时间,金额\n2026-01-28 10:00:00,购物,店,东西,expense income,15.00,余额,交易成功\n
bills	财付通\n交易时间,金额\n2026-01-29 10:00:00,购物,店,东西,退款收入/支出,15.00,余额,交易成功\n
bills	财付通\n交易时间,金额\n2026-01-05 12:30:00,餐饮,肯德基,午餐,支出,35.50,余额,交易成功\n2026-01-06 09:00:00,工资,公司,一月工资,收入,9000.00,银行卡,交易成功\n2026-01-07 10:00:00,退款,商家,退货,收入,20.00,余额,退款成功\n2026-01-08 10:00:00,其他,x,y,不计收支,5.00,余额,交易成功\n2026-01-09 10:00:00,购物,店,东西,支出,0.00,余额,交易成功\n2026-01-10 10:00:00,购物,店,东西,支出,-15.00,余额,交易成功\ngarbage,购物,店,东西,支出,15.00,余额,交易成功\n2026-01-11 10:00:00,购物,店,东西,支出,abc,余额,交易成功\n2026-01-12 10:00:00,购物,店,东西,支出,15.00,余额,交易关闭\n2026-01-13 10:00:00,购物,店,东西,支出,15.00,余额,\n2026-01-14 10:00:00, 购物 , 店 , 东西 ,支出,15.00, 余额 , 交易成功 \n2026-01-15 10:00:00,购物,店,东西,支出,15.00\n2026-01-16 10:00:00\n,,,,,,,\n   ,  ,  ,  ,  ,  ,  ,  \n\n2026-01-17 10:00:00,"购物,杂项",店,"说,明",支出,"1,234.56",余额,交易成功\n2026-01-18 10:00:00,购物,"店\n二行",东西,支出,15.00,余额,交易成功\n2026-01-19 10:00:00,购物,"说""引号""",东西,收入,15.00,余额,交易成功\n2026-01-20 24:00:00,购物,店,东西,支出,15.00,余额,交易成功\n2026-13-40 10:00:00,购物,店,东西,支出,15.00,余额,交易成功\n2026-01-21 10:00:00,购物,店,东西,支出,15.00,余额,冻结\n2026-01-22 10:00:00,购物,店,东西,支出,15.00,余额,全额退款\n2026-01-23 10:00:00,购物,店,东西,Expense,15.00,余额,交易成功\n2026-01-24 10:00:00,购物,店,东西,收入支出,15.00,余额,交易成功\n2026-01-25 10:00:00,购物,店,东西,支出收入,15.00,余额,交易成功\n2026-01-26 10:00:00,购物,店,东西,"支出,收入",15.00,余额,交易成功\n2026-01-27 10:00:00,购物,店,东西,income expense,15.00,余额,交易成功\n2026-01-28 10:00:00,购物,店,东西,expense income,15.00,余额,交易成功\n2026-01-29 10:00:00,购物,店,东西,退款收入/支出,15.00,余额,交易成功\n
bills	财付通\n交易时间,金额\n2026-01-05 12:30:00,餐饮,肯德基,午餐,支出,35.50,余额,交易成功\r\n2026-01-06 09:00:00,工资,公司,一月工资,收入,9000.00,银行卡,交易成功\r\n2026-01-07 10:00:00,退款,商家,退货,收入,20.00,余额,退款成功\r\n2026-01-08 10:00:00,其他,x,y,不计收支,5.00,余额,交易成功\r\n2026-01-09 10:00:00,购物,店,东西,支出,0.00,余额,交易成功\r\n2026-01-10 10:00:00,购物,店,东西,支出,-15.00,余额,交易成功\r\ngarbage,购物,店,东西,支出,15.00,余额,交易成功\r\n2026-01-11 10:00:00,购物,店,东西,支出,abc,余额,交易成功\r\n2026-01-12 10:00:00,购物,店,东西,支出,15.00,余额,交易关闭\r\n2026-01-13 10:00:00,购物,店,东西,支出,15.00,余额,\r\n2026-01-14 10:00:00, 购物 , 店 , 东西 ,支出,15.00, 余额 , 交易成功 \r\n2026-01-15 10:00:00,购物,店,东西,支出,15.00\r\n2026-01-16 10:00:00\r\n,,,,,,,\r\n   ,  ,  ,  ,  ,  ,  ,  \r\n\r\n2026-01-17 10:00:00,"购物,杂项",店,"说,明",支出,"1,234.56",余额,交易成功\r\n2026-01-18 10:00:00,购物,"店\n二行",东西,支出,15.00,余额,交易成功\r\n2026-01-19 10:00:00,购物,"说""引号""",东西,收入,15.00,余额,交易成功\r\n2026-01-20 24:00:00,购物,店,东西,支出,15.00,余额,交易成功\r\n2026-13-40 10:00:00,购物,店,东西,支出,15.00,余额,交易成功\r\n2026-01-21 10:00:00,购物,店,东西,支出,15.00,余额,冻结\r\n2026-01-22 10:00:00,购物,店,东西,支出,15.00,余额,全额退款\r\n2026-01-23 10:00:00,购物,店,东西,Expense,15.00,余额,交易成功\r\n2026-01-24 10:00:00,购物,店,东西,收入支出,15.00,余额,交易成功\r\n2026-01-25 10:00:00,购物,店,东西,支出收入,15.00,余额,交易成功\r\n2026-01-26 10:00:00,购物,店,东西,"支出,收入",15.00,余额,交易成功\r\n2026-01-27 10:00:00,购物,店,东西,income expense,15.00,余额,交易成功\r\n2026-01-28 10:00:00,购物,店,东西,expense income,15.00,余额,交易成功\r\n2026-01-29 10:00:00,购物,店,东西,退款收入/支出,15.00,余额,交易成功
header	财付通\n交易时间,金额\n
bills	Alipay Transaction Record\n交易时间,交易分类,交易对方,商品说明,收/支,金额,收/付款方式,交易状态\n2026-01-05 12:30:00,餐饮,肯德基,午餐,支出,35.50,余额,交易成功\n
bills	Alipay Transaction Record\n交易时间,交易分类,交易对方,商品说明,收/支,金额,收/付款方式,交易状态\n2026-01-06 09:00:00,工资,公司,一月工资,收入,9000.00,银行卡,交易成功\n
bills	Alipay Transaction Record\n交易时间,交易分类,交易对方,商品说明,收/支,金额,收/付款方式,交易状态\n2026-01-07 10:00:00,退款,商家,退货,收入,20.00,余额,退款成功\n
bills	Alipay Transaction Record\n交易时间,交易分类,交易对方,商品说明,收/支,金额,收/付款方式,交易状态\n2026-01-08 10:00:00,其他,x,y,不计收支,5.00,余额,交易成功\n
bills	Alipay Transaction Record\n交易时间,交易分类,交易对方,商品说明,收/支,金额,收/付款方式,交易状态\n2026-01-09 10:00:00,购物,店,东西,支出,0.00,余额,交易成功\n
bills	Alipay Transaction Record\n交易时间,交易分类,交易对方,商品说明,收/支,金额,收/付款方式,交易状态\n2026-01-10 10:00:00,购物,店,东西,支出,-15.00,余额,交易成功\n
bills	Alipay Transaction Record\n交易时间,交易分类,交易对方,商品说明,收/支,金额,收/付款方式,交易状态\ngarbage,购物,店,东西,支出,15.00,余额,交易成功\n
bills	Alipay Transaction Record\n交易时间,交易分类,交易对方,商品说明,收/支,金额,收/付款方式,交易状态\n2026-01-11 10:00:00,购物,店,东西,支出,abc,余额,交易成功\n
bills	Alipay Transaction Record\n交易时间,交易分类,交易对方,商品说明,收/支,金额,收/付款方式,交易状态\n2026-01-12 10:00:00,购物,店,东西,支出,15.00,余额,交易关闭\n
bills	Alipay Transaction Record\n交易时间,交易分类,交易对方,商品说明,收/支,金额,收/付款方式,交易状态\n2026-01-13 10:00:00,购物,店,东西,支出,15.00,余额,\n
bills	Alipay Transaction Record\n交易时间,交易分类,交易对方,商品说明,收/支,金额,收/付款方式,交易状态\n2026-01-14 10:00:00, 购物 , 店 , 东西 ,支出,15.00, 余额 , 交易成功 \n
bills	Alipay Transaction Record\n交易时间,交易分类,交易对方,商品说明,收/支,金额,收/付款方式,交易状态\n2026-01-15 10:00:00,购物,店,东西,支出,15.00\n
bills	Alipay Transaction Record\n交易时间,交易分类,交易对方,商品说明,收/支,金额,收/付款方式,交易状态\n2026-01-16 10:00:00\n
bills	Alipay Transaction Record\n交易时间,交易分类,交易对方,商品说明,收/支,金额,收/付款方式,交易状态\n,,,,,,,\n
bills	Alipay Transaction Record\n交易时间,交易分类,交易对方,商品说明,收/支,金额,收/付款方式,交易状态\n   ,  ,  ,  ,  ,  ,  ,  \n
bills	Alipay Transaction Record\n交易时间,交易分类,交易对方,商品说明,收/支,金额,收/付款方式,交易状态\n\n
bills	Alipay Transaction Record\n交易时间,交易分类,交易对方,商品说明,收/支,金额,收/付款方式,交易状态\n2026-01-17 10:00:00,"购物,杂项",店,"说,明",支出,"1,234.56",余额,交易成功\n
bills	Alipay Transaction Record\n交易时间,交易分类,交易对方,商品说明,收/支,金额,收/付款方式,交易状态\n2026-01-18 10:00:00,购物,"店\n二行",东西,支出,15.00,余额,交易成功\n
bills	Alipay Transaction Record\n交易时间,交易分类,交易对方,商品说明,收/支,金额,收/付款方式,交易状态\n2026-01-19 10:00:00,购物,"说""引号""",东西,收入,15.00,余额,交易成功\n
bills	Alipay Transaction Record\n交易时间,交易分类,交易对方,商品说明,收/支,金额,收/付款方式,交易状态\n2026-01-20 24:00:00,购物,店,东西,支出,15.00,余额,交易成功\n
bills	Alipay Transaction Record\n交易时间,交易分类,交易对方,商品说明,收/支,金额,收/付款方式,交易状态\n2026-13-40 10:00:00,购物,店,东西,支出,15.00,余额,交易成功\n
bills	Alipay Transaction Record\n交易时间,交易分类,交易对方,商品说明,收/支,金额,收/付款方式,交易状态\n2026-01-21 10:00:00,购物,店,东西,支出,15.00,余额,冻结\n
bills	Alipay Transaction Record\n交易时间,交易分类,交易对方,商品说明,收/支,金额,收/付款方式,交易状态\n2026-01-22 10:00:00,购物,店,东西,支出,15.00,余额,全额退款\n
bills	Alipay Transaction Record\n交易时间,交易分类,交易对方,商品说明,收/支,金额,收/付款方式,交易状态\n2026-01-23 10:00:00,购物,店,东西,Expense,15.00,余额,交易成功\n
bills	Alipay Transaction Record\n交易时间,交易分类,交易对方,商品说明,收/支,金额,收/付款方式,交易状态\n2026-01-24 10:00:00,购物,店,东西,收入支出,15.00,余额,交易成功\n
bills	Alipay Transaction Record\n交易时间,交易分类,交易对方,商品说明,收/支,金额,收/付款方式,交易状态\n2026-01-25 10:00:00,购物,店,东西,支出收入,15.00,余额,交易成功\n
bills	Alipay Transaction Record\n交易时间,交易分类,交易对方,商品说明,收/支,金额,收/付款方式,交易状态\n2026-01-26 10:00:00,购物,店,东西,"支出,收入",15.00,余额,交易成功\n
bills	Alipay Transaction Record\n交易时间,交易分类,交易对方,商品说明,收/支,金额,收/付款方式,交易状态\n2026-01-27 10:00:00,购物,店,东西,income expense,15.00,余额,交易成功\n
bills	Alipay Transaction Record\n交易时间,交易分类,交易对方,商品说明,收/支,金额,收/付款方式,交易状态\n2026-01-28 10:00:00,购物,店,东西,expense income,15.00,余额,交易成功\n
bills	Alipay Transaction Record\n交易时间,交易分类,交易对方,商品说明,收/支,金额,收/付款方式,交易状态\n2026-01-29 10:00:00,购物,店,东西,退款收入/支出,15.00,余额,交易成功\n
bills	Alipay Transaction Record\n交易时间,交易分类,交易对方,商品说明,收/支,金额,收/付款方式,交易状态\n2026-01-05 12:30:00,餐饮,肯德基,午餐,支出,35.50,余额,交易成功\n2026-01-06 09:00:00,工资,公司,一月工资,收入,9000.00,银行卡,交易成功\n2026-01-07 10:00:00,退款,商家,退货,收入,20.00,余额,退款成功\n2026-01-08 10:00:00,其他,x,y,不计收支,5.00,余额,交易成功\n2026-01-09 10:00:00,购物,店,东西,支出,0.00,余额,交易成功\n2026-01-10 10:00:00,购物,店,东西,支出,-15.00,余额,交易成功\ngarbage,购物,店,东西,支出,15.00,余额,交易成功\n2026-01-11 10:00:00,购物,店,东西,支出,abc,余额,交易成功\n2026-01-12 10:00:00,购物,店,东西,支出,15.00,余额,交易关闭\n2026-01-13 10:00:00,购物,店,东西,支出,15.00,余额,\n2026-01-14 10:00:00, 购物 , 店 , 东西 ,支出,15.00, 余额 , 交易成功 \n2026-01-15 10:00:00,购物,店,东西,支出,15.00\n2026-01-16 10:00:00\n,,,,,,,\n   ,  ,  ,  ,  ,  ,  ,  \n\n2026-01-17 10:00:00,"购物,杂项",店,"说,明",支出,"1,234.56",余额,交易成功\n2026-01-18 10:00:00,购物,"店\n二行",东西,支出,15.00,余额,交易成功\n2026-01-19 10:00:00,购物,"说""引号""",东西,收入,15.00,余额,交易成功\n2026-01-20 24:00:00,购物,店,东西,支出,15.00,余额,交易成功\n2026-13-40 10:00:00,购物,店,东西,支出,15.00,余额,交易成功\n2026-01-21 10:00:00,购物,店,东西,支出,15.00,余额,冻结\n2026-01-22 10:00:00,购物,店,东西,支出,15.00,余额,全额退款\n2026-01-23 10:00:00,购物,店,东西,Expense,15.00,余额,交易成功\n2026-01-24 10:00:00,购物,店,东西,收入支出,15.00,余额,交易成功\n2026-01-25 10:00:00,购物,店,东西,支出收入,15.00,余额,交易成功\n2026-01-26 10:00:00,购物,店,东西,"支出,收入",15.00,余额,交易成功\n2026-01-27 10:00:00,购物,店,东西,income expense,15.00,余额,交易成功\n2026-01-28 10:00:00,购物,店,东西,expense income,15.00,余额,交易成功\n2026-01-29 10:00:00,购物,店,东西,退款收入/支出,15.00,余额,交易成功\n
bills	Alipay Transaction Record\n交易时间,交易分类,交易对方,商品说明,收/支,金额,收/付款方式,交易状态\n2026-01-05 12:30:00,餐饮,肯德基,午餐,支出,35.50,余额,交易成功\r\n2026-01-06 09:00:00,工资,公司,一月工资,收入,9000.00,银行卡,交易成功\r\n2026-01-07 10:00:00,退款,商家,退货,收入,20.00,余额,退款成功\r\n2026-01-08 10:00:00,其他,x,y,不计收支,5.00,余额,交易成功\r\n2026-01-09 10:00:00,购物,店,东西,支出,0.00,余额,交易成功\r\n2026-01-10 10:00:00,购物,店,东西,支出,-15.00,余额,交易成功\r\ngarbage,购物,店,东西,支出,15.00,余额,交易成功\r\n2026-01-11 10:00:00,购物,店,东西,支出,abc,余额,交易成功\r\n2026-01-12 10:00:00,购物,店,东西,支出,15.00,余额,交易关闭\r\n2026-01-13 10:00:00,购物,店,东西,支出,15.00,余额,\r\n2026-01-14 10:00:00, 购物 , 店 , 东西 ,支出,15.00, 余额 , 交易成功 \r\n2026-01-15 10:00:00,购物,店,东西,支出,15.00\r\n2026-01-16 10:00:00\r\n,,,,,,,\r\n   ,  ,  ,  ,  ,  ,  ,  \r\n\r\n2026-01-17 10:00:00,"购物,杂项",店,"说,明",支出,"1,234.56",余额,交易成功\r\n2026-01-18 10:00:00,购物,"店\n二行",东西,支出,15.00,余额,交易成功\r\n2026-01-19 10:00:00,购物,"说""引号""",东西,收入,15.00,余额,交易成功\r\n2026-01-20 24:00:00,购物,店,东西,支出,15.00,余额,交易成功\r\n2026-13-40 10:00:00,购物,店,东西,支出,15.00,余额,交易成功\r\n2026-01-21 10:00:00,购物,店,东西,支出,15.00,余额,冻结\r\n2026-01-22 10:00:00,购物,店,东西,支出,15.00,余额,全额退款\r\n2026-01-23 10:00:00,购物,店,东西,Expense,15.00,余额,交易成功\r\n2026-01-24 10:00:00,购物,店,东西,收入支出,15.00,余额,交易成功\r\n2026-01-25 10:00:00,购物,店,东西,支出收入,15.00,余额,交易成功\r\n2026-01-26 10:00:00,购物,店,东西,"支出,收入",15.00,余额,交易成功\r\n2026-01-27 10:00:00,购物,店,东西,income expense,15.00,余额,交易成功\r\n2026-01-28 10:00:00,购物,店,东西,expense income,15.00,余额,交易成功\r\n2026-01-29 10:00:00,购物,店,东西,退款收入/支出,15.00,余额,交易成功
header	Alipay Transaction Record\n交易时间,交易分类,交易对方,商品说明,收/支,金额,收/付款方式,交易状态\n
bills	Alipay Transaction Record\n交易时间,交易类型,交易对方,商品,收/支,金额(元),支付方式,当前状态\n2026-01-05 12:30:00,餐饮,肯德基,午餐,支出,35.50,余额,交易成功\n
bills	Alipay Transaction Record\n交易时间,交易类型,交易对方,商品,收/支,金额(元),支付方式,当前状态\n2026-01-06 09:00:00,工资,公司,一月工资,收入,9000.00,银行卡,交易成功\n
bills	Alipay Transaction Record\n交易时间,交易类型,交易对方,商品,收/支,金额(元),支付方式,当前状态\n2026-01-07 10:00:00,退款,商家,退货,收入,20.00,余额,退款成功\n
bills	Alipay Transaction Record\n交易时间,交易类型,交易对方,商品,收/支,金额(元),支付方式,当前状态\n2026-01-08 10:00:00,其他,x,y,不计收支,5.00,余额,交易成功\n
bills	Alipay Transaction Record\n交易时间,交易类型,交易对方,商品,收/支,金额(元),支付方式,当前状态\n2026-01-09 10:00:00,购物,店,东西,支出,0.00,余额,交易成功\n
bills	Alipay Transaction Record\n交易时间,交易类型,交易对方,商品,收/支,金额(元),支付方式,当前状态\n2026-01-10 10:00:00,购物,店,东西,支出,-15.00,余额,交易成功\n
bills	Alipay Transaction Record\n交易时间,交易类型,交易对方,商品,收/支,金额(元),支付方式,当前状态\ngarbage,购物,店,东西,支出,15.00,余额,交易成功\n
bills	Alipay Transaction Record\n交易时间,交易类型,交易对方,商品,收/支,金额(元),支付方式,当前状态\n2026-01-11 10:00:00,购物,店,东西,支出,abc,余额,交易成功\n
bills	Alipay Transaction Record\n交易时间,交易类型,交易对方,商品,收/支,金额(元),支付方式,当前状态\n2026-01-12 10:00:00,购物,店,东西,支出,15.00,余额,交易关闭\n
bills	Alipay Transaction Record\n交易时间,交易类型,交易对方,商品,收/支,金额(元),支付方式,当前状态\n2026-01-13 10:00:00,购物,店,东西,支出,15.00,余额,\n
bills	Alipay Transaction Record\n交易时间,交易类型,交易对方,商品,收/支,金额(元),支付方式,当前状态\n2026-01-14 10:00:00, 购物 , 店 , 东西 ,支出,15.00, 余额 , 交易成功 \n
bills	Alipay Transaction Record\n交易时间,交易类型,交易对方,商品,收/支,金额(元),支付方式,当前状态\n2026-01-15 10:00:00,购物,店,东西,支出,15.00\n
bills	Alipay Transaction Record\n交易时间,交易类型,交易对方,商品,收/支,金额(元),支付方式,当前状态\n2026-01-16 10:00:00\n
bills	Alipay Transaction Record\n交易时间,交易类型,交易对方,商品,收/支,金额(元),支付方式,当前状态\n,,,,,,,\n
bills	Alipay Transaction Record\n交易时间,交易类型,交易对方,商品,收/支,金额(元),支付方式,当前状态\n   ,  ,  ,  ,  ,  ,  ,  \n
bills	Alipay Transaction Record\n交易时间,交易类型,交易对方,商品,收/支,金额(元),支付方式,当前状态\n\n
bills	Alipay Transaction Record\n交易时间,交易类型,交易对方,商品,收/支,金额(元),支付方式,当前状态\n2026-01-17 10:00:00,"购物,杂项",店,"说,明",支出,"1,234.56",余额,交易成功\n
bills	Alipay Transaction Record\n交易时间,交易类型,交易对方,商品,收/支,金额(元),支付方式,当前状态\n2026-01-18 10:00:00,购物,"店\n二行",东西,支出,15.00,余额,交易成功\n
bills	Alipay Transaction Record\n交易时间,交易类型,交易对方,商品,收/支,金额(元),支付方式,当前状态\n2026-01-19 10:00:00,购物,"说""引号""",东西,收入,15.00,余额,交易成功\n
bills	Alipay Transaction Record\n交易时间,交易类型,交易对方,商品,收/支,金额(元),支付方式,当前状态\n2026-01-20 24:00:00,购物,店,东西,支出,15.00,余额,交易成功\n
bills	Alipay Transaction Record\n交易时间,交易类型,交易对方,商品,收/支,金额(元),支付方式,当前状态\n2026-13-40 10:00:00,购物,店,东西,支出,15.00,余额,交易成功\n
bills	Alipay Transaction Record\n交易时间,交易类型,交易对方,商品,收/支,金额(元),支付方式,当前状态\n2026-01-21 10:00:00,购物,店,东西,支出,15.00,余额,冻结\n
bills	Alipay Transaction Record\n交易时间,交易类型,交易对方,商品,收/支,金额(元),支付方式,当前状态\n2026-01-22 10:00:00,购物,店,东西,支出,15.00,余额,全额退款\n
bills	Alipay Transaction Record\n交易时间,交易类型,交易对方,商品,收/支,金额(元),支付方式,当前状态\n2026-01-23 10:00:00,购物,店,东西,Expense,15.00,余额,交易成功\n
bills	Alipay Transaction Record\n交易时间,交易类型,交易对方,商品,收/支,金额(元),支付方式,当前状态\n2026-01-24 10:00:00,购物,店,东西,收入支出,15.00,余额,交易成功\n
bills	Alipay Transaction Record\n交易时间,交易类型,交易对方,商品,收/支,金额(元),支付方式,当前状态\n2026-01-25 10:00:00,购物,店,东西,支出收入,15.00,余额,交易成功\n
bills	Alipay Transaction Record\n交易时间,交易类型,交易对方,商品,收/支,金额(元),支付方式,当前状态\n2026-01-26 10:00:00,购物,店,东西,"支出,收入",15.00,余额,交易成功\n
bills	Alipay Transaction Record\n交易时间,交易类型,交易对方,商品,收/支,金额(元),支付方式,当前状态\n2026-01-27 10:00:00,购物,店,东西,income expense,15.00,余额,交易成功\n
bills	Alipay Transaction Record\n交易时间,交易类型,交易对方,商品,收/支,金额(元),支付方式,当前状态\n2026-01-28 10:00:00,购物,店,东西,expense income,15.00,余额,交易成功\n
bills	Alipay Transaction Record\n交易时间,交易类型,交易对方,商品,收/支,金额(元),支付方式,当前状态\n2026-01-29 10:00:00,购物,店,东西,退款收入/支出,15.00,余额,交易成功\n
bills	Alipay Transaction Record\n交易时间,交易类型,交易对方,商品,收/支,金额(元),支付方式,当前状态\n2026-01-05 12:30:00,餐饮,肯德基,午餐,支出,35.50,余额,交易成功\n2026-01-06 09:00:00,工资,公司,一月工资,收入,9000.00,银行卡,交易成功\n2026-01-07 10:00:00,退款,商家,退货,收入,20.00,余额,退款成功\n2026-01-08 10:00:00,其他,x,y,不计收支,5.00,余额,交易成功\n2026-01-09 10:00:00,购物,店,东西,支出,0.00,余额,交易成功\n2026-01-10 10:00:00,购物,店,东西,支出,-15.00,余额,交易成功\ngarbage,购物,店,东西,支出,15.00,余额,交易成功\n2026-01-11 10:00:00,购物,店,东西,支出,abc,余额,交易成功\n2026-01-12 10:00:00,购物,店,东西,支出,15.00,余额,交易关闭\n2026-01-13 10:00:00,购物,店,东西,支出,15.00,余额,\n2026-01-14 10:00:00, 购物 , 店 , 东西 ,支出,15.00, 余额 , 交易成功 \n2026-01-15 10:00:00,购物,店,东西,支出,15.00\n2026-01-16 10:00:00\n,,,,,,,\n   ,  ,  ,  ,  ,  ,  ,  \n\n2026-01-17 10:00:00,"购物,杂项",店,"说,明",支出,"1,234.56",余额,交易成功\n2026-01-18 10:00:00,购物,"店\n二行",东西,支出,15.00,余额,交易成功\n2026-01-19 10:00:00,购物,"说""引号""",东西,收入,15.00,余额,交易成功\n2026-01-20 24:00:00,购物,店,东西,支出,15.00,余额,交易成功\n2026-13-40 10:00:00,购物,店,东西,支出,15.00,余额,交易成功\n2026-01-21 10:00:00,购物,店,东西,支出,15.00,余额,冻结\n2026-01-22 10:00:00,购物,店,东西,支出,15.00,余额,全额退款\n2026-01-23 10:00:00,购物,店,东西,Expense,15.00,余额,交易成功\n2026-01-24 10:00:00,购物,店,东西,收入支出,15.00,余额,交易成功\n2026-01-25 10:00:00,购物,店,东西,支出收入,15.00,余额,交易成功\n2026-01-26 10:00:00,购物,店,东西,"支出,收入",15.00,余额,交易成功\n2026-01-27 10:00:00,购物,店,东西,income expense,15.00,余额,交易成功\n2026-01-28 10:00:00,购物,店,东西,expense income,15.00,余额,交易成功\n2026-01-29 10:00:00,购物,店,东西,退款收入/支出,15.00,余额,交易成功\n
bills	Alipay Transaction Record\n交易时间,交易类型,交易对方,商品,收/支,金额(元),支付方式,当前状态\n2026-01-05 12:30:00,餐饮,肯德基,午餐,支出,35.50,余额,交易成功\r\n2026-01-06 09:00:00,工资,公司,一月工资,收入,9000.00,银行卡,交易成功\r\n2026-01-07 10:00:00,退款,商家,退货,收入,20.00,余额,退款成功\r\n2026-01-08 10:00:00,其他,x,y,不计收支,5.00,余额,交易成功\r\n2026-01-09 10:00:00,购物,店,东西,支出,0.00,余额,交易成功\r\n2026-01-10 10:00:00,购物,店,东西,支出,-15.00,余额,交易成功\r\ngarbage,购物,店,东西,支出,15.00,余额,交易成功\r\n2026-01-11 10:00:00,购物,店,东西,支出,abc,余额,交易成功\r\n2026-01-12 10:00:00,购物,店,东西,支出,15.00,余额,交易关闭\r\n2026-01-13 10:00:00,购物,店,东西,支出,15.00,余额,\r\n2026-01-14 10:00:00, 购物 , 店 , 东西 ,支出,15.00, 余额 , 交易成功 \r\n2026-01-15 10:00:00,购物,店,东西,支出,15.00\r\n2026-01-16 10:00:00\r\n,,,,,,,\r\n   ,  ,  ,  ,  ,  ,  ,  \r\n\r\n2026-01-17 10:00:00,"购物,杂项",店,"说,明",支出,"1,234.56",余额,交易成功\r\n2026-01-18 10:00:00,购物,"店\n二行",东西,支出,15.00,余额,交易成功\r\n2026-01-19 10:00:00,购物,"说""引号""",东西,收入,15.00,余额,交易成功\r\n2026-01-20 24:00:00,购物,店,东西,支出,15.00,余额,交易成功\r\n2026-13-40 10:00:00,购物,店,东西,支出,15.00,余额,交易成功\r\n2026-01-21 10:00:00,购物,店,东西,支出,15.00,余额,冻结\r\n2026-01-22 10:00:00,购物,店,东西,支出,15.00,余额,全额退款\r\n2026-01-23 10:00:00,购物,店,东西,Expense,15.00,余额,交易成功\r\n2026-01-24 10:00:00,购物,店,东西,收入支出,15.00,余额,交易成功\r\n2026-01-25 10:00:00,购物,店,东西,支出收入,15.00,余额,交易成功\r\n2026-01-26 10:00:00,购物,店,东西,"支出,收入",15.00,余额,交易成功\r\n2026-01-27 10:00:00,购物,店,东西,income expense,15.00,余额,交易成功\r\n2026-01-28 10:00:00,购物,店,东西,expense income,15.00,余额,交易成功\r\n2026-01-29 10:00:00,购物,店,东西,退款收入/支出,15.00,余额,交易成功
header	Alipay Transaction Record\n交易时间,交易类型,交易对方,商品,收/支,金额(元),支付方式,当前状态\n
bills	Alipay Transaction Record\n日期,类型,金额,收支\n2026-01-05 12:30:00,餐饮,肯德基,午餐,支出,35.50,余额,交易成功\n
bills	Alipay Transaction Record\n日期,类型,金额,收支\n2026-01-06 09:00:00,工资,公司,一月工资,收入,9000.00,银行卡,交易成功\n
bills	Alipay Transaction Record\n日期,类型,金额,收支\n2026-01-07 10:00:00,退款,商家,退货,收入,20.00,余额,退款成功\n
bills	Alipay Transaction Record\n日期,类型,金额,收支\n2026-01-08 10:00:00,其他,x,y,不计收支,5.00,余额,交易成功\n
bills	Alipay Transaction Record\n日期,类型,金额,收支\n2026-01-09 10:00:00,购物,店,东西,支出,0.00,余额,交易成功\n
bills	Alipay Transaction Record\n日期,类型,金额,收支\n2026-01-10 10:00:00,购物,店,东西,支出,-15.00,余额,交易成功\n
bills	Alipay Transaction Record\n日期,类型,金额,收支\ngarbage,购物,店,东西,支出,15.00,余额,交易成功\n
bills	Alipay Transaction Record\n日期,类型,金额,收支\n2026-01-11 10:00:00,购物,店,东西,支出,abc,余额,交易成功\n
bills	Alipay Transaction Record\n日期,类型,金额,收支\n2026-01-12 10:00:00,购物,店,东西,支出,15.00,余额,交易关闭\n
bills	Alipay Transaction Record\n日期,类型,金额,收支\n2026-01-13 10:00:00,购物,店,东西,支出,15.00,余额,\n
bills	Alipay Transaction Record\n日期,类型,金额,收支\n2026-01-14 10:00:00, 购物 , 店 , 东西 ,支出,15.00, 余额 , 交易成功 \n
bills	Alipay Transaction Record\n日期,类型,金额,收支\n2026-01-15 10:00:00,购物,店,东西,支出,15.00\n
bills	Alipay Transaction Record\n日期,类型,金额,收支\n2026-01-16 10:00:00\n
bills	Alipay Transaction Record\n日期,类型,金额,收支\n,,,,,,,\n
bills	Alipay Transaction Record\n日期,类型,金额,收支\n   ,  ,  ,  ,  ,  ,  ,  \n
bills	Alipay Transaction Record\n日期,类型,金额,收支\n\n
bills	Alipay Transaction Record\n日期,类型,金额,收支\n2026-01-17 10:00:00,"购物,杂项",店,"说,明",支出,"1,234.56",余额,交易成功\n
bills	Alipay Transaction Record\n日期,类型,金额,收支\n2026-01-18 10:00:00,购物,"店\n二行",东西,支出,15.00,余额,交易成功\n
bills	Alipay Transaction Record\n日期,类型,金额,收支\n2026-01-19 10:00:00,购物,"说""引号""",东西,收入,15.00,余额,交易成功\n
bills	Alipay Transaction Record\n日期,类型,金额,收支\n2026-01-20 24:00:00,购物,店,东西,支出,15.00,余额,交易成功\n
bills	Alipay Transaction Record\n日期,类型,金额,收支\n2026-13-40 10:00:00,购物,店,东西,支出,15.00,余额,交易成功\n
bills	Alipay Transaction Record\n日期,类型,金额,收支\n2026-01-21 10:00:00,购物,店,东西,支出,15.00,余额,冻结\n
bills	Alipay Transaction Record\n日期,类型,金额,收支\n2026-01-22 10:00:00,购物,店,东西,支出,15.00,余额,全额退款\n
bills	Alipay Transaction Record\n日期,类型,金额,收支\n2026-01-23 10:00:00,购物,店,东西,Expense,15.00,余额,交易成功\n
bills	Alipay Transaction Record\n日期,类型,金额,收支\n2026-01-24 10:00:00,购物,店,东西,收入支出,15.00,余额,交易成功\n
bills	Alipay Transaction Record\n日期,类型,金额,收支\n2026-01-25 10:00:00,购物,店,东西,支出收入,15.00,余额,交易成功\n
bills	Alipay Transaction Record\n日期,类型,金额,收支\n2026-01-26 10:00:00,购物,店,东西,"支出,收入",15.00,余额,交易成功\n
bills	Alipay Transaction Record\n日期,类型,金额,收支\n2026-01-27 10:00:00,购物,店,东西,income expense,15.00,余额,交易成功\n
bills	Alipay Transaction Record\n日期,类型,金额,收支\n2026-01-28 10:00:00,购物,店,东西,expense income,15.00,余额,交易成功\n
bills	Alipay Transaction Record\n日期,类型,金额,收支\n2026-01-29 10:00:00,购物,店,东西,退款收入/支出,15.00,余额,交易成功\n
bills	Alipay Transaction Record\n日期,类型,金额,收支\n2026-01-05 12:30:00,餐饮,肯德基,午餐,支出,35.50,余额,交易成功\n2026-01-06 09:00:00,工资,公司,一月工资,收入,9000.00,银行卡,交易成功\n2026-01-07 10:00:00,退款,商家,退货,收入,20.00,余额,退款成功\n2026-01-08 10:00:00,其他,x,y,不计收支,5.00,余额,交易成功\n2026-01-09 10:00:00,购物,店,东西,支出,0.00,余额,交易成功\n2026-01-10 10:00:00,购物,店,东西,支出,-15.00,余额,交易成功\ngarbage,购物,店,东西,支出,15.00,余额,交易成功\n2026-01-11 10:00:00,购物,店,东西,支出,abc,余额,交易成功\n2026-01-12 10:00:00,购物,店,东西,支出,15.00,余额,交易关闭\n2026-01-13 10:00:00,购物,店,东西,支出,15.00,余额,\n2026-01-14 10:00:00, 购物 , 店 , 东西 ,支出,15.00, 余额 , 交易成功 \n2026-01-15 10:00:00,购物,店,东西,支出,15.00\n2026-01-16 10:00:00\n,,,,,,,\n   ,  ,  ,  ,  ,  ,  ,  \n\n2026-01-17 10:00:00,"购物,杂项",店,"说,明",支出,"1,234.56",余额,交易成功\n2026-01-18 10:00:00,购物,"店\n二行",东西,支出,15.00,余额,交易成功\n2026-01-19 10:00:00,购物,"说""引号""",东西,收入,15.00,余额,交易成功\n2026-01-20 24:00:00,购物,店,东西,支出,15.00,余额,交易成功\n2026-13-40 10:00:00,购物,店,东西,支出,15.00,余额,交易成功\n2026-01-21 10:00:00,购物,店,东西,支出,15.00,余额,冻结\n2026-01-22 10:00:00,购物,店,东西,支出,15.00,余额,全额退款\n2026-01-23 10:00:00,购物,店,东西,Expense,15.00,余额,交易成功\n2026-01-24 10:00:00,购物,店,东西,收入支出,15.00,余额,交易成功\n2026-01-25 10:00:00,购物,店,东西,支出收入,15.00,余额,交易成功\n2026-01-26 10:00:00,购物,店,东西,"支出,收入",15.00,余额,交易成功\n2026-01-27 10:00:00,购物,店,东西,income expense,15.00,余额,交易成功\n2026-01-28 10:00:00,购物,店,东西,expense income,15.00,余额,交易成功\n2026-01-29 10:00:00,购物,店,东西,退款收入/支出,15.00,余额,交易成功\n
bills	Alipay Transaction Record\n日期,类型,金额,收支\n2026-01-05 12:30:00,餐饮,肯德基,午餐,支出,35.50,余额,交易成功\r\n2026-01-06 09:00:00,工资,公司,一月工资,收入,9000.00,银行卡,交易成功\r\n2026-01-07 10:00:00,退款,商家,退货,收入,20.00,余额,退款成功\r\n2026-01-08 10:00:00,其他,x,y,不计收支,5.00,余额,交易成功\r\n2026-01-09 10:00:00,购物,店,东西,支出,0.00,余额,交易成功\r\n2026-01-10 10:00:00,购物,店,东西,支出,-15.00,余额,交易成功\r\ngarbage,购物,店,东西,支出,15.00,余额,交易成功\r\n2026-01-11 10:00:00,购物,店,东西,支出,abc,余额,交易成功\r\n2026-01-12 10:00:00,购物,店,东西,支出,15.00,余额,交易关闭\r\n2026-01-13 10:00:00,购物,店,东西,支出,15.00,余额,\r\n2026-01-14 10:00:00, 购物 , 店 , 东西 ,支出,15.00, 余额 , 交易成功 \r\n2026-01-15 10:00:00,购物,店,东西,支出,15.00\r\n2026-01-16 10:00:00\r\n,,,,,,,\r\n   ,  ,  ,  ,  ,  ,  ,  \r\n\r\n2026-01-17 10:00:00,"购物,杂项",店,"说,明",支出,"1,234.56",余额,交易成功\r\n2026-01-18 10:00:00,购物,"店\n二行",东西,支出,15.00,余额,交易成功\r\n2026-01-19 10:00:00,购物,"说""引号""",东西,收入,15.00,余额,交易成功\r\n2026-01-20 24:00:00,购物,店,东西,支出,15.00,余额,交易成功\r\n2026-13-40 10:00:00,购物,店,东西,支出,15.00,余额,交易成功\r\n2026-01-21 10:00:00,购物,店,东西,支出,15.00,余额,冻结\r\n2026-01-22 10:00:00,购物,店,东西,支出,15.00,余额,全额退款\r\n2026-01-23 10:00:00,购物,店,东西,Expense,15.00,余额,交易成功\r\n2026-01-24 10:00:00,购物,店,东西,收入支出,15.00,余额,交易成功\r\n2026-01-25 10:00:00,购物,店,东西,支出收入,15.00,余额,交易成功\r\n2026-01-26 10:00:00,购物,店,东西,"支出,收入",15.00,余额,交易成功\r\n2026-01-27 10:00:00,购物,店,东西,income expense,15.00,余额,交易成功\r\n2026-01-28 10:00:00,购物,店,东西,expense income,15.00,余额,交易成功\r\n2026-01-29 10:00:00,购物,店,东西,退款收入/支出,15.00,余额,交易成功
header	Alipay Transaction Record\n日期,类型,金额,收支\n
bills	Alipay Transaction Record\n类型,交易分类,时间,交易时间,金额,收/支\n2026-01-05 12:30:00,餐饮,肯德基,午餐,支出,35.50,余额,交易成功\n
bills	Alipay Transaction Record\n类型,交易分类,时间,交易时间,金额,收/支\n2026-01-06 09:00:00,工资,公司,一月工资,收入,9000.00,银行卡,交易成功\n
bills	Alipay Transaction Record\n类型,交易分类,时间,交易时间,金额,收/支\n2026-01-07 10:00:00,退款,商家,退货,收入,20.00,余额,退款成功\n
bills	Alipay Transaction Record\n类型,交易分类,时间,交易时间,金额,收/支\n2026-01-08 10:00:00,其他,x,y,不计收支,5.00,余额,交易成功\n
bills	Alipay Transaction Record\n类型,交易分类,时间,交易时间,金额,收/支\n2026-01-09 10:00:00,购物,店,东西,支出,0.00,余额,交易成功\n
bills	Alipay Transaction Record\n类型,交易分类,时间,交易时间,金额,收/支\n2026-01-10 10:00:00,购物,店,东西,支出,-15.00,余额,交易成功\n
bills	Alipay Transaction Record\n类型,交易分类,时间,交易时间,金额,收/支\ngarbage,购物,店,东西,支出,15.00,余额,交易成功\n
bills	Alipay Transaction Record\n类型,交易分类,时间,交易时间,金额,收/支\n2026-01-11 10:00:00,购物,店,东西,支出,abc,余额,交易成功\n
bills	Alipay Transaction Record\n类型,交易分类,时间,交易时间,金额,收/支\n2026-01-12 10:00:00,购物,店,东西,支出,15.00,余额,交易关闭\n
bills	Alipay Transaction Record\n类型,交易分类,时间,交易时间,金额,收/支\n2026-01-13 10:00:00,购物,店,东西,支出,15.00,余额,\n
bills	Alipay Transaction Record\n类型,交易分类,时间,交易时间,金额,收/支\n2026-01-14 10:00:00, 购物 , 店 , 东西 ,支出,15.00, 余额 , 交易成功 \n
bills	Alipay Transaction Record\n类型,交易分类,时间,交易时间,金额,收/支\n2026-01-15 10:00:00,购物,店,东西,支出,15.00\n
bills	Alipay Transaction Record\n类型,交易分类,时间,交易时间,金额,收/支\n2026-01-16 10:00:00\n
bills	Alipay Transaction Record\n类型,交易分类,时间,交易时间,金额,收/支\n,,,,,,,\n
bills	Alipay Transaction Record\n类型,交易分类,时间,交易时间,金额,收/支\n   ,  ,  ,  ,  ,  ,  ,  \n
bills	Alipay Transaction Record\n类型,交易分类,时间,交易时间,金额,收/支\n\n
bills	Alipay Transaction Record\n类型,交易分类,时间,交易时间,金额,收/支\n2026-01-17 10:00:00,"购物,杂项",店,"说,明",支出,"1,234.56",余额,交易成功\n
bills	Alipay Transaction Record\n类型,交易分类,时间,交易时间,金额,收/支\n2026-01-18 10:00:00,购物,"店\n二行",东西,支出,15.00,余额,交易成功\n
bills	Alipay Transaction Record\n类型,交易分类,时间,交易时间,金额,收/支\n2026-01-19 10:00:00,购物,"说""引号""",东西,收入,15.00,余额,交易成功\n
bills	Alipay Transaction Record\n类型,交易分类,时间,交易时间,金额,收/支\n2026-01-20 24:00:00,购物,店,东西,支出,15.00,余额,交易成功\n
bills	Alipay Transaction Record\n类型,交易分类,时间,交易时间,金额,收/支\n2026-13-40 10:00:00,购物,店,东西,支出,15.00,余额,交易成功\n
bills	Alipay Transaction Record\n类型,交易分类,时间,交易时间,金额,收/支\n2026-01-21 10:00:00,购物,店,东西,支出,15.00,余额,冻结\n
bills	Alipay Transaction Record\n类型,交易分类,时间,交易时间,金额,收/支\n2026-01-22 10:00:00,购物,店,东西,支出,15.00,余额,全额退款\n
bills	Alipay Transaction Record\n类型,交易分类,时间,交易时间,金额,收/支\n2026-01-23 10:00:00,购物,店,东西,Expense,15.00,余额,交易成功\n
bills	Alipay Transaction Record\n类型,交易分类,时间,交易时间,金额,收/支\n2026-01-24 10:00:00,购物,店,东西,收入支出,15.00,余额,交易成功\n
bills	Alipay Transaction Record\n类型,交易分类,时间,交易时间,金额,收/支\n2026-01-25 10:00:00,购物,店,东西,支出收入,15.00,余额,交易成功\n
bills	Alipay Transaction Record\n类型,交易分类,时间,交易时间,金额,收/支\n2026-01-26 10:00:00,购物,店,东西,"支出,收入",15.00,余额,交易成功\n
bills	Alipay Transaction Record\n类型,交易分类,时间,交易时间,金额,收/支\n2026-01-27 10:00:00,购物,店,东西,income expense,15.00,余额,交易成功\n
bills	Alipay Transaction Record\n类型,交易分类,时间,交易时间,金额,收/支\n2026-01-28 10:00:00,购物,店,东西,expense income,15.00,余额,交易成功\n
bills	Alipay Transaction Record\n类型,交易分类,时间,交易时间,金额,收/支\n2026-01-29 10:00:00,购物,店,东西,退款收入/支出,15.00,余额,交易成功\n
bills	Alipay Transaction Record\n类型,交易分类,时间,交易时间,金额,收/支\n2026-01-05 12:30:00,餐饮,肯德基,午餐,支出,35.50,余额,交易成功\n2026-01-06 09:00:00,工资,公司,一月工资,收入,9000.00,银行卡,交易成功\n2026-01-07 10:00:00,退款,商家,退货,收入,20.00,余额,退款成功\n2026-01-08 10:00:00,其他,x,y,不计收支,5.00,余额,交易成功\n2026-01-09 10:00:00,购物,店,东西,支出,0.00,余额,交易成功\n2026-01-10 10:00:00,购物,店,东西,支出,-15.00,余额,交易成功\ngarbage,购物,店,东西,支出,15.00,余额,交易成功\n2026-01-11 10:00:00,购物,店,东西,支出,abc,余额,交易成功\n2026-01-12 10:00:00,购物,店,东西,支出,15.00,余额,交易关闭\n2026-01-13 10:00:00,购物,店,东西,支出,15.00,余额,\n2026-01-14 10:00:00, 购物 , 店 , 东西 ,支出,15.00, 余额 , 交易成功 \n2026-01-15 10:00:00,购物,店,东西,支出,15.00\n2026-01-16 10:00:00\n,,,,,,,\n   ,  ,  ,  ,  ,  ,  ,  \n\n2026-01-17 10:00:00,"购物,杂项",店,"说,明",支出,"1,234.56",余额,交易成功\n2026-01-18 10:00:00,购物,"店\n二行",东西,支出,15.00,余额,交易成功\n2026-01-19 10:00:00,购物,"说""引号""",东西,收入,15.00,余额,交易成功\n2026-01-20 24:00:00,购物,店,东西,支出,15.00,余额,交易成功\n2026-13-40 10:00:00,购物,店,东西,支出,15.00,余额,交易成功\n2026-01-21 10:00:00,购物,店,东西,支出,15.00,余额,冻结\n2026-01-22 10:00:00,购物,店,东西,支出,15.00,余额,全额退款\n2026-01-23 10:00:00,购物,店,东西,Expense,15.00,余额,交易成功\n2026-01-24 10:00:00,购物,店,东西,收入支出,15.00,余额,交易成功\n2026-01-25 10:00:00,购物,店,东西,支出收入,15.00,余额,交易成功\n2026-01-26 10:00:00,购物,店,东西,"支出,收入",15.00,余额,交易成功\n2026-01-27 10:00:00,购物,店,东西,income expense,15.00,余额,交易成功\n2026-01-28 10:00:00,购物,店,东西,expense income,15.00,余额,交易成功\n2026-01-29 10:00:00,购物,店,东西,退款收入/支出,15.00,余额,交易成功\n
bills	Alipay Transaction Record\n类型,交易分类,时间,交易时间,金额,收/支\n2026-01-05 12:30:00,餐饮,肯德基,午餐,支出,35.50,余额,交易成功\r\n2026-01-06 09:00:00,工资,公司,一月工资,收入,9000.00,银行卡,交易成功\r\n2026-01-07 10:00:00,退款,商家,退货,收入,20.00,余额,退款成功\r\n2026-01-08 10:00:00,其他,x,y,不计收支,5.00,余额,交易成功\r\n2026-01-09 10:00:00,购物,店,东西,支出,0.00,余额,交易成功\r\n2026-01-10 10:00:00,购物,店,东西,支出,-15.00,余额,交易成功\r\ngarbage,购物,店,东西,支出,15.00,余额,交易成功\r\n2026-01-11 10:00:00,购物,店,东西,支出,abc,余额,交易成功\r\n2026-01-12 10:00:00,购物,店,东西,支出,15.00,余额,交易关闭\r\n2026-01-13 10:00:00,购物,店,东西,支出,15.00,余额,\r\n2026-01-14 10:00:00, 购物 , 店 , 东西 ,支出,15.00, 余额 , 交易成功 \r\n2026-01-15 10:00:00,购物,店,东西,支出,15.00\r\n2026-01-16 10:00:00\r\n,,,,,,,\r\n   ,  ,  ,  ,  ,  ,  ,  \r\n\r\n2026-01-17 10:00:00,"购物,杂项",店,"说,明",支出,"1,234.56",余额,交易成功\r\n2026-01-18 10:00:00,购物,"店\n二行",东西,支出,15.00,余额,交易成功\r\n2026-01-19 10:00:00,购物,"说""引号""",东西,收入,15.00,余额,交易成功\r\n2026-01-20 24:00:00,购物,店,东西,支出,15.00,余额,交易成功\r\n2026-13-40 10:00:00,购物,店,东西,支出,15.00,余额,交易成功\r\n2026-01-21 10:00:00,购物,店,东西,支出,15.00,余额,冻结\r\n2026-01-22 10:00:00,购物,店,东西,支出,15.00,余额,全额退款\r\n2026-01-23 10:00:00,购物,店,东西,Expense,15.00,余额,交易成功\r\n2026-01-24 10:00:00,购物,店,东西,收入支出,15.00,余额,交易成功\r\n2026-01-25 10:00:00,购物,店,东西,支出收入,15.00,余额,交易成功\r\n2026-01-26 10:00:00,购物,店,东西,"支出,收入",15.00,余额,交易成功\r\n2026-01-27 10:00:00,购物,店,东西,income expense,15.00,余额,交易成功\r\n2026-01-28 10:00:00,购物,店,东西,expense income,15.00,余额,交易成功\r\n2026-01-29 10:00:00,购物,店,东西,退款收入/支出,15.00,余额,交易成功
header	Alipay Transaction Record\n类型,交易分类,时间,交易时间,金额,收/支\n
bills	Alipay Transaction Record\n交易时间,金额\n2026-01-05 12:30:00,餐饮,肯德基,午餐,支出,35.50,余额,交易成功\n
bills	Alipay Transaction Record\n交易时间,金额\n2026-01-06 09:00:00,工资,公司,一月工资,收入,9000.00,银行卡,交易成功\n
bills	Alipay Transaction Record\n交易时间,金额\n2026-01-07 10:00:00,退款,商家,退货,收入,20.00,余额,退款成功\n
bills	Alipay Transaction Record\n交易时间,金额\n2026-01-08 10:00:00,其他,x,y,不计收支,5.00,余额,交易成功\n
bills	Alipay Transaction Record\n交易时间,金额\n2026-01-09 10:00:00,购物,店,东西,支出,0.00,余额,交易成功\n
bills	Alipay Transaction Record\n交易时间,金额\n2026-01-10 10:00:00,购物,店,东西,支出,-15.00,余额,交易成功\n
bills	Alipay Transaction Record\n交易时间,金额\ngarbage,购物,店,东西,支出,15.00,余额,交易成功\n
bills	Alipay Transaction Record\n交易时间,金额\n2026-01-11 10:00:00,购物,店,东西,支出,abc,余额,交易成功\n
bills	Alipay Transaction Record\n交易时间,金额\n2026-01-12 10:00:00,购物,店,东西,支出,15.00,余额,交易关闭\n
bills	Alipay Transaction Record\n交易时间,金额\n2026-01-13 10:00:00,购物,店,东西,支出,15.00,余额,\n
bills	Alipay Transaction Record\n交易时间,金额\n2026-01-14 10:00:00, 购物 , 店 , 东西 ,支出,15.00, 余额 , 交易成功 \n
bills	Alipay Transaction Record\n交易时间,金额\n2026-01-15 10:00:00,购物,店,东西,支出,15.00\n
bills	Alipay Transaction Record\n交易时间,金额\n2026-01-16 10:00:00\n
bills	Alipay Transaction Record\n交易时间,金额\n,,,,,,,\n
bills	Alipay Transaction Record\n交易时间,金额\n   ,  ,  ,  ,  ,  ,  ,  \n
bills	Alipay Transaction Record\n交易时间,金额\n\n
bills	Alipay Transaction Record\n交易时间,金额\n2026-01-17 10:00:00,"购物,杂项",店,"说,明",支出,"1,234.56",余额,交易成功\n
bills	Alipay Transaction Record\n交易时间,金额\n2026-01-18 10:00:00,购物,"店\n二行",东西,支出,15.00,余额,交易成功\n
bills	Alipay Transaction Record\n交易时间,金额\n2026-01-19 10:00:00,购物,"说""引号""",东西,收入,15.00,余额,交易成功\n
bills	Alipay Transaction Record\n交易时间,金额\n2026-01-20 24:00:00,购物,店,东西,支出,15.00,余额,交易成功\n
bills	Alipay Transaction Record\n交易时间,金额\n2026-13-40 10:00:00,购物,店,东西,支出,15.00,余额,交易成功\n
bills	Alipay Transaction Record\n交易时间,金额\n2026-01-21 10:00:00,购物,店,东西,支出,15.00,余额,冻结\n
bills	Alipay Transaction Record\n交易时间,金额\n2026-01-22 10:00:00,购物,店,东西,支出,15.00,余额,全额退款\n
bills	Alipay Transaction Record\n交易时间,金额\n2026-01-23 10:00:00,购物,店,东西,Expense,15.00,余额,交易成功\n
bills	Alipay Transaction Record\n交易时间,金额\n2026-01-24 10:00:00,购物,店,东西,收入支出,15.00,余额,交易成功\n
bills	Alipay Transaction Record\n交易时间,金额\n2026-01-25 10:00:00,购物,店,东西,支出收入,15.00,余额,交易成功\n
bills	Alipay Transaction Record\n交易时间,金额\n2026-01-26 10:00:00,购物,店,东西,"支出,收入",15.00,余额,交易成功\n
bills	Alipay Transaction Record\n交易时间,金额\n2026-01-27 10:00:00,购物,店,东西,income expense,15.00,余额,交易成功\n
bills	Alipay Transaction Record\n交易时间,金额\n2026-01-28 10:00:00,购物,店,东西,expense income,15.00,余额,交易成功\n
bills	Alipay Transaction Record\n交易时间,金额\n2026-01-29 10:00:00,购物,店,东西,退款收入/支出,15.00,余额,交易成功\n
bills	Alipay Transaction Record\n交易时间,金额\n2026-01-05 12:30:00,餐饮,肯德基,午餐,支出,35.50,余额,交易成功\n2026-01-06 09:00:00,工资,公司,一月工资,收入,9000.00,银行卡,交易成功\n2026-01-07 10:00:00,退款,商家,退货,收入,20.00,余额,退款成功\n2026-01-08 10:00:00,其他,x,y,不计收支,5.00,余额,交易成功\n2026-01-09 10:00:00,购物,店,东西,支出,0.00,余额,交易成功\n2026-01-10 10:00:00,购物,店,东西,支出,-15.00,余额,交易成功\ngarbage,购物,店,东西,支出,15.00,余额,交易成功\n2026-01-11 10:00:00,购物,店,东西,支出,abc,余额,交易成功\n2026-01-12 10:00:00,购物,店,东西,支出,15.00,余额,交易关闭\n2026-01-13 10:00:00,购物,店,东西,支出,15.00,余额,\n2026-01-14 10:00:00, 购物 , 店 , 东西 ,支出,15.00, 余额 , 交易成功 \n2026-01-15 10:00:00,购物,店,东西,支出,15.00\n2026-01-16 10:00:00\n,,,,,,,\n   ,  ,  ,  ,  ,  ,  ,  \n\n2026-01-17 10:00:00,"购物,杂项",店,"说,明",支出,"1,234.56",余额,交易成功\n2026-01-18 10:00:00,购物,"店\n二行",东西,支出,15.00,余额,交易成功\n2026-01-19 10:00:00,购物,"说""引号""",东西,收入,15.00,余额,交易成功\n2026-01-20 24:00:00,购物,店,东西,支出,15.00,余额,交易成功\n2026-13-40 10:00:00,购物,店,东西,支出,15.00,余额,交易成功\n2026-01-21 10:00:00,购物,店,东西,支出,15.00,余额,冻结\n2026-01-22 10:00:00,购物,店,东西,支出,15.00,余额,全额退款\n2026-01-23 10:00:00,购物,店,东西,Expense,15.00,余额,交易成功\n2026-01-24 10:00:00,购物,店,东西,收入支出,15.00,余额,交易成功\n2026-01-25 10:00:00,购物,店,东西,支出收入,15.00,余额,交易成功\n2026-01-26 10:00:00,购物,店,东西,"支出,收入",15.00,余额,交易成功\n2026-01-27 10:00:00,购物,店,东西,income expense,15.00,余额,交易成功\n2026-01-28 10:00:00,购物,店,东西,expense income,15.00,余额,交易成功\n2026-01-29 10:00:00,购物,店,东西,退款收入/支出,15.00,余额,交易成功\n
bills	Alipay Transaction Record\n交易时间,金额\n2026-01-05 12:30:00,餐饮,肯德基,午餐,支出,35.50,余额,交易成功\r\n2026-01-06 09:00:00,工资,公司,一月工资,收入,9000.00,银行卡,交易成功\r\n2026-01-07 10:00:00,退款,商家,退货,收入,20.00,余额,退款成功\r\n2026-01-08 10:00:00,其他,x,y,不计收支,5.00,余额,交易成功\r\n2026-01-09 10:00:00,购物,店,东西,支出,0.00,余额,交易成功\r\n2026-01-10 10:00:00,购物,店,东西,支出,-15.00,余额,交易成功\r\ngarbage,购物,店,东西,支出,15.00,余额,交易成功\r\n2026-01-11 10:00:00,购物,店,东西,支出,abc,余额,交易成功\r\n2026-01-12 10:00:00,购物,店,东西,支出,15.00,余额,交易关闭\r\n2026-01-13 10:00:00,购物,店,东西,支出,15.00,余额,\r\n2026-01-14 10:00:00, 购物 , 店 , 东西 ,支出,15.00, 余额 , 交易成功 \r\n2026-01-15 10:00:00,购物,店,东西,支出,15.00\r\n2026-01-16 10:00:00\r\n,,,,,,,\r\n   ,  ,  ,  ,  ,  ,  ,  \r\n\r\n2026-01-17 10:00:00,"购物,杂项",店,"说,明",支出,"1,234.56",余额,交易成功\r\n2026-01-18 10:00:00,购物,"店\n二行",东西,支出,15.00,余额,交易成功\r\n2026-01-19 10:00:00,购物,"说""引号""",东西,收入,15.00,余额,交易成功\r\n2026-01-20 24:00:00,购物,店,东西,支出,15.00,余额,交易成功\r\n2026-13-40 10:00:00,购物,店,东西,支出,15.00,余额,交易成功\r\n2026-01-21 10:00:00,购物,店,东西,支出,15.00,余额,冻结\r\n2026-01-22 10:00:00,购物,店,东西,支出,15.00,余额,全额退款\r\n2026-01-23 10:00:00,购物,店,东西,Expense,15.00,余额,交易成功\r\n2026-01-24 10:00:00,购物,店,东西,收入支出,15.00,余额,交易成功\r\n2026-01-25 10:00:00,购物,店,东西,支出收入,15.00,余额,交易成功\r\n2026-01-26 10:00:00,购物,店,东西,"支出,收入",15.00,余额,交易成功\r\n2026-01-27 10:00:00,购物,店,东西,income expense,15.00,余额,交易成功\r\n2026-01-28 10:00:00,购物,店,东西,expense income,15.00,余额,交易成功\r\n2026-01-29 10:00:00,购物,店,东西,退款收入/支出,15.00,余额,交易成功
header	Alipay Transaction Record\n交易时间,金额\n
bills	note0,微信\nnote1,微信\nnote2,微信\nnote3,微信\nnote4,微信\nnote5,微信\nnote6,微信\nnote7,微信\nnote8,微信\nnote9,微信\nnote10,微信\nnote11,微信\nnote12,微信\nnote13,微信\nnote14,微信\nnote15,微信\nnote16,微信\nnote17,微信\nnote18,微信\nnote19,微信\nnote20,微信\nnote21,微信\nnote22,微信\nnote23,微信\nnote24,微信\nnote25,微信\nnote26,微信\nnote27,微信\nnote28,微信\nnote29,微信\n交易时间,交易分类,交易对方,商品说明,收/支,金额,收/付款方式,交易状态\n2026-01-05 12:30:00,餐饮,肯德基,午餐,支出,35.50,余额,交易成功\n
bills	note0,微信\nnote1,微信\nnote2,微信\nnote3,微信\nnote4,微信\nnote5,微信\nnote6,微信\nnote7,微信\nnote8,微信\nnote9,微信\nnote10,微信\nnote11,微信\nnote12,微信\nnote13,微信\nnote14,微信\nnote15,微信\nnote16,微信\nnote17,微信\nnote18,微信\nnote19,微信\nnote20,微信\nnote21,微信\nnote22,微信\nnote23,微信\nnote24,微信\nnote25,微信\nnote26,微信\nnote27,微信\nnote28,微信\nnote29,微信\n交易时间,交易分类,交易对方,商品说明,收/支,金额,收/付款方式,交易状态\n2026-01-06 09:00:00,工资,公司,一月工资,收入,9000.00,银行卡,交易成功\n
bills	note0,微信\nnote1,微信\nnote2,微信\nnote3,微信\nnote4,微信\nnote5,微信\nnote6,微信\nnote7,微信\nnote8,微信\nnote9,微信\nnote10,微信\nnote11,微信\nnote12,微信\nnote13,微信\nnote14,微信\nnote15,微信\nnote16,微信\nnote17,微信\nnote18,微信\nnote19,微信\nnote20,微信\nnote21,微信\nnote22,微信\nnote23,微信\nnote24,微信\nnote25,微信\nnote26,微信\nnote27,微信\nnote28,微信\nnote29,微信\n交易时间,交易分类,交易对方,商品说明,收/支,金额,收/付款方式,交易状态\n2026-01-07 10:00:00,退款,商家,退货,收入,20.00,余额,退款成功\n
bills	note0,微信\nnote1,微信\nnote2,微信\nnote3,微信\nnote4,微信\nnote5,微信\nnote6,微信\nnote7,微信\nnote8,微信\nnote9,微信\nnote10,微信\nnote11,微信\nnote12,微信\nnote13,微信\nnote14,微信\nnote15,微信\nnote16,微信\nnote17,微信\nnote18,微信\nnote19,微信\nnote20,微信\nnote21,微信\nnote22,微信\nnote23,微信\nnote24,微信\nnote25,微信\nnote26,微信\nnote27,微信\nnote28,微信\nnote29,微信\n交易时间,交易分类,交易对方,商品说明,收/支,金额,收/付款方式,交易状态\n2026-01-08 10:00:00,其他,x,y,不计收支,5.00,余额,交易成功\n
bills	note0,微信\nnote1,微信\nnote2,微信\nnote3,微信\nnote4,微信\nnote5,微信\nnote6,微信\nnote7,微信\nnote8,微信\nnote9,微信\nnote10,微信\nnote11,微信\nnote12,微信\nnote13,微信\nnote14,微信\nnote15,微信\nnote16,微信\nnote17,微信\nnote18,微信\nnote19,微信\nnote20,微信\nnote21,微信\nnote22,微信\nnote23,微信\nnote24,微信\nnote25,微信\nnote26,微信\nnote27,微信\nnote28,微信\nnote29,微信\n交易时间,交易分类,交易对方,商品说明,收/支,金额,收/付款方式,交易状态\n2026-01-09 10:00:00,购物,店,东西,支出,0.00,余额,交易成功\n
bills	note0,微信\nnote1,微信\nnote2,微信\nnote3,微信\nnote4,微信\nnote5,微信\nnote6,微信\nnote7,微信\nnote8,微信\nnote9,微信\nnote10,微信\nnote11,微信\nnote12,微信\nnote13,微信\nnote14,微信\nnote15,微信\nnote16,微信\nnote17,微信\nnote18,微信\nnote19,微信\nnote20,微信\nnote21,微信\nnote22,微信\nnote23,微信\nnote24,微信\nnote25,微信\nnote26,微信\nnote27,微信\nnote28,微信\nnote29,微信\n交易时间,交易分类,交易对方,商品说明,收/支,金额,收/付款方式,交易状态\n2026-01-10 10:00:00,购物,店,东西,支出,-15.00,余额,交易成功\n
bills	note0,微信\nnote1,微信\nnote2,微信\nnote3,微信\nnote4,微信\nnote5,微信\nnote6,微信\nnote7,微信\nnote8,微信\nnote9,微信\nnote10,微信\nnote11,微信\nnote12,微信\nnote13,微信\nnote14,微信\nnote15,微信\nnote16,微信\nnote17,微信\nnote18,微信\nnote19,微信\nnote20,微信\nnote21,微信\nnote22,微信\nnote23,微信\nnote24,微信\nnote25,微信\nnote26,微信\nnote27,微信\nnote28,微信\nnote29,微信\n交易时间,交易分类,交易对方,商品说明,收/支,金额,收/付款方式,交易状态\ngarbage,购物,店,东西,支出,15.00,余额,交易成功\n
bills	note0,微信\nnote1,微信\nnote2,微信\nnote3,微信\nnote4,微信\nnote5,微信\nnote6,微信\nnote7,微信\nnote8,微信\nnote9,微信\nnote10,微信\nnote11,微信\nnote12,微信\nnote13,微信\nnote14,微信\nnote15,微信\nnote16,微信\nnote17,微信\nnote18,微信\nnote19,微信\nnote20,微信\nnote21,微信\nnote22,微信\nnote23,微信\nnote24,微信\nnote25,微信\nnote26,微信\nnote27,微信\nnote28,微信\nnote29,微信\n交易时间,交易分类,交易对方,商品说明,收/支,金额,收/付款方式,交易状态\n2026-01-11 10:00:00,购物,店,东西,支出,abc,余额,交易成功\n
bills	note0,微信\nnote1,微信\nnote2,微信\nnote3,微信\nnote4,微信\nnote5,微信\nnote6,微信\nnote7,微信\nnote8,微信\nnote9,微信\nnote10,微信\nnote11,微信\nnote12,微信\nnote13,微信\nnote14,微信\nnote15,微信\nnote16,微信\nnote17,微信\nnote18,微信\nnote19,微信\nnote20,微信\nnote21,微信\nnote22,微信\nnote23,微信\nnote24,微信\nnote25,微信\nnote26,微信\nnote27,微信\nnote28,微信\nnote29,微信\n交易时间,交易分类,交易对方,商品说明,收/支,金额,收/付款方式,交易状态\n2026-01-12 10:00:00,购物,店,东西,支出,15.00,余额,交易关闭\n
bills	note0,微信\nnote1,微信\nnote2,微信\nnote3,微信\nnote4,微信\nnote5,微信\nnote6,微信\nnote7,微信\nnote8,微信\nnote9,微信\nnote10,微信\nnote11,微信\nnote12,微信\nnote13,微信\nnote14,微信\nnote15,微信\nnote16,微信\nnote17,微信\nnote18,微信\nnote19,微信\nnote20,微信\nnote21,微信\nnote22,微信\nnote23,微信\nnote24,微信\nnote25,微信\nnote26,微信\nnote27,微信\nnote28,微信\nnote29,微信\n交易时间,交易分类,交易对方,商品说明,收/支,金额,收/付款方式,交易状态\n2026-01-13 10:00:00,购物,店,东西,支出,15.00,余额,\n
bills	note0,微信\nnote1,微信\nnote2,微信\nnote3,微信\nnote4,微信\nnote5,微信\nnote6,微信\nnote7,微信\nnote8,微信\nnote9,微信\nnote10,微信\nnote11,微信\nnote12,微信\nnote13,微信\nnote14,微信\nnote15,微信\nnote16,微信\nnote17,微信\nnote18,微信\nnote19,微信\nnote20,微信\nnote21,微信\nnote22,微信\nnote23,微信\nnote24,微信\nnote25,微信\nnote26,微信\nnote27,微信\nnote28,微信\nnote29,微信\n交易时间,交易分类,交易对方,商品说明,收/支,金额,收/付款方式,交易状态\n2026-01-14 10:00:00, 购物 , 店 , 东西 ,支出,15.00, 余额 , 交易成功 \n
bills	note0,微信\nnote1,微信\nnote2,微信\nnote3,微信\nnote4,微信\nnote5,微信\nnote6,微信\nnote7,微信\nnote8,微信\nnote9,微信\nnote10,微信\nnote11,微信\nnote12,微信\nnote13,微信\nnote14,微信\nnote15,微信\nnote16,微信\nnote17,微信\nnote18,微信\nnote19,微信\nnote20,微信\nnote21,微信\nnote22,微信\nnote23,微信\nnote24,微信\nnote25,微信\nnote26,微信\nnote27,微信\nnote28,微信\nnote29,微信\n交易时间,交易分类,交易对方,商品说明,收/支,金额,收/付款方式,交易状态\n2026-01-15 10:00:00,购物,店,东西,支出,15.00\n
bills	note0,微信\nnote1,微信\nnote2,微信\nnote3,微信\nnote4,微信\nnote5,微信\nnote6,微信\nnote7,微信\nnote8,微信\nnote9,微信\nnote10,微信\nnote11,微信\nnote12,微信\nnote13,微信\nnote14,微信\nnote15,微信\nnote16,微信\nnote17,微信\nnote18,微信\nnote19,微信\nnote20,微信\nnote21,微信\nnote22,微信\nnote23,微信\nnote24,微信\nnote25,微信\nnote26,微信\nnote27,微信\nnote28,微信\nnote29,微信\n交易时间,交易分类,交易对方,商品说明,收/支,金额,收/付款方式,交易状态\n2026-01-16 10:00:00\n
bills	note0,微信\nnote1,微信\nnote2,微信\nnote3,微信\nnote4,微信\nnote5,微信\nnote6,微信\nnote7,微信\nnote8,微信\nnote9,微信\nnote10,微信\nnote11,微信\nnote12,微信\nnote13,微信\nnote14,微信\nnote15,微信\nnote16,微信\nnote17,微信\nnote18,微信\nnote19,微信\nnote20,微信\nnote21,微信\nnote22,微信\nnote23,微信\nnote24,微信\nnote25,微信\nnote26,微信\nnote27,微信\nnote28,微信\nnote29,微信\n交易时间,交易分类,交易对方,商品说明,收/支,金额,收/付款方式,交易状态\n,,,,,,,\n
bills	note0,微信\nnote1,微信\nnote2,微信\nnote3,微信\nnote4,微信\nnote5,微信\nnote6,微信\nnote7,微信\nnote8,微信\nnote9,微信\nnote10,微信\nnote11,微信\nnote12,微信\nnote13,微信\nnote14,微信\nnote15,微信\nnote16,微信\nnote17,微信\nnote18,微信\nnote19,微信\nnote20,微信\nnote21,微信\nnote22,微信\nnote23,微信\nnote24,微信\nnote25,微信\nnote26,微信\nnote27,微信\nnote28,微信\nnote29,微信\n交易时间,交易分类,交易对方,商品说明,收/支,金额,收/付款方式,交易状态\n   ,  ,  ,  ,  ,  ,  ,  \n
bills	note0,微信\nnote1,微信\nnote2,微信\nnote3,微信\nnote4,微信\nnote5,微信\nnote6,微信\nnote7,微信\nnote8,微信\nnote9,微信\nnote10,微信\nnote11,微信\nnote12,微信\nnote13,微信\nnote14,微信\nnote15,微信\nnote16,微信\nnote17,微信\nnote18,微信\nnote19,微信\nnote20,微信\nnote21,微信\nnote22,微信\nnote23,微信\nnote24,微信\nnote25,微信\nnote26,微信\nnote27,微信\nnote28,微信\nnote29,微信\n交易时间,交易分类,交易对方,商品说明,收/支,金额,收/付款方式,交易状态\n\n
bills	note0,微信\nnote1,微信\nnote2,微信\nnote3,微信\nnote4,微信\nnote5,微信\nnote6,微信\nnote7,微信\nnote8,微信\nnote9,微信\nnote10,微信\nnote11,微信\nnote12,微信\nnote13,微信\nnote14,微信\nnote15,微信\nnote16,微信\nnote17,微信\nnote18,微信\nnote19,微信\nnote20,微信\nnote21,微信\nnote22,微信\nnote23,微信\nnote24,微信\nnote25,微信\nnote26,微信\nnote27,微信\nnote28,微信\nnote29,微信\n交易时间,交易分类,交易对方,商品说明,收/支,金额,收/付款方式,交易状态\n2026-01-17 10:00:00,"购物,杂项",店,"说,明",支出,"1,234.56",余额,交易成功\n
bills	note0,微信\nnote1,微信\nnote2,微信\nnote3,微信\nnote4,微信\nnote5,微信\nnote6,微信\nnote7,微信\nnote8,微信\nnote9,微信\nnote10,微信\nnote11,微信\nnote12,微信\nnote13,微信\nnote14,微信\nnote15,微信\nnote16,微信\nnote17,微信\nnote18,微信\nnote19,微信\nnote20,微信\nnote21,微信\nnote22,微信\nnote23,微信\nnote24,微信\nnote25,微信\nnote26,微信\nnote27,微信\nnote28,微信\nnote29,微信\n交易时间,交易分类,交易对方,商品说明,收/支,金额,收/付款方式,交易状态\n2026-01-18 10:00:00,购物,"店\n二行",东西,支出,15.00,余额,交易成功\n
bills	note0,微信\nnote1,微信\nnote2,微信\nnote3,微信\nnote4,微信\nnote5,微信\nnote6,微信\nnote7,微信\nnote8,微信\nnote9,微信\nnote10,微信\nnote11,微信\nnote12,微信\nnote13,微信\nnote14,微信\nnote15,微信\nnote16,微信\nnote17,微信\nnote18,微信\nnote19,微信\nnote20,微信\nnote21,微信\nnote22,微信\nnote23,微信\nnote24,微信\nnote25,微信\nnote26,微信\nnote27,微信\nnote28,微信\nnote29,微信\n交易时间,交易分类,交易对方,商品说明,收/支,金额,收/付款方式,交易状态\n2026-01-19 10:00:00,购物,"说""引号""",东西,收入,15.00,余额,交易成功\n
bills	note0,微信\nnote1,微信\nnote2,微信\nnote3,微信\nnote4,微信\nnote5,微信\nnote6,微信\nnote7,微信\nnote8,微信\nnote9,微信\nnote10,微信\nnote11,微信\nnote12,微信\nnote13,微信\nnote14,微信\nnote15,微信\nnote16,微信\nnote17,微信\nnote18,微信\nnote19,微信\nnote20,微信\nnote21,微信\nnote22,微信\nnote23,微信\nnote24,微信\nnote25,微信\nnote26,微信\nnote27,微信\nnote28,微信\nnote29,微信\n交易时间,交易分类,交易对方,商品说明,收/支,金额,收/付款方式,交易状态\n2026-01-20 24:00:00,购物,店,东西,支出,15.00,余额,交易成功\n
bills	note0,微信\nnote1,微信\nnote2,微信\nnote3,微信\nnote4,微信\nnote5,微信\nnote6,微信\nnote7,微信\nnote8,微信\nnote9,微信\nnote10,微信\nnote11,微信\nnote12,微信\nnote13,微信\nnote14,微信\nnote15,微信\nnote16,微信\nnote17,微信\nnote18,微信\nnote19,微信\nnote20,微信\nnote21,微信\nnote22,微信\nnote23,微信\nnote24,微信\nnote25,微信\nnote26,微信\nnote27,微信\nnote28,微信\nnote29,微信\n交易时间,交易分类,交易对方,商品说明,收/支,金额,收/付款方式,交易状态\n2026-13-40 10:00:00,购物,店,东西,支出,15.00,余额,交易成功\n
bills	note0,微信\nnote1,微信\nnote2,微信\nnote3,微信\nnote4,微信\nnote5,微信\nnote6,微信\nnote7,微信\nnote8,微信\nnote9,微信\nnote10,微信\nnote11,微信\nnote12,微信\nnote13,微信\nnote14,微信\nnote15,微信\nnote16,微信\nnote17,微信\nnote18,微信\nnote19,微信\nnote20,微信\nnote21,微信\nnote22,微信\nnote23,微信\nnote24,微信\nnote25,微信\nnote26,微信\nnote27,微信\nnote28,微信\nnote29,微信\n交易时间,交易分类,交易对方,商品说明,收/支,金额,收/付款方式,交易状态\n2026-01-21 10:00:00,购物,店,东西,支出,15.00,余额,冻结\n
bills	note0,微信\nnote1,微信\nnote2,微信\nnote3,微信\nnote4,微信\nnote5,微信\nnote6,微信\nnote7,微信\nnote8,微信\nnote9,微信\nnote10,微信\nnote11,微信\nnote12,微信\nnote13,微信\nnote14,微信\nnote15,微信\nnote16,微信\nnote17,微信\nnote18,微信\nnote19,微信\nnote20,微信\nnote21,微信\nnote22,微信\nnote23,微信\nnote24,微信\nnote25,微信\nnote26,微信\nnote27,微信\nnote28,微信\nnote29,微信\n交易时间,交易分类,交易对方,商品说明,收/支,金额,收/付款方式,交易状态\n2026-01-22 10:00:00,购物,店,东西,支出,15.00,余额,全额退款\n
bills	note0,微信\nnote1,微信\nnote2,微信\nnote3,微信\nnote4,微信\nnote5,微信\nnote6,微信\nnote7,微信\nnote8,微信\nnote9,微信\nnote10,微信\nnote11,微信\nnote12,微信\nnote13,微信\nnote14,微信\nnote15,微信\nnote16,微信\nnote17,微信\nnote18,微信\nnote19,微信\nnote20,微信\nnote21,微信\nnote22,微信\nnote23,微信\nnote24,微信\nnote25,微信\nnote26,微信\nnote27,微信\nnote28,微信\nnote29,微信\n交易时间,交易分类,交易对方,商品说明,收/支,金额,收/付款方式,交易状态\n2026-01-23 10:00:00,购物,店,东西,Expense,15.00,余额,交易成功\n
bills	note0,微信\nnote1,微信\nnote2,微信\nnote3,微信\nnote4,微信\nnote5,微信\nnote6,微信\nnote7,微信\nnote8,微信\nnote9,微信\nnote10,微信\nnote11,微信\nnote12,微信\nnote13,微信\nnote14,微信\nnote15,微信\nnote16,微信\nnote17,微信\nnote18,微信\nnote19,微信\nnote20,微信\nnote21,微信\nnote22,微信\nnote23,微信\nnote24,微信\nnote25,微信\nnote26,微信\nnote27,微信\nnote28,微信\nnote29,微信\n交易时间,交易分类,交易对方,商品说明,收/支,金额,收/付款方式,交易状态\n2026-01-24 10:00:00,购物,店,东西,收入支出,15.00,余额,交易成功\n
bills	note0,微信\nnote1,微信\nnote2,微信\nnote3,微信\nnote4,微信\nnote5,微信\nnote6,微信\nnote7,微信\nnote8,微信\nnote9,微信\nnote10,微信\nnote11,微信\nnote12,微信\nnote13,微信\nnote14,微信\nnote15,微信\nnote16,微信\nnote17,微信\nnote18,微信\nnote19,微信\nnote20,微信\nnote21,微信\nnote22,微信\nnote23,微信\nnote24,微信\nnote25,微信\nnote26,微信\nnote27,微信\nnote28,微信\nnote29,微信\n交易时间,交易分类,交易对方,商品说明,收/支,金额,收/付款方式,交易状态\n2026-01-25 10:00:00,购物,店,东西,支出收入,15.00,余额,交易成功\n
bills	note0,微信\nnote1,微信\nnote2,微信\nnote3,微信\nnote4,微信\nnote5,微信\nnote6,微信\nnote7,微信\nnote8,微信\nnote9,微信\nnote10,微信\nnote11,微信\nnote12,微信\nnote13,微信\nnote14,微信\nnote15,微信\nnote16,微信\nnote17,微信\nnote18,微信\nnote19,微信\nnote20,微信\nnote21,微信\nnote22,微信\nnote23,微信\nnote24,微信\nnote25,微信\nnote26,微信\nnote27,微信\nnote28,微信\nnote29,微信\n交易时间,交易分类,交易对方,商品说明,收/支,金额,收/付款方式,交易状态\n2026-01-26 10:00:00,购物,店,东西,"支出,收入",15.00,余额,交易成功\n
bills	note0,微信\nnote1,微信\nnote2,微信\nnote3,微信\nnote4,微信\nnote5,微信\nnote6,微信\nnote7,微信\nnote8,微信\nnote9,微信\nnote10,微信\nnote11,微信\nnote12,微信\nnote13,微信\nnote14,微信\nnote15,微信\nnote16,微信\nnote17,微信\nnote18,微信\nnote19,微信\nnote20,微信\nnote21,微信\nnote22,微信\nnote23,微信\nnote24,微信\nnote25,微信\nnote26,微信\nnote27,微信\nnote28,微信\nnote29,微信\n交易时间,交易分类,交易对方,商品说明,收/支,金额,收/付款方式,交易状态\n2026-01-27 10:00:00,购物,店,东西,income expense,15.00,余额,交易成功\n
bills	note0,微信\nnote1,微信\nnote2,微信\nnote3,微信\nnote4,微信\nnote5,微信\nnote6,微信\nnote7,微信\nnote8,微信\nnote9,微信\nnote10,微信\nnote11,微信\nnote12,微信\nnote13,微信\nnote14,微信\nnote15,微信\nnote16,微信\nnote17,微信\nnote18,微信\nnote19,微信\nnote20,微信\nnote21,微信\nnote22,微信\nnote23,微信\nnote24,微信\nnote25,微信\nnote26,微信\nnote27,微信\nnote28,微信\nnote29,微信\n交易时间,交易分类,交易对方,商品说明,收/支,金额,收/付款方式,交易状态\n2026-01-28 10:00:00,购物,店,东西,expense income,15.00,余额,交易成功\n
bills	note0,微信\nnote1,微信\nnote2,微信\nnote3,微信\nnote4,微信\nnote5,微信\nnote6,微信\nnote7,微信\nnote8,微信\nnote9,微信\nnote10,微信\nnote11,微信\nnote12,微信\nnote13,微信\nnote14,微信\nnote15,微信\nnote16,微信\nnote17,微信\nnote18,微信\nnote19,微信\nnote20,微信\nnote21,微信\nnote22,微信\nnote23,微信\nnote24,微信\nnote25,微信\nnote26,微信\nnote27,微信\nnote28,微信\nnote29,微信\n交易时间,交易分类,交易对方,商品说明,收/支,金额,收/付款方式,交易状态\n2026-01-29 10:00:00,购物,店,东西,退款收入/支出,15.00,余额,交易成功\n
bills	note0,微信\nnote1,微信\nnote2,微信\nnote3,微信\nnote4,微信\nnote5,微信\nnote6,微信\nnote7,微信\nnote8,微信\nnote9,微信\nnote10,微信\nnote11,微信\nnote12,微信\nnote13,微信\nnote14,微信\nnote15,微信\nnote16,微信\nnote17,微信\nnote18,微信\nnote19,微信\nnote20,微信\nnote21,微信\nnote22,微信\nnote23,微信\nnote24,微信\nnote25,微信\nnote26,微信\nnote27,微信\nnote28,微信\nnote29,微信\n交易时间,交易分类,交易对方,商品说明,收/支,金额,收/付款方式,交易状态\n2026-01-05 12:30:00,餐饮,肯德基,午餐,支出,35.50,余额,交易成功\n2026-01-06 09:00:00,工资,公司,一月工资,收入,9000.00,银行卡,交易成功\n2026-01-07 10:00:00,退款,商家,退货,收入,20.00,余额,退款成功\n2026-01-08 10:00:00,其他,x,y,不计收支,5.00,余额,交易成功\n2026-01-09 10:00:00,购物,店,东西,支出,0.00,余额,交易成功\n2026-01-10 10:00:00,购物,店,东西,支出,-15.00,余额,交易成功\ngarbage,购物,店,东西,支出,15.00,余额,交易成功\n2026-01-11 10:00:00,购物,店,东西,支出,abc,余额,交易成功\n2026-01-12 10:00:00,购物,店,东西,支出,15.00,余额,交易关闭\n2026-01-13 10:00:00,购物,店,东西,支出,15.00,余额,\n2026-01-14 10:00:00, 购物 , 店 , 东西 ,支出,15.00, 余额 , 交易成功 \n2026-01-15 10:00:00,购物,店,东西,支出,15.00\n2026-01-16 10:00:00\n,,,,,,,\n   ,  ,  ,  ,  ,  ,  ,  \n\n2026-01-17 10:00:00,"购物,杂项",店,"说,明",支出,"1,234.56",余额,交易成功\n2026-01-18 10:00:00,购物,"店\n二行",东西,支出,15.00,余额,交易成功\n2026-01-19 10:00:00,购物,"说""引号""",东西,收入,15.00,余额,交易成功\n2026-01-20 24:00:00,购物,店,东西,支出,15.00,余额,交易成功\n2026-13-40 10:00:00,购物,店,东西,支出,15.00,余额,交易成功\n2026-01-21 10:00:00,购物,店,东西,支出,15.00,余额,冻结\n2026-01-22 10:00:00,购物,店,东西,支出,15.00,余额,全额退款\n2026-01-23 10:00:00,购物,店,东西,Expense,15.00,余额,交易成功\n2026-01-24 10:00:00,购物,店,东西,收入支出,15.00,余额,交易成功\n2026-01-25 10:00:00,购物,店,东西,支出收入,15.00,余额,交易成功\n2026-01-26 10:00:00,购物,店,东西,"支出,收入",15.00,余额,交易成功\n2026-01-27 10:00:00,购物,店,东西,income expense,15.00,余额,交易成功\n2026-01-28 10:00:00,购物,店,东西,expense income,15.00,余额,交易成功\n2026-01-29 10:00:00,购物,店,东西,退款收入/支出,15.00,余额,交易成功\n
bills	note0,微信\nnote1,微信\nnote2,微信\nnote3,微信\nnote4,微信\nnote5,微信\nnote6,微信\nnote7,微信\nnote8,微信\nnote9,微信\nnote10,微信\nnote11,微信\nnote12,微信\nnote13,微信\nnote14,微信\nnote15,微信\nnote16,微信\nnote17,微信\nnote18,微信\nnote19,微信\nnote20,微信\nnote21,微信\nnote22,微信\nnote23,微信\nnote24,微信\nnote25,微信\nnote26,微信\nnote27,微信\nnote28,微信\nnote29,微信\n交易时间,交易分类,交易对方,商品说明,收/支,金额,收/付款方式,交易状态\n2026-01-05 12:30:00,餐饮,肯德基,午餐,支出,35.50,余额,交易成功\r\n2026-01-06 09:00:00,工资,公司,一月工资,收入,9000.00,银行卡,交易成功\r\n2026-01-07 10:00:00,退款,商家,退货,收入,20.00,余额,退款成功\r\n2026-01-08 10:00:00,其他,x,y,不计收支,5.00,余额,交易成功\r\n2026-01-09 10:00:00,购物,店,东西,支出,0.00,余额,交易成功\r\n2026-01-10 10:00:00,购物,店,东西,支出,-15.00,余额,交易成功\r\ngarbage,购物,店,东西,支出,15.00,余额,交易成功\r\n2026-01-11 10:00:00,购物,店,东西,支出,abc,余额,交易成功\r\n2026-01-12 10:00:00,购物,店,东西,支出,15.00,余额,交易关闭\r\n2026-01-13 10:00:00,购物,店,东西,支出,15.00,余额,\r\n2026-01-14 10:00:00, 购物 , 店 , 东西 ,支出,15.00, 余额 , 交易成功 \r\n2026-01-15 10:00:00,购物,店,东西,支出,15.00\r\n2026-01-16 10:00:00\r\n,,,,,,,\r\n   ,  ,  ,  ,  ,  ,  ,  \r\n\r\n2026-01-17 10:00:00,"购物,杂项",店,"说,明",支出,"1,234.56",余额,交易成功\r\n2026-01-18 10:00:00,购物,"店\n二行",东西,支出,15.00,余额,交易成功\r\n2026-01-19 10:00:00,购物,"说""引号""",东西,收入,15.00,余额,交易成功\r\n2026-01-20 24:00:00,购物,店,东西,支出,15.00,余额,交易成功\r\n2026-13-40 10:00:00,购物,店,东西,支出,15.00,余额,交易成功\r\n2026-01-21 10:00:00,购物,店,东西,支出,15.00,余额,冻结\r\n2026-01-22 10:00:00,购物,店,东西,支出,15.00,余额,全额退款\r\n2026-01-23 10:00:00,购物,店,东西,Expense,15.00,余额,交易成功\r\n2026-01-24 10:00:00,购物,店,东西,收入支出,15.00,余额,交易成功\r\n2026-01-25 10:00:00,购物,店,东西,支出收入,15.00,余额,交易成功\r\n2026-01-26 10:00:00,购物,店,东西,"支出,收入",15.00,余额,交易成功\r\n2026-01-27 10:00:00,购物,店,东西,income expense,15.00,余额,交易成功\r\n2026-01-28 10:00:00,购物,店,东西,expense income,15.00,余额,交易成功\r\n2026-01-29 10:00:00,购物,店,东西,退款收入/支出,15.00,余额,交易成功
header	note0,微信\nnote1,微信\nnote2,微信\nnote3,微信\nnote4,微信\nnote5,微信\nnote6,微信\nnote7,微信\nnote8,微信\nnote9,微信\nnote10,微信\nnote11,微信\nnote12,微信\nnote13,微信\nnote14,微信\nnote15,微信\nnote16,微信\nnote17,微信\nnote18,微信\nnote19,微信\nnote20,微信\nnote21,微信\nnote22,微信\nnote23,微信\nnote24,微信\nnote25,微信\nnote26,微信\nnote27,微信\nnote28,微信\nnote29,微信\n交易时间,交易分类,交易对方,商品说明,收/支,金额,收/付款方式,交易状态\n
bills	note0,微信\nnote1,微信\nnote2,微信\nnote3,微信\nnote4,微信\nnote5,微信\nnote6,微信\nnote7,微信\nnote8,微信\nnote9,微信\nnote10,微信\nnote11,微信\nnote12,微信\nnote13,微信\nnote14,微信\nnote15,微信\nnote16,微信\nnote17,微信\nnote18,微信\nnote19,微信\nnote20,微信\nnote21,微信\nnote22,微信\nnote23,微信\nnote24,微信\nnote25,微信\nnote26,微信\nnote27,微信\nnote28,微信\nnote29,微信\n交易时间,交易类型,交易对方,商品,收/支,金额(元),支付方式,当前状态\n2026-01-05 12:30:00,餐饮,肯德基,午餐,支出,35.50,余额,交易成功\n
bills	note0,微信\nnote1,微信\nnote2,微信\nnote3,微信\nnote4,微信\nnote5,微信\nnote6,微信\nnote7,微信\nnote8,微信\nnote9,微信\nnote10,微信\nnote11,微信\nnote12,微信\nnote13,微信\nnote14,微信\nnote15,微信\nnote16,微信\nnote17,微信\nnote18,微信\nnote19,微信\nnote20,微信\nnote21,微信\nnote22,微信\nnote23,微信\nnote24,微信\nnote25,微信\nnote26,微信\nnote27,微信\nnote28,微信\nnote29,微信\n交易时间,交易类型,交易对方,商品,收/支,金额(元),支付方式,当前状态\n2026-01-06 09:00:00,工资,公司,一月工资,收入,9000.00,银行卡,交易成功\n
bills	note0,微信\nnote1,微信\nnote2,微信\nnote3,微信\nnote4,微信\nnote5,微信\nnote6,微信\nnote7,微信\nnote8,微信\nnote9,微信\nnote10,微信\nnote11,微信\nnote12,微信\nnote13,微信\nnote14,微信\nnote15,微信\nnote16,微信\nnote17,微信\nnote18,微信\nnote19,微信\nnote20,微信\nnote21,微信\nnote22,微信\nnote23,微信\nnote24,微信\nnote25,微信\nnote26,微信\nnote27,微信\nnote28,微信\nnote29,微信\n交易时间,交易类型,交易对方,商品,收/支,金额(元),支付方式,当前状态\n2026-01-07 10:00:00,退款,商家,退货,收入,20.00,余额,退款成功\n
bills	note0,微信\nnote1,微信\nnote2,微信\nnote3,微信\nnote4,微信\nnote5,微信\nnote6,微信\nnote7,微信\nnote8,微信\nnote9,微信\nnote10,微信\nnote11,微信\nnote12,微信\nnote13,微信\nnote14,微信\nnote15,微信\nnote16,微信\nnote17,微信\nnote18,微信\nnote19,微信\nnote20,微信\nnote21,微信\nnote22,微信\nnote23,微信\nnote24,微信\nnote25,微信\nnote26,微信\nnote27,微信\nnote28,微信\nnote29,微信\n交易时间,交易类型,交易对方,商品,收/支,金额(元),支付方式,当前状态\n2026-01-08 10:00:00,其他,x,y,不计收支,5.00,余额,交易成功\n
bills	note0,微信\nnote1,微信\nnote2,微信\nnote3,微信\nnote4,微信\nnote5,微信\nnote6,微信\nnote7,微信\nnote8,微信\nnote9,微信\nnote10,微信\nnote11,微信\nnote12,微信\nnote13,微信\nnote14,微信\nnote15,微信\nnote16,微信\nnote17,微信\nnote18,微信\nnote19,微信\nnote20,微信\nnote21,微信\nnote22,微信\nnote23,微信\nnote24,微信\nnote25,微信\nnote26,微信\nnote27,微信\nnote28,微信\nnote29,微信\n交易时间,交易类型,交易对方,商品,收/支,金额(元),支付方式,当前状态\n2026-01-09 10:00:00,购物,店,东西,支出,0.00,余额,交易成功\n
bills	note0,微信\nnote1,微信\nnote2,微信\nnote3,微信\nnote4,微信\nnote5,微信\nnote6,微信\nnote7,微信\nnote8,微信\nnote9,微信\nnote10,微信\nnote11,微信\nnote12,微信\nnote13,微信\nnote14,微信\nnote15,微信\nnote16,微信\nnote17,微信\nnote18,微信\nnote19,微信\nnote20,微信\nnote21,微信\nnote22,微信\nnote23,微信\nnote24,微信\nnote25,微信\nnote26,微信\nnote27,微信\nnote28,微信\nnote29,微信\n交易时间,交易类型,交易对方,商品,收/支,金额(元),支付方式,当前状态\n2026-01-10 10:00:00,购物,店,东西,支出,-15.00,余额,交易成功\n
bills	note0,微信\nnote1,微信\nnote2,微信\nnote3,微信\nnote4,微信\nnote5,微信\nnote6,微信\nnote7,微信\nnote8,微信\nnote9,微信\nnote10,微信\nnote11,微信\nnote12,微信\nnote13,微信\nnote14,微信\nnote15,微信\nnote16,微信\nnote17,微信\nnote18,微信\nnote19,微信\nnote20,微信\nnote21,微信\nnote22,微信\nnote23,微信\nnote24,微信\nnote25,微信\nnote26,微信\nnote27,微信\nnote28,微信\nnote29,微信\n交易时间,交易类型,交易对方,商品,收/支,金额(元),支付方式,当前状态\ngarbage,购物,店,东西,支出,15.00,余额,交易成功\n
bills	note0,微信\nnote1,微信\nnote2,微信\nnote3,微信\nnote4,微信\nnote5,微信\nnote6,微信\nnote7,微信\nnote8,微信\nnote9,微信\nnote10,微信\nnote11,微信\nnote12,微信\nnote13,微信\nnote14,微信\nnote15,微信\nnote16,微信\nnote17,微信\nnote18,微信\nnote19,微信\nnote20,微信\nnote21,微信\nnote22,微信\nnote23,微信\nnote24,微信\nnote25,微信\nnote26,微信\nnote27,微信\nnote28,微信\nnote29,微信\n交易时间,交易类型,交易对方,商品,收/支,金额(元),支付方式,当前状态\n2026-01-11 10:00:00,购物,店,东西,支出,abc,余额,交易成功\n
bills	note0,微信\nnote1,微信\nnote2,微信\nnote3,微信\nnote4,微信\nnote5,微信\nnote6,微信\nnote7,微信\nnote8,微信\nnote9,微信\nnote10,微信\nnote11,微信\nnote12,微信\nnote13,微信\nnote14,微信\nnote15,微信\nnote16,微信\nnote17,微信\nnote18,微信\nnote19,微信\nnote20,微信\nnote21,微信\nnote22,微信\nnote23,微信\nnote24,微信\nnote25,微信\nnote26,微信\nnote27,微信\nnote28,微信\nnote29,微信\n交易时间,交易类型,交易对方,商品,收/支,金额(元),支付方式,当前状态\n2026-01-12 10:00:00,购物,店,东西,支出,15.00,余额,交易关闭\n
bills	note0,微信\nnote1,微信\nnote2,微信\nnote3,微信\nnote4,微信\nnote5,微信\nnote6,微信\nnote7,微信\nnote8,微信\nnote9,微信\nnote10,微信\nnote11,微信\nnote12,微信\nnote13,微信\nnote14,微信\nnote15,微信\nnote16,微信\nnote17,微信\nnote18,微信\nnote19,微信\nnote20,微信\nnote21,微信\nnote22,微信\nnote23,微信\nnote24,微信\nnote25,微信\nnote26,微信\nnote27,微信\nnote28,微信\nnote29,微信\n交易时间,交易类型,交易对方,商品,收/支,金额(元),支付方式,当前状态\n2026-01-13 10:00:00,购物,店,东西,支出,15.00,余额,\n
bills	note0,微信\nnote1,微信\nnote2,微信\nnote3,微信\nnote4,微信\nnote5,微信\nnote6,微信\nnote7,微信\nnote8,微信\nnote9,微信\nnote10,微信\nnote11,微信\nnote12,微信\nnote13,微信\nnote14,微信\nnote15,微信\nnote16,微信\nnote17,微信\nnote18,微信\nnote19,微信\nnote20,微信\nnote21,微信\nnote22,微信\nnote23,微信\nnote24,微信\nnote25,微信\nnote26,微信\nnote27,微信\nnote28,微信\nnote29,微信\n交易时间,交易类型,交易对方,商品,收/支,金额(元),支付方式,当前状态\n2026-01-14 10:00:00, 购物 , 店 , 东西 ,支出,15.00, 余额 , 交易成功 \n
bills	note0,微信\nnote1,微信\nnote2,微信\nnote3,微信\nnote4,微信\nnote5,微信\nnote6,微信\nnote7,微信\nnote8,微信\nnote9,微信\nnote10,微信\nnote11,微信\nnote12,微信\nnote13,微信\nnote14,微信\nnote15,微信\nnote16,微信\nnote17,微信\nnote18,微信\nnote19,微信\nnote20,微信\nnote21,微信\nnote22,微信\nnote23,微信\nnote24,微信\nnote25,微信\nnote26,微信\nnote27,微信\nnote28,微信\nnote29,微信\n交易时间,交易类型,交易对方,商品,收/支,金额(元),支付方式,当前状态\n2026-01-15 10:00:00,购物,店,东西,支出,15.00\n
bills	note0,微信\nnote1,微信\nnote2,微信\nnote3,微信\nnote4,微信\nnote5,微信\nnote6,微信\nnote7,微信\nnote8,微信\nnote9,微信\nnote10,微信\nnote11,微信\nnote12,微信\nnote13,微信\nnote14,微信\nnote15,微信\nnote16,微信\nnote17,微信\nnote18,微信\nnote19,微信\nnote20,微信\nnote21,微信\nnote22,微信\nnote23,微信\nnote24,微信\nnote25,微信\nnote26,微信\nnote27,微信\nnote28,微信\nnote29,微信\n交易时间,交易类型,交易对方,商品,收/支,金额(元),支付方式,当前状态\n2026-01-16 10:00:00\n
bills	note0,微信\nnote1,微信\nnote2,微信\nnote3,微信\nnote4,微信\nnote5,微信\nnote6,微信\nnote7,微信\nnote8,微信\nnote9,微信\nnote10,微信\nnote11,微信\nnote12,微信\nnote13,微信\nnote14,微信\nnote15,微信\nnote16,微信\nnote17,微信\nnote18,微信\nnote19,微信\nnote20,微信\nnote21,微信\nnote22,微信\nnote23,微信\nnote24,微信\nnote25,微信\nnote26,微信\nnote27,微信\nnote28,微信\nnote29,微信\n交易时间,交易类型,交易对方,商品,收/支,金额(元),支付方式,当前状态\n,,,,,,,\n
bills	note0,微信\nnote1,微信\nnote2,微信\nnote3,微信\nnote4,微信\nnote5,微信\nnote6,微信\nnote7,微信\nnote8,微信\nnote9,微信\nnote10,微信\nnote11,微信\nnote12,微信\nnote13,微信\nnote14,微信\nnote15,微信\nnote16,微信\nnote17,微信\nnote18,微信\nnote19,微信\nnote20,微信\nnote21,微信\nnote22,微信\nnote23,微信\nnote24,微信\nnote25,微信\nnote26,微信\nnote27,微信\nnote28,微信\nnote29,微信\n交易时间,交易类型,交易对方,商品,收/支,金额(元),支付方式,当前状态\n   ,  ,  ,  ,  ,  ,  ,  \n
bills	note0,微信\nnote1,微信\nnote2,微信\nnote3,微信\nnote4,微信\nnote5,微信\nnote6,微信\nnote7,微信\nnote8,微信\nnote9,微信\nnote10,微信\nnote11,微信\nnote12,微信\nnote13,微信\nnote14,微信\nnote15,微信\nnote16,微信\nnote17,微信\nnote18,微信\nnote19,微信\nnote20,微信\nnote21,微信\nnote22,微信\nnote23,微信\nnote24,微信\nnote25,微信\nnote26,微信\nnote27,微信\nnote28,微信\nnote29,微信\n交易时间,交易类型,交易对方,商品,收/支,金额(元),支付方式,当前状态\n\n
bills	note0,微信\nnote1,微信\nnote2,微信\nnote3,微信\nnote4,微信\nnote5,微信\nnote6,微信\nnote7,微信\nnote8,微信\nnote9,微信\nnote10,微信\nnote11,微信\nnote12,微信\nnote13,微信\nnote14,微信\nnote15,微信\nnote16,微信\nnote17,微信\nnote18,微信\nnote19,微信\nnote20,微信\nnote21,微信\nnote22,微信\nnote23,微信\nnote24,微信\nnote25,微信\nnote26,微信\nnote27,微信\nnote28,微信\nnote29,微信\n交易时间,交易类型,交易对方,商品,收/支,金额(元),支付方式,当前状态\n2026-01-17 10:00:00,"购物,杂项",店,"说,明",支出,"1,234.56",余额,交易成功\n
bills	note0,微信\nnote1,微信\nnote2,微信\nnote3,微信\nnote4,微信\nnote5,微信\nnote6,微信\nnote7,微信\nnote8,微信\nnote9,微信\nnote10,微信\nnote11,微信\nnote12,微信\nnote13,微信\nnote14,微信\nnote15,微信\nnote16,微信\nnote17,微信\nnote18,微信\nnote19,微信\nnote20,微信\nnote21,微信\nnote22,微信\nnote23,微信\nnote24,微信\nnote25,微信\nnote26,微信\nnote27,微信\nnote28,微信\nnote29,微信\n交易时间,交易类型,交易对方,商品,收/支,金额(元),支付方式,当前状态\n2026-01-18 10:00:00,购物,"店\n二行",东西,支出,15.00,余额,交易成功\n
bills	note0,微信\nnote1,微信\nnote2,微信\nnote3,微信\nnote4,微信\nnote5,微信\nnote6,微信\nnote7,微信\nnote8,微信\nnote9,微信\nnote10,微信\nnote11,微信\nnote12,微信\nnote13,微信\nnote14,微信\nnote15,微信\nnote16,微信\nnote17,微信\nnote18,微信\nnote19,微信\nnote20,微信\nnote21,微信\nnote22,微信\nnote23,微信\nnote24,微信\nnote25,微信\nnote26,微信\nnote27,微信\nnote28,微信\nnote29,微信\n交易时间,交易类型,交易对方,商品,收/支,金额(元),支付方式,当前状态\n2026-01-19 10:00:00,购物,"说""引号""",东西,收入,15.00,余额,交易成功\n
bills	note0,微信\nnote1,微信\nnote2,微信\nnote3,微信\nnote4,微信\nnote5,微信\nnote6,微信\nnote7,微信\nnote8,微信\nnote9,微信\nnote10,微信\nnote11,微信\nnote12,微信\nnote13,微信\nnote14,微信\nnote15,微信\nnote16,微信\nnote17,微信\nnote18,微信\nnote19,微信\nnote20,微信\nnote21,微信\nnote22,微信\nnote23,微信\nnote24,微信\nnote25,微信\nnote26,微信\nnote27,微信\nnote28,微信\nnote29,微信\n交易时间,交易类型,交易对方,商品,收/支,金额(元),支付方式,当前状态\n2026-01-20 24:00:00,购物,店,东西,支出,15.00,余额,交易成功\n
bills	note0,微信\nnote1,微信\nnote2,微信\nnote3,微信\nnote4,微信\nnote5,微信\nnote6,微信\nnote7,微信\nnote8,微信\nnote9,微信\nnote10,微信\nnote11,微信\nnote12,微信\nnote13,微信\nnote14,微信\nnote15,微信\nnote16,微信\nnote17,微信\nnote18,微信\nnote19,微信\nnote20,微信\nnote21,微信\nnote22,微信\nnote23,微信\nnote24,微信\nnote25,微信\nnote26,微信\nnote27,微信\nnote28,微信\nnote29,微信\n交易时间,交易类型,交易对方,商品,收/支,金额(元),支付方式,当前状态\n2026-13-40 10:00:00,购物,店,东西,支出,15.00,余额,交易成功\n
bills	note0,微信\nnote1,微信\nnote2,微信\nnote3,微信\nnote4,微信\nnote5,微信\nnote6,微信\nnote7,微信\nnote8,微信\nnote9,微信\nnote10,微信\nnote11,微信\nnote12,微信\nnote13,微信\nnote14,微信\nnote15,微信\nnote16,微信\nnote17,微信\nnote18,微信\nnote19,微信\nnote20,微信\nnote21,微信\nnote22,微信\nnote23,微信\nnote24,微信\nnote25,微信\nnote26,微信\nnote27,微信\nnote28,微信\nnote29,微信\n交易时间,交易类型,交易对方,商品,收/支,金额(元),支付方式,当前状态\n2026-01-21 10:00:00,购物,店,东西,支出,15.00,余额,冻结\n
bills	note0,微信\nnote1,微信\nnote2,微信\nnote3,微信\nnote4,微信\nnote5,微信\nnote6,微信\nnote7,微信\nnote8,微信\nnote9,微信\nnote10,微信\nnote11,微信\nnote12,微信\nnote13,微信\nnote14,微信\nnote15,微信\nnote16,微信\nnote17,微信\nnote18,微信\nnote19,微信\nnote20,微信\nnote21,微信\nnote22,微信\nnote23,微信\nnote24,微信\nnote25,微信\nnote26,微信\nnote27,微信\nnote28,微信\nnote29,微信\n交易时间,交易类型,交易对方,商品,收/支,金额(元),支付方式,当前状态\n2026-01-22 10:00:00,购物,店,东西,支出,15.00,余额,全额退款\n
bills	note0,微信\nnote1,微信\nnote2,微信\nnote3,微信\nnote4,微信\nnote5,微信\nnote6,微信\nnote7,微信\nnote8,微信\nnote9,微信\nnote10,微信\nnote11,微信\nnote12,微信\nnote13,微信\nnote14,微信\nnote15,微信\nnote16,微信\nnote17,微信\nnote18,微信\nnote19,微信\nnote20,微信\nnote21,微信\nnote22,微信\nnote23,微信\nnote24,微信\nnote25,微信\nnote26,微信\nnote27,微信\nnote28,微信\nnote29,微信\n交易时间,交易类型,交易对方,商品,收/支,金额(元),支付方式,当前状态\n2026-01-23 10:00:00,购物,店,东西,Expense,15.00,余额,交易成功\n
bills	note0,微信\nnote1,微信\nnote2,微信\nnote3,微信\nnote4,微信\nnote5,微信\nnote6,微信\nnote7,微信\nnote8,微信\nnote9,微信\nnote10,微信\nnote11,微信\nnote12,微信\nnote13,微信\nnote14,微信\nnote15,微信\nnote16,微信\nnote17,微信\nnote18,微信\nnote19,微信\nnote20,微信\nnote21,微信\nnote22,微信\nnote23,微信\nnote24,微信\nnote25,微信\nnote26,微信\nnote27,微信\nnote28,微信\nnote29,微信\n交易时间,交易类型,交易对方,商品,收/支,金额(元),支付方式,当前状态\n2026-01-24 10:00:00,购物,店,东西,收入支出,15.00,余额,交易成功\n
bills	note0,微信\nnote1,微信\nnote2,微信\nnote3,微信\nnote4,微信\nnote5,微信\nnote6,微信\nnote7,微信\nnote8,微信\nnote9,微信\nnote10,微信\nnote11,微信\nnote12,微信\nnote13,微信\nnote14,微信\nnote15,微信\nnote16,微信\nnote17,微信\nnote18,微信\nnote19,微信\nnote20,微信\nnote21,微信\nnote22,微信\nnote23,微信\nnote24,微信\nnote25,微信\nnote26,微信\nnote27,微信\nnote28,微信\nnote29,微信\n交易时间,交易类型,交易对方,商品,收/支,金额(元),支付方式,当前状态\n2026-01-25 10:00:00,购物,店,东西,支出收入,15.00,余额,交易成功\n
bills	note0,微信\nnote1,微信\nnote2,微信\nnote3,微信\nnote4,微信\nnote5,微信\nnote6,微信\nnote7,微信\nnote8,微信\nnote9,微信\nnote10,微信\nnote11,微信\nnote12,微信\nnote13,微信\nnote14,微信\nnote15,微信\nnote16,微信\nnote17,微信\nnote18,微信\nnote19,微信\nnote20,微信\nnote21,微信\nnote22,微信\nnote23,微信\nnote24,微信\nnote25,微信\nnote26,微信\nnote27,微信\nnote28,微信\nnote29,微信\n交易时间,交易类型,交易对方,商品,收/支,金额(元),支付方式,当前状态\n2026-01-26 10:00:00,购物,店,东西,"支出,收入",15.00,余额,交易成功\n
bills	note0,微信\nnote1,微信\nnote2,微信\nnote3,微信\nnote4,微信\nnote5,微信\nnote6,微信\nnote7,微信\nnote8,微信\nnote9,微信\nnote10,微信\nnote11,微信\nnote12,微信\nnote13,微信\nnote14,微信\nnote15,微信\nnote16,微信\nnote17,微信\nnote18,微信\nnote19,微信\nnote20,微信\nnote21,微信\nnote22,微信\nnote23,微信\nnote24,微信\nnote25,微信\nnote26,微信\nnote27,微信\nnote28,微信\nnote29,微信\n交易时间,交易类型,交易对方,商品,收/支,金额(元),支付方式,当前状态\n2026-01-27 10:00:00,购物,店,东西,income expense,15.00,余额,交易成功\n
bills	note0,微信\nnote1,微信\nnote2,微信\nnote3,微信\nnote4,微信\nnote5,微信\nnote6,微信\nnote7,微信\nnote8,微信\nnote9,微信\nnote10,微信\nnote11,微信\nnote12,微信\nnote13,微信\nnote14,微信\nnote15,微信\nnote16,微信\nnote17,微信\nnote18,微信\nnote19,微信\nnote20,微信\nnote21,微信\nnote22,微信\nnote23,微信\nnote24,微信\nnote25,微信\nnote26,微信\nnote27,微信\nnote28,微信\nnote29,微信\n交易时间,交易类型,交易对方,商品,收/支,金额(元),支付方式,当前状态\n2026-01-28 10:00:00,购物,店,东西,expense income,15.00,余额,交易成功\n
bills	note0,微信\nnote1,微信\nnote2,微信\nnote3,微信\nnote4,微信\nnote5,微信\nnote6,微信\nnote7,微信\nnote8,微信\nnote9,微信\nnote10,微信\nnote11,微信\nnote12,微信\nnote13,微信\nnote14,微信\nnote15,微信\nnote16,微信\nnote17,微信\nnote18,微信\nnote19,微信\nnote20,微信\nnote21,微信\nnote22,微信\nnote23,微信\nnote24,微信\nnote25,微信\nnote26,微信\nnote27,微信\nnote28,微信\nnote29,微信\n交易时间,交易类型,交易对方,商品,收/支,金额(元),支付方式,当前状态\n2026-01-29 10:00:00,购物,店,东西,退款收入/支出,15.00,余额,交易成功\n
bills	note0,微信\nnote1,微信\nnote2,微信\nnote3,微信\nnote4,微信\nnote5,微信\nnote6,微信\nnote7,微信\nnote8,微信\nnote9,微信\nnote10,微信\nnote11,微信\nnote12,微信\nnote13,微信\nnote14,微信\nnote15,微信\nnote16,微信\nnote17,微信\nnote18,微信\nnote19,微信\nnote20,微信\nnote21,微信\nnote22,微信\nnote23,微信\nnote24,微信\nnote25,微信\nnote26,微信\nnote27,微信\nnote28,微信\nnote29,微信\n交易时间,交易类型,交易对方,商品,收/支,金额(元),支付方式,当前状态\n2026-01-05 12:30:00,餐饮,肯德基,午餐,支出,35.50,余额,交易成功\n2026-01-06 09:00:00,工资,公司,一月工资,收入,9000.00,银行卡,交易成功\n2026-01-07 10:00:00,退款,商家,退货,收入,20.00,余额,退款成功\n2026-01-08 10:00:00,其他,x,y,不计收支,5.00,余额,交易成功\n2026-01-09 10:00:00,购物,店,东西,支出,0.00,余额,交易成功\n2026-01-10 10:00:00,购物,店,东西,支出,-15.00,余额,交易成功\ngarbage,购物,店,东西,支出,15.00,余额,交易成功\n2026-01-11 10:00:00,购物,店,东西,支出,abc,余额,交易成功\n2026-01-12 10:00:00,购物,店,东西,支出,15.00,余额,交易关闭\n2026-01-13 10:00:00,购物,店,东西,支出,15.00,余额,\n2026-01-14 10:00:00, 购物 , 店 , 东西 ,支出,15.00, 余额 , 交易成功 \n2026-01-15 10:00:00,购物,店,东西,支出,15.00\n2026-01-16 10:00:00\n,,,,,,,\n   ,  ,  ,  ,  ,  ,  ,  \n\n2026-01-17 10:00:00,"购物,杂项",店,"说,明",支出,"1,234.56",余额,交易成功\n2026-01-18 10:00:00,购物,"店\n二行",东西,支出,15.00,余额,交易成功\n2026-01-19 10:00:00,购物,"说""引号""",东西,收入,15.00,余额,交易成功\n2026-01-20 24:00:00,购物,店,东西,支出,15.00,余额,交易成功\n2026-13-40 10:00:00,购物,店,东西,支出,15.00,余额,交易成功\n2026-01-21 10:00:00,购物,店,东西,支出,15.00,余额,冻结\n2026-01-22 10:00:00,购物,店,东西,支出,15.00,余额,全额退款\n2026-01-23 10:00:00,购物,店,东西,Expense,15.00,余额,交易成功\n2026-01-24 10:00:00,购物,店,东西,收入支出,15.00,余额,交易成功\n2026-01-25 10:00:00,购物,店,东西,支出收入,15.00,余额,交易成功\n2026-01-26 10:00:00,购物,店,东西,"支出,收入",15.00,余额,交易成功\n2026-01-27 10:00:00,购物,店,东西,income expense,15.00,余额,交易成功\n2026-01-28 10:00:00,购物,店,东西,expense income,15.00,余额,交易成功\n2026-01-29 10:00:00,购物,店,东西,退款收入/支出,15.00,余额,交易成功\n
bills	note0,微信\nnote1,微信\nnote2,微信\nnote3,微信\nnote4,微信\nnote5,微信\nnote6,微信\nnote7,微信\nnote8,微信\nnote9,微信\nnote10,微信\nnote11,微信\nnote12,微信\nnote13,微信\nnote14,微信\nnote15,微信\nnote16,微信\nnote17,微信\nnote18,微信\nnote19,微信\nnote20,微信\nnote21,微信\nnote22,微信\nnote23,微信\nnote24,微信\nnote25,微信\nnote26,微信\nnote27,微信\nnote28,微信\nnote29,微信\n交易时间,交易类型,交易对方,商品,收/支,金额(元),支付方式,当前状态\n2026-01-05 12:30:00,餐饮,肯德基,午餐,支出,35.50,余额,交易成功\r\n2026-01-06 09:00:00,工资,公司,一月工资,收入,9000.00,银行卡,交易成功\r\n2026-01-07 10:00:00,退款,商家,退货,收入,20.00,余额,退款成功\r\n2026-01-08 10:00:00,其他,x,y,不计收支,5.00,余额,交易成功\r\n2026-01-09 10:00:00,购物,店,东西,支出,0.00,余额,交易成功\r\n2026-01-10 10:00:00,购物,店,东西,支出,-15.00,余额,交易成功\r\ngarbage,购物,店,东西,支出,15.00,余额,交易成功\r\n2026-01-11 10:00:00,购物,店,东西,支出,abc,余额,交易成功\r\n2026-01-12 10:00:00,购物,店,东西,支出,15.00,余额,交易关闭\r\n2026-01-13 10:00:00,购物,店,东西,支出,15.00,余额,\r\n2026-01-14 10:00:00, 购物 , 店 , 东西 ,支出,15.00, 余额 , 交易成功 \r\n2026-01-15 10:00:00,购物,店,东西,支出,15.00\r\n2026-01-16 10:00:00\r\n,,,,,,,\r\n   ,  ,  ,  ,  ,  ,  ,  \r\n\r\n2026-01-17 10:00:00,"购物,杂项",店,"说,明",支出,"1,234.56",余额,交易成功\r\n2026-01-18 10:00:00,购物,"店\n二行",东西,支出,15.00,余额,交易成功\r\n2026-01-19 10:00:00,购物,"说""引号""",东西,收入,15.00,余额,交易成功\r\n2026-01-20 24:00:00,购物,店,东西,支出,15.00,余额,交易成功\r\n2026-13-40 10:00:00,购物,店,东西,支出,15.00,余额,交易成功\r\n2026-01-21 10:00:00,购物,店,东西,支出,15.00,余额,冻结\r\n2026-01-22 10:00:00,购物,店,东西,支出,15.00,余额,全额退款\r\n2026-01-23 10:00:00,购物,店,东西,Expense,15.00,余额,交易成功\r\n2026-01-24 10:00:00,购物,店,东西,收入支出,15.00,余额,交易成功\r\n2026-01-25 10:00:00,购物,店,东西,支出收入,15.00,余额,交易成功\r\n2026-01-26 10:00:00,购物,店,东西,"支出,收入",15.00,余额,交易成功\r\n2026-01-27 10:00:00,购物,店,东西,income expense,15.00,余额,交易成功\r\n2026-01-28 10:00:00,购物,店,东西,expense income,15.00,余额,交易成功\r\n2026-01-29 10:00:00,购物,店,东西,退款收入/支出,15.00,余额,交易成功
header	note0,微信\nnote1,微信\nnote2,微信\nnote3,微信\nnote4,微信\nnote5,微信\nnote6,微信\nnote7,微信\nnote8,微信\nnote9,微信\nnote10,微信\nnote11,微信\nnote12,微信\nnote13,微信\nnote14,微信\nnote15,微信\nnote16,微信\nnote17,微信\nnote18,微信\nnote19,微信\nnote20,微信\nnote21,微信\nnote22,微信\nnote23,微信\nnote24,微信\nnote25,微信\nnote26,微信\nnote27,微信\nnote28,微信\nnote29,微信\n交易时间,交易类型,交易对方,商品,收/支,金额(元),支付方式,当前状态\n
bills	note0,微信\nnote1,微信\nnote2,微信\nnote3,微信\nnote4,微信\nnote5,微信\nnote6,微信\nnote7,微信\nnote8,微信\nnote9,微信\nnote10,微信\nnote11,微信\nnote12,微信\nnote13,微信\nnote14,微信\nnote15,微信\nnote16,微信\nnote17,微信\nnote18,微信\nnote19,微信\nnote20,微信\nnote21,微信\nnote22,微信\nnote23,微信\nnote24,微信\nnote25,微信\nnote26,微信\nnote27,微信\nnote28,微信\nnote29,微信\n日期,类型,金额,收支\n2026-01-05 12:30:00,餐饮,肯德基,午餐,支出,35.50,余额,交易成功\n
bills	note0,微信\nnote1,微信\nnote2,微信\nnote3,微信\nnote4,微信\nnote5,微信\nnote6,微信\nnote7,微信\nnote8,微信\nnote9,微信\nnote10,微信\nnote11,微信\nnote12,微信\nnote13,微信\nnote14,微信\nnote15,微信\nnote16,微信\nnote17,微信\nnote18,微信\nnote19,微信\nnote20,微信\nnote21,微信\nnote22,微信\nnote23,微信\nnote24,微信\nnote25,微信\nnote26,微信\nnote27,微信\nnote28,微信\nnote29,微信\n日期,类型,金额,收支\n2026-01-06 09:00:00,工资,公司,一月工资,收入,9000.00,银行卡,交易成功\n
bills	note0,微信\nnote1,微信\nnote2,微信\nnote3,微信\nnote4,微信\nnote5,微信\nnote6,微信\nnote7,微信\nnote8,微信\nnote9,微信\nnote10,微信\nnote11,微信\nnote12,微信\nnote13,微信\nnote14,微信\nnote15,微信\nnote16,微信\nnote17,微信\nnote18,微信\nnote19,微信\nnote20,微信\nnote21,微信\nnote22,微信\nnote23,微信\nnote24,微信\nnote25,微信\nnote26,微信\nnote27,微信\nnote28,微信\nnote29,微信\n日期,类型,金额,收支\n2026-01-07 10:00:00,退款,商家,退货,收入,20.00,余额,退款成功\n
bills	note0,微信\nnote1,微信\nnote2,微信\nnote3,微信\nnote4,微信\nnote5,微信\nnote6,微信\nnote7,微信\nnote8,微信\nnote9,微信\nnote10,微信\nnote11,微信\nnote12,微信\nnote13,微信\nnote14,微信\nnote15,微信\nnote16,微信\nnote17,微信\nnote18,微信\nnote19,微信\nnote20,微信\nnote21,微信\nnote22,微信\nnote23,微信\nnote24,微信\nnote25,微信\nnote26,微信\nnote27,微信\nnote28,微信\nnote29,微信\n日期,类型,金额,收支\n2026-01-08 10:00:00,其他,x,y,不计收支,5.00,余额,交易成功\n
bills	note0,微信\nnote1,微信\nnote2,微信\nnote3,微信\nnote4,微信\nnote5,微信\nnote6,微信\nnote7,微信\nnote8,微信\nnote9,微信\nnote10,微信\nnote11,微信\nnote12,微信\nnote13,微信\nnote14,微信\nnote15,微信\nnote16,微信\nnote17,微信\nnote18,微信\nnote19,微信\nnote20,微信\nnote21,微信\nnote22,微信\nnote23,微信\nnote24,微信\nnote25,微信\nnote26,微信\nnote27,微信\nnote28,微信\nnote29,微信\n日期,类型,金额,收支\n2026-01-09 10:00:00,购物,店,东西,支出,0.00,余额,交易成功\n
bills	note0,微信\nnote1,微信\nnote2,微信\nnote3,微信\nnote4,微信\nnote5,微信\nnote6,微信\nnote7,微信\nnote8,微信\nnote9,微信\nnote10,微信\nnote11,微信\nnote12,微信\nnote13,微信\nnote14,微信\nnote15,微信\nnote16,微信\nnote17,微信\nnote18,微信\nnote19,微信\nnote20,微信\nnote21,微信\nnote22,微信\nnote23,微信\nnote24,微信\nnote25,微信\nnote26,微信\nnote27,微信\nnote28,微信\nnote29,微信\n日期,类型,金额,收支\n2026-01-10 10:00:00,购物,店,东西,支出,-15.00,余额,交易成功\n
bills	note0,微信\nnote1,微信\nnote2,微信\nnote3,微信\nnote4,微信\nnote5,微信\nnote6,微信\nnote7,微信\nnote8,微信\nnote9,微信\nnote10,微信\nnote11,微信\nnote12,微信\nnote13,微信\nnote14,微信\nnote15,微信\nnote16,微信\nnote17,微信\nnote18,微信\nnote19,微信\nnote20,微信\nnote21,微信\nnote22,微信\nnote23,微信\nnote24,微信\nnote25,微信\nnote26,微信\nnote27,微信\nnote28,微信\nnote29,微信\n日期,类型,金额,收支\ngarbage,购物,店,东西,支出,15.00,余额,交易成功\n
bills	note0,微信\nnote1,微信\nnote2,微信\nnote3,微信\nnote4,微信\nnote5,微信\nnote6,微信\nnote7,微信\nnote8,微信\nnote9,微信\nnote10,微信\nnote11,微信\nnote12,微信\nnote13,微信\nnote14,微信\nnote15,微信\nnote16,微信\nnote17,微信\nnote18,微信\nnote19,微信\nnote20,微信\nnote21,微信\nnote22,微信\nnote23,微信\nnote24,微信\nnote25,微信\nnote26,微信\nnote27,微信\nnote28,微信\nnote29,微信\n日期,类型,金额,收支\n2026-01-11 10:00:00,购物,店,东西,支出,abc,余额,交易成功\n
bills	note0,微信\nnote1,微信\nnote2,微信\nnote3,微信\nnote4,微信\nnote5,微信\nnote6,微信\nnote7,微信\nnote8,微信\nnote9,微信\nnote10,微信\nnote11,微信\nnote12,微信\nnote13,微信\nnote14,微信\nnote15,微信\nnote16,微信\nnote17,微信\nnote18,微信\nnote19,微信\nnote20,微信\nnote21,微信\nnote22,微信\nnote23,微信\nnote24,微信\nnote25,微信\nnote26,微信\nnote27,微信\nnote28,微信\nnote29,微信\n日期,类型,金额,收支\n2026-01-12 10:00:00,购物,店,东西,支出,15.00,余额,交易关闭\n
bills	note0,微信\nnote1,微信\nnote2,微信\nnote3,微信\nnote4,微信\nnote5,微信\nnote6,微信\nnote7,微信\nnote8,微信\nnote9,微信\nnote10,微信\nnote11,微信\nnote12,微信\nnote13,微信\nnote14,微信\nnote15,微信\nnote16,微信\nnote17,微信\nnote18,微信\nnote19,微信\nnote20,微信\nnote21,微信\nnote22,微信\nnote23,微信\nnote24,微信\nnote25,微信\nnote26,微信\nnote27,微信\nnote28,微信\nnote29,微信\n日期,类型,金额,收支\n2026-01-13 10:00:00,购物,店,东西,支出,15.00,余额,\n
bills	note0,微信\nnote1,微信\nnote2,微信\nnote3,微信\nnote4,微信\nnote5,微信\nnote6,微信\nnote7,微信\nnote8,微信\nnote9,微信\nnote10,微信\nnote11,微信\nnote12,微信\nnote13,微信\nnote14,微信\nnote15,微信\nnote16,微信\nnote17,微信\nnote18,微信\nnote19,微信\nnote20,微信\nnote21,微信\nnote22,微信\nnote23,微信\nnote24,微信\nnote25,微信\nnote26,微信\nnote27,微信\nnote28,微信\nnote29,微信\n日期,类型,金额,收支\n2026-01-14 10:00:00, 购物 , 店 , 东西 ,支出,15.00, 余额 , 交易成功 \n
bills	note0,微信\nnote1,微信\nnote2,微信\nnote3,微信\nnote4,微信\nnote5,微信\nnote6,微信\nnote7,微信\nnote8,微信\nnote9,微信\nnote10,微信\nnote11,微信\nnote12,微信\nnote13,微信\nnote14,微信\nnote15,微信\nnote16,微信\nnote17,微信\nnote18,微信\nnote19,微信\nnote20,微信\nnote21,微信\nnote22,微信\nnote23,微信\nnote24,微信\nnote25,微信\nnote26,微信\nnote27,微信\nnote28,微信\nnote29,微信\n日期,类型,金额,收支\n2026-01-15 10:00:00,购物,店,东西,支出,15.00\n
bills	note0,微信\nnote1,微信\nnote2,微信\nnote3,微信\nnote4,微信\nnote5,微信\nnote6,微信\nnote7,微信\nnote8,微信\nnote9,微信\nnote10,微信\nnote11,微信\nnote12,微信\nnote13,微信\nnote14,微信\nnote15,微信\nnote16,微信\nnote17,微信\nnote18,微信\nnote19,微信\nnote20,微信\nnote21,微信\nnote22,微信\nnote23,微信\nnote24,微信\nnote25,微信\nnote26,微信\nnote27,微信\nnote28,微信\nnote29,微信\n日期,类型,金额,收支\n2026-01-16 10:00:00\n
bills	note0,微信\nnote1,微信\nnote2,微信\nnote3,微信\nnote4,微信\nnote5,微信\nnote6,微信\nnote7,微信\nnote8,微信\nnote9,微信\nnote10,微信\nnote11,微信\nnote12,微信\nnote13,微信\nnote14,微信\nnote15,微信\nnote16,微信\nnote17,微信\nnote18,微信\nnote19,微信\nnote20,微信\nnote21,微信\nnote22,微信\nnote23,微信\nnote24,微信\nnote25,微信\nnote26,微信\nnote27,微信\nnote28,微信\nnote29,微信\n日期,类型,金额,收支\n,,,,,,,\n
bills	note0,微信\nnote1,微信\nnote2,微信\nnote3,微信\nnote4,微信\nnote5,微信\nnote6,微信\nnote7,微信\nnote8,微信\nnote9,微信\nnote10,微信\nnote11,微信\nnote12,微信\nnote13,微信\nnote14,微信\nnote15,微信\nnote16,微信\nnote17,微信\nnote18,微信\nnote19,微信\nnote20,微信\nnote21,微信\nnote22,微信\nnote23,微信\nnote24,微信\nnote25,微信\nnote26,微信\nnote27,微信\nnote28,微信\nnote29,微信\n日期,类型,金额,收支\n   ,  ,  ,  ,  ,  ,  ,  \n
bills	note0,微信\nnote1,微信\nnote2,微信\nnote3,微信\nnote4,微信\nnote5,微信\nnote6,微信\nnote7,微信\nnote8,微信\nnote9,微信\nnote10,微信\nnote11,微信\nnote12,微信\nnote13,微信\nnote14,微信\nnote15,微信\nnote16,微信\nnote17,微信\nnote18,微信\nnote19,微信\nnote20,微信\nnote21,微信\nnote22,微信\nnote23,微信\nnote24,微信\nnote25,微信\nnote26,微信\nnote27,微信\nnote28,微信\nnote29,微信\n日期,类型,金额,收支\n\n
bills	note0,微信\nnote1,微信\nnote2,微信\nnote3,微信\nnote4,微信\nnote5,微信\nnote6,微信\nnote7,微信\nnote8,微信\nnote9,微信\nnote10,微信\nnote11,微信\nnote12,微信\nnote13,微信\nnote14,微信\nnote15,微信\nnote16,微信\nnote17,微信\nnote18,微信\nnote19,微信\nnote20,微信\nnote21,微信\nnote22,微信\nnote23,微信\nnote24,微信\nnote25,微信\nnote26,微信\nnote27,微信\nnote28,微信\nnote29,微信\n日期,类型,金额,收支\n2026-01-17 10:00:00,"购物,杂项",店,"说,明",支出,"1,234.56",余额,交易成功\n
bills	note0,微信\nnote1,微信\nnote2,微信\nnote3,微信\nnote4,微信\nnote5,微信\nnote6,微信\nnote7,微信\nnote8,微信\nnote9,微信\nnote10,微信\nnote11,微信\nnote12,微信\nnote13,微信\nnote14,微信\nnote15,微信\nnote16,微信\nnote17,微信\nnote18,微信\nnote19,微信\nnote20,微信\nnote21,微信\nnote22,微信\nnote23,微信\nnote24,微信\nnote25,微信\nnote26,微信\nnote27,微信\nnote28,微信\nnote29,微信\n日期,类型,金额,收支\n2026-01-18 10:00:00,购物,"店\n二行",东西,支出,15.00,余额,交易成功\n
bills	note0,微信\nnote1,微信\nnote2,微信\nnote3,微信\nnote4,微信\nnote5,微信\nnote6,微信\nnote7,微信\nnote8,微信\nnote9,微信\nnote10,微信\nnote11,微信\nnote12,微信\nnote13,微信\nnote14,微信\nnote15,微信\nnote16,微信\nnote17,微信\nnote18,微信\nnote19,微信\nnote20,微信\nnote21,微信\nnote22,微信\nnote23,微信\nnote24,微信\nnote25,微信\nnote26,微信\nnote27,微信\nnote28,微信\nnote29,微信\n日期,类型,金额,收支\n2026-01-19 10:00:00,购物,"说""引号""",东西,收入,15.00,余额,交易成功\n
bills	note0,微信\nnote1,微信\nnote2,微信\nnote3,微信\nnote4,微信\nnote5,微信\nnote6,微信\nnote7,微信\nnote8,微信\nnote9,微信\nnote10,微信\nnote11,微信\nnote12,微信\nnote13,微信\nnote14,微信\nnote15,微信\nnote16,微信\nnote17,微信\nnote18,微信\nnote19,微信\nnote20,微信\nnote21,微信\nnote22,微信\nnote23,微信\nnote24,微信\nnote25,微信\nnote26,微信\nnote27,微信\nnote28,微信\nnote29,微信\n日期,类型,金额,收支\n2026-01-20 24:00:00,购物,店,东西,支出,15.00,余额,交易成功\n
bills	note0,微信\nnote1,微信\nnote2,微信\nnote3,微信\nnote4,微信\nnote5,微信\nnote6,微信\nnote7,微信\nnote8,微信\nnote9,微信\nnote10,微信\nnote11,微信\nnote12,微信\nnote13,微信\nnote14,微信\nnote15,微信\nnote16,微信\nnote17,微信\nnote18,微信\nnote19,微信\nnote20,微信\nnote21,微信\nnote22,微信\nnote23,微信\nnote24,微信\nnote25,微信\nnote26,微信\nnote27,微信\nnote28,微信\nnote29,微信\n日期,类型,金额,收支\n2026-13-40 10:00:00,购物,店,东西,支出,15.00,余额,交易成功\n
bills	note0,微信\nnote1,微信\nnote2,微信\nnote3,微信\nnote4,微信\nnote5,微信\nnote6,微信\nnote7,微信\nnote8,微信\nnote9,微信\nnote10,微信\nnote11,微信\nnote12,微信\nnote13,微信\nnote14,微信\nnote15,微信\nnote16,微信\nnote17,微信\nnote18,微信\nnote19,微信\nnote20,微信\nnote21,微信\nnote22,微信\nnote23,微信\nnote24,微信\nnote25,微信\nnote26,微信\nnote27,微信\nnote28,微信\nnote29,微信\n日期,类型,金额,收支\n2026-01-21 10:00:00,购物,店,东西,支出,15.00,余额,冻结\n
bills	note0,微信\nnote1,微信\nnote2,微信\nnote3,微信\nnote4,微信\nnote5,微信\nnote6,微信\nnote7,微信\nnote8,微信\nnote9,微信\nnote10,微信\nnote11,微信\nnote12,微信\nnote13,微信\nnote14,微信\nnote15,微信\nnote16,微信\nnote17,微信\nnote18,微信\nnote19,微信\nnote20,微信\nnote21,微信\nnote22,微信\nnote23,微信\nnote24,微信\nnote25,微信\nnote26,微信\nnote27,微信\nnote28,微信\nnote29,微信\n日期,类型,金额,收支\n2026-01-22 10:00:00,购物,店,东西,支出,15.00,余额,全额退款\n
bills	note0,微信\nnote1,微信\nnote2,微信\nnote3,微信\nnote4,微信\nnote5,微信\nnote6,微信\nnote7,微信\nnote8,微信\nnote9,微信\nnote10,微信\nnote11,微信\nnote12,微信\nnote13,微信\nnote14,微信\nnote15,微信\nnote16,微信\nnote17,微信\nnote18,微信\nnote19,微信\nnote20,微信\nnote21,微信\nnote22,微信\nnote23,微信\nnote24,微信\nnote25,微信\nnote26,微信\nnote27,微信\nnote28,微信\nnote29,微信\n日期,类型,金额,收支\n2026-01-23 10:00:00,购物,店,东西,Expense,15.00,余额,交易成功\n
bills	note0,微信\nnote1,微信\nnote2,微信\nnote3,微信\nnote4,微信\nnote5,微信\nnote6,微信\nnote7,微信\nnote8,微信\nnote9,微信\nnote10,微信\nnote11,微信\nnote12,微信\nnote13,微信\nnote14,微信\nnote15,微信\nnote16,微信\nnote17,微信\nnote18,微信\nnote19,微信\nnote20,微信\nnote21,微信\nnote22,微信\nnote23,微信\nnote24,微信\nnote25,微信\nnote26,微信\nnote27,微信\nnote28,微信\nnote29,微信\n日期,类型,金额,收支\n2026-01-24 10:00:00,购物,店,东西,收入支出,15.00,余额,交易成功\n
bills	note0,微信\nnote1,微信\nnote2,微信\nnote3,微信\nnote4,微信\nnote5,微信\nnote6,微信\nnote7,微信\nnote8,微信\nnote9,微信\nnote10,微信\nnote11,微信\nnote12,微信\nnote13,微信\nnote14,微信\nnote15,微信\nnote16,微信\nnote17,微信\nnote18,微信\nnote19,微信\nnote20,微信\nnote21,微信\nnote22,微信\nnote23,微信\nnote24,微信\nnote25,微信\nnote26,微信\nnote27,微信\nnote28,微信\nnote29,微信\n日期,类型,金额,收支\n2026-01-25 10:00:00,购物,店,东西,支出收入,15.00,余额,交易成功\n
bills	note0,微信\nnote1,微信\nnote2,微信\nnote3,微信\nnote4,微信\nnote5,微信\nnote6,微信\nnote7,微信\nnote8,微信\nnote9,微信\nnote10,微信\nnote11,微信\nnote12,微信\nnote13,微信\nnote14,微信\nnote15,微信\nnote16,微信\nnote17,微信\nnote18,微信\nnote19,微信\nnote20,微信\nnote21,微信\nnote22,微信\nnote23,微信\nnote24,微信\nnote25,微信\nnote26,微信\nnote27,微信\nnote28,微信\nnote29,微信\n日期,类型,金额,收支\n2026-01-26 10:00:00,购物,店,东西,"支出,收入",15.00,余额,交易成功\n
bills	note0,微信\nnote1,微信\nnote2,微信\nnote3,微信\nnote4,微信\nnote5,微信\nnote6,微信\nnote7,微信\nnote8,微信\nnote9,微信\nnote10,微信\nnote11,微信\nnote12,微信\nnote13,微信\nnote14,微信\nnote15,微信\nnote16,微信\nnote17,微信\nnote18,微信\nnote19,微信\nnote20,微信\nnote21,微信\nnote22,微信\nnote23,微信\nnote24,微信\nnote25,微信\nnote26,微信\nnote27,微信\nnote28,微信\nnote29,微信\n日期,类型,金额,收支\n2026-01-27 10:00:00,购物,店,东西,income expense,15.00,余额,交易成功\n
bills	note0,微信\nnote1,微信\nnote2,微信\nnote3,微信\nnote4,微信\nnote5,微信\nnote6,微信\nnote7,微信\nnote8,微信\nnote9,微信\nnote10,微信\nnote11,微信\nnote12,微信\nnote13,微信\nnote14,微信\nnote15,微信\nnote16,微信\nnote17,微信\nnote18,微信\nnote19,微信\nnote20,微信\nnote21,微信\nnote22,微信\nnote23,微信\nnote24,微信\nnote25,微信\nnote26,微信\nnote27,微信\nnote28,微信\nnote29,微信\n日期,类型,金额,收支\n2026-01-28 10:00:00,购物,店,东西,expense income,15.00,余额,交易成功\n
bills	note0,微信\nnote1,微信\nnote2,微信\nnote3,微信\nnote4,微信\nnote5,微信\nnote6,微信\nnote7,微信\nnote8,微信\nnote9,微信\nnote10,微信\nnote11,微信\nnote12,微信\nnote13,微信\nnote14,微信\nnote15,微信\nnote16,微信\nnote17,微信\nnote18,微信\nnote19,微信\nnote20,微信\nnote21,微信\nnote22,微信\nnote23,微信\nnote24,微信\nnote25,微信\nnote26,微信\nnote27,微信\nnote28,微信\nnote29,微信\n日期,类型,金额,收支\n2026-01-29 10:00:00,购物,店,东西,退款收入/支出,15.00,余额,交易成功\n
bills	note0,微信\nnote1,微信\nnote2,微信\nnote3,微信\nnote4,微信\nnote5,微信\nnote6,微信\nnote7,微信\nnote8,微信\nnote9,微信\nnote10,微信\nnote11,微信\nnote12,微信\nnote13,微信\nnote14,微信\nnote15,微信\nnote16,微信\nnote17,微信\nnote18,微信\nnote19,微信\nnote20,微信\nnote21,微信\nnote22,微信\nnote23,微信\nnote24,微信\nnote25,微信\nnote26,微信\nnote27,微信\nnote28,微信\nnote29,微信\n日期,类型,金额,收支\n2026-01-05 12:30:00,餐饮,肯德基,午餐,支出,35.50,余额,交易成功\n2026-01-06 09:00:00,工资,公司,一月工资,收入,9000.00,银行卡,交易成功\n2026-01-07 10:00:00,退款,商家,退货,收入,20.00,余额,退款成功\n2026-01-08 10:00:00,其他,x,y,不计收支,5.00,余额,交易成功\n2026-01-09 10:00:00,购物,店,东西,支出,0.00,余额,交易成功\n2026-01-10 10:00:00,购物,店,东西,支出,-15.00,余额,交易成功\ngarbage,购物,店,东西,支出,15.00,余额,交易成功\n2026-01-11 10:00:00,购物,店,东西,支出,abc,余额,交易成功\n2026-01-12 10:00:00,购物,店,东西,支出,15.00,余额,交易关闭\n2026-01-13 10:00:00,购物,店,东西,支出,15.00,余额,\n2026-01-14 10:00:00, 购物 , 店 , 东西 ,支出,15.00, 余额 , 交易成功 \n2026-01-15 10:00:00,购物,店,东西,支出,15.00\n2026-01-16 10:00:00\n,,,,,,,\n   ,  ,  ,  ,  ,  ,  ,  \n\n2026-01-17 10:00:00,"购物,杂项",店,"说,明",支出,"1,234.56",余额,交易成功\n2026-01-18 10:00:00,购物,"店\n二行",东西,支出,15.00,余额,交易成功\n2026-01-19 10:00:00,购物,"说""引号""",东西,收入,15.00,余额,交易成功\n2026-01-20 24:00:00,购物,店,东西,支出,15.00,余额,交易成功\n2026-13-40 10:00:00,购物,店,东西,支出,15.00,余额,交易成功\n2026-01-21 10:00:00,购物,店,东西,支出,15.00,余额,冻结\n2026-01-22 10:00:00,购物,店,东西,支出,15.00,余额,全额退款\n2026-01-23 10:00:00,购物,店,东西,Expense,15.00,余额,交易成功\n2026-01-24 10:00:00,购物,店,东西,收入支出,15.00,余额,交易成功\n2026-01-25 10:00:00,购物,店,东西,支出收入,15.00,余额,交易成功\n2026-01-26 10:00:00,购物,店,东西,"支出,收入",15.00,余额,交易成功\n2026-01-27 10:00:00,购物,店,东西,income expense,15.00,余额,交易成功\n2026-01-28 10:00:00,购物,店,东西,expense income,15.00,余额,交易成功\n2026-01-29 10:00:00,购物,店,东西,退款收入/支出,15.00,余额,交易成功\n
bills	note0,微信\nnote1,微信\nnote2,微信\nnote3,微信\nnote4,微信\nnote5,微信\nnote6,微信\nnote7,微信\nnote8,微信\nnote9,微信\nnote10,微信\nnote11,微信\nnote12,微信\nnote13,微信\nnote14,微信\nnote15,微信\nnote16,微信\nnote17,微信\nnote18,微信\nnote19,微信\nnote20,微信\nnote21,微信\nnote22,微信\nnote23,微信\nnote24,微信\nnote25,微信\nnote26,微信\nnote27,微信\nnote28,微信\nnote29,微信\n日期,类型,金额,收支\n2026-01-05 12:30:00,餐饮,肯德基,午餐,支出,35.50,余额,交易成功\r\n2026-01-06 09:00:00,工资,公司,一月工资,收入,9000.00,银行卡,交易成功\r\n2026-01-07 10:00:00,退款,商家,退货,收入,20.00,余额,退款成功\r\n2026-01-08 10:00:00,其他,x,y,不计收支,5.00,余额,交易成功\r\n2026-01-09 10:00:00,购物,店,东西,支出,0.00,余额,交易成功\r\n2026-01-10 10:00:00,购物,店,东西,支出,-15.00,余额,交易成功\r\ngarbage,购物,店,东西,支出,15.00,余额,交易成功\r\n2026-01-11 10:00:00,购物,店,东西,支出,abc,余额,交易成功\r\n2026-01-12 10:00:00,购物,店,东西,支出,15.00,余额,交易关闭\r\n2026-01-13 10:00:00,购物,店,东西,支出,15.00,余额,\r\n2026-01-14 10:00:00, 购物 , 店 , 东西 ,支出,15.00, 余额 , 交易成功 \r\n2026-01-15 10:00:00,购物,店,东西,支出,15.00\r\n2026-01-16 10:00:00\r\n,,,,,,,\r\n   ,  ,  ,  ,  ,  ,  ,  \r\n\r\n2026-01-17 10:00:00,"购物,杂项",店,"说,明",支出,"1,234.56",余额,交易成功\r\n2026-01-18 10:00:00,购物,"店\n二行",东西,支出,15.00,余额,交易成功\r\n2026-01-19 10:00:00,购物,"说""引号""",东西,收入,15.00,余额,交易成功\r\n2026-01-20 24:00:00,购物,店,东西,支出,15.00,余额,交易成功\r\n2026-13-40 10:00:00,购物,店,东西,支出,15.00,余额,交易成功\r\n2026-01-21 10:00:00,购物,店,东西,支出,15.00,余额,冻结\r\n2026-01-22 10:00:00,购物,店,东西,支出,15.00,余额,全额退款\r\n2026-01-23 10:00:00,购物,店,东西,Expense,15.00,余额,交易成功\r\n2026-01-24 10:00:00,购物,店,东西,收入支出,15.00,余额,交易成功\r\n2026-01-25 10:00:00,购物,店,东西,支出收入,15.00,余额,交易成功\r\n2026-01-26 10:00:00,购物,店,东西,"支出,收入",15.00,余额,交易成功\r\n2026-01-27 10:00:00,购物,店,东西,income expense,15.00,余额,交易成功\r\n2026-01-28 10:00:00,购物,店,东西,expense income,15.00,余额,交易成功\r\n2026-01-29 10:00:00,购物,店,东西,退款收入/支出,15.00,余额,交易成功
header	note0,微信\nnote1,微信\nnote2,微信\nnote3,微信\nnote4,微信\nnote5,微信\nnote6,微信\nnote7,微信\nnote8,微信\nnote9,微信\nnote10,微信\nnote11,微信\nnote12,微信\nnote13,微信\nnote14,微信\nnote15,微信\nnote16,微信\nnote17,微信\nnote18,微信\nnote19,微信\nnote20,微信\nnote21,微信\nnote22,微信\nnote23,微信\nnote24,微信\nnote25,微信\nnote26,微信\nnote27,微信\nnote28,微信\nnote29,微信\n日期,类型,金额,收支\n
bills	note0,微信\nnote1,微信\nnote2,微信\nnote3,微信\nnote4,微信\nnote5,微信\nnote6,微信\nnote7,微信\nnote8,微信\nnote9,微信\nnote10,微信\nnote11,微信\nnote12,微信\nnote13,微信\nnote14,微信\nnote15,微信\nnote16,微信\nnote17,微信\nnote18,微信\nnote19,微信\nnote20,微信\nnote21,微信\nnote22,微信\nnote23,微信\nnote24,微信\nnote25,微信\nnote26,微信\nnote27,微信\nnote28,微信\nnote29,微信\n类型,交易分类,时间,交易时间,金额,收/支\n2026-01-05 12:30:00,餐饮,肯德基,午餐,支出,35.50,余额,交易成功\n
bills	note0,微信\nnote1,微信\nnote2,微信\nnote3,微信\nnote4,微信\nnote5,微信\nnote6,微信\nnote7,微信\nnote8,微信\nnote9,微信\nnote10,微信\nnote11,微信\nnote12,微信\nnote13,微信\nnote14,微信\nnote15,微信\nnote16,微信\nnote17,微信\nnote18,微信\nnote19,微信\nnote20,微信\nnote21,微信\nnote22,微信\nnote23,微信\nnote24,微信\nnote25,微信\nnote26,微信\nnote27,微信\nnote28,微信\nnote29,微信\n类型,交易分类,时间,交易时间,金额,收/支\n2026-01-06 09:00:00,工资,公司,一月工资,收入,9000.00,银行卡,交易成功\n
bills	note0,微信\nnote1,微信\nnote2,微信\nnote3,微信\nnote4,微信\nnote5,微信\nnote6,微信\nnote7,微信\nnote8,微信\nnote9,微信\nnote10,微信\nnote11,微信\nnote12,微信\nnote13,微信\nnote14,微信\nnote15,微信\nnote16,微信\nnote17,微信\nnote18,微信\nnote19,微信\nnote20,微信\nnote21,微信\nnote22,微信\nnote23,微信\nnote24,微信\nnote25,微信\nnote26,微信\nnote27,微信\nnote28,微信\nnote29,微信\n类型,交易分类,时间,交易时间,金额,收/支\n2026-01-07 10:00:00,退款,商家,退货,收入,20.00,余额,退款成功\n
bills	note0,微信\nnote1,微信\nnote2,微信\nnote3,微信\nnote4,微信\nnote5,微信\nnote6,微信\nnote7,微信\nnote8,微信\nnote9,微信\nnote10,微信\nnote11,微信\nnote12,微信\nnote13,微信\nnote14,微信\nnote15,微信\nnote16,微信\nnote17,微信\nnote18,微信\nnote19,微信\nnote20,微信\nnote21,微信\nnote22,微信\nnote23,微信\nnote24,微信\nnote25,微信\nnote26,微信\nnote27,微信\nnote28,微信\nnote29,微信\n类型,交易分类,时间,交易时间,金额,收/支\n2026-01-08 10:00:00,其他,x,y,不计收支,5.00,余额,交易成功\n
bills	note0,微信\nnote1,微信\nnote2,微信\nnote3,微信\nnote4,微信\nnote5,微信\nnote6,微信\nnote7,微信\nnote8,微信\nnote9,微信\nnote10,微信\nnote11,微信\nnote12,微信\nnote13,微信\nnote14,微信\nnote15,微信\nnote16,微信\nnote17,微信\nnote18,微信\nnote19,微信\nnote20,微信\nnote21,微信\nnote22,微信\nnote23,微信\nnote24,微信\nnote25,微信\nnote26,微信\nnote27,微信\nnote28,微信\nnote29,微信\n类型,交易分类,时间,交易时间,金额,收/支\n2026-01-09 10:00:00,购物,店,东西,支出,0.00,余额,交易成功\n
bills	note0,微信\nnote1,微信\nnote2,微信\nnote3,微信\nnote4,微信\nnote5,微信\nnote6,微信\nnote7,微信\nnote8,微信\nnote9,微信\nnote10,微信\nnote11,微信\nnote12,微信\nnote13,微信\nnote14,微信\nnote15,微信\nnote16,微信\nnote17,微信\nnote18,微信\nnote19,微信\nnote20,微信\nnote21,微信\nnote22,微信\nnote23,微信\nnote24,微信\nnote25,微信\nnote26,微信\nnote27,微信\nnote28,微信\nnote29,微信\n类型,交易分类,时间,交易时间,金额,收/支\n2026-01-10 10:00:00,购物,店,东西,支出,-15.00,余额,交易成功\n
bills	note0,微信\nnote1,微信\nnote2,微信\nnote3,微信\nnote4,微信\nnote5,微信\nnote6,微信\nnote7,微信\nnote8,微信\nnote9,微信\nnote10,微信\nnote11,微信\nnote12,微信\nnote13,微信\nnote14,微信\nnote15,微信\nnote16,微信\nnote17,微信\nnote18,微信\nnote19,微信\nnote20,微信\nnote21,微信\nnote22,微信\nnote23,微信\nnote24,微信\nnote25,微信\nnote26,微信\nnote27,微信\nnote28,微信\nnote29,微信\n类型,交易分类,时间,交易时间,金额,收/支\ngarbage,购物,店,东西,支出,15.00,余额,交易成功\n
bills	note0,微信\nnote1,微信\nnote2,微信\nnote3,微信\nnote4,微信\nnote5,微信\nnote6,微信\nnote7,微信\nnote8,微信\nnote9,微信\nnote10,微信\nnote11,微信\nnote12,微信\nnote13,微信\nnote14,微信\nnote15,微信\nnote16,微信\nnote17,微信\nnote18,微信\nnote19,微信\nnote20,微信\nnote21,微信\nnote22,微信\nnote23,微信\nnote24,微信\nnote25,微信\nnote26,微信\nnote27,微信\nnote28,微信\nnote29,微信\n类型,交易分类,时间,交易时间,金额,收/支\n2026-01-11 10:00:00,购物,店,东西,支出,abc,余额,交易成功\n
bills	note0,微信\nnote1,微信\nnote2,微信\nnote3,微信\nnote4,微信\nnote5,微信\nnote6,微信\nnote7,微信\nnote8,微信\nnote9,微信\nnote10,微信\nnote11,微信\nnote12,微信\nnote13,微信\nnote14,微信\nnote15,微信\nnote16,微信\nnote17,微信\nnote18,微信\nnote19,微信\nnote20,微信\nnote21,微信\nnote22,微信\nnote23,微信\nnote24,微信\nnote25,微信\nnote26,微信\nnote27,微信\nnote28,微信\nnote29,微信\n类型,交易分类,时间,交易时间,金额,收/支\n2026-01-12 10:00:00,购物,店,东西,支出,15.00,余额,交易关闭\n
bills	note0,微信\nnote1,微信\nnote2,微信\nnote3,微信\nnote4,微信\nnote5,微信\nnote6,微信\nnote7,微信\nnote8,微信\nnote9,微信\nnote10,微信\nnote11,微信\nnote12,微信\nnote13,微信\nnote14,微信\nnote15,微信\nnote16,微信\nnote17,微信\nnote18,微信\nnote19,微信\nnote20,微信\nnote21,微信\nnote22,微信\nnote23,微信\nnote24,微信\nnote25,微信\nnote26,微信\nnote27,微信\nnote28,微信\nnote29,微信\n类型,交易分类,时间,交易时间,金额,收/支\n2026-01-13 10:00:00,购物,店,东西,支出,15.00,余额,\n
bills	note0,微信\nnote1,微信\nnote2,微信\nnote3,微信\nnote4,微信\nnote5,微信\nnote6,微信\nnote7,微信\nnote8,微信\nnote9,微信\nnote10,微信\nnote11,微信\nnote12,微信\nnote13,微信\nnote14,微信\nnote15,微信\nnote16,微信\nnote17,微信\nnote18,微信\nnote19,微信\nnote20,微信\nnote21,微信\nnote22,微信\nnote23,微信\nnote24,微信\nnote25,微信\nnote26,微信\nnote27,微信\nnote28,微信\nnote29,微信\n类型,交易分类,时间,交易时间,金额,收/支\n2026-01-14 10:00:00, 购物 , 店 , 东西 ,支出,15.00, 余额 , 交易成功 \n
bills	note0,微信\nnote1,微信\nnote2,微信\nnote3,微信\nnote4,微信\nnote5,微信\nnote6,微信\nnote7,微信\nnote8,微信\nnote9,微信\nnote10,微信\nnote11,微信\nnote12,微信\nnote13,微信\nnote14,微信\nnote15,微信\nnote16,微信\nnote17,微信\nnote18,微信\nnote19,微信\nnote20,微信\nnote21,微信\nnote22,微信\nnote23,微信\nnote24,微信\nnote25,微信\nnote26,微信\nnote27,微信\nnote28,微信\nnote29,微信\n类型,交易分类,时间,交易时间,金额,收/支\n2026-01-15 10:00:00,购物,店,东西,支出,15.00\n
bills	note0,微信\nnote1,微信\nnote2,微信\nnote3,微信\nnote4,微信\nnote5,微信\nnote6,微信\nnote7,微信\nnote8,微信\nnote9,微信\nnote10,微信\nnote11,微信\nnote12,微信\nnote13,微信\nnote14,微信\nnote15,微信\nnote16,微信\nnote17,微信\nnote18,微信\nnote19,微信\nnote20,微信\nnote21,微信\nnote22,微信\nnote23,微信\nnote24,微信\nnote25,微信\nnote26,微信\nnote27,微信\nnote28,微信\nnote29,微信\n类型,交易分类,时间,交易时间,金额,收/支\n2026-01-16 10:00:00\n
bills	note0,微信\nnote1,微信\nnote2,微信\nnote3,微信\nnote4,微信\nnote5,微信\nnote6,微信\nnote7,微信\nnote8,微信\nnote9,微信\nnote10,微信\nnote11,微信\nnote12,微信\nnote13,微信\nnote14,微信\nnote15,微信\nnote16,微信\nnote17,微信\nnote18,微信\nnote19,微信\nnote20,微信\nnote21,微信\nnote22,微信\nnote23,微信\nnote24,微信\nnote25,微信\nnote26,微信\nnote27,微信\nnote28,微信\nnote29,微信\n类型,交易分类,时间,交易时间,金额,收/支\n,,,,,,,\n
bills	note0,微信\nnote1,微信\nnote2,微信\nnote3,微信\nnote4,微信\nnote5,微信\nnote6,微信\nnote7,微信\nnote8,微信\nnote9,微信\nnote10,微信\nnote11,微信\nnote12,微信\nnote13,微信\nnote14,微信\nnote15,微信\nnote16,微信\nnote17,微信\nnote18,微信\nnote19,微信\nnote20,微信\nnote21,微信\nnote22,微信\nnote23,微信\nnote24,微信\nnote25,微信\nnote26,微信\nnote27,微信\nnote28,微信\nnote29,微信\n类型,交易分类,时间,交易时间,金额,收/支\n   ,  ,  ,  ,  ,  ,  ,  \n
bills	note0,微信\nnote1,微信\nnote2,微信\nnote3,微信\nnote4,微信\nnote5,微信\nnote6,微信\nnote7,微信\nnote8,微信\nnote9,微信\nnote10,微信\nnote11,微信\nnote12,微信\nnote13,微信\nnote14,微信\nnote15,微信\nnote16,微信\nnote17,微信\nnote18,微信\nnote19,微信\nnote20,微信\nnote21,微信\nnote22,微信\nnote23,微信\nnote24,微信\nnote25,微信\nnote26,微信\nnote27,微信\nnote28,微信\nnote29,微信\n类型,交易分类,时间,交易时间,金额,收/支\n\n
bills	note0,微信\nnote1,微信\nnote2,微信\nnote3,微信\nnote4,微信\nnote5,微信\nnote6,微信\nnote7,微信\nnote8,微信\nnote9,微信\nnote10,微信\nnote11,微信\nnote12,微信\nnote13,微信\nnote14,微信\nnote15,微信\nnote16,微信\nnote17,微信\nnote18,微信\nnote19,微信\nnote20,微信\nnote21,微信\nnote22,微信\nnote23,微信\nnote24,微信\nnote25,微信\nnote26,微信\nnote27,微信\nnote28,微信\nnote29,微信\n类型,交易分类,时间,交易时间,金额,收/支\n2026-01-17 10:00:00,"购物,杂项",店,"说,明",支出,"1,234.56",余额,交易成功\n
bills	note0,微信\nnote1,微信\nnote2,微信\nnote3,微信\nnote4,微信\nnote5,微信\nnote6,微信\nnote7,微信\nnote8,微信\nnote9,微信\nnote10,微信\nnote11,微信\nnote12,微信\nnote13,微信\nnote14,微信\nnote15,微信\nnote16,微信\nnote17,微信\nnote18,微信\nnote19,微信\nnote20,微信\nnote21,微信\nnote22,微信\nnote23,微信\nnote24,微信\nnote25,微信\nnote26,微信\nnote27,微信\nnote28,微信\nnote29,微信\n类型,交易分类,时间,交易时间,金额,收/支\n2026-01-18 10:00:00,购物,"店\n二行",东西,支出,15.00,余额,交易成功\n
bills	note0,微信\nnote1,微信\nnote2,微信\nnote3,微信\nnote4,微信\nnote5,微信\nnote6,微信\nnote7,微信\nnote8,微信\nnote9,微信\nnote10,微信\nnote11,微信\nnote12,微信\nnote13,微信\nnote14,微信\nnote15,微信\nnote16,微信\nnote17,微信\nnote18,微信\nnote19,微信\nnote20,微信\nnote21,微信\nnote22,微信\nnote23,微信\nnote24,微信\nnote25,微信\nnote26,微信\nnote27,微信\nnote28,微信\nnote29,微信\n类型,交易分类,时间,交易时间,金额,收/支\n2026-01-19 10:00:00,购物,"说""引号""",东西,收入,15.00,余额,交易成功\n
bills	note0,微信\nnote1,微信\nnote2,微信\nnote3,微信\nnote4,微信\nnote5,微信\nnote6,微信\nnote7,微信\nnote8,微信\nnote9,微信\nnote10,微信\nnote11,微信\nnote12,微信\nnote13,微信\nnote14,微信\nnote15,微信\nnote16,微信\nnote17,微信\nnote18,微信\nnote19,微信\nnote20,微信\nnote21,微信\nnote22,微信\nnote23,微信\nnote24,微信\nnote25,微信\nnote26,微信\nnote27,微信\nnote28,微信\nnote29,微信\n类型,交易分类,时间,交易时间,金额,收/支\n2026-01-20 24:00:00,购物,店,东西,支出,15.00,余额,交易成功\n
bills	note0,微信\nnote1,微信\nnote2,微信\nnote3,微信\nnote4,微信\nnote5,微信\nnote6,微信\nnote7,微信\nnote8,微信\nnote9,微信\nnote10,微信\nnote11,微信\nnote12,微信\nnote13,微信\nnote14,微信\nnote15,微信\nnote16,微信\nnote17,微信\nnote18,微信\nnote19,微信\nnote20,微信\nnote21,微信\nnote22,微信\nnote23,微信\nnote24,微信\nnote25,微信\nnote26,微信\nnote27,微信\nnote28,微信\nnote29,微信\n类型,交易分类,时间,交易时间,金额,收/支\n2026-13-40 10:00:00,购物,店,东西,支出,15.00,余额,交易成功\n
bills	note0,微信\nnote1,微信\nnote2,微信\nnote3,微信\nnote4,微信\nnote5,微信\nnote6,微信\nnote7,微信\nnote8,微信\nnote9,微信\nnote10,微信\nnote11,微信\nnote12,微信\nnote13,微信\nnote14,微信\nnote15,微信\nnote16,微信\nnote17,微信\nnote18,微信\nnote19,微信\nnote20,微信\nnote21,微信\nnote22,微信\nnote23,微信\nnote24,微信\nnote25,微信\nnote26,微信\nnote27,微信\nnote28,微信\nnote29,微信\n类型,交易分类,时间,交易时间,金额,收/支\n2026-01-21 10:00:00,购物,店,东西,支出,15.00,余额,冻结\n
bills	note0,微信\nnote1,微信\nnote2,微信\nnote3,微信\nnote4,微信\nnote5,微信\nnote6,微信\nnote7,微信\nnote8,微信\nnote9,微信\nnote10,微信\nnote11,微信\nnote12,微信\nnote13,微信\nnote14,微信\nnote15,微信\nnote16,微信\nnote17,微信\nnote18,微信\nnote19,微信\nnote20,微信\nnote21,微信\nnote22,微信\nnote23,微信\nnote24,微信\nnote25,微信\nnote26,微信\nnote27,微信\nnote28,微信\nnote29,微信\n类型,交易分类,时间,交易时间,金额,收/支\n2026-01-22 10:00:00,购物,店,东西,支出,15.00,余额,全额退款\n
bills	note0,微信\nnote1,微信\nnote2,微信\nnote3,微信\nnote4,微信\nnote5,微信\nnote6,微信\nnote7,微信\nnote8,微信\nnote9,微信\nnote10,微信\nnote11,微信\nnote12,微信\nnote13,微信\nnote14,微信\nnote15,微信\nnote16,微信\nnote17,微信\nnote18,微信\nnote19,微信\nnote20,微信\nnote21,微信\nnote22,微信\nnote23,微信\nnote24,微信\nnote25,微信\nnote26,微信\nnote27,微信\nnote28,微信\nnote29,微信\n类型,交易分类,时间,交易时间,金额,收/支\n2026-01-23 10:00:00,购物,店,东西,Expense,15.00,余额,交易成功\n
bills	note0,微信\nnote1,微信\nnote2,微信\nnote3,微信\nnote4,微信\nnote5,微信\nnote6,微信\nnote7,微信\nnote8,微信\nnote9,微信\nnote10,微信\nnote11,微信\nnote12,微信\nnote13,微信\nnote14,微信\nnote15,微信\nnote16,微信\nnote17,微信\nnote18,微信\nnote19,微信\nnote20,微信\nnote21,微信\nnote22,微信\nnote23,微信\nnote24,微信\nnote25,微信\nnote26,微信\nnote27,微信\nnote28,微信\nnote29,微信\n类型,交易分类,时间,交易时间,金额,收/支\n2026-01-24 10:00:00,购物,店,东西,收入支出,15.00,余额,交易成功\n
bills	note0,微信\nnote1,微信\nnote2,微信\nnote3,微信\nnote4,微信\nnote5,微信\nnote6,微信\nnote7,微信\nnote8,微信\nnote9,微信\nnote10,微信\nnote11,微信\nnote12,微信\nnote13,微信\nnote14,微信\nnote15,微信\nnote16,微信\nnote17,微信\nnote18,微信\nnote19,微信\nnote20,微信\nnote21,微信\nnote22,微信\nnote23,微信\nnote24,微信\nnote25,微信\nnote26,微信\nnote27,微信\nnote28,微信\nnote29,微信\n类型,交易分类,时间,交易时间,金额,收/支\n2026-01-25 10:00:00,购物,店,东西,支出收入,15.00,余额,交易成功\n
bills	note0,微信\nnote1,微信\nnote2,微信\nnote3,微信\nnote4,微信\nnote5,微信\nnote6,微信\nnote7,微信\nnote8,微信\nnote9,微信\nnote10,微信\nnote11,微信\nnote12,微信\nnote13,微信\nnote14,微信\nnote15,微信\nnote16,微信\nnote17,微信\nnote18,微信\nnote19,微信\nnote20,微信\nnote21,微信\nnote22,微信\nnote23,微信\nnote24,微信\nnote25,微信\nnote26,微信\nnote27,微信\nnote28,微信\nnote29,微信\n类型,交易分类,时间,交易时间,金额,收/支\n2026-01-26 10:00:00,购物,店,东西,"支出,收入",15.00,余额,交易成功\n
bills	note0,微信\nnote1,微信\nnote2,微信\nnote3,微信\nnote4,微信\nnote5,微信\nnote6,微信\nnote7,微信\nnote8,微信\nnote9,微信\nnote10,微信\nnote11,微信\nnote12,微信\nnote13,微信\nnote14,微信\nnote15,微信\nnote16,微信\nnote17,微信\nnote18,微信\nnote19,微信\nnote20,微信\nnote21,微信\nnote22,微信\nnote23,微信\nnote24,微信\nnote25,微信\nnote26,微信\nnote27,微信\nnote28,微信\nnote29,微信\n类型,交易分类,时间,交易时间,金额,收/支\n2026-01-27 10:00:00,购物,店,东西,income expense,15.00,余额,交易成功\n
bills	note0,微信\nnote1,微信\nnote2,微信\nnote3,微信\nnote4,微信\nnote5,微信\nnote6,微信\nnote7,微信\nnote8,微信\nnote9,微信\nnote10,微信\nnote11,微信\nnote12,微信\nnote13,微信\nnote14,微信\nnote15,微信\nnote16,微信\nnote17,微信\nnote18,微信\nnote19,微信\nnote20,微信\nnote21,微信\nnote22,微信\nnote23,微信\nnote24,微信\nnote25,微信\nnote26,微信\nnote27,微信\nnote28,微信\nnote29,微信\n类型,交易分类,时间,交易时间,金额,收/支\n2026-01-28 10:00:00,购物,店,东西,expense income,15.00,余额,交易成功\n
bills	note0,微信\nnote1,微信\nnote2,微信\nnote3,微信\nnote4,微信\nnote5,微信\nnote6,微信\nnote7,微信\nnote8,微信\nnote9,微信\nnote10,微信\nnote11,微信\nnote12,微信\nnote13,微信\nnote14,微信\nnote15,微信\nnote16,微信\nnote17,微信\nnote18,微信\nnote19,微信\nnote20,微信\nnote21,微信\nnote22,微信\nnote23,微信\nnote24,微信\nnote25,微信\nnote26,微信\nnote27,微信\nnote28,微信\nnote29,微信\n类型,交易分类,时间,交易时间,金额,收/支\n2026-01-29 10:00:00,购物,店,东西,退款收入/支出,15.00,余额,交易成功\n
bills	note0,微信\nnote1,微信\nnote2,微信\nnote3,微信\nnote4,微信\nnote5,微信\nnote6,微信\nnote7,微信\nnote8,微信\nnote9,微信\nnote10,微信\nnote11,微信\nnote12,微信\nnote13,微信\nnote14,微信\nnote15,微信\nnote16,微信\nnote17,微信\nnote18,微信\nnote19,微信\nnote20,微信\nnote21,微信\nnote22,微信\nnote23,微信\nnote24,微信\nnote25,微信\nnote26,微信\nnote27,微信\nnote28,微信\nnote29,微信\n类型,交易分类,时间,交易时间,金额,收/支\n2026-01-05 12:30:00,餐饮,肯德基,午餐,支出,35.50,余额,交易成功\n2026-01-06 09:00:00,工资,公司,一月工资,收入,9000.00,银行卡,交易成功\n2026-01-07 10:00:00,退款,商家,退货,收入,20.00,余额,退款成功\n2026-01-08 10:00:00,其他,x,y,不计收支,5.00,余额,交易成功\n2026-01-09 10:00:00,购物,店,东西,支出,0.00,余额,交易成功\n2026-01-10 10:00:00,购物,店,东西,支出,-15.00,余额,交易成功\ngarbage,购物,店,东西,支出,15.00,余额,交易成功\n2026-01-11 10:00:00,购物,店,东西,支出,abc,余额,交易成功\n2026-01-12 10:00:00,购物,店,东西,支出,15.00,余额,交易关闭\n2026-01-13 10:00:00,购物,店,东西,支出,15.00,余额,\n2026-01-14 10:00:00, 购物 , 店 , 东西 ,支出,15.00, 余额 , 交易成功 \n2026-01-15 10:00:00,购物,店,东西,支出,15.00\n2026-01-16 10:00:00\n,,,,,,,\n   ,  ,  ,  ,  ,  ,  ,  \n\n2026-01-17 10:00:00,"购物,杂项",店,"说,明",支出,"1,234.56",余额,交易成功\n2026-01-18 10:00:00,购物,"店\n二行",东西,支出,15.00,余额,交易成功\n2026-01-19 10:00:00,购物,"说""引号""",东西,收入,15.00,余额,交易成功\n2026-01-20 24:00:00,购物,店,东西,支出,15.00,余额,交易成功\n2026-13-40 10:00:00,购物,店,东西,支出,15.00,余额,交易成功\n2026-01-21 10:00:00,购物,店,东西,支出,15.00,余额,冻结\n2026-01-22 10:00:00,购物,店,东西,支出,15.00,余额,全额退款\n2026-01-23 10:00:00,购物,店,东西,Expense,15.00,余额,交易成功\n2026-01-24 10:00:00,购物,店,东西,收入支出,15.00,余额,交易成功\n2026-01-25 10:00:00,购物,店,东西,支出收入,15.00,余额,交易成功\n2026-01-26 10:00:00,购物,店,东西,"支出,收入",15.00,余额,交易成功\n2026-01-27 10:00:00,购物,店,东西,income expense,15.00,余额,交易成功\n2026-01-28 10:00:00,购物,店,东西,expense income,15.00,余额,交易成功\n2026-01-29 10:00:00,购物,店,东西,退款收入/支出,15.00,余额,交易成功\n
bills	note0,微信\nnote1,微信\nnote2,微信\nnote3,微信\nnote4,微信\nnote5,微信\nnote6,微信\nnote7,微信\nnote8,微信\nnote9,微信\nnote10,微信\nnote11,微信\nnote12,微信\nnote13,微信\nnote14,微信\nnote15,微信\nnote16,微信\nnote17,微信\nnote18,微信\nnote19,微信\nnote20,微信\nnote21,微信\nnote22,微信\nnote23,微信\nnote24,微信\nnote25,微信\nnote26,微信\nnote27,微信\nnote28,微信\nnote29,微信\n类型,交易分类,时间,交易时间,金额,收/支\n2026-01-05 12:30:00,餐饮,肯德基,午餐,支出,35.50,余额,交易成功\r\n2026-01-06 09:00:00,工资,公司,一月工资,收入,9000.00,银行卡,交易成功\r\n2026-01-07 10:00:00,退款,商家,退货,收入,20.00,余额,退款成功\r\n2026-01-08 10:00:00,其他,x,y,不计收支,5.00,余额,交易成功\r\n2026-01-09 10:00:00,购物,店,东西,支出,0.00,余额,交易成功\r\n2026-01-10 10:00:00,购物,店,东西,支出,-15.00,余额,交易成功\r\ngarbage,购物,店,东西,支出,15.00,余额,交易成功\r\n2026-01-11 10:00:00,购物,店,东西,支出,abc,余额,交易成功\r\n2026-01-12 10:00:00,购物,店,东西,支出,15.00,余额,交易关闭\r\n2026-01-13 10:00:00,购物,店,东西,支出,15.00,余额,\r\n2026-01-14 10:00:00, 购物 , 店 , 东西 ,支出,15.00, 余额 , 交易成功 \r\n2026-01-15 10:00:00,购物,店,东西,支出,15.00\r\n2026-01-16 10:00:00\r\n,,,,,,,\r\n   ,  ,  ,  ,  ,  ,  ,  \r\n\r\n2026-01-17 10:00:00,"购物,杂项",店,"说,明",支出,"1,234.56",余额,交易成功\r\n2026-01-18 10:00:00,购物,"店\n二行",东西,支出,15.00,余额,交易成功\r\n2026-01-19 10:00:00,购物,"说""引号""",东西,收入,15.00,余额,交易成功\r\n2026-01-20 24:00:00,购物,店,东西,支出,15.00,余额,交易成功\r\n2026-13-40 10:00:00,购物,店,东西,支出,15.00,余额,交易成功\r\n2026-01-21 10:00:00,购物,店,东西,支出,15.00,余额,冻结\r\n2026-01-22 10:00:00,购物,店,东西,支出,15.00,余额,全额退款\r\n2026-01-23 10:00:00,购物,店,东西,Expense,15.00,余额,交易成功\r\n2026-01-24 10:00:00,购物,店,东西,收入支出,15.00,余额,交易成功\r\n2026-01-25 10:00:00,购物,店,东西,支出收入,15.00,余额,交易成功\r\n2026-01-26 10:00:00,购物,店,东西,"支出,收入",15.00,余额,交易成功\r\n2026-01-27 10:00:00,购物,店,东西,income expense,15.00,余额,交易成功\r\n2026-01-28 10:00:00,购物,店,东西,expense income,15.00,余额,交易成功\r\n2026-01-29 10:00:00,购物,店,东西,退款收入/支出,15.00,余额,交易成功
header	note0,微信\nnote1,微信\nnote2,微信\nnote3,微信\nnote4,微信\nnote5,微信\nnote6,微信\nnote7,微信\nnote8,微信\nnote9,微信\nnote10,微信\nnote11,微信\nnote12,微信\nnote13,微信\nnote14,微信\nnote15,微信\nnote16,微信\nnote17,微信\nnote18,微信\nnote19,微信\nnote20,微信\nnote21,微信\nnote22,微信\nnote23,微信\nnote24,微信\nnote25,微信\nnote26,微信\nnote27,微信\nnote28,微信\nnote29,微信\n类型,交易分类,时间,交易时间,金额,收/支\n
bills	note0,微信\nnote1,微信\nnote2,微信\nnote3,微信\nnote4,微信\nnote5,微信\nnote6,微信\nnote7,微信\nnote8,微信\nnote9,微信\nnote10,微信\nnote11,微信\nnote12,微信\nnote13,微信\nnote14,微信\nnote15,微信\nnote16,微信\nnote17,微信\nnote18,微信\nnote19,微信\nnote20,微信\nnote21,微信\nnote22,微信\nnote23,微信\nnote24,微信\nnote25,微信\nnote26,微信\nnote27,微信\nnote28,微信\nnote29,微信\n交易时间,金额\n2026-01-05 12:30:00,餐饮,肯德基,午餐,支出,35.50,余额,交易成功\n
bills	note0,微信\nnote1,微信\nnote2,微信\nnote3,微信\nnote4,微信\nnote5,微信\nnote6,微信\nnote7,微信\nnote8,微信\nnote9,微信\nnote10,微信\nnote11,微信\nnote12,微信\nnote13,微信\nnote14,微信\nnote15,微信\nnote16,微信\nnote17,微信\nnote18,微信\nnote19,微信\nnote20,微信\nnote21,微信\nnote22,微信\nnote23,微信\nnote24,微信\nnote25,微信\nnote26,微信\nnote27,微信\nnote28,微信\nnote29,微信\n交易时间,金额\n2026-01-06 09:00:00,工资,公司,一月工资,收入,9000.00,银行卡,交易成功\n
bills	note0,微信\nnote1,微信\nnote2,微信\nnote3,微信\nnote4,微信\nnote5,微信\nnote6,微信\nnote7,微信\nnote8,微信\nnote9,微信\nnote10,微信\nnote11,微信\nnote12,微信\nnote13,微信\nnote14,微信\nnote15,微信\nnote16,微信\nnote17,微信\nnote18,微信\nnote19,微信\nnote20,微信\nnote21,微信\nnote22,微信\nnote23,微信\nnote24,微信\nnote25,微信\nnote26,微信\nnote27,微信\nnote28,微信\nnote29,微信\n交易时间,金额\n2026-01-07 10:00:00,退款,商家,退货,收入,20.00,余额,退款成功\n
bills	note0,微信\nnote1,微信\nnote2,微信\nnote3,微信\nnote4,微信\nnote5,微信\nnote6,微信\nnote7,微信\nnote8,微信\nnote9,微信\nnote10,微信\nnote11,微信\nnote12,微信\nnote13,微信\nnote14,微信\nnote15,微信\nnote16,微信\nnote17,微信\nnote18,微信\nnote19,微信\nnote20,微信\nnote21,微信\nnote22,微信\nnote23,微信\nnote24,微信\nnote25,微信\nnote26,微信\nnote27,微信\nnote28,微信\nnote29,微信\n交易时间,金额\n2026-01-08 10:00:00,其他,x,y,不计收支,5.00,余额,交易成功\n
bills	note0,微信\nnote1,微信\nnote2,微信\nnote3,微信\nnote4,微信\nnote5,微信\nnote6,微信\nnote7,微信\nnote8,微信\nnote9,微信\nnote10,微信\nnote11,微信\nnote12,微信\nnote13,微信\nnote14,微信\nnote15,微信\nnote16,微信\nnote17,微信\nnote18,微信\nnote19,微信\nnote20,微信\nnote21,微信\nnote22,微信\nnote23,微信\nnote24,微信\nnote25,微信\nnote26,微信\nnote27,微信\nnote28,微信\nnote29,微信\n交易时间,金额\n2026-01-09 10:00:00,购物,店,东西,支出,0.00,余额,交易成功\n
bills	note0,微信\nnote1,微信\nnote2,微信\nnote3,微信\nnote4,微信\nnote5,微信\nnote6,微信\nnote7,微信\nnote8,微信\nnote9,微信\nnote10,微信\nnote11,微信\nnote12,微信\nnote13,微信\nnote14,微信\nnote15,微信\nnote16,微信\nnote17,微信\nnote18,微信\nnote19,微信\nnote20,微信\nnote21,微信\nnote22,微信\nnote23,微信\nnote24,微信\nnote25,微信\nnote26,微信\nnote27,微信\nnote28,微信\nnote29,微信\n交易时间,金额\n2026-01-10 10:00:00,购物,店,东西,支出,-15.00,余额,交易成功\n
bills	note0,微信\nnote1,微信\nnote2,微信\nnote3,微信\nnote4,微信\nnote5,微信\nnote6,微信\nnote7,微信\nnote8,微信\nnote9,微信\nnote10,微信\nnote11,微信\nnote12,微信\nnote13,微信\nnote14,微信\nnote15,微信\nnote16,微信\nnote17,微信\nnote18,微信\nnote19,微信\nnote20,微信\nnote21,微信\nnote22,微信\nnote23,微信\nnote24,微信\nnote25,微信\nnote26,微信\nnote27,微信\nnote28,微信\nnote29,微信\n交易时间,金额\ngarbage,购物,店,东西,支出,15.00,余额,交易成功\n
bills	note0,微信\nnote1,微信\nnote2,微信\nnote3,微信\nnote4,微信\nnote5,微信\nnote6,微信\nnote7,微信\nnote8,微信\nnote9,微信\nnote10,微信\nnote11,微信\nnote12,微信\nnote13,微信\nnote14,微信\nnote15,微信\nnote16,微信\nnote17,微信\nnote18,微信\nnote19,微信\nnote20,微信\nnote21,微信\nnote22,微信\nnote23,微信\nnote24,微信\nnote25,微信\nnote26,微信\nnote27,微信\nnote28,微信\nnote29,微信\n交易时间,金额\n2026-01-11 10:00:00,购物,店,东西,支出,abc,余额,交易成功\n
bills	note0,微信\nnote1,微信\nnote2,微信\nnote3,微信\nnote4,微信\nnote5,微信\nnote6,微信\nnote7,微信\nnote8,微信\nnote9,微信\nnote10,微信\nnote11,微信\nnote12,微信\nnote13,微信\nnote14,微信\nnote15,微信\nnote16,微信\nnote17,微信\nnote18,微信\nnote19,微信\nnote20,微信\nnote21,微信\nnote22,微信\nnote23,微信\nnote24,微信\nnote25,微信\nnote26,微信\nnote27,微信\nnote28,微信\nnote29,微信\n交易时间,金额\n2026-01-12 10:00:00,购物,店,东西,支出,15.00,余额,交易关闭\n
bills	note0,微信\nnote1,微信\nnote2,微信\nnote3,微信\nnote4,微信\nnote5,微信\nnote6,微信\nnote7,微信\nnote8,微信\nnote9,微信\nnote10,微信\nnote11,微信\nnote12,微信\nnote13,微信\nnote14,微信\nnote15,微信\nnote16,微信\nnote17,微信\nnote18,微信\nnote19,微信\nnote20,微信\nnote21,微信\nnote22,微信\nnote23,微信\nnote24,微信\nnote25,微信\nnote26,微信\nnote27,微信\nnote28,微信\nnote29,微信\n交易时间,金额\n2026-01-13 10:00:00,购物,店,东西,支出,15.00,余额,\n
bills	note0,微信\nnote1,微信\nnote2,微信\nnote3,微信\nnote4,微信\nnote5,微信\nnote6,微信\nnote7,微信\nnote8,微信\nnote9,微信\nnote10,微信\nnote11,微信\nnote12,微信\nnote13,微信\nnote14,微信\nnote15,微信\nnote16,微信\nnote17,微信\nnote18,微信\nnote19,微信\nnote20,微信\nnote21,微信\nnote22,微信\nnote23,微信\nnote24,微信\nnote25,微信\nnote26,微信\nnote27,微信\nnote28,微信\nnote29,微信\n交易时间,金额\n2026-01-14 10:00:00, 购物 , 店 , 东西 ,支出,15.00, 余额 , 交易成功 \n
bills	note0,微信\nnote1,微信\nnote2,微信\nnote3,微信\nnote4,微信\nnote5,微信\nnote6,微信\nnote7,微信\nnote8,微信\nnote9,微信\nnote10,微信\nnote11,微信\nnote12,微信\nnote13,微信\nnote14,微信\nnote15,微信\nnote16,微信\nnote17,微信\nnote18,微信\nnote19,微信\nnote20,微信\nnote21,微信\nnote22,微信\nnote23,微信\nnote24,微信\nnote25,微信\nnote26,微信\nnote27,微信\nnote28,微信\nnote29,微信\n交易时间,金额\n2026-01-15 10:00:00,购物,店,东西,支出,15.00\n
bills	note0,微信\nnote1,微信\nnote2,微信\nnote3,微信\nnote4,微信\nnote5,微信\nnote6,微信\nnote7,微信\nnote8,微信\nnote9,微信\nnote10,微信\nnote11,微信\nnote12,微信\nnote13,微信\nnote14,微信\nnote15,微信\nnote16,微信\nnote17,微信\nnote18,微信\nnote19,微信\nnote20,微信\nnote21,微信\nnote22,微信\nnote23,微信\nnote24,微信\nnote25,微信\nnote26,微信\nnote27,微信\nnote28,微信\nnote29,微信\n交易时间,金额\n2026-01-16 10:00:00\n
bills	note0,微信\nnote1,微信\nnote2,微信\nnote3,微信\nnote4,微信\nnote5,微信\nnote6,微信\nnote7,微信\nnote8,微信\nnote9,微信\nnote10,微信\nnote11,微信\nnote12,微信\nnote13,微信\nnote14,微信\nnote15,微信\nnote16,微信\nnote17,微信\nnote18,微信\nnote19,微信\nnote20,微信\nnote21,微信\nnote22,微信\nnote23,微信\nnote24,微信\nnote25,微信\nnote26,微信\nnote27,微信\nnote28,微信\nnote29,微信\n交易时间,金额\n,,,,,,,\n
bills	note0,微信\nnote1,微信\nnote2,微信\nnote3,微信\nnote4,微信\nnote5,微信\nnote6,微信\nnote7,微信\nnote8,微信\nnote9,微信\nnote10,微信\nnote11,微信\nnote12,微信\nnote13,微信\nnote14,微信\nnote15,微信\nnote16,微信\nnote17,微信\nnote18,微信\nnote19,微信\nnote20,微信\nnote21,微信\nnote22,微信\nnote23,微信\nnote24,微信\nnote25,微信\nnote26,微信\nnote27,微信\nnote28,微信\nnote29,微信\n交易时间,金额\n   ,  ,  ,  ,  ,  ,  ,  \n
bills	note0,微信\nnote1,微信\nnote2,微信\nnote3,微信\nnote4,微信\nnote5,微信\nnote6,微信\nnote7,微信\nnote8,微信\nnote9,微信\nnote10,微信\nnote11,微信\nnote12,微信\nnote13,微信\nnote14,微信\nnote15,微信\nnote16,微信\nnote17,微信\nnote18,微信\nnote19,微信\nnote20,微信\nnote21,微信\nnote22,微信\nnote23,微信\nnote24,微信\nnote25,微信\nnote26,微信\nnote27,微信\nnote28,微信\nnote29,微信\n交易时间,金额\n\n
bills	note0,微信\nnote1,微信\nnote2,微信\nnote3,微信\nnote4,微信\nnote5,微信\nnote6,微信\nnote7,微信\nnote8,微信\nnote9,微信\nnote10,微信\nnote11,微信\nnote12,微信\nnote13,微信\nnote14,微信\nnote15,微信\nnote16,微信\nnote17,微信\nnote18,微信\nnote19,微信\nnote20,微信\nnote21,微信\nnote22,微信\nnote23,微信\nnote24,微信\nnote25,微信\nnote26,微信\nnote27,微信\nnote28,微信\nnote29,微信\n交易时间,金额\n2026-01-17 10:00:00,"购物,杂项",店,"说,明",支出,"1,234.56",余额,交易成功\n
bills	note0,微信\nnote1,微信\nnote2,微信\nnote3,微信\nnote4,微信\nnote5,微信\nnote6,微信\nnote7,微信\nnote8,微信\nnote9,微信\nnote10,微信\nnote11,微信\nnote12,微信\nnote13,微信\nnote14,微信\nnote15,微信\nnote16,微信\nnote17,微信\nnote18,微信\nnote19,微信\nnote20,微信\nnote21,微信\nnote22,微信\nnote23,微信\nnote24,微信\nnote25,微信\nnote26,微信\nnote27,微信\nnote28,微信\nnote29,微信\n交易时间,金额\n2026-01-18 10:00:00,购物,"店\n二行",东西,支出,15.00,余额,交易成功\n
bills	note0,微信\nnote1,微信\nnote2,微信\nnote3,微信\nnote4,微信\nnote5,微信\nnote6,微信\nnote7,微信\nnote8,微信\nnote9,微信\nnote10,微信\nnote11,微信\nnote12,微信\nnote13,微信\nnote14,微信\nnote15,微信\nnote16,微信\nnote17,微信\nnote18,微信\nnote19,微信\nnote20,微信\nnote21,微信\nnote22,微信\nnote23,微信\nnote24,微信\nnote25,微信\nnote26,微信\nnote27,微信\nnote28,微信\nnote29,微信\n交易时间,金额\n2026-01-19 10:00:00,购物,"说""引号""",东西,收入,15.00,余额,交易成功\n
bills	note0,微信\nnote1,微信\nnote2,微信\nnote3,微信\nnote4,微信\nnote5,微信\nnote6,微信\nnote7,微信\nnote8,微信\nnote9,微信\nnote10,微信\nnote11,微信\nnote12,微信\nnote13,微信\nnote14,微信\nnote15,微信\nnote16,微信\nnote17,微信\nnote18,微信\nnote19,微信\nnote20,微信\nnote21,微信\nnote22,微信\nnote23,微信\nnote24,微信\nnote25,微信\nnote26,微信\nnote27,微信\nnote28,微信\nnote29,微信\n交易时间,金额\n2026-01-20 24:00:00,购物,店,东西,支出,15.00,余额,交易成功\n
bills	note0,微信\nnote1,微信\nnote2,微信\nnote3,微信\nnote4,微信\nnote5,微信\nnote6,微信\nnote7,微信\nnote8,微信\nnote9,微信\nnote10,微信\nnote11,微信\nnote12,微信\nnote13,微信\nnote14,微信\nnote15,微信\nnote16,微信\nnote17,微信\nnote18,微信\nnote19,微信\nnote20,微信\nnote21,微信\nnote22,微信\nnote23,微信\nnote24,微信\nnote25,微信\nnote26,微信\nnote27,微信\nnote28,微信\nnote29,微信\n交易时间,金额\n2026-13-40 10:00:00,购物,店,东西,支出,15.00,余额,交易成功\n
bills	note0,微信\nnote1,微信\nnote2,微信\nnote3,微信\nnote4,微信\nnote5,微信\nnote6,微信\nnote7,微信\nnote8,微信\nnote9,微信\nnote10,微信\nnote11,微信\nnote12,微信\nnote13,微信\nnote14,微信\nnote15,微信\nnote16,微信\nnote17,微信\nnote18,微信\nnote19,微信\nnote20,微信\nnote21,微信\nnote22,微信\nnote23,微信\nnote24,微信\nnote25,微信\nnote26,微信\nnote27,微信\nnote28,微信\nnote29,微信\n交易时间,金额\n2026-01-21 10:00:00,购物,店,东西,支出,15.00,余额,冻结\n
bills	note0,微信\nnote1,微信\nnote2,微信\nnote3,微信\nnote4,微信\nnote5,微信\nnote6,微信\nnote7,微信\nnote8,微信\nnote9,微信\nnote10,微信\nnote11,微信\nnote12,微信\nnote13,微信\nnote14,微信\nnote15,微信\nnote16,微信\nnote17,微信\nnote18,微信\nnote19,微信\nnote20,微信\nnote21,微信\nnote22,微信\nnote23,微信\nnote24,微信\nnote25,微信\nnote26,微信\nnote27,微信\nnote28,微信\nnote29,微信\n交易时间,金额\n2026-01-22 10:00:00,购物,店,东西,支出,15.00,余额,全额退款\n
bills	note0,微信\nnote1,微信\nnote2,微信\nnote3,微信\nnote4,微信\nnote5,微信\nnote6,微信\nnote7,微信\nnote8,微信\nnote9,微信\nnote10,微信\nnote11,微信\nnote12,微信\nnote13,微信\nnote14,微信\nnote15,微信\nnote16,微信\nnote17,微信\nnote18,微信\nnote19,微信\nnote20,微信\nnote21,微信\nnote22,微信\nnote23,微信\nnote24,微信\nnote25,微信\nnote26,微信\nnote27,微信\nnote28,微信\nnote29,微信\n交易时间,金额\n2026-01-23 10:00:00,购物,店,东西,Expense,15.00,余额,交易成功\n
bills	note0,微信\nnote1,微信\nnote2,微信\nnote3,微信\nnote4,微信\nnote5,微信\nnote6,微信\nnote7,微信\nnote8,微信\nnote9,微信\nnote10,微信\nnote11,微信\nnote12,微信\nnote13,微信\nnote14,微信\nnote15,微信\nnote16,微信\nnote17,微信\nnote18,微信\nnote19,微信\nnote20,微信\nnote21,微信\nnote22,微信\nnote23,微信\nnote24,微信\nnote25,微信\nnote26,微信\nnote27,微信\nnote28,微信\nnote29,微信\n交易时间,金额\n2026-01-24 10:00:00,购物,店,东西,收入支出,15.00,余额,交易成功\n
bills	note0,微信\nnote1,微信\nnote2,微信\nnote3,微信\nnote4,微信\nnote5,微信\nnote6,微信\nnote7,微信\nnote8,微信\nnote9,微信\nnote10,微信\nnote11,微信\nnote12,微信\nnote13,微信\nnote14,微信\nnote15,微信\nnote16,微信\nnote17,微信\nnote18,微信\nnote19,微信\nnote20,微信\nnote21,微信\nnote22,微信\nnote23,微信\nnote24,微信\nnote25,微信\nnote26,微信\nnote27,微信\nnote28,微信\nnote29,微信\n交易时间,金额\n2026-01-25 10:00:00,购物,店,东西,支出收入,15.00,余额,交易成功\n
bills	note0,微信\nnote1,微信\nnote2,微信\nnote3,微信\nnote4,微信\nnote5,微信\nnote6,微信\nnote7,微信\nnote8,微信\nnote9,微信\nnote10,微信\nnote11,微信\nnote12,微信\nnote13,微信\nnote14,微信\nnote15,微信\nnote16,微信\nnote17,微信\nnote18,微信\nnote19,微信\nnote20,微信\nnote21,微信\nnote22,微信\nnote23,微信\nnote24,微信\nnote25,微信\nnote26,微信\nnote27,微信\nnote28,微信\nnote29,微信\n交易时间,金额\n2026-01-26 10:00:00,购物,店,东西,"支出,收入",15.00,余额,交易成功\n
bills	note0,微信\nnote1,微信\nnote2,微信\nnote3,微信\nnote4,微信\nnote5,微信\nnote6,微信\nnote7,微信\nnote8,微信\nnote9,微信\nnote10,微信\nnote11,微信\nnote12,微信\nnote13,微信\nnote14,微信\nnote15,微信\nnote16,微信\nnote17,微信\nnote18,微信\nnote19,微信\nnote20,微信\nnote21,微信\nnote22,微信\nnote23,微信\nnote24,微信\nnote25,微信\nnote26,微信\nnote27,微信\nnote28,微信\nnote29,微信\n交易时间,金额\n2026-01-27 10:00:00,购物,店,东西,income expense,15.00,余额,交易成功\n
bills	note0,微信\nnote1,微信\nnote2,微信\nnote3,微信\nnote4,微信\nnote5,微信\nnote6,微信\nnote7,微信\nnote8,微信\nnote9,微信\nnote10,微信\nnote11,微信\nnote12,微信\nnote13,微信\nnote14,微信\nnote15,微信\nnote16,微信\nnote17,微信\nnote18,微信\nnote19,微信\nnote20,微信\nnote21,微信\nnote22,微信\nnote23,微信\nnote24,微信\nnote25,微信\nnote26,微信\nnote27,微信\nnote28,微信\nnote29,微信\n交易时间,金额\n2026-01-28 10:00:00,购物,店,东西,expense income,15.00,余额,交易成功\n
bills	note0,微信\nnote1,微信\nnote2,微信\nnote3,微信\nnote4,微信\nnote5,微信\nnote6,微信\nnote7,微信\nnote8,微信\nnote9,微信\nnote10,微信\nnote11,微信\nnote12,微信\nnote13,微信\nnote14,微信\nnote15,微信\nnote16,微信\nnote17,微信\nnote18,微信\nnote19,微信\nnote20,微信\nnote21,微信\nnote22,微信\nnote23,微信\nnote24,微信\nnote25,微信\nnote26,微信\nnote27,微信\nnote28,微信\nnote29,微信\n交易时间,金额\n2026-01-29 10:00:00,购物,店,东西,退款收入/支出,15.00,余额,交易成功\n
bills	note0,微信\nnote1,微信\nnote2,微信\nnote3,微信\nnote4,微信\nnote5,微信\nnote6,微信\nnote7,微信\nnote8,微信\nnote9,微信\nnote10,微信\nnote11,微信\nnote12,微信\nnote13,微信\nnote14,微信\nnote15,微信\nnote16,微信\nnote17,微信\nnote18,微信\nnote19,微信\nnote20,微信\nnote21,微信\nnote22,微信\nnote23,微信\nnote24,微信\nnote25,微信\nnote26,微信\nnote27,微信\nnote28,微信\nnote29,微信\n交易时间,金额\n2026-01-05 12:30:00,餐饮,肯德基,午餐,支出,35.50,余额,交易成功\n2026-01-06 09:00:00,工资,公司,一月工资,收入,9000.00,银行卡,交易成功\n2026-01-07 10:00:00,退款,商家,退货,收入,20.00,余额,退款成功\n2026-01-08 10:00:00,其他,x,y,不计收支,5.00,余额,交易成功\n2026-01-09 10:00:00,购物,店,东西,支出,0.00,余额,交易成功\n2026-01-10 10:00:00,购物,店,东西,支出,-15.00,余额,交易成功\ngarbage,购物,店,东西,支出,15.00,余额,交易成功\n2026-01-11 10:00:00,购物,店,东西,支出,abc,余额,交易成功\n2026-01-12 10:00:00,购物,店,东西,支出,15.00,余额,交易关闭\n2026-01-13 10:00:00,购物,店,东西,支出,15.00,余额,\n2026-01-14 10:00:00, 购物 , 店 , 东西 ,支出,15.00, 余额 , 交易成功 \n2026-01-15 10:00:00,购物,店,东西,支出,15.00\n2026-01-16 10:00:00\n,,,,,,,\n   ,  ,  ,  ,  ,  ,  ,  \n\n2026-01-17 10:00:00,"购物,杂项",店,"说,明",支出,"1,234.56",余额,交易成功\n2026-01-18 10:00:00,购物,"店\n二行",东西,支出,15.00,余额,交易成功\n2026-01-19 10:00:00,购物,"说""引号""",东西,收入,15.00,余额,交易成功\n2026-01-20 24:00:00,购物,店,东西,支出,15.00,余额,交易成功\n2026-13-40 10:00:00,购物,店,东西,支出,15.00,余额,交易成功\n2026-01-21 10:00:00,购物,店,东西,支出,15.00,余额,冻结\n2026-01-22 10:00:00,购物,店,东西,支出,15.00,余额,全额退款\n2026-01-23 10:00:00,购物,店,东西,Expense,15.00,余额,交易成功\n2026-01-24 10:00:00,购物,店,东西,收入支出,15.00,余额,交易成功\n2026-01-25 10:00:00,购物,店,东西,支出收入,15.00,余额,交易成功\n2026-01-26 10:00:00,购物,店,东西,"支出,收入",15.00,余额,交易成功\n2026-01-27 10:00:00,购物,店,东西,income expense,15.00,余额,交易成功\n2026-01-28 10:00:00,购物,店,东西,expense income,15.00,余额,交易成功\n2026-01-29 10:00:00,购物,店,东西,退款收入/支出,15.00,余额,交易成功\n
bills	note0,微信\nnote1,微信\nnote2,微信\nnote3,微信\nnote4,微信\nnote5,微信\nnote6,微信\nnote7,微信\nnote8,微信\nnote9,微信\nnote10,微信\nnote11,微信\nnote12,微信\nnote13,微信\nnote14,微信\nnote15,微信\nnote16,微信\nnote17,微信\nnote18,微信\nnote19,微信\nnote20,微信\nnote21,微信\nnote22,微信\nnote23,微信\nnote24,微信\nnote25,微信\nnote26,微信\nnote27,微信\nnote28,微信\nnote29,微信\n交易时间,金额\n2026-01-05 12:30:00,餐饮,肯德基,午餐,支出,35.50,余额,交易成功\r\n2026-01-06 09:00:00,工资,公司,一月工资,收入,9000.00,银行卡,交易成功\r\n2026-01-07 10:00:00,退款,商家,退货,收入,20.00,余额,退款成功\r\n2026-01-08 10:00:00,其他,x,y,不计收支,5.00,余额,交易成功\r\n2026-01-09 10:00:00,购物,店,东西,支出,0.00,余额,交易成功\r\n2026-01-10 10:00:00,购物,店,东西,支出,-15.00,余额,交易成功\r\ngarbage,购物,店,东西,支出,15.00,余额,交易成功\r\n2026-01-11 10:00:00,购物,店,东西,支出,abc,余额,交易成功\r\n2026-01-12 10:00:00,购物,店,东西,支出,15.00,余额,交易关闭\r\n2026-01-13 10:00:00,购物,店,东西,支出,15.00,余额,\r\n2026-01-14 10:00:00, 购物 , 店 , 东西 ,支出,15.00, 余额 , 交易成功 \r\n2026-01-15 10:00:00,购物,店,东西,支出,15.00\r\n2026-01-16 10:00:00\r\n,,,,,,,\r\n   ,  ,  ,  ,  ,  ,  ,  \r\n\r\n2026-01-17 10:00:00,"购物,杂项",店,"说,明",支出,"1,234.56",余额,交易成功\r\n2026-01-18 10:00:00,购物,"店\n二行",东西,支出,15.00,余额,交易成功\r\n2026-01-19 10:00:00,购物,"说""引号""",东西,收入,15.00,余额,交易成功\r\n2026-01-20 24:00:00,购物,店,东西,支出,15.00,余额,交易成功\r\n2026-13-40 10:00:00,购物,店,东西,支出,15.00,余额,交易成功\r\n2026-01-21 10:00:00,购物,店,东西,支出,15.00,余额,冻结\r\n2026-01-22 10:00:00,购物,店,东西,支出,15.00,余额,全额退款\r\n2026-01-23 10:00:00,购物,店,东西,Expense,15.00,余额,交易成功\r\n2026-01-24 10:00:00,购物,店,东西,收入支出,15.00,余额,交易成功\r\n2026-01-25 10:00:00,购物,店,东西,支出收入,15.00,余额,交易成功\r\n2026-01-26 10:00:00,购物,店,东西,"支出,收入",15.00,余额,交易成功\r\n2026-01-27 10:00:00,购物,店,东西,income expense,15.00,余额,交易成功\r\n2026-01-28 10:00:00,购物,店,东西,expense income,15.00,余额,交易成功\r\n2026-01-29 10:00:00,购物,店,东西,退款收入/支出,15.00,余额,交易成功
header	note0,微信\nnote1,微信\nnote2,微信\nnote3,微信\nnote4,微信\nnote5,微信\nnote6,微信\nnote7,微信\nnote8,微信\nnote9,微信\nnote10,微信\nnote11,微信\nnote12,微信\nnote13,微信\nnote14,微信\nnote15,微信\nnote16,微信\nnote17,微信\nnote18,微信\nnote19,微信\nnote20,微信\nnote21,微信\nnote22,微信\nnote23,微信\nnote24,微信\nnote25,微信\nnote26,微信\nnote27,微信\nnote28,微信\nnote29,微信\n交易时间,金额\n
header	交易时间,收/支,备注\n2026-01-01,x,y\n
bills	交易时间,收/支,备注\n2026-01-01,支出,5\n
bills	交易时间,收/支,备注\n交易时间,交易分类,交易对方,商品说明,收/支,金额,收/付款方式,交易状态\n2026-01-05 12:30:00,餐饮,肯德基,午餐,支出,35.50,余额,交易成功\n
bills	交易时间,交易分类,交易对方,商品说明,收/支,金额,收/付款方式,交易状态\n2026-01-05 12:30:00,餐饮,肯德基,午餐,支出,35.50,余额,交易成功\n交易时间,收/支,备注\n2026-01-01,支出,5\n
header	交易时间,金额,备注\n2026-01-01,x,y\n
bills	交易时间,金额,备注\n2026-01-01,支出,5\n
bills	交易时间,金额,备注\n交易时间,交易分类,交易对方,商品说明,收/支,金额,收/付款方式,交易状态\n2026-01-05 12:30:00,餐饮,肯德基,午餐,支出,35.50,余额,交易成功\n
bills	交易时间,交易分类,交易对方,商品说明,收/支,金额,收/付款方式,交易状态\n2026-01-05 12:30:00,餐饮,肯德基,午餐,支出,35.50,余额,交易成功\n交易时间,金额,备注\n2026-01-01,支出,5\n
header	收/支,金额,备注\n2026-01-01,x,y\n
bills	收/支,金额,备注\n2026-01-01,支出,5\n
bills	收/支,金额,备注\n交易时间,交易分类,交易对方,商品说明,收/支,金额,收/付款方式,交易状态\n2026-01-05 12:30:00,餐饮,肯德基,午餐,支出,35.50,余额,交易成功\n
bills	交易时间,交易分类,交易对方,商品说明,收/支,金额,收/付款方式,交易状态\n2026-01-05 12:30:00,餐饮,肯德基,午餐,支出,35.50,余额,交易成功\n收/支,金额,备注\n2026-01-01,支出,5\n
header	交易时间,金额\n2026-01-01,x,y\n
bills	交易时间,金额\n2026-01-01,支出,5\n
bills	交易时间,金额\n交易时间,交易分类,交易对方,商品说明,收/支,金额,收/付款方式,交易状态\n2026-01-05 12:30:00,餐饮,肯德基,午餐,支出,35.50,余额,交易成功\n
bills	交易时间,交易分类,交易对方,商品说明,收/支,金额,收/付款方式,交易状态\n2026-01-05 12:30:00,餐饮,肯德基,午餐,支出,35.50,余额,交易成功\n交易时间,金额\n2026-01-01,支出,5\n
bills	just,some,text\n1,2,3\n
bills	
bills	\n\n\n
bills	交易时间,交易分类,交易对方,商品说明,收/支,金额,收/付款方式,交易状态\n交易时间,交易分类,交易对方,商品说明,收/支,金额,收/付款方式,交易状态\n2026-01-05 12:30:00,餐饮,肯德基,午餐,支出,35.50,余额,交易成功\n
bills	2026-01-05 12:30:00,餐饮,肯德基,午餐,支出,35.50,余额,交易成功\n交易时间,交易分类,交易对方,商品说明,收/支,金额,收/付款方式,交易状态\n2026-01-06 09:00:00,工资,公司,一月工资,收入,9000.00,银行卡,交易成功\n
bills	﻿交易时间,交易类型,交易对方,商品,收/支,金额(元),支付方式,当前状态\n2026-01-06 09:00:00,工资,公司,一月工资,收入,9000.00,银行卡,交易成功\n
bills	﻿日期﻿,金额,收/支\n2024-01-15 10:00,100,支出\n
bills	日期,金额,收/支\n﻿2024-01-15 10:00﻿,100,支出\n
bills	日期,金额,收/支\n2024-01-15 10:00,100,支出\n
bills	日期,金额,收/支\n﻿,﻿,﻿\n2024-01-15 10:00,100,支出\n
