rows	exp~2~100~2025~9~4^exp~1~1~2025~9~5|rent:10.5;2:0.0001;:100
rows	_~Z~99.995~2026~0~1^exp~Z~0.1~2025~9~5|:100;food:10.5;trans:1e21;Z:1e21
today	|2026,3,5
rows	exp~4294967295~100~2024~1~29|
rows	exp~~-0~2025~9~4^inc~rent~-0~2026~3~5|4294967295:nan
total	inc~~-0~2025~9~5|
monthly	inc~2~0~2026~5~10^exp~Z~99.995~2026~0~1^_~4294967295~1e21~2026~5~11^_~food~-3~2026~5~11^exp~food~-3~2025~9~4|0.0001
rows	xfer~1~-3~2026~11~31^inc~01~10.5~2024~1~29^exp~1~-0~2026~5~11^exp~2~0~2026~5~10^inc~~0~2026~11~31^exp~01~-3~2025~9~4|
monthly	exp~rent~99.995~2026~5~10|0.0001
tier	|-3,100
daily	xfer~01~0~2025~9~5^exp~10~-3~2024~1~29^exp~2~nan~2026~3~5|10.5,2026,0,1
rows	exp~10~10.5~2025~9~4^exp~10~nan~2024~1~29|10:100
rows	exp~rent~nan~2026~0~1|a:-1;2:100;trans:1;rent:10.5
tier	|0.1,1
total	xfer~trans~-3~2025~9~4^exp~food~-3~2026~5~11|
daily	exp~4294967295~99.995~2026~5~10^_~~0.1~2025~9~4^exp~food~1~2026~5~10^inc~01~10.5~2024~1~29^exp~a~0~2025~9~4^exp~Z~10.5~2026~11~31|nan,2025,9,5
daily	_~trans~-0~2026~5~10^xfer~01~0.1~2026~5~10^exp~a~99.995~2024~1~29^exp~Z~10.5~2026~5~11^exp~01~-0~2026~3~5|1e21,2024,1,29
daily	inc~01~99.995~2025~9~5^inc~Z~100~2026~5~11^xfer~trans~0.1~2026~5~10^exp~2~-3~2026~3~5^inc~rent~0.1~2026~5~11|0,2026,0,1
monthly	|10.5
rows	|1:-1;trans:1
rows	exp~1~-0~2025~9~5^inc~1~-3~2025~9~4^xfer~01~0.1~2025~9~4^inc~~1~2026~3~5|:100;1:0
tier	|-0,1
rows	inc~10~99.995~2026~5~11^inc~10~1e21~2026~5~10^_~rent~100~2024~1~29^inc~1~-3~2026~5~11|10:100
total	exp~~10.5~2026~5~10^exp~1~-3~2025~9~5^exp~10~1~2026~0~1^inc~a~-0~2026~5~11^exp~a~10.5~2026~3~5|
tier	|0,100
total	exp~food~99.995~2025~9~4^exp~trans~-3~2026~5~11^exp~rent~1~2026~5~10^exp~food~10.5~2026~5~11^exp~a~-0~2026~0~1^xfer~1~nan~2024~1~29|
today	exp~2~1e21~2026~11~31|2026,3,5
rows	exp~a~-3~2026~11~31^inc~a~100~2026~11~31|10:10.5;a:10.5
tier	|nan,1
rows	inc~~nan~2026~11~31|1:100;rent:-1;:0.0001
monthly	xfer~1~100~2026~3~5^exp~trans~1~2026~11~31|0
rows	exp~01~10.5~2026~5~10|01:0;:1e21;trans:100
rows	_~food~0~2024~1~29^exp~~nan~2026~5~11|food:0.0001;2:0;1:0.0001
total	exp~Z~0~2026~0~1^inc~trans~0~2026~11~31^exp~a~0~2025~9~5^exp~food~0~2026~0~1^exp~4294967295~10.5~2026~3~5|
rows	exp~food~99.995~2026~5~10^_~2~-3~2026~5~11^exp~trans~10.5~2026~3~5^xfer~1~1e21~2026~3~5^inc~trans~nan~2026~11~31^exp~10~nan~2025~9~4|food:-1;10:0;trans:-1
rows	exp~rent~-3~2024~1~29^_~rent~10.5~2026~5~11^_~a~1~2026~5~10^exp~2~99.995~2026~0~1^exp~10~99.995~2026~0~1|2:0.0001;rent:10.5;trans:nan;food:100
total	exp~10~-3~2026~5~10|
today	exp~10~1~2026~5~11^exp~food~1~2025~9~5^inc~trans~-3~2024~1~29|2026,5,11
rows	xfer~a~100~2026~0~1|a:1
rows	exp~food~0.1~2025~9~5^exp~trans~1e21~2026~5~11|2:0.0001;rent:0;10:10.5;food:10.5;a:1
total	xfer~10~99.995~2025~9~4|
rows	exp~10~nan~2026~11~31^xfer~10~99.995~2025~9~4|01:0.0001;food:nan;trans:0;a:nan;10:100
tier	|10.5,100
tier	|0,0
rows	exp~food~10.5~2026~5~11^exp~01~-3~2026~0~1|1:10.5;2:1e21;trans:100
tier	|0.1,-1
rows	exp~food~-3~2026~11~31^xfer~2~1~2026~5~11^inc~food~-3~2025~9~5^exp~4294967295~0.1~2026~11~31^inc~trans~99.995~2026~3~5^exp~rent~99.995~2026~5~10|:100;2:100;food:100
rows	exp~Z~1~2026~11~31^exp~food~1e21~2025~9~5|10:100;Z:10.5;food:-1;:10.5
tier	|1e21,100
total	inc~1~1~2024~1~29^exp~2~nan~2024~1~29^_~2~1e21~2026~3~5|
rows	exp~~nan~2026~5~10^_~a~0.1~2025~9~5^exp~~100~2024~1~29^exp~a~100~2025~9~5|a:10.5;:-1
tier	|1,0
tier	|100,100
tier	|1,1e21
today	xfer~rent~0~2026~5~11^exp~01~10.5~2026~5~10^exp~trans~99.995~2026~5~11|2026,5,11
tier	|10.5,-1
today	exp~01~100~2026~3~5|2026,0,1
tier	|1,0.0001
rows	exp~10~100~2026~3~5^exp~01~100~2026~0~1^exp~1~99.995~2025~9~4|:0;01:-1;rent:nan
rows	xfer~4294967295~-3~2026~5~11^exp~1~0~2026~5~11|1:100
today	exp~1~10.5~2026~11~31^exp~01~0~2026~5~11^inc~2~nan~2026~5~11^inc~~-0~2025~9~5|2025,9,4
tier	|10.5,0.0001
monthly	_~a~1~2024~1~29^exp~~nan~2025~9~5^exp~rent~nan~2025~9~4^exp~01~0.1~2025~9~5^exp~4294967295~99.995~2025~9~4^exp~Z~100~2026~5~10|nan
rows	exp~rent~nan~2026~3~5^exp~Z~-3~2026~11~31^inc~rent~nan~2026~11~31^exp~~99.995~2026~5~11^exp~rent~10.5~2024~1~29|rent:0.0001
daily	|nan,2024,1,29
daily	exp~food~1~2024~1~29^exp~a~1e21~2024~1~29^_~trans~0~2026~5~10^exp~Z~10.5~2026~11~31|100,2026,0,1
rows	inc~a~0.1~2026~3~5^xfer~trans~100~2026~0~1^exp~rent~1~2026~5~11^_~~10.5~2025~9~5|rent:1
daily	inc~2~0~2026~5~10^xfer~1~-0~2026~11~31^exp~rent~100~2026~3~5^inc~a~0~2026~3~5^_~a~-3~2026~0~1^xfer~10~-0~2026~11~31|1e21,2026,0,1
rows	exp~01~-0~2024~1~29^xfer~4294967295~99.995~2026~3~5^exp~4294967295~1~2026~5~11^exp~rent~-0~2026~11~31^exp~a~nan~2024~1~29^xfer~rent~100~2024~1~29|4294967295:1;rent:100;01:1e21
monthly	exp~4294967295~10.5~2026~5~10^xfer~4294967295~-3~2026~5~11^_~Z~0.1~2026~5~11^xfer~rent~100~2026~5~10^exp~trans~10.5~2025~9~5|1e21
rows	inc~01~nan~2026~11~31^exp~01~0~2026~3~5^xfer~2~nan~2025~9~5^xfer~01~100~2025~9~5|2:-1;4294967295:0;01:100;food:1e21;trans:0.0001
today	exp~trans~0~2026~0~1|2024,1,29
rows	|
rows	inc~a~nan~2026~11~31^inc~a~100~2026~0~1^exp~~1e21~2025~9~4^exp~a~10.5~2026~3~5^_~a~-3~2026~5~11^inc~a~1e21~2025~9~4|a:nan
total	exp~01~10.5~2026~0~1^exp~a~1~2026~5~10^inc~rent~99.995~2026~5~10|
tier	|nan,100
rows	exp~01~0~2026~0~1^exp~01~1e21~2025~9~4^exp~01~1~2026~5~10^_~01~100~2026~5~10^inc~01~99.995~2026~5~11|01:10.5
rows	exp~a~-0~2024~1~29^_~rent~99.995~2025~9~5^exp~01~0~2026~11~31^inc~10~100~2025~9~4|
monthly	exp~10~-0~2026~5~11^exp~Z~1e21~2026~5~11^inc~~1~2024~1~29^exp~rent~nan~2026~11~31^exp~a~nan~2026~3~5|100
rows	_~a~-0~2026~5~11^inc~4294967295~0.1~2026~0~1|
today	_~a~100~2025~9~4^exp~rent~nan~2026~3~5^xfer~Z~0.1~2024~1~29|2026,5,11
rows	xfer~2~10.5~2026~5~10^exp~trans~99.995~2026~0~1^xfer~2~1~2026~5~11^exp~01~10.5~2024~1~29|2:1e21
rows	exp~food~10.5~2026~11~31^xfer~1~nan~2026~3~5^xfer~rent~1e21~2026~5~10^_~rent~99.995~2025~9~4|
tier	|nan,100
today	_~Z~0.1~2026~3~5^inc~1~1~2026~0~1|2026,0,1
monthly	exp~10~10.5~2025~9~4^exp~10~-0~2026~11~31|100
rows	_~food~-0~2025~9~5^xfer~~100~2025~9~5^inc~food~-3~2026~5~10^exp~food~0~2024~1~29^xfer~food~10.5~2026~11~31^exp~food~-3~2026~3~5|food:-1
today	|2026,11,31
total	|
daily	_~food~0.1~2026~0~1^exp~a~0.1~2026~0~1^xfer~4294967295~nan~2025~9~5|100,2026,5,10
rows	exp~Z~100~2025~9~4|Z:100;a:1e21
tier	|0,nan
total	|
monthly	exp~Z~-3~2026~5~11^exp~a~-0~2026~5~11^exp~a~1e21~2024~1~29|1e21
rows	exp~trans~0.1~2026~0~1^xfer~food~10.5~2025~9~5^exp~10~99.995~2025~9~5^xfer~01~nan~2026~5~11|1:-1;10:1;01:1e21;food:1;trans:100
total	_~food~0~2026~5~10^exp~trans~100~2026~5~11^exp~2~1~2026~0~1^_~4294967295~nan~2026~3~5|
monthly	|100
rows	inc~4294967295~0~2026~11~31|10:-1;1:nan;food:1;:nan;4294967295:nan
total	inc~food~-0~2026~5~11^exp~~10.5~2025~9~5^exp~4294967295~nan~2026~5~11^exp~trans~99.995~2024~1~29^_~food~-0~2026~3~5|
today	_~food~1~2026~3~5^xfer~4294967295~1~2026~5~10^inc~4294967295~0~2026~5~11^exp~trans~-0~2025~9~4^exp~Z~-0~2026~5~10^exp~food~-0~2024~1~29|2026,3,5
monthly	|1e21
rows	xfer~~-0~2026~5~10^exp~1~100~2026~3~5|:100;01:-1;2:nan;1:nan
monthly	|0
rows	exp~~-3~2025~9~4^exp~~0~2025~9~5^exp~~0~2026~3~5|:0.0001
daily	inc~1~-3~2026~5~11^exp~01~0.1~2025~9~5|100,2026,0,1
monthly	exp~2~-3~2025~9~4^inc~rent~99.995~2026~0~1^inc~food~0~2026~5~10^exp~4294967295~nan~2025~9~4|nan
monthly	exp~~99.995~2026~5~11^exp~~-3~2025~9~4^exp~Z~-0~2024~1~29^xfer~01~10.5~2025~9~5^exp~10~0.1~2026~3~5^exp~Z~10.5~2026~5~11|1e21
total	_~Z~99.995~2026~0~1^xfer~1~nan~2026~5~10^_~~100~2025~9~5^exp~2~nan~2026~11~31^_~Z~10.5~2025~9~4^exp~Z~99.995~2025~9~4|
daily	exp~2~100~2025~9~5^inc~a~99.995~2026~11~31^exp~2~-3~2024~1~29|100,2026,11,31
monthly	exp~food~1~2025~9~4^exp~01~10.5~2026~3~5^exp~rent~-3~2026~11~31^exp~food~-0~2026~5~10^exp~1~nan~2026~5~11^exp~a~-3~2026~5~10|nan
total	inc~Z~100~2026~3~5^exp~Z~0.1~2024~1~29^exp~4294967295~1~2026~5~10^xfer~10~10.5~2024~1~29^exp~1~1~2026~0~1|
rows	exp~4294967295~-0~2026~0~1^exp~food~1~2025~9~5^exp~01~99.995~2026~5~10|4294967295:100;food:nan;10:1;1:10.5;:100
rows	exp~10~-0~2026~5~10^exp~~1e21~2026~5~10^xfer~2~nan~2026~0~1|
total	exp~trans~nan~2025~9~4|
rows	|food:100;:nan
monthly	exp~01~nan~2026~5~10^exp~trans~0.1~2026~5~11^xfer~1~-0~2026~0~1^exp~01~0.1~2025~9~5^xfer~1~0~2024~1~29^exp~Z~-3~2025~9~4|100
tier	|99.995,-1
rows	_~4294967295~1~2025~9~4^inc~trans~99.995~2026~5~10|trans:nan
monthly	inc~rent~99.995~2026~11~31^inc~food~0.1~2026~5~11^xfer~rent~1~2025~9~5^exp~2~1~2025~9~5^xfer~01~-0~2025~9~5^_~rent~1e21~2026~5~10|100
today	inc~food~-3~2026~5~10^exp~rent~-0~2026~5~11^_~Z~-3~2025~9~4^exp~4294967295~0.1~2026~0~1^exp~~10.5~2026~5~10|2025,9,4
rows	exp~Z~1e21~2025~9~5^exp~01~0.1~2025~9~5^exp~trans~10.5~2024~1~29|
monthly	exp~rent~-3~2026~0~1^exp~food~99.995~2026~0~1^exp~Z~-3~2025~9~5|nan
today	_~10~100~2026~5~11^exp~Z~nan~2026~5~11^exp~food~99.995~2026~0~1^_~Z~0.1~2026~5~10|2026,5,10
rows	inc~rent~1~2026~0~1^inc~food~0~2026~5~11^_~~99.995~2026~3~5|10:0.0001;rent:0.0001;:0;a:0.0001;food:1
monthly	xfer~trans~0.1~2025~9~5^xfer~01~1e21~2025~9~4^inc~~100~2025~9~4^exp~2~99.995~2025~9~4^exp~Z~10.5~2026~11~31^xfer~trans~100~2026~3~5|100
rows	xfer~~1e21~2026~3~5^_~10~10.5~2026~11~31^exp~rent~99.995~2026~5~10^exp~a~-0~2025~9~5^xfer~01~99.995~2026~5~10|01:1;a:-1;:-1;10:-1
rows	exp~trans~1~2026~3~5^exp~01~-3~2026~5~11^xfer~trans~-0~2025~9~5^inc~trans~100~2024~1~29^exp~~1~2025~9~4|food:1;trans:0.0001
tier	|99.995,10.5
total	exp~1~100~2026~5~11^exp~trans~100~2024~1~29^xfer~rent~-3~2025~9~4^xfer~4294967295~-0~2025~9~5^exp~2~100~2025~9~4^exp~Z~0~2026~5~11|
tier	|-3,1
total	exp~2~nan~2026~3~5|
tier	|1,100
tier	|100,nan
total	exp~food~0.1~2026~3~5^_~Z~1~2026~11~31|
rows	exp~10~99.995~2026~3~5^exp~2~-3~2026~3~5^exp~10~-0~2026~11~31^exp~food~-0~2026~5~10^xfer~food~0.1~2026~5~10^exp~10~0.1~2026~0~1|food:100;10:1e21;a:1e21;2:100
tier	|-3,0.0001
today	inc~10~1e21~2026~0~1|2026,5,11
monthly	_~trans~-0~2026~3~5^exp~rent~1e21~2026~5~10^exp~10~0.1~2026~5~11^_~1~0.1~2024~1~29|10.5
monthly	exp~10~nan~2026~5~11^xfer~~100~2026~5~11|1
total	xfer~trans~10.5~2026~11~31|
rows	exp~01~1e21~2026~3~5^exp~~nan~2025~9~5|01:-1;:100
total	|
today	_~1~99.995~2026~11~31|2026,3,5
total	|
daily	exp~food~1~2026~5~11^xfer~10~99.995~2024~1~29^exp~rent~100~2026~5~11|nan,2024,1,29
rows	xfer~4294967295~1~2025~9~5^_~1~1~2026~3~5^_~food~-3~2025~9~5^inc~01~-3~2025~9~5^xfer~4294967295~1~2026~3~5^_~Z~0~2024~1~29|4294967295:0;food:10.5;Z:100;01:1e21
rows	xfer~4294967295~0.1~2024~1~29^_~food~100~2025~9~4^inc~10~100~2026~3~5^exp~4294967295~1e21~2025~9~5^exp~2~nan~2024~1~29^_~Z~-3~2026~0~1|
today	_~4294967295~100~2026~3~5^exp~2~0.1~2025~9~5^exp~10~nan~2026~3~5^_~4294967295~-3~2026~11~31|2025,9,4
rows	exp~a~1e21~2026~3~5|:1e21;01:100;a:nan;food:100;4294967295:0
tier	|1e21,nan
tier	|nan,0
today	exp~01~99.995~2024~1~29|2026,3,5
today	_~~nan~2025~9~4^xfer~10~0.1~2026~0~1^exp~~-0~2026~0~1^exp~~-0~2026~0~1^exp~1~10.5~2024~1~29^xfer~Z~-0~2025~9~4|2026,3,5
monthly	|0.0001
rows	|
monthly	inc~rent~0.1~2026~3~5^exp~01~1~2026~5~11^xfer~10~0~2026~5~11^inc~Z~100~2026~3~5^exp~a~1e21~2026~5~11|1
total	exp~rent~1~2026~3~5^inc~food~nan~2025~9~4^exp~2~-0~2026~5~11|
daily	_~trans~-3~2025~9~5^xfer~4294967295~1e21~2025~9~5|0,2025,9,4
tier	|nan,0
today	inc~1~-3~2026~3~5^exp~2~0~2025~9~5^exp~rent~1e21~2026~5~10^xfer~trans~1~2026~5~10|2025,9,4
total	exp~rent~0.1~2026~0~1^exp~a~1~2026~5~11^exp~a~-0~2026~5~11^exp~trans~0~2026~5~10^xfer~rent~-0~2026~11~31|
daily	exp~01~-0~2026~5~11^exp~food~1~2026~3~5^exp~1~1e21~2026~11~31|1e21,2024,1,29
today	exp~rent~0~2026~11~31^exp~~0.1~2025~9~5^xfer~10~0.1~2024~1~29|2026,0,1
monthly	exp~food~-3~2025~9~5^_~a~-0~2026~0~1^_~Z~-0~2025~9~4|1
tier	|100,-1
today	inc~~100~2026~5~11^xfer~4294967295~nan~2025~9~5^xfer~4294967295~100~2026~3~5|2026,5,11
tier	|100,100
monthly	exp~1~99.995~2026~0~1^inc~a~0~2024~1~29^exp~01~100~2026~0~1|1
rows	exp~food~-0~2025~9~4^exp~~1~2026~11~31^exp~1~1e21~2025~9~4^exp~food~99.995~2025~9~4|
rows	_~10~100~2025~9~5|
daily	exp~food~-0~2026~0~1^_~~99.995~2026~3~5^exp~2~10.5~2025~9~4|100,2026,11,31
today	exp~4294967295~-3~2024~1~29|2025,9,4
daily	exp~Z~100~2025~9~5^inc~01~-0~2026~11~31^exp~~0~2025~9~4|100,2026,5,10
tier	|-3,nan
today	_~rent~1~2026~0~1^_~trans~0~2024~1~29^inc~trans~-3~2026~5~10^_~Z~0~2025~9~5^exp~Z~99.995~2025~9~4|2026,3,5
rows	xfer~rent~1~2026~5~11^exp~~0.1~2025~9~5^exp~a~1~2026~5~11^inc~~100~2026~3~5^exp~2~0.1~2026~0~1|:-1;food:-1
daily	exp~trans~-3~2026~5~10|100,2025,9,5
monthly	exp~4294967295~-0~2026~5~10^_~10~1e21~2026~0~1^_~2~1~2026~5~10^exp~~-3~2026~5~11^_~food~-3~2026~5~10|-1
rows	inc~1~-3~2026~11~31|:100;1:0;4294967295:0
monthly	inc~trans~10.5~2025~9~5^exp~01~99.995~2026~5~11^inc~a~-0~2026~5~11^exp~10~10.5~2026~5~11|100
monthly	exp~trans~100~2026~11~31^exp~~10.5~2026~11~31^exp~01~100~2026~11~31^exp~food~0.1~2025~9~5|100
rows	_~4294967295~10.5~2026~5~10|1:100;10:10.5;food:-1;Z:100;4294967295:1e21
today	exp~2~-0~2026~5~10^exp~Z~0.1~2025~9~4^exp~Z~-0~2026~5~11^exp~trans~nan~2026~11~31|2026,3,5
monthly	inc~10~nan~2026~5~11^inc~2~nan~2026~11~31|0.0001
rows	exp~4294967295~1e21~2026~5~10^exp~1~0~2026~3~5^_~rent~-3~2024~1~29^exp~Z~100~2026~11~31|
tier	|-3,100
today	|2024,1,29
monthly	exp~2~10.5~2025~9~4^inc~trans~100~2024~1~29^exp~a~0~2024~1~29^exp~10~1e21~2026~3~5^_~a~0.1~2026~5~10|1
daily	inc~10~1e21~2026~5~10^xfer~trans~1~2026~0~1^_~a~1e21~2026~5~10^exp~~-3~2026~3~5^xfer~a~100~2026~5~10|10.5,2026,11,31
rows	xfer~2~-3~2026~5~10^_~rent~0.1~2026~0~1|2:nan;a:1;rent:10.5;01:0
today	|2026,0,1
monthly	xfer~01~1~2025~9~4^xfer~2~nan~2025~9~4^exp~~0.1~2026~5~11^_~4294967295~1e21~2026~11~31|100
tier	|1,nan
rows	exp~Z~1~2026~11~31^exp~Z~-3~2026~11~31^exp~4294967295~100~2026~0~1^exp~Z~99.995~2025~9~4^exp~4294967295~nan~2026~3~5^exp~4294967295~0~2026~5~11|food:1;4294967295:0;1:nan;10:-1;Z:0
daily	|100,2025,9,4
daily	inc~a~0.1~2026~5~11^exp~10~0.1~2026~11~31^exp~a~0.1~2026~5~11|100,2025,9,5
total	inc~2~-3~2026~0~1^_~Z~99.995~2025~9~4^exp~1~1e21~2025~9~4^xfer~01~-0~2026~5~11^xfer~rent~10.5~2024~1~29|
monthly	|10.5
today	inc~rent~1~2026~5~11^exp~1~-3~2025~9~4^exp~rent~100~2025~9~4^exp~Z~10.5~2024~1~29|2026,5,11
daily	inc~food~99.995~2026~0~1^exp~food~0.1~2026~3~5^inc~food~99.995~2026~11~31|0.0001,2025,9,5
monthly	_~4294967295~nan~2026~5~10^xfer~rent~1~2024~1~29^xfer~10~1~2025~9~5^exp~~99.995~2026~0~1^xfer~a~10.5~2024~1~29^exp~food~10.5~2024~1~29|1
rows	xfer~a~nan~2026~5~11^exp~1~1e21~2026~5~11^exp~~nan~2026~5~11^xfer~a~99.995~2026~5~10|
tier	|nan,1e21
daily	exp~2~0.1~2025~9~4|1e21,2026,5,11
daily	exp~trans~1~2024~1~29^xfer~trans~-3~2024~1~29|nan,2026,3,5
rows	xfer~trans~1e21~2024~1~29|:10.5;1:1;Z:100;food:1e21
monthly	inc~trans~1e21~2025~9~5^exp~2~100~2026~5~11^inc~1~10.5~2024~1~29|10.5
rows	xfer~Z~-0~2025~9~5^exp~01~1~2025~9~5^inc~rent~nan~2026~0~1^exp~01~0.1~2026~11~31|01:nan
tier	|nan,1e21
tier	|-3,nan
today	exp~1~1~2025~9~4^exp~Z~1~2026~5~11^exp~food~0~2026~3~5|2025,9,4
total	exp~~1e21~2026~11~31^inc~food~0~2026~5~11^exp~food~99.995~2024~1~29|
today	exp~4294967295~-3~2025~9~4^exp~~10.5~2026~5~11^inc~1~10.5~2026~11~31^exp~~100~2026~5~11^exp~food~100~2026~0~1|2024,1,29
rows	_~~100~2025~9~5^exp~2~0.1~2026~3~5^_~2~0~2026~5~11^xfer~food~10.5~2024~1~29^_~a~nan~2026~11~31^exp~food~1~2025~9~4|:1e21;food:1e21;2:0
monthly	|0
rows	inc~10~99.995~2026~0~1^_~~-3~2024~1~29|:1;Z:0.0001;01:1e21;10:1e21
rows	|1:1;2:-1;a:100;10:1e21
rows	_~01~-0~2025~9~5^exp~Z~1~2026~11~31^_~trans~-3~2024~1~29|01:-1;4294967295:nan;Z:0;2:nan
total	exp~trans~-0~2025~9~4^inc~4294967295~-3~2024~1~29^xfer~1~0~2026~11~31^xfer~1~-3~2026~3~5^inc~2~10.5~2024~1~29|
today	xfer~01~-3~2026~11~31^exp~2~-3~2025~9~4^exp~2~100~2026~11~31^exp~~0.1~2025~9~5^exp~1~100~2026~11~31^exp~2~10.5~2024~1~29|2024,1,29
rows	exp~rent~100~2025~9~4^exp~01~nan~2026~0~1^inc~food~99.995~2026~3~5^_~a~99.995~2026~3~5|
tier	|10.5,0.0001
monthly	exp~Z~1e21~2024~1~29^exp~Z~0~2026~5~10^exp~01~-3~2025~9~5^inc~10~10.5~2026~3~5|0.0001
total	xfer~1~100~2024~1~29^exp~food~1e21~2024~1~29^_~rent~10.5~2025~9~5|
monthly	xfer~a~10.5~2026~3~5^exp~10~-3~2025~9~5^inc~4294967295~100~2024~1~29|100
total	xfer~rent~-3~2025~9~4^exp~rent~nan~2024~1~29^inc~01~-3~2026~5~11|
monthly	_~food~99.995~2024~1~29^exp~1~1e21~2024~1~29^_~~0~2026~5~10^inc~Z~100~2026~5~10|1
total	exp~2~100~2025~9~5^exp~01~100~2026~0~1|
daily	inc~1~0~2026~5~11^xfer~2~nan~2025~9~4|100,2026,5,10
today	_~rent~100~2026~5~10^exp~trans~99.995~2025~9~4^inc~4294967295~-0~2025~9~5|2026,5,11
monthly	exp~Z~-0~2026~0~1^_~rent~10.5~2025~9~5^inc~01~0~2026~0~1^xfer~a~10.5~2026~0~1^xfer~10~-0~2026~5~11|-1
monthly	_~rent~1e21~2026~3~5^exp~1~-0~2026~3~5^exp~rent~0~2026~3~5^_~rent~10.5~2025~9~4^xfer~trans~-0~2026~5~11^exp~~1~2026~0~1|10.5
monthly	xfer~4294967295~0~2026~11~31|1e21
monthly	|100
total	xfer~trans~99.995~2026~5~10^exp~2~1e21~2026~11~31^exp~2~1e21~2026~11~31^_~~10.5~2026~5~10^exp~1~1e21~2026~3~5|
rows	exp~trans~0~2026~0~1|
tier	|1,100
daily	exp~2~0~2026~3~5^xfer~food~nan~2026~11~31^_~Z~-0~2025~9~5^_~~-0~2026~11~31^exp~trans~1e21~2026~5~10^exp~rent~0.1~2026~5~10|nan,2025,9,4
total	exp~Z~1~2026~5~11^exp~Z~-0~2026~5~10|
tier	|100,-1
rows	exp~food~0.1~2026~5~11^_~10~-0~2026~3~5^exp~2~nan~2025~9~5^xfer~10~1e21~2026~5~11|2:0;10:nan
rows	inc~food~0~2026~5~11^inc~rent~99.995~2025~9~4^xfer~10~nan~2026~5~11|rent:100;trans:1e21;1:1e21
daily	exp~01~nan~2026~5~10^exp~food~99.995~2026~3~5^exp~trans~1~2026~5~10^inc~Z~1~2025~9~5^exp~a~-3~2026~5~11^_~food~99.995~2026~3~5|1,2026,5,10
tier	|99.995,1e21
monthly	exp~Z~99.995~2025~9~5^exp~trans~1~2024~1~29^xfer~4294967295~-3~2026~0~1^inc~01~0~2026~5~11|0.0001
rows	exp~trans~1~2026~5~10^exp~trans~1~2026~5~10^exp~~10.5~2026~5~11^xfer~01~1e21~2025~9~4|trans:10.5;01:100
today	xfer~Z~99.995~2024~1~29^_~4294967295~0.1~2026~3~5^exp~01~0.1~2026~3~5|2026,11,31
monthly	exp~Z~0.1~2026~3~5^inc~food~1~2026~5~10^exp~10~99.995~2026~5~11^exp~10~99.995~2025~9~4|1
total	_~2~-3~2026~3~5^inc~rent~nan~2026~5~11|
total	inc~a~1e21~2024~1~29^exp~4294967295~10.5~2026~5~10^_~1~-0~2025~9~4^_~10~1e21~2024~1~29|
total	xfer~4294967295~99.995~2026~3~5^exp~1~10.5~2025~9~5^_~a~-0~2026~5~11^_~1~1~2026~5~10|
monthly	_~rent~-0~2024~1~29^exp~1~0~2026~3~5^_~~100~2026~3~5|1
rows	xfer~food~100~2026~5~11^exp~2~100~2026~0~1|:100;food:100;1:0.0001
monthly	exp~food~99.995~2026~0~1^exp~10~nan~2026~5~10^exp~food~0.1~2026~11~31^xfer~4294967295~1~2025~9~4|10.5
rows	_~~0~2025~9~5^exp~rent~99.995~2026~3~5^_~a~10.5~2025~9~4^exp~10~10.5~2025~9~5^exp~4294967295~100~2025~9~4^inc~food~-0~2025~9~5|
today	_~a~100~2026~5~11^exp~2~1~2024~1~29^xfer~Z~-3~2026~0~1^exp~trans~0.1~2026~5~11^exp~trans~-0~2026~0~1|2025,9,4
total	|
rows	exp~4294967295~-3~2026~11~31^inc~1~1e21~2025~9~5^inc~01~1e21~2025~9~4^xfer~1~0.1~2026~11~31^exp~2~-0~2024~1~29|1:nan;2:1e21
today	_~10~nan~2024~1~29^inc~10~10.5~2026~11~31|2025,9,5
tier	|-3,0.0001
tier	|1e21,100
rows	exp~01~0~2026~5~11^_~Z~0~2025~9~4|01:10.5;rent:1e21;trans:1e21;10:0;1:100
today	exp~4294967295~0.1~2026~3~5|2025,9,5
tier	|0,0.0001
rows	exp~01~100~2026~3~5^_~Z~-3~2025~9~4^xfer~1~1e21~2026~0~1|
total	exp~food~0.1~2026~5~10^xfer~10~10.5~2026~0~1^inc~rent~1~2026~11~31^_~4294967295~10.5~2026~5~10|
today	|2026,5,10
today	inc~a~-3~2026~0~1^exp~10~100~2026~5~11^_~4294967295~1~2024~1~29^exp~4294967295~100~2025~9~5^xfer~~10.5~2025~9~5^xfer~4294967295~nan~2024~1~29|2024,1,29
total	exp~Z~0~2025~9~5^_~food~0.1~2026~11~31^exp~~99.995~2026~11~31^exp~01~100~2025~9~5^exp~1~-3~2026~11~31|
rows	|Z:10.5;10:-1;1:-1
total	exp~01~nan~2024~1~29^inc~~1~2024~1~29|
tier	|10.5,1
rows	xfer~10~99.995~2026~0~1^exp~10~100~2026~11~31^exp~10~1e21~2026~5~11^_~Z~0~2025~9~5|2:0;10:100;Z:0.0001;trans:100
total	_~2~0.1~2026~0~1^xfer~2~10.5~2025~9~4^xfer~4294967295~99.995~2026~5~10|
daily	exp~4294967295~99.995~2026~3~5^exp~~1e21~2025~9~4^_~rent~100~2026~5~11^_~trans~100~2025~9~5^exp~trans~1e21~2026~11~31|-1,2026,5,10
tier	|100,0
rows	_~Z~-3~2026~11~31^exp~~10.5~2025~9~5^exp~~-0~2026~3~5^exp~a~1e21~2024~1~29^exp~~100~2024~1~29|a:-1;:1
total	|
rows	exp~10~1e21~2025~9~5^_~1~-0~2026~3~5^_~rent~1~2026~5~10^exp~trans~-0~2026~11~31^_~rent~nan~2026~0~1^exp~rent~nan~2025~9~4|rent:nan;10:100
monthly	exp~a~10.5~2025~9~5|100
rows	xfer~a~99.995~2026~0~1^xfer~trans~0.1~2025~9~4|trans:1;1:nan;2:100;10:0;a:1e21
today	inc~2~-0~2025~9~4^_~1~nan~2026~11~31^exp~10~10.5~2026~5~10^xfer~trans~1e21~2025~9~4^xfer~rent~-3~2025~9~4^xfer~10~1~2026~11~31|2026,5,10
total	|
rows	|food:100
tier	|10.5,-1
daily	exp~rent~-3~2026~11~31^_~4294967295~0~2026~0~1^_~10~-0~2026~3~5|-1,2026,5,11
monthly	|1e21
rows	inc~a~-0~2026~11~31^exp~01~1e21~2026~0~1^exp~a~0~2025~9~5^inc~1~99.995~2026~0~1^exp~Z~100~2026~5~11|Z:0.0001;rent:100;a:100;01:1e21
daily	exp~10~99.995~2026~3~5^exp~10~10.5~2025~9~4|-1,2026,3,5
monthly	xfer~~99.995~2026~11~31^inc~2~1~2026~5~10^_~a~10.5~2025~9~5^exp~1~10.5~2026~5~11^_~~-3~2026~5~10^exp~1~10.5~2025~9~5|1e21
today	_~~10.5~2026~0~1^exp~rent~-0~2024~1~29^_~10~-0~2026~11~31^exp~a~0.1~2025~9~4^inc~Z~0.1~2026~0~1^exp~2~1e21~2026~3~5|2025,9,5
today	exp~4294967295~0~2026~11~31^exp~2~100~2026~5~10^xfer~01~100~2026~3~5|2024,1,29
tier	|99.995,nan
rows	exp~~1e21~2026~0~1^exp~Z~0.1~2026~5~11^exp~1~0.1~2026~11~31^xfer~Z~10.5~2025~9~5^exp~Z~0~2026~3~5^exp~~99.995~2025~9~5|Z:1e21
total	exp~1~0.1~2026~5~10^exp~2~0.1~2025~9~5^exp~1~nan~2025~9~5|
today	exp~1~99.995~2025~9~4^exp~01~-3~2025~9~5^exp~a~0~2025~9~4^inc~rent~0.1~2025~9~4|2026,0,1
monthly	inc~rent~0~2026~3~5^exp~Z~-0~2026~5~11^exp~Z~100~2026~5~11^exp~4294967295~100~2026~0~1^exp~food~10.5~2024~1~29^exp~food~1e21~2025~9~4|0.0001
today	_~1~10.5~2025~9~4^exp~01~0~2026~5~11^exp~2~99.995~2024~1~29^_~a~1e21~2025~9~5|2024,1,29
rows	exp~food~1~2024~1~29^exp~food~1~2024~1~29|food:100
tier	|1e21,-1
rows	exp~trans~1~2026~11~31^exp~10~-0~2026~0~1^_~rent~0.1~2026~5~11^exp~4294967295~0~2026~5~10^exp~a~0.1~2026~11~31^exp~food~100~2026~3~5|food:-1;rent:0.0001;10:-1
daily	xfer~01~99.995~2026~5~11^inc~Z~-3~2025~9~4^inc~rent~1~2026~5~10|-1,2026,3,5
tier	|0.1,-1
tier	|99.995,100
tier	|-3,1
tier	|0,1e21
rows	xfer~rent~99.995~2026~5~11^exp~a~10.5~2026~5~10|2:100;a:10.5;10:1;rent:100
monthly	inc~food~nan~2025~9~5^exp~food~100~2026~5~10^inc~10~0~2026~0~1^_~food~-3~2025~9~5^xfer~2~-3~2025~9~4|0.0001
monthly	inc~a~1e21~2025~9~4^_~2~0~2025~9~5^xfer~10~10.5~2026~11~31^_~~0.1~2024~1~29|0
total	inc~rent~-3~2026~5~10^inc~10~1e21~2026~3~5^inc~Z~1~2026~3~5|
tier	|nan,-1
monthly	xfer~trans~99.995~2026~5~10^_~01~nan~2026~5~10^exp~10~-0~2026~5~10^_~2~99.995~2025~9~4^xfer~trans~99.995~2026~0~1|10.5
daily	|nan,2024,1,29
rows	exp~01~0.1~2026~3~5^xfer~~0~2026~0~1^inc~10~0~2026~5~10^inc~10~0.1~2026~3~5^xfer~1~0~2026~3~5^exp~~100~2026~11~31|:1;10:0.0001;1:1;01:0
daily	inc~01~0.1~2025~9~5^inc~~1e21~2026~0~1^exp~Z~0~2024~1~29|100,2024,1,29
daily	inc~2~-3~2025~9~5|100,2024,1,29
rows	exp~2~-3~2024~1~29|Z:-1;2:100
tier	|1,1e21
monthly	xfer~2~nan~2026~5~10^inc~2~-0~2025~9~4|1e21
rows	inc~4294967295~0.1~2026~11~31|01:1e21;4294967295:1e21;Z:0.0001;a:10.5;1:1e21
daily	|10.5,2026,5,11
total	inc~rent~10.5~2026~0~1^_~food~-3~2026~11~31^_~food~99.995~2026~11~31^_~2~1~2026~0~1^exp~2~nan~2026~5~10|
monthly	_~~0~2026~11~31^exp~4294967295~1e21~2026~3~5|100
rows	xfer~trans~0~2026~5~11^xfer~rent~10.5~2026~3~5^_~Z~99.995~2026~11~31^exp~a~0.1~2026~5~11^exp~rent~nan~2025~9~5|rent:-1;4294967295:nan;trans:100
today	exp~4294967295~99.995~2025~9~4^exp~4294967295~1~2026~3~5^exp~2~10.5~2026~0~1^_~Z~0~2026~3~5|2025,9,4
tier	|nan,0
monthly	inc~4294967295~nan~2024~1~29^exp~01~0~2026~11~31^exp~10~10.5~2024~1~29|nan
rows	exp~4294967295~1~2025~9~4|4294967295:1;Z:1
daily	exp~4294967295~0.1~2024~1~29^inc~a~1e21~2025~9~5^_~Z~1~2026~0~1^inc~rent~1e21~2026~0~1|-1,2025,9,4
monthly	exp~rent~100~2026~3~5^exp~4294967295~-3~2026~5~10^inc~Z~-0~2026~5~10^xfer~food~-0~2024~1~29^_~4294967295~1e21~2024~1~29|100
rows	exp~a~-3~2026~3~5|
tier	|0.1,0
total	exp~10~0.1~2026~3~5^inc~trans~0.1~2026~3~5^exp~10~-3~2026~5~10^exp~~-0~2025~9~4^_~4294967295~0~2026~3~5^_~a~1~2026~3~5|
tier	|-3,0
monthly	|100
rows	_~1~-0~2026~5~10^xfer~01~1~2025~9~5^_~food~100~2026~11~31^xfer~2~0~2026~11~31|1:nan;10:-1;2:1;food:100
rows	exp~a~1~2026~3~5^inc~food~99.995~2025~9~5^exp~1~nan~2026~3~5^exp~Z~0~2025~9~4|:0.0001;01:100;1:1
monthly	xfer~2~10.5~2026~0~1^_~food~-3~2025~9~5|100
monthly	xfer~a~nan~2024~1~29^inc~rent~1~2026~0~1^exp~10~-3~2026~3~5^exp~2~99.995~2024~1~29^exp~a~10.5~2026~0~1^exp~4294967295~1e21~2026~11~31|0
total	_~2~nan~2026~0~1|
today	|2024,1,29
rows	|2:10.5;a:100
rows	xfer~food~10.5~2025~9~4^xfer~rent~0~2026~3~5^_~trans~nan~2024~1~29^_~food~99.995~2026~5~11^xfer~4294967295~0.1~2025~9~4|1:-1;food:0.0001;4294967295:1
total	xfer~1~nan~2026~11~31|
daily	_~1~-0~2026~3~5^xfer~Z~100~2025~9~4^exp~2~-0~2025~9~4|10.5,2024,1,29
daily	exp~~-3~2026~3~5^inc~4294967295~-3~2026~11~31^_~Z~1~2025~9~4^exp~~nan~2025~9~4^exp~trans~-3~2025~9~4^exp~Z~0.1~2026~11~31|0.0001,2026,5,11
rows	|1:10.5;trans:nan;food:1;4294967295:100
daily	exp~~0~2026~3~5^exp~01~99.995~2026~11~31^exp~1~0~2025~9~5^exp~food~10.5~2024~1~29^exp~food~0~2024~1~29|nan,2026,11,31
rows	exp~trans~0.1~2025~9~5^exp~trans~-0~2025~9~4^exp~2~100~2026~0~1|trans:0.0001;food:nan;01:0;Z:100;1:1e21
today	inc~~10.5~2026~0~1^_~01~0~2025~9~4^xfer~trans~nan~2026~3~5^exp~a~1~2026~11~31|2026,3,5
tier	|nan,0
tier	|0.1,0.0001
daily	xfer~Z~0.1~2026~3~5^xfer~2~99.995~2026~3~5^xfer~Z~-3~2026~5~10^xfer~a~-0~2025~9~4^exp~4294967295~0.1~2026~5~10|100,2026,3,5
today	exp~4294967295~-0~2024~1~29^xfer~01~100~2026~0~1^exp~10~0.1~2026~0~1^inc~rent~-3~2026~11~31^exp~trans~nan~2026~11~31|2026,0,1
total	|
today	exp~10~nan~2026~11~31^exp~1~-3~2026~5~10^exp~~99.995~2026~0~1^_~10~1e21~2026~5~10^exp~01~-3~2026~5~10^_~food~100~2026~11~31|2026,11,31
rows	exp~~100~2026~5~11^exp~~0~2025~9~4^exp~rent~1e21~2026~11~31^exp~a~10.5~2026~5~10|rent:100;a:0;:10.5;01:10.5;Z:100
monthly	xfer~4294967295~0~2026~5~10^exp~a~1e21~2024~1~29^exp~Z~100~2024~1~29^xfer~01~-3~2025~9~5^inc~a~10.5~2026~3~5|nan
rows	|Z:0;food:-1;2:nan;4294967295:1e21;rent:100
rows	|10:-1;food:1e21
monthly	exp~1~99.995~2026~5~10^_~4294967295~0~2025~9~5|10.5
rows	_~01~0~2024~1~29^exp~Z~99.995~2026~11~31^exp~food~1e21~2026~5~11^exp~2~0.1~2026~11~31^exp~~10.5~2026~3~5^exp~4294967295~-0~2026~5~11|01:10.5;10:100;1:1;Z:0;rent:0.0001
rows	inc~4294967295~99.995~2026~11~31^_~Z~nan~2026~5~11^inc~4294967295~nan~2026~0~1^inc~Z~0.1~2025~9~5^exp~a~1e21~2026~0~1^exp~food~1~2024~1~29|
monthly	_~Z~-0~2024~1~29|100
daily	exp~1~1e21~2026~5~11^exp~trans~nan~2026~0~1^xfer~a~1e21~2026~3~5|100,2026,3,5
rows	exp~Z~1e21~2025~9~5^exp~1~0~2026~0~1^exp~rent~0.1~2026~11~31^xfer~food~-0~2026~3~5|10:100;food:100;1:100
daily	xfer~a~1~2025~9~4^exp~10~1e21~2026~0~1^xfer~01~1~2025~9~5|1,2026,5,10
total	exp~~-3~2025~9~4^_~1~10.5~2026~5~11|
today	xfer~Z~nan~2025~9~4^inc~~10.5~2026~0~1^exp~01~-3~2025~9~4^_~trans~0~2026~0~1^inc~Z~99.995~2025~9~4^_~4294967295~100~2026~11~31|2024,1,29
total	exp~a~1~2024~1~29^_~2~-3~2026~5~10|
rows	|01:1;food:nan;1:100;2:nan
total	exp~10~1e21~2026~5~11^exp~trans~-3~2026~0~1^_~Z~1~2026~11~31|
rows	inc~10~10.5~2026~0~1^_~01~100~2026~0~1^inc~10~100~2024~1~29^inc~10~1e21~2025~9~5^exp~10~1e21~2026~5~10|10:-1
total	|
today	|2026,5,11
total	_~4294967295~1e21~2025~9~4^inc~a~99.995~2026~0~1|
today	exp~a~99.995~2025~9~5^_~4294967295~1e21~2026~5~11|2026,0,1
rows	exp~a~1~2025~9~5^xfer~10~-3~2026~3~5^exp~2~1e21~2025~9~5^exp~10~10.5~2024~1~29^xfer~10~-3~2026~5~11^_~Z~0~2026~5~10|10:0
today	_~2~0.1~2026~0~1^inc~01~1~2025~9~5^exp~~-0~2026~3~5^exp~10~0~2025~9~4^exp~food~99.995~2025~9~4|2026,3,5
tier	|-0,-1
tier	|99.995,0.0001
today	exp~10~0~2026~0~1|2024,1,29
monthly	exp~01~99.995~2025~9~5^exp~01~-3~2026~3~5|0.0001
today	|2026,11,31
monthly	_~rent~-0~2026~5~11^_~10~1~2024~1~29^exp~4294967295~1e21~2026~5~10|1e21
today	|2026,0,1
tier	|0,1e21
monthly	xfer~food~10.5~2025~9~5|nan
daily	|10.5,2024,1,29
daily	xfer~~-0~2025~9~5^xfer~food~0.1~2025~9~5^inc~10~99.995~2025~9~5|100,2026,5,10
today	inc~food~0.1~2026~3~5^inc~trans~10.5~2026~3~5^exp~food~-3~2025~9~5|2025,9,5
today	xfer~food~1~2024~1~29^exp~10~1e21~2025~9~5^exp~a~10.5~2026~0~1^xfer~4294967295~0~2025~9~4|2026,5,11
rows	exp~a~100~2026~3~5^_~4294967295~-3~2025~9~4|1:0;4294967295:-1;trans:1;a:0.0001;rent:10.5
daily	exp~01~-0~2025~9~5^_~~1~2026~5~10^inc~Z~-3~2026~0~1^exp~trans~-0~2026~5~10^inc~a~100~2026~5~11|0,2025,9,4
daily	xfer~~1e21~2026~11~31^xfer~1~99.995~2026~11~31^xfer~01~100~2025~9~5^exp~trans~1~2026~5~10^exp~trans~1~2025~9~4|100,2026,5,10
daily	xfer~trans~10.5~2026~0~1^exp~1~99.995~2024~1~29^inc~10~-3~2026~0~1|-1,2026,5,10
rows	_~Z~0~2024~1~29^exp~01~0~2026~11~31^exp~trans~nan~2026~5~10^inc~2~10.5~2025~9~4|
total	exp~2~-0~2026~5~11^inc~Z~100~2025~9~5|
monthly	_~4294967295~0.1~2026~0~1^exp~01~99.995~2026~11~31^exp~~nan~2024~1~29^_~a~-3~2026~11~31^inc~~-3~2026~5~10|100
today	_~1~0~2025~9~4|2024,1,29
total	inc~trans~10.5~2026~5~10^xfer~01~99.995~2025~9~5^inc~2~-3~2026~11~31^exp~4294967295~-0~2026~11~31|
tier	|1e21,1e21
monthly	exp~10~99.995~2026~11~31|100
daily	|0.0001,2026,3,5
today	exp~~0.1~2025~9~4^xfer~rent~-0~2026~5~10^_~trans~100~2025~9~5^inc~~10.5~2026~3~5^_~a~1~2026~3~5^_~food~100~2026~0~1|2025,9,5
rows	exp~4294967295~-3~2026~5~11^_~01~100~2024~1~29^exp~~1e21~2026~0~1^exp~10~99.995~2024~1~29^exp~a~1~2026~5~10|
total	xfer~2~1e21~2025~9~4^exp~Z~0.1~2026~5~11^_~Z~-3~2026~5~10^exp~rent~0~2026~5~10^exp~4294967295~99.995~2026~5~11^exp~trans~99.995~2026~0~1|
monthly	exp~trans~10.5~2026~0~1^exp~food~0.1~2026~5~11^_~~0.1~2025~9~4|0
rows	exp~10~0~2026~5~10|2:1e21;rent:nan;10:100;1:1;01:100
rows	|2:0.0001;Z:nan
rows	exp~01~10.5~2026~5~10^inc~a~nan~2024~1~29^inc~trans~-0~2026~0~1^exp~01~99.995~2025~9~5^inc~trans~1~2026~0~1|01:10.5;trans:nan
rows	|trans:0;a:nan;10:-1
today	exp~trans~1e21~2026~5~11^_~rent~-0~2026~3~5^exp~2~1e21~2025~9~5|2026,3,5
today	_~food~0~2026~11~31|2026,0,1
rows	inc~a~-0~2026~0~1|01:nan;a:1e21
tier	|10.5,100
rows	exp~trans~0.1~2024~1~29^exp~10~nan~2025~9~5^_~10~0~2024~1~29|10:100;Z:100
today	_~a~-3~2024~1~29^inc~10~-0~2026~5~11^inc~~nan~2026~0~1^xfer~10~nan~2026~11~31^exp~~1e21~2026~11~31^exp~10~1~2026~5~11|2026,11,31
today	exp~~nan~2026~11~31^exp~01~-3~2025~9~4^exp~4294967295~100~2026~3~5^exp~rent~0.1~2024~1~29^exp~Z~-0~2024~1~29|2026,11,31
daily	inc~~0.1~2026~0~1^_~food~10.5~2026~11~31|10.5,2026,11,31
daily	exp~4294967295~nan~2026~0~1^inc~4294967295~-0~2025~9~4^exp~10~0.1~2026~11~31|10.5,2026,5,11
rows	exp~10~1e21~2025~9~5^_~~1e21~2026~11~31^_~~-3~2026~5~10^exp~10~10.5~2026~5~11^xfer~~1e21~2026~5~11^_~~1~2026~11~31|10:1e21;:1e21
rows	|
rows	exp~Z~-0~2026~5~10^_~2~10.5~2026~5~11^inc~2~99.995~2024~1~29^exp~10~0~2026~5~11^exp~trans~-0~2025~9~5|2:1
daily	exp~rent~nan~2024~1~29^_~4294967295~nan~2026~11~31|1,2024,1,29
monthly	exp~Z~0.1~2026~5~10^exp~a~1~2024~1~29^_~10~nan~2024~1~29^inc~4294967295~10.5~2026~5~11^exp~2~1e21~2026~3~5|100
total	xfer~4294967295~1e21~2025~9~4^exp~10~-3~2026~11~31^inc~~1e21~2025~9~4^inc~10~0~2026~5~11^inc~2~0.1~2025~9~4^exp~food~99.995~2025~9~5|
rows	|Z:100
total	|
daily	exp~Z~99.995~2026~3~5^xfer~2~99.995~2026~5~11^inc~a~100~2025~9~5^inc~1~-3~2026~3~5^exp~4294967295~100~2026~5~11|0.0001,2026,5,10
today	_~food~nan~2025~9~5^exp~food~0.1~2026~11~31|2026,0,1
total	exp~10~-0~2024~1~29^xfer~~0~2026~3~5^exp~rent~0~2026~11~31^exp~10~-3~2026~5~11^_~trans~100~2024~1~29|
daily	|nan,2025,9,4
rows	xfer~2~100~2026~5~10|rent:10.5;:-1;trans:nan;01:0
rows	exp~10~10.5~2026~11~31^inc~food~100~2026~5~11^xfer~Z~nan~2025~9~5^_~trans~0.1~2026~11~31^exp~1~0~2026~11~31|
monthly	exp~~0~2026~3~5^inc~~-3~2024~1~29^xfer~food~10.5~2026~11~31|1e21
today	exp~food~nan~2026~5~11^inc~food~1e21~2026~11~31^exp~01~-3~2025~9~4^exp~10~10.5~2026~5~11^exp~1~99.995~2024~1~29^exp~01~-3~2026~5~10|2026,11,31
monthly	exp~trans~nan~2026~0~1^_~~10.5~2026~5~11^exp~10~1e21~2025~9~4|0
monthly	xfer~food~-0~2025~9~5^xfer~2~100~2026~5~11^exp~01~0.1~2025~9~4^inc~2~0.1~2025~9~4|10.5
tier	|-0,0
rows	_~food~100~2026~11~31|food:-1
rows	xfer~1~-0~2025~9~4|01:-1;1:100;2:1e21;rent:10.5;Z:1
tier	|0.1,nan
monthly	exp~rent~0.1~2026~3~5^xfer~food~1~2026~11~31^inc~rent~10.5~2026~5~11^exp~1~99.995~2026~11~31|100
total	_~rent~1~2026~11~31^exp~rent~0.1~2026~5~11|
total	xfer~4294967295~1~2025~9~4^exp~Z~0~2026~0~1|
tier	|10.5,0.0001
rows	exp~01~1e21~2026~3~5^_~4294967295~100~2026~11~31^exp~Z~nan~2026~11~31^inc~trans~10.5~2025~9~5^inc~1~100~2024~1~29|
total	xfer~2~100~2026~5~11^inc~4294967295~99.995~2024~1~29^exp~10~0.1~2026~11~31^xfer~trans~1~2025~9~4^exp~rent~99.995~2026~3~5^inc~10~nan~2025~9~5|
total	exp~4294967295~0.1~2024~1~29|
today	exp~Z~10.5~2024~1~29^exp~food~1~2025~9~5|2026,3,5
tier	|-3,100
tier	|-0,1e21
rows	|2:-1;01:10.5;food:1;rent:1
rows	inc~rent~1e21~2026~5~10^xfer~10~1e21~2026~5~10^exp~4294967295~0~2026~5~10|rent:100;food:0;10:100
today	exp~a~-3~2024~1~29^xfer~01~10.5~2025~9~4^exp~food~0~2026~0~1^exp~4294967295~10.5~2026~5~10^inc~rent~99.995~2026~5~10^exp~food~1e21~2025~9~5|2026,3,5
rows	|trans:nan;:1;a:1e21;10:nan;2:-1
daily	|-1,2026,5,10
rows	exp~rent~1~2024~1~29^xfer~01~-3~2025~9~4^exp~food~1e21~2026~3~5^exp~rent~10.5~2026~3~5^_~rent~99.995~2026~5~10|4294967295:0.0001;10:10.5;:10.5;rent:-1;food:1e21
today	exp~Z~100~2026~11~31^inc~a~-0~2026~3~5^exp~~1~2026~5~10^exp~rent~nan~2024~1~29^exp~10~0~2024~1~29|2026,5,10
tier	|10.5,100
tier	|0,100
monthly	|10.5
total	|
tier	|-0,0.0001
daily	xfer~Z~1~2025~9~4^exp~01~10.5~2024~1~29^exp~Z~1e21~2025~9~4^inc~a~1~2026~0~1^inc~a~0.1~2024~1~29|10.5,2024,1,29
rows	|:100;rent:100;1:1e21
tier	|-0,100
rows	exp~10~99.995~2025~9~4^inc~food~-0~2025~9~5^_~trans~100~2026~3~5^exp~Z~-0~2026~3~5^exp~Z~-0~2025~9~5|Z:1e21;4294967295:1
total	exp~~10.5~2026~5~11^exp~10~10.5~2025~9~4^exp~rent~1~2025~9~4|
daily	exp~~1~2025~9~4^exp~trans~1e21~2026~11~31^inc~~0~2025~9~4^xfer~food~99.995~2026~0~1^exp~~1~2024~1~29^exp~~nan~2026~5~11|0,2026,5,11
rows	|
tier	|100,0.0001
monthly	xfer~rent~-3~2026~11~31^inc~~-3~2026~3~5^inc~1~1~2026~11~31|10.5
total	exp~1~99.995~2026~5~11|
rows	exp~rent~99.995~2024~1~29^exp~rent~-3~2026~5~10|rent:100
rows	inc~4294967295~99.995~2025~9~5|10:0.0001;4294967295:-1;01:100
tier	|1e21,0
daily	exp~2~100~2026~0~1^xfer~2~99.995~2026~0~1^exp~rent~-3~2025~9~5^xfer~trans~1~2026~5~11^exp~rent~1e21~2024~1~29^exp~Z~nan~2025~9~5|0.0001,2026,11,31
daily	exp~10~1~2026~3~5^exp~Z~-0~2026~0~1|100,2026,11,31
monthly	inc~2~10.5~2024~1~29|1
total	exp~Z~-3~2026~3~5^xfer~1~0~2026~5~11^exp~4294967295~1e21~2024~1~29^xfer~a~99.995~2026~0~1^inc~rent~-0~2025~9~4^exp~1~100~2024~1~29|
today	inc~2~nan~2025~9~4^exp~Z~0.1~2024~1~29^inc~~0.1~2026~5~10|2026,0,1
today	exp~1~nan~2026~5~11|2026,11,31
total	inc~food~0.1~2026~5~11^exp~01~-0~2026~3~5^exp~1~99.995~2024~1~29^inc~10~-3~2026~3~5|
daily	|100,2026,3,5
monthly	exp~4294967295~10.5~2026~11~31|1
rows	exp~a~0~2025~9~4^exp~Z~-3~2026~5~11^xfer~food~-3~2026~5~11^exp~10~-0~2025~9~5|
rows	exp~rent~10.5~2025~9~5^exp~2~0~2026~0~1^inc~trans~nan~2026~5~11^exp~1~1~2024~1~29^_~Z~0~2026~5~11^exp~10~-0~2024~1~29|
tier	|1,1
daily	|10.5,2025,9,4
rows	inc~food~-3~2026~11~31^exp~~nan~2024~1~29^exp~10~0~2024~1~29^_~10~99.995~2025~9~5^exp~10~nan~2024~1~29^xfer~10~0.1~2026~3~5|10:1e21
rows	inc~rent~99.995~2026~3~5^exp~trans~-0~2024~1~29^inc~a~nan~2026~0~1^_~10~-3~2026~0~1^inc~trans~-0~2026~5~10|a:100;trans:-1;10:1
tier	|1,100
rows	inc~trans~1e21~2025~9~4^_~trans~1e21~2024~1~29^exp~trans~-0~2026~5~11|trans:10.5;2:1e21
daily	exp~1~-0~2026~11~31|0,2026,0,1
rows	|food:1;:1e21;trans:1;2:-1;rent:0
tier	|-0,0.0001
daily	|1,2024,1,29
today	|2026,11,31
rows	exp~4294967295~nan~2026~3~5^_~4294967295~1~2026~3~5|4294967295:0
monthly	|0
total	exp~01~0~2025~9~4^xfer~food~1~2025~9~4^exp~2~1e21~2026~5~11^exp~Z~0~2026~5~10|
daily	exp~~-0~2024~1~29^exp~rent~0.1~2026~11~31^inc~a~99.995~2026~5~11^exp~a~10.5~2025~9~4|1,2026,0,1
daily	|100,2025,9,4
today	|2026,3,5
rows	exp~10~0~2026~0~1^exp~10~99.995~2026~11~31^inc~10~10.5~2026~5~11^_~4294967295~nan~2025~9~4^inc~10~-0~2026~11~31|10:1e21
rows	xfer~4294967295~-3~2026~0~1^_~10~1e21~2024~1~29^exp~01~-0~2026~5~10^xfer~01~0.1~2026~5~10|4294967295:10.5;01:1
daily	inc~4294967295~-3~2026~0~1^inc~01~10.5~2024~1~29^xfer~01~10.5~2026~0~1^exp~a~99.995~2024~1~29^xfer~rent~-3~2026~0~1^exp~food~-3~2026~0~1|1,2026,0,1
rows	inc~10~1e21~2025~9~4^exp~10~1~2026~5~10^xfer~rent~1~2025~9~4^exp~10~99.995~2026~5~11^inc~food~1e21~2026~0~1|rent:1e21;a:1;10:0;01:1
monthly	inc~10~nan~2025~9~5^exp~4294967295~nan~2026~3~5^_~1~1~2026~3~5^xfer~2~nan~2026~11~31^inc~1~100~2025~9~4^exp~trans~0~2026~0~1|100
daily	inc~~1~2026~5~10^xfer~4294967295~0~2025~9~5|nan,2026,0,1
tier	|-0,-1
total	exp~rent~1e21~2024~1~29^inc~4294967295~nan~2026~5~11|
rows	xfer~Z~100~2026~11~31^inc~Z~0~2026~11~31^exp~10~1e21~2024~1~29^inc~4294967295~nan~2024~1~29|Z:10.5
rows	exp~4294967295~100~2025~9~5^exp~4294967295~1e21~2026~5~10^exp~a~-0~2025~9~4^inc~1~10.5~2026~0~1^exp~4294967295~1~2026~5~11|
today	inc~10~100~2025~9~4^_~2~1e21~2026~0~1^exp~1~1~2026~3~5|2026,0,1
today	exp~10~nan~2026~0~1^exp~10~99.995~2026~5~11^inc~Z~99.995~2026~0~1^exp~food~-0~2026~5~11|2026,3,5
today	inc~01~-3~2026~0~1^xfer~10~0~2025~9~5^inc~food~1e21~2026~5~10|2026,5,11
tier	|0.1,10.5
rows	|1:-1
today	|2026,0,1
daily	exp~a~1~2026~5~11^_~trans~1e21~2026~5~10^inc~rent~0~2026~5~10|1e21,2026,5,11
rows	inc~1~99.995~2026~5~10^exp~trans~-3~2026~11~31^_~01~0~2026~11~31^exp~1~-0~2026~5~11^inc~trans~100~2026~11~31|a:100;Z:nan;trans:1e21;1:0
tier	|1e21,100
monthly	exp~4294967295~nan~2025~9~4^xfer~rent~nan~2026~3~5^inc~Z~-3~2026~5~11^exp~2~-3~2026~0~1^exp~food~100~2026~5~11^exp~10~0.1~2026~5~11|nan
daily	|1e21,2026,3,5
rows	inc~4294967295~10.5~2026~5~10^xfer~rent~99.995~2026~5~11^xfer~rent~1~2025~9~4^exp~rent~99.995~2025~9~5^exp~rent~-0~2026~0~1^exp~rent~nan~2026~11~31|food:0.0001;rent:100
monthly	|1
tier	|100,10.5
rows	_~2~10.5~2025~9~5^exp~2~0.1~2024~1~29|2:10.5;10:1e21
rows	exp~01~-3~2025~9~5^_~01~1~2026~5~11^exp~1~10.5~2026~11~31^_~01~100~2024~1~29|01:0.0001;2:0
rows	xfer~10~0~2026~11~31^_~Z~1~2024~1~29^exp~10~0.1~2025~9~4^exp~10~99.995~2024~1~29^exp~01~nan~2026~11~31^inc~Z~nan~2026~5~11|
rows	exp~2~10.5~2026~5~10^exp~2~99.995~2026~3~5^inc~food~1e21~2026~5~10|2:1
tier	|10.5,100
daily	inc~a~-0~2026~11~31^xfer~10~0.1~2024~1~29|nan,2025,9,4
rows	|10:100;rent:100
total	exp~food~0.1~2025~9~5|
total	_~rent~0.1~2026~5~11^exp~Z~10.5~2025~9~5^_~Z~10.5~2026~11~31|
total	_~1~100~2026~5~10^exp~~0~2026~11~31^_~trans~nan~2026~5~10|
today	|2026,0,1
total	xfer~10~1~2025~9~5^exp~rent~nan~2026~5~11^inc~1~99.995~2026~0~1^exp~2~99.995~2024~1~29^exp~~0~2025~9~4|
daily	inc~rent~0.1~2026~3~5^exp~food~1e21~2026~5~11|0.0001,2026,5,10
monthly	xfer~1~1e21~2025~9~5^exp~a~-3~2025~9~4^exp~10~-0~2024~1~29^inc~1~100~2025~9~4^xfer~trans~10.5~2026~0~1|10.5
tier	|10.5,1e21
total	_~~nan~2024~1~29^exp~2~100~2026~0~1|
rows	|10:0
daily	exp~Z~1e21~2024~1~29|0.0001,2026,5,10
total	xfer~~0~2025~9~5^exp~1~-0~2026~0~1^xfer~10~nan~2025~9~4|
rows	exp~Z~nan~2026~5~10^exp~a~100~2025~9~4^exp~01~100~2026~5~11^exp~01~100~2024~1~29^xfer~01~99.995~2024~1~29^_~01~10.5~2025~9~5|01:100
monthly	exp~4294967295~1e21~2025~9~5^inc~2~1~2026~3~5^inc~rent~-0~2024~1~29^xfer~1~10.5~2026~5~11^exp~10~1e21~2026~3~5^exp~rent~-0~2026~0~1|1
rows	inc~4294967295~100~2026~5~10^inc~food~nan~2024~1~29|rent:1e21;4294967295:nan;food:0.0001
tier	|10.5,1e21
today	_~~99.995~2025~9~5|2025,9,5
monthly	_~food~1~2026~3~5^inc~1~99.995~2026~11~31^_~food~nan~2026~5~10|nan
total	_~01~100~2025~9~4^exp~2~nan~2026~11~31^xfer~Z~10.5~2025~9~4^exp~food~1e21~2026~0~1|
daily	xfer~10~99.995~2026~11~31^inc~2~1e21~2025~9~5|1e21,2025,9,5
today	exp~10~0.1~2026~3~5^exp~a~99.995~2026~11~31^exp~~-0~2026~5~10^_~food~99.995~2026~0~1^inc~2~0~2026~3~5|2026,5,10
rows	exp~2~-3~2024~1~29^inc~10~1~2026~11~31|2:100;rent:0;10:10.5;a:nan;:100
monthly	inc~Z~-0~2025~9~4^inc~4294967295~1~2026~5~10^exp~rent~1e21~2026~11~31^_~food~100~2025~9~5|10.5
monthly	exp~trans~-0~2026~3~5^exp~01~-3~2024~1~29^exp~~100~2026~3~5^inc~~1e21~2025~9~5^_~rent~1e21~2025~9~4^xfer~2~1e21~2024~1~29|100
today	xfer~1~1e21~2026~0~1|2026,5,11
total	xfer~2~0.1~2026~3~5^exp~food~-3~2025~9~4^_~a~99.995~2026~5~11^exp~01~10.5~2025~9~5|
monthly	exp~food~nan~2026~11~31^_~~0~2026~3~5^exp~food~-0~2026~5~10^xfer~1~99.995~2025~9~5^_~4294967295~nan~2025~9~4^exp~Z~1~2026~5~10|1e21
rows	_~trans~0.1~2026~5~10^xfer~4294967295~10.5~2026~5~10^exp~trans~-0~2026~5~10^exp~rent~99.995~2026~5~11^exp~4294967295~1e21~2025~9~4^exp~~1e21~2026~11~31|4294967295:0.0001;2:100;rent:nan;trans:-1;a:0
rows	exp~Z~0~2026~11~31^exp~Z~1e21~2026~3~5^inc~4294967295~10.5~2026~5~10^xfer~Z~0.1~2024~1~29^inc~4294967295~10.5~2026~3~5|4294967295:nan;:10.5;Z:1
monthly	exp~trans~nan~2024~1~29^exp~a~nan~2025~9~5^exp~a~0~2026~3~5|nan
rows	exp~2~1~2025~9~5^exp~2~100~2026~3~5^exp~4294967295~10.5~2025~9~5^inc~2~-3~2025~9~4^inc~01~0.1~2024~1~29^exp~a~100~2026~0~1|01:100;2:100
monthly	exp~trans~99.995~2026~5~10^xfer~food~1e21~2026~5~10^_~rent~0.1~2026~5~11|100
total	_~2~nan~2026~5~10^xfer~trans~nan~2025~9~4^exp~4294967295~-0~2026~11~31|
total	_~rent~0.1~2026~5~10^exp~food~-3~2026~0~1^exp~food~1~2025~9~4^exp~2~99.995~2026~5~10|
rows	exp~01~-0~2025~9~4|01:-1;Z:10.5;a:1;10:0.0001
tier	|100,100
today	exp~Z~-3~2026~5~11^exp~a~100~2026~11~31^xfer~trans~-0~2026~5~10^exp~Z~0~2026~5~11|2025,9,5
monthly	_~food~-0~2026~11~31|10.5
daily	_~rent~1~2025~9~4^exp~4294967295~1e21~2026~3~5^xfer~4294967295~0.1~2026~5~11^exp~4294967295~1e21~2026~5~11^exp~trans~1e21~2026~11~31^exp~Z~nan~2026~11~31|nan,2026,11,31
rows	exp~Z~-3~2026~0~1^exp~2~99.995~2024~1~29^inc~Z~-0~2026~5~11^exp~food~10.5~2025~9~5^exp~food~0~2026~3~5|food:nan;2:-1
total	|
monthly	_~01~100~2025~9~5^exp~01~nan~2025~9~4^xfer~rent~99.995~2025~9~4^_~10~100~2026~0~1^exp~2~nan~2026~11~31|1e21
today	_~2~nan~2026~5~10^exp~1~1e21~2025~9~4^exp~01~1e21~2026~11~31|2024,1,29
rows	exp~Z~nan~2025~9~4^exp~10~0~2026~11~31|Z:nan
today	xfer~rent~10.5~2025~9~4^inc~a~0~2026~0~1^exp~10~0.1~2026~0~1^exp~01~0~2026~0~1|2026,5,10
monthly	inc~1~0.1~2026~0~1^xfer~10~1~2024~1~29^exp~2~nan~2026~5~10^exp~~-3~2025~9~5^exp~01~-3~2025~9~4^exp~~100~2024~1~29|1e21
daily	inc~10~-3~2024~1~29^xfer~trans~0~2024~1~29^xfer~~10.5~2025~9~4^_~trans~-3~2026~3~5^exp~~-0~2025~9~5^exp~01~-3~2026~3~5|1,2026,5,11
rows	exp~1~1~2025~9~4^xfer~trans~nan~2026~11~31|1:100
rows	exp~4294967295~nan~2026~0~1^exp~4294967295~100~2026~3~5^_~food~100~2026~3~5|4294967295:1e21
monthly	exp~food~nan~2026~5~10^_~food~0~2026~11~31^exp~rent~1~2024~1~29^exp~food~99.995~2026~3~5^inc~trans~1~2026~11~31^exp~food~0~2026~5~11|100
rows	exp~2~nan~2026~11~31^exp~2~100~2026~3~5^inc~2~-0~2026~5~11^exp~2~0.1~2025~9~5^inc~2~10.5~2026~5~11^exp~4294967295~nan~2026~0~1|2:1
rows	|food:0.0001;trans:0.0001;2:-1;:-1;Z:nan
today	_~2~-3~2024~1~29^exp~2~1~2026~11~31|2024,1,29
tier	|0.1,0.0001
daily	_~trans~1e21~2026~11~31^inc~Z~-0~2026~5~10|nan,2025,9,4
rows	inc~~100~2026~0~1^exp~food~-0~2024~1~29^inc~01~-3~2025~9~4^exp~food~0~2026~0~1|food:0;4294967295:1;01:1;1:100
today	inc~Z~nan~2026~0~1^exp~10~1e21~2026~5~11^exp~food~0~2026~0~1^inc~10~100~2026~11~31|2025,9,5
daily	exp~~-0~2026~5~11^exp~a~-3~2026~5~10^exp~food~1~2026~5~11|0.0001,2026,3,5
rows	exp~4294967295~100~2025~9~4^exp~rent~nan~2026~11~31^exp~food~99.995~2026~5~10^exp~~1e21~2026~5~11^xfer~Z~0.1~2026~3~5^exp~~1~2026~3~5|
daily	exp~Z~1e21~2024~1~29^inc~trans~0.1~2024~1~29^exp~2~0.1~2026~11~31|0.0001,2025,9,5
monthly	_~2~10.5~2024~1~29^exp~2~1~2026~0~1^_~Z~99.995~2025~9~4^exp~01~1e21~2026~3~5^_~~99.995~2025~9~5^exp~Z~99.995~2024~1~29|10.5
rows	|1:100;Z:nan;4294967295:nan;:0;01:100
rows	inc~4294967295~10.5~2026~5~10^exp~Z~-0~2026~5~11^inc~a~nan~2026~5~10^exp~Z~99.995~2026~3~5|
rows	|1:10.5;01:1;10:1e21;4294967295:-1;rent:100
monthly	|10.5
today	|2026,11,31
monthly	_~1~99.995~2025~9~5^exp~~1e21~2024~1~29^exp~trans~99.995~2026~3~5|nan
today	exp~a~100~2026~0~1|2026,0,1
monthly	xfer~trans~nan~2026~3~5^exp~trans~0.1~2026~5~10^_~food~99.995~2025~9~4^inc~trans~1~2026~11~31|0.0001
daily	inc~food~1e21~2024~1~29|nan,2026,11,31
today	exp~a~10.5~2025~9~5^xfer~food~-3~2026~0~1^inc~01~-0~2026~0~1|2026,5,11
rows	exp~2~-3~2026~11~31|:0;a:0;trans:10.5;2:nan;rent:0.0001
daily	exp~~nan~2025~9~5^exp~4294967295~99.995~2026~3~5^xfer~Z~0.1~2024~1~29^_~1~-3~2025~9~5|1e21,2024,1,29
daily	inc~trans~nan~2024~1~29^inc~1~-0~2026~3~5|0,2025,9,4
rows	exp~a~99.995~2025~9~4^inc~Z~-3~2026~11~31^exp~10~0~2025~9~4^_~4294967295~0~2026~11~31^exp~4294967295~nan~2026~5~11|
rows	_~food~100~2026~11~31^_~food~-0~2026~3~5^xfer~01~nan~2026~0~1|food:-1;trans:nan
daily	xfer~~0.1~2025~9~5^xfer~4294967295~-3~2026~11~31^xfer~1~1e21~2026~0~1^exp~rent~0.1~2025~9~4|100,2025,9,4
daily	exp~food~-0~2026~11~31^xfer~Z~1~2026~3~5^inc~~0~2026~5~11^exp~4294967295~1e21~2026~5~11^_~Z~-0~2025~9~5^_~10~99.995~2024~1~29|0.0001,2025,9,5
monthly	_~a~-3~2026~5~11^exp~2~nan~2024~1~29^exp~trans~1~2025~9~4^exp~~99.995~2025~9~4|0.0001
rows	exp~01~10.5~2026~5~10^inc~1~0~2025~9~5^inc~rent~1~2026~5~11^exp~rent~nan~2026~5~10^inc~2~-0~2025~9~5|rent:1e21;01:10.5;trans:10.5
total	|
tier	|1e21,1
today	_~~99.995~2024~1~29^_~a~99.995~2026~3~5^exp~2~0.1~2026~0~1^_~~0.1~2026~11~31|2026,11,31
today	exp~trans~-0~2026~5~10^exp~food~1~2026~0~1^exp~trans~nan~2024~1~29^inc~trans~1e21~2025~9~4^xfer~10~99.995~2024~1~29^xfer~1~10.5~2025~9~5|2025,9,5
rows	exp~a~0.1~2025~9~5^exp~10~1e21~2026~5~11^_~1~100~2026~3~5|10:1e21;rent:10.5;trans:1;1:100
daily	exp~2~99.995~2026~3~5|0,2026,5,11
rows	exp~a~1e21~2026~3~5^exp~1~0~2026~5~11^exp~a~99.995~2025~9~4|a:1
rows	exp~food~-3~2025~9~4|rent:0;4294967295:1e21
daily	exp~1~99.995~2025~9~5^exp~01~0.1~2025~9~5^_~01~-0~2025~9~4^exp~rent~99.995~2025~9~5^inc~rent~0.1~2025~9~4^exp~a~99.995~2026~0~1|nan,2026,5,11
daily	_~Z~100~2026~3~5^_~trans~1~2026~5~10^_~food~nan~2024~1~29|10.5,2026,5,10
daily	inc~1~1e21~2026~5~10^_~01~10.5~2026~5~11^exp~2~99.995~2026~0~1^_~rent~100~2026~0~1|10.5,2026,5,10
rows	exp~food~-3~2026~0~1|rent:-1;:0.0001;a:10.5
total	exp~food~100~2026~3~5^exp~trans~-3~2026~5~11^exp~rent~100~2026~5~11^xfer~2~0.1~2026~11~31^_~Z~-0~2026~11~31^exp~4294967295~0~2026~3~5|
today	exp~Z~0~2024~1~29|2026,11,31
rows	exp~a~0.1~2026~11~31|
tier	|99.995,10.5
today	|2025,9,4
rows	inc~Z~-3~2026~11~31^exp~rent~100~2025~9~4|rent:100;Z:0.0001;01:nan;trans:0.0001
rows	exp~Z~100~2024~1~29^inc~trans~1e21~2026~0~1^xfer~trans~nan~2025~9~5^xfer~Z~nan~2026~5~11|4294967295:100;trans:10.5;Z:10.5
rows	_~food~nan~2026~5~10^exp~1~0~2024~1~29^inc~10~10.5~2026~0~1^xfer~Z~99.995~2026~11~31|
today	xfer~Z~1~2026~0~1^exp~a~1~2025~9~5|2026,5,11
rows	|:0.0001;2:nan
rows	xfer~1~100~2025~9~4^exp~1~nan~2026~5~11^exp~a~1~2026~5~10^exp~4294967295~99.995~2026~11~31|rent:100;food:nan;1:1e21;a:0.0001
monthly	_~trans~1~2025~9~5^exp~a~0~2026~3~5^exp~1~nan~2026~11~31^exp~01~100~2026~5~11|10.5
rows	exp~4294967295~0.1~2026~3~5^exp~a~0~2026~5~11^inc~10~0~2025~9~4|
total	_~food~10.5~2026~3~5^inc~1~100~2026~3~5^_~10~-0~2026~0~1^_~~1e21~2024~1~29^xfer~food~0.1~2026~0~1|
daily	inc~trans~99.995~2026~11~31^inc~2~-3~2026~0~1^inc~4294967295~1e21~2025~9~5^exp~trans~-3~2026~3~5|0.0001,2025,9,4
rows	exp~~99.995~2026~5~11^_~~0.1~2025~9~5^_~food~0~2026~5~10|food:1e21;:0
tier	|0,100
rows	exp~01~nan~2026~5~10^exp~~0~2025~9~4|:0;1:0.0001;Z:0;rent:100;a:nan
today	xfer~food~nan~2026~3~5|2026,5,11
today	xfer~food~1e21~2026~5~10^exp~4294967295~-3~2026~3~5^exp~Z~0.1~2026~5~10|2026,0,1
rows	_~trans~0~2026~0~1^exp~4294967295~1~2026~5~10|10:-1;trans:-1
monthly	inc~~99.995~2026~5~11^exp~food~1e21~2026~5~10^_~10~-0~2025~9~5^_~trans~nan~2025~9~5^exp~10~100~2026~11~31|1
today	exp~10~1~2024~1~29^exp~a~99.995~2025~9~5^exp~trans~0~2026~0~1|2024,1,29
today	exp~a~1e21~2026~3~5^exp~4294967295~0~2026~5~10^xfer~a~nan~2025~9~4^xfer~10~1~2024~1~29|2025,9,5
rows	inc~Z~-0~2025~9~5^xfer~Z~99.995~2026~5~10^exp~food~0.1~2026~3~5^xfer~~99.995~2026~5~11^inc~trans~10.5~2025~9~4^exp~4294967295~10.5~2026~5~11|food:100;trans:0;4294967295:10.5;10:100;Z:1
rows	_~01~99.995~2025~9~4^exp~food~nan~2026~0~1^_~food~100~2025~9~4^_~food~nan~2026~5~11^exp~trans~0~2024~1~29|a:0;:0;4294967295:0;trans:1
rows	|
tier	|99.995,100
total	xfer~a~10.5~2025~9~5^_~2~0~2024~1~29^exp~a~1e21~2025~9~5^inc~~100~2026~11~31^exp~a~0~2026~5~11^_~4294967295~1e21~2024~1~29|
daily	exp~Z~0.1~2026~11~31^exp~rent~1e21~2025~9~4^_~rent~100~2024~1~29^_~trans~0~2025~9~4|1,2025,9,4
rows	|
rows	inc~1~nan~2026~5~11^inc~01~99.995~2025~9~5^xfer~Z~0.1~2026~5~11^inc~1~nan~2026~11~31^inc~1~100~2024~1~29|1:100;Z:0;trans:0.0001;01:0
rows	inc~~10.5~2026~5~11^exp~1~nan~2026~11~31^xfer~food~99.995~2026~3~5^exp~Z~100~2026~5~11^inc~Z~0.1~2026~3~5|
rows	exp~~0.1~2026~5~10^exp~food~10.5~2026~0~1^_~~-0~2026~5~10^xfer~a~99.995~2026~0~1^exp~01~1~2026~3~5|01:1;:1;food:1
rows	_~10~100~2025~9~5^exp~10~-3~2025~9~5^exp~10~0.1~2026~5~10|10:0
today	|2025,9,4
rows	exp~trans~1~2026~11~31^exp~trans~100~2025~9~4^inc~4294967295~0.1~2026~3~5^exp~01~1~2026~11~31^exp~01~-0~2026~3~5^inc~a~99.995~2026~5~11|food:100;01:-1;a:100;10:0;4294967295:-1
rows	inc~~99.995~2025~9~4|01:nan;trans:1e21
rows	exp~10~10.5~2025~9~5^xfer~trans~-0~2025~9~4|trans:0;10:nan;1:1;4294967295:100
monthly	xfer~10~-3~2025~9~5^exp~food~-3~2026~5~10|0.0001
rows	_~rent~-0~2026~5~10^exp~2~-3~2025~9~5^exp~food~nan~2024~1~29^inc~food~1e21~2025~9~5|food:100
total	|
rows	xfer~~99.995~2026~5~11^exp~~100~2024~1~29^exp~trans~0~2025~9~4|2:1;rent:0;:1;a:100;food:nan
total	exp~4294967295~1e21~2025~9~4^inc~2~100~2026~11~31^xfer~food~10.5~2025~9~5^exp~10~1~2026~5~10^exp~Z~nan~2025~9~5^exp~10~10.5~2026~5~11|
daily	xfer~4294967295~0~2026~5~10^xfer~trans~100~2026~0~1|100,2026,5,10
rows	_~4294967295~0.1~2026~3~5^inc~trans~1e21~2026~11~31^_~~0.1~2026~3~5|a:0.0001;4294967295:-1;food:0.0001;trans:1
total	_~~1e21~2025~9~5^exp~2~-3~2026~3~5^xfer~1~99.995~2026~5~10^xfer~rent~99.995~2025~9~5^inc~10~0~2025~9~4|
total	_~2~nan~2026~5~10^exp~4294967295~10.5~2026~5~11^exp~food~99.995~2024~1~29^exp~1~10.5~2026~5~10^exp~10~0.1~2025~9~4^exp~1~10.5~2025~9~4|
rows	xfer~trans~-3~2024~1~29^xfer~trans~99.995~2026~5~10|10:10.5;a:10.5;rent:0.0001;trans:nan
rows	exp~a~-3~2025~9~4^exp~1~99.995~2024~1~29^inc~2~nan~2026~5~11^inc~rent~0.1~2026~0~1^xfer~01~99.995~2026~5~10^exp~a~-3~2025~9~4|01:10.5;10:1;a:1;trans:1;1:-1
tier	|-0,-1
monthly	xfer~trans~100~2024~1~29|0
today	exp~2~99.995~2026~5~11^xfer~a~0~2025~9~5^exp~4294967295~99.995~2025~9~4|2026,3,5
tier	|0.1,10.5
total	_~1~1~2026~5~11^xfer~a~0.1~2026~0~1^xfer~trans~0~2026~5~10^_~Z~-3~2026~5~11^exp~rent~10.5~2025~9~5|
total	exp~1~-3~2026~5~10^exp~4294967295~nan~2026~0~1^_~~0~2026~11~31^xfer~~-0~2024~1~29|
rows	exp~4294967295~-3~2025~9~5^exp~Z~1~2026~5~11|Z:1;:-1;4294967295:0.0001;food:100
tier	|nan,0.0001
tier	|-0,nan
rows	exp~Z~-0~2024~1~29^_~~-3~2026~11~31^exp~~100~2026~11~31^xfer~1~0~2026~5~10|:nan;Z:100
tier	|-3,0
today	_~01~1e21~2025~9~5|2026,5,10
tier	|0.1,10.5
monthly	xfer~food~100~2026~5~11^inc~10~1e21~2026~0~1^exp~~100~2025~9~5|100
rows	xfer~01~10.5~2026~5~10^exp~1~0~2025~9~4^exp~trans~nan~2025~9~5^inc~1~1e21~2026~5~10|trans:1e21;1:1
total	exp~Z~nan~2026~3~5^exp~1~nan~2025~9~5^_~Z~-3~2026~3~5|
monthly	|0
tier	|0,100
rows	exp~2~0.1~2025~9~5^exp~4294967295~nan~2025~9~5|a:10.5;food:1e21;4294967295:10.5;2:0.0001;:nan
tier	|0,1
today	|2026,11,31
monthly	inc~2~1~2026~5~11^exp~rent~99.995~2026~0~1^exp~01~1e21~2025~9~5|1e21
tier	|0.1,100
rows	exp~4294967295~99.995~2026~5~11^inc~food~0.1~2026~5~10^inc~~10.5~2024~1~29^exp~trans~-0~2025~9~5|trans:0;:10.5
tier	|nan,1e21
monthly	_~10~10.5~2026~3~5^exp~Z~1e21~2026~5~10|0.0001
rows	exp~trans~0.1~2026~0~1^inc~~1~2024~1~29|food:100;01:0.0001
daily	_~1~1~2026~11~31^xfer~10~99.995~2026~3~5^_~a~-0~2026~5~10^xfer~2~0.1~2026~3~5^exp~01~0~2025~9~5|100,2024,1,29
today	exp~~99.995~2024~1~29^exp~2~1~2025~9~4^exp~4294967295~-3~2024~1~29^xfer~4294967295~10.5~2026~5~10^exp~a~10.5~2026~5~10^_~trans~1e21~2026~5~11|2025,9,5
rows	exp~10~-0~2026~5~11^exp~10~100~2026~0~1^exp~Z~0.1~2024~1~29^exp~10~1e21~2025~9~5^exp~10~0~2026~11~31^inc~a~0.1~2026~5~11|10:100
tier	|1,1e21
today	inc~Z~0~2024~1~29|2026,0,1
rows	exp~1~10.5~2026~3~5^exp~food~nan~2026~0~1^exp~rent~0~2026~3~5^_~1~10.5~2024~1~29|trans:100;rent:0;1:0.0001
rows	|
tier	|0,0.0001
rows	exp~Z~-3~2026~3~5^inc~2~0~2026~11~31|
rows	xfer~a~1e21~2025~9~4^_~rent~-0~2026~5~11^inc~a~1~2024~1~29^_~01~1e21~2025~9~5|01:10.5;rent:100
rows	_~1~0~2026~0~1^exp~Z~-3~2026~0~1|
rows	inc~food~0.1~2026~0~1|food:-1;10:0;Z:nan
daily	inc~1~-0~2026~5~10^inc~a~0~2025~9~5^exp~food~0.1~2025~9~4^exp~rent~-0~2025~9~4^inc~Z~0~2026~5~11^exp~Z~100~2026~11~31|100,2025,9,5
daily	exp~01~nan~2024~1~29^xfer~~10.5~2025~9~5^exp~rent~0.1~2025~9~4^_~a~100~2025~9~4^inc~trans~0~2026~5~11|-1,2026,3,5
daily	exp~rent~10.5~2026~5~10^inc~2~100~2024~1~29^xfer~2~-0~2026~5~11^xfer~10~1e21~2026~5~10^exp~4294967295~99.995~2025~9~5^exp~01~-3~2025~9~4|1e21,2026,0,1
tier	|1,10.5
rows	exp~food~1~2026~5~10|food:1;4294967295:nan;a:0.0001;:100;1:10.5
tier	|nan,-1
monthly	|100
tier	|100,0
today	xfer~1~-3~2025~9~4|2025,9,4
rows	_~Z~-0~2026~3~5^exp~Z~10.5~2024~1~29|01:100;rent:0;trans:10.5;Z:-1;a:0
today	exp~1~-0~2025~9~5^inc~4294967295~0.1~2025~9~4^inc~rent~1~2026~0~1^xfer~1~-0~2025~9~4^_~food~1~2026~11~31^exp~rent~10.5~2025~9~4|2026,5,10
monthly	|0
total	exp~trans~99.995~2026~3~5^exp~2~10.5~2026~11~31^xfer~trans~100~2025~9~4^xfer~10~1~2026~5~11|
total	inc~4294967295~-3~2026~5~10|
today	exp~1~-0~2026~11~31|2026,5,11
today	exp~~nan~2026~5~11^_~a~0.1~2025~9~5^exp~a~100~2026~5~11^inc~2~1~2026~11~31^exp~2~-3~2026~5~10|2026,3,5
total	exp~2~-3~2026~5~10|
monthly	xfer~Z~-3~2025~9~5^inc~4294967295~nan~2026~5~10^exp~4294967295~1e21~2026~11~31^exp~food~nan~2026~3~5^_~01~-0~2026~5~10^xfer~01~0.1~2024~1~29|1
daily	inc~~100~2024~1~29^_~rent~0.1~2024~1~29^exp~1~1e21~2025~9~5|0,2026,0,1
today	exp~food~1~2026~5~10^exp~rent~10.5~2025~9~5^xfer~food~10.5~2026~5~11^exp~~1e21~2026~3~5^exp~rent~1~2026~3~5|2026,5,10
rows	exp~01~0.1~2025~9~5^exp~01~-3~2025~9~5^exp~01~0.1~2025~9~5|01:1
daily	exp~2~10.5~2026~5~10^inc~~100~2026~11~31^xfer~2~-3~2026~0~1^exp~a~-0~2024~1~29|10.5,2025,9,5
today	exp~10~1~2025~9~4^xfer~Z~0~2026~5~10|2026,3,5
rows	exp~food~1e21~2026~0~1^exp~food~100~2026~5~11^exp~~nan~2026~0~1^exp~food~1~2026~5~11^exp~2~99.995~2026~5~10^xfer~~1e21~2025~9~4|Z:nan;:0.0001;food:1
tier	|1,-1
monthly	_~a~nan~2024~1~29^exp~rent~-3~2024~1~29^exp~10~-3~2025~9~4^exp~rent~10.5~2026~0~1^xfer~~-3~2025~9~4|0.0001
monthly	|100
tier	|1e21,0.0001
rows	inc~~10.5~2026~3~5^exp~trans~100~2026~5~10^exp~10~0.1~2026~0~1^exp~~-0~2026~11~31^exp~Z~1e21~2026~11~31^inc~trans~0~2025~9~4|10:-1;:-1;Z:-1;trans:100;food:1e21
rows	exp~4294967295~1e21~2025~9~5^exp~rent~1e21~2025~9~5^exp~4294967295~99.995~2026~5~11^_~rent~99.995~2025~9~4^inc~~nan~2025~9~5|4294967295:1e21;trans:1;rent:0;10:0.0001
rows	exp~4294967295~1~2025~9~5^_~01~1e21~2025~9~4^inc~1~10.5~2026~5~11|rent:1e21;a:10.5;:10.5;4294967295:1;2:100
tier	|1e21,-1
today	xfer~food~0.1~2026~11~31^exp~trans~0.1~2025~9~5|2026,5,11
today	|2026,11,31
rows	|2:-1;rent:-1
total	xfer~01~10.5~2026~0~1|
tier	|1,-1
monthly	inc~~99.995~2025~9~4^exp~a~1e21~2026~5~10^inc~rent~100~2025~9~4|10.5
total	exp~Z~-0~2026~3~5^exp~a~10.5~2026~3~5^_~a~-0~2026~0~1^exp~01~nan~2026~0~1^xfer~food~99.995~2025~9~4|
monthly	exp~a~100~2026~5~10^_~2~0~2026~3~5^inc~10~1e21~2026~3~5^xfer~2~-3~2026~0~1|1e21
daily	xfer~01~99.995~2026~5~11^exp~rent~1~2024~1~29|10.5,2026,11,31
rows	exp~2~-3~2026~3~5^exp~01~1e21~2026~3~5^exp~10~99.995~2026~0~1^exp~Z~10.5~2026~11~31^inc~01~10.5~2025~9~5|01:100;Z:10.5;10:10.5
total	xfer~food~1e21~2026~3~5^exp~10~nan~2024~1~29^_~~0~2026~5~10^exp~4294967295~0~2026~5~11^exp~a~nan~2026~5~10|
today	_~1~0.1~2026~5~10^xfer~food~-3~2024~1~29|2026,11,31
tier	|0,-1
daily	exp~rent~1~2026~5~10^exp~a~nan~2026~5~11^exp~food~-3~2024~1~29|0.0001,2026,5,11
today	exp~1~-0~2025~9~5|2026,5,10
tier	|0.1,1e21
total	_~01~nan~2025~9~5^exp~rent~0~2026~5~11^exp~Z~1e21~2024~1~29|
today	exp~rent~100~2026~5~11^inc~rent~nan~2026~0~1^exp~1~nan~2026~0~1^exp~~-3~2026~11~31|2026,5,10
daily	exp~01~99.995~2026~0~1|100,2024,1,29
tier	|100,10.5
daily	exp~1~-3~2026~5~10^inc~food~-3~2026~3~5^exp~01~1e21~2025~9~4^xfer~a~1~2026~0~1^exp~4294967295~1~2024~1~29^exp~10~-3~2026~5~11|-1,2026,11,31
today	xfer~~1~2025~9~5^_~food~99.995~2026~11~31^exp~a~100~2026~0~1^inc~2~1~2025~9~4^exp~~nan~2026~5~10^exp~trans~1~2026~11~31|2024,1,29
tier	|nan,100
monthly	|100
today	exp~~10.5~2025~9~5^xfer~~10.5~2024~1~29|2025,9,4
tier	|0,0.0001
total	|
monthly	|0
rows	exp~~nan~2026~5~10^exp~10~99.995~2024~1~29^exp~Z~1e21~2026~5~10^exp~a~0.1~2025~9~5^xfer~1~0.1~2026~3~5|
tier	|-0,100
today	exp~Z~0~2024~1~29^_~2~-3~2024~1~29^inc~a~10.5~2025~9~5^xfer~4294967295~1~2026~5~11^xfer~10~100~2025~9~4|2026,5,10
today	exp~food~1~2026~3~5|2026,3,5
total	|
daily	exp~rent~100~2024~1~29^exp~food~-3~2026~11~31^exp~a~nan~2025~9~5^exp~10~-3~2025~9~4|0,2025,9,4
total	exp~a~99.995~2025~9~5^xfer~2~nan~2026~11~31|
total	exp~food~1e21~2026~5~11^inc~rent~-3~2025~9~5^exp~2~1~2024~1~29^exp~food~0.1~2026~5~10|
total	xfer~10~100~2026~3~5^exp~01~99.995~2026~5~10^exp~Z~10.5~2025~9~5|
monthly	|-1
total	xfer~a~1e21~2024~1~29^inc~trans~1~2026~5~11^xfer~10~nan~2025~9~4^_~2~-3~2025~9~4^_~1~0~2026~11~31|
rows	xfer~4294967295~1~2026~3~5^xfer~4294967295~-0~2026~5~10^exp~4294967295~nan~2026~5~10^_~4294967295~99.995~2026~11~31^exp~a~0~2025~9~4|:100;4294967295:1e21
total	exp~1~10.5~2026~0~1^exp~rent~-0~2026~5~10^xfer~Z~100~2026~3~5^_~rent~0.1~2024~1~29^exp~01~0~2026~5~10|
monthly	_~10~nan~2026~5~11^exp~trans~10.5~2026~11~31^exp~rent~100~2025~9~5|-1
tier	|-3,100
today	exp~a~100~2025~9~4|2024,1,29
today	|2026,11,31
monthly	inc~10~nan~2026~3~5^_~trans~nan~2026~11~31^inc~01~1~2026~3~5^inc~01~100~2025~9~5^exp~01~0.1~2025~9~4|10.5
rows	|food:100;4294967295:1;10:-1;trans:10.5
tier	|100,0.0001
rows	|4294967295:10.5;01:100;Z:1e21;a:0.0001
today	_~trans~0.1~2026~3~5^exp~food~0~2026~0~1^xfer~1~99.995~2026~3~5^xfer~10~1e21~2026~3~5^exp~a~1~2026~0~1^_~2~nan~2026~11~31|2026,0,1
today	exp~a~-3~2026~3~5^exp~food~10.5~2024~1~29^exp~2~1e21~2026~3~5|2026,3,5
total	|
total	exp~~10.5~2026~3~5^inc~food~1~2026~5~11|
rows	exp~~99.995~2025~9~5^inc~~0~2024~1~29|:100;01:100;2:1e21;trans:10.5
today	exp~1~-3~2026~11~31^_~rent~99.995~2026~11~31^_~10~nan~2026~0~1^inc~01~1e21~2026~0~1^inc~10~0.1~2024~1~29^exp~a~0~2024~1~29|2025,9,4
rows	exp~4294967295~0~2025~9~4|
monthly	xfer~10~-0~2026~0~1|1e21
today	exp~~99.995~2026~5~11|2025,9,4
rows	|4294967295:100;Z:100
tier	|0.1,1
monthly	xfer~rent~nan~2026~5~10^inc~trans~99.995~2026~0~1^inc~~-3~2026~11~31^_~rent~1e21~2025~9~5|0.0001
daily	|1,2026,0,1
daily	exp~trans~100~2025~9~4|0,2026,5,10
monthly	exp~Z~0~2026~11~31^exp~1~0.1~2024~1~29^inc~1~100~2026~5~11^exp~food~0~2026~3~5|-1
today	exp~~10.5~2026~11~31^_~4294967295~1~2025~9~5^exp~~nan~2026~11~31|2026,5,11
rows	_~1~10.5~2026~5~10^inc~1~1~2026~3~5^_~10~nan~2026~11~31^xfer~4294967295~-3~2025~9~4^exp~2~100~2025~9~4|1:nan;2:100;01:1
total	xfer~10~nan~2024~1~29^_~10~-3~2026~0~1^_~Z~-3~2026~5~11^exp~1~1e21~2025~9~4^exp~~1~2026~5~10^exp~rent~100~2026~5~10|
tier	|-0,1e21
tier	|0.1,100
rows	_~a~nan~2026~3~5|4294967295:1;:0.0001;a:1e21;1:10.5
monthly	_~Z~0.1~2026~5~10^_~01~1~2026~0~1^exp~4294967295~-3~2026~0~1^xfer~2~0~2025~9~4^exp~a~nan~2024~1~29|100
monthly	|nan
total	exp~~nan~2026~0~1^exp~Z~0~2026~5~11^inc~rent~nan~2026~5~11|
rows	exp~4294967295~0.1~2026~5~11^exp~4294967295~0.1~2026~5~11^exp~1~1~2025~9~4^exp~4294967295~99.995~2025~9~4|1:1;:nan;01:1e21;4294967295:10.5;rent:100
daily	inc~1~1~2026~5~11|1e21,2026,11,31
rows	|food:-1;01:100
monthly	inc~a~1~2026~5~11|1
daily	exp~10~0~2026~0~1^exp~1~-0~2026~5~11^exp~Z~-3~2026~5~10|1e21,2026,5,10
rows	|a:1;01:0;1:nan;2:0.0001
monthly	inc~rent~1e21~2026~5~11^xfer~trans~1e21~2026~0~1^_~2~-3~2026~0~1^exp~trans~1e21~2026~11~31^exp~2~-3~2026~11~31|0
monthly	inc~Z~-0~2026~3~5|10.5
daily	_~~-3~2026~3~5^_~Z~-3~2025~9~4^inc~Z~0~2025~9~4^exp~a~0.1~2025~9~4|-1,2026,11,31
total	exp~~1~2025~9~4^xfer~1~nan~2026~3~5^exp~rent~-0~2026~3~5^_~food~-3~2026~5~11|
daily	inc~4294967295~0.1~2025~9~4^xfer~4294967295~nan~2026~0~1|100,2025,9,5
monthly	exp~4294967295~100~2026~3~5^exp~01~nan~2026~5~11^_~01~1e21~2026~0~1^_~10~0~2026~0~1^inc~Z~0~2024~1~29|0
rows	|trans:100
rows	exp~4294967295~-3~2026~11~31^exp~01~10.5~2026~5~10|4294967295:nan;rent:-1;01:nan
daily	exp~Z~99.995~2026~5~10^_~rent~nan~2026~11~31^_~4294967295~99.995~2026~0~1^xfer~Z~1~2025~9~5|100,2026,3,5
today	inc~a~99.995~2026~5~11^exp~food~-3~2026~5~10^xfer~1~0.1~2026~3~5^_~~100~2024~1~29^exp~2~1~2026~3~5^exp~4294967295~10.5~2025~9~4|2025,9,4
rows	exp~Z~0.1~2026~0~1|Z:1;10:1e21;trans:nan;01:-1;rent:1
monthly	exp~2~-0~2025~9~5|1
daily	inc~2~100~2026~0~1^exp~a~0~2025~9~4^_~Z~0.1~2024~1~29^exp~Z~99.995~2026~5~11^exp~food~-3~2026~0~1|0.0001,2024,1,29
total	exp~1~0.1~2024~1~29^exp~~10.5~2026~11~31|
rows	inc~trans~100~2025~9~4^_~01~10.5~2025~9~4^inc~rent~10.5~2025~9~5^exp~~0~2025~9~4^exp~01~1~2025~9~5|rent:1e21;01:10.5;1:-1;trans:100
total	exp~2~1~2026~5~11^_~2~-0~2026~5~10^exp~rent~99.995~2026~3~5^_~Z~100~2026~11~31^exp~rent~1e21~2026~11~31|
tier	|100,100
tier	|1,0
daily	exp~4294967295~-3~2026~0~1|-1,2026,5,11
total	exp~food~10.5~2026~5~11^exp~10~0~2026~0~1|
rows	exp~Z~0.1~2025~9~4^inc~10~0~2026~0~1^exp~food~-0~2025~9~4^exp~~99.995~2026~5~10|food:0.0001;10:0.0001;:1e21;a:1e21
rows	xfer~rent~nan~2026~5~10^exp~Z~1e21~2026~11~31|
monthly	exp~2~0.1~2026~3~5^exp~4294967295~100~2026~0~1^_~1~1e21~2026~11~31|nan
today	exp~food~10.5~2025~9~5^inc~a~-3~2026~3~5^inc~1~1e21~2026~0~1^exp~Z~0~2025~9~5|2026,11,31
monthly	exp~10~1~2025~9~5^exp~1~0~2026~5~10^exp~2~99.995~2025~9~4^exp~food~0.1~2025~9~4^inc~01~1e21~2026~0~1|1e21
rows	|4294967295:nan;trans:-1;01:0;Z:100
rows	_~trans~-0~2024~1~29^xfer~a~nan~2026~5~10^exp~~0~2026~0~1^exp~2~99.995~2026~11~31^exp~4294967295~100~2026~0~1|
rows	exp~~1~2026~5~10^inc~1~-0~2025~9~5^xfer~~0~2026~11~31^exp~10~0.1~2025~9~4^exp~food~-3~2026~5~11|
rows	xfer~2~1e21~2024~1~29^_~1~10.5~2026~3~5^exp~food~10.5~2024~1~29^exp~1~100~2025~9~4^exp~2~10.5~2026~5~10^exp~food~0~2026~0~1|1:1e21;10:100;food:10.5;2:10.5
monthly	exp~01~-0~2026~3~5^_~rent~10.5~2024~1~29^exp~~1e21~2026~5~11^exp~Z~-0~2026~5~10^exp~01~0~2026~11~31^exp~rent~nan~2025~9~4|10.5
rows	xfer~a~0.1~2026~0~1^exp~01~10.5~2026~3~5^_~10~100~2024~1~29|
daily	|0,2026,5,11
today	exp~10~0~2026~0~1^exp~a~100~2026~5~10|2026,3,5
monthly	_~trans~1e21~2026~11~31^xfer~~0~2025~9~5^exp~2~10.5~2025~9~4^exp~01~99.995~2026~3~5|nan
daily	|10.5,2024,1,29
tier	|0,1e21
today	_~4294967295~10.5~2026~5~11^exp~4294967295~-3~2026~3~5^inc~a~10.5~2026~5~11^_~01~0~2026~3~5|2025,9,4
total	exp~1~-0~2026~0~1^exp~2~-3~2026~0~1^inc~2~-3~2026~11~31|
tier	|99.995,1e21
tier	|1,0.0001
total	inc~a~-3~2026~11~31|
total	xfer~4294967295~99.995~2025~9~4^inc~4294967295~nan~2026~0~1^exp~4294967295~-3~2026~3~5^exp~trans~0.1~2025~9~5^exp~01~-0~2026~3~5^_~a~10.5~2026~11~31|
total	exp~4294967295~nan~2026~5~11^xfer~4294967295~-3~2026~11~31|
rows	|rent:1
rows	inc~4294967295~10.5~2026~5~10|4294967295:100
daily	inc~~-3~2026~11~31|10.5,2024,1,29
today	|2024,1,29
tier	|10.5,0.0001
today	exp~10~10.5~2025~9~5^exp~rent~-0~2026~3~5^_~01~-3~2026~0~1^exp~01~nan~2026~5~10^exp~01~10.5~2024~1~29^exp~2~-0~2026~5~11|2026,3,5
monthly	xfer~Z~100~2025~9~5^_~10~99.995~2024~1~29^xfer~2~-3~2024~1~29^exp~1~-3~2026~3~5^exp~food~0~2024~1~29|1e21
monthly	exp~10~nan~2026~5~11^exp~~100~2026~11~31|100
daily	xfer~a~1~2026~3~5|-1,2026,3,5
tier	|-3,0.0001
daily	inc~trans~99.995~2026~0~1|10.5,2026,5,11
today	_~food~1~2026~0~1^_~4294967295~-0~2024~1~29^exp~~1e21~2024~1~29|2026,0,1
rows	xfer~4294967295~100~2026~5~10^_~10~nan~2026~11~31^xfer~1~0~2026~11~31^inc~food~-3~2026~0~1|
daily	_~food~100~2026~0~1|0,2025,9,4
rows	exp~a~-3~2024~1~29^exp~1~10.5~2026~0~1^inc~01~0.1~2024~1~29|01:0.0001
rows	xfer~rent~10.5~2026~3~5|
tier	|1e21,1
rows	|10:-1
rows	|
tier	|nan,1
rows	exp~food~-0~2026~5~10^xfer~01~10.5~2025~9~4^exp~trans~nan~2026~0~1^inc~a~0.1~2024~1~29|:0;01:0.0001;food:nan
rows	exp~1~99.995~2026~3~5^exp~Z~0.1~2025~9~5|food:100;Z:0;2:100;1:0
daily	_~01~-3~2024~1~29^xfer~a~nan~2025~9~4^xfer~4294967295~0~2025~9~4^xfer~Z~nan~2026~5~11^xfer~Z~nan~2025~9~5^xfer~rent~0~2026~11~31|100,2025,9,5
total	inc~1~-3~2025~9~5^exp~Z~nan~2026~11~31^_~4294967295~1~2024~1~29^inc~food~1~2024~1~29^exp~~1~2026~5~10|
monthly	exp~food~10.5~2026~3~5^inc~a~100~2025~9~5^exp~a~10.5~2025~9~4^exp~a~1~2026~3~5^exp~~-3~2026~0~1^exp~trans~10.5~2026~5~10|1e21
rows	inc~01~nan~2026~0~1|2:0;:0.0001
rows	_~Z~0~2025~9~4^inc~Z~0.1~2024~1~29^exp~Z~10.5~2025~9~5^exp~Z~0.1~2026~11~31^exp~Z~0~2026~0~1|Z:100
tier	|-0,100
total	exp~food~1~2025~9~4^exp~01~1~2024~1~29^exp~Z~1~2024~1~29^exp~~1~2026~5~11|
today	exp~~10.5~2026~5~11|2025,9,5
tier	|100,100
tier	|99.995,1
tier	|0,1e21
rows	|10:10.5;01:-1;a:1e21;2:-1;Z:100
rows	inc~~99.995~2026~3~5|trans:100
total	xfer~rent~0.1~2026~5~11^inc~1~99.995~2025~9~5^inc~10~-0~2026~0~1^_~2~1e21~2024~1~29|
daily	_~Z~1~2026~5~10^exp~Z~1~2025~9~4^exp~1~10.5~2026~0~1|1e21,2025,9,4
today	inc~trans~1~2026~5~11^inc~trans~1~2026~5~11|2025,9,5
rows	exp~food~0.1~2026~0~1^exp~1~1e21~2024~1~29^exp~2~0~2026~11~31^_~1~0~2026~3~5^exp~a~1e21~2026~3~5^exp~trans~-0~2026~11~31|a:100;1:100
monthly	inc~4294967295~0.1~2026~3~5^inc~food~0.1~2026~5~10^exp~a~1~2026~5~10^xfer~01~-3~2026~5~10^_~rent~-3~2026~3~5^exp~10~0~2026~5~10|-1
today	|2025,9,5
rows	xfer~01~nan~2025~9~5^exp~food~99.995~2026~5~10^xfer~Z~10.5~2026~11~31^exp~food~99.995~2026~11~31^_~01~0~2025~9~5|01:1e21;rent:10.5;food:0.0001;4294967295:100
tier	|0.1,100
rows	exp~4294967295~1~2025~9~5^exp~a~nan~2024~1~29^inc~~1~2024~1~29|a:0;4294967295:1e21
rows	xfer~1~0.1~2026~5~10^exp~rent~-3~2026~11~31^exp~a~100~2026~11~31^exp~food~nan~2026~11~31^xfer~~-0~2025~9~4^exp~2~nan~2026~11~31|:10.5;10:0.0001;food:10.5
today	xfer~10~0~2026~5~11^exp~01~100~2024~1~29^inc~2~0.1~2026~3~5^xfer~rent~0.1~2025~9~4^xfer~10~-3~2026~0~1^exp~trans~1~2026~0~1|2026,3,5
tier	|nan,100
total	exp~01~100~2024~1~29^exp~4294967295~1~2025~9~4^_~1~10.5~2026~11~31^xfer~4294967295~0.1~2026~0~1|
today	exp~~0.1~2026~3~5^exp~rent~-0~2026~3~5^xfer~01~100~2024~1~29|2024,1,29
monthly	_~1~-3~2025~9~5^inc~01~100~2026~5~10^exp~rent~1e21~2024~1~29^_~01~1e21~2025~9~4|100
daily	inc~01~100~2026~0~1^inc~trans~99.995~2026~5~10|0,2026,3,5
tier	|-3,100
daily	exp~food~0~2026~11~31^exp~01~-0~2025~9~5^exp~rent~-3~2026~0~1^exp~4294967295~-0~2025~9~4|100,2026,5,10
tier	|-0,0
today	exp~food~-3~2025~9~5|2025,9,4
rows	|trans:0.0001
total	exp~~100~2026~5~11^xfer~01~100~2026~11~31|
tier	|1,10.5
tier	|0,1
monthly	exp~food~0.1~2025~9~4^_~a~0.1~2026~11~31^_~food~10.5~2026~5~11|1e21
rows	inc~rent~-3~2025~9~4^exp~a~1~2026~5~11^inc~4294967295~1~2025~9~5^inc~2~-3~2026~0~1|4294967295:1;2:-1;rent:0.0001
today	inc~4294967295~1~2025~9~5|2026,0,1
tier	|1e21,0
tier	|0,100
total	xfer~1~nan~2025~9~4^exp~rent~10.5~2026~5~11^exp~2~1~2026~5~11^_~food~1e21~2026~5~11|
tier	|1,100
tier	|100,1e21
rows	_~a~100~2026~0~1^xfer~a~1e21~2026~0~1^exp~rent~100~2026~5~10^inc~a~-3~2025~9~4|a:0
total	exp~01~0~2025~9~4|
tier	|1,100
rows	_~10~10.5~2025~9~5^exp~4294967295~0~2026~5~11^exp~10~1e21~2026~11~31^exp~Z~nan~2026~0~1^exp~~-0~2025~9~5^exp~Z~100~2024~1~29|:1;4294967295:0;10:1;trans:0;Z:nan
tier	|nan,1e21
today	xfer~~0.1~2024~1~29^exp~1~0.1~2026~3~5^_~1~10.5~2026~11~31|2025,9,4
today	exp~10~1e21~2026~3~5^inc~~-0~2025~9~4^exp~rent~1~2026~3~5^exp~~0.1~2026~3~5^inc~10~nan~2025~9~4|2024,1,29
total	exp~food~1~2024~1~29^exp~~0~2026~0~1|
total	exp~~-3~2026~11~31^xfer~2~-3~2024~1~29|
rows	xfer~01~0~2025~9~5^exp~10~99.995~2025~9~4^_~rent~10.5~2026~11~31|10:-1;2:1;1:-1;01:nan;rent:1e21
rows	exp~2~nan~2026~5~10^exp~food~-3~2026~5~10^inc~a~-3~2026~11~31^exp~2~99.995~2026~11~31^xfer~Z~0~2026~5~10^_~food~0.1~2026~5~10|:nan;1:100;a:100;2:1;food:nan
rows	exp~4294967295~1e21~2024~1~29|10:100;Z:nan;4294967295:100;:0;01:nan
rows	inc~food~0.1~2026~3~5^inc~Z~100~2026~0~1^_~a~-3~2026~5~10|
monthly	inc~Z~-0~2026~0~1|0.0001
daily	exp~2~0.1~2026~3~5^_~4294967295~nan~2026~3~5|100,2026,5,10
rows	inc~trans~1e21~2026~0~1^exp~Z~nan~2026~5~10|trans:100
rows	exp~a~10.5~2026~5~11^inc~~100~2026~11~31^_~trans~1e21~2026~3~5^exp~trans~-0~2025~9~4^exp~food~1~2026~3~5|trans:-1;a:-1
daily	inc~1~0.1~2025~9~4^xfer~2~-0~2025~9~5^_~trans~10.5~2026~11~31^_~~0~2026~5~10|1,2025,9,5
tier	|1e21,10.5
monthly	_~4294967295~0~2024~1~29^exp~10~100~2026~5~10|0.0001
rows	exp~trans~0.1~2026~11~31^xfer~4294967295~0~2026~3~5^exp~trans~0~2025~9~5^exp~~-3~2026~0~1^_~food~1~2025~9~4|:0.0001;10:nan;01:100;a:10.5;1:0.0001
tier	|1,1e21
total	exp~2~0~2026~11~31|
total	|
daily	exp~1~nan~2024~1~29^exp~~0~2025~9~4^exp~10~10.5~2025~9~5|0,2026,5,10
monthly	|-1
rows	inc~01~0~2026~3~5^exp~trans~-0~2026~11~31^exp~2~1~2026~0~1|2:nan;trans:1e21
monthly	inc~1~-0~2025~9~4^xfer~food~-0~2026~5~11^inc~01~-3~2026~11~31|10.5
tier	|0.1,0
total	_~4294967295~0.1~2026~0~1^inc~01~0~2026~3~5^exp~a~-3~2026~3~5^exp~a~1~2026~3~5^exp~10~-0~2026~11~31^inc~2~1e21~2025~9~5|
daily	exp~2~nan~2024~1~29^inc~01~100~2026~5~11^exp~10~-3~2026~3~5^exp~4294967295~1e21~2024~1~29|10.5,2025,9,5
rows	exp~01~100~2026~3~5^xfer~~10.5~2026~0~1^exp~~99.995~2026~3~5^exp~01~0.1~2026~5~11^exp~trans~1e21~2025~9~4|:10.5;01:1
today	exp~rent~100~2024~1~29^exp~trans~-3~2026~5~10^exp~1~100~2025~9~4^xfer~food~0.1~2026~5~11^xfer~2~-0~2025~9~4^exp~1~99.995~2025~9~5|2025,9,4
rows	exp~2~99.995~2024~1~29|2:1e21
monthly	|100
monthly	exp~~-3~2025~9~4|-1
daily	xfer~01~0~2025~9~4^_~~1~2026~5~11^exp~1~1e21~2026~3~5^exp~food~10.5~2025~9~4^_~trans~99.995~2026~5~10^xfer~4294967295~nan~2026~11~31|1,2026,5,11
tier	|100,0.0001
today	xfer~food~nan~2024~1~29^exp~trans~1~2026~5~10^exp~2~0~2025~9~4|2025,9,4
today	_~2~-3~2026~3~5^exp~Z~1~2025~9~5^_~trans~1e21~2024~1~29|2025,9,4
total	exp~rent~99.995~2026~3~5^exp~rent~1~2025~9~4^inc~a~1e21~2025~9~5^_~4294967295~100~2026~5~10|
today	_~2~10.5~2026~0~1^_~food~-0~2026~0~1^exp~1~100~2026~5~10^xfer~10~-3~2026~11~31^xfer~food~nan~2026~5~10^inc~Z~0~2025~9~5|2025,9,4
monthly	inc~food~0.1~2025~9~4^inc~4294967295~0.1~2026~5~10^exp~10~0~2026~0~1^exp~01~1e21~2026~0~1^inc~4294967295~99.995~2026~5~10^exp~Z~-0~2024~1~29|0.0001
total	inc~1~0~2026~5~10^exp~Z~nan~2026~5~11^exp~2~100~2025~9~5|
daily	xfer~food~0~2025~9~5^exp~01~10.5~2026~5~11|0.0001,2026,0,1
rows	exp~1~99.995~2025~9~4^exp~1~100~2024~1~29^exp~2~0.1~2025~9~5|10:100;1:0.0001;01:1e21;:1e21
monthly	exp~food~nan~2026~11~31^exp~a~100~2026~11~31^exp~a~0~2026~0~1^_~a~0.1~2024~1~29^exp~2~-3~2025~9~4^exp~01~nan~2026~5~10|100
daily	_~4294967295~-3~2026~5~10^_~2~100~2025~9~4|10.5,2026,11,31
total	_~4294967295~-0~2026~5~10^exp~rent~1e21~2026~5~10^xfer~~10.5~2026~0~1^exp~10~nan~2026~5~11^_~Z~1~2026~5~10|
daily	xfer~food~1~2026~5~10^exp~2~-3~2026~3~5^exp~Z~0.1~2025~9~5^xfer~food~nan~2026~11~31^exp~1~99.995~2026~3~5^inc~trans~-0~2024~1~29|0,2026,5,11
tier	|0.1,0.0001
daily	exp~rent~nan~2026~3~5|nan,2025,9,5
tier	|1e21,100
rows	xfer~~10.5~2026~5~11^exp~01~0.1~2026~0~1^exp~01~10.5~2025~9~4^xfer~01~100~2024~1~29^xfer~01~nan~2026~5~10|01:1e21
tier	|0,0.0001
rows	exp~~1e21~2026~5~10^_~Z~-3~2025~9~4^_~trans~-3~2024~1~29^inc~~99.995~2025~9~5^xfer~trans~-3~2024~1~29|trans:0;:100
daily	exp~food~-3~2026~5~10|1,2026,3,5
total	|
tier	|10.5,1e21
monthly	exp~01~-0~2026~5~10^exp~4294967295~0.1~2026~5~10|100
monthly	exp~10~10.5~2025~9~5^exp~01~nan~2026~11~31|100
today	|2026,5,11
rows	exp~rent~1~2026~5~10^exp~4294967295~nan~2025~9~4|4294967295:1e21;Z:10.5;:1
today	exp~1~-0~2026~5~11^exp~1~1~2024~1~29^inc~1~10.5~2026~5~10^_~~nan~2026~5~11|2024,1,29
total	exp~rent~0~2026~0~1|
today	xfer~2~1e21~2026~5~10^_~rent~100~2026~3~5^exp~trans~1~2026~5~10^exp~Z~99.995~2026~11~31|2026,0,1
today	inc~rent~0~2026~5~11^_~a~0.1~2024~1~29^exp~01~0.1~2026~5~10^xfer~rent~nan~2025~9~5^inc~rent~0.1~2026~5~11|2024,1,29
tier	|0,100
total	exp~rent~1e21~2025~9~5^exp~1~99.995~2024~1~29|
rows	exp~a~1~2025~9~4^inc~a~0~2026~3~5^exp~trans~99.995~2026~3~5^exp~~0~2024~1~29^xfer~a~0.1~2026~11~31^xfer~~0~2026~11~31|food:100;trans:0;:1;a:10.5;01:10.5
today	exp~01~-3~2024~1~29^xfer~rent~10.5~2024~1~29^xfer~~99.995~2026~11~31^_~rent~0~2024~1~29^exp~trans~-3~2026~0~1|2026,11,31
rows	|Z:1e21;01:1;4294967295:100;rent:-1
rows	exp~1~-0~2025~9~5^_~~10.5~2025~9~4^inc~2~100~2026~11~31^xfer~1~99.995~2026~0~1|1:-1;:10.5;10:1;food:100
rows	exp~10~0~2026~5~11|2:100
total	exp~a~0~2026~5~10^exp~Z~1e21~2024~1~29^_~Z~10.5~2026~0~1^inc~rent~10.5~2024~1~29^exp~~0.1~2025~9~5^_~rent~0.1~2026~0~1|
total	inc~01~1e21~2024~1~29^exp~trans~-0~2026~11~31|
today	_~01~nan~2024~1~29^exp~rent~0~2026~3~5^xfer~10~99.995~2026~3~5^xfer~4294967295~0.1~2025~9~4^exp~a~10.5~2026~3~5^inc~2~10.5~2026~3~5|2026,3,5
tier	|0.1,0.0001
total	exp~4294967295~1~2025~9~4^xfer~a~100~2025~9~5^exp~trans~-3~2025~9~5|
tier	|1e21,0
rows	exp~~0~2026~3~5^exp~Z~0.1~2024~1~29^exp~a~0.1~2026~11~31^inc~Z~0~2024~1~29^_~1~1e21~2024~1~29^xfer~Z~100~2025~9~5|Z:-1;trans:10.5;1:1e21;a:nan;food:1
tier	|10.5,1e21
rows	_~10~-0~2026~5~11^xfer~food~nan~2026~3~5^xfer~01~100~2025~9~4|trans:100;a:0
rows	exp~2~99.995~2026~11~31|
today	_~food~1~2024~1~29^xfer~food~99.995~2026~5~11|2025,9,4
rows	xfer~01~99.995~2026~3~5^exp~a~1~2025~9~5|a:0;1:100;01:1;rent:1
rows	exp~10~99.995~2025~9~5^_~food~-0~2025~9~4|10:100;food:0.0001;01:nan;trans:1;4294967295:100
rows	_~food~10.5~2026~5~10^_~1~0~2024~1~29^xfer~food~-3~2026~0~1|
total	_~~100~2026~11~31^exp~a~1e21~2025~9~4^exp~01~nan~2024~1~29^exp~rent~0~2024~1~29^_~~1~2026~11~31^_~1~10.5~2025~9~5|
tier	|0,0
rows	_~a~nan~2025~9~4^exp~a~1~2026~11~31^_~a~0.1~2025~9~5^exp~2~1~2025~9~4|trans:10.5;a:1;1:-1;2:-1
today	inc~food~nan~2026~3~5^xfer~rent~1~2026~3~5^_~Z~10.5~2025~9~4^inc~2~100~2025~9~5^_~a~10.5~2026~0~1|2025,9,4
rows	exp~trans~1e21~2025~9~4^inc~food~1~2026~0~1^exp~a~-0~2026~11~31^_~a~nan~2026~5~10^_~01~100~2024~1~29|4294967295:0.0001;1:10.5;rent:100;a:0
today	exp~2~nan~2024~1~29^exp~01~-3~2026~11~31|2026,5,10
daily	exp~01~1~2025~9~5^exp~10~-3~2026~11~31^xfer~10~99.995~2026~5~11|nan,2026,3,5
daily	inc~food~99.995~2026~3~5^exp~2~10.5~2026~5~11|100,2026,5,11
monthly	exp~2~-0~2026~5~11^exp~food~nan~2026~0~1^exp~~0~2026~11~31^inc~Z~10.5~2026~5~11|100
daily	exp~trans~10.5~2026~3~5^exp~rent~99.995~2026~0~1^xfer~~nan~2025~9~4^exp~~-0~2026~11~31^_~a~-3~2026~3~5|100,2026,3,5
total	exp~01~-3~2025~9~5^exp~1~100~2026~0~1|
today	_~rent~nan~2026~3~5^inc~01~nan~2026~11~31|2026,3,5
rows	inc~food~0~2024~1~29^inc~4294967295~nan~2026~5~10|4294967295:nan;1:1
tier	|-0,0.0001
today	xfer~Z~100~2026~5~11|2026,5,10
total	exp~Z~-3~2026~5~11|
daily	inc~rent~-3~2025~9~4^_~a~99.995~2026~11~31^exp~~1e21~2025~9~5^exp~01~nan~2024~1~29^exp~~-0~2026~3~5|0,2026,5,10
today	exp~Z~100~2026~11~31^exp~a~-3~2024~1~29^exp~4294967295~0~2026~5~11^exp~~0.1~2026~5~11^_~01~-3~2026~11~31^_~a~10.5~2026~11~31|2026,3,5
monthly	_~2~10.5~2026~5~10^_~rent~1e21~2026~11~31^_~1~10.5~2025~9~5|10.5
today	|2026,0,1
daily	_~food~100~2026~11~31^exp~trans~0.1~2026~3~5^exp~a~0.1~2024~1~29|100,2024,1,29
daily	exp~trans~0~2026~0~1^exp~~0~2026~11~31^xfer~Z~1~2026~0~1|-1,2024,1,29
daily	exp~01~-0~2026~5~10^inc~trans~0.1~2026~3~5|100,2025,9,5
total	exp~trans~-3~2026~11~31^exp~10~-0~2026~5~10|
rows	_~10~0.1~2025~9~5^exp~~1e21~2026~11~31|1:0.0001;a:1e21;:0;Z:-1;trans:nan
daily	_~4294967295~-0~2024~1~29|1e21,2025,9,4
today	inc~~nan~2025~9~4^inc~food~99.995~2026~5~11^exp~~1~2026~5~11^exp~01~0.1~2025~9~4|2024,1,29
daily	exp~food~10.5~2025~9~4^exp~1~0~2026~11~31|nan,2024,1,29
total	xfer~~0.1~2025~9~4|
total	|
rows	inc~4294967295~1e21~2026~11~31^exp~10~10.5~2025~9~4^exp~10~99.995~2026~5~11^exp~2~100~2025~9~5^exp~4294967295~99.995~2025~9~4|2:100;4294967295:100;10:1e21
tier	|99.995,1e21
daily	inc~01~0.1~2025~9~5|100,2026,0,1
total	xfer~2~99.995~2026~5~11|
daily	|nan,2025,9,4
tier	|0,10.5
total	exp~food~99.995~2025~9~5^exp~food~100~2026~0~1^exp~4294967295~100~2026~11~31|
rows	exp~a~100~2026~3~5|a:0.0001;:0;2:100
rows	exp~4294967295~10.5~2026~11~31^exp~Z~0~2025~9~5|4294967295:100;food:-1
rows	exp~2~1e21~2026~0~1^xfer~food~100~2026~0~1^_~10~0~2026~5~11^exp~trans~nan~2026~11~31|trans:10.5;10:0;01:10.5
rows	inc~1~1e21~2026~0~1^_~Z~-3~2026~3~5|Z:0;01:1;1:100
daily	|1e21,2026,11,31
tier	|nan,100
today	|2026,3,5
rows	xfer~~nan~2025~9~4^exp~a~10.5~2026~5~10^exp~01~0~2026~11~31|
monthly	|100
total	exp~Z~10.5~2025~9~4|
daily	exp~trans~0~2026~3~5^xfer~food~nan~2026~3~5^xfer~food~nan~2024~1~29^xfer~4294967295~0.1~2024~1~29^exp~Z~0.1~2026~5~11|100,2026,11,31
monthly	_~trans~99.995~2026~0~1^exp~1~0~2026~5~11|1
today	exp~01~-3~2024~1~29^_~2~100~2024~1~29^xfer~a~-3~2026~5~10^exp~a~1e21~2026~5~11^exp~4294967295~-3~2026~11~31|2026,5,10
today	exp~01~1e21~2026~5~11^_~~0~2026~0~1^xfer~rent~nan~2025~9~5|2024,1,29
tier	|1,1
rows	exp~01~0.1~2025~9~5^exp~10~-3~2026~3~5^xfer~01~-0~2026~11~31|01:100;10:1e21
daily	|10.5,2024,1,29
tier	|99.995,-1
today	exp~4294967295~0.1~2024~1~29^_~Z~0~2026~3~5^exp~01~0.1~2026~5~11^exp~01~100~2026~11~31|2026,5,11
total	exp~Z~1e21~2024~1~29^exp~~99.995~2026~3~5^inc~4294967295~-0~2026~0~1^exp~01~1e21~2026~5~10^inc~01~99.995~2025~9~5|
today	exp~1~0.1~2024~1~29|2026,0,1
tier	|nan,0
rows	exp~Z~0.1~2026~3~5^exp~food~10.5~2026~11~31^exp~4294967295~100~2025~9~5^_~Z~99.995~2026~5~11^inc~Z~0~2026~5~11^exp~Z~1~2024~1~29|Z:100;a:0
daily	xfer~rent~0~2026~11~31^xfer~~0.1~2026~11~31|nan,2026,5,10
today	exp~rent~0~2026~11~31^exp~a~1e21~2025~9~4^exp~~nan~2026~3~5^xfer~food~99.995~2024~1~29^exp~10~-0~2026~11~31^inc~2~-0~2026~5~11|2026,3,5
tier	|1e21,-1
daily	|1,2024,1,29
today	exp~4294967295~-3~2024~1~29^exp~4294967295~0.1~2026~11~31^exp~a~-0~2025~9~5^_~trans~99.995~2026~5~10^xfer~10~100~2026~0~1^exp~~nan~2024~1~29|2026,5,10
total	inc~2~0.1~2026~0~1|
daily	inc~a~-0~2026~11~31^xfer~4294967295~nan~2025~9~4^exp~a~99.995~2025~9~4^exp~food~100~2024~1~29^exp~rent~99.995~2025~9~5|0.0001,2025,9,5
total	exp~10~1e21~2026~11~31^exp~4294967295~1~2024~1~29^inc~food~99.995~2025~9~4|
today	_~rent~-3~2026~5~10^xfer~rent~100~2026~11~31^xfer~01~0.1~2024~1~29^exp~10~1e21~2026~3~5|2026,3,5
rows	inc~a~0.1~2025~9~4^exp~4294967295~-0~2026~3~5|
today	exp~trans~10.5~2025~9~5^exp~10~-3~2025~9~4^exp~1~1~2026~3~5|2024,1,29
daily	|1,2025,9,5
monthly	exp~2~-0~2026~0~1^exp~4294967295~0~2026~5~10^exp~~0~2025~9~5^exp~2~-0~2026~5~10^exp~a~0~2025~9~5|-1
total	exp~food~1e21~2025~9~4^exp~trans~0~2026~3~5|
total	exp~food~99.995~2026~5~10^inc~2~10.5~2025~9~5^exp~a~-3~2026~11~31^_~1~0~2026~11~31^_~01~nan~2024~1~29^exp~Z~1~2026~5~10|
today	exp~food~100~2026~11~31^xfer~01~99.995~2025~9~5^_~a~1e21~2026~0~1^exp~~10.5~2026~5~11^exp~1~nan~2026~5~10|2026,3,5
today	_~food~99.995~2026~5~11^exp~2~-3~2024~1~29^exp~1~100~2026~5~11^exp~01~-3~2026~0~1^exp~trans~-3~2026~5~11|2026,3,5
rows	xfer~1~-3~2026~5~10^exp~a~-3~2025~9~5|4294967295:0;a:10.5;:0.0001;food:nan
rows	inc~~-0~2024~1~29^exp~2~-3~2026~0~1^exp~~100~2026~5~10^xfer~2~nan~2026~3~5^inc~10~-0~2025~9~4|:0.0001;2:100
total	xfer~01~1e21~2026~11~31^xfer~Z~100~2026~5~10^xfer~food~1e21~2026~0~1^exp~Z~10.5~2024~1~29^xfer~10~99.995~2024~1~29^_~2~99.995~2026~5~10|
total	xfer~4294967295~99.995~2026~3~5^inc~a~-0~2026~5~10^exp~a~99.995~2026~3~5|
total	xfer~1~1~2026~3~5|
rows	exp~01~nan~2024~1~29^exp~10~-3~2026~0~1|10:-1;:-1
monthly	inc~food~100~2026~5~10^exp~4294967295~-3~2025~9~4^_~food~100~2026~3~5^exp~trans~0~2026~3~5^xfer~2~1e21~2024~1~29|100
total	inc~rent~-3~2026~3~5^exp~Z~nan~2026~3~5|
total	_~01~-3~2026~3~5^_~2~-0~2025~9~4^inc~1~10.5~2026~5~10^_~rent~nan~2026~5~11^exp~trans~10.5~2026~5~10|
tier	|99.995,0.0001
rows	inc~Z~nan~2026~5~10^inc~trans~0.1~2026~3~5|2:0;4294967295:10.5;1:-1;:nan;01:1e21
monthly	_~2~100~2026~0~1^inc~trans~nan~2025~9~5^exp~a~1e21~2025~9~5^exp~trans~99.995~2026~3~5|10.5
rows	xfer~01~10.5~2025~9~4^xfer~food~-0~2026~11~31^_~2~1~2024~1~29^_~food~1e21~2025~9~4^exp~rent~1~2025~9~4|2:1;1:nan;01:1;food:1e21
rows	|Z:nan;10:1e21
today	exp~trans~nan~2026~5~10^exp~10~nan~2026~3~5|2025,9,4
total	exp~food~99.995~2025~9~5^exp~Z~100~2026~5~10^xfer~10~0.1~2025~9~4^exp~~100~2026~11~31^exp~~10.5~2025~9~4|
today	_~10~99.995~2026~5~11^_~1~nan~2025~9~4^xfer~1~100~2026~11~31^exp~food~nan~2026~3~5|2025,9,4
tier	|nan,nan
tier	|nan,nan
rows	xfer~food~0~2026~5~11^_~trans~1~2026~0~1^xfer~rent~100~2026~5~11^exp~Z~10.5~2026~5~10^xfer~10~-3~2026~5~11^inc~~1e21~2026~5~10|trans:10.5;Z:1e21;10:nan;rent:nan;1:100
tier	|100,10.5
rows	exp~01~100~2026~0~1^inc~food~-3~2025~9~5^exp~food~1~2025~9~5|
monthly	|0
daily	exp~2~-3~2024~1~29^exp~01~99.995~2025~9~5^exp~2~-3~2026~5~11|-1,2026,0,1
total	xfer~1~-3~2026~11~31^exp~~0~2026~3~5^exp~trans~nan~2026~3~5|
total	inc~1~1e21~2025~9~5^exp~1~99.995~2026~0~1^exp~~0.1~2026~3~5|
rows	_~Z~0.1~2025~9~4^inc~rent~-0~2025~9~4^exp~a~1e21~2025~9~4^exp~food~1e21~2025~9~5|food:100;rent:100
rows	exp~1~-3~2026~11~31|1:100;Z:100
rows	exp~Z~100~2025~9~5^xfer~01~0~2026~0~1^exp~~1~2026~11~31^exp~Z~100~2025~9~5^_~10~-0~2026~5~10^exp~~nan~2026~5~11|:100
rows	exp~1~-3~2025~9~5^_~10~100~2026~3~5^exp~food~100~2026~0~1^xfer~10~0.1~2025~9~4^exp~Z~1e21~2025~9~5^exp~10~1~2025~9~5|1:100;food:10.5;10:0
today	inc~food~100~2026~11~31|2025,9,4
today	exp~01~99.995~2026~0~1^xfer~trans~nan~2025~9~5|2026,0,1
monthly	exp~2~-3~2026~11~31^exp~2~0~2026~0~1^_~2~100~2026~5~10|100
total	exp~1~10.5~2026~0~1^exp~rent~0~2026~5~11^_~Z~nan~2026~11~31^exp~10~1e21~2025~9~5^exp~Z~100~2025~9~5|
rows	_~1~0~2026~11~31^_~trans~99.995~2026~5~11^_~1~-0~2026~5~10|10:-1;trans:10.5;1:100;:0.0001
daily	exp~Z~-3~2025~9~4^xfer~trans~1~2026~3~5^exp~a~99.995~2026~5~11^exp~2~0~2025~9~4|100,2026,11,31
tier	|99.995,nan
today	xfer~4294967295~-3~2024~1~29^inc~Z~0~2026~11~31|2026,3,5
today	_~10~100~2026~5~11^exp~4294967295~1e21~2026~11~31^exp~01~1~2026~0~1^exp~~10.5~2025~9~4|2024,1,29
tier	|nan,0.0001
total	inc~food~-3~2026~5~11^exp~trans~100~2026~3~5^xfer~rent~10.5~2024~1~29^_~rent~99.995~2026~5~10^_~Z~0~2025~9~4|
rows	exp~1~10.5~2025~9~4^inc~1~-3~2025~9~5^exp~food~0~2026~3~5|food:10.5;2:-1;a:1;01:-1;trans:0.0001
total	xfer~trans~0~2025~9~5^_~01~0.1~2026~11~31^exp~food~0.1~2026~11~31^exp~trans~0~2025~9~4|
monthly	inc~a~nan~2025~9~4^_~a~99.995~2025~9~5^exp~trans~1e21~2025~9~4^xfer~10~10.5~2025~9~4^exp~trans~0~2026~5~11^xfer~a~-0~2026~0~1|0
today	exp~Z~99.995~2026~5~11^xfer~01~1e21~2025~9~5^xfer~Z~0.1~2025~9~5^_~food~0.1~2024~1~29|2025,9,4
monthly	|nan
rows	|4294967295:nan;2:0.0001
today	exp~01~100~2026~5~11^exp~4294967295~-3~2025~9~4^exp~trans~1~2025~9~5^_~Z~99.995~2025~9~4^inc~1~0.1~2026~0~1^exp~1~0.1~2024~1~29|2026,0,1
monthly	exp~01~1~2026~5~10^exp~Z~1~2024~1~29|1e21
monthly	exp~rent~1~2026~5~11^exp~trans~1e21~2025~9~4|10.5
total	exp~4294967295~-0~2025~9~5|
total	xfer~2~0~2026~5~10^inc~1~1~2025~9~5|
daily	inc~trans~0~2026~0~1^_~01~10.5~2026~11~31|1,2025,9,5
total	exp~01~100~2024~1~29^inc~Z~nan~2026~3~5^exp~2~0.1~2025~9~4^inc~Z~1e21~2026~5~10|
total	inc~~-3~2026~5~10^exp~01~-0~2026~3~5^inc~2~nan~2026~0~1|
rows	exp~~100~2026~5~11^xfer~4294967295~-0~2025~9~4|:nan
daily	inc~2~1~2025~9~5^inc~4294967295~nan~2025~9~5^exp~trans~1~2026~5~11^exp~Z~1e21~2026~0~1^exp~01~10.5~2024~1~29|0,2025,9,4
total	inc~10~10.5~2025~9~4^inc~rent~100~2026~5~10^exp~4294967295~10.5~2026~3~5|
today	inc~a~100~2026~5~11^inc~10~-0~2026~0~1^xfer~01~1e21~2026~3~5|2025,9,5
today	xfer~2~1~2026~5~11^exp~food~0.1~2025~9~5^_~1~1~2025~9~4^exp~food~0.1~2025~9~4^inc~~10.5~2026~5~10|2026,3,5
today	_~10~100~2024~1~29^_~~0.1~2026~11~31^_~Z~1e21~2026~5~11^exp~2~1e21~2026~5~11|2025,9,4
daily	|100,2026,11,31
total	exp~Z~1~2026~5~11^xfer~2~100~2026~5~10^inc~~-0~2026~5~10^exp~food~100~2026~5~10^exp~rent~0~2026~3~5|
tier	|10.5,1
today	exp~01~100~2026~3~5^exp~10~0~2026~5~11^exp~Z~-0~2025~9~5^_~trans~-0~2026~0~1^exp~2~nan~2026~5~10|2024,1,29
total	|
daily	exp~food~nan~2026~5~11|1,2024,1,29
today	exp~01~0.1~2024~1~29^xfer~2~99.995~2026~3~5^exp~trans~0.1~2026~5~10^xfer~rent~1~2024~1~29|2025,9,5
monthly	|1
total	xfer~1~1e21~2026~3~5^exp~food~nan~2026~5~10^_~trans~-3~2026~5~11^inc~10~nan~2026~11~31|
rows	exp~trans~-3~2026~11~31|rent:100;:0;2:1;Z:100
rows	exp~10~0.1~2026~0~1^xfer~rent~1e21~2026~5~10^exp~4294967295~0.1~2024~1~29^xfer~Z~99.995~2025~9~5^exp~~1e21~2024~1~29|
rows	exp~trans~1~2026~5~10^exp~01~99.995~2026~3~5^xfer~rent~-3~2025~9~4|01:10.5
daily	|0,2026,3,5
rows	|:100;10:1;2:1;a:0;trans:1
today	exp~a~nan~2026~3~5^xfer~trans~0.1~2026~3~5^inc~~0~2025~9~4^xfer~~0~2025~9~5^_~Z~10.5~2025~9~5^inc~rent~nan~2024~1~29|2025,9,5
daily	exp~food~99.995~2026~3~5|10.5,2026,3,5
daily	exp~01~99.995~2026~0~1^exp~1~10.5~2026~5~10^exp~2~99.995~2026~11~31^_~1~-0~2026~0~1^exp~Z~nan~2026~3~5^inc~10~-0~2026~11~31|1,2026,5,10
total	|
daily	xfer~2~99.995~2026~3~5^inc~1~1~2026~0~1^inc~2~nan~2025~9~5|nan,2024,1,29
monthly	_~trans~-3~2026~5~10^exp~Z~1e21~2026~11~31^exp~1~-0~2025~9~4^exp~1~100~2026~3~5|0
daily	inc~rent~0.1~2026~5~11^exp~trans~10.5~2026~0~1^_~1~0.1~2025~9~4^exp~4294967295~-3~2026~11~31^exp~2~0.1~2026~0~1|100,2026,0,1
tier	|1,10.5
total	xfer~food~1~2025~9~4^exp~rent~-3~2024~1~29^xfer~food~99.995~2026~5~11|
rows	_~1~1e21~2025~9~5^_~2~0~2026~5~10^_~2~0~2025~9~5^xfer~01~-0~2026~5~10^exp~01~10.5~2026~0~1|2:nan;01:10.5
rows	|food:1;4294967295:100;2:1;a:1;:1
rows	exp~2~-0~2026~5~11^exp~trans~0~2026~3~5|trans:0;a:-1
total	exp~a~nan~2024~1~29^inc~food~0.1~2026~0~1|
tier	|nan,100
rows	|:10.5
rows	xfer~10~10.5~2026~11~31^exp~~0~2025~9~4^exp~a~-3~2026~5~10^exp~01~100~2025~9~4|a:1e21;:0;10:-1
rows	_~trans~0~2025~9~4^exp~trans~-3~2026~11~31^exp~~1~2024~1~29^exp~10~0.1~2026~0~1^inc~food~10.5~2024~1~29|trans:1e21
tier	|-3,0.0001
total	xfer~10~0~2025~9~4^xfer~trans~1~2026~5~10^exp~~100~2025~9~4^_~a~99.995~2026~5~10|
total	inc~food~0.1~2024~1~29^xfer~1~-3~2026~5~11|
daily	_~2~99.995~2026~5~10^exp~a~-3~2026~11~31^exp~food~nan~2026~5~11^exp~a~-0~2025~9~5|0,2026,0,1
monthly	inc~food~-3~2026~5~11^xfer~4294967295~nan~2026~0~1^_~01~0.1~2025~9~4^inc~rent~1e21~2026~11~31|10.5
monthly	exp~10~-0~2025~9~4|-1
today	exp~food~-3~2025~9~5^exp~~99.995~2025~9~4|2026,5,10
monthly	exp~2~-0~2026~5~10^exp~~1~2026~11~31^exp~rent~0.1~2026~0~1^inc~Z~0~2026~3~5^_~Z~-3~2026~11~31|1
tier	|-0,1
rows	xfer~10~-3~2024~1~29^xfer~01~1~2025~9~5^exp~01~0.1~2026~5~11|01:1
total	exp~~0.1~2026~0~1^xfer~4294967295~99.995~2026~11~31|
tier	|nan,100
monthly	_~a~-0~2026~5~10^exp~rent~99.995~2025~9~4^inc~10~-3~2025~9~4^exp~trans~99.995~2024~1~29^_~food~-0~2026~11~31^exp~trans~-0~2024~1~29|-1
rows	xfer~~1e21~2024~1~29^exp~01~-0~2025~9~4|Z:1e21;a:0.0001;2:100;:100
total	exp~1~99.995~2026~3~5^inc~2~0~2024~1~29^inc~trans~-0~2026~5~11^exp~4294967295~0~2025~9~5|
monthly	exp~10~0~2026~5~10^xfer~Z~-0~2024~1~29^exp~10~10.5~2026~11~31|0.0001
monthly	|1
today	exp~10~-0~2025~9~5^exp~rent~0~2026~3~5^exp~4294967295~0.1~2026~5~11|2026,11,31
rows	exp~01~0~2026~0~1^exp~food~-3~2026~3~5^inc~food~10.5~2026~11~31|food:-1;rent:1;a:1
monthly	inc~~-0~2026~5~10^xfer~a~1e21~2026~0~1^exp~trans~100~2026~0~1^exp~1~-0~2024~1~29^exp~1~nan~2026~11~31^exp~trans~10.5~2026~5~10|100
total	exp~2~0.1~2024~1~29^_~food~0.1~2025~9~5^xfer~~100~2024~1~29^_~trans~1e21~2026~5~10^xfer~01~-0~2025~9~5|
rows	exp~1~100~2024~1~29^_~Z~0.1~2026~5~11^inc~rent~1~2024~1~29^inc~Z~10.5~2026~3~5|rent:nan;1:1;Z:0.0001
rows	_~a~nan~2026~5~11|
monthly	_~~0.1~2026~3~5^exp~1~100~2026~5~10^exp~01~100~2025~9~4|0
total	xfer~01~1e21~2026~0~1^exp~10~1e21~2026~5~10^xfer~2~99.995~2025~9~4|
today	|2025,9,4
rows	|01:0;Z:10.5;2:100;:-1;trans:0.0001
tier	|99.995,1e21
monthly	xfer~trans~-3~2026~11~31^exp~01~1e21~2026~0~1|nan
daily	exp~a~1e21~2026~5~10^exp~1~100~2024~1~29|nan,2026,5,10
tier	|nan,10.5
monthly	exp~01~0~2024~1~29^exp~4294967295~10.5~2024~1~29|10.5
today	|2026,5,10
today	inc~trans~0~2024~1~29^exp~Z~100~2026~5~10^xfer~~1e21~2026~5~10^inc~a~-0~2026~3~5^_~trans~99.995~2026~0~1|2026,0,1
monthly	exp~trans~0~2025~9~5|100
monthly	inc~01~100~2026~5~10^_~1~0.1~2026~5~10^_~01~100~2024~1~29^inc~4294967295~10.5~2026~5~10^exp~2~1~2024~1~29^xfer~~-0~2026~5~10|100
daily	|0,2026,3,5
today	xfer~a~0.1~2026~5~11^_~~-0~2025~9~4|2026,3,5
monthly	exp~1~100~2025~9~4^inc~food~10.5~2026~0~1^exp~01~1e21~2025~9~5|0
rows	inc~4294967295~nan~2024~1~29|4294967295:1
total	xfer~trans~nan~2026~5~10^exp~Z~100~2026~11~31^exp~a~nan~2026~5~11^inc~1~1~2026~3~5^_~1~nan~2026~3~5^xfer~2~1~2026~11~31|
daily	exp~a~nan~2025~9~4^xfer~Z~10.5~2025~9~5^inc~10~100~2025~9~4^exp~4294967295~100~2026~11~31^exp~10~99.995~2026~11~31^xfer~trans~0~2025~9~5|1,2026,0,1
rows	inc~~0.1~2025~9~5^xfer~2~10.5~2025~9~5^_~10~-0~2026~11~31^exp~Z~10.5~2026~11~31^inc~1~1e21~2026~5~11|:1e21;rent:100;01:0.0001;1:-1;4294967295:100
daily	xfer~food~1~2026~11~31^inc~Z~-3~2026~5~10^_~4294967295~1~2026~0~1^exp~food~1~2026~5~11^exp~01~-3~2026~11~31|nan,2026,3,5
tier	|0,10.5
rows	_~01~-0~2024~1~29|rent:nan;01:100;a:100
rows	_~2~99.995~2026~3~5|10:0.0001;Z:10.5;2:nan;food:nan
total	|
rows	|2:nan;01:nan;Z:nan
rows	|a:0;1:1e21
total	exp~2~10.5~2026~5~11^_~2~nan~2024~1~29^exp~4294967295~-0~2026~5~10^inc~rent~100~2026~11~31^exp~01~1e21~2026~5~11|
monthly	|10.5
daily	exp~rent~1~2024~1~29|-1,2026,11,31
rows	xfer~2~99.995~2024~1~29^_~2~nan~2026~0~1^exp~2~0~2026~3~5|2:1e21;1:1
today	_~10~0~2026~3~5^inc~2~-0~2026~5~10^inc~2~0~2026~3~5^xfer~4294967295~1~2025~9~4^exp~4294967295~-3~2026~3~5^exp~~100~2026~3~5|2026,11,31
daily	exp~01~0~2024~1~29^_~rent~nan~2026~0~1^xfer~Z~99.995~2026~5~10^exp~4294967295~nan~2026~11~31^exp~trans~1e21~2026~3~5|1e21,2026,0,1
monthly	exp~Z~nan~2026~0~1^exp~food~1~2025~9~4|-1
tier	|0.1,-1
rows	_~4294967295~1e21~2024~1~29^exp~~100~2026~5~11^exp~~10.5~2026~5~11^xfer~a~-3~2025~9~4^exp~food~99.995~2025~9~4^exp~1~-3~2026~11~31|:0;2:0.0001;Z:nan;food:0;4294967295:1e21
tier	|0,nan
rows	inc~10~-0~2024~1~29|food:nan
rows	exp~4294967295~-0~2026~5~11^_~a~1e21~2026~5~11^_~10~-0~2026~0~1^xfer~2~1~2026~0~1^_~4294967295~nan~2025~9~5^xfer~01~99.995~2026~5~10|
today	_~~100~2025~9~5^exp~2~nan~2026~5~11^exp~rent~1e21~2026~5~11^_~rent~1~2026~11~31^_~1~-0~2025~9~5^xfer~01~0~2025~9~5|2026,11,31
total	exp~1~1~2026~0~1^exp~01~0.1~2026~5~11^exp~1~100~2025~9~4^xfer~food~0.1~2026~3~5^exp~1~-3~2026~0~1^exp~4294967295~0.1~2026~11~31|
monthly	exp~a~99.995~2026~0~1^_~~0.1~2026~11~31^exp~2~99.995~2025~9~4^_~food~nan~2026~3~5|10.5
daily	inc~2~1~2026~11~31|100,2026,0,1
tier	|nan,10.5
today	xfer~01~-0~2026~11~31^exp~10~0.1~2025~9~5^inc~10~-0~2026~3~5^xfer~food~0.1~2025~9~5|2026,0,1
today	exp~a~1e21~2026~3~5^xfer~1~99.995~2025~9~5^xfer~~99.995~2024~1~29|2026,11,31
daily	_~rent~nan~2025~9~5^exp~4294967295~0~2026~11~31^inc~a~nan~2024~1~29|1e21,2025,9,5
rows	|10:100;food:100
total	inc~Z~-0~2026~5~10^inc~rent~100~2026~0~1|
rows	_~2~0~2024~1~29^exp~rent~99.995~2026~11~31^exp~a~nan~2026~3~5^xfer~01~nan~2024~1~29^exp~Z~1~2026~11~31^exp~4294967295~10.5~2025~9~4|trans:0;rent:1e21;4294967295:1;10:nan;Z:100
rows	_~01~1e21~2026~0~1^inc~trans~-0~2025~9~5|
daily	inc~~nan~2026~11~31^exp~01~10.5~2024~1~29^exp~01~-3~2024~1~29^exp~2~99.995~2025~9~4|1,2026,5,10
rows	exp~1~-3~2025~9~5^exp~food~1e21~2026~11~31^exp~trans~0.1~2026~3~5^inc~trans~0.1~2026~5~11^_~1~1e21~2025~9~4^_~01~-0~2025~9~4|food:0;1:0.0001;:nan;2:-1;trans:1e21
tier	|0.1,nan
rows	xfer~~10.5~2026~11~31^xfer~01~0~2025~9~5^exp~1~100~2026~5~10^exp~1~0.1~2025~9~4^exp~rent~-0~2024~1~29^exp~Z~1e21~2026~0~1|01:1;Z:10.5;:nan;1:nan
rows	inc~2~10.5~2025~9~5^exp~2~10.5~2026~3~5^xfer~2~0~2026~11~31|10:1;2:-1
rows	|
today	inc~4294967295~1~2026~5~10^exp~4294967295~-0~2026~5~10^exp~2~0.1~2025~9~4^inc~trans~1e21~2025~9~4^_~~1~2026~11~31^xfer~rent~10.5~2025~9~5|2025,9,4
rows	exp~food~0~2026~3~5^exp~food~1e21~2026~5~10^_~4294967295~0~2025~9~4|
today	exp~a~-0~2026~5~11^exp~2~0~2026~5~11|2024,1,29
monthly	inc~~1~2024~1~29|0
today	exp~2~0~2026~0~1^_~1~0.1~2024~1~29^exp~01~99.995~2026~0~1|2025,9,4
total	inc~10~0~2026~5~10|
tier	|1e21,100
monthly	_~Z~1~2025~9~5^_~rent~-0~2026~0~1^xfer~a~-0~2025~9~4|0.0001
monthly	xfer~food~1e21~2024~1~29^exp~food~-3~2026~3~5|1e21
rows	exp~4294967295~nan~2026~0~1^exp~trans~100~2026~3~5^exp~4294967295~nan~2024~1~29^xfer~4294967295~99.995~2026~3~5|4294967295:1e21
monthly	xfer~Z~1~2026~5~11^exp~4294967295~-3~2025~9~5^exp~1~99.995~2026~11~31^exp~trans~99.995~2026~0~1^exp~2~10.5~2026~5~10^exp~1~99.995~2026~5~11|0.0001
daily	_~trans~100~2024~1~29|10.5,2026,5,10
rows	_~2~-3~2025~9~4^exp~01~0.1~2026~5~10^exp~food~0.1~2025~9~5^exp~trans~nan~2025~9~5^exp~food~-0~2026~3~5|trans:100;food:1;Z:-1;2:100
monthly	xfer~1~0~2026~11~31^_~Z~1e21~2026~5~11^xfer~2~1~2026~3~5^exp~Z~-0~2026~11~31^exp~Z~100~2026~5~11^inc~4294967295~nan~2026~11~31|nan
today	_~10~nan~2026~0~1^xfer~a~-3~2026~5~10^exp~2~-3~2025~9~4^_~2~nan~2024~1~29^_~rent~10.5~2025~9~4^_~rent~10.5~2025~9~4|2025,9,4
today	exp~01~99.995~2026~0~1^xfer~a~1e21~2026~5~11^inc~rent~99.995~2026~0~1^xfer~trans~1e21~2026~11~31|2026,5,11
rows	|4294967295:nan;10:100;1:1e21;:0.0001;01:0.0001
monthly	exp~4294967295~nan~2026~11~31^xfer~Z~-3~2026~3~5^xfer~01~nan~2024~1~29^exp~4294967295~-0~2025~9~4|10.5
total	_~01~10.5~2026~3~5^exp~a~99.995~2025~9~5^xfer~10~10.5~2026~3~5^inc~food~-0~2024~1~29^exp~rent~1~2026~5~11|
rows	exp~2~0.1~2025~9~5^exp~01~-3~2025~9~4^exp~01~99.995~2025~9~4^_~01~10.5~2026~5~11^exp~Z~100~2025~9~4|01:1;Z:1
total	exp~2~100~2025~9~4^xfer~01~1e21~2026~5~10|
rows	exp~01~0~2025~9~5^inc~01~1e21~2026~5~11|01:1e21
total	exp~4294967295~-0~2025~9~5^exp~a~-3~2026~5~10^inc~trans~0.1~2026~0~1^exp~01~99.995~2026~11~31|
tier	|1,100
monthly	exp~food~nan~2026~5~10|0
tier	|nan,0.0001
monthly	inc~a~10.5~2026~3~5^exp~a~100~2026~5~10|10.5
daily	_~1~100~2025~9~5^xfer~1~99.995~2024~1~29^exp~rent~0.1~2026~11~31^_~10~-0~2026~5~10|100,2026,0,1
monthly	inc~4294967295~1e21~2026~3~5^inc~Z~0.1~2026~5~10^_~a~1~2026~0~1^xfer~~100~2026~11~31^exp~food~99.995~2026~5~11|10.5
rows	xfer~1~99.995~2026~11~31|4294967295:10.5;rent:0;trans:0;1:10.5;:0
monthly	exp~10~nan~2026~0~1|10.5
today	inc~2~1~2026~3~5^xfer~a~0~2026~11~31^xfer~a~99.995~2026~5~10^_~trans~0~2026~3~5|2026,5,11
rows	|a:nan;10:0.0001;:1;01:nan
monthly	exp~1~10.5~2026~5~11|nan
rows	exp~~1~2025~9~5^exp~food~0.1~2026~5~11|:0;a:1e21;food:0;trans:10.5;Z:nan
today	xfer~2~1~2026~5~10^inc~Z~99.995~2025~9~5^exp~food~0.1~2024~1~29^xfer~4294967295~-0~2025~9~4|2026,0,1
total	exp~rent~-3~2026~5~10^xfer~2~99.995~2026~11~31^xfer~2~10.5~2026~5~11^exp~~nan~2025~9~4|
monthly	|0.0001
rows	exp~10~1e21~2026~5~11^inc~10~-0~2026~11~31^_~a~-0~2026~0~1^xfer~~-3~2026~5~10|1:10.5;10:100;trans:100;2:100;food:0
total	exp~trans~10.5~2025~9~5^inc~10~nan~2026~0~1|
rows	|01:1e21;1:0;trans:0.0001;4294967295:100;food:0.0001
total	_~a~nan~2026~5~11^_~food~1~2026~5~10^exp~trans~0.1~2025~9~4^exp~trans~-0~2026~0~1^inc~1~10.5~2024~1~29|
rows	inc~rent~99.995~2026~5~11|4294967295:1;trans:1e21;:10.5;2:0.0001
rows	exp~01~1e21~2026~5~10^exp~01~10.5~2026~5~11|a:0.0001;10:1e21;01:100
monthly	inc~2~99.995~2026~5~11^xfer~trans~-0~2026~5~11^exp~01~0.1~2025~9~4^_~food~99.995~2025~9~5^exp~Z~10.5~2026~3~5^xfer~food~99.995~2026~5~10|1e21
rows	inc~trans~-0~2026~5~10^exp~trans~100~2026~3~5^inc~~nan~2024~1~29^_~trans~0~2025~9~4|trans:10.5;rent:100
tier	|99.995,0
daily	exp~Z~100~2026~3~5^inc~10~nan~2025~9~5^inc~4294967295~1~2026~0~1^xfer~01~0~2025~9~5^exp~10~1~2026~0~1|100,2026,0,1
today	exp~trans~1e21~2025~9~5^inc~a~99.995~2026~3~5|2026,5,11
rows	inc~trans~100~2024~1~29^exp~trans~100~2026~11~31^exp~trans~-0~2026~11~31^exp~4294967295~-0~2026~3~5|trans:0.0001;4294967295:1;:-1;10:1
total	exp~4294967295~100~2026~0~1^exp~Z~-0~2024~1~29^exp~2~1~2026~11~31|
total	exp~rent~-3~2024~1~29^exp~a~nan~2026~5~11^exp~4294967295~10.5~2026~5~10|
rows	xfer~4294967295~-0~2026~0~1|4294967295:1
monthly	inc~trans~100~2026~11~31^exp~10~1e21~2026~5~10^exp~1~10.5~2026~5~10^exp~01~1e21~2026~11~31|-1
today	|2026,0,1
total	exp~trans~99.995~2026~5~11^xfer~4294967295~1e21~2026~11~31^_~a~99.995~2026~5~11^_~01~99.995~2025~9~5|
rows	exp~Z~10.5~2026~5~10^xfer~rent~1e21~2026~5~10^exp~01~1e21~2026~3~5|01:10.5;Z:1e21
total	|
total	exp~rent~99.995~2026~11~31^exp~a~nan~2024~1~29^_~2~0~2026~3~5^exp~4294967295~100~2025~9~4^xfer~01~100~2026~11~31|
rows	exp~a~0.1~2025~9~4|a:0;trans:1
today	xfer~a~100~2024~1~29|2024,1,29
monthly	xfer~~-3~2026~5~10^_~rent~nan~2025~9~5^exp~4294967295~0.1~2026~5~10^xfer~Z~10.5~2025~9~5^xfer~1~-3~2026~5~11^exp~food~1e21~2026~5~11|nan
rows	exp~food~1e21~2026~0~1^exp~trans~1e21~2024~1~29^inc~10~-0~2026~3~5|10:100;1:1;01:100;trans:0.0001;food:10.5
rows	inc~4294967295~-3~2025~9~4|4294967295:nan;rent:100;10:0.0001;Z:0.0001
rows	xfer~trans~99.995~2024~1~29^exp~a~-3~2026~0~1^exp~10~-3~2026~5~11^exp~a~nan~2026~3~5|10:-1;rent:100;trans:-1;food:100
rows	exp~~0.1~2025~9~5^xfer~1~-0~2025~9~4^exp~10~0~2026~3~5^exp~10~-3~2024~1~29|
today	xfer~a~1e21~2026~0~1^exp~Z~1~2025~9~5^_~Z~10.5~2026~5~10^exp~01~99.995~2026~11~31|2026,0,1
daily	xfer~~100~2025~9~4^exp~1~-3~2025~9~4^exp~2~0~2024~1~29^inc~food~nan~2026~11~31^_~2~0~2025~9~5|nan,2025,9,5
monthly	exp~rent~1e21~2026~11~31^exp~Z~10.5~2026~3~5^exp~trans~-0~2026~3~5^exp~1~10.5~2026~5~10^exp~2~99.995~2025~9~4|1
total	exp~~10.5~2026~3~5^exp~rent~0.1~2025~9~5^xfer~trans~100~2026~5~11^inc~Z~1~2026~5~10^exp~a~1~2026~3~5^exp~2~-0~2025~9~5|
total	exp~a~-3~2024~1~29^inc~10~100~2025~9~5^exp~2~-3~2026~5~10^inc~10~0~2026~5~10^xfer~a~10.5~2025~9~5^inc~rent~1e21~2025~9~5|
tier	|10.5,nan
monthly	_~trans~0.1~2026~0~1^exp~2~-0~2026~5~11^inc~4294967295~10.5~2026~5~10|nan
total	_~Z~99.995~2026~0~1^exp~~1e21~2026~3~5^xfer~trans~10.5~2026~3~5^exp~rent~100~2026~5~11|
rows	|4294967295:0;10:1;food:1
monthly	_~~1~2025~9~5^exp~~0~2026~3~5|0
rows	exp~4294967295~nan~2026~0~1^xfer~4294967295~-3~2026~5~10^exp~rent~-3~2026~11~31^exp~4294967295~1e21~2025~9~4^xfer~10~0~2026~5~10^exp~4294967295~99.995~2024~1~29|4294967295:10.5
rows	xfer~2~100~2025~9~4^exp~food~1~2026~5~11^_~Z~-3~2026~5~11^_~4294967295~100~2026~5~10|
daily	inc~10~1~2026~5~11^exp~rent~10.5~2026~0~1^exp~rent~0.1~2024~1~29^inc~2~10.5~2026~3~5^exp~trans~99.995~2026~0~1^_~~0.1~2026~5~10|1,2025,9,5
rows	exp~~0.1~2025~9~5^exp~4294967295~-3~2025~9~5|rent:1e21;trans:-1;:nan;Z:1
daily	exp~a~1e21~2026~5~10^exp~food~99.995~2026~5~10^exp~~1e21~2026~5~10|100,2024,1,29
tier	|10.5,0
tier	|1e21,1
today	exp~2~-3~2024~1~29^exp~2~nan~2026~11~31^xfer~10~1e21~2024~1~29^exp~4294967295~-3~2026~11~31|2026,3,5
monthly	inc~1~1~2026~5~11^exp~2~1~2026~3~5^exp~2~1e21~2025~9~4^exp~Z~-3~2026~5~10^exp~food~10.5~2026~0~1|100
rows	inc~2~99.995~2026~5~11^inc~Z~0~2025~9~4^exp~trans~-0~2026~11~31^xfer~10~10.5~2026~5~11^exp~trans~-3~2026~0~1|trans:0.0001;a:100
today	exp~food~10.5~2026~5~11^exp~~10.5~2024~1~29^exp~1~99.995~2025~9~5|2026,5,10
monthly	_~1~nan~2025~9~5^xfer~~1~2026~5~10|100
today	xfer~trans~1~2026~5~10^exp~1~nan~2026~0~1|2026,5,11
total	|
tier	|1,100
monthly	exp~1~100~2024~1~29^exp~a~100~2025~9~4^_~~nan~2026~3~5^exp~4294967295~-0~2026~0~1^xfer~Z~nan~2024~1~29|10.5
total	_~10~nan~2025~9~4|
rows	exp~trans~-0~2026~3~5^exp~a~99.995~2025~9~5^_~Z~nan~2025~9~4^exp~10~0~2026~5~11^exp~2~1e21~2026~5~10|2:0.0001;1:100;trans:-1;4294967295:nan
total	exp~10~1e21~2026~5~11^exp~~nan~2026~11~31^exp~trans~1~2024~1~29^xfer~rent~1e21~2026~5~10^inc~~1e21~2026~11~31^xfer~Z~10.5~2026~3~5|
today	exp~10~10.5~2026~11~31^xfer~Z~-0~2026~5~10^inc~rent~100~2024~1~29|2026,5,11
rows	|Z:10.5;10:1e21
daily	exp~~99.995~2026~5~10^inc~food~99.995~2026~5~10|0,2025,9,5
monthly	_~food~-3~2026~3~5^inc~a~0~2026~0~1^exp~~-0~2024~1~29^exp~~0~2024~1~29^exp~trans~0~2026~0~1|100
monthly	exp~01~-0~2025~9~5^_~rent~-0~2026~3~5^inc~food~0~2025~9~4^_~1~0~2026~5~10|-1
tier	|1e21,10.5
today	exp~10~0.1~2024~1~29^exp~rent~nan~2024~1~29^inc~trans~-0~2025~9~5^_~2~nan~2026~0~1|2024,1,29
total	inc~2~0~2026~11~31|
rows	xfer~~1e21~2024~1~29^_~4294967295~100~2026~5~11^exp~rent~10.5~2026~5~11^exp~food~-0~2026~3~5|4294967295:0.0001;1:0.0001;rent:-1;food:1e21
monthly	xfer~1~99.995~2026~0~1^_~rent~100~2026~0~1^exp~10~-3~2026~11~31^exp~4294967295~100~2024~1~29|100
monthly	exp~a~0.1~2025~9~4^_~01~100~2025~9~5^_~4294967295~1e21~2026~3~5|100
rows	xfer~trans~-0~2026~0~1^inc~trans~99.995~2025~9~4^_~Z~-3~2026~5~10^_~Z~0.1~2025~9~4^xfer~~100~2026~3~5^exp~4294967295~10.5~2026~11~31|Z:1;trans:100
monthly	_~trans~-3~2026~0~1^exp~a~1e21~2026~11~31^exp~trans~0.1~2026~5~10^exp~Z~1~2025~9~5^xfer~1~-0~2026~11~31|0
rows	xfer~01~99.995~2026~5~11^exp~01~1e21~2026~5~11^exp~01~nan~2026~0~1|01:100
daily	exp~~-0~2026~5~10|100,2026,3,5
monthly	exp~~1~2026~5~10^inc~~0.1~2026~5~11^exp~4294967295~100~2026~5~11|0
rows	_~2~0.1~2025~9~5^inc~a~100~2025~9~5^_~2~1~2025~9~4^xfer~~nan~2026~11~31^xfer~trans~10.5~2025~9~4|
rows	exp~Z~0.1~2026~5~11^_~~100~2026~3~5^exp~2~-0~2026~0~1|:nan
monthly	xfer~01~-0~2025~9~5^exp~10~0.1~2025~9~5^inc~a~-3~2026~11~31|1
monthly	xfer~2~1e21~2024~1~29^exp~trans~nan~2026~0~1^xfer~01~10.5~2024~1~29^exp~2~100~2026~11~31|-1
total	exp~~100~2025~9~5^xfer~01~-0~2026~11~31|
total	_~10~-3~2026~3~5^exp~food~nan~2026~11~31^inc~4294967295~-0~2026~3~5|
rows	_~trans~100~2026~11~31^inc~Z~-0~2024~1~29|rent:1;Z:0;:-1;10:10.5
today	exp~4294967295~100~2024~1~29^inc~4294967295~0~2024~1~29^exp~10~-0~2024~1~29^_~Z~-3~2026~11~31^exp~~0~2026~11~31|2026,11,31
daily	exp~food~10.5~2026~5~10^exp~trans~99.995~2026~5~11^exp~01~1~2026~0~1|0,2026,5,11
daily	_~01~0~2026~11~31^xfer~10~1e21~2026~5~10|100,2025,9,5
monthly	exp~trans~10.5~2026~0~1^exp~10~-0~2025~9~5^inc~~nan~2025~9~4|100
daily	exp~10~0.1~2026~3~5|10.5,2026,11,31
total	exp~4294967295~100~2026~11~31^exp~1~100~2025~9~5|
total	|
today	exp~trans~-3~2025~9~4^_~1~0~2026~5~10^inc~2~-0~2026~0~1^_~trans~1e21~2025~9~4|2026,5,10
monthly	inc~a~1e21~2025~9~4^inc~a~0.1~2025~9~4^_~1~99.995~2026~0~1^xfer~~99.995~2026~11~31^xfer~a~nan~2025~9~4^xfer~1~10.5~2025~9~5|100
today	exp~2~-0~2026~5~10|2026,5,10
rows	exp~a~100~2025~9~5^_~Z~1~2026~3~5^exp~trans~-0~2026~0~1^_~2~0~2026~5~10^exp~10~-0~2026~11~31|2:1e21;a:0.0001;10:nan;01:10.5;trans:1
monthly	_~01~100~2025~9~5^exp~trans~-0~2025~9~4|nan
tier	|-0,1
rows	inc~Z~nan~2026~11~31^inc~2~-3~2026~11~31^xfer~~-0~2026~0~1^exp~rent~100~2024~1~29|:10.5;2:-1;trans:10.5
monthly	_~01~-0~2026~11~31^exp~trans~1e21~2026~0~1^xfer~01~100~2026~5~10^_~~-3~2026~5~10|1
today	exp~a~-0~2026~0~1|2024,1,29
rows	exp~Z~100~2025~9~4^_~trans~10.5~2025~9~4^exp~01~0.1~2026~11~31|2:-1;Z:1e21
today	xfer~2~-3~2025~9~5^exp~10~nan~2026~3~5^_~rent~10.5~2026~3~5|2026,0,1
rows	exp~2~-0~2024~1~29^inc~10~100~2026~11~31^exp~rent~99.995~2026~11~31|rent:10.5
rows	|Z:1
today	exp~10~-3~2026~5~10|2025,9,4
today	_~10~nan~2026~5~10^exp~1~10.5~2026~0~1^exp~1~-3~2026~5~11|2024,1,29
tier	|1,10.5
today	xfer~Z~1~2024~1~29^exp~food~nan~2026~11~31^_~2~1~2026~0~1|2026,5,10
total	exp~Z~1~2024~1~29^xfer~Z~1~2026~11~31^exp~rent~nan~2025~9~5^exp~2~99.995~2026~5~10^_~~99.995~2024~1~29^inc~Z~0.1~2025~9~5|
rows	|:0;10:1;rent:-1
tier	|0.1,1
today	_~1~-3~2026~0~1^exp~4294967295~0~2025~9~4|2026,11,31
total	inc~a~0.1~2025~9~4^exp~Z~0.1~2025~9~5^exp~rent~1e21~2025~9~4^inc~food~10.5~2026~3~5|
monthly	inc~1~nan~2026~5~11^exp~rent~0~2026~0~1^exp~2~1~2025~9~5^exp~~10.5~2026~5~10^exp~01~1~2026~5~10|1
tier	|-3,1e21
tier	|1e21,0.0001
tier	|10.5,0
total	exp~food~0.1~2024~1~29^exp~Z~10.5~2024~1~29|
tier	|99.995,-1
tier	|1e21,100
today	inc~01~0~2026~11~31^xfer~2~-3~2026~5~11^inc~food~1e21~2024~1~29^xfer~01~100~2026~5~11|2026,5,11
rows	inc~2~-3~2026~0~1^inc~2~10.5~2026~5~11^xfer~2~100~2026~11~31^xfer~1~-0~2026~5~10^xfer~food~10.5~2026~11~31|01:100;2:-1;rent:-1;1:100
today	_~food~100~2026~0~1^inc~4294967295~100~2026~3~5^_~~100~2025~9~4^exp~Z~10.5~2024~1~29^exp~food~-0~2025~9~5|2024,1,29
today	exp~food~10.5~2025~9~5^_~a~100~2026~3~5|2025,9,4
tier	|-3,1
rows	exp~~100~2026~3~5|:1e21
rows	_~01~10.5~2026~5~11^exp~trans~0.1~2025~9~5^exp~01~-3~2025~9~4^exp~4294967295~0~2026~5~10|01:10.5
total	|
total	|
monthly	inc~1~-3~2026~0~1|nan
tier	|-0,10.5
today	_~rent~10.5~2026~3~5^_~4294967295~0~2026~3~5^exp~2~1e21~2026~5~11|2026,11,31
daily	_~4294967295~1e21~2026~5~10^exp~1~99.995~2024~1~29^xfer~trans~nan~2024~1~29|1e21,2026,5,10
rows	inc~a~10.5~2025~9~4^exp~4294967295~99.995~2026~0~1^inc~4294967295~1~2026~0~1|4294967295:0.0001
monthly	exp~01~1~2026~0~1^xfer~4294967295~1e21~2026~5~11^_~01~0.1~2025~9~5^exp~10~-3~2026~3~5^exp~10~100~2025~9~5|1
rows	exp~01~1~2026~5~11|food:-1
tier	|1,1e21
rows	_~Z~1e21~2026~3~5^xfer~Z~1~2024~1~29^xfer~Z~-3~2024~1~29^exp~01~10.5~2025~9~5^inc~10~99.995~2026~5~10^xfer~01~-0~2024~1~29|Z:-1;2:1e21;01:0;10:nan
daily	inc~1~-0~2025~9~5^exp~01~10.5~2026~3~5^inc~a~99.995~2026~0~1^exp~4294967295~100~2026~11~31^xfer~2~-0~2026~11~31|100,2025,9,5
daily	inc~food~10.5~2026~11~31^exp~Z~nan~2026~5~11^inc~10~0~2025~9~4|100,2026,3,5
daily	exp~rent~-0~2026~11~31^exp~4294967295~nan~2025~9~4^_~10~100~2026~11~31^exp~rent~0~2026~11~31^exp~Z~1~2026~11~31|10.5,2026,0,1
total	xfer~4294967295~100~2024~1~29^exp~trans~1e21~2025~9~4^exp~Z~99.995~2025~9~5^exp~food~0.1~2026~0~1|
today	inc~Z~nan~2024~1~29^xfer~food~-0~2026~11~31^exp~1~1e21~2024~1~29^exp~10~1~2025~9~4^inc~1~1~2026~5~10^xfer~1~10.5~2026~5~11|2024,1,29
rows	exp~~10.5~2026~5~10^_~~0.1~2026~3~5^_~~0~2024~1~29^exp~a~nan~2025~9~4^_~rent~99.995~2024~1~29|:0.0001;2:0.0001;a:-1
today	exp~trans~0.1~2026~3~5^inc~~100~2026~5~11^exp~a~1e21~2025~9~4^exp~rent~-0~2026~3~5|2026,11,31
monthly	exp~food~0~2026~5~11^_~rent~nan~2025~9~5^exp~1~10.5~2026~11~31^exp~10~nan~2026~3~5|1e21
daily	|nan,2026,3,5
rows	_~food~10.5~2026~5~10^_~Z~10.5~2026~0~1^exp~food~-0~2026~3~5^exp~~-3~2026~5~11^exp~Z~-3~2026~0~1^exp~food~1~2026~5~11|food:100
today	exp~2~99.995~2026~11~31^_~rent~-3~2025~9~4|2026,3,5
total	|
daily	_~4294967295~100~2026~11~31^_~1~1e21~2025~9~5^xfer~2~0.1~2024~1~29^inc~10~1e21~2026~3~5^_~1~1~2025~9~4^exp~01~0~2026~11~31|-1,2026,5,10
tier	|nan,1
monthly	_~~99.995~2026~3~5^exp~2~-3~2025~9~5^xfer~4294967295~100~2026~11~31|1
monthly	_~~-3~2026~11~31|0.0001
tier	|0.1,100
rows	|trans:10.5;1:1;2:10.5;food:1e21;:100
total	xfer~4294967295~1e21~2026~5~11^exp~2~-0~2024~1~29^exp~Z~10.5~2026~5~10^exp~~10.5~2026~3~5^exp~10~0.1~2025~9~5|
daily	|100,2024,1,29
total	inc~rent~10.5~2025~9~5^_~rent~99.995~2025~9~5^xfer~2~10.5~2025~9~5^_~a~nan~2024~1~29^xfer~10~99.995~2026~5~11^_~Z~10.5~2026~5~10|
today	_~a~99.995~2026~5~10^xfer~Z~99.995~2026~11~31^inc~4294967295~1e21~2026~3~5|2026,0,1
tier	|1,0.0001
rows	inc~~0.1~2025~9~4|a:1e21;4294967295:100;2:10.5;:0.0001;Z:10.5
total	|
today	|2024,1,29
total	exp~a~nan~2026~11~31^xfer~10~1e21~2026~11~31|
rows	xfer~food~-0~2026~5~11^xfer~~99.995~2025~9~5^exp~food~100~2026~0~1^exp~food~10.5~2025~9~5^exp~food~10.5~2026~0~1|food:100
monthly	xfer~10~100~2026~5~11^inc~food~10.5~2024~1~29|100
rows	exp~10~0~2026~11~31^exp~01~-3~2026~11~31^exp~10~-0~2026~0~1|a:-1;01:0.0001;1:100;10:nan;Z:1e21
today	exp~1~nan~2024~1~29^_~Z~0.1~2026~11~31^_~a~-0~2026~11~31|2025,9,4
daily	exp~10~99.995~2026~3~5^exp~~99.995~2024~1~29|nan,2026,0,1
monthly	exp~2~1~2025~9~4^exp~4294967295~-3~2026~5~11^_~1~1e21~2024~1~29^exp~01~-0~2026~3~5^_~trans~nan~2026~0~1^inc~01~100~2026~5~11|100
rows	exp~food~0.1~2024~1~29|10:1e21;:0;food:10.5;a:1;rent:1
total	_~rent~1e21~2025~9~5|
today	inc~food~99.995~2026~5~10|2026,0,1
rows	inc~01~-0~2025~9~4^_~food~0~2026~0~1^exp~2~10.5~2026~0~1^inc~trans~1e21~2025~9~5^xfer~trans~100~2026~3~5^xfer~trans~1~2025~9~4|trans:10.5;2:0
rows	|:1e21;Z:-1;10:0
rows	inc~food~-3~2026~5~10^exp~a~1~2025~9~4^_~trans~nan~2026~11~31^_~~100~2026~5~11|trans:nan;2:-1
daily	exp~a~1e21~2026~3~5^exp~10~10.5~2026~0~1^xfer~Z~10.5~2026~11~31^inc~10~100~2026~3~5^exp~Z~99.995~2024~1~29|nan,2025,9,5
rows	inc~rent~1~2025~9~5^exp~trans~-0~2025~9~4^exp~Z~-3~2024~1~29|1:1;2:0;10:0
rows	exp~4294967295~100~2024~1~29^exp~4294967295~1e21~2026~5~11|trans:1;01:1e21;food:0.0001;Z:0.0001;4294967295:1e21
today	exp~10~0.1~2026~5~10^inc~~0.1~2026~5~10^inc~01~nan~2026~5~11^exp~1~1~2025~9~5^exp~4294967295~1e21~2026~0~1^exp~trans~-0~2026~11~31|2026,5,10
today	inc~rent~1~2024~1~29|2026,3,5
rows	exp~Z~0~2026~0~1^exp~4294967295~100~2026~11~31^exp~food~0.1~2026~11~31|rent:1e21;trans:100;10:10.5;2:100;4294967295:1
tier	|0,0
rows	inc~10~0~2026~0~1^xfer~10~1~2024~1~29|10:1e21
daily	inc~rent~0.1~2026~5~11^xfer~a~1e21~2026~3~5^exp~Z~-0~2026~3~5^inc~2~-0~2024~1~29^exp~Z~1e21~2025~9~4^inc~2~0.1~2026~5~11|0,2024,1,29
monthly	exp~1~nan~2026~0~1^exp~2~-0~2025~9~4^exp~Z~0.1~2026~0~1^exp~2~nan~2026~5~10^inc~a~0~2026~5~10|10.5
daily	inc~01~10.5~2026~5~11^inc~4294967295~0.1~2026~3~5^exp~2~nan~2026~0~1^exp~rent~0~2026~0~1^exp~01~0~2024~1~29^inc~01~10.5~2026~0~1|100,2026,5,11
today	inc~~-3~2025~9~5^inc~rent~99.995~2024~1~29|2025,9,4
rows	|a:100;:10.5;trans:100;2:10.5
today	exp~1~1e21~2026~5~10^exp~~100~2025~9~4|2026,5,11
rows	xfer~4294967295~nan~2026~0~1^exp~4294967295~-3~2026~3~5^_~~0~2025~9~4^xfer~4294967295~0~2026~5~10|4294967295:100
rows	exp~trans~1~2024~1~29^_~Z~1~2025~9~4^exp~Z~100~2026~0~1|food:nan;Z:-1
rows	_~rent~100~2026~0~1^exp~1~0~2026~5~11|
monthly	|nan
tier	|1e21,100
today	xfer~4294967295~99.995~2026~11~31|2026,5,11
today	_~a~100~2024~1~29|2026,0,1
rows	xfer~01~-3~2026~11~31|01:-1;:100
daily	exp~food~99.995~2026~3~5^xfer~01~100~2026~5~10^exp~2~10.5~2026~3~5|100,2026,0,1
tier	|-3,1
today	|2026,3,5
daily	_~10~99.995~2026~3~5^_~trans~nan~2024~1~29^exp~rent~1e21~2026~5~10^exp~01~0.1~2026~5~10^_~trans~99.995~2026~3~5^exp~4294967295~1~2026~5~10|0,2026,3,5
rows	xfer~~0~2025~9~5^exp~trans~0.1~2024~1~29|:0
today	xfer~a~1~2026~5~10^exp~2~0~2026~5~11|2026,5,10
tier	|0,-1
rows	|1:-1
tier	|10.5,1
today	inc~4294967295~-3~2026~0~1^exp~4294967295~-0~2026~11~31^exp~a~-3~2026~0~1|2026,5,10
daily	exp~~99.995~2026~5~10^_~Z~10.5~2024~1~29^xfer~trans~nan~2024~1~29^exp~10~1e21~2026~3~5^exp~Z~nan~2026~5~10|100,2026,5,11
daily	|0.0001,2026,3,5
rows	_~10~-3~2026~11~31^exp~1~100~2026~5~11^inc~2~99.995~2025~9~5^_~~0.1~2026~3~5|10:100;1:10.5
monthly	exp~food~0~2024~1~29|1e21
tier	|-3,1e21
rows	|
monthly	xfer~rent~-3~2025~9~5^_~food~0~2026~5~10^exp~2~10.5~2026~5~11^xfer~rent~100~2026~0~1^exp~trans~-3~2025~9~5|10.5
daily	xfer~4294967295~nan~2026~3~5^_~4294967295~99.995~2025~9~5^exp~trans~10.5~2025~9~5^exp~Z~0.1~2025~9~5^exp~trans~-3~2026~5~10|0.0001,2025,9,4
rows	exp~01~100~2026~3~5^exp~01~0~2024~1~29^inc~01~1e21~2026~5~11^exp~a~0.1~2026~5~10^exp~trans~-0~2026~11~31^xfer~2~10.5~2026~11~31|01:1e21
monthly	exp~rent~1e21~2026~0~1^exp~a~1e21~2026~0~1|1
today	exp~2~10.5~2026~5~11^exp~a~0~2025~9~5^xfer~10~-0~2025~9~5^xfer~Z~10.5~2026~5~10^exp~01~-3~2025~9~5|2026,5,11
monthly	exp~Z~0.1~2024~1~29^exp~4294967295~0.1~2026~3~5^exp~rent~0~2025~9~4^exp~~1~2026~3~5^exp~food~-3~2026~0~1|1e21
tier	|100,1
daily	exp~trans~99.995~2026~3~5|0.0001,2025,9,5
rows	exp~a~0.1~2026~5~10^exp~a~100~2026~0~1^exp~~0~2025~9~4|1:100;food:nan;a:10.5
tier	|1e21,10.5
rows	inc~1~-0~2026~5~10|4294967295:-1;:1e21;1:10.5;10:10.5;2:100
monthly	_~food~-0~2026~3~5^inc~a~-3~2026~0~1^xfer~trans~10.5~2024~1~29|-1
today	exp~food~0.1~2025~9~4^_~food~99.995~2024~1~29^exp~~0.1~2026~11~31^inc~rent~0.1~2024~1~29^inc~4294967295~nan~2026~0~1^exp~4294967295~-0~2026~3~5|2026,3,5
tier	|1,-1
daily	inc~a~-0~2024~1~29^xfer~4294967295~100~2026~3~5^exp~2~nan~2025~9~4^xfer~rent~100~2026~5~11^inc~rent~nan~2024~1~29|-1,2024,1,29
daily	exp~~0.1~2026~11~31^exp~01~100~2025~9~4^inc~1~100~2025~9~5|100,2025,9,5
tier	|nan,100
rows	exp~a~100~2026~0~1^inc~food~1~2024~1~29|a:100;10:0;:0;food:0
daily	exp~trans~100~2026~11~31^_~a~10.5~2024~1~29^xfer~rent~0~2025~9~4^exp~rent~100~2026~3~5^_~1~100~2025~9~4^exp~2~10.5~2026~5~10|100,2026,11,31
daily	xfer~01~0.1~2026~5~11^exp~trans~100~2026~11~31^_~rent~-0~2026~5~10^exp~trans~-3~2024~1~29^exp~4294967295~1~2026~5~10^exp~2~99.995~2026~5~11|0.0001,2026,5,11
total	|
daily	exp~food~1e21~2026~5~11|10.5,2026,5,10
daily	xfer~2~nan~2025~9~5^_~rent~0~2026~5~10^exp~10~1e21~2026~11~31^exp~rent~99.995~2025~9~4^inc~Z~nan~2026~5~11|nan,2026,0,1
today	exp~Z~0.1~2025~9~5|2024,1,29
total	xfer~4294967295~100~2026~5~10^exp~food~0~2026~5~11^xfer~a~-0~2025~9~5^_~a~0~2026~3~5^exp~1~-3~2026~11~31^exp~~1~2026~11~31|
total	exp~01~0.1~2026~3~5^_~rent~100~2025~9~5|
today	xfer~trans~-3~2026~3~5^exp~4294967295~-0~2026~5~10^xfer~4294967295~10.5~2026~3~5|2026,11,31
daily	_~Z~1~2026~5~10^xfer~trans~99.995~2024~1~29^exp~2~nan~2026~11~31|0.0001,2026,0,1
monthly	exp~~1e21~2026~3~5^xfer~Z~10.5~2025~9~4|0
total	xfer~4294967295~99.995~2025~9~5^exp~a~0~2026~5~10^exp~10~1~2025~9~5^exp~4294967295~10.5~2025~9~4^_~food~100~2026~5~11|
today	inc~rent~1e21~2026~11~31|2026,3,5
rows	exp~Z~0.1~2026~0~1|:-1;Z:1e21;trans:0;food:10.5;2:10.5
total	|
daily	_~a~1~2025~9~5^exp~food~-3~2026~5~10|nan,2025,9,5
tier	|100,10.5
total	|
daily	|0,2026,3,5
tier	|1,100
monthly	xfer~food~0.1~2024~1~29^_~2~0.1~2024~1~29^exp~2~nan~2024~1~29|0.0001
total	inc~a~10.5~2026~0~1^inc~rent~100~2026~11~31^exp~~-3~2026~0~1^xfer~Z~-3~2024~1~29^xfer~Z~-3~2026~3~5|
today	inc~trans~10.5~2025~9~4|2025,9,4
daily	|1e21,2024,1,29
total	inc~Z~-3~2026~5~10^exp~trans~nan~2026~5~11^exp~Z~0~2026~3~5|
rows	|:nan
today	exp~~100~2026~5~11|2025,9,4
tier	|0.1,0
rows	inc~2~1e21~2026~3~5^inc~2~100~2026~0~1^exp~rent~-0~2026~5~10^_~food~nan~2025~9~5^exp~4294967295~1~2026~5~11^exp~rent~0.1~2024~1~29|
today	xfer~a~0.1~2026~0~1^_~1~10.5~2025~9~4^exp~~99.995~2026~0~1^exp~a~1~2024~1~29^inc~a~nan~2025~9~5|2026,0,1
today	exp~01~0~2026~5~10|2025,9,4
total	|
rows	|Z:-1
tier	|-3,1e21
rows	exp~~1~2026~5~11^_~1~-0~2026~0~1^exp~01~nan~2026~5~11^inc~1~nan~2025~9~4^exp~4294967295~0~2025~9~5^_~trans~100~2026~0~1|4294967295:100;1:1e21;10:nan;2:1e21;Z:0
rows	xfer~~-0~2025~9~5^xfer~01~-0~2026~3~5^inc~a~1e21~2024~1~29^exp~rent~10.5~2026~3~5^exp~01~1e21~2026~5~10|rent:0;Z:0;01:1;:10.5
rows	exp~~-3~2026~0~1|trans:1e21
monthly	exp~2~-0~2026~11~31^exp~4294967295~nan~2026~3~5|1
monthly	_~Z~1e21~2025~9~4^_~10~nan~2026~3~5^exp~2~99.995~2024~1~29^inc~01~100~2026~5~11^inc~4294967295~1e21~2026~5~10|1e21
daily	exp~1~-3~2026~5~11^xfer~1~0~2024~1~29^_~food~-0~2024~1~29^_~10~1e21~2026~3~5^exp~1~1~2026~3~5^inc~10~0.1~2025~9~5|0,2026,5,11
today	|2025,9,5
daily	inc~food~-0~2026~3~5^exp~~1e21~2026~11~31^inc~10~-0~2026~3~5^exp~4294967295~100~2026~0~1|-1,2025,9,4
total	xfer~1~0~2025~9~4^inc~food~nan~2026~0~1^inc~rent~1e21~2025~9~5|
tier	|99.995,1
monthly	exp~~0.1~2024~1~29^exp~~1~2026~0~1^inc~Z~1~2026~5~11|100
daily	_~1~1e21~2026~0~1^_~Z~-3~2026~11~31^exp~10~-3~2025~9~4|10.5,2025,9,4
today	inc~trans~0~2024~1~29^_~Z~10.5~2026~0~1^_~4294967295~1~2026~11~31^xfer~2~-0~2024~1~29^exp~10~100~2026~3~5|2026,11,31
tier	|-0,1e21
rows	inc~1~nan~2026~5~11|1:100;trans:100;10:10.5;01:1;food:0
rows	exp~4294967295~100~2026~5~10^inc~4294967295~-0~2024~1~29|2:1;:1;01:100;1:-1;a:-1
rows	_~01~-0~2026~11~31^xfer~Z~0~2026~5~10|10:0.0001;Z:nan;:1;01:1e21;a:100
rows	|trans:1e21;10:100
rows	exp~10~0.1~2024~1~29^exp~10~0~2026~0~1^inc~4294967295~0.1~2025~9~5^exp~1~100~2026~3~5|:0.0001;10:0.0001;1:1;4294967295:1e21
rows	|
daily	xfer~4294967295~nan~2026~5~10^exp~food~-0~2024~1~29^inc~01~1~2025~9~5^_~10~1~2026~0~1^_~2~-0~2025~9~5^_~01~nan~2026~5~11|0.0001,2026,11,31
total	exp~01~1e21~2025~9~4^inc~01~99.995~2025~9~5^exp~4294967295~1e21~2026~3~5^xfer~a~0~2026~3~5|
tier	|0.1,nan
rows	exp~~99.995~2026~5~11^exp~food~10.5~2026~5~10^xfer~~10.5~2026~5~10^exp~~nan~2026~5~11^inc~~1~2026~3~5^exp~~1~2026~5~11|:1
monthly	_~food~0.1~2026~5~10^exp~~-3~2026~0~1|0.0001
rows	xfer~4294967295~1e21~2025~9~4^exp~2~100~2026~5~10^exp~trans~-3~2026~5~10|10:1e21;01:100
today	exp~~99.995~2026~5~10^_~2~100~2026~5~10^inc~1~0.1~2026~11~31^exp~10~10.5~2026~5~11|2026,5,10
today	exp~trans~100~2026~5~10^exp~a~10.5~2026~3~5^_~a~1~2026~11~31^xfer~Z~-0~2026~5~10^exp~1~1e21~2026~3~5^exp~a~0~2026~3~5|2026,11,31
total	_~4294967295~99.995~2024~1~29|
monthly	exp~food~0~2025~9~4^inc~10~100~2025~9~4|nan
tier	|1,1
monthly	exp~a~1e21~2026~5~10^exp~2~1e21~2026~0~1^exp~trans~10.5~2026~0~1^exp~food~1e21~2025~9~5^exp~Z~nan~2026~5~11^xfer~rent~1e21~2026~5~10|nan
rows	_~1~100~2025~9~4^xfer~rent~1~2025~9~5^exp~a~10.5~2025~9~5^exp~01~1~2026~11~31^exp~1~0~2025~9~5|:100;1:-1;rent:nan;Z:100
rows	exp~1~1e21~2026~11~31^inc~trans~1e21~2026~3~5|trans:10.5
rows	xfer~01~nan~2024~1~29^exp~food~-0~2026~5~10|4294967295:1e21;01:0.0001
daily	exp~rent~-0~2026~11~31^exp~~1e21~2026~3~5^exp~food~10.5~2026~11~31^exp~10~1~2026~0~1^exp~trans~1e21~2025~9~4|10.5,2026,11,31
monthly	_~a~-3~2024~1~29^xfer~1~0.1~2026~5~11^_~2~10.5~2025~9~5^exp~01~10.5~2026~0~1^_~rent~1~2024~1~29^_~1~1e21~2024~1~29|-1
daily	exp~2~nan~2026~5~10^exp~rent~-3~2026~5~10^inc~1~1~2025~9~5^exp~a~-3~2026~3~5|1e21,2026,3,5
total	xfer~01~99.995~2025~9~4^inc~food~10.5~2026~0~1^exp~1~-0~2025~9~4^exp~a~99.995~2026~11~31|
total	exp~4294967295~0~2026~5~10^exp~~-0~2025~9~5^exp~~0.1~2026~0~1^exp~01~nan~2026~0~1|
daily	exp~food~-3~2026~11~31^exp~Z~1e21~2025~9~5^inc~trans~0.1~2026~3~5^exp~rent~10.5~2026~3~5^_~a~nan~2026~11~31^inc~food~1~2025~9~5|0,2026,11,31
today	xfer~a~100~2025~9~5^exp~trans~1e21~2026~11~31^exp~food~1~2025~9~4^xfer~~1~2026~3~5^exp~~nan~2025~9~4^exp~a~-0~2025~9~4|2025,9,4
monthly	exp~~0.1~2026~5~11^xfer~Z~100~2025~9~4^inc~a~10.5~2025~9~5^exp~a~10.5~2026~0~1^xfer~Z~99.995~2026~5~10^exp~10~10.5~2025~9~4|10.5
tier	|10.5,nan
rows	_~rent~-3~2025~9~4^xfer~01~nan~2025~9~5^_~~99.995~2026~3~5^exp~10~-3~2024~1~29^xfer~Z~nan~2026~3~5^exp~Z~1e21~2025~9~5|4294967295:100;Z:100;food:100;:0.0001
rows	inc~4294967295~1~2026~3~5^_~rent~99.995~2024~1~29|:10.5;trans:100;Z:100;1:1;rent:1e21
rows	exp~food~1e21~2026~3~5^xfer~food~99.995~2026~11~31^xfer~a~0.1~2024~1~29|01:10.5;2:100;a:10.5;Z:0.0001;10:100
monthly	exp~10~10.5~2026~0~1^xfer~1~0.1~2026~11~31|100
daily	xfer~Z~0.1~2024~1~29^_~food~0~2024~1~29^xfer~~1~2025~9~4^xfer~10~-3~2025~9~4^exp~trans~-3~2024~1~29^_~a~0~2026~5~10|1e21,2026,5,11
monthly	exp~2~10.5~2026~3~5^_~rent~0.1~2024~1~29^exp~a~-3~2025~9~5^inc~trans~nan~2026~5~10|1
tier	|nan,10.5
daily	|0,2026,5,10
rows	|4294967295:1
rows	|
total	exp~trans~-0~2026~3~5|
total	inc~01~99.995~2026~5~10^exp~trans~1e21~2026~11~31^inc~a~-0~2025~9~4^exp~trans~100~2024~1~29^inc~Z~nan~2026~0~1|
rows	xfer~trans~100~2026~3~5^_~Z~10.5~2025~9~4^exp~1~-3~2026~5~11^inc~1~10.5~2026~11~31|Z:10.5;trans:nan;a:100
rows	_~rent~nan~2025~9~4^exp~Z~100~2026~5~11^exp~2~1e21~2026~11~31|Z:1;rent:100
today	_~1~0.1~2024~1~29^exp~4294967295~0~2025~9~4^exp~1~1e21~2026~11~31^inc~trans~1~2026~5~10^xfer~10~0.1~2026~11~31|2026,3,5
tier	|1e21,100
rows	exp~1~nan~2026~11~31^inc~1~99.995~2025~9~5^inc~1~0~2026~5~11^xfer~10~1e21~2025~9~4^exp~10~10.5~2026~5~10|10:nan;1:1e21
tier	|1,100
daily	exp~01~1e21~2026~5~11^xfer~10~100~2025~9~5|1e21,2026,5,10
monthly	_~food~-3~2024~1~29|0
monthly	_~food~1~2026~0~1^_~Z~10.5~2026~0~1^exp~4294967295~1e21~2025~9~4^inc~01~99.995~2026~5~10|100
monthly	_~~10.5~2024~1~29^_~2~0~2026~3~5^exp~~nan~2026~0~1^xfer~4294967295~10.5~2026~11~31^_~trans~99.995~2025~9~4^exp~Z~-3~2026~3~5|0.0001
today	exp~4294967295~0~2025~9~5^xfer~~0.1~2026~5~10^inc~1~0.1~2025~9~4^exp~2~10.5~2026~0~1|2026,0,1
daily	xfer~Z~0.1~2025~9~5|1e21,2026,0,1
monthly	_~01~1~2025~9~5^exp~food~-3~2026~0~1^exp~food~-3~2025~9~4^inc~a~-3~2026~3~5^exp~4294967295~100~2025~9~5|0
daily	exp~2~-3~2024~1~29^exp~2~1e21~2026~5~10^inc~1~1e21~2025~9~4^xfer~Z~100~2026~3~5|-1,2025,9,5
rows	|01:-1
today	_~1~-3~2026~5~11^_~01~99.995~2026~3~5^exp~4294967295~-3~2025~9~5|2026,5,11
total	inc~01~nan~2026~11~31^exp~10~1e21~2024~1~29^exp~4294967295~100~2025~9~4^inc~food~1e21~2025~9~4^inc~a~99.995~2026~11~31^inc~rent~99.995~2025~9~5|
daily	exp~2~1e21~2026~11~31^exp~~1e21~2026~0~1|1e21,2026,11,31
today	xfer~~0.1~2026~0~1^xfer~01~0~2026~5~10^_~2~1e21~2025~9~4^_~a~0~2025~9~4^xfer~1~0~2025~9~5^exp~10~100~2026~5~10|2026,0,1
rows	exp~01~0~2026~0~1^xfer~a~nan~2025~9~5^inc~Z~0~2026~5~10^inc~1~0.1~2026~3~5^exp~~-0~2025~9~5|
total	exp~Z~99.995~2024~1~29^inc~~1~2025~9~4^exp~1~-3~2025~9~4^inc~4294967295~100~2026~5~10^exp~01~1~2024~1~29|
monthly	xfer~Z~nan~2025~9~5|nan
daily	_~4294967295~1e21~2026~0~1|0,2024,1,29
monthly	exp~~nan~2026~11~31^_~trans~100~2026~0~1^xfer~1~-0~2024~1~29|nan
today	exp~a~1~2025~9~5^inc~1~-3~2025~9~4^xfer~rent~0.1~2024~1~29^xfer~trans~100~2026~11~31^exp~a~-3~2026~5~11^xfer~trans~10.5~2024~1~29|2026,5,11
today	_~2~10.5~2026~0~1^xfer~10~0.1~2026~0~1^_~food~0~2026~11~31^exp~4294967295~0.1~2026~5~10|2024,1,29
total	_~a~1e21~2026~5~10^xfer~~10.5~2025~9~4^_~4294967295~1e21~2025~9~4^exp~10~-3~2026~5~11^xfer~01~0~2025~9~5^_~a~1e21~2026~5~11|
today	|2025,9,4
monthly	_~~-0~2024~1~29^exp~01~1e21~2024~1~29^exp~1~1~2026~5~10|1e21
daily	_~food~0.1~2025~9~4^_~food~0~2026~5~10^xfer~rent~99.995~2024~1~29^exp~food~1~2025~9~4^_~Z~1~2026~3~5|1e21,2025,9,5
rows	exp~~0.1~2026~0~1^xfer~1~nan~2026~11~31^_~4294967295~100~2024~1~29^exp~2~100~2026~11~31^_~a~10.5~2026~11~31^exp~a~nan~2026~5~11|4294967295:10.5;10:0.0001;1:nan;a:0;Z:100
rows	inc~4294967295~-3~2026~3~5^exp~rent~100~2026~5~10^_~rent~100~2026~11~31^_~4294967295~-3~2025~9~5|4294967295:-1;rent:0.0001;:100;01:-1
total	xfer~~100~2026~5~10^xfer~~99.995~2026~11~31^exp~2~-3~2026~11~31|
tier	|1e21,0
total	exp~10~1e21~2026~11~31^inc~Z~0~2026~0~1^inc~10~99.995~2024~1~29^_~food~100~2026~5~10^xfer~~0~2025~9~5^inc~trans~0~2026~5~11|
monthly	exp~a~10.5~2025~9~4^_~trans~0~2025~9~4^xfer~~-0~2024~1~29^exp~Z~-3~2025~9~4^exp~food~100~2024~1~29^xfer~01~10.5~2026~0~1|nan
tier	|nan,nan
today	_~~-3~2026~0~1^_~2~1e21~2026~5~10^inc~4294967295~100~2026~3~5^exp~Z~10.5~2026~5~10^xfer~a~99.995~2026~3~5|2026,5,10
rows	exp~trans~1~2026~3~5^_~2~99.995~2025~9~5^exp~trans~-3~2024~1~29^inc~Z~-3~2026~11~31|Z:100;trans:1e21
today	inc~4294967295~-0~2026~3~5^exp~rent~100~2026~3~5^_~Z~0.1~2026~0~1|2026,5,11
rows	|10:nan;a:nan;trans:1;rent:0
today	_~Z~1~2024~1~29^exp~2~99.995~2026~3~5^exp~a~-0~2024~1~29|2025,9,5
today	_~1~1e21~2025~9~5^_~a~100~2025~9~4^exp~10~100~2025~9~5^exp~01~1~2025~9~4^_~~-3~2025~9~4|2025,9,4
daily	xfer~trans~0~2026~0~1|-1,2024,1,29
daily	inc~01~0.1~2026~3~5^_~food~100~2026~3~5^exp~a~0~2026~11~31^_~01~99.995~2026~3~5^exp~2~100~2026~5~11|0.0001,2026,0,1
monthly	_~food~100~2026~5~10^exp~food~99.995~2026~3~5^exp~4294967295~100~2026~5~11^xfer~4294967295~-3~2026~5~10|nan
total	exp~a~-3~2026~5~11^xfer~food~10.5~2026~5~10|
rows	exp~food~10.5~2026~5~11|rent:-1;4294967295:100;01:-1;food:10.5;2:100
total	_~10~-0~2026~5~10^exp~rent~-0~2026~5~10^exp~4294967295~100~2026~5~11^_~Z~99.995~2026~3~5^inc~~-3~2026~0~1|
tier	|0.1,1
today	_~rent~0.1~2026~11~31^_~1~99.995~2026~3~5^_~4294967295~-3~2026~0~1^exp~rent~0.1~2026~11~31^inc~Z~0~2024~1~29^inc~~99.995~2026~5~11|2026,3,5
total	inc~2~0.1~2026~5~10^exp~10~99.995~2026~0~1|
daily	exp~food~0.1~2025~9~5^xfer~01~1e21~2026~5~10|1e21,2026,5,10
total	|
tier	|-3,100
rows	_~~0~2024~1~29^xfer~~nan~2025~9~5^exp~01~-0~2026~0~1^exp~a~0.1~2026~3~5|food:10.5;2:10.5;trans:nan;01:1e21
rows	exp~food~nan~2026~5~10^exp~trans~-0~2025~9~5^inc~a~99.995~2024~1~29^xfer~Z~1~2026~3~5|
monthly	inc~~99.995~2024~1~29^exp~2~10.5~2024~1~29|0
today	exp~food~1~2026~5~11^exp~food~100~2026~0~1|2026,5,10
monthly	exp~trans~0~2025~9~5^exp~food~10.5~2026~5~10^_~~0.1~2026~5~11^exp~1~0.1~2026~0~1^inc~2~1e21~2024~1~29|1e21
tier	|1,10.5
daily	inc~4294967295~0.1~2026~3~5|nan,2026,0,1
rows	_~Z~99.995~2026~5~11^exp~Z~0.1~2026~5~11^exp~Z~-0~2026~5~10|Z:0
daily	inc~rent~1e21~2026~11~31^inc~1~100~2026~3~5^_~10~1e21~2026~0~1^xfer~1~0.1~2026~0~1|100,2026,0,1
total	inc~10~1e21~2024~1~29^exp~food~100~2026~3~5^exp~10~0~2024~1~29|
total	xfer~01~-3~2026~0~1^xfer~4294967295~-3~2025~9~5^xfer~a~1e21~2025~9~4^_~rent~0.1~2024~1~29^exp~a~-3~2026~5~11|
total	inc~2~10.5~2025~9~5|
rows	exp~~1e21~2025~9~4^exp~rent~nan~2026~0~1^exp~4294967295~100~2024~1~29^_~trans~nan~2026~3~5|1:1e21;food:100;:0.0001
rows	|trans:100;01:100;food:-1;10:0;rent:0.0001
total	_~Z~1~2026~5~11^exp~1~10.5~2025~9~5|
monthly	exp~~99.995~2025~9~5^xfer~2~1e21~2026~11~31^inc~01~1~2024~1~29^_~01~nan~2025~9~4|100
monthly	|nan
monthly	inc~10~1~2026~11~31^xfer~01~10.5~2026~5~11^inc~~0.1~2025~9~5|0.0001
monthly	exp~rent~0.1~2025~9~5^exp~a~1~2026~11~31^inc~trans~10.5~2026~5~11^inc~2~1~2025~9~4^xfer~1~nan~2024~1~29^exp~a~0~2026~5~10|10.5
tier	|-0,0.0001
monthly	exp~1~-0~2025~9~5|0.0001
today	|2026,5,11
monthly	inc~food~1e21~2026~11~31^exp~rent~-3~2026~11~31^exp~1~100~2026~0~1^xfer~trans~99.995~2025~9~4|100
rows	exp~trans~1e21~2025~9~4^exp~4294967295~-3~2026~3~5^xfer~rent~10.5~2025~9~5|:100;rent:0;Z:0;1:100;trans:-1
total	exp~Z~99.995~2026~11~31^xfer~4294967295~-0~2026~5~10^exp~a~0.1~2026~5~10^_~Z~100~2026~11~31|
monthly	exp~rent~0~2025~9~5|10.5
daily	exp~2~nan~2026~11~31|nan,2026,5,11
daily	_~a~1~2024~1~29^_~~-0~2025~9~4|1e21,2025,9,5
today	inc~1~nan~2026~5~10|2025,9,5
rows	exp~~nan~2026~0~1|
monthly	exp~food~0~2026~0~1^exp~food~1e21~2026~11~31^inc~10~-3~2024~1~29^exp~01~1~2026~5~11^xfer~01~1~2026~3~5^exp~~-0~2026~3~5|10.5
total	exp~10~1~2026~0~1^exp~a~10.5~2026~5~11^inc~rent~100~2026~0~1^exp~10~10.5~2026~5~11|
monthly	exp~01~0.1~2025~9~5^exp~01~10.5~2025~9~4|nan
total	inc~4294967295~0~2025~9~5^exp~01~99.995~2025~9~5^_~a~1~2026~5~10^xfer~food~0.1~2026~0~1^_~01~100~2025~9~5|
today	exp~4294967295~nan~2026~5~10^inc~1~1e21~2026~11~31^exp~rent~nan~2025~9~4^exp~4294967295~0.1~2026~5~10^exp~01~10.5~2026~3~5|2025,9,4
today	exp~trans~-0~2026~5~11^inc~1~1~2025~9~5^exp~~1e21~2026~11~31|2024,1,29
monthly	exp~10~-0~2026~0~1^_~01~nan~2026~5~11^exp~1~-3~2026~3~5^inc~trans~99.995~2025~9~4|1
rows	|:1e21;a:nan
monthly	|0
rows	_~trans~-3~2025~9~5^exp~1~1~2026~5~10^_~trans~0.1~2026~0~1^xfer~4294967295~99.995~2026~0~1^exp~01~10.5~2026~3~5^exp~4294967295~10.5~2024~1~29|food:100;trans:100;4294967295:100;:nan
today	xfer~10~nan~2026~5~10^exp~2~0~2025~9~4|2026,5,11
today	exp~~1~2026~0~1^exp~a~0~2026~5~11^inc~1~-3~2026~3~5^exp~4294967295~-3~2024~1~29^exp~4294967295~100~2025~9~5^inc~10~99.995~2026~11~31|2026,0,1
rows	xfer~01~1~2026~11~31^_~4294967295~99.995~2026~5~10^exp~Z~0~2025~9~5^exp~~nan~2026~3~5^exp~10~nan~2026~0~1^xfer~~-0~2024~1~29|a:1;10:100;:-1;01:0
tier	|99.995,100
today	inc~a~100~2026~3~5^exp~2~0~2025~9~4^_~a~1e21~2026~5~11^exp~rent~0~2025~9~5^xfer~01~0~2026~0~1|2026,5,10
total	_~1~nan~2026~5~10|
rows	xfer~10~1e21~2025~9~5^xfer~trans~0.1~2026~5~11^xfer~10~10.5~2025~9~5^_~trans~0~2026~11~31^exp~trans~1~2025~9~4|trans:-1;1:100
daily	|-1,2026,3,5
rows	|a:10.5
rows	|:0;rent:-1
daily	inc~01~10.5~2025~9~5^xfer~rent~1e21~2026~5~11^inc~food~99.995~2026~11~31^exp~Z~10.5~2026~3~5|1,2026,0,1
rows	exp~rent~1~2026~5~10|4294967295:10.5;:100;a:100
daily	inc~rent~-3~2026~11~31|1,2026,3,5
rows	xfer~~0~2026~11~31^exp~Z~99.995~2026~5~10|10:0;Z:0.0001;a:100
tier	|99.995,100
rows	inc~1~100~2026~11~31|
tier	|1,0
tier	|-3,0
rows	exp~rent~-3~2025~9~4^xfer~4294967295~99.995~2025~9~5^exp~food~1e21~2026~5~11^exp~food~10.5~2026~11~31^exp~food~-0~2026~3~5|food:100
today	exp~Z~nan~2026~3~5^exp~01~99.995~2026~3~5^inc~01~1~2025~9~5|2026,11,31
today	exp~a~0.1~2024~1~29^inc~01~10.5~2026~5~11^exp~~-3~2026~0~1|2026,3,5
daily	_~4294967295~0~2026~3~5^exp~~1~2025~9~4^_~a~0.1~2025~9~4|10.5,2026,5,11
total	inc~trans~1e21~2026~0~1^xfer~a~1e21~2026~5~10^xfer~rent~-3~2026~3~5^inc~4294967295~-0~2026~5~10|
rows	exp~food~100~2026~5~11^inc~01~0.1~2024~1~29^inc~4294967295~-3~2025~9~5|
rows	inc~food~0~2024~1~29^inc~10~1e21~2026~11~31^_~a~10.5~2025~9~5|food:nan;2:nan;a:-1;10:1;4294967295:0
rows	exp~4294967295~99.995~2025~9~5^exp~2~1e21~2025~9~5^inc~a~0~2026~5~10|1:100;rent:0.0001;a:-1;2:100;4294967295:nan
monthly	exp~a~100~2025~9~5^_~2~0.1~2026~3~5^inc~rent~0~2026~11~31|0
daily	exp~Z~nan~2026~3~5^xfer~4294967295~-0~2026~0~1^xfer~rent~99.995~2026~5~11^exp~a~99.995~2026~5~10^_~rent~10.5~2025~9~5|nan,2026,11,31
rows	exp~2~0.1~2025~9~5^exp~rent~100~2024~1~29^xfer~01~-0~2026~3~5^exp~01~100~2026~0~1|01:0;2:10.5
today	exp~1~0~2026~0~1^_~01~-0~2026~5~11^inc~Z~100~2025~9~5|2025,9,5
monthly	exp~Z~-3~2026~11~31|1e21
rows	exp~food~0~2026~5~11^exp~4294967295~1e21~2026~3~5^_~10~nan~2024~1~29|
rows	inc~rent~100~2026~3~5|trans:0.0001;:1
daily	exp~2~-3~2025~9~4^exp~2~nan~2025~9~5^exp~trans~-3~2025~9~5^xfer~1~1~2026~11~31|100,2025,9,5
monthly	exp~trans~-0~2025~9~5^exp~trans~10.5~2026~5~10^xfer~4294967295~0~2024~1~29^xfer~1~10.5~2026~11~31|1e21
tier	|0,0.0001
tier	|0,0.0001
monthly	exp~rent~-0~2026~11~31^exp~a~-0~2026~11~31^_~4294967295~nan~2026~0~1|-1
rows	exp~2~1~2024~1~29^xfer~2~nan~2026~5~10^exp~2~nan~2026~5~11^exp~2~-3~2026~0~1^exp~2~0~2025~9~5^inc~~0~2025~9~5|2:nan
monthly	exp~rent~0~2025~9~5^_~4294967295~1e21~2026~5~10^exp~a~-3~2026~11~31^exp~rent~1e21~2026~0~1|-1
daily	inc~rent~0.1~2025~9~5|10.5,2025,9,5
monthly	|nan
tier	|-3,0.0001
today	_~food~nan~2025~9~5|2025,9,5
monthly	|10.5
rows	exp~trans~1~2025~9~4^_~~99.995~2024~1~29^exp~food~1~2025~9~5^_~food~1e21~2026~5~10|Z:0.0001;1:100;food:10.5;trans:100;:0
rows	_~2~10.5~2026~11~31^exp~2~0.1~2026~5~11^exp~2~-0~2026~3~5|2:nan;rent:100;01:1e21;4294967295:10.5
daily	|100,2025,9,5
daily	exp~trans~-3~2026~11~31^inc~trans~100~2026~11~31^exp~a~1e21~2026~0~1^xfer~1~0.1~2026~5~11^xfer~Z~1~2026~5~10|100,2026,3,5
tier	|99.995,10.5
total	xfer~rent~1~2026~11~31^exp~~99.995~2026~5~10^exp~~1e21~2026~5~11|
today	_~trans~100~2025~9~5^exp~rent~99.995~2026~0~1^exp~trans~0~2026~11~31^exp~~1e21~2026~0~1|2026,3,5
monthly	|0.0001
rows	exp~food~10.5~2026~3~5^exp~food~1e21~2026~3~5^_~01~0~2026~5~11|01:10.5;rent:100;Z:1;food:100
rows	|
rows	inc~01~nan~2025~9~5^exp~Z~10.5~2026~3~5^exp~01~10.5~2024~1~29^inc~01~0.1~2024~1~29^xfer~10~nan~2026~5~11^inc~Z~100~2026~5~11|01:nan;trans:nan;Z:1;rent:10.5
monthly	exp~trans~1e21~2026~11~31^exp~food~-0~2026~5~10^exp~~0.1~2026~0~1^exp~10~99.995~2026~11~31^exp~~-3~2026~11~31|100
rows	xfer~2~0~2024~1~29^exp~1~0~2024~1~29^inc~2~0.1~2026~3~5^exp~rent~1e21~2026~0~1^exp~~1e21~2026~11~31|rent:0;Z:10.5;10:0;:-1
rows	_~~0~2026~3~5^xfer~4294967295~1~2026~5~10^exp~1~0.1~2026~0~1|
today	xfer~a~0.1~2026~5~10^exp~Z~0.1~2025~9~4|2026,0,1
daily	inc~food~0~2024~1~29^exp~a~0~2026~0~1^xfer~10~99.995~2026~5~10^xfer~food~0.1~2024~1~29^exp~4294967295~-0~2026~0~1|100,2025,9,5
rows	exp~Z~100~2024~1~29^exp~1~1~2026~5~10|2:nan;10:1e21;01:10.5;1:100;rent:10.5
today	exp~10~nan~2026~5~10^_~1~-3~2026~3~5|2026,3,5
total	_~1~-3~2024~1~29^exp~~10.5~2025~9~4^exp~trans~-3~2026~11~31^inc~Z~1e21~2025~9~5^_~2~0.1~2025~9~5|
rows	exp~1~nan~2024~1~29^xfer~~10.5~2025~9~5^_~2~0~2024~1~29^exp~rent~-3~2026~5~11^_~1~-0~2026~11~31^xfer~food~100~2025~9~5|10:-1;01:100;1:-1;rent:1e21
monthly	exp~a~nan~2026~5~10^exp~a~nan~2026~5~10|1e21
daily	xfer~a~1~2026~0~1^exp~4294967295~100~2026~0~1^inc~food~10.5~2026~5~11^_~food~1e21~2026~3~5^inc~~1e21~2026~5~11^exp~01~-3~2026~3~5|100,2025,9,5
rows	exp~1~0~2026~3~5^exp~01~1~2026~11~31^_~a~100~2026~5~11^xfer~trans~-3~2026~5~10^exp~1~100~2026~11~31^exp~1~-3~2026~0~1|
total	|
rows	xfer~food~nan~2026~3~5^exp~4294967295~0.1~2026~5~10|4294967295:1e21;food:0.0001
total	xfer~2~100~2026~5~10^exp~a~1~2026~3~5^exp~a~nan~2026~0~1^exp~4294967295~-3~2026~5~11|
total	exp~Z~nan~2025~9~4^inc~10~-3~2024~1~29|
rows	|trans:1;1:0.0001;food:-1
rows	exp~10~1e21~2026~11~31^exp~rent~-0~2026~3~5^inc~trans~1~2025~9~4^_~01~99.995~2025~9~5|2:100;Z:100;trans:nan;10:0.0001;rent:1
rows	|
rows	_~rent~-3~2026~5~11^exp~4294967295~1~2026~11~31|2:100;10:1e21;rent:0.0001;1:0.0001;food:100
today	exp~trans~0.1~2025~9~4^_~trans~0~2025~9~4^xfer~1~1e21~2026~5~10^exp~Z~0.1~2026~11~31|2026,5,11
total	|
rows	xfer~1~0.1~2026~11~31^exp~4294967295~0~2026~5~11|
rows	inc~a~99.995~2026~11~31^exp~food~nan~2026~5~10^xfer~10~1~2025~9~4^xfer~a~0~2026~5~10|a:10.5;10:nan
rows	xfer~1~0~2026~11~31^exp~~0~2026~11~31^exp~food~10.5~2024~1~29|4294967295:10.5;10:100;Z:100;food:0
daily	exp~trans~10.5~2026~0~1^inc~rent~-0~2026~3~5^inc~2~-0~2026~0~1^xfer~01~1~2026~5~10^xfer~4294967295~-3~2025~9~5|100,2026,0,1
rows	exp~rent~100~2026~0~1^_~4294967295~10.5~2026~5~10^_~Z~nan~2026~5~11|a:100
rows	exp~10~1~2026~3~5^exp~01~10.5~2025~9~4^inc~trans~10.5~2026~0~1^inc~10~0~2026~3~5|10:0.0001;01:nan
rows	exp~1~0.1~2025~9~4|rent:-1;1:100
today	exp~food~-3~2026~3~5^inc~2~1~2026~5~10^exp~~0~2026~5~10^inc~4294967295~100~2026~5~11|2026,11,31
rows	exp~1~1e21~2025~9~5^xfer~Z~nan~2026~3~5^inc~Z~-0~2026~11~31|Z:nan;1:1e21
monthly	exp~1~-3~2026~0~1^exp~a~100~2025~9~5^inc~Z~99.995~2025~9~5^xfer~01~nan~2025~9~4|10.5
tier	|10.5,nan
total	|
monthly	exp~1~0~2026~5~10^inc~rent~1e21~2026~0~1|nan
rows	_~a~1~2025~9~5|a:0.0001;4294967295:-1
rows	exp~a~-3~2026~11~31^exp~a~0~2025~9~5^exp~a~0.1~2026~5~11^inc~a~0.1~2025~9~4^exp~a~0.1~2025~9~5^_~a~0.1~2026~11~31|a:1
total	xfer~1~-3~2026~3~5^exp~rent~10.5~2026~0~1|
rows	exp~4294967295~99.995~2026~5~11|
monthly	exp~01~-0~2025~9~4^exp~2~1e21~2026~5~11^exp~food~99.995~2026~0~1^inc~a~1e21~2026~0~1|1
monthly	exp~01~100~2024~1~29^_~trans~1~2026~11~31|0
tier	|-3,100
rows	xfer~1~10.5~2026~5~10^xfer~01~1e21~2026~5~11^inc~01~99.995~2026~5~11^exp~4294967295~0.1~2026~5~10^exp~~0~2026~0~1^inc~01~-3~2026~0~1|:10.5;01:0.0001
monthly	|1
rows	exp~1~99.995~2026~3~5|1:0;4294967295:100;rent:100;01:1;food:1e21
today	|2024,1,29
total	exp~trans~10.5~2026~11~31^exp~trans~-0~2024~1~29^_~01~1e21~2026~11~31^xfer~01~99.995~2024~1~29|
rows	xfer~rent~-3~2025~9~5|01:100;rent:0.0001;food:1e21;Z:nan
daily	exp~Z~0~2025~9~5^exp~4294967295~1~2026~11~31^exp~a~nan~2025~9~5^inc~trans~0.1~2025~9~4^exp~~0.1~2026~5~11|nan,2026,5,11
today	xfer~food~99.995~2026~11~31^xfer~2~-3~2024~1~29^exp~1~-0~2024~1~29^exp~10~0.1~2026~11~31|2026,5,11
daily	xfer~2~99.995~2026~11~31^exp~4294967295~nan~2025~9~5^exp~01~99.995~2026~11~31^xfer~4294967295~100~2026~5~11^exp~food~-0~2026~0~1^inc~01~nan~2025~9~5|nan,2024,1,29
today	exp~1~1~2024~1~29^exp~trans~0~2025~9~4^xfer~trans~0~2026~11~31|2026,5,10
tier	|99.995,nan
rows	inc~2~0.1~2026~5~11^exp~01~1~2026~5~11|a:100;2:1;rent:-1;Z:1;1:100
monthly	inc~food~-0~2024~1~29|1e21
rows	|trans:100;Z:1;rent:0;a:0.0001;2:1
daily	|-1,2026,5,10
monthly	inc~10~-0~2026~5~10^_~~1e21~2024~1~29|1
total	xfer~2~99.995~2026~0~1^inc~2~1~2026~5~10^exp~a~100~2026~0~1|
tier	|10.5,1e21
total	exp~rent~nan~2026~0~1^exp~Z~0.1~2025~9~4^xfer~~nan~2026~3~5^exp~a~10.5~2026~5~10^exp~01~0.1~2026~3~5|
rows	|:1;trans:10.5;food:-1;4294967295:nan;1:100
tier	|nan,1
tier	|99.995,0.0001
rows	xfer~food~0.1~2026~0~1^_~Z~-3~2024~1~29^_~1~nan~2026~0~1|2:nan;:1;10:10.5;1:100
tier	|nan,nan
rows	exp~Z~1~2025~9~5^_~~nan~2026~5~10^inc~~1~2026~5~10|rent:1e21;trans:100;:-1;Z:10.5
monthly	|10.5
monthly	exp~rent~-3~2026~5~10^xfer~trans~1e21~2024~1~29^exp~food~nan~2026~0~1^inc~a~10.5~2025~9~4^xfer~food~100~2024~1~29|nan
rows	xfer~rent~100~2024~1~29^exp~rent~10.5~2026~0~1^_~Z~1e21~2026~11~31^_~01~99.995~2026~11~31|
monthly	_~10~1~2026~3~5^exp~01~0~2026~5~10^exp~food~1e21~2026~3~5^exp~rent~0~2024~1~29|1
today	exp~01~100~2026~11~31^exp~10~99.995~2026~0~1^inc~10~0~2024~1~29^_~01~0~2026~3~5^exp~a~100~2026~11~31|2025,9,5
total	inc~Z~1e21~2024~1~29^exp~Z~10.5~2024~1~29|
rows	_~~-3~2025~9~5^exp~trans~1~2026~0~1^exp~10~1~2026~3~5^exp~~0.1~2026~5~10^exp~~-3~2026~3~5^exp~food~1e21~2025~9~4|:0.0001;4294967295:100;01:0.0001;food:1
today	_~10~99.995~2026~5~11^exp~~99.995~2026~11~31^inc~1~100~2026~3~5^_~10~10.5~2026~5~11^inc~a~10.5~2024~1~29|2024,1,29
monthly	inc~a~-3~2025~9~5^_~4294967295~0.1~2026~0~1^inc~rent~0~2026~11~31^_~food~-3~2026~0~1^inc~a~0.1~2024~1~29^xfer~Z~99.995~2026~5~10|-1
total	exp~Z~0.1~2025~9~4|
monthly	|10.5
tier	|-3,-1
monthly	xfer~~10.5~2026~11~31^inc~trans~-3~2025~9~5^exp~trans~10.5~2026~11~31^exp~1~99.995~2026~5~11^exp~4294967295~99.995~2026~0~1^xfer~4294967295~99.995~2026~5~11|0.0001
rows	exp~01~0.1~2026~0~1^exp~Z~0.1~2026~3~5^exp~Z~10.5~2026~5~10|Z:1e21
today	|2026,0,1
total	xfer~trans~10.5~2026~11~31^inc~a~10.5~2025~9~4|
rows	|trans:100
daily	exp~~10.5~2025~9~5^exp~4294967295~100~2026~5~10^xfer~1~0~2026~5~10|1e21,2026,0,1
rows	|Z:100;4294967295:0
tier	|10.5,nan
today	xfer~rent~0.1~2024~1~29^xfer~Z~-3~2025~9~4^inc~~0.1~2025~9~4^exp~2~nan~2026~0~1^exp~~1e21~2025~9~5|2025,9,5
monthly	|100
tier	|10.5,10.5
rows	_~10~0.1~2026~5~10^exp~trans~nan~2026~11~31^exp~Z~10.5~2026~0~1^inc~Z~1e21~2026~5~10|:100;10:100;Z:1;4294967295:1;rent:0.0001
monthly	exp~Z~1e21~2025~9~4^exp~2~nan~2024~1~29^exp~rent~nan~2024~1~29^exp~1~100~2025~9~4^_~Z~nan~2026~5~10^inc~1~-0~2025~9~5|-1
rows	exp~trans~1~2026~5~10^exp~2~-0~2025~9~4^_~2~1e21~2026~3~5^_~Z~1e21~2024~1~29|
daily	exp~a~nan~2026~3~5^exp~rent~100~2026~5~11|0.0001,2025,9,5
rows	|food:nan;a:0;01:-1;10:-1
total	exp~2~10.5~2026~11~31^xfer~a~0.1~2025~9~5^exp~Z~-0~2026~5~11|
today	xfer~10~nan~2025~9~5^exp~1~-3~2024~1~29|2026,0,1
rows	exp~trans~0~2024~1~29^_~rent~10.5~2025~9~5^xfer~4294967295~10.5~2024~1~29|1:10.5;4294967295:1e21
today	|2026,0,1
monthly	_~2~10.5~2026~3~5^xfer~food~100~2025~9~4^_~trans~0.1~2026~5~10|0
daily	exp~1~-3~2024~1~29|100,2025,9,4
rows	inc~~99.995~2025~9~5^_~1~99.995~2026~0~1^_~1~100~2026~5~11^exp~rent~1e21~2026~11~31^inc~trans~1~2025~9~5|1:0.0001
today	|2025,9,4
total	exp~food~1e21~2024~1~29^xfer~01~nan~2025~9~4^_~trans~10.5~2024~1~29^exp~10~1~2026~11~31|
tier	|10.5,10.5
rows	xfer~2~99.995~2024~1~29^exp~food~-3~2026~11~31^xfer~Z~10.5~2026~3~5^exp~~nan~2025~9~4^exp~2~-0~2026~11~31|
rows	xfer~Z~0.1~2024~1~29|10:0;2:-1;Z:1e21;a:0;:nan
tier	|0.1,100
rows	exp~01~100~2026~11~31^xfer~10~10.5~2024~1~29^exp~food~-3~2026~5~10^xfer~rent~1e21~2026~5~10|rent:-1;10:10.5;food:-1;:0;01:100
rows	xfer~2~-3~2026~5~11^xfer~food~100~2025~9~4^exp~01~0.1~2024~1~29^xfer~~100~2026~0~1^_~4294967295~99.995~2026~0~1|
rows	|1:100;rent:100;a:1
rows	xfer~~100~2025~9~4^xfer~food~0~2026~0~1|
today	exp~1~1~2026~11~31^exp~rent~0.1~2026~11~31^exp~food~0.1~2026~3~5^exp~Z~10.5~2024~1~29|2025,9,4
tier	|-0,100
rows	exp~rent~1~2026~3~5^exp~~99.995~2025~9~4|rent:100;10:0.0001;:10.5
monthly	exp~Z~99.995~2026~0~1|0
daily	inc~a~1e21~2025~9~5|0.0001,2026,5,11
rows	inc~4294967295~0~2024~1~29^exp~a~-3~2026~5~10^exp~4294967295~100~2026~5~10^_~4294967295~99.995~2026~3~5^inc~4294967295~100~2026~0~1|4294967295:-1;1:100;2:100;a:0.0001
tier	|1,0
total	inc~Z~99.995~2026~5~10^xfer~01~0~2026~3~5^exp~4294967295~nan~2025~9~4|
daily	inc~a~-3~2026~5~11^exp~4294967295~100~2026~3~5^xfer~2~1e21~2025~9~4^exp~Z~0.1~2026~0~1^exp~~0.1~2026~11~31|nan,2026,0,1
rows	|food:100;a:0;01:0.0001
rows	exp~4294967295~100~2026~3~5|2:1e21;01:100;trans:nan;10:0;4294967295:nan
daily	inc~1~0~2026~11~31^xfer~~-0~2026~5~11^xfer~10~10.5~2026~5~10^xfer~10~10.5~2025~9~4^xfer~10~99.995~2026~5~11|100,2025,9,5
total	xfer~10~99.995~2026~3~5^inc~10~0.1~2025~9~4^_~Z~-0~2025~9~4^exp~a~10.5~2026~11~31^_~food~10.5~2025~9~4^exp~~100~2025~9~4|
rows	_~a~1e21~2026~5~10^exp~a~1~2026~5~11^exp~1~100~2026~5~10^exp~a~99.995~2025~9~4|a:0;1:1e21
rows	_~a~99.995~2026~5~11|rent:-1;Z:0.0001;1:nan;01:nan
monthly	exp~Z~-0~2026~5~10^exp~1~nan~2024~1~29^xfer~trans~99.995~2026~5~11^inc~rent~100~2025~9~5^_~4294967295~10.5~2026~5~10^exp~01~0~2026~5~10|10.5
rows	xfer~food~99.995~2025~9~4|food:1;4294967295:0;trans:nan;Z:-1
daily	exp~rent~-0~2024~1~29^exp~rent~0.1~2026~11~31^exp~trans~10.5~2026~11~31^exp~food~1e21~2026~11~31^xfer~trans~0~2026~0~1|0.0001,2026,5,10
total	exp~01~nan~2026~5~11^xfer~10~1e21~2025~9~5^xfer~rent~0.1~2026~5~11^inc~~1~2025~9~5^xfer~rent~1~2025~9~5|
total	xfer~rent~10.5~2026~5~11^exp~a~100~2026~0~1^exp~a~1e21~2026~3~5^inc~a~0.1~2026~11~31|
tier	|100,1
rows	_~rent~-0~2026~5~10^inc~2~1~2024~1~29^xfer~~nan~2025~9~4^exp~4294967295~99.995~2026~5~10^_~4294967295~1e21~2026~3~5|4294967295:-1;:100
rows	_~1~99.995~2025~9~5^_~01~nan~2026~5~11^xfer~rent~0~2026~5~10^_~10~100~2024~1~29^inc~trans~-0~2026~3~5^exp~rent~1e21~2025~9~4|
total	inc~rent~1e21~2026~0~1^inc~10~-0~2026~3~5|
rows	exp~a~nan~2026~11~31^inc~rent~1~2024~1~29^xfer~rent~-0~2026~3~5^inc~Z~100~2026~11~31|01:1;a:1;Z:-1;rent:1
total	|
rows	|
daily	exp~Z~0.1~2025~9~4^exp~01~0.1~2026~5~10|0,2026,5,11
rows	|rent:100;:nan;01:0.0001;1:-1
monthly	exp~rent~-0~2026~5~10^_~10~0~2026~11~31^exp~rent~0.1~2026~11~31^exp~food~100~2026~5~11|1
daily	|nan,2024,1,29
rows	exp~~0~2024~1~29^exp~~100~2026~11~31|food:100;:nan
rows	|rent:100;trans:0;a:0
rows	inc~trans~100~2026~11~31^exp~trans~10.5~2026~11~31^exp~2~-0~2026~5~11^_~2~99.995~2026~3~5^xfer~trans~-3~2026~5~10^exp~trans~99.995~2024~1~29|2:100;trans:10.5
monthly	exp~rent~-0~2025~9~5^exp~1~-0~2026~5~10^_~10~-0~2026~5~10|10.5
daily	|0,2026,5,11
rows	inc~1~1e21~2025~9~4^exp~rent~0~2025~9~4^exp~Z~0.1~2025~9~4^exp~1~-0~2026~3~5|
rows	|:100;01:-1;4294967295:nan;2:1e21
rows	inc~rent~99.995~2025~9~5^exp~rent~100~2026~5~10^exp~2~0~2026~11~31^_~~nan~2024~1~29|rent:nan;food:-1;4294967295:1e21;:0.0001;Z:-1
daily	_~2~nan~2024~1~29^exp~rent~0.1~2026~11~31^_~~1e21~2026~3~5|0.0001,2026,5,11
monthly	exp~4294967295~nan~2026~5~11^exp~4294967295~nan~2026~11~31^inc~Z~100~2025~9~4^exp~10~-0~2026~5~11|100
rows	exp~4294967295~nan~2026~5~11^xfer~4294967295~100~2026~0~1^exp~4294967295~10.5~2025~9~4^exp~Z~-0~2025~9~5^exp~food~1~2025~9~5^exp~~1e21~2026~3~5|food:0.0001;a:-1;10:1e21;Z:100;4294967295:1e21
daily	exp~1~-3~2026~11~31|0,2026,0,1
rows	_~2~99.995~2025~9~4^_~2~nan~2026~5~11^inc~trans~1~2025~9~4|2:1e21
rows	exp~food~0.1~2026~0~1^_~2~1~2026~5~11^_~food~-3~2026~5~10^exp~food~-3~2025~9~4^inc~2~1e21~2026~0~1|2:100;food:100
tier	|-0,0.0001
total	|
today	_~01~-3~2025~9~4^xfer~Z~10.5~2026~5~11^xfer~trans~1~2026~5~10^exp~rent~-0~2026~5~10^_~food~-0~2026~5~10^exp~Z~-3~2026~11~31|2026,3,5
rows	_~Z~10.5~2025~9~5^exp~a~-0~2026~5~11^_~Z~-3~2026~3~5^exp~trans~0~2025~9~5^exp~10~99.995~2026~0~1^exp~10~1e21~2025~9~5|10:100
tier	|-3,100
tier	|0.1,0.0001
rows	exp~~-0~2026~3~5|
total	exp~rent~-0~2026~5~10^exp~1~10.5~2025~9~5^exp~rent~10.5~2026~0~1^exp~10~-3~2025~9~4|
today	inc~10~-3~2026~5~10^inc~rent~100~2026~5~11^inc~Z~0.1~2026~3~5^inc~Z~10.5~2026~3~5|2025,9,5
total	_~food~10.5~2025~9~5^xfer~~-0~2025~9~5^_~trans~99.995~2026~0~1^exp~1~0.1~2026~5~11^inc~10~1~2025~9~4^xfer~1~99.995~2026~0~1|
total	exp~rent~-0~2026~3~5^inc~01~1e21~2026~5~10^_~2~0~2026~0~1^exp~2~10.5~2025~9~5^exp~~1e21~2026~3~5|
total	exp~a~1~2026~11~31^exp~10~10.5~2025~9~5|
daily	exp~4294967295~nan~2026~3~5|1,2025,9,4
monthly	inc~Z~1e21~2026~3~5^xfer~10~nan~2025~9~4^exp~food~99.995~2025~9~4|0.0001
daily	inc~food~nan~2026~5~10^exp~2~10.5~2025~9~4^inc~2~99.995~2026~0~1^xfer~10~100~2025~9~4^inc~1~nan~2026~5~10|100,2024,1,29
today	exp~4294967295~99.995~2026~5~11^exp~rent~100~2026~3~5^exp~a~10.5~2026~11~31^inc~a~10.5~2025~9~5^inc~10~1~2026~0~1|2026,0,1
today	exp~~1~2026~5~11^xfer~Z~0~2026~0~1^exp~trans~99.995~2026~5~11^exp~1~1e21~2026~0~1|2025,9,5
total	_~trans~100~2026~3~5^exp~01~100~2025~9~5^xfer~food~0.1~2026~5~10^exp~trans~100~2025~9~5^exp~a~-3~2026~11~31^exp~trans~10.5~2025~9~4|
tier	|-0,100
today	exp~food~1~2026~5~10^exp~a~1e21~2026~5~11^exp~food~1e21~2026~5~11^exp~4294967295~99.995~2026~3~5^exp~2~99.995~2026~5~11|2026,0,1
daily	xfer~01~10.5~2026~3~5^inc~rent~99.995~2026~5~10|1e21,2025,9,4
total	inc~rent~-3~2026~5~11|
today	exp~trans~-0~2026~0~1^inc~Z~nan~2026~3~5^xfer~01~nan~2025~9~4^exp~food~0~2024~1~29^exp~~-3~2026~11~31|2026,0,1
today	_~1~0.1~2026~5~11^exp~4294967295~1e21~2026~0~1|2026,11,31
today	inc~01~100~2026~5~11|2026,11,31
tier	|-0,nan
total	exp~Z~0.1~2026~11~31^exp~4294967295~nan~2026~5~11^exp~Z~-0~2026~11~31^_~rent~-0~2026~5~10^exp~food~0~2026~5~11^exp~10~1~2026~3~5|
tier	|nan,-1
total	_~a~1e21~2026~3~5^inc~Z~0.1~2024~1~29|
total	xfer~Z~99.995~2026~11~31^exp~a~1e21~2026~11~31^exp~1~-0~2024~1~29|
tier	|1e21,1e21
tier	|1e21,1e21
daily	exp~01~nan~2026~5~10^exp~10~-3~2025~9~5^exp~2~99.995~2026~0~1^exp~trans~100~2026~3~5^xfer~Z~99.995~2026~3~5|100,2026,3,5
rows	inc~2~1e21~2026~5~11^inc~01~1~2026~0~1^xfer~4294967295~0~2025~9~4|rent:nan;a:1e21;Z:-1
rows	inc~Z~-0~2024~1~29|Z:100
monthly	|1e21
monthly	exp~rent~-3~2024~1~29^exp~Z~nan~2026~0~1^xfer~4294967295~nan~2025~9~4^inc~trans~0~2025~9~5|100
daily	inc~Z~1~2026~5~11^_~a~0.1~2026~5~10|100,2026,0,1
total	xfer~a~1~2026~11~31|
tier	|-0,0
rows	exp~2~nan~2026~5~11^xfer~food~100~2026~5~10|trans:10.5;rent:0.0001;01:10.5;2:1e21;1:10.5
today	|2026,5,10
daily	exp~2~0~2026~5~11^xfer~a~nan~2025~9~4^exp~trans~0.1~2025~9~4^exp~Z~99.995~2026~5~11|10.5,2026,5,11
total	exp~01~1~2025~9~5^exp~a~10.5~2026~5~11|
today	xfer~~10.5~2026~3~5^exp~1~99.995~2026~5~11^exp~01~-0~2024~1~29^xfer~trans~99.995~2024~1~29^xfer~trans~100~2026~11~31^xfer~rent~-3~2025~9~4|2026,11,31
tier	|10.5,1
monthly	xfer~~nan~2026~11~31^inc~4294967295~1e21~2026~3~5^inc~Z~100~2026~3~5^exp~4294967295~99.995~2025~9~5|1
today	_~food~10.5~2026~5~10^exp~trans~0.1~2026~3~5^exp~10~nan~2026~5~11^exp~10~99.995~2025~9~4^xfer~rent~100~2026~5~11^exp~1~nan~2024~1~29|2026,0,1
total	|
rows	inc~trans~1~2026~5~10^xfer~trans~-3~2026~3~5^exp~trans~100~2026~5~10^xfer~trans~1~2026~11~31|trans:100
rows	exp~trans~0.1~2025~9~5^exp~2~100~2025~9~5|01:10.5;trans:1;1:1e21;10:100
rows	_~1~1e21~2025~9~4^exp~food~0.1~2026~11~31^exp~a~0~2026~5~11^_~a~nan~2025~9~4|food:-1;rent:1;a:100;1:100
rows	exp~1~99.995~2025~9~5^inc~1~100~2026~0~1|trans:10.5;1:nan
today	exp~a~100~2025~9~4^exp~1~10.5~2026~11~31|2025,9,4
today	xfer~rent~1e21~2025~9~5^inc~01~nan~2026~11~31^exp~a~1~2026~5~11^xfer~Z~0~2026~5~10^xfer~4294967295~nan~2024~1~29|2026,3,5
rows	exp~Z~0~2026~5~11^exp~Z~10.5~2026~5~10^exp~Z~1e21~2026~5~10^exp~Z~1e21~2026~3~5^exp~Z~1e21~2025~9~5|Z:100
total	xfer~rent~1e21~2026~3~5|
today	exp~food~-0~2025~9~5^exp~a~-3~2026~11~31^inc~01~0~2026~5~10^exp~a~1e21~2024~1~29^_~rent~-0~2026~3~5|2024,1,29
tier	|100,100
daily	_~01~-3~2026~11~31^exp~Z~99.995~2026~11~31^_~01~1~2025~9~4^exp~~-0~2026~3~5|-1,2025,9,5
rows	|2:-1;4294967295:100
tier	|100,-1
daily	exp~~0.1~2024~1~29^exp~01~10.5~2025~9~5^exp~a~nan~2026~3~5|100,2026,5,11
daily	exp~2~1~2025~9~5^_~~1~2026~11~31^exp~Z~99.995~2025~9~4^exp~trans~1~2026~0~1^_~trans~1e21~2025~9~4|0,2026,11,31
rows	exp~1~10.5~2026~5~10^xfer~food~nan~2025~9~4^exp~a~100~2026~11~31^inc~food~100~2026~3~5^xfer~Z~100~2026~11~31|
daily	xfer~2~nan~2026~11~31^exp~Z~1e21~2026~5~10^exp~2~nan~2026~0~1^exp~2~10.5~2026~5~10|100,2026,11,31
rows	_~food~1~2026~5~11^inc~10~100~2026~5~11^inc~rent~0~2026~11~31^_~a~10.5~2025~9~5|
today	exp~~-3~2025~9~4^inc~2~0~2026~5~10^exp~01~0.1~2025~9~5^_~rent~99.995~2025~9~5^_~a~10.5~2025~9~5|2026,5,11
daily	exp~food~nan~2026~5~10^exp~2~100~2024~1~29^exp~10~-3~2025~9~4|100,2026,11,31
today	|2026,11,31
tier	|-0,10.5
total	xfer~food~99.995~2025~9~5^exp~food~-3~2024~1~29^exp~10~-0~2025~9~4|
daily	exp~trans~1e21~2026~5~11^exp~a~99.995~2026~3~5^xfer~1~-0~2026~3~5^exp~food~100~2026~3~5^inc~food~-3~2026~5~11|-1,2026,0,1
today	exp~food~10.5~2026~3~5^xfer~trans~10.5~2026~5~10^exp~rent~100~2025~9~4^_~~0.1~2025~9~4^xfer~10~100~2025~9~4^exp~trans~1e21~2026~11~31|2024,1,29
tier	|99.995,0.0001
total	xfer~trans~-3~2026~5~10^exp~rent~1~2025~9~4|
today	exp~01~-0~2026~5~10^exp~01~99.995~2024~1~29^xfer~~1e21~2024~1~29^_~Z~nan~2026~11~31^exp~rent~1~2026~11~31|2025,9,4
tier	|10.5,10.5
rows	exp~1~99.995~2026~5~10^exp~rent~0.1~2026~3~5^exp~1~nan~2026~3~5^xfer~1~100~2026~11~31^exp~1~1~2024~1~29|1:10.5
rows	inc~food~100~2025~9~4^xfer~Z~1~2026~5~11|food:100;Z:1;01:0;trans:0.0001;a:10.5
daily	_~rent~1e21~2024~1~29|100,2026,3,5
rows	|01:0
tier	|100,100
tier	|10.5,-1
monthly	_~01~0~2026~11~31^_~4294967295~1e21~2026~5~11^_~food~nan~2026~5~10^exp~rent~nan~2024~1~29^_~01~1~2026~5~11|1e21
rows	inc~01~10.5~2024~1~29^inc~rent~-3~2026~11~31^exp~10~1e21~2025~9~5^exp~01~10.5~2024~1~29|rent:1e21;10:0.0001;01:1
today	exp~~1~2025~9~4^inc~a~1~2026~5~10^xfer~01~nan~2026~5~11|2024,1,29
daily	exp~~99.995~2025~9~5^xfer~Z~0~2026~3~5^exp~Z~1e21~2025~9~5^exp~4294967295~0~2025~9~4^_~10~-0~2026~0~1|1e21,2025,9,5
total	exp~~0.1~2026~0~1|
monthly	exp~4294967295~1~2024~1~29^inc~trans~99.995~2026~5~11|0.0001
rows	xfer~10~0.1~2026~11~31^exp~01~0.1~2025~9~4|01:0.0001;10:1e21
today	|2025,9,5
today	exp~food~1e21~2025~9~5^_~10~10.5~2026~0~1^exp~10~-0~2026~5~10^exp~10~nan~2026~11~31|2026,11,31
daily	inc~1~99.995~2026~3~5^exp~2~99.995~2026~11~31^inc~Z~1~2026~0~1^xfer~2~1e21~2026~11~31^_~1~100~2025~9~5|0.0001,2026,5,10
total	exp~~0.1~2026~5~11^exp~a~10.5~2026~5~11^exp~a~0~2024~1~29|
today	inc~2~99.995~2025~9~4^xfer~rent~1e21~2026~11~31^exp~a~100~2025~9~4^inc~2~0.1~2024~1~29|2026,11,31
total	|
total	exp~01~0.1~2025~9~4^exp~1~0~2026~0~1^xfer~~99.995~2026~11~31^inc~1~1e21~2026~11~31|
rows	xfer~01~-0~2025~9~5^xfer~rent~10.5~2026~0~1^exp~rent~nan~2026~11~31^_~01~1~2026~0~1^_~rent~99.995~2026~5~10|food:100;rent:100
monthly	inc~1~10.5~2025~9~4^_~10~1e21~2024~1~29^exp~food~nan~2026~11~31^xfer~trans~1~2024~1~29^_~01~-3~2026~3~5|10.5
rows	_~Z~0.1~2026~11~31|rent:1e21;10:10.5;trans:1e21;a:0;Z:nan
rows	exp~Z~100~2026~5~10^_~Z~-0~2026~5~10^inc~10~-3~2026~3~5^exp~Z~10.5~2024~1~29^_~Z~-0~2026~11~31|a:0;Z:-1;food:100;2:nan
rows	_~4294967295~-0~2025~9~5^_~4294967295~-0~2026~0~1^xfer~4294967295~10.5~2026~5~10^exp~10~0~2026~3~5|4294967295:10.5;10:0.0001
rows	|4294967295:100;trans:100;1:1
rows	exp~trans~10.5~2026~5~10^_~4294967295~-3~2026~11~31^xfer~trans~0.1~2026~11~31|4294967295:1e21;2:0;trans:1e21;food:0.0001;a:0
tier	|1,100
rows	|
today	_~rent~0~2026~5~10^exp~food~1e21~2026~5~11^exp~rent~1e21~2026~5~10|2025,9,4
today	|2026,5,11
daily	|100,2025,9,4
rows	inc~1~99.995~2026~5~10^_~Z~nan~2025~9~4|1:1;4294967295:100;Z:1;10:nan
monthly	xfer~01~10.5~2025~9~5^exp~food~0.1~2026~5~11^exp~1~99.995~2026~5~11|-1
total	exp~2~10.5~2025~9~5^inc~01~100~2026~0~1^xfer~food~99.995~2026~11~31^_~trans~0~2026~11~31^inc~2~99.995~2025~9~4|
daily	inc~2~0.1~2026~5~11|0.0001,2025,9,5
monthly	_~Z~nan~2026~5~11^inc~10~-0~2025~9~4^exp~10~-3~2026~5~11^xfer~1~10.5~2024~1~29|nan
today	exp~4294967295~-0~2025~9~5|2026,0,1
rows	exp~Z~-3~2024~1~29^xfer~Z~100~2024~1~29^exp~10~-3~2026~11~31^exp~Z~1e21~2026~5~10|10:0;Z:1e21
today	exp~1~0.1~2026~5~10^xfer~~99.995~2026~3~5|2024,1,29
today	exp~rent~0.1~2024~1~29^exp~~10.5~2025~9~4^xfer~a~nan~2024~1~29^exp~2~1e21~2026~0~1^_~trans~0~2025~9~5|2026,0,1
total	exp~trans~-0~2026~5~10^exp~~100~2026~5~11^exp~01~100~2026~0~1|
tier	|10.5,10.5
rows	xfer~10~10.5~2026~0~1^exp~Z~1~2026~5~10^exp~4294967295~-0~2024~1~29|4294967295:nan;Z:-1;a:10.5
monthly	exp~Z~0.1~2025~9~5^xfer~1~1~2026~0~1^inc~~nan~2026~5~11^exp~4294967295~100~2026~0~1^_~1~10.5~2025~9~4^inc~2~99.995~2026~3~5|10.5
tier	|1,10.5
total	exp~10~-3~2025~9~5^_~Z~1~2026~5~10^xfer~food~0~2026~5~11^inc~01~1~2026~3~5^_~rent~0.1~2025~9~5|
monthly	|0
total	_~2~10.5~2026~3~5^_~10~10.5~2026~0~1|
tier	|99.995,-1
daily	exp~4294967295~nan~2024~1~29^xfer~01~1e21~2025~9~4^exp~4294967295~0~2024~1~29|-1,2026,3,5
rows	exp~a~0~2025~9~5^exp~a~-0~2024~1~29^exp~01~99.995~2025~9~5^exp~a~99.995~2026~3~5|2:1;a:nan;Z:10.5
today	_~rent~-3~2026~0~1^_~trans~1e21~2026~5~10|2024,1,29
tier	|-3,-1
today	inc~2~10.5~2026~0~1^xfer~rent~1e21~2024~1~29^exp~2~0~2026~5~10^exp~4294967295~1~2025~9~5|2026,5,10
rows	xfer~rent~nan~2026~5~10|10:-1;rent:0;01:0;2:10.5;trans:100
total	exp~~0.1~2025~9~4^xfer~food~nan~2025~9~5^exp~4294967295~100~2026~0~1^exp~a~0~2026~3~5|
monthly	xfer~~-3~2026~5~11^_~food~-3~2025~9~4|-1
today	inc~1~-3~2026~3~5^exp~rent~1~2026~5~11^exp~food~10.5~2026~3~5^_~~1~2025~9~5|2026,3,5
daily	inc~2~10.5~2025~9~5^_~2~-0~2026~5~11|0,2026,0,1
daily	xfer~trans~100~2026~0~1^exp~rent~0.1~2026~11~31^inc~4294967295~0.1~2026~11~31|nan,2026,5,11
rows	exp~2~99.995~2026~3~5^exp~2~1e21~2024~1~29|Z:0.0001;2:0.0001;10:-1
rows	exp~4294967295~0.1~2025~9~5^exp~4294967295~1~2026~11~31^exp~~1~2026~5~11^exp~~10.5~2026~5~11^xfer~4294967295~1e21~2026~3~5^_~4294967295~nan~2025~9~5|4294967295:nan
rows	exp~10~1~2024~1~29^exp~1~10.5~2026~5~11^exp~1~1~2025~9~5^exp~Z~nan~2026~0~1|Z:1;1:1e21
tier	|100,1e21
total	exp~4294967295~0.1~2026~0~1^inc~10~100~2026~5~10^exp~~10.5~2026~5~11^inc~a~-3~2025~9~5|
daily	inc~10~-0~2026~11~31^xfer~2~0~2026~3~5^exp~2~nan~2026~11~31|0,2026,5,11
rows	|trans:0
total	_~rent~99.995~2026~3~5^inc~food~100~2026~0~1|
monthly	exp~1~-0~2026~5~10|1e21
today	exp~01~100~2026~0~1^exp~~-3~2026~3~5|2024,1,29
rows	inc~Z~-0~2025~9~4^exp~01~1~2026~3~5^exp~01~0~2025~9~4^xfer~01~1~2026~11~31^inc~1~0~2026~0~1^xfer~01~0.1~2026~3~5|01:100;1:nan
rows	exp~rent~1e21~2026~0~1^inc~a~100~2026~11~31^_~01~0.1~2026~3~5^xfer~2~1e21~2026~3~5|01:-1;2:100;1:10.5;rent:0.0001
today	_~2~nan~2026~0~1^_~1~-0~2026~5~10^exp~trans~100~2026~0~1|2024,1,29
today	exp~trans~nan~2026~5~10^_~Z~nan~2026~5~11|2025,9,4
monthly	|1
total	inc~Z~0~2026~5~11^exp~1~0~2026~5~11^exp~food~99.995~2025~9~4^inc~food~99.995~2025~9~5^xfer~a~1~2026~0~1^inc~trans~-0~2026~11~31|
total	_~1~-3~2025~9~4^exp~10~100~2026~5~11^xfer~Z~1~2026~0~1|
rows	exp~01~nan~2025~9~5^inc~rent~1~2026~0~1^inc~food~0.1~2026~0~1|Z:0.0001;01:1;food:0;4294967295:nan;:nan
today	xfer~a~-3~2025~9~4^_~10~1e21~2026~5~11^inc~1~0.1~2026~5~10^_~trans~0.1~2026~3~5^inc~trans~99.995~2025~9~4|2024,1,29
daily	exp~1~0.1~2026~5~10|0,2025,9,5
monthly	_~a~-0~2026~5~10^exp~~10.5~2025~9~5|-1
monthly	_~food~0~2026~3~5^exp~trans~-3~2026~5~11^xfer~1~1~2026~0~1^exp~food~0.1~2024~1~29^exp~4294967295~nan~2026~3~5^exp~a~-0~2026~3~5|1
monthly	xfer~2~-3~2026~0~1^inc~food~1e21~2026~11~31^xfer~01~1~2025~9~4|10.5
rows	exp~2~nan~2025~9~4^inc~~1e21~2024~1~29^exp~1~-0~2026~3~5|rent:0.0001;1:100;2:10.5;:1
monthly	exp~01~1e21~2024~1~29^exp~trans~99.995~2026~5~10|100
total	exp~2~10.5~2026~0~1^exp~food~10.5~2026~3~5^_~Z~100~2025~9~4|
today	_~2~99.995~2025~9~4^exp~food~100~2026~0~1|2026,5,11
today	inc~10~99.995~2026~5~11^_~a~1~2026~5~10^exp~~1~2026~11~31^inc~4294967295~-3~2026~3~5^inc~Z~99.995~2025~9~5^exp~Z~100~2026~0~1|2026,0,1
tier	|10.5,10.5
total	inc~10~-0~2026~3~5^exp~rent~10.5~2025~9~4^exp~Z~10.5~2025~9~4^xfer~4294967295~-3~2025~9~5^exp~01~-3~2026~5~10|
total	exp~a~-3~2025~9~5^inc~food~0~2026~5~10^exp~Z~nan~2026~0~1^exp~2~1~2026~0~1^exp~01~1~2024~1~29|
monthly	inc~4294967295~100~2025~9~5|0.0001
rows	exp~2~1~2026~3~5^inc~food~100~2026~0~1^exp~rent~0.1~2025~9~4^inc~food~-3~2026~5~11|2:-1;a:100;food:0
tier	|0.1,1
total	_~rent~nan~2025~9~4^xfer~2~99.995~2025~9~5|
rows	inc~2~1e21~2026~5~10^exp~trans~100~2026~5~11^exp~a~0~2026~11~31|01:nan;Z:1;a:-1;:-1
total	_~~1e21~2026~3~5^inc~a~-0~2026~3~5^inc~Z~99.995~2026~0~1|
monthly	inc~1~1~2026~5~10|10.5
rows	|10:0
tier	|0.1,1
daily	exp~Z~-3~2025~9~4^_~10~-0~2024~1~29|-1,2025,9,5
rows	xfer~food~nan~2025~9~4^xfer~01~99.995~2025~9~5^exp~rent~nan~2026~11~31^exp~2~99.995~2026~5~10|
tier	|1e21,1
rows	_~4294967295~1e21~2026~0~1^exp~4294967295~0~2026~3~5|4294967295:0.0001
rows	inc~Z~-0~2026~11~31^exp~4294967295~-0~2026~5~11^exp~1~100~2026~3~5^exp~4294967295~-0~2026~0~1^exp~food~nan~2024~1~29^exp~food~1e21~2026~3~5|Z:0;food:1e21;4294967295:100
monthly	inc~1~1~2024~1~29^exp~01~-0~2026~3~5^exp~01~-0~2026~5~10^exp~1~-0~2025~9~5^xfer~trans~1~2025~9~4^xfer~4294967295~-0~2026~3~5|0.0001
total	exp~1~100~2026~11~31^exp~2~1e21~2024~1~29^xfer~Z~-0~2024~1~29|
daily	exp~~1e21~2025~9~5^_~2~-0~2024~1~29|0,2026,5,10
tier	|-3,-1
daily	exp~1~nan~2026~3~5|0,2026,3,5
total	exp~Z~0.1~2026~5~10^xfer~10~nan~2026~5~11^inc~~0~2026~5~10|
monthly	_~~0.1~2025~9~4^exp~a~10.5~2025~9~4|nan
rows	exp~10~99.995~2026~5~11^_~10~-0~2026~11~31^xfer~rent~1e21~2026~3~5^exp~a~100~2026~5~11^inc~a~0.1~2026~11~31|a:10.5;rent:1e21;10:-1
daily	exp~2~1~2025~9~5^exp~~1~2026~5~10^exp~food~100~2026~0~1^exp~~100~2026~5~11^_~trans~-0~2026~11~31|1e21,2026,0,1
rows	|food:100;rent:10.5;4294967295:0.0001;1:0.0001
monthly	inc~rent~-3~2024~1~29^xfer~a~nan~2024~1~29^exp~01~-3~2025~9~5^inc~2~-3~2025~9~5^exp~2~1e21~2026~5~10^exp~trans~1e21~2025~9~5|10.5
total	|
monthly	inc~rent~-0~2026~5~10^exp~a~99.995~2026~5~11|10.5
today	inc~trans~0~2026~5~11^xfer~food~1~2025~9~5^exp~4294967295~0~2026~3~5|2025,9,5
tier	|10.5,-1
total	xfer~Z~1e21~2026~5~11^exp~a~-0~2026~3~5|
total	|
monthly	inc~~0.1~2025~9~4^exp~a~1e21~2024~1~29^exp~food~0.1~2024~1~29^exp~2~-0~2025~9~4|100
monthly	xfer~Z~1e21~2026~11~31^exp~10~100~2025~9~5^inc~trans~100~2026~11~31|100
monthly	exp~01~1~2026~3~5^inc~~-0~2026~3~5^inc~10~1~2026~11~31^xfer~~1~2026~5~11^exp~rent~0.1~2026~5~10^xfer~4294967295~10.5~2026~11~31|100
rows	exp~4294967295~1e21~2026~11~31^inc~food~-0~2026~5~11|food:nan;Z:10.5;a:1e21;10:100
monthly	|1
rows	|trans:100;a:1;Z:1e21;2:nan
rows	_~1~-3~2026~5~10^xfer~1~0.1~2026~11~31^exp~1~-3~2024~1~29^_~1~100~2026~5~11^exp~trans~1e21~2026~11~31^exp~1~-0~2024~1~29|1:10.5
tier	|-3,1
rows	exp~2~nan~2026~0~1|2:nan
today	exp~rent~100~2025~9~5^exp~01~0~2026~11~31^_~1~-3~2026~3~5|2024,1,29
daily	exp~01~99.995~2025~9~4^_~trans~-3~2026~5~10^xfer~~99.995~2026~5~10^_~~0~2026~11~31|1e21,2026,5,11
today	exp~trans~0~2026~11~31^exp~10~10.5~2026~0~1^exp~1~-3~2026~3~5^inc~Z~0.1~2026~11~31^inc~10~0~2026~5~11|2026,5,11
today	exp~Z~-3~2026~11~31^xfer~10~nan~2026~3~5^exp~rent~1~2024~1~29^exp~trans~1~2026~3~5^exp~1~10.5~2026~11~31^exp~a~99.995~2024~1~29|2024,1,29
today	|2026,3,5
daily	inc~rent~99.995~2025~9~5^inc~Z~1e21~2026~11~31|-1,2026,0,1
today	exp~rent~1~2026~11~31^exp~Z~99.995~2026~3~5|2025,9,5
rows	|a:10.5
total	xfer~rent~1e21~2026~11~31^exp~1~0~2025~9~5|
monthly	exp~a~10.5~2026~0~1^exp~01~0.1~2025~9~5^exp~trans~nan~2026~3~5^exp~1~0~2026~3~5^_~1~nan~2025~9~4|1e21
rows	xfer~1~nan~2026~5~10^exp~rent~-3~2026~0~1^xfer~1~-3~2026~11~31^exp~1~nan~2026~5~10|4294967295:0.0001;food:100;rent:0;1:100;a:10.5
daily	xfer~1~-0~2026~5~11^exp~1~-3~2026~11~31|1e21,2025,9,4
tier	|nan,0.0001
total	inc~~10.5~2026~5~10^exp~~nan~2026~11~31^exp~01~1~2026~5~10|
rows	xfer~10~0.1~2026~5~10^exp~a~nan~2025~9~4^inc~10~1~2025~9~4|food:100;10:nan;a:1;rent:100;Z:0.0001
today	_~01~-3~2026~5~11^exp~Z~-0~2026~5~10^exp~4294967295~100~2025~9~5^inc~trans~nan~2025~9~5^exp~4294967295~-3~2026~5~11|2026,11,31
rows	exp~rent~0~2026~0~1^exp~1~99.995~2026~3~5^exp~~-3~2026~11~31^xfer~rent~99.995~2026~0~1^exp~2~-0~2026~5~11^inc~rent~nan~2026~11~31|rent:0.0001
today	inc~2~99.995~2025~9~5^_~Z~1e21~2024~1~29^inc~trans~0~2026~3~5^exp~rent~1~2025~9~5^_~trans~nan~2025~9~5|2026,11,31
tier	|100,0
tier	|1e21,10.5
total	xfer~10~0.1~2026~3~5^exp~rent~100~2026~5~11^_~food~10.5~2026~5~11^exp~4294967295~-0~2026~5~10^exp~~10.5~2026~3~5|
daily	|100,2024,1,29
total	_~01~1e21~2025~9~4^exp~trans~nan~2024~1~29^inc~rent~10.5~2026~11~31^_~4294967295~-3~2024~1~29|
today	xfer~Z~-0~2025~9~4^inc~4294967295~0.1~2024~1~29|2026,5,11
rows	|
tier	|0.1,1e21
total	exp~rent~1~2025~9~5^xfer~10~0.1~2026~5~10|
rows	exp~4294967295~1e21~2026~0~1^xfer~4294967295~-3~2026~11~31^exp~4294967295~nan~2026~0~1^exp~10~-3~2025~9~5^_~Z~0.1~2024~1~29^exp~01~1~2026~11~31|Z:100;trans:0.0001;4294967295:0.0001;10:100
rows	exp~trans~0~2026~0~1^xfer~~0~2026~5~11^exp~~-0~2026~11~31|:10.5;trans:100;4294967295:10.5;10:-1;1:1e21
tier	|100,0.0001
daily	_~a~nan~2026~11~31^_~4294967295~nan~2025~9~5|100,2026,5,10
rows	exp~a~99.995~2026~5~11^exp~01~-0~2025~9~4^inc~01~1~2025~9~4^xfer~rent~0~2026~11~31^exp~~nan~2026~3~5^xfer~01~1e21~2026~3~5|01:1e21;rent:10.5
rows	exp~01~100~2026~11~31^_~rent~nan~2025~9~4^inc~4294967295~0.1~2025~9~4^_~2~1e21~2025~9~4^exp~2~-3~2026~5~11|
tier	|1e21,0
today	|2025,9,5
tier	|-3,10.5
monthly	exp~~99.995~2024~1~29|nan
rows	exp~rent~nan~2025~9~5^exp~01~10.5~2026~5~11|4294967295:1;food:1e21;trans:100;rent:0
rows	exp~rent~0~2026~5~10^inc~trans~99.995~2026~5~11^exp~trans~10.5~2026~5~10|trans:0
monthly	_~1~10.5~2026~11~31^xfer~Z~-0~2024~1~29^exp~Z~-0~2026~5~10^_~1~100~2026~5~11^xfer~food~0~2026~5~11^exp~trans~0~2026~5~10|0
tier	|-0,100
total	exp~1~-0~2026~11~31^exp~2~-3~2025~9~5^exp~4294967295~nan~2024~1~29|
monthly	|-1
tier	|1e21,100
daily	exp~food~0.1~2026~5~11^exp~01~100~2026~5~11^exp~10~100~2026~3~5^_~01~1~2026~0~1^_~rent~0.1~2026~3~5|100,2026,5,10
rows	_~01~99.995~2025~9~5^xfer~4294967295~-0~2026~11~31^inc~01~100~2026~5~11^exp~4294967295~0~2026~11~31|4294967295:1;01:-1
monthly	exp~4294967295~-3~2024~1~29^exp~10~1~2024~1~29|0
total	_~2~0~2024~1~29^xfer~1~100~2026~5~10^_~4294967295~99.995~2024~1~29^xfer~food~10.5~2025~9~5^_~~99.995~2026~0~1|
today	xfer~4294967295~100~2025~9~5^inc~trans~100~2024~1~29^exp~10~10.5~2025~9~5|2026,3,5
rows	exp~10~100~2026~5~11^xfer~1~0~2026~11~31^exp~1~99.995~2026~0~1|1:-1;10:nan;4294967295:-1;:-1
today	|2026,11,31
monthly	inc~2~100~2026~5~11^exp~Z~100~2025~9~5^exp~2~0~2026~11~31|1
daily	exp~~1~2026~0~1^exp~food~1~2026~5~10^xfer~trans~-3~2025~9~4^_~Z~nan~2026~0~1^exp~10~-3~2025~9~5|0,2025,9,4
rows	inc~2~99.995~2026~0~1^xfer~2~100~2026~5~10|2:nan
monthly	_~rent~-0~2025~9~5|0
tier	|99.995,-1
tier	|10.5,0.0001
rows	exp~10~1~2025~9~5^exp~10~99.995~2026~5~11^_~2~100~2024~1~29^exp~01~0~2024~1~29|01:0;10:0;1:100;2:1;trans:nan
daily	_~a~99.995~2026~0~1|10.5,2026,5,11
today	|2026,0,1
daily	_~2~nan~2025~9~5|10.5,2024,1,29
rows	xfer~1~0~2024~1~29^inc~2~99.995~2026~5~11^inc~trans~0.1~2024~1~29|food:0.0001;2:0.0001;:1;1:0.0001;trans:0
rows	exp~1~-0~2024~1~29^xfer~rent~-0~2026~3~5^_~10~99.995~2026~11~31|
rows	_~1~nan~2026~11~31^exp~a~nan~2025~9~4^exp~1~-3~2026~5~10^exp~2~99.995~2026~11~31^exp~1~0~2026~3~5^inc~1~0.1~2026~5~10|1:1e21
rows	inc~01~0~2026~3~5^exp~01~0.1~2026~0~1^xfer~2~1~2026~5~11|01:100
rows	exp~Z~1e21~2026~3~5^exp~a~-3~2026~3~5^_~1~10.5~2026~11~31|
today	xfer~01~100~2026~5~10^exp~a~1e21~2026~0~1^inc~10~-3~2026~5~11^exp~rent~0~2025~9~5^_~2~-0~2025~9~5|2025,9,4
daily	exp~a~0.1~2026~11~31^_~10~nan~2025~9~4|1e21,2026,3,5
daily	exp~food~100~2024~1~29^xfer~rent~nan~2026~5~11^exp~Z~99.995~2026~3~5|100,2024,1,29
rows	exp~rent~10.5~2026~3~5^exp~2~0.1~2025~9~4^xfer~food~0.1~2026~3~5^exp~4294967295~100~2024~1~29^exp~2~-3~2025~9~4^_~01~0.1~2026~5~11|01:1;Z:0.0001;2:1
tier	|0.1,1e21
daily	_~10~10.5~2026~0~1^inc~2~10.5~2025~9~4|10.5,2026,5,11
today	exp~rent~0~2024~1~29^exp~01~0.1~2026~0~1^exp~10~-0~2026~0~1|2024,1,29
tier	|0,1
total	|
rows	xfer~food~10.5~2026~3~5^_~1~1e21~2026~3~5^exp~food~100~2025~9~4|2:100;food:nan;Z:100
total	_~~-0~2025~9~4^exp~Z~10.5~2025~9~5^inc~Z~1~2026~0~1^xfer~Z~1e21~2025~9~4^exp~rent~1~2025~9~4|
total	inc~trans~10.5~2025~9~4^exp~food~100~2026~5~11|
rows	xfer~01~-3~2025~9~5^exp~01~10.5~2026~11~31^exp~rent~0.1~2026~3~5^exp~trans~-3~2026~3~5^xfer~rent~-3~2025~9~5|rent:nan;01:-1
today	|2024,1,29
monthly	exp~food~0.1~2026~0~1^_~rent~1~2026~0~1^exp~4294967295~10.5~2025~9~5^exp~food~1e21~2026~11~31^exp~~99.995~2025~9~4^exp~Z~nan~2026~5~10|nan
rows	xfer~4294967295~nan~2026~5~11^exp~rent~1e21~2025~9~4^exp~2~10.5~2026~11~31^xfer~~0~2026~11~31|:10.5
total	exp~trans~-3~2026~3~5|
today	exp~10~-0~2024~1~29^_~4294967295~1~2026~11~31^exp~rent~99.995~2025~9~4^exp~10~1~2026~11~31^exp~rent~-0~2025~9~5^exp~4294967295~100~2026~11~31|2026,5,11
rows	exp~rent~0~2026~3~5|4294967295:0
daily	xfer~4294967295~10.5~2026~11~31^_~a~nan~2026~3~5^exp~trans~0~2024~1~29^exp~Z~100~2026~5~10^inc~1~0.1~2026~11~31|100,2026,11,31
today	|2025,9,4
rows	exp~2~-0~2025~9~4^exp~1~10.5~2026~0~1^exp~10~nan~2025~9~5^exp~trans~-3~2026~5~10^exp~rent~10.5~2025~9~4^exp~1~10.5~2026~0~1|
rows	_~rent~99.995~2026~11~31^xfer~4294967295~0.1~2026~3~5^xfer~Z~1e21~2024~1~29|
daily	inc~2~0.1~2026~0~1^inc~01~-3~2025~9~4|1,2026,3,5
today	exp~rent~1~2025~9~5^exp~trans~0.1~2026~11~31|2026,5,11
daily	exp~Z~0.1~2026~11~31^xfer~a~1~2024~1~29^exp~10~0.1~2025~9~5^exp~rent~0.1~2026~5~10^exp~food~-3~2025~9~4|100,2026,3,5
total	inc~Z~0~2025~9~5^_~rent~1e21~2026~0~1|
today	exp~a~10.5~2024~1~29|2026,5,11
rows	exp~~-3~2026~5~11^xfer~a~0~2024~1~29^inc~~nan~2025~9~4^inc~1~0.1~2025~9~5^_~trans~100~2026~3~5|a:nan;trans:100;rent:0;food:10.5;:100
tier	|1e21,100
total	|
today	xfer~trans~99.995~2024~1~29^exp~trans~99.995~2026~5~11|2025,9,5
rows	exp~Z~-3~2026~3~5^_~1~0~2024~1~29^exp~Z~-0~2026~0~1|
daily	_~4294967295~1e21~2025~9~5^_~2~-3~2025~9~4^xfer~2~nan~2026~5~10^inc~4294967295~-3~2026~5~11|100,2026,0,1
total	exp~rent~1e21~2026~3~5^xfer~10~-3~2026~5~10^exp~4294967295~0~2026~5~11^exp~~100~2026~5~10^exp~10~-0~2025~9~5^xfer~trans~0.1~2025~9~5|
total	inc~trans~99.995~2026~5~10^exp~10~0.1~2026~3~5^xfer~food~1e21~2026~3~5|
total	inc~rent~-3~2026~11~31^_~01~1e21~2026~5~10^_~4294967295~0.1~2026~3~5^exp~food~10.5~2026~5~10^_~rent~99.995~2026~5~11^_~a~-0~2026~0~1|
monthly	_~rent~nan~2024~1~29^exp~10~1~2025~9~4^xfer~01~1~2026~0~1|0.0001
rows	exp~01~0.1~2026~3~5|Z:0.0001
monthly	|0
total	|
daily	inc~4294967295~nan~2026~5~10^_~10~1~2026~3~5^exp~a~-3~2026~0~1|100,2025,9,5
rows	_~4294967295~-0~2025~9~5^_~1~10.5~2024~1~29|4294967295:nan
daily	xfer~~10.5~2024~1~29|1,2026,3,5
rows	exp~trans~10.5~2026~3~5^_~trans~100~2025~9~4^exp~trans~nan~2025~9~5^exp~trans~0.1~2024~1~29|trans:1
tier	|99.995,0
tier	|100,1e21
rows	exp~~0~2026~5~11^_~trans~1~2025~9~4^inc~rent~1e21~2026~0~1^xfer~4294967295~0~2026~3~5^exp~trans~0.1~2026~5~11^inc~2~-0~2026~5~11|Z:1;trans:0.0001;01:100;rent:1e21
total	xfer~food~100~2026~0~1^xfer~rent~0~2026~5~11^exp~rent~10.5~2026~5~11|
monthly	exp~a~-3~2024~1~29^inc~4294967295~-3~2026~0~1^exp~~100~2024~1~29|-1
rows	exp~4294967295~1~2025~9~5^exp~trans~1e21~2026~5~11^_~rent~100~2026~11~31^_~1~1e21~2026~3~5^exp~~10.5~2026~11~31|2:1e21;1:100;01:100;rent:0;trans:0
rows	inc~trans~-0~2025~9~4^xfer~a~100~2025~9~5^_~10~10.5~2025~9~4^_~~1~2024~1~29|
today	|2026,5,11
monthly	exp~Z~100~2025~9~4^_~1~nan~2026~5~11^xfer~a~0~2026~11~31^inc~01~1~2026~11~31|nan
today	inc~01~1~2026~3~5^xfer~Z~0.1~2026~5~11^exp~Z~100~2026~0~1|2026,5,10
tier	|-0,1
today	|2026,5,10
monthly	|100
tier	|0.1,100
today	exp~10~99.995~2024~1~29|2025,9,5
today	inc~10~0~2026~5~11^_~4294967295~-0~2024~1~29^exp~01~0~2026~0~1^xfer~Z~-3~2026~0~1^xfer~rent~0~2026~5~10^xfer~01~nan~2026~5~10|2024,1,29
tier	|10.5,1e21
daily	exp~4294967295~0.1~2025~9~4|1e21,2026,11,31
tier	|10.5,1
rows	exp~1~1e21~2026~5~10^exp~1~100~2025~9~5^exp~1~1e21~2025~9~4^exp~4294967295~1e21~2026~0~1|1:0
monthly	xfer~trans~0.1~2026~11~31^inc~~0~2025~9~5^xfer~4294967295~-0~2026~5~11^exp~2~-3~2024~1~29^_~4294967295~10.5~2026~0~1^exp~1~-0~2024~1~29|100
monthly	exp~~-3~2026~3~5^xfer~10~100~2024~1~29^inc~~0~2025~9~5^xfer~trans~-0~2026~5~10^inc~a~0.1~2026~11~31^inc~rent~1e21~2026~0~1|1e21
monthly	exp~Z~1e21~2026~3~5^xfer~~1~2026~0~1|0
tier	|-0,0
monthly	exp~a~99.995~2025~9~5|0.0001
monthly	exp~10~99.995~2026~3~5^_~a~1e21~2025~9~4^inc~rent~-3~2025~9~5^exp~01~100~2026~3~5|100
rows	exp~food~10.5~2024~1~29^exp~01~-0~2026~5~10^inc~~1e21~2025~9~5^exp~trans~nan~2026~5~10|trans:1e21
today	inc~Z~-3~2026~11~31^exp~Z~0~2026~5~11^exp~1~1e21~2025~9~4^exp~1~10.5~2026~5~11^inc~~10.5~2026~5~10|2026,3,5
today	inc~01~100~2026~3~5^_~01~nan~2026~11~31^inc~01~nan~2026~11~31^xfer~2~1~2026~11~31|2026,5,11
total	inc~trans~-0~2026~3~5^exp~~1~2024~1~29|
rows	exp~1~100~2026~0~1^xfer~rent~nan~2025~9~4^exp~Z~99.995~2025~9~5|trans:100;a:0.0001;1:1e21;10:1e21;Z:0.0001
monthly	exp~2~nan~2026~3~5^exp~01~99.995~2026~0~1^exp~1~10.5~2026~3~5^exp~food~0~2026~3~5|-1
daily	exp~10~nan~2024~1~29|100,2024,1,29
daily	exp~01~1e21~2025~9~5^exp~~1~2026~3~5^xfer~4294967295~1~2026~11~31^exp~a~1e21~2026~5~11^exp~2~0~2026~3~5|0,2025,9,5
monthly	xfer~food~1~2026~11~31^exp~a~0~2026~5~11^_~10~100~2025~9~4^_~2~100~2026~3~5^exp~a~-3~2025~9~5^inc~~0.1~2024~1~29|10.5
rows	|a:100;1:100;Z:nan
rows	|01:0;1:1e21
rows	inc~~99.995~2025~9~5|Z:10.5;2:0.0001
rows	xfer~2~1~2025~9~4^exp~a~100~2026~5~10^exp~2~0.1~2026~3~5^inc~2~100~2026~5~10|2:100
rows	inc~10~nan~2025~9~5^_~a~100~2026~0~1^_~food~1~2025~9~5^exp~1~-0~2025~9~4|rent:100;1:10.5;food:-1;10:-1
tier	|100,nan
monthly	exp~4294967295~100~2026~3~5^xfer~rent~0.1~2026~11~31^exp~1~100~2026~5~10^exp~food~1~2026~5~11^inc~1~10.5~2026~5~11^xfer~10~100~2025~9~4|nan
today	exp~rent~-3~2025~9~5^_~a~1e21~2026~5~10|2026,5,11
total	inc~~-0~2024~1~29|
total	_~2~0~2026~5~11^exp~rent~100~2026~11~31^exp~rent~99.995~2026~11~31^inc~~nan~2026~11~31|
rows	|2:nan
tier	|0,0
today	exp~~99.995~2024~1~29|2026,3,5
monthly	exp~10~10.5~2025~9~4^exp~4294967295~10.5~2026~0~1|100
monthly	|0
rows	inc~rent~nan~2026~5~11^xfer~rent~-3~2026~0~1^exp~trans~-3~2026~5~11|4294967295:10.5;rent:nan
tier	|nan,-1
total	_~2~10.5~2024~1~29^exp~a~99.995~2026~5~11^xfer~food~-3~2025~9~5^exp~food~0.1~2024~1~29^exp~Z~0~2024~1~29^inc~~1~2026~5~10|
rows	|:0.0001;01:10.5;a:100
rows	exp~2~10.5~2026~3~5^xfer~10~0.1~2026~5~10^exp~2~1~2024~1~29^exp~Z~0~2026~0~1^xfer~Z~99.995~2026~5~10^exp~10~1~2024~1~29|2:-1;:1;Z:1e21
tier	|1,1
today	exp~4294967295~0.1~2025~9~5^exp~01~100~2026~3~5^inc~food~99.995~2026~0~1^inc~a~1e21~2024~1~29^exp~~1~2025~9~4^_~1~0.1~2025~9~5|2026,5,10
rows	exp~food~-3~2026~11~31|food:0.0001
monthly	exp~1~-0~2026~3~5^exp~1~99.995~2026~11~31^_~01~nan~2026~3~5^xfer~rent~-0~2026~11~31^_~10~10.5~2026~0~1^exp~Z~0~2026~3~5|1
monthly	inc~4294967295~10.5~2026~5~10^inc~~-3~2026~11~31^_~rent~1~2024~1~29|nan
tier	|99.995,10.5
monthly	xfer~food~99.995~2024~1~29^xfer~01~1e21~2025~9~5^exp~a~10.5~2026~3~5^inc~01~nan~2025~9~5^exp~1~100~2026~3~5|10.5
daily	xfer~a~1e21~2026~5~11^exp~a~99.995~2026~5~11^_~1~100~2026~5~10^exp~4294967295~0.1~2025~9~4^exp~food~0.1~2025~9~4^xfer~Z~1~2026~3~5|100,2026,11,31
rows	xfer~2~99.995~2026~5~10|food:1;4294967295:100;2:nan;10:10.5;Z:1e21
monthly	xfer~trans~1e21~2026~5~11^_~a~nan~2026~11~31^_~food~-3~2024~1~29^inc~2~0~2026~11~31^exp~4294967295~10.5~2026~5~11^exp~01~1e21~2024~1~29|-1
rows	exp~01~10.5~2026~5~11^exp~2~0~2025~9~4^inc~food~-3~2026~3~5^exp~01~1e21~2026~3~5|a:1;01:100
rows	exp~4294967295~nan~2026~0~1^xfer~Z~-0~2026~11~31^xfer~4294967295~1e21~2025~9~4^exp~4294967295~10.5~2025~9~5^inc~Z~-0~2025~9~5|4294967295:10.5
total	exp~Z~1e21~2026~5~11|
total	xfer~10~nan~2026~11~31^exp~~10.5~2025~9~5^_~trans~nan~2024~1~29^inc~a~100~2026~3~5|
total	xfer~01~-3~2026~0~1^exp~rent~10.5~2024~1~29|
total	_~rent~1e21~2026~3~5^exp~~10.5~2024~1~29^exp~~0~2025~9~5^exp~Z~100~2025~9~5|
daily	exp~trans~1~2025~9~5^exp~rent~0.1~2024~1~29^inc~~99.995~2025~9~4^_~a~1e21~2026~5~10|100,2024,1,29
daily	exp~a~99.995~2025~9~4|1e21,2024,1,29
tier	|1e21,nan
rows	xfer~food~1~2026~3~5^exp~rent~nan~2025~9~4^inc~a~-3~2025~9~4|
tier	|0.1,-1
rows	exp~1~0~2026~11~31^exp~10~nan~2026~0~1^_~rent~1e21~2026~5~11|trans:100;food:0.0001
today	exp~a~99.995~2026~5~11^exp~a~99.995~2026~3~5^exp~10~10.5~2026~5~11^_~4294967295~100~2026~3~5^xfer~a~99.995~2024~1~29^_~10~-0~2026~5~11|2024,1,29
tier	|1,1e21
monthly	|100
rows	|a:0.0001;2:1;Z:100;rent:1e21
today	exp~trans~1~2024~1~29^_~rent~0~2026~5~10^exp~food~0.1~2026~3~5|2025,9,5
monthly	_~4294967295~0.1~2025~9~4^exp~01~100~2026~0~1^xfer~trans~10.5~2026~5~10^xfer~trans~0.1~2024~1~29^exp~4294967295~-3~2024~1~29^_~Z~99.995~2024~1~29|-1
monthly	|nan
monthly	exp~Z~nan~2025~9~5^_~01~0~2025~9~4^_~4294967295~100~2026~0~1^xfer~Z~100~2026~3~5|100
monthly	exp~Z~0~2026~5~11^_~2~nan~2026~5~11^exp~rent~10.5~2024~1~29|1
today	|2026,5,11
today	exp~01~100~2025~9~4^exp~a~1e21~2026~5~11^inc~01~100~2026~5~11^xfer~food~-3~2025~9~5^inc~a~1e21~2026~11~31|2026,11,31
daily	inc~4294967295~1~2026~5~10^exp~trans~0~2025~9~5^exp~Z~0~2024~1~29|100,2026,11,31
total	exp~10~99.995~2026~0~1^exp~4294967295~-3~2025~9~4^exp~2~1e21~2026~5~10|
rows	exp~01~0.1~2026~11~31^inc~trans~0~2026~11~31^exp~Z~0~2025~9~4^exp~trans~1~2026~0~1|rent:0.0001;2:10.5;1:1e21;01:1
tier	|nan,10.5
total	|
tier	|99.995,0
daily	inc~4294967295~-3~2024~1~29^inc~rent~-0~2025~9~5^exp~10~1e21~2026~0~1^xfer~food~100~2025~9~4^exp~trans~0~2026~3~5^_~rent~1~2026~3~5|0,2025,9,5
total	_~2~1e21~2026~5~11^xfer~1~nan~2026~5~11|
tier	|-0,0
today	|2026,3,5
today	|2025,9,5
tier	|100,10.5
total	|
daily	_~01~nan~2025~9~4^_~Z~1e21~2026~3~5^exp~1~1~2025~9~5^inc~rent~100~2026~0~1^exp~Z~nan~2025~9~4|0.0001,2026,5,11
today	exp~4294967295~10.5~2026~0~1^exp~10~100~2026~3~5^exp~food~0~2025~9~5|2026,5,11
rows	_~rent~99.995~2024~1~29^inc~10~-0~2024~1~29^exp~10~1e21~2025~9~5|
rows	exp~2~100~2026~3~5^exp~10~nan~2026~0~1^_~food~100~2025~9~4^exp~a~-3~2025~9~4^_~10~nan~2026~0~1|10:100
monthly	|100
daily	_~rent~1e21~2026~0~1^xfer~~-0~2026~5~10^exp~rent~0~2026~0~1|1e21,2024,1,29
today	exp~Z~-3~2024~1~29^exp~01~-3~2025~9~4^inc~a~nan~2024~1~29^xfer~trans~10.5~2026~11~31^exp~Z~0~2024~1~29|2026,5,10
daily	exp~2~-0~2026~3~5^exp~1~nan~2026~3~5^_~4294967295~1~2024~1~29^inc~a~0.1~2026~5~10|10.5,2026,0,1
tier	|99.995,1e21
tier	|-3,1
today	|2026,11,31
today	|2026,3,5
today	inc~rent~1~2026~11~31^xfer~~100~2026~3~5^exp~1~99.995~2026~0~1^xfer~~0.1~2024~1~29|2026,5,11
today	exp~4294967295~99.995~2024~1~29^exp~~1e21~2026~0~1^xfer~~100~2026~11~31^exp~~0~2024~1~29|2026,0,1
tier	|-0,1
rows	inc~Z~0.1~2026~11~31^_~1~0~2026~3~5|
monthly	exp~1~100~2025~9~5^xfer~10~100~2026~11~31^xfer~a~99.995~2026~3~5^exp~10~100~2024~1~29^exp~10~1~2025~9~4^exp~food~100~2024~1~29|-1
total	xfer~~100~2025~9~5|
daily	|10.5,2026,11,31
daily	xfer~1~100~2024~1~29^exp~2~-0~2025~9~5^exp~1~0.1~2026~5~11^xfer~01~-3~2026~0~1|1,2026,0,1
rows	_~01~nan~2024~1~29^exp~a~10.5~2026~5~11^exp~1~1e21~2026~5~11^inc~Z~99.995~2026~3~5^exp~4294967295~-3~2026~5~11^inc~2~100~2026~11~31|a:1e21;2:0;1:0.0001;Z:1e21
tier	|0.1,0
rows	|a:nan
total	inc~trans~0.1~2026~3~5^_~10~-0~2025~9~4^xfer~~1e21~2026~5~10^exp~food~-3~2024~1~29^inc~01~nan~2026~3~5|
today	exp~1~10.5~2025~9~5^inc~4294967295~0.1~2026~5~11^exp~~0~2026~11~31^exp~Z~0~2026~0~1|2026,5,11
tier	|10.5,1e21
monthly	xfer~2~0.1~2025~9~4^xfer~food~-0~2025~9~4^xfer~food~10.5~2025~9~4^_~01~99.995~2026~0~1|1
total	|
rows	exp~~100~2026~0~1^xfer~~nan~2026~0~1^exp~~-3~2024~1~29^inc~~10.5~2026~5~10|:10.5
monthly	exp~a~100~2026~3~5^_~a~-0~2025~9~5|0
daily	exp~4294967295~99.995~2026~3~5|-1,2026,3,5
tier	|0.1,100
tier	|0.1,100
rows	xfer~1~100~2026~5~11^exp~4294967295~1~2025~9~5|4294967295:10.5;food:1;:1e21
rows	inc~01~100~2026~5~10|1:-1;rent:1;food:100
today	inc~a~99.995~2026~0~1^exp~Z~100~2025~9~5^exp~~10.5~2024~1~29^xfer~1~10.5~2025~9~4^exp~a~100~2026~5~10^xfer~~100~2025~9~4|2025,9,5
rows	exp~Z~0~2026~0~1^inc~01~1~2026~5~11|01:100;Z:1e21
rows	xfer~~1~2025~9~4^exp~a~-3~2025~9~5^inc~10~100~2024~1~29^exp~10~10.5~2025~9~4|a:0;10:10.5;4294967295:100
tier	|1,0.0001
total	exp~food~10.5~2025~9~5^inc~trans~0.1~2026~3~5^exp~a~1e21~2024~1~29^xfer~10~0~2026~11~31|
total	_~~-3~2026~3~5|
rows	exp~a~0.1~2026~5~11|
daily	exp~rent~100~2025~9~4^xfer~1~nan~2026~3~5^exp~2~100~2024~1~29^_~~-0~2026~3~5|10.5,2026,5,11
daily	_~Z~-0~2026~5~10^inc~a~nan~2025~9~4^exp~rent~-3~2025~9~4|100,2025,9,4
monthly	xfer~2~100~2026~3~5^inc~01~99.995~2026~5~10^xfer~01~0.1~2025~9~5^inc~10~0~2025~9~4^xfer~rent~100~2024~1~29^exp~trans~99.995~2026~0~1|-1
monthly	|0.0001
today	xfer~01~1e21~2025~9~4^_~01~-3~2025~9~4|2026,3,5
tier	|nan,10.5
daily	xfer~food~10.5~2026~5~11^_~rent~-0~2025~9~4^exp~4294967295~1e21~2025~9~4^exp~rent~0.1~2025~9~4^inc~2~0~2026~3~5|nan,2025,9,5
today	inc~10~nan~2025~9~4^_~~1~2024~1~29^xfer~a~nan~2026~3~5^exp~food~1e21~2025~9~5^exp~food~1~2024~1~29|2026,5,11
total	xfer~4294967295~10.5~2026~5~11^xfer~~-0~2024~1~29|
rows	inc~1~99.995~2026~11~31|1:1
daily	xfer~4294967295~-3~2025~9~4^exp~food~99.995~2026~11~31^xfer~4294967295~1e21~2026~3~5^_~trans~0~2026~0~1^exp~2~-0~2026~3~5^exp~trans~0.1~2026~3~5|1e21,2026,3,5
rows	exp~2~100~2026~5~11^inc~4294967295~nan~2025~9~5^exp~4294967295~10.5~2026~5~11^exp~4294967295~0.1~2025~9~5^exp~10~0~2026~3~5^xfer~01~0.1~2025~9~5|:1e21;4294967295:-1;2:100;1:100;10:1
daily	inc~food~nan~2024~1~29^_~rent~0~2026~3~5^exp~1~100~2026~11~31^exp~food~-3~2025~9~5|100,2026,5,11
tier	|nan,0
monthly	_~Z~1~2026~0~1|-1
total	inc~trans~1~2026~5~10^inc~food~1~2025~9~5^exp~4294967295~10.5~2025~9~5^exp~2~99.995~2026~0~1|
daily	_~10~nan~2026~0~1^exp~4294967295~nan~2025~9~4^inc~food~0~2025~9~5^_~food~0~2024~1~29^xfer~10~0.1~2026~11~31|100,2026,0,1
daily	exp~1~1e21~2026~5~10|-1,2025,9,4
rows	exp~a~-3~2026~5~11^inc~trans~10.5~2026~5~11^inc~food~0.1~2026~5~10^exp~rent~100~2026~11~31|
rows	xfer~2~10.5~2024~1~29^exp~trans~99.995~2026~11~31^inc~food~100~2026~0~1^_~Z~0.1~2026~5~11^exp~Z~100~2026~5~10^inc~Z~1e21~2024~1~29|Z:1e21
monthly	_~4294967295~0.1~2026~5~11^_~2~-0~2026~5~11^_~01~10.5~2026~3~5^inc~1~-0~2026~0~1^exp~rent~10.5~2026~11~31^exp~trans~-3~2024~1~29|1e21
total	_~4294967295~-0~2025~9~4^xfer~trans~1e21~2025~9~5^_~10~nan~2024~1~29|
today	inc~~10.5~2026~3~5^inc~a~nan~2026~5~11^exp~trans~nan~2026~3~5^inc~~0.1~2025~9~4^inc~10~100~2026~11~31^inc~1~nan~2026~0~1|2026,3,5
rows	_~Z~0.1~2026~5~11|Z:100
rows	xfer~1~-3~2025~9~4^exp~a~10.5~2025~9~4^exp~10~1~2025~9~4^xfer~food~nan~2026~3~5|Z:0;2:0;1:nan;food:1e21;rent:0.0001
total	inc~4294967295~1~2026~3~5^exp~1~0.1~2025~9~5|
rows	_~4294967295~1~2025~9~4^_~10~0.1~2026~0~1^exp~a~10.5~2025~9~5|2:100;rent:10.5;:100
rows	exp~1~0~2024~1~29^exp~food~0~2025~9~4^exp~10~nan~2025~9~5^inc~2~0~2026~0~1^xfer~rent~1~2026~0~1|
total	xfer~a~-0~2025~9~4^exp~Z~-3~2026~11~31^_~food~0~2026~5~10^exp~1~100~2025~9~5^exp~trans~1e21~2026~3~5|
tier	|-0,0.0001
rows	xfer~4294967295~1e21~2025~9~5^exp~a~1e21~2026~11~31^_~a~-3~2026~5~11^inc~01~0~2024~1~29^xfer~01~-0~2025~9~4|1:0.0001;2:nan;4294967295:100;a:10.5;01:100
tier	|nan,10.5
rows	exp~a~1~2025~9~4^inc~trans~1e21~2026~5~11^exp~a~1e21~2026~5~11|a:100;trans:1e21
today	exp~food~1~2026~5~10^_~Z~-0~2025~9~5|2026,5,10
rows	|:100
total	exp~Z~100~2024~1~29|
tier	|10.5,-1
daily	exp~~1~2025~9~4^xfer~01~99.995~2026~3~5^exp~4294967295~10.5~2025~9~4|10.5,2026,3,5
total	|
rows	inc~food~1~2024~1~29^exp~01~0~2026~5~11^exp~01~1~2026~5~11^exp~01~nan~2026~11~31^exp~01~0~2024~1~29^xfer~10~-0~2026~0~1|01:0
daily	xfer~2~10.5~2025~9~5|0.0001,2026,5,10
today	xfer~2~0.1~2026~5~11|2026,3,5
daily	|nan,2026,5,11
daily	inc~01~-0~2026~0~1^xfer~2~0~2026~11~31|100,2026,3,5
total	_~4294967295~10.5~2026~5~11^_~trans~0~2026~3~5^exp~4294967295~0~2024~1~29^xfer~1~nan~2026~11~31|
today	xfer~food~1e21~2025~9~5|2026,5,10
rows	exp~Z~-0~2025~9~4^exp~trans~-3~2024~1~29^exp~~10.5~2025~9~5|4294967295:100;:100;Z:0.0001
daily	|100,2026,0,1
rows	exp~2~-3~2025~9~4^exp~food~10.5~2026~11~31^exp~01~100~2026~5~11^xfer~food~-3~2026~5~10|2:nan
monthly	exp~trans~1~2026~3~5^exp~rent~99.995~2025~9~4^exp~food~-3~2026~0~1^inc~2~1~2026~5~11|-1
tier	|0.1,-1
rows	|
daily	exp~food~-0~2026~0~1^exp~Z~100~2025~9~4^xfer~01~nan~2025~9~5^xfer~~nan~2026~11~31|1e21,2024,1,29
today	inc~10~99.995~2026~0~1^exp~2~nan~2026~0~1^inc~food~1e21~2024~1~29^inc~food~99.995~2025~9~5^exp~~10.5~2026~0~1^exp~food~0.1~2025~9~5|2026,11,31
tier	|-0,0
rows	_~trans~nan~2024~1~29^inc~~99.995~2026~0~1^_~trans~0.1~2026~5~11|:100;a:0.0001;trans:10.5;food:-1
daily	inc~01~-0~2024~1~29|0.0001,2025,9,5
rows	_~trans~nan~2025~9~4^inc~4294967295~-3~2026~11~31^exp~~0~2025~9~4^exp~rent~nan~2024~1~29|trans:-1;2:0;4294967295:1e21
daily	exp~1~99.995~2026~0~1^exp~4294967295~0.1~2024~1~29|1e21,2026,11,31
rows	inc~1~99.995~2026~3~5^exp~2~99.995~2026~5~11^exp~trans~1e21~2024~1~29^exp~rent~nan~2025~9~4^exp~~0.1~2026~5~11|trans:1e21;2:10.5;rent:1;01:0;1:0
daily	|0.0001,2026,5,10
rows	xfer~2~0.1~2026~5~11^exp~2~1e21~2025~9~4^exp~trans~100~2026~5~10^exp~food~1~2026~5~11^inc~a~nan~2024~1~29^inc~2~10.5~2026~5~10|2:nan;4294967295:1;a:10.5
daily	exp~4294967295~nan~2025~9~5^exp~01~100~2025~9~5^exp~1~-3~2026~11~31^_~1~1e21~2026~0~1|-1,2026,3,5
rows	|:100;Z:0.0001;rent:1;a:1;10:0.0001
total	inc~trans~0~2026~5~11^exp~Z~100~2026~3~5^inc~2~99.995~2026~5~10|
total	exp~trans~nan~2026~11~31^inc~10~99.995~2025~9~4^inc~food~0.1~2025~9~4|
rows	|2:nan;01:100;trans:100;a:-1
monthly	exp~1~1~2025~9~4|100
today	exp~food~nan~2026~5~11|2026,3,5
monthly	exp~1~0~2026~3~5^inc~01~0~2025~9~4^exp~2~-0~2026~0~1^exp~2~1~2024~1~29^exp~1~-3~2024~1~29^exp~01~10.5~2026~11~31|10.5
tier	|100,10.5
rows	xfer~a~1e21~2025~9~4^exp~a~0~2026~3~5^xfer~1~-3~2024~1~29^_~~0.1~2025~9~4^exp~4294967295~-3~2024~1~29^xfer~a~1~2026~5~10|
tier	|1,100
total	|
rows	inc~4294967295~nan~2026~5~11^exp~trans~nan~2026~11~31|1:0;food:nan;a:100;4294967295:nan;:-1
monthly	xfer~Z~0~2025~9~4^xfer~food~-0~2025~9~5^exp~10~nan~2026~3~5^inc~~-3~2025~9~4^_~~0.1~2025~9~4|10.5
rows	exp~01~0~2025~9~5^exp~10~-3~2024~1~29^inc~rent~1e21~2026~11~31^xfer~rent~99.995~2026~5~10|01:nan;rent:1
rows	_~food~10.5~2026~5~11|
tier	|-3,-1
rows	exp~rent~0~2026~11~31^_~2~100~2026~5~10^inc~2~-3~2026~5~11|2:100;rent:nan;Z:-1
today	inc~01~-3~2026~3~5|2026,0,1
daily	exp~1~-0~2026~3~5^inc~1~100~2024~1~29^xfer~food~0.1~2026~3~5|0.0001,2026,0,1
rows	exp~trans~nan~2024~1~29^inc~01~100~2024~1~29|01:1e21;trans:-1
monthly	xfer~4294967295~-0~2026~11~31^_~01~0.1~2025~9~5^exp~01~-0~2026~11~31^_~1~-0~2026~11~31|100
daily	|1e21,2026,3,5
daily	_~a~-3~2025~9~4^inc~~1e21~2026~11~31^exp~rent~99.995~2024~1~29^exp~1~1e21~2026~0~1^exp~4294967295~10.5~2024~1~29|100,2026,0,1
tier	|10.5,100
today	inc~10~nan~2024~1~29^exp~rent~nan~2025~9~4^exp~Z~100~2026~3~5^inc~01~-0~2025~9~4^exp~rent~10.5~2025~9~4^_~01~0.1~2024~1~29|2025,9,5
today	exp~01~nan~2025~9~4^exp~food~0.1~2025~9~4^_~1~10.5~2025~9~5^_~10~-3~2026~11~31^inc~1~99.995~2026~11~31^_~01~0.1~2026~0~1|2025,9,4
monthly	exp~trans~-0~2024~1~29^exp~4294967295~-3~2026~3~5^exp~1~10.5~2026~5~10^_~Z~100~2025~9~4|0
rows	_~~0.1~2024~1~29^exp~food~99.995~2026~11~31^_~10~nan~2026~0~1^exp~rent~-3~2025~9~5^exp~trans~nan~2025~9~4|
today	xfer~a~nan~2026~5~11^xfer~01~99.995~2026~11~31^exp~trans~100~2025~9~4|2026,5,10
monthly	inc~rent~1e21~2025~9~5^xfer~rent~1e21~2025~9~5^_~1~1e21~2025~9~4|100
today	inc~4294967295~0.1~2026~3~5^_~10~0.1~2026~0~1^exp~rent~0~2026~11~31^xfer~food~-0~2025~9~4^exp~a~10.5~2025~9~5|2024,1,29
today	xfer~Z~nan~2026~5~10^exp~1~0.1~2026~11~31|2025,9,5
monthly	_~01~10.5~2025~9~4^exp~a~1~2026~5~11^xfer~1~nan~2025~9~5|0
tier	|0,1
total	inc~a~99.995~2026~3~5^exp~4294967295~nan~2024~1~29^inc~Z~10.5~2026~0~1^xfer~Z~10.5~2025~9~5|
daily	|100,2026,11,31
tier	|nan,0
tier	|10.5,-1
rows	_~trans~10.5~2026~11~31^_~~100~2026~3~5^inc~~1e21~2025~9~5^exp~rent~10.5~2025~9~4^xfer~rent~1~2026~5~10^exp~rent~0~2026~5~11|:0.0001;2:0;rent:1
tier	|-3,10.5
daily	exp~1~-0~2026~0~1|-1,2026,11,31
tier	|-0,nan
rows	|10:10.5;1:1e21;01:1;rent:0;food:100
daily	exp~trans~-0~2026~3~5|0,2026,0,1
tier	|100,1e21
monthly	exp~10~-0~2026~3~5^_~10~100~2026~5~10^xfer~trans~1e21~2026~11~31|1
monthly	exp~4294967295~1~2026~5~11^exp~01~1~2026~3~5^exp~10~99.995~2026~11~31^inc~4294967295~100~2024~1~29^exp~1~-3~2024~1~29|0.0001
today	exp~1~1~2026~0~1|2025,9,4
rows	|a:100;:1;rent:10.5;2:nan
rows	exp~2~-0~2026~5~10^exp~2~10.5~2026~0~1^exp~2~1e21~2026~0~1^exp~2~1~2026~11~31^_~1~1e21~2025~9~4|2:1e21
today	exp~rent~0~2026~3~5^xfer~Z~nan~2026~0~1|2026,3,5
rows	exp~4294967295~0~2026~11~31|01:1
total	exp~rent~-3~2026~3~5^_~Z~0~2026~11~31^exp~food~99.995~2026~3~5|
daily	exp~food~100~2024~1~29|100,2024,1,29
daily	_~01~99.995~2024~1~29^exp~2~nan~2026~0~1|0,2024,1,29
monthly	|100
monthly	exp~rent~nan~2026~11~31^_~~100~2026~3~5^inc~trans~0.1~2026~0~1|1e21
tier	|nan,0.0001
tier	|1e21,100
monthly	xfer~4294967295~10.5~2026~3~5^exp~~-0~2026~0~1|1
tier	|99.995,nan
daily	_~1~1e21~2026~0~1^inc~~1e21~2026~0~1^_~01~10.5~2025~9~4^_~~nan~2025~9~4^xfer~a~0~2026~0~1^exp~trans~-0~2026~5~10|100,2026,5,11
total	|
rows	xfer~01~-3~2026~3~5^exp~01~1~2026~5~10|1:1;01:100;2:100
tier	|-0,0.0001
daily	exp~10~10.5~2024~1~29|100,2024,1,29
today	exp~food~nan~2025~9~4|2025,9,5
rows	xfer~Z~1e21~2024~1~29^xfer~food~nan~2026~5~11^_~4294967295~100~2024~1~29^xfer~~nan~2025~9~5^exp~food~10.5~2026~0~1^xfer~~0~2026~5~11|food:1;:100;Z:nan;1:0.0001
total	|
today	_~trans~nan~2026~5~10^exp~10~1~2025~9~5|2026,0,1
rows	inc~trans~1e21~2026~5~11^exp~~-3~2025~9~4^exp~trans~-0~2026~5~10^exp~trans~100~2024~1~29^xfer~a~0.1~2026~0~1|trans:1;rent:100
today	exp~01~100~2026~3~5^exp~1~1e21~2026~5~11^inc~1~10.5~2026~5~11|2024,1,29
daily	_~2~1~2024~1~29^exp~~nan~2026~0~1^exp~food~0~2026~5~10^_~a~10.5~2026~5~11^exp~1~100~2026~5~10|0,2026,0,1
monthly	exp~Z~0~2026~5~10^_~10~100~2024~1~29^inc~a~0.1~2026~0~1^_~Z~1~2026~11~31|nan
rows	_~a~100~2026~11~31^exp~Z~-0~2025~9~4^xfer~~1~2026~3~5^inc~~0.1~2024~1~29^exp~Z~1e21~2026~0~1^exp~~-3~2026~11~31|Z:-1;:1;4294967295:nan
total	xfer~4294967295~1e21~2026~5~10^exp~rent~-0~2026~11~31|
today	exp~~0.1~2025~9~4|2024,1,29
daily	xfer~2~0~2026~5~10^_~Z~nan~2026~3~5^_~Z~99.995~2026~11~31^inc~food~1e21~2025~9~5^exp~trans~10.5~2026~3~5^exp~01~100~2026~5~10|1e21,2026,0,1
rows	inc~4294967295~10.5~2026~5~11^inc~4294967295~-3~2026~0~1^exp~2~0.1~2025~9~5^inc~4294967295~0.1~2026~5~11^exp~trans~-3~2025~9~5|2:0.0001;:nan;01:1e21;4294967295:0.0001;1:0.0001
rows	|01:-1;2:100
today	exp~trans~0.1~2026~3~5^exp~4294967295~1e21~2026~3~5^exp~1~-3~2026~3~5|2026,5,10
daily	xfer~food~0.1~2026~3~5^_~4294967295~1~2026~0~1^exp~a~99.995~2024~1~29^exp~10~1~2026~5~10^exp~a~100~2026~3~5^xfer~a~-3~2026~5~11|1e21,2026,5,11
monthly	xfer~4294967295~nan~2026~3~5^_~trans~0~2026~5~10^xfer~rent~1~2026~0~1^xfer~~0~2026~5~11^exp~~100~2026~11~31^exp~Z~-3~2024~1~29|1
today	exp~food~10.5~2026~3~5^inc~~1~2026~0~1^exp~1~-0~2026~3~5^_~Z~nan~2025~9~4|2026,5,10
total	exp~trans~0.1~2025~9~5|
daily	exp~Z~10.5~2026~3~5^exp~trans~0~2025~9~4^xfer~~1e21~2026~11~31^xfer~trans~nan~2025~9~5^xfer~Z~10.5~2026~0~1|10.5,2025,9,5
monthly	|-1
daily	xfer~rent~0~2024~1~29^exp~01~-3~2024~1~29^exp~1~1~2026~11~31^exp~1~0.1~2025~9~5^inc~4294967295~1~2024~1~29|1e21,2025,9,5
rows	exp~food~-0~2026~0~1|4294967295:100
tier	|10.5,0.0001
total	exp~rent~-3~2024~1~29^inc~01~99.995~2026~5~10^inc~rent~0.1~2026~5~10|
total	exp~a~99.995~2026~0~1|
daily	inc~1~10.5~2026~5~10^exp~01~0~2024~1~29|10.5,2026,3,5
monthly	exp~~1e21~2026~3~5^exp~a~10.5~2026~5~11^exp~Z~100~2026~0~1^inc~rent~0~2026~5~11^_~a~nan~2026~11~31^exp~10~100~2026~0~1|100
total	exp~~-0~2026~11~31|
rows	exp~2~-0~2026~5~11^exp~a~0~2026~5~11^xfer~Z~0.1~2026~0~1^_~4294967295~-0~2026~5~11^exp~a~-0~2026~0~1^exp~a~99.995~2026~3~5|a:100;4294967295:100;10:nan;Z:100;2:100
monthly	exp~Z~-3~2026~3~5|100
today	_~a~0.1~2026~11~31^_~Z~100~2026~11~31^xfer~1~10.5~2026~11~31^inc~1~10.5~2025~9~5|2026,5,11
monthly	exp~trans~99.995~2026~0~1^inc~1~10.5~2026~11~31^exp~10~-3~2026~5~11^xfer~01~100~2026~3~5^_~1~0~2025~9~4|10.5
rows	exp~trans~100~2025~9~4^exp~food~0.1~2026~5~10^xfer~a~99.995~2026~5~10^exp~4294967295~0~2026~11~31|food:100
rows	exp~rent~1~2026~5~10^inc~rent~nan~2024~1~29^exp~food~-3~2026~5~11^inc~1~1e21~2026~0~1^exp~a~0~2026~5~11^exp~4294967295~100~2026~0~1|food:nan;a:-1;trans:1e21;4294967295:1e21;rent:0.0001
rows	_~trans~10.5~2026~11~31^xfer~trans~0~2025~9~5|trans:10.5;a:-1
rows	xfer~~-3~2025~9~4^exp~2~10.5~2026~5~11^exp~rent~-3~2026~0~1|trans:0.0001;rent:0.0001;01:100
monthly	exp~4294967295~nan~2026~5~11|nan
total	inc~1~1e21~2026~11~31^_~10~0.1~2026~5~10^exp~1~100~2024~1~29|
total	inc~rent~nan~2024~1~29^_~food~10.5~2024~1~29^inc~10~0~2025~9~5^exp~food~0~2025~9~4|
total	exp~~-3~2026~5~11^_~10~99.995~2026~5~10^exp~food~-3~2024~1~29^inc~a~0.1~2026~11~31^exp~food~1~2026~11~31|
monthly	exp~1~0.1~2026~11~31^exp~trans~-0~2024~1~29^exp~4294967295~-0~2026~11~31|1e21
tier	|1,-1
monthly	|100
today	xfer~~99.995~2026~5~10^exp~1~0~2026~3~5^exp~trans~-3~2026~5~11^xfer~~-0~2025~9~5^exp~4294967295~1~2025~9~4|2024,1,29
daily	exp~4294967295~-3~2026~11~31^xfer~2~10.5~2025~9~4^xfer~4294967295~99.995~2026~3~5^_~~0.1~2026~3~5^exp~1~0.1~2026~11~31^_~1~10.5~2025~9~5|1,2025,9,5
monthly	exp~trans~1~2024~1~29^exp~Z~99.995~2026~3~5^_~~100~2025~9~4|100
monthly	_~trans~99.995~2026~0~1^inc~Z~99.995~2025~9~4^inc~01~0~2026~11~31|0.0001
tier	|-3,1e21
rows	_~food~0~2025~9~5^_~food~0.1~2026~3~5^inc~rent~-3~2024~1~29|a:1;rent:0;trans:1;food:100
tier	|-3,1
rows	exp~~10.5~2025~9~4^exp~~0.1~2026~0~1^xfer~a~1~2025~9~5^xfer~a~0.1~2025~9~5^_~2~100~2026~3~5|a:1;:0;trans:0;2:100
tier	|0.1,100
today	exp~a~-3~2026~5~10^exp~1~99.995~2025~9~5|2025,9,5
total	exp~01~1e21~2025~9~4^xfer~4294967295~-3~2026~11~31^exp~01~0~2026~5~10|
monthly	xfer~1~100~2026~0~1^inc~4294967295~1e21~2026~11~31^exp~food~-0~2024~1~29|nan
monthly	xfer~food~10.5~2025~9~4^xfer~rent~99.995~2026~5~11^_~a~0~2024~1~29^exp~a~0~2026~0~1^xfer~~99.995~2024~1~29|nan
total	exp~4294967295~10.5~2025~9~4^exp~trans~10.5~2026~0~1^exp~a~100~2024~1~29^exp~1~-3~2026~0~1^inc~4294967295~0.1~2026~5~11^_~a~99.995~2026~5~10|
monthly	|0.0001
rows	_~rent~10.5~2026~11~31^xfer~rent~-0~2026~5~11^inc~rent~-3~2026~5~10^inc~10~1~2026~5~11^exp~rent~10.5~2025~9~4^_~rent~1e21~2026~0~1|rent:100
monthly	xfer~trans~nan~2024~1~29^inc~trans~nan~2025~9~4^exp~trans~nan~2025~9~5^inc~food~10.5~2026~0~1^exp~4294967295~0.1~2026~0~1^xfer~2~1e21~2024~1~29|0.0001
rows	exp~rent~0~2026~0~1^inc~food~0.1~2024~1~29^exp~food~0~2025~9~4^exp~a~-0~2025~9~4^exp~rent~-3~2026~11~31|food:nan;rent:100;a:100
today	exp~rent~-3~2026~5~10^_~2~1~2025~9~4^_~a~0~2026~5~10^exp~Z~99.995~2026~5~10^exp~food~0.1~2024~1~29|2026,5,11
monthly	exp~01~0~2026~11~31^inc~4294967295~100~2026~11~31|-1
today	xfer~~1e21~2026~0~1^inc~1~10.5~2025~9~5|2026,3,5
monthly	|0.0001
tier	|-0,10.5
daily	_~4294967295~0~2026~0~1^exp~10~100~2026~0~1|100,2026,11,31
rows	exp~1~-0~2026~11~31|a:100
rows	xfer~food~0.1~2026~3~5^_~10~0~2025~9~4^exp~01~nan~2026~3~5|:0;food:100;01:0.0001
today	xfer~food~1~2026~5~10|2026,3,5
total	|
daily	_~2~10.5~2026~11~31^exp~a~100~2024~1~29|0,2026,5,10
rows	exp~1~99.995~2026~3~5|rent:1;trans:0;1:100;food:0.0001
total	exp~10~-0~2024~1~29^_~4294967295~1e21~2026~3~5^exp~1~1~2026~5~10^inc~a~10.5~2026~0~1^exp~trans~-3~2026~11~31^xfer~01~nan~2024~1~29|
monthly	inc~trans~0~2026~3~5^exp~10~0~2026~5~11|-1
rows	_~01~1e21~2025~9~5^_~01~-0~2026~11~31^exp~10~-0~2025~9~5^exp~01~0.1~2025~9~4|01:-1;Z:nan
tier	|1e21,1
today	exp~01~nan~2025~9~5^inc~a~-3~2025~9~5^inc~2~0~2026~11~31^exp~~0~2025~9~4^exp~rent~0.1~2026~11~31^exp~2~-0~2024~1~29|2026,5,10
rows	xfer~4294967295~1e21~2026~11~31^_~~nan~2026~5~11^inc~4294967295~100~2026~5~11|4294967295:10.5;1:0;2:0;:1
total	exp~4294967295~1~2026~11~31^exp~1~1e21~2025~9~4^exp~4294967295~-3~2026~11~31^exp~1~0~2024~1~29|
total	inc~~10.5~2025~9~4^exp~rent~1e21~2026~5~11^inc~01~-3~2026~0~1^_~01~1e21~2026~5~10^exp~2~1~2026~11~31|
daily	xfer~2~-0~2025~9~4|1e21,2025,9,4
rows	|rent:0.0001;4294967295:1e21;01:nan
total	|
rows	_~~nan~2026~5~11^inc~4294967295~nan~2026~3~5|
rows	exp~rent~0~2024~1~29^exp~1~-0~2026~5~10^_~trans~99.995~2026~5~10|2:0
daily	xfer~~1~2026~11~31|1,2026,5,11
rows	exp~rent~10.5~2026~3~5^xfer~1~1~2026~3~5^inc~a~1e21~2024~1~29^_~Z~1~2025~9~5^exp~2~1~2026~0~1^_~4294967295~-0~2025~9~5|1:1e21;food:0.0001;10:10.5;4294967295:1;trans:0
monthly	exp~trans~0~2024~1~29^exp~01~10.5~2026~11~31^exp~a~-3~2025~9~5|nan
rows	exp~01~1~2024~1~29^inc~01~99.995~2026~5~11^xfer~1~nan~2026~0~1^xfer~1~99.995~2026~5~10^exp~Z~1~2026~3~5|1:100;01:1
today	exp~rent~0.1~2026~3~5^exp~Z~1e21~2026~3~5^xfer~~0.1~2026~5~10^_~Z~nan~2026~5~10^exp~rent~1e21~2026~3~5|2026,3,5
rows	_~Z~1e21~2026~5~10^exp~~1e21~2026~0~1^exp~food~-3~2026~5~11^xfer~rent~10.5~2026~0~1^inc~10~1e21~2026~5~11^exp~2~1~2026~5~10|
rows	inc~a~0.1~2026~0~1^exp~~-0~2025~9~4^xfer~trans~0.1~2024~1~29^exp~~1~2026~5~10|food:100;rent:0.0001;trans:1e21;a:0;:-1
today	exp~01~0~2026~0~1^inc~2~0.1~2025~9~4^exp~01~-3~2026~5~11^_~~0.1~2025~9~4^xfer~rent~nan~2024~1~29^exp~rent~-0~2026~5~10|2026,3,5
total	exp~10~0~2025~9~5|
monthly	|0
tier	|-3,100
rows	inc~10~99.995~2026~0~1^_~10~-0~2025~9~4^exp~food~0~2026~0~1^inc~10~10.5~2026~5~10|10:1e21;trans:0.0001;food:-1;2:100;rent:100
tier	|0,1
today	exp~~-3~2025~9~5^_~10~-3~2026~5~10^exp~4294967295~10.5~2024~1~29^xfer~trans~-0~2026~5~11|2026,5,10
daily	|10.5,2026,5,11
monthly	xfer~rent~nan~2026~5~10^exp~10~0~2025~9~5^exp~1~-0~2026~5~10|1e21
rows	xfer~a~100~2025~9~5^exp~a~1e21~2026~5~10^exp~rent~1e21~2026~0~1^exp~food~10.5~2026~11~31|rent:-1;trans:100;2:0.0001;food:100;a:-1
tier	|-3,10.5
rows	xfer~2~nan~2026~5~11^exp~2~100~2024~1~29^_~2~-3~2026~5~10^_~2~-0~2025~9~4^exp~2~0~2024~1~29^exp~2~1~2026~5~11|2:100
total	exp~10~-3~2025~9~4^xfer~01~0~2026~0~1^_~food~10.5~2025~9~5^exp~Z~100~2025~9~5^_~a~1e21~2025~9~4|
rows	|trans:nan;rent:nan;01:1;Z:nan;10:nan
today	_~~0~2026~5~10^exp~10~-0~2025~9~5|2024,1,29
today	exp~~1e21~2026~11~31^exp~2~10.5~2026~5~10^_~10~1e21~2026~3~5^inc~1~99.995~2026~0~1|2025,9,4
rows	xfer~2~1e21~2026~5~10^inc~01~-0~2026~5~11^xfer~1~-3~2024~1~29^inc~rent~1e21~2026~11~31|
rows	xfer~Z~nan~2025~9~5^exp~Z~-0~2026~5~10^exp~trans~-3~2025~9~5^xfer~rent~10.5~2024~1~29^_~trans~1~2026~11~31^exp~trans~0~2026~5~11|4294967295:1e21;:0;Z:10.5;rent:0.0001;trans:nan
rows	|4294967295:nan
monthly	exp~1~0.1~2025~9~4^inc~~1~2026~0~1|100
monthly	|0.0001
daily	inc~1~10.5~2026~5~10^exp~Z~10.5~2026~11~31^_~Z~99.995~2026~0~1^xfer~Z~10.5~2024~1~29^_~Z~-3~2025~9~4|10.5,2026,3,5
tier	|1,nan
daily	exp~rent~-0~2024~1~29|nan,2025,9,4
today	inc~food~100~2026~5~10^exp~rent~1~2026~0~1^exp~trans~0~2026~3~5|2026,5,11
monthly	_~~1~2026~11~31|100
tier	|0,1e21
total	exp~rent~0.1~2026~5~10^exp~2~10.5~2026~0~1|
rows	inc~food~100~2025~9~4^exp~rent~nan~2024~1~29^_~rent~99.995~2026~0~1^_~rent~nan~2026~5~11^_~rent~nan~2025~9~4^exp~rent~-0~2025~9~5|rent:1e21
today	exp~10~99.995~2026~5~10^exp~rent~-0~2026~0~1^exp~01~1e21~2025~9~5^exp~~-0~2026~11~31|2026,3,5
today	exp~4294967295~-0~2025~9~5^_~10~0.1~2025~9~4|2026,5,10
today	exp~trans~100~2026~3~5^inc~2~1e21~2025~9~5^exp~10~nan~2025~9~5^inc~rent~100~2024~1~29|2025,9,4
daily	exp~01~0~2026~11~31|0,2025,9,4
daily	xfer~trans~1~2024~1~29^_~~-0~2026~3~5^inc~10~10.5~2025~9~4^_~10~1~2026~3~5|1,2026,5,10
rows	exp~1~99.995~2026~5~10^inc~4294967295~-3~2026~11~31^_~food~0~2025~9~5^exp~rent~0.1~2026~5~11|
tier	|10.5,-1
monthly	xfer~01~-0~2026~5~11|100
rows	xfer~01~0.1~2025~9~4|
rows	inc~trans~-3~2025~9~4^exp~01~100~2025~9~5^_~~1~2025~9~4|2:0;a:0;trans:100
monthly	exp~Z~nan~2026~5~10|0
tier	|0.1,-1
rows	xfer~a~-3~2026~0~1^exp~1~100~2025~9~4^_~a~100~2024~1~29^xfer~food~0.1~2024~1~29^exp~~-3~2026~5~11|a:100
rows	|food:0;trans:nan;10:10.5;:1e21
total	_~2~-0~2025~9~4^exp~01~0~2025~9~5^exp~Z~-3~2026~11~31^exp~Z~10.5~2026~3~5|
monthly	inc~Z~100~2024~1~29^exp~food~100~2026~3~5^inc~1~100~2025~9~4^exp~Z~-3~2026~5~11^exp~a~99.995~2026~11~31^exp~4294967295~100~2026~5~11|nan
tier	|99.995,1
daily	exp~10~1e21~2025~9~5^inc~~-0~2025~9~4^xfer~rent~1~2025~9~5^exp~Z~0.1~2026~0~1^inc~food~10.5~2026~0~1^xfer~2~99.995~2025~9~5|100,2026,11,31
rows	_~a~1~2026~5~11^_~trans~0~2025~9~5^_~2~-0~2024~1~29^exp~10~-3~2024~1~29^exp~4294967295~1~2026~5~11|
monthly	exp~10~-0~2026~5~11|-1
monthly	exp~4294967295~0.1~2025~9~5^exp~2~-0~2025~9~4^inc~2~1~2024~1~29^exp~Z~1e21~2026~11~31^inc~a~nan~2026~0~1|-1
today	xfer~4294967295~-0~2026~3~5^exp~10~10.5~2025~9~5|2026,5,11
tier	|1e21,1
rows	_~2~-0~2026~5~11|
rows	exp~01~0.1~2025~9~5^exp~~nan~2026~3~5^_~4294967295~0~2025~9~4^xfer~rent~-0~2026~3~5|:1e21;10:100;rent:100
total	xfer~food~100~2026~3~5^inc~~-3~2026~0~1^_~rent~-3~2026~5~11^exp~~0.1~2026~0~1|
rows	exp~4294967295~99.995~2026~5~10^exp~2~nan~2026~5~11^exp~01~10.5~2026~0~1^xfer~~nan~2026~11~31|4294967295:0;Z:-1;:0;01:100;2:100
today	inc~01~1e21~2026~3~5^_~2~1e21~2026~11~31^_~1~10.5~2026~5~11^_~Z~1~2026~5~11^exp~trans~-3~2026~0~1^inc~1~-0~2025~9~5|2025,9,4
daily	exp~a~0.1~2026~0~1^exp~food~100~2024~1~29^_~01~1~2025~9~5|1,2026,5,10
total	_~~99.995~2024~1~29^xfer~2~10.5~2026~11~31^exp~4294967295~100~2024~1~29^exp~food~1e21~2026~3~5^exp~01~10.5~2025~9~4|
tier	|-3,0.0001
tier	|-0,0.0001
tier	|0.1,100
rows	exp~2~0.1~2026~5~10^exp~01~10.5~2026~0~1^exp~~0.1~2025~9~5|rent:1;food:0
total	|
tier	|-3,10.5
total	_~trans~99.995~2024~1~29^xfer~2~-3~2026~5~10^exp~Z~1~2026~5~11^exp~rent~1e21~2026~5~10^_~~1~2026~5~11|
monthly	exp~Z~10.5~2026~3~5^exp~10~1~2026~3~5^exp~4294967295~-3~2025~9~5^exp~~1e21~2026~5~11^exp~01~-3~2026~5~11^inc~food~-0~2026~0~1|100
tier	|100,10.5
total	_~Z~10.5~2025~9~5^inc~01~-0~2026~0~1^exp~4294967295~0~2024~1~29|
total	exp~2~100~2025~9~4^inc~10~nan~2025~9~5^xfer~01~0.1~2025~9~5|
rows	inc~2~-0~2026~5~11|trans:-1;:nan;2:0
monthly	|nan
monthly	|-1
total	exp~Z~-0~2026~5~10^exp~~0.1~2025~9~4^inc~rent~1e21~2025~9~4^inc~~0.1~2026~11~31^exp~trans~-3~2026~0~1|
monthly	inc~rent~-0~2026~11~31^xfer~1~10.5~2026~5~11^exp~2~10.5~2026~0~1^exp~trans~-0~2024~1~29|1e21
tier	|-0,-1
monthly	inc~trans~0.1~2025~9~5^exp~a~99.995~2026~5~11^exp~10~-3~2026~0~1^xfer~2~10.5~2026~3~5^exp~01~0.1~2025~9~5^exp~trans~nan~2026~5~10|10.5
rows	inc~01~-0~2025~9~4|Z:-1;01:nan
tier	|100,0
monthly	|0.0001
tier	|99.995,100
tier	|1e21,0
daily	_~2~100~2025~9~4^xfer~4294967295~-3~2026~0~1|0,2024,1,29
rows	xfer~2~99.995~2026~5~10^exp~4294967295~-0~2026~5~10^_~4294967295~0~2026~5~11^exp~1~0~2025~9~5^xfer~4294967295~10.5~2024~1~29^_~trans~99.995~2026~0~1|
monthly	exp~trans~0~2026~0~1^xfer~trans~99.995~2024~1~29|nan
daily	|0,2025,9,5
rows	|4294967295:0
rows	exp~trans~1~2026~11~31^xfer~food~0~2026~0~1|trans:100;10:0;1:100;2:100
rows	exp~rent~1~2024~1~29^_~Z~0~2025~9~5^exp~~0.1~2025~9~4^exp~4294967295~99.995~2026~5~10^exp~food~nan~2025~9~4^inc~2~99.995~2026~3~5|food:10.5;trans:0.0001;4294967295:10.5;2:1
rows	xfer~Z~0~2026~5~10^exp~01~100~2026~11~31^exp~2~nan~2026~5~10|a:10.5
rows	exp~4294967295~10.5~2025~9~4^inc~rent~0~2024~1~29^inc~rent~1~2026~11~31|4294967295:100;rent:1
daily	exp~4294967295~-3~2024~1~29^inc~01~0~2026~0~1^xfer~4294967295~-3~2026~5~10^exp~1~10.5~2026~3~5^exp~rent~-0~2026~3~5^exp~~1e21~2025~9~4|1e21,2024,1,29
rows	exp~1~100~2026~5~11^_~food~0.1~2026~11~31^exp~a~10.5~2026~11~31|food:100;1:-1
rows	inc~Z~1~2024~1~29^xfer~rent~1~2026~5~11^exp~10~100~2026~3~5|
rows	exp~trans~100~2025~9~5^exp~~0~2026~5~11|:100
rows	xfer~~1e21~2026~3~5^inc~01~-0~2024~1~29^exp~01~100~2025~9~4^exp~Z~100~2025~9~4|
daily	xfer~rent~1~2026~11~31^exp~a~-3~2026~5~10^exp~food~10.5~2025~9~5^inc~rent~-0~2025~9~5^_~food~nan~2026~3~5^xfer~01~99.995~2025~9~4|-1,2026,11,31
daily	xfer~rent~10.5~2025~9~5^xfer~1~-0~2026~3~5^_~food~-3~2026~0~1^_~trans~10.5~2026~3~5|10.5,2025,9,4
tier	|1,1e21
rows	exp~~nan~2026~5~10^xfer~food~-0~2026~3~5^exp~a~-3~2026~5~11^xfer~~10.5~2026~5~10|
monthly	xfer~~99.995~2026~5~11^inc~10~-3~2026~11~31^_~~0~2026~5~10^xfer~4294967295~0~2026~5~10^inc~trans~10.5~2025~9~5|100
rows	_~10~100~2024~1~29^exp~10~-0~2024~1~29^exp~2~100~2026~5~10^exp~10~10.5~2025~9~5^exp~10~0~2026~11~31|10:0.0001
rows	exp~1~1e21~2026~5~11|2:100;Z:-1;trans:nan;1:0.0001
total	exp~10~0.1~2025~9~5|
daily	exp~01~100~2025~9~5^exp~~10.5~2026~3~5^inc~food~100~2026~5~11^inc~01~99.995~2025~9~5^xfer~~100~2024~1~29|0.0001,2024,1,29
monthly	exp~10~100~2026~5~11^exp~01~-3~2026~11~31^_~01~nan~2026~5~11^exp~food~-0~2026~3~5^inc~trans~0~2026~5~10|0
monthly	|-1
total	exp~4294967295~-0~2026~5~11^exp~01~10.5~2026~0~1|
rows	_~a~-0~2026~11~31^exp~~99.995~2026~5~11^inc~a~99.995~2026~11~31|:0.0001;a:100
monthly	_~rent~1~2026~3~5^exp~01~-3~2026~5~10^exp~01~-3~2026~5~11^exp~2~100~2026~5~11^xfer~~nan~2026~5~11^exp~4294967295~100~2024~1~29|nan
rows	exp~a~1~2026~5~11^xfer~a~-0~2024~1~29|a:10.5;:-1
today	exp~food~-3~2026~11~31^xfer~rent~1~2025~9~5^inc~2~1~2026~5~11^_~Z~0~2026~3~5^_~10~-3~2026~5~10|2025,9,4
daily	exp~rent~10.5~2025~9~4^exp~01~10.5~2026~5~11^xfer~10~1~2026~5~11|100,2025,9,4
monthly	exp~1~99.995~2025~9~5^exp~~0~2026~0~1^exp~2~99.995~2026~11~31^exp~a~100~2026~5~10^xfer~trans~-3~2026~11~31^xfer~food~10.5~2024~1~29|1
monthly	|100
tier	|100,0.0001
rows	exp~01~-3~2026~0~1^xfer~trans~-3~2025~9~5^_~01~1e21~2026~5~10|01:0.0001;:10.5
monthly	exp~trans~1~2026~3~5^xfer~a~nan~2024~1~29^xfer~trans~100~2026~3~5^exp~food~0.1~2026~0~1^exp~~-0~2025~9~4|10.5
today	exp~10~-3~2026~5~11^exp~Z~1~2024~1~29^_~a~99.995~2024~1~29^exp~trans~0~2026~3~5^exp~trans~0.1~2025~9~5^xfer~10~0~2025~9~5|2025,9,5
daily	_~Z~-0~2024~1~29^xfer~10~99.995~2026~5~11^exp~~1~2026~0~1^_~rent~-0~2026~3~5^_~1~99.995~2026~0~1|10.5,2024,1,29
daily	_~1~-0~2026~5~11^xfer~food~0.1~2025~9~5^_~01~-3~2026~5~11|100,2024,1,29
total	inc~10~0.1~2026~5~10^xfer~Z~100~2025~9~4|
today	xfer~2~99.995~2026~5~11|2026,0,1
rows	exp~01~0~2026~11~31^exp~Z~1e21~2026~3~5|a:1e21;Z:100;food:-1;01:-1
rows	exp~food~10.5~2026~5~11^exp~2~0.1~2026~0~1^exp~a~100~2026~11~31|Z:10.5;rent:nan;10:0.0001
daily	exp~rent~1~2026~11~31^exp~a~99.995~2024~1~29^exp~trans~10.5~2025~9~4^xfer~rent~99.995~2026~5~11^exp~food~1e21~2026~3~5^exp~food~-3~2026~5~11|0,2025,9,4
daily	exp~1~0~2026~5~11^xfer~a~1e21~2024~1~29^xfer~a~100~2025~9~5^_~01~-0~2026~0~1^xfer~~99.995~2026~5~11^xfer~rent~10.5~2026~0~1|100,2026,11,31
rows	|01:-1
daily	exp~food~99.995~2026~0~1^exp~a~0.1~2026~11~31^inc~trans~1~2025~9~4^exp~10~-0~2026~11~31^exp~1~-3~2024~1~29^_~01~10.5~2026~5~10|1,2026,5,10
total	exp~1~-0~2026~5~10^inc~trans~10.5~2026~5~10^inc~trans~0.1~2026~5~10|
monthly	xfer~4294967295~10.5~2024~1~29^xfer~01~1e21~2026~3~5^exp~01~nan~2025~9~4^_~food~-3~2026~5~10^exp~01~-0~2024~1~29^exp~1~nan~2026~5~11|100
monthly	_~~0.1~2025~9~5^exp~Z~1~2025~9~4|100
tier	|0.1,nan
total	exp~a~100~2026~0~1^_~food~100~2026~0~1^xfer~Z~-3~2026~5~11^_~a~100~2024~1~29|
daily	_~a~10.5~2025~9~4^_~~0.1~2026~5~11|0.0001,2026,0,1
monthly	inc~2~100~2026~5~10^_~a~-0~2026~5~10^_~1~0.1~2025~9~5|0
rows	exp~1~1e21~2026~5~11^exp~rent~1~2024~1~29|10:0.0001;1:-1
daily	exp~rent~-0~2025~9~4^exp~Z~-3~2026~0~1^xfer~a~1e21~2026~5~11^exp~01~0.1~2026~0~1|0.0001,2026,11,31
monthly	exp~1~-3~2024~1~29|nan
today	exp~2~0~2025~9~4^_~a~-0~2026~11~31^inc~10~-0~2026~5~11^exp~~100~2024~1~29^exp~1~nan~2026~0~1^_~10~1e21~2025~9~5|2024,1,29
total	|
today	inc~2~-0~2025~9~5^exp~1~-3~2026~3~5|2026,5,10
tier	|-3,1
monthly	_~~nan~2025~9~5^xfer~10~100~2026~5~10^exp~1~nan~2026~0~1|100
rows	|
today	_~2~99.995~2026~5~10^inc~10~0.1~2025~9~5|2025,9,5
rows	|10:1e21;1:100
rows	_~4294967295~99.995~2025~9~5^exp~a~10.5~2026~3~5^exp~01~0~2026~5~11|
total	exp~4294967295~1e21~2025~9~5^inc~2~10.5~2026~5~11^exp~rent~0.1~2026~0~1^inc~a~-3~2024~1~29|
monthly	_~trans~0~2026~5~11^_~trans~0.1~2025~9~4^inc~4294967295~100~2026~11~31|1
monthly	exp~2~99.995~2026~0~1^exp~01~-0~2026~3~5|100
today	_~4294967295~0.1~2025~9~5^exp~01~-0~2026~11~31|2026,5,11
monthly	exp~01~1e21~2025~9~4^xfer~Z~-0~2024~1~29^inc~2~nan~2026~11~31^_~10~-3~2026~3~5^exp~food~0.1~2026~5~10^_~~-3~2026~11~31|1
rows	exp~Z~0~2025~9~5^exp~food~1e21~2026~3~5|rent:100;trans:nan;food:100;Z:nan;1:100
tier	|1e21,0.0001
today	xfer~01~1e21~2026~5~10^exp~a~nan~2025~9~4|2025,9,4
total	exp~Z~99.995~2026~5~11^_~~1e21~2026~11~31^_~4294967295~1~2025~9~4^xfer~rent~100~2025~9~4^xfer~~0~2025~9~4^xfer~10~10.5~2025~9~5|
daily	exp~Z~0~2026~5~10^xfer~01~99.995~2026~11~31^xfer~10~1e21~2025~9~4^_~01~-3~2026~5~10^exp~2~10.5~2026~5~10^exp~Z~100~2026~0~1|-1,2026,3,5
daily	xfer~2~nan~2026~3~5^exp~10~-0~2026~5~11^inc~trans~-0~2025~9~5|1,2025,9,5
rows	exp~1~99.995~2026~3~5^_~1~1e21~2025~9~4^exp~1~99.995~2026~5~10|1:100
daily	_~2~1~2026~3~5^exp~~0.1~2025~9~4^_~2~10.5~2026~5~11^exp~4294967295~-3~2026~11~31^exp~food~0.1~2026~11~31|1,2026,5,10
rows	_~2~nan~2026~5~10^_~10~1e21~2026~0~1|10:nan
rows	_~10~100~2026~0~1^exp~01~-0~2026~0~1^exp~1~-0~2024~1~29^inc~4294967295~nan~2025~9~4|10:nan;a:100;01:10.5;Z:100
today	_~1~10.5~2024~1~29^xfer~rent~nan~2024~1~29^xfer~2~0.1~2026~5~11|2026,5,11
monthly	exp~rent~-0~2026~3~5^_~rent~0.1~2026~5~10^exp~01~0~2025~9~5^exp~~0.1~2025~9~4^exp~Z~1~2026~0~1^exp~Z~0~2024~1~29|1
monthly	_~food~0.1~2026~5~10^exp~1~100~2026~3~5^exp~2~nan~2026~5~10^exp~rent~99.995~2026~0~1|1e21
total	exp~a~1~2026~3~5|
rows	_~trans~10.5~2026~0~1^exp~a~nan~2026~5~11|trans:1e21;a:100;Z:100;1:0
rows	xfer~food~-0~2026~3~5|rent:0.0001;10:100;2:-1;1:1;4294967295:0
today	_~a~10.5~2026~5~10^exp~food~-3~2026~0~1^exp~rent~1~2025~9~5^exp~food~nan~2026~3~5^inc~1~-0~2026~5~11^exp~4294967295~-3~2024~1~29|2026,3,5
today	exp~food~10.5~2026~5~11^_~food~100~2026~5~11^inc~rent~1~2025~9~4|2025,9,5
tier	|-0,-1
rows	exp~10~-3~2026~11~31^inc~4294967295~10.5~2026~5~10|
today	|2024,1,29
rows	_~~-0~2026~5~10^exp~1~10.5~2026~11~31^exp~1~99.995~2024~1~29^exp~trans~-3~2025~9~4|rent:0;:0.0001;1:100;Z:100
rows	|4294967295:-1;1:0;food:-1;a:1e21;10:10.5
daily	|1,2025,9,4
rows	xfer~a~0~2025~9~4^inc~trans~99.995~2026~5~11^exp~4294967295~99.995~2026~3~5^exp~2~100~2025~9~5|4294967295:-1;2:100
rows	inc~Z~nan~2024~1~29^xfer~~0~2026~11~31^exp~Z~nan~2026~0~1^inc~Z~1e21~2025~9~5^exp~Z~100~2026~11~31^exp~Z~0.1~2025~9~4|Z:0
daily	exp~2~-0~2024~1~29^inc~trans~1e21~2026~11~31^inc~rent~0.1~2026~5~10^exp~~nan~2026~11~31^_~~100~2026~5~11^_~a~nan~2024~1~29|nan,2026,5,11
today	exp~4294967295~-3~2026~5~10^exp~food~10.5~2024~1~29|2026,5,10
monthly	exp~trans~1~2024~1~29^_~rent~1~2025~9~5^exp~2~99.995~2026~11~31^xfer~2~0.1~2026~5~11^_~trans~nan~2025~9~5|-1
rows	exp~10~1~2025~9~5^xfer~10~1e21~2026~5~11^exp~10~nan~2025~9~4|01:0.0001;1:nan;4294967295:nan;10:100;2:10.5
monthly	xfer~~-3~2026~5~10^exp~1~0.1~2025~9~5^xfer~10~10.5~2026~0~1^xfer~trans~0.1~2026~11~31|100
rows	|1:0.0001;2:-1;01:nan;4294967295:1;rent:0
today	exp~01~10.5~2026~3~5^inc~4294967295~nan~2025~9~4^xfer~~99.995~2024~1~29|2026,11,31
tier	|-3,nan
total	exp~~1e21~2026~5~11^exp~2~99.995~2025~9~4^exp~10~-0~2026~3~5^inc~~1e21~2026~3~5^xfer~2~0~2025~9~5^xfer~food~-3~2026~3~5|
total	exp~rent~0~2024~1~29^exp~a~-3~2025~9~4^exp~2~-3~2026~0~1|
total	_~food~0~2025~9~5^xfer~Z~0.1~2026~3~5|
rows	inc~food~nan~2026~3~5^exp~10~0.1~2026~11~31^xfer~a~10.5~2026~5~10|food:1e21;a:10.5;10:0
total	exp~Z~0.1~2026~11~31^inc~a~1e21~2026~3~5^inc~a~-0~2026~11~31|
daily	exp~2~1~2026~0~1|-1,2024,1,29
daily	_~food~-0~2026~11~31^inc~food~10.5~2026~11~31^exp~~0~2026~5~10^exp~10~1e21~2026~0~1^inc~1~-3~2026~3~5^exp~food~1~2026~11~31|0,2025,9,5
daily	exp~food~99.995~2025~9~4^exp~01~1~2026~11~31^exp~2~99.995~2026~3~5^inc~~-3~2025~9~4|0.0001,2026,0,1
rows	exp~rent~99.995~2026~5~10^xfer~Z~0~2025~9~4^exp~1~1e21~2026~0~1^_~a~1e21~2025~9~4^inc~Z~0.1~2026~0~1^inc~4294967295~1e21~2025~9~5|4294967295:100;Z:10.5;2:0;1:1e21
today	xfer~2~1~2026~5~10^inc~01~nan~2026~3~5^exp~1~-0~2026~3~5^xfer~a~-0~2024~1~29|2025,9,5
monthly	inc~food~1e21~2026~11~31^exp~food~99.995~2026~3~5^exp~~1~2026~5~11^exp~~-3~2026~5~10|-1
daily	|100,2025,9,5
monthly	exp~trans~0.1~2026~11~31^exp~~0~2024~1~29^exp~food~99.995~2025~9~5^exp~a~100~2025~9~4|1
total	inc~10~1~2025~9~5|
rows	_~~1~2024~1~29^_~~-0~2024~1~29^exp~~nan~2026~5~11^exp~rent~99.995~2026~11~31^exp~~-0~2026~11~31|:1
total	inc~2~-0~2026~11~31^_~rent~0~2024~1~29^xfer~~-0~2026~5~10|
monthly	xfer~~10.5~2024~1~29^inc~2~10.5~2026~0~1^xfer~trans~nan~2025~9~4^exp~1~0~2026~11~31|1
rows	exp~~nan~2024~1~29^exp~1~nan~2026~5~10^inc~food~nan~2026~11~31^exp~trans~-0~2025~9~5^exp~4294967295~1e21~2026~5~11^xfer~01~-3~2026~11~31|:1e21;4294967295:100
monthly	exp~1~nan~2026~0~1|1e21
rows	exp~4294967295~10.5~2026~0~1^exp~4294967295~-3~2025~9~5^exp~a~-3~2026~11~31^exp~Z~-3~2026~5~10|4294967295:-1;a:100
tier	|1,1
tier	|0,nan
rows	exp~4294967295~99.995~2026~0~1^xfer~~0~2024~1~29^_~trans~10.5~2025~9~5^inc~1~10.5~2024~1~29^_~10~-3~2025~9~5^exp~1~99.995~2025~9~5|
rows	exp~rent~100~2026~0~1^exp~Z~-0~2026~5~11^xfer~10~1~2026~5~11^exp~~1~2025~9~4^xfer~1~10.5~2026~0~1|
daily	inc~2~1~2026~5~11^_~a~-3~2026~3~5|0.0001,2026,0,1
rows	inc~a~0~2024~1~29^_~1~-3~2026~0~1^inc~2~100~2026~5~11^exp~a~0~2025~9~4|2:nan;10:100
tier	|99.995,0.0001
today	exp~4294967295~-3~2026~3~5^exp~rent~1~2026~5~10^inc~4294967295~-3~2024~1~29^exp~01~10.5~2026~5~11^_~Z~0.1~2026~5~10|2026,0,1
tier	|1e21,1e21
daily	_~food~1~2025~9~4^exp~trans~10.5~2024~1~29^exp~a~-0~2026~0~1^inc~01~1e21~2025~9~4|1e21,2026,5,11
rows	exp~2~1e21~2025~9~4|Z:100;10:0;a:0
total	xfer~01~100~2026~5~10^exp~~nan~2026~0~1|
total	exp~01~100~2025~9~5^xfer~Z~0.1~2024~1~29^_~2~nan~2026~5~11^inc~2~1~2026~11~31^exp~~-3~2026~3~5|
rows	exp~1~-0~2026~3~5|food:-1;Z:1;2:10.5
daily	inc~~99.995~2025~9~4^xfer~2~100~2024~1~29^_~Z~1~2024~1~29^exp~1~10.5~2026~0~1|100,2026,5,10
rows	inc~10~nan~2025~9~4^_~a~1e21~2026~5~11^inc~2~0.1~2025~9~4^inc~10~nan~2024~1~29^_~1~0~2024~1~29|4294967295:10.5;2:100;10:0.0001
monthly	inc~a~0.1~2026~3~5^exp~4294967295~-0~2026~5~11^inc~trans~1~2026~0~1|0.0001
today	|2026,11,31
today	|2026,5,10
rows	xfer~~0~2026~5~11^exp~trans~1e21~2024~1~29^exp~a~-0~2026~5~10^xfer~4294967295~100~2026~5~11|:0.0001;1:-1;4294967295:100;a:0
rows	exp~2~100~2026~5~11^xfer~01~100~2026~3~5^exp~food~nan~2026~5~11^exp~4294967295~-0~2026~5~10|food:100;4294967295:1e21;rent:100;Z:0.0001;01:0.0001
total	exp~~-3~2026~3~5^exp~1~10.5~2026~11~31|
total	_~10~nan~2026~0~1|
monthly	exp~2~100~2025~9~5^_~1~nan~2026~11~31^exp~2~1e21~2026~3~5^_~food~1e21~2024~1~29^exp~2~-3~2026~5~11^xfer~trans~nan~2025~9~4|nan
monthly	exp~rent~nan~2026~3~5|1
today	inc~Z~0.1~2026~3~5|2025,9,4
total	exp~10~0~2025~9~5^_~10~10.5~2026~5~10^inc~01~-0~2026~5~11^exp~food~1e21~2026~0~1^exp~~-0~2026~5~11^inc~trans~10.5~2026~5~11|
today	|2026,3,5
today	|2025,9,5
daily	_~trans~100~2025~9~4^xfer~~100~2026~5~11|1,2025,9,4
today	exp~rent~-3~2026~3~5^exp~Z~100~2025~9~5|2026,0,1
rows	exp~4294967295~-0~2026~5~11^_~4294967295~10.5~2026~5~11^exp~01~0~2025~9~4|4294967295:0;01:100
monthly	exp~~1~2026~5~10^exp~food~0~2026~5~11^xfer~~0~2026~5~10|0
today	inc~1~-0~2026~0~1^exp~~0~2025~9~5^_~trans~1e21~2026~0~1^_~trans~100~2025~9~5^inc~~1~2025~9~5^inc~10~nan~2026~5~11|2026,0,1
rows	inc~4294967295~1e21~2025~9~4^_~food~1e21~2024~1~29^exp~4294967295~99.995~2024~1~29^inc~4294967295~1e21~2026~5~10^exp~4294967295~0~2026~5~11|4294967295:-1
today	xfer~a~0~2026~5~10^inc~a~nan~2026~3~5^exp~1~-3~2026~3~5^exp~trans~nan~2025~9~4^exp~1~10.5~2026~11~31|2026,5,11
monthly	xfer~a~10.5~2024~1~29^xfer~4294967295~0.1~2026~5~10^_~Z~1~2026~11~31^exp~~100~2024~1~29^exp~trans~0.1~2026~5~10^inc~1~100~2026~5~10|1
today	exp~01~0.1~2026~0~1^xfer~food~100~2026~5~11^exp~food~100~2025~9~4|2026,0,1
rows	xfer~01~100~2026~11~31|01:0.0001;:10.5;Z:100;food:1e21
daily	xfer~food~1~2026~3~5^xfer~1~0~2026~3~5^exp~Z~-3~2025~9~4^_~a~100~2025~9~4^_~~10.5~2024~1~29|10.5,2026,0,1
rows	exp~food~10.5~2025~9~5|
daily	xfer~10~10.5~2026~11~31^exp~~1e21~2026~3~5|-1,2026,5,11
monthly	xfer~trans~99.995~2026~11~31|100
daily	inc~a~nan~2026~5~11^exp~1~-3~2026~11~31|0.0001,2025,9,5
today	xfer~food~1~2026~3~5^exp~trans~1e21~2026~11~31|2024,1,29
tier	|-3,-1
rows	exp~a~0~2026~3~5^exp~a~0.1~2026~0~1^xfer~a~100~2025~9~5^inc~4294967295~99.995~2025~9~5|a:100
total	exp~Z~1e21~2024~1~29|
rows	exp~01~-3~2026~0~1|01:1
rows	|rent:10.5
tier	|1e21,0
tier	|-3,100
total	xfer~4294967295~0.1~2025~9~4^exp~01~-0~2025~9~5^exp~1~1e21~2025~9~4^exp~food~99.995~2026~3~5^exp~food~10.5~2024~1~29|
total	exp~1~0~2026~5~10|
tier	|nan,10.5
rows	exp~4294967295~100~2025~9~5^exp~food~0~2026~5~10^exp~4294967295~0~2026~5~10^xfer~1~0.1~2026~11~31^exp~4294967295~-3~2026~5~11^inc~4294967295~0.1~2026~0~1|food:nan;1:10.5;4294967295:10.5
rows	_~10~nan~2026~3~5^exp~rent~-0~2026~5~10^xfer~rent~nan~2025~9~5|2:10.5;rent:0.0001;:nan
monthly	exp~a~nan~2026~5~11^_~1~10.5~2026~11~31^exp~2~nan~2026~5~10|1
today	_~4294967295~10.5~2024~1~29^exp~trans~0~2026~5~11|2026,5,10
total	inc~food~-0~2025~9~4^xfer~rent~10.5~2025~9~4^_~trans~1~2026~3~5^exp~2~0~2026~5~10^inc~trans~0~2026~11~31|
rows	exp~1~1e21~2026~3~5^inc~2~1e21~2026~0~1^xfer~1~-3~2024~1~29^exp~1~nan~2025~9~4|food:nan;rent:100;2:100
today	xfer~4294967295~0.1~2025~9~5^inc~a~-3~2025~9~5^exp~rent~1~2026~0~1^xfer~10~10.5~2025~9~4^_~food~1~2026~5~11|2026,5,11
today	|2025,9,5
daily	_~food~1e21~2024~1~29^inc~2~1e21~2026~11~31^inc~food~1~2026~3~5^inc~2~99.995~2026~11~31|100,2026,3,5
tier	|-0,0.0001
rows	_~food~-3~2026~0~1^inc~food~1~2025~9~4^inc~food~nan~2026~5~11|food:0.0001;rent:10.5
total	_~~1~2025~9~4^xfer~~1e21~2024~1~29|
total	exp~01~nan~2026~5~11^_~10~0.1~2026~3~5|
total	|
monthly	|0.0001
today	xfer~Z~10.5~2026~0~1^exp~4294967295~10.5~2026~5~11|2025,9,4
total	inc~10~1e21~2025~9~4^xfer~Z~10.5~2024~1~29^xfer~food~10.5~2026~5~10^exp~10~1e21~2026~11~31^exp~2~0~2026~5~11|
total	xfer~rent~nan~2026~5~11^xfer~1~10.5~2025~9~5^exp~4294967295~-3~2026~11~31^exp~01~-0~2026~5~11^exp~~100~2025~9~4^_~1~-3~2026~3~5|
rows	exp~rent~1~2025~9~4^exp~a~-3~2025~9~5^exp~trans~100~2026~0~1|food:nan;10:1;trans:100;rent:0
rows	exp~01~1~2026~5~11|
tier	|-0,1e21
tier	|100,nan
rows	|food:100;4294967295:10.5;:0;2:0;a:0
rows	|food:0.0001;01:nan
total	xfer~Z~10.5~2025~9~5^exp~Z~100~2026~11~31^exp~01~nan~2026~11~31|
rows	_~trans~99.995~2025~9~4^_~4294967295~nan~2024~1~29^xfer~01~10.5~2024~1~29^_~01~10.5~2026~5~10^_~food~1~2026~5~10^exp~a~-3~2024~1~29|food:nan;01:nan;4294967295:100;rent:10.5
monthly	exp~~0~2026~0~1^inc~01~1e21~2024~1~29|100
rows	_~a~0.1~2025~9~4^xfer~trans~10.5~2026~5~11^exp~4294967295~nan~2026~0~1^inc~trans~99.995~2024~1~29|4294967295:0;a:0.0001;trans:1
tier	|nan,10.5
daily	exp~rent~10.5~2026~3~5^inc~rent~-0~2024~1~29^exp~rent~0.1~2026~5~10^xfer~10~1e21~2026~5~10|10.5,2026,3,5
today	inc~4294967295~0~2024~1~29^exp~4294967295~1e21~2026~0~1^exp~trans~0~2024~1~29^exp~1~-3~2026~11~31^exp~a~1e21~2026~0~1|2026,5,10
rows	_~4294967295~1e21~2026~5~11^exp~rent~100~2026~3~5|10:0.0001
monthly	xfer~4294967295~0.1~2026~0~1|-1
daily	inc~2~0~2026~11~31^exp~trans~nan~2026~5~11^exp~4294967295~10.5~2026~11~31^exp~Z~-0~2024~1~29^exp~rent~0.1~2026~3~5^xfer~rent~100~2026~11~31|0.0001,2026,11,31
total	inc~4294967295~1e21~2026~11~31^exp~trans~1~2026~5~11^xfer~~100~2026~5~10|
tier	|1e21,1
monthly	exp~trans~-0~2026~11~31^exp~rent~10.5~2025~9~5^_~trans~1~2026~11~31|100
rows	exp~Z~nan~2026~3~5^exp~10~-3~2026~11~31^xfer~Z~nan~2026~5~10|Z:0
rows	inc~4294967295~nan~2026~0~1|10:-1;Z:1;a:100;:1e21
rows	exp~01~nan~2026~5~11^_~rent~1~2025~9~4^_~rent~1~2026~11~31^exp~rent~-0~2026~5~10|1:10.5;rent:nan;2:10.5
tier	|0.1,100
rows	_~2~-3~2026~5~11|10:0;01:10.5;food:100
total	_~rent~10.5~2025~9~4^_~2~nan~2025~9~5^inc~10~nan~2025~9~5^exp~a~10.5~2025~9~5^inc~~0~2026~5~11^xfer~01~nan~2025~9~4|
total	exp~food~10.5~2025~9~5^_~food~0.1~2026~3~5^xfer~2~-0~2026~11~31^exp~trans~99.995~2026~3~5|
today	exp~Z~100~2026~3~5^inc~10~1~2026~5~11^exp~1~nan~2025~9~4|2024,1,29
today	inc~rent~nan~2026~3~5^exp~food~0.1~2026~5~10^inc~~1e21~2026~3~5^exp~1~nan~2025~9~5^inc~~10.5~2026~3~5|2025,9,5
daily	exp~food~1e21~2026~0~1^xfer~food~0~2026~3~5^exp~rent~nan~2026~11~31^inc~1~0.1~2026~11~31|10.5,2024,1,29
tier	|99.995,1
today	exp~~0~2026~11~31^_~10~0~2025~9~5^exp~rent~nan~2025~9~5^exp~~-3~2026~0~1^exp~Z~0~2026~11~31|2025,9,4
total	exp~4294967295~1e21~2026~5~10^_~trans~1~2026~5~10^exp~01~99.995~2026~5~10^_~~10.5~2026~5~10|
total	_~a~1e21~2024~1~29^xfer~Z~1~2026~11~31^exp~2~100~2026~0~1|
monthly	exp~~nan~2026~3~5|0
today	_~Z~1~2024~1~29^exp~food~-0~2026~5~11^inc~food~1e21~2026~11~31|2026,3,5
monthly	exp~a~0~2026~11~31^exp~1~1~2026~5~10^exp~rent~-0~2026~0~1^inc~trans~100~2025~9~4|100
rows	xfer~1~nan~2025~9~5^exp~Z~nan~2026~11~31|01:1e21;rent:100;Z:1;4294967295:100;1:0.0001
rows	|10:100;:nan
rows	exp~rent~10.5~2025~9~5^exp~10~0.1~2025~9~4^inc~a~1e21~2026~5~11^inc~food~1~2026~5~11^exp~trans~0.1~2025~9~5|1:0;trans:1;10:0.0001;rent:0.0001;food:10.5
today	exp~1~10.5~2024~1~29^exp~a~100~2026~11~31|2026,11,31
daily	_~2~100~2026~0~1^_~Z~10.5~2026~11~31^exp~food~1e21~2026~5~10^exp~Z~nan~2026~5~10^_~10~-3~2025~9~5^exp~01~1~2026~11~31|1,2025,9,4
monthly	|0.0001
monthly	_~Z~10.5~2026~11~31^_~10~1~2026~3~5^inc~01~-0~2024~1~29^exp~Z~100~2025~9~4|10.5
total	_~01~100~2026~5~11^exp~Z~1~2026~0~1^inc~rent~-3~2025~9~5|
rows	exp~01~1e21~2026~5~11|
tier	|10.5,10.5
rows	exp~Z~10.5~2024~1~29^exp~Z~100~2026~5~10^xfer~4294967295~100~2026~0~1^xfer~10~0.1~2025~9~5^exp~a~99.995~2025~9~4|4294967295:10.5;2:1e21;10:0;Z:100;a:1
total	exp~10~10.5~2025~9~4^_~a~0~2026~5~10^exp~trans~nan~2026~5~10^_~a~10.5~2026~3~5^inc~~-0~2026~0~1|
monthly	exp~4294967295~-0~2025~9~4^xfer~4294967295~100~2026~11~31^exp~~0~2026~11~31^inc~a~nan~2026~5~10|1e21
daily	|10.5,2024,1,29
total	exp~01~99.995~2025~9~5|
today	exp~1~0~2025~9~5^exp~1~0~2026~5~11^xfer~~nan~2026~11~31^exp~4294967295~-0~2025~9~5|2024,1,29
rows	exp~~nan~2024~1~29^_~01~1~2026~5~10|01:nan;1:0.0001
rows	exp~trans~nan~2026~5~10|trans:-1
monthly	xfer~rent~10.5~2025~9~4^inc~1~-3~2026~0~1^xfer~2~1e21~2026~3~5^inc~trans~0.1~2024~1~29^xfer~a~nan~2025~9~5|10.5
tier	|10.5,nan
daily	_~food~-3~2025~9~5^xfer~food~-3~2026~5~10^exp~01~nan~2025~9~4^inc~a~0.1~2026~5~11^xfer~~100~2026~0~1|1e21,2026,11,31
monthly	xfer~10~99.995~2026~11~31^xfer~food~10.5~2026~11~31^xfer~01~0~2024~1~29^_~Z~10.5~2026~5~11|1e21
total	|
monthly	exp~Z~99.995~2024~1~29^xfer~rent~99.995~2026~5~10^exp~01~0~2026~5~11^xfer~a~10.5~2025~9~4|1e21
tier	|100,-1
total	xfer~~99.995~2026~0~1|
monthly	_~rent~10.5~2026~11~31^exp~1~nan~2026~5~10^exp~a~-3~2025~9~5^_~~10.5~2026~5~11^inc~food~1~2026~5~11|1
today	exp~rent~99.995~2025~9~5^exp~food~-0~2024~1~29^exp~~99.995~2026~3~5^_~10~10.5~2026~3~5^exp~food~100~2025~9~5^exp~1~-0~2026~11~31|2025,9,5
rows	_~a~1~2026~0~1^exp~a~1~2026~11~31^_~a~1~2024~1~29^exp~2~-0~2024~1~29^_~a~0~2026~5~11^exp~a~1e21~2025~9~5|a:10.5
daily	exp~Z~0.1~2026~5~10^inc~~99.995~2026~5~10|1,2026,5,10
tier	|-3,1
tier	|nan,1
daily	exp~a~1~2026~5~11^exp~01~99.995~2024~1~29^_~01~nan~2026~3~5^exp~trans~nan~2025~9~4^exp~a~-3~2025~9~4^exp~01~1~2025~9~5|-1,2026,5,11
daily	exp~a~1e21~2026~0~1^inc~~1e21~2026~3~5|1,2024,1,29
monthly	_~rent~0.1~2026~11~31^xfer~2~-0~2026~3~5^_~rent~99.995~2026~3~5^exp~1~1~2026~3~5|100
rows	|trans:100;1:10.5;Z:0.0001;01:0
total	|
daily	exp~trans~99.995~2026~0~1^exp~Z~-3~2026~11~31|-1,2026,0,1
rows	xfer~rent~99.995~2024~1~29^inc~trans~nan~2026~5~10|rent:0.0001
total	inc~Z~10.5~2026~3~5^exp~trans~1e21~2026~3~5^inc~trans~0~2025~9~5^_~a~0~2026~3~5^xfer~Z~0.1~2026~5~11|
today	exp~~-3~2025~9~4^xfer~2~0~2026~0~1^exp~10~99.995~2026~5~11^xfer~1~10.5~2026~5~11|2025,9,5
tier	|-0,100
rows	exp~Z~1~2025~9~5^exp~trans~1~2024~1~29^inc~food~nan~2026~3~5^exp~a~1e21~2026~11~31^inc~~0.1~2025~9~4^_~Z~-3~2025~9~4|food:0;:0;2:100;Z:100
daily	exp~rent~1e21~2024~1~29^xfer~4294967295~100~2026~11~31^exp~a~99.995~2026~3~5^_~2~-3~2026~3~5^xfer~01~0.1~2025~9~5^exp~food~-0~2025~9~5|0,2025,9,4
rows	xfer~~-0~2026~11~31|Z:100;food:1;4294967295:-1;01:1e21
rows	exp~2~0.1~2026~5~10^exp~10~-3~2026~11~31^inc~2~1~2025~9~5^_~01~1e21~2026~5~10^exp~rent~-0~2026~5~11|4294967295:100;01:1e21;1:10.5;rent:10.5;2:100
rows	exp~rent~10.5~2026~3~5^inc~2~nan~2025~9~4|trans:10.5
rows	xfer~trans~10.5~2025~9~5^inc~~-0~2024~1~29^exp~trans~-0~2026~5~10^exp~~1~2026~5~11|:nan;trans:-1
rows	|a:100;1:1;4294967295:100
monthly	xfer~1~1~2024~1~29^_~4294967295~1~2026~5~11^_~10~nan~2026~5~11^exp~a~-3~2026~0~1^inc~Z~nan~2024~1~29^_~2~-0~2026~5~10|1
total	xfer~01~1e21~2026~0~1^exp~rent~100~2025~9~5|
rows	exp~10~-3~2025~9~5|trans:-1;10:nan;:100;a:nan
total	_~Z~1~2025~9~5^exp~a~10.5~2025~9~4^_~1~-0~2026~3~5^inc~2~10.5~2026~11~31|
rows	exp~1~0.1~2026~5~11^inc~trans~-0~2024~1~29|1:1
daily	xfer~1~1~2025~9~5^exp~2~nan~2025~9~5^exp~~99.995~2025~9~5^exp~trans~0~2026~5~11^inc~Z~1~2024~1~29|100,2025,9,4
tier	|0.1,nan
today	inc~10~100~2026~5~11|2025,9,4
daily	_~2~-0~2026~3~5^inc~trans~0.1~2026~0~1^xfer~10~99.995~2026~11~31^inc~4294967295~1e21~2026~5~10^exp~~-3~2026~5~10|0,2024,1,29
today	|2026,11,31
total	exp~a~1e21~2025~9~4^exp~a~99.995~2025~9~4^xfer~rent~1~2025~9~5^exp~food~100~2026~5~11^exp~1~10.5~2026~11~31|
tier	|-3,100
tier	|0,10.5
daily	inc~rent~-0~2025~9~4^_~2~-3~2026~5~11|1e21,2026,3,5
monthly	inc~a~1~2026~0~1|0
daily	_~food~99.995~2026~3~5^xfer~~10.5~2025~9~5^exp~01~99.995~2026~5~10|0,2024,1,29
monthly	exp~~10.5~2024~1~29|1e21
rows	_~10~1~2026~0~1^exp~rent~-3~2024~1~29^xfer~a~-3~2025~9~5^_~~10.5~2026~11~31^xfer~2~100~2026~11~31^exp~1~-3~2026~3~5|
daily	inc~01~10.5~2026~0~1^xfer~food~10.5~2026~0~1^exp~2~nan~2026~3~5^exp~10~100~2026~5~11^xfer~~-0~2026~5~10^inc~4294967295~0.1~2025~9~5|-1,2025,9,4
rows	inc~2~100~2026~5~11|a:-1;rent:nan;10:100;2:100;food:0
total	inc~2~-0~2026~0~1^xfer~Z~nan~2026~5~10^exp~1~99.995~2026~11~31^xfer~food~0.1~2025~9~5^xfer~4294967295~0.1~2024~1~29|
daily	exp~10~nan~2026~3~5^inc~Z~nan~2025~9~4^xfer~10~99.995~2026~11~31^exp~a~1~2026~11~31|0.0001,2026,5,10
today	exp~2~1~2026~11~31^inc~food~1e21~2026~5~11^inc~01~10.5~2026~3~5|2025,9,4
tier	|0.1,10.5
monthly	|100
tier	|99.995,10.5
total	exp~a~99.995~2025~9~5|
monthly	|1e21
tier	|0,1e21
today	|2026,0,1
monthly	xfer~~100~2026~5~10^inc~01~-0~2026~3~5^inc~4294967295~100~2026~5~10|-1
monthly	exp~food~0~2026~5~11^exp~4294967295~100~2024~1~29^exp~~-3~2025~9~4^xfer~trans~0~2026~5~11^_~10~-0~2026~5~11|1
rows	xfer~Z~1~2026~0~1^xfer~a~10.5~2024~1~29^inc~a~99.995~2026~5~10^inc~a~1~2026~3~5^exp~food~-3~2026~3~5|10:0;a:0.0001;2:0.0001;Z:0;01:0
monthly	exp~10~nan~2025~9~5^_~2~1e21~2026~5~11^inc~1~10.5~2026~5~10^exp~food~1e21~2026~0~1|1e21
total	exp~1~10.5~2026~5~11|
rows	_~~1~2026~0~1^exp~food~-3~2025~9~5^exp~rent~-3~2025~9~4|:0.0001;rent:100
tier	|10.5,-1
rows	xfer~Z~0~2026~5~11^exp~rent~nan~2026~0~1|
rows	exp~a~0.1~2025~9~4^exp~trans~10.5~2025~9~4|a:1;food:0
rows	_~4294967295~10.5~2026~3~5^exp~1~1~2026~3~5^exp~4294967295~0.1~2024~1~29|
today	|2024,1,29
tier	|10.5,10.5
monthly	_~rent~-0~2024~1~29^inc~2~100~2025~9~4^exp~food~0~2024~1~29|10.5
rows	|trans:0;rent:0;2:100
rows	xfer~trans~nan~2026~3~5^_~2~-0~2026~0~1|trans:nan
monthly	xfer~a~1e21~2025~9~5^_~~-3~2025~9~5|0
tier	|10.5,0
today	_~1~10.5~2026~5~10^exp~food~99.995~2026~3~5^_~4294967295~0~2025~9~5^exp~1~99.995~2026~5~10^inc~a~1e21~2026~0~1|2026,5,11
today	inc~10~nan~2025~9~4^exp~rent~0~2025~9~5|2026,11,31
tier	|1,1
monthly	exp~4294967295~nan~2026~5~10|1
rows	_~4294967295~0~2026~5~11|
daily	inc~Z~-3~2025~9~5^exp~rent~99.995~2024~1~29|1,2026,5,11
monthly	xfer~a~10.5~2025~9~5^xfer~2~99.995~2026~11~31|-1
monthly	exp~rent~1e21~2026~5~11^inc~a~-0~2024~1~29|1
today	|2024,1,29
daily	exp~2~100~2024~1~29^exp~a~100~2024~1~29^exp~~1~2026~5~11|1e21,2026,11,31
rows	exp~a~0.1~2024~1~29^exp~food~100~2026~5~10|:10.5;Z:100;4294967295:100;a:10.5;01:100
rows	inc~~1e21~2026~0~1^exp~food~1~2024~1~29^xfer~rent~10.5~2025~9~5^_~1~nan~2026~5~11^exp~a~-3~2026~3~5^exp~10~-0~2026~3~5|
daily	_~Z~1e21~2026~0~1^exp~2~0~2026~5~10^xfer~4294967295~0.1~2024~1~29^inc~trans~1e21~2026~5~10^exp~food~10.5~2025~9~5^xfer~01~0.1~2026~5~11|0.0001,2026,11,31
tier	|100,0
rows	inc~a~100~2026~3~5^exp~10~0.1~2025~9~4|rent:100;Z:1e21;10:100;food:0;4294967295:0
rows	exp~2~1e21~2026~11~31^exp~01~nan~2026~3~5^inc~2~nan~2026~5~10^xfer~01~1~2025~9~5^exp~01~-3~2026~5~11|01:100;2:1;10:1
rows	inc~a~-3~2026~11~31^inc~a~0.1~2026~5~10|a:nan
total	inc~01~-0~2026~3~5^xfer~~1~2025~9~4|
total	inc~rent~1e21~2026~11~31^exp~a~0.1~2024~1~29^xfer~rent~-3~2024~1~29|
today	exp~10~1e21~2026~0~1^exp~2~nan~2026~5~11|2026,0,1
total	exp~food~nan~2026~11~31|
total	exp~Z~99.995~2026~0~1^inc~food~10.5~2024~1~29|
daily	exp~Z~10.5~2026~5~11^inc~food~10.5~2026~5~11^exp~1~-0~2026~0~1^inc~a~1e21~2026~5~10|nan,2025,9,5
monthly	exp~1~0.1~2026~11~31|100
monthly	exp~4294967295~0.1~2025~9~4^_~food~0.1~2026~0~1^exp~rent~0.1~2026~5~11^exp~2~1~2026~11~31^exp~a~0~2024~1~29|-1
daily	|100,2026,5,10
today	inc~1~10.5~2026~5~10^inc~2~1e21~2025~9~4^exp~1~-0~2026~5~11^exp~Z~99.995~2024~1~29|2026,0,1
total	xfer~4294967295~99.995~2026~0~1|
today	_~10~99.995~2026~11~31^exp~a~10.5~2026~5~11^exp~trans~0~2026~5~11^inc~1~-3~2026~3~5^_~01~1~2026~3~5^inc~1~1e21~2026~11~31|2026,11,31
rows	xfer~rent~nan~2024~1~29^_~2~99.995~2025~9~4^xfer~2~0.1~2026~5~11|trans:1e21;2:100
rows	_~trans~0~2026~5~11^xfer~10~-0~2025~9~4|10:0.0001;trans:10.5;rent:1
total	_~Z~-0~2026~0~1^inc~Z~1e21~2026~0~1^inc~1~100~2026~5~11^exp~~nan~2026~5~10|
today	|2026,0,1
tier	|10.5,1
rows	xfer~Z~-3~2025~9~4^_~rent~0~2026~0~1^xfer~Z~1e21~2024~1~29^exp~rent~-0~2026~3~5^_~trans~0~2026~0~1|trans:10.5;Z:nan
tier	|nan,0
tier	|10.5,0.0001
today	xfer~4294967295~10.5~2026~5~11^exp~10~10.5~2025~9~4^inc~~-3~2026~3~5^exp~food~10.5~2026~11~31^_~1~100~2026~3~5^xfer~10~-0~2025~9~4|2026,3,5
tier	|-0,0.0001
daily	exp~trans~1e21~2026~11~31^exp~a~10.5~2026~5~11^xfer~2~1~2026~3~5^exp~4294967295~1e21~2024~1~29|nan,2026,5,11
rows	exp~Z~1~2026~3~5|rent:0;food:0.0001;Z:100;:100
tier	|100,100
rows	exp~2~100~2024~1~29^xfer~10~0~2026~11~31|10:10.5;2:nan;rent:100;a:10.5;1:10.5
total	exp~01~nan~2026~3~5^exp~4294967295~99.995~2025~9~5^exp~rent~-0~2026~0~1^inc~01~0.1~2026~0~1|
daily	exp~2~0~2026~0~1^inc~rent~-0~2026~0~1^xfer~rent~10.5~2026~5~10^_~1~10.5~2026~5~10^_~~1~2026~3~5|1,2026,0,1
total	exp~1~99.995~2026~5~10^exp~rent~1~2026~5~10^exp~Z~0.1~2025~9~5^exp~food~1e21~2026~0~1^xfer~01~100~2026~3~5|
daily	|0.0001,2026,0,1
rows	exp~4294967295~100~2026~11~31|rent:100;01:1e21;1:1;2:10.5;:100
rows	_~trans~1e21~2024~1~29^_~rent~0.1~2026~5~11^xfer~trans~10.5~2024~1~29^exp~trans~0.1~2026~11~31^exp~~0.1~2025~9~5|rent:1;trans:nan;food:100
total	_~food~100~2026~5~11^_~food~0.1~2025~9~4|
today	exp~trans~0.1~2024~1~29^xfer~trans~100~2026~5~10^exp~~0.1~2024~1~29|2025,9,4
daily	exp~4294967295~10.5~2026~11~31^exp~1~1e21~2024~1~29^inc~4294967295~10.5~2025~9~4^_~food~0~2026~3~5|10.5,2025,9,5
monthly	exp~2~-3~2025~9~4|1
tier	|0,0
tier	|99.995,1
rows	exp~trans~100~2025~9~4^exp~~1~2025~9~4^inc~Z~-0~2025~9~5^exp~Z~-0~2026~3~5^exp~10~nan~2024~1~29^xfer~a~-3~2026~5~10|
rows	|4294967295:0
monthly	xfer~a~0.1~2026~5~11^_~4294967295~100~2026~5~10^_~trans~1~2025~9~5^exp~1~-0~2025~9~4^xfer~rent~1e21~2026~5~10^exp~Z~1~2025~9~5|0.0001
rows	xfer~a~100~2025~9~4^exp~Z~nan~2026~5~10^exp~a~0.1~2025~9~5|a:nan
monthly	_~01~1e21~2025~9~4^_~1~0~2025~9~5^_~Z~100~2026~0~1^exp~~1~2026~11~31^xfer~4294967295~nan~2026~3~5^exp~Z~1e21~2025~9~5|10.5
rows	xfer~~0.1~2026~3~5^exp~4294967295~99.995~2026~5~11^_~~-3~2024~1~29^exp~4294967295~10.5~2026~5~10^inc~4294967295~-0~2024~1~29^exp~10~-3~2026~3~5|4294967295:1e21
today	exp~10~99.995~2026~5~11^_~a~0.1~2026~3~5^exp~~-3~2026~5~11^exp~01~1e21~2026~11~31^exp~4294967295~0~2026~11~31^exp~10~10.5~2025~9~5|2026,5,10
rows	|food:0;01:10.5;:10.5;a:100;4294967295:10.5
today	|2026,5,11
daily	_~10~1~2026~5~10^inc~food~-3~2026~3~5^_~food~1~2026~11~31^exp~01~-3~2026~5~11^xfer~rent~-3~2024~1~29|10.5,2024,1,29
total	_~food~-0~2026~0~1^_~10~99.995~2026~5~10|
rows	inc~food~nan~2025~9~4^exp~trans~0.1~2025~9~5^exp~rent~100~2025~9~4|food:100;4294967295:10.5;:100
tier	|-3,0
rows	inc~10~0.1~2025~9~4|a:0.0001;rent:100;1:100;:100
rows	inc~4294967295~0~2025~9~5^exp~01~nan~2024~1~29^exp~a~10.5~2026~5~11^exp~4294967295~0.1~2025~9~4|4294967295:-1
monthly	xfer~01~1~2026~0~1^xfer~01~1e21~2026~5~10^_~rent~-3~2026~0~1^_~01~0.1~2026~5~11^exp~trans~-0~2025~9~4^inc~1~0~2026~3~5|0
today	exp~Z~10.5~2025~9~5^_~01~1~2026~5~10^exp~Z~1~2026~5~10^exp~10~-3~2026~11~31^inc~food~100~2026~3~5|2024,1,29
monthly	exp~1~1e21~2025~9~4|1e21
daily	xfer~Z~10.5~2026~5~11^exp~food~nan~2026~0~1^_~4294967295~10.5~2024~1~29^_~food~-3~2025~9~5^exp~4294967295~1~2026~3~5^inc~rent~nan~2026~5~11|-1,2026,11,31
rows	exp~food~-3~2026~11~31^xfer~rent~10.5~2026~11~31|rent:100;a:100;Z:0.0001;food:0
monthly	inc~2~0~2026~5~11^exp~1~99.995~2026~5~11^inc~~0~2024~1~29|1
rows	xfer~~99.995~2025~9~4^xfer~Z~1~2025~9~4^exp~10~-3~2025~9~4^xfer~10~-0~2026~5~10^inc~food~1~2026~11~31^exp~10~10.5~2026~5~10|01:0;10:10.5
rows	|1:0;trans:nan
total	exp~01~1e21~2026~0~1^exp~rent~-0~2026~11~31^exp~rent~1e21~2026~0~1^exp~~-3~2025~9~4^xfer~10~100~2026~5~11|
rows	exp~1~10.5~2025~9~4|4294967295:10.5;01:nan;2:0.0001;:100
daily	inc~a~99.995~2025~9~5^_~~nan~2024~1~29|-1,2026,0,1
daily	xfer~4294967295~99.995~2025~9~5^exp~10~-3~2025~9~4^inc~01~-3~2026~11~31^exp~Z~10.5~2026~5~11^exp~rent~-0~2026~0~1^exp~10~1~2026~11~31|100,2026,0,1
rows	exp~a~0~2026~5~11^exp~4294967295~-0~2026~5~11^exp~~nan~2026~0~1^exp~~0.1~2025~9~4^exp~01~0.1~2026~3~5|1:-1;01:100;:nan;food:0.0001;Z:10.5
total	_~01~-0~2025~9~5|
monthly	_~2~1e21~2026~0~1|100
tier	|99.995,-1
total	inc~~1e21~2026~5~10^_~2~-0~2026~5~11|
rows	exp~10~99.995~2025~9~5|1:-1;food:-1
tier	|100,1e21
today	exp~1~0~2026~5~11^xfer~10~99.995~2024~1~29^xfer~4294967295~0.1~2025~9~4^exp~10~100~2025~9~4^xfer~2~1~2026~5~11^xfer~rent~0.1~2026~3~5|2024,1,29
daily	exp~trans~nan~2025~9~5^exp~1~99.995~2026~3~5^inc~01~-3~2026~5~11^exp~1~-0~2025~9~4^exp~4294967295~-3~2024~1~29|1e21,2025,9,5
rows	exp~10~0.1~2026~0~1^exp~~10.5~2026~3~5^exp~a~-3~2026~3~5^xfer~~100~2026~5~11|a:-1;01:-1;Z:100;4294967295:0.0001
daily	_~~0.1~2026~3~5^exp~~1e21~2026~11~31|nan,2026,11,31
tier	|100,0.0001
rows	inc~1~1e21~2025~9~4^_~rent~1~2026~5~10^exp~01~1~2025~9~4^exp~2~0.1~2026~11~31^inc~rent~1e21~2026~0~1^xfer~4294967295~10.5~2026~0~1|a:10.5;Z:0.0001;01:100;rent:0;4294967295:0.0001
tier	|nan,10.5
rows	exp~a~nan~2026~11~31|a:100
total	_~Z~-0~2026~3~5^exp~trans~1~2026~3~5^_~Z~1e21~2026~3~5^exp~rent~1~2026~3~5|
today	inc~01~0~2025~9~4^_~trans~10.5~2026~0~1^_~1~100~2026~3~5^xfer~food~0~2026~3~5|2025,9,4
tier	|0,100
rows	exp~Z~10.5~2024~1~29|Z:100;2:0
rows	inc~01~0~2026~5~11|01:0.0001
rows	xfer~a~10.5~2024~1~29^exp~4294967295~-3~2025~9~5^xfer~rent~10.5~2026~5~10^exp~Z~1e21~2024~1~29|rent:10.5;01:10.5;4294967295:0;1:10.5
monthly	exp~10~100~2026~11~31|-1
rows	_~a~-3~2025~9~4^exp~4294967295~99.995~2024~1~29^exp~a~nan~2026~3~5^exp~10~99.995~2025~9~4|:-1;4294967295:nan;a:1;10:1
rows	exp~1~nan~2026~3~5^exp~2~0.1~2026~11~31|01:10.5;trans:100;1:1e21
daily	|0,2026,5,10
tier	|10.5,nan
monthly	xfer~trans~-0~2025~9~4^exp~rent~0.1~2026~5~11^exp~rent~100~2026~3~5^_~trans~1~2026~0~1|0
daily	exp~a~0~2025~9~5^xfer~1~-3~2026~3~5^inc~10~1e21~2025~9~5^_~~100~2025~9~4^xfer~~-0~2026~5~10|1,2024,1,29
monthly	xfer~01~-0~2026~11~31^exp~trans~0.1~2026~5~11^exp~a~1~2026~11~31^exp~10~99.995~2026~3~5^inc~food~1~2026~11~31|0.0001
rows	inc~4294967295~1~2026~5~10^exp~a~-3~2026~5~10^_~01~-0~2026~3~5^exp~rent~-3~2024~1~29^inc~Z~100~2025~9~4^exp~rent~nan~2026~11~31|
rows	exp~2~1~2026~11~31^inc~10~-3~2026~5~11|
total	inc~10~-3~2026~0~1|
today	xfer~rent~99.995~2026~3~5|2026,5,10
tier	|0.1,0.0001
total	inc~trans~0.1~2026~0~1^_~a~99.995~2026~11~31|
daily	exp~food~10.5~2026~11~31^xfer~2~-0~2026~0~1^_~2~-3~2026~3~5^exp~~100~2025~9~4|nan,2025,9,5
rows	exp~trans~0.1~2024~1~29^exp~2~100~2026~5~11^exp~rent~0.1~2026~5~11^_~4294967295~99.995~2025~9~4^inc~01~1~2026~11~31^exp~trans~nan~2026~3~5|
rows	exp~rent~1e21~2026~11~31|
daily	|10.5,2026,0,1
today	exp~~1e21~2025~9~4^_~4294967295~0.1~2024~1~29^inc~01~0.1~2026~5~10|2026,3,5
rows	_~rent~10.5~2026~0~1^_~a~100~2026~0~1^exp~4294967295~100~2026~0~1|rent:0;10:1;a:1;4294967295:10.5;:10.5
today	|2025,9,4
tier	|0.1,10.5
tier	|1,10.5
daily	exp~rent~10.5~2025~9~5^xfer~4294967295~0.1~2025~9~5^exp~rent~1e21~2025~9~5|-1,2026,5,11
rows	inc~1~-3~2025~9~5^xfer~10~0.1~2026~0~1^exp~~1~2026~3~5^xfer~4294967295~0~2024~1~29^exp~a~0.1~2025~9~4^_~a~100~2026~0~1|a:-1;4294967295:1;10:0.0001;food:nan
monthly	exp~01~1~2024~1~29^_~4294967295~0~2026~11~31|1e21
rows	exp~a~10.5~2026~0~1^exp~1~0.1~2026~3~5^xfer~1~100~2026~0~1^inc~trans~nan~2024~1~29^_~1~-0~2025~9~4|1:-1;10:10.5
tier	|100,0.0001
tier	|99.995,0.0001
daily	exp~4294967295~0~2025~9~4^exp~rent~1e21~2026~5~10^xfer~Z~1~2026~0~1^_~1~10.5~2026~5~10^inc~10~nan~2025~9~4^exp~01~100~2026~0~1|100,2025,9,5
monthly	exp~~99.995~2026~5~10^inc~food~1~2026~3~5^exp~Z~99.995~2026~0~1^exp~01~99.995~2026~5~10^exp~Z~10.5~2025~9~5|100
monthly	xfer~rent~-0~2025~9~5^_~trans~1~2024~1~29^exp~a~0~2026~5~10^_~Z~0~2026~3~5|1e21
total	|
rows	exp~~99.995~2026~5~10^xfer~trans~-0~2026~5~10|
daily	inc~a~1e21~2026~11~31^exp~4294967295~-3~2024~1~29^_~10~100~2025~9~4^inc~10~1~2025~9~4^_~10~0~2026~11~31|nan,2025,9,4
rows	exp~4294967295~99.995~2026~5~10^_~food~99.995~2026~5~11^exp~01~0.1~2024~1~29^exp~Z~1~2026~0~1|food:0.0001;rent:0.0001;4294967295:nan
monthly	exp~trans~100~2025~9~4^xfer~01~0~2026~0~1|100
rows	exp~2~1~2026~5~10|
rows	exp~01~1~2025~9~5^_~10~-3~2026~3~5^exp~1~0~2026~5~11^exp~a~100~2025~9~5^_~rent~0.1~2025~9~5|
today	xfer~a~-0~2024~1~29^exp~4294967295~0.1~2026~5~10|2026,5,10
daily	exp~trans~0~2025~9~5^xfer~01~0.1~2024~1~29^xfer~~-3~2026~3~5^xfer~2~100~2025~9~4^inc~a~1e21~2026~5~11|0.0001,2025,9,5
tier	|1e21,10.5
rows	exp~rent~0.1~2025~9~4^exp~01~99.995~2026~5~10^inc~1~0.1~2025~9~4^xfer~10~10.5~2026~5~11|10:10.5;01:0.0001;1:100;rent:100
total	exp~trans~nan~2026~5~10^exp~a~99.995~2026~0~1^exp~Z~0.1~2025~9~4^_~a~10.5~2026~11~31|
total	exp~4294967295~99.995~2024~1~29|
rows	xfer~1~0.1~2026~5~11|10:10.5;1:1;Z:100
total	xfer~1~0.1~2026~5~11^exp~rent~10.5~2026~3~5|
total	xfer~10~-0~2025~9~4^inc~rent~nan~2026~5~11^exp~01~100~2024~1~29^exp~a~nan~2026~11~31^_~rent~1~2024~1~29|
monthly	exp~trans~0.1~2025~9~5^inc~10~99.995~2024~1~29^exp~trans~1e21~2026~3~5^_~rent~100~2026~5~10|100
today	xfer~rent~1e21~2026~0~1^xfer~a~nan~2024~1~29|2026,5,10
today	inc~a~100~2026~3~5^exp~rent~1e21~2026~11~31|2026,5,11
total	inc~trans~nan~2026~5~11^exp~a~99.995~2026~5~11^_~rent~-0~2026~5~10|
tier	|-0,nan
monthly	exp~1~nan~2026~5~10^exp~1~-0~2026~5~11^xfer~4294967295~1e21~2025~9~4^exp~4294967295~99.995~2025~9~5^inc~10~0.1~2026~5~11^exp~10~100~2024~1~29|100
daily	|-1,2026,5,10
tier	|-0,0.0001
total	inc~1~0.1~2025~9~4^exp~Z~99.995~2025~9~4|
daily	inc~food~1~2026~5~10^_~01~0.1~2024~1~29|nan,2026,5,11
daily	exp~4294967295~10.5~2024~1~29^exp~10~0.1~2025~9~5^exp~trans~-0~2026~3~5^exp~rent~0.1~2026~11~31|100,2025,9,5
daily	_~01~0.1~2026~5~11|nan,2026,5,10
daily	_~Z~1~2026~3~5|10.5,2026,11,31
tier	|0.1,100
total	exp~01~-0~2026~11~31^inc~1~0~2024~1~29^exp~4294967295~0~2026~5~11^inc~food~10.5~2025~9~5^exp~2~99.995~2026~3~5^xfer~trans~-3~2026~11~31|
rows	exp~a~nan~2026~5~10^exp~rent~100~2026~3~5^exp~rent~0~2024~1~29|rent:nan
total	inc~rent~nan~2025~9~5^exp~~0.1~2025~9~5|
today	exp~a~nan~2026~3~5^exp~~1~2026~11~31^exp~rent~-0~2026~11~31|2025,9,4
total	_~rent~-3~2026~3~5^exp~~0.1~2026~3~5^_~~1e21~2025~9~4^exp~~-0~2026~11~31^inc~a~-0~2026~3~5^inc~1~0.1~2026~11~31|
rows	exp~food~1e21~2024~1~29^exp~4294967295~nan~2024~1~29^exp~rent~1~2026~11~31^exp~~99.995~2026~11~31|rent:nan;1:0;a:0.0001;food:1
rows	xfer~a~1e21~2024~1~29^xfer~a~1~2025~9~5^inc~01~0~2025~9~5^exp~rent~0~2025~9~4|01:1e21;a:0
today	inc~~99.995~2026~3~5^exp~trans~-3~2026~11~31^exp~Z~-0~2026~5~11^xfer~2~0.1~2026~11~31|2026,11,31
monthly	exp~10~10.5~2025~9~4^exp~1~1~2026~11~31^exp~10~0~2026~0~1^xfer~01~100~2026~11~31^inc~food~nan~2025~9~5^exp~2~1~2026~5~11|0
monthly	xfer~1~0~2025~9~5^exp~1~1~2026~0~1^exp~1~1~2025~9~4^xfer~1~-3~2025~9~4^exp~01~1~2026~5~11^inc~a~1e21~2026~0~1|100
rows	exp~trans~1e21~2026~3~5^exp~trans~99.995~2026~11~31|trans:0.0001
monthly	exp~01~0.1~2026~11~31^exp~10~0.1~2026~5~10^exp~Z~0.1~2026~3~5^exp~trans~0.1~2026~5~11^exp~10~0.1~2026~11~31|nan
rows	exp~food~1e21~2024~1~29^exp~1~-3~2026~5~11|01:1
daily	_~Z~100~2026~0~1|10.5,2026,11,31
tier	|nan,0.0001
today	_~Z~10.5~2026~5~11^inc~rent~1~2025~9~4^_~rent~99.995~2026~5~11^exp~2~99.995~2026~3~5^_~a~0.1~2025~9~5|2026,5,11
rows	|10:1;a:0;Z:-1
today	exp~rent~0~2025~9~4^inc~Z~99.995~2026~5~10^inc~food~-0~2026~11~31^inc~trans~-3~2026~3~5^exp~1~0.1~2026~3~5^exp~Z~0~2024~1~29|2026,0,1
rows	exp~food~-3~2024~1~29^inc~rent~nan~2026~5~10^inc~10~100~2024~1~29^exp~Z~-3~2026~0~1^xfer~food~-3~2025~9~4^exp~1~-0~2026~0~1|food:100;2:10.5
tier	|0.1,1
rows	_~~0~2026~5~10^exp~10~99.995~2026~0~1^exp~rent~nan~2026~11~31|a:1;:1;rent:nan
rows	exp~2~10.5~2025~9~4^exp~2~1e21~2025~9~4^inc~rent~0~2026~5~10^exp~2~1~2026~3~5|2:0.0001;rent:100;Z:100;4294967295:nan
tier	|0.1,100
tier	|1e21,0.0001
monthly	exp~~0~2026~5~11|1
total	|
monthly	inc~10~-0~2026~5~10^exp~trans~1e21~2026~11~31^_~~10.5~2026~11~31^inc~10~99.995~2026~3~5|0
tier	|0,-1
rows	exp~1~-3~2025~9~4^_~2~nan~2025~9~4|1:0;food:0.0001;4294967295:100;trans:100;2:0
rows	xfer~trans~99.995~2026~0~1|2:-1;4294967295:0.0001;01:100;a:0.0001;trans:10.5
rows	xfer~4294967295~10.5~2026~3~5|4294967295:0;trans:-1;10:0
today	exp~Z~0~2025~9~4^inc~trans~1~2024~1~29|2025,9,4
total	exp~rent~100~2025~9~5|
today	exp~01~1~2026~3~5^inc~Z~1~2026~0~1|2025,9,5
rows	inc~2~0.1~2026~0~1^exp~food~-0~2026~5~10^inc~food~99.995~2024~1~29^exp~trans~99.995~2025~9~4|rent:1;food:1e21;Z:-1
today	_~Z~-0~2026~5~11^exp~trans~0.1~2024~1~29^exp~10~0~2025~9~4^_~trans~nan~2025~9~5|2026,5,10
today	_~a~99.995~2025~9~5^xfer~4294967295~10.5~2026~0~1^exp~trans~1~2026~5~10|2026,3,5
today	|2025,9,4
today	inc~01~-3~2025~9~5|2026,5,11
monthly	xfer~4294967295~100~2026~5~11^inc~a~1~2026~5~10^_~01~100~2025~9~4^_~~1e21~2024~1~29|10.5
today	inc~a~1e21~2026~5~11^exp~10~10.5~2025~9~5^exp~01~0.1~2025~9~5|2026,0,1
total	exp~2~100~2026~5~10^xfer~~100~2026~5~11^exp~Z~10.5~2026~3~5^_~~nan~2026~3~5^inc~10~10.5~2024~1~29|
monthly	|10.5
total	|
monthly	_~a~100~2026~3~5^xfer~1~99.995~2026~5~11^exp~4294967295~0~2026~3~5^_~Z~0.1~2025~9~5^_~rent~0.1~2026~3~5|100
rows	exp~01~10.5~2026~3~5^inc~rent~10.5~2025~9~4^_~trans~-3~2025~9~4^xfer~4294967295~-3~2026~5~10^xfer~trans~1~2026~3~5|rent:1e21;01:0;trans:1
today	exp~Z~0~2025~9~5^exp~2~1~2026~5~11^exp~food~1~2026~0~1^exp~01~99.995~2026~5~10|2025,9,5
rows	exp~rent~-0~2026~5~10^inc~rent~-0~2026~11~31^_~rent~100~2026~3~5^exp~4294967295~0.1~2026~5~11^inc~food~10.5~2025~9~5|rent:100;:10.5
daily	exp~trans~1e21~2026~11~31^exp~~10.5~2026~11~31^inc~rent~-3~2025~9~5^exp~10~100~2024~1~29^inc~1~nan~2026~0~1^exp~Z~0.1~2026~11~31|10.5,2026,0,1
total	xfer~2~1e21~2026~5~10^exp~01~-3~2026~0~1^exp~01~1e21~2026~5~11|
rows	xfer~trans~100~2025~9~5^exp~food~nan~2026~5~11^_~Z~10.5~2026~11~31|
rows	inc~4294967295~100~2026~0~1|rent:1;2:100;a:1;4294967295:-1;food:100
monthly	inc~01~1~2026~0~1^exp~01~1~2025~9~4^xfer~Z~nan~2026~5~10^xfer~food~0~2025~9~5|100
daily	|nan,2025,9,4
total	inc~~99.995~2026~3~5|
rows	exp~~-0~2024~1~29^_~~100~2026~0~1|a:1e21;2:1;:0;4294967295:1
monthly	inc~10~1~2026~0~1^exp~2~0~2025~9~5^xfer~01~1e21~2026~5~11^inc~~-3~2026~0~1^exp~trans~10.5~2025~9~5|-1
rows	_~food~-0~2026~3~5^_~~nan~2025~9~5^_~1~-3~2025~9~4^exp~1~nan~2026~11~31^xfer~food~0.1~2026~11~31^exp~2~10.5~2026~5~11|rent:0.0001;01:0;2:-1;1:nan;food:1e21
rows	xfer~Z~0~2026~5~10^exp~Z~100~2026~3~5^exp~4294967295~-3~2025~9~5^xfer~1~0.1~2026~5~11|Z:0;4294967295:0;1:-1;2:0;trans:10.5
monthly	inc~food~0~2026~3~5^exp~10~0.1~2026~5~10|1e21
daily	_~1~0.1~2026~11~31^exp~food~-3~2024~1~29^xfer~trans~10.5~2026~5~10^inc~food~-3~2026~5~10^exp~1~99.995~2026~11~31|nan,2026,3,5
monthly	exp~10~10.5~2025~9~4^exp~Z~nan~2026~11~31^exp~Z~10.5~2026~0~1^exp~1~10.5~2025~9~4^_~~100~2024~1~29^exp~rent~-0~2026~0~1|100
total	inc~1~-0~2025~9~5^xfer~a~1e21~2024~1~29^_~rent~1e21~2024~1~29^inc~4294967295~1e21~2026~11~31^exp~a~-3~2026~3~5^inc~1~99.995~2026~5~10|
tier	|-0,1
rows	_~rent~0.1~2026~3~5^exp~rent~nan~2026~11~31^xfer~~-0~2026~11~31^exp~01~1~2025~9~4^inc~1~0.1~2026~3~5^exp~rent~0.1~2026~5~11|rent:nan;:0
monthly	exp~2~nan~2026~11~31^exp~rent~100~2024~1~29^exp~10~0~2026~5~10^xfer~Z~-0~2026~3~5^xfer~a~1e21~2026~11~31^_~01~100~2025~9~4|1
total	exp~10~-0~2026~11~31^_~2~0~2026~0~1^xfer~4294967295~0~2026~5~10^exp~2~1~2025~9~4^xfer~~10.5~2026~5~10|
monthly	exp~01~-0~2025~9~4^exp~a~0.1~2025~9~4^_~01~0~2026~5~11^inc~10~10.5~2025~9~5^exp~a~99.995~2025~9~4^xfer~food~nan~2026~3~5|0
daily	exp~1~0.1~2025~9~5^exp~food~nan~2026~5~10^exp~10~99.995~2026~11~31^xfer~Z~1~2026~0~1^inc~trans~-3~2026~5~10^exp~4294967295~-0~2026~0~1|1e21,2026,3,5
rows	exp~2~1e21~2026~3~5^exp~a~10.5~2026~5~11|rent:1e21;food:1e21;2:0;a:100
today	xfer~a~-0~2025~9~4^exp~Z~99.995~2026~3~5^exp~a~100~2025~9~4|2024,1,29
rows	exp~10~100~2026~11~31^exp~food~-0~2024~1~29^xfer~2~1e21~2026~0~1^_~food~0~2026~0~1|food:1;10:100
today	xfer~food~0~2024~1~29^xfer~1~1~2026~11~31|2026,3,5
tier	|99.995,100
today	inc~food~1e21~2026~11~31^_~4294967295~100~2026~5~10^xfer~01~0~2025~9~5|2026,3,5
rows	xfer~a~-3~2025~9~4^inc~a~0.1~2024~1~29|01:1e21;trans:-1;a:nan;food:100;rent:100
total	_~rent~0.1~2026~5~11^exp~4294967295~100~2026~5~10|
today	xfer~4294967295~99.995~2026~11~31^exp~food~99.995~2026~0~1^exp~food~0.1~2026~5~10^xfer~a~-0~2025~9~4^inc~01~100~2026~11~31^inc~Z~0~2026~5~11|2026,11,31
rows	inc~01~0~2025~9~5|1:-1
total	exp~1~nan~2025~9~5|
rows	exp~rent~99.995~2025~9~4|rent:100
today	exp~1~-0~2025~9~4^exp~10~99.995~2026~11~31^exp~rent~nan~2025~9~5|2026,0,1
daily	exp~4294967295~1e21~2024~1~29^inc~1~100~2025~9~4|-1,2026,5,11
rows	|Z:100;a:10.5;01:0.0001
tier	|0,1e21
daily	exp~a~0.1~2026~5~11^exp~trans~1~2026~5~10^inc~trans~100~2025~9~5^exp~4294967295~99.995~2026~0~1^xfer~~0~2026~5~10|10.5,2026,3,5
monthly	inc~1~0.1~2026~5~10|100
monthly	exp~food~nan~2025~9~5^_~4294967295~1~2025~9~4^exp~~10.5~2026~11~31^inc~trans~99.995~2025~9~5|100
daily	|nan,2026,0,1
today	exp~trans~-3~2026~3~5^exp~2~0~2025~9~4^_~2~nan~2026~11~31^xfer~10~100~2025~9~4^exp~Z~99.995~2025~9~5|2025,9,5
today	exp~~0.1~2026~3~5^exp~a~99.995~2026~3~5|2026,5,11
total	|
total	exp~food~99.995~2025~9~5^exp~trans~0~2026~5~11|
rows	xfer~1~1~2026~3~5^exp~01~-0~2026~3~5|10:nan;01:0;1:100
monthly	xfer~food~100~2026~0~1^inc~a~-3~2025~9~4^exp~a~99.995~2025~9~4^exp~01~0.1~2026~3~5^inc~2~-3~2025~9~4|1
rows	_~trans~nan~2026~5~10^exp~Z~100~2026~11~31^exp~Z~10.5~2026~3~5^exp~01~0~2025~9~4^xfer~Z~1~2026~5~10|trans:100;rent:0.0001;01:10.5;Z:1e21
tier	|0,1e21
tier	|0,0.0001
tier	|10.5,100
tier	|1,1e21
tier	|1,100
rows	inc~trans~0~2025~9~4^exp~~10.5~2026~0~1|01:100;2:1e21;1:1
daily	exp~Z~99.995~2026~5~11^_~1~-0~2025~9~5|nan,2025,9,5
rows	_~01~99.995~2025~9~5^exp~Z~99.995~2025~9~5|:1e21;1:0.0001;4294967295:100
total	exp~01~100~2026~0~1^exp~10~-3~2026~5~10^exp~2~100~2025~9~4^exp~trans~99.995~2026~3~5^inc~Z~0~2026~11~31|
total	exp~1~1~2026~0~1^exp~food~1e21~2026~5~10|
tier	|1,nan
rows	inc~food~1~2026~11~31|2:100;a:-1;trans:100;food:0.0001;rent:1e21
rows	exp~Z~0.1~2025~9~5^exp~10~-0~2026~3~5^_~10~0.1~2024~1~29|10:0.0001
today	inc~01~0~2025~9~5^exp~a~-0~2025~9~5^exp~trans~-3~2024~1~29^exp~01~0.1~2026~5~10^exp~a~-0~2026~5~10|2026,0,1
rows	xfer~a~100~2026~0~1^_~a~-3~2024~1~29^exp~food~0.1~2026~5~10^exp~~10.5~2024~1~29|2:-1;food:100;:1e21;a:1;10:1
monthly	inc~Z~-3~2026~11~31^inc~Z~99.995~2025~9~5^exp~2~0~2026~3~5|1
total	exp~4294967295~0~2026~5~10^xfer~10~-0~2024~1~29|
total	xfer~food~10.5~2024~1~29^inc~2~-3~2025~9~4^exp~01~10.5~2026~3~5^xfer~4294967295~-3~2026~5~10^inc~food~0~2025~9~4|
rows	_~10~-3~2026~5~11^exp~4294967295~0.1~2024~1~29^xfer~a~1e21~2026~3~5^exp~10~nan~2026~5~11^inc~~10.5~2025~9~5|:0.0001;10:0.0001
rows	xfer~4294967295~0.1~2026~5~11^exp~~-3~2026~5~10^exp~rent~100~2024~1~29^exp~food~1~2026~11~31^_~10~99.995~2026~5~11|4294967295:0;Z:1e21;:1e21;2:100
rows	_~food~1e21~2026~11~31^exp~rent~10.5~2026~5~11^exp~trans~0~2026~3~5^exp~rent~100~2026~11~31|4294967295:100;food:0.0001;a:1e21;rent:1;01:1
total	_~1~99.995~2025~9~4^exp~4294967295~-0~2026~11~31|
total	_~food~nan~2024~1~29|
daily	exp~rent~1~2025~9~5^exp~1~1~2025~9~5^inc~trans~10.5~2026~5~11^exp~10~0~2024~1~29^exp~1~-3~2025~9~4^_~~-3~2025~9~4|-1,2025,9,4
daily	exp~Z~nan~2026~3~5^_~food~0.1~2026~5~10^exp~Z~1~2026~5~10|0,2026,11,31
rows	xfer~2~10.5~2026~5~10^exp~4294967295~99.995~2026~5~10^inc~01~1e21~2026~0~1|:0;01:10.5;trans:100;2:100
rows	exp~4294967295~-0~2025~9~5^exp~rent~0.1~2025~9~5^exp~food~nan~2026~5~11|rent:1e21;trans:nan
today	inc~01~10.5~2026~3~5|2026,0,1
today	xfer~01~99.995~2026~5~10|2026,11,31
daily	_~trans~100~2026~0~1^_~4294967295~1e21~2025~9~4^inc~Z~1~2024~1~29^xfer~a~-3~2026~5~10^xfer~Z~nan~2024~1~29|10.5,2024,1,29
daily	exp~01~-3~2026~0~1^xfer~01~-0~2026~5~10^inc~~10.5~2026~5~10^exp~food~1e21~2026~5~10^_~food~100~2025~9~4^exp~1~10.5~2026~5~11|-1,2026,5,11
total	_~2~nan~2024~1~29^xfer~01~1~2024~1~29|
tier	|1e21,1e21
daily	exp~trans~0.1~2025~9~4^inc~~0~2024~1~29^exp~~99.995~2026~3~5^_~Z~-0~2026~0~1|100,2026,0,1
monthly	inc~2~-0~2026~3~5^xfer~~0.1~2026~3~5^exp~a~1~2026~5~10^_~food~1e21~2026~5~10|100
daily	exp~~-0~2025~9~4^exp~~10.5~2026~3~5^exp~10~100~2024~1~29^xfer~food~1e21~2024~1~29^exp~~1~2025~9~5|0,2024,1,29
today	_~2~100~2025~9~4^_~01~1e21~2024~1~29^_~2~0.1~2026~3~5^_~food~1e21~2025~9~4^exp~10~nan~2025~9~4|2025,9,5
rows	|trans:0;2:-1;01:10.5;rent:0.0001;:-1
rows	exp~10~0~2026~11~31^xfer~01~-0~2026~5~10^inc~1~99.995~2025~9~4^inc~rent~99.995~2026~5~11^exp~a~1e21~2026~5~10^exp~2~0~2026~3~5|rent:1;a:nan;2:0.0001;4294967295:0
daily	xfer~2~99.995~2025~9~4|1,2025,9,5
tier	|100,1
rows	|a:100
rows	exp~rent~1e21~2026~3~5^_~4294967295~0.1~2025~9~5^_~a~-3~2025~9~5^exp~01~-3~2024~1~29|01:-1;:nan
total	xfer~1~1e21~2026~3~5^exp~01~nan~2026~0~1^exp~10~1e21~2025~9~5^exp~~0~2026~5~10|
daily	exp~2~0~2026~11~31^exp~1~100~2025~9~4^_~2~1~2026~5~11|100,2024,1,29
rows	|trans:-1;rent:100;2:0
tier	|nan,100
rows	xfer~01~0.1~2026~5~11|trans:100;4294967295:100;01:100;10:1
tier	|0,100
rows	inc~~nan~2026~5~11|:nan;1:-1;food:100;01:1;10:nan
rows	exp~4294967295~-3~2026~5~10^exp~~1~2026~11~31^exp~food~0~2024~1~29^exp~Z~100~2024~1~29^xfer~trans~10.5~2024~1~29^exp~01~1~2026~5~10|rent:1;a:0;trans:1;2:-1;01:-1
daily	exp~food~-0~2026~11~31^exp~trans~-3~2026~3~5^inc~trans~1~2024~1~29^inc~a~1e21~2026~3~5|1e21,2026,5,11
total	xfer~rent~-3~2026~5~11^xfer~trans~0.1~2026~5~11^exp~10~99.995~2026~5~11|
monthly	inc~2~-0~2025~9~5|100
daily	|100,2025,9,5
rows	inc~~1~2026~3~5^exp~4294967295~1e21~2024~1~29|4294967295:100
rows	exp~2~0~2024~1~29|
today	inc~food~0.1~2026~11~31|2025,9,4
daily	exp~food~-3~2026~3~5^_~4294967295~99.995~2026~5~10^xfer~01~-0~2026~3~5^inc~trans~0.1~2026~5~11|1,2026,5,11
rows	exp~4294967295~100~2026~5~11^_~~-0~2026~5~10^xfer~4294967295~100~2025~9~4^exp~food~-3~2026~11~31^inc~food~1e21~2025~9~5|
total	exp~4294967295~-3~2026~3~5^exp~10~99.995~2026~5~10^xfer~a~-3~2024~1~29^exp~1~0~2026~11~31|
total	_~trans~1~2024~1~29^exp~food~1~2025~9~4^exp~10~99.995~2026~11~31|
total	exp~food~-3~2026~5~10^exp~01~10.5~2026~0~1^xfer~01~-0~2026~3~5|
monthly	exp~01~0.1~2026~5~10^inc~2~0.1~2026~5~11^inc~food~0~2026~5~10^exp~Z~0~2026~5~11^inc~rent~10.5~2026~3~5|1e21
daily	exp~2~1~2026~5~11|0,2025,9,5
today	|2026,11,31
rows	exp~trans~nan~2026~3~5^xfer~food~99.995~2025~9~4^inc~trans~1e21~2026~3~5^xfer~~-3~2025~9~5^exp~food~10.5~2026~5~11|food:0;trans:1e21;:0.0001
monthly	exp~trans~-3~2024~1~29^inc~Z~0.1~2026~11~31^inc~01~-3~2026~0~1|0
monthly	_~Z~nan~2025~9~4^exp~rent~-3~2025~9~5^inc~trans~nan~2025~9~4^exp~rent~99.995~2024~1~29^inc~food~1e21~2025~9~4^xfer~Z~0.1~2024~1~29|nan
daily	xfer~~1~2026~3~5|0,2026,11,31
daily	|10.5,2025,9,4
rows	exp~trans~99.995~2026~0~1^exp~~10.5~2026~11~31^_~trans~10.5~2025~9~5^inc~~100~2026~11~31^xfer~1~99.995~2026~5~10^xfer~trans~100~2026~11~31|2:nan;trans:100;Z:1;4294967295:0.0001;:100
daily	exp~Z~0~2026~3~5^exp~Z~-3~2026~0~1^exp~1~99.995~2025~9~4|0,2026,3,5
tier	|-0,10.5
monthly	exp~a~0.1~2026~5~10^exp~10~0.1~2026~11~31^exp~4294967295~-0~2026~0~1^exp~Z~nan~2025~9~5^exp~rent~-0~2026~0~1^_~01~-3~2026~3~5|nan
daily	|100,2026,0,1
rows	|1:0;a:-1;:1e21;01:0.0001
monthly	xfer~~100~2026~3~5^inc~rent~nan~2026~11~31^xfer~trans~1e21~2025~9~5^inc~10~nan~2026~3~5|nan
monthly	exp~~nan~2026~11~31^exp~food~99.995~2024~1~29|1e21
rows	exp~food~1e21~2026~5~10^inc~food~1e21~2024~1~29^xfer~01~-3~2025~9~5^exp~4294967295~1~2025~9~5^inc~a~nan~2025~9~4|food:0.0001;10:10.5;a:0.0001
total	exp~food~-3~2026~3~5^exp~10~-3~2026~11~31^xfer~Z~1~2024~1~29^_~10~-0~2024~1~29^_~4294967295~100~2026~11~31|
today	inc~1~1e21~2024~1~29|2026,5,10
today	xfer~trans~nan~2026~0~1^_~trans~nan~2024~1~29^exp~food~99.995~2025~9~5^xfer~Z~0~2025~9~4^exp~~1~2025~9~5|2026,5,10
total	inc~trans~99.995~2026~0~1|
tier	|1,1
tier	|100,10.5
rows	xfer~01~10.5~2024~1~29^exp~10~-0~2026~5~10^_~10~100~2024~1~29^inc~10~-0~2026~5~11^exp~10~0.1~2026~5~11|10:0.0001
rows	exp~rent~-3~2026~5~10^exp~2~nan~2024~1~29^exp~~-0~2026~3~5^_~~0.1~2026~11~31|
today	exp~01~10.5~2026~11~31^exp~Z~99.995~2026~5~10^inc~food~10.5~2026~3~5^xfer~2~99.995~2026~0~1^exp~2~100~2025~9~5^_~4294967295~1~2026~11~31|2026,11,31
today	|2026,3,5
today	exp~rent~0~2024~1~29^xfer~a~-0~2026~5~10^exp~~-3~2026~5~10|2026,0,1
daily	exp~trans~nan~2026~0~1^inc~~-0~2026~3~5^exp~10~10.5~2026~5~11^exp~Z~-0~2025~9~5^_~trans~99.995~2026~3~5|1e21,2025,9,5
rows	exp~a~1~2025~9~5^exp~Z~0~2025~9~5^inc~a~0~2026~3~5^exp~a~-0~2025~9~5^exp~a~-0~2025~9~5|a:1e21
rows	inc~2~nan~2025~9~5^exp~10~0~2025~9~4|
rows	exp~rent~-3~2026~0~1^xfer~Z~99.995~2025~9~5^xfer~01~nan~2025~9~5^xfer~2~99.995~2026~5~10|
daily	_~2~1~2025~9~4^exp~~-3~2026~0~1|0.0001,2024,1,29
tier	|nan,0
monthly	xfer~2~-0~2026~3~5^exp~1~1~2026~0~1^_~Z~-0~2026~5~11^exp~4294967295~-3~2026~0~1|0
monthly	inc~Z~100~2026~5~11^exp~food~1e21~2025~9~5^inc~Z~10.5~2024~1~29^xfer~rent~0~2025~9~5^exp~10~100~2026~11~31^xfer~10~0.1~2026~3~5|100
rows	exp~food~10.5~2025~9~5|food:100
daily	|-1,2026,5,11
today	|2026,0,1
today	inc~2~1e21~2025~9~4^_~rent~99.995~2025~9~4^exp~rent~1~2026~0~1^exp~4294967295~100~2025~9~4^exp~1~10.5~2026~5~11|2026,11,31
rows	exp~2~1~2026~3~5^_~01~10.5~2026~11~31^exp~01~99.995~2026~11~31^exp~01~-0~2025~9~4^xfer~2~10.5~2024~1~29|a:-1;2:100;10:100;01:0
tier	|-3,nan
rows	exp~4294967295~1~2026~3~5^exp~rent~100~2026~3~5|trans:100;4294967295:nan;Z:-1;10:1e21
rows	exp~1~10.5~2026~3~5^_~rent~99.995~2026~3~5^inc~1~-3~2026~3~5|food:0;a:-1;1:0
rows	|:1;Z:1;rent:1;a:nan;food:-1
tier	|1,0.0001
tier	|0.1,-1
rows	xfer~01~-0~2024~1~29^_~rent~0~2025~9~5|10:1
tier	|99.995,nan
monthly	_~~1~2026~5~11^exp~1~100~2024~1~29|10.5
rows	|2:0.0001;Z:0.0001;trans:10.5
tier	|-3,10.5
today	|2026,5,10
daily	xfer~1~1~2026~0~1^_~a~10.5~2026~5~11^exp~a~0.1~2024~1~29^inc~Z~nan~2024~1~29^inc~~0.1~2024~1~29|100,2026,5,11
monthly	xfer~food~100~2026~0~1^xfer~01~1~2026~11~31^inc~a~nan~2026~0~1^exp~a~1e21~2025~9~4^xfer~4294967295~-3~2026~11~31^exp~1~nan~2025~9~5|0.0001
rows	exp~Z~nan~2025~9~5^_~a~-0~2024~1~29^exp~a~nan~2025~9~4|a:100
rows	exp~rent~100~2026~0~1^exp~4294967295~-0~2025~9~4^_~Z~0.1~2026~5~11^exp~Z~nan~2026~3~5^inc~a~99.995~2026~11~31^exp~a~-3~2024~1~29|rent:0;Z:100;4294967295:0;:1
tier	|99.995,0.0001
daily	xfer~2~10.5~2025~9~5^exp~10~10.5~2025~9~5^xfer~~10.5~2025~9~4|nan,2024,1,29
monthly	exp~Z~1~2025~9~4^exp~a~1~2025~9~4^exp~food~1e21~2026~5~11^_~Z~nan~2025~9~4^exp~10~nan~2026~0~1|100
daily	|100,2025,9,4
monthly	exp~2~-0~2026~11~31^exp~a~99.995~2025~9~5|nan
daily	exp~4294967295~10.5~2026~5~10^exp~food~1e21~2024~1~29|100,2025,9,5
today	xfer~~100~2026~5~11^exp~~0~2024~1~29|2025,9,4
today	exp~~nan~2026~5~11^exp~2~0.1~2026~0~1|2026,0,1
today	xfer~Z~-3~2025~9~4^exp~trans~0.1~2026~5~11^inc~rent~99.995~2026~3~5^inc~2~-3~2026~3~5^xfer~~0.1~2026~11~31|2025,9,4
daily	inc~~99.995~2026~0~1^exp~Z~nan~2026~5~11^exp~~-3~2026~5~10^_~2~10.5~2024~1~29^_~a~10.5~2026~11~31|10.5,2024,1,29
rows	exp~4294967295~nan~2026~0~1^xfer~1~0.1~2026~5~10^exp~~99.995~2025~9~4|trans:0;:0.0001;01:-1;1:nan
rows	exp~1~99.995~2025~9~5^_~2~99.995~2025~9~4^_~food~99.995~2025~9~5|2:nan;10:nan;1:100
daily	_~Z~1e21~2026~3~5^exp~01~100~2026~5~11|0,2026,11,31
total	exp~01~1e21~2026~5~10^exp~1~1~2025~9~5^exp~10~0~2025~9~4^exp~2~-3~2026~5~10^exp~01~-0~2026~5~11|
rows	exp~~1e21~2024~1~29^exp~01~100~2026~3~5^exp~rent~100~2025~9~5^exp~10~0~2026~5~10^_~rent~1e21~2024~1~29|
today	exp~2~10.5~2024~1~29^_~1~nan~2026~5~10^exp~food~-0~2026~0~1|2026,11,31
daily	exp~trans~nan~2026~11~31^exp~Z~1~2026~11~31|1e21,2025,9,5
rows	exp~trans~-3~2024~1~29^inc~a~0.1~2026~0~1^_~1~0.1~2024~1~29|
daily	exp~trans~1~2026~0~1^xfer~4294967295~1e21~2025~9~4^inc~Z~1e21~2026~5~11^exp~4294967295~1e21~2026~5~11^exp~a~0.1~2026~5~10^inc~10~0.1~2026~5~11|1e21,2025,9,5
total	exp~2~1e21~2024~1~29^_~a~0~2024~1~29^inc~trans~nan~2025~9~4^exp~~10.5~2026~0~1^exp~2~0.1~2026~11~31^xfer~Z~10.5~2025~9~4|
monthly	xfer~~100~2026~11~31^exp~1~1~2026~11~31^_~a~nan~2026~11~31^xfer~2~-0~2026~11~31^_~2~nan~2026~0~1^inc~2~1~2026~5~10|10.5
total	inc~Z~99.995~2026~5~10^_~trans~1~2026~5~11^_~Z~1e21~2026~5~10^exp~rent~1e21~2024~1~29^exp~~100~2024~1~29^_~~0~2025~9~4|
tier	|0,1e21
total	inc~trans~-0~2026~5~10^xfer~10~-0~2026~5~10|
daily	inc~~nan~2026~3~5^exp~10~1e21~2026~3~5|-1,2026,5,10
daily	xfer~food~nan~2026~11~31|10.5,2026,0,1
tier	|99.995,nan
tier	|0.1,-1
rows	exp~a~99.995~2026~0~1^exp~01~10.5~2026~3~5^exp~food~1e21~2026~3~5^exp~food~99.995~2024~1~29^exp~food~1~2026~5~10^exp~a~-3~2026~3~5|01:-1;food:100;a:0
daily	exp~10~1e21~2026~11~31^inc~1~99.995~2026~5~10^exp~2~10.5~2026~5~10^inc~a~10.5~2026~5~10^exp~rent~nan~2026~3~5^xfer~01~0~2026~5~10|-1,2026,5,11
today	|2026,0,1
today	xfer~Z~-3~2025~9~4^exp~rent~1~2026~5~10|2025,9,5
today	exp~~0.1~2025~9~4^exp~1~1~2026~5~10^_~food~nan~2026~0~1^exp~food~-0~2026~5~10^exp~~-3~2025~9~5^exp~2~99.995~2026~0~1|2026,5,11
total	_~~0.1~2026~11~31^_~01~100~2025~9~5^_~food~0~2025~9~5^exp~a~0~2024~1~29^_~rent~99.995~2026~11~31|
daily	inc~a~-0~2024~1~29^inc~1~1e21~2026~0~1^exp~a~1e21~2026~3~5^xfer~01~0.1~2024~1~29|100,2025,9,5
tier	|-3,10.5
today	exp~rent~100~2026~0~1^_~a~0~2026~11~31|2025,9,5
today	inc~4294967295~nan~2026~0~1^inc~Z~10.5~2025~9~4^inc~rent~0.1~2026~3~5^exp~trans~10.5~2025~9~5^exp~10~0.1~2025~9~4|2026,5,10
monthly	inc~trans~1e21~2024~1~29|100
daily	xfer~a~-0~2025~9~5^exp~rent~0.1~2025~9~5^inc~a~0.1~2026~3~5^xfer~a~10.5~2026~5~11^_~4294967295~0.1~2025~9~4^exp~rent~-3~2024~1~29|-1,2026,11,31
monthly	exp~4294967295~100~2026~0~1^exp~2~nan~2024~1~29^inc~10~10.5~2024~1~29^exp~2~0.1~2024~1~29^exp~01~0.1~2025~9~4|1e21
tier	|-0,-1
daily	exp~01~0.1~2026~3~5^inc~a~1~2025~9~5^_~Z~0.1~2026~11~31^_~4294967295~1~2026~3~5^xfer~food~-0~2026~0~1^exp~1~1~2026~5~10|10.5,2024,1,29
tier	|1,100
monthly	exp~rent~1e21~2026~3~5^_~01~-0~2026~0~1^xfer~~10.5~2024~1~29^inc~~1~2026~3~5^inc~food~0.1~2024~1~29|-1
today	inc~2~10.5~2026~5~11^inc~1~-3~2025~9~5^exp~01~0~2026~11~31|2024,1,29
daily	inc~rent~nan~2026~5~11^_~10~100~2026~3~5^xfer~2~-3~2026~3~5^xfer~1~-3~2026~5~10|1,2026,5,11
rows	exp~food~0~2026~11~31^_~01~-3~2026~11~31^exp~rent~0~2026~5~10|rent:1e21;food:1e21;01:0.0001;trans:-1
daily	exp~~10.5~2026~5~11^xfer~10~-3~2025~9~4|100,2026,3,5
rows	xfer~01~-3~2025~9~5|01:1;food:nan
tier	|1e21,0.0001
tier	|nan,10.5
total	exp~1~0.1~2026~5~11^inc~10~-0~2026~0~1^exp~trans~nan~2026~0~1|
today	exp~01~100~2025~9~4^exp~~-3~2026~0~1^inc~food~100~2026~5~10^exp~1~-3~2024~1~29^inc~Z~10.5~2026~11~31^exp~food~10.5~2026~5~10|2026,5,10
today	|2026,0,1
tier	|99.995,10.5
daily	exp~01~1~2024~1~29^exp~a~100~2026~5~11^inc~rent~10.5~2026~0~1^_~food~0.1~2026~5~10|-1,2026,5,11
rows	exp~rent~99.995~2025~9~4^exp~trans~-3~2025~9~5^exp~rent~1~2026~0~1^exp~trans~0.1~2024~1~29^_~01~1~2024~1~29|rent:1;trans:0
rows	|4294967295:0.0001;a:100;rent:1e21
daily	|100,2026,11,31
daily	exp~~0.1~2026~5~11^xfer~4294967295~-0~2025~9~4^_~rent~100~2026~3~5|0.0001,2024,1,29
today	exp~01~1~2026~5~11^inc~a~0~2025~9~4^exp~01~1e21~2025~9~4^exp~2~1~2025~9~5^exp~trans~1e21~2026~11~31|2026,0,1
daily	exp~a~-0~2026~5~10^exp~1~-3~2026~0~1^inc~10~1~2026~3~5|100,2026,5,10
rows	_~01~0~2024~1~29^exp~food~0~2026~0~1^xfer~food~99.995~2026~11~31^inc~4294967295~nan~2025~9~4|
total	inc~trans~0.1~2026~3~5^exp~Z~10.5~2026~5~10|
tier	|1e21,-1
tier	|-3,10.5
rows	xfer~4294967295~99.995~2026~5~11^exp~rent~100~2026~11~31^exp~~0~2025~9~4|:100;10:1e21
daily	inc~2~100~2024~1~29^exp~Z~10.5~2026~3~5^exp~rent~-3~2026~11~31^exp~rent~99.995~2026~5~10|0,2026,11,31
rows	|rent:0.0001;Z:1
daily	|100,2026,5,10
rows	exp~Z~0.1~2026~0~1^_~food~1~2026~3~5^inc~a~nan~2026~11~31^inc~1~0~2026~5~11^xfer~4294967295~0~2024~1~29|food:nan;01:0.0001
daily	inc~01~100~2025~9~5^exp~rent~100~2026~11~31|0,2025,9,4
tier	|100,1e21
daily	_~a~100~2026~0~1^_~rent~0~2026~5~10^exp~2~-0~2026~5~10^inc~01~99.995~2025~9~4|100,2026,0,1
rows	exp~10~-3~2026~3~5^xfer~Z~-3~2026~11~31|10:0;trans:100;Z:10.5;01:0.0001
rows	_~10~1e21~2026~11~31^_~rent~1e21~2026~11~31^exp~Z~nan~2026~0~1^xfer~trans~1~2026~0~1^exp~Z~1e21~2026~0~1|Z:0;01:10.5;10:100;a:nan
rows	_~~-0~2026~11~31^exp~food~0~2024~1~29|food:-1;2:100;:100;rent:1
total	exp~trans~1~2026~11~31^xfer~4294967295~10.5~2025~9~5|
rows	inc~2~1e21~2024~1~29^exp~rent~100~2026~3~5^exp~trans~nan~2026~5~10^_~2~10.5~2024~1~29^_~2~99.995~2025~9~4^xfer~2~10.5~2024~1~29|rent:nan;2:1;4294967295:1
today	inc~trans~10.5~2026~5~11^_~~100~2026~5~10|2024,1,29
total	exp~1~1~2024~1~29^_~~10.5~2026~5~10^inc~1~99.995~2026~0~1^_~~nan~2026~5~11|
rows	inc~2~100~2025~9~5^_~~1~2026~11~31^_~rent~-3~2024~1~29^inc~Z~1e21~2024~1~29^exp~2~nan~2025~9~4^inc~2~100~2026~11~31|2:1e21
total	_~rent~nan~2026~5~10^exp~2~100~2025~9~4^inc~a~10.5~2026~5~11^_~rent~99.995~2025~9~5^exp~a~1~2025~9~4|
total	inc~10~0~2026~5~10^_~food~0~2026~3~5^_~~99.995~2026~3~5^exp~2~nan~2026~5~10^xfer~rent~-0~2025~9~5^exp~~0~2026~0~1|
tier	|1e21,-1
daily	|1,2025,9,5
today	exp~4294967295~nan~2026~5~11^exp~10~100~2025~9~5|2024,1,29
monthly	exp~a~100~2024~1~29^xfer~trans~nan~2025~9~5^inc~a~99.995~2025~9~5^exp~food~nan~2026~3~5^exp~1~0.1~2026~0~1^exp~a~0.1~2024~1~29|10.5
total	_~rent~-3~2025~9~4^exp~10~1~2025~9~5^_~Z~-3~2026~0~1^exp~rent~1~2026~11~31^_~4294967295~nan~2024~1~29^xfer~4294967295~-3~2025~9~4|
rows	|01:1e21;a:10.5;:1;10:1e21
tier	|1e21,10.5
total	xfer~Z~0.1~2026~5~10^exp~rent~1~2024~1~29^inc~~nan~2025~9~4|
total	_~food~nan~2026~3~5^exp~trans~0.1~2026~3~5^inc~Z~0.1~2025~9~4^inc~food~1e21~2026~0~1^exp~1~99.995~2026~5~10^exp~rent~0~2026~3~5|
rows	exp~01~-3~2026~11~31^inc~01~0.1~2026~3~5^xfer~4294967295~1e21~2026~5~11^xfer~4294967295~1~2026~11~31^exp~trans~nan~2025~9~4^exp~01~0~2025~9~4|a:-1;trans:nan;01:100;4294967295:1
monthly	inc~a~10.5~2026~5~10^exp~10~nan~2026~5~11^exp~2~100~2026~0~1^inc~1~-3~2026~5~11^_~a~0~2026~11~31^xfer~10~0.1~2026~5~10|10.5
daily	xfer~01~-3~2026~5~11^inc~Z~1e21~2026~0~1^xfer~a~-3~2025~9~5^xfer~trans~99.995~2026~0~1|1e21,2025,9,4
rows	exp~~1~2026~5~11^xfer~4294967295~-0~2026~11~31^_~4294967295~0.1~2026~5~11|:100;1:100;4294967295:0.0001
today	exp~rent~nan~2026~3~5^_~rent~10.5~2026~5~11^exp~10~100~2024~1~29^inc~01~1e21~2026~3~5|2025,9,5
rows	_~trans~99.995~2026~11~31^inc~rent~1~2026~5~11|2:10.5;10:1e21
monthly	|1e21
today	|2026,0,1
daily	_~Z~0.1~2026~5~11^exp~rent~0.1~2025~9~4^exp~a~nan~2026~11~31|100,2026,5,10
monthly	exp~1~99.995~2025~9~5^exp~1~nan~2026~5~11^exp~Z~10.5~2026~0~1^exp~a~1e21~2025~9~4^exp~10~0~2026~5~11^exp~trans~nan~2024~1~29|100
today	xfer~10~100~2026~5~10^exp~food~0~2026~11~31|2026,11,31
today	|2024,1,29
today	inc~4294967295~100~2026~3~5^exp~2~100~2026~0~1^_~~nan~2025~9~5^xfer~1~1e21~2026~5~11^exp~food~0~2026~5~10^_~a~99.995~2026~11~31|2026,3,5
monthly	xfer~2~0.1~2026~0~1^exp~food~-0~2026~3~5|nan
tier	|10.5,10.5
rows	_~trans~nan~2025~9~5^exp~~0~2026~11~31|trans:-1;rent:10.5;a:1;01:nan;10:0
tier	|-0,nan
rows	exp~01~10.5~2026~3~5^exp~trans~0~2026~3~5^exp~1~10.5~2026~5~10|01:1
tier	|nan,1e21
tier	|1e21,-1
rows	xfer~rent~0.1~2026~5~11^exp~rent~0~2026~5~11^xfer~Z~-3~2026~5~11^exp~food~1e21~2026~5~10^exp~rent~-3~2026~3~5^exp~Z~1e21~2024~1~29|
rows	exp~food~-3~2025~9~5|food:10.5;2:100;rent:1;a:100;01:10.5
daily	xfer~1~-0~2026~3~5|0.0001,2025,9,4
today	_~~10.5~2025~9~5^_~10~0.1~2026~3~5|2024,1,29
tier	|-3,10.5
rows	inc~10~-0~2024~1~29^exp~4294967295~99.995~2025~9~4^exp~2~1~2026~5~10^exp~Z~-3~2026~5~11^xfer~2~1~2025~9~4^exp~2~99.995~2026~0~1|food:10.5;2:100;4294967295:10.5;10:10.5
tier	|0.1,0
daily	|100,2026,5,10
total	exp~food~nan~2026~5~10^_~10~nan~2025~9~5|
monthly	inc~4294967295~0~2024~1~29^_~trans~100~2025~9~4^xfer~01~0~2024~1~29^_~01~-0~2026~0~1^inc~~0.1~2025~9~4|nan
rows	exp~10~99.995~2026~11~31^inc~2~-0~2026~5~10^inc~Z~nan~2026~5~10^_~a~0.1~2026~0~1^exp~a~1~2025~9~4^_~trans~100~2026~0~1|Z:100;a:1e21;food:-1;trans:100;2:1e21
rows	inc~4294967295~-3~2025~9~5^_~~-3~2025~9~4^exp~a~100~2026~5~11^inc~2~1e21~2025~9~5^_~10~99.995~2024~1~29^xfer~trans~10.5~2026~5~11|:100;4294967295:-1;10:100
monthly	_~rent~10.5~2025~9~5|nan
rows	|2:nan;:nan
today	|2026,5,10
rows	inc~a~100~2025~9~4^xfer~Z~0.1~2024~1~29^_~food~1e21~2026~3~5|food:1e21;Z:nan
tier	|0.1,-1
tier	|-3,0.0001
total	exp~a~0.1~2026~0~1^inc~Z~-3~2026~5~11|
monthly	_~~nan~2026~0~1^inc~2~0.1~2026~11~31^exp~4294967295~100~2024~1~29|0.0001
monthly	exp~trans~nan~2026~0~1|1e21
monthly	xfer~rent~99.995~2026~11~31^_~2~0~2025~9~5^inc~1~10.5~2026~11~31^_~01~0.1~2026~5~11^xfer~Z~10.5~2025~9~5|1
daily	|1e21,2024,1,29
today	exp~4294967295~-3~2026~5~11^xfer~trans~-3~2026~0~1^exp~~10.5~2024~1~29^exp~2~1~2025~9~4^exp~a~0~2026~11~31^exp~Z~1e21~2025~9~4|2026,5,11
total	_~Z~-0~2025~9~5|
daily	|1,2026,0,1
total	exp~~-0~2025~9~4^exp~2~-3~2026~11~31|
daily	_~4294967295~100~2025~9~5^exp~food~-0~2026~5~11^exp~2~100~2025~9~5|100,2025,9,4
total	|
tier	|nan,1
daily	exp~Z~0~2024~1~29^inc~10~100~2026~3~5^exp~rent~0.1~2025~9~4^_~4294967295~10.5~2026~3~5|-1,2024,1,29
tier	|nan,1
rows	|:10.5;1:1e21;a:100
rows	exp~~0~2026~5~11^_~~0.1~2026~0~1^exp~food~99.995~2026~5~10^_~~99.995~2025~9~4^exp~2~0.1~2026~5~11^exp~2~100~2026~5~11|2:0;:1e21
total	exp~trans~-0~2026~11~31^exp~1~1e21~2026~0~1^xfer~Z~1~2026~11~31^exp~Z~-3~2026~11~31^inc~rent~0~2025~9~5|
today	|2026,3,5
tier	|-0,100
daily	exp~trans~-3~2026~5~11^exp~01~1e21~2026~5~10^inc~4294967295~0.1~2026~0~1^xfer~food~nan~2026~5~11|100,2026,0,1
daily	exp~01~10.5~2026~11~31^inc~rent~10.5~2025~9~4^exp~01~nan~2026~5~11|-1,2024,1,29
rows	|10:1;Z:10.5;trans:0.0001;rent:nan
total	inc~1~nan~2024~1~29^inc~01~0~2025~9~4^_~4294967295~99.995~2026~5~11^inc~trans~10.5~2026~5~10^inc~01~nan~2024~1~29^exp~01~0~2026~5~11|
tier	|99.995,10.5
tier	|-3,nan
rows	exp~2~-0~2026~5~11^exp~a~0.1~2026~3~5|trans:100;a:0
total	|
daily	_~Z~1~2024~1~29^exp~01~-3~2026~5~11^xfer~Z~0.1~2026~3~5^exp~4294967295~nan~2026~5~10^xfer~2~0.1~2025~9~5^exp~~0.1~2026~5~11|1,2025,9,4
today	exp~rent~10.5~2026~11~31^xfer~a~-3~2025~9~4^_~rent~10.5~2025~9~4|2025,9,5
rows	xfer~trans~0~2026~11~31|trans:nan
today	exp~01~0~2026~5~11^exp~food~1~2026~11~31|2026,11,31
monthly	|-1
today	exp~~1~2025~9~4^exp~~100~2026~11~31^exp~trans~0~2026~5~11^inc~4294967295~99.995~2026~11~31^exp~2~-0~2026~5~11|2026,11,31
daily	exp~Z~99.995~2026~5~10^exp~rent~10.5~2026~5~10|nan,2026,11,31
rows	exp~1~1e21~2026~0~1^inc~10~1~2025~9~4^exp~10~100~2026~11~31^inc~10~100~2025~9~5^exp~~1e21~2026~11~31^inc~10~1~2025~9~5|Z:nan;:1;01:10.5;10:10.5
today	_~food~1~2024~1~29|2025,9,4
rows	_~4294967295~-0~2026~3~5^exp~4294967295~0~2024~1~29^exp~trans~-0~2025~9~4^exp~~1~2026~11~31|trans:1;:-1;4294967295:nan
monthly	exp~4294967295~0.1~2024~1~29^_~food~10.5~2026~5~11^exp~1~1e21~2026~5~10^xfer~trans~0.1~2025~9~5^exp~food~1e21~2026~5~10^inc~10~1e21~2026~3~5|1e21
daily	xfer~Z~0~2026~3~5^xfer~food~nan~2025~9~4^exp~Z~10.5~2026~11~31^exp~trans~0.1~2026~3~5^xfer~a~100~2026~11~31^exp~1~1e21~2026~5~10|0.0001,2025,9,5
rows	_~4294967295~100~2025~9~4|
rows	exp~4294967295~0~2025~9~5^exp~4294967295~0~2026~11~31^exp~rent~0.1~2026~0~1^exp~food~-0~2024~1~29^exp~01~99.995~2026~0~1|a:100;01:1e21;4294967295:0.0001;10:10.5;rent:10.5
monthly	inc~01~0.1~2024~1~29^_~a~10.5~2026~5~11|nan
tier	|-3,1e21
daily	xfer~4294967295~1e21~2026~11~31^exp~4294967295~0~2026~3~5|0,2026,3,5
monthly	xfer~10~1~2025~9~5^exp~a~0.1~2026~5~10^inc~01~-0~2026~3~5^exp~rent~99.995~2026~5~11^inc~~1e21~2024~1~29^xfer~1~0~2026~5~11|-1
tier	|-0,1e21
rows	exp~01~100~2024~1~29^_~01~-3~2026~5~11^exp~01~1e21~2026~5~11|01:100
rows	_~trans~1~2024~1~29|Z:10.5;a:10.5;trans:-1;rent:nan
total	|
tier	|99.995,100
rows	xfer~a~nan~2026~11~31^exp~1~0.1~2026~5~11^_~10~0~2026~3~5^exp~a~0.1~2026~5~10^exp~a~nan~2024~1~29|4294967295:0;trans:1;10:0;2:1e21
daily	exp~rent~0~2026~5~10|nan,2026,5,10
monthly	exp~10~-3~2026~11~31^inc~~100~2026~5~10^exp~trans~-3~2025~9~5|1
rows	exp~4294967295~0~2024~1~29^exp~10~1e21~2025~9~5^inc~4294967295~-3~2026~5~10^exp~food~-0~2026~11~31^inc~4294967295~-3~2024~1~29|4294967295:nan
rows	exp~a~0.1~2026~11~31^exp~01~10.5~2026~5~11^_~a~0~2024~1~29|rent:100;:1;1:nan;a:100
today	exp~2~100~2026~3~5^exp~a~0~2026~5~10^exp~food~0~2026~0~1^exp~Z~100~2025~9~4^inc~~nan~2026~3~5^xfer~~-3~2026~5~10|2026,5,10
daily	inc~trans~-0~2026~3~5^_~rent~-0~2025~9~5^xfer~01~0.1~2026~5~10|0.0001,2026,0,1
monthly	exp~~99.995~2026~11~31^_~01~0.1~2026~5~11^exp~01~-0~2026~0~1^xfer~4294967295~nan~2026~3~5|nan
tier	|1e21,100
rows	|2:10.5;10:1;a:1;1:0.0001
today	_~4294967295~0~2026~0~1^xfer~1~1e21~2026~5~11|2025,9,5
rows	xfer~10~-0~2025~9~4^inc~2~99.995~2026~11~31^_~1~1e21~2025~9~4|food:nan;01:nan;Z:100;10:0;rent:-1
tier	|-3,100
tier	|1,1
today	exp~2~nan~2026~5~10^exp~food~0~2025~9~4^exp~1~-0~2026~3~5|2025,9,5
today	xfer~10~-0~2026~5~10^_~trans~0.1~2026~3~5^inc~Z~10.5~2026~3~5^exp~~10.5~2026~5~10^exp~trans~0.1~2026~0~1^_~01~1e21~2024~1~29|2026,5,10
tier	|1,-1
daily	exp~Z~99.995~2025~9~4|10.5,2026,0,1
monthly	exp~2~-3~2026~5~11^exp~trans~1~2025~9~4^xfer~10~1e21~2025~9~4|0.0001
rows	exp~~-0~2025~9~4^exp~~-3~2026~5~11^inc~trans~0.1~2026~11~31^exp~~100~2025~9~5^_~Z~100~2026~3~5^inc~trans~0.1~2026~3~5|:0;a:0;trans:10.5
total	exp~a~1e21~2025~9~5^exp~a~-3~2026~11~31^xfer~01~1~2025~9~5|
rows	exp~01~1e21~2024~1~29|01:-1
total	inc~rent~1~2025~9~4|
rows	exp~~10.5~2026~3~5^exp~10~99.995~2025~9~4^_~10~0.1~2026~5~10|trans:1;10:0;rent:100;Z:nan
today	_~1~1e21~2026~11~31^xfer~food~1~2026~5~10^_~food~10.5~2026~5~10^xfer~trans~-3~2026~5~11^_~a~-3~2026~3~5|2026,0,1
today	inc~4294967295~-3~2026~5~10^exp~2~-0~2026~5~10^xfer~01~10.5~2026~5~11^exp~10~1e21~2025~9~4^inc~10~nan~2024~1~29^exp~1~-3~2026~11~31|2026,5,10
monthly	exp~1~0~2024~1~29^inc~trans~0.1~2026~3~5^exp~~100~2026~3~5^exp~4294967295~0.1~2026~5~10^inc~Z~1e21~2026~3~5^_~food~1e21~2026~5~11|1e21
rows	exp~01~1e21~2025~9~4^_~a~99.995~2026~5~10^exp~10~10.5~2026~5~10^exp~01~1e21~2026~5~11^_~01~99.995~2026~0~1|01:0;a:1e21;2:0
daily	exp~rent~0.1~2026~5~10^_~1~0.1~2025~9~4^inc~4294967295~nan~2026~0~1|0,2026,5,10
monthly	exp~10~99.995~2026~11~31^exp~Z~0.1~2026~0~1^inc~10~10.5~2026~5~11|100
rows	exp~~-3~2026~11~31^exp~~nan~2026~5~11^exp~4294967295~100~2026~3~5^_~food~1~2024~1~29|:1;food:100
daily	inc~trans~nan~2026~5~11^exp~a~nan~2026~5~10^exp~1~99.995~2026~5~10^exp~Z~100~2026~5~10^_~01~0.1~2026~5~10|0.0001,2024,1,29
monthly	exp~1~-3~2026~5~10^xfer~2~100~2026~0~1^xfer~1~-3~2026~11~31|10.5
today	inc~01~1~2026~3~5^exp~rent~99.995~2025~9~4^exp~10~nan~2026~5~11^inc~trans~nan~2024~1~29|2026,11,31
tier	|0,1
total	|
tier	|-0,1
daily	xfer~~-0~2026~5~11^exp~10~-0~2026~11~31^_~1~1~2026~5~10^xfer~01~100~2026~5~11^exp~1~nan~2026~11~31|10.5,2025,9,4
monthly	_~~-0~2026~5~10^_~food~-3~2026~11~31^inc~trans~10.5~2026~11~31|1
daily	exp~2~nan~2026~0~1^exp~1~-3~2026~5~10^exp~a~-0~2026~3~5|100,2026,3,5
monthly	exp~food~0~2026~5~11^xfer~1~0.1~2024~1~29^inc~trans~-0~2026~11~31^xfer~01~1~2026~3~5|0.0001
today	_~a~1~2026~5~11|2026,0,1
rows	exp~4294967295~100~2026~3~5^exp~rent~1~2026~5~11^exp~rent~nan~2026~0~1^xfer~~-0~2026~5~10^exp~10~0.1~2026~0~1^inc~01~0~2026~3~5|
total	exp~trans~-3~2026~5~11^_~4294967295~-0~2026~5~10^exp~4294967295~-3~2026~11~31^exp~Z~1e21~2025~9~5^exp~01~0~2025~9~5|
total	_~a~100~2024~1~29|
total	inc~Z~-3~2026~3~5^exp~01~-3~2024~1~29|
rows	_~rent~-3~2026~0~1^exp~10~0~2025~9~4^_~trans~0~2026~0~1|
daily	xfer~a~0~2025~9~4^exp~01~100~2026~5~11|10.5,2026,0,1
rows	xfer~1~0.1~2026~5~10^exp~Z~nan~2025~9~5|a:0;trans:0.0001;Z:1e21;1:1;food:0
total	exp~rent~1~2026~3~5|
monthly	inc~a~-0~2024~1~29^inc~trans~99.995~2024~1~29^xfer~10~0.1~2025~9~4|0.0001
tier	|-3,0.0001
tier	|10.5,0.0001
tier	|1,100
tier	|nan,100
daily	|0,2025,9,5
rows	exp~rent~-3~2026~0~1^inc~rent~99.995~2025~9~5^exp~10~-0~2024~1~29^exp~food~1e21~2026~5~11^_~rent~-0~2024~1~29|rent:1e21;trans:10.5;01:0.0001;10:0.0001;Z:0.0001
rows	exp~10~0.1~2024~1~29^exp~Z~99.995~2025~9~5^inc~4294967295~10.5~2024~1~29|4294967295:10.5
rows	exp~trans~1~2026~11~31^exp~1~1e21~2025~9~4^exp~trans~99.995~2026~5~11^xfer~trans~-0~2024~1~29^exp~trans~1e21~2026~11~31^exp~food~-0~2026~5~10|trans:1e21
daily	inc~2~100~2026~5~10^xfer~food~nan~2026~3~5^xfer~1~0~2025~9~4|100,2026,0,1
today	xfer~Z~1~2026~5~10^inc~01~0~2026~5~11^inc~01~100~2026~5~11^exp~Z~0~2026~11~31|2025,9,5
total	exp~4294967295~100~2025~9~4^xfer~10~nan~2026~5~10|
total	inc~trans~1e21~2026~5~10^inc~~100~2025~9~5^_~01~nan~2026~5~11^xfer~Z~1~2025~9~5^exp~trans~10.5~2026~11~31|
today	exp~rent~100~2026~5~10^_~Z~0.1~2025~9~4^_~01~0.1~2025~9~5^_~food~10.5~2026~11~31^inc~10~0~2026~0~1|2024,1,29
tier	|0,0.0001
monthly	|0.0001
today	inc~01~-3~2025~9~5|2024,1,29
today	xfer~4294967295~-3~2026~3~5^exp~01~10.5~2026~11~31^exp~food~0.1~2025~9~5^inc~rent~-0~2025~9~4^exp~~1e21~2025~9~5|2026,0,1
rows	exp~01~-3~2026~0~1^_~a~1e21~2025~9~4|food:0.0001;Z:100;rent:nan;1:0;01:-1
today	_~10~nan~2025~9~5|2026,5,11
rows	exp~4294967295~10.5~2026~5~10^exp~rent~0~2024~1~29^inc~~99.995~2026~3~5^exp~2~-0~2025~9~5^exp~trans~nan~2025~9~5^exp~1~0.1~2026~0~1|rent:100;a:100;10:1e21;4294967295:nan;1:1e21
total	|
rows	exp~food~nan~2026~11~31^inc~4294967295~nan~2026~3~5^exp~4294967295~-0~2026~5~10^exp~Z~-3~2026~3~5|food:1;2:nan;a:0;Z:100
tier	|-3,0.0001
tier	|nan,1
monthly	exp~01~1e21~2026~11~31^_~2~-3~2026~11~31^exp~2~0.1~2025~9~5^xfer~food~1~2025~9~4^exp~trans~100~2026~0~1^exp~rent~-3~2026~11~31|1
tier	|nan,1
rows	inc~rent~1~2026~0~1|:1e21;a:nan;trans:-1;food:-1
rows	inc~rent~1~2025~9~5^exp~rent~0~2026~5~10^exp~rent~0.1~2026~11~31^exp~rent~0~2026~3~5^exp~10~-0~2026~5~11^exp~a~nan~2026~0~1|rent:1e21
daily	|nan,2024,1,29
tier	|1,nan
rows	inc~rent~0.1~2026~3~5^xfer~a~1~2026~11~31^_~a~nan~2026~3~5^exp~a~10.5~2026~11~31|a:1
rows	exp~01~-3~2026~0~1^xfer~4294967295~nan~2025~9~4^xfer~1~10.5~2026~5~10^_~01~100~2026~0~1|01:1e21;rent:nan
daily	exp~1~1e21~2025~9~4^exp~a~100~2026~5~11^exp~1~1~2024~1~29|1,2026,11,31
today	exp~1~-3~2026~0~1^exp~1~-0~2026~11~31^exp~10~10.5~2025~9~4^exp~a~0.1~2026~11~31|2025,9,5
total	exp~1~1~2026~0~1^exp~a~-3~2026~11~31|
rows	exp~~10.5~2026~5~11^_~rent~-3~2026~3~5|rent:1e21;a:0.0001;trans:1;food:0.0001
monthly	exp~food~1e21~2025~9~4^exp~trans~1~2024~1~29^exp~~1e21~2026~5~10^_~a~1e21~2025~9~5^exp~01~100~2026~5~11|100
rows	|2:100;10:nan;Z:0;food:-1
rows	exp~a~nan~2026~5~11^inc~Z~0~2026~11~31^inc~4294967295~-3~2025~9~4^xfer~Z~-3~2026~0~1^xfer~trans~99.995~2026~5~10|
today	exp~01~1e21~2026~11~31|2026,3,5
tier	|0,1e21
tier	|0,nan
monthly	|0.0001
rows	exp~1~-0~2025~9~4^inc~2~-3~2024~1~29^exp~4294967295~1~2026~11~31^exp~1~99.995~2026~0~1^exp~1~nan~2026~11~31^_~2~0.1~2025~9~5|1:0;01:100
daily	|10.5,2025,9,4
daily	xfer~~1e21~2026~0~1^xfer~food~nan~2026~5~10^xfer~rent~nan~2026~5~10^inc~rent~nan~2026~11~31|10.5,2026,11,31
rows	exp~a~100~2024~1~29|trans:0.0001;01:1e21;4294967295:nan;a:1
today	_~~10.5~2026~5~11^exp~trans~-3~2025~9~5^exp~trans~-0~2025~9~5|2026,5,10
today	exp~a~10.5~2025~9~5^xfer~food~nan~2026~11~31|2026,5,10
daily	_~01~1e21~2025~9~4^exp~~-3~2026~5~10^exp~trans~0~2026~3~5|nan,2026,0,1
tier	|10.5,1
rows	|10:nan;:0.0001;01:100;rent:nan
rows	_~rent~1e21~2026~3~5^exp~rent~nan~2026~5~11|rent:100;:0.0001;4294967295:0.0001;a:10.5
rows	exp~trans~0~2026~5~10^_~trans~10.5~2026~5~11^_~01~nan~2026~5~10^_~01~10.5~2026~5~11^exp~trans~-3~2026~11~31|01:0.0001;a:0;:nan;trans:100
daily	_~food~1~2026~3~5^inc~4294967295~-3~2025~9~5|nan,2025,9,5
rows	exp~10~10.5~2026~0~1^exp~rent~100~2025~9~5^exp~01~nan~2024~1~29^exp~trans~-3~2026~5~10^exp~rent~10.5~2026~3~5|rent:0
rows	inc~a~0.1~2026~3~5^exp~trans~0.1~2025~9~5^_~Z~10.5~2024~1~29^exp~Z~-3~2026~11~31^exp~rent~0~2026~5~11|2:0;a:nan;4294967295:1e21;trans:100;Z:1e21
today	_~trans~100~2025~9~5^exp~~1e21~2025~9~4|2026,5,11
rows	exp~1~1~2026~3~5^exp~4294967295~0~2024~1~29|a:100;4294967295:1;rent:100;1:100
rows	xfer~10~0.1~2026~3~5|10:0;:1e21;food:-1
monthly	exp~1~-3~2026~3~5^inc~01~1~2026~5~11^inc~01~-3~2026~0~1|0
total	exp~~nan~2026~11~31^inc~01~0~2025~9~4^exp~a~-3~2025~9~5|
total	exp~10~99.995~2025~9~5^exp~1~nan~2025~9~5^_~4294967295~nan~2026~11~31^exp~1~-3~2026~5~11|
rows	exp~01~-0~2026~3~5^exp~01~0.1~2026~3~5^exp~1~0.1~2026~5~11|a:10.5;2:1e21;1:nan;01:1e21
monthly	_~2~-3~2026~0~1^exp~a~10.5~2025~9~5^exp~10~0~2025~9~5|0
rows	exp~food~99.995~2026~11~31^xfer~01~0.1~2026~3~5^xfer~a~10.5~2026~0~1^xfer~4294967295~-0~2026~5~11^inc~4294967295~1e21~2026~5~10|01:1;4294967295:100;food:100;a:100
total	exp~2~99.995~2025~9~4|
daily	|-1,2026,5,11
today	exp~1~1~2025~9~5|2026,11,31
rows	exp~10~1~2026~5~10^exp~rent~1e21~2026~11~31|Z:10.5;rent:nan;10:0.0001
rows	exp~trans~10.5~2024~1~29^xfer~2~1e21~2026~0~1|
tier	|-0,0.0001
rows	xfer~rent~nan~2025~9~4^exp~rent~-0~2024~1~29|rent:1e21;01:10.5;Z:-1;a:1e21
rows	exp~a~nan~2025~9~4^exp~a~99.995~2026~0~1|a:1
rows	xfer~01~10.5~2026~3~5|01:0.0001;food:0.0001
total	xfer~1~0.1~2024~1~29^exp~rent~-0~2025~9~5|
daily	exp~trans~-3~2025~9~5^exp~01~10.5~2026~5~11^xfer~rent~10.5~2026~5~10|nan,2026,11,31
today	_~rent~-3~2026~0~1|2024,1,29
monthly	inc~~10.5~2026~3~5^_~4294967295~-3~2025~9~5|0.0001
rows	_~Z~-0~2025~9~5^xfer~Z~1~2024~1~29^exp~Z~0~2025~9~5^inc~Z~nan~2026~3~5^exp~Z~1~2026~11~31^exp~1~99.995~2025~9~4|Z:nan
daily	_~2~nan~2026~0~1^_~a~-3~2026~3~5|0.0001,2025,9,5
rows	_~4294967295~99.995~2026~3~5^_~10~-0~2025~9~4|Z:100;2:0;rent:100;4294967295:100
daily	_~4294967295~0.1~2025~9~4|100,2024,1,29
total	exp~1~1~2026~0~1^inc~rent~10.5~2024~1~29|
today	exp~01~99.995~2026~5~11^_~food~nan~2026~3~5^exp~rent~nan~2025~9~4^exp~4294967295~1~2026~0~1^inc~10~99.995~2024~1~29|2026,11,31
daily	exp~trans~-0~2025~9~4^exp~~0~2026~5~10^xfer~2~-3~2026~5~10^_~01~10.5~2026~5~11^exp~rent~-0~2026~0~1|1e21,2025,9,5
total	exp~4294967295~1~2024~1~29^exp~10~0.1~2026~5~11^xfer~01~1~2025~9~5^exp~1~99.995~2026~0~1^_~a~99.995~2025~9~5|
rows	|rent:0.0001;a:1;Z:10.5
tier	|10.5,1e21
rows	exp~01~1e21~2024~1~29^inc~2~99.995~2026~11~31^xfer~Z~1e21~2026~5~10^xfer~4294967295~1~2026~0~1^_~~-0~2026~0~1|
rows	|1:100;:0.0001
monthly	exp~a~nan~2026~5~11^inc~trans~10.5~2026~11~31^xfer~1~0~2026~0~1|10.5
daily	|10.5,2025,9,5
daily	exp~trans~-0~2024~1~29^inc~food~0~2025~9~5^exp~food~-0~2025~9~5^exp~a~nan~2026~11~31|1e21,2026,5,11
today	|2026,5,11
tier	|10.5,10.5
monthly	exp~Z~1~2026~5~11|1
rows	exp~~-3~2025~9~5^exp~2~-3~2026~3~5^xfer~trans~nan~2026~0~1^inc~trans~0.1~2026~5~10|:-1;01:1
rows	exp~a~10.5~2026~11~31^exp~rent~nan~2026~5~10^exp~rent~10.5~2026~5~10|4294967295:10.5;:1e21;rent:100;a:0;2:100
total	inc~10~100~2026~3~5^inc~rent~-3~2025~9~5^exp~a~-0~2025~9~4|
tier	|nan,0
monthly	exp~01~nan~2025~9~5^_~01~-3~2024~1~29^inc~4294967295~nan~2025~9~4^inc~01~0.1~2026~5~11|1
rows	|Z:-1;01:10.5;a:1;2:0.0001
rows	xfer~a~10.5~2026~5~11^exp~2~1~2025~9~4^exp~2~0~2026~11~31|2:1;a:1e21
total	exp~a~0~2024~1~29^exp~10~nan~2026~11~31^exp~rent~0~2024~1~29^exp~10~0.1~2025~9~5|
rows	exp~01~10.5~2026~5~11^xfer~01~100~2024~1~29^exp~01~1~2026~11~31|01:0.0001
tier	|-3,10.5
monthly	|100
rows	|food:1e21;trans:100;10:10.5;Z:10.5;4294967295:10.5
rows	xfer~food~0.1~2026~5~10|Z:1e21
daily	exp~rent~-0~2025~9~5^xfer~1~0.1~2025~9~4|100,2025,9,4
rows	|food:1;a:0;2:0;10:100;01:100
rows	_~a~10.5~2026~0~1|Z:1;a:100;:1e21;2:1
today	|2026,11,31
today	exp~rent~100~2026~5~11^inc~a~1~2025~9~4^_~1~99.995~2025~9~5^inc~4294967295~100~2026~5~10^_~Z~-0~2025~9~5^_~rent~100~2026~11~31|2026,5,10
daily	_~rent~-0~2026~11~31|0.0001,2026,3,5
tier	|nan,1e21
monthly	|1e21
rows	exp~10~-0~2026~5~11^_~01~nan~2025~9~4^xfer~1~100~2026~0~1^exp~4294967295~1e21~2026~5~11|01:1;a:100;10:0;1:0.0001;4294967295:0.0001
daily	exp~~99.995~2025~9~5^xfer~4294967295~100~2026~3~5^inc~Z~100~2025~9~5^_~rent~10.5~2026~5~10|1e21,2026,5,11
monthly	exp~1~10.5~2026~11~31^exp~food~1~2025~9~4^exp~a~100~2025~9~5|1
rows	exp~4294967295~0.1~2026~5~11^exp~10~nan~2026~3~5^exp~Z~1~2026~11~31^exp~1~1e21~2024~1~29^_~4294967295~-0~2024~1~29^exp~~-0~2024~1~29|
today	xfer~~1~2024~1~29^exp~a~99.995~2026~0~1^exp~food~1~2026~5~10^exp~a~nan~2024~1~29^exp~10~100~2026~5~11|2026,5,10
today	exp~01~nan~2026~11~31|2024,1,29
today	|2024,1,29
monthly	exp~a~10.5~2024~1~29^exp~2~99.995~2026~5~10|10.5
monthly	exp~4294967295~1e21~2026~5~10|100
total	inc~10~-0~2025~9~5^exp~Z~1~2026~3~5^xfer~trans~10.5~2026~0~1^inc~trans~100~2026~0~1^_~Z~0~2026~11~31|
today	exp~4294967295~-0~2026~5~10^inc~01~0~2024~1~29^xfer~~-3~2026~5~11^exp~10~-3~2026~3~5^_~~1e21~2026~0~1|2025,9,5
rows	|food:0;trans:1;:1
rows	exp~a~99.995~2024~1~29^inc~food~1e21~2026~3~5|01:1;rent:0.0001;food:-1
today	exp~2~10.5~2026~5~11^exp~10~0~2026~0~1|2025,9,4
daily	|1e21,2026,11,31
monthly	inc~~100~2025~9~5|1e21
rows	inc~2~-3~2024~1~29^exp~food~1e21~2026~11~31^_~Z~0.1~2025~9~5^exp~2~0.1~2024~1~29^exp~2~-0~2025~9~4^exp~food~99.995~2024~1~29|2:nan;trans:1;food:10.5
monthly	|-1
tier	|1e21,1
today	xfer~4294967295~-3~2026~5~10^exp~~nan~2026~5~11^exp~trans~-3~2026~5~11^_~4294967295~-0~2025~9~5^exp~01~1~2026~5~10^exp~food~0~2026~11~31|2024,1,29
today	xfer~trans~1e21~2025~9~5^xfer~a~1e21~2026~3~5^exp~01~0~2026~5~10^xfer~rent~-0~2026~0~1^exp~4294967295~10.5~2024~1~29|2024,1,29
monthly	exp~2~99.995~2025~9~4|0.0001
total	inc~Z~100~2026~11~31^_~2~0.1~2026~5~10|
today	inc~food~99.995~2025~9~5|2026,0,1
daily	exp~rent~99.995~2026~11~31^_~2~nan~2026~11~31^exp~2~-0~2025~9~5^exp~4294967295~nan~2026~0~1^xfer~trans~99.995~2026~0~1^_~4294967295~1e21~2026~0~1|nan,2024,1,29
rows	inc~2~1e21~2026~11~31^xfer~~0.1~2026~3~5^inc~Z~100~2026~5~11^inc~2~0.1~2025~9~4^xfer~2~-3~2024~1~29^inc~2~0.1~2026~11~31|Z:10.5;2:0.0001;:100
tier	|100,10.5
rows	|
monthly	exp~rent~100~2026~0~1^inc~4294967295~1~2026~11~31|-1
today	exp~a~nan~2026~0~1|2025,9,4
rows	xfer~1~0.1~2026~0~1^exp~rent~0~2025~9~5^exp~2~10.5~2025~9~4|
rows	inc~2~1e21~2025~9~5^xfer~Z~-3~2025~9~5^exp~2~-0~2026~11~31^xfer~rent~-3~2026~0~1|trans:0.0001;a:0;4294967295:1;Z:100
rows	_~a~0~2024~1~29^exp~food~1e21~2026~11~31^exp~4294967295~-0~2026~5~10^exp~a~99.995~2026~5~11^exp~trans~1~2026~5~10^inc~Z~1e21~2024~1~29|
rows	inc~Z~100~2026~0~1|10:100;Z:1;:10.5
today	exp~Z~10.5~2026~0~1^exp~rent~100~2025~9~5|2026,0,1
daily	xfer~~0~2025~9~5|-1,2026,3,5
today	xfer~10~nan~2026~3~5^exp~a~-0~2024~1~29^xfer~food~-3~2026~11~31^xfer~rent~99.995~2026~0~1^_~trans~1e21~2026~11~31|2025,9,5
rows	exp~01~10.5~2026~5~10^exp~1~0~2026~11~31^exp~food~nan~2026~5~11|food:1;01:10.5;1:1e21;Z:100;10:0
monthly	inc~10~99.995~2024~1~29^xfer~01~-3~2025~9~5|0
rows	xfer~2~10.5~2026~11~31^_~2~99.995~2026~5~11|food:1;2:nan
today	exp~2~99.995~2026~5~10^exp~a~1~2026~3~5^exp~Z~-3~2026~0~1^exp~~10.5~2025~9~5^inc~~99.995~2026~3~5^xfer~01~1e21~2025~9~4|2024,1,29
today	inc~01~1e21~2026~11~31^_~a~0.1~2025~9~5^_~a~0.1~2025~9~4^exp~01~100~2026~3~5^_~~1~2026~11~31^exp~4294967295~-3~2025~9~5|2026,5,10
total	xfer~01~100~2025~9~4^exp~10~nan~2024~1~29^exp~2~0.1~2026~5~11^inc~Z~1e21~2026~11~31^inc~01~-0~2025~9~5^exp~a~-3~2026~0~1|
daily	exp~~-3~2025~9~5^exp~10~1e21~2026~3~5^inc~food~nan~2024~1~29^xfer~10~100~2026~0~1|10.5,2024,1,29
rows	exp~10~100~2026~5~11^xfer~~-3~2026~5~11^_~2~nan~2026~5~10^exp~food~-3~2026~11~31|10:100;2:1e21;:0
daily	xfer~trans~-3~2026~3~5^xfer~Z~1~2026~0~1^inc~10~99.995~2026~0~1^exp~2~10.5~2026~3~5^_~rent~10.5~2025~9~4|100,2025,9,5
tier	|0.1,0
total	_~Z~99.995~2026~3~5^xfer~~-3~2026~11~31^exp~1~99.995~2026~0~1|
today	xfer~~0~2025~9~4|2025,9,5
rows	exp~trans~-0~2026~11~31^exp~food~99.995~2026~5~10^inc~01~1~2025~9~4^exp~4294967295~-3~2026~5~10^exp~01~100~2026~0~1^_~2~0~2025~9~5|food:0.0001;4294967295:1e21
rows	|4294967295:1e21;10:100;a:0.0001
tier	|10.5,10.5
tier	|1,100
tier	|100,1
daily	|10.5,2024,1,29
total	exp~10~1~2026~3~5|
monthly	exp~rent~1~2026~3~5^exp~trans~10.5~2025~9~5^xfer~1~nan~2025~9~5^exp~a~10.5~2026~5~11^_~01~1~2026~5~10|1
today	exp~2~-0~2026~0~1^exp~a~99.995~2026~5~10^exp~trans~10.5~2024~1~29^exp~1~100~2026~5~11^exp~01~nan~2026~5~10|2026,5,11
total	exp~~nan~2025~9~4^exp~a~1e21~2026~5~11|
tier	|-0,nan
monthly	xfer~1~99.995~2026~3~5^exp~Z~-3~2026~5~11^exp~Z~0.1~2026~0~1|10.5
monthly	inc~Z~99.995~2025~9~4^_~01~10.5~2026~11~31^inc~1~nan~2026~5~11|0
monthly	exp~rent~0.1~2024~1~29^exp~food~-0~2026~5~10|10.5
rows	_~trans~0.1~2026~3~5|4294967295:nan;trans:nan;a:nan
monthly	xfer~a~0.1~2025~9~5^xfer~food~100~2025~9~5^inc~a~-0~2025~9~5^exp~trans~nan~2026~5~11^exp~10~1~2026~0~1^xfer~Z~100~2026~3~5|nan
total	|
daily	inc~~0~2026~3~5^exp~10~100~2026~5~11^exp~~-3~2026~5~11|0,2024,1,29
rows	exp~~-0~2025~9~4|rent:0.0001;:1e21
today	exp~1~10.5~2026~3~5|2025,9,5
tier	|nan,0.0001
tier	|-3,0.0001
rows	|rent:0.0001;:1e21
total	_~trans~-0~2026~0~1^inc~rent~0.1~2025~9~4^exp~rent~100~2025~9~5^exp~2~-0~2024~1~29^exp~4294967295~10.5~2026~3~5|
rows	exp~01~-0~2025~9~5^exp~2~99.995~2026~11~31^exp~2~-0~2026~0~1^exp~~nan~2026~3~5^inc~2~nan~2025~9~5|01:0.0001;2:0
rows	_~10~-3~2025~9~5^exp~trans~100~2026~5~10^_~~100~2026~11~31^xfer~10~100~2026~5~10^exp~1~-3~2024~1~29^exp~1~1~2026~0~1|:100;rent:-1;1:100;10:0.0001;trans:-1
monthly	|-1
monthly	exp~rent~0~2026~5~11^_~a~1e21~2026~3~5^inc~4294967295~1e21~2026~5~10^_~trans~99.995~2026~5~10^exp~1~-3~2026~3~5^xfer~trans~100~2026~11~31|1
total	exp~trans~nan~2026~5~11^exp~trans~99.995~2025~9~4^inc~food~1~2026~11~31^exp~01~10.5~2026~5~11^xfer~10~-3~2025~9~4^exp~4294967295~0~2026~11~31|
daily	exp~01~10.5~2025~9~5^exp~4294967295~1e21~2025~9~5^exp~4294967295~100~2026~5~11^exp~1~1~2026~3~5|10.5,2025,9,5
monthly	|1e21
daily	exp~a~0.1~2026~11~31^inc~01~10.5~2024~1~29^exp~trans~100~2024~1~29^xfer~Z~99.995~2025~9~4|-1,2025,9,5
rows	_~a~1~2024~1~29^inc~a~10.5~2026~5~10^exp~1~1e21~2026~5~11|1:1;food:100;a:100;:100;01:100
today	|2024,1,29
today	|2025,9,5
today	_~rent~1~2025~9~4^exp~Z~0.1~2024~1~29^xfer~~100~2026~11~31^exp~Z~1e21~2026~0~1^xfer~2~0~2025~9~4^_~2~1~2026~0~1|2024,1,29
daily	xfer~01~1e21~2025~9~5^exp~food~10.5~2026~0~1^xfer~~100~2026~5~11^_~4294967295~10.5~2025~9~4|1e21,2026,0,1
monthly	exp~4294967295~0~2026~0~1^_~a~1~2026~5~11^inc~01~100~2026~5~11^_~trans~-3~2026~0~1|100
tier	|100,0
rows	exp~~nan~2024~1~29^exp~Z~10.5~2026~5~10^exp~trans~99.995~2024~1~29|10:1e21
rows	inc~a~-3~2026~3~5^xfer~a~99.995~2026~0~1^inc~a~1~2025~9~5^_~01~10.5~2026~11~31|a:nan
monthly	xfer~food~0.1~2025~9~4^_~rent~0.1~2025~9~5|10.5
daily	exp~4294967295~0~2026~5~11|0.0001,2026,0,1
today	xfer~10~nan~2024~1~29^_~a~nan~2026~0~1|2026,5,11
rows	inc~01~100~2026~5~10^_~trans~10.5~2026~5~10|01:100;rent:nan
tier	|10.5,100
tier	|0,100
daily	exp~Z~100~2026~0~1^inc~Z~0.1~2026~5~11^exp~4294967295~0.1~2026~11~31^exp~food~100~2026~0~1^exp~~0.1~2026~5~11^exp~4294967295~-3~2026~5~11|100,2026,11,31
daily	_~4294967295~99.995~2025~9~4|100,2024,1,29
daily	xfer~trans~-3~2026~5~10^inc~10~99.995~2024~1~29^exp~rent~100~2024~1~29|100,2024,1,29
rows	xfer~a~0~2026~0~1^inc~a~100~2025~9~5^exp~4294967295~100~2024~1~29|4294967295:nan;1:0.0001
total	inc~4294967295~nan~2026~5~11^xfer~2~-3~2024~1~29^exp~2~10.5~2026~11~31^exp~food~nan~2026~11~31^exp~4294967295~10.5~2026~11~31|
daily	xfer~~nan~2025~9~4^_~01~1e21~2025~9~5^exp~trans~0~2026~5~10^exp~food~1e21~2026~5~11|1,2026,3,5
monthly	_~food~1~2024~1~29^exp~Z~0.1~2024~1~29^xfer~~0~2024~1~29^_~2~100~2026~5~11|nan
monthly	exp~10~0~2025~9~4^xfer~2~0~2026~0~1^exp~01~nan~2026~0~1^exp~Z~-3~2026~5~11^exp~1~0~2024~1~29|100
rows	|01:100
monthly	exp~~0.1~2025~9~4^inc~01~-3~2026~3~5|1e21
daily	exp~10~1~2026~3~5^exp~4294967295~10.5~2026~0~1^_~a~nan~2025~9~5^exp~1~-3~2025~9~4^exp~4294967295~1~2025~9~4|1e21,2024,1,29
rows	exp~Z~99.995~2024~1~29|
today	exp~food~99.995~2026~11~31^exp~01~0.1~2026~11~31^exp~a~1e21~2026~5~10^exp~a~100~2025~9~5^xfer~4294967295~1~2026~5~10^_~a~nan~2026~5~11|2024,1,29
rows	exp~10~nan~2024~1~29^inc~rent~1e21~2026~3~5|10:-1;2:-1;food:1;rent:100
rows	exp~1~99.995~2026~5~11^inc~food~10.5~2026~5~10^_~4294967295~-3~2026~3~5|01:1e21;1:0
rows	|
monthly	exp~a~-3~2026~3~5^_~01~1~2026~11~31|10.5
rows	|food:100;1:nan
monthly	inc~rent~nan~2026~3~5^inc~2~10.5~2026~5~11^exp~01~1~2026~11~31^exp~food~-3~2026~11~31|0.0001
daily	_~rent~0~2025~9~5^inc~1~1~2025~9~4|10.5,2026,3,5
total	exp~rent~0.1~2025~9~4^exp~01~-3~2026~11~31^exp~Z~nan~2025~9~5^exp~01~100~2026~3~5|
today	exp~food~1e21~2026~5~10^xfer~10~1e21~2025~9~5^exp~01~nan~2026~5~11^exp~4294967295~1~2025~9~5^inc~2~99.995~2026~0~1^xfer~Z~1e21~2026~5~10|2026,5,10
tier	|10.5,0.0001
rows	xfer~1~nan~2024~1~29^exp~4294967295~1~2026~0~1^inc~1~10.5~2026~5~11|2:0.0001;rent:nan;trans:1;1:100
total	exp~1~-3~2025~9~5^exp~rent~100~2026~0~1^exp~a~-0~2025~9~5^xfer~10~-0~2026~0~1^_~Z~100~2026~5~10^_~trans~1e21~2026~5~11|
tier	|-0,1e21
daily	exp~Z~1~2026~11~31^exp~2~-0~2026~0~1^exp~4294967295~99.995~2026~3~5^exp~2~-0~2026~5~11^inc~10~1~2025~9~4^xfer~rent~nan~2025~9~4|100,2026,3,5
tier	|nan,10.5
rows	_~10~0.1~2025~9~5^exp~~1~2024~1~29|:-1;2:100
rows	exp~1~100~2025~9~4^exp~01~-0~2026~5~11^exp~1~0~2024~1~29^exp~trans~0~2026~3~5^exp~rent~-3~2026~5~10|rent:-1;1:100
tier	|-3,1
daily	exp~2~100~2024~1~29^_~2~nan~2026~0~1^exp~2~nan~2026~11~31^xfer~trans~-0~2024~1~29^inc~01~99.995~2024~1~29|100,2026,0,1
monthly	xfer~a~nan~2026~3~5^xfer~4294967295~1e21~2025~9~5^exp~4294967295~1~2024~1~29^exp~a~10.5~2026~0~1|10.5
daily	inc~~1e21~2026~11~31^inc~10~100~2025~9~5^exp~a~0.1~2026~11~31^xfer~Z~100~2026~0~1|-1,2026,5,10
today	inc~2~99.995~2026~11~31|2026,11,31
today	exp~food~0.1~2026~5~10^_~~1~2026~5~11^exp~10~nan~2025~9~4|2025,9,4
tier	|0.1,1
rows	inc~4294967295~1e21~2026~5~10^xfer~rent~99.995~2026~5~10^exp~4294967295~nan~2026~5~10^exp~a~0~2026~3~5|a:0.0001
monthly	xfer~a~1e21~2026~11~31^_~rent~-3~2024~1~29^xfer~food~0~2026~5~10^exp~1~1e21~2024~1~29^exp~Z~0.1~2025~9~5|nan
monthly	_~rent~99.995~2025~9~5^inc~10~100~2026~5~10^exp~food~-0~2025~9~4^exp~rent~-0~2026~5~11^xfer~10~0.1~2026~3~5^exp~1~nan~2026~11~31|1e21
daily	inc~food~1e21~2025~9~4|nan,2026,11,31
monthly	exp~rent~0.1~2024~1~29|0.0001
daily	_~4294967295~99.995~2026~5~11^inc~4294967295~-3~2026~3~5|1e21,2024,1,29
daily	xfer~trans~100~2026~5~10|nan,2026,3,5
rows	exp~1~1~2024~1~29^exp~food~-0~2024~1~29^_~a~1e21~2024~1~29^xfer~rent~0.1~2025~9~5|food:0.0001;01:100;trans:-1;a:1e21
total	exp~01~1~2025~9~5^exp~~100~2025~9~4^_~10~100~2026~5~10^_~a~nan~2026~5~11|
tier	|1,100
total	inc~10~99.995~2026~5~10^_~10~1e21~2026~5~11^exp~trans~0.1~2026~3~5^xfer~4294967295~0~2026~11~31^exp~1~10.5~2026~5~11^exp~~99.995~2026~5~10|
rows	_~trans~99.995~2025~9~5^inc~trans~-3~2025~9~5^inc~trans~1~2025~9~5|trans:nan
daily	inc~01~-0~2026~0~1^exp~01~1e21~2024~1~29^exp~a~100~2025~9~5^xfer~~100~2026~3~5^xfer~10~1~2026~0~1^exp~01~0~2025~9~4|nan,2026,11,31
rows	exp~~0.1~2025~9~4^exp~10~10.5~2024~1~29^exp~Z~0.1~2026~0~1^xfer~Z~10.5~2026~0~1^_~Z~100~2026~3~5^inc~10~-3~2025~9~4|Z:1e21
rows	exp~trans~0~2026~3~5|
tier	|0.1,nan
monthly	exp~1~-0~2026~5~11^exp~10~1e21~2025~9~5|nan
rows	_~2~1~2025~9~5^exp~rent~1e21~2025~9~4^inc~4294967295~nan~2026~3~5^xfer~~10.5~2025~9~4|
today	exp~2~nan~2024~1~29^exp~10~1e21~2026~11~31|2025,9,5
rows	inc~Z~99.995~2025~9~4^exp~Z~-3~2024~1~29^inc~Z~nan~2025~9~4|1:100;a:nan;Z:1
monthly	inc~4294967295~1e21~2026~11~31^_~4294967295~1e21~2026~5~10^_~Z~0~2025~9~5^_~rent~1~2026~0~1^xfer~4294967295~1e21~2025~9~5|0
rows	_~2~99.995~2025~9~4^inc~trans~100~2026~5~10^exp~2~0.1~2026~5~11^exp~01~0~2026~11~31^inc~2~100~2026~5~11^_~01~100~2026~5~10|2:10.5;food:100;:-1;trans:0;01:0
rows	inc~4294967295~0~2025~9~5^inc~1~nan~2026~5~11^_~4294967295~100~2026~3~5^exp~1~1~2026~0~1^inc~1~1e21~2025~9~4|1:100;4294967295:100
daily	exp~4294967295~100~2026~0~1^_~food~nan~2026~0~1^exp~4294967295~nan~2024~1~29|-1,2026,0,1
rows	xfer~trans~100~2024~1~29^xfer~rent~0.1~2025~9~5^exp~Z~1~2024~1~29^xfer~1~-0~2026~3~5|1:1;:100;Z:1
rows	xfer~trans~0~2026~5~11^inc~1~0~2026~5~11^xfer~4294967295~nan~2024~1~29^exp~4294967295~100~2026~5~10|trans:nan;4294967295:0;2:0.0001;1:nan
monthly	xfer~a~10.5~2026~0~1^exp~2~1~2024~1~29|100
tier	|nan,0
monthly	_~10~0~2024~1~29^_~Z~10.5~2025~9~5^xfer~~1~2026~11~31^xfer~food~1e21~2025~9~5^_~Z~nan~2026~0~1|10.5
monthly	exp~01~0~2026~5~10^_~2~-3~2026~5~10^xfer~1~0.1~2024~1~29|nan
total	xfer~2~1e21~2025~9~5|
total	xfer~01~1~2026~5~10^xfer~rent~99.995~2026~0~1^xfer~1~nan~2026~5~10^exp~2~10.5~2025~9~4|
rows	_~~0~2026~0~1^inc~1~0~2026~3~5^inc~01~10.5~2025~9~4^exp~01~0~2024~1~29^inc~trans~10.5~2026~5~10|
daily	exp~1~1~2026~0~1^exp~~99.995~2026~5~10|10.5,2026,3,5
total	xfer~01~nan~2026~11~31^_~trans~-0~2024~1~29^_~food~0.1~2025~9~4^exp~rent~0.1~2026~5~10^exp~a~nan~2026~0~1^xfer~2~0.1~2025~9~4|
monthly	exp~rent~1e21~2026~5~10^exp~~99.995~2025~9~5^exp~trans~100~2026~5~11^exp~trans~nan~2026~5~10^_~a~1~2024~1~29^inc~1~1e21~2025~9~4|0.0001
total	inc~01~-3~2025~9~4^exp~01~-3~2026~0~1^exp~2~1e21~2026~3~5^inc~2~0~2025~9~4^_~1~0~2024~1~29^exp~4294967295~1e21~2025~9~4|
monthly	xfer~1~100~2026~11~31^xfer~~100~2025~9~5^inc~trans~nan~2026~3~5^exp~4294967295~100~2025~9~4^exp~2~-3~2025~9~4|100
tier	|0.1,1e21
monthly	exp~01~1~2026~3~5^xfer~~99.995~2026~5~10|0.0001
tier	|0,1
tier	|0,0
today	xfer~a~100~2024~1~29^_~trans~nan~2026~11~31^exp~trans~100~2026~11~31^_~rent~-3~2024~1~29^exp~01~-3~2026~5~11^exp~rent~100~2024~1~29|2026,5,10
monthly	xfer~10~100~2024~1~29^exp~~1e21~2026~5~10|0.0001
monthly	inc~1~-3~2026~3~5^_~10~-3~2026~0~1^exp~1~-0~2026~5~10^exp~~99.995~2025~9~5^inc~trans~100~2026~0~1^inc~2~0.1~2026~3~5|-1
monthly	|-1
rows	_~food~-3~2026~5~10^exp~rent~-0~2026~0~1^_~10~99.995~2026~3~5^exp~~99.995~2025~9~5^inc~rent~-3~2024~1~29^inc~2~nan~2025~9~5|
rows	inc~2~0.1~2026~5~11^exp~1~0.1~2026~5~11|Z:0;:1e21;a:100;1:100
today	exp~4294967295~1~2026~5~11^_~Z~0.1~2026~3~5^_~rent~0~2024~1~29|2024,1,29
rows	exp~Z~-3~2026~11~31^exp~~10.5~2025~9~5^exp~1~10.5~2026~11~31^inc~Z~100~2026~3~5|2:0;:nan;food:1e21;trans:-1;Z:10.5
tier	|100,0
today	|2026,11,31
today	|2026,0,1
rows	exp~Z~0.1~2026~3~5|trans:1
tier	|1,100
daily	|1e21,2026,3,5
daily	inc~2~0.1~2026~5~11^xfer~trans~0.1~2026~3~5|0,2026,0,1
total	|
total	_~rent~-0~2024~1~29|
today	inc~2~1~2025~9~5^_~1~-0~2026~11~31|2025,9,4
daily	exp~trans~10.5~2025~9~4^inc~4294967295~100~2026~5~11^xfer~1~99.995~2025~9~4^xfer~4294967295~10.5~2026~11~31|-1,2026,5,11
tier	|0.1,1
rows	exp~4294967295~10.5~2025~9~4|food:-1;2:100;a:1;trans:100
today	exp~a~1~2026~11~31^_~Z~10.5~2025~9~4^exp~rent~1~2025~9~5|2026,5,11
rows	xfer~~0.1~2026~0~1^inc~2~1e21~2026~11~31|:-1;2:1;01:1e21
rows	_~2~-3~2026~5~10^exp~10~-3~2025~9~4|Z:nan;:10.5;2:0.0001
rows	exp~1~1e21~2025~9~5^exp~rent~1~2026~5~11^xfer~trans~99.995~2025~9~5|1:1e21;rent:0
today	_~1~-0~2026~3~5^xfer~Z~1e21~2025~9~4^_~2~-0~2026~0~1^xfer~Z~99.995~2025~9~4^inc~2~nan~2026~0~1^exp~1~10.5~2026~5~11|2026,11,31
rows	|4294967295:0.0001;a:0.0001;food:-1;2:0;01:100
monthly	exp~10~10.5~2026~3~5^exp~~0.1~2024~1~29^exp~a~1e21~2026~3~5^_~food~1e21~2026~3~5|nan
monthly	_~4294967295~10.5~2026~5~11^xfer~4294967295~99.995~2026~5~11^inc~1~0.1~2026~5~10|nan
daily	_~food~10.5~2025~9~4^exp~rent~-0~2026~3~5^exp~2~0~2026~11~31^inc~~99.995~2026~5~11^_~4294967295~10.5~2026~0~1^_~~0.1~2026~5~10|10.5,2026,5,10
tier	|10.5,1
rows	inc~4294967295~nan~2025~9~5|4294967295:100;trans:10.5;food:100;:100;10:100
total	|
tier	|10.5,0.0001
monthly	_~a~99.995~2026~0~1^exp~food~10.5~2025~9~5^inc~4294967295~10.5~2026~3~5^exp~10~1e21~2026~5~11|nan
daily	exp~2~nan~2024~1~29^exp~10~1~2026~11~31^xfer~10~0.1~2026~11~31^exp~a~0.1~2026~5~10|1e21,2026,3,5
daily	_~4294967295~10.5~2025~9~5^exp~a~-0~2026~11~31^exp~rent~1e21~2026~11~31^exp~Z~99.995~2026~3~5|100,2026,0,1
daily	inc~2~0~2026~5~10^exp~01~1e21~2026~3~5^exp~~0.1~2026~5~10^_~01~1e21~2024~1~29^exp~food~-3~2025~9~4^exp~a~100~2026~0~1|10.5,2026,5,10
monthly	exp~trans~-0~2025~9~4^inc~1~0.1~2026~3~5^exp~trans~0.1~2026~3~5^inc~~-3~2024~1~29^exp~a~-0~2026~5~11|1
today	_~~0.1~2026~3~5^_~10~100~2026~0~1^_~4294967295~1~2026~5~11^xfer~01~1~2026~11~31^xfer~4294967295~0.1~2026~3~5|2025,9,5
daily	exp~rent~1e21~2026~5~11^inc~Z~-3~2025~9~5^exp~01~1~2024~1~29|1e21,2026,5,11
tier	|nan,0
daily	xfer~trans~-0~2025~9~5^exp~rent~10.5~2026~3~5|0,2025,9,4
tier	|-0,0.0001
monthly	|0.0001
rows	_~trans~-0~2024~1~29^exp~4294967295~nan~2024~1~29^exp~10~1e21~2024~1~29^inc~4294967295~1~2026~3~5|4294967295:10.5;1:-1
monthly	exp~2~1e21~2024~1~29^exp~01~100~2026~3~5^_~trans~100~2026~0~1^xfer~1~100~2026~11~31^inc~10~1e21~2026~3~5^exp~trans~0.1~2026~11~31|0
total	exp~rent~1e21~2026~0~1^exp~rent~10.5~2026~11~31^exp~01~1e21~2026~3~5|
today	|2026,5,10
rows	|food:100
monthly	xfer~food~100~2026~3~5^exp~~10.5~2025~9~4^inc~food~0.1~2026~0~1|1
monthly	inc~1~0.1~2026~5~10|1e21
daily	exp~food~0~2026~5~11^exp~1~1e21~2024~1~29^_~~0~2026~3~5|100,2026,5,10
tier	|-0,0.0001
daily	inc~2~99.995~2026~5~11^exp~trans~0.1~2026~5~11^_~4294967295~100~2025~9~5^exp~rent~100~2024~1~29^inc~rent~0~2026~5~11|1e21,2026,3,5
daily	exp~10~-3~2026~3~5^_~Z~99.995~2026~3~5^exp~trans~0.1~2026~5~10^exp~a~-0~2026~5~10^exp~2~0.1~2026~5~11^exp~1~-3~2024~1~29|1e21,2025,9,4
today	inc~~100~2026~5~11^exp~01~-0~2026~3~5^_~trans~1e21~2025~9~4^inc~1~100~2025~9~4^exp~trans~0~2025~9~5^inc~01~100~2026~11~31|2026,0,1
today	xfer~a~nan~2024~1~29^exp~Z~10.5~2026~11~31|2025,9,4
tier	|10.5,0
daily	inc~01~-0~2026~11~31^exp~10~99.995~2024~1~29|100,2026,0,1
rows	inc~4294967295~100~2025~9~5^_~a~99.995~2026~5~10|
daily	exp~trans~0.1~2026~5~11^exp~a~-0~2026~0~1^exp~~-0~2025~9~4^xfer~Z~0~2025~9~4^exp~10~nan~2026~11~31^exp~Z~10.5~2025~9~5|100,2025,9,4
tier	|-0,100
tier	|-0,1
rows	inc~trans~100~2026~11~31^inc~4294967295~10.5~2025~9~4^exp~trans~1~2026~0~1|2:0.0001;01:0.0001;trans:0;4294967295:1;1:0.0001
rows	inc~Z~nan~2026~3~5^exp~food~99.995~2024~1~29|
rows	_~rent~99.995~2026~3~5^exp~rent~99.995~2026~3~5^_~2~nan~2024~1~29|
rows	exp~2~-0~2025~9~5^exp~01~1e21~2025~9~5|
monthly	_~1~0.1~2024~1~29^_~01~-0~2026~11~31^exp~food~0.1~2026~5~11^exp~01~99.995~2026~11~31|nan
daily	exp~2~0.1~2026~5~10^xfer~a~-3~2024~1~29^exp~2~-3~2026~5~11|1,2026,3,5
daily	_~rent~1~2025~9~4^exp~Z~nan~2026~5~10^inc~4294967295~99.995~2026~11~31^xfer~10~1~2026~5~11^xfer~Z~nan~2025~9~5|100,2024,1,29
daily	xfer~trans~-0~2024~1~29|nan,2024,1,29
daily	exp~10~nan~2025~9~4^exp~Z~99.995~2026~5~11^exp~rent~nan~2026~11~31^exp~4294967295~99.995~2024~1~29^xfer~~-3~2026~3~5|1,2025,9,4
rows	_~a~0.1~2025~9~5^exp~4294967295~99.995~2024~1~29^exp~Z~-0~2025~9~4^exp~2~0~2026~0~1|a:1e21;Z:100
total	exp~2~0.1~2026~3~5^_~10~0~2026~0~1^exp~10~10.5~2024~1~29^xfer~~1e21~2026~11~31^inc~trans~0.1~2026~11~31|
rows	exp~~99.995~2025~9~5^xfer~rent~100~2025~9~5^exp~1~0.1~2025~9~5^inc~rent~-0~2026~5~10^exp~a~1~2026~11~31^exp~rent~100~2026~5~11|rent:nan
monthly	_~rent~0.1~2026~11~31^inc~rent~0.1~2024~1~29^_~01~1e21~2025~9~5^_~10~0.1~2026~5~11^exp~1~1e21~2026~5~11^exp~a~-3~2026~11~31|10.5
rows	|trans:0;food:1
rows	inc~2~99.995~2024~1~29^exp~10~1~2026~3~5^xfer~2~nan~2024~1~29|10:10.5;2:10.5
monthly	exp~food~nan~2024~1~29|100
today	_~10~nan~2026~11~31|2026,3,5
total	xfer~a~1e21~2025~9~4^exp~Z~-0~2025~9~5^xfer~trans~-0~2026~5~10^_~~99.995~2026~11~31^_~food~100~2026~5~10^exp~~nan~2026~0~1|
total	_~~99.995~2025~9~4^exp~4294967295~10.5~2026~0~1|
rows	exp~1~-0~2026~0~1|:100
rows	exp~1~1e21~2026~11~31^exp~trans~10.5~2025~9~5^exp~Z~0~2026~5~10^exp~Z~10.5~2026~0~1^exp~2~10.5~2026~11~31|1:-1;trans:0;Z:100
tier	|99.995,nan
today	_~Z~1~2024~1~29^_~4294967295~0~2024~1~29^_~food~10.5~2026~11~31^exp~10~1e21~2026~11~31^xfer~a~0.1~2026~3~5|2024,1,29
total	_~2~-0~2026~3~5^inc~~0~2025~9~4|
tier	|99.995,100
monthly	exp~2~10.5~2025~9~5^xfer~Z~10.5~2026~3~5^_~1~99.995~2025~9~4|1e21
daily	exp~~1~2026~5~10^inc~a~nan~2026~3~5^inc~food~10.5~2024~1~29|10.5,2026,5,11
rows	_~2~1~2026~5~10^exp~food~0~2026~3~5^exp~food~nan~2026~5~10^exp~food~100~2025~9~5^exp~1~100~2026~3~5|2:100;10:1;food:0.0001;:1
rows	exp~4294967295~-0~2026~5~10^inc~4294967295~-3~2025~9~5^exp~a~nan~2026~3~5^_~Z~-0~2026~3~5^exp~food~99.995~2026~5~10|Z:1;trans:nan;a:-1;4294967295:100
rows	inc~rent~0~2026~5~11^exp~food~0.1~2026~5~11^exp~01~nan~2026~3~5^_~trans~0.1~2026~5~11|
today	exp~rent~nan~2026~3~5^exp~trans~1e21~2026~5~10^inc~rent~99.995~2026~3~5^exp~trans~99.995~2026~0~1^exp~~0.1~2026~5~11^exp~~nan~2026~11~31|2025,9,4
tier	|1,1e21
tier	|nan,-1
rows	exp~4294967295~10.5~2025~9~4|rent:100;4294967295:0.0001;2:1e21
total	_~rent~0.1~2026~0~1^exp~~1e21~2026~3~5^xfer~4294967295~0.1~2026~3~5|
tier	|nan,1e21
monthly	inc~Z~-0~2026~5~11^exp~4294967295~10.5~2025~9~4|nan
rows	exp~Z~1~2024~1~29^exp~rent~100~2026~0~1^inc~~nan~2026~5~11^xfer~~0.1~2026~5~11^exp~2~100~2026~5~10|2:0;:10.5
monthly	exp~Z~100~2026~5~11^_~4294967295~100~2025~9~5|0.0001
daily	exp~2~1~2025~9~4^xfer~01~-3~2026~11~31^xfer~food~-0~2026~5~11^_~01~nan~2026~5~10|100,2026,0,1
rows	exp~food~1~2026~0~1^exp~trans~1e21~2025~9~4^exp~a~0~2025~9~4^inc~Z~1e21~2025~9~5^exp~a~-0~2026~5~11|trans:0.0001
rows	xfer~01~0.1~2026~11~31^inc~01~0.1~2025~9~5|food:10.5;1:100;01:10.5;a:-1;10:100
monthly	exp~2~-3~2026~5~11^xfer~~nan~2026~3~5^exp~1~0~2026~3~5^_~1~10.5~2025~9~5^exp~10~10.5~2026~11~31^xfer~rent~-0~2026~5~10|100
today	inc~4294967295~10.5~2026~11~31|2025,9,4
rows	xfer~10~1~2026~5~11^xfer~~100~2024~1~29^_~01~-3~2026~5~11^inc~rent~1e21~2026~5~10^exp~~nan~2024~1~29|01:0;10:1
rows	|Z:0;food:1e21;10:1e21;01:0.0001;rent:0
total	exp~1~0.1~2026~5~11^exp~01~-0~2026~3~5^exp~01~nan~2026~0~1^exp~trans~-3~2026~5~11|
rows	inc~Z~99.995~2025~9~5|Z:0;food:10.5;2:1e21
monthly	exp~~nan~2026~5~11^exp~rent~100~2026~11~31^xfer~1~0~2026~11~31|100
today	inc~10~1e21~2026~11~31^exp~01~99.995~2026~5~11^exp~a~1~2025~9~4^inc~10~0.1~2026~0~1^_~4294967295~-0~2024~1~29|2026,5,11
monthly	exp~rent~10.5~2026~0~1^_~2~0~2026~5~10^inc~1~-3~2026~0~1|100
rows	exp~1~10.5~2026~11~31^exp~10~100~2026~0~1|
total	exp~1~100~2026~5~11^exp~trans~0.1~2026~5~11|
total	exp~~0.1~2026~0~1^xfer~1~10.5~2026~0~1|
total	inc~rent~99.995~2026~5~11|
daily	exp~01~1~2026~5~10^inc~~1~2026~11~31^exp~~0.1~2025~9~5^xfer~Z~-3~2024~1~29^xfer~food~1~2026~0~1|1e21,2026,11,31
tier	|1,100
rows	_~2~0~2026~3~5^exp~2~1~2024~1~29^exp~2~99.995~2025~9~5^inc~2~-3~2026~5~10|2:0
rows	exp~a~0.1~2026~5~11^xfer~10~10.5~2025~9~5^exp~food~99.995~2026~11~31^exp~1~0.1~2026~0~1|1:nan;rent:1;10:10.5;a:0.0001;food:100
rows	inc~1~-0~2026~5~10^xfer~1~0~2025~9~5^inc~1~nan~2026~5~11|10:10.5;rent:100;1:100
rows	exp~4294967295~0.1~2025~9~5^_~4294967295~0~2026~11~31^inc~4294967295~0.1~2026~11~31^exp~4294967295~-0~2025~9~4^exp~1~10.5~2026~0~1|4294967295:0
rows	xfer~food~1e21~2026~0~1^xfer~food~1~2026~0~1^exp~trans~10.5~2025~9~5^exp~1~-0~2025~9~4^exp~trans~10.5~2025~9~5^exp~trans~-3~2024~1~29|food:100;trans:1;2:nan;Z:nan;01:0.0001
rows	exp~1~100~2026~0~1^inc~4294967295~-3~2026~5~10^exp~4294967295~0.1~2025~9~5^xfer~Z~10.5~2025~9~4^exp~1~99.995~2026~5~11|10:1;rent:1e21;1:nan;Z:1;4294967295:0
rows	_~food~100~2025~9~4^exp~10~100~2026~5~10|10:100
total	exp~trans~-0~2026~5~11^exp~trans~0.1~2024~1~29^xfer~4294967295~-3~2026~0~1^exp~4294967295~nan~2025~9~5^_~rent~-3~2025~9~4|
tier	|0.1,100
rows	inc~~-0~2026~3~5^_~1~0.1~2024~1~29^inc~rent~0~2026~3~5|1:0;:0;rent:100
tier	|99.995,1e21
today	exp~Z~-3~2026~5~11^exp~2~1e21~2025~9~4^exp~a~99.995~2026~0~1^_~4294967295~100~2026~3~5^xfer~Z~1~2026~0~1|2026,5,11
monthly	exp~trans~1~2025~9~5^inc~trans~99.995~2026~5~11^exp~2~-0~2025~9~5^exp~4294967295~99.995~2025~9~4^exp~10~-0~2026~5~11^exp~4294967295~-0~2025~9~5|1e21
daily	|nan,2026,5,10
daily	inc~trans~0~2025~9~5|0.0001,2025,9,5
rows	exp~2~100~2026~3~5^xfer~10~0~2026~0~1|10:10.5
total	xfer~Z~-3~2026~5~10^exp~rent~10.5~2026~11~31^exp~trans~nan~2026~0~1^exp~10~nan~2025~9~4|
rows	|rent:1e21
total	inc~10~-3~2025~9~4^xfer~1~-0~2025~9~5|
tier	|99.995,100
monthly	|nan
today	exp~Z~1e21~2025~9~4^exp~food~100~2026~3~5^inc~2~99.995~2025~9~5|2026,3,5
rows	inc~2~1e21~2026~3~5^xfer~food~1~2026~11~31^exp~food~99.995~2025~9~4^exp~a~99.995~2026~5~11|2:0;a:1;food:-1;Z:-1
tier	|1,-1
monthly	inc~10~0.1~2025~9~4^exp~1~0~2026~5~11|100
rows	exp~Z~0.1~2026~5~11^exp~trans~1~2026~3~5^_~rent~1e21~2026~0~1^_~2~-3~2024~1~29^inc~trans~nan~2024~1~29|
today	inc~Z~0.1~2026~5~11^exp~01~1e21~2026~0~1^exp~food~10.5~2026~5~10^_~trans~-0~2025~9~4^inc~rent~0.1~2025~9~5|2026,11,31
daily	exp~01~99.995~2024~1~29|1,2026,0,1
total	_~10~99.995~2025~9~4^xfer~a~1e21~2025~9~5^exp~~1~2026~3~5^exp~~nan~2026~5~10^exp~Z~-0~2026~3~5^exp~a~100~2026~5~10|
rows	exp~a~10.5~2026~5~11^_~~99.995~2026~0~1|:0;2:-1;Z:nan
monthly	exp~trans~100~2026~0~1^inc~food~99.995~2026~3~5^_~trans~99.995~2025~9~4^inc~Z~100~2024~1~29^_~a~-3~2024~1~29|0.0001
tier	|10.5,100
daily	_~1~nan~2026~0~1^exp~2~-3~2026~0~1^inc~1~1e21~2026~11~31^exp~trans~-0~2026~11~31|10.5,2024,1,29
total	_~~-0~2024~1~29^xfer~10~10.5~2024~1~29^xfer~1~-0~2025~9~5^exp~a~nan~2025~9~5^xfer~trans~-3~2026~3~5|
rows	|Z:nan;a:100;rent:10.5
rows	exp~food~nan~2026~3~5^exp~food~10.5~2025~9~5^inc~~10.5~2026~5~10^exp~1~10.5~2026~11~31|food:0
rows	exp~~0~2024~1~29^inc~food~nan~2026~11~31|food:100;a:100;4294967295:nan;:nan
rows	_~trans~100~2025~9~5^_~1~-0~2026~5~10^_~Z~1~2026~3~5|10:0;1:0;Z:nan;trans:100;2:0.0001
rows	xfer~~-0~2026~3~5^_~10~nan~2025~9~4^exp~10~1~2026~5~11|rent:100;2:-1;10:100;a:0;:10.5
tier	|1e21,100
today	xfer~10~100~2026~5~10^exp~trans~99.995~2026~11~31^xfer~4294967295~nan~2025~9~5|2026,0,1
today	inc~Z~1e21~2024~1~29^inc~4294967295~1e21~2025~9~4|2026,5,10
daily	exp~Z~99.995~2026~3~5^_~10~0~2026~5~10^exp~Z~0~2026~5~10^_~trans~0.1~2026~0~1^inc~1~nan~2026~11~31|1e21,2026,5,11
rows	exp~~1~2026~3~5^inc~rent~nan~2026~5~10^exp~trans~0~2026~5~10^exp~~0.1~2024~1~29^xfer~trans~10.5~2026~0~1^exp~trans~nan~2025~9~4|trans:100;01:nan;:100
rows	xfer~~99.995~2025~9~4^exp~01~-0~2026~0~1^exp~1~1e21~2025~9~4^xfer~trans~10.5~2026~0~1|trans:-1;:-1;01:100;food:100;a:100
monthly	_~2~-0~2024~1~29^_~trans~10.5~2026~3~5|-1
tier	|0.1,10.5
total	exp~01~nan~2026~5~10|
today	exp~trans~1e21~2026~0~1^_~10~10.5~2026~0~1^exp~01~-3~2026~11~31^exp~2~1e21~2026~5~11^inc~a~-3~2026~11~31^exp~Z~1~2026~11~31|2024,1,29
rows	_~10~1e21~2026~5~11^exp~a~100~2025~9~5^_~rent~1~2026~5~11^_~~0.1~2026~3~5|
tier	|nan,10.5
tier	|nan,0.0001
rows	xfer~01~1e21~2026~5~11^_~~99.995~2026~5~10^_~1~1e21~2025~9~5^inc~food~0.1~2026~0~1|01:1;10:0
tier	|0.1,0.0001
daily	_~2~-3~2026~5~10^xfer~01~-3~2025~9~5|0,2025,9,5
rows	inc~4294967295~99.995~2026~5~10^exp~4294967295~100~2026~11~31^_~4294967295~0.1~2026~5~10^exp~~1~2026~5~11^_~1~10.5~2025~9~4^exp~2~100~2026~5~10|2:0;01:100;4294967295:0;food:nan;1:100
tier	|1e21,1
rows	exp~2~10.5~2025~9~4|food:nan;2:0.0001;:10.5;1:1
today	inc~trans~100~2026~0~1^inc~trans~100~2026~5~10^inc~1~-0~2026~5~11^_~a~1~2026~0~1^exp~10~-3~2026~5~10|2026,11,31
today	|2026,5,11
today	|2026,5,10
rows	inc~2~99.995~2026~5~11|a:1e21;2:1
total	exp~1~1e21~2026~5~11|
today	exp~4294967295~100~2025~9~5^_~4294967295~nan~2025~9~4^xfer~a~-0~2026~11~31^exp~a~-3~2026~3~5^exp~food~0~2026~0~1^xfer~food~nan~2026~5~11|2026,5,10
rows	exp~trans~100~2026~5~10^inc~2~1~2026~5~10^inc~2~99.995~2024~1~29|2:100;a:10.5;1:1;rent:10.5
rows	exp~~1~2025~9~5|:1
monthly	exp~rent~99.995~2026~3~5|-1
tier	|0,0.0001
monthly	xfer~trans~1~2024~1~29^exp~a~-3~2026~0~1^xfer~~10.5~2026~0~1^xfer~~100~2026~5~10^_~2~10.5~2026~5~11^xfer~2~0.1~2026~5~11|1
monthly	exp~1~1~2024~1~29^_~food~nan~2026~3~5|-1
rows	inc~trans~1e21~2026~0~1^xfer~1~0.1~2024~1~29^inc~4294967295~10.5~2026~0~1^exp~1~-3~2026~3~5^exp~4294967295~1e21~2026~3~5^_~4294967295~0.1~2024~1~29|1:0;trans:10.5;a:-1
today	exp~Z~1~2024~1~29^exp~a~99.995~2024~1~29^inc~1~1~2026~11~31|2026,3,5
tier	|10.5,0.0001
tier	|1,nan
rows	exp~2~1e21~2026~0~1^xfer~2~nan~2025~9~4^_~trans~-3~2026~5~11^xfer~01~-0~2026~0~1|1:-1;2:0;trans:nan
daily	exp~trans~100~2026~5~11|0,2026,5,10
total	inc~a~99.995~2025~9~4^exp~2~-0~2024~1~29^_~food~1~2026~5~10|
total	xfer~10~99.995~2025~9~5^exp~a~0.1~2026~5~11^exp~Z~1e21~2026~5~11|
today	xfer~10~-3~2025~9~5^xfer~10~-3~2024~1~29^exp~10~10.5~2026~0~1^inc~a~0~2024~1~29^xfer~4294967295~10.5~2026~11~31^inc~4294967295~0.1~2026~11~31|2026,5,11
monthly	|0
total	exp~4294967295~nan~2025~9~5^exp~food~100~2025~9~4^exp~10~99.995~2026~11~31^inc~trans~-3~2025~9~4^_~trans~-3~2026~3~5|
rows	exp~Z~1~2025~9~4|
total	xfer~10~-0~2026~0~1|
daily	xfer~4294967295~1e21~2026~5~11^xfer~a~-0~2026~0~1^xfer~food~10.5~2024~1~29^exp~~99.995~2026~5~11|100,2026,0,1
tier	|1,-1
rows	exp~4294967295~1~2024~1~29^exp~~100~2026~5~11^inc~2~1e21~2026~5~11^exp~~100~2024~1~29^exp~4294967295~0~2026~0~1^inc~rent~-3~2026~0~1|a:0;4294967295:1e21
rows	exp~1~-0~2025~9~5^xfer~trans~1~2026~0~1^xfer~10~100~2026~5~11^inc~food~0~2026~5~11^xfer~Z~nan~2025~9~4^inc~food~1e21~2026~3~5|a:1;10:0;1:0;food:-1;Z:1
rows	_~1~10.5~2026~11~31^xfer~trans~100~2026~3~5^_~~1~2026~3~5^xfer~2~0~2026~0~1^xfer~1~99.995~2026~5~10^exp~Z~1e21~2025~9~5|1:100
daily	exp~a~1~2026~5~10^exp~4294967295~1e21~2025~9~4^exp~Z~0.1~2026~5~11^exp~food~nan~2026~5~10|-1,2025,9,4
daily	exp~trans~-0~2025~9~4^xfer~rent~1~2026~11~31^exp~food~99.995~2026~5~10|nan,2026,5,10
total	|
rows	inc~01~1e21~2025~9~5^exp~a~0~2026~5~10^exp~Z~100~2026~3~5^inc~rent~100~2024~1~29|01:10.5;rent:nan
monthly	xfer~rent~-0~2025~9~5^exp~01~1e21~2026~5~10^exp~01~10.5~2026~0~1^inc~a~-3~2026~3~5^exp~4294967295~1~2026~5~10^exp~a~nan~2026~5~10|nan
today	exp~2~100~2026~3~5|2025,9,5
rows	xfer~10~100~2026~5~11^exp~10~-3~2026~3~5^exp~10~99.995~2026~5~11^_~10~1~2026~5~11|10:1e21
rows	|:100;food:-1;rent:1
rows	xfer~trans~nan~2025~9~4^exp~01~100~2026~0~1^exp~food~100~2024~1~29^inc~food~0.1~2026~11~31|:nan;01:1e21;trans:1e21;a:0;food:10.5
tier	|0.1,10.5
daily	inc~1~nan~2026~11~31|-1,2026,3,5
today	inc~trans~1e21~2026~5~11^_~01~1e21~2025~9~5^exp~rent~100~2026~3~5|2025,9,4
rows	|01:100;:1e21;4294967295:1
rows	exp~food~10.5~2026~11~31^exp~Z~0~2026~11~31^xfer~a~100~2026~5~10^exp~Z~0~2025~9~5^_~a~99.995~2026~5~11^exp~1~100~2026~11~31|a:100;food:100;1:100;Z:100
total	exp~food~-3~2026~5~11^exp~1~10.5~2025~9~5|
tier	|nan,nan
total	exp~01~nan~2026~11~31^xfer~food~-3~2026~5~11^exp~Z~-0~2026~5~10^exp~food~1e21~2026~3~5|
tier	|1e21,100
rows	|4294967295:100;trans:1;1:1e21;a:100
today	exp~~100~2026~11~31^exp~food~1e21~2026~3~5^exp~a~1e21~2025~9~4^xfer~2~0~2026~3~5|2026,5,11
tier	|10.5,nan
total	xfer~4294967295~0.1~2026~0~1^xfer~2~10.5~2025~9~4^xfer~4294967295~99.995~2025~9~5|
rows	xfer~trans~-0~2026~3~5|Z:0;food:0.0001;a:0;2:100;trans:1e21
tier	|-3,1
tier	|1e21,1e21
total	|
rows	exp~food~-0~2026~5~11^_~food~-0~2026~5~10^exp~4294967295~1~2024~1~29^inc~01~10.5~2026~11~31^_~~10.5~2026~11~31^exp~a~0.1~2026~0~1|4294967295:1e21;rent:0;a:1;01:1e21;food:10.5
rows	exp~2~nan~2026~11~31^exp~trans~0.1~2026~5~11^exp~food~1~2025~9~4|
daily	_~~1~2026~0~1^exp~10~1~2026~3~5^inc~1~1~2024~1~29|10.5,2026,11,31
rows	xfer~Z~1e21~2026~0~1^exp~rent~10.5~2025~9~5^exp~Z~0.1~2026~5~11^_~01~0~2026~5~10^inc~Z~nan~2026~0~1^xfer~Z~-0~2025~9~4|Z:-1
daily	_~~100~2024~1~29|1,2026,5,10
monthly	exp~4294967295~0.1~2025~9~4^xfer~rent~99.995~2026~5~10|100
tier	|0,-1
daily	exp~10~0~2024~1~29^xfer~a~0.1~2026~5~11^exp~2~1e21~2025~9~4^exp~food~0~2025~9~4^exp~rent~0~2025~9~5^exp~10~1e21~2026~3~5|100,2026,0,1
total	inc~food~1~2026~11~31^exp~1~1e21~2026~5~11^exp~01~0~2026~5~11^inc~10~nan~2026~0~1|
total	inc~2~99.995~2025~9~4^inc~a~10.5~2025~9~5^inc~food~-0~2025~9~4^exp~4294967295~nan~2026~5~11^exp~trans~1~2026~5~10|
daily	inc~Z~-3~2025~9~4^_~trans~100~2026~5~11^exp~1~1~2024~1~29^inc~10~99.995~2026~3~5^xfer~trans~1e21~2024~1~29^xfer~trans~1e21~2026~11~31|nan,2026,3,5
tier	|-0,0.0001
rows	inc~10~1e21~2026~11~31^_~2~100~2025~9~4^inc~2~99.995~2024~1~29^exp~~-3~2026~11~31^xfer~a~-3~2026~11~31^exp~2~0.1~2026~11~31|:100;Z:nan;2:100
rows	_~4294967295~1~2024~1~29^exp~food~nan~2025~9~4^inc~01~-0~2026~0~1^xfer~4294967295~99.995~2024~1~29^exp~01~nan~2025~9~4^inc~4294967295~10.5~2024~1~29|01:nan;4294967295:0.0001
total	exp~01~0~2026~0~1^exp~food~10.5~2026~3~5^exp~Z~99.995~2025~9~4^xfer~food~0.1~2025~9~4^_~1~-3~2024~1~29^inc~Z~0.1~2025~9~4|
daily	_~Z~10.5~2026~0~1|0.0001,2026,11,31
monthly	|100
rows	|1:0;4294967295:nan;trans:0.0001
tier	|50,0
tier	|50,nan
tier	|100,100
rows	|zed:100;alpha:100;mid:100
rows	|10:100;2:100;1:100
rows	|b:100;10:100;a:100;2:100
rows	|z:100;4294967295:100;1:100
rows	exp~a~nan~2026~5~10|a:10;b:10
total	|
rows	|
