dim	1999|-2
dim	1999|-1
dim	1999|0
grid	1999|0
dim	1999|1
grid	1999|1
dim	1999|2
grid	1999|2
dim	1999|3
grid	1999|3
dim	1999|4
grid	1999|4
dim	1999|5
grid	1999|5
dim	1999|6
grid	1999|6
dim	1999|7
grid	1999|7
dim	1999|8
grid	1999|8
dim	1999|9
grid	1999|9
dim	1999|10
grid	1999|10
dim	1999|11
grid	1999|11
dim	1999|12
dim	1999|13
dim	2000|-2
dim	2000|-1
dim	2000|0
grid	2000|0
dim	2000|1
grid	2000|1
dim	2000|2
grid	2000|2
dim	2000|3
grid	2000|3
dim	2000|4
grid	2000|4
dim	2000|5
grid	2000|5
dim	2000|6
grid	2000|6
dim	2000|7
grid	2000|7
dim	2000|8
grid	2000|8
dim	2000|9
grid	2000|9
dim	2000|10
grid	2000|10
dim	2000|11
grid	2000|11
dim	2000|12
dim	2000|13
dim	2024|-2
dim	2024|-1
dim	2024|0
grid	2024|0
dim	2024|1
grid	2024|1
dim	2024|2
grid	2024|2
dim	2024|3
grid	2024|3
dim	2024|4
grid	2024|4
dim	2024|5
grid	2024|5
dim	2024|6
grid	2024|6
dim	2024|7
grid	2024|7
dim	2024|8
grid	2024|8
dim	2024|9
grid	2024|9
dim	2024|10
grid	2024|10
dim	2024|11
grid	2024|11
dim	2024|12
dim	2024|13
dim	2025|-2
dim	2025|-1
dim	2025|0
grid	2025|0
dim	2025|1
grid	2025|1
dim	2025|2
grid	2025|2
dim	2025|3
grid	2025|3
dim	2025|4
grid	2025|4
dim	2025|5
grid	2025|5
dim	2025|6
grid	2025|6
dim	2025|7
grid	2025|7
dim	2025|8
grid	2025|8
dim	2025|9
grid	2025|9
dim	2025|10
grid	2025|10
dim	2025|11
grid	2025|11
dim	2025|12
dim	2025|13
dim	2026|-2
dim	2026|-1
dim	2026|0
grid	2026|0
dim	2026|1
grid	2026|1
dim	2026|2
grid	2026|2
dim	2026|3
grid	2026|3
dim	2026|4
grid	2026|4
dim	2026|5
grid	2026|5
dim	2026|6
grid	2026|6
dim	2026|7
grid	2026|7
dim	2026|8
grid	2026|8
dim	2026|9
grid	2026|9
dim	2026|10
grid	2026|10
dim	2026|11
grid	2026|11
dim	2026|12
dim	2026|13
dim	2027|-2
dim	2027|-1
dim	2027|0
grid	2027|0
dim	2027|1
grid	2027|1
dim	2027|2
grid	2027|2
dim	2027|3
grid	2027|3
dim	2027|4
grid	2027|4
dim	2027|5
grid	2027|5
dim	2027|6
grid	2027|6
dim	2027|7
grid	2027|7
dim	2027|8
grid	2027|8
dim	2027|9
grid	2027|9
dim	2027|10
grid	2027|10
dim	2027|11
grid	2027|11
dim	2027|12
dim	2027|13
dim	2100|-2
dim	2100|-1
dim	2100|0
grid	2100|0
dim	2100|1
grid	2100|1
dim	2100|2
grid	2100|2
dim	2100|3
grid	2100|3
dim	2100|4
grid	2100|4
dim	2100|5
grid	2100|5
dim	2100|6
grid	2100|6
dim	2100|7
grid	2100|7
dim	2100|8
grid	2100|8
dim	2100|9
grid	2100|9
dim	2100|10
grid	2100|10
dim	2100|11
grid	2100|11
dim	2100|12
dim	2100|13
mk	2025|-13|-31
mk	2025|-13|0
mk	2025|-13|1
mk	2025|-13|28
mk	2025|-13|29
mk	2025|-13|30
mk	2025|-13|31
mk	2025|-13|32
mk	2025|-13|60
mk	2025|-1|-31
mk	2025|-1|0
mk	2025|-1|1
mk	2025|-1|28
mk	2025|-1|29
mk	2025|-1|30
mk	2025|-1|31
mk	2025|-1|32
mk	2025|-1|60
mk	2025|0|-31
mk	2025|0|0
mk	2025|0|1
mk	2025|0|28
mk	2025|0|29
mk	2025|0|30
mk	2025|0|31
mk	2025|0|32
mk	2025|0|60
mk	2025|1|-31
mk	2025|1|0
mk	2025|1|1
mk	2025|1|28
mk	2025|1|29
mk	2025|1|30
mk	2025|1|31
mk	2025|1|32
mk	2025|1|60
mk	2025|11|-31
mk	2025|11|0
mk	2025|11|1
mk	2025|11|28
mk	2025|11|29
mk	2025|11|30
mk	2025|11|31
mk	2025|11|32
mk	2025|11|60
mk	2025|12|-31
mk	2025|12|0
mk	2025|12|1
mk	2025|12|28
mk	2025|12|29
mk	2025|12|30
mk	2025|12|31
mk	2025|12|32
mk	2025|12|60
mk	2025|25|-31
mk	2025|25|0
mk	2025|25|1
mk	2025|25|28
mk	2025|25|29
mk	2025|25|30
mk	2025|25|31
mk	2025|25|32
mk	2025|25|60
mk	2026|-13|-31
mk	2026|-13|0
mk	2026|-13|1
mk	2026|-13|28
mk	2026|-13|29
mk	2026|-13|30
mk	2026|-13|31
mk	2026|-13|32
mk	2026|-13|60
mk	2026|-1|-31
mk	2026|-1|0
mk	2026|-1|1
mk	2026|-1|28
mk	2026|-1|29
mk	2026|-1|30
mk	2026|-1|31
mk	2026|-1|32
mk	2026|-1|60
mk	2026|0|-31
mk	2026|0|0
mk	2026|0|1
mk	2026|0|28
mk	2026|0|29
mk	2026|0|30
mk	2026|0|31
mk	2026|0|32
mk	2026|0|60
mk	2026|1|-31
mk	2026|1|0
mk	2026|1|1
mk	2026|1|28
mk	2026|1|29
mk	2026|1|30
mk	2026|1|31
mk	2026|1|32
mk	2026|1|60
mk	2026|11|-31
mk	2026|11|0
mk	2026|11|1
mk	2026|11|28
mk	2026|11|29
mk	2026|11|30
mk	2026|11|31
mk	2026|11|32
mk	2026|11|60
mk	2026|12|-31
mk	2026|12|0
mk	2026|12|1
mk	2026|12|28
mk	2026|12|29
mk	2026|12|30
mk	2026|12|31
mk	2026|12|32
mk	2026|12|60
mk	2026|25|-31
mk	2026|25|0
mk	2026|25|1
mk	2026|25|28
mk	2026|25|29
mk	2026|25|30
mk	2026|25|31
mk	2026|25|32
mk	2026|25|60
mk	2024|-13|-31
mk	2024|-13|0
mk	2024|-13|1
mk	2024|-13|28
mk	2024|-13|29
mk	2024|-13|30
mk	2024|-13|31
mk	2024|-13|32
mk	2024|-13|60
mk	2024|-1|-31
mk	2024|-1|0
mk	2024|-1|1
mk	2024|-1|28
mk	2024|-1|29
mk	2024|-1|30
mk	2024|-1|31
mk	2024|-1|32
mk	2024|-1|60
mk	2024|0|-31
mk	2024|0|0
mk	2024|0|1
mk	2024|0|28
mk	2024|0|29
mk	2024|0|30
mk	2024|0|31
mk	2024|0|32
mk	2024|0|60
mk	2024|1|-31
mk	2024|1|0
mk	2024|1|1
mk	2024|1|28
mk	2024|1|29
mk	2024|1|30
mk	2024|1|31
mk	2024|1|32
mk	2024|1|60
mk	2024|11|-31
mk	2024|11|0
mk	2024|11|1
mk	2024|11|28
mk	2024|11|29
mk	2024|11|30
mk	2024|11|31
mk	2024|11|32
mk	2024|11|60
mk	2024|12|-31
mk	2024|12|0
mk	2024|12|1
mk	2024|12|28
mk	2024|12|29
mk	2024|12|30
mk	2024|12|31
mk	2024|12|32
mk	2024|12|60
mk	2024|25|-31
mk	2024|25|0
mk	2024|25|1
mk	2024|25|28
mk	2024|25|29
mk	2024|25|30
mk	2024|25|31
mk	2024|25|32
mk	2024|25|60
range	2025|0|1|0
days	2025|0|1|0
shift	2025|0|1|-2|0
shift	2025|0|1|-1|0
shift	2025|0|1|0|0
shift	2025|0|1|1|0
shift	2025|0|1|2|0
range	2025|0|1|1
days	2025|0|1|1
shift	2025|0|1|-2|1
shift	2025|0|1|-1|1
shift	2025|0|1|0|1
shift	2025|0|1|1|1
shift	2025|0|1|2|1
range	2025|0|1|5
days	2025|0|1|5
shift	2025|0|1|-2|5
shift	2025|0|1|-1|5
shift	2025|0|1|0|5
shift	2025|0|1|1|5
shift	2025|0|1|2|5
range	2025|0|1|15
days	2025|0|1|15
shift	2025|0|1|-2|15
shift	2025|0|1|-1|15
shift	2025|0|1|0|15
shift	2025|0|1|1|15
shift	2025|0|1|2|15
range	2025|0|1|25
days	2025|0|1|25
shift	2025|0|1|-2|25
shift	2025|0|1|-1|25
shift	2025|0|1|0|25
shift	2025|0|1|1|25
shift	2025|0|1|2|25
range	2025|0|1|28
days	2025|0|1|28
shift	2025|0|1|-2|28
shift	2025|0|1|-1|28
shift	2025|0|1|0|28
shift	2025|0|1|1|28
shift	2025|0|1|2|28
range	2025|0|1|29
days	2025|0|1|29
shift	2025|0|1|-2|29
shift	2025|0|1|-1|29
shift	2025|0|1|0|29
shift	2025|0|1|1|29
shift	2025|0|1|2|29
range	2025|0|1|30
days	2025|0|1|30
shift	2025|0|1|-2|30
shift	2025|0|1|-1|30
shift	2025|0|1|0|30
shift	2025|0|1|1|30
shift	2025|0|1|2|30
range	2025|0|1|31
days	2025|0|1|31
shift	2025|0|1|-2|31
shift	2025|0|1|-1|31
shift	2025|0|1|0|31
shift	2025|0|1|1|31
shift	2025|0|1|2|31
range	2025|0|5|0
days	2025|0|5|0
shift	2025|0|5|-2|0
shift	2025|0|5|-1|0
shift	2025|0|5|0|0
shift	2025|0|5|1|0
shift	2025|0|5|2|0
range	2025|0|5|1
days	2025|0|5|1
shift	2025|0|5|-2|1
shift	2025|0|5|-1|1
shift	2025|0|5|0|1
shift	2025|0|5|1|1
shift	2025|0|5|2|1
range	2025|0|5|5
days	2025|0|5|5
shift	2025|0|5|-2|5
shift	2025|0|5|-1|5
shift	2025|0|5|0|5
shift	2025|0|5|1|5
shift	2025|0|5|2|5
range	2025|0|5|15
days	2025|0|5|15
shift	2025|0|5|-2|15
shift	2025|0|5|-1|15
shift	2025|0|5|0|15
shift	2025|0|5|1|15
shift	2025|0|5|2|15
range	2025|0|5|25
days	2025|0|5|25
shift	2025|0|5|-2|25
shift	2025|0|5|-1|25
shift	2025|0|5|0|25
shift	2025|0|5|1|25
shift	2025|0|5|2|25
range	2025|0|5|28
days	2025|0|5|28
shift	2025|0|5|-2|28
shift	2025|0|5|-1|28
shift	2025|0|5|0|28
shift	2025|0|5|1|28
shift	2025|0|5|2|28
range	2025|0|5|29
days	2025|0|5|29
shift	2025|0|5|-2|29
shift	2025|0|5|-1|29
shift	2025|0|5|0|29
shift	2025|0|5|1|29
shift	2025|0|5|2|29
range	2025|0|5|30
days	2025|0|5|30
shift	2025|0|5|-2|30
shift	2025|0|5|-1|30
shift	2025|0|5|0|30
shift	2025|0|5|1|30
shift	2025|0|5|2|30
range	2025|0|5|31
days	2025|0|5|31
shift	2025|0|5|-2|31
shift	2025|0|5|-1|31
shift	2025|0|5|0|31
shift	2025|0|5|1|31
shift	2025|0|5|2|31
range	2025|0|15|0
days	2025|0|15|0
shift	2025|0|15|-2|0
shift	2025|0|15|-1|0
shift	2025|0|15|0|0
shift	2025|0|15|1|0
shift	2025|0|15|2|0
range	2025|0|15|1
days	2025|0|15|1
shift	2025|0|15|-2|1
shift	2025|0|15|-1|1
shift	2025|0|15|0|1
shift	2025|0|15|1|1
shift	2025|0|15|2|1
range	2025|0|15|5
days	2025|0|15|5
shift	2025|0|15|-2|5
shift	2025|0|15|-1|5
shift	2025|0|15|0|5
shift	2025|0|15|1|5
shift	2025|0|15|2|5
range	2025|0|15|15
days	2025|0|15|15
shift	2025|0|15|-2|15
shift	2025|0|15|-1|15
shift	2025|0|15|0|15
shift	2025|0|15|1|15
shift	2025|0|15|2|15
range	2025|0|15|25
days	2025|0|15|25
shift	2025|0|15|-2|25
shift	2025|0|15|-1|25
shift	2025|0|15|0|25
shift	2025|0|15|1|25
shift	2025|0|15|2|25
range	2025|0|15|28
days	2025|0|15|28
shift	2025|0|15|-2|28
shift	2025|0|15|-1|28
shift	2025|0|15|0|28
shift	2025|0|15|1|28
shift	2025|0|15|2|28
range	2025|0|15|29
days	2025|0|15|29
shift	2025|0|15|-2|29
shift	2025|0|15|-1|29
shift	2025|0|15|0|29
shift	2025|0|15|1|29
shift	2025|0|15|2|29
range	2025|0|15|30
days	2025|0|15|30
shift	2025|0|15|-2|30
shift	2025|0|15|-1|30
shift	2025|0|15|0|30
shift	2025|0|15|1|30
shift	2025|0|15|2|30
range	2025|0|15|31
days	2025|0|15|31
shift	2025|0|15|-2|31
shift	2025|0|15|-1|31
shift	2025|0|15|0|31
shift	2025|0|15|1|31
shift	2025|0|15|2|31
range	2025|0|24|0
days	2025|0|24|0
shift	2025|0|24|-2|0
shift	2025|0|24|-1|0
shift	2025|0|24|0|0
shift	2025|0|24|1|0
shift	2025|0|24|2|0
range	2025|0|24|1
days	2025|0|24|1
shift	2025|0|24|-2|1
shift	2025|0|24|-1|1
shift	2025|0|24|0|1
shift	2025|0|24|1|1
shift	2025|0|24|2|1
range	2025|0|24|5
days	2025|0|24|5
shift	2025|0|24|-2|5
shift	2025|0|24|-1|5
shift	2025|0|24|0|5
shift	2025|0|24|1|5
shift	2025|0|24|2|5
range	2025|0|24|15
days	2025|0|24|15
shift	2025|0|24|-2|15
shift	2025|0|24|-1|15
shift	2025|0|24|0|15
shift	2025|0|24|1|15
shift	2025|0|24|2|15
range	2025|0|24|25
days	2025|0|24|25
shift	2025|0|24|-2|25
shift	2025|0|24|-1|25
shift	2025|0|24|0|25
shift	2025|0|24|1|25
shift	2025|0|24|2|25
range	2025|0|24|28
days	2025|0|24|28
shift	2025|0|24|-2|28
shift	2025|0|24|-1|28
shift	2025|0|24|0|28
shift	2025|0|24|1|28
shift	2025|0|24|2|28
range	2025|0|24|29
days	2025|0|24|29
shift	2025|0|24|-2|29
shift	2025|0|24|-1|29
shift	2025|0|24|0|29
shift	2025|0|24|1|29
shift	2025|0|24|2|29
range	2025|0|24|30
days	2025|0|24|30
shift	2025|0|24|-2|30
shift	2025|0|24|-1|30
shift	2025|0|24|0|30
shift	2025|0|24|1|30
shift	2025|0|24|2|30
range	2025|0|24|31
days	2025|0|24|31
shift	2025|0|24|-2|31
shift	2025|0|24|-1|31
shift	2025|0|24|0|31
shift	2025|0|24|1|31
shift	2025|0|24|2|31
range	2025|0|25|0
days	2025|0|25|0
shift	2025|0|25|-2|0
shift	2025|0|25|-1|0
shift	2025|0|25|0|0
shift	2025|0|25|1|0
shift	2025|0|25|2|0
range	2025|0|25|1
days	2025|0|25|1
shift	2025|0|25|-2|1
shift	2025|0|25|-1|1
shift	2025|0|25|0|1
shift	2025|0|25|1|1
shift	2025|0|25|2|1
range	2025|0|25|5
days	2025|0|25|5
shift	2025|0|25|-2|5
shift	2025|0|25|-1|5
shift	2025|0|25|0|5
shift	2025|0|25|1|5
shift	2025|0|25|2|5
range	2025|0|25|15
days	2025|0|25|15
shift	2025|0|25|-2|15
shift	2025|0|25|-1|15
shift	2025|0|25|0|15
shift	2025|0|25|1|15
shift	2025|0|25|2|15
range	2025|0|25|25
days	2025|0|25|25
shift	2025|0|25|-2|25
shift	2025|0|25|-1|25
shift	2025|0|25|0|25
shift	2025|0|25|1|25
shift	2025|0|25|2|25
range	2025|0|25|28
days	2025|0|25|28
shift	2025|0|25|-2|28
shift	2025|0|25|-1|28
shift	2025|0|25|0|28
shift	2025|0|25|1|28
shift	2025|0|25|2|28
range	2025|0|25|29
days	2025|0|25|29
shift	2025|0|25|-2|29
shift	2025|0|25|-1|29
shift	2025|0|25|0|29
shift	2025|0|25|1|29
shift	2025|0|25|2|29
range	2025|0|25|30
days	2025|0|25|30
shift	2025|0|25|-2|30
shift	2025|0|25|-1|30
shift	2025|0|25|0|30
shift	2025|0|25|1|30
shift	2025|0|25|2|30
range	2025|0|25|31
days	2025|0|25|31
shift	2025|0|25|-2|31
shift	2025|0|25|-1|31
shift	2025|0|25|0|31
shift	2025|0|25|1|31
shift	2025|0|25|2|31
range	2025|0|26|0
days	2025|0|26|0
shift	2025|0|26|-2|0
shift	2025|0|26|-1|0
shift	2025|0|26|0|0
shift	2025|0|26|1|0
shift	2025|0|26|2|0
range	2025|0|26|1
days	2025|0|26|1
shift	2025|0|26|-2|1
shift	2025|0|26|-1|1
shift	2025|0|26|0|1
shift	2025|0|26|1|1
shift	2025|0|26|2|1
range	2025|0|26|5
days	2025|0|26|5
shift	2025|0|26|-2|5
shift	2025|0|26|-1|5
shift	2025|0|26|0|5
shift	2025|0|26|1|5
shift	2025|0|26|2|5
range	2025|0|26|15
days	2025|0|26|15
shift	2025|0|26|-2|15
shift	2025|0|26|-1|15
shift	2025|0|26|0|15
shift	2025|0|26|1|15
shift	2025|0|26|2|15
range	2025|0|26|25
days	2025|0|26|25
shift	2025|0|26|-2|25
shift	2025|0|26|-1|25
shift	2025|0|26|0|25
shift	2025|0|26|1|25
shift	2025|0|26|2|25
range	2025|0|26|28
days	2025|0|26|28
shift	2025|0|26|-2|28
shift	2025|0|26|-1|28
shift	2025|0|26|0|28
shift	2025|0|26|1|28
shift	2025|0|26|2|28
range	2025|0|26|29
days	2025|0|26|29
shift	2025|0|26|-2|29
shift	2025|0|26|-1|29
shift	2025|0|26|0|29
shift	2025|0|26|1|29
shift	2025|0|26|2|29
range	2025|0|26|30
days	2025|0|26|30
shift	2025|0|26|-2|30
shift	2025|0|26|-1|30
shift	2025|0|26|0|30
shift	2025|0|26|1|30
shift	2025|0|26|2|30
range	2025|0|26|31
days	2025|0|26|31
shift	2025|0|26|-2|31
shift	2025|0|26|-1|31
shift	2025|0|26|0|31
shift	2025|0|26|1|31
shift	2025|0|26|2|31
range	2025|0|28|0
days	2025|0|28|0
shift	2025|0|28|-2|0
shift	2025|0|28|-1|0
shift	2025|0|28|0|0
shift	2025|0|28|1|0
shift	2025|0|28|2|0
range	2025|0|28|1
days	2025|0|28|1
shift	2025|0|28|-2|1
shift	2025|0|28|-1|1
shift	2025|0|28|0|1
shift	2025|0|28|1|1
shift	2025|0|28|2|1
range	2025|0|28|5
days	2025|0|28|5
shift	2025|0|28|-2|5
shift	2025|0|28|-1|5
shift	2025|0|28|0|5
shift	2025|0|28|1|5
shift	2025|0|28|2|5
range	2025|0|28|15
days	2025|0|28|15
shift	2025|0|28|-2|15
shift	2025|0|28|-1|15
shift	2025|0|28|0|15
shift	2025|0|28|1|15
shift	2025|0|28|2|15
range	2025|0|28|25
days	2025|0|28|25
shift	2025|0|28|-2|25
shift	2025|0|28|-1|25
shift	2025|0|28|0|25
shift	2025|0|28|1|25
shift	2025|0|28|2|25
range	2025|0|28|28
days	2025|0|28|28
shift	2025|0|28|-2|28
shift	2025|0|28|-1|28
shift	2025|0|28|0|28
shift	2025|0|28|1|28
shift	2025|0|28|2|28
range	2025|0|28|29
days	2025|0|28|29
shift	2025|0|28|-2|29
shift	2025|0|28|-1|29
shift	2025|0|28|0|29
shift	2025|0|28|1|29
shift	2025|0|28|2|29
range	2025|0|28|30
days	2025|0|28|30
shift	2025|0|28|-2|30
shift	2025|0|28|-1|30
shift	2025|0|28|0|30
shift	2025|0|28|1|30
shift	2025|0|28|2|30
range	2025|0|28|31
days	2025|0|28|31
shift	2025|0|28|-2|31
shift	2025|0|28|-1|31
shift	2025|0|28|0|31
shift	2025|0|28|1|31
shift	2025|0|28|2|31
range	2025|0|31|0
days	2025|0|31|0
shift	2025|0|31|-2|0
shift	2025|0|31|-1|0
shift	2025|0|31|0|0
shift	2025|0|31|1|0
shift	2025|0|31|2|0
range	2025|0|31|1
days	2025|0|31|1
shift	2025|0|31|-2|1
shift	2025|0|31|-1|1
shift	2025|0|31|0|1
shift	2025|0|31|1|1
shift	2025|0|31|2|1
range	2025|0|31|5
days	2025|0|31|5
shift	2025|0|31|-2|5
shift	2025|0|31|-1|5
shift	2025|0|31|0|5
shift	2025|0|31|1|5
shift	2025|0|31|2|5
range	2025|0|31|15
days	2025|0|31|15
shift	2025|0|31|-2|15
shift	2025|0|31|-1|15
shift	2025|0|31|0|15
shift	2025|0|31|1|15
shift	2025|0|31|2|15
range	2025|0|31|25
days	2025|0|31|25
shift	2025|0|31|-2|25
shift	2025|0|31|-1|25
shift	2025|0|31|0|25
shift	2025|0|31|1|25
shift	2025|0|31|2|25
range	2025|0|31|28
days	2025|0|31|28
shift	2025|0|31|-2|28
shift	2025|0|31|-1|28
shift	2025|0|31|0|28
shift	2025|0|31|1|28
shift	2025|0|31|2|28
range	2025|0|31|29
days	2025|0|31|29
shift	2025|0|31|-2|29
shift	2025|0|31|-1|29
shift	2025|0|31|0|29
shift	2025|0|31|1|29
shift	2025|0|31|2|29
range	2025|0|31|30
days	2025|0|31|30
shift	2025|0|31|-2|30
shift	2025|0|31|-1|30
shift	2025|0|31|0|30
shift	2025|0|31|1|30
shift	2025|0|31|2|30
range	2025|0|31|31
days	2025|0|31|31
shift	2025|0|31|-2|31
shift	2025|0|31|-1|31
shift	2025|0|31|0|31
shift	2025|0|31|1|31
shift	2025|0|31|2|31
range	2025|1|1|0
days	2025|1|1|0
shift	2025|1|1|-2|0
shift	2025|1|1|-1|0
shift	2025|1|1|0|0
shift	2025|1|1|1|0
shift	2025|1|1|2|0
range	2025|1|1|1
days	2025|1|1|1
shift	2025|1|1|-2|1
shift	2025|1|1|-1|1
shift	2025|1|1|0|1
shift	2025|1|1|1|1
shift	2025|1|1|2|1
range	2025|1|1|5
days	2025|1|1|5
shift	2025|1|1|-2|5
shift	2025|1|1|-1|5
shift	2025|1|1|0|5
shift	2025|1|1|1|5
shift	2025|1|1|2|5
range	2025|1|1|15
days	2025|1|1|15
shift	2025|1|1|-2|15
shift	2025|1|1|-1|15
shift	2025|1|1|0|15
shift	2025|1|1|1|15
shift	2025|1|1|2|15
range	2025|1|1|25
days	2025|1|1|25
shift	2025|1|1|-2|25
shift	2025|1|1|-1|25
shift	2025|1|1|0|25
shift	2025|1|1|1|25
shift	2025|1|1|2|25
range	2025|1|1|28
days	2025|1|1|28
shift	2025|1|1|-2|28
shift	2025|1|1|-1|28
shift	2025|1|1|0|28
shift	2025|1|1|1|28
shift	2025|1|1|2|28
range	2025|1|1|29
days	2025|1|1|29
shift	2025|1|1|-2|29
shift	2025|1|1|-1|29
shift	2025|1|1|0|29
shift	2025|1|1|1|29
shift	2025|1|1|2|29
range	2025|1|1|30
days	2025|1|1|30
shift	2025|1|1|-2|30
shift	2025|1|1|-1|30
shift	2025|1|1|0|30
shift	2025|1|1|1|30
shift	2025|1|1|2|30
range	2025|1|1|31
days	2025|1|1|31
shift	2025|1|1|-2|31
shift	2025|1|1|-1|31
shift	2025|1|1|0|31
shift	2025|1|1|1|31
shift	2025|1|1|2|31
range	2025|1|5|0
days	2025|1|5|0
shift	2025|1|5|-2|0
shift	2025|1|5|-1|0
shift	2025|1|5|0|0
shift	2025|1|5|1|0
shift	2025|1|5|2|0
range	2025|1|5|1
days	2025|1|5|1
shift	2025|1|5|-2|1
shift	2025|1|5|-1|1
shift	2025|1|5|0|1
shift	2025|1|5|1|1
shift	2025|1|5|2|1
range	2025|1|5|5
days	2025|1|5|5
shift	2025|1|5|-2|5
shift	2025|1|5|-1|5
shift	2025|1|5|0|5
shift	2025|1|5|1|5
shift	2025|1|5|2|5
range	2025|1|5|15
days	2025|1|5|15
shift	2025|1|5|-2|15
shift	2025|1|5|-1|15
shift	2025|1|5|0|15
shift	2025|1|5|1|15
shift	2025|1|5|2|15
range	2025|1|5|25
days	2025|1|5|25
shift	2025|1|5|-2|25
shift	2025|1|5|-1|25
shift	2025|1|5|0|25
shift	2025|1|5|1|25
shift	2025|1|5|2|25
range	2025|1|5|28
days	2025|1|5|28
shift	2025|1|5|-2|28
shift	2025|1|5|-1|28
shift	2025|1|5|0|28
shift	2025|1|5|1|28
shift	2025|1|5|2|28
range	2025|1|5|29
days	2025|1|5|29
shift	2025|1|5|-2|29
shift	2025|1|5|-1|29
shift	2025|1|5|0|29
shift	2025|1|5|1|29
shift	2025|1|5|2|29
range	2025|1|5|30
days	2025|1|5|30
shift	2025|1|5|-2|30
shift	2025|1|5|-1|30
shift	2025|1|5|0|30
shift	2025|1|5|1|30
shift	2025|1|5|2|30
range	2025|1|5|31
days	2025|1|5|31
shift	2025|1|5|-2|31
shift	2025|1|5|-1|31
shift	2025|1|5|0|31
shift	2025|1|5|1|31
shift	2025|1|5|2|31
range	2025|1|15|0
days	2025|1|15|0
shift	2025|1|15|-2|0
shift	2025|1|15|-1|0
shift	2025|1|15|0|0
shift	2025|1|15|1|0
shift	2025|1|15|2|0
range	2025|1|15|1
days	2025|1|15|1
shift	2025|1|15|-2|1
shift	2025|1|15|-1|1
shift	2025|1|15|0|1
shift	2025|1|15|1|1
shift	2025|1|15|2|1
range	2025|1|15|5
days	2025|1|15|5
shift	2025|1|15|-2|5
shift	2025|1|15|-1|5
shift	2025|1|15|0|5
shift	2025|1|15|1|5
shift	2025|1|15|2|5
range	2025|1|15|15
days	2025|1|15|15
shift	2025|1|15|-2|15
shift	2025|1|15|-1|15
shift	2025|1|15|0|15
shift	2025|1|15|1|15
shift	2025|1|15|2|15
range	2025|1|15|25
days	2025|1|15|25
shift	2025|1|15|-2|25
shift	2025|1|15|-1|25
shift	2025|1|15|0|25
shift	2025|1|15|1|25
shift	2025|1|15|2|25
range	2025|1|15|28
days	2025|1|15|28
shift	2025|1|15|-2|28
shift	2025|1|15|-1|28
shift	2025|1|15|0|28
shift	2025|1|15|1|28
shift	2025|1|15|2|28
range	2025|1|15|29
days	2025|1|15|29
shift	2025|1|15|-2|29
shift	2025|1|15|-1|29
shift	2025|1|15|0|29
shift	2025|1|15|1|29
shift	2025|1|15|2|29
range	2025|1|15|30
days	2025|1|15|30
shift	2025|1|15|-2|30
shift	2025|1|15|-1|30
shift	2025|1|15|0|30
shift	2025|1|15|1|30
shift	2025|1|15|2|30
range	2025|1|15|31
days	2025|1|15|31
shift	2025|1|15|-2|31
shift	2025|1|15|-1|31
shift	2025|1|15|0|31
shift	2025|1|15|1|31
shift	2025|1|15|2|31
range	2025|1|24|0
days	2025|1|24|0
shift	2025|1|24|-2|0
shift	2025|1|24|-1|0
shift	2025|1|24|0|0
shift	2025|1|24|1|0
shift	2025|1|24|2|0
range	2025|1|24|1
days	2025|1|24|1
shift	2025|1|24|-2|1
shift	2025|1|24|-1|1
shift	2025|1|24|0|1
shift	2025|1|24|1|1
shift	2025|1|24|2|1
range	2025|1|24|5
days	2025|1|24|5
shift	2025|1|24|-2|5
shift	2025|1|24|-1|5
shift	2025|1|24|0|5
shift	2025|1|24|1|5
shift	2025|1|24|2|5
range	2025|1|24|15
days	2025|1|24|15
shift	2025|1|24|-2|15
shift	2025|1|24|-1|15
shift	2025|1|24|0|15
shift	2025|1|24|1|15
shift	2025|1|24|2|15
range	2025|1|24|25
days	2025|1|24|25
shift	2025|1|24|-2|25
shift	2025|1|24|-1|25
shift	2025|1|24|0|25
shift	2025|1|24|1|25
shift	2025|1|24|2|25
range	2025|1|24|28
days	2025|1|24|28
shift	2025|1|24|-2|28
shift	2025|1|24|-1|28
shift	2025|1|24|0|28
shift	2025|1|24|1|28
shift	2025|1|24|2|28
range	2025|1|24|29
days	2025|1|24|29
shift	2025|1|24|-2|29
shift	2025|1|24|-1|29
shift	2025|1|24|0|29
shift	2025|1|24|1|29
shift	2025|1|24|2|29
range	2025|1|24|30
days	2025|1|24|30
shift	2025|1|24|-2|30
shift	2025|1|24|-1|30
shift	2025|1|24|0|30
shift	2025|1|24|1|30
shift	2025|1|24|2|30
range	2025|1|24|31
days	2025|1|24|31
shift	2025|1|24|-2|31
shift	2025|1|24|-1|31
shift	2025|1|24|0|31
shift	2025|1|24|1|31
shift	2025|1|24|2|31
range	2025|1|25|0
days	2025|1|25|0
shift	2025|1|25|-2|0
shift	2025|1|25|-1|0
shift	2025|1|25|0|0
shift	2025|1|25|1|0
shift	2025|1|25|2|0
range	2025|1|25|1
days	2025|1|25|1
shift	2025|1|25|-2|1
shift	2025|1|25|-1|1
shift	2025|1|25|0|1
shift	2025|1|25|1|1
shift	2025|1|25|2|1
range	2025|1|25|5
days	2025|1|25|5
shift	2025|1|25|-2|5
shift	2025|1|25|-1|5
shift	2025|1|25|0|5
shift	2025|1|25|1|5
shift	2025|1|25|2|5
range	2025|1|25|15
days	2025|1|25|15
shift	2025|1|25|-2|15
shift	2025|1|25|-1|15
shift	2025|1|25|0|15
shift	2025|1|25|1|15
shift	2025|1|25|2|15
range	2025|1|25|25
days	2025|1|25|25
shift	2025|1|25|-2|25
shift	2025|1|25|-1|25
shift	2025|1|25|0|25
shift	2025|1|25|1|25
shift	2025|1|25|2|25
range	2025|1|25|28
days	2025|1|25|28
shift	2025|1|25|-2|28
shift	2025|1|25|-1|28
shift	2025|1|25|0|28
shift	2025|1|25|1|28
shift	2025|1|25|2|28
range	2025|1|25|29
days	2025|1|25|29
shift	2025|1|25|-2|29
shift	2025|1|25|-1|29
shift	2025|1|25|0|29
shift	2025|1|25|1|29
shift	2025|1|25|2|29
range	2025|1|25|30
days	2025|1|25|30
shift	2025|1|25|-2|30
shift	2025|1|25|-1|30
shift	2025|1|25|0|30
shift	2025|1|25|1|30
shift	2025|1|25|2|30
range	2025|1|25|31
days	2025|1|25|31
shift	2025|1|25|-2|31
shift	2025|1|25|-1|31
shift	2025|1|25|0|31
shift	2025|1|25|1|31
shift	2025|1|25|2|31
range	2025|1|26|0
days	2025|1|26|0
shift	2025|1|26|-2|0
shift	2025|1|26|-1|0
shift	2025|1|26|0|0
shift	2025|1|26|1|0
shift	2025|1|26|2|0
range	2025|1|26|1
days	2025|1|26|1
shift	2025|1|26|-2|1
shift	2025|1|26|-1|1
shift	2025|1|26|0|1
shift	2025|1|26|1|1
shift	2025|1|26|2|1
range	2025|1|26|5
days	2025|1|26|5
shift	2025|1|26|-2|5
shift	2025|1|26|-1|5
shift	2025|1|26|0|5
shift	2025|1|26|1|5
shift	2025|1|26|2|5
range	2025|1|26|15
days	2025|1|26|15
shift	2025|1|26|-2|15
shift	2025|1|26|-1|15
shift	2025|1|26|0|15
shift	2025|1|26|1|15
shift	2025|1|26|2|15
range	2025|1|26|25
days	2025|1|26|25
shift	2025|1|26|-2|25
shift	2025|1|26|-1|25
shift	2025|1|26|0|25
shift	2025|1|26|1|25
shift	2025|1|26|2|25
range	2025|1|26|28
days	2025|1|26|28
shift	2025|1|26|-2|28
shift	2025|1|26|-1|28
shift	2025|1|26|0|28
shift	2025|1|26|1|28
shift	2025|1|26|2|28
range	2025|1|26|29
days	2025|1|26|29
shift	2025|1|26|-2|29
shift	2025|1|26|-1|29
shift	2025|1|26|0|29
shift	2025|1|26|1|29
shift	2025|1|26|2|29
range	2025|1|26|30
days	2025|1|26|30
shift	2025|1|26|-2|30
shift	2025|1|26|-1|30
shift	2025|1|26|0|30
shift	2025|1|26|1|30
shift	2025|1|26|2|30
range	2025|1|26|31
days	2025|1|26|31
shift	2025|1|26|-2|31
shift	2025|1|26|-1|31
shift	2025|1|26|0|31
shift	2025|1|26|1|31
shift	2025|1|26|2|31
range	2025|1|28|0
days	2025|1|28|0
shift	2025|1|28|-2|0
shift	2025|1|28|-1|0
shift	2025|1|28|0|0
shift	2025|1|28|1|0
shift	2025|1|28|2|0
range	2025|1|28|1
days	2025|1|28|1
shift	2025|1|28|-2|1
shift	2025|1|28|-1|1
shift	2025|1|28|0|1
shift	2025|1|28|1|1
shift	2025|1|28|2|1
range	2025|1|28|5
days	2025|1|28|5
shift	2025|1|28|-2|5
shift	2025|1|28|-1|5
shift	2025|1|28|0|5
shift	2025|1|28|1|5
shift	2025|1|28|2|5
range	2025|1|28|15
days	2025|1|28|15
shift	2025|1|28|-2|15
shift	2025|1|28|-1|15
shift	2025|1|28|0|15
shift	2025|1|28|1|15
shift	2025|1|28|2|15
range	2025|1|28|25
days	2025|1|28|25
shift	2025|1|28|-2|25
shift	2025|1|28|-1|25
shift	2025|1|28|0|25
shift	2025|1|28|1|25
shift	2025|1|28|2|25
range	2025|1|28|28
days	2025|1|28|28
shift	2025|1|28|-2|28
shift	2025|1|28|-1|28
shift	2025|1|28|0|28
shift	2025|1|28|1|28
shift	2025|1|28|2|28
range	2025|1|28|29
days	2025|1|28|29
shift	2025|1|28|-2|29
shift	2025|1|28|-1|29
shift	2025|1|28|0|29
shift	2025|1|28|1|29
shift	2025|1|28|2|29
range	2025|1|28|30
days	2025|1|28|30
shift	2025|1|28|-2|30
shift	2025|1|28|-1|30
shift	2025|1|28|0|30
shift	2025|1|28|1|30
shift	2025|1|28|2|30
range	2025|1|28|31
days	2025|1|28|31
shift	2025|1|28|-2|31
shift	2025|1|28|-1|31
shift	2025|1|28|0|31
shift	2025|1|28|1|31
shift	2025|1|28|2|31
range	2025|1|31|0
days	2025|1|31|0
shift	2025|1|31|-2|0
shift	2025|1|31|-1|0
shift	2025|1|31|0|0
shift	2025|1|31|1|0
shift	2025|1|31|2|0
range	2025|1|31|1
days	2025|1|31|1
shift	2025|1|31|-2|1
shift	2025|1|31|-1|1
shift	2025|1|31|0|1
shift	2025|1|31|1|1
shift	2025|1|31|2|1
range	2025|1|31|5
days	2025|1|31|5
shift	2025|1|31|-2|5
shift	2025|1|31|-1|5
shift	2025|1|31|0|5
shift	2025|1|31|1|5
shift	2025|1|31|2|5
range	2025|1|31|15
days	2025|1|31|15
shift	2025|1|31|-2|15
shift	2025|1|31|-1|15
shift	2025|1|31|0|15
shift	2025|1|31|1|15
shift	2025|1|31|2|15
range	2025|1|31|25
days	2025|1|31|25
shift	2025|1|31|-2|25
shift	2025|1|31|-1|25
shift	2025|1|31|0|25
shift	2025|1|31|1|25
shift	2025|1|31|2|25
range	2025|1|31|28
days	2025|1|31|28
shift	2025|1|31|-2|28
shift	2025|1|31|-1|28
shift	2025|1|31|0|28
shift	2025|1|31|1|28
shift	2025|1|31|2|28
range	2025|1|31|29
days	2025|1|31|29
shift	2025|1|31|-2|29
shift	2025|1|31|-1|29
shift	2025|1|31|0|29
shift	2025|1|31|1|29
shift	2025|1|31|2|29
range	2025|1|31|30
days	2025|1|31|30
shift	2025|1|31|-2|30
shift	2025|1|31|-1|30
shift	2025|1|31|0|30
shift	2025|1|31|1|30
shift	2025|1|31|2|30
range	2025|1|31|31
days	2025|1|31|31
shift	2025|1|31|-2|31
shift	2025|1|31|-1|31
shift	2025|1|31|0|31
shift	2025|1|31|1|31
shift	2025|1|31|2|31
range	2025|2|1|0
days	2025|2|1|0
shift	2025|2|1|-2|0
shift	2025|2|1|-1|0
shift	2025|2|1|0|0
shift	2025|2|1|1|0
shift	2025|2|1|2|0
range	2025|2|1|1
days	2025|2|1|1
shift	2025|2|1|-2|1
shift	2025|2|1|-1|1
shift	2025|2|1|0|1
shift	2025|2|1|1|1
shift	2025|2|1|2|1
range	2025|2|1|5
days	2025|2|1|5
shift	2025|2|1|-2|5
shift	2025|2|1|-1|5
shift	2025|2|1|0|5
shift	2025|2|1|1|5
shift	2025|2|1|2|5
range	2025|2|1|15
days	2025|2|1|15
shift	2025|2|1|-2|15
shift	2025|2|1|-1|15
shift	2025|2|1|0|15
shift	2025|2|1|1|15
shift	2025|2|1|2|15
range	2025|2|1|25
days	2025|2|1|25
shift	2025|2|1|-2|25
shift	2025|2|1|-1|25
shift	2025|2|1|0|25
shift	2025|2|1|1|25
shift	2025|2|1|2|25
range	2025|2|1|28
days	2025|2|1|28
shift	2025|2|1|-2|28
shift	2025|2|1|-1|28
shift	2025|2|1|0|28
shift	2025|2|1|1|28
shift	2025|2|1|2|28
range	2025|2|1|29
days	2025|2|1|29
shift	2025|2|1|-2|29
shift	2025|2|1|-1|29
shift	2025|2|1|0|29
shift	2025|2|1|1|29
shift	2025|2|1|2|29
range	2025|2|1|30
days	2025|2|1|30
shift	2025|2|1|-2|30
shift	2025|2|1|-1|30
shift	2025|2|1|0|30
shift	2025|2|1|1|30
shift	2025|2|1|2|30
range	2025|2|1|31
days	2025|2|1|31
shift	2025|2|1|-2|31
shift	2025|2|1|-1|31
shift	2025|2|1|0|31
shift	2025|2|1|1|31
shift	2025|2|1|2|31
range	2025|2|5|0
days	2025|2|5|0
shift	2025|2|5|-2|0
shift	2025|2|5|-1|0
shift	2025|2|5|0|0
shift	2025|2|5|1|0
shift	2025|2|5|2|0
range	2025|2|5|1
days	2025|2|5|1
shift	2025|2|5|-2|1
shift	2025|2|5|-1|1
shift	2025|2|5|0|1
shift	2025|2|5|1|1
shift	2025|2|5|2|1
range	2025|2|5|5
days	2025|2|5|5
shift	2025|2|5|-2|5
shift	2025|2|5|-1|5
shift	2025|2|5|0|5
shift	2025|2|5|1|5
shift	2025|2|5|2|5
range	2025|2|5|15
days	2025|2|5|15
shift	2025|2|5|-2|15
shift	2025|2|5|-1|15
shift	2025|2|5|0|15
shift	2025|2|5|1|15
shift	2025|2|5|2|15
range	2025|2|5|25
days	2025|2|5|25
shift	2025|2|5|-2|25
shift	2025|2|5|-1|25
shift	2025|2|5|0|25
shift	2025|2|5|1|25
shift	2025|2|5|2|25
range	2025|2|5|28
days	2025|2|5|28
shift	2025|2|5|-2|28
shift	2025|2|5|-1|28
shift	2025|2|5|0|28
shift	2025|2|5|1|28
shift	2025|2|5|2|28
range	2025|2|5|29
days	2025|2|5|29
shift	2025|2|5|-2|29
shift	2025|2|5|-1|29
shift	2025|2|5|0|29
shift	2025|2|5|1|29
shift	2025|2|5|2|29
range	2025|2|5|30
days	2025|2|5|30
shift	2025|2|5|-2|30
shift	2025|2|5|-1|30
shift	2025|2|5|0|30
shift	2025|2|5|1|30
shift	2025|2|5|2|30
range	2025|2|5|31
days	2025|2|5|31
shift	2025|2|5|-2|31
shift	2025|2|5|-1|31
shift	2025|2|5|0|31
shift	2025|2|5|1|31
shift	2025|2|5|2|31
range	2025|2|15|0
days	2025|2|15|0
shift	2025|2|15|-2|0
shift	2025|2|15|-1|0
shift	2025|2|15|0|0
shift	2025|2|15|1|0
shift	2025|2|15|2|0
range	2025|2|15|1
days	2025|2|15|1
shift	2025|2|15|-2|1
shift	2025|2|15|-1|1
shift	2025|2|15|0|1
shift	2025|2|15|1|1
shift	2025|2|15|2|1
range	2025|2|15|5
days	2025|2|15|5
shift	2025|2|15|-2|5
shift	2025|2|15|-1|5
shift	2025|2|15|0|5
shift	2025|2|15|1|5
shift	2025|2|15|2|5
range	2025|2|15|15
days	2025|2|15|15
shift	2025|2|15|-2|15
shift	2025|2|15|-1|15
shift	2025|2|15|0|15
shift	2025|2|15|1|15
shift	2025|2|15|2|15
range	2025|2|15|25
days	2025|2|15|25
shift	2025|2|15|-2|25
shift	2025|2|15|-1|25
shift	2025|2|15|0|25
shift	2025|2|15|1|25
shift	2025|2|15|2|25
range	2025|2|15|28
days	2025|2|15|28
shift	2025|2|15|-2|28
shift	2025|2|15|-1|28
shift	2025|2|15|0|28
shift	2025|2|15|1|28
shift	2025|2|15|2|28
range	2025|2|15|29
days	2025|2|15|29
shift	2025|2|15|-2|29
shift	2025|2|15|-1|29
shift	2025|2|15|0|29
shift	2025|2|15|1|29
shift	2025|2|15|2|29
range	2025|2|15|30
days	2025|2|15|30
shift	2025|2|15|-2|30
shift	2025|2|15|-1|30
shift	2025|2|15|0|30
shift	2025|2|15|1|30
shift	2025|2|15|2|30
range	2025|2|15|31
days	2025|2|15|31
shift	2025|2|15|-2|31
shift	2025|2|15|-1|31
shift	2025|2|15|0|31
shift	2025|2|15|1|31
shift	2025|2|15|2|31
range	2025|2|24|0
days	2025|2|24|0
shift	2025|2|24|-2|0
shift	2025|2|24|-1|0
shift	2025|2|24|0|0
shift	2025|2|24|1|0
shift	2025|2|24|2|0
range	2025|2|24|1
days	2025|2|24|1
shift	2025|2|24|-2|1
shift	2025|2|24|-1|1
shift	2025|2|24|0|1
shift	2025|2|24|1|1
shift	2025|2|24|2|1
range	2025|2|24|5
days	2025|2|24|5
shift	2025|2|24|-2|5
shift	2025|2|24|-1|5
shift	2025|2|24|0|5
shift	2025|2|24|1|5
shift	2025|2|24|2|5
range	2025|2|24|15
days	2025|2|24|15
shift	2025|2|24|-2|15
shift	2025|2|24|-1|15
shift	2025|2|24|0|15
shift	2025|2|24|1|15
shift	2025|2|24|2|15
range	2025|2|24|25
days	2025|2|24|25
shift	2025|2|24|-2|25
shift	2025|2|24|-1|25
shift	2025|2|24|0|25
shift	2025|2|24|1|25
shift	2025|2|24|2|25
range	2025|2|24|28
days	2025|2|24|28
shift	2025|2|24|-2|28
shift	2025|2|24|-1|28
shift	2025|2|24|0|28
shift	2025|2|24|1|28
shift	2025|2|24|2|28
range	2025|2|24|29
days	2025|2|24|29
shift	2025|2|24|-2|29
shift	2025|2|24|-1|29
shift	2025|2|24|0|29
shift	2025|2|24|1|29
shift	2025|2|24|2|29
range	2025|2|24|30
days	2025|2|24|30
shift	2025|2|24|-2|30
shift	2025|2|24|-1|30
shift	2025|2|24|0|30
shift	2025|2|24|1|30
shift	2025|2|24|2|30
range	2025|2|24|31
days	2025|2|24|31
shift	2025|2|24|-2|31
shift	2025|2|24|-1|31
shift	2025|2|24|0|31
shift	2025|2|24|1|31
shift	2025|2|24|2|31
range	2025|2|25|0
days	2025|2|25|0
shift	2025|2|25|-2|0
shift	2025|2|25|-1|0
shift	2025|2|25|0|0
shift	2025|2|25|1|0
shift	2025|2|25|2|0
range	2025|2|25|1
days	2025|2|25|1
shift	2025|2|25|-2|1
shift	2025|2|25|-1|1
shift	2025|2|25|0|1
shift	2025|2|25|1|1
shift	2025|2|25|2|1
range	2025|2|25|5
days	2025|2|25|5
shift	2025|2|25|-2|5
shift	2025|2|25|-1|5
shift	2025|2|25|0|5
shift	2025|2|25|1|5
shift	2025|2|25|2|5
range	2025|2|25|15
days	2025|2|25|15
shift	2025|2|25|-2|15
shift	2025|2|25|-1|15
shift	2025|2|25|0|15
shift	2025|2|25|1|15
shift	2025|2|25|2|15
range	2025|2|25|25
days	2025|2|25|25
shift	2025|2|25|-2|25
shift	2025|2|25|-1|25
shift	2025|2|25|0|25
shift	2025|2|25|1|25
shift	2025|2|25|2|25
range	2025|2|25|28
days	2025|2|25|28
shift	2025|2|25|-2|28
shift	2025|2|25|-1|28
shift	2025|2|25|0|28
shift	2025|2|25|1|28
shift	2025|2|25|2|28
range	2025|2|25|29
days	2025|2|25|29
shift	2025|2|25|-2|29
shift	2025|2|25|-1|29
shift	2025|2|25|0|29
shift	2025|2|25|1|29
shift	2025|2|25|2|29
range	2025|2|25|30
days	2025|2|25|30
shift	2025|2|25|-2|30
shift	2025|2|25|-1|30
shift	2025|2|25|0|30
shift	2025|2|25|1|30
shift	2025|2|25|2|30
range	2025|2|25|31
days	2025|2|25|31
shift	2025|2|25|-2|31
shift	2025|2|25|-1|31
shift	2025|2|25|0|31
shift	2025|2|25|1|31
shift	2025|2|25|2|31
range	2025|2|26|0
days	2025|2|26|0
shift	2025|2|26|-2|0
shift	2025|2|26|-1|0
shift	2025|2|26|0|0
shift	2025|2|26|1|0
shift	2025|2|26|2|0
range	2025|2|26|1
days	2025|2|26|1
shift	2025|2|26|-2|1
shift	2025|2|26|-1|1
shift	2025|2|26|0|1
shift	2025|2|26|1|1
shift	2025|2|26|2|1
range	2025|2|26|5
days	2025|2|26|5
shift	2025|2|26|-2|5
shift	2025|2|26|-1|5
shift	2025|2|26|0|5
shift	2025|2|26|1|5
shift	2025|2|26|2|5
range	2025|2|26|15
days	2025|2|26|15
shift	2025|2|26|-2|15
shift	2025|2|26|-1|15
shift	2025|2|26|0|15
shift	2025|2|26|1|15
shift	2025|2|26|2|15
range	2025|2|26|25
days	2025|2|26|25
shift	2025|2|26|-2|25
shift	2025|2|26|-1|25
shift	2025|2|26|0|25
shift	2025|2|26|1|25
shift	2025|2|26|2|25
range	2025|2|26|28
days	2025|2|26|28
shift	2025|2|26|-2|28
shift	2025|2|26|-1|28
shift	2025|2|26|0|28
shift	2025|2|26|1|28
shift	2025|2|26|2|28
range	2025|2|26|29
days	2025|2|26|29
shift	2025|2|26|-2|29
shift	2025|2|26|-1|29
shift	2025|2|26|0|29
shift	2025|2|26|1|29
shift	2025|2|26|2|29
range	2025|2|26|30
days	2025|2|26|30
shift	2025|2|26|-2|30
shift	2025|2|26|-1|30
shift	2025|2|26|0|30
shift	2025|2|26|1|30
shift	2025|2|26|2|30
range	2025|2|26|31
days	2025|2|26|31
shift	2025|2|26|-2|31
shift	2025|2|26|-1|31
shift	2025|2|26|0|31
shift	2025|2|26|1|31
shift	2025|2|26|2|31
range	2025|2|28|0
days	2025|2|28|0
shift	2025|2|28|-2|0
shift	2025|2|28|-1|0
shift	2025|2|28|0|0
shift	2025|2|28|1|0
shift	2025|2|28|2|0
range	2025|2|28|1
days	2025|2|28|1
shift	2025|2|28|-2|1
shift	2025|2|28|-1|1
shift	2025|2|28|0|1
shift	2025|2|28|1|1
shift	2025|2|28|2|1
range	2025|2|28|5
days	2025|2|28|5
shift	2025|2|28|-2|5
shift	2025|2|28|-1|5
shift	2025|2|28|0|5
shift	2025|2|28|1|5
shift	2025|2|28|2|5
range	2025|2|28|15
days	2025|2|28|15
shift	2025|2|28|-2|15
shift	2025|2|28|-1|15
shift	2025|2|28|0|15
shift	2025|2|28|1|15
shift	2025|2|28|2|15
range	2025|2|28|25
days	2025|2|28|25
shift	2025|2|28|-2|25
shift	2025|2|28|-1|25
shift	2025|2|28|0|25
shift	2025|2|28|1|25
shift	2025|2|28|2|25
range	2025|2|28|28
days	2025|2|28|28
shift	2025|2|28|-2|28
shift	2025|2|28|-1|28
shift	2025|2|28|0|28
shift	2025|2|28|1|28
shift	2025|2|28|2|28
range	2025|2|28|29
days	2025|2|28|29
shift	2025|2|28|-2|29
shift	2025|2|28|-1|29
shift	2025|2|28|0|29
shift	2025|2|28|1|29
shift	2025|2|28|2|29
range	2025|2|28|30
days	2025|2|28|30
shift	2025|2|28|-2|30
shift	2025|2|28|-1|30
shift	2025|2|28|0|30
shift	2025|2|28|1|30
shift	2025|2|28|2|30
range	2025|2|28|31
days	2025|2|28|31
shift	2025|2|28|-2|31
shift	2025|2|28|-1|31
shift	2025|2|28|0|31
shift	2025|2|28|1|31
shift	2025|2|28|2|31
range	2025|2|31|0
days	2025|2|31|0
shift	2025|2|31|-2|0
shift	2025|2|31|-1|0
shift	2025|2|31|0|0
shift	2025|2|31|1|0
shift	2025|2|31|2|0
range	2025|2|31|1
days	2025|2|31|1
shift	2025|2|31|-2|1
shift	2025|2|31|-1|1
shift	2025|2|31|0|1
shift	2025|2|31|1|1
shift	2025|2|31|2|1
range	2025|2|31|5
days	2025|2|31|5
shift	2025|2|31|-2|5
shift	2025|2|31|-1|5
shift	2025|2|31|0|5
shift	2025|2|31|1|5
shift	2025|2|31|2|5
range	2025|2|31|15
days	2025|2|31|15
shift	2025|2|31|-2|15
shift	2025|2|31|-1|15
shift	2025|2|31|0|15
shift	2025|2|31|1|15
shift	2025|2|31|2|15
range	2025|2|31|25
days	2025|2|31|25
shift	2025|2|31|-2|25
shift	2025|2|31|-1|25
shift	2025|2|31|0|25
shift	2025|2|31|1|25
shift	2025|2|31|2|25
range	2025|2|31|28
days	2025|2|31|28
shift	2025|2|31|-2|28
shift	2025|2|31|-1|28
shift	2025|2|31|0|28
shift	2025|2|31|1|28
shift	2025|2|31|2|28
range	2025|2|31|29
days	2025|2|31|29
shift	2025|2|31|-2|29
shift	2025|2|31|-1|29
shift	2025|2|31|0|29
shift	2025|2|31|1|29
shift	2025|2|31|2|29
range	2025|2|31|30
days	2025|2|31|30
shift	2025|2|31|-2|30
shift	2025|2|31|-1|30
shift	2025|2|31|0|30
shift	2025|2|31|1|30
shift	2025|2|31|2|30
range	2025|2|31|31
days	2025|2|31|31
shift	2025|2|31|-2|31
shift	2025|2|31|-1|31
shift	2025|2|31|0|31
shift	2025|2|31|1|31
shift	2025|2|31|2|31
range	2025|3|1|0
days	2025|3|1|0
shift	2025|3|1|-2|0
shift	2025|3|1|-1|0
shift	2025|3|1|0|0
shift	2025|3|1|1|0
shift	2025|3|1|2|0
range	2025|3|1|1
days	2025|3|1|1
shift	2025|3|1|-2|1
shift	2025|3|1|-1|1
shift	2025|3|1|0|1
shift	2025|3|1|1|1
shift	2025|3|1|2|1
range	2025|3|1|5
days	2025|3|1|5
shift	2025|3|1|-2|5
shift	2025|3|1|-1|5
shift	2025|3|1|0|5
shift	2025|3|1|1|5
shift	2025|3|1|2|5
range	2025|3|1|15
days	2025|3|1|15
shift	2025|3|1|-2|15
shift	2025|3|1|-1|15
shift	2025|3|1|0|15
shift	2025|3|1|1|15
shift	2025|3|1|2|15
range	2025|3|1|25
days	2025|3|1|25
shift	2025|3|1|-2|25
shift	2025|3|1|-1|25
shift	2025|3|1|0|25
shift	2025|3|1|1|25
shift	2025|3|1|2|25
range	2025|3|1|28
days	2025|3|1|28
shift	2025|3|1|-2|28
shift	2025|3|1|-1|28
shift	2025|3|1|0|28
shift	2025|3|1|1|28
shift	2025|3|1|2|28
range	2025|3|1|29
days	2025|3|1|29
shift	2025|3|1|-2|29
shift	2025|3|1|-1|29
shift	2025|3|1|0|29
shift	2025|3|1|1|29
shift	2025|3|1|2|29
range	2025|3|1|30
days	2025|3|1|30
shift	2025|3|1|-2|30
shift	2025|3|1|-1|30
shift	2025|3|1|0|30
shift	2025|3|1|1|30
shift	2025|3|1|2|30
range	2025|3|1|31
days	2025|3|1|31
shift	2025|3|1|-2|31
shift	2025|3|1|-1|31
shift	2025|3|1|0|31
shift	2025|3|1|1|31
shift	2025|3|1|2|31
range	2025|3|5|0
days	2025|3|5|0
shift	2025|3|5|-2|0
shift	2025|3|5|-1|0
shift	2025|3|5|0|0
shift	2025|3|5|1|0
shift	2025|3|5|2|0
range	2025|3|5|1
days	2025|3|5|1
shift	2025|3|5|-2|1
shift	2025|3|5|-1|1
shift	2025|3|5|0|1
shift	2025|3|5|1|1
shift	2025|3|5|2|1
range	2025|3|5|5
days	2025|3|5|5
shift	2025|3|5|-2|5
shift	2025|3|5|-1|5
shift	2025|3|5|0|5
shift	2025|3|5|1|5
shift	2025|3|5|2|5
range	2025|3|5|15
days	2025|3|5|15
shift	2025|3|5|-2|15
shift	2025|3|5|-1|15
shift	2025|3|5|0|15
shift	2025|3|5|1|15
shift	2025|3|5|2|15
range	2025|3|5|25
days	2025|3|5|25
shift	2025|3|5|-2|25
shift	2025|3|5|-1|25
shift	2025|3|5|0|25
shift	2025|3|5|1|25
shift	2025|3|5|2|25
range	2025|3|5|28
days	2025|3|5|28
shift	2025|3|5|-2|28
shift	2025|3|5|-1|28
shift	2025|3|5|0|28
shift	2025|3|5|1|28
shift	2025|3|5|2|28
range	2025|3|5|29
days	2025|3|5|29
shift	2025|3|5|-2|29
shift	2025|3|5|-1|29
shift	2025|3|5|0|29
shift	2025|3|5|1|29
shift	2025|3|5|2|29
range	2025|3|5|30
days	2025|3|5|30
shift	2025|3|5|-2|30
shift	2025|3|5|-1|30
shift	2025|3|5|0|30
shift	2025|3|5|1|30
shift	2025|3|5|2|30
range	2025|3|5|31
days	2025|3|5|31
shift	2025|3|5|-2|31
shift	2025|3|5|-1|31
shift	2025|3|5|0|31
shift	2025|3|5|1|31
shift	2025|3|5|2|31
range	2025|3|15|0
days	2025|3|15|0
shift	2025|3|15|-2|0
shift	2025|3|15|-1|0
shift	2025|3|15|0|0
shift	2025|3|15|1|0
shift	2025|3|15|2|0
range	2025|3|15|1
days	2025|3|15|1
shift	2025|3|15|-2|1
shift	2025|3|15|-1|1
shift	2025|3|15|0|1
shift	2025|3|15|1|1
shift	2025|3|15|2|1
range	2025|3|15|5
days	2025|3|15|5
shift	2025|3|15|-2|5
shift	2025|3|15|-1|5
shift	2025|3|15|0|5
shift	2025|3|15|1|5
shift	2025|3|15|2|5
range	2025|3|15|15
days	2025|3|15|15
shift	2025|3|15|-2|15
shift	2025|3|15|-1|15
shift	2025|3|15|0|15
shift	2025|3|15|1|15
shift	2025|3|15|2|15
range	2025|3|15|25
days	2025|3|15|25
shift	2025|3|15|-2|25
shift	2025|3|15|-1|25
shift	2025|3|15|0|25
shift	2025|3|15|1|25
shift	2025|3|15|2|25
range	2025|3|15|28
days	2025|3|15|28
shift	2025|3|15|-2|28
shift	2025|3|15|-1|28
shift	2025|3|15|0|28
shift	2025|3|15|1|28
shift	2025|3|15|2|28
range	2025|3|15|29
days	2025|3|15|29
shift	2025|3|15|-2|29
shift	2025|3|15|-1|29
shift	2025|3|15|0|29
shift	2025|3|15|1|29
shift	2025|3|15|2|29
range	2025|3|15|30
days	2025|3|15|30
shift	2025|3|15|-2|30
shift	2025|3|15|-1|30
shift	2025|3|15|0|30
shift	2025|3|15|1|30
shift	2025|3|15|2|30
range	2025|3|15|31
days	2025|3|15|31
shift	2025|3|15|-2|31
shift	2025|3|15|-1|31
shift	2025|3|15|0|31
shift	2025|3|15|1|31
shift	2025|3|15|2|31
range	2025|3|24|0
days	2025|3|24|0
shift	2025|3|24|-2|0
shift	2025|3|24|-1|0
shift	2025|3|24|0|0
shift	2025|3|24|1|0
shift	2025|3|24|2|0
range	2025|3|24|1
days	2025|3|24|1
shift	2025|3|24|-2|1
shift	2025|3|24|-1|1
shift	2025|3|24|0|1
shift	2025|3|24|1|1
shift	2025|3|24|2|1
range	2025|3|24|5
days	2025|3|24|5
shift	2025|3|24|-2|5
shift	2025|3|24|-1|5
shift	2025|3|24|0|5
shift	2025|3|24|1|5
shift	2025|3|24|2|5
range	2025|3|24|15
days	2025|3|24|15
shift	2025|3|24|-2|15
shift	2025|3|24|-1|15
shift	2025|3|24|0|15
shift	2025|3|24|1|15
shift	2025|3|24|2|15
range	2025|3|24|25
days	2025|3|24|25
shift	2025|3|24|-2|25
shift	2025|3|24|-1|25
shift	2025|3|24|0|25
shift	2025|3|24|1|25
shift	2025|3|24|2|25
range	2025|3|24|28
days	2025|3|24|28
shift	2025|3|24|-2|28
shift	2025|3|24|-1|28
shift	2025|3|24|0|28
shift	2025|3|24|1|28
shift	2025|3|24|2|28
range	2025|3|24|29
days	2025|3|24|29
shift	2025|3|24|-2|29
shift	2025|3|24|-1|29
shift	2025|3|24|0|29
shift	2025|3|24|1|29
shift	2025|3|24|2|29
range	2025|3|24|30
days	2025|3|24|30
shift	2025|3|24|-2|30
shift	2025|3|24|-1|30
shift	2025|3|24|0|30
shift	2025|3|24|1|30
shift	2025|3|24|2|30
range	2025|3|24|31
days	2025|3|24|31
shift	2025|3|24|-2|31
shift	2025|3|24|-1|31
shift	2025|3|24|0|31
shift	2025|3|24|1|31
shift	2025|3|24|2|31
range	2025|3|25|0
days	2025|3|25|0
shift	2025|3|25|-2|0
shift	2025|3|25|-1|0
shift	2025|3|25|0|0
shift	2025|3|25|1|0
shift	2025|3|25|2|0
range	2025|3|25|1
days	2025|3|25|1
shift	2025|3|25|-2|1
shift	2025|3|25|-1|1
shift	2025|3|25|0|1
shift	2025|3|25|1|1
shift	2025|3|25|2|1
range	2025|3|25|5
days	2025|3|25|5
shift	2025|3|25|-2|5
shift	2025|3|25|-1|5
shift	2025|3|25|0|5
shift	2025|3|25|1|5
shift	2025|3|25|2|5
range	2025|3|25|15
days	2025|3|25|15
shift	2025|3|25|-2|15
shift	2025|3|25|-1|15
shift	2025|3|25|0|15
shift	2025|3|25|1|15
shift	2025|3|25|2|15
range	2025|3|25|25
days	2025|3|25|25
shift	2025|3|25|-2|25
shift	2025|3|25|-1|25
shift	2025|3|25|0|25
shift	2025|3|25|1|25
shift	2025|3|25|2|25
range	2025|3|25|28
days	2025|3|25|28
shift	2025|3|25|-2|28
shift	2025|3|25|-1|28
shift	2025|3|25|0|28
shift	2025|3|25|1|28
shift	2025|3|25|2|28
range	2025|3|25|29
days	2025|3|25|29
shift	2025|3|25|-2|29
shift	2025|3|25|-1|29
shift	2025|3|25|0|29
shift	2025|3|25|1|29
shift	2025|3|25|2|29
range	2025|3|25|30
days	2025|3|25|30
shift	2025|3|25|-2|30
shift	2025|3|25|-1|30
shift	2025|3|25|0|30
shift	2025|3|25|1|30
shift	2025|3|25|2|30
range	2025|3|25|31
days	2025|3|25|31
shift	2025|3|25|-2|31
shift	2025|3|25|-1|31
shift	2025|3|25|0|31
shift	2025|3|25|1|31
shift	2025|3|25|2|31
range	2025|3|26|0
days	2025|3|26|0
shift	2025|3|26|-2|0
shift	2025|3|26|-1|0
shift	2025|3|26|0|0
shift	2025|3|26|1|0
shift	2025|3|26|2|0
range	2025|3|26|1
days	2025|3|26|1
shift	2025|3|26|-2|1
shift	2025|3|26|-1|1
shift	2025|3|26|0|1
shift	2025|3|26|1|1
shift	2025|3|26|2|1
range	2025|3|26|5
days	2025|3|26|5
shift	2025|3|26|-2|5
shift	2025|3|26|-1|5
shift	2025|3|26|0|5
shift	2025|3|26|1|5
shift	2025|3|26|2|5
range	2025|3|26|15
days	2025|3|26|15
shift	2025|3|26|-2|15
shift	2025|3|26|-1|15
shift	2025|3|26|0|15
shift	2025|3|26|1|15
shift	2025|3|26|2|15
range	2025|3|26|25
days	2025|3|26|25
shift	2025|3|26|-2|25
shift	2025|3|26|-1|25
shift	2025|3|26|0|25
shift	2025|3|26|1|25
shift	2025|3|26|2|25
range	2025|3|26|28
days	2025|3|26|28
shift	2025|3|26|-2|28
shift	2025|3|26|-1|28
shift	2025|3|26|0|28
shift	2025|3|26|1|28
shift	2025|3|26|2|28
range	2025|3|26|29
days	2025|3|26|29
shift	2025|3|26|-2|29
shift	2025|3|26|-1|29
shift	2025|3|26|0|29
shift	2025|3|26|1|29
shift	2025|3|26|2|29
range	2025|3|26|30
days	2025|3|26|30
shift	2025|3|26|-2|30
shift	2025|3|26|-1|30
shift	2025|3|26|0|30
shift	2025|3|26|1|30
shift	2025|3|26|2|30
range	2025|3|26|31
days	2025|3|26|31
shift	2025|3|26|-2|31
shift	2025|3|26|-1|31
shift	2025|3|26|0|31
shift	2025|3|26|1|31
shift	2025|3|26|2|31
range	2025|3|28|0
days	2025|3|28|0
shift	2025|3|28|-2|0
shift	2025|3|28|-1|0
shift	2025|3|28|0|0
shift	2025|3|28|1|0
shift	2025|3|28|2|0
range	2025|3|28|1
days	2025|3|28|1
shift	2025|3|28|-2|1
shift	2025|3|28|-1|1
shift	2025|3|28|0|1
shift	2025|3|28|1|1
shift	2025|3|28|2|1
range	2025|3|28|5
days	2025|3|28|5
shift	2025|3|28|-2|5
shift	2025|3|28|-1|5
shift	2025|3|28|0|5
shift	2025|3|28|1|5
shift	2025|3|28|2|5
range	2025|3|28|15
days	2025|3|28|15
shift	2025|3|28|-2|15
shift	2025|3|28|-1|15
shift	2025|3|28|0|15
shift	2025|3|28|1|15
shift	2025|3|28|2|15
range	2025|3|28|25
days	2025|3|28|25
shift	2025|3|28|-2|25
shift	2025|3|28|-1|25
shift	2025|3|28|0|25
shift	2025|3|28|1|25
shift	2025|3|28|2|25
range	2025|3|28|28
days	2025|3|28|28
shift	2025|3|28|-2|28
shift	2025|3|28|-1|28
shift	2025|3|28|0|28
shift	2025|3|28|1|28
shift	2025|3|28|2|28
range	2025|3|28|29
days	2025|3|28|29
shift	2025|3|28|-2|29
shift	2025|3|28|-1|29
shift	2025|3|28|0|29
shift	2025|3|28|1|29
shift	2025|3|28|2|29
range	2025|3|28|30
days	2025|3|28|30
shift	2025|3|28|-2|30
shift	2025|3|28|-1|30
shift	2025|3|28|0|30
shift	2025|3|28|1|30
shift	2025|3|28|2|30
range	2025|3|28|31
days	2025|3|28|31
shift	2025|3|28|-2|31
shift	2025|3|28|-1|31
shift	2025|3|28|0|31
shift	2025|3|28|1|31
shift	2025|3|28|2|31
range	2025|3|31|0
days	2025|3|31|0
shift	2025|3|31|-2|0
shift	2025|3|31|-1|0
shift	2025|3|31|0|0
shift	2025|3|31|1|0
shift	2025|3|31|2|0
range	2025|3|31|1
days	2025|3|31|1
shift	2025|3|31|-2|1
shift	2025|3|31|-1|1
shift	2025|3|31|0|1
shift	2025|3|31|1|1
shift	2025|3|31|2|1
range	2025|3|31|5
days	2025|3|31|5
shift	2025|3|31|-2|5
shift	2025|3|31|-1|5
shift	2025|3|31|0|5
shift	2025|3|31|1|5
shift	2025|3|31|2|5
range	2025|3|31|15
days	2025|3|31|15
shift	2025|3|31|-2|15
shift	2025|3|31|-1|15
shift	2025|3|31|0|15
shift	2025|3|31|1|15
shift	2025|3|31|2|15
range	2025|3|31|25
days	2025|3|31|25
shift	2025|3|31|-2|25
shift	2025|3|31|-1|25
shift	2025|3|31|0|25
shift	2025|3|31|1|25
shift	2025|3|31|2|25
range	2025|3|31|28
days	2025|3|31|28
shift	2025|3|31|-2|28
shift	2025|3|31|-1|28
shift	2025|3|31|0|28
shift	2025|3|31|1|28
shift	2025|3|31|2|28
range	2025|3|31|29
days	2025|3|31|29
shift	2025|3|31|-2|29
shift	2025|3|31|-1|29
shift	2025|3|31|0|29
shift	2025|3|31|1|29
shift	2025|3|31|2|29
range	2025|3|31|30
days	2025|3|31|30
shift	2025|3|31|-2|30
shift	2025|3|31|-1|30
shift	2025|3|31|0|30
shift	2025|3|31|1|30
shift	2025|3|31|2|30
range	2025|3|31|31
days	2025|3|31|31
shift	2025|3|31|-2|31
shift	2025|3|31|-1|31
shift	2025|3|31|0|31
shift	2025|3|31|1|31
shift	2025|3|31|2|31
range	2025|4|1|0
days	2025|4|1|0
shift	2025|4|1|-2|0
shift	2025|4|1|-1|0
shift	2025|4|1|0|0
shift	2025|4|1|1|0
shift	2025|4|1|2|0
range	2025|4|1|1
days	2025|4|1|1
shift	2025|4|1|-2|1
shift	2025|4|1|-1|1
shift	2025|4|1|0|1
shift	2025|4|1|1|1
shift	2025|4|1|2|1
range	2025|4|1|5
days	2025|4|1|5
shift	2025|4|1|-2|5
shift	2025|4|1|-1|5
shift	2025|4|1|0|5
shift	2025|4|1|1|5
shift	2025|4|1|2|5
range	2025|4|1|15
days	2025|4|1|15
shift	2025|4|1|-2|15
shift	2025|4|1|-1|15
shift	2025|4|1|0|15
shift	2025|4|1|1|15
shift	2025|4|1|2|15
range	2025|4|1|25
days	2025|4|1|25
shift	2025|4|1|-2|25
shift	2025|4|1|-1|25
shift	2025|4|1|0|25
shift	2025|4|1|1|25
shift	2025|4|1|2|25
range	2025|4|1|28
days	2025|4|1|28
shift	2025|4|1|-2|28
shift	2025|4|1|-1|28
shift	2025|4|1|0|28
shift	2025|4|1|1|28
shift	2025|4|1|2|28
range	2025|4|1|29
days	2025|4|1|29
shift	2025|4|1|-2|29
shift	2025|4|1|-1|29
shift	2025|4|1|0|29
shift	2025|4|1|1|29
shift	2025|4|1|2|29
range	2025|4|1|30
days	2025|4|1|30
shift	2025|4|1|-2|30
shift	2025|4|1|-1|30
shift	2025|4|1|0|30
shift	2025|4|1|1|30
shift	2025|4|1|2|30
range	2025|4|1|31
days	2025|4|1|31
shift	2025|4|1|-2|31
shift	2025|4|1|-1|31
shift	2025|4|1|0|31
shift	2025|4|1|1|31
shift	2025|4|1|2|31
range	2025|4|5|0
days	2025|4|5|0
shift	2025|4|5|-2|0
shift	2025|4|5|-1|0
shift	2025|4|5|0|0
shift	2025|4|5|1|0
shift	2025|4|5|2|0
range	2025|4|5|1
days	2025|4|5|1
shift	2025|4|5|-2|1
shift	2025|4|5|-1|1
shift	2025|4|5|0|1
shift	2025|4|5|1|1
shift	2025|4|5|2|1
range	2025|4|5|5
days	2025|4|5|5
shift	2025|4|5|-2|5
shift	2025|4|5|-1|5
shift	2025|4|5|0|5
shift	2025|4|5|1|5
shift	2025|4|5|2|5
range	2025|4|5|15
days	2025|4|5|15
shift	2025|4|5|-2|15
shift	2025|4|5|-1|15
shift	2025|4|5|0|15
shift	2025|4|5|1|15
shift	2025|4|5|2|15
range	2025|4|5|25
days	2025|4|5|25
shift	2025|4|5|-2|25
shift	2025|4|5|-1|25
shift	2025|4|5|0|25
shift	2025|4|5|1|25
shift	2025|4|5|2|25
range	2025|4|5|28
days	2025|4|5|28
shift	2025|4|5|-2|28
shift	2025|4|5|-1|28
shift	2025|4|5|0|28
shift	2025|4|5|1|28
shift	2025|4|5|2|28
range	2025|4|5|29
days	2025|4|5|29
shift	2025|4|5|-2|29
shift	2025|4|5|-1|29
shift	2025|4|5|0|29
shift	2025|4|5|1|29
shift	2025|4|5|2|29
range	2025|4|5|30
days	2025|4|5|30
shift	2025|4|5|-2|30
shift	2025|4|5|-1|30
shift	2025|4|5|0|30
shift	2025|4|5|1|30
shift	2025|4|5|2|30
range	2025|4|5|31
days	2025|4|5|31
shift	2025|4|5|-2|31
shift	2025|4|5|-1|31
shift	2025|4|5|0|31
shift	2025|4|5|1|31
shift	2025|4|5|2|31
range	2025|4|15|0
days	2025|4|15|0
shift	2025|4|15|-2|0
shift	2025|4|15|-1|0
shift	2025|4|15|0|0
shift	2025|4|15|1|0
shift	2025|4|15|2|0
range	2025|4|15|1
days	2025|4|15|1
shift	2025|4|15|-2|1
shift	2025|4|15|-1|1
shift	2025|4|15|0|1
shift	2025|4|15|1|1
shift	2025|4|15|2|1
range	2025|4|15|5
days	2025|4|15|5
shift	2025|4|15|-2|5
shift	2025|4|15|-1|5
shift	2025|4|15|0|5
shift	2025|4|15|1|5
shift	2025|4|15|2|5
range	2025|4|15|15
days	2025|4|15|15
shift	2025|4|15|-2|15
shift	2025|4|15|-1|15
shift	2025|4|15|0|15
shift	2025|4|15|1|15
shift	2025|4|15|2|15
range	2025|4|15|25
days	2025|4|15|25
shift	2025|4|15|-2|25
shift	2025|4|15|-1|25
shift	2025|4|15|0|25
shift	2025|4|15|1|25
shift	2025|4|15|2|25
range	2025|4|15|28
days	2025|4|15|28
shift	2025|4|15|-2|28
shift	2025|4|15|-1|28
shift	2025|4|15|0|28
shift	2025|4|15|1|28
shift	2025|4|15|2|28
range	2025|4|15|29
days	2025|4|15|29
shift	2025|4|15|-2|29
shift	2025|4|15|-1|29
shift	2025|4|15|0|29
shift	2025|4|15|1|29
shift	2025|4|15|2|29
range	2025|4|15|30
days	2025|4|15|30
shift	2025|4|15|-2|30
shift	2025|4|15|-1|30
shift	2025|4|15|0|30
shift	2025|4|15|1|30
shift	2025|4|15|2|30
range	2025|4|15|31
days	2025|4|15|31
shift	2025|4|15|-2|31
shift	2025|4|15|-1|31
shift	2025|4|15|0|31
shift	2025|4|15|1|31
shift	2025|4|15|2|31
range	2025|4|24|0
days	2025|4|24|0
shift	2025|4|24|-2|0
shift	2025|4|24|-1|0
shift	2025|4|24|0|0
shift	2025|4|24|1|0
shift	2025|4|24|2|0
range	2025|4|24|1
days	2025|4|24|1
shift	2025|4|24|-2|1
shift	2025|4|24|-1|1
shift	2025|4|24|0|1
shift	2025|4|24|1|1
shift	2025|4|24|2|1
range	2025|4|24|5
days	2025|4|24|5
shift	2025|4|24|-2|5
shift	2025|4|24|-1|5
shift	2025|4|24|0|5
shift	2025|4|24|1|5
shift	2025|4|24|2|5
range	2025|4|24|15
days	2025|4|24|15
shift	2025|4|24|-2|15
shift	2025|4|24|-1|15
shift	2025|4|24|0|15
shift	2025|4|24|1|15
shift	2025|4|24|2|15
range	2025|4|24|25
days	2025|4|24|25
shift	2025|4|24|-2|25
shift	2025|4|24|-1|25
shift	2025|4|24|0|25
shift	2025|4|24|1|25
shift	2025|4|24|2|25
range	2025|4|24|28
days	2025|4|24|28
shift	2025|4|24|-2|28
shift	2025|4|24|-1|28
shift	2025|4|24|0|28
shift	2025|4|24|1|28
shift	2025|4|24|2|28
range	2025|4|24|29
days	2025|4|24|29
shift	2025|4|24|-2|29
shift	2025|4|24|-1|29
shift	2025|4|24|0|29
shift	2025|4|24|1|29
shift	2025|4|24|2|29
range	2025|4|24|30
days	2025|4|24|30
shift	2025|4|24|-2|30
shift	2025|4|24|-1|30
shift	2025|4|24|0|30
shift	2025|4|24|1|30
shift	2025|4|24|2|30
range	2025|4|24|31
days	2025|4|24|31
shift	2025|4|24|-2|31
shift	2025|4|24|-1|31
shift	2025|4|24|0|31
shift	2025|4|24|1|31
shift	2025|4|24|2|31
range	2025|4|25|0
days	2025|4|25|0
shift	2025|4|25|-2|0
shift	2025|4|25|-1|0
shift	2025|4|25|0|0
shift	2025|4|25|1|0
shift	2025|4|25|2|0
range	2025|4|25|1
days	2025|4|25|1
shift	2025|4|25|-2|1
shift	2025|4|25|-1|1
shift	2025|4|25|0|1
shift	2025|4|25|1|1
shift	2025|4|25|2|1
range	2025|4|25|5
days	2025|4|25|5
shift	2025|4|25|-2|5
shift	2025|4|25|-1|5
shift	2025|4|25|0|5
shift	2025|4|25|1|5
shift	2025|4|25|2|5
range	2025|4|25|15
days	2025|4|25|15
shift	2025|4|25|-2|15
shift	2025|4|25|-1|15
shift	2025|4|25|0|15
shift	2025|4|25|1|15
shift	2025|4|25|2|15
range	2025|4|25|25
days	2025|4|25|25
shift	2025|4|25|-2|25
shift	2025|4|25|-1|25
shift	2025|4|25|0|25
shift	2025|4|25|1|25
shift	2025|4|25|2|25
range	2025|4|25|28
days	2025|4|25|28
shift	2025|4|25|-2|28
shift	2025|4|25|-1|28
shift	2025|4|25|0|28
shift	2025|4|25|1|28
shift	2025|4|25|2|28
range	2025|4|25|29
days	2025|4|25|29
shift	2025|4|25|-2|29
shift	2025|4|25|-1|29
shift	2025|4|25|0|29
shift	2025|4|25|1|29
shift	2025|4|25|2|29
range	2025|4|25|30
days	2025|4|25|30
shift	2025|4|25|-2|30
shift	2025|4|25|-1|30
shift	2025|4|25|0|30
shift	2025|4|25|1|30
shift	2025|4|25|2|30
range	2025|4|25|31
days	2025|4|25|31
shift	2025|4|25|-2|31
shift	2025|4|25|-1|31
shift	2025|4|25|0|31
shift	2025|4|25|1|31
shift	2025|4|25|2|31
range	2025|4|26|0
days	2025|4|26|0
shift	2025|4|26|-2|0
shift	2025|4|26|-1|0
shift	2025|4|26|0|0
shift	2025|4|26|1|0
shift	2025|4|26|2|0
range	2025|4|26|1
days	2025|4|26|1
shift	2025|4|26|-2|1
shift	2025|4|26|-1|1
shift	2025|4|26|0|1
shift	2025|4|26|1|1
shift	2025|4|26|2|1
range	2025|4|26|5
days	2025|4|26|5
shift	2025|4|26|-2|5
shift	2025|4|26|-1|5
shift	2025|4|26|0|5
shift	2025|4|26|1|5
shift	2025|4|26|2|5
range	2025|4|26|15
days	2025|4|26|15
shift	2025|4|26|-2|15
shift	2025|4|26|-1|15
shift	2025|4|26|0|15
shift	2025|4|26|1|15
shift	2025|4|26|2|15
range	2025|4|26|25
days	2025|4|26|25
shift	2025|4|26|-2|25
shift	2025|4|26|-1|25
shift	2025|4|26|0|25
shift	2025|4|26|1|25
shift	2025|4|26|2|25
range	2025|4|26|28
days	2025|4|26|28
shift	2025|4|26|-2|28
shift	2025|4|26|-1|28
shift	2025|4|26|0|28
shift	2025|4|26|1|28
shift	2025|4|26|2|28
range	2025|4|26|29
days	2025|4|26|29
shift	2025|4|26|-2|29
shift	2025|4|26|-1|29
shift	2025|4|26|0|29
shift	2025|4|26|1|29
shift	2025|4|26|2|29
range	2025|4|26|30
days	2025|4|26|30
shift	2025|4|26|-2|30
shift	2025|4|26|-1|30
shift	2025|4|26|0|30
shift	2025|4|26|1|30
shift	2025|4|26|2|30
range	2025|4|26|31
days	2025|4|26|31
shift	2025|4|26|-2|31
shift	2025|4|26|-1|31
shift	2025|4|26|0|31
shift	2025|4|26|1|31
shift	2025|4|26|2|31
range	2025|4|28|0
days	2025|4|28|0
shift	2025|4|28|-2|0
shift	2025|4|28|-1|0
shift	2025|4|28|0|0
shift	2025|4|28|1|0
shift	2025|4|28|2|0
range	2025|4|28|1
days	2025|4|28|1
shift	2025|4|28|-2|1
shift	2025|4|28|-1|1
shift	2025|4|28|0|1
shift	2025|4|28|1|1
shift	2025|4|28|2|1
range	2025|4|28|5
days	2025|4|28|5
shift	2025|4|28|-2|5
shift	2025|4|28|-1|5
shift	2025|4|28|0|5
shift	2025|4|28|1|5
shift	2025|4|28|2|5
range	2025|4|28|15
days	2025|4|28|15
shift	2025|4|28|-2|15
shift	2025|4|28|-1|15
shift	2025|4|28|0|15
shift	2025|4|28|1|15
shift	2025|4|28|2|15
range	2025|4|28|25
days	2025|4|28|25
shift	2025|4|28|-2|25
shift	2025|4|28|-1|25
shift	2025|4|28|0|25
shift	2025|4|28|1|25
shift	2025|4|28|2|25
range	2025|4|28|28
days	2025|4|28|28
shift	2025|4|28|-2|28
shift	2025|4|28|-1|28
shift	2025|4|28|0|28
shift	2025|4|28|1|28
shift	2025|4|28|2|28
range	2025|4|28|29
days	2025|4|28|29
shift	2025|4|28|-2|29
shift	2025|4|28|-1|29
shift	2025|4|28|0|29
shift	2025|4|28|1|29
shift	2025|4|28|2|29
range	2025|4|28|30
days	2025|4|28|30
shift	2025|4|28|-2|30
shift	2025|4|28|-1|30
shift	2025|4|28|0|30
shift	2025|4|28|1|30
shift	2025|4|28|2|30
range	2025|4|28|31
days	2025|4|28|31
shift	2025|4|28|-2|31
shift	2025|4|28|-1|31
shift	2025|4|28|0|31
shift	2025|4|28|1|31
shift	2025|4|28|2|31
range	2025|4|31|0
days	2025|4|31|0
shift	2025|4|31|-2|0
shift	2025|4|31|-1|0
shift	2025|4|31|0|0
shift	2025|4|31|1|0
shift	2025|4|31|2|0
range	2025|4|31|1
days	2025|4|31|1
shift	2025|4|31|-2|1
shift	2025|4|31|-1|1
shift	2025|4|31|0|1
shift	2025|4|31|1|1
shift	2025|4|31|2|1
range	2025|4|31|5
days	2025|4|31|5
shift	2025|4|31|-2|5
shift	2025|4|31|-1|5
shift	2025|4|31|0|5
shift	2025|4|31|1|5
shift	2025|4|31|2|5
range	2025|4|31|15
days	2025|4|31|15
shift	2025|4|31|-2|15
shift	2025|4|31|-1|15
shift	2025|4|31|0|15
shift	2025|4|31|1|15
shift	2025|4|31|2|15
range	2025|4|31|25
days	2025|4|31|25
shift	2025|4|31|-2|25
shift	2025|4|31|-1|25
shift	2025|4|31|0|25
shift	2025|4|31|1|25
shift	2025|4|31|2|25
range	2025|4|31|28
days	2025|4|31|28
shift	2025|4|31|-2|28
shift	2025|4|31|-1|28
shift	2025|4|31|0|28
shift	2025|4|31|1|28
shift	2025|4|31|2|28
range	2025|4|31|29
days	2025|4|31|29
shift	2025|4|31|-2|29
shift	2025|4|31|-1|29
shift	2025|4|31|0|29
shift	2025|4|31|1|29
shift	2025|4|31|2|29
range	2025|4|31|30
days	2025|4|31|30
shift	2025|4|31|-2|30
shift	2025|4|31|-1|30
shift	2025|4|31|0|30
shift	2025|4|31|1|30
shift	2025|4|31|2|30
range	2025|4|31|31
days	2025|4|31|31
shift	2025|4|31|-2|31
shift	2025|4|31|-1|31
shift	2025|4|31|0|31
shift	2025|4|31|1|31
shift	2025|4|31|2|31
range	2025|5|1|0
days	2025|5|1|0
shift	2025|5|1|-2|0
shift	2025|5|1|-1|0
shift	2025|5|1|0|0
shift	2025|5|1|1|0
shift	2025|5|1|2|0
range	2025|5|1|1
days	2025|5|1|1
shift	2025|5|1|-2|1
shift	2025|5|1|-1|1
shift	2025|5|1|0|1
shift	2025|5|1|1|1
shift	2025|5|1|2|1
range	2025|5|1|5
days	2025|5|1|5
shift	2025|5|1|-2|5
shift	2025|5|1|-1|5
shift	2025|5|1|0|5
shift	2025|5|1|1|5
shift	2025|5|1|2|5
range	2025|5|1|15
days	2025|5|1|15
shift	2025|5|1|-2|15
shift	2025|5|1|-1|15
shift	2025|5|1|0|15
shift	2025|5|1|1|15
shift	2025|5|1|2|15
range	2025|5|1|25
days	2025|5|1|25
shift	2025|5|1|-2|25
shift	2025|5|1|-1|25
shift	2025|5|1|0|25
shift	2025|5|1|1|25
shift	2025|5|1|2|25
range	2025|5|1|28
days	2025|5|1|28
shift	2025|5|1|-2|28
shift	2025|5|1|-1|28
shift	2025|5|1|0|28
shift	2025|5|1|1|28
shift	2025|5|1|2|28
range	2025|5|1|29
days	2025|5|1|29
shift	2025|5|1|-2|29
shift	2025|5|1|-1|29
shift	2025|5|1|0|29
shift	2025|5|1|1|29
shift	2025|5|1|2|29
range	2025|5|1|30
days	2025|5|1|30
shift	2025|5|1|-2|30
shift	2025|5|1|-1|30
shift	2025|5|1|0|30
shift	2025|5|1|1|30
shift	2025|5|1|2|30
range	2025|5|1|31
days	2025|5|1|31
shift	2025|5|1|-2|31
shift	2025|5|1|-1|31
shift	2025|5|1|0|31
shift	2025|5|1|1|31
shift	2025|5|1|2|31
range	2025|5|5|0
days	2025|5|5|0
shift	2025|5|5|-2|0
shift	2025|5|5|-1|0
shift	2025|5|5|0|0
shift	2025|5|5|1|0
shift	2025|5|5|2|0
range	2025|5|5|1
days	2025|5|5|1
shift	2025|5|5|-2|1
shift	2025|5|5|-1|1
shift	2025|5|5|0|1
shift	2025|5|5|1|1
shift	2025|5|5|2|1
range	2025|5|5|5
days	2025|5|5|5
shift	2025|5|5|-2|5
shift	2025|5|5|-1|5
shift	2025|5|5|0|5
shift	2025|5|5|1|5
shift	2025|5|5|2|5
range	2025|5|5|15
days	2025|5|5|15
shift	2025|5|5|-2|15
shift	2025|5|5|-1|15
shift	2025|5|5|0|15
shift	2025|5|5|1|15
shift	2025|5|5|2|15
range	2025|5|5|25
days	2025|5|5|25
shift	2025|5|5|-2|25
shift	2025|5|5|-1|25
shift	2025|5|5|0|25
shift	2025|5|5|1|25
shift	2025|5|5|2|25
range	2025|5|5|28
days	2025|5|5|28
shift	2025|5|5|-2|28
shift	2025|5|5|-1|28
shift	2025|5|5|0|28
shift	2025|5|5|1|28
shift	2025|5|5|2|28
range	2025|5|5|29
days	2025|5|5|29
shift	2025|5|5|-2|29
shift	2025|5|5|-1|29
shift	2025|5|5|0|29
shift	2025|5|5|1|29
shift	2025|5|5|2|29
range	2025|5|5|30
days	2025|5|5|30
shift	2025|5|5|-2|30
shift	2025|5|5|-1|30
shift	2025|5|5|0|30
shift	2025|5|5|1|30
shift	2025|5|5|2|30
range	2025|5|5|31
days	2025|5|5|31
shift	2025|5|5|-2|31
shift	2025|5|5|-1|31
shift	2025|5|5|0|31
shift	2025|5|5|1|31
shift	2025|5|5|2|31
range	2025|5|15|0
days	2025|5|15|0
shift	2025|5|15|-2|0
shift	2025|5|15|-1|0
shift	2025|5|15|0|0
shift	2025|5|15|1|0
shift	2025|5|15|2|0
range	2025|5|15|1
days	2025|5|15|1
shift	2025|5|15|-2|1
shift	2025|5|15|-1|1
shift	2025|5|15|0|1
shift	2025|5|15|1|1
shift	2025|5|15|2|1
range	2025|5|15|5
days	2025|5|15|5
shift	2025|5|15|-2|5
shift	2025|5|15|-1|5
shift	2025|5|15|0|5
shift	2025|5|15|1|5
shift	2025|5|15|2|5
range	2025|5|15|15
days	2025|5|15|15
shift	2025|5|15|-2|15
shift	2025|5|15|-1|15
shift	2025|5|15|0|15
shift	2025|5|15|1|15
shift	2025|5|15|2|15
range	2025|5|15|25
days	2025|5|15|25
shift	2025|5|15|-2|25
shift	2025|5|15|-1|25
shift	2025|5|15|0|25
shift	2025|5|15|1|25
shift	2025|5|15|2|25
range	2025|5|15|28
days	2025|5|15|28
shift	2025|5|15|-2|28
shift	2025|5|15|-1|28
shift	2025|5|15|0|28
shift	2025|5|15|1|28
shift	2025|5|15|2|28
range	2025|5|15|29
days	2025|5|15|29
shift	2025|5|15|-2|29
shift	2025|5|15|-1|29
shift	2025|5|15|0|29
shift	2025|5|15|1|29
shift	2025|5|15|2|29
range	2025|5|15|30
days	2025|5|15|30
shift	2025|5|15|-2|30
shift	2025|5|15|-1|30
shift	2025|5|15|0|30
shift	2025|5|15|1|30
shift	2025|5|15|2|30
range	2025|5|15|31
days	2025|5|15|31
shift	2025|5|15|-2|31
shift	2025|5|15|-1|31
shift	2025|5|15|0|31
shift	2025|5|15|1|31
shift	2025|5|15|2|31
range	2025|5|24|0
days	2025|5|24|0
shift	2025|5|24|-2|0
shift	2025|5|24|-1|0
shift	2025|5|24|0|0
shift	2025|5|24|1|0
shift	2025|5|24|2|0
range	2025|5|24|1
days	2025|5|24|1
shift	2025|5|24|-2|1
shift	2025|5|24|-1|1
shift	2025|5|24|0|1
shift	2025|5|24|1|1
shift	2025|5|24|2|1
range	2025|5|24|5
days	2025|5|24|5
shift	2025|5|24|-2|5
shift	2025|5|24|-1|5
shift	2025|5|24|0|5
shift	2025|5|24|1|5
shift	2025|5|24|2|5
range	2025|5|24|15
days	2025|5|24|15
shift	2025|5|24|-2|15
shift	2025|5|24|-1|15
shift	2025|5|24|0|15
shift	2025|5|24|1|15
shift	2025|5|24|2|15
range	2025|5|24|25
days	2025|5|24|25
shift	2025|5|24|-2|25
shift	2025|5|24|-1|25
shift	2025|5|24|0|25
shift	2025|5|24|1|25
shift	2025|5|24|2|25
range	2025|5|24|28
days	2025|5|24|28
shift	2025|5|24|-2|28
shift	2025|5|24|-1|28
shift	2025|5|24|0|28
shift	2025|5|24|1|28
shift	2025|5|24|2|28
range	2025|5|24|29
days	2025|5|24|29
shift	2025|5|24|-2|29
shift	2025|5|24|-1|29
shift	2025|5|24|0|29
shift	2025|5|24|1|29
shift	2025|5|24|2|29
range	2025|5|24|30
days	2025|5|24|30
shift	2025|5|24|-2|30
shift	2025|5|24|-1|30
shift	2025|5|24|0|30
shift	2025|5|24|1|30
shift	2025|5|24|2|30
range	2025|5|24|31
days	2025|5|24|31
shift	2025|5|24|-2|31
shift	2025|5|24|-1|31
shift	2025|5|24|0|31
shift	2025|5|24|1|31
shift	2025|5|24|2|31
range	2025|5|25|0
days	2025|5|25|0
shift	2025|5|25|-2|0
shift	2025|5|25|-1|0
shift	2025|5|25|0|0
shift	2025|5|25|1|0
shift	2025|5|25|2|0
range	2025|5|25|1
days	2025|5|25|1
shift	2025|5|25|-2|1
shift	2025|5|25|-1|1
shift	2025|5|25|0|1
shift	2025|5|25|1|1
shift	2025|5|25|2|1
range	2025|5|25|5
days	2025|5|25|5
shift	2025|5|25|-2|5
shift	2025|5|25|-1|5
shift	2025|5|25|0|5
shift	2025|5|25|1|5
shift	2025|5|25|2|5
range	2025|5|25|15
days	2025|5|25|15
shift	2025|5|25|-2|15
shift	2025|5|25|-1|15
shift	2025|5|25|0|15
shift	2025|5|25|1|15
shift	2025|5|25|2|15
range	2025|5|25|25
days	2025|5|25|25
shift	2025|5|25|-2|25
shift	2025|5|25|-1|25
shift	2025|5|25|0|25
shift	2025|5|25|1|25
shift	2025|5|25|2|25
range	2025|5|25|28
days	2025|5|25|28
shift	2025|5|25|-2|28
shift	2025|5|25|-1|28
shift	2025|5|25|0|28
shift	2025|5|25|1|28
shift	2025|5|25|2|28
range	2025|5|25|29
days	2025|5|25|29
shift	2025|5|25|-2|29
shift	2025|5|25|-1|29
shift	2025|5|25|0|29
shift	2025|5|25|1|29
shift	2025|5|25|2|29
range	2025|5|25|30
days	2025|5|25|30
shift	2025|5|25|-2|30
shift	2025|5|25|-1|30
shift	2025|5|25|0|30
shift	2025|5|25|1|30
shift	2025|5|25|2|30
range	2025|5|25|31
days	2025|5|25|31
shift	2025|5|25|-2|31
shift	2025|5|25|-1|31
shift	2025|5|25|0|31
shift	2025|5|25|1|31
shift	2025|5|25|2|31
range	2025|5|26|0
days	2025|5|26|0
shift	2025|5|26|-2|0
shift	2025|5|26|-1|0
shift	2025|5|26|0|0
shift	2025|5|26|1|0
shift	2025|5|26|2|0
range	2025|5|26|1
days	2025|5|26|1
shift	2025|5|26|-2|1
shift	2025|5|26|-1|1
shift	2025|5|26|0|1
shift	2025|5|26|1|1
shift	2025|5|26|2|1
range	2025|5|26|5
days	2025|5|26|5
shift	2025|5|26|-2|5
shift	2025|5|26|-1|5
shift	2025|5|26|0|5
shift	2025|5|26|1|5
shift	2025|5|26|2|5
range	2025|5|26|15
days	2025|5|26|15
shift	2025|5|26|-2|15
shift	2025|5|26|-1|15
shift	2025|5|26|0|15
shift	2025|5|26|1|15
shift	2025|5|26|2|15
range	2025|5|26|25
days	2025|5|26|25
shift	2025|5|26|-2|25
shift	2025|5|26|-1|25
shift	2025|5|26|0|25
shift	2025|5|26|1|25
shift	2025|5|26|2|25
range	2025|5|26|28
days	2025|5|26|28
shift	2025|5|26|-2|28
shift	2025|5|26|-1|28
shift	2025|5|26|0|28
shift	2025|5|26|1|28
shift	2025|5|26|2|28
range	2025|5|26|29
days	2025|5|26|29
shift	2025|5|26|-2|29
shift	2025|5|26|-1|29
shift	2025|5|26|0|29
shift	2025|5|26|1|29
shift	2025|5|26|2|29
range	2025|5|26|30
days	2025|5|26|30
shift	2025|5|26|-2|30
shift	2025|5|26|-1|30
shift	2025|5|26|0|30
shift	2025|5|26|1|30
shift	2025|5|26|2|30
range	2025|5|26|31
days	2025|5|26|31
shift	2025|5|26|-2|31
shift	2025|5|26|-1|31
shift	2025|5|26|0|31
shift	2025|5|26|1|31
shift	2025|5|26|2|31
range	2025|5|28|0
days	2025|5|28|0
shift	2025|5|28|-2|0
shift	2025|5|28|-1|0
shift	2025|5|28|0|0
shift	2025|5|28|1|0
shift	2025|5|28|2|0
range	2025|5|28|1
days	2025|5|28|1
shift	2025|5|28|-2|1
shift	2025|5|28|-1|1
shift	2025|5|28|0|1
shift	2025|5|28|1|1
shift	2025|5|28|2|1
range	2025|5|28|5
days	2025|5|28|5
shift	2025|5|28|-2|5
shift	2025|5|28|-1|5
shift	2025|5|28|0|5
shift	2025|5|28|1|5
shift	2025|5|28|2|5
range	2025|5|28|15
days	2025|5|28|15
shift	2025|5|28|-2|15
shift	2025|5|28|-1|15
shift	2025|5|28|0|15
shift	2025|5|28|1|15
shift	2025|5|28|2|15
range	2025|5|28|25
days	2025|5|28|25
shift	2025|5|28|-2|25
shift	2025|5|28|-1|25
shift	2025|5|28|0|25
shift	2025|5|28|1|25
shift	2025|5|28|2|25
range	2025|5|28|28
days	2025|5|28|28
shift	2025|5|28|-2|28
shift	2025|5|28|-1|28
shift	2025|5|28|0|28
shift	2025|5|28|1|28
shift	2025|5|28|2|28
range	2025|5|28|29
days	2025|5|28|29
shift	2025|5|28|-2|29
shift	2025|5|28|-1|29
shift	2025|5|28|0|29
shift	2025|5|28|1|29
shift	2025|5|28|2|29
range	2025|5|28|30
days	2025|5|28|30
shift	2025|5|28|-2|30
shift	2025|5|28|-1|30
shift	2025|5|28|0|30
shift	2025|5|28|1|30
shift	2025|5|28|2|30
range	2025|5|28|31
days	2025|5|28|31
shift	2025|5|28|-2|31
shift	2025|5|28|-1|31
shift	2025|5|28|0|31
shift	2025|5|28|1|31
shift	2025|5|28|2|31
range	2025|5|31|0
days	2025|5|31|0
shift	2025|5|31|-2|0
shift	2025|5|31|-1|0
shift	2025|5|31|0|0
shift	2025|5|31|1|0
shift	2025|5|31|2|0
range	2025|5|31|1
days	2025|5|31|1
shift	2025|5|31|-2|1
shift	2025|5|31|-1|1
shift	2025|5|31|0|1
shift	2025|5|31|1|1
shift	2025|5|31|2|1
range	2025|5|31|5
days	2025|5|31|5
shift	2025|5|31|-2|5
shift	2025|5|31|-1|5
shift	2025|5|31|0|5
shift	2025|5|31|1|5
shift	2025|5|31|2|5
range	2025|5|31|15
days	2025|5|31|15
shift	2025|5|31|-2|15
shift	2025|5|31|-1|15
shift	2025|5|31|0|15
shift	2025|5|31|1|15
shift	2025|5|31|2|15
range	2025|5|31|25
days	2025|5|31|25
shift	2025|5|31|-2|25
shift	2025|5|31|-1|25
shift	2025|5|31|0|25
shift	2025|5|31|1|25
shift	2025|5|31|2|25
range	2025|5|31|28
days	2025|5|31|28
shift	2025|5|31|-2|28
shift	2025|5|31|-1|28
shift	2025|5|31|0|28
shift	2025|5|31|1|28
shift	2025|5|31|2|28
range	2025|5|31|29
days	2025|5|31|29
shift	2025|5|31|-2|29
shift	2025|5|31|-1|29
shift	2025|5|31|0|29
shift	2025|5|31|1|29
shift	2025|5|31|2|29
range	2025|5|31|30
days	2025|5|31|30
shift	2025|5|31|-2|30
shift	2025|5|31|-1|30
shift	2025|5|31|0|30
shift	2025|5|31|1|30
shift	2025|5|31|2|30
range	2025|5|31|31
days	2025|5|31|31
shift	2025|5|31|-2|31
shift	2025|5|31|-1|31
shift	2025|5|31|0|31
shift	2025|5|31|1|31
shift	2025|5|31|2|31
range	2025|6|1|0
days	2025|6|1|0
shift	2025|6|1|-2|0
shift	2025|6|1|-1|0
shift	2025|6|1|0|0
shift	2025|6|1|1|0
shift	2025|6|1|2|0
range	2025|6|1|1
days	2025|6|1|1
shift	2025|6|1|-2|1
shift	2025|6|1|-1|1
shift	2025|6|1|0|1
shift	2025|6|1|1|1
shift	2025|6|1|2|1
range	2025|6|1|5
days	2025|6|1|5
shift	2025|6|1|-2|5
shift	2025|6|1|-1|5
shift	2025|6|1|0|5
shift	2025|6|1|1|5
shift	2025|6|1|2|5
range	2025|6|1|15
days	2025|6|1|15
shift	2025|6|1|-2|15
shift	2025|6|1|-1|15
shift	2025|6|1|0|15
shift	2025|6|1|1|15
shift	2025|6|1|2|15
range	2025|6|1|25
days	2025|6|1|25
shift	2025|6|1|-2|25
shift	2025|6|1|-1|25
shift	2025|6|1|0|25
shift	2025|6|1|1|25
shift	2025|6|1|2|25
range	2025|6|1|28
days	2025|6|1|28
shift	2025|6|1|-2|28
shift	2025|6|1|-1|28
shift	2025|6|1|0|28
shift	2025|6|1|1|28
shift	2025|6|1|2|28
range	2025|6|1|29
days	2025|6|1|29
shift	2025|6|1|-2|29
shift	2025|6|1|-1|29
shift	2025|6|1|0|29
shift	2025|6|1|1|29
shift	2025|6|1|2|29
range	2025|6|1|30
days	2025|6|1|30
shift	2025|6|1|-2|30
shift	2025|6|1|-1|30
shift	2025|6|1|0|30
shift	2025|6|1|1|30
shift	2025|6|1|2|30
range	2025|6|1|31
days	2025|6|1|31
shift	2025|6|1|-2|31
shift	2025|6|1|-1|31
shift	2025|6|1|0|31
shift	2025|6|1|1|31
shift	2025|6|1|2|31
range	2025|6|5|0
days	2025|6|5|0
shift	2025|6|5|-2|0
shift	2025|6|5|-1|0
shift	2025|6|5|0|0
shift	2025|6|5|1|0
shift	2025|6|5|2|0
range	2025|6|5|1
days	2025|6|5|1
shift	2025|6|5|-2|1
shift	2025|6|5|-1|1
shift	2025|6|5|0|1
shift	2025|6|5|1|1
shift	2025|6|5|2|1
range	2025|6|5|5
days	2025|6|5|5
shift	2025|6|5|-2|5
shift	2025|6|5|-1|5
shift	2025|6|5|0|5
shift	2025|6|5|1|5
shift	2025|6|5|2|5
range	2025|6|5|15
days	2025|6|5|15
shift	2025|6|5|-2|15
shift	2025|6|5|-1|15
shift	2025|6|5|0|15
shift	2025|6|5|1|15
shift	2025|6|5|2|15
range	2025|6|5|25
days	2025|6|5|25
shift	2025|6|5|-2|25
shift	2025|6|5|-1|25
shift	2025|6|5|0|25
shift	2025|6|5|1|25
shift	2025|6|5|2|25
range	2025|6|5|28
days	2025|6|5|28
shift	2025|6|5|-2|28
shift	2025|6|5|-1|28
shift	2025|6|5|0|28
shift	2025|6|5|1|28
shift	2025|6|5|2|28
range	2025|6|5|29
days	2025|6|5|29
shift	2025|6|5|-2|29
shift	2025|6|5|-1|29
shift	2025|6|5|0|29
shift	2025|6|5|1|29
shift	2025|6|5|2|29
range	2025|6|5|30
days	2025|6|5|30
shift	2025|6|5|-2|30
shift	2025|6|5|-1|30
shift	2025|6|5|0|30
shift	2025|6|5|1|30
shift	2025|6|5|2|30
range	2025|6|5|31
days	2025|6|5|31
shift	2025|6|5|-2|31
shift	2025|6|5|-1|31
shift	2025|6|5|0|31
shift	2025|6|5|1|31
shift	2025|6|5|2|31
range	2025|6|15|0
days	2025|6|15|0
shift	2025|6|15|-2|0
shift	2025|6|15|-1|0
shift	2025|6|15|0|0
shift	2025|6|15|1|0
shift	2025|6|15|2|0
range	2025|6|15|1
days	2025|6|15|1
shift	2025|6|15|-2|1
shift	2025|6|15|-1|1
shift	2025|6|15|0|1
shift	2025|6|15|1|1
shift	2025|6|15|2|1
range	2025|6|15|5
days	2025|6|15|5
shift	2025|6|15|-2|5
shift	2025|6|15|-1|5
shift	2025|6|15|0|5
shift	2025|6|15|1|5
shift	2025|6|15|2|5
range	2025|6|15|15
days	2025|6|15|15
shift	2025|6|15|-2|15
shift	2025|6|15|-1|15
shift	2025|6|15|0|15
shift	2025|6|15|1|15
shift	2025|6|15|2|15
range	2025|6|15|25
days	2025|6|15|25
shift	2025|6|15|-2|25
shift	2025|6|15|-1|25
shift	2025|6|15|0|25
shift	2025|6|15|1|25
shift	2025|6|15|2|25
range	2025|6|15|28
days	2025|6|15|28
shift	2025|6|15|-2|28
shift	2025|6|15|-1|28
shift	2025|6|15|0|28
shift	2025|6|15|1|28
shift	2025|6|15|2|28
range	2025|6|15|29
days	2025|6|15|29
shift	2025|6|15|-2|29
shift	2025|6|15|-1|29
shift	2025|6|15|0|29
shift	2025|6|15|1|29
shift	2025|6|15|2|29
range	2025|6|15|30
days	2025|6|15|30
shift	2025|6|15|-2|30
shift	2025|6|15|-1|30
shift	2025|6|15|0|30
shift	2025|6|15|1|30
shift	2025|6|15|2|30
range	2025|6|15|31
days	2025|6|15|31
shift	2025|6|15|-2|31
shift	2025|6|15|-1|31
shift	2025|6|15|0|31
shift	2025|6|15|1|31
shift	2025|6|15|2|31
range	2025|6|24|0
days	2025|6|24|0
shift	2025|6|24|-2|0
shift	2025|6|24|-1|0
shift	2025|6|24|0|0
shift	2025|6|24|1|0
shift	2025|6|24|2|0
range	2025|6|24|1
days	2025|6|24|1
shift	2025|6|24|-2|1
shift	2025|6|24|-1|1
shift	2025|6|24|0|1
shift	2025|6|24|1|1
shift	2025|6|24|2|1
range	2025|6|24|5
days	2025|6|24|5
shift	2025|6|24|-2|5
shift	2025|6|24|-1|5
shift	2025|6|24|0|5
shift	2025|6|24|1|5
shift	2025|6|24|2|5
range	2025|6|24|15
days	2025|6|24|15
shift	2025|6|24|-2|15
shift	2025|6|24|-1|15
shift	2025|6|24|0|15
shift	2025|6|24|1|15
shift	2025|6|24|2|15
range	2025|6|24|25
days	2025|6|24|25
shift	2025|6|24|-2|25
shift	2025|6|24|-1|25
shift	2025|6|24|0|25
shift	2025|6|24|1|25
shift	2025|6|24|2|25
range	2025|6|24|28
days	2025|6|24|28
shift	2025|6|24|-2|28
shift	2025|6|24|-1|28
shift	2025|6|24|0|28
shift	2025|6|24|1|28
shift	2025|6|24|2|28
range	2025|6|24|29
days	2025|6|24|29
shift	2025|6|24|-2|29
shift	2025|6|24|-1|29
shift	2025|6|24|0|29
shift	2025|6|24|1|29
shift	2025|6|24|2|29
range	2025|6|24|30
days	2025|6|24|30
shift	2025|6|24|-2|30
shift	2025|6|24|-1|30
shift	2025|6|24|0|30
shift	2025|6|24|1|30
shift	2025|6|24|2|30
range	2025|6|24|31
days	2025|6|24|31
shift	2025|6|24|-2|31
shift	2025|6|24|-1|31
shift	2025|6|24|0|31
shift	2025|6|24|1|31
shift	2025|6|24|2|31
range	2025|6|25|0
days	2025|6|25|0
shift	2025|6|25|-2|0
shift	2025|6|25|-1|0
shift	2025|6|25|0|0
shift	2025|6|25|1|0
shift	2025|6|25|2|0
range	2025|6|25|1
days	2025|6|25|1
shift	2025|6|25|-2|1
shift	2025|6|25|-1|1
shift	2025|6|25|0|1
shift	2025|6|25|1|1
shift	2025|6|25|2|1
range	2025|6|25|5
days	2025|6|25|5
shift	2025|6|25|-2|5
shift	2025|6|25|-1|5
shift	2025|6|25|0|5
shift	2025|6|25|1|5
shift	2025|6|25|2|5
range	2025|6|25|15
days	2025|6|25|15
shift	2025|6|25|-2|15
shift	2025|6|25|-1|15
shift	2025|6|25|0|15
shift	2025|6|25|1|15
shift	2025|6|25|2|15
range	2025|6|25|25
days	2025|6|25|25
shift	2025|6|25|-2|25
shift	2025|6|25|-1|25
shift	2025|6|25|0|25
shift	2025|6|25|1|25
shift	2025|6|25|2|25
range	2025|6|25|28
days	2025|6|25|28
shift	2025|6|25|-2|28
shift	2025|6|25|-1|28
shift	2025|6|25|0|28
shift	2025|6|25|1|28
shift	2025|6|25|2|28
range	2025|6|25|29
days	2025|6|25|29
shift	2025|6|25|-2|29
shift	2025|6|25|-1|29
shift	2025|6|25|0|29
shift	2025|6|25|1|29
shift	2025|6|25|2|29
range	2025|6|25|30
days	2025|6|25|30
shift	2025|6|25|-2|30
shift	2025|6|25|-1|30
shift	2025|6|25|0|30
shift	2025|6|25|1|30
shift	2025|6|25|2|30
range	2025|6|25|31
days	2025|6|25|31
shift	2025|6|25|-2|31
shift	2025|6|25|-1|31
shift	2025|6|25|0|31
shift	2025|6|25|1|31
shift	2025|6|25|2|31
range	2025|6|26|0
days	2025|6|26|0
shift	2025|6|26|-2|0
shift	2025|6|26|-1|0
shift	2025|6|26|0|0
shift	2025|6|26|1|0
shift	2025|6|26|2|0
range	2025|6|26|1
days	2025|6|26|1
shift	2025|6|26|-2|1
shift	2025|6|26|-1|1
shift	2025|6|26|0|1
shift	2025|6|26|1|1
shift	2025|6|26|2|1
range	2025|6|26|5
days	2025|6|26|5
shift	2025|6|26|-2|5
shift	2025|6|26|-1|5
shift	2025|6|26|0|5
shift	2025|6|26|1|5
shift	2025|6|26|2|5
range	2025|6|26|15
days	2025|6|26|15
shift	2025|6|26|-2|15
shift	2025|6|26|-1|15
shift	2025|6|26|0|15
shift	2025|6|26|1|15
shift	2025|6|26|2|15
range	2025|6|26|25
days	2025|6|26|25
shift	2025|6|26|-2|25
shift	2025|6|26|-1|25
shift	2025|6|26|0|25
shift	2025|6|26|1|25
shift	2025|6|26|2|25
range	2025|6|26|28
days	2025|6|26|28
shift	2025|6|26|-2|28
shift	2025|6|26|-1|28
shift	2025|6|26|0|28
shift	2025|6|26|1|28
shift	2025|6|26|2|28
range	2025|6|26|29
days	2025|6|26|29
shift	2025|6|26|-2|29
shift	2025|6|26|-1|29
shift	2025|6|26|0|29
shift	2025|6|26|1|29
shift	2025|6|26|2|29
range	2025|6|26|30
days	2025|6|26|30
shift	2025|6|26|-2|30
shift	2025|6|26|-1|30
shift	2025|6|26|0|30
shift	2025|6|26|1|30
shift	2025|6|26|2|30
range	2025|6|26|31
days	2025|6|26|31
shift	2025|6|26|-2|31
shift	2025|6|26|-1|31
shift	2025|6|26|0|31
shift	2025|6|26|1|31
shift	2025|6|26|2|31
range	2025|6|28|0
days	2025|6|28|0
shift	2025|6|28|-2|0
shift	2025|6|28|-1|0
shift	2025|6|28|0|0
shift	2025|6|28|1|0
shift	2025|6|28|2|0
range	2025|6|28|1
days	2025|6|28|1
shift	2025|6|28|-2|1
shift	2025|6|28|-1|1
shift	2025|6|28|0|1
shift	2025|6|28|1|1
shift	2025|6|28|2|1
range	2025|6|28|5
days	2025|6|28|5
shift	2025|6|28|-2|5
shift	2025|6|28|-1|5
shift	2025|6|28|0|5
shift	2025|6|28|1|5
shift	2025|6|28|2|5
range	2025|6|28|15
days	2025|6|28|15
shift	2025|6|28|-2|15
shift	2025|6|28|-1|15
shift	2025|6|28|0|15
shift	2025|6|28|1|15
shift	2025|6|28|2|15
range	2025|6|28|25
days	2025|6|28|25
shift	2025|6|28|-2|25
shift	2025|6|28|-1|25
shift	2025|6|28|0|25
shift	2025|6|28|1|25
shift	2025|6|28|2|25
range	2025|6|28|28
days	2025|6|28|28
shift	2025|6|28|-2|28
shift	2025|6|28|-1|28
shift	2025|6|28|0|28
shift	2025|6|28|1|28
shift	2025|6|28|2|28
range	2025|6|28|29
days	2025|6|28|29
shift	2025|6|28|-2|29
shift	2025|6|28|-1|29
shift	2025|6|28|0|29
shift	2025|6|28|1|29
shift	2025|6|28|2|29
range	2025|6|28|30
days	2025|6|28|30
shift	2025|6|28|-2|30
shift	2025|6|28|-1|30
shift	2025|6|28|0|30
shift	2025|6|28|1|30
shift	2025|6|28|2|30
range	2025|6|28|31
days	2025|6|28|31
shift	2025|6|28|-2|31
shift	2025|6|28|-1|31
shift	2025|6|28|0|31
shift	2025|6|28|1|31
shift	2025|6|28|2|31
range	2025|6|31|0
days	2025|6|31|0
shift	2025|6|31|-2|0
shift	2025|6|31|-1|0
shift	2025|6|31|0|0
shift	2025|6|31|1|0
shift	2025|6|31|2|0
range	2025|6|31|1
days	2025|6|31|1
shift	2025|6|31|-2|1
shift	2025|6|31|-1|1
shift	2025|6|31|0|1
shift	2025|6|31|1|1
shift	2025|6|31|2|1
range	2025|6|31|5
days	2025|6|31|5
shift	2025|6|31|-2|5
shift	2025|6|31|-1|5
shift	2025|6|31|0|5
shift	2025|6|31|1|5
shift	2025|6|31|2|5
range	2025|6|31|15
days	2025|6|31|15
shift	2025|6|31|-2|15
shift	2025|6|31|-1|15
shift	2025|6|31|0|15
shift	2025|6|31|1|15
shift	2025|6|31|2|15
range	2025|6|31|25
days	2025|6|31|25
shift	2025|6|31|-2|25
shift	2025|6|31|-1|25
shift	2025|6|31|0|25
shift	2025|6|31|1|25
shift	2025|6|31|2|25
range	2025|6|31|28
days	2025|6|31|28
shift	2025|6|31|-2|28
shift	2025|6|31|-1|28
shift	2025|6|31|0|28
shift	2025|6|31|1|28
shift	2025|6|31|2|28
range	2025|6|31|29
days	2025|6|31|29
shift	2025|6|31|-2|29
shift	2025|6|31|-1|29
shift	2025|6|31|0|29
shift	2025|6|31|1|29
shift	2025|6|31|2|29
range	2025|6|31|30
days	2025|6|31|30
shift	2025|6|31|-2|30
shift	2025|6|31|-1|30
shift	2025|6|31|0|30
shift	2025|6|31|1|30
shift	2025|6|31|2|30
range	2025|6|31|31
days	2025|6|31|31
shift	2025|6|31|-2|31
shift	2025|6|31|-1|31
shift	2025|6|31|0|31
shift	2025|6|31|1|31
shift	2025|6|31|2|31
range	2025|7|1|0
days	2025|7|1|0
shift	2025|7|1|-2|0
shift	2025|7|1|-1|0
shift	2025|7|1|0|0
shift	2025|7|1|1|0
shift	2025|7|1|2|0
range	2025|7|1|1
days	2025|7|1|1
shift	2025|7|1|-2|1
shift	2025|7|1|-1|1
shift	2025|7|1|0|1
shift	2025|7|1|1|1
shift	2025|7|1|2|1
range	2025|7|1|5
days	2025|7|1|5
shift	2025|7|1|-2|5
shift	2025|7|1|-1|5
shift	2025|7|1|0|5
shift	2025|7|1|1|5
shift	2025|7|1|2|5
range	2025|7|1|15
days	2025|7|1|15
shift	2025|7|1|-2|15
shift	2025|7|1|-1|15
shift	2025|7|1|0|15
shift	2025|7|1|1|15
shift	2025|7|1|2|15
range	2025|7|1|25
days	2025|7|1|25
shift	2025|7|1|-2|25
shift	2025|7|1|-1|25
shift	2025|7|1|0|25
shift	2025|7|1|1|25
shift	2025|7|1|2|25
range	2025|7|1|28
days	2025|7|1|28
shift	2025|7|1|-2|28
shift	2025|7|1|-1|28
shift	2025|7|1|0|28
shift	2025|7|1|1|28
shift	2025|7|1|2|28
range	2025|7|1|29
days	2025|7|1|29
shift	2025|7|1|-2|29
shift	2025|7|1|-1|29
shift	2025|7|1|0|29
shift	2025|7|1|1|29
shift	2025|7|1|2|29
range	2025|7|1|30
days	2025|7|1|30
shift	2025|7|1|-2|30
shift	2025|7|1|-1|30
shift	2025|7|1|0|30
shift	2025|7|1|1|30
shift	2025|7|1|2|30
range	2025|7|1|31
days	2025|7|1|31
shift	2025|7|1|-2|31
shift	2025|7|1|-1|31
shift	2025|7|1|0|31
shift	2025|7|1|1|31
shift	2025|7|1|2|31
range	2025|7|5|0
days	2025|7|5|0
shift	2025|7|5|-2|0
shift	2025|7|5|-1|0
shift	2025|7|5|0|0
shift	2025|7|5|1|0
shift	2025|7|5|2|0
range	2025|7|5|1
days	2025|7|5|1
shift	2025|7|5|-2|1
shift	2025|7|5|-1|1
shift	2025|7|5|0|1
shift	2025|7|5|1|1
shift	2025|7|5|2|1
range	2025|7|5|5
days	2025|7|5|5
shift	2025|7|5|-2|5
shift	2025|7|5|-1|5
shift	2025|7|5|0|5
shift	2025|7|5|1|5
shift	2025|7|5|2|5
range	2025|7|5|15
days	2025|7|5|15
shift	2025|7|5|-2|15
shift	2025|7|5|-1|15
shift	2025|7|5|0|15
shift	2025|7|5|1|15
shift	2025|7|5|2|15
range	2025|7|5|25
days	2025|7|5|25
shift	2025|7|5|-2|25
shift	2025|7|5|-1|25
shift	2025|7|5|0|25
shift	2025|7|5|1|25
shift	2025|7|5|2|25
range	2025|7|5|28
days	2025|7|5|28
shift	2025|7|5|-2|28
shift	2025|7|5|-1|28
shift	2025|7|5|0|28
shift	2025|7|5|1|28
shift	2025|7|5|2|28
range	2025|7|5|29
days	2025|7|5|29
shift	2025|7|5|-2|29
shift	2025|7|5|-1|29
shift	2025|7|5|0|29
shift	2025|7|5|1|29
shift	2025|7|5|2|29
range	2025|7|5|30
days	2025|7|5|30
shift	2025|7|5|-2|30
shift	2025|7|5|-1|30
shift	2025|7|5|0|30
shift	2025|7|5|1|30
shift	2025|7|5|2|30
range	2025|7|5|31
days	2025|7|5|31
shift	2025|7|5|-2|31
shift	2025|7|5|-1|31
shift	2025|7|5|0|31
shift	2025|7|5|1|31
shift	2025|7|5|2|31
range	2025|7|15|0
days	2025|7|15|0
shift	2025|7|15|-2|0
shift	2025|7|15|-1|0
shift	2025|7|15|0|0
shift	2025|7|15|1|0
shift	2025|7|15|2|0
range	2025|7|15|1
days	2025|7|15|1
shift	2025|7|15|-2|1
shift	2025|7|15|-1|1
shift	2025|7|15|0|1
shift	2025|7|15|1|1
shift	2025|7|15|2|1
range	2025|7|15|5
days	2025|7|15|5
shift	2025|7|15|-2|5
shift	2025|7|15|-1|5
shift	2025|7|15|0|5
shift	2025|7|15|1|5
shift	2025|7|15|2|5
range	2025|7|15|15
days	2025|7|15|15
shift	2025|7|15|-2|15
shift	2025|7|15|-1|15
shift	2025|7|15|0|15
shift	2025|7|15|1|15
shift	2025|7|15|2|15
range	2025|7|15|25
days	2025|7|15|25
shift	2025|7|15|-2|25
shift	2025|7|15|-1|25
shift	2025|7|15|0|25
shift	2025|7|15|1|25
shift	2025|7|15|2|25
range	2025|7|15|28
days	2025|7|15|28
shift	2025|7|15|-2|28
shift	2025|7|15|-1|28
shift	2025|7|15|0|28
shift	2025|7|15|1|28
shift	2025|7|15|2|28
range	2025|7|15|29
days	2025|7|15|29
shift	2025|7|15|-2|29
shift	2025|7|15|-1|29
shift	2025|7|15|0|29
shift	2025|7|15|1|29
shift	2025|7|15|2|29
range	2025|7|15|30
days	2025|7|15|30
shift	2025|7|15|-2|30
shift	2025|7|15|-1|30
shift	2025|7|15|0|30
shift	2025|7|15|1|30
shift	2025|7|15|2|30
range	2025|7|15|31
days	2025|7|15|31
shift	2025|7|15|-2|31
shift	2025|7|15|-1|31
shift	2025|7|15|0|31
shift	2025|7|15|1|31
shift	2025|7|15|2|31
range	2025|7|24|0
days	2025|7|24|0
shift	2025|7|24|-2|0
shift	2025|7|24|-1|0
shift	2025|7|24|0|0
shift	2025|7|24|1|0
shift	2025|7|24|2|0
range	2025|7|24|1
days	2025|7|24|1
shift	2025|7|24|-2|1
shift	2025|7|24|-1|1
shift	2025|7|24|0|1
shift	2025|7|24|1|1
shift	2025|7|24|2|1
range	2025|7|24|5
days	2025|7|24|5
shift	2025|7|24|-2|5
shift	2025|7|24|-1|5
shift	2025|7|24|0|5
shift	2025|7|24|1|5
shift	2025|7|24|2|5
range	2025|7|24|15
days	2025|7|24|15
shift	2025|7|24|-2|15
shift	2025|7|24|-1|15
shift	2025|7|24|0|15
shift	2025|7|24|1|15
shift	2025|7|24|2|15
range	2025|7|24|25
days	2025|7|24|25
shift	2025|7|24|-2|25
shift	2025|7|24|-1|25
shift	2025|7|24|0|25
shift	2025|7|24|1|25
shift	2025|7|24|2|25
range	2025|7|24|28
days	2025|7|24|28
shift	2025|7|24|-2|28
shift	2025|7|24|-1|28
shift	2025|7|24|0|28
shift	2025|7|24|1|28
shift	2025|7|24|2|28
range	2025|7|24|29
days	2025|7|24|29
shift	2025|7|24|-2|29
shift	2025|7|24|-1|29
shift	2025|7|24|0|29
shift	2025|7|24|1|29
shift	2025|7|24|2|29
range	2025|7|24|30
days	2025|7|24|30
shift	2025|7|24|-2|30
shift	2025|7|24|-1|30
shift	2025|7|24|0|30
shift	2025|7|24|1|30
shift	2025|7|24|2|30
range	2025|7|24|31
days	2025|7|24|31
shift	2025|7|24|-2|31
shift	2025|7|24|-1|31
shift	2025|7|24|0|31
shift	2025|7|24|1|31
shift	2025|7|24|2|31
range	2025|7|25|0
days	2025|7|25|0
shift	2025|7|25|-2|0
shift	2025|7|25|-1|0
shift	2025|7|25|0|0
shift	2025|7|25|1|0
shift	2025|7|25|2|0
range	2025|7|25|1
days	2025|7|25|1
shift	2025|7|25|-2|1
shift	2025|7|25|-1|1
shift	2025|7|25|0|1
shift	2025|7|25|1|1
shift	2025|7|25|2|1
range	2025|7|25|5
days	2025|7|25|5
shift	2025|7|25|-2|5
shift	2025|7|25|-1|5
shift	2025|7|25|0|5
shift	2025|7|25|1|5
shift	2025|7|25|2|5
range	2025|7|25|15
days	2025|7|25|15
shift	2025|7|25|-2|15
shift	2025|7|25|-1|15
shift	2025|7|25|0|15
shift	2025|7|25|1|15
shift	2025|7|25|2|15
range	2025|7|25|25
days	2025|7|25|25
shift	2025|7|25|-2|25
shift	2025|7|25|-1|25
shift	2025|7|25|0|25
shift	2025|7|25|1|25
shift	2025|7|25|2|25
range	2025|7|25|28
days	2025|7|25|28
shift	2025|7|25|-2|28
shift	2025|7|25|-1|28
shift	2025|7|25|0|28
shift	2025|7|25|1|28
shift	2025|7|25|2|28
range	2025|7|25|29
days	2025|7|25|29
shift	2025|7|25|-2|29
shift	2025|7|25|-1|29
shift	2025|7|25|0|29
shift	2025|7|25|1|29
shift	2025|7|25|2|29
range	2025|7|25|30
days	2025|7|25|30
shift	2025|7|25|-2|30
shift	2025|7|25|-1|30
shift	2025|7|25|0|30
shift	2025|7|25|1|30
shift	2025|7|25|2|30
range	2025|7|25|31
days	2025|7|25|31
shift	2025|7|25|-2|31
shift	2025|7|25|-1|31
shift	2025|7|25|0|31
shift	2025|7|25|1|31
shift	2025|7|25|2|31
range	2025|7|26|0
days	2025|7|26|0
shift	2025|7|26|-2|0
shift	2025|7|26|-1|0
shift	2025|7|26|0|0
shift	2025|7|26|1|0
shift	2025|7|26|2|0
range	2025|7|26|1
days	2025|7|26|1
shift	2025|7|26|-2|1
shift	2025|7|26|-1|1
shift	2025|7|26|0|1
shift	2025|7|26|1|1
shift	2025|7|26|2|1
range	2025|7|26|5
days	2025|7|26|5
shift	2025|7|26|-2|5
shift	2025|7|26|-1|5
shift	2025|7|26|0|5
shift	2025|7|26|1|5
shift	2025|7|26|2|5
range	2025|7|26|15
days	2025|7|26|15
shift	2025|7|26|-2|15
shift	2025|7|26|-1|15
shift	2025|7|26|0|15
shift	2025|7|26|1|15
shift	2025|7|26|2|15
range	2025|7|26|25
days	2025|7|26|25
shift	2025|7|26|-2|25
shift	2025|7|26|-1|25
shift	2025|7|26|0|25
shift	2025|7|26|1|25
shift	2025|7|26|2|25
range	2025|7|26|28
days	2025|7|26|28
shift	2025|7|26|-2|28
shift	2025|7|26|-1|28
shift	2025|7|26|0|28
shift	2025|7|26|1|28
shift	2025|7|26|2|28
range	2025|7|26|29
days	2025|7|26|29
shift	2025|7|26|-2|29
shift	2025|7|26|-1|29
shift	2025|7|26|0|29
shift	2025|7|26|1|29
shift	2025|7|26|2|29
range	2025|7|26|30
days	2025|7|26|30
shift	2025|7|26|-2|30
shift	2025|7|26|-1|30
shift	2025|7|26|0|30
shift	2025|7|26|1|30
shift	2025|7|26|2|30
range	2025|7|26|31
days	2025|7|26|31
shift	2025|7|26|-2|31
shift	2025|7|26|-1|31
shift	2025|7|26|0|31
shift	2025|7|26|1|31
shift	2025|7|26|2|31
range	2025|7|28|0
days	2025|7|28|0
shift	2025|7|28|-2|0
shift	2025|7|28|-1|0
shift	2025|7|28|0|0
shift	2025|7|28|1|0
shift	2025|7|28|2|0
range	2025|7|28|1
days	2025|7|28|1
shift	2025|7|28|-2|1
shift	2025|7|28|-1|1
shift	2025|7|28|0|1
shift	2025|7|28|1|1
shift	2025|7|28|2|1
range	2025|7|28|5
days	2025|7|28|5
shift	2025|7|28|-2|5
shift	2025|7|28|-1|5
shift	2025|7|28|0|5
shift	2025|7|28|1|5
shift	2025|7|28|2|5
range	2025|7|28|15
days	2025|7|28|15
shift	2025|7|28|-2|15
shift	2025|7|28|-1|15
shift	2025|7|28|0|15
shift	2025|7|28|1|15
shift	2025|7|28|2|15
range	2025|7|28|25
days	2025|7|28|25
shift	2025|7|28|-2|25
shift	2025|7|28|-1|25
shift	2025|7|28|0|25
shift	2025|7|28|1|25
shift	2025|7|28|2|25
range	2025|7|28|28
days	2025|7|28|28
shift	2025|7|28|-2|28
shift	2025|7|28|-1|28
shift	2025|7|28|0|28
shift	2025|7|28|1|28
shift	2025|7|28|2|28
range	2025|7|28|29
days	2025|7|28|29
shift	2025|7|28|-2|29
shift	2025|7|28|-1|29
shift	2025|7|28|0|29
shift	2025|7|28|1|29
shift	2025|7|28|2|29
range	2025|7|28|30
days	2025|7|28|30
shift	2025|7|28|-2|30
shift	2025|7|28|-1|30
shift	2025|7|28|0|30
shift	2025|7|28|1|30
shift	2025|7|28|2|30
range	2025|7|28|31
days	2025|7|28|31
shift	2025|7|28|-2|31
shift	2025|7|28|-1|31
shift	2025|7|28|0|31
shift	2025|7|28|1|31
shift	2025|7|28|2|31
range	2025|7|31|0
days	2025|7|31|0
shift	2025|7|31|-2|0
shift	2025|7|31|-1|0
shift	2025|7|31|0|0
shift	2025|7|31|1|0
shift	2025|7|31|2|0
range	2025|7|31|1
days	2025|7|31|1
shift	2025|7|31|-2|1
shift	2025|7|31|-1|1
shift	2025|7|31|0|1
shift	2025|7|31|1|1
shift	2025|7|31|2|1
range	2025|7|31|5
days	2025|7|31|5
shift	2025|7|31|-2|5
shift	2025|7|31|-1|5
shift	2025|7|31|0|5
shift	2025|7|31|1|5
shift	2025|7|31|2|5
range	2025|7|31|15
days	2025|7|31|15
shift	2025|7|31|-2|15
shift	2025|7|31|-1|15
shift	2025|7|31|0|15
shift	2025|7|31|1|15
shift	2025|7|31|2|15
range	2025|7|31|25
days	2025|7|31|25
shift	2025|7|31|-2|25
shift	2025|7|31|-1|25
shift	2025|7|31|0|25
shift	2025|7|31|1|25
shift	2025|7|31|2|25
range	2025|7|31|28
days	2025|7|31|28
shift	2025|7|31|-2|28
shift	2025|7|31|-1|28
shift	2025|7|31|0|28
shift	2025|7|31|1|28
shift	2025|7|31|2|28
range	2025|7|31|29
days	2025|7|31|29
shift	2025|7|31|-2|29
shift	2025|7|31|-1|29
shift	2025|7|31|0|29
shift	2025|7|31|1|29
shift	2025|7|31|2|29
range	2025|7|31|30
days	2025|7|31|30
shift	2025|7|31|-2|30
shift	2025|7|31|-1|30
shift	2025|7|31|0|30
shift	2025|7|31|1|30
shift	2025|7|31|2|30
range	2025|7|31|31
days	2025|7|31|31
shift	2025|7|31|-2|31
shift	2025|7|31|-1|31
shift	2025|7|31|0|31
shift	2025|7|31|1|31
shift	2025|7|31|2|31
range	2025|8|1|0
days	2025|8|1|0
shift	2025|8|1|-2|0
shift	2025|8|1|-1|0
shift	2025|8|1|0|0
shift	2025|8|1|1|0
shift	2025|8|1|2|0
range	2025|8|1|1
days	2025|8|1|1
shift	2025|8|1|-2|1
shift	2025|8|1|-1|1
shift	2025|8|1|0|1
shift	2025|8|1|1|1
shift	2025|8|1|2|1
range	2025|8|1|5
days	2025|8|1|5
shift	2025|8|1|-2|5
shift	2025|8|1|-1|5
shift	2025|8|1|0|5
shift	2025|8|1|1|5
shift	2025|8|1|2|5
range	2025|8|1|15
days	2025|8|1|15
shift	2025|8|1|-2|15
shift	2025|8|1|-1|15
shift	2025|8|1|0|15
shift	2025|8|1|1|15
shift	2025|8|1|2|15
range	2025|8|1|25
days	2025|8|1|25
shift	2025|8|1|-2|25
shift	2025|8|1|-1|25
shift	2025|8|1|0|25
shift	2025|8|1|1|25
shift	2025|8|1|2|25
range	2025|8|1|28
days	2025|8|1|28
shift	2025|8|1|-2|28
shift	2025|8|1|-1|28
shift	2025|8|1|0|28
shift	2025|8|1|1|28
shift	2025|8|1|2|28
range	2025|8|1|29
days	2025|8|1|29
shift	2025|8|1|-2|29
shift	2025|8|1|-1|29
shift	2025|8|1|0|29
shift	2025|8|1|1|29
shift	2025|8|1|2|29
range	2025|8|1|30
days	2025|8|1|30
shift	2025|8|1|-2|30
shift	2025|8|1|-1|30
shift	2025|8|1|0|30
shift	2025|8|1|1|30
shift	2025|8|1|2|30
range	2025|8|1|31
days	2025|8|1|31
shift	2025|8|1|-2|31
shift	2025|8|1|-1|31
shift	2025|8|1|0|31
shift	2025|8|1|1|31
shift	2025|8|1|2|31
range	2025|8|5|0
days	2025|8|5|0
shift	2025|8|5|-2|0
shift	2025|8|5|-1|0
shift	2025|8|5|0|0
shift	2025|8|5|1|0
shift	2025|8|5|2|0
range	2025|8|5|1
days	2025|8|5|1
shift	2025|8|5|-2|1
shift	2025|8|5|-1|1
shift	2025|8|5|0|1
shift	2025|8|5|1|1
shift	2025|8|5|2|1
range	2025|8|5|5
days	2025|8|5|5
shift	2025|8|5|-2|5
shift	2025|8|5|-1|5
shift	2025|8|5|0|5
shift	2025|8|5|1|5
shift	2025|8|5|2|5
range	2025|8|5|15
days	2025|8|5|15
shift	2025|8|5|-2|15
shift	2025|8|5|-1|15
shift	2025|8|5|0|15
shift	2025|8|5|1|15
shift	2025|8|5|2|15
range	2025|8|5|25
days	2025|8|5|25
shift	2025|8|5|-2|25
shift	2025|8|5|-1|25
shift	2025|8|5|0|25
shift	2025|8|5|1|25
shift	2025|8|5|2|25
range	2025|8|5|28
days	2025|8|5|28
shift	2025|8|5|-2|28
shift	2025|8|5|-1|28
shift	2025|8|5|0|28
shift	2025|8|5|1|28
shift	2025|8|5|2|28
range	2025|8|5|29
days	2025|8|5|29
shift	2025|8|5|-2|29
shift	2025|8|5|-1|29
shift	2025|8|5|0|29
shift	2025|8|5|1|29
shift	2025|8|5|2|29
range	2025|8|5|30
days	2025|8|5|30
shift	2025|8|5|-2|30
shift	2025|8|5|-1|30
shift	2025|8|5|0|30
shift	2025|8|5|1|30
shift	2025|8|5|2|30
range	2025|8|5|31
days	2025|8|5|31
shift	2025|8|5|-2|31
shift	2025|8|5|-1|31
shift	2025|8|5|0|31
shift	2025|8|5|1|31
shift	2025|8|5|2|31
range	2025|8|15|0
days	2025|8|15|0
shift	2025|8|15|-2|0
shift	2025|8|15|-1|0
shift	2025|8|15|0|0
shift	2025|8|15|1|0
shift	2025|8|15|2|0
range	2025|8|15|1
days	2025|8|15|1
shift	2025|8|15|-2|1
shift	2025|8|15|-1|1
shift	2025|8|15|0|1
shift	2025|8|15|1|1
shift	2025|8|15|2|1
range	2025|8|15|5
days	2025|8|15|5
shift	2025|8|15|-2|5
shift	2025|8|15|-1|5
shift	2025|8|15|0|5
shift	2025|8|15|1|5
shift	2025|8|15|2|5
range	2025|8|15|15
days	2025|8|15|15
shift	2025|8|15|-2|15
shift	2025|8|15|-1|15
shift	2025|8|15|0|15
shift	2025|8|15|1|15
shift	2025|8|15|2|15
range	2025|8|15|25
days	2025|8|15|25
shift	2025|8|15|-2|25
shift	2025|8|15|-1|25
shift	2025|8|15|0|25
shift	2025|8|15|1|25
shift	2025|8|15|2|25
range	2025|8|15|28
days	2025|8|15|28
shift	2025|8|15|-2|28
shift	2025|8|15|-1|28
shift	2025|8|15|0|28
shift	2025|8|15|1|28
shift	2025|8|15|2|28
range	2025|8|15|29
days	2025|8|15|29
shift	2025|8|15|-2|29
shift	2025|8|15|-1|29
shift	2025|8|15|0|29
shift	2025|8|15|1|29
shift	2025|8|15|2|29
range	2025|8|15|30
days	2025|8|15|30
shift	2025|8|15|-2|30
shift	2025|8|15|-1|30
shift	2025|8|15|0|30
shift	2025|8|15|1|30
shift	2025|8|15|2|30
range	2025|8|15|31
days	2025|8|15|31
shift	2025|8|15|-2|31
shift	2025|8|15|-1|31
shift	2025|8|15|0|31
shift	2025|8|15|1|31
shift	2025|8|15|2|31
range	2025|8|24|0
days	2025|8|24|0
shift	2025|8|24|-2|0
shift	2025|8|24|-1|0
shift	2025|8|24|0|0
shift	2025|8|24|1|0
shift	2025|8|24|2|0
range	2025|8|24|1
days	2025|8|24|1
shift	2025|8|24|-2|1
shift	2025|8|24|-1|1
shift	2025|8|24|0|1
shift	2025|8|24|1|1
shift	2025|8|24|2|1
range	2025|8|24|5
days	2025|8|24|5
shift	2025|8|24|-2|5
shift	2025|8|24|-1|5
shift	2025|8|24|0|5
shift	2025|8|24|1|5
shift	2025|8|24|2|5
range	2025|8|24|15
days	2025|8|24|15
shift	2025|8|24|-2|15
shift	2025|8|24|-1|15
shift	2025|8|24|0|15
shift	2025|8|24|1|15
shift	2025|8|24|2|15
range	2025|8|24|25
days	2025|8|24|25
shift	2025|8|24|-2|25
shift	2025|8|24|-1|25
shift	2025|8|24|0|25
shift	2025|8|24|1|25
shift	2025|8|24|2|25
range	2025|8|24|28
days	2025|8|24|28
shift	2025|8|24|-2|28
shift	2025|8|24|-1|28
shift	2025|8|24|0|28
shift	2025|8|24|1|28
shift	2025|8|24|2|28
range	2025|8|24|29
days	2025|8|24|29
shift	2025|8|24|-2|29
shift	2025|8|24|-1|29
shift	2025|8|24|0|29
shift	2025|8|24|1|29
shift	2025|8|24|2|29
range	2025|8|24|30
days	2025|8|24|30
shift	2025|8|24|-2|30
shift	2025|8|24|-1|30
shift	2025|8|24|0|30
shift	2025|8|24|1|30
shift	2025|8|24|2|30
range	2025|8|24|31
days	2025|8|24|31
shift	2025|8|24|-2|31
shift	2025|8|24|-1|31
shift	2025|8|24|0|31
shift	2025|8|24|1|31
shift	2025|8|24|2|31
range	2025|8|25|0
days	2025|8|25|0
shift	2025|8|25|-2|0
shift	2025|8|25|-1|0
shift	2025|8|25|0|0
shift	2025|8|25|1|0
shift	2025|8|25|2|0
range	2025|8|25|1
days	2025|8|25|1
shift	2025|8|25|-2|1
shift	2025|8|25|-1|1
shift	2025|8|25|0|1
shift	2025|8|25|1|1
shift	2025|8|25|2|1
range	2025|8|25|5
days	2025|8|25|5
shift	2025|8|25|-2|5
shift	2025|8|25|-1|5
shift	2025|8|25|0|5
shift	2025|8|25|1|5
shift	2025|8|25|2|5
range	2025|8|25|15
days	2025|8|25|15
shift	2025|8|25|-2|15
shift	2025|8|25|-1|15
shift	2025|8|25|0|15
shift	2025|8|25|1|15
shift	2025|8|25|2|15
range	2025|8|25|25
days	2025|8|25|25
shift	2025|8|25|-2|25
shift	2025|8|25|-1|25
shift	2025|8|25|0|25
shift	2025|8|25|1|25
shift	2025|8|25|2|25
range	2025|8|25|28
days	2025|8|25|28
shift	2025|8|25|-2|28
shift	2025|8|25|-1|28
shift	2025|8|25|0|28
shift	2025|8|25|1|28
shift	2025|8|25|2|28
range	2025|8|25|29
days	2025|8|25|29
shift	2025|8|25|-2|29
shift	2025|8|25|-1|29
shift	2025|8|25|0|29
shift	2025|8|25|1|29
shift	2025|8|25|2|29
range	2025|8|25|30
days	2025|8|25|30
shift	2025|8|25|-2|30
shift	2025|8|25|-1|30
shift	2025|8|25|0|30
shift	2025|8|25|1|30
shift	2025|8|25|2|30
range	2025|8|25|31
days	2025|8|25|31
shift	2025|8|25|-2|31
shift	2025|8|25|-1|31
shift	2025|8|25|0|31
shift	2025|8|25|1|31
shift	2025|8|25|2|31
range	2025|8|26|0
days	2025|8|26|0
shift	2025|8|26|-2|0
shift	2025|8|26|-1|0
shift	2025|8|26|0|0
shift	2025|8|26|1|0
shift	2025|8|26|2|0
range	2025|8|26|1
days	2025|8|26|1
shift	2025|8|26|-2|1
shift	2025|8|26|-1|1
shift	2025|8|26|0|1
shift	2025|8|26|1|1
shift	2025|8|26|2|1
range	2025|8|26|5
days	2025|8|26|5
shift	2025|8|26|-2|5
shift	2025|8|26|-1|5
shift	2025|8|26|0|5
shift	2025|8|26|1|5
shift	2025|8|26|2|5
range	2025|8|26|15
days	2025|8|26|15
shift	2025|8|26|-2|15
shift	2025|8|26|-1|15
shift	2025|8|26|0|15
shift	2025|8|26|1|15
shift	2025|8|26|2|15
range	2025|8|26|25
days	2025|8|26|25
shift	2025|8|26|-2|25
shift	2025|8|26|-1|25
shift	2025|8|26|0|25
shift	2025|8|26|1|25
shift	2025|8|26|2|25
range	2025|8|26|28
days	2025|8|26|28
shift	2025|8|26|-2|28
shift	2025|8|26|-1|28
shift	2025|8|26|0|28
shift	2025|8|26|1|28
shift	2025|8|26|2|28
range	2025|8|26|29
days	2025|8|26|29
shift	2025|8|26|-2|29
shift	2025|8|26|-1|29
shift	2025|8|26|0|29
shift	2025|8|26|1|29
shift	2025|8|26|2|29
range	2025|8|26|30
days	2025|8|26|30
shift	2025|8|26|-2|30
shift	2025|8|26|-1|30
shift	2025|8|26|0|30
shift	2025|8|26|1|30
shift	2025|8|26|2|30
range	2025|8|26|31
days	2025|8|26|31
shift	2025|8|26|-2|31
shift	2025|8|26|-1|31
shift	2025|8|26|0|31
shift	2025|8|26|1|31
shift	2025|8|26|2|31
range	2025|8|28|0
days	2025|8|28|0
shift	2025|8|28|-2|0
shift	2025|8|28|-1|0
shift	2025|8|28|0|0
shift	2025|8|28|1|0
shift	2025|8|28|2|0
range	2025|8|28|1
days	2025|8|28|1
shift	2025|8|28|-2|1
shift	2025|8|28|-1|1
shift	2025|8|28|0|1
shift	2025|8|28|1|1
shift	2025|8|28|2|1
range	2025|8|28|5
days	2025|8|28|5
shift	2025|8|28|-2|5
shift	2025|8|28|-1|5
shift	2025|8|28|0|5
shift	2025|8|28|1|5
shift	2025|8|28|2|5
range	2025|8|28|15
days	2025|8|28|15
shift	2025|8|28|-2|15
shift	2025|8|28|-1|15
shift	2025|8|28|0|15
shift	2025|8|28|1|15
shift	2025|8|28|2|15
range	2025|8|28|25
days	2025|8|28|25
shift	2025|8|28|-2|25
shift	2025|8|28|-1|25
shift	2025|8|28|0|25
shift	2025|8|28|1|25
shift	2025|8|28|2|25
range	2025|8|28|28
days	2025|8|28|28
shift	2025|8|28|-2|28
shift	2025|8|28|-1|28
shift	2025|8|28|0|28
shift	2025|8|28|1|28
shift	2025|8|28|2|28
range	2025|8|28|29
days	2025|8|28|29
shift	2025|8|28|-2|29
shift	2025|8|28|-1|29
shift	2025|8|28|0|29
shift	2025|8|28|1|29
shift	2025|8|28|2|29
range	2025|8|28|30
days	2025|8|28|30
shift	2025|8|28|-2|30
shift	2025|8|28|-1|30
shift	2025|8|28|0|30
shift	2025|8|28|1|30
shift	2025|8|28|2|30
range	2025|8|28|31
days	2025|8|28|31
shift	2025|8|28|-2|31
shift	2025|8|28|-1|31
shift	2025|8|28|0|31
shift	2025|8|28|1|31
shift	2025|8|28|2|31
range	2025|8|31|0
days	2025|8|31|0
shift	2025|8|31|-2|0
shift	2025|8|31|-1|0
shift	2025|8|31|0|0
shift	2025|8|31|1|0
shift	2025|8|31|2|0
range	2025|8|31|1
days	2025|8|31|1
shift	2025|8|31|-2|1
shift	2025|8|31|-1|1
shift	2025|8|31|0|1
shift	2025|8|31|1|1
shift	2025|8|31|2|1
range	2025|8|31|5
days	2025|8|31|5
shift	2025|8|31|-2|5
shift	2025|8|31|-1|5
shift	2025|8|31|0|5
shift	2025|8|31|1|5
shift	2025|8|31|2|5
range	2025|8|31|15
days	2025|8|31|15
shift	2025|8|31|-2|15
shift	2025|8|31|-1|15
shift	2025|8|31|0|15
shift	2025|8|31|1|15
shift	2025|8|31|2|15
range	2025|8|31|25
days	2025|8|31|25
shift	2025|8|31|-2|25
shift	2025|8|31|-1|25
shift	2025|8|31|0|25
shift	2025|8|31|1|25
shift	2025|8|31|2|25
range	2025|8|31|28
days	2025|8|31|28
shift	2025|8|31|-2|28
shift	2025|8|31|-1|28
shift	2025|8|31|0|28
shift	2025|8|31|1|28
shift	2025|8|31|2|28
range	2025|8|31|29
days	2025|8|31|29
shift	2025|8|31|-2|29
shift	2025|8|31|-1|29
shift	2025|8|31|0|29
shift	2025|8|31|1|29
shift	2025|8|31|2|29
range	2025|8|31|30
days	2025|8|31|30
shift	2025|8|31|-2|30
shift	2025|8|31|-1|30
shift	2025|8|31|0|30
shift	2025|8|31|1|30
shift	2025|8|31|2|30
range	2025|8|31|31
days	2025|8|31|31
shift	2025|8|31|-2|31
shift	2025|8|31|-1|31
shift	2025|8|31|0|31
shift	2025|8|31|1|31
shift	2025|8|31|2|31
range	2025|9|1|0
days	2025|9|1|0
shift	2025|9|1|-2|0
shift	2025|9|1|-1|0
shift	2025|9|1|0|0
shift	2025|9|1|1|0
shift	2025|9|1|2|0
range	2025|9|1|1
days	2025|9|1|1
shift	2025|9|1|-2|1
shift	2025|9|1|-1|1
shift	2025|9|1|0|1
shift	2025|9|1|1|1
shift	2025|9|1|2|1
range	2025|9|1|5
days	2025|9|1|5
shift	2025|9|1|-2|5
shift	2025|9|1|-1|5
shift	2025|9|1|0|5
shift	2025|9|1|1|5
shift	2025|9|1|2|5
range	2025|9|1|15
days	2025|9|1|15
shift	2025|9|1|-2|15
shift	2025|9|1|-1|15
shift	2025|9|1|0|15
shift	2025|9|1|1|15
shift	2025|9|1|2|15
range	2025|9|1|25
days	2025|9|1|25
shift	2025|9|1|-2|25
shift	2025|9|1|-1|25
shift	2025|9|1|0|25
shift	2025|9|1|1|25
shift	2025|9|1|2|25
range	2025|9|1|28
days	2025|9|1|28
shift	2025|9|1|-2|28
shift	2025|9|1|-1|28
shift	2025|9|1|0|28
shift	2025|9|1|1|28
shift	2025|9|1|2|28
range	2025|9|1|29
days	2025|9|1|29
shift	2025|9|1|-2|29
shift	2025|9|1|-1|29
shift	2025|9|1|0|29
shift	2025|9|1|1|29
shift	2025|9|1|2|29
range	2025|9|1|30
days	2025|9|1|30
shift	2025|9|1|-2|30
shift	2025|9|1|-1|30
shift	2025|9|1|0|30
shift	2025|9|1|1|30
shift	2025|9|1|2|30
range	2025|9|1|31
days	2025|9|1|31
shift	2025|9|1|-2|31
shift	2025|9|1|-1|31
shift	2025|9|1|0|31
shift	2025|9|1|1|31
shift	2025|9|1|2|31
range	2025|9|5|0
days	2025|9|5|0
shift	2025|9|5|-2|0
shift	2025|9|5|-1|0
shift	2025|9|5|0|0
shift	2025|9|5|1|0
shift	2025|9|5|2|0
range	2025|9|5|1
days	2025|9|5|1
shift	2025|9|5|-2|1
shift	2025|9|5|-1|1
shift	2025|9|5|0|1
shift	2025|9|5|1|1
shift	2025|9|5|2|1
range	2025|9|5|5
days	2025|9|5|5
shift	2025|9|5|-2|5
shift	2025|9|5|-1|5
shift	2025|9|5|0|5
shift	2025|9|5|1|5
shift	2025|9|5|2|5
range	2025|9|5|15
days	2025|9|5|15
shift	2025|9|5|-2|15
shift	2025|9|5|-1|15
shift	2025|9|5|0|15
shift	2025|9|5|1|15
shift	2025|9|5|2|15
range	2025|9|5|25
days	2025|9|5|25
shift	2025|9|5|-2|25
shift	2025|9|5|-1|25
shift	2025|9|5|0|25
shift	2025|9|5|1|25
shift	2025|9|5|2|25
range	2025|9|5|28
days	2025|9|5|28
shift	2025|9|5|-2|28
shift	2025|9|5|-1|28
shift	2025|9|5|0|28
shift	2025|9|5|1|28
shift	2025|9|5|2|28
range	2025|9|5|29
days	2025|9|5|29
shift	2025|9|5|-2|29
shift	2025|9|5|-1|29
shift	2025|9|5|0|29
shift	2025|9|5|1|29
shift	2025|9|5|2|29
range	2025|9|5|30
days	2025|9|5|30
shift	2025|9|5|-2|30
shift	2025|9|5|-1|30
shift	2025|9|5|0|30
shift	2025|9|5|1|30
shift	2025|9|5|2|30
range	2025|9|5|31
days	2025|9|5|31
shift	2025|9|5|-2|31
shift	2025|9|5|-1|31
shift	2025|9|5|0|31
shift	2025|9|5|1|31
shift	2025|9|5|2|31
range	2025|9|15|0
days	2025|9|15|0
shift	2025|9|15|-2|0
shift	2025|9|15|-1|0
shift	2025|9|15|0|0
shift	2025|9|15|1|0
shift	2025|9|15|2|0
range	2025|9|15|1
days	2025|9|15|1
shift	2025|9|15|-2|1
shift	2025|9|15|-1|1
shift	2025|9|15|0|1
shift	2025|9|15|1|1
shift	2025|9|15|2|1
range	2025|9|15|5
days	2025|9|15|5
shift	2025|9|15|-2|5
shift	2025|9|15|-1|5
shift	2025|9|15|0|5
shift	2025|9|15|1|5
shift	2025|9|15|2|5
range	2025|9|15|15
days	2025|9|15|15
shift	2025|9|15|-2|15
shift	2025|9|15|-1|15
shift	2025|9|15|0|15
shift	2025|9|15|1|15
shift	2025|9|15|2|15
range	2025|9|15|25
days	2025|9|15|25
shift	2025|9|15|-2|25
shift	2025|9|15|-1|25
shift	2025|9|15|0|25
shift	2025|9|15|1|25
shift	2025|9|15|2|25
range	2025|9|15|28
days	2025|9|15|28
shift	2025|9|15|-2|28
shift	2025|9|15|-1|28
shift	2025|9|15|0|28
shift	2025|9|15|1|28
shift	2025|9|15|2|28
range	2025|9|15|29
days	2025|9|15|29
shift	2025|9|15|-2|29
shift	2025|9|15|-1|29
shift	2025|9|15|0|29
shift	2025|9|15|1|29
shift	2025|9|15|2|29
range	2025|9|15|30
days	2025|9|15|30
shift	2025|9|15|-2|30
shift	2025|9|15|-1|30
shift	2025|9|15|0|30
shift	2025|9|15|1|30
shift	2025|9|15|2|30
range	2025|9|15|31
days	2025|9|15|31
shift	2025|9|15|-2|31
shift	2025|9|15|-1|31
shift	2025|9|15|0|31
shift	2025|9|15|1|31
shift	2025|9|15|2|31
range	2025|9|24|0
days	2025|9|24|0
shift	2025|9|24|-2|0
shift	2025|9|24|-1|0
shift	2025|9|24|0|0
shift	2025|9|24|1|0
shift	2025|9|24|2|0
range	2025|9|24|1
days	2025|9|24|1
shift	2025|9|24|-2|1
shift	2025|9|24|-1|1
shift	2025|9|24|0|1
shift	2025|9|24|1|1
shift	2025|9|24|2|1
range	2025|9|24|5
days	2025|9|24|5
shift	2025|9|24|-2|5
shift	2025|9|24|-1|5
shift	2025|9|24|0|5
shift	2025|9|24|1|5
shift	2025|9|24|2|5
range	2025|9|24|15
days	2025|9|24|15
shift	2025|9|24|-2|15
shift	2025|9|24|-1|15
shift	2025|9|24|0|15
shift	2025|9|24|1|15
shift	2025|9|24|2|15
range	2025|9|24|25
days	2025|9|24|25
shift	2025|9|24|-2|25
shift	2025|9|24|-1|25
shift	2025|9|24|0|25
shift	2025|9|24|1|25
shift	2025|9|24|2|25
range	2025|9|24|28
days	2025|9|24|28
shift	2025|9|24|-2|28
shift	2025|9|24|-1|28
shift	2025|9|24|0|28
shift	2025|9|24|1|28
shift	2025|9|24|2|28
range	2025|9|24|29
days	2025|9|24|29
shift	2025|9|24|-2|29
shift	2025|9|24|-1|29
shift	2025|9|24|0|29
shift	2025|9|24|1|29
shift	2025|9|24|2|29
range	2025|9|24|30
days	2025|9|24|30
shift	2025|9|24|-2|30
shift	2025|9|24|-1|30
shift	2025|9|24|0|30
shift	2025|9|24|1|30
shift	2025|9|24|2|30
range	2025|9|24|31
days	2025|9|24|31
shift	2025|9|24|-2|31
shift	2025|9|24|-1|31
shift	2025|9|24|0|31
shift	2025|9|24|1|31
shift	2025|9|24|2|31
range	2025|9|25|0
days	2025|9|25|0
shift	2025|9|25|-2|0
shift	2025|9|25|-1|0
shift	2025|9|25|0|0
shift	2025|9|25|1|0
shift	2025|9|25|2|0
range	2025|9|25|1
days	2025|9|25|1
shift	2025|9|25|-2|1
shift	2025|9|25|-1|1
shift	2025|9|25|0|1
shift	2025|9|25|1|1
shift	2025|9|25|2|1
range	2025|9|25|5
days	2025|9|25|5
shift	2025|9|25|-2|5
shift	2025|9|25|-1|5
shift	2025|9|25|0|5
shift	2025|9|25|1|5
shift	2025|9|25|2|5
range	2025|9|25|15
days	2025|9|25|15
shift	2025|9|25|-2|15
shift	2025|9|25|-1|15
shift	2025|9|25|0|15
shift	2025|9|25|1|15
shift	2025|9|25|2|15
range	2025|9|25|25
days	2025|9|25|25
shift	2025|9|25|-2|25
shift	2025|9|25|-1|25
shift	2025|9|25|0|25
shift	2025|9|25|1|25
shift	2025|9|25|2|25
range	2025|9|25|28
days	2025|9|25|28
shift	2025|9|25|-2|28
shift	2025|9|25|-1|28
shift	2025|9|25|0|28
shift	2025|9|25|1|28
shift	2025|9|25|2|28
range	2025|9|25|29
days	2025|9|25|29
shift	2025|9|25|-2|29
shift	2025|9|25|-1|29
shift	2025|9|25|0|29
shift	2025|9|25|1|29
shift	2025|9|25|2|29
range	2025|9|25|30
days	2025|9|25|30
shift	2025|9|25|-2|30
shift	2025|9|25|-1|30
shift	2025|9|25|0|30
shift	2025|9|25|1|30
shift	2025|9|25|2|30
range	2025|9|25|31
days	2025|9|25|31
shift	2025|9|25|-2|31
shift	2025|9|25|-1|31
shift	2025|9|25|0|31
shift	2025|9|25|1|31
shift	2025|9|25|2|31
range	2025|9|26|0
days	2025|9|26|0
shift	2025|9|26|-2|0
shift	2025|9|26|-1|0
shift	2025|9|26|0|0
shift	2025|9|26|1|0
shift	2025|9|26|2|0
range	2025|9|26|1
days	2025|9|26|1
shift	2025|9|26|-2|1
shift	2025|9|26|-1|1
shift	2025|9|26|0|1
shift	2025|9|26|1|1
shift	2025|9|26|2|1
range	2025|9|26|5
days	2025|9|26|5
shift	2025|9|26|-2|5
shift	2025|9|26|-1|5
shift	2025|9|26|0|5
shift	2025|9|26|1|5
shift	2025|9|26|2|5
range	2025|9|26|15
days	2025|9|26|15
shift	2025|9|26|-2|15
shift	2025|9|26|-1|15
shift	2025|9|26|0|15
shift	2025|9|26|1|15
shift	2025|9|26|2|15
range	2025|9|26|25
days	2025|9|26|25
shift	2025|9|26|-2|25
shift	2025|9|26|-1|25
shift	2025|9|26|0|25
shift	2025|9|26|1|25
shift	2025|9|26|2|25
range	2025|9|26|28
days	2025|9|26|28
shift	2025|9|26|-2|28
shift	2025|9|26|-1|28
shift	2025|9|26|0|28
shift	2025|9|26|1|28
shift	2025|9|26|2|28
range	2025|9|26|29
days	2025|9|26|29
shift	2025|9|26|-2|29
shift	2025|9|26|-1|29
shift	2025|9|26|0|29
shift	2025|9|26|1|29
shift	2025|9|26|2|29
range	2025|9|26|30
days	2025|9|26|30
shift	2025|9|26|-2|30
shift	2025|9|26|-1|30
shift	2025|9|26|0|30
shift	2025|9|26|1|30
shift	2025|9|26|2|30
range	2025|9|26|31
days	2025|9|26|31
shift	2025|9|26|-2|31
shift	2025|9|26|-1|31
shift	2025|9|26|0|31
shift	2025|9|26|1|31
shift	2025|9|26|2|31
range	2025|9|28|0
days	2025|9|28|0
shift	2025|9|28|-2|0
shift	2025|9|28|-1|0
shift	2025|9|28|0|0
shift	2025|9|28|1|0
shift	2025|9|28|2|0
range	2025|9|28|1
days	2025|9|28|1
shift	2025|9|28|-2|1
shift	2025|9|28|-1|1
shift	2025|9|28|0|1
shift	2025|9|28|1|1
shift	2025|9|28|2|1
range	2025|9|28|5
days	2025|9|28|5
shift	2025|9|28|-2|5
shift	2025|9|28|-1|5
shift	2025|9|28|0|5
shift	2025|9|28|1|5
shift	2025|9|28|2|5
range	2025|9|28|15
days	2025|9|28|15
shift	2025|9|28|-2|15
shift	2025|9|28|-1|15
shift	2025|9|28|0|15
shift	2025|9|28|1|15
shift	2025|9|28|2|15
range	2025|9|28|25
days	2025|9|28|25
shift	2025|9|28|-2|25
shift	2025|9|28|-1|25
shift	2025|9|28|0|25
shift	2025|9|28|1|25
shift	2025|9|28|2|25
range	2025|9|28|28
days	2025|9|28|28
shift	2025|9|28|-2|28
shift	2025|9|28|-1|28
shift	2025|9|28|0|28
shift	2025|9|28|1|28
shift	2025|9|28|2|28
range	2025|9|28|29
days	2025|9|28|29
shift	2025|9|28|-2|29
shift	2025|9|28|-1|29
shift	2025|9|28|0|29
shift	2025|9|28|1|29
shift	2025|9|28|2|29
range	2025|9|28|30
days	2025|9|28|30
shift	2025|9|28|-2|30
shift	2025|9|28|-1|30
shift	2025|9|28|0|30
shift	2025|9|28|1|30
shift	2025|9|28|2|30
range	2025|9|28|31
days	2025|9|28|31
shift	2025|9|28|-2|31
shift	2025|9|28|-1|31
shift	2025|9|28|0|31
shift	2025|9|28|1|31
shift	2025|9|28|2|31
range	2025|9|31|0
days	2025|9|31|0
shift	2025|9|31|-2|0
shift	2025|9|31|-1|0
shift	2025|9|31|0|0
shift	2025|9|31|1|0
shift	2025|9|31|2|0
range	2025|9|31|1
days	2025|9|31|1
shift	2025|9|31|-2|1
shift	2025|9|31|-1|1
shift	2025|9|31|0|1
shift	2025|9|31|1|1
shift	2025|9|31|2|1
range	2025|9|31|5
days	2025|9|31|5
shift	2025|9|31|-2|5
shift	2025|9|31|-1|5
shift	2025|9|31|0|5
shift	2025|9|31|1|5
shift	2025|9|31|2|5
range	2025|9|31|15
days	2025|9|31|15
shift	2025|9|31|-2|15
shift	2025|9|31|-1|15
shift	2025|9|31|0|15
shift	2025|9|31|1|15
shift	2025|9|31|2|15
range	2025|9|31|25
days	2025|9|31|25
shift	2025|9|31|-2|25
shift	2025|9|31|-1|25
shift	2025|9|31|0|25
shift	2025|9|31|1|25
shift	2025|9|31|2|25
range	2025|9|31|28
days	2025|9|31|28
shift	2025|9|31|-2|28
shift	2025|9|31|-1|28
shift	2025|9|31|0|28
shift	2025|9|31|1|28
shift	2025|9|31|2|28
range	2025|9|31|29
days	2025|9|31|29
shift	2025|9|31|-2|29
shift	2025|9|31|-1|29
shift	2025|9|31|0|29
shift	2025|9|31|1|29
shift	2025|9|31|2|29
range	2025|9|31|30
days	2025|9|31|30
shift	2025|9|31|-2|30
shift	2025|9|31|-1|30
shift	2025|9|31|0|30
shift	2025|9|31|1|30
shift	2025|9|31|2|30
range	2025|9|31|31
days	2025|9|31|31
shift	2025|9|31|-2|31
shift	2025|9|31|-1|31
shift	2025|9|31|0|31
shift	2025|9|31|1|31
shift	2025|9|31|2|31
range	2025|10|1|0
days	2025|10|1|0
shift	2025|10|1|-2|0
shift	2025|10|1|-1|0
shift	2025|10|1|0|0
shift	2025|10|1|1|0
shift	2025|10|1|2|0
range	2025|10|1|1
days	2025|10|1|1
shift	2025|10|1|-2|1
shift	2025|10|1|-1|1
shift	2025|10|1|0|1
shift	2025|10|1|1|1
shift	2025|10|1|2|1
range	2025|10|1|5
days	2025|10|1|5
shift	2025|10|1|-2|5
shift	2025|10|1|-1|5
shift	2025|10|1|0|5
shift	2025|10|1|1|5
shift	2025|10|1|2|5
range	2025|10|1|15
days	2025|10|1|15
shift	2025|10|1|-2|15
shift	2025|10|1|-1|15
shift	2025|10|1|0|15
shift	2025|10|1|1|15
shift	2025|10|1|2|15
range	2025|10|1|25
days	2025|10|1|25
shift	2025|10|1|-2|25
shift	2025|10|1|-1|25
shift	2025|10|1|0|25
shift	2025|10|1|1|25
shift	2025|10|1|2|25
range	2025|10|1|28
days	2025|10|1|28
shift	2025|10|1|-2|28
shift	2025|10|1|-1|28
shift	2025|10|1|0|28
shift	2025|10|1|1|28
shift	2025|10|1|2|28
range	2025|10|1|29
days	2025|10|1|29
shift	2025|10|1|-2|29
shift	2025|10|1|-1|29
shift	2025|10|1|0|29
shift	2025|10|1|1|29
shift	2025|10|1|2|29
range	2025|10|1|30
days	2025|10|1|30
shift	2025|10|1|-2|30
shift	2025|10|1|-1|30
shift	2025|10|1|0|30
shift	2025|10|1|1|30
shift	2025|10|1|2|30
range	2025|10|1|31
days	2025|10|1|31
shift	2025|10|1|-2|31
shift	2025|10|1|-1|31
shift	2025|10|1|0|31
shift	2025|10|1|1|31
shift	2025|10|1|2|31
range	2025|10|5|0
days	2025|10|5|0
shift	2025|10|5|-2|0
shift	2025|10|5|-1|0
shift	2025|10|5|0|0
shift	2025|10|5|1|0
shift	2025|10|5|2|0
range	2025|10|5|1
days	2025|10|5|1
shift	2025|10|5|-2|1
shift	2025|10|5|-1|1
shift	2025|10|5|0|1
shift	2025|10|5|1|1
shift	2025|10|5|2|1
range	2025|10|5|5
days	2025|10|5|5
shift	2025|10|5|-2|5
shift	2025|10|5|-1|5
shift	2025|10|5|0|5
shift	2025|10|5|1|5
shift	2025|10|5|2|5
range	2025|10|5|15
days	2025|10|5|15
shift	2025|10|5|-2|15
shift	2025|10|5|-1|15
shift	2025|10|5|0|15
shift	2025|10|5|1|15
shift	2025|10|5|2|15
range	2025|10|5|25
days	2025|10|5|25
shift	2025|10|5|-2|25
shift	2025|10|5|-1|25
shift	2025|10|5|0|25
shift	2025|10|5|1|25
shift	2025|10|5|2|25
range	2025|10|5|28
days	2025|10|5|28
shift	2025|10|5|-2|28
shift	2025|10|5|-1|28
shift	2025|10|5|0|28
shift	2025|10|5|1|28
shift	2025|10|5|2|28
range	2025|10|5|29
days	2025|10|5|29
shift	2025|10|5|-2|29
shift	2025|10|5|-1|29
shift	2025|10|5|0|29
shift	2025|10|5|1|29
shift	2025|10|5|2|29
range	2025|10|5|30
days	2025|10|5|30
shift	2025|10|5|-2|30
shift	2025|10|5|-1|30
shift	2025|10|5|0|30
shift	2025|10|5|1|30
shift	2025|10|5|2|30
range	2025|10|5|31
days	2025|10|5|31
shift	2025|10|5|-2|31
shift	2025|10|5|-1|31
shift	2025|10|5|0|31
shift	2025|10|5|1|31
shift	2025|10|5|2|31
range	2025|10|15|0
days	2025|10|15|0
shift	2025|10|15|-2|0
shift	2025|10|15|-1|0
shift	2025|10|15|0|0
shift	2025|10|15|1|0
shift	2025|10|15|2|0
range	2025|10|15|1
days	2025|10|15|1
shift	2025|10|15|-2|1
shift	2025|10|15|-1|1
shift	2025|10|15|0|1
shift	2025|10|15|1|1
shift	2025|10|15|2|1
range	2025|10|15|5
days	2025|10|15|5
shift	2025|10|15|-2|5
shift	2025|10|15|-1|5
shift	2025|10|15|0|5
shift	2025|10|15|1|5
shift	2025|10|15|2|5
range	2025|10|15|15
days	2025|10|15|15
shift	2025|10|15|-2|15
shift	2025|10|15|-1|15
shift	2025|10|15|0|15
shift	2025|10|15|1|15
shift	2025|10|15|2|15
range	2025|10|15|25
days	2025|10|15|25
shift	2025|10|15|-2|25
shift	2025|10|15|-1|25
shift	2025|10|15|0|25
shift	2025|10|15|1|25
shift	2025|10|15|2|25
range	2025|10|15|28
days	2025|10|15|28
shift	2025|10|15|-2|28
shift	2025|10|15|-1|28
shift	2025|10|15|0|28
shift	2025|10|15|1|28
shift	2025|10|15|2|28
range	2025|10|15|29
days	2025|10|15|29
shift	2025|10|15|-2|29
shift	2025|10|15|-1|29
shift	2025|10|15|0|29
shift	2025|10|15|1|29
shift	2025|10|15|2|29
range	2025|10|15|30
days	2025|10|15|30
shift	2025|10|15|-2|30
shift	2025|10|15|-1|30
shift	2025|10|15|0|30
shift	2025|10|15|1|30
shift	2025|10|15|2|30
range	2025|10|15|31
days	2025|10|15|31
shift	2025|10|15|-2|31
shift	2025|10|15|-1|31
shift	2025|10|15|0|31
shift	2025|10|15|1|31
shift	2025|10|15|2|31
range	2025|10|24|0
days	2025|10|24|0
shift	2025|10|24|-2|0
shift	2025|10|24|-1|0
shift	2025|10|24|0|0
shift	2025|10|24|1|0
shift	2025|10|24|2|0
range	2025|10|24|1
days	2025|10|24|1
shift	2025|10|24|-2|1
shift	2025|10|24|-1|1
shift	2025|10|24|0|1
shift	2025|10|24|1|1
shift	2025|10|24|2|1
range	2025|10|24|5
days	2025|10|24|5
shift	2025|10|24|-2|5
shift	2025|10|24|-1|5
shift	2025|10|24|0|5
shift	2025|10|24|1|5
shift	2025|10|24|2|5
range	2025|10|24|15
days	2025|10|24|15
shift	2025|10|24|-2|15
shift	2025|10|24|-1|15
shift	2025|10|24|0|15
shift	2025|10|24|1|15
shift	2025|10|24|2|15
range	2025|10|24|25
days	2025|10|24|25
shift	2025|10|24|-2|25
shift	2025|10|24|-1|25
shift	2025|10|24|0|25
shift	2025|10|24|1|25
shift	2025|10|24|2|25
range	2025|10|24|28
days	2025|10|24|28
shift	2025|10|24|-2|28
shift	2025|10|24|-1|28
shift	2025|10|24|0|28
shift	2025|10|24|1|28
shift	2025|10|24|2|28
range	2025|10|24|29
days	2025|10|24|29
shift	2025|10|24|-2|29
shift	2025|10|24|-1|29
shift	2025|10|24|0|29
shift	2025|10|24|1|29
shift	2025|10|24|2|29
range	2025|10|24|30
days	2025|10|24|30
shift	2025|10|24|-2|30
shift	2025|10|24|-1|30
shift	2025|10|24|0|30
shift	2025|10|24|1|30
shift	2025|10|24|2|30
range	2025|10|24|31
days	2025|10|24|31
shift	2025|10|24|-2|31
shift	2025|10|24|-1|31
shift	2025|10|24|0|31
shift	2025|10|24|1|31
shift	2025|10|24|2|31
range	2025|10|25|0
days	2025|10|25|0
shift	2025|10|25|-2|0
shift	2025|10|25|-1|0
shift	2025|10|25|0|0
shift	2025|10|25|1|0
shift	2025|10|25|2|0
range	2025|10|25|1
days	2025|10|25|1
shift	2025|10|25|-2|1
shift	2025|10|25|-1|1
shift	2025|10|25|0|1
shift	2025|10|25|1|1
shift	2025|10|25|2|1
range	2025|10|25|5
days	2025|10|25|5
shift	2025|10|25|-2|5
shift	2025|10|25|-1|5
shift	2025|10|25|0|5
shift	2025|10|25|1|5
shift	2025|10|25|2|5
range	2025|10|25|15
days	2025|10|25|15
shift	2025|10|25|-2|15
shift	2025|10|25|-1|15
shift	2025|10|25|0|15
shift	2025|10|25|1|15
shift	2025|10|25|2|15
range	2025|10|25|25
days	2025|10|25|25
shift	2025|10|25|-2|25
shift	2025|10|25|-1|25
shift	2025|10|25|0|25
shift	2025|10|25|1|25
shift	2025|10|25|2|25
range	2025|10|25|28
days	2025|10|25|28
shift	2025|10|25|-2|28
shift	2025|10|25|-1|28
shift	2025|10|25|0|28
shift	2025|10|25|1|28
shift	2025|10|25|2|28
range	2025|10|25|29
days	2025|10|25|29
shift	2025|10|25|-2|29
shift	2025|10|25|-1|29
shift	2025|10|25|0|29
shift	2025|10|25|1|29
shift	2025|10|25|2|29
range	2025|10|25|30
days	2025|10|25|30
shift	2025|10|25|-2|30
shift	2025|10|25|-1|30
shift	2025|10|25|0|30
shift	2025|10|25|1|30
shift	2025|10|25|2|30
range	2025|10|25|31
days	2025|10|25|31
shift	2025|10|25|-2|31
shift	2025|10|25|-1|31
shift	2025|10|25|0|31
shift	2025|10|25|1|31
shift	2025|10|25|2|31
range	2025|10|26|0
days	2025|10|26|0
shift	2025|10|26|-2|0
shift	2025|10|26|-1|0
shift	2025|10|26|0|0
shift	2025|10|26|1|0
shift	2025|10|26|2|0
range	2025|10|26|1
days	2025|10|26|1
shift	2025|10|26|-2|1
shift	2025|10|26|-1|1
shift	2025|10|26|0|1
shift	2025|10|26|1|1
shift	2025|10|26|2|1
range	2025|10|26|5
days	2025|10|26|5
shift	2025|10|26|-2|5
shift	2025|10|26|-1|5
shift	2025|10|26|0|5
shift	2025|10|26|1|5
shift	2025|10|26|2|5
range	2025|10|26|15
days	2025|10|26|15
shift	2025|10|26|-2|15
shift	2025|10|26|-1|15
shift	2025|10|26|0|15
shift	2025|10|26|1|15
shift	2025|10|26|2|15
range	2025|10|26|25
days	2025|10|26|25
shift	2025|10|26|-2|25
shift	2025|10|26|-1|25
shift	2025|10|26|0|25
shift	2025|10|26|1|25
shift	2025|10|26|2|25
range	2025|10|26|28
days	2025|10|26|28
shift	2025|10|26|-2|28
shift	2025|10|26|-1|28
shift	2025|10|26|0|28
shift	2025|10|26|1|28
shift	2025|10|26|2|28
range	2025|10|26|29
days	2025|10|26|29
shift	2025|10|26|-2|29
shift	2025|10|26|-1|29
shift	2025|10|26|0|29
shift	2025|10|26|1|29
shift	2025|10|26|2|29
range	2025|10|26|30
days	2025|10|26|30
shift	2025|10|26|-2|30
shift	2025|10|26|-1|30
shift	2025|10|26|0|30
shift	2025|10|26|1|30
shift	2025|10|26|2|30
range	2025|10|26|31
days	2025|10|26|31
shift	2025|10|26|-2|31
shift	2025|10|26|-1|31
shift	2025|10|26|0|31
shift	2025|10|26|1|31
shift	2025|10|26|2|31
range	2025|10|28|0
days	2025|10|28|0
shift	2025|10|28|-2|0
shift	2025|10|28|-1|0
shift	2025|10|28|0|0
shift	2025|10|28|1|0
shift	2025|10|28|2|0
range	2025|10|28|1
days	2025|10|28|1
shift	2025|10|28|-2|1
shift	2025|10|28|-1|1
shift	2025|10|28|0|1
shift	2025|10|28|1|1
shift	2025|10|28|2|1
range	2025|10|28|5
days	2025|10|28|5
shift	2025|10|28|-2|5
shift	2025|10|28|-1|5
shift	2025|10|28|0|5
shift	2025|10|28|1|5
shift	2025|10|28|2|5
range	2025|10|28|15
days	2025|10|28|15
shift	2025|10|28|-2|15
shift	2025|10|28|-1|15
shift	2025|10|28|0|15
shift	2025|10|28|1|15
shift	2025|10|28|2|15
range	2025|10|28|25
days	2025|10|28|25
shift	2025|10|28|-2|25
shift	2025|10|28|-1|25
shift	2025|10|28|0|25
shift	2025|10|28|1|25
shift	2025|10|28|2|25
range	2025|10|28|28
days	2025|10|28|28
shift	2025|10|28|-2|28
shift	2025|10|28|-1|28
shift	2025|10|28|0|28
shift	2025|10|28|1|28
shift	2025|10|28|2|28
range	2025|10|28|29
days	2025|10|28|29
shift	2025|10|28|-2|29
shift	2025|10|28|-1|29
shift	2025|10|28|0|29
shift	2025|10|28|1|29
shift	2025|10|28|2|29
range	2025|10|28|30
days	2025|10|28|30
shift	2025|10|28|-2|30
shift	2025|10|28|-1|30
shift	2025|10|28|0|30
shift	2025|10|28|1|30
shift	2025|10|28|2|30
range	2025|10|28|31
days	2025|10|28|31
shift	2025|10|28|-2|31
shift	2025|10|28|-1|31
shift	2025|10|28|0|31
shift	2025|10|28|1|31
shift	2025|10|28|2|31
range	2025|10|31|0
days	2025|10|31|0
shift	2025|10|31|-2|0
shift	2025|10|31|-1|0
shift	2025|10|31|0|0
shift	2025|10|31|1|0
shift	2025|10|31|2|0
range	2025|10|31|1
days	2025|10|31|1
shift	2025|10|31|-2|1
shift	2025|10|31|-1|1
shift	2025|10|31|0|1
shift	2025|10|31|1|1
shift	2025|10|31|2|1
range	2025|10|31|5
days	2025|10|31|5
shift	2025|10|31|-2|5
shift	2025|10|31|-1|5
shift	2025|10|31|0|5
shift	2025|10|31|1|5
shift	2025|10|31|2|5
range	2025|10|31|15
days	2025|10|31|15
shift	2025|10|31|-2|15
shift	2025|10|31|-1|15
shift	2025|10|31|0|15
shift	2025|10|31|1|15
shift	2025|10|31|2|15
range	2025|10|31|25
days	2025|10|31|25
shift	2025|10|31|-2|25
shift	2025|10|31|-1|25
shift	2025|10|31|0|25
shift	2025|10|31|1|25
shift	2025|10|31|2|25
range	2025|10|31|28
days	2025|10|31|28
shift	2025|10|31|-2|28
shift	2025|10|31|-1|28
shift	2025|10|31|0|28
shift	2025|10|31|1|28
shift	2025|10|31|2|28
range	2025|10|31|29
days	2025|10|31|29
shift	2025|10|31|-2|29
shift	2025|10|31|-1|29
shift	2025|10|31|0|29
shift	2025|10|31|1|29
shift	2025|10|31|2|29
range	2025|10|31|30
days	2025|10|31|30
shift	2025|10|31|-2|30
shift	2025|10|31|-1|30
shift	2025|10|31|0|30
shift	2025|10|31|1|30
shift	2025|10|31|2|30
range	2025|10|31|31
days	2025|10|31|31
shift	2025|10|31|-2|31
shift	2025|10|31|-1|31
shift	2025|10|31|0|31
shift	2025|10|31|1|31
shift	2025|10|31|2|31
range	2025|11|1|0
days	2025|11|1|0
shift	2025|11|1|-2|0
shift	2025|11|1|-1|0
shift	2025|11|1|0|0
shift	2025|11|1|1|0
shift	2025|11|1|2|0
range	2025|11|1|1
days	2025|11|1|1
shift	2025|11|1|-2|1
shift	2025|11|1|-1|1
shift	2025|11|1|0|1
shift	2025|11|1|1|1
shift	2025|11|1|2|1
range	2025|11|1|5
days	2025|11|1|5
shift	2025|11|1|-2|5
shift	2025|11|1|-1|5
shift	2025|11|1|0|5
shift	2025|11|1|1|5
shift	2025|11|1|2|5
range	2025|11|1|15
days	2025|11|1|15
shift	2025|11|1|-2|15
shift	2025|11|1|-1|15
shift	2025|11|1|0|15
shift	2025|11|1|1|15
shift	2025|11|1|2|15
range	2025|11|1|25
days	2025|11|1|25
shift	2025|11|1|-2|25
shift	2025|11|1|-1|25
shift	2025|11|1|0|25
shift	2025|11|1|1|25
shift	2025|11|1|2|25
range	2025|11|1|28
days	2025|11|1|28
shift	2025|11|1|-2|28
shift	2025|11|1|-1|28
shift	2025|11|1|0|28
shift	2025|11|1|1|28
shift	2025|11|1|2|28
range	2025|11|1|29
days	2025|11|1|29
shift	2025|11|1|-2|29
shift	2025|11|1|-1|29
shift	2025|11|1|0|29
shift	2025|11|1|1|29
shift	2025|11|1|2|29
range	2025|11|1|30
days	2025|11|1|30
shift	2025|11|1|-2|30
shift	2025|11|1|-1|30
shift	2025|11|1|0|30
shift	2025|11|1|1|30
shift	2025|11|1|2|30
range	2025|11|1|31
days	2025|11|1|31
shift	2025|11|1|-2|31
shift	2025|11|1|-1|31
shift	2025|11|1|0|31
shift	2025|11|1|1|31
shift	2025|11|1|2|31
range	2025|11|5|0
days	2025|11|5|0
shift	2025|11|5|-2|0
shift	2025|11|5|-1|0
shift	2025|11|5|0|0
shift	2025|11|5|1|0
shift	2025|11|5|2|0
range	2025|11|5|1
days	2025|11|5|1
shift	2025|11|5|-2|1
shift	2025|11|5|-1|1
shift	2025|11|5|0|1
shift	2025|11|5|1|1
shift	2025|11|5|2|1
range	2025|11|5|5
days	2025|11|5|5
shift	2025|11|5|-2|5
shift	2025|11|5|-1|5
shift	2025|11|5|0|5
shift	2025|11|5|1|5
shift	2025|11|5|2|5
range	2025|11|5|15
days	2025|11|5|15
shift	2025|11|5|-2|15
shift	2025|11|5|-1|15
shift	2025|11|5|0|15
shift	2025|11|5|1|15
shift	2025|11|5|2|15
range	2025|11|5|25
days	2025|11|5|25
shift	2025|11|5|-2|25
shift	2025|11|5|-1|25
shift	2025|11|5|0|25
shift	2025|11|5|1|25
shift	2025|11|5|2|25
range	2025|11|5|28
days	2025|11|5|28
shift	2025|11|5|-2|28
shift	2025|11|5|-1|28
shift	2025|11|5|0|28
shift	2025|11|5|1|28
shift	2025|11|5|2|28
range	2025|11|5|29
days	2025|11|5|29
shift	2025|11|5|-2|29
shift	2025|11|5|-1|29
shift	2025|11|5|0|29
shift	2025|11|5|1|29
shift	2025|11|5|2|29
range	2025|11|5|30
days	2025|11|5|30
shift	2025|11|5|-2|30
shift	2025|11|5|-1|30
shift	2025|11|5|0|30
shift	2025|11|5|1|30
shift	2025|11|5|2|30
range	2025|11|5|31
days	2025|11|5|31
shift	2025|11|5|-2|31
shift	2025|11|5|-1|31
shift	2025|11|5|0|31
shift	2025|11|5|1|31
shift	2025|11|5|2|31
range	2025|11|15|0
days	2025|11|15|0
shift	2025|11|15|-2|0
shift	2025|11|15|-1|0
shift	2025|11|15|0|0
shift	2025|11|15|1|0
shift	2025|11|15|2|0
range	2025|11|15|1
days	2025|11|15|1
shift	2025|11|15|-2|1
shift	2025|11|15|-1|1
shift	2025|11|15|0|1
shift	2025|11|15|1|1
shift	2025|11|15|2|1
range	2025|11|15|5
days	2025|11|15|5
shift	2025|11|15|-2|5
shift	2025|11|15|-1|5
shift	2025|11|15|0|5
shift	2025|11|15|1|5
shift	2025|11|15|2|5
range	2025|11|15|15
days	2025|11|15|15
shift	2025|11|15|-2|15
shift	2025|11|15|-1|15
shift	2025|11|15|0|15
shift	2025|11|15|1|15
shift	2025|11|15|2|15
range	2025|11|15|25
days	2025|11|15|25
shift	2025|11|15|-2|25
shift	2025|11|15|-1|25
shift	2025|11|15|0|25
shift	2025|11|15|1|25
shift	2025|11|15|2|25
range	2025|11|15|28
days	2025|11|15|28
shift	2025|11|15|-2|28
shift	2025|11|15|-1|28
shift	2025|11|15|0|28
shift	2025|11|15|1|28
shift	2025|11|15|2|28
range	2025|11|15|29
days	2025|11|15|29
shift	2025|11|15|-2|29
shift	2025|11|15|-1|29
shift	2025|11|15|0|29
shift	2025|11|15|1|29
shift	2025|11|15|2|29
range	2025|11|15|30
days	2025|11|15|30
shift	2025|11|15|-2|30
shift	2025|11|15|-1|30
shift	2025|11|15|0|30
shift	2025|11|15|1|30
shift	2025|11|15|2|30
range	2025|11|15|31
days	2025|11|15|31
shift	2025|11|15|-2|31
shift	2025|11|15|-1|31
shift	2025|11|15|0|31
shift	2025|11|15|1|31
shift	2025|11|15|2|31
range	2025|11|24|0
days	2025|11|24|0
shift	2025|11|24|-2|0
shift	2025|11|24|-1|0
shift	2025|11|24|0|0
shift	2025|11|24|1|0
shift	2025|11|24|2|0
range	2025|11|24|1
days	2025|11|24|1
shift	2025|11|24|-2|1
shift	2025|11|24|-1|1
shift	2025|11|24|0|1
shift	2025|11|24|1|1
shift	2025|11|24|2|1
range	2025|11|24|5
days	2025|11|24|5
shift	2025|11|24|-2|5
shift	2025|11|24|-1|5
shift	2025|11|24|0|5
shift	2025|11|24|1|5
shift	2025|11|24|2|5
range	2025|11|24|15
days	2025|11|24|15
shift	2025|11|24|-2|15
shift	2025|11|24|-1|15
shift	2025|11|24|0|15
shift	2025|11|24|1|15
shift	2025|11|24|2|15
range	2025|11|24|25
days	2025|11|24|25
shift	2025|11|24|-2|25
shift	2025|11|24|-1|25
shift	2025|11|24|0|25
shift	2025|11|24|1|25
shift	2025|11|24|2|25
range	2025|11|24|28
days	2025|11|24|28
shift	2025|11|24|-2|28
shift	2025|11|24|-1|28
shift	2025|11|24|0|28
shift	2025|11|24|1|28
shift	2025|11|24|2|28
range	2025|11|24|29
days	2025|11|24|29
shift	2025|11|24|-2|29
shift	2025|11|24|-1|29
shift	2025|11|24|0|29
shift	2025|11|24|1|29
shift	2025|11|24|2|29
range	2025|11|24|30
days	2025|11|24|30
shift	2025|11|24|-2|30
shift	2025|11|24|-1|30
shift	2025|11|24|0|30
shift	2025|11|24|1|30
shift	2025|11|24|2|30
range	2025|11|24|31
days	2025|11|24|31
shift	2025|11|24|-2|31
shift	2025|11|24|-1|31
shift	2025|11|24|0|31
shift	2025|11|24|1|31
shift	2025|11|24|2|31
range	2025|11|25|0
days	2025|11|25|0
shift	2025|11|25|-2|0
shift	2025|11|25|-1|0
shift	2025|11|25|0|0
shift	2025|11|25|1|0
shift	2025|11|25|2|0
range	2025|11|25|1
days	2025|11|25|1
shift	2025|11|25|-2|1
shift	2025|11|25|-1|1
shift	2025|11|25|0|1
shift	2025|11|25|1|1
shift	2025|11|25|2|1
range	2025|11|25|5
days	2025|11|25|5
shift	2025|11|25|-2|5
shift	2025|11|25|-1|5
shift	2025|11|25|0|5
shift	2025|11|25|1|5
shift	2025|11|25|2|5
range	2025|11|25|15
days	2025|11|25|15
shift	2025|11|25|-2|15
shift	2025|11|25|-1|15
shift	2025|11|25|0|15
shift	2025|11|25|1|15
shift	2025|11|25|2|15
range	2025|11|25|25
days	2025|11|25|25
shift	2025|11|25|-2|25
shift	2025|11|25|-1|25
shift	2025|11|25|0|25
shift	2025|11|25|1|25
shift	2025|11|25|2|25
range	2025|11|25|28
days	2025|11|25|28
shift	2025|11|25|-2|28
shift	2025|11|25|-1|28
shift	2025|11|25|0|28
shift	2025|11|25|1|28
shift	2025|11|25|2|28
range	2025|11|25|29
days	2025|11|25|29
shift	2025|11|25|-2|29
shift	2025|11|25|-1|29
shift	2025|11|25|0|29
shift	2025|11|25|1|29
shift	2025|11|25|2|29
range	2025|11|25|30
days	2025|11|25|30
shift	2025|11|25|-2|30
shift	2025|11|25|-1|30
shift	2025|11|25|0|30
shift	2025|11|25|1|30
shift	2025|11|25|2|30
range	2025|11|25|31
days	2025|11|25|31
shift	2025|11|25|-2|31
shift	2025|11|25|-1|31
shift	2025|11|25|0|31
shift	2025|11|25|1|31
shift	2025|11|25|2|31
range	2025|11|26|0
days	2025|11|26|0
shift	2025|11|26|-2|0
shift	2025|11|26|-1|0
shift	2025|11|26|0|0
shift	2025|11|26|1|0
shift	2025|11|26|2|0
range	2025|11|26|1
days	2025|11|26|1
shift	2025|11|26|-2|1
shift	2025|11|26|-1|1
shift	2025|11|26|0|1
shift	2025|11|26|1|1
shift	2025|11|26|2|1
range	2025|11|26|5
days	2025|11|26|5
shift	2025|11|26|-2|5
shift	2025|11|26|-1|5
shift	2025|11|26|0|5
shift	2025|11|26|1|5
shift	2025|11|26|2|5
range	2025|11|26|15
days	2025|11|26|15
shift	2025|11|26|-2|15
shift	2025|11|26|-1|15
shift	2025|11|26|0|15
shift	2025|11|26|1|15
shift	2025|11|26|2|15
range	2025|11|26|25
days	2025|11|26|25
shift	2025|11|26|-2|25
shift	2025|11|26|-1|25
shift	2025|11|26|0|25
shift	2025|11|26|1|25
shift	2025|11|26|2|25
range	2025|11|26|28
days	2025|11|26|28
shift	2025|11|26|-2|28
shift	2025|11|26|-1|28
shift	2025|11|26|0|28
shift	2025|11|26|1|28
shift	2025|11|26|2|28
range	2025|11|26|29
days	2025|11|26|29
shift	2025|11|26|-2|29
shift	2025|11|26|-1|29
shift	2025|11|26|0|29
shift	2025|11|26|1|29
shift	2025|11|26|2|29
range	2025|11|26|30
days	2025|11|26|30
shift	2025|11|26|-2|30
shift	2025|11|26|-1|30
shift	2025|11|26|0|30
shift	2025|11|26|1|30
shift	2025|11|26|2|30
range	2025|11|26|31
days	2025|11|26|31
shift	2025|11|26|-2|31
shift	2025|11|26|-1|31
shift	2025|11|26|0|31
shift	2025|11|26|1|31
shift	2025|11|26|2|31
range	2025|11|28|0
days	2025|11|28|0
shift	2025|11|28|-2|0
shift	2025|11|28|-1|0
shift	2025|11|28|0|0
shift	2025|11|28|1|0
shift	2025|11|28|2|0
range	2025|11|28|1
days	2025|11|28|1
shift	2025|11|28|-2|1
shift	2025|11|28|-1|1
shift	2025|11|28|0|1
shift	2025|11|28|1|1
shift	2025|11|28|2|1
range	2025|11|28|5
days	2025|11|28|5
shift	2025|11|28|-2|5
shift	2025|11|28|-1|5
shift	2025|11|28|0|5
shift	2025|11|28|1|5
shift	2025|11|28|2|5
range	2025|11|28|15
days	2025|11|28|15
shift	2025|11|28|-2|15
shift	2025|11|28|-1|15
shift	2025|11|28|0|15
shift	2025|11|28|1|15
shift	2025|11|28|2|15
range	2025|11|28|25
days	2025|11|28|25
shift	2025|11|28|-2|25
shift	2025|11|28|-1|25
shift	2025|11|28|0|25
shift	2025|11|28|1|25
shift	2025|11|28|2|25
range	2025|11|28|28
days	2025|11|28|28
shift	2025|11|28|-2|28
shift	2025|11|28|-1|28
shift	2025|11|28|0|28
shift	2025|11|28|1|28
shift	2025|11|28|2|28
range	2025|11|28|29
days	2025|11|28|29
shift	2025|11|28|-2|29
shift	2025|11|28|-1|29
shift	2025|11|28|0|29
shift	2025|11|28|1|29
shift	2025|11|28|2|29
range	2025|11|28|30
days	2025|11|28|30
shift	2025|11|28|-2|30
shift	2025|11|28|-1|30
shift	2025|11|28|0|30
shift	2025|11|28|1|30
shift	2025|11|28|2|30
range	2025|11|28|31
days	2025|11|28|31
shift	2025|11|28|-2|31
shift	2025|11|28|-1|31
shift	2025|11|28|0|31
shift	2025|11|28|1|31
shift	2025|11|28|2|31
range	2025|11|31|0
days	2025|11|31|0
shift	2025|11|31|-2|0
shift	2025|11|31|-1|0
shift	2025|11|31|0|0
shift	2025|11|31|1|0
shift	2025|11|31|2|0
range	2025|11|31|1
days	2025|11|31|1
shift	2025|11|31|-2|1
shift	2025|11|31|-1|1
shift	2025|11|31|0|1
shift	2025|11|31|1|1
shift	2025|11|31|2|1
range	2025|11|31|5
days	2025|11|31|5
shift	2025|11|31|-2|5
shift	2025|11|31|-1|5
shift	2025|11|31|0|5
shift	2025|11|31|1|5
shift	2025|11|31|2|5
range	2025|11|31|15
days	2025|11|31|15
shift	2025|11|31|-2|15
shift	2025|11|31|-1|15
shift	2025|11|31|0|15
shift	2025|11|31|1|15
shift	2025|11|31|2|15
range	2025|11|31|25
days	2025|11|31|25
shift	2025|11|31|-2|25
shift	2025|11|31|-1|25
shift	2025|11|31|0|25
shift	2025|11|31|1|25
shift	2025|11|31|2|25
range	2025|11|31|28
days	2025|11|31|28
shift	2025|11|31|-2|28
shift	2025|11|31|-1|28
shift	2025|11|31|0|28
shift	2025|11|31|1|28
shift	2025|11|31|2|28
range	2025|11|31|29
days	2025|11|31|29
shift	2025|11|31|-2|29
shift	2025|11|31|-1|29
shift	2025|11|31|0|29
shift	2025|11|31|1|29
shift	2025|11|31|2|29
range	2025|11|31|30
days	2025|11|31|30
shift	2025|11|31|-2|30
shift	2025|11|31|-1|30
shift	2025|11|31|0|30
shift	2025|11|31|1|30
shift	2025|11|31|2|30
range	2025|11|31|31
days	2025|11|31|31
shift	2025|11|31|-2|31
shift	2025|11|31|-1|31
shift	2025|11|31|0|31
shift	2025|11|31|1|31
shift	2025|11|31|2|31
range	2026|0|1|0
days	2026|0|1|0
shift	2026|0|1|-2|0
shift	2026|0|1|-1|0
shift	2026|0|1|0|0
shift	2026|0|1|1|0
shift	2026|0|1|2|0
range	2026|0|1|1
days	2026|0|1|1
shift	2026|0|1|-2|1
shift	2026|0|1|-1|1
shift	2026|0|1|0|1
shift	2026|0|1|1|1
shift	2026|0|1|2|1
range	2026|0|1|5
days	2026|0|1|5
shift	2026|0|1|-2|5
shift	2026|0|1|-1|5
shift	2026|0|1|0|5
shift	2026|0|1|1|5
shift	2026|0|1|2|5
range	2026|0|1|15
days	2026|0|1|15
shift	2026|0|1|-2|15
shift	2026|0|1|-1|15
shift	2026|0|1|0|15
shift	2026|0|1|1|15
shift	2026|0|1|2|15
range	2026|0|1|25
days	2026|0|1|25
shift	2026|0|1|-2|25
shift	2026|0|1|-1|25
shift	2026|0|1|0|25
shift	2026|0|1|1|25
shift	2026|0|1|2|25
range	2026|0|1|28
days	2026|0|1|28
shift	2026|0|1|-2|28
shift	2026|0|1|-1|28
shift	2026|0|1|0|28
shift	2026|0|1|1|28
shift	2026|0|1|2|28
range	2026|0|1|29
days	2026|0|1|29
shift	2026|0|1|-2|29
shift	2026|0|1|-1|29
shift	2026|0|1|0|29
shift	2026|0|1|1|29
shift	2026|0|1|2|29
range	2026|0|1|30
days	2026|0|1|30
shift	2026|0|1|-2|30
shift	2026|0|1|-1|30
shift	2026|0|1|0|30
shift	2026|0|1|1|30
shift	2026|0|1|2|30
range	2026|0|1|31
days	2026|0|1|31
shift	2026|0|1|-2|31
shift	2026|0|1|-1|31
shift	2026|0|1|0|31
shift	2026|0|1|1|31
shift	2026|0|1|2|31
range	2026|0|5|0
days	2026|0|5|0
shift	2026|0|5|-2|0
shift	2026|0|5|-1|0
shift	2026|0|5|0|0
shift	2026|0|5|1|0
shift	2026|0|5|2|0
range	2026|0|5|1
days	2026|0|5|1
shift	2026|0|5|-2|1
shift	2026|0|5|-1|1
shift	2026|0|5|0|1
shift	2026|0|5|1|1
shift	2026|0|5|2|1
range	2026|0|5|5
days	2026|0|5|5
shift	2026|0|5|-2|5
shift	2026|0|5|-1|5
shift	2026|0|5|0|5
shift	2026|0|5|1|5
shift	2026|0|5|2|5
range	2026|0|5|15
days	2026|0|5|15
shift	2026|0|5|-2|15
shift	2026|0|5|-1|15
shift	2026|0|5|0|15
shift	2026|0|5|1|15
shift	2026|0|5|2|15
range	2026|0|5|25
days	2026|0|5|25
shift	2026|0|5|-2|25
shift	2026|0|5|-1|25
shift	2026|0|5|0|25
shift	2026|0|5|1|25
shift	2026|0|5|2|25
range	2026|0|5|28
days	2026|0|5|28
shift	2026|0|5|-2|28
shift	2026|0|5|-1|28
shift	2026|0|5|0|28
shift	2026|0|5|1|28
shift	2026|0|5|2|28
range	2026|0|5|29
days	2026|0|5|29
shift	2026|0|5|-2|29
shift	2026|0|5|-1|29
shift	2026|0|5|0|29
shift	2026|0|5|1|29
shift	2026|0|5|2|29
range	2026|0|5|30
days	2026|0|5|30
shift	2026|0|5|-2|30
shift	2026|0|5|-1|30
shift	2026|0|5|0|30
shift	2026|0|5|1|30
shift	2026|0|5|2|30
range	2026|0|5|31
days	2026|0|5|31
shift	2026|0|5|-2|31
shift	2026|0|5|-1|31
shift	2026|0|5|0|31
shift	2026|0|5|1|31
shift	2026|0|5|2|31
range	2026|0|15|0
days	2026|0|15|0
shift	2026|0|15|-2|0
shift	2026|0|15|-1|0
shift	2026|0|15|0|0
shift	2026|0|15|1|0
shift	2026|0|15|2|0
range	2026|0|15|1
days	2026|0|15|1
shift	2026|0|15|-2|1
shift	2026|0|15|-1|1
shift	2026|0|15|0|1
shift	2026|0|15|1|1
shift	2026|0|15|2|1
range	2026|0|15|5
days	2026|0|15|5
shift	2026|0|15|-2|5
shift	2026|0|15|-1|5
shift	2026|0|15|0|5
shift	2026|0|15|1|5
shift	2026|0|15|2|5
range	2026|0|15|15
days	2026|0|15|15
shift	2026|0|15|-2|15
shift	2026|0|15|-1|15
shift	2026|0|15|0|15
shift	2026|0|15|1|15
shift	2026|0|15|2|15
range	2026|0|15|25
days	2026|0|15|25
shift	2026|0|15|-2|25
shift	2026|0|15|-1|25
shift	2026|0|15|0|25
shift	2026|0|15|1|25
shift	2026|0|15|2|25
range	2026|0|15|28
days	2026|0|15|28
shift	2026|0|15|-2|28
shift	2026|0|15|-1|28
shift	2026|0|15|0|28
shift	2026|0|15|1|28
shift	2026|0|15|2|28
range	2026|0|15|29
days	2026|0|15|29
shift	2026|0|15|-2|29
shift	2026|0|15|-1|29
shift	2026|0|15|0|29
shift	2026|0|15|1|29
shift	2026|0|15|2|29
range	2026|0|15|30
days	2026|0|15|30
shift	2026|0|15|-2|30
shift	2026|0|15|-1|30
shift	2026|0|15|0|30
shift	2026|0|15|1|30
shift	2026|0|15|2|30
range	2026|0|15|31
days	2026|0|15|31
shift	2026|0|15|-2|31
shift	2026|0|15|-1|31
shift	2026|0|15|0|31
shift	2026|0|15|1|31
shift	2026|0|15|2|31
range	2026|0|24|0
days	2026|0|24|0
shift	2026|0|24|-2|0
shift	2026|0|24|-1|0
shift	2026|0|24|0|0
shift	2026|0|24|1|0
shift	2026|0|24|2|0
range	2026|0|24|1
days	2026|0|24|1
shift	2026|0|24|-2|1
shift	2026|0|24|-1|1
shift	2026|0|24|0|1
shift	2026|0|24|1|1
shift	2026|0|24|2|1
range	2026|0|24|5
days	2026|0|24|5
shift	2026|0|24|-2|5
shift	2026|0|24|-1|5
shift	2026|0|24|0|5
shift	2026|0|24|1|5
shift	2026|0|24|2|5
range	2026|0|24|15
days	2026|0|24|15
shift	2026|0|24|-2|15
shift	2026|0|24|-1|15
shift	2026|0|24|0|15
shift	2026|0|24|1|15
shift	2026|0|24|2|15
range	2026|0|24|25
days	2026|0|24|25
shift	2026|0|24|-2|25
shift	2026|0|24|-1|25
shift	2026|0|24|0|25
shift	2026|0|24|1|25
shift	2026|0|24|2|25
range	2026|0|24|28
days	2026|0|24|28
shift	2026|0|24|-2|28
shift	2026|0|24|-1|28
shift	2026|0|24|0|28
shift	2026|0|24|1|28
shift	2026|0|24|2|28
range	2026|0|24|29
days	2026|0|24|29
shift	2026|0|24|-2|29
shift	2026|0|24|-1|29
shift	2026|0|24|0|29
shift	2026|0|24|1|29
shift	2026|0|24|2|29
range	2026|0|24|30
days	2026|0|24|30
shift	2026|0|24|-2|30
shift	2026|0|24|-1|30
shift	2026|0|24|0|30
shift	2026|0|24|1|30
shift	2026|0|24|2|30
range	2026|0|24|31
days	2026|0|24|31
shift	2026|0|24|-2|31
shift	2026|0|24|-1|31
shift	2026|0|24|0|31
shift	2026|0|24|1|31
shift	2026|0|24|2|31
range	2026|0|25|0
days	2026|0|25|0
shift	2026|0|25|-2|0
shift	2026|0|25|-1|0
shift	2026|0|25|0|0
shift	2026|0|25|1|0
shift	2026|0|25|2|0
range	2026|0|25|1
days	2026|0|25|1
shift	2026|0|25|-2|1
shift	2026|0|25|-1|1
shift	2026|0|25|0|1
shift	2026|0|25|1|1
shift	2026|0|25|2|1
range	2026|0|25|5
days	2026|0|25|5
shift	2026|0|25|-2|5
shift	2026|0|25|-1|5
shift	2026|0|25|0|5
shift	2026|0|25|1|5
shift	2026|0|25|2|5
range	2026|0|25|15
days	2026|0|25|15
shift	2026|0|25|-2|15
shift	2026|0|25|-1|15
shift	2026|0|25|0|15
shift	2026|0|25|1|15
shift	2026|0|25|2|15
range	2026|0|25|25
days	2026|0|25|25
shift	2026|0|25|-2|25
shift	2026|0|25|-1|25
shift	2026|0|25|0|25
shift	2026|0|25|1|25
shift	2026|0|25|2|25
range	2026|0|25|28
days	2026|0|25|28
shift	2026|0|25|-2|28
shift	2026|0|25|-1|28
shift	2026|0|25|0|28
shift	2026|0|25|1|28
shift	2026|0|25|2|28
range	2026|0|25|29
days	2026|0|25|29
shift	2026|0|25|-2|29
shift	2026|0|25|-1|29
shift	2026|0|25|0|29
shift	2026|0|25|1|29
shift	2026|0|25|2|29
range	2026|0|25|30
days	2026|0|25|30
shift	2026|0|25|-2|30
shift	2026|0|25|-1|30
shift	2026|0|25|0|30
shift	2026|0|25|1|30
shift	2026|0|25|2|30
range	2026|0|25|31
days	2026|0|25|31
shift	2026|0|25|-2|31
shift	2026|0|25|-1|31
shift	2026|0|25|0|31
shift	2026|0|25|1|31
shift	2026|0|25|2|31
range	2026|0|26|0
days	2026|0|26|0
shift	2026|0|26|-2|0
shift	2026|0|26|-1|0
shift	2026|0|26|0|0
shift	2026|0|26|1|0
shift	2026|0|26|2|0
range	2026|0|26|1
days	2026|0|26|1
shift	2026|0|26|-2|1
shift	2026|0|26|-1|1
shift	2026|0|26|0|1
shift	2026|0|26|1|1
shift	2026|0|26|2|1
range	2026|0|26|5
days	2026|0|26|5
shift	2026|0|26|-2|5
shift	2026|0|26|-1|5
shift	2026|0|26|0|5
shift	2026|0|26|1|5
shift	2026|0|26|2|5
range	2026|0|26|15
days	2026|0|26|15
shift	2026|0|26|-2|15
shift	2026|0|26|-1|15
shift	2026|0|26|0|15
shift	2026|0|26|1|15
shift	2026|0|26|2|15
range	2026|0|26|25
days	2026|0|26|25
shift	2026|0|26|-2|25
shift	2026|0|26|-1|25
shift	2026|0|26|0|25
shift	2026|0|26|1|25
shift	2026|0|26|2|25
range	2026|0|26|28
days	2026|0|26|28
shift	2026|0|26|-2|28
shift	2026|0|26|-1|28
shift	2026|0|26|0|28
shift	2026|0|26|1|28
shift	2026|0|26|2|28
range	2026|0|26|29
days	2026|0|26|29
shift	2026|0|26|-2|29
shift	2026|0|26|-1|29
shift	2026|0|26|0|29
shift	2026|0|26|1|29
shift	2026|0|26|2|29
range	2026|0|26|30
days	2026|0|26|30
shift	2026|0|26|-2|30
shift	2026|0|26|-1|30
shift	2026|0|26|0|30
shift	2026|0|26|1|30
shift	2026|0|26|2|30
range	2026|0|26|31
days	2026|0|26|31
shift	2026|0|26|-2|31
shift	2026|0|26|-1|31
shift	2026|0|26|0|31
shift	2026|0|26|1|31
shift	2026|0|26|2|31
range	2026|0|28|0
days	2026|0|28|0
shift	2026|0|28|-2|0
shift	2026|0|28|-1|0
shift	2026|0|28|0|0
shift	2026|0|28|1|0
shift	2026|0|28|2|0
range	2026|0|28|1
days	2026|0|28|1
shift	2026|0|28|-2|1
shift	2026|0|28|-1|1
shift	2026|0|28|0|1
shift	2026|0|28|1|1
shift	2026|0|28|2|1
range	2026|0|28|5
days	2026|0|28|5
shift	2026|0|28|-2|5
shift	2026|0|28|-1|5
shift	2026|0|28|0|5
shift	2026|0|28|1|5
shift	2026|0|28|2|5
range	2026|0|28|15
days	2026|0|28|15
shift	2026|0|28|-2|15
shift	2026|0|28|-1|15
shift	2026|0|28|0|15
shift	2026|0|28|1|15
shift	2026|0|28|2|15
range	2026|0|28|25
days	2026|0|28|25
shift	2026|0|28|-2|25
shift	2026|0|28|-1|25
shift	2026|0|28|0|25
shift	2026|0|28|1|25
shift	2026|0|28|2|25
range	2026|0|28|28
days	2026|0|28|28
shift	2026|0|28|-2|28
shift	2026|0|28|-1|28
shift	2026|0|28|0|28
shift	2026|0|28|1|28
shift	2026|0|28|2|28
range	2026|0|28|29
days	2026|0|28|29
shift	2026|0|28|-2|29
shift	2026|0|28|-1|29
shift	2026|0|28|0|29
shift	2026|0|28|1|29
shift	2026|0|28|2|29
range	2026|0|28|30
days	2026|0|28|30
shift	2026|0|28|-2|30
shift	2026|0|28|-1|30
shift	2026|0|28|0|30
shift	2026|0|28|1|30
shift	2026|0|28|2|30
range	2026|0|28|31
days	2026|0|28|31
shift	2026|0|28|-2|31
shift	2026|0|28|-1|31
shift	2026|0|28|0|31
shift	2026|0|28|1|31
shift	2026|0|28|2|31
range	2026|0|31|0
days	2026|0|31|0
shift	2026|0|31|-2|0
shift	2026|0|31|-1|0
shift	2026|0|31|0|0
shift	2026|0|31|1|0
shift	2026|0|31|2|0
range	2026|0|31|1
days	2026|0|31|1
shift	2026|0|31|-2|1
shift	2026|0|31|-1|1
shift	2026|0|31|0|1
shift	2026|0|31|1|1
shift	2026|0|31|2|1
range	2026|0|31|5
days	2026|0|31|5
shift	2026|0|31|-2|5
shift	2026|0|31|-1|5
shift	2026|0|31|0|5
shift	2026|0|31|1|5
shift	2026|0|31|2|5
range	2026|0|31|15
days	2026|0|31|15
shift	2026|0|31|-2|15
shift	2026|0|31|-1|15
shift	2026|0|31|0|15
shift	2026|0|31|1|15
shift	2026|0|31|2|15
range	2026|0|31|25
days	2026|0|31|25
shift	2026|0|31|-2|25
shift	2026|0|31|-1|25
shift	2026|0|31|0|25
shift	2026|0|31|1|25
shift	2026|0|31|2|25
range	2026|0|31|28
days	2026|0|31|28
shift	2026|0|31|-2|28
shift	2026|0|31|-1|28
shift	2026|0|31|0|28
shift	2026|0|31|1|28
shift	2026|0|31|2|28
range	2026|0|31|29
days	2026|0|31|29
shift	2026|0|31|-2|29
shift	2026|0|31|-1|29
shift	2026|0|31|0|29
shift	2026|0|31|1|29
shift	2026|0|31|2|29
range	2026|0|31|30
days	2026|0|31|30
shift	2026|0|31|-2|30
shift	2026|0|31|-1|30
shift	2026|0|31|0|30
shift	2026|0|31|1|30
shift	2026|0|31|2|30
range	2026|0|31|31
days	2026|0|31|31
shift	2026|0|31|-2|31
shift	2026|0|31|-1|31
shift	2026|0|31|0|31
shift	2026|0|31|1|31
shift	2026|0|31|2|31
range	2026|1|1|0
days	2026|1|1|0
shift	2026|1|1|-2|0
shift	2026|1|1|-1|0
shift	2026|1|1|0|0
shift	2026|1|1|1|0
shift	2026|1|1|2|0
range	2026|1|1|1
days	2026|1|1|1
shift	2026|1|1|-2|1
shift	2026|1|1|-1|1
shift	2026|1|1|0|1
shift	2026|1|1|1|1
shift	2026|1|1|2|1
range	2026|1|1|5
days	2026|1|1|5
shift	2026|1|1|-2|5
shift	2026|1|1|-1|5
shift	2026|1|1|0|5
shift	2026|1|1|1|5
shift	2026|1|1|2|5
range	2026|1|1|15
days	2026|1|1|15
shift	2026|1|1|-2|15
shift	2026|1|1|-1|15
shift	2026|1|1|0|15
shift	2026|1|1|1|15
shift	2026|1|1|2|15
range	2026|1|1|25
days	2026|1|1|25
shift	2026|1|1|-2|25
shift	2026|1|1|-1|25
shift	2026|1|1|0|25
shift	2026|1|1|1|25
shift	2026|1|1|2|25
range	2026|1|1|28
days	2026|1|1|28
shift	2026|1|1|-2|28
shift	2026|1|1|-1|28
shift	2026|1|1|0|28
shift	2026|1|1|1|28
shift	2026|1|1|2|28
range	2026|1|1|29
days	2026|1|1|29
shift	2026|1|1|-2|29
shift	2026|1|1|-1|29
shift	2026|1|1|0|29
shift	2026|1|1|1|29
shift	2026|1|1|2|29
range	2026|1|1|30
days	2026|1|1|30
shift	2026|1|1|-2|30
shift	2026|1|1|-1|30
shift	2026|1|1|0|30
shift	2026|1|1|1|30
shift	2026|1|1|2|30
range	2026|1|1|31
days	2026|1|1|31
shift	2026|1|1|-2|31
shift	2026|1|1|-1|31
shift	2026|1|1|0|31
shift	2026|1|1|1|31
shift	2026|1|1|2|31
range	2026|1|5|0
days	2026|1|5|0
shift	2026|1|5|-2|0
shift	2026|1|5|-1|0
shift	2026|1|5|0|0
shift	2026|1|5|1|0
shift	2026|1|5|2|0
range	2026|1|5|1
days	2026|1|5|1
shift	2026|1|5|-2|1
shift	2026|1|5|-1|1
shift	2026|1|5|0|1
shift	2026|1|5|1|1
shift	2026|1|5|2|1
range	2026|1|5|5
days	2026|1|5|5
shift	2026|1|5|-2|5
shift	2026|1|5|-1|5
shift	2026|1|5|0|5
shift	2026|1|5|1|5
shift	2026|1|5|2|5
range	2026|1|5|15
days	2026|1|5|15
shift	2026|1|5|-2|15
shift	2026|1|5|-1|15
shift	2026|1|5|0|15
shift	2026|1|5|1|15
shift	2026|1|5|2|15
range	2026|1|5|25
days	2026|1|5|25
shift	2026|1|5|-2|25
shift	2026|1|5|-1|25
shift	2026|1|5|0|25
shift	2026|1|5|1|25
shift	2026|1|5|2|25
range	2026|1|5|28
days	2026|1|5|28
shift	2026|1|5|-2|28
shift	2026|1|5|-1|28
shift	2026|1|5|0|28
shift	2026|1|5|1|28
shift	2026|1|5|2|28
range	2026|1|5|29
days	2026|1|5|29
shift	2026|1|5|-2|29
shift	2026|1|5|-1|29
shift	2026|1|5|0|29
shift	2026|1|5|1|29
shift	2026|1|5|2|29
range	2026|1|5|30
days	2026|1|5|30
shift	2026|1|5|-2|30
shift	2026|1|5|-1|30
shift	2026|1|5|0|30
shift	2026|1|5|1|30
shift	2026|1|5|2|30
range	2026|1|5|31
days	2026|1|5|31
shift	2026|1|5|-2|31
shift	2026|1|5|-1|31
shift	2026|1|5|0|31
shift	2026|1|5|1|31
shift	2026|1|5|2|31
range	2026|1|15|0
days	2026|1|15|0
shift	2026|1|15|-2|0
shift	2026|1|15|-1|0
shift	2026|1|15|0|0
shift	2026|1|15|1|0
shift	2026|1|15|2|0
range	2026|1|15|1
days	2026|1|15|1
shift	2026|1|15|-2|1
shift	2026|1|15|-1|1
shift	2026|1|15|0|1
shift	2026|1|15|1|1
shift	2026|1|15|2|1
range	2026|1|15|5
days	2026|1|15|5
shift	2026|1|15|-2|5
shift	2026|1|15|-1|5
shift	2026|1|15|0|5
shift	2026|1|15|1|5
shift	2026|1|15|2|5
range	2026|1|15|15
days	2026|1|15|15
shift	2026|1|15|-2|15
shift	2026|1|15|-1|15
shift	2026|1|15|0|15
shift	2026|1|15|1|15
shift	2026|1|15|2|15
range	2026|1|15|25
days	2026|1|15|25
shift	2026|1|15|-2|25
shift	2026|1|15|-1|25
shift	2026|1|15|0|25
shift	2026|1|15|1|25
shift	2026|1|15|2|25
range	2026|1|15|28
days	2026|1|15|28
shift	2026|1|15|-2|28
shift	2026|1|15|-1|28
shift	2026|1|15|0|28
shift	2026|1|15|1|28
shift	2026|1|15|2|28
range	2026|1|15|29
days	2026|1|15|29
shift	2026|1|15|-2|29
shift	2026|1|15|-1|29
shift	2026|1|15|0|29
shift	2026|1|15|1|29
shift	2026|1|15|2|29
range	2026|1|15|30
days	2026|1|15|30
shift	2026|1|15|-2|30
shift	2026|1|15|-1|30
shift	2026|1|15|0|30
shift	2026|1|15|1|30
shift	2026|1|15|2|30
range	2026|1|15|31
days	2026|1|15|31
shift	2026|1|15|-2|31
shift	2026|1|15|-1|31
shift	2026|1|15|0|31
shift	2026|1|15|1|31
shift	2026|1|15|2|31
range	2026|1|24|0
days	2026|1|24|0
shift	2026|1|24|-2|0
shift	2026|1|24|-1|0
shift	2026|1|24|0|0
shift	2026|1|24|1|0
shift	2026|1|24|2|0
range	2026|1|24|1
days	2026|1|24|1
shift	2026|1|24|-2|1
shift	2026|1|24|-1|1
shift	2026|1|24|0|1
shift	2026|1|24|1|1
shift	2026|1|24|2|1
range	2026|1|24|5
days	2026|1|24|5
shift	2026|1|24|-2|5
shift	2026|1|24|-1|5
shift	2026|1|24|0|5
shift	2026|1|24|1|5
shift	2026|1|24|2|5
range	2026|1|24|15
days	2026|1|24|15
shift	2026|1|24|-2|15
shift	2026|1|24|-1|15
shift	2026|1|24|0|15
shift	2026|1|24|1|15
shift	2026|1|24|2|15
range	2026|1|24|25
days	2026|1|24|25
shift	2026|1|24|-2|25
shift	2026|1|24|-1|25
shift	2026|1|24|0|25
shift	2026|1|24|1|25
shift	2026|1|24|2|25
range	2026|1|24|28
days	2026|1|24|28
shift	2026|1|24|-2|28
shift	2026|1|24|-1|28
shift	2026|1|24|0|28
shift	2026|1|24|1|28
shift	2026|1|24|2|28
range	2026|1|24|29
days	2026|1|24|29
shift	2026|1|24|-2|29
shift	2026|1|24|-1|29
shift	2026|1|24|0|29
shift	2026|1|24|1|29
shift	2026|1|24|2|29
range	2026|1|24|30
days	2026|1|24|30
shift	2026|1|24|-2|30
shift	2026|1|24|-1|30
shift	2026|1|24|0|30
shift	2026|1|24|1|30
shift	2026|1|24|2|30
range	2026|1|24|31
days	2026|1|24|31
shift	2026|1|24|-2|31
shift	2026|1|24|-1|31
shift	2026|1|24|0|31
shift	2026|1|24|1|31
shift	2026|1|24|2|31
range	2026|1|25|0
days	2026|1|25|0
shift	2026|1|25|-2|0
shift	2026|1|25|-1|0
shift	2026|1|25|0|0
shift	2026|1|25|1|0
shift	2026|1|25|2|0
range	2026|1|25|1
days	2026|1|25|1
shift	2026|1|25|-2|1
shift	2026|1|25|-1|1
shift	2026|1|25|0|1
shift	2026|1|25|1|1
shift	2026|1|25|2|1
range	2026|1|25|5
days	2026|1|25|5
shift	2026|1|25|-2|5
shift	2026|1|25|-1|5
shift	2026|1|25|0|5
shift	2026|1|25|1|5
shift	2026|1|25|2|5
range	2026|1|25|15
days	2026|1|25|15
shift	2026|1|25|-2|15
shift	2026|1|25|-1|15
shift	2026|1|25|0|15
shift	2026|1|25|1|15
shift	2026|1|25|2|15
range	2026|1|25|25
days	2026|1|25|25
shift	2026|1|25|-2|25
shift	2026|1|25|-1|25
shift	2026|1|25|0|25
shift	2026|1|25|1|25
shift	2026|1|25|2|25
range	2026|1|25|28
days	2026|1|25|28
shift	2026|1|25|-2|28
shift	2026|1|25|-1|28
shift	2026|1|25|0|28
shift	2026|1|25|1|28
shift	2026|1|25|2|28
range	2026|1|25|29
days	2026|1|25|29
shift	2026|1|25|-2|29
shift	2026|1|25|-1|29
shift	2026|1|25|0|29
shift	2026|1|25|1|29
shift	2026|1|25|2|29
range	2026|1|25|30
days	2026|1|25|30
shift	2026|1|25|-2|30
shift	2026|1|25|-1|30
shift	2026|1|25|0|30
shift	2026|1|25|1|30
shift	2026|1|25|2|30
range	2026|1|25|31
days	2026|1|25|31
shift	2026|1|25|-2|31
shift	2026|1|25|-1|31
shift	2026|1|25|0|31
shift	2026|1|25|1|31
shift	2026|1|25|2|31
range	2026|1|26|0
days	2026|1|26|0
shift	2026|1|26|-2|0
shift	2026|1|26|-1|0
shift	2026|1|26|0|0
shift	2026|1|26|1|0
shift	2026|1|26|2|0
range	2026|1|26|1
days	2026|1|26|1
shift	2026|1|26|-2|1
shift	2026|1|26|-1|1
shift	2026|1|26|0|1
shift	2026|1|26|1|1
shift	2026|1|26|2|1
range	2026|1|26|5
days	2026|1|26|5
shift	2026|1|26|-2|5
shift	2026|1|26|-1|5
shift	2026|1|26|0|5
shift	2026|1|26|1|5
shift	2026|1|26|2|5
range	2026|1|26|15
days	2026|1|26|15
shift	2026|1|26|-2|15
shift	2026|1|26|-1|15
shift	2026|1|26|0|15
shift	2026|1|26|1|15
shift	2026|1|26|2|15
range	2026|1|26|25
days	2026|1|26|25
shift	2026|1|26|-2|25
shift	2026|1|26|-1|25
shift	2026|1|26|0|25
shift	2026|1|26|1|25
shift	2026|1|26|2|25
range	2026|1|26|28
days	2026|1|26|28
shift	2026|1|26|-2|28
shift	2026|1|26|-1|28
shift	2026|1|26|0|28
shift	2026|1|26|1|28
shift	2026|1|26|2|28
range	2026|1|26|29
days	2026|1|26|29
shift	2026|1|26|-2|29
shift	2026|1|26|-1|29
shift	2026|1|26|0|29
shift	2026|1|26|1|29
shift	2026|1|26|2|29
range	2026|1|26|30
days	2026|1|26|30
shift	2026|1|26|-2|30
shift	2026|1|26|-1|30
shift	2026|1|26|0|30
shift	2026|1|26|1|30
shift	2026|1|26|2|30
range	2026|1|26|31
days	2026|1|26|31
shift	2026|1|26|-2|31
shift	2026|1|26|-1|31
shift	2026|1|26|0|31
shift	2026|1|26|1|31
shift	2026|1|26|2|31
range	2026|1|28|0
days	2026|1|28|0
shift	2026|1|28|-2|0
shift	2026|1|28|-1|0
shift	2026|1|28|0|0
shift	2026|1|28|1|0
shift	2026|1|28|2|0
range	2026|1|28|1
days	2026|1|28|1
shift	2026|1|28|-2|1
shift	2026|1|28|-1|1
shift	2026|1|28|0|1
shift	2026|1|28|1|1
shift	2026|1|28|2|1
range	2026|1|28|5
days	2026|1|28|5
shift	2026|1|28|-2|5
shift	2026|1|28|-1|5
shift	2026|1|28|0|5
shift	2026|1|28|1|5
shift	2026|1|28|2|5
range	2026|1|28|15
days	2026|1|28|15
shift	2026|1|28|-2|15
shift	2026|1|28|-1|15
shift	2026|1|28|0|15
shift	2026|1|28|1|15
shift	2026|1|28|2|15
range	2026|1|28|25
days	2026|1|28|25
shift	2026|1|28|-2|25
shift	2026|1|28|-1|25
shift	2026|1|28|0|25
shift	2026|1|28|1|25
shift	2026|1|28|2|25
range	2026|1|28|28
days	2026|1|28|28
shift	2026|1|28|-2|28
shift	2026|1|28|-1|28
shift	2026|1|28|0|28
shift	2026|1|28|1|28
shift	2026|1|28|2|28
range	2026|1|28|29
days	2026|1|28|29
shift	2026|1|28|-2|29
shift	2026|1|28|-1|29
shift	2026|1|28|0|29
shift	2026|1|28|1|29
shift	2026|1|28|2|29
range	2026|1|28|30
days	2026|1|28|30
shift	2026|1|28|-2|30
shift	2026|1|28|-1|30
shift	2026|1|28|0|30
shift	2026|1|28|1|30
shift	2026|1|28|2|30
range	2026|1|28|31
days	2026|1|28|31
shift	2026|1|28|-2|31
shift	2026|1|28|-1|31
shift	2026|1|28|0|31
shift	2026|1|28|1|31
shift	2026|1|28|2|31
range	2026|1|31|0
days	2026|1|31|0
shift	2026|1|31|-2|0
shift	2026|1|31|-1|0
shift	2026|1|31|0|0
shift	2026|1|31|1|0
shift	2026|1|31|2|0
range	2026|1|31|1
days	2026|1|31|1
shift	2026|1|31|-2|1
shift	2026|1|31|-1|1
shift	2026|1|31|0|1
shift	2026|1|31|1|1
shift	2026|1|31|2|1
range	2026|1|31|5
days	2026|1|31|5
shift	2026|1|31|-2|5
shift	2026|1|31|-1|5
shift	2026|1|31|0|5
shift	2026|1|31|1|5
shift	2026|1|31|2|5
range	2026|1|31|15
days	2026|1|31|15
shift	2026|1|31|-2|15
shift	2026|1|31|-1|15
shift	2026|1|31|0|15
shift	2026|1|31|1|15
shift	2026|1|31|2|15
range	2026|1|31|25
days	2026|1|31|25
shift	2026|1|31|-2|25
shift	2026|1|31|-1|25
shift	2026|1|31|0|25
shift	2026|1|31|1|25
shift	2026|1|31|2|25
range	2026|1|31|28
days	2026|1|31|28
shift	2026|1|31|-2|28
shift	2026|1|31|-1|28
shift	2026|1|31|0|28
shift	2026|1|31|1|28
shift	2026|1|31|2|28
range	2026|1|31|29
days	2026|1|31|29
shift	2026|1|31|-2|29
shift	2026|1|31|-1|29
shift	2026|1|31|0|29
shift	2026|1|31|1|29
shift	2026|1|31|2|29
range	2026|1|31|30
days	2026|1|31|30
shift	2026|1|31|-2|30
shift	2026|1|31|-1|30
shift	2026|1|31|0|30
shift	2026|1|31|1|30
shift	2026|1|31|2|30
range	2026|1|31|31
days	2026|1|31|31
shift	2026|1|31|-2|31
shift	2026|1|31|-1|31
shift	2026|1|31|0|31
shift	2026|1|31|1|31
shift	2026|1|31|2|31
range	2026|2|1|0
days	2026|2|1|0
shift	2026|2|1|-2|0
shift	2026|2|1|-1|0
shift	2026|2|1|0|0
shift	2026|2|1|1|0
shift	2026|2|1|2|0
range	2026|2|1|1
days	2026|2|1|1
shift	2026|2|1|-2|1
shift	2026|2|1|-1|1
shift	2026|2|1|0|1
shift	2026|2|1|1|1
shift	2026|2|1|2|1
range	2026|2|1|5
days	2026|2|1|5
shift	2026|2|1|-2|5
shift	2026|2|1|-1|5
shift	2026|2|1|0|5
shift	2026|2|1|1|5
shift	2026|2|1|2|5
range	2026|2|1|15
days	2026|2|1|15
shift	2026|2|1|-2|15
shift	2026|2|1|-1|15
shift	2026|2|1|0|15
shift	2026|2|1|1|15
shift	2026|2|1|2|15
range	2026|2|1|25
days	2026|2|1|25
shift	2026|2|1|-2|25
shift	2026|2|1|-1|25
shift	2026|2|1|0|25
shift	2026|2|1|1|25
shift	2026|2|1|2|25
range	2026|2|1|28
days	2026|2|1|28
shift	2026|2|1|-2|28
shift	2026|2|1|-1|28
shift	2026|2|1|0|28
shift	2026|2|1|1|28
shift	2026|2|1|2|28
range	2026|2|1|29
days	2026|2|1|29
shift	2026|2|1|-2|29
shift	2026|2|1|-1|29
shift	2026|2|1|0|29
shift	2026|2|1|1|29
shift	2026|2|1|2|29
range	2026|2|1|30
days	2026|2|1|30
shift	2026|2|1|-2|30
shift	2026|2|1|-1|30
shift	2026|2|1|0|30
shift	2026|2|1|1|30
shift	2026|2|1|2|30
range	2026|2|1|31
days	2026|2|1|31
shift	2026|2|1|-2|31
shift	2026|2|1|-1|31
shift	2026|2|1|0|31
shift	2026|2|1|1|31
shift	2026|2|1|2|31
range	2026|2|5|0
days	2026|2|5|0
shift	2026|2|5|-2|0
shift	2026|2|5|-1|0
shift	2026|2|5|0|0
shift	2026|2|5|1|0
shift	2026|2|5|2|0
range	2026|2|5|1
days	2026|2|5|1
shift	2026|2|5|-2|1
shift	2026|2|5|-1|1
shift	2026|2|5|0|1
shift	2026|2|5|1|1
shift	2026|2|5|2|1
range	2026|2|5|5
days	2026|2|5|5
shift	2026|2|5|-2|5
shift	2026|2|5|-1|5
shift	2026|2|5|0|5
shift	2026|2|5|1|5
shift	2026|2|5|2|5
range	2026|2|5|15
days	2026|2|5|15
shift	2026|2|5|-2|15
shift	2026|2|5|-1|15
shift	2026|2|5|0|15
shift	2026|2|5|1|15
shift	2026|2|5|2|15
range	2026|2|5|25
days	2026|2|5|25
shift	2026|2|5|-2|25
shift	2026|2|5|-1|25
shift	2026|2|5|0|25
shift	2026|2|5|1|25
shift	2026|2|5|2|25
range	2026|2|5|28
days	2026|2|5|28
shift	2026|2|5|-2|28
shift	2026|2|5|-1|28
shift	2026|2|5|0|28
shift	2026|2|5|1|28
shift	2026|2|5|2|28
range	2026|2|5|29
days	2026|2|5|29
shift	2026|2|5|-2|29
shift	2026|2|5|-1|29
shift	2026|2|5|0|29
shift	2026|2|5|1|29
shift	2026|2|5|2|29
range	2026|2|5|30
days	2026|2|5|30
shift	2026|2|5|-2|30
shift	2026|2|5|-1|30
shift	2026|2|5|0|30
shift	2026|2|5|1|30
shift	2026|2|5|2|30
range	2026|2|5|31
days	2026|2|5|31
shift	2026|2|5|-2|31
shift	2026|2|5|-1|31
shift	2026|2|5|0|31
shift	2026|2|5|1|31
shift	2026|2|5|2|31
range	2026|2|15|0
days	2026|2|15|0
shift	2026|2|15|-2|0
shift	2026|2|15|-1|0
shift	2026|2|15|0|0
shift	2026|2|15|1|0
shift	2026|2|15|2|0
range	2026|2|15|1
days	2026|2|15|1
shift	2026|2|15|-2|1
shift	2026|2|15|-1|1
shift	2026|2|15|0|1
shift	2026|2|15|1|1
shift	2026|2|15|2|1
range	2026|2|15|5
days	2026|2|15|5
shift	2026|2|15|-2|5
shift	2026|2|15|-1|5
shift	2026|2|15|0|5
shift	2026|2|15|1|5
shift	2026|2|15|2|5
range	2026|2|15|15
days	2026|2|15|15
shift	2026|2|15|-2|15
shift	2026|2|15|-1|15
shift	2026|2|15|0|15
shift	2026|2|15|1|15
shift	2026|2|15|2|15
range	2026|2|15|25
days	2026|2|15|25
shift	2026|2|15|-2|25
shift	2026|2|15|-1|25
shift	2026|2|15|0|25
shift	2026|2|15|1|25
shift	2026|2|15|2|25
range	2026|2|15|28
days	2026|2|15|28
shift	2026|2|15|-2|28
shift	2026|2|15|-1|28
shift	2026|2|15|0|28
shift	2026|2|15|1|28
shift	2026|2|15|2|28
range	2026|2|15|29
days	2026|2|15|29
shift	2026|2|15|-2|29
shift	2026|2|15|-1|29
shift	2026|2|15|0|29
shift	2026|2|15|1|29
shift	2026|2|15|2|29
range	2026|2|15|30
days	2026|2|15|30
shift	2026|2|15|-2|30
shift	2026|2|15|-1|30
shift	2026|2|15|0|30
shift	2026|2|15|1|30
shift	2026|2|15|2|30
range	2026|2|15|31
days	2026|2|15|31
shift	2026|2|15|-2|31
shift	2026|2|15|-1|31
shift	2026|2|15|0|31
shift	2026|2|15|1|31
shift	2026|2|15|2|31
range	2026|2|24|0
days	2026|2|24|0
shift	2026|2|24|-2|0
shift	2026|2|24|-1|0
shift	2026|2|24|0|0
shift	2026|2|24|1|0
shift	2026|2|24|2|0
range	2026|2|24|1
days	2026|2|24|1
shift	2026|2|24|-2|1
shift	2026|2|24|-1|1
shift	2026|2|24|0|1
shift	2026|2|24|1|1
shift	2026|2|24|2|1
range	2026|2|24|5
days	2026|2|24|5
shift	2026|2|24|-2|5
shift	2026|2|24|-1|5
shift	2026|2|24|0|5
shift	2026|2|24|1|5
shift	2026|2|24|2|5
range	2026|2|24|15
days	2026|2|24|15
shift	2026|2|24|-2|15
shift	2026|2|24|-1|15
shift	2026|2|24|0|15
shift	2026|2|24|1|15
shift	2026|2|24|2|15
range	2026|2|24|25
days	2026|2|24|25
shift	2026|2|24|-2|25
shift	2026|2|24|-1|25
shift	2026|2|24|0|25
shift	2026|2|24|1|25
shift	2026|2|24|2|25
range	2026|2|24|28
days	2026|2|24|28
shift	2026|2|24|-2|28
shift	2026|2|24|-1|28
shift	2026|2|24|0|28
shift	2026|2|24|1|28
shift	2026|2|24|2|28
range	2026|2|24|29
days	2026|2|24|29
shift	2026|2|24|-2|29
shift	2026|2|24|-1|29
shift	2026|2|24|0|29
shift	2026|2|24|1|29
shift	2026|2|24|2|29
range	2026|2|24|30
days	2026|2|24|30
shift	2026|2|24|-2|30
shift	2026|2|24|-1|30
shift	2026|2|24|0|30
shift	2026|2|24|1|30
shift	2026|2|24|2|30
range	2026|2|24|31
days	2026|2|24|31
shift	2026|2|24|-2|31
shift	2026|2|24|-1|31
shift	2026|2|24|0|31
shift	2026|2|24|1|31
shift	2026|2|24|2|31
range	2026|2|25|0
days	2026|2|25|0
shift	2026|2|25|-2|0
shift	2026|2|25|-1|0
shift	2026|2|25|0|0
shift	2026|2|25|1|0
shift	2026|2|25|2|0
range	2026|2|25|1
days	2026|2|25|1
shift	2026|2|25|-2|1
shift	2026|2|25|-1|1
shift	2026|2|25|0|1
shift	2026|2|25|1|1
shift	2026|2|25|2|1
range	2026|2|25|5
days	2026|2|25|5
shift	2026|2|25|-2|5
shift	2026|2|25|-1|5
shift	2026|2|25|0|5
shift	2026|2|25|1|5
shift	2026|2|25|2|5
range	2026|2|25|15
days	2026|2|25|15
shift	2026|2|25|-2|15
shift	2026|2|25|-1|15
shift	2026|2|25|0|15
shift	2026|2|25|1|15
shift	2026|2|25|2|15
range	2026|2|25|25
days	2026|2|25|25
shift	2026|2|25|-2|25
shift	2026|2|25|-1|25
shift	2026|2|25|0|25
shift	2026|2|25|1|25
shift	2026|2|25|2|25
range	2026|2|25|28
days	2026|2|25|28
shift	2026|2|25|-2|28
shift	2026|2|25|-1|28
shift	2026|2|25|0|28
shift	2026|2|25|1|28
shift	2026|2|25|2|28
range	2026|2|25|29
days	2026|2|25|29
shift	2026|2|25|-2|29
shift	2026|2|25|-1|29
shift	2026|2|25|0|29
shift	2026|2|25|1|29
shift	2026|2|25|2|29
range	2026|2|25|30
days	2026|2|25|30
shift	2026|2|25|-2|30
shift	2026|2|25|-1|30
shift	2026|2|25|0|30
shift	2026|2|25|1|30
shift	2026|2|25|2|30
range	2026|2|25|31
days	2026|2|25|31
shift	2026|2|25|-2|31
shift	2026|2|25|-1|31
shift	2026|2|25|0|31
shift	2026|2|25|1|31
shift	2026|2|25|2|31
range	2026|2|26|0
days	2026|2|26|0
shift	2026|2|26|-2|0
shift	2026|2|26|-1|0
shift	2026|2|26|0|0
shift	2026|2|26|1|0
shift	2026|2|26|2|0
range	2026|2|26|1
days	2026|2|26|1
shift	2026|2|26|-2|1
shift	2026|2|26|-1|1
shift	2026|2|26|0|1
shift	2026|2|26|1|1
shift	2026|2|26|2|1
range	2026|2|26|5
days	2026|2|26|5
shift	2026|2|26|-2|5
shift	2026|2|26|-1|5
shift	2026|2|26|0|5
shift	2026|2|26|1|5
shift	2026|2|26|2|5
range	2026|2|26|15
days	2026|2|26|15
shift	2026|2|26|-2|15
shift	2026|2|26|-1|15
shift	2026|2|26|0|15
shift	2026|2|26|1|15
shift	2026|2|26|2|15
range	2026|2|26|25
days	2026|2|26|25
shift	2026|2|26|-2|25
shift	2026|2|26|-1|25
shift	2026|2|26|0|25
shift	2026|2|26|1|25
shift	2026|2|26|2|25
range	2026|2|26|28
days	2026|2|26|28
shift	2026|2|26|-2|28
shift	2026|2|26|-1|28
shift	2026|2|26|0|28
shift	2026|2|26|1|28
shift	2026|2|26|2|28
range	2026|2|26|29
days	2026|2|26|29
shift	2026|2|26|-2|29
shift	2026|2|26|-1|29
shift	2026|2|26|0|29
shift	2026|2|26|1|29
shift	2026|2|26|2|29
range	2026|2|26|30
days	2026|2|26|30
shift	2026|2|26|-2|30
shift	2026|2|26|-1|30
shift	2026|2|26|0|30
shift	2026|2|26|1|30
shift	2026|2|26|2|30
range	2026|2|26|31
days	2026|2|26|31
shift	2026|2|26|-2|31
shift	2026|2|26|-1|31
shift	2026|2|26|0|31
shift	2026|2|26|1|31
shift	2026|2|26|2|31
range	2026|2|28|0
days	2026|2|28|0
shift	2026|2|28|-2|0
shift	2026|2|28|-1|0
shift	2026|2|28|0|0
shift	2026|2|28|1|0
shift	2026|2|28|2|0
range	2026|2|28|1
days	2026|2|28|1
shift	2026|2|28|-2|1
shift	2026|2|28|-1|1
shift	2026|2|28|0|1
shift	2026|2|28|1|1
shift	2026|2|28|2|1
range	2026|2|28|5
days	2026|2|28|5
shift	2026|2|28|-2|5
shift	2026|2|28|-1|5
shift	2026|2|28|0|5
shift	2026|2|28|1|5
shift	2026|2|28|2|5
range	2026|2|28|15
days	2026|2|28|15
shift	2026|2|28|-2|15
shift	2026|2|28|-1|15
shift	2026|2|28|0|15
shift	2026|2|28|1|15
shift	2026|2|28|2|15
range	2026|2|28|25
days	2026|2|28|25
shift	2026|2|28|-2|25
shift	2026|2|28|-1|25
shift	2026|2|28|0|25
shift	2026|2|28|1|25
shift	2026|2|28|2|25
range	2026|2|28|28
days	2026|2|28|28
shift	2026|2|28|-2|28
shift	2026|2|28|-1|28
shift	2026|2|28|0|28
shift	2026|2|28|1|28
shift	2026|2|28|2|28
range	2026|2|28|29
days	2026|2|28|29
shift	2026|2|28|-2|29
shift	2026|2|28|-1|29
shift	2026|2|28|0|29
shift	2026|2|28|1|29
shift	2026|2|28|2|29
range	2026|2|28|30
days	2026|2|28|30
shift	2026|2|28|-2|30
shift	2026|2|28|-1|30
shift	2026|2|28|0|30
shift	2026|2|28|1|30
shift	2026|2|28|2|30
range	2026|2|28|31
days	2026|2|28|31
shift	2026|2|28|-2|31
shift	2026|2|28|-1|31
shift	2026|2|28|0|31
shift	2026|2|28|1|31
shift	2026|2|28|2|31
range	2026|2|31|0
days	2026|2|31|0
shift	2026|2|31|-2|0
shift	2026|2|31|-1|0
shift	2026|2|31|0|0
shift	2026|2|31|1|0
shift	2026|2|31|2|0
range	2026|2|31|1
days	2026|2|31|1
shift	2026|2|31|-2|1
shift	2026|2|31|-1|1
shift	2026|2|31|0|1
shift	2026|2|31|1|1
shift	2026|2|31|2|1
range	2026|2|31|5
days	2026|2|31|5
shift	2026|2|31|-2|5
shift	2026|2|31|-1|5
shift	2026|2|31|0|5
shift	2026|2|31|1|5
shift	2026|2|31|2|5
range	2026|2|31|15
days	2026|2|31|15
shift	2026|2|31|-2|15
shift	2026|2|31|-1|15
shift	2026|2|31|0|15
shift	2026|2|31|1|15
shift	2026|2|31|2|15
range	2026|2|31|25
days	2026|2|31|25
shift	2026|2|31|-2|25
shift	2026|2|31|-1|25
shift	2026|2|31|0|25
shift	2026|2|31|1|25
shift	2026|2|31|2|25
range	2026|2|31|28
days	2026|2|31|28
shift	2026|2|31|-2|28
shift	2026|2|31|-1|28
shift	2026|2|31|0|28
shift	2026|2|31|1|28
shift	2026|2|31|2|28
range	2026|2|31|29
days	2026|2|31|29
shift	2026|2|31|-2|29
shift	2026|2|31|-1|29
shift	2026|2|31|0|29
shift	2026|2|31|1|29
shift	2026|2|31|2|29
range	2026|2|31|30
days	2026|2|31|30
shift	2026|2|31|-2|30
shift	2026|2|31|-1|30
shift	2026|2|31|0|30
shift	2026|2|31|1|30
shift	2026|2|31|2|30
range	2026|2|31|31
days	2026|2|31|31
shift	2026|2|31|-2|31
shift	2026|2|31|-1|31
shift	2026|2|31|0|31
shift	2026|2|31|1|31
shift	2026|2|31|2|31
range	2026|3|1|0
days	2026|3|1|0
shift	2026|3|1|-2|0
shift	2026|3|1|-1|0
shift	2026|3|1|0|0
shift	2026|3|1|1|0
shift	2026|3|1|2|0
range	2026|3|1|1
days	2026|3|1|1
shift	2026|3|1|-2|1
shift	2026|3|1|-1|1
shift	2026|3|1|0|1
shift	2026|3|1|1|1
shift	2026|3|1|2|1
range	2026|3|1|5
days	2026|3|1|5
shift	2026|3|1|-2|5
shift	2026|3|1|-1|5
shift	2026|3|1|0|5
shift	2026|3|1|1|5
shift	2026|3|1|2|5
range	2026|3|1|15
days	2026|3|1|15
shift	2026|3|1|-2|15
shift	2026|3|1|-1|15
shift	2026|3|1|0|15
shift	2026|3|1|1|15
shift	2026|3|1|2|15
range	2026|3|1|25
days	2026|3|1|25
shift	2026|3|1|-2|25
shift	2026|3|1|-1|25
shift	2026|3|1|0|25
shift	2026|3|1|1|25
shift	2026|3|1|2|25
range	2026|3|1|28
days	2026|3|1|28
shift	2026|3|1|-2|28
shift	2026|3|1|-1|28
shift	2026|3|1|0|28
shift	2026|3|1|1|28
shift	2026|3|1|2|28
range	2026|3|1|29
days	2026|3|1|29
shift	2026|3|1|-2|29
shift	2026|3|1|-1|29
shift	2026|3|1|0|29
shift	2026|3|1|1|29
shift	2026|3|1|2|29
range	2026|3|1|30
days	2026|3|1|30
shift	2026|3|1|-2|30
shift	2026|3|1|-1|30
shift	2026|3|1|0|30
shift	2026|3|1|1|30
shift	2026|3|1|2|30
range	2026|3|1|31
days	2026|3|1|31
shift	2026|3|1|-2|31
shift	2026|3|1|-1|31
shift	2026|3|1|0|31
shift	2026|3|1|1|31
shift	2026|3|1|2|31
range	2026|3|5|0
days	2026|3|5|0
shift	2026|3|5|-2|0
shift	2026|3|5|-1|0
shift	2026|3|5|0|0
shift	2026|3|5|1|0
shift	2026|3|5|2|0
range	2026|3|5|1
days	2026|3|5|1
shift	2026|3|5|-2|1
shift	2026|3|5|-1|1
shift	2026|3|5|0|1
shift	2026|3|5|1|1
shift	2026|3|5|2|1
range	2026|3|5|5
days	2026|3|5|5
shift	2026|3|5|-2|5
shift	2026|3|5|-1|5
shift	2026|3|5|0|5
shift	2026|3|5|1|5
shift	2026|3|5|2|5
range	2026|3|5|15
days	2026|3|5|15
shift	2026|3|5|-2|15
shift	2026|3|5|-1|15
shift	2026|3|5|0|15
shift	2026|3|5|1|15
shift	2026|3|5|2|15
range	2026|3|5|25
days	2026|3|5|25
shift	2026|3|5|-2|25
shift	2026|3|5|-1|25
shift	2026|3|5|0|25
shift	2026|3|5|1|25
shift	2026|3|5|2|25
range	2026|3|5|28
days	2026|3|5|28
shift	2026|3|5|-2|28
shift	2026|3|5|-1|28
shift	2026|3|5|0|28
shift	2026|3|5|1|28
shift	2026|3|5|2|28
range	2026|3|5|29
days	2026|3|5|29
shift	2026|3|5|-2|29
shift	2026|3|5|-1|29
shift	2026|3|5|0|29
shift	2026|3|5|1|29
shift	2026|3|5|2|29
range	2026|3|5|30
days	2026|3|5|30
shift	2026|3|5|-2|30
shift	2026|3|5|-1|30
shift	2026|3|5|0|30
shift	2026|3|5|1|30
shift	2026|3|5|2|30
range	2026|3|5|31
days	2026|3|5|31
shift	2026|3|5|-2|31
shift	2026|3|5|-1|31
shift	2026|3|5|0|31
shift	2026|3|5|1|31
shift	2026|3|5|2|31
range	2026|3|15|0
days	2026|3|15|0
shift	2026|3|15|-2|0
shift	2026|3|15|-1|0
shift	2026|3|15|0|0
shift	2026|3|15|1|0
shift	2026|3|15|2|0
range	2026|3|15|1
days	2026|3|15|1
shift	2026|3|15|-2|1
shift	2026|3|15|-1|1
shift	2026|3|15|0|1
shift	2026|3|15|1|1
shift	2026|3|15|2|1
range	2026|3|15|5
days	2026|3|15|5
shift	2026|3|15|-2|5
shift	2026|3|15|-1|5
shift	2026|3|15|0|5
shift	2026|3|15|1|5
shift	2026|3|15|2|5
range	2026|3|15|15
days	2026|3|15|15
shift	2026|3|15|-2|15
shift	2026|3|15|-1|15
shift	2026|3|15|0|15
shift	2026|3|15|1|15
shift	2026|3|15|2|15
range	2026|3|15|25
days	2026|3|15|25
shift	2026|3|15|-2|25
shift	2026|3|15|-1|25
shift	2026|3|15|0|25
shift	2026|3|15|1|25
shift	2026|3|15|2|25
range	2026|3|15|28
days	2026|3|15|28
shift	2026|3|15|-2|28
shift	2026|3|15|-1|28
shift	2026|3|15|0|28
shift	2026|3|15|1|28
shift	2026|3|15|2|28
range	2026|3|15|29
days	2026|3|15|29
shift	2026|3|15|-2|29
shift	2026|3|15|-1|29
shift	2026|3|15|0|29
shift	2026|3|15|1|29
shift	2026|3|15|2|29
range	2026|3|15|30
days	2026|3|15|30
shift	2026|3|15|-2|30
shift	2026|3|15|-1|30
shift	2026|3|15|0|30
shift	2026|3|15|1|30
shift	2026|3|15|2|30
range	2026|3|15|31
days	2026|3|15|31
shift	2026|3|15|-2|31
shift	2026|3|15|-1|31
shift	2026|3|15|0|31
shift	2026|3|15|1|31
shift	2026|3|15|2|31
range	2026|3|24|0
days	2026|3|24|0
shift	2026|3|24|-2|0
shift	2026|3|24|-1|0
shift	2026|3|24|0|0
shift	2026|3|24|1|0
shift	2026|3|24|2|0
range	2026|3|24|1
days	2026|3|24|1
shift	2026|3|24|-2|1
shift	2026|3|24|-1|1
shift	2026|3|24|0|1
shift	2026|3|24|1|1
shift	2026|3|24|2|1
range	2026|3|24|5
days	2026|3|24|5
shift	2026|3|24|-2|5
shift	2026|3|24|-1|5
shift	2026|3|24|0|5
shift	2026|3|24|1|5
shift	2026|3|24|2|5
range	2026|3|24|15
days	2026|3|24|15
shift	2026|3|24|-2|15
shift	2026|3|24|-1|15
shift	2026|3|24|0|15
shift	2026|3|24|1|15
shift	2026|3|24|2|15
range	2026|3|24|25
days	2026|3|24|25
shift	2026|3|24|-2|25
shift	2026|3|24|-1|25
shift	2026|3|24|0|25
shift	2026|3|24|1|25
shift	2026|3|24|2|25
range	2026|3|24|28
days	2026|3|24|28
shift	2026|3|24|-2|28
shift	2026|3|24|-1|28
shift	2026|3|24|0|28
shift	2026|3|24|1|28
shift	2026|3|24|2|28
range	2026|3|24|29
days	2026|3|24|29
shift	2026|3|24|-2|29
shift	2026|3|24|-1|29
shift	2026|3|24|0|29
shift	2026|3|24|1|29
shift	2026|3|24|2|29
range	2026|3|24|30
days	2026|3|24|30
shift	2026|3|24|-2|30
shift	2026|3|24|-1|30
shift	2026|3|24|0|30
shift	2026|3|24|1|30
shift	2026|3|24|2|30
range	2026|3|24|31
days	2026|3|24|31
shift	2026|3|24|-2|31
shift	2026|3|24|-1|31
shift	2026|3|24|0|31
shift	2026|3|24|1|31
shift	2026|3|24|2|31
range	2026|3|25|0
days	2026|3|25|0
shift	2026|3|25|-2|0
shift	2026|3|25|-1|0
shift	2026|3|25|0|0
shift	2026|3|25|1|0
shift	2026|3|25|2|0
range	2026|3|25|1
days	2026|3|25|1
shift	2026|3|25|-2|1
shift	2026|3|25|-1|1
shift	2026|3|25|0|1
shift	2026|3|25|1|1
shift	2026|3|25|2|1
range	2026|3|25|5
days	2026|3|25|5
shift	2026|3|25|-2|5
shift	2026|3|25|-1|5
shift	2026|3|25|0|5
shift	2026|3|25|1|5
shift	2026|3|25|2|5
range	2026|3|25|15
days	2026|3|25|15
shift	2026|3|25|-2|15
shift	2026|3|25|-1|15
shift	2026|3|25|0|15
shift	2026|3|25|1|15
shift	2026|3|25|2|15
range	2026|3|25|25
days	2026|3|25|25
shift	2026|3|25|-2|25
shift	2026|3|25|-1|25
shift	2026|3|25|0|25
shift	2026|3|25|1|25
shift	2026|3|25|2|25
range	2026|3|25|28
days	2026|3|25|28
shift	2026|3|25|-2|28
shift	2026|3|25|-1|28
shift	2026|3|25|0|28
shift	2026|3|25|1|28
shift	2026|3|25|2|28
range	2026|3|25|29
days	2026|3|25|29
shift	2026|3|25|-2|29
shift	2026|3|25|-1|29
shift	2026|3|25|0|29
shift	2026|3|25|1|29
shift	2026|3|25|2|29
range	2026|3|25|30
days	2026|3|25|30
shift	2026|3|25|-2|30
shift	2026|3|25|-1|30
shift	2026|3|25|0|30
shift	2026|3|25|1|30
shift	2026|3|25|2|30
range	2026|3|25|31
days	2026|3|25|31
shift	2026|3|25|-2|31
shift	2026|3|25|-1|31
shift	2026|3|25|0|31
shift	2026|3|25|1|31
shift	2026|3|25|2|31
range	2026|3|26|0
days	2026|3|26|0
shift	2026|3|26|-2|0
shift	2026|3|26|-1|0
shift	2026|3|26|0|0
shift	2026|3|26|1|0
shift	2026|3|26|2|0
range	2026|3|26|1
days	2026|3|26|1
shift	2026|3|26|-2|1
shift	2026|3|26|-1|1
shift	2026|3|26|0|1
shift	2026|3|26|1|1
shift	2026|3|26|2|1
range	2026|3|26|5
days	2026|3|26|5
shift	2026|3|26|-2|5
shift	2026|3|26|-1|5
shift	2026|3|26|0|5
shift	2026|3|26|1|5
shift	2026|3|26|2|5
range	2026|3|26|15
days	2026|3|26|15
shift	2026|3|26|-2|15
shift	2026|3|26|-1|15
shift	2026|3|26|0|15
shift	2026|3|26|1|15
shift	2026|3|26|2|15
range	2026|3|26|25
days	2026|3|26|25
shift	2026|3|26|-2|25
shift	2026|3|26|-1|25
shift	2026|3|26|0|25
shift	2026|3|26|1|25
shift	2026|3|26|2|25
range	2026|3|26|28
days	2026|3|26|28
shift	2026|3|26|-2|28
shift	2026|3|26|-1|28
shift	2026|3|26|0|28
shift	2026|3|26|1|28
shift	2026|3|26|2|28
range	2026|3|26|29
days	2026|3|26|29
shift	2026|3|26|-2|29
shift	2026|3|26|-1|29
shift	2026|3|26|0|29
shift	2026|3|26|1|29
shift	2026|3|26|2|29
range	2026|3|26|30
days	2026|3|26|30
shift	2026|3|26|-2|30
shift	2026|3|26|-1|30
shift	2026|3|26|0|30
shift	2026|3|26|1|30
shift	2026|3|26|2|30
range	2026|3|26|31
days	2026|3|26|31
shift	2026|3|26|-2|31
shift	2026|3|26|-1|31
shift	2026|3|26|0|31
shift	2026|3|26|1|31
shift	2026|3|26|2|31
range	2026|3|28|0
days	2026|3|28|0
shift	2026|3|28|-2|0
shift	2026|3|28|-1|0
shift	2026|3|28|0|0
shift	2026|3|28|1|0
shift	2026|3|28|2|0
range	2026|3|28|1
days	2026|3|28|1
shift	2026|3|28|-2|1
shift	2026|3|28|-1|1
shift	2026|3|28|0|1
shift	2026|3|28|1|1
shift	2026|3|28|2|1
range	2026|3|28|5
days	2026|3|28|5
shift	2026|3|28|-2|5
shift	2026|3|28|-1|5
shift	2026|3|28|0|5
shift	2026|3|28|1|5
shift	2026|3|28|2|5
range	2026|3|28|15
days	2026|3|28|15
shift	2026|3|28|-2|15
shift	2026|3|28|-1|15
shift	2026|3|28|0|15
shift	2026|3|28|1|15
shift	2026|3|28|2|15
range	2026|3|28|25
days	2026|3|28|25
shift	2026|3|28|-2|25
shift	2026|3|28|-1|25
shift	2026|3|28|0|25
shift	2026|3|28|1|25
shift	2026|3|28|2|25
range	2026|3|28|28
days	2026|3|28|28
shift	2026|3|28|-2|28
shift	2026|3|28|-1|28
shift	2026|3|28|0|28
shift	2026|3|28|1|28
shift	2026|3|28|2|28
range	2026|3|28|29
days	2026|3|28|29
shift	2026|3|28|-2|29
shift	2026|3|28|-1|29
shift	2026|3|28|0|29
shift	2026|3|28|1|29
shift	2026|3|28|2|29
range	2026|3|28|30
days	2026|3|28|30
shift	2026|3|28|-2|30
shift	2026|3|28|-1|30
shift	2026|3|28|0|30
shift	2026|3|28|1|30
shift	2026|3|28|2|30
range	2026|3|28|31
days	2026|3|28|31
shift	2026|3|28|-2|31
shift	2026|3|28|-1|31
shift	2026|3|28|0|31
shift	2026|3|28|1|31
shift	2026|3|28|2|31
range	2026|3|31|0
days	2026|3|31|0
shift	2026|3|31|-2|0
shift	2026|3|31|-1|0
shift	2026|3|31|0|0
shift	2026|3|31|1|0
shift	2026|3|31|2|0
range	2026|3|31|1
days	2026|3|31|1
shift	2026|3|31|-2|1
shift	2026|3|31|-1|1
shift	2026|3|31|0|1
shift	2026|3|31|1|1
shift	2026|3|31|2|1
range	2026|3|31|5
days	2026|3|31|5
shift	2026|3|31|-2|5
shift	2026|3|31|-1|5
shift	2026|3|31|0|5
shift	2026|3|31|1|5
shift	2026|3|31|2|5
range	2026|3|31|15
days	2026|3|31|15
shift	2026|3|31|-2|15
shift	2026|3|31|-1|15
shift	2026|3|31|0|15
shift	2026|3|31|1|15
shift	2026|3|31|2|15
range	2026|3|31|25
days	2026|3|31|25
shift	2026|3|31|-2|25
shift	2026|3|31|-1|25
shift	2026|3|31|0|25
shift	2026|3|31|1|25
shift	2026|3|31|2|25
range	2026|3|31|28
days	2026|3|31|28
shift	2026|3|31|-2|28
shift	2026|3|31|-1|28
shift	2026|3|31|0|28
shift	2026|3|31|1|28
shift	2026|3|31|2|28
range	2026|3|31|29
days	2026|3|31|29
shift	2026|3|31|-2|29
shift	2026|3|31|-1|29
shift	2026|3|31|0|29
shift	2026|3|31|1|29
shift	2026|3|31|2|29
range	2026|3|31|30
days	2026|3|31|30
shift	2026|3|31|-2|30
shift	2026|3|31|-1|30
shift	2026|3|31|0|30
shift	2026|3|31|1|30
shift	2026|3|31|2|30
range	2026|3|31|31
days	2026|3|31|31
shift	2026|3|31|-2|31
shift	2026|3|31|-1|31
shift	2026|3|31|0|31
shift	2026|3|31|1|31
shift	2026|3|31|2|31
range	2026|4|1|0
days	2026|4|1|0
shift	2026|4|1|-2|0
shift	2026|4|1|-1|0
shift	2026|4|1|0|0
shift	2026|4|1|1|0
shift	2026|4|1|2|0
range	2026|4|1|1
days	2026|4|1|1
shift	2026|4|1|-2|1
shift	2026|4|1|-1|1
shift	2026|4|1|0|1
shift	2026|4|1|1|1
shift	2026|4|1|2|1
range	2026|4|1|5
days	2026|4|1|5
shift	2026|4|1|-2|5
shift	2026|4|1|-1|5
shift	2026|4|1|0|5
shift	2026|4|1|1|5
shift	2026|4|1|2|5
range	2026|4|1|15
days	2026|4|1|15
shift	2026|4|1|-2|15
shift	2026|4|1|-1|15
shift	2026|4|1|0|15
shift	2026|4|1|1|15
shift	2026|4|1|2|15
range	2026|4|1|25
days	2026|4|1|25
shift	2026|4|1|-2|25
shift	2026|4|1|-1|25
shift	2026|4|1|0|25
shift	2026|4|1|1|25
shift	2026|4|1|2|25
range	2026|4|1|28
days	2026|4|1|28
shift	2026|4|1|-2|28
shift	2026|4|1|-1|28
shift	2026|4|1|0|28
shift	2026|4|1|1|28
shift	2026|4|1|2|28
range	2026|4|1|29
days	2026|4|1|29
shift	2026|4|1|-2|29
shift	2026|4|1|-1|29
shift	2026|4|1|0|29
shift	2026|4|1|1|29
shift	2026|4|1|2|29
range	2026|4|1|30
days	2026|4|1|30
shift	2026|4|1|-2|30
shift	2026|4|1|-1|30
shift	2026|4|1|0|30
shift	2026|4|1|1|30
shift	2026|4|1|2|30
range	2026|4|1|31
days	2026|4|1|31
shift	2026|4|1|-2|31
shift	2026|4|1|-1|31
shift	2026|4|1|0|31
shift	2026|4|1|1|31
shift	2026|4|1|2|31
range	2026|4|5|0
days	2026|4|5|0
shift	2026|4|5|-2|0
shift	2026|4|5|-1|0
shift	2026|4|5|0|0
shift	2026|4|5|1|0
shift	2026|4|5|2|0
range	2026|4|5|1
days	2026|4|5|1
shift	2026|4|5|-2|1
shift	2026|4|5|-1|1
shift	2026|4|5|0|1
shift	2026|4|5|1|1
shift	2026|4|5|2|1
range	2026|4|5|5
days	2026|4|5|5
shift	2026|4|5|-2|5
shift	2026|4|5|-1|5
shift	2026|4|5|0|5
shift	2026|4|5|1|5
shift	2026|4|5|2|5
range	2026|4|5|15
days	2026|4|5|15
shift	2026|4|5|-2|15
shift	2026|4|5|-1|15
shift	2026|4|5|0|15
shift	2026|4|5|1|15
shift	2026|4|5|2|15
range	2026|4|5|25
days	2026|4|5|25
shift	2026|4|5|-2|25
shift	2026|4|5|-1|25
shift	2026|4|5|0|25
shift	2026|4|5|1|25
shift	2026|4|5|2|25
range	2026|4|5|28
days	2026|4|5|28
shift	2026|4|5|-2|28
shift	2026|4|5|-1|28
shift	2026|4|5|0|28
shift	2026|4|5|1|28
shift	2026|4|5|2|28
range	2026|4|5|29
days	2026|4|5|29
shift	2026|4|5|-2|29
shift	2026|4|5|-1|29
shift	2026|4|5|0|29
shift	2026|4|5|1|29
shift	2026|4|5|2|29
range	2026|4|5|30
days	2026|4|5|30
shift	2026|4|5|-2|30
shift	2026|4|5|-1|30
shift	2026|4|5|0|30
shift	2026|4|5|1|30
shift	2026|4|5|2|30
range	2026|4|5|31
days	2026|4|5|31
shift	2026|4|5|-2|31
shift	2026|4|5|-1|31
shift	2026|4|5|0|31
shift	2026|4|5|1|31
shift	2026|4|5|2|31
range	2026|4|15|0
days	2026|4|15|0
shift	2026|4|15|-2|0
shift	2026|4|15|-1|0
shift	2026|4|15|0|0
shift	2026|4|15|1|0
shift	2026|4|15|2|0
range	2026|4|15|1
days	2026|4|15|1
shift	2026|4|15|-2|1
shift	2026|4|15|-1|1
shift	2026|4|15|0|1
shift	2026|4|15|1|1
shift	2026|4|15|2|1
range	2026|4|15|5
days	2026|4|15|5
shift	2026|4|15|-2|5
shift	2026|4|15|-1|5
shift	2026|4|15|0|5
shift	2026|4|15|1|5
shift	2026|4|15|2|5
range	2026|4|15|15
days	2026|4|15|15
shift	2026|4|15|-2|15
shift	2026|4|15|-1|15
shift	2026|4|15|0|15
shift	2026|4|15|1|15
shift	2026|4|15|2|15
range	2026|4|15|25
days	2026|4|15|25
shift	2026|4|15|-2|25
shift	2026|4|15|-1|25
shift	2026|4|15|0|25
shift	2026|4|15|1|25
shift	2026|4|15|2|25
range	2026|4|15|28
days	2026|4|15|28
shift	2026|4|15|-2|28
shift	2026|4|15|-1|28
shift	2026|4|15|0|28
shift	2026|4|15|1|28
shift	2026|4|15|2|28
range	2026|4|15|29
days	2026|4|15|29
shift	2026|4|15|-2|29
shift	2026|4|15|-1|29
shift	2026|4|15|0|29
shift	2026|4|15|1|29
shift	2026|4|15|2|29
range	2026|4|15|30
days	2026|4|15|30
shift	2026|4|15|-2|30
shift	2026|4|15|-1|30
shift	2026|4|15|0|30
shift	2026|4|15|1|30
shift	2026|4|15|2|30
range	2026|4|15|31
days	2026|4|15|31
shift	2026|4|15|-2|31
shift	2026|4|15|-1|31
shift	2026|4|15|0|31
shift	2026|4|15|1|31
shift	2026|4|15|2|31
range	2026|4|24|0
days	2026|4|24|0
shift	2026|4|24|-2|0
shift	2026|4|24|-1|0
shift	2026|4|24|0|0
shift	2026|4|24|1|0
shift	2026|4|24|2|0
range	2026|4|24|1
days	2026|4|24|1
shift	2026|4|24|-2|1
shift	2026|4|24|-1|1
shift	2026|4|24|0|1
shift	2026|4|24|1|1
shift	2026|4|24|2|1
range	2026|4|24|5
days	2026|4|24|5
shift	2026|4|24|-2|5
shift	2026|4|24|-1|5
shift	2026|4|24|0|5
shift	2026|4|24|1|5
shift	2026|4|24|2|5
range	2026|4|24|15
days	2026|4|24|15
shift	2026|4|24|-2|15
shift	2026|4|24|-1|15
shift	2026|4|24|0|15
shift	2026|4|24|1|15
shift	2026|4|24|2|15
range	2026|4|24|25
days	2026|4|24|25
shift	2026|4|24|-2|25
shift	2026|4|24|-1|25
shift	2026|4|24|0|25
shift	2026|4|24|1|25
shift	2026|4|24|2|25
range	2026|4|24|28
days	2026|4|24|28
shift	2026|4|24|-2|28
shift	2026|4|24|-1|28
shift	2026|4|24|0|28
shift	2026|4|24|1|28
shift	2026|4|24|2|28
range	2026|4|24|29
days	2026|4|24|29
shift	2026|4|24|-2|29
shift	2026|4|24|-1|29
shift	2026|4|24|0|29
shift	2026|4|24|1|29
shift	2026|4|24|2|29
range	2026|4|24|30
days	2026|4|24|30
shift	2026|4|24|-2|30
shift	2026|4|24|-1|30
shift	2026|4|24|0|30
shift	2026|4|24|1|30
shift	2026|4|24|2|30
range	2026|4|24|31
days	2026|4|24|31
shift	2026|4|24|-2|31
shift	2026|4|24|-1|31
shift	2026|4|24|0|31
shift	2026|4|24|1|31
shift	2026|4|24|2|31
range	2026|4|25|0
days	2026|4|25|0
shift	2026|4|25|-2|0
shift	2026|4|25|-1|0
shift	2026|4|25|0|0
shift	2026|4|25|1|0
shift	2026|4|25|2|0
range	2026|4|25|1
days	2026|4|25|1
shift	2026|4|25|-2|1
shift	2026|4|25|-1|1
shift	2026|4|25|0|1
shift	2026|4|25|1|1
shift	2026|4|25|2|1
range	2026|4|25|5
days	2026|4|25|5
shift	2026|4|25|-2|5
shift	2026|4|25|-1|5
shift	2026|4|25|0|5
shift	2026|4|25|1|5
shift	2026|4|25|2|5
range	2026|4|25|15
days	2026|4|25|15
shift	2026|4|25|-2|15
shift	2026|4|25|-1|15
shift	2026|4|25|0|15
shift	2026|4|25|1|15
shift	2026|4|25|2|15
range	2026|4|25|25
days	2026|4|25|25
shift	2026|4|25|-2|25
shift	2026|4|25|-1|25
shift	2026|4|25|0|25
shift	2026|4|25|1|25
shift	2026|4|25|2|25
range	2026|4|25|28
days	2026|4|25|28
shift	2026|4|25|-2|28
shift	2026|4|25|-1|28
shift	2026|4|25|0|28
shift	2026|4|25|1|28
shift	2026|4|25|2|28
range	2026|4|25|29
days	2026|4|25|29
shift	2026|4|25|-2|29
shift	2026|4|25|-1|29
shift	2026|4|25|0|29
shift	2026|4|25|1|29
shift	2026|4|25|2|29
range	2026|4|25|30
days	2026|4|25|30
shift	2026|4|25|-2|30
shift	2026|4|25|-1|30
shift	2026|4|25|0|30
shift	2026|4|25|1|30
shift	2026|4|25|2|30
range	2026|4|25|31
days	2026|4|25|31
shift	2026|4|25|-2|31
shift	2026|4|25|-1|31
shift	2026|4|25|0|31
shift	2026|4|25|1|31
shift	2026|4|25|2|31
range	2026|4|26|0
days	2026|4|26|0
shift	2026|4|26|-2|0
shift	2026|4|26|-1|0
shift	2026|4|26|0|0
shift	2026|4|26|1|0
shift	2026|4|26|2|0
range	2026|4|26|1
days	2026|4|26|1
shift	2026|4|26|-2|1
shift	2026|4|26|-1|1
shift	2026|4|26|0|1
shift	2026|4|26|1|1
shift	2026|4|26|2|1
range	2026|4|26|5
days	2026|4|26|5
shift	2026|4|26|-2|5
shift	2026|4|26|-1|5
shift	2026|4|26|0|5
shift	2026|4|26|1|5
shift	2026|4|26|2|5
range	2026|4|26|15
days	2026|4|26|15
shift	2026|4|26|-2|15
shift	2026|4|26|-1|15
shift	2026|4|26|0|15
shift	2026|4|26|1|15
shift	2026|4|26|2|15
range	2026|4|26|25
days	2026|4|26|25
shift	2026|4|26|-2|25
shift	2026|4|26|-1|25
shift	2026|4|26|0|25
shift	2026|4|26|1|25
shift	2026|4|26|2|25
range	2026|4|26|28
days	2026|4|26|28
shift	2026|4|26|-2|28
shift	2026|4|26|-1|28
shift	2026|4|26|0|28
shift	2026|4|26|1|28
shift	2026|4|26|2|28
range	2026|4|26|29
days	2026|4|26|29
shift	2026|4|26|-2|29
shift	2026|4|26|-1|29
shift	2026|4|26|0|29
shift	2026|4|26|1|29
shift	2026|4|26|2|29
range	2026|4|26|30
days	2026|4|26|30
shift	2026|4|26|-2|30
shift	2026|4|26|-1|30
shift	2026|4|26|0|30
shift	2026|4|26|1|30
shift	2026|4|26|2|30
range	2026|4|26|31
days	2026|4|26|31
shift	2026|4|26|-2|31
shift	2026|4|26|-1|31
shift	2026|4|26|0|31
shift	2026|4|26|1|31
shift	2026|4|26|2|31
range	2026|4|28|0
days	2026|4|28|0
shift	2026|4|28|-2|0
shift	2026|4|28|-1|0
shift	2026|4|28|0|0
shift	2026|4|28|1|0
shift	2026|4|28|2|0
range	2026|4|28|1
days	2026|4|28|1
shift	2026|4|28|-2|1
shift	2026|4|28|-1|1
shift	2026|4|28|0|1
shift	2026|4|28|1|1
shift	2026|4|28|2|1
range	2026|4|28|5
days	2026|4|28|5
shift	2026|4|28|-2|5
shift	2026|4|28|-1|5
shift	2026|4|28|0|5
shift	2026|4|28|1|5
shift	2026|4|28|2|5
range	2026|4|28|15
days	2026|4|28|15
shift	2026|4|28|-2|15
shift	2026|4|28|-1|15
shift	2026|4|28|0|15
shift	2026|4|28|1|15
shift	2026|4|28|2|15
range	2026|4|28|25
days	2026|4|28|25
shift	2026|4|28|-2|25
shift	2026|4|28|-1|25
shift	2026|4|28|0|25
shift	2026|4|28|1|25
shift	2026|4|28|2|25
range	2026|4|28|28
days	2026|4|28|28
shift	2026|4|28|-2|28
shift	2026|4|28|-1|28
shift	2026|4|28|0|28
shift	2026|4|28|1|28
shift	2026|4|28|2|28
range	2026|4|28|29
days	2026|4|28|29
shift	2026|4|28|-2|29
shift	2026|4|28|-1|29
shift	2026|4|28|0|29
shift	2026|4|28|1|29
shift	2026|4|28|2|29
range	2026|4|28|30
days	2026|4|28|30
shift	2026|4|28|-2|30
shift	2026|4|28|-1|30
shift	2026|4|28|0|30
shift	2026|4|28|1|30
shift	2026|4|28|2|30
range	2026|4|28|31
days	2026|4|28|31
shift	2026|4|28|-2|31
shift	2026|4|28|-1|31
shift	2026|4|28|0|31
shift	2026|4|28|1|31
shift	2026|4|28|2|31
range	2026|4|31|0
days	2026|4|31|0
shift	2026|4|31|-2|0
shift	2026|4|31|-1|0
shift	2026|4|31|0|0
shift	2026|4|31|1|0
shift	2026|4|31|2|0
range	2026|4|31|1
days	2026|4|31|1
shift	2026|4|31|-2|1
shift	2026|4|31|-1|1
shift	2026|4|31|0|1
shift	2026|4|31|1|1
shift	2026|4|31|2|1
range	2026|4|31|5
days	2026|4|31|5
shift	2026|4|31|-2|5
shift	2026|4|31|-1|5
shift	2026|4|31|0|5
shift	2026|4|31|1|5
shift	2026|4|31|2|5
range	2026|4|31|15
days	2026|4|31|15
shift	2026|4|31|-2|15
shift	2026|4|31|-1|15
shift	2026|4|31|0|15
shift	2026|4|31|1|15
shift	2026|4|31|2|15
range	2026|4|31|25
days	2026|4|31|25
shift	2026|4|31|-2|25
shift	2026|4|31|-1|25
shift	2026|4|31|0|25
shift	2026|4|31|1|25
shift	2026|4|31|2|25
range	2026|4|31|28
days	2026|4|31|28
shift	2026|4|31|-2|28
shift	2026|4|31|-1|28
shift	2026|4|31|0|28
shift	2026|4|31|1|28
shift	2026|4|31|2|28
range	2026|4|31|29
days	2026|4|31|29
shift	2026|4|31|-2|29
shift	2026|4|31|-1|29
shift	2026|4|31|0|29
shift	2026|4|31|1|29
shift	2026|4|31|2|29
range	2026|4|31|30
days	2026|4|31|30
shift	2026|4|31|-2|30
shift	2026|4|31|-1|30
shift	2026|4|31|0|30
shift	2026|4|31|1|30
shift	2026|4|31|2|30
range	2026|4|31|31
days	2026|4|31|31
shift	2026|4|31|-2|31
shift	2026|4|31|-1|31
shift	2026|4|31|0|31
shift	2026|4|31|1|31
shift	2026|4|31|2|31
range	2026|5|1|0
days	2026|5|1|0
shift	2026|5|1|-2|0
shift	2026|5|1|-1|0
shift	2026|5|1|0|0
shift	2026|5|1|1|0
shift	2026|5|1|2|0
range	2026|5|1|1
days	2026|5|1|1
shift	2026|5|1|-2|1
shift	2026|5|1|-1|1
shift	2026|5|1|0|1
shift	2026|5|1|1|1
shift	2026|5|1|2|1
range	2026|5|1|5
days	2026|5|1|5
shift	2026|5|1|-2|5
shift	2026|5|1|-1|5
shift	2026|5|1|0|5
shift	2026|5|1|1|5
shift	2026|5|1|2|5
range	2026|5|1|15
days	2026|5|1|15
shift	2026|5|1|-2|15
shift	2026|5|1|-1|15
shift	2026|5|1|0|15
shift	2026|5|1|1|15
shift	2026|5|1|2|15
range	2026|5|1|25
days	2026|5|1|25
shift	2026|5|1|-2|25
shift	2026|5|1|-1|25
shift	2026|5|1|0|25
shift	2026|5|1|1|25
shift	2026|5|1|2|25
range	2026|5|1|28
days	2026|5|1|28
shift	2026|5|1|-2|28
shift	2026|5|1|-1|28
shift	2026|5|1|0|28
shift	2026|5|1|1|28
shift	2026|5|1|2|28
range	2026|5|1|29
days	2026|5|1|29
shift	2026|5|1|-2|29
shift	2026|5|1|-1|29
shift	2026|5|1|0|29
shift	2026|5|1|1|29
shift	2026|5|1|2|29
range	2026|5|1|30
days	2026|5|1|30
shift	2026|5|1|-2|30
shift	2026|5|1|-1|30
shift	2026|5|1|0|30
shift	2026|5|1|1|30
shift	2026|5|1|2|30
range	2026|5|1|31
days	2026|5|1|31
shift	2026|5|1|-2|31
shift	2026|5|1|-1|31
shift	2026|5|1|0|31
shift	2026|5|1|1|31
shift	2026|5|1|2|31
range	2026|5|5|0
days	2026|5|5|0
shift	2026|5|5|-2|0
shift	2026|5|5|-1|0
shift	2026|5|5|0|0
shift	2026|5|5|1|0
shift	2026|5|5|2|0
range	2026|5|5|1
days	2026|5|5|1
shift	2026|5|5|-2|1
shift	2026|5|5|-1|1
shift	2026|5|5|0|1
shift	2026|5|5|1|1
shift	2026|5|5|2|1
range	2026|5|5|5
days	2026|5|5|5
shift	2026|5|5|-2|5
shift	2026|5|5|-1|5
shift	2026|5|5|0|5
shift	2026|5|5|1|5
shift	2026|5|5|2|5
range	2026|5|5|15
days	2026|5|5|15
shift	2026|5|5|-2|15
shift	2026|5|5|-1|15
shift	2026|5|5|0|15
shift	2026|5|5|1|15
shift	2026|5|5|2|15
range	2026|5|5|25
days	2026|5|5|25
shift	2026|5|5|-2|25
shift	2026|5|5|-1|25
shift	2026|5|5|0|25
shift	2026|5|5|1|25
shift	2026|5|5|2|25
range	2026|5|5|28
days	2026|5|5|28
shift	2026|5|5|-2|28
shift	2026|5|5|-1|28
shift	2026|5|5|0|28
shift	2026|5|5|1|28
shift	2026|5|5|2|28
range	2026|5|5|29
days	2026|5|5|29
shift	2026|5|5|-2|29
shift	2026|5|5|-1|29
shift	2026|5|5|0|29
shift	2026|5|5|1|29
shift	2026|5|5|2|29
range	2026|5|5|30
days	2026|5|5|30
shift	2026|5|5|-2|30
shift	2026|5|5|-1|30
shift	2026|5|5|0|30
shift	2026|5|5|1|30
shift	2026|5|5|2|30
range	2026|5|5|31
days	2026|5|5|31
shift	2026|5|5|-2|31
shift	2026|5|5|-1|31
shift	2026|5|5|0|31
shift	2026|5|5|1|31
shift	2026|5|5|2|31
range	2026|5|15|0
days	2026|5|15|0
shift	2026|5|15|-2|0
shift	2026|5|15|-1|0
shift	2026|5|15|0|0
shift	2026|5|15|1|0
shift	2026|5|15|2|0
range	2026|5|15|1
days	2026|5|15|1
shift	2026|5|15|-2|1
shift	2026|5|15|-1|1
shift	2026|5|15|0|1
shift	2026|5|15|1|1
shift	2026|5|15|2|1
range	2026|5|15|5
days	2026|5|15|5
shift	2026|5|15|-2|5
shift	2026|5|15|-1|5
shift	2026|5|15|0|5
shift	2026|5|15|1|5
shift	2026|5|15|2|5
range	2026|5|15|15
days	2026|5|15|15
shift	2026|5|15|-2|15
shift	2026|5|15|-1|15
shift	2026|5|15|0|15
shift	2026|5|15|1|15
shift	2026|5|15|2|15
range	2026|5|15|25
days	2026|5|15|25
shift	2026|5|15|-2|25
shift	2026|5|15|-1|25
shift	2026|5|15|0|25
shift	2026|5|15|1|25
shift	2026|5|15|2|25
range	2026|5|15|28
days	2026|5|15|28
shift	2026|5|15|-2|28
shift	2026|5|15|-1|28
shift	2026|5|15|0|28
shift	2026|5|15|1|28
shift	2026|5|15|2|28
range	2026|5|15|29
days	2026|5|15|29
shift	2026|5|15|-2|29
shift	2026|5|15|-1|29
shift	2026|5|15|0|29
shift	2026|5|15|1|29
shift	2026|5|15|2|29
range	2026|5|15|30
days	2026|5|15|30
shift	2026|5|15|-2|30
shift	2026|5|15|-1|30
shift	2026|5|15|0|30
shift	2026|5|15|1|30
shift	2026|5|15|2|30
range	2026|5|15|31
days	2026|5|15|31
shift	2026|5|15|-2|31
shift	2026|5|15|-1|31
shift	2026|5|15|0|31
shift	2026|5|15|1|31
shift	2026|5|15|2|31
range	2026|5|24|0
days	2026|5|24|0
shift	2026|5|24|-2|0
shift	2026|5|24|-1|0
shift	2026|5|24|0|0
shift	2026|5|24|1|0
shift	2026|5|24|2|0
range	2026|5|24|1
days	2026|5|24|1
shift	2026|5|24|-2|1
shift	2026|5|24|-1|1
shift	2026|5|24|0|1
shift	2026|5|24|1|1
shift	2026|5|24|2|1
range	2026|5|24|5
days	2026|5|24|5
shift	2026|5|24|-2|5
shift	2026|5|24|-1|5
shift	2026|5|24|0|5
shift	2026|5|24|1|5
shift	2026|5|24|2|5
range	2026|5|24|15
days	2026|5|24|15
shift	2026|5|24|-2|15
shift	2026|5|24|-1|15
shift	2026|5|24|0|15
shift	2026|5|24|1|15
shift	2026|5|24|2|15
range	2026|5|24|25
days	2026|5|24|25
shift	2026|5|24|-2|25
shift	2026|5|24|-1|25
shift	2026|5|24|0|25
shift	2026|5|24|1|25
shift	2026|5|24|2|25
range	2026|5|24|28
days	2026|5|24|28
shift	2026|5|24|-2|28
shift	2026|5|24|-1|28
shift	2026|5|24|0|28
shift	2026|5|24|1|28
shift	2026|5|24|2|28
range	2026|5|24|29
days	2026|5|24|29
shift	2026|5|24|-2|29
shift	2026|5|24|-1|29
shift	2026|5|24|0|29
shift	2026|5|24|1|29
shift	2026|5|24|2|29
range	2026|5|24|30
days	2026|5|24|30
shift	2026|5|24|-2|30
shift	2026|5|24|-1|30
shift	2026|5|24|0|30
shift	2026|5|24|1|30
shift	2026|5|24|2|30
range	2026|5|24|31
days	2026|5|24|31
shift	2026|5|24|-2|31
shift	2026|5|24|-1|31
shift	2026|5|24|0|31
shift	2026|5|24|1|31
shift	2026|5|24|2|31
range	2026|5|25|0
days	2026|5|25|0
shift	2026|5|25|-2|0
shift	2026|5|25|-1|0
shift	2026|5|25|0|0
shift	2026|5|25|1|0
shift	2026|5|25|2|0
range	2026|5|25|1
days	2026|5|25|1
shift	2026|5|25|-2|1
shift	2026|5|25|-1|1
shift	2026|5|25|0|1
shift	2026|5|25|1|1
shift	2026|5|25|2|1
range	2026|5|25|5
days	2026|5|25|5
shift	2026|5|25|-2|5
shift	2026|5|25|-1|5
shift	2026|5|25|0|5
shift	2026|5|25|1|5
shift	2026|5|25|2|5
range	2026|5|25|15
days	2026|5|25|15
shift	2026|5|25|-2|15
shift	2026|5|25|-1|15
shift	2026|5|25|0|15
shift	2026|5|25|1|15
shift	2026|5|25|2|15
range	2026|5|25|25
days	2026|5|25|25
shift	2026|5|25|-2|25
shift	2026|5|25|-1|25
shift	2026|5|25|0|25
shift	2026|5|25|1|25
shift	2026|5|25|2|25
range	2026|5|25|28
days	2026|5|25|28
shift	2026|5|25|-2|28
shift	2026|5|25|-1|28
shift	2026|5|25|0|28
shift	2026|5|25|1|28
shift	2026|5|25|2|28
range	2026|5|25|29
days	2026|5|25|29
shift	2026|5|25|-2|29
shift	2026|5|25|-1|29
shift	2026|5|25|0|29
shift	2026|5|25|1|29
shift	2026|5|25|2|29
range	2026|5|25|30
days	2026|5|25|30
shift	2026|5|25|-2|30
shift	2026|5|25|-1|30
shift	2026|5|25|0|30
shift	2026|5|25|1|30
shift	2026|5|25|2|30
range	2026|5|25|31
days	2026|5|25|31
shift	2026|5|25|-2|31
shift	2026|5|25|-1|31
shift	2026|5|25|0|31
shift	2026|5|25|1|31
shift	2026|5|25|2|31
range	2026|5|26|0
days	2026|5|26|0
shift	2026|5|26|-2|0
shift	2026|5|26|-1|0
shift	2026|5|26|0|0
shift	2026|5|26|1|0
shift	2026|5|26|2|0
range	2026|5|26|1
days	2026|5|26|1
shift	2026|5|26|-2|1
shift	2026|5|26|-1|1
shift	2026|5|26|0|1
shift	2026|5|26|1|1
shift	2026|5|26|2|1
range	2026|5|26|5
days	2026|5|26|5
shift	2026|5|26|-2|5
shift	2026|5|26|-1|5
shift	2026|5|26|0|5
shift	2026|5|26|1|5
shift	2026|5|26|2|5
range	2026|5|26|15
days	2026|5|26|15
shift	2026|5|26|-2|15
shift	2026|5|26|-1|15
shift	2026|5|26|0|15
shift	2026|5|26|1|15
shift	2026|5|26|2|15
range	2026|5|26|25
days	2026|5|26|25
shift	2026|5|26|-2|25
shift	2026|5|26|-1|25
shift	2026|5|26|0|25
shift	2026|5|26|1|25
shift	2026|5|26|2|25
range	2026|5|26|28
days	2026|5|26|28
shift	2026|5|26|-2|28
shift	2026|5|26|-1|28
shift	2026|5|26|0|28
shift	2026|5|26|1|28
shift	2026|5|26|2|28
range	2026|5|26|29
days	2026|5|26|29
shift	2026|5|26|-2|29
shift	2026|5|26|-1|29
shift	2026|5|26|0|29
shift	2026|5|26|1|29
shift	2026|5|26|2|29
range	2026|5|26|30
days	2026|5|26|30
shift	2026|5|26|-2|30
shift	2026|5|26|-1|30
shift	2026|5|26|0|30
shift	2026|5|26|1|30
shift	2026|5|26|2|30
range	2026|5|26|31
days	2026|5|26|31
shift	2026|5|26|-2|31
shift	2026|5|26|-1|31
shift	2026|5|26|0|31
shift	2026|5|26|1|31
shift	2026|5|26|2|31
range	2026|5|28|0
days	2026|5|28|0
shift	2026|5|28|-2|0
shift	2026|5|28|-1|0
shift	2026|5|28|0|0
shift	2026|5|28|1|0
shift	2026|5|28|2|0
range	2026|5|28|1
days	2026|5|28|1
shift	2026|5|28|-2|1
shift	2026|5|28|-1|1
shift	2026|5|28|0|1
shift	2026|5|28|1|1
shift	2026|5|28|2|1
range	2026|5|28|5
days	2026|5|28|5
shift	2026|5|28|-2|5
shift	2026|5|28|-1|5
shift	2026|5|28|0|5
shift	2026|5|28|1|5
shift	2026|5|28|2|5
range	2026|5|28|15
days	2026|5|28|15
shift	2026|5|28|-2|15
shift	2026|5|28|-1|15
shift	2026|5|28|0|15
shift	2026|5|28|1|15
shift	2026|5|28|2|15
range	2026|5|28|25
days	2026|5|28|25
shift	2026|5|28|-2|25
shift	2026|5|28|-1|25
shift	2026|5|28|0|25
shift	2026|5|28|1|25
shift	2026|5|28|2|25
range	2026|5|28|28
days	2026|5|28|28
shift	2026|5|28|-2|28
shift	2026|5|28|-1|28
shift	2026|5|28|0|28
shift	2026|5|28|1|28
shift	2026|5|28|2|28
range	2026|5|28|29
days	2026|5|28|29
shift	2026|5|28|-2|29
shift	2026|5|28|-1|29
shift	2026|5|28|0|29
shift	2026|5|28|1|29
shift	2026|5|28|2|29
range	2026|5|28|30
days	2026|5|28|30
shift	2026|5|28|-2|30
shift	2026|5|28|-1|30
shift	2026|5|28|0|30
shift	2026|5|28|1|30
shift	2026|5|28|2|30
range	2026|5|28|31
days	2026|5|28|31
shift	2026|5|28|-2|31
shift	2026|5|28|-1|31
shift	2026|5|28|0|31
shift	2026|5|28|1|31
shift	2026|5|28|2|31
range	2026|5|31|0
days	2026|5|31|0
shift	2026|5|31|-2|0
shift	2026|5|31|-1|0
shift	2026|5|31|0|0
shift	2026|5|31|1|0
shift	2026|5|31|2|0
range	2026|5|31|1
days	2026|5|31|1
shift	2026|5|31|-2|1
shift	2026|5|31|-1|1
shift	2026|5|31|0|1
shift	2026|5|31|1|1
shift	2026|5|31|2|1
range	2026|5|31|5
days	2026|5|31|5
shift	2026|5|31|-2|5
shift	2026|5|31|-1|5
shift	2026|5|31|0|5
shift	2026|5|31|1|5
shift	2026|5|31|2|5
range	2026|5|31|15
days	2026|5|31|15
shift	2026|5|31|-2|15
shift	2026|5|31|-1|15
shift	2026|5|31|0|15
shift	2026|5|31|1|15
shift	2026|5|31|2|15
range	2026|5|31|25
days	2026|5|31|25
shift	2026|5|31|-2|25
shift	2026|5|31|-1|25
shift	2026|5|31|0|25
shift	2026|5|31|1|25
shift	2026|5|31|2|25
range	2026|5|31|28
days	2026|5|31|28
shift	2026|5|31|-2|28
shift	2026|5|31|-1|28
shift	2026|5|31|0|28
shift	2026|5|31|1|28
shift	2026|5|31|2|28
range	2026|5|31|29
days	2026|5|31|29
shift	2026|5|31|-2|29
shift	2026|5|31|-1|29
shift	2026|5|31|0|29
shift	2026|5|31|1|29
shift	2026|5|31|2|29
range	2026|5|31|30
days	2026|5|31|30
shift	2026|5|31|-2|30
shift	2026|5|31|-1|30
shift	2026|5|31|0|30
shift	2026|5|31|1|30
shift	2026|5|31|2|30
range	2026|5|31|31
days	2026|5|31|31
shift	2026|5|31|-2|31
shift	2026|5|31|-1|31
shift	2026|5|31|0|31
shift	2026|5|31|1|31
shift	2026|5|31|2|31
range	2026|6|1|0
days	2026|6|1|0
shift	2026|6|1|-2|0
shift	2026|6|1|-1|0
shift	2026|6|1|0|0
shift	2026|6|1|1|0
shift	2026|6|1|2|0
range	2026|6|1|1
days	2026|6|1|1
shift	2026|6|1|-2|1
shift	2026|6|1|-1|1
shift	2026|6|1|0|1
shift	2026|6|1|1|1
shift	2026|6|1|2|1
range	2026|6|1|5
days	2026|6|1|5
shift	2026|6|1|-2|5
shift	2026|6|1|-1|5
shift	2026|6|1|0|5
shift	2026|6|1|1|5
shift	2026|6|1|2|5
range	2026|6|1|15
days	2026|6|1|15
shift	2026|6|1|-2|15
shift	2026|6|1|-1|15
shift	2026|6|1|0|15
shift	2026|6|1|1|15
shift	2026|6|1|2|15
range	2026|6|1|25
days	2026|6|1|25
shift	2026|6|1|-2|25
shift	2026|6|1|-1|25
shift	2026|6|1|0|25
shift	2026|6|1|1|25
shift	2026|6|1|2|25
range	2026|6|1|28
days	2026|6|1|28
shift	2026|6|1|-2|28
shift	2026|6|1|-1|28
shift	2026|6|1|0|28
shift	2026|6|1|1|28
shift	2026|6|1|2|28
range	2026|6|1|29
days	2026|6|1|29
shift	2026|6|1|-2|29
shift	2026|6|1|-1|29
shift	2026|6|1|0|29
shift	2026|6|1|1|29
shift	2026|6|1|2|29
range	2026|6|1|30
days	2026|6|1|30
shift	2026|6|1|-2|30
shift	2026|6|1|-1|30
shift	2026|6|1|0|30
shift	2026|6|1|1|30
shift	2026|6|1|2|30
range	2026|6|1|31
days	2026|6|1|31
shift	2026|6|1|-2|31
shift	2026|6|1|-1|31
shift	2026|6|1|0|31
shift	2026|6|1|1|31
shift	2026|6|1|2|31
range	2026|6|5|0
days	2026|6|5|0
shift	2026|6|5|-2|0
shift	2026|6|5|-1|0
shift	2026|6|5|0|0
shift	2026|6|5|1|0
shift	2026|6|5|2|0
range	2026|6|5|1
days	2026|6|5|1
shift	2026|6|5|-2|1
shift	2026|6|5|-1|1
shift	2026|6|5|0|1
shift	2026|6|5|1|1
shift	2026|6|5|2|1
range	2026|6|5|5
days	2026|6|5|5
shift	2026|6|5|-2|5
shift	2026|6|5|-1|5
shift	2026|6|5|0|5
shift	2026|6|5|1|5
shift	2026|6|5|2|5
range	2026|6|5|15
days	2026|6|5|15
shift	2026|6|5|-2|15
shift	2026|6|5|-1|15
shift	2026|6|5|0|15
shift	2026|6|5|1|15
shift	2026|6|5|2|15
range	2026|6|5|25
days	2026|6|5|25
shift	2026|6|5|-2|25
shift	2026|6|5|-1|25
shift	2026|6|5|0|25
shift	2026|6|5|1|25
shift	2026|6|5|2|25
range	2026|6|5|28
days	2026|6|5|28
shift	2026|6|5|-2|28
shift	2026|6|5|-1|28
shift	2026|6|5|0|28
shift	2026|6|5|1|28
shift	2026|6|5|2|28
range	2026|6|5|29
days	2026|6|5|29
shift	2026|6|5|-2|29
shift	2026|6|5|-1|29
shift	2026|6|5|0|29
shift	2026|6|5|1|29
shift	2026|6|5|2|29
range	2026|6|5|30
days	2026|6|5|30
shift	2026|6|5|-2|30
shift	2026|6|5|-1|30
shift	2026|6|5|0|30
shift	2026|6|5|1|30
shift	2026|6|5|2|30
range	2026|6|5|31
days	2026|6|5|31
shift	2026|6|5|-2|31
shift	2026|6|5|-1|31
shift	2026|6|5|0|31
shift	2026|6|5|1|31
shift	2026|6|5|2|31
range	2026|6|15|0
days	2026|6|15|0
shift	2026|6|15|-2|0
shift	2026|6|15|-1|0
shift	2026|6|15|0|0
shift	2026|6|15|1|0
shift	2026|6|15|2|0
range	2026|6|15|1
days	2026|6|15|1
shift	2026|6|15|-2|1
shift	2026|6|15|-1|1
shift	2026|6|15|0|1
shift	2026|6|15|1|1
shift	2026|6|15|2|1
range	2026|6|15|5
days	2026|6|15|5
shift	2026|6|15|-2|5
shift	2026|6|15|-1|5
shift	2026|6|15|0|5
shift	2026|6|15|1|5
shift	2026|6|15|2|5
range	2026|6|15|15
days	2026|6|15|15
shift	2026|6|15|-2|15
shift	2026|6|15|-1|15
shift	2026|6|15|0|15
shift	2026|6|15|1|15
shift	2026|6|15|2|15
range	2026|6|15|25
days	2026|6|15|25
shift	2026|6|15|-2|25
shift	2026|6|15|-1|25
shift	2026|6|15|0|25
shift	2026|6|15|1|25
shift	2026|6|15|2|25
range	2026|6|15|28
days	2026|6|15|28
shift	2026|6|15|-2|28
shift	2026|6|15|-1|28
shift	2026|6|15|0|28
shift	2026|6|15|1|28
shift	2026|6|15|2|28
range	2026|6|15|29
days	2026|6|15|29
shift	2026|6|15|-2|29
shift	2026|6|15|-1|29
shift	2026|6|15|0|29
shift	2026|6|15|1|29
shift	2026|6|15|2|29
range	2026|6|15|30
days	2026|6|15|30
shift	2026|6|15|-2|30
shift	2026|6|15|-1|30
shift	2026|6|15|0|30
shift	2026|6|15|1|30
shift	2026|6|15|2|30
range	2026|6|15|31
days	2026|6|15|31
shift	2026|6|15|-2|31
shift	2026|6|15|-1|31
shift	2026|6|15|0|31
shift	2026|6|15|1|31
shift	2026|6|15|2|31
range	2026|6|24|0
days	2026|6|24|0
shift	2026|6|24|-2|0
shift	2026|6|24|-1|0
shift	2026|6|24|0|0
shift	2026|6|24|1|0
shift	2026|6|24|2|0
range	2026|6|24|1
days	2026|6|24|1
shift	2026|6|24|-2|1
shift	2026|6|24|-1|1
shift	2026|6|24|0|1
shift	2026|6|24|1|1
shift	2026|6|24|2|1
range	2026|6|24|5
days	2026|6|24|5
shift	2026|6|24|-2|5
shift	2026|6|24|-1|5
shift	2026|6|24|0|5
shift	2026|6|24|1|5
shift	2026|6|24|2|5
range	2026|6|24|15
days	2026|6|24|15
shift	2026|6|24|-2|15
shift	2026|6|24|-1|15
shift	2026|6|24|0|15
shift	2026|6|24|1|15
shift	2026|6|24|2|15
range	2026|6|24|25
days	2026|6|24|25
shift	2026|6|24|-2|25
shift	2026|6|24|-1|25
shift	2026|6|24|0|25
shift	2026|6|24|1|25
shift	2026|6|24|2|25
range	2026|6|24|28
days	2026|6|24|28
shift	2026|6|24|-2|28
shift	2026|6|24|-1|28
shift	2026|6|24|0|28
shift	2026|6|24|1|28
shift	2026|6|24|2|28
range	2026|6|24|29
days	2026|6|24|29
shift	2026|6|24|-2|29
shift	2026|6|24|-1|29
shift	2026|6|24|0|29
shift	2026|6|24|1|29
shift	2026|6|24|2|29
range	2026|6|24|30
days	2026|6|24|30
shift	2026|6|24|-2|30
shift	2026|6|24|-1|30
shift	2026|6|24|0|30
shift	2026|6|24|1|30
shift	2026|6|24|2|30
range	2026|6|24|31
days	2026|6|24|31
shift	2026|6|24|-2|31
shift	2026|6|24|-1|31
shift	2026|6|24|0|31
shift	2026|6|24|1|31
shift	2026|6|24|2|31
range	2026|6|25|0
days	2026|6|25|0
shift	2026|6|25|-2|0
shift	2026|6|25|-1|0
shift	2026|6|25|0|0
shift	2026|6|25|1|0
shift	2026|6|25|2|0
range	2026|6|25|1
days	2026|6|25|1
shift	2026|6|25|-2|1
shift	2026|6|25|-1|1
shift	2026|6|25|0|1
shift	2026|6|25|1|1
shift	2026|6|25|2|1
range	2026|6|25|5
days	2026|6|25|5
shift	2026|6|25|-2|5
shift	2026|6|25|-1|5
shift	2026|6|25|0|5
shift	2026|6|25|1|5
shift	2026|6|25|2|5
range	2026|6|25|15
days	2026|6|25|15
shift	2026|6|25|-2|15
shift	2026|6|25|-1|15
shift	2026|6|25|0|15
shift	2026|6|25|1|15
shift	2026|6|25|2|15
range	2026|6|25|25
days	2026|6|25|25
shift	2026|6|25|-2|25
shift	2026|6|25|-1|25
shift	2026|6|25|0|25
shift	2026|6|25|1|25
shift	2026|6|25|2|25
range	2026|6|25|28
days	2026|6|25|28
shift	2026|6|25|-2|28
shift	2026|6|25|-1|28
shift	2026|6|25|0|28
shift	2026|6|25|1|28
shift	2026|6|25|2|28
range	2026|6|25|29
days	2026|6|25|29
shift	2026|6|25|-2|29
shift	2026|6|25|-1|29
shift	2026|6|25|0|29
shift	2026|6|25|1|29
shift	2026|6|25|2|29
range	2026|6|25|30
days	2026|6|25|30
shift	2026|6|25|-2|30
shift	2026|6|25|-1|30
shift	2026|6|25|0|30
shift	2026|6|25|1|30
shift	2026|6|25|2|30
range	2026|6|25|31
days	2026|6|25|31
shift	2026|6|25|-2|31
shift	2026|6|25|-1|31
shift	2026|6|25|0|31
shift	2026|6|25|1|31
shift	2026|6|25|2|31
range	2026|6|26|0
days	2026|6|26|0
shift	2026|6|26|-2|0
shift	2026|6|26|-1|0
shift	2026|6|26|0|0
shift	2026|6|26|1|0
shift	2026|6|26|2|0
range	2026|6|26|1
days	2026|6|26|1
shift	2026|6|26|-2|1
shift	2026|6|26|-1|1
shift	2026|6|26|0|1
shift	2026|6|26|1|1
shift	2026|6|26|2|1
range	2026|6|26|5
days	2026|6|26|5
shift	2026|6|26|-2|5
shift	2026|6|26|-1|5
shift	2026|6|26|0|5
shift	2026|6|26|1|5
shift	2026|6|26|2|5
range	2026|6|26|15
days	2026|6|26|15
shift	2026|6|26|-2|15
shift	2026|6|26|-1|15
shift	2026|6|26|0|15
shift	2026|6|26|1|15
shift	2026|6|26|2|15
range	2026|6|26|25
days	2026|6|26|25
shift	2026|6|26|-2|25
shift	2026|6|26|-1|25
shift	2026|6|26|0|25
shift	2026|6|26|1|25
shift	2026|6|26|2|25
range	2026|6|26|28
days	2026|6|26|28
shift	2026|6|26|-2|28
shift	2026|6|26|-1|28
shift	2026|6|26|0|28
shift	2026|6|26|1|28
shift	2026|6|26|2|28
range	2026|6|26|29
days	2026|6|26|29
shift	2026|6|26|-2|29
shift	2026|6|26|-1|29
shift	2026|6|26|0|29
shift	2026|6|26|1|29
shift	2026|6|26|2|29
range	2026|6|26|30
days	2026|6|26|30
shift	2026|6|26|-2|30
shift	2026|6|26|-1|30
shift	2026|6|26|0|30
shift	2026|6|26|1|30
shift	2026|6|26|2|30
range	2026|6|26|31
days	2026|6|26|31
shift	2026|6|26|-2|31
shift	2026|6|26|-1|31
shift	2026|6|26|0|31
shift	2026|6|26|1|31
shift	2026|6|26|2|31
range	2026|6|28|0
days	2026|6|28|0
shift	2026|6|28|-2|0
shift	2026|6|28|-1|0
shift	2026|6|28|0|0
shift	2026|6|28|1|0
shift	2026|6|28|2|0
range	2026|6|28|1
days	2026|6|28|1
shift	2026|6|28|-2|1
shift	2026|6|28|-1|1
shift	2026|6|28|0|1
shift	2026|6|28|1|1
shift	2026|6|28|2|1
range	2026|6|28|5
days	2026|6|28|5
shift	2026|6|28|-2|5
shift	2026|6|28|-1|5
shift	2026|6|28|0|5
shift	2026|6|28|1|5
shift	2026|6|28|2|5
range	2026|6|28|15
days	2026|6|28|15
shift	2026|6|28|-2|15
shift	2026|6|28|-1|15
shift	2026|6|28|0|15
shift	2026|6|28|1|15
shift	2026|6|28|2|15
range	2026|6|28|25
days	2026|6|28|25
shift	2026|6|28|-2|25
shift	2026|6|28|-1|25
shift	2026|6|28|0|25
shift	2026|6|28|1|25
shift	2026|6|28|2|25
range	2026|6|28|28
days	2026|6|28|28
shift	2026|6|28|-2|28
shift	2026|6|28|-1|28
shift	2026|6|28|0|28
shift	2026|6|28|1|28
shift	2026|6|28|2|28
range	2026|6|28|29
days	2026|6|28|29
shift	2026|6|28|-2|29
shift	2026|6|28|-1|29
shift	2026|6|28|0|29
shift	2026|6|28|1|29
shift	2026|6|28|2|29
range	2026|6|28|30
days	2026|6|28|30
shift	2026|6|28|-2|30
shift	2026|6|28|-1|30
shift	2026|6|28|0|30
shift	2026|6|28|1|30
shift	2026|6|28|2|30
range	2026|6|28|31
days	2026|6|28|31
shift	2026|6|28|-2|31
shift	2026|6|28|-1|31
shift	2026|6|28|0|31
shift	2026|6|28|1|31
shift	2026|6|28|2|31
range	2026|6|31|0
days	2026|6|31|0
shift	2026|6|31|-2|0
shift	2026|6|31|-1|0
shift	2026|6|31|0|0
shift	2026|6|31|1|0
shift	2026|6|31|2|0
range	2026|6|31|1
days	2026|6|31|1
shift	2026|6|31|-2|1
shift	2026|6|31|-1|1
shift	2026|6|31|0|1
shift	2026|6|31|1|1
shift	2026|6|31|2|1
range	2026|6|31|5
days	2026|6|31|5
shift	2026|6|31|-2|5
shift	2026|6|31|-1|5
shift	2026|6|31|0|5
shift	2026|6|31|1|5
shift	2026|6|31|2|5
range	2026|6|31|15
days	2026|6|31|15
shift	2026|6|31|-2|15
shift	2026|6|31|-1|15
shift	2026|6|31|0|15
shift	2026|6|31|1|15
shift	2026|6|31|2|15
range	2026|6|31|25
days	2026|6|31|25
shift	2026|6|31|-2|25
shift	2026|6|31|-1|25
shift	2026|6|31|0|25
shift	2026|6|31|1|25
shift	2026|6|31|2|25
range	2026|6|31|28
days	2026|6|31|28
shift	2026|6|31|-2|28
shift	2026|6|31|-1|28
shift	2026|6|31|0|28
shift	2026|6|31|1|28
shift	2026|6|31|2|28
range	2026|6|31|29
days	2026|6|31|29
shift	2026|6|31|-2|29
shift	2026|6|31|-1|29
shift	2026|6|31|0|29
shift	2026|6|31|1|29
shift	2026|6|31|2|29
range	2026|6|31|30
days	2026|6|31|30
shift	2026|6|31|-2|30
shift	2026|6|31|-1|30
shift	2026|6|31|0|30
shift	2026|6|31|1|30
shift	2026|6|31|2|30
range	2026|6|31|31
days	2026|6|31|31
shift	2026|6|31|-2|31
shift	2026|6|31|-1|31
shift	2026|6|31|0|31
shift	2026|6|31|1|31
shift	2026|6|31|2|31
range	2026|7|1|0
days	2026|7|1|0
shift	2026|7|1|-2|0
shift	2026|7|1|-1|0
shift	2026|7|1|0|0
shift	2026|7|1|1|0
shift	2026|7|1|2|0
range	2026|7|1|1
days	2026|7|1|1
shift	2026|7|1|-2|1
shift	2026|7|1|-1|1
shift	2026|7|1|0|1
shift	2026|7|1|1|1
shift	2026|7|1|2|1
range	2026|7|1|5
days	2026|7|1|5
shift	2026|7|1|-2|5
shift	2026|7|1|-1|5
shift	2026|7|1|0|5
shift	2026|7|1|1|5
shift	2026|7|1|2|5
range	2026|7|1|15
days	2026|7|1|15
shift	2026|7|1|-2|15
shift	2026|7|1|-1|15
shift	2026|7|1|0|15
shift	2026|7|1|1|15
shift	2026|7|1|2|15
range	2026|7|1|25
days	2026|7|1|25
shift	2026|7|1|-2|25
shift	2026|7|1|-1|25
shift	2026|7|1|0|25
shift	2026|7|1|1|25
shift	2026|7|1|2|25
range	2026|7|1|28
days	2026|7|1|28
shift	2026|7|1|-2|28
shift	2026|7|1|-1|28
shift	2026|7|1|0|28
shift	2026|7|1|1|28
shift	2026|7|1|2|28
range	2026|7|1|29
days	2026|7|1|29
shift	2026|7|1|-2|29
shift	2026|7|1|-1|29
shift	2026|7|1|0|29
shift	2026|7|1|1|29
shift	2026|7|1|2|29
range	2026|7|1|30
days	2026|7|1|30
shift	2026|7|1|-2|30
shift	2026|7|1|-1|30
shift	2026|7|1|0|30
shift	2026|7|1|1|30
shift	2026|7|1|2|30
range	2026|7|1|31
days	2026|7|1|31
shift	2026|7|1|-2|31
shift	2026|7|1|-1|31
shift	2026|7|1|0|31
shift	2026|7|1|1|31
shift	2026|7|1|2|31
range	2026|7|5|0
days	2026|7|5|0
shift	2026|7|5|-2|0
shift	2026|7|5|-1|0
shift	2026|7|5|0|0
shift	2026|7|5|1|0
shift	2026|7|5|2|0
range	2026|7|5|1
days	2026|7|5|1
shift	2026|7|5|-2|1
shift	2026|7|5|-1|1
shift	2026|7|5|0|1
shift	2026|7|5|1|1
shift	2026|7|5|2|1
range	2026|7|5|5
days	2026|7|5|5
shift	2026|7|5|-2|5
shift	2026|7|5|-1|5
shift	2026|7|5|0|5
shift	2026|7|5|1|5
shift	2026|7|5|2|5
range	2026|7|5|15
days	2026|7|5|15
shift	2026|7|5|-2|15
shift	2026|7|5|-1|15
shift	2026|7|5|0|15
shift	2026|7|5|1|15
shift	2026|7|5|2|15
range	2026|7|5|25
days	2026|7|5|25
shift	2026|7|5|-2|25
shift	2026|7|5|-1|25
shift	2026|7|5|0|25
shift	2026|7|5|1|25
shift	2026|7|5|2|25
range	2026|7|5|28
days	2026|7|5|28
shift	2026|7|5|-2|28
shift	2026|7|5|-1|28
shift	2026|7|5|0|28
shift	2026|7|5|1|28
shift	2026|7|5|2|28
range	2026|7|5|29
days	2026|7|5|29
shift	2026|7|5|-2|29
shift	2026|7|5|-1|29
shift	2026|7|5|0|29
shift	2026|7|5|1|29
shift	2026|7|5|2|29
range	2026|7|5|30
days	2026|7|5|30
shift	2026|7|5|-2|30
shift	2026|7|5|-1|30
shift	2026|7|5|0|30
shift	2026|7|5|1|30
shift	2026|7|5|2|30
range	2026|7|5|31
days	2026|7|5|31
shift	2026|7|5|-2|31
shift	2026|7|5|-1|31
shift	2026|7|5|0|31
shift	2026|7|5|1|31
shift	2026|7|5|2|31
range	2026|7|15|0
days	2026|7|15|0
shift	2026|7|15|-2|0
shift	2026|7|15|-1|0
shift	2026|7|15|0|0
shift	2026|7|15|1|0
shift	2026|7|15|2|0
range	2026|7|15|1
days	2026|7|15|1
shift	2026|7|15|-2|1
shift	2026|7|15|-1|1
shift	2026|7|15|0|1
shift	2026|7|15|1|1
shift	2026|7|15|2|1
range	2026|7|15|5
days	2026|7|15|5
shift	2026|7|15|-2|5
shift	2026|7|15|-1|5
shift	2026|7|15|0|5
shift	2026|7|15|1|5
shift	2026|7|15|2|5
range	2026|7|15|15
days	2026|7|15|15
shift	2026|7|15|-2|15
shift	2026|7|15|-1|15
shift	2026|7|15|0|15
shift	2026|7|15|1|15
shift	2026|7|15|2|15
range	2026|7|15|25
days	2026|7|15|25
shift	2026|7|15|-2|25
shift	2026|7|15|-1|25
shift	2026|7|15|0|25
shift	2026|7|15|1|25
shift	2026|7|15|2|25
range	2026|7|15|28
days	2026|7|15|28
shift	2026|7|15|-2|28
shift	2026|7|15|-1|28
shift	2026|7|15|0|28
shift	2026|7|15|1|28
shift	2026|7|15|2|28
range	2026|7|15|29
days	2026|7|15|29
shift	2026|7|15|-2|29
shift	2026|7|15|-1|29
shift	2026|7|15|0|29
shift	2026|7|15|1|29
shift	2026|7|15|2|29
range	2026|7|15|30
days	2026|7|15|30
shift	2026|7|15|-2|30
shift	2026|7|15|-1|30
shift	2026|7|15|0|30
shift	2026|7|15|1|30
shift	2026|7|15|2|30
range	2026|7|15|31
days	2026|7|15|31
shift	2026|7|15|-2|31
shift	2026|7|15|-1|31
shift	2026|7|15|0|31
shift	2026|7|15|1|31
shift	2026|7|15|2|31
range	2026|7|24|0
days	2026|7|24|0
shift	2026|7|24|-2|0
shift	2026|7|24|-1|0
shift	2026|7|24|0|0
shift	2026|7|24|1|0
shift	2026|7|24|2|0
range	2026|7|24|1
days	2026|7|24|1
shift	2026|7|24|-2|1
shift	2026|7|24|-1|1
shift	2026|7|24|0|1
shift	2026|7|24|1|1
shift	2026|7|24|2|1
range	2026|7|24|5
days	2026|7|24|5
shift	2026|7|24|-2|5
shift	2026|7|24|-1|5
shift	2026|7|24|0|5
shift	2026|7|24|1|5
shift	2026|7|24|2|5
range	2026|7|24|15
days	2026|7|24|15
shift	2026|7|24|-2|15
shift	2026|7|24|-1|15
shift	2026|7|24|0|15
shift	2026|7|24|1|15
shift	2026|7|24|2|15
range	2026|7|24|25
days	2026|7|24|25
shift	2026|7|24|-2|25
shift	2026|7|24|-1|25
shift	2026|7|24|0|25
shift	2026|7|24|1|25
shift	2026|7|24|2|25
range	2026|7|24|28
days	2026|7|24|28
shift	2026|7|24|-2|28
shift	2026|7|24|-1|28
shift	2026|7|24|0|28
shift	2026|7|24|1|28
shift	2026|7|24|2|28
range	2026|7|24|29
days	2026|7|24|29
shift	2026|7|24|-2|29
shift	2026|7|24|-1|29
shift	2026|7|24|0|29
shift	2026|7|24|1|29
shift	2026|7|24|2|29
range	2026|7|24|30
days	2026|7|24|30
shift	2026|7|24|-2|30
shift	2026|7|24|-1|30
shift	2026|7|24|0|30
shift	2026|7|24|1|30
shift	2026|7|24|2|30
range	2026|7|24|31
days	2026|7|24|31
shift	2026|7|24|-2|31
shift	2026|7|24|-1|31
shift	2026|7|24|0|31
shift	2026|7|24|1|31
shift	2026|7|24|2|31
range	2026|7|25|0
days	2026|7|25|0
shift	2026|7|25|-2|0
shift	2026|7|25|-1|0
shift	2026|7|25|0|0
shift	2026|7|25|1|0
shift	2026|7|25|2|0
range	2026|7|25|1
days	2026|7|25|1
shift	2026|7|25|-2|1
shift	2026|7|25|-1|1
shift	2026|7|25|0|1
shift	2026|7|25|1|1
shift	2026|7|25|2|1
range	2026|7|25|5
days	2026|7|25|5
shift	2026|7|25|-2|5
shift	2026|7|25|-1|5
shift	2026|7|25|0|5
shift	2026|7|25|1|5
shift	2026|7|25|2|5
range	2026|7|25|15
days	2026|7|25|15
shift	2026|7|25|-2|15
shift	2026|7|25|-1|15
shift	2026|7|25|0|15
shift	2026|7|25|1|15
shift	2026|7|25|2|15
range	2026|7|25|25
days	2026|7|25|25
shift	2026|7|25|-2|25
shift	2026|7|25|-1|25
shift	2026|7|25|0|25
shift	2026|7|25|1|25
shift	2026|7|25|2|25
range	2026|7|25|28
days	2026|7|25|28
shift	2026|7|25|-2|28
shift	2026|7|25|-1|28
shift	2026|7|25|0|28
shift	2026|7|25|1|28
shift	2026|7|25|2|28
range	2026|7|25|29
days	2026|7|25|29
shift	2026|7|25|-2|29
shift	2026|7|25|-1|29
shift	2026|7|25|0|29
shift	2026|7|25|1|29
shift	2026|7|25|2|29
range	2026|7|25|30
days	2026|7|25|30
shift	2026|7|25|-2|30
shift	2026|7|25|-1|30
shift	2026|7|25|0|30
shift	2026|7|25|1|30
shift	2026|7|25|2|30
range	2026|7|25|31
days	2026|7|25|31
shift	2026|7|25|-2|31
shift	2026|7|25|-1|31
shift	2026|7|25|0|31
shift	2026|7|25|1|31
shift	2026|7|25|2|31
range	2026|7|26|0
days	2026|7|26|0
shift	2026|7|26|-2|0
shift	2026|7|26|-1|0
shift	2026|7|26|0|0
shift	2026|7|26|1|0
shift	2026|7|26|2|0
range	2026|7|26|1
days	2026|7|26|1
shift	2026|7|26|-2|1
shift	2026|7|26|-1|1
shift	2026|7|26|0|1
shift	2026|7|26|1|1
shift	2026|7|26|2|1
range	2026|7|26|5
days	2026|7|26|5
shift	2026|7|26|-2|5
shift	2026|7|26|-1|5
shift	2026|7|26|0|5
shift	2026|7|26|1|5
shift	2026|7|26|2|5
range	2026|7|26|15
days	2026|7|26|15
shift	2026|7|26|-2|15
shift	2026|7|26|-1|15
shift	2026|7|26|0|15
shift	2026|7|26|1|15
shift	2026|7|26|2|15
range	2026|7|26|25
days	2026|7|26|25
shift	2026|7|26|-2|25
shift	2026|7|26|-1|25
shift	2026|7|26|0|25
shift	2026|7|26|1|25
shift	2026|7|26|2|25
range	2026|7|26|28
days	2026|7|26|28
shift	2026|7|26|-2|28
shift	2026|7|26|-1|28
shift	2026|7|26|0|28
shift	2026|7|26|1|28
shift	2026|7|26|2|28
range	2026|7|26|29
days	2026|7|26|29
shift	2026|7|26|-2|29
shift	2026|7|26|-1|29
shift	2026|7|26|0|29
shift	2026|7|26|1|29
shift	2026|7|26|2|29
range	2026|7|26|30
days	2026|7|26|30
shift	2026|7|26|-2|30
shift	2026|7|26|-1|30
shift	2026|7|26|0|30
shift	2026|7|26|1|30
shift	2026|7|26|2|30
range	2026|7|26|31
days	2026|7|26|31
shift	2026|7|26|-2|31
shift	2026|7|26|-1|31
shift	2026|7|26|0|31
shift	2026|7|26|1|31
shift	2026|7|26|2|31
range	2026|7|28|0
days	2026|7|28|0
shift	2026|7|28|-2|0
shift	2026|7|28|-1|0
shift	2026|7|28|0|0
shift	2026|7|28|1|0
shift	2026|7|28|2|0
range	2026|7|28|1
days	2026|7|28|1
shift	2026|7|28|-2|1
shift	2026|7|28|-1|1
shift	2026|7|28|0|1
shift	2026|7|28|1|1
shift	2026|7|28|2|1
range	2026|7|28|5
days	2026|7|28|5
shift	2026|7|28|-2|5
shift	2026|7|28|-1|5
shift	2026|7|28|0|5
shift	2026|7|28|1|5
shift	2026|7|28|2|5
range	2026|7|28|15
days	2026|7|28|15
shift	2026|7|28|-2|15
shift	2026|7|28|-1|15
shift	2026|7|28|0|15
shift	2026|7|28|1|15
shift	2026|7|28|2|15
range	2026|7|28|25
days	2026|7|28|25
shift	2026|7|28|-2|25
shift	2026|7|28|-1|25
shift	2026|7|28|0|25
shift	2026|7|28|1|25
shift	2026|7|28|2|25
range	2026|7|28|28
days	2026|7|28|28
shift	2026|7|28|-2|28
shift	2026|7|28|-1|28
shift	2026|7|28|0|28
shift	2026|7|28|1|28
shift	2026|7|28|2|28
range	2026|7|28|29
days	2026|7|28|29
shift	2026|7|28|-2|29
shift	2026|7|28|-1|29
shift	2026|7|28|0|29
shift	2026|7|28|1|29
shift	2026|7|28|2|29
range	2026|7|28|30
days	2026|7|28|30
shift	2026|7|28|-2|30
shift	2026|7|28|-1|30
shift	2026|7|28|0|30
shift	2026|7|28|1|30
shift	2026|7|28|2|30
range	2026|7|28|31
days	2026|7|28|31
shift	2026|7|28|-2|31
shift	2026|7|28|-1|31
shift	2026|7|28|0|31
shift	2026|7|28|1|31
shift	2026|7|28|2|31
range	2026|7|31|0
days	2026|7|31|0
shift	2026|7|31|-2|0
shift	2026|7|31|-1|0
shift	2026|7|31|0|0
shift	2026|7|31|1|0
shift	2026|7|31|2|0
range	2026|7|31|1
days	2026|7|31|1
shift	2026|7|31|-2|1
shift	2026|7|31|-1|1
shift	2026|7|31|0|1
shift	2026|7|31|1|1
shift	2026|7|31|2|1
range	2026|7|31|5
days	2026|7|31|5
shift	2026|7|31|-2|5
shift	2026|7|31|-1|5
shift	2026|7|31|0|5
shift	2026|7|31|1|5
shift	2026|7|31|2|5
range	2026|7|31|15
days	2026|7|31|15
shift	2026|7|31|-2|15
shift	2026|7|31|-1|15
shift	2026|7|31|0|15
shift	2026|7|31|1|15
shift	2026|7|31|2|15
range	2026|7|31|25
days	2026|7|31|25
shift	2026|7|31|-2|25
shift	2026|7|31|-1|25
shift	2026|7|31|0|25
shift	2026|7|31|1|25
shift	2026|7|31|2|25
range	2026|7|31|28
days	2026|7|31|28
shift	2026|7|31|-2|28
shift	2026|7|31|-1|28
shift	2026|7|31|0|28
shift	2026|7|31|1|28
shift	2026|7|31|2|28
range	2026|7|31|29
days	2026|7|31|29
shift	2026|7|31|-2|29
shift	2026|7|31|-1|29
shift	2026|7|31|0|29
shift	2026|7|31|1|29
shift	2026|7|31|2|29
range	2026|7|31|30
days	2026|7|31|30
shift	2026|7|31|-2|30
shift	2026|7|31|-1|30
shift	2026|7|31|0|30
shift	2026|7|31|1|30
shift	2026|7|31|2|30
range	2026|7|31|31
days	2026|7|31|31
shift	2026|7|31|-2|31
shift	2026|7|31|-1|31
shift	2026|7|31|0|31
shift	2026|7|31|1|31
shift	2026|7|31|2|31
range	2026|8|1|0
days	2026|8|1|0
shift	2026|8|1|-2|0
shift	2026|8|1|-1|0
shift	2026|8|1|0|0
shift	2026|8|1|1|0
shift	2026|8|1|2|0
range	2026|8|1|1
days	2026|8|1|1
shift	2026|8|1|-2|1
shift	2026|8|1|-1|1
shift	2026|8|1|0|1
shift	2026|8|1|1|1
shift	2026|8|1|2|1
range	2026|8|1|5
days	2026|8|1|5
shift	2026|8|1|-2|5
shift	2026|8|1|-1|5
shift	2026|8|1|0|5
shift	2026|8|1|1|5
shift	2026|8|1|2|5
range	2026|8|1|15
days	2026|8|1|15
shift	2026|8|1|-2|15
shift	2026|8|1|-1|15
shift	2026|8|1|0|15
shift	2026|8|1|1|15
shift	2026|8|1|2|15
range	2026|8|1|25
days	2026|8|1|25
shift	2026|8|1|-2|25
shift	2026|8|1|-1|25
shift	2026|8|1|0|25
shift	2026|8|1|1|25
shift	2026|8|1|2|25
range	2026|8|1|28
days	2026|8|1|28
shift	2026|8|1|-2|28
shift	2026|8|1|-1|28
shift	2026|8|1|0|28
shift	2026|8|1|1|28
shift	2026|8|1|2|28
range	2026|8|1|29
days	2026|8|1|29
shift	2026|8|1|-2|29
shift	2026|8|1|-1|29
shift	2026|8|1|0|29
shift	2026|8|1|1|29
shift	2026|8|1|2|29
range	2026|8|1|30
days	2026|8|1|30
shift	2026|8|1|-2|30
shift	2026|8|1|-1|30
shift	2026|8|1|0|30
shift	2026|8|1|1|30
shift	2026|8|1|2|30
range	2026|8|1|31
days	2026|8|1|31
shift	2026|8|1|-2|31
shift	2026|8|1|-1|31
shift	2026|8|1|0|31
shift	2026|8|1|1|31
shift	2026|8|1|2|31
range	2026|8|5|0
days	2026|8|5|0
shift	2026|8|5|-2|0
shift	2026|8|5|-1|0
shift	2026|8|5|0|0
shift	2026|8|5|1|0
shift	2026|8|5|2|0
range	2026|8|5|1
days	2026|8|5|1
shift	2026|8|5|-2|1
shift	2026|8|5|-1|1
shift	2026|8|5|0|1
shift	2026|8|5|1|1
shift	2026|8|5|2|1
range	2026|8|5|5
days	2026|8|5|5
shift	2026|8|5|-2|5
shift	2026|8|5|-1|5
shift	2026|8|5|0|5
shift	2026|8|5|1|5
shift	2026|8|5|2|5
range	2026|8|5|15
days	2026|8|5|15
shift	2026|8|5|-2|15
shift	2026|8|5|-1|15
shift	2026|8|5|0|15
shift	2026|8|5|1|15
shift	2026|8|5|2|15
range	2026|8|5|25
days	2026|8|5|25
shift	2026|8|5|-2|25
shift	2026|8|5|-1|25
shift	2026|8|5|0|25
shift	2026|8|5|1|25
shift	2026|8|5|2|25
range	2026|8|5|28
days	2026|8|5|28
shift	2026|8|5|-2|28
shift	2026|8|5|-1|28
shift	2026|8|5|0|28
shift	2026|8|5|1|28
shift	2026|8|5|2|28
range	2026|8|5|29
days	2026|8|5|29
shift	2026|8|5|-2|29
shift	2026|8|5|-1|29
shift	2026|8|5|0|29
shift	2026|8|5|1|29
shift	2026|8|5|2|29
range	2026|8|5|30
days	2026|8|5|30
shift	2026|8|5|-2|30
shift	2026|8|5|-1|30
shift	2026|8|5|0|30
shift	2026|8|5|1|30
shift	2026|8|5|2|30
range	2026|8|5|31
days	2026|8|5|31
shift	2026|8|5|-2|31
shift	2026|8|5|-1|31
shift	2026|8|5|0|31
shift	2026|8|5|1|31
shift	2026|8|5|2|31
range	2026|8|15|0
days	2026|8|15|0
shift	2026|8|15|-2|0
shift	2026|8|15|-1|0
shift	2026|8|15|0|0
shift	2026|8|15|1|0
shift	2026|8|15|2|0
range	2026|8|15|1
days	2026|8|15|1
shift	2026|8|15|-2|1
shift	2026|8|15|-1|1
shift	2026|8|15|0|1
shift	2026|8|15|1|1
shift	2026|8|15|2|1
range	2026|8|15|5
days	2026|8|15|5
shift	2026|8|15|-2|5
shift	2026|8|15|-1|5
shift	2026|8|15|0|5
shift	2026|8|15|1|5
shift	2026|8|15|2|5
range	2026|8|15|15
days	2026|8|15|15
shift	2026|8|15|-2|15
shift	2026|8|15|-1|15
shift	2026|8|15|0|15
shift	2026|8|15|1|15
shift	2026|8|15|2|15
range	2026|8|15|25
days	2026|8|15|25
shift	2026|8|15|-2|25
shift	2026|8|15|-1|25
shift	2026|8|15|0|25
shift	2026|8|15|1|25
shift	2026|8|15|2|25
range	2026|8|15|28
days	2026|8|15|28
shift	2026|8|15|-2|28
shift	2026|8|15|-1|28
shift	2026|8|15|0|28
shift	2026|8|15|1|28
shift	2026|8|15|2|28
range	2026|8|15|29
days	2026|8|15|29
shift	2026|8|15|-2|29
shift	2026|8|15|-1|29
shift	2026|8|15|0|29
shift	2026|8|15|1|29
shift	2026|8|15|2|29
range	2026|8|15|30
days	2026|8|15|30
shift	2026|8|15|-2|30
shift	2026|8|15|-1|30
shift	2026|8|15|0|30
shift	2026|8|15|1|30
shift	2026|8|15|2|30
range	2026|8|15|31
days	2026|8|15|31
shift	2026|8|15|-2|31
shift	2026|8|15|-1|31
shift	2026|8|15|0|31
shift	2026|8|15|1|31
shift	2026|8|15|2|31
range	2026|8|24|0
days	2026|8|24|0
shift	2026|8|24|-2|0
shift	2026|8|24|-1|0
shift	2026|8|24|0|0
shift	2026|8|24|1|0
shift	2026|8|24|2|0
range	2026|8|24|1
days	2026|8|24|1
shift	2026|8|24|-2|1
shift	2026|8|24|-1|1
shift	2026|8|24|0|1
shift	2026|8|24|1|1
shift	2026|8|24|2|1
range	2026|8|24|5
days	2026|8|24|5
shift	2026|8|24|-2|5
shift	2026|8|24|-1|5
shift	2026|8|24|0|5
shift	2026|8|24|1|5
shift	2026|8|24|2|5
range	2026|8|24|15
days	2026|8|24|15
shift	2026|8|24|-2|15
shift	2026|8|24|-1|15
shift	2026|8|24|0|15
shift	2026|8|24|1|15
shift	2026|8|24|2|15
range	2026|8|24|25
days	2026|8|24|25
shift	2026|8|24|-2|25
shift	2026|8|24|-1|25
shift	2026|8|24|0|25
shift	2026|8|24|1|25
shift	2026|8|24|2|25
range	2026|8|24|28
days	2026|8|24|28
shift	2026|8|24|-2|28
shift	2026|8|24|-1|28
shift	2026|8|24|0|28
shift	2026|8|24|1|28
shift	2026|8|24|2|28
range	2026|8|24|29
days	2026|8|24|29
shift	2026|8|24|-2|29
shift	2026|8|24|-1|29
shift	2026|8|24|0|29
shift	2026|8|24|1|29
shift	2026|8|24|2|29
range	2026|8|24|30
days	2026|8|24|30
shift	2026|8|24|-2|30
shift	2026|8|24|-1|30
shift	2026|8|24|0|30
shift	2026|8|24|1|30
shift	2026|8|24|2|30
range	2026|8|24|31
days	2026|8|24|31
shift	2026|8|24|-2|31
shift	2026|8|24|-1|31
shift	2026|8|24|0|31
shift	2026|8|24|1|31
shift	2026|8|24|2|31
range	2026|8|25|0
days	2026|8|25|0
shift	2026|8|25|-2|0
shift	2026|8|25|-1|0
shift	2026|8|25|0|0
shift	2026|8|25|1|0
shift	2026|8|25|2|0
range	2026|8|25|1
days	2026|8|25|1
shift	2026|8|25|-2|1
shift	2026|8|25|-1|1
shift	2026|8|25|0|1
shift	2026|8|25|1|1
shift	2026|8|25|2|1
range	2026|8|25|5
days	2026|8|25|5
shift	2026|8|25|-2|5
shift	2026|8|25|-1|5
shift	2026|8|25|0|5
shift	2026|8|25|1|5
shift	2026|8|25|2|5
range	2026|8|25|15
days	2026|8|25|15
shift	2026|8|25|-2|15
shift	2026|8|25|-1|15
shift	2026|8|25|0|15
shift	2026|8|25|1|15
shift	2026|8|25|2|15
range	2026|8|25|25
days	2026|8|25|25
shift	2026|8|25|-2|25
shift	2026|8|25|-1|25
shift	2026|8|25|0|25
shift	2026|8|25|1|25
shift	2026|8|25|2|25
range	2026|8|25|28
days	2026|8|25|28
shift	2026|8|25|-2|28
shift	2026|8|25|-1|28
shift	2026|8|25|0|28
shift	2026|8|25|1|28
shift	2026|8|25|2|28
range	2026|8|25|29
days	2026|8|25|29
shift	2026|8|25|-2|29
shift	2026|8|25|-1|29
shift	2026|8|25|0|29
shift	2026|8|25|1|29
shift	2026|8|25|2|29
range	2026|8|25|30
days	2026|8|25|30
shift	2026|8|25|-2|30
shift	2026|8|25|-1|30
shift	2026|8|25|0|30
shift	2026|8|25|1|30
shift	2026|8|25|2|30
range	2026|8|25|31
days	2026|8|25|31
shift	2026|8|25|-2|31
shift	2026|8|25|-1|31
shift	2026|8|25|0|31
shift	2026|8|25|1|31
shift	2026|8|25|2|31
range	2026|8|26|0
days	2026|8|26|0
shift	2026|8|26|-2|0
shift	2026|8|26|-1|0
shift	2026|8|26|0|0
shift	2026|8|26|1|0
shift	2026|8|26|2|0
range	2026|8|26|1
days	2026|8|26|1
shift	2026|8|26|-2|1
shift	2026|8|26|-1|1
shift	2026|8|26|0|1
shift	2026|8|26|1|1
shift	2026|8|26|2|1
range	2026|8|26|5
days	2026|8|26|5
shift	2026|8|26|-2|5
shift	2026|8|26|-1|5
shift	2026|8|26|0|5
shift	2026|8|26|1|5
shift	2026|8|26|2|5
range	2026|8|26|15
days	2026|8|26|15
shift	2026|8|26|-2|15
shift	2026|8|26|-1|15
shift	2026|8|26|0|15
shift	2026|8|26|1|15
shift	2026|8|26|2|15
range	2026|8|26|25
days	2026|8|26|25
shift	2026|8|26|-2|25
shift	2026|8|26|-1|25
shift	2026|8|26|0|25
shift	2026|8|26|1|25
shift	2026|8|26|2|25
range	2026|8|26|28
days	2026|8|26|28
shift	2026|8|26|-2|28
shift	2026|8|26|-1|28
shift	2026|8|26|0|28
shift	2026|8|26|1|28
shift	2026|8|26|2|28
range	2026|8|26|29
days	2026|8|26|29
shift	2026|8|26|-2|29
shift	2026|8|26|-1|29
shift	2026|8|26|0|29
shift	2026|8|26|1|29
shift	2026|8|26|2|29
range	2026|8|26|30
days	2026|8|26|30
shift	2026|8|26|-2|30
shift	2026|8|26|-1|30
shift	2026|8|26|0|30
shift	2026|8|26|1|30
shift	2026|8|26|2|30
range	2026|8|26|31
days	2026|8|26|31
shift	2026|8|26|-2|31
shift	2026|8|26|-1|31
shift	2026|8|26|0|31
shift	2026|8|26|1|31
shift	2026|8|26|2|31
range	2026|8|28|0
days	2026|8|28|0
shift	2026|8|28|-2|0
shift	2026|8|28|-1|0
shift	2026|8|28|0|0
shift	2026|8|28|1|0
shift	2026|8|28|2|0
range	2026|8|28|1
days	2026|8|28|1
shift	2026|8|28|-2|1
shift	2026|8|28|-1|1
shift	2026|8|28|0|1
shift	2026|8|28|1|1
shift	2026|8|28|2|1
range	2026|8|28|5
days	2026|8|28|5
shift	2026|8|28|-2|5
shift	2026|8|28|-1|5
shift	2026|8|28|0|5
shift	2026|8|28|1|5
shift	2026|8|28|2|5
range	2026|8|28|15
days	2026|8|28|15
shift	2026|8|28|-2|15
shift	2026|8|28|-1|15
shift	2026|8|28|0|15
shift	2026|8|28|1|15
shift	2026|8|28|2|15
range	2026|8|28|25
days	2026|8|28|25
shift	2026|8|28|-2|25
shift	2026|8|28|-1|25
shift	2026|8|28|0|25
shift	2026|8|28|1|25
shift	2026|8|28|2|25
range	2026|8|28|28
days	2026|8|28|28
shift	2026|8|28|-2|28
shift	2026|8|28|-1|28
shift	2026|8|28|0|28
shift	2026|8|28|1|28
shift	2026|8|28|2|28
range	2026|8|28|29
days	2026|8|28|29
shift	2026|8|28|-2|29
shift	2026|8|28|-1|29
shift	2026|8|28|0|29
shift	2026|8|28|1|29
shift	2026|8|28|2|29
range	2026|8|28|30
days	2026|8|28|30
shift	2026|8|28|-2|30
shift	2026|8|28|-1|30
shift	2026|8|28|0|30
shift	2026|8|28|1|30
shift	2026|8|28|2|30
range	2026|8|28|31
days	2026|8|28|31
shift	2026|8|28|-2|31
shift	2026|8|28|-1|31
shift	2026|8|28|0|31
shift	2026|8|28|1|31
shift	2026|8|28|2|31
range	2026|8|31|0
days	2026|8|31|0
shift	2026|8|31|-2|0
shift	2026|8|31|-1|0
shift	2026|8|31|0|0
shift	2026|8|31|1|0
shift	2026|8|31|2|0
range	2026|8|31|1
days	2026|8|31|1
shift	2026|8|31|-2|1
shift	2026|8|31|-1|1
shift	2026|8|31|0|1
shift	2026|8|31|1|1
shift	2026|8|31|2|1
range	2026|8|31|5
days	2026|8|31|5
shift	2026|8|31|-2|5
shift	2026|8|31|-1|5
shift	2026|8|31|0|5
shift	2026|8|31|1|5
shift	2026|8|31|2|5
range	2026|8|31|15
days	2026|8|31|15
shift	2026|8|31|-2|15
shift	2026|8|31|-1|15
shift	2026|8|31|0|15
shift	2026|8|31|1|15
shift	2026|8|31|2|15
range	2026|8|31|25
days	2026|8|31|25
shift	2026|8|31|-2|25
shift	2026|8|31|-1|25
shift	2026|8|31|0|25
shift	2026|8|31|1|25
shift	2026|8|31|2|25
range	2026|8|31|28
days	2026|8|31|28
shift	2026|8|31|-2|28
shift	2026|8|31|-1|28
shift	2026|8|31|0|28
shift	2026|8|31|1|28
shift	2026|8|31|2|28
range	2026|8|31|29
days	2026|8|31|29
shift	2026|8|31|-2|29
shift	2026|8|31|-1|29
shift	2026|8|31|0|29
shift	2026|8|31|1|29
shift	2026|8|31|2|29
range	2026|8|31|30
days	2026|8|31|30
shift	2026|8|31|-2|30
shift	2026|8|31|-1|30
shift	2026|8|31|0|30
shift	2026|8|31|1|30
shift	2026|8|31|2|30
range	2026|8|31|31
days	2026|8|31|31
shift	2026|8|31|-2|31
shift	2026|8|31|-1|31
shift	2026|8|31|0|31
shift	2026|8|31|1|31
shift	2026|8|31|2|31
range	2026|9|1|0
days	2026|9|1|0
shift	2026|9|1|-2|0
shift	2026|9|1|-1|0
shift	2026|9|1|0|0
shift	2026|9|1|1|0
shift	2026|9|1|2|0
range	2026|9|1|1
days	2026|9|1|1
shift	2026|9|1|-2|1
shift	2026|9|1|-1|1
shift	2026|9|1|0|1
shift	2026|9|1|1|1
shift	2026|9|1|2|1
range	2026|9|1|5
days	2026|9|1|5
shift	2026|9|1|-2|5
shift	2026|9|1|-1|5
shift	2026|9|1|0|5
shift	2026|9|1|1|5
shift	2026|9|1|2|5
range	2026|9|1|15
days	2026|9|1|15
shift	2026|9|1|-2|15
shift	2026|9|1|-1|15
shift	2026|9|1|0|15
shift	2026|9|1|1|15
shift	2026|9|1|2|15
range	2026|9|1|25
days	2026|9|1|25
shift	2026|9|1|-2|25
shift	2026|9|1|-1|25
shift	2026|9|1|0|25
shift	2026|9|1|1|25
shift	2026|9|1|2|25
range	2026|9|1|28
days	2026|9|1|28
shift	2026|9|1|-2|28
shift	2026|9|1|-1|28
shift	2026|9|1|0|28
shift	2026|9|1|1|28
shift	2026|9|1|2|28
range	2026|9|1|29
days	2026|9|1|29
shift	2026|9|1|-2|29
shift	2026|9|1|-1|29
shift	2026|9|1|0|29
shift	2026|9|1|1|29
shift	2026|9|1|2|29
range	2026|9|1|30
days	2026|9|1|30
shift	2026|9|1|-2|30
shift	2026|9|1|-1|30
shift	2026|9|1|0|30
shift	2026|9|1|1|30
shift	2026|9|1|2|30
range	2026|9|1|31
days	2026|9|1|31
shift	2026|9|1|-2|31
shift	2026|9|1|-1|31
shift	2026|9|1|0|31
shift	2026|9|1|1|31
shift	2026|9|1|2|31
range	2026|9|5|0
days	2026|9|5|0
shift	2026|9|5|-2|0
shift	2026|9|5|-1|0
shift	2026|9|5|0|0
shift	2026|9|5|1|0
shift	2026|9|5|2|0
range	2026|9|5|1
days	2026|9|5|1
shift	2026|9|5|-2|1
shift	2026|9|5|-1|1
shift	2026|9|5|0|1
shift	2026|9|5|1|1
shift	2026|9|5|2|1
range	2026|9|5|5
days	2026|9|5|5
shift	2026|9|5|-2|5
shift	2026|9|5|-1|5
shift	2026|9|5|0|5
shift	2026|9|5|1|5
shift	2026|9|5|2|5
range	2026|9|5|15
days	2026|9|5|15
shift	2026|9|5|-2|15
shift	2026|9|5|-1|15
shift	2026|9|5|0|15
shift	2026|9|5|1|15
shift	2026|9|5|2|15
range	2026|9|5|25
days	2026|9|5|25
shift	2026|9|5|-2|25
shift	2026|9|5|-1|25
shift	2026|9|5|0|25
shift	2026|9|5|1|25
shift	2026|9|5|2|25
range	2026|9|5|28
days	2026|9|5|28
shift	2026|9|5|-2|28
shift	2026|9|5|-1|28
shift	2026|9|5|0|28
shift	2026|9|5|1|28
shift	2026|9|5|2|28
range	2026|9|5|29
days	2026|9|5|29
shift	2026|9|5|-2|29
shift	2026|9|5|-1|29
shift	2026|9|5|0|29
shift	2026|9|5|1|29
shift	2026|9|5|2|29
range	2026|9|5|30
days	2026|9|5|30
shift	2026|9|5|-2|30
shift	2026|9|5|-1|30
shift	2026|9|5|0|30
shift	2026|9|5|1|30
shift	2026|9|5|2|30
range	2026|9|5|31
days	2026|9|5|31
shift	2026|9|5|-2|31
shift	2026|9|5|-1|31
shift	2026|9|5|0|31
shift	2026|9|5|1|31
shift	2026|9|5|2|31
range	2026|9|15|0
days	2026|9|15|0
shift	2026|9|15|-2|0
shift	2026|9|15|-1|0
shift	2026|9|15|0|0
shift	2026|9|15|1|0
shift	2026|9|15|2|0
range	2026|9|15|1
days	2026|9|15|1
shift	2026|9|15|-2|1
shift	2026|9|15|-1|1
shift	2026|9|15|0|1
shift	2026|9|15|1|1
shift	2026|9|15|2|1
range	2026|9|15|5
days	2026|9|15|5
shift	2026|9|15|-2|5
shift	2026|9|15|-1|5
shift	2026|9|15|0|5
shift	2026|9|15|1|5
shift	2026|9|15|2|5
range	2026|9|15|15
days	2026|9|15|15
shift	2026|9|15|-2|15
shift	2026|9|15|-1|15
shift	2026|9|15|0|15
shift	2026|9|15|1|15
shift	2026|9|15|2|15
range	2026|9|15|25
days	2026|9|15|25
shift	2026|9|15|-2|25
shift	2026|9|15|-1|25
shift	2026|9|15|0|25
shift	2026|9|15|1|25
shift	2026|9|15|2|25
range	2026|9|15|28
days	2026|9|15|28
shift	2026|9|15|-2|28
shift	2026|9|15|-1|28
shift	2026|9|15|0|28
shift	2026|9|15|1|28
shift	2026|9|15|2|28
range	2026|9|15|29
days	2026|9|15|29
shift	2026|9|15|-2|29
shift	2026|9|15|-1|29
shift	2026|9|15|0|29
shift	2026|9|15|1|29
shift	2026|9|15|2|29
range	2026|9|15|30
days	2026|9|15|30
shift	2026|9|15|-2|30
shift	2026|9|15|-1|30
shift	2026|9|15|0|30
shift	2026|9|15|1|30
shift	2026|9|15|2|30
range	2026|9|15|31
days	2026|9|15|31
shift	2026|9|15|-2|31
shift	2026|9|15|-1|31
shift	2026|9|15|0|31
shift	2026|9|15|1|31
shift	2026|9|15|2|31
range	2026|9|24|0
days	2026|9|24|0
shift	2026|9|24|-2|0
shift	2026|9|24|-1|0
shift	2026|9|24|0|0
shift	2026|9|24|1|0
shift	2026|9|24|2|0
range	2026|9|24|1
days	2026|9|24|1
shift	2026|9|24|-2|1
shift	2026|9|24|-1|1
shift	2026|9|24|0|1
shift	2026|9|24|1|1
shift	2026|9|24|2|1
range	2026|9|24|5
days	2026|9|24|5
shift	2026|9|24|-2|5
shift	2026|9|24|-1|5
shift	2026|9|24|0|5
shift	2026|9|24|1|5
shift	2026|9|24|2|5
range	2026|9|24|15
days	2026|9|24|15
shift	2026|9|24|-2|15
shift	2026|9|24|-1|15
shift	2026|9|24|0|15
shift	2026|9|24|1|15
shift	2026|9|24|2|15
range	2026|9|24|25
days	2026|9|24|25
shift	2026|9|24|-2|25
shift	2026|9|24|-1|25
shift	2026|9|24|0|25
shift	2026|9|24|1|25
shift	2026|9|24|2|25
range	2026|9|24|28
days	2026|9|24|28
shift	2026|9|24|-2|28
shift	2026|9|24|-1|28
shift	2026|9|24|0|28
shift	2026|9|24|1|28
shift	2026|9|24|2|28
range	2026|9|24|29
days	2026|9|24|29
shift	2026|9|24|-2|29
shift	2026|9|24|-1|29
shift	2026|9|24|0|29
shift	2026|9|24|1|29
shift	2026|9|24|2|29
range	2026|9|24|30
days	2026|9|24|30
shift	2026|9|24|-2|30
shift	2026|9|24|-1|30
shift	2026|9|24|0|30
shift	2026|9|24|1|30
shift	2026|9|24|2|30
range	2026|9|24|31
days	2026|9|24|31
shift	2026|9|24|-2|31
shift	2026|9|24|-1|31
shift	2026|9|24|0|31
shift	2026|9|24|1|31
shift	2026|9|24|2|31
range	2026|9|25|0
days	2026|9|25|0
shift	2026|9|25|-2|0
shift	2026|9|25|-1|0
shift	2026|9|25|0|0
shift	2026|9|25|1|0
shift	2026|9|25|2|0
range	2026|9|25|1
days	2026|9|25|1
shift	2026|9|25|-2|1
shift	2026|9|25|-1|1
shift	2026|9|25|0|1
shift	2026|9|25|1|1
shift	2026|9|25|2|1
range	2026|9|25|5
days	2026|9|25|5
shift	2026|9|25|-2|5
shift	2026|9|25|-1|5
shift	2026|9|25|0|5
shift	2026|9|25|1|5
shift	2026|9|25|2|5
range	2026|9|25|15
days	2026|9|25|15
shift	2026|9|25|-2|15
shift	2026|9|25|-1|15
shift	2026|9|25|0|15
shift	2026|9|25|1|15
shift	2026|9|25|2|15
range	2026|9|25|25
days	2026|9|25|25
shift	2026|9|25|-2|25
shift	2026|9|25|-1|25
shift	2026|9|25|0|25
shift	2026|9|25|1|25
shift	2026|9|25|2|25
range	2026|9|25|28
days	2026|9|25|28
shift	2026|9|25|-2|28
shift	2026|9|25|-1|28
shift	2026|9|25|0|28
shift	2026|9|25|1|28
shift	2026|9|25|2|28
range	2026|9|25|29
days	2026|9|25|29
shift	2026|9|25|-2|29
shift	2026|9|25|-1|29
shift	2026|9|25|0|29
shift	2026|9|25|1|29
shift	2026|9|25|2|29
range	2026|9|25|30
days	2026|9|25|30
shift	2026|9|25|-2|30
shift	2026|9|25|-1|30
shift	2026|9|25|0|30
shift	2026|9|25|1|30
shift	2026|9|25|2|30
range	2026|9|25|31
days	2026|9|25|31
shift	2026|9|25|-2|31
shift	2026|9|25|-1|31
shift	2026|9|25|0|31
shift	2026|9|25|1|31
shift	2026|9|25|2|31
range	2026|9|26|0
days	2026|9|26|0
shift	2026|9|26|-2|0
shift	2026|9|26|-1|0
shift	2026|9|26|0|0
shift	2026|9|26|1|0
shift	2026|9|26|2|0
range	2026|9|26|1
days	2026|9|26|1
shift	2026|9|26|-2|1
shift	2026|9|26|-1|1
shift	2026|9|26|0|1
shift	2026|9|26|1|1
shift	2026|9|26|2|1
range	2026|9|26|5
days	2026|9|26|5
shift	2026|9|26|-2|5
shift	2026|9|26|-1|5
shift	2026|9|26|0|5
shift	2026|9|26|1|5
shift	2026|9|26|2|5
range	2026|9|26|15
days	2026|9|26|15
shift	2026|9|26|-2|15
shift	2026|9|26|-1|15
shift	2026|9|26|0|15
shift	2026|9|26|1|15
shift	2026|9|26|2|15
range	2026|9|26|25
days	2026|9|26|25
shift	2026|9|26|-2|25
shift	2026|9|26|-1|25
shift	2026|9|26|0|25
shift	2026|9|26|1|25
shift	2026|9|26|2|25
range	2026|9|26|28
days	2026|9|26|28
shift	2026|9|26|-2|28
shift	2026|9|26|-1|28
shift	2026|9|26|0|28
shift	2026|9|26|1|28
shift	2026|9|26|2|28
range	2026|9|26|29
days	2026|9|26|29
shift	2026|9|26|-2|29
shift	2026|9|26|-1|29
shift	2026|9|26|0|29
shift	2026|9|26|1|29
shift	2026|9|26|2|29
range	2026|9|26|30
days	2026|9|26|30
shift	2026|9|26|-2|30
shift	2026|9|26|-1|30
shift	2026|9|26|0|30
shift	2026|9|26|1|30
shift	2026|9|26|2|30
range	2026|9|26|31
days	2026|9|26|31
shift	2026|9|26|-2|31
shift	2026|9|26|-1|31
shift	2026|9|26|0|31
shift	2026|9|26|1|31
shift	2026|9|26|2|31
range	2026|9|28|0
days	2026|9|28|0
shift	2026|9|28|-2|0
shift	2026|9|28|-1|0
shift	2026|9|28|0|0
shift	2026|9|28|1|0
shift	2026|9|28|2|0
range	2026|9|28|1
days	2026|9|28|1
shift	2026|9|28|-2|1
shift	2026|9|28|-1|1
shift	2026|9|28|0|1
shift	2026|9|28|1|1
shift	2026|9|28|2|1
range	2026|9|28|5
days	2026|9|28|5
shift	2026|9|28|-2|5
shift	2026|9|28|-1|5
shift	2026|9|28|0|5
shift	2026|9|28|1|5
shift	2026|9|28|2|5
range	2026|9|28|15
days	2026|9|28|15
shift	2026|9|28|-2|15
shift	2026|9|28|-1|15
shift	2026|9|28|0|15
shift	2026|9|28|1|15
shift	2026|9|28|2|15
range	2026|9|28|25
days	2026|9|28|25
shift	2026|9|28|-2|25
shift	2026|9|28|-1|25
shift	2026|9|28|0|25
shift	2026|9|28|1|25
shift	2026|9|28|2|25
range	2026|9|28|28
days	2026|9|28|28
shift	2026|9|28|-2|28
shift	2026|9|28|-1|28
shift	2026|9|28|0|28
shift	2026|9|28|1|28
shift	2026|9|28|2|28
range	2026|9|28|29
days	2026|9|28|29
shift	2026|9|28|-2|29
shift	2026|9|28|-1|29
shift	2026|9|28|0|29
shift	2026|9|28|1|29
shift	2026|9|28|2|29
range	2026|9|28|30
days	2026|9|28|30
shift	2026|9|28|-2|30
shift	2026|9|28|-1|30
shift	2026|9|28|0|30
shift	2026|9|28|1|30
shift	2026|9|28|2|30
range	2026|9|28|31
days	2026|9|28|31
shift	2026|9|28|-2|31
shift	2026|9|28|-1|31
shift	2026|9|28|0|31
shift	2026|9|28|1|31
shift	2026|9|28|2|31
range	2026|9|31|0
days	2026|9|31|0
shift	2026|9|31|-2|0
shift	2026|9|31|-1|0
shift	2026|9|31|0|0
shift	2026|9|31|1|0
shift	2026|9|31|2|0
range	2026|9|31|1
days	2026|9|31|1
shift	2026|9|31|-2|1
shift	2026|9|31|-1|1
shift	2026|9|31|0|1
shift	2026|9|31|1|1
shift	2026|9|31|2|1
range	2026|9|31|5
days	2026|9|31|5
shift	2026|9|31|-2|5
shift	2026|9|31|-1|5
shift	2026|9|31|0|5
shift	2026|9|31|1|5
shift	2026|9|31|2|5
range	2026|9|31|15
days	2026|9|31|15
shift	2026|9|31|-2|15
shift	2026|9|31|-1|15
shift	2026|9|31|0|15
shift	2026|9|31|1|15
shift	2026|9|31|2|15
range	2026|9|31|25
days	2026|9|31|25
shift	2026|9|31|-2|25
shift	2026|9|31|-1|25
shift	2026|9|31|0|25
shift	2026|9|31|1|25
shift	2026|9|31|2|25
range	2026|9|31|28
days	2026|9|31|28
shift	2026|9|31|-2|28
shift	2026|9|31|-1|28
shift	2026|9|31|0|28
shift	2026|9|31|1|28
shift	2026|9|31|2|28
range	2026|9|31|29
days	2026|9|31|29
shift	2026|9|31|-2|29
shift	2026|9|31|-1|29
shift	2026|9|31|0|29
shift	2026|9|31|1|29
shift	2026|9|31|2|29
range	2026|9|31|30
days	2026|9|31|30
shift	2026|9|31|-2|30
shift	2026|9|31|-1|30
shift	2026|9|31|0|30
shift	2026|9|31|1|30
shift	2026|9|31|2|30
range	2026|9|31|31
days	2026|9|31|31
shift	2026|9|31|-2|31
shift	2026|9|31|-1|31
shift	2026|9|31|0|31
shift	2026|9|31|1|31
shift	2026|9|31|2|31
range	2026|10|1|0
days	2026|10|1|0
shift	2026|10|1|-2|0
shift	2026|10|1|-1|0
shift	2026|10|1|0|0
shift	2026|10|1|1|0
shift	2026|10|1|2|0
range	2026|10|1|1
days	2026|10|1|1
shift	2026|10|1|-2|1
shift	2026|10|1|-1|1
shift	2026|10|1|0|1
shift	2026|10|1|1|1
shift	2026|10|1|2|1
range	2026|10|1|5
days	2026|10|1|5
shift	2026|10|1|-2|5
shift	2026|10|1|-1|5
shift	2026|10|1|0|5
shift	2026|10|1|1|5
shift	2026|10|1|2|5
range	2026|10|1|15
days	2026|10|1|15
shift	2026|10|1|-2|15
shift	2026|10|1|-1|15
shift	2026|10|1|0|15
shift	2026|10|1|1|15
shift	2026|10|1|2|15
range	2026|10|1|25
days	2026|10|1|25
shift	2026|10|1|-2|25
shift	2026|10|1|-1|25
shift	2026|10|1|0|25
shift	2026|10|1|1|25
shift	2026|10|1|2|25
range	2026|10|1|28
days	2026|10|1|28
shift	2026|10|1|-2|28
shift	2026|10|1|-1|28
shift	2026|10|1|0|28
shift	2026|10|1|1|28
shift	2026|10|1|2|28
range	2026|10|1|29
days	2026|10|1|29
shift	2026|10|1|-2|29
shift	2026|10|1|-1|29
shift	2026|10|1|0|29
shift	2026|10|1|1|29
shift	2026|10|1|2|29
range	2026|10|1|30
days	2026|10|1|30
shift	2026|10|1|-2|30
shift	2026|10|1|-1|30
shift	2026|10|1|0|30
shift	2026|10|1|1|30
shift	2026|10|1|2|30
range	2026|10|1|31
days	2026|10|1|31
shift	2026|10|1|-2|31
shift	2026|10|1|-1|31
shift	2026|10|1|0|31
shift	2026|10|1|1|31
shift	2026|10|1|2|31
range	2026|10|5|0
days	2026|10|5|0
shift	2026|10|5|-2|0
shift	2026|10|5|-1|0
shift	2026|10|5|0|0
shift	2026|10|5|1|0
shift	2026|10|5|2|0
range	2026|10|5|1
days	2026|10|5|1
shift	2026|10|5|-2|1
shift	2026|10|5|-1|1
shift	2026|10|5|0|1
shift	2026|10|5|1|1
shift	2026|10|5|2|1
range	2026|10|5|5
days	2026|10|5|5
shift	2026|10|5|-2|5
shift	2026|10|5|-1|5
shift	2026|10|5|0|5
shift	2026|10|5|1|5
shift	2026|10|5|2|5
range	2026|10|5|15
days	2026|10|5|15
shift	2026|10|5|-2|15
shift	2026|10|5|-1|15
shift	2026|10|5|0|15
shift	2026|10|5|1|15
shift	2026|10|5|2|15
range	2026|10|5|25
days	2026|10|5|25
shift	2026|10|5|-2|25
shift	2026|10|5|-1|25
shift	2026|10|5|0|25
shift	2026|10|5|1|25
shift	2026|10|5|2|25
range	2026|10|5|28
days	2026|10|5|28
shift	2026|10|5|-2|28
shift	2026|10|5|-1|28
shift	2026|10|5|0|28
shift	2026|10|5|1|28
shift	2026|10|5|2|28
range	2026|10|5|29
days	2026|10|5|29
shift	2026|10|5|-2|29
shift	2026|10|5|-1|29
shift	2026|10|5|0|29
shift	2026|10|5|1|29
shift	2026|10|5|2|29
range	2026|10|5|30
days	2026|10|5|30
shift	2026|10|5|-2|30
shift	2026|10|5|-1|30
shift	2026|10|5|0|30
shift	2026|10|5|1|30
shift	2026|10|5|2|30
range	2026|10|5|31
days	2026|10|5|31
shift	2026|10|5|-2|31
shift	2026|10|5|-1|31
shift	2026|10|5|0|31
shift	2026|10|5|1|31
shift	2026|10|5|2|31
range	2026|10|15|0
days	2026|10|15|0
shift	2026|10|15|-2|0
shift	2026|10|15|-1|0
shift	2026|10|15|0|0
shift	2026|10|15|1|0
shift	2026|10|15|2|0
range	2026|10|15|1
days	2026|10|15|1
shift	2026|10|15|-2|1
shift	2026|10|15|-1|1
shift	2026|10|15|0|1
shift	2026|10|15|1|1
shift	2026|10|15|2|1
range	2026|10|15|5
days	2026|10|15|5
shift	2026|10|15|-2|5
shift	2026|10|15|-1|5
shift	2026|10|15|0|5
shift	2026|10|15|1|5
shift	2026|10|15|2|5
range	2026|10|15|15
days	2026|10|15|15
shift	2026|10|15|-2|15
shift	2026|10|15|-1|15
shift	2026|10|15|0|15
shift	2026|10|15|1|15
shift	2026|10|15|2|15
range	2026|10|15|25
days	2026|10|15|25
shift	2026|10|15|-2|25
shift	2026|10|15|-1|25
shift	2026|10|15|0|25
shift	2026|10|15|1|25
shift	2026|10|15|2|25
range	2026|10|15|28
days	2026|10|15|28
shift	2026|10|15|-2|28
shift	2026|10|15|-1|28
shift	2026|10|15|0|28
shift	2026|10|15|1|28
shift	2026|10|15|2|28
range	2026|10|15|29
days	2026|10|15|29
shift	2026|10|15|-2|29
shift	2026|10|15|-1|29
shift	2026|10|15|0|29
shift	2026|10|15|1|29
shift	2026|10|15|2|29
range	2026|10|15|30
days	2026|10|15|30
shift	2026|10|15|-2|30
shift	2026|10|15|-1|30
shift	2026|10|15|0|30
shift	2026|10|15|1|30
shift	2026|10|15|2|30
range	2026|10|15|31
days	2026|10|15|31
shift	2026|10|15|-2|31
shift	2026|10|15|-1|31
shift	2026|10|15|0|31
shift	2026|10|15|1|31
shift	2026|10|15|2|31
range	2026|10|24|0
days	2026|10|24|0
shift	2026|10|24|-2|0
shift	2026|10|24|-1|0
shift	2026|10|24|0|0
shift	2026|10|24|1|0
shift	2026|10|24|2|0
range	2026|10|24|1
days	2026|10|24|1
shift	2026|10|24|-2|1
shift	2026|10|24|-1|1
shift	2026|10|24|0|1
shift	2026|10|24|1|1
shift	2026|10|24|2|1
range	2026|10|24|5
days	2026|10|24|5
shift	2026|10|24|-2|5
shift	2026|10|24|-1|5
shift	2026|10|24|0|5
shift	2026|10|24|1|5
shift	2026|10|24|2|5
range	2026|10|24|15
days	2026|10|24|15
shift	2026|10|24|-2|15
shift	2026|10|24|-1|15
shift	2026|10|24|0|15
shift	2026|10|24|1|15
shift	2026|10|24|2|15
range	2026|10|24|25
days	2026|10|24|25
shift	2026|10|24|-2|25
shift	2026|10|24|-1|25
shift	2026|10|24|0|25
shift	2026|10|24|1|25
shift	2026|10|24|2|25
range	2026|10|24|28
days	2026|10|24|28
shift	2026|10|24|-2|28
shift	2026|10|24|-1|28
shift	2026|10|24|0|28
shift	2026|10|24|1|28
shift	2026|10|24|2|28
range	2026|10|24|29
days	2026|10|24|29
shift	2026|10|24|-2|29
shift	2026|10|24|-1|29
shift	2026|10|24|0|29
shift	2026|10|24|1|29
shift	2026|10|24|2|29
range	2026|10|24|30
days	2026|10|24|30
shift	2026|10|24|-2|30
shift	2026|10|24|-1|30
shift	2026|10|24|0|30
shift	2026|10|24|1|30
shift	2026|10|24|2|30
range	2026|10|24|31
days	2026|10|24|31
shift	2026|10|24|-2|31
shift	2026|10|24|-1|31
shift	2026|10|24|0|31
shift	2026|10|24|1|31
shift	2026|10|24|2|31
range	2026|10|25|0
days	2026|10|25|0
shift	2026|10|25|-2|0
shift	2026|10|25|-1|0
shift	2026|10|25|0|0
shift	2026|10|25|1|0
shift	2026|10|25|2|0
range	2026|10|25|1
days	2026|10|25|1
shift	2026|10|25|-2|1
shift	2026|10|25|-1|1
shift	2026|10|25|0|1
shift	2026|10|25|1|1
shift	2026|10|25|2|1
range	2026|10|25|5
days	2026|10|25|5
shift	2026|10|25|-2|5
shift	2026|10|25|-1|5
shift	2026|10|25|0|5
shift	2026|10|25|1|5
shift	2026|10|25|2|5
range	2026|10|25|15
days	2026|10|25|15
shift	2026|10|25|-2|15
shift	2026|10|25|-1|15
shift	2026|10|25|0|15
shift	2026|10|25|1|15
shift	2026|10|25|2|15
range	2026|10|25|25
days	2026|10|25|25
shift	2026|10|25|-2|25
shift	2026|10|25|-1|25
shift	2026|10|25|0|25
shift	2026|10|25|1|25
shift	2026|10|25|2|25
range	2026|10|25|28
days	2026|10|25|28
shift	2026|10|25|-2|28
shift	2026|10|25|-1|28
shift	2026|10|25|0|28
shift	2026|10|25|1|28
shift	2026|10|25|2|28
range	2026|10|25|29
days	2026|10|25|29
shift	2026|10|25|-2|29
shift	2026|10|25|-1|29
shift	2026|10|25|0|29
shift	2026|10|25|1|29
shift	2026|10|25|2|29
range	2026|10|25|30
days	2026|10|25|30
shift	2026|10|25|-2|30
shift	2026|10|25|-1|30
shift	2026|10|25|0|30
shift	2026|10|25|1|30
shift	2026|10|25|2|30
range	2026|10|25|31
days	2026|10|25|31
shift	2026|10|25|-2|31
shift	2026|10|25|-1|31
shift	2026|10|25|0|31
shift	2026|10|25|1|31
shift	2026|10|25|2|31
range	2026|10|26|0
days	2026|10|26|0
shift	2026|10|26|-2|0
shift	2026|10|26|-1|0
shift	2026|10|26|0|0
shift	2026|10|26|1|0
shift	2026|10|26|2|0
range	2026|10|26|1
days	2026|10|26|1
shift	2026|10|26|-2|1
shift	2026|10|26|-1|1
shift	2026|10|26|0|1
shift	2026|10|26|1|1
shift	2026|10|26|2|1
range	2026|10|26|5
days	2026|10|26|5
shift	2026|10|26|-2|5
shift	2026|10|26|-1|5
shift	2026|10|26|0|5
shift	2026|10|26|1|5
shift	2026|10|26|2|5
range	2026|10|26|15
days	2026|10|26|15
shift	2026|10|26|-2|15
shift	2026|10|26|-1|15
shift	2026|10|26|0|15
shift	2026|10|26|1|15
shift	2026|10|26|2|15
range	2026|10|26|25
days	2026|10|26|25
shift	2026|10|26|-2|25
shift	2026|10|26|-1|25
shift	2026|10|26|0|25
shift	2026|10|26|1|25
shift	2026|10|26|2|25
range	2026|10|26|28
days	2026|10|26|28
shift	2026|10|26|-2|28
shift	2026|10|26|-1|28
shift	2026|10|26|0|28
shift	2026|10|26|1|28
shift	2026|10|26|2|28
range	2026|10|26|29
days	2026|10|26|29
shift	2026|10|26|-2|29
shift	2026|10|26|-1|29
shift	2026|10|26|0|29
shift	2026|10|26|1|29
shift	2026|10|26|2|29
range	2026|10|26|30
days	2026|10|26|30
shift	2026|10|26|-2|30
shift	2026|10|26|-1|30
shift	2026|10|26|0|30
shift	2026|10|26|1|30
shift	2026|10|26|2|30
range	2026|10|26|31
days	2026|10|26|31
shift	2026|10|26|-2|31
shift	2026|10|26|-1|31
shift	2026|10|26|0|31
shift	2026|10|26|1|31
shift	2026|10|26|2|31
range	2026|10|28|0
days	2026|10|28|0
shift	2026|10|28|-2|0
shift	2026|10|28|-1|0
shift	2026|10|28|0|0
shift	2026|10|28|1|0
shift	2026|10|28|2|0
range	2026|10|28|1
days	2026|10|28|1
shift	2026|10|28|-2|1
shift	2026|10|28|-1|1
shift	2026|10|28|0|1
shift	2026|10|28|1|1
shift	2026|10|28|2|1
range	2026|10|28|5
days	2026|10|28|5
shift	2026|10|28|-2|5
shift	2026|10|28|-1|5
shift	2026|10|28|0|5
shift	2026|10|28|1|5
shift	2026|10|28|2|5
range	2026|10|28|15
days	2026|10|28|15
shift	2026|10|28|-2|15
shift	2026|10|28|-1|15
shift	2026|10|28|0|15
shift	2026|10|28|1|15
shift	2026|10|28|2|15
range	2026|10|28|25
days	2026|10|28|25
shift	2026|10|28|-2|25
shift	2026|10|28|-1|25
shift	2026|10|28|0|25
shift	2026|10|28|1|25
shift	2026|10|28|2|25
range	2026|10|28|28
days	2026|10|28|28
shift	2026|10|28|-2|28
shift	2026|10|28|-1|28
shift	2026|10|28|0|28
shift	2026|10|28|1|28
shift	2026|10|28|2|28
range	2026|10|28|29
days	2026|10|28|29
shift	2026|10|28|-2|29
shift	2026|10|28|-1|29
shift	2026|10|28|0|29
shift	2026|10|28|1|29
shift	2026|10|28|2|29
range	2026|10|28|30
days	2026|10|28|30
shift	2026|10|28|-2|30
shift	2026|10|28|-1|30
shift	2026|10|28|0|30
shift	2026|10|28|1|30
shift	2026|10|28|2|30
range	2026|10|28|31
days	2026|10|28|31
shift	2026|10|28|-2|31
shift	2026|10|28|-1|31
shift	2026|10|28|0|31
shift	2026|10|28|1|31
shift	2026|10|28|2|31
range	2026|10|31|0
days	2026|10|31|0
shift	2026|10|31|-2|0
shift	2026|10|31|-1|0
shift	2026|10|31|0|0
shift	2026|10|31|1|0
shift	2026|10|31|2|0
range	2026|10|31|1
days	2026|10|31|1
shift	2026|10|31|-2|1
shift	2026|10|31|-1|1
shift	2026|10|31|0|1
shift	2026|10|31|1|1
shift	2026|10|31|2|1
range	2026|10|31|5
days	2026|10|31|5
shift	2026|10|31|-2|5
shift	2026|10|31|-1|5
shift	2026|10|31|0|5
shift	2026|10|31|1|5
shift	2026|10|31|2|5
range	2026|10|31|15
days	2026|10|31|15
shift	2026|10|31|-2|15
shift	2026|10|31|-1|15
shift	2026|10|31|0|15
shift	2026|10|31|1|15
shift	2026|10|31|2|15
range	2026|10|31|25
days	2026|10|31|25
shift	2026|10|31|-2|25
shift	2026|10|31|-1|25
shift	2026|10|31|0|25
shift	2026|10|31|1|25
shift	2026|10|31|2|25
range	2026|10|31|28
days	2026|10|31|28
shift	2026|10|31|-2|28
shift	2026|10|31|-1|28
shift	2026|10|31|0|28
shift	2026|10|31|1|28
shift	2026|10|31|2|28
range	2026|10|31|29
days	2026|10|31|29
shift	2026|10|31|-2|29
shift	2026|10|31|-1|29
shift	2026|10|31|0|29
shift	2026|10|31|1|29
shift	2026|10|31|2|29
range	2026|10|31|30
days	2026|10|31|30
shift	2026|10|31|-2|30
shift	2026|10|31|-1|30
shift	2026|10|31|0|30
shift	2026|10|31|1|30
shift	2026|10|31|2|30
range	2026|10|31|31
days	2026|10|31|31
shift	2026|10|31|-2|31
shift	2026|10|31|-1|31
shift	2026|10|31|0|31
shift	2026|10|31|1|31
shift	2026|10|31|2|31
range	2026|11|1|0
days	2026|11|1|0
shift	2026|11|1|-2|0
shift	2026|11|1|-1|0
shift	2026|11|1|0|0
shift	2026|11|1|1|0
shift	2026|11|1|2|0
range	2026|11|1|1
days	2026|11|1|1
shift	2026|11|1|-2|1
shift	2026|11|1|-1|1
shift	2026|11|1|0|1
shift	2026|11|1|1|1
shift	2026|11|1|2|1
range	2026|11|1|5
days	2026|11|1|5
shift	2026|11|1|-2|5
shift	2026|11|1|-1|5
shift	2026|11|1|0|5
shift	2026|11|1|1|5
shift	2026|11|1|2|5
range	2026|11|1|15
days	2026|11|1|15
shift	2026|11|1|-2|15
shift	2026|11|1|-1|15
shift	2026|11|1|0|15
shift	2026|11|1|1|15
shift	2026|11|1|2|15
range	2026|11|1|25
days	2026|11|1|25
shift	2026|11|1|-2|25
shift	2026|11|1|-1|25
shift	2026|11|1|0|25
shift	2026|11|1|1|25
shift	2026|11|1|2|25
range	2026|11|1|28
days	2026|11|1|28
shift	2026|11|1|-2|28
shift	2026|11|1|-1|28
shift	2026|11|1|0|28
shift	2026|11|1|1|28
shift	2026|11|1|2|28
range	2026|11|1|29
days	2026|11|1|29
shift	2026|11|1|-2|29
shift	2026|11|1|-1|29
shift	2026|11|1|0|29
shift	2026|11|1|1|29
shift	2026|11|1|2|29
range	2026|11|1|30
days	2026|11|1|30
shift	2026|11|1|-2|30
shift	2026|11|1|-1|30
shift	2026|11|1|0|30
shift	2026|11|1|1|30
shift	2026|11|1|2|30
range	2026|11|1|31
days	2026|11|1|31
shift	2026|11|1|-2|31
shift	2026|11|1|-1|31
shift	2026|11|1|0|31
shift	2026|11|1|1|31
shift	2026|11|1|2|31
range	2026|11|5|0
days	2026|11|5|0
shift	2026|11|5|-2|0
shift	2026|11|5|-1|0
shift	2026|11|5|0|0
shift	2026|11|5|1|0
shift	2026|11|5|2|0
range	2026|11|5|1
days	2026|11|5|1
shift	2026|11|5|-2|1
shift	2026|11|5|-1|1
shift	2026|11|5|0|1
shift	2026|11|5|1|1
shift	2026|11|5|2|1
range	2026|11|5|5
days	2026|11|5|5
shift	2026|11|5|-2|5
shift	2026|11|5|-1|5
shift	2026|11|5|0|5
shift	2026|11|5|1|5
shift	2026|11|5|2|5
range	2026|11|5|15
days	2026|11|5|15
shift	2026|11|5|-2|15
shift	2026|11|5|-1|15
shift	2026|11|5|0|15
shift	2026|11|5|1|15
shift	2026|11|5|2|15
range	2026|11|5|25
days	2026|11|5|25
shift	2026|11|5|-2|25
shift	2026|11|5|-1|25
shift	2026|11|5|0|25
shift	2026|11|5|1|25
shift	2026|11|5|2|25
range	2026|11|5|28
days	2026|11|5|28
shift	2026|11|5|-2|28
shift	2026|11|5|-1|28
shift	2026|11|5|0|28
shift	2026|11|5|1|28
shift	2026|11|5|2|28
range	2026|11|5|29
days	2026|11|5|29
shift	2026|11|5|-2|29
shift	2026|11|5|-1|29
shift	2026|11|5|0|29
shift	2026|11|5|1|29
shift	2026|11|5|2|29
range	2026|11|5|30
days	2026|11|5|30
shift	2026|11|5|-2|30
shift	2026|11|5|-1|30
shift	2026|11|5|0|30
shift	2026|11|5|1|30
shift	2026|11|5|2|30
range	2026|11|5|31
days	2026|11|5|31
shift	2026|11|5|-2|31
shift	2026|11|5|-1|31
shift	2026|11|5|0|31
shift	2026|11|5|1|31
shift	2026|11|5|2|31
range	2026|11|15|0
days	2026|11|15|0
shift	2026|11|15|-2|0
shift	2026|11|15|-1|0
shift	2026|11|15|0|0
shift	2026|11|15|1|0
shift	2026|11|15|2|0
range	2026|11|15|1
days	2026|11|15|1
shift	2026|11|15|-2|1
shift	2026|11|15|-1|1
shift	2026|11|15|0|1
shift	2026|11|15|1|1
shift	2026|11|15|2|1
range	2026|11|15|5
days	2026|11|15|5
shift	2026|11|15|-2|5
shift	2026|11|15|-1|5
shift	2026|11|15|0|5
shift	2026|11|15|1|5
shift	2026|11|15|2|5
range	2026|11|15|15
days	2026|11|15|15
shift	2026|11|15|-2|15
shift	2026|11|15|-1|15
shift	2026|11|15|0|15
shift	2026|11|15|1|15
shift	2026|11|15|2|15
range	2026|11|15|25
days	2026|11|15|25
shift	2026|11|15|-2|25
shift	2026|11|15|-1|25
shift	2026|11|15|0|25
shift	2026|11|15|1|25
shift	2026|11|15|2|25
range	2026|11|15|28
days	2026|11|15|28
shift	2026|11|15|-2|28
shift	2026|11|15|-1|28
shift	2026|11|15|0|28
shift	2026|11|15|1|28
shift	2026|11|15|2|28
range	2026|11|15|29
days	2026|11|15|29
shift	2026|11|15|-2|29
shift	2026|11|15|-1|29
shift	2026|11|15|0|29
shift	2026|11|15|1|29
shift	2026|11|15|2|29
range	2026|11|15|30
days	2026|11|15|30
shift	2026|11|15|-2|30
shift	2026|11|15|-1|30
shift	2026|11|15|0|30
shift	2026|11|15|1|30
shift	2026|11|15|2|30
range	2026|11|15|31
days	2026|11|15|31
shift	2026|11|15|-2|31
shift	2026|11|15|-1|31
shift	2026|11|15|0|31
shift	2026|11|15|1|31
shift	2026|11|15|2|31
range	2026|11|24|0
days	2026|11|24|0
shift	2026|11|24|-2|0
shift	2026|11|24|-1|0
shift	2026|11|24|0|0
shift	2026|11|24|1|0
shift	2026|11|24|2|0
range	2026|11|24|1
days	2026|11|24|1
shift	2026|11|24|-2|1
shift	2026|11|24|-1|1
shift	2026|11|24|0|1
shift	2026|11|24|1|1
shift	2026|11|24|2|1
range	2026|11|24|5
days	2026|11|24|5
shift	2026|11|24|-2|5
shift	2026|11|24|-1|5
shift	2026|11|24|0|5
shift	2026|11|24|1|5
shift	2026|11|24|2|5
range	2026|11|24|15
days	2026|11|24|15
shift	2026|11|24|-2|15
shift	2026|11|24|-1|15
shift	2026|11|24|0|15
shift	2026|11|24|1|15
shift	2026|11|24|2|15
range	2026|11|24|25
days	2026|11|24|25
shift	2026|11|24|-2|25
shift	2026|11|24|-1|25
shift	2026|11|24|0|25
shift	2026|11|24|1|25
shift	2026|11|24|2|25
range	2026|11|24|28
days	2026|11|24|28
shift	2026|11|24|-2|28
shift	2026|11|24|-1|28
shift	2026|11|24|0|28
shift	2026|11|24|1|28
shift	2026|11|24|2|28
range	2026|11|24|29
days	2026|11|24|29
shift	2026|11|24|-2|29
shift	2026|11|24|-1|29
shift	2026|11|24|0|29
shift	2026|11|24|1|29
shift	2026|11|24|2|29
range	2026|11|24|30
days	2026|11|24|30
shift	2026|11|24|-2|30
shift	2026|11|24|-1|30
shift	2026|11|24|0|30
shift	2026|11|24|1|30
shift	2026|11|24|2|30
range	2026|11|24|31
days	2026|11|24|31
shift	2026|11|24|-2|31
shift	2026|11|24|-1|31
shift	2026|11|24|0|31
shift	2026|11|24|1|31
shift	2026|11|24|2|31
range	2026|11|25|0
days	2026|11|25|0
shift	2026|11|25|-2|0
shift	2026|11|25|-1|0
shift	2026|11|25|0|0
shift	2026|11|25|1|0
shift	2026|11|25|2|0
range	2026|11|25|1
days	2026|11|25|1
shift	2026|11|25|-2|1
shift	2026|11|25|-1|1
shift	2026|11|25|0|1
shift	2026|11|25|1|1
shift	2026|11|25|2|1
range	2026|11|25|5
days	2026|11|25|5
shift	2026|11|25|-2|5
shift	2026|11|25|-1|5
shift	2026|11|25|0|5
shift	2026|11|25|1|5
shift	2026|11|25|2|5
range	2026|11|25|15
days	2026|11|25|15
shift	2026|11|25|-2|15
shift	2026|11|25|-1|15
shift	2026|11|25|0|15
shift	2026|11|25|1|15
shift	2026|11|25|2|15
range	2026|11|25|25
days	2026|11|25|25
shift	2026|11|25|-2|25
shift	2026|11|25|-1|25
shift	2026|11|25|0|25
shift	2026|11|25|1|25
shift	2026|11|25|2|25
range	2026|11|25|28
days	2026|11|25|28
shift	2026|11|25|-2|28
shift	2026|11|25|-1|28
shift	2026|11|25|0|28
shift	2026|11|25|1|28
shift	2026|11|25|2|28
range	2026|11|25|29
days	2026|11|25|29
shift	2026|11|25|-2|29
shift	2026|11|25|-1|29
shift	2026|11|25|0|29
shift	2026|11|25|1|29
shift	2026|11|25|2|29
range	2026|11|25|30
days	2026|11|25|30
shift	2026|11|25|-2|30
shift	2026|11|25|-1|30
shift	2026|11|25|0|30
shift	2026|11|25|1|30
shift	2026|11|25|2|30
range	2026|11|25|31
days	2026|11|25|31
shift	2026|11|25|-2|31
shift	2026|11|25|-1|31
shift	2026|11|25|0|31
shift	2026|11|25|1|31
shift	2026|11|25|2|31
range	2026|11|26|0
days	2026|11|26|0
shift	2026|11|26|-2|0
shift	2026|11|26|-1|0
shift	2026|11|26|0|0
shift	2026|11|26|1|0
shift	2026|11|26|2|0
range	2026|11|26|1
days	2026|11|26|1
shift	2026|11|26|-2|1
shift	2026|11|26|-1|1
shift	2026|11|26|0|1
shift	2026|11|26|1|1
shift	2026|11|26|2|1
range	2026|11|26|5
days	2026|11|26|5
shift	2026|11|26|-2|5
shift	2026|11|26|-1|5
shift	2026|11|26|0|5
shift	2026|11|26|1|5
shift	2026|11|26|2|5
range	2026|11|26|15
days	2026|11|26|15
shift	2026|11|26|-2|15
shift	2026|11|26|-1|15
shift	2026|11|26|0|15
shift	2026|11|26|1|15
shift	2026|11|26|2|15
range	2026|11|26|25
days	2026|11|26|25
shift	2026|11|26|-2|25
shift	2026|11|26|-1|25
shift	2026|11|26|0|25
shift	2026|11|26|1|25
shift	2026|11|26|2|25
range	2026|11|26|28
days	2026|11|26|28
shift	2026|11|26|-2|28
shift	2026|11|26|-1|28
shift	2026|11|26|0|28
shift	2026|11|26|1|28
shift	2026|11|26|2|28
range	2026|11|26|29
days	2026|11|26|29
shift	2026|11|26|-2|29
shift	2026|11|26|-1|29
shift	2026|11|26|0|29
shift	2026|11|26|1|29
shift	2026|11|26|2|29
range	2026|11|26|30
days	2026|11|26|30
shift	2026|11|26|-2|30
shift	2026|11|26|-1|30
shift	2026|11|26|0|30
shift	2026|11|26|1|30
shift	2026|11|26|2|30
range	2026|11|26|31
days	2026|11|26|31
shift	2026|11|26|-2|31
shift	2026|11|26|-1|31
shift	2026|11|26|0|31
shift	2026|11|26|1|31
shift	2026|11|26|2|31
range	2026|11|28|0
days	2026|11|28|0
shift	2026|11|28|-2|0
shift	2026|11|28|-1|0
shift	2026|11|28|0|0
shift	2026|11|28|1|0
shift	2026|11|28|2|0
range	2026|11|28|1
days	2026|11|28|1
shift	2026|11|28|-2|1
shift	2026|11|28|-1|1
shift	2026|11|28|0|1
shift	2026|11|28|1|1
shift	2026|11|28|2|1
range	2026|11|28|5
days	2026|11|28|5
shift	2026|11|28|-2|5
shift	2026|11|28|-1|5
shift	2026|11|28|0|5
shift	2026|11|28|1|5
shift	2026|11|28|2|5
range	2026|11|28|15
days	2026|11|28|15
shift	2026|11|28|-2|15
shift	2026|11|28|-1|15
shift	2026|11|28|0|15
shift	2026|11|28|1|15
shift	2026|11|28|2|15
range	2026|11|28|25
days	2026|11|28|25
shift	2026|11|28|-2|25
shift	2026|11|28|-1|25
shift	2026|11|28|0|25
shift	2026|11|28|1|25
shift	2026|11|28|2|25
range	2026|11|28|28
days	2026|11|28|28
shift	2026|11|28|-2|28
shift	2026|11|28|-1|28
shift	2026|11|28|0|28
shift	2026|11|28|1|28
shift	2026|11|28|2|28
range	2026|11|28|29
days	2026|11|28|29
shift	2026|11|28|-2|29
shift	2026|11|28|-1|29
shift	2026|11|28|0|29
shift	2026|11|28|1|29
shift	2026|11|28|2|29
range	2026|11|28|30
days	2026|11|28|30
shift	2026|11|28|-2|30
shift	2026|11|28|-1|30
shift	2026|11|28|0|30
shift	2026|11|28|1|30
shift	2026|11|28|2|30
range	2026|11|28|31
days	2026|11|28|31
shift	2026|11|28|-2|31
shift	2026|11|28|-1|31
shift	2026|11|28|0|31
shift	2026|11|28|1|31
shift	2026|11|28|2|31
range	2026|11|31|0
days	2026|11|31|0
shift	2026|11|31|-2|0
shift	2026|11|31|-1|0
shift	2026|11|31|0|0
shift	2026|11|31|1|0
shift	2026|11|31|2|0
range	2026|11|31|1
days	2026|11|31|1
shift	2026|11|31|-2|1
shift	2026|11|31|-1|1
shift	2026|11|31|0|1
shift	2026|11|31|1|1
shift	2026|11|31|2|1
range	2026|11|31|5
days	2026|11|31|5
shift	2026|11|31|-2|5
shift	2026|11|31|-1|5
shift	2026|11|31|0|5
shift	2026|11|31|1|5
shift	2026|11|31|2|5
range	2026|11|31|15
days	2026|11|31|15
shift	2026|11|31|-2|15
shift	2026|11|31|-1|15
shift	2026|11|31|0|15
shift	2026|11|31|1|15
shift	2026|11|31|2|15
range	2026|11|31|25
days	2026|11|31|25
shift	2026|11|31|-2|25
shift	2026|11|31|-1|25
shift	2026|11|31|0|25
shift	2026|11|31|1|25
shift	2026|11|31|2|25
range	2026|11|31|28
days	2026|11|31|28
shift	2026|11|31|-2|28
shift	2026|11|31|-1|28
shift	2026|11|31|0|28
shift	2026|11|31|1|28
shift	2026|11|31|2|28
range	2026|11|31|29
days	2026|11|31|29
shift	2026|11|31|-2|29
shift	2026|11|31|-1|29
shift	2026|11|31|0|29
shift	2026|11|31|1|29
shift	2026|11|31|2|29
range	2026|11|31|30
days	2026|11|31|30
shift	2026|11|31|-2|30
shift	2026|11|31|-1|30
shift	2026|11|31|0|30
shift	2026|11|31|1|30
shift	2026|11|31|2|30
range	2026|11|31|31
days	2026|11|31|31
shift	2026|11|31|-2|31
shift	2026|11|31|-1|31
shift	2026|11|31|0|31
shift	2026|11|31|1|31
shift	2026|11|31|2|31
incycle	2026|0|-40|2026|0|15|1
incycle	2026|0|-32|2026|0|15|1
incycle	2026|0|-31|2026|0|15|1
incycle	2026|0|-30|2026|0|15|1
incycle	2026|0|-1|2026|0|15|1
incycle	2026|0|0|2026|0|15|1
incycle	2026|0|1|2026|0|15|1
incycle	2026|0|27|2026|0|15|1
incycle	2026|0|28|2026|0|15|1
incycle	2026|0|29|2026|0|15|1
incycle	2026|0|30|2026|0|15|1
incycle	2026|0|31|2026|0|15|1
incycle	2026|0|32|2026|0|15|1
incycle	2026|0|45|2026|0|15|1
incycle	2026|1|-40|2026|1|15|1
incycle	2026|1|-32|2026|1|15|1
incycle	2026|1|-31|2026|1|15|1
incycle	2026|1|-30|2026|1|15|1
incycle	2026|1|-1|2026|1|15|1
incycle	2026|1|0|2026|1|15|1
incycle	2026|1|1|2026|1|15|1
incycle	2026|1|27|2026|1|15|1
incycle	2026|1|28|2026|1|15|1
incycle	2026|1|29|2026|1|15|1
incycle	2026|1|30|2026|1|15|1
incycle	2026|1|31|2026|1|15|1
incycle	2026|1|32|2026|1|15|1
incycle	2026|1|45|2026|1|15|1
incycle	2026|2|-40|2026|2|15|1
incycle	2026|2|-32|2026|2|15|1
incycle	2026|2|-31|2026|2|15|1
incycle	2026|2|-30|2026|2|15|1
incycle	2026|2|-1|2026|2|15|1
incycle	2026|2|0|2026|2|15|1
incycle	2026|2|1|2026|2|15|1
incycle	2026|2|27|2026|2|15|1
incycle	2026|2|28|2026|2|15|1
incycle	2026|2|29|2026|2|15|1
incycle	2026|2|30|2026|2|15|1
incycle	2026|2|31|2026|2|15|1
incycle	2026|2|32|2026|2|15|1
incycle	2026|2|45|2026|2|15|1
incycle	2026|3|-40|2026|3|15|1
incycle	2026|3|-32|2026|3|15|1
incycle	2026|3|-31|2026|3|15|1
incycle	2026|3|-30|2026|3|15|1
incycle	2026|3|-1|2026|3|15|1
incycle	2026|3|0|2026|3|15|1
incycle	2026|3|1|2026|3|15|1
incycle	2026|3|27|2026|3|15|1
incycle	2026|3|28|2026|3|15|1
incycle	2026|3|29|2026|3|15|1
incycle	2026|3|30|2026|3|15|1
incycle	2026|3|31|2026|3|15|1
incycle	2026|3|32|2026|3|15|1
incycle	2026|3|45|2026|3|15|1
incycle	2026|4|-40|2026|4|15|1
incycle	2026|4|-32|2026|4|15|1
incycle	2026|4|-31|2026|4|15|1
incycle	2026|4|-30|2026|4|15|1
incycle	2026|4|-1|2026|4|15|1
incycle	2026|4|0|2026|4|15|1
incycle	2026|4|1|2026|4|15|1
incycle	2026|4|27|2026|4|15|1
incycle	2026|4|28|2026|4|15|1
incycle	2026|4|29|2026|4|15|1
incycle	2026|4|30|2026|4|15|1
incycle	2026|4|31|2026|4|15|1
incycle	2026|4|32|2026|4|15|1
incycle	2026|4|45|2026|4|15|1
incycle	2026|5|-40|2026|5|15|1
incycle	2026|5|-32|2026|5|15|1
incycle	2026|5|-31|2026|5|15|1
incycle	2026|5|-30|2026|5|15|1
incycle	2026|5|-1|2026|5|15|1
incycle	2026|5|0|2026|5|15|1
incycle	2026|5|1|2026|5|15|1
incycle	2026|5|27|2026|5|15|1
incycle	2026|5|28|2026|5|15|1
incycle	2026|5|29|2026|5|15|1
incycle	2026|5|30|2026|5|15|1
incycle	2026|5|31|2026|5|15|1
incycle	2026|5|32|2026|5|15|1
incycle	2026|5|45|2026|5|15|1
incycle	2026|6|-40|2026|6|15|1
incycle	2026|6|-32|2026|6|15|1
incycle	2026|6|-31|2026|6|15|1
incycle	2026|6|-30|2026|6|15|1
incycle	2026|6|-1|2026|6|15|1
incycle	2026|6|0|2026|6|15|1
incycle	2026|6|1|2026|6|15|1
incycle	2026|6|27|2026|6|15|1
incycle	2026|6|28|2026|6|15|1
incycle	2026|6|29|2026|6|15|1
incycle	2026|6|30|2026|6|15|1
incycle	2026|6|31|2026|6|15|1
incycle	2026|6|32|2026|6|15|1
incycle	2026|6|45|2026|6|15|1
incycle	2026|7|-40|2026|7|15|1
incycle	2026|7|-32|2026|7|15|1
incycle	2026|7|-31|2026|7|15|1
incycle	2026|7|-30|2026|7|15|1
incycle	2026|7|-1|2026|7|15|1
incycle	2026|7|0|2026|7|15|1
incycle	2026|7|1|2026|7|15|1
incycle	2026|7|27|2026|7|15|1
incycle	2026|7|28|2026|7|15|1
incycle	2026|7|29|2026|7|15|1
incycle	2026|7|30|2026|7|15|1
incycle	2026|7|31|2026|7|15|1
incycle	2026|7|32|2026|7|15|1
incycle	2026|7|45|2026|7|15|1
incycle	2026|8|-40|2026|8|15|1
incycle	2026|8|-32|2026|8|15|1
incycle	2026|8|-31|2026|8|15|1
incycle	2026|8|-30|2026|8|15|1
incycle	2026|8|-1|2026|8|15|1
incycle	2026|8|0|2026|8|15|1
incycle	2026|8|1|2026|8|15|1
incycle	2026|8|27|2026|8|15|1
incycle	2026|8|28|2026|8|15|1
incycle	2026|8|29|2026|8|15|1
incycle	2026|8|30|2026|8|15|1
incycle	2026|8|31|2026|8|15|1
incycle	2026|8|32|2026|8|15|1
incycle	2026|8|45|2026|8|15|1
incycle	2026|9|-40|2026|9|15|1
incycle	2026|9|-32|2026|9|15|1
incycle	2026|9|-31|2026|9|15|1
incycle	2026|9|-30|2026|9|15|1
incycle	2026|9|-1|2026|9|15|1
incycle	2026|9|0|2026|9|15|1
incycle	2026|9|1|2026|9|15|1
incycle	2026|9|27|2026|9|15|1
incycle	2026|9|28|2026|9|15|1
incycle	2026|9|29|2026|9|15|1
incycle	2026|9|30|2026|9|15|1
incycle	2026|9|31|2026|9|15|1
incycle	2026|9|32|2026|9|15|1
incycle	2026|9|45|2026|9|15|1
incycle	2026|10|-40|2026|10|15|1
incycle	2026|10|-32|2026|10|15|1
incycle	2026|10|-31|2026|10|15|1
incycle	2026|10|-30|2026|10|15|1
incycle	2026|10|-1|2026|10|15|1
incycle	2026|10|0|2026|10|15|1
incycle	2026|10|1|2026|10|15|1
incycle	2026|10|27|2026|10|15|1
incycle	2026|10|28|2026|10|15|1
incycle	2026|10|29|2026|10|15|1
incycle	2026|10|30|2026|10|15|1
incycle	2026|10|31|2026|10|15|1
incycle	2026|10|32|2026|10|15|1
incycle	2026|10|45|2026|10|15|1
incycle	2026|11|-40|2026|11|15|1
incycle	2026|11|-32|2026|11|15|1
incycle	2026|11|-31|2026|11|15|1
incycle	2026|11|-30|2026|11|15|1
incycle	2026|11|-1|2026|11|15|1
incycle	2026|11|0|2026|11|15|1
incycle	2026|11|1|2026|11|15|1
incycle	2026|11|27|2026|11|15|1
incycle	2026|11|28|2026|11|15|1
incycle	2026|11|29|2026|11|15|1
incycle	2026|11|30|2026|11|15|1
incycle	2026|11|31|2026|11|15|1
incycle	2026|11|32|2026|11|15|1
incycle	2026|11|45|2026|11|15|1
incycle	2026|0|-40|2026|0|15|25
incycle	2026|0|-32|2026|0|15|25
incycle	2026|0|-31|2026|0|15|25
incycle	2026|0|-30|2026|0|15|25
incycle	2026|0|-1|2026|0|15|25
incycle	2026|0|0|2026|0|15|25
incycle	2026|0|1|2026|0|15|25
incycle	2026|0|27|2026|0|15|25
incycle	2026|0|28|2026|0|15|25
incycle	2026|0|29|2026|0|15|25
incycle	2026|0|30|2026|0|15|25
incycle	2026|0|31|2026|0|15|25
incycle	2026|0|32|2026|0|15|25
incycle	2026|0|45|2026|0|15|25
incycle	2026|1|-40|2026|1|15|25
incycle	2026|1|-32|2026|1|15|25
incycle	2026|1|-31|2026|1|15|25
incycle	2026|1|-30|2026|1|15|25
incycle	2026|1|-1|2026|1|15|25
incycle	2026|1|0|2026|1|15|25
incycle	2026|1|1|2026|1|15|25
incycle	2026|1|27|2026|1|15|25
incycle	2026|1|28|2026|1|15|25
incycle	2026|1|29|2026|1|15|25
incycle	2026|1|30|2026|1|15|25
incycle	2026|1|31|2026|1|15|25
incycle	2026|1|32|2026|1|15|25
incycle	2026|1|45|2026|1|15|25
incycle	2026|2|-40|2026|2|15|25
incycle	2026|2|-32|2026|2|15|25
incycle	2026|2|-31|2026|2|15|25
incycle	2026|2|-30|2026|2|15|25
incycle	2026|2|-1|2026|2|15|25
incycle	2026|2|0|2026|2|15|25
incycle	2026|2|1|2026|2|15|25
incycle	2026|2|27|2026|2|15|25
incycle	2026|2|28|2026|2|15|25
incycle	2026|2|29|2026|2|15|25
incycle	2026|2|30|2026|2|15|25
incycle	2026|2|31|2026|2|15|25
incycle	2026|2|32|2026|2|15|25
incycle	2026|2|45|2026|2|15|25
incycle	2026|3|-40|2026|3|15|25
incycle	2026|3|-32|2026|3|15|25
incycle	2026|3|-31|2026|3|15|25
incycle	2026|3|-30|2026|3|15|25
incycle	2026|3|-1|2026|3|15|25
incycle	2026|3|0|2026|3|15|25
incycle	2026|3|1|2026|3|15|25
incycle	2026|3|27|2026|3|15|25
incycle	2026|3|28|2026|3|15|25
incycle	2026|3|29|2026|3|15|25
incycle	2026|3|30|2026|3|15|25
incycle	2026|3|31|2026|3|15|25
incycle	2026|3|32|2026|3|15|25
incycle	2026|3|45|2026|3|15|25
incycle	2026|4|-40|2026|4|15|25
incycle	2026|4|-32|2026|4|15|25
incycle	2026|4|-31|2026|4|15|25
incycle	2026|4|-30|2026|4|15|25
incycle	2026|4|-1|2026|4|15|25
incycle	2026|4|0|2026|4|15|25
incycle	2026|4|1|2026|4|15|25
incycle	2026|4|27|2026|4|15|25
incycle	2026|4|28|2026|4|15|25
incycle	2026|4|29|2026|4|15|25
incycle	2026|4|30|2026|4|15|25
incycle	2026|4|31|2026|4|15|25
incycle	2026|4|32|2026|4|15|25
incycle	2026|4|45|2026|4|15|25
incycle	2026|5|-40|2026|5|15|25
incycle	2026|5|-32|2026|5|15|25
incycle	2026|5|-31|2026|5|15|25
incycle	2026|5|-30|2026|5|15|25
incycle	2026|5|-1|2026|5|15|25
incycle	2026|5|0|2026|5|15|25
incycle	2026|5|1|2026|5|15|25
incycle	2026|5|27|2026|5|15|25
incycle	2026|5|28|2026|5|15|25
incycle	2026|5|29|2026|5|15|25
incycle	2026|5|30|2026|5|15|25
incycle	2026|5|31|2026|5|15|25
incycle	2026|5|32|2026|5|15|25
incycle	2026|5|45|2026|5|15|25
incycle	2026|6|-40|2026|6|15|25
incycle	2026|6|-32|2026|6|15|25
incycle	2026|6|-31|2026|6|15|25
incycle	2026|6|-30|2026|6|15|25
incycle	2026|6|-1|2026|6|15|25
incycle	2026|6|0|2026|6|15|25
incycle	2026|6|1|2026|6|15|25
incycle	2026|6|27|2026|6|15|25
incycle	2026|6|28|2026|6|15|25
incycle	2026|6|29|2026|6|15|25
incycle	2026|6|30|2026|6|15|25
incycle	2026|6|31|2026|6|15|25
incycle	2026|6|32|2026|6|15|25
incycle	2026|6|45|2026|6|15|25
incycle	2026|7|-40|2026|7|15|25
incycle	2026|7|-32|2026|7|15|25
incycle	2026|7|-31|2026|7|15|25
incycle	2026|7|-30|2026|7|15|25
incycle	2026|7|-1|2026|7|15|25
incycle	2026|7|0|2026|7|15|25
incycle	2026|7|1|2026|7|15|25
incycle	2026|7|27|2026|7|15|25
incycle	2026|7|28|2026|7|15|25
incycle	2026|7|29|2026|7|15|25
incycle	2026|7|30|2026|7|15|25
incycle	2026|7|31|2026|7|15|25
incycle	2026|7|32|2026|7|15|25
incycle	2026|7|45|2026|7|15|25
incycle	2026|8|-40|2026|8|15|25
incycle	2026|8|-32|2026|8|15|25
incycle	2026|8|-31|2026|8|15|25
incycle	2026|8|-30|2026|8|15|25
incycle	2026|8|-1|2026|8|15|25
incycle	2026|8|0|2026|8|15|25
incycle	2026|8|1|2026|8|15|25
incycle	2026|8|27|2026|8|15|25
incycle	2026|8|28|2026|8|15|25
incycle	2026|8|29|2026|8|15|25
incycle	2026|8|30|2026|8|15|25
incycle	2026|8|31|2026|8|15|25
incycle	2026|8|32|2026|8|15|25
incycle	2026|8|45|2026|8|15|25
incycle	2026|9|-40|2026|9|15|25
incycle	2026|9|-32|2026|9|15|25
incycle	2026|9|-31|2026|9|15|25
incycle	2026|9|-30|2026|9|15|25
incycle	2026|9|-1|2026|9|15|25
incycle	2026|9|0|2026|9|15|25
incycle	2026|9|1|2026|9|15|25
incycle	2026|9|27|2026|9|15|25
incycle	2026|9|28|2026|9|15|25
incycle	2026|9|29|2026|9|15|25
incycle	2026|9|30|2026|9|15|25
incycle	2026|9|31|2026|9|15|25
incycle	2026|9|32|2026|9|15|25
incycle	2026|9|45|2026|9|15|25
incycle	2026|10|-40|2026|10|15|25
incycle	2026|10|-32|2026|10|15|25
incycle	2026|10|-31|2026|10|15|25
incycle	2026|10|-30|2026|10|15|25
incycle	2026|10|-1|2026|10|15|25
incycle	2026|10|0|2026|10|15|25
incycle	2026|10|1|2026|10|15|25
incycle	2026|10|27|2026|10|15|25
incycle	2026|10|28|2026|10|15|25
incycle	2026|10|29|2026|10|15|25
incycle	2026|10|30|2026|10|15|25
incycle	2026|10|31|2026|10|15|25
incycle	2026|10|32|2026|10|15|25
incycle	2026|10|45|2026|10|15|25
incycle	2026|11|-40|2026|11|15|25
incycle	2026|11|-32|2026|11|15|25
incycle	2026|11|-31|2026|11|15|25
incycle	2026|11|-30|2026|11|15|25
incycle	2026|11|-1|2026|11|15|25
incycle	2026|11|0|2026|11|15|25
incycle	2026|11|1|2026|11|15|25
incycle	2026|11|27|2026|11|15|25
incycle	2026|11|28|2026|11|15|25
incycle	2026|11|29|2026|11|15|25
incycle	2026|11|30|2026|11|15|25
incycle	2026|11|31|2026|11|15|25
incycle	2026|11|32|2026|11|15|25
incycle	2026|11|45|2026|11|15|25
incycle	2026|0|-40|2026|0|15|31
incycle	2026|0|-32|2026|0|15|31
incycle	2026|0|-31|2026|0|15|31
incycle	2026|0|-30|2026|0|15|31
incycle	2026|0|-1|2026|0|15|31
incycle	2026|0|0|2026|0|15|31
incycle	2026|0|1|2026|0|15|31
incycle	2026|0|27|2026|0|15|31
incycle	2026|0|28|2026|0|15|31
incycle	2026|0|29|2026|0|15|31
incycle	2026|0|30|2026|0|15|31
incycle	2026|0|31|2026|0|15|31
incycle	2026|0|32|2026|0|15|31
incycle	2026|0|45|2026|0|15|31
incycle	2026|1|-40|2026|1|15|31
incycle	2026|1|-32|2026|1|15|31
incycle	2026|1|-31|2026|1|15|31
incycle	2026|1|-30|2026|1|15|31
incycle	2026|1|-1|2026|1|15|31
incycle	2026|1|0|2026|1|15|31
incycle	2026|1|1|2026|1|15|31
incycle	2026|1|27|2026|1|15|31
incycle	2026|1|28|2026|1|15|31
incycle	2026|1|29|2026|1|15|31
incycle	2026|1|30|2026|1|15|31
incycle	2026|1|31|2026|1|15|31
incycle	2026|1|32|2026|1|15|31
incycle	2026|1|45|2026|1|15|31
incycle	2026|2|-40|2026|2|15|31
incycle	2026|2|-32|2026|2|15|31
incycle	2026|2|-31|2026|2|15|31
incycle	2026|2|-30|2026|2|15|31
incycle	2026|2|-1|2026|2|15|31
incycle	2026|2|0|2026|2|15|31
incycle	2026|2|1|2026|2|15|31
incycle	2026|2|27|2026|2|15|31
incycle	2026|2|28|2026|2|15|31
incycle	2026|2|29|2026|2|15|31
incycle	2026|2|30|2026|2|15|31
incycle	2026|2|31|2026|2|15|31
incycle	2026|2|32|2026|2|15|31
incycle	2026|2|45|2026|2|15|31
incycle	2026|3|-40|2026|3|15|31
incycle	2026|3|-32|2026|3|15|31
incycle	2026|3|-31|2026|3|15|31
incycle	2026|3|-30|2026|3|15|31
incycle	2026|3|-1|2026|3|15|31
incycle	2026|3|0|2026|3|15|31
incycle	2026|3|1|2026|3|15|31
incycle	2026|3|27|2026|3|15|31
incycle	2026|3|28|2026|3|15|31
incycle	2026|3|29|2026|3|15|31
incycle	2026|3|30|2026|3|15|31
incycle	2026|3|31|2026|3|15|31
incycle	2026|3|32|2026|3|15|31
incycle	2026|3|45|2026|3|15|31
incycle	2026|4|-40|2026|4|15|31
incycle	2026|4|-32|2026|4|15|31
incycle	2026|4|-31|2026|4|15|31
incycle	2026|4|-30|2026|4|15|31
incycle	2026|4|-1|2026|4|15|31
incycle	2026|4|0|2026|4|15|31
incycle	2026|4|1|2026|4|15|31
incycle	2026|4|27|2026|4|15|31
incycle	2026|4|28|2026|4|15|31
incycle	2026|4|29|2026|4|15|31
incycle	2026|4|30|2026|4|15|31
incycle	2026|4|31|2026|4|15|31
incycle	2026|4|32|2026|4|15|31
incycle	2026|4|45|2026|4|15|31
incycle	2026|5|-40|2026|5|15|31
incycle	2026|5|-32|2026|5|15|31
incycle	2026|5|-31|2026|5|15|31
incycle	2026|5|-30|2026|5|15|31
incycle	2026|5|-1|2026|5|15|31
incycle	2026|5|0|2026|5|15|31
incycle	2026|5|1|2026|5|15|31
incycle	2026|5|27|2026|5|15|31
incycle	2026|5|28|2026|5|15|31
incycle	2026|5|29|2026|5|15|31
incycle	2026|5|30|2026|5|15|31
incycle	2026|5|31|2026|5|15|31
incycle	2026|5|32|2026|5|15|31
incycle	2026|5|45|2026|5|15|31
incycle	2026|6|-40|2026|6|15|31
incycle	2026|6|-32|2026|6|15|31
incycle	2026|6|-31|2026|6|15|31
incycle	2026|6|-30|2026|6|15|31
incycle	2026|6|-1|2026|6|15|31
incycle	2026|6|0|2026|6|15|31
incycle	2026|6|1|2026|6|15|31
incycle	2026|6|27|2026|6|15|31
incycle	2026|6|28|2026|6|15|31
incycle	2026|6|29|2026|6|15|31
incycle	2026|6|30|2026|6|15|31
incycle	2026|6|31|2026|6|15|31
incycle	2026|6|32|2026|6|15|31
incycle	2026|6|45|2026|6|15|31
incycle	2026|7|-40|2026|7|15|31
incycle	2026|7|-32|2026|7|15|31
incycle	2026|7|-31|2026|7|15|31
incycle	2026|7|-30|2026|7|15|31
incycle	2026|7|-1|2026|7|15|31
incycle	2026|7|0|2026|7|15|31
incycle	2026|7|1|2026|7|15|31
incycle	2026|7|27|2026|7|15|31
incycle	2026|7|28|2026|7|15|31
incycle	2026|7|29|2026|7|15|31
incycle	2026|7|30|2026|7|15|31
incycle	2026|7|31|2026|7|15|31
incycle	2026|7|32|2026|7|15|31
incycle	2026|7|45|2026|7|15|31
incycle	2026|8|-40|2026|8|15|31
incycle	2026|8|-32|2026|8|15|31
incycle	2026|8|-31|2026|8|15|31
incycle	2026|8|-30|2026|8|15|31
incycle	2026|8|-1|2026|8|15|31
incycle	2026|8|0|2026|8|15|31
incycle	2026|8|1|2026|8|15|31
incycle	2026|8|27|2026|8|15|31
incycle	2026|8|28|2026|8|15|31
incycle	2026|8|29|2026|8|15|31
incycle	2026|8|30|2026|8|15|31
incycle	2026|8|31|2026|8|15|31
incycle	2026|8|32|2026|8|15|31
incycle	2026|8|45|2026|8|15|31
incycle	2026|9|-40|2026|9|15|31
incycle	2026|9|-32|2026|9|15|31
incycle	2026|9|-31|2026|9|15|31
incycle	2026|9|-30|2026|9|15|31
incycle	2026|9|-1|2026|9|15|31
incycle	2026|9|0|2026|9|15|31
incycle	2026|9|1|2026|9|15|31
incycle	2026|9|27|2026|9|15|31
incycle	2026|9|28|2026|9|15|31
incycle	2026|9|29|2026|9|15|31
incycle	2026|9|30|2026|9|15|31
incycle	2026|9|31|2026|9|15|31
incycle	2026|9|32|2026|9|15|31
incycle	2026|9|45|2026|9|15|31
incycle	2026|10|-40|2026|10|15|31
incycle	2026|10|-32|2026|10|15|31
incycle	2026|10|-31|2026|10|15|31
incycle	2026|10|-30|2026|10|15|31
incycle	2026|10|-1|2026|10|15|31
incycle	2026|10|0|2026|10|15|31
incycle	2026|10|1|2026|10|15|31
incycle	2026|10|27|2026|10|15|31
incycle	2026|10|28|2026|10|15|31
incycle	2026|10|29|2026|10|15|31
incycle	2026|10|30|2026|10|15|31
incycle	2026|10|31|2026|10|15|31
incycle	2026|10|32|2026|10|15|31
incycle	2026|10|45|2026|10|15|31
incycle	2026|11|-40|2026|11|15|31
incycle	2026|11|-32|2026|11|15|31
incycle	2026|11|-31|2026|11|15|31
incycle	2026|11|-30|2026|11|15|31
incycle	2026|11|-1|2026|11|15|31
incycle	2026|11|0|2026|11|15|31
incycle	2026|11|1|2026|11|15|31
incycle	2026|11|27|2026|11|15|31
incycle	2026|11|28|2026|11|15|31
incycle	2026|11|29|2026|11|15|31
incycle	2026|11|30|2026|11|15|31
incycle	2026|11|31|2026|11|15|31
incycle	2026|11|32|2026|11|15|31
incycle	2026|11|45|2026|11|15|31
range	2020|12|2|25
days	2020|12|2|25
shift	2020|12|2|-2|25
range	2030|-2|3|7
days	2030|-2|3|7
shift	2030|-2|3|1|7
range	2023|1|4|2
days	2023|1|4|2
shift	2023|1|4|2|2
range	2020|1|9|28
days	2020|1|9|28
shift	2020|1|9|1|28
range	2026|3|32|5
days	2026|3|32|5
shift	2026|3|32|-3|5
range	2020|9|16|12
days	2020|9|16|12
shift	2020|9|16|-2|12
range	2025|9|18|15
days	2025|9|18|15
shift	2025|9|18|-2|15
range	2023|10|32|3
days	2023|10|32|3
shift	2023|10|32|-3|3
range	2022|8|3|13
days	2022|8|3|13
shift	2022|8|3|-2|13
range	2026|-3|0|28
days	2026|-3|0|28
shift	2026|-3|0|2|28
range	2023|3|22|23
days	2023|3|22|23
shift	2023|3|22|-2|23
range	2025|4|25|2
days	2025|4|25|2
shift	2025|4|25|-1|2
range	2025|6|16|25
days	2025|6|16|25
shift	2025|6|16|0|25
range	2030|7|8|6
days	2030|7|8|6
shift	2030|7|8|3|6
range	2024|2|30|18
days	2024|2|30|18
shift	2024|2|30|-3|18
range	2022|3|-4|23
days	2022|3|-4|23
shift	2022|3|-4|2|23
range	2021|9|13|19
days	2021|9|13|19
shift	2021|9|13|2|19
range	2023|0|24|12
days	2023|0|24|12
shift	2023|0|24|3|12
range	2025|11|20|3
days	2025|11|20|3
shift	2025|11|20|1|3
range	2021|5|1|7
days	2021|5|1|7
shift	2021|5|1|-2|7
range	2023|7|5|9
days	2023|7|5|9
shift	2023|7|5|0|9
range	2020|12|34|17
days	2020|12|34|17
shift	2020|12|34|3|17
range	2025|12|35|2
days	2025|12|35|2
shift	2025|12|35|3|2
range	2021|12|3|31
days	2021|12|3|31
shift	2021|12|3|3|31
range	2020|5|26|30
days	2020|5|26|30
shift	2020|5|26|-1|30
range	2023|-3|1|24
days	2023|-3|1|24
shift	2023|-3|1|1|24
range	2024|11|6|2
days	2024|11|6|2
shift	2024|11|6|-2|2
range	2021|-2|34|13
days	2021|-2|34|13
shift	2021|-2|34|3|13
range	2023|6|39|11
days	2023|6|39|11
shift	2023|6|39|1|11
range	2027|14|39|25
days	2027|14|39|25
shift	2027|14|39|-2|25
range	2028|3|40|29
days	2028|3|40|29
shift	2028|3|40|-1|29
range	2027|7|3|23
days	2027|7|3|23
shift	2027|7|3|-3|23
range	2028|8|7|18
days	2028|8|7|18
shift	2028|8|7|2|18
range	2026|2|-3|7
days	2026|2|-3|7
shift	2026|2|-3|2|7
range	2026|3|4|15
days	2026|3|4|15
shift	2026|3|4|0|15
range	2024|3|22|19
days	2024|3|22|19
shift	2024|3|22|1|19
range	2029|4|12|2
days	2029|4|12|2
shift	2029|4|12|-3|2
range	2027|5|11|12
days	2027|5|11|12
shift	2027|5|11|0|12
range	2025|3|20|2
days	2025|3|20|2
shift	2025|3|20|3|2
range	2027|9|40|12
days	2027|9|40|12
shift	2027|9|40|-2|12
range	2023|7|17|19
days	2023|7|17|19
shift	2023|7|17|2|19
range	2025|0|8|4
days	2025|0|8|4
shift	2025|0|8|-2|4
range	2029|12|26|28
days	2029|12|26|28
shift	2029|12|26|2|28
range	2024|2|21|2
days	2024|2|21|2
shift	2024|2|21|-3|2
range	2027|1|14|30
days	2027|1|14|30
shift	2027|1|14|3|30
range	2020|-3|12|24
days	2020|-3|12|24
shift	2020|-3|12|-1|24
range	2024|6|10|19
days	2024|6|10|19
shift	2024|6|10|0|19
range	2023|4|33|9
days	2023|4|33|9
shift	2023|4|33|3|9
range	2030|14|15|6
days	2030|14|15|6
shift	2030|14|15|2|6
range	2029|3|-4|23
days	2029|3|-4|23
shift	2029|3|-4|1|23
range	2027|6|38|30
days	2027|6|38|30
shift	2027|6|38|1|30
range	2024|6|19|25
days	2024|6|19|25
shift	2024|6|19|2|25
range	2023|14|9|26
days	2023|14|9|26
shift	2023|14|9|-3|26
range	2029|4|40|15
days	2029|4|40|15
shift	2029|4|40|-3|15
range	2026|7|12|6
days	2026|7|12|6
shift	2026|7|12|3|6
range	2028|-2|15|15
days	2028|-2|15|15
shift	2028|-2|15|2|15
range	2027|10|4|3
days	2027|10|4|3
shift	2027|10|4|-1|3
range	2025|-2|21|14
days	2025|-2|21|14
shift	2025|-2|21|1|14
range	2027|14|4|4
days	2027|14|4|4
shift	2027|14|4|-3|4
range	2027|12|23|17
days	2027|12|23|17
shift	2027|12|23|0|17
range	2027|-3|38|21
days	2027|-3|38|21
shift	2027|-3|38|-2|21
range	2022|-1|24|22
days	2022|-1|24|22
shift	2022|-1|24|-3|22
range	2029|9|15|24
days	2029|9|15|24
shift	2029|9|15|-2|24
range	2026|4|-2|28
days	2026|4|-2|28
shift	2026|4|-2|-3|28
range	2026|11|20|8
days	2026|11|20|8
shift	2026|11|20|3|8
range	2028|7|22|15
days	2028|7|22|15
shift	2028|7|22|1|15
range	2024|-1|24|3
days	2024|-1|24|3
shift	2024|-1|24|-2|3
range	2029|6|40|12
days	2029|6|40|12
shift	2029|6|40|-2|12
range	2030|9|24|14
days	2030|9|24|14
shift	2030|9|24|-1|14
range	2025|7|21|20
days	2025|7|21|20
shift	2025|7|21|3|20
range	2024|11|37|26
days	2024|11|37|26
shift	2024|11|37|-1|26
range	2021|2|36|14
days	2021|2|36|14
shift	2021|2|36|-1|14
range	2022|0|1|19
days	2022|0|1|19
shift	2022|0|1|-1|19
range	2030|11|22|12
days	2030|11|22|12
shift	2030|11|22|-3|12
range	2028|0|16|31
days	2028|0|16|31
shift	2028|0|16|0|31
range	2025|1|39|27
days	2025|1|39|27
shift	2025|1|39|0|27
range	2022|-2|11|20
days	2022|-2|11|20
shift	2022|-2|11|-1|20
range	2024|14|-2|20
days	2024|14|-2|20
shift	2024|14|-2|-3|20
range	2029|4|30|11
days	2029|4|30|11
shift	2029|4|30|-1|11
range	2022|14|14|24
days	2022|14|14|24
shift	2022|14|14|1|24
range	2027|14|15|16
days	2027|14|15|16
shift	2027|14|15|2|16
range	2021|2|4|9
days	2021|2|4|9
shift	2021|2|4|0|9
range	2028|1|22|29
days	2028|1|22|29
shift	2028|1|22|-2|29
range	2022|11|27|8
days	2022|11|27|8
shift	2022|11|27|2|8
range	2029|8|19|31
days	2029|8|19|31
shift	2029|8|19|-2|31
range	2027|7|-5|31
days	2027|7|-5|31
shift	2027|7|-5|-1|31
range	2030|3|3|30
days	2030|3|3|30
shift	2030|3|3|3|30
range	2024|2|8|6
days	2024|2|8|6
shift	2024|2|8|2|6
range	2027|12|17|8
days	2027|12|17|8
shift	2027|12|17|3|8
range	2021|6|5|4
days	2021|6|5|4
shift	2021|6|5|-3|4
range	2020|-2|17|11
days	2020|-2|17|11
shift	2020|-2|17|-2|11
range	2021|8|21|26
days	2021|8|21|26
shift	2021|8|21|-1|26
range	2028|-2|14|25
days	2028|-2|14|25
shift	2028|-2|14|3|25
range	2021|-1|1|25
days	2021|-1|1|25
shift	2021|-1|1|-2|25
range	2028|6|5|2
days	2028|6|5|2
shift	2028|6|5|-1|2
range	2021|14|4|25
days	2021|14|4|25
shift	2021|14|4|-1|25
range	2021|7|10|15
days	2021|7|10|15
shift	2021|7|10|3|15
range	2029|12|17|26
days	2029|12|17|26
shift	2029|12|17|0|26
range	2030|2|11|0
days	2030|2|11|0
shift	2030|2|11|2|0
range	2028|4|8|1
days	2028|4|8|1
shift	2028|4|8|-2|1
range	2029|0|12|12
days	2029|0|12|12
shift	2029|0|12|0|12
range	2023|8|24|10
days	2023|8|24|10
shift	2023|8|24|-1|10
range	2027|8|9|17
days	2027|8|9|17
shift	2027|8|9|2|17
range	2025|5|24|21
days	2025|5|24|21
shift	2025|5|24|2|21
range	2030|9|7|27
days	2030|9|7|27
shift	2030|9|7|0|27
range	2029|14|-3|1
days	2029|14|-3|1
shift	2029|14|-3|0|1
range	2028|7|28|30
days	2028|7|28|30
shift	2028|7|28|0|30
range	2021|13|33|29
days	2021|13|33|29
shift	2021|13|33|0|29
range	2028|13|30|1
days	2028|13|30|1
shift	2028|13|30|-3|1
range	2023|13|39|3
days	2023|13|39|3
shift	2023|13|39|0|3
range	2024|9|12|5
days	2024|9|12|5
shift	2024|9|12|0|5
range	2023|2|23|15
days	2023|2|23|15
shift	2023|2|23|0|15
range	2022|12|9|8
days	2022|12|9|8
shift	2022|12|9|1|8
range	2030|14|12|21
days	2030|14|12|21
shift	2030|14|12|-3|21
range	2024|5|39|6
days	2024|5|39|6
shift	2024|5|39|-3|6
range	2026|9|-3|29
days	2026|9|-3|29
shift	2026|9|-3|2|29
range	2028|0|23|7
days	2028|0|23|7
shift	2028|0|23|1|7
range	2027|9|14|10
days	2027|9|14|10
shift	2027|9|14|-3|10
range	2025|8|5|18
days	2025|8|5|18
shift	2025|8|5|-1|18
range	2024|1|2|9
days	2024|1|2|9
shift	2024|1|2|-1|9
range	2029|-1|-1|13
days	2029|-1|-1|13
shift	2029|-1|-1|0|13
range	2020|6|30|28
days	2020|6|30|28
shift	2020|6|30|-2|28
range	2024|0|40|3
days	2024|0|40|3
shift	2024|0|40|3|3
range	2029|9|28|3
days	2029|9|28|3
shift	2029|9|28|-3|3
range	2020|3|4|16
days	2020|3|4|16
shift	2020|3|4|-3|16
range	2027|14|0|5
days	2027|14|0|5
shift	2027|14|0|-3|5
range	2021|1|15|24
days	2021|1|15|24
shift	2021|1|15|3|24
range	2024|7|2|23
days	2024|7|2|23
shift	2024|7|2|3|23
range	2029|-2|5|27
days	2029|-2|5|27
shift	2029|-2|5|3|27
range	2028|12|9|30
days	2028|12|9|30
shift	2028|12|9|3|30
range	2030|4|31|1
days	2030|4|31|1
shift	2030|4|31|3|1
range	2020|8|33|15
days	2020|8|33|15
shift	2020|8|33|1|15
range	2023|1|-2|29
days	2023|1|-2|29
shift	2023|1|-2|-2|29
range	2029|0|39|25
days	2029|0|39|25
shift	2029|0|39|2|25
range	2029|8|0|16
days	2029|8|0|16
shift	2029|8|0|0|16
range	2025|13|13|25
days	2025|13|13|25
shift	2025|13|13|1|25
range	2025|0|19|3
days	2025|0|19|3
shift	2025|0|19|-2|3
range	2025|-3|4|15
days	2025|-3|4|15
shift	2025|-3|4|-3|15
range	2027|1|7|22
days	2027|1|7|22
shift	2027|1|7|3|22
range	2029|3|40|21
days	2029|3|40|21
shift	2029|3|40|-3|21
range	2024|5|20|24
days	2024|5|20|24
shift	2024|5|20|-1|24
range	2028|8|8|20
days	2028|8|8|20
shift	2028|8|8|-2|20
range	2021|10|31|20
days	2021|10|31|20
shift	2021|10|31|3|20
range	2030|5|29|9
days	2030|5|29|9
shift	2030|5|29|3|9
range	2030|4|30|29
days	2030|4|30|29
shift	2030|4|30|2|29
range	2021|-2|28|19
days	2021|-2|28|19
shift	2021|-2|28|3|19
range	2025|13|16|16
days	2025|13|16|16
shift	2025|13|16|-1|16
range	2025|13|22|0
days	2025|13|22|0
shift	2025|13|22|2|0
range	2029|3|23|20
days	2029|3|23|20
shift	2029|3|23|-3|20
range	2028|6|15|23
days	2028|6|15|23
shift	2028|6|15|0|23
range	2020|9|-3|0
days	2020|9|-3|0
shift	2020|9|-3|-3|0
range	2029|6|8|26
days	2029|6|8|26
shift	2029|6|8|0|26
range	2027|10|34|20
days	2027|10|34|20
shift	2027|10|34|2|20
range	2022|0|33|3
days	2022|0|33|3
shift	2022|0|33|-2|3
range	2029|-1|7|24
days	2029|-1|7|24
shift	2029|-1|7|-3|24
range	2026|13|40|31
days	2026|13|40|31
shift	2026|13|40|2|31
range	2024|14|5|6
days	2024|14|5|6
shift	2024|14|5|1|6
range	2030|4|22|22
days	2030|4|22|22
shift	2030|4|22|0|22
range	2030|-2|27|17
days	2030|-2|27|17
shift	2030|-2|27|-1|17
range	2022|-3|15|6
days	2022|-3|15|6
shift	2022|-3|15|3|6
range	2025|9|30|9
days	2025|9|30|9
shift	2025|9|30|2|9
range	2029|8|34|12
days	2029|8|34|12
shift	2029|8|34|2|12
range	2024|-3|36|27
days	2024|-3|36|27
shift	2024|-3|36|2|27
range	2022|11|32|10
days	2022|11|32|10
shift	2022|11|32|1|10
range	2028|14|38|18
days	2028|14|38|18
shift	2028|14|38|-2|18
range	2027|-1|24|2
days	2027|-1|24|2
shift	2027|-1|24|2|2
range	2027|13|16|19
days	2027|13|16|19
shift	2027|13|16|-2|19
range	2024|13|21|6
days	2024|13|21|6
shift	2024|13|21|-2|6
range	2025|-3|7|30
days	2025|-3|7|30
shift	2025|-3|7|-3|30
range	2020|8|26|1
days	2020|8|26|1
shift	2020|8|26|3|1
range	2024|6|25|8
days	2024|6|25|8
shift	2024|6|25|-1|8
range	2021|4|37|15
days	2021|4|37|15
shift	2021|4|37|-3|15
range	2026|12|10|17
days	2026|12|10|17
shift	2026|12|10|3|17
range	2025|5|19|9
days	2025|5|19|9
shift	2025|5|19|-1|9
range	2027|7|3|22
days	2027|7|3|22
shift	2027|7|3|1|22
range	2027|3|10|22
days	2027|3|10|22
shift	2027|3|10|2|22
range	2024|6|40|16
days	2024|6|40|16
shift	2024|6|40|1|16
range	2030|5|29|3
days	2030|5|29|3
shift	2030|5|29|-1|3
range	2024|4|-1|11
days	2024|4|-1|11
shift	2024|4|-1|-2|11
range	2025|12|-2|28
days	2025|12|-2|28
shift	2025|12|-2|2|28
range	2020|0|40|13
days	2020|0|40|13
shift	2020|0|40|-3|13
range	2025|10|-2|24
days	2025|10|-2|24
shift	2025|10|-2|0|24
range	2022|12|24|16
days	2022|12|24|16
shift	2022|12|24|3|16
range	2024|12|17|8
days	2024|12|17|8
shift	2024|12|17|3|8
range	2022|6|33|8
days	2022|6|33|8
shift	2022|6|33|-2|8
range	2030|4|34|29
days	2030|4|34|29
shift	2030|4|34|-3|29
range	2026|14|19|17
days	2026|14|19|17
shift	2026|14|19|1|17
range	2030|-1|17|3
days	2030|-1|17|3
shift	2030|-1|17|0|3
range	2027|-1|17|19
days	2027|-1|17|19
shift	2027|-1|17|2|19
range	2027|5|3|15
days	2027|5|3|15
shift	2027|5|3|-1|15
range	2026|-3|38|18
days	2026|-3|38|18
shift	2026|-3|38|-3|18
range	2030|9|36|3
days	2030|9|36|3
shift	2030|9|36|1|3
range	2028|8|27|12
days	2028|8|27|12
shift	2028|8|27|-2|12
range	2023|10|6|28
days	2023|10|6|28
shift	2023|10|6|-2|28
range	2027|4|9|2
days	2027|4|9|2
shift	2027|4|9|-3|2
range	2026|14|10|11
days	2026|14|10|11
shift	2026|14|10|3|11
range	2021|9|25|8
days	2021|9|25|8
shift	2021|9|25|0|8
range	2022|6|32|16
days	2022|6|32|16
shift	2022|6|32|-3|16
range	2028|5|17|13
days	2028|5|17|13
shift	2028|5|17|-3|13
range	2026|14|35|1
days	2026|14|35|1
shift	2026|14|35|1|1
range	2027|12|19|23
days	2027|12|19|23
shift	2027|12|19|0|23
range	2030|2|0|8
days	2030|2|0|8
shift	2030|2|0|-1|8
range	2028|14|6|3
days	2028|14|6|3
shift	2028|14|6|0|3
range	2027|-1|4|13
days	2027|-1|4|13
shift	2027|-1|4|3|13
range	2026|-1|40|15
days	2026|-1|40|15
shift	2026|-1|40|-2|15
range	2026|0|19|0
days	2026|0|19|0
shift	2026|0|19|2|0
range	2025|-1|29|5
days	2025|-1|29|5
shift	2025|-1|29|-1|5
range	2028|0|23|10
days	2028|0|23|10
shift	2028|0|23|1|10
range	2027|-3|27|12
days	2027|-3|27|12
shift	2027|-3|27|3|12
range	2030|9|32|8
days	2030|9|32|8
shift	2030|9|32|2|8
range	2028|11|32|16
days	2028|11|32|16
shift	2028|11|32|0|16
range	2029|-2|-3|1
days	2029|-2|-3|1
shift	2029|-2|-3|0|1
range	2028|8|17|16
days	2028|8|17|16
shift	2028|8|17|3|16
range	2020|10|0|18
days	2020|10|0|18
shift	2020|10|0|-3|18
range	2022|5|30|27
days	2022|5|30|27
shift	2022|5|30|-3|27
range	2020|7|21|18
days	2020|7|21|18
shift	2020|7|21|-1|18
range	2022|7|15|17
days	2022|7|15|17
shift	2022|7|15|1|17
range	2020|10|35|0
days	2020|10|35|0
shift	2020|10|35|3|0
range	2029|6|22|28
days	2029|6|22|28
shift	2029|6|22|0|28
range	2030|9|2|15
days	2030|9|2|15
shift	2030|9|2|-2|15
range	2029|0|9|13
days	2029|0|9|13
shift	2029|0|9|2|13
range	2026|8|0|29
days	2026|8|0|29
shift	2026|8|0|0|29
range	2020|1|15|29
days	2020|1|15|29
shift	2020|1|15|0|29
range	2029|5|18|9
days	2029|5|18|9
shift	2029|5|18|0|9
range	2023|1|-4|16
days	2023|1|-4|16
shift	2023|1|-4|2|16
range	2024|11|29|1
days	2024|11|29|1
shift	2024|11|29|2|1
range	2025|-3|15|6
days	2025|-3|15|6
shift	2025|-3|15|0|6
range	2029|11|27|8
days	2029|11|27|8
shift	2029|11|27|-1|8
range	2030|14|10|4
days	2030|14|10|4
shift	2030|14|10|-3|4
range	2023|14|1|1
days	2023|14|1|1
shift	2023|14|1|3|1
range	2025|12|26|2
days	2025|12|26|2
shift	2025|12|26|-2|2
range	2023|11|-5|27
days	2023|11|-5|27
shift	2023|11|-5|2|27
range	2027|0|35|1
days	2027|0|35|1
shift	2027|0|35|-2|1
range	2020|10|4|0
days	2020|10|4|0
shift	2020|10|4|2|0
range	2022|2|18|11
days	2022|2|18|11
shift	2022|2|18|-2|11
range	2025|11|16|25
days	2025|11|16|25
shift	2025|11|16|1|25
range	2026|2|22|19
days	2026|2|22|19
shift	2026|2|22|1|19
range	2025|-1|32|29
days	2025|-1|32|29
shift	2025|-1|32|0|29
range	2020|-3|8|23
days	2020|-3|8|23
shift	2020|-3|8|1|23
range	2027|12|11|8
days	2027|12|11|8
shift	2027|12|11|-3|8
range	2025|-3|10|20
days	2025|-3|10|20
shift	2025|-3|10|2|20
range	2025|3|3|24
days	2025|3|3|24
shift	2025|3|3|3|24
range	2020|5|35|30
days	2020|5|35|30
shift	2020|5|35|0|30
range	2025|5|16|4
days	2025|5|16|4
shift	2025|5|16|-3|4
range	2028|-1|3|0
days	2028|-1|3|0
shift	2028|-1|3|0|0
range	2023|0|6|27
days	2023|0|6|27
shift	2023|0|6|-1|27
range	2022|4|5|31
days	2022|4|5|31
shift	2022|4|5|3|31
range	2026|4|16|20
days	2026|4|16|20
shift	2026|4|16|-2|20
range	2020|6|23|3
days	2020|6|23|3
shift	2020|6|23|0|3
range	2020|13|14|9
days	2020|13|14|9
shift	2020|13|14|-2|9
range	2028|1|7|0
days	2028|1|7|0
shift	2028|1|7|-3|0
range	2024|4|16|8
days	2024|4|16|8
shift	2024|4|16|-3|8
range	2022|12|22|4
days	2022|12|22|4
shift	2022|12|22|-2|4
range	2022|12|21|7
days	2022|12|21|7
shift	2022|12|21|3|7
range	2022|3|17|2
days	2022|3|17|2
shift	2022|3|17|-3|2
range	2020|12|37|23
days	2020|12|37|23
shift	2020|12|37|2|23
range	2027|-3|37|19
days	2027|-3|37|19
shift	2027|-3|37|1|19
range	2023|1|-1|7
days	2023|1|-1|7
shift	2023|1|-1|1|7
range	2029|-3|11|27
days	2029|-3|11|27
shift	2029|-3|11|2|27
range	2020|2|39|8
days	2020|2|39|8
shift	2020|2|39|2|8
range	2026|14|25|12
days	2026|14|25|12
shift	2026|14|25|0|12
range	2025|7|15|31
days	2025|7|15|31
shift	2025|7|15|-2|31
range	2026|11|25|27
days	2026|11|25|27
shift	2026|11|25|-2|27
range	2028|1|37|9
days	2028|1|37|9
shift	2028|1|37|0|9
range	2025|4|21|19
days	2025|4|21|19
shift	2025|4|21|3|19
range	2021|-2|32|7
days	2021|-2|32|7
shift	2021|-2|32|2|7
range	2022|12|12|7
days	2022|12|12|7
shift	2022|12|12|3|7
range	2024|12|22|24
days	2024|12|22|24
shift	2024|12|22|3|24
range	2025|6|37|11
days	2025|6|37|11
shift	2025|6|37|-2|11
range	2026|14|31|23
days	2026|14|31|23
shift	2026|14|31|-1|23
range	2021|0|26|10
days	2021|0|26|10
shift	2021|0|26|-1|10
range	2022|7|30|9
days	2022|7|30|9
shift	2022|7|30|-2|9
range	2026|0|23|31
days	2026|0|23|31
shift	2026|0|23|-3|31
range	2029|-3|-2|28
days	2029|-3|-2|28
shift	2029|-3|-2|2|28
range	2027|9|14|31
days	2027|9|14|31
shift	2027|9|14|2|31
range	2028|-1|33|7
days	2028|-1|33|7
shift	2028|-1|33|2|7
range	2021|13|25|8
days	2021|13|25|8
shift	2021|13|25|-3|8
range	2023|13|16|0
days	2023|13|16|0
shift	2023|13|16|2|0
range	2030|3|37|10
days	2030|3|37|10
shift	2030|3|37|0|10
range	2027|-3|2|1
days	2027|-3|2|1
shift	2027|-3|2|-3|1
range	2021|7|5|29
days	2021|7|5|29
shift	2021|7|5|3|29
range	2029|-1|25|26
days	2029|-1|25|26
shift	2029|-1|25|-3|26
range	2029|-3|16|17
days	2029|-3|16|17
shift	2029|-3|16|-1|17
range	2022|7|17|28
days	2022|7|17|28
shift	2022|7|17|-3|28
range	2023|1|-2|7
days	2023|1|-2|7
shift	2023|1|-2|1|7
range	2030|14|20|18
days	2030|14|20|18
shift	2030|14|20|-1|18
range	2023|9|8|0
days	2023|9|8|0
shift	2023|9|8|2|0
range	2023|13|4|9
days	2023|13|4|9
shift	2023|13|4|2|9
range	2030|10|0|27
days	2030|10|0|27
shift	2030|10|0|-2|27
range	2028|-3|18|16
days	2028|-3|18|16
shift	2028|-3|18|0|16
range	2030|9|4|21
days	2030|9|4|21
shift	2030|9|4|-1|21
range	2026|8|27|0
days	2026|8|27|0
shift	2026|8|27|1|0
range	2020|5|13|28
days	2020|5|13|28
shift	2020|5|13|-2|28
range	2029|-1|9|27
days	2029|-1|9|27
shift	2029|-1|9|0|27
range	2023|10|8|29
days	2023|10|8|29
shift	2023|10|8|1|29
range	2022|10|6|12
days	2022|10|6|12
shift	2022|10|6|-1|12
range	2027|-1|17|24
days	2027|-1|17|24
shift	2027|-1|17|2|24
range	2029|14|-4|7
days	2029|14|-4|7
shift	2029|14|-4|-2|7
range	2027|5|8|12
days	2027|5|8|12
shift	2027|5|8|-1|12
range	2030|8|32|18
days	2030|8|32|18
shift	2030|8|32|-1|18
range	2026|12|6|13
days	2026|12|6|13
shift	2026|12|6|2|13
range	2025|-1|12|24
days	2025|-1|12|24
shift	2025|-1|12|3|24
range	2027|0|-2|19
days	2027|0|-2|19
shift	2027|0|-2|-2|19
range	2023|12|23|13
days	2023|12|23|13
shift	2023|12|23|-1|13
range	2025|-1|18|21
days	2025|-1|18|21
shift	2025|-1|18|1|21
range	2026|10|40|1
days	2026|10|40|1
shift	2026|10|40|0|1
range	2028|14|27|4
days	2028|14|27|4
shift	2028|14|27|3|4
range	2024|9|24|18
days	2024|9|24|18
shift	2024|9|24|0|18
range	2026|-2|12|28
days	2026|-2|12|28
shift	2026|-2|12|3|28
range	2020|1|25|21
days	2020|1|25|21
shift	2020|1|25|2|21
range	2024|-3|30|2
days	2024|-3|30|2
shift	2024|-3|30|-3|2
range	2022|-2|28|2
days	2022|-2|28|2
shift	2022|-2|28|-2|2
range	2021|-2|38|24
days	2021|-2|38|24
shift	2021|-2|38|1|24
range	2020|2|11|15
days	2020|2|11|15
shift	2020|2|11|2|15
range	2024|2|-2|14
days	2024|2|-2|14
shift	2024|2|-2|2|14
range	2029|6|1|25
days	2029|6|1|25
shift	2029|6|1|-2|25
range	2023|7|17|21
days	2023|7|17|21
shift	2023|7|17|0|21
range	2027|9|23|31
days	2027|9|23|31
shift	2027|9|23|-2|31
range	2024|8|37|21
days	2024|8|37|21
shift	2024|8|37|-2|21
range	2022|11|9|4
days	2022|11|9|4
shift	2022|11|9|-1|4
range	2023|11|15|10
days	2023|11|15|10
shift	2023|11|15|-1|10
range	2028|6|27|3
days	2028|6|27|3
shift	2028|6|27|3|3
range	2025|11|30|15
days	2025|11|30|15
shift	2025|11|30|1|15
range	2021|14|24|29
days	2021|14|24|29
shift	2021|14|24|3|29
range	2029|-3|27|17
days	2029|-3|27|17
shift	2029|-3|27|-3|17
range	2029|2|-4|7
days	2029|2|-4|7
shift	2029|2|-4|2|7
range	2027|12|22|9
days	2027|12|22|9
shift	2027|12|22|1|9
range	2026|5|3|26
days	2026|5|3|26
shift	2026|5|3|0|26
range	2028|5|22|14
days	2028|5|22|14
shift	2028|5|22|1|14
range	2022|-3|33|27
days	2022|-3|33|27
shift	2022|-3|33|3|27
range	2021|6|29|3
days	2021|6|29|3
shift	2021|6|29|3|3
range	2020|0|33|19
days	2020|0|33|19
shift	2020|0|33|2|19
range	2020|14|3|8
days	2020|14|3|8
shift	2020|14|3|3|8
range	2021|11|13|17
days	2021|11|13|17
shift	2021|11|13|3|17
range	2026|14|40|24
days	2026|14|40|24
shift	2026|14|40|-1|24
range	2029|12|9|4
days	2029|12|9|4
shift	2029|12|9|0|4
range	2024|1|18|3
days	2024|1|18|3
shift	2024|1|18|-2|3
range	2024|5|38|22
days	2024|5|38|22
shift	2024|5|38|2|22
range	2020|2|21|9
days	2020|2|21|9
shift	2020|2|21|2|9
range	2020|12|31|7
days	2020|12|31|7
shift	2020|12|31|-3|7
range	2022|7|38|12
days	2022|7|38|12
shift	2022|7|38|1|12
range	2022|1|25|20
days	2022|1|25|20
shift	2022|1|25|-2|20
range	2029|12|29|30
days	2029|12|29|30
shift	2029|12|29|0|30
range	2026|7|17|13
days	2026|7|17|13
shift	2026|7|17|2|13
range	2026|13|29|21
days	2026|13|29|21
shift	2026|13|29|-1|21
range	2021|6|37|5
days	2021|6|37|5
shift	2021|6|37|3|5
range	2022|4|30|10
days	2022|4|30|10
shift	2022|4|30|3|10
range	2023|13|24|23
days	2023|13|24|23
shift	2023|13|24|0|23
range	2021|12|32|4
days	2021|12|32|4
shift	2021|12|32|-2|4
range	2021|5|4|6
days	2021|5|4|6
shift	2021|5|4|-2|6
range	2023|11|1|26
days	2023|11|1|26
shift	2023|11|1|2|26
range	2023|-3|-5|4
days	2023|-3|-5|4
shift	2023|-3|-5|-1|4
range	2023|14|40|20
days	2023|14|40|20
shift	2023|14|40|1|20
range	2020|14|2|22
days	2020|14|2|22
shift	2020|14|2|3|22
range	2029|11|39|18
days	2029|11|39|18
shift	2029|11|39|-2|18
range	2020|4|12|2
days	2020|4|12|2
shift	2020|4|12|-1|2
range	2030|12|29|21
days	2030|12|29|21
shift	2030|12|29|0|21
range	2026|4|-1|16
days	2026|4|-1|16
shift	2026|4|-1|3|16
range	2022|-3|33|22
days	2022|-3|33|22
shift	2022|-3|33|1|22
range	2024|14|31|7
days	2024|14|31|7
shift	2024|14|31|-1|7
range	2029|13|35|25
days	2029|13|35|25
shift	2029|13|35|0|25
range	2029|9|0|19
days	2029|9|0|19
shift	2029|9|0|-3|19
range	2025|2|27|16
days	2025|2|27|16
shift	2025|2|27|1|16
range	2028|-1|2|14
days	2028|-1|2|14
shift	2028|-1|2|-1|14
range	2028|-1|36|12
days	2028|-1|36|12
shift	2028|-1|36|1|12
range	2027|5|30|27
days	2027|5|30|27
shift	2027|5|30|-1|27
range	2027|-2|8|21
days	2027|-2|8|21
shift	2027|-2|8|-2|21
range	2030|-3|11|17
days	2030|-3|11|17
shift	2030|-3|11|-2|17
range	2022|10|36|23
days	2022|10|36|23
shift	2022|10|36|-3|23
range	2029|-2|15|16
days	2029|-2|15|16
shift	2029|-2|15|1|16
range	2024|5|7|3
days	2024|5|7|3
shift	2024|5|7|-2|3
range	2022|-1|33|3
days	2022|-1|33|3
shift	2022|-1|33|2|3
range	2026|13|38|8
days	2026|13|38|8
shift	2026|13|38|-3|8
range	2028|-1|17|25
days	2028|-1|17|25
shift	2028|-1|17|3|25
range	2023|14|17|7
days	2023|14|17|7
shift	2023|14|17|0|7
range	2020|12|32|10
days	2020|12|32|10
shift	2020|12|32|2|10
range	2023|7|18|4
days	2023|7|18|4
shift	2023|7|18|-1|4
range	2023|14|20|4
days	2023|14|20|4
shift	2023|14|20|-1|4
range	2027|11|0|7
days	2027|11|0|7
shift	2027|11|0|3|7
range	2025|4|22|12
days	2025|4|22|12
shift	2025|4|22|-3|12
range	2028|9|26|14
days	2028|9|26|14
shift	2028|9|26|0|14
range	2020|0|8|30
days	2020|0|8|30
shift	2020|0|8|1|30
range	2022|-1|3|6
days	2022|-1|3|6
shift	2022|-1|3|0|6
range	2022|1|9|6
days	2022|1|9|6
shift	2022|1|9|3|6
range	2023|-2|5|30
days	2023|-2|5|30
shift	2023|-2|5|-3|30
range	2029|9|13|15
days	2029|9|13|15
shift	2029|9|13|1|15
range	2030|7|9|25
days	2030|7|9|25
shift	2030|7|9|-3|25
range	2030|6|25|0
days	2030|6|25|0
shift	2030|6|25|2|0
range	2027|1|25|15
days	2027|1|25|15
shift	2027|1|25|1|15
range	2026|-1|13|27
days	2026|-1|13|27
shift	2026|-1|13|1|27
range	2023|1|26|19
days	2023|1|26|19
shift	2023|1|26|-3|19
range	2028|7|12|4
days	2028|7|12|4
shift	2028|7|12|-1|4
range	2025|-3|19|20
days	2025|-3|19|20
shift	2025|-3|19|2|20
range	2029|-3|30|2
days	2029|-3|30|2
shift	2029|-3|30|-2|2
range	2028|8|21|9
days	2028|8|21|9
shift	2028|8|21|-1|9
range	2025|-3|26|14
days	2025|-3|26|14
shift	2025|-3|26|0|14
range	2025|13|21|25
days	2025|13|21|25
shift	2025|13|21|-1|25
range	2024|2|10|19
days	2024|2|10|19
shift	2024|2|10|0|19
range	2024|6|33|28
days	2024|6|33|28
shift	2024|6|33|1|28
range	2026|2|15|22
days	2026|2|15|22
shift	2026|2|15|0|22
