copyzh	这月预算花超了，花有点蔫了。下个月重新种 🌱|预算用了 %d%，省着点就能让花开满。|今天花超了，超出 %s。|%s 超出分类预算了（%a/%b）。|这个月 %s 花得最多，占了 %d%。|%s %w还款，待还 %a|%d 天后|今天|逾期 %d 天
copyen	Over budget this cycle — the pot wilted. Replant next month 🌱|%d% of budget used — ease up to keep it blooming.|Over today's budget by %s.|%s is over its category budget (%a/%b).|%s is your biggest spend at %d%.|%s due %w · %a to repay|in %dd|today|%dd overdue
credit	|c1~卡c1~~credit~0~15~_|1000,0,food:0;trans:-1,zh,2026,0,1|
insight	exp~rent~10~2025~11~31~a1^exp~zz~1~2025~11~31~a1^xfer~zz~1~2026~5~11~_^exp~2~nan~2026~5~10~_^xfer~10~0.5~2026~5~25~a1^exp~%a~10~2025~11~31~a1^xfer~food~1~2026~1~28~a1^inc~%a~100~2025~11~31~_||120,nan,,en,2025,11,31|trans:🐾:%b:%a
insight	exp~%a~100~2026~5~11~_^inc~shop~1~2026~5~11~c1^xfer~zz~100~2026~5~11~c1^exp~shop~100~2026~5~11~c1^inc~%a~nan~2026~5~11~a1^exp~rent~0~2025~11~31~_||120,0,10:1;%a:1,en,2026,5,11|
insight	exp~%a~0~2026~5~10~a1^xfer~10~33.33~2026~5~10~a1||_,0,%a:1,zh,2026,5,10|zz:🐾:自定义:%a
insight	xfer~10~1~2026~5~11~a1^exp~2~-5~2026~1~28~_^exp~food~25.5~2026~1~28~_^exp~rent~nan~2026~1~28~_||100,50,rent:100,zh,2026,1,28|zz:🐾:%a:Custom
insight	exp~rent~1~2026~5~11~_^xfer~rent~0.5~2026~5~11~_^exp~trans~25.5~2026~5~10~c1||1000,50,trans:1;food:0;10:0,en,2026,5,11|
insight	exp~rent~-5~2026~5~25~_^exp~food~-5~2025~11~31~c1^exp~2~0~2025~11~31~a1||nan,50,10:1,zh,2025,11,31|
insight	xfer~food~-5~2026~5~10~a1^exp~shop~10~2026~5~10~_^exp~food~33.33~2026~5~11~a1^inc~food~100~2026~5~10~c1^inc~trans~0.5~2026~5~10~_^exp~2~10~2026~5~10~_^exp~rent~25.5~2026~5~10~_^exp~2~0~2026~5~10~c1||1000,0,zz:-1;shop:-1;10:nan,en,2026,5,10|
insight	exp~food~0~2026~5~10~a1^inc~trans~25.5~2026~1~28~c1^inc~2~1~2026~5~10~_^exp~%a~10~2026~1~28~c1^exp~shop~1~2026~5~11~a1^xfer~2~33.33~2026~1~28~a1^exp~2~0~2026~1~28~c1||nan,nan,,zh,2026,1,28|
insight	exp~2~100~2026~5~10~_^exp~trans~33.33~2026~5~10~c1^exp~trans~0.5~2026~5~11~a1^exp~trans~25.5~2026~5~10~_||1000,nan,10:nan;2:30;trans:1,zh,2026,5,10|
insight	inc~trans~10~2026~5~25~a1^exp~rent~33.33~2026~5~25~c1^xfer~rent~0~2026~5~25~_^exp~%a~25.5~2026~5~25~_^exp~shop~1~2026~5~10~a1^exp~zz~10~2026~5~25~c1||1000,nan,%a:-1;zz:100,en,2026,5,25|
insight	exp~rent~0~2026~1~28~c1^exp~%a~100~2026~1~28~_^exp~rent~nan~2026~1~28~c1^inc~trans~25.5~2026~1~28~c1^exp~rent~100~2026~5~11~a1||_,50,,en,2026,1,28|rent:🐾:%a:Custom
insight	exp~trans~100~2026~5~25~a1^exp~rent~-5~2026~0~1~c1^exp~10~10~2026~0~1~_^inc~2~33.33~2026~0~1~_^exp~trans~0.5~2026~0~1~_^exp~food~10~2026~0~1~c1||_,1000,trans:nan;%a:nan;10:nan;rent:10,en,2026,0,1|food:🐾:自定义:Custom
credit	exp~2~nan~2026~0~1~c1^exp~food~nan~2026~0~1~c1^exp~zz~0.5~2026~0~1~c1^xfer~trans~100~2026~0~1~_^exp~food~100~2026~5~11~a1^xfer~trans~10~2026~0~1~_^exp~%a~100~2026~0~1~c1|c1~卡c1~Card c1~credit~0~25~25|_,1000,shop:100;%a:-1;2:100,zh,2026,0,1|
insight	exp~zz~25.5~2026~5~25~c1^xfer~shop~1~2026~5~10~_^exp~rent~nan~2025~11~31~a1^exp~food~-5~2026~5~10~c1^exp~food~33.33~2026~5~10~a1^exp~%a~1~2026~5~11~c1^inc~10~0~2026~5~10~_^inc~trans~10~2026~5~10~c1||_,20,2:10;rent:1;trans:nan,zh,2026,5,10|
insight	exp~food~0.5~2026~0~1~a1||1000,0,zz:0;rent:10;%a:30;trans:100,zh,2026,0,1|
insight	exp~rent~-5~2026~5~25~_^inc~%a~25.5~2026~5~25~a1^exp~%a~33.33~2026~5~25~_^exp~zz~25.5~2026~5~25~a1||0,_,,zh,2026,5,25|shop:🐾:%a:Custom
insight	xfer~10~25.5~2026~1~28~a1||_,_,,en,2026,5,11|
insight	exp~shop~100~2025~11~31~c1^xfer~10~0.5~2025~11~31~c1^inc~2~-5~2025~11~31~c1^exp~shop~33.33~2025~11~31~_^inc~shop~nan~2025~11~31~c1||-100,0,,zh,2025,11,31|
credit	exp~10~100~2026~5~11~a1^exp~10~-5~2026~5~11~a1|c1~卡c1~~credit~0~15~_|_,50,10:-1;trans:-1;zz:nan,en,2026,5,11|shop:🐾:%b:%d
credit	exp~2~100~2026~0~1~a1^exp~10~100~2026~5~10~a1^exp~%a~nan~2026~0~1~c1^exp~rent~10~2025~11~31~a1^exp~%a~1~2026~0~1~c1^exp~rent~100~2026~0~1~c1^exp~10~-5~2026~0~1~c1|c1~卡c1~~credit~-100~25~20|nan,nan,trans:1;shop:-1;food:-1,en,2026,0,1|10:🐾:%a:Custom
insight	exp~rent~-5~2025~11~31~_||120,20,2:0,en,2025,11,31|trans:🐾:%b:Custom
credit	exp~shop~1~2026~1~28~a1^exp~shop~10~2026~1~28~c1^exp~%a~-5~2026~1~28~_^exp~%a~nan~2026~5~10~c1^exp~10~-5~2026~5~25~a1^xfer~shop~25.5~2026~1~28~a1^exp~rent~25.5~2026~1~28~c1^inc~rent~100~2026~1~28~a1|c1~卡c1~~credit~0~25~25|_,nan,,en,2026,1,28|
insight	inc~rent~nan~2026~0~1~c1||_,1000,2:0;%a:1;food:nan,zh,2026,0,1|zz:🐾:%b:%a
credit	exp~zz~nan~2026~1~28~c1^exp~zz~33.33~2026~1~28~c1|c1~卡c1~_~credit~-100~25~10^c2~卡c2~~credit~-100~25~_|-100,1000,trans:1;10:100;rent:10;2:30,en,2026,1,28|
insight	exp~10~-5~2026~5~25~c1^exp~2~0.5~2026~5~25~c1^exp~10~0~2025~11~31~c1^exp~rent~1~2026~5~25~a1^inc~food~0.5~2026~0~1~_^xfer~trans~0.5~2026~5~10~c1||-100,nan,trans:-1;shop:0;rent:30,en,2026,5,25|%a:🐾:%b:%d
credit	exp~food~33.33~2025~11~31~_^exp~10~-5~2026~5~10~c1|c1~卡c1~Card c1~credit~100~25~10^c2~卡c2~_~credit~0~25~25|100,50,zz:0;10:-1;shop:nan;%a:nan,zh,2025,11,31|food:🐾:%b:Custom
credit	|c1~卡c1~_~credit~100~25~_^c2~卡c2~~credit~100~25~20|-100,nan,zz:1;10:0;food:-1;shop:10,en,2026,5,25|
insight	exp~%a~0~2025~11~31~c1^exp~10~0.5~2026~5~25~c1^exp~rent~nan~2026~5~25~a1^exp~rent~100~2025~11~31~_^exp~%a~0.5~2025~11~31~a1^exp~shop~1~2026~0~1~_||100,1000,2:10;shop:30;zz:-1;rent:30,en,2025,11,31|rent:🐾:%b:%d
credit	xfer~zz~1~2026~1~28~_^exp~zz~33.33~2025~11~31~a1^exp~2~-5~2026~1~28~a1|c1~卡c1~~credit~0~25~20^c2~卡c2~Card c2~credit~0~15~25|nan,_,%a:-1;rent:0,zh,2026,1,28|
insight	exp~food~1~2026~0~1~a1^exp~2~100~2026~5~10~c1^exp~2~0~2026~0~1~a1^exp~2~nan~2026~5~25~_^exp~shop~25.5~2026~5~25~_^inc~2~10~2026~5~25~a1||100,20,zz:nan;2:1;%a:-1;rent:0,zh,2026,5,25|
insight	xfer~2~100~2026~0~1~a1^xfer~10~33.33~2026~1~28~c1^exp~rent~33.33~2026~0~1~c1||120,nan,%a:-1;shop:nan;trans:100,en,2026,0,1|
insight	exp~10~10~2026~5~10~a1^exp~%a~25.5~2026~5~11~_^exp~%a~nan~2026~5~10~a1^exp~food~nan~2026~5~10~a1^exp~trans~100~2026~5~25~a1^xfer~food~0.5~2026~5~10~_||-100,1000,trans:30,zh,2026,5,10|
insight	exp~food~33.33~2025~11~31~a1^exp~zz~nan~2025~11~31~_||-100,20,,en,2025,11,31|zz:🐾:%a:Custom
credit	|c1~卡c1~Card c1~credit~0~10~10|100,20,shop:-1;%a:0;rent:10,zh,2025,11,31|
insight	||nan,50,10:100,en,2026,1,28|
insight	xfer~trans~10~2025~11~31~a1^exp~shop~0~2025~11~31~c1^exp~2~nan~2026~0~1~a1^exp~shop~10~2025~11~31~_^exp~rent~nan~2025~11~31~_^exp~2~25.5~2026~5~25~a1||0,20,2:10;%a:-1;shop:30;food:nan,zh,2025,11,31|
insight	exp~10~nan~2026~0~1~c1^inc~2~0.5~2026~0~1~a1^inc~trans~-5~2026~0~1~a1^exp~trans~0~2026~0~1~a1||1000,_,food:-1,zh,2026,0,1|
insight	||100,0,,en,2026,5,11|
insight	exp~2~-5~2026~1~28~a1^exp~zz~nan~2026~1~28~_^exp~%a~0.5~2026~1~28~a1^exp~shop~-5~2026~1~28~a1^exp~2~nan~2026~5~11~_^exp~trans~10~2026~1~28~_||100,1000,food:10,en,2026,1,28|
insight	xfer~trans~10~2026~0~1~_^exp~shop~nan~2026~5~11~_^inc~2~0.5~2026~5~10~a1^inc~2~10~2026~5~11~_^exp~2~0.5~2025~11~31~a1^inc~trans~-5~2026~0~1~a1||-100,1000,zz:30;food:-1;rent:nan;%a:-1,en,2026,0,1|
insight	exp~food~25.5~2026~5~10~c1^xfer~rent~100~2026~5~10~a1^exp~food~nan~2026~5~10~_^exp~trans~1~2026~5~10~a1^inc~%a~-5~2026~5~11~c1^exp~zz~33.33~2026~5~25~a1^exp~zz~10~2026~5~10~a1^exp~rent~100~2026~5~10~_||1000,1000,rent:nan;%a:100;food:100,en,2026,5,10|
insight	||1000,50,trans:0;2:-1;food:30,zh,2026,5,10|2:🐾:%a:%d
credit	inc~10~-5~2026~0~1~c1^exp~shop~1~2026~1~28~a1^exp~10~25.5~2026~0~1~_^exp~trans~25.5~2026~0~1~a1^inc~zz~100~2026~5~11~c1^exp~rent~100~2026~0~1~c1^exp~shop~nan~2026~0~1~_^exp~%a~-5~2026~0~1~_|c1~卡c1~Card c1~credit~100~10~_^c2~卡c2~~credit~0~25~_|120,1000,zz:0;rent:10;trans:1;shop:10,en,2026,0,1|
credit	exp~2~10~2026~5~11~_^xfer~zz~10~2026~5~11~_|c1~卡c1~~credit~100~15~_^c2~卡c2~~credit~-100~25~10|100,_,food:10,zh,2026,5,11|zz:🐾:%a:%d
insight	inc~trans~100~2026~0~1~_^inc~trans~25.5~2026~0~1~a1^inc~%a~100~2026~5~11~_^exp~food~10~2026~0~1~c1^exp~trans~1~2026~1~28~a1||_,_,%a:1,en,2026,0,1|
insight	xfer~food~0~2026~5~10~a1^exp~zz~nan~2026~1~28~_||120,_,,en,2026,1,28|
insight	exp~zz~1~2025~11~31~a1^inc~zz~0.5~2026~5~11~_^xfer~food~0.5~2025~11~31~c1^exp~shop~0~2025~11~31~a1^exp~%a~25.5~2025~11~31~_^exp~shop~100~2026~5~25~a1^exp~food~0~2026~5~25~a1^xfer~trans~33.33~2025~11~31~_||nan,_,trans:100;food:30;zz:1,zh,2025,11,31|
insight	inc~zz~1~2025~11~31~a1^exp~food~nan~2026~5~25~_^inc~zz~nan~2026~5~25~a1^xfer~zz~0.5~2025~11~31~a1^inc~trans~100~2026~1~28~a1^inc~food~100~2026~5~25~c1^inc~10~nan~2026~5~25~_^xfer~food~100~2026~5~25~c1||nan,_,zz:-1,en,2026,5,25|
credit	exp~food~1~2025~11~31~a1^exp~2~33.33~2025~11~31~_^exp~10~10~2025~11~31~c1^exp~10~nan~2026~5~11~_^exp~shop~nan~2025~11~31~c1^exp~shop~100~2026~0~1~c1|c1~卡c1~~credit~-100~15~_^c2~卡c2~Card c2~credit~100~10~_|100,nan,,en,2025,11,31|food:🐾:自定义:%d
insight	||0,_,2:30;shop:0,zh,2025,11,31|
credit	inc~trans~0.5~2026~5~10~a1^exp~shop~0.5~2026~5~10~c1^inc~shop~-5~2026~1~28~_^inc~zz~nan~2026~0~1~c1|c1~卡c1~_~credit~-100~25~10^c2~卡c2~Card c2~credit~0~15~_|100,50,,zh,2026,5,10|
insight	inc~shop~-5~2026~5~10~_^exp~trans~nan~2026~5~10~c1^exp~trans~25.5~2025~11~31~c1||0,_,%a:10;zz:-1;food:0,zh,2026,5,10|
insight	exp~rent~33.33~2026~5~11~c1^exp~%a~25.5~2026~5~11~a1^exp~trans~0~2026~5~11~a1^exp~10~25.5~2026~5~11~c1^exp~2~100~2026~1~28~_||120,20,zz:10,en,2026,5,11|
insight	inc~food~0~2026~0~1~c1^exp~food~-5~2026~0~1~_^xfer~2~1~2026~1~28~c1||0,20,%a:-1;food:nan;zz:1,en,2026,0,1|shop:🐾:%a:Custom
insight	exp~10~25.5~2026~0~1~a1^xfer~shop~10~2026~5~25~_^exp~%a~33.33~2026~0~1~a1^exp~2~-5~2026~0~1~c1^exp~zz~25.5~2026~0~1~_^inc~zz~-5~2026~0~1~_||-100,_,rent:30,en,2026,0,1|
insight	exp~%a~0.5~2026~5~11~c1^exp~rent~25.5~2026~5~11~a1^exp~food~1~2026~5~11~a1^exp~zz~1~2026~5~11~c1^exp~food~10~2026~1~28~_^exp~food~-5~2026~5~11~a1^exp~%a~0.5~2026~5~11~a1^exp~trans~nan~2026~1~28~a1||100,50,zz:30;food:100;2:1;shop:-1,zh,2026,5,11|rent:🐾:自定义:%a
insight	exp~rent~nan~2026~5~25~a1^exp~food~0.5~2026~5~25~c1||100,20,zz:-1;shop:30;rent:1,zh,2026,1,28|
credit	xfer~%a~10~2026~1~28~a1^inc~%a~nan~2026~0~1~_^exp~2~0.5~2026~5~10~_^exp~10~0.5~2025~11~31~c1^exp~%a~-5~2025~11~31~c1^inc~%a~0~2025~11~31~c1^exp~zz~1~2025~11~31~_|c1~卡c1~~credit~-100~15~20^c2~卡c2~~credit~0~10~_|120,0,%a:1;trans:100;food:0,en,2025,11,31|
insight	inc~shop~0~2026~5~10~_||100,0,10:30;zz:-1,en,2026,5,10|zz:🐾:%b:%a
insight	xfer~2~-5~2026~1~28~c1^exp~2~-5~2026~1~28~a1^exp~rent~1~2026~1~28~a1^exp~10~1~2025~11~31~a1||_,50,food:-1;%a:10;trans:10;shop:0,zh,2026,1,28|
insight	xfer~10~nan~2026~1~28~a1^exp~10~0.5~2025~11~31~a1^exp~2~0~2025~11~31~_^exp~food~10~2025~11~31~a1^exp~rent~33.33~2025~11~31~_||1000,_,zz:100;10:-1;rent:0,zh,2025,11,31|10:🐾:%a:Custom
insight	exp~rent~100~2026~5~10~_^exp~%a~-5~2026~5~10~c1^exp~%a~0~2026~5~10~_^exp~trans~nan~2026~5~10~c1^exp~10~1~2026~5~11~a1||_,20,food:30,en,2026,5,10|
credit	exp~trans~33.33~2026~0~1~_^exp~rent~nan~2026~5~11~a1|c1~卡c1~~credit~0~10~10^c2~卡c2~~credit~-100~25~10|_,_,shop:30;zz:30;2:-1;food:100,zh,2026,0,1|
credit	exp~rent~10~2026~1~28~_^inc~trans~nan~2026~1~28~_^exp~%a~1~2026~5~10~a1^xfer~%a~-5~2026~5~10~_^exp~shop~0~2026~5~25~c1^exp~shop~-5~2026~1~28~c1|c1~卡c1~~credit~-100~15~10^c2~卡c2~Card c2~credit~0~10~25|_,20,trans:10;%a:10;10:10;2:30,en,2026,1,28|
credit	|c1~卡c1~~credit~-100~15~_^c2~卡c2~~credit~100~10~25|_,1000,shop:10;10:100;food:0,zh,2026,5,25|rent:🐾:自定义:Custom
insight	inc~2~100~2026~5~25~_^xfer~%a~0.5~2026~5~25~c1^exp~zz~1~2026~5~25~_||0,50,10:100,zh,2026,5,25|
credit	inc~2~0.5~2026~0~1~a1^exp~trans~25.5~2026~0~1~c1^exp~zz~33.33~2026~5~10~c1|c1~卡c1~_~credit~100~15~25^c2~卡c2~Card c2~credit~0~10~10|100,_,food:1;10:100;%a:-1;zz:100,zh,2026,0,1|%a:🐾:%a:Custom
insight	exp~shop~nan~2025~11~31~a1^exp~trans~1~2025~11~31~a1^exp~%a~10~2025~11~31~a1^inc~10~1~2025~11~31~a1^xfer~%a~-5~2026~5~10~a1^inc~2~0~2025~11~31~_||100,_,%a:30;rent:-1,zh,2025,11,31|
insight	inc~%a~1~2025~11~31~a1^inc~rent~25.5~2026~1~28~c1||0,50,,en,2026,1,28|%a:🐾:自定义:Custom
insight	exp~rent~25.5~2026~5~11~c1^exp~2~nan~2025~11~31~_^exp~zz~-5~2026~1~28~c1^exp~rent~10~2025~11~31~_^exp~trans~-5~2026~5~11~a1^exp~rent~-5~2025~11~31~c1||100,_,10:100;2:nan,en,2025,11,31|
insight	exp~shop~1~2026~5~10~c1^inc~10~10~2026~5~10~c1^xfer~trans~1~2026~5~10~c1||120,_,shop:-1,en,2026,5,10|
credit	exp~shop~1~2026~5~10~a1^exp~%a~100~2026~5~10~_^exp~2~100~2026~5~25~a1^exp~food~33.33~2026~0~1~c1^exp~zz~0.5~2026~5~10~a1|c1~卡c1~_~credit~100~10~20|nan,_,,zh,2026,0,1|
insight	exp~shop~0.5~2026~5~11~_||1000,nan,rent:0;shop:30,zh,2026,0,1|
insight	exp~2~nan~2026~5~11~c1^xfer~trans~100~2026~5~11~c1^exp~rent~1~2026~5~11~c1^exp~10~-5~2026~5~11~a1^exp~%a~10~2026~5~11~c1^xfer~10~0~2026~5~11~a1||_,1000,trans:100;food:-1,zh,2026,5,11|
insight	xfer~shop~1~2026~5~10~_^xfer~%a~100~2026~5~10~_^exp~zz~nan~2026~5~10~_^exp~zz~33.33~2026~5~10~c1^exp~%a~0.5~2026~5~10~_^inc~%a~33.33~2026~5~10~_||1000,1000,10:nan;food:10;zz:30;rent:100,en,2026,5,10|
insight	||1000,0,trans:-1;2:100;shop:1;%a:nan,zh,2025,11,31|
insight	exp~shop~-5~2026~1~28~_^exp~zz~1~2025~11~31~_^exp~10~0~2025~11~31~a1^exp~food~nan~2026~0~1~a1^exp~trans~0~2025~11~31~c1^exp~%a~0.5~2026~5~25~c1||1000,0,2:0;trans:10;food:10;shop:30,en,2025,11,31|
insight	exp~2~10~2026~1~28~a1^exp~rent~33.33~2026~1~28~_||0,1000,rent:10;food:100,en,2026,1,28|
credit	exp~rent~1~2026~1~28~c1^inc~%a~0~2026~1~28~c1^exp~trans~nan~2026~5~25~a1^inc~shop~-5~2026~1~28~_^xfer~2~33.33~2026~1~28~_|c1~卡c1~~credit~0~25~10^c2~卡c2~~credit~-100~15~25|nan,0,%a:1;10:1,zh,2026,1,28|
insight	exp~trans~0.5~2026~1~28~c1^exp~shop~0.5~2026~1~28~_^exp~10~33.33~2026~1~28~c1^exp~%a~100~2026~1~28~a1^inc~trans~10~2026~1~28~c1^exp~%a~-5~2026~1~28~_^inc~rent~33.33~2026~1~28~c1^exp~%a~33.33~2026~5~11~c1||nan,_,zz:10;rent:0;10:30;%a:nan,en,2026,1,28|
insight	||_,0,trans:10;rent:nan;%a:-1;shop:10,en,2026,0,1|
insight	inc~%a~1~2026~1~28~a1||-100,50,food:100;trans:10,zh,2026,1,28|%a:🐾:自定义:%a
insight	exp~2~-5~2026~0~1~_^xfer~%a~100~2026~5~10~a1^exp~trans~25.5~2026~5~25~_^exp~food~33.33~2026~5~25~a1^exp~%a~100~2026~5~25~_||0,_,rent:10;zz:100,en,2026,5,25|
insight	exp~%a~100~2025~11~31~c1^exp~trans~33.33~2026~5~10~a1^exp~%a~nan~2026~5~25~a1^exp~shop~1~2026~5~11~_^xfer~2~10~2025~11~31~_||-100,_,2:0;shop:10;10:-1;%a:1,zh,2025,11,31|
insight	exp~zz~10~2026~5~10~_^xfer~10~100~2026~5~25~c1^xfer~shop~1~2026~5~25~a1^exp~rent~1~2026~5~25~_||120,_,zz:30;2:nan;food:1;rent:10,zh,2026,5,25|food:🐾:%b:%d
credit	xfer~10~100~2026~5~10~c1^exp~shop~25.5~2026~5~10~a1^inc~%a~-5~2026~5~25~a1^exp~10~25.5~2026~5~10~c1^exp~10~0.5~2026~0~1~a1^exp~2~0~2026~5~10~c1^inc~food~25.5~2026~5~10~_^xfer~shop~0~2026~5~10~a1|c1~卡c1~~credit~100~25~_|0,1000,%a:10;2:-1,en,2026,5,10|
credit	exp~zz~nan~2026~1~28~a1^exp~%a~1~2026~1~28~_^exp~%a~0~2026~1~28~a1^exp~zz~nan~2026~1~28~_^inc~shop~25.5~2026~0~1~_|c1~卡c1~Card c1~credit~100~25~_|-100,1000,food:-1,en,2026,1,28|
credit	|c1~卡c1~Card c1~credit~0~10~_^c2~卡c2~~credit~-100~25~10|0,0,,en,2026,5,11|rent:🐾:自定义:%d
insight	exp~2~100~2026~0~1~c1^exp~2~1~2026~0~1~c1^exp~2~0.5~2026~0~1~a1^exp~shop~10~2026~0~1~c1^exp~trans~33.33~2026~0~1~_^inc~10~nan~2026~5~10~_||1000,50,%a:10;10:-1;rent:nan,en,2026,0,1|
insight	exp~zz~100~2026~5~25~c1^inc~2~33.33~2026~5~25~c1||120,nan,10:100,zh,2026,5,25|
credit	exp~food~10~2026~5~25~_|c1~卡c1~~credit~0~15~25|nan,50,,en,2026,5,25|
credit	xfer~%a~10~2025~11~31~_^xfer~2~10~2025~11~31~c1^xfer~%a~33.33~2025~11~31~a1^exp~trans~100~2026~5~10~_^xfer~shop~10~2025~11~31~c1^exp~zz~0~2025~11~31~a1^exp~shop~-5~2025~11~31~c1^exp~food~nan~2025~11~31~_|c1~卡c1~~credit~-100~10~_^c2~卡c2~~credit~0~15~25|nan,1000,10:-1,en,2025,11,31|
insight	exp~zz~0~2026~5~11~_||1000,20,2:30;%a:-1;zz:1;rent:0,en,2026,1,28|shop:🐾:自定义:%d
insight	exp~10~-5~2026~5~11~a1||120,nan,2:-1;zz:0;shop:30;food:0,en,2026,5,11|
insight	exp~shop~0~2026~5~10~_^exp~trans~10~2026~5~10~a1^xfer~food~25.5~2026~5~10~c1||120,nan,,zh,2026,5,10|
insight	exp~rent~10~2025~11~31~a1^exp~food~0.5~2025~11~31~a1||1000,nan,2:nan,zh,2025,11,31|%a:🐾:自定义:%a
credit	inc~food~0.5~2026~5~25~a1^xfer~10~0~2026~5~25~c1|c1~卡c1~~credit~100~25~20^c2~卡c2~Card c2~credit~0~10~_|_,20,2:nan;10:10;rent:100,zh,2026,5,25|
insight	xfer~rent~nan~2026~0~1~c1^exp~trans~10~2026~5~11~c1||1000,20,,en,2026,0,1|rent:🐾:%b:%d
insight	exp~2~25.5~2026~5~11~a1^exp~trans~33.33~2026~5~11~_^exp~food~10~2026~5~11~a1^xfer~zz~1~2026~5~11~c1^exp~trans~nan~2026~5~10~a1^exp~food~1~2026~5~11~a1^exp~2~-5~2026~5~11~a1^xfer~10~0~2026~5~11~a1||-100,20,trans:-1;2:1,zh,2026,5,11|
credit	inc~10~25.5~2026~1~28~_^exp~2~0.5~2026~5~10~a1^exp~shop~25.5~2026~5~10~c1^exp~zz~0~2026~0~1~c1^xfer~food~-5~2026~5~25~a1|c1~卡c1~~credit~0~25~_^c2~卡c2~_~credit~-100~10~_|1000,1000,10:1;food:-1;rent:30,zh,2026,5,10|
insight	xfer~shop~33.33~2026~5~11~a1||-100,1000,zz:30;10:100;food:1,zh,2026,5,11|
insight	inc~10~nan~2026~0~1~_^inc~trans~-5~2026~0~1~a1||-100,_,%a:100;10:10,en,2026,0,1|
insight	exp~trans~33.33~2026~5~11~_^inc~rent~0.5~2026~5~25~c1||-100,nan,,zh,2026,5,25|
insight	exp~food~0.5~2026~5~10~c1^exp~shop~33.33~2026~1~28~_^exp~%a~0.5~2026~0~1~a1^exp~zz~0~2026~5~25~a1^exp~2~25.5~2026~0~1~c1^inc~zz~-5~2026~0~1~_^xfer~trans~1~2026~0~1~_^exp~rent~25.5~2026~0~1~_||_,_,10:100;zz:100;shop:30;rent:1,en,2026,0,1|
insight	||-100,nan,2:0;food:10;rent:-1;%a:30,zh,2026,1,28|
insight	inc~10~10~2025~11~31~a1^exp~rent~0.5~2026~1~28~c1^exp~trans~1~2026~1~28~c1^inc~zz~100~2026~1~28~c1||0,20,%a:100;shop:1;rent:nan,en,2026,1,28|
insight	exp~food~nan~2026~5~25~_^inc~zz~nan~2026~1~28~a1^xfer~zz~25.5~2025~11~31~c1^exp~shop~-5~2025~11~31~_^exp~shop~0.5~2025~11~31~a1^exp~rent~0.5~2025~11~31~a1^exp~trans~nan~2025~11~31~c1^xfer~10~1~2025~11~31~_||0,50,2:10,zh,2025,11,31|
insight	exp~zz~25.5~2025~11~31~a1^exp~10~33.33~2025~11~31~_^exp~zz~0~2025~11~31~_^xfer~food~0~2025~11~31~c1^exp~zz~100~2025~11~31~a1||1000,50,,en,2025,11,31|zz:🐾:%a:%d
insight	xfer~10~25.5~2026~0~1~c1^exp~trans~-5~2026~1~28~_^xfer~2~1~2026~0~1~c1||-100,20,zz:100;rent:100;food:30,zh,2026,0,1|
insight	exp~zz~10~2025~11~31~_^xfer~trans~33.33~2025~11~31~c1^exp~shop~nan~2025~11~31~a1||100,_,food:0;rent:nan;%a:0;shop:-1,zh,2025,11,31|
insight	exp~food~0.5~2026~5~11~a1^exp~2~10~2026~5~11~a1^exp~zz~100~2025~11~31~a1^exp~shop~0~2026~5~11~a1^inc~food~33.33~2026~5~11~_^exp~trans~33.33~2026~5~25~c1^inc~10~25.5~2026~5~11~a1||1000,1000,,zh,2026,5,11|
insight	exp~trans~10~2026~5~10~c1^inc~rent~33.33~2026~1~28~c1^exp~trans~0.5~2025~11~31~c1||0,0,10:10,zh,2026,1,28|
insight	exp~rent~1~2026~1~28~c1^xfer~%a~10~2026~5~25~c1||120,0,shop:10;food:0;10:nan,zh,2026,5,11|
credit	exp~10~100~2026~5~25~a1^exp~rent~1~2026~5~25~a1^exp~rent~33.33~2026~5~25~_^exp~2~1~2026~5~25~_^inc~shop~0~2026~5~25~a1^exp~zz~10~2026~5~25~c1|c1~卡c1~Card c1~credit~100~25~25|nan,50,rent:10,zh,2026,5,25|
insight	exp~trans~1~2026~5~11~a1^xfer~10~0.5~2025~11~31~a1^xfer~trans~10~2026~5~25~c1^inc~10~1~2026~5~11~c1||0,_,zz:-1,zh,2026,5,11|
insight	exp~zz~100~2026~0~1~c1^exp~%a~100~2026~5~11~a1^exp~shop~33.33~2026~5~11~c1^inc~rent~0~2026~5~11~c1^exp~rent~10~2026~1~28~a1^exp~10~nan~2026~5~10~c1^exp~shop~100~2026~0~1~a1^xfer~trans~0.5~2026~5~11~_||_,50,zz:30;shop:100;%a:nan;2:1,en,2026,5,11|
insight	exp~rent~nan~2026~5~25~_^exp~trans~1~2026~5~25~_^exp~zz~-5~2025~11~31~a1||100,50,shop:-1;10:100;food:nan,zh,2026,5,25|
insight	||0,_,rent:100;%a:-1;food:30;2:10,zh,2026,5,11|
insight	inc~zz~1~2025~11~31~_^exp~rent~nan~2025~11~31~a1||100,0,%a:-1;rent:100;10:-1,zh,2025,11,31|
insight	exp~%a~10~2026~5~11~a1||0,0,zz:30;trans:-1;2:0;10:nan,en,2026,5,11|
credit	exp~food~-5~2026~5~10~c1^exp~zz~1~2026~5~10~_^xfer~food~25.5~2026~5~25~c1^exp~2~0~2026~1~28~c1^exp~rent~0.5~2026~5~10~a1^exp~zz~25.5~2026~5~10~a1^exp~2~-5~2026~5~10~_|c1~卡c1~~credit~-100~10~_|100,1000,,en,2026,5,10|
credit	xfer~rent~1~2026~5~11~_^inc~food~-5~2026~0~1~_|c1~卡c1~Card c1~credit~-100~15~10^c2~卡c2~~credit~-100~25~25|1000,20,rent:30;food:nan;zz:10,zh,2026,0,1|
insight	exp~%a~nan~2026~0~1~c1||0,20,zz:nan,zh,2026,5,10|
insight	exp~shop~1~2026~5~10~a1^exp~trans~0.5~2026~1~28~c1^xfer~2~100~2026~5~10~_^exp~trans~33.33~2026~0~1~_^exp~zz~nan~2026~5~10~c1^exp~10~0.5~2026~5~10~c1^exp~%a~1~2026~5~10~a1||100,nan,rent:-1;10:-1;trans:1;shop:10,en,2026,5,10|
insight	inc~food~nan~2025~11~31~c1^exp~trans~nan~2025~11~31~a1||-100,_,trans:-1;food:10,en,2025,11,31|rent:🐾:%b:Custom
insight	inc~10~33.33~2026~5~10~_^inc~%a~25.5~2026~5~25~c1^xfer~trans~0.5~2026~0~1~c1^inc~%a~nan~2026~5~25~a1||100,nan,,en,2026,5,10|
credit	exp~trans~0~2026~5~10~_^exp~rent~nan~2026~5~10~c1|c1~卡c1~_~credit~-100~25~10^c2~卡c2~_~credit~-100~25~25|-100,1000,trans:1;rent:0,zh,2026,5,10|
credit	exp~trans~10~2026~0~1~a1|c1~卡c1~_~credit~0~10~25|0,0,food:-1;2:1,en,2026,0,1|
credit	exp~zz~1~2026~5~11~c1|c1~卡c1~Card c1~credit~100~10~25|1000,nan,,zh,2026,5,11|
insight	inc~zz~33.33~2026~5~11~c1^exp~rent~0~2026~5~10~c1^exp~shop~0.5~2026~5~11~a1^exp~food~0~2026~1~28~a1^exp~shop~1~2026~5~11~c1||1000,nan,shop:0;%a:10,zh,2026,5,11|
credit	exp~zz~0~2026~1~28~a1^inc~shop~-5~2026~1~28~_^inc~2~10~2026~5~10~a1|c1~卡c1~_~credit~100~25~20|0,nan,trans:-1;10:1;%a:30,zh,2026,5,10|10:🐾:%b:%d
credit	exp~zz~0~2026~5~10~c1^exp~rent~25.5~2026~1~28~c1|c1~卡c1~_~credit~100~10~25^c2~卡c2~~credit~-100~15~20|-100,nan,rent:0;2:100;shop:1,zh,2026,0,1|
insight	inc~food~0.5~2026~1~28~_||-100,1000,,en,2026,1,28|
insight	exp~zz~33.33~2026~5~25~_^exp~shop~-5~2026~5~25~c1^xfer~10~0.5~2025~11~31~_^exp~10~25.5~2026~5~25~_||-100,nan,trans:nan;shop:1;10:0;%a:100,zh,2026,5,25|10:🐾:自定义:Custom
insight	exp~food~10~2026~5~25~c1^exp~%a~33.33~2026~1~28~a1^exp~shop~0.5~2026~5~25~c1^exp~rent~100~2026~0~1~a1^exp~rent~0.5~2026~5~25~_^exp~rent~nan~2026~5~25~_^inc~rent~1~2026~5~25~a1^exp~shop~1~2026~5~25~c1||nan,0,2:0,zh,2026,5,25|
credit	|c1~卡c1~_~credit~100~25~20^c2~卡c2~_~credit~-100~25~20|nan,nan,,zh,2026,1,28|rent:🐾:自定义:Custom
credit	exp~2~1~2026~5~11~c1^exp~zz~nan~2026~5~11~a1^xfer~shop~25.5~2026~0~1~a1^exp~food~-5~2026~5~11~a1^xfer~rent~0.5~2026~5~11~c1|c1~卡c1~~credit~100~25~20^c2~卡c2~~credit~-100~25~20|-100,_,rent:0;trans:nan;2:-1;zz:10,zh,2026,5,11|
insight	exp~food~-5~2026~5~10~c1||100,_,10:10,en,2026,5,10|
insight	inc~trans~100~2026~5~25~c1^exp~10~0~2026~5~11~_||1000,nan,food:nan;2:-1;shop:100,zh,2026,5,25|
credit	exp~%a~33.33~2026~1~28~a1^exp~%a~0~2026~1~28~c1^exp~2~1~2025~11~31~_^inc~2~-5~2026~5~25~a1^exp~10~100~2026~5~11~_|c1~卡c1~~credit~-100~15~20|120,0,%a:nan;rent:100,zh,2026,5,11|food:🐾:自定义:%a
credit	exp~2~33.33~2026~0~1~a1^xfer~shop~33.33~2026~5~25~c1^exp~food~-5~2026~5~11~c1^exp~shop~1~2026~5~11~a1|c1~卡c1~~credit~0~25~20^c2~卡c2~~credit~100~15~20|0,20,,en,2026,5,11|zz:🐾:%a:%a
credit	inc~%a~25.5~2026~5~10~a1^exp~trans~0~2026~0~1~c1^exp~shop~25.5~2025~11~31~_^inc~rent~-5~2026~5~11~c1^inc~trans~0.5~2026~5~25~_^inc~zz~1~2025~11~31~c1^exp~zz~-5~2026~5~10~_|c1~卡c1~_~credit~-100~15~25|-100,0,trans:0,en,2025,11,31|
insight	exp~2~nan~2026~1~28~_^xfer~food~33.33~2026~1~28~_^xfer~10~nan~2026~1~28~_^exp~food~100~2026~1~28~c1^xfer~trans~-5~2026~1~28~_^xfer~zz~33.33~2026~1~28~_||0,1000,shop:100;2:1;trans:30,zh,2026,1,28|trans:🐾:自定义:%d
credit	xfer~%a~33.33~2026~0~1~c1^inc~rent~nan~2026~0~1~c1^exp~2~nan~2025~11~31~c1|c1~卡c1~~credit~0~25~20|_,20,zz:0;shop:-1;2:10;trans:-1,zh,2026,0,1|food:🐾:%b:%a
insight	exp~zz~33.33~2026~1~28~c1^exp~%a~25.5~2026~5~25~_^exp~%a~33.33~2026~5~10~c1^inc~trans~10~2026~5~10~a1^exp~food~0~2026~5~10~c1||100,_,,zh,2026,5,10|
insight	inc~rent~100~2026~0~1~c1^xfer~trans~-5~2026~5~10~_^exp~2~25.5~2026~0~1~a1^exp~%a~0~2026~5~11~a1||100,50,,en,2026,0,1|
credit	exp~rent~33.33~2026~5~25~a1^inc~shop~100~2026~5~10~c1^exp~zz~-5~2025~11~31~c1^xfer~food~0~2026~5~25~c1^exp~zz~0.5~2026~5~25~c1|c1~卡c1~_~credit~-100~25~10^c2~卡c2~~credit~100~15~20|1000,20,%a:100,en,2026,5,25|
credit	inc~rent~10~2026~0~1~a1^exp~zz~0~2026~0~1~a1^exp~zz~100~2026~1~28~a1^exp~food~10~2026~1~28~c1^inc~food~33.33~2026~1~28~c1^exp~zz~-5~2025~11~31~a1^inc~%a~33.33~2026~1~28~a1|c1~卡c1~_~credit~0~10~10|-100,20,rent:nan;2:nan;zz:100,zh,2026,1,28|
insight	||_,1000,shop:10,zh,2026,5,25|
insight	||-100,0,2:30;%a:-1,zh,2026,5,25|
insight	inc~10~1~2026~1~28~c1^exp~shop~0.5~2026~5~25~_^inc~shop~0~2026~5~11~a1^inc~food~0~2026~5~25~a1^xfer~2~0.5~2026~5~10~_^exp~%a~-5~2026~5~25~a1^exp~rent~0~2026~5~11~_^xfer~2~100~2026~5~25~a1||100,20,food:10;shop:0,en,2026,5,25|2:🐾:自定义:%d
insight	xfer~trans~0~2026~5~10~a1^inc~rent~-5~2026~5~11~_^inc~%a~33.33~2026~1~28~c1||_,0,10:nan,zh,2026,5,11|
insight	exp~2~0~2026~5~10~a1^inc~10~1~2025~11~31~c1^xfer~trans~33.33~2025~11~31~c1^xfer~trans~-5~2026~5~11~a1^inc~zz~33.33~2025~11~31~c1^exp~shop~-5~2025~11~31~a1^exp~2~10~2025~11~31~a1^exp~2~-5~2025~11~31~_||nan,50,food:10,zh,2025,11,31|
insight	exp~trans~10~2026~5~25~a1^inc~trans~33.33~2026~5~25~c1^exp~zz~100~2026~5~25~_^exp~10~1~2026~0~1~a1^inc~zz~100~2026~5~25~c1||nan,50,rent:nan;2:100;food:-1;%a:10,zh,2026,5,25|
insight	exp~shop~100~2026~5~10~c1^exp~2~25.5~2025~11~31~a1^exp~zz~1~2026~5~11~a1||120,0,shop:100;%a:100,zh,2025,11,31|
insight	exp~rent~0.5~2026~0~1~a1^exp~%a~33.33~2026~1~28~a1^exp~rent~25.5~2026~0~1~c1^exp~trans~33.33~2026~1~28~c1^xfer~trans~100~2025~11~31~c1^exp~2~33.33~2026~0~1~c1^exp~2~nan~2026~1~28~_||0,20,food:nan;trans:100;%a:-1,en,2026,0,1|
credit	exp~shop~10~2026~5~10~c1^exp~rent~-5~2026~5~10~a1^exp~trans~0.5~2026~5~11~c1^exp~%a~100~2026~5~10~a1^inc~10~33.33~2026~5~11~a1^exp~rent~25.5~2025~11~31~c1|c1~卡c1~~credit~100~10~10^c2~卡c2~Card c2~credit~0~10~10|-100,nan,,zh,2026,5,10|
credit	xfer~%a~25.5~2026~5~10~a1^exp~%a~100~2026~1~28~a1^exp~shop~100~2026~1~28~c1^exp~trans~-5~2026~5~11~a1^exp~shop~0.5~2026~1~28~_^exp~food~0.5~2026~1~28~a1^inc~food~1~2026~1~28~_^exp~rent~0.5~2026~1~28~c1|c1~卡c1~~credit~-100~10~_|0,1000,shop:nan,en,2026,1,28|10:🐾:%b:%a
insight	xfer~10~nan~2026~1~28~a1^exp~2~0~2026~1~28~_||1000,50,trans:0;10:-1,zh,2026,1,28|rent:🐾:自定义:%a
insight	||0,1000,,en,2026,0,1|trans:🐾:自定义:%a
insight	exp~2~1~2026~1~28~a1^exp~trans~0.5~2026~5~11~a1||-100,20,zz:30;shop:nan;10:30,en,2026,5,25|
credit	exp~zz~0~2026~5~10~c1^inc~food~10~2026~5~10~_^exp~shop~100~2026~5~10~c1^exp~2~-5~2026~1~28~c1^exp~%a~100~2026~5~10~_^xfer~zz~1~2026~1~28~_^exp~2~100~2026~5~10~_|c1~卡c1~~credit~-100~25~10|100,20,,zh,2026,5,10|
insight	||nan,1000,rent:1;zz:10;food:100;2:100,zh,2026,5,11|
insight	||120,0,2:1,en,2026,5,25|zz:🐾:自定义:Custom
insight	xfer~zz~1~2025~11~31~a1^exp~food~100~2025~11~31~c1^xfer~zz~25.5~2025~11~31~_^exp~%a~100~2026~5~11~c1^exp~rent~33.33~2026~5~25~a1^inc~10~nan~2025~11~31~_||-100,0,%a:0;food:-1;zz:30,zh,2025,11,31|shop:🐾:%a:%a
insight	exp~zz~-5~2026~5~25~_^inc~10~1~2026~5~25~a1^inc~shop~10~2026~5~11~c1^xfer~food~-5~2026~1~28~c1^xfer~%a~0.5~2026~5~25~_^xfer~%a~33.33~2026~5~25~c1^inc~%a~0.5~2026~0~1~_||_,50,2:nan;trans:0,en,2026,5,25|food:🐾:%a:%d
insight	exp~zz~100~2026~5~25~_^exp~%a~100~2025~11~31~c1^exp~2~0.5~2025~11~31~a1^exp~food~10~2026~0~1~a1^exp~shop~100~2025~11~31~_||nan,50,rent:1;2:30,en,2025,11,31|
insight	inc~10~25.5~2026~5~10~a1^xfer~10~-5~2026~0~1~_^exp~10~nan~2026~5~10~_^exp~trans~-5~2026~0~1~c1^exp~trans~-5~2026~5~10~c1^exp~%a~1~2026~5~10~_^exp~rent~1~2026~0~1~_^exp~shop~100~2026~5~10~c1||nan,0,shop:10;10:0;2:30,en,2026,5,10|10:🐾:%b:Custom
credit	xfer~food~33.33~2026~5~10~a1^exp~shop~100~2025~11~31~a1^exp~2~1~2026~1~28~c1^xfer~rent~10~2026~5~11~a1^exp~%a~10~2026~1~28~_^exp~10~0~2026~1~28~_^exp~10~nan~2026~0~1~a1|c1~卡c1~~credit~-100~15~20|1000,1000,rent:100;%a:0;trans:nan,en,2026,1,28|
insight	xfer~2~nan~2026~0~1~a1||_,1000,2:-1,zh,2026,0,1|
credit	xfer~10~100~2026~5~25~_^exp~10~0~2025~11~31~_^inc~trans~10~2026~5~25~c1^exp~rent~10~2026~5~25~c1^xfer~food~100~2025~11~31~_|c1~卡c1~Card c1~credit~100~15~_|120,1000,zz:1;10:30;%a:30,zh,2026,5,25|
insight	||0,_,trans:nan,en,2026,5,11|
insight	inc~%a~33.33~2026~5~11~a1||nan,0,%a:100;trans:30,zh,2026,5,11|
insight	inc~trans~nan~2026~1~28~a1^exp~2~1~2026~1~28~c1||-100,_,zz:-1;10:30;rent:-1,en,2026,1,28|
insight	exp~trans~25.5~2026~5~10~a1^inc~food~33.33~2026~5~10~a1||100,20,,en,2026,5,10|
credit	inc~zz~-5~2026~1~28~c1^exp~rent~nan~2026~5~25~c1^exp~10~nan~2026~5~25~_^xfer~zz~10~2026~5~25~c1^exp~shop~10~2026~5~25~a1^exp~shop~nan~2026~5~10~_^exp~food~0~2026~5~25~a1^inc~10~0~2026~5~25~a1|c1~卡c1~~credit~0~10~20|-100,0,zz:0,zh,2026,5,25|
credit	xfer~food~0.5~2026~0~1~a1^xfer~rent~0.5~2026~0~1~_|c1~卡c1~~credit~-100~25~20^c2~卡c2~~credit~-100~10~25|1000,50,trans:1;zz:10;%a:-1,zh,2026,0,1|
insight	exp~zz~0.5~2026~5~25~_||1000,1000,zz:30;trans:30,en,2026,5,25|food:🐾:自定义:%a
credit	exp~rent~10~2026~5~11~a1^exp~food~25.5~2026~5~11~a1^xfer~2~33.33~2026~5~11~c1^exp~trans~0~2026~1~28~_|c1~卡c1~Card c1~credit~0~25~25^c2~卡c2~~credit~0~15~25|100,20,zz:100,en,2026,5,11|
insight	exp~rent~0.5~2026~5~10~c1^xfer~food~10~2026~0~1~_^exp~zz~1~2026~0~1~_^exp~shop~0.5~2026~1~28~a1^inc~zz~1~2026~0~1~a1^inc~%a~0.5~2026~0~1~a1||0,_,%a:-1;trans:0;shop:1;zz:-1,zh,2026,0,1|
insight	inc~10~100~2026~5~11~a1||0,50,food:10;rent:10;trans:nan,en,2026,1,28|2:🐾:自定义:Custom
credit	exp~2~0.5~2025~11~31~a1^exp~rent~-5~2026~1~28~a1^exp~shop~25.5~2026~1~28~c1^exp~food~-5~2025~11~31~_^exp~%a~0.5~2025~11~31~c1^xfer~%a~0~2025~11~31~_^exp~shop~100~2026~5~25~a1|c1~卡c1~~credit~-100~15~10|0,_,food:0;trans:1;zz:-1,en,2025,11,31|zz:🐾:%a:%d
insight	||_,50,trans:30;shop:1;zz:10,en,2026,5,10|10:🐾:%b:%d
insight	exp~shop~25.5~2026~5~25~a1^xfer~rent~0~2026~5~25~c1^exp~shop~0~2026~5~25~_^exp~%a~10~2026~5~25~c1^exp~shop~1~2026~5~25~_^inc~shop~0~2026~5~25~a1^exp~10~33.33~2026~5~25~c1^xfer~%a~1~2026~0~1~a1||120,20,10:100,en,2026,5,25|food:🐾:%a:Custom
insight	exp~trans~0.5~2025~11~31~c1||100,1000,zz:100,zh,2025,11,31|
credit	inc~food~0.5~2026~0~1~_^exp~zz~-5~2026~0~1~_^exp~2~100~2026~0~1~_^xfer~zz~25.5~2026~0~1~c1^exp~shop~1~2026~5~10~a1^exp~shop~100~2026~5~25~c1^xfer~%a~10~2026~0~1~_|c1~卡c1~Card c1~credit~100~25~20^c2~卡c2~~credit~100~25~20|-100,nan,,zh,2026,0,1|
insight	inc~trans~0.5~2026~5~11~c1^xfer~2~0~2026~1~28~_^exp~zz~0.5~2026~5~11~c1^exp~10~-5~2026~5~11~_^inc~rent~0~2026~5~11~a1||-100,_,,en,2026,5,11|
credit	exp~zz~25.5~2026~5~11~a1|c1~卡c1~~credit~-100~10~25^c2~卡c2~Card c2~credit~-100~25~20|_,20,10:10;food:30;zz:10,en,2026,5,11|
insight	xfer~zz~-5~2026~5~25~c1^exp~2~1~2026~5~25~c1^exp~shop~100~2026~5~25~_^xfer~2~25.5~2026~5~25~c1^exp~shop~0~2026~5~11~a1^exp~rent~10~2026~5~25~a1^exp~shop~1~2026~5~25~_^exp~%a~33.33~2026~5~25~_||0,_,zz:nan,en,2026,5,25|trans:🐾:自定义:%d
insight	exp~2~0~2026~5~25~a1^exp~%a~0~2026~5~10~c1^exp~zz~0~2026~5~25~c1^exp~rent~33.33~2026~1~28~_^inc~%a~-5~2026~5~25~_||0,50,2:-1;zz:100,zh,2026,5,25|
insight	xfer~2~1~2026~0~1~c1^exp~10~0~2025~11~31~c1||120,50,trans:1;10:30,zh,2026,0,1|
credit	exp~2~100~2026~1~28~a1^exp~2~nan~2026~5~11~a1^exp~zz~1~2026~5~25~a1^exp~rent~25.5~2026~5~11~_^exp~rent~-5~2026~1~28~_^exp~shop~10~2026~1~28~a1^inc~2~1~2026~1~28~c1^inc~%a~25.5~2026~1~28~_|c1~卡c1~~credit~0~25~_^c2~卡c2~~credit~-100~15~20|0,20,trans:-1;food:nan;10:100,en,2026,1,28|
insight	xfer~trans~nan~2025~11~31~a1^exp~10~0.5~2026~5~11~_||-100,_,,zh,2025,11,31|
insight	exp~shop~1~2026~0~1~_^exp~trans~-5~2026~5~11~_^exp~rent~0.5~2026~0~1~_^inc~food~0.5~2026~0~1~a1^exp~trans~1~2025~11~31~c1^exp~2~-5~2026~5~11~_||1000,1000,%a:10;zz:30;2:10;shop:nan,zh,2026,0,1|
insight	inc~trans~25.5~2026~5~10~c1^exp~zz~-5~2026~0~1~c1^exp~10~0~2026~5~10~a1^exp~10~nan~2026~0~1~_||0,50,2:1,zh,2026,0,1|food:🐾:%b:%d
credit	exp~trans~0.5~2026~5~11~c1^xfer~%a~0~2026~5~11~_^xfer~zz~0~2026~5~11~a1^xfer~10~25.5~2026~5~11~a1^inc~shop~nan~2026~5~10~c1^exp~2~-5~2026~5~11~a1^exp~2~0~2026~5~11~c1|c1~卡c1~Card c1~credit~-100~10~20|_,50,shop:nan;2:0;%a:100;10:10,zh,2026,5,11|
credit	inc~food~nan~2026~5~10~a1^xfer~2~33.33~2026~5~11~a1^xfer~trans~0.5~2026~5~25~_^exp~shop~0.5~2026~5~25~c1^xfer~rent~10~2026~5~11~c1|c1~卡c1~_~credit~0~25~20|0,20,food:1;zz:0;shop:10,zh,2026,5,25|
credit	exp~food~25.5~2025~11~31~_^exp~trans~0.5~2026~0~1~c1^exp~2~-5~2026~1~28~_^inc~2~100~2026~5~11~_^xfer~zz~10~2026~5~25~c1^exp~shop~100~2026~0~1~_|c1~卡c1~_~credit~-100~25~_|_,20,,zh,2026,0,1|shop:🐾:%b:Custom
insight	||_,nan,shop:30;trans:1;zz:nan,zh,2026,5,11|
insight	exp~2~0.5~2026~1~28~_||0,nan,%a:0,zh,2026,0,1|
insight	inc~food~0~2026~1~28~_^exp~shop~nan~2026~5~25~a1^exp~rent~-5~2026~1~28~_^xfer~shop~10~2026~1~28~c1^exp~10~nan~2026~1~28~c1^xfer~zz~0~2025~11~31~_||nan,_,,zh,2026,1,28|
credit	inc~food~1~2026~5~11~a1^inc~%a~nan~2026~5~25~a1^xfer~rent~25.5~2025~11~31~a1^inc~rent~-5~2026~5~11~c1|c1~卡c1~~credit~100~10~_^c2~卡c2~_~credit~-100~10~25|_,_,shop:-1;food:100,zh,2026,5,11|
insight	inc~2~25.5~2026~5~25~_^xfer~trans~33.33~2026~5~25~_^xfer~shop~33.33~2026~5~25~c1^xfer~10~0.5~2026~5~25~a1^inc~rent~-5~2026~5~25~c1^inc~zz~0.5~2026~0~1~_||nan,20,zz:0;shop:0;trans:-1;food:10,en,2026,5,25|
credit	xfer~2~0.5~2026~1~28~c1^xfer~zz~100~2026~5~11~_^exp~%a~0.5~2026~1~28~_^inc~rent~10~2026~5~11~_^exp~shop~33.33~2025~11~31~_^xfer~rent~25.5~2026~1~28~a1^xfer~zz~0.5~2025~11~31~a1^exp~shop~10~2026~1~28~_|c1~卡c1~_~credit~100~10~20^c2~卡c2~~credit~0~15~10|1000,nan,2:nan;10:1;rent:0,zh,2026,1,28|2:🐾:自定义:%d
credit	xfer~%a~0~2026~0~1~c1^exp~food~0~2026~1~28~c1^xfer~rent~25.5~2026~1~28~_^xfer~2~nan~2026~1~28~c1^exp~rent~10~2026~1~28~c1^exp~food~nan~2026~0~1~a1|c1~卡c1~~credit~-100~10~10^c2~卡c2~Card c2~credit~-100~15~25|0,20,10:1;food:10,en,2026,1,28|%a:🐾:自定义:%d
insight	||100,1000,rent:10,zh,2026,1,28|
credit	xfer~2~0.5~2026~5~10~c1^xfer~zz~nan~2026~5~10~c1^exp~2~33.33~2026~5~10~c1^exp~rent~25.5~2026~5~10~_^exp~food~25.5~2026~5~10~a1^exp~rent~33.33~2026~5~10~a1|c1~卡c1~~credit~-100~15~10|_,nan,rent:0;%a:30,zh,2026,5,10|
insight	exp~shop~-5~2026~0~1~_||1000,0,%a:0;trans:1;rent:30,zh,2026,5,25|zz:🐾:%a:Custom
insight	exp~trans~nan~2026~0~1~c1^exp~trans~10~2026~0~1~_^exp~food~100~2026~0~1~c1^exp~10~0.5~2026~0~1~a1||120,20,2:100;shop:100;trans:nan,en,2026,0,1|
insight	exp~food~0.5~2025~11~31~c1^exp~food~0.5~2026~5~25~_^exp~food~1~2026~5~11~c1^inc~%a~10~2026~5~11~c1^exp~10~0.5~2026~5~11~_||0,1000,rent:100,zh,2026,5,11|%a:🐾:自定义:%d
insight	exp~shop~10~2026~0~1~c1^xfer~rent~-5~2026~5~11~c1^exp~trans~nan~2025~11~31~a1^xfer~10~0~2026~5~10~c1^exp~2~100~2026~0~1~_^xfer~trans~25.5~2025~11~31~c1||_,50,trans:100;food:100;rent:100;zz:10,zh,2026,0,1|2:🐾:%b:Custom
insight	exp~2~25.5~2026~5~11~_^exp~2~25.5~2026~1~28~a1^exp~zz~0.5~2026~5~11~a1^exp~10~0.5~2026~5~11~a1^inc~shop~25.5~2025~11~31~a1^exp~zz~0~2026~5~11~a1||_,20,%a:10;10:10,zh,2026,5,11|
credit	inc~trans~nan~2026~0~1~c1^exp~%a~nan~2026~0~1~c1^exp~rent~0.5~2025~11~31~c1|c1~卡c1~Card c1~credit~100~15~10|nan,20,%a:1;10:100;food:-1;2:nan,en,2026,0,1|
credit	exp~rent~0~2026~5~25~a1^exp~food~-5~2026~1~28~a1^xfer~2~0.5~2026~1~28~c1|c1~卡c1~_~credit~0~25~10^c2~卡c2~_~credit~0~25~20|1000,1000,,en,2026,1,28|
insight	exp~shop~33.33~2026~5~25~c1^xfer~rent~-5~2026~1~28~a1^exp~trans~33.33~2026~5~10~c1^exp~2~nan~2026~0~1~c1^xfer~%a~-5~2026~1~28~c1^exp~10~10~2026~5~11~a1^exp~shop~10~2026~1~28~a1^exp~food~10~2026~1~28~_||nan,50,2:1;trans:nan;zz:30;%a:nan,zh,2026,1,28|
insight	exp~10~0~2026~5~11~_^xfer~%a~0.5~2025~11~31~_^exp~food~1~2026~1~28~c1^exp~food~10~2026~0~1~a1^exp~10~nan~2026~5~25~c1^exp~food~1~2026~1~28~c1^exp~2~10~2026~5~25~a1^exp~2~-5~2025~11~31~c1||1000,0,%a:30;2:1;10:30;zz:-1,en,2026,0,1|
credit	inc~%a~10~2026~5~10~c1^xfer~2~-5~2026~5~25~c1^exp~trans~33.33~2026~5~10~a1^xfer~food~10~2026~5~11~_^exp~2~0~2026~5~10~c1^inc~trans~100~2026~5~10~_^exp~shop~-5~2025~11~31~a1^inc~rent~nan~2026~5~10~_|c1~卡c1~~credit~-100~15~25|-100,0,zz:nan;food:10;10:10;%a:-1,en,2026,5,10|
credit	exp~2~0.5~2026~5~11~_^xfer~zz~10~2026~5~10~c1^exp~10~33.33~2025~11~31~c1^inc~10~nan~2025~11~31~_^exp~%a~nan~2025~11~31~a1^exp~2~nan~2025~11~31~_^exp~%a~1~2025~11~31~c1|c1~卡c1~~credit~0~25~_|-100,50,food:30;10:-1;shop:0,zh,2025,11,31|10:🐾:自定义:%a
insight	exp~rent~100~2026~1~28~c1^exp~10~0~2026~1~28~_^exp~%a~100~2026~1~28~a1||100,20,zz:10;10:0;shop:-1,zh,2026,1,28|
credit	exp~food~0~2026~5~25~c1^exp~food~0.5~2026~1~28~c1|c1~卡c1~~credit~-100~25~25|_,20,%a:1;10:10;zz:0,en,2026,5,25|
insight	inc~food~33.33~2026~1~28~a1^exp~rent~33.33~2026~1~28~a1^xfer~shop~-5~2026~0~1~a1^inc~%a~25.5~2026~0~1~a1||100,1000,shop:-1;rent:100;food:1,zh,2026,0,1|
credit	xfer~%a~1~2026~5~25~c1^xfer~zz~0.5~2026~5~25~a1^exp~2~1~2026~5~10~a1^exp~trans~25.5~2026~5~25~_^exp~2~10~2026~5~25~_|c1~卡c1~~credit~-100~15~20|nan,nan,trans:10,zh,2026,5,25|
insight	exp~trans~-5~2026~5~10~a1^exp~2~100~2026~5~11~a1^xfer~zz~-5~2026~5~10~c1^exp~food~10~2026~5~10~_^inc~shop~10~2026~5~10~c1||-100,_,trans:-1;food:30,en,2026,5,10|
insight	exp~shop~25.5~2026~5~11~c1^exp~%a~nan~2026~5~10~a1^exp~zz~-5~2026~5~10~c1^exp~rent~nan~2026~5~10~_^exp~%a~10~2026~5~10~a1^inc~%a~0.5~2026~0~1~_^xfer~%a~10~2026~5~10~c1^exp~rent~33.33~2026~5~11~c1||120,0,shop:30,zh,2026,5,10|
credit	inc~%a~25.5~2026~5~25~c1^exp~10~33.33~2026~5~25~a1|c1~卡c1~~credit~0~25~_^c2~卡c2~_~credit~-100~15~10|1000,1000,10:nan,en,2026,5,25|
insight	exp~zz~10~2026~0~1~c1^exp~10~33.33~2026~0~1~_^xfer~rent~1~2026~0~1~a1^xfer~food~0~2026~5~11~a1^exp~10~33.33~2026~0~1~a1^exp~rent~0~2026~0~1~_^exp~rent~25.5~2025~11~31~_||0,nan,rent:1;zz:nan;shop:100,zh,2026,0,1|
credit	inc~trans~33.33~2026~0~1~a1^exp~trans~0.5~2026~5~25~a1^xfer~2~100~2026~5~25~_^xfer~shop~100~2026~5~25~c1^exp~food~0~2026~5~25~_^xfer~shop~33.33~2025~11~31~c1^exp~trans~100~2025~11~31~a1^exp~trans~1~2026~5~25~a1|c1~卡c1~Card c1~credit~100~15~25^c2~卡c2~Card c2~credit~100~15~_|nan,1000,shop:0,zh,2026,5,25|
insight	inc~2~nan~2026~5~10~_^exp~zz~0~2026~5~10~_^exp~2~10~2026~0~1~_^xfer~zz~0~2026~5~10~_||120,20,food:30;shop:0;2:nan;trans:nan,zh,2026,5,10|
credit	xfer~shop~100~2026~0~1~c1^inc~zz~1~2025~11~31~_^exp~trans~0~2026~5~25~a1^exp~food~33.33~2025~11~31~c1^exp~shop~25.5~2025~11~31~a1^exp~zz~25.5~2025~11~31~a1|c1~卡c1~~credit~0~15~20^c2~卡c2~~credit~-100~15~_|1000,1000,10:-1;2:-1,en,2025,11,31|zz:🐾:自定义:Custom
insight	inc~2~1~2026~5~10~c1^exp~zz~100~2025~11~31~c1^exp~trans~25.5~2025~11~31~_^exp~food~25.5~2025~11~31~_||nan,1000,2:30,zh,2025,11,31|
insight	exp~food~33.33~2026~0~1~_^exp~food~nan~2025~11~31~_^xfer~food~nan~2026~0~1~a1^exp~trans~0.5~2026~0~1~_^exp~10~0.5~2026~0~1~c1||nan,50,%a:1;rent:1;trans:30;2:nan,zh,2026,0,1|shop:🐾:%b:%d
insight	exp~2~10~2025~11~31~c1^exp~%a~33.33~2025~11~31~c1||nan,20,shop:0;10:100;trans:0,zh,2025,11,31|
credit	|c1~卡c1~_~credit~100~15~20^c2~卡c2~~credit~-100~25~25|120,0,,zh,2026,0,1|
insight	exp~%a~33.33~2025~11~31~a1^exp~zz~-5~2026~5~10~_^exp~trans~1~2026~5~25~a1^inc~zz~25.5~2026~5~25~a1^exp~food~0~2026~1~28~c1^xfer~10~0~2025~11~31~a1^exp~10~10~2026~5~25~a1||nan,0,,zh,2026,5,25|
insight	exp~shop~1~2026~5~25~_^exp~rent~33.33~2026~5~25~c1^exp~trans~-5~2026~5~11~a1^exp~food~100~2026~5~10~_^exp~zz~33.33~2026~5~25~_^exp~food~100~2026~5~25~_^exp~shop~-5~2026~5~25~a1||120,nan,%a:0;shop:-1;food:nan;trans:-1,en,2026,5,25|
insight	||120,_,10:1,en,2026,0,1|
credit	exp~rent~nan~2026~1~28~a1^xfer~2~nan~2026~5~11~c1^inc~zz~33.33~2026~0~1~a1|c1~卡c1~_~credit~100~10~20|0,1000,food:10;2:30;shop:10;10:10,zh,2026,0,1|
insight	exp~10~0~2026~5~25~_^xfer~10~25.5~2026~5~25~c1^exp~trans~0.5~2026~5~25~c1^exp~%a~0~2026~5~25~c1^exp~zz~33.33~2026~0~1~a1||nan,_,10:-1,en,2026,5,25|
insight	exp~trans~33.33~2026~5~11~a1^exp~shop~1~2026~0~1~_||1000,nan,%a:30;trans:-1,en,2026,5,11|
credit	xfer~trans~-5~2026~5~25~c1^exp~food~0~2026~5~11~c1^inc~%a~0.5~2026~5~25~_^exp~shop~0~2026~5~25~a1^exp~zz~25.5~2026~5~25~a1^exp~trans~100~2026~5~25~_^inc~zz~0~2026~5~25~_|c1~卡c1~_~credit~0~10~_|_,50,,zh,2026,5,25|
insight	exp~rent~1~2026~1~28~a1||nan,0,trans:0;zz:30;shop:0,en,2026,1,28|
insight	exp~10~1~2026~0~1~c1^exp~zz~0.5~2025~11~31~_||100,20,10:100,zh,2026,0,1|
insight	||120,20,trans:30;%a:30;rent:0;shop:30,en,2026,5,11|
insight	exp~zz~25.5~2026~1~28~_^exp~10~nan~2026~0~1~a1^inc~shop~0.5~2025~11~31~_^exp~2~0.5~2026~1~28~c1||_,nan,trans:10;%a:10;zz:30,en,2026,1,28|zz:🐾:%a:Custom
insight	exp~food~0.5~2026~1~28~a1^exp~rent~-5~2026~0~1~a1^xfer~%a~nan~2025~11~31~c1^exp~zz~25.5~2026~0~1~a1^exp~rent~0~2026~1~28~c1^inc~10~1~2026~1~28~a1^exp~%a~100~2026~5~11~c1||-100,_,rent:nan,zh,2026,1,28|
insight	xfer~trans~nan~2026~1~28~a1^exp~%a~25.5~2025~11~31~_^xfer~%a~10~2025~11~31~c1^exp~10~33.33~2025~11~31~c1^exp~2~33.33~2025~11~31~a1||-100,_,food:-1;2:-1,en,2025,11,31|%a:🐾:自定义:%d
insight	||100,nan,2:30;rent:nan;%a:nan,en,2026,5,10|
insight	exp~10~25.5~2025~11~31~c1^exp~trans~33.33~2025~11~31~c1^inc~shop~10~2025~11~31~_^exp~shop~nan~2026~5~10~c1^exp~%a~25.5~2026~5~25~_^exp~shop~100~2025~11~31~a1||nan,20,10:100,en,2025,11,31|
insight	xfer~food~33.33~2025~11~31~_^exp~zz~nan~2026~1~28~c1^exp~shop~25.5~2026~0~1~c1^exp~%a~100~2025~11~31~_^exp~rent~-5~2025~11~31~c1^exp~food~1~2025~11~31~a1||_,1000,rent:1;2:nan;trans:10;%a:-1,zh,2025,11,31|
credit	xfer~rent~0~2026~5~25~_^exp~2~-5~2026~0~1~_^xfer~shop~-5~2026~5~11~c1^exp~2~10~2026~0~1~_^exp~rent~0~2026~0~1~a1^exp~zz~10~2026~0~1~_|c1~卡c1~~credit~100~10~25^c2~卡c2~_~credit~-100~10~25|120,_,zz:0;food:10,zh,2026,0,1|shop:🐾:%a:Custom
insight	exp~2~1~2025~11~31~a1^exp~zz~100~2026~1~28~_^inc~zz~-5~2026~0~1~_||nan,nan,zz:-1;shop:100;10:-1,zh,2026,0,1|
credit	exp~zz~1~2026~5~11~c1^exp~2~25.5~2026~5~25~c1|c1~卡c1~~credit~-100~10~25^c2~卡c2~_~credit~-100~10~_|100,_,%a:-1;2:30,en,2025,11,31|
credit	|c1~卡c1~_~credit~100~25~10|0,nan,,en,2026,5,10|
insight	inc~shop~1~2025~11~31~_^exp~trans~33.33~2026~5~25~a1||_,_,shop:nan,zh,2026,5,25|10:🐾:自定义:%d
credit	exp~zz~33.33~2026~5~10~a1^exp~2~33.33~2026~5~25~a1|c1~卡c1~~credit~-100~25~25^c2~卡c2~~credit~0~25~20|nan,nan,zz:100,en,2026,5,10|
insight	exp~zz~nan~2026~1~28~_||_,0,,zh,2026,1,28|
credit	exp~10~0~2026~5~10~c1^inc~10~-5~2026~0~1~a1^inc~food~25.5~2026~0~1~_^xfer~%a~-5~2026~0~1~a1^exp~food~0~2026~5~11~a1^inc~rent~33.33~2026~0~1~_^xfer~%a~0~2026~0~1~a1^exp~trans~100~2025~11~31~_|c1~卡c1~~credit~0~15~20|1000,0,trans:1;2:1,en,2026,0,1|
credit	exp~%a~0.5~2025~11~31~c1^exp~rent~-5~2026~1~28~c1|c1~卡c1~~credit~100~15~_|nan,0,zz:30;food:10,zh,2026,1,28|
insight	exp~2~1~2026~1~28~c1^xfer~food~100~2026~1~28~_^exp~shop~1~2026~1~28~_^exp~trans~100~2025~11~31~_^exp~%a~-5~2025~11~31~c1^inc~zz~nan~2026~0~1~_||nan,50,food:0,zh,2026,1,28|2:🐾:%b:Custom
insight	xfer~food~25.5~2026~0~1~_^exp~10~nan~2026~0~1~_||0,_,zz:nan;10:30;shop:30,zh,2026,0,1|
credit	exp~10~33.33~2026~5~11~c1^xfer~2~0~2026~5~11~_^inc~10~1~2025~11~31~c1^inc~zz~10~2026~5~11~_^xfer~%a~-5~2026~5~25~c1^exp~zz~0~2026~5~11~a1^exp~trans~0.5~2026~5~11~a1|c1~卡c1~_~credit~0~10~10^c2~卡c2~~credit~-100~10~_|nan,1000,rent:0;%a:nan,zh,2026,5,11|
insight	exp~10~1~2026~5~25~c1^inc~2~100~2026~1~28~c1^exp~rent~0~2026~0~1~_^xfer~%a~-5~2026~5~25~c1^exp~%a~-5~2026~5~25~a1||120,50,zz:nan;food:1;rent:-1;shop:-1,en,2026,5,25|2:🐾:%a:%a
insight	exp~food~0~2026~5~25~a1^inc~zz~25.5~2025~11~31~a1^exp~food~100~2026~5~25~c1^xfer~food~nan~2026~5~25~a1^exp~trans~10~2026~5~25~a1^exp~%a~1~2026~5~25~_||0,0,shop:30;10:100;2:10,zh,2026,5,25|
insight	exp~shop~-5~2026~5~10~_^xfer~zz~33.33~2026~5~10~c1^inc~food~33.33~2026~5~10~c1^exp~10~10~2026~5~10~_^exp~food~33.33~2026~5~10~a1||-100,_,,en,2026,5,10|
credit	xfer~zz~10~2026~5~10~c1|c1~卡c1~~credit~0~15~25|-100,20,10:nan,zh,2026,5,10|
credit	exp~shop~33.33~2025~11~31~c1^inc~zz~nan~2026~5~25~_^exp~zz~10~2025~11~31~a1^inc~trans~100~2026~5~11~c1^xfer~trans~33.33~2025~11~31~a1^exp~2~-5~2026~1~28~c1|c1~卡c1~_~credit~0~25~25^c2~卡c2~Card c2~credit~-100~25~20|0,20,2:nan,zh,2025,11,31|
insight	exp~%a~nan~2026~5~11~_^exp~10~33.33~2026~5~11~c1^exp~trans~0.5~2026~5~11~c1^xfer~rent~25.5~2026~1~28~a1^inc~2~33.33~2026~5~11~_^exp~%a~0.5~2026~5~11~c1^exp~shop~100~2026~5~11~_^exp~trans~-5~2026~5~11~c1||nan,nan,2:0;trans:-1,zh,2026,5,11|food:🐾:自定义:%a
insight	inc~%a~0.5~2026~5~10~c1^xfer~zz~0~2026~0~1~c1^exp~trans~nan~2026~0~1~a1^exp~rent~1~2026~1~28~c1^exp~%a~0.5~2026~5~10~c1^xfer~trans~0.5~2026~0~1~_||-100,0,shop:1,zh,2026,0,1|
insight	exp~2~25.5~2026~5~11~c1||-100,1000,food:100,zh,2026,5,11|food:🐾:%b:%a
insight	exp~shop~0~2026~5~10~_^exp~food~33.33~2026~5~10~_^inc~%a~33.33~2026~5~10~_^exp~shop~25.5~2026~5~10~c1^exp~10~33.33~2026~5~10~c1^xfer~2~0~2026~5~10~c1^exp~%a~nan~2026~5~10~a1||0,_,rent:0,en,2026,5,10|
insight	inc~10~10~2026~5~25~a1^exp~zz~25.5~2026~5~25~a1^inc~food~nan~2026~5~25~_||_,50,,en,2026,5,25|zz:🐾:%b:%a
credit	exp~rent~0.5~2026~5~25~_|c1~卡c1~~credit~0~10~25^c2~卡c2~~credit~100~10~20|_,nan,,zh,2026,5,25|
insight	||100,50,trans:100;%a:100,zh,2026,5,10|
credit	xfer~2~0~2025~11~31~c1^exp~rent~33.33~2026~5~11~a1^exp~10~-5~2025~11~31~_^inc~shop~0.5~2025~11~31~_^inc~2~0.5~2026~5~11~_^xfer~trans~0.5~2026~5~25~c1^inc~food~0.5~2026~5~25~c1|c1~卡c1~_~credit~0~10~10|1000,0,%a:30,en,2025,11,31|food:🐾:%b:Custom
insight	inc~zz~33.33~2026~5~11~a1^exp~trans~1~2026~5~11~a1^exp~zz~nan~2026~5~11~a1^exp~shop~0~2025~11~31~_^inc~zz~0.5~2026~5~11~_^exp~zz~25.5~2026~5~11~c1^exp~%a~0.5~2026~5~11~_||nan,20,zz:10,en,2026,5,11|
credit	inc~zz~0.5~2026~1~28~a1^xfer~trans~33.33~2026~0~1~c1^exp~2~0.5~2026~0~1~c1^exp~rent~10~2026~0~1~c1^exp~zz~1~2026~0~1~c1^exp~trans~25.5~2025~11~31~a1^exp~10~1~2026~1~28~a1^exp~food~25.5~2026~0~1~a1|c1~卡c1~~credit~0~25~20|1000,20,shop:1;rent:1;10:10,zh,2026,0,1|
insight	||nan,50,rent:1;trans:nan;shop:0;%a:100,zh,2026,5,25|10:🐾:自定义:%a
insight	xfer~rent~0.5~2026~5~11~a1^exp~rent~-5~2026~1~28~a1^inc~10~-5~2026~0~1~a1^xfer~10~100~2026~5~11~a1^xfer~food~33.33~2026~5~11~c1^exp~food~25.5~2026~5~11~_^exp~zz~10~2026~5~11~a1^exp~zz~0~2026~1~28~_||-100,20,10:30,en,2026,5,11|
insight	exp~food~1~2026~5~10~a1^xfer~10~25.5~2025~11~31~c1^inc~shop~0.5~2026~5~10~c1^exp~trans~0.5~2026~5~10~_||0,_,shop:0;food:0;2:nan,en,2026,5,10|
insight	exp~2~-5~2026~0~1~c1||120,1000,food:-1;zz:nan;rent:10;10:-1,en,2026,0,1|
insight	exp~zz~25.5~2025~11~31~a1^exp~2~25.5~2025~11~31~c1||120,50,food:30,en,2025,11,31|
insight	inc~trans~25.5~2026~5~10~_||-100,0,10:30;zz:30,zh,2026,5,10|
insight	exp~food~0~2025~11~31~a1^inc~rent~0.5~2026~5~11~c1^exp~%a~1~2026~0~1~c1^exp~%a~nan~2026~0~1~_^exp~2~33.33~2026~5~11~a1^inc~10~0.5~2026~5~11~c1^exp~shop~100~2025~11~31~_||100,0,trans:1;2:-1;shop:0;10:nan,en,2026,0,1|
credit	|c1~卡c1~_~credit~-100~10~10^c2~卡c2~Card c2~credit~0~15~20|100,0,shop:-1;2:10;trans:0,en,2026,5,25|
insight	exp~food~nan~2026~1~28~a1^exp~zz~100~2026~1~28~a1^xfer~rent~25.5~2026~5~10~c1^exp~trans~0~2026~1~28~_^exp~trans~10~2026~0~1~c1^exp~%a~-5~2026~1~28~_||0,nan,food:nan;shop:nan;rent:0,zh,2026,1,28|
credit	exp~10~0~2025~11~31~c1^inc~food~0~2026~5~10~a1^xfer~food~100~2026~5~10~_^exp~%a~nan~2026~5~11~c1^exp~trans~-5~2026~5~10~a1^exp~shop~-5~2025~11~31~a1|c1~卡c1~Card c1~credit~0~25~25^c2~卡c2~_~credit~-100~15~20|-100,nan,10:30;zz:0;2:nan,en,2026,5,10|%a:🐾:%a:%d
insight	inc~shop~10~2026~5~25~a1^exp~2~0~2026~1~28~_^exp~rent~0.5~2026~1~28~_^exp~10~33.33~2026~5~25~c1^exp~10~0.5~2026~0~1~_^exp~zz~0~2026~5~25~c1||120,nan,%a:0;shop:30;zz:30;10:100,en,2026,5,25|trans:🐾:自定义:%d
credit	|c1~卡c1~_~credit~-100~25~25^c2~卡c2~Card c2~credit~0~10~10|nan,0,%a:nan;2:0;shop:100,zh,2026,5,10|
insight	||0,nan,rent:nan,en,2026,1,28|
insight	xfer~2~100~2026~5~10~_^exp~trans~10~2026~1~28~_^exp~shop~25.5~2026~1~28~_^exp~2~25.5~2026~5~11~a1||_,50,,zh,2026,1,28|
insight	xfer~%a~25.5~2025~11~31~_^exp~10~0.5~2025~11~31~a1^inc~2~nan~2025~11~31~_^exp~trans~33.33~2025~11~31~_^inc~%a~-5~2025~11~31~a1^exp~10~10~2025~11~31~_^xfer~2~1~2026~5~11~_^inc~food~-5~2025~11~31~c1||100,_,shop:30,zh,2025,11,31|2:🐾:%b:Custom
insight	exp~2~33.33~2026~1~28~_^exp~2~25.5~2026~1~28~a1^exp~10~25.5~2026~1~28~c1^exp~trans~0.5~2026~1~28~a1^exp~zz~33.33~2026~0~1~c1^exp~zz~10~2026~1~28~_^exp~rent~-5~2026~1~28~_||-100,50,%a:30;zz:nan;2:nan;food:30,en,2026,1,28|10:🐾:%b:%d
insight	inc~food~nan~2026~0~1~a1^inc~trans~-5~2026~5~10~a1^exp~zz~25.5~2026~5~11~c1||-100,50,rent:0;%a:0;shop:30;zz:0,zh,2026,5,10|
insight	exp~food~-5~2026~0~1~c1^exp~trans~25.5~2026~1~28~_^exp~2~33.33~2026~5~25~a1^exp~10~100~2026~5~25~a1^exp~zz~10~2026~5~25~_^inc~zz~100~2026~5~25~a1^exp~food~100~2026~5~25~c1||100,nan,trans:-1,en,2026,5,25|shop:🐾:%a:%a
insight	exp~2~10~2026~5~11~c1^exp~%a~1~2025~11~31~a1^exp~trans~nan~2025~11~31~a1^exp~trans~0.5~2026~5~10~a1^exp~10~33.33~2026~1~28~_^exp~rent~-5~2025~11~31~a1^exp~2~33.33~2026~5~10~c1^inc~zz~25.5~2025~11~31~a1||_,50,2:nan;%a:100;food:10,zh,2025,11,31|%a:🐾:自定义:%d
credit	inc~shop~33.33~2026~5~25~a1^exp~rent~25.5~2026~0~1~_^exp~food~nan~2026~1~28~_^exp~trans~100~2026~5~25~c1|c1~卡c1~Card c1~credit~-100~25~_|1000,_,,en,2026,5,25|
insight	exp~food~0~2025~11~31~_^inc~shop~0~2025~11~31~_^exp~rent~25.5~2026~5~25~a1^exp~food~-5~2026~0~1~_^exp~food~nan~2025~11~31~a1^exp~10~nan~2025~11~31~c1^xfer~trans~25.5~2025~11~31~c1||nan,_,food:0,zh,2025,11,31|
insight	exp~rent~0~2026~0~1~a1||_,nan,trans:1;food:-1;%a:-1;rent:1,zh,2025,11,31|
insight	exp~zz~1~2026~1~28~_^exp~trans~-5~2026~1~28~c1^xfer~trans~-5~2026~0~1~_^exp~10~-5~2026~1~28~c1||nan,nan,food:30;2:-1;10:-1;zz:30,en,2026,1,28|
insight	exp~10~-5~2026~5~10~a1^exp~2~33.33~2026~5~10~_||-100,20,shop:10;%a:nan;2:30;zz:0,en,2026,5,10|trans:🐾:%a:%a
credit	exp~rent~0.5~2026~5~10~c1^exp~%a~-5~2026~0~1~c1^exp~rent~25.5~2026~0~1~a1^inc~2~100~2026~0~1~a1^exp~shop~0~2026~0~1~c1^exp~shop~25.5~2026~5~25~a1^exp~zz~0.5~2026~0~1~c1|c1~卡c1~~credit~-100~10~25|-100,50,2:nan,en,2026,0,1|
insight	xfer~10~10~2026~5~10~a1^exp~zz~nan~2025~11~31~_^exp~food~25.5~2025~11~31~a1^exp~zz~33.33~2026~5~10~c1^exp~zz~25.5~2025~11~31~c1||1000,_,trans:-1;%a:0;10:nan;rent:-1,zh,2025,11,31|
insight	exp~2~0.5~2026~1~28~c1^exp~2~-5~2026~1~28~c1^inc~shop~100~2026~5~25~a1||_,1000,2:0,zh,2026,1,28|10:🐾:自定义:Custom
credit	exp~trans~100~2026~5~25~_^exp~10~-5~2025~11~31~a1^exp~shop~-5~2026~5~11~a1^xfer~trans~0.5~2025~11~31~_^exp~zz~100~2025~11~31~c1^inc~10~0.5~2025~11~31~_|c1~卡c1~Card c1~credit~100~25~10^c2~卡c2~Card c2~credit~0~10~25|1000,0,,en,2025,11,31|
credit	xfer~rent~33.33~2026~5~11~a1^xfer~10~0~2025~11~31~_^exp~trans~-5~2026~1~28~_|c1~卡c1~Card c1~credit~-100~10~_|120,0,zz:100,en,2026,5,11|
insight	inc~trans~10~2025~11~31~c1||0,nan,rent:10;shop:1;10:1;food:-1,zh,2025,11,31|
insight	exp~rent~100~2026~5~10~_^exp~2~33.33~2026~5~10~_^exp~10~-5~2026~5~10~_^exp~2~-5~2026~5~10~c1^inc~2~100~2026~5~25~_^xfer~%a~25.5~2026~5~10~_^xfer~zz~0~2026~5~10~a1||100,_,10:-1;food:nan,zh,2026,5,10|
credit	|c1~卡c1~_~credit~0~10~10^c2~卡c2~Card c2~credit~0~10~20|-100,0,10:nan;rent:10;trans:30,en,2025,11,31|shop:🐾:%a:%a
insight	xfer~zz~25.5~2026~1~28~_^exp~10~nan~2026~0~1~_||nan,50,shop:30,zh,2026,0,1|
insight	exp~shop~25.5~2026~5~11~a1^xfer~2~nan~2026~5~11~_^inc~2~10~2026~5~10~c1||1000,0,shop:0;zz:nan;10:10;rent:10,en,2026,5,11|
insight	inc~shop~nan~2026~0~1~c1^exp~rent~0.5~2026~5~25~c1^exp~trans~0.5~2026~5~25~c1^exp~%a~33.33~2026~5~25~a1^exp~trans~100~2026~5~25~c1||1000,_,10:0;2:1,zh,2026,5,25|
insight	inc~%a~100~2026~1~28~c1^exp~10~10~2026~5~11~a1^exp~food~nan~2026~0~1~c1^xfer~10~25.5~2025~11~31~c1^exp~food~nan~2026~5~11~_||1000,nan,shop:-1;10:30;2:0;trans:10,zh,2026,5,11|
insight	exp~%a~25.5~2025~11~31~a1^exp~food~1~2026~0~1~a1^xfer~%a~0.5~2025~11~31~a1^exp~rent~1~2025~11~31~a1^inc~10~-5~2025~11~31~a1||0,20,trans:10;%a:1;rent:100;zz:0,zh,2025,11,31|
insight	exp~shop~0~2026~5~25~_^exp~10~10~2026~5~25~a1^exp~shop~0.5~2026~5~25~c1^exp~food~0~2026~5~25~a1^xfer~10~10~2026~5~25~a1||-100,1000,shop:-1,zh,2026,5,25|
insight	inc~trans~100~2025~11~31~c1^xfer~rent~100~2026~5~10~c1||_,50,trans:10;rent:1;2:-1;food:nan,zh,2025,11,31|
insight	exp~food~1~2025~11~31~_^xfer~food~25.5~2025~11~31~a1||_,nan,zz:nan,en,2026,5,11|
insight	exp~shop~nan~2026~5~10~c1^inc~2~25.5~2026~5~10~a1^inc~zz~1~2026~5~10~_^exp~zz~0~2026~5~10~a1^exp~trans~0~2026~5~11~_^xfer~10~-5~2026~5~10~a1||120,50,%a:-1;rent:0;food:10;10:1,en,2026,5,10|
credit	exp~2~25.5~2026~5~11~a1|c1~卡c1~Card c1~credit~-100~25~20|_,0,rent:nan;food:-1;%a:nan;2:nan,zh,2026,5,11|
insight	exp~trans~nan~2026~5~10~c1^inc~2~1~2026~1~28~_^exp~shop~33.33~2025~11~31~_^exp~zz~nan~2025~11~31~a1^xfer~shop~nan~2025~11~31~c1||-100,0,,zh,2025,11,31|rent:🐾:%a:Custom
insight	xfer~10~33.33~2026~1~28~c1^exp~%a~10~2026~1~28~c1^exp~shop~10~2026~1~28~_||-100,50,trans:0;2:0;zz:nan,zh,2026,1,28|
insight	exp~10~nan~2026~5~11~_^xfer~10~100~2026~5~11~_^inc~shop~100~2026~5~25~_^inc~food~10~2026~0~1~c1^inc~rent~1~2026~5~11~a1||1000,20,rent:1;zz:1;2:-1;%a:-1,zh,2026,5,11|
insight	exp~shop~0~2026~1~28~a1^exp~shop~0.5~2026~0~1~a1^exp~zz~nan~2026~5~10~c1^exp~shop~0~2026~1~28~_^xfer~%a~100~2026~1~28~c1||120,1000,,zh,2026,1,28|
insight	xfer~trans~1~2026~1~28~a1^xfer~food~10~2025~11~31~a1^exp~shop~nan~2026~5~25~c1||0,_,2:30,en,2026,5,25|
insight	xfer~shop~0.5~2026~5~11~a1^exp~trans~-5~2026~5~11~a1^exp~%a~33.33~2026~5~11~c1^xfer~food~0~2026~5~11~a1^exp~trans~100~2026~5~11~_^exp~food~100~2025~11~31~a1^exp~shop~0~2026~5~11~_||120,nan,2:10;10:1;rent:nan;trans:nan,zh,2026,5,11|
insight	exp~food~33.33~2026~0~1~c1^exp~rent~33.33~2026~0~1~_^exp~shop~0.5~2026~0~1~a1^inc~food~33.33~2026~0~1~a1^exp~food~25.5~2026~0~1~c1||nan,20,rent:10;food:10;shop:10,zh,2026,0,1|
insight	exp~zz~nan~2026~5~25~c1^exp~%a~0.5~2026~5~25~c1^exp~zz~0.5~2026~5~25~_^exp~zz~10~2025~11~31~_^exp~rent~1~2026~5~11~a1^exp~2~1~2026~5~25~a1||_,_,,zh,2026,5,25|
credit	|c1~卡c1~~credit~100~10~_|100,nan,rent:nan,en,2026,5,25|
credit	inc~rent~-5~2025~11~31~_^exp~zz~33.33~2026~0~1~c1|c1~卡c1~~credit~0~25~_^c2~卡c2~Card c2~credit~-100~15~20|100,50,2:nan;rent:100,en,2025,11,31|
insight	exp~rent~0.5~2026~5~11~_^exp~trans~25.5~2025~11~31~_^exp~rent~0.5~2026~5~11~c1^exp~%a~-5~2026~5~11~c1^inc~trans~10~2026~5~10~c1^inc~food~10~2026~5~11~_||100,1000,%a:100,en,2026,5,11|
insight	||120,_,zz:30;2:10,en,2026,0,1|
credit	xfer~2~0.5~2026~5~10~c1^xfer~zz~33.33~2025~11~31~a1^exp~10~25.5~2025~11~31~a1^inc~%a~10~2025~11~31~_^exp~zz~0.5~2026~5~11~c1^exp~2~1~2025~11~31~a1^exp~shop~1~2025~11~31~_|c1~卡c1~~credit~100~25~20|-100,nan,zz:nan,en,2025,11,31|
insight	||_,0,,en,2026,5,25|
credit	exp~10~0.5~2026~1~28~_^exp~zz~33.33~2026~1~28~_^exp~rent~10~2026~5~25~a1^exp~zz~1~2026~1~28~_^exp~trans~25.5~2026~5~25~c1|c1~卡c1~~credit~0~25~20^c2~卡c2~_~credit~-100~10~20|0,0,shop:1;10:nan;2:-1,en,2026,1,28|
credit	inc~trans~0.5~2026~1~28~_^xfer~%a~33.33~2025~11~31~c1^xfer~shop~1~2026~5~25~a1|c1~卡c1~Card c1~credit~0~25~25^c2~卡c2~Card c2~credit~0~25~20|nan,1000,zz:0;%a:100,zh,2025,11,31|2:🐾:%a:%a
insight	exp~shop~0.5~2026~1~28~c1^inc~shop~nan~2026~1~28~_^inc~shop~1~2026~1~28~a1^exp~%a~100~2026~1~28~a1^exp~zz~100~2026~1~28~c1^exp~rent~0.5~2026~1~28~_^exp~10~nan~2026~1~28~c1||120,nan,%a:nan;trans:nan,en,2026,1,28|
insight	inc~food~1~2026~5~25~a1^exp~zz~-5~2026~5~11~a1^exp~2~100~2026~5~25~_||_,50,rent:1,en,2026,5,25|zz:🐾:自定义:Custom
credit	exp~rent~25.5~2026~0~1~_^exp~2~33.33~2026~0~1~_^exp~trans~100~2026~5~10~_^exp~trans~0~2026~5~11~_^exp~trans~25.5~2026~0~1~a1^inc~food~0~2026~0~1~_|c1~卡c1~~credit~-100~15~20|100,20,shop:0,en,2026,0,1|
credit	exp~%a~10~2026~1~28~c1^exp~2~33.33~2025~11~31~a1^exp~%a~25.5~2026~1~28~c1|c1~卡c1~_~credit~-100~25~25|-100,50,trans:1;food:10;10:0;%a:-1,en,2026,1,28|2:🐾:%b:Custom
insight	exp~zz~100~2025~11~31~_^inc~trans~0.5~2026~5~10~_^exp~2~10~2026~5~10~_^xfer~rent~10~2025~11~31~a1^exp~shop~33.33~2025~11~31~a1^inc~%a~-5~2026~1~28~c1^exp~trans~nan~2025~11~31~a1^exp~food~0~2025~11~31~_||nan,nan,zz:100;rent:1;trans:-1;shop:30,zh,2025,11,31|
insight	||nan,20,10:10;2:nan;food:1,zh,2026,5,10|
insight	exp~rent~nan~2026~5~11~c1^inc~2~10~2026~5~25~c1^xfer~shop~-5~2026~5~11~c1^inc~rent~0~2026~5~11~_||nan,_,food:-1;rent:30;%a:30;2:0,en,2026,5,11|
credit	inc~zz~33.33~2026~5~25~a1^inc~trans~1~2026~5~25~c1^exp~2~0.5~2026~5~25~a1^xfer~trans~0.5~2026~5~25~c1|c1~卡c1~~credit~100~10~25|1000,1000,,en,2026,5,25|
credit	exp~shop~100~2026~0~1~_^inc~shop~0.5~2026~0~1~c1^exp~%a~100~2026~0~1~_|c1~卡c1~~credit~100~10~20^c2~卡c2~_~credit~100~25~_|_,20,rent:-1,en,2026,0,1|trans:🐾:%a:%a
insight	exp~trans~10~2026~5~25~a1^exp~10~25.5~2026~5~25~c1^exp~%a~1~2026~5~25~a1^exp~10~25.5~2026~5~25~a1^exp~trans~0.5~2026~5~25~c1^inc~2~33.33~2026~5~25~a1^exp~food~0~2026~5~25~a1^exp~shop~100~2026~5~11~a1||0,0,2:nan,en,2026,5,25|trans:🐾:自定义:%a
insight	inc~food~25.5~2026~5~25~c1||_,20,,en,2026,5,25|trans:🐾:%b:Custom
insight	exp~zz~25.5~2026~5~11~a1^inc~food~10~2026~5~11~a1^exp~2~nan~2026~5~11~c1^inc~shop~nan~2026~5~11~a1^exp~shop~0~2026~5~11~c1^exp~10~33.33~2025~11~31~c1^inc~shop~33.33~2025~11~31~c1||_,20,10:1;zz:nan,zh,2026,5,11|
insight	||1000,50,,zh,2026,0,1|
insight	||-100,20,zz:nan;2:30,en,2026,5,11|
insight	inc~%a~10~2026~1~28~a1^exp~2~10~2026~1~28~c1||nan,_,2:100,en,2026,1,28|10:🐾:%a:Custom
credit	exp~trans~25.5~2026~1~28~_^exp~2~-5~2026~5~11~_^exp~shop~-5~2026~1~28~c1^exp~zz~0~2026~5~25~a1|c1~卡c1~~credit~0~10~25^c2~卡c2~_~credit~100~25~25|_,20,2:30;food:nan,zh,2026,1,28|zz:🐾:自定义:Custom
credit	|c1~卡c1~Card c1~credit~0~15~10|nan,_,rent:30;food:1,zh,2026,0,1|
insight	exp~zz~25.5~2025~11~31~c1^inc~food~100~2026~5~10~a1^exp~zz~25.5~2025~11~31~_||nan,_,shop:1;2:10;10:nan,zh,2026,5,10|
credit	exp~10~1~2026~5~25~a1^inc~shop~-5~2026~5~11~a1^xfer~food~0.5~2026~1~28~c1^exp~2~0.5~2026~5~10~c1^exp~2~1~2025~11~31~_^exp~10~0.5~2026~5~25~_^exp~shop~-5~2026~5~25~c1|c1~卡c1~~credit~-100~25~10|1000,0,10:nan;food:-1;2:10,en,2026,5,25|
insight	exp~food~10~2026~1~28~_^exp~shop~1~2026~5~25~c1^inc~%a~100~2026~5~11~_^xfer~trans~33.33~2026~5~11~_||100,nan,food:nan;trans:1;rent:nan,zh,2026,5,11|
insight	exp~%a~25.5~2026~5~11~a1^xfer~rent~25.5~2026~5~11~c1^exp~shop~nan~2025~11~31~a1||100,nan,trans:0;zz:0;10:100,en,2025,11,31|
insight	exp~shop~0.5~2026~5~10~c1^exp~rent~0~2026~5~10~a1^xfer~food~100~2026~1~28~a1^inc~10~33.33~2026~5~10~c1^exp~zz~100~2026~5~11~a1^exp~%a~nan~2026~1~28~c1||0,nan,food:-1;10:100;%a:100;2:-1,en,2026,5,10|
insight	exp~shop~25.5~2025~11~31~a1^exp~food~100~2026~5~10~c1^exp~%a~0.5~2026~5~10~c1^xfer~food~0~2026~1~28~_^inc~10~33.33~2026~5~10~_^xfer~%a~0~2026~5~10~a1||-100,1000,%a:1;rent:30;2:nan;10:10,en,2026,5,10|%a:🐾:%a:%d
insight	exp~10~100~2026~5~11~c1^xfer~zz~100~2026~5~25~_^exp~trans~-5~2026~5~11~a1^exp~rent~1~2025~11~31~c1^exp~10~0.5~2026~1~28~c1^inc~%a~10~2025~11~31~c1||_,1000,,zh,2025,11,31|
insight	exp~rent~nan~2026~0~1~_^exp~trans~0~2026~0~1~_^xfer~rent~nan~2026~0~1~_^inc~rent~10~2025~11~31~a1||_,nan,trans:nan;%a:0,zh,2026,0,1|
insight	exp~food~nan~2026~0~1~c1^xfer~food~0~2026~5~25~_^exp~shop~10~2026~0~1~_^exp~food~0~2026~0~1~c1||_,20,zz:-1,en,2026,0,1|
insight	inc~trans~nan~2026~5~25~c1||100,1000,2:nan;10:-1;zz:30,en,2026,5,25|10:🐾:%b:Custom
insight	inc~2~nan~2026~5~11~_^inc~10~33.33~2026~5~11~c1^exp~2~100~2025~11~31~c1^exp~rent~1~2026~5~11~a1^exp~%a~nan~2026~5~11~_^exp~%a~33.33~2026~5~11~c1^exp~food~33.33~2026~5~11~c1||_,0,,zh,2026,5,11|
insight	exp~zz~nan~2026~1~28~a1^exp~trans~100~2025~11~31~_^exp~%a~25.5~2025~11~31~c1^exp~food~nan~2025~11~31~_^inc~zz~0.5~2025~11~31~c1^exp~food~0~2025~11~31~_||0,_,food:1,zh,2025,11,31|
insight	exp~trans~-5~2026~0~1~_^exp~trans~10~2026~0~1~a1^exp~zz~0.5~2026~5~11~c1^exp~zz~nan~2026~5~25~a1^exp~10~1~2026~1~28~a1||-100,20,,en,2026,0,1|
credit	xfer~trans~0.5~2026~5~10~_^exp~%a~nan~2026~5~10~c1^exp~2~25.5~2026~5~10~c1|c1~卡c1~Card c1~credit~0~15~10|120,nan,rent:1,zh,2026,5,10|
insight	exp~shop~33.33~2026~5~11~_^exp~rent~1~2026~5~10~c1^inc~food~-5~2026~5~10~_||1000,50,,en,2026,5,10|rent:🐾:%b:Custom
insight	exp~10~1~2026~5~10~_^inc~food~0.5~2026~5~10~_^exp~%a~25.5~2026~5~10~_^exp~zz~10~2026~5~10~c1^exp~trans~33.33~2026~1~28~a1||-100,_,shop:nan;food:30;zz:10,en,2026,5,10|
insight	exp~%a~33.33~2026~5~10~a1^exp~%a~25.5~2026~1~28~a1||1000,_,zz:100;rent:-1,zh,2026,5,10|
insight	exp~2~0~2026~1~28~_^xfer~rent~nan~2026~1~28~c1^exp~trans~0~2026~0~1~_^xfer~trans~1~2026~1~28~a1^exp~shop~0~2026~0~1~c1||100,_,rent:-1;zz:0;food:30;shop:-1,zh,2026,1,28|
credit	exp~%a~1~2026~5~25~c1^xfer~10~100~2026~5~25~a1|c1~卡c1~Card c1~credit~100~25~25^c2~卡c2~Card c2~credit~-100~25~_|100,nan,%a:100;2:1,zh,2026,5,25|%a:🐾:%a:Custom
insight	inc~trans~100~2026~5~25~c1^exp~trans~1~2026~5~25~a1^exp~food~1~2026~5~11~_^inc~shop~100~2026~5~11~_||-100,_,food:10;rent:100;2:1;trans:10,zh,2026,5,25|
insight	exp~%a~10~2026~0~1~c1^exp~zz~33.33~2026~1~28~c1||_,1000,rent:1;shop:100,zh,2026,1,28|trans:🐾:%a:%d
insight	||_,0,trans:0;food:-1,en,2026,0,1|
insight	exp~%a~nan~2026~1~28~c1^exp~trans~0.5~2026~1~28~_^exp~zz~nan~2026~1~28~_^exp~2~0~2026~5~10~c1^exp~shop~25.5~2026~1~28~_^exp~rent~0.5~2026~1~28~a1^exp~trans~10~2026~1~28~_^exp~%a~1~2026~1~28~a1||_,1000,zz:30;10:30;shop:-1,en,2026,1,28|
insight	exp~trans~1~2026~0~1~c1^exp~rent~1~2026~5~10~c1^inc~rent~1~2026~5~10~c1^exp~zz~1~2026~5~10~a1^exp~%a~1~2026~5~10~_||_,1000,zz:nan;10:0;rent:nan,zh,2026,5,10|trans:🐾:%a:%a
credit	exp~zz~nan~2026~5~10~_^xfer~%a~10~2026~5~10~a1^exp~shop~10~2026~5~25~c1^exp~10~nan~2026~5~10~c1^inc~zz~100~2026~5~10~a1^exp~trans~nan~2026~5~10~a1^exp~food~25.5~2026~5~10~_^exp~trans~25.5~2026~5~10~a1|c1~卡c1~~credit~-100~25~20^c2~卡c2~Card c2~credit~-100~25~10|nan,50,zz:100;food:-1;trans:-1;rent:0,en,2026,5,10|shop:🐾:自定义:Custom
insight	exp~10~10~2026~5~25~c1^xfer~zz~0.5~2025~11~31~c1||1000,50,,en,2026,5,25|
credit	exp~food~100~2026~0~1~c1^xfer~rent~100~2026~5~10~c1|c1~卡c1~~credit~100~10~10^c2~卡c2~Card c2~credit~0~15~_|-100,0,10:100;food:100,zh,2026,5,10|
credit	exp~2~1~2026~5~11~_^exp~zz~25.5~2026~5~11~a1|c1~卡c1~Card c1~credit~100~10~20|100,0,rent:10;2:-1;trans:nan;%a:0,zh,2026,5,11|2:🐾:%b:Custom
insight	xfer~10~25.5~2026~5~11~_||_,_,rent:nan;10:-1;food:nan,zh,2026,5,11|
insight	||1000,0,food:-1;rent:10;10:30,zh,2026,0,1|
insight	exp~trans~-5~2026~5~11~c1^exp~rent~25.5~2026~5~11~c1^exp~shop~nan~2026~5~11~a1^exp~zz~-5~2026~5~11~c1^exp~2~100~2026~5~25~c1^exp~rent~100~2026~5~11~a1^xfer~2~100~2026~5~10~a1||120,20,,en,2026,5,11|
insight	exp~trans~-5~2026~5~11~_||nan,0,rent:10;zz:-1;10:-1,zh,2026,5,11|food:🐾:%a:%d
insight	exp~10~100~2026~5~10~_^exp~zz~25.5~2026~5~10~a1^inc~2~1~2026~5~10~_^xfer~food~0~2026~5~10~_^exp~%a~33.33~2026~5~10~c1^exp~2~0~2026~0~1~_||_,1000,10:nan;rent:1;trans:100;%a:nan,en,2026,5,10|
insight	xfer~%a~10~2026~5~25~a1^inc~trans~100~2025~11~31~_^exp~10~nan~2026~5~25~_^exp~2~-5~2026~5~25~_^exp~trans~nan~2026~5~11~a1^xfer~%a~nan~2026~0~1~c1||-100,_,,en,2026,5,25|
credit	exp~zz~0.5~2026~1~28~c1|c1~卡c1~Card c1~credit~0~15~25^c2~卡c2~Card c2~credit~-100~10~_|_,1000,shop:30;%a:1,en,2026,1,28|shop:🐾:自定义:Custom
insight	exp~2~nan~2025~11~31~a1^exp~rent~100~2026~5~25~_^xfer~%a~0~2026~0~1~a1^exp~food~100~2026~1~28~c1^xfer~zz~0.5~2026~5~25~_^exp~2~nan~2026~5~25~_^exp~%a~0~2026~1~28~_||1000,50,2:0;zz:1,en,2026,5,25|
credit	exp~10~33.33~2026~1~28~a1|c1~卡c1~_~credit~-100~10~10^c2~卡c2~Card c2~credit~-100~10~25|_,nan,10:-1;%a:30;trans:0;shop:10,zh,2025,11,31|
credit	xfer~shop~10~2026~0~1~_^xfer~rent~-5~2026~0~1~_^exp~zz~10~2026~5~10~_|c1~卡c1~Card c1~credit~-100~25~25^c2~卡c2~~credit~100~25~20|100,_,2:-1;food:10;shop:30,en,2026,0,1|10:🐾:%b:%d
insight	inc~shop~-5~2026~0~1~c1^inc~shop~10~2026~1~28~a1^exp~10~0.5~2026~5~11~a1^exp~trans~nan~2026~5~25~_^exp~2~0.5~2025~11~31~a1^exp~zz~1~2026~0~1~_^xfer~shop~1~2026~5~25~a1||_,_,zz:30;rent:-1,zh,2026,5,25|
insight	exp~10~10~2026~1~28~_^exp~10~25.5~2025~11~31~a1^exp~%a~nan~2025~11~31~c1^exp~2~-5~2026~5~25~_||_,nan,2:0;rent:nan;trans:0,zh,2025,11,31|
insight	exp~trans~nan~2026~5~25~_^exp~%a~-5~2026~5~11~c1^exp~shop~25.5~2026~5~25~c1||nan,1000,zz:100;10:nan;rent:1;2:-1,zh,2026,5,25|
insight	exp~shop~33.33~2026~1~28~a1^exp~2~100~2026~1~28~c1^inc~10~-5~2026~1~28~_^exp~10~nan~2026~1~28~a1^xfer~food~0.5~2026~0~1~a1^exp~zz~100~2026~5~11~c1||nan,1000,,en,2026,1,28|
insight	inc~10~-5~2026~5~25~_||0,20,%a:0;zz:0,zh,2026,5,11|
insight	exp~rent~33.33~2026~1~28~a1^xfer~shop~0.5~2026~1~28~c1^xfer~10~0~2026~1~28~_^exp~2~25.5~2026~0~1~_^exp~trans~-5~2025~11~31~c1^xfer~10~10~2026~1~28~a1||_,0,,en,2026,1,28|
insight	exp~10~10~2026~5~10~c1^exp~2~0.5~2026~5~25~c1^exp~zz~1~2026~0~1~c1^exp~%a~33.33~2026~5~25~a1^inc~%a~nan~2026~5~25~a1^xfer~trans~-5~2026~5~10~_^xfer~rent~10~2026~5~25~c1||nan,20,,en,2026,5,25|
insight	exp~food~0~2026~5~10~a1||1000,0,2:nan;10:nan;trans:30,en,2026,5,10|
insight	exp~food~-5~2026~0~1~a1^exp~shop~1~2026~5~11~c1^exp~trans~33.33~2026~5~11~a1^exp~food~1~2026~5~11~_^exp~%a~25.5~2026~5~11~c1^exp~food~10~2026~5~11~_^exp~food~25.5~2026~5~11~_^exp~food~100~2026~0~1~c1||_,0,,en,2026,5,11|
insight	exp~food~0.5~2026~0~1~c1||1000,0,,zh,2026,0,1|
insight	exp~%a~0~2026~0~1~c1^inc~2~1~2026~0~1~c1^xfer~zz~1~2026~0~1~a1^exp~%a~0.5~2026~5~25~a1^exp~food~-5~2026~5~11~c1^inc~trans~25.5~2026~5~25~a1^exp~zz~nan~2026~0~1~_||120,20,rent:1;trans:1;%a:100,zh,2026,0,1|
insight	exp~10~100~2026~5~11~a1^exp~%a~0~2026~5~11~c1^exp~2~1~2026~5~11~_^exp~food~-5~2026~5~11~a1^xfer~food~1~2026~0~1~c1||0,20,zz:100,zh,2026,5,11|food:🐾:%b:%d
insight	inc~%a~nan~2026~5~25~c1^xfer~zz~0.5~2025~11~31~a1^exp~rent~25.5~2026~0~1~a1^exp~10~-5~2026~5~25~_^exp~2~nan~2026~5~25~a1^exp~2~33.33~2026~5~25~c1^exp~2~33.33~2026~5~25~a1^exp~zz~nan~2026~5~25~_||-100,nan,,en,2026,5,25|
credit	|c1~卡c1~Card c1~credit~-100~15~10|0,_,,en,2025,11,31|
insight	inc~%a~-5~2026~5~11~c1^inc~trans~100~2026~5~11~_^xfer~shop~-5~2026~5~11~c1||120,_,rent:30;10:-1;%a:1,en,2026,5,11|
credit	exp~%a~0.5~2026~5~25~c1^exp~trans~1~2026~5~11~a1^exp~trans~25.5~2026~5~25~a1^exp~%a~1~2026~5~25~a1^inc~2~nan~2026~5~25~a1^exp~food~100~2026~5~25~a1^exp~food~-5~2026~5~25~a1^inc~%a~0~2026~1~28~_|c1~卡c1~Card c1~credit~0~25~25|_,20,%a:100;rent:0,en,2026,5,25|shop:🐾:%b:%d
insight	exp~food~33.33~2026~5~25~a1||nan,20,rent:0;shop:10;food:-1;zz:10,zh,2026,5,25|
insight	xfer~food~33.33~2026~0~1~_^xfer~rent~1~2026~1~28~a1||100,nan,zz:10;food:0;rent:10,en,2026,5,25|
insight	||100,_,trans:100;rent:0,zh,2026,5,10|
credit	exp~rent~-5~2025~11~31~a1^inc~%a~nan~2025~11~31~c1^exp~zz~-5~2025~11~31~_^exp~rent~100~2025~11~31~c1^exp~trans~100~2026~1~28~_^exp~%a~100~2025~11~31~c1|c1~卡c1~Card c1~credit~100~25~20^c2~卡c2~Card c2~credit~0~15~20|1000,1000,,en,2025,11,31|
insight	exp~trans~10~2026~1~28~a1^xfer~trans~100~2026~1~28~a1^xfer~%a~-5~2026~0~1~a1^exp~%a~-5~2026~1~28~a1||100,50,10:1;rent:10;food:100,en,2026,1,28|
credit	exp~10~-5~2026~1~28~c1|c1~卡c1~Card c1~credit~100~25~10^c2~卡c2~~credit~100~10~_|100,nan,trans:10;10:1;2:1;zz:-1,zh,2026,1,28|
credit	exp~rent~10~2026~5~10~_^exp~%a~1~2026~0~1~a1^inc~rent~100~2026~5~25~c1^inc~shop~1~2026~5~10~a1^xfer~rent~25.5~2026~5~10~c1^inc~2~1~2026~5~25~a1^xfer~shop~10~2026~5~10~a1^exp~rent~0~2026~5~10~a1|c1~卡c1~~credit~0~25~25^c2~卡c2~_~credit~0~10~25|100,_,,en,2026,5,10|
insight	||_,nan,trans:10;%a:-1,zh,2026,1,28|
insight	exp~zz~25.5~2026~5~10~_^exp~rent~-5~2026~1~28~a1^inc~%a~nan~2025~11~31~a1^exp~rent~25.5~2026~5~11~a1||100,nan,rent:1;shop:-1,en,2025,11,31|
insight	inc~10~nan~2026~5~11~c1^exp~%a~1~2026~5~25~c1^exp~zz~100~2026~5~25~a1^exp~zz~33.33~2026~5~25~a1^xfer~2~0~2026~5~25~_^exp~rent~100~2026~5~11~c1||100,20,2:1;%a:1;10:100,zh,2026,5,25|%a:🐾:自定义:Custom
credit	xfer~zz~0~2026~0~1~_^exp~rent~nan~2025~11~31~a1^inc~shop~33.33~2025~11~31~a1^inc~rent~25.5~2025~11~31~c1^inc~%a~nan~2025~11~31~a1^exp~zz~100~2025~11~31~a1^exp~rent~25.5~2025~11~31~_|c1~卡c1~_~credit~-100~25~10^c2~卡c2~Card c2~credit~100~15~_|100,1000,%a:1,zh,2025,11,31|10:🐾:%b:%a
credit	|c1~卡c1~~credit~0~15~10|nan,50,rent:100;shop:100,en,2026,5,11|2:🐾:%b:Custom
insight	exp~zz~25.5~2026~1~28~c1^exp~food~10~2026~5~10~c1^exp~zz~0~2026~5~10~_^exp~10~25.5~2026~5~10~a1^exp~trans~25.5~2026~5~10~a1^inc~10~100~2026~5~10~a1^exp~food~100~2026~5~10~a1^xfer~trans~0.5~2026~5~11~c1||-100,20,food:100,zh,2026,5,10|
insight	xfer~food~0~2025~11~31~_^exp~%a~33.33~2026~5~11~c1^exp~rent~-5~2026~5~11~_||100,_,trans:-1,en,2026,5,11|
insight	xfer~2~10~2026~5~25~_^exp~rent~nan~2026~5~25~c1^exp~2~-5~2026~1~28~_^exp~trans~0~2026~0~1~c1^exp~trans~nan~2026~1~28~c1^exp~10~10~2026~5~25~a1^xfer~10~100~2026~5~25~_||0,0,zz:-1;rent:100;%a:10,en,2026,5,25|
insight	exp~trans~33.33~2026~0~1~_^exp~trans~100~2026~5~10~a1^xfer~rent~100~2026~0~1~_^exp~rent~nan~2026~5~10~a1^exp~2~0.5~2026~5~11~_^exp~food~-5~2026~5~10~_^inc~%a~100~2026~5~10~c1^exp~shop~0.5~2026~5~10~c1||-100,0,,zh,2026,5,10|food:🐾:%a:Custom
insight	exp~10~10~2026~0~1~c1^xfer~rent~10~2026~0~1~_||100,50,10:-1;rent:100,en,2025,11,31|
insight	exp~%a~10~2026~5~11~_^exp~food~10~2026~0~1~a1||-100,0,,zh,2026,0,1|
insight	inc~shop~25.5~2026~5~25~_^inc~trans~100~2026~5~25~_^exp~2~0.5~2026~5~25~a1^exp~shop~25.5~2026~5~25~c1||0,20,zz:30;rent:-1;shop:10,en,2026,5,25|zz:🐾:%a:Custom
insight	inc~shop~10~2026~0~1~a1^exp~rent~0.5~2025~11~31~_^inc~%a~10~2026~1~28~_^exp~shop~nan~2026~0~1~a1^exp~zz~1~2026~0~1~c1^xfer~10~10~2026~0~1~_^inc~food~-5~2026~5~11~_^exp~shop~0.5~2026~0~1~_||100,50,trans:100;2:10;rent:10;shop:30,en,2026,0,1|
insight	exp~zz~100~2026~1~28~_^exp~2~100~2026~1~28~c1^exp~rent~nan~2026~1~28~a1^exp~2~nan~2026~1~28~_^exp~food~25.5~2026~5~25~_^exp~trans~1~2026~0~1~_||1000,_,shop:30;zz:100,en,2026,1,28|
insight	exp~rent~nan~2026~5~11~c1^exp~trans~nan~2026~5~11~c1^exp~%a~33.33~2026~5~25~a1^exp~zz~nan~2026~5~11~a1^exp~food~33.33~2026~5~11~_^exp~10~nan~2026~5~11~c1||120,50,food:10;10:-1;zz:nan;2:100,en,2026,5,11|
insight	exp~zz~0.5~2026~5~25~a1^exp~zz~-5~2026~5~25~c1^exp~food~25.5~2026~5~25~a1^exp~shop~33.33~2026~5~25~_||120,50,rent:10;shop:1;2:30;trans:30,en,2026,5,25|
insight	||-100,1000,shop:0,zh,2025,11,31|shop:🐾:%b:%a
insight	exp~shop~nan~2026~5~11~_^inc~food~1~2026~5~11~_^exp~food~33.33~2026~5~25~c1||0,_,shop:30;10:0;zz:10;food:10,zh,2026,5,11|
insight	exp~2~0.5~2026~1~28~a1^exp~rent~nan~2026~5~10~a1^exp~trans~0~2026~5~10~_||_,1000,,en,2026,5,10|
credit	|c1~卡c1~_~credit~-100~10~25^c2~卡c2~~credit~0~25~25|_,_,zz:1;%a:30,zh,2026,0,1|
credit	exp~%a~nan~2025~11~31~a1|c1~卡c1~_~credit~100~15~10|nan,20,food:nan;shop:0;zz:30,zh,2025,11,31|
insight	exp~10~10~2025~11~31~c1^inc~zz~10~2026~1~28~c1^inc~10~0.5~2026~5~25~_^exp~10~33.33~2026~0~1~a1^exp~%a~0.5~2025~11~31~a1^exp~food~10~2026~5~25~_^exp~zz~10~2026~1~28~_||-100,1000,,zh,2026,5,25|
insight	inc~10~100~2026~5~10~a1^exp~rent~10~2026~5~11~c1^xfer~zz~nan~2026~5~10~c1^exp~food~100~2026~0~1~c1^exp~shop~nan~2026~5~10~c1||nan,0,zz:0;%a:30;shop:30;2:0,en,2026,5,10|
insight	||1000,nan,2:nan,en,2026,5,25|
credit	inc~food~-5~2026~5~11~c1^inc~%a~nan~2026~5~11~c1^exp~shop~10~2026~5~11~c1^xfer~%a~10~2026~5~11~c1^exp~rent~33.33~2026~0~1~a1^inc~2~10~2026~0~1~_^exp~trans~0~2026~5~11~_|c1~卡c1~~credit~0~25~20|nan,_,,zh,2026,5,11|
credit	inc~shop~-5~2026~5~11~_^xfer~rent~100~2026~5~10~a1^exp~rent~nan~2026~5~11~a1^exp~rent~0.5~2026~5~11~a1|c1~卡c1~~credit~-100~25~20^c2~卡c2~Card c2~credit~0~10~10|100,50,,en,2026,5,11|
credit	|c1~卡c1~_~credit~0~15~_^c2~卡c2~~credit~0~15~25|100,_,2:30;10:0;shop:30;trans:10,en,2026,0,1|
credit	exp~rent~1~2025~11~31~a1^exp~10~0~2025~11~31~_|c1~卡c1~~credit~-100~25~_|nan,0,,en,2025,11,31|
insight	exp~zz~-5~2026~5~11~_^exp~zz~-5~2026~5~25~_^exp~2~10~2026~0~1~c1^exp~food~25.5~2026~5~11~c1^exp~%a~0.5~2026~5~10~c1^exp~rent~10~2026~5~11~c1||-100,1000,10:30;food:10,zh,2026,5,11|
credit	xfer~10~10~2026~5~11~c1|c1~卡c1~_~credit~-100~25~25|-100,nan,rent:100;2:0,zh,2026,5,25|
insight	exp~2~1~2026~0~1~a1^exp~rent~100~2026~5~10~_^exp~%a~-5~2026~0~1~_^inc~food~nan~2026~0~1~a1^xfer~%a~10~2025~11~31~c1^exp~10~33.33~2026~0~1~c1^exp~10~0~2026~0~1~a1||0,50,shop:10;trans:nan,zh,2026,0,1|
credit	|c1~卡c1~~credit~-100~15~_|_,_,2:-1;zz:1;shop:0,zh,2026,0,1|
credit	inc~%a~0.5~2025~11~31~c1^inc~shop~25.5~2025~11~31~c1^exp~trans~1~2025~11~31~a1^inc~zz~-5~2025~11~31~c1^exp~rent~nan~2026~1~28~_^exp~%a~0~2025~11~31~_^exp~zz~0.5~2025~11~31~_^exp~10~nan~2026~1~28~a1|c1~卡c1~Card c1~credit~0~15~10|_,50,10:-1,zh,2025,11,31|
credit	xfer~rent~0.5~2026~5~11~_^xfer~shop~1~2026~5~25~c1^xfer~trans~33.33~2026~5~11~a1^xfer~%a~nan~2026~5~11~a1|c1~卡c1~Card c1~credit~0~10~20^c2~卡c2~_~credit~0~25~10|0,_,zz:nan;shop:-1;10:-1,zh,2026,5,11|trans:🐾:%b:%d
insight	exp~food~25.5~2026~5~25~a1^exp~food~33.33~2026~5~25~_^xfer~trans~0.5~2026~5~25~c1^exp~10~0~2026~5~25~a1^inc~shop~33.33~2026~5~25~_^exp~2~1~2026~5~25~_||0,50,,zh,2026,5,25|
insight	||1000,1000,zz:1;trans:100,en,2026,5,25|%a:🐾:%b:Custom
credit	exp~shop~100~2025~11~31~c1^exp~food~0.5~2025~11~31~c1^exp~food~100~2026~1~28~c1^inc~10~10~2025~11~31~_^exp~food~25.5~2026~0~1~c1^xfer~%a~25.5~2025~11~31~c1|c1~卡c1~~credit~0~10~25^c2~卡c2~Card c2~credit~-100~15~_|120,nan,zz:0;shop:nan;food:-1;trans:nan,en,2025,11,31|
insight	exp~2~nan~2025~11~31~a1^exp~rent~33.33~2026~0~1~a1^exp~rent~0~2026~0~1~_^exp~rent~10~2025~11~31~_^exp~%a~100~2025~11~31~_^exp~rent~25.5~2026~5~25~a1^xfer~2~nan~2025~11~31~_^xfer~trans~-5~2026~5~25~a1||-100,nan,%a:1,en,2025,11,31|
insight	||0,50,10:30;food:30;%a:30;rent:nan,en,2026,5,11|
insight	inc~10~-5~2026~5~11~_^inc~zz~10~2026~5~11~a1^exp~shop~nan~2026~5~11~a1^exp~10~0.5~2026~5~11~_^exp~2~0~2026~5~11~a1^inc~shop~0.5~2026~5~11~a1||-100,_,%a:-1;trans:1;2:nan;rent:nan,en,2026,5,11|
insight	exp~shop~-5~2026~5~25~_^exp~shop~0.5~2026~5~10~a1^exp~trans~0.5~2026~0~1~_^exp~food~10~2026~5~25~a1^exp~10~-5~2026~5~25~_^exp~trans~100~2026~0~1~a1^exp~shop~0~2026~5~11~_||-100,0,shop:30,zh,2026,5,25|
credit	exp~rent~25.5~2026~5~11~a1^inc~zz~0.5~2026~0~1~_^inc~10~0~2026~5~11~_^inc~food~0.5~2026~5~11~c1|c1~卡c1~~credit~-100~10~10^c2~卡c2~Card c2~credit~-100~10~10|100,20,shop:0,en,2026,5,11|
insight	exp~rent~100~2026~5~11~a1^exp~rent~33.33~2026~1~28~c1^exp~10~0.5~2026~1~28~a1||1000,_,,en,2026,5,10|
insight	exp~10~33.33~2026~1~28~_^exp~trans~1~2026~1~28~c1^exp~zz~nan~2026~5~10~_||100,50,,en,2026,1,28|
credit	xfer~shop~0.5~2025~11~31~_^inc~rent~-5~2025~11~31~_^exp~rent~nan~2025~11~31~a1^exp~rent~0.5~2025~11~31~_|c1~卡c1~~credit~0~10~20|0,_,rent:100;trans:-1;shop:100,zh,2025,11,31|food:🐾:%a:%d
credit	exp~%a~25.5~2026~5~25~c1^exp~%a~0.5~2025~11~31~c1^xfer~%a~0.5~2025~11~31~a1^exp~zz~25.5~2026~5~10~c1^exp~zz~nan~2026~5~25~a1^exp~10~25.5~2026~1~28~a1|c1~卡c1~Card c1~credit~100~25~10^c2~卡c2~~credit~100~25~10|0,50,zz:1;10:nan;rent:100,en,2026,5,25|
insight	exp~food~10~2026~5~10~_^exp~%a~33.33~2026~5~10~_^exp~10~0.5~2026~5~10~c1^inc~%a~1~2026~5~10~_^xfer~2~0~2026~0~1~c1^exp~%a~-5~2025~11~31~c1^exp~shop~nan~2026~5~10~c1||0,1000,2:30,en,2026,5,10|
insight	||_,0,%a:-1;shop:-1,en,2026,0,1|
insight	exp~trans~10~2026~5~11~_^exp~trans~1~2026~5~11~_^exp~zz~1~2026~5~11~a1^exp~2~1~2026~0~1~a1^exp~rent~-5~2026~0~1~c1^exp~%a~0.5~2026~5~11~c1^exp~shop~0~2026~5~11~_^exp~shop~-5~2026~5~11~a1||-100,_,trans:0;10:100,zh,2026,5,11|
credit	exp~food~33.33~2026~5~25~a1^exp~shop~0~2025~11~31~_^exp~shop~1~2026~5~10~c1^exp~rent~0~2026~5~25~_|c1~卡c1~~credit~-100~15~20^c2~卡c2~~credit~-100~10~25|120,0,,en,2026,5,25|
insight	xfer~rent~100~2026~1~28~_^exp~zz~0.5~2026~5~11~a1^exp~shop~25.5~2026~5~11~c1||_,20,,en,2026,5,11|
credit	|c1~卡c1~~credit~100~25~20^c2~卡c2~_~credit~0~15~25|120,nan,10:10;rent:10;%a:10;2:1,en,2026,5,10|food:🐾:%b:Custom
credit	exp~rent~25.5~2026~5~11~_^exp~2~0~2026~5~25~c1^exp~trans~100~2026~5~25~c1^inc~food~100~2026~5~25~a1^exp~10~-5~2026~5~25~_^exp~food~1~2026~5~25~_|c1~卡c1~Card c1~credit~0~15~_^c2~卡c2~_~credit~-100~25~_|_,20,,zh,2026,5,25|
insight	xfer~food~-5~2026~5~10~_^exp~rent~nan~2026~1~28~_^exp~trans~0.5~2026~1~28~c1^exp~trans~33.33~2026~1~28~a1^xfer~trans~100~2026~1~28~c1||nan,1000,trans:100;10:10,en,2026,1,28|
insight	exp~trans~-5~2026~1~28~_^xfer~rent~25.5~2026~1~28~a1^inc~2~100~2026~1~28~c1^exp~trans~25.5~2026~0~1~_||120,1000,shop:10,zh,2026,1,28|
insight	exp~trans~0~2026~5~10~_^exp~%a~0~2025~11~31~_^inc~2~-5~2026~5~10~_||nan,50,shop:10;trans:100;food:0;rent:-1,zh,2026,5,10|food:🐾:%a:Custom
insight	exp~10~1~2025~11~31~_^xfer~rent~0~2026~0~1~a1^exp~rent~1~2025~11~31~a1||0,1000,rent:1;10:nan;trans:0,en,2025,11,31|food:🐾:自定义:Custom
credit	exp~%a~-5~2026~5~10~c1^exp~2~-5~2026~5~10~c1^exp~food~33.33~2026~5~10~c1^exp~rent~100~2026~5~10~c1^exp~10~nan~2026~5~10~c1^exp~2~33.33~2026~5~11~c1|c1~卡c1~_~credit~100~25~_^c2~卡c2~_~credit~-100~15~25|1000,nan,%a:1,en,2026,5,10|
insight	exp~10~10~2026~5~10~a1^xfer~%a~10~2026~5~10~c1^inc~10~100~2026~5~10~_^exp~rent~-5~2026~5~10~_^inc~shop~0.5~2026~5~10~_^inc~trans~0~2026~5~10~a1||-100,0,,en,2026,5,10|zz:🐾:自定义:%d
credit	xfer~trans~nan~2026~5~11~_^exp~%a~33.33~2026~1~28~c1^xfer~shop~0.5~2026~1~28~a1^xfer~zz~10~2026~1~28~a1^inc~10~-5~2026~1~28~c1^exp~10~100~2026~1~28~a1|c1~卡c1~_~credit~0~10~10^c2~卡c2~Card c2~credit~100~25~10|nan,50,,zh,2026,1,28|%a:🐾:自定义:%d
insight	xfer~zz~0.5~2026~1~28~a1^inc~zz~10~2026~5~25~c1^xfer~shop~-5~2026~1~28~c1^inc~2~1~2026~1~28~_^exp~rent~nan~2026~5~25~_^exp~10~25.5~2026~5~10~c1^inc~rent~0~2026~1~28~a1||120,_,10:0;trans:100;food:30,zh,2026,1,28|
credit	exp~food~1~2026~5~10~_^xfer~trans~33.33~2025~11~31~c1|c1~卡c1~Card c1~credit~0~25~10^c2~卡c2~~credit~-100~10~20|120,20,food:1;%a:100;trans:30,en,2026,5,25|2:🐾:%a:%a
insight	exp~food~nan~2026~0~1~_^inc~shop~0~2026~0~1~c1^exp~zz~10~2026~0~1~_^xfer~10~-5~2026~0~1~a1^exp~zz~100~2025~11~31~a1||1000,0,shop:nan;food:0;10:100,en,2026,0,1|rent:🐾:%a:Custom
credit	exp~10~0~2026~5~11~c1^exp~2~-5~2026~5~10~_^exp~trans~33.33~2026~5~10~c1|c1~卡c1~~credit~0~15~_|_,20,,en,2026,5,10|2:🐾:%a:%d
insight	exp~zz~33.33~2025~11~31~a1||1000,20,rent:nan,en,2025,11,31|
credit	exp~10~100~2026~5~25~a1^inc~%a~-5~2026~1~28~a1^exp~zz~100~2026~5~11~_^exp~10~-5~2026~5~11~a1|c1~卡c1~_~credit~-100~10~25^c2~卡c2~_~credit~-100~10~25|100,_,trans:0;10:1;rent:1;2:nan,en,2026,5,11|
insight	xfer~2~nan~2026~5~25~a1^exp~food~1~2025~11~31~c1^exp~trans~100~2026~5~25~c1^exp~food~-5~2026~5~25~_^xfer~2~nan~2026~5~25~c1^exp~10~0~2026~5~25~c1^exp~2~25.5~2026~0~1~_||1000,20,,zh,2026,5,25|
credit	inc~rent~33.33~2026~1~28~a1^inc~food~0.5~2026~1~28~_^exp~10~25.5~2026~1~28~_^exp~shop~10~2026~1~28~a1^exp~%a~0.5~2026~1~28~_^exp~%a~33.33~2026~1~28~_^xfer~2~0.5~2026~1~28~_^inc~zz~0.5~2026~1~28~_|c1~卡c1~~credit~0~15~10^c2~卡c2~~credit~100~25~25|nan,20,shop:100;rent:-1;zz:30;10:30,zh,2026,1,28|
insight	xfer~food~10~2026~5~10~c1^inc~%a~10~2026~5~10~a1^exp~%a~nan~2026~5~10~a1^exp~rent~33.33~2025~11~31~c1||1000,1000,10:10;2:30;shop:100,en,2026,5,10|
insight	exp~shop~-5~2025~11~31~c1^xfer~10~10~2026~5~10~c1^exp~zz~nan~2026~5~10~_^exp~%a~10~2026~5~10~a1^exp~shop~100~2026~5~10~a1^xfer~%a~33.33~2026~1~28~_^exp~rent~0.5~2026~5~10~_^exp~zz~0~2026~5~11~_||-100,50,rent:nan,zh,2026,5,10|
insight	exp~10~25.5~2026~5~10~_^exp~2~0~2026~0~1~a1^inc~trans~1~2026~0~1~a1^xfer~shop~25.5~2025~11~31~a1||1000,20,,en,2026,0,1|
credit	exp~2~25.5~2026~5~10~_^exp~2~10~2026~1~28~a1^exp~trans~1~2026~5~10~a1^exp~10~nan~2026~5~10~a1^xfer~trans~-5~2026~5~10~a1|c1~卡c1~_~credit~-100~10~_^c2~卡c2~~credit~100~15~_|nan,0,,en,2026,5,10|
insight	exp~rent~0~2026~5~10~c1^exp~%a~0.5~2026~5~10~a1^exp~%a~10~2026~5~10~c1^xfer~food~nan~2026~1~28~a1^exp~shop~nan~2026~5~10~c1^xfer~shop~0.5~2026~5~10~_^exp~food~-5~2026~5~10~c1^exp~zz~nan~2025~11~31~c1||_,0,food:0;10:30;zz:30;2:10,en,2026,5,10|
credit	xfer~food~100~2026~0~1~a1^exp~trans~10~2026~0~1~c1|c1~卡c1~~credit~100~10~_|1000,1000,%a:0;rent:-1;trans:-1,en,2026,0,1|
insight	xfer~%a~nan~2026~5~11~a1^xfer~10~-5~2026~5~11~_^xfer~zz~-5~2025~11~31~a1^exp~shop~0~2026~5~25~c1^inc~2~nan~2026~5~11~c1^exp~food~0~2026~5~11~a1^exp~food~10~2026~5~11~a1^xfer~2~100~2026~5~11~_||_,0,%a:0;food:nan;rent:30,en,2026,5,11|
insight	exp~shop~25.5~2025~11~31~c1^exp~zz~0.5~2025~11~31~_^exp~rent~0~2025~11~31~c1^exp~2~nan~2026~0~1~a1||100,1000,2:10;zz:10,zh,2025,11,31|
insight	xfer~%a~0.5~2025~11~31~_^inc~trans~0.5~2026~1~28~a1^inc~zz~0.5~2026~1~28~c1^inc~%a~100~2026~1~28~a1^exp~trans~0~2026~1~28~_^exp~%a~33.33~2026~1~28~_^exp~2~100~2026~1~28~a1||120,1000,rent:10;trans:-1;%a:0,en,2026,1,28|shop:🐾:%a:Custom
credit	|c1~卡c1~~credit~0~25~10^c2~卡c2~_~credit~0~25~_|0,20,zz:0,zh,2025,11,31|%a:🐾:%b:%a
insight	||_,20,food:10;10:-1,en,2026,5,25|
credit	exp~shop~100~2026~5~10~c1^exp~10~100~2026~5~25~_^exp~food~0.5~2025~11~31~_^exp~2~1~2026~5~11~_|c1~卡c1~Card c1~credit~-100~10~10^c2~卡c2~Card c2~credit~0~10~20|nan,20,%a:0;2:-1,zh,2026,5,10|
insight	||1000,1000,%a:100,en,2025,11,31|
insight	exp~2~0.5~2026~1~28~a1^xfer~zz~25.5~2026~5~10~c1||0,50,,zh,2026,1,28|
insight	exp~food~-5~2026~0~1~a1||_,0,rent:1;shop:10;trans:30,en,2026,0,1|
credit	inc~10~10~2026~5~25~c1|c1~卡c1~Card c1~credit~-100~25~10|100,20,trans:-1;zz:nan;10:nan,en,2026,5,25|
insight	exp~food~0~2026~5~10~a1^exp~2~0~2026~1~28~_^xfer~%a~25.5~2026~5~10~_^inc~rent~100~2026~1~28~a1^exp~trans~0~2026~5~10~_^exp~10~1~2026~5~10~c1^exp~trans~10~2026~5~11~_||-100,_,shop:nan;rent:0;%a:30,zh,2026,5,10|
insight	inc~10~33.33~2026~5~10~a1||120,_,trans:nan;shop:nan,en,2026,0,1|
insight	inc~%a~25.5~2026~5~25~a1^exp~rent~33.33~2026~5~10~a1||-100,0,shop:10;2:-1,en,2026,5,25|
credit	|c1~卡c1~_~credit~0~25~25^c2~卡c2~~credit~100~10~_|120,0,shop:nan,en,2026,0,1|
insight	exp~2~25.5~2026~0~1~a1^exp~2~-5~2026~5~11~a1^exp~%a~33.33~2026~1~28~c1^exp~rent~-5~2026~5~11~c1^exp~10~25.5~2026~0~1~a1^inc~10~nan~2026~5~11~a1^inc~zz~100~2026~5~11~_^exp~10~1~2026~1~28~c1||100,nan,food:nan;10:100,en,2026,5,11|
credit	exp~zz~33.33~2026~5~11~c1^exp~food~0~2026~1~28~c1^exp~food~0~2026~1~28~a1^xfer~10~-5~2025~11~31~c1^exp~rent~-5~2026~1~28~a1^exp~2~100~2026~1~28~a1^exp~food~0.5~2026~1~28~a1^xfer~rent~33.33~2026~1~28~c1|c1~卡c1~Card c1~credit~0~10~_|120,nan,2:-1,en,2026,1,28|
insight	xfer~trans~nan~2026~0~1~c1^inc~food~-5~2026~0~1~a1^exp~%a~100~2026~1~28~a1^exp~10~0.5~2026~0~1~c1^exp~shop~10~2025~11~31~c1^inc~%a~0~2026~0~1~c1^inc~zz~1~2026~0~1~c1^exp~shop~25.5~2026~0~1~_||1000,1000,2:30;shop:10;food:0,zh,2026,0,1|
insight	exp~food~0~2026~5~25~c1^inc~rent~0.5~2026~5~11~c1^exp~shop~25.5~2026~5~25~_^exp~rent~33.33~2026~5~25~a1^inc~shop~33.33~2026~5~25~a1^inc~shop~1~2026~5~25~a1||1000,0,%a:100;shop:1,zh,2026,5,25|
insight	exp~food~100~2026~5~10~a1^xfer~shop~nan~2026~5~10~c1^exp~2~25.5~2026~5~10~c1^exp~shop~25.5~2026~5~10~a1^inc~%a~0.5~2026~5~10~_||_,nan,10:30;rent:-1,zh,2026,5,10|
insight	||0,1000,shop:10,zh,2026,1,28|
insight	exp~zz~1~2025~11~31~_^exp~%a~0~2026~1~28~_^inc~rent~10~2026~0~1~c1||120,20,trans:1;2:0;%a:100,en,2025,11,31|
insight	inc~rent~33.33~2026~0~1~c1^inc~2~0.5~2026~0~1~c1^exp~zz~10~2026~0~1~a1^inc~%a~1~2026~0~1~c1^inc~shop~0.5~2026~0~1~c1^inc~zz~nan~2026~0~1~a1^exp~trans~-5~2026~0~1~c1^exp~shop~100~2026~5~25~_||-100,0,,zh,2026,0,1|10:🐾:自定义:Custom
insight	exp~%a~0.5~2026~0~1~_^exp~2~10~2026~0~1~_^exp~food~100~2026~0~1~c1^exp~shop~nan~2026~0~1~c1^exp~food~1~2026~0~1~_^exp~trans~100~2026~0~1~a1||1000,0,,zh,2026,0,1|zz:🐾:%a:Custom
insight	exp~zz~0~2026~5~11~c1||100,nan,shop:nan;zz:30;10:10,zh,2026,5,25|
insight	exp~zz~-5~2026~5~11~_^exp~rent~0.5~2026~5~11~c1||-100,nan,trans:10;zz:-1,en,2026,5,11|
insight	exp~%a~1~2026~1~28~a1||nan,0,rent:1,en,2026,5,10|%a:🐾:%a:%d
credit	exp~10~10~2026~5~11~a1|c1~卡c1~~credit~100~15~10|100,0,shop:100;10:30;zz:-1;food:30,zh,2025,11,31|
insight	||1000,_,shop:-1;food:0;trans:-1,zh,2026,5,11|
credit	exp~2~-5~2025~11~31~c1^exp~food~-5~2026~5~25~a1^xfer~2~nan~2026~5~25~c1^xfer~%a~100~2026~0~1~c1|c1~卡c1~_~credit~0~15~_^c2~卡c2~~credit~0~10~10|120,50,,zh,2026,5,25|
insight	exp~shop~-5~2026~1~28~_^xfer~food~0~2026~1~28~a1^exp~2~10~2026~5~25~c1^xfer~2~33.33~2026~1~28~_^inc~shop~1~2026~1~28~c1||0,1000,food:100,en,2026,1,28|
insight	exp~%a~1~2026~0~1~a1^exp~zz~nan~2026~1~28~_^xfer~food~nan~2026~5~10~_||120,50,zz:10;food:30;shop:0;trans:nan,zh,2026,0,1|2:🐾:%b:Custom
insight	xfer~rent~-5~2026~1~28~_^exp~rent~10~2025~11~31~_^exp~2~10~2026~5~11~c1^exp~rent~100~2025~11~31~c1^exp~rent~0~2026~1~28~c1^exp~2~-5~2026~1~28~c1||_,_,%a:10,en,2026,1,28|2:🐾:自定义:Custom
insight	exp~%a~0~2026~1~28~c1^exp~shop~10~2026~5~25~_^exp~2~0~2026~1~28~c1^exp~trans~25.5~2026~1~28~a1^exp~zz~100~2025~11~31~a1||-100,0,2:nan;%a:0;zz:1;food:100,zh,2026,1,28|
insight	exp~zz~1~2026~0~1~_^exp~shop~-5~2026~5~25~_^exp~rent~0.5~2026~5~11~a1^inc~10~100~2026~0~1~a1^exp~%a~33.33~2026~0~1~_||_,20,10:100;%a:100;zz:1,en,2026,0,1|
insight	exp~trans~25.5~2026~5~25~c1||-100,0,zz:nan,zh,2026,5,25|
insight	inc~10~1~2026~5~25~a1^exp~%a~25.5~2026~5~25~c1^exp~2~10~2026~5~11~c1^inc~food~nan~2025~11~31~c1^inc~shop~100~2026~5~25~_^xfer~2~-5~2026~5~25~c1||0,50,,zh,2026,5,25|2:🐾:%b:%d
insight	exp~food~0~2026~0~1~c1^exp~10~25.5~2026~5~10~_^exp~rent~33.33~2026~5~10~_^exp~food~100~2026~5~10~_^exp~%a~25.5~2026~5~10~_^xfer~%a~100~2026~5~25~_||100,1000,shop:30,en,2026,5,10|rent:🐾:自定义:%a
insight	exp~2~33.33~2026~1~28~c1^inc~shop~0.5~2026~0~1~c1^xfer~10~0~2026~0~1~_^xfer~zz~nan~2026~0~1~c1^xfer~10~1~2026~0~1~c1^exp~10~nan~2026~5~11~c1^xfer~rent~1~2026~0~1~c1^exp~food~25.5~2026~0~1~_||100,50,10:30,en,2026,0,1|
insight	xfer~trans~25.5~2026~5~10~a1^exp~10~100~2026~5~10~a1||_,50,zz:0;2:10,zh,2026,5,10|rent:🐾:%b:%a
insight	exp~zz~0~2026~5~25~a1^exp~10~nan~2025~11~31~a1^exp~2~0.5~2026~5~25~a1^exp~trans~-5~2026~5~25~a1^exp~%a~10~2026~5~25~c1^exp~shop~0~2026~5~25~_||0,1000,,zh,2026,5,25|2:🐾:自定义:%d
credit	exp~trans~0.5~2026~1~28~c1^inc~rent~-5~2026~1~28~_^inc~shop~0.5~2026~1~28~a1^xfer~10~1~2026~1~28~c1^exp~%a~nan~2026~1~28~c1^xfer~10~100~2026~1~28~_^exp~2~33.33~2026~1~28~_^exp~%a~0.5~2026~1~28~c1|c1~卡c1~~credit~100~10~25|120,1000,,en,2026,1,28|shop:🐾:%a:%d
insight	exp~%a~25.5~2026~5~10~a1^xfer~%a~25.5~2026~5~10~c1^xfer~food~0~2026~5~11~c1^inc~zz~100~2026~5~10~a1^exp~rent~100~2026~5~25~_^exp~shop~100~2026~5~11~a1^exp~%a~33.33~2026~5~10~c1||0,1000,,en,2026,5,10|
insight	exp~zz~33.33~2026~5~25~_^exp~%a~1~2026~1~28~c1^inc~2~-5~2026~5~25~a1^exp~food~33.33~2026~5~25~a1^xfer~10~nan~2026~5~11~_^exp~trans~-5~2026~1~28~_^exp~trans~-5~2026~5~25~_||100,0,2:-1;%a:nan;shop:30;food:-1,en,2026,5,25|10:🐾:%a:%d
credit	inc~10~25.5~2026~1~28~c1^xfer~10~33.33~2026~1~28~c1|c1~卡c1~~credit~-100~10~10|100,_,,zh,2026,1,28|
insight	exp~10~33.33~2026~5~25~_^exp~trans~33.33~2026~5~25~_^xfer~shop~0.5~2026~0~1~_^exp~2~0.5~2026~5~25~_||-100,50,,zh,2026,5,25|
insight	inc~trans~0~2026~1~28~c1^exp~rent~0.5~2026~5~25~_^exp~2~1~2026~0~1~a1||_,20,2:100;%a:0,en,2026,0,1|%a:🐾:%a:Custom
insight	exp~10~33.33~2026~1~28~a1^inc~rent~100~2026~1~28~_^exp~food~33.33~2026~1~28~_||0,0,,en,2026,1,28|
insight	exp~trans~0~2025~11~31~c1^exp~2~33.33~2026~5~25~_^exp~2~0~2025~11~31~_||120,50,10:1,en,2025,11,31|
credit	|c1~卡c1~Card c1~credit~100~15~_^c2~卡c2~~credit~100~25~25|0,50,food:100;shop:1,en,2026,1,28|2:🐾:自定义:%d
insight	inc~10~100~2026~5~25~a1^exp~10~33.33~2026~5~25~a1||0,nan,zz:100;2:0;shop:-1;trans:nan,zh,2026,1,28|
credit	inc~2~-5~2026~0~1~c1^exp~zz~0~2025~11~31~a1^xfer~rent~33.33~2026~5~11~a1^exp~rent~25.5~2025~11~31~_|c1~卡c1~~credit~100~25~10|-100,0,trans:-1;10:10;%a:0;2:100,en,2025,11,31|
insight	exp~10~100~2026~5~11~_^exp~zz~25.5~2026~0~1~_^exp~rent~-5~2026~0~1~a1^xfer~food~100~2026~0~1~c1||120,50,rent:10;shop:100;food:1,en,2026,0,1|shop:🐾:%a:%d
credit	inc~rent~33.33~2026~5~10~a1|c1~卡c1~~credit~0~15~10|0,0,,zh,2026,5,25|
insight	xfer~trans~10~2026~0~1~c1^exp~2~10~2026~5~11~_^exp~trans~33.33~2026~1~28~a1^inc~2~25.5~2026~5~25~c1^exp~2~-5~2026~5~25~_||-100,nan,shop:1,en,2026,5,25|
insight	||0,20,trans:10,zh,2026,1,28|
insight	exp~rent~100~2026~5~25~a1^inc~shop~10~2026~1~28~c1^exp~trans~33.33~2026~5~11~a1^exp~10~nan~2026~1~28~a1^exp~10~10~2026~5~10~c1^exp~2~33.33~2026~1~28~a1^inc~trans~33.33~2026~5~11~_^exp~%a~nan~2026~1~28~a1||120,50,%a:100;zz:0;food:100,zh,2026,1,28|
insight	exp~zz~33.33~2026~0~1~c1||_,1000,2:0,en,2026,5,10|
insight	exp~10~0~2026~5~10~c1^exp~shop~-5~2026~5~10~c1^inc~shop~1~2026~5~10~a1||100,50,%a:10,zh,2026,5,10|
insight	inc~zz~-5~2026~1~28~a1^exp~food~-5~2026~0~1~_^exp~10~25.5~2026~0~1~_^exp~zz~100~2026~1~28~_^exp~%a~1~2026~5~10~c1^xfer~%a~0~2026~1~28~_^inc~trans~nan~2026~1~28~c1||100,1000,%a:1;food:100;zz:100;trans:10,en,2026,1,28|
insight	||-100,0,,zh,2026,5,11|
insight	exp~food~1~2026~0~1~_^exp~zz~100~2026~5~25~c1^xfer~rent~33.33~2026~0~1~c1^exp~%a~1~2026~5~25~c1||100,20,rent:30;%a:0;zz:-1,en,2026,0,1|
insight	inc~zz~0.5~2026~5~11~c1^exp~10~0.5~2026~5~25~a1^exp~shop~10~2026~5~10~c1^exp~zz~25.5~2026~5~11~a1^inc~%a~25.5~2026~5~10~_^xfer~rent~1~2026~5~10~_^exp~food~nan~2026~5~10~a1||1000,20,,zh,2026,5,10|
insight	||0,_,2:1;rent:100,en,2026,5,11|
insight	exp~trans~100~2025~11~31~a1||1000,1000,food:100;shop:30;2:100,en,2026,5,10|
insight	exp~10~nan~2025~11~31~c1^exp~zz~nan~2026~1~28~a1^exp~zz~1~2026~1~28~_^inc~shop~-5~2026~1~28~_||100,nan,,zh,2026,1,28|
insight	exp~2~0.5~2026~5~25~a1^inc~zz~100~2026~5~10~_^exp~shop~nan~2025~11~31~c1^exp~zz~0.5~2026~5~10~c1^exp~shop~-5~2026~0~1~c1^inc~2~nan~2026~5~10~_^exp~trans~0~2026~5~10~c1||0,1000,zz:100;2:0;shop:100;rent:1,en,2026,5,10|
insight	||100,1000,,zh,2026,5,11|
insight	exp~%a~1~2026~5~25~_^xfer~2~25.5~2026~5~11~c1^exp~%a~nan~2025~11~31~c1^exp~shop~10~2026~5~25~a1^exp~2~33.33~2026~5~25~c1^exp~rent~0.5~2026~5~25~_^exp~shop~25.5~2026~5~25~_^exp~shop~-5~2026~5~25~_||nan,_,2:30,en,2026,5,25|
insight	exp~shop~1~2026~1~28~c1^xfer~%a~1~2026~0~1~_^inc~10~100~2026~0~1~a1^xfer~2~100~2025~11~31~c1^exp~trans~0.5~2026~0~1~c1||0,1000,,zh,2026,0,1|rent:🐾:%b:Custom
insight	exp~2~25.5~2026~5~25~c1^inc~rent~25.5~2026~5~10~a1^exp~10~10~2026~5~25~_^xfer~trans~100~2026~5~25~c1^exp~2~nan~2026~5~25~c1^inc~%a~-5~2026~5~25~c1^exp~zz~1~2026~5~25~_^xfer~%a~nan~2026~5~25~_||1000,50,rent:0,zh,2026,5,25|
insight	||nan,50,trans:nan;rent:100,en,2026,0,1|shop:🐾:%a:%a
credit	xfer~food~0~2026~0~1~c1^exp~rent~1~2026~1~28~_^exp~zz~nan~2026~0~1~_^inc~%a~0.5~2026~0~1~c1^exp~rent~-5~2025~11~31~_^xfer~10~1~2026~0~1~c1|c1~卡c1~Card c1~credit~0~25~_^c2~卡c2~Card c2~credit~100~10~20|0,50,trans:30;10:-1,en,2026,0,1|
insight	inc~trans~nan~2026~0~1~_^exp~10~10~2026~0~1~a1^exp~%a~nan~2026~0~1~a1^exp~zz~-5~2026~0~1~_^xfer~zz~nan~2026~0~1~c1^inc~10~0.5~2026~0~1~a1||100,20,trans:nan,zh,2026,0,1|
insight	inc~2~10~2026~0~1~a1||100,_,,en,2026,0,1|
insight	exp~zz~0~2026~1~28~_^xfer~trans~-5~2026~1~28~c1^exp~shop~1~2026~5~11~c1^exp~zz~0~2026~1~28~c1^xfer~zz~1~2026~1~28~_^exp~rent~100~2025~11~31~_^exp~shop~1~2026~1~28~a1||nan,1000,zz:30;shop:1;%a:30;10:-1,zh,2026,1,28|
insight	exp~zz~33.33~2026~5~11~c1^exp~shop~10~2026~0~1~c1^exp~2~0.5~2026~0~1~a1^exp~shop~0.5~2026~0~1~a1^exp~food~-5~2026~0~1~a1^exp~trans~0.5~2026~0~1~_||nan,20,rent:-1;food:-1;shop:1,en,2026,0,1|
insight	xfer~10~1~2026~1~28~_||-100,1000,%a:0;trans:30;rent:nan;zz:0,zh,2026,1,28|
insight	exp~food~100~2026~5~11~a1^exp~%a~1~2026~0~1~c1^exp~food~10~2026~5~10~a1||1000,50,,zh,2026,0,1|
credit	exp~trans~33.33~2026~0~1~a1^exp~trans~0.5~2026~0~1~a1^xfer~shop~1~2026~1~28~c1^xfer~zz~33.33~2026~0~1~a1^inc~10~1~2026~1~28~c1^exp~%a~nan~2026~0~1~c1|c1~卡c1~~credit~100~15~_|-100,0,2:nan,en,2026,0,1|
insight	exp~10~nan~2025~11~31~c1^xfer~%a~33.33~2025~11~31~a1^inc~2~-5~2026~1~28~a1^exp~food~0.5~2026~1~28~c1^exp~10~-5~2026~5~25~a1^exp~food~100~2026~1~28~a1||120,nan,10:-1;2:nan;food:-1,zh,2026,1,28|
credit	exp~rent~33.33~2026~5~10~_^exp~%a~0~2026~1~28~_^xfer~10~-5~2026~0~1~a1^inc~2~nan~2026~1~28~_^exp~trans~nan~2026~0~1~c1^xfer~%a~100~2026~0~1~c1^exp~trans~-5~2026~0~1~c1^xfer~%a~100~2025~11~31~a1|c1~卡c1~~credit~0~25~20|-100,1000,10:100;food:1;zz:30;2:30,en,2026,0,1|10:🐾:%b:Custom
insight	exp~2~25.5~2026~0~1~a1^exp~zz~25.5~2026~0~1~_||0,20,,zh,2026,0,1|10:🐾:%b:%d
credit	xfer~zz~0~2026~5~10~c1^exp~food~100~2026~5~10~a1^inc~zz~nan~2026~5~10~c1^exp~zz~1~2026~5~10~c1^exp~%a~-5~2026~5~10~a1^exp~trans~10~2026~5~10~_|c1~卡c1~Card c1~credit~0~15~25|nan,50,%a:1;shop:10;zz:100;2:100,zh,2026,5,10|
insight	exp~2~-5~2026~0~1~a1^exp~shop~100~2026~1~28~_^xfer~%a~33.33~2026~5~10~c1^exp~%a~25.5~2026~0~1~_^exp~shop~-5~2026~0~1~_||1000,1000,%a:30,en,2026,0,1|
insight	exp~trans~10~2026~5~11~_^inc~rent~25.5~2026~5~25~c1^exp~food~25.5~2026~0~1~a1^exp~rent~0~2026~5~10~_^xfer~zz~25.5~2026~5~10~a1^exp~%a~10~2026~5~10~c1^xfer~food~nan~2026~5~10~a1^inc~10~25.5~2026~1~28~_||nan,0,food:0;rent:10,en,2026,5,10|zz:🐾:%b:Custom
insight	inc~food~-5~2026~1~28~c1^exp~trans~0~2025~11~31~_^inc~2~0~2025~11~31~_^exp~shop~1~2025~11~31~_||1000,0,,en,2025,11,31|
insight	exp~10~-5~2026~5~10~c1||0,_,%a:10;shop:1;10:0,zh,2026,5,10|
insight	exp~trans~0.5~2026~0~1~a1^inc~2~1~2026~0~1~c1||0,20,2:10;rent:-1,zh,2026,0,1|trans:🐾:%b:%a
credit	inc~%a~1~2026~0~1~c1^exp~2~33.33~2026~5~25~c1^exp~food~-5~2026~0~1~c1|c1~卡c1~Card c1~credit~-100~15~25|_,_,shop:nan;trans:-1;zz:10,zh,2026,0,1|
insight	xfer~shop~10~2026~0~1~_^inc~trans~100~2025~11~31~c1^exp~zz~25.5~2025~11~31~_^exp~zz~100~2026~1~28~c1^xfer~food~1~2025~11~31~a1^exp~food~-5~2026~5~10~a1^exp~trans~1~2026~5~25~c1^exp~food~0~2026~5~25~_||120,_,food:-1,zh,2025,11,31|
insight	xfer~10~25.5~2026~0~1~c1^exp~%a~nan~2026~0~1~c1||120,_,zz:0;%a:100;shop:30;food:nan,zh,2026,0,1|
insight	exp~2~nan~2026~5~25~_^exp~%a~nan~2026~5~10~c1^exp~shop~10~2025~11~31~a1^exp~zz~10~2026~5~10~_^exp~rent~33.33~2026~5~10~_||_,nan,food:-1;10:10;%a:nan;trans:0,zh,2026,5,10|
insight	xfer~rent~10~2026~5~10~a1||nan,0,%a:nan;food:10;shop:nan;trans:0,zh,2026,5,10|
credit	exp~shop~100~2026~1~28~a1^xfer~2~0.5~2026~1~28~c1^xfer~trans~10~2026~0~1~a1|c1~卡c1~~credit~-100~10~10|-100,50,10:nan;trans:nan,en,2026,1,28|%a:🐾:自定义:Custom
credit	xfer~2~0~2026~5~11~a1^exp~zz~1~2026~5~11~_^inc~food~1~2026~5~10~_^exp~trans~100~2026~5~11~c1^xfer~trans~33.33~2026~5~11~c1^exp~food~100~2026~0~1~_^exp~shop~33.33~2026~5~11~c1^xfer~rent~1~2026~5~11~c1|c1~卡c1~Card c1~credit~-100~10~20^c2~卡c2~Card c2~credit~0~25~10|120,nan,%a:10,zh,2026,5,11|
insight	inc~shop~10~2026~5~10~c1||_,20,zz:30;2:1;rent:0;10:-1,zh,2026,5,10|
credit	exp~shop~33.33~2026~5~25~_^inc~rent~10~2026~5~25~a1^exp~shop~10~2025~11~31~_^exp~10~-5~2026~1~28~a1^xfer~rent~33.33~2026~5~10~_^inc~10~-5~2025~11~31~a1|c1~卡c1~~credit~-100~15~10|100,_,food:0;rent:10,en,2026,5,25|
credit	exp~rent~10~2026~0~1~_^exp~shop~25.5~2026~0~1~c1^exp~%a~10~2026~0~1~a1^xfer~zz~0~2026~0~1~a1^exp~10~33.33~2026~5~10~_^exp~2~nan~2026~0~1~a1^exp~10~10~2026~0~1~_^xfer~2~33.33~2026~0~1~_|c1~卡c1~Card c1~credit~0~10~25^c2~卡c2~~credit~0~25~25|120,1000,zz:100;shop:100,zh,2026,0,1|zz:🐾:自定义:%a
insight	exp~rent~100~2026~1~28~a1^xfer~2~1~2026~1~28~a1||120,1000,10:0;trans:30;shop:nan;zz:10,zh,2026,1,28|%a:🐾:自定义:%d
insight	exp~zz~0.5~2025~11~31~a1||0,nan,,en,2026,5,25|
insight	exp~%a~33.33~2025~11~31~c1^inc~trans~33.33~2025~11~31~a1^exp~rent~0~2026~1~28~_^inc~food~nan~2026~5~25~_||nan,50,rent:1,zh,2025,11,31|
insight	exp~trans~10~2025~11~31~_^inc~food~-5~2025~11~31~c1^xfer~shop~-5~2026~5~11~c1^inc~food~33.33~2025~11~31~a1^exp~food~1~2026~1~28~_^exp~food~33.33~2026~5~25~_^exp~10~25.5~2026~5~25~c1^exp~10~100~2025~11~31~_||_,0,trans:nan,en,2025,11,31|
insight	inc~10~-5~2026~5~10~_^exp~%a~0.5~2026~5~10~a1||1000,1000,,zh,2026,5,10|
insight	xfer~food~100~2026~0~1~_^exp~rent~33.33~2026~5~11~a1^exp~food~25.5~2026~5~10~c1^exp~trans~-5~2026~0~1~a1||120,0,rent:-1,zh,2026,5,10|rent:🐾:自定义:Custom
insight	||120,20,,zh,2025,11,31|
insight	inc~rent~0.5~2026~5~10~_^inc~trans~0~2025~11~31~a1^exp~food~-5~2025~11~31~c1^exp~shop~0~2025~11~31~c1^inc~rent~nan~2025~11~31~_^exp~trans~nan~2025~11~31~_||1000,0,,zh,2025,11,31|
credit	inc~rent~25.5~2026~1~28~c1^exp~food~100~2026~0~1~c1^xfer~trans~1~2026~0~1~c1^xfer~shop~33.33~2026~0~1~c1^exp~rent~1~2026~0~1~a1^exp~rent~10~2026~0~1~_^exp~zz~33.33~2026~1~28~c1^inc~%a~1~2025~11~31~c1|c1~卡c1~~credit~100~25~25^c2~卡c2~~credit~100~15~25|1000,_,%a:0;2:-1;food:10,zh,2026,0,1|
insight	inc~shop~nan~2026~5~25~a1^xfer~zz~-5~2026~5~25~_^inc~shop~nan~2026~5~25~_^xfer~rent~100~2026~5~25~c1^exp~shop~10~2026~5~10~c1^exp~food~0.5~2026~5~25~c1^xfer~%a~25.5~2026~5~10~_||1000,nan,shop:10;10:0;food:30,en,2026,5,25|
credit	xfer~10~100~2025~11~31~a1^exp~10~-5~2026~0~1~a1^xfer~10~1~2026~0~1~c1|c1~卡c1~Card c1~credit~0~25~_^c2~卡c2~_~credit~-100~25~25|nan,_,,zh,2026,0,1|
insight	exp~shop~nan~2026~5~10~c1||100,0,trans:-1;%a:10;rent:100,zh,2026,5,10|
credit	exp~food~nan~2026~5~25~c1^exp~2~0.5~2026~5~25~c1|c1~卡c1~_~credit~100~15~20^c2~卡c2~~credit~100~25~10|_,nan,2:nan;food:30;trans:nan;10:100,en,2026,5,25|
insight	exp~10~0~2026~5~10~c1||120,nan,,zh,2026,5,10|
insight	inc~zz~25.5~2026~1~28~_^inc~%a~-5~2026~5~11~_^exp~food~33.33~2026~5~11~c1^xfer~2~10~2026~5~11~c1^exp~trans~0.5~2026~5~11~_^exp~2~nan~2026~5~11~a1^xfer~shop~-5~2026~5~11~_||120,1000,%a:10,zh,2026,5,11|
insight	exp~10~-5~2026~5~11~a1^inc~shop~25.5~2026~5~25~a1^exp~food~33.33~2026~5~25~_^exp~zz~100~2026~5~25~_^exp~2~33.33~2026~5~25~a1||_,50,,en,2026,5,25|rent:🐾:自定义:Custom
insight	xfer~food~0.5~2025~11~31~_^exp~trans~0.5~2025~11~31~c1^exp~zz~nan~2025~11~31~_^exp~%a~-5~2026~5~11~a1^exp~shop~-5~2026~5~11~a1||1000,nan,%a:30;zz:-1;10:nan,en,2025,11,31|2:🐾:自定义:%a
insight	exp~%a~0~2026~0~1~c1^xfer~shop~100~2026~0~1~_||nan,50,2:0;%a:nan;rent:30;trans:-1,zh,2026,5,10|
insight	exp~rent~10~2025~11~31~a1^xfer~trans~0.5~2026~1~28~a1^exp~rent~100~2026~5~25~a1^exp~rent~100~2026~1~28~_^exp~2~25.5~2026~5~25~c1^inc~10~1~2025~11~31~_^xfer~shop~1~2025~11~31~a1^xfer~rent~nan~2026~0~1~a1||0,_,rent:0;10:10;trans:-1,en,2025,11,31|
insight	exp~%a~33.33~2026~5~11~a1||100,_,rent:30;shop:0;2:1,zh,2026,5,11|
insight	inc~%a~33.33~2025~11~31~c1||1000,0,rent:nan,en,2026,1,28|
credit	exp~food~25.5~2026~5~25~c1^exp~food~33.33~2026~0~1~c1^inc~2~33.33~2026~0~1~c1^exp~zz~100~2026~0~1~_^xfer~10~25.5~2026~0~1~a1^inc~trans~100~2026~0~1~_^exp~shop~10~2026~1~28~a1|c1~卡c1~~credit~0~15~25^c2~卡c2~_~credit~0~25~10|-100,50,%a:1;rent:10,en,2026,0,1|
insight	exp~2~10~2026~5~10~_^inc~2~-5~2025~11~31~c1^exp~food~33.33~2025~11~31~_||nan,1000,rent:nan,zh,2025,11,31|
insight	exp~zz~25.5~2026~5~25~_^exp~trans~33.33~2026~5~25~_^exp~10~1~2026~5~25~_^xfer~2~-5~2026~5~25~c1||0,20,,en,2026,5,25|
insight	xfer~zz~0.5~2026~5~10~c1^inc~10~10~2026~5~10~a1^inc~2~0~2026~5~25~_||120,0,2:-1;trans:0;shop:100;zz:1,zh,2026,5,25|
insight	exp~food~33.33~2026~5~10~a1||1000,0,,zh,2026,5,10|
insight	xfer~trans~0.5~2026~5~10~a1^exp~10~100~2026~0~1~c1^exp~trans~0.5~2026~5~10~a1^xfer~10~33.33~2026~5~11~c1^xfer~rent~100~2026~5~11~c1^xfer~shop~25.5~2026~5~11~a1^inc~shop~nan~2026~5~11~a1^exp~2~-5~2026~5~11~c1||0,20,,zh,2026,5,11|
insight	xfer~%a~33.33~2026~5~25~_||100,1000,,zh,2026,5,25|
credit	exp~food~1~2026~0~1~c1^exp~rent~nan~2026~0~1~c1^xfer~zz~1~2026~0~1~c1|c1~卡c1~~credit~-100~25~20^c2~卡c2~~credit~100~15~20|1000,1000,10:0;zz:30;rent:0;%a:30,en,2026,0,1|2:🐾:%b:Custom
insight	||-100,0,zz:-1;trans:-1;2:-1;food:10,en,2026,5,25|
credit	exp~2~0~2025~11~31~c1^exp~%a~100~2025~11~31~c1^inc~rent~1~2025~11~31~c1^inc~food~nan~2025~11~31~c1|c1~卡c1~~credit~-100~10~10|100,1000,,zh,2025,11,31|2:🐾:%a:Custom
insight	exp~10~100~2026~5~10~_^exp~zz~0~2026~0~1~_||1000,_,food:0,en,2025,11,31|
insight	inc~rent~10~2025~11~31~a1^exp~food~nan~2026~5~11~a1^exp~rent~25.5~2026~5~11~c1^exp~zz~-5~2026~5~25~a1^xfer~10~-5~2026~5~25~a1^exp~food~25.5~2026~5~25~_^exp~zz~-5~2026~5~10~c1||_,1000,%a:0;rent:nan;food:1,zh,2026,5,25|zz:🐾:%a:%a
insight	exp~rent~100~2026~0~1~a1^exp~2~-5~2026~0~1~a1^exp~food~0~2026~5~10~_^xfer~10~0.5~2026~0~1~_^exp~shop~10~2026~0~1~c1||1000,nan,trans:1;rent:-1,en,2026,0,1|
insight	exp~%a~0~2026~5~10~a1||-100,1000,trans:-1;%a:30;2:100,en,2026,5,10|
credit	|c1~卡c1~~credit~0~25~25^c2~卡c2~~credit~0~15~10|_,20,food:100;shop:nan;10:30,en,2026,1,28|
insight	exp~2~-5~2026~5~25~c1^exp~shop~100~2026~1~28~c1^exp~rent~10~2026~5~25~a1^exp~trans~100~2026~5~11~c1^exp~food~33.33~2026~5~11~c1^xfer~food~100~2026~5~11~c1^xfer~trans~25.5~2026~5~11~c1||1000,_,zz:10;trans:-1,zh,2026,5,11|trans:🐾:%a:%d
insight	||-100,0,,en,2026,0,1|%a:🐾:%b:%d
credit	exp~food~10~2026~5~11~a1^exp~%a~100~2026~5~11~a1^xfer~rent~nan~2026~5~11~_^exp~food~-5~2026~5~11~c1|c1~卡c1~~credit~0~10~10^c2~卡c2~~credit~100~10~20|-100,20,%a:nan;zz:100,zh,2026,5,11|
insight	exp~food~33.33~2026~0~1~a1^exp~trans~0~2026~5~25~a1^exp~rent~nan~2025~11~31~c1^xfer~trans~0.5~2026~0~1~a1||100,50,,en,2026,0,1|
insight	xfer~trans~0~2026~5~10~_^exp~zz~1~2026~0~1~_^exp~trans~25.5~2026~0~1~c1^exp~2~nan~2026~0~1~a1^xfer~rent~0~2025~11~31~_^exp~rent~0.5~2026~0~1~c1||1000,50,shop:0,zh,2026,0,1|10:🐾:%a:Custom
credit	exp~zz~1~2026~5~25~c1^exp~shop~0.5~2026~5~25~c1^exp~trans~-5~2026~5~25~c1^inc~rent~-5~2026~5~25~c1^exp~zz~0~2026~0~1~_^xfer~%a~0~2026~5~25~c1^exp~shop~33.33~2026~5~25~c1|c1~卡c1~_~credit~0~10~25|_,nan,trans:1;2:100,zh,2026,5,25|trans:🐾:%b:Custom
insight	exp~%a~0~2026~0~1~_^exp~food~33.33~2026~0~1~c1^xfer~zz~33.33~2026~0~1~_^exp~rent~0.5~2026~0~1~c1^inc~food~-5~2026~0~1~c1||0,50,%a:30;trans:nan;food:100,zh,2026,0,1|
insight	exp~shop~0.5~2025~11~31~a1^exp~10~100~2026~5~25~c1^xfer~10~nan~2025~11~31~a1^exp~10~0~2026~5~25~c1^xfer~food~0.5~2026~5~25~c1^exp~10~10~2026~5~25~a1^xfer~2~1~2026~5~25~c1||0,_,rent:1;trans:nan;%a:30,zh,2026,5,25|
insight	||_,_,zz:1;shop:30;trans:nan,en,2025,11,31|
credit	|c1~卡c1~Card c1~credit~0~15~10|120,nan,trans:10;food:-1;%a:-1,zh,2025,11,31|%a:🐾:%a:Custom
insight	exp~zz~nan~2026~0~1~a1^inc~shop~33.33~2026~5~25~_^exp~shop~100~2026~5~25~_||_,50,zz:30;shop:100;10:10,en,2026,5,25|
insight	exp~trans~25.5~2026~5~25~c1^xfer~zz~10~2026~5~25~_^xfer~zz~-5~2026~5~25~_||100,_,food:30;%a:30,en,2026,5,25|2:🐾:%b:Custom
insight	inc~2~-5~2026~5~11~_^exp~food~0~2026~1~28~a1^inc~zz~0~2026~5~10~a1^exp~zz~10~2025~11~31~_^inc~zz~nan~2026~5~10~_^xfer~zz~25.5~2025~11~31~c1^exp~10~33.33~2026~5~10~_||100,1000,,en,2026,5,10|
insight	xfer~trans~100~2025~11~31~a1^exp~food~0.5~2026~5~11~c1^exp~zz~33.33~2026~5~10~_^xfer~shop~25.5~2026~5~11~c1^xfer~2~10~2026~5~10~a1^exp~food~100~2026~5~10~c1^exp~zz~0~2026~5~10~a1^inc~rent~25.5~2026~1~28~c1||1000,50,food:0;zz:0,en,2026,5,10|
credit	exp~trans~100~2026~5~10~_^exp~trans~33.33~2026~5~11~c1^inc~zz~10~2026~5~25~a1^xfer~zz~1~2026~5~10~c1^exp~trans~33.33~2025~11~31~a1^exp~rent~nan~2025~11~31~c1^exp~2~10~2025~11~31~c1|c1~卡c1~_~credit~0~10~20^c2~卡c2~Card c2~credit~-100~15~20|1000,1000,10:30;shop:1;food:10;%a:nan,en,2025,11,31|
credit	exp~trans~10~2025~11~31~_^exp~food~10~2025~11~31~_^inc~rent~0~2025~11~31~c1^exp~zz~nan~2025~11~31~c1|c1~卡c1~_~credit~0~10~20|120,1000,shop:-1,en,2025,11,31|
insight	xfer~2~0.5~2025~11~31~a1^xfer~shop~100~2026~5~25~a1^exp~trans~1~2025~11~31~_^exp~10~25.5~2025~11~31~a1^exp~shop~0.5~2026~5~25~_^exp~10~1~2025~11~31~a1^exp~%a~100~2025~11~31~_||0,20,zz:10,zh,2025,11,31|
insight	exp~shop~10~2026~0~1~a1^xfer~food~nan~2026~0~1~_^exp~trans~33.33~2026~0~1~a1||nan,20,,zh,2026,0,1|rent:🐾:%a:Custom
insight	exp~zz~10~2025~11~31~c1||120,0,10:nan;2:30;zz:10;%a:0,en,2025,11,31|
insight	inc~%a~-5~2026~0~1~_^exp~10~25.5~2025~11~31~_^exp~rent~0.5~2026~5~11~_||-100,50,zz:nan;food:10;10:0,zh,2025,11,31|
insight	exp~%a~100~2025~11~31~_^exp~rent~1~2025~11~31~a1||nan,nan,2:-1,zh,2025,11,31|zz:🐾:自定义:%d
insight	inc~food~10~2026~0~1~_^exp~food~10~2026~1~28~a1^inc~%a~100~2026~1~28~_^exp~zz~100~2026~1~28~a1^exp~rent~0~2026~0~1~c1^exp~zz~0~2026~5~25~_^inc~2~-5~2026~1~28~_||-100,nan,food:0,zh,2026,1,28|2:🐾:%b:%d
insight	inc~zz~0.5~2026~1~28~a1^inc~zz~100~2026~5~11~_^inc~shop~nan~2026~5~11~c1||_,20,2:0,en,2026,5,11|
insight	exp~rent~1~2026~1~28~a1||0,1000,zz:0,en,2026,1,28|
insight	inc~trans~1~2026~1~28~a1^inc~zz~nan~2026~1~28~a1^exp~trans~33.33~2026~1~28~_^exp~shop~0.5~2026~1~28~_||1000,50,2:10;zz:30;%a:0;food:1,en,2026,1,28|
insight	exp~zz~100~2026~1~28~c1^xfer~rent~100~2025~11~31~_^exp~%a~10~2026~1~28~a1^xfer~rent~33.33~2026~1~28~c1^exp~trans~1~2026~1~28~c1^exp~%a~1~2026~1~28~_^exp~rent~nan~2026~1~28~_^exp~10~0.5~2026~1~28~c1||nan,20,%a:30;10:1;rent:0;trans:10,en,2026,1,28|
insight	inc~%a~1~2026~0~1~_^inc~%a~-5~2026~0~1~_^exp~shop~0~2026~5~25~c1^xfer~shop~0.5~2026~5~11~a1^exp~2~33.33~2026~0~1~a1^exp~food~33.33~2026~0~1~a1^exp~rent~1~2026~0~1~a1||nan,50,,en,2026,0,1|
insight	xfer~10~0~2026~5~11~_^exp~zz~0.5~2026~5~10~a1||_,0,,en,2026,5,11|
credit	xfer~rent~33.33~2026~5~25~_^exp~2~10~2026~5~25~a1^exp~rent~100~2025~11~31~c1^inc~rent~1~2026~5~10~c1|c1~卡c1~_~credit~100~15~25^c2~卡c2~~credit~0~10~10|_,_,10:1,zh,2026,5,25|
insight	exp~2~25.5~2026~5~11~a1||100,0,,en,2026,5,11|
insight	xfer~food~-5~2026~5~11~c1^exp~zz~nan~2025~11~31~_^exp~shop~-5~2026~5~11~_^xfer~shop~33.33~2026~5~11~c1^exp~food~-5~2026~5~11~a1^exp~2~-5~2026~5~11~_^inc~%a~33.33~2026~5~11~a1^exp~zz~-5~2026~1~28~_||1000,20,,en,2026,5,11|
insight	exp~food~nan~2026~1~28~a1||1000,nan,,en,2026,0,1|10:🐾:自定义:Custom
insight	exp~%a~nan~2026~1~28~c1^exp~%a~1~2025~11~31~_^exp~food~10~2025~11~31~c1^xfer~food~0~2025~11~31~_||120,_,,en,2025,11,31|
insight	exp~shop~1~2026~0~1~c1^xfer~rent~1~2026~0~1~a1^exp~2~10~2026~0~1~c1^xfer~2~10~2026~0~1~_^exp~trans~-5~2026~5~10~_^exp~%a~1~2026~0~1~a1^exp~food~33.33~2026~0~1~_^exp~food~0~2026~0~1~c1||_,20,trans:10;%a:30;rent:30;zz:-1,zh,2026,0,1|
insight	xfer~rent~100~2026~5~25~_^inc~zz~0.5~2026~5~11~c1^exp~%a~nan~2025~11~31~c1^exp~%a~100~2026~5~25~a1^exp~rent~33.33~2026~0~1~_^xfer~trans~33.33~2026~5~11~_^exp~rent~10~2025~11~31~a1||nan,0,rent:1,zh,2025,11,31|
insight	exp~food~10~2026~5~11~_||_,0,%a:100;food:1;10:0;rent:nan,en,2026,5,11|
insight	exp~trans~100~2026~5~11~c1^exp~shop~-5~2026~5~11~a1^exp~trans~1~2026~5~11~a1^xfer~zz~33.33~2026~5~11~a1^xfer~2~0~2026~5~25~c1||1000,0,food:nan;shop:nan;rent:10;10:-1,en,2026,5,11|zz:🐾:自定义:%a
insight	inc~rent~100~2026~5~10~a1^exp~zz~0~2026~0~1~c1^exp~rent~10~2026~5~10~c1^exp~trans~-5~2026~5~10~a1^exp~rent~10~2026~5~25~a1||nan,nan,trans:100;shop:100,zh,2026,5,10|
insight	exp~10~-5~2026~5~25~c1^exp~food~0.5~2026~5~25~_^exp~food~-5~2026~5~25~a1||1000,1000,shop:0,en,2026,5,25|%a:🐾:自定义:%a
insight	inc~zz~25.5~2026~0~1~_^inc~10~25.5~2026~0~1~c1^xfer~trans~100~2026~5~25~a1^inc~%a~0.5~2026~1~28~c1||nan,nan,2:1;%a:100,en,2026,0,1|
insight	xfer~trans~25.5~2026~5~10~a1||100,_,shop:100;2:100;trans:100;%a:100,zh,2026,5,11|
insight	||0,0,%a:0;trans:nan,en,2026,1,28|
insight	exp~2~100~2026~5~10~_^exp~rent~25.5~2026~0~1~_||100,20,zz:10,zh,2026,5,10|
credit	xfer~zz~10~2026~1~28~a1^inc~food~0~2026~1~28~c1^exp~2~0.5~2026~5~11~c1^xfer~shop~0.5~2026~1~28~_^xfer~2~33.33~2026~5~25~c1|c1~卡c1~_~credit~-100~10~25|-100,0,2:nan;food:10;%a:10,zh,2026,1,28|
insight	exp~food~33.33~2026~5~25~c1||-100,1000,2:30;%a:10;zz:1,en,2026,5,25|
insight	inc~10~nan~2025~11~31~_||0,50,shop:0;zz:10,en,2025,11,31|
insight	exp~2~10~2025~11~31~a1^exp~shop~0~2026~5~10~c1^exp~2~10~2025~11~31~a1^xfer~%a~100~2026~0~1~_^xfer~%a~100~2025~11~31~c1^exp~shop~0.5~2026~5~10~_^exp~zz~0~2025~11~31~a1^exp~%a~10~2025~11~31~c1||0,nan,shop:10,en,2025,11,31|
insight	exp~10~nan~2026~5~11~c1^exp~10~10~2026~5~11~a1^exp~shop~0.5~2026~0~1~a1^exp~shop~nan~2026~5~11~c1||_,nan,%a:30,en,2026,5,11|
insight	exp~trans~0~2026~5~11~a1||_,50,2:10;10:nan,zh,2026,5,10|
insight	xfer~shop~100~2026~5~25~_^inc~2~25.5~2026~5~25~_^exp~zz~nan~2026~5~25~a1^exp~10~0~2026~1~28~c1^exp~2~10~2026~5~25~c1||100,nan,,zh,2026,5,25|food:🐾:%a:%d
credit	exp~10~10~2025~11~31~c1^exp~zz~0.5~2025~11~31~_^exp~trans~-5~2025~11~31~a1|c1~卡c1~~credit~-100~10~10|120,50,food:30;rent:0,zh,2025,11,31|
insight	exp~shop~100~2026~1~28~_||nan,1000,10:10;trans:nan,en,2026,1,28|
credit	xfer~food~nan~2026~1~28~_^xfer~10~100~2026~1~28~a1^inc~food~10~2026~1~28~a1^exp~trans~0~2026~1~28~_^exp~food~-5~2026~0~1~a1^exp~%a~100~2026~1~28~c1^exp~trans~33.33~2026~1~28~c1|c1~卡c1~~credit~-100~10~20|1000,0,zz:100;trans:1;shop:-1;2:30,en,2026,1,28|
insight	exp~2~nan~2026~1~28~_^xfer~shop~nan~2026~5~11~c1||0,0,2:0;%a:0;zz:100;rent:1,zh,2026,5,10|
insight	exp~food~100~2026~5~25~c1^inc~10~33.33~2026~5~25~_^inc~2~0~2026~5~11~c1^exp~2~10~2026~5~10~_^xfer~10~-5~2026~5~25~c1^exp~shop~0~2026~5~25~a1||1000,1000,,zh,2026,5,25|2:🐾:%b:Custom
insight	exp~food~33.33~2026~0~1~a1^exp~food~100~2026~0~1~a1^inc~shop~1~2026~5~25~a1^exp~rent~-5~2026~0~1~c1^inc~trans~1~2026~0~1~_^xfer~food~33.33~2026~0~1~_^exp~rent~33.33~2026~0~1~c1||120,nan,rent:30;zz:0,en,2026,0,1|
insight	inc~food~100~2025~11~31~c1^exp~rent~10~2025~11~31~c1^exp~2~-5~2025~11~31~c1^exp~trans~33.33~2025~11~31~_^xfer~zz~10~2025~11~31~c1^xfer~shop~10~2025~11~31~c1^exp~food~0.5~2026~5~25~_^inc~trans~1~2025~11~31~a1||120,1000,,en,2025,11,31|
insight	exp~2~33.33~2026~5~10~a1^exp~shop~0.5~2026~5~25~a1||nan,20,,en,2026,5,25|
credit	inc~%a~33.33~2026~5~10~a1^exp~shop~10~2026~5~10~_^inc~10~10~2026~5~10~_^exp~2~100~2026~5~10~_^exp~rent~33.33~2026~5~10~c1^exp~2~10~2026~5~10~a1^xfer~shop~0.5~2026~5~10~_^exp~food~0.5~2026~5~11~a1|c1~卡c1~~credit~100~25~25|100,nan,,zh,2026,5,10|10:🐾:%a:%d
insight	inc~zz~nan~2026~5~11~a1^xfer~shop~10~2026~5~11~_||120,50,,en,2026,5,11|zz:🐾:%b:%a
insight	exp~trans~100~2026~0~1~c1||_,1000,trans:0;shop:30;2:100;rent:10,zh,2026,0,1|
insight	xfer~rent~1~2026~5~10~_^exp~zz~25.5~2026~5~11~c1^inc~trans~25.5~2026~5~11~a1^xfer~10~1~2026~5~11~c1^exp~10~100~2026~5~11~_||nan,0,trans:-1;10:0,zh,2026,5,11|10:🐾:%b:Custom
insight	exp~rent~33.33~2026~0~1~c1^exp~trans~33.33~2025~11~31~a1^exp~food~-5~2026~5~11~_^exp~10~0.5~2025~11~31~_^inc~food~100~2026~1~28~c1^exp~shop~0.5~2025~11~31~c1||100,nan,zz:30,en,2025,11,31|
credit	xfer~%a~1~2025~11~31~a1^exp~zz~10~2025~11~31~c1^exp~trans~nan~2025~11~31~c1^exp~food~25.5~2026~5~25~_^exp~shop~nan~2025~11~31~a1^inc~zz~0~2025~11~31~c1^exp~rent~10~2025~11~31~c1^exp~2~10~2026~5~11~a1|c1~卡c1~~credit~-100~15~25^c2~卡c2~_~credit~0~25~_|_,20,food:-1;zz:-1,zh,2025,11,31|
credit	exp~rent~0.5~2025~11~31~c1^inc~zz~0~2026~5~11~_|c1~卡c1~Card c1~credit~100~15~10^c2~卡c2~_~credit~100~10~25|120,_,10:-1;food:-1,zh,2026,5,11|food:🐾:%a:%d
credit	exp~2~0.5~2026~5~11~a1|c1~卡c1~Card c1~credit~-100~15~_|-100,1000,food:1;10:-1;shop:100,zh,2026,5,10|zz:🐾:%a:Custom
insight	xfer~2~1~2025~11~31~_^exp~zz~0~2026~5~11~a1||120,nan,food:30,zh,2026,0,1|2:🐾:自定义:%d
credit	exp~trans~1~2026~5~11~_^inc~2~25.5~2025~11~31~a1^inc~2~0.5~2026~0~1~c1|c1~卡c1~Card c1~credit~100~15~25|120,50,shop:30;10:100;trans:-1,zh,2025,11,31|
insight	||120,1000,2:100;rent:100;food:10,zh,2026,0,1|
insight	exp~10~-5~2026~1~28~c1||-100,20,2:30;%a:0,zh,2026,1,28|
insight	xfer~food~10~2026~5~25~_^exp~2~0~2026~5~10~a1^exp~trans~25.5~2026~5~10~c1^xfer~shop~100~2026~5~10~a1^exp~trans~0~2026~5~25~a1^exp~2~25.5~2026~5~10~c1^exp~trans~33.33~2026~5~10~_^exp~%a~nan~2026~5~10~a1||1000,_,,zh,2026,5,10|
insight	exp~%a~0.5~2026~0~1~c1^xfer~shop~1~2026~1~28~a1^inc~%a~33.33~2025~11~31~a1^inc~10~0.5~2026~5~25~c1||100,_,,en,2025,11,31|
credit	|c1~卡c1~Card c1~credit~100~15~20^c2~卡c2~~credit~0~25~25|100,50,10:nan,en,2026,1,28|
insight	||1000,nan,%a:-1;food:10,zh,2026,5,10|%a:🐾:自定义:%a
credit	|c1~卡c1~~credit~0~15~_^c2~卡c2~Card c2~credit~-100~10~10|_,_,,zh,2026,5,10|
insight	exp~shop~0~2026~5~10~c1^exp~10~33.33~2026~5~10~c1^exp~food~-5~2026~5~10~c1||1000,0,trans:100;%a:0;2:0,en,2026,5,10|
insight	exp~2~1~2025~11~31~_^exp~10~0~2026~5~10~c1^exp~2~33.33~2025~11~31~c1^exp~trans~25.5~2026~5~10~c1||1000,50,,en,2026,5,10|
credit	exp~trans~-5~2026~0~1~a1|c1~卡c1~~credit~-100~25~20|0,20,2:-1,en,2026,0,1|
insight	exp~%a~nan~2026~1~28~a1^xfer~10~nan~2026~1~28~_^inc~shop~1~2026~1~28~_^exp~2~0~2026~1~28~_||_,20,2:1;shop:1;10:10,zh,2026,1,28|
insight	exp~shop~100~2026~5~10~c1^exp~shop~25.5~2025~11~31~c1^exp~rent~0~2026~0~1~a1^exp~10~-5~2026~0~1~a1^exp~2~-5~2026~5~10~_^xfer~trans~25.5~2026~5~10~_^exp~zz~nan~2026~0~1~a1^exp~trans~0~2026~0~1~_||100,20,food:0;2:100;10:nan;trans:100,zh,2026,0,1|shop:🐾:%b:%d
credit	xfer~2~25.5~2026~0~1~a1^xfer~trans~33.33~2026~0~1~_^inc~food~0.5~2026~0~1~c1^xfer~shop~nan~2026~0~1~a1^inc~trans~25.5~2026~0~1~_|c1~卡c1~Card c1~credit~-100~25~20^c2~卡c2~~credit~100~25~10|-100,20,%a:30;shop:0;trans:-1,zh,2026,0,1|
insight	exp~shop~10~2025~11~31~a1^exp~%a~1~2025~11~31~c1^exp~zz~nan~2025~11~31~c1||-100,0,zz:10;shop:10;rent:nan;2:-1,en,2025,11,31|2:🐾:自定义:%d
insight	||-100,50,rent:10;trans:0;2:30,zh,2026,1,28|2:🐾:%a:%a
insight	||120,50,shop:30,en,2025,11,31|
insight	exp~zz~25.5~2026~1~28~_^exp~10~1~2026~5~10~c1^exp~trans~100~2026~0~1~c1^exp~zz~-5~2026~1~28~c1||_,0,rent:10,en,2026,1,28|
insight	exp~trans~1~2026~1~28~_^exp~trans~0.5~2026~0~1~_^exp~2~0~2026~5~25~c1^exp~%a~100~2026~1~28~c1||120,_,,en,2026,1,28|
credit	inc~food~25.5~2026~0~1~a1^inc~%a~1~2026~5~10~_^exp~trans~0.5~2026~5~25~_^xfer~shop~-5~2026~0~1~_^inc~trans~1~2026~0~1~a1^exp~2~0~2025~11~31~c1^exp~trans~1~2026~0~1~a1^inc~10~10~2026~5~10~a1|c1~卡c1~Card c1~credit~0~15~10|100,nan,shop:10;food:-1;%a:10;rent:nan,zh,2026,0,1|
insight	exp~food~nan~2026~0~1~_^inc~zz~25.5~2026~5~25~c1^inc~food~1~2026~5~25~_||-100,nan,10:nan;2:0,zh,2026,0,1|
credit	exp~shop~-5~2025~11~31~c1^exp~%a~0.5~2026~0~1~_^inc~10~100~2025~11~31~c1^xfer~2~100~2025~11~31~_^exp~2~nan~2025~11~31~c1^xfer~rent~10~2025~11~31~a1^exp~%a~0~2026~0~1~a1|c1~卡c1~~credit~0~25~20|_,1000,2:-1;rent:0;food:0,en,2025,11,31|
insight	inc~food~-5~2026~0~1~a1^exp~trans~-5~2026~5~10~a1^exp~shop~10~2026~0~1~c1^exp~zz~nan~2026~0~1~a1^inc~%a~25.5~2026~0~1~_^xfer~10~nan~2026~0~1~c1||120,1000,rent:10;2:-1,en,2026,0,1|
insight	exp~shop~0.5~2026~5~11~_^exp~rent~25.5~2026~5~25~c1^exp~trans~-5~2026~5~10~a1^exp~%a~-5~2026~5~10~c1^inc~food~25.5~2026~5~10~c1^exp~%a~100~2026~5~10~c1^exp~10~1~2026~1~28~a1||1000,50,food:100,zh,2026,5,10|zz:🐾:自定义:%a
insight	exp~rent~33.33~2026~5~10~_^inc~10~0~2026~5~10~c1^exp~shop~0.5~2026~5~10~_||_,0,2:0;food:nan;rent:-1,en,2026,5,10|
credit	exp~%a~33.33~2026~1~28~c1|c1~卡c1~_~credit~100~15~25^c2~卡c2~~credit~-100~15~10|nan,1000,2:-1;food:-1,zh,2026,1,28|
insight	exp~2~33.33~2026~0~1~_^exp~2~100~2026~5~10~_^xfer~%a~0.5~2026~5~10~c1^exp~10~10~2026~5~11~a1||-100,20,10:0,zh,2026,5,10|
credit	inc~rent~33.33~2026~1~28~_^exp~food~100~2026~1~28~_^exp~shop~25.5~2026~1~28~a1^exp~%a~0.5~2026~1~28~a1^inc~shop~0~2026~1~28~c1^exp~trans~100~2026~5~11~a1^xfer~2~10~2026~1~28~_|c1~卡c1~_~credit~0~25~_^c2~卡c2~~credit~-100~10~10|100,nan,shop:100;zz:30;rent:-1;%a:-1,zh,2026,1,28|
insight	xfer~%a~0~2025~11~31~c1^exp~10~-5~2026~1~28~_||_,0,trans:nan;rent:-1,zh,2025,11,31|
insight	inc~%a~-5~2026~5~25~_^exp~shop~25.5~2026~1~28~_^inc~rent~100~2025~11~31~_^xfer~shop~100~2026~5~25~c1^exp~rent~10~2026~5~25~c1||100,_,10:10,en,2026,5,25|%a:🐾:自定义:Custom
insight	inc~10~0.5~2026~0~1~_^exp~zz~-5~2026~0~1~c1^xfer~10~33.33~2026~0~1~c1^inc~zz~10~2026~0~1~c1^inc~2~33.33~2025~11~31~_^exp~shop~25.5~2026~5~25~c1^xfer~food~-5~2026~0~1~a1^inc~shop~-5~2026~0~1~a1||100,nan,rent:10;10:10;2:0;zz:nan,zh,2026,0,1|
credit	exp~rent~25.5~2026~5~11~a1^exp~zz~0~2025~11~31~_|c1~卡c1~Card c1~credit~100~15~25^c2~卡c2~_~credit~-100~25~25|_,0,trans:-1;10:nan;shop:100;2:10,en,2026,5,11|10:🐾:自定义:%d
credit	exp~shop~nan~2026~5~10~c1^exp~10~1~2026~5~10~c1^exp~trans~10~2026~5~10~a1^xfer~10~33.33~2026~0~1~_^exp~zz~0.5~2026~5~10~c1^exp~%a~25.5~2026~5~10~c1|c1~卡c1~~credit~-100~15~10|100,20,%a:-1,en,2026,5,10|food:🐾:%b:%d
insight	xfer~food~10~2026~1~28~_^inc~shop~0.5~2026~5~25~c1^xfer~rent~25.5~2026~1~28~c1^inc~zz~0.5~2026~1~28~_||100,1000,rent:100;%a:30,zh,2026,1,28|2:🐾:%a:%d
credit	|c1~卡c1~_~credit~100~25~10|100,nan,2:nan;trans:0,en,2025,11,31|
insight	||_,_,%a:0,zh,2026,5,10|
insight	xfer~shop~1~2026~5~11~c1^exp~2~10~2026~5~11~c1^exp~2~10~2026~5~11~c1^exp~trans~33.33~2026~1~28~c1^exp~%a~1~2026~5~11~_^exp~zz~-5~2026~5~11~a1||_,20,10:30;trans:10;food:1,zh,2026,5,11|
insight	exp~2~25.5~2026~5~10~a1||120,20,,zh,2026,5,25|
insight	inc~%a~-5~2026~0~1~c1^exp~trans~0.5~2025~11~31~_^exp~shop~33.33~2026~0~1~c1||0,_,food:nan;2:100;10:0;shop:30,en,2026,0,1|shop:🐾:%a:Custom
insight	xfer~rent~-5~2026~5~10~_^inc~trans~33.33~2026~5~11~c1^exp~2~1~2026~5~10~a1^exp~trans~-5~2026~5~10~_^exp~%a~1~2026~5~10~a1^exp~food~0~2026~1~28~a1^inc~rent~0.5~2026~5~10~a1^exp~%a~100~2026~5~10~c1||1000,20,10:10;food:10;shop:100;rent:nan,en,2026,5,10|2:🐾:%a:%d
credit	exp~10~25.5~2026~5~10~c1^exp~zz~1~2026~5~10~c1^exp~%a~25.5~2026~1~28~c1|c1~卡c1~Card c1~credit~0~10~25^c2~卡c2~_~credit~-100~15~20|100,nan,2:100;zz:30;%a:10;rent:nan,zh,2026,5,10|
credit	xfer~trans~0.5~2026~5~11~c1^exp~zz~33.33~2026~5~11~c1^exp~%a~nan~2026~0~1~a1^exp~food~1~2026~5~11~c1|c1~卡c1~_~credit~100~15~20^c2~卡c2~_~credit~100~25~20|1000,20,2:-1;%a:-1,zh,2026,5,11|
insight	exp~zz~33.33~2026~0~1~_^xfer~%a~25.5~2026~1~28~a1^xfer~2~0~2026~0~1~a1^exp~shop~1~2026~0~1~_^exp~trans~100~2026~0~1~_^exp~2~0~2026~5~25~a1^exp~shop~1~2026~0~1~_^xfer~food~100~2026~0~1~a1||_,50,,zh,2026,0,1|trans:🐾:%a:Custom
credit	xfer~%a~-5~2025~11~31~_^exp~%a~33.33~2026~5~11~c1^inc~%a~0~2026~1~28~c1^xfer~%a~25.5~2026~5~11~c1|c1~卡c1~_~credit~100~10~10^c2~卡c2~~credit~0~15~25|-100,20,2:30;%a:10,zh,2026,5,11|
insight	exp~shop~25.5~2026~5~25~c1^exp~rent~0~2026~5~25~a1^exp~rent~0~2025~11~31~_^exp~trans~0~2026~5~25~c1^exp~zz~100~2026~5~25~c1^exp~rent~0.5~2026~5~25~c1^inc~shop~25.5~2026~5~25~c1^exp~food~0~2026~5~10~_||100,0,trans:30;10:1;zz:10,zh,2026,5,25|
insight	||nan,50,2:10,zh,2026,0,1|
insight	exp~zz~10~2026~1~28~c1||-100,nan,,en,2025,11,31|
credit	inc~%a~1~2026~1~28~c1^exp~zz~25.5~2026~1~28~a1^exp~%a~10~2026~5~11~a1^exp~food~25.5~2026~1~28~_^exp~shop~nan~2026~1~28~_^exp~10~nan~2025~11~31~_^xfer~trans~-5~2026~1~28~c1|c1~卡c1~Card c1~credit~0~10~25|nan,nan,,zh,2026,1,28|
credit	exp~2~-5~2026~5~11~_|c1~卡c1~Card c1~credit~0~25~25|0,0,trans:-1;2:30,en,2026,5,11|
insight	exp~shop~-5~2025~11~31~c1^exp~zz~1~2026~0~1~_^xfer~10~-5~2026~5~25~c1||nan,0,2:100;zz:100,en,2026,5,25|
credit	xfer~trans~nan~2026~5~11~_^exp~trans~0.5~2026~5~25~c1^exp~2~nan~2026~5~11~_|c1~卡c1~~credit~-100~25~_^c2~卡c2~_~credit~0~15~10|120,20,zz:0;rent:1;trans:nan;10:30,en,2026,5,11|%a:🐾:%b:%d
insight	exp~shop~25.5~2026~5~10~c1^exp~shop~10~2026~5~11~c1^inc~shop~10~2026~5~25~_^exp~food~1~2026~5~25~c1||120,_,10:30;shop:0,zh,2026,5,11|
insight	xfer~trans~nan~2026~1~28~_^exp~rent~-5~2026~1~28~a1^exp~%a~1~2026~0~1~_^inc~shop~-5~2026~1~28~_^exp~rent~nan~2025~11~31~a1^xfer~10~10~2026~1~28~_^exp~%a~100~2026~5~10~a1||1000,0,zz:10,en,2026,1,28|
credit	|c1~卡c1~~credit~100~15~25|100,20,zz:nan;rent:30;food:1;trans:100,en,2026,1,28|
insight	exp~rent~100~2025~11~31~c1^exp~2~-5~2025~11~31~a1^exp~zz~1~2025~11~31~_^inc~trans~nan~2026~5~25~c1^inc~2~33.33~2025~11~31~c1||100,1000,2:0;shop:-1;%a:10,en,2025,11,31|
insight	exp~zz~33.33~2025~11~31~_||120,nan,shop:0;2:10;%a:10,en,2025,11,31|2:🐾:%b:%a
insight	exp~food~10~2026~5~11~a1||nan,_,,zh,2026,5,11|%a:🐾:自定义:Custom
credit	exp~zz~0.5~2025~11~31~a1^xfer~food~1~2026~0~1~a1^exp~rent~100~2026~0~1~_^exp~shop~nan~2026~5~25~c1^exp~food~10~2025~11~31~_|c1~卡c1~Card c1~credit~0~10~10|nan,1000,,zh,2026,0,1|
insight	exp~zz~nan~2026~5~10~a1^exp~10~33.33~2026~5~10~c1^xfer~%a~1~2026~5~10~c1^exp~zz~-5~2026~5~11~a1||1000,0,10:1,zh,2026,5,10|
insight	xfer~2~-5~2026~1~28~c1^exp~zz~nan~2026~5~25~c1^exp~%a~33.33~2026~5~25~_^exp~food~0.5~2026~1~28~_^inc~zz~33.33~2026~1~28~a1^inc~%a~10~2025~11~31~_^exp~zz~25.5~2026~1~28~_||0,0,shop:-1;10:30;zz:-1;%a:30,en,2026,1,28|
insight	xfer~shop~10~2026~0~1~_^exp~%a~25.5~2026~5~25~_^exp~trans~nan~2026~5~25~_^inc~10~1~2026~1~28~_^exp~shop~-5~2026~5~25~_^exp~zz~10~2026~0~1~c1^xfer~trans~0.5~2026~5~25~c1^exp~zz~10~2026~0~1~_||100,_,10:10;zz:0;rent:10;2:100,en,2026,5,25|rent:🐾:%a:%d
insight	exp~%a~0.5~2026~5~10~c1^inc~trans~nan~2025~11~31~c1||-100,50,10:0;rent:nan;2:100,zh,2025,11,31|
insight	exp~food~nan~2026~5~10~_^xfer~2~nan~2026~1~28~c1^exp~zz~0.5~2026~5~10~_^exp~food~100~2026~1~28~a1^exp~trans~0.5~2026~5~10~_^exp~shop~33.33~2026~5~10~c1^inc~shop~0~2026~5~10~c1^exp~2~33.33~2026~5~10~_||120,nan,%a:-1;10:nan,en,2026,5,10|
insight	||_,_,10:0,zh,2026,5,11|
insight	inc~%a~0.5~2026~5~11~a1^xfer~%a~0.5~2026~0~1~a1^exp~2~33.33~2025~11~31~a1^exp~zz~10~2025~11~31~a1^inc~rent~25.5~2025~11~31~a1^xfer~10~0~2025~11~31~a1^exp~shop~0.5~2025~11~31~a1||120,20,rent:10;shop:10,en,2025,11,31|food:🐾:%a:%d
insight	xfer~rent~25.5~2026~5~25~a1^exp~food~0.5~2026~0~1~_^exp~zz~100~2025~11~31~c1||0,nan,zz:1;10:1,en,2026,0,1|
insight	inc~trans~25.5~2025~11~31~_^exp~shop~0.5~2026~0~1~_^exp~2~10~2025~11~31~c1||100,_,zz:nan,zh,2025,11,31|
insight	exp~trans~0~2026~5~11~c1^exp~%a~10~2025~11~31~a1^exp~trans~33.33~2026~5~11~c1^exp~trans~-5~2026~1~28~a1^exp~2~0~2026~5~11~a1^exp~food~1~2026~5~11~_^exp~shop~1~2026~5~10~a1||100,_,10:-1,zh,2026,5,11|food:🐾:%b:%d
insight	exp~food~33.33~2026~0~1~c1^xfer~rent~1~2026~5~10~a1^exp~zz~-5~2026~1~28~_^xfer~2~25.5~2025~11~31~_^xfer~shop~25.5~2026~5~11~a1^inc~food~100~2025~11~31~c1||1000,0,10:10;%a:30;food:-1,zh,2026,0,1|2:🐾:%b:%d
credit	|c1~卡c1~_~credit~100~15~20|nan,20,,zh,2026,5,25|
insight	exp~10~nan~2026~5~10~_^exp~shop~-5~2026~5~10~_^inc~food~10~2026~5~10~a1||100,_,,en,2026,5,10|rent:🐾:自定义:Custom
insight	exp~shop~0~2026~0~1~c1^xfer~10~10~2026~0~1~_^inc~rent~25.5~2026~0~1~a1^inc~rent~1~2026~0~1~a1^exp~food~33.33~2026~5~25~c1||-100,50,2:-1;shop:nan;food:-1,zh,2026,0,1|
credit	exp~%a~100~2026~5~25~a1^exp~food~nan~2025~11~31~c1^exp~%a~-5~2026~5~10~a1^exp~rent~1~2026~5~25~a1^inc~shop~10~2026~5~25~_^xfer~zz~0.5~2026~5~25~_^exp~food~100~2026~5~25~c1^xfer~%a~nan~2026~1~28~c1|c1~卡c1~~credit~100~25~25^c2~卡c2~Card c2~credit~0~15~_|-100,nan,zz:nan;2:100,en,2026,5,25|
insight	exp~2~10~2026~5~25~c1^exp~2~0.5~2026~5~11~_^exp~%a~1~2026~5~11~_^exp~shop~0.5~2026~5~10~c1||1000,0,2:10;%a:30;food:nan;zz:0,zh,2026,5,11|trans:🐾:自定义:%a
credit	inc~10~33.33~2026~0~1~c1^exp~%a~33.33~2026~5~11~a1^exp~zz~10~2026~0~1~_^exp~rent~100~2026~0~1~a1^exp~zz~0~2026~5~25~_^inc~food~-5~2026~0~1~_^exp~%a~0~2025~11~31~a1|c1~卡c1~Card c1~credit~0~15~25^c2~卡c2~Card c2~credit~0~15~20|1000,0,%a:30;zz:100;2:-1;shop:30,zh,2026,0,1|
insight	exp~shop~nan~2026~1~28~a1^exp~zz~0.5~2026~1~28~c1^xfer~rent~-5~2025~11~31~c1||-100,1000,rent:10;trans:10;shop:nan,zh,2025,11,31|rent:🐾:%a:%a
credit	exp~trans~25.5~2026~5~10~c1^exp~10~0~2026~5~10~_^exp~zz~33.33~2026~0~1~c1^exp~rent~10~2026~5~10~c1^xfer~trans~0~2026~5~10~_^exp~rent~0.5~2026~1~28~_|c1~卡c1~~credit~-100~10~10^c2~卡c2~_~credit~-100~25~20|1000,nan,food:nan,zh,2026,5,10|zz:🐾:%b:%a
insight	exp~food~25.5~2025~11~31~_^exp~2~25.5~2026~1~28~c1^exp~10~100~2025~11~31~_^exp~trans~1~2025~11~31~c1||_,1000,shop:10;trans:100;10:10;2:100,zh,2025,11,31|2:🐾:%a:%d
insight	exp~rent~1~2026~0~1~a1^exp~food~0.5~2026~5~10~a1^exp~%a~33.33~2026~5~10~a1^exp~2~10~2025~11~31~c1^exp~shop~nan~2026~5~25~_^xfer~rent~100~2026~5~10~c1^exp~rent~10~2026~1~28~a1^inc~shop~-5~2026~5~10~a1||0,0,rent:30;2:nan;trans:30,en,2026,5,10|
insight	exp~2~33.33~2026~0~1~a1^exp~10~0~2026~1~28~a1||120,20,trans:-1,zh,2026,0,1|food:🐾:%a:%d
insight	exp~shop~0~2026~1~28~_^exp~rent~25.5~2025~11~31~_||100,nan,trans:0;10:nan,en,2025,11,31|
insight	inc~2~33.33~2025~11~31~a1^exp~zz~25.5~2026~1~28~a1^exp~%a~1~2026~5~11~c1^exp~2~10~2026~5~11~_^xfer~10~25.5~2026~5~11~a1^exp~trans~100~2026~5~25~_^exp~10~10~2026~0~1~a1^exp~food~33.33~2026~5~11~_||0,50,2:10,zh,2026,5,11|
insight	inc~10~-5~2025~11~31~c1^exp~food~100~2026~0~1~_||100,1000,trans:nan;10:10;zz:0,en,2026,0,1|
insight	exp~rent~nan~2026~0~1~c1^exp~zz~0~2026~0~1~a1^inc~shop~100~2026~0~1~_^exp~2~0.5~2026~0~1~a1^exp~%a~0~2026~0~1~c1^exp~trans~nan~2026~5~25~a1^exp~%a~33.33~2026~0~1~a1^exp~shop~-5~2026~0~1~c1||-100,_,,en,2026,0,1|
insight	inc~food~nan~2026~0~1~_^exp~zz~0.5~2026~5~10~a1^exp~rent~25.5~2026~5~11~a1^xfer~%a~0.5~2026~0~1~_^inc~zz~10~2026~0~1~c1||-100,_,food:30;shop:-1;zz:nan,zh,2026,0,1|
insight	exp~2~0~2025~11~31~c1^exp~food~100~2025~11~31~a1^xfer~zz~nan~2025~11~31~_^exp~2~0~2025~11~31~a1^xfer~%a~25.5~2025~11~31~a1^xfer~shop~nan~2025~11~31~_||120,50,,en,2025,11,31|
insight	inc~%a~nan~2026~5~10~c1^exp~10~0~2026~5~10~_^exp~zz~10~2026~5~10~a1^exp~10~0~2026~5~10~_^xfer~food~1~2026~5~10~c1^exp~2~25.5~2026~5~11~a1^xfer~2~25.5~2026~1~28~a1^xfer~10~33.33~2026~1~28~a1||nan,20,10:1;%a:10;2:100,zh,2026,5,10|
insight	exp~shop~-5~2026~1~28~a1^exp~10~nan~2026~0~1~a1||-100,50,shop:0;zz:0;food:100,zh,2026,0,1|
insight	exp~shop~25.5~2025~11~31~_^xfer~rent~0.5~2026~5~10~a1^xfer~shop~1~2025~11~31~c1||100,nan,rent:100;2:10;zz:100,en,2025,11,31|
insight	exp~trans~nan~2026~0~1~c1^exp~zz~1~2025~11~31~c1^exp~%a~-5~2026~5~10~_^exp~rent~33.33~2026~5~10~_||-100,50,zz:10,zh,2026,5,10|10:🐾:%b:Custom
insight	exp~2~10~2026~1~28~_^exp~rent~33.33~2026~5~10~_^exp~zz~1~2026~0~1~c1||nan,nan,10:nan;zz:10;2:0;food:10,zh,2026,0,1|
insight	exp~2~nan~2026~5~11~a1^exp~trans~1~2025~11~31~_^exp~food~-5~2026~5~11~c1||100,_,%a:nan,zh,2026,5,11|
insight	exp~food~25.5~2026~5~10~_^exp~10~0.5~2026~5~10~c1^xfer~rent~0.5~2026~5~10~c1^inc~shop~25.5~2026~5~10~c1^xfer~2~nan~2026~5~10~_^xfer~%a~-5~2026~5~10~c1^exp~food~0.5~2026~5~10~a1||120,20,%a:30,en,2026,5,10|
credit	xfer~2~nan~2026~5~10~c1^exp~2~0~2026~5~10~c1^inc~food~33.33~2026~5~10~a1^exp~2~33.33~2026~1~28~c1^exp~10~1~2026~5~25~_^exp~rent~nan~2026~0~1~c1^inc~2~10~2025~11~31~_|c1~卡c1~~credit~100~25~20^c2~卡c2~Card c2~credit~-100~10~_|-100,50,10:10;2:0,en,2026,5,10|
insight	exp~trans~33.33~2025~11~31~a1^xfer~trans~0~2026~5~10~a1^exp~trans~0.5~2026~5~10~_^inc~zz~10~2026~1~28~a1^exp~%a~100~2026~5~10~a1^exp~2~1~2026~5~10~c1||-100,50,10:nan,zh,2026,5,10|
credit	exp~trans~10~2026~0~1~_^exp~trans~25.5~2025~11~31~a1^xfer~food~33.33~2025~11~31~_^exp~shop~nan~2026~5~25~a1|c1~卡c1~~credit~100~10~25|120,20,10:nan,zh,2025,11,31|
credit	exp~zz~25.5~2026~5~11~c1^xfer~zz~10~2025~11~31~a1^xfer~10~0.5~2026~5~11~_^exp~food~33.33~2026~5~11~_^exp~rent~0.5~2026~5~11~a1^exp~zz~10~2026~5~11~c1^exp~10~1~2026~5~11~c1^inc~10~nan~2026~5~11~_|c1~卡c1~Card c1~credit~0~10~25|-100,20,,zh,2026,5,11|
insight	xfer~trans~1~2026~0~1~a1||_,50,10:10,zh,2026,0,1|
insight	inc~%a~0~2025~11~31~_^exp~rent~-5~2026~5~10~_^exp~10~100~2026~5~10~_^exp~2~10~2026~5~10~c1||120,_,trans:10;food:nan;2:100;rent:0,en,2026,5,10|
insight	exp~%a~33.33~2026~0~1~a1^xfer~10~-5~2026~5~11~_^xfer~trans~-5~2025~11~31~a1^exp~2~25.5~2026~5~11~c1^exp~trans~100~2026~5~11~_||nan,nan,,zh,2026,5,11|
insight	inc~%a~1~2026~1~28~a1^exp~trans~10~2026~5~25~c1^inc~shop~10~2026~1~28~_^exp~food~1~2026~1~28~c1^exp~zz~0~2026~1~28~_^xfer~%a~0~2026~1~28~_^exp~10~33.33~2026~1~28~c1||1000,20,%a:30;zz:0;food:0,zh,2026,1,28|food:🐾:自定义:Custom
insight	exp~food~0~2025~11~31~c1^exp~rent~nan~2026~0~1~a1^exp~rent~33.33~2026~5~11~c1^exp~2~100~2025~11~31~a1||120,0,rent:-1;10:100;food:1,en,2026,5,11|
insight	inc~zz~10~2026~5~25~a1^xfer~rent~nan~2026~0~1~c1^exp~trans~10~2026~5~10~c1^exp~trans~1~2025~11~31~c1^exp~food~25.5~2026~5~11~a1^inc~%a~-5~2025~11~31~c1^exp~trans~0.5~2026~5~25~_^exp~rent~33.33~2026~5~10~c1||0,_,10:-1,zh,2026,5,10|
credit	exp~trans~1~2026~1~28~c1^inc~%a~10~2026~1~28~a1^exp~rent~1~2026~5~11~c1^exp~zz~100~2026~5~10~_^inc~zz~1~2025~11~31~a1|c1~卡c1~~credit~100~25~_|_,nan,10:100;2:0,en,2026,1,28|zz:🐾:%a:%d
insight	||0,50,10:1;shop:10;zz:100;2:0,zh,2026,1,28|
credit	|c1~卡c1~~credit~0~10~_^c2~卡c2~~credit~0~10~_|100,50,zz:nan;food:0,en,2026,5,10|
insight	xfer~food~-5~2025~11~31~_^xfer~10~33.33~2025~11~31~a1^exp~zz~0~2025~11~31~_^exp~rent~33.33~2025~11~31~c1^exp~2~1~2025~11~31~a1^exp~%a~nan~2025~11~31~c1^exp~zz~10~2025~11~31~a1^inc~2~25.5~2025~11~31~a1||100,1000,trans:30;food:10;2:10,en,2025,11,31|
insight	exp~2~nan~2026~5~25~_^exp~trans~100~2026~5~25~_^inc~10~nan~2026~5~25~_||1000,nan,%a:1;shop:100;food:30,en,2026,5,25|
insight	inc~2~1~2026~5~11~c1^exp~trans~-5~2025~11~31~a1^exp~trans~1~2026~5~11~_^xfer~2~0.5~2026~5~25~a1^exp~2~25.5~2026~5~11~c1^exp~shop~nan~2026~5~11~c1||120,20,trans:nan;2:0;10:1;%a:100,zh,2026,5,11|10:🐾:自定义:Custom
insight	exp~rent~0.5~2026~1~28~a1^xfer~food~100~2026~1~28~c1^exp~2~0~2026~1~28~_^inc~shop~100~2026~1~28~c1^xfer~zz~-5~2026~0~1~a1^exp~zz~0.5~2026~1~28~a1||nan,_,zz:100,zh,2026,1,28|
insight	inc~trans~10~2026~1~28~_^xfer~zz~25.5~2026~5~10~c1^inc~shop~25.5~2026~5~10~c1||1000,nan,2:0;trans:0;zz:1;food:nan,zh,2026,5,10|
insight	exp~zz~10~2026~1~28~c1||_,_,zz:-1;10:1,en,2026,5,10|
insight	||_,1000,zz:10;2:10,en,2026,5,25|
insight	xfer~trans~nan~2026~5~25~a1^exp~food~10~2026~1~28~c1^inc~shop~100~2026~1~28~c1^inc~trans~0.5~2026~1~28~_^exp~shop~nan~2026~5~11~a1^exp~shop~nan~2026~1~28~a1^exp~trans~1~2026~0~1~a1||nan,_,shop:1;10:30,zh,2026,1,28|
insight	||0,0,shop:30;rent:0;zz:1,en,2026,5,10|
insight	inc~2~33.33~2026~5~11~a1^xfer~2~10~2026~5~11~a1^exp~zz~10~2026~5~11~a1^exp~rent~10~2025~11~31~a1^inc~shop~33.33~2026~1~28~a1^exp~food~33.33~2026~5~11~a1||100,nan,%a:1,en,2026,5,11|rent:🐾:%a:%d
insight	exp~rent~100~2026~0~1~c1^exp~zz~100~2026~0~1~c1^exp~food~100~2026~0~1~c1^exp~rent~100~2026~5~25~a1^exp~zz~10~2026~5~10~c1^exp~2~0~2026~0~1~c1^exp~rent~1~2026~0~1~a1||100,50,rent:1;10:1;trans:-1;2:100,en,2026,0,1|
credit	exp~shop~0.5~2026~5~25~c1^exp~2~0.5~2026~1~28~_^exp~10~25.5~2026~1~28~a1^exp~zz~100~2026~0~1~a1^exp~food~25.5~2026~5~25~c1^xfer~%a~1~2026~5~25~a1^exp~%a~1~2026~5~10~a1|c1~卡c1~Card c1~credit~0~25~25^c2~卡c2~~credit~-100~25~10|100,nan,10:0;%a:100,zh,2026,5,25|
insight	exp~rent~25.5~2026~5~10~_^exp~zz~25.5~2026~5~10~a1^exp~10~0.5~2026~5~10~_||nan,20,2:30,zh,2026,5,10|
insight	exp~zz~100~2026~0~1~_^exp~rent~0.5~2026~0~1~_^inc~food~25.5~2026~0~1~_^exp~food~-5~2026~5~11~_^exp~zz~0~2026~0~1~c1^exp~zz~nan~2026~0~1~a1||_,50,food:nan,zh,2026,0,1|
insight	inc~shop~-5~2026~1~28~c1^exp~trans~0~2026~1~28~a1^exp~trans~1~2026~1~28~c1^exp~rent~nan~2026~1~28~c1^inc~food~33.33~2026~1~28~a1^xfer~zz~0~2026~1~28~_^exp~zz~25.5~2026~1~28~a1||nan,nan,,en,2026,1,28|
insight	exp~%a~100~2026~5~10~_^xfer~10~33.33~2026~5~25~c1^exp~trans~nan~2026~5~11~c1||120,0,food:10;shop:0,zh,2026,5,25|
insight	xfer~shop~1~2026~0~1~_||_,_,rent:1;10:0;2:1;food:0,zh,2026,5,10|
insight	xfer~rent~10~2025~11~31~c1^exp~zz~-5~2026~0~1~a1^exp~2~33.33~2025~11~31~_^exp~shop~100~2026~5~10~c1||-100,0,trans:-1;rent:1;shop:0,zh,2025,11,31|
insight	inc~trans~0~2025~11~31~a1^exp~%a~100~2026~1~28~_^exp~rent~25.5~2025~11~31~_^inc~trans~0~2025~11~31~c1^inc~shop~nan~2025~11~31~c1^exp~10~1~2025~11~31~_||0,_,10:1;shop:30,zh,2025,11,31|trans:🐾:%b:%a
credit	exp~%a~-5~2025~11~31~_^inc~zz~100~2025~11~31~c1^exp~10~0~2025~11~31~_^exp~10~10~2026~1~28~_^xfer~rent~10~2026~5~11~_|c1~卡c1~Card c1~credit~0~15~10^c2~卡c2~Card c2~credit~0~15~25|120,nan,10:0;shop:-1,zh,2025,11,31|
insight	exp~10~nan~2026~5~11~a1^exp~trans~25.5~2026~5~11~c1^exp~2~-5~2026~5~11~_^exp~2~1~2026~5~11~c1^exp~%a~10~2026~5~11~_^xfer~2~10~2026~0~1~a1^xfer~2~0~2026~1~28~a1||100,_,food:-1;rent:30;2:1,en,2026,5,11|
insight	xfer~trans~10~2026~5~25~c1^exp~%a~-5~2026~5~25~c1^exp~shop~100~2026~0~1~c1^xfer~shop~1~2026~5~25~a1^exp~2~0~2026~5~25~a1^xfer~%a~0~2026~5~25~_||0,_,food:100,zh,2026,5,25|
insight	inc~%a~-5~2026~5~25~c1^xfer~trans~0.5~2026~0~1~a1^xfer~%a~10~2026~5~11~c1^exp~rent~1~2026~5~11~_^exp~rent~1~2026~5~25~_^exp~food~-5~2026~1~28~_^exp~%a~25.5~2026~5~10~a1||-100,1000,2:-1;10:nan;zz:30,en,2026,5,11|10:🐾:%b:Custom
insight	xfer~10~0~2026~1~28~_^exp~%a~1~2026~1~28~c1^xfer~zz~0.5~2026~1~28~a1^exp~zz~nan~2026~1~28~_^exp~%a~25.5~2026~1~28~c1^exp~zz~25.5~2026~5~11~_||120,50,10:10;rent:0;shop:10;zz:nan,zh,2026,1,28|
insight	exp~rent~25.5~2026~0~1~a1^xfer~shop~1~2025~11~31~a1^exp~zz~33.33~2026~0~1~c1^exp~%a~33.33~2026~5~25~_^exp~2~25.5~2026~1~28~_^xfer~zz~-5~2026~5~25~_^exp~10~10~2025~11~31~c1^exp~%a~100~2026~0~1~c1||nan,0,,zh,2026,0,1|
insight	xfer~2~100~2025~11~31~a1^exp~10~nan~2025~11~31~c1^inc~zz~1~2026~0~1~a1^exp~%a~0~2025~11~31~_||1000,50,zz:100;rent:100;%a:100,zh,2025,11,31|
insight	||_,1000,%a:nan;shop:30;food:-1,zh,2026,5,25|
insight	inc~food~25.5~2025~11~31~_^exp~rent~10~2026~5~10~a1^exp~rent~0~2026~5~10~c1^exp~2~10~2026~5~10~c1^inc~10~-5~2026~5~10~_^exp~2~-5~2026~5~10~a1||nan,1000,shop:-1;10:30;food:100;%a:-1,en,2026,5,10|
insight	exp~rent~nan~2026~5~10~_^exp~food~0.5~2026~5~10~c1^exp~10~-5~2026~5~10~_^exp~zz~0~2026~5~10~c1^exp~2~10~2026~5~10~_^exp~trans~100~2026~5~10~c1^inc~zz~100~2026~5~10~_^exp~%a~0~2026~5~10~a1||-100,nan,zz:100;2:100;10:1,zh,2026,5,10|
insight	||100,0,10:nan;%a:30,zh,2025,11,31|
insight	exp~rent~25.5~2026~1~28~_^exp~food~25.5~2026~5~11~_^exp~zz~10~2026~5~11~a1^exp~10~nan~2026~1~28~_^exp~rent~nan~2026~5~11~a1||0,1000,trans:100;rent:0,zh,2026,1,28|
insight	exp~shop~100~2026~5~25~a1^exp~%a~33.33~2026~5~25~_||_,0,zz:-1;trans:100,zh,2026,5,25|
insight	exp~rent~25.5~2026~5~25~a1^exp~rent~10~2026~5~25~a1^exp~%a~100~2026~5~25~c1^exp~%a~1~2026~5~25~c1||120,50,,en,2026,5,25|
insight	exp~food~25.5~2026~5~25~c1^exp~shop~0~2025~11~31~c1^exp~%a~1~2026~5~10~c1^xfer~zz~100~2026~5~11~a1||1000,0,food:100;10:10;rent:0;trans:-1,zh,2025,11,31|
insight	exp~10~-5~2026~5~11~c1^exp~10~25.5~2026~5~11~a1||100,1000,%a:100;trans:10;food:-1,zh,2026,5,11|
insight	||-100,20,10:100;food:1;rent:10;zz:-1,en,2026,0,1|
insight	exp~2~25.5~2026~0~1~_^xfer~zz~1~2026~0~1~_^inc~2~0.5~2025~11~31~_^xfer~rent~1~2026~5~11~_||_,50,trans:nan,zh,2026,0,1|
insight	inc~2~0.5~2026~1~28~c1^inc~trans~0.5~2026~0~1~c1||100,20,10:0;%a:nan,zh,2026,1,28|
insight	exp~2~1~2026~5~10~c1^exp~food~0~2025~11~31~_^exp~zz~1~2026~0~1~_^exp~shop~nan~2026~5~10~_^exp~trans~10~2026~5~10~_^exp~10~nan~2025~11~31~c1||120,20,,en,2026,5,10|
credit	inc~trans~100~2026~5~10~_^xfer~shop~1~2025~11~31~_^exp~shop~25.5~2026~5~11~a1^inc~shop~10~2026~5~10~a1|c1~卡c1~Card c1~credit~-100~25~25|_,nan,%a:100;zz:0,zh,2026,5,10|
insight	exp~%a~25.5~2026~5~10~a1^exp~%a~10~2025~11~31~a1^exp~10~1~2025~11~31~a1^xfer~%a~33.33~2025~11~31~a1^inc~2~33.33~2026~0~1~_^exp~food~0.5~2026~5~11~c1||120,nan,zz:0;shop:0;2:10,zh,2025,11,31|2:🐾:%a:%d
insight	||_,1000,,zh,2026,5,25|
insight	||1000,nan,rent:100;food:nan;10:30,zh,2026,5,10|
insight	exp~zz~nan~2026~5~11~a1^inc~zz~nan~2025~11~31~_^xfer~food~0~2025~11~31~a1^xfer~shop~0~2025~11~31~a1||100,nan,shop:1;trans:1;2:-1,zh,2025,11,31|%a:🐾:自定义:%d
insight	exp~trans~-5~2026~5~25~_^xfer~food~33.33~2026~5~25~c1^exp~zz~nan~2026~5~25~a1^exp~zz~nan~2026~5~25~c1||120,0,food:10,en,2026,5,25|
insight	exp~rent~25.5~2026~1~28~_^xfer~shop~-5~2026~5~10~c1^inc~2~10~2026~5~10~_^xfer~trans~100~2025~11~31~a1^exp~2~nan~2026~1~28~a1||_,nan,rent:30;shop:1;food:10;%a:10,zh,2026,5,10|
insight	xfer~trans~-5~2025~11~31~a1^exp~shop~nan~2025~11~31~c1||0,50,2:0;trans:nan,zh,2025,11,31|
insight	xfer~zz~nan~2026~0~1~a1^exp~2~-5~2026~0~1~c1^exp~10~0.5~2026~5~25~a1^exp~zz~-5~2026~0~1~a1^exp~shop~-5~2026~1~28~_||_,0,zz:-1,en,2026,0,1|
insight	inc~zz~-5~2026~5~11~a1^exp~shop~100~2026~5~11~a1||_,1000,,en,2026,5,11|2:🐾:自定义:%a
insight	exp~food~25.5~2026~5~10~_^exp~10~33.33~2026~1~28~c1^inc~zz~0.5~2026~5~10~a1||nan,20,,zh,2026,5,10|
insight	xfer~%a~10~2026~5~25~a1^inc~food~0~2026~0~1~a1^exp~%a~33.33~2025~11~31~a1^xfer~10~25.5~2026~5~25~c1^exp~food~33.33~2025~11~31~_||1000,20,%a:1;trans:30,en,2026,5,25|
insight	exp~food~nan~2026~5~25~c1^exp~trans~0~2026~5~25~a1||0,_,%a:10,zh,2026,5,25|food:🐾:自定义:%a
insight	exp~10~10~2026~5~25~a1^exp~rent~1~2025~11~31~c1^exp~10~0.5~2026~0~1~c1^exp~10~1~2026~5~25~_||_,nan,rent:0,en,2026,5,25|
insight	exp~2~33.33~2026~0~1~a1^exp~zz~10~2026~0~1~a1^exp~shop~33.33~2026~5~25~a1^exp~%a~nan~2026~5~11~a1^inc~10~-5~2026~0~1~_^inc~food~0~2026~0~1~c1^xfer~zz~10~2026~0~1~c1^exp~%a~100~2026~0~1~c1||120,0,rent:100,en,2026,0,1|
insight	exp~food~nan~2025~11~31~_^xfer~zz~0.5~2026~5~25~_^exp~2~-5~2025~11~31~a1^exp~shop~0~2025~11~31~_^exp~%a~25.5~2026~1~28~_^exp~food~25.5~2025~11~31~a1^inc~%a~1~2025~11~31~c1||_,50,zz:0;rent:10;food:30,en,2025,11,31|
credit	xfer~food~25.5~2026~5~25~a1^exp~shop~10~2026~5~25~_^inc~2~nan~2026~5~25~_^exp~rent~33.33~2026~5~25~a1^exp~food~-5~2026~5~25~_|c1~卡c1~~credit~-100~10~10^c2~卡c2~_~credit~100~25~10|-100,nan,%a:10;trans:0;zz:1,zh,2026,5,25|
credit	exp~rent~33.33~2026~1~28~_^exp~zz~25.5~2026~0~1~a1^exp~10~33.33~2026~0~1~_^xfer~trans~33.33~2026~1~28~c1^exp~2~nan~2026~1~28~_|c1~卡c1~~credit~100~25~_^c2~卡c2~~credit~-100~25~20|100,nan,shop:10;rent:100;10:0;zz:10,zh,2026,1,28|shop:🐾:%a:Custom
insight	xfer~10~1~2026~5~25~c1^exp~zz~10~2026~5~25~a1^exp~rent~25.5~2026~1~28~a1||_,nan,food:-1;10:10;zz:nan,en,2026,5,25|
credit	xfer~trans~1~2026~0~1~_|c1~卡c1~~credit~100~15~_^c2~卡c2~~credit~-100~15~25|0,_,rent:-1;2:10;food:1,zh,2026,0,1|food:🐾:%a:%a
credit	exp~food~0.5~2026~5~10~c1^inc~%a~1~2026~5~11~a1^inc~shop~-5~2026~5~10~a1^inc~10~10~2026~1~28~a1|c1~卡c1~~credit~100~10~25|100,nan,zz:-1;rent:nan;2:30,zh,2026,5,10|
insight	||0,0,food:1;shop:0,en,2025,11,31|
insight	inc~shop~-5~2026~5~10~a1||120,nan,2:100;shop:-1;rent:-1,en,2026,5,25|
credit	xfer~trans~-5~2026~1~28~c1^inc~shop~0.5~2026~5~11~a1^exp~food~33.33~2026~0~1~c1^exp~trans~1~2026~1~28~c1|c1~卡c1~~credit~0~25~10^c2~卡c2~~credit~100~10~25|120,1000,2:10;trans:1,en,2026,1,28|
insight	exp~trans~25.5~2026~0~1~c1^exp~zz~100~2026~0~1~_^exp~shop~33.33~2025~11~31~_||nan,_,zz:1,en,2026,0,1|
insight	exp~trans~-5~2026~5~25~c1^exp~zz~0~2026~1~28~a1^inc~food~100~2026~5~10~_^exp~2~nan~2026~0~1~a1^exp~rent~100~2026~5~25~_^exp~10~10~2026~0~1~_^inc~trans~1~2026~5~25~c1^exp~%a~10~2026~5~25~c1||_,1000,zz:1;%a:-1,en,2026,5,25|shop:🐾:%b:%d
insight	exp~%a~-5~2026~5~10~a1^exp~rent~25.5~2026~5~10~c1^exp~rent~-5~2025~11~31~_^exp~food~25.5~2026~5~10~c1^xfer~%a~1~2026~5~10~c1^exp~shop~nan~2026~0~1~a1||0,20,10:-1,zh,2026,5,10|
insight	exp~rent~10~2026~1~28~_^exp~shop~nan~2026~1~28~c1^exp~2~nan~2026~1~28~c1^xfer~%a~1~2026~5~25~c1^exp~%a~10~2026~5~11~a1||100,_,,zh,2026,1,28|
insight	exp~zz~-5~2026~0~1~_^exp~shop~0~2026~1~28~_^exp~shop~10~2026~5~11~c1||_,50,food:100;2:0;10:0;rent:30,zh,2026,5,11|
insight	exp~rent~33.33~2026~1~28~_^exp~rent~33.33~2026~1~28~c1^inc~food~25.5~2026~1~28~a1^exp~rent~-5~2026~1~28~_^exp~10~10~2026~5~11~_^inc~zz~nan~2026~1~28~c1^exp~2~33.33~2026~5~10~a1||-100,0,2:10;trans:100;%a:100;10:10,en,2026,1,28|
insight	inc~10~0~2026~5~11~c1^inc~10~0~2026~5~25~a1^exp~%a~-5~2026~5~10~c1^exp~%a~10~2026~5~10~c1^exp~rent~1~2026~5~10~_^exp~2~100~2025~11~31~_||0,0,zz:nan;rent:10;%a:10;10:100,en,2026,5,10|
insight	exp~food~10~2025~11~31~c1^exp~2~0.5~2025~11~31~_||nan,0,2:-1,en,2025,11,31|
credit	xfer~zz~0.5~2026~5~10~c1|c1~卡c1~~credit~0~10~20^c2~卡c2~~credit~100~15~20|120,_,rent:30;10:0;%a:100;zz:1,zh,2026,0,1|
insight	exp~rent~nan~2026~1~28~_^inc~zz~10~2026~1~28~a1||1000,1000,%a:nan;shop:30;food:0;10:100,zh,2026,1,28|%a:🐾:自定义:Custom
insight	exp~10~10~2026~5~10~c1^exp~trans~1~2026~5~10~a1||1000,nan,,zh,2026,5,10|
insight	exp~10~10~2026~5~25~c1^inc~food~25.5~2026~5~25~c1^exp~rent~10~2026~0~1~c1^inc~rent~25.5~2026~5~25~_^exp~rent~-5~2026~5~25~_^exp~zz~nan~2026~5~25~_^exp~shop~100~2026~5~25~_||0,0,food:-1;10:1;rent:100,en,2026,5,25|zz:🐾:%b:%d
credit	xfer~%a~-5~2025~11~31~_^exp~shop~1~2026~5~10~_^inc~rent~0.5~2026~5~10~c1^exp~10~0~2026~5~11~a1|c1~卡c1~~credit~-100~10~_|0,50,zz:-1;food:100;shop:-1,zh,2026,5,10|
insight	xfer~shop~nan~2026~5~10~a1^exp~%a~0.5~2026~5~11~a1^exp~2~0~2026~5~25~a1^exp~food~0~2026~5~10~_^exp~rent~nan~2026~0~1~_^exp~shop~10~2026~5~10~a1^inc~10~25.5~2026~5~10~c1||_,nan,food:nan;zz:100;10:0;shop:nan,zh,2026,5,10|food:🐾:%b:%d
insight	exp~10~-5~2026~5~11~a1^exp~trans~10~2026~5~11~c1||0,_,rent:10;10:nan;2:30;zz:10,en,2025,11,31|
credit	exp~zz~25.5~2026~0~1~c1^xfer~shop~100~2026~0~1~c1|c1~卡c1~Card c1~credit~-100~25~20^c2~卡c2~Card c2~credit~100~10~25|100,20,2:100;trans:1;shop:nan;%a:30,en,2026,0,1|
insight	inc~food~1~2026~5~10~a1^exp~food~0~2026~5~10~a1^exp~trans~1~2026~5~25~a1^exp~2~100~2026~5~25~c1^xfer~shop~0.5~2026~5~11~_^exp~%a~10~2026~5~10~c1^exp~%a~nan~2026~5~10~_^exp~zz~0.5~2026~0~1~_||0,1000,food:30;2:-1;zz:1,en,2026,5,10|
insight	exp~%a~100~2026~0~1~c1^xfer~zz~-5~2026~1~28~_||120,nan,rent:1;trans:10;10:100,en,2026,0,1|
insight	exp~2~100~2026~1~28~c1^xfer~food~0~2026~5~11~c1||120,0,food:0;trans:30;%a:-1;2:100,zh,2026,5,11|
insight	exp~food~33.33~2026~5~25~c1^inc~shop~0~2026~5~25~c1^exp~food~100~2026~5~25~_^exp~%a~10~2026~5~25~a1^exp~zz~0.5~2026~5~25~c1^exp~rent~nan~2026~5~25~a1^exp~10~25.5~2026~5~11~a1||nan,1000,%a:0,en,2026,5,25|
insight	exp~rent~10~2026~0~1~c1^exp~10~10~2026~0~1~c1^exp~10~25.5~2026~0~1~a1^exp~10~0~2026~5~25~c1||120,_,food:-1,zh,2026,0,1|
insight	xfer~food~-5~2026~5~11~c1||1000,1000,shop:-1;trans:-1;%a:1;2:-1,zh,2026,1,28|
insight	exp~10~0~2026~5~25~a1^inc~10~0~2025~11~31~c1^exp~food~33.33~2026~5~10~a1^exp~10~-5~2026~0~1~_^exp~trans~nan~2026~5~25~c1^exp~zz~nan~2026~1~28~a1||100,20,2:nan;rent:100;food:100;10:0,en,2026,5,25|
insight	inc~2~0~2026~5~25~a1^exp~rent~0.5~2026~5~25~c1^exp~zz~1~2026~5~25~c1||1000,_,,zh,2026,5,25|
insight	exp~%a~1~2026~5~10~a1^exp~food~-5~2026~5~25~_^inc~10~0.5~2026~5~10~a1^exp~rent~0~2025~11~31~c1^xfer~%a~1~2025~11~31~c1||100,50,%a:1;10:nan,zh,2026,5,10|
credit	exp~trans~0~2026~1~28~c1|c1~卡c1~~credit~-100~25~20|0,0,2:nan;zz:100;rent:1,en,2026,1,28|
credit	exp~food~0~2026~5~25~c1^xfer~food~0~2026~5~25~_^exp~trans~10~2026~5~25~a1^xfer~zz~0.5~2026~5~25~c1^exp~food~10~2026~5~25~c1|c1~卡c1~Card c1~credit~0~25~10|nan,20,food:nan,en,2026,5,25|
credit	|c1~卡c1~~credit~0~15~_^c2~卡c2~~credit~0~15~10|-100,_,zz:10;10:nan;trans:10;rent:-1,en,2026,1,28|
insight	xfer~10~25.5~2026~0~1~_^xfer~%a~0~2026~5~25~a1||120,50,food:nan;shop:30;%a:0,en,2026,0,1|
insight	exp~10~0.5~2026~0~1~a1^exp~trans~1~2026~5~25~a1^exp~%a~100~2026~5~11~c1^exp~2~1~2026~5~11~a1||nan,1000,trans:nan;zz:10,zh,2026,5,11|
insight	xfer~shop~nan~2026~5~25~c1^exp~2~nan~2026~5~10~_^exp~zz~100~2026~5~25~c1^exp~rent~25.5~2026~5~11~a1^exp~2~0~2026~5~25~_^exp~2~nan~2026~5~25~c1^xfer~zz~33.33~2026~5~25~a1^inc~10~1~2026~5~25~a1||1000,50,%a:0;zz:30,en,2026,5,25|2:🐾:%a:Custom
insight	exp~zz~10~2026~1~28~c1^inc~shop~-5~2026~1~28~a1^xfer~zz~0~2026~1~28~c1^exp~10~25.5~2026~5~25~a1^inc~zz~33.33~2026~5~25~c1^inc~shop~1~2026~5~10~_^exp~shop~1~2026~1~28~c1||1000,50,zz:100,en,2026,1,28|
insight	inc~trans~nan~2026~1~28~c1^exp~shop~10~2025~11~31~a1^exp~trans~-5~2025~11~31~_^exp~2~33.33~2026~1~28~_^exp~10~10~2025~11~31~a1^exp~rent~nan~2025~11~31~a1||1000,1000,10:nan,zh,2025,11,31|
insight	xfer~shop~25.5~2026~5~10~c1^exp~10~25.5~2026~5~10~a1^exp~shop~33.33~2026~5~10~_^exp~zz~0~2026~5~10~a1||_,0,shop:nan;10:0,en,2026,5,10|shop:🐾:%a:Custom
insight	||nan,0,trans:0,zh,2026,1,28|shop:🐾:自定义:%d
insight	exp~shop~100~2026~5~25~a1^exp~zz~100~2026~5~25~_^xfer~%a~100~2026~5~25~a1^exp~10~0~2026~0~1~a1^inc~rent~0.5~2026~5~25~c1^exp~shop~33.33~2026~5~25~a1^xfer~%a~1~2026~5~11~a1||100,_,,zh,2026,5,25|
insight	exp~%a~0.5~2026~0~1~_^xfer~2~0.5~2026~0~1~a1^xfer~shop~10~2025~11~31~c1^inc~shop~10~2025~11~31~a1^inc~shop~33.33~2026~5~10~a1||-100,50,2:100;zz:30,en,2025,11,31|2:🐾:%b:Custom
insight	exp~shop~nan~2026~5~25~a1^inc~10~0.5~2026~5~10~_^xfer~food~-5~2026~5~10~_^xfer~%a~100~2026~5~10~a1^xfer~%a~100~2025~11~31~a1^exp~2~nan~2026~5~10~_||_,20,2:-1;food:-1,zh,2026,5,10|
insight	exp~%a~25.5~2026~5~25~c1^exp~shop~-5~2026~5~25~_^exp~2~nan~2026~5~25~_^exp~2~10~2026~5~25~c1^exp~%a~10~2026~5~25~a1||nan,1000,,en,2026,5,25|food:🐾:%b:%d
credit	exp~zz~1~2026~0~1~a1^exp~food~0.5~2026~0~1~_^inc~rent~10~2026~0~1~c1|c1~卡c1~_~credit~0~10~25|1000,0,,en,2026,0,1|
insight	inc~rent~nan~2026~1~28~_^exp~food~10~2026~1~28~c1^inc~2~25.5~2026~1~28~_||1000,0,%a:30;trans:100,en,2026,1,28|
insight	exp~shop~10~2025~11~31~a1^exp~food~100~2026~5~25~a1^exp~%a~100~2026~5~25~a1^exp~trans~0.5~2026~5~25~_^exp~2~1~2026~5~25~c1^exp~rent~33.33~2026~5~25~a1||100,0,,zh,2026,5,25|
insight	exp~10~0.5~2026~5~10~c1^exp~2~100~2026~5~10~_^inc~zz~0.5~2026~5~10~a1^exp~shop~1~2026~5~10~a1||-100,0,,en,2026,5,10|food:🐾:自定义:%a
insight	inc~trans~10~2026~5~10~c1^exp~food~10~2026~5~25~_^inc~10~10~2025~11~31~_^exp~10~0~2026~5~25~a1^exp~zz~0~2026~5~25~a1^exp~rent~33.33~2026~5~11~c1^exp~zz~nan~2026~0~1~a1||-100,_,zz:100,zh,2026,5,25|
credit	xfer~rent~100~2026~5~25~a1^exp~rent~nan~2026~5~25~_^exp~food~25.5~2026~5~25~_^exp~trans~10~2026~5~25~c1|c1~卡c1~~credit~0~10~20|0,_,,zh,2026,5,25|
insight	exp~zz~25.5~2026~5~11~c1^exp~zz~33.33~2026~5~11~a1^inc~trans~100~2026~1~28~c1^xfer~food~10~2026~5~11~c1^exp~trans~nan~2026~5~11~_^exp~2~100~2026~5~11~c1^inc~rent~-5~2025~11~31~c1||0,20,rent:1,en,2026,5,11|
insight	exp~10~100~2025~11~31~c1^exp~zz~1~2025~11~31~_||120,1000,2:nan;zz:30,zh,2025,11,31|rent:🐾:%a:Custom
credit	exp~2~-5~2026~5~11~_|c1~卡c1~~credit~0~15~_|120,50,2:-1,zh,2026,5,11|zz:🐾:%a:%a
credit	|c1~卡c1~_~credit~-100~25~25^c2~卡c2~~credit~100~15~25|_,50,,zh,2026,5,25|
credit	inc~food~33.33~2026~0~1~_^exp~10~nan~2026~0~1~_^exp~zz~0.5~2026~5~10~_^exp~trans~33.33~2026~5~11~c1^inc~2~0~2026~5~11~_^exp~rent~-5~2026~0~1~c1|c1~卡c1~Card c1~credit~100~15~25|120,50,10:nan;zz:10;%a:0;2:nan,zh,2026,0,1|food:🐾:自定义:%d
insight	inc~zz~10~2026~5~25~c1^exp~shop~10~2026~5~25~c1^exp~trans~0~2026~5~25~a1^exp~zz~0~2026~5~25~_||_,0,zz:100;shop:100,zh,2026,5,25|2:🐾:%a:Custom
insight	exp~zz~0.5~2026~5~25~_||1000,1000,%a:-1;10:-1,zh,2026,5,25|trans:🐾:%b:Custom
credit	xfer~zz~-5~2026~0~1~c1^exp~2~10~2026~5~25~_^inc~trans~-5~2026~5~25~a1|c1~卡c1~Card c1~credit~0~25~10|120,20,%a:0,zh,2026,5,25|
insight	exp~rent~33.33~2026~5~10~c1^inc~food~nan~2026~5~10~c1^exp~2~25.5~2026~5~10~c1^xfer~zz~0.5~2026~1~28~c1^xfer~trans~33.33~2026~5~11~a1^exp~rent~1~2026~5~10~a1^inc~food~10~2026~5~10~a1^exp~zz~10~2026~1~28~a1||0,1000,10:-1;shop:1;zz:-1,en,2026,5,10|
insight	xfer~rent~25.5~2026~5~25~_^exp~2~10~2026~5~25~c1^xfer~rent~0~2026~5~25~a1^exp~2~1~2026~5~25~a1||100,20,%a:nan;10:1;trans:30;zz:1,zh,2026,5,25|
insight	||100,nan,%a:100;zz:100;rent:0,en,2025,11,31|
credit	exp~shop~0.5~2026~1~28~_^exp~10~10~2026~1~28~c1^exp~shop~nan~2026~5~25~a1^exp~2~0.5~2026~1~28~_|c1~卡c1~~credit~100~10~10^c2~卡c2~Card c2~credit~0~15~10|0,20,rent:1;%a:1;2:nan,en,2026,1,28|
insight	exp~zz~100~2026~5~11~c1^exp~shop~1~2026~5~25~c1^exp~10~0.5~2025~11~31~c1^inc~shop~1~2026~5~10~c1^inc~shop~1~2026~5~10~_||-100,1000,rent:30;shop:nan;2:-1,en,2026,5,10|
insight	inc~%a~0~2026~5~11~a1||-100,1000,zz:nan,en,2026,5,11|
credit	exp~%a~33.33~2026~5~11~c1^exp~shop~0.5~2026~5~11~a1^xfer~food~10~2026~5~11~a1^exp~2~-5~2026~0~1~c1^exp~rent~25.5~2026~5~11~c1^xfer~trans~25.5~2026~5~11~_|c1~卡c1~~credit~0~15~25^c2~卡c2~_~credit~100~10~_|nan,50,food:30;10:30;zz:100,en,2026,5,11|
insight	inc~%a~10~2025~11~31~a1^xfer~rent~33.33~2026~1~28~a1^exp~2~-5~2025~11~31~a1||120,0,2:10;food:10,zh,2025,11,31|
insight	inc~%a~100~2026~5~10~c1||_,50,trans:0;food:0;10:30,zh,2026,5,10|
insight	exp~zz~-5~2026~5~10~c1^exp~trans~0~2026~5~10~_^inc~zz~25.5~2026~5~10~a1^exp~2~25.5~2026~5~10~c1^inc~%a~100~2026~5~10~_^exp~rent~10~2026~0~1~_||1000,_,10:1,en,2026,5,10|
insight	inc~%a~nan~2025~11~31~c1^inc~trans~100~2025~11~31~_^xfer~%a~0.5~2026~5~25~a1^exp~shop~nan~2025~11~31~_^exp~food~0~2025~11~31~c1^exp~2~0.5~2025~11~31~a1^inc~zz~nan~2025~11~31~_||0,50,%a:1;food:0,en,2025,11,31|
insight	exp~10~10~2026~1~28~_^xfer~food~10~2026~5~25~c1^exp~2~nan~2026~5~11~c1^exp~10~0.5~2026~5~10~a1^exp~2~100~2025~11~31~_||100,20,food:nan,en,2026,5,25|%a:🐾:自定义:Custom
insight	inc~zz~0.5~2025~11~31~_^inc~rent~100~2025~11~31~_^exp~trans~0.5~2025~11~31~_^exp~shop~100~2025~11~31~c1^xfer~10~0~2025~11~31~a1^exp~2~nan~2025~11~31~a1^xfer~rent~100~2025~11~31~_||1000,50,%a:0;10:100,zh,2025,11,31|2:🐾:自定义:Custom
insight	exp~%a~-5~2026~5~10~a1^inc~zz~33.33~2026~5~10~a1||nan,50,trans:nan;zz:30,en,2026,5,10|
insight	xfer~10~1~2026~5~25~_||1000,_,%a:100;trans:-1;food:100;10:nan,en,2026,5,10|
credit	exp~zz~33.33~2026~0~1~c1|c1~卡c1~~credit~100~25~10^c2~卡c2~~credit~0~25~10|nan,0,zz:10;%a:nan;shop:30;rent:nan,zh,2026,0,1|
insight	xfer~%a~10~2025~11~31~c1^exp~trans~nan~2026~5~10~a1^exp~zz~100~2026~5~10~a1^exp~10~0~2026~5~10~_^exp~trans~-5~2026~5~11~_^inc~2~100~2026~5~11~_^inc~2~10~2026~5~10~a1||nan,0,,zh,2026,5,10|zz:🐾:%a:Custom
insight	exp~10~0~2026~5~11~_||120,20,rent:10;trans:30;10:10;%a:-1,zh,2026,5,11|
insight	||1000,nan,,zh,2026,5,25|
credit	exp~10~10~2026~5~11~a1^inc~shop~nan~2026~5~25~a1^exp~rent~nan~2026~5~11~_^inc~shop~25.5~2026~5~11~c1^exp~2~1~2026~5~11~c1|c1~卡c1~~credit~100~10~_^c2~卡c2~_~credit~-100~15~_|_,1000,10:nan;trans:1;2:1,zh,2026,5,11|
insight	exp~trans~1~2026~5~11~_^exp~trans~0~2026~0~1~c1^exp~rent~100~2026~5~11~a1^exp~trans~100~2026~5~11~a1^inc~food~0~2026~5~11~a1^exp~zz~25.5~2026~5~11~_^exp~zz~25.5~2026~5~11~c1^exp~shop~0.5~2026~5~11~a1||0,50,,zh,2026,5,11|
insight	exp~trans~0.5~2026~1~28~_^xfer~10~100~2026~1~28~a1||100,nan,,en,2026,1,28|
insight	exp~%a~33.33~2026~5~11~c1^exp~rent~33.33~2026~5~11~_||0,50,food:nan;zz:10;10:30;2:10,zh,2026,5,11|
credit	xfer~trans~nan~2026~0~1~a1|c1~卡c1~~credit~-100~15~20^c2~卡c2~~credit~100~15~_|_,20,zz:0;food:10,zh,2026,0,1|
credit	exp~food~nan~2026~5~10~a1^exp~%a~25.5~2026~5~10~c1^exp~food~10~2026~5~10~_^inc~rent~1~2025~11~31~c1^xfer~shop~1~2026~5~10~_^exp~zz~1~2026~5~10~a1^exp~zz~0.5~2026~5~11~a1|c1~卡c1~~credit~100~15~25|1000,50,trans:nan;food:10;10:nan,en,2026,5,10|
credit	exp~trans~0~2026~5~11~c1^exp~rent~0~2026~0~1~a1^inc~rent~100~2026~1~28~c1^exp~food~0.5~2026~1~28~_^exp~%a~-5~2026~1~28~_^xfer~zz~1~2026~0~1~_|c1~卡c1~Card c1~credit~-100~10~_^c2~卡c2~Card c2~credit~-100~15~25|-100,1000,trans:nan;food:1,en,2026,1,28|rent:🐾:自定义:%d
insight	xfer~trans~1~2026~0~1~_^exp~%a~100~2026~0~1~c1||nan,0,food:1,zh,2026,0,1|
insight	exp~%a~0~2026~5~10~c1^exp~trans~nan~2026~1~28~_^xfer~trans~25.5~2026~0~1~c1||1000,50,zz:30,en,2026,5,10|
insight	exp~rent~0.5~2025~11~31~_^exp~%a~10~2026~1~28~c1||120,50,trans:30;%a:100;2:10;zz:10,zh,2025,11,31|
credit	|c1~卡c1~Card c1~credit~-100~15~_^c2~卡c2~Card c2~credit~0~10~_|100,_,10:10;rent:10,zh,2026,5,25|
insight	inc~rent~100~2026~1~28~_^exp~food~100~2026~1~28~a1^exp~zz~25.5~2026~1~28~c1^exp~zz~1~2026~5~10~c1^xfer~trans~0.5~2026~1~28~_^exp~2~0~2025~11~31~c1^exp~shop~0~2026~1~28~_||0,_,,zh,2026,1,28|
insight	exp~zz~-5~2026~5~10~a1^xfer~shop~-5~2026~5~25~_^exp~rent~10~2026~1~28~c1^exp~rent~25.5~2026~1~28~a1^inc~trans~33.33~2026~1~28~a1^exp~%a~10~2025~11~31~c1^exp~2~0.5~2026~1~28~_||0,_,shop:30,zh,2026,1,28|
insight	xfer~10~1~2026~5~25~_^exp~shop~1~2026~5~25~a1^exp~rent~0.5~2025~11~31~a1^exp~food~0.5~2026~5~11~c1||100,20,zz:100;shop:0;trans:10,zh,2025,11,31|
credit	exp~%a~1~2025~11~31~a1^exp~2~10~2025~11~31~a1^xfer~%a~-5~2026~1~28~a1^exp~rent~nan~2025~11~31~a1^inc~10~33.33~2026~1~28~_^exp~trans~10~2025~11~31~a1^exp~2~nan~2025~11~31~c1|c1~卡c1~_~credit~0~15~25|0,1000,10:0;2:100;shop:-1,en,2025,11,31|%a:🐾:%b:%d
insight	exp~trans~100~2026~5~25~c1^exp~food~10~2026~5~25~c1||nan,50,rent:nan;%a:0;trans:30,zh,2026,5,25|2:🐾:%a:Custom
insight	exp~rent~10~2025~11~31~a1^exp~%a~100~2026~1~28~a1^exp~%a~10~2026~1~28~_||_,20,,zh,2026,1,28|
insight	xfer~shop~25.5~2025~11~31~c1^exp~shop~100~2026~1~28~a1^exp~10~0~2025~11~31~a1^exp~food~nan~2026~1~28~c1^inc~10~1~2026~5~11~c1^exp~zz~25.5~2026~1~28~c1^exp~food~0~2025~11~31~_^exp~%a~0.5~2026~5~10~_||-100,50,10:-1;2:0;food:100,zh,2026,1,28|
credit	exp~%a~nan~2025~11~31~c1^exp~2~0.5~2025~11~31~_^inc~shop~25.5~2025~11~31~_^inc~%a~nan~2026~0~1~c1^exp~food~0.5~2025~11~31~a1^exp~%a~0~2025~11~31~a1^xfer~%a~0~2025~11~31~a1|c1~卡c1~_~credit~0~25~_^c2~卡c2~_~credit~0~10~10|nan,20,2:nan;rent:nan,zh,2025,11,31|trans:🐾:自定义:%a
insight	||1000,1000,,zh,2026,1,28|trans:🐾:%b:Custom
credit	exp~%a~0~2026~0~1~c1^exp~food~33.33~2026~1~28~a1^exp~rent~100~2026~1~28~_^exp~10~10~2026~1~28~a1^exp~%a~25.5~2025~11~31~c1^exp~food~0~2026~1~28~c1^exp~food~33.33~2026~1~28~a1|c1~卡c1~~credit~0~25~_|0,50,,en,2026,1,28|
insight	inc~trans~10~2026~1~28~c1^exp~10~100~2026~1~28~c1^exp~shop~0~2026~5~10~c1^inc~zz~33.33~2026~1~28~c1^exp~shop~100~2026~1~28~a1^exp~2~10~2025~11~31~c1^exp~2~25.5~2026~5~10~_^xfer~rent~1~2026~1~28~a1||nan,20,,zh,2026,1,28|
insight	exp~%a~25.5~2025~11~31~_^exp~10~33.33~2026~5~10~_^xfer~trans~0.5~2025~11~31~a1^inc~zz~0~2026~5~11~c1^exp~%a~10~2026~5~11~a1^exp~shop~nan~2026~5~25~a1||0,20,10:100,en,2026,5,11|10:🐾:自定义:Custom
insight	exp~%a~0.5~2026~0~1~a1^exp~trans~100~2026~0~1~a1^exp~trans~33.33~2026~0~1~_^exp~shop~10~2026~5~10~c1||100,0,%a:1;rent:0,en,2026,0,1|
insight	exp~10~100~2025~11~31~_^exp~trans~10~2026~5~11~_^inc~10~0~2026~5~11~_^xfer~%a~25.5~2026~1~28~a1^exp~2~0.5~2026~5~11~_||_,1000,,en,2026,5,11|
insight	exp~2~100~2026~5~10~a1^exp~10~0.5~2026~5~10~_^exp~2~nan~2026~5~25~_^exp~10~10~2026~5~10~c1^exp~food~-5~2026~5~25~c1||100,0,,zh,2026,5,10|food:🐾:自定义:Custom
insight	exp~%a~10~2026~5~25~a1||1000,0,zz:100;2:nan;food:nan,zh,2026,5,10|
insight	exp~zz~0.5~2026~1~28~_^xfer~%a~1~2026~1~28~c1^exp~2~1~2026~0~1~c1^exp~trans~-5~2026~1~28~_^exp~zz~1~2026~1~28~_||-100,_,%a:10;2:nan;10:1;zz:-1,en,2026,1,28|
credit	|c1~卡c1~~credit~100~15~_|120,_,rent:nan;trans:30;food:1,en,2026,0,1|
credit	inc~2~0.5~2026~1~28~a1^exp~rent~10~2026~1~28~c1^inc~10~100~2025~11~31~_^exp~%a~0.5~2026~1~28~c1^exp~10~-5~2026~1~28~_^exp~10~0~2026~5~10~_|c1~卡c1~_~credit~0~25~10^c2~卡c2~~credit~-100~15~_|0,50,,en,2026,1,28|
insight	exp~food~33.33~2026~1~28~a1^exp~2~-5~2026~1~28~_^exp~rent~0~2026~1~28~_||-100,0,10:10;trans:100;%a:10;shop:-1,zh,2026,1,28|
credit	exp~trans~0.5~2025~11~31~_^inc~zz~25.5~2026~5~10~c1^exp~%a~100~2026~5~25~a1^exp~2~nan~2025~11~31~_^exp~rent~nan~2026~0~1~_^exp~trans~100~2025~11~31~c1|c1~卡c1~~credit~-100~25~25^c2~卡c2~~credit~0~25~_|120,_,shop:1;2:1;rent:10;food:1,en,2025,11,31|
insight	xfer~2~nan~2026~5~25~_^xfer~10~0~2026~0~1~_^exp~food~0.5~2026~5~25~c1^exp~trans~25.5~2026~5~25~c1^exp~rent~nan~2026~5~25~_^exp~food~-5~2026~1~28~c1^xfer~%a~nan~2026~1~28~a1^exp~2~nan~2026~5~25~a1||-100,20,zz:-1;shop:0;rent:1;2:0,en,2026,5,25|
insight	exp~10~100~2026~0~1~a1||1000,20,,en,2026,5,10|
credit	exp~10~nan~2025~11~31~_^exp~shop~-5~2025~11~31~_^exp~rent~0.5~2025~11~31~_|c1~卡c1~_~credit~-100~15~20^c2~卡c2~_~credit~0~10~10|nan,20,10:10,en,2025,11,31|
insight	exp~rent~100~2025~11~31~a1^xfer~rent~1~2026~5~25~a1^exp~2~0.5~2026~1~28~_^xfer~zz~0~2025~11~31~_^exp~food~1~2025~11~31~a1^exp~rent~0~2026~1~28~c1^exp~10~0~2025~11~31~c1^inc~food~100~2026~5~10~a1||1000,1000,,zh,2025,11,31|food:🐾:%b:%a
insight	exp~food~nan~2026~1~28~a1^exp~shop~33.33~2025~11~31~a1^exp~2~-5~2026~1~28~c1^inc~shop~100~2026~1~28~_^exp~zz~1~2026~1~28~_^exp~%a~nan~2026~5~11~a1^exp~food~10~2026~1~28~c1^exp~trans~nan~2026~5~11~a1||nan,50,food:30;10:-1;trans:-1;rent:1,en,2026,1,28|
insight	||100,nan,%a:1;rent:0;food:nan,en,2026,5,11|
credit	exp~rent~25.5~2026~0~1~_^exp~10~33.33~2026~1~28~_^exp~%a~25.5~2026~0~1~c1^exp~shop~25.5~2026~0~1~_^exp~%a~25.5~2026~5~10~_^exp~shop~nan~2026~0~1~a1^exp~rent~1~2026~0~1~a1|c1~卡c1~~credit~100~15~10^c2~卡c2~_~credit~100~10~20|100,1000,,zh,2026,0,1|
credit	xfer~trans~nan~2026~5~10~a1^xfer~trans~0.5~2026~1~28~a1^inc~shop~0.5~2026~5~10~c1^exp~trans~25.5~2025~11~31~_^inc~food~nan~2025~11~31~c1^exp~zz~100~2025~11~31~_|c1~卡c1~~credit~100~25~_^c2~卡c2~Card c2~credit~-100~10~20|0,50,,en,2025,11,31|
insight	exp~10~33.33~2025~11~31~_^xfer~zz~100~2026~0~1~c1^exp~10~100~2026~5~11~c1^exp~food~0~2026~5~11~_^exp~zz~100~2026~5~11~c1||_,0,trans:nan;%a:10;zz:1;shop:0,en,2026,5,11|
insight	exp~10~0~2026~5~11~a1||-100,1000,trans:10;10:1;shop:1,en,2026,0,1|zz:🐾:%b:%d
insight	exp~shop~0.5~2026~5~25~c1||1000,_,trans:100;2:-1;zz:30,zh,2026,5,25|
insight	||100,20,%a:30;zz:1;food:1;shop:nan,zh,2026,5,25|rent:🐾:自定义:Custom
insight	||0,0,rent:1;10:0;zz:100,en,2026,0,1|
insight	exp~%a~1~2026~1~28~c1^exp~2~0.5~2026~1~28~c1^exp~10~0~2026~5~25~c1^exp~shop~33.33~2026~1~28~_^exp~zz~1~2026~5~10~_||100,nan,shop:nan;2:100;%a:0;rent:30,en,2026,1,28|
credit	xfer~shop~0~2026~0~1~c1^exp~2~100~2026~0~1~c1^exp~trans~33.33~2026~1~28~c1^exp~%a~-5~2026~1~28~a1|c1~卡c1~_~credit~0~15~25^c2~卡c2~_~credit~-100~25~10|_,0,10:100;%a:100,en,2026,1,28|
insight	exp~trans~0~2026~5~25~c1^exp~zz~0.5~2025~11~31~a1^exp~zz~25.5~2026~5~25~a1^exp~rent~-5~2026~1~28~_||1000,nan,food:30,en,2026,5,25|2:🐾:%a:%d
insight	exp~shop~nan~2026~5~25~a1^exp~%a~1~2025~11~31~_^exp~trans~-5~2025~11~31~c1^exp~shop~100~2026~1~28~c1^xfer~2~nan~2025~11~31~_^exp~food~0~2025~11~31~a1^inc~2~nan~2025~11~31~c1||nan,20,shop:0,zh,2025,11,31|
insight	exp~food~1~2026~5~25~_^exp~trans~0.5~2025~11~31~c1^exp~shop~0~2026~5~10~_^exp~trans~0~2025~11~31~c1||0,1000,zz:nan;trans:-1;food:100;%a:0,zh,2025,11,31|
insight	inc~%a~25.5~2025~11~31~a1^exp~%a~-5~2026~0~1~_||100,_,,zh,2026,0,1|
insight	inc~%a~1~2026~5~11~_^exp~10~-5~2026~5~11~a1^exp~10~nan~2026~5~25~_^exp~rent~1~2026~5~11~c1^inc~trans~-5~2026~5~11~_||_,20,2:nan,en,2026,5,11|
insight	xfer~2~0~2026~5~10~c1^exp~zz~10~2025~11~31~c1^inc~food~33.33~2026~5~10~a1^xfer~rent~25.5~2026~5~25~a1||120,50,2:0;10:nan,zh,2026,5,10|
insight	exp~trans~nan~2026~5~25~a1^exp~food~100~2026~0~1~c1^exp~2~25.5~2026~5~25~a1^xfer~trans~33.33~2025~11~31~c1^exp~food~0.5~2025~11~31~a1^exp~trans~10~2026~5~11~c1^xfer~zz~10~2025~11~31~c1||120,20,shop:1,zh,2025,11,31|
insight	exp~food~0~2026~5~10~a1^exp~zz~100~2026~0~1~c1^exp~trans~1~2026~0~1~_^xfer~shop~0.5~2026~5~11~a1^exp~trans~33.33~2026~1~28~c1^xfer~2~1~2026~0~1~_^exp~%a~33.33~2025~11~31~a1||0,0,,en,2026,0,1|
insight	exp~zz~-5~2026~1~28~a1^exp~food~25.5~2026~5~25~c1||100,1000,%a:100;2:30;10:100,en,2026,5,10|2:🐾:%a:Custom
insight	||100,50,,zh,2026,0,1|
insight	||1000,_,trans:100;food:0;shop:100,en,2026,5,25|
credit	xfer~trans~25.5~2025~11~31~c1^exp~rent~10~2026~1~28~c1|c1~卡c1~~credit~-100~10~_^c2~卡c2~~credit~0~25~_|100,1000,food:10;%a:10;rent:1;2:1,en,2026,1,28|
insight	xfer~2~100~2025~11~31~c1||100,20,zz:10;shop:-1,en,2026,5,25|
insight	exp~shop~nan~2026~0~1~c1^exp~10~0~2026~5~10~a1^exp~10~33.33~2026~5~10~_^inc~food~1~2026~5~10~_^exp~10~10~2026~5~10~c1^xfer~shop~33.33~2026~5~10~_^exp~food~nan~2026~5~10~a1||nan,1000,,zh,2026,5,10|
insight	exp~%a~10~2026~5~11~a1||0,_,10:1;trans:-1;%a:nan,en,2026,5,11|10:🐾:%a:%d
insight	exp~10~25.5~2026~1~28~a1^exp~10~nan~2026~1~28~_^exp~food~0~2026~0~1~_||_,nan,,en,2026,1,28|
insight	inc~trans~1~2026~0~1~a1^exp~trans~0~2026~0~1~_^exp~10~nan~2026~0~1~_^exp~10~25.5~2026~0~1~_^exp~2~nan~2026~5~10~c1^exp~rent~25.5~2026~0~1~_^exp~zz~1~2026~5~25~c1||1000,0,,en,2026,0,1|
credit	exp~shop~1~2026~0~1~_^exp~shop~10~2026~5~10~_^xfer~%a~10~2026~0~1~a1^exp~10~-5~2026~0~1~a1^exp~%a~25.5~2026~0~1~_^inc~zz~10~2026~0~1~_^inc~rent~100~2026~1~28~a1|c1~卡c1~_~credit~-100~15~20|0,nan,rent:-1;10:10,zh,2026,0,1|
insight	exp~%a~100~2026~5~11~c1^exp~shop~1~2025~11~31~a1^exp~2~10~2025~11~31~c1^inc~shop~0.5~2026~5~11~a1^exp~food~-5~2026~5~11~_^xfer~shop~nan~2026~0~1~a1^exp~trans~10~2025~11~31~_^exp~10~-5~2026~0~1~c1||1000,0,zz:0;%a:1;trans:30,zh,2026,0,1|
insight	exp~10~1~2026~0~1~a1^exp~shop~100~2026~5~10~a1^inc~food~0.5~2026~5~25~_||120,1000,2:1,en,2026,0,1|
insight	exp~%a~33.33~2026~5~11~a1^xfer~food~33.33~2026~5~11~c1||_,0,%a:10;trans:10;zz:100;2:nan,zh,2026,5,11|%a:🐾:%a:Custom
insight	exp~trans~0.5~2026~0~1~c1^exp~trans~100~2025~11~31~a1^exp~shop~0~2026~1~28~a1^exp~trans~0.5~2026~0~1~a1^exp~10~-5~2025~11~31~a1||-100,50,rent:1;shop:100;zz:nan;10:nan,en,2026,0,1|2:🐾:%a:%d
insight	xfer~trans~100~2025~11~31~a1||_,20,,zh,2025,11,31|
insight	exp~trans~0~2026~5~11~a1^xfer~trans~0.5~2026~5~11~_^exp~trans~0~2026~5~11~c1^exp~shop~1~2026~5~11~a1^inc~food~25.5~2026~5~11~a1^exp~trans~-5~2025~11~31~c1||nan,_,,en,2026,5,11|
insight	inc~shop~0.5~2026~5~10~_^exp~2~-5~2026~5~10~_^xfer~rent~nan~2026~5~10~c1||100,20,2:30;%a:30;10:10,en,2026,5,10|
insight	exp~trans~33.33~2026~5~10~c1^exp~%a~0.5~2026~5~10~_^exp~food~100~2026~5~10~_^xfer~trans~0~2026~5~10~c1^exp~2~1~2026~5~10~c1^exp~%a~100~2025~11~31~c1^exp~rent~nan~2026~5~25~c1^exp~10~10~2026~5~10~_||_,nan,food:10;2:1,zh,2026,5,10|food:🐾:%b:%a
credit	inc~2~1~2026~0~1~_^exp~10~33.33~2026~5~10~a1|c1~卡c1~_~credit~-100~10~20|100,nan,,zh,2025,11,31|
insight	||nan,20,2:10;rent:nan,en,2026,5,11|
insight	exp~shop~25.5~2026~5~11~a1^exp~trans~100~2025~11~31~a1^inc~shop~25.5~2026~5~25~a1^xfer~rent~1~2026~5~25~a1^exp~zz~33.33~2025~11~31~a1^exp~%a~100~2026~5~25~a1||120,1000,10:100;shop:0;%a:-1;2:-1,zh,2025,11,31|
insight	inc~rent~10~2026~0~1~_^inc~2~1~2026~0~1~_^exp~rent~0~2026~0~1~a1||0,50,%a:100;shop:30,zh,2026,0,1|
insight	exp~10~1~2026~0~1~c1^exp~zz~33.33~2026~0~1~_^exp~zz~1~2026~0~1~_^xfer~10~10~2026~0~1~c1^exp~rent~33.33~2026~0~1~c1^xfer~rent~-5~2026~0~1~c1||_,_,rent:-1;2:nan,en,2026,0,1|
insight	exp~2~1~2026~5~25~c1^exp~rent~100~2026~5~25~c1^exp~%a~25.5~2026~5~25~_^xfer~2~33.33~2026~5~25~c1^inc~rent~nan~2026~5~25~_^exp~zz~10~2026~5~11~a1^exp~zz~100~2026~5~25~c1^exp~10~25.5~2026~5~25~_||120,0,rent:nan;shop:nan;%a:30;zz:1,en,2026,5,25|
insight	exp~shop~100~2026~1~28~a1^inc~10~25.5~2026~0~1~a1^exp~shop~nan~2026~5~10~_||100,1000,,zh,2026,1,28|rent:🐾:自定义:%a
insight	exp~2~0.5~2026~5~25~_^exp~rent~10~2026~1~28~a1^exp~shop~100~2026~1~28~c1^xfer~%a~100~2026~1~28~c1^inc~rent~0~2026~1~28~a1^exp~%a~33.33~2026~5~11~_||_,50,%a:nan,en,2026,1,28|
credit	inc~zz~-5~2026~5~10~c1^xfer~rent~-5~2026~5~10~a1^exp~shop~0.5~2026~5~10~a1^inc~shop~25.5~2026~5~10~a1|c1~卡c1~Card c1~credit~0~15~25|0,20,2:1,zh,2026,5,10|zz:🐾:%a:%a
credit	|c1~卡c1~Card c1~credit~0~15~25^c2~卡c2~_~credit~-100~25~20|_,1000,,en,2025,11,31|
credit	xfer~%a~-5~2026~5~10~c1^exp~shop~10~2025~11~31~c1^inc~rent~1~2026~1~28~a1^exp~shop~10~2026~5~25~_^xfer~%a~33.33~2026~5~25~a1^exp~trans~-5~2026~5~25~_|c1~卡c1~_~credit~100~15~20|0,0,10:-1;rent:1;trans:nan,zh,2026,5,25|
insight	exp~shop~10~2026~5~25~_^inc~shop~-5~2026~5~10~a1^xfer~shop~33.33~2026~5~25~a1^exp~food~1~2026~5~10~c1^inc~trans~100~2026~5~25~_^exp~zz~0~2026~5~25~c1||0,50,trans:nan,zh,2026,5,25|trans:🐾:%a:%a
insight	exp~shop~100~2026~5~10~_^xfer~%a~nan~2026~5~10~a1^xfer~2~25.5~2026~5~10~c1^exp~%a~nan~2026~5~10~a1||nan,_,zz:30,en,2026,5,10|
insight	exp~shop~100~2026~1~28~a1^inc~rent~100~2026~1~28~_^exp~zz~10~2026~5~10~_^exp~2~33.33~2026~1~28~a1^inc~food~-5~2026~1~28~c1^exp~rent~0~2025~11~31~a1^exp~%a~-5~2026~1~28~a1||1000,20,2:30;shop:1;trans:100;10:30,en,2026,1,28|
insight	xfer~2~10~2026~1~28~c1^exp~food~nan~2025~11~31~a1^exp~2~nan~2025~11~31~c1^exp~food~100~2026~1~28~c1^inc~trans~10~2026~1~28~a1^xfer~2~10~2026~1~28~_||_,nan,shop:30,en,2026,1,28|
insight	inc~rent~33.33~2025~11~31~a1^xfer~rent~25.5~2026~5~25~_^exp~10~1~2026~5~25~_^exp~food~nan~2026~5~11~_^inc~2~-5~2026~5~25~c1^exp~10~25.5~2026~0~1~c1||120,1000,,en,2026,5,25|
credit	exp~10~25.5~2026~5~10~a1^exp~rent~nan~2026~1~28~a1|c1~卡c1~~credit~0~15~10^c2~卡c2~Card c2~credit~100~10~10|-100,1000,10:0;trans:-1;2:100,en,2026,5,10|
credit	exp~zz~10~2025~11~31~a1^exp~2~33.33~2025~11~31~_^xfer~trans~25.5~2026~0~1~c1^exp~food~-5~2026~0~1~c1^xfer~zz~0.5~2026~0~1~a1^exp~zz~33.33~2026~0~1~_^exp~10~25.5~2026~1~28~_^xfer~food~1~2026~1~28~c1|c1~卡c1~~credit~-100~15~20|100,nan,rent:nan,zh,2026,0,1|
insight	xfer~trans~0~2026~5~11~c1^exp~2~25.5~2026~5~10~a1^exp~10~100~2025~11~31~a1^exp~zz~25.5~2026~5~11~_^inc~shop~33.33~2026~5~11~a1||1000,1000,zz:0;%a:0;shop:nan,en,2026,5,11|
credit	exp~rent~100~2026~5~11~_^exp~trans~0.5~2026~0~1~_^inc~zz~1~2026~0~1~c1|c1~卡c1~~credit~-100~10~20^c2~卡c2~~credit~0~10~_|nan,0,,zh,2026,0,1|
insight	exp~trans~100~2026~5~10~_^exp~zz~0~2026~5~10~c1^xfer~food~nan~2026~5~10~_^xfer~%a~33.33~2026~5~10~_||1000,50,shop:100,en,2026,5,10|
credit	xfer~10~25.5~2025~11~31~a1^exp~10~0.5~2025~11~31~c1^exp~2~nan~2026~5~10~c1^exp~%a~-5~2025~11~31~_|c1~卡c1~~credit~0~15~25|100,50,,en,2025,11,31|
insight	||100,0,%a:nan;trans:0;food:0;2:30,en,2025,11,31|
insight	xfer~zz~-5~2026~5~10~c1^inc~shop~1~2026~1~28~_||nan,nan,shop:10;trans:0;%a:30,zh,2026,5,10|
credit	exp~food~100~2026~1~28~_^exp~10~33.33~2026~1~28~_|c1~卡c1~_~credit~0~25~25|0,20,%a:100,en,2026,1,28|
insight	inc~2~25.5~2025~11~31~a1^xfer~trans~10~2026~1~28~a1^exp~%a~1~2026~5~10~c1^exp~zz~0~2025~11~31~a1^exp~rent~33.33~2026~1~28~a1^xfer~shop~25.5~2026~1~28~_^exp~10~33.33~2026~1~28~c1^exp~shop~33.33~2026~0~1~_||_,20,,en,2026,1,28|
insight	||120,_,,en,2026,5,11|
insight	exp~zz~25.5~2026~5~10~c1^exp~10~0.5~2026~0~1~a1^exp~rent~25.5~2026~0~1~_^xfer~rent~0~2026~5~11~a1^xfer~%a~10~2026~0~1~c1^exp~%a~33.33~2026~5~11~a1^exp~2~25.5~2026~0~1~_||nan,_,%a:0;shop:nan;rent:100,zh,2026,0,1|zz:🐾:%b:%a
credit	|c1~卡c1~~credit~-100~25~10|_,0,,en,2026,0,1|
insight	exp~10~25.5~2026~5~25~c1^exp~food~25.5~2026~5~11~a1^xfer~food~-5~2026~5~25~c1||0,1000,trans:10,en,2026,5,11|
insight	exp~2~33.33~2025~11~31~a1^exp~trans~0~2025~11~31~a1^inc~10~0~2025~11~31~a1||100,50,food:-1;trans:10;shop:1,en,2025,11,31|
insight	inc~rent~33.33~2026~5~10~a1^xfer~2~1~2026~5~10~_^exp~10~0~2026~5~10~_^exp~zz~nan~2026~5~10~_^exp~10~nan~2026~5~10~c1^xfer~10~25.5~2026~5~10~a1^xfer~food~100~2026~0~1~a1||1000,50,shop:nan;%a:0;food:0;trans:1,zh,2026,5,10|2:🐾:自定义:%d
insight	exp~zz~-5~2025~11~31~_^exp~10~nan~2026~0~1~a1^xfer~food~0.5~2025~11~31~a1^xfer~2~nan~2025~11~31~_^inc~%a~0.5~2026~5~11~_^exp~rent~25.5~2025~11~31~_^exp~shop~33.33~2026~5~11~c1^exp~food~0.5~2025~11~31~a1||nan,_,rent:30;shop:1;trans:10;food:0,zh,2025,11,31|
insight	inc~trans~100~2026~5~10~c1^exp~trans~0.5~2026~5~11~c1^exp~food~0.5~2026~5~11~a1||120,nan,food:30;%a:100;zz:100,zh,2026,5,11|
insight	||120,nan,zz:30;%a:1;2:1;food:10,en,2026,5,10|
insight	inc~food~-5~2026~1~28~_^exp~zz~nan~2026~0~1~a1^inc~shop~1~2026~0~1~c1^xfer~shop~1~2026~1~28~_||100,1000,zz:0;food:100;10:1;rent:-1,zh,2026,1,28|
insight	exp~shop~0~2025~11~31~a1^xfer~zz~nan~2025~11~31~_^xfer~rent~0.5~2025~11~31~_^exp~trans~nan~2025~11~31~c1^inc~trans~nan~2026~5~25~a1^exp~%a~10~2025~11~31~a1||-100,nan,food:-1;rent:nan;%a:10,en,2025,11,31|
insight	exp~zz~0.5~2025~11~31~_^exp~trans~0~2025~11~31~_^exp~zz~0~2026~0~1~a1^inc~zz~nan~2026~5~10~a1||120,50,2:nan;%a:0;10:0;shop:0,en,2025,11,31|
insight	exp~rent~nan~2025~11~31~c1^xfer~2~0~2026~5~25~c1^exp~food~1~2026~5~25~a1^exp~%a~10~2026~5~25~_||100,nan,10:100;shop:0;zz:nan,zh,2026,5,25|
insight	xfer~zz~25.5~2026~1~28~c1^exp~2~100~2026~1~28~_^exp~10~0~2026~1~28~c1^exp~trans~25.5~2026~1~28~a1^exp~2~1~2026~1~28~_^exp~2~-5~2026~1~28~_^exp~shop~0.5~2026~5~25~a1^inc~10~-5~2026~5~10~a1||120,0,food:10;zz:-1;rent:10,zh,2026,1,28|
insight	exp~10~1~2025~11~31~_^exp~10~1~2026~0~1~a1^exp~trans~100~2026~0~1~_||1000,50,,en,2026,0,1|
credit	exp~10~nan~2026~5~10~a1^exp~trans~0.5~2026~5~10~c1^exp~%a~0~2026~5~10~c1^exp~2~1~2026~1~28~a1^exp~10~0~2025~11~31~_^inc~food~1~2026~1~28~c1^xfer~shop~1~2026~5~10~_^xfer~rent~10~2026~5~10~a1|c1~卡c1~~credit~-100~25~_^c2~卡c2~~credit~100~15~_|1000,nan,trans:10;%a:30;10:100;shop:30,zh,2026,5,10|10:🐾:自定义:%d
credit	exp~trans~25.5~2026~5~10~c1^xfer~2~-5~2026~5~10~c1^exp~rent~100~2026~5~10~c1^exp~trans~100~2026~5~10~_^xfer~%a~0.5~2026~0~1~c1^inc~shop~0~2026~5~10~a1^exp~2~0~2026~5~10~c1|c1~卡c1~~credit~100~10~25|100,1000,shop:30;%a:0,zh,2026,5,10|
insight	xfer~rent~10~2026~1~28~c1^exp~zz~10~2026~1~28~a1^exp~rent~nan~2026~1~28~c1^exp~10~0.5~2026~1~28~_^exp~food~nan~2026~1~28~a1||-100,50,trans:0;10:1,zh,2026,1,28|
insight	exp~trans~0~2026~5~25~a1^inc~%a~25.5~2026~5~25~a1^exp~10~nan~2026~5~25~c1^exp~shop~100~2026~5~25~_^exp~food~100~2026~5~25~_||0,_,,en,2026,5,25|
insight	inc~%a~10~2026~5~10~_^xfer~shop~10~2026~5~10~a1^exp~%a~25.5~2026~5~11~_^xfer~2~25.5~2026~5~10~a1^exp~2~0.5~2026~5~10~a1||nan,_,food:10,en,2026,5,10|
insight	exp~2~0~2026~5~25~c1^exp~trans~1~2026~5~11~c1^exp~food~100~2026~5~25~a1^exp~%a~0~2026~0~1~a1^exp~food~100~2026~5~10~c1^exp~2~0.5~2026~5~11~a1^exp~zz~0.5~2026~5~25~c1||0,_,2:-1,zh,2026,5,25|shop:🐾:%b:%a
insight	exp~trans~100~2026~0~1~c1^exp~%a~0.5~2026~5~25~a1^exp~shop~1~2026~0~1~_^xfer~food~100~2026~0~1~c1^exp~10~25.5~2026~0~1~a1^xfer~food~25.5~2026~0~1~a1||nan,_,%a:100,en,2026,0,1|rent:🐾:%b:%d
insight	exp~trans~33.33~2026~5~25~c1^exp~10~25.5~2026~5~25~c1^inc~%a~25.5~2026~5~10~a1^exp~shop~10~2026~5~25~a1^xfer~shop~25.5~2026~5~11~a1||120,1000,10:10;%a:0,en,2026,5,25|
credit	exp~zz~33.33~2026~5~10~a1|c1~卡c1~_~credit~0~15~25|100,0,trans:-1;2:-1;shop:0;zz:-1,en,2026,5,10|
insight	exp~trans~nan~2025~11~31~c1^exp~zz~25.5~2025~11~31~c1^exp~%a~nan~2026~0~1~c1^exp~trans~33.33~2025~11~31~c1^exp~rent~-5~2025~11~31~_^inc~zz~0.5~2025~11~31~a1^exp~food~0~2026~1~28~c1||_,20,zz:nan;2:100,zh,2025,11,31|
insight	inc~%a~10~2026~5~10~a1^exp~10~10~2025~11~31~a1^xfer~zz~0~2026~5~10~a1||1000,_,shop:10,en,2026,5,10|
insight	xfer~zz~0~2026~0~1~_^xfer~rent~25.5~2026~0~1~_^exp~zz~0.5~2026~0~1~_^inc~zz~0~2026~0~1~a1^exp~food~-5~2026~0~1~_^exp~rent~100~2026~0~1~c1^exp~2~nan~2026~0~1~_^exp~%a~33.33~2026~0~1~_||nan,nan,shop:-1;10:30;zz:10,en,2026,0,1|
insight	||1000,1000,rent:30,en,2026,5,10|
insight	xfer~%a~nan~2026~1~28~a1^exp~zz~10~2025~11~31~_^xfer~rent~-5~2026~0~1~a1^exp~food~10~2026~1~28~c1^exp~%a~100~2026~1~28~a1||120,_,food:nan;shop:nan;2:100,en,2026,1,28|
insight	xfer~rent~100~2025~11~31~c1^exp~rent~100~2025~11~31~_^exp~%a~-5~2025~11~31~a1^exp~%a~25.5~2025~11~31~c1||0,50,%a:10;2:10;10:30;rent:100,en,2025,11,31|
insight	xfer~trans~33.33~2026~5~10~_^inc~food~10~2026~5~10~a1^xfer~10~10~2025~11~31~a1^exp~trans~0~2026~5~10~_^xfer~rent~33.33~2026~5~10~c1^exp~zz~0.5~2026~5~10~a1^inc~zz~-5~2026~5~10~a1^exp~10~0~2026~5~10~_||100,50,rent:0,en,2026,5,10|
insight	exp~10~0~2026~0~1~_^exp~%a~0.5~2026~5~25~a1||1000,_,rent:100,zh,2026,0,1|
insight	inc~%a~0.5~2026~1~28~c1^exp~trans~0.5~2026~5~11~a1^xfer~zz~nan~2026~5~10~a1^inc~food~1~2026~1~28~_||100,0,rent:30;shop:0;zz:30;10:10,zh,2026,1,28|
credit	|c1~卡c1~Card c1~credit~100~15~25^c2~卡c2~~credit~-100~10~_|120,nan,,zh,2026,5,25|
credit	exp~zz~25.5~2026~5~25~c1^inc~10~33.33~2026~5~10~c1^exp~food~25.5~2026~0~1~_^inc~rent~-5~2026~5~11~c1^exp~10~100~2026~5~25~c1^exp~trans~0.5~2026~0~1~_|c1~卡c1~_~credit~100~15~25|100,_,food:10;shop:1,en,2026,5,25|
insight	inc~10~1~2026~5~10~_^exp~trans~1~2026~5~10~a1||nan,20,trans:1;food:30;rent:-1,zh,2026,5,10|zz:🐾:自定义:Custom
insight	inc~rent~0~2026~5~10~a1^exp~2~0.5~2026~0~1~a1^inc~shop~0.5~2026~0~1~_^xfer~10~33.33~2026~0~1~c1^exp~zz~1~2026~0~1~a1^exp~zz~-5~2026~0~1~a1^exp~%a~0~2026~0~1~_||100,nan,,en,2026,0,1|rent:🐾:%a:%a
insight	||120,0,shop:0;10:30,en,2026,5,10|
credit	exp~food~100~2025~11~31~a1^inc~shop~33.33~2025~11~31~a1^exp~rent~25.5~2025~11~31~a1^exp~zz~25.5~2025~11~31~c1^inc~10~nan~2026~5~25~_^inc~zz~33.33~2026~5~25~a1|c1~卡c1~_~credit~0~10~10^c2~卡c2~~credit~-100~25~_|1000,20,,zh,2025,11,31|zz:🐾:%a:%a
insight	||nan,0,,en,2026,5,25|
insight	xfer~zz~0.5~2026~1~28~c1^xfer~food~1~2026~5~11~a1||100,20,zz:-1;%a:100;10:-1,zh,2026,1,28|
insight	exp~2~nan~2026~5~25~a1^exp~%a~25.5~2026~0~1~a1^xfer~shop~33.33~2026~5~25~a1^exp~10~100~2026~5~10~_^exp~%a~1~2026~5~25~a1^inc~food~0.5~2026~5~25~a1||1000,_,rent:nan;zz:1;2:10,zh,2026,5,25|
insight	exp~food~0.5~2026~0~1~_^inc~food~10~2026~0~1~_^exp~10~10~2026~0~1~a1^exp~2~100~2026~0~1~_^inc~2~0.5~2026~0~1~c1||nan,_,10:0;rent:100;2:30;%a:10,en,2026,0,1|
insight	inc~food~33.33~2026~5~11~c1^xfer~trans~1~2026~5~11~c1^xfer~zz~10~2026~5~10~c1||0,50,10:100;shop:10,zh,2026,5,11|
insight	inc~%a~10~2026~5~25~c1^exp~trans~33.33~2026~5~25~a1^exp~%a~-5~2026~5~25~a1^exp~food~25.5~2026~5~25~a1^inc~%a~33.33~2026~5~25~c1^exp~food~33.33~2025~11~31~a1^exp~zz~0.5~2026~5~25~_||100,1000,food:100;2:10;zz:100,en,2026,5,25|
credit	exp~trans~25.5~2026~5~11~c1^exp~shop~10~2026~5~11~_^exp~food~25.5~2026~5~10~_^exp~rent~0~2026~5~11~_^exp~trans~100~2025~11~31~c1^exp~zz~-5~2026~5~25~a1^exp~shop~0.5~2026~5~11~_|c1~卡c1~_~credit~100~10~10^c2~卡c2~~credit~0~10~20|0,1000,%a:10;rent:0,en,2026,5,11|10:🐾:自定义:Custom
insight	exp~10~-5~2026~0~1~_^exp~shop~-5~2026~0~1~a1^exp~shop~0.5~2026~0~1~c1^exp~rent~1~2026~5~11~_||nan,_,2:30;rent:nan,zh,2026,0,1|
credit	exp~food~10~2025~11~31~a1^inc~%a~10~2025~11~31~_^xfer~trans~0~2026~0~1~_^exp~10~25.5~2026~5~25~a1|c1~卡c1~Card c1~credit~100~10~10|100,50,,en,2025,11,31|
insight	exp~trans~-5~2026~0~1~a1^exp~trans~25.5~2026~5~25~a1^inc~trans~-5~2026~1~28~_^xfer~%a~0~2026~0~1~_^xfer~zz~25.5~2026~0~1~c1^exp~rent~1~2026~0~1~c1||_,20,shop:nan;zz:1,zh,2026,0,1|
insight	inc~10~10~2026~5~25~c1^exp~shop~100~2026~5~25~_||100,1000,,en,2026,5,25|
insight	exp~2~0.5~2026~1~28~a1^exp~zz~10~2026~1~28~a1^inc~rent~1~2026~5~25~a1^xfer~2~-5~2026~1~28~_^exp~trans~10~2026~1~28~_||nan,nan,trans:0;%a:1,en,2026,1,28|
insight	exp~10~10~2026~1~28~_||1000,nan,2:100;rent:-1;food:-1;zz:1,zh,2026,1,28|
insight	exp~%a~1~2026~5~10~_^xfer~trans~10~2026~5~25~_^exp~zz~100~2025~11~31~c1^exp~10~1~2025~11~31~a1||-100,nan,2:0,zh,2026,5,25|
credit	exp~rent~-5~2026~1~28~_^exp~shop~0.5~2026~5~10~a1^exp~trans~100~2026~5~10~_^xfer~trans~0.5~2026~5~10~a1|c1~卡c1~_~credit~0~25~25|-100,50,%a:0;trans:100;food:1;zz:100,zh,2026,5,10|
credit	xfer~%a~0.5~2026~5~10~a1^exp~%a~100~2026~0~1~_^xfer~trans~100~2026~5~10~a1^exp~rent~nan~2026~5~10~_|c1~卡c1~~credit~-100~10~25|_,1000,%a:-1,en,2026,5,10|
insight	exp~10~10~2026~0~1~_^exp~trans~100~2026~0~1~a1^exp~rent~33.33~2026~0~1~c1^exp~trans~10~2026~5~25~a1^inc~%a~0.5~2026~0~1~c1^exp~2~-5~2026~0~1~a1^xfer~10~1~2026~0~1~_||100,20,2:10;rent:-1,zh,2026,0,1|
insight	inc~10~1~2026~0~1~c1^exp~2~nan~2026~5~10~a1^inc~rent~33.33~2026~5~25~c1^exp~food~25.5~2026~5~25~c1^exp~food~100~2026~5~25~a1^exp~shop~25.5~2026~5~25~_^xfer~trans~25.5~2026~5~25~_||120,20,rent:-1;10:0;2:10,zh,2026,5,25|zz:🐾:%a:%a
insight	exp~shop~0~2026~5~11~_^exp~shop~100~2025~11~31~a1^exp~shop~25.5~2025~11~31~c1^inc~10~1~2026~5~11~a1^exp~%a~nan~2026~5~11~_^inc~%a~0~2026~5~11~a1^exp~10~25.5~2026~5~11~c1^exp~10~nan~2026~5~11~a1||nan,1000,shop:1,zh,2026,5,11|
insight	exp~zz~100~2025~11~31~c1^exp~trans~10~2026~1~28~c1^exp~shop~-5~2026~0~1~_^xfer~zz~1~2026~0~1~_||nan,1000,10:0;rent:-1;%a:nan;trans:-1,zh,2026,0,1|
insight	exp~2~25.5~2026~5~10~_^xfer~%a~0~2026~0~1~_||nan,0,trans:0;food:0;2:1,en,2026,5,10|10:🐾:%a:Custom
insight	exp~shop~25.5~2026~5~11~_^exp~food~100~2026~5~11~_^inc~10~nan~2026~5~11~a1||_,1000,shop:1,zh,2026,5,11|
insight	exp~shop~-5~2026~0~1~_^exp~trans~1~2026~0~1~a1^exp~shop~1~2026~5~10~_||_,nan,,en,2026,0,1|rent:🐾:%b:Custom
insight	exp~10~100~2026~5~10~c1^inc~food~nan~2025~11~31~c1^exp~zz~10~2025~11~31~_^exp~10~0~2026~5~25~a1||0,1000,10:0,zh,2025,11,31|
insight	exp~shop~33.33~2026~5~25~c1^exp~%a~0.5~2026~5~25~c1^exp~food~100~2026~5~10~c1^xfer~%a~10~2026~5~25~_^exp~food~0.5~2026~5~25~a1^exp~food~0~2026~5~25~_^exp~trans~0.5~2026~5~25~_||1000,1000,zz:-1;shop:30;10:10,en,2026,5,25|
insight	||120,0,2:100;10:0;rent:1;trans:30,en,2026,5,10|10:🐾:自定义:Custom
insight	exp~shop~25.5~2025~11~31~_||100,20,2:-1;zz:10;rent:0;%a:0,en,2025,11,31|
credit	xfer~zz~33.33~2026~0~1~a1|c1~卡c1~Card c1~credit~0~10~25|1000,_,,zh,2026,0,1|10:🐾:自定义:%d
insight	inc~food~nan~2025~11~31~c1^exp~10~33.33~2025~11~31~c1^exp~2~10~2025~11~31~_^xfer~zz~1~2026~5~11~_^exp~%a~25.5~2026~1~28~a1^exp~food~100~2025~11~31~c1^exp~zz~100~2025~11~31~_^exp~rent~0~2025~11~31~a1||120,0,rent:10,zh,2025,11,31|
credit	exp~shop~-5~2026~1~28~_^exp~rent~25.5~2025~11~31~c1^xfer~zz~0~2026~1~28~_^exp~food~10~2026~0~1~a1^inc~rent~100~2026~5~10~_^inc~2~0~2026~1~28~c1|c1~卡c1~_~credit~100~10~25|0,20,food:0,en,2026,1,28|
insight	||0,50,shop:30;zz:0,zh,2025,11,31|
insight	inc~zz~25.5~2025~11~31~a1||nan,_,food:100;2:100;zz:30,en,2025,11,31|10:🐾:自定义:%d
insight	exp~%a~1~2026~5~10~a1^exp~10~100~2026~5~10~c1^exp~trans~25.5~2026~5~10~a1^exp~trans~33.33~2026~5~10~a1^exp~trans~100~2026~5~10~c1^xfer~rent~33.33~2026~1~28~c1^exp~%a~33.33~2026~5~10~_^exp~trans~33.33~2026~5~10~a1||100,1000,trans:-1;10:100;shop:1;food:1,zh,2026,5,10|
credit	xfer~%a~0.5~2026~5~25~c1^xfer~%a~0.5~2026~5~10~_^exp~food~0.5~2026~5~10~_^inc~zz~10~2026~5~11~_^exp~rent~25.5~2026~5~10~c1|c1~卡c1~~credit~0~15~20|100,_,rent:100;food:100,en,2026,5,10|
insight	exp~trans~nan~2025~11~31~a1||100,1000,food:-1;trans:100;%a:0;shop:nan,zh,2026,0,1|
insight	xfer~2~-5~2026~5~25~c1^exp~%a~100~2026~5~10~c1^exp~10~100~2026~5~10~a1^exp~shop~0.5~2026~5~10~_^exp~rent~0.5~2026~1~28~_^exp~shop~33.33~2026~5~10~c1^exp~trans~0.5~2026~0~1~c1^xfer~rent~25.5~2026~5~10~_||120,20,trans:100;2:-1;rent:1,zh,2026,5,10|
insight	xfer~shop~10~2026~5~11~c1||120,nan,zz:10;%a:100;trans:30,zh,2026,1,28|
insight	inc~zz~25.5~2026~5~11~a1^xfer~2~0~2026~0~1~_^exp~rent~100~2025~11~31~a1^inc~trans~0~2025~11~31~a1^exp~2~100~2025~11~31~a1||100,50,,en,2025,11,31|
insight	||nan,1000,%a:1;shop:nan;10:10;2:10,en,2025,11,31|
insight	||_,_,2:-1;shop:-1,zh,2026,5,11|
insight	||-100,20,10:nan;food:0;rent:10,zh,2026,5,10|rent:🐾:%b:%d
insight	exp~rent~25.5~2026~1~28~_^xfer~zz~1~2026~1~28~a1^exp~rent~25.5~2026~5~10~_^inc~rent~100~2026~1~28~c1^exp~zz~25.5~2026~1~28~_^exp~food~33.33~2026~1~28~c1^exp~2~nan~2026~5~11~c1||1000,_,zz:10;trans:30;food:nan;rent:30,zh,2026,1,28|
insight	exp~rent~1~2026~5~25~c1^exp~shop~10~2026~5~11~c1^exp~trans~nan~2026~5~11~c1^exp~zz~0.5~2026~5~25~a1||nan,0,food:0;shop:-1;%a:1;trans:-1,en,2026,5,11|zz:🐾:自定义:Custom
insight	exp~trans~10~2026~5~25~_^exp~2~-5~2026~5~25~c1||1000,0,2:100;10:1;trans:100,en,2026,5,25|10:🐾:%b:Custom
insight	inc~shop~10~2026~5~10~a1^exp~shop~nan~2026~5~25~c1||nan,nan,10:1;2:30,en,2026,5,10|
insight	xfer~2~100~2026~5~11~a1^exp~rent~1~2026~5~25~a1^exp~shop~1~2026~5~10~_^xfer~shop~25.5~2026~5~25~a1||nan,50,trans:0;shop:10;2:nan;food:30,en,2026,5,25|
insight	exp~shop~nan~2025~11~31~_^exp~food~1~2026~5~11~c1^exp~2~1~2026~0~1~c1^inc~zz~25.5~2026~5~10~a1^exp~2~nan~2026~5~10~c1^exp~%a~100~2026~5~11~_^xfer~%a~25.5~2026~0~1~a1||0,nan,shop:100;10:10,zh,2026,0,1|shop:🐾:%a:Custom
insight	inc~zz~1~2026~5~25~a1^inc~10~100~2026~5~25~c1^exp~rent~100~2026~0~1~a1^exp~rent~nan~2025~11~31~c1||100,20,,en,2026,5,25|rent:🐾:自定义:%d
credit	xfer~food~0~2026~5~11~_^exp~trans~33.33~2026~5~11~c1^exp~rent~33.33~2026~5~11~a1|c1~卡c1~Card c1~credit~100~15~25|1000,0,rent:1;%a:30;10:30;shop:10,zh,2026,5,11|
insight	exp~shop~0~2026~0~1~a1^inc~food~100~2026~5~25~_^inc~2~nan~2026~5~25~c1^exp~zz~100~2026~5~11~c1^xfer~shop~1~2026~0~1~c1^exp~zz~0.5~2026~5~25~c1^exp~rent~33.33~2026~5~25~a1^inc~shop~25.5~2026~5~25~a1||100,nan,,zh,2026,5,25|
insight	exp~2~10~2026~5~10~_||0,20,,zh,2026,5,10|
credit	exp~2~100~2026~1~28~_^inc~shop~10~2026~1~28~a1^exp~2~1~2025~11~31~a1^inc~2~-5~2026~1~28~_^exp~trans~0.5~2026~0~1~c1^exp~rent~0~2026~1~28~_^xfer~shop~0.5~2026~1~28~c1^exp~trans~-5~2026~1~28~a1|c1~卡c1~_~credit~100~25~25^c2~卡c2~~credit~100~25~10|120,nan,2:30;trans:100,zh,2026,1,28|
insight	||100,_,10:100,zh,2026,0,1|
insight	inc~trans~33.33~2026~1~28~c1^exp~2~-5~2026~1~28~a1^exp~trans~25.5~2026~1~28~c1^exp~food~0.5~2026~5~25~a1^exp~rent~10~2026~0~1~c1^exp~%a~nan~2026~1~28~c1^exp~trans~100~2026~1~28~a1||-100,50,,zh,2026,1,28|
insight	||100,nan,,en,2026,1,28|food:🐾:%a:%d
insight	inc~shop~100~2026~0~1~_^exp~%a~0.5~2026~0~1~c1^xfer~food~25.5~2026~0~1~_||nan,0,,en,2026,0,1|zz:🐾:自定义:%d
insight	inc~trans~-5~2026~5~10~_^exp~%a~-5~2026~1~28~a1^exp~rent~1~2026~1~28~_^exp~trans~1~2026~1~28~a1^exp~2~0.5~2026~5~10~_^inc~food~100~2026~5~25~a1^exp~zz~-5~2026~1~28~c1||120,1000,10:0;shop:10,en,2026,1,28|
insight	inc~shop~1~2026~0~1~c1||100,0,food:nan,zh,2026,5,11|
credit	exp~2~25.5~2026~5~10~a1^exp~food~1~2026~0~1~c1^xfer~food~10~2026~0~1~_^exp~trans~1~2026~5~10~c1^exp~zz~0~2026~0~1~c1^exp~%a~nan~2026~0~1~a1|c1~卡c1~_~credit~100~15~25|-100,0,,en,2026,0,1|
insight	exp~zz~0~2026~5~11~_^inc~trans~0~2026~1~28~c1^exp~shop~1~2026~1~28~a1^xfer~trans~nan~2026~1~28~_||nan,50,rent:1;10:0;food:1,en,2026,1,28|
insight	xfer~%a~0.5~2026~5~25~a1^xfer~shop~-5~2026~1~28~a1^inc~food~1~2026~1~28~_^exp~shop~33.33~2026~1~28~a1^inc~zz~1~2026~1~28~c1^xfer~2~0~2026~1~28~c1^inc~zz~0.5~2025~11~31~c1^exp~zz~10~2026~5~25~a1||-100,_,zz:-1;food:-1;2:1,en,2026,1,28|
credit	exp~rent~100~2025~11~31~a1^exp~shop~1~2026~1~28~_^xfer~zz~33.33~2026~0~1~a1^inc~trans~-5~2025~11~31~a1^exp~2~nan~2026~1~28~c1^exp~rent~0.5~2026~0~1~_|c1~卡c1~~credit~100~10~25|1000,50,shop:1;rent:10;zz:30,en,2026,1,28|
insight	exp~10~100~2026~1~28~a1^exp~trans~25.5~2026~1~28~a1^xfer~zz~nan~2026~1~28~_^exp~shop~33.33~2026~1~28~a1^exp~shop~25.5~2026~1~28~a1||-100,1000,%a:0,en,2026,1,28|10:🐾:自定义:Custom
insight	inc~zz~1~2026~5~10~_^exp~food~33.33~2026~0~1~c1^exp~zz~0.5~2026~0~1~c1^exp~zz~nan~2026~5~25~a1^exp~%a~nan~2026~0~1~c1^xfer~shop~10~2026~0~1~_^exp~food~1~2026~0~1~_||0,_,food:nan,zh,2026,0,1|
insight	xfer~trans~-5~2025~11~31~a1^exp~trans~1~2026~0~1~c1^inc~zz~1~2026~5~10~a1^exp~shop~nan~2025~11~31~a1^exp~10~100~2025~11~31~c1^inc~zz~nan~2025~11~31~a1^inc~2~100~2025~11~31~a1^exp~%a~100~2025~11~31~_||100,50,trans:0;zz:0;%a:-1;shop:nan,zh,2025,11,31|
insight	exp~food~25.5~2026~5~10~c1^exp~%a~nan~2026~1~28~c1^exp~food~10~2025~11~31~a1^exp~rent~25.5~2026~5~10~_^xfer~10~nan~2026~5~10~a1^exp~10~100~2026~5~10~a1^exp~%a~100~2026~5~10~_^xfer~trans~33.33~2025~11~31~a1||120,20,,en,2026,5,10|%a:🐾:自定义:%d
credit	xfer~shop~0.5~2026~5~25~c1^exp~food~1~2026~5~25~_^xfer~zz~-5~2026~5~10~c1^exp~2~10~2026~5~25~c1^exp~shop~100~2026~5~25~a1^exp~rent~10~2026~5~25~a1^exp~zz~nan~2026~1~28~_^exp~%a~10~2026~5~11~c1|c1~卡c1~~credit~100~15~25|100,nan,,en,2026,5,25|rent:🐾:%a:%a
insight	inc~rent~0.5~2026~5~10~c1^exp~rent~10~2026~5~10~_^exp~rent~1~2026~5~11~c1^exp~%a~25.5~2026~5~10~c1^exp~10~25.5~2026~5~10~a1^exp~rent~-5~2026~5~10~c1||nan,nan,%a:1,en,2026,5,10|
insight	xfer~food~0.5~2026~5~11~c1^exp~shop~10~2026~1~28~_^xfer~10~nan~2026~5~11~_^inc~trans~0~2025~11~31~c1^exp~trans~1~2026~5~10~a1^exp~10~1~2026~1~28~c1^inc~2~1~2026~5~11~c1^exp~shop~100~2026~5~11~c1||100,nan,,en,2026,5,11|
insight	exp~2~10~2026~0~1~a1^exp~10~1~2026~0~1~_^exp~10~10~2026~5~25~a1^exp~shop~10~2026~0~1~c1^exp~rent~0~2026~5~10~_^exp~2~33.33~2026~5~25~c1^exp~%a~0.5~2026~0~1~c1^xfer~trans~0~2026~0~1~a1||120,50,%a:0,zh,2026,0,1|
credit	|c1~卡c1~_~credit~-100~10~10|0,nan,zz:10;shop:-1,zh,2026,5,11|
insight	exp~2~25.5~2026~5~11~c1^exp~food~10~2026~5~11~_^inc~2~-5~2026~5~11~c1^inc~food~10~2026~5~11~a1^xfer~%a~33.33~2025~11~31~c1^exp~trans~nan~2026~5~11~a1^exp~trans~1~2026~5~11~_^exp~shop~0~2026~5~11~_||nan,_,zz:100;rent:nan;2:100;food:1,zh,2026,5,11|shop:🐾:%a:Custom
insight	exp~2~1~2026~5~25~a1^inc~food~-5~2026~5~25~c1^exp~rent~33.33~2025~11~31~_^exp~trans~0.5~2026~5~25~c1^exp~2~0.5~2026~5~25~a1^xfer~%a~1~2026~5~11~a1^exp~food~0~2026~5~25~a1^exp~shop~100~2026~5~10~c1||100,_,zz:10;food:1;2:1;rent:1,en,2026,5,25|zz:🐾:%a:%d
insight	exp~%a~nan~2026~5~10~_^exp~zz~0~2025~11~31~a1^xfer~10~0~2026~5~25~c1^exp~shop~25.5~2026~5~25~_^exp~zz~25.5~2026~5~25~_||_,_,,zh,2026,5,25|
insight	||1000,1000,trans:30,zh,2026,1,28|
insight	exp~shop~0~2026~0~1~a1^exp~%a~1~2026~0~1~_^exp~food~0~2026~0~1~a1^inc~trans~25.5~2026~0~1~a1^exp~zz~nan~2026~0~1~a1||1000,nan,%a:nan,zh,2026,0,1|
insight	||0,_,%a:1;shop:10,zh,2026,5,10|
credit	exp~10~1~2026~5~10~c1^exp~rent~1~2026~5~10~c1^xfer~10~25.5~2026~5~10~_^xfer~rent~33.33~2026~5~25~_^inc~shop~-5~2026~0~1~a1^exp~trans~10~2025~11~31~c1|c1~卡c1~~credit~100~25~10^c2~卡c2~Card c2~credit~0~15~25|120,20,rent:nan;trans:0;food:100;shop:0,en,2026,5,10|
insight	exp~10~0.5~2026~5~11~a1^exp~10~100~2026~5~11~_^inc~%a~0~2026~0~1~a1^exp~10~nan~2025~11~31~c1^exp~2~10~2026~5~11~c1^exp~shop~0.5~2026~0~1~a1^exp~10~33.33~2026~5~11~c1^exp~2~33.33~2026~5~11~_||_,1000,trans:30;zz:1;rent:10;%a:nan,zh,2026,5,11|
insight	inc~food~1~2026~1~28~a1^exp~trans~10~2026~5~11~_^exp~shop~0.5~2026~5~11~a1^exp~10~nan~2026~1~28~c1^exp~2~1~2026~5~11~a1^exp~zz~100~2026~1~28~a1^exp~food~10~2026~5~11~a1||0,nan,,zh,2026,5,11|
insight	xfer~food~10~2026~5~25~a1^inc~10~0~2026~0~1~c1^xfer~10~33.33~2026~5~25~_^exp~zz~nan~2026~1~28~a1^exp~10~0~2026~5~25~c1^exp~shop~10~2026~5~25~c1||1000,50,10:30;trans:100;rent:100;2:10,zh,2026,5,25|zz:🐾:自定义:%a
insight	inc~2~33.33~2025~11~31~a1^inc~trans~0~2026~5~10~c1^xfer~trans~0~2026~5~11~_^exp~rent~0~2026~5~11~a1^exp~10~1~2026~5~11~_||_,0,10:-1;trans:-1;%a:100,en,2026,5,11|
insight	xfer~food~0~2025~11~31~c1^exp~10~25.5~2025~11~31~c1^xfer~10~-5~2025~11~31~_^exp~food~nan~2026~0~1~_^inc~10~0~2025~11~31~_^inc~food~-5~2025~11~31~a1^exp~%a~33.33~2025~11~31~c1^exp~trans~100~2025~11~31~c1||0,50,food:nan,en,2025,11,31|
insight	||1000,50,shop:100;10:1;rent:0;zz:0,zh,2026,5,11|%a:🐾:%b:%a
insight	exp~2~25.5~2026~1~28~_^inc~%a~nan~2026~1~28~c1^xfer~rent~10~2026~1~28~a1^inc~2~0.5~2026~1~28~_||0,50,,en,2026,1,28|
insight	exp~zz~33.33~2026~0~1~a1^inc~2~nan~2026~0~1~a1^xfer~2~1~2026~0~1~c1||100,1000,zz:-1;rent:0,en,2026,0,1|
credit	exp~food~-5~2026~5~11~c1|c1~卡c1~Card c1~credit~0~10~10|120,_,2:-1;10:100;rent:0;%a:0,zh,2025,11,31|
insight	exp~zz~-5~2026~5~11~_^exp~10~-5~2026~5~11~_||1000,1000,,en,2026,5,11|
insight	exp~trans~100~2026~5~10~c1^exp~10~-5~2026~5~10~_^exp~10~nan~2026~5~10~c1^inc~food~1~2025~11~31~c1^exp~2~25.5~2025~11~31~a1^exp~%a~25.5~2026~5~10~c1^exp~2~nan~2026~5~10~_^exp~rent~0~2026~0~1~c1||100,50,%a:10,en,2026,5,10|
credit	inc~shop~nan~2025~11~31~_^exp~%a~0.5~2026~5~11~_^inc~food~nan~2026~5~10~c1^xfer~rent~1~2025~11~31~a1^exp~10~25.5~2025~11~31~_^xfer~trans~100~2026~0~1~_|c1~卡c1~~credit~-100~10~25|0,nan,,en,2025,11,31|
insight	inc~10~-5~2026~5~25~c1^exp~2~nan~2026~5~25~c1^exp~zz~nan~2026~5~25~_^exp~rent~100~2025~11~31~a1^exp~trans~25.5~2026~0~1~c1^exp~zz~1~2025~11~31~a1||1000,nan,zz:10;2:100;10:100;shop:100,en,2026,5,25|
insight	exp~shop~25.5~2026~5~11~c1^exp~food~25.5~2026~5~11~c1^exp~rent~33.33~2026~5~10~a1^xfer~%a~33.33~2026~5~11~a1^exp~2~33.33~2026~5~11~a1^exp~%a~1~2026~5~11~_^exp~2~33.33~2026~5~11~c1^xfer~2~0~2026~5~11~a1||1000,0,zz:-1;trans:nan,zh,2026,5,11|rent:🐾:自定义:%d
insight	||0,0,10:10;zz:0;trans:30;%a:10,en,2026,1,28|
insight	exp~zz~nan~2026~1~28~c1||nan,20,,en,2026,5,11|
credit	|c1~卡c1~~credit~0~25~20|_,20,zz:30;10:100;2:1;food:100,zh,2026,5,10|
insight	exp~%a~25.5~2026~0~1~c1^exp~rent~25.5~2026~1~28~c1||0,50,zz:10;shop:30;food:10;2:100,zh,2026,0,1|
insight	xfer~zz~33.33~2026~5~11~c1^exp~zz~10~2026~5~10~a1||_,50,,zh,2026,5,10|
credit	inc~zz~100~2026~1~28~a1^exp~zz~10~2026~5~10~c1^exp~food~25.5~2025~11~31~c1^exp~2~0~2025~11~31~a1^exp~rent~-5~2026~5~11~_^exp~food~-5~2026~5~11~c1^exp~zz~1~2026~5~11~_|c1~卡c1~Card c1~credit~100~15~10|1000,0,%a:-1;zz:0,en,2026,5,11|
credit	exp~10~0~2025~11~31~c1^inc~shop~0~2026~1~28~c1^inc~2~1~2025~11~31~c1^exp~10~nan~2026~5~11~_|c1~卡c1~~credit~0~10~25|100,20,rent:100;10:100,zh,2025,11,31|
insight	exp~food~0.5~2026~1~28~a1^exp~zz~nan~2026~5~11~_||100,50,2:30;rent:nan,zh,2025,11,31|
credit	|c1~卡c1~~credit~100~25~10^c2~卡c2~~credit~100~25~_|120,0,trans:30,zh,2026,1,28|
insight	inc~shop~25.5~2026~5~10~_||-100,_,food:0;10:100;shop:30,zh,2026,5,10|
credit	|c1~卡c1~~credit~0~25~_^c2~卡c2~_~credit~0~25~_|100,1000,shop:100;trans:nan;food:1,zh,2026,5,10|
insight	inc~rent~nan~2026~0~1~c1^inc~10~nan~2026~0~1~_^exp~trans~100~2026~5~25~a1^xfer~trans~100~2026~5~25~a1||0,20,,zh,2026,0,1|
insight	exp~trans~10~2025~11~31~a1||_,_,,en,2025,11,31|trans:🐾:%b:%a
insight	||_,0,%a:0;10:-1,zh,2026,5,10|shop:🐾:%b:Custom
credit	inc~food~100~2026~1~28~_^exp~food~0~2026~1~28~c1^exp~rent~-5~2026~1~28~c1|c1~卡c1~Card c1~credit~-100~15~20|0,0,food:-1;zz:10;10:30;2:100,en,2026,1,28|trans:🐾:%b:%a
insight	inc~trans~-5~2026~0~1~a1^exp~rent~-5~2026~0~1~_^exp~%a~10~2026~0~1~c1||120,nan,zz:30;2:30;10:nan;%a:1,en,2026,0,1|
insight	exp~trans~0~2026~1~28~a1^exp~2~25.5~2026~5~25~_^exp~10~1~2026~5~25~c1^xfer~zz~0.5~2026~1~28~_^exp~trans~10~2026~1~28~c1||nan,20,10:1,zh,2026,1,28|
insight	||120,_,10:-1;2:10;%a:1;trans:nan,zh,2026,5,11|shop:🐾:自定义:Custom
credit	|c1~卡c1~Card c1~credit~0~15~_|nan,0,shop:1,zh,2025,11,31|
insight	xfer~food~33.33~2026~5~10~a1^exp~zz~10~2026~5~10~c1^exp~2~1~2025~11~31~c1^exp~food~33.33~2026~5~10~a1^exp~2~nan~2026~5~10~a1^xfer~trans~1~2026~5~10~c1^exp~2~1~2026~5~10~_||-100,20,10:0;zz:nan;2:100,zh,2026,5,10|
credit	|c1~卡c1~~credit~-100~15~25^c2~卡c2~~credit~-100~15~_|100,1000,%a:-1,zh,2026,5,11|trans:🐾:自定义:%a
insight	xfer~trans~1~2026~5~10~a1^exp~trans~1~2026~0~1~a1^exp~2~-5~2026~5~10~a1^inc~rent~33.33~2025~11~31~c1^exp~food~100~2026~0~1~_^exp~food~0~2026~0~1~_||100,50,trans:nan;food:30;shop:10;zz:-1,en,2026,0,1|zz:🐾:%a:%d
insight	exp~%a~10~2026~5~11~a1^inc~zz~nan~2026~5~11~a1^exp~zz~0~2026~5~11~c1^xfer~10~100~2026~5~11~_^exp~2~100~2026~5~11~_^xfer~2~nan~2026~5~11~c1^inc~%a~-5~2025~11~31~a1||_,_,rent:100;zz:1;2:0,zh,2026,5,11|food:🐾:自定义:Custom
insight	exp~food~25.5~2026~5~10~a1^exp~shop~33.33~2026~5~11~c1^xfer~shop~33.33~2026~5~10~a1^xfer~food~100~2026~5~11~c1^exp~food~1~2026~5~11~_^inc~trans~0.5~2026~5~11~_^xfer~food~25.5~2026~5~11~a1^inc~10~nan~2026~5~11~a1||-100,20,shop:-1;food:nan;zz:100,en,2026,5,11|
insight	exp~rent~33.33~2025~11~31~a1^inc~food~25.5~2025~11~31~c1^inc~2~100~2025~11~31~_^exp~food~25.5~2025~11~31~c1||100,_,shop:-1,en,2025,11,31|
credit	inc~food~10~2026~5~10~a1^exp~%a~33.33~2026~5~10~c1^exp~trans~0~2026~5~10~a1^exp~food~1~2026~5~10~c1|c1~卡c1~~credit~100~10~10|nan,50,,en,2026,5,10|
insight	inc~food~0.5~2026~0~1~a1^inc~2~0.5~2026~5~10~c1^xfer~shop~100~2026~5~11~_||-100,_,,en,2026,5,11|
insight	exp~shop~0.5~2026~1~28~a1^exp~%a~-5~2026~5~11~c1^exp~zz~33.33~2026~5~25~c1||nan,20,zz:nan;10:0;shop:-1;2:30,en,2026,1,28|
insight	inc~10~25.5~2025~11~31~c1^inc~rent~0~2025~11~31~a1^exp~10~0~2026~5~11~c1||1000,_,%a:-1;food:30;trans:1;10:nan,en,2025,11,31|
insight	exp~trans~-5~2026~5~25~a1^inc~2~0.5~2026~5~25~_^inc~%a~nan~2026~5~25~a1||-100,nan,rent:100,en,2026,5,25|shop:🐾:%a:%a
insight	exp~trans~0.5~2026~0~1~c1^xfer~trans~33.33~2026~5~25~c1^exp~zz~-5~2026~1~28~a1^exp~trans~33.33~2026~1~28~a1^inc~%a~nan~2025~11~31~c1^inc~zz~nan~2026~0~1~_||100,_,food:30,en,2026,5,25|
insight	exp~2~0.5~2026~0~1~c1^exp~trans~100~2026~5~25~a1^exp~%a~0~2026~0~1~c1^exp~zz~0.5~2026~1~28~a1^exp~2~10~2026~0~1~a1^exp~food~0~2026~5~11~_||0,nan,food:10;%a:1;rent:0;trans:1,en,2026,0,1|
insight	xfer~food~-5~2026~5~25~_^inc~10~1~2026~5~11~a1^exp~food~33.33~2026~1~28~_^exp~trans~1~2026~5~25~c1^inc~zz~1~2026~5~25~_^inc~zz~25.5~2026~1~28~a1^exp~trans~1~2026~5~25~c1||_,50,%a:10;shop:30;food:100,en,2026,5,25|
insight	exp~2~nan~2026~5~25~_^exp~shop~0.5~2026~5~25~a1^exp~10~0.5~2026~5~10~_^xfer~zz~1~2026~5~25~a1^exp~rent~33.33~2026~5~25~a1||-100,50,trans:30;%a:-1;food:30;10:30,en,2026,5,25|
insight	||120,50,2:-1;10:30,zh,2026,5,11|
insight	inc~shop~nan~2026~1~28~a1^exp~shop~0~2026~1~28~_^exp~10~0~2026~5~25~_||nan,0,%a:10;zz:0;food:1,en,2026,1,28|shop:🐾:%b:%d
insight	exp~%a~33.33~2025~11~31~a1^exp~food~0.5~2026~5~11~c1||1000,50,,zh,2026,5,11|
insight	exp~trans~25.5~2025~11~31~_^exp~2~0~2025~11~31~a1^exp~10~10~2026~0~1~_||0,50,rent:100;shop:30,zh,2025,11,31|
insight	exp~shop~25.5~2026~5~11~_^exp~food~25.5~2026~0~1~_||120,_,,en,2026,0,1|
credit	exp~%a~0~2026~0~1~c1^exp~food~33.33~2026~0~1~a1^inc~rent~1~2026~5~25~a1^inc~%a~0~2026~0~1~c1^exp~10~0~2026~0~1~c1|c1~卡c1~Card c1~credit~100~25~20^c2~卡c2~~credit~0~10~20|nan,50,zz:1;rent:0;food:10,en,2026,0,1|rent:🐾:%a:%d
credit	exp~shop~25.5~2025~11~31~c1^exp~rent~25.5~2026~5~11~_^exp~10~nan~2025~11~31~c1^xfer~food~1~2025~11~31~a1^xfer~2~0~2025~11~31~_^exp~zz~0.5~2025~11~31~c1^exp~rent~-5~2025~11~31~a1^xfer~food~-5~2026~1~28~_|c1~卡c1~~credit~100~25~20^c2~卡c2~_~credit~100~25~25|0,_,zz:0;shop:1;2:0,en,2025,11,31|
insight	exp~%a~25.5~2026~5~25~a1^exp~zz~25.5~2026~1~28~_^exp~trans~10~2026~1~28~a1^exp~trans~-5~2026~5~11~c1^exp~10~1~2026~5~11~a1^exp~%a~25.5~2026~1~28~c1||0,0,zz:nan,en,2026,1,28|2:🐾:%a:%a
credit	exp~rent~100~2026~5~10~_^exp~trans~0~2026~0~1~a1^inc~zz~-5~2026~5~10~a1^exp~shop~0.5~2026~5~10~_^exp~food~10~2026~5~10~a1^exp~trans~0.5~2026~5~10~c1|c1~卡c1~_~credit~100~25~_|100,20,,en,2026,5,10|
credit	exp~2~0.5~2026~1~28~a1^exp~rent~100~2026~1~28~_^exp~shop~0.5~2026~1~28~c1|c1~卡c1~~credit~-100~25~20|_,50,zz:10;trans:100;%a:30,en,2026,1,28|
insight	exp~zz~100~2026~5~25~c1^exp~rent~1~2026~5~11~c1^exp~%a~100~2026~5~11~a1||120,1000,10:1;2:0,en,2026,5,11|2:🐾:自定义:Custom
insight	||-100,0,food:-1;shop:nan;zz:10;trans:100,en,2026,0,1|10:🐾:自定义:Custom
insight	exp~trans~0.5~2026~5~25~_^inc~10~0~2026~5~25~_^exp~trans~25.5~2026~5~11~_||_,1000,2:0,en,2026,5,25|food:🐾:%a:%d
insight	xfer~trans~-5~2026~5~10~_^exp~2~-5~2026~5~10~c1||_,_,zz:30;food:0,en,2026,5,10|
insight	inc~rent~0.5~2025~11~31~c1^xfer~trans~10~2025~11~31~c1^exp~10~100~2025~11~31~c1^inc~10~33.33~2026~1~28~a1^exp~10~33.33~2026~0~1~c1^exp~trans~1~2026~0~1~_^xfer~shop~0~2026~0~1~a1^exp~zz~nan~2026~1~28~c1||-100,1000,,en,2025,11,31|
insight	exp~food~-5~2026~5~25~c1^exp~rent~0.5~2026~5~25~c1^exp~shop~33.33~2026~5~25~a1^exp~%a~25.5~2026~5~11~a1^xfer~zz~33.33~2026~5~25~a1^exp~shop~10~2026~5~25~_^exp~zz~nan~2026~5~25~a1||nan,0,,zh,2026,5,25|
credit	inc~10~33.33~2026~0~1~c1^exp~food~0~2026~0~1~_^exp~food~0.5~2026~0~1~a1^exp~2~10~2026~0~1~a1^exp~zz~25.5~2025~11~31~a1^exp~10~1~2026~0~1~a1|c1~卡c1~~credit~-100~10~20|1000,0,10:10,en,2026,0,1|shop:🐾:%a:%d
credit	exp~food~0.5~2025~11~31~_^exp~zz~100~2026~5~25~c1^inc~2~0.5~2026~5~25~_^exp~trans~100~2026~5~11~a1^inc~rent~0.5~2026~5~25~c1^exp~10~0~2026~5~25~c1^xfer~2~1~2026~5~25~c1^inc~10~1~2026~0~1~a1|c1~卡c1~~credit~100~10~_^c2~卡c2~Card c2~credit~-100~25~10|120,1000,10:0;2:100;shop:1,zh,2026,5,25|%a:🐾:自定义:%a
insight	exp~10~1~2026~0~1~a1^exp~%a~1~2026~5~25~c1^exp~zz~33.33~2026~0~1~c1^exp~shop~33.33~2026~5~11~a1||100,0,zz:10,en,2026,0,1|
insight	||nan,50,,zh,2026,0,1|trans:🐾:%b:Custom
insight	inc~10~100~2026~5~11~c1^exp~10~0.5~2025~11~31~c1^inc~10~0~2025~11~31~c1||1000,1000,trans:30;zz:-1,zh,2025,11,31|
insight	inc~food~0~2026~1~28~_||120,20,food:10;trans:1;shop:nan;zz:30,zh,2026,0,1|
credit	exp~zz~0.5~2026~0~1~_^inc~zz~100~2026~0~1~_^xfer~trans~-5~2026~0~1~_^exp~rent~nan~2026~0~1~c1^xfer~shop~nan~2025~11~31~c1^exp~2~nan~2026~0~1~c1^xfer~%a~1~2026~0~1~_^exp~food~100~2026~0~1~c1|c1~卡c1~_~credit~100~10~20^c2~卡c2~~credit~0~25~10|_,1000,2:0,en,2026,0,1|
insight	inc~zz~0.5~2026~5~25~c1^exp~trans~100~2026~0~1~_^inc~rent~100~2026~5~25~c1||100,50,10:1,zh,2026,5,25|
credit	exp~shop~-5~2026~1~28~_^exp~shop~100~2026~1~28~c1|c1~卡c1~Card c1~credit~100~10~_|-100,_,trans:100;zz:0;10:nan,en,2026,1,28|
credit	|c1~卡c1~~credit~0~25~20|100,50,shop:100,en,2026,5,25|%a:🐾:自定义:%a
credit	exp~rent~nan~2025~11~31~_^exp~10~-5~2025~11~31~a1^exp~rent~100~2025~11~31~_^exp~trans~100~2026~5~10~c1^exp~trans~nan~2025~11~31~c1|c1~卡c1~Card c1~credit~-100~10~25|0,0,trans:-1;2:-1;10:0;zz:-1,en,2025,11,31|
credit	exp~trans~-5~2026~5~10~c1^exp~10~0.5~2026~5~11~c1^exp~food~nan~2026~5~10~a1^exp~food~33.33~2026~5~10~_^exp~rent~0.5~2026~5~11~a1^exp~rent~-5~2026~5~10~c1|c1~卡c1~Card c1~credit~100~10~10^c2~卡c2~_~credit~100~25~10|0,0,shop:nan;food:-1,en,2026,5,10|
credit	exp~shop~10~2026~5~10~_^exp~shop~33.33~2026~5~10~a1^xfer~10~25.5~2026~5~10~_^xfer~2~-5~2025~11~31~_^exp~zz~0~2025~11~31~a1^exp~2~100~2026~0~1~_|c1~卡c1~~credit~0~25~25^c2~卡c2~~credit~0~10~20|nan,1000,,en,2026,5,10|
credit	xfer~%a~33.33~2026~0~1~_^exp~%a~100~2026~0~1~c1^exp~food~10~2026~5~10~_^exp~shop~25.5~2026~0~1~_^inc~rent~0.5~2026~0~1~a1^inc~zz~nan~2026~0~1~c1|c1~卡c1~~credit~0~15~10|_,0,food:30;zz:100;trans:0,en,2026,0,1|
credit	exp~%a~1~2026~0~1~c1^exp~trans~10~2026~5~11~_^exp~rent~33.33~2026~0~1~_^exp~zz~100~2026~5~11~_|c1~卡c1~Card c1~credit~-100~25~10^c2~卡c2~_~credit~0~10~10|100,0,%a:10;food:30;zz:30;2:10,en,2026,0,1|
insight	exp~shop~0~2025~11~31~_^exp~food~0~2026~5~25~_^exp~10~1~2026~5~25~c1^exp~shop~0~2026~5~25~a1^inc~trans~33.33~2026~5~25~c1^exp~10~nan~2026~5~25~c1||120,50,,zh,2026,5,25|
credit	exp~shop~0~2026~0~1~_|c1~卡c1~_~credit~100~15~25^c2~卡c2~_~credit~100~10~25|nan,20,shop:nan;zz:10;10:-1,en,2026,0,1|
credit	exp~rent~1~2026~5~11~_^inc~2~1~2026~5~11~a1^exp~trans~0~2026~5~10~a1|c1~卡c1~Card c1~credit~-100~10~20^c2~卡c2~Card c2~credit~0~10~_|120,50,2:-1;10:10;%a:100;food:30,zh,2026,5,11|%a:🐾:%b:Custom
credit	exp~rent~10~2026~1~28~_^exp~food~100~2026~5~10~a1^exp~food~100~2026~5~10~c1^exp~%a~0~2026~5~10~a1^exp~rent~1~2025~11~31~a1^exp~%a~25.5~2026~5~10~c1^exp~2~1~2026~0~1~a1|c1~卡c1~_~credit~0~10~_|0,50,rent:100;food:1;2:0;%a:0,en,2026,5,10|%a:🐾:%b:Custom
credit	exp~10~100~2026~5~10~c1^inc~shop~25.5~2025~11~31~c1^exp~rent~10~2026~5~10~a1^exp~shop~-5~2025~11~31~c1^exp~zz~0.5~2026~5~25~a1^inc~food~100~2025~11~31~a1^exp~%a~10~2025~11~31~c1|c1~卡c1~~credit~-100~10~25^c2~卡c2~Card c2~credit~100~25~_|-100,1000,food:10;zz:10;trans:0;%a:10,zh,2025,11,31|
credit	xfer~trans~nan~2026~5~25~_^exp~trans~10~2026~5~25~_^exp~%a~33.33~2026~5~11~_^exp~%a~100~2026~5~25~a1^inc~%a~0.5~2026~5~25~_^exp~food~1~2026~5~25~a1|c1~卡c1~Card c1~credit~100~25~_|1000,50,rent:-1;food:1;shop:30,en,2026,5,25|
insight	exp~%a~0.5~2026~1~28~_^inc~food~0.5~2026~1~28~_||0,20,,zh,2026,1,28|
insight	exp~zz~nan~2025~11~31~_^exp~food~0.5~2026~5~10~_^xfer~10~0.5~2025~11~31~c1^xfer~2~0.5~2026~5~10~c1^exp~food~nan~2026~5~10~c1||-100,50,%a:1;2:0;trans:1,zh,2026,5,10|rent:🐾:%a:Custom
insight	xfer~%a~1~2026~5~11~_^exp~trans~-5~2026~5~11~c1^exp~%a~nan~2025~11~31~c1^exp~trans~0.5~2026~5~11~a1||120,50,10:100;2:nan;%a:100,zh,2026,5,11|food:🐾:自定义:%d
credit	inc~shop~0~2026~0~1~c1^inc~2~1~2026~5~11~a1^xfer~trans~0~2026~5~11~c1^inc~2~1~2026~0~1~_|c1~卡c1~_~credit~0~10~_|nan,_,zz:1,en,2026,5,11|
credit	inc~zz~-5~2026~5~25~_^xfer~%a~10~2026~5~25~a1^exp~10~0.5~2026~1~28~_^exp~trans~10~2025~11~31~_^xfer~zz~1~2025~11~31~c1^exp~trans~100~2025~11~31~c1|c1~卡c1~~credit~100~25~20|0,_,food:-1;rent:1;trans:30;zz:0,zh,2026,5,25|
insight	exp~10~0~2026~5~10~a1^exp~food~100~2026~5~10~c1^inc~10~10~2026~5~11~a1^inc~%a~1~2026~5~10~_||120,20,,en,2026,5,10|
credit	inc~2~0~2026~5~25~c1^inc~trans~0.5~2026~5~25~c1^exp~shop~0.5~2026~5~11~a1^exp~zz~-5~2026~5~11~_^exp~zz~-5~2026~5~10~a1^exp~rent~33.33~2026~5~25~_^xfer~shop~1~2026~5~10~c1|c1~卡c1~~credit~100~10~20|120,0,,en,2026,5,25|
insight	exp~%a~0.5~2025~11~31~_^inc~10~nan~2026~5~11~a1^exp~trans~0.5~2026~5~11~c1^inc~zz~0.5~2026~5~10~c1||120,nan,rent:-1,zh,2026,5,11|
insight	exp~zz~33.33~2026~5~25~c1||-100,nan,,zh,2026,5,25|
insight	exp~food~100~2026~5~11~_^xfer~10~25.5~2026~5~25~c1^exp~zz~1~2026~1~28~c1^xfer~zz~nan~2026~1~28~_||_,0,food:0;zz:nan,zh,2026,1,28|
insight	exp~10~10~2026~0~1~c1^inc~trans~-5~2026~0~1~c1^exp~10~25.5~2026~0~1~c1^exp~%a~0.5~2026~5~11~a1^exp~10~-5~2026~0~1~_||0,50,zz:0;trans:-1;10:0;2:nan,en,2026,0,1|
insight	||100,nan,2:100;rent:100,zh,2026,1,28|rent:🐾:%a:%d
credit	exp~2~100~2026~0~1~_^exp~shop~1~2025~11~31~_^exp~shop~100~2026~5~25~c1^inc~trans~100~2025~11~31~_^exp~2~100~2025~11~31~c1^exp~2~1~2026~0~1~_^exp~zz~25.5~2026~0~1~_^exp~10~0.5~2026~5~10~c1|c1~卡c1~~credit~-100~10~20^c2~卡c2~Card c2~credit~100~25~20|_,nan,2:0;rent:1;shop:-1,zh,2025,11,31|food:🐾:%b:Custom
insight	inc~food~-5~2026~5~25~a1^inc~10~100~2026~5~11~a1^exp~food~-5~2025~11~31~_^xfer~zz~nan~2025~11~31~c1^inc~zz~100~2026~5~11~c1^inc~%a~0.5~2025~11~31~a1||100,0,10:nan;trans:nan;food:10;rent:0,zh,2025,11,31|
insight	exp~shop~100~2026~5~25~c1^exp~rent~0.5~2026~5~25~c1||-100,_,food:-1;trans:-1;%a:nan;shop:0,zh,2026,5,25|
insight	inc~shop~10~2025~11~31~c1^xfer~food~25.5~2026~1~28~c1^exp~trans~nan~2026~1~28~_^exp~trans~nan~2026~1~28~a1||120,0,shop:-1;10:nan;trans:30,en,2026,1,28|
insight	inc~trans~33.33~2026~5~25~a1^exp~food~25.5~2026~5~25~c1^xfer~rent~-5~2026~5~25~_^xfer~%a~25.5~2026~5~25~c1^exp~2~0.5~2026~5~25~_^exp~zz~nan~2026~5~25~c1^exp~zz~10~2026~5~25~c1||100,50,zz:30,zh,2026,5,25|
insight	xfer~trans~0~2026~0~1~a1^exp~shop~10~2026~0~1~_^exp~food~0~2026~5~11~_^exp~zz~0~2026~0~1~a1^xfer~2~1~2026~0~1~_^exp~10~nan~2026~0~1~a1||_,1000,,zh,2026,0,1|
insight	exp~trans~100~2026~5~11~c1||_,nan,2:100;trans:100,en,2026,0,1|
credit	exp~zz~nan~2026~0~1~c1^exp~2~-5~2026~5~25~_^exp~trans~1~2026~0~1~a1|c1~卡c1~~credit~0~15~10|-100,nan,,zh,2026,0,1|2:🐾:%a:%a
insight	exp~shop~10~2026~5~10~_^xfer~10~1~2026~1~28~_^exp~10~0.5~2026~5~10~a1^exp~zz~0.5~2026~5~10~_||100,nan,shop:-1;2:0,zh,2026,5,10|
credit	exp~10~-5~2026~1~28~a1^xfer~rent~-5~2025~11~31~_^exp~rent~0~2026~5~11~_^xfer~trans~-5~2025~11~31~a1^exp~rent~-5~2026~5~25~a1^xfer~10~100~2025~11~31~c1^exp~rent~-5~2025~11~31~_^inc~rent~-5~2025~11~31~a1|c1~卡c1~_~credit~0~10~10^c2~卡c2~_~credit~-100~25~20|100,nan,trans:-1;zz:100,zh,2025,11,31|
credit	exp~zz~-5~2026~5~10~c1^exp~10~nan~2026~5~10~a1^inc~%a~33.33~2026~5~10~_^exp~%a~0.5~2026~5~10~a1^inc~trans~0.5~2026~5~10~a1^exp~trans~100~2026~5~10~a1^exp~2~25.5~2026~5~10~_|c1~卡c1~_~credit~0~10~10^c2~卡c2~~credit~0~15~25|1000,50,10:-1;rent:100,en,2026,5,10|
insight	exp~10~nan~2026~0~1~_^exp~zz~0.5~2026~5~10~_^inc~2~25.5~2025~11~31~a1^inc~trans~0.5~2026~5~11~c1^exp~2~nan~2026~0~1~a1^exp~2~1~2026~0~1~a1||120,20,10:100;%a:1;rent:1;food:30,en,2026,0,1|
credit	exp~10~-5~2026~5~25~a1^exp~rent~0~2025~11~31~c1^xfer~trans~25.5~2025~11~31~a1|c1~卡c1~_~credit~100~15~_|0,nan,shop:0;rent:1;food:10,en,2025,11,31|
insight	exp~food~0~2026~5~10~_^exp~10~100~2026~5~10~c1^exp~rent~1~2026~5~10~a1^exp~2~100~2026~5~11~c1^xfer~10~33.33~2026~5~11~a1^xfer~2~0~2026~5~10~_^inc~trans~0.5~2026~1~28~_^exp~2~-5~2026~5~10~_||120,20,10:nan;2:-1,zh,2026,5,10|
insight	exp~trans~100~2026~1~28~_^xfer~rent~0.5~2026~1~28~a1^exp~%a~100~2026~1~28~c1||1000,50,2:0;trans:1;shop:100;10:nan,en,2026,1,28|shop:🐾:%b:Custom
insight	exp~10~100~2025~11~31~c1^inc~shop~33.33~2026~5~11~_||nan,1000,rent:1;%a:nan;2:1,zh,2025,11,31|
credit	exp~food~1~2026~1~28~c1^exp~food~10~2025~11~31~_^exp~trans~-5~2025~11~31~a1^xfer~shop~0~2025~11~31~c1^exp~trans~10~2026~1~28~a1^exp~food~0~2026~5~25~_|c1~卡c1~_~credit~-100~10~_^c2~卡c2~~credit~0~25~10|120,0,,en,2025,11,31|
insight	inc~food~0~2026~0~1~a1^exp~zz~0.5~2026~0~1~c1||0,nan,2:-1,zh,2026,0,1|
credit	exp~rent~33.33~2026~5~11~_^xfer~2~10~2026~1~28~c1^exp~shop~10~2026~5~11~c1^exp~10~0.5~2026~1~28~c1^exp~shop~-5~2026~1~28~_^xfer~2~25.5~2026~1~28~_^inc~zz~33.33~2025~11~31~_|c1~卡c1~_~credit~-100~25~_|100,1000,food:nan,en,2026,1,28|
insight	exp~2~0.5~2025~11~31~c1^xfer~trans~nan~2025~11~31~_^exp~zz~-5~2025~11~31~c1||100,nan,shop:100,zh,2025,11,31|
insight	exp~shop~25.5~2026~5~25~a1^exp~trans~0.5~2026~1~28~_^exp~food~25.5~2026~0~1~a1^exp~rent~10~2026~5~11~a1||1000,20,10:1;shop:-1,en,2026,5,11|shop:🐾:自定义:%d
credit	exp~trans~0.5~2026~0~1~a1|c1~卡c1~~credit~100~10~25|-100,50,zz:0;%a:100;10:-1;rent:100,zh,2026,0,1|
credit	exp~10~-5~2026~1~28~a1|c1~卡c1~_~credit~-100~25~_^c2~卡c2~~credit~-100~25~20|-100,50,10:1,zh,2026,1,28|trans:🐾:自定义:%d
insight	exp~2~-5~2026~5~10~c1^exp~rent~0~2026~0~1~a1^exp~rent~-5~2026~5~10~c1^exp~%a~0.5~2026~5~10~a1^exp~trans~1~2025~11~31~a1^xfer~%a~100~2026~5~10~c1^exp~2~1~2026~5~10~c1^exp~food~100~2026~5~10~a1||1000,0,,en,2026,5,10|
insight	||-100,20,10:-1;2:10,zh,2026,5,10|
insight	exp~rent~1~2025~11~31~c1^exp~food~nan~2026~1~28~a1^inc~%a~25.5~2025~11~31~a1^exp~10~nan~2026~0~1~a1^xfer~food~nan~2025~11~31~_^exp~trans~25.5~2025~11~31~c1^xfer~10~-5~2025~11~31~a1||1000,1000,,zh,2025,11,31|
insight	xfer~food~10~2026~5~11~c1||-100,nan,,en,2026,5,11|
insight	exp~trans~nan~2026~5~11~c1^exp~food~0~2026~5~11~c1^exp~zz~nan~2026~5~11~_^xfer~%a~100~2026~5~11~c1||100,50,food:10;trans:-1;2:1;rent:-1,zh,2026,5,11|
insight	exp~food~0.5~2026~5~10~_^xfer~trans~100~2026~5~25~_^inc~food~-5~2026~5~11~c1^exp~2~-5~2026~5~11~c1||0,50,trans:-1;zz:30;food:100,zh,2026,5,11|
insight	||_,nan,zz:-1;rent:10,zh,2026,5,10|
insight	||nan,50,zz:10;food:30,zh,2026,1,28|rent:🐾:%b:Custom
insight	inc~10~0.5~2025~11~31~c1^exp~2~-5~2026~0~1~c1^inc~10~100~2026~0~1~a1||-100,20,shop:1,zh,2026,0,1|
insight	xfer~shop~25.5~2025~11~31~_^xfer~%a~0~2026~0~1~a1^exp~2~-5~2026~0~1~c1^exp~zz~10~2026~0~1~_||-100,_,,zh,2026,0,1|
credit	exp~shop~nan~2026~0~1~c1^exp~trans~33.33~2026~1~28~c1^exp~10~0~2026~0~1~a1^exp~rent~1~2026~0~1~c1^exp~10~-5~2026~0~1~_^exp~food~0~2026~0~1~_^xfer~shop~-5~2026~0~1~a1^inc~food~-5~2026~0~1~_|c1~卡c1~~credit~-100~10~25|_,50,food:30,zh,2026,0,1|
insight	exp~rent~nan~2026~5~11~c1^exp~10~-5~2025~11~31~_^exp~%a~0~2026~5~11~c1||0,50,rent:30;10:30;zz:1,zh,2026,5,11|
insight	inc~rent~100~2026~5~25~a1^exp~food~25.5~2025~11~31~a1^exp~10~nan~2025~11~31~_||120,0,2:1;zz:100,zh,2026,5,11|
insight	exp~shop~-5~2026~5~25~a1^exp~%a~1~2026~5~11~a1^xfer~shop~1~2026~5~10~c1^exp~trans~10~2026~5~10~_^exp~trans~33.33~2026~5~10~_^inc~shop~10~2026~5~10~a1^exp~10~-5~2026~5~11~a1^exp~food~nan~2026~5~10~a1||-100,nan,food:1;rent:10,zh,2026,5,10|
credit	exp~rent~1~2026~0~1~_^exp~food~33.33~2026~5~11~a1^exp~zz~25.5~2026~5~11~a1^exp~shop~25.5~2026~5~11~c1|c1~卡c1~Card c1~credit~-100~10~_|0,20,10:10,zh,2026,5,11|
insight	inc~%a~100~2026~5~25~_^exp~10~10~2026~5~25~a1^exp~trans~0.5~2026~5~25~a1^inc~rent~1~2026~5~25~_^exp~rent~25.5~2026~5~25~c1^exp~zz~1~2026~5~25~c1^exp~10~25.5~2026~5~25~_||100,_,trans:30;food:0;10:1,en,2026,5,25|
insight	exp~rent~0~2026~5~10~_^exp~10~-5~2026~1~28~_^exp~10~-5~2026~1~28~a1^inc~10~0~2026~1~28~_^exp~trans~-5~2026~1~28~a1^inc~food~33.33~2026~5~25~_^inc~2~-5~2026~1~28~a1||-100,0,food:10;shop:1,zh,2026,1,28|
insight	exp~shop~100~2026~1~28~c1^exp~rent~-5~2026~1~28~_^inc~shop~33.33~2026~1~28~a1^inc~2~0.5~2026~1~28~c1^exp~shop~10~2026~1~28~_^exp~rent~25.5~2026~1~28~a1^exp~10~nan~2026~1~28~a1^exp~10~33.33~2026~1~28~_||nan,nan,rent:100,en,2026,1,28|
insight	xfer~food~100~2025~11~31~_||120,1000,trans:-1;food:10;2:-1;10:-1,en,2025,11,31|
insight	xfer~10~nan~2026~5~10~c1^exp~trans~1~2026~5~10~_^exp~rent~100~2026~5~10~a1^exp~%a~33.33~2025~11~31~_^exp~trans~nan~2026~5~10~_||0,_,shop:10;food:10;rent:1;10:10,en,2026,5,10|
insight	xfer~rent~-5~2026~5~10~_^inc~10~25.5~2026~5~25~a1^exp~shop~10~2026~1~28~c1^exp~shop~1~2026~0~1~c1||120,nan,rent:-1;2:30;food:1,zh,2026,5,25|
insight	exp~shop~0~2026~5~11~_^exp~2~100~2025~11~31~a1^exp~shop~nan~2025~11~31~c1^exp~shop~-5~2026~5~11~_^inc~2~nan~2025~11~31~_^exp~10~nan~2025~11~31~c1^xfer~10~0.5~2026~0~1~c1^inc~%a~10~2025~11~31~_||_,50,food:100,zh,2025,11,31|trans:🐾:自定义:%a
insight	inc~10~100~2025~11~31~a1^inc~shop~33.33~2025~11~31~_^inc~%a~0.5~2025~11~31~c1^xfer~food~100~2025~11~31~c1^inc~zz~0~2026~5~25~a1^exp~shop~10~2026~5~11~a1^xfer~rent~1~2026~5~11~a1^exp~%a~10~2025~11~31~a1||nan,50,%a:10;shop:10;rent:100,zh,2025,11,31|
insight	exp~rent~10~2026~5~25~c1^xfer~10~0~2026~5~10~_^exp~food~0~2026~5~10~_^exp~trans~10~2026~5~10~_^inc~2~25.5~2026~5~10~_^exp~shop~-5~2026~5~10~_||1000,1000,2:nan;10:0;trans:0,zh,2026,5,10|10:🐾:%b:%d
credit	exp~rent~-5~2026~5~11~c1^exp~food~33.33~2026~0~1~_|c1~卡c1~Card c1~credit~0~15~25^c2~卡c2~~credit~-100~15~_|0,20,10:30;trans:-1;shop:10;zz:10,en,2026,5,11|
insight	inc~10~0.5~2026~0~1~_||100,0,shop:1,en,2026,0,1|food:🐾:自定义:%d
insight	exp~shop~0.5~2026~5~25~c1^xfer~10~10~2026~5~25~_^exp~shop~25.5~2026~0~1~a1^exp~%a~1~2026~1~28~c1^inc~rent~nan~2026~5~10~a1^exp~shop~-5~2026~5~25~c1||100,20,trans:100;2:10;shop:30,en,2026,5,25|shop:🐾:自定义:%a
credit	|c1~卡c1~Card c1~credit~0~15~_^c2~卡c2~~credit~-100~15~25|-100,1000,10:0,zh,2026,5,11|
insight	exp~%a~1~2026~1~28~c1^exp~food~1~2026~5~11~c1^exp~10~25.5~2026~0~1~a1^xfer~2~33.33~2025~11~31~_^exp~2~0~2026~1~28~c1^exp~trans~10~2026~0~1~a1^exp~zz~100~2026~0~1~a1^exp~2~33.33~2026~5~11~a1||-100,20,,zh,2026,0,1|
insight	xfer~%a~1~2026~5~11~c1^xfer~shop~0.5~2026~5~11~a1^exp~trans~1~2026~5~11~c1^exp~rent~nan~2026~5~10~a1^exp~trans~25.5~2026~5~11~c1^exp~shop~-5~2026~1~28~a1||-100,50,shop:10;%a:100,en,2026,5,11|%a:🐾:%a:%a
insight	exp~trans~25.5~2026~1~28~_^exp~zz~33.33~2026~5~25~a1||120,1000,trans:-1,zh,2026,5,25|2:🐾:%b:Custom
credit	exp~shop~10~2026~0~1~_|c1~卡c1~~credit~100~15~_^c2~卡c2~~credit~100~10~25|-100,50,,en,2026,5,25|
credit	inc~food~-5~2025~11~31~c1^exp~rent~0.5~2026~5~10~_^xfer~10~nan~2026~5~10~_^inc~10~0~2026~5~10~_^exp~shop~0.5~2026~5~10~c1^inc~shop~25.5~2026~5~10~a1|c1~卡c1~Card c1~credit~100~15~20|100,_,,en,2026,5,10|
insight	exp~zz~25.5~2025~11~31~a1||100,0,%a:nan,en,2025,11,31|%a:🐾:自定义:%a
credit	xfer~trans~33.33~2026~1~28~_^exp~2~25.5~2026~1~28~a1^exp~2~100~2025~11~31~_^exp~10~25.5~2026~5~11~a1^inc~%a~10~2026~1~28~a1^exp~10~33.33~2026~0~1~_^exp~%a~100~2026~1~28~c1^xfer~2~25.5~2026~0~1~c1|c1~卡c1~_~credit~0~25~25^c2~卡c2~~credit~0~10~20|nan,20,rent:10;shop:nan,zh,2026,1,28|
insight	xfer~10~nan~2026~5~25~c1^inc~2~25.5~2026~5~25~c1^exp~rent~nan~2026~5~25~_||1000,20,rent:-1,en,2026,5,25|
credit	inc~trans~100~2025~11~31~a1^exp~rent~33.33~2025~11~31~a1|c1~卡c1~_~credit~-100~10~20^c2~卡c2~_~credit~-100~10~_|nan,50,zz:1;%a:100;rent:10;shop:1,zh,2025,11,31|
insight	exp~trans~33.33~2026~5~11~c1^xfer~shop~0.5~2026~5~11~a1^exp~2~1~2026~5~25~c1^exp~food~-5~2026~5~11~c1||nan,50,10:30;%a:100;2:30;rent:30,en,2026,5,11|
insight	exp~10~-5~2026~1~28~c1^xfer~trans~nan~2026~1~28~c1^exp~shop~0~2026~1~28~_^inc~food~33.33~2026~1~28~a1^xfer~food~25.5~2026~1~28~c1||-100,nan,shop:nan,en,2026,1,28|
insight	exp~food~0.5~2025~11~31~_^exp~2~25.5~2025~11~31~c1^inc~shop~100~2025~11~31~a1^exp~zz~100~2025~11~31~a1^inc~food~0~2025~11~31~a1^exp~rent~100~2025~11~31~c1||100,20,rent:10,en,2025,11,31|2:🐾:%b:%a
insight	||nan,_,rent:1,zh,2026,1,28|2:🐾:%b:Custom
insight	inc~10~25.5~2026~5~11~a1^xfer~shop~0~2026~5~11~a1^inc~shop~-5~2026~5~11~c1^exp~%a~nan~2026~5~11~c1^exp~zz~0~2026~1~28~c1^exp~10~100~2025~11~31~c1||120,1000,10:-1;zz:0;2:0;food:100,zh,2026,5,11|
insight	exp~food~0.5~2026~1~28~a1^exp~zz~33.33~2026~5~10~c1^exp~%a~25.5~2026~1~28~a1^exp~food~0.5~2026~5~10~a1||_,20,food:0;trans:0;2:30,en,2026,1,28|
insight	exp~food~0.5~2026~5~10~_^exp~shop~nan~2026~5~10~_^exp~zz~33.33~2026~5~25~a1^exp~food~33.33~2026~5~10~_^inc~shop~10~2026~5~10~c1^xfer~2~-5~2026~5~10~c1^exp~10~10~2026~5~10~_||_,20,,en,2026,5,10|
insight	exp~food~25.5~2026~1~28~a1^exp~rent~0~2026~5~25~_^xfer~shop~nan~2026~5~11~_^exp~trans~25.5~2026~5~25~_||0,0,trans:1,zh,2026,1,28|
insight	||-100,1000,10:0;2:1,en,2026,5,11|
insight	xfer~trans~-5~2026~1~28~c1^exp~shop~-5~2026~5~25~_^exp~food~100~2026~0~1~a1^xfer~trans~25.5~2026~5~25~_^exp~10~10~2026~5~25~_^exp~shop~10~2026~5~25~c1^exp~%a~10~2026~0~1~c1||100,1000,%a:10;food:1;2:nan;rent:10,en,2026,5,25|
insight	exp~shop~10~2026~5~11~a1^inc~%a~100~2026~1~28~_^exp~10~10~2026~5~10~_^exp~shop~-5~2026~5~10~c1^exp~10~nan~2026~5~11~a1||nan,nan,,en,2026,1,28|%a:🐾:%a:Custom
insight	inc~2~nan~2026~5~11~c1||0,20,,zh,2026,5,10|
credit	exp~zz~10~2026~0~1~a1^inc~shop~-5~2026~0~1~c1^exp~trans~33.33~2026~1~28~c1^exp~10~33.33~2026~0~1~c1|c1~卡c1~Card c1~credit~-100~10~10^c2~卡c2~_~credit~100~25~25|120,0,food:10,en,2026,0,1|2:🐾:%b:%d
insight	exp~%a~25.5~2026~1~28~c1^inc~food~0~2026~1~28~c1^exp~2~25.5~2026~1~28~c1^exp~10~0~2026~0~1~_^exp~shop~25.5~2026~1~28~c1^exp~shop~0.5~2026~1~28~a1^exp~zz~1~2026~1~28~a1||120,_,trans:30;rent:1,en,2026,1,28|rent:🐾:%a:%d
insight	exp~zz~25.5~2026~5~25~a1^exp~zz~-5~2026~0~1~a1^exp~shop~0.5~2026~5~25~_||nan,50,,en,2026,5,25|
insight	exp~rent~25.5~2026~5~11~a1^exp~zz~0.5~2026~5~10~_^exp~rent~10~2026~5~10~_^exp~2~1~2026~0~1~_^exp~%a~1~2026~5~10~c1^exp~rent~nan~2025~11~31~c1^exp~shop~1~2026~5~10~c1^exp~zz~1~2026~0~1~c1||0,1000,food:-1,zh,2026,5,10|
insight	exp~food~-5~2026~5~11~_^exp~2~0~2026~1~28~a1^exp~%a~0.5~2025~11~31~_||120,20,rent:10;zz:1,en,2026,1,28|
insight	exp~zz~100~2026~5~10~a1^exp~%a~10~2026~5~10~c1^exp~zz~0~2026~5~10~_^inc~%a~10~2026~5~10~a1^exp~rent~10~2026~5~10~a1^exp~rent~10~2026~1~28~a1^exp~2~10~2026~5~10~a1||100,20,zz:-1;2:1;shop:30;food:100,zh,2026,5,10|
insight	||-100,nan,food:10;%a:10,zh,2026,5,25|
insight	exp~trans~-5~2026~1~28~c1^inc~2~-5~2026~5~25~_||100,_,trans:1,zh,2026,1,28|
credit	exp~trans~33.33~2026~5~10~c1^inc~food~0~2025~11~31~_^exp~2~nan~2026~0~1~_^exp~%a~100~2025~11~31~_^exp~10~0~2025~11~31~c1|c1~卡c1~_~credit~100~10~10|1000,1000,trans:-1;10:100,en,2025,11,31|
insight	xfer~zz~100~2026~5~25~a1^exp~2~100~2026~5~25~c1^xfer~2~33.33~2026~5~25~_^exp~zz~nan~2026~5~25~a1||1000,50,10:nan;rent:-1;2:nan;food:0,zh,2026,5,25|
insight	inc~trans~25.5~2025~11~31~_^exp~%a~10~2026~5~10~_^exp~zz~nan~2025~11~31~a1^exp~2~1~2025~11~31~_||0,1000,food:0;%a:nan,en,2025,11,31|
credit	inc~2~-5~2026~5~10~c1^exp~zz~1~2026~0~1~a1^exp~trans~0~2026~5~11~c1^inc~%a~nan~2026~5~10~_^exp~shop~100~2026~5~25~c1^exp~food~-5~2026~5~11~a1^exp~shop~-5~2026~5~11~a1|c1~卡c1~_~credit~-100~15~20|100,1000,,en,2026,5,11|
insight	exp~food~0~2025~11~31~c1^exp~food~33.33~2025~11~31~_^exp~10~0~2026~0~1~_^xfer~food~100~2026~0~1~_^exp~shop~0.5~2026~0~1~c1^exp~2~0~2025~11~31~c1^exp~trans~0.5~2026~5~25~c1^exp~rent~10~2026~0~1~a1||_,20,10:0,zh,2026,0,1|
insight	exp~%a~-5~2025~11~31~a1^exp~10~0~2025~11~31~_^exp~2~nan~2026~1~28~c1^xfer~shop~1~2025~11~31~a1^inc~2~1~2026~5~25~a1^exp~%a~100~2026~5~25~c1^exp~zz~-5~2025~11~31~c1^xfer~shop~nan~2026~5~11~_||100,50,shop:10;zz:-1;food:nan,zh,2025,11,31|
insight	xfer~trans~100~2026~5~11~_^exp~%a~10~2026~5~25~a1^exp~2~-5~2026~5~25~a1^exp~2~10~2026~0~1~a1^xfer~%a~0~2026~5~25~c1^exp~trans~nan~2026~0~1~c1^exp~zz~100~2026~5~25~_||0,50,%a:100,zh,2026,5,25|
credit	exp~trans~10~2026~5~11~a1^inc~trans~25.5~2026~5~11~_^xfer~zz~33.33~2026~0~1~_|c1~卡c1~_~credit~0~10~10|120,20,%a:1;trans:-1;shop:100;food:1,zh,2026,5,11|
insight	||-100,0,zz:0,zh,2025,11,31|
credit	xfer~zz~25.5~2026~5~11~_^xfer~2~0.5~2025~11~31~_|c1~卡c1~~credit~0~10~20|0,_,trans:0;2:nan;%a:30,zh,2026,5,25|
insight	exp~10~10~2026~5~10~_^exp~%a~10~2026~5~10~a1^inc~rent~1~2026~1~28~c1||-100,20,shop:1;2:nan,zh,2026,5,10|zz:🐾:%b:%a
insight	||_,50,food:30;rent:nan,en,2026,5,25|
insight	inc~10~25.5~2026~0~1~c1^exp~trans~0~2026~0~1~c1^exp~10~0~2026~0~1~c1^exp~food~-5~2026~0~1~a1||0,_,%a:1;shop:-1;2:nan;trans:nan,zh,2026,0,1|
insight	exp~2~0~2026~5~25~a1^exp~%a~1~2026~5~25~c1^inc~rent~nan~2026~5~25~_^inc~shop~1~2026~5~25~_^exp~%a~1~2026~5~10~a1^xfer~rent~nan~2026~5~25~a1^exp~zz~100~2026~5~25~c1^exp~trans~10~2026~5~11~a1||120,20,10:nan,en,2026,5,25|
insight	exp~trans~0~2026~5~10~c1^exp~trans~1~2026~5~10~_||100,_,shop:1;food:10;%a:100,en,2026,5,10|
insight	exp~shop~nan~2025~11~31~a1^inc~shop~0.5~2026~0~1~_^exp~food~nan~2026~5~11~a1||-100,_,shop:1,en,2025,11,31|
insight	exp~2~10~2026~5~11~a1^exp~trans~33.33~2026~5~11~_^inc~2~0~2026~5~11~_^exp~food~10~2026~5~11~c1^inc~%a~nan~2026~5~11~_^exp~zz~25.5~2026~5~11~a1||120,20,%a:0,zh,2026,5,11|
insight	exp~2~1~2026~5~11~a1||0,_,shop:nan,zh,2026,1,28|
credit	xfer~10~0~2026~5~10~c1^xfer~food~33.33~2025~11~31~a1^exp~2~25.5~2026~5~10~c1^xfer~rent~0~2026~5~10~_^exp~shop~0.5~2026~5~10~c1|c1~卡c1~Card c1~credit~100~10~_^c2~卡c2~~credit~-100~25~_|_,50,zz:-1;food:-1,en,2026,5,10|
insight	exp~rent~0.5~2026~5~11~_||_,_,,en,2026,5,11|shop:🐾:%a:%d
insight	exp~2~nan~2026~0~1~c1^exp~rent~0~2026~0~1~c1^exp~zz~25.5~2026~0~1~a1^exp~trans~10~2026~0~1~a1||120,50,%a:10;rent:100,zh,2026,0,1|shop:🐾:%a:Custom
credit	exp~shop~10~2026~5~10~a1^inc~2~1~2026~5~10~_|c1~卡c1~~credit~100~25~_|nan,1000,trans:10;shop:0;food:10;2:0,zh,2026,5,10|
insight	exp~shop~33.33~2026~5~11~c1^inc~trans~1~2026~5~25~a1^inc~rent~0.5~2026~0~1~a1^xfer~rent~10~2026~0~1~a1^exp~food~100~2025~11~31~_^inc~shop~-5~2026~0~1~_^exp~shop~100~2025~11~31~a1^xfer~trans~0.5~2026~5~10~a1||_,nan,2:-1;zz:0;food:-1;10:100,en,2026,0,1|
insight	||-100,0,10:30,en,2026,5,11|
insight	exp~shop~-5~2026~1~28~_^xfer~trans~0~2026~5~11~_^exp~zz~1~2026~5~11~c1^exp~shop~1~2026~1~28~c1^inc~trans~nan~2026~1~28~a1^xfer~rent~1~2026~5~11~_||nan,nan,food:10,en,2026,1,28|
insight	exp~rent~100~2026~5~25~_||120,0,trans:10;shop:1,zh,2026,5,25|
insight	exp~%a~33.33~2026~5~25~_^exp~shop~0~2026~5~25~_^xfer~%a~-5~2026~0~1~c1^exp~10~100~2026~5~11~c1||1000,20,%a:nan;zz:nan;shop:nan;2:100,en,2026,5,25|
insight	inc~trans~25.5~2026~5~10~c1^exp~%a~1~2026~5~10~_^exp~shop~1~2026~5~10~c1^xfer~shop~25.5~2026~5~10~c1^exp~zz~nan~2025~11~31~_^xfer~2~10~2026~5~10~a1^exp~food~0~2026~5~10~c1^inc~shop~-5~2026~0~1~a1||100,50,,en,2026,5,10|
credit	inc~shop~1~2026~0~1~a1^xfer~%a~0.5~2026~0~1~a1^exp~zz~1~2026~5~25~a1^exp~food~nan~2026~0~1~c1^xfer~%a~33.33~2026~5~11~_^inc~trans~10~2026~0~1~a1^xfer~2~33.33~2026~0~1~a1^xfer~2~nan~2026~0~1~a1|c1~卡c1~Card c1~credit~100~25~10|_,20,rent:10;trans:10;food:0,en,2026,0,1|
insight	exp~shop~0.5~2026~0~1~a1^exp~%a~0~2026~0~1~c1^xfer~10~nan~2026~0~1~_||1000,1000,zz:10,en,2026,0,1|
insight	exp~10~-5~2025~11~31~c1||_,nan,rent:1,zh,2026,5,10|
insight	exp~food~-5~2026~0~1~a1^inc~10~25.5~2026~0~1~c1^xfer~zz~33.33~2026~1~28~c1^exp~10~100~2026~1~28~c1^exp~10~1~2026~0~1~_^inc~rent~0.5~2026~5~11~_||100,1000,trans:-1;10:30;2:1,en,2026,0,1|
credit	exp~trans~25.5~2025~11~31~a1^xfer~shop~25.5~2026~1~28~a1^exp~2~100~2026~1~28~_|c1~卡c1~_~credit~-100~10~_|-100,1000,food:0;2:30;trans:0,zh,2026,1,28|
insight	exp~2~-5~2026~5~11~c1||100,1000,food:30;shop:1;10:0,en,2026,5,11|%a:🐾:%a:%d
insight	inc~2~100~2026~5~11~a1^exp~2~1~2026~1~28~a1||_,1000,trans:0,zh,2025,11,31|
insight	exp~10~-5~2025~11~31~_^exp~trans~-5~2025~11~31~a1^exp~shop~0~2025~11~31~c1^exp~rent~1~2025~11~31~a1^xfer~trans~-5~2025~11~31~c1^exp~trans~0~2025~11~31~c1^exp~%a~25.5~2025~11~31~_||1000,nan,10:30;zz:1;%a:0;trans:0,zh,2025,11,31|
insight	exp~zz~nan~2026~0~1~_^exp~rent~33.33~2026~5~11~_||1000,nan,rent:1,zh,2026,0,1|
credit	exp~10~0~2026~0~1~a1^inc~zz~-5~2026~0~1~c1^exp~rent~0.5~2026~0~1~_^exp~trans~10~2026~1~28~c1|c1~卡c1~_~credit~100~10~25^c2~卡c2~~credit~-100~25~10|100,1000,trans:-1;10:0;rent:-1;2:nan,zh,2026,0,1|
credit	exp~10~33.33~2025~11~31~a1^xfer~2~33.33~2026~5~25~_|c1~卡c1~Card c1~credit~100~25~_^c2~卡c2~~credit~0~25~10|_,nan,%a:0,zh,2025,11,31|shop:🐾:自定义:%a
insight	inc~10~33.33~2026~5~25~c1^inc~%a~10~2026~0~1~c1^exp~trans~33.33~2026~0~1~a1^xfer~trans~0~2026~1~28~a1||_,20,2:0;rent:10;10:0,en,2026,0,1|zz:🐾:自定义:%d
insight	exp~rent~-5~2026~5~10~_^exp~zz~1~2026~5~25~c1||1000,50,2:1;shop:nan;10:100;food:nan,zh,2026,5,10|zz:🐾:%a:%a
insight	exp~%a~1~2026~5~11~a1^xfer~rent~25.5~2026~0~1~_^exp~food~33.33~2026~5~11~_^exp~food~nan~2026~5~25~a1||0,_,rent:1;zz:nan;2:1,zh,2026,5,11|food:🐾:%a:Custom
insight	inc~10~nan~2026~5~25~c1^xfer~2~25.5~2026~5~25~_^exp~10~-5~2026~5~25~c1^xfer~2~25.5~2026~5~25~a1^xfer~food~33.33~2025~11~31~_^xfer~2~33.33~2026~5~25~c1||0,1000,trans:1,zh,2026,5,25|
insight	exp~%a~-5~2026~5~25~a1^exp~zz~10~2025~11~31~c1^exp~food~0.5~2026~1~28~_||-100,nan,2:10;rent:-1;zz:1;10:10,zh,2025,11,31|
insight	||0,20,,zh,2025,11,31|trans:🐾:%b:Custom
credit	xfer~2~33.33~2025~11~31~a1^inc~food~10~2026~5~25~c1^exp~2~10~2026~5~25~_^exp~food~100~2026~5~25~_^inc~2~10~2026~5~25~_^exp~rent~-5~2026~5~25~c1|c1~卡c1~~credit~100~25~20^c2~卡c2~~credit~0~25~25|120,50,shop:1,en,2026,5,25|
insight	exp~rent~25.5~2026~5~25~c1^exp~%a~0.5~2025~11~31~c1||120,50,food:0;10:30,zh,2026,5,25|shop:🐾:%b:Custom
insight	exp~shop~25.5~2026~1~28~a1^exp~shop~10~2026~1~28~c1^xfer~shop~33.33~2026~1~28~a1^exp~shop~0~2026~1~28~a1^exp~2~33.33~2026~1~28~c1||0,1000,trans:100,en,2026,1,28|shop:🐾:自定义:%a
insight	inc~rent~0~2026~5~10~c1^exp~2~33.33~2026~0~1~a1^exp~zz~1~2026~1~28~c1^exp~rent~33.33~2026~1~28~a1||nan,20,%a:30;zz:100,zh,2026,1,28|
insight	exp~%a~10~2026~5~25~_||1000,1000,,zh,2026,1,28|
insight	inc~2~25.5~2025~11~31~_^exp~food~33.33~2025~11~31~c1^exp~%a~25.5~2025~11~31~a1^exp~food~nan~2025~11~31~_^exp~%a~nan~2025~11~31~c1||1000,20,rent:-1;zz:100,zh,2025,11,31|2:🐾:自定义:%d
insight	||-100,0,,zh,2026,5,25|
insight	exp~shop~33.33~2026~0~1~_^exp~10~1~2026~1~28~c1^inc~2~25.5~2026~1~28~a1^exp~food~10~2026~0~1~c1^exp~shop~0~2025~11~31~a1^exp~trans~10~2026~5~11~_||0,_,%a:30,zh,2026,0,1|
insight	exp~trans~0~2025~11~31~_^inc~shop~nan~2026~5~11~c1^exp~shop~33.33~2026~1~28~a1^exp~2~nan~2025~11~31~_^xfer~2~25.5~2026~5~11~_||100,50,2:nan;10:-1,zh,2026,5,11|
insight	xfer~rent~10~2025~11~31~a1^exp~%a~25.5~2025~11~31~a1^exp~food~10~2026~5~11~a1^inc~zz~-5~2025~11~31~_^exp~zz~nan~2025~11~31~c1||_,50,%a:30,en,2025,11,31|
insight	exp~10~10~2026~5~10~c1^exp~zz~0~2026~5~10~_||0,50,10:-1;shop:100;2:0;trans:10,en,2026,5,10|
credit	exp~shop~0~2025~11~31~a1^inc~rent~0.5~2025~11~31~_^exp~%a~nan~2025~11~31~a1|c1~卡c1~_~credit~-100~15~20^c2~卡c2~~credit~100~25~20|100,0,trans:1,zh,2025,11,31|
insight	||nan,_,zz:30;food:0;shop:0,en,2026,0,1|%a:🐾:自定义:Custom
insight	inc~zz~1~2026~0~1~_^inc~2~25.5~2026~5~25~c1^xfer~zz~nan~2026~0~1~_^exp~shop~0~2026~0~1~c1^inc~10~0~2026~0~1~c1^exp~%a~33.33~2026~0~1~a1^xfer~%a~100~2026~0~1~_^exp~2~100~2026~5~25~c1||_,50,rent:10;shop:-1;10:30;food:10,zh,2026,0,1|
credit	exp~%a~0.5~2026~5~10~_^inc~2~33.33~2026~1~28~_^exp~zz~0~2026~5~25~c1^exp~2~0~2025~11~31~a1^xfer~2~33.33~2026~1~28~_^inc~rent~10~2025~11~31~c1^xfer~shop~10~2026~1~28~_|c1~卡c1~~credit~0~25~10^c2~卡c2~~credit~100~15~10|0,nan,shop:1;2:1,en,2026,1,28|
insight	exp~food~nan~2026~5~10~c1^exp~shop~33.33~2026~1~28~c1^exp~shop~1~2026~1~28~c1||_,nan,10:0;trans:10,zh,2026,1,28|trans:🐾:%b:%a
insight	exp~shop~33.33~2026~0~1~c1^exp~%a~100~2026~0~1~a1||100,0,%a:30,zh,2026,0,1|
credit	exp~food~25.5~2025~11~31~c1^inc~zz~0~2026~5~25~c1^xfer~rent~25.5~2026~5~10~c1^exp~2~1~2026~5~25~_^exp~10~33.33~2026~5~25~a1|c1~卡c1~Card c1~credit~-100~15~25^c2~卡c2~~credit~0~10~25|1000,20,,zh,2026,5,25|rent:🐾:%a:Custom
credit	exp~shop~25.5~2026~1~28~c1^exp~food~1~2026~5~25~_^exp~10~-5~2026~5~25~c1^exp~food~1~2026~1~28~_^exp~shop~1~2026~1~28~a1|c1~卡c1~_~credit~100~10~20^c2~卡c2~Card c2~credit~0~15~_|1000,nan,2:-1;zz:-1;trans:100;food:10,en,2026,1,28|10:🐾:%b:%d
insight	exp~food~10~2025~11~31~c1^exp~10~0~2025~11~31~_^exp~trans~25.5~2026~0~1~a1||100,_,%a:10,zh,2026,0,1|zz:🐾:自定义:Custom
insight	exp~zz~0.5~2026~5~11~_^exp~2~0~2026~5~11~a1^exp~10~0~2026~5~25~a1^exp~zz~25.5~2026~5~11~c1^xfer~2~100~2025~11~31~a1||nan,20,10:0;%a:-1,en,2026,5,11|
insight	exp~2~-5~2026~5~10~a1||120,_,%a:10;zz:0;shop:0;2:30,zh,2026,5,10|trans:🐾:%a:Custom
credit	xfer~2~10~2026~5~11~c1^exp~10~1~2026~5~25~_^xfer~shop~0~2025~11~31~_^exp~food~-5~2026~5~10~c1^inc~trans~1~2026~5~10~_^exp~%a~0.5~2026~5~10~a1^inc~trans~10~2026~5~10~a1^exp~food~33.33~2026~1~28~_|c1~卡c1~Card c1~credit~-100~15~10^c2~卡c2~Card c2~credit~0~15~25|_,20,,zh,2026,5,10|
insight	exp~2~0.5~2026~5~25~a1^exp~trans~0.5~2026~1~28~a1||1000,1000,,en,2026,1,28|%a:🐾:%b:Custom
insight	exp~food~0.5~2026~5~25~_||1000,nan,rent:10;shop:0;%a:30;trans:-1,en,2026,5,25|%a:🐾:%b:%a
credit	xfer~2~33.33~2026~0~1~_^exp~10~-5~2026~0~1~a1^xfer~10~0~2026~0~1~_^exp~food~25.5~2026~0~1~a1^inc~10~nan~2026~0~1~c1^exp~zz~1~2026~0~1~_|c1~卡c1~_~credit~-100~25~_|1000,50,food:0;shop:0,zh,2026,0,1|
insight	||1000,1000,,zh,2026,0,1|
insight	inc~%a~-5~2026~1~28~_^exp~zz~25.5~2026~0~1~c1||-100,0,,en,2026,0,1|
insight	exp~trans~33.33~2026~5~25~a1^exp~%a~0.5~2026~5~25~a1^xfer~trans~-5~2026~5~25~_^xfer~rent~nan~2026~5~25~a1^exp~%a~0~2026~5~25~a1^inc~10~0~2026~0~1~a1^exp~shop~-5~2026~5~25~c1||0,0,,en,2026,5,25|zz:🐾:自定义:%d
credit	xfer~shop~nan~2026~5~11~c1^exp~shop~-5~2025~11~31~_|c1~卡c1~~credit~100~15~25|nan,nan,rent:10;%a:100,en,2025,11,31|rent:🐾:%a:Custom
credit	exp~shop~nan~2026~0~1~a1^exp~trans~10~2026~1~28~a1^exp~zz~25.5~2026~1~28~a1^xfer~rent~nan~2026~1~28~_^exp~trans~25.5~2026~1~28~a1^inc~zz~100~2026~1~28~a1^exp~shop~nan~2026~5~11~_|c1~卡c1~Card c1~credit~-100~15~_^c2~卡c2~~credit~0~25~_|0,50,shop:100;zz:0,en,2026,1,28|food:🐾:%b:Custom
credit	exp~food~1~2026~5~10~a1^exp~%a~10~2026~5~11~c1^xfer~shop~25.5~2026~5~11~a1^exp~food~10~2026~5~11~a1^exp~food~33.33~2026~5~11~_^exp~trans~0~2026~5~11~_^exp~%a~1~2026~5~11~a1^exp~10~nan~2026~5~11~c1|c1~卡c1~~credit~100~10~20^c2~卡c2~~credit~100~25~25|0,nan,,en,2026,5,11|
insight	||-100,0,%a:nan,zh,2025,11,31|
insight	exp~%a~1~2026~5~10~_^inc~rent~nan~2026~0~1~a1^exp~%a~1~2026~0~1~_^exp~food~33.33~2026~0~1~_^xfer~%a~nan~2026~0~1~a1^xfer~2~10~2026~0~1~a1||-100,50,shop:10;10:30;trans:-1;zz:10,en,2026,0,1|shop:🐾:%b:%d
insight	xfer~food~0~2025~11~31~c1^inc~2~0~2025~11~31~a1^xfer~2~0~2026~5~25~_^exp~10~33.33~2026~5~25~_^exp~%a~100~2025~11~31~c1^xfer~trans~-5~2025~11~31~_^exp~rent~0~2025~11~31~a1^exp~zz~100~2025~11~31~c1||0,1000,,en,2025,11,31|
credit	exp~shop~33.33~2026~0~1~a1^exp~10~0~2026~5~11~a1^inc~rent~-5~2025~11~31~a1^exp~10~25.5~2026~1~28~c1^inc~trans~33.33~2025~11~31~_^exp~10~nan~2025~11~31~a1|c1~卡c1~Card c1~credit~0~25~10|120,20,,en,2025,11,31|
insight	exp~food~nan~2026~1~28~_^exp~zz~33.33~2026~0~1~_^xfer~2~100~2026~1~28~_^xfer~food~nan~2026~1~28~a1^exp~2~100~2026~1~28~c1^inc~shop~10~2026~5~25~c1||-100,nan,zz:10;%a:-1;shop:nan;trans:nan,zh,2026,1,28|10:🐾:%b:Custom
insight	inc~zz~25.5~2026~1~28~a1^exp~trans~33.33~2026~1~28~c1^exp~2~1~2026~5~10~c1^exp~rent~nan~2026~1~28~_^exp~trans~10~2026~5~10~a1||_,nan,rent:-1;zz:1;trans:10;%a:10,en,2026,1,28|
insight	inc~food~100~2026~5~25~c1^inc~rent~nan~2025~11~31~c1^xfer~trans~25.5~2026~5~25~_||120,20,10:0;trans:100;shop:10,en,2026,5,25|
insight	exp~trans~33.33~2026~5~11~_^exp~zz~25.5~2026~0~1~_^exp~food~1~2026~5~25~a1^exp~rent~0.5~2026~5~25~c1^xfer~food~nan~2026~1~28~_^exp~shop~33.33~2025~11~31~c1||120,1000,food:-1,zh,2026,5,25|
insight	||120,0,shop:10,zh,2026,1,28|rent:🐾:自定义:%d
credit	inc~2~33.33~2026~5~11~a1^exp~trans~0~2026~0~1~c1^xfer~2~1~2026~0~1~a1^exp~%a~0~2025~11~31~c1^inc~10~33.33~2026~5~10~c1^exp~food~1~2025~11~31~c1^xfer~10~1~2026~5~10~a1|c1~卡c1~~credit~100~10~25|1000,20,,zh,2025,11,31|trans:🐾:自定义:%d
insight	exp~food~0~2026~5~10~c1^inc~shop~25.5~2026~5~25~a1||nan,_,%a:nan;trans:1,zh,2026,5,25|
insight	xfer~2~100~2026~0~1~_^exp~food~100~2026~5~11~a1^xfer~shop~10~2026~1~28~_^exp~food~-5~2026~1~28~a1^exp~trans~nan~2025~11~31~_^xfer~rent~nan~2026~1~28~a1^exp~%a~0.5~2026~5~11~c1||120,nan,,zh,2026,1,28|
insight	exp~%a~25.5~2025~11~31~_||-100,1000,food:nan,zh,2026,5,10|
insight	xfer~%a~1~2026~0~1~_^exp~shop~33.33~2026~0~1~a1^exp~10~nan~2026~5~25~a1^exp~10~0.5~2026~0~1~c1^xfer~10~33.33~2026~5~25~a1^exp~shop~1~2026~0~1~c1||_,_,10:30;2:nan;rent:1,zh,2026,0,1|
insight	exp~10~100~2026~0~1~_^exp~rent~nan~2026~0~1~_^exp~%a~-5~2026~0~1~a1^exp~%a~0~2026~0~1~_||100,20,food:100;rent:1;shop:1;zz:30,zh,2026,0,1|
insight	exp~2~0.5~2025~11~31~_^exp~%a~100~2026~5~11~a1^exp~2~0.5~2026~1~28~c1^exp~%a~-5~2026~5~11~a1^exp~rent~-5~2026~5~11~_||1000,_,trans:30,en,2026,5,11|
credit	exp~food~100~2025~11~31~c1^exp~%a~nan~2025~11~31~a1^exp~zz~nan~2025~11~31~c1^xfer~shop~nan~2026~1~28~c1^xfer~10~nan~2026~1~28~_^exp~10~10~2025~11~31~a1|c1~卡c1~~credit~-100~10~10|-100,0,shop:nan;zz:nan,en,2026,1,28|
insight	exp~trans~10~2026~1~28~a1^inc~food~0.5~2026~1~28~c1^exp~10~100~2026~5~11~_||100,20,,en,2026,1,28|%a:🐾:自定义:Custom
insight	xfer~%a~0~2026~5~11~a1^inc~trans~0.5~2026~5~11~c1^inc~rent~0.5~2026~0~1~a1^exp~food~0.5~2026~5~11~a1^exp~2~1~2026~5~11~a1^exp~2~10~2026~5~10~_^exp~zz~1~2026~5~11~a1^exp~shop~0.5~2026~5~11~_||0,0,food:nan,zh,2026,5,11|
credit	exp~food~0.5~2026~5~10~c1^exp~shop~0.5~2026~5~11~_^xfer~food~100~2026~5~10~a1^exp~rent~33.33~2025~11~31~_^exp~%a~nan~2026~5~10~_^exp~rent~10~2026~5~25~_|c1~卡c1~Card c1~credit~0~25~25^c2~卡c2~Card c2~credit~-100~10~10|100,0,,en,2026,5,10|
credit	exp~zz~33.33~2026~5~11~_^exp~shop~0~2026~1~28~a1^xfer~2~33.33~2026~1~28~_^exp~%a~25.5~2026~5~25~_^inc~trans~-5~2026~5~25~a1^exp~shop~0~2026~5~25~_|c1~卡c1~~credit~100~15~25|0,nan,10:30,en,2026,5,25|
insight	exp~shop~25.5~2026~5~25~c1^inc~food~100~2026~0~1~a1^exp~food~-5~2026~5~25~_^exp~food~0.5~2026~5~25~c1^exp~food~33.33~2026~5~25~_^exp~food~10~2026~5~25~a1||120,_,,en,2026,5,25|
insight	xfer~%a~25.5~2025~11~31~_^exp~trans~1~2025~11~31~a1^exp~10~33.33~2025~11~31~c1^exp~trans~33.33~2025~11~31~_^exp~2~0.5~2026~5~25~c1^xfer~zz~nan~2026~1~28~c1||nan,1000,food:30;shop:30,en,2025,11,31|
insight	xfer~zz~1~2026~0~1~a1^xfer~rent~0.5~2026~5~10~a1^inc~zz~25.5~2026~0~1~c1^xfer~zz~1~2026~0~1~a1||120,nan,,en,2026,0,1|
insight	inc~food~100~2026~1~28~a1^exp~10~0~2026~1~28~c1^exp~zz~0~2026~1~28~_||100,_,trans:nan;shop:1,en,2026,1,28|zz:🐾:%a:%a
credit	exp~zz~25.5~2026~5~25~c1^exp~10~33.33~2026~0~1~a1^exp~%a~10~2026~0~1~c1^xfer~2~1~2026~5~25~c1|c1~卡c1~~credit~-100~15~20|0,1000,,en,2026,0,1|10:🐾:%b:%a
insight	exp~rent~1~2026~5~10~c1^xfer~shop~100~2026~5~25~c1^exp~rent~nan~2026~5~10~c1^xfer~zz~25.5~2026~5~10~_||100,nan,10:0;zz:1,zh,2026,5,10|
insight	exp~2~0.5~2025~11~31~_^exp~rent~0.5~2026~1~28~a1^inc~trans~100~2025~11~31~a1^exp~zz~33.33~2026~5~10~a1^exp~zz~nan~2026~5~11~_^exp~trans~0~2025~11~31~a1^exp~shop~-5~2025~11~31~_^exp~shop~0.5~2025~11~31~_||-100,_,shop:100;rent:-1;trans:1;zz:1,zh,2025,11,31|
insight	exp~10~0~2026~5~11~_||0,_,zz:nan;%a:10,en,2026,5,11|
credit	exp~shop~10~2026~5~10~a1^exp~food~33.33~2026~5~10~c1^inc~zz~33.33~2026~5~10~c1^xfer~rent~0~2026~5~10~_^exp~shop~10~2026~0~1~a1^inc~%a~10~2026~1~28~_|c1~卡c1~~credit~100~25~_|_,50,rent:-1;zz:100,zh,2026,5,10|food:🐾:%a:Custom
insight	exp~10~10~2026~5~11~a1^exp~%a~1~2026~5~11~a1^exp~trans~10~2026~5~11~a1^exp~shop~-5~2026~5~11~c1^exp~zz~100~2026~0~1~_||100,1000,food:-1;10:100;rent:1,zh,2026,5,11|
credit	exp~shop~1~2026~0~1~c1^exp~zz~nan~2026~1~28~_^exp~trans~0.5~2026~1~28~_^exp~rent~0~2026~0~1~_^exp~zz~0.5~2026~5~11~_^exp~food~nan~2026~1~28~c1^exp~zz~0.5~2026~5~11~c1|c1~卡c1~Card c1~credit~0~15~25^c2~卡c2~_~credit~-100~25~20|100,_,rent:10;%a:10;2:100;trans:1,en,2026,1,28|rent:🐾:自定义:Custom
insight	inc~shop~0.5~2026~5~11~c1^exp~trans~nan~2026~5~11~_^xfer~food~nan~2026~0~1~_||100,0,rent:nan,en,2026,5,11|
insight	xfer~rent~100~2026~1~28~_^xfer~shop~10~2025~11~31~_||1000,20,2:nan;trans:-1,en,2026,1,28|
insight	exp~zz~0~2026~5~10~_^exp~trans~0~2026~5~25~c1^exp~rent~100~2026~5~11~_||nan,50,%a:-1;food:nan,en,2026,5,11|
insight	exp~rent~1~2026~5~10~a1^exp~rent~10~2026~5~10~c1||100,_,%a:10,zh,2026,5,10|
insight	exp~zz~100~2026~5~11~a1^exp~zz~10~2026~5~10~c1^exp~%a~25.5~2026~5~11~_^exp~2~nan~2025~11~31~_||nan,0,%a:nan;2:0;zz:30;shop:-1,zh,2026,5,11|
credit	|c1~卡c1~~credit~0~15~_^c2~卡c2~~credit~-100~10~25|-100,20,%a:30;2:nan;10:100,en,2026,5,10|
insight	inc~zz~10~2025~11~31~a1^inc~10~100~2026~5~11~_^exp~trans~0~2025~11~31~a1^exp~trans~-5~2025~11~31~_^exp~zz~10~2025~11~31~c1||1000,0,,zh,2025,11,31|
insight	exp~rent~25.5~2026~0~1~c1^exp~food~33.33~2026~5~25~_^exp~zz~0~2026~0~1~c1^exp~%a~1~2026~5~11~c1^exp~shop~0~2026~0~1~a1^xfer~10~25.5~2026~1~28~c1^xfer~10~0~2026~0~1~a1||-100,1000,,en,2026,0,1|shop:🐾:%a:%d
insight	exp~food~0.5~2026~1~28~a1^exp~shop~nan~2026~1~28~c1||100,_,2:1;rent:0;shop:-1;10:100,zh,2026,1,28|
insight	||0,1000,2:1,en,2026,5,11|
insight	exp~2~25.5~2026~0~1~_^exp~10~nan~2026~0~1~_^exp~2~0.5~2026~0~1~c1||100,_,10:10,zh,2026,0,1|
insight	exp~food~nan~2025~11~31~_^inc~food~nan~2025~11~31~c1^exp~10~0~2025~11~31~_^exp~2~1~2025~11~31~c1^exp~trans~10~2025~11~31~a1||0,50,2:-1,zh,2025,11,31|rent:🐾:自定义:%d
insight	||_,50,%a:1,zh,2026,0,1|
credit	|c1~卡c1~~credit~-100~10~25|0,_,2:30;shop:10;zz:10,en,2025,11,31|
credit	exp~shop~25.5~2026~5~10~c1^exp~%a~nan~2025~11~31~a1|c1~卡c1~~credit~-100~10~20^c2~卡c2~_~credit~100~15~25|100,nan,,zh,2025,11,31|%a:🐾:自定义:%a
insight	xfer~rent~33.33~2026~5~10~_^exp~trans~33.33~2025~11~31~c1^xfer~zz~-5~2025~11~31~c1^exp~shop~100~2025~11~31~_^exp~zz~100~2025~11~31~c1^exp~%a~33.33~2025~11~31~a1||100,20,,zh,2025,11,31|
insight	exp~10~nan~2025~11~31~c1^exp~food~10~2026~5~10~a1^xfer~zz~-5~2026~5~10~a1^exp~rent~100~2026~5~25~c1||_,20,10:1;rent:nan;shop:30,zh,2026,5,10|
credit	exp~rent~0.5~2026~5~11~a1^inc~shop~nan~2026~5~11~c1^xfer~food~0~2026~1~28~c1^exp~zz~100~2026~5~11~a1|c1~卡c1~_~credit~-100~10~10^c2~卡c2~~credit~-100~10~20|0,20,rent:100;%a:30;shop:30;10:10,en,2026,5,11|zz:🐾:%a:Custom
insight	exp~rent~-5~2026~1~28~_^exp~10~100~2026~5~25~_^xfer~rent~-5~2026~0~1~a1^exp~trans~0.5~2025~11~31~c1||1000,50,%a:1,en,2026,0,1|
insight	inc~%a~10~2026~5~10~a1||0,_,,zh,2026,5,10|
credit	inc~shop~nan~2026~5~25~c1^exp~2~1~2026~1~28~c1^exp~%a~25.5~2026~5~25~_^exp~food~33.33~2026~1~28~_^exp~food~1~2026~1~28~c1|c1~卡c1~Card c1~credit~100~10~25|_,20,rent:nan,en,2026,5,25|rent:🐾:%b:%d
insight	exp~10~100~2026~5~10~_^exp~10~1~2026~5~10~_^inc~rent~nan~2026~0~1~a1^exp~shop~33.33~2026~5~25~a1||120,20,10:0;zz:100;shop:nan;2:30,en,2026,5,10|
insight	exp~10~1~2026~5~25~c1^exp~rent~100~2026~0~1~c1^exp~zz~nan~2026~5~25~a1^exp~zz~33.33~2026~5~25~a1^xfer~trans~33.33~2026~5~11~a1^xfer~10~1~2026~5~25~c1^xfer~zz~1~2026~5~11~a1||120,1000,food:0;2:-1,zh,2026,5,25|
insight	||0,20,shop:30;%a:100;zz:nan;trans:10,en,2025,11,31|
insight	inc~2~33.33~2026~5~11~_||_,20,zz:10;trans:30,en,2026,1,28|zz:🐾:自定义:%a
insight	||-100,_,food:-1;2:nan,zh,2026,5,25|
insight	exp~shop~nan~2026~5~11~c1^exp~2~0.5~2026~0~1~_^exp~food~0~2026~1~28~a1^exp~2~100~2025~11~31~a1||0,1000,trans:0;%a:0,zh,2026,5,11|2:🐾:自定义:%d
insight	exp~shop~0.5~2026~0~1~c1^inc~rent~10~2026~5~10~c1^exp~zz~100~2025~11~31~_^inc~rent~0.5~2026~5~10~c1^inc~shop~100~2026~5~10~c1^exp~trans~100~2026~1~28~_||_,1000,zz:nan,en,2026,5,10|rent:🐾:自定义:Custom
insight	exp~zz~0~2026~5~10~c1^exp~trans~0.5~2026~5~10~_^inc~10~nan~2026~5~10~_^xfer~%a~-5~2026~5~25~c1||nan,nan,shop:10;%a:30;trans:30;10:100,en,2026,5,10|
credit	exp~2~nan~2026~0~1~_^inc~food~1~2026~1~28~a1^inc~shop~nan~2026~1~28~a1^exp~zz~25.5~2026~1~28~c1^exp~rent~-5~2026~5~10~_|c1~卡c1~Card c1~credit~-100~10~10^c2~卡c2~_~credit~100~25~25|-100,50,rent:100;trans:nan,zh,2026,1,28|
insight	exp~shop~nan~2025~11~31~c1^exp~%a~0~2026~5~11~a1^exp~2~10~2026~5~11~_^exp~trans~10~2026~5~11~_^inc~zz~0~2026~5~11~_^inc~trans~10~2026~5~11~c1^inc~rent~100~2026~5~11~_||100,nan,,en,2026,5,11|
insight	exp~rent~nan~2026~5~10~c1^exp~food~0~2026~0~1~a1^exp~rent~25.5~2026~0~1~_^exp~zz~nan~2026~5~25~c1^exp~trans~1~2025~11~31~a1||1000,50,10:30;%a:0;rent:30,en,2026,5,25|
insight	exp~food~0.5~2026~0~1~c1^exp~shop~0.5~2026~5~25~c1^exp~food~0.5~2026~5~25~_^xfer~2~1~2026~0~1~c1^exp~10~0.5~2026~5~25~_^exp~zz~0.5~2026~0~1~a1^xfer~trans~100~2026~0~1~_^inc~shop~25.5~2026~0~1~a1||1000,20,shop:-1;%a:-1;10:100;trans:nan,en,2026,0,1|
insight	||nan,nan,food:100,zh,2026,5,10|
insight	exp~shop~nan~2025~11~31~a1^exp~zz~10~2026~0~1~_^xfer~%a~nan~2026~5~25~_^exp~2~nan~2026~1~28~a1^exp~%a~nan~2026~0~1~c1^exp~%a~25.5~2026~0~1~_^exp~shop~0~2026~0~1~a1^exp~rent~0~2025~11~31~a1||100,50,2:1;shop:0,en,2026,0,1|shop:🐾:自定义:Custom
insight	exp~rent~0~2026~5~25~a1^exp~trans~100~2026~5~25~a1||_,_,10:1;food:0,en,2026,5,25|
insight	exp~shop~100~2026~5~10~c1^xfer~%a~33.33~2026~5~10~c1^exp~trans~nan~2026~5~25~c1^exp~2~25.5~2026~1~28~c1||nan,50,2:-1,zh,2026,5,10|
credit	inc~shop~0~2026~1~28~_|c1~卡c1~Card c1~credit~100~25~_^c2~卡c2~~credit~100~25~10|-100,_,,zh,2026,5,25|
insight	inc~10~33.33~2025~11~31~a1^exp~food~33.33~2025~11~31~a1||120,1000,rent:0;shop:1,zh,2025,11,31|
insight	exp~food~0~2026~1~28~c1^exp~2~-5~2026~1~28~c1||100,nan,,en,2026,1,28|
insight	exp~shop~-5~2026~5~10~c1^exp~10~33.33~2026~5~10~c1^inc~shop~1~2026~1~28~c1^inc~2~-5~2026~5~11~a1^exp~shop~10~2026~5~10~_||0,nan,rent:30;10:30;trans:10;2:-1,en,2026,5,10|
insight	exp~food~100~2026~5~25~a1^exp~shop~-5~2026~5~11~_^exp~food~10~2026~5~25~a1^exp~shop~0~2026~5~10~c1||100,nan,zz:-1;food:1;10:100,zh,2026,5,25|
insight	xfer~shop~25.5~2025~11~31~_||100,0,trans:100;shop:30;zz:10,en,2025,11,31|food:🐾:%b:%a
insight	exp~food~100~2025~11~31~a1^exp~10~33.33~2026~0~1~c1^xfer~trans~33.33~2026~5~25~a1^exp~10~25.5~2025~11~31~a1^exp~food~0~2025~11~31~a1||-100,20,2:30,en,2025,11,31|
insight	exp~rent~25.5~2026~5~10~c1^exp~rent~100~2026~5~10~a1^exp~%a~0~2026~5~10~a1^exp~%a~25.5~2026~5~25~_^exp~zz~1~2026~5~10~a1^exp~rent~10~2026~5~10~a1^exp~food~-5~2026~5~11~a1||-100,1000,,en,2026,5,10|rent:🐾:%a:Custom
insight	||120,1000,,zh,2026,5,11|food:🐾:%a:Custom
insight	exp~shop~25.5~2026~5~11~a1^exp~shop~33.33~2026~5~11~a1^inc~2~0~2026~5~11~a1^exp~food~25.5~2026~5~11~c1||_,0,rent:10;2:100,en,2026,5,11|
insight	exp~rent~nan~2026~5~25~c1^inc~zz~1~2025~11~31~c1^xfer~shop~25.5~2026~5~25~a1||1000,nan,rent:nan;shop:0;food:0,en,2026,5,25|
insight	exp~zz~100~2026~5~25~a1^xfer~shop~1~2026~0~1~_^exp~zz~10~2026~0~1~a1^inc~10~10~2026~0~1~a1^exp~trans~33.33~2026~0~1~a1^xfer~rent~100~2026~5~10~a1^xfer~shop~25.5~2026~0~1~_||1000,0,rent:30,en,2026,0,1|shop:🐾:自定义:Custom
insight	exp~shop~10~2026~0~1~_^exp~zz~-5~2026~1~28~a1^exp~10~33.33~2026~1~28~_^xfer~rent~25.5~2026~1~28~a1^exp~%a~0.5~2026~0~1~a1^exp~trans~100~2025~11~31~_^exp~zz~1~2026~1~28~_^exp~%a~10~2026~5~11~a1||0,_,%a:0,zh,2026,1,28|
credit	exp~10~25.5~2026~0~1~c1^inc~rent~33.33~2026~0~1~_|c1~卡c1~Card c1~credit~100~25~25^c2~卡c2~~credit~100~15~25|_,nan,,zh,2026,0,1|
insight	exp~food~33.33~2026~5~25~c1^exp~2~nan~2026~5~25~a1^exp~zz~25.5~2025~11~31~_^exp~rent~0.5~2026~1~28~_^inc~2~33.33~2026~5~25~c1||120,_,10:-1;rent:0,en,2026,5,25|rent:🐾:自定义:%d
insight	||1000,0,,zh,2026,5,25|
insight	exp~%a~33.33~2026~5~10~_^exp~%a~10~2026~0~1~_||120,50,,zh,2026,0,1|
credit	exp~shop~0.5~2025~11~31~a1|c1~卡c1~Card c1~credit~100~15~10|1000,50,%a:30,zh,2025,11,31|
credit	inc~2~1~2026~1~28~_^inc~shop~25.5~2026~1~28~a1^inc~zz~33.33~2026~1~28~_^exp~10~33.33~2026~1~28~_^xfer~shop~nan~2026~1~28~_^exp~10~100~2026~1~28~a1^exp~%a~0~2026~1~28~a1^inc~food~nan~2026~1~28~_|c1~卡c1~_~credit~-100~25~_^c2~卡c2~Card c2~credit~100~15~25|120,nan,10:-1,zh,2026,1,28|
insight	xfer~2~33.33~2025~11~31~_||1000,1000,rent:30;food:10,zh,2026,5,11|%a:🐾:自定义:%a
credit	exp~2~nan~2026~0~1~c1^xfer~trans~100~2026~5~25~_|c1~卡c1~_~credit~-100~15~25^c2~卡c2~_~credit~-100~10~25|nan,50,%a:nan;2:0;shop:nan;10:0,en,2026,1,28|
insight	||-100,50,shop:30;food:-1;zz:30,zh,2026,5,25|
credit	exp~shop~10~2026~5~11~a1^xfer~trans~1~2026~5~11~c1|c1~卡c1~Card c1~credit~0~15~_^c2~卡c2~~credit~-100~15~_|-100,_,,en,2026,5,11|rent:🐾:%b:%d
insight	xfer~trans~25.5~2025~11~31~_^exp~shop~25.5~2026~5~25~c1^inc~2~10~2026~5~25~a1^exp~trans~nan~2026~1~28~c1^xfer~shop~0.5~2026~5~25~_^exp~trans~1~2026~5~25~_^xfer~shop~-5~2026~5~25~a1^exp~%a~1~2026~0~1~a1||nan,20,shop:-1,zh,2026,5,25|food:🐾:%b:Custom
insight	exp~2~-5~2026~0~1~a1^exp~shop~100~2026~0~1~_^exp~shop~nan~2026~5~10~c1||1000,20,trans:nan,zh,2026,0,1|10:🐾:%b:Custom
insight	exp~food~25.5~2025~11~31~_^exp~%a~33.33~2026~0~1~_^xfer~rent~nan~2026~0~1~_^exp~10~25.5~2026~0~1~c1^inc~trans~25.5~2026~0~1~_^exp~food~1~2026~5~25~_||0,_,,en,2026,0,1|
credit	exp~10~10~2026~0~1~_^exp~rent~0.5~2026~5~25~c1^exp~zz~nan~2026~5~25~c1|c1~卡c1~_~credit~-100~15~_|1000,20,shop:-1;rent:1;10:1;%a:-1,en,2026,5,25|
credit	exp~2~-5~2026~5~25~c1^exp~trans~-5~2026~0~1~c1^xfer~trans~0~2026~5~25~c1|c1~卡c1~Card c1~credit~100~25~_|-100,0,zz:100;%a:30;food:-1,zh,2026,5,25|%a:🐾:自定义:%a
insight	||0,1000,2:1;shop:10;trans:-1,en,2026,5,25|
insight	inc~zz~nan~2026~5~11~a1^exp~trans~10~2026~5~11~_^exp~trans~1~2026~5~25~a1^exp~zz~0~2026~5~25~c1^exp~trans~33.33~2026~5~10~a1^exp~2~10~2026~5~25~c1^exp~rent~25.5~2026~5~25~c1^exp~food~nan~2026~5~25~_||-100,nan,%a:1;2:-1,en,2026,5,25|
insight	exp~rent~0~2025~11~31~_^exp~food~nan~2026~5~11~_^xfer~10~0.5~2026~5~10~c1^exp~trans~100~2026~5~10~_^exp~shop~0.5~2026~5~10~a1^exp~shop~0~2026~5~10~_^exp~zz~1~2026~1~28~_^exp~2~10~2026~1~28~_||120,50,2:100;rent:0;food:30,zh,2026,5,10|
insight	exp~shop~-5~2026~5~10~c1^xfer~2~10~2026~5~10~a1^xfer~shop~0.5~2026~1~28~c1^exp~rent~nan~2026~5~10~_^exp~2~33.33~2026~5~10~a1^exp~trans~0.5~2026~5~10~c1^exp~rent~100~2026~0~1~c1||-100,20,%a:-1;trans:10,en,2026,5,10|
credit	exp~food~33.33~2026~5~11~_|c1~卡c1~Card c1~credit~100~25~10|-100,0,,en,2026,5,11|
credit	xfer~shop~-5~2026~5~11~_^exp~%a~-5~2026~0~1~a1^xfer~trans~0~2026~5~11~a1^xfer~food~1~2026~1~28~a1^exp~food~0.5~2026~5~25~c1^exp~trans~0~2026~5~10~a1|c1~卡c1~Card c1~credit~-100~25~25|-100,nan,2:0,zh,2026,5,11|
insight	inc~rent~-5~2025~11~31~a1^exp~2~0.5~2026~0~1~c1^exp~trans~25.5~2025~11~31~_^exp~rent~nan~2025~11~31~_^exp~shop~0.5~2026~5~10~c1^exp~10~0.5~2026~1~28~a1^exp~food~0.5~2025~11~31~c1||120,50,10:30;rent:100;%a:-1;food:1,zh,2025,11,31|
insight	exp~%a~100~2026~1~28~c1^inc~shop~100~2026~1~28~c1||nan,20,%a:30,en,2026,1,28|
insight	exp~food~10~2026~5~10~a1^exp~shop~10~2026~5~11~_^inc~shop~25.5~2026~5~11~a1^exp~10~0~2026~5~11~a1||120,1000,10:100;2:0;%a:100,zh,2026,5,11|
insight	xfer~shop~0~2026~0~1~a1^exp~trans~33.33~2026~0~1~a1^exp~food~0.5~2025~11~31~a1^exp~trans~-5~2026~0~1~c1^inc~shop~nan~2026~0~1~c1||_,nan,10:0;zz:30;food:100,zh,2026,0,1|
credit	exp~rent~33.33~2026~5~11~c1^exp~food~25.5~2026~5~10~_^exp~2~10~2026~5~10~_^xfer~10~0~2026~5~25~c1^inc~zz~0.5~2026~5~10~a1|c1~卡c1~_~credit~0~25~10^c2~卡c2~~credit~-100~25~20|0,_,food:0;rent:10,en,2026,5,10|
insight	inc~rent~-5~2025~11~31~c1^exp~food~1~2025~11~31~_^exp~zz~100~2025~11~31~a1^exp~rent~0~2025~11~31~a1^xfer~10~nan~2025~11~31~a1||-100,20,food:0;10:0,zh,2025,11,31|10:🐾:自定义:%a
insight	exp~trans~nan~2026~1~28~a1||-100,20,%a:1;food:30;trans:10;rent:100,en,2026,5,11|
credit	exp~10~0.5~2026~5~25~c1^exp~trans~-5~2026~5~25~a1^xfer~%a~25.5~2026~5~25~a1|c1~卡c1~~credit~-100~25~25|120,50,trans:100,en,2026,5,25|
insight	||0,nan,10:nan;%a:30,en,2026,5,25|2:🐾:自定义:%a
credit	xfer~%a~0~2026~0~1~c1^exp~rent~0~2026~0~1~_|c1~卡c1~~credit~0~25~10|-100,20,shop:30;2:-1,zh,2026,0,1|
insight	exp~%a~10~2025~11~31~a1^inc~shop~10~2026~0~1~a1^exp~trans~1~2026~0~1~c1^inc~trans~-5~2026~5~10~c1^inc~zz~1~2026~0~1~a1^xfer~%a~33.33~2026~0~1~_^exp~zz~10~2025~11~31~c1||100,nan,zz:nan,en,2026,0,1|
insight	exp~rent~33.33~2026~1~28~a1^exp~10~10~2026~5~10~_||120,0,,en,2026,5,10|trans:🐾:%b:Custom
insight	exp~2~100~2026~5~25~c1^exp~10~1~2026~1~28~c1^exp~%a~-5~2026~5~25~_^exp~zz~nan~2026~5~25~c1^xfer~2~10~2025~11~31~_^inc~food~10~2026~5~10~c1^xfer~%a~10~2026~5~25~c1||_,_,%a:nan;zz:0;2:1;trans:0,en,2026,5,25|
insight	exp~zz~25.5~2026~1~28~_^exp~trans~0.5~2026~5~10~_^inc~shop~nan~2026~5~11~a1||nan,20,zz:nan,zh,2026,5,10|
credit	inc~zz~0~2026~5~11~_^exp~food~1~2026~5~11~_|c1~卡c1~~credit~-100~25~25^c2~卡c2~Card c2~credit~0~25~25|0,0,2:30;zz:100;shop:0,zh,2026,5,11|
insight	xfer~shop~-5~2025~11~31~c1^exp~zz~0~2025~11~31~c1^exp~food~0~2026~0~1~_||nan,nan,2:0;zz:10,zh,2025,11,31|trans:🐾:%a:%d
insight	exp~zz~100~2026~5~11~c1^exp~%a~nan~2026~1~28~_^exp~zz~0~2025~11~31~a1^exp~2~1~2026~5~11~c1^xfer~%a~0~2026~5~10~_^inc~10~33.33~2025~11~31~a1^exp~zz~nan~2026~5~11~a1^inc~rent~nan~2026~5~25~a1||120,1000,2:nan;zz:100;10:30;shop:0,zh,2025,11,31|
insight	||100,50,shop:0;food:100;10:-1,en,2026,5,11|
insight	exp~trans~33.33~2026~5~11~_^exp~%a~100~2026~1~28~c1^exp~food~0.5~2026~5~11~a1^exp~shop~100~2026~5~10~_^exp~10~25.5~2026~5~25~a1^inc~shop~0.5~2026~5~25~_||1000,50,shop:nan;%a:nan,zh,2026,5,11|%a:🐾:%a:Custom
insight	exp~shop~0~2026~5~25~_^inc~shop~100~2026~5~25~c1||100,_,2:1;rent:10,en,2026,5,25|2:🐾:自定义:%a
credit	xfer~food~33.33~2026~5~25~a1^exp~10~-5~2026~5~25~_^xfer~10~100~2026~5~25~c1^exp~rent~0.5~2026~5~25~_^exp~zz~0~2026~5~25~a1^exp~food~nan~2026~5~25~a1^exp~10~0.5~2026~5~10~c1|c1~卡c1~~credit~100~10~10|-100,20,food:-1;trans:100;zz:nan;shop:30,zh,2026,5,25|
credit	exp~%a~10~2026~0~1~_^xfer~zz~25.5~2026~0~1~c1^exp~2~nan~2026~0~1~a1|c1~卡c1~Card c1~credit~0~15~10|100,50,food:nan,en,2026,0,1|
insight	exp~10~nan~2026~5~10~_^exp~rent~0.5~2026~5~10~_^exp~rent~-5~2026~5~25~a1^inc~%a~-5~2026~5~25~_^exp~zz~nan~2026~5~25~_||1000,50,shop:nan;%a:0;10:-1;food:10,zh,2026,5,25|
credit	xfer~shop~0.5~2026~5~10~c1^exp~zz~0.5~2026~5~10~a1^exp~%a~0.5~2026~5~10~a1^exp~shop~nan~2026~1~28~_^inc~trans~33.33~2026~5~11~_^exp~shop~-5~2026~5~11~_|c1~卡c1~_~credit~-100~25~10|-100,1000,trans:30;rent:1;shop:100,zh,2026,5,10|2:🐾:%a:%d
insight	exp~2~10~2025~11~31~c1^inc~food~1~2025~11~31~a1^exp~rent~0.5~2025~11~31~a1^exp~shop~25.5~2026~0~1~a1^exp~shop~25.5~2025~11~31~_||nan,_,zz:10,en,2025,11,31|
insight	exp~rent~10~2025~11~31~_^exp~%a~1~2025~11~31~_^exp~zz~1~2025~11~31~_^exp~shop~100~2025~11~31~c1||1000,_,shop:0;food:0;rent:30;2:1,zh,2025,11,31|
insight	exp~food~0.5~2026~0~1~c1^exp~10~10~2026~5~11~a1^xfer~2~33.33~2026~0~1~a1^exp~2~nan~2026~0~1~c1^xfer~trans~1~2026~5~25~c1^xfer~shop~1~2025~11~31~_^exp~%a~100~2026~0~1~a1||120,nan,food:10,zh,2026,0,1|
insight	exp~rent~10~2026~5~11~c1^inc~trans~nan~2026~5~11~a1^exp~shop~nan~2026~0~1~a1^inc~%a~100~2026~5~11~_^inc~shop~1~2026~5~11~a1^exp~shop~33.33~2026~5~11~a1||-100,_,zz:30,en,2026,5,11|2:🐾:自定义:%d
insight	inc~%a~100~2025~11~31~c1^exp~trans~10~2026~0~1~a1^inc~trans~33.33~2026~5~25~c1^exp~rent~-5~2026~5~25~a1||-100,20,%a:100;rent:100;food:1;zz:0,en,2026,5,25|
credit	inc~trans~-5~2026~0~1~c1|c1~卡c1~Card c1~credit~100~15~10^c2~卡c2~~credit~-100~15~10|-100,_,zz:1;trans:0;%a:-1;food:30,en,2026,5,25|rent:🐾:自定义:%d
insight	xfer~%a~33.33~2026~5~11~c1^exp~food~0~2026~5~10~_^xfer~food~0.5~2026~5~10~c1^xfer~zz~10~2026~5~10~a1^exp~zz~-5~2026~1~28~c1||-100,20,trans:0,zh,2026,5,10|
credit	exp~rent~0.5~2025~11~31~a1|c1~卡c1~Card c1~credit~100~25~_|0,20,food:1;10:100,zh,2026,1,28|
insight	exp~%a~25.5~2025~11~31~c1^exp~food~25.5~2026~5~11~_^exp~rent~-5~2026~5~25~_||120,20,zz:100,zh,2026,0,1|
credit	inc~%a~-5~2026~5~11~c1|c1~卡c1~~credit~-100~10~25|nan,_,food:1;rent:30,zh,2026,1,28|
credit	xfer~%a~0.5~2026~5~10~_^exp~%a~0~2026~5~10~a1^exp~%a~0.5~2026~5~10~c1|c1~卡c1~Card c1~credit~100~10~_|0,1000,,en,2026,5,10|trans:🐾:自定义:%a
insight	exp~zz~1~2026~5~10~_^exp~food~0~2026~5~11~c1^exp~food~25.5~2026~5~11~_^exp~trans~100~2025~11~31~c1^xfer~2~nan~2026~5~25~c1^exp~rent~0.5~2025~11~31~c1^xfer~%a~25.5~2026~5~11~a1||nan,20,shop:100;trans:0;10:100;2:-1,en,2026,5,10|zz:🐾:自定义:%d
insight	inc~trans~10~2025~11~31~a1||100,1000,shop:-1;zz:0;rent:-1,en,2026,5,11|
insight	exp~shop~0~2026~5~11~c1^xfer~2~nan~2026~5~10~a1^exp~food~nan~2026~5~10~_^exp~shop~25.5~2025~11~31~a1^exp~2~100~2026~0~1~c1^exp~zz~10~2026~5~11~_||1000,1000,,zh,2026,5,11|
credit	exp~shop~0.5~2026~5~10~_^exp~shop~-5~2026~5~11~a1^inc~food~33.33~2026~5~25~c1|c1~卡c1~~credit~100~15~_|0,20,shop:30,zh,2026,5,10|
credit	exp~%a~1~2026~0~1~_^exp~%a~nan~2025~11~31~a1^exp~food~100~2025~11~31~c1^exp~%a~10~2026~5~11~c1^exp~2~0.5~2026~1~28~c1^inc~rent~1~2026~5~11~c1^xfer~2~0~2025~11~31~c1^inc~2~33.33~2025~11~31~_|c1~卡c1~Card c1~credit~0~25~20|120,20,,en,2025,11,31|
insight	xfer~rent~10~2026~5~11~a1^exp~2~-5~2025~11~31~a1^exp~food~-5~2026~0~1~c1^exp~shop~10~2026~5~11~c1^exp~2~1~2026~5~11~_^exp~%a~0.5~2026~1~28~a1^exp~2~nan~2026~5~11~c1||100,50,trans:-1;shop:1;2:0,en,2026,5,11|
insight	inc~rent~0~2026~5~11~a1^exp~rent~25.5~2025~11~31~a1^xfer~trans~10~2026~5~11~a1^exp~%a~25.5~2026~5~11~c1^exp~food~33.33~2026~5~25~_^inc~%a~nan~2026~5~11~c1^exp~shop~nan~2026~5~11~_||0,20,rent:30,en,2026,5,11|
insight	exp~10~1~2026~1~28~c1^inc~2~25.5~2026~5~10~c1||_,20,%a:-1;2:30;food:1,zh,2026,1,28|%a:🐾:%b:Custom
insight	exp~shop~100~2026~5~11~c1^exp~rent~33.33~2026~5~11~_^exp~trans~100~2025~11~31~a1^exp~food~1~2026~5~11~c1^inc~trans~0.5~2025~11~31~_^exp~2~-5~2026~5~11~_^exp~10~33.33~2026~5~11~_||_,0,rent:nan;shop:1,en,2026,5,11|
insight	exp~2~0~2026~5~10~_^exp~rent~0.5~2026~5~10~a1^exp~food~-5~2026~5~25~_^exp~10~100~2026~1~28~_^inc~rent~100~2026~5~10~c1^exp~food~0.5~2026~0~1~_||1000,50,%a:nan;rent:nan,zh,2026,5,10|
credit	xfer~%a~0.5~2026~0~1~a1^exp~rent~33.33~2026~0~1~c1^exp~trans~100~2026~0~1~c1|c1~卡c1~~credit~0~10~25^c2~卡c2~_~credit~-100~10~20|nan,_,rent:0;shop:30;food:100;10:-1,en,2026,0,1|
insight	exp~%a~0.5~2026~0~1~_^xfer~shop~10~2026~5~10~_^exp~food~-5~2026~5~10~_^exp~10~0~2026~5~25~c1^exp~zz~1~2026~5~10~_||0,nan,%a:30;10:1;shop:0,zh,2026,5,10|
insight	exp~zz~100~2026~1~28~a1^xfer~%a~0~2026~5~25~c1^exp~%a~0~2026~5~25~_||_,nan,zz:30,zh,2026,1,28|shop:🐾:%a:Custom
insight	xfer~food~nan~2025~11~31~_||_,20,10:0;food:-1;%a:nan,zh,2026,5,25|
insight	||100,20,shop:10;2:100;trans:10;zz:0,en,2026,5,25|10:🐾:自定义:%a
credit	exp~zz~nan~2026~0~1~_^exp~%a~nan~2026~1~28~_|c1~卡c1~Card c1~credit~0~10~25|_,0,,zh,2026,0,1|
credit	inc~trans~nan~2026~5~10~_^exp~%a~nan~2026~5~11~a1^exp~rent~10~2026~5~25~_^xfer~shop~100~2026~5~10~_^exp~2~1~2026~5~10~_|c1~卡c1~Card c1~credit~0~10~_|100,0,rent:1;trans:10,zh,2026,5,11|food:🐾:自定义:%d
insight	exp~2~1~2026~1~28~a1^inc~zz~-5~2026~5~11~c1^xfer~rent~10~2026~1~28~_^exp~food~-5~2026~5~11~_^exp~trans~-5~2026~5~11~c1||-100,50,zz:0;food:30;trans:1;rent:30,en,2026,5,11|
credit	xfer~shop~-5~2026~0~1~_^exp~10~-5~2026~5~25~_^exp~zz~25.5~2026~5~25~c1^exp~trans~0~2026~5~25~c1^exp~rent~1~2026~5~25~_^exp~trans~1~2025~11~31~_|c1~卡c1~~credit~-100~10~20|100,50,trans:100;zz:100;2:nan,en,2026,5,25|10:🐾:%a:Custom
insight	exp~10~33.33~2026~0~1~_^xfer~10~25.5~2026~5~10~_^exp~food~nan~2026~5~10~c1^exp~shop~0.5~2026~0~1~a1^xfer~shop~0.5~2026~0~1~c1^exp~shop~nan~2026~0~1~c1||120,_,rent:-1,en,2026,0,1|
insight	inc~zz~1~2025~11~31~_^exp~zz~0.5~2026~5~11~a1^inc~trans~100~2025~11~31~a1^inc~2~0~2025~11~31~_^xfer~zz~0.5~2025~11~31~c1||1000,20,shop:nan,en,2025,11,31|
insight	exp~%a~nan~2026~5~10~c1^exp~shop~0.5~2026~5~25~_^exp~10~1~2026~5~25~_^exp~food~1~2026~5~25~c1^xfer~rent~0.5~2026~5~25~_^exp~shop~0.5~2026~5~25~_^xfer~zz~1~2026~5~25~c1^exp~shop~-5~2026~5~25~c1||100,20,rent:-1,zh,2026,5,25|rent:🐾:自定义:%a
insight	exp~2~0.5~2026~0~1~_||-100,0,%a:10;10:-1;zz:nan,en,2026,0,1|
insight	xfer~rent~-5~2025~11~31~c1||-100,50,,zh,2025,11,31|
insight	exp~trans~10~2026~0~1~c1||1000,nan,10:1;rent:0;shop:0,en,2026,0,1|
insight	exp~%a~0.5~2026~1~28~_^xfer~rent~0~2026~5~10~c1^exp~%a~0.5~2026~5~10~a1||nan,_,shop:-1;rent:10,en,2026,5,10|
credit	exp~shop~0~2026~5~11~_^exp~zz~100~2026~1~28~c1^inc~trans~100~2026~5~11~c1^xfer~%a~33.33~2026~5~11~_^xfer~zz~10~2026~5~11~_^inc~rent~1~2026~5~11~_^inc~trans~33.33~2026~5~11~a1^exp~10~1~2026~5~11~c1|c1~卡c1~~credit~100~15~20|_,20,,en,2026,5,11|
insight	exp~10~-5~2026~0~1~a1^exp~rent~0.5~2026~0~1~_^exp~2~-5~2026~0~1~c1^exp~shop~10~2026~0~1~_^exp~10~33.33~2026~1~28~a1^exp~trans~0.5~2026~0~1~_||-100,_,10:10;food:30;trans:100;rent:100,zh,2026,0,1|
credit	exp~food~33.33~2026~5~25~c1^xfer~trans~1~2026~0~1~a1^exp~rent~25.5~2026~5~25~c1^exp~2~0~2026~5~25~c1^exp~zz~33.33~2026~5~25~_|c1~卡c1~~credit~0~10~_^c2~卡c2~~credit~0~15~_|0,0,%a:30;food:nan,zh,2026,5,25|rent:🐾:%b:Custom
credit	inc~trans~10~2025~11~31~_^exp~%a~33.33~2025~11~31~_^inc~2~100~2025~11~31~c1^exp~10~1~2025~11~31~_^inc~food~0~2026~5~25~_^exp~shop~nan~2025~11~31~c1|c1~卡c1~~credit~100~15~25^c2~卡c2~Card c2~credit~0~25~10|-100,nan,2:10;%a:10,zh,2025,11,31|
insight	exp~shop~10~2026~1~28~_^xfer~food~25.5~2026~1~28~_^exp~rent~10~2025~11~31~c1^exp~zz~0.5~2026~1~28~a1||nan,0,,zh,2026,1,28|
insight	xfer~zz~0.5~2026~5~11~c1||120,_,2:10;food:nan;%a:-1;trans:100,zh,2026,5,11|10:🐾:自定义:%a
insight	inc~zz~33.33~2026~5~10~_||120,_,trans:-1;food:-1;2:10;%a:0,en,2026,5,10|
insight	xfer~shop~0~2025~11~31~a1^exp~2~25.5~2026~5~10~c1^inc~10~25.5~2026~5~25~a1^exp~shop~33.33~2026~5~10~a1^exp~zz~1~2026~0~1~_||nan,50,rent:30;10:30;trans:-1;%a:nan,zh,2026,5,25|
insight	exp~2~nan~2025~11~31~a1^exp~%a~nan~2026~5~10~a1^exp~shop~0~2025~11~31~c1^inc~2~0~2025~11~31~_^exp~rent~nan~2025~11~31~a1^exp~trans~0~2025~11~31~c1^exp~food~nan~2025~11~31~_^inc~10~10~2025~11~31~c1||nan,nan,10:30;zz:100;%a:nan,en,2025,11,31|
insight	exp~10~0.5~2026~5~10~c1^exp~rent~25.5~2026~1~28~a1||_,1000,rent:0;2:30;%a:-1;food:30,en,2026,1,28|
insight	exp~trans~1~2026~5~25~c1||0,_,zz:nan;2:-1;food:100;trans:30,zh,2026,5,25|
insight	exp~zz~0.5~2025~11~31~c1^exp~food~nan~2025~11~31~_^exp~rent~33.33~2026~5~11~a1^inc~food~1~2026~0~1~c1^exp~trans~10~2025~11~31~_||1000,nan,trans:30,zh,2025,11,31|
credit	exp~shop~0~2026~1~28~a1|c1~卡c1~~credit~100~10~_|0,_,zz:100,en,2026,1,28|
insight	xfer~10~0~2026~5~10~_^exp~rent~nan~2026~5~11~a1^exp~food~nan~2026~5~10~c1^exp~shop~-5~2026~5~10~_||1000,20,zz:0;food:-1;10:1;rent:nan,zh,2026,5,10|
credit	inc~food~1~2026~1~28~c1|c1~卡c1~~credit~-100~10~25|1000,1000,shop:30,zh,2026,1,28|
insight	exp~%a~0.5~2026~5~10~c1^xfer~shop~-5~2025~11~31~a1^exp~%a~100~2025~11~31~_^exp~%a~-5~2025~11~31~c1^exp~food~-5~2026~0~1~c1||nan,_,rent:10;food:10,en,2025,11,31|zz:🐾:%b:%d
insight	xfer~2~0.5~2026~5~25~c1^exp~trans~0.5~2026~5~25~c1^exp~rent~-5~2026~5~25~a1||1000,50,shop:0;rent:30,en,2026,5,25|
insight	exp~trans~33.33~2026~5~10~_^inc~rent~1~2026~5~10~c1^exp~10~-5~2026~5~10~_^xfer~10~100~2026~0~1~_||1000,1000,,zh,2026,5,10|
insight	||-100,nan,rent:100,en,2026,5,25|
credit	exp~10~10~2025~11~31~a1^exp~10~0.5~2025~11~31~c1^inc~food~33.33~2026~5~11~_^exp~shop~0~2026~1~28~_^exp~shop~-5~2025~11~31~c1^exp~%a~nan~2026~5~25~a1^exp~%a~10~2025~11~31~a1|c1~卡c1~~credit~-100~25~20^c2~卡c2~~credit~0~10~25|-100,50,,en,2025,11,31|
insight	exp~2~-5~2026~5~10~a1^exp~zz~nan~2026~5~10~_||-100,1000,zz:0;rent:10;trans:-1;10:0,zh,2026,5,10|
insight	exp~rent~10~2025~11~31~c1^exp~shop~33.33~2025~11~31~_||-100,1000,trans:1;10:100;food:nan,en,2025,11,31|2:🐾:%a:Custom
insight	||100,1000,zz:1;%a:nan;10:30;food:0,en,2026,5,25|zz:🐾:%b:%a
credit	exp~10~-5~2026~0~1~a1^exp~10~1~2025~11~31~c1^exp~rent~0~2025~11~31~a1|c1~卡c1~Card c1~credit~-100~15~_|1000,_,,zh,2025,11,31|
insight	exp~2~nan~2026~5~10~_^exp~zz~33.33~2026~0~1~c1^exp~trans~33.33~2026~0~1~_^exp~shop~-5~2026~1~28~c1^inc~10~-5~2026~5~10~_^exp~rent~1~2026~5~11~_||100,50,2:10,zh,2026,0,1|
insight	exp~10~0~2025~11~31~a1||_,50,shop:1;rent:0,en,2026,1,28|2:🐾:%b:%d
insight	xfer~rent~0~2025~11~31~c1^xfer~trans~33.33~2025~11~31~_^exp~trans~100~2025~11~31~a1^exp~food~100~2025~11~31~c1^exp~trans~25.5~2025~11~31~c1^xfer~%a~10~2025~11~31~a1^xfer~rent~33.33~2025~11~31~_^exp~food~33.33~2026~5~11~a1||-100,1000,2:nan;zz:100;shop:0,en,2025,11,31|
insight	inc~10~33.33~2025~11~31~c1||0,20,2:1,zh,2026,5,10|
insight	exp~rent~nan~2026~1~28~_||0,_,trans:0;food:nan;%a:0,en,2026,1,28|
credit	exp~shop~25.5~2026~5~10~_^exp~2~1~2026~5~25~_^xfer~10~1~2025~11~31~_^exp~%a~10~2026~5~25~_^inc~10~10~2026~0~1~c1^inc~shop~25.5~2025~11~31~a1^exp~food~-5~2025~11~31~_^inc~2~10~2026~0~1~c1|c1~卡c1~~credit~100~10~25|120,0,shop:100,zh,2025,11,31|trans:🐾:%a:%d
insight	exp~trans~100~2026~5~25~c1^xfer~shop~100~2025~11~31~a1^xfer~rent~10~2026~5~25~_^exp~rent~33.33~2026~5~25~a1^xfer~%a~-5~2026~5~25~a1||-100,_,2:10,zh,2026,5,25|shop:🐾:%b:%a
insight	||0,nan,zz:100;2:nan;%a:30;10:nan,zh,2026,5,10|
insight	xfer~%a~1~2026~0~1~_^exp~10~25.5~2026~0~1~_^inc~trans~0.5~2026~0~1~c1^exp~2~1~2026~0~1~c1^xfer~10~1~2026~0~1~c1||100,1000,,zh,2026,0,1|
credit	exp~2~33.33~2026~0~1~_^exp~%a~10~2026~5~10~c1^exp~rent~10~2026~5~11~c1^exp~zz~33.33~2026~5~10~c1^exp~shop~0.5~2026~0~1~a1^exp~%a~10~2026~0~1~_|c1~卡c1~_~credit~100~15~25|nan,0,trans:0;10:nan;rent:nan,zh,2026,0,1|
insight	exp~10~1~2026~5~11~c1^exp~food~0~2026~5~11~c1^exp~rent~25.5~2026~5~11~_^xfer~food~-5~2026~5~11~_^exp~rent~0.5~2026~5~11~a1^exp~rent~100~2026~5~10~c1^exp~food~nan~2026~1~28~_||1000,_,,zh,2026,5,11|2:🐾:%b:%a
insight	xfer~trans~-5~2026~0~1~_^xfer~10~1~2026~0~1~_^exp~%a~1~2026~0~1~c1||1000,50,2:-1,zh,2026,0,1|
insight	exp~food~10~2026~1~28~_^exp~trans~33.33~2026~5~11~a1||nan,50,trans:30;2:-1;zz:100,en,2026,5,11|
insight	exp~trans~1~2026~5~25~_^inc~rent~0~2026~5~25~a1^exp~zz~-5~2026~5~25~a1||1000,20,food:0;zz:30,en,2026,5,25|
credit	inc~%a~nan~2026~1~28~a1^inc~10~-5~2026~1~28~_^xfer~food~0~2026~1~28~a1|c1~卡c1~~credit~-100~15~25^c2~卡c2~_~credit~100~25~20|nan,_,%a:10;trans:1,zh,2026,1,28|
insight	exp~2~nan~2026~0~1~a1^exp~10~nan~2026~1~28~c1^exp~shop~-5~2026~5~25~a1||100,_,2:0;trans:nan;zz:-1;shop:nan,en,2026,5,25|
credit	inc~trans~0~2026~1~28~c1^exp~zz~25.5~2025~11~31~a1^exp~shop~nan~2026~1~28~_|c1~卡c1~_~credit~100~15~25|0,0,shop:30;rent:0,zh,2026,1,28|zz:🐾:自定义:%d
insight	exp~shop~0.5~2026~5~11~_^exp~zz~10~2025~11~31~_||120,nan,food:30,en,2026,5,11|
credit	xfer~zz~10~2025~11~31~_^xfer~trans~25.5~2025~11~31~a1|c1~卡c1~~credit~0~25~10|0,0,2:nan;food:0;%a:100,en,2025,11,31|trans:🐾:自定义:%d
insight	exp~zz~10~2026~5~10~_^inc~rent~-5~2026~5~10~_^inc~10~0.5~2026~5~10~a1^exp~%a~100~2026~5~10~c1^exp~%a~0~2026~5~10~c1^exp~shop~-5~2026~5~10~_^exp~zz~10~2026~5~11~a1||100,1000,,en,2026,5,10|
insight	exp~2~0.5~2026~1~28~a1^exp~zz~-5~2026~0~1~c1^inc~trans~10~2025~11~31~a1^xfer~food~-5~2026~1~28~c1||-100,nan,food:0;2:30,en,2026,0,1|
insight	exp~rent~25.5~2025~11~31~_||0,50,,zh,2025,11,31|
insight	||nan,0,,zh,2025,11,31|
credit	exp~food~0.5~2026~5~25~_^exp~food~0.5~2026~5~25~a1^exp~rent~0~2026~5~25~_^exp~%a~0.5~2026~5~25~a1|c1~卡c1~~credit~100~10~10^c2~卡c2~Card c2~credit~100~15~20|120,0,shop:1;2:-1;rent:-1,en,2026,5,25|
insight	xfer~shop~25.5~2026~5~25~a1^exp~zz~33.33~2026~5~25~c1||120,_,,zh,2026,5,25|
insight	inc~shop~1~2026~0~1~c1^xfer~zz~nan~2026~5~11~c1^exp~zz~10~2026~5~11~_^exp~2~0~2026~5~11~_^exp~2~0.5~2025~11~31~a1^exp~food~nan~2026~5~11~c1^exp~trans~-5~2026~5~11~_||0,0,rent:nan;10:100;zz:10,en,2026,5,11|10:🐾:自定义:%d
credit	exp~%a~25.5~2026~1~28~_^exp~food~100~2026~1~28~a1|c1~卡c1~~credit~-100~25~_|1000,20,trans:nan;2:10;rent:30,en,2026,1,28|
insight	inc~trans~33.33~2026~1~28~_^inc~zz~1~2025~11~31~c1^exp~rent~33.33~2025~11~31~a1^exp~food~-5~2026~0~1~c1^xfer~10~nan~2025~11~31~a1^inc~rent~nan~2025~11~31~a1||0,_,rent:1;zz:1;food:-1,zh,2025,11,31|
insight	exp~%a~-5~2026~5~25~a1^exp~trans~100~2026~1~28~a1^xfer~zz~nan~2026~5~25~c1||0,50,,zh,2026,5,25|
credit	inc~shop~1~2026~0~1~c1^exp~zz~33.33~2026~0~1~a1^exp~2~nan~2026~0~1~a1^exp~food~10~2026~0~1~_^exp~food~25.5~2026~0~1~_^exp~shop~33.33~2026~0~1~a1|c1~卡c1~_~credit~100~15~20^c2~卡c2~Card c2~credit~-100~10~20|_,50,%a:-1,en,2026,0,1|10:🐾:%a:%d
insight	inc~zz~1~2026~5~25~a1^inc~10~1~2026~5~25~a1^xfer~10~0.5~2026~5~25~a1^inc~trans~33.33~2026~5~25~c1^exp~trans~25.5~2026~5~25~_^exp~10~0.5~2026~5~25~a1||_,_,%a:30,en,2026,5,25|
insight	exp~%a~10~2026~5~11~a1^exp~%a~10~2026~5~11~c1^exp~%a~0.5~2026~5~11~_^xfer~2~1~2026~5~11~_^exp~%a~0.5~2026~5~11~a1^exp~%a~0.5~2026~5~11~c1^exp~%a~0.5~2026~5~11~_^exp~trans~100~2026~5~11~_||nan,1000,food:0;zz:10,en,2026,5,11|
insight	exp~food~100~2026~1~28~a1^xfer~2~33.33~2026~1~28~a1^inc~2~33.33~2026~1~28~c1^exp~food~nan~2026~1~28~c1^exp~2~33.33~2026~5~11~c1||_,20,rent:1,en,2026,1,28|
insight	exp~trans~0~2026~0~1~_^xfer~zz~25.5~2026~0~1~c1^exp~trans~-5~2026~0~1~c1^exp~10~33.33~2026~0~1~c1||-100,20,rent:-1;zz:100;%a:nan;trans:100,en,2026,0,1|
insight	exp~%a~100~2026~1~28~_^inc~%a~0~2025~11~31~a1||100,20,food:0;rent:0,en,2025,11,31|10:🐾:自定义:Custom
insight	||0,20,rent:10,zh,2025,11,31|
insight	exp~rent~25.5~2026~5~11~c1||100,1000,,zh,2026,5,11|
insight	||_,nan,food:100,en,2026,1,28|trans:🐾:自定义:Custom
insight	exp~food~nan~2026~5~10~a1^exp~shop~-5~2026~5~10~a1^exp~%a~0~2026~5~10~_||nan,20,shop:0;10:1,zh,2026,5,10|rent:🐾:自定义:%d
insight	inc~2~1~2026~5~11~c1^xfer~10~0~2026~1~28~c1^inc~food~1~2026~5~11~c1^inc~trans~33.33~2026~5~10~c1^exp~10~1~2026~5~11~c1||100,nan,,zh,2026,5,11|
insight	xfer~%a~0~2026~1~28~a1^exp~trans~100~2026~1~28~a1^xfer~trans~25.5~2026~1~28~_^xfer~shop~1~2026~1~28~c1^xfer~%a~-5~2026~5~10~a1^exp~shop~100~2026~1~28~c1^exp~2~0~2026~1~28~c1||-100,_,,en,2026,1,28|
insight	exp~shop~10~2026~0~1~_||1000,nan,10:nan;2:nan,en,2026,1,28|
insight	exp~trans~25.5~2026~5~25~_^xfer~2~100~2026~0~1~c1^xfer~10~0.5~2026~0~1~c1^exp~rent~33.33~2026~0~1~a1||0,0,food:nan;2:30;shop:30,en,2026,0,1|
insight	xfer~zz~1~2026~0~1~a1||_,_,food:1,en,2026,5,11|
insight	exp~%a~10~2026~1~28~a1^xfer~2~33.33~2026~1~28~c1^exp~2~10~2025~11~31~c1^inc~trans~nan~2026~5~11~_^inc~zz~-5~2026~1~28~_^exp~zz~25.5~2026~1~28~_||120,nan,%a:0;10:30,en,2026,1,28|
insight	exp~10~nan~2026~1~28~a1^exp~zz~1~2026~1~28~c1^xfer~trans~25.5~2026~1~28~_^exp~food~0.5~2026~1~28~_^exp~trans~100~2026~5~25~a1^exp~%a~33.33~2025~11~31~c1||_,_,food:1;10:1,zh,2026,1,28|
insight	exp~shop~1~2026~5~25~a1^exp~%a~100~2026~5~11~c1^xfer~10~10~2026~5~10~a1||120,50,%a:1;zz:10;trans:-1;2:100,en,2026,5,25|shop:🐾:%b:Custom
insight	exp~%a~10~2026~5~11~_^xfer~2~1~2025~11~31~a1^exp~trans~0.5~2026~5~25~a1||100,nan,shop:1;trans:100,zh,2025,11,31|
insight	||1000,_,2:10;rent:1;%a:1;food:10,en,2026,5,11|
insight	exp~rent~0.5~2026~5~10~a1^exp~trans~25.5~2026~5~10~_^xfer~%a~33.33~2026~1~28~_^inc~trans~0~2026~5~10~c1^exp~rent~1~2026~5~10~c1||0,_,trans:30;rent:nan,zh,2026,5,10|
insight	exp~zz~33.33~2026~5~10~_^exp~zz~33.33~2026~5~25~c1^exp~%a~1~2026~5~25~_^exp~shop~0~2026~5~25~_^exp~2~nan~2026~5~25~_^exp~10~100~2026~5~25~a1||0,20,rent:100;trans:1;shop:10,en,2026,5,25|
insight	inc~shop~0~2026~5~25~_^exp~rent~100~2026~0~1~c1^inc~10~nan~2026~5~25~c1^xfer~%a~100~2026~1~28~_^exp~shop~1~2026~1~28~a1^inc~10~100~2026~5~11~c1^exp~trans~1~2026~5~25~_||120,_,%a:30;food:0;rent:-1,zh,2026,5,25|
insight	||_,nan,food:10;%a:nan;shop:0;10:1,en,2026,5,10|
insight	||_,50,%a:30;shop:30;trans:10;zz:1,zh,2026,0,1|10:🐾:%a:Custom
insight	exp~trans~33.33~2026~5~11~c1||1000,50,2:30,zh,2026,5,11|rent:🐾:%b:%a
insight	xfer~zz~-5~2025~11~31~c1^xfer~food~0.5~2026~5~25~a1^exp~zz~25.5~2025~11~31~a1^exp~rent~10~2025~11~31~_||_,50,trans:-1;shop:0,en,2025,11,31|
insight	xfer~food~nan~2026~1~28~a1^xfer~trans~0~2025~11~31~a1^exp~shop~-5~2026~5~11~a1^xfer~zz~nan~2026~0~1~a1^exp~shop~100~2026~1~28~_^exp~%a~0.5~2025~11~31~_||100,50,food:1;2:1;rent:1,zh,2026,1,28|shop:🐾:%b:Custom
insight	||120,50,shop:100,zh,2026,5,11|
insight	exp~trans~100~2025~11~31~_^xfer~2~33.33~2026~5~10~a1||0,nan,rent:100;shop:10;10:-1;food:100,en,2025,11,31|
credit	exp~10~25.5~2026~1~28~a1^xfer~shop~100~2026~1~28~c1^exp~shop~10~2026~5~10~c1^exp~food~10~2026~1~28~a1^exp~zz~33.33~2026~1~28~_^inc~trans~100~2026~1~28~c1^xfer~trans~10~2026~1~28~_^exp~shop~nan~2025~11~31~_|c1~卡c1~~credit~100~10~25|_,1000,food:1;2:1,en,2026,1,28|
insight	exp~10~10~2026~0~1~c1^exp~trans~0~2026~1~28~c1^exp~zz~1~2026~5~10~a1||1000,50,2:10;10:10;food:100,zh,2026,0,1|
credit	xfer~shop~0.5~2026~1~28~c1^exp~trans~0.5~2026~1~28~c1^exp~shop~25.5~2026~1~28~a1^exp~%a~33.33~2026~1~28~_^xfer~trans~1~2026~1~28~a1^exp~2~100~2026~1~28~c1^exp~rent~0.5~2026~1~28~c1|c1~卡c1~Card c1~credit~100~25~10^c2~卡c2~Card c2~credit~100~10~_|_,nan,2:10;food:-1,en,2026,1,28|10:🐾:%b:%a
credit	exp~%a~1~2026~5~25~a1^exp~2~nan~2026~5~25~a1^inc~food~25.5~2026~5~25~a1^exp~food~-5~2026~5~25~_^inc~10~nan~2026~5~25~a1^exp~shop~100~2026~5~25~a1^exp~zz~100~2026~5~25~_^exp~%a~100~2026~1~28~_|c1~卡c1~Card c1~credit~-100~10~_|_,20,shop:100;2:0;food:100;trans:1,zh,2026,5,25|food:🐾:自定义:%d
insight	||100,nan,shop:100;zz:-1,en,2026,5,11|
credit	exp~shop~-5~2026~1~28~c1^inc~trans~10~2026~5~10~a1^exp~trans~100~2026~5~11~c1^inc~2~nan~2026~0~1~a1^exp~10~100~2026~5~11~a1^xfer~10~33.33~2025~11~31~_^exp~%a~0~2026~5~11~a1|c1~卡c1~~credit~100~15~10|100,0,10:1;%a:nan,en,2026,5,11|trans:🐾:%b:%a
insight	exp~rent~1~2026~5~25~_^inc~%a~33.33~2026~5~11~_^xfer~shop~10~2026~5~25~c1^xfer~zz~10~2026~5~25~a1^exp~rent~1~2026~5~25~c1||-100,_,10:30;food:100,en,2026,5,25|
credit	exp~zz~0.5~2026~0~1~c1^exp~shop~33.33~2026~1~28~_^exp~2~33.33~2026~0~1~a1^xfer~%a~0.5~2026~0~1~_^exp~10~0~2026~0~1~a1^exp~2~nan~2026~0~1~_|c1~卡c1~Card c1~credit~0~10~20^c2~卡c2~Card c2~credit~100~25~_|nan,0,2:30;10:10;trans:0;shop:30,zh,2026,0,1|
insight	exp~%a~33.33~2025~11~31~a1^exp~zz~10~2026~5~11~a1^xfer~2~0.5~2026~0~1~_^exp~2~-5~2026~5~11~a1^exp~2~-5~2026~5~25~c1^xfer~%a~33.33~2026~0~1~a1^exp~food~100~2026~5~11~a1^exp~trans~0.5~2026~5~11~a1||-100,_,food:-1,zh,2026,5,11|
credit	|c1~卡c1~_~credit~100~25~_|_,50,food:100;rent:nan,zh,2025,11,31|
credit	exp~trans~10~2026~5~10~c1^inc~rent~100~2025~11~31~_|c1~卡c1~Card c1~credit~0~25~_|120,0,rent:0,en,2026,5,10|%a:🐾:自定义:%a
insight	exp~trans~25.5~2026~1~28~_^exp~trans~-5~2026~1~28~_^exp~2~1~2026~5~11~c1^exp~%a~nan~2026~1~28~a1^exp~2~10~2026~1~28~_^exp~rent~-5~2026~1~28~a1||_,20,food:0;zz:30;rent:-1;10:nan,zh,2026,1,28|
insight	inc~shop~25.5~2026~5~10~c1^exp~2~25.5~2026~5~10~_^inc~10~0.5~2026~5~10~c1^exp~2~10~2026~5~10~c1^exp~zz~nan~2026~5~10~_^xfer~shop~25.5~2026~5~10~_^exp~10~0.5~2026~0~1~_||100,50,10:0;zz:100;trans:0;2:nan,zh,2026,5,10|
insight	xfer~%a~25.5~2026~5~11~c1^exp~10~25.5~2026~5~10~c1^xfer~10~100~2025~11~31~a1^exp~zz~1~2026~0~1~a1||0,_,trans:-1,zh,2025,11,31|
insight	exp~2~0.5~2026~5~11~_^exp~zz~nan~2026~5~10~c1^exp~rent~25.5~2026~5~11~_^inc~zz~0~2026~5~25~a1^exp~%a~10~2026~5~11~a1^exp~shop~10~2026~5~11~a1^exp~zz~0~2025~11~31~c1^exp~rent~33.33~2026~5~10~a1||-100,_,food:100;rent:0;%a:30;trans:-1,en,2026,5,10|rent:🐾:%a:%a
insight	exp~zz~25.5~2026~5~25~c1^exp~trans~10~2026~5~25~_^inc~10~0.5~2026~5~25~a1^exp~rent~10~2026~5~25~a1^exp~10~1~2026~5~25~a1^exp~10~nan~2026~5~25~a1^inc~10~-5~2026~5~25~a1^exp~rent~100~2026~5~11~_||120,20,shop:100;2:0,zh,2026,5,25|trans:🐾:%a:Custom
insight	exp~rent~33.33~2026~5~11~c1^exp~shop~0~2025~11~31~c1^xfer~food~1~2025~11~31~a1^exp~shop~25.5~2025~11~31~c1^exp~food~10~2025~11~31~a1^exp~%a~100~2026~5~11~a1^xfer~zz~33.33~2026~0~1~c1||nan,0,2:nan;shop:0;food:nan;trans:nan,en,2025,11,31|
credit	inc~10~-5~2026~0~1~a1^exp~zz~10~2026~0~1~c1^exp~%a~1~2026~5~10~_^xfer~2~25.5~2026~0~1~a1^exp~2~1~2025~11~31~c1^xfer~rent~100~2026~5~10~a1|c1~卡c1~_~credit~100~15~20^c2~卡c2~~credit~-100~25~25|_,_,10:1;shop:100,en,2026,0,1|
insight	exp~shop~25.5~2026~5~25~a1^exp~rent~33.33~2026~0~1~_||nan,1000,shop:0;%a:nan,en,2026,5,25|
insight	exp~trans~10~2026~1~28~_^exp~2~nan~2026~0~1~a1^exp~2~nan~2026~0~1~c1^exp~trans~100~2026~0~1~c1^exp~2~10~2026~0~1~_||1000,0,2:nan;%a:1;10:100;zz:1,zh,2026,0,1|
insight	xfer~trans~25.5~2026~1~28~a1^exp~trans~0.5~2026~0~1~a1^exp~2~0~2026~0~1~c1||_,_,zz:10;2:10;%a:100,zh,2026,0,1|trans:🐾:%a:%d
insight	xfer~2~1~2026~5~25~_^exp~10~25.5~2026~1~28~c1^exp~zz~33.33~2026~0~1~c1^xfer~trans~nan~2026~0~1~_^exp~2~10~2026~5~25~a1||0,_,%a:0;2:1;zz:1,zh,2026,0,1|
insight	inc~trans~25.5~2026~0~1~c1^exp~2~33.33~2026~0~1~a1^inc~10~0.5~2026~5~10~a1^exp~zz~10~2026~0~1~a1^xfer~rent~nan~2026~0~1~a1^exp~2~nan~2026~5~25~a1||100,50,rent:1,en,2026,0,1|
insight	inc~food~nan~2026~0~1~a1||0,_,2:1;zz:nan;shop:100;rent:1,zh,2026,0,1|
insight	exp~10~10~2026~5~25~c1||-100,50,10:-1;food:10,zh,2026,5,25|
insight	inc~zz~-5~2025~11~31~c1^exp~rent~0.5~2025~11~31~_^xfer~rent~-5~2025~11~31~_^exp~%a~33.33~2025~11~31~_^exp~%a~-5~2026~5~11~_^xfer~trans~10~2025~11~31~_^exp~zz~-5~2025~11~31~a1||120,nan,,en,2025,11,31|
insight	exp~rent~0~2026~1~28~a1^exp~zz~0.5~2026~1~28~a1^exp~shop~0.5~2026~1~28~c1^exp~trans~nan~2026~5~25~_||120,1000,2:0;food:-1;shop:30,zh,2026,1,28|
credit	exp~food~25.5~2026~5~10~_|c1~卡c1~~credit~100~10~20^c2~卡c2~_~credit~0~10~_|1000,nan,,en,2026,1,28|food:🐾:%b:%a
insight	exp~food~10~2026~0~1~a1^exp~trans~33.33~2026~0~1~c1^exp~shop~0~2026~0~1~a1^exp~10~1~2026~0~1~a1^exp~zz~33.33~2026~0~1~c1^exp~2~10~2026~0~1~a1||-100,_,food:30;2:100;10:10;shop:1,en,2026,0,1|
insight	inc~zz~25.5~2026~5~10~a1^inc~shop~-5~2026~5~10~_^inc~food~100~2026~5~10~c1^exp~10~-5~2026~0~1~_^exp~rent~25.5~2026~5~10~_^exp~shop~25.5~2026~5~10~a1^exp~%a~-5~2026~5~11~a1^inc~food~10~2026~5~25~a1||_,20,rent:0;zz:0,en,2026,5,10|
insight	exp~10~0~2026~5~10~a1^exp~zz~100~2026~0~1~c1||120,1000,trans:100,zh,2026,0,1|
credit	exp~food~100~2026~0~1~c1^exp~10~0.5~2026~5~10~_^exp~trans~25.5~2026~5~10~_^xfer~zz~10~2026~5~10~_^exp~food~1~2026~1~28~c1^exp~shop~10~2026~1~28~_|c1~卡c1~_~credit~100~25~25|-100,_,,zh,2026,5,10|
insight	exp~rent~0.5~2025~11~31~_^exp~zz~33.33~2026~1~28~_||_,0,,en,2026,1,28|
insight	exp~%a~25.5~2026~0~1~_^xfer~rent~0.5~2026~5~11~c1^inc~food~25.5~2026~0~1~_^exp~10~1~2026~1~28~_^exp~rent~33.33~2026~1~28~c1^exp~shop~0~2026~5~25~_^exp~trans~0~2025~11~31~_^exp~zz~-5~2026~0~1~c1||0,_,%a:nan;rent:nan,zh,2026,0,1|shop:🐾:%b:Custom
credit	xfer~10~0.5~2026~1~28~a1^exp~shop~nan~2026~1~28~a1^exp~%a~1~2026~1~28~c1^inc~2~-5~2026~1~28~_^exp~2~10~2026~1~28~_^inc~rent~100~2026~5~11~_^exp~food~33.33~2026~5~25~a1|c1~卡c1~Card c1~credit~0~10~20^c2~卡c2~_~credit~-100~15~10|100,20,2:10,zh,2026,1,28|
insight	exp~food~100~2026~5~10~c1||0,0,trans:100,zh,2026,5,10|%a:🐾:自定义:Custom
insight	exp~rent~1~2026~5~10~c1^exp~zz~0.5~2026~5~25~a1^exp~2~10~2026~5~10~c1^exp~zz~100~2026~5~10~a1||nan,20,zz:30,zh,2026,5,10|
insight	exp~2~10~2026~0~1~a1||_,0,%a:1;2:30,en,2025,11,31|
insight	exp~food~100~2026~5~25~a1^xfer~food~1~2026~5~10~a1^inc~2~-5~2026~5~25~c1^xfer~rent~1~2026~5~25~a1^exp~2~25.5~2026~5~25~_^xfer~trans~nan~2026~5~25~a1^exp~food~0.5~2025~11~31~_^exp~trans~10~2026~5~25~c1||nan,nan,,en,2026,5,25|
credit	inc~trans~1~2025~11~31~a1^exp~food~33.33~2026~0~1~c1^exp~2~nan~2026~0~1~c1|c1~卡c1~~credit~100~25~_^c2~卡c2~~credit~100~15~20|_,0,,en,2026,0,1|
insight	exp~shop~0.5~2025~11~31~c1^exp~%a~100~2025~11~31~_^exp~rent~nan~2025~11~31~c1^xfer~trans~10~2025~11~31~a1^exp~%a~-5~2025~11~31~a1^exp~2~100~2026~5~11~_^inc~10~0~2026~0~1~a1^exp~trans~-5~2026~0~1~_||100,nan,rent:0;trans:1;zz:0,en,2025,11,31|
insight	exp~rent~-5~2026~5~11~_^exp~10~1~2026~5~11~a1^exp~rent~1~2026~5~11~_||120,1000,,zh,2026,5,11|
insight	inc~rent~33.33~2026~5~11~c1^xfer~2~0~2025~11~31~_||0,1000,%a:0;trans:100,en,2025,11,31|
insight	exp~trans~10~2026~5~25~a1^exp~rent~10~2026~5~10~c1^exp~trans~0.5~2026~5~11~a1^inc~shop~100~2026~5~10~_^inc~food~1~2026~5~11~a1^inc~shop~25.5~2026~5~10~a1||120,0,trans:10;2:0,zh,2026,5,10|
insight	exp~2~nan~2025~11~31~a1^exp~zz~nan~2025~11~31~_^exp~zz~nan~2025~11~31~a1^exp~trans~0.5~2025~11~31~c1^exp~2~nan~2025~11~31~c1^exp~shop~25.5~2025~11~31~_^exp~zz~-5~2025~11~31~a1||_,20,,en,2025,11,31|
insight	xfer~shop~33.33~2026~0~1~_^exp~trans~25.5~2026~5~25~a1^exp~%a~25.5~2026~5~25~_^exp~food~100~2026~5~11~c1^xfer~shop~100~2026~5~25~_^exp~%a~33.33~2026~5~10~_^exp~%a~0.5~2026~5~25~_^exp~trans~-5~2026~5~25~c1||1000,20,10:0;trans:10;%a:30;zz:100,en,2026,5,25|2:🐾:自定义:Custom
credit	exp~rent~10~2026~0~1~_^xfer~10~nan~2026~5~11~_^exp~zz~100~2026~5~11~c1^exp~10~1~2026~5~10~a1^exp~10~0.5~2026~5~11~_^exp~2~nan~2026~5~11~c1^exp~zz~0~2026~5~11~a1|c1~卡c1~~credit~100~25~25^c2~卡c2~~credit~100~25~_|100,50,trans:10;shop:-1;%a:1;10:1,en,2026,5,11|
insight	xfer~food~33.33~2026~5~25~_^xfer~%a~33.33~2026~5~11~c1||1000,nan,food:100;trans:0;2:30;shop:0,zh,2026,5,11|
insight	||nan,0,shop:1;10:1;food:100,en,2026,0,1|
insight	xfer~rent~0~2026~5~10~a1^inc~rent~1~2025~11~31~c1^exp~rent~1~2026~5~10~a1||_,nan,,zh,2026,5,10|
insight	inc~2~0~2026~5~25~c1^inc~%a~nan~2026~5~25~_||-100,0,food:nan;zz:0;trans:30,en,2026,5,25|shop:🐾:自定义:%a
insight	inc~10~-5~2026~5~11~a1^inc~zz~0.5~2026~5~11~_^exp~shop~1~2026~5~11~_^exp~food~100~2026~5~25~a1^inc~shop~10~2026~1~28~c1^inc~shop~0~2026~1~28~c1^xfer~zz~0~2026~5~11~a1^exp~food~25.5~2026~5~10~a1||100,1000,food:-1,en,2026,5,11|
insight	xfer~2~25.5~2026~1~28~_||-100,nan,trans:1;zz:nan;%a:nan;2:100,en,2026,1,28|
credit	exp~10~100~2026~0~1~_^exp~rent~25.5~2026~5~25~_^exp~shop~nan~2026~5~25~a1^inc~zz~33.33~2026~5~25~_^inc~10~-5~2026~1~28~a1|c1~卡c1~_~credit~100~15~20^c2~卡c2~Card c2~credit~100~10~25|_,_,trans:30;2:30,en,2026,5,25|%a:🐾:%a:%a
insight	exp~rent~1~2025~11~31~c1^exp~%a~0~2025~11~31~a1^xfer~%a~10~2025~11~31~_^exp~rent~25.5~2025~11~31~_^exp~food~nan~2025~11~31~_||_,1000,food:30;2:0;zz:100,en,2025,11,31|
insight	inc~rent~25.5~2026~5~25~c1^xfer~food~0.5~2025~11~31~_^exp~zz~0~2025~11~31~_^xfer~2~0~2025~11~31~_^exp~trans~0.5~2026~5~10~_||0,20,2:10;food:1;rent:nan,zh,2025,11,31|
credit	exp~10~-5~2026~5~11~_^exp~%a~nan~2026~5~11~a1^exp~10~25.5~2025~11~31~c1^exp~rent~33.33~2026~5~11~c1^xfer~trans~10~2026~1~28~c1|c1~卡c1~Card c1~credit~-100~15~10^c2~卡c2~~credit~100~10~25|120,20,food:1,en,2026,5,11|
insight	exp~trans~10~2026~5~25~a1^exp~shop~0.5~2026~5~11~a1^inc~food~nan~2026~5~11~a1^xfer~2~33.33~2026~5~25~c1^exp~10~25.5~2025~11~31~a1^exp~10~0.5~2026~1~28~a1||_,nan,,zh,2026,5,25|zz:🐾:%b:Custom
insight	exp~shop~10~2025~11~31~a1^exp~trans~0.5~2026~5~11~_^xfer~trans~nan~2026~1~28~c1^exp~trans~100~2026~5~11~a1^exp~trans~33.33~2026~5~11~a1||1000,nan,,zh,2026,5,11|zz:🐾:%b:Custom
insight	exp~trans~25.5~2025~11~31~a1||100,_,rent:1;%a:100;2:-1;shop:-1,en,2025,11,31|
insight	exp~shop~1~2026~5~10~c1^exp~shop~100~2026~5~25~a1^exp~food~100~2026~0~1~a1^inc~rent~nan~2026~0~1~a1^inc~10~nan~2026~5~25~a1||100,0,zz:nan;rent:nan;food:0;trans:1,en,2026,0,1|
insight	||_,0,food:30;zz:100;trans:30;%a:100,en,2026,1,28|
insight	inc~2~10~2026~1~28~a1^exp~rent~nan~2026~5~11~_^xfer~rent~nan~2026~5~11~_^exp~rent~nan~2026~0~1~c1^exp~food~1~2026~5~11~c1^exp~%a~100~2026~5~11~c1||100,20,trans:0,en,2026,5,11|
insight	inc~shop~33.33~2025~11~31~c1^exp~rent~-5~2025~11~31~c1^exp~rent~0.5~2026~5~10~a1^exp~trans~25.5~2025~11~31~c1||1000,1000,,zh,2025,11,31|shop:🐾:%a:%d
insight	exp~2~1~2025~11~31~c1||0,_,zz:100;10:30,zh,2025,11,31|
insight	exp~10~nan~2025~11~31~a1^exp~2~10~2025~11~31~_^exp~10~0~2026~1~28~c1||-100,1000,,zh,2025,11,31|
insight	xfer~2~0.5~2026~5~10~_^exp~zz~10~2026~5~10~_^exp~trans~nan~2026~5~25~a1^exp~10~1~2026~5~10~_^exp~food~-5~2026~5~10~c1^xfer~%a~10~2026~5~10~_||100,1000,10:1;shop:10;zz:10;trans:nan,en,2026,5,10|
insight	xfer~zz~nan~2026~0~1~c1^exp~10~0~2026~5~11~c1^exp~zz~nan~2026~0~1~a1^inc~10~1~2026~0~1~_||100,50,,zh,2026,0,1|
credit	exp~%a~nan~2026~1~28~a1^exp~10~nan~2026~5~11~a1|c1~卡c1~_~credit~-100~10~20|-100,1000,rent:nan;shop:10;%a:100,en,2026,5,11|
insight	inc~%a~100~2026~5~11~_^exp~2~1~2026~5~10~c1^inc~2~100~2026~5~11~c1^exp~shop~-5~2026~5~11~c1||100,1000,food:30;10:nan;trans:100;2:1,zh,2026,5,11|
insight	||100,0,zz:30;trans:0;shop:nan;food:nan,en,2026,5,11|
insight	||nan,_,2:30;%a:-1,en,2026,5,11|rent:🐾:自定义:%a
insight	inc~rent~0~2026~1~28~a1^xfer~zz~25.5~2026~0~1~c1^exp~2~33.33~2026~5~10~c1^exp~10~25.5~2026~0~1~_^exp~food~25.5~2026~5~11~c1^inc~10~-5~2026~5~11~a1^exp~rent~1~2026~1~28~a1^xfer~food~nan~2025~11~31~_||nan,nan,10:10,zh,2026,1,28|
insight	xfer~zz~0.5~2026~5~25~a1^exp~trans~25.5~2026~5~25~_^xfer~shop~10~2026~5~25~a1^exp~shop~0~2026~5~25~_^exp~2~nan~2025~11~31~a1^exp~10~0.5~2026~5~25~_^exp~food~1~2026~5~25~c1^exp~zz~100~2026~5~25~_||-100,1000,zz:10;shop:30;2:-1,zh,2026,5,25|
credit	inc~%a~nan~2026~1~28~a1^xfer~shop~0.5~2026~0~1~c1^exp~%a~1~2026~0~1~a1^inc~rent~100~2026~0~1~_^exp~shop~100~2026~0~1~_^exp~shop~1~2026~0~1~_|c1~卡c1~Card c1~credit~0~25~_^c2~卡c2~~credit~100~10~20|nan,50,%a:1;2:1,zh,2026,0,1|
insight	exp~10~33.33~2025~11~31~a1^xfer~zz~0.5~2026~5~25~c1^exp~rent~-5~2026~5~11~c1^exp~2~0~2025~11~31~a1^xfer~zz~1~2026~5~11~_^exp~10~10~2026~5~11~c1||0,_,zz:100;rent:10;food:100;%a:10,en,2026,5,11|
insight	xfer~%a~-5~2026~5~10~a1^xfer~rent~10~2026~5~10~_^inc~food~-5~2026~5~10~_^exp~trans~-5~2025~11~31~a1||120,1000,,zh,2026,5,10|
insight	exp~%a~0~2026~5~11~c1^exp~%a~33.33~2026~5~10~c1||1000,20,,zh,2026,0,1|
insight	exp~%a~10~2026~5~10~_^exp~10~-5~2026~5~11~a1^exp~2~0~2026~5~25~a1^exp~zz~1~2026~1~28~c1^exp~food~nan~2026~1~28~a1||100,20,zz:100;trans:100;food:1;2:-1,zh,2026,1,28|
insight	exp~2~nan~2025~11~31~c1^exp~food~-5~2025~11~31~a1^inc~shop~10~2025~11~31~a1||1000,_,rent:100;%a:100,zh,2025,11,31|
insight	exp~10~33.33~2026~5~10~a1^exp~10~0~2026~1~28~_^exp~zz~100~2026~5~10~c1^xfer~trans~1~2026~1~28~a1^exp~trans~nan~2026~5~10~c1^xfer~shop~100~2026~5~10~a1^exp~10~-5~2026~0~1~a1||-100,20,,en,2026,5,10|
insight	exp~food~25.5~2025~11~31~a1^exp~food~33.33~2025~11~31~c1^xfer~trans~-5~2026~5~11~_||120,0,10:nan;shop:10,en,2025,11,31|rent:🐾:%a:%d
insight	inc~food~nan~2026~1~28~a1^xfer~2~nan~2026~1~28~a1^xfer~2~nan~2026~1~28~a1^xfer~trans~-5~2026~5~10~a1^exp~10~-5~2026~1~28~_^inc~10~1~2026~1~28~a1^exp~shop~25.5~2026~1~28~c1^inc~%a~33.33~2026~1~28~_||120,nan,2:30,zh,2026,1,28|%a:🐾:%b:Custom
insight	exp~10~nan~2026~5~25~a1^exp~rent~1~2026~1~28~_^exp~%a~100~2026~1~28~_^exp~zz~0~2026~1~28~_^exp~zz~1~2026~5~10~c1||1000,nan,shop:30;zz:-1;trans:10,en,2026,1,28|
insight	||0,1000,shop:-1;food:nan;rent:nan;trans:30,zh,2026,5,25|
insight	exp~%a~1~2025~11~31~c1^xfer~trans~1~2025~11~31~a1^exp~10~1~2025~11~31~_||120,0,food:1;2:10;rent:100,en,2025,11,31|10:🐾:自定义:Custom
insight	exp~zz~10~2025~11~31~c1^inc~rent~100~2026~0~1~a1||nan,1000,,zh,2026,0,1|
insight	exp~10~nan~2026~5~25~c1^inc~%a~1~2026~5~10~c1^exp~rent~10~2026~5~25~_^inc~zz~33.33~2026~5~25~a1^xfer~zz~1~2026~5~25~a1^exp~shop~1~2026~1~28~c1^exp~10~25.5~2026~5~25~_||0,0,rent:100;shop:-1;food:1,en,2026,5,25|2:🐾:%b:%d
insight	exp~shop~10~2026~1~28~_^inc~zz~-5~2026~1~28~c1^exp~%a~33.33~2026~1~28~a1^inc~trans~33.33~2026~5~10~_^exp~trans~nan~2026~0~1~c1^inc~zz~100~2026~1~28~a1||120,nan,shop:nan,zh,2026,1,28|
insight	exp~%a~1~2026~5~11~c1^inc~zz~nan~2026~5~25~_^inc~zz~nan~2026~5~10~c1^exp~10~10~2026~0~1~a1^exp~food~10~2026~1~28~a1^inc~trans~25.5~2026~5~11~c1||100,_,,zh,2026,5,11|
insight	||1000,0,food:-1;shop:-1,zh,2026,5,25|trans:🐾:%a:Custom
insight	inc~food~1~2026~5~11~c1^exp~rent~25.5~2026~5~25~a1^exp~10~0.5~2026~5~25~_^exp~shop~-5~2025~11~31~_^exp~10~10~2026~5~25~c1^exp~food~nan~2026~1~28~a1||100,20,shop:nan;trans:10;food:1,en,2026,5,25|
insight	exp~shop~100~2026~5~10~c1^inc~rent~1~2026~5~10~c1^xfer~shop~25.5~2026~5~10~a1^exp~zz~0.5~2026~5~10~_^inc~rent~100~2026~5~10~_^exp~zz~33.33~2025~11~31~a1^exp~food~100~2026~5~10~_||nan,20,2:-1,zh,2026,5,10|
insight	exp~rent~nan~2025~11~31~_^exp~2~nan~2025~11~31~c1^exp~rent~0~2025~11~31~c1^xfer~rent~-5~2025~11~31~a1^inc~%a~25.5~2025~11~31~c1^exp~2~0~2026~1~28~_^exp~%a~0.5~2026~5~10~_||100,1000,rent:nan,zh,2025,11,31|10:🐾:自定义:%d
insight	xfer~rent~10~2026~5~10~a1^inc~%a~0~2026~5~11~_^exp~shop~25.5~2026~5~10~_^xfer~trans~10~2026~5~10~a1^exp~food~10~2026~5~10~a1^exp~zz~0~2026~5~10~c1^xfer~zz~1~2026~5~10~_^exp~food~100~2026~5~10~a1||100,20,,en,2026,5,10|2:🐾:%a:%d
insight	exp~zz~100~2026~5~25~a1^inc~10~100~2025~11~31~_^xfer~zz~33.33~2025~11~31~a1||100,0,shop:30;10:10;food:1,en,2026,5,25|
insight	xfer~%a~1~2025~11~31~_^exp~10~10~2025~11~31~a1^exp~food~1~2025~11~31~a1^xfer~10~33.33~2026~5~11~_||_,1000,,en,2025,11,31|
insight	inc~trans~nan~2025~11~31~c1^exp~%a~nan~2026~1~28~_^exp~rent~33.33~2025~11~31~_||120,nan,food:30;trans:1,en,2025,11,31|shop:🐾:%a:Custom
insight	inc~10~33.33~2026~1~28~c1^exp~trans~0~2026~1~28~c1^exp~food~1~2026~1~28~a1^exp~trans~100~2026~1~28~c1^xfer~shop~0.5~2026~1~28~a1^inc~trans~1~2026~1~28~c1^inc~2~-5~2026~1~28~_^inc~2~0~2026~1~28~a1||100,50,10:0;%a:30;trans:1,en,2026,1,28|
insight	exp~10~100~2026~5~25~_^exp~%a~33.33~2025~11~31~_^exp~shop~100~2026~5~25~a1^exp~%a~100~2026~0~1~c1^exp~food~-5~2026~5~11~_||1000,nan,rent:0;zz:0,zh,2026,5,25|rent:🐾:自定义:%a
insight	exp~%a~10~2026~1~28~a1^exp~rent~33.33~2026~0~1~_||1000,0,10:nan;2:1,en,2026,1,28|
insight	exp~shop~0.5~2026~5~10~c1^exp~rent~10~2026~1~28~a1^inc~%a~10~2026~5~10~c1^exp~2~1~2026~5~11~_^exp~rent~25.5~2026~1~28~a1^exp~2~1~2026~1~28~c1^inc~zz~-5~2026~1~28~_^xfer~10~10~2026~1~28~c1||0,0,,en,2026,1,28|%a:🐾:%b:%d
credit	xfer~zz~nan~2026~5~11~c1^xfer~10~nan~2026~5~11~a1^inc~food~nan~2026~1~28~_|c1~卡c1~~credit~-100~25~25^c2~卡c2~Card c2~credit~-100~10~20|0,50,%a:100;2:100;10:1,en,2026,5,11|
credit	exp~shop~nan~2025~11~31~_^exp~food~0.5~2026~5~10~c1^exp~shop~25.5~2026~5~10~_^exp~shop~33.33~2026~0~1~a1^exp~shop~0.5~2026~5~11~a1^exp~2~100~2026~5~10~a1^exp~trans~nan~2026~5~11~_|c1~卡c1~Card c1~credit~-100~25~20|nan,_,zz:30;rent:-1;trans:1,zh,2026,5,11|
insight	exp~shop~-5~2026~0~1~_^exp~%a~0~2026~5~10~c1^exp~2~100~2025~11~31~c1^exp~10~25.5~2026~5~10~c1^exp~2~100~2026~5~10~_^exp~10~0~2026~0~1~_||_,1000,2:0;shop:-1,en,2026,5,10|
credit	|c1~卡c1~~credit~0~15~10^c2~卡c2~Card c2~credit~0~25~20|-100,_,rent:nan,en,2026,5,10|
insight	inc~shop~nan~2026~5~10~a1^inc~zz~100~2026~5~25~c1^exp~zz~10~2026~5~25~a1^xfer~2~25.5~2026~5~25~_^xfer~shop~33.33~2026~5~11~a1||120,50,rent:10,en,2026,5,25|
credit	exp~2~1~2025~11~31~_^inc~food~0.5~2026~5~25~_^inc~2~-5~2026~5~10~_^exp~zz~33.33~2025~11~31~a1|c1~卡c1~~credit~0~10~25|100,50,,en,2025,11,31|food:🐾:%a:Custom
insight	exp~shop~0.5~2026~5~11~a1||-100,0,shop:100;rent:nan;trans:nan,zh,2026,5,25|
insight	exp~rent~1~2025~11~31~a1^xfer~trans~33.33~2025~11~31~a1^exp~2~25.5~2025~11~31~c1^exp~10~25.5~2026~5~25~c1^xfer~rent~0~2025~11~31~c1^exp~2~1~2026~5~11~a1||1000,nan,,en,2025,11,31|
insight	||120,1000,food:100;10:100,en,2026,1,28|food:🐾:自定义:Custom
credit	xfer~zz~25.5~2026~0~1~c1^exp~food~100~2026~5~25~c1^exp~2~-5~2026~0~1~c1^inc~trans~100~2026~0~1~a1^exp~shop~100~2026~1~28~c1^exp~food~33.33~2026~0~1~_^exp~shop~25.5~2026~1~28~c1^exp~10~0.5~2026~5~25~a1|c1~卡c1~Card c1~credit~0~10~10^c2~卡c2~~credit~0~15~25|1000,20,,en,2026,0,1|
insight	exp~zz~0.5~2026~5~11~_^inc~shop~25.5~2025~11~31~c1^exp~food~0~2026~5~11~_||120,0,%a:nan;food:10;trans:30,zh,2026,5,11|
insight	exp~trans~nan~2026~1~28~c1^exp~2~10~2025~11~31~c1||_,_,,zh,2025,11,31|
insight	exp~zz~0~2026~5~25~a1^exp~rent~nan~2026~0~1~a1^xfer~trans~100~2026~0~1~c1||nan,1000,10:1;2:0;zz:100;trans:1,en,2026,5,10|
insight	exp~2~0.5~2026~5~25~c1^xfer~shop~0~2026~5~10~_^exp~rent~-5~2026~5~25~c1^xfer~rent~25.5~2026~5~25~c1||nan,1000,trans:30,en,2026,5,25|
insight	exp~10~-5~2026~5~11~a1^xfer~zz~25.5~2025~11~31~c1^exp~2~-5~2026~5~11~c1^xfer~10~100~2026~5~11~c1^exp~zz~0.5~2025~11~31~c1||100,20,trans:0;rent:nan;%a:0,zh,2026,5,11|food:🐾:自定义:Custom
insight	exp~10~nan~2026~0~1~a1||100,50,10:30,en,2026,0,1|
insight	exp~%a~0.5~2026~1~28~c1^xfer~10~0.5~2026~5~11~c1^exp~10~0~2026~1~28~a1^exp~10~-5~2026~1~28~a1^exp~trans~0.5~2026~1~28~c1^inc~2~-5~2026~1~28~a1^xfer~zz~nan~2026~5~10~_^exp~rent~0.5~2026~1~28~c1||120,0,2:0;food:30;%a:1,en,2026,1,28|zz:🐾:自定义:Custom
insight	||nan,nan,2:100;%a:0;food:1,zh,2026,5,25|%a:🐾:%b:%d
insight	exp~trans~33.33~2026~5~10~a1^exp~food~25.5~2026~5~10~_^exp~%a~25.5~2026~5~10~a1||-100,0,rent:10;10:-1,en,2026,5,10|
insight	||100,20,2:30;%a:100;shop:100,en,2026,5,11|
credit	inc~food~25.5~2025~11~31~c1^exp~2~0~2025~11~31~_^exp~2~0~2025~11~31~c1^exp~zz~1~2026~5~25~_^exp~2~10~2026~5~10~_|c1~卡c1~Card c1~credit~-100~15~25|100,50,%a:0;2:100;trans:30;rent:30,zh,2025,11,31|
insight	exp~10~-5~2026~5~25~c1^exp~trans~10~2026~5~25~c1||120,_,%a:nan;2:100;shop:30;rent:10,zh,2026,5,25|
insight	inc~food~0~2026~5~25~_^exp~rent~25.5~2026~5~25~_^exp~trans~0~2026~0~1~a1^exp~10~1~2026~5~11~c1^inc~2~1~2026~0~1~_||nan,nan,shop:0,zh,2026,0,1|trans:🐾:%a:%a
credit	exp~10~nan~2026~1~28~_^exp~trans~25.5~2026~1~28~a1^exp~rent~0~2026~1~28~a1^exp~shop~33.33~2026~1~28~c1^exp~%a~10~2026~0~1~c1|c1~卡c1~Card c1~credit~0~25~10|_,50,food:0;rent:nan;10:nan,zh,2026,1,28|
insight	exp~shop~1~2026~0~1~_^exp~2~nan~2026~5~10~c1^exp~rent~100~2026~0~1~_||120,20,%a:100;food:30;zz:100;trans:30,zh,2026,0,1|
insight	exp~rent~nan~2026~5~11~c1^exp~10~100~2026~5~25~c1||0,1000,food:0;zz:10;shop:10,en,2026,5,25|
insight	exp~rent~-5~2026~0~1~c1^exp~shop~0.5~2026~5~10~a1^exp~%a~10~2026~0~1~_^exp~10~25.5~2026~0~1~_||120,1000,,zh,2026,0,1|%a:🐾:%a:Custom
credit	exp~food~25.5~2026~1~28~a1|c1~卡c1~~credit~-100~25~20^c2~卡c2~~credit~100~10~25|100,0,,en,2026,1,28|
insight	xfer~%a~-5~2026~1~28~a1^inc~trans~-5~2026~0~1~_^inc~10~-5~2026~5~25~a1^inc~shop~0.5~2026~0~1~c1^exp~2~100~2026~0~1~a1||100,_,%a:30;10:nan,zh,2026,0,1|
insight	exp~%a~25.5~2025~11~31~a1^exp~10~0.5~2026~0~1~c1||-100,1000,,en,2026,1,28|
insight	exp~2~-5~2026~0~1~a1^exp~trans~10~2026~5~11~_^exp~shop~-5~2026~1~28~a1^exp~food~nan~2026~0~1~a1^exp~zz~1~2026~1~28~a1^inc~trans~nan~2026~5~11~_^exp~2~-5~2026~5~11~_||0,20,,zh,2026,5,11|
credit	|c1~卡c1~_~credit~100~25~_|_,50,shop:30,en,2026,5,25|
insight	exp~10~25.5~2026~5~10~c1^inc~zz~100~2026~5~10~a1^exp~%a~0.5~2026~5~25~_^exp~shop~33.33~2025~11~31~a1^xfer~shop~100~2026~1~28~_^exp~10~100~2026~5~10~c1^exp~10~33.33~2026~5~11~c1^exp~food~33.33~2026~5~10~c1||1000,_,food:0,en,2026,5,10|
insight	exp~zz~33.33~2026~1~28~a1||-100,1000,food:10,en,2026,1,28|rent:🐾:%b:%a
insight	inc~shop~100~2026~0~1~_^inc~rent~25.5~2026~5~11~a1^exp~2~1~2026~5~11~c1^exp~10~1~2026~5~10~_||0,20,shop:1;10:0,zh,2026,5,11|
insight	exp~%a~-5~2026~0~1~_^inc~10~0~2026~0~1~_^xfer~%a~25.5~2025~11~31~a1^exp~%a~1~2025~11~31~_^exp~food~100~2026~5~11~_^inc~10~0~2025~11~31~c1^exp~food~-5~2025~11~31~_^exp~10~-5~2025~11~31~c1||120,50,food:100,zh,2025,11,31|
insight	exp~2~1~2025~11~31~c1^xfer~zz~33.33~2026~0~1~c1^exp~shop~33.33~2025~11~31~c1^exp~%a~nan~2026~1~28~_||0,1000,shop:0,en,2025,11,31|
credit	inc~rent~25.5~2026~1~28~a1|c1~卡c1~Card c1~credit~0~10~10^c2~卡c2~~credit~0~10~25|1000,20,,zh,2026,1,28|
insight	exp~food~0.5~2026~5~11~a1^exp~%a~1~2026~0~1~c1^exp~%a~100~2026~0~1~a1^exp~2~-5~2026~0~1~_^xfer~trans~0.5~2026~0~1~a1^exp~food~-5~2026~0~1~c1||120,1000,shop:1,zh,2026,0,1|
insight	||1000,50,zz:100,en,2026,5,10|2:🐾:%a:%a
insight	exp~%a~1~2026~0~1~_^exp~rent~10~2026~5~11~_^exp~zz~0.5~2026~5~11~c1^xfer~10~0~2026~5~11~c1^exp~zz~100~2026~5~11~_^xfer~trans~nan~2026~5~11~a1||0,nan,shop:1;rent:-1;food:-1;10:-1,en,2026,5,11|
insight	exp~%a~-5~2026~5~10~a1||0,nan,food:nan;zz:100;trans:0;10:0,en,2026,5,10|
credit	inc~rent~0.5~2026~1~28~_^xfer~2~100~2026~5~11~c1^inc~%a~0.5~2026~1~28~_^xfer~10~10~2026~1~28~_^xfer~2~100~2026~1~28~a1^exp~shop~1~2026~1~28~c1|c1~卡c1~Card c1~credit~0~15~_|-100,0,rent:1;shop:1;zz:0;%a:30,zh,2026,1,28|
insight	inc~shop~nan~2026~5~25~c1^xfer~2~0.5~2026~5~25~c1^inc~rent~10~2026~5~25~a1^exp~%a~25.5~2026~5~25~c1^exp~%a~nan~2026~5~25~a1^exp~zz~33.33~2026~1~28~c1^xfer~2~0.5~2025~11~31~_^exp~trans~1~2026~5~25~a1||100,1000,,en,2026,5,25|shop:🐾:%b:%a
insight	exp~rent~10~2026~0~1~_^inc~2~0.5~2026~0~1~c1||120,50,10:30;%a:nan;zz:1,en,2026,0,1|
insight	exp~%a~100~2026~0~1~a1^exp~zz~100~2025~11~31~a1^exp~2~33.33~2026~5~11~a1^exp~10~0~2026~5~10~_^inc~trans~25.5~2025~11~31~a1||0,20,10:100;%a:10;zz:10,zh,2026,0,1|
credit	exp~food~0.5~2026~5~10~a1^exp~food~1~2026~5~10~a1^exp~shop~10~2026~5~25~c1|c1~卡c1~~credit~-100~10~_|0,1000,food:0,zh,2026,5,10|%a:🐾:%a:%d
credit	xfer~food~25.5~2026~5~25~c1^inc~trans~0~2026~1~28~_^inc~2~25.5~2026~5~25~a1^exp~2~0.5~2026~5~25~c1^exp~food~10~2026~5~25~a1|c1~卡c1~~credit~100~15~10^c2~卡c2~Card c2~credit~-100~25~20|1000,_,rent:-1;%a:-1;zz:0;trans:-1,en,2026,5,25|shop:🐾:%b:Custom
credit	exp~%a~100~2026~5~10~c1^exp~food~10~2026~5~10~a1^exp~food~10~2026~5~10~_^exp~%a~nan~2026~5~10~a1^exp~10~1~2026~5~10~a1^xfer~10~33.33~2026~5~10~c1|c1~卡c1~~credit~0~10~20^c2~卡c2~~credit~100~15~25|1000,nan,10:10;shop:nan;rent:1;trans:1,en,2026,5,10|
insight	exp~food~33.33~2026~1~28~_^exp~2~1~2026~5~11~c1^exp~rent~10~2026~5~11~a1^exp~shop~-5~2026~5~11~_^xfer~zz~33.33~2026~5~11~a1^inc~2~10~2026~5~11~_^exp~%a~100~2026~1~28~c1^exp~2~0.5~2026~5~10~a1||_,0,rent:nan;%a:nan;shop:10,en,2026,5,11|
insight	inc~trans~0.5~2026~5~25~a1^exp~trans~10~2026~5~11~_^inc~10~-5~2025~11~31~_^exp~10~25.5~2025~11~31~a1^exp~10~nan~2026~1~28~a1^exp~rent~0~2025~11~31~c1^exp~%a~100~2025~11~31~_^exp~rent~nan~2025~11~31~_||120,nan,%a:-1,zh,2025,11,31|
insight	exp~2~-5~2026~5~11~_||120,20,rent:0;food:30;zz:30,zh,2026,5,25|
insight	||_,1000,10:100;trans:10;zz:100;%a:nan,zh,2026,1,28|
insight	exp~shop~33.33~2026~0~1~a1^exp~2~-5~2026~5~10~c1^exp~2~25.5~2026~5~10~a1^exp~zz~10~2026~5~10~a1^exp~trans~10~2026~5~10~c1^exp~food~25.5~2026~5~11~_^inc~zz~25.5~2026~0~1~c1||-100,0,10:0;shop:nan;food:100;rent:-1,en,2026,5,10|
insight	||nan,_,2:30;shop:100,zh,2026,1,28|
insight	xfer~2~100~2026~1~28~a1^exp~2~1~2026~1~28~_||100,50,2:-1;food:30;rent:30;shop:0,zh,2026,1,28|rent:🐾:自定义:%d
insight	exp~food~10~2026~5~11~c1^exp~trans~nan~2026~5~10~a1^xfer~shop~10~2026~1~28~_^exp~food~1~2026~5~25~c1||120,_,,en,2026,5,25|
credit	exp~shop~1~2026~1~28~_^exp~%a~0~2026~1~28~c1|c1~卡c1~_~credit~100~25~10^c2~卡c2~~credit~100~25~20|120,20,,en,2025,11,31|
insight	xfer~zz~1~2026~5~11~c1||nan,nan,rent:1;trans:100,en,2026,0,1|
insight	exp~trans~10~2026~1~28~_^exp~rent~0~2026~1~28~_^exp~10~33.33~2026~1~28~_^exp~trans~-5~2026~5~11~a1^exp~rent~0.5~2026~1~28~a1^inc~2~25.5~2026~1~28~_^xfer~2~33.33~2026~5~11~c1^exp~%a~25.5~2026~5~25~_||nan,_,10:1;trans:100;%a:10,en,2026,1,28|
insight	xfer~%a~1~2026~0~1~c1^inc~%a~-5~2026~0~1~_^exp~rent~-5~2026~0~1~_^exp~shop~0~2026~5~25~c1||nan,0,10:10;food:10;rent:10,en,2026,0,1|
insight	xfer~rent~0.5~2026~5~10~_^exp~shop~25.5~2026~1~28~a1^exp~zz~10~2026~5~11~_^exp~%a~1~2026~5~11~c1^inc~10~nan~2026~5~10~c1^inc~%a~0.5~2026~5~10~_||100,20,shop:-1;%a:100;trans:nan,zh,2026,5,11|%a:🐾:%b:%a
insight	exp~trans~1~2026~5~10~a1^exp~%a~33.33~2026~5~11~_^xfer~food~0.5~2026~1~28~_^inc~shop~25.5~2026~1~28~c1||1000,1000,food:1,en,2026,1,28|
insight	xfer~rent~100~2026~5~11~a1^inc~food~-5~2026~5~11~a1^xfer~%a~33.33~2026~5~11~_^exp~2~0.5~2026~5~11~c1^exp~10~0.5~2026~5~10~_||0,_,rent:10;10:100;trans:30;2:-1,zh,2026,5,11|
insight	exp~rent~-5~2026~1~28~_^xfer~rent~0.5~2026~5~25~c1^inc~trans~10~2026~1~28~a1^xfer~food~33.33~2026~1~28~_^exp~%a~-5~2026~1~28~a1||120,50,10:10;%a:30,zh,2026,1,28|10:🐾:%b:%a
insight	exp~trans~1~2026~5~10~a1^exp~rent~nan~2026~0~1~_^exp~trans~10~2026~5~10~a1^xfer~shop~nan~2026~1~28~a1^xfer~10~0~2026~5~10~_||1000,0,2:nan;trans:0;zz:-1;rent:100,zh,2026,5,10|
insight	||100,1000,,en,2026,1,28|
insight	exp~rent~nan~2025~11~31~_^exp~food~0~2025~11~31~c1^exp~shop~0~2026~0~1~a1||-100,50,zz:1;10:100;%a:-1;food:1,zh,2025,11,31|
insight	exp~10~0~2026~5~25~_^exp~shop~-5~2026~5~25~_^exp~shop~10~2026~5~25~a1^inc~food~1~2026~1~28~_^xfer~10~33.33~2026~5~25~a1||120,nan,10:10,en,2026,5,25|
insight	xfer~2~0.5~2026~5~25~a1^exp~2~25.5~2026~0~1~_^xfer~rent~-5~2026~5~25~a1^xfer~zz~-5~2026~1~28~a1^exp~shop~nan~2026~5~11~c1||100,1000,food:10;2:100;shop:1;zz:30,zh,2026,0,1|
insight	exp~rent~33.33~2026~0~1~_^exp~%a~0~2026~1~28~a1^exp~rent~0~2026~1~28~c1^xfer~2~0.5~2026~1~28~c1^exp~rent~10~2026~1~28~c1^exp~food~100~2026~1~28~c1^exp~food~0~2026~1~28~_||0,nan,zz:30;%a:1;trans:-1;10:nan,zh,2026,1,28|
insight	exp~10~100~2026~5~10~a1^exp~zz~0.5~2025~11~31~_||-100,1000,,zh,2026,5,10|zz:🐾:%a:Custom
insight	inc~2~0~2026~1~28~c1^inc~2~33.33~2026~1~28~c1^xfer~rent~100~2026~1~28~a1^xfer~2~25.5~2026~1~28~c1^exp~shop~25.5~2026~5~10~a1||100,nan,shop:1;2:100;rent:10,en,2026,1,28|
insight	exp~shop~100~2026~5~10~a1^inc~rent~100~2026~5~10~c1^exp~trans~nan~2026~5~10~_^xfer~trans~0~2026~5~10~c1^exp~food~-5~2026~0~1~c1||120,1000,,en,2026,5,10|%a:🐾:自定义:%a
insight	exp~zz~0~2026~5~11~_^exp~2~1~2026~5~11~a1^exp~food~10~2026~5~10~c1||100,20,2:0,en,2026,5,11|
insight	exp~trans~100~2026~0~1~_^xfer~shop~1~2026~0~1~a1^exp~zz~1~2026~0~1~_^exp~trans~10~2026~0~1~c1^xfer~rent~10~2026~0~1~_^exp~food~100~2026~1~28~c1^exp~2~0~2026~1~28~a1||100,50,rent:-1,en,2026,0,1|
insight	exp~shop~100~2026~5~10~c1^exp~10~nan~2026~5~11~_^inc~%a~0.5~2026~5~11~_^exp~food~1~2026~5~11~c1||nan,1000,rent:1;10:1;shop:1,en,2026,5,11|food:🐾:自定义:%a
insight	||-100,_,%a:-1;2:10;rent:-1;food:0,zh,2026,1,28|
insight	xfer~zz~-5~2026~5~10~a1^inc~10~0~2026~5~10~a1^exp~trans~1~2026~5~10~_^inc~trans~-5~2026~1~28~c1^xfer~2~nan~2026~5~10~_^exp~food~1~2025~11~31~c1||120,1000,%a:1;food:0;trans:1;shop:30,en,2026,5,10|
insight	exp~rent~33.33~2026~5~10~_^inc~%a~nan~2026~5~10~c1^exp~trans~100~2026~5~10~_^exp~2~33.33~2026~0~1~a1^xfer~10~-5~2026~5~10~a1^exp~shop~1~2025~11~31~c1||120,_,,zh,2026,5,10|
insight	inc~%a~nan~2026~1~28~a1^exp~rent~25.5~2026~1~28~_^xfer~food~0~2026~1~28~c1^xfer~food~100~2025~11~31~_^exp~shop~100~2026~1~28~_^inc~food~33.33~2025~11~31~_||_,20,,zh,2026,1,28|
insight	xfer~food~10~2025~11~31~c1^exp~10~10~2026~5~25~a1^exp~%a~100~2025~11~31~a1^inc~trans~25.5~2025~11~31~_^exp~shop~0.5~2025~11~31~a1||1000,1000,food:nan;shop:1;zz:0;10:nan,en,2025,11,31|trans:🐾:自定义:%d
credit	|c1~卡c1~~credit~100~25~25|100,_,%a:10;rent:100;trans:0,en,2026,1,28|trans:🐾:%b:%d
insight	exp~zz~1~2025~11~31~_^exp~shop~33.33~2026~0~1~c1^exp~trans~nan~2026~5~10~c1||-100,0,%a:-1,zh,2025,11,31|
insight	inc~2~25.5~2026~1~28~c1^exp~10~0~2026~1~28~_^exp~%a~nan~2026~5~11~c1^exp~shop~0~2026~1~28~_^exp~trans~25.5~2026~1~28~a1||0,0,%a:1;rent:1;food:0;shop:nan,en,2026,1,28|
insight	xfer~food~100~2026~5~25~_^exp~2~-5~2026~5~10~c1^exp~shop~10~2026~5~10~a1||-100,20,food:1,en,2026,5,10|
insight	inc~%a~1~2026~1~28~_^exp~2~1~2026~1~28~a1||-100,0,2:nan;rent:nan;trans:-1,en,2026,1,28|
insight	xfer~2~0~2026~5~25~a1^exp~zz~0.5~2026~1~28~a1^exp~shop~33.33~2026~5~25~a1^exp~10~nan~2026~5~25~_^exp~10~1~2026~5~25~_^xfer~10~1~2026~5~25~c1||120,nan,10:10,zh,2026,5,25|
insight	||-100,_,zz:nan;rent:10;2:100;10:30,zh,2026,5,11|
insight	xfer~zz~1~2025~11~31~a1^exp~rent~0~2025~11~31~a1^xfer~trans~-5~2025~11~31~_^exp~2~0~2026~0~1~_||1000,50,%a:100;food:nan;zz:0;shop:100,zh,2025,11,31|
insight	exp~%a~25.5~2026~0~1~_^xfer~shop~0~2026~5~10~a1^exp~10~25.5~2026~5~11~_^exp~rent~nan~2026~0~1~c1^xfer~trans~0~2026~0~1~a1^exp~food~33.33~2026~5~11~c1^exp~zz~0.5~2026~0~1~a1^exp~trans~0.5~2026~1~28~_||nan,0,2:0;%a:-1,zh,2026,0,1|
insight	exp~trans~100~2025~11~31~c1^exp~2~0~2026~5~10~c1^exp~shop~-5~2026~5~10~c1||0,50,rent:10,en,2026,5,10|
insight	||_,50,%a:nan;rent:100;2:0;food:-1,en,2026,0,1|
insight	exp~2~0~2026~0~1~_^exp~10~-5~2026~1~28~a1^inc~10~25.5~2026~0~1~c1^exp~10~-5~2026~0~1~a1^exp~rent~0.5~2026~1~28~_^exp~food~0~2026~5~11~_||_,_,zz:nan;shop:1,en,2026,0,1|
insight	||100,1000,food:0,en,2025,11,31|
insight	||_,20,,zh,2026,5,10|
insight	inc~shop~10~2026~5~25~a1^exp~trans~10~2026~0~1~_^exp~shop~1~2026~0~1~a1^exp~10~0.5~2025~11~31~c1^inc~food~nan~2026~0~1~c1^exp~rent~100~2026~0~1~a1^exp~zz~-5~2025~11~31~a1^exp~zz~25.5~2026~0~1~c1||120,1000,,zh,2026,0,1|
insight	xfer~%a~0~2026~1~28~c1^inc~trans~0~2026~5~10~a1||120,_,10:1,zh,2026,5,11|rent:🐾:自定义:%a
credit	exp~10~1~2026~5~10~a1^inc~10~10~2026~5~10~_^inc~%a~0.5~2026~1~28~_^exp~trans~25.5~2026~5~10~_^xfer~trans~25.5~2026~5~25~a1^xfer~%a~-5~2026~1~28~_^inc~zz~nan~2026~5~10~_^xfer~10~nan~2026~5~10~c1|c1~卡c1~~credit~100~10~20|0,1000,food:-1;trans:-1;zz:1,en,2026,5,10|
insight	||_,20,shop:30,zh,2026,1,28|
insight	exp~shop~1~2026~0~1~c1^exp~10~33.33~2026~0~1~_||0,nan,,en,2026,0,1|
insight	exp~food~-5~2026~0~1~a1^exp~food~0.5~2026~0~1~c1^exp~%a~100~2026~1~28~c1^exp~food~0.5~2026~0~1~c1^exp~10~-5~2025~11~31~_^inc~10~-5~2026~0~1~c1^exp~food~nan~2026~5~25~a1||0,50,,en,2026,0,1|zz:🐾:%a:%a
insight	||120,20,,zh,2026,5,25|
insight	inc~food~25.5~2026~5~11~_^inc~2~nan~2026~1~28~a1||nan,50,,zh,2026,5,11|
insight	||nan,20,%a:1,en,2026,0,1|rent:🐾:%a:%a
credit	inc~shop~0.5~2026~1~28~_^exp~zz~100~2026~5~11~c1^xfer~2~100~2026~5~11~c1^exp~%a~-5~2026~1~28~a1^exp~%a~100~2026~5~11~_|c1~卡c1~_~credit~-100~10~20|nan,20,%a:0,en,2026,5,11|
insight	xfer~%a~1~2026~5~10~_^exp~shop~nan~2026~5~10~_^exp~10~33.33~2026~5~25~_^exp~trans~100~2026~0~1~a1^exp~zz~1~2026~0~1~_^exp~shop~100~2026~5~11~a1||100,1000,food:30;trans:0,zh,2026,5,10|food:🐾:自定义:%a
insight	exp~rent~0.5~2026~5~10~c1^exp~shop~10~2026~5~10~a1^exp~2~25.5~2026~5~25~c1^inc~zz~-5~2026~5~10~_||_,0,10:30,zh,2026,5,10|
insight	exp~rent~25.5~2026~1~28~c1^exp~%a~nan~2026~5~10~_^exp~2~-5~2026~1~28~_^xfer~food~nan~2026~1~28~c1^exp~10~0.5~2026~1~28~c1^inc~food~nan~2026~5~10~_^xfer~%a~100~2026~0~1~c1||_,0,shop:30;food:1;%a:0;2:10,zh,2026,1,28|rent:🐾:%a:Custom
insight	exp~%a~0~2026~0~1~c1||100,0,%a:0;zz:0;shop:-1,zh,2026,0,1|
insight	exp~shop~10~2026~0~1~c1^exp~trans~-5~2026~0~1~c1^inc~%a~100~2026~0~1~_^xfer~10~-5~2026~0~1~a1^inc~rent~0.5~2026~1~28~_^exp~trans~0~2026~0~1~a1^exp~trans~100~2026~0~1~_||-100,nan,2:nan;food:100;%a:0,en,2026,0,1|%a:🐾:%a:Custom
credit	exp~shop~10~2026~0~1~_^exp~food~0~2026~5~25~c1^exp~zz~33.33~2026~5~10~_^exp~rent~25.5~2026~0~1~c1^exp~zz~1~2026~0~1~_^exp~zz~0.5~2026~0~1~a1^exp~trans~0.5~2026~0~1~a1^exp~rent~10~2026~0~1~c1|c1~卡c1~_~credit~100~25~20|0,nan,2:-1,en,2026,0,1|%a:🐾:自定义:%d
insight	exp~shop~25.5~2025~11~31~_^exp~shop~33.33~2025~11~31~_^exp~shop~1~2026~5~25~_^exp~2~100~2026~5~11~_||-100,50,rent:-1;food:0,zh,2025,11,31|
insight	exp~%a~1~2026~5~25~a1^xfer~zz~25.5~2026~5~25~_^exp~food~1~2026~0~1~a1^exp~rent~0~2026~0~1~c1^exp~food~0~2026~0~1~a1^xfer~food~10~2026~0~1~c1||_,_,shop:0;10:30,en,2026,0,1|
insight	inc~rent~33.33~2026~5~25~c1^exp~zz~1~2026~5~11~c1^exp~shop~1~2026~5~11~a1||100,50,10:30,zh,2026,5,11|
insight	exp~10~100~2026~0~1~c1^exp~2~10~2026~5~11~c1^exp~rent~100~2026~0~1~c1^inc~rent~33.33~2026~0~1~_^exp~10~nan~2025~11~31~c1^exp~trans~nan~2026~0~1~a1||100,1000,,en,2026,0,1|trans:🐾:自定义:Custom
insight	inc~trans~10~2026~5~25~_^exp~2~1~2026~0~1~a1||-100,nan,,en,2026,1,28|
insight	exp~%a~-5~2026~5~11~_^xfer~food~10~2026~5~11~a1^exp~rent~100~2026~5~11~a1^exp~%a~100~2026~5~25~_^exp~shop~0.5~2026~5~11~_||120,nan,zz:1;%a:1;shop:10;food:100,en,2026,5,11|
insight	exp~trans~0~2026~5~10~a1^exp~%a~100~2026~5~10~_^exp~rent~25.5~2026~5~10~c1^xfer~%a~100~2026~5~10~_^exp~trans~-5~2026~5~10~c1||nan,20,food:30;trans:nan,zh,2026,5,10|10:🐾:%a:%a
insight	xfer~trans~nan~2026~0~1~c1^exp~food~0.5~2026~5~10~a1||100,_,rent:0;shop:30;food:10;2:nan,zh,2026,0,1|
credit	|c1~卡c1~~credit~-100~15~25|0,0,trans:1;2:30;%a:-1;rent:1,zh,2025,11,31|
insight	xfer~shop~33.33~2026~5~10~_^exp~trans~100~2026~5~11~_^exp~rent~25.5~2026~5~10~_||-100,20,trans:10;2:30,en,2026,5,10|rent:🐾:%b:%d
insight	exp~food~10~2026~5~25~a1^exp~10~33.33~2026~5~25~a1^exp~10~25.5~2026~5~25~c1^exp~rent~10~2026~5~25~c1^exp~rent~-5~2026~5~25~c1^exp~rent~25.5~2026~5~25~c1^exp~2~1~2026~5~10~_^exp~10~10~2025~11~31~a1||100,1000,trans:0;%a:0;2:30,zh,2026,5,25|
insight	exp~shop~100~2026~1~28~a1^xfer~%a~10~2026~5~10~_^exp~zz~1~2026~1~28~_^xfer~shop~100~2026~5~25~_^inc~shop~0~2026~1~28~_^exp~shop~25.5~2026~5~11~_^exp~trans~0~2026~1~28~a1^exp~food~nan~2026~5~11~c1||100,20,,zh,2026,1,28|
insight	exp~food~1~2026~0~1~c1^exp~trans~0.5~2026~0~1~_^exp~10~0.5~2026~0~1~a1^exp~%a~10~2026~0~1~_^exp~food~1~2026~5~10~a1^exp~trans~25.5~2026~0~1~_||120,20,%a:10;food:30,en,2026,0,1|
insight	exp~2~-5~2025~11~31~c1||120,1000,%a:100;zz:1;food:-1;shop:nan,zh,2026,5,10|
insight	||100,1000,%a:1;trans:-1;10:nan,zh,2026,5,10|
insight	xfer~10~0~2026~5~11~_^exp~shop~25.5~2025~11~31~a1^inc~10~1~2026~5~25~a1^exp~food~0~2026~5~11~a1^exp~zz~33.33~2026~5~10~_^xfer~2~100~2026~5~10~a1||-100,nan,rent:nan;food:-1,en,2026,5,11|
insight	xfer~2~100~2026~5~11~a1^inc~%a~10~2026~5~11~a1^xfer~2~nan~2026~5~11~a1||-100,0,,en,2026,5,11|
credit	inc~10~10~2026~1~28~c1^exp~10~-5~2025~11~31~a1^exp~rent~1~2026~1~28~_^xfer~%a~33.33~2026~1~28~a1^inc~rent~nan~2026~1~28~a1^exp~%a~100~2026~1~28~c1^exp~food~1~2026~1~28~a1|c1~卡c1~~credit~0~10~20^c2~卡c2~~credit~0~25~10|-100,50,,zh,2026,1,28|
insight	exp~rent~-5~2025~11~31~a1^exp~shop~33.33~2026~0~1~c1^inc~10~0.5~2025~11~31~_||-100,_,10:10;trans:10;zz:10;2:-1,en,2025,11,31|
credit	xfer~%a~nan~2026~5~10~c1^exp~trans~100~2026~5~10~_^xfer~%a~1~2026~5~10~a1^exp~zz~25.5~2026~5~25~a1|c1~卡c1~Card c1~credit~-100~25~20^c2~卡c2~_~credit~-100~15~10|1000,_,trans:-1;food:0;rent:0,en,2026,5,10|rent:🐾:%b:Custom
insight	exp~10~25.5~2025~11~31~_^exp~2~25.5~2025~11~31~c1^exp~10~1~2026~5~10~a1^exp~rent~100~2025~11~31~a1^inc~rent~-5~2026~0~1~a1^exp~zz~10~2026~5~25~c1^exp~rent~25.5~2026~5~11~c1^exp~%a~-5~2025~11~31~a1||1000,_,10:-1,en,2025,11,31|
insight	exp~rent~0.5~2026~1~28~c1^inc~trans~25.5~2026~1~28~a1^inc~10~-5~2026~1~28~_^exp~food~33.33~2026~1~28~a1||0,_,,en,2026,1,28|
insight	exp~2~100~2026~5~10~a1||-100,1000,,en,2026,1,28|
insight	inc~rent~25.5~2026~5~11~c1^xfer~trans~1~2026~0~1~c1^exp~10~-5~2026~5~11~a1^xfer~2~0.5~2026~5~11~_^exp~10~-5~2026~5~11~c1^xfer~10~1~2026~5~11~a1^inc~shop~0.5~2026~5~25~c1^inc~shop~-5~2026~1~28~_||-100,50,2:-1,zh,2026,5,11|zz:🐾:自定义:%a
credit	exp~zz~nan~2026~0~1~_|c1~卡c1~Card c1~credit~0~25~25|120,0,trans:100,en,2026,5,11|
insight	||_,_,%a:0,en,2025,11,31|
insight	exp~food~1~2026~1~28~c1^exp~2~10~2026~1~28~_^exp~trans~nan~2026~1~28~a1||-100,1000,,en,2026,1,28|
insight	xfer~zz~33.33~2026~5~25~a1^exp~10~0.5~2025~11~31~c1||100,_,10:1;2:-1;food:0,zh,2026,5,25|
insight	||-100,0,2:nan;10:-1;zz:1;%a:nan,zh,2026,0,1|
insight	exp~10~25.5~2026~5~11~a1^exp~2~33.33~2025~11~31~c1^inc~trans~0~2026~5~11~c1^exp~trans~25.5~2026~0~1~c1^xfer~10~25.5~2026~5~25~_^inc~10~0.5~2026~5~11~a1^exp~trans~-5~2026~5~11~a1^exp~shop~nan~2026~5~11~_||_,0,%a:1,zh,2026,5,11|
insight	exp~rent~25.5~2026~0~1~c1^exp~zz~1~2026~5~10~_^exp~food~0~2026~0~1~_^exp~%a~100~2026~0~1~a1^exp~shop~10~2026~0~1~a1||_,_,food:0;2:10;shop:1;rent:nan,en,2026,0,1|%a:🐾:%a:%a
insight	||-100,50,rent:0,en,2026,5,11|
insight	exp~2~25.5~2026~5~25~a1^exp~10~100~2026~5~25~a1^xfer~zz~-5~2025~11~31~c1^exp~10~10~2025~11~31~a1^xfer~shop~100~2026~5~25~_^exp~2~25.5~2025~11~31~_||120,0,trans:0;shop:100;rent:nan;zz:100,en,2025,11,31|
insight	inc~2~25.5~2025~11~31~_^xfer~rent~1~2025~11~31~c1||-100,nan,%a:0;trans:-1;zz:10,en,2025,11,31|
credit	inc~rent~-5~2026~5~10~_^exp~%a~1~2026~5~11~c1^exp~%a~10~2026~5~25~a1|c1~卡c1~Card c1~credit~-100~25~20^c2~卡c2~~credit~100~25~25|120,0,trans:nan;%a:nan;10:30,zh,2026,5,10|
insight	inc~10~nan~2026~0~1~c1^exp~2~1~2026~0~1~a1^exp~shop~25.5~2026~0~1~c1||100,50,rent:1,zh,2026,0,1|
insight	exp~food~100~2026~5~25~a1^xfer~trans~10~2026~5~10~c1^exp~2~100~2026~5~25~a1^xfer~food~1~2026~5~11~c1^exp~shop~10~2026~1~28~_^exp~shop~0~2026~5~25~c1||_,_,,en,2026,5,25|10:🐾:%a:%a
insight	exp~%a~25.5~2026~5~25~a1||0,20,shop:100;zz:1,zh,2026,5,25|
insight	exp~2~0~2026~0~1~_^exp~trans~0~2026~5~25~_^inc~rent~0~2026~5~10~a1^exp~rent~nan~2025~11~31~_^exp~%a~1~2025~11~31~_^exp~%a~nan~2025~11~31~c1||100,0,,zh,2025,11,31|rent:🐾:自定义:Custom
insight	inc~food~-5~2026~5~11~_||-100,50,shop:10,zh,2026,5,11|food:🐾:自定义:%a
insight	||1000,1000,rent:10;shop:-1;10:nan,zh,2026,0,1|%a:🐾:%b:%a
insight	exp~%a~100~2026~5~10~c1^exp~10~10~2026~0~1~a1^exp~10~0.5~2026~1~28~_||nan,50,%a:10;10:0;shop:-1;2:10,en,2026,1,28|
insight	xfer~food~25.5~2026~5~10~a1||1000,1000,shop:0;trans:30,zh,2026,5,10|
insight	inc~rent~0.5~2026~5~11~_^xfer~trans~-5~2026~0~1~c1||_,0,trans:100;shop:-1,zh,2026,5,11|
insight	exp~zz~1~2026~5~25~_^exp~2~25.5~2026~5~25~_^exp~2~100~2026~5~25~c1^exp~zz~nan~2026~5~25~c1^exp~zz~25.5~2026~5~25~a1^exp~10~10~2026~5~25~_^xfer~food~10~2026~5~25~a1||nan,50,10:-1;shop:100,zh,2026,5,25|
credit	|c1~卡c1~~credit~100~25~25^c2~卡c2~Card c2~credit~-100~15~_|0,_,10:-1,en,2026,1,28|
credit	|c1~卡c1~~credit~100~10~25|nan,nan,zz:0;shop:-1;2:0,en,2026,1,28|
insight	exp~zz~0.5~2025~11~31~c1^exp~%a~1~2025~11~31~c1^exp~shop~0~2025~11~31~_^inc~2~33.33~2025~11~31~_^inc~%a~-5~2025~11~31~a1^exp~10~10~2025~11~31~c1^exp~zz~25.5~2025~11~31~a1||nan,50,trans:1;food:100,zh,2025,11,31|
credit	exp~shop~10~2026~5~25~a1^exp~%a~0~2026~1~28~_^inc~%a~nan~2026~5~25~c1|c1~卡c1~Card c1~credit~100~25~20|_,nan,10:-1;trans:-1,en,2026,5,25|
credit	xfer~zz~nan~2026~5~25~c1|c1~卡c1~~credit~100~10~10|100,_,%a:30;zz:-1;trans:100,en,2026,5,25|
credit	xfer~zz~25.5~2026~5~10~a1^exp~zz~nan~2026~1~28~c1^exp~%a~0.5~2026~1~28~_^exp~shop~-5~2026~1~28~_|c1~卡c1~Card c1~credit~100~15~25|0,50,rent:10;2:0;zz:0,zh,2026,1,28|
credit	exp~food~1~2026~5~10~c1^exp~10~1~2026~5~10~_^xfer~rent~-5~2026~5~10~_|c1~卡c1~~credit~100~15~_|nan,1000,%a:-1,en,2026,5,10|10:🐾:%b:%d
insight	exp~trans~0~2025~11~31~_^xfer~%a~33.33~2025~11~31~c1^exp~rent~-5~2025~11~31~a1^exp~zz~100~2025~11~31~a1^xfer~shop~-5~2025~11~31~_||-100,20,,zh,2025,11,31|
insight	xfer~10~-5~2026~5~11~_^exp~trans~33.33~2026~0~1~c1^exp~shop~1~2026~0~1~a1^exp~food~100~2026~0~1~_^exp~2~1~2026~0~1~c1^exp~%a~25.5~2026~0~1~_^exp~shop~25.5~2026~0~1~_^xfer~10~25.5~2025~11~31~c1||0,20,,zh,2026,0,1|
insight	exp~2~0~2026~5~25~_^inc~zz~100~2026~0~1~c1^exp~rent~0.5~2026~5~25~a1^exp~shop~100~2026~5~25~c1^exp~zz~nan~2026~1~28~a1^exp~shop~100~2026~5~25~a1^exp~rent~100~2026~5~25~c1||120,50,zz:-1,en,2026,5,25|
insight	exp~%a~1~2026~0~1~_||100,50,10:30;2:30;zz:30;shop:100,en,2025,11,31|
insight	inc~zz~0~2025~11~31~c1^exp~rent~25.5~2026~5~25~_^exp~zz~10~2025~11~31~_^exp~shop~10~2025~11~31~c1^xfer~zz~25.5~2026~5~11~c1||_,_,shop:-1;2:0,zh,2025,11,31|
insight	inc~%a~1~2026~0~1~c1^exp~zz~33.33~2026~5~11~a1^exp~shop~1~2026~0~1~c1^exp~rent~0~2026~5~10~a1^exp~%a~-5~2026~0~1~_^exp~zz~25.5~2026~0~1~a1||_,0,,en,2026,0,1|rent:🐾:自定义:Custom
credit	exp~%a~-5~2026~5~25~_^exp~zz~-5~2026~5~25~a1|c1~卡c1~_~credit~100~25~20|_,20,trans:100;2:1;10:-1;shop:10,en,2026,5,25|
insight	exp~10~33.33~2026~1~28~a1^exp~%a~33.33~2026~5~10~_^inc~2~100~2026~1~28~c1^exp~%a~0.5~2026~5~25~c1^exp~2~33.33~2026~5~10~a1^inc~food~25.5~2026~1~28~_||-100,20,food:30;%a:0;shop:10;trans:100,en,2026,5,10|food:🐾:%a:%a
insight	inc~food~25.5~2026~0~1~c1^exp~zz~33.33~2026~5~25~c1^inc~shop~1~2026~0~1~c1^inc~trans~33.33~2025~11~31~a1^inc~zz~100~2026~1~28~c1^exp~trans~33.33~2026~0~1~_^exp~zz~1~2026~0~1~c1||100,_,trans:1;food:0;2:100;rent:-1,en,2026,0,1|
insight	exp~food~0.5~2026~5~11~a1^exp~10~nan~2026~5~11~a1^exp~shop~0.5~2026~0~1~c1^inc~rent~10~2026~5~11~a1^exp~trans~nan~2026~5~25~a1^exp~shop~25.5~2026~5~25~a1^xfer~trans~1~2026~5~11~a1||_,0,food:1;%a:10;rent:0;2:100,zh,2026,5,11|%a:🐾:%a:%d
insight	inc~%a~nan~2026~5~11~_^exp~food~nan~2026~5~11~c1^exp~10~0.5~2026~1~28~a1^exp~%a~nan~2026~5~11~a1||-100,1000,zz:0,zh,2026,5,11|food:🐾:自定义:Custom
insight	inc~food~33.33~2026~5~10~c1^inc~%a~0~2026~5~10~c1^exp~shop~100~2026~5~10~c1||nan,1000,trans:1;rent:10,zh,2026,5,10|
credit	exp~rent~25.5~2026~5~10~_^xfer~2~25.5~2026~5~10~a1^exp~rent~10~2026~5~10~_^exp~food~33.33~2026~5~10~c1^exp~10~100~2026~5~10~c1^inc~zz~-5~2025~11~31~c1^exp~%a~-5~2026~5~10~a1|c1~卡c1~~credit~100~25~_^c2~卡c2~~credit~0~15~_|0,_,,en,2026,5,10|food:🐾:自定义:%d
insight	exp~food~1~2026~5~11~c1^xfer~food~-5~2025~11~31~a1^exp~2~33.33~2025~11~31~_^exp~zz~0~2025~11~31~_||100,_,%a:nan,zh,2025,11,31|
insight	inc~zz~33.33~2026~5~11~_^exp~zz~nan~2026~5~11~a1^inc~shop~100~2025~11~31~a1^xfer~%a~33.33~2025~11~31~c1^xfer~10~0.5~2026~5~11~a1||120,50,2:30;shop:1;food:30;zz:100,en,2026,5,11|
insight	exp~rent~100~2026~5~10~_^exp~shop~25.5~2026~5~10~a1^inc~trans~10~2026~5~10~c1^exp~zz~33.33~2026~5~10~a1||nan,50,shop:10;zz:30;rent:10,zh,2026,5,10|
insight	inc~10~10~2025~11~31~c1||1000,0,,zh,2025,11,31|
insight	exp~zz~25.5~2026~5~25~_^inc~trans~25.5~2026~5~25~c1^exp~10~100~2026~5~10~_^inc~shop~10~2026~5~25~a1^exp~trans~100~2026~5~25~c1^exp~food~1~2026~5~25~c1^inc~10~100~2026~5~10~c1||-100,20,rent:100;2:30;%a:-1;10:100,zh,2026,5,25|
insight	exp~2~1~2026~5~25~a1^inc~zz~100~2026~5~25~a1^exp~10~100~2026~5~11~a1||nan,20,2:10;rent:1;trans:0,en,2026,5,25|
insight	exp~shop~25.5~2026~5~11~_^exp~zz~33.33~2026~5~10~c1^xfer~food~1~2026~5~10~_^inc~shop~33.33~2025~11~31~a1||_,_,10:100,en,2025,11,31|2:🐾:%b:%a
credit	inc~zz~-5~2026~5~10~_^exp~%a~100~2026~5~10~c1^exp~food~0.5~2026~5~10~c1|c1~卡c1~~credit~-100~10~_^c2~卡c2~_~credit~-100~15~20|_,20,shop:30,zh,2026,5,10|
credit	|c1~卡c1~Card c1~credit~-100~10~10^c2~卡c2~_~credit~-100~15~10|120,nan,,zh,2026,5,10|
insight	xfer~food~1~2026~5~11~a1^exp~shop~nan~2026~1~28~_^exp~trans~0~2026~5~25~c1^inc~food~33.33~2026~5~25~_^exp~rent~10~2026~5~25~c1^inc~trans~33.33~2026~5~11~c1^exp~2~33.33~2026~5~11~c1||nan,50,rent:30;shop:1,en,2026,5,25|
credit	exp~shop~10~2025~11~31~c1^inc~2~0.5~2026~5~11~c1|c1~卡c1~Card c1~credit~-100~25~10|0,_,,zh,2026,5,11|
credit	inc~rent~10~2026~5~25~c1^exp~zz~100~2025~11~31~c1|c1~卡c1~~credit~-100~15~10^c2~卡c2~_~credit~0~10~20|100,_,2:30;shop:30;food:-1,en,2025,11,31|10:🐾:%b:Custom
insight	xfer~trans~0~2026~1~28~a1||0,nan,trans:100,zh,2025,11,31|
insight	exp~10~100~2026~5~10~_^exp~%a~10~2026~5~10~a1^xfer~food~100~2026~5~10~a1^inc~food~100~2026~5~11~a1^exp~shop~-5~2026~5~25~_^exp~trans~25.5~2026~0~1~a1||120,50,2:30;trans:10,zh,2026,5,10|
insight	exp~2~nan~2025~11~31~a1^exp~10~10~2025~11~31~a1^inc~%a~0.5~2026~5~11~c1||0,1000,zz:-1;2:100,en,2025,11,31|
credit	exp~zz~0~2026~5~11~a1^exp~food~nan~2026~5~10~_^xfer~shop~-5~2026~5~10~a1^exp~10~25.5~2026~1~28~c1^inc~shop~1~2026~5~10~a1|c1~卡c1~~credit~-100~10~25^c2~卡c2~~credit~100~15~20|-100,nan,10:10;rent:10;2:0;food:100,zh,2026,5,11|rent:🐾:%a:Custom
insight	||_,nan,,en,2026,1,28|
credit	exp~rent~0~2026~0~1~c1^inc~2~-5~2026~0~1~c1^exp~trans~nan~2026~0~1~a1^exp~%a~-5~2026~0~1~_|c1~卡c1~Card c1~credit~0~25~25|_,nan,trans:100;zz:1;shop:0;10:30,zh,2026,0,1|
credit	inc~10~0.5~2026~5~11~c1|c1~卡c1~~credit~-100~15~_^c2~卡c2~_~credit~-100~10~20|120,20,shop:-1,zh,2026,0,1|
insight	exp~%a~100~2026~0~1~c1^exp~trans~25.5~2026~1~28~c1^exp~10~100~2026~0~1~a1^exp~%a~0.5~2026~5~25~a1^exp~rent~1~2026~5~11~a1^inc~rent~0~2026~5~25~_^xfer~shop~10~2026~0~1~c1||100,20,food:nan;rent:1;%a:-1;trans:nan,en,2026,5,25|
insight	exp~rent~nan~2026~5~10~c1^xfer~%a~0~2026~5~10~c1^exp~shop~-5~2026~5~10~c1^exp~2~nan~2026~0~1~a1^exp~zz~1~2026~5~10~a1||0,_,rent:0,zh,2026,5,10|
insight	xfer~trans~0.5~2026~0~1~a1^exp~shop~0.5~2026~0~1~c1^exp~rent~33.33~2026~0~1~c1^exp~%a~nan~2026~0~1~c1^exp~%a~-5~2026~0~1~c1||0,50,zz:30,zh,2026,0,1|
insight	xfer~food~10~2026~5~10~a1^exp~food~nan~2026~5~10~_^inc~%a~10~2026~5~10~c1^exp~%a~0~2026~5~10~_^inc~zz~1~2026~1~28~c1^inc~food~10~2026~5~10~_^xfer~10~1~2026~5~10~a1||-100,nan,food:1;%a:10;rent:0;10:30,en,2026,5,10|shop:🐾:%b:%a
credit	xfer~trans~100~2026~5~10~_^exp~trans~10~2026~5~10~_^inc~2~25.5~2026~5~10~_^exp~10~100~2026~5~10~c1|c1~卡c1~~credit~0~15~20|nan,50,shop:100,en,2026,5,10|
credit	exp~10~100~2026~5~10~c1^exp~rent~1~2026~1~28~_^exp~10~1~2026~1~28~a1^exp~food~33.33~2026~5~10~a1^inc~%a~-5~2026~5~25~c1|c1~卡c1~_~credit~0~10~_|1000,20,zz:nan;%a:10;10:-1,zh,2026,1,28|
insight	exp~2~25.5~2026~5~10~_||1000,0,%a:30;10:nan;rent:30;trans:nan,en,2026,1,28|
insight	exp~shop~33.33~2026~5~10~c1^xfer~zz~100~2026~5~10~_^inc~shop~25.5~2026~5~25~c1^xfer~zz~nan~2026~5~10~c1^exp~trans~1~2026~5~10~_^inc~rent~-5~2026~5~10~c1^exp~2~1~2026~5~10~a1^inc~%a~1~2026~1~28~c1||100,50,rent:0,en,2026,5,10|
credit	exp~trans~100~2026~5~25~a1^exp~rent~1~2026~5~11~_^inc~rent~10~2026~5~10~a1^inc~%a~100~2026~5~11~a1^exp~trans~10~2026~5~11~a1^exp~food~100~2026~5~11~c1|c1~卡c1~~credit~100~10~25|1000,1000,10:nan;shop:0;food:nan,en,2026,5,11|
insight	exp~zz~33.33~2026~5~10~c1^xfer~rent~0~2026~5~10~_^exp~rent~0.5~2026~5~10~a1^exp~%a~100~2026~5~10~c1^xfer~2~nan~2026~5~10~c1^exp~%a~100~2026~5~10~c1^xfer~10~1~2026~5~25~a1||120,nan,trans:100,zh,2026,5,10|
insight	exp~food~100~2026~5~11~a1^inc~rent~100~2025~11~31~a1^inc~zz~33.33~2026~5~11~a1^exp~rent~33.33~2026~1~28~_||0,20,2:30,en,2026,5,11|
insight	||nan,0,shop:-1,en,2025,11,31|
insight	exp~2~33.33~2026~1~28~c1^exp~10~33.33~2026~1~28~a1^xfer~rent~nan~2026~1~28~_||_,20,rent:10;trans:100;zz:1,zh,2026,1,28|
insight	exp~%a~0.5~2026~1~28~a1^exp~rent~33.33~2026~1~28~a1^xfer~trans~nan~2026~1~28~_^xfer~rent~0.5~2026~0~1~a1||-100,50,food:nan,zh,2026,1,28|
credit	exp~2~100~2026~5~25~c1^xfer~food~-5~2026~5~25~_^exp~10~33.33~2026~5~10~_^exp~10~0.5~2026~5~25~_^exp~rent~10~2026~5~11~_^exp~trans~1~2026~5~25~_^xfer~shop~33.33~2026~0~1~a1|c1~卡c1~Card c1~credit~-100~15~10|_,nan,,en,2026,5,25|
insight	exp~shop~10~2026~0~1~c1^exp~trans~100~2026~0~1~c1^exp~rent~0~2026~0~1~c1||100,_,zz:-1;rent:10,zh,2026,0,1|shop:🐾:%a:%d
insight	exp~food~nan~2026~1~28~c1^xfer~rent~nan~2026~5~10~a1^exp~food~25.5~2026~1~28~a1^exp~trans~-5~2026~1~28~_^exp~rent~1~2026~1~28~_^exp~10~1~2026~1~28~_||1000,nan,rent:-1;food:10;2:10,zh,2026,1,28|
insight	xfer~zz~0.5~2026~1~28~_^exp~food~10~2026~1~28~a1^exp~trans~100~2026~1~28~a1^exp~food~nan~2026~1~28~_||-100,nan,,en,2026,1,28|
insight	exp~zz~nan~2025~11~31~_^exp~10~nan~2025~11~31~c1^exp~trans~0.5~2025~11~31~a1^exp~%a~10~2026~5~25~a1^inc~%a~33.33~2025~11~31~c1||-100,0,zz:10;%a:nan;2:10;trans:-1,en,2025,11,31|
insight	exp~shop~25.5~2026~1~28~a1^exp~%a~33.33~2026~1~28~c1^exp~%a~10~2026~1~28~_^inc~rent~-5~2026~0~1~c1^exp~trans~10~2026~5~25~c1^exp~%a~1~2026~1~28~_||_,1000,,zh,2026,1,28|
credit	exp~shop~1~2026~5~11~a1|c1~卡c1~~credit~0~10~20^c2~卡c2~_~credit~0~25~25|0,20,food:0;%a:30,en,2026,5,11|
insight	inc~food~100~2025~11~31~_^exp~%a~33.33~2026~5~11~_^exp~shop~-5~2025~11~31~_||_,_,food:0;2:10;10:10;shop:1,en,2025,11,31|
insight	exp~%a~0~2025~11~31~_^exp~zz~nan~2025~11~31~c1^exp~food~25.5~2025~11~31~_||120,50,%a:0;shop:nan;zz:0;food:1,zh,2025,11,31|
insight	exp~rent~100~2026~5~10~_^exp~trans~1~2026~1~28~c1||100,nan,food:1;shop:30,en,2026,5,10|
insight	exp~shop~10~2026~1~28~a1^exp~zz~nan~2026~1~28~c1^exp~2~0~2026~1~28~_||100,1000,10:1;2:30;shop:1,en,2026,1,28|
credit	exp~zz~-5~2026~5~11~c1^xfer~rent~33.33~2026~5~11~_^inc~%a~10~2026~5~11~c1^exp~rent~0.5~2025~11~31~a1^xfer~zz~1~2026~0~1~a1^exp~2~-5~2026~5~25~a1^inc~food~0~2026~5~11~c1|c1~卡c1~~credit~-100~15~10^c2~卡c2~~credit~-100~15~20|0,50,%a:-1;zz:nan,en,2026,5,11|
insight	||1000,nan,shop:nan;trans:0,en,2026,1,28|
credit	xfer~shop~nan~2026~5~10~_^exp~trans~25.5~2026~5~10~c1^inc~shop~100~2026~5~10~a1^exp~10~0.5~2026~5~10~_^exp~food~-5~2026~5~10~a1^xfer~%a~33.33~2026~1~28~c1|c1~卡c1~_~credit~-100~15~25|120,nan,trans:100;food:1,zh,2026,5,10|
insight	exp~trans~33.33~2025~11~31~_||_,0,zz:-1;rent:100;food:nan;shop:100,en,2025,11,31|
credit	xfer~trans~-5~2026~0~1~c1^inc~shop~25.5~2026~5~25~_^inc~rent~10~2026~0~1~_|c1~卡c1~Card c1~credit~100~25~25|120,_,%a:1,zh,2026,0,1|
credit	|c1~卡c1~~credit~-100~10~_^c2~卡c2~_~credit~-100~25~_|100,20,trans:10;rent:10,zh,2025,11,31|
insight	exp~rent~0~2026~5~25~_^exp~zz~1~2026~5~25~c1^inc~trans~0~2026~5~10~_^xfer~%a~-5~2026~5~25~a1^exp~zz~25.5~2026~5~25~_^xfer~2~0~2026~5~25~_||100,nan,10:nan;food:0;trans:1;shop:1,en,2026,5,25|
credit	exp~food~nan~2026~5~11~c1^exp~rent~-5~2026~5~10~c1^xfer~10~1~2026~5~25~a1^xfer~2~nan~2026~5~10~a1^exp~zz~10~2026~0~1~_^exp~rent~0.5~2026~0~1~_|c1~卡c1~~credit~0~10~25^c2~卡c2~~credit~100~15~10|_,50,rent:30;2:-1;food:nan,en,2026,5,10|
insight	exp~zz~0.5~2026~1~28~c1^exp~food~100~2026~5~25~c1^xfer~rent~nan~2026~0~1~_^exp~%a~25.5~2026~5~10~c1^exp~shop~10~2026~1~28~a1^exp~trans~0.5~2026~1~28~_^exp~zz~-5~2026~5~11~a1^exp~trans~0~2026~1~28~c1||120,0,2:10;zz:30,en,2026,1,28|
insight	||1000,0,shop:-1;zz:1;food:1,zh,2026,5,10|
insight	inc~2~10~2026~1~28~a1^exp~rent~100~2026~1~28~_^inc~2~33.33~2026~5~10~_^exp~trans~1~2026~0~1~c1^exp~food~-5~2026~1~28~c1^xfer~trans~-5~2026~1~28~_^exp~rent~0.5~2026~1~28~a1||nan,nan,food:-1,en,2026,1,28|trans:🐾:%b:Custom
insight	exp~trans~0~2025~11~31~a1^exp~2~10~2026~5~10~_^exp~food~-5~2026~0~1~_^exp~2~33.33~2026~1~28~a1^exp~10~0~2026~5~10~c1^xfer~2~10~2026~5~10~_^exp~trans~33.33~2026~5~11~_||1000,0,%a:-1;shop:100;10:30;rent:30,zh,2026,5,10|
insight	exp~2~100~2026~0~1~a1^exp~food~nan~2026~5~11~_^exp~shop~0~2026~5~11~a1^inc~zz~100~2025~11~31~c1^exp~food~25.5~2026~5~11~_^exp~zz~0~2026~1~28~_||100,20,2:10;%a:-1;food:-1,zh,2026,5,11|
credit	exp~trans~1~2026~5~25~a1^exp~trans~100~2026~5~10~c1^exp~rent~100~2026~5~10~a1^exp~zz~10~2026~5~10~c1^xfer~shop~0~2026~0~1~c1^inc~zz~25.5~2026~5~11~a1|c1~卡c1~~credit~0~10~25^c2~卡c2~_~credit~-100~10~10|-100,nan,food:10,zh,2026,5,10|zz:🐾:自定义:%d
insight	exp~zz~nan~2026~0~1~a1^inc~2~1~2026~1~28~_^exp~zz~-5~2026~1~28~_^inc~trans~10~2025~11~31~_^exp~trans~25.5~2026~1~28~c1^inc~rent~33.33~2026~1~28~c1||100,50,food:0;trans:-1,en,2026,1,28|
insight	xfer~food~-5~2026~1~28~a1^exp~shop~25.5~2026~5~11~c1^inc~trans~1~2026~5~11~_^exp~food~nan~2026~5~10~_^exp~zz~100~2026~5~11~a1^inc~rent~100~2026~5~11~a1||120,50,%a:10;rent:0,en,2026,5,11|
insight	inc~2~0.5~2025~11~31~a1^exp~food~25.5~2025~11~31~_||0,1000,shop:-1;rent:10;zz:100;food:nan,en,2025,11,31|
insight	||1000,20,zz:nan,en,2026,1,28|zz:🐾:%b:%d
insight	exp~2~nan~2026~5~11~c1^exp~%a~25.5~2026~5~11~c1^xfer~%a~-5~2026~5~11~_^exp~trans~25.5~2026~5~11~a1^exp~10~10~2026~1~28~_^exp~10~-5~2026~0~1~a1^exp~shop~25.5~2026~5~11~_||1000,20,2:30,en,2026,5,11|10:🐾:自定义:%d
insight	xfer~trans~10~2026~5~10~c1||-100,nan,shop:1,en,2026,1,28|
insight	exp~shop~100~2026~5~25~_^exp~2~100~2026~0~1~c1^exp~zz~10~2026~5~10~_||-100,nan,rent:10;zz:0,en,2026,1,28|
insight	||-100,20,10:10;trans:10,zh,2026,0,1|10:🐾:%a:%a
credit	exp~rent~-5~2026~5~25~a1^exp~zz~0.5~2026~5~25~a1^exp~%a~25.5~2026~5~25~c1^exp~food~10~2026~5~25~c1^exp~rent~100~2026~0~1~a1^exp~%a~-5~2026~5~25~a1|c1~卡c1~~credit~0~25~10|120,20,rent:-1;shop:-1,en,2026,5,25|10:🐾:自定义:%a
credit	exp~shop~10~2026~5~11~a1^exp~shop~-5~2026~0~1~_^exp~2~0.5~2026~0~1~a1|c1~卡c1~~credit~100~15~25^c2~卡c2~Card c2~credit~-100~25~10|1000,0,food:10;zz:-1,en,2026,0,1|
insight	exp~10~33.33~2026~0~1~_^exp~shop~33.33~2026~0~1~c1^exp~%a~1~2026~0~1~_^exp~zz~-5~2026~0~1~c1||100,_,,en,2026,0,1|
insight	inc~10~-5~2026~5~25~c1^exp~rent~-5~2026~5~10~a1^exp~2~25.5~2026~5~10~_^exp~10~0.5~2026~5~10~a1^inc~%a~25.5~2026~5~10~c1^inc~zz~25.5~2026~5~10~c1^exp~food~-5~2026~5~10~c1^exp~10~10~2025~11~31~a1||_,_,,en,2026,5,10|
insight	exp~trans~0~2026~5~10~_^exp~food~1~2026~5~10~c1^exp~zz~0.5~2026~5~10~_^exp~shop~100~2026~5~10~a1^exp~zz~-5~2026~5~10~_^inc~%a~10~2026~5~10~_||100,20,10:1,zh,2026,5,10|
credit	exp~food~0~2026~5~25~_^exp~shop~-5~2026~5~10~c1^xfer~%a~-5~2026~5~25~a1^inc~%a~1~2026~5~25~a1^exp~%a~33.33~2026~5~25~_^exp~2~1~2026~5~10~_^exp~trans~10~2026~5~25~a1^inc~zz~25.5~2026~1~28~a1|c1~卡c1~~credit~-100~25~_|100,50,trans:0;2:100;shop:1,en,2026,5,25|
insight	inc~shop~0.5~2026~5~10~c1^xfer~10~10~2026~5~10~_^exp~rent~33.33~2026~5~10~c1^exp~%a~33.33~2026~5~11~a1^exp~food~0.5~2026~5~11~c1^exp~%a~25.5~2026~5~10~_^exp~food~-5~2026~5~10~a1||1000,nan,,zh,2026,5,10|%a:🐾:%a:%a
insight	exp~rent~-5~2026~0~1~a1^exp~2~10~2026~0~1~a1^exp~shop~25.5~2026~0~1~c1||100,nan,2:0;rent:nan,zh,2026,0,1|
insight	exp~rent~1~2026~5~25~_||100,0,rent:30;trans:10;10:0,zh,2026,5,25|
insight	exp~10~25.5~2026~1~28~c1^exp~zz~-5~2026~0~1~a1^exp~food~1~2026~0~1~a1^exp~zz~25.5~2025~11~31~_^inc~food~100~2026~1~28~c1^xfer~shop~0.5~2026~0~1~_||0,0,rent:-1;10:0;2:10;trans:10,zh,2026,0,1|%a:🐾:%b:%d
credit	xfer~shop~0~2026~5~25~a1^inc~10~1~2026~1~28~c1^exp~10~0.5~2026~1~28~c1^exp~2~0~2026~0~1~a1|c1~卡c1~Card c1~credit~100~25~25|_,20,%a:30;shop:100,zh,2026,0,1|
insight	exp~zz~0~2026~0~1~a1^xfer~food~1~2026~5~25~_^exp~10~-5~2026~5~11~c1^xfer~2~33.33~2026~5~25~a1^xfer~shop~100~2026~5~10~c1^exp~10~nan~2026~0~1~c1^exp~food~33.33~2026~1~28~_^exp~trans~0.5~2026~0~1~a1||0,0,rent:10;%a:30;shop:0,en,2026,0,1|
insight	exp~rent~25.5~2026~5~11~_^xfer~shop~0.5~2026~5~11~a1||120,20,10:10,en,2026,5,11|rent:🐾:%b:%d
insight	xfer~%a~10~2026~0~1~a1^inc~%a~nan~2026~1~28~a1||100,nan,,zh,2026,1,28|
insight	inc~shop~-5~2026~5~11~a1^exp~2~10~2026~5~11~_^inc~2~1~2026~0~1~c1^exp~shop~-5~2026~0~1~c1^exp~%a~nan~2026~0~1~a1^xfer~food~-5~2026~5~11~c1||-100,1000,trans:1;shop:-1;%a:100;rent:nan,zh,2026,5,11|food:🐾:%a:Custom
insight	exp~trans~-5~2025~11~31~c1^exp~rent~100~2025~11~31~c1^xfer~shop~25.5~2026~1~28~c1^xfer~zz~nan~2026~5~11~_^exp~food~33.33~2025~11~31~_||1000,1000,,en,2025,11,31|
insight	exp~zz~33.33~2025~11~31~c1^exp~zz~25.5~2026~1~28~a1^exp~zz~0.5~2026~0~1~c1||0,1000,2:nan;%a:0;food:1,zh,2026,1,28|
insight	inc~shop~0.5~2026~1~28~c1^inc~%a~100~2026~5~10~c1^inc~food~nan~2025~11~31~a1^exp~food~0.5~2026~1~28~_^exp~%a~0.5~2026~1~28~_^exp~shop~0.5~2026~1~28~_^xfer~zz~25.5~2026~5~25~a1||1000,_,trans:nan;food:1;zz:nan,en,2026,1,28|
credit	exp~shop~nan~2026~5~10~_^exp~10~nan~2026~5~10~_|c1~卡c1~Card c1~credit~0~10~20|-100,50,shop:1;rent:100,zh,2026,5,10|
insight	exp~10~nan~2026~5~10~a1||nan,nan,2:nan;rent:0;zz:0;food:-1,zh,2025,11,31|
insight	exp~trans~100~2026~5~11~a1^xfer~food~nan~2026~0~1~a1^exp~zz~25.5~2026~5~25~a1^xfer~food~nan~2026~0~1~c1^exp~rent~100~2026~0~1~a1||1000,50,zz:30;2:nan;food:nan,zh,2026,0,1|
insight	exp~zz~1~2026~5~25~a1||0,_,rent:1;zz:30,en,2026,5,25|
insight	inc~%a~-5~2026~5~10~_^exp~%a~25.5~2026~5~10~_^exp~2~100~2026~5~10~_^xfer~food~33.33~2025~11~31~_||_,nan,shop:-1;2:-1,en,2026,5,10|
credit	xfer~zz~10~2026~1~28~a1|c1~卡c1~_~credit~-100~10~_^c2~卡c2~Card c2~credit~-100~10~20|_,1000,zz:30;10:-1;rent:30,en,2026,1,28|
insight	xfer~2~25.5~2025~11~31~a1^inc~rent~1~2025~11~31~c1^exp~%a~100~2025~11~31~_^xfer~%a~0.5~2025~11~31~c1^xfer~shop~100~2026~0~1~c1^exp~shop~nan~2025~11~31~a1^inc~2~nan~2025~11~31~a1^exp~%a~100~2026~5~11~a1||nan,nan,,en,2025,11,31|
insight	exp~zz~10~2026~5~11~a1||-100,_,trans:-1;10:100;shop:30,en,2026,5,11|trans:🐾:%b:%d
insight	exp~food~25.5~2025~11~31~c1^exp~zz~-5~2026~5~25~c1^xfer~2~0~2026~5~11~_||120,nan,%a:1;shop:-1,zh,2025,11,31|2:🐾:自定义:Custom
insight	exp~10~nan~2026~0~1~c1^exp~trans~1~2026~5~10~c1^inc~zz~1~2026~0~1~c1^exp~zz~25.5~2026~0~1~_^exp~2~-5~2026~0~1~_^exp~2~0.5~2026~0~1~c1||nan,20,,en,2026,0,1|
insight	inc~%a~0~2025~11~31~a1^exp~10~0~2026~1~28~_||-100,50,2:-1;%a:100,zh,2026,5,10|
insight	exp~zz~25.5~2026~5~11~c1^exp~food~0.5~2025~11~31~a1^inc~trans~-5~2026~5~10~_^exp~shop~1~2026~5~10~a1^exp~2~100~2026~5~10~_^exp~zz~0.5~2025~11~31~c1^exp~%a~25.5~2026~5~10~_||120,_,food:100,zh,2026,5,10|
insight	exp~zz~33.33~2026~5~10~a1^inc~food~nan~2026~1~28~c1^xfer~zz~-5~2026~1~28~a1^xfer~2~1~2026~1~28~a1^exp~zz~100~2026~5~10~c1^exp~zz~nan~2026~1~28~a1||_,1000,rent:100;shop:1,en,2026,1,28|
insight	exp~10~nan~2026~5~10~_^exp~zz~25.5~2025~11~31~_^exp~zz~nan~2026~1~28~_^xfer~rent~1~2026~5~10~c1^exp~2~nan~2026~5~10~a1^exp~10~0.5~2026~5~10~_^exp~trans~10~2026~5~10~_||0,0,,en,2026,5,10|10:🐾:%a:Custom
insight	exp~rent~0~2026~1~28~c1^exp~trans~0~2026~1~28~_^xfer~%a~100~2026~1~28~a1||-100,50,trans:10;shop:30,en,2026,1,28|
insight	xfer~shop~nan~2026~0~1~_^exp~zz~nan~2026~0~1~a1^xfer~10~100~2026~5~11~a1^exp~rent~0~2026~1~28~c1^inc~%a~nan~2026~1~28~c1^exp~%a~33.33~2026~1~28~c1^inc~shop~0.5~2026~1~28~a1^exp~zz~-5~2026~1~28~a1||120,_,trans:nan;zz:nan;food:100;shop:30,zh,2026,1,28|
insight	||_,50,10:30,zh,2025,11,31|zz:🐾:%a:%a
insight	xfer~%a~0~2026~1~28~a1||100,20,shop:30;rent:0;2:100,en,2026,1,28|
insight	xfer~shop~nan~2026~5~10~c1^exp~trans~33.33~2026~5~10~a1^exp~%a~10~2025~11~31~_^exp~2~1~2026~5~10~a1^exp~10~25.5~2026~5~10~c1^exp~food~1~2026~5~10~c1^inc~%a~33.33~2026~5~10~c1||nan,0,%a:10;shop:10;trans:10,en,2026,5,10|shop:🐾:%a:Custom
insight	exp~zz~0~2026~5~10~_^exp~%a~25.5~2025~11~31~a1^exp~%a~25.5~2026~5~10~_^exp~rent~1~2026~5~10~a1||120,1000,10:1,zh,2026,5,10|
credit	exp~10~0.5~2025~11~31~_^exp~%a~0.5~2025~11~31~_^inc~trans~0~2026~5~10~c1|c1~卡c1~~credit~-100~15~10|0,nan,trans:100,zh,2025,11,31|
credit	exp~10~10~2026~5~25~c1^inc~%a~-5~2026~5~25~c1|c1~卡c1~Card c1~credit~100~25~10^c2~卡c2~_~credit~0~15~10|100,_,rent:100,en,2026,5,25|
credit	xfer~10~1~2025~11~31~_^exp~zz~25.5~2025~11~31~c1^exp~%a~1~2025~11~31~_^exp~2~nan~2026~5~11~_^exp~%a~0.5~2025~11~31~c1|c1~卡c1~~credit~-100~15~10|120,nan,10:100;%a:30,zh,2025,11,31|rent:🐾:%a:%d
credit	xfer~zz~1~2025~11~31~a1^exp~2~100~2026~5~25~_|c1~卡c1~Card c1~credit~0~25~20^c2~卡c2~Card c2~credit~-100~10~10|nan,20,,en,2025,11,31|
insight	||-100,20,rent:100;10:10;zz:0;2:nan,en,2026,5,10|zz:🐾:%a:Custom
insight	xfer~10~10~2025~11~31~_||-100,_,shop:-1;10:30;food:0;rent:1,en,2025,11,31|trans:🐾:自定义:Custom
credit	inc~2~33.33~2025~11~31~c1|c1~卡c1~_~credit~-100~15~20^c2~卡c2~_~credit~100~10~25|-100,20,trans:1,zh,2025,11,31|
insight	exp~%a~1~2026~1~28~_^inc~food~25.5~2026~5~11~a1^exp~trans~0~2026~5~11~a1^inc~food~1~2026~1~28~c1^exp~rent~0.5~2026~1~28~a1||100,1000,,en,2026,1,28|
insight	exp~trans~10~2026~5~25~a1^exp~trans~0~2026~0~1~a1^exp~trans~-5~2026~5~10~_^exp~shop~25.5~2026~0~1~c1^exp~%a~25.5~2026~5~25~c1^exp~food~0~2026~5~25~c1^exp~10~33.33~2026~5~25~c1^inc~shop~0.5~2026~5~25~c1||nan,0,food:10;2:0,zh,2026,5,25|
insight	||1000,50,,en,2026,1,28|
insight	exp~rent~1~2026~0~1~a1^exp~zz~0~2026~0~1~a1^xfer~zz~33.33~2026~1~28~a1^exp~trans~-5~2026~0~1~_^inc~2~10~2026~5~11~c1||-100,0,shop:nan;rent:100;%a:0;food:1,en,2026,0,1|
credit	exp~rent~0~2026~5~10~_^inc~food~100~2026~5~10~c1|c1~卡c1~_~credit~0~15~10^c2~卡c2~~credit~0~15~20|100,0,2:-1;food:nan,zh,2026,5,10|trans:🐾:%b:%a
insight	exp~2~-5~2026~5~10~_^xfer~10~-5~2025~11~31~a1^exp~food~100~2025~11~31~c1^exp~%a~-5~2026~5~11~a1^exp~rent~0~2026~5~25~_^exp~zz~nan~2026~0~1~a1^exp~food~0~2026~5~25~c1||0,_,food:nan;%a:1;10:-1;shop:nan,zh,2026,5,10|
insight	exp~%a~10~2026~5~11~a1^exp~%a~100~2026~0~1~c1^xfer~%a~25.5~2026~0~1~_^exp~trans~1~2026~0~1~_^exp~food~nan~2026~0~1~c1^exp~%a~100~2026~0~1~c1^exp~trans~0~2026~0~1~_||1000,50,%a:30;zz:10,zh,2026,0,1|10:🐾:%a:Custom
insight	exp~zz~0~2026~1~28~_^xfer~food~25.5~2026~5~11~_||0,1000,trans:100;zz:30;food:100;shop:nan,en,2026,1,28|
credit	inc~zz~0~2026~5~10~a1^exp~shop~nan~2026~5~10~a1^exp~2~nan~2026~5~10~c1^inc~10~0.5~2026~0~1~c1|c1~卡c1~~credit~100~15~10|-100,1000,%a:100;trans:0,zh,2026,5,10|rent:🐾:%b:Custom
insight	exp~food~0~2026~5~10~_^exp~2~10~2026~5~10~a1^exp~2~0~2026~5~10~c1||_,0,2:-1;10:-1;shop:100,zh,2026,5,10|
insight	xfer~food~25.5~2026~0~1~a1||_,50,%a:100;10:100,en,2026,1,28|
credit	exp~2~-5~2026~0~1~_^exp~%a~25.5~2025~11~31~a1^exp~zz~33.33~2026~5~25~_^exp~2~100~2026~5~25~_|c1~卡c1~Card c1~credit~100~25~_^c2~卡c2~~credit~-100~15~10|100,_,shop:10;rent:nan;trans:100;food:0,zh,2026,5,10|
insight	exp~10~0~2026~5~11~c1||0,_,2:-1;10:30;%a:100,zh,2026,5,11|food:🐾:%b:%a
insight	xfer~10~100~2026~5~11~a1^xfer~rent~0.5~2026~5~11~c1^xfer~zz~10~2026~5~11~a1^xfer~10~25.5~2026~5~11~c1^exp~10~25.5~2026~0~1~_^exp~zz~-5~2026~5~11~a1^exp~trans~25.5~2026~5~11~a1^exp~zz~25.5~2026~5~11~a1||100,1000,10:-1,en,2026,5,11|shop:🐾:%b:Custom
insight	xfer~shop~100~2026~5~25~a1||_,1000,shop:10;10:100;trans:30,zh,2026,5,25|zz:🐾:自定义:Custom
credit	xfer~trans~100~2026~0~1~a1^xfer~%a~0.5~2026~0~1~_^exp~rent~25.5~2026~0~1~c1^inc~zz~-5~2026~5~11~a1^exp~shop~1~2026~0~1~c1^inc~%a~25.5~2026~5~11~c1|c1~卡c1~Card c1~credit~-100~10~_|100,_,%a:30,zh,2026,0,1|
insight	exp~zz~nan~2026~5~25~_^exp~%a~33.33~2025~11~31~c1^exp~zz~-5~2026~5~25~a1^exp~rent~0~2026~5~25~c1^exp~%a~1~2026~5~11~c1^xfer~shop~0~2026~5~25~_^exp~shop~10~2026~1~28~a1^exp~trans~10~2026~5~10~_||100,nan,rent:100;trans:nan;food:0,zh,2026,5,25|
insight	exp~trans~0.5~2026~5~25~_^exp~rent~0.5~2026~5~25~c1||-100,50,,en,2026,5,25|
insight	exp~trans~33.33~2026~5~10~c1^exp~zz~1~2026~5~10~c1^xfer~2~nan~2026~5~11~c1||100,0,zz:nan;rent:0,zh,2026,5,10|
credit	exp~10~33.33~2026~1~28~_^exp~2~33.33~2026~1~28~c1^exp~2~nan~2026~5~10~a1^exp~trans~33.33~2026~5~25~c1^inc~10~10~2026~1~28~c1^inc~%a~100~2026~1~28~c1^xfer~%a~nan~2026~1~28~_^inc~10~0.5~2026~1~28~c1|c1~卡c1~~credit~100~15~25|100,50,food:30;shop:0;zz:10;rent:10,en,2026,1,28|2:🐾:自定义:Custom
credit	exp~food~25.5~2026~5~11~a1|c1~卡c1~_~credit~100~10~25|nan,1000,rent:100;food:30;zz:10,zh,2025,11,31|
insight	exp~%a~100~2026~5~10~a1^exp~zz~33.33~2026~1~28~a1^exp~rent~1~2026~5~11~_^exp~trans~100~2026~5~11~a1^exp~zz~0.5~2026~1~28~a1^exp~shop~-5~2026~1~28~a1||-100,nan,%a:nan;2:100;zz:1,zh,2026,1,28|
credit	exp~shop~1~2026~5~11~_|c1~卡c1~~credit~100~25~10|1000,0,,zh,2026,5,11|shop:🐾:%b:%d
insight	exp~trans~-5~2026~5~11~c1^exp~%a~0.5~2026~5~11~c1^exp~10~0~2026~5~11~_^exp~trans~1~2026~5~11~c1^exp~rent~0.5~2026~5~11~_^exp~shop~10~2026~5~11~a1^exp~2~10~2025~11~31~c1||120,_,trans:-1;shop:0,zh,2026,5,11|10:🐾:%a:%d
insight	xfer~trans~0.5~2026~5~25~_||100,1000,%a:-1;2:0;trans:0;food:100,en,2026,5,25|
credit	xfer~food~-5~2026~1~28~c1^exp~shop~-5~2026~5~11~a1^exp~food~100~2026~1~28~c1^inc~trans~0.5~2026~0~1~a1^inc~food~nan~2026~1~28~c1|c1~卡c1~Card c1~credit~0~25~10|0,50,food:1;%a:-1;shop:1;zz:nan,zh,2026,1,28|
insight	exp~zz~100~2026~1~28~a1||nan,20,zz:10;food:0;10:30;%a:1,en,2026,1,28|rent:🐾:自定义:Custom
insight	xfer~rent~33.33~2026~1~28~a1^exp~trans~-5~2026~1~28~_^exp~2~25.5~2026~1~28~c1^exp~food~0.5~2026~1~28~a1^exp~food~0.5~2026~1~28~c1||nan,nan,zz:10;rent:100,zh,2026,1,28|
credit	inc~10~33.33~2026~0~1~a1^exp~%a~100~2026~1~28~a1|c1~卡c1~Card c1~credit~100~10~25^c2~卡c2~_~credit~0~15~_|nan,nan,,en,2026,1,28|%a:🐾:%a:%a
insight	exp~2~0~2025~11~31~_^exp~shop~0.5~2025~11~31~_^xfer~shop~10~2025~11~31~_^exp~shop~1~2026~1~28~a1^exp~%a~nan~2025~11~31~c1^exp~food~25.5~2025~11~31~_^exp~trans~nan~2026~1~28~c1^exp~shop~100~2026~5~25~_||nan,1000,,en,2025,11,31|2:🐾:自定义:%a
insight	exp~trans~0~2026~5~25~_^inc~shop~0~2026~5~25~a1^xfer~food~10~2026~5~10~_^exp~trans~100~2026~5~25~a1^exp~%a~-5~2026~5~25~c1^exp~2~0~2026~5~10~_||_,1000,,en,2026,5,25|food:🐾:自定义:%d
insight	||100,_,trans:10;%a:10;zz:-1,en,2026,1,28|food:🐾:自定义:%d
insight	exp~%a~100~2026~5~25~c1^exp~10~-5~2026~1~28~_^exp~10~0.5~2026~1~28~a1^xfer~shop~33.33~2025~11~31~c1||_,1000,,zh,2026,1,28|shop:🐾:自定义:Custom
credit	exp~trans~10~2026~5~25~a1^exp~shop~nan~2026~5~11~a1|c1~卡c1~Card c1~credit~0~15~_|nan,1000,10:100;rent:1;trans:0;shop:1,en,2026,5,25|zz:🐾:自定义:%d
insight	exp~food~25.5~2026~0~1~c1^exp~food~25.5~2026~0~1~c1||1000,nan,2:nan,en,2026,0,1|food:🐾:%b:Custom
insight	xfer~zz~25.5~2026~5~25~c1^inc~shop~nan~2025~11~31~_^inc~food~1~2026~5~11~c1||120,20,%a:100,zh,2026,5,25|10:🐾:自定义:Custom
insight	xfer~zz~-5~2025~11~31~_^exp~trans~10~2026~0~1~c1^exp~10~-5~2026~1~28~c1^exp~zz~nan~2026~5~10~a1^exp~trans~0.5~2026~5~10~_^exp~shop~-5~2026~1~28~_^exp~rent~-5~2025~11~31~c1||0,0,rent:100,en,2026,1,28|
credit	exp~%a~25.5~2025~11~31~c1^xfer~trans~25.5~2025~11~31~c1|c1~卡c1~~credit~0~10~10|-100,1000,trans:100;rent:30;food:1;2:1,zh,2025,11,31|
insight	exp~food~10~2026~5~10~a1^exp~2~100~2026~5~25~c1^exp~10~0.5~2026~5~10~a1^exp~food~0~2026~5~10~a1^exp~rent~1~2026~5~10~c1^exp~rent~10~2026~5~10~_^inc~%a~0.5~2026~5~10~_^exp~zz~0~2026~5~10~c1||_,_,2:10;trans:100,zh,2026,5,10|
insight	inc~shop~1~2026~1~28~c1^exp~10~33.33~2026~1~28~_^exp~food~25.5~2026~1~28~a1||_,_,shop:nan;2:0,zh,2026,1,28|rent:🐾:%a:%d
insight	exp~2~0~2026~0~1~a1^exp~%a~-5~2026~0~1~c1^exp~shop~1~2026~1~28~c1^exp~shop~0~2026~5~11~a1^exp~rent~0~2026~0~1~c1^exp~shop~0~2026~5~11~a1^exp~%a~10~2026~0~1~c1||0,_,food:1;%a:0;10:nan,zh,2026,0,1|rent:🐾:自定义:%a
insight	exp~trans~33.33~2026~0~1~c1^xfer~%a~-5~2026~5~11~c1^exp~trans~nan~2026~5~10~a1^inc~trans~-5~2026~1~28~a1^exp~%a~nan~2026~5~11~a1||0,_,rent:nan;%a:-1;food:0;2:1,zh,2026,0,1|
credit	exp~2~33.33~2026~0~1~c1^inc~%a~0~2026~5~25~_^xfer~2~100~2025~11~31~a1^exp~10~nan~2025~11~31~a1^exp~2~1~2025~11~31~_|c1~卡c1~Card c1~credit~100~25~25^c2~卡c2~~credit~0~10~25|120,1000,shop:30;2:100,en,2025,11,31|
insight	inc~trans~33.33~2026~5~11~a1^xfer~shop~1~2026~5~25~a1||nan,50,rent:1;shop:30,en,2026,5,25|
credit	exp~food~0~2026~1~28~a1^inc~2~10~2026~1~28~_^xfer~shop~33.33~2026~5~11~_^exp~trans~0.5~2025~11~31~a1^exp~%a~0~2026~1~28~_^exp~2~nan~2026~1~28~_|c1~卡c1~~credit~-100~15~10|1000,20,shop:100;food:1;2:1;zz:1,en,2026,1,28|
credit	exp~rent~0~2026~0~1~_^exp~rent~10~2026~0~1~a1|c1~卡c1~_~credit~100~15~_|nan,0,rent:0;%a:30,en,2026,0,1|
insight	xfer~shop~0.5~2026~5~10~c1^inc~food~0~2026~5~25~c1^exp~food~25.5~2026~5~25~c1^exp~shop~0~2026~5~25~c1^exp~rent~33.33~2025~11~31~a1^exp~2~0~2026~5~10~_^exp~food~100~2025~11~31~c1^inc~rent~100~2026~5~25~_||-100,1000,,zh,2026,5,25|
insight	||1000,1000,,en,2025,11,31|
insight	exp~%a~0.5~2026~5~11~c1||0,20,trans:-1;%a:100,en,2026,5,11|
insight	xfer~zz~10~2026~5~11~_^exp~zz~0~2026~5~11~a1^xfer~food~25.5~2026~5~11~c1^exp~food~nan~2026~5~11~a1^exp~shop~1~2026~5~11~_^exp~trans~-5~2026~5~11~_||0,_,food:nan,zh,2026,5,11|
insight	xfer~shop~nan~2026~0~1~a1^inc~trans~25.5~2026~0~1~c1||120,1000,rent:100,en,2026,0,1|
insight	exp~10~25.5~2025~11~31~c1^exp~zz~nan~2026~0~1~_^exp~rent~0~2026~5~25~_^inc~rent~33.33~2026~5~25~a1^inc~trans~nan~2026~5~25~a1^xfer~rent~1~2026~5~25~_^exp~zz~nan~2026~5~25~_^xfer~shop~100~2026~1~28~a1||100,_,food:nan,zh,2026,5,25|%a:🐾:%b:%d
insight	inc~%a~0.5~2026~5~25~_^exp~rent~10~2026~5~25~a1^exp~food~1~2026~5~25~a1^exp~shop~100~2026~1~28~c1||1000,_,rent:-1,zh,2026,5,25|
insight	exp~zz~nan~2026~5~11~c1^exp~%a~1~2026~5~11~_||0,nan,,zh,2026,5,11|
insight	xfer~shop~0~2026~5~25~c1^inc~10~100~2026~1~28~a1^xfer~food~0.5~2026~5~10~a1^exp~shop~-5~2026~1~28~_^exp~10~33.33~2026~5~25~a1^exp~%a~-5~2026~1~28~_^exp~food~nan~2026~5~25~c1^inc~food~0~2026~1~28~a1||-100,_,%a:100;2:-1;10:-1;food:1,en,2026,1,28|2:🐾:自定义:%a
insight	exp~trans~100~2026~1~28~_^exp~%a~nan~2026~5~11~a1||nan,0,rent:1;food:10;%a:0;zz:0,zh,2026,5,25|food:🐾:自定义:%d
insight	inc~food~25.5~2026~1~28~c1^exp~rent~0~2026~1~28~a1^exp~zz~25.5~2026~1~28~_^exp~rent~-5~2026~1~28~_^exp~shop~25.5~2026~1~28~_^exp~rent~25.5~2026~5~25~c1||nan,50,,zh,2026,1,28|shop:🐾:自定义:Custom
credit	|c1~卡c1~~credit~100~15~20^c2~卡c2~_~credit~100~25~_|-100,_,trans:0;shop:1;zz:1;food:10,en,2026,5,11|
insight	exp~trans~100~2025~11~31~c1^exp~shop~33.33~2025~11~31~_^xfer~2~33.33~2025~11~31~a1^xfer~trans~nan~2025~11~31~_^exp~10~33.33~2026~5~10~c1^xfer~2~1~2025~11~31~c1^exp~trans~100~2025~11~31~a1^exp~trans~33.33~2026~5~25~_||120,1000,rent:30;10:30;trans:nan,zh,2025,11,31|10:🐾:%b:Custom
credit	xfer~zz~0~2026~1~28~_^exp~10~1~2026~1~28~a1^exp~10~nan~2026~1~28~c1^exp~2~100~2026~5~10~a1^inc~trans~25.5~2026~1~28~a1^inc~%a~-5~2026~1~28~a1^exp~rent~33.33~2026~1~28~c1|c1~卡c1~_~credit~100~15~10^c2~卡c2~~credit~0~15~25|nan,1000,trans:nan;zz:10,zh,2026,1,28|
insight	exp~trans~25.5~2026~1~28~c1^exp~rent~100~2026~1~28~a1||100,nan,shop:10,en,2026,1,28|10:🐾:%b:%d
insight	exp~food~25.5~2026~5~10~_^exp~2~nan~2026~5~11~c1^inc~food~100~2026~5~10~a1^exp~rent~1~2026~5~10~a1^exp~2~100~2026~5~10~c1^inc~10~10~2026~5~10~a1^inc~rent~100~2026~5~10~a1||nan,0,2:30;10:0;trans:30;shop:30,zh,2026,5,10|
insight	||nan,nan,shop:-1;food:-1,zh,2026,5,11|
credit	exp~10~-5~2026~5~11~c1^inc~food~0~2026~1~28~c1^exp~trans~10~2026~1~28~a1^exp~trans~33.33~2026~1~28~c1^inc~2~0~2026~1~28~c1^exp~10~1~2026~5~25~c1|c1~卡c1~~credit~0~10~20|0,20,trans:-1;2:30;zz:10;10:1,zh,2026,1,28|
insight	exp~shop~100~2025~11~31~c1^exp~trans~0.5~2025~11~31~a1^exp~shop~10~2025~11~31~a1||1000,20,shop:30;zz:0,en,2025,11,31|
insight	inc~10~33.33~2026~0~1~a1^exp~10~0~2026~0~1~_^exp~zz~25.5~2026~0~1~_^exp~food~0.5~2026~1~28~_^exp~rent~100~2026~5~25~a1^exp~%a~25.5~2026~5~25~a1^exp~%a~0.5~2026~5~10~c1^exp~zz~33.33~2026~0~1~c1||-100,nan,rent:30,en,2026,0,1|
insight	exp~%a~-5~2026~0~1~_^exp~%a~0.5~2026~0~1~c1^exp~rent~25.5~2026~0~1~a1||-100,_,shop:0;zz:1;rent:100;10:1,en,2026,0,1|2:🐾:%a:%d
insight	xfer~rent~0~2026~5~10~a1^exp~trans~0.5~2026~5~10~a1^exp~food~nan~2026~5~10~a1^exp~2~25.5~2026~5~10~a1^exp~zz~10~2026~5~10~a1^exp~10~nan~2026~5~10~_^inc~10~0~2026~5~10~c1||0,1000,zz:100,zh,2026,5,10|
insight	exp~2~25.5~2025~11~31~_^exp~%a~25.5~2026~5~11~c1^xfer~trans~nan~2026~5~11~a1^xfer~shop~-5~2026~0~1~a1||120,50,%a:1;2:-1;10:10,zh,2026,5,11|zz:🐾:%a:%d
credit	exp~trans~0~2026~1~28~_^xfer~2~33.33~2026~1~28~_^exp~2~25.5~2026~1~28~c1^exp~trans~10~2026~5~25~a1^xfer~food~1~2026~1~28~c1^inc~rent~0~2026~1~28~a1^exp~shop~-5~2026~1~28~c1^xfer~2~1~2026~1~28~c1|c1~卡c1~Card c1~credit~100~10~10|100,50,10:nan;2:0;trans:10,en,2026,1,28|
insight	inc~10~25.5~2026~1~28~c1||1000,_,%a:1,en,2026,1,28|2:🐾:%b:%d
insight	exp~trans~33.33~2026~5~25~a1^exp~%a~25.5~2026~5~10~_^exp~shop~-5~2026~5~10~a1^exp~10~100~2026~5~10~a1^xfer~trans~33.33~2026~5~10~_||_,1000,,zh,2026,5,10|
insight	exp~trans~0~2026~5~25~_^exp~2~nan~2026~5~25~c1^xfer~2~33.33~2026~5~10~_^exp~%a~25.5~2026~5~25~c1^exp~trans~1~2026~5~25~_^exp~shop~nan~2026~5~25~a1^exp~10~1~2026~0~1~c1^exp~food~100~2026~5~25~a1||120,50,10:nan;zz:30;2:-1;%a:10,zh,2026,5,25|
insight	exp~trans~0~2025~11~31~c1^exp~shop~33.33~2026~5~10~a1^inc~10~0.5~2025~11~31~c1^inc~zz~0.5~2025~11~31~_^exp~zz~25.5~2025~11~31~c1^exp~trans~1~2026~1~28~_^inc~shop~-5~2025~11~31~_^exp~rent~33.33~2025~11~31~_||120,20,food:0;2:1,en,2025,11,31|
insight	exp~food~25.5~2026~1~28~_^exp~food~10~2026~5~25~_^xfer~2~33.33~2025~11~31~c1^xfer~trans~1~2025~11~31~a1||_,_,rent:-1,zh,2025,11,31|%a:🐾:%a:%d
insight	inc~trans~1~2026~1~28~_||_,_,,zh,2026,1,28|
insight	xfer~trans~0.5~2026~0~1~a1^exp~shop~33.33~2026~0~1~_^exp~%a~33.33~2026~5~25~a1^xfer~%a~nan~2026~1~28~c1^exp~zz~0.5~2026~0~1~_||1000,1000,2:30;trans:10;%a:1;rent:1,zh,2026,0,1|
credit	exp~rent~0~2026~5~10~c1|c1~卡c1~Card c1~credit~100~15~25^c2~卡c2~_~credit~0~25~10|0,_,,zh,2026,5,10|
credit	|c1~卡c1~Card c1~credit~-100~25~10^c2~卡c2~Card c2~credit~-100~15~_|100,nan,zz:1,zh,2026,0,1|
credit	exp~%a~-5~2026~5~10~a1^exp~food~nan~2025~11~31~c1^xfer~10~-5~2025~11~31~a1|c1~卡c1~_~credit~100~15~20^c2~卡c2~~credit~-100~15~20|120,20,rent:30;shop:0;food:100,zh,2025,11,31|
insight	xfer~rent~33.33~2025~11~31~c1||100,1000,10:30;2:nan,en,2026,5,25|
insight	exp~%a~10~2026~0~1~a1^xfer~rent~-5~2025~11~31~a1^exp~rent~0.5~2025~11~31~c1^exp~%a~100~2025~11~31~_||nan,1000,,zh,2025,11,31|
credit	xfer~food~100~2026~1~28~a1|c1~卡c1~_~credit~100~25~20|0,50,%a:10;trans:30;zz:100,zh,2026,0,1|2:🐾:%b:%a
insight	exp~10~0~2026~0~1~a1^exp~shop~100~2026~0~1~c1^exp~zz~10~2025~11~31~_^exp~2~nan~2026~5~10~a1^exp~2~25.5~2026~0~1~_^inc~%a~33.33~2026~5~11~a1^inc~trans~0~2026~0~1~_^xfer~zz~100~2026~0~1~_||100,50,10:1;2:30;zz:100,zh,2026,0,1|
insight	||0,20,%a:0;food:30,en,2026,1,28|
insight	exp~trans~10~2026~5~11~c1^exp~shop~25.5~2026~5~11~_||nan,0,zz:100;%a:-1;10:10;rent:-1,en,2026,5,11|rent:🐾:%a:Custom
insight	||nan,_,,zh,2026,5,10|rent:🐾:%a:%d
insight	inc~food~25.5~2026~1~28~a1^exp~rent~100~2026~0~1~_^exp~trans~nan~2026~1~28~_^xfer~rent~33.33~2026~5~25~c1^exp~food~25.5~2026~5~10~a1^xfer~10~10~2026~1~28~a1^exp~10~33.33~2026~1~28~c1||0,0,,en,2026,1,28|
insight	exp~shop~0~2025~11~31~a1^xfer~food~1~2025~11~31~c1^xfer~%a~0~2025~11~31~c1^xfer~%a~nan~2025~11~31~a1^exp~zz~25.5~2025~11~31~c1^exp~trans~33.33~2025~11~31~a1||100,20,2:10;trans:1,en,2025,11,31|
insight	||-100,nan,rent:-1,zh,2026,5,10|
insight	||100,50,rent:30;shop:100,zh,2026,5,10|
insight	exp~food~-5~2026~5~11~_^exp~zz~100~2026~5~11~c1^xfer~rent~nan~2026~5~11~c1^xfer~2~25.5~2026~5~11~c1^xfer~shop~nan~2026~5~11~c1^exp~%a~nan~2026~5~11~c1||nan,50,food:30,zh,2026,5,11|
insight	xfer~%a~nan~2025~11~31~a1^xfer~%a~-5~2026~1~28~a1^exp~food~10~2025~11~31~a1^exp~zz~0.5~2026~5~11~_^exp~2~100~2025~11~31~_^exp~%a~0~2025~11~31~c1^exp~10~nan~2026~5~11~a1^exp~rent~1~2025~11~31~a1||100,50,,en,2025,11,31|trans:🐾:%b:%a
insight	exp~rent~25.5~2026~1~28~_^inc~shop~nan~2026~1~28~_^exp~2~-5~2026~1~28~a1^exp~shop~25.5~2026~5~25~c1^exp~rent~0.5~2026~5~11~a1^exp~food~nan~2026~1~28~c1^inc~%a~1~2026~5~10~a1||-100,0,trans:10,zh,2026,1,28|
insight	inc~shop~-5~2026~0~1~_||1000,nan,shop:-1,en,2026,5,10|
insight	xfer~rent~25.5~2026~5~10~a1||_,_,food:0,zh,2026,5,11|
insight	xfer~shop~25.5~2026~5~11~c1^xfer~2~nan~2026~5~10~a1||nan,_,,zh,2026,5,25|
insight	inc~2~33.33~2026~5~25~_^inc~zz~-5~2026~5~25~c1^exp~zz~10~2026~5~25~_||100,0,zz:100;food:100,zh,2026,5,25|
insight	exp~10~nan~2026~0~1~a1^exp~shop~-5~2026~0~1~a1||-100,20,%a:1;rent:-1;zz:1,zh,2026,0,1|
credit	exp~zz~1~2026~1~28~_^xfer~zz~33.33~2025~11~31~_^exp~rent~33.33~2026~0~1~_|c1~卡c1~_~credit~-100~10~10^c2~卡c2~~credit~-100~25~10|120,0,shop:1,en,2026,0,1|
insight	xfer~rent~0.5~2026~0~1~a1^exp~shop~100~2025~11~31~_||1000,20,rent:30,en,2026,0,1|rent:🐾:%b:%a
insight	exp~trans~1~2025~11~31~a1^exp~rent~1~2026~5~25~c1^xfer~2~25.5~2026~1~28~c1^xfer~food~nan~2026~0~1~c1||120,_,,zh,2026,1,28|
insight	exp~2~33.33~2026~5~11~_^inc~10~33.33~2026~5~11~c1^xfer~rent~10~2026~1~28~c1^exp~10~1~2026~5~11~_^exp~2~25.5~2026~5~11~_||120,1000,shop:10;zz:10;2:30;food:1,zh,2026,5,11|
credit	|c1~卡c1~Card c1~credit~0~15~10|100,0,10:1,en,2025,11,31|
insight	exp~trans~0~2026~5~10~c1^exp~food~nan~2026~5~10~a1||_,_,food:nan;zz:10;rent:1;shop:30,zh,2026,5,10|
insight	exp~%a~10~2025~11~31~_^xfer~food~0.5~2026~0~1~_^exp~2~100~2025~11~31~c1^xfer~zz~nan~2026~0~1~_^exp~10~10~2025~11~31~_^exp~zz~33.33~2026~5~10~a1^exp~food~1~2026~0~1~a1^xfer~zz~10~2026~0~1~_||_,_,trans:30,en,2026,0,1|%a:🐾:%a:Custom
insight	xfer~shop~10~2026~5~10~c1||nan,1000,shop:30;zz:100;food:30;trans:-1,en,2026,0,1|
insight	xfer~%a~1~2025~11~31~c1^xfer~zz~1~2025~11~31~_||1000,20,,en,2025,11,31|zz:🐾:自定义:%a
insight	exp~zz~0.5~2025~11~31~a1^inc~rent~100~2025~11~31~c1^exp~rent~0~2026~0~1~_^inc~trans~0~2025~11~31~_^exp~shop~1~2025~11~31~a1^exp~2~25.5~2025~11~31~c1^exp~trans~-5~2025~11~31~c1^exp~2~0~2026~1~28~_||1000,_,food:0;trans:0;2:-1;rent:10,en,2025,11,31|
credit	|c1~卡c1~_~credit~-100~10~20^c2~卡c2~Card c2~credit~0~15~_|120,1000,shop:-1;10:1;%a:-1,en,2026,1,28|shop:🐾:自定义:%a
insight	exp~rent~-5~2026~5~10~a1^xfer~10~0~2026~5~10~a1^exp~2~-5~2026~5~10~a1^exp~2~0~2026~1~28~c1^exp~%a~nan~2026~5~10~c1||nan,nan,trans:10;rent:-1,en,2026,5,10|
insight	xfer~rent~25.5~2025~11~31~c1^exp~zz~1~2026~5~11~a1^exp~food~33.33~2026~0~1~a1^exp~%a~25.5~2026~5~11~a1^exp~zz~1~2026~5~10~c1^inc~10~nan~2026~5~11~_||0,1000,2:30;zz:10;%a:-1,zh,2026,5,11|
insight	exp~%a~25.5~2026~5~25~a1^exp~%a~1~2026~5~11~c1^exp~shop~nan~2026~5~11~a1^exp~shop~0.5~2026~5~10~a1^inc~rent~100~2026~5~11~c1^xfer~10~25.5~2025~11~31~_^exp~shop~-5~2026~0~1~a1||0,50,,en,2026,5,11|
credit	exp~zz~1~2026~5~10~c1^exp~food~100~2026~5~25~a1|c1~卡c1~_~credit~-100~15~20|-100,20,%a:30;trans:nan;rent:100;2:100,zh,2026,5,25|
insight	exp~trans~0.5~2026~5~25~_^exp~2~33.33~2026~5~10~_^inc~zz~33.33~2026~1~28~c1^inc~shop~1~2026~1~28~a1^exp~2~10~2026~5~10~a1^inc~%a~-5~2026~1~28~c1^xfer~%a~nan~2026~1~28~_^exp~trans~nan~2026~1~28~c1||nan,1000,%a:1,zh,2026,1,28|
insight	exp~trans~25.5~2026~0~1~c1^inc~trans~33.33~2025~11~31~c1^inc~10~33.33~2025~11~31~c1^xfer~2~25.5~2025~11~31~c1^xfer~trans~25.5~2025~11~31~c1||nan,0,,zh,2025,11,31|
insight	exp~2~0.5~2026~0~1~_^exp~%a~nan~2026~5~11~c1^inc~food~nan~2026~0~1~c1^exp~food~25.5~2026~5~10~_^xfer~2~100~2025~11~31~c1||120,_,,en,2026,0,1|
insight	exp~2~100~2026~1~28~c1^exp~10~25.5~2026~0~1~c1^exp~rent~1~2026~5~10~c1^exp~2~25.5~2026~5~25~a1^exp~rent~10~2025~11~31~_^exp~shop~10~2025~11~31~a1^exp~zz~0~2025~11~31~_^inc~10~-5~2025~11~31~c1||-100,_,trans:nan;shop:30;food:30;rent:10,zh,2025,11,31|10:🐾:%a:%d
insight	xfer~food~0.5~2026~0~1~a1^exp~zz~-5~2026~0~1~_^inc~shop~0~2026~0~1~_^exp~food~33.33~2026~5~25~a1||120,_,,en,2026,0,1|10:🐾:%b:Custom
insight	exp~shop~33.33~2026~5~25~a1^exp~shop~25.5~2026~5~25~c1^exp~2~-5~2026~1~28~_^exp~rent~10~2026~5~10~a1^inc~zz~-5~2026~5~25~_^exp~%a~25.5~2025~11~31~a1^inc~%a~33.33~2026~5~25~a1^exp~10~100~2026~5~25~_||nan,_,,zh,2026,5,25|
insight	inc~zz~0~2026~5~25~_^exp~trans~33.33~2026~5~25~_^xfer~trans~10~2026~0~1~_^xfer~10~1~2026~5~11~_||1000,nan,trans:-1,en,2026,0,1|
insight	||_,1000,,zh,2026,5,10|shop:🐾:%a:Custom
credit	exp~rent~0.5~2026~5~10~c1^exp~zz~10~2026~5~25~_^xfer~rent~25.5~2026~5~25~c1^xfer~2~100~2026~5~25~a1^inc~trans~-5~2026~5~25~c1^exp~%a~1~2026~5~25~a1^exp~rent~33.33~2026~5~25~_|c1~卡c1~_~credit~100~10~25^c2~卡c2~~credit~0~10~10|_,_,%a:1;rent:1;food:-1,zh,2026,5,25|
insight	exp~rent~-5~2025~11~31~a1^inc~shop~100~2026~1~28~c1^exp~2~100~2026~5~10~_^exp~food~1~2026~5~10~_^xfer~shop~100~2025~11~31~_^inc~food~33.33~2026~5~10~_^xfer~rent~100~2026~5~10~c1^xfer~2~100~2026~5~10~_||0,nan,2:30;zz:100;food:nan,zh,2026,5,10|shop:🐾:%a:%a
insight	exp~rent~10~2026~5~25~a1^inc~rent~33.33~2026~5~11~_^xfer~shop~nan~2026~0~1~_^exp~10~1~2026~5~11~a1^xfer~trans~nan~2026~5~11~a1^xfer~%a~1~2026~5~11~a1||0,0,trans:1;2:30,en,2026,5,11|
insight	inc~food~0~2026~1~28~_^exp~shop~-5~2026~5~10~_^exp~food~25.5~2026~1~28~_^exp~2~25.5~2026~1~28~a1^xfer~rent~nan~2026~1~28~_^xfer~food~0.5~2026~1~28~_^exp~trans~25.5~2026~1~28~_||_,nan,%a:30,zh,2026,1,28|
insight	inc~rent~1~2026~5~11~_^exp~food~0~2026~0~1~a1^exp~food~10~2026~5~25~_^exp~trans~33.33~2026~0~1~a1^inc~%a~-5~2026~0~1~_||120,nan,food:0,zh,2026,0,1|
insight	exp~zz~0~2026~5~11~c1^exp~food~-5~2026~5~11~c1^exp~%a~100~2026~5~25~_^exp~zz~0~2026~5~11~c1^exp~zz~nan~2026~5~11~_||_,20,10:30;food:-1;rent:1,zh,2026,5,11|
insight	exp~food~0.5~2026~0~1~a1^exp~shop~10~2026~5~10~_^exp~2~nan~2026~5~11~a1^exp~shop~1~2026~0~1~a1^xfer~10~100~2025~11~31~c1^exp~food~1~2026~0~1~a1||-100,_,%a:10;10:1,en,2026,0,1|2:🐾:%a:%d
insight	exp~trans~0~2026~1~28~c1^exp~rent~0.5~2026~1~28~a1||0,20,%a:1;zz:0;trans:nan,en,2026,1,28|
insight	xfer~trans~100~2026~5~11~c1^exp~2~0~2026~5~11~c1^inc~2~nan~2026~5~10~c1^exp~zz~0~2026~5~11~c1^exp~2~25.5~2026~5~11~c1^inc~rent~100~2026~5~11~a1||-100,1000,,en,2026,5,11|
credit	exp~10~0.5~2026~5~11~_|c1~卡c1~Card c1~credit~0~10~_^c2~卡c2~Card c2~credit~100~25~10|100,1000,food:nan;2:nan;trans:10;%a:-1,zh,2026,5,11|
insight	xfer~food~25.5~2026~5~10~_^inc~zz~100~2026~5~10~_^exp~2~-5~2026~1~28~c1^xfer~trans~100~2026~1~28~c1^xfer~%a~1~2026~1~28~_^exp~2~33.33~2026~5~11~c1||nan,nan,food:0;%a:-1;10:30,zh,2026,1,28|
credit	exp~rent~0~2026~1~28~_|c1~卡c1~_~credit~100~15~10|1000,1000,trans:-1;10:10;zz:10;2:0,zh,2026,1,28|
insight	inc~shop~nan~2025~11~31~c1^exp~shop~-5~2025~11~31~_^xfer~shop~-5~2026~5~25~_^exp~10~0.5~2025~11~31~_||120,0,food:30,en,2025,11,31|
insight	exp~shop~0.5~2025~11~31~a1^xfer~food~25.5~2026~1~28~_^exp~rent~-5~2026~5~10~_^exp~food~-5~2026~5~10~a1||120,20,food:nan;shop:1;2:100;10:-1,zh,2026,5,10|
insight	exp~%a~0.5~2026~0~1~_^exp~10~0.5~2026~5~25~a1||0,_,,en,2026,0,1|
insight	xfer~shop~-5~2026~5~11~c1^inc~2~-5~2026~1~28~_^exp~trans~-5~2026~5~11~a1^xfer~10~-5~2026~1~28~c1^exp~2~-5~2026~5~11~a1^exp~food~10~2026~1~28~a1^exp~zz~33.33~2026~5~11~a1^inc~zz~0.5~2026~5~11~c1||120,nan,2:-1,zh,2026,5,11|
insight	exp~rent~-5~2026~5~25~a1^exp~2~100~2026~5~10~a1^exp~rent~0~2026~1~28~a1^exp~%a~0.5~2025~11~31~_^exp~trans~1~2026~1~28~_^exp~10~100~2026~5~10~a1||nan,nan,rent:nan;shop:10;trans:1,zh,2026,1,28|%a:🐾:%a:%a
credit	xfer~food~100~2025~11~31~c1^exp~trans~0.5~2026~5~25~a1^exp~zz~nan~2026~5~11~a1^exp~zz~25.5~2026~5~25~a1^inc~rent~0.5~2026~5~10~_^exp~food~10~2026~5~25~_|c1~卡c1~_~credit~-100~25~25^c2~卡c2~~credit~0~15~20|120,50,zz:1;%a:1;rent:-1,en,2026,5,25|shop:🐾:%b:%a
insight	xfer~shop~100~2026~5~11~a1^exp~rent~1~2026~5~10~_||0,nan,,en,2026,5,10|
insight	exp~2~100~2026~1~28~_^exp~rent~25.5~2026~0~1~_||0,1000,%a:-1;2:-1;rent:nan,zh,2025,11,31|
insight	exp~zz~33.33~2026~1~28~a1||-100,_,food:0;zz:nan;rent:0,en,2026,1,28|rent:🐾:自定义:%a
insight	exp~10~10~2025~11~31~a1^exp~food~nan~2025~11~31~_^xfer~10~25.5~2025~11~31~_^exp~trans~25.5~2025~11~31~_^inc~shop~nan~2026~5~11~_^exp~rent~nan~2026~5~11~c1||-100,1000,,en,2025,11,31|
insight	exp~zz~33.33~2026~1~28~a1^exp~food~25.5~2026~5~11~_^exp~food~25.5~2026~0~1~a1^xfer~trans~25.5~2026~5~10~a1^exp~%a~-5~2026~5~11~c1^exp~food~33.33~2026~5~11~_||-100,nan,rent:100;shop:-1,zh,2026,5,11|
insight	exp~food~nan~2026~5~25~c1||-100,_,2:nan;rent:0;shop:10,zh,2026,5,10|
credit	inc~2~100~2026~5~11~c1^exp~food~0~2026~5~11~_|c1~卡c1~~credit~0~15~25|1000,1000,zz:nan;trans:0;food:1;10:100,zh,2026,5,11|
insight	xfer~trans~1~2025~11~31~c1^exp~trans~33.33~2026~5~10~c1^inc~%a~nan~2026~1~28~a1^exp~trans~0.5~2026~5~11~a1^exp~food~33.33~2026~5~11~_||0,nan,2:nan,zh,2025,11,31|%a:🐾:%a:%a
insight	inc~10~100~2026~5~10~a1||0,20,food:100;trans:30,en,2026,5,10|10:🐾:自定义:Custom
insight	exp~zz~100~2026~5~25~c1^exp~shop~33.33~2026~1~28~_^xfer~10~0.5~2026~1~28~_^exp~food~25.5~2026~1~28~_||_,1000,trans:-1;rent:nan,zh,2026,1,28|
insight	exp~trans~nan~2026~5~25~c1^exp~trans~nan~2026~1~28~a1^inc~food~0~2026~5~11~a1^inc~zz~25.5~2025~11~31~a1^exp~%a~25.5~2026~1~28~_^exp~rent~1~2026~1~28~c1||1000,1000,10:-1;food:nan,zh,2026,1,28|
insight	exp~shop~25.5~2026~5~25~_^exp~rent~25.5~2026~0~1~a1^exp~food~nan~2026~5~25~_||_,0,2:30;food:0;%a:10,zh,2026,5,25|
credit	xfer~trans~nan~2026~1~28~c1^xfer~shop~25.5~2026~1~28~a1^exp~%a~-5~2026~1~28~_^exp~2~33.33~2026~1~28~a1|c1~卡c1~_~credit~0~25~_^c2~卡c2~Card c2~credit~-100~15~20|0,50,%a:100;shop:nan;2:nan,en,2026,1,28|
credit	xfer~food~100~2026~5~10~a1^xfer~rent~-5~2026~5~10~_|c1~卡c1~Card c1~credit~100~15~10|120,1000,10:10;2:10,en,2026,5,10|
insight	exp~rent~10~2026~5~25~c1^exp~trans~25.5~2026~5~11~_^inc~zz~0~2026~5~25~_^exp~trans~33.33~2025~11~31~a1||100,nan,2:10;shop:100;food:nan;zz:nan,zh,2026,5,25|food:🐾:%a:%d
insight	exp~zz~25.5~2025~11~31~_^exp~shop~10~2026~1~28~a1^exp~10~0.5~2025~11~31~a1^exp~food~nan~2025~11~31~_^exp~rent~0~2025~11~31~a1^exp~trans~0.5~2025~11~31~a1^exp~shop~1~2025~11~31~a1^inc~rent~33.33~2025~11~31~a1||100,1000,trans:0;rent:0;2:-1,en,2025,11,31|
credit	inc~2~0~2026~5~25~c1^exp~food~10~2026~5~11~c1^exp~food~10~2026~5~10~c1|c1~卡c1~~credit~100~10~20|120,0,zz:10;food:10;%a:100,zh,2026,5,11|2:🐾:自定义:Custom
credit	exp~shop~0~2026~5~25~c1^exp~rent~33.33~2026~5~25~c1^exp~trans~0.5~2026~5~25~c1^exp~rent~-5~2026~5~25~c1^inc~rent~1~2026~5~25~c1^inc~%a~-5~2026~0~1~_|c1~卡c1~Card c1~credit~0~15~20^c2~卡c2~~credit~100~10~20|0,20,zz:-1;trans:10,zh,2026,5,25|food:🐾:自定义:%a
insight	||120,1000,%a:1;2:1;food:1,zh,2026,5,11|
insight	exp~zz~33.33~2026~5~25~_^inc~rent~10~2026~5~25~_||-100,1000,,en,2026,5,25|rent:🐾:自定义:%d
insight	exp~zz~100~2026~0~1~c1^exp~rent~100~2026~0~1~_^exp~trans~0~2026~5~10~a1^exp~shop~0~2026~1~28~c1^exp~10~nan~2025~11~31~a1^exp~%a~33.33~2026~5~11~c1||_,20,10:10;%a:30,en,2026,0,1|
insight	xfer~food~33.33~2026~5~10~c1^exp~rent~nan~2026~0~1~a1^exp~%a~0.5~2026~0~1~c1^exp~shop~100~2026~1~28~c1||_,1000,,zh,2026,0,1|
insight	||0,1000,zz:1;food:10;shop:nan,zh,2026,5,10|rent:🐾:%b:Custom
insight	xfer~trans~0~2026~5~10~a1^inc~trans~33.33~2026~5~10~a1^exp~food~nan~2026~5~10~c1^inc~food~33.33~2026~5~10~a1^exp~trans~0~2026~5~10~_^exp~%a~-5~2026~5~10~c1||_,20,shop:1,zh,2026,5,10|
insight	exp~shop~10~2026~5~11~c1^exp~zz~-5~2026~5~11~a1||-100,nan,shop:30;rent:-1;10:0;food:10,zh,2026,5,11|
insight	exp~%a~0~2026~5~11~_^exp~2~0~2026~5~10~a1^exp~%a~0.5~2026~5~25~a1^inc~food~0~2026~5~11~a1^exp~food~nan~2026~5~11~_^inc~food~10~2026~1~28~_^inc~zz~100~2026~5~11~_||1000,50,10:30,zh,2026,5,11|
insight	exp~%a~10~2026~5~11~_^exp~food~10~2025~11~31~_^exp~shop~33.33~2026~5~25~c1||_,20,shop:10;2:10;10:30,en,2025,11,31|
insight	exp~%a~25.5~2026~1~28~_^exp~rent~10~2026~0~1~_^xfer~trans~-5~2025~11~31~a1^exp~2~-5~2025~11~31~c1^exp~10~1~2026~0~1~a1^exp~shop~10~2026~0~1~_^exp~2~33.33~2026~0~1~_^exp~%a~0~2026~0~1~c1||nan,50,food:0,en,2026,0,1|food:🐾:%a:Custom
insight	xfer~shop~0~2026~5~11~a1^exp~zz~100~2026~5~11~a1||nan,nan,zz:30,en,2026,5,11|
insight	exp~rent~0.5~2026~5~11~c1^exp~shop~33.33~2026~1~28~c1^inc~shop~10~2026~1~28~a1^inc~shop~1~2026~5~11~_^exp~rent~0~2026~5~10~_||100,_,,en,2026,1,28|
insight	inc~rent~100~2026~5~10~a1^xfer~rent~33.33~2026~5~25~c1^exp~food~10~2026~5~10~_^xfer~trans~0~2026~5~10~a1^exp~food~1~2026~0~1~a1^exp~trans~33.33~2026~5~10~_^exp~food~0~2026~5~10~a1||nan,0,shop:30,zh,2026,5,10|trans:🐾:%a:%a
credit	exp~2~10~2026~5~11~_^exp~zz~-5~2026~0~1~c1^xfer~zz~-5~2026~0~1~_^exp~zz~1~2026~5~11~a1^exp~shop~25.5~2026~5~10~_^exp~10~0~2026~0~1~a1^exp~rent~0.5~2026~0~1~a1|c1~卡c1~_~credit~0~10~10|nan,nan,10:nan;food:0;zz:0;2:100,en,2026,0,1|
insight	exp~zz~33.33~2025~11~31~a1^exp~%a~1~2026~1~28~_^exp~%a~1~2026~5~11~_^inc~zz~0~2026~5~25~_^exp~2~nan~2025~11~31~c1^exp~10~0~2026~1~28~c1^inc~2~0~2025~11~31~_||nan,0,%a:0;rent:30;shop:-1;food:0,en,2026,1,28|
insight	xfer~shop~33.33~2026~5~11~a1^exp~%a~10~2026~5~25~c1^exp~trans~0.5~2026~0~1~a1^inc~trans~25.5~2026~5~11~_||nan,20,%a:10;zz:0;shop:30;trans:-1,zh,2026,5,11|rent:🐾:%a:%a
insight	exp~food~100~2026~5~25~_^exp~shop~-5~2025~11~31~_||1000,20,,en,2026,5,11|
insight	inc~10~1~2026~5~11~a1^exp~10~100~2026~0~1~a1^exp~10~10~2026~5~11~c1||120,_,10:nan,en,2026,5,11|
insight	exp~trans~0.5~2026~1~28~_^exp~zz~1~2026~1~28~c1^exp~trans~1~2026~5~10~a1^inc~10~100~2026~5~11~_||_,0,,zh,2026,5,10|
insight	exp~2~25.5~2026~5~11~a1^exp~shop~1~2026~1~28~a1^exp~rent~-5~2026~1~28~_^exp~shop~0.5~2026~1~28~a1^xfer~shop~0.5~2026~1~28~c1||100,nan,10:0;shop:100;zz:-1,en,2026,1,28|
insight	exp~zz~1~2026~5~25~c1^inc~10~0~2026~1~28~a1^exp~shop~25.5~2026~5~10~_^inc~%a~1~2026~1~28~_^inc~food~1~2026~1~28~a1^exp~10~0~2026~1~28~c1||1000,1000,trans:-1;food:30,en,2026,1,28|
insight	exp~10~nan~2025~11~31~_^exp~zz~0~2026~1~28~c1||0,nan,food:nan;10:10,en,2026,1,28|trans:🐾:%b:%d
credit	inc~2~-5~2026~5~25~c1^exp~zz~100~2026~1~28~a1^xfer~shop~100~2026~0~1~_^exp~food~1~2026~5~25~a1^exp~trans~0.5~2026~5~25~a1^inc~2~1~2026~5~25~c1^exp~rent~100~2026~5~25~a1^exp~10~-5~2026~5~25~a1|c1~卡c1~~credit~0~25~20|1000,50,,en,2026,5,25|
insight	exp~%a~100~2026~5~11~c1^exp~%a~10~2026~5~11~c1^exp~zz~0~2026~5~11~a1^xfer~food~nan~2026~5~11~c1^inc~10~33.33~2026~5~11~c1^exp~trans~25.5~2025~11~31~c1^exp~food~0~2026~5~11~a1||1000,_,food:0;trans:100;10:100,en,2026,5,11|trans:🐾:自定义:%d
insight	exp~2~100~2026~0~1~a1^inc~zz~1~2026~5~11~_^exp~%a~-5~2026~0~1~a1^exp~rent~1~2026~0~1~_^exp~shop~-5~2026~0~1~c1^exp~2~0~2026~0~1~_||_,1000,%a:100;2:100,zh,2026,0,1|
insight	exp~trans~33.33~2026~5~11~a1^xfer~10~33.33~2026~5~10~a1^exp~rent~10~2026~5~11~c1^exp~2~33.33~2026~5~25~_^exp~shop~0.5~2026~5~10~_^exp~2~nan~2026~5~11~a1||-100,20,zz:10;trans:0,zh,2026,5,11|
insight	exp~%a~0~2026~5~25~c1^exp~10~0~2026~1~28~_||-100,50,shop:10,en,2026,5,25|
insight	exp~2~0~2026~1~28~c1^inc~shop~0~2026~1~28~c1^xfer~10~100~2026~5~11~_^xfer~2~0~2026~1~28~_^xfer~food~0.5~2026~1~28~_^exp~trans~10~2026~5~10~_||0,1000,,en,2026,1,28|
insight	exp~trans~100~2026~5~10~_^exp~zz~-5~2026~5~10~c1^exp~2~-5~2026~5~25~a1^exp~%a~nan~2026~5~10~a1^inc~2~1~2025~11~31~c1^inc~trans~0.5~2026~5~11~a1^exp~2~10~2026~5~10~a1^exp~%a~-5~2026~5~10~_||1000,0,%a:-1,zh,2026,5,10|
insight	||_,1000,zz:1,zh,2026,5,11|%a:🐾:自定义:Custom
insight	exp~zz~nan~2026~5~25~_^exp~10~25.5~2026~5~10~_||1000,_,,zh,2025,11,31|2:🐾:%b:%a
insight	exp~shop~0~2026~1~28~a1^exp~zz~0.5~2026~0~1~a1^exp~trans~-5~2025~11~31~_^inc~rent~0~2025~11~31~c1^xfer~rent~10~2025~11~31~a1^xfer~10~10~2026~5~10~c1||120,1000,rent:30;zz:1;food:100,zh,2025,11,31|2:🐾:%b:%a
insight	exp~food~-5~2026~0~1~c1^exp~shop~nan~2026~0~1~a1^inc~10~10~2026~0~1~_^exp~rent~25.5~2026~0~1~c1^exp~zz~25.5~2026~0~1~c1^exp~shop~-5~2026~5~11~_||0,1000,shop:1,zh,2026,0,1|
insight	||1000,_,rent:nan,zh,2026,5,10|
insight	exp~10~10~2026~5~25~_^exp~food~25.5~2026~1~28~c1^exp~food~0~2026~5~11~c1^exp~rent~-5~2025~11~31~c1^inc~2~100~2026~1~28~a1^exp~trans~0.5~2026~1~28~c1||-100,50,shop:1,zh,2026,1,28|food:🐾:%b:Custom
insight	xfer~10~33.33~2026~1~28~c1^inc~food~25.5~2026~1~28~_^xfer~zz~33.33~2026~1~28~a1^xfer~trans~-5~2026~5~10~c1^inc~shop~-5~2026~1~28~c1^exp~shop~0.5~2026~1~28~c1||1000,20,,en,2026,1,28|%a:🐾:%b:%d
insight	xfer~10~nan~2025~11~31~_^exp~zz~100~2026~5~10~c1||-100,_,2:100;food:10;shop:nan;10:-1,zh,2025,11,31|shop:🐾:%a:%a
insight	exp~2~-5~2026~5~25~a1^inc~2~100~2026~5~25~c1^exp~2~0~2025~11~31~a1^exp~zz~10~2026~5~25~a1^exp~10~33.33~2026~5~25~c1^exp~rent~25.5~2026~5~25~a1||100,nan,10:-1;food:0;rent:nan;%a:100,zh,2026,5,25|
insight	inc~zz~25.5~2026~0~1~c1^exp~10~-5~2026~1~28~_^exp~2~nan~2026~1~28~_||0,20,rent:-1;%a:-1;trans:30;zz:1,en,2026,1,28|
insight	exp~10~25.5~2026~5~11~c1^exp~trans~10~2026~5~11~c1^xfer~food~10~2026~1~28~_^exp~2~1~2026~5~11~_^exp~trans~33.33~2026~5~11~c1^exp~shop~10~2026~5~11~_||1000,50,2:0,zh,2026,5,11|2:🐾:自定义:%a
insight	exp~trans~100~2026~5~25~a1^exp~trans~0.5~2026~1~28~a1^exp~%a~1~2026~1~28~c1^xfer~%a~25.5~2026~5~25~_^inc~shop~0.5~2026~1~28~c1^exp~rent~25.5~2026~1~28~c1^exp~rent~1~2026~5~11~a1^xfer~10~-5~2026~1~28~_||120,0,rent:1,en,2026,1,28|
insight	exp~zz~10~2026~5~11~_^inc~%a~1~2026~5~11~c1^exp~zz~1~2026~5~11~a1^inc~10~33.33~2026~5~11~_^exp~zz~0.5~2026~5~11~a1^exp~10~100~2026~5~11~a1^exp~food~0~2026~5~11~a1||_,50,%a:0,zh,2026,5,11|
insight	inc~2~100~2026~0~1~a1||-100,50,trans:10;rent:1;food:-1;shop:nan,en,2025,11,31|
insight	inc~rent~-5~2025~11~31~_^exp~food~1~2025~11~31~c1^xfer~trans~0.5~2026~5~25~c1^xfer~2~1~2026~5~25~a1^exp~2~0.5~2026~5~11~a1^xfer~shop~0~2026~5~10~a1||_,1000,2:10;shop:30;trans:-1;%a:nan,zh,2026,5,10|
insight	exp~shop~nan~2025~11~31~_^xfer~shop~-5~2026~5~11~c1^exp~rent~0~2025~11~31~a1^exp~10~25.5~2025~11~31~_^exp~rent~1~2026~1~28~a1||100,0,,zh,2025,11,31|trans:🐾:%a:%d
insight	exp~trans~0.5~2026~1~28~c1||1000,_,10:0,en,2026,1,28|
insight	exp~shop~1~2026~1~28~_||100,1000,,zh,2026,1,28|
insight	xfer~zz~33.33~2026~1~28~c1^xfer~food~1~2026~1~28~_||100,nan,food:1;shop:10;zz:-1;%a:100,zh,2026,1,28|
credit	exp~%a~25.5~2026~0~1~_^xfer~food~33.33~2026~5~11~a1^exp~shop~25.5~2026~0~1~c1^inc~trans~-5~2026~5~11~_^xfer~food~25.5~2026~5~10~c1^inc~10~0~2026~5~11~a1^exp~%a~10~2026~5~11~c1^inc~trans~1~2026~5~11~a1|c1~卡c1~Card c1~credit~0~15~20^c2~卡c2~_~credit~-100~25~20|1000,20,,en,2026,5,11|
insight	exp~%a~33.33~2026~5~10~c1^exp~shop~33.33~2026~5~10~c1^exp~rent~1~2026~5~10~_^inc~2~10~2026~5~25~a1^xfer~10~33.33~2026~5~10~_^exp~trans~0.5~2026~5~10~c1^inc~%a~1~2026~5~10~_||0,50,,en,2026,5,10|
insight	||100,50,,en,2026,1,28|
insight	exp~2~0.5~2026~5~25~a1^inc~zz~10~2026~5~10~c1^xfer~10~1~2026~1~28~_^inc~%a~1~2026~1~28~_^exp~rent~-5~2026~1~28~c1||120,20,zz:nan;%a:-1;shop:nan;2:1,zh,2026,1,28|
credit	exp~10~0~2025~11~31~c1^exp~%a~33.33~2026~5~10~c1^exp~rent~25.5~2026~5~10~c1^exp~rent~0.5~2025~11~31~a1^xfer~shop~10~2025~11~31~a1^exp~shop~10~2026~1~28~c1^exp~shop~0~2025~11~31~_|c1~卡c1~~credit~0~10~20|_,50,trans:-1;10:30;2:100,en,2025,11,31|%a:🐾:%b:%d
credit	|c1~卡c1~Card c1~credit~0~15~25^c2~卡c2~_~credit~0~15~10|0,_,%a:nan;food:nan;10:1;shop:100,zh,2026,5,11|rent:🐾:%b:Custom
insight	exp~trans~100~2025~11~31~a1^exp~food~0~2025~11~31~c1^exp~zz~33.33~2026~5~11~c1^exp~2~100~2025~11~31~c1^exp~%a~25.5~2025~11~31~_||nan,0,,en,2025,11,31|food:🐾:自定义:%a
insight	exp~shop~10~2026~0~1~c1^exp~2~10~2026~0~1~a1^xfer~food~-5~2026~0~1~a1^exp~food~0~2026~5~25~_^exp~2~25.5~2025~11~31~a1||100,20,food:-1,zh,2026,0,1|
insight	exp~shop~25.5~2026~5~10~_^inc~10~100~2026~5~10~_^exp~rent~100~2026~5~11~a1^exp~%a~33.33~2025~11~31~_||1000,1000,shop:0;food:1;trans:1;2:-1,zh,2026,5,10|
credit	exp~10~1~2026~5~10~_^exp~trans~-5~2026~5~10~a1|c1~卡c1~_~credit~-100~10~10^c2~卡c2~~credit~-100~25~20|0,1000,rent:-1,en,2026,5,10|
insight	||0,50,%a:nan,en,2026,5,25|zz:🐾:%a:Custom
insight	exp~trans~25.5~2026~1~28~_^exp~rent~10~2026~1~28~_^inc~%a~1~2026~5~11~a1^inc~food~1~2026~1~28~a1^exp~food~10~2026~1~28~_||100,1000,10:30;trans:nan;rent:nan;food:-1,zh,2026,1,28|
insight	inc~shop~10~2025~11~31~a1^inc~food~10~2026~5~11~a1^exp~%a~25.5~2025~11~31~_||-100,50,,zh,2025,11,31|%a:🐾:%b:Custom
insight	exp~rent~33.33~2025~11~31~c1||100,_,zz:0;rent:100;10:nan;shop:100,en,2025,11,31|
insight	exp~%a~nan~2025~11~31~c1^xfer~10~nan~2026~5~10~a1^exp~zz~-5~2025~11~31~c1^xfer~2~-5~2026~0~1~c1^exp~trans~100~2026~1~28~c1||nan,50,%a:-1;shop:nan;rent:10;10:10,en,2025,11,31|
insight	exp~trans~1~2025~11~31~c1^inc~%a~nan~2026~5~10~a1^xfer~shop~nan~2026~5~11~a1^exp~shop~1~2026~1~28~a1^exp~trans~-5~2026~1~28~c1^exp~10~-5~2026~1~28~a1||-100,50,2:nan;trans:0;zz:30,en,2026,1,28|
insight	xfer~10~1~2025~11~31~a1^xfer~trans~0~2026~5~11~c1^exp~food~1~2026~1~28~_||1000,20,10:30;trans:10,en,2026,1,28|%a:🐾:%b:Custom
insight	exp~2~0~2025~11~31~c1^exp~shop~0~2026~5~11~a1^exp~10~0~2025~11~31~_^exp~2~0.5~2025~11~31~a1||nan,_,2:10;shop:0;trans:10;%a:30,en,2025,11,31|
credit	xfer~10~25.5~2026~5~10~a1^exp~zz~0~2026~1~28~c1^exp~10~0.5~2026~5~25~_^xfer~food~0~2026~1~28~c1^exp~rent~0.5~2026~1~28~c1^xfer~%a~33.33~2026~1~28~_^exp~10~100~2026~1~28~_^exp~shop~nan~2026~0~1~_|c1~卡c1~Card c1~credit~0~10~25|0,0,food:10;rent:0;shop:nan,en,2026,1,28|trans:🐾:自定义:Custom
insight	exp~zz~1~2026~5~25~c1^exp~shop~100~2026~5~25~a1^inc~zz~100~2026~5~25~a1^exp~rent~100~2026~5~25~_^inc~10~100~2026~5~25~c1^exp~zz~nan~2025~11~31~_||0,20,2:30;food:nan;rent:nan;%a:1,zh,2026,5,25|
insight	exp~food~1~2026~5~11~_^exp~food~25.5~2026~5~11~a1^xfer~zz~-5~2026~5~11~c1^xfer~%a~10~2026~5~11~_^inc~2~25.5~2026~5~11~a1^exp~food~0.5~2026~5~11~c1||100,1000,trans:1,en,2026,5,11|
credit	xfer~2~1~2026~5~11~_^exp~zz~10~2026~0~1~_^exp~trans~100~2026~5~25~a1^exp~2~100~2026~0~1~_^exp~zz~100~2026~5~25~c1^xfer~rent~33.33~2026~5~10~a1|c1~卡c1~Card c1~credit~0~10~10^c2~卡c2~~credit~100~15~25|nan,_,10:10;2:10,en,2026,5,25|
insight	exp~2~-5~2026~1~28~a1||1000,50,trans:0;rent:10;2:10;%a:1,en,2025,11,31|zz:🐾:自定义:Custom
insight	xfer~food~33.33~2026~5~11~c1^xfer~zz~0~2026~5~11~_||-100,1000,,en,2026,5,11|
insight	||_,nan,,zh,2026,5,25|rent:🐾:%b:Custom
insight	inc~food~10~2026~1~28~_^exp~2~0.5~2026~0~1~a1^xfer~%a~25.5~2026~1~28~_||0,1000,,zh,2026,1,28|10:🐾:%b:%a
insight	exp~rent~-5~2026~5~25~_^xfer~2~0.5~2026~1~28~c1^inc~2~0.5~2026~1~28~a1^xfer~food~0.5~2026~5~25~a1^exp~zz~0.5~2026~1~28~_||0,0,%a:10;10:30;2:30,en,2026,1,28|
insight	exp~rent~1~2026~5~25~c1^xfer~%a~33.33~2026~5~11~a1^exp~zz~25.5~2026~5~25~a1||-100,0,2:30;%a:nan,zh,2026,5,25|zz:🐾:自定义:Custom
insight	exp~2~10~2026~5~11~_^exp~food~10~2026~5~10~a1||1000,0,%a:100;zz:100;trans:30;shop:10,zh,2026,5,11|trans:🐾:%b:%d
credit	|c1~卡c1~Card c1~credit~-100~25~20^c2~卡c2~Card c2~credit~0~15~_|-100,nan,trans:100,en,2026,1,28|
insight	inc~shop~100~2026~5~25~c1^inc~food~25.5~2026~1~28~c1^exp~zz~nan~2026~0~1~a1^exp~trans~nan~2026~1~28~_^exp~10~100~2026~0~1~_^inc~rent~25.5~2026~5~11~_^exp~zz~1~2026~5~25~a1^inc~zz~33.33~2026~5~25~c1||_,1000,trans:30;10:nan;zz:-1,en,2026,5,25|
insight	exp~%a~0~2026~5~25~_^exp~10~33.33~2026~5~10~a1^exp~2~33.33~2026~5~25~a1^xfer~2~25.5~2026~5~25~a1^inc~%a~0.5~2026~5~25~_||nan,20,trans:-1;10:-1;%a:-1,zh,2026,5,25|zz:🐾:%b:%a
insight	exp~rent~0~2025~11~31~_^exp~2~1~2026~0~1~_^exp~trans~33.33~2025~11~31~_^exp~trans~0~2026~1~28~a1^inc~10~nan~2025~11~31~_||100,nan,zz:0;shop:10;food:30,zh,2025,11,31|10:🐾:%b:%d
insight	inc~zz~1~2026~5~11~_^xfer~food~1~2025~11~31~_^exp~food~0~2026~5~11~c1^exp~%a~100~2026~5~11~_^exp~shop~1~2026~5~10~_^exp~2~0.5~2026~5~11~_||1000,50,,zh,2026,5,11|%a:🐾:自定义:Custom
credit	inc~zz~10~2026~5~25~a1^exp~rent~10~2026~5~25~_^exp~shop~33.33~2026~5~11~_|c1~卡c1~_~credit~100~25~10^c2~卡c2~~credit~100~10~25|100,50,%a:10;2:30;trans:0,en,2026,5,25|
insight	exp~zz~10~2026~5~10~a1^exp~shop~-5~2026~5~10~c1^exp~food~25.5~2025~11~31~_^exp~food~100~2026~0~1~c1^exp~shop~100~2026~5~10~c1^inc~10~nan~2026~5~10~c1^exp~2~100~2026~5~10~_^xfer~2~-5~2026~0~1~c1||1000,1000,2:100;food:30,zh,2026,5,10|shop:🐾:自定义:Custom
credit	exp~food~nan~2026~0~1~c1^exp~2~-5~2026~0~1~_^inc~zz~nan~2026~0~1~c1^exp~rent~100~2026~5~25~a1|c1~卡c1~~credit~0~25~_^c2~卡c2~~credit~0~25~20|_,20,trans:1,en,2026,0,1|
insight	exp~2~0~2026~1~28~a1||120,50,shop:nan;trans:1;%a:10,zh,2026,5,10|trans:🐾:%a:Custom
insight	exp~trans~-5~2025~11~31~a1^inc~shop~nan~2026~5~10~a1^exp~food~1~2026~0~1~c1^exp~2~-5~2026~5~25~a1^xfer~2~1~2026~5~11~c1^exp~shop~10~2025~11~31~a1^inc~10~10~2025~11~31~c1||_,1000,rent:30,zh,2025,11,31|
credit	xfer~2~100~2025~11~31~_^xfer~zz~100~2025~11~31~c1^exp~food~0.5~2025~11~31~c1|c1~卡c1~Card c1~credit~100~25~_^c2~卡c2~Card c2~credit~100~25~25|-100,1000,10:nan;zz:0;trans:30,en,2025,11,31|
insight	exp~trans~-5~2025~11~31~a1^exp~zz~-5~2025~11~31~c1^inc~food~-5~2025~11~31~c1^exp~10~100~2025~11~31~c1||100,50,10:nan;%a:100;shop:30;2:30,en,2025,11,31|trans:🐾:%b:Custom
insight	exp~zz~25.5~2026~1~28~c1^inc~10~0.5~2026~0~1~_^exp~trans~10~2026~0~1~_||-100,1000,2:1;trans:0,en,2026,0,1|
insight	exp~rent~33.33~2026~1~28~_||-100,0,2:10;food:30,zh,2025,11,31|
credit	exp~trans~-5~2026~0~1~a1^inc~food~0~2026~0~1~a1^exp~2~1~2026~5~25~_^exp~zz~0~2026~0~1~c1^exp~2~nan~2026~0~1~_^inc~shop~-5~2026~5~25~a1^exp~%a~0~2026~0~1~_^exp~trans~25.5~2026~0~1~c1|c1~卡c1~~credit~-100~15~10^c2~卡c2~~credit~100~10~25|nan,50,2:1;%a:10;shop:0;zz:-1,zh,2026,0,1|
insight	xfer~zz~1~2026~0~1~c1^exp~10~100~2026~5~10~a1^exp~10~0~2026~5~10~_^inc~%a~nan~2026~5~10~_^inc~rent~-5~2026~5~10~_^xfer~2~0~2026~5~10~a1||1000,nan,,en,2026,5,10|
insight	exp~shop~25.5~2026~5~11~a1^xfer~zz~100~2026~5~11~c1||120,20,trans:10;shop:-1,zh,2026,5,11|
insight	exp~10~-5~2025~11~31~c1^exp~food~10~2026~0~1~a1^exp~shop~-5~2026~0~1~a1^exp~shop~1~2026~0~1~a1||-100,20,2:-1;rent:nan,zh,2026,0,1|
insight	||-100,_,,zh,2026,5,10|
insight	exp~rent~33.33~2026~1~28~c1^xfer~trans~-5~2026~0~1~c1^exp~food~10~2026~5~10~a1||1000,1000,trans:1;shop:30;food:100,en,2026,5,10|
credit	inc~%a~1~2026~1~28~_|c1~卡c1~Card c1~credit~0~10~_|100,50,2:-1;food:10;rent:-1,zh,2026,5,25|
insight	exp~zz~0~2026~5~11~_^exp~food~-5~2026~5~11~c1^exp~shop~33.33~2026~5~11~_^inc~trans~100~2026~0~1~c1^xfer~shop~0~2026~1~28~_^exp~%a~25.5~2026~5~11~_^exp~trans~25.5~2026~5~11~c1||120,nan,%a:1;10:0;zz:1;shop:1,zh,2026,5,11|
insight	exp~zz~1~2026~5~11~_^exp~rent~10~2026~5~11~c1^inc~rent~0~2026~5~11~a1||120,_,food:10;10:100;shop:-1,zh,2026,5,11|
credit	xfer~zz~nan~2026~5~25~c1^exp~shop~-5~2026~5~11~_^exp~%a~100~2025~11~31~c1|c1~卡c1~Card c1~credit~0~15~20|120,50,10:100;%a:0,en,2025,11,31|
insight	inc~%a~10~2026~5~11~a1^exp~10~-5~2026~5~11~c1^xfer~zz~0.5~2026~5~11~c1||120,50,10:10;zz:0;food:0;shop:-1,en,2026,5,11|
credit	exp~zz~nan~2025~11~31~_^inc~10~nan~2026~5~11~_^xfer~shop~25.5~2026~5~25~a1^exp~%a~33.33~2026~5~11~a1|c1~卡c1~_~credit~-100~25~10|100,50,food:30,zh,2026,5,11|
insight	exp~food~33.33~2026~0~1~a1^exp~rent~nan~2026~5~10~c1||-100,50,food:30;trans:nan;%a:1;rent:30,zh,2026,5,10|
credit	xfer~2~33.33~2026~1~28~_^exp~shop~0.5~2026~5~25~_^xfer~%a~10~2025~11~31~_^exp~food~0~2026~1~28~_^inc~10~10~2026~0~1~_^xfer~2~10~2026~1~28~a1^exp~zz~100~2026~0~1~_^xfer~shop~33.33~2026~1~28~c1|c1~卡c1~~credit~-100~10~20^c2~卡c2~~credit~0~15~10|1000,nan,food:0;10:nan;trans:1,en,2026,1,28|
credit	xfer~shop~nan~2026~5~11~a1^exp~%a~100~2026~1~28~a1^exp~shop~0~2025~11~31~c1^exp~trans~1~2026~5~11~_|c1~卡c1~~credit~100~15~20^c2~卡c2~~credit~100~25~_|1000,_,,zh,2026,5,11|
credit	exp~rent~0~2026~5~25~c1^exp~shop~-5~2026~0~1~_^exp~%a~33.33~2026~0~1~_^xfer~2~1~2025~11~31~a1^exp~%a~100~2025~11~31~a1^exp~2~nan~2026~1~28~c1^exp~food~25.5~2026~0~1~a1^exp~trans~nan~2026~0~1~c1|c1~卡c1~~credit~100~25~10|0,0,rent:30;2:nan;trans:1,en,2026,0,1|
insight	exp~zz~0~2026~0~1~_^exp~shop~nan~2026~1~28~a1^xfer~%a~0.5~2026~0~1~_^exp~10~100~2026~1~28~c1^exp~zz~-5~2026~1~28~a1||1000,1000,,zh,2026,1,28|
insight	xfer~rent~-5~2026~0~1~a1^exp~rent~100~2026~1~28~a1^exp~2~25.5~2026~0~1~c1^exp~%a~nan~2026~0~1~c1^exp~2~100~2026~1~28~a1^exp~10~0.5~2026~0~1~a1^exp~food~33.33~2026~1~28~_^exp~trans~33.33~2026~0~1~a1||nan,0,%a:nan;2:nan;zz:1;shop:-1,en,2026,0,1|
insight	exp~food~1~2026~5~25~c1^exp~10~0~2026~5~25~a1^exp~2~nan~2026~5~10~a1^exp~%a~25.5~2026~5~25~_^exp~food~100~2026~5~25~_^exp~2~100~2026~5~25~c1^exp~%a~-5~2026~5~10~c1^inc~trans~10~2026~5~25~c1||100,0,trans:0,zh,2026,5,25|food:🐾:%a:%a
insight	exp~shop~100~2026~5~10~c1^exp~rent~25.5~2026~5~25~c1^exp~2~33.33~2026~5~10~_^exp~%a~nan~2026~5~10~a1^exp~%a~nan~2026~5~10~a1^exp~%a~0~2026~5~10~a1^xfer~trans~nan~2026~5~10~c1||0,_,%a:1,en,2026,5,10|
insight	||100,50,10:0;shop:30;2:0;zz:0,zh,2025,11,31|
insight	exp~10~10~2026~5~25~_^inc~shop~10~2026~5~25~c1^inc~%a~nan~2026~5~11~a1||-100,_,,en,2026,5,25|
insight	||100,50,2:-1;zz:1;%a:100;10:100,en,2026,1,28|
insight	exp~zz~10~2026~0~1~c1||1000,20,zz:-1;2:10;shop:100,en,2026,0,1|
credit	exp~shop~0~2025~11~31~a1^xfer~food~33.33~2026~1~28~a1|c1~卡c1~_~credit~0~25~20^c2~卡c2~Card c2~credit~100~15~10|1000,1000,2:100;10:1;rent:nan;zz:100,zh,2025,11,31|10:🐾:%a:%d
insight	xfer~2~-5~2026~0~1~c1^inc~trans~-5~2026~0~1~c1^exp~shop~33.33~2026~0~1~c1^exp~zz~0~2026~0~1~_^inc~shop~10~2026~0~1~_^exp~2~nan~2026~0~1~_||100,nan,,zh,2026,0,1|
credit	exp~trans~0.5~2026~5~25~_^inc~zz~0~2026~5~25~a1^inc~2~-5~2026~5~25~a1^exp~2~0~2026~5~25~_|c1~卡c1~_~credit~-100~10~20^c2~卡c2~_~credit~0~10~20|120,_,%a:-1;zz:100;shop:-1;trans:0,zh,2026,5,25|
credit	exp~trans~100~2026~5~25~a1^exp~shop~nan~2026~5~25~a1^exp~trans~33.33~2026~5~25~c1^exp~shop~1~2026~5~25~_^xfer~shop~100~2026~5~25~_^inc~zz~33.33~2026~0~1~_^exp~shop~100~2025~11~31~_^exp~rent~1~2026~5~10~c1|c1~卡c1~Card c1~credit~-100~10~20^c2~卡c2~_~credit~-100~15~20|0,20,trans:30;%a:nan;shop:30;10:30,zh,2026,5,25|
insight	exp~trans~100~2026~0~1~c1^exp~food~33.33~2026~1~28~a1^exp~%a~100~2026~1~28~c1^exp~zz~10~2026~1~28~a1^exp~2~10~2025~11~31~c1^exp~food~1~2026~1~28~a1||1000,_,2:10;zz:-1,en,2026,1,28|rent:🐾:%a:%a
insight	exp~trans~nan~2026~5~10~c1||120,0,2:0,en,2026,5,10|rent:🐾:%b:%d
credit	|c1~卡c1~~credit~100~15~10^c2~卡c2~Card c2~credit~100~10~10|120,0,shop:30,en,2026,5,25|
insight	xfer~food~10~2025~11~31~_^xfer~%a~nan~2026~0~1~c1^exp~10~1~2025~11~31~_^exp~rent~0~2025~11~31~_^exp~10~100~2025~11~31~_^exp~food~1~2026~1~28~c1^exp~shop~10~2025~11~31~_^exp~10~0~2025~11~31~c1||0,1000,,en,2025,11,31|
credit	inc~2~100~2026~0~1~_^inc~zz~33.33~2025~11~31~c1^exp~2~100~2026~5~11~a1^exp~trans~100~2026~0~1~c1^inc~%a~0.5~2026~5~10~a1^exp~2~0.5~2026~5~11~_^exp~rent~1~2026~5~10~c1^exp~rent~100~2026~5~10~_|c1~卡c1~~credit~-100~15~25|0,0,10:0;zz:1,en,2026,5,10|
credit	xfer~zz~nan~2026~5~11~a1^xfer~rent~0.5~2026~5~11~c1^exp~zz~10~2025~11~31~a1^exp~rent~0~2026~5~11~_^xfer~food~10~2026~5~11~c1^xfer~10~33.33~2026~5~11~_|c1~卡c1~~credit~100~25~25^c2~卡c2~~credit~-100~25~25|nan,0,,zh,2026,5,11|
insight	exp~rent~33.33~2026~5~10~a1^exp~food~100~2026~5~25~a1||-100,_,2:100,en,2026,5,10|
insight	exp~10~-5~2026~1~28~c1||-100,20,shop:30;10:1;rent:1,zh,2026,1,28|shop:🐾:%b:%a
insight	||0,nan,,en,2026,5,10|
insight	exp~trans~33.33~2026~1~28~c1^exp~rent~0.5~2026~1~28~a1^exp~zz~10~2026~5~11~a1^exp~10~25.5~2026~5~11~a1^inc~%a~0~2026~1~28~c1^exp~trans~1~2026~0~1~a1^exp~%a~33.33~2026~1~28~_^exp~%a~-5~2026~5~11~c1||120,nan,shop:10;trans:0;10:0;zz:0,zh,2026,1,28|
insight	||nan,20,shop:10;10:1;2:1;food:100,en,2026,1,28|
insight	xfer~food~100~2026~5~10~a1^exp~shop~1~2026~5~10~_^exp~zz~10~2026~0~1~_||nan,1000,rent:-1;2:10,zh,2026,5,10|
insight	exp~%a~nan~2026~5~11~c1^exp~rent~-5~2026~5~25~a1^exp~10~10~2025~11~31~_||100,1000,rent:100,zh,2025,11,31|
insight	exp~10~33.33~2026~5~10~_^exp~2~33.33~2026~5~10~a1^exp~shop~33.33~2025~11~31~c1^exp~trans~-5~2026~5~25~c1||100,1000,2:nan,zh,2026,5,10|rent:🐾:自定义:Custom
insight	exp~food~-5~2026~0~1~a1^exp~shop~0~2025~11~31~_^exp~zz~-5~2025~11~31~c1^exp~trans~33.33~2026~5~10~a1^xfer~2~100~2026~5~11~a1^exp~zz~10~2026~1~28~c1||120,nan,,zh,2026,5,11|
credit	|c1~卡c1~~credit~-100~10~_^c2~卡c2~_~credit~0~10~10|-100,1000,%a:100;2:30;zz:100;food:0,en,2026,5,10|zz:🐾:%b:%a
insight	exp~shop~100~2026~5~10~a1^exp~food~0~2026~5~10~c1^xfer~shop~25.5~2026~5~10~_^exp~trans~nan~2026~5~10~_^xfer~2~nan~2026~5~10~_^exp~zz~100~2026~5~10~_^exp~food~10~2026~1~28~a1^xfer~%a~1~2026~5~10~_||-100,20,10:1;%a:10,en,2026,5,10|2:🐾:自定义:Custom
credit	exp~10~0~2025~11~31~a1^exp~10~0~2025~11~31~c1^exp~zz~nan~2025~11~31~a1^exp~zz~25.5~2025~11~31~a1^exp~shop~0.5~2026~0~1~_|c1~卡c1~~credit~-100~10~10^c2~卡c2~~credit~100~10~10|nan,20,shop:-1,en,2025,11,31|food:🐾:%b:Custom
insight	exp~food~25.5~2026~1~28~c1^exp~%a~-5~2026~1~28~c1^inc~food~100~2026~1~28~a1^exp~trans~100~2026~1~28~_^xfer~food~0.5~2026~1~28~a1^exp~2~1~2026~1~28~c1^exp~trans~0~2026~1~28~_^exp~2~10~2026~5~25~_||-100,20,shop:10;trans:10;10:0;rent:-1,en,2026,1,28|
insight	xfer~shop~0~2026~0~1~c1^exp~food~33.33~2026~5~11~a1^exp~zz~1~2026~5~11~c1||100,nan,trans:0;10:0;%a:100;zz:1,zh,2026,0,1|zz:🐾:%b:%d
insight	inc~%a~0.5~2026~5~10~c1||-100,20,shop:1;food:nan;10:100;zz:-1,en,2026,5,10|
credit	inc~zz~1~2026~0~1~a1^inc~10~1~2026~0~1~a1^xfer~rent~33.33~2026~0~1~a1^inc~2~-5~2026~0~1~a1^exp~10~1~2026~0~1~c1^exp~2~-5~2025~11~31~c1^exp~%a~-5~2025~11~31~a1|c1~卡c1~_~credit~-100~10~25^c2~卡c2~_~credit~0~25~20|120,20,zz:30;trans:1;%a:10,zh,2026,0,1|
insight	inc~10~100~2026~5~11~_^exp~shop~0.5~2026~0~1~c1^inc~zz~-5~2026~5~11~a1^exp~trans~10~2026~5~11~_^exp~shop~25.5~2026~5~11~c1^xfer~zz~25.5~2026~0~1~a1||0,50,rent:nan,en,2026,5,11|
insight	exp~rent~-5~2026~5~11~_^exp~%a~nan~2026~1~28~c1^exp~food~100~2026~5~11~a1^exp~10~0.5~2026~5~11~_^exp~trans~1~2026~5~11~a1||nan,nan,,zh,2026,5,11|
insight	xfer~food~10~2026~5~10~c1^exp~rent~0~2026~5~10~_^xfer~trans~25.5~2026~5~25~a1^inc~10~100~2026~5~10~c1^exp~zz~33.33~2026~5~10~_^inc~%a~-5~2026~5~10~a1^exp~food~25.5~2025~11~31~a1||120,1000,,zh,2026,5,10|
insight	exp~10~25.5~2026~5~11~a1^xfer~10~25.5~2026~5~11~a1^exp~trans~0.5~2026~5~11~_^xfer~trans~0~2026~5~11~c1||100,nan,trans:100;rent:10;2:30,zh,2026,5,11|
insight	exp~10~1~2026~5~11~_^exp~zz~-5~2026~0~1~a1^xfer~rent~33.33~2026~5~11~a1||120,1000,%a:0;2:-1,en,2026,5,11|
insight	exp~shop~nan~2026~1~28~_^inc~2~10~2026~0~1~c1^exp~10~-5~2026~5~25~a1^exp~food~33.33~2026~5~25~a1^exp~shop~25.5~2026~5~25~_^exp~%a~33.33~2025~11~31~a1^exp~rent~100~2026~5~25~a1^exp~zz~10~2026~5~25~_||-100,1000,trans:10;2:100,zh,2026,5,25|
insight	xfer~trans~0.5~2026~1~28~_^inc~%a~-5~2025~11~31~_^xfer~%a~33.33~2026~5~25~a1||100,20,2:30,en,2025,11,31|
insight	xfer~10~-5~2026~5~25~c1^exp~rent~0.5~2026~1~28~_^exp~10~nan~2026~1~28~a1^inc~zz~1~2026~1~28~c1^exp~zz~0~2025~11~31~_^exp~%a~33.33~2026~5~11~c1||1000,_,10:30;%a:100;shop:30,en,2026,1,28|
insight	exp~food~0.5~2026~1~28~a1^exp~rent~25.5~2026~1~28~_^exp~food~100~2026~5~11~_^exp~%a~1~2026~1~28~a1^exp~zz~1~2026~1~28~c1||nan,50,zz:100;shop:30;%a:nan,zh,2026,1,28|
insight	exp~2~0~2026~0~1~_^exp~food~0~2026~0~1~_^exp~rent~10~2026~5~25~c1^exp~shop~1~2026~5~11~a1||100,nan,,en,2026,0,1|
insight	||-100,50,,zh,2025,11,31|
insight	inc~trans~25.5~2025~11~31~_^exp~rent~1~2025~11~31~a1||_,1000,zz:100;food:0;10:10;trans:nan,en,2025,11,31|2:🐾:%a:%d
insight	exp~trans~0~2026~1~28~_^xfer~2~-5~2026~5~10~c1^exp~zz~10~2026~5~10~a1^exp~zz~1~2026~5~10~a1^xfer~shop~0~2026~5~10~_^exp~shop~nan~2026~5~10~c1^exp~2~-5~2026~5~10~c1^xfer~zz~25.5~2026~5~25~a1||0,20,trans:-1;shop:-1;zz:30;rent:10,zh,2026,5,10|
insight	exp~10~25.5~2026~1~28~_^exp~10~0~2026~5~25~c1^exp~%a~0~2026~5~25~a1||120,nan,10:10;food:30;trans:nan;shop:-1,en,2026,5,25|
insight	exp~rent~nan~2025~11~31~a1||0,50,zz:30;rent:nan;food:10;trans:30,en,2026,1,28|rent:🐾:%b:%d
credit	inc~rent~1~2025~11~31~_^exp~food~0.5~2025~11~31~_^exp~shop~0~2025~11~31~a1^exp~shop~0~2025~11~31~a1^inc~2~100~2025~11~31~a1^exp~shop~10~2025~11~31~a1^inc~2~33.33~2025~11~31~a1|c1~卡c1~Card c1~credit~-100~25~_^c2~卡c2~~credit~-100~10~25|nan,20,,en,2025,11,31|
insight	inc~trans~33.33~2026~1~28~_^exp~shop~100~2026~1~28~_^exp~rent~nan~2026~1~28~a1^inc~food~1~2026~1~28~a1^exp~trans~0~2026~1~28~c1^exp~food~33.33~2026~1~28~c1^xfer~food~33.33~2026~1~28~a1||nan,_,10:nan,zh,2026,1,28|2:🐾:自定义:Custom
insight	exp~2~100~2026~5~11~_^xfer~%a~10~2026~5~11~a1||1000,20,trans:30;%a:100,zh,2026,5,11|
insight	inc~zz~33.33~2026~5~11~_^inc~trans~1~2026~5~11~c1||0,nan,%a:nan;food:100,zh,2026,5,11|%a:🐾:%b:%d
insight	inc~shop~1~2025~11~31~c1^inc~2~10~2025~11~31~_||nan,1000,rent:0;2:100;zz:10;%a:1,en,2025,11,31|
insight	||1000,20,shop:-1,en,2026,5,10|
insight	inc~zz~-5~2026~1~28~a1^exp~rent~100~2026~5~11~_^exp~10~33.33~2026~5~11~c1^exp~shop~0~2026~5~11~c1^exp~rent~10~2026~5~11~a1^exp~food~0~2026~5~11~c1^inc~food~33.33~2026~5~11~a1||-100,0,,en,2026,5,11|zz:🐾:%a:%a
insight	exp~trans~nan~2025~11~31~c1^inc~zz~25.5~2026~5~10~a1^exp~zz~0~2026~5~10~c1^exp~rent~100~2026~5~10~c1^xfer~%a~0.5~2026~5~10~c1^exp~zz~0.5~2026~5~11~a1^exp~zz~nan~2026~5~10~c1||-100,1000,shop:-1;food:-1;trans:100;%a:-1,zh,2026,5,10|food:🐾:自定义:%d
insight	||_,_,trans:1;shop:30,zh,2025,11,31|
insight	exp~zz~33.33~2026~0~1~c1^xfer~rent~100~2026~0~1~c1^inc~10~25.5~2026~5~11~_||nan,20,,en,2026,5,11|
insight	xfer~shop~25.5~2025~11~31~c1^exp~%a~-5~2025~11~31~_^exp~food~0.5~2025~11~31~c1^exp~%a~0.5~2025~11~31~c1^exp~zz~0~2025~11~31~_^exp~zz~-5~2025~11~31~c1^exp~trans~33.33~2025~11~31~_^exp~2~10~2025~11~31~a1||0,_,shop:100;2:0,en,2025,11,31|
insight	exp~food~0.5~2026~5~10~a1^exp~shop~100~2026~5~10~_||_,20,,zh,2026,5,10|zz:🐾:%a:Custom
insight	exp~food~1~2026~5~11~_^xfer~%a~33.33~2026~5~10~c1^inc~shop~nan~2026~5~10~c1^inc~shop~1~2026~5~10~c1||120,_,food:-1;trans:nan;shop:100,en,2026,5,10|
insight	exp~zz~10~2026~0~1~a1^inc~trans~nan~2026~0~1~a1^exp~%a~0.5~2026~5~11~a1^xfer~shop~100~2026~5~11~a1^xfer~rent~100~2026~5~25~a1^exp~%a~33.33~2026~0~1~c1^exp~food~25.5~2026~0~1~a1^exp~2~-5~2026~5~11~a1||_,_,food:1,en,2026,0,1|trans:🐾:自定义:Custom
credit	exp~%a~25.5~2026~0~1~_^inc~zz~33.33~2026~1~28~a1^inc~shop~-5~2026~1~28~a1^exp~food~-5~2026~1~28~c1^exp~zz~10~2026~1~28~a1^xfer~food~nan~2026~5~11~_|c1~卡c1~~credit~0~15~25^c2~卡c2~_~credit~0~25~25|nan,nan,rent:nan,en,2026,1,28|
credit	exp~rent~33.33~2026~1~28~_^exp~%a~25.5~2026~0~1~_^xfer~shop~33.33~2026~0~1~c1^inc~2~25.5~2026~0~1~c1^exp~%a~0.5~2026~0~1~c1^exp~food~100~2026~5~25~_^xfer~%a~0.5~2026~5~11~c1^xfer~10~10~2026~0~1~a1|c1~卡c1~~credit~-100~25~20|100,1000,10:100,en,2026,0,1|
credit	|c1~卡c1~Card c1~credit~100~25~25|-100,0,trans:-1;shop:100;zz:30,en,2026,5,25|
insight	exp~rent~10~2026~5~25~c1^exp~2~0~2026~5~25~c1||-100,50,,zh,2026,5,25|
credit	exp~trans~100~2026~5~10~a1^exp~food~0.5~2026~5~25~_^exp~2~0~2026~5~25~a1^xfer~10~10~2026~5~25~a1|c1~卡c1~Card c1~credit~100~15~25|100,1000,%a:1;shop:30;10:30;trans:10,zh,2026,5,25|
insight	exp~trans~33.33~2026~5~11~a1||100,1000,trans:10;2:10,zh,2026,5,11|
credit	inc~zz~0~2025~11~31~_^exp~food~nan~2025~11~31~c1^inc~zz~nan~2026~1~28~_^xfer~food~1~2026~1~28~c1^exp~%a~0~2026~1~28~_|c1~卡c1~~credit~0~25~_^c2~卡c2~~credit~-100~10~20|120,1000,rent:10;zz:1;food:nan,zh,2026,1,28|
insight	exp~%a~25.5~2025~11~31~_^xfer~rent~nan~2025~11~31~a1||1000,50,10:-1;trans:10;rent:nan;shop:1,en,2025,11,31|
insight	xfer~10~0.5~2026~5~11~_^exp~rent~0~2026~0~1~c1^xfer~zz~33.33~2026~0~1~_^exp~rent~0.5~2026~0~1~a1||1000,0,zz:30;rent:100,zh,2026,0,1|
credit	|c1~卡c1~Card c1~credit~0~10~25^c2~卡c2~~credit~100~10~10|0,1000,food:30;rent:1,zh,2026,0,1|
insight	exp~%a~1~2026~1~28~c1^exp~2~nan~2026~1~28~c1^inc~zz~1~2026~0~1~a1^inc~shop~10~2026~1~28~c1^exp~food~1~2026~5~11~a1^exp~trans~nan~2026~1~28~a1||120,1000,rent:nan;zz:100;2:nan;trans:10,zh,2026,1,28|
credit	exp~10~25.5~2026~1~28~_|c1~卡c1~_~credit~100~15~10^c2~卡c2~Card c2~credit~100~15~20|100,0,food:30;10:0;2:100;trans:-1,zh,2026,1,28|
insight	exp~zz~0.5~2026~0~1~a1^inc~%a~-5~2026~5~25~_^exp~rent~nan~2026~5~25~a1^exp~food~25.5~2026~5~25~a1^exp~shop~0.5~2026~5~25~a1^inc~zz~25.5~2026~5~25~c1^exp~rent~0~2026~1~28~a1^exp~2~1~2026~5~25~_||100,nan,food:-1,zh,2026,5,25|
insight	inc~%a~-5~2026~5~11~c1^inc~food~100~2026~0~1~a1^xfer~2~nan~2026~0~1~c1^inc~trans~25.5~2026~0~1~a1||1000,20,2:100;zz:30;rent:1;%a:0,zh,2026,0,1|
credit	inc~10~nan~2026~5~10~a1^exp~rent~33.33~2026~5~11~a1^exp~10~0.5~2025~11~31~_^inc~shop~10~2025~11~31~_^exp~trans~-5~2025~11~31~_|c1~卡c1~~credit~-100~10~25^c2~卡c2~~credit~-100~25~25|0,1000,%a:nan,zh,2025,11,31|
insight	exp~10~33.33~2026~5~11~c1^xfer~shop~25.5~2026~0~1~_^exp~%a~25.5~2026~5~10~c1^inc~shop~25.5~2026~1~28~a1^exp~rent~-5~2026~5~10~a1^exp~shop~25.5~2026~1~28~c1^inc~food~-5~2026~0~1~_||0,0,shop:1;food:nan;2:30,en,2026,0,1|
credit	exp~shop~nan~2026~0~1~a1^exp~zz~33.33~2026~0~1~a1^exp~2~33.33~2026~0~1~c1^inc~rent~10~2026~0~1~c1^exp~trans~nan~2026~0~1~a1|c1~卡c1~~credit~0~15~25|-100,50,10:0;food:nan,en,2026,0,1|food:🐾:%b:%a
credit	exp~trans~33.33~2026~0~1~a1^exp~trans~100~2026~5~25~a1^xfer~shop~25.5~2026~5~11~_^inc~food~33.33~2026~5~11~_^exp~10~10~2026~5~11~a1^exp~rent~0.5~2026~1~28~a1|c1~卡c1~_~credit~-100~10~25|0,50,2:0;zz:100;food:1;trans:100,en,2026,5,11|zz:🐾:自定义:%a
insight	exp~shop~25.5~2026~1~28~c1^exp~10~100~2026~1~28~_^exp~10~100~2026~1~28~c1^xfer~shop~100~2026~5~10~a1||120,nan,10:nan;food:100;%a:1;trans:nan,en,2026,1,28|
insight	||1000,20,%a:100;2:1;rent:0,zh,2026,5,10|
credit	|c1~卡c1~~credit~-100~10~_^c2~卡c2~~credit~-100~10~20|100,_,,zh,2026,5,10|
insight	||1000,nan,trans:-1,en,2026,5,10|
credit	inc~shop~nan~2026~5~25~_^exp~2~10~2026~5~25~_^exp~2~100~2026~5~25~_^exp~food~nan~2026~5~25~a1^exp~rent~10~2026~1~28~c1^exp~shop~25.5~2026~5~25~a1^inc~trans~33.33~2026~5~25~a1^xfer~food~100~2026~5~25~c1|c1~卡c1~~credit~100~25~25^c2~卡c2~~credit~100~25~_|1000,50,food:1;10:100;trans:-1,zh,2026,5,25|%a:🐾:%a:%a
credit	exp~10~10~2026~5~10~a1^exp~shop~1~2026~1~28~a1|c1~卡c1~_~credit~100~25~20|-100,nan,,zh,2026,1,28|
insight	exp~zz~-5~2026~5~11~_^exp~trans~-5~2026~5~11~a1^xfer~2~nan~2026~5~11~a1^exp~10~0~2025~11~31~a1^xfer~trans~10~2026~5~11~_^exp~shop~10~2026~5~11~a1^exp~%a~-5~2026~5~11~_^exp~zz~100~2025~11~31~_||120,1000,,zh,2026,5,11|
insight	exp~zz~100~2026~5~25~c1^exp~zz~0.5~2026~1~28~_^exp~rent~-5~2026~5~11~c1^exp~food~-5~2026~5~11~a1||-100,50,zz:30,zh,2026,5,11|
insight	||nan,nan,%a:-1,zh,2026,5,11|
insight	exp~zz~nan~2026~5~10~_^exp~zz~-5~2026~5~25~c1||nan,_,,zh,2026,5,10|
insight	exp~2~0~2026~1~28~c1^xfer~2~25.5~2025~11~31~a1^exp~food~33.33~2026~1~28~a1^exp~rent~33.33~2026~1~28~_^exp~%a~100~2026~1~28~c1^inc~2~25.5~2026~1~28~_^xfer~food~nan~2026~0~1~a1||_,1000,rent:30,zh,2026,1,28|
insight	||nan,nan,,en,2026,5,11|
insight	exp~food~10~2025~11~31~c1^exp~trans~10~2025~11~31~_^inc~rent~100~2026~5~25~_^exp~trans~-5~2026~5~11~a1||_,20,shop:10;zz:0;%a:1;10:0,en,2025,11,31|
insight	inc~2~10~2026~0~1~c1^xfer~rent~-5~2026~5~25~_^exp~food~nan~2025~11~31~a1^exp~food~nan~2026~5~25~a1||120,0,,zh,2025,11,31|%a:🐾:%a:%d
credit	inc~trans~0~2026~0~1~a1^xfer~%a~0.5~2026~0~1~a1^exp~10~100~2026~5~10~_^xfer~zz~10~2026~0~1~c1^exp~food~0~2026~5~25~a1|c1~卡c1~~credit~0~10~20|100,0,rent:-1;food:100;10:-1,en,2026,0,1|
insight	exp~zz~100~2026~5~25~a1^xfer~10~-5~2026~5~11~c1^exp~shop~nan~2026~5~10~_||_,1000,2:-1;food:100,zh,2026,5,25|2:🐾:自定义:%d
insight	xfer~zz~1~2025~11~31~c1^exp~%a~25.5~2026~5~10~a1^exp~food~33.33~2025~11~31~c1^xfer~%a~10~2025~11~31~_||120,20,food:30;shop:-1;rent:1;2:10,en,2025,11,31|
insight	exp~food~0~2026~5~10~c1^exp~food~-5~2026~5~10~_||1000,20,zz:0;shop:1,zh,2026,5,10|zz:🐾:%a:%a
insight	exp~rent~0.5~2026~1~28~_^exp~2~0.5~2026~1~28~_||-100,0,%a:100;2:-1,en,2026,1,28|
insight	||100,0,,en,2026,5,11|trans:🐾:%a:%d
insight	xfer~2~100~2026~5~25~c1^exp~food~100~2026~5~25~_^exp~rent~nan~2026~5~25~c1^exp~10~-5~2026~5~10~c1||0,0,trans:1;shop:30,en,2026,5,25|
insight	||100,nan,,en,2026,5,11|
credit	exp~shop~nan~2026~0~1~a1^exp~rent~100~2026~5~11~_^exp~zz~1~2026~5~11~_^inc~food~nan~2026~5~11~c1^exp~food~1~2026~5~11~_^inc~food~100~2026~0~1~a1^inc~2~33.33~2026~5~11~a1^exp~zz~33.33~2026~5~11~_|c1~卡c1~Card c1~credit~100~25~_^c2~卡c2~_~credit~0~15~25|100,nan,shop:10;2:-1;zz:0,en,2026,5,11|rent:🐾:%b:%d
insight	exp~10~0~2025~11~31~a1^exp~2~0.5~2026~0~1~c1^exp~10~nan~2026~5~25~a1||_,nan,%a:1;10:1;shop:100,en,2026,5,25|
credit	exp~%a~100~2026~0~1~c1^exp~rent~nan~2026~0~1~_^exp~10~33.33~2026~5~25~a1^exp~food~10~2026~0~1~a1|c1~卡c1~_~credit~-100~15~_^c2~卡c2~~credit~100~25~25|0,nan,trans:100,zh,2026,0,1|shop:🐾:自定义:%d
credit	exp~10~100~2026~5~10~c1^exp~%a~10~2026~5~10~c1^exp~zz~0~2026~5~10~c1|c1~卡c1~_~credit~100~25~_|-100,0,trans:-1;rent:1;zz:30;%a:nan,zh,2026,5,10|rent:🐾:%b:%a
credit	exp~rent~nan~2026~0~1~c1^exp~%a~10~2026~0~1~_^inc~rent~10~2026~1~28~_^xfer~zz~10~2026~0~1~a1^inc~zz~1~2026~0~1~a1^exp~%a~1~2026~5~11~_^exp~10~0.5~2026~0~1~a1^xfer~shop~-5~2026~0~1~a1|c1~卡c1~Card c1~credit~100~10~20^c2~卡c2~~credit~100~25~_|120,nan,10:10;food:1;2:0,en,2026,0,1|
insight	xfer~trans~33.33~2025~11~31~_^exp~10~33.33~2026~5~10~a1^exp~%a~-5~2026~5~11~a1^exp~zz~10~2026~0~1~c1||0,_,food:10;10:0,zh,2025,11,31|
insight	||0,50,%a:30,zh,2026,5,10|trans:🐾:%b:Custom
insight	||_,nan,10:-1,en,2026,5,10|
insight	exp~shop~0.5~2026~5~10~a1^exp~%a~0~2026~5~10~c1^exp~trans~10~2026~5~25~_^inc~zz~nan~2026~5~25~c1^exp~%a~nan~2026~0~1~c1^inc~trans~-5~2026~5~10~c1||100,nan,%a:100,zh,2026,5,10|zz:🐾:%a:%a
insight	exp~10~nan~2026~0~1~_^inc~zz~0.5~2026~0~1~c1^exp~%a~-5~2026~0~1~c1^exp~trans~33.33~2026~0~1~a1||0,50,,en,2026,0,1|
credit	xfer~10~0~2026~0~1~_^exp~2~0.5~2026~0~1~a1^exp~10~nan~2026~5~10~_^exp~shop~1~2026~0~1~a1^exp~zz~25.5~2026~5~10~a1^exp~trans~25.5~2026~0~1~c1|c1~卡c1~Card c1~credit~-100~25~10|0,50,zz:-1;2:10,zh,2026,0,1|
insight	exp~10~0.5~2026~5~10~c1||120,20,,zh,2026,0,1|
insight	xfer~rent~25.5~2025~11~31~c1||100,_,zz:-1;2:-1,zh,2025,11,31|
insight	exp~zz~33.33~2025~11~31~c1^inc~10~0~2026~1~28~c1||100,0,10:10;%a:30,zh,2025,11,31|
insight	exp~food~0.5~2026~1~28~c1^exp~rent~25.5~2026~1~28~a1^xfer~zz~0~2026~1~28~a1^exp~rent~33.33~2026~1~28~a1^exp~zz~nan~2026~1~28~a1^exp~10~nan~2026~1~28~c1||0,1000,food:nan,en,2026,1,28|
credit	xfer~food~nan~2026~0~1~c1^exp~trans~10~2026~5~25~a1^exp~2~25.5~2025~11~31~c1^exp~2~nan~2026~5~10~a1^inc~%a~0.5~2026~5~10~_^exp~shop~25.5~2026~0~1~_^inc~2~10~2026~5~10~a1|c1~卡c1~Card c1~credit~-100~10~20^c2~卡c2~~credit~0~25~25|120,0,food:nan;trans:0;%a:100;shop:30,zh,2026,5,10|
credit	exp~10~100~2025~11~31~c1^exp~%a~100~2025~11~31~c1|c1~卡c1~~credit~0~15~10|nan,1000,zz:30;trans:1;2:10;10:100,zh,2025,11,31|%a:🐾:%a:%a
insight	exp~zz~nan~2026~0~1~a1^exp~%a~33.33~2026~0~1~a1^exp~trans~25.5~2025~11~31~c1^exp~food~0.5~2026~5~25~a1^exp~rent~1~2026~5~25~_^inc~shop~-5~2026~5~25~c1^exp~zz~100~2026~5~25~c1^exp~2~100~2026~5~25~c1||120,0,,zh,2026,5,25|10:🐾:自定义:Custom
insight	||_,_,zz:nan;rent:0;10:30;food:1,zh,2026,5,10|
insight	exp~10~1~2026~5~10~_^inc~shop~10~2025~11~31~_^inc~rent~0.5~2026~5~10~c1^exp~rent~0~2026~5~10~_^inc~rent~-5~2026~5~10~a1^exp~trans~0~2026~5~10~c1^exp~2~0.5~2026~5~11~a1^exp~food~1~2026~5~10~a1||1000,nan,2:nan,zh,2026,5,10|
credit	exp~shop~nan~2026~5~10~_|c1~卡c1~_~credit~100~25~25|nan,1000,%a:0;10:0,zh,2026,5,10|
insight	||-100,_,trans:10;2:0,zh,2026,5,10|%a:🐾:自定义:Custom
insight	xfer~2~nan~2026~0~1~c1^xfer~food~10~2025~11~31~_||120,50,10:30,en,2026,0,1|
insight	exp~zz~1~2026~5~11~c1^xfer~zz~-5~2026~0~1~_^exp~10~25.5~2026~0~1~a1^inc~food~nan~2026~0~1~_^xfer~shop~0~2025~11~31~a1||-100,nan,,en,2026,0,1|rent:🐾:%b:%a
insight	exp~shop~25.5~2026~5~11~c1^exp~rent~nan~2026~5~11~c1||nan,20,,zh,2026,5,11|
credit	exp~rent~nan~2026~5~25~a1^xfer~food~0.5~2026~5~25~_^exp~zz~1~2026~5~25~a1^exp~food~-5~2025~11~31~_^exp~shop~33.33~2026~5~25~a1^exp~zz~-5~2026~1~28~c1|c1~卡c1~~credit~-100~10~25^c2~卡c2~_~credit~-100~15~25|_,nan,rent:30;2:0,zh,2026,5,25|rent:🐾:自定义:%a
insight	exp~%a~25.5~2026~5~25~c1^xfer~trans~1~2026~5~10~c1^exp~%a~33.33~2026~5~10~_^xfer~trans~0.5~2026~5~10~_^exp~rent~0.5~2026~5~10~a1^exp~food~-5~2026~0~1~_||nan,_,,en,2026,5,10|rent:🐾:%a:%d
insight	xfer~2~10~2026~5~11~_^xfer~rent~0~2026~5~11~c1^exp~%a~33.33~2026~5~11~c1^inc~10~-5~2026~0~1~c1||0,1000,shop:10;%a:0;rent:1,zh,2026,5,11|
insight	inc~2~nan~2026~5~11~_||0,50,rent:100;2:1,en,2026,5,11|
insight	exp~shop~33.33~2025~11~31~c1^exp~trans~25.5~2026~0~1~a1^exp~shop~-5~2025~11~31~c1||120,1000,,zh,2025,11,31|
insight	exp~shop~-5~2026~5~25~a1^exp~%a~0.5~2026~5~10~a1^exp~zz~1~2026~5~10~_^exp~rent~25.5~2026~5~25~_||120,0,,en,2026,5,10|trans:🐾:自定义:%d
insight	||0,20,rent:1;%a:-1;10:nan;shop:10,zh,2025,11,31|
insight	exp~%a~-5~2026~5~25~c1^inc~shop~25.5~2026~5~10~c1^exp~trans~1~2026~5~25~a1^xfer~zz~100~2026~5~25~c1^exp~10~0.5~2025~11~31~a1^exp~zz~100~2026~5~25~_^inc~10~25.5~2026~5~25~_||100,nan,trans:1;2:10;10:nan,en,2026,5,25|rent:🐾:%b:%d
insight	xfer~10~0~2026~1~28~_^xfer~food~33.33~2025~11~31~a1||1000,nan,,zh,2025,11,31|
credit	xfer~zz~0~2026~1~28~a1^inc~food~0~2026~5~25~c1|c1~卡c1~_~credit~0~15~25|_,nan,shop:100;%a:1,zh,2026,1,28|
insight	||1000,_,10:1,zh,2026,0,1|
credit	|c1~卡c1~~credit~100~25~25^c2~卡c2~_~credit~-100~15~10|-100,20,food:nan;2:1;shop:0;trans:nan,en,2026,1,28|
insight	exp~shop~33.33~2026~1~28~a1^xfer~food~0~2026~1~28~a1^exp~%a~10~2025~11~31~c1^xfer~10~1~2026~1~28~_^inc~food~25.5~2026~1~28~_||100,1000,2:30;zz:nan;rent:0;food:30,en,2026,1,28|
insight	||_,20,zz:10;rent:nan,zh,2025,11,31|
insight	xfer~10~-5~2026~5~25~a1^exp~food~nan~2026~5~25~a1^exp~food~33.33~2026~5~25~c1^exp~%a~1~2026~5~25~_^xfer~food~33.33~2025~11~31~c1^exp~food~0.5~2026~5~10~a1^exp~shop~33.33~2026~5~25~a1^xfer~%a~nan~2026~5~25~_||_,20,10:0,zh,2026,5,25|
insight	exp~rent~10~2026~5~25~a1^xfer~food~-5~2026~1~28~_^exp~shop~-5~2026~5~25~_^exp~%a~0~2026~1~28~c1^inc~rent~0.5~2025~11~31~_^exp~rent~nan~2026~1~28~c1^exp~rent~100~2026~5~25~a1^exp~shop~0~2026~5~25~a1||_,_,10:nan;2:30,en,2026,5,25|
insight	inc~zz~-5~2026~1~28~c1^exp~shop~-5~2026~5~11~_^inc~food~nan~2026~5~11~c1^inc~food~-5~2026~5~11~_^exp~10~1~2026~5~11~a1^exp~2~-5~2026~5~10~c1^exp~shop~25.5~2026~5~10~_^exp~food~10~2026~1~28~_||nan,0,,zh,2026,5,11|
insight	exp~food~nan~2026~0~1~_^xfer~rent~33.33~2026~0~1~c1^exp~food~100~2026~5~10~c1^inc~rent~10~2025~11~31~c1||0,nan,trans:1;10:nan;rent:-1;shop:10,en,2026,5,10|
insight	xfer~trans~0~2026~5~10~c1^xfer~2~10~2026~5~10~c1^exp~10~0.5~2026~5~10~c1^exp~shop~0.5~2026~5~11~a1^inc~shop~100~2025~11~31~a1^xfer~2~0.5~2026~5~10~c1||100,20,trans:-1;rent:100;zz:10;shop:1,zh,2026,5,10|food:🐾:%b:%d
insight	xfer~%a~nan~2026~5~10~c1^exp~shop~33.33~2026~5~10~_^exp~trans~1~2026~5~10~a1^exp~trans~25.5~2026~5~10~_^exp~trans~1~2026~5~10~c1^xfer~food~-5~2026~5~25~a1^exp~trans~1~2026~5~10~c1^xfer~2~25.5~2026~5~10~c1||_,1000,zz:0;trans:nan;rent:30;shop:-1,en,2026,5,10|
insight	exp~rent~100~2025~11~31~c1^exp~zz~25.5~2025~11~31~_^inc~2~100~2025~11~31~c1||100,0,,zh,2025,11,31|
credit	exp~2~1~2026~5~25~a1^exp~zz~100~2026~5~25~a1|c1~卡c1~~credit~-100~15~20^c2~卡c2~~credit~0~10~10|100,0,trans:0;food:nan;shop:0;rent:10,en,2026,5,25|
insight	||1000,_,,zh,2026,1,28|
credit	exp~%a~1~2026~5~11~_^inc~%a~0~2026~5~11~a1^inc~2~10~2026~0~1~_^inc~food~-5~2026~0~1~a1|c1~卡c1~Card c1~credit~-100~25~25|-100,1000,food:100,en,2026,0,1|
insight	exp~trans~100~2025~11~31~_^exp~%a~100~2026~5~25~c1^inc~trans~-5~2026~5~25~_^xfer~shop~1~2026~5~25~_||1000,20,zz:30;shop:30;rent:-1;%a:nan,en,2026,5,25|
insight	inc~zz~0~2026~0~1~c1^exp~10~-5~2026~0~1~c1^inc~shop~nan~2026~0~1~_^exp~food~33.33~2026~0~1~a1||1000,20,2:0;10:10,zh,2026,0,1|food:🐾:自定义:Custom
insight	exp~rent~25.5~2026~5~25~a1^exp~rent~nan~2026~5~25~c1^exp~rent~0.5~2026~5~25~c1^xfer~zz~1~2026~0~1~a1||_,20,,en,2026,5,25|
insight	exp~trans~0.5~2026~1~28~a1||nan,0,rent:10;2:0,zh,2026,5,11|10:🐾:%a:%d
insight	exp~2~1~2025~11~31~a1^exp~shop~1~2025~11~31~c1^exp~2~10~2025~11~31~a1^exp~rent~nan~2025~11~31~c1^exp~shop~100~2026~0~1~_^inc~2~1~2026~5~11~_^exp~10~33.33~2025~11~31~c1^exp~food~25.5~2025~11~31~_||120,1000,%a:0;rent:100;zz:0;2:0,en,2025,11,31|
insight	exp~%a~-5~2026~0~1~c1^exp~shop~100~2026~0~1~_^exp~rent~33.33~2026~0~1~a1^inc~rent~-5~2026~0~1~_^inc~rent~25.5~2026~0~1~_^exp~food~25.5~2026~0~1~c1^exp~rent~25.5~2026~0~1~_||1000,1000,food:nan;zz:100,en,2026,0,1|
insight	exp~trans~-5~2026~0~1~_^exp~2~nan~2026~0~1~_^exp~trans~25.5~2026~5~25~c1||0,_,zz:1;trans:100,zh,2026,0,1|10:🐾:%a:Custom
insight	exp~2~100~2025~11~31~a1^exp~zz~0~2026~0~1~c1^inc~zz~0~2026~0~1~_^exp~2~0~2026~5~10~a1||120,nan,,zh,2026,0,1|shop:🐾:%b:Custom
credit	inc~shop~1~2026~5~11~a1^exp~%a~0~2026~5~11~c1^exp~rent~nan~2026~5~11~c1|c1~卡c1~Card c1~credit~0~10~25^c2~卡c2~~credit~100~10~25|-100,1000,,en,2026,5,11|trans:🐾:自定义:%d
credit	exp~trans~0.5~2026~5~10~a1^exp~zz~0.5~2026~5~10~c1^exp~%a~33.33~2026~5~10~a1^inc~rent~0.5~2025~11~31~c1^xfer~shop~1~2026~5~10~_|c1~卡c1~Card c1~credit~0~25~_|1000,50,,en,2026,5,10|
insight	exp~10~-5~2026~5~11~_^xfer~trans~0.5~2026~5~11~_^exp~shop~10~2026~5~11~c1^exp~zz~nan~2026~5~11~a1^exp~food~100~2026~1~28~c1||120,_,shop:nan;%a:10,zh,2026,5,11|
credit	exp~10~25.5~2026~0~1~_^xfer~food~100~2026~5~10~_|c1~卡c1~_~credit~-100~25~10|120,0,2:100,zh,2026,5,10|
credit	exp~10~33.33~2026~5~10~c1^exp~zz~0.5~2026~1~28~a1^inc~zz~1~2026~5~10~_^exp~rent~33.33~2026~5~10~c1^exp~%a~33.33~2026~0~1~a1|c1~卡c1~~credit~-100~10~20|_,_,rent:1;trans:-1;2:1;zz:1,en,2026,5,10|2:🐾:%a:%d
insight	inc~10~1~2026~5~11~a1^xfer~10~nan~2026~5~11~_^exp~%a~33.33~2026~0~1~_^inc~rent~nan~2026~0~1~c1^exp~10~10~2026~5~25~a1||120,1000,10:30,en,2026,5,11|
insight	exp~rent~1~2026~0~1~c1^exp~zz~0.5~2026~0~1~c1^xfer~%a~25.5~2026~0~1~_^exp~rent~0~2026~0~1~_^xfer~zz~-5~2026~0~1~c1^xfer~rent~0~2026~1~28~a1||nan,50,trans:nan;zz:-1;2:30;%a:0,zh,2026,0,1|
insight	inc~10~10~2026~5~25~_^xfer~trans~nan~2026~5~25~a1^xfer~2~nan~2026~5~25~c1^exp~food~0.5~2026~5~25~c1^exp~shop~0~2026~5~25~_^inc~shop~100~2026~5~11~_^exp~trans~0~2026~5~25~_||100,20,trans:30;food:10;shop:nan,en,2026,5,25|
insight	exp~10~1~2025~11~31~a1^exp~food~0~2026~1~28~a1^xfer~10~10~2026~5~25~c1^exp~2~25.5~2026~0~1~_^exp~2~-5~2026~5~10~a1^xfer~food~25.5~2026~5~10~a1||0,50,food:-1,en,2026,5,25|zz:🐾:%b:%d
credit	exp~10~1~2026~5~25~a1^xfer~2~25.5~2026~5~11~c1^inc~zz~1~2026~5~25~a1^exp~trans~nan~2026~5~25~a1^inc~10~0.5~2026~5~25~a1|c1~卡c1~Card c1~credit~100~10~10^c2~卡c2~Card c2~credit~100~25~20|120,_,shop:10,en,2026,5,25|
insight	inc~rent~10~2025~11~31~_^exp~10~1~2025~11~31~a1||100,0,food:-1,zh,2025,11,31|shop:🐾:%b:%d
insight	||_,nan,shop:100;%a:1;2:0;trans:100,en,2026,5,25|
insight	exp~shop~1~2026~5~10~a1^exp~10~25.5~2025~11~31~c1^exp~10~0.5~2026~5~10~a1^xfer~2~25.5~2026~5~10~c1||120,1000,%a:100;shop:-1;trans:nan,zh,2026,5,10|10:🐾:%a:%d
insight	||100,50,10:1;zz:30;trans:0;shop:0,zh,2026,5,25|
insight	xfer~rent~0.5~2026~5~10~c1^inc~%a~0~2026~5~10~_^inc~2~33.33~2026~5~11~_||1000,20,,zh,2026,5,10|
insight	exp~%a~0.5~2025~11~31~c1^xfer~rent~0.5~2025~11~31~a1^exp~shop~10~2026~5~11~a1^exp~zz~0~2025~11~31~_^exp~rent~nan~2025~11~31~a1||1000,_,food:10;2:1;zz:nan;trans:30,en,2025,11,31|2:🐾:%b:%d
insight	exp~2~1~2026~5~11~c1^exp~trans~-5~2026~5~11~c1^exp~food~-5~2026~5~11~a1^exp~2~nan~2026~5~11~c1^exp~zz~0~2026~5~11~a1||nan,20,food:1;rent:100;zz:30;%a:1,en,2026,5,11|
insight	xfer~zz~nan~2026~5~25~a1^xfer~%a~1~2026~5~10~c1^exp~zz~nan~2025~11~31~a1^exp~rent~33.33~2026~5~10~a1^exp~shop~10~2026~5~10~c1^exp~shop~33.33~2026~5~10~_^inc~zz~0.5~2025~11~31~c1||1000,nan,2:10;food:0;shop:100;10:10,zh,2026,5,10|10:🐾:自定义:%d
insight	xfer~2~10~2026~5~25~c1^exp~shop~100~2026~5~25~a1^exp~10~10~2026~5~25~_^exp~shop~100~2026~5~25~c1||-100,0,10:nan;zz:100;shop:1,en,2026,5,25|
credit	inc~rent~10~2026~1~28~c1^exp~10~10~2026~1~28~_^exp~10~nan~2026~1~28~_^exp~rent~nan~2026~1~28~a1^exp~zz~1~2026~1~28~a1^exp~zz~100~2025~11~31~_^xfer~%a~-5~2026~1~28~c1^exp~food~33.33~2026~1~28~_|c1~卡c1~~credit~-100~25~10|-100,nan,trans:1;rent:1;zz:100;2:0,zh,2026,1,28|
insight	exp~%a~nan~2026~5~25~a1^exp~trans~10~2026~5~25~_^exp~rent~1~2026~1~28~c1^exp~shop~100~2026~5~25~_^inc~%a~1~2026~0~1~c1^exp~zz~10~2026~5~25~a1^inc~shop~-5~2026~5~25~_||120,0,shop:100;food:-1;10:100;zz:nan,zh,2026,5,25|
insight	inc~10~33.33~2026~0~1~c1^exp~10~0.5~2026~0~1~a1^exp~zz~0.5~2026~0~1~c1^exp~rent~-5~2026~5~25~_^exp~10~1~2026~0~1~a1^xfer~%a~10~2026~5~10~a1^exp~zz~0.5~2026~0~1~c1||1000,20,,zh,2026,0,1|food:🐾:%a:Custom
insight	exp~trans~nan~2026~5~25~c1^inc~food~33.33~2025~11~31~c1^inc~trans~33.33~2026~5~25~c1^exp~zz~10~2026~1~28~_^exp~rent~0~2026~5~25~_^exp~rent~0~2026~5~25~_^inc~10~nan~2026~5~11~a1^xfer~rent~25.5~2026~5~25~a1||120,0,rent:nan;%a:nan;shop:0,en,2026,5,25|%a:🐾:%b:Custom
insight	exp~10~33.33~2026~0~1~a1^exp~shop~-5~2025~11~31~a1^exp~10~nan~2026~0~1~a1^exp~2~25.5~2026~0~1~a1^exp~trans~0~2026~0~1~c1^exp~food~nan~2026~5~11~a1^xfer~rent~-5~2026~0~1~a1^exp~zz~0.5~2026~0~1~c1||nan,50,2:nan;10:100,en,2026,0,1|10:🐾:%b:%d
credit	exp~food~33.33~2026~5~11~_^xfer~trans~10~2026~5~11~a1|c1~卡c1~~credit~-100~10~20|1000,1000,food:nan;shop:-1,en,2026,5,11|%a:🐾:%b:%a
insight	exp~2~10~2026~0~1~c1||_,20,zz:0;rent:1;%a:100;food:0,zh,2026,0,1|
credit	exp~trans~0.5~2025~11~31~c1|c1~卡c1~Card c1~credit~0~25~_^c2~卡c2~~credit~-100~25~_|120,1000,shop:1;rent:1;food:10,zh,2026,1,28|
insight	||_,nan,trans:nan;rent:30,zh,2026,5,25|
insight	exp~10~0.5~2026~5~11~a1^xfer~zz~10~2026~5~11~c1||0,20,%a:10,zh,2026,5,11|
insight	exp~shop~25.5~2026~0~1~a1^exp~%a~0.5~2026~0~1~c1^exp~food~33.33~2026~0~1~a1^xfer~rent~10~2026~1~28~a1||100,20,2:30;food:0;%a:10,en,2026,0,1|
credit	exp~rent~100~2026~5~25~_^inc~rent~100~2026~5~25~_^inc~zz~0~2026~5~25~c1^exp~trans~33.33~2026~5~25~c1^exp~food~1~2026~5~25~c1^exp~shop~-5~2026~5~25~c1|c1~卡c1~~credit~100~10~20^c2~卡c2~_~credit~-100~10~10|-100,50,,en,2026,5,25|
insight	exp~rent~0~2026~5~10~c1^exp~10~100~2026~5~10~c1^xfer~food~33.33~2026~5~10~_^xfer~10~25.5~2026~5~10~c1^inc~shop~0~2026~5~10~c1||1000,20,food:1;%a:30,en,2026,5,10|
insight	exp~shop~10~2026~0~1~c1^xfer~food~nan~2026~5~11~_||nan,20,trans:10,zh,2026,5,11|
insight	inc~zz~-5~2026~1~28~_^exp~trans~-5~2026~1~28~_^exp~shop~25.5~2026~5~10~_^exp~zz~0~2026~5~11~c1^inc~food~33.33~2026~1~28~a1^exp~%a~100~2026~1~28~c1||_,0,food:30;10:30;rent:-1;shop:1,zh,2026,1,28|
credit	exp~2~nan~2025~11~31~_^exp~food~0.5~2025~11~31~c1^exp~rent~25.5~2025~11~31~a1^exp~%a~33.33~2025~11~31~c1^inc~10~1~2025~11~31~_^exp~food~nan~2026~0~1~a1|c1~卡c1~Card c1~credit~0~15~_^c2~卡c2~_~credit~-100~25~10|100,1000,,zh,2025,11,31|2:🐾:%b:Custom
insight	||_,1000,,zh,2026,5,25|rent:🐾:%a:Custom
insight	||_,0,10:10;shop:30,en,2026,5,25|
insight	exp~2~10~2026~0~1~_^exp~2~25.5~2026~0~1~a1^exp~food~-5~2026~0~1~_^exp~zz~25.5~2026~1~28~c1^exp~zz~25.5~2026~0~1~_^exp~trans~33.33~2026~5~10~c1^inc~shop~1~2026~0~1~a1||100,20,food:-1,en,2026,0,1|
insight	inc~shop~nan~2026~5~11~c1^exp~zz~10~2026~5~11~a1^inc~zz~10~2026~5~11~a1^xfer~10~100~2025~11~31~c1^exp~10~-5~2026~5~11~_||nan,_,zz:1,en,2026,5,11|
insight	exp~2~100~2026~5~10~a1^exp~10~33.33~2026~5~11~_^exp~rent~25.5~2026~5~11~_^exp~2~-5~2026~1~28~a1^xfer~10~0.5~2026~5~11~_^exp~zz~0.5~2026~5~25~a1||0,0,trans:1;%a:10;zz:100;rent:0,en,2026,5,11|
insight	exp~zz~10~2026~5~10~a1^inc~food~nan~2026~1~28~_^exp~rent~nan~2026~5~11~_^exp~food~25.5~2026~5~10~a1||0,20,%a:-1;shop:30,en,2026,5,10|
insight	exp~rent~1~2025~11~31~a1||nan,1000,food:0;rent:nan;%a:100,en,2026,0,1|
insight	||100,0,rent:-1;food:-1;zz:100,en,2026,0,1|
credit	xfer~rent~-5~2026~0~1~a1^inc~food~1~2026~5~25~a1^exp~food~25.5~2026~5~25~a1^inc~zz~-5~2026~5~10~c1^exp~shop~33.33~2026~5~25~c1^exp~food~nan~2026~5~11~a1^exp~2~0~2026~5~25~c1|c1~卡c1~~credit~0~10~25|100,1000,,zh,2026,5,25|
insight	exp~shop~25.5~2026~5~25~a1^exp~%a~nan~2026~5~25~c1^exp~shop~33.33~2025~11~31~c1^exp~2~33.33~2025~11~31~c1^exp~10~25.5~2025~11~31~c1||120,50,food:0;10:nan;rent:1,zh,2025,11,31|food:🐾:%a:%a
insight	inc~zz~0.5~2025~11~31~a1^exp~shop~33.33~2025~11~31~a1^exp~zz~-5~2025~11~31~c1||120,_,%a:nan;food:100,zh,2025,11,31|
insight	exp~shop~1~2026~5~11~c1^inc~2~33.33~2026~5~11~c1^exp~2~33.33~2026~5~11~c1^exp~shop~0.5~2026~5~11~a1^xfer~%a~1~2026~5~11~_||1000,1000,rent:30;shop:nan,zh,2026,5,11|
credit	exp~rent~0.5~2026~5~11~c1^exp~trans~0~2026~5~10~a1^xfer~shop~100~2026~5~10~_|c1~卡c1~~credit~100~25~_^c2~卡c2~~credit~-100~25~20|_,_,10:nan;%a:0;zz:1,en,2026,5,10|
insight	exp~zz~33.33~2026~0~1~_^exp~%a~33.33~2026~0~1~_^xfer~rent~1~2026~0~1~c1^exp~10~nan~2026~5~11~c1||nan,_,trans:nan;zz:nan,en,2026,0,1|
insight	exp~10~1~2026~5~11~_^exp~food~10~2026~5~11~_||_,0,2:30;shop:10,en,2026,5,11|
credit	exp~zz~1~2026~5~25~c1|c1~卡c1~_~credit~100~10~10|0,nan,zz:0;2:nan;shop:1,en,2026,0,1|2:🐾:%a:%d
insight	exp~zz~0.5~2026~5~11~a1^exp~shop~10~2026~5~10~_^exp~food~-5~2026~5~10~a1^exp~shop~-5~2025~11~31~c1^xfer~2~100~2026~5~10~_||nan,0,%a:10;shop:10;trans:-1;food:0,zh,2026,5,10|
insight	exp~10~0.5~2026~1~28~_^exp~10~10~2026~0~1~c1^exp~zz~1~2026~5~11~c1||1000,_,food:10;trans:10;shop:30;zz:-1,zh,2026,5,11|
insight	exp~zz~nan~2026~5~10~a1^exp~10~10~2026~1~28~c1^xfer~trans~33.33~2026~5~10~_^exp~%a~10~2026~5~25~c1^xfer~trans~nan~2026~5~10~a1^exp~rent~-5~2026~5~25~c1^xfer~2~10~2025~11~31~_^inc~trans~10~2026~5~10~_||_,20,food:1;trans:30,zh,2026,5,10|
insight	||-100,1000,food:1;zz:nan;trans:0;%a:100,zh,2025,11,31|
insight	inc~shop~25.5~2026~0~1~_^exp~10~1~2026~0~1~_^exp~%a~33.33~2026~1~28~c1^exp~shop~100~2026~0~1~c1^exp~shop~33.33~2026~0~1~a1^xfer~10~1~2025~11~31~c1^exp~10~-5~2026~5~11~_^exp~zz~1~2025~11~31~c1||1000,1000,food:30;2:10;rent:30;shop:10,zh,2026,0,1|10:🐾:%a:%d
insight	exp~10~0.5~2026~1~28~_^exp~10~1~2026~5~11~a1||_,nan,,zh,2026,0,1|
insight	exp~trans~100~2025~11~31~a1^xfer~shop~100~2026~0~1~c1^xfer~shop~1~2026~0~1~a1^exp~10~33.33~2026~0~1~_^exp~%a~0.5~2025~11~31~a1^exp~rent~100~2026~0~1~_^xfer~10~1~2026~1~28~a1^exp~%a~-5~2026~0~1~_||nan,20,10:nan;%a:0;trans:0,en,2026,0,1|
insight	exp~food~100~2026~5~25~a1^exp~10~-5~2026~5~25~c1^xfer~2~0.5~2026~5~25~c1^xfer~zz~33.33~2026~5~25~a1^xfer~shop~0.5~2026~5~11~_||-100,_,shop:1,zh,2026,5,25|2:🐾:%b:%d
insight	exp~zz~-5~2026~5~25~_^exp~zz~100~2026~5~25~_^exp~food~1~2026~5~25~_^exp~shop~10~2026~1~28~a1^xfer~2~0~2026~5~11~_^exp~2~-5~2026~5~11~c1||1000,1000,rent:10;2:100;10:nan;trans:1,en,2026,5,25|2:🐾:自定义:%d
insight	exp~zz~0~2026~0~1~a1^exp~2~0~2026~0~1~_^exp~2~0.5~2026~0~1~_^exp~shop~0~2026~1~28~_^xfer~rent~100~2026~0~1~a1^exp~rent~1~2026~0~1~a1^exp~shop~-5~2026~0~1~_||0,20,%a:30;trans:100,en,2026,0,1|%a:🐾:自定义:Custom
insight	exp~10~1~2026~0~1~c1^inc~10~25.5~2026~0~1~a1^exp~shop~33.33~2026~0~1~c1^xfer~rent~100~2026~0~1~c1^inc~food~0~2026~5~11~c1^inc~food~33.33~2026~0~1~_||1000,nan,shop:-1;zz:-1;%a:30;10:100,en,2026,0,1|
insight	exp~shop~0~2025~11~31~c1^xfer~food~33.33~2026~5~10~c1^xfer~%a~-5~2026~5~11~a1||120,0,zz:0,zh,2026,5,11|
credit	|c1~卡c1~~credit~100~15~10^c2~卡c2~~credit~-100~15~_|0,1000,%a:10;trans:100;shop:1;zz:1,en,2025,11,31|10:🐾:%a:%d
credit	exp~10~1~2026~5~25~_^inc~10~-5~2026~5~25~_^exp~trans~25.5~2026~0~1~c1|c1~卡c1~~credit~0~10~25|-100,50,10:nan;zz:100;shop:0;trans:-1,en,2026,5,25|
insight	exp~10~100~2026~5~11~a1||0,nan,shop:10;%a:-1;zz:30;2:10,en,2026,1,28|rent:🐾:%b:Custom
insight	xfer~zz~10~2026~5~25~_^exp~10~10~2026~5~10~a1^exp~rent~25.5~2026~5~25~c1^inc~2~0.5~2025~11~31~c1^exp~food~10~2026~5~25~_||_,50,%a:10;zz:nan;rent:1,en,2026,5,25|
insight	exp~shop~1~2026~5~25~_^xfer~food~0.5~2026~1~28~a1^exp~rent~10~2026~5~25~a1^exp~zz~33.33~2026~5~25~_^inc~rent~100~2026~5~25~_^inc~%a~25.5~2026~5~11~c1||0,50,,zh,2026,5,25|
insight	xfer~rent~0.5~2026~5~10~c1^exp~10~100~2025~11~31~c1^exp~shop~25.5~2026~5~10~c1||nan,0,10:0;rent:0,en,2026,5,10|
insight	exp~rent~10~2026~5~10~_^exp~10~-5~2026~1~28~a1||120,20,zz:-1,zh,2026,5,10|
insight	xfer~food~10~2026~5~10~_^exp~trans~100~2026~5~25~c1^exp~10~1~2026~5~10~a1^exp~%a~-5~2026~5~10~a1^exp~2~-5~2026~5~10~_||120,20,rent:nan;10:-1;%a:100,zh,2026,5,10|
credit	exp~food~-5~2026~1~28~_^xfer~2~33.33~2026~1~28~a1^exp~shop~0~2026~1~28~a1^xfer~10~25.5~2026~1~28~a1^exp~2~1~2026~1~28~a1^exp~%a~0.5~2026~1~28~a1^exp~rent~10~2025~11~31~_^xfer~food~25.5~2026~1~28~c1|c1~卡c1~~credit~100~10~_^c2~卡c2~~credit~100~25~20|1000,_,trans:100;rent:1;2:nan,zh,2026,1,28|
credit	exp~trans~0~2026~1~28~a1^inc~10~nan~2026~5~11~a1|c1~卡c1~~credit~-100~25~10|1000,0,rent:100;10:30;zz:100;2:-1,en,2026,5,11|
insight	exp~zz~-5~2026~0~1~c1||1000,50,food:10,en,2026,0,1|
insight	exp~food~0.5~2026~0~1~a1^exp~2~100~2026~5~10~_^exp~trans~-5~2026~0~1~_^xfer~trans~0~2026~0~1~a1||0,50,trans:30,en,2026,0,1|food:🐾:自定义:%a
insight	inc~food~100~2026~1~28~a1^exp~%a~0.5~2026~5~11~c1||_,20,%a:nan;trans:30,en,2026,1,28|
insight	exp~2~1~2026~5~11~a1^exp~10~1~2026~5~10~_^inc~10~100~2026~5~11~a1||_,nan,food:100;trans:0,zh,2026,5,11|
insight	exp~zz~1~2026~0~1~a1^inc~food~0.5~2026~0~1~_^xfer~shop~0~2026~0~1~c1^exp~%a~25.5~2026~0~1~_^exp~shop~0.5~2026~0~1~a1^exp~2~10~2026~5~11~_^exp~10~100~2026~0~1~a1^exp~trans~0~2026~5~25~a1||120,1000,,zh,2026,0,1|
credit	exp~shop~33.33~2026~5~25~c1^exp~shop~nan~2026~5~11~a1|c1~卡c1~_~credit~-100~10~25^c2~卡c2~~credit~-100~10~25|100,50,zz:30;10:0,zh,2026,5,11|rent:🐾:自定义:%a
credit	xfer~10~25.5~2026~5~10~a1^inc~%a~0.5~2026~5~10~c1^exp~shop~10~2026~1~28~_^exp~food~1~2026~5~25~_|c1~卡c1~~credit~100~25~10|100,50,2:-1;zz:-1,zh,2026,5,10|%a:🐾:自定义:Custom
credit	exp~10~1~2026~5~25~_^inc~rent~-5~2026~5~25~a1^exp~%a~nan~2026~5~25~_^exp~shop~0~2025~11~31~a1|c1~卡c1~_~credit~100~10~10^c2~卡c2~~credit~0~15~20|100,0,%a:30;shop:nan;10:30;zz:100,zh,2026,5,25|
insight	exp~10~33.33~2026~0~1~c1^exp~10~0~2026~5~11~c1^exp~%a~1~2026~5~11~a1^exp~%a~0.5~2026~5~11~_^exp~rent~0~2026~5~11~c1^exp~trans~1~2026~1~28~a1^inc~10~0.5~2026~5~11~a1||120,1000,10:10;trans:1;food:10;rent:100,en,2026,5,11|
credit	exp~shop~nan~2025~11~31~a1^exp~shop~0.5~2026~0~1~_^exp~2~nan~2026~1~28~_^exp~%a~33.33~2026~1~28~c1^xfer~trans~25.5~2026~1~28~c1^exp~2~33.33~2026~5~11~_^xfer~shop~0.5~2026~5~11~a1|c1~卡c1~_~credit~0~25~20|nan,50,10:0,en,2026,1,28|
insight	exp~%a~nan~2026~0~1~a1^exp~food~nan~2026~0~1~_^exp~%a~100~2026~0~1~a1^exp~food~0.5~2026~5~25~c1^inc~rent~1~2026~0~1~a1^exp~food~0.5~2026~0~1~a1^exp~2~nan~2026~0~1~_^exp~10~25.5~2026~0~1~_||120,_,%a:nan;10:100;food:1,en,2026,0,1|
insight	exp~food~-5~2026~5~10~_^exp~10~33.33~2026~5~10~a1^inc~zz~25.5~2026~5~10~c1^exp~rent~100~2026~5~10~a1^exp~food~0~2025~11~31~a1||1000,20,shop:30;%a:0,en,2026,5,10|
credit	exp~rent~-5~2026~5~10~c1^exp~trans~33.33~2026~5~11~c1^exp~food~0.5~2026~5~10~c1|c1~卡c1~~credit~0~25~_^c2~卡c2~~credit~0~15~25|100,50,,en,2026,5,10|
insight	xfer~10~10~2026~5~11~_^inc~trans~33.33~2026~0~1~_^xfer~2~25.5~2025~11~31~_^inc~%a~10~2026~5~25~_^exp~10~nan~2026~0~1~_^xfer~zz~100~2026~5~11~c1^exp~shop~0~2026~5~25~c1||120,50,shop:10;rent:30;2:-1,zh,2026,5,25|2:🐾:自定义:%a
insight	exp~food~0~2026~5~11~c1||1000,20,2:100;shop:30;rent:1;trans:nan,en,2025,11,31|zz:🐾:自定义:Custom
insight	exp~%a~33.33~2026~1~28~a1^exp~zz~0~2026~0~1~a1||100,0,,zh,2026,0,1|trans:🐾:%b:%a
insight	inc~shop~10~2025~11~31~_^exp~food~33.33~2026~5~25~c1^exp~shop~0~2026~5~25~_^exp~10~0.5~2026~5~11~a1^exp~rent~nan~2026~5~25~c1^exp~10~0~2026~1~28~c1^inc~shop~nan~2026~5~25~c1||100,20,,zh,2026,5,25|
credit	|c1~卡c1~_~credit~-100~15~25^c2~卡c2~~credit~-100~25~20|120,0,,en,2026,5,25|
insight	exp~shop~0~2026~1~28~c1^inc~%a~1~2026~5~10~_^exp~shop~1~2026~5~11~c1^exp~trans~10~2026~5~10~a1^exp~trans~-5~2026~5~10~_^exp~2~0~2025~11~31~_^exp~%a~nan~2026~5~10~a1^exp~trans~33.33~2026~5~10~a1||0,nan,shop:1;zz:100;trans:nan,zh,2026,5,10|
credit	inc~shop~10~2026~5~25~a1^exp~shop~25.5~2026~0~1~_^exp~trans~0.5~2026~5~25~c1|c1~卡c1~~credit~0~25~_^c2~卡c2~~credit~0~25~10|nan,nan,10:100;trans:10,en,2026,5,25|zz:🐾:%a:%d
insight	inc~2~1~2026~5~11~a1^exp~2~100~2026~5~25~_^exp~%a~nan~2026~5~11~_^exp~food~0.5~2026~5~11~a1||120,1000,trans:100,en,2026,5,11|
credit	|c1~卡c1~Card c1~credit~100~25~25^c2~卡c2~~credit~100~25~25|-100,nan,10:0;food:30;shop:1;rent:-1,zh,2026,5,11|
insight	exp~%a~nan~2026~5~11~_^exp~trans~-5~2025~11~31~c1^exp~rent~33.33~2026~5~11~_^exp~rent~-5~2026~5~11~_||_,20,,en,2026,5,11|
credit	exp~rent~0.5~2026~5~10~_^exp~%a~0.5~2026~5~11~_^exp~2~10~2026~5~10~a1^xfer~2~1~2026~5~10~_|c1~卡c1~~credit~-100~10~20|0,50,food:100;trans:100,zh,2026,5,10|
insight	exp~10~0.5~2026~5~10~c1||120,20,,zh,2026,1,28|
insight	exp~2~10~2026~0~1~c1^exp~rent~0~2026~0~1~_^inc~10~0.5~2026~0~1~c1^exp~zz~25.5~2025~11~31~c1^exp~food~0~2026~0~1~c1||120,_,trans:nan,en,2026,0,1|
insight	exp~shop~25.5~2026~1~28~_^exp~shop~100~2026~5~25~_^exp~2~100~2026~0~1~_^exp~rent~33.33~2026~5~25~a1^exp~food~100~2026~5~25~_^exp~zz~1~2026~5~25~a1||_,0,%a:0;zz:10,en,2026,5,25|
insight	exp~trans~-5~2026~1~28~a1||0,0,%a:10;food:0;rent:10,en,2026,1,28|
credit	xfer~shop~0.5~2026~1~28~c1^exp~10~1~2026~1~28~c1|c1~卡c1~~credit~-100~15~20^c2~卡c2~~credit~0~10~20|120,1000,,zh,2026,1,28|
insight	exp~rent~10~2025~11~31~_^exp~shop~33.33~2026~5~11~a1^exp~rent~10~2026~5~11~a1^exp~%a~0~2026~1~28~c1^exp~10~100~2026~5~11~a1^exp~%a~0.5~2026~5~11~c1^exp~trans~100~2026~5~11~c1||0,nan,food:10;10:0;rent:30;shop:10,en,2026,5,11|
insight	exp~2~nan~2026~5~25~_^inc~trans~0~2025~11~31~_^xfer~zz~10~2025~11~31~a1^exp~rent~25.5~2025~11~31~c1^xfer~2~25.5~2026~1~28~a1||100,0,10:100;rent:nan;zz:30;%a:100,en,2025,11,31|
insight	exp~%a~1~2026~1~28~_^exp~zz~33.33~2025~11~31~a1^exp~zz~33.33~2026~5~10~_^inc~10~nan~2026~1~28~c1||nan,1000,,zh,2026,5,10|
insight	exp~10~25.5~2026~0~1~a1^exp~trans~nan~2026~5~11~c1^inc~shop~10~2026~5~11~a1^exp~rent~nan~2026~5~25~c1^exp~shop~-5~2026~5~11~c1||120,_,2:100,en,2026,5,11|
insight	exp~rent~nan~2026~0~1~c1^exp~rent~-5~2026~0~1~c1^exp~zz~nan~2026~0~1~a1^exp~rent~10~2026~5~11~a1^exp~food~nan~2026~0~1~_^exp~shop~10~2026~0~1~a1||nan,1000,zz:1,en,2026,0,1|
insight	inc~2~100~2026~1~28~_||nan,1000,rent:0,zh,2026,0,1|
credit	inc~food~-5~2026~5~11~c1^exp~10~33.33~2026~5~25~_^exp~rent~-5~2026~5~11~_^exp~rent~1~2025~11~31~c1|c1~卡c1~_~credit~0~25~10^c2~卡c2~Card c2~credit~0~15~10|100,nan,,en,2026,5,11|shop:🐾:自定义:Custom
insight	xfer~rent~0~2026~5~11~c1^exp~10~0~2026~5~10~_^exp~trans~0~2025~11~31~_||-100,50,zz:-1;shop:30;food:1;2:30,en,2026,5,11|2:🐾:%a:Custom
credit	exp~10~10~2025~11~31~_^exp~rent~33.33~2026~1~28~_^exp~%a~10~2026~1~28~a1^xfer~zz~nan~2025~11~31~_^exp~%a~-5~2026~5~11~_^xfer~trans~25.5~2026~1~28~a1|c1~卡c1~~credit~0~25~20^c2~卡c2~_~credit~100~10~10|120,_,food:-1;rent:1;shop:1,en,2026,1,28|
insight	exp~2~33.33~2026~5~10~c1^exp~10~1~2026~5~10~_^exp~10~1~2026~5~10~_^exp~trans~1~2026~5~10~a1^exp~10~1~2026~5~10~_^xfer~rent~33.33~2025~11~31~a1^exp~%a~nan~2026~5~10~a1^exp~shop~-5~2026~5~10~_||1000,_,zz:100;shop:30,zh,2026,5,10|
insight	inc~zz~nan~2026~5~25~_||-100,_,shop:-1;10:-1;zz:nan;2:100,zh,2026,5,25|
insight	||0,1000,,en,2026,5,25|zz:🐾:%a:%a
insight	||_,1000,zz:100;%a:100,zh,2025,11,31|
insight	inc~trans~0.5~2026~0~1~_^exp~zz~0.5~2026~5~25~_||120,nan,10:1;zz:100;%a:1,zh,2026,0,1|food:🐾:%a:Custom
credit	exp~trans~33.33~2026~0~1~_^xfer~trans~10~2026~0~1~_^inc~food~0.5~2026~0~1~_|c1~卡c1~~credit~100~25~20^c2~卡c2~~credit~0~10~_|0,1000,,zh,2026,0,1|
insight	inc~2~1~2026~5~25~a1||100,50,10:-1;shop:-1,zh,2026,5,10|
insight	exp~food~25.5~2026~0~1~a1^xfer~2~nan~2026~1~28~c1||nan,0,trans:nan;rent:30;%a:10,en,2026,5,25|
insight	xfer~%a~-5~2026~5~11~a1^exp~trans~33.33~2026~0~1~_^exp~10~33.33~2026~1~28~_^exp~2~100~2026~5~11~_^inc~rent~100~2026~0~1~c1^exp~2~nan~2026~0~1~c1^inc~food~1~2026~0~1~a1||1000,50,shop:nan;zz:-1,en,2026,0,1|
insight	inc~trans~10~2026~1~28~_^inc~10~1~2025~11~31~_^xfer~2~0~2026~5~25~_||-100,_,rent:0,en,2026,1,28|
insight	exp~zz~-5~2026~0~1~a1^exp~trans~0~2026~5~11~a1^inc~%a~nan~2026~0~1~_^exp~rent~33.33~2025~11~31~_^exp~2~0~2026~0~1~c1||120,0,,en,2026,0,1|
insight	exp~10~10~2025~11~31~a1^xfer~shop~0.5~2025~11~31~_^exp~2~33.33~2025~11~31~a1||_,1000,food:100;10:1;zz:0,en,2025,11,31|
insight	exp~10~nan~2026~5~10~a1||0,_,zz:nan;2:nan;rent:-1;shop:1,en,2026,5,10|
insight	exp~10~1~2026~1~28~_^exp~trans~0~2026~1~28~_^inc~%a~25.5~2026~1~28~a1||0,_,rent:0;zz:100;10:100;shop:30,zh,2026,1,28|rent:🐾:自定义:Custom
insight	exp~shop~100~2026~1~28~_^xfer~shop~-5~2026~1~28~a1^exp~2~10~2026~1~28~c1||0,nan,,zh,2026,1,28|
insight	xfer~food~0~2026~1~28~c1^exp~10~10~2025~11~31~a1^exp~zz~1~2026~5~11~_^xfer~food~0.5~2026~1~28~c1||-100,0,,en,2026,1,28|
insight	exp~trans~nan~2026~0~1~_^exp~rent~nan~2026~0~1~c1||0,_,zz:1,en,2026,0,1|
insight	||nan,50,zz:nan;trans:100,zh,2026,5,25|
credit	|c1~卡c1~Card c1~credit~0~10~20^c2~卡c2~_~credit~0~10~25|0,50,,en,2026,0,1|
insight	exp~zz~100~2025~11~31~c1^exp~trans~100~2025~11~31~_^inc~shop~25.5~2025~11~31~a1^exp~%a~1~2025~11~31~_^exp~zz~0~2025~11~31~a1^xfer~zz~0~2026~1~28~a1||1000,0,10:30;shop:0,zh,2025,11,31|
insight	exp~10~0~2026~0~1~a1^exp~trans~1~2026~5~10~_^exp~shop~1~2026~1~28~c1||0,nan,,zh,2026,0,1|
insight	exp~food~-5~2026~0~1~c1^xfer~10~25.5~2026~5~11~a1^exp~shop~33.33~2026~1~28~_^exp~shop~nan~2026~0~1~c1^exp~food~1~2026~5~25~c1^exp~rent~nan~2026~0~1~_||100,20,10:nan;rent:0;%a:0;shop:30,en,2026,0,1|
insight	exp~%a~10~2026~5~25~c1^xfer~trans~1~2026~5~25~c1^exp~food~25.5~2026~5~25~c1^inc~zz~0~2026~5~25~_^exp~shop~10~2026~5~25~c1^exp~trans~100~2026~5~25~a1^exp~trans~nan~2026~5~11~a1^exp~zz~1~2026~5~25~_||100,0,10:100;2:1,zh,2026,5,25|
insight	inc~zz~10~2026~5~25~c1^exp~zz~33.33~2025~11~31~a1^exp~shop~100~2025~11~31~c1^exp~shop~0~2025~11~31~_^exp~shop~100~2025~11~31~a1^exp~trans~1~2025~11~31~a1^xfer~10~1~2025~11~31~_^xfer~10~33.33~2025~11~31~_||100,0,10:30,zh,2025,11,31|food:🐾:自定义:Custom
insight	exp~rent~0.5~2026~1~28~c1^exp~shop~0~2026~0~1~a1^inc~rent~10~2026~1~28~a1^exp~food~25.5~2026~1~28~a1^exp~food~10~2026~1~28~_^exp~shop~0~2026~5~11~a1^xfer~2~nan~2025~11~31~c1||nan,1000,rent:30;%a:100;food:1,en,2026,1,28|
credit	exp~trans~100~2025~11~31~c1|c1~卡c1~~credit~100~15~10|-100,0,%a:0;food:0;shop:0,en,2026,5,11|10:🐾:%b:Custom
insight	exp~10~33.33~2026~5~10~c1^exp~food~100~2026~5~10~c1^xfer~shop~10~2026~5~10~c1^exp~%a~-5~2026~5~10~a1^inc~trans~0~2026~5~11~_^exp~shop~25.5~2026~1~28~a1^exp~food~0.5~2026~5~10~a1||100,nan,shop:nan;food:0;rent:10,zh,2026,5,10|2:🐾:%a:%a
insight	xfer~food~1~2025~11~31~c1^inc~trans~10~2026~5~11~c1^exp~trans~33.33~2026~5~10~c1^exp~2~-5~2026~5~25~a1||100,20,trans:0;shop:30,en,2025,11,31|2:🐾:自定义:%a
insight	exp~rent~100~2026~1~28~_^inc~shop~1~2026~1~28~a1^exp~food~33.33~2026~0~1~a1^exp~2~33.33~2026~5~25~c1||-100,50,shop:100;%a:1;trans:30,en,2026,1,28|
insight	||1000,20,%a:nan;shop:30;10:0;trans:-1,zh,2025,11,31|
insight	exp~zz~33.33~2026~5~25~_^exp~2~-5~2026~5~10~_^exp~shop~1~2026~5~11~a1||1000,20,,en,2026,5,10|food:🐾:%a:%d
insight	||120,_,2:-1;trans:-1;zz:1,zh,2026,5,11|10:🐾:%a:%a
credit	exp~shop~-5~2026~1~28~_^exp~food~-5~2026~5~11~c1^exp~food~100~2026~5~25~a1^exp~trans~100~2025~11~31~_^inc~shop~0.5~2025~11~31~c1|c1~卡c1~Card c1~credit~0~15~_^c2~卡c2~~credit~0~25~25|100,1000,,zh,2026,5,25|
insight	exp~food~25.5~2025~11~31~_^xfer~shop~100~2026~0~1~_^inc~rent~33.33~2026~0~1~a1^exp~zz~1~2026~0~1~a1||_,1000,shop:nan;trans:-1,en,2026,0,1|
insight	xfer~food~100~2026~5~25~a1^xfer~zz~-5~2026~5~25~a1^exp~10~nan~2026~5~25~c1^exp~10~100~2026~5~25~_^exp~trans~25.5~2026~5~25~a1^exp~zz~1~2026~5~25~_^xfer~2~0.5~2026~5~25~a1^exp~food~0~2026~5~25~c1||1000,50,%a:0;2:nan,zh,2026,5,25|food:🐾:自定义:%d
insight	exp~food~100~2026~0~1~c1^exp~zz~-5~2026~0~1~a1||0,50,zz:1;rent:10,en,2026,0,1|10:🐾:%a:%a
credit	exp~%a~1~2026~0~1~_^exp~%a~25.5~2026~5~25~c1^xfer~2~25.5~2026~5~11~c1^exp~trans~100~2026~5~25~c1^xfer~2~0.5~2026~5~10~a1^exp~10~nan~2026~5~25~a1^exp~zz~33.33~2026~5~25~c1|c1~卡c1~_~credit~-100~10~_^c2~卡c2~~credit~0~15~10|-100,0,%a:1;trans:10;2:100;rent:1,en,2026,5,25|zz:🐾:%b:%d
insight	exp~rent~0~2025~11~31~a1^exp~%a~0.5~2025~11~31~_^exp~zz~33.33~2026~5~25~a1^exp~zz~nan~2025~11~31~a1^xfer~rent~10~2025~11~31~_^inc~rent~25.5~2025~11~31~a1||120,nan,10:-1;trans:100,en,2025,11,31|
credit	exp~food~-5~2026~0~1~c1^exp~food~0~2025~11~31~c1^xfer~10~nan~2026~5~25~_^exp~zz~33.33~2026~5~11~_|c1~卡c1~~credit~100~10~10|nan,_,,en,2026,5,25|
credit	inc~10~33.33~2025~11~31~_^inc~2~nan~2025~11~31~c1^exp~shop~0.5~2025~11~31~a1^exp~10~-5~2025~11~31~a1|c1~卡c1~Card c1~credit~-100~10~10|1000,0,,en,2025,11,31|
insight	exp~food~100~2025~11~31~c1^exp~rent~100~2025~11~31~c1^inc~%a~100~2025~11~31~c1^exp~shop~100~2025~11~31~_^inc~10~100~2025~11~31~c1||100,20,,zh,2025,11,31|
insight	exp~trans~0~2026~5~11~a1^xfer~rent~nan~2026~5~11~_^exp~food~10~2026~5~11~_^exp~rent~10~2026~5~11~c1||0,1000,food:-1;trans:1,en,2026,5,11|
insight	inc~rent~25.5~2026~5~11~a1^exp~food~nan~2026~0~1~c1^exp~trans~1~2026~5~11~_^exp~%a~0.5~2026~0~1~c1^xfer~trans~nan~2026~0~1~_^xfer~10~nan~2026~0~1~a1^xfer~zz~0~2026~1~28~_||120,_,trans:10;10:0;zz:30,en,2026,0,1|food:🐾:%b:Custom
insight	exp~rent~1~2026~0~1~_^exp~zz~1~2026~0~1~c1^inc~%a~nan~2026~1~28~a1^exp~zz~nan~2025~11~31~c1||120,0,10:10;2:10;shop:100,en,2026,1,28|rent:🐾:自定义:Custom
credit	exp~%a~100~2026~5~25~a1^inc~trans~1~2026~5~25~c1^inc~zz~33.33~2025~11~31~c1^exp~%a~nan~2026~5~25~_|c1~卡c1~_~credit~0~25~10^c2~卡c2~_~credit~0~15~25|0,1000,food:30;zz:100;10:nan,zh,2026,5,25|food:🐾:自定义:%a
insight	exp~10~10~2026~0~1~c1^inc~%a~10~2026~0~1~c1^exp~rent~25.5~2025~11~31~_^exp~rent~0~2026~5~25~a1^exp~trans~0.5~2026~1~28~a1^exp~zz~100~2026~0~1~a1^exp~trans~0~2026~0~1~_||120,20,%a:-1;food:100;shop:0,zh,2026,0,1|
insight	inc~shop~25.5~2026~1~28~a1^exp~10~10~2026~0~1~c1^inc~zz~1~2026~0~1~_^exp~food~1~2026~0~1~_^exp~trans~0.5~2026~0~1~_^exp~rent~0.5~2025~11~31~a1||nan,1000,shop:100,en,2026,0,1|
credit	xfer~zz~0.5~2026~5~25~a1^inc~10~nan~2026~5~25~c1^inc~10~33.33~2026~0~1~a1^inc~food~-5~2026~5~25~c1^exp~shop~33.33~2026~1~28~c1^exp~trans~33.33~2026~5~25~c1^exp~10~10~2026~5~25~a1|c1~卡c1~Card c1~credit~0~25~_^c2~卡c2~Card c2~credit~100~10~20|0,_,rent:-1;food:100;%a:-1,zh,2026,5,25|
insight	exp~2~10~2026~5~10~_^xfer~rent~0~2026~5~25~a1^exp~%a~1~2026~1~28~a1^exp~shop~0.5~2026~5~25~_^exp~zz~0.5~2026~5~25~_^exp~10~10~2026~5~25~a1^xfer~zz~100~2026~5~25~_||-100,nan,10:100,en,2026,5,25|
credit	|c1~卡c1~Card c1~credit~100~10~10^c2~卡c2~~credit~100~25~20|0,50,2:-1;zz:30;shop:30,en,2026,0,1|
insight	xfer~shop~0.5~2026~5~25~c1^inc~rent~33.33~2026~5~25~c1||-100,20,10:0,en,2026,5,25|
insight	exp~2~1~2026~5~11~_^exp~zz~33.33~2026~1~28~a1||120,50,,en,2025,11,31|
insight	exp~trans~-5~2026~5~11~c1^inc~trans~-5~2026~1~28~a1||_,_,,zh,2026,5,11|
insight	xfer~trans~100~2026~1~28~c1^exp~shop~0~2026~5~10~a1^exp~shop~33.33~2026~5~10~c1^exp~trans~0~2026~5~10~a1^inc~shop~1~2026~5~10~a1^inc~trans~100~2026~5~10~c1^inc~2~10~2026~5~10~a1||1000,50,trans:100;shop:10;rent:-1,zh,2026,5,10|
insight	exp~%a~nan~2026~5~10~a1^inc~zz~10~2026~5~10~c1^exp~shop~nan~2026~1~28~a1^exp~shop~25.5~2026~5~10~a1^exp~%a~0.5~2026~5~11~_^xfer~zz~nan~2026~5~10~_^exp~trans~10~2026~5~10~a1||_,0,10:100;shop:100,zh,2026,5,10|
insight	exp~food~1~2026~5~10~_^exp~10~33.33~2026~5~11~_^xfer~%a~1~2026~1~28~c1^inc~rent~10~2026~5~10~c1^xfer~2~-5~2026~0~1~c1||0,20,shop:1;rent:0;zz:1,en,2026,0,1|
insight	exp~food~-5~2026~5~10~_^exp~2~1~2026~5~11~a1^exp~trans~nan~2026~5~11~c1^exp~shop~33.33~2026~5~11~c1^exp~10~0.5~2026~5~10~a1^xfer~%a~0~2026~5~11~a1||-100,_,food:10;rent:30,zh,2026,5,11|
credit	|c1~卡c1~~credit~100~15~25|_,nan,,en,2025,11,31|
insight	||100,0,food:1,zh,2026,0,1|%a:🐾:%b:%d
credit	inc~shop~0~2026~5~25~_|c1~卡c1~Card c1~credit~100~15~_^c2~卡c2~~credit~0~15~25|nan,_,zz:1;food:-1;rent:0;trans:30,zh,2026,5,11|shop:🐾:%b:Custom
insight	exp~trans~25.5~2025~11~31~_^exp~trans~-5~2025~11~31~a1^exp~2~25.5~2026~0~1~_^exp~10~nan~2025~11~31~c1||120,nan,food:1;trans:0,en,2025,11,31|10:🐾:自定义:Custom
insight	exp~food~33.33~2026~0~1~c1^exp~10~10~2026~0~1~a1^exp~%a~0~2025~11~31~c1^exp~2~-5~2026~5~10~a1^exp~%a~0~2026~5~10~a1||-100,nan,2:100,zh,2026,5,10|
credit	|c1~卡c1~~credit~0~15~_|100,50,shop:1;zz:-1;trans:100;10:100,zh,2026,5,10|2:🐾:自定义:Custom
insight	exp~zz~1~2026~1~28~_^xfer~%a~nan~2026~1~28~a1||0,20,trans:100;%a:-1,en,2026,1,28|
credit	|c1~卡c1~~credit~100~15~10|-100,20,food:nan;rent:0;2:nan;shop:1,zh,2026,1,28|
credit	inc~food~10~2026~5~10~a1^exp~rent~100~2026~5~11~_^exp~food~0.5~2026~5~11~_^xfer~shop~0.5~2026~1~28~a1|c1~卡c1~~credit~100~15~_^c2~卡c2~~credit~-100~15~20|-100,nan,%a:1;zz:100;shop:100;10:nan,zh,2026,5,11|
insight	inc~trans~25.5~2026~5~25~_^exp~10~100~2026~5~25~c1||120,1000,,zh,2026,5,25|zz:🐾:自定义:%d
insight	xfer~10~100~2025~11~31~c1^exp~trans~25.5~2025~11~31~a1^exp~trans~0.5~2026~5~11~a1||nan,_,zz:nan;10:10;food:100,zh,2026,5,11|
insight	exp~zz~10~2025~11~31~c1||nan,0,food:nan;2:30;%a:30;10:30,en,2025,11,31|
insight	exp~rent~100~2026~1~28~a1^exp~trans~25.5~2026~1~28~_^exp~shop~nan~2026~5~10~c1||120,50,food:1;2:0;trans:-1,en,2026,1,28|10:🐾:%a:Custom
insight	exp~trans~0~2026~1~28~a1^xfer~rent~100~2026~0~1~_^exp~%a~0~2026~0~1~c1||100,1000,zz:nan,zh,2026,0,1|rent:🐾:%a:%d
credit	exp~shop~1~2026~5~11~_^exp~rent~10~2026~5~11~a1^exp~shop~0~2026~5~25~a1|c1~卡c1~_~credit~-100~10~_|_,0,shop:30;zz:100,en,2026,5,25|
insight	exp~%a~33.33~2026~1~28~_^xfer~shop~25.5~2026~5~11~a1^exp~2~nan~2026~5~11~c1^exp~rent~33.33~2026~5~11~_||nan,0,,zh,2026,5,11|trans:🐾:%a:%a
credit	exp~%a~25.5~2026~5~25~a1^exp~shop~10~2026~1~28~_|c1~卡c1~_~credit~0~25~10|100,nan,10:1;food:0;zz:1,en,2026,5,25|
credit	xfer~food~nan~2025~11~31~_^exp~2~10~2026~5~11~a1^xfer~shop~100~2025~11~31~a1^exp~%a~25.5~2025~11~31~a1^xfer~zz~-5~2025~11~31~_|c1~卡c1~_~credit~100~15~_|nan,nan,10:30,en,2025,11,31|
credit	exp~trans~0~2026~5~11~a1^inc~rent~33.33~2026~5~25~a1^exp~%a~10~2026~1~28~c1^exp~trans~25.5~2026~1~28~c1^exp~shop~nan~2026~1~28~a1^inc~shop~nan~2026~5~25~_|c1~卡c1~_~credit~-100~10~_|-100,1000,shop:100;10:10;zz:1,zh,2026,1,28|
credit	exp~10~33.33~2026~0~1~_^exp~food~33.33~2026~1~28~a1^exp~shop~-5~2026~5~10~_|c1~卡c1~Card c1~credit~0~25~20^c2~卡c2~Card c2~credit~100~15~20|nan,0,,en,2026,5,10|
credit	exp~shop~-5~2026~5~11~c1|c1~卡c1~~credit~0~15~10^c2~卡c2~_~credit~100~25~25|120,50,food:10;%a:1;2:30,zh,2026,5,11|food:🐾:%a:Custom
insight	inc~trans~-5~2025~11~31~a1^exp~zz~-5~2025~11~31~_^exp~%a~0~2025~11~31~a1^exp~zz~100~2025~11~31~a1^xfer~2~0~2026~5~10~_||0,20,food:100;%a:10,en,2025,11,31|
insight	exp~10~nan~2026~1~28~a1^exp~10~33.33~2026~1~28~_||120,20,food:10,zh,2026,1,28|food:🐾:%a:Custom
credit	xfer~rent~0.5~2026~1~28~_^xfer~food~100~2026~5~10~c1^exp~food~nan~2025~11~31~_^inc~%a~33.33~2026~5~10~c1^exp~food~nan~2026~5~11~_^exp~2~0.5~2026~5~10~c1^inc~trans~100~2026~5~10~c1|c1~卡c1~Card c1~credit~0~10~10^c2~卡c2~~credit~100~10~25|_,1000,,en,2026,5,10|
insight	exp~zz~10~2026~5~25~_||100,_,10:30,zh,2026,5,25|
insight	exp~zz~25.5~2026~5~10~a1^exp~shop~10~2026~5~25~c1^xfer~rent~10~2026~5~10~c1||0,0,trans:10,en,2026,5,10|
insight	exp~trans~10~2026~5~25~a1^exp~10~25.5~2026~5~25~_^exp~%a~0.5~2025~11~31~c1^exp~rent~33.33~2026~5~25~_^exp~%a~0~2025~11~31~a1^inc~food~100~2025~11~31~a1||120,_,%a:10;zz:10,en,2026,5,25|
credit	|c1~卡c1~Card c1~credit~-100~10~20^c2~卡c2~_~credit~0~10~_|0,nan,,en,2026,5,10|
insight	exp~%a~10~2025~11~31~a1||_,20,10:-1;rent:nan,en,2025,11,31|2:🐾:自定义:Custom
insight	||100,_,,zh,2026,0,1|
insight	exp~2~10~2026~1~28~_^inc~rent~0.5~2026~5~10~_^exp~2~10~2026~0~1~a1^exp~10~33.33~2025~11~31~a1^exp~zz~-5~2026~5~10~c1^exp~zz~-5~2026~5~10~_^inc~trans~33.33~2026~5~11~a1||_,1000,2:1;food:-1,en,2026,5,10|%a:🐾:自定义:%a
insight	exp~shop~0.5~2026~5~11~a1^inc~zz~25.5~2026~5~11~c1^xfer~rent~1~2026~5~11~_^exp~rent~nan~2026~5~11~c1^exp~rent~0.5~2026~5~11~c1^exp~zz~0.5~2026~5~11~c1^exp~2~-5~2025~11~31~a1||100,0,trans:0,en,2026,5,11|
insight	exp~10~33.33~2026~5~25~_^exp~food~0.5~2026~5~25~c1^exp~10~10~2026~5~25~a1^exp~shop~25.5~2026~5~25~c1^inc~10~100~2026~0~1~a1||-100,20,,en,2026,5,25|
insight	exp~%a~0~2026~5~11~c1^exp~trans~nan~2026~5~11~_||100,1000,shop:30,en,2026,5,11|
insight	exp~food~10~2025~11~31~c1^exp~zz~10~2026~0~1~c1^exp~food~100~2026~0~1~a1^exp~trans~100~2026~0~1~c1^exp~10~1~2026~5~25~_^xfer~food~1~2026~0~1~_^inc~%a~0~2026~1~28~c1||nan,20,zz:30;2:-1;rent:100,en,2026,0,1|10:🐾:%a:Custom
insight	exp~rent~33.33~2026~5~10~a1^xfer~%a~0~2025~11~31~_^exp~10~10~2025~11~31~a1^xfer~food~nan~2025~11~31~c1^exp~zz~-5~2025~11~31~c1^exp~shop~25.5~2025~11~31~_^inc~10~0~2026~1~28~_||-100,20,trans:100;zz:100,zh,2025,11,31|zz:🐾:%b:Custom
credit	|c1~卡c1~Card c1~credit~0~25~10^c2~卡c2~~credit~-100~15~_|1000,nan,zz:nan,en,2026,5,11|
insight	exp~rent~25.5~2026~5~25~c1^xfer~food~-5~2026~5~25~c1||1000,nan,,zh,2026,5,25|
credit	|c1~卡c1~~credit~-100~15~25^c2~卡c2~~credit~-100~10~20|0,_,,en,2026,5,10|
insight	exp~trans~-5~2026~5~25~c1^xfer~shop~0~2026~5~10~a1^exp~2~10~2026~5~25~a1^exp~food~0~2026~5~25~_^inc~shop~100~2026~5~25~a1^inc~rent~33.33~2026~5~11~a1^exp~food~25.5~2026~5~25~a1||120,1000,,zh,2026,5,25|
insight	exp~trans~100~2026~5~10~c1^exp~rent~1~2026~5~10~c1^exp~zz~33.33~2026~5~10~a1^exp~2~33.33~2025~11~31~a1||-100,50,trans:30;shop:1;food:30,zh,2026,5,10|
credit	exp~trans~33.33~2026~1~28~c1^exp~2~100~2025~11~31~a1|c1~卡c1~~credit~0~25~_^c2~卡c2~~credit~0~10~20|_,50,zz:30;shop:0,en,2026,1,28|
credit	exp~food~25.5~2026~5~11~a1|c1~卡c1~~credit~100~15~20|0,0,trans:10;food:1;10:30,en,2026,5,25|
insight	exp~zz~10~2026~0~1~a1^exp~%a~33.33~2026~5~25~_||nan,20,10:10,zh,2026,0,1|
credit	exp~trans~nan~2026~5~11~c1^exp~zz~33.33~2025~11~31~a1^exp~%a~nan~2026~5~11~c1^exp~trans~33.33~2026~1~28~c1^exp~rent~-5~2026~5~10~_^inc~10~-5~2026~5~11~c1^exp~food~33.33~2026~5~11~c1|c1~卡c1~_~credit~-100~10~25^c2~卡c2~~credit~0~15~_|-100,nan,rent:nan,en,2026,5,11|
insight	exp~2~0.5~2026~5~11~_^inc~rent~25.5~2026~5~11~c1^exp~rent~1~2026~5~11~a1^exp~food~33.33~2026~5~11~a1||_,_,,en,2026,5,11|trans:🐾:自定义:%a
insight	exp~food~nan~2025~11~31~a1^exp~rent~25.5~2026~1~28~_||0,1000,2:10;rent:30,zh,2026,1,28|
insight	inc~%a~-5~2026~1~28~c1||_,1000,2:10;%a:1,zh,2026,1,28|
insight	exp~zz~100~2026~5~11~_^inc~%a~1~2026~5~10~_^exp~2~1~2026~1~28~c1^exp~food~33.33~2026~1~28~_^exp~10~1~2026~0~1~_||_,20,10:100;shop:10,zh,2026,1,28|
insight	exp~10~-5~2026~5~25~_^exp~2~1~2026~5~25~a1||100,nan,zz:10;%a:0,zh,2026,5,25|
credit	exp~rent~0.5~2025~11~31~a1^exp~trans~33.33~2025~11~31~_|c1~卡c1~~credit~100~25~_^c2~卡c2~~credit~100~15~20|_,nan,trans:nan;zz:-1;shop:100,en,2025,11,31|
credit	exp~2~100~2026~5~11~a1|c1~卡c1~~credit~0~10~_^c2~卡c2~_~credit~-100~10~_|100,_,,en,2026,1,28|
insight	exp~food~-5~2026~0~1~a1||1000,_,zz:nan,en,2026,1,28|2:🐾:自定义:Custom
credit	exp~food~10~2026~1~28~_^xfer~2~nan~2026~5~10~_^exp~trans~100~2026~0~1~a1^exp~food~1~2026~0~1~_^xfer~shop~100~2026~0~1~_^inc~%a~25.5~2026~5~25~_^exp~trans~1~2025~11~31~c1|c1~卡c1~Card c1~credit~100~15~10|nan,50,shop:nan,zh,2026,0,1|
credit	|c1~卡c1~_~credit~-100~15~10|0,_,10:100,zh,2026,0,1|%a:🐾:%a:Custom
insight	exp~trans~nan~2025~11~31~a1^exp~trans~nan~2025~11~31~_||nan,20,%a:1;food:1,en,2025,11,31|rent:🐾:自定义:%d
insight	exp~10~0.5~2026~5~10~_^exp~trans~nan~2026~5~10~a1^exp~2~25.5~2026~5~10~c1^exp~zz~25.5~2026~5~10~a1^exp~zz~nan~2026~5~10~_^exp~zz~0~2026~1~28~a1||0,1000,trans:100,en,2026,5,10|10:🐾:%a:Custom
insight	exp~2~0.5~2026~5~11~a1^exp~food~33.33~2025~11~31~_^exp~shop~25.5~2025~11~31~a1^exp~2~33.33~2026~5~11~a1^exp~10~10~2026~1~28~a1^inc~rent~10~2025~11~31~_^exp~zz~10~2025~11~31~_||_,1000,food:0;zz:nan,en,2025,11,31|food:🐾:%a:Custom
credit	|c1~卡c1~Card c1~credit~-100~15~_|nan,1000,zz:0;2:10,zh,2026,0,1|
insight	exp~2~100~2026~5~11~a1^exp~shop~nan~2026~5~25~c1^exp~food~nan~2025~11~31~a1^exp~2~1~2025~11~31~a1^exp~10~100~2026~5~10~_^xfer~10~25.5~2026~5~10~c1^xfer~trans~0~2025~11~31~a1||0,50,%a:10;10:10,en,2025,11,31|
insight	exp~shop~0.5~2026~5~25~a1^exp~10~nan~2026~5~25~c1^exp~zz~100~2026~5~11~c1^exp~10~0~2026~5~25~_^xfer~trans~100~2026~5~11~_||1000,50,trans:nan;food:30;2:0;zz:100,en,2026,5,25|10:🐾:%a:Custom
credit	exp~2~25.5~2026~5~25~a1^exp~rent~33.33~2026~5~25~c1|c1~卡c1~~credit~-100~25~_|_,_,,en,2026,5,25|
credit	inc~trans~0.5~2026~1~28~c1^exp~%a~0~2026~0~1~a1|c1~卡c1~~credit~-100~25~25^c2~卡c2~~credit~-100~15~10|_,_,%a:0;2:0;rent:-1,en,2026,0,1|
insight	xfer~rent~-5~2026~0~1~a1^exp~zz~33.33~2026~5~10~_^inc~shop~0~2026~0~1~a1^exp~2~10~2026~0~1~c1^exp~zz~25.5~2026~0~1~_^inc~zz~10~2026~5~25~c1||nan,0,shop:1;trans:1,en,2026,0,1|
insight	exp~rent~100~2026~5~25~_^xfer~zz~0.5~2026~5~11~c1||-100,0,%a:10;shop:10;zz:nan;rent:0,en,2026,0,1|
insight	inc~%a~33.33~2026~5~10~_||120,nan,rent:100;trans:100,zh,2026,5,10|
insight	exp~trans~-5~2026~5~10~a1^xfer~food~0~2026~5~10~c1^exp~%a~nan~2026~5~10~_^inc~trans~0.5~2026~5~10~c1^inc~food~nan~2026~5~25~c1^exp~10~100~2026~5~10~a1||_,1000,rent:10;trans:30,en,2026,5,10|
insight	exp~2~0.5~2026~5~11~c1^exp~rent~1~2026~1~28~a1||_,1000,2:30;%a:0,zh,2026,1,28|
insight	exp~zz~-5~2026~1~28~c1^exp~zz~-5~2026~5~11~c1^xfer~shop~1~2026~5~11~c1^inc~food~0.5~2025~11~31~_^exp~2~nan~2026~5~11~c1^exp~shop~nan~2026~5~11~_^exp~food~0~2026~5~11~a1^exp~shop~33.33~2026~5~10~c1||120,20,,zh,2026,5,11|
credit	|c1~卡c1~~credit~0~10~20^c2~卡c2~_~credit~-100~10~10|1000,0,trans:nan;food:30;shop:0,en,2026,0,1|
insight	inc~rent~100~2026~5~10~a1^exp~2~100~2026~5~10~a1^exp~trans~0.5~2026~5~10~a1^xfer~2~100~2026~5~10~a1^exp~food~33.33~2026~5~10~c1||nan,20,trans:-1;10:1,zh,2026,5,10|
insight	inc~trans~100~2026~5~10~a1^exp~2~1~2026~5~10~a1^xfer~10~33.33~2026~5~10~a1^exp~%a~33.33~2026~5~10~a1||-100,20,rent:0;10:0;zz:1,en,2026,5,10|
insight	exp~trans~nan~2026~5~25~_||100,_,food:nan;trans:100;2:0,en,2025,11,31|
insight	inc~trans~nan~2025~11~31~a1||nan,20,zz:30;10:nan,en,2025,11,31|
credit	inc~shop~nan~2025~11~31~_^exp~10~10~2025~11~31~c1^inc~2~0~2025~11~31~a1^exp~%a~nan~2025~11~31~a1^exp~rent~1~2025~11~31~a1^exp~2~10~2025~11~31~a1|c1~卡c1~~credit~-100~15~20|100,50,zz:-1;shop:10;rent:30;10:30,zh,2025,11,31|
insight	||120,1000,10:nan;zz:30;trans:100;%a:10,zh,2026,5,10|shop:🐾:%a:Custom
insight	exp~2~100~2026~5~11~a1^exp~2~33.33~2026~5~11~c1||-100,50,10:nan;2:nan;rent:10,en,2026,5,11|
insight	exp~10~0~2026~5~10~a1||0,_,10:1;food:0,zh,2026,1,28|
insight	||nan,0,%a:nan;trans:30;shop:nan;rent:1,en,2026,5,25|
insight	xfer~10~100~2026~5~11~a1||120,50,zz:nan,en,2026,5,11|
insight	xfer~rent~nan~2026~5~10~_^exp~trans~0~2026~1~28~c1^inc~%a~33.33~2026~1~28~_^exp~10~33.33~2025~11~31~_^exp~rent~0.5~2026~1~28~_^exp~shop~nan~2026~1~28~c1^exp~trans~nan~2026~5~25~_^inc~10~0~2026~1~28~_||0,1000,,en,2026,1,28|food:🐾:自定义:Custom
insight	exp~10~100~2025~11~31~c1^xfer~2~nan~2025~11~31~a1^exp~10~10~2026~0~1~c1^exp~%a~10~2026~5~10~_^exp~rent~0~2026~1~28~_^xfer~10~25.5~2026~5~11~c1^exp~zz~0.5~2026~5~11~_^exp~%a~0.5~2025~11~31~_||-100,nan,,en,2025,11,31|
insight	exp~trans~1~2026~5~10~c1||120,50,food:100;10:nan;zz:30,zh,2026,5,25|
insight	xfer~%a~100~2026~5~25~a1^exp~shop~33.33~2026~5~25~a1^exp~%a~100~2026~5~11~_^exp~zz~-5~2026~5~11~a1^exp~shop~10~2025~11~31~a1^exp~food~-5~2026~5~25~a1^exp~food~100~2026~5~25~a1^inc~trans~0~2026~5~10~a1||_,nan,rent:nan;food:-1;10:-1;zz:0,zh,2026,5,25|
insight	inc~trans~33.33~2026~5~10~c1^exp~%a~-5~2026~5~11~c1^exp~%a~-5~2026~5~11~a1||-100,nan,10:1;food:1,zh,2026,5,11|%a:🐾:%b:%a
insight	exp~rent~-5~2026~5~10~a1^xfer~trans~1~2025~11~31~c1^xfer~10~33.33~2026~5~10~_^exp~shop~0~2025~11~31~c1^xfer~%a~100~2025~11~31~_^inc~rent~0.5~2025~11~31~c1^exp~%a~33.33~2025~11~31~c1||nan,_,2:0,en,2025,11,31|
insight	exp~zz~1~2026~5~11~_||nan,20,2:-1;food:nan,zh,2026,5,11|
insight	||nan,nan,,en,2026,5,10|zz:🐾:自定义:%a
insight	exp~zz~25.5~2026~5~25~_^exp~%a~33.33~2026~5~10~c1^exp~rent~1~2026~5~11~c1^inc~%a~100~2026~5~11~a1||_,20,food:100;%a:30;10:-1,zh,2026,5,25|
insight	exp~trans~33.33~2026~1~28~_||0,1000,10:100;trans:1;rent:-1,zh,2026,5,25|
insight	exp~trans~nan~2026~5~10~_^exp~%a~nan~2026~5~10~c1^exp~10~10~2026~5~25~a1^xfer~2~-5~2025~11~31~a1^exp~food~nan~2026~5~10~c1||0,1000,zz:1;rent:10,zh,2026,5,10|shop:🐾:%a:%a
insight	xfer~%a~1~2026~0~1~c1^exp~food~100~2026~1~28~a1^exp~zz~-5~2026~0~1~c1^xfer~food~100~2026~5~10~_^exp~rent~0~2026~0~1~a1||120,nan,food:1;%a:100;shop:100;trans:1,zh,2026,0,1|
insight	xfer~%a~1~2026~1~28~a1^exp~2~33.33~2026~0~1~c1||100,1000,%a:100;rent:100;trans:-1,en,2026,1,28|
insight	exp~rent~1~2026~1~28~a1^exp~%a~nan~2026~0~1~_||120,20,rent:10;shop:1;%a:30;trans:10,en,2026,0,1|
insight	xfer~%a~100~2026~5~10~a1||100,20,food:-1;rent:-1;trans:nan,zh,2026,5,10|
insight	exp~%a~0.5~2026~0~1~_||nan,1000,food:1,en,2026,0,1|food:🐾:自定义:Custom
credit	inc~rent~0~2026~0~1~_^exp~trans~-5~2026~5~10~c1^exp~rent~0~2025~11~31~_^exp~%a~nan~2026~5~10~a1|c1~卡c1~Card c1~credit~0~15~_^c2~卡c2~Card c2~credit~0~10~25|120,nan,2:10;rent:100;%a:1,zh,2026,5,10|
insight	exp~shop~0~2026~1~28~a1||nan,nan,food:0;10:0;trans:30,zh,2026,1,28|
insight	exp~10~25.5~2026~5~25~_||120,_,2:-1;%a:nan;trans:10;food:-1,en,2026,5,25|
insight	exp~10~10~2025~11~31~a1^exp~zz~-5~2026~5~11~_^exp~10~100~2026~5~11~a1^exp~shop~0.5~2025~11~31~c1^exp~food~0.5~2026~0~1~a1^exp~food~0~2026~0~1~a1^exp~food~-5~2026~1~28~_||_,50,rent:1;2:10,zh,2026,5,11|rent:🐾:%b:Custom
insight	exp~rent~10~2026~1~28~c1^inc~rent~33.33~2026~0~1~_^exp~%a~0.5~2026~5~10~c1^exp~%a~100~2026~0~1~c1^xfer~2~-5~2026~0~1~c1||120,50,shop:100,en,2026,0,1|
insight	inc~food~-5~2026~1~28~c1^exp~trans~25.5~2026~1~28~c1^exp~rent~25.5~2026~1~28~a1^inc~food~100~2026~0~1~_^exp~10~100~2026~5~11~_||1000,50,food:100;2:-1;zz:100,zh,2026,1,28|
insight	exp~zz~10~2025~11~31~a1^inc~food~0~2026~5~25~c1^exp~2~10~2026~5~10~c1||100,20,rent:30;trans:nan,zh,2026,5,10|trans:🐾:%a:%d
insight	exp~%a~0.5~2026~0~1~_||-100,1000,shop:10;food:-1,en,2026,0,1|
insight	inc~10~0~2026~5~25~_^exp~zz~nan~2026~5~25~c1||0,nan,zz:0;rent:10,en,2026,5,25|
credit	exp~rent~33.33~2025~11~31~a1^inc~2~100~2026~5~25~a1^inc~trans~0~2025~11~31~c1^xfer~2~0~2025~11~31~_^inc~shop~nan~2025~11~31~c1^xfer~trans~0~2025~11~31~a1|c1~卡c1~~credit~0~25~20|nan,nan,shop:nan;2:-1;food:100,en,2025,11,31|rent:🐾:自定义:Custom
insight	exp~%a~0.5~2026~5~10~c1^exp~10~0.5~2026~5~10~c1^xfer~zz~33.33~2026~5~10~a1^inc~zz~10~2026~5~10~a1^xfer~2~0~2025~11~31~_^inc~shop~33.33~2026~1~28~a1^exp~rent~0.5~2026~5~10~a1||0,0,zz:30;shop:30;rent:0,zh,2026,5,10|
insight	exp~rent~10~2026~0~1~a1||1000,50,,zh,2026,0,1|shop:🐾:%a:%a
insight	exp~rent~0~2026~5~11~_^exp~trans~nan~2026~5~11~c1^exp~trans~10~2026~5~11~_^exp~shop~1~2026~5~11~_^exp~10~100~2026~0~1~a1||nan,20,,zh,2026,5,11|
insight	exp~%a~10~2026~0~1~a1^inc~zz~25.5~2025~11~31~c1^inc~food~25.5~2025~11~31~c1^exp~10~nan~2026~5~25~a1^exp~zz~33.33~2026~5~11~_^xfer~trans~25.5~2026~1~28~a1||-100,_,rent:0;10:nan;shop:30;zz:1,en,2025,11,31|
insight	exp~rent~33.33~2026~5~25~a1^exp~food~-5~2025~11~31~_^exp~trans~25.5~2026~1~28~_^exp~trans~-5~2025~11~31~c1^inc~2~10~2025~11~31~a1||0,50,zz:-1;food:100;2:30,zh,2026,1,28|%a:🐾:%a:Custom
insight	exp~rent~-5~2026~5~11~c1^exp~trans~-5~2026~1~28~c1^inc~trans~nan~2025~11~31~a1^inc~zz~0~2026~5~25~a1||nan,0,10:1,en,2025,11,31|
insight	||nan,0,,zh,2026,0,1|food:🐾:自定义:%d
credit	|c1~卡c1~_~credit~-100~25~25^c2~卡c2~~credit~0~15~10|-100,1000,shop:-1,zh,2026,5,11|trans:🐾:%b:Custom
insight	inc~shop~0~2026~5~11~_^xfer~shop~0.5~2026~0~1~_^exp~rent~100~2026~1~28~a1^inc~trans~33.33~2026~1~28~c1^exp~10~100~2026~5~11~a1^exp~2~1~2026~1~28~a1^inc~10~nan~2026~0~1~c1^exp~trans~33.33~2026~5~11~a1||120,1000,zz:0,zh,2026,5,11|
credit	exp~zz~33.33~2026~0~1~_^exp~trans~0~2026~1~28~c1^exp~rent~1~2026~5~25~c1^xfer~2~0.5~2026~1~28~_|c1~卡c1~Card c1~credit~0~10~10|0,nan,,en,2026,1,28|
credit	xfer~%a~-5~2026~5~11~a1^exp~food~33.33~2026~5~11~_|c1~卡c1~Card c1~credit~0~15~25|1000,1000,trans:nan;food:0,zh,2026,5,11|
credit	xfer~2~1~2026~5~11~a1^exp~rent~33.33~2026~5~11~_^exp~trans~0~2026~5~11~c1^exp~rent~1~2026~5~11~a1^exp~trans~0~2026~5~11~_^inc~rent~-5~2026~5~11~_|c1~卡c1~~credit~0~15~_^c2~卡c2~_~credit~100~15~20|_,nan,,en,2026,5,11|
insight	xfer~trans~-5~2026~0~1~a1^xfer~food~100~2026~5~10~_||_,50,2:nan;rent:1;shop:-1;trans:-1,zh,2026,0,1|
insight	exp~trans~0~2026~0~1~c1^exp~10~nan~2026~5~25~a1^xfer~%a~100~2026~5~10~_^xfer~zz~-5~2026~5~25~c1^inc~rent~10~2026~5~25~c1^exp~%a~1~2026~5~25~a1^exp~food~0~2026~5~25~c1^exp~rent~10~2026~5~10~c1||_,_,zz:100;%a:100;2:nan;trans:10,zh,2026,5,25|trans:🐾:%a:%a
insight	inc~10~1~2026~5~11~_^exp~trans~0~2026~5~11~c1^exp~%a~0.5~2026~5~10~a1^exp~zz~33.33~2026~5~11~c1^inc~rent~nan~2026~5~10~c1^inc~shop~25.5~2026~5~11~a1^inc~trans~0.5~2026~5~11~c1||1000,nan,zz:100;%a:10;10:nan,en,2026,5,11|food:🐾:%b:%a
insight	||_,20,trans:0;zz:100,zh,2026,5,10|
credit	xfer~10~0~2026~5~11~a1^exp~trans~1~2026~5~25~_^xfer~%a~0.5~2026~5~10~_^exp~rent~100~2026~5~11~a1^xfer~zz~100~2026~0~1~c1^exp~2~nan~2026~0~1~a1^exp~2~nan~2026~5~11~a1|c1~卡c1~~credit~0~15~25|_,0,food:100,zh,2026,5,11|
insight	xfer~2~100~2025~11~31~c1^exp~2~0.5~2026~0~1~_^inc~rent~1~2026~0~1~_^inc~trans~0~2026~0~1~a1^exp~shop~1~2026~0~1~c1||100,50,trans:-1;%a:30;shop:0;2:-1,zh,2026,0,1|trans:🐾:%a:%d
credit	exp~shop~0~2026~5~10~_|c1~卡c1~~credit~0~25~_^c2~卡c2~_~credit~0~15~_|1000,1000,food:100;10:30;shop:100,en,2026,5,10|
insight	inc~trans~10~2025~11~31~_^inc~trans~33.33~2025~11~31~_^exp~shop~10~2025~11~31~c1^exp~zz~100~2025~11~31~a1^inc~food~100~2026~5~25~a1^xfer~%a~-5~2026~1~28~c1^exp~shop~0~2025~11~31~_||nan,0,,zh,2025,11,31|rent:🐾:%b:%d
insight	||100,0,10:nan;2:1;food:nan,en,2026,0,1|
credit	exp~2~1~2026~5~10~_^inc~2~10~2026~1~28~_|c1~卡c1~_~credit~-100~25~25^c2~卡c2~_~credit~0~25~25|0,20,shop:10;food:1;trans:30,zh,2026,5,10|
credit	exp~trans~0.5~2026~1~28~_^exp~rent~1~2026~5~10~a1^exp~shop~33.33~2026~1~28~_^exp~food~1~2026~5~25~c1^exp~food~25.5~2026~5~11~a1^exp~%a~nan~2026~1~28~c1|c1~卡c1~~credit~100~15~25|nan,1000,shop:-1,zh,2026,1,28|
credit	exp~2~100~2026~1~28~c1^inc~zz~25.5~2026~1~28~_|c1~卡c1~~credit~0~10~10^c2~卡c2~_~credit~-100~25~25|100,20,trans:-1;10:30;2:nan;food:30,zh,2026,1,28|
credit	inc~food~33.33~2026~0~1~c1|c1~卡c1~~credit~-100~25~20|_,0,shop:-1,zh,2026,0,1|10:🐾:自定义:Custom
insight	exp~2~0~2026~5~11~a1^exp~food~-5~2026~5~10~a1^exp~zz~100~2026~5~10~_^exp~10~nan~2026~5~10~a1^exp~food~0~2026~5~25~c1^inc~trans~10~2026~5~10~a1||120,20,10:-1;food:nan,zh,2026,5,10|
insight	exp~zz~10~2026~5~25~c1^inc~zz~10~2026~5~10~a1^exp~%a~100~2026~5~10~_^inc~%a~nan~2026~5~11~_^exp~food~0.5~2026~5~10~_^exp~food~nan~2026~0~1~_^exp~trans~100~2026~1~28~a1^exp~trans~0.5~2026~5~10~a1||-100,nan,2:100;10:100;%a:1,zh,2026,5,10|
insight	||nan,50,,zh,2026,1,28|
insight	||nan,50,trans:30;zz:-1;shop:0;food:nan,en,2026,0,1|
insight	exp~rent~33.33~2026~0~1~a1^exp~2~nan~2026~0~1~c1^xfer~zz~10~2026~0~1~_||100,50,rent:nan;zz:10,en,2026,0,1|zz:🐾:%b:Custom
insight	xfer~2~10~2026~0~1~_^exp~shop~-5~2026~5~11~c1^exp~zz~33.33~2026~5~11~a1^exp~2~100~2026~0~1~a1||1000,nan,,en,2026,5,11|
insight	xfer~shop~0.5~2026~0~1~_^inc~%a~-5~2026~0~1~_^exp~rent~25.5~2026~5~25~_^exp~%a~25.5~2026~0~1~_^inc~shop~33.33~2026~1~28~a1||nan,20,,en,2026,0,1|
insight	exp~2~10~2026~5~10~c1^exp~%a~nan~2026~5~10~a1^exp~2~nan~2026~5~10~_^inc~10~100~2026~5~10~a1^exp~trans~100~2026~5~11~_^exp~food~-5~2026~5~10~_||_,0,10:-1,zh,2026,5,10|trans:🐾:%b:%a
insight	xfer~10~100~2026~5~10~a1^exp~%a~100~2026~5~10~a1||120,nan,,zh,2026,5,10|
credit	exp~rent~0.5~2025~11~31~c1|c1~卡c1~Card c1~credit~0~15~_^c2~卡c2~Card c2~credit~-100~10~25|100,20,food:10;rent:10,en,2026,0,1|
insight	exp~10~-5~2026~5~25~_^inc~rent~1~2026~5~25~a1^inc~trans~-5~2026~5~25~c1^exp~rent~100~2026~5~25~c1^exp~zz~100~2026~0~1~_^exp~10~25.5~2026~5~25~a1^exp~10~10~2026~5~25~c1||_,0,,en,2026,5,25|
insight	exp~zz~-5~2026~5~11~c1||nan,20,food:nan,en,2026,5,11|
credit	xfer~shop~10~2026~5~10~_^exp~2~100~2026~5~10~_^inc~zz~1~2026~5~10~a1^xfer~trans~-5~2026~5~10~a1^exp~shop~10~2025~11~31~a1^exp~10~1~2026~5~11~_^exp~food~33.33~2026~5~10~_|c1~卡c1~~credit~100~15~_^c2~卡c2~~credit~-100~15~_|0,20,,zh,2026,5,10|
insight	||1000,50,,zh,2026,5,10|
insight	exp~trans~25.5~2026~5~10~_^exp~rent~0~2026~1~28~_^exp~10~25.5~2026~5~10~c1||-100,nan,food:0;%a:10;zz:nan,en,2026,5,10|
credit	exp~zz~100~2026~5~25~c1^exp~shop~10~2026~1~28~a1^exp~2~0.5~2026~5~25~c1^exp~%a~1~2025~11~31~_^exp~10~10~2026~5~25~a1^exp~zz~10~2025~11~31~c1^exp~food~100~2026~0~1~a1|c1~卡c1~_~credit~-100~25~_|nan,0,rent:0,en,2026,5,25|
insight	exp~rent~0.5~2026~0~1~c1^exp~%a~0~2025~11~31~c1^inc~rent~0.5~2026~5~11~_^exp~shop~0.5~2026~1~28~_^exp~rent~0~2026~5~10~a1^exp~food~0.5~2026~5~10~c1||120,50,10:100,zh,2026,5,10|
credit	|c1~卡c1~~credit~0~25~10|0,20,,en,2025,11,31|%a:🐾:%b:%a
credit	xfer~10~0.5~2026~5~25~c1^xfer~rent~-5~2026~5~25~c1^xfer~food~100~2026~1~28~_|c1~卡c1~~credit~100~10~10|0,nan,10:0;trans:nan,en,2026,5,25|
insight	exp~%a~100~2025~11~31~c1^exp~10~100~2026~5~25~_||120,0,,en,2026,5,10|
insight	inc~rent~0.5~2026~5~10~c1^exp~%a~1~2026~5~10~a1^exp~trans~100~2026~5~10~a1^exp~shop~33.33~2026~5~10~_^exp~rent~100~2026~5~10~a1^exp~zz~10~2025~11~31~_^exp~trans~1~2026~5~10~a1||0,20,trans:10;rent:10;food:-1;2:10,en,2026,5,10|food:🐾:自定义:%d
insight	exp~rent~-5~2025~11~31~_^xfer~trans~nan~2026~5~25~a1^exp~trans~0.5~2026~5~11~a1^exp~2~100~2026~5~11~a1^exp~2~100~2026~5~11~c1^exp~2~-5~2026~1~28~_^exp~rent~0~2026~5~11~_||nan,20,food:1,en,2026,5,11|zz:🐾:%a:Custom
insight	inc~shop~10~2026~5~25~c1^exp~10~nan~2026~1~28~_||0,50,shop:10;rent:100;10:100;food:10,en,2026,1,28|
insight	exp~trans~25.5~2026~5~11~_^exp~food~10~2025~11~31~_^exp~trans~25.5~2026~5~25~_^xfer~trans~100~2026~5~11~a1^exp~2~-5~2026~5~11~_^exp~food~33.33~2026~1~28~c1^exp~trans~0~2026~5~11~c1^exp~%a~nan~2026~5~11~c1||1000,1000,zz:1;10:100;2:30,en,2026,5,11|
credit	xfer~trans~0.5~2026~0~1~a1|c1~卡c1~~credit~0~25~10^c2~卡c2~_~credit~100~25~10|0,50,2:100;%a:100;zz:-1;10:-1,zh,2026,0,1|trans:🐾:%b:Custom
credit	exp~%a~nan~2026~5~25~c1^exp~trans~25.5~2026~5~25~_^exp~food~0~2026~5~25~a1^exp~trans~0.5~2026~5~10~c1|c1~卡c1~Card c1~credit~0~15~10^c2~卡c2~~credit~100~15~25|100,20,10:0,zh,2026,5,25|
insight	exp~rent~0.5~2026~1~28~a1^exp~10~1~2026~0~1~c1^exp~%a~nan~2026~1~28~c1^xfer~food~0~2026~5~11~c1^xfer~2~0.5~2026~5~11~c1^exp~food~0~2026~5~10~a1^exp~%a~100~2026~1~28~a1||120,20,food:30;%a:1;shop:nan,en,2026,1,28|
insight	exp~2~1~2026~5~25~a1^exp~10~0~2026~5~25~_^exp~2~10~2026~5~25~_^exp~10~-5~2026~5~25~_^xfer~zz~33.33~2026~5~25~_^xfer~10~33.33~2026~5~10~a1^exp~2~33.33~2026~5~25~_^exp~food~100~2026~5~25~c1||120,_,10:30;shop:30;rent:1;trans:10,zh,2026,5,25|
insight	exp~food~-5~2026~5~10~c1^exp~zz~nan~2026~5~10~_^xfer~%a~0.5~2026~5~10~a1^xfer~zz~0.5~2026~5~25~a1||120,nan,shop:100;2:100,zh,2026,5,10|
insight	||100,50,%a:-1;2:-1;zz:1,en,2026,5,25|
insight	||100,nan,,en,2026,5,11|
insight	xfer~10~100~2026~5~11~_^exp~%a~nan~2026~5~11~c1^exp~trans~nan~2026~5~11~a1^inc~shop~0~2026~5~11~_||0,1000,%a:nan;shop:0,en,2026,5,11|food:🐾:%a:Custom
insight	xfer~zz~10~2026~5~25~c1^exp~2~10~2026~5~11~_^exp~food~25.5~2026~1~28~a1^exp~trans~1~2025~11~31~_^exp~2~0.5~2026~5~25~a1^exp~rent~0~2026~5~25~c1^exp~%a~0.5~2026~5~10~_^exp~10~0~2026~5~25~c1||nan,1000,zz:30,zh,2026,5,25|
credit	|c1~卡c1~_~credit~-100~10~10|nan,_,10:-1;trans:10;2:-1,zh,2026,0,1|
credit	inc~10~10~2026~5~10~c1^exp~rent~33.33~2026~5~10~_|c1~卡c1~Card c1~credit~100~10~20^c2~卡c2~~credit~100~10~_|_,1000,trans:10;zz:10;food:10;10:100,zh,2026,5,10|trans:🐾:自定义:Custom
insight	exp~shop~25.5~2026~5~10~a1^exp~%a~1~2026~5~10~c1^exp~shop~1~2026~1~28~a1^exp~shop~100~2026~5~10~a1^exp~10~1~2026~5~10~a1^exp~zz~33.33~2026~5~10~_||0,20,2:nan;10:100;shop:1;trans:100,en,2026,5,10|
insight	exp~shop~-5~2026~5~25~c1^exp~food~1~2026~5~11~_^exp~food~25.5~2026~5~25~_^exp~2~33.33~2026~5~25~a1^exp~shop~-5~2026~0~1~c1^exp~zz~25.5~2026~0~1~c1||-100,0,trans:10,en,2026,5,25|2:🐾:%a:%d
insight	exp~rent~0.5~2026~0~1~c1^exp~2~nan~2026~5~10~_^exp~2~-5~2026~5~10~_^exp~10~-5~2026~5~25~c1^exp~zz~10~2026~5~10~c1||_,0,zz:30;shop:-1,en,2026,5,10|food:🐾:自定义:Custom
insight	exp~trans~0.5~2026~0~1~c1^xfer~zz~-5~2026~0~1~c1||100,1000,trans:100;shop:1,en,2026,0,1|10:🐾:自定义:%d
insight	exp~shop~33.33~2026~5~25~c1^inc~%a~10~2026~5~25~_||0,_,food:nan;2:30;trans:1,zh,2026,5,25|
insight	exp~food~33.33~2026~5~11~c1^exp~food~33.33~2026~5~10~c1||1000,20,zz:-1;trans:30;shop:100,en,2026,5,10|
credit	xfer~food~-5~2026~0~1~_|c1~卡c1~~credit~100~10~20^c2~卡c2~_~credit~0~10~25|1000,nan,,zh,2026,5,11|
insight	xfer~10~100~2026~0~1~c1^inc~%a~nan~2026~0~1~_^exp~rent~1~2026~0~1~a1^exp~trans~25.5~2026~0~1~a1^exp~10~1~2026~0~1~c1||_,_,trans:nan;10:0;rent:10,en,2026,0,1|
insight	exp~shop~1~2026~1~28~_^inc~%a~nan~2026~0~1~_^exp~10~100~2026~0~1~c1||_,50,10:nan,en,2026,0,1|2:🐾:%a:%a
insight	inc~zz~1~2026~5~11~_^inc~2~0.5~2026~5~11~a1^exp~rent~33.33~2026~5~11~c1^exp~10~1~2026~1~28~a1||120,20,trans:1;rent:30;10:100,en,2026,5,11|2:🐾:自定义:%d
insight	||-100,_,food:0,zh,2025,11,31|
insight	||0,50,zz:1;shop:100;trans:100,en,2026,1,28|shop:🐾:%b:%d
insight	exp~trans~33.33~2026~0~1~c1^xfer~%a~0~2026~0~1~a1^xfer~%a~0~2026~0~1~a1^xfer~shop~0.5~2026~0~1~c1||0,50,,zh,2026,0,1|10:🐾:自定义:%a
credit	inc~2~100~2026~5~11~a1^exp~trans~33.33~2025~11~31~a1^inc~10~nan~2026~1~28~c1^exp~trans~1~2026~5~25~c1^exp~2~25.5~2026~5~11~a1^exp~%a~10~2026~5~11~_|c1~卡c1~~credit~100~10~25^c2~卡c2~~credit~0~15~_|-100,_,zz:1,zh,2026,5,11|
insight	exp~%a~nan~2026~0~1~_^exp~zz~100~2025~11~31~c1^exp~shop~-5~2026~5~11~a1^inc~10~25.5~2026~0~1~c1^xfer~10~0~2026~0~1~c1^xfer~shop~0~2026~0~1~c1^exp~rent~1~2026~0~1~c1||0,20,trans:0;zz:10,en,2026,0,1|
insight	xfer~2~100~2026~5~10~c1^exp~food~0~2026~5~10~a1^exp~%a~1~2026~5~25~_^inc~zz~25.5~2026~0~1~c1^exp~food~1~2026~5~10~_^exp~%a~0~2026~5~10~c1^exp~2~nan~2026~5~10~c1^exp~2~-5~2026~0~1~_||1000,20,shop:0;zz:10,en,2026,5,10|
credit	exp~%a~1~2026~5~25~c1^exp~2~33.33~2026~5~10~a1^exp~rent~10~2026~5~11~_^xfer~10~10~2026~5~11~c1^exp~food~1~2026~5~11~c1^exp~food~nan~2026~5~11~c1^exp~2~1~2026~5~11~_|c1~卡c1~Card c1~credit~100~25~20|-100,1000,2:30;%a:nan,zh,2026,5,11|
insight	inc~10~0.5~2026~5~11~_^exp~10~0~2026~5~11~c1^exp~2~0~2026~5~11~a1^exp~rent~33.33~2026~5~11~_^xfer~%a~-5~2026~5~25~a1^exp~%a~-5~2025~11~31~_^xfer~shop~0.5~2025~11~31~a1||_,20,shop:30;10:10;zz:0,en,2026,5,11|zz:🐾:%b:Custom
insight	xfer~10~0.5~2026~0~1~c1^exp~%a~10~2026~5~25~a1^xfer~shop~100~2026~0~1~a1^exp~food~33.33~2026~0~1~a1^exp~10~1~2026~0~1~c1||120,50,food:nan,en,2026,0,1|
insight	exp~trans~10~2026~5~25~c1^exp~2~100~2026~5~25~a1^exp~2~25.5~2026~5~25~a1^exp~food~10~2026~5~25~_^exp~trans~nan~2026~5~25~_^exp~rent~1~2026~5~25~a1||0,0,,en,2026,5,25|
insight	||120,nan,rent:10;2:-1;%a:100;food:10,zh,2026,0,1|
insight	exp~food~100~2026~5~11~a1^exp~rent~100~2026~0~1~a1^exp~trans~25.5~2026~5~11~c1^exp~10~0.5~2026~1~28~a1^xfer~2~0~2026~0~1~a1^exp~trans~10~2026~1~28~_||100,20,10:nan;food:nan,zh,2026,5,11|10:🐾:%b:%d
insight	exp~%a~0~2026~0~1~c1^exp~10~1~2026~1~28~c1^exp~%a~25.5~2026~1~28~c1^xfer~shop~0~2026~0~1~_^xfer~food~0.5~2026~5~25~c1^exp~food~nan~2026~0~1~_||nan,1000,,zh,2026,0,1|
credit	exp~%a~33.33~2026~5~10~c1^exp~2~33.33~2025~11~31~c1|c1~卡c1~~credit~-100~15~10^c2~卡c2~~credit~-100~25~20|1000,0,shop:1;2:30,zh,2025,11,31|
insight	exp~2~0.5~2026~5~10~a1||100,0,%a:-1,zh,2026,5,10|
credit	exp~food~0.5~2026~0~1~_^inc~10~0~2026~0~1~c1|c1~卡c1~_~credit~100~25~25^c2~卡c2~~credit~-100~25~25|100,1000,%a:30;food:10,zh,2026,0,1|
credit	exp~10~25.5~2026~1~28~c1^exp~shop~100~2026~0~1~c1^exp~10~33.33~2026~0~1~_^xfer~rent~25.5~2026~5~11~c1^exp~2~1~2026~0~1~a1^exp~rent~nan~2026~5~25~_|c1~卡c1~Card c1~credit~-100~10~10|100,20,zz:1,en,2026,0,1|
insight	exp~%a~25.5~2026~5~11~_^exp~10~100~2025~11~31~c1^exp~food~10~2025~11~31~a1^exp~zz~33.33~2026~0~1~a1^inc~rent~0.5~2026~5~11~_^exp~2~100~2025~11~31~a1^exp~shop~-5~2025~11~31~c1||_,_,%a:10;shop:0,en,2025,11,31|
credit	|c1~卡c1~_~credit~-100~25~20|0,20,10:0;%a:nan,zh,2026,0,1|
insight	inc~trans~-5~2026~0~1~_^exp~10~25.5~2026~0~1~_^exp~%a~nan~2026~0~1~c1^exp~%a~1~2026~0~1~a1^exp~zz~nan~2026~0~1~a1^exp~trans~1~2026~5~10~_||-100,20,10:1;2:10;rent:30,zh,2026,0,1|
insight	exp~rent~10~2026~5~10~c1^exp~10~33.33~2026~5~10~_^exp~10~0~2026~5~10~_^exp~food~0~2026~5~25~a1^exp~food~0~2026~5~11~a1^inc~zz~nan~2026~0~1~c1||_,nan,trans:0;zz:30;rent:10,zh,2026,5,10|
insight	exp~trans~0.5~2026~5~10~_^exp~food~10~2026~5~10~a1^inc~zz~1~2026~5~10~c1||0,1000,10:1,zh,2026,5,10|2:🐾:自定义:Custom
insight	exp~10~33.33~2026~5~11~_^inc~shop~33.33~2025~11~31~a1^inc~2~25.5~2026~5~11~a1^inc~rent~1~2026~1~28~c1^inc~%a~0~2026~5~11~_^xfer~rent~-5~2026~5~11~a1||120,20,rent:100;trans:nan;2:1,zh,2026,5,11|
insight	inc~10~1~2026~1~28~a1^exp~zz~-5~2026~5~11~a1^exp~rent~0~2026~1~28~a1^exp~rent~100~2026~5~10~_^xfer~2~-5~2026~5~11~a1||1000,0,rent:nan,zh,2026,1,28|
insight	||-100,50,,en,2026,0,1|
insight	||0,20,shop:0,en,2026,1,28|
insight	exp~zz~100~2025~11~31~_^inc~rent~1~2025~11~31~_^exp~rent~-5~2026~5~11~c1^xfer~2~33.33~2026~1~28~a1^exp~shop~0.5~2025~11~31~c1||0,50,,zh,2025,11,31|
insight	exp~2~25.5~2026~5~11~_^inc~zz~1~2026~5~11~c1^exp~zz~nan~2026~5~11~_^inc~zz~10~2026~5~10~a1^exp~%a~nan~2026~5~11~a1^exp~rent~1~2026~5~11~a1^xfer~2~33.33~2026~5~11~_^exp~2~nan~2026~0~1~_||_,20,,en,2026,5,11|food:🐾:%b:%d
insight	xfer~trans~1~2026~5~11~c1^inc~%a~33.33~2026~5~11~c1^xfer~food~0.5~2026~5~10~_^exp~%a~33.33~2026~5~11~c1^exp~zz~100~2026~5~11~a1^exp~%a~33.33~2026~5~10~_^xfer~10~nan~2026~5~11~a1||1000,nan,zz:nan;shop:30;2:10;10:0,zh,2026,5,11|
insight	xfer~2~0~2026~5~11~_^exp~trans~nan~2026~5~11~_^exp~trans~33.33~2026~5~10~a1||100,20,,en,2026,5,11|
insight	exp~shop~10~2026~5~11~c1^xfer~food~1~2026~5~11~c1^inc~rent~nan~2026~5~11~a1^exp~%a~100~2026~5~11~c1^exp~rent~33.33~2026~5~11~_^exp~shop~-5~2026~1~28~c1^exp~%a~100~2026~5~11~a1||-100,nan,rent:1;%a:0,zh,2026,5,11|
credit	xfer~2~33.33~2026~5~10~_^exp~trans~0.5~2026~0~1~_|c1~卡c1~~credit~0~15~10|0,20,%a:0,en,2026,5,10|zz:🐾:%b:Custom
insight	exp~shop~25.5~2026~1~28~_^exp~2~0~2026~1~28~c1^xfer~10~10~2026~1~28~a1^exp~trans~0.5~2026~1~28~a1^exp~rent~-5~2026~1~28~c1^inc~trans~33.33~2026~1~28~a1^xfer~%a~nan~2026~1~28~a1||1000,_,zz:100;food:nan,en,2026,1,28|10:🐾:%a:Custom
insight	inc~rent~25.5~2025~11~31~a1^exp~trans~33.33~2026~5~11~_^exp~10~-5~2026~0~1~_^inc~10~10~2025~11~31~a1^exp~10~0.5~2025~11~31~_^exp~trans~nan~2025~11~31~_||_,50,trans:1;2:-1;10:10,en,2025,11,31|
credit	exp~trans~100~2026~1~28~c1^exp~2~10~2026~1~28~_^inc~zz~25.5~2026~5~25~a1^exp~%a~-5~2026~1~28~c1|c1~卡c1~~credit~100~15~25|1000,0,2:0;trans:-1,zh,2026,1,28|
credit	xfer~trans~25.5~2026~0~1~c1^exp~shop~nan~2026~0~1~a1|c1~卡c1~~credit~100~25~10|_,1000,,en,2026,0,1|2:🐾:%b:%d
insight	exp~rent~0.5~2025~11~31~_^exp~food~25.5~2026~5~10~a1^exp~trans~1~2025~11~31~a1^exp~food~-5~2026~1~28~c1^exp~rent~33.33~2025~11~31~c1^exp~food~1~2026~1~28~a1||_,nan,food:nan;trans:1;2:1;%a:10,zh,2025,11,31|
insight	inc~zz~1~2026~5~10~a1^exp~trans~10~2026~5~10~_^inc~%a~-5~2026~5~11~_^xfer~10~10~2026~5~10~a1^exp~rent~1~2026~1~28~_^inc~shop~1~2026~5~10~_^exp~shop~1~2026~0~1~_^xfer~shop~33.33~2026~5~10~_||1000,_,2:100;zz:100;rent:30;trans:1,en,2026,5,10|
insight	exp~zz~25.5~2026~5~25~_^exp~zz~1~2026~5~25~_||nan,50,,en,2026,5,25|
credit	inc~zz~10~2026~0~1~_|c1~卡c1~~credit~-100~15~20^c2~卡c2~~credit~0~25~25|nan,20,zz:30;rent:30,zh,2026,0,1|rent:🐾:%b:%a
insight	exp~zz~nan~2026~1~28~_^inc~10~0.5~2026~5~10~c1^exp~10~100~2026~5~25~a1^inc~%a~25.5~2026~5~25~_^inc~food~-5~2026~5~25~c1^exp~rent~100~2026~5~25~a1^xfer~trans~25.5~2026~5~25~a1^inc~2~1~2026~5~25~a1||100,0,food:100;rent:10;10:100,en,2026,5,25|
insight	xfer~10~0.5~2026~5~10~c1^exp~trans~33.33~2026~5~10~c1^exp~10~33.33~2026~5~10~_^exp~zz~1~2025~11~31~a1^exp~rent~0.5~2026~5~11~c1^exp~%a~1~2026~0~1~c1||100,20,shop:30,en,2026,5,10|
insight	exp~trans~0.5~2026~5~10~c1^inc~%a~25.5~2026~5~25~c1^exp~10~10~2026~5~25~a1^exp~food~1~2026~5~25~a1^exp~2~100~2025~11~31~c1||_,50,,zh,2026,5,25|
insight	exp~food~100~2026~5~10~c1^exp~shop~0~2026~5~10~c1^exp~food~10~2026~1~28~c1^exp~rent~10~2026~1~28~c1^inc~zz~nan~2026~5~10~a1^inc~food~10~2026~5~10~c1^exp~zz~10~2026~5~10~a1||0,50,trans:1,en,2026,5,10|
insight	inc~2~0~2026~0~1~a1^inc~trans~25.5~2026~5~25~a1^xfer~%a~nan~2026~5~11~_^xfer~food~0~2026~1~28~a1^exp~zz~nan~2026~0~1~a1^exp~2~1~2026~5~11~a1^exp~10~33.33~2026~5~11~_^exp~shop~0.5~2026~5~11~c1||100,1000,shop:1;%a:30,zh,2026,5,11|
credit	exp~shop~nan~2026~5~11~_^exp~shop~nan~2025~11~31~c1^exp~rent~0.5~2026~5~10~_^exp~shop~25.5~2026~5~11~c1^xfer~10~33.33~2025~11~31~_|c1~卡c1~Card c1~credit~100~25~_^c2~卡c2~~credit~0~15~_|100,1000,rent:10;2:100,zh,2026,5,10|
credit	exp~2~1~2026~5~10~c1^exp~rent~10~2026~5~10~_^exp~10~100~2026~5~10~c1^inc~2~0.5~2026~1~28~c1^exp~zz~1~2026~0~1~a1^exp~shop~33.33~2025~11~31~a1^exp~zz~-5~2026~5~11~a1|c1~卡c1~Card c1~credit~100~10~_|0,0,2:0;trans:10;shop:100,zh,2026,5,10|
credit	exp~trans~1~2026~5~11~c1^inc~2~0~2026~5~11~a1^exp~rent~nan~2026~5~11~_^inc~trans~10~2026~5~11~_^inc~rent~nan~2026~5~11~a1^exp~rent~nan~2026~5~11~_^exp~zz~100~2026~5~11~_^xfer~trans~0.5~2026~0~1~_|c1~卡c1~Card c1~credit~100~10~20|0,20,rent:-1;2:1;%a:100,en,2026,5,11|shop:🐾:自定义:Custom
insight	inc~10~0.5~2026~5~25~_^exp~zz~33.33~2026~5~11~c1^exp~zz~0.5~2026~5~25~c1^exp~food~0.5~2026~5~25~c1^exp~food~25.5~2026~0~1~_||0,20,10:10,zh,2026,5,25|
credit	inc~zz~10~2025~11~31~_^exp~zz~-5~2025~11~31~a1|c1~卡c1~_~credit~-100~10~25|1000,_,10:10;shop:1;zz:nan,zh,2025,11,31|
insight	exp~2~0.5~2026~5~10~_^xfer~2~1~2026~5~10~a1^xfer~food~25.5~2026~5~10~a1||1000,20,2:0,zh,2026,5,10|
insight	exp~%a~0.5~2026~0~1~c1^exp~rent~0.5~2026~0~1~a1^exp~zz~100~2026~5~10~a1^xfer~rent~10~2026~5~11~c1^exp~10~-5~2026~0~1~_^exp~shop~0~2026~0~1~_||-100,0,trans:nan;2:-1;food:30;shop:100,zh,2026,0,1|
credit	exp~2~0~2026~1~28~a1^exp~2~0.5~2026~5~11~a1|c1~卡c1~_~credit~-100~25~25^c2~卡c2~_~credit~0~15~10|100,nan,,zh,2026,5,10|
insight	exp~rent~1~2026~5~10~_^exp~rent~nan~2026~0~1~a1^xfer~trans~1~2026~5~11~c1^xfer~2~0.5~2026~5~11~c1^xfer~trans~25.5~2026~5~11~a1||-100,0,%a:10;rent:nan;shop:10;10:0,zh,2026,5,11|trans:🐾:自定义:%d
insight	||-100,20,2:10;shop:100;%a:1;zz:0,en,2026,5,11|
credit	exp~shop~10~2026~5~11~c1^exp~10~1~2026~5~11~c1^exp~%a~33.33~2026~5~11~c1^exp~food~0.5~2026~5~11~a1|c1~卡c1~~credit~0~10~25^c2~卡c2~_~credit~0~15~25|120,20,%a:-1,en,2026,5,11|
credit	exp~2~0.5~2026~5~10~c1^exp~food~0.5~2026~5~10~c1^exp~10~0.5~2026~5~10~_|c1~卡c1~_~credit~0~15~25|_,nan,shop:10;trans:30,zh,2026,5,10|
insight	||-100,nan,zz:1;10:-1,zh,2026,1,28|zz:🐾:%b:Custom
credit	exp~zz~10~2026~5~10~a1|c1~卡c1~_~credit~-100~15~_|-100,_,,en,2026,5,10|
insight	||1000,50,,en,2026,5,11|
credit	inc~10~0~2026~0~1~c1^exp~shop~0.5~2026~1~28~_^xfer~shop~1~2026~1~28~c1^exp~zz~33.33~2026~1~28~c1^inc~rent~33.33~2026~1~28~a1^exp~%a~-5~2026~5~25~c1^xfer~shop~-5~2026~0~1~a1|c1~卡c1~Card c1~credit~0~10~10|-100,50,rent:100,zh,2026,1,28|
insight	exp~zz~25.5~2026~1~28~a1^xfer~food~0.5~2026~1~28~_^exp~rent~1~2026~1~28~a1^exp~trans~33.33~2026~1~28~a1^exp~shop~33.33~2026~1~28~a1^exp~10~10~2026~1~28~_^exp~10~-5~2026~1~28~a1||100,_,zz:-1;trans:0;2:-1,en,2026,1,28|zz:🐾:%b:%a
insight	inc~%a~0.5~2025~11~31~c1||1000,0,zz:100;food:1,zh,2025,11,31|
insight	inc~shop~0.5~2026~5~11~c1^exp~zz~nan~2026~1~28~c1||nan,1000,%a:1;rent:10;food:100;10:-1,zh,2026,1,28|
insight	xfer~shop~0~2025~11~31~a1^exp~zz~1~2026~1~28~c1^exp~rent~0~2026~1~28~a1^exp~food~25.5~2026~0~1~_||0,_,10:10,en,2026,1,28|
insight	||-100,1000,,zh,2026,1,28|
credit	exp~shop~nan~2026~0~1~c1|c1~卡c1~_~credit~0~15~10^c2~卡c2~~credit~-100~15~20|1000,20,,en,2026,0,1|
insight	xfer~rent~-5~2026~0~1~_^inc~10~0~2026~5~25~c1^exp~zz~33.33~2025~11~31~c1^inc~shop~0~2026~5~25~_^exp~%a~1~2026~1~28~c1^exp~10~0~2026~5~25~c1^exp~trans~1~2026~5~25~_^xfer~trans~10~2026~0~1~_||0,nan,2:nan;zz:1;shop:30,zh,2026,5,25|
insight	exp~2~0.5~2026~5~10~c1^exp~food~0~2026~5~10~_||100,0,food:1,zh,2026,5,10|
insight	xfer~shop~10~2026~5~10~_^exp~zz~25.5~2026~5~11~a1||1000,nan,%a:nan;rent:0;food:nan;shop:10,zh,2026,5,11|
credit	exp~rent~0~2026~5~11~c1^xfer~trans~0~2025~11~31~_^exp~2~25.5~2026~5~11~_^exp~shop~1~2026~5~10~c1^exp~10~10~2026~5~11~_^exp~shop~1~2026~5~11~a1^xfer~rent~33.33~2026~5~11~c1^exp~food~10~2026~5~11~_|c1~卡c1~~credit~-100~10~25|0,20,food:nan;shop:30,en,2026,5,11|10:🐾:自定义:%a
credit	exp~trans~0.5~2026~5~11~_^inc~10~33.33~2026~5~11~c1^xfer~trans~0.5~2026~5~11~_^xfer~shop~0.5~2026~5~11~_^xfer~shop~nan~2026~5~11~c1^exp~zz~100~2026~1~28~a1^xfer~10~33.33~2026~5~11~c1|c1~卡c1~Card c1~credit~100~25~20|-100,50,shop:10;food:0;zz:nan;10:30,en,2026,5,11|
credit	exp~2~0~2026~0~1~_|c1~卡c1~_~credit~100~15~20^c2~卡c2~_~credit~-100~15~20|_,20,%a:nan;10:100,en,2026,0,1|shop:🐾:%b:Custom
insight	exp~2~nan~2026~0~1~_^exp~food~25.5~2026~5~25~_^exp~trans~25.5~2026~0~1~_||0,0,shop:nan,en,2026,0,1|
credit	xfer~rent~0.5~2025~11~31~_^xfer~shop~25.5~2026~5~10~a1^exp~2~25.5~2026~5~25~a1^inc~trans~0~2026~5~10~a1^exp~trans~0.5~2026~5~10~c1|c1~卡c1~_~credit~100~10~25|_,1000,rent:nan;shop:0;10:30,zh,2026,5,10|
credit	exp~rent~10~2026~5~11~_^exp~rent~10~2026~5~25~c1^exp~%a~-5~2026~1~28~a1^exp~rent~33.33~2026~1~28~_^xfer~10~0.5~2026~1~28~a1|c1~卡c1~_~credit~100~25~_^c2~卡c2~Card c2~credit~0~10~25|100,nan,food:0;%a:10;shop:-1;10:-1,en,2026,1,28|
insight	exp~shop~100~2026~5~25~c1^exp~2~33.33~2026~5~10~c1^inc~trans~25.5~2025~11~31~a1^exp~10~33.33~2025~11~31~a1^exp~2~0~2026~5~25~c1||nan,20,zz:nan;rent:-1,en,2026,5,25|
insight	exp~zz~100~2026~0~1~_^xfer~shop~100~2026~0~1~a1||0,20,trans:30;food:30;2:30,zh,2026,0,1|
insight	exp~food~25.5~2026~0~1~_^exp~shop~0.5~2026~5~25~c1||_,1000,zz:0,en,2025,11,31|
credit	exp~10~100~2026~0~1~c1^exp~2~0~2026~5~10~a1^inc~10~10~2025~11~31~c1^exp~10~nan~2026~0~1~c1^exp~zz~0~2025~11~31~_^exp~zz~33.33~2026~0~1~a1^exp~rent~nan~2026~0~1~_|c1~卡c1~Card c1~credit~100~10~10^c2~卡c2~Card c2~credit~0~15~20|120,nan,food:100,zh,2026,0,1|
credit	inc~10~100~2026~0~1~a1^exp~rent~33.33~2026~5~25~_^inc~zz~-5~2026~5~25~_|c1~卡c1~Card c1~credit~-100~25~10|100,50,zz:-1,en,2026,5,25|
insight	exp~trans~0~2026~5~10~a1^exp~2~-5~2026~5~25~_^exp~rent~33.33~2026~5~25~a1^exp~2~0~2026~5~11~_^exp~rent~33.33~2026~5~10~_^exp~%a~-5~2026~5~10~a1^exp~rent~25.5~2026~1~28~a1||1000,50,food:100;2:-1,en,2026,5,10|rent:🐾:%a:%d
insight	||1000,50,,en,2025,11,31|
insight	exp~food~100~2026~5~11~c1^exp~rent~25.5~2026~0~1~_^exp~zz~0~2026~5~11~c1^exp~2~-5~2025~11~31~_^exp~2~-5~2026~5~11~c1^inc~10~1~2026~5~11~a1^exp~food~0.5~2026~5~11~_||-100,1000,2:10;%a:0;trans:nan,zh,2026,5,11|
insight	exp~2~0.5~2025~11~31~_^xfer~2~100~2026~5~10~c1^exp~%a~0~2026~1~28~c1^exp~2~0~2025~11~31~c1^exp~rent~0.5~2025~11~31~c1^exp~2~100~2025~11~31~c1^inc~10~1~2025~11~31~c1||120,0,zz:10;10:10;%a:nan;trans:0,en,2025,11,31|
insight	exp~2~33.33~2026~0~1~c1^exp~2~0~2026~0~1~_||0,50,,en,2026,0,1|zz:🐾:%a:%d
credit	exp~trans~25.5~2026~1~28~a1^inc~2~nan~2026~1~28~c1^exp~rent~-5~2026~1~28~c1^inc~shop~1~2026~1~28~_^exp~rent~-5~2026~1~28~c1|c1~卡c1~_~credit~-100~10~20^c2~卡c2~~credit~100~25~10|0,nan,shop:0;%a:10,en,2026,1,28|
insight	exp~%a~10~2026~0~1~c1^xfer~10~0~2026~5~25~_^xfer~food~100~2026~0~1~a1^exp~trans~33.33~2026~0~1~a1||100,50,trans:-1,en,2026,0,1|
credit	exp~food~0~2026~1~28~a1^inc~rent~10~2026~1~28~a1^exp~10~0.5~2026~1~28~a1^exp~rent~-5~2026~5~25~_^xfer~trans~-5~2025~11~31~c1^inc~trans~25.5~2026~1~28~c1^exp~%a~-5~2026~5~11~a1^exp~rent~10~2025~11~31~c1|c1~卡c1~Card c1~credit~0~25~25^c2~卡c2~Card c2~credit~100~25~10|_,_,,zh,2026,1,28|
insight	exp~shop~-5~2026~0~1~a1^exp~trans~0.5~2025~11~31~c1^xfer~shop~-5~2026~5~10~c1^exp~%a~nan~2025~11~31~a1^xfer~2~100~2026~5~25~_^exp~10~0.5~2025~11~31~_||nan,20,,en,2025,11,31|
insight	inc~%a~0.5~2026~5~25~c1^xfer~2~33.33~2026~5~11~c1||nan,20,,en,2026,5,25|
insight	exp~2~10~2026~0~1~a1||_,_,trans:30,en,2026,0,1|trans:🐾:%a:%a
insight	xfer~food~25.5~2026~1~28~a1^exp~%a~25.5~2026~5~11~_^inc~food~0.5~2026~5~11~a1^exp~shop~1~2026~1~28~a1^exp~shop~-5~2026~1~28~_^exp~zz~33.33~2026~5~25~c1^exp~2~0.5~2026~1~28~c1^inc~food~0.5~2026~1~28~a1||100,nan,zz:-1,en,2026,1,28|2:🐾:自定义:%a
insight	exp~zz~-5~2026~1~28~a1^xfer~2~-5~2026~5~10~a1||0,nan,food:nan;2:-1;10:0,zh,2026,1,28|
insight	exp~food~0.5~2025~11~31~_^exp~shop~25.5~2026~1~28~a1||_,_,shop:30;trans:100;%a:100,zh,2026,1,28|10:🐾:自定义:%d
insight	||nan,_,,en,2026,5,25|
insight	xfer~trans~0.5~2026~1~28~a1^inc~rent~10~2026~1~28~c1^exp~trans~0~2026~5~10~c1||_,0,shop:0,zh,2026,1,28|
insight	exp~2~-5~2026~5~25~a1||100,20,10:0;%a:30,en,2026,0,1|
credit	inc~trans~10~2025~11~31~_^exp~%a~0~2025~11~31~a1^inc~food~0.5~2026~5~11~_^xfer~zz~-5~2026~5~10~_^exp~10~nan~2025~11~31~c1|c1~卡c1~Card c1~credit~100~25~10|-100,50,,en,2025,11,31|trans:🐾:自定义:%a
credit	exp~trans~100~2026~5~11~c1|c1~卡c1~~credit~100~10~_^c2~卡c2~Card c2~credit~100~25~25|_,20,10:30;zz:0;%a:100;food:1,zh,2026,0,1|
insight	exp~zz~-5~2026~5~11~_^exp~zz~33.33~2026~5~11~a1^exp~%a~1~2026~5~11~_^exp~food~-5~2026~5~11~a1^exp~%a~33.33~2026~5~11~_^inc~10~0.5~2026~5~11~c1^exp~rent~-5~2025~11~31~a1||120,50,trans:-1;rent:nan;food:10,en,2026,5,11|
insight	exp~trans~33.33~2026~5~25~a1^xfer~food~0.5~2026~5~11~a1^exp~2~0~2026~5~25~_^inc~food~0.5~2026~5~11~a1^exp~%a~33.33~2026~5~25~_||0,0,trans:10;zz:nan;food:1;shop:30,en,2026,5,11|trans:🐾:%b:%a
insight	exp~shop~nan~2026~0~1~a1^exp~rent~nan~2026~5~11~c1^exp~zz~-5~2026~5~25~c1||_,nan,trans:-1;zz:nan;shop:1,en,2026,0,1|
insight	exp~trans~0.5~2026~5~11~a1^exp~rent~nan~2026~5~11~a1^exp~zz~0~2026~5~25~c1^exp~rent~100~2026~0~1~c1^exp~food~33.33~2026~1~28~_^exp~food~33.33~2026~5~11~c1^exp~food~1~2026~5~11~c1^inc~trans~0~2026~5~11~c1||100,1000,10:1;shop:1,zh,2026,5,11|%a:🐾:%a:%d
insight	||nan,20,rent:10;shop:30;zz:100,zh,2026,5,25|
insight	||100,0,zz:10,zh,2026,0,1|
credit	|c1~卡c1~Card c1~credit~100~10~25^c2~卡c2~Card c2~credit~0~25~10|1000,1000,10:-1;zz:100;%a:100,zh,2025,11,31|
insight	exp~shop~0.5~2026~1~28~_^exp~trans~10~2026~0~1~c1^exp~food~0.5~2026~1~28~_^exp~shop~10~2026~1~28~a1^xfer~zz~33.33~2026~1~28~a1^xfer~%a~10~2026~1~28~_||-100,50,shop:10,zh,2026,1,28|2:🐾:自定义:Custom
insight	exp~2~1~2026~5~11~_^exp~food~nan~2026~5~11~a1||-100,20,%a:-1,zh,2026,5,11|trans:🐾:自定义:%d
insight	exp~zz~100~2026~5~25~a1^xfer~zz~25.5~2025~11~31~a1^exp~trans~33.33~2025~11~31~a1||nan,20,shop:100;food:nan;trans:10;2:0,zh,2025,11,31|
insight	exp~10~100~2025~11~31~_^inc~food~-5~2026~5~11~_^xfer~food~100~2026~5~10~c1^exp~zz~0~2026~5~11~_^xfer~rent~nan~2026~5~11~_||-100,50,10:0;2:1,en,2026,5,11|
insight	exp~10~33.33~2026~1~28~a1^inc~10~0.5~2026~1~28~a1^xfer~trans~-5~2026~1~28~c1^exp~2~100~2026~5~10~a1^exp~%a~0.5~2026~1~28~c1||nan,1000,%a:-1;shop:0;10:nan,en,2026,1,28|
insight	inc~rent~10~2026~1~28~c1^exp~zz~0.5~2026~5~10~_^exp~%a~10~2026~1~28~_^xfer~shop~10~2026~0~1~_^exp~rent~10~2026~1~28~c1^exp~2~1~2026~1~28~_^exp~2~25.5~2026~1~28~a1||1000,50,trans:10;rent:30;food:-1,zh,2026,1,28|
insight	inc~10~25.5~2026~5~10~c1^inc~2~nan~2025~11~31~_^exp~rent~0~2026~0~1~a1^exp~2~1~2026~5~11~a1^inc~rent~10~2026~5~25~a1^xfer~trans~25.5~2025~11~31~a1||-100,1000,trans:0;%a:10;shop:10;2:0,zh,2026,5,25|
insight	||-100,20,2:nan;shop:nan;food:1,zh,2026,1,28|
insight	xfer~10~0~2026~0~1~c1^exp~2~nan~2026~0~1~_^exp~trans~25.5~2026~0~1~a1^exp~%a~25.5~2026~0~1~c1^exp~trans~1~2025~11~31~_||1000,50,trans:0;shop:1,zh,2026,0,1|
credit	inc~2~25.5~2025~11~31~_^exp~food~10~2025~11~31~c1^exp~zz~33.33~2025~11~31~c1|c1~卡c1~_~credit~0~10~_|120,_,shop:nan;10:1;food:nan,en,2025,11,31|
credit	exp~2~25.5~2026~5~25~_^xfer~rent~0.5~2026~0~1~_^xfer~10~0.5~2026~0~1~_^exp~shop~33.33~2026~1~28~a1|c1~卡c1~_~credit~-100~10~10|1000,20,,en,2026,0,1|
insight	xfer~2~0~2026~5~25~a1^exp~shop~nan~2026~5~10~c1^exp~zz~25.5~2026~5~25~a1^exp~2~1~2026~5~25~_||1000,50,2:100,en,2026,5,25|
insight	xfer~zz~33.33~2026~0~1~_^exp~zz~nan~2025~11~31~a1^exp~rent~100~2026~0~1~_^inc~%a~100~2026~0~1~c1^exp~trans~33.33~2026~0~1~a1^exp~shop~10~2026~0~1~a1||120,nan,10:30;zz:1;2:nan,en,2026,0,1|
credit	inc~10~33.33~2026~5~11~c1^exp~10~0~2026~0~1~c1^exp~%a~1~2026~5~11~c1|c1~卡c1~Card c1~credit~0~25~_|100,20,food:1;%a:10;shop:10,en,2026,5,11|
insight	exp~trans~25.5~2026~5~10~a1^exp~2~25.5~2026~5~10~_^inc~food~0~2026~5~10~c1^inc~zz~0.5~2026~5~10~a1^exp~2~0~2026~0~1~c1^exp~rent~0.5~2026~5~10~a1^inc~10~10~2026~5~10~a1||120,50,%a:100;trans:30,en,2026,5,10|%a:🐾:%a:Custom
insight	exp~trans~-5~2026~0~1~_^exp~food~1~2026~5~11~_||1000,50,shop:0;%a:30;2:nan;trans:10,en,2026,0,1|shop:🐾:自定义:Custom
insight	exp~2~25.5~2026~1~28~c1^inc~10~1~2026~1~28~c1^exp~trans~1~2025~11~31~_^exp~zz~33.33~2026~1~28~_^exp~food~-5~2026~1~28~a1||120,50,2:100;zz:nan,en,2026,1,28|rent:🐾:自定义:%d
credit	inc~2~10~2026~5~25~a1|c1~卡c1~_~credit~100~15~20|0,_,10:10,zh,2026,0,1|
insight	||-100,0,%a:10,en,2026,5,10|
insight	xfer~2~nan~2026~5~10~a1^inc~10~-5~2026~5~10~a1^inc~rent~-5~2026~5~10~_^exp~shop~nan~2026~5~10~a1^exp~rent~nan~2026~5~10~a1||-100,1000,2:nan;trans:1;%a:-1,en,2026,5,10|food:🐾:%b:Custom
credit	exp~rent~-5~2025~11~31~c1^exp~trans~25.5~2025~11~31~_^exp~rent~0~2026~1~28~_^exp~shop~0~2025~11~31~_^exp~shop~33.33~2025~11~31~_^inc~food~nan~2026~0~1~_^exp~2~33.33~2025~11~31~c1^exp~%a~33.33~2025~11~31~a1|c1~卡c1~~credit~-100~25~_^c2~卡c2~~credit~0~15~10|_,20,,zh,2025,11,31|
credit	inc~2~nan~2026~5~10~c1^exp~trans~0~2026~0~1~_^exp~zz~100~2026~5~11~_|c1~卡c1~_~credit~0~10~_|120,nan,,en,2026,0,1|
insight	exp~rent~33.33~2026~0~1~c1^exp~shop~-5~2026~5~10~a1^exp~10~100~2026~5~10~a1^exp~trans~33.33~2026~5~10~a1^inc~10~1~2026~5~11~c1||nan,_,trans:-1;food:30;2:0,zh,2026,5,10|
insight	exp~2~nan~2026~0~1~_^xfer~trans~nan~2026~5~25~a1^inc~trans~100~2026~5~25~_^exp~food~33.33~2026~5~25~_^exp~shop~0.5~2026~5~25~c1||_,50,trans:nan;shop:100,en,2026,5,25|
insight	exp~2~100~2026~5~11~_||1000,_,2:0;trans:100;shop:100,en,2026,5,11|zz:🐾:%b:%a
credit	|c1~卡c1~~credit~100~10~20^c2~卡c2~Card c2~credit~-100~10~25|_,nan,%a:nan;2:-1,zh,2025,11,31|
insight	inc~rent~nan~2026~0~1~_^exp~zz~1~2026~5~11~a1^xfer~food~0.5~2026~5~25~_||nan,50,rent:10;zz:100,zh,2026,5,11|zz:🐾:%b:%d
insight	exp~rent~0~2026~5~11~_^exp~trans~0~2026~0~1~a1^xfer~rent~0.5~2026~5~11~c1^xfer~shop~33.33~2026~5~25~c1||nan,_,rent:-1;%a:1,en,2026,5,11|10:🐾:%a:%d
credit	|c1~卡c1~Card c1~credit~0~25~20^c2~卡c2~~credit~-100~15~10|120,_,rent:nan;10:10,zh,2026,0,1|food:🐾:自定义:Custom
insight	exp~10~1~2025~11~31~_||100,_,10:0,en,2026,0,1|
insight	||_,0,10:10;%a:nan;2:nan,zh,2026,5,11|
insight	exp~%a~1~2026~1~28~c1^exp~trans~nan~2026~0~1~_^exp~food~10~2026~5~25~_^exp~food~0~2026~1~28~_||1000,50,rent:0;zz:nan;shop:100,zh,2026,1,28|
credit	exp~2~0~2026~5~25~c1^inc~2~10~2025~11~31~c1|c1~卡c1~~credit~100~15~_|-100,20,trans:1;10:10;2:30;zz:1,zh,2025,11,31|trans:🐾:%a:%d
credit	xfer~%a~nan~2026~5~11~_|c1~卡c1~_~credit~0~25~10^c2~卡c2~Card c2~credit~100~15~_|0,0,10:30;shop:10;trans:-1;zz:100,zh,2026,5,25|
insight	exp~rent~100~2026~0~1~c1^exp~rent~nan~2026~1~28~c1^exp~2~-5~2026~5~11~_^exp~zz~100~2026~5~11~c1^exp~2~25.5~2026~5~11~a1^exp~zz~nan~2026~5~11~a1^xfer~shop~25.5~2026~5~11~_^exp~rent~nan~2026~5~11~c1||_,0,,zh,2026,5,11|
credit	inc~shop~nan~2026~1~28~_|c1~卡c1~_~credit~-100~25~20|_,20,,en,2026,5,25|shop:🐾:自定义:Custom
insight	exp~2~100~2026~5~25~_^exp~food~nan~2026~5~25~_^exp~trans~nan~2026~5~10~_^xfer~10~0.5~2026~1~28~_^exp~2~100~2026~1~28~_^exp~2~25.5~2026~1~28~c1||0,0,rent:30,zh,2026,1,28|2:🐾:自定义:%d
insight	exp~trans~nan~2025~11~31~c1^exp~food~0~2025~11~31~c1^exp~shop~100~2025~11~31~c1^exp~2~0.5~2025~11~31~_^exp~trans~nan~2026~5~10~a1||1000,0,2:30;zz:nan;food:0,zh,2025,11,31|trans:🐾:%b:%a
insight	exp~zz~100~2025~11~31~c1^exp~shop~25.5~2026~5~25~c1^exp~shop~0~2025~11~31~_^inc~food~25.5~2025~11~31~a1||120,20,shop:0;10:100,en,2025,11,31|
insight	exp~10~10~2026~5~25~_^xfer~rent~-5~2025~11~31~_^exp~food~0~2025~11~31~_^exp~2~0~2026~5~25~a1^xfer~zz~1~2025~11~31~c1||0,20,food:1;2:100;rent:0;%a:30,en,2025,11,31|
credit	xfer~10~33.33~2025~11~31~c1^exp~trans~0.5~2025~11~31~_^exp~2~-5~2026~5~25~a1|c1~卡c1~~credit~100~10~20|_,_,rent:1;%a:10;zz:100,zh,2025,11,31|
insight	exp~%a~0.5~2026~0~1~c1^inc~food~10~2026~0~1~a1^exp~10~0~2026~0~1~c1^exp~trans~10~2026~0~1~_^exp~food~0~2026~0~1~c1||1000,50,10:nan;2:0,zh,2026,0,1|
insight	inc~trans~0.5~2025~11~31~a1^exp~rent~33.33~2026~5~11~_^inc~trans~1~2026~1~28~c1||nan,50,rent:1,en,2025,11,31|
credit	inc~food~nan~2025~11~31~_^exp~food~33.33~2026~0~1~_^exp~zz~100~2026~0~1~_^exp~%a~33.33~2025~11~31~c1^xfer~%a~33.33~2026~0~1~c1^exp~rent~nan~2026~0~1~a1|c1~卡c1~Card c1~credit~-100~15~25^c2~卡c2~_~credit~0~15~10|_,1000,food:nan;trans:-1;rent:10;shop:nan,zh,2026,0,1|
insight	inc~2~33.33~2025~11~31~c1^exp~2~33.33~2026~1~28~c1^xfer~rent~-5~2026~5~25~a1^exp~%a~100~2026~1~28~_||100,nan,10:nan,en,2026,1,28|
insight	exp~2~-5~2026~5~25~a1^exp~10~25.5~2026~5~11~c1^inc~10~100~2026~5~11~a1^inc~shop~nan~2026~5~11~_^inc~%a~33.33~2026~5~11~_^exp~10~10~2026~5~11~a1^xfer~shop~100~2026~5~11~c1||nan,0,,en,2026,5,11|2:🐾:%b:Custom
insight	exp~food~0~2026~5~25~_||-100,50,%a:0;2:0;10:-1;food:30,zh,2026,5,25|
credit	exp~trans~1~2026~5~10~a1^exp~shop~0~2026~5~10~a1^inc~2~-5~2026~5~10~_|c1~卡c1~Card c1~credit~-100~15~_|nan,50,10:nan;2:0;rent:nan;trans:1,en,2026,5,10|
credit	exp~2~nan~2025~11~31~c1^inc~2~25.5~2025~11~31~a1^exp~2~25.5~2025~11~31~a1^exp~shop~100~2025~11~31~a1^exp~zz~100~2025~11~31~_^exp~%a~-5~2026~5~10~_^exp~%a~nan~2026~0~1~_^exp~zz~-5~2025~11~31~c1|c1~卡c1~_~credit~-100~15~10|100,1000,rent:10;10:100,zh,2025,11,31|
credit	exp~trans~nan~2026~0~1~c1^exp~trans~nan~2026~0~1~_^exp~shop~25.5~2026~0~1~_|c1~卡c1~Card c1~credit~0~15~_^c2~卡c2~Card c2~credit~100~10~_|_,20,food:30;%a:nan;2:nan,en,2026,0,1|
insight	exp~shop~25.5~2026~5~10~a1^exp~2~10~2026~5~10~c1^inc~2~10~2026~5~10~_||nan,0,2:-1,en,2026,5,10|
insight	exp~%a~-5~2026~5~25~a1^xfer~%a~25.5~2026~5~25~a1^exp~shop~33.33~2026~5~25~c1||0,20,,zh,2026,5,25|%a:🐾:%a:Custom
insight	||_,20,zz:nan;rent:10;2:100,en,2026,5,25|2:🐾:%a:%a
insight	exp~food~0~2026~5~25~_^exp~food~25.5~2026~0~1~c1^exp~10~0~2025~11~31~a1||-100,nan,10:0,en,2025,11,31|
insight	exp~2~10~2026~0~1~c1^exp~shop~33.33~2026~1~28~a1^inc~%a~1~2026~5~11~a1^exp~%a~100~2025~11~31~a1||0,20,10:10;shop:nan,en,2026,1,28|
insight	inc~zz~25.5~2026~5~11~a1^exp~shop~33.33~2025~11~31~_^exp~food~0~2026~5~11~_^xfer~rent~25.5~2026~5~25~_||120,_,10:-1,zh,2026,5,11|
insight	exp~%a~1~2026~5~11~c1^exp~10~33.33~2026~5~11~_^exp~zz~-5~2026~5~11~c1^exp~%a~10~2026~5~11~a1^exp~trans~0.5~2026~5~11~a1^exp~%a~-5~2026~5~11~a1^exp~2~33.33~2026~5~11~c1^inc~shop~nan~2026~5~11~_||0,nan,food:100;rent:nan;10:100;shop:100,zh,2026,5,11|
insight	exp~zz~1~2026~5~11~a1^inc~%a~25.5~2026~1~28~a1^xfer~%a~0.5~2026~1~28~c1^xfer~shop~25.5~2026~1~28~_||0,0,2:nan;trans:100,zh,2026,1,28|
insight	exp~food~-5~2026~0~1~a1^exp~trans~0.5~2025~11~31~c1^exp~zz~-5~2026~0~1~a1^inc~trans~25.5~2026~0~1~_||_,20,%a:30;zz:nan;rent:10,en,2026,0,1|trans:🐾:%a:%d
insight	exp~shop~33.33~2026~5~11~_^exp~food~33.33~2026~1~28~a1^inc~%a~10~2026~0~1~_^exp~zz~25.5~2026~1~28~c1^xfer~10~1~2026~1~28~a1^exp~%a~100~2026~5~11~_^exp~10~10~2026~1~28~a1||nan,1000,10:30;2:nan;rent:0,zh,2026,1,28|trans:🐾:%b:%a
insight	exp~shop~1~2026~1~28~c1^exp~2~25.5~2026~5~25~c1^xfer~10~-5~2026~5~10~c1^exp~shop~33.33~2026~0~1~a1^exp~shop~-5~2026~5~10~a1^inc~%a~0~2026~5~10~c1^exp~10~100~2026~5~10~_||1000,20,zz:0;%a:1;shop:0,en,2026,5,10|rent:🐾:自定义:%a
credit	exp~shop~33.33~2026~0~1~c1^exp~%a~10~2026~1~28~c1^exp~2~0.5~2026~0~1~c1|c1~卡c1~Card c1~credit~0~25~_|100,1000,%a:0;rent:10;shop:-1,en,2026,0,1|trans:🐾:%a:Custom
insight	inc~rent~nan~2026~0~1~_^exp~food~0~2025~11~31~c1^inc~10~100~2026~1~28~_^xfer~zz~nan~2025~11~31~_^exp~trans~1~2025~11~31~_||1000,0,%a:nan;shop:0;2:nan,zh,2025,11,31|
insight	exp~%a~100~2026~5~25~c1^exp~10~25.5~2026~5~25~c1^exp~shop~-5~2026~5~11~a1^exp~rent~100~2025~11~31~_^exp~10~0.5~2026~5~25~a1||0,50,,zh,2026,5,25|
insight	||100,_,food:-1;rent:nan;%a:10,zh,2025,11,31|
insight	exp~%a~25.5~2025~11~31~c1^xfer~zz~33.33~2026~5~11~c1^exp~%a~10~2026~5~11~a1||0,20,,zh,2026,5,11|
insight	inc~trans~10~2026~1~28~_^xfer~food~nan~2026~5~25~c1^exp~trans~100~2026~5~25~a1^exp~shop~33.33~2025~11~31~a1^exp~10~25.5~2026~5~25~a1^exp~%a~1~2026~5~11~a1^exp~shop~nan~2026~5~25~_^exp~trans~-5~2026~5~25~c1||0,50,%a:10;food:-1;trans:1;2:30,en,2026,5,25|
insight	exp~2~100~2026~5~25~_^inc~2~10~2026~5~25~a1^exp~10~33.33~2026~5~25~c1^xfer~shop~-5~2026~5~25~a1||100,50,trans:nan;%a:30;10:nan;zz:nan,en,2026,5,25|
insight	exp~%a~-5~2026~1~28~_^inc~zz~25.5~2025~11~31~a1^inc~food~0~2026~5~10~c1^exp~food~0~2026~1~28~a1^xfer~food~0.5~2026~5~10~c1||_,1000,%a:nan;rent:nan;shop:-1;10:0,en,2026,5,10|
insight	exp~10~-5~2025~11~31~_^xfer~rent~nan~2026~1~28~c1^exp~rent~-5~2026~1~28~c1^exp~food~33.33~2026~1~28~a1^exp~shop~0~2026~5~11~c1^inc~trans~25.5~2026~0~1~_^xfer~zz~10~2026~1~28~c1||-100,nan,food:1;2:0;%a:-1,en,2026,1,28|zz:🐾:%b:Custom
insight	exp~%a~33.33~2026~0~1~_^exp~%a~-5~2025~11~31~c1^exp~shop~-5~2025~11~31~_^inc~shop~0~2025~11~31~c1||120,nan,food:100,zh,2025,11,31|
credit	|c1~卡c1~_~credit~0~10~20^c2~卡c2~Card c2~credit~0~25~_|-100,0,,en,2026,5,11|zz:🐾:%b:%d
insight	inc~shop~-5~2026~5~10~c1^xfer~2~1~2025~11~31~a1^exp~%a~1~2026~5~11~c1^xfer~food~100~2026~5~10~_^exp~%a~1~2026~5~10~a1^inc~food~nan~2026~5~10~c1||120,20,%a:100,en,2026,5,10|10:🐾:%a:Custom
credit	|c1~卡c1~_~credit~-100~15~20|0,0,shop:100;10:30;zz:1;%a:1,en,2026,5,25|
credit	xfer~%a~10~2026~1~28~_|c1~卡c1~~credit~0~25~25|100,nan,trans:30;shop:100;zz:-1;%a:100,zh,2026,1,28|
insight	exp~food~10~2026~5~10~a1^xfer~shop~100~2026~5~10~_^xfer~zz~nan~2026~0~1~a1||nan,50,2:100;trans:0,zh,2026,5,10|rent:🐾:%a:%d
insight	exp~zz~nan~2026~5~11~c1^exp~%a~25.5~2026~5~11~c1^exp~shop~33.33~2026~0~1~a1^exp~10~33.33~2026~5~11~_^exp~trans~10~2026~5~11~c1||_,1000,,en,2026,5,11|
credit	exp~rent~-5~2026~1~28~c1|c1~卡c1~~credit~0~15~20^c2~卡c2~~credit~0~15~25|1000,1000,rent:100;10:0;zz:1,en,2025,11,31|
insight	exp~zz~1~2025~11~31~c1^exp~%a~0.5~2025~11~31~a1^xfer~shop~10~2026~1~28~c1^exp~rent~0.5~2026~5~10~a1||120,_,food:1;%a:1,zh,2025,11,31|
insight	inc~food~nan~2026~5~10~a1^exp~10~-5~2026~0~1~_^inc~10~100~2026~5~10~c1||120,50,2:10;%a:30,en,2026,5,10|
credit	inc~trans~10~2026~0~1~_|c1~卡c1~Card c1~credit~0~25~25|-100,nan,,zh,2026,0,1|
insight	exp~trans~25.5~2026~1~28~_^exp~2~33.33~2025~11~31~_^exp~2~0.5~2026~5~11~a1^exp~10~-5~2026~1~28~a1^exp~shop~25.5~2026~1~28~_||nan,20,food:0;trans:0,en,2026,1,28|
insight	exp~trans~10~2026~1~28~c1^exp~2~nan~2026~5~10~_^xfer~rent~33.33~2026~5~11~c1^exp~10~nan~2025~11~31~a1^exp~2~25.5~2025~11~31~c1^exp~food~10~2025~11~31~_||120,nan,shop:10;trans:10;%a:1;10:100,zh,2025,11,31|
insight	exp~trans~25.5~2026~0~1~a1^xfer~rent~0.5~2026~0~1~_^exp~2~0.5~2026~5~25~c1||1000,0,,zh,2026,0,1|
insight	||100,nan,2:100;10:10;%a:30,zh,2026,5,11|
credit	exp~trans~-5~2026~5~11~_|c1~卡c1~_~credit~-100~25~25|120,20,shop:30;zz:1;trans:nan;%a:30,zh,2026,5,11|
insight	||_,50,rent:30,en,2026,5,25|
insight	exp~%a~nan~2026~0~1~a1^xfer~shop~1~2026~0~1~_^xfer~2~nan~2025~11~31~_^exp~food~25.5~2026~5~11~_^exp~food~0~2026~5~11~_^xfer~zz~10~2026~5~25~a1||-100,0,,zh,2026,5,11|
insight	xfer~food~1~2026~5~11~c1||100,50,trans:nan,en,2026,1,28|
insight	xfer~trans~0~2026~5~11~c1||120,1000,trans:30;10:10,zh,2026,1,28|
insight	inc~%a~100~2026~5~25~_^exp~shop~10~2026~1~28~c1^exp~trans~33.33~2026~5~25~c1^exp~10~25.5~2026~5~10~c1||100,50,shop:10;zz:nan;rent:10,en,2026,1,28|
insight	exp~%a~25.5~2025~11~31~a1^exp~2~1~2025~11~31~_||nan,_,,en,2025,11,31|trans:🐾:%a:%d
insight	exp~shop~100~2026~5~10~c1^exp~shop~25.5~2026~5~10~_^exp~trans~33.33~2026~5~25~_^exp~rent~10~2026~5~10~a1^exp~%a~0.5~2026~5~10~_^exp~trans~100~2026~5~10~c1^exp~10~0.5~2026~5~10~c1^xfer~rent~25.5~2026~5~10~_||-100,0,%a:-1;10:nan;shop:0;food:1,en,2026,5,10|
credit	exp~2~1~2025~11~31~a1^exp~trans~10~2026~0~1~c1^exp~rent~0~2025~11~31~_|c1~卡c1~Card c1~credit~-100~10~_|120,50,%a:-1,en,2025,11,31|%a:🐾:%b:%a
insight	exp~10~-5~2026~5~25~a1^exp~2~100~2026~5~25~a1^exp~shop~0~2025~11~31~c1^xfer~%a~0.5~2026~5~25~a1^exp~2~33.33~2026~5~25~c1^xfer~2~0.5~2026~5~25~c1^exp~trans~1~2026~5~25~c1||0,nan,food:0;zz:30;10:30;%a:100,zh,2026,5,25|
insight	exp~10~33.33~2026~0~1~c1^exp~trans~1~2026~5~10~_||0,nan,2:nan;food:-1,en,2026,5,10|trans:🐾:自定义:%a
insight	exp~10~33.33~2026~1~28~_^xfer~food~0~2026~1~28~c1^exp~zz~1~2025~11~31~a1||-100,nan,,zh,2025,11,31|
insight	exp~zz~0.5~2026~0~1~a1||-100,50,rent:30;zz:30;%a:10;shop:10,zh,2026,0,1|
insight	inc~%a~0~2025~11~31~_^exp~10~-5~2025~11~31~c1^exp~trans~-5~2025~11~31~c1||_,1000,trans:nan;shop:1;zz:1;food:10,zh,2025,11,31|
insight	exp~rent~nan~2026~5~11~c1^exp~trans~10~2026~5~11~_^exp~trans~0~2026~5~11~_||120,_,%a:1;zz:1;2:100;food:nan,en,2026,5,11|
insight	exp~2~1~2026~5~25~_^exp~shop~10~2025~11~31~c1^inc~trans~25.5~2026~1~28~c1^exp~trans~33.33~2026~0~1~c1^inc~trans~1~2026~5~25~_^xfer~zz~100~2026~1~28~_||100,50,trans:nan,en,2026,5,25|
insight	exp~%a~100~2026~5~25~a1^exp~food~0.5~2026~5~25~c1^inc~food~0.5~2026~5~25~c1^exp~%a~0~2026~5~25~_^exp~10~0.5~2026~5~25~c1||1000,20,,zh,2026,5,25|
insight	inc~%a~33.33~2025~11~31~_^exp~trans~100~2026~5~10~_^exp~trans~0~2026~5~10~a1||_,nan,,en,2026,5,10|
insight	xfer~shop~-5~2026~5~25~_^exp~rent~33.33~2025~11~31~_^inc~2~0~2026~5~11~a1||nan,0,food:nan;2:100,zh,2025,11,31|
insight	exp~rent~25.5~2026~5~11~_^exp~trans~0.5~2026~5~11~c1^exp~%a~nan~2026~5~11~_^xfer~rent~25.5~2026~5~25~_||100,nan,2:nan;zz:nan,en,2026,5,11|
insight	exp~10~-5~2026~5~10~a1^exp~shop~25.5~2026~5~10~c1^exp~2~0.5~2026~5~10~c1^xfer~10~-5~2026~5~10~a1^xfer~zz~1~2026~0~1~a1^xfer~trans~33.33~2026~5~10~c1^exp~2~100~2026~5~25~c1||-100,nan,trans:30;food:nan;10:nan,en,2026,5,10|
insight	exp~food~0.5~2026~1~28~c1^exp~10~nan~2026~5~11~a1||1000,1000,2:30,en,2026,5,11|
insight	||_,50,food:-1;%a:10,zh,2025,11,31|
insight	xfer~shop~0~2026~5~11~a1^exp~food~0~2026~5~11~a1^exp~zz~10~2026~5~25~_^inc~rent~33.33~2026~1~28~c1^exp~10~33.33~2026~5~11~a1^exp~10~1~2026~5~11~a1^exp~2~33.33~2026~0~1~_^exp~%a~nan~2026~5~11~a1||-100,20,,zh,2026,5,11|
insight	exp~trans~25.5~2026~0~1~c1^exp~shop~33.33~2026~0~1~c1^exp~10~1~2026~0~1~a1^inc~shop~100~2026~0~1~c1^inc~shop~-5~2026~0~1~_^exp~zz~0~2026~0~1~c1^xfer~%a~25.5~2025~11~31~_||_,1000,shop:0;%a:100,en,2026,0,1|
credit	exp~zz~1~2026~5~25~a1^exp~trans~1~2025~11~31~_^exp~zz~1~2025~11~31~_^exp~shop~nan~2026~1~28~_^exp~food~nan~2026~5~10~_|c1~卡c1~_~credit~-100~10~10^c2~卡c2~~credit~100~10~25|-100,0,zz:-1,en,2025,11,31|
insight	inc~rent~33.33~2026~0~1~c1^exp~%a~100~2026~0~1~c1^inc~rent~25.5~2026~5~25~c1||120,nan,%a:1;rent:0;food:0;trans:1,en,2026,0,1|
insight	exp~%a~1~2026~5~11~c1^exp~zz~nan~2026~0~1~c1^inc~food~nan~2026~0~1~_^exp~%a~10~2026~0~1~c1||0,1000,10:-1;2:0;food:nan,zh,2026,0,1|
insight	xfer~rent~0.5~2026~1~28~_^inc~10~1~2025~11~31~c1^inc~shop~0.5~2026~1~28~a1||-100,20,food:100;trans:nan,en,2026,1,28|
credit	inc~10~100~2025~11~31~c1^xfer~2~25.5~2026~0~1~_^exp~trans~10~2026~1~28~a1^inc~food~25.5~2026~1~28~c1^exp~zz~33.33~2026~1~28~_^exp~2~nan~2026~1~28~_^exp~%a~10~2026~1~28~a1^exp~shop~-5~2026~1~28~a1|c1~卡c1~Card c1~credit~100~15~_|_,0,,en,2026,1,28|trans:🐾:%a:%d
insight	exp~zz~100~2026~0~1~a1^exp~trans~nan~2026~5~11~a1^xfer~shop~nan~2026~5~11~a1^exp~10~10~2026~5~25~c1||-100,_,rent:100,zh,2026,5,11|
insight	exp~shop~1~2026~1~28~a1||-100,0,trans:10;%a:1;shop:30,zh,2025,11,31|rent:🐾:自定义:%a
insight	xfer~shop~0~2026~1~28~a1^inc~2~nan~2026~1~28~c1^exp~shop~0~2026~1~28~a1^exp~10~1~2026~1~28~_||0,50,trans:1;%a:100,en,2026,1,28|
insight	exp~10~nan~2026~0~1~a1^exp~food~10~2026~0~1~_^exp~2~0.5~2026~5~11~a1^exp~food~25.5~2026~5~11~_||100,_,%a:-1;2:100;zz:0,en,2026,0,1|
credit	inc~rent~1~2025~11~31~a1^exp~%a~0.5~2026~5~10~_^exp~10~100~2026~0~1~c1|c1~卡c1~~credit~100~10~25^c2~卡c2~Card c2~credit~-100~25~_|nan,nan,,zh,2025,11,31|
insight	exp~%a~1~2026~1~28~a1^xfer~%a~0.5~2026~5~25~_^exp~%a~0~2026~5~25~_^xfer~rent~25.5~2026~5~25~_^xfer~rent~-5~2025~11~31~_^exp~%a~0.5~2026~5~25~_^exp~food~100~2026~5~25~_||_,_,2:-1;zz:10;10:-1;food:30,en,2026,5,25|
insight	xfer~shop~-5~2026~0~1~c1^exp~10~-5~2026~0~1~_^exp~rent~100~2026~0~1~a1^xfer~%a~0.5~2026~0~1~_^exp~shop~33.33~2026~1~28~_^exp~%a~100~2026~5~11~c1||0,20,2:1;10:100;rent:-1,zh,2026,0,1|
insight	||100,50,food:-1;10:nan;%a:-1,en,2026,5,25|
insight	exp~10~10~2026~1~28~c1^exp~2~1~2026~1~28~a1^inc~zz~-5~2026~1~28~c1^exp~zz~0.5~2026~5~10~_^exp~2~100~2026~1~28~c1||100,_,trans:nan;shop:1;food:1;%a:0,zh,2026,1,28|
insight	xfer~food~-5~2025~11~31~c1^exp~%a~0.5~2025~11~31~_^exp~trans~-5~2026~0~1~c1^exp~shop~100~2025~11~31~c1^exp~food~0.5~2025~11~31~a1^exp~%a~nan~2025~11~31~_^exp~%a~0.5~2025~11~31~c1||1000,nan,food:-1;2:30;zz:nan;trans:1,zh,2025,11,31|
insight	inc~food~1~2026~5~10~a1^exp~trans~-5~2026~5~11~a1^exp~zz~0.5~2026~5~11~_^inc~trans~1~2026~5~11~c1^exp~shop~0~2026~5~11~a1^exp~rent~-5~2026~5~11~c1^exp~zz~-5~2026~5~11~c1^exp~rent~25.5~2026~5~11~_||1000,20,food:30;shop:nan,zh,2026,5,11|
insight	inc~shop~0.5~2026~0~1~c1^exp~2~10~2026~5~11~c1^exp~trans~25.5~2025~11~31~_^exp~shop~25.5~2026~5~11~_^exp~zz~0~2025~11~31~_^xfer~zz~0~2026~5~11~c1||100,50,2:10;shop:10;rent:100;food:0,en,2026,5,11|zz:🐾:自定义:%d
insight	exp~2~-5~2025~11~31~a1^exp~food~-5~2026~1~28~_^exp~trans~-5~2026~1~28~c1^exp~zz~nan~2026~1~28~a1^exp~rent~10~2026~1~28~a1^xfer~2~nan~2026~1~28~a1||0,20,trans:1;10:30;food:30;shop:-1,en,2026,1,28|
insight	exp~zz~33.33~2026~5~11~_^xfer~zz~0~2026~5~11~_^exp~%a~33.33~2026~5~11~_^exp~%a~25.5~2026~5~11~_^inc~2~33.33~2026~5~11~a1^exp~rent~100~2026~5~11~c1||nan,20,food:1;2:30;%a:nan,zh,2026,5,11|
insight	exp~%a~0~2026~5~10~c1^inc~food~10~2026~5~11~c1^exp~shop~1~2026~0~1~c1^xfer~%a~1~2026~5~10~a1^inc~trans~-5~2026~5~25~a1^exp~food~33.33~2026~5~10~c1^inc~zz~nan~2026~5~10~a1||1000,_,rent:0;food:0,zh,2026,5,10|
credit	exp~2~25.5~2026~5~25~c1^exp~food~0~2026~5~11~a1^xfer~rent~10~2026~5~10~_^inc~food~0~2026~5~25~_^xfer~shop~-5~2026~5~11~c1|c1~卡c1~~credit~-100~15~25^c2~卡c2~Card c2~credit~0~10~20|-100,1000,2:30;shop:100;zz:0;%a:1,en,2026,5,25|
credit	exp~10~10~2025~11~31~a1^exp~%a~0.5~2025~11~31~_^inc~trans~-5~2025~11~31~c1^xfer~rent~0~2026~0~1~_^exp~2~1~2025~11~31~_^inc~10~10~2026~5~11~_^inc~10~nan~2026~5~25~_^inc~rent~33.33~2025~11~31~_|c1~卡c1~~credit~-100~25~_|-100,nan,%a:10;trans:10,en,2025,11,31|2:🐾:%a:Custom
insight	exp~trans~0.5~2026~5~10~_||100,nan,2:nan;10:-1;food:10;zz:30,zh,2026,0,1|
insight	exp~%a~-5~2026~5~11~_^exp~zz~-5~2025~11~31~c1^exp~2~1~2026~5~11~c1^inc~10~0.5~2026~0~1~a1^exp~zz~0~2026~0~1~_||-100,1000,food:nan;zz:0,zh,2026,5,11|rent:🐾:%a:Custom
insight	xfer~shop~100~2025~11~31~a1^xfer~rent~-5~2025~11~31~_^exp~10~100~2026~5~25~a1^xfer~%a~10~2025~11~31~c1^inc~shop~1~2025~11~31~c1||120,_,rent:nan;2:0;food:-1,en,2025,11,31|
insight	exp~2~0~2026~5~11~c1^inc~2~10~2026~1~28~c1||0,1000,10:-1;zz:10,en,2026,1,28|
insight	exp~10~100~2026~5~11~c1||120,20,shop:1;food:10;2:nan;10:30,zh,2026,5,25|
credit	|c1~卡c1~_~credit~-100~15~25|1000,1000,zz:100;trans:30;food:1,en,2026,0,1|
insight	||_,50,,zh,2026,1,28|food:🐾:%a:%d
insight	exp~zz~25.5~2025~11~31~c1^xfer~10~10~2026~5~11~a1^exp~2~1~2026~5~11~a1^exp~10~100~2026~5~11~c1^exp~rent~10~2026~5~11~a1||0,1000,rent:10;10:0;trans:-1;zz:10,en,2026,5,11|
credit	|c1~卡c1~~credit~-100~25~10|1000,0,shop:-1;trans:0;10:nan;zz:100,en,2026,5,10|
insight	exp~shop~0.5~2026~5~10~c1^exp~2~100~2026~5~10~a1^inc~10~0~2026~5~10~c1^exp~shop~100~2026~5~10~a1||100,nan,10:1;2:nan;trans:10;rent:30,en,2026,5,10|
insight	exp~shop~33.33~2026~5~10~_^xfer~%a~10~2025~11~31~a1^exp~food~33.33~2026~0~1~a1||100,nan,food:10;rent:10;%a:10,en,2025,11,31|
credit	xfer~trans~nan~2025~11~31~_^exp~zz~1~2025~11~31~a1^exp~2~10~2025~11~31~c1|c1~卡c1~~credit~-100~15~10|100,20,,en,2025,11,31|
insight	exp~zz~33.33~2026~5~25~c1^exp~10~0~2026~5~25~c1^exp~%a~0.5~2026~5~25~a1^inc~food~100~2026~5~11~_||100,nan,shop:-1;10:1;rent:-1,zh,2026,5,25|trans:🐾:%b:%a
insight	exp~zz~1~2026~5~25~a1^exp~rent~0~2026~5~25~a1^xfer~10~1~2026~5~25~_^xfer~shop~nan~2026~1~28~a1||nan,20,trans:0;shop:0;10:nan,en,2026,5,25|food:🐾:%b:%a
insight	exp~shop~0~2025~11~31~_^exp~rent~100~2025~11~31~c1^exp~10~1~2026~5~25~c1^exp~trans~-5~2025~11~31~_||120,50,food:0;%a:nan,zh,2025,11,31|
insight	xfer~shop~1~2025~11~31~c1||-100,20,zz:10,zh,2025,11,31|
insight	xfer~zz~33.33~2026~5~25~a1^inc~shop~100~2026~5~11~_^exp~%a~10~2026~5~25~a1^exp~trans~33.33~2026~5~25~_^exp~shop~nan~2026~5~25~_||_,0,2:nan;trans:1,en,2026,5,25|
credit	exp~rent~1~2026~5~25~_^exp~10~33.33~2026~5~25~_|c1~卡c1~~credit~100~15~20^c2~卡c2~~credit~-100~15~_|-100,50,%a:10;10:nan,en,2026,5,25|
insight	exp~%a~100~2026~0~1~_^inc~trans~0.5~2026~0~1~c1^exp~zz~100~2026~0~1~_^xfer~10~0.5~2026~0~1~c1^xfer~food~0~2026~0~1~a1||1000,0,zz:1;food:nan,zh,2026,0,1|
credit	exp~zz~-5~2026~1~28~a1^exp~2~1~2026~5~10~_^inc~zz~0.5~2026~1~28~_^exp~shop~100~2026~1~28~_^inc~rent~25.5~2026~1~28~c1|c1~卡c1~~credit~100~10~10|100,_,food:10;zz:100;%a:100;2:0,zh,2026,1,28|
credit	exp~zz~10~2026~5~10~_^exp~zz~1~2026~5~10~c1^exp~shop~0.5~2025~11~31~a1^exp~food~100~2025~11~31~_^exp~shop~nan~2026~5~10~a1^exp~10~10~2026~5~10~c1^exp~trans~-5~2026~1~28~c1|c1~卡c1~~credit~100~10~25^c2~卡c2~Card c2~credit~100~15~_|100,1000,trans:100;2:0;%a:100,zh,2026,5,10|rent:🐾:%b:%a
insight	||-100,20,%a:100,zh,2025,11,31|
insight	exp~zz~-5~2026~1~28~_^exp~10~0.5~2025~11~31~_^exp~shop~100~2026~5~11~c1^xfer~2~0~2025~11~31~a1||1000,0,,en,2026,1,28|
insight	exp~rent~25.5~2026~0~1~_^exp~zz~10~2026~0~1~a1||120,50,10:0;rent:1;trans:100;shop:100,zh,2026,0,1|shop:🐾:%a:%a
insight	exp~rent~0.5~2026~5~10~a1^exp~rent~-5~2026~5~25~a1^exp~rent~-5~2026~5~25~c1^exp~food~0~2026~5~25~a1^exp~trans~1~2025~11~31~a1||nan,_,zz:10;shop:0;10:30,zh,2026,5,25|%a:🐾:%a:%a
credit	exp~rent~100~2026~5~10~c1^exp~rent~nan~2026~5~10~c1^inc~2~0.5~2026~5~10~_^exp~zz~33.33~2026~5~10~_^exp~zz~100~2026~5~25~a1^exp~zz~1~2026~5~10~a1^exp~2~1~2026~5~10~c1^exp~10~-5~2026~5~10~c1|c1~卡c1~~credit~100~15~25^c2~卡c2~~credit~0~15~20|nan,0,2:100;shop:30;zz:0,en,2026,5,10|shop:🐾:%a:%d
credit	inc~zz~0.5~2026~5~11~c1|c1~卡c1~~credit~-100~15~10^c2~卡c2~~credit~0~25~_|120,20,,en,2026,5,10|
insight	exp~zz~33.33~2026~5~11~a1^inc~zz~-5~2026~5~11~_^inc~trans~10~2026~1~28~_^exp~10~1~2025~11~31~c1||_,0,2:10;10:-1;food:30;shop:10,en,2026,5,11|
credit	|c1~卡c1~~credit~0~25~25|0,0,,zh,2026,5,25|
insight	exp~rent~100~2025~11~31~c1^exp~zz~100~2026~5~10~_^exp~zz~0.5~2026~5~25~c1||1000,_,10:100,zh,2025,11,31|
credit	exp~food~33.33~2026~5~11~c1^exp~rent~100~2026~5~25~_^xfer~2~33.33~2026~5~11~_^exp~zz~1~2026~5~11~_^exp~%a~100~2026~5~25~a1^exp~10~10~2025~11~31~c1^exp~2~nan~2026~5~11~c1|c1~卡c1~_~credit~0~10~20|_,50,10:10;trans:100;%a:100;zz:30,en,2026,5,11|
insight	xfer~rent~0.5~2026~0~1~a1^exp~2~33.33~2026~0~1~a1^xfer~shop~10~2026~0~1~c1||0,1000,,en,2026,0,1|
credit	exp~%a~0~2026~5~25~_^xfer~2~10~2026~5~25~c1^exp~%a~0~2026~5~25~c1^exp~2~0~2026~5~10~a1^exp~rent~1~2026~5~25~_^xfer~shop~10~2025~11~31~a1^exp~zz~-5~2026~5~25~a1^exp~trans~33.33~2026~5~25~a1|c1~卡c1~~credit~-100~25~20^c2~卡c2~Card c2~credit~-100~10~25|0,50,shop:-1;%a:0;zz:30,en,2026,5,25|food:🐾:%a:Custom
credit	exp~shop~-5~2026~0~1~c1^xfer~%a~100~2026~0~1~a1^exp~10~10~2026~1~28~_^xfer~rent~-5~2026~0~1~a1^exp~shop~0~2026~5~25~a1|c1~卡c1~~credit~-100~25~20^c2~卡c2~Card c2~credit~-100~10~25|-100,0,2:-1,en,2026,0,1|
insight	exp~2~10~2025~11~31~a1^exp~zz~25.5~2025~11~31~c1^exp~%a~-5~2025~11~31~c1^exp~shop~-5~2025~11~31~_||nan,20,,en,2025,11,31|rent:🐾:%a:%d
insight	inc~food~10~2026~5~11~_^xfer~zz~0.5~2026~5~10~_^inc~shop~25.5~2026~5~10~a1^exp~shop~0~2026~5~25~_^exp~food~25.5~2026~5~10~_^inc~food~100~2026~5~10~c1^exp~%a~0~2026~5~10~_^inc~zz~10~2026~5~10~c1||1000,nan,rent:1;%a:10,zh,2026,5,10|
insight	exp~trans~25.5~2026~1~28~_^inc~shop~25.5~2026~0~1~_^exp~trans~nan~2026~1~28~_||_,20,,en,2026,1,28|
insight	exp~zz~10~2026~0~1~a1^exp~zz~nan~2026~0~1~c1^exp~%a~1~2026~0~1~c1^exp~2~0.5~2025~11~31~a1^exp~%a~-5~2026~0~1~_^exp~rent~100~2026~0~1~c1||nan,0,trans:nan;rent:10,zh,2026,0,1|
insight	exp~shop~-5~2026~5~10~a1^inc~10~33.33~2026~5~10~c1^xfer~2~10~2026~5~10~_^exp~food~33.33~2026~5~11~c1^exp~trans~100~2026~5~25~a1||nan,50,%a:0,en,2026,5,10|
insight	exp~zz~0~2026~0~1~_^xfer~2~0~2026~1~28~a1^exp~10~0.5~2026~5~10~_^xfer~10~33.33~2025~11~31~_^exp~trans~1~2026~1~28~a1^xfer~2~10~2026~5~11~_^exp~10~0.5~2025~11~31~_||-100,50,shop:nan;2:30;rent:nan;zz:30,zh,2026,5,11|
credit	xfer~food~0.5~2026~5~11~_|c1~卡c1~~credit~-100~10~_|120,_,shop:-1;%a:-1,en,2026,1,28|2:🐾:%b:%a
credit	exp~rent~nan~2026~1~28~_^xfer~2~100~2026~1~28~_^exp~zz~nan~2026~1~28~c1^exp~2~1~2026~1~28~c1|c1~卡c1~_~credit~-100~15~25|1000,_,2:-1,zh,2026,1,28|
insight	xfer~10~100~2026~5~10~_^inc~shop~10~2026~0~1~a1^inc~rent~33.33~2026~5~10~c1^exp~zz~10~2026~5~10~a1^exp~food~nan~2026~5~11~c1||_,20,10:-1,zh,2026,5,10|rent:🐾:自定义:Custom
credit	exp~zz~25.5~2026~1~28~_^exp~food~nan~2026~1~28~a1^exp~food~25.5~2026~0~1~c1^exp~10~100~2026~1~28~_^exp~trans~-5~2025~11~31~c1^exp~shop~33.33~2026~1~28~a1^exp~trans~0~2026~5~11~_|c1~卡c1~~credit~0~25~_^c2~卡c2~_~credit~0~25~_|100,50,,zh,2026,1,28|
credit	xfer~2~10~2026~0~1~c1^exp~10~10~2026~5~11~_^exp~2~1~2025~11~31~c1^inc~rent~nan~2025~11~31~c1^xfer~10~100~2025~11~31~a1^inc~zz~0~2026~0~1~c1^exp~rent~nan~2025~11~31~c1|c1~卡c1~~credit~0~15~_^c2~卡c2~~credit~100~10~20|100,nan,2:-1;%a:1;trans:30,zh,2025,11,31|
insight	xfer~food~nan~2026~5~10~c1^inc~10~33.33~2026~5~10~a1^exp~trans~33.33~2026~5~11~a1^exp~2~nan~2026~5~11~_||_,1000,2:100;%a:nan;trans:0,zh,2026,5,10|
insight	exp~10~33.33~2026~5~10~a1^exp~shop~0.5~2026~0~1~c1^exp~2~33.33~2026~5~10~_||120,20,%a:nan;rent:nan;trans:-1,en,2026,5,10|2:🐾:%a:%a
insight	exp~zz~10~2026~5~10~a1^exp~zz~33.33~2026~5~10~_^exp~%a~1~2026~5~11~a1^exp~food~33.33~2026~5~10~_^exp~zz~100~2026~5~25~_^xfer~food~-5~2026~5~10~c1||-100,nan,shop:100;10:10;food:30;zz:30,en,2026,5,10|
insight	xfer~10~25.5~2025~11~31~c1||0,nan,10:100;trans:0;rent:0;%a:-1,en,2025,11,31|
credit	exp~rent~-5~2026~5~10~c1^inc~food~0.5~2026~5~25~c1|c1~卡c1~~credit~-100~10~10|1000,50,2:30;10:100;trans:100;%a:0,en,2026,5,10|
insight	exp~trans~25.5~2026~5~25~c1^exp~trans~1~2026~0~1~_^exp~shop~0.5~2026~0~1~a1^xfer~10~nan~2026~5~10~_^inc~shop~10~2026~0~1~c1^xfer~%a~nan~2026~0~1~_^inc~trans~-5~2026~0~1~a1||nan,_,,en,2026,0,1|
credit	inc~shop~25.5~2026~5~11~_^exp~rent~33.33~2026~5~10~_^xfer~2~0~2026~5~11~a1^inc~shop~25.5~2026~5~11~c1^exp~10~33.33~2026~5~11~_^exp~10~25.5~2026~5~11~a1^xfer~trans~0.5~2026~1~28~a1|c1~卡c1~~credit~0~25~20|0,50,rent:-1;%a:-1;food:1,zh,2026,5,11|
insight	exp~rent~100~2026~5~10~c1^inc~rent~25.5~2026~5~10~c1||100,nan,food:10;%a:-1,en,2026,5,10|
insight	exp~shop~1~2026~5~10~_^exp~10~25.5~2026~5~10~a1||1000,_,trans:-1;shop:100;2:nan,zh,2026,5,10|
insight	exp~rent~0.5~2026~5~11~a1^exp~10~100~2026~5~11~a1^exp~zz~100~2026~5~11~a1^exp~10~1~2026~0~1~c1^exp~food~25.5~2026~5~11~_^xfer~trans~nan~2026~5~11~_||_,50,trans:100;rent:100,zh,2026,5,11|
insight	exp~food~10~2026~5~10~_^exp~2~10~2026~5~11~c1^exp~2~100~2026~5~11~a1^inc~%a~-5~2026~5~11~a1^xfer~10~25.5~2026~5~10~a1^exp~food~25.5~2026~5~11~c1||0,0,2:0;shop:100;food:30;10:10,zh,2026,5,11|
insight	exp~2~1~2026~1~28~a1^inc~%a~-5~2026~5~25~a1^inc~trans~1~2026~1~28~a1^exp~trans~-5~2026~1~28~_^xfer~%a~10~2026~1~28~c1^inc~rent~100~2026~5~10~a1^xfer~zz~10~2026~5~11~c1^inc~zz~25.5~2026~1~28~c1||120,nan,,en,2026,1,28|food:🐾:自定义:%a
credit	exp~2~100~2026~5~25~c1^inc~2~1~2026~5~25~c1^exp~2~0.5~2026~5~25~a1^exp~trans~0~2026~5~11~c1^exp~zz~1~2026~1~28~c1^xfer~trans~0.5~2025~11~31~c1^exp~rent~25.5~2026~5~25~a1^exp~2~10~2026~5~25~a1|c1~卡c1~~credit~100~25~_|0,20,food:0,zh,2026,5,25|trans:🐾:%a:%d
credit	exp~2~0~2025~11~31~a1^exp~food~33.33~2026~5~11~_^exp~shop~100~2026~5~25~_^xfer~rent~0.5~2026~5~11~_^inc~shop~-5~2025~11~31~a1|c1~卡c1~~credit~-100~10~10|nan,20,,en,2026,5,11|
insight	exp~rent~nan~2026~5~25~c1^exp~shop~-5~2026~5~25~a1^xfer~rent~-5~2026~5~25~_^exp~shop~33.33~2026~5~25~c1^inc~shop~1~2026~1~28~c1||_,nan,trans:10;zz:-1,zh,2026,5,25|
insight	exp~zz~25.5~2026~5~10~a1^exp~food~100~2025~11~31~_^exp~%a~1~2025~11~31~a1^exp~10~1~2026~1~28~c1^exp~10~25.5~2026~1~28~c1^exp~%a~0.5~2026~1~28~a1^xfer~shop~nan~2026~1~28~c1^exp~shop~1~2026~1~28~_||_,1000,10:1;rent:30;shop:-1;food:nan,en,2026,1,28|10:🐾:%a:Custom
insight	exp~food~0~2026~5~11~c1^exp~trans~25.5~2026~5~11~_^exp~zz~0~2026~5~11~_||nan,20,2:nan,zh,2026,5,11|zz:🐾:%b:Custom
insight	exp~shop~nan~2026~5~11~c1^exp~2~1~2026~5~25~_^exp~10~1~2026~5~25~c1^exp~rent~1~2026~5~25~_^inc~food~0~2026~5~25~a1^xfer~2~-5~2026~5~25~_^xfer~shop~1~2026~5~25~c1^exp~2~0~2026~5~25~_||nan,nan,trans:nan;rent:30;10:nan,en,2026,5,25|
insight	inc~zz~0.5~2026~5~11~_^exp~10~100~2026~5~11~a1^xfer~rent~-5~2026~5~25~c1^exp~%a~0.5~2026~5~11~_^exp~zz~0.5~2026~5~11~c1^exp~shop~1~2026~1~28~_^exp~shop~nan~2026~5~11~a1||120,1000,2:-1;food:100;shop:-1,zh,2026,5,11|
credit	exp~food~100~2025~11~31~c1^inc~zz~-5~2025~11~31~_^exp~zz~-5~2026~5~25~c1^exp~food~25.5~2026~5~10~c1^exp~rent~10~2025~11~31~_^xfer~trans~0~2025~11~31~a1^exp~trans~33.33~2026~5~25~c1^exp~rent~100~2025~11~31~a1|c1~卡c1~~credit~100~10~25|120,nan,10:100,en,2025,11,31|
credit	exp~food~100~2026~1~28~a1^xfer~2~10~2026~1~28~c1^xfer~10~33.33~2026~1~28~_|c1~卡c1~_~credit~-100~10~_|0,50,10:-1,en,2026,1,28|
insight	xfer~rent~25.5~2026~5~25~c1^exp~2~-5~2026~5~25~_||nan,nan,,zh,2026,5,25|
insight	inc~shop~100~2026~5~10~a1^exp~rent~nan~2026~5~10~a1^exp~shop~nan~2026~5~10~c1^exp~rent~33.33~2025~11~31~c1^exp~%a~10~2026~5~10~a1^inc~trans~100~2026~5~10~c1^exp~food~0.5~2026~5~10~a1^exp~food~100~2026~5~10~c1||120,0,rent:-1;food:30;shop:1,zh,2026,5,10|food:🐾:%a:%d
insight	exp~zz~33.33~2025~11~31~c1^exp~rent~100~2026~5~10~a1^exp~zz~0~2026~5~10~c1^xfer~10~100~2026~5~10~a1^inc~trans~nan~2026~5~10~c1||100,nan,food:1,en,2026,5,10|
insight	inc~%a~0~2026~5~10~_^exp~10~10~2026~5~10~_^exp~shop~25.5~2026~5~10~c1||0,0,trans:100,en,2026,5,10|food:🐾:%b:%d
credit	inc~zz~0~2026~5~25~a1^exp~food~nan~2026~5~25~a1|c1~卡c1~_~credit~-100~15~_^c2~卡c2~_~credit~-100~15~25|-100,_,rent:30;10:10,en,2026,5,25|
insight	exp~food~0.5~2025~11~31~a1^xfer~%a~1~2025~11~31~a1^exp~10~33.33~2026~5~10~_^exp~shop~33.33~2026~5~10~a1^xfer~%a~1~2025~11~31~c1^exp~shop~0.5~2025~11~31~_^exp~10~25.5~2026~5~25~a1||nan,20,trans:1;shop:100,zh,2025,11,31|trans:🐾:%a:Custom
credit	exp~2~0.5~2026~1~28~a1^inc~10~nan~2026~5~11~_|c1~卡c1~~credit~-100~10~25|1000,50,rent:10;trans:0;food:-1;2:1,zh,2026,0,1|
insight	exp~shop~33.33~2026~5~25~_^exp~%a~nan~2026~5~10~a1^exp~trans~100~2026~0~1~a1^exp~food~100~2025~11~31~a1^inc~food~100~2026~0~1~a1||120,20,10:1,zh,2026,0,1|
insight	exp~food~1~2026~5~11~_^exp~%a~1~2026~5~11~c1^xfer~2~1~2026~5~11~_^exp~trans~33.33~2026~5~11~a1^exp~2~100~2025~11~31~c1^exp~trans~10~2026~5~10~c1||nan,nan,shop:nan;rent:1,zh,2026,5,11|
credit	exp~rent~33.33~2026~5~10~a1^inc~trans~25.5~2026~5~10~_^inc~10~25.5~2026~1~28~a1^xfer~food~25.5~2026~5~10~a1|c1~卡c1~~credit~100~10~20^c2~卡c2~~credit~100~10~25|_,_,,zh,2026,5,10|
credit	xfer~2~0.5~2026~5~25~c1^xfer~2~10~2025~11~31~_^exp~%a~10~2025~11~31~c1^inc~%a~33.33~2026~5~25~c1|c1~卡c1~~credit~100~10~20^c2~卡c2~~credit~100~15~_|1000,nan,food:10;2:10,en,2025,11,31|
insight	exp~rent~33.33~2026~5~10~c1||-100,20,%a:100;zz:30,en,2026,5,10|
credit	xfer~2~nan~2026~5~25~a1^exp~%a~100~2026~5~10~_^exp~%a~-5~2026~5~10~_|c1~卡c1~~credit~0~15~10|0,1000,10:-1;rent:nan,zh,2026,5,10|food:🐾:%b:Custom
insight	exp~shop~-5~2026~5~10~a1^exp~10~nan~2026~5~11~a1^exp~10~0~2026~1~28~a1||nan,20,,zh,2026,5,11|
insight	exp~%a~-5~2025~11~31~c1^exp~%a~-5~2026~5~10~_||1000,nan,zz:30;rent:10,zh,2026,5,10|
insight	exp~zz~0.5~2025~11~31~c1||_,50,food:100;shop:nan,en,2025,11,31|
credit	exp~food~nan~2026~0~1~c1^xfer~zz~25.5~2026~0~1~_^exp~zz~25.5~2026~0~1~c1^inc~rent~1~2026~0~1~c1^exp~shop~0~2026~5~25~c1^exp~%a~0~2026~0~1~c1^exp~10~10~2026~0~1~a1^exp~trans~33.33~2026~0~1~c1|c1~卡c1~Card c1~credit~100~25~25^c2~卡c2~~credit~100~25~10|1000,1000,,en,2026,0,1|
insight	exp~10~0.5~2026~5~25~a1^exp~zz~0.5~2026~5~25~a1^exp~rent~0~2026~5~25~a1^exp~shop~-5~2026~5~25~_^exp~%a~nan~2025~11~31~c1^inc~zz~0.5~2026~5~25~a1||0,nan,,zh,2026,5,25|2:🐾:自定义:%a
insight	inc~trans~25.5~2026~5~11~a1^xfer~%a~0.5~2026~5~11~_^inc~food~100~2026~5~11~c1^exp~2~nan~2025~11~31~c1^inc~zz~0.5~2026~0~1~a1||0,20,trans:0;zz:10;10:nan,en,2026,5,11|10:🐾:%b:%a
insight	exp~2~0~2026~5~25~a1^exp~shop~33.33~2026~5~11~c1||100,0,2:-1;zz:0,zh,2026,5,25|
insight	xfer~10~nan~2026~5~11~c1^exp~10~25.5~2026~5~11~a1^exp~zz~0.5~2026~5~11~c1^exp~10~100~2026~5~10~_^exp~trans~nan~2026~1~28~_^inc~%a~0~2026~5~11~_||0,_,,en,2026,5,11|
insight	inc~2~33.33~2026~0~1~a1^xfer~zz~33.33~2026~5~11~c1^inc~food~nan~2026~1~28~a1^xfer~shop~0~2026~5~11~_^exp~food~25.5~2026~5~10~a1^exp~zz~nan~2026~5~11~c1^exp~food~nan~2026~5~11~a1^exp~rent~100~2026~5~11~a1||0,20,rent:30,en,2026,5,11|shop:🐾:%a:%a
credit	xfer~rent~-5~2026~5~10~_^xfer~rent~0.5~2026~0~1~c1^xfer~shop~0~2025~11~31~_^exp~trans~0.5~2026~0~1~a1^xfer~trans~10~2026~5~11~a1^xfer~food~0~2025~11~31~a1|c1~卡c1~~credit~0~25~20^c2~卡c2~~credit~100~25~20|0,20,%a:0;shop:100;food:10,en,2025,11,31|
insight	exp~rent~33.33~2026~5~11~_^exp~%a~10~2026~5~10~_||_,nan,,en,2026,5,11|
insight	exp~shop~nan~2026~1~28~a1^exp~2~1~2026~0~1~a1^xfer~10~0~2026~0~1~a1^exp~trans~100~2026~5~10~c1^exp~shop~nan~2026~0~1~_^exp~%a~0.5~2026~0~1~_||0,nan,rent:0;shop:30;%a:30;2:-1,zh,2026,0,1|
insight	||nan,_,food:1;%a:10;zz:nan;trans:30,en,2026,5,11|
insight	xfer~%a~1~2026~5~11~a1^exp~2~33.33~2026~5~10~a1^exp~2~nan~2026~0~1~c1^inc~2~0.5~2026~5~25~_^inc~shop~-5~2026~5~10~_^xfer~2~100~2026~5~10~_||nan,0,10:-1;shop:nan;food:30;2:100,zh,2026,5,10|
insight	exp~trans~0~2026~1~28~c1^inc~10~100~2026~5~25~c1^exp~zz~33.33~2026~1~28~c1^exp~2~100~2026~5~11~_||nan,_,shop:30;%a:100;rent:-1,zh,2026,5,11|zz:🐾:%a:%a
credit	exp~%a~25.5~2026~0~1~a1^exp~trans~0~2026~0~1~_^exp~trans~0~2026~0~1~a1|c1~卡c1~Card c1~credit~-100~15~25^c2~卡c2~~credit~0~25~_|0,20,shop:10,en,2026,0,1|
credit	exp~food~0~2026~1~28~c1^inc~%a~nan~2026~1~28~c1^exp~shop~nan~2026~1~28~_^exp~10~100~2026~5~10~a1^exp~2~100~2026~1~28~a1^exp~food~25.5~2026~1~28~a1^exp~shop~-5~2026~1~28~c1|c1~卡c1~Card c1~credit~0~25~20|-100,nan,,en,2026,1,28|
credit	xfer~%a~100~2025~11~31~a1^xfer~food~10~2026~5~25~_^inc~food~100~2026~1~28~_^exp~2~0.5~2026~1~28~a1^exp~%a~0~2026~1~28~a1^exp~rent~100~2026~5~25~_|c1~卡c1~_~credit~100~25~25|nan,_,2:-1;food:-1;shop:30,en,2026,1,28|trans:🐾:%a:%a
insight	xfer~shop~0.5~2025~11~31~c1^exp~10~0.5~2025~11~31~_^inc~shop~33.33~2025~11~31~a1||_,nan,food:100;shop:10;trans:10,zh,2025,11,31|
insight	inc~shop~100~2026~5~10~_^exp~trans~10~2026~5~10~_^inc~2~nan~2026~0~1~c1^exp~trans~0~2026~0~1~_^xfer~zz~25.5~2026~5~10~_||_,1000,zz:30;trans:1,en,2026,5,10|
insight	inc~food~25.5~2025~11~31~c1^exp~10~1~2025~11~31~a1^exp~rent~1~2026~0~1~c1||-100,20,rent:1,zh,2026,5,11|
insight	exp~2~0.5~2025~11~31~a1||-100,nan,food:10;%a:-1,zh,2026,1,28|
insight	exp~food~nan~2026~1~28~a1^exp~10~-5~2026~1~28~c1^exp~10~-5~2026~1~28~c1||0,50,2:nan;10:-1,zh,2026,1,28|%a:🐾:%b:Custom
insight	exp~2~0.5~2026~0~1~c1^exp~food~100~2026~5~25~_||1000,50,rent:10;shop:10;10:10;%a:10,zh,2026,0,1|
insight	||100,50,%a:100;rent:1;food:100,zh,2026,0,1|
credit	exp~10~0.5~2026~5~10~a1^exp~10~33.33~2026~5~10~a1^exp~rent~-5~2026~5~10~c1|c1~卡c1~~credit~100~15~20|-100,50,2:-1;10:1;%a:1;zz:-1,en,2026,5,10|
insight	exp~food~0~2026~5~11~c1^xfer~%a~33.33~2026~5~10~_^exp~%a~0~2026~5~10~c1^exp~zz~nan~2026~1~28~_^inc~2~0~2025~11~31~_^inc~rent~-5~2026~5~10~c1^exp~%a~0~2026~5~11~c1||_,_,zz:10;%a:-1,zh,2026,5,10|2:🐾:%b:%d
insight	||120,50,zz:0;trans:nan;shop:0,zh,2025,11,31|zz:🐾:%b:%d
insight	||_,1000,trans:nan,en,2026,5,11|
insight	exp~food~0~2026~1~28~c1^xfer~trans~0~2026~5~25~c1^exp~shop~25.5~2026~1~28~a1^inc~trans~10~2025~11~31~a1^inc~%a~0.5~2026~1~28~a1^exp~food~nan~2026~1~28~a1^exp~2~25.5~2025~11~31~_^exp~2~100~2026~1~28~c1||120,nan,zz:10,en,2026,1,28|zz:🐾:%b:Custom
insight	exp~zz~1~2026~5~25~_^xfer~shop~1~2026~0~1~c1^exp~rent~33.33~2026~5~11~a1^exp~rent~nan~2026~0~1~a1^exp~food~-5~2026~0~1~_^exp~shop~0.5~2026~0~1~_^exp~zz~-5~2026~0~1~a1||100,1000,food:0;shop:30,en,2026,0,1|
credit	xfer~shop~-5~2026~5~11~_^inc~%a~100~2026~5~11~a1|c1~卡c1~Card c1~credit~-100~15~25^c2~卡c2~~credit~0~25~20|100,20,10:-1,en,2026,5,11|
credit	xfer~food~100~2026~1~28~a1^inc~zz~0.5~2026~5~11~a1^exp~%a~10~2026~5~25~a1^exp~rent~nan~2026~5~10~c1^exp~rent~33.33~2026~5~10~c1^inc~trans~33.33~2026~5~10~c1^xfer~zz~-5~2026~5~10~c1|c1~卡c1~~credit~0~15~25|_,50,zz:0,zh,2026,5,10|
insight	xfer~food~100~2026~0~1~c1^exp~shop~25.5~2026~0~1~c1^exp~trans~33.33~2026~0~1~a1^exp~zz~nan~2026~0~1~a1^exp~%a~25.5~2026~5~11~a1||1000,1000,,en,2026,0,1|
insight	exp~rent~100~2026~5~10~c1^xfer~shop~0.5~2026~1~28~c1^inc~food~25.5~2025~11~31~_^exp~trans~25.5~2026~5~11~_^exp~zz~0~2025~11~31~c1^xfer~10~0~2026~5~10~c1^exp~%a~1~2026~0~1~_||120,0,10:0,en,2026,5,10|zz:🐾:%a:%d
insight	||nan,0,%a:30;zz:0,zh,2026,5,10|
insight	exp~rent~1~2026~1~28~_^exp~shop~-5~2025~11~31~c1||1000,_,rent:100,en,2026,5,11|%a:🐾:%b:%a
insight	||-100,_,rent:nan;trans:30;2:30,en,2026,5,10|
insight	exp~zz~33.33~2026~1~28~a1^exp~trans~nan~2026~1~28~c1^inc~trans~25.5~2026~1~28~a1^exp~trans~25.5~2026~0~1~c1^xfer~shop~33.33~2026~1~28~c1^exp~10~0~2026~1~28~c1^exp~shop~33.33~2026~1~28~c1^exp~rent~25.5~2026~1~28~c1||100,50,10:nan;rent:100,en,2026,1,28|
insight	exp~10~0~2025~11~31~c1^exp~shop~10~2026~0~1~a1^exp~food~0~2026~5~11~_^exp~trans~-5~2026~5~11~a1||-100,nan,food:nan;zz:1;rent:-1;2:1,en,2026,5,11|
insight	exp~trans~nan~2026~5~11~_^exp~2~-5~2026~5~25~_^exp~2~0~2026~5~25~a1^xfer~rent~-5~2025~11~31~c1||nan,nan,,en,2026,5,11|
insight	||1000,20,%a:0,zh,2025,11,31|
insight	exp~10~25.5~2026~1~28~c1^exp~%a~33.33~2026~1~28~c1||120,nan,2:nan,en,2026,1,28|
credit	xfer~2~nan~2026~1~28~c1^exp~trans~0.5~2026~0~1~c1^inc~trans~100~2026~0~1~c1^inc~zz~-5~2026~0~1~a1^exp~rent~nan~2026~5~10~_^inc~zz~33.33~2026~5~25~c1^exp~rent~nan~2026~0~1~_|c1~卡c1~~credit~-100~15~_|1000,0,shop:1,zh,2026,0,1|trans:🐾:%a:Custom
insight	exp~%a~-5~2026~0~1~_||100,_,rent:1;%a:100;shop:100,zh,2025,11,31|
insight	exp~2~33.33~2026~5~10~_^exp~food~0.5~2026~5~10~_^inc~shop~0.5~2026~5~10~_^inc~trans~25.5~2026~5~25~_||-100,20,rent:1;shop:0;zz:-1,zh,2026,5,10|
insight	inc~10~0~2026~0~1~_^inc~shop~0~2026~5~25~_^exp~trans~0.5~2026~0~1~_^inc~10~100~2026~0~1~a1||1000,_,food:-1,zh,2026,0,1|
insight	||0,50,,zh,2026,1,28|
insight	exp~rent~10~2025~11~31~a1^exp~rent~nan~2026~5~10~_^exp~food~1~2026~5~10~a1||0,_,rent:10;2:30,zh,2026,5,10|
credit	exp~%a~0~2026~0~1~_^xfer~%a~1~2025~11~31~c1|c1~卡c1~Card c1~credit~-100~25~20^c2~卡c2~Card c2~credit~0~10~_|1000,50,zz:-1,zh,2025,11,31|
insight	exp~trans~25.5~2025~11~31~c1^exp~rent~10~2025~11~31~_^exp~zz~25.5~2025~11~31~_^xfer~zz~nan~2025~11~31~c1^exp~shop~100~2025~11~31~_||100,_,,zh,2025,11,31|
insight	exp~rent~33.33~2026~5~10~_^exp~10~0~2026~5~10~c1^exp~food~0~2026~5~10~c1^inc~rent~10~2025~11~31~a1^exp~rent~1~2026~5~10~a1^exp~zz~33.33~2026~1~28~c1||nan,_,,en,2026,5,10|
insight	||nan,_,%a:-1,en,2026,5,25|
insight	xfer~zz~0.5~2026~5~10~_^exp~%a~25.5~2026~5~11~_^inc~shop~33.33~2025~11~31~c1||0,0,2:nan;shop:100;zz:0,en,2026,5,11|zz:🐾:自定义:Custom
insight	exp~%a~-5~2025~11~31~c1^exp~2~0~2026~5~25~c1^xfer~rent~0.5~2026~5~25~c1^xfer~rent~10~2026~1~28~_^exp~food~0~2026~1~28~a1^exp~shop~-5~2026~1~28~_||0,0,food:30;shop:0;10:10;zz:1,en,2026,1,28|rent:🐾:%a:Custom
insight	inc~rent~0~2025~11~31~a1^exp~zz~0~2025~11~31~c1^exp~trans~0.5~2025~11~31~c1^exp~food~1~2025~11~31~_||1000,20,zz:1;food:-1;rent:1,zh,2025,11,31|
insight	exp~zz~0.5~2026~0~1~a1^exp~trans~1~2026~0~1~a1||1000,1000,food:nan;%a:10;2:10;rent:100,zh,2026,0,1|
insight	exp~2~1~2026~5~10~c1^xfer~food~-5~2026~5~10~_^exp~2~0.5~2026~0~1~c1||nan,nan,2:0;food:100;shop:0;zz:0,zh,2026,5,10|10:🐾:%a:Custom
insight	exp~shop~100~2026~1~28~c1^exp~10~0~2026~5~10~a1||1000,0,shop:-1;rent:10;%a:30,zh,2026,5,10|
insight	exp~2~100~2026~5~10~_^exp~2~33.33~2026~5~11~c1^xfer~zz~100~2026~5~10~c1||100,1000,2:-1;trans:nan;%a:10;10:1,zh,2026,5,11|2:🐾:自定义:%d
insight	exp~10~25.5~2026~5~10~c1^exp~10~0.5~2026~0~1~a1^exp~10~25.5~2026~0~1~_^exp~shop~nan~2025~11~31~_^xfer~2~0.5~2026~5~10~a1^exp~food~33.33~2026~5~10~_||0,1000,,zh,2026,5,10|
credit	exp~food~0~2026~5~10~_|c1~卡c1~~credit~0~25~20^c2~卡c2~_~credit~100~15~20|nan,20,zz:0;food:10;%a:0,zh,2026,0,1|
insight	exp~trans~33.33~2025~11~31~a1^exp~%a~0.5~2026~5~11~_^exp~food~25.5~2025~11~31~_^exp~trans~0~2025~11~31~_^exp~food~10~2025~11~31~_||nan,20,,en,2025,11,31|
insight	xfer~zz~-5~2026~0~1~c1^xfer~trans~0~2026~5~11~c1^exp~10~nan~2026~0~1~_^inc~rent~100~2026~0~1~c1^exp~shop~0~2026~0~1~_^exp~zz~0.5~2026~0~1~c1^exp~zz~nan~2026~5~11~a1||-100,20,2:30;rent:100,en,2026,0,1|
insight	exp~10~nan~2025~11~31~a1^exp~%a~33.33~2025~11~31~c1^exp~zz~0.5~2025~11~31~_^exp~trans~1~2026~5~10~_^exp~2~100~2025~11~31~c1^exp~food~nan~2026~5~10~c1^exp~2~1~2025~11~31~c1^exp~zz~nan~2025~11~31~c1||_,50,,zh,2025,11,31|
insight	exp~2~1~2026~5~11~_^exp~rent~25.5~2026~5~11~_^inc~zz~10~2026~5~25~a1^xfer~shop~10~2026~5~11~_||-100,0,zz:1,zh,2026,5,11|shop:🐾:%a:Custom
insight	exp~10~1~2026~5~10~_^exp~10~1~2026~5~10~a1||_,20,2:100;10:30;%a:nan;zz:0,en,2026,5,10|
credit	exp~%a~1~2026~1~28~a1|c1~卡c1~Card c1~credit~100~25~20^c2~卡c2~_~credit~0~10~_|nan,nan,2:-1;food:100,zh,2026,1,28|
credit	inc~shop~1~2025~11~31~c1^exp~food~-5~2025~11~31~_^xfer~%a~33.33~2025~11~31~a1|c1~卡c1~_~credit~-100~10~10^c2~卡c2~_~credit~100~25~20|nan,nan,trans:10;10:30,zh,2025,11,31|
insight	xfer~rent~10~2026~5~10~a1^inc~food~100~2026~5~11~_^exp~10~0.5~2026~0~1~c1^inc~trans~33.33~2026~5~25~a1^exp~2~0~2026~5~10~a1^exp~%a~1~2026~5~10~a1^exp~shop~nan~2026~0~1~a1||nan,1000,food:100;2:0;%a:100,zh,2026,5,10|
credit	xfer~food~10~2025~11~31~c1^xfer~2~33.33~2026~5~10~_^xfer~rent~0.5~2026~5~10~_|c1~卡c1~Card c1~credit~-100~25~20|0,0,,zh,2026,5,10|
insight	xfer~2~nan~2026~5~25~_||1000,0,zz:1;food:10;%a:nan,zh,2026,5,25|
insight	exp~10~nan~2025~11~31~a1^exp~rent~100~2025~11~31~_^exp~rent~25.5~2026~5~25~_^exp~shop~100~2026~0~1~c1^exp~trans~33.33~2025~11~31~a1^exp~food~-5~2025~11~31~c1^exp~rent~10~2026~5~10~_||_,_,%a:nan;food:30;2:10,zh,2025,11,31|10:🐾:自定义:%a
insight	exp~10~nan~2026~5~11~_^exp~2~0~2026~5~11~_^xfer~rent~25.5~2026~5~11~_^inc~trans~33.33~2026~5~11~a1^inc~trans~33.33~2026~0~1~c1^exp~shop~100~2026~5~11~a1^inc~10~100~2026~5~11~_^exp~trans~nan~2026~5~25~_||100,1000,food:10;zz:nan,zh,2026,5,11|10:🐾:自定义:Custom
insight	exp~10~0.5~2026~0~1~_^inc~food~25.5~2026~0~1~a1^inc~shop~-5~2025~11~31~c1||120,nan,%a:1;2:1;zz:-1;10:nan,zh,2026,0,1|rent:🐾:自定义:%d
insight	inc~%a~33.33~2026~0~1~a1^exp~trans~0~2026~0~1~c1^inc~rent~-5~2026~0~1~a1^xfer~10~0~2026~0~1~_^xfer~trans~-5~2026~5~11~a1||1000,1000,shop:nan,en,2026,0,1|
insight	exp~shop~100~2026~0~1~_^exp~food~nan~2026~0~1~_^exp~10~-5~2026~0~1~a1^exp~shop~0~2026~0~1~_^exp~2~-5~2026~5~11~_^exp~%a~1~2026~1~28~_^xfer~%a~1~2026~0~1~_^exp~%a~-5~2026~0~1~a1||_,0,zz:10;rent:nan;%a:100,en,2026,0,1|rent:🐾:%b:Custom
credit	exp~trans~-5~2026~0~1~a1^exp~food~100~2026~0~1~c1^exp~rent~25.5~2026~0~1~a1|c1~卡c1~_~credit~-100~15~_|-100,_,shop:1;food:100;trans:1,en,2026,0,1|2:🐾:%b:%d
insight	exp~shop~10~2026~5~25~_^exp~zz~100~2026~5~25~_^exp~food~0~2026~0~1~_^exp~10~0~2026~5~10~a1^exp~trans~10~2026~5~25~_||0,0,2:10,zh,2026,5,25|
insight	exp~rent~0.5~2026~5~10~a1^inc~2~0.5~2026~5~10~a1||120,_,2:0;trans:nan;%a:30;rent:nan,en,2026,5,10|10:🐾:%b:Custom
insight	||100,1000,,zh,2026,5,10|
credit	exp~trans~33.33~2026~5~11~c1^exp~trans~1~2026~5~11~a1|c1~卡c1~~credit~-100~15~20|nan,20,,zh,2026,5,11|
credit	|c1~卡c1~_~credit~0~15~_|-100,50,2:nan;10:nan,zh,2026,5,25|
insight	xfer~2~0~2026~5~11~c1^exp~rent~0~2026~1~28~a1^inc~2~10~2025~11~31~c1^exp~10~25.5~2026~5~10~a1||120,nan,2:10;trans:0;zz:1;food:-1,en,2026,5,11|rent:🐾:自定义:Custom
insight	||_,50,trans:nan,en,2026,5,11|
insight	exp~%a~33.33~2026~0~1~a1^exp~rent~-5~2026~0~1~_^exp~%a~0~2026~0~1~c1^exp~trans~25.5~2026~5~10~a1^exp~shop~33.33~2026~0~1~_^exp~%a~0.5~2026~5~25~c1||1000,nan,food:100;2:100;trans:100,zh,2026,0,1|
insight	exp~shop~1~2026~1~28~_^exp~10~100~2026~0~1~_^inc~2~25.5~2026~0~1~a1||1000,0,,en,2026,0,1|
insight	inc~10~100~2026~5~10~a1^exp~2~0.5~2026~5~25~c1^exp~%a~10~2026~5~10~_^xfer~2~33.33~2026~5~10~c1^xfer~10~0.5~2026~1~28~_^exp~food~-5~2026~5~10~c1^exp~%a~10~2026~0~1~_||_,20,shop:10;zz:100;10:-1;rent:0,en,2026,5,10|
insight	exp~%a~0~2026~0~1~c1^xfer~zz~100~2026~0~1~_^xfer~%a~10~2026~5~25~a1^exp~shop~100~2026~0~1~c1^xfer~zz~33.33~2026~5~11~c1^exp~food~100~2026~1~28~a1^xfer~10~33.33~2026~0~1~a1||100,nan,zz:-1;rent:30,en,2026,0,1|
credit	exp~%a~0.5~2026~5~10~_^inc~rent~1~2026~5~10~a1^inc~rent~100~2026~5~10~c1|c1~卡c1~Card c1~credit~0~15~20^c2~卡c2~Card c2~credit~-100~15~25|0,20,rent:1;food:nan;shop:100,en,2026,5,10|
credit	exp~shop~0~2026~5~11~_^inc~2~1~2026~5~25~a1^exp~zz~33.33~2026~5~11~c1^exp~2~0~2026~5~11~c1^inc~zz~0.5~2026~5~10~a1^inc~trans~0~2026~5~11~c1^exp~trans~0~2026~5~11~c1|c1~卡c1~Card c1~credit~100~15~25^c2~卡c2~~credit~100~15~10|nan,0,trans:nan;rent:100;10:100;2:30,en,2026,5,11|shop:🐾:自定义:Custom
insight	xfer~%a~-5~2025~11~31~a1^exp~zz~1~2026~5~11~c1^exp~trans~25.5~2025~11~31~a1^inc~10~10~2026~5~10~c1^exp~trans~100~2025~11~31~c1||0,1000,trans:1;zz:10;shop:30;food:10,zh,2025,11,31|
insight	exp~shop~10~2026~0~1~_^exp~rent~1~2026~0~1~a1^exp~10~nan~2026~0~1~a1^xfer~food~10~2026~1~28~c1^exp~zz~-5~2026~0~1~c1^xfer~shop~10~2026~0~1~c1||1000,nan,%a:nan,zh,2026,0,1|
insight	||100,nan,,zh,2026,1,28|
insight	exp~10~1~2026~5~10~a1^exp~2~nan~2025~11~31~c1^xfer~food~33.33~2026~0~1~c1^exp~2~-5~2026~5~11~c1^exp~shop~10~2025~11~31~a1^exp~food~100~2025~11~31~c1^inc~trans~nan~2025~11~31~_||120,20,,zh,2025,11,31|
insight	exp~%a~25.5~2025~11~31~_^exp~zz~0~2025~11~31~c1||nan,20,food:1;zz:nan;10:-1,zh,2025,11,31|
insight	||0,0,2:10;shop:0;%a:10,zh,2026,1,28|
insight	exp~zz~0.5~2026~5~10~a1^exp~2~100~2026~5~10~c1^inc~food~nan~2026~1~28~_^exp~10~33.33~2026~5~10~a1^exp~%a~1~2026~5~10~c1||_,1000,2:100;shop:-1;trans:1,en,2026,5,10|
insight	exp~shop~0~2025~11~31~_^exp~trans~nan~2026~1~28~_||1000,0,zz:-1;10:10;shop:100;2:-1,en,2026,1,28|
insight	exp~%a~nan~2026~5~25~_^exp~%a~33.33~2026~5~25~c1^exp~food~0.5~2026~5~25~_^exp~zz~1~2026~5~11~c1^inc~2~25.5~2026~5~25~a1||-100,0,zz:10;food:nan,en,2026,5,25|
insight	exp~shop~10~2026~5~25~c1^exp~2~-5~2026~5~10~a1^xfer~shop~10~2026~1~28~_||0,20,,en,2026,5,10|
insight	xfer~zz~0~2026~5~11~a1^exp~trans~0.5~2026~5~11~_^inc~shop~33.33~2026~1~28~c1^exp~food~-5~2026~5~11~a1^exp~food~25.5~2026~5~11~_^xfer~trans~10~2026~5~11~a1||120,20,food:30;10:30;trans:1;rent:10,en,2026,5,11|
insight	inc~zz~33.33~2026~5~10~a1^exp~zz~0~2026~5~25~a1^exp~trans~10~2026~5~25~c1^exp~food~10~2026~5~25~c1^inc~trans~0~2026~5~25~a1^inc~trans~25.5~2026~0~1~a1||-100,20,2:0,zh,2026,5,25|
insight	xfer~10~100~2026~1~28~c1^inc~2~10~2026~1~28~a1^exp~zz~1~2025~11~31~_^xfer~rent~0.5~2026~1~28~c1||0,0,zz:nan,zh,2026,1,28|shop:🐾:自定义:%d
insight	inc~2~-5~2026~0~1~_^exp~10~100~2026~5~11~c1^xfer~food~100~2026~0~1~c1^inc~10~nan~2026~0~1~_||100,_,%a:30;trans:nan;10:30,en,2026,0,1|
insight	inc~trans~0.5~2026~5~10~c1^xfer~trans~nan~2026~0~1~a1||-100,0,2:10;trans:1,zh,2026,0,1|
credit	exp~trans~1~2026~5~11~c1^xfer~10~100~2026~1~28~a1^exp~rent~-5~2026~0~1~a1|c1~卡c1~~credit~-100~10~_|1000,1000,10:1,en,2026,0,1|
insight	inc~zz~0.5~2026~1~28~_||1000,0,2:nan;zz:0;%a:1;rent:0,zh,2026,1,28|trans:🐾:%b:%d
credit	exp~food~10~2026~1~28~c1^inc~shop~0.5~2026~1~28~_^exp~rent~10~2026~1~28~a1^exp~2~0.5~2026~1~28~c1^exp~food~25.5~2025~11~31~_^exp~zz~33.33~2026~1~28~_^exp~food~-5~2026~1~28~a1^xfer~10~nan~2026~1~28~a1|c1~卡c1~~credit~0~25~10|nan,1000,rent:-1;2:0;zz:10,zh,2026,1,28|
insight	inc~trans~100~2026~5~25~c1^inc~%a~25.5~2026~5~25~c1^xfer~2~100~2026~5~25~c1^exp~10~nan~2026~5~25~_||0,50,,en,2026,5,25|
insight	exp~zz~-5~2026~5~25~_^exp~%a~0.5~2025~11~31~a1^inc~shop~33.33~2026~5~11~a1^exp~shop~10~2026~5~10~c1^exp~rent~nan~2026~1~28~a1||100,_,2:-1;rent:0;10:0;food:0,en,2026,5,25|rent:🐾:自定义:%a
insight	xfer~%a~-5~2026~5~25~_^exp~shop~1~2026~5~11~c1||100,_,rent:nan;shop:100,zh,2026,0,1|10:🐾:%b:%a
insight	exp~food~0.5~2026~1~28~c1^exp~10~33.33~2026~1~28~a1^exp~food~100~2026~5~25~c1^exp~rent~nan~2025~11~31~c1^exp~shop~100~2026~5~10~a1^exp~zz~25.5~2026~1~28~c1^xfer~2~33.33~2026~1~28~c1^exp~10~10~2026~1~28~a1||_,1000,,zh,2026,1,28|
insight	exp~10~100~2026~0~1~a1^exp~10~1~2026~0~1~_^exp~food~1~2026~1~28~a1||1000,nan,%a:100;shop:0;zz:10,zh,2026,0,1|
insight	exp~food~0.5~2025~11~31~_^exp~10~100~2026~0~1~_^exp~shop~0~2026~5~11~a1||1000,_,trans:-1;food:1,zh,2026,0,1|food:🐾:%a:%d
credit	exp~2~1~2025~11~31~_^xfer~rent~0~2026~5~11~a1|c1~卡c1~_~credit~0~25~_^c2~卡c2~Card c2~credit~0~10~_|100,20,2:0;food:-1,en,2026,5,11|
insight	inc~10~25.5~2026~5~11~_^exp~rent~nan~2026~5~11~c1^exp~shop~33.33~2026~5~10~c1^exp~2~-5~2026~5~10~_^exp~food~100~2026~5~10~a1^exp~rent~33.33~2026~5~10~a1||0,nan,2:100;trans:1;zz:1;food:nan,zh,2026,5,10|%a:🐾:自定义:Custom
credit	exp~%a~nan~2026~5~25~c1^exp~10~100~2026~5~25~a1^exp~rent~0.5~2026~5~25~a1^xfer~shop~10~2026~5~25~_^exp~zz~0.5~2026~5~25~c1^exp~%a~-5~2026~5~25~_|c1~卡c1~_~credit~100~10~10|120,0,,en,2026,5,25|
credit	exp~2~100~2026~5~25~a1^exp~food~33.33~2026~5~25~a1^exp~trans~33.33~2026~5~25~a1^inc~2~1~2026~5~25~_^xfer~%a~10~2026~1~28~c1^exp~10~0.5~2026~5~25~_^inc~shop~0~2025~11~31~_|c1~卡c1~~credit~0~25~_^c2~卡c2~~credit~-100~25~_|120,20,shop:-1,zh,2026,5,25|
insight	||0,20,shop:100;trans:1;10:100;2:-1,en,2025,11,31|
credit	inc~shop~1~2025~11~31~c1^exp~zz~1~2025~11~31~c1^inc~10~33.33~2026~5~10~a1^exp~10~10~2026~5~10~c1^exp~2~0~2026~5~10~a1|c1~卡c1~_~credit~0~25~20|1000,nan,10:1,zh,2026,5,10|
insight	inc~zz~-5~2025~11~31~a1^inc~zz~33.33~2025~11~31~_^exp~rent~0.5~2025~11~31~_^exp~shop~0~2025~11~31~_^exp~10~-5~2025~11~31~_^exp~10~10~2026~0~1~_^exp~%a~-5~2025~11~31~c1||nan,1000,zz:30;shop:1;rent:nan,en,2025,11,31|rent:🐾:自定义:%a
credit	inc~%a~-5~2026~1~28~_^exp~shop~nan~2026~0~1~_^xfer~food~33.33~2026~1~28~_|c1~卡c1~Card c1~credit~-100~10~20|nan,_,2:-1;shop:0,zh,2026,1,28|
insight	exp~zz~1~2026~5~10~c1^exp~2~0~2025~11~31~a1^inc~shop~nan~2025~11~31~a1||0,_,%a:-1;trans:10,en,2025,11,31|2:🐾:%a:Custom
insight	exp~food~10~2026~1~28~c1^inc~food~1~2026~1~28~a1^exp~shop~nan~2026~1~28~a1^exp~2~33.33~2026~1~28~c1^exp~food~25.5~2025~11~31~_||-100,1000,rent:100;zz:10,zh,2026,1,28|
insight	exp~rent~nan~2025~11~31~c1^exp~10~100~2025~11~31~_||_,1000,,en,2025,11,31|
insight	inc~zz~1~2025~11~31~a1^xfer~trans~25.5~2025~11~31~c1^exp~10~1~2025~11~31~c1||1000,nan,,en,2025,11,31|
insight	exp~%a~nan~2026~5~10~_^inc~%a~0.5~2026~5~10~a1^exp~2~-5~2026~1~28~a1^exp~rent~0.5~2025~11~31~c1^exp~zz~10~2026~1~28~_^xfer~trans~100~2026~5~11~c1^exp~food~1~2026~1~28~a1^exp~shop~-5~2026~0~1~_||nan,nan,10:30,en,2026,1,28|
insight	exp~shop~25.5~2026~0~1~a1^xfer~trans~10~2025~11~31~_^exp~%a~10~2025~11~31~_^exp~shop~nan~2025~11~31~a1^exp~rent~0~2026~1~28~a1||_,_,,zh,2026,1,28|
insight	exp~2~0.5~2026~0~1~c1^exp~shop~100~2026~0~1~_^exp~trans~33.33~2026~0~1~a1^exp~10~100~2025~11~31~c1||100,50,food:30,zh,2026,0,1|
insight	exp~rent~100~2026~5~25~a1^exp~10~0~2026~1~28~_||-100,0,trans:1;10:10;2:0,zh,2026,5,25|%a:🐾:%a:%a
insight	exp~trans~100~2025~11~31~a1^exp~2~25.5~2026~5~11~a1^exp~rent~0~2026~1~28~a1^exp~2~100~2026~5~10~a1^exp~2~10~2026~1~28~c1^inc~%a~nan~2026~0~1~_^inc~rent~33.33~2026~0~1~c1||nan,20,food:10;shop:0;%a:-1,en,2026,0,1|
credit	xfer~trans~0.5~2026~5~10~_^exp~2~10~2026~5~10~c1^xfer~10~33.33~2026~5~10~_|c1~卡c1~_~credit~-100~10~25^c2~卡c2~_~credit~0~10~_|100,_,2:30;rent:nan;%a:30,en,2026,5,10|2:🐾:%a:%d
insight	exp~%a~0.5~2026~0~1~c1^inc~10~25.5~2025~11~31~c1^xfer~10~1~2025~11~31~c1||100,_,2:1;10:-1,zh,2025,11,31|food:🐾:%b:Custom
insight	exp~shop~1~2026~0~1~c1^exp~2~25.5~2026~0~1~_^exp~10~nan~2026~5~11~c1^exp~rent~10~2026~0~1~_^xfer~rent~0~2026~0~1~_||-100,_,shop:10;zz:-1,zh,2026,0,1|
credit	exp~10~25.5~2025~11~31~_^exp~10~1~2026~5~25~c1^exp~2~0.5~2026~5~25~a1|c1~卡c1~~credit~-100~15~20|nan,0,zz:nan;shop:1,zh,2026,5,25|
insight	exp~food~25.5~2025~11~31~c1^inc~shop~1~2025~11~31~_^xfer~food~0.5~2025~11~31~c1^exp~rent~0.5~2025~11~31~c1^exp~2~100~2025~11~31~c1^exp~rent~0~2025~11~31~c1^exp~shop~33.33~2025~11~31~c1||_,0,zz:nan;trans:1;%a:1,zh,2025,11,31|
credit	exp~shop~33.33~2026~1~28~a1^inc~10~0.5~2026~1~28~c1|c1~卡c1~~credit~-100~15~10^c2~卡c2~~credit~100~10~20|nan,20,rent:0;shop:100,zh,2026,1,28|
insight	exp~%a~100~2026~5~11~a1^exp~%a~33.33~2026~5~11~c1^inc~rent~1~2026~5~11~_||1000,_,food:-1;trans:nan;rent:1,zh,2026,5,11|food:🐾:自定义:%d
insight	exp~%a~0.5~2026~0~1~a1^exp~%a~0~2025~11~31~_||_,_,%a:-1,zh,2026,0,1|shop:🐾:%b:%d
insight	exp~%a~nan~2026~5~25~a1^exp~10~25.5~2025~11~31~_^exp~shop~0~2025~11~31~a1^xfer~shop~100~2025~11~31~c1^exp~zz~0~2025~11~31~a1||120,50,food:nan;2:-1,en,2025,11,31|
insight	exp~trans~0.5~2026~1~28~a1^exp~food~25.5~2026~1~28~c1^xfer~%a~0.5~2026~1~28~a1^inc~rent~-5~2026~1~28~_^inc~zz~33.33~2026~1~28~a1^inc~zz~1~2026~1~28~c1^inc~rent~100~2026~1~28~_||0,20,%a:-1;2:1,zh,2026,1,28|
insight	||100,_,%a:-1;food:10;trans:nan,zh,2026,5,25|
insight	xfer~shop~0~2026~0~1~a1^exp~rent~1~2026~5~25~a1^exp~food~nan~2026~5~25~c1^inc~%a~33.33~2026~5~25~_^exp~trans~nan~2026~5~25~a1^exp~2~33.33~2026~0~1~a1^exp~zz~25.5~2026~5~25~_||1000,50,%a:30,en,2026,5,25|
insight	exp~2~25.5~2026~5~10~c1^xfer~2~0.5~2026~1~28~a1^inc~zz~0.5~2026~1~28~a1^exp~%a~100~2026~0~1~_^xfer~%a~nan~2026~1~28~_^exp~zz~nan~2026~5~11~a1||nan,20,2:10;food:1,zh,2026,1,28|
insight	exp~trans~nan~2026~5~25~c1^exp~shop~33.33~2026~0~1~a1^inc~2~1~2026~5~10~c1^exp~%a~100~2026~1~28~a1^inc~10~1~2026~5~11~c1^xfer~%a~25.5~2026~5~25~c1||100,_,zz:10;shop:-1;food:30,zh,2026,5,25|
insight	||_,1000,zz:10;10:-1,zh,2026,5,11|
credit	exp~zz~0~2026~5~10~a1^exp~%a~0~2026~5~10~_^xfer~food~0.5~2026~1~28~c1^xfer~%a~0~2026~5~25~c1|c1~卡c1~~credit~-100~25~20|100,0,food:30;10:100;trans:1,en,2026,5,10|
insight	exp~zz~100~2026~5~25~c1^exp~food~10~2025~11~31~a1^exp~rent~10~2025~11~31~a1^exp~rent~100~2025~11~31~_^exp~10~1~2026~5~11~c1||-100,20,shop:30;trans:nan;2:100,zh,2025,11,31|
insight	exp~trans~33.33~2026~1~28~_^exp~zz~0~2025~11~31~_||1000,20,,en,2026,1,28|
insight	inc~%a~0.5~2025~11~31~a1^exp~shop~-5~2025~11~31~_^inc~trans~10~2025~11~31~c1||-100,0,2:nan;trans:30;food:10,zh,2025,11,31|
credit	inc~trans~33.33~2026~5~25~a1^exp~%a~0.5~2026~5~25~a1^exp~%a~1~2026~5~25~a1^exp~10~10~2026~5~25~_^exp~food~33.33~2026~5~25~_|c1~卡c1~~credit~100~25~_^c2~卡c2~_~credit~-100~10~10|0,20,10:nan;trans:-1;rent:30,en,2026,5,25|
insight	exp~10~33.33~2026~5~10~c1^inc~trans~10~2025~11~31~_^exp~shop~-5~2026~1~28~a1||0,0,%a:0;10:10;zz:10;shop:1,en,2026,5,10|
insight	exp~10~1~2026~1~28~_^xfer~10~33.33~2026~1~28~a1||_,20,zz:10;shop:0,zh,2026,1,28|
insight	inc~zz~-5~2026~5~11~_^xfer~zz~10~2026~0~1~c1^inc~%a~10~2026~5~10~_^exp~%a~100~2026~5~10~_^xfer~zz~10~2026~1~28~_^exp~trans~100~2026~5~11~_||_,1000,rent:10;10:100;trans:100,zh,2026,5,11|
credit	inc~%a~0.5~2026~0~1~_^exp~2~33.33~2026~5~25~a1|c1~卡c1~~credit~-100~10~20|1000,1000,,zh,2026,5,25|
insight	exp~2~25.5~2026~5~11~a1^exp~zz~-5~2026~5~25~_^xfer~food~25.5~2026~5~11~a1^exp~food~0.5~2026~5~11~c1^xfer~%a~33.33~2026~5~25~_^exp~2~10~2026~5~11~a1^inc~%a~0.5~2026~5~11~_||_,_,rent:0;shop:10,zh,2026,5,11|food:🐾:自定义:%d
insight	exp~rent~-5~2026~0~1~c1^xfer~food~33.33~2026~0~1~c1||1000,_,,en,2026,0,1|
insight	exp~2~1~2026~5~25~c1^inc~trans~25.5~2026~5~25~a1||-100,1000,2:30,en,2026,5,25|
insight	xfer~2~10~2026~5~25~_^exp~2~10~2026~5~25~c1^xfer~shop~0~2026~5~25~a1||nan,20,rent:1;10:10;food:1;2:0,en,2026,5,25|
credit	inc~10~25.5~2026~1~28~a1^exp~2~25.5~2026~0~1~a1^exp~%a~25.5~2026~1~28~c1|c1~卡c1~_~credit~-100~10~_|1000,20,shop:-1;zz:nan,zh,2026,1,28|
insight	exp~shop~25.5~2026~1~28~_^xfer~%a~-5~2026~1~28~c1^inc~2~33.33~2026~5~10~c1^xfer~rent~-5~2025~11~31~a1^xfer~%a~1~2026~0~1~_^exp~%a~25.5~2025~11~31~a1||120,_,,zh,2025,11,31|trans:🐾:%b:%d
insight	exp~food~nan~2026~0~1~_^inc~%a~nan~2026~5~10~_^exp~2~0.5~2026~0~1~_^inc~trans~0.5~2026~0~1~c1^exp~%a~0.5~2025~11~31~c1^exp~%a~10~2026~0~1~a1^exp~food~0.5~2026~0~1~a1^inc~rent~10~2026~5~25~c1||-100,20,zz:1;%a:nan;food:nan;shop:nan,en,2026,0,1|
insight	||100,50,rent:10;%a:10;zz:nan;trans:nan,zh,2026,5,25|%a:🐾:%b:%a
insight	exp~food~-5~2026~1~28~_^exp~rent~-5~2026~0~1~a1^exp~shop~100~2026~5~10~a1^exp~%a~33.33~2025~11~31~_^exp~zz~0.5~2025~11~31~_^exp~rent~100~2026~1~28~_||nan,nan,food:1,en,2025,11,31|trans:🐾:%b:Custom
insight	xfer~zz~0.5~2025~11~31~_^exp~rent~33.33~2026~0~1~c1||100,20,,en,2025,11,31|
insight	xfer~zz~nan~2025~11~31~a1^exp~food~0~2026~5~25~a1^exp~zz~33.33~2026~5~25~c1^exp~shop~-5~2026~5~11~a1||120,20,,zh,2026,5,25|
credit	exp~%a~-5~2026~1~28~_^inc~zz~1~2026~1~28~c1^exp~2~1~2026~0~1~_^exp~2~nan~2026~5~10~c1^exp~2~10~2026~1~28~_^exp~zz~25.5~2026~0~1~c1^exp~shop~100~2026~1~28~a1|c1~卡c1~~credit~100~15~25|0,1000,shop:0,zh,2026,1,28|
insight	exp~zz~nan~2026~5~25~c1^exp~rent~-5~2026~1~28~a1^exp~shop~nan~2026~1~28~a1^exp~10~1~2026~1~28~_^exp~%a~0~2026~5~10~a1^exp~2~10~2026~1~28~_^exp~%a~0.5~2026~1~28~_||0,0,2:100;rent:100,zh,2026,1,28|
insight	exp~%a~nan~2025~11~31~_^exp~%a~25.5~2026~5~25~c1^xfer~%a~33.33~2025~11~31~c1^exp~zz~1~2025~11~31~a1^exp~shop~nan~2025~11~31~_||-100,20,%a:-1,en,2025,11,31|
insight	exp~%a~-5~2026~5~11~c1^exp~shop~0.5~2026~5~25~_^exp~10~0.5~2026~5~11~a1||nan,_,,en,2026,5,11|%a:🐾:%b:%d
insight	exp~2~33.33~2026~5~10~c1^exp~2~0.5~2026~5~11~a1||nan,_,,zh,2026,5,11|
insight	||1000,1000,10:1,en,2026,0,1|
insight	exp~trans~-5~2026~5~10~a1^xfer~trans~0.5~2026~5~10~_||nan,50,food:10,zh,2026,5,10|
insight	exp~rent~0.5~2026~5~11~_^exp~rent~0.5~2026~5~11~a1^inc~10~100~2026~5~11~c1^exp~%a~0~2026~5~11~a1^exp~zz~nan~2026~5~11~a1^inc~food~0.5~2026~1~28~c1||_,1000,shop:10;rent:100;zz:1;%a:-1,en,2026,5,11|
insight	exp~shop~25.5~2026~5~25~_^exp~rent~nan~2026~0~1~_||100,_,zz:10;10:0;trans:-1,en,2026,0,1|10:🐾:%b:%a
credit	exp~%a~100~2026~5~25~c1|c1~卡c1~_~credit~0~15~25^c2~卡c2~_~credit~0~25~10|nan,50,10:1;rent:10;2:nan;shop:30,en,2026,1,28|rent:🐾:%b:Custom
insight	exp~food~1~2026~1~28~_^exp~zz~25.5~2026~0~1~a1^exp~2~33.33~2026~5~10~a1^exp~2~0~2026~0~1~c1||0,50,2:0;food:-1,zh,2026,0,1|rent:🐾:%a:%d
insight	exp~2~1~2026~5~11~a1^exp~rent~0.5~2026~5~10~c1^exp~trans~100~2026~5~11~a1^inc~rent~100~2026~5~11~a1^exp~10~10~2026~5~11~a1^exp~food~10~2026~5~11~c1||120,nan,zz:0;trans:-1,zh,2026,5,11|shop:🐾:%a:%d
insight	xfer~%a~nan~2026~1~28~a1^exp~food~nan~2026~5~10~c1||-100,_,2:10,en,2026,1,28|
insight	xfer~shop~10~2026~5~11~c1^inc~2~nan~2026~5~10~c1^inc~trans~0.5~2026~5~11~a1^exp~rent~1~2026~5~11~a1^exp~trans~1~2026~5~11~c1^exp~10~0~2026~5~11~_||100,20,rent:0;10:100;zz:-1,zh,2026,5,11|2:🐾:自定义:Custom
insight	exp~zz~0.5~2026~5~25~a1||100,50,food:10;rent:10;trans:30;zz:10,zh,2026,5,25|
insight	||_,50,rent:0;2:0;zz:0;10:1,zh,2026,5,10|
insight	inc~rent~nan~2026~1~28~c1^exp~rent~nan~2026~1~28~_||_,nan,shop:0;rent:-1;food:10;2:-1,en,2026,1,28|
insight	inc~food~nan~2026~0~1~a1^exp~zz~100~2026~0~1~c1^exp~food~0~2026~0~1~_^exp~rent~100~2026~0~1~a1^exp~2~0~2026~0~1~_^exp~food~nan~2025~11~31~a1||0,20,zz:100;food:30,zh,2026,0,1|
insight	||1000,_,rent:-1,zh,2026,5,25|
insight	inc~shop~10~2025~11~31~c1^exp~rent~0.5~2026~0~1~c1^xfer~food~1~2025~11~31~_^exp~2~100~2026~0~1~_^xfer~2~0~2025~11~31~c1^exp~10~nan~2025~11~31~c1||-100,1000,,en,2025,11,31|
insight	exp~rent~nan~2026~1~28~_^exp~trans~0.5~2026~1~28~_^exp~10~0.5~2026~1~28~_^exp~zz~1~2026~1~28~c1^xfer~2~33.33~2026~1~28~a1^exp~%a~0.5~2026~5~10~_^exp~rent~0~2026~1~28~c1^exp~%a~0~2026~1~28~_||nan,0,,zh,2026,1,28|zz:🐾:%b:%d
insight	exp~%a~25.5~2026~5~11~_^exp~rent~1~2026~0~1~c1^exp~zz~100~2026~0~1~c1^exp~10~-5~2026~5~10~a1^xfer~rent~33.33~2025~11~31~a1||100,20,zz:-1;rent:30,en,2026,0,1|
insight	exp~zz~-5~2026~5~10~a1||-100,1000,zz:10,zh,2026,0,1|
insight	exp~zz~1~2026~5~11~_^exp~%a~nan~2026~5~11~c1^inc~rent~nan~2026~0~1~_^exp~10~100~2026~5~25~c1^exp~zz~0.5~2026~5~25~a1^inc~food~0~2026~5~11~c1^exp~shop~-5~2026~5~25~a1^exp~zz~100~2026~1~28~a1||nan,nan,2:30;zz:0;%a:1;shop:-1,en,2026,5,11|zz:🐾:%a:%a
insight	xfer~10~nan~2025~11~31~_^exp~rent~25.5~2026~5~11~c1^inc~10~1~2026~5~11~c1||100,_,zz:0;2:100;food:30,zh,2026,5,11|
insight	exp~food~0~2026~5~11~c1^inc~zz~-5~2026~5~10~_^exp~trans~nan~2025~11~31~a1^exp~%a~nan~2026~5~10~a1^xfer~rent~nan~2026~5~10~c1^exp~10~nan~2026~5~10~c1^xfer~10~0.5~2026~5~10~a1||120,20,10:nan;2:10;food:100;%a:-1,zh,2026,5,10|
insight	exp~rent~0~2026~5~25~c1^exp~food~25.5~2025~11~31~_^exp~rent~10~2025~11~31~c1^exp~%a~100~2025~11~31~_^exp~food~33.33~2026~5~25~c1^exp~2~25.5~2025~11~31~c1||0,0,2:1,en,2025,11,31|
insight	exp~rent~0.5~2025~11~31~a1||100,nan,,zh,2026,1,28|
insight	exp~2~0.5~2026~5~10~a1^exp~%a~0.5~2026~5~11~a1^inc~food~-5~2026~5~10~_^inc~rent~25.5~2026~5~10~a1^exp~%a~25.5~2026~5~10~c1^exp~shop~1~2026~5~10~c1^inc~zz~1~2026~5~25~_^inc~rent~33.33~2025~11~31~_||120,20,food:30,zh,2026,5,10|
credit	exp~zz~25.5~2026~5~25~c1|c1~卡c1~Card c1~credit~-100~25~10^c2~卡c2~_~credit~100~25~20|nan,50,rent:0;2:nan;zz:1,en,2026,5,25|
insight	xfer~food~0.5~2025~11~31~a1^exp~10~25.5~2025~11~31~c1^xfer~rent~nan~2026~0~1~_^xfer~zz~-5~2025~11~31~a1^inc~trans~nan~2025~11~31~c1||100,nan,%a:100,en,2025,11,31|shop:🐾:自定义:%a
insight	xfer~shop~33.33~2026~5~25~a1^exp~trans~nan~2026~0~1~_^exp~rent~nan~2025~11~31~a1||_,1000,10:30;rent:1,en,2026,5,25|
insight	exp~%a~nan~2026~0~1~a1||nan,1000,zz:1;rent:10;food:1;2:30,zh,2026,1,28|zz:🐾:%a:%a
insight	exp~shop~25.5~2025~11~31~c1^exp~%a~0~2026~5~11~c1^exp~trans~33.33~2025~11~31~_||_,50,rent:10;10:0;food:1;trans:100,en,2026,5,11|
insight	inc~zz~33.33~2026~0~1~c1^exp~2~100~2026~5~11~a1^exp~zz~nan~2026~0~1~a1^exp~rent~1~2026~1~28~a1||0,nan,2:nan;trans:10;rent:nan,en,2026,0,1|
credit	xfer~%a~-5~2026~5~11~_^inc~2~25.5~2025~11~31~a1^exp~food~33.33~2026~5~11~a1^exp~2~nan~2025~11~31~c1^inc~zz~100~2025~11~31~_|c1~卡c1~~credit~0~25~_|nan,50,trans:100;10:30;%a:30;food:30,en,2025,11,31|
insight	exp~trans~1~2026~5~11~_^exp~10~100~2026~5~25~_^xfer~10~33.33~2026~1~28~a1||120,0,,en,2026,5,25|
credit	exp~10~25.5~2026~5~11~c1^exp~10~10~2026~1~28~a1^exp~food~10~2026~1~28~a1^exp~zz~0.5~2026~1~28~_^exp~%a~10~2026~5~25~a1|c1~卡c1~_~credit~-100~25~10^c2~卡c2~Card c2~credit~0~15~25|100,nan,food:nan;zz:nan,zh,2026,1,28|
insight	xfer~2~0.5~2026~5~25~c1^exp~2~100~2026~5~11~a1||nan,50,2:100,zh,2026,5,11|
insight	exp~%a~1~2026~1~28~c1^exp~10~33.33~2026~1~28~c1^exp~trans~0~2026~5~10~_^xfer~rent~0.5~2025~11~31~a1||nan,nan,zz:1;shop:100;%a:0;rent:100,zh,2026,1,28|
credit	|c1~卡c1~~credit~0~10~10^c2~卡c2~~credit~100~15~10|_,1000,shop:0;trans:100;rent:30;food:10,zh,2026,1,28|shop:🐾:自定义:Custom
credit	exp~food~0~2026~1~28~_^exp~shop~25.5~2026~0~1~a1^xfer~2~33.33~2026~0~1~c1^exp~food~0.5~2026~0~1~_|c1~卡c1~~credit~100~10~20^c2~卡c2~Card c2~credit~100~10~10|nan,_,shop:100,zh,2026,0,1|
insight	exp~zz~1~2026~5~10~a1^inc~trans~33.33~2026~5~11~c1^exp~trans~0~2026~5~10~_^exp~2~0~2026~5~10~_^exp~10~25.5~2026~5~10~c1||nan,0,shop:0;trans:1;10:100,zh,2026,5,10|
insight	xfer~2~1~2026~5~11~_^exp~10~100~2026~5~11~_||1000,20,shop:100;10:1;%a:1,zh,2026,5,11|
insight	xfer~food~-5~2026~5~10~_^exp~10~25.5~2026~5~11~a1^exp~shop~-5~2026~0~1~_||1000,nan,,zh,2026,5,11|
insight	exp~trans~100~2025~11~31~_||120,0,,zh,2025,11,31|
insight	exp~zz~0.5~2025~11~31~a1^exp~10~nan~2026~5~25~a1||120,nan,zz:10;rent:1;trans:1,en,2026,5,25|
insight	exp~food~nan~2025~11~31~a1^exp~10~nan~2026~5~10~_^exp~2~-5~2026~5~25~c1^xfer~trans~33.33~2025~11~31~_^xfer~trans~1~2026~5~10~c1^exp~zz~25.5~2026~5~25~a1^exp~2~33.33~2026~1~28~a1^exp~rent~0~2026~5~10~_||1000,_,food:10;rent:-1,zh,2026,5,10|
credit	exp~10~25.5~2025~11~31~_|c1~卡c1~~credit~0~25~10|0,nan,food:100,en,2026,0,1|
credit	xfer~shop~0.5~2026~1~28~c1^exp~food~0.5~2025~11~31~a1^exp~shop~100~2026~0~1~c1^exp~zz~0.5~2026~1~28~_|c1~卡c1~~credit~100~10~10^c2~卡c2~_~credit~100~10~10|0,0,food:100;rent:1;10:30;trans:nan,en,2026,1,28|
insight	exp~zz~100~2026~5~25~c1^exp~trans~33.33~2026~5~11~a1^exp~2~-5~2026~5~11~_^exp~%a~10~2026~5~11~c1^exp~trans~10~2026~5~11~a1^exp~shop~25.5~2026~5~11~_^exp~zz~0.5~2026~5~11~a1^exp~food~nan~2026~5~11~a1||_,20,,zh,2026,5,11|
insight	exp~zz~0.5~2026~0~1~_^inc~2~10~2026~5~10~a1^exp~shop~0.5~2026~0~1~a1^exp~%a~1~2026~0~1~a1^inc~trans~nan~2026~0~1~_||0,50,shop:-1;trans:0;2:-1;zz:-1,en,2026,0,1|
credit	inc~shop~25.5~2026~5~10~_^exp~%a~25.5~2026~5~10~c1^exp~%a~1~2026~5~10~c1^exp~food~1~2026~5~10~_^exp~trans~0.5~2025~11~31~_^exp~shop~25.5~2026~5~10~a1|c1~卡c1~~credit~-100~25~10|-100,1000,,en,2026,5,10|
insight	inc~%a~0~2026~5~11~a1^exp~2~10~2025~11~31~_^exp~%a~0~2026~5~11~_||1000,1000,food:nan;10:0;%a:30,zh,2026,5,11|food:🐾:%a:%a
insight	exp~zz~-5~2026~5~25~c1^exp~10~nan~2026~5~25~a1^xfer~food~0.5~2026~5~25~_^inc~food~33.33~2026~5~25~_^inc~%a~-5~2026~5~10~c1^exp~rent~nan~2026~5~25~_^inc~rent~0~2026~5~25~c1||120,1000,shop:0;10:0;zz:100;trans:nan,en,2026,5,25|%a:🐾:自定义:Custom
insight	||_,20,,en,2026,5,10|
insight	exp~2~33.33~2026~5~25~_||-100,nan,10:-1,en,2026,5,25|
insight	exp~food~0.5~2026~5~10~c1^inc~rent~-5~2026~5~25~a1^inc~zz~0.5~2026~0~1~a1^exp~food~1~2026~5~25~c1^exp~10~0~2026~5~25~_^exp~10~10~2026~5~11~c1^exp~%a~nan~2026~0~1~c1||1000,_,,zh,2026,5,25|
credit	exp~shop~-5~2026~5~25~a1|c1~卡c1~~credit~-100~25~10|nan,1000,,zh,2025,11,31|
credit	exp~rent~0~2026~5~10~a1^xfer~2~0~2026~5~10~a1^exp~trans~25.5~2026~5~10~_^exp~trans~0~2026~0~1~a1^xfer~trans~nan~2025~11~31~_|c1~卡c1~~credit~0~15~10^c2~卡c2~~credit~-100~15~20|1000,nan,%a:0,en,2026,5,10|
insight	||-100,20,,en,2026,5,10|food:🐾:自定义:Custom
insight	exp~rent~0~2026~1~28~_||0,20,trans:nan;zz:-1,zh,2026,1,28|
insight	exp~%a~33.33~2026~5~11~a1^xfer~zz~nan~2026~5~11~a1^exp~2~33.33~2026~5~11~_^exp~shop~10~2026~0~1~c1^exp~%a~100~2026~5~11~a1^exp~zz~nan~2026~5~11~a1^exp~shop~10~2026~5~25~_||120,nan,,zh,2026,5,11|
credit	exp~rent~0~2026~5~10~c1^exp~trans~33.33~2025~11~31~c1^exp~rent~0~2026~5~10~a1|c1~卡c1~_~credit~-100~25~_^c2~卡c2~~credit~0~25~20|120,1000,,zh,2026,5,10|
insight	exp~2~0.5~2026~0~1~_^exp~%a~25.5~2026~0~1~_^exp~2~10~2026~0~1~a1^exp~food~33.33~2025~11~31~_^exp~10~25.5~2025~11~31~a1^xfer~2~0.5~2025~11~31~c1||nan,50,food:0;trans:-1;%a:-1,en,2025,11,31|
insight	xfer~zz~25.5~2026~5~25~_^exp~zz~0.5~2026~5~25~a1^exp~shop~1~2026~5~25~_^exp~zz~33.33~2026~5~25~a1^xfer~2~10~2026~5~11~_^exp~10~0~2026~5~25~c1^exp~food~33.33~2026~5~25~_||120,1000,10:10;food:10;trans:100;2:100,zh,2026,5,25|rent:🐾:%a:%a
insight	exp~2~100~2026~5~25~a1^exp~rent~10~2026~5~25~_^exp~zz~25.5~2025~11~31~c1||1000,_,10:1,en,2026,5,25|
insight	exp~shop~-5~2026~0~1~a1^xfer~rent~25.5~2026~0~1~c1||-100,20,trans:-1;rent:nan;10:30,zh,2026,0,1|
insight	xfer~shop~0~2026~5~11~a1^exp~food~0.5~2026~5~11~a1^exp~%a~100~2026~5~11~a1^exp~food~100~2026~5~11~a1^exp~shop~nan~2026~5~11~c1^xfer~2~0~2026~5~11~c1^exp~shop~100~2026~5~11~c1||120,nan,2:100,zh,2026,5,11|
insight	exp~2~100~2026~0~1~a1^xfer~2~0.5~2026~0~1~a1^exp~%a~1~2026~0~1~c1^inc~zz~100~2026~5~11~_^exp~shop~0.5~2026~0~1~a1||120,_,rent:30;%a:100,en,2026,0,1|
insight	exp~food~100~2026~0~1~a1^xfer~2~100~2026~1~28~a1^exp~2~-5~2026~0~1~_^xfer~%a~10~2026~1~28~a1^inc~2~10~2026~1~28~_^exp~food~25.5~2026~1~28~c1||0,20,2:1;trans:30,zh,2026,1,28|
insight	exp~2~25.5~2026~5~25~a1^exp~10~10~2025~11~31~_^exp~2~nan~2026~0~1~c1^exp~2~-5~2026~5~25~c1^exp~trans~nan~2026~0~1~c1^xfer~rent~10~2026~5~25~a1^exp~%a~-5~2026~5~25~_^xfer~trans~10~2026~5~11~_||120,_,rent:0;2:10;food:30;shop:100,en,2026,5,25|
insight	exp~shop~10~2026~1~28~a1^exp~food~100~2026~5~11~c1^inc~food~33.33~2026~5~25~_^exp~shop~1~2026~1~28~c1||-100,0,,en,2026,1,28|
insight	xfer~%a~100~2026~5~11~c1||100,50,rent:-1,en,2026,0,1|2:🐾:%b:Custom
insight	xfer~food~1~2026~5~10~c1^inc~zz~nan~2026~5~25~a1^exp~shop~10~2026~5~10~_^exp~food~100~2026~1~28~c1||nan,_,10:nan;trans:-1;food:30,zh,2026,5,10|%a:🐾:%a:%d
insight	inc~zz~0.5~2026~1~28~c1^xfer~trans~0.5~2026~0~1~_^exp~%a~33.33~2025~11~31~a1^exp~rent~-5~2025~11~31~_||0,1000,food:0;2:0,zh,2025,11,31|
insight	exp~zz~25.5~2026~1~28~c1^exp~10~-5~2026~5~25~_^xfer~2~1~2026~1~28~_^xfer~food~33.33~2026~1~28~_^exp~%a~100~2026~1~28~a1^exp~%a~1~2026~1~28~a1^exp~food~10~2026~1~28~a1^exp~rent~100~2026~1~28~_||-100,20,2:10,en,2026,1,28|%a:🐾:自定义:%d
insight	exp~shop~nan~2026~5~11~_^exp~shop~0.5~2026~5~11~_^exp~trans~nan~2026~5~11~c1^xfer~food~33.33~2026~5~11~_||0,nan,zz:-1,zh,2026,5,11|
insight	exp~%a~nan~2026~0~1~c1^exp~rent~10~2026~5~10~c1^xfer~10~10~2026~0~1~_||1000,_,zz:-1;trans:10;2:100;food:0,zh,2026,0,1|
insight	exp~2~10~2025~11~31~a1^inc~rent~100~2025~11~31~_^exp~food~33.33~2025~11~31~c1^exp~rent~25.5~2025~11~31~_^exp~%a~0.5~2025~11~31~_^xfer~2~10~2025~11~31~a1||100,50,,zh,2025,11,31|
insight	exp~trans~25.5~2026~1~28~c1^inc~2~0~2026~5~11~a1^exp~2~-5~2026~5~11~c1^xfer~2~nan~2026~5~11~a1^exp~10~33.33~2026~1~28~c1||-100,1000,10:30,zh,2026,5,11|
credit	exp~%a~-5~2026~5~25~a1^inc~2~0.5~2026~5~25~_^exp~food~33.33~2025~11~31~c1^inc~10~100~2025~11~31~a1^exp~%a~0.5~2026~5~25~c1^exp~10~10~2026~5~25~a1|c1~卡c1~~credit~-100~25~25|1000,20,,en,2026,5,25|food:🐾:%b:%d
credit	inc~rent~0~2026~5~25~c1|c1~卡c1~~credit~-100~25~25|nan,50,shop:nan;10:1,zh,2026,5,25|
insight	exp~zz~1~2026~5~25~_^exp~10~0~2026~1~28~_||-100,1000,trans:10;%a:-1;10:10;food:30,zh,2026,5,25|
credit	exp~food~0~2025~11~31~c1^exp~2~1~2025~11~31~a1^inc~zz~nan~2025~11~31~_^exp~food~10~2026~5~11~_^xfer~shop~nan~2026~1~28~a1^exp~10~0~2026~5~10~a1^exp~trans~33.33~2025~11~31~c1^exp~zz~0~2026~1~28~a1|c1~卡c1~~credit~100~15~25^c2~卡c2~_~credit~-100~25~10|nan,20,trans:nan;rent:0;zz:10,en,2025,11,31|
credit	exp~10~0~2025~11~31~c1|c1~卡c1~_~credit~100~10~25|120,0,10:0;zz:nan;trans:0,en,2025,11,31|
credit	exp~2~25.5~2026~5~11~c1^exp~shop~10~2026~5~11~_^exp~%a~100~2026~5~11~c1|c1~卡c1~_~credit~0~25~20^c2~卡c2~Card c2~credit~-100~10~20|_,1000,shop:nan;trans:100,zh,2026,5,11|rent:🐾:%a:Custom
insight	exp~food~nan~2025~11~31~c1||1000,nan,%a:1;food:0,en,2025,11,31|
credit	xfer~food~1~2026~5~11~c1^exp~zz~-5~2025~11~31~_^inc~trans~0~2026~5~25~_|c1~卡c1~~credit~0~15~20|nan,50,trans:1;zz:30;food:nan;2:100,zh,2026,5,25|
insight	exp~rent~25.5~2026~5~11~a1^xfer~shop~25.5~2026~5~11~_^inc~zz~25.5~2026~0~1~a1^exp~food~nan~2026~1~28~_^exp~10~0~2026~0~1~a1||0,50,%a:-1;10:nan;food:-1,zh,2026,5,11|
credit	exp~shop~100~2025~11~31~c1^inc~trans~1~2025~11~31~a1|c1~卡c1~~credit~0~25~10^c2~卡c2~Card c2~credit~0~25~10|120,20,rent:-1;2:0;trans:nan;shop:nan,zh,2025,11,31|zz:🐾:%b:Custom
insight	exp~2~-5~2025~11~31~_^exp~shop~10~2025~11~31~_||100,0,,en,2025,11,31|
insight	exp~2~100~2026~5~10~_^exp~food~-5~2026~5~10~c1^exp~shop~25.5~2026~1~28~c1^xfer~%a~10~2026~5~10~a1^exp~rent~25.5~2026~5~10~_^exp~10~10~2026~5~25~_^exp~2~10~2026~5~10~_||1000,50,zz:10;shop:10;%a:0;10:0,en,2026,5,10|
insight	exp~zz~nan~2026~0~1~_^exp~2~0~2026~0~1~_^exp~2~-5~2026~0~1~a1||1000,1000,,en,2026,0,1|
insight	xfer~zz~0~2026~0~1~a1^exp~2~33.33~2026~1~28~_^exp~%a~0.5~2026~0~1~_^exp~shop~33.33~2026~0~1~c1||100,20,food:0;2:nan;10:30,zh,2026,0,1|
insight	inc~2~33.33~2026~5~25~a1^inc~shop~10~2026~5~25~c1^exp~trans~25.5~2026~5~25~a1^exp~zz~100~2026~5~25~c1^exp~rent~0.5~2026~5~25~a1^inc~10~0~2026~5~11~a1||-100,_,,zh,2026,5,25|
insight	exp~2~25.5~2026~0~1~c1^inc~zz~10~2026~0~1~c1^exp~rent~1~2026~5~25~a1^exp~food~-5~2025~11~31~c1||-100,_,food:nan;trans:1,zh,2026,5,11|
credit	inc~shop~25.5~2026~1~28~a1^exp~shop~1~2026~1~28~_^exp~trans~25.5~2026~5~11~_|c1~卡c1~~credit~-100~10~10^c2~卡c2~~credit~100~25~20|1000,20,trans:0;2:10,zh,2026,1,28|trans:🐾:自定义:%a
insight	exp~zz~0.5~2025~11~31~_^inc~shop~25.5~2026~5~25~c1^inc~shop~1~2025~11~31~c1^exp~shop~nan~2025~11~31~_^inc~food~100~2025~11~31~a1^inc~trans~10~2025~11~31~c1||_,50,trans:10;zz:30;shop:1;2:30,en,2025,11,31|trans:🐾:自定义:%d
insight	exp~10~0~2026~0~1~c1^xfer~zz~10~2026~5~10~c1^exp~10~nan~2026~1~28~a1||100,nan,2:100;zz:30;food:-1,zh,2026,5,10|10:🐾:%b:%d
credit	inc~2~33.33~2026~5~25~c1^exp~zz~nan~2026~5~11~_|c1~卡c1~_~credit~100~15~20^c2~卡c2~_~credit~-100~10~_|100,0,food:0,zh,2026,5,25|
insight	xfer~shop~100~2026~5~11~_^exp~zz~nan~2026~5~11~c1^inc~shop~100~2026~5~10~c1^xfer~rent~33.33~2025~11~31~a1^xfer~zz~100~2026~1~28~a1^exp~10~0.5~2026~5~11~a1^exp~trans~10~2026~0~1~_||1000,_,rent:10;trans:-1,zh,2026,5,11|
credit	exp~zz~nan~2026~0~1~_|c1~卡c1~~credit~-100~10~20^c2~卡c2~Card c2~credit~-100~15~20|-100,20,2:0;10:0;zz:10,en,2026,0,1|%a:🐾:%a:%d
insight	||120,_,,zh,2026,1,28|shop:🐾:自定义:Custom
insight	xfer~10~nan~2026~5~10~a1||-100,nan,10:100;food:30,zh,2026,5,10|
credit	exp~food~10~2025~11~31~c1^exp~2~0~2026~1~28~a1^inc~%a~25.5~2026~5~10~a1^exp~%a~25.5~2026~5~10~_^xfer~%a~0.5~2026~5~10~c1^exp~rent~1~2026~5~11~a1|c1~卡c1~~credit~-100~10~10|_,20,food:-1;rent:0;shop:nan,zh,2026,5,10|
credit	xfer~rent~25.5~2026~0~1~_^inc~shop~nan~2026~0~1~_^exp~2~25.5~2026~0~1~_^inc~zz~0.5~2026~0~1~a1^xfer~2~0.5~2026~0~1~_^exp~zz~nan~2026~0~1~c1^exp~rent~10~2026~0~1~a1^exp~%a~nan~2026~0~1~a1|c1~卡c1~~credit~100~10~_|nan,20,shop:100;%a:0;trans:30;food:nan,en,2026,0,1|
insight	exp~food~25.5~2026~0~1~_^exp~zz~0.5~2026~1~28~c1^inc~zz~-5~2026~5~25~_^exp~food~0~2026~5~25~a1||nan,nan,shop:-1,zh,2026,5,25|
insight	inc~rent~-5~2026~5~10~c1^exp~food~0.5~2025~11~31~_^xfer~rent~25.5~2026~5~10~a1^exp~10~0.5~2026~0~1~a1^exp~shop~10~2026~1~28~_||120,0,trans:100;10:nan,en,2026,5,10|
insight	inc~zz~10~2026~0~1~c1^inc~shop~10~2026~5~11~_^inc~shop~25.5~2025~11~31~_^exp~10~25.5~2026~0~1~_||1000,0,trans:30;%a:-1;shop:10,en,2026,5,11|zz:🐾:%a:%d
insight	exp~%a~33.33~2026~1~28~_^exp~zz~33.33~2026~5~11~c1^inc~zz~33.33~2026~5~11~_^exp~rent~-5~2026~5~11~a1||1000,nan,10:10;trans:0;shop:10;2:30,zh,2026,5,11|
credit	exp~%a~25.5~2026~0~1~a1^exp~10~10~2026~1~28~_^exp~10~25.5~2026~0~1~_^exp~%a~1~2026~5~25~_^exp~%a~33.33~2026~5~10~a1|c1~卡c1~_~credit~0~10~25|_,nan,2:nan,en,2026,1,28|
insight	xfer~2~100~2026~5~11~c1||_,_,,zh,2026,5,11|%a:🐾:%a:%d
credit	inc~zz~0~2026~5~10~_^exp~rent~25.5~2026~0~1~_^exp~%a~-5~2026~0~1~_^exp~food~0~2026~5~10~a1^exp~10~10~2026~5~25~c1^exp~food~25.5~2026~5~10~c1^xfer~%a~nan~2026~5~10~c1^exp~zz~-5~2026~5~25~a1|c1~卡c1~_~credit~-100~25~20|1000,50,2:10;zz:-1,zh,2026,5,10|
insight	exp~2~nan~2025~11~31~_^inc~food~0~2026~5~11~a1^exp~%a~-5~2026~5~11~c1^inc~trans~0.5~2026~1~28~a1||_,_,zz:30,zh,2026,5,11|2:🐾:%a:%d
insight	xfer~10~0~2026~5~11~a1^inc~shop~33.33~2026~0~1~_^exp~%a~nan~2026~5~11~_^inc~2~-5~2025~11~31~_^exp~10~25.5~2026~5~11~a1||_,1000,2:10;food:nan,zh,2026,5,11|zz:🐾:%a:%d
insight	exp~trans~25.5~2026~0~1~_^inc~food~100~2026~0~1~_^exp~zz~-5~2026~0~1~_||120,20,,zh,2026,0,1|
insight	xfer~2~0.5~2026~5~25~_^exp~food~25.5~2026~5~11~c1||-100,20,2:0,en,2025,11,31|
insight	exp~zz~0.5~2026~0~1~c1^inc~%a~-5~2026~0~1~c1^exp~food~33.33~2026~0~1~c1^exp~%a~nan~2026~5~25~c1^inc~2~1~2026~0~1~_^exp~shop~1~2025~11~31~_||1000,1000,,zh,2026,0,1|
insight	inc~trans~10~2026~5~10~c1^exp~food~-5~2026~5~25~c1^exp~zz~33.33~2026~5~10~_^xfer~rent~-5~2026~5~10~c1^exp~zz~10~2026~5~10~c1^exp~%a~25.5~2026~5~10~c1^exp~%a~-5~2026~5~11~a1||1000,nan,%a:10;rent:10;shop:-1;zz:-1,zh,2026,5,10|
insight	inc~shop~0~2026~0~1~c1^xfer~2~0.5~2026~0~1~c1^exp~shop~100~2026~0~1~c1||0,50,zz:-1;10:100;trans:-1,zh,2026,0,1|
insight	exp~trans~0~2025~11~31~a1^exp~food~0.5~2025~11~31~c1||nan,50,food:100;%a:10;rent:1;10:-1,en,2025,11,31|
insight	exp~shop~10~2026~5~10~a1^exp~zz~10~2026~5~10~c1^exp~%a~1~2026~5~10~a1||-100,_,shop:100;%a:-1,en,2026,5,10|
insight	inc~rent~-5~2026~5~11~a1^inc~%a~25.5~2026~5~11~a1^xfer~rent~10~2026~0~1~c1^exp~2~100~2026~5~11~c1^exp~food~100~2025~11~31~a1^xfer~trans~0~2025~11~31~_||-100,_,rent:30;%a:30;trans:0,zh,2026,5,11|
insight	exp~%a~10~2025~11~31~_^exp~%a~1~2026~0~1~_^xfer~shop~-5~2026~0~1~_^xfer~food~-5~2025~11~31~a1^exp~%a~1~2026~5~25~c1||100,nan,zz:30,zh,2025,11,31|
insight	xfer~rent~1~2026~1~28~a1^exp~10~nan~2026~1~28~a1||120,_,shop:-1,en,2026,1,28|
insight	xfer~rent~25.5~2026~5~11~a1^exp~%a~33.33~2026~5~11~c1||1000,50,%a:30;trans:30;zz:30,zh,2026,5,11|10:🐾:%b:%d
insight	exp~2~33.33~2026~1~28~a1^exp~10~nan~2025~11~31~c1^xfer~zz~10~2025~11~31~_^exp~food~10~2026~1~28~a1||1000,nan,,zh,2026,1,28|
insight	inc~10~33.33~2026~1~28~_^xfer~trans~0~2026~1~28~a1^inc~2~0.5~2026~1~28~a1||_,50,food:30;10:-1,en,2026,1,28|
insight	inc~trans~10~2026~5~10~c1^inc~shop~nan~2026~5~10~_^exp~10~100~2025~11~31~c1^inc~%a~33.33~2026~0~1~c1||100,1000,2:-1,zh,2025,11,31|
insight	exp~rent~1~2026~5~10~_^exp~zz~100~2026~5~11~c1^exp~%a~0.5~2026~5~11~_^exp~2~1~2026~5~11~_^inc~food~33.33~2026~5~11~c1^exp~shop~0~2026~5~11~c1^inc~zz~10~2026~5~11~a1^exp~2~-5~2026~5~11~_||nan,50,zz:0;shop:-1,zh,2026,5,11|zz:🐾:自定义:Custom
insight	exp~trans~0.5~2026~5~11~_^exp~%a~33.33~2026~5~25~a1^exp~rent~100~2026~5~25~a1||_,20,food:30;%a:-1,en,2026,5,25|
credit	exp~rent~1~2026~5~10~a1^exp~shop~10~2026~5~10~_^exp~10~0.5~2026~5~10~a1^exp~zz~-5~2026~5~10~_^exp~zz~nan~2026~5~10~c1^inc~2~0~2026~1~28~c1^exp~shop~10~2026~5~10~_^exp~10~nan~2026~0~1~c1|c1~卡c1~~credit~0~15~20|0,1000,2:-1;food:100,zh,2026,5,10|
insight	exp~zz~nan~2026~5~10~_^exp~zz~-5~2026~5~10~_^exp~shop~100~2026~0~1~_^exp~shop~100~2026~5~25~a1^exp~zz~25.5~2026~5~10~a1^exp~shop~10~2026~5~10~_^exp~shop~0.5~2026~0~1~a1||nan,1000,shop:1;10:0,zh,2026,5,10|zz:🐾:%a:%d
insight	||1000,nan,2:100;trans:10;%a:nan;zz:1,en,2025,11,31|
insight	exp~2~10~2026~5~25~a1^exp~2~10~2026~5~25~a1^exp~rent~1~2026~5~11~_^exp~shop~10~2026~5~25~_^exp~rent~1~2026~5~25~_^exp~zz~0.5~2026~5~25~c1^exp~10~1~2026~5~25~c1||120,0,,en,2026,5,25|
credit	exp~zz~0~2026~1~28~a1^exp~%a~nan~2025~11~31~a1^xfer~trans~0~2026~1~28~c1^exp~zz~10~2026~1~28~_^exp~%a~0.5~2026~1~28~a1^exp~2~-5~2026~1~28~a1^exp~2~100~2025~11~31~_^exp~food~0~2026~1~28~c1|c1~卡c1~Card c1~credit~0~25~10^c2~卡c2~_~credit~100~10~_|nan,50,shop:100;zz:30;2:10,en,2026,1,28|
insight	exp~%a~25.5~2026~5~10~_^inc~zz~25.5~2026~1~28~_^exp~10~33.33~2026~5~25~a1^exp~10~-5~2026~5~25~c1||nan,50,food:10;trans:-1,en,2026,5,25|
insight	exp~%a~0~2025~11~31~_^exp~shop~0~2026~5~10~_^exp~food~0.5~2025~11~31~c1^xfer~%a~25.5~2026~0~1~_^inc~shop~-5~2026~5~10~a1^exp~food~100~2025~11~31~c1||120,0,rent:1;2:30;shop:100;trans:100,en,2025,11,31|2:🐾:%a:%a
insight	exp~%a~0.5~2026~5~10~a1^inc~shop~nan~2026~5~10~a1||_,0,food:10;2:1,zh,2026,5,10|
insight	xfer~trans~25.5~2026~1~28~_^exp~rent~1~2026~1~28~_^exp~shop~100~2026~1~28~_^exp~10~33.33~2026~0~1~a1||120,0,rent:nan;food:1;shop:1,en,2026,1,28|food:🐾:%a:%d
credit	|c1~卡c1~~credit~100~25~_^c2~卡c2~_~credit~-100~25~_|_,0,,en,2026,5,10|
insight	exp~food~-5~2026~0~1~c1^xfer~%a~33.33~2026~0~1~c1^xfer~zz~1~2026~0~1~_^exp~zz~25.5~2026~5~25~c1^inc~shop~-5~2026~0~1~_||_,20,10:30;shop:-1;zz:1,zh,2026,0,1|
insight	exp~trans~1~2026~5~11~c1^inc~trans~1~2026~1~28~c1||100,_,food:10,zh,2026,5,11|
credit	exp~shop~33.33~2025~11~31~_^exp~rent~25.5~2026~5~11~_^exp~shop~1~2026~5~10~_^exp~food~10~2025~11~31~a1^exp~trans~nan~2025~11~31~_^exp~food~-5~2026~5~10~c1|c1~卡c1~~credit~0~10~10^c2~卡c2~~credit~0~15~_|nan,_,,en,2025,11,31|
insight	exp~zz~100~2026~5~11~c1^exp~trans~25.5~2025~11~31~c1^exp~zz~nan~2025~11~31~c1||0,_,trans:0;shop:0;%a:30;10:0,en,2025,11,31|
credit	exp~zz~nan~2026~0~1~a1|c1~卡c1~~credit~0~15~_^c2~卡c2~~credit~100~10~_|_,0,10:-1;rent:10,en,2026,0,1|
credit	xfer~%a~25.5~2026~5~11~c1^inc~trans~0.5~2026~1~28~c1^inc~food~0.5~2026~5~25~a1^xfer~trans~nan~2026~1~28~a1^inc~rent~33.33~2026~5~25~c1|c1~卡c1~_~credit~0~25~25^c2~卡c2~~credit~-100~15~20|1000,_,,en,2026,5,25|
insight	exp~%a~10~2026~5~11~a1^exp~zz~-5~2026~0~1~_^xfer~trans~-5~2026~0~1~c1^exp~2~33.33~2026~1~28~a1^exp~trans~0.5~2026~0~1~a1^exp~trans~10~2025~11~31~_^exp~2~0~2026~0~1~c1||100,nan,%a:nan,zh,2026,0,1|
insight	xfer~zz~33.33~2026~0~1~c1^xfer~zz~0.5~2026~0~1~c1^exp~%a~-5~2026~5~25~c1||-100,_,%a:nan;food:100;rent:nan;trans:nan,zh,2026,0,1|
insight	inc~%a~nan~2026~1~28~_^inc~10~33.33~2026~5~10~a1^exp~shop~-5~2026~5~10~_||0,_,rent:1;shop:-1;2:0;trans:0,zh,2026,5,10|
insight	exp~%a~1~2025~11~31~c1^exp~%a~100~2026~5~11~_||1000,_,2:30;rent:100;shop:30;%a:nan,en,2026,5,11|
insight	exp~2~0~2026~5~25~c1^exp~zz~100~2026~5~25~c1^inc~%a~25.5~2026~5~25~a1^exp~2~25.5~2026~1~28~c1^exp~rent~-5~2026~5~25~a1^exp~food~10~2026~5~11~c1||1000,_,rent:nan;shop:0;2:nan,en,2026,5,25|
insight	xfer~%a~10~2026~5~10~_^exp~10~1~2026~5~10~_^inc~food~1~2026~5~10~c1^inc~trans~100~2026~5~10~_||100,50,shop:-1;%a:-1,zh,2026,5,10|
credit	exp~shop~33.33~2026~5~25~a1^exp~10~33.33~2026~5~25~c1^exp~zz~-5~2026~5~25~c1^exp~%a~0.5~2026~5~25~_^xfer~%a~100~2025~11~31~c1|c1~卡c1~~credit~-100~15~_^c2~卡c2~~credit~0~15~20|_,50,2:nan;zz:0;food:10,en,2026,5,25|
insight	exp~food~10~2026~5~11~a1^exp~10~0.5~2026~5~11~c1^xfer~trans~0~2026~5~25~_^inc~trans~0~2025~11~31~c1^inc~zz~0.5~2026~5~11~_^exp~shop~10~2026~5~10~a1^exp~food~0~2026~5~11~_^exp~food~33.33~2026~5~11~a1||nan,1000,%a:30;shop:100;2:10,zh,2026,5,11|
credit	xfer~%a~0.5~2026~5~11~c1^xfer~food~0~2026~5~11~c1^xfer~shop~100~2026~5~11~a1^xfer~shop~25.5~2026~5~11~a1|c1~卡c1~~credit~0~10~10|0,0,%a:1,zh,2026,5,11|
insight	exp~trans~100~2025~11~31~_^exp~trans~100~2026~5~10~c1^exp~10~nan~2026~5~10~a1^exp~trans~1~2026~5~10~_^exp~food~1~2025~11~31~c1^exp~%a~0~2026~5~10~_||0,50,,en,2026,5,10|shop:🐾:%b:Custom
insight	exp~zz~100~2026~5~10~c1^xfer~shop~33.33~2026~5~10~a1||1000,20,2:1;%a:nan,zh,2026,5,10|
credit	|c1~卡c1~~credit~0~15~10|nan,nan,rent:10;zz:-1;2:-1;food:nan,en,2026,5,25|shop:🐾:%a:Custom
insight	exp~shop~100~2026~1~28~_^exp~%a~0.5~2026~1~28~a1^exp~zz~-5~2026~1~28~c1^xfer~trans~1~2026~1~28~c1^exp~2~1~2026~1~28~a1^inc~trans~0~2026~1~28~_||-100,50,shop:10;food:nan;10:-1;2:10,en,2026,1,28|10:🐾:%b:%a
insight	inc~rent~0.5~2026~1~28~c1^exp~rent~100~2026~5~11~a1^inc~zz~nan~2026~0~1~a1^xfer~%a~10~2026~0~1~_||_,nan,2:30;rent:-1;%a:10;food:1,en,2026,0,1|
insight	exp~10~33.33~2026~5~11~a1^exp~zz~nan~2026~5~11~c1^inc~trans~25.5~2026~5~11~c1^exp~trans~-5~2026~5~11~c1||_,_,,zh,2026,5,11|
insight	exp~rent~0.5~2025~11~31~_^exp~shop~10~2026~5~10~a1^exp~rent~-5~2025~11~31~c1^exp~rent~0~2026~5~10~a1^exp~%a~10~2026~5~10~a1||nan,_,10:30;%a:nan;trans:1,en,2026,5,10|
insight	||_,1000,rent:1;%a:100,zh,2026,5,25|
insight	exp~10~100~2025~11~31~_||-100,0,food:nan,en,2025,11,31|
insight	exp~2~25.5~2026~0~1~_^inc~shop~0.5~2026~0~1~c1^exp~trans~-5~2026~0~1~a1^exp~2~0.5~2026~5~25~_^exp~10~33.33~2026~0~1~_^inc~%a~33.33~2025~11~31~_||nan,nan,,zh,2026,0,1|
insight	exp~rent~10~2025~11~31~c1^inc~2~33.33~2025~11~31~_^exp~food~25.5~2025~11~31~_^inc~food~nan~2026~5~25~a1^exp~%a~100~2025~11~31~_^exp~%a~1~2025~11~31~_^inc~shop~nan~2025~11~31~a1||0,_,,en,2025,11,31|
insight	exp~trans~33.33~2026~5~11~_||-100,nan,10:1;rent:-1;zz:nan,en,2026,5,11|
insight	exp~shop~nan~2026~5~10~a1||-100,_,,en,2026,5,10|rent:🐾:自定义:Custom
insight	xfer~%a~nan~2026~5~11~a1^xfer~food~33.33~2026~5~10~a1^inc~rent~0.5~2026~5~11~_^inc~zz~100~2026~5~11~c1^exp~food~-5~2026~5~11~_^xfer~rent~100~2026~5~11~a1^exp~food~1~2026~5~11~_^xfer~food~25.5~2026~5~11~a1||120,0,%a:100;food:30,en,2026,5,11|
insight	exp~10~25.5~2026~5~10~a1^exp~shop~nan~2026~5~25~_^exp~rent~100~2026~5~25~a1^exp~2~25.5~2026~5~25~a1^exp~shop~25.5~2026~5~25~c1^exp~shop~nan~2026~1~28~a1||0,0,trans:nan;shop:-1;10:0;rent:100,en,2026,5,25|
insight	inc~shop~0.5~2026~5~11~a1^inc~2~0.5~2026~5~11~a1^exp~%a~25.5~2026~1~28~c1^exp~food~1~2026~5~11~_^exp~food~-5~2026~5~11~c1||0,20,zz:10,zh,2026,5,11|
insight	exp~2~1~2026~5~11~_||0,20,2:nan;%a:-1;rent:-1;trans:-1,zh,2026,5,11|zz:🐾:%a:%a
credit	exp~10~nan~2026~5~10~a1^exp~%a~33.33~2026~5~25~_^exp~rent~0.5~2026~5~25~_^exp~food~1~2026~5~25~c1^exp~rent~nan~2026~5~11~c1|c1~卡c1~_~credit~100~25~_|100,0,trans:nan;10:30,zh,2026,5,25|
credit	exp~10~10~2026~0~1~c1^inc~shop~0~2026~5~25~a1^exp~zz~nan~2026~0~1~_^xfer~trans~0~2026~5~25~_^exp~trans~-5~2026~0~1~a1^exp~food~-5~2026~0~1~c1^exp~%a~0~2026~5~25~c1^exp~trans~100~2026~0~1~c1|c1~卡c1~~credit~-100~10~10^c2~卡c2~_~credit~0~25~20|100,1000,trans:10;shop:10;10:30,zh,2026,0,1|
insight	exp~2~0~2025~11~31~c1^xfer~10~1~2026~0~1~c1^inc~food~nan~2026~0~1~_^exp~2~0.5~2026~0~1~c1^inc~2~0~2026~0~1~_^xfer~2~100~2026~5~10~a1^inc~food~0~2025~11~31~_||1000,20,2:nan,zh,2026,0,1|rent:🐾:%b:Custom
insight	exp~10~25.5~2026~5~25~a1^exp~10~0~2026~5~25~a1^exp~%a~0.5~2026~5~25~c1^exp~shop~25.5~2026~1~28~a1^xfer~zz~25.5~2026~5~25~c1^exp~zz~1~2026~5~25~a1||-100,50,%a:100;rent:nan;shop:10,zh,2026,5,25|
insight	exp~shop~25.5~2026~5~25~a1^exp~10~0.5~2026~1~28~a1^inc~food~10~2026~5~10~_||-100,0,2:100,zh,2026,5,25|
insight	exp~trans~0~2026~1~28~c1^xfer~rent~-5~2026~1~28~_^inc~10~10~2026~1~28~_||-100,50,trans:100,en,2026,1,28|
insight	exp~10~10~2025~11~31~_^inc~trans~25.5~2026~5~10~c1^xfer~2~25.5~2026~0~1~c1||120,50,%a:0,zh,2025,11,31|
insight	exp~trans~0.5~2026~5~25~c1^exp~trans~10~2025~11~31~c1||120,0,,en,2026,5,25|
credit	exp~%a~nan~2026~0~1~a1^exp~2~nan~2026~5~25~a1^exp~%a~100~2026~5~25~a1^exp~rent~nan~2026~5~25~_^xfer~food~-5~2026~5~25~_|c1~卡c1~_~credit~-100~25~_^c2~卡c2~~credit~0~10~10|nan,nan,,zh,2026,5,25|
insight	exp~zz~-5~2026~0~1~a1||100,nan,,en,2026,5,25|
insight	||nan,nan,,en,2026,0,1|rent:🐾:自定义:Custom
insight	xfer~rent~100~2026~1~28~a1^exp~%a~-5~2026~5~25~a1^exp~trans~0.5~2026~1~28~a1^xfer~zz~100~2026~1~28~c1^exp~shop~0~2026~1~28~_^inc~2~10~2026~1~28~c1^xfer~%a~-5~2026~1~28~_||0,20,,en,2026,1,28|trans:🐾:自定义:%d
insight	xfer~shop~25.5~2026~0~1~c1^exp~trans~0~2026~5~25~a1||0,0,%a:10;rent:30,zh,2026,5,10|
insight	exp~%a~25.5~2026~5~25~c1^exp~%a~0~2026~5~11~a1^xfer~food~-5~2026~0~1~_^inc~zz~1~2026~5~10~c1^inc~trans~-5~2026~5~25~_^exp~food~10~2026~5~25~c1^exp~food~0~2026~5~25~c1||0,_,10:1,zh,2026,5,25|rent:🐾:%b:Custom
credit	inc~trans~25.5~2026~5~11~_^xfer~shop~1~2026~1~28~_^exp~rent~0~2026~1~28~a1|c1~卡c1~~credit~-100~15~20|0,20,2:1;shop:10;zz:nan;food:-1,en,2026,1,28|
credit	inc~2~100~2026~1~28~a1|c1~卡c1~~credit~-100~25~25|nan,50,trans:-1;zz:-1,en,2026,1,28|
credit	inc~food~nan~2026~1~28~c1^exp~shop~nan~2026~5~25~a1^exp~rent~33.33~2025~11~31~c1^exp~shop~0.5~2026~1~28~_|c1~卡c1~~credit~-100~15~20|-100,_,food:1;shop:10,zh,2026,1,28|
credit	inc~zz~100~2026~1~28~c1^exp~2~33.33~2026~5~25~a1^exp~2~25.5~2026~5~10~a1|c1~卡c1~Card c1~credit~-100~15~10^c2~卡c2~~credit~0~25~10|120,1000,%a:nan,zh,2026,5,10|
credit	exp~%a~0~2026~5~10~c1^inc~zz~0.5~2026~5~10~_^exp~shop~25.5~2026~5~10~a1^inc~zz~10~2026~5~10~_^inc~2~100~2026~1~28~a1^xfer~2~1~2026~5~10~c1^exp~%a~10~2026~5~10~_|c1~卡c1~~credit~0~10~25|120,nan,rent:1;trans:-1;10:30,en,2026,5,10|
credit	exp~%a~1~2026~5~10~_^inc~trans~25.5~2026~5~10~c1^inc~trans~10~2026~5~10~c1^exp~zz~1~2026~5~10~a1^inc~%a~-5~2026~5~10~c1^exp~10~nan~2026~5~11~c1^exp~2~0~2026~5~10~a1|c1~卡c1~Card c1~credit~-100~25~_^c2~卡c2~_~credit~0~10~10|nan,20,rent:-1;10:0;zz:-1,en,2026,5,10|
insight	xfer~zz~100~2026~1~28~c1^xfer~food~25.5~2026~1~28~a1^exp~shop~-5~2026~1~28~a1^xfer~food~25.5~2026~1~28~c1||1000,20,trans:nan;zz:100;%a:0;food:nan,zh,2026,1,28|10:🐾:自定义:%d
insight	||_,50,zz:10,en,2025,11,31|2:🐾:%b:%d
insight	exp~shop~33.33~2026~0~1~c1||nan,1000,food:0;zz:0,en,2026,0,1|
insight	exp~trans~33.33~2026~0~1~_||100,20,food:100;2:100,en,2026,0,1|food:🐾:%b:Custom
credit	exp~food~25.5~2025~11~31~c1^inc~rent~0.5~2026~0~1~a1^inc~trans~25.5~2026~1~28~c1^exp~trans~nan~2026~5~11~c1^inc~rent~33.33~2026~1~28~c1^xfer~2~100~2026~5~10~_^exp~trans~1~2026~0~1~a1|c1~卡c1~~credit~0~10~20^c2~卡c2~~credit~100~10~20|nan,_,2:1,zh,2026,1,28|
insight	inc~zz~-5~2026~5~10~_^exp~trans~33.33~2025~11~31~c1^exp~zz~1~2026~5~25~_^exp~%a~1~2026~5~10~c1^exp~shop~-5~2026~5~11~_^exp~shop~10~2025~11~31~_||_,50,10:-1;shop:1;2:100;zz:100,zh,2025,11,31|
insight	xfer~10~10~2025~11~31~a1^inc~trans~33.33~2026~1~28~a1^exp~trans~1~2026~1~28~c1||1000,0,,en,2026,1,28|%a:🐾:自定义:%d
insight	exp~food~100~2025~11~31~a1^exp~trans~10~2025~11~31~_^exp~10~33.33~2025~11~31~_^inc~zz~100~2025~11~31~_||-100,_,trans:10;rent:1;2:10;zz:10,zh,2025,11,31|
insight	exp~2~nan~2025~11~31~_^exp~trans~33.33~2025~11~31~_^inc~food~-5~2026~1~28~c1^inc~zz~25.5~2025~11~31~a1^exp~zz~-5~2025~11~31~c1^exp~shop~0~2025~11~31~c1||-100,20,10:100,en,2025,11,31|2:🐾:%b:%d
insight	exp~zz~25.5~2026~5~11~_^exp~trans~25.5~2026~5~11~_^xfer~%a~-5~2026~5~10~_^exp~2~0~2026~5~11~c1^exp~trans~1~2026~5~11~_^exp~2~10~2026~5~11~a1||nan,0,,zh,2026,5,11|
credit	exp~10~33.33~2026~5~25~a1|c1~卡c1~~credit~0~25~_|120,1000,shop:1,zh,2026,5,25|
credit	exp~shop~100~2026~5~25~_^xfer~2~100~2026~5~25~c1^exp~10~25.5~2026~5~25~_^exp~2~0~2026~5~25~_^xfer~10~-5~2026~5~25~c1^exp~shop~0~2026~5~25~c1|c1~卡c1~~credit~0~25~20^c2~卡c2~Card c2~credit~100~25~_|-100,nan,10:0,zh,2026,5,25|%a:🐾:%a:%d
credit	inc~food~10~2026~0~1~c1^exp~zz~nan~2026~0~1~_^xfer~trans~25.5~2026~0~1~a1^exp~%a~-5~2026~0~1~_^exp~10~-5~2026~5~25~c1^xfer~food~0.5~2026~0~1~c1^exp~2~25.5~2026~0~1~a1^inc~shop~0.5~2025~11~31~c1|c1~卡c1~Card c1~credit~100~15~_|-100,50,trans:1;10:100,en,2026,0,1|10:🐾:自定义:Custom
credit	inc~%a~10~2026~1~28~_^xfer~food~nan~2026~1~28~_|c1~卡c1~~credit~-100~15~_^c2~卡c2~Card c2~credit~-100~25~_|1000,_,2:nan;zz:1,en,2026,1,28|
insight	exp~%a~nan~2026~5~10~c1^exp~%a~nan~2026~5~10~_^inc~food~25.5~2026~5~10~_^exp~shop~0.5~2025~11~31~c1||1000,nan,,en,2026,5,10|
insight	exp~2~10~2025~11~31~c1^exp~shop~100~2026~5~25~_^exp~food~0~2026~5~25~a1^exp~2~0~2026~5~25~_^exp~rent~33.33~2025~11~31~_||_,nan,10:-1;2:0,zh,2026,5,25|10:🐾:%a:%d
insight	inc~trans~1~2025~11~31~a1^exp~shop~1~2025~11~31~a1^inc~trans~100~2025~11~31~_^exp~rent~100~2025~11~31~a1^exp~zz~33.33~2025~11~31~c1^inc~10~25.5~2025~11~31~a1||-100,20,rent:100;%a:-1;food:30,en,2025,11,31|trans:🐾:%b:%a
insight	exp~10~33.33~2025~11~31~c1||0,0,10:1;food:100;zz:0;rent:100,en,2025,11,31|
insight	exp~shop~33.33~2025~11~31~c1^exp~2~0~2026~5~11~_^exp~rent~-5~2026~1~28~a1||100,50,food:30;2:-1,en,2026,5,11|2:🐾:自定义:Custom
insight	xfer~trans~25.5~2026~5~25~a1^exp~10~100~2026~5~25~a1^inc~rent~25.5~2026~5~25~a1^exp~food~0~2026~5~25~_^exp~zz~0~2026~5~25~a1^inc~food~0~2026~5~25~a1||-100,1000,,en,2026,5,25|
insight	xfer~trans~-5~2026~5~10~_||_,nan,food:30;2:nan,zh,2026,5,11|
insight	exp~trans~0.5~2025~11~31~_^exp~trans~nan~2025~11~31~_^exp~rent~nan~2025~11~31~_^exp~food~25.5~2025~11~31~_^exp~rent~100~2025~11~31~a1||-100,0,shop:0,en,2025,11,31|
insight	exp~shop~10~2025~11~31~c1^exp~%a~33.33~2026~1~28~_^inc~food~0~2026~1~28~a1^exp~rent~33.33~2025~11~31~c1^exp~food~nan~2026~5~11~c1^exp~shop~nan~2026~1~28~c1^exp~food~nan~2026~1~28~_||120,20,zz:nan;%a:1;2:-1;trans:100,zh,2025,11,31|%a:🐾:%a:%a
insight	xfer~trans~0.5~2026~1~28~a1^xfer~food~-5~2026~1~28~a1^inc~food~nan~2025~11~31~_^xfer~%a~1~2026~1~28~c1^xfer~2~10~2026~5~10~_||1000,0,%a:nan;trans:1,zh,2026,1,28|
credit	exp~10~10~2025~11~31~a1^exp~trans~nan~2026~5~11~_^exp~10~0~2025~11~31~c1^exp~10~25.5~2025~11~31~a1^exp~%a~1~2026~5~10~_|c1~卡c1~~credit~100~15~25^c2~卡c2~Card c2~credit~100~25~10|-100,50,rent:30;2:1,en,2025,11,31|trans:🐾:%b:%d
insight	||0,0,,en,2026,1,28|
insight	exp~10~0.5~2026~0~1~a1^inc~2~10~2026~1~28~_^exp~shop~nan~2026~0~1~a1^xfer~rent~100~2026~0~1~a1^exp~trans~10~2026~0~1~a1^exp~2~1~2026~0~1~_^inc~2~10~2026~5~25~a1||120,1000,zz:1;trans:0;food:30,en,2026,0,1|
insight	xfer~%a~nan~2026~0~1~a1^exp~food~10~2026~0~1~c1^exp~zz~33.33~2025~11~31~_^exp~%a~25.5~2026~5~25~a1^exp~food~10~2026~0~1~_^exp~food~nan~2026~0~1~a1^exp~zz~-5~2026~0~1~a1||0,0,2:10;food:0,zh,2026,0,1|
credit	exp~shop~10~2026~0~1~c1^exp~10~nan~2026~0~1~_^xfer~%a~nan~2026~0~1~_^exp~zz~nan~2026~0~1~a1|c1~卡c1~~credit~0~15~10|100,20,food:1;shop:0,zh,2026,0,1|
insight	||100,20,zz:30;trans:-1,en,2026,0,1|shop:🐾:自定义:%d
insight	exp~food~0.5~2026~0~1~c1^exp~trans~-5~2026~0~1~c1^exp~food~0.5~2026~0~1~c1^inc~rent~1~2026~5~10~a1^exp~trans~33.33~2026~0~1~c1||1000,nan,zz:-1,en,2026,0,1|rent:🐾:%a:%d
insight	inc~rent~0.5~2026~0~1~c1^inc~trans~0~2026~0~1~_^exp~2~33.33~2026~0~1~a1^inc~10~1~2026~5~10~a1^inc~food~100~2026~1~28~a1^exp~food~nan~2026~0~1~_||nan,1000,,en,2026,0,1|
insight	||nan,nan,rent:30;trans:-1;2:1;food:30,zh,2026,5,25|
insight	exp~10~25.5~2026~5~11~a1^exp~shop~25.5~2026~5~10~a1^exp~2~0~2025~11~31~a1^exp~trans~nan~2026~5~11~a1^exp~%a~33.33~2026~5~11~_^exp~2~10~2026~5~11~_||-100,_,,en,2026,5,11|
insight	exp~10~0.5~2026~5~10~_^inc~rent~25.5~2026~5~10~_^exp~rent~33.33~2026~5~10~_^exp~%a~100~2026~1~28~_^exp~%a~-5~2026~5~10~_||-100,50,,zh,2026,5,10|shop:🐾:自定义:%a
credit	inc~rent~25.5~2026~1~28~c1|c1~卡c1~_~credit~100~15~_|0,20,zz:-1;trans:100;shop:30;10:30,en,2026,1,28|
insight	exp~%a~25.5~2026~0~1~a1^exp~trans~10~2026~5~10~c1^exp~shop~nan~2026~5~10~c1||1000,nan,food:1;10:100;rent:nan;%a:30,en,2026,5,10|trans:🐾:自定义:%a
insight	exp~rent~-5~2026~5~11~c1||100,_,zz:100;food:0;shop:nan;%a:30,en,2026,5,11|
credit	exp~trans~100~2026~1~28~_^exp~rent~-5~2025~11~31~a1^exp~zz~0~2026~0~1~_^exp~zz~1~2026~5~11~a1^exp~shop~0.5~2026~0~1~c1^exp~10~1~2026~0~1~a1^exp~rent~100~2026~0~1~_|c1~卡c1~_~credit~100~10~25^c2~卡c2~~credit~100~25~20|0,20,,en,2026,0,1|
insight	exp~%a~33.33~2026~5~10~c1^exp~trans~33.33~2026~5~10~a1^exp~shop~100~2026~5~10~a1^exp~rent~1~2026~5~10~_^inc~10~1~2026~5~10~c1^exp~rent~0~2026~5~10~a1^exp~%a~100~2026~1~28~c1||1000,0,10:nan;zz:0;%a:30,zh,2026,5,10|%a:🐾:%b:%d
insight	inc~2~0~2026~5~11~_^exp~trans~-5~2026~5~11~c1^xfer~trans~33.33~2026~1~28~c1^xfer~food~1~2026~5~11~_^exp~food~100~2026~5~11~c1^exp~trans~nan~2026~5~11~c1^exp~shop~-5~2026~5~11~c1^exp~rent~25.5~2026~5~11~a1||100,nan,%a:0;trans:100,zh,2026,5,11|
credit	exp~10~0.5~2026~1~28~c1|c1~卡c1~Card c1~credit~-100~10~20|nan,nan,10:nan,en,2026,1,28|rent:🐾:自定义:%a
credit	exp~10~0~2026~5~10~c1^inc~zz~100~2026~5~10~c1^exp~zz~100~2026~5~10~a1|c1~卡c1~~credit~100~10~10|1000,20,rent:0;shop:0;2:10;%a:-1,en,2026,5,10|
insight	inc~shop~nan~2025~11~31~_^exp~rent~nan~2025~11~31~c1^exp~trans~0.5~2025~11~31~c1^exp~rent~0~2025~11~31~a1^inc~2~-5~2025~11~31~a1||120,nan,%a:10;trans:nan;10:0;shop:-1,en,2025,11,31|10:🐾:%b:Custom
credit	exp~shop~0~2025~11~31~a1|c1~卡c1~~credit~-100~25~10^c2~卡c2~_~credit~0~15~_|nan,20,shop:1;zz:10,en,2025,11,31|
insight	exp~zz~25.5~2025~11~31~a1^exp~food~25.5~2025~11~31~a1^xfer~2~100~2026~5~10~_^exp~shop~nan~2026~5~25~a1||nan,nan,2:30,en,2026,5,10|
credit	exp~%a~0~2026~5~11~_^exp~zz~10~2026~1~28~a1^inc~trans~0~2026~5~11~_^exp~shop~1~2026~5~25~_^xfer~shop~100~2026~5~11~_^exp~trans~-5~2025~11~31~a1|c1~卡c1~~credit~-100~10~_^c2~卡c2~~credit~0~10~_|-100,50,,en,2026,5,11|
credit	exp~2~10~2026~5~10~_^exp~zz~25.5~2026~5~10~_^exp~shop~25.5~2026~5~10~c1^xfer~rent~33.33~2026~5~10~a1^exp~food~-5~2025~11~31~a1^exp~trans~1~2026~5~10~_^exp~shop~1~2026~0~1~a1^exp~food~-5~2026~5~25~a1|c1~卡c1~_~credit~100~10~_^c2~卡c2~~credit~100~25~20|100,1000,%a:0;10:nan;shop:nan,zh,2026,5,10|
credit	exp~10~0~2026~1~28~a1^exp~%a~1~2026~1~28~a1^xfer~rent~nan~2026~1~28~c1|c1~卡c1~~credit~-100~25~25|_,nan,%a:100;food:0,en,2026,1,28|
insight	exp~food~10~2026~1~28~c1^exp~trans~1~2026~5~10~a1^exp~2~0.5~2026~5~25~a1||0,_,10:100;rent:100;%a:100,en,2026,5,11|
insight	exp~%a~25.5~2026~5~10~c1^exp~zz~33.33~2026~5~11~c1^exp~shop~-5~2026~1~28~a1^exp~10~25.5~2025~11~31~c1^exp~2~0.5~2026~1~28~a1^exp~trans~0~2026~1~28~_^exp~10~33.33~2026~1~28~a1||120,20,food:10;trans:nan;rent:-1,en,2026,1,28|
credit	exp~%a~nan~2026~0~1~c1^exp~shop~0.5~2026~0~1~c1^inc~food~-5~2026~5~25~_^exp~10~100~2026~0~1~a1^exp~rent~0~2026~0~1~c1^exp~2~0.5~2026~1~28~c1|c1~卡c1~~credit~-100~10~_^c2~卡c2~~credit~-100~10~10|nan,nan,%a:nan;trans:0;10:nan;zz:-1,en,2026,0,1|10:🐾:自定义:%d
insight	exp~10~0~2026~5~11~_^exp~2~nan~2026~5~11~_^xfer~shop~0~2026~5~25~_^xfer~rent~10~2026~5~11~c1||100,1000,%a:1;zz:0;2:-1;trans:30,en,2026,5,11|
insight	||nan,0,,en,2026,5,11|
insight	exp~2~nan~2026~5~10~c1^exp~shop~10~2026~5~10~c1^inc~%a~25.5~2026~5~10~a1^exp~trans~100~2026~5~10~_||nan,50,zz:-1;shop:100,zh,2026,5,10|
credit	inc~shop~0.5~2026~5~25~a1^exp~trans~10~2026~5~25~c1^exp~food~100~2026~5~25~_^xfer~trans~1~2026~5~25~a1^xfer~10~10~2026~0~1~_|c1~卡c1~~credit~-100~25~20^c2~卡c2~~credit~-100~10~25|-100,0,,en,2026,5,25|
insight	exp~food~0~2026~1~28~_^exp~rent~33.33~2026~1~28~a1^exp~rent~100~2026~0~1~c1^exp~shop~-5~2026~0~1~c1^xfer~2~1~2026~0~1~a1||nan,_,,zh,2026,0,1|%a:🐾:%b:%a
insight	xfer~food~33.33~2026~5~10~c1^inc~rent~25.5~2026~5~10~c1^exp~rent~1~2026~5~10~_||1000,1000,2:-1;%a:10;rent:30,zh,2026,5,10|
insight	exp~%a~10~2026~0~1~_||-100,50,,en,2026,0,1|
insight	inc~shop~nan~2026~0~1~_^exp~zz~10~2025~11~31~_^xfer~shop~1~2025~11~31~_^exp~2~0.5~2026~0~1~c1^exp~zz~0~2025~11~31~c1^exp~10~-5~2026~0~1~a1^exp~trans~25.5~2025~11~31~c1||-100,_,zz:10;10:30;trans:-1;2:0,zh,2025,11,31|
insight	exp~rent~0~2026~1~28~a1||_,_,rent:-1;shop:-1;2:10,zh,2026,1,28|
insight	exp~food~nan~2026~0~1~_^inc~rent~33.33~2026~5~10~c1^xfer~10~100~2026~1~28~c1^exp~trans~1~2025~11~31~a1^exp~zz~nan~2025~11~31~_^inc~rent~1~2025~11~31~a1||120,_,,en,2025,11,31|
insight	exp~shop~25.5~2026~5~25~c1||-100,0,10:30;%a:30,zh,2026,5,25|
insight	exp~2~25.5~2026~5~10~_^xfer~trans~0.5~2026~5~10~a1^inc~zz~-5~2026~1~28~c1^inc~rent~nan~2026~5~10~_||100,0,10:nan;%a:0;2:0;shop:1,zh,2026,5,10|rent:🐾:%a:Custom
insight	||_,nan,%a:nan,en,2026,1,28|shop:🐾:%b:%d
insight	xfer~2~1~2026~5~25~a1^exp~rent~10~2026~5~25~a1^exp~zz~10~2025~11~31~a1^inc~rent~-5~2026~5~25~c1^xfer~zz~-5~2026~5~25~a1^exp~food~0.5~2026~5~25~a1^exp~shop~-5~2026~5~25~a1||0,50,,en,2026,5,25|zz:🐾:自定义:Custom
insight	exp~rent~1~2026~0~1~a1^inc~%a~33.33~2026~0~1~c1^exp~2~nan~2026~0~1~a1||_,nan,2:100;rent:1;%a:10;shop:nan,zh,2026,0,1|
insight	||100,nan,trans:30,en,2026,5,10|
insight	exp~rent~-5~2026~5~11~a1^exp~trans~0~2026~0~1~_^exp~shop~100~2026~0~1~_^inc~food~nan~2026~0~1~a1||nan,nan,shop:100;10:0;food:30,en,2026,0,1|
insight	exp~food~33.33~2026~5~25~a1^exp~2~10~2026~5~25~a1^exp~zz~1~2026~5~25~_^exp~trans~nan~2026~0~1~a1||1000,1000,%a:1;2:30,zh,2026,5,25|
insight	inc~food~25.5~2026~5~10~a1^exp~food~33.33~2026~0~1~a1^exp~trans~0~2026~0~1~a1^exp~shop~-5~2025~11~31~a1^exp~2~25.5~2026~0~1~c1||_,_,,zh,2026,0,1|shop:🐾:自定义:%a
insight	exp~zz~25.5~2025~11~31~a1^xfer~food~0.5~2026~5~10~a1^exp~food~10~2026~5~25~c1^exp~shop~0~2026~5~25~_^inc~%a~0.5~2025~11~31~a1^exp~shop~33.33~2026~5~25~_^exp~rent~0.5~2026~1~28~c1^exp~food~25.5~2026~5~25~a1||_,1000,food:1;trans:30;2:1;10:10,zh,2026,5,25|
insight	exp~food~0~2026~1~28~_^exp~rent~33.33~2025~11~31~_^exp~10~33.33~2025~11~31~_^exp~zz~25.5~2025~11~31~c1^xfer~trans~-5~2025~11~31~_||100,nan,,en,2025,11,31|
credit	exp~zz~0~2026~0~1~c1^exp~food~-5~2026~5~11~_^exp~trans~0~2026~0~1~_^xfer~2~1~2026~0~1~_^exp~zz~-5~2026~5~10~c1^inc~%a~0~2026~0~1~a1^inc~rent~33.33~2026~0~1~c1^exp~zz~0.5~2026~0~1~_|c1~卡c1~_~credit~100~25~25^c2~卡c2~_~credit~100~25~_|_,1000,%a:30,zh,2026,0,1|
credit	xfer~food~33.33~2026~1~28~a1^exp~%a~1~2026~5~10~c1^exp~food~10~2026~0~1~_|c1~卡c1~Card c1~credit~0~15~25^c2~卡c2~~credit~100~25~10|120,20,food:-1;trans:1,zh,2026,1,28|
insight	||100,1000,shop:10;rent:-1,en,2026,5,10|
insight	xfer~2~0.5~2026~5~10~c1^xfer~food~33.33~2026~5~10~a1^exp~%a~0~2025~11~31~_^exp~food~1~2026~0~1~c1^exp~2~1~2026~5~10~_^inc~shop~33.33~2026~5~10~a1^exp~2~-5~2026~1~28~c1||_,50,%a:nan,zh,2026,5,10|
credit	exp~%a~100~2025~11~31~c1^exp~2~0.5~2025~11~31~c1^inc~10~33.33~2026~5~25~_^exp~shop~0~2025~11~31~_^exp~%a~0.5~2026~0~1~a1^exp~10~0.5~2025~11~31~c1^exp~food~25.5~2025~11~31~a1^exp~trans~33.33~2025~11~31~c1|c1~卡c1~~credit~-100~15~25^c2~卡c2~~credit~0~10~_|120,nan,rent:10,en,2025,11,31|
insight	xfer~10~0~2026~5~10~_^exp~10~0.5~2026~5~11~a1^exp~shop~nan~2026~5~11~_^xfer~2~25.5~2025~11~31~c1^inc~shop~nan~2026~5~11~c1^xfer~%a~nan~2026~5~11~a1||1000,1000,,en,2026,5,11|
insight	exp~trans~10~2026~1~28~_^exp~rent~nan~2026~1~28~a1^exp~trans~1~2026~5~25~a1^xfer~shop~10~2026~5~10~_^exp~10~25.5~2026~1~28~c1^exp~10~10~2026~1~28~a1||1000,1000,%a:-1;trans:0;2:1,en,2026,1,28|
credit	exp~rent~25.5~2025~11~31~_^inc~rent~0~2026~1~28~a1|c1~卡c1~~credit~0~15~_|0,1000,food:100;%a:1;zz:1,zh,2025,11,31|
insight	xfer~2~33.33~2026~0~1~_^inc~shop~0~2026~1~28~_||100,_,2:10;trans:nan;%a:10,en,2026,1,28|
insight	exp~10~1~2025~11~31~c1^exp~zz~100~2026~5~11~c1^exp~rent~10~2026~5~11~a1^xfer~trans~100~2026~5~11~_^exp~rent~0.5~2026~5~11~_||nan,_,food:10;10:nan;shop:-1;zz:100,en,2026,5,11|
credit	inc~2~33.33~2026~1~28~a1^exp~rent~10~2026~1~28~c1^exp~%a~1~2026~0~1~_^exp~trans~-5~2026~5~25~c1^xfer~food~0~2025~11~31~c1|c1~卡c1~~credit~100~10~20|0,50,zz:30,zh,2026,1,28|
insight	exp~shop~100~2026~1~28~a1^exp~zz~100~2026~0~1~a1||nan,50,trans:0;10:-1,en,2026,1,28|
insight	exp~%a~10~2026~0~1~_||120,_,food:10;%a:100,zh,2026,0,1|10:🐾:%a:%a
insight	xfer~%a~100~2026~5~11~a1||0,0,shop:0;zz:0;trans:-1;%a:1,zh,2026,1,28|
credit	exp~trans~10~2026~0~1~c1^xfer~shop~33.33~2026~0~1~c1^xfer~shop~33.33~2026~0~1~a1^exp~zz~nan~2025~11~31~a1^exp~food~33.33~2025~11~31~_^exp~zz~33.33~2026~5~11~_^exp~%a~33.33~2026~0~1~_|c1~卡c1~_~credit~-100~15~20|100,_,2:0;zz:100,zh,2026,0,1|
insight	inc~zz~nan~2026~1~28~a1^exp~food~33.33~2026~0~1~c1||_,20,zz:1,en,2026,5,10|
insight	xfer~zz~25.5~2026~5~25~c1^exp~shop~nan~2026~1~28~c1^xfer~trans~nan~2026~5~25~c1^exp~zz~0.5~2026~5~25~c1^inc~%a~100~2026~5~25~a1^exp~rent~25.5~2026~5~25~_^xfer~trans~1~2026~5~25~c1^exp~rent~-5~2026~5~25~a1||0,1000,10:30;zz:nan,en,2026,5,25|shop:🐾:%a:Custom
credit	exp~trans~10~2026~5~10~_^exp~10~0.5~2026~5~10~a1^exp~shop~-5~2026~5~10~c1^exp~shop~10~2026~5~10~_^exp~10~-5~2026~5~10~_^exp~10~10~2026~5~25~c1^exp~rent~0.5~2026~5~10~a1|c1~卡c1~~credit~100~15~_^c2~卡c2~~credit~100~15~20|120,0,%a:1,zh,2026,5,10|
insight	||100,0,%a:-1;10:1,en,2026,5,25|
insight	||1000,20,,zh,2026,5,11|
credit	inc~zz~100~2026~0~1~c1^inc~10~33.33~2026~1~28~a1^exp~rent~100~2026~5~25~c1^exp~trans~100~2026~1~28~a1^xfer~rent~nan~2026~5~25~a1^exp~food~10~2025~11~31~a1^xfer~food~33.33~2026~5~10~a1|c1~卡c1~~credit~100~15~20^c2~卡c2~~credit~0~25~10|120,1000,shop:30;trans:30;%a:1;rent:-1,en,2026,5,25|food:🐾:%a:%d
insight	exp~2~1~2026~1~28~c1^inc~zz~0~2026~1~28~c1^xfer~10~1~2026~1~28~a1^exp~food~0.5~2026~1~28~a1^exp~rent~-5~2026~1~28~a1^exp~zz~-5~2026~1~28~a1||1000,50,zz:-1;10:30,en,2026,1,28|
insight	xfer~rent~-5~2026~1~28~c1^exp~%a~0.5~2026~5~11~a1^exp~2~0~2026~1~28~a1^xfer~zz~25.5~2026~1~28~c1^exp~10~33.33~2026~1~28~a1||100,nan,rent:100,en,2026,1,28|
insight	exp~shop~-5~2026~5~11~c1^exp~2~nan~2026~5~10~c1^xfer~zz~33.33~2026~5~11~a1^exp~trans~1~2026~5~11~c1^exp~trans~nan~2026~5~25~_^exp~2~0.5~2025~11~31~a1||nan,1000,zz:1;shop:0,en,2026,5,11|
insight	||_,_,2:0;rent:0;food:0;trans:100,zh,2025,11,31|
insight	||-100,nan,trans:10;food:10;rent:0;10:100,zh,2026,5,11|
credit	exp~%a~33.33~2025~11~31~a1^xfer~zz~0~2026~0~1~a1^exp~zz~10~2025~11~31~a1^inc~2~0~2025~11~31~c1^inc~rent~33.33~2025~11~31~a1^inc~2~nan~2025~11~31~c1^exp~10~33.33~2025~11~31~c1^inc~rent~10~2025~11~31~c1|c1~卡c1~_~credit~-100~10~_^c2~卡c2~~credit~100~15~10|-100,50,%a:1;shop:100;2:0;10:-1,zh,2025,11,31|rent:🐾:%b:%d
credit	exp~zz~10~2026~5~10~_^exp~rent~nan~2026~5~10~a1^inc~10~0.5~2026~5~10~a1^exp~food~33.33~2026~5~10~a1^inc~%a~nan~2025~11~31~a1^inc~trans~0~2026~5~10~a1|c1~卡c1~Card c1~credit~0~25~20|_,20,food:nan,zh,2026,5,10|%a:🐾:自定义:Custom
credit	|c1~卡c1~~credit~-100~15~_|_,nan,trans:0,zh,2026,1,28|
credit	inc~rent~nan~2026~5~11~a1^xfer~rent~nan~2025~11~31~c1|c1~卡c1~~credit~0~25~20^c2~卡c2~~credit~-100~15~_|120,_,rent:1,zh,2025,11,31|
credit	|c1~卡c1~~credit~-100~10~20^c2~卡c2~_~credit~-100~15~25|nan,_,zz:nan;shop:10;10:1,en,2026,5,10|
credit	exp~shop~100~2025~11~31~a1^exp~%a~0.5~2026~5~11~c1^inc~food~25.5~2026~5~10~c1^inc~rent~0.5~2026~5~11~a1^xfer~%a~25.5~2026~5~11~a1|c1~卡c1~~credit~0~10~_^c2~卡c2~_~credit~-100~10~10|100,_,,en,2026,5,11|10:🐾:%b:%d
insight	exp~shop~nan~2026~5~11~_^exp~trans~33.33~2026~5~11~a1^exp~%a~0~2026~5~11~c1^exp~rent~100~2026~5~11~c1^xfer~shop~33.33~2026~5~11~a1^exp~rent~-5~2026~1~28~c1||nan,0,2:-1;food:100,zh,2026,5,11|
credit	|c1~卡c1~~credit~0~10~_|100,_,10:nan;%a:0,en,2026,5,25|
credit	exp~2~10~2025~11~31~c1^exp~zz~1~2025~11~31~_^exp~%a~10~2026~5~10~c1^exp~10~10~2025~11~31~_^inc~%a~0~2025~11~31~a1^exp~food~100~2026~1~28~_^exp~food~25.5~2025~11~31~_|c1~卡c1~~credit~100~10~25^c2~卡c2~_~credit~0~15~_|100,50,trans:30,en,2025,11,31|
insight	exp~2~1~2026~5~11~c1^xfer~shop~1~2026~5~10~_^exp~rent~nan~2026~5~10~c1^inc~trans~100~2026~5~10~c1^exp~shop~33.33~2026~5~10~c1||0,0,,zh,2026,5,10|
insight	inc~2~0~2026~1~28~_^exp~zz~33.33~2026~1~28~c1^exp~trans~nan~2026~1~28~a1^exp~10~1~2026~1~28~a1^exp~food~33.33~2026~0~1~_^exp~shop~10~2026~5~25~_^xfer~food~100~2026~1~28~c1^exp~2~0~2026~1~28~a1||-100,nan,,zh,2026,1,28|
insight	inc~food~-5~2026~5~11~c1^exp~2~0.5~2026~5~11~a1^exp~2~nan~2026~5~11~_||_,_,food:100,zh,2026,5,11|
insight	inc~2~0.5~2026~5~11~a1^exp~shop~33.33~2026~5~11~_^xfer~rent~0~2026~5~11~c1^exp~food~100~2026~0~1~_^exp~zz~10~2026~5~11~c1||-100,_,%a:nan;zz:100;trans:1,en,2026,5,11|
insight	exp~rent~25.5~2025~11~31~c1^exp~shop~1~2026~5~25~_^exp~%a~-5~2025~11~31~_^exp~rent~-5~2025~11~31~_^xfer~shop~10~2025~11~31~a1^exp~%a~33.33~2026~5~10~c1||0,1000,food:30;2:10;shop:100,en,2025,11,31|
insight	exp~2~1~2026~0~1~_^xfer~food~25.5~2026~5~11~_^inc~trans~0~2026~5~11~c1^xfer~trans~0.5~2026~5~11~_^inc~shop~0.5~2025~11~31~c1^exp~shop~100~2026~5~11~_||_,20,rent:-1,zh,2026,5,11|food:🐾:%b:Custom
credit	exp~trans~-5~2026~0~1~c1^inc~shop~10~2026~0~1~_^exp~rent~10~2026~0~1~_^exp~rent~10~2026~5~10~_^inc~zz~10~2026~0~1~_|c1~卡c1~_~credit~-100~25~25^c2~卡c2~~credit~0~10~10|100,1000,food:nan;2:0;rent:0,en,2026,0,1|
insight	||_,1000,rent:0;%a:1;food:0,en,2025,11,31|shop:🐾:%b:Custom
credit	inc~trans~nan~2026~5~10~_^xfer~%a~25.5~2025~11~31~c1^exp~10~-5~2025~11~31~_^exp~food~nan~2025~11~31~_^exp~shop~1~2025~11~31~c1|c1~卡c1~~credit~0~10~25|_,1000,10:0;shop:-1;zz:1;%a:100,en,2025,11,31|
insight	exp~2~25.5~2026~5~10~_||120,1000,trans:100;%a:1;10:nan,en,2026,5,25|
insight	||nan,50,10:1;%a:-1;food:nan;zz:10,en,2026,5,10|
insight	exp~food~nan~2026~1~28~a1||_,nan,,en,2026,1,28|
insight	exp~2~25.5~2026~1~28~a1||-100,1000,2:1,zh,2026,1,28|
credit	xfer~2~0.5~2026~5~10~a1|c1~卡c1~Card c1~credit~-100~10~20^c2~卡c2~~credit~-100~15~25|nan,0,zz:-1;2:-1;rent:100;trans:10,en,2026,5,10|
insight	exp~food~0.5~2026~5~10~_^exp~10~0~2026~5~11~a1^exp~food~0.5~2026~5~11~a1^exp~food~1~2026~5~11~_^exp~shop~-5~2026~5~11~a1^exp~food~0~2026~5~11~a1||0,20,,zh,2026,5,11|
credit	inc~trans~100~2026~1~28~c1^exp~zz~0.5~2026~1~28~a1^exp~zz~25.5~2026~1~28~c1^exp~zz~100~2026~1~28~_|c1~卡c1~~credit~-100~25~_^c2~卡c2~~credit~0~15~10|nan,50,rent:-1;shop:0;trans:30;zz:1,en,2026,1,28|
insight	inc~zz~10~2026~1~28~a1^exp~2~25.5~2026~5~25~_^inc~rent~1~2026~5~25~_||nan,_,%a:-1;zz:0,zh,2026,5,25|
insight	exp~shop~0~2025~11~31~_^exp~%a~10~2026~5~25~_^exp~%a~25.5~2025~11~31~c1||100,20,,zh,2025,11,31|
insight	exp~2~-5~2025~11~31~a1^exp~food~nan~2025~11~31~c1^exp~10~0.5~2026~1~28~_^exp~10~100~2025~11~31~a1^exp~trans~0.5~2025~11~31~_||100,20,2:nan;trans:30,zh,2025,11,31|
insight	inc~shop~1~2025~11~31~_^xfer~rent~33.33~2025~11~31~a1^exp~rent~0~2025~11~31~c1||0,_,shop:0;rent:nan;10:-1;%a:30,en,2025,11,31|
insight	exp~food~33.33~2025~11~31~a1||_,0,,zh,2026,5,25|
insight	xfer~trans~0.5~2026~5~25~a1^exp~%a~10~2026~5~25~_^xfer~food~33.33~2026~5~10~a1||120,0,,zh,2026,5,25|food:🐾:%a:%d
insight	exp~zz~25.5~2026~5~10~a1^inc~zz~1~2026~5~10~c1||-100,_,,en,2026,5,10|
insight	exp~zz~0~2026~5~10~a1^xfer~2~0.5~2026~0~1~c1^inc~food~25.5~2026~0~1~c1^exp~shop~0~2026~0~1~c1^inc~rent~33.33~2026~0~1~c1||nan,20,trans:30;%a:nan;2:0,en,2026,0,1|
credit	exp~%a~10~2026~0~1~c1^xfer~zz~25.5~2026~0~1~_^exp~zz~0.5~2026~5~25~a1|c1~卡c1~~credit~0~25~20|0,1000,,zh,2026,0,1|
credit	exp~2~25.5~2026~5~10~a1^xfer~10~0~2026~0~1~c1^exp~rent~nan~2025~11~31~c1^inc~10~nan~2026~0~1~a1|c1~卡c1~Card c1~credit~0~10~25^c2~卡c2~_~credit~-100~10~_|_,0,,en,2026,0,1|shop:🐾:%a:Custom
insight	exp~trans~25.5~2026~0~1~_^exp~10~10~2025~11~31~_^exp~trans~nan~2026~0~1~c1^exp~2~0~2026~0~1~a1^xfer~food~nan~2026~0~1~c1^inc~food~-5~2026~5~11~_^exp~10~0.5~2026~0~1~a1^exp~rent~33.33~2026~0~1~_||nan,50,2:0;10:1;%a:100,zh,2026,0,1|
insight	xfer~food~25.5~2026~1~28~_^exp~food~33.33~2026~0~1~c1^exp~rent~0.5~2026~5~11~_^inc~trans~25.5~2026~1~28~c1^inc~food~33.33~2026~0~1~_||-100,0,rent:100;zz:nan,zh,2026,0,1|
insight	||-100,1000,rent:-1;trans:30,zh,2026,5,25|
insight	exp~zz~0~2026~0~1~_^inc~zz~-5~2026~0~1~_^inc~trans~1~2026~0~1~a1^exp~zz~33.33~2026~5~25~c1^exp~2~100~2026~0~1~_||100,nan,,zh,2026,0,1|
insight	||-100,0,,zh,2026,0,1|
insight	inc~rent~33.33~2026~5~11~c1^exp~shop~10~2026~5~11~a1^exp~shop~10~2026~5~11~_||-100,50,%a:1;rent:-1,zh,2026,5,11|
insight	inc~rent~33.33~2026~1~28~a1^xfer~%a~0.5~2026~5~25~c1^exp~10~0~2026~5~10~c1^inc~rent~100~2026~0~1~c1^exp~2~1~2026~1~28~a1^xfer~zz~0~2026~5~10~a1^exp~trans~-5~2026~1~28~a1||_,0,10:-1,en,2026,1,28|zz:🐾:%a:Custom
insight	exp~shop~1~2025~11~31~c1^xfer~shop~0.5~2026~1~28~a1^exp~shop~33.33~2026~1~28~a1^inc~2~nan~2026~1~28~a1^exp~shop~100~2025~11~31~c1^exp~%a~-5~2026~5~11~a1^inc~rent~100~2026~5~10~_^exp~trans~nan~2026~1~28~a1||-100,50,shop:10;rent:-1;2:30,zh,2026,1,28|
insight	exp~2~1~2026~5~10~_^exp~10~0~2026~5~10~c1^exp~10~100~2026~1~28~c1^exp~shop~0~2026~5~10~c1^exp~food~100~2026~0~1~_^exp~%a~0~2026~5~10~a1^inc~zz~0.5~2026~5~10~c1||0,nan,trans:1;shop:1;10:0,en,2026,5,10|
credit	exp~shop~nan~2026~0~1~c1^exp~%a~nan~2026~5~25~c1|c1~卡c1~~credit~0~10~10|1000,nan,%a:30;food:-1;shop:0;2:-1,zh,2026,1,28|10:🐾:%a:Custom
insight	||_,20,10:-1;rent:10;shop:-1;2:30,zh,2025,11,31|
insight	exp~2~-5~2026~5~10~a1^exp~2~25.5~2026~5~11~c1^exp~%a~0~2026~0~1~a1^exp~zz~10~2026~1~28~_^exp~2~25.5~2025~11~31~c1^inc~rent~10~2025~11~31~c1||_,50,,zh,2025,11,31|
insight	exp~trans~33.33~2026~5~11~a1^exp~2~-5~2026~5~11~_^exp~food~1~2026~5~11~a1^exp~rent~1~2026~5~11~_^exp~%a~0.5~2026~5~11~_^exp~10~33.33~2026~5~11~_||-100,0,%a:10,zh,2026,5,11|
credit	inc~food~0.5~2025~11~31~a1^exp~food~1~2026~5~10~a1^exp~%a~-5~2026~5~10~c1^exp~food~25.5~2026~5~10~a1|c1~卡c1~Card c1~credit~-100~25~25|_,_,trans:0;food:0,zh,2026,5,10|zz:🐾:%a:%d
insight	inc~2~10~2025~11~31~c1^xfer~shop~0~2026~5~11~a1^exp~2~-5~2025~11~31~_^exp~shop~1~2025~11~31~_^inc~food~0.5~2026~5~11~_||-100,1000,10:1,zh,2025,11,31|food:🐾:%b:Custom
insight	exp~food~33.33~2026~0~1~_^exp~food~33.33~2026~5~11~a1^exp~trans~33.33~2026~5~11~a1^exp~10~10~2026~5~11~_^exp~zz~25.5~2026~5~11~c1||nan,0,zz:100,zh,2026,5,11|
insight	||0,nan,rent:1,zh,2025,11,31|
credit	exp~rent~1~2026~1~28~a1|c1~卡c1~~credit~100~10~25|0,50,zz:10;rent:-1;shop:10,en,2026,1,28|
insight	exp~%a~10~2026~0~1~a1^exp~10~25.5~2026~5~10~c1^xfer~%a~1~2026~0~1~c1||_,50,10:0;%a:1;trans:1;2:10,zh,2026,0,1|
insight	||_,0,shop:nan;trans:10,en,2026,5,11|food:🐾:%a:Custom
insight	inc~trans~33.33~2026~1~28~a1^exp~trans~nan~2025~11~31~a1^inc~%a~100~2026~1~28~a1^inc~rent~1~2026~1~28~c1^inc~shop~0.5~2026~1~28~a1^exp~%a~25.5~2026~1~28~c1^exp~%a~33.33~2025~11~31~c1^exp~trans~25.5~2026~1~28~c1||1000,50,,zh,2026,1,28|
insight	exp~trans~0~2026~5~10~c1^exp~10~nan~2025~11~31~c1^exp~%a~nan~2025~11~31~_^inc~%a~33.33~2025~11~31~a1^exp~rent~0~2025~11~31~_^exp~food~0~2025~11~31~a1^exp~2~25.5~2025~11~31~a1||_,50,zz:1,zh,2025,11,31|
insight	||nan,50,,en,2026,5,25|zz:🐾:自定义:Custom
insight	xfer~10~nan~2026~5~10~c1^exp~10~nan~2026~1~28~a1^exp~trans~100~2026~1~28~_^inc~shop~33.33~2026~1~28~a1^inc~food~0.5~2026~5~11~_^inc~10~0.5~2026~1~28~_^inc~10~10~2026~1~28~_^inc~food~100~2026~1~28~a1||0,0,rent:10;trans:1;zz:1,zh,2026,1,28|
insight	xfer~rent~nan~2026~1~28~a1^exp~10~1~2026~1~28~a1^exp~2~0.5~2026~5~10~c1^exp~2~10~2026~1~28~a1^exp~rent~0~2026~1~28~_^exp~food~10~2026~1~28~a1^xfer~10~10~2026~1~28~c1^exp~food~1~2026~1~28~c1||1000,_,shop:0;rent:30;10:10;trans:10,en,2026,1,28|
insight	inc~shop~-5~2026~1~28~a1^exp~10~0~2026~1~28~_||1000,nan,,en,2026,1,28|
insight	exp~food~33.33~2026~5~10~_^exp~shop~25.5~2025~11~31~_^exp~%a~0~2025~11~31~a1^exp~rent~nan~2025~11~31~_^xfer~food~0~2025~11~31~a1^xfer~%a~25.5~2025~11~31~c1^exp~shop~33.33~2026~5~11~a1^exp~%a~33.33~2025~11~31~_||0,1000,rent:1,en,2025,11,31|
insight	inc~zz~1~2026~0~1~c1^exp~trans~100~2026~0~1~_^exp~2~-5~2026~0~1~c1^exp~trans~1~2026~0~1~_^exp~rent~0.5~2026~0~1~c1^inc~food~25.5~2026~0~1~c1^exp~2~0.5~2026~0~1~c1||100,1000,,zh,2026,0,1|
insight	exp~shop~nan~2026~5~25~a1^xfer~trans~33.33~2026~5~25~c1^exp~10~nan~2026~5~11~a1^exp~rent~10~2026~5~25~_^xfer~%a~1~2026~5~10~a1^exp~trans~-5~2026~5~25~a1^exp~2~0.5~2025~11~31~a1||100,20,,zh,2026,5,25|10:🐾:%a:%d
insight	inc~rent~0.5~2026~5~25~a1^exp~rent~1~2026~5~11~a1^exp~10~100~2026~1~28~a1^inc~shop~0~2026~1~28~_^exp~zz~1~2025~11~31~a1^xfer~trans~0.5~2025~11~31~c1||1000,0,food:0,en,2025,11,31|%a:🐾:%b:%a
insight	exp~food~10~2026~0~1~_||120,0,trans:10;rent:-1;10:0;2:30,zh,2026,0,1|
insight	exp~zz~nan~2026~0~1~_^inc~shop~25.5~2026~5~25~a1^exp~food~10~2026~5~11~_^exp~trans~0.5~2026~1~28~c1^exp~10~0~2026~0~1~a1^exp~shop~25.5~2025~11~31~c1||0,_,2:100,en,2026,5,25|
credit	|c1~卡c1~~credit~100~25~_^c2~卡c2~_~credit~100~25~25|1000,50,rent:30;food:30,en,2026,5,11|
insight	exp~10~nan~2026~5~11~a1^exp~2~-5~2026~5~11~a1^exp~10~100~2026~0~1~a1^exp~2~0.5~2026~5~11~_||1000,nan,,zh,2026,5,11|
insight	exp~zz~33.33~2026~1~28~c1^xfer~shop~-5~2026~1~28~c1^exp~food~1~2026~1~28~_^exp~food~33.33~2026~5~11~_^exp~trans~25.5~2026~1~28~a1||100,0,%a:nan,zh,2026,1,28|
insight	exp~trans~1~2026~0~1~_||0,0,,zh,2026,0,1|
insight	exp~shop~0.5~2026~1~28~a1^exp~%a~0.5~2026~1~28~c1^inc~food~nan~2026~1~28~_^exp~trans~1~2026~1~28~c1||120,50,shop:nan;trans:10;10:0;rent:-1,en,2026,1,28|
insight	exp~trans~0~2026~5~11~_||120,1000,zz:-1;%a:-1,zh,2026,5,11|
insight	xfer~2~nan~2026~0~1~c1^exp~10~33.33~2026~0~1~a1^exp~shop~0.5~2026~0~1~_^inc~zz~33.33~2026~0~1~a1^exp~trans~25.5~2026~0~1~_||120,nan,rent:10;zz:nan,zh,2026,0,1|
credit	exp~2~0~2026~1~28~c1^exp~10~10~2025~11~31~_^exp~trans~0~2025~11~31~a1|c1~卡c1~~credit~0~25~25^c2~卡c2~_~credit~0~15~25|1000,_,10:nan;shop:nan;2:100;food:0,zh,2025,11,31|
credit	exp~%a~nan~2026~1~28~a1^exp~10~100~2026~1~28~a1^exp~rent~1~2026~0~1~a1|c1~卡c1~Card c1~credit~100~15~25|-100,1000,,zh,2026,1,28|zz:🐾:%a:Custom
insight	exp~10~nan~2026~1~28~c1^exp~%a~nan~2026~5~10~_^exp~10~nan~2026~5~10~_^exp~2~nan~2026~5~10~_^exp~shop~33.33~2026~5~25~c1||120,20,shop:30;%a:10;trans:1,en,2026,5,10|
insight	xfer~10~-5~2026~5~25~c1^exp~shop~100~2026~5~11~c1^xfer~%a~100~2026~5~25~c1^exp~trans~25.5~2026~5~25~c1^inc~food~nan~2026~5~11~a1^exp~rent~100~2026~5~25~a1^xfer~shop~33.33~2026~5~25~a1||100,1000,rent:30;2:0,zh,2026,5,25|shop:🐾:%a:%d
credit	exp~food~0.5~2025~11~31~_^exp~10~-5~2025~11~31~c1^exp~rent~1~2025~11~31~_^xfer~zz~0~2025~11~31~a1^xfer~rent~1~2025~11~31~_^exp~zz~100~2025~11~31~_^xfer~2~1~2026~5~11~_^exp~rent~10~2025~11~31~_|c1~卡c1~_~credit~0~15~10|-100,_,10:100,en,2025,11,31|
credit	exp~%a~nan~2026~0~1~_^inc~zz~-5~2026~5~11~_^exp~%a~0~2026~5~11~_^exp~rent~33.33~2026~0~1~c1^inc~rent~-5~2026~0~1~a1^inc~trans~0.5~2025~11~31~c1^inc~%a~25.5~2026~0~1~a1^exp~zz~nan~2026~0~1~c1|c1~卡c1~_~credit~-100~15~20|120,nan,zz:nan;shop:-1;10:100;rent:1,en,2026,0,1|
insight	exp~%a~0.5~2026~5~10~c1^exp~food~0.5~2026~5~25~a1^exp~rent~100~2026~5~25~_^xfer~food~0~2026~5~25~c1||nan,20,%a:30;zz:0,en,2026,5,25|%a:🐾:%a:%d
insight	||nan,0,food:30,zh,2026,5,11|rent:🐾:%b:Custom
insight	xfer~zz~0~2026~5~10~c1^exp~zz~1~2026~5~10~a1^inc~rent~0.5~2026~5~11~a1^exp~10~0.5~2026~5~10~_^exp~food~1~2026~5~10~a1^xfer~2~0~2026~5~25~c1^exp~%a~10~2026~5~10~c1^xfer~10~nan~2025~11~31~a1||120,nan,shop:nan;2:100,en,2026,5,10|
insight	exp~%a~100~2026~5~25~c1^xfer~shop~10~2026~5~10~c1^exp~zz~nan~2026~5~25~a1^inc~trans~-5~2026~5~10~c1^exp~shop~10~2026~1~28~c1^exp~%a~0.5~2026~5~10~a1^xfer~%a~100~2026~5~10~c1||-100,_,shop:0;zz:10;trans:10,zh,2026,5,10|food:🐾:%b:%a
insight	exp~2~33.33~2026~1~28~_^exp~2~nan~2026~1~28~_^inc~%a~-5~2026~1~28~a1^xfer~trans~nan~2025~11~31~_^xfer~%a~nan~2026~1~28~c1||0,1000,%a:nan,zh,2026,1,28|
insight	xfer~rent~-5~2026~0~1~c1^exp~zz~33.33~2026~5~10~c1^exp~food~0~2026~0~1~_^xfer~zz~0.5~2026~0~1~_^xfer~food~100~2026~0~1~_^exp~rent~100~2026~0~1~c1^xfer~zz~0~2026~0~1~a1||-100,nan,,zh,2026,0,1|
insight	exp~trans~1~2025~11~31~c1^exp~shop~25.5~2026~5~25~_^exp~shop~1~2026~5~11~c1^exp~rent~1~2026~5~11~c1^exp~2~25.5~2026~5~11~a1^exp~10~100~2026~0~1~a1^exp~zz~100~2026~5~25~c1||0,1000,rent:30;trans:10;shop:10,en,2026,5,11|trans:🐾:%b:%a
credit	exp~%a~25.5~2025~11~31~_|c1~卡c1~_~credit~0~15~_|0,0,food:100;zz:30;shop:1;10:0,zh,2025,11,31|
insight	exp~shop~0~2026~5~10~c1^exp~rent~33.33~2026~1~28~_^exp~food~0~2026~1~28~a1||-100,nan,10:1;rent:-1,zh,2026,1,28|trans:🐾:%b:%d
credit	xfer~2~10~2026~0~1~c1^xfer~2~10~2026~1~28~c1^inc~food~nan~2026~0~1~a1^exp~rent~-5~2026~1~28~a1^exp~trans~25.5~2026~1~28~a1^exp~rent~10~2026~1~28~a1^exp~rent~10~2026~1~28~c1|c1~卡c1~Card c1~credit~-100~15~20|nan,1000,10:10;shop:10;%a:1;2:0,zh,2026,1,28|
credit	exp~zz~25.5~2026~0~1~_^exp~rent~100~2026~0~1~a1^xfer~zz~1~2026~1~28~a1^exp~rent~nan~2026~5~11~_^exp~zz~0~2026~0~1~_|c1~卡c1~~credit~-100~15~25^c2~卡c2~~credit~-100~25~25|_,1000,food:30;10:1,en,2026,0,1|
insight	exp~food~100~2026~0~1~_^exp~%a~0~2026~0~1~c1^exp~2~0.5~2026~0~1~c1^exp~10~33.33~2026~5~10~_^exp~2~0.5~2026~0~1~_||nan,nan,%a:0;food:30,zh,2026,0,1|
insight	xfer~%a~1~2026~5~10~c1^exp~shop~1~2026~5~25~_^exp~trans~nan~2026~5~10~a1^exp~zz~-5~2026~1~28~_^exp~shop~10~2025~11~31~a1^exp~food~100~2025~11~31~_^inc~zz~-5~2026~5~10~c1^inc~%a~100~2025~11~31~c1||100,1000,shop:10;food:10;%a:30,zh,2026,5,10|
insight	exp~%a~10~2026~1~28~c1^exp~zz~1~2026~1~28~c1^exp~trans~33.33~2026~1~28~_^inc~%a~nan~2026~5~10~_^exp~trans~10~2026~5~10~c1^exp~10~100~2026~1~28~c1^exp~zz~10~2026~5~10~_||-100,0,rent:-1;shop:1,en,2026,1,28|
credit	exp~%a~-5~2026~5~10~_^exp~rent~25.5~2026~1~28~c1^exp~%a~0~2026~5~10~c1^xfer~trans~0.5~2026~5~10~a1^exp~shop~0.5~2026~0~1~a1^xfer~%a~0.5~2026~5~10~_^exp~10~1~2026~5~10~_|c1~卡c1~Card c1~credit~100~15~10^c2~卡c2~_~credit~100~10~_|100,20,rent:0;2:-1;shop:-1,zh,2026,5,10|
insight	exp~rent~10~2026~5~11~c1||100,_,shop:10;zz:-1;food:1;10:0,en,2025,11,31|
credit	exp~zz~-5~2026~0~1~_^exp~2~100~2026~0~1~a1^exp~%a~1~2026~0~1~a1|c1~卡c1~~credit~-100~15~10^c2~卡c2~~credit~-100~25~10|120,_,,en,2026,0,1|
insight	xfer~zz~25.5~2026~5~11~a1^exp~%a~33.33~2026~5~10~a1^inc~rent~100~2026~5~25~a1^exp~shop~10~2026~5~10~c1^exp~shop~25.5~2026~5~10~_^exp~10~10~2026~1~28~_||nan,0,2:-1;%a:-1;shop:nan,zh,2026,5,10|2:🐾:%a:%d
credit	exp~rent~1~2026~5~25~_^exp~10~nan~2026~5~25~c1^exp~food~0.5~2026~5~25~_^inc~2~1~2026~5~25~_^inc~%a~33.33~2026~5~25~a1|c1~卡c1~~credit~100~10~25|1000,nan,rent:1;2:30;10:10;zz:100,zh,2026,5,25|
credit	|c1~卡c1~~credit~100~10~25^c2~卡c2~_~credit~0~25~25|-100,50,,zh,2026,5,25|
insight	inc~zz~1~2025~11~31~a1^exp~shop~1~2026~5~25~c1||100,1000,%a:30,zh,2025,11,31|
insight	exp~trans~100~2026~0~1~c1||100,nan,food:0;zz:10;10:nan;shop:0,zh,2026,1,28|
insight	exp~food~nan~2026~5~25~a1^xfer~10~25.5~2026~5~25~c1^exp~zz~100~2026~5~25~_^inc~10~1~2026~5~25~_^exp~shop~25.5~2026~5~25~a1^exp~10~nan~2026~5~25~_^exp~food~-5~2026~5~25~a1^exp~rent~0~2026~5~25~c1||1000,nan,food:30,zh,2026,5,25|trans:🐾:自定义:Custom
insight	exp~2~-5~2026~5~10~_^exp~shop~33.33~2026~5~10~c1^exp~10~0~2026~5~10~_^exp~trans~10~2026~5~10~_^xfer~shop~-5~2025~11~31~a1^inc~food~10~2026~5~10~a1^exp~trans~0.5~2026~5~10~c1^exp~food~-5~2026~5~10~a1||0,50,zz:-1;10:100;2:-1;food:30,en,2026,5,10|shop:🐾:%b:%a
credit	inc~%a~10~2026~5~11~_^exp~food~-5~2026~0~1~_^exp~10~0.5~2026~5~11~a1^exp~2~25.5~2026~5~11~c1^exp~%a~25.5~2026~5~11~_|c1~卡c1~~credit~100~25~_^c2~卡c2~Card c2~credit~100~10~10|0,20,zz:0;trans:0,en,2026,5,11|
insight	exp~rent~-5~2026~5~25~c1^exp~trans~33.33~2026~5~25~_^exp~zz~0.5~2026~5~25~c1||nan,_,zz:-1;food:10;2:30,en,2026,5,25|
credit	exp~%a~100~2026~5~11~c1^exp~zz~33.33~2026~5~25~_|c1~卡c1~~credit~100~25~_|-100,nan,%a:-1,en,2026,5,25|10:🐾:自定义:%d
insight	xfer~trans~33.33~2026~0~1~a1^exp~trans~nan~2026~5~10~c1^exp~food~10~2026~5~25~a1^exp~shop~-5~2026~5~25~_^exp~trans~100~2026~5~25~c1^exp~rent~0.5~2026~5~25~_||-100,_,rent:1,zh,2026,5,25|
credit	exp~rent~10~2026~1~28~c1^xfer~rent~100~2026~1~28~c1^xfer~10~25.5~2026~0~1~_^exp~food~1~2026~1~28~a1^exp~zz~1~2026~5~11~_^exp~trans~0.5~2026~5~25~_^exp~trans~0.5~2026~1~28~_|c1~卡c1~Card c1~credit~-100~15~25^c2~卡c2~~credit~0~25~10|_,20,zz:10,zh,2026,1,28|
credit	inc~10~33.33~2026~5~25~a1^exp~zz~25.5~2025~11~31~_|c1~卡c1~~credit~100~10~10|1000,1000,%a:10;food:10;trans:30,zh,2026,5,25|
credit	inc~rent~10~2026~5~25~c1^inc~zz~33.33~2026~5~25~c1^xfer~trans~0~2026~5~25~c1^inc~2~nan~2026~5~25~_^exp~zz~nan~2026~5~25~c1^inc~trans~33.33~2026~5~25~a1|c1~卡c1~_~credit~100~25~_|120,1000,shop:nan,en,2026,5,25|
insight	exp~2~25.5~2026~5~10~_^exp~%a~10~2026~1~28~a1^xfer~%a~100~2026~5~11~a1^exp~food~nan~2026~5~11~_^exp~trans~100~2026~5~11~c1^inc~zz~-5~2026~0~1~_^exp~zz~0~2026~0~1~_||100,20,trans:30;food:nan;2:1,en,2026,5,11|
insight	||-100,20,trans:30,en,2026,5,10|
credit	exp~shop~25.5~2025~11~31~c1|c1~卡c1~~credit~100~15~25|-100,20,10:100;food:nan,zh,2025,11,31|2:🐾:%b:%d
insight	xfer~zz~33.33~2025~11~31~_^exp~%a~-5~2025~11~31~_^xfer~%a~nan~2025~11~31~a1||100,1000,10:-1;food:0;rent:100;2:1,en,2025,11,31|shop:🐾:%a:Custom
insight	exp~10~0.5~2026~1~28~c1^exp~%a~1~2026~1~28~c1^exp~zz~25.5~2025~11~31~_^inc~rent~25.5~2026~1~28~c1||nan,0,rent:0;10:-1;2:10;zz:10,en,2026,1,28|trans:🐾:%a:%d
insight	exp~trans~25.5~2026~5~25~_^exp~shop~0~2026~0~1~_^exp~rent~100~2026~5~25~c1^exp~zz~0~2026~5~11~c1^exp~%a~33.33~2026~5~25~c1||1000,nan,shop:0;%a:0;food:nan,zh,2026,5,25|
insight	exp~zz~25.5~2026~1~28~a1^inc~2~100~2026~1~28~_^inc~2~-5~2026~1~28~a1^exp~rent~-5~2026~1~28~_^inc~shop~25.5~2026~1~28~_^exp~%a~-5~2026~0~1~a1^exp~food~0~2025~11~31~_^xfer~food~25.5~2026~1~28~_||nan,20,,zh,2026,1,28|
insight	||nan,nan,2:10;zz:nan;%a:100,en,2026,0,1|
insight	exp~zz~0~2026~5~10~a1^inc~shop~0.5~2026~5~10~_^xfer~rent~1~2026~5~10~c1^xfer~10~1~2026~5~10~a1^exp~rent~33.33~2026~1~28~_^exp~rent~nan~2026~5~10~a1^xfer~trans~33.33~2026~5~10~_^exp~food~10~2026~5~10~a1||_,nan,2:30;trans:30,zh,2026,5,10|
insight	exp~food~33.33~2026~1~28~_||100,_,zz:nan;%a:nan;shop:0;trans:0,zh,2026,1,28|
insight	exp~food~nan~2026~5~11~a1^xfer~10~nan~2026~5~11~a1^xfer~shop~25.5~2026~5~11~c1^exp~2~0~2026~5~11~a1^exp~10~1~2026~5~11~c1||120,0,10:30,zh,2026,5,11|
insight	exp~%a~100~2025~11~31~c1^exp~shop~1~2026~5~25~a1^exp~%a~10~2026~0~1~a1^inc~10~33.33~2025~11~31~_^inc~rent~33.33~2026~5~25~a1^exp~food~10~2026~1~28~a1^exp~%a~100~2026~1~28~_||120,_,%a:1,en,2026,5,25|
insight	exp~10~0.5~2026~0~1~a1^exp~trans~1~2026~0~1~c1^inc~2~33.33~2026~5~11~c1||-100,nan,shop:nan;zz:30,en,2026,0,1|trans:🐾:自定义:%d
insight	exp~zz~1~2026~1~28~_^xfer~shop~100~2026~5~25~c1^exp~%a~-5~2026~5~25~a1^exp~zz~1~2026~5~25~a1||120,50,,en,2026,5,25|
insight	exp~2~1~2025~11~31~a1^inc~zz~100~2026~1~28~c1^exp~food~33.33~2025~11~31~a1^inc~10~0~2025~11~31~a1||nan,50,,zh,2025,11,31|
insight	exp~shop~1~2025~11~31~c1^exp~10~0.5~2025~11~31~c1^inc~%a~33.33~2025~11~31~a1^exp~10~-5~2025~11~31~c1^exp~shop~nan~2025~11~31~_^exp~zz~33.33~2025~11~31~c1^inc~shop~25.5~2025~11~31~a1||0,0,food:100,zh,2025,11,31|
credit	exp~trans~33.33~2025~11~31~_|c1~卡c1~~credit~100~15~25^c2~卡c2~~credit~0~10~25|100,1000,rent:10;trans:0;zz:10;food:100,en,2025,11,31|
credit	exp~10~10~2026~0~1~a1^xfer~food~100~2026~0~1~_^exp~shop~0.5~2026~5~10~c1^exp~food~25.5~2026~0~1~a1^exp~10~25.5~2026~5~10~_^exp~rent~33.33~2026~0~1~c1|c1~卡c1~~credit~100~15~10^c2~卡c2~_~credit~-100~10~25|-100,50,shop:nan;food:30,zh,2026,5,10|food:🐾:自定义:Custom
insight	exp~%a~100~2026~0~1~a1||1000,nan,food:100;rent:0;%a:0,zh,2026,5,25|
credit	|c1~卡c1~~credit~100~25~20^c2~卡c2~Card c2~credit~100~15~10|1000,20,shop:-1,en,2026,5,10|food:🐾:%b:%d
credit	exp~food~25.5~2026~5~10~c1^xfer~trans~100~2026~5~10~c1^exp~rent~0~2026~5~10~a1^xfer~%a~0.5~2026~5~10~_|c1~卡c1~~credit~0~25~20|nan,20,,zh,2026,5,10|
insight	exp~rent~10~2026~5~11~c1^exp~2~1~2026~5~11~a1^xfer~zz~-5~2026~5~10~_^xfer~%a~10~2026~5~11~c1^exp~2~25.5~2026~5~11~c1||100,1000,trans:nan,en,2026,5,11|shop:🐾:自定义:%a
insight	exp~%a~100~2026~5~10~a1||0,nan,shop:100;trans:-1;2:30,zh,2026,5,10|
credit	|c1~卡c1~_~credit~-100~25~20|100,50,10:0,zh,2025,11,31|
insight	exp~food~nan~2025~11~31~c1^exp~10~0.5~2026~1~28~a1^xfer~trans~10~2025~11~31~c1^exp~shop~-5~2025~11~31~c1||-100,1000,%a:100,en,2025,11,31|
credit	exp~%a~25.5~2026~5~25~a1^exp~10~100~2026~5~10~_^inc~zz~1~2026~1~28~a1^exp~%a~0~2025~11~31~_|c1~卡c1~Card c1~credit~-100~15~10|1000,50,10:10;food:-1,zh,2026,5,10|
insight	exp~%a~10~2026~5~10~c1^exp~%a~-5~2026~5~10~a1||100,_,food:10;zz:100,zh,2026,5,10|
credit	inc~trans~25.5~2026~0~1~a1^inc~2~-5~2026~0~1~a1^exp~zz~1~2026~1~28~c1^exp~shop~25.5~2026~5~11~_^exp~2~25.5~2026~5~10~a1^exp~food~33.33~2026~0~1~a1^exp~food~33.33~2026~0~1~a1|c1~卡c1~~credit~100~25~25|120,0,shop:-1,zh,2026,0,1|food:🐾:自定义:Custom
credit	exp~rent~10~2026~5~10~_^exp~rent~0~2026~1~28~_^exp~10~0~2026~0~1~a1^inc~rent~100~2026~0~1~_^xfer~shop~33.33~2026~5~10~a1^exp~rent~0~2026~5~10~c1|c1~卡c1~~credit~0~15~10|-100,_,,zh,2026,5,10|rent:🐾:自定义:%a
insight	exp~rent~33.33~2026~0~1~_||-100,1000,10:0;shop:0;zz:100;2:1,en,2026,0,1|
insight	xfer~rent~0.5~2026~0~1~_^xfer~10~10~2025~11~31~c1^exp~2~0.5~2026~0~1~c1^xfer~zz~25.5~2026~0~1~_^exp~2~33.33~2026~0~1~_^inc~zz~100~2026~5~25~_^exp~trans~0.5~2026~0~1~a1||_,1000,food:100;%a:-1;trans:100;10:100,zh,2026,0,1|zz:🐾:%b:%a
insight	xfer~10~100~2026~5~11~a1^exp~zz~33.33~2026~5~11~c1^inc~2~1~2026~5~11~a1^xfer~10~0.5~2025~11~31~_^inc~rent~0~2026~5~10~a1^inc~%a~10~2026~1~28~a1^inc~2~0.5~2025~11~31~c1||-100,1000,2:10;rent:30,zh,2025,11,31|
insight	exp~rent~0~2025~11~31~a1||nan,_,,en,2025,11,31|
credit	|c1~卡c1~~credit~100~25~10|nan,nan,food:nan;zz:-1;shop:0;trans:100,en,2026,5,10|
insight	xfer~2~0.5~2026~5~11~a1^xfer~food~0.5~2026~5~25~c1^exp~rent~10~2026~0~1~a1^exp~food~10~2026~5~25~_^exp~2~25.5~2026~5~25~_^exp~rent~nan~2026~5~25~a1||nan,0,rent:0,zh,2026,5,25|
insight	inc~zz~10~2026~0~1~c1^exp~2~25.5~2026~5~25~c1^exp~rent~25.5~2025~11~31~_^xfer~zz~-5~2026~0~1~a1^exp~shop~1~2026~0~1~a1||1000,0,shop:0;%a:nan;10:10;trans:nan,zh,2026,0,1|
insight	||0,_,food:10;shop:-1;zz:10;trans:nan,en,2026,1,28|
insight	xfer~%a~nan~2026~5~25~c1||_,0,trans:-1;zz:1;2:-1;shop:0,en,2026,5,25|
insight	exp~10~0.5~2026~5~10~c1^exp~%a~10~2026~5~25~c1||0,0,2:0;shop:10;%a:30,en,2026,5,25|zz:🐾:%a:%d
insight	exp~2~0~2026~1~28~a1^inc~10~100~2026~1~28~_^exp~rent~33.33~2026~0~1~_^exp~food~nan~2026~5~10~c1^inc~10~1~2026~5~10~c1^xfer~shop~33.33~2026~1~28~c1^exp~trans~0~2026~5~10~_||-100,nan,,en,2026,5,10|2:🐾:%b:%d
insight	||100,_,trans:nan,en,2026,1,28|
insight	xfer~shop~-5~2026~5~11~_^exp~food~25.5~2026~5~11~a1^inc~shop~25.5~2026~5~25~c1^exp~zz~-5~2026~5~11~a1||0,1000,shop:0;2:30,en,2026,5,11|
insight	exp~10~25.5~2026~0~1~a1^xfer~10~0.5~2026~5~10~a1^inc~rent~10~2026~0~1~c1^exp~2~0.5~2026~0~1~_^exp~10~33.33~2026~0~1~c1^exp~zz~nan~2026~0~1~a1||100,_,2:1;10:-1,zh,2026,0,1|
insight	exp~food~25.5~2026~1~28~a1^inc~trans~-5~2026~1~28~a1||-100,_,,zh,2026,1,28|
credit	xfer~10~-5~2026~5~25~_^exp~zz~33.33~2026~5~25~a1^inc~10~-5~2026~0~1~_^exp~10~0~2026~5~11~c1^inc~shop~1~2026~0~1~c1^exp~2~100~2026~5~25~c1^exp~rent~10~2025~11~31~a1|c1~卡c1~~credit~100~15~_|0,nan,%a:100;10:10;zz:-1;trans:nan,en,2026,5,25|rent:🐾:%a:Custom
credit	xfer~food~0.5~2026~0~1~c1^exp~2~33.33~2026~5~25~_|c1~卡c1~~credit~0~25~20^c2~卡c2~~credit~-100~15~20|120,20,%a:30;food:nan;shop:0;zz:10,en,2026,0,1|
insight	exp~10~-5~2026~0~1~a1^inc~food~10~2025~11~31~a1^exp~%a~0~2026~0~1~c1^xfer~trans~1~2025~11~31~c1^exp~zz~25.5~2025~11~31~a1||0,50,%a:0,en,2025,11,31|
credit	inc~shop~-5~2025~11~31~c1^exp~%a~25.5~2025~11~31~a1|c1~卡c1~Card c1~credit~0~15~25^c2~卡c2~~credit~0~10~_|1000,0,10:nan,en,2025,11,31|
insight	exp~trans~nan~2026~5~25~_^exp~%a~0~2026~5~25~a1||-100,nan,2:30;10:1;trans:100,en,2026,5,25|%a:🐾:%a:%d
insight	exp~%a~100~2025~11~31~a1^exp~%a~33.33~2025~11~31~a1||_,50,,zh,2025,11,31|%a:🐾:自定义:%a
insight	xfer~zz~25.5~2026~5~11~a1^xfer~2~0.5~2026~5~10~_^inc~shop~100~2026~5~10~c1^exp~%a~25.5~2026~0~1~a1^exp~food~-5~2026~5~10~c1^xfer~shop~10~2026~1~28~c1^exp~zz~0.5~2026~5~10~c1||_,0,10:nan;%a:nan;zz:-1,zh,2026,5,10|
insight	inc~shop~nan~2026~0~1~_^exp~10~-5~2026~0~1~a1^exp~rent~10~2026~5~25~c1^exp~shop~0.5~2026~0~1~c1^inc~10~nan~2026~0~1~a1^xfer~zz~10~2026~0~1~a1^inc~%a~0~2026~0~1~c1^exp~food~0~2026~0~1~a1||_,_,rent:nan;zz:0;food:-1;%a:1,zh,2026,0,1|
credit	exp~%a~100~2026~1~28~a1^inc~2~0~2026~5~10~c1^exp~rent~10~2026~5~10~_|c1~卡c1~Card c1~credit~0~25~10^c2~卡c2~~credit~0~15~25|_,20,10:10;zz:100;food:0,zh,2026,5,10|%a:🐾:自定义:Custom
credit	exp~2~0~2026~0~1~a1^inc~10~0~2026~0~1~a1^exp~food~1~2026~0~1~_^inc~shop~nan~2026~0~1~a1^exp~rent~1~2026~0~1~c1^exp~2~10~2026~5~25~a1^exp~2~0.5~2026~0~1~_^exp~10~-5~2026~1~28~c1|c1~卡c1~Card c1~credit~-100~15~25^c2~卡c2~~credit~0~25~_|1000,1000,%a:1,en,2026,0,1|10:🐾:自定义:%d
insight	exp~trans~10~2026~5~11~_^exp~food~nan~2026~5~11~c1||100,0,2:0;shop:0;10:30;%a:100,en,2026,5,11|10:🐾:自定义:%a
credit	exp~trans~25.5~2026~1~28~_^inc~10~-5~2026~1~28~c1^exp~food~25.5~2026~1~28~_^exp~2~0.5~2026~0~1~_^xfer~rent~-5~2026~5~25~a1^exp~10~0.5~2026~1~28~a1|c1~卡c1~_~credit~100~10~25^c2~卡c2~_~credit~0~15~_|100,nan,10:10,en,2026,1,28|
credit	xfer~trans~33.33~2026~0~1~c1^exp~%a~100~2026~5~10~c1^xfer~%a~nan~2026~1~28~a1^exp~2~100~2026~1~28~a1^xfer~2~25.5~2026~1~28~_|c1~卡c1~~credit~-100~25~25|_,_,rent:100;10:30,zh,2026,1,28|
insight	xfer~2~0~2025~11~31~_^exp~food~0~2026~5~10~_^xfer~rent~nan~2025~11~31~_^exp~shop~-5~2025~11~31~c1^exp~10~10~2026~0~1~_||1000,20,2:1,zh,2025,11,31|
insight	exp~food~nan~2026~1~28~a1^xfer~rent~-5~2026~5~25~a1^exp~trans~10~2026~5~10~_^exp~10~25.5~2026~1~28~a1||nan,0,,en,2026,5,10|10:🐾:%b:%a
insight	xfer~rent~0~2025~11~31~_^inc~2~-5~2025~11~31~a1^exp~rent~nan~2025~11~31~a1^xfer~shop~0~2025~11~31~_^xfer~%a~nan~2025~11~31~_^exp~%a~nan~2026~5~25~_||nan,20,,en,2025,11,31|
insight	exp~10~nan~2026~0~1~a1^inc~2~nan~2026~0~1~c1^inc~trans~nan~2026~0~1~_^exp~10~33.33~2026~5~25~c1^xfer~2~-5~2026~1~28~_^exp~rent~1~2025~11~31~a1^inc~10~0.5~2026~0~1~_^xfer~10~100~2026~5~10~_||100,50,trans:0;shop:0;food:100;10:1,zh,2026,0,1|
insight	inc~rent~nan~2026~5~25~_||-100,50,2:1;shop:30;zz:30,en,2026,5,25|
insight	xfer~food~10~2026~5~25~c1^exp~rent~nan~2026~5~25~a1^exp~2~33.33~2026~5~25~_^exp~%a~10~2026~0~1~_^exp~food~25.5~2025~11~31~c1^exp~shop~10~2026~5~25~_^exp~trans~10~2026~5~11~a1^xfer~trans~100~2026~5~25~c1||120,50,,en,2026,5,25|
insight	exp~zz~nan~2026~5~10~a1^exp~zz~100~2026~5~11~a1||-100,20,2:0;%a:10;shop:nan;food:0,en,2026,5,11|
insight	exp~rent~nan~2026~5~10~c1^exp~zz~0~2026~5~25~_^inc~shop~0.5~2026~5~11~_^inc~rent~10~2026~5~25~_^inc~zz~33.33~2026~5~25~a1^exp~shop~nan~2026~5~25~c1^inc~%a~-5~2026~5~25~a1||_,nan,2:nan;10:30,zh,2026,5,25|
credit	inc~rent~33.33~2026~5~10~c1^exp~10~0.5~2026~5~10~c1^exp~trans~-5~2026~0~1~c1^exp~food~0.5~2026~5~10~c1^exp~trans~0~2026~5~10~a1^exp~zz~25.5~2026~1~28~c1^inc~2~-5~2026~5~10~a1|c1~卡c1~~credit~100~25~20^c2~卡c2~~credit~0~10~_|100,1000,zz:100,en,2026,5,10|
insight	xfer~shop~33.33~2026~5~25~c1^exp~trans~25.5~2026~5~25~_^exp~trans~1~2026~5~25~c1^exp~10~nan~2026~5~25~a1^exp~2~-5~2026~5~25~_^exp~rent~nan~2026~5~25~_||-100,_,food:100;trans:10,en,2026,5,25|
insight	exp~10~1~2026~5~25~c1^inc~zz~0~2026~5~11~_^inc~trans~1~2026~5~11~c1^exp~rent~0~2026~5~11~c1||_,0,shop:nan;2:100;zz:30;rent:nan,en,2026,5,11|
insight	inc~2~1~2026~0~1~a1||0,1000,shop:10;zz:1,en,2026,0,1|
insight	inc~rent~25.5~2026~0~1~c1^exp~%a~10~2026~0~1~_^exp~zz~0~2026~0~1~c1^exp~%a~0.5~2026~0~1~a1^exp~zz~0~2026~5~11~_^exp~10~100~2026~0~1~_||120,0,trans:100;zz:1;%a:nan;10:30,en,2026,0,1|2:🐾:%a:%d
insight	exp~shop~10~2026~1~28~c1^exp~10~10~2026~5~25~_||1000,1000,2:1,zh,2025,11,31|
credit	exp~%a~10~2026~5~10~a1^exp~shop~0~2026~5~10~_^xfer~food~100~2025~11~31~a1^exp~trans~0.5~2026~5~10~a1^exp~2~33.33~2026~5~10~c1^inc~shop~100~2026~1~28~c1|c1~卡c1~_~credit~-100~25~_|100,1000,,en,2026,5,10|shop:🐾:%b:Custom
insight	inc~zz~0~2026~5~11~a1^inc~rent~100~2026~0~1~_||100,50,,en,2026,5,10|
insight	exp~trans~100~2026~5~11~a1^exp~zz~nan~2026~1~28~c1^exp~10~100~2026~1~28~a1^exp~10~-5~2025~11~31~_^inc~shop~0.5~2025~11~31~_^xfer~2~33.33~2026~1~28~c1^exp~10~0.5~2026~1~28~a1||-100,nan,rent:30,zh,2026,1,28|
insight	exp~%a~1~2026~5~11~c1^exp~2~0~2026~5~10~c1^xfer~trans~0.5~2026~5~25~_^exp~10~0~2026~5~25~a1^inc~%a~0~2026~5~25~_^exp~trans~0~2026~5~25~_||nan,1000,shop:1;10:nan;%a:nan,en,2026,5,25|
credit	exp~shop~25.5~2026~5~10~_^exp~2~0.5~2026~5~10~_^inc~%a~0.5~2026~5~10~_^exp~rent~-5~2026~5~10~a1^xfer~%a~10~2025~11~31~c1^exp~trans~1~2026~5~10~_|c1~卡c1~Card c1~credit~-100~25~10|_,_,food:1;%a:1;rent:100;2:30,en,2026,5,10|
insight	xfer~%a~10~2026~5~25~a1^exp~%a~25.5~2025~11~31~c1^exp~trans~33.33~2026~1~28~a1^exp~%a~25.5~2026~1~28~_^exp~shop~1~2026~1~28~_^exp~zz~33.33~2026~1~28~a1^exp~trans~0.5~2026~1~28~_||120,0,shop:10;food:100;%a:10;rent:0,zh,2026,1,28|shop:🐾:%b:Custom
insight	xfer~shop~25.5~2025~11~31~_^exp~10~1~2026~5~25~_^xfer~zz~-5~2026~1~28~a1||-100,50,trans:0,zh,2025,11,31|
insight	exp~2~1~2026~5~11~a1^xfer~zz~100~2026~5~10~a1^exp~trans~-5~2025~11~31~c1^exp~zz~0.5~2026~5~10~_^inc~%a~nan~2026~5~10~_||1000,nan,rent:-1;2:1;%a:0;zz:10,en,2026,5,10|
insight	xfer~rent~100~2026~1~28~a1^exp~trans~nan~2026~1~28~c1^exp~shop~10~2026~0~1~_^exp~%a~25.5~2026~0~1~_^exp~rent~-5~2026~0~1~c1^exp~%a~-5~2026~5~10~_^exp~trans~0~2026~1~28~_^xfer~shop~0.5~2026~5~11~a1||120,50,,en,2026,0,1|%a:🐾:%a:%d
insight	exp~shop~1~2026~5~25~_^exp~2~25.5~2026~5~10~_^exp~%a~-5~2026~5~25~c1||nan,0,,zh,2026,5,25|
insight	exp~shop~33.33~2026~5~10~_||1000,nan,2:nan;zz:nan,zh,2026,5,10|
credit	xfer~10~10~2025~11~31~_^exp~zz~0.5~2025~11~31~c1|c1~卡c1~~credit~-100~10~_^c2~卡c2~_~credit~0~15~_|120,nan,2:nan;%a:100;trans:0;10:1,en,2025,11,31|
insight	inc~food~0.5~2025~11~31~_||_,50,food:1;10:10;trans:-1;2:0,en,2026,5,10|
insight	exp~trans~-5~2026~0~1~c1^inc~2~-5~2026~0~1~a1||100,_,shop:1,en,2026,0,1|
credit	exp~%a~-5~2026~0~1~c1^exp~trans~-5~2026~5~10~_^exp~trans~100~2026~5~10~_^inc~zz~10~2026~5~10~a1|c1~卡c1~_~credit~0~10~_^c2~卡c2~~credit~100~10~_|nan,50,shop:30;10:1;2:1;rent:nan,zh,2026,5,10|
credit	xfer~food~33.33~2026~5~25~c1^exp~zz~-5~2026~1~28~c1^exp~trans~25.5~2026~0~1~a1^exp~zz~0.5~2026~5~25~a1^xfer~rent~nan~2026~5~25~a1|c1~卡c1~~credit~-100~10~20^c2~卡c2~Card c2~credit~-100~15~10|nan,1000,trans:-1,zh,2026,5,25|zz:🐾:%a:%a
insight	exp~trans~33.33~2026~0~1~c1^exp~food~33.33~2026~1~28~_||120,0,zz:100;trans:0;2:30,en,2026,0,1|%a:🐾:自定义:%d
insight	xfer~trans~-5~2026~1~28~a1^xfer~food~1~2026~5~25~c1^exp~zz~nan~2026~1~28~c1^exp~rent~25.5~2026~5~11~a1^exp~shop~nan~2026~1~28~_^inc~zz~25.5~2026~1~28~a1^xfer~2~nan~2026~1~28~c1^exp~10~-5~2026~1~28~a1||0,50,trans:30;10:10,en,2026,1,28|
insight	exp~shop~33.33~2026~0~1~_^exp~shop~25.5~2026~0~1~c1^inc~10~nan~2026~0~1~_^xfer~shop~10~2026~5~10~a1^xfer~trans~33.33~2026~5~25~a1^exp~food~nan~2026~5~10~a1||1000,0,zz:-1;food:-1;10:nan;rent:0,en,2026,0,1|
insight	exp~10~100~2026~0~1~_^exp~trans~1~2026~5~10~a1^exp~rent~33.33~2026~1~28~a1^exp~zz~0.5~2026~1~28~c1^exp~2~33.33~2026~1~28~a1^exp~food~10~2026~5~10~c1||100,50,10:-1;zz:-1;rent:1,en,2026,1,28|10:🐾:自定义:%a
insight	||0,1000,zz:nan;2:-1,en,2025,11,31|
insight	exp~shop~-5~2026~1~28~a1^exp~zz~0.5~2026~1~28~_^exp~%a~10~2026~1~28~_^exp~rent~nan~2026~5~25~a1^exp~2~0.5~2026~5~11~a1^xfer~rent~100~2026~5~11~a1^inc~food~10~2026~1~28~_^exp~trans~0.5~2026~5~25~a1||_,20,10:-1;rent:10,zh,2026,1,28|
insight	||_,50,trans:1;2:0,en,2026,5,11|
insight	xfer~rent~1~2026~0~1~c1^exp~%a~1~2026~5~11~_^exp~10~10~2026~1~28~c1^exp~zz~100~2026~5~11~_^exp~trans~33.33~2026~5~11~a1^inc~%a~0.5~2026~5~25~a1||120,20,,en,2026,5,11|
credit	exp~food~10~2025~11~31~a1^exp~shop~0.5~2026~0~1~c1^exp~2~25.5~2026~0~1~a1^xfer~food~25.5~2025~11~31~c1^exp~zz~-5~2025~11~31~c1^exp~10~100~2025~11~31~a1^exp~trans~1~2025~11~31~_^xfer~food~10~2025~11~31~_|c1~卡c1~Card c1~credit~100~10~25|1000,1000,10:30;%a:1;rent:30;trans:10,zh,2025,11,31|food:🐾:%b:%d
insight	exp~trans~1~2025~11~31~c1^xfer~food~0~2026~1~28~a1^exp~zz~25.5~2025~11~31~a1^exp~10~25.5~2025~11~31~c1^inc~food~10~2025~11~31~a1^xfer~%a~100~2026~0~1~_^exp~trans~0.5~2025~11~31~_^exp~shop~-5~2026~5~10~_||0,nan,10:10;food:-1,zh,2025,11,31|%a:🐾:%a:%d
insight	xfer~rent~25.5~2025~11~31~a1^inc~food~-5~2025~11~31~c1||nan,nan,,zh,2025,11,31|trans:🐾:%b:%a
insight	exp~trans~0.5~2026~5~11~a1^inc~10~1~2026~0~1~c1||120,20,%a:nan;rent:-1;food:10,en,2026,5,11|
credit	xfer~%a~1~2026~5~10~c1|c1~卡c1~Card c1~credit~100~25~20^c2~卡c2~_~credit~0~15~20|120,_,shop:1;%a:10;zz:1;10:nan,en,2026,5,11|trans:🐾:自定义:%a
credit	xfer~food~1~2026~1~28~a1^xfer~2~nan~2026~1~28~c1^inc~10~25.5~2026~1~28~a1^inc~trans~33.33~2026~1~28~a1^exp~food~1~2026~5~25~_^exp~%a~0~2026~0~1~_|c1~卡c1~~credit~0~15~_|120,nan,rent:30,zh,2026,1,28|
insight	exp~zz~nan~2026~1~28~_||1000,1000,2:10;trans:30;10:1;zz:0,en,2026,1,28|
insight	inc~food~33.33~2026~5~25~_^exp~food~1~2026~5~11~a1^inc~food~100~2026~5~25~a1^exp~2~33.33~2026~5~25~c1||_,50,zz:30,en,2026,5,25|
insight	exp~10~nan~2026~5~25~_^exp~trans~nan~2026~5~10~_^inc~trans~33.33~2026~5~25~_^exp~%a~33.33~2026~5~11~_^exp~10~0~2026~5~25~_^exp~shop~10~2026~5~25~_^exp~shop~-5~2026~5~25~a1||100,20,food:1;zz:30;rent:100;trans:0,en,2026,5,25|
insight	inc~10~100~2026~5~10~a1^xfer~%a~100~2025~11~31~a1^exp~trans~nan~2026~0~1~_^inc~shop~33.33~2026~5~10~c1||_,0,trans:100;2:-1,en,2026,5,10|
credit	exp~zz~10~2025~11~31~a1^inc~food~nan~2026~5~25~_^xfer~shop~0.5~2026~5~25~a1|c1~卡c1~~credit~0~10~10^c2~卡c2~Card c2~credit~100~10~10|nan,50,,en,2026,5,25|rent:🐾:%b:%a
insight	xfer~10~25.5~2026~5~11~_^inc~%a~100~2026~5~10~c1^inc~shop~-5~2026~5~25~_^xfer~2~33.33~2026~5~10~c1^xfer~trans~10~2025~11~31~_^exp~rent~-5~2026~5~10~_^inc~%a~100~2026~1~28~_^exp~shop~0.5~2026~5~10~_||_,nan,zz:1,en,2026,5,10|10:🐾:自定义:Custom
insight	inc~%a~25.5~2026~5~10~a1^exp~2~-5~2025~11~31~_||_,0,zz:nan,en,2026,5,10|
insight	inc~rent~-5~2025~11~31~c1^exp~10~10~2025~11~31~a1^exp~2~25.5~2025~11~31~a1^inc~rent~100~2025~11~31~a1^exp~food~33.33~2025~11~31~_^xfer~10~1~2025~11~31~c1||-100,0,shop:10,zh,2025,11,31|rent:🐾:自定义:Custom
insight	exp~trans~0~2025~11~31~a1^exp~10~1~2025~11~31~a1^inc~10~nan~2025~11~31~_^exp~2~nan~2025~11~31~a1||120,0,,en,2025,11,31|2:🐾:%a:%d
credit	exp~%a~1~2026~0~1~_^inc~zz~100~2026~0~1~a1^exp~food~0.5~2026~0~1~c1^xfer~2~100~2026~0~1~_^exp~shop~nan~2026~1~28~c1^exp~shop~1~2026~0~1~_^inc~%a~100~2026~0~1~_|c1~卡c1~_~credit~100~15~20|1000,0,,en,2026,0,1|
insight	exp~10~0~2026~1~28~a1^inc~2~33.33~2026~5~25~_^exp~trans~nan~2025~11~31~_^xfer~2~100~2026~0~1~a1^exp~food~33.33~2025~11~31~_^inc~shop~25.5~2025~11~31~a1^exp~rent~0~2025~11~31~_^exp~rent~100~2025~11~31~c1||0,nan,%a:1;10:100,zh,2025,11,31|
insight	exp~10~-5~2026~5~10~c1^inc~zz~nan~2026~5~10~_^exp~food~33.33~2026~5~25~_^exp~shop~nan~2026~5~25~c1^exp~rent~nan~2026~5~11~c1^inc~food~0~2026~5~10~_||_,20,,zh,2026,5,10|
insight	||100,1000,rent:10,en,2026,5,11|
credit	exp~zz~0~2026~5~25~a1^exp~10~0.5~2025~11~31~a1^exp~trans~0.5~2025~11~31~c1^xfer~food~0~2026~0~1~_^exp~rent~10~2025~11~31~c1^exp~trans~25.5~2025~11~31~_|c1~卡c1~~credit~0~10~_^c2~卡c2~_~credit~-100~25~20|_,20,%a:-1;rent:100;2:1,zh,2025,11,31|rent:🐾:%a:Custom
insight	inc~zz~33.33~2026~1~28~_^inc~2~-5~2026~1~28~c1^xfer~rent~0~2026~1~28~_^exp~rent~100~2026~1~28~a1^exp~rent~100~2026~1~28~a1^exp~%a~0.5~2026~5~10~c1||-100,50,%a:1;10:30;rent:-1;zz:10,zh,2026,1,28|
credit	exp~food~100~2026~5~25~a1^exp~%a~100~2026~5~25~c1^xfer~shop~1~2026~5~10~_^exp~zz~25.5~2026~0~1~a1^xfer~2~0~2026~5~25~_|c1~卡c1~~credit~-100~15~_|_,50,rent:10;zz:10;10:1,zh,2026,5,10|
insight	exp~shop~0.5~2026~5~10~c1^xfer~rent~1~2026~0~1~_^exp~10~100~2026~5~10~a1^exp~rent~0~2026~5~11~a1||_,nan,,en,2026,0,1|
credit	exp~shop~1~2025~11~31~c1^inc~shop~25.5~2026~5~11~_^exp~10~nan~2026~5~11~a1^inc~food~-5~2026~5~11~_^exp~zz~0~2025~11~31~c1^xfer~food~33.33~2026~5~11~c1|c1~卡c1~Card c1~credit~-100~25~_^c2~卡c2~~credit~-100~10~_|1000,50,zz:1;2:-1;trans:0,en,2026,5,11|
insight	inc~food~10~2026~1~28~a1^exp~food~100~2025~11~31~a1^exp~trans~nan~2026~1~28~a1^inc~10~nan~2026~1~28~a1||120,nan,,zh,2026,1,28|
credit	xfer~zz~nan~2025~11~31~_|c1~卡c1~Card c1~credit~-100~25~10^c2~卡c2~~credit~0~25~10|_,1000,2:0;trans:nan;shop:-1,en,2026,5,11|
insight	exp~%a~100~2026~5~11~_^inc~rent~1~2026~5~10~a1^exp~10~10~2026~5~11~_^exp~trans~1~2026~5~11~c1^xfer~shop~100~2026~5~11~_^exp~zz~10~2026~5~11~c1^exp~shop~33.33~2026~5~11~a1^exp~rent~25.5~2026~5~11~c1||100,nan,%a:1,en,2026,5,11|
credit	|c1~卡c1~~credit~0~25~20^c2~卡c2~~credit~-100~15~_|120,50,trans:1;zz:10,zh,2026,5,11|
insight	exp~trans~0.5~2026~5~25~a1||-100,20,2:100;%a:100;shop:nan,en,2026,1,28|rent:🐾:%b:Custom
insight	inc~zz~10~2026~5~10~c1^exp~food~nan~2026~0~1~c1^exp~trans~-5~2026~0~1~c1^exp~food~-5~2026~0~1~a1^xfer~trans~33.33~2026~0~1~a1||120,20,food:0;%a:-1;10:1;rent:0,zh,2026,0,1|
insight	inc~10~-5~2026~5~10~c1^exp~zz~nan~2026~5~10~c1^inc~shop~0~2026~5~25~a1^exp~food~100~2025~11~31~a1^exp~2~0~2026~0~1~c1||1000,nan,trans:-1;shop:-1;zz:nan,en,2026,5,11|
credit	|c1~卡c1~~credit~0~15~20^c2~卡c2~_~credit~-100~25~_|nan,1000,shop:30;2:1,zh,2026,5,25|
insight	exp~shop~33.33~2026~0~1~_^exp~2~25.5~2026~0~1~c1^xfer~2~10~2026~0~1~_^exp~2~-5~2026~0~1~_^exp~10~10~2026~0~1~a1^exp~10~-5~2026~0~1~c1^exp~rent~0.5~2026~5~10~a1^xfer~%a~1~2026~0~1~c1||1000,_,rent:100;trans:10;%a:nan;shop:30,zh,2026,0,1|%a:🐾:%b:%a
insight	exp~2~1~2026~5~10~a1^exp~2~nan~2026~5~10~c1^exp~shop~100~2026~5~10~c1^exp~10~25.5~2026~5~25~c1||nan,50,%a:0;food:nan;10:30,en,2026,5,10|
insight	inc~shop~nan~2025~11~31~_^inc~%a~0.5~2025~11~31~a1^exp~rent~33.33~2025~11~31~a1||0,1000,trans:10;shop:100;food:10;10:nan,zh,2025,11,31|
insight	exp~2~10~2026~5~11~c1^exp~shop~-5~2026~5~11~a1^exp~rent~nan~2026~5~11~c1^xfer~10~-5~2026~5~11~c1^exp~rent~0~2026~5~11~c1^exp~%a~0~2026~1~28~_^xfer~rent~10~2026~5~11~c1^exp~2~33.33~2026~5~11~c1||0,1000,trans:30;2:100,en,2026,5,11|10:🐾:自定义:%d
credit	exp~%a~25.5~2026~1~28~_^xfer~zz~-5~2026~1~28~c1^inc~rent~33.33~2026~1~28~a1^inc~zz~0.5~2026~1~28~a1^exp~2~0.5~2026~5~11~a1^xfer~shop~100~2026~1~28~_^inc~2~1~2026~1~28~a1|c1~卡c1~_~credit~100~25~10^c2~卡c2~~credit~0~10~25|nan,0,trans:100;food:100;%a:30;2:-1,zh,2026,1,28|
insight	inc~%a~10~2026~1~28~c1^exp~shop~100~2026~1~28~_^exp~zz~25.5~2026~1~28~_^exp~shop~33.33~2026~1~28~c1^exp~rent~1~2026~1~28~a1^exp~10~-5~2026~1~28~a1^exp~zz~-5~2026~1~28~a1^inc~shop~10~2026~1~28~_||nan,50,zz:0,en,2026,1,28|
insight	inc~shop~100~2026~0~1~a1^inc~zz~33.33~2026~0~1~a1^inc~zz~nan~2026~1~28~_^exp~10~0~2025~11~31~c1^exp~zz~nan~2026~0~1~a1^exp~trans~-5~2026~0~1~a1^exp~shop~nan~2026~5~25~c1||_,1000,10:-1;food:-1;2:0,zh,2026,0,1|
insight	||1000,1000,,en,2026,0,1|
credit	|c1~卡c1~~credit~100~10~_^c2~卡c2~_~credit~-100~25~10|1000,50,trans:-1;10:-1;shop:30;%a:30,zh,2026,5,10|
insight	exp~shop~-5~2026~5~10~_^xfer~%a~10~2026~1~28~c1||0,1000,shop:1;2:10,en,2026,5,10|10:🐾:自定义:Custom
credit	exp~trans~0.5~2026~5~10~_^exp~2~-5~2026~5~10~_|c1~卡c1~_~credit~0~15~20^c2~卡c2~_~credit~-100~15~10|nan,nan,,zh,2026,5,10|shop:🐾:自定义:%a
credit	exp~rent~10~2026~1~28~_^inc~zz~-5~2026~1~28~a1^exp~10~-5~2026~1~28~_^exp~trans~100~2026~5~25~c1^exp~shop~25.5~2026~5~11~_^exp~zz~-5~2026~1~28~a1|c1~卡c1~_~credit~0~25~20^c2~卡c2~~credit~-100~25~_|120,0,trans:10,en,2026,1,28|
insight	inc~zz~25.5~2026~5~11~_^inc~food~1~2026~5~11~a1^exp~trans~nan~2026~5~11~a1^inc~rent~10~2026~0~1~a1^exp~zz~0.5~2025~11~31~a1||1000,1000,rent:10;10:0;food:nan;trans:30,zh,2026,5,11|shop:🐾:%a:%a
insight	exp~trans~nan~2026~1~28~c1^xfer~2~0.5~2026~5~25~c1^exp~zz~1~2026~5~25~a1^inc~food~nan~2026~0~1~a1||nan,0,,zh,2026,5,25|
insight	exp~%a~0.5~2026~0~1~c1^exp~10~1~2026~0~1~_^exp~2~25.5~2026~0~1~a1^exp~shop~0~2026~0~1~_^exp~shop~33.33~2026~0~1~c1^xfer~food~10~2026~0~1~_^exp~2~0.5~2026~0~1~c1^exp~zz~25.5~2026~0~1~c1||-100,nan,shop:nan;zz:-1;food:0;%a:nan,en,2026,0,1|
credit	|c1~卡c1~~credit~100~25~25|100,0,shop:30;rent:-1,en,2026,1,28|
insight	exp~shop~0.5~2025~11~31~_^exp~shop~100~2026~5~11~_^exp~rent~33.33~2026~5~11~c1^exp~shop~25.5~2026~1~28~a1^exp~%a~nan~2026~5~11~_||-100,_,,zh,2026,5,11|
insight	exp~10~0~2026~1~28~c1^exp~10~100~2026~1~28~c1^exp~food~0.5~2025~11~31~a1^exp~trans~1~2026~1~28~a1^exp~shop~10~2026~1~28~_^xfer~10~-5~2026~1~28~a1^inc~2~nan~2026~1~28~_^xfer~trans~1~2026~1~28~a1||-100,0,2:nan;zz:nan;10:nan,en,2026,1,28|
insight	inc~10~1~2026~5~25~_^exp~rent~0.5~2025~11~31~a1^exp~%a~33.33~2025~11~31~c1^exp~10~-5~2025~11~31~_^xfer~zz~0~2025~11~31~c1^exp~trans~-5~2025~11~31~a1||nan,1000,rent:100;shop:0,zh,2025,11,31|2:🐾:%a:%d
insight	xfer~zz~-5~2026~5~25~c1^exp~zz~25.5~2026~1~28~_^exp~2~nan~2025~11~31~a1^exp~zz~0~2026~5~25~a1^exp~zz~0~2025~11~31~_||nan,50,,zh,2025,11,31|
credit	exp~shop~33.33~2026~1~28~a1^exp~10~nan~2026~5~10~a1|c1~卡c1~Card c1~credit~0~25~20^c2~卡c2~~credit~100~25~10|0,0,food:-1;shop:nan,en,2026,5,10|
insight	xfer~food~nan~2026~5~10~a1^inc~10~-5~2026~1~28~c1^inc~shop~25.5~2026~5~11~c1||1000,1000,food:nan;zz:30;trans:100,zh,2026,5,11|
insight	exp~zz~25.5~2026~5~10~a1^exp~trans~nan~2026~0~1~a1^xfer~trans~0.5~2026~5~10~a1||100,nan,zz:100;2:1;rent:0;%a:10,en,2026,5,10|
insight	||120,0,10:1;food:-1;%a:1,en,2026,0,1|
insight	exp~%a~25.5~2025~11~31~_^exp~food~nan~2025~11~31~c1||-100,50,,en,2026,5,10|
insight	exp~shop~25.5~2026~5~11~_^exp~trans~0~2026~5~11~a1^exp~zz~0.5~2026~5~25~c1||0,20,shop:10;%a:30;2:30,zh,2026,5,11|shop:🐾:自定义:%d
insight	xfer~shop~10~2026~5~25~c1^xfer~zz~100~2026~5~10~_^inc~2~10~2026~5~11~a1||100,nan,shop:1,zh,2026,5,25|
insight	exp~trans~33.33~2026~5~10~_^exp~rent~-5~2026~5~10~c1^exp~trans~0~2026~5~10~c1^xfer~rent~-5~2026~5~10~_||_,_,,zh,2026,5,10|
credit	exp~zz~1~2025~11~31~c1^exp~2~33.33~2026~5~11~c1^exp~10~100~2026~0~1~a1^exp~food~25.5~2026~0~1~a1^exp~zz~100~2026~0~1~c1|c1~卡c1~_~credit~-100~25~_|100,_,zz:30;trans:100;%a:0,zh,2026,0,1|
insight	exp~10~0~2026~5~25~c1^xfer~rent~0~2026~5~25~c1^exp~shop~1~2026~5~25~c1^exp~%a~-5~2026~5~25~_^exp~2~nan~2026~5~11~c1||0,0,,en,2026,5,25|
insight	exp~2~25.5~2026~0~1~c1^xfer~10~10~2026~5~11~_^exp~10~33.33~2025~11~31~a1^exp~zz~25.5~2026~5~10~c1^exp~rent~25.5~2025~11~31~c1^inc~zz~100~2025~11~31~a1^exp~10~100~2025~11~31~c1^exp~food~nan~2025~11~31~_||0,nan,trans:100;shop:-1;rent:0;10:10,zh,2025,11,31|
insight	exp~shop~25.5~2026~0~1~a1^exp~rent~nan~2025~11~31~c1^exp~2~25.5~2026~5~25~_||120,20,shop:0;rent:1;trans:100,zh,2026,1,28|
credit	inc~rent~10~2026~5~11~_^exp~%a~0~2026~5~11~a1^exp~food~1~2025~11~31~a1^exp~%a~1~2026~5~11~_|c1~卡c1~~credit~0~10~25|0,1000,10:0;%a:-1,en,2026,5,11|rent:🐾:%b:%d
insight	exp~2~0~2026~0~1~a1^exp~food~-5~2026~0~1~_||120,1000,,zh,2026,0,1|
credit	exp~zz~-5~2026~0~1~_|c1~卡c1~_~credit~0~10~20|-100,1000,rent:0;%a:0,en,2025,11,31|food:🐾:%b:%a
insight	inc~2~10~2026~5~25~c1^exp~rent~100~2026~5~25~c1^exp~10~0~2026~5~25~_^exp~food~10~2026~5~11~c1^inc~trans~0~2026~1~28~a1||0,20,food:100;shop:10;%a:10,en,2026,5,25|shop:🐾:%b:%a
insight	exp~food~1~2026~1~28~c1^exp~%a~25.5~2026~1~28~_^inc~10~0~2026~1~28~_||120,0,,en,2026,1,28|
credit	inc~10~25.5~2026~5~11~c1|c1~卡c1~~credit~100~25~25|0,20,trans:10,en,2026,5,25|
insight	||_,nan,,zh,2026,0,1|
insight	exp~2~0.5~2026~0~1~a1^exp~rent~10~2026~0~1~_^exp~food~1~2026~0~1~_^inc~rent~nan~2026~0~1~a1^xfer~trans~25.5~2026~0~1~c1||_,20,shop:0;%a:-1;10:10,zh,2026,0,1|
insight	exp~trans~33.33~2026~1~28~c1^xfer~10~0.5~2026~5~10~a1||_,_,10:nan;%a:-1;food:10;trans:1,zh,2026,5,10|
credit	exp~trans~25.5~2026~5~10~_^exp~food~0~2026~0~1~_^exp~trans~25.5~2026~0~1~c1|c1~卡c1~~credit~100~10~_|0,50,,en,2026,0,1|
insight	exp~%a~nan~2026~5~11~_^xfer~%a~25.5~2026~5~11~_^exp~shop~nan~2026~1~28~c1^inc~2~nan~2026~5~25~a1^exp~10~1~2026~5~11~_^exp~10~-5~2026~5~11~c1^xfer~zz~100~2026~0~1~a1^exp~trans~-5~2026~5~11~_||1000,_,10:10;food:10;zz:100,en,2026,5,11|
insight	exp~2~33.33~2025~11~31~a1||120,0,zz:0;trans:100,zh,2025,11,31|
credit	exp~food~100~2026~0~1~a1|c1~卡c1~~credit~100~25~10|-100,1000,,en,2026,5,11|
insight	inc~2~0.5~2026~1~28~a1^exp~2~1~2026~0~1~_^exp~2~0~2026~1~28~a1^exp~2~10~2026~5~10~a1^exp~10~0~2026~1~28~c1||_,nan,trans:0;rent:10,zh,2026,1,28|
credit	exp~rent~1~2026~5~10~_^exp~trans~1~2026~5~10~a1^exp~trans~10~2026~5~11~c1^inc~zz~-5~2026~5~10~_^exp~%a~25.5~2026~5~10~c1|c1~卡c1~_~credit~0~25~25|nan,20,,en,2026,5,10|
insight	exp~food~25.5~2025~11~31~c1^exp~10~100~2026~5~11~a1^inc~2~33.33~2025~11~31~c1||-100,20,trans:100;food:100;zz:nan,en,2025,11,31|food:🐾:%b:Custom
credit	exp~10~10~2026~5~25~_^xfer~shop~100~2026~1~28~_^inc~%a~10~2026~5~25~a1^exp~zz~0.5~2026~5~25~c1|c1~卡c1~Card c1~credit~100~15~10|-100,_,10:100;shop:100;food:30,en,2026,5,25|rent:🐾:自定义:Custom
credit	inc~%a~nan~2026~5~10~a1^inc~2~25.5~2026~5~10~_^exp~%a~-5~2026~5~10~_^exp~10~10~2025~11~31~c1^xfer~%a~25.5~2026~1~28~_^exp~rent~0~2026~5~10~c1|c1~卡c1~~credit~100~15~25^c2~卡c2~~credit~-100~15~10|1000,nan,10:nan;rent:10;food:1,en,2026,5,10|
insight	exp~%a~nan~2026~5~11~c1||nan,0,zz:nan;2:0;shop:0;10:10,en,2026,5,25|
insight	exp~rent~0~2026~5~11~c1||120,0,,en,2026,0,1|
insight	exp~zz~0~2026~0~1~_^inc~%a~0.5~2026~5~11~a1||0,_,trans:1;rent:1,en,2026,5,11|
insight	exp~rent~33.33~2026~1~28~a1^exp~food~-5~2026~5~11~_^exp~rent~33.33~2026~5~11~c1^exp~shop~10~2026~5~11~_^exp~zz~33.33~2026~5~10~_^exp~%a~0.5~2026~5~11~a1^inc~trans~nan~2026~5~11~_||1000,nan,rent:10;food:10,en,2026,5,11|
insight	||120,_,,zh,2026,5,25|
credit	exp~10~100~2026~1~28~c1|c1~卡c1~Card c1~credit~-100~15~_|0,0,10:nan,en,2026,1,28|
insight	exp~zz~100~2025~11~31~c1^exp~%a~10~2025~11~31~c1||_,nan,,en,2025,11,31|
insight	exp~shop~-5~2026~5~10~a1^inc~zz~1~2026~5~11~a1^exp~rent~0.5~2026~5~10~_^exp~2~-5~2025~11~31~_||_,20,%a:0;10:0,en,2026,5,25|
insight	exp~%a~33.33~2026~5~25~c1^exp~trans~1~2026~5~25~c1^exp~trans~100~2026~5~25~a1^exp~2~33.33~2026~5~25~_^exp~zz~nan~2026~5~25~_||100,1000,trans:0;food:10;10:100,zh,2026,5,25|
credit	|c1~卡c1~~credit~100~15~_|1000,50,10:nan,zh,2026,1,28|rent:🐾:%a:%a
insight	exp~food~-5~2026~0~1~_^exp~shop~0~2026~5~10~a1^exp~shop~1~2026~1~28~a1^exp~food~0.5~2026~1~28~c1^inc~trans~100~2026~1~28~_^exp~shop~-5~2026~1~28~c1^exp~shop~100~2026~1~28~_||1000,1000,rent:100;%a:0,en,2026,1,28|
insight	exp~zz~0~2026~1~28~a1^exp~food~1~2025~11~31~a1^exp~rent~nan~2026~1~28~a1||0,50,10:10;rent:100,en,2026,1,28|
insight	xfer~10~0~2026~5~11~a1^exp~2~0.5~2026~5~11~_^exp~zz~33.33~2025~11~31~a1^exp~trans~0.5~2026~5~11~_^inc~trans~33.33~2026~1~28~a1^exp~10~nan~2026~5~11~a1||nan,_,shop:nan,en,2026,5,11|
insight	inc~10~25.5~2026~5~10~c1^exp~zz~33.33~2026~5~10~c1^exp~trans~33.33~2026~5~10~c1^exp~food~-5~2026~5~10~_^exp~food~0.5~2026~5~11~_^xfer~zz~0.5~2026~5~10~a1^inc~food~25.5~2026~5~10~c1^inc~zz~1~2026~5~10~_||-100,_,zz:0;rent:100,en,2026,5,10|
insight	xfer~zz~100~2026~5~10~a1^exp~food~-5~2026~1~28~a1^inc~food~-5~2026~5~10~c1^exp~shop~0.5~2026~5~25~a1^exp~10~10~2026~1~28~a1^exp~shop~nan~2026~5~10~_^exp~shop~-5~2026~0~1~_^exp~2~100~2025~11~31~_||nan,50,zz:nan;shop:0;2:30;%a:nan,en,2026,5,10|2:🐾:%b:%d
insight	exp~rent~nan~2026~5~11~a1^exp~%a~0~2026~5~11~_^exp~zz~25.5~2026~5~11~a1^exp~2~25.5~2026~5~11~c1^inc~food~-5~2026~5~11~_^inc~%a~-5~2025~11~31~c1^exp~10~nan~2026~1~28~_^exp~rent~33.33~2026~5~11~_||120,50,shop:1;zz:1,zh,2026,5,11|rent:🐾:%a:Custom
insight	||_,0,,en,2026,1,28|
insight	exp~%a~10~2026~0~1~_^exp~rent~10~2025~11~31~_||_,_,2:-1;10:100;shop:1;food:10,en,2025,11,31|
insight	xfer~10~0.5~2026~1~28~a1^exp~10~10~2026~5~10~c1^exp~trans~-5~2026~1~28~c1||120,1000,%a:1;10:-1;zz:nan,en,2026,1,28|%a:🐾:自定义:%d
insight	exp~trans~10~2026~5~10~a1^exp~food~0.5~2026~5~10~a1^exp~%a~0.5~2026~0~1~c1^exp~shop~0.5~2026~5~10~_||-100,1000,2:-1;trans:100;%a:-1;10:10,en,2026,5,10|2:🐾:自定义:%a
credit	xfer~food~33.33~2026~0~1~a1^exp~shop~1~2025~11~31~_^exp~2~100~2025~11~31~_^inc~trans~1~2026~0~1~a1^exp~10~0~2026~5~10~_^xfer~trans~100~2025~11~31~a1^exp~trans~10~2026~0~1~c1|c1~卡c1~Card c1~credit~0~15~20|1000,0,,en,2026,0,1|
credit	exp~trans~0~2026~5~25~_^xfer~rent~nan~2026~1~28~_^inc~2~1~2025~11~31~c1^exp~2~0.5~2026~1~28~c1|c1~卡c1~_~credit~100~25~_^c2~卡c2~~credit~-100~15~20|nan,20,2:30;food:1,en,2026,1,28|rent:🐾:自定义:Custom
insight	exp~shop~0~2026~5~11~_^exp~shop~0.5~2026~5~10~_^exp~10~33.33~2026~5~10~c1^exp~trans~1~2026~5~10~a1^exp~2~0.5~2026~5~10~_^xfer~shop~0.5~2026~5~10~_^exp~zz~100~2026~1~28~_||nan,20,food:30;zz:-1,en,2026,5,10|
insight	exp~rent~10~2025~11~31~c1^exp~10~0.5~2025~11~31~c1^exp~food~0.5~2025~11~31~a1^exp~food~25.5~2026~5~10~c1^exp~10~nan~2025~11~31~a1^xfer~shop~25.5~2026~0~1~_^exp~rent~33.33~2025~11~31~c1^exp~zz~-5~2025~11~31~a1||_,20,shop:100;food:1;rent:10;10:nan,zh,2025,11,31|rent:🐾:自定义:%d
credit	xfer~shop~0~2026~5~10~_^exp~shop~-5~2026~5~25~_^inc~food~0~2026~5~10~_^inc~10~25.5~2026~5~10~a1^exp~10~1~2026~5~11~_^exp~trans~0~2026~5~10~a1|c1~卡c1~~credit~0~15~25|-100,0,2:30;food:nan;shop:nan;10:10,en,2026,5,10|
insight	exp~2~-5~2026~1~28~a1^exp~zz~0~2026~1~28~_^exp~rent~1~2026~1~28~_||_,0,zz:100;rent:nan;food:10;10:1,en,2026,1,28|
credit	exp~zz~25.5~2026~1~28~_^xfer~food~100~2026~1~28~c1^exp~rent~1~2026~5~11~a1^exp~10~33.33~2026~5~25~_|c1~卡c1~Card c1~credit~100~25~10^c2~卡c2~~credit~100~25~25|nan,20,10:nan;%a:100;shop:30,zh,2026,1,28|
insight	exp~food~0.5~2026~5~11~a1^inc~10~nan~2026~5~11~_^exp~%a~nan~2026~5~11~c1^exp~trans~0~2025~11~31~_^inc~trans~25.5~2026~5~11~_^exp~%a~0.5~2026~5~11~_||_,0,,en,2026,5,11|
credit	exp~rent~10~2026~0~1~a1|c1~卡c1~~credit~100~25~25|-100,nan,,en,2026,0,1|
insight	exp~shop~10~2026~0~1~_^exp~%a~10~2026~0~1~a1^inc~food~25.5~2026~5~25~a1^exp~shop~10~2025~11~31~a1||120,50,rent:0;2:nan;10:30,zh,2026,0,1|
insight	exp~2~100~2026~5~10~_||120,_,2:10;shop:100;zz:100;rent:10,zh,2026,5,10|
insight	||nan,20,shop:nan;%a:30,en,2026,5,10|shop:🐾:%a:Custom
credit	xfer~trans~10~2026~5~11~c1^exp~shop~33.33~2026~5~10~a1|c1~卡c1~Card c1~credit~0~10~20|1000,_,,zh,2026,5,25|
insight	inc~trans~10~2026~5~10~a1^exp~shop~25.5~2026~5~10~_^exp~%a~-5~2026~5~10~c1^xfer~zz~-5~2026~5~10~c1^inc~trans~0.5~2025~11~31~_^exp~10~0~2025~11~31~a1^xfer~zz~0~2025~11~31~c1^exp~trans~1~2025~11~31~c1||nan,1000,rent:30;%a:10;shop:30;trans:-1,en,2025,11,31|
insight	inc~%a~10~2026~5~25~_^xfer~2~nan~2026~0~1~_^exp~2~nan~2025~11~31~c1^inc~10~33.33~2026~5~10~_^exp~shop~10~2026~0~1~a1^exp~rent~100~2026~0~1~a1^xfer~zz~nan~2026~0~1~c1||100,0,10:30;trans:30,zh,2026,0,1|
insight	exp~food~1~2026~5~25~c1^exp~zz~100~2025~11~31~c1^xfer~zz~0~2026~5~25~_^exp~10~0.5~2026~5~25~_^exp~zz~25.5~2026~5~11~c1^exp~10~100~2026~5~10~_||1000,_,zz:30;rent:30;shop:nan,zh,2026,5,25|
insight	inc~shop~-5~2026~5~25~a1^exp~2~0.5~2026~5~25~a1^exp~2~0~2026~5~25~a1||100,nan,%a:1;zz:0,en,2026,5,25|
insight	exp~2~100~2026~0~1~_||_,1000,,zh,2026,0,1|
insight	exp~%a~100~2026~5~25~c1^exp~shop~25.5~2026~5~25~a1^xfer~food~-5~2026~5~25~a1^exp~trans~25.5~2026~0~1~c1^exp~shop~0~2026~5~25~_^xfer~food~1~2026~5~25~_^xfer~rent~33.33~2026~5~25~c1^exp~2~nan~2026~5~25~_||0,50,food:-1;10:100;trans:30;%a:10,en,2026,5,25|
insight	inc~shop~33.33~2026~0~1~_^inc~rent~33.33~2026~5~10~c1||-100,50,shop:100;2:1;rent:10;zz:0,en,2026,5,10|zz:🐾:%b:%a
insight	xfer~2~33.33~2026~0~1~c1||0,20,rent:0;food:0;zz:nan;10:1,zh,2026,5,11|
insight	exp~rent~33.33~2026~5~10~_||1000,20,shop:10,zh,2026,5,11|
insight	inc~%a~25.5~2026~5~25~a1^xfer~rent~33.33~2025~11~31~a1^exp~%a~0~2025~11~31~_^xfer~rent~-5~2025~11~31~c1^xfer~shop~25.5~2026~1~28~_||100,0,10:100;food:nan,en,2025,11,31|
credit	exp~%a~10~2026~1~28~_^xfer~10~-5~2026~1~28~a1^exp~%a~0~2026~1~28~c1^exp~%a~-5~2026~0~1~c1|c1~卡c1~~credit~0~10~20^c2~卡c2~~credit~100~10~10|-100,0,rent:-1;food:100;shop:0;10:-1,zh,2026,1,28|
insight	exp~shop~0.5~2026~0~1~_^exp~%a~33.33~2026~5~25~_^exp~2~0.5~2026~0~1~_^xfer~2~33.33~2026~0~1~c1^exp~%a~33.33~2026~0~1~_^inc~2~100~2026~0~1~_||1000,0,%a:0;shop:30;rent:100,zh,2026,0,1|
insight	||1000,nan,,en,2026,0,1|
insight	inc~shop~-5~2026~5~11~a1||-100,20,zz:-1;rent:0,zh,2026,5,11|
insight	inc~10~1~2026~5~25~_||120,_,%a:10;zz:1,en,2026,5,25|
insight	xfer~2~0~2026~5~25~_^inc~%a~1~2025~11~31~_^exp~food~100~2025~11~31~a1||_,nan,,zh,2025,11,31|
credit	exp~zz~-5~2026~5~10~c1^exp~2~nan~2026~5~10~_^inc~food~0~2026~0~1~c1^inc~10~-5~2025~11~31~c1^exp~rent~33.33~2026~0~1~a1|c1~卡c1~Card c1~credit~100~25~10|0,_,shop:30,zh,2026,0,1|
insight	exp~%a~0~2026~0~1~a1^exp~10~0.5~2026~0~1~a1^exp~zz~10~2026~0~1~a1^xfer~10~nan~2026~1~28~_^inc~trans~10~2026~0~1~a1^xfer~shop~0.5~2026~0~1~_||0,1000,zz:nan;%a:10,en,2026,0,1|
insight	exp~trans~0.5~2026~1~28~c1^exp~rent~100~2026~0~1~_^xfer~zz~1~2026~0~1~a1^exp~rent~0~2026~0~1~_||1000,20,zz:30;rent:nan,zh,2026,0,1|
insight	||120,20,zz:nan;trans:100,en,2025,11,31|shop:🐾:自定义:%d
insight	exp~2~-5~2026~5~10~c1^exp~rent~0~2026~5~10~c1^exp~food~0~2026~5~25~a1^exp~2~0.5~2026~5~25~c1^exp~shop~0~2026~5~25~a1^inc~%a~0.5~2026~1~28~c1^exp~rent~0~2026~5~25~_^xfer~trans~0.5~2026~5~25~c1||_,50,10:-1;shop:10;food:1,en,2026,5,25|
credit	exp~food~0~2026~0~1~c1|c1~卡c1~~credit~0~10~25|nan,nan,shop:30;food:nan,zh,2026,0,1|
insight	exp~zz~25.5~2026~0~1~a1^exp~shop~1~2026~0~1~a1^xfer~10~25.5~2026~0~1~c1^exp~food~-5~2026~1~28~c1^exp~trans~10~2026~0~1~_^exp~%a~33.33~2026~5~25~_||100,nan,%a:0,zh,2026,0,1|
insight	||nan,1000,zz:0,en,2026,0,1|
credit	inc~trans~0~2026~5~10~_^exp~food~-5~2026~5~11~a1^exp~2~33.33~2026~5~25~a1^inc~trans~1~2026~5~11~_^exp~%a~-5~2026~5~10~_|c1~卡c1~_~credit~0~25~25|-100,50,food:0,en,2026,5,10|
insight	exp~%a~nan~2026~5~10~a1^xfer~food~100~2026~5~25~c1^exp~10~-5~2026~5~25~c1^xfer~trans~0.5~2026~5~11~_^exp~rent~0~2026~5~10~a1||nan,nan,%a:1;shop:0,zh,2026,5,10|
insight	xfer~%a~10~2026~5~25~_^exp~2~0~2026~5~25~a1^exp~trans~33.33~2026~5~10~_^inc~2~100~2026~5~25~c1^exp~10~1~2026~5~25~c1^exp~trans~33.33~2026~0~1~a1||_,nan,trans:1;%a:10;rent:0,en,2026,5,25|
insight	exp~2~-5~2026~0~1~c1||100,nan,zz:-1;trans:nan;shop:100,en,2026,0,1|
insight	exp~2~0~2026~5~10~_^inc~food~25.5~2026~5~25~c1^exp~food~1~2025~11~31~a1^exp~2~nan~2026~5~10~c1^xfer~trans~0~2026~1~28~_||nan,nan,zz:100;%a:1;2:100;10:nan,zh,2026,5,10|
credit	exp~%a~0.5~2026~5~25~_^exp~rent~25.5~2026~1~28~c1^inc~2~nan~2026~5~25~_|c1~卡c1~~credit~-100~25~10^c2~卡c2~Card c2~credit~-100~15~_|120,0,,zh,2026,5,25|food:🐾:%a:Custom
insight	exp~shop~nan~2026~1~28~a1^exp~shop~100~2026~1~28~_^exp~%a~33.33~2026~0~1~c1^xfer~zz~0~2026~1~28~a1||0,0,rent:nan;10:10;zz:1,en,2026,1,28|
insight	exp~%a~nan~2026~5~11~a1^exp~10~10~2026~0~1~_^xfer~10~-5~2026~5~10~a1^exp~zz~25.5~2025~11~31~_^exp~trans~10~2026~0~1~a1^xfer~rent~33.33~2025~11~31~_^exp~10~33.33~2026~0~1~_||0,nan,rent:100;food:30;2:1,en,2026,0,1|
insight	||_,1000,10:-1;food:30;%a:100,zh,2025,11,31|
credit	xfer~shop~33.33~2026~5~25~a1^exp~2~-5~2026~5~10~_^xfer~zz~nan~2026~5~11~_^inc~food~nan~2026~5~25~_^exp~trans~25.5~2026~5~25~a1^exp~2~0~2026~5~25~_|c1~卡c1~~credit~100~15~20^c2~卡c2~Card c2~credit~100~10~_|0,0,trans:-1;food:10;shop:-1,zh,2026,5,25|
insight	exp~food~10~2026~0~1~_^inc~2~1~2026~1~28~_^exp~10~nan~2026~5~25~c1^inc~food~nan~2026~5~25~_^exp~2~0~2025~11~31~_^exp~shop~10~2026~5~25~a1||1000,1000,shop:30;rent:1,en,2026,5,25|
insight	exp~10~nan~2026~5~11~_||0,0,2:1;zz:0,zh,2026,5,11|
insight	exp~zz~1~2026~1~28~_||-100,20,rent:-1;zz:1;food:100;%a:0,zh,2026,1,28|
insight	exp~%a~10~2026~0~1~_^exp~zz~0.5~2026~5~11~a1^exp~2~100~2025~11~31~c1^exp~trans~nan~2026~5~11~c1||-100,nan,%a:1;food:30;trans:10;zz:0,zh,2026,0,1|
credit	inc~10~0~2026~5~25~_|c1~卡c1~~credit~100~15~25|_,1000,shop:30;food:nan,zh,2026,5,25|
insight	exp~trans~nan~2025~11~31~a1^exp~shop~1~2026~5~25~_^exp~2~-5~2026~5~25~a1^exp~food~nan~2026~0~1~_^exp~rent~nan~2026~0~1~a1^exp~2~10~2026~0~1~_^xfer~food~0~2026~5~11~a1||nan,nan,rent:0,zh,2026,0,1|
credit	exp~zz~100~2026~5~25~_|c1~卡c1~Card c1~credit~100~25~20|100,1000,,en,2026,5,25|zz:🐾:自定义:Custom
credit	exp~rent~10~2026~1~28~a1|c1~卡c1~~credit~100~25~20|1000,_,,zh,2026,1,28|
insight	exp~%a~100~2026~5~10~c1||120,nan,rent:100;10:1,zh,2026,5,10|food:🐾:自定义:Custom
credit	exp~trans~nan~2026~0~1~a1^exp~shop~25.5~2026~0~1~_^exp~food~0~2026~5~25~c1^exp~%a~1~2026~0~1~_^inc~rent~1~2026~0~1~a1^exp~food~1~2026~0~1~_^inc~2~33.33~2025~11~31~a1^exp~10~0.5~2026~0~1~a1|c1~卡c1~_~credit~0~10~_^c2~卡c2~_~credit~0~15~20|-100,0,2:1;rent:-1;trans:nan;%a:30,zh,2026,0,1|
insight	inc~2~25.5~2026~1~28~_^xfer~food~1~2026~5~11~c1^inc~%a~0~2026~1~28~c1^inc~%a~0.5~2026~0~1~c1||120,0,2:30;%a:100,en,2026,1,28|
insight	xfer~food~nan~2026~5~25~c1^xfer~shop~25.5~2026~5~25~a1^exp~10~0~2026~5~10~c1^exp~%a~nan~2026~5~10~c1^exp~shop~1~2026~5~10~a1^exp~food~100~2026~5~10~_||-100,50,food:0;shop:-1;%a:100;2:100,en,2026,5,10|
credit	exp~food~33.33~2026~5~25~a1^xfer~10~1~2025~11~31~c1|c1~卡c1~Card c1~credit~0~25~25|0,nan,zz:-1;2:10,en,2026,5,25|10:🐾:自定义:%d
insight	exp~shop~33.33~2026~5~10~_||1000,50,food:30;trans:30,en,2026,1,28|
insight	inc~2~10~2026~5~11~_||nan,50,zz:100,en,2026,0,1|
insight	exp~trans~1~2026~5~25~_^xfer~2~0~2026~5~10~_^exp~food~nan~2026~5~25~a1^exp~2~1~2026~5~25~a1^exp~%a~-5~2026~5~25~_^exp~trans~100~2026~5~10~a1^xfer~%a~0~2026~5~25~_^xfer~rent~33.33~2026~5~10~_||0,nan,%a:30,en,2026,5,25|
insight	exp~zz~25.5~2026~5~10~_^exp~food~33.33~2026~0~1~c1^exp~2~33.33~2026~5~10~c1^exp~food~100~2026~5~10~a1^xfer~food~0~2025~11~31~_^exp~shop~10~2026~0~1~a1^xfer~10~33.33~2026~5~10~_^xfer~rent~0~2026~0~1~_||1000,_,,zh,2026,5,10|
insight	inc~shop~25.5~2026~1~28~_^inc~rent~100~2026~1~28~c1^exp~shop~0~2026~5~11~c1^inc~10~100~2026~5~11~a1^xfer~zz~33.33~2025~11~31~c1||-100,50,food:30;rent:30;2:100,en,2026,5,11|%a:🐾:%a:Custom
credit	inc~%a~0~2026~5~11~_^inc~10~0~2026~5~11~c1^exp~10~1~2026~5~10~a1^exp~food~0~2026~5~11~_^exp~zz~10~2025~11~31~a1|c1~卡c1~_~credit~-100~25~_|120,_,2:-1,zh,2026,5,11|
insight	xfer~shop~25.5~2025~11~31~a1^xfer~2~0.5~2026~5~11~a1^exp~2~10~2026~1~28~_^xfer~food~1~2026~5~11~a1^xfer~rent~0.5~2026~5~11~a1^exp~rent~1~2026~5~11~_^exp~shop~100~2026~5~11~c1||-100,50,trans:10;2:10;food:0,zh,2026,5,11|
insight	exp~zz~0.5~2026~5~10~a1^exp~shop~0~2026~0~1~a1||-100,20,10:10;zz:nan,zh,2026,5,11|
insight	exp~2~10~2026~5~25~a1^exp~trans~25.5~2026~1~28~_^exp~2~0~2026~5~25~a1^xfer~10~0~2026~5~25~c1^exp~10~10~2026~5~25~c1^inc~rent~10~2026~5~25~a1||_,20,zz:0;rent:nan;food:30,zh,2026,5,25|food:🐾:%b:%a
insight	inc~10~25.5~2026~0~1~a1^exp~%a~25.5~2026~5~10~a1||1000,50,%a:10;10:nan;zz:nan;shop:30,en,2026,5,25|
credit	|c1~卡c1~_~credit~100~10~10^c2~卡c2~~credit~0~15~20|120,nan,zz:0;%a:10;2:10,en,2026,0,1|
insight	inc~%a~0~2026~5~10~_^exp~2~0~2026~5~10~c1^exp~shop~25.5~2026~1~28~_^exp~food~25.5~2026~5~11~c1^exp~%a~10~2026~5~10~_||nan,50,rent:0;shop:0,en,2026,5,10|
insight	exp~zz~100~2026~5~11~a1||_,nan,trans:100;food:100;zz:0,en,2026,1,28|
credit	exp~zz~10~2026~1~28~_^inc~shop~nan~2026~1~28~_^xfer~shop~-5~2026~1~28~c1^exp~10~100~2026~1~28~c1^exp~%a~nan~2026~5~10~c1^exp~zz~25.5~2026~1~28~a1^inc~zz~nan~2026~5~11~a1|c1~卡c1~_~credit~100~15~20^c2~卡c2~Card c2~credit~100~15~10|-100,50,,zh,2026,1,28|shop:🐾:%a:%d
insight	inc~food~0.5~2026~5~11~c1^xfer~10~0.5~2026~5~11~_^exp~2~nan~2026~5~11~c1^exp~trans~0~2026~5~11~a1^inc~zz~nan~2026~5~11~_^exp~zz~25.5~2026~5~11~c1||nan,0,,en,2026,5,11|2:🐾:%b:%d
insight	exp~%a~-5~2025~11~31~c1^exp~10~100~2025~11~31~a1^xfer~%a~-5~2025~11~31~_^exp~zz~25.5~2026~0~1~c1||-100,0,zz:30;2:30;rent:1;food:-1,en,2025,11,31|
insight	exp~shop~10~2026~5~10~_^exp~shop~100~2026~5~10~c1^exp~trans~10~2026~5~10~a1^exp~%a~-5~2026~5~25~c1^exp~rent~-5~2026~5~25~c1^exp~food~10~2026~0~1~a1^exp~trans~0~2026~0~1~a1||_,nan,zz:100;%a:100;food:0;shop:100,zh,2026,5,10|
insight	exp~2~100~2026~5~25~c1^exp~shop~nan~2025~11~31~_||0,_,trans:30;shop:nan;food:30,en,2026,5,25|zz:🐾:自定义:Custom
insight	exp~shop~25.5~2026~5~10~_^exp~rent~10~2025~11~31~_^xfer~zz~100~2026~1~28~_^inc~%a~25.5~2026~5~25~_^exp~shop~-5~2025~11~31~c1^exp~food~25.5~2026~1~28~a1||-100,nan,zz:1;shop:-1;2:100;trans:0,en,2025,11,31|
insight	||_,0,zz:1;shop:nan,zh,2026,0,1|%a:🐾:自定义:%a
insight	exp~rent~1~2026~5~25~_^exp~rent~0.5~2026~5~25~a1^exp~10~0.5~2026~5~25~c1^exp~%a~0~2026~5~10~_^xfer~trans~25.5~2026~5~25~c1^xfer~trans~-5~2026~5~25~c1||120,1000,rent:nan;zz:100;2:nan;10:30,en,2026,5,25|10:🐾:%b:%d
credit	xfer~2~1~2026~5~11~_^exp~shop~0~2026~5~10~c1^exp~rent~-5~2026~5~25~_^exp~zz~0.5~2026~5~11~_|c1~卡c1~~credit~100~15~20|120,nan,zz:nan,en,2026,5,11|
insight	xfer~zz~nan~2026~5~11~_^xfer~trans~-5~2026~0~1~c1^exp~food~33.33~2026~5~11~_^exp~food~1~2026~5~11~c1^exp~trans~-5~2026~5~11~_||120,50,10:0;zz:100;trans:1;rent:nan,en,2026,5,11|
credit	exp~trans~25.5~2025~11~31~_^exp~shop~100~2026~5~10~_^inc~trans~10~2026~5~10~_|c1~卡c1~_~credit~-100~15~25|120,nan,,en,2026,5,10|
credit	inc~zz~1~2025~11~31~_^exp~10~33.33~2026~1~28~_^exp~zz~-5~2026~5~10~_^exp~zz~25.5~2026~5~25~c1|c1~卡c1~Card c1~credit~-100~25~20^c2~卡c2~~credit~0~10~10|-100,20,food:30,zh,2026,5,10|shop:🐾:%b:%a
insight	inc~shop~nan~2026~5~10~a1^inc~%a~-5~2026~5~10~_^exp~10~33.33~2026~5~10~_^exp~%a~0.5~2026~5~10~c1^xfer~food~25.5~2026~5~10~_^xfer~trans~25.5~2026~5~10~_^exp~shop~-5~2026~5~10~c1^inc~shop~1~2026~5~10~c1||0,1000,2:nan,en,2026,5,10|
insight	xfer~rent~25.5~2026~5~25~_^exp~food~0~2026~1~28~c1^exp~2~100~2026~1~28~a1||100,nan,shop:30;rent:0;trans:nan;%a:100,zh,2026,1,28|shop:🐾:%a:%d
insight	exp~shop~100~2026~5~11~a1^xfer~2~0~2026~5~11~_^exp~zz~0.5~2026~0~1~c1||-100,50,10:30;%a:10;2:100;trans:100,zh,2026,5,11|food:🐾:自定义:Custom
insight	inc~shop~25.5~2026~5~25~a1^exp~food~10~2026~5~25~_^exp~%a~1~2026~5~11~_^inc~rent~33.33~2026~5~25~_||nan,_,rent:10;trans:30;zz:-1;2:10,en,2026,5,25|10:🐾:自定义:Custom
credit	exp~10~10~2026~5~25~c1^exp~shop~-5~2026~5~25~_^exp~shop~33.33~2026~5~10~a1^exp~rent~1~2026~5~25~_^xfer~2~25.5~2026~5~25~a1|c1~卡c1~_~credit~0~10~25^c2~卡c2~Card c2~credit~100~15~_|0,1000,,en,2026,5,25|
insight	inc~zz~nan~2026~0~1~c1^exp~rent~1~2026~0~1~_^exp~zz~0~2026~5~11~a1^exp~shop~33.33~2026~1~28~a1^exp~shop~0~2026~5~10~c1||_,nan,,en,2026,0,1|
insight	exp~2~-5~2026~0~1~_^xfer~10~100~2026~0~1~c1||_,1000,shop:nan,en,2026,0,1|
insight	exp~10~0.5~2025~11~31~c1^xfer~food~-5~2026~5~10~c1^exp~shop~33.33~2026~5~10~a1^exp~shop~-5~2026~5~11~a1^exp~rent~nan~2026~5~10~_||-100,nan,2:1,en,2026,5,10|
insight	||0,20,,zh,2026,5,10|
credit	exp~shop~0.5~2025~11~31~a1^xfer~2~33.33~2026~0~1~c1^exp~food~1~2026~0~1~a1|c1~卡c1~~credit~0~10~20|-100,_,food:nan,en,2026,0,1|food:🐾:自定义:Custom
insight	||nan,1000,shop:10,en,2026,5,11|
credit	exp~food~0.5~2025~11~31~_|c1~卡c1~~credit~-100~25~_|_,nan,2:nan,zh,2026,0,1|rent:🐾:%a:Custom
insight	exp~2~100~2026~5~25~_^xfer~zz~33.33~2026~5~25~_^xfer~2~25.5~2026~1~28~c1^exp~10~-5~2026~1~28~a1^xfer~rent~0~2026~5~25~a1^exp~zz~nan~2026~5~25~c1||120,20,2:30,zh,2026,5,25|
insight	inc~rent~10~2026~5~10~c1^exp~rent~0~2025~11~31~c1^exp~zz~0.5~2026~5~10~c1^exp~food~nan~2026~5~10~c1||0,50,trans:10;%a:0;zz:-1;food:1,en,2026,5,10|
insight	exp~rent~33.33~2026~5~10~_^exp~10~25.5~2026~5~25~a1^exp~shop~1~2026~5~25~_^inc~zz~0.5~2026~0~1~_^exp~2~0.5~2026~5~25~_^exp~food~10~2026~1~28~_||-100,nan,food:1,zh,2026,5,25|
credit	xfer~10~100~2026~0~1~a1^exp~shop~0~2026~0~1~c1^exp~shop~0.5~2026~0~1~_^exp~trans~1~2026~1~28~_^inc~10~0~2026~0~1~c1^xfer~food~0~2026~0~1~_^exp~rent~10~2026~0~1~_|c1~卡c1~_~credit~0~10~10^c2~卡c2~~credit~100~10~20|0,0,%a:1;food:10;zz:nan;trans:100,en,2026,0,1|trans:🐾:%a:%d
insight	exp~10~0~2026~5~10~_^exp~10~0.5~2026~5~11~a1^xfer~trans~33.33~2026~5~10~a1||1000,1000,,zh,2026,5,10|%a:🐾:自定义:%a
insight	xfer~shop~10~2026~5~25~c1^xfer~shop~0.5~2026~5~25~c1^inc~food~0~2026~5~25~_^exp~shop~-5~2026~5~25~_^inc~%a~1~2026~5~25~a1^exp~%a~10~2026~5~25~c1^inc~trans~33.33~2026~5~25~a1^inc~food~-5~2026~5~11~c1||nan,nan,food:0;shop:0,zh,2026,5,25|shop:🐾:%b:Custom
insight	exp~trans~-5~2026~0~1~a1^exp~10~0.5~2026~0~1~_^inc~zz~0.5~2026~0~1~_^inc~zz~1~2026~0~1~_^exp~2~-5~2026~0~1~c1||-100,0,2:nan;shop:100,en,2026,0,1|
insight	exp~rent~33.33~2026~5~10~_^xfer~trans~0~2026~5~10~a1^inc~zz~25.5~2026~1~28~_^xfer~10~0.5~2026~5~10~a1^inc~trans~0~2026~5~10~a1^exp~trans~0.5~2026~5~10~_^exp~10~100~2026~5~10~a1^xfer~rent~100~2026~5~11~_||_,nan,10:100,en,2026,5,10|food:🐾:%a:%a
insight	||nan,0,rent:-1;10:1;2:30;zz:0,en,2026,1,28|
insight	inc~10~25.5~2026~1~28~a1^exp~2~0~2026~1~28~c1^inc~rent~33.33~2026~1~28~_^exp~10~1~2026~1~28~_^xfer~2~100~2026~5~25~a1||nan,1000,2:10;zz:1,en,2026,1,28|%a:🐾:%a:%d
insight	exp~food~10~2026~5~25~_^exp~2~-5~2025~11~31~c1^exp~food~10~2025~11~31~a1^inc~shop~10~2026~5~25~_^exp~trans~nan~2025~11~31~a1^exp~trans~nan~2025~11~31~a1^exp~zz~10~2026~5~11~c1^exp~2~nan~2025~11~31~a1||1000,0,10:0,en,2025,11,31|shop:🐾:%a:%a
insight	exp~shop~100~2026~1~28~a1^inc~2~100~2026~1~28~_^exp~2~0.5~2026~1~28~a1^exp~2~10~2026~1~28~a1^xfer~2~33.33~2026~1~28~a1^xfer~zz~0~2026~5~10~_||120,1000,2:1;rent:100,zh,2026,1,28|
insight	exp~10~100~2025~11~31~a1||-100,0,rent:30;%a:10;shop:0;food:0,zh,2025,11,31|
insight	exp~2~-5~2026~0~1~a1^exp~trans~25.5~2026~0~1~_^exp~2~0.5~2026~5~11~a1^exp~shop~nan~2026~5~10~a1^exp~food~-5~2026~5~11~c1^exp~trans~25.5~2026~5~10~a1^xfer~2~1~2026~5~11~a1^xfer~rent~0.5~2026~0~1~_||0,20,trans:nan;shop:30,zh,2026,5,11|
insight	exp~shop~1~2026~1~28~_^exp~trans~10~2026~1~28~c1^xfer~food~0.5~2026~5~25~a1^exp~zz~0~2026~5~10~_||0,20,zz:10;shop:100;10:30;trans:30,en,2026,1,28|
credit	exp~2~0.5~2025~11~31~_^xfer~rent~nan~2026~0~1~a1|c1~卡c1~~credit~100~10~10^c2~卡c2~_~credit~0~15~_|1000,nan,10:nan;%a:0;2:nan,en,2025,11,31|
insight	exp~2~10~2026~5~10~c1^exp~zz~1~2026~1~28~_^exp~food~-5~2026~1~28~a1^exp~2~0~2026~1~28~c1||1000,0,10:nan;zz:-1;%a:100;2:1,zh,2026,1,28|
insight	xfer~trans~33.33~2026~0~1~c1^exp~10~-5~2026~5~25~_^exp~%a~1~2025~11~31~a1^xfer~shop~10~2026~5~25~a1||120,1000,,zh,2026,5,25|
insight	inc~2~100~2026~5~10~_^exp~%a~nan~2025~11~31~c1^xfer~food~33.33~2025~11~31~a1^exp~10~10~2025~11~31~_^exp~2~nan~2025~11~31~_^inc~rent~10~2025~11~31~c1^exp~%a~10~2025~11~31~_^xfer~10~1~2026~1~28~_||nan,0,2:1;food:1,zh,2025,11,31|
insight	xfer~trans~1~2026~5~11~_^exp~rent~25.5~2026~0~1~c1^exp~10~nan~2026~0~1~c1^exp~zz~100~2026~0~1~a1^exp~zz~1~2026~0~1~_^exp~%a~10~2026~0~1~_^exp~rent~1~2026~0~1~a1||0,1000,zz:100;shop:0;2:30,zh,2026,0,1|rent:🐾:自定义:%d
insight	xfer~shop~25.5~2025~11~31~c1^xfer~2~0.5~2025~11~31~_^exp~trans~33.33~2026~5~11~a1||_,1000,shop:30;%a:100;food:10;2:10,en,2025,11,31|
insight	inc~food~0~2025~11~31~c1^exp~10~100~2025~11~31~a1||nan,1000,food:0;10:30;trans:100,zh,2025,11,31|
credit	|c1~卡c1~Card c1~credit~0~10~10|nan,50,rent:100;shop:30;10:nan,zh,2026,0,1|
insight	exp~trans~0.5~2026~1~28~c1||1000,1000,2:0;food:-1;shop:30,zh,2026,1,28|
insight	exp~food~25.5~2026~5~25~c1^exp~2~33.33~2026~0~1~c1^exp~10~0~2026~5~10~a1^exp~rent~100~2026~5~10~_^exp~food~25.5~2025~11~31~_^exp~10~1~2026~5~10~_^xfer~shop~-5~2026~5~25~c1||0,1000,10:30;trans:30,zh,2026,5,10|
insight	exp~trans~1~2026~5~10~c1||100,_,,zh,2026,5,10|zz:🐾:%b:%a
insight	||100,_,shop:10,en,2026,0,1|food:🐾:自定义:%d
insight	exp~%a~25.5~2026~5~11~c1^exp~food~10~2026~5~25~a1^xfer~10~0~2026~0~1~a1^exp~trans~25.5~2026~0~1~a1||100,_,zz:1;10:nan,en,2026,0,1|
insight	exp~shop~-5~2026~0~1~_^exp~zz~100~2026~5~25~_^xfer~rent~1~2026~0~1~a1^exp~10~100~2026~0~1~c1^exp~2~-5~2025~11~31~_||_,50,%a:-1;food:-1;10:nan,zh,2026,0,1|trans:🐾:%a:Custom
insight	exp~%a~nan~2026~0~1~_^xfer~food~0~2026~1~28~a1^exp~shop~-5~2026~0~1~_^inc~zz~100~2026~0~1~c1^inc~food~10~2026~5~25~_^exp~10~25.5~2026~0~1~c1^xfer~rent~0.5~2026~0~1~_||120,50,trans:30;%a:10;zz:-1,zh,2026,0,1|
insight	||100,20,zz:0,en,2026,0,1|shop:🐾:自定义:%d
insight	exp~food~1~2026~1~28~a1||0,20,2:1,zh,2026,1,28|
insight	xfer~10~-5~2026~5~11~_^xfer~rent~33.33~2026~5~25~_^exp~food~33.33~2025~11~31~_^exp~shop~-5~2026~1~28~a1^exp~zz~nan~2026~5~10~c1||120,20,rent:0,zh,2026,5,10|
insight	exp~10~25.5~2026~5~10~a1^exp~rent~33.33~2026~5~25~a1^inc~rent~10~2026~5~10~c1^exp~rent~33.33~2026~5~10~a1^xfer~trans~nan~2026~5~11~_^exp~zz~25.5~2026~5~10~c1^exp~rent~100~2026~5~25~c1||nan,50,food:30;zz:30,en,2026,5,10|
credit	exp~%a~1~2026~0~1~c1^exp~10~33.33~2026~0~1~_^exp~zz~0~2026~0~1~c1|c1~卡c1~Card c1~credit~-100~15~20|1000,_,10:nan;trans:-1,en,2026,0,1|
insight	exp~%a~33.33~2026~5~11~a1^exp~rent~1~2026~5~11~a1^exp~2~25.5~2026~5~11~_||_,1000,10:0;2:0,zh,2026,5,11|shop:🐾:%b:%d
insight	xfer~10~25.5~2025~11~31~c1^exp~food~25.5~2026~5~11~_^exp~shop~33.33~2026~5~11~_^inc~%a~25.5~2026~5~11~c1||-100,1000,zz:100;shop:1;food:100,en,2026,5,11|
credit	exp~food~0.5~2026~5~11~_^exp~trans~0.5~2026~5~25~a1^exp~2~0.5~2026~5~11~_|c1~卡c1~~credit~-100~10~25|1000,1000,shop:nan;%a:30;zz:1,zh,2026,5,11|
insight	exp~10~1~2026~0~1~c1^exp~shop~33.33~2026~0~1~c1^xfer~2~1~2025~11~31~a1^xfer~trans~-5~2026~0~1~a1^xfer~10~nan~2026~0~1~_^xfer~2~1~2025~11~31~_^inc~2~25.5~2026~0~1~a1^exp~2~10~2026~0~1~c1||-100,20,,zh,2026,0,1|
credit	xfer~%a~25.5~2026~0~1~_^exp~2~1~2026~0~1~a1|c1~卡c1~~credit~100~10~25^c2~卡c2~Card c2~credit~0~25~_|-100,nan,zz:-1,zh,2026,0,1|
credit	inc~food~25.5~2026~5~25~_^exp~rent~10~2026~5~25~c1^exp~zz~100~2026~5~25~a1|c1~卡c1~Card c1~credit~-100~10~25^c2~卡c2~_~credit~-100~25~20|_,50,10:-1,zh,2026,5,25|
insight	xfer~%a~0.5~2026~5~10~a1^xfer~2~0.5~2026~5~10~a1^exp~shop~nan~2026~5~10~_^exp~%a~10~2026~5~10~a1||1000,20,2:30;trans:30;%a:0,zh,2026,5,10|10:🐾:自定义:Custom
insight	||120,20,,en,2026,5,11|
credit	exp~food~1~2026~5~25~a1^xfer~10~1~2026~5~25~c1|c1~卡c1~Card c1~credit~-100~10~25|100,50,rent:0;food:-1,zh,2026,5,25|2:🐾:%b:Custom
insight	exp~%a~1~2025~11~31~_^inc~10~100~2026~5~11~c1^exp~shop~nan~2026~5~11~a1^inc~2~1~2026~5~11~c1^exp~%a~0~2026~5~11~a1^xfer~shop~0~2026~1~28~c1^exp~%a~1~2026~5~25~c1||0,20,%a:0;zz:30;shop:0,zh,2026,5,11|10:🐾:%a:Custom
insight	||1000,_,food:100;%a:100;10:10;trans:10,en,2026,1,28|zz:🐾:%b:Custom
insight	exp~%a~33.33~2026~1~28~_^inc~%a~0.5~2026~5~10~a1^xfer~%a~1~2026~1~28~a1^xfer~%a~1~2026~1~28~c1^inc~shop~1~2026~1~28~a1^exp~food~1~2026~1~28~c1^exp~food~100~2026~5~10~a1^inc~%a~0.5~2026~1~28~c1||1000,1000,2:0;shop:1;rent:-1,en,2026,1,28|
insight	inc~rent~0~2026~1~28~c1^exp~trans~33.33~2026~1~28~_^exp~%a~33.33~2026~0~1~a1^exp~10~1~2026~1~28~c1||_,_,zz:-1;food:0;2:100;%a:1,en,2026,1,28|
insight	xfer~zz~100~2026~0~1~_^exp~rent~33.33~2025~11~31~c1^exp~10~25.5~2025~11~31~c1^exp~trans~1~2025~11~31~a1||1000,1000,food:30;trans:100;2:-1;shop:1,zh,2025,11,31|
insight	inc~rent~-5~2025~11~31~a1^exp~shop~100~2026~5~11~a1^exp~shop~33.33~2025~11~31~_||-100,nan,,zh,2025,11,31|
insight	xfer~10~100~2026~5~11~a1^exp~rent~100~2026~5~25~a1||0,_,,en,2026,5,25|
credit	exp~%a~100~2026~5~10~a1^exp~10~100~2026~5~10~c1|c1~卡c1~Card c1~credit~0~10~10^c2~卡c2~~credit~-100~15~_|nan,20,2:0;trans:-1,en,2026,5,10|trans:🐾:%b:Custom
insight	exp~shop~100~2026~5~10~a1^exp~trans~nan~2026~5~25~c1^exp~%a~25.5~2026~5~25~_^xfer~%a~0.5~2026~5~25~_^inc~%a~33.33~2026~5~25~_^exp~food~0~2026~1~28~a1||100,1000,trans:10;shop:10;2:-1;%a:-1,zh,2026,5,25|%a:🐾:自定义:Custom
insight	||nan,_,%a:10;food:30,zh,2026,5,10|
credit	exp~2~-5~2025~11~31~c1^exp~trans~1~2025~11~31~_^xfer~zz~100~2026~0~1~a1^exp~trans~33.33~2026~5~25~c1|c1~卡c1~~credit~-100~15~_^c2~卡c2~~credit~-100~15~10|0,nan,%a:1;shop:-1,zh,2025,11,31|
insight	exp~shop~100~2026~1~28~c1^exp~zz~25.5~2026~1~28~a1^exp~shop~25.5~2026~0~1~a1^exp~rent~0.5~2025~11~31~c1||100,0,shop:0;trans:30;rent:100;%a:1,zh,2026,0,1|shop:🐾:%b:%a
credit	exp~food~33.33~2025~11~31~c1^inc~shop~0.5~2026~5~10~_^exp~%a~-5~2026~5~10~_^exp~food~25.5~2026~5~25~_|c1~卡c1~~credit~0~10~25|-100,_,food:0;trans:100;%a:10;shop:100,zh,2026,5,25|
insight	xfer~shop~0~2026~1~28~a1^inc~%a~100~2026~1~28~_^inc~food~100~2026~5~11~a1^exp~food~-5~2026~5~11~c1^exp~10~1~2026~0~1~_^exp~10~1~2026~1~28~_^xfer~rent~25.5~2026~0~1~_||_,_,shop:nan;%a:0,en,2026,1,28|
insight	xfer~2~10~2026~1~28~a1^exp~rent~10~2026~1~28~a1^inc~zz~10~2026~1~28~c1^exp~10~100~2026~1~28~_||_,0,%a:100;2:0;food:30;trans:-1,en,2026,1,28|
insight	exp~10~1~2026~5~25~a1^exp~2~10~2026~1~28~c1^exp~rent~0.5~2026~5~25~a1^exp~%a~0~2026~5~25~_^inc~shop~nan~2026~5~25~_^xfer~2~25.5~2026~5~25~a1||1000,1000,shop:100;food:100;trans:100,zh,2026,5,25|
insight	exp~2~10~2026~5~11~_^xfer~trans~-5~2026~5~10~a1^exp~rent~33.33~2026~5~11~a1^xfer~%a~-5~2026~5~11~_^inc~2~-5~2026~1~28~c1^exp~%a~-5~2026~5~10~_||100,20,trans:1;zz:1;rent:10,zh,2026,5,11|
credit	xfer~shop~33.33~2026~5~11~c1^exp~trans~0~2026~5~11~_^exp~rent~25.5~2026~0~1~_^exp~2~1~2026~5~25~a1^exp~2~0~2026~1~28~_^exp~shop~0.5~2026~5~11~_|c1~卡c1~_~credit~0~15~10^c2~卡c2~~credit~-100~10~20|nan,nan,2:-1,zh,2026,5,11|food:🐾:%a:%a
credit	exp~2~0.5~2026~5~25~_^xfer~food~25.5~2026~5~25~_^exp~rent~10~2026~5~25~a1|c1~卡c1~~credit~0~25~25^c2~卡c2~Card c2~credit~0~15~25|-100,50,%a:nan;trans:10;10:10;rent:1,en,2026,5,25|rent:🐾:%a:%a
insight	||100,_,2:100;%a:1;rent:10,zh,2025,11,31|
insight	||120,nan,rent:30;zz:1,en,2026,1,28|shop:🐾:%a:%a
insight	exp~%a~-5~2026~0~1~c1^exp~rent~33.33~2026~5~10~c1^exp~zz~0.5~2026~0~1~c1||1000,20,,zh,2026,0,1|
insight	exp~shop~-5~2026~0~1~a1^exp~%a~10~2025~11~31~a1^exp~10~-5~2025~11~31~_||100,_,food:0;shop:10;2:1,en,2025,11,31|
insight	exp~food~25.5~2026~0~1~a1^inc~trans~nan~2026~5~25~_^exp~food~33.33~2026~0~1~_||100,0,%a:nan;trans:10,zh,2026,0,1|shop:🐾:自定义:%a
insight	exp~zz~0~2026~5~10~a1^xfer~trans~33.33~2026~5~25~c1^xfer~rent~nan~2026~1~28~a1||0,0,zz:10;10:10;food:10;2:-1,en,2026,5,10|
insight	inc~shop~10~2026~0~1~a1^xfer~shop~1~2026~0~1~c1^inc~food~nan~2026~5~10~a1^exp~shop~25.5~2026~0~1~c1^exp~shop~1~2026~0~1~c1^exp~rent~10~2026~0~1~c1^exp~rent~25.5~2026~0~1~_||_,_,rent:100;10:30,en,2026,0,1|
insight	exp~%a~-5~2026~5~25~c1||1000,0,,en,2026,5,25|
insight	xfer~trans~10~2026~5~25~_^exp~shop~33.33~2026~5~11~a1^xfer~10~-5~2026~5~11~c1^exp~%a~25.5~2026~5~11~_^exp~trans~0.5~2026~5~11~_^exp~2~25.5~2026~1~28~c1^exp~rent~33.33~2026~5~11~a1^exp~food~-5~2026~5~11~_||nan,0,zz:30,zh,2026,5,11|
credit	exp~trans~0~2026~5~11~c1^exp~food~10~2025~11~31~a1^exp~2~100~2025~11~31~c1^xfer~%a~10~2025~11~31~a1^xfer~10~nan~2025~11~31~_^exp~shop~nan~2025~11~31~a1|c1~卡c1~Card c1~credit~-100~10~_|nan,50,zz:1;2:-1,zh,2025,11,31|10:🐾:%b:Custom
insight	exp~zz~0.5~2026~1~28~a1^xfer~trans~nan~2026~0~1~_^exp~%a~10~2026~1~28~a1^exp~zz~-5~2026~5~11~c1^exp~food~33.33~2026~1~28~a1^exp~trans~100~2026~5~25~a1^xfer~10~1~2026~1~28~_||_,0,trans:1,en,2026,1,28|
insight	exp~trans~nan~2026~5~11~_||-100,20,zz:-1;%a:30;2:nan,en,2026,5,11|
insight	||0,50,trans:100;food:100,en,2026,1,28|
credit	exp~zz~10~2026~5~11~a1^exp~rent~10~2026~5~11~c1^exp~2~100~2026~5~11~a1^exp~%a~-5~2026~5~11~a1^exp~2~nan~2026~5~25~c1^exp~10~100~2026~1~28~_^xfer~10~100~2026~0~1~_|c1~卡c1~~credit~-100~15~25|-100,nan,trans:10;10:10;shop:0;2:nan,zh,2026,5,11|2:🐾:%b:Custom
credit	inc~rent~-5~2025~11~31~a1^xfer~2~0~2026~5~25~a1^exp~shop~33.33~2025~11~31~c1^exp~10~nan~2025~11~31~_|c1~卡c1~~credit~100~15~20^c2~卡c2~~credit~0~15~10|120,nan,zz:10;rent:30;%a:10;2:-1,zh,2025,11,31|
insight	exp~%a~100~2026~1~28~c1^xfer~shop~33.33~2026~1~28~c1^exp~rent~25.5~2026~1~28~a1||-100,20,%a:1;trans:1;zz:nan;shop:1,en,2026,1,28|
credit	exp~zz~nan~2026~1~28~a1|c1~卡c1~Card c1~credit~-100~25~20|-100,_,2:1;food:100;10:-1;rent:1,en,2026,1,28|food:🐾:自定义:Custom
insight	exp~2~0~2026~5~10~_^inc~rent~33.33~2026~5~10~c1^exp~shop~0.5~2026~5~10~c1^inc~zz~0~2026~5~10~_^inc~rent~-5~2026~5~10~c1^exp~trans~100~2025~11~31~_^exp~trans~25.5~2026~5~10~_||nan,nan,rent:1,zh,2026,5,10|
insight	inc~2~0~2026~5~11~c1^exp~2~10~2026~5~11~c1^xfer~%a~1~2026~1~28~c1^exp~zz~-5~2025~11~31~_||nan,nan,shop:1,en,2026,5,11|
insight	exp~2~10~2026~5~11~c1^xfer~rent~1~2026~5~25~c1^xfer~food~10~2026~5~25~_^exp~10~nan~2026~1~28~c1^exp~trans~0.5~2026~5~25~c1^exp~trans~1~2026~5~25~c1^exp~10~100~2026~1~28~a1^exp~10~1~2026~5~25~_||100,0,%a:0,en,2026,5,25|
insight	exp~%a~0~2026~5~11~_^xfer~10~0.5~2025~11~31~c1^exp~10~33.33~2026~5~10~c1||_,0,10:nan;rent:100,en,2025,11,31|
insight	exp~rent~100~2026~0~1~c1^xfer~trans~0.5~2026~0~1~c1^exp~%a~100~2026~0~1~a1^exp~trans~33.33~2026~5~11~_^exp~food~0~2026~0~1~_^exp~rent~0.5~2026~0~1~a1^exp~2~1~2026~0~1~c1^exp~10~0.5~2026~0~1~_||1000,0,10:0;%a:30;2:30,zh,2026,0,1|
insight	exp~2~33.33~2026~5~25~c1^exp~zz~0~2026~5~11~c1||-100,1000,trans:0;food:10;10:30;zz:100,en,2026,5,11|
credit	|c1~卡c1~~credit~-100~15~25|1000,50,2:30,en,2026,5,25|
insight	exp~zz~0~2025~11~31~a1^exp~10~1~2025~11~31~_||1000,_,rent:-1;10:nan;shop:10;2:10,zh,2025,11,31|
credit	|c1~卡c1~_~credit~100~15~20^c2~卡c2~~credit~0~10~25|100,20,,zh,2026,5,11|
insight	exp~%a~25.5~2026~5~11~a1^exp~zz~1~2026~5~11~a1^exp~shop~0~2026~5~11~_^exp~rent~1~2026~5~11~a1^exp~rent~10~2026~5~11~_^exp~shop~33.33~2026~5~11~a1^inc~%a~33.33~2026~5~11~_||0,20,trans:1;zz:100,zh,2026,5,11|
insight	exp~zz~100~2026~5~10~_^exp~shop~100~2026~5~10~a1^exp~%a~10~2026~5~10~_^exp~%a~10~2026~5~10~c1||nan,1000,food:1;2:10,zh,2026,5,10|
insight	exp~trans~100~2026~5~11~_^exp~10~1~2026~1~28~_^exp~10~33.33~2025~11~31~a1^xfer~shop~10~2026~5~10~a1^exp~10~33.33~2026~5~11~c1^exp~food~33.33~2026~5~25~a1^inc~%a~25.5~2026~5~25~c1^exp~rent~0~2026~5~25~_||100,50,shop:0;10:10;rent:-1,zh,2026,5,25|
credit	exp~rent~1~2026~0~1~_^xfer~2~0.5~2026~5~11~_^inc~food~33.33~2026~1~28~c1^inc~trans~33.33~2026~1~28~c1^inc~10~-5~2026~0~1~c1^exp~trans~10~2026~1~28~c1^xfer~food~-5~2026~0~1~c1|c1~卡c1~_~credit~0~25~20^c2~卡c2~Card c2~credit~0~10~20|nan,1000,rent:100;shop:1;2:1,zh,2026,1,28|zz:🐾:%b:%d
insight	inc~10~10~2026~0~1~a1^exp~2~10~2026~0~1~c1^xfer~shop~100~2026~0~1~c1^inc~zz~10~2026~5~25~_^exp~food~0~2026~5~11~_^xfer~10~nan~2026~1~28~a1||0,1000,trans:30;shop:100,en,2026,0,1|
insight	||-100,nan,food:1;2:-1;trans:10;rent:-1,en,2026,5,10|
insight	exp~trans~0.5~2026~5~25~_^xfer~food~1~2026~5~25~a1^exp~10~0.5~2026~5~25~_^exp~food~0.5~2026~5~25~c1^exp~%a~0~2026~5~11~c1^inc~rent~1~2026~5~25~_||120,_,2:0,zh,2026,5,25|food:🐾:%a:%d
insight	exp~rent~0.5~2026~1~28~_^exp~%a~10~2026~1~28~c1^exp~%a~33.33~2026~1~28~_^xfer~food~100~2026~1~28~c1^exp~rent~10~2026~1~28~_^exp~rent~nan~2026~1~28~c1^exp~10~0~2026~5~11~c1^exp~food~-5~2026~1~28~a1||1000,50,shop:100;10:0;zz:0;2:1,zh,2026,1,28|
insight	exp~shop~1~2026~5~25~_^exp~shop~0~2026~5~25~c1^xfer~10~0.5~2026~5~25~c1^exp~shop~25.5~2026~5~25~c1^inc~shop~100~2026~5~10~c1^exp~trans~25.5~2026~5~25~_^xfer~10~100~2026~5~25~_||nan,_,,en,2026,5,25|
insight	||-100,_,%a:nan;trans:10,zh,2026,0,1|
credit	exp~zz~100~2026~0~1~a1^exp~zz~0~2026~0~1~_^inc~zz~33.33~2026~0~1~a1^xfer~zz~0~2026~0~1~_^exp~2~0~2026~0~1~_|c1~卡c1~~credit~0~15~20^c2~卡c2~~credit~-100~15~10|100,0,food:nan;trans:1;2:nan,zh,2026,0,1|
credit	exp~shop~-5~2026~0~1~a1|c1~卡c1~~credit~0~25~10^c2~卡c2~Card c2~credit~100~25~_|_,50,shop:-1;trans:30,en,2026,0,1|2:🐾:%b:%d
insight	exp~rent~0.5~2025~11~31~c1^exp~10~10~2025~11~31~_^exp~trans~100~2026~5~10~a1^xfer~10~1~2025~11~31~c1^xfer~2~0~2025~11~31~_^inc~trans~-5~2025~11~31~_^exp~food~100~2025~11~31~c1^exp~10~0.5~2025~11~31~_||1000,0,%a:0;shop:100;food:30,en,2025,11,31|2:🐾:%a:%a
insight	exp~10~100~2026~5~11~a1^exp~%a~33.33~2026~5~11~c1||100,0,%a:-1;2:nan;shop:1;trans:0,en,2026,5,11|
insight	||100,50,zz:100;trans:10;2:0;10:30,en,2025,11,31|
credit	exp~rent~0~2026~5~11~a1^exp~zz~0~2026~0~1~a1^exp~food~100~2026~5~11~a1^exp~%a~100~2026~5~11~a1^inc~%a~nan~2026~5~11~a1^inc~food~25.5~2026~5~11~_^inc~zz~1~2026~5~11~c1^exp~10~25.5~2026~5~11~a1|c1~卡c1~_~credit~-100~25~_|0,0,shop:100;%a:10;trans:10,zh,2026,5,11|
insight	exp~%a~0~2026~1~28~a1^exp~%a~10~2026~1~28~a1^xfer~food~nan~2025~11~31~_^exp~food~0~2026~1~28~a1||nan,50,trans:0;2:0,en,2026,1,28|10:🐾:自定义:%d
insight	exp~trans~nan~2026~0~1~_^exp~trans~0.5~2026~0~1~_^exp~zz~33.33~2026~1~28~a1^xfer~rent~100~2026~5~10~a1^exp~rent~0~2026~0~1~c1^xfer~trans~33.33~2026~0~1~c1^exp~rent~nan~2026~0~1~_^inc~2~nan~2026~1~28~a1||100,0,,zh,2026,0,1|shop:🐾:%b:%d
credit	exp~food~-5~2026~5~25~_^exp~2~1~2026~5~25~a1^inc~zz~0.5~2026~0~1~c1^exp~shop~33.33~2026~5~25~a1^exp~shop~25.5~2026~5~11~c1^exp~trans~0.5~2026~5~25~a1^exp~trans~nan~2026~0~1~c1|c1~卡c1~~credit~0~10~20|nan,50,food:0;rent:0;2:10,en,2026,5,25|trans:🐾:%b:%a
insight	xfer~shop~1~2026~5~11~a1^xfer~2~nan~2026~5~25~c1^exp~10~0~2026~5~11~a1^inc~10~100~2026~5~11~c1||0,nan,trans:0,zh,2026,5,11|
credit	exp~trans~100~2025~11~31~_^exp~food~nan~2026~5~10~c1^xfer~2~0~2026~5~11~c1^exp~zz~33.33~2025~11~31~c1|c1~卡c1~Card c1~credit~-100~10~10|1000,0,shop:10;rent:nan;%a:0,zh,2025,11,31|
insight	exp~10~0~2026~5~11~c1^exp~%a~1~2025~11~31~a1^inc~shop~100~2025~11~31~c1^exp~rent~0.5~2026~5~11~_^inc~rent~1~2026~5~10~c1^exp~2~10~2025~11~31~a1^exp~food~100~2025~11~31~c1||_,_,zz:1;food:10;10:10,en,2025,11,31|
insight	exp~food~10~2026~0~1~c1^inc~%a~25.5~2026~0~1~_^exp~%a~-5~2026~0~1~c1^exp~trans~10~2025~11~31~a1^inc~%a~-5~2026~0~1~c1||1000,50,trans:100,en,2026,0,1|
insight	exp~2~100~2026~0~1~c1^xfer~trans~-5~2026~0~1~c1^exp~food~25.5~2026~0~1~c1^xfer~food~nan~2026~0~1~c1^exp~2~nan~2026~0~1~c1^xfer~2~100~2026~0~1~_||120,0,10:100;2:1,en,2026,0,1|
insight	exp~shop~-5~2026~5~10~_^inc~zz~0~2026~5~10~c1^exp~rent~10~2026~5~10~a1^exp~zz~0~2026~5~10~_^inc~shop~-5~2026~5~10~a1^inc~shop~25.5~2026~5~25~a1^inc~10~25.5~2026~5~10~c1||nan,20,rent:30;2:1;trans:30,en,2026,5,10|
insight	exp~shop~100~2026~5~25~a1^exp~%a~33.33~2026~1~28~a1^exp~trans~0~2026~1~28~_^exp~shop~10~2026~1~28~a1^exp~trans~10~2026~1~28~c1^exp~trans~33.33~2026~1~28~c1^exp~%a~0.5~2026~1~28~a1^exp~shop~10~2026~1~28~a1||nan,nan,shop:10,zh,2026,1,28|
insight	exp~%a~0~2026~0~1~_||nan,50,shop:nan,en,2026,0,1|2:🐾:自定义:%d
credit	|c1~卡c1~~credit~-100~15~25|120,1000,food:10;zz:30;trans:0,en,2026,1,28|
insight	exp~rent~33.33~2026~1~28~_^inc~zz~nan~2026~1~28~a1^xfer~zz~0.5~2026~1~28~_^exp~2~nan~2026~1~28~_^xfer~rent~1~2026~0~1~_^inc~rent~1~2026~1~28~_^inc~10~25.5~2026~1~28~c1^exp~10~100~2026~1~28~c1||100,_,,zh,2026,1,28|%a:🐾:%a:%a
credit	inc~%a~10~2026~0~1~c1^exp~zz~0.5~2025~11~31~a1^xfer~rent~100~2026~0~1~a1^inc~10~-5~2026~0~1~_^exp~food~10~2026~5~25~c1^exp~trans~-5~2026~0~1~a1|c1~卡c1~_~credit~0~10~20|_,50,10:0,en,2026,0,1|10:🐾:自定义:%a
insight	exp~%a~-5~2026~1~28~a1^exp~rent~1~2025~11~31~_^xfer~10~100~2025~11~31~a1^exp~food~25.5~2026~0~1~a1||100,50,rent:100,en,2025,11,31|
insight	||1000,20,rent:1;2:nan;shop:nan,en,2026,0,1|
insight	inc~%a~100~2026~5~11~_^exp~%a~0~2025~11~31~_^exp~zz~10~2026~5~10~a1^exp~%a~0.5~2026~5~25~_||nan,_,trans:nan;zz:-1,en,2026,5,25|
insight	exp~zz~33.33~2026~0~1~a1^exp~%a~-5~2026~0~1~_^xfer~trans~100~2026~0~1~c1^inc~trans~0.5~2026~0~1~a1||1000,nan,10:0,en,2026,0,1|%a:🐾:%b:%d
insight	inc~zz~0~2026~1~28~a1^exp~trans~-5~2026~1~28~a1||_,50,rent:nan;2:30;trans:0,zh,2026,1,28|
credit	exp~trans~nan~2026~5~25~a1^exp~trans~33.33~2026~5~25~_^exp~10~100~2026~5~25~_^inc~shop~100~2026~5~25~_^exp~10~1~2026~0~1~a1^exp~10~-5~2026~5~25~a1|c1~卡c1~~credit~0~15~20^c2~卡c2~Card c2~credit~100~15~10|100,50,%a:0;trans:1;food:10;zz:100,en,2026,5,25|
insight	exp~%a~10~2026~0~1~c1^exp~food~100~2026~0~1~_^xfer~zz~25.5~2026~0~1~c1^xfer~shop~0.5~2026~5~25~c1^exp~trans~1~2026~0~1~_^exp~%a~33.33~2025~11~31~a1^exp~10~25.5~2026~1~28~a1^exp~food~nan~2025~11~31~_||-100,50,,zh,2026,0,1|
insight	exp~shop~-5~2026~5~11~c1^xfer~2~0~2025~11~31~c1^exp~trans~33.33~2025~11~31~_^inc~zz~100~2026~1~28~c1^xfer~10~-5~2025~11~31~_^exp~%a~33.33~2025~11~31~a1^exp~trans~0~2025~11~31~a1||-100,nan,2:nan,zh,2025,11,31|
insight	exp~shop~100~2026~5~25~c1||1000,1000,,en,2026,5,25|zz:🐾:自定义:%d
credit	xfer~shop~0~2026~5~11~_|c1~卡c1~Card c1~credit~-100~25~10|-100,_,trans:0;rent:30,en,2026,5,11|
insight	xfer~food~100~2026~5~25~c1^exp~food~1~2025~11~31~a1^exp~10~nan~2026~5~25~c1^inc~%a~33.33~2026~5~25~_||1000,1000,,zh,2026,5,25|
insight	exp~2~25.5~2026~5~25~a1^exp~trans~nan~2026~5~25~a1^xfer~trans~33.33~2026~5~25~c1^exp~10~100~2026~5~25~_^inc~rent~10~2026~5~11~c1^exp~zz~-5~2026~0~1~a1^exp~zz~0.5~2026~5~25~c1||-100,0,,en,2026,5,25|
insight	exp~%a~0~2026~5~11~_^exp~trans~1~2026~5~25~a1^exp~food~100~2026~5~25~a1^exp~rent~10~2026~5~25~_^xfer~2~1~2026~5~25~c1||100,nan,trans:-1;10:1;shop:1,en,2026,5,25|
insight	||120,20,trans:30;food:30,zh,2026,5,10|
insight	exp~%a~0.5~2026~0~1~a1^exp~shop~1~2026~0~1~_^exp~10~0~2026~0~1~a1^exp~%a~-5~2026~0~1~c1^xfer~2~nan~2026~0~1~a1^exp~shop~0.5~2026~0~1~_^inc~trans~0.5~2026~0~1~a1||0,0,rent:-1;trans:30;shop:1;food:1,zh,2026,0,1|shop:🐾:%b:%d
insight	exp~%a~0.5~2026~5~10~_^exp~10~0.5~2026~5~25~_^xfer~10~25.5~2026~1~28~_^xfer~food~nan~2026~5~11~c1^xfer~food~-5~2026~5~25~c1^exp~shop~100~2026~5~25~c1||100,0,2:100;zz:100;rent:nan,en,2026,5,25|
insight	exp~%a~-5~2025~11~31~_^exp~rent~1~2026~0~1~_^exp~food~0~2026~0~1~c1^exp~zz~33.33~2026~0~1~_^exp~%a~0~2026~0~1~a1^exp~10~nan~2026~5~11~c1^exp~zz~100~2026~0~1~c1^exp~2~10~2026~0~1~a1||nan,1000,shop:100;%a:1;zz:10,en,2026,0,1|
insight	exp~%a~25.5~2026~5~11~c1^xfer~%a~25.5~2026~5~25~_^exp~%a~-5~2026~5~11~c1^inc~trans~-5~2026~5~10~_^exp~10~25.5~2026~5~11~_^exp~zz~0.5~2026~5~11~c1^exp~zz~nan~2025~11~31~a1||nan,nan,zz:30;food:0,en,2026,5,11|
insight	exp~2~0.5~2026~1~28~c1^exp~zz~1~2025~11~31~c1^exp~10~0~2025~11~31~_^exp~shop~0.5~2025~11~31~_||0,50,rent:-1;%a:100;2:30;food:30,en,2025,11,31|
credit	inc~10~100~2025~11~31~c1^exp~10~10~2026~5~10~_^exp~trans~10~2026~1~28~c1^xfer~shop~100~2026~5~10~a1^inc~trans~10~2026~5~10~_^inc~trans~1~2026~5~10~c1^exp~zz~0~2025~11~31~_|c1~卡c1~_~credit~0~10~_^c2~卡c2~Card c2~credit~-100~25~25|120,50,trans:0;food:10;10:nan;zz:1,en,2026,5,10|
insight	xfer~zz~10~2026~5~11~_^exp~%a~33.33~2026~5~25~a1^exp~10~0.5~2026~5~10~c1^exp~zz~nan~2026~5~11~c1^exp~2~100~2026~5~11~_||_,50,rent:100,en,2026,5,11|
insight	exp~%a~-5~2026~5~25~c1^xfer~2~0~2026~5~11~_^xfer~zz~1~2026~5~11~a1^xfer~trans~nan~2026~5~25~c1^exp~shop~25.5~2026~5~11~_^xfer~zz~10~2026~1~28~c1||120,_,10:0;%a:10;zz:-1;shop:-1,en,2026,5,11|
insight	exp~%a~100~2026~1~28~_^exp~10~1~2026~5~25~_^exp~zz~-5~2026~1~28~c1^exp~10~100~2026~5~11~a1^exp~zz~-5~2026~1~28~a1^exp~2~100~2026~1~28~_||120,50,,zh,2026,1,28|
insight	inc~%a~0.5~2026~0~1~c1^exp~zz~100~2026~5~25~_^exp~10~-5~2026~5~25~c1||120,_,shop:nan,en,2026,0,1|
insight	exp~trans~nan~2026~5~11~_^exp~%a~33.33~2026~1~28~c1^exp~trans~-5~2026~5~11~c1||nan,_,,zh,2026,5,11|
credit	xfer~10~nan~2026~0~1~_^exp~%a~10~2026~1~28~c1^exp~2~1~2026~1~28~a1^exp~shop~100~2026~1~28~c1^inc~10~-5~2026~1~28~a1^exp~rent~-5~2026~1~28~a1^inc~%a~nan~2026~1~28~a1^exp~%a~-5~2026~1~28~a1|c1~卡c1~~credit~0~15~_^c2~卡c2~~credit~-100~10~25|nan,50,,en,2026,1,28|
insight	xfer~%a~0.5~2026~5~25~c1^xfer~%a~0.5~2026~0~1~_||0,nan,10:30,en,2026,0,1|10:🐾:%a:%d
credit	xfer~10~nan~2026~5~10~_^exp~food~-5~2026~5~10~c1^exp~trans~0.5~2026~5~10~_^exp~trans~-5~2026~5~10~a1|c1~卡c1~~credit~-100~25~25|_,_,food:10;rent:100;2:10;shop:30,zh,2026,5,10|2:🐾:%b:%d
credit	exp~shop~-5~2026~1~28~a1^exp~trans~nan~2026~1~28~a1^inc~10~10~2026~1~28~c1|c1~卡c1~~credit~100~25~_|nan,1000,%a:nan;shop:100,en,2026,1,28|
insight	||100,1000,2:nan;zz:1;shop:-1;10:1,zh,2026,0,1|2:🐾:自定义:Custom
insight	exp~2~25.5~2026~5~11~c1^exp~%a~10~2026~5~11~c1^xfer~shop~0.5~2026~5~11~c1^exp~rent~-5~2026~5~11~c1||_,_,trans:100,en,2026,5,11|shop:🐾:自定义:Custom
insight	inc~10~33.33~2026~1~28~c1^xfer~rent~33.33~2026~1~28~_^exp~rent~0.5~2026~5~10~a1^xfer~trans~33.33~2026~0~1~c1^exp~%a~33.33~2026~5~11~c1||0,0,trans:10;10:30,zh,2026,1,28|food:🐾:%b:Custom
insight	exp~%a~100~2026~1~28~a1^exp~10~33.33~2026~0~1~a1^exp~%a~0.5~2026~1~28~a1^exp~%a~0~2026~1~28~a1^exp~food~1~2026~1~28~_^inc~2~nan~2026~1~28~a1^exp~zz~100~2026~1~28~a1^exp~food~0.5~2026~1~28~_||100,0,zz:30;rent:30;10:100,zh,2026,1,28|
insight	||_,nan,,zh,2026,1,28|
insight	||-100,50,zz:100;%a:100;10:nan;shop:10,zh,2026,1,28|
credit	exp~rent~100~2026~1~28~_^exp~2~nan~2026~1~28~c1^exp~trans~nan~2025~11~31~_^xfer~10~-5~2026~1~28~_|c1~卡c1~~credit~-100~15~_^c2~卡c2~~credit~-100~15~25|-100,1000,food:10,en,2026,1,28|
insight	exp~2~10~2026~5~10~a1^inc~rent~33.33~2026~5~10~a1^inc~food~100~2026~5~25~_^exp~2~25.5~2026~5~10~_^exp~food~0.5~2026~5~10~a1^xfer~2~10~2026~5~11~_^exp~10~25.5~2026~5~10~_^exp~zz~nan~2026~5~10~a1||100,1000,rent:nan;trans:100,zh,2026,5,10|
insight	inc~2~0~2026~5~25~c1^exp~zz~25.5~2026~0~1~a1^exp~zz~-5~2026~0~1~a1||100,1000,trans:10,zh,2026,0,1|rent:🐾:%b:%d
insight	exp~food~-5~2026~5~11~_^exp~rent~33.33~2026~5~25~_^exp~10~0~2026~5~25~c1^exp~2~0~2026~5~25~_||120,50,rent:100;2:nan;%a:30,zh,2026,5,25|
insight	exp~trans~0~2026~1~28~c1^exp~%a~100~2026~1~28~a1^inc~trans~-5~2026~1~28~_^xfer~food~1~2026~0~1~a1^exp~10~0~2025~11~31~c1^exp~shop~100~2026~1~28~a1^exp~zz~nan~2026~5~10~a1||100,50,%a:30,zh,2026,1,28|
insight	exp~2~0.5~2025~11~31~a1||120,1000,,en,2025,11,31|
insight	exp~%a~-5~2026~5~10~_^exp~zz~nan~2026~5~11~c1^exp~trans~-5~2026~0~1~c1^exp~%a~0~2026~0~1~c1^exp~10~nan~2026~0~1~a1^xfer~rent~0~2026~5~25~a1^exp~shop~10~2026~0~1~_^xfer~rent~1~2026~1~28~a1||_,20,rent:1,en,2026,0,1|
insight	xfer~zz~33.33~2026~5~11~a1^inc~shop~0~2026~5~11~c1||_,_,2:1;zz:100;food:100,zh,2026,5,11|trans:🐾:自定义:%a
insight	exp~10~0.5~2026~0~1~c1^exp~trans~-5~2026~5~10~a1^exp~rent~0.5~2026~0~1~a1^xfer~10~0.5~2026~0~1~a1||1000,1000,10:10,en,2026,0,1|
insight	inc~trans~nan~2025~11~31~c1^inc~rent~0.5~2026~5~25~c1^xfer~2~nan~2025~11~31~c1||-100,_,food:30,zh,2025,11,31|
credit	exp~%a~0~2026~1~28~a1^exp~shop~0.5~2026~5~11~a1^exp~%a~1~2026~5~11~_^exp~2~100~2026~5~11~a1^exp~10~0.5~2026~5~11~c1^exp~2~100~2026~5~11~a1^exp~10~0.5~2026~5~11~_|c1~卡c1~Card c1~credit~100~25~_|nan,nan,food:1,zh,2026,5,11|
insight	exp~food~0~2026~1~28~c1^inc~trans~100~2026~5~25~_^exp~trans~100~2026~5~10~a1^exp~2~100~2026~5~25~_^exp~food~-5~2025~11~31~_^exp~trans~10~2026~5~25~_^exp~shop~1~2026~5~25~_^exp~food~0~2026~5~25~a1||nan,0,zz:30;food:100;2:30;10:100,en,2026,5,25|
credit	|c1~卡c1~~credit~-100~10~20|nan,0,2:10;zz:10;trans:nan;rent:0,zh,2026,0,1|2:🐾:自定义:Custom
insight	xfer~2~0~2026~1~28~_^exp~food~33.33~2026~1~28~a1||100,_,rent:nan;%a:nan,zh,2026,1,28|
credit	exp~rent~0~2026~5~11~c1^exp~trans~100~2026~0~1~_^exp~rent~1~2026~0~1~a1^xfer~shop~1~2026~5~11~a1^xfer~10~33.33~2026~5~11~c1^inc~rent~nan~2025~11~31~c1|c1~卡c1~_~credit~0~15~10^c2~卡c2~~credit~0~15~20|1000,nan,shop:1;zz:0;trans:0;2:-1,zh,2026,5,11|rent:🐾:自定义:Custom
insight	||nan,nan,trans:nan,zh,2025,11,31|
insight	exp~trans~33.33~2026~5~25~c1^xfer~%a~1~2026~5~25~a1^xfer~2~0~2026~5~25~_^xfer~%a~1~2026~5~25~_^exp~%a~10~2026~5~25~c1^exp~10~-5~2026~1~28~c1||-100,0,food:1;%a:10,en,2026,5,25|
insight	exp~trans~0~2026~5~25~_^exp~rent~100~2026~1~28~a1^exp~shop~nan~2026~1~28~c1^exp~2~1~2026~5~11~c1^exp~food~nan~2026~1~28~_||-100,0,zz:1;trans:10,zh,2026,1,28|
insight	exp~rent~0.5~2026~5~25~c1^exp~10~0~2026~5~25~c1^exp~10~0~2025~11~31~c1||0,1000,,zh,2026,5,25|
insight	exp~10~100~2026~5~10~c1^inc~%a~25.5~2026~5~10~c1^inc~2~1~2026~5~10~_^exp~10~100~2026~0~1~c1^xfer~trans~33.33~2026~1~28~a1^exp~trans~1~2026~5~10~c1||1000,20,,en,2026,5,10|
insight	inc~2~0~2026~5~11~c1^xfer~2~1~2026~1~28~a1^xfer~rent~nan~2026~0~1~a1^exp~shop~0~2026~5~25~_^exp~trans~nan~2026~0~1~a1^inc~shop~10~2025~11~31~_||0,_,2:-1;trans:30;rent:nan,zh,2026,0,1|%a:🐾:%a:%a
insight	exp~rent~33.33~2026~0~1~c1^xfer~food~25.5~2026~0~1~_^inc~food~10~2026~1~28~a1||0,0,food:0;rent:0;zz:nan,zh,2026,0,1|
insight	exp~2~25.5~2026~5~25~a1||0,50,trans:100,en,2026,5,25|food:🐾:%a:%a
credit	inc~%a~10~2025~11~31~_^inc~zz~nan~2025~11~31~_^exp~trans~33.33~2026~5~10~_^inc~10~0.5~2026~5~25~a1|c1~卡c1~~credit~-100~25~10|120,_,2:nan;shop:-1;trans:nan,en,2025,11,31|
insight	exp~food~10~2026~5~25~_^xfer~shop~25.5~2026~0~1~_||120,20,10:30;trans:-1;rent:100,en,2026,5,25|
insight	inc~rent~33.33~2026~5~25~a1^exp~%a~1~2026~1~28~a1^xfer~2~1~2026~5~25~_^inc~trans~0~2026~5~25~c1||nan,0,food:30;%a:-1;trans:30;shop:1,en,2026,5,25|food:🐾:%b:%a
insight	exp~2~0.5~2026~5~11~c1||100,50,,zh,2026,5,11|food:🐾:%b:%d
insight	exp~trans~0.5~2026~1~28~c1^exp~trans~25.5~2026~1~28~_||-100,50,%a:0;10:nan;zz:100;food:1,zh,2026,5,10|
insight	exp~%a~0.5~2026~5~11~a1^exp~trans~0.5~2026~5~25~c1^exp~rent~10~2025~11~31~a1^exp~%a~1~2026~5~11~c1^xfer~zz~25.5~2026~5~11~_^exp~food~33.33~2026~5~11~c1^xfer~%a~-5~2026~5~10~a1^exp~shop~1~2026~5~10~_||-100,_,trans:100;zz:30;rent:1,en,2026,5,11|
credit	exp~%a~nan~2026~1~28~c1|c1~卡c1~Card c1~credit~-100~15~25^c2~卡c2~~credit~100~15~_|1000,1000,,en,2026,1,28|
insight	inc~trans~1~2026~1~28~_||100,nan,%a:100;food:100;trans:0,en,2026,1,28|
insight	exp~2~25.5~2026~5~25~_^exp~2~nan~2026~0~1~_^exp~food~nan~2026~5~25~a1^exp~shop~25.5~2026~5~25~_^exp~zz~-5~2026~5~25~a1||-100,_,10:10,zh,2026,5,25|
insight	exp~10~100~2025~11~31~c1||100,nan,2:nan;shop:30;food:1,zh,2025,11,31|
credit	exp~food~100~2026~5~11~_|c1~卡c1~~credit~0~25~_|nan,20,shop:nan;zz:30;rent:nan,en,2026,5,11|
credit	exp~zz~25.5~2025~11~31~a1^exp~zz~nan~2025~11~31~a1^xfer~%a~100~2025~11~31~c1|c1~卡c1~~credit~0~10~20^c2~卡c2~_~credit~100~10~25|_,_,rent:10;10:nan;%a:100,en,2025,11,31|
insight	xfer~trans~33.33~2026~0~1~a1^xfer~zz~10~2026~1~28~_^inc~rent~0.5~2026~5~10~a1||120,1000,shop:100,en,2026,1,28|food:🐾:自定义:Custom
insight	inc~shop~0~2026~0~1~a1^inc~%a~1~2026~5~10~a1^exp~10~1~2026~5~11~c1^inc~10~100~2026~1~28~_^inc~food~25.5~2026~5~10~_^exp~food~1~2026~5~25~_^exp~trans~33.33~2026~5~10~c1||-100,0,10:nan;%a:0,zh,2026,5,10|
credit	exp~zz~10~2026~5~25~_^exp~2~1~2026~1~28~_^exp~%a~0.5~2026~5~25~a1^xfer~%a~25.5~2026~5~25~_^exp~food~25.5~2026~5~25~_^exp~trans~-5~2026~5~25~_|c1~卡c1~_~credit~0~10~20|100,0,10:-1;trans:30;2:-1;rent:100,zh,2026,5,25|
credit	exp~zz~33.33~2025~11~31~c1^inc~trans~33.33~2026~5~11~c1^exp~food~nan~2026~0~1~a1^exp~shop~nan~2026~5~11~_^xfer~rent~100~2026~5~11~a1|c1~卡c1~~credit~0~15~10^c2~卡c2~Card c2~credit~0~15~10|nan,1000,food:0,zh,2026,5,11|food:🐾:%a:Custom
insight	exp~shop~25.5~2026~5~11~c1^exp~zz~25.5~2026~5~11~c1^exp~food~1~2026~5~11~_^exp~zz~1~2026~5~11~c1^exp~%a~25.5~2025~11~31~_^exp~shop~-5~2026~1~28~a1^inc~shop~0~2026~5~11~a1||1000,20,,zh,2026,5,11|rent:🐾:%a:%a
credit	exp~shop~25.5~2026~5~11~a1^xfer~2~33.33~2026~5~10~a1|c1~卡c1~_~credit~-100~25~25^c2~卡c2~~credit~100~10~10|-100,0,2:-1;zz:10;trans:10;rent:0,zh,2026,0,1|
insight	exp~2~-5~2025~11~31~a1||nan,_,10:-1;2:100;trans:-1,en,2025,11,31|
insight	inc~rent~100~2026~5~25~c1^exp~%a~10~2026~0~1~_^exp~10~0.5~2026~0~1~_^xfer~rent~1~2026~0~1~c1^exp~zz~33.33~2026~5~25~c1||nan,_,2:30,en,2026,0,1|
insight	inc~shop~-5~2026~5~25~c1^exp~zz~100~2026~0~1~_^exp~2~0~2025~11~31~a1^exp~shop~100~2025~11~31~a1^inc~2~-5~2026~5~11~c1^inc~shop~25.5~2026~5~11~a1^exp~food~-5~2026~5~11~c1^exp~shop~10~2026~5~11~_||nan,20,trans:1;shop:10;food:1;%a:nan,zh,2026,5,11|
credit	exp~zz~25.5~2025~11~31~a1^exp~zz~0.5~2026~5~10~a1|c1~卡c1~~credit~0~15~20|_,1000,zz:100;2:30;trans:nan,en,2025,11,31|
insight	inc~shop~10~2026~0~1~c1^exp~2~-5~2026~5~10~_^exp~10~25.5~2026~1~28~a1^exp~food~25.5~2025~11~31~_^xfer~trans~25.5~2025~11~31~a1^exp~rent~25.5~2025~11~31~c1||0,20,shop:-1;trans:0,en,2025,11,31|%a:🐾:%b:Custom
credit	xfer~%a~1~2026~5~10~a1^exp~rent~-5~2026~1~28~_|c1~卡c1~Card c1~credit~0~15~25|120,nan,,zh,2026,1,28|
insight	||120,50,%a:nan;zz:30;10:100,zh,2026,5,11|
credit	xfer~trans~1~2026~0~1~c1^exp~trans~1~2026~0~1~_^exp~zz~0.5~2026~5~11~_^inc~zz~100~2026~0~1~_^exp~food~100~2026~0~1~_|c1~卡c1~~credit~100~10~20^c2~卡c2~Card c2~credit~-100~10~_|100,_,shop:nan,en,2026,0,1|
insight	inc~shop~0.5~2025~11~31~_^exp~zz~10~2025~11~31~_^exp~shop~0.5~2025~11~31~c1^inc~10~25.5~2025~11~31~_^exp~food~0~2025~11~31~_^exp~%a~0.5~2025~11~31~c1^exp~rent~33.33~2025~11~31~c1||100,0,food:100;zz:1,zh,2025,11,31|
credit	exp~2~-5~2026~5~10~c1|c1~卡c1~_~credit~0~10~_|120,nan,,zh,2026,5,10|
insight	exp~shop~1~2026~0~1~_^exp~trans~100~2026~1~28~_^xfer~food~1~2026~5~11~c1^exp~trans~1~2026~0~1~a1^exp~%a~nan~2026~5~10~c1^exp~shop~0.5~2026~5~11~c1^inc~food~-5~2026~0~1~a1||_,20,,zh,2026,5,11|
insight	inc~%a~33.33~2026~1~28~a1^exp~%a~nan~2026~1~28~c1^exp~zz~1~2026~1~28~c1^exp~trans~0.5~2026~1~28~_^exp~2~nan~2026~5~10~_^exp~zz~1~2026~5~11~c1||1000,1000,,zh,2026,1,28|food:🐾:%b:%a
insight	||_,0,food:nan,zh,2025,11,31|
credit	exp~2~0~2026~0~1~a1^inc~rent~25.5~2026~1~28~a1^exp~10~10~2026~1~28~a1^exp~shop~1~2026~5~25~c1^exp~%a~10~2026~1~28~a1^xfer~%a~1~2026~1~28~a1|c1~卡c1~~credit~-100~15~25|120,20,shop:-1;food:0;2:-1;%a:100,zh,2026,1,28|%a:🐾:%b:Custom
credit	xfer~10~0~2026~5~11~c1^exp~trans~100~2026~5~11~c1^exp~zz~nan~2025~11~31~c1^xfer~zz~25.5~2026~5~11~c1^xfer~food~0~2026~5~11~a1^exp~10~25.5~2026~1~28~_^exp~shop~-5~2026~1~28~_|c1~卡c1~~credit~100~15~_^c2~卡c2~_~credit~100~15~_|nan,0,10:30,en,2026,5,11|
credit	|c1~卡c1~~credit~-100~15~20^c2~卡c2~~credit~-100~25~25|-100,_,rent:30;%a:0;trans:-1,en,2026,0,1|
insight	exp~shop~33.33~2025~11~31~_^inc~rent~33.33~2025~11~31~_^exp~%a~-5~2025~11~31~_||100,50,%a:30,zh,2025,11,31|
credit	exp~trans~1~2026~0~1~_^exp~10~100~2026~5~10~_^exp~food~10~2026~5~10~c1^inc~zz~-5~2025~11~31~_^exp~10~100~2026~1~28~_^xfer~trans~33.33~2026~1~28~a1^exp~rent~nan~2026~0~1~c1|c1~卡c1~_~credit~100~10~10^c2~卡c2~_~credit~100~25~10|0,20,%a:10;food:10;shop:nan,en,2026,0,1|
credit	exp~food~33.33~2026~0~1~_^exp~zz~10~2025~11~31~a1^inc~shop~25.5~2026~1~28~_^inc~shop~33.33~2025~11~31~_^exp~%a~0.5~2026~5~25~a1|c1~卡c1~~credit~0~15~25^c2~卡c2~Card c2~credit~-100~10~20|_,1000,food:-1,zh,2026,1,28|
insight	exp~food~25.5~2026~5~10~a1^exp~%a~nan~2026~1~28~_||nan,nan,rent:0;zz:0;trans:0,zh,2026,1,28|
credit	inc~zz~0~2025~11~31~c1|c1~卡c1~_~credit~100~25~10^c2~卡c2~Card c2~credit~-100~15~_|120,50,zz:100,en,2025,11,31|shop:🐾:%a:%a
insight	exp~10~25.5~2026~1~28~_^xfer~rent~1~2026~5~11~_^xfer~zz~0.5~2026~5~11~c1^xfer~10~33.33~2026~0~1~a1^xfer~%a~0.5~2026~5~25~_^exp~shop~-5~2025~11~31~_||-100,nan,2:0,en,2026,5,11|
credit	exp~%a~10~2026~5~25~a1^exp~%a~10~2026~5~25~c1^exp~2~1~2026~5~25~c1|c1~卡c1~_~credit~0~15~25^c2~卡c2~~credit~0~15~10|nan,_,food:30;shop:0;10:0;trans:10,en,2026,5,25|
credit	|c1~卡c1~~credit~100~25~25|_,nan,rent:0,zh,2026,5,11|
insight	||1000,20,zz:10;rent:100,en,2026,5,25|food:🐾:%b:%a
insight	inc~food~-5~2026~0~1~_^inc~%a~33.33~2026~5~25~c1^exp~shop~1~2025~11~31~_||_,_,trans:30;shop:30,en,2026,5,25|
credit	exp~rent~25.5~2026~5~25~c1^xfer~%a~0.5~2026~5~25~c1^inc~food~100~2026~1~28~c1^xfer~food~25.5~2026~5~25~_|c1~卡c1~~credit~100~25~10^c2~卡c2~~credit~0~25~25|nan,nan,2:nan;trans:nan,en,2026,5,25|food:🐾:%b:Custom
insight	exp~2~-5~2026~5~11~c1^exp~10~33.33~2026~0~1~c1^exp~zz~10~2026~0~1~c1^exp~shop~nan~2026~0~1~_^exp~rent~1~2026~0~1~_^exp~zz~0~2026~5~25~c1^xfer~trans~100~2026~0~1~a1||0,20,,zh,2026,0,1|
insight	exp~food~0~2026~5~25~c1^xfer~shop~25.5~2026~5~25~_^exp~2~25.5~2026~5~25~a1^exp~10~33.33~2025~11~31~a1^exp~%a~1~2025~11~31~a1||_,20,zz:10;2:10;%a:30;food:0,zh,2026,5,25|
insight	exp~zz~nan~2026~5~11~_^xfer~%a~1~2026~5~25~a1^inc~rent~25.5~2026~5~11~c1^exp~trans~33.33~2026~5~11~c1^inc~2~1~2026~5~11~_^inc~rent~nan~2026~5~11~a1^xfer~2~33.33~2026~5~11~c1^xfer~shop~100~2025~11~31~c1||100,_,trans:-1;2:1,en,2026,5,11|
insight	||100,0,10:30;%a:nan;zz:30;trans:nan,zh,2026,5,11|
insight	exp~2~25.5~2026~5~10~a1^inc~2~1~2026~0~1~c1^exp~zz~10~2025~11~31~a1^exp~food~0.5~2026~1~28~_^exp~10~25.5~2026~0~1~_^exp~%a~10~2026~5~11~a1^exp~10~100~2026~5~25~c1^exp~rent~0~2026~1~28~_||120,1000,trans:30,zh,2026,1,28|%a:🐾:%a:%d
insight	exp~2~1~2026~5~25~a1||100,0,,zh,2026,5,25|
insight	xfer~shop~25.5~2026~0~1~a1^exp~2~-5~2026~1~28~a1^exp~rent~-5~2026~0~1~c1^exp~rent~33.33~2026~0~1~_^exp~food~33.33~2026~0~1~_^exp~10~-5~2026~0~1~c1||120,0,%a:10;trans:30;shop:100;rent:100,en,2026,0,1|
credit	exp~shop~33.33~2026~5~11~c1^exp~food~-5~2026~0~1~_^exp~2~-5~2026~5~11~_^exp~10~100~2026~5~11~a1^xfer~shop~100~2026~5~11~_|c1~卡c1~~credit~100~10~_^c2~卡c2~~credit~100~15~10|100,50,food:10,zh,2026,5,11|
insight	exp~food~100~2026~1~28~_||1000,20,food:1;zz:30;rent:10,en,2026,1,28|
insight	||1000,20,zz:100;%a:nan;trans:0,zh,2026,0,1|
insight	exp~10~100~2026~0~1~_^exp~2~-5~2026~0~1~c1||120,50,rent:100,en,2026,0,1|
insight	exp~zz~nan~2026~5~11~_^exp~food~-5~2026~5~11~a1^xfer~trans~10~2026~5~25~c1||1000,nan,zz:-1;food:100,en,2026,5,25|
insight	exp~10~100~2025~11~31~c1^exp~zz~25.5~2026~1~28~a1||120,20,shop:100;10:10;food:-1,zh,2026,1,28|trans:🐾:自定义:Custom
credit	inc~%a~nan~2026~5~11~a1^exp~food~25.5~2026~5~10~_^xfer~zz~25.5~2026~5~10~c1^exp~shop~-5~2026~5~11~a1|c1~卡c1~Card c1~credit~100~15~25|-100,nan,2:100;shop:1,zh,2026,5,11|
credit	exp~%a~0~2026~5~10~_^exp~food~0~2026~1~28~a1^exp~%a~0.5~2026~1~28~a1^inc~2~10~2026~0~1~a1^inc~2~0~2026~1~28~a1^exp~%a~0.5~2026~0~1~c1^exp~trans~0.5~2026~1~28~c1|c1~卡c1~Card c1~credit~100~15~25^c2~卡c2~_~credit~0~15~10|120,0,zz:nan;shop:0,zh,2026,1,28|
insight	inc~2~1~2026~5~11~_^inc~rent~25.5~2026~5~11~a1^exp~%a~nan~2026~0~1~c1^exp~trans~0~2025~11~31~c1^exp~rent~10~2026~1~28~c1||120,nan,rent:nan,en,2026,5,11|trans:🐾:%a:%a
insight	exp~%a~33.33~2026~1~28~_^exp~zz~-5~2026~1~28~a1^exp~trans~25.5~2026~1~28~_||_,_,2:1;trans:30,zh,2026,1,28|
insight	exp~2~25.5~2026~5~10~a1^exp~trans~100~2025~11~31~c1^exp~food~100~2026~0~1~_^exp~rent~10~2026~1~28~a1^exp~shop~0~2026~5~10~_^exp~%a~0~2026~1~28~_^exp~food~1~2026~1~28~a1||nan,_,,zh,2026,1,28|zz:🐾:自定义:%d
insight	inc~%a~33.33~2025~11~31~a1^exp~2~10~2025~11~31~_^exp~shop~25.5~2025~11~31~_^exp~2~1~2025~11~31~_^xfer~zz~nan~2026~1~28~c1^exp~10~25.5~2025~11~31~c1||0,0,,zh,2025,11,31|
insight	exp~food~100~2026~5~25~a1^exp~rent~0~2026~5~25~c1^exp~rent~100~2026~5~25~a1^exp~%a~1~2026~5~11~_^exp~%a~25.5~2026~5~25~c1^xfer~zz~0~2026~5~25~_^exp~shop~nan~2026~5~25~a1||0,20,rent:1,en,2026,5,25|
insight	inc~food~0~2026~5~25~a1^exp~zz~nan~2025~11~31~c1||nan,0,trans:100,zh,2025,11,31|rent:🐾:%a:Custom
credit	exp~rent~100~2026~0~1~c1^xfer~%a~25.5~2026~0~1~a1^exp~%a~33.33~2026~0~1~a1^xfer~food~10~2026~0~1~c1^xfer~10~10~2026~0~1~a1^exp~zz~nan~2026~0~1~c1^xfer~2~0.5~2026~0~1~a1|c1~卡c1~~credit~0~15~_|-100,50,zz:100;2:-1,zh,2026,0,1|
insight	xfer~rent~0~2026~1~28~a1^exp~shop~25.5~2026~1~28~c1^exp~rent~100~2026~1~28~c1||nan,1000,,zh,2026,1,28|10:🐾:自定义:%d
insight	exp~10~1~2025~11~31~a1^exp~zz~0.5~2026~5~11~a1^exp~2~-5~2026~5~10~_^exp~shop~0.5~2025~11~31~c1^exp~10~nan~2025~11~31~_^exp~rent~0.5~2025~11~31~c1^exp~%a~33.33~2026~0~1~a1^exp~zz~1~2026~1~28~_||120,nan,%a:30,zh,2025,11,31|zz:🐾:自定义:%a
credit	exp~10~10~2026~5~25~_^exp~10~0~2026~5~25~c1^exp~%a~1~2026~5~25~_|c1~卡c1~Card c1~credit~-100~10~20^c2~卡c2~~credit~100~15~10|1000,1000,,en,2026,5,25|
insight	inc~shop~10~2026~5~11~_^exp~shop~10~2026~5~11~a1^exp~food~0~2026~5~11~c1^xfer~rent~-5~2026~5~11~_^inc~shop~0.5~2026~5~11~a1||_,0,food:30,en,2026,5,11|
insight	||nan,nan,rent:-1;food:0;2:10,en,2025,11,31|
credit	exp~10~nan~2026~5~11~c1^xfer~2~33.33~2026~5~11~c1|c1~卡c1~~credit~-100~15~25^c2~卡c2~~credit~100~15~20|120,1000,,zh,2026,5,11|
insight	xfer~shop~1~2026~5~10~a1^xfer~shop~33.33~2026~5~10~a1^exp~rent~0~2026~5~10~c1||120,0,%a:30;shop:nan,zh,2026,5,10|
insight	inc~%a~nan~2026~5~25~_||1000,20,food:0;rent:10;shop:30;zz:0,zh,2026,5,11|2:🐾:%b:Custom
insight	exp~zz~1~2026~5~25~c1^exp~2~0~2026~0~1~c1^exp~2~100~2026~1~28~a1^exp~rent~100~2025~11~31~_^exp~rent~100~2026~5~11~a1^exp~shop~10~2025~11~31~c1^exp~10~-5~2026~5~11~c1||_,nan,food:10;shop:10,en,2026,5,25|
insight	exp~rent~1~2026~0~1~c1^exp~rent~100~2026~5~25~_^xfer~shop~nan~2026~0~1~c1^exp~rent~25.5~2026~0~1~_^xfer~rent~0~2026~1~28~a1^xfer~%a~nan~2026~0~1~a1^exp~10~0.5~2026~0~1~c1^exp~%a~25.5~2026~5~10~a1||nan,1000,food:-1;%a:nan;zz:10;rent:1,en,2026,0,1|shop:🐾:%b:Custom
insight	exp~food~10~2026~5~25~_||120,0,%a:nan;10:nan,zh,2026,5,10|
credit	exp~shop~nan~2026~5~11~a1^exp~2~0.5~2025~11~31~a1^inc~%a~1~2025~11~31~_^exp~rent~25.5~2026~5~10~c1^exp~2~1~2025~11~31~c1^xfer~%a~25.5~2025~11~31~c1^inc~10~10~2026~5~10~_^xfer~2~25.5~2025~11~31~_|c1~卡c1~_~credit~0~15~25^c2~卡c2~~credit~-100~25~20|120,20,,zh,2025,11,31|
insight	xfer~zz~0~2026~5~11~c1^xfer~2~0.5~2026~5~11~a1||-100,_,,en,2026,5,11|
credit	exp~zz~100~2026~5~10~_^inc~%a~25.5~2026~0~1~a1^exp~10~1~2026~0~1~c1^inc~food~0.5~2026~5~25~a1^inc~food~33.33~2026~5~11~a1^exp~2~0~2026~5~25~c1|c1~卡c1~Card c1~credit~-100~10~10|1000,nan,,zh,2026,5,25|
credit	exp~zz~25.5~2026~0~1~c1^inc~2~100~2026~0~1~a1^xfer~shop~1~2026~5~25~a1|c1~卡c1~Card c1~credit~100~15~20|100,1000,food:-1,zh,2026,0,1|
insight	exp~rent~25.5~2026~5~10~a1^exp~trans~0~2026~5~10~c1^exp~zz~10~2026~5~10~_^exp~%a~nan~2026~5~10~a1^exp~2~1~2026~5~10~a1||100,50,rent:-1;food:1;%a:30,en,2026,5,10|
credit	exp~%a~0.5~2026~5~25~_|c1~卡c1~_~credit~100~10~25|120,0,%a:-1;10:-1;zz:30,en,2026,5,25|rent:🐾:%a:%d
insight	exp~rent~10~2026~5~25~a1^exp~trans~nan~2026~5~25~_^exp~trans~100~2025~11~31~c1^exp~trans~-5~2026~5~25~a1^exp~2~100~2026~5~25~_^exp~shop~33.33~2026~5~25~c1||1000,1000,,zh,2026,5,25|
insight	||-100,_,%a:1;rent:30;zz:-1;10:10,en,2026,0,1|10:🐾:%a:%d
insight	xfer~2~0.5~2026~5~10~a1^exp~%a~nan~2026~1~28~c1^inc~%a~1~2026~1~28~c1^exp~rent~10~2026~1~28~_^exp~%a~10~2026~1~28~a1^exp~trans~1~2026~1~28~_^xfer~%a~1~2026~1~28~_^xfer~10~0~2026~1~28~c1||100,nan,shop:-1;food:30;2:-1,zh,2026,1,28|%a:🐾:%a:%d
credit	exp~trans~33.33~2026~1~28~_^xfer~10~1~2025~11~31~c1^exp~2~0.5~2025~11~31~c1^exp~%a~10~2025~11~31~a1|c1~卡c1~Card c1~credit~0~15~20^c2~卡c2~_~credit~0~15~25|120,20,shop:nan;food:0;rent:30;10:0,en,2025,11,31|
insight	exp~%a~10~2026~0~1~a1^xfer~trans~nan~2026~1~28~c1^exp~zz~33.33~2026~1~28~c1||nan,20,,zh,2026,1,28|
insight	exp~10~100~2026~5~25~c1^exp~10~25.5~2026~1~28~c1^exp~%a~-5~2026~5~11~_||_,nan,%a:0;shop:30;2:10;10:10,zh,2026,1,28|
insight	exp~food~33.33~2026~5~25~c1^exp~2~0~2026~5~25~a1^xfer~10~100~2026~5~25~_||120,1000,shop:nan;food:1;zz:1;2:-1,en,2026,5,25|
insight	exp~food~1~2026~5~10~c1||1000,50,food:0,zh,2026,1,28|shop:🐾:自定义:Custom
insight	exp~%a~0~2025~11~31~_^xfer~food~33.33~2025~11~31~c1^exp~food~25.5~2025~11~31~a1||-100,50,rent:-1;zz:1,zh,2025,11,31|
insight	exp~10~0~2026~5~11~_^exp~10~100~2026~5~10~_^xfer~rent~1~2026~5~10~_||0,0,10:nan,zh,2026,5,10|
credit	exp~2~-5~2026~5~11~c1^exp~food~33.33~2026~5~10~_^inc~zz~10~2026~5~11~_^exp~food~33.33~2026~5~10~a1^exp~food~100~2026~0~1~_^exp~food~100~2025~11~31~_^xfer~trans~10~2026~5~10~_|c1~卡c1~Card c1~credit~100~25~10|_,20,10:0,zh,2026,5,10|
credit	exp~food~0~2026~0~1~_^inc~2~100~2026~5~10~a1^exp~zz~25.5~2026~5~10~a1^exp~trans~10~2026~5~10~_^exp~%a~10~2026~5~10~_^exp~rent~-5~2026~5~10~_^exp~zz~0~2026~5~10~c1^exp~zz~100~2026~5~10~c1|c1~卡c1~~credit~-100~25~25|0,50,10:1;zz:10;trans:100,en,2026,5,10|%a:🐾:%a:Custom
insight	exp~2~25.5~2025~11~31~a1||1000,50,rent:30;shop:0;trans:1;%a:-1,en,2025,11,31|
insight	exp~zz~nan~2026~5~25~c1^exp~trans~25.5~2026~5~25~c1^exp~rent~nan~2026~5~25~c1^exp~trans~1~2026~5~25~_||120,1000,rent:30;zz:0;food:1;trans:30,en,2026,5,25|
insight	||120,20,rent:1;%a:100;10:nan;2:nan,zh,2026,1,28|
insight	xfer~shop~25.5~2026~5~10~_^exp~shop~10~2026~5~10~a1^exp~rent~nan~2026~5~10~_^exp~%a~1~2026~1~28~a1||120,1000,shop:100;rent:nan;trans:1;10:-1,en,2026,5,10|
insight	inc~zz~-5~2026~5~25~a1^xfer~trans~1~2026~5~25~a1^exp~shop~1~2026~5~25~a1||nan,0,10:-1,zh,2026,5,25|
insight	inc~rent~33.33~2026~5~11~_^xfer~zz~0.5~2026~5~11~c1^xfer~2~10~2026~5~25~c1||-100,0,zz:30;10:1;trans:-1,zh,2026,5,11|
insight	inc~10~10~2025~11~31~a1^exp~rent~0.5~2025~11~31~a1^exp~2~100~2025~11~31~a1||0,0,food:0,en,2025,11,31|
credit	exp~10~0.5~2025~11~31~_^exp~zz~0~2026~5~25~c1|c1~卡c1~~credit~100~25~25^c2~卡c2~Card c2~credit~100~25~20|120,1000,zz:100;10:-1;food:nan,zh,2026,5,25|
insight	exp~rent~10~2026~1~28~c1^exp~2~1~2026~1~28~_^exp~2~100~2026~1~28~c1^xfer~rent~10~2026~1~28~c1^exp~trans~-5~2026~5~10~a1^xfer~2~nan~2026~5~25~a1^inc~rent~-5~2026~1~28~_^inc~food~-5~2026~1~28~_||0,nan,food:0;%a:1;10:-1;trans:30,zh,2026,1,28|
insight	exp~2~10~2026~5~10~a1^exp~zz~0~2025~11~31~a1||nan,20,%a:10,en,2026,5,10|
insight	||nan,50,10:0,zh,2025,11,31|trans:🐾:自定义:%d
credit	exp~%a~33.33~2026~0~1~_^exp~shop~25.5~2026~1~28~_^exp~zz~33.33~2026~0~1~c1|c1~卡c1~~credit~-100~25~10|100,_,trans:30;10:nan;%a:nan;zz:100,zh,2026,0,1|
credit	exp~%a~0.5~2026~5~25~c1^exp~food~nan~2025~11~31~a1^exp~shop~100~2026~0~1~_^exp~%a~0~2026~5~25~a1^exp~rent~1~2026~5~25~a1^exp~%a~100~2026~5~25~c1|c1~卡c1~Card c1~credit~-100~25~25^c2~卡c2~Card c2~credit~-100~10~20|_,nan,trans:10;shop:nan;food:1;2:-1,en,2026,5,25|
insight	exp~shop~nan~2026~5~11~c1^xfer~shop~33.33~2026~5~11~_^inc~zz~-5~2025~11~31~_^xfer~2~10~2026~5~11~a1^exp~shop~0~2026~5~11~a1^inc~shop~-5~2025~11~31~c1^exp~10~100~2026~5~10~c1^inc~zz~33.33~2026~5~10~_||0,0,shop:100,zh,2026,5,11|
insight	inc~trans~25.5~2026~1~28~a1^exp~trans~100~2026~5~11~c1||100,nan,food:0,en,2026,5,11|
insight	exp~2~33.33~2026~1~28~c1^exp~food~10~2025~11~31~c1||0,nan,2:30;10:30,zh,2025,11,31|
credit	exp~%a~10~2026~5~10~_^inc~10~nan~2026~1~28~_^exp~%a~10~2026~1~28~_^exp~trans~1~2026~1~28~_^exp~trans~33.33~2026~1~28~_^exp~rent~nan~2026~0~1~c1^exp~zz~100~2026~1~28~c1^inc~shop~1~2026~1~28~a1|c1~卡c1~~credit~100~15~10^c2~卡c2~~credit~-100~10~20|_,20,2:100;shop:0;rent:10;food:1,zh,2026,1,28|
credit	exp~2~-5~2026~0~1~c1^exp~rent~-5~2026~0~1~a1^xfer~2~10~2026~0~1~_^exp~trans~nan~2026~5~25~c1|c1~卡c1~~credit~-100~15~25|0,nan,10:30,zh,2026,0,1|
insight	exp~shop~10~2026~5~25~a1||120,0,rent:10;food:100,en,2025,11,31|
insight	exp~shop~25.5~2026~5~25~_^exp~shop~nan~2026~5~25~a1^exp~shop~nan~2026~5~25~a1^exp~rent~33.33~2026~5~25~a1^exp~10~25.5~2026~5~25~c1^inc~%a~10~2026~5~25~c1^exp~trans~33.33~2026~5~25~_^exp~rent~0.5~2026~5~25~c1||120,1000,food:1,en,2026,5,25|
insight	inc~food~100~2026~5~25~_^inc~food~33.33~2025~11~31~a1^exp~rent~100~2026~5~25~a1^exp~%a~100~2026~0~1~c1^exp~rent~nan~2026~5~25~c1^inc~%a~0~2026~5~25~c1||100,nan,10:100;rent:10,zh,2026,5,25|
insight	exp~%a~33.33~2026~1~28~c1^xfer~shop~33.33~2026~0~1~a1^exp~shop~10~2026~0~1~c1^exp~2~-5~2026~0~1~_^exp~food~nan~2026~0~1~c1^inc~rent~0.5~2026~0~1~c1^exp~trans~-5~2026~0~1~c1||120,0,10:100;trans:-1;food:1;%a:-1,en,2026,0,1|zz:🐾:%b:%d
insight	exp~rent~33.33~2026~5~10~a1^exp~2~-5~2026~0~1~c1^xfer~%a~10~2026~0~1~c1^exp~shop~33.33~2026~1~28~a1^exp~%a~33.33~2026~5~10~_||nan,1000,zz:0;rent:100;shop:30,zh,2026,1,28|rent:🐾:自定义:%a
insight	inc~food~1~2026~0~1~c1||1000,nan,rent:0;trans:1,en,2025,11,31|10:🐾:自定义:Custom
insight	xfer~zz~33.33~2026~0~1~c1||1000,0,%a:10,en,2026,0,1|
insight	inc~10~0~2026~5~25~c1^inc~%a~25.5~2026~5~10~_^inc~trans~nan~2026~5~25~a1^exp~2~33.33~2026~0~1~a1^exp~2~1~2026~5~25~a1^exp~10~33.33~2025~11~31~_^xfer~shop~10~2026~5~25~_||nan,0,,en,2026,5,25|
insight	exp~rent~0~2025~11~31~a1^exp~%a~0~2025~11~31~_^exp~%a~100~2026~5~10~c1^exp~%a~0.5~2025~11~31~a1^exp~%a~100~2026~5~10~c1^xfer~food~33.33~2025~11~31~_||120,0,zz:nan,en,2025,11,31|
credit	inc~rent~0~2026~5~11~_^exp~10~33.33~2025~11~31~c1^exp~trans~25.5~2026~1~28~a1^xfer~%a~0~2026~5~11~c1^xfer~rent~25.5~2026~5~11~c1^exp~2~100~2026~5~11~c1^inc~2~33.33~2026~1~28~c1^exp~10~25.5~2026~5~11~a1|c1~卡c1~Card c1~credit~100~15~20|100,_,%a:1,en,2026,5,11|
insight	xfer~10~10~2026~5~11~a1^exp~10~0.5~2026~1~28~_^xfer~food~1~2026~1~28~c1||nan,1000,%a:0;food:nan;zz:1;shop:30,en,2026,1,28|
insight	exp~trans~100~2026~5~10~a1^exp~%a~0~2026~5~10~_^xfer~10~1~2026~1~28~a1^inc~trans~33.33~2026~5~10~a1^exp~rent~nan~2026~5~11~_||_,50,10:1;%a:100,en,2026,5,10|
credit	exp~zz~nan~2026~5~10~a1|c1~卡c1~~credit~-100~10~25^c2~卡c2~_~credit~0~15~10|nan,_,rent:30;%a:10;trans:30;food:nan,en,2026,5,11|
insight	inc~food~nan~2026~5~25~_^xfer~zz~0~2025~11~31~c1^exp~2~0~2025~11~31~a1^exp~shop~0~2025~11~31~c1^xfer~rent~25.5~2026~5~25~c1^exp~2~25.5~2026~5~10~c1^exp~%a~0~2026~0~1~c1^exp~10~100~2026~1~28~_||nan,20,zz:-1,en,2025,11,31|
insight	xfer~shop~0.5~2025~11~31~a1^inc~%a~0~2026~5~11~_^xfer~%a~25.5~2026~5~25~_||120,50,,en,2026,5,11|
insight	exp~rent~25.5~2026~5~25~c1^exp~%a~nan~2026~5~25~c1^exp~trans~25.5~2026~5~25~a1^exp~2~0~2026~5~10~a1^exp~shop~1~2026~5~25~a1||nan,_,,en,2026,5,25|
insight	exp~%a~0~2026~5~25~_^inc~zz~-5~2026~5~25~c1^exp~rent~100~2026~5~25~a1^exp~%a~0.5~2026~5~25~a1||_,20,,en,2026,5,25|
insight	inc~rent~nan~2025~11~31~a1^exp~%a~100~2025~11~31~_||120,50,2:100;food:nan,en,2025,11,31|
credit	exp~2~nan~2026~5~25~_^xfer~food~1~2026~5~25~a1|c1~卡c1~_~credit~-100~15~_^c2~卡c2~~credit~0~25~10|_,1000,zz:0;rent:nan,zh,2026,5,25|
insight	exp~rent~0~2026~5~25~_^exp~2~10~2026~0~1~c1^exp~food~10~2026~1~28~c1^exp~%a~0.5~2026~5~11~_^xfer~food~0~2026~5~11~a1^exp~shop~10~2026~5~11~a1||_,1000,food:0;zz:nan,en,2026,5,11|
insight	inc~%a~100~2026~1~28~c1^exp~shop~10~2026~1~28~c1^exp~rent~25.5~2026~0~1~a1^exp~2~-5~2026~1~28~c1^xfer~zz~33.33~2026~1~28~_^xfer~shop~33.33~2026~1~28~_||120,50,%a:30,zh,2026,1,28|
insight	exp~zz~25.5~2026~5~11~c1||_,_,trans:30;%a:1;shop:0,zh,2026,1,28|
insight	exp~shop~33.33~2026~5~10~a1^xfer~10~10~2026~5~10~c1||-100,1000,10:1;rent:1,zh,2026,5,10|
insight	xfer~rent~33.33~2026~5~11~a1^exp~rent~1~2026~1~28~a1||0,1000,food:100;trans:1;rent:100,en,2026,1,28|
insight	exp~10~-5~2026~5~10~c1^exp~%a~nan~2025~11~31~_^exp~trans~1~2026~1~28~a1^exp~10~100~2026~5~10~a1||nan,nan,food:100;2:0;rent:0;trans:-1,zh,2025,11,31|
insight	exp~trans~0~2026~1~28~a1^inc~shop~10~2026~1~28~c1^exp~shop~33.33~2026~1~28~a1^exp~food~33.33~2026~1~28~_^exp~food~25.5~2026~1~28~_^exp~rent~25.5~2026~1~28~c1^exp~zz~10~2025~11~31~_^inc~10~0~2026~0~1~a1||nan,20,10:0;food:0,zh,2026,1,28|
insight	exp~zz~33.33~2026~1~28~a1^xfer~2~nan~2025~11~31~c1||nan,0,shop:10;%a:100;10:-1,zh,2026,1,28|2:🐾:自定义:Custom
insight	exp~2~nan~2026~1~28~a1^inc~10~-5~2026~1~28~c1||100,0,trans:30;food:10;2:10;zz:-1,zh,2026,1,28|
credit	exp~zz~0.5~2026~0~1~_^xfer~zz~nan~2026~0~1~_^exp~%a~100~2026~5~10~_^inc~food~25.5~2026~0~1~a1^exp~10~0.5~2026~0~1~c1^inc~shop~0.5~2026~0~1~_^xfer~rent~1~2026~0~1~_^exp~food~0.5~2026~5~10~c1|c1~卡c1~_~credit~0~15~25|-100,1000,2:30;zz:nan,en,2026,0,1|10:🐾:%b:Custom
insight	inc~trans~-5~2026~5~11~a1^exp~zz~10~2026~5~25~a1^exp~shop~10~2026~5~11~a1||120,nan,zz:1;2:10;shop:nan,zh,2026,5,11|trans:🐾:%a:%d
insight	exp~food~-5~2026~5~10~_^exp~2~10~2026~5~10~a1^exp~10~100~2026~5~10~a1||-100,50,food:1;rent:0;zz:100,en,2026,5,10|
insight	exp~trans~33.33~2026~0~1~_^exp~10~10~2026~5~11~a1^exp~food~0~2026~5~11~_^exp~trans~1~2026~5~11~_^exp~zz~100~2026~5~11~_^xfer~food~0~2026~5~11~a1||120,50,trans:30,en,2026,5,11|
insight	exp~2~0~2026~0~1~a1^inc~food~10~2026~0~1~a1^xfer~shop~33.33~2026~0~1~a1^exp~shop~-5~2026~0~1~c1^exp~zz~10~2026~0~1~a1^inc~10~25.5~2026~0~1~_^inc~shop~25.5~2026~5~10~c1^xfer~%a~0~2026~0~1~a1||1000,0,zz:10,en,2026,0,1|
insight	exp~10~25.5~2026~5~25~a1^exp~2~100~2026~5~25~_^xfer~food~0~2026~0~1~_^exp~shop~-5~2026~0~1~c1^exp~zz~100~2026~5~10~c1^exp~trans~nan~2026~0~1~a1||nan,_,zz:0;%a:10,zh,2026,0,1|
insight	exp~%a~nan~2025~11~31~_^exp~zz~1~2026~5~25~a1||nan,1000,trans:30,en,2026,5,25|trans:🐾:%a:Custom
insight	exp~rent~0.5~2026~1~28~a1^exp~shop~0~2026~5~11~_^inc~trans~nan~2026~1~28~c1^xfer~food~0~2026~1~28~c1^exp~food~-5~2026~1~28~c1^xfer~zz~33.33~2026~1~28~a1^exp~zz~nan~2026~1~28~c1||100,1000,food:nan;%a:10;shop:100,en,2026,1,28|
insight	xfer~2~-5~2026~0~1~a1^inc~zz~10~2026~0~1~a1^exp~10~nan~2026~5~10~_||nan,_,10:0,en,2026,0,1|shop:🐾:自定义:%d
insight	exp~2~-5~2026~1~28~a1^exp~%a~25.5~2026~1~28~a1^exp~shop~25.5~2026~5~10~a1^exp~shop~1~2026~5~10~_^inc~2~0~2026~1~28~a1^exp~food~25.5~2026~1~28~a1^exp~food~nan~2026~5~10~_||120,1000,zz:0;%a:0,en,2026,1,28|
insight	inc~shop~25.5~2026~5~11~c1^xfer~10~0.5~2026~5~11~a1^exp~10~25.5~2026~5~25~c1^exp~2~10~2026~5~11~_^xfer~shop~25.5~2026~5~11~a1^exp~%a~0.5~2026~5~25~_||100,0,zz:0;10:0;rent:nan,zh,2026,5,11|10:🐾:%b:%a
insight	||nan,20,,zh,2026,5,25|
credit	|c1~卡c1~_~credit~-100~15~25|100,nan,shop:10;zz:100;food:10,zh,2026,1,28|
credit	exp~10~0~2026~5~10~c1^xfer~%a~25.5~2026~5~10~c1^xfer~shop~25.5~2026~5~10~a1^inc~10~10~2026~5~10~_^exp~trans~1~2026~0~1~_|c1~卡c1~_~credit~0~10~_^c2~卡c2~~credit~-100~10~25|120,0,zz:nan,zh,2026,5,10|
insight	||0,20,rent:0;zz:1;trans:-1,en,2026,0,1|shop:🐾:%b:Custom
insight	exp~2~0.5~2025~11~31~_^exp~2~25.5~2026~5~25~_^exp~2~100~2026~0~1~a1^exp~food~100~2026~0~1~a1||100,nan,zz:100;rent:0,en,2026,0,1|
insight	exp~food~100~2026~5~25~a1^exp~shop~33.33~2026~5~25~c1^exp~zz~nan~2026~5~25~a1^exp~10~100~2026~5~25~a1^exp~shop~1~2026~5~25~a1^exp~food~10~2026~5~25~_^exp~trans~33.33~2026~5~25~_^exp~%a~-5~2026~5~25~a1||nan,1000,food:10;zz:1;2:0;rent:0,en,2026,5,25|zz:🐾:自定义:Custom
insight	exp~food~0.5~2026~5~25~c1^exp~trans~nan~2026~1~28~_||100,nan,zz:1;rent:1,zh,2026,5,25|
credit	inc~zz~-5~2026~0~1~a1^inc~trans~33.33~2026~5~10~_|c1~卡c1~~credit~100~15~25^c2~卡c2~~credit~100~25~_|100,0,shop:0,zh,2026,5,10|
credit	inc~rent~10~2026~5~11~a1^xfer~food~nan~2026~1~28~a1^xfer~2~33.33~2026~0~1~_|c1~卡c1~Card c1~credit~100~15~_|nan,_,zz:nan;shop:nan;10:100,en,2026,5,11|zz:🐾:自定义:Custom
insight	exp~rent~0.5~2026~1~28~_^exp~trans~100~2025~11~31~a1^exp~shop~-5~2026~1~28~_||1000,1000,trans:0,zh,2026,1,28|trans:🐾:%b:%a
credit	inc~2~1~2026~5~11~c1|c1~卡c1~~credit~0~10~_^c2~卡c2~Card c2~credit~-100~10~20|1000,1000,,en,2026,0,1|food:🐾:自定义:%a
credit	exp~rent~0~2026~5~10~_^exp~%a~-5~2026~5~10~c1^inc~rent~-5~2026~5~10~c1^inc~2~33.33~2026~5~10~_^exp~2~1~2026~1~28~c1^exp~2~25.5~2026~5~10~a1^inc~2~0.5~2026~5~10~c1^exp~shop~0~2026~5~10~c1|c1~卡c1~~credit~100~25~20|_,1000,%a:nan;zz:-1;shop:0;food:nan,zh,2026,5,10|
insight	exp~zz~1~2026~5~11~_^exp~trans~33.33~2026~5~25~_^inc~food~1~2026~5~10~a1^xfer~food~10~2025~11~31~a1^inc~food~1~2026~5~25~_||_,0,,zh,2026,5,25|
insight	exp~2~100~2025~11~31~a1^inc~food~0.5~2025~11~31~_^xfer~rent~nan~2026~5~11~_^exp~zz~10~2025~11~31~_^exp~zz~-5~2025~11~31~c1^exp~2~10~2026~1~28~_^exp~shop~1~2025~11~31~a1^inc~rent~0~2026~5~11~c1||1000,_,,zh,2025,11,31|
insight	||0,0,shop:-1;2:1;%a:10,zh,2026,5,11|
insight	exp~2~nan~2026~1~28~a1^exp~food~100~2025~11~31~a1^xfer~10~0~2026~1~28~c1^xfer~rent~25.5~2026~5~25~a1^exp~shop~0~2026~5~10~a1^exp~rent~100~2026~1~28~a1^exp~food~1~2026~1~28~a1||-100,0,shop:100,en,2026,1,28|
insight	exp~trans~0~2026~1~28~a1^exp~10~100~2026~1~28~c1^exp~zz~25.5~2026~5~10~a1||-100,50,,zh,2026,1,28|
credit	exp~food~-5~2025~11~31~_^exp~shop~25.5~2026~1~28~_^xfer~food~1~2026~1~28~c1^exp~2~0~2025~11~31~_^exp~rent~33.33~2025~11~31~a1^exp~trans~nan~2025~11~31~c1^exp~food~25.5~2025~11~31~a1^exp~food~0~2026~5~10~c1|c1~卡c1~~credit~0~15~10|100,nan,,en,2025,11,31|
insight	exp~trans~10~2026~5~10~c1^exp~trans~-5~2026~5~25~c1^xfer~2~10~2026~5~10~a1^exp~rent~100~2025~11~31~a1^exp~trans~0~2026~0~1~a1^xfer~%a~33.33~2026~5~10~_^exp~10~nan~2026~0~1~a1||120,nan,,en,2026,0,1|shop:🐾:%a:%d
insight	||120,1000,2:0,en,2026,1,28|
credit	exp~%a~0.5~2026~5~25~c1^exp~food~-5~2026~5~25~_^exp~rent~25.5~2026~5~25~_^xfer~%a~1~2026~5~10~_^inc~food~-5~2026~5~25~a1^exp~zz~100~2026~5~25~_^exp~zz~0~2025~11~31~c1|c1~卡c1~_~credit~0~15~25|1000,50,,zh,2026,5,25|
insight	exp~food~nan~2026~0~1~c1^exp~10~33.33~2026~5~10~_^xfer~rent~33.33~2026~1~28~_^exp~shop~33.33~2026~5~10~_^exp~2~10~2026~5~10~a1||nan,50,%a:30;2:10;10:100;zz:1,en,2026,5,10|10:🐾:%b:%a
credit	inc~zz~33.33~2025~11~31~c1^exp~2~1~2026~5~11~a1|c1~卡c1~~credit~-100~25~_|0,_,food:-1;zz:nan;rent:10;2:1,zh,2025,11,31|food:🐾:%b:%d
insight	xfer~food~0.5~2026~1~28~_^inc~10~nan~2026~1~28~c1^xfer~shop~0~2026~1~28~a1||120,1000,food:10,en,2026,1,28|zz:🐾:自定义:%a
insight	exp~zz~1~2026~5~10~a1^exp~%a~0.5~2026~1~28~c1^exp~shop~-5~2026~5~11~_^exp~2~100~2026~5~10~c1^exp~10~33.33~2026~5~10~c1^exp~trans~0~2026~5~10~c1^exp~rent~100~2026~0~1~c1^exp~trans~100~2026~5~10~a1||100,nan,%a:-1,en,2026,5,10|
insight	exp~trans~nan~2026~5~10~a1||-100,1000,%a:100,zh,2026,5,10|zz:🐾:自定义:%a
insight	inc~10~0.5~2025~11~31~c1^exp~%a~10~2025~11~31~c1^xfer~10~0.5~2026~1~28~a1^exp~rent~0~2025~11~31~c1^exp~2~1~2025~11~31~a1^exp~food~-5~2025~11~31~a1||120,0,zz:100;rent:100;shop:30;trans:-1,en,2025,11,31|
insight	exp~2~33.33~2026~0~1~a1^exp~rent~nan~2026~5~11~_^inc~trans~33.33~2026~0~1~_^exp~shop~-5~2026~0~1~_^exp~shop~-5~2026~0~1~_^exp~2~10~2026~0~1~_^exp~rent~0.5~2026~5~25~c1||100,nan,food:nan;%a:nan;2:10;10:100,zh,2026,0,1|2:🐾:自定义:%d
insight	exp~%a~0.5~2026~1~28~a1^xfer~%a~1~2026~5~25~_^exp~10~-5~2026~5~25~_^inc~2~0.5~2026~1~28~_^exp~trans~25.5~2026~1~28~a1^exp~rent~1~2026~5~11~_^exp~shop~0.5~2026~5~25~_^exp~2~0.5~2026~0~1~_||nan,1000,food:10;%a:30;shop:10;2:nan,zh,2026,1,28|
insight	exp~rent~0.5~2026~5~25~c1||nan,20,%a:nan,zh,2026,5,25|
insight	exp~shop~0~2025~11~31~a1||_,_,trans:-1;rent:nan;food:nan;%a:0,zh,2025,11,31|
credit	exp~2~1~2026~5~25~_^exp~zz~0.5~2026~5~25~a1^xfer~food~0~2026~5~25~c1^exp~shop~-5~2026~5~25~a1^exp~food~25.5~2026~5~25~c1^exp~shop~100~2026~5~25~a1|c1~卡c1~_~credit~0~10~25^c2~卡c2~_~credit~100~10~20|_,_,10:30;%a:1;shop:100;trans:10,zh,2026,5,25|
credit	exp~food~0.5~2026~5~10~_^xfer~%a~-5~2026~5~10~a1|c1~卡c1~_~credit~-100~10~20|1000,1000,food:1;zz:100;10:nan;2:1,en,2026,5,11|trans:🐾:自定义:Custom
credit	exp~%a~0.5~2026~0~1~a1|c1~卡c1~~credit~-100~10~10|0,_,zz:0,zh,2026,1,28|food:🐾:%a:%a
insight	xfer~2~0.5~2026~1~28~c1^inc~rent~100~2026~0~1~_^exp~rent~-5~2026~0~1~_^exp~%a~33.33~2025~11~31~c1||1000,20,%a:-1;rent:30;2:-1;trans:30,en,2026,0,1|zz:🐾:%b:%d
credit	exp~food~100~2026~5~11~_^exp~rent~1~2026~5~11~_^exp~10~nan~2026~1~28~a1^exp~%a~0.5~2026~1~28~a1^exp~%a~25.5~2026~5~11~c1^inc~trans~33.33~2026~1~28~c1^xfer~%a~100~2026~1~28~c1|c1~卡c1~~credit~0~25~10|nan,50,rent:10,zh,2026,1,28|
insight	exp~10~1~2026~5~25~_^exp~food~0.5~2026~5~10~c1^exp~10~25.5~2026~5~11~a1^exp~trans~25.5~2026~5~25~c1^xfer~2~nan~2026~5~25~_^xfer~food~1~2026~5~10~a1||nan,_,2:0;rent:10,zh,2026,5,25|2:🐾:%a:Custom
insight	exp~%a~0~2026~0~1~c1||1000,1000,zz:100;10:nan;rent:1,zh,2026,0,1|
insight	inc~2~1~2025~11~31~_^inc~10~1~2026~5~11~_^xfer~%a~10~2025~11~31~a1^xfer~trans~25.5~2026~1~28~_^exp~trans~0~2026~1~28~_^exp~trans~100~2026~5~25~a1^exp~10~0.5~2026~1~28~c1||1000,50,trans:0,zh,2026,1,28|
insight	||_,0,rent:30,zh,2026,5,11|
insight	exp~10~-5~2026~5~11~c1^exp~food~1~2025~11~31~_^xfer~shop~0~2026~5~11~_||0,nan,2:nan,en,2026,5,11|
insight	exp~zz~nan~2026~5~11~c1||0,0,shop:nan;trans:1;rent:nan,en,2026,5,11|
insight	exp~trans~25.5~2025~11~31~a1^xfer~food~0~2026~0~1~a1^xfer~food~100~2026~1~28~_^xfer~2~10~2025~11~31~c1^inc~food~25.5~2025~11~31~a1^xfer~shop~100~2026~5~10~_^exp~food~-5~2025~11~31~_||1000,50,food:nan,en,2025,11,31|
insight	exp~10~-5~2026~5~25~c1^inc~%a~-5~2026~1~28~_^exp~food~nan~2026~1~28~c1^xfer~10~33.33~2025~11~31~a1||120,_,shop:100,en,2026,1,28|food:🐾:自定义:%a
insight	exp~%a~-5~2026~5~11~a1^exp~trans~25.5~2026~5~11~c1^exp~2~0.5~2026~5~11~c1^xfer~food~0~2026~5~10~a1^inc~%a~10~2026~5~11~_^exp~shop~1~2026~5~11~c1||120,20,,zh,2026,5,11|
insight	exp~2~100~2026~1~28~c1^exp~shop~nan~2026~5~25~_^exp~10~33.33~2026~5~10~c1^exp~food~-5~2026~5~25~c1^exp~trans~33.33~2026~5~10~c1^xfer~2~nan~2025~11~31~c1^inc~rent~nan~2026~5~25~c1^exp~%a~-5~2026~5~10~_||-100,1000,%a:-1,zh,2026,5,25|%a:🐾:%b:%a
insight	xfer~2~10~2026~5~25~c1^inc~10~10~2026~0~1~_^exp~zz~-5~2026~5~25~_^xfer~2~10~2026~5~25~a1^xfer~2~10~2026~5~25~_^exp~%a~25.5~2026~5~25~c1^exp~food~25.5~2026~5~25~c1^xfer~shop~nan~2026~5~25~a1||120,50,zz:1;food:10;rent:100;shop:100,en,2026,5,25|
insight	exp~shop~-5~2025~11~31~c1^xfer~food~nan~2025~11~31~c1^exp~trans~10~2025~11~31~c1^exp~2~10~2025~11~31~c1^exp~food~0~2025~11~31~a1||120,0,rent:100,zh,2025,11,31|food:🐾:自定义:%a
insight	xfer~%a~0.5~2025~11~31~c1^exp~shop~-5~2025~11~31~c1^exp~%a~100~2025~11~31~_||-100,1000,10:0;%a:-1;rent:30;zz:nan,en,2025,11,31|
insight	||0,1000,trans:1,zh,2026,0,1|
insight	exp~2~1~2025~11~31~a1||_,nan,shop:100,en,2025,11,31|
insight	exp~trans~0~2026~1~28~c1^exp~trans~0~2026~1~28~c1^exp~shop~nan~2026~1~28~c1^exp~%a~0.5~2025~11~31~c1^inc~%a~25.5~2026~0~1~c1^xfer~10~nan~2026~5~10~a1^exp~2~10~2026~1~28~a1^exp~10~100~2025~11~31~a1||nan,1000,shop:30;10:-1;food:30;rent:100,zh,2026,1,28|
credit	exp~food~nan~2026~5~11~c1^xfer~zz~0~2026~5~11~c1^exp~food~25.5~2026~5~10~_^inc~shop~0~2026~5~10~_^xfer~trans~33.33~2025~11~31~_^exp~shop~nan~2026~1~28~_^exp~trans~0~2026~5~10~a1|c1~卡c1~~credit~100~10~_|nan,20,food:-1;trans:10;2:1;zz:100,zh,2026,5,10|
insight	exp~rent~25.5~2025~11~31~a1^xfer~2~0.5~2025~11~31~c1^exp~10~0.5~2026~0~1~c1^exp~zz~-5~2025~11~31~c1^xfer~zz~0~2025~11~31~a1^exp~shop~33.33~2025~11~31~c1||100,50,zz:100;rent:30;food:100;shop:1,en,2025,11,31|
insight	xfer~shop~-5~2026~5~10~_^exp~food~25.5~2026~1~28~_^exp~%a~25.5~2026~5~25~c1||120,1000,%a:10;shop:-1;trans:30;2:0,zh,2025,11,31|
insight	inc~shop~33.33~2026~5~11~c1^exp~2~25.5~2026~5~11~c1^inc~zz~10~2026~1~28~a1^exp~10~100~2026~5~11~a1^exp~shop~-5~2026~5~11~_^inc~zz~25.5~2026~1~28~a1^exp~10~-5~2026~5~11~_||120,nan,,en,2026,5,11|
insight	exp~trans~0.5~2026~5~25~_^exp~rent~33.33~2026~0~1~_^exp~10~100~2026~0~1~_^exp~zz~0.5~2026~0~1~_^exp~%a~1~2026~1~28~_||120,50,10:-1;2:100;shop:100;food:10,zh,2026,0,1|10:🐾:%a:%a
credit	xfer~10~0.5~2026~0~1~a1|c1~卡c1~Card c1~credit~-100~10~_^c2~卡c2~_~credit~100~15~25|0,_,10:30;%a:-1;food:100;rent:30,zh,2026,1,28|
insight	exp~trans~0.5~2026~5~11~c1^exp~zz~25.5~2026~1~28~c1^xfer~shop~10~2026~5~11~_^inc~10~100~2026~5~11~a1^exp~%a~0~2026~5~11~_^exp~shop~0.5~2026~0~1~a1^exp~shop~33.33~2026~5~11~_^exp~food~nan~2026~5~11~a1||_,20,2:0;shop:nan;rent:100,en,2026,5,11|2:🐾:%a:%d
insight	xfer~rent~100~2026~0~1~c1^exp~zz~33.33~2026~0~1~c1^exp~trans~10~2026~1~28~a1^exp~rent~33.33~2026~0~1~a1^exp~food~1~2026~0~1~a1^exp~shop~1~2026~0~1~c1||-100,0,food:30;trans:1,en,2026,0,1|
insight	exp~food~nan~2025~11~31~_^exp~shop~0.5~2026~5~11~_^exp~trans~25.5~2026~1~28~c1^exp~rent~0.5~2026~5~25~a1^exp~shop~33.33~2025~11~31~a1^exp~zz~-5~2026~5~11~c1^xfer~shop~nan~2026~5~11~a1^exp~zz~nan~2025~11~31~c1||1000,20,,en,2026,5,11|
insight	exp~rent~0.5~2026~5~25~_^exp~10~-5~2026~5~25~c1^exp~shop~0.5~2026~5~10~c1^xfer~zz~1~2026~5~25~_^exp~zz~0~2026~5~10~_^xfer~10~0~2026~5~25~a1^exp~2~25.5~2026~5~11~a1^exp~trans~33.33~2026~5~25~a1||-100,_,shop:30;rent:1,zh,2026,5,25|
insight	exp~food~-5~2026~5~25~c1^inc~zz~100~2026~5~25~_^exp~zz~25.5~2026~5~25~_^exp~zz~0~2026~5~25~_^exp~food~33.33~2026~5~25~_^exp~zz~33.33~2026~5~25~_^exp~2~100~2026~5~10~a1||-100,0,2:1;food:1;10:-1;rent:10,zh,2026,5,25|trans:🐾:%b:Custom
credit	inc~%a~nan~2026~0~1~_^xfer~2~0.5~2026~0~1~_^exp~shop~25.5~2026~0~1~a1^exp~%a~10~2026~0~1~c1^xfer~2~0~2026~5~11~c1^inc~%a~0.5~2026~0~1~_^exp~food~1~2025~11~31~c1^inc~zz~10~2026~0~1~_|c1~卡c1~~credit~-100~10~25^c2~卡c2~Card c2~credit~0~25~20|nan,nan,%a:0,en,2026,0,1|
insight	exp~10~0~2026~5~25~_||_,50,%a:-1;food:-1;10:10,zh,2026,5,11|
credit	exp~%a~nan~2026~1~28~a1^inc~%a~10~2026~5~10~_^exp~%a~100~2026~1~28~c1^inc~10~nan~2026~1~28~c1^inc~trans~-5~2025~11~31~_^exp~food~0.5~2026~5~10~_|c1~卡c1~~credit~0~10~_|0,0,,en,2026,1,28|
insight	exp~food~10~2026~5~25~c1^exp~%a~10~2026~5~25~c1||100,20,rent:100,zh,2026,5,25|
insight	inc~trans~10~2026~0~1~c1^exp~2~100~2026~5~11~c1^exp~rent~-5~2026~5~25~c1^xfer~2~0.5~2026~5~25~c1^exp~%a~nan~2026~5~25~_^exp~shop~33.33~2026~1~28~c1^inc~trans~0~2025~11~31~c1||100,nan,zz:-1;%a:-1;2:100,en,2026,5,25|trans:🐾:%b:%d
credit	exp~food~10~2025~11~31~_^exp~10~25.5~2026~1~28~a1^inc~10~33.33~2026~5~25~c1^inc~food~33.33~2026~5~25~a1^exp~2~10~2026~5~11~c1^exp~zz~0.5~2026~0~1~_|c1~卡c1~~credit~0~25~_|0,0,,en,2026,5,25|2:🐾:%a:%d
insight	||nan,20,,zh,2026,1,28|shop:🐾:%a:%d
insight	inc~trans~25.5~2026~5~25~_^exp~10~0~2026~5~11~_^xfer~rent~100~2026~5~25~a1^exp~food~100~2026~1~28~_^xfer~trans~0~2026~5~25~c1||1000,0,zz:10;2:30;rent:100,en,2026,5,25|2:🐾:%b:%a
insight	xfer~rent~33.33~2025~11~31~c1^exp~10~0~2025~11~31~_^exp~food~25.5~2025~11~31~c1^exp~trans~nan~2026~0~1~a1^exp~shop~25.5~2026~5~10~c1||nan,1000,%a:0,en,2025,11,31|
credit	inc~shop~10~2026~0~1~a1|c1~卡c1~Card c1~credit~100~25~25|nan,_,10:30;food:100;shop:nan;%a:0,zh,2026,0,1|zz:🐾:%a:Custom
insight	exp~shop~-5~2025~11~31~c1^exp~shop~10~2026~0~1~_^inc~rent~10~2025~11~31~a1^exp~%a~33.33~2025~11~31~a1||nan,1000,,en,2026,0,1|trans:🐾:%a:%a
insight	inc~trans~10~2026~5~11~_^exp~zz~0~2026~5~11~c1||_,nan,zz:0;food:1,zh,2026,5,11|2:🐾:%b:%a
insight	inc~food~0.5~2026~5~25~a1^xfer~10~1~2026~1~28~a1^exp~shop~-5~2026~5~25~a1^inc~shop~1~2026~5~25~_^exp~rent~10~2026~5~11~a1^exp~rent~100~2026~5~25~c1^exp~food~33.33~2026~5~25~_||1000,20,trans:1;rent:100;2:30;zz:nan,en,2026,5,25|food:🐾:自定义:Custom
credit	exp~zz~10~2026~5~25~c1|c1~卡c1~_~credit~-100~10~25|100,50,%a:100;zz:30;shop:0;trans:nan,en,2026,5,25|
insight	exp~%a~-5~2026~0~1~_^exp~2~25.5~2026~0~1~_^inc~2~25.5~2026~5~10~_^exp~zz~1~2026~0~1~c1^exp~rent~0.5~2026~0~1~a1^exp~2~1~2025~11~31~a1^exp~10~-5~2026~0~1~c1^exp~zz~nan~2026~0~1~a1||0,nan,,zh,2026,0,1|
credit	inc~zz~-5~2026~5~10~c1^xfer~trans~10~2026~5~11~a1^exp~food~0~2026~1~28~_^xfer~2~nan~2025~11~31~a1^exp~food~1~2026~1~28~_^inc~10~nan~2026~1~28~a1^xfer~rent~-5~2026~1~28~a1^exp~2~nan~2026~5~10~c1|c1~卡c1~_~credit~100~25~10^c2~卡c2~~credit~0~15~20|100,0,,en,2026,1,28|
insight	||100,_,rent:-1,en,2026,5,25|
insight	exp~rent~-5~2026~1~28~_^exp~shop~0~2026~1~28~c1^inc~food~25.5~2026~1~28~_^exp~food~10~2026~1~28~a1^exp~%a~0~2026~1~28~a1^exp~food~-5~2026~1~28~c1||-100,1000,trans:nan;%a:0;rent:0,zh,2026,1,28|
insight	inc~2~10~2025~11~31~a1^exp~shop~25.5~2026~5~10~c1||nan,_,2:30;rent:0;shop:-1,zh,2026,5,10|
credit	exp~shop~nan~2025~11~31~a1^exp~2~-5~2026~5~11~c1^exp~zz~100~2026~0~1~c1^exp~2~1~2026~5~10~c1^xfer~rent~1~2026~5~10~_^exp~rent~10~2026~5~10~_|c1~卡c1~_~credit~100~15~25|-100,0,shop:30;food:1;%a:10,zh,2026,5,10|
insight	||-100,0,,zh,2026,5,25|
credit	exp~2~100~2026~5~10~a1^exp~food~0~2026~5~25~a1^exp~10~100~2026~1~28~c1^exp~10~0~2026~5~10~c1^exp~trans~0~2025~11~31~_^exp~food~nan~2026~5~10~c1^xfer~10~-5~2026~5~10~a1|c1~卡c1~~credit~-100~10~25|0,50,food:100;10:30;2:nan,zh,2026,5,10|
insight	exp~%a~1~2026~5~10~a1^xfer~shop~nan~2026~5~10~_^exp~zz~33.33~2026~5~11~c1^inc~zz~nan~2026~5~10~a1^exp~trans~25.5~2026~5~10~c1^exp~trans~1~2026~5~10~a1^inc~zz~nan~2026~5~10~a1^exp~trans~0~2026~0~1~a1||0,nan,%a:1;zz:-1,zh,2026,5,10|rent:🐾:%b:Custom
insight	inc~10~10~2026~1~28~_^xfer~%a~nan~2026~5~25~c1||-100,0,,en,2026,1,28|
insight	exp~2~100~2026~5~25~a1^exp~trans~nan~2026~1~28~c1^inc~trans~0~2026~5~25~c1^exp~rent~nan~2026~5~25~c1||_,20,trans:0,zh,2026,5,25|
insight	xfer~2~25.5~2026~5~10~a1^inc~%a~100~2026~5~10~c1^exp~%a~nan~2026~5~10~_||120,_,10:nan;rent:0,en,2026,5,10|
insight	exp~2~10~2025~11~31~c1^exp~food~33.33~2026~5~25~c1^exp~2~33.33~2025~11~31~_^inc~shop~0~2025~11~31~a1^exp~rent~33.33~2025~11~31~_||0,20,2:0;food:30;10:-1,en,2025,11,31|
insight	xfer~zz~-5~2026~5~25~c1^inc~rent~25.5~2026~5~25~a1^exp~shop~25.5~2026~5~25~c1^exp~rent~-5~2026~5~10~a1^xfer~zz~-5~2026~5~25~_^xfer~food~0~2026~1~28~a1||0,50,%a:nan;2:1,zh,2026,5,25|
credit	xfer~2~100~2025~11~31~_^exp~shop~0.5~2026~5~25~a1^exp~trans~33.33~2026~5~25~c1^exp~rent~1~2026~5~25~c1^exp~%a~10~2026~5~25~c1^exp~trans~1~2026~5~25~_^exp~shop~33.33~2026~5~25~_^exp~rent~25.5~2026~5~25~c1|c1~卡c1~_~credit~100~10~10^c2~卡c2~Card c2~credit~100~25~_|100,50,10:-1;zz:nan;food:30,zh,2026,5,25|
insight	exp~2~1~2026~5~10~_^exp~zz~25.5~2026~5~10~c1^inc~2~0.5~2026~5~10~c1^exp~rent~nan~2026~5~10~c1^xfer~trans~1~2026~5~10~_||nan,50,rent:10;10:0;food:nan,zh,2026,5,10|trans:🐾:%a:%d
insight	exp~food~100~2026~1~28~c1^exp~10~1~2025~11~31~c1^exp~trans~33.33~2026~1~28~_^exp~zz~nan~2026~1~28~a1^exp~rent~100~2026~1~28~a1||120,50,zz:1;%a:-1;shop:1;food:30,en,2026,1,28|rent:🐾:自定义:Custom
credit	xfer~rent~33.33~2026~5~10~a1^exp~shop~100~2026~5~10~a1^exp~10~100~2026~1~28~a1^inc~shop~nan~2026~5~10~a1|c1~卡c1~~credit~100~15~25|nan,1000,10:30,en,2026,5,10|
credit	xfer~2~25.5~2026~5~25~c1^inc~food~0.5~2026~1~28~_|c1~卡c1~Card c1~credit~0~15~20^c2~卡c2~~credit~0~25~10|120,20,trans:nan;10:10,zh,2026,1,28|
insight	inc~%a~-5~2026~5~10~c1^exp~%a~-5~2026~5~10~a1^exp~rent~nan~2026~0~1~a1^inc~trans~10~2026~5~11~_^exp~%a~-5~2026~5~10~_^exp~trans~0.5~2026~1~28~c1^exp~trans~nan~2026~5~10~c1^inc~%a~-5~2026~5~10~c1||_,0,rent:30;trans:nan;shop:-1,en,2026,5,10|
insight	exp~rent~25.5~2026~1~28~c1^exp~trans~0.5~2026~5~11~_||120,20,%a:nan,en,2025,11,31|
insight	exp~shop~10~2026~5~10~a1^exp~10~10~2026~5~10~c1^exp~zz~0.5~2026~5~10~a1^inc~rent~1~2026~1~28~a1^inc~rent~33.33~2026~5~10~_||-100,1000,2:10;food:1;rent:1;zz:30,zh,2026,5,10|
insight	exp~shop~nan~2025~11~31~a1^exp~2~25.5~2025~11~31~a1^inc~%a~25.5~2026~5~25~a1^exp~2~100~2025~11~31~_^exp~zz~1~2025~11~31~_||_,_,zz:100;rent:10;food:100,en,2025,11,31|
insight	exp~zz~10~2025~11~31~a1^exp~rent~1~2025~11~31~_||_,20,,en,2025,11,31|
insight	exp~trans~nan~2025~11~31~_||1000,50,10:1;trans:-1,en,2025,11,31|
insight	||1000,50,food:0,en,2026,5,11|
insight	xfer~%a~nan~2026~0~1~c1^exp~rent~10~2026~5~10~_^exp~rent~nan~2025~11~31~c1^exp~shop~1~2026~0~1~c1^exp~zz~100~2026~0~1~c1^exp~rent~nan~2025~11~31~c1||1000,1000,,zh,2026,0,1|
insight	||nan,nan,10:0;%a:0;rent:100;shop:10,zh,2026,1,28|food:🐾:%a:Custom
credit	exp~trans~10~2026~5~25~_^exp~shop~-5~2026~5~25~a1^exp~rent~-5~2026~5~11~_^exp~2~0~2026~5~25~c1^exp~food~-5~2026~5~25~_^exp~10~33.33~2026~5~25~c1^exp~2~0.5~2026~5~25~a1|c1~卡c1~_~credit~100~10~25^c2~卡c2~~credit~0~15~25|_,50,trans:-1;zz:10;rent:nan,en,2026,5,25|shop:🐾:%a:Custom
insight	exp~2~33.33~2025~11~31~c1^xfer~10~1~2026~0~1~_^inc~%a~nan~2026~0~1~c1^exp~2~25.5~2026~5~25~a1||-100,20,rent:-1;trans:10,en,2026,0,1|
insight	inc~zz~100~2026~5~25~c1^exp~food~25.5~2026~5~11~_^exp~2~100~2026~1~28~_||0,20,food:0,en,2026,1,28|trans:🐾:%b:%d
credit	inc~shop~0.5~2025~11~31~_^xfer~rent~-5~2025~11~31~_^inc~10~10~2026~0~1~c1^inc~rent~1~2026~5~11~a1^exp~%a~nan~2026~5~10~c1|c1~卡c1~Card c1~credit~0~10~25|-100,1000,shop:nan;food:30;2:0;rent:nan,zh,2025,11,31|
insight	xfer~2~0.5~2026~0~1~_^exp~rent~100~2026~5~10~a1^exp~trans~0.5~2026~0~1~a1^exp~rent~0.5~2026~5~10~c1^exp~10~nan~2026~5~25~a1^exp~10~0~2026~5~10~_^exp~shop~1~2026~1~28~a1||-100,50,%a:-1;food:10;10:10,zh,2026,5,10|
insight	xfer~trans~33.33~2025~11~31~_^xfer~zz~100~2026~0~1~a1||nan,_,%a:1,zh,2026,0,1|
insight	exp~%a~1~2025~11~31~a1^exp~10~25.5~2026~5~25~a1^exp~rent~10~2026~0~1~_^exp~food~33.33~2025~11~31~_^exp~rent~33.33~2025~11~31~a1||_,_,rent:nan;%a:1;food:-1,zh,2025,11,31|
insight	exp~10~nan~2026~0~1~a1||-100,1000,,zh,2026,0,1|10:🐾:自定义:%d
insight	exp~trans~0.5~2025~11~31~c1^xfer~shop~nan~2026~5~25~c1^exp~zz~nan~2026~5~25~_^xfer~shop~-5~2026~5~25~_^inc~shop~0~2026~5~25~_^xfer~zz~-5~2026~1~28~_^exp~shop~-5~2026~5~25~_||_,nan,10:-1,zh,2026,5,25|
credit	exp~rent~1~2025~11~31~c1^exp~trans~1~2026~5~11~a1^xfer~10~nan~2026~5~10~_^inc~10~0~2026~5~11~c1|c1~卡c1~Card c1~credit~0~15~_^c2~卡c2~~credit~0~25~25|100,nan,%a:30;shop:1;zz:1;2:1,zh,2026,5,11|
insight	xfer~rent~nan~2026~1~28~_||-100,1000,2:0;shop:-1;%a:nan,zh,2026,1,28|
credit	|c1~卡c1~Card c1~credit~0~15~_^c2~卡c2~~credit~100~15~25|-100,0,,en,2026,5,25|
insight	exp~%a~33.33~2026~1~28~a1^exp~shop~100~2026~1~28~c1^exp~zz~25.5~2026~1~28~a1||1000,20,rent:10;zz:1;trans:30;10:-1,zh,2026,1,28|food:🐾:%a:%a
insight	exp~zz~1~2026~0~1~a1^inc~10~1~2026~0~1~c1^xfer~rent~0~2026~0~1~c1^exp~food~10~2025~11~31~c1^inc~trans~0.5~2026~5~25~_||nan,20,food:nan,zh,2026,0,1|
insight	exp~2~0.5~2025~11~31~a1^inc~rent~33.33~2025~11~31~_^xfer~10~25.5~2025~11~31~_^xfer~%a~-5~2026~0~1~_^inc~shop~33.33~2025~11~31~_^exp~2~1~2026~0~1~a1^exp~%a~nan~2026~5~10~_||0,1000,food:1,en,2025,11,31|
credit	xfer~%a~100~2026~5~10~_^exp~10~nan~2026~1~28~_^exp~rent~0.5~2026~5~10~c1^inc~rent~33.33~2026~5~10~_^exp~zz~33.33~2026~5~10~a1|c1~卡c1~_~credit~0~10~_|1000,50,2:100;food:nan;10:30;zz:1,zh,2026,5,10|rent:🐾:自定义:%d
credit	xfer~shop~0~2026~5~25~a1^exp~zz~100~2026~0~1~a1^exp~2~1~2026~1~28~_^exp~2~33.33~2026~5~11~a1^exp~10~100~2026~0~1~c1|c1~卡c1~~credit~-100~25~10^c2~卡c2~Card c2~credit~100~10~25|0,0,2:nan;%a:-1,en,2026,0,1|
insight	exp~%a~0~2026~5~11~a1^exp~trans~1~2026~1~28~c1^exp~2~100~2026~1~28~_^exp~food~0.5~2026~1~28~_^exp~%a~100~2026~5~10~a1^exp~rent~0~2026~0~1~a1^exp~shop~10~2026~0~1~a1^exp~rent~0~2026~5~11~a1||nan,50,rent:100;%a:nan;trans:1;10:nan,zh,2026,1,28|
insight	exp~10~1~2026~0~1~c1^xfer~zz~10~2026~5~10~a1^exp~zz~1~2026~0~1~a1^inc~zz~nan~2025~11~31~a1^exp~2~-5~2026~0~1~c1^exp~trans~0.5~2026~0~1~_^inc~%a~1~2026~0~1~c1||100,50,10:nan;zz:10;shop:1;rent:10,zh,2026,0,1|trans:🐾:自定义:Custom
credit	inc~shop~33.33~2026~0~1~c1|c1~卡c1~~credit~100~15~20^c2~卡c2~~credit~0~10~25|1000,20,shop:1;2:100;10:10;%a:-1,zh,2026,0,1|
credit	exp~2~25.5~2026~5~25~_^exp~food~1~2026~0~1~a1^exp~2~0~2026~0~1~c1|c1~卡c1~Card c1~credit~100~25~20^c2~卡c2~_~credit~100~10~10|0,1000,food:30;rent:nan,zh,2026,0,1|
credit	xfer~%a~10~2026~1~28~a1^exp~10~0~2026~1~28~c1^exp~trans~1~2026~1~28~_^exp~shop~0~2026~5~25~c1^inc~rent~100~2026~1~28~_|c1~卡c1~_~credit~0~15~_^c2~卡c2~~credit~0~25~10|_,0,shop:10;food:nan;2:nan,zh,2026,1,28|
insight	exp~shop~0~2026~5~25~_^exp~2~-5~2025~11~31~c1^exp~shop~10~2026~5~25~_^exp~trans~33.33~2026~5~25~_^exp~shop~1~2026~5~25~_||-100,20,%a:-1;2:-1;trans:-1;zz:-1,zh,2026,5,25|
insight	exp~2~-5~2026~0~1~_^exp~10~10~2026~5~25~a1||120,_,shop:100;trans:10;%a:nan,en,2026,0,1|
credit	inc~trans~1~2026~5~11~_^inc~shop~10~2026~5~25~_^exp~10~100~2026~5~25~c1^exp~2~-5~2026~5~25~_^exp~2~1~2026~5~11~_^exp~trans~100~2026~0~1~_^exp~shop~0.5~2026~5~11~_^exp~zz~nan~2026~5~10~c1|c1~卡c1~~credit~100~10~20|0,1000,2:-1;trans:nan;%a:100;zz:30,en,2026,5,11|
insight	exp~2~0.5~2026~5~25~c1^exp~food~25.5~2026~5~25~c1^exp~rent~nan~2026~5~25~_||1000,1000,food:-1;2:0;rent:0;shop:0,zh,2026,5,25|
insight	exp~food~33.33~2026~5~10~c1^xfer~trans~0~2026~5~10~_^inc~%a~0.5~2026~5~10~a1^xfer~rent~0~2026~5~10~_^exp~10~0.5~2026~5~25~a1^xfer~trans~nan~2026~5~10~c1^exp~10~0.5~2026~5~10~a1^inc~zz~nan~2026~1~28~_||0,50,trans:0;%a:0,en,2026,5,10|%a:🐾:%b:Custom
insight	exp~10~-5~2026~5~25~c1^exp~food~25.5~2026~5~25~_^xfer~rent~33.33~2026~5~25~a1^exp~10~10~2025~11~31~c1^exp~2~1~2026~5~10~c1^xfer~%a~nan~2026~1~28~_||120,0,10:100;rent:30;%a:0;food:nan,en,2026,5,25|
insight	exp~food~1~2026~0~1~_^inc~10~0.5~2026~5~25~_^exp~food~0~2026~0~1~c1||1000,0,shop:100;trans:0;zz:0,zh,2026,0,1|
insight	inc~zz~0.5~2025~11~31~c1^exp~trans~1~2025~11~31~_^exp~zz~25.5~2026~5~10~c1^exp~food~1~2026~0~1~c1^xfer~trans~33.33~2025~11~31~c1^exp~zz~-5~2026~5~25~_^exp~zz~nan~2026~5~11~a1||100,nan,trans:10,zh,2025,11,31|2:🐾:%b:%a
credit	|c1~卡c1~~credit~-100~25~_^c2~卡c2~_~credit~-100~10~25|100,nan,2:10,zh,2026,5,25|rent:🐾:%b:Custom
insight	inc~%a~0.5~2026~1~28~a1^exp~zz~33.33~2026~5~10~_^exp~2~10~2026~1~28~a1^exp~2~33.33~2026~1~28~_^exp~shop~33.33~2026~1~28~a1^xfer~10~-5~2026~1~28~c1^exp~trans~10~2026~1~28~_||100,_,food:30;shop:-1;trans:10;%a:0,en,2026,1,28|
insight	||100,nan,food:-1;trans:100;zz:10;shop:100,en,2026,5,10|food:🐾:自定义:%a
insight	||120,_,rent:10,zh,2026,1,28|
insight	inc~food~-5~2026~5~11~c1^exp~10~33.33~2026~5~11~c1||100,20,food:100;shop:1;rent:-1;10:-1,en,2026,5,11|
insight	exp~food~0.5~2025~11~31~_||nan,20,shop:nan;trans:-1;10:1,en,2025,11,31|
insight	exp~10~0.5~2026~5~11~_^exp~shop~33.33~2026~5~25~c1^exp~2~-5~2026~5~25~c1^inc~rent~33.33~2026~5~11~_^exp~shop~-5~2026~5~25~a1^inc~10~100~2026~5~25~_^inc~rent~-5~2026~5~25~_||0,0,2:0;trans:30,en,2026,5,25|
credit	exp~zz~10~2026~5~10~c1|c1~卡c1~~credit~0~10~10^c2~卡c2~~credit~100~10~20|0,50,food:1;trans:1,en,2026,5,10|10:🐾:%a:Custom
insight	||1000,1000,,en,2026,5,11|
insight	exp~zz~25.5~2026~5~11~a1^inc~2~10~2026~5~11~_^xfer~food~nan~2026~5~11~_^exp~10~1~2026~5~11~c1^exp~food~10~2026~5~10~a1^exp~food~33.33~2026~5~11~_^exp~food~0~2026~5~11~_||1000,50,rent:nan,zh,2026,5,11|10:🐾:%a:Custom
credit	exp~shop~33.33~2026~5~10~_^exp~zz~nan~2026~5~10~a1^exp~10~-5~2026~5~10~a1^exp~trans~25.5~2026~5~10~a1^exp~10~0.5~2026~5~10~c1^exp~10~-5~2026~5~10~c1^exp~2~33.33~2026~5~10~a1|c1~卡c1~Card c1~credit~0~25~10|-100,1000,shop:nan;2:10;10:100,en,2026,5,10|
credit	exp~zz~0.5~2026~0~1~a1^exp~rent~25.5~2026~0~1~c1^exp~10~nan~2026~0~1~a1^exp~trans~10~2026~0~1~_^exp~zz~0.5~2026~5~11~_^exp~food~100~2026~0~1~_^exp~trans~-5~2026~0~1~c1^inc~food~-5~2026~0~1~c1|c1~卡c1~_~credit~-100~15~25^c2~卡c2~_~credit~-100~25~20|_,50,2:10;trans:100,zh,2026,0,1|
insight	exp~%a~-5~2026~5~11~c1^exp~trans~nan~2026~5~11~c1^exp~trans~25.5~2026~5~11~a1^xfer~trans~10~2026~5~10~_^exp~%a~0.5~2026~5~11~c1||1000,_,,en,2026,5,11|
insight	exp~zz~10~2026~1~28~c1^xfer~2~nan~2026~1~28~a1^exp~trans~100~2025~11~31~_||nan,1000,food:100;shop:100;%a:nan;trans:30,zh,2026,1,28|
insight	exp~10~nan~2026~0~1~_^exp~10~100~2026~0~1~c1^exp~2~0.5~2026~0~1~_^inc~trans~1~2026~0~1~_^exp~shop~33.33~2026~0~1~_||1000,_,shop:30,en,2026,0,1|
insight	||1000,20,shop:nan;food:1,en,2026,5,10|
credit	exp~2~0~2026~0~1~c1^xfer~10~10~2026~0~1~a1^inc~zz~nan~2026~0~1~a1^exp~zz~33.33~2026~1~28~c1^xfer~trans~100~2026~0~1~a1^xfer~trans~100~2026~0~1~c1^inc~trans~10~2026~0~1~a1^exp~10~100~2026~0~1~c1|c1~卡c1~~credit~0~25~10|0,_,rent:-1;10:nan;trans:100;shop:100,zh,2026,0,1|
insight	exp~%a~0.5~2026~1~28~c1^exp~rent~10~2026~1~28~a1^xfer~10~0.5~2025~11~31~a1^exp~%a~0~2026~5~11~_^xfer~shop~25.5~2026~5~25~c1^inc~trans~10~2026~5~25~a1||-100,nan,,en,2026,5,25|trans:🐾:%b:%d
insight	exp~%a~0~2026~5~10~a1^exp~10~0~2026~5~11~_^exp~rent~10~2026~5~11~c1^exp~2~0~2026~5~11~a1^exp~rent~10~2026~0~1~c1^exp~shop~100~2026~5~11~_^exp~food~100~2026~5~11~_||100,50,food:100;shop:30,zh,2026,5,11|trans:🐾:自定义:Custom
credit	xfer~%a~25.5~2025~11~31~a1^exp~shop~nan~2026~5~11~_|c1~卡c1~Card c1~credit~100~15~_|-100,_,10:-1;shop:100;2:30;rent:nan,en,2026,5,25|trans:🐾:%a:%d
insight	exp~10~0~2026~5~10~_^exp~zz~-5~2026~1~28~a1||100,1000,zz:0;2:10,zh,2026,5,10|
insight	||_,_,%a:100;trans:1,en,2026,5,11|
insight	xfer~2~25.5~2026~5~10~c1^exp~shop~25.5~2026~0~1~a1^exp~10~25.5~2026~5~25~c1^exp~trans~-5~2026~5~25~a1^inc~shop~100~2026~5~25~c1^inc~%a~nan~2026~5~25~_^exp~2~nan~2026~5~10~c1^exp~zz~1~2026~5~25~_||100,0,zz:100,en,2026,5,25|food:🐾:自定义:Custom
credit	exp~2~100~2026~0~1~c1^exp~2~33.33~2026~1~28~a1^inc~zz~10~2026~5~10~c1^xfer~2~0.5~2026~0~1~c1^inc~10~nan~2026~1~28~a1^xfer~%a~0~2026~1~28~_^inc~rent~0.5~2026~1~28~_|c1~卡c1~~credit~-100~25~10^c2~卡c2~_~credit~100~10~25|-100,nan,zz:1;2:30;trans:30,zh,2026,1,28|
insight	exp~2~0~2026~1~28~_||120,20,2:10;rent:-1;zz:1;trans:0,zh,2026,1,28|shop:🐾:自定义:%d
insight	exp~10~10~2026~5~11~a1^exp~%a~100~2026~1~28~c1^xfer~food~0~2026~1~28~c1^exp~zz~0~2026~1~28~_^xfer~rent~100~2026~5~11~c1^xfer~food~-5~2026~1~28~_^exp~10~nan~2026~1~28~c1||-100,nan,,zh,2026,1,28|2:🐾:%b:Custom
credit	exp~rent~100~2026~5~11~a1^xfer~10~0~2026~5~10~a1^exp~shop~0.5~2026~5~10~a1^exp~trans~25.5~2026~5~10~a1^exp~zz~-5~2026~5~10~_^exp~10~0.5~2026~5~10~a1^inc~shop~0~2026~5~10~c1^exp~zz~25.5~2026~5~10~c1|c1~卡c1~_~credit~100~10~25^c2~卡c2~~credit~-100~25~10|100,_,zz:0,en,2026,5,10|
credit	exp~trans~33.33~2026~5~10~_^exp~2~100~2026~5~11~_^inc~zz~10~2026~5~11~_|c1~卡c1~Card c1~credit~0~10~_|1000,20,shop:10;10:-1,en,2026,5,11|
credit	|c1~卡c1~~credit~0~25~25|-100,20,zz:30;10:nan;%a:1,zh,2026,5,11|
insight	exp~trans~-5~2026~1~28~c1||-100,0,10:1,en,2026,1,28|2:🐾:%a:%a
credit	exp~food~100~2026~1~28~_^xfer~food~100~2026~1~28~a1|c1~卡c1~~credit~0~10~10|1000,20,rent:nan;10:1;2:0,en,2026,1,28|rent:🐾:自定义:Custom
insight	exp~food~100~2026~0~1~a1^exp~trans~1~2025~11~31~_^exp~%a~nan~2026~5~25~a1^inc~2~-5~2026~5~11~a1^xfer~10~0~2026~5~25~c1^exp~%a~-5~2025~11~31~_^exp~%a~0.5~2026~5~10~c1^inc~10~-5~2026~5~25~c1||100,50,shop:10;zz:nan,zh,2026,5,25|10:🐾:自定义:Custom
insight	exp~10~33.33~2026~5~10~_^exp~rent~33.33~2026~1~28~_||1000,0,trans:100;2:100;10:0;food:nan,zh,2026,5,10|trans:🐾:%a:%d
insight	inc~zz~0.5~2026~5~11~a1^exp~food~1~2026~5~11~a1||1000,0,rent:nan;%a:0,en,2026,5,11|
insight	exp~10~33.33~2026~5~10~c1^inc~rent~33.33~2026~5~10~_^exp~trans~0.5~2026~5~10~a1^xfer~10~0~2026~5~10~c1^exp~trans~25.5~2026~5~10~c1^exp~trans~33.33~2026~5~10~_^exp~2~25.5~2026~5~10~c1||1000,nan,,en,2026,5,10|
credit	|c1~卡c1~~credit~100~15~10^c2~卡c2~Card c2~credit~0~10~20|-100,20,%a:100,zh,2026,5,10|
insight	exp~trans~1~2025~11~31~c1^exp~trans~-5~2026~5~10~a1^exp~trans~25.5~2026~5~10~_^exp~rent~100~2026~5~10~a1||_,50,food:-1,en,2026,5,10|
insight	xfer~trans~nan~2026~1~28~_^exp~zz~0.5~2026~5~11~_^exp~food~0~2026~5~11~_||120,20,,zh,2026,5,11|
insight	exp~%a~nan~2026~5~10~_^exp~10~1~2026~5~11~c1^inc~10~33.33~2025~11~31~a1^exp~shop~10~2026~5~25~c1^exp~%a~10~2026~5~25~c1^exp~trans~25.5~2025~11~31~c1||_,0,,zh,2025,11,31|
credit	exp~food~0.5~2026~5~10~_^xfer~10~-5~2026~5~25~_^exp~%a~0~2026~5~10~a1^inc~zz~0~2026~5~11~_^exp~shop~1~2026~5~10~_^exp~2~10~2026~5~10~a1^exp~10~0.5~2026~5~10~c1|c1~卡c1~~credit~-100~10~20|120,1000,rent:100;2:nan,zh,2026,5,10|
insight	exp~2~nan~2026~0~1~_^inc~food~33.33~2026~0~1~a1^xfer~zz~0.5~2026~0~1~_^inc~trans~0~2026~0~1~c1^xfer~%a~10~2026~0~1~_^exp~rent~-5~2026~5~25~c1^exp~food~nan~2025~11~31~c1||120,nan,shop:nan;zz:0;food:30;2:-1,en,2026,0,1|
insight	exp~2~25.5~2025~11~31~c1^inc~food~1~2026~5~11~_^exp~food~1~2026~5~11~_^exp~zz~nan~2026~5~11~_^exp~food~33.33~2026~5~11~c1^exp~2~nan~2026~1~28~c1^exp~zz~100~2026~5~25~a1^xfer~trans~0~2026~5~11~a1||nan,0,,zh,2026,5,11|
insight	exp~food~33.33~2026~1~28~_^xfer~%a~1~2025~11~31~a1^exp~food~0~2026~5~10~c1^xfer~10~1~2026~5~10~a1^exp~2~33.33~2026~5~10~a1||0,0,,en,2026,5,10|shop:🐾:自定义:Custom
insight	inc~rent~25.5~2026~1~28~a1||-100,_,zz:10;10:100,zh,2026,1,28|
insight	exp~food~10~2026~5~11~_^exp~shop~100~2026~5~11~c1^xfer~rent~nan~2026~5~11~a1^inc~zz~0~2026~5~11~_^inc~rent~-5~2026~0~1~c1||100,nan,shop:10;zz:30;2:30,en,2026,5,11|trans:🐾:%b:%a
credit	exp~2~-5~2025~11~31~a1^exp~10~33.33~2025~11~31~c1|c1~卡c1~~credit~0~15~20^c2~卡c2~Card c2~credit~0~10~25|-100,1000,trans:10;10:30,en,2025,11,31|
credit	exp~zz~0~2026~5~11~_|c1~卡c1~~credit~-100~10~20|120,1000,,zh,2026,5,11|zz:🐾:自定义:%a
insight	||0,0,zz:-1;food:10;shop:0,zh,2026,1,28|zz:🐾:%a:%d
insight	exp~rent~100~2026~0~1~_^exp~10~0.5~2026~5~11~c1^exp~trans~33.33~2026~0~1~a1^exp~shop~33.33~2026~5~10~a1^exp~food~0~2026~0~1~c1^exp~zz~25.5~2026~0~1~_||nan,50,,zh,2026,0,1|
insight	exp~food~25.5~2026~5~10~a1^exp~10~33.33~2026~5~10~c1||1000,_,food:30;rent:-1;shop:10,en,2026,5,10|rent:🐾:%b:%d
insight	inc~zz~25.5~2025~11~31~a1^exp~food~33.33~2025~11~31~_^exp~2~100~2025~11~31~_^inc~zz~nan~2026~5~11~c1^exp~shop~33.33~2026~5~11~_^xfer~shop~0.5~2025~11~31~a1||100,1000,10:0;zz:-1,en,2025,11,31|
credit	xfer~rent~0~2026~0~1~_^inc~zz~1~2026~5~25~_^exp~2~33.33~2026~5~10~c1^exp~rent~33.33~2026~0~1~a1|c1~卡c1~~credit~0~15~_^c2~卡c2~~credit~0~15~20|nan,0,zz:1;food:nan,en,2026,0,1|
credit	exp~10~1~2026~5~25~_^exp~%a~10~2025~11~31~a1|c1~卡c1~~credit~0~15~10|-100,1000,,en,2026,0,1|
insight	xfer~rent~25.5~2026~5~10~c1^exp~shop~0.5~2026~5~10~a1^exp~shop~25.5~2026~5~10~a1^exp~rent~nan~2026~5~10~_^exp~shop~0.5~2026~5~10~c1^exp~%a~nan~2026~0~1~c1||nan,20,,en,2026,5,10|
insight	inc~zz~25.5~2026~1~28~_^exp~trans~0~2026~5~11~c1^exp~10~1~2026~0~1~a1^exp~2~-5~2026~1~28~c1||nan,20,,en,2026,1,28|
insight	exp~2~33.33~2026~5~10~_^exp~rent~-5~2026~5~10~_^exp~rent~0~2026~5~10~a1^exp~10~10~2026~5~25~a1^exp~10~nan~2026~0~1~a1||-100,20,,en,2026,5,10|
insight	inc~10~nan~2025~11~31~c1^inc~10~0~2025~11~31~_^exp~food~25.5~2026~5~10~c1^inc~food~-5~2026~5~10~_||100,1000,%a:-1,en,2025,11,31|
insight	exp~shop~10~2025~11~31~c1^exp~food~-5~2026~0~1~c1^exp~food~25.5~2026~5~25~c1^inc~10~33.33~2026~5~25~c1^exp~2~0~2025~11~31~c1||_,20,food:30;2:30,en,2026,5,25|
insight	||0,50,%a:0;10:-1,en,2026,5,25|
insight	||1000,1000,,zh,2026,5,10|
insight	inc~trans~-5~2026~0~1~c1^exp~shop~10~2026~5~11~a1^exp~shop~1~2026~5~11~a1||_,20,shop:0,en,2026,5,11|
insight	exp~food~-5~2026~0~1~c1^exp~trans~25.5~2025~11~31~a1^exp~shop~10~2026~5~10~c1^exp~%a~10~2025~11~31~c1^exp~food~33.33~2025~11~31~a1^xfer~trans~10~2025~11~31~c1||120,_,shop:1,en,2025,11,31|2:🐾:%a:Custom
credit	inc~2~1~2026~0~1~a1^inc~food~25.5~2026~5~25~a1^exp~%a~1~2026~0~1~a1^inc~zz~100~2026~0~1~a1^exp~10~100~2026~0~1~a1^inc~rent~0~2026~0~1~_|c1~卡c1~~credit~100~10~_^c2~卡c2~Card c2~credit~0~15~_|_,_,rent:1;food:100,en,2026,0,1|
insight	||nan,0,,en,2026,1,28|
insight	xfer~rent~1~2026~5~25~c1^exp~2~nan~2026~1~28~_^exp~10~100~2026~5~25~c1||-100,nan,zz:-1;trans:1,en,2026,5,25|
insight	exp~rent~100~2026~5~11~c1^inc~shop~10~2026~0~1~a1^exp~%a~-5~2026~1~28~a1^exp~rent~nan~2026~0~1~a1||1000,20,food:nan;zz:1,zh,2026,0,1|
insight	exp~zz~100~2025~11~31~c1^exp~2~0~2026~1~28~a1^exp~2~0~2026~1~28~c1||120,50,zz:30;%a:nan,zh,2026,1,28|
credit	exp~%a~33.33~2026~5~11~_^exp~food~-5~2026~5~10~a1^xfer~trans~33.33~2026~5~11~c1^exp~rent~1~2026~5~10~a1^xfer~%a~100~2025~11~31~a1^exp~rent~nan~2026~5~10~_^exp~%a~-5~2026~5~10~a1^exp~rent~100~2026~5~10~_|c1~卡c1~~credit~-100~25~20^c2~卡c2~~credit~100~15~_|_,1000,2:10;trans:10;10:1,en,2026,5,10|
credit	exp~food~25.5~2025~11~31~c1^inc~food~nan~2026~5~10~a1^exp~10~nan~2026~5~10~_^exp~rent~100~2026~5~25~a1^exp~food~25.5~2026~5~10~_|c1~卡c1~~credit~-100~10~_|1000,0,shop:100;10:0;food:30,zh,2026,5,10|
insight	xfer~zz~-5~2026~1~28~a1^exp~10~10~2025~11~31~a1||0,nan,,en,2025,11,31|
credit	|c1~卡c1~~credit~0~10~20^c2~卡c2~Card c2~credit~100~15~_|nan,0,trans:-1;food:100,zh,2026,5,25|
insight	xfer~trans~0~2026~0~1~a1^xfer~%a~10~2026~1~28~_^inc~food~0.5~2026~5~11~c1||_,_,rent:10,zh,2026,5,11|%a:🐾:自定义:%d
credit	xfer~2~0~2026~5~25~_^exp~zz~25.5~2026~1~28~c1^exp~rent~-5~2026~5~25~c1|c1~卡c1~~credit~0~25~10^c2~卡c2~~credit~0~25~10|100,nan,rent:nan;zz:30;food:0;%a:30,zh,2026,5,25|
insight	exp~2~10~2026~1~28~a1^exp~trans~nan~2026~0~1~_^exp~10~1~2026~1~28~a1^exp~rent~0~2026~5~11~c1||100,_,,en,2026,5,11|
credit	inc~10~0~2026~5~11~a1^exp~food~10~2026~5~11~a1^exp~zz~0.5~2026~5~11~a1^xfer~rent~-5~2026~5~11~c1^exp~shop~0.5~2026~5~11~c1^exp~%a~33.33~2026~1~28~_|c1~卡c1~Card c1~credit~0~10~25^c2~卡c2~Card c2~credit~0~25~20|120,_,zz:10;rent:nan;trans:nan;%a:-1,en,2026,5,11|
insight	xfer~2~10~2026~5~10~a1^inc~shop~nan~2026~1~28~a1^exp~%a~0~2026~5~10~_^exp~10~nan~2025~11~31~c1^exp~%a~100~2026~5~25~_^inc~trans~-5~2026~5~10~_^exp~trans~10~2026~0~1~a1||0,nan,shop:nan;zz:1,en,2026,5,10|
credit	exp~trans~0~2026~5~10~c1^xfer~2~1~2026~5~25~c1^exp~rent~1~2026~5~10~a1^exp~2~0.5~2026~5~10~_^exp~rent~33.33~2026~5~25~c1^xfer~10~25.5~2026~5~10~c1^exp~2~33.33~2026~5~10~_|c1~卡c1~_~credit~0~25~_^c2~卡c2~~credit~100~25~25|100,20,food:30,zh,2026,5,10|
insight	exp~food~10~2026~0~1~a1^exp~trans~100~2025~11~31~_^exp~food~0~2026~5~11~_^exp~shop~0~2026~5~11~_^exp~%a~33.33~2026~5~11~c1||nan,50,2:0;10:1,en,2026,5,11|
insight	exp~%a~25.5~2026~5~25~_^xfer~rent~25.5~2026~5~25~a1||_,50,rent:nan;zz:10,en,2026,5,25|rent:🐾:%b:%a
insight	inc~zz~100~2026~1~28~a1^exp~trans~100~2026~1~28~_||nan,50,trans:nan;zz:30;2:1,en,2026,1,28|
insight	xfer~shop~-5~2026~5~10~_^exp~zz~nan~2026~5~10~c1^xfer~2~1~2025~11~31~a1^exp~2~100~2026~1~28~a1^xfer~food~0~2026~5~10~c1||_,_,2:1;shop:-1;trans:nan,en,2026,5,10|
insight	exp~shop~1~2026~5~10~_^exp~food~100~2026~0~1~a1^inc~2~25.5~2026~5~25~_^exp~%a~100~2026~5~10~_||1000,0,10:30;zz:-1;rent:100,zh,2026,5,10|%a:🐾:%b:Custom
insight	exp~shop~33.33~2026~0~1~_^inc~zz~33.33~2026~0~1~a1^exp~zz~0.5~2026~0~1~_^exp~2~0.5~2025~11~31~c1^exp~2~10~2026~5~11~a1^exp~trans~33.33~2026~0~1~c1||nan,nan,2:30,zh,2026,0,1|
credit	xfer~%a~nan~2026~5~25~_^inc~10~-5~2026~5~10~_^xfer~rent~nan~2026~5~25~a1|c1~卡c1~_~credit~100~25~10^c2~卡c2~~credit~-100~25~25|0,_,shop:nan;food:10;2:1;trans:30,zh,2026,5,25|zz:🐾:%a:%a
insight	exp~zz~nan~2026~1~28~_||100,20,,zh,2026,1,28|
insight	exp~10~33.33~2025~11~31~a1^exp~2~10~2025~11~31~_^inc~10~1~2026~1~28~a1^inc~trans~-5~2025~11~31~_^exp~zz~1~2025~11~31~_^exp~shop~25.5~2025~11~31~a1||_,_,shop:0,zh,2025,11,31|
insight	exp~2~0.5~2026~0~1~_^exp~2~100~2026~0~1~a1^inc~%a~-5~2026~1~28~c1||0,1000,,en,2026,0,1|
insight	||-100,1000,10:10;zz:100;rent:30;%a:10,en,2026,5,11|
credit	exp~rent~1~2026~1~28~a1^exp~zz~0~2026~1~28~_^exp~rent~10~2026~1~28~_^exp~trans~33.33~2026~1~28~a1^exp~2~100~2026~1~28~a1^exp~10~0~2026~0~1~c1^inc~rent~0.5~2025~11~31~c1^inc~2~0~2025~11~31~_|c1~卡c1~~credit~0~15~20^c2~卡c2~~credit~-100~10~_|_,20,10:nan,en,2026,1,28|
insight	inc~trans~nan~2026~0~1~_^exp~trans~25.5~2026~0~1~_^exp~10~100~2026~0~1~c1^xfer~rent~-5~2026~1~28~a1||120,20,2:100;shop:-1;food:0,en,2026,0,1|
insight	exp~food~nan~2026~5~10~_^inc~zz~33.33~2026~1~28~a1^exp~%a~0~2026~1~28~c1||100,0,shop:10;rent:-1;trans:-1,zh,2026,1,28|
credit	|c1~卡c1~_~credit~100~25~25^c2~卡c2~~credit~-100~25~10|120,20,trans:nan,zh,2026,0,1|rent:🐾:自定义:%a
insight	exp~rent~33.33~2025~11~31~_^exp~%a~0.5~2026~1~28~a1^exp~%a~0.5~2026~5~11~c1^exp~rent~100~2026~1~28~_^exp~2~-5~2026~1~28~_^inc~rent~10~2026~1~28~c1||0,_,rent:100;trans:100,zh,2026,1,28|trans:🐾:%b:%a
credit	xfer~rent~nan~2026~5~25~a1|c1~卡c1~~credit~0~25~20^c2~卡c2~~credit~-100~25~10|-100,0,trans:10,en,2026,5,25|
insight	exp~10~1~2026~5~25~a1^inc~10~nan~2026~0~1~c1^exp~shop~25.5~2026~5~11~c1^exp~10~nan~2026~0~1~a1^exp~2~25.5~2026~5~25~_^exp~food~33.33~2025~11~31~_||120,20,10:0;trans:1,zh,2026,5,11|
insight	exp~10~10~2026~0~1~a1^exp~rent~25.5~2026~0~1~_^xfer~shop~33.33~2026~0~1~a1^exp~food~nan~2026~0~1~a1||1000,50,10:nan,en,2026,0,1|%a:🐾:自定义:Custom
insight	exp~2~nan~2026~1~28~_^xfer~zz~-5~2026~1~28~c1^exp~trans~100~2026~1~28~c1||_,nan,10:-1,zh,2026,1,28|
insight	exp~trans~25.5~2026~5~25~c1^exp~2~33.33~2026~0~1~_^exp~rent~nan~2026~5~25~_^exp~%a~0.5~2026~0~1~a1^exp~2~100~2026~0~1~c1||-100,1000,trans:nan;shop:nan;zz:10,zh,2026,0,1|
insight	exp~10~25.5~2026~5~11~_^exp~2~0.5~2026~5~11~c1^exp~shop~10~2026~5~11~c1^xfer~10~33.33~2026~5~11~a1^exp~rent~10~2026~5~11~_^exp~%a~33.33~2026~5~11~c1^exp~rent~-5~2026~5~11~c1^inc~zz~nan~2026~5~25~a1||-100,_,2:1;zz:0;rent:0;trans:nan,zh,2026,5,11|2:🐾:自定义:%a
insight	xfer~zz~-5~2026~5~11~a1^exp~2~0.5~2026~5~11~_^inc~trans~nan~2026~5~25~a1^xfer~2~nan~2026~5~11~a1^exp~trans~nan~2026~5~11~_^inc~%a~1~2026~5~10~_^inc~2~0~2026~5~10~a1||100,20,,en,2026,5,11|2:🐾:自定义:%d
insight	exp~zz~10~2026~5~11~a1^exp~10~25.5~2026~5~11~a1||nan,0,,zh,2026,5,11|10:🐾:%a:Custom
insight	xfer~food~nan~2026~5~25~a1^xfer~2~nan~2026~5~25~_^inc~10~33.33~2026~5~25~c1^exp~%a~10~2026~5~25~_^inc~food~nan~2025~11~31~_^exp~shop~1~2026~5~25~c1^inc~10~33.33~2026~5~25~a1||120,20,%a:0;10:30;2:100,en,2026,5,25|
insight	xfer~zz~0.5~2026~5~25~_^inc~zz~100~2026~1~28~a1^exp~shop~-5~2026~1~28~c1^exp~rent~33.33~2026~1~28~_^exp~zz~0~2026~0~1~c1^inc~rent~100~2026~1~28~_^exp~10~1~2025~11~31~c1^exp~shop~100~2026~0~1~a1||nan,1000,food:0;%a:1;rent:-1;2:30,en,2026,1,28|
insight	exp~2~1~2026~0~1~a1^exp~10~100~2026~5~25~_^exp~2~0.5~2026~0~1~_||nan,50,food:100;rent:nan;zz:10;2:100,zh,2026,0,1|trans:🐾:自定义:%a
insight	exp~trans~-5~2026~0~1~a1^exp~food~1~2026~0~1~c1^exp~%a~nan~2026~0~1~_^exp~zz~33.33~2026~0~1~_^exp~%a~25.5~2026~0~1~a1^exp~shop~nan~2025~11~31~_^exp~shop~0~2026~0~1~a1||nan,nan,food:0;zz:1;shop:-1,zh,2026,0,1|
credit	exp~food~-5~2025~11~31~a1|c1~卡c1~_~credit~0~15~20|-100,0,,zh,2025,11,31|
credit	exp~zz~-5~2025~11~31~a1^inc~zz~25.5~2025~11~31~c1^exp~zz~0~2025~11~31~a1^exp~2~0.5~2025~11~31~a1^inc~rent~nan~2025~11~31~a1|c1~卡c1~_~credit~0~25~_|120,0,shop:0;zz:1,zh,2025,11,31|%a:🐾:自定义:%a
insight	inc~10~0~2026~5~25~a1^exp~food~100~2026~5~25~_||1000,1000,2:10;shop:10;zz:nan,zh,2026,5,25|
credit	inc~%a~1~2025~11~31~_|c1~卡c1~~credit~-100~15~25|100,50,food:nan;trans:0,zh,2025,11,31|rent:🐾:%b:%a
credit	exp~rent~0~2026~5~11~c1^xfer~10~0~2026~5~10~c1^exp~trans~0~2026~5~11~c1^exp~10~1~2026~5~25~_|c1~卡c1~Card c1~credit~-100~25~_^c2~卡c2~~credit~100~25~20|1000,nan,,zh,2026,5,11|
credit	exp~food~1~2026~0~1~_^exp~food~1~2026~0~1~a1^exp~trans~25.5~2026~5~25~a1^inc~2~0.5~2026~5~25~_^exp~trans~0.5~2026~5~25~_|c1~卡c1~_~credit~100~15~_^c2~卡c2~_~credit~0~10~_|_,nan,10:10;%a:nan,en,2026,5,25|
insight	exp~shop~33.33~2026~1~28~_^inc~trans~25.5~2026~1~28~a1^inc~zz~nan~2026~1~28~a1^exp~food~nan~2026~1~28~_^exp~shop~25.5~2025~11~31~c1^inc~10~10~2025~11~31~_||_,1000,zz:100;food:10;2:nan;trans:100,en,2026,1,28|
credit	exp~shop~25.5~2026~0~1~a1^xfer~rent~0.5~2026~5~25~a1^exp~10~25.5~2026~0~1~a1^exp~%a~100~2026~5~10~a1^exp~10~0.5~2026~0~1~_|c1~卡c1~Card c1~credit~100~10~20|1000,1000,,en,2026,0,1|
insight	exp~zz~33.33~2026~5~11~a1^exp~food~25.5~2026~5~11~c1||nan,20,food:100;2:1,zh,2026,5,11|
insight	exp~food~33.33~2026~5~25~a1||-100,1000,,en,2026,5,25|%a:🐾:%a:%a
insight	inc~shop~0~2025~11~31~_^xfer~food~10~2026~5~25~a1||0,1000,,zh,2025,11,31|
credit	exp~zz~100~2026~5~11~c1^xfer~food~0.5~2026~5~11~c1|c1~卡c1~_~credit~100~25~10|1000,nan,rent:10;trans:0,en,2026,5,11|
credit	exp~rent~nan~2026~0~1~_^xfer~10~nan~2026~5~10~c1|c1~卡c1~_~credit~0~10~20^c2~卡c2~Card c2~credit~-100~25~20|1000,_,zz:0;rent:100;10:-1,en,2026,0,1|
insight	exp~10~100~2026~5~25~a1^xfer~2~0~2026~5~25~a1^exp~%a~33.33~2026~5~25~c1^inc~shop~0~2026~5~25~c1^xfer~shop~10~2026~5~25~_^exp~zz~1~2026~5~25~c1^exp~shop~nan~2026~5~25~_||120,_,10:1;2:-1,en,2026,5,25|trans:🐾:%b:Custom
insight	exp~shop~0.5~2025~11~31~_^exp~zz~1~2026~1~28~_^exp~%a~0.5~2026~1~28~a1^exp~rent~10~2026~0~1~c1^xfer~2~0~2025~11~31~c1||100,20,trans:10;%a:10,zh,2026,1,28|
insight	exp~2~100~2026~0~1~a1^exp~trans~33.33~2026~0~1~a1^xfer~food~0.5~2026~0~1~c1^xfer~10~100~2026~5~25~a1^exp~food~100~2026~0~1~c1^xfer~trans~-5~2026~5~25~_^exp~rent~10~2026~0~1~_^exp~zz~nan~2026~0~1~c1||1000,1000,trans:0;%a:10;2:1,zh,2026,0,1|
insight	||100,50,trans:30;rent:30,en,2026,1,28|2:🐾:%b:Custom
insight	exp~trans~nan~2026~5~10~c1^xfer~shop~-5~2026~5~10~c1^exp~%a~10~2026~5~10~_^xfer~2~100~2026~5~11~a1^inc~%a~33.33~2026~5~10~c1||120,0,shop:nan,en,2026,5,10|
insight	exp~food~33.33~2026~1~28~c1^exp~rent~0~2025~11~31~c1^xfer~zz~33.33~2026~1~28~a1^exp~2~10~2025~11~31~_^exp~rent~100~2026~5~25~a1^inc~rent~25.5~2026~1~28~_||100,0,10:-1;food:30;2:30,zh,2025,11,31|
insight	inc~10~1~2026~0~1~c1||100,20,,zh,2026,0,1|
credit	exp~food~0.5~2026~1~28~_^exp~shop~10~2025~11~31~c1^exp~2~33.33~2026~5~10~c1^exp~rent~nan~2025~11~31~_^exp~trans~nan~2026~5~10~c1^exp~%a~33.33~2026~1~28~a1^exp~trans~25.5~2025~11~31~_|c1~卡c1~Card c1~credit~0~25~20|100,1000,,en,2025,11,31|
insight	exp~%a~1~2025~11~31~a1||0,nan,10:nan;food:-1,zh,2025,11,31|
credit	exp~rent~25.5~2026~5~25~a1^xfer~2~nan~2026~5~25~a1|c1~卡c1~_~credit~0~25~25|100,_,2:0;shop:nan,en,2026,5,25|10:🐾:%a:Custom
insight	inc~%a~33.33~2026~5~11~a1||120,0,10:-1;zz:10,zh,2026,5,11|
insight	||100,nan,zz:-1;trans:-1;rent:30;shop:1,en,2026,1,28|
insight	inc~trans~-5~2025~11~31~_^exp~%a~1~2025~11~31~_^exp~food~33.33~2025~11~31~_||_,1000,2:100;trans:0;shop:0,zh,2025,11,31|
insight	exp~food~100~2025~11~31~a1^exp~rent~25.5~2026~5~11~c1^exp~2~nan~2026~5~10~c1^exp~zz~-5~2026~5~10~a1||-100,1000,rent:10;2:100,zh,2026,5,10|
credit	|c1~卡c1~~credit~100~15~20^c2~卡c2~~credit~0~15~_|0,_,,en,2026,1,28|food:🐾:自定义:%a
insight	exp~trans~100~2026~1~28~a1^exp~trans~-5~2026~5~25~_^xfer~food~0~2026~1~28~_^inc~10~1~2026~1~28~a1^exp~rent~25.5~2026~1~28~a1^exp~rent~25.5~2026~1~28~_||120,nan,trans:1;%a:-1;shop:100,zh,2026,1,28|
insight	exp~shop~0.5~2026~5~25~_||0,20,10:10;zz:100;%a:30,en,2026,5,25|
insight	exp~%a~33.33~2026~5~11~c1^inc~%a~100~2026~5~11~a1^exp~10~-5~2026~5~11~a1^exp~rent~10~2025~11~31~a1^exp~food~0~2026~5~11~a1^exp~zz~1~2026~5~11~c1^exp~%a~100~2026~1~28~_^xfer~shop~nan~2025~11~31~a1||1000,50,2:30;trans:30;shop:10;10:1,en,2026,5,11|
credit	xfer~food~1~2026~5~10~_^xfer~rent~0.5~2026~5~10~c1^inc~10~-5~2025~11~31~_^xfer~trans~100~2026~5~10~c1|c1~卡c1~~credit~0~25~25|120,0,rent:100;trans:30,zh,2026,5,10|
insight	exp~food~0.5~2025~11~31~_^exp~rent~25.5~2025~11~31~_^exp~2~1~2025~11~31~c1^xfer~food~1~2025~11~31~_^xfer~trans~nan~2025~11~31~a1^exp~rent~1~2025~11~31~_||0,nan,trans:1;%a:0;food:30,zh,2025,11,31|rent:🐾:%b:%a
insight	inc~zz~33.33~2025~11~31~a1^xfer~food~1~2026~5~25~a1^exp~%a~10~2026~0~1~_^xfer~2~25.5~2026~1~28~a1^exp~trans~33.33~2026~0~1~c1^exp~zz~-5~2026~5~11~c1^exp~10~25.5~2026~0~1~_||nan,20,,zh,2026,0,1|
credit	exp~%a~nan~2026~1~28~_^xfer~2~1~2026~1~28~c1^exp~shop~33.33~2026~5~10~c1|c1~卡c1~~credit~0~25~_^c2~卡c2~Card c2~credit~0~15~10|120,1000,food:1;zz:1;%a:30,en,2026,1,28|
insight	exp~zz~33.33~2026~1~28~c1||120,20,%a:30;10:10;food:0,zh,2026,1,28|
insight	xfer~10~10~2026~5~25~a1^exp~shop~10~2026~5~25~a1^exp~10~0~2026~5~25~c1^exp~trans~33.33~2026~5~25~_^xfer~shop~33.33~2026~5~25~_^exp~shop~nan~2026~5~25~a1^exp~rent~25.5~2026~5~25~a1||-100,1000,,en,2026,5,25|
insight	||0,50,,zh,2026,1,28|
insight	inc~%a~25.5~2026~5~25~_^exp~zz~0.5~2026~5~25~a1^exp~10~0.5~2026~5~25~c1||0,nan,zz:0;%a:100;food:nan,en,2026,5,25|
insight	xfer~zz~1~2026~0~1~_^exp~rent~10~2026~0~1~_^exp~10~33.33~2026~5~25~c1^exp~shop~10~2026~5~10~a1||_,1000,%a:100;2:1;trans:1,zh,2026,0,1|
insight	||0,nan,trans:10,zh,2026,5,25|
insight	exp~2~0~2026~0~1~_^exp~2~0.5~2026~5~10~_^exp~trans~10~2026~0~1~a1^exp~rent~0.5~2026~1~28~_^xfer~10~0.5~2026~0~1~c1||100,1000,,en,2026,0,1|10:🐾:%b:Custom
insight	exp~food~10~2026~5~10~_^exp~food~10~2026~5~10~_||100,0,,zh,2026,5,10|
insight	exp~food~40~2026~5~10~_^exp~food~40~2026~5~10~_^exp~food~40~2026~5~10~_||100,0,,zh,2026,5,10|
insight	exp~food~30~2026~5~10~_^exp~food~30~2026~5~10~_^exp~food~25.5~2026~5~10~_||100,0,,en,2026,5,10|
insight	exp~food~50~2026~5~10~_^exp~%a~50~2026~5~10~_^exp~food~1~2026~5~10~_||0,0,%a:10,zh,2026,5,10|
insight	exp~10~50~2026~5~10~_^exp~2~50~2026~5~10~_^exp~food~50~2026~5~10~_||0,0,food:10;10:10;2:10,en,2026,5,10|
credit	exp~c1~100~2026~5~5~c1|c1~卡一~Card One~credit~0~10~25|0,0,,en,2026,5,10|
credit	exp~c1~100~2026~5~5~c1|c1~卡一~~credit~0~10~25|0,0,,en,2026,5,10|
credit	exp~c1~100~2026~5~5~c1|c1~卡一~Card One~credit~0~10~25|0,0,,zh,2026,5,25|
credit	exp~c1~100~2026~5~5~c1|c1~卡一~Card One~credit~0~10~25|0,0,,zh,2026,5,28|
credit	exp~c1~100~2026~5~5~c1|c1~卡一~~credit~0~10~25|0,0,,en,2026,5,10|
credit	exp~c1~100~2026~5~5~c1^exp~c2~50~2026~5~5~c2|c1~卡一~One~credit~0~10~25^c2~卡二~Two~credit~0~10~25|0,0,,en,2026,5,20|
credit	exp~c1~100~2026~5~5~c1^exp~c2~50~2026~5~5~c2|c1~卡一~One~credit~0~10~25^c2~卡二~Two~credit~0~10~20|0,0,,en,2026,5,15|
insight	exp~food~50~2026~5~10~_^exp~food~30~2026~5~10~_^exp~food~20~2026~5~10~_||100,0,,en,2026,5,10|
insight	exp~food~40~2026~5~10~_^exp~food~30~2026~5~10~_^exp~food~10~2026~5~10~_||100,0,,en,2026,5,10|
insight	exp~food~40~2026~5~10~_^exp~food~30~2026~5~10~_^exp~food~9.99~2026~5~10~_||100,0,,en,2026,5,10|
insight	exp~zz~50~2026~5~10~_^exp~zz~1~2026~5~10~_^exp~food~1~2026~5~10~_||0,0,zz:10,zh,2026,5,10|zz:🐾:%a:%a
