group	[{"id":"e0","ts":1791028800000,"cat":"food","amt":0,"day":"2026-10-3"},{"id":"e1","ts":1790856000000,"cat":"food","amt":0.2,"day":"2026-10-1","io":"exp"},{"id":"e2","ts":1791198000000,"cat":"food","amt":0.2,"day":"2026-10-5","io":"inc"},{"id":"e3","ts":1791115200000,"cat":"food","amt":-3.25,"day":"2026-10-4","io":"xfer"},{"id":"e4","ts":1790938800000,"cat":"food","amt":10.5,"day":"2026-10-2","io":"xfer"},{"id":"e5","ts":1791201600000,"cat":"food","amt":10.5,"day":"2026-10-5","io":"exp"},{"id":"e6","ts":1791460800000,"cat":"food","amt":12345.678,"day":"2026-10-8","io":"exp"}]|1791028800000,2026-10-3
flat	[{"id":"e0","ts":1791028800000,"cat":"food","amt":0,"day":"2026-10-3"},{"id":"e1","ts":1790856000000,"cat":"food","amt":0.2,"day":"2026-10-1","io":"exp"},{"id":"e2","ts":1791198000000,"cat":"food","amt":0.2,"day":"2026-10-5","io":"inc"},{"id":"e3","ts":1791115200000,"cat":"food","amt":-3.25,"day":"2026-10-4","io":"xfer"},{"id":"e4","ts":1790938800000,"cat":"food","amt":10.5,"day":"2026-10-2","io":"xfer"},{"id":"e5","ts":1791201600000,"cat":"food","amt":10.5,"day":"2026-10-5","io":"exp"},{"id":"e6","ts":1791460800000,"cat":"food","amt":12345.678,"day":"2026-10-8","io":"exp"}]|1791028800000,2026-10-3,3
group	[{"id":"e0","ts":1767186000000,"cat":"food","amt":1,"day":"2026-1-1"},{"id":"e1","ts":1766404800000,"cat":"food","amt":0,"day":"2025-12-22","io":"inc"},{"id":"e2","ts":1767272400000,"cat":"food","amt":1e+21,"day":"2026-1-2","io":"exp"}]|1767186000000,2026-1-1
flat	[{"id":"e0","ts":1767186000000,"cat":"food","amt":1,"day":"2026-1-1"},{"id":"e1","ts":1766404800000,"cat":"food","amt":0,"day":"2025-12-22","io":"inc"},{"id":"e2","ts":1767272400000,"cat":"food","amt":1e+21,"day":"2026-1-2","io":"exp"}]|1767186000000,2026-1-1,2
group	[{"id":"e0","ts":1790942400000,"cat":"food","amt":-3.25,"day":"2026-10-2","io":"xfer"},{"id":"e1","ts":1791032400000,"cat":"food","amt":-3.25,"day":"2026-10-3"},{"id":"e2","ts":1791025200000,"cat":"food","amt":1,"day":"2026-10-3","io":"inc"},{"id":"e3","ts":1790337600000,"cat":"food","amt":1e-7,"day":"2026-9-25","io":"xfer"}]|1791115200000,2026-10-4
flat	[{"id":"e0","ts":1790942400000,"cat":"food","amt":-3.25,"day":"2026-10-2","io":"xfer"},{"id":"e1","ts":1791032400000,"cat":"food","amt":-3.25,"day":"2026-10-3"},{"id":"e2","ts":1791025200000,"cat":"food","amt":1,"day":"2026-10-3","io":"inc"},{"id":"e3","ts":1790337600000,"cat":"food","amt":1e-7,"day":"2026-9-25","io":"xfer"}]|1791115200000,2026-10-4,0
group	[]|1775304000000,2026-4-4
flat	[]|1775304000000,2026-4-4,3
group	[{"id":"e0","ts":1790251200000,"cat":"food","amt":-3.25,"day":"2026-9-24"},{"id":"e1","ts":1791460800000,"cat":"food","amt":0.2,"day":"2026-10-8","io":"exp"},{"id":"e2","ts":1791025200000,"cat":"food","amt":0.1,"day":"2026-10-3","io":"xfer"},{"id":"e3","ts":1790859600000,"cat":"food","amt":0.2,"day":"2026-10-1","io":"xfer"},{"id":"e4","ts":1791201600000,"cat":"food","amt":0,"day":"2026-10-5","io":"exp"},{"id":"e5","ts":1791201600000,"cat":"food","amt":-3.25,"day":"2026-10-5","io":"xfer"},{"id":"e6","ts":1791205200000,"cat":"food","amt":1e-7,"day":"2026-10-6","io":"xfer"}]|1791028800000,2026-10-3
flat	[{"id":"e0","ts":1790251200000,"cat":"food","amt":-3.25,"day":"2026-9-24"},{"id":"e1","ts":1791460800000,"cat":"food","amt":0.2,"day":"2026-10-8","io":"exp"},{"id":"e2","ts":1791025200000,"cat":"food","amt":0.1,"day":"2026-10-3","io":"xfer"},{"id":"e3","ts":1790859600000,"cat":"food","amt":0.2,"day":"2026-10-1","io":"xfer"},{"id":"e4","ts":1791201600000,"cat":"food","amt":0,"day":"2026-10-5","io":"exp"},{"id":"e5","ts":1791201600000,"cat":"food","amt":-3.25,"day":"2026-10-5","io":"xfer"},{"id":"e6","ts":1791205200000,"cat":"food","amt":1e-7,"day":"2026-10-6","io":"xfer"}]|1791028800000,2026-10-3,2
group	[{"id":"e0","ts":1791198000000,"cat":"food","amt":12345.678,"day":"2026-10-5","io":"xfer"},{"id":"e1","ts":1790942400000,"cat":"food","amt":0.2,"day":"2026-10-2","io":"xfer"},{"id":"e2","ts":1790942400000,"cat":"food","amt":0.2,"day":"2026-10-2","io":"inc"}]|1791115200000,2026-10-4
flat	[{"id":"e0","ts":1791198000000,"cat":"food","amt":12345.678,"day":"2026-10-5","io":"xfer"},{"id":"e1","ts":1790942400000,"cat":"food","amt":0.2,"day":"2026-10-2","io":"xfer"},{"id":"e2","ts":1790942400000,"cat":"food","amt":0.2,"day":"2026-10-2","io":"inc"}]|1791115200000,2026-10-4,2
group	[{"id":"e0","ts":1787871600000,"cat":"food","amt":0.1,"day":"2026-8-28"},{"id":"e1","ts":1787954400000,"cat":"food","amt":1e+21,"day":"2026-8-29"},{"id":"e2","ts":1787868000000,"cat":"food","amt":0,"day":"2026-8-28"},{"id":"e3","ts":1787691600000,"cat":"food","amt":0.1,"day":"2026-8-26","io":"xfer"},{"id":"e4","ts":1787781600000,"cat":"food","amt":1e+21,"day":"2026-8-27","io":"inc"},{"id":"e5","ts":1787871600000,"cat":"food","amt":1e-7,"day":"2026-8-28","io":"inc"}]|1787781600000,2026-8-27
flat	[{"id":"e0","ts":1787871600000,"cat":"food","amt":0.1,"day":"2026-8-28"},{"id":"e1","ts":1787954400000,"cat":"food","amt":1e+21,"day":"2026-8-29"},{"id":"e2","ts":1787868000000,"cat":"food","amt":0,"day":"2026-8-28"},{"id":"e3","ts":1787691600000,"cat":"food","amt":0.1,"day":"2026-8-26","io":"xfer"},{"id":"e4","ts":1787781600000,"cat":"food","amt":1e+21,"day":"2026-8-27","io":"inc"},{"id":"e5","ts":1787871600000,"cat":"food","amt":1e-7,"day":"2026-8-28","io":"inc"}]|1787781600000,2026-8-27,1
group	[{"id":"e0","ts":1788213600000,"cat":"food","amt":-3.25,"day":"2026-9-1"},{"id":"e1","ts":1787868000000,"cat":"food","amt":0,"day":"2026-8-28"},{"id":"e2","ts":1788213600000,"cat":"food","amt":0.2,"day":"2026-9-1","io":"inc"},{"id":"e3","ts":1787698800000,"cat":"food","amt":1,"day":"2026-8-26","io":"exp"},{"id":"e4","ts":1787781600000,"cat":"food","amt":1e-7,"day":"2026-8-27","io":"inc"}]|1787781600000,2026-8-27
flat	[{"id":"e0","ts":1788213600000,"cat":"food","amt":-3.25,"day":"2026-9-1"},{"id":"e1","ts":1787868000000,"cat":"food","amt":0,"day":"2026-8-28"},{"id":"e2","ts":1788213600000,"cat":"food","amt":0.2,"day":"2026-9-1","io":"inc"},{"id":"e3","ts":1787698800000,"cat":"food","amt":1,"day":"2026-8-26","io":"exp"},{"id":"e4","ts":1787781600000,"cat":"food","amt":1e-7,"day":"2026-8-27","io":"inc"}]|1787781600000,2026-8-27,4
group	[{"id":"e0","ts":1775390400000,"cat":"food","amt":0,"day":"2026-4-5"},{"id":"e1","ts":1775476800000,"cat":"food","amt":12345.678,"day":"2026-4-6","io":"inc"}]|1775476800000,2026-4-6
flat	[{"id":"e0","ts":1775390400000,"cat":"food","amt":0,"day":"2026-4-5"},{"id":"e1","ts":1775476800000,"cat":"food","amt":12345.678,"day":"2026-4-6","io":"inc"}]|1775476800000,2026-4-6,1
group	[{"id":"e0","ts":1775476800000,"cat":"food","amt":0,"day":"2026-4-6","io":"exp"},{"id":"e1","ts":1775476800000,"cat":"food","amt":0,"day":"2026-4-6","io":"exp"},{"id":"e2","ts":1775394000000,"cat":"food","amt":12345.678,"day":"2026-4-5"},{"id":"e3","ts":1775300400000,"cat":"food","amt":1,"day":"2026-4-4","io":"exp"},{"id":"e4","ts":1775390400000,"cat":"food","amt":0,"day":"2026-4-5","io":"exp"},{"id":"e5","ts":1775476800000,"cat":"food","amt":0.2,"day":"2026-4-6","io":"xfer"},{"id":"e6","ts":1775300400000,"cat":"food","amt":10.5,"day":"2026-4-4"}]|1775304000000,2026-4-4
flat	[{"id":"e0","ts":1775476800000,"cat":"food","amt":0,"day":"2026-4-6","io":"exp"},{"id":"e1","ts":1775476800000,"cat":"food","amt":0,"day":"2026-4-6","io":"exp"},{"id":"e2","ts":1775394000000,"cat":"food","amt":12345.678,"day":"2026-4-5"},{"id":"e3","ts":1775300400000,"cat":"food","amt":1,"day":"2026-4-4","io":"exp"},{"id":"e4","ts":1775390400000,"cat":"food","amt":0,"day":"2026-4-5","io":"exp"},{"id":"e5","ts":1775476800000,"cat":"food","amt":0.2,"day":"2026-4-6","io":"xfer"},{"id":"e6","ts":1775300400000,"cat":"food","amt":10.5,"day":"2026-4-4"}]|1775304000000,2026-4-4,2
group	[{"id":"e0","ts":1767315600000,"cat":"food","amt":0.2,"day":"2026-1-2"},{"id":"e1","ts":1766448000000,"cat":"food","amt":1e-7,"day":"2025-12-23","io":"exp"},{"id":"e2","ts":1767661200000,"cat":"food","amt":12345.678,"day":"2026-1-6","io":"inc"},{"id":"e3","ts":1766451600000,"cat":"food","amt":0,"day":"2025-12-23","io":"exp"},{"id":"e4","ts":1767225600000,"cat":"food","amt":1e+21,"day":"2026-1-1"},{"id":"e5","ts":1767398400000,"cat":"food","amt":10.5,"day":"2026-1-3","io":"exp"},{"id":"e6","ts":1767661200000,"cat":"food","amt":1e-7,"day":"2026-1-6","io":"inc"}]|1767229200000,2026-1-1
flat	[{"id":"e0","ts":1767315600000,"cat":"food","amt":0.2,"day":"2026-1-2"},{"id":"e1","ts":1766448000000,"cat":"food","amt":1e-7,"day":"2025-12-23","io":"exp"},{"id":"e2","ts":1767661200000,"cat":"food","amt":12345.678,"day":"2026-1-6","io":"inc"},{"id":"e3","ts":1766451600000,"cat":"food","amt":0,"day":"2025-12-23","io":"exp"},{"id":"e4","ts":1767225600000,"cat":"food","amt":1e+21,"day":"2026-1-1"},{"id":"e5","ts":1767398400000,"cat":"food","amt":10.5,"day":"2026-1-3","io":"exp"},{"id":"e6","ts":1767661200000,"cat":"food","amt":1e-7,"day":"2026-1-6","io":"inc"}]|1767229200000,2026-1-1,3
group	[{"id":"e0","ts":1767319200000,"cat":"food","amt":0.2,"day":"2026-1-2","io":"xfer"},{"id":"e1","ts":1767312000000,"cat":"food","amt":1,"day":"2026-1-2","io":"inc"},{"id":"e2","ts":1767229200000,"cat":"food","amt":10.5,"day":"2026-1-1","io":"exp"},{"id":"e3","ts":1767232800000,"cat":"food","amt":10.5,"day":"2026-1-1","io":"xfer"},{"id":"e4","ts":1767402000000,"cat":"food","amt":12345.678,"day":"2026-1-3"},{"id":"e5","ts":1766451600000,"cat":"food","amt":0,"day":"2025-12-23"},{"id":"e6","ts":1767229200000,"cat":"food","amt":0,"day":"2026-1-1"}]|1767229200000,2026-1-1
flat	[{"id":"e0","ts":1767319200000,"cat":"food","amt":0.2,"day":"2026-1-2","io":"xfer"},{"id":"e1","ts":1767312000000,"cat":"food","amt":1,"day":"2026-1-2","io":"inc"},{"id":"e2","ts":1767229200000,"cat":"food","amt":10.5,"day":"2026-1-1","io":"exp"},{"id":"e3","ts":1767232800000,"cat":"food","amt":10.5,"day":"2026-1-1","io":"xfer"},{"id":"e4","ts":1767402000000,"cat":"food","amt":12345.678,"day":"2026-1-3"},{"id":"e5","ts":1766451600000,"cat":"food","amt":0,"day":"2025-12-23"},{"id":"e6","ts":1767229200000,"cat":"food","amt":0,"day":"2026-1-1"}]|1767229200000,2026-1-1,4
group	[{"id":"e0","ts":1791032400000,"cat":"food","amt":1e-7,"day":"2026-10-3","io":"exp"},{"id":"e1","ts":1791201600000,"cat":"food","amt":1e+21,"day":"2026-10-5","io":"exp"},{"id":"e2","ts":1790938800000,"cat":"food","amt":-3.25,"day":"2026-10-2","io":"inc"},{"id":"e3","ts":1791460800000,"cat":"food","amt":12345.678,"day":"2026-10-8","io":"inc"},{"id":"e4","ts":1790856000000,"cat":"food","amt":12345.678,"day":"2026-10-1","io":"exp"},{"id":"e5","ts":1791198000000,"cat":"food","amt":12345.678,"day":"2026-10-5","io":"inc"},{"id":"e6","ts":1790254800000,"cat":"food","amt":0.1,"day":"2026-9-24","io":"exp"}]|1791028800000,2026-10-3
flat	[{"id":"e0","ts":1791032400000,"cat":"food","amt":1e-7,"day":"2026-10-3","io":"exp"},{"id":"e1","ts":1791201600000,"cat":"food","amt":1e+21,"day":"2026-10-5","io":"exp"},{"id":"e2","ts":1790938800000,"cat":"food","amt":-3.25,"day":"2026-10-2","io":"inc"},{"id":"e3","ts":1791460800000,"cat":"food","amt":12345.678,"day":"2026-10-8","io":"inc"},{"id":"e4","ts":1790856000000,"cat":"food","amt":12345.678,"day":"2026-10-1","io":"exp"},{"id":"e5","ts":1791198000000,"cat":"food","amt":12345.678,"day":"2026-10-5","io":"inc"},{"id":"e6","ts":1790254800000,"cat":"food","amt":0.1,"day":"2026-9-24","io":"exp"}]|1791028800000,2026-10-3,2
group	[{"id":"e0","ts":1775480400000,"cat":"food","amt":0,"day":"2026-4-6"},{"id":"e1","ts":1774612800000,"cat":"food","amt":1,"day":"2026-3-27","io":"exp"}]|1775390400000,2026-4-5
flat	[{"id":"e0","ts":1775480400000,"cat":"food","amt":0,"day":"2026-4-6"},{"id":"e1","ts":1774612800000,"cat":"food","amt":1,"day":"2026-3-27","io":"exp"}]|1775390400000,2026-4-5,2
group	[{"id":"e0","ts":1775390400000,"cat":"food","amt":0,"day":"2026-4-5","io":"xfer"},{"id":"e1","ts":1775480400000,"cat":"food","amt":0.2,"day":"2026-4-6","io":"xfer"},{"id":"e2","ts":1775566800000,"cat":"food","amt":12345.678,"day":"2026-4-7","io":"exp"},{"id":"e3","ts":1775476800000,"cat":"food","amt":0,"day":"2026-4-6","io":"xfer"},{"id":"e4","ts":1775480400000,"cat":"food","amt":0,"day":"2026-4-6","io":"inc"}]|1775476800000,2026-4-6
flat	[{"id":"e0","ts":1775390400000,"cat":"food","amt":0,"day":"2026-4-5","io":"xfer"},{"id":"e1","ts":1775480400000,"cat":"food","amt":0.2,"day":"2026-4-6","io":"xfer"},{"id":"e2","ts":1775566800000,"cat":"food","amt":12345.678,"day":"2026-4-7","io":"exp"},{"id":"e3","ts":1775476800000,"cat":"food","amt":0,"day":"2026-4-6","io":"xfer"},{"id":"e4","ts":1775480400000,"cat":"food","amt":0,"day":"2026-4-6","io":"inc"}]|1775476800000,2026-4-6,1
group	[{"id":"e0","ts":1774699200000,"cat":"food","amt":-3.25,"day":"2026-3-28","io":"xfer"},{"id":"e1","ts":1775480400000,"cat":"food","amt":0.2,"day":"2026-4-6","io":"exp"},{"id":"e2","ts":1775300400000,"cat":"food","amt":0,"day":"2026-4-4"},{"id":"e3","ts":1775908800000,"cat":"food","amt":0,"day":"2026-4-11","io":"exp"},{"id":"e4","ts":1775908800000,"cat":"food","amt":0,"day":"2026-4-11"},{"id":"e5","ts":1774695600000,"cat":"food","amt":0.1,"day":"2026-3-28","io":"exp"},{"id":"e6","ts":1774702800000,"cat":"food","amt":0,"day":"2026-3-29"}]|1775476800000,2026-4-6
flat	[{"id":"e0","ts":1774699200000,"cat":"food","amt":-3.25,"day":"2026-3-28","io":"xfer"},{"id":"e1","ts":1775480400000,"cat":"food","amt":0.2,"day":"2026-4-6","io":"exp"},{"id":"e2","ts":1775300400000,"cat":"food","amt":0,"day":"2026-4-4"},{"id":"e3","ts":1775908800000,"cat":"food","amt":0,"day":"2026-4-11","io":"exp"},{"id":"e4","ts":1775908800000,"cat":"food","amt":0,"day":"2026-4-11"},{"id":"e5","ts":1774695600000,"cat":"food","amt":0.1,"day":"2026-3-28","io":"exp"},{"id":"e6","ts":1774702800000,"cat":"food","amt":0,"day":"2026-3-29"}]|1775476800000,2026-4-6,2
group	[{"id":"e0","ts":1775476800000,"cat":"food","amt":0.1,"day":"2026-4-6","io":"exp"},{"id":"e1","ts":1774612800000,"cat":"food","amt":0,"day":"2026-3-27","io":"inc"},{"id":"e2","ts":1775307600000,"cat":"food","amt":-3.25,"day":"2026-4-5","io":"exp"}]|1775390400000,2026-4-5
flat	[{"id":"e0","ts":1775476800000,"cat":"food","amt":0.1,"day":"2026-4-6","io":"exp"},{"id":"e1","ts":1774612800000,"cat":"food","amt":0,"day":"2026-3-27","io":"inc"},{"id":"e2","ts":1775307600000,"cat":"food","amt":-3.25,"day":"2026-4-5","io":"exp"}]|1775390400000,2026-4-5,1
group	[{"id":"e0","ts":1791118800000,"cat":"food","amt":0.2,"day":"2026-10-5","io":"xfer"},{"id":"e1","ts":1791032400000,"cat":"food","amt":10.5,"day":"2026-10-3","io":"exp"},{"id":"e2","ts":1791543600000,"cat":"food","amt":-3.25,"day":"2026-10-9","io":"exp"}]|1791115200000,2026-10-4
flat	[{"id":"e0","ts":1791118800000,"cat":"food","amt":0.2,"day":"2026-10-5","io":"xfer"},{"id":"e1","ts":1791032400000,"cat":"food","amt":10.5,"day":"2026-10-3","io":"exp"},{"id":"e2","ts":1791543600000,"cat":"food","amt":-3.25,"day":"2026-10-9","io":"exp"}]|1791115200000,2026-10-4,0
group	[{"id":"e0","ts":1791288000000,"cat":"food","amt":1e+21,"day":"2026-10-6","io":"exp"},{"id":"e1","ts":1791118800000,"cat":"food","amt":0,"day":"2026-10-5","io":"xfer"}]|1791201600000,2026-10-5
flat	[{"id":"e0","ts":1791288000000,"cat":"food","amt":1e+21,"day":"2026-10-6","io":"exp"},{"id":"e1","ts":1791118800000,"cat":"food","amt":0,"day":"2026-10-5","io":"xfer"}]|1791201600000,2026-10-5,1
group	[{"id":"e0","ts":1790852400000,"cat":"food","amt":1e-7,"day":"2026-10-1","io":"exp"},{"id":"e1","ts":1790942400000,"cat":"food","amt":-3.25,"day":"2026-10-2","io":"exp"}]|1791028800000,2026-10-3
flat	[{"id":"e0","ts":1790852400000,"cat":"food","amt":1e-7,"day":"2026-10-1","io":"exp"},{"id":"e1","ts":1790942400000,"cat":"food","amt":-3.25,"day":"2026-10-2","io":"exp"}]|1791028800000,2026-10-3,3
group	[{"id":"e0","ts":1791111600000,"cat":"food","amt":-3.25,"day":"2026-10-4","io":"inc"},{"id":"e1","ts":1791198000000,"cat":"food","amt":1e+21,"day":"2026-10-5","io":"exp"},{"id":"e2","ts":1791205200000,"cat":"food","amt":0,"day":"2026-10-6"},{"id":"e3","ts":1791201600000,"cat":"food","amt":-3.25,"day":"2026-10-5"}]|1791115200000,2026-10-4
flat	[{"id":"e0","ts":1791111600000,"cat":"food","amt":-3.25,"day":"2026-10-4","io":"inc"},{"id":"e1","ts":1791198000000,"cat":"food","amt":1e+21,"day":"2026-10-5","io":"exp"},{"id":"e2","ts":1791205200000,"cat":"food","amt":0,"day":"2026-10-6"},{"id":"e3","ts":1791201600000,"cat":"food","amt":-3.25,"day":"2026-10-5"}]|1791115200000,2026-10-4,0
group	[{"id":"e0","ts":1786935600000,"cat":"food","amt":1e+21,"day":"2026-8-17"},{"id":"e1","ts":1787709600000,"cat":"food","amt":12345.678,"day":"2026-8-26","io":"exp"},{"id":"e2","ts":1787540400000,"cat":"food","amt":10.5,"day":"2026-8-24","io":"inc"},{"id":"e3","ts":1787889600000,"cat":"food","amt":0.2,"day":"2026-8-28","io":"exp"},{"id":"e4","ts":1787623200000,"cat":"food","amt":12345.678,"day":"2026-8-25","io":"xfer"},{"id":"e5","ts":1787540400000,"cat":"food","amt":0,"day":"2026-8-24","io":"inc"},{"id":"e6","ts":1786935600000,"cat":"food","amt":-3.25,"day":"2026-8-17","io":"exp"}]|1787713200000,2026-8-26
flat	[{"id":"e0","ts":1786935600000,"cat":"food","amt":1e+21,"day":"2026-8-17"},{"id":"e1","ts":1787709600000,"cat":"food","amt":12345.678,"day":"2026-8-26","io":"exp"},{"id":"e2","ts":1787540400000,"cat":"food","amt":10.5,"day":"2026-8-24","io":"inc"},{"id":"e3","ts":1787889600000,"cat":"food","amt":0.2,"day":"2026-8-28","io":"exp"},{"id":"e4","ts":1787623200000,"cat":"food","amt":12345.678,"day":"2026-8-25","io":"xfer"},{"id":"e5","ts":1787540400000,"cat":"food","amt":0,"day":"2026-8-24","io":"inc"},{"id":"e6","ts":1786935600000,"cat":"food","amt":-3.25,"day":"2026-8-17","io":"exp"}]|1787713200000,2026-8-26,2
group	[{"id":"e0","ts":1767312000000,"cat":"food","amt":0,"day":"2026-1-2"}]|1767229200000,2026-1-1
flat	[{"id":"e0","ts":1767312000000,"cat":"food","amt":0,"day":"2026-1-2"}]|1767229200000,2026-1-1,2
group	[{"id":"e0","ts":1775304000000,"cat":"food","amt":0.2,"day":"2026-4-4","io":"exp"},{"id":"e1","ts":1775131200000,"cat":"food","amt":1e+21,"day":"2026-4-2"},{"id":"e2","ts":1775390400000,"cat":"food","amt":10.5,"day":"2026-4-5","io":"inc"},{"id":"e3","ts":1775739600000,"cat":"food","amt":0.1,"day":"2026-4-9","io":"inc"},{"id":"e4","ts":1775394000000,"cat":"food","amt":12345.678,"day":"2026-4-5","io":"exp"}]|1775304000000,2026-4-4
flat	[{"id":"e0","ts":1775304000000,"cat":"food","amt":0.2,"day":"2026-4-4","io":"exp"},{"id":"e1","ts":1775131200000,"cat":"food","amt":1e+21,"day":"2026-4-2"},{"id":"e2","ts":1775390400000,"cat":"food","amt":10.5,"day":"2026-4-5","io":"inc"},{"id":"e3","ts":1775739600000,"cat":"food","amt":0.1,"day":"2026-4-9","io":"inc"},{"id":"e4","ts":1775394000000,"cat":"food","amt":12345.678,"day":"2026-4-5","io":"exp"}]|1775304000000,2026-4-4,1
group	[{"id":"e0","ts":1775649600000,"cat":"food","amt":0.2,"day":"2026-4-8","io":"inc"}]|1775476800000,2026-4-6
flat	[{"id":"e0","ts":1775649600000,"cat":"food","amt":0.2,"day":"2026-4-8","io":"inc"}]|1775476800000,2026-4-6,3
group	[{"id":"e0","ts":1767052800000,"cat":"food","amt":-3.25,"day":"2025-12-30","io":"xfer"},{"id":"e1","ts":1767664800000,"cat":"food","amt":0.2,"day":"2026-1-6","io":"xfer"},{"id":"e2","ts":1767225600000,"cat":"food","amt":1e+21,"day":"2026-1-1","io":"inc"},{"id":"e3","ts":1767142800000,"cat":"food","amt":1e+21,"day":"2025-12-31","io":"inc"}]|1767229200000,2026-1-1
flat	[{"id":"e0","ts":1767052800000,"cat":"food","amt":-3.25,"day":"2025-12-30","io":"xfer"},{"id":"e1","ts":1767664800000,"cat":"food","amt":0.2,"day":"2026-1-6","io":"xfer"},{"id":"e2","ts":1767225600000,"cat":"food","amt":1e+21,"day":"2026-1-1","io":"inc"},{"id":"e3","ts":1767142800000,"cat":"food","amt":1e+21,"day":"2025-12-31","io":"inc"}]|1767229200000,2026-1-1,2
group	[{"id":"e0","ts":1791374400000,"cat":"food","amt":-3.25,"day":"2026-10-7","io":"exp"},{"id":"e1","ts":1790420400000,"cat":"food","amt":0.1,"day":"2026-9-26"},{"id":"e2","ts":1791291600000,"cat":"food","amt":-3.25,"day":"2026-10-7"},{"id":"e3","ts":1791118800000,"cat":"food","amt":0.1,"day":"2026-10-5","io":"xfer"}]|1791201600000,2026-10-5
flat	[{"id":"e0","ts":1791374400000,"cat":"food","amt":-3.25,"day":"2026-10-7","io":"exp"},{"id":"e1","ts":1790420400000,"cat":"food","amt":0.1,"day":"2026-9-26"},{"id":"e2","ts":1791291600000,"cat":"food","amt":-3.25,"day":"2026-10-7"},{"id":"e3","ts":1791118800000,"cat":"food","amt":0.1,"day":"2026-10-5","io":"xfer"}]|1791201600000,2026-10-5,1
group	[{"id":"e0","ts":1775473200000,"cat":"food","amt":0.1,"day":"2026-4-6"},{"id":"e1","ts":1775300400000,"cat":"food","amt":0.1,"day":"2026-4-4","io":"exp"},{"id":"e2","ts":1775394000000,"cat":"food","amt":0,"day":"2026-4-5","io":"exp"},{"id":"e3","ts":1775390400000,"cat":"food","amt":0,"day":"2026-4-5"}]|1775390400000,2026-4-5
flat	[{"id":"e0","ts":1775473200000,"cat":"food","amt":0.1,"day":"2026-4-6"},{"id":"e1","ts":1775300400000,"cat":"food","amt":0.1,"day":"2026-4-4","io":"exp"},{"id":"e2","ts":1775394000000,"cat":"food","amt":0,"day":"2026-4-5","io":"exp"},{"id":"e3","ts":1775390400000,"cat":"food","amt":0,"day":"2026-4-5"}]|1775390400000,2026-4-5,4
group	[{"id":"e0","ts":1790856000000,"cat":"food","amt":0,"day":"2026-10-1","io":"xfer"},{"id":"e1","ts":1791460800000,"cat":"food","amt":1e+21,"day":"2026-10-8","io":"exp"},{"id":"e2","ts":1790942400000,"cat":"food","amt":1,"day":"2026-10-2","io":"inc"},{"id":"e3","ts":1790942400000,"cat":"food","amt":10.5,"day":"2026-10-2","io":"xfer"},{"id":"e4","ts":1791025200000,"cat":"food","amt":1e-7,"day":"2026-10-3","io":"exp"}]|1791028800000,2026-10-3
flat	[{"id":"e0","ts":1790856000000,"cat":"food","amt":0,"day":"2026-10-1","io":"xfer"},{"id":"e1","ts":1791460800000,"cat":"food","amt":1e+21,"day":"2026-10-8","io":"exp"},{"id":"e2","ts":1790942400000,"cat":"food","amt":1,"day":"2026-10-2","io":"inc"},{"id":"e3","ts":1790942400000,"cat":"food","amt":10.5,"day":"2026-10-2","io":"xfer"},{"id":"e4","ts":1791025200000,"cat":"food","amt":1e-7,"day":"2026-10-3","io":"exp"}]|1791028800000,2026-10-3,3
group	[{"id":"e0","ts":1775221200000,"cat":"food","amt":1,"day":"2026-4-4"}]|1775304000000,2026-4-4
flat	[{"id":"e0","ts":1775221200000,"cat":"food","amt":1,"day":"2026-4-4"}]|1775304000000,2026-4-4,0
group	[{"id":"e0","ts":1774695600000,"cat":"food","amt":0,"day":"2026-3-28"},{"id":"e1","ts":1775390400000,"cat":"food","amt":0.1,"day":"2026-4-5","io":"xfer"},{"id":"e2","ts":1774702800000,"cat":"food","amt":0,"day":"2026-3-29"},{"id":"e3","ts":1774695600000,"cat":"food","amt":10.5,"day":"2026-3-28"},{"id":"e4","ts":1775304000000,"cat":"food","amt":10.5,"day":"2026-4-4","io":"exp"}]|1775476800000,2026-4-6
flat	[{"id":"e0","ts":1774695600000,"cat":"food","amt":0,"day":"2026-3-28"},{"id":"e1","ts":1775390400000,"cat":"food","amt":0.1,"day":"2026-4-5","io":"xfer"},{"id":"e2","ts":1774702800000,"cat":"food","amt":0,"day":"2026-3-29"},{"id":"e3","ts":1774695600000,"cat":"food","amt":10.5,"day":"2026-3-28"},{"id":"e4","ts":1775304000000,"cat":"food","amt":10.5,"day":"2026-4-4","io":"exp"}]|1775476800000,2026-4-6,4
group	[{"id":"e0","ts":1767225600000,"cat":"food","amt":0,"day":"2026-1-1","io":"exp"},{"id":"e1","ts":1767146400000,"cat":"food","amt":1e-7,"day":"2025-12-31","io":"xfer"},{"id":"e2","ts":1767405600000,"cat":"food","amt":0,"day":"2026-1-3"},{"id":"e3","ts":1766451600000,"cat":"food","amt":-3.25,"day":"2025-12-23","io":"exp"},{"id":"e4","ts":1767225600000,"cat":"food","amt":1e-7,"day":"2026-1-1","io":"exp"},{"id":"e5","ts":1767661200000,"cat":"food","amt":1,"day":"2026-1-6","io":"exp"}]|1767229200000,2026-1-1
flat	[{"id":"e0","ts":1767225600000,"cat":"food","amt":0,"day":"2026-1-1","io":"exp"},{"id":"e1","ts":1767146400000,"cat":"food","amt":1e-7,"day":"2025-12-31","io":"xfer"},{"id":"e2","ts":1767405600000,"cat":"food","amt":0,"day":"2026-1-3"},{"id":"e3","ts":1766451600000,"cat":"food","amt":-3.25,"day":"2025-12-23","io":"exp"},{"id":"e4","ts":1767225600000,"cat":"food","amt":1e-7,"day":"2026-1-1","io":"exp"},{"id":"e5","ts":1767661200000,"cat":"food","amt":1,"day":"2026-1-6","io":"exp"}]|1767229200000,2026-1-1,3
group	[{"id":"e0","ts":1787954400000,"cat":"food","amt":0.1,"day":"2026-8-29","io":"exp"},{"id":"e1","ts":1787691600000,"cat":"food","amt":0,"day":"2026-8-26","io":"xfer"},{"id":"e2","ts":1787781600000,"cat":"food","amt":0.2,"day":"2026-8-27","io":"xfer"},{"id":"e3","ts":1787954400000,"cat":"food","amt":1,"day":"2026-8-29","io":"exp"},{"id":"e4","ts":1787691600000,"cat":"food","amt":-3.25,"day":"2026-8-26","io":"inc"}]|1787781600000,2026-8-27
flat	[{"id":"e0","ts":1787954400000,"cat":"food","amt":0.1,"day":"2026-8-29","io":"exp"},{"id":"e1","ts":1787691600000,"cat":"food","amt":0,"day":"2026-8-26","io":"xfer"},{"id":"e2","ts":1787781600000,"cat":"food","amt":0.2,"day":"2026-8-27","io":"xfer"},{"id":"e3","ts":1787954400000,"cat":"food","amt":1,"day":"2026-8-29","io":"exp"},{"id":"e4","ts":1787691600000,"cat":"food","amt":-3.25,"day":"2026-8-26","io":"inc"}]|1787781600000,2026-8-27,4
group	[{"id":"e0","ts":1767355200000,"cat":"food","amt":1e+21,"day":"2026-1-2","io":"inc"},{"id":"e1","ts":1767016800000,"cat":"food","amt":1,"day":"2025-12-30","io":"xfer"},{"id":"e2","ts":1767186000000,"cat":"food","amt":-3.25,"day":"2026-1-1"}]|1767186000000,2026-1-1
flat	[{"id":"e0","ts":1767355200000,"cat":"food","amt":1e+21,"day":"2026-1-2","io":"inc"},{"id":"e1","ts":1767016800000,"cat":"food","amt":1,"day":"2025-12-30","io":"xfer"},{"id":"e2","ts":1767186000000,"cat":"food","amt":-3.25,"day":"2026-1-1"}]|1767186000000,2026-1-1,2
group	[{"id":"e0","ts":1775304000000,"cat":"food","amt":0,"day":"2026-4-4","io":"inc"},{"id":"e1","ts":1774530000000,"cat":"food","amt":10.5,"day":"2026-3-27","io":"exp"}]|1775304000000,2026-4-4
flat	[{"id":"e0","ts":1775304000000,"cat":"food","amt":0,"day":"2026-4-4","io":"inc"},{"id":"e1","ts":1774530000000,"cat":"food","amt":10.5,"day":"2026-3-27","io":"exp"}]|1775304000000,2026-4-4,0
group	[{"id":"e0","ts":1775394000000,"cat":"food","amt":0,"day":"2026-4-5","io":"xfer"},{"id":"e1","ts":1775394000000,"cat":"food","amt":1,"day":"2026-4-5"},{"id":"e2","ts":1775304000000,"cat":"food","amt":1,"day":"2026-4-4"},{"id":"e3","ts":1775307600000,"cat":"food","amt":1,"day":"2026-4-5"},{"id":"e4","ts":1774695600000,"cat":"food","amt":0,"day":"2026-3-28","io":"xfer"},{"id":"e5","ts":1775476800000,"cat":"food","amt":0,"day":"2026-4-6","io":"xfer"},{"id":"e6","ts":1775908800000,"cat":"food","amt":12345.678,"day":"2026-4-11","io":"xfer"}]|1775476800000,2026-4-6
flat	[{"id":"e0","ts":1775394000000,"cat":"food","amt":0,"day":"2026-4-5","io":"xfer"},{"id":"e1","ts":1775394000000,"cat":"food","amt":1,"day":"2026-4-5"},{"id":"e2","ts":1775304000000,"cat":"food","amt":1,"day":"2026-4-4"},{"id":"e3","ts":1775307600000,"cat":"food","amt":1,"day":"2026-4-5"},{"id":"e4","ts":1774695600000,"cat":"food","amt":0,"day":"2026-3-28","io":"xfer"},{"id":"e5","ts":1775476800000,"cat":"food","amt":0,"day":"2026-4-6","io":"xfer"},{"id":"e6","ts":1775908800000,"cat":"food","amt":12345.678,"day":"2026-4-11","io":"xfer"}]|1775476800000,2026-4-6,4
group	[{"id":"e0","ts":1767358800000,"cat":"food","amt":1e+21,"day":"2026-1-3","io":"exp"},{"id":"e1","ts":1767614400000,"cat":"food","amt":10.5,"day":"2026-1-5","io":"xfer"},{"id":"e2","ts":1766412000000,"cat":"food","amt":0.2,"day":"2025-12-23","io":"exp"},{"id":"e3","ts":1767614400000,"cat":"food","amt":1e-7,"day":"2026-1-5"},{"id":"e4","ts":1767268800000,"cat":"food","amt":10.5,"day":"2026-1-1","io":"xfer"}]|1767186000000,2026-1-1
flat	[{"id":"e0","ts":1767358800000,"cat":"food","amt":1e+21,"day":"2026-1-3","io":"exp"},{"id":"e1","ts":1767614400000,"cat":"food","amt":10.5,"day":"2026-1-5","io":"xfer"},{"id":"e2","ts":1766412000000,"cat":"food","amt":0.2,"day":"2025-12-23","io":"exp"},{"id":"e3","ts":1767614400000,"cat":"food","amt":1e-7,"day":"2026-1-5"},{"id":"e4","ts":1767268800000,"cat":"food","amt":10.5,"day":"2026-1-1","io":"xfer"}]|1767186000000,2026-1-1,2
group	[{"id":"e0","ts":1791547200000,"cat":"food","amt":1,"day":"2026-10-9","io":"inc"},{"id":"e1","ts":1790942400000,"cat":"food","amt":-3.25,"day":"2026-10-2","io":"inc"},{"id":"e2","ts":1791205200000,"cat":"food","amt":-3.25,"day":"2026-10-6","io":"exp"},{"id":"e3","ts":1791115200000,"cat":"food","amt":0.2,"day":"2026-10-4","io":"exp"},{"id":"e4","ts":1790942400000,"cat":"food","amt":0.1,"day":"2026-10-2","io":"exp"}]|1791115200000,2026-10-4
flat	[{"id":"e0","ts":1791547200000,"cat":"food","amt":1,"day":"2026-10-9","io":"inc"},{"id":"e1","ts":1790942400000,"cat":"food","amt":-3.25,"day":"2026-10-2","io":"inc"},{"id":"e2","ts":1791205200000,"cat":"food","amt":-3.25,"day":"2026-10-6","io":"exp"},{"id":"e3","ts":1791115200000,"cat":"food","amt":0.2,"day":"2026-10-4","io":"exp"},{"id":"e4","ts":1790942400000,"cat":"food","amt":0.1,"day":"2026-10-2","io":"exp"}]|1791115200000,2026-10-4,0
group	[{"id":"e0","ts":1775390400000,"cat":"food","amt":1e-7,"day":"2026-4-5","io":"xfer"},{"id":"e1","ts":1775653200000,"cat":"food","amt":12345.678,"day":"2026-4-8","io":"inc"},{"id":"e2","ts":1774699200000,"cat":"food","amt":-3.25,"day":"2026-3-28","io":"xfer"},{"id":"e3","ts":1775476800000,"cat":"food","amt":10.5,"day":"2026-4-6","io":"inc"}]|1775476800000,2026-4-6
flat	[{"id":"e0","ts":1775390400000,"cat":"food","amt":1e-7,"day":"2026-4-5","io":"xfer"},{"id":"e1","ts":1775653200000,"cat":"food","amt":12345.678,"day":"2026-4-8","io":"inc"},{"id":"e2","ts":1774699200000,"cat":"food","amt":-3.25,"day":"2026-3-28","io":"xfer"},{"id":"e3","ts":1775476800000,"cat":"food","amt":10.5,"day":"2026-4-6","io":"inc"}]|1775476800000,2026-4-6,0
group	[{"id":"e0","ts":1767186000000,"cat":"food","amt":0,"day":"2026-1-1"}]|1767186000000,2026-1-1
flat	[{"id":"e0","ts":1767186000000,"cat":"food","amt":0,"day":"2026-1-1"}]|1767186000000,2026-1-1,1
group	[{"id":"e0","ts":1775217600000,"cat":"food","amt":-3.25,"day":"2026-4-3","io":"exp"}]|1775390400000,2026-4-5
flat	[{"id":"e0","ts":1775217600000,"cat":"food","amt":-3.25,"day":"2026-4-3","io":"exp"}]|1775390400000,2026-4-5,0
group	[{"id":"e0","ts":1791025200000,"cat":"food","amt":12345.678,"day":"2026-10-3","io":"inc"},{"id":"e1","ts":1791547200000,"cat":"food","amt":10.5,"day":"2026-10-9","io":"xfer"}]|1791115200000,2026-10-4
flat	[{"id":"e0","ts":1791025200000,"cat":"food","amt":12345.678,"day":"2026-10-3","io":"inc"},{"id":"e1","ts":1791547200000,"cat":"food","amt":10.5,"day":"2026-10-9","io":"xfer"}]|1791115200000,2026-10-4,1
group	[{"id":"e0","ts":1787778000000,"cat":"food","amt":0,"day":"2026-8-27","io":"inc"},{"id":"e1","ts":1787691600000,"cat":"food","amt":0.2,"day":"2026-8-26"},{"id":"e2","ts":1788213600000,"cat":"food","amt":0.1,"day":"2026-9-1","io":"xfer"},{"id":"e3","ts":1787781600000,"cat":"food","amt":0.1,"day":"2026-8-27","io":"xfer"}]|1787781600000,2026-8-27
flat	[{"id":"e0","ts":1787778000000,"cat":"food","amt":0,"day":"2026-8-27","io":"inc"},{"id":"e1","ts":1787691600000,"cat":"food","amt":0.2,"day":"2026-8-26"},{"id":"e2","ts":1788213600000,"cat":"food","amt":0.1,"day":"2026-9-1","io":"xfer"},{"id":"e3","ts":1787781600000,"cat":"food","amt":0.1,"day":"2026-8-27","io":"xfer"}]|1787781600000,2026-8-27,0
group	[{"id":"e0","ts":1767096000000,"cat":"food","amt":0.1,"day":"2025-12-30","io":"xfer"},{"id":"e1","ts":1767182400000,"cat":"food","amt":0,"day":"2025-12-31","io":"exp"},{"id":"e2","ts":1767186000000,"cat":"food","amt":0,"day":"2026-1-1","io":"inc"},{"id":"e3","ts":1766404800000,"cat":"food","amt":10.5,"day":"2025-12-22","io":"exp"},{"id":"e4","ts":1767096000000,"cat":"food","amt":0.1,"day":"2025-12-30","io":"exp"},{"id":"e5","ts":1767013200000,"cat":"food","amt":1e+21,"day":"2025-12-30","io":"exp"},{"id":"e6","ts":1767362400000,"cat":"food","amt":1e+21,"day":"2026-1-3","io":"exp"}]|1767186000000,2026-1-1
flat	[{"id":"e0","ts":1767096000000,"cat":"food","amt":0.1,"day":"2025-12-30","io":"xfer"},{"id":"e1","ts":1767182400000,"cat":"food","amt":0,"day":"2025-12-31","io":"exp"},{"id":"e2","ts":1767186000000,"cat":"food","amt":0,"day":"2026-1-1","io":"inc"},{"id":"e3","ts":1766404800000,"cat":"food","amt":10.5,"day":"2025-12-22","io":"exp"},{"id":"e4","ts":1767096000000,"cat":"food","amt":0.1,"day":"2025-12-30","io":"exp"},{"id":"e5","ts":1767013200000,"cat":"food","amt":1e+21,"day":"2025-12-30","io":"exp"},{"id":"e6","ts":1767362400000,"cat":"food","amt":1e+21,"day":"2026-1-3","io":"exp"}]|1767186000000,2026-1-1,3
group	[{"id":"e0","ts":1790946000000,"cat":"food","amt":0.2,"day":"2026-10-2"},{"id":"e1","ts":1791025200000,"cat":"food","amt":0.1,"day":"2026-10-3","io":"xfer"},{"id":"e2","ts":1790251200000,"cat":"food","amt":0.1,"day":"2026-9-24"},{"id":"e3","ts":1790938800000,"cat":"food","amt":0.2,"day":"2026-10-2","io":"exp"}]|1791028800000,2026-10-3
flat	[{"id":"e0","ts":1790946000000,"cat":"food","amt":0.2,"day":"2026-10-2"},{"id":"e1","ts":1791025200000,"cat":"food","amt":0.1,"day":"2026-10-3","io":"xfer"},{"id":"e2","ts":1790251200000,"cat":"food","amt":0.1,"day":"2026-9-24"},{"id":"e3","ts":1790938800000,"cat":"food","amt":0.2,"day":"2026-10-2","io":"exp"}]|1791028800000,2026-10-3,4
group	[{"id":"e0","ts":1791115200000,"cat":"food","amt":0,"day":"2026-10-4"},{"id":"e1","ts":1790942400000,"cat":"food","amt":0.2,"day":"2026-10-2","io":"inc"},{"id":"e2","ts":1790856000000,"cat":"food","amt":12345.678,"day":"2026-10-1","io":"exp"},{"id":"e3","ts":1791111600000,"cat":"food","amt":0,"day":"2026-10-4","io":"exp"},{"id":"e4","ts":1791201600000,"cat":"food","amt":1e-7,"day":"2026-10-5"}]|1791028800000,2026-10-3
flat	[{"id":"e0","ts":1791115200000,"cat":"food","amt":0,"day":"2026-10-4"},{"id":"e1","ts":1790942400000,"cat":"food","amt":0.2,"day":"2026-10-2","io":"inc"},{"id":"e2","ts":1790856000000,"cat":"food","amt":12345.678,"day":"2026-10-1","io":"exp"},{"id":"e3","ts":1791111600000,"cat":"food","amt":0,"day":"2026-10-4","io":"exp"},{"id":"e4","ts":1791201600000,"cat":"food","amt":1e-7,"day":"2026-10-5"}]|1791028800000,2026-10-3,4
group	[{"id":"e0","ts":1787536800000,"cat":"food","amt":1,"day":"2026-8-24","io":"inc"},{"id":"e1","ts":1787626800000,"cat":"food","amt":-3.25,"day":"2026-8-25","io":"exp"},{"id":"e2","ts":1787889600000,"cat":"food","amt":0.2,"day":"2026-8-28","io":"inc"},{"id":"e3","ts":1787796000000,"cat":"food","amt":0.1,"day":"2026-8-27"},{"id":"e4","ts":1787713200000,"cat":"food","amt":1e+21,"day":"2026-8-26","io":"exp"}]|1787713200000,2026-8-26
flat	[{"id":"e0","ts":1787536800000,"cat":"food","amt":1,"day":"2026-8-24","io":"inc"},{"id":"e1","ts":1787626800000,"cat":"food","amt":-3.25,"day":"2026-8-25","io":"exp"},{"id":"e2","ts":1787889600000,"cat":"food","amt":0.2,"day":"2026-8-28","io":"inc"},{"id":"e3","ts":1787796000000,"cat":"food","amt":0.1,"day":"2026-8-27"},{"id":"e4","ts":1787713200000,"cat":"food","amt":1e+21,"day":"2026-8-26","io":"exp"}]|1787713200000,2026-8-26,0
group	[{"id":"e0","ts":1791288000000,"cat":"food","amt":0,"day":"2026-10-6","io":"exp"},{"id":"e1","ts":1791288000000,"cat":"food","amt":-3.25,"day":"2026-10-6","io":"xfer"},{"id":"e2","ts":1791115200000,"cat":"food","amt":12345.678,"day":"2026-10-4","io":"inc"},{"id":"e3","ts":1791370800000,"cat":"food","amt":0,"day":"2026-10-7","io":"xfer"},{"id":"e4","ts":1791025200000,"cat":"food","amt":1e+21,"day":"2026-10-3","io":"xfer"},{"id":"e5","ts":1791205200000,"cat":"food","amt":0,"day":"2026-10-6"}]|1791201600000,2026-10-5
flat	[{"id":"e0","ts":1791288000000,"cat":"food","amt":0,"day":"2026-10-6","io":"exp"},{"id":"e1","ts":1791288000000,"cat":"food","amt":-3.25,"day":"2026-10-6","io":"xfer"},{"id":"e2","ts":1791115200000,"cat":"food","amt":12345.678,"day":"2026-10-4","io":"inc"},{"id":"e3","ts":1791370800000,"cat":"food","amt":0,"day":"2026-10-7","io":"xfer"},{"id":"e4","ts":1791025200000,"cat":"food","amt":1e+21,"day":"2026-10-3","io":"xfer"},{"id":"e5","ts":1791205200000,"cat":"food","amt":0,"day":"2026-10-6"}]|1791201600000,2026-10-5,2
group	[]|1767229200000,2026-1-1
flat	[]|1767229200000,2026-1-1,1
group	[{"id":"e0","ts":1775649600000,"cat":"food","amt":10.5,"day":"2026-4-8","io":"inc"},{"id":"e1","ts":1774699200000,"cat":"food","amt":1,"day":"2026-3-28","io":"exp"},{"id":"e2","ts":1775304000000,"cat":"food","amt":1e+21,"day":"2026-4-4","io":"xfer"},{"id":"e3","ts":1775646000000,"cat":"food","amt":0.2,"day":"2026-4-8","io":"exp"},{"id":"e4","ts":1775912400000,"cat":"food","amt":10.5,"day":"2026-4-11"},{"id":"e5","ts":1775476800000,"cat":"food","amt":0.1,"day":"2026-4-6"}]|1775476800000,2026-4-6
flat	[{"id":"e0","ts":1775649600000,"cat":"food","amt":10.5,"day":"2026-4-8","io":"inc"},{"id":"e1","ts":1774699200000,"cat":"food","amt":1,"day":"2026-3-28","io":"exp"},{"id":"e2","ts":1775304000000,"cat":"food","amt":1e+21,"day":"2026-4-4","io":"xfer"},{"id":"e3","ts":1775646000000,"cat":"food","amt":0.2,"day":"2026-4-8","io":"exp"},{"id":"e4","ts":1775912400000,"cat":"food","amt":10.5,"day":"2026-4-11"},{"id":"e5","ts":1775476800000,"cat":"food","amt":0.1,"day":"2026-4-6"}]|1775476800000,2026-4-6,1
group	[{"id":"e0","ts":1775476800000,"cat":"food","amt":10.5,"day":"2026-4-6","io":"exp"},{"id":"e1","ts":1775826000000,"cat":"food","amt":1e+21,"day":"2026-4-10","io":"inc"},{"id":"e2","ts":1775473200000,"cat":"food","amt":0,"day":"2026-4-6","io":"inc"},{"id":"e3","ts":1775390400000,"cat":"food","amt":1e+21,"day":"2026-4-5","io":"inc"}]|1775390400000,2026-4-5
flat	[{"id":"e0","ts":1775476800000,"cat":"food","amt":10.5,"day":"2026-4-6","io":"exp"},{"id":"e1","ts":1775826000000,"cat":"food","amt":1e+21,"day":"2026-4-10","io":"inc"},{"id":"e2","ts":1775473200000,"cat":"food","amt":0,"day":"2026-4-6","io":"inc"},{"id":"e3","ts":1775390400000,"cat":"food","amt":1e+21,"day":"2026-4-5","io":"inc"}]|1775390400000,2026-4-5,1
group	[{"id":"e0","ts":1775473200000,"cat":"food","amt":1e-7,"day":"2026-4-6","io":"xfer"},{"id":"e1","ts":1775390400000,"cat":"food","amt":-3.25,"day":"2026-4-5"},{"id":"e2","ts":1775822400000,"cat":"food","amt":0.1,"day":"2026-4-10"},{"id":"e3","ts":1775390400000,"cat":"food","amt":-3.25,"day":"2026-4-5","io":"xfer"}]|1775390400000,2026-4-5
flat	[{"id":"e0","ts":1775473200000,"cat":"food","amt":1e-7,"day":"2026-4-6","io":"xfer"},{"id":"e1","ts":1775390400000,"cat":"food","amt":-3.25,"day":"2026-4-5"},{"id":"e2","ts":1775822400000,"cat":"food","amt":0.1,"day":"2026-4-10"},{"id":"e3","ts":1775390400000,"cat":"food","amt":-3.25,"day":"2026-4-5","io":"xfer"}]|1775390400000,2026-4-5,2
group	[{"id":"e0","ts":1775566800000,"cat":"food","amt":-3.25,"day":"2026-4-7"},{"id":"e1","ts":1775476800000,"cat":"food","amt":1e+21,"day":"2026-4-6","io":"exp"}]|1775476800000,2026-4-6
flat	[{"id":"e0","ts":1775566800000,"cat":"food","amt":-3.25,"day":"2026-4-7"},{"id":"e1","ts":1775476800000,"cat":"food","amt":1e+21,"day":"2026-4-6","io":"exp"}]|1775476800000,2026-4-6,0
group	[{"id":"e0","ts":1791111600000,"cat":"food","amt":0.2,"day":"2026-10-4","io":"xfer"}]|1791028800000,2026-10-3
flat	[{"id":"e0","ts":1791111600000,"cat":"food","amt":0.2,"day":"2026-10-4","io":"xfer"}]|1791028800000,2026-10-3,4
group	[{"id":"e0","ts":1787695200000,"cat":"food","amt":0.2,"day":"2026-8-26"},{"id":"e1","ts":1788213600000,"cat":"food","amt":0,"day":"2026-9-1","io":"exp"},{"id":"e2","ts":1787778000000,"cat":"food","amt":0,"day":"2026-8-27","io":"inc"},{"id":"e3","ts":1787785200000,"cat":"food","amt":12345.678,"day":"2026-8-27","io":"inc"},{"id":"e4","ts":1787864400000,"cat":"food","amt":0.2,"day":"2026-8-28","io":"inc"},{"id":"e5","ts":1788213600000,"cat":"food","amt":-3.25,"day":"2026-9-1","io":"exp"}]|1787781600000,2026-8-27
flat	[{"id":"e0","ts":1787695200000,"cat":"food","amt":0.2,"day":"2026-8-26"},{"id":"e1","ts":1788213600000,"cat":"food","amt":0,"day":"2026-9-1","io":"exp"},{"id":"e2","ts":1787778000000,"cat":"food","amt":0,"day":"2026-8-27","io":"inc"},{"id":"e3","ts":1787785200000,"cat":"food","amt":12345.678,"day":"2026-8-27","io":"inc"},{"id":"e4","ts":1787864400000,"cat":"food","amt":0.2,"day":"2026-8-28","io":"inc"},{"id":"e5","ts":1788213600000,"cat":"food","amt":-3.25,"day":"2026-9-1","io":"exp"}]|1787781600000,2026-8-27,3
group	[{"id":"e0","ts":1790337600000,"cat":"food","amt":-3.25,"day":"2026-9-25","io":"exp"},{"id":"e1","ts":1791028800000,"cat":"food","amt":0,"day":"2026-10-3","io":"inc"},{"id":"e2","ts":1791201600000,"cat":"food","amt":1e-7,"day":"2026-10-5","io":"inc"}]|1791115200000,2026-10-4
flat	[{"id":"e0","ts":1790337600000,"cat":"food","amt":-3.25,"day":"2026-9-25","io":"exp"},{"id":"e1","ts":1791028800000,"cat":"food","amt":0,"day":"2026-10-3","io":"inc"},{"id":"e2","ts":1791201600000,"cat":"food","amt":1e-7,"day":"2026-10-5","io":"inc"}]|1791115200000,2026-10-4,1
group	[{"id":"e0","ts":1791205200000,"cat":"food","amt":1e+21,"day":"2026-10-6","io":"inc"},{"id":"e1","ts":1790337600000,"cat":"food","amt":0,"day":"2026-9-25","io":"xfer"},{"id":"e2","ts":1791201600000,"cat":"food","amt":0,"day":"2026-10-5","io":"inc"},{"id":"e3","ts":1791028800000,"cat":"food","amt":1e+21,"day":"2026-10-3"},{"id":"e4","ts":1790942400000,"cat":"food","amt":10.5,"day":"2026-10-2","io":"exp"},{"id":"e5","ts":1791111600000,"cat":"food","amt":0,"day":"2026-10-4","io":"exp"},{"id":"e6","ts":1791284400000,"cat":"food","amt":1e+21,"day":"2026-10-6"}]|1791115200000,2026-10-4
flat	[{"id":"e0","ts":1791205200000,"cat":"food","amt":1e+21,"day":"2026-10-6","io":"inc"},{"id":"e1","ts":1790337600000,"cat":"food","amt":0,"day":"2026-9-25","io":"xfer"},{"id":"e2","ts":1791201600000,"cat":"food","amt":0,"day":"2026-10-5","io":"inc"},{"id":"e3","ts":1791028800000,"cat":"food","amt":1e+21,"day":"2026-10-3"},{"id":"e4","ts":1790942400000,"cat":"food","amt":10.5,"day":"2026-10-2","io":"exp"},{"id":"e5","ts":1791111600000,"cat":"food","amt":0,"day":"2026-10-4","io":"exp"},{"id":"e6","ts":1791284400000,"cat":"food","amt":1e+21,"day":"2026-10-6"}]|1791115200000,2026-10-4,1
group	[]|1767229200000,2026-1-1
flat	[]|1767229200000,2026-1-1,0
group	[{"id":"e0","ts":1767016800000,"cat":"food","amt":-3.25,"day":"2025-12-30","io":"inc"},{"id":"e1","ts":1767362400000,"cat":"food","amt":1,"day":"2026-1-3","io":"inc"},{"id":"e2","ts":1766408400000,"cat":"food","amt":0,"day":"2025-12-23","io":"exp"},{"id":"e3","ts":1767272400000,"cat":"food","amt":0.1,"day":"2026-1-2","io":"inc"},{"id":"e4","ts":1767358800000,"cat":"food","amt":-3.25,"day":"2026-1-3"},{"id":"e5","ts":1767009600000,"cat":"food","amt":1,"day":"2025-12-29"}]|1767186000000,2026-1-1
flat	[{"id":"e0","ts":1767016800000,"cat":"food","amt":-3.25,"day":"2025-12-30","io":"inc"},{"id":"e1","ts":1767362400000,"cat":"food","amt":1,"day":"2026-1-3","io":"inc"},{"id":"e2","ts":1766408400000,"cat":"food","amt":0,"day":"2025-12-23","io":"exp"},{"id":"e3","ts":1767272400000,"cat":"food","amt":0.1,"day":"2026-1-2","io":"inc"},{"id":"e4","ts":1767358800000,"cat":"food","amt":-3.25,"day":"2026-1-3"},{"id":"e5","ts":1767009600000,"cat":"food","amt":1,"day":"2025-12-29"}]|1767186000000,2026-1-1,3
group	[]|1767229200000,2026-1-1
flat	[]|1767229200000,2026-1-1,3
group	[{"id":"e0","ts":1790427600000,"cat":"food","amt":0.2,"day":"2026-9-26","io":"xfer"},{"id":"e1","ts":1791201600000,"cat":"food","amt":0.1,"day":"2026-10-5","io":"exp"},{"id":"e2","ts":1791201600000,"cat":"food","amt":0,"day":"2026-10-5"}]|1791201600000,2026-10-5
flat	[{"id":"e0","ts":1790427600000,"cat":"food","amt":0.2,"day":"2026-9-26","io":"xfer"},{"id":"e1","ts":1791201600000,"cat":"food","amt":0.1,"day":"2026-10-5","io":"exp"},{"id":"e2","ts":1791201600000,"cat":"food","amt":0,"day":"2026-10-5"}]|1791201600000,2026-10-5,1
group	[{"id":"e0","ts":1787540400000,"cat":"food","amt":1e+21,"day":"2026-8-24","io":"exp"},{"id":"e1","ts":1788141600000,"cat":"food","amt":-3.25,"day":"2026-8-31","io":"inc"}]|1787713200000,2026-8-26
flat	[{"id":"e0","ts":1787540400000,"cat":"food","amt":1e+21,"day":"2026-8-24","io":"exp"},{"id":"e1","ts":1788141600000,"cat":"food","amt":-3.25,"day":"2026-8-31","io":"inc"}]|1787713200000,2026-8-26,3
group	[{"id":"e0","ts":1767099600000,"cat":"food","amt":10.5,"day":"2025-12-31","io":"inc"}]|1767186000000,2026-1-1
flat	[{"id":"e0","ts":1767099600000,"cat":"food","amt":10.5,"day":"2025-12-31","io":"inc"}]|1767186000000,2026-1-1,1
group	[{"id":"e0","ts":1791201600000,"cat":"food","amt":1,"day":"2026-10-5","io":"exp"},{"id":"e1","ts":1791378000000,"cat":"food","amt":0,"day":"2026-10-8","io":"inc"}]|1791201600000,2026-10-5
flat	[{"id":"e0","ts":1791201600000,"cat":"food","amt":1,"day":"2026-10-5","io":"exp"},{"id":"e1","ts":1791378000000,"cat":"food","amt":0,"day":"2026-10-8","io":"inc"}]|1791201600000,2026-10-5,3
group	[{"id":"e0","ts":1787612400000,"cat":"food","amt":1e-7,"day":"2026-8-25","io":"inc"}]|1787781600000,2026-8-27
flat	[{"id":"e0","ts":1787612400000,"cat":"food","amt":1e-7,"day":"2026-8-25","io":"inc"}]|1787781600000,2026-8-27,1
group	[{"id":"e0","ts":1774612800000,"cat":"food","amt":10.5,"day":"2026-3-27","io":"exp"},{"id":"e1","ts":1774612800000,"cat":"food","amt":0,"day":"2026-3-27","io":"exp"}]|1775390400000,2026-4-5
flat	[{"id":"e0","ts":1774612800000,"cat":"food","amt":10.5,"day":"2026-3-27","io":"exp"},{"id":"e1","ts":1774612800000,"cat":"food","amt":0,"day":"2026-3-27","io":"exp"}]|1775390400000,2026-4-5,1
group	[{"id":"e0","ts":1790856000000,"cat":"food","amt":1e+21,"day":"2026-10-1"}]|1791028800000,2026-10-3
flat	[{"id":"e0","ts":1790856000000,"cat":"food","amt":1e+21,"day":"2026-10-1"}]|1791028800000,2026-10-3,4
group	[{"id":"e0","ts":1775480400000,"cat":"food","amt":0.1,"day":"2026-4-6","io":"xfer"},{"id":"e1","ts":1775394000000,"cat":"food","amt":0,"day":"2026-4-5"},{"id":"e2","ts":1775476800000,"cat":"food","amt":0,"day":"2026-4-6","io":"inc"},{"id":"e3","ts":1775304000000,"cat":"food","amt":1,"day":"2026-4-4","io":"xfer"},{"id":"e4","ts":1775739600000,"cat":"food","amt":0,"day":"2026-4-9","io":"xfer"},{"id":"e5","ts":1775307600000,"cat":"food","amt":1,"day":"2026-4-5","io":"xfer"}]|1775304000000,2026-4-4
flat	[{"id":"e0","ts":1775480400000,"cat":"food","amt":0.1,"day":"2026-4-6","io":"xfer"},{"id":"e1","ts":1775394000000,"cat":"food","amt":0,"day":"2026-4-5"},{"id":"e2","ts":1775476800000,"cat":"food","amt":0,"day":"2026-4-6","io":"inc"},{"id":"e3","ts":1775304000000,"cat":"food","amt":1,"day":"2026-4-4","io":"xfer"},{"id":"e4","ts":1775739600000,"cat":"food","amt":0,"day":"2026-4-9","io":"xfer"},{"id":"e5","ts":1775307600000,"cat":"food","amt":1,"day":"2026-4-5","io":"xfer"}]|1775304000000,2026-4-4,4
group	[{"id":"e0","ts":1775304000000,"cat":"food","amt":1e+21,"day":"2026-4-4"}]|1775304000000,2026-4-4
flat	[{"id":"e0","ts":1775304000000,"cat":"food","amt":1e+21,"day":"2026-4-4"}]|1775304000000,2026-4-4,1
group	[{"id":"e0","ts":1767186000000,"cat":"food","amt":1e+21,"day":"2026-1-1","io":"inc"},{"id":"e1","ts":1767186000000,"cat":"food","amt":1,"day":"2026-1-1","io":"inc"},{"id":"e2","ts":1767182400000,"cat":"food","amt":-3.25,"day":"2025-12-31","io":"xfer"}]|1767186000000,2026-1-1
flat	[{"id":"e0","ts":1767186000000,"cat":"food","amt":1e+21,"day":"2026-1-1","io":"inc"},{"id":"e1","ts":1767186000000,"cat":"food","amt":1,"day":"2026-1-1","io":"inc"},{"id":"e2","ts":1767182400000,"cat":"food","amt":-3.25,"day":"2025-12-31","io":"xfer"}]|1767186000000,2026-1-1,2
group	[{"id":"e0","ts":1775563200000,"cat":"food","amt":1e+21,"day":"2026-4-7"}]|1775390400000,2026-4-5
flat	[{"id":"e0","ts":1775563200000,"cat":"food","amt":1e+21,"day":"2026-4-7"}]|1775390400000,2026-4-5,4
group	[{"id":"e0","ts":1791288000000,"cat":"food","amt":12345.678,"day":"2026-10-6","io":"exp"},{"id":"e1","ts":1790337600000,"cat":"food","amt":-3.25,"day":"2026-9-25","io":"xfer"},{"id":"e2","ts":1791032400000,"cat":"food","amt":0.1,"day":"2026-10-3"},{"id":"e3","ts":1791032400000,"cat":"food","amt":10.5,"day":"2026-10-3","io":"exp"},{"id":"e4","ts":1791118800000,"cat":"food","amt":0,"day":"2026-10-5"}]|1791115200000,2026-10-4
flat	[{"id":"e0","ts":1791288000000,"cat":"food","amt":12345.678,"day":"2026-10-6","io":"exp"},{"id":"e1","ts":1790337600000,"cat":"food","amt":-3.25,"day":"2026-9-25","io":"xfer"},{"id":"e2","ts":1791032400000,"cat":"food","amt":0.1,"day":"2026-10-3"},{"id":"e3","ts":1791032400000,"cat":"food","amt":10.5,"day":"2026-10-3","io":"exp"},{"id":"e4","ts":1791118800000,"cat":"food","amt":0,"day":"2026-10-5"}]|1791115200000,2026-10-4,3
group	[{"id":"e0","ts":1775390400000,"cat":"food","amt":10.5,"day":"2026-4-5"},{"id":"e1","ts":1775476800000,"cat":"food","amt":-3.25,"day":"2026-4-6","io":"inc"},{"id":"e2","ts":1774612800000,"cat":"food","amt":1e+21,"day":"2026-3-27"},{"id":"e3","ts":1775476800000,"cat":"food","amt":1e-7,"day":"2026-4-6"},{"id":"e4","ts":1775217600000,"cat":"food","amt":0,"day":"2026-4-3","io":"xfer"}]|1775390400000,2026-4-5
flat	[{"id":"e0","ts":1775390400000,"cat":"food","amt":10.5,"day":"2026-4-5"},{"id":"e1","ts":1775476800000,"cat":"food","amt":-3.25,"day":"2026-4-6","io":"inc"},{"id":"e2","ts":1774612800000,"cat":"food","amt":1e+21,"day":"2026-3-27"},{"id":"e3","ts":1775476800000,"cat":"food","amt":1e-7,"day":"2026-4-6"},{"id":"e4","ts":1775217600000,"cat":"food","amt":0,"day":"2026-4-3","io":"xfer"}]|1775390400000,2026-4-5,1
group	[]|1767229200000,2026-1-1
flat	[]|1767229200000,2026-1-1,1
group	[{"id":"e0","ts":1787709600000,"cat":"food","amt":0,"day":"2026-8-26","io":"xfer"},{"id":"e1","ts":1787886000000,"cat":"food","amt":-3.25,"day":"2026-8-28","io":"xfer"},{"id":"e2","ts":1787536800000,"cat":"food","amt":0.2,"day":"2026-8-24","io":"inc"},{"id":"e3","ts":1787799600000,"cat":"food","amt":1e-7,"day":"2026-8-27","io":"inc"},{"id":"e4","ts":1787713200000,"cat":"food","amt":1,"day":"2026-8-26","io":"exp"},{"id":"e5","ts":1787544000000,"cat":"food","amt":0,"day":"2026-8-24"}]|1787713200000,2026-8-26
flat	[{"id":"e0","ts":1787709600000,"cat":"food","amt":0,"day":"2026-8-26","io":"xfer"},{"id":"e1","ts":1787886000000,"cat":"food","amt":-3.25,"day":"2026-8-28","io":"xfer"},{"id":"e2","ts":1787536800000,"cat":"food","amt":0.2,"day":"2026-8-24","io":"inc"},{"id":"e3","ts":1787799600000,"cat":"food","amt":1e-7,"day":"2026-8-27","io":"inc"},{"id":"e4","ts":1787713200000,"cat":"food","amt":1,"day":"2026-8-26","io":"exp"},{"id":"e5","ts":1787544000000,"cat":"food","amt":0,"day":"2026-8-24"}]|1787713200000,2026-8-26,0
group	[]|1787781600000,2026-8-27
flat	[]|1787781600000,2026-8-27,2
group	[{"id":"e0","ts":1767405600000,"cat":"food","amt":1e-7,"day":"2026-1-3","io":"inc"},{"id":"e1","ts":1767664800000,"cat":"food","amt":0,"day":"2026-1-6","io":"inc"},{"id":"e2","ts":1767229200000,"cat":"food","amt":0.1,"day":"2026-1-1","io":"exp"},{"id":"e3","ts":1767225600000,"cat":"food","amt":1e-7,"day":"2026-1-1","io":"inc"},{"id":"e4","ts":1767060000000,"cat":"food","amt":-3.25,"day":"2025-12-30","io":"xfer"},{"id":"e5","ts":1767229200000,"cat":"food","amt":0.2,"day":"2026-1-1"},{"id":"e6","ts":1767225600000,"cat":"food","amt":-3.25,"day":"2026-1-1","io":"xfer"}]|1767229200000,2026-1-1
flat	[{"id":"e0","ts":1767405600000,"cat":"food","amt":1e-7,"day":"2026-1-3","io":"inc"},{"id":"e1","ts":1767664800000,"cat":"food","amt":0,"day":"2026-1-6","io":"inc"},{"id":"e2","ts":1767229200000,"cat":"food","amt":0.1,"day":"2026-1-1","io":"exp"},{"id":"e3","ts":1767225600000,"cat":"food","amt":1e-7,"day":"2026-1-1","io":"inc"},{"id":"e4","ts":1767060000000,"cat":"food","amt":-3.25,"day":"2025-12-30","io":"xfer"},{"id":"e5","ts":1767229200000,"cat":"food","amt":0.2,"day":"2026-1-1"},{"id":"e6","ts":1767225600000,"cat":"food","amt":-3.25,"day":"2026-1-1","io":"xfer"}]|1767229200000,2026-1-1,2
group	[]|1791201600000,2026-10-5
flat	[]|1791201600000,2026-10-5,4
group	[{"id":"e0","ts":1775304000000,"cat":"food","amt":-3.25,"day":"2026-4-4","io":"xfer"},{"id":"e1","ts":1775563200000,"cat":"food","amt":0,"day":"2026-4-7"},{"id":"e2","ts":1775386800000,"cat":"food","amt":12345.678,"day":"2026-4-5"},{"id":"e3","ts":1775822400000,"cat":"food","amt":0,"day":"2026-4-10","io":"exp"},{"id":"e4","ts":1775217600000,"cat":"food","amt":12345.678,"day":"2026-4-3"},{"id":"e5","ts":1775473200000,"cat":"food","amt":0.2,"day":"2026-4-6","io":"exp"},{"id":"e6","ts":1775476800000,"cat":"food","amt":0,"day":"2026-4-6","io":"inc"}]|1775390400000,2026-4-5
flat	[{"id":"e0","ts":1775304000000,"cat":"food","amt":-3.25,"day":"2026-4-4","io":"xfer"},{"id":"e1","ts":1775563200000,"cat":"food","amt":0,"day":"2026-4-7"},{"id":"e2","ts":1775386800000,"cat":"food","amt":12345.678,"day":"2026-4-5"},{"id":"e3","ts":1775822400000,"cat":"food","amt":0,"day":"2026-4-10","io":"exp"},{"id":"e4","ts":1775217600000,"cat":"food","amt":12345.678,"day":"2026-4-3"},{"id":"e5","ts":1775473200000,"cat":"food","amt":0.2,"day":"2026-4-6","io":"exp"},{"id":"e6","ts":1775476800000,"cat":"food","amt":0,"day":"2026-4-6","io":"inc"}]|1775390400000,2026-4-5,2
group	[{"id":"e0","ts":1767315600000,"cat":"food","amt":1e-7,"day":"2026-1-2","io":"inc"},{"id":"e1","ts":1767229200000,"cat":"food","amt":1e-7,"day":"2026-1-1","io":"exp"},{"id":"e2","ts":1766448000000,"cat":"food","amt":0,"day":"2025-12-23","io":"xfer"},{"id":"e3","ts":1767402000000,"cat":"food","amt":-3.25,"day":"2026-1-3","io":"inc"},{"id":"e4","ts":1767225600000,"cat":"food","amt":1e-7,"day":"2026-1-1"},{"id":"e5","ts":1767229200000,"cat":"food","amt":1,"day":"2026-1-1","io":"xfer"}]|1767229200000,2026-1-1
flat	[{"id":"e0","ts":1767315600000,"cat":"food","amt":1e-7,"day":"2026-1-2","io":"inc"},{"id":"e1","ts":1767229200000,"cat":"food","amt":1e-7,"day":"2026-1-1","io":"exp"},{"id":"e2","ts":1766448000000,"cat":"food","amt":0,"day":"2025-12-23","io":"xfer"},{"id":"e3","ts":1767402000000,"cat":"food","amt":-3.25,"day":"2026-1-3","io":"inc"},{"id":"e4","ts":1767225600000,"cat":"food","amt":1e-7,"day":"2026-1-1"},{"id":"e5","ts":1767229200000,"cat":"food","amt":1,"day":"2026-1-1","io":"xfer"}]|1767229200000,2026-1-1,0
group	[{"id":"e0","ts":1767225600000,"cat":"food","amt":0,"day":"2026-1-1"},{"id":"e1","ts":1767229200000,"cat":"food","amt":1e-7,"day":"2026-1-1","io":"inc"}]|1767229200000,2026-1-1
flat	[{"id":"e0","ts":1767225600000,"cat":"food","amt":0,"day":"2026-1-1"},{"id":"e1","ts":1767229200000,"cat":"food","amt":1e-7,"day":"2026-1-1","io":"inc"}]|1767229200000,2026-1-1,1
group	[{"id":"e0","ts":1790946000000,"cat":"food","amt":0,"day":"2026-10-2","io":"inc"},{"id":"e1","ts":1790938800000,"cat":"food","amt":0,"day":"2026-10-2","io":"xfer"}]|1791028800000,2026-10-3
flat	[{"id":"e0","ts":1790946000000,"cat":"food","amt":0,"day":"2026-10-2","io":"inc"},{"id":"e1","ts":1790938800000,"cat":"food","amt":0,"day":"2026-10-2","io":"xfer"}]|1791028800000,2026-10-3,1
group	[{"id":"e0","ts":1790251200000,"cat":"food","amt":0,"day":"2026-9-24","io":"exp"},{"id":"e1","ts":1791111600000,"cat":"food","amt":1,"day":"2026-10-4","io":"exp"},{"id":"e2","ts":1791028800000,"cat":"food","amt":-3.25,"day":"2026-10-3","io":"exp"}]|1791028800000,2026-10-3
flat	[{"id":"e0","ts":1790251200000,"cat":"food","amt":0,"day":"2026-9-24","io":"exp"},{"id":"e1","ts":1791111600000,"cat":"food","amt":1,"day":"2026-10-4","io":"exp"},{"id":"e2","ts":1791028800000,"cat":"food","amt":-3.25,"day":"2026-10-3","io":"exp"}]|1791028800000,2026-10-3,2
group	[]|1775476800000,2026-4-6
flat	[]|1775476800000,2026-4-6,0
group	[{"id":"e0","ts":1790859600000,"cat":"food","amt":0,"day":"2026-10-1","io":"inc"},{"id":"e1","ts":1791201600000,"cat":"food","amt":0,"day":"2026-10-5","io":"inc"},{"id":"e2","ts":1790942400000,"cat":"food","amt":10.5,"day":"2026-10-2","io":"xfer"}]|1791028800000,2026-10-3
flat	[{"id":"e0","ts":1790859600000,"cat":"food","amt":0,"day":"2026-10-1","io":"inc"},{"id":"e1","ts":1791201600000,"cat":"food","amt":0,"day":"2026-10-5","io":"inc"},{"id":"e2","ts":1790942400000,"cat":"food","amt":10.5,"day":"2026-10-2","io":"xfer"}]|1791028800000,2026-10-3,1
group	[{"id":"e0","ts":1787785200000,"cat":"food","amt":10.5,"day":"2026-8-27"}]|1787781600000,2026-8-27
flat	[{"id":"e0","ts":1787785200000,"cat":"food","amt":10.5,"day":"2026-8-27"}]|1787781600000,2026-8-27,1
group	[{"id":"e0","ts":1791025200000,"cat":"food","amt":0,"day":"2026-10-3","io":"exp"},{"id":"e1","ts":1791378000000,"cat":"food","amt":1,"day":"2026-10-8"},{"id":"e2","ts":1791633600000,"cat":"food","amt":0,"day":"2026-10-10"},{"id":"e3","ts":1791633600000,"cat":"food","amt":0.1,"day":"2026-10-10","io":"inc"},{"id":"e4","ts":1791205200000,"cat":"food","amt":10.5,"day":"2026-10-6","io":"xfer"}]|1791201600000,2026-10-5
flat	[{"id":"e0","ts":1791025200000,"cat":"food","amt":0,"day":"2026-10-3","io":"exp"},{"id":"e1","ts":1791378000000,"cat":"food","amt":1,"day":"2026-10-8"},{"id":"e2","ts":1791633600000,"cat":"food","amt":0,"day":"2026-10-10"},{"id":"e3","ts":1791633600000,"cat":"food","amt":0.1,"day":"2026-10-10","io":"inc"},{"id":"e4","ts":1791205200000,"cat":"food","amt":10.5,"day":"2026-10-6","io":"xfer"}]|1791201600000,2026-10-5,2
group	[{"id":"e0","ts":1767142800000,"cat":"food","amt":1e+21,"day":"2025-12-31"},{"id":"e1","ts":1767312000000,"cat":"food","amt":0.1,"day":"2026-1-2"}]|1767229200000,2026-1-1
flat	[{"id":"e0","ts":1767142800000,"cat":"food","amt":1e+21,"day":"2025-12-31"},{"id":"e1","ts":1767312000000,"cat":"food","amt":0.1,"day":"2026-1-2"}]|1767229200000,2026-1-1,2
group	[{"id":"e0","ts":1767099600000,"cat":"food","amt":1e+21,"day":"2025-12-31","io":"exp"},{"id":"e1","ts":1767013200000,"cat":"food","amt":1,"day":"2025-12-30","io":"inc"},{"id":"e2","ts":1767614400000,"cat":"food","amt":0,"day":"2026-1-5"},{"id":"e3","ts":1767276000000,"cat":"food","amt":-3.25,"day":"2026-1-2"}]|1767186000000,2026-1-1
flat	[{"id":"e0","ts":1767099600000,"cat":"food","amt":1e+21,"day":"2025-12-31","io":"exp"},{"id":"e1","ts":1767013200000,"cat":"food","amt":1,"day":"2025-12-30","io":"inc"},{"id":"e2","ts":1767614400000,"cat":"food","amt":0,"day":"2026-1-5"},{"id":"e3","ts":1767276000000,"cat":"food","amt":-3.25,"day":"2026-1-2"}]|1767186000000,2026-1-1,1
group	[{"id":"e0","ts":1774699200000,"cat":"food","amt":0,"day":"2026-3-28","io":"inc"},{"id":"e1","ts":1775559600000,"cat":"food","amt":10.5,"day":"2026-4-7","io":"xfer"},{"id":"e2","ts":1775394000000,"cat":"food","amt":1,"day":"2026-4-5"},{"id":"e3","ts":1775649600000,"cat":"food","amt":1e+21,"day":"2026-4-8"},{"id":"e4","ts":1775908800000,"cat":"food","amt":-3.25,"day":"2026-4-11","io":"inc"},{"id":"e5","ts":1774699200000,"cat":"food","amt":10.5,"day":"2026-3-28","io":"exp"},{"id":"e6","ts":1775394000000,"cat":"food","amt":0,"day":"2026-4-5","io":"inc"}]|1775476800000,2026-4-6
flat	[{"id":"e0","ts":1774699200000,"cat":"food","amt":0,"day":"2026-3-28","io":"inc"},{"id":"e1","ts":1775559600000,"cat":"food","amt":10.5,"day":"2026-4-7","io":"xfer"},{"id":"e2","ts":1775394000000,"cat":"food","amt":1,"day":"2026-4-5"},{"id":"e3","ts":1775649600000,"cat":"food","amt":1e+21,"day":"2026-4-8"},{"id":"e4","ts":1775908800000,"cat":"food","amt":-3.25,"day":"2026-4-11","io":"inc"},{"id":"e5","ts":1774699200000,"cat":"food","amt":10.5,"day":"2026-3-28","io":"exp"},{"id":"e6","ts":1775394000000,"cat":"food","amt":0,"day":"2026-4-5","io":"inc"}]|1775476800000,2026-4-6,1
group	[{"id":"e0","ts":1775822400000,"cat":"food","amt":12345.678,"day":"2026-4-10","io":"xfer"},{"id":"e1","ts":1775559600000,"cat":"food","amt":10.5,"day":"2026-4-7","io":"inc"},{"id":"e2","ts":1775559600000,"cat":"food","amt":0.1,"day":"2026-4-7"},{"id":"e3","ts":1774616400000,"cat":"food","amt":10.5,"day":"2026-3-28","io":"xfer"},{"id":"e4","ts":1774612800000,"cat":"food","amt":0,"day":"2026-3-27","io":"exp"}]|1775390400000,2026-4-5
flat	[{"id":"e0","ts":1775822400000,"cat":"food","amt":12345.678,"day":"2026-4-10","io":"xfer"},{"id":"e1","ts":1775559600000,"cat":"food","amt":10.5,"day":"2026-4-7","io":"inc"},{"id":"e2","ts":1775559600000,"cat":"food","amt":0.1,"day":"2026-4-7"},{"id":"e3","ts":1774616400000,"cat":"food","amt":10.5,"day":"2026-3-28","io":"xfer"},{"id":"e4","ts":1774612800000,"cat":"food","amt":0,"day":"2026-3-27","io":"exp"}]|1775390400000,2026-4-5,1
group	[{"id":"e0","ts":1775300400000,"cat":"food","amt":1e-7,"day":"2026-4-4"},{"id":"e1","ts":1775304000000,"cat":"food","amt":12345.678,"day":"2026-4-4","io":"inc"}]|1775476800000,2026-4-6
flat	[{"id":"e0","ts":1775300400000,"cat":"food","amt":1e-7,"day":"2026-4-4"},{"id":"e1","ts":1775304000000,"cat":"food","amt":12345.678,"day":"2026-4-4","io":"inc"}]|1775476800000,2026-4-6,2
group	[{"id":"e0","ts":1767225600000,"cat":"food","amt":1e+21,"day":"2026-1-1","io":"inc"},{"id":"e1","ts":1767146400000,"cat":"food","amt":10.5,"day":"2025-12-31","io":"inc"},{"id":"e2","ts":1767319200000,"cat":"food","amt":1e-7,"day":"2026-1-2"},{"id":"e3","ts":1767398400000,"cat":"food","amt":1e+21,"day":"2026-1-3","io":"inc"},{"id":"e4","ts":1766448000000,"cat":"food","amt":12345.678,"day":"2025-12-23","io":"xfer"}]|1767229200000,2026-1-1
flat	[{"id":"e0","ts":1767225600000,"cat":"food","amt":1e+21,"day":"2026-1-1","io":"inc"},{"id":"e1","ts":1767146400000,"cat":"food","amt":10.5,"day":"2025-12-31","io":"inc"},{"id":"e2","ts":1767319200000,"cat":"food","amt":1e-7,"day":"2026-1-2"},{"id":"e3","ts":1767398400000,"cat":"food","amt":1e+21,"day":"2026-1-3","io":"inc"},{"id":"e4","ts":1766448000000,"cat":"food","amt":12345.678,"day":"2025-12-23","io":"xfer"}]|1767229200000,2026-1-1,2
group	[{"id":"e0","ts":1767614400000,"cat":"food","amt":-3.25,"day":"2026-1-5"},{"id":"e1","ts":1767272400000,"cat":"food","amt":1e+21,"day":"2026-1-2","io":"exp"},{"id":"e2","ts":1767189600000,"cat":"food","amt":0,"day":"2026-1-1","io":"exp"},{"id":"e3","ts":1767186000000,"cat":"food","amt":0.1,"day":"2026-1-1","io":"exp"},{"id":"e4","ts":1767016800000,"cat":"food","amt":-3.25,"day":"2025-12-30","io":"xfer"},{"id":"e5","ts":1767358800000,"cat":"food","amt":0,"day":"2026-1-3","io":"exp"}]|1767186000000,2026-1-1
flat	[{"id":"e0","ts":1767614400000,"cat":"food","amt":-3.25,"day":"2026-1-5"},{"id":"e1","ts":1767272400000,"cat":"food","amt":1e+21,"day":"2026-1-2","io":"exp"},{"id":"e2","ts":1767189600000,"cat":"food","amt":0,"day":"2026-1-1","io":"exp"},{"id":"e3","ts":1767186000000,"cat":"food","amt":0.1,"day":"2026-1-1","io":"exp"},{"id":"e4","ts":1767016800000,"cat":"food","amt":-3.25,"day":"2025-12-30","io":"xfer"},{"id":"e5","ts":1767358800000,"cat":"food","amt":0,"day":"2026-1-3","io":"exp"}]|1767186000000,2026-1-1,3
group	[{"id":"e0","ts":1791025200000,"cat":"food","amt":12345.678,"day":"2026-10-3","io":"inc"}]|1791115200000,2026-10-4
flat	[{"id":"e0","ts":1791025200000,"cat":"food","amt":12345.678,"day":"2026-10-3","io":"inc"}]|1791115200000,2026-10-4,4
group	[{"id":"e0","ts":1767276000000,"cat":"food","amt":1e+21,"day":"2026-1-2","io":"xfer"}]|1767186000000,2026-1-1
flat	[{"id":"e0","ts":1767276000000,"cat":"food","amt":1e+21,"day":"2026-1-2","io":"xfer"}]|1767186000000,2026-1-1,1
group	[{"id":"e0","ts":1775908800000,"cat":"food","amt":12345.678,"day":"2026-4-11"},{"id":"e1","ts":1775394000000,"cat":"food","amt":0,"day":"2026-4-5","io":"inc"},{"id":"e2","ts":1775473200000,"cat":"food","amt":1,"day":"2026-4-6","io":"exp"},{"id":"e3","ts":1775300400000,"cat":"food","amt":10.5,"day":"2026-4-4","io":"exp"},{"id":"e4","ts":1775908800000,"cat":"food","amt":1e+21,"day":"2026-4-11"},{"id":"e5","ts":1775473200000,"cat":"food","amt":0.2,"day":"2026-4-6","io":"xfer"}]|1775476800000,2026-4-6
flat	[{"id":"e0","ts":1775908800000,"cat":"food","amt":12345.678,"day":"2026-4-11"},{"id":"e1","ts":1775394000000,"cat":"food","amt":0,"day":"2026-4-5","io":"inc"},{"id":"e2","ts":1775473200000,"cat":"food","amt":1,"day":"2026-4-6","io":"exp"},{"id":"e3","ts":1775300400000,"cat":"food","amt":10.5,"day":"2026-4-4","io":"exp"},{"id":"e4","ts":1775908800000,"cat":"food","amt":1e+21,"day":"2026-4-11"},{"id":"e5","ts":1775473200000,"cat":"food","amt":0.2,"day":"2026-4-6","io":"xfer"}]|1775476800000,2026-4-6,1
group	[{"id":"e0","ts":1775473200000,"cat":"food","amt":1,"day":"2026-4-6","io":"inc"},{"id":"e1","ts":1775390400000,"cat":"food","amt":1e+21,"day":"2026-4-5","io":"exp"},{"id":"e2","ts":1775307600000,"cat":"food","amt":12345.678,"day":"2026-4-5","io":"xfer"},{"id":"e3","ts":1775473200000,"cat":"food","amt":0.1,"day":"2026-4-6"},{"id":"e4","ts":1775386800000,"cat":"food","amt":10.5,"day":"2026-4-5"}]|1775390400000,2026-4-5
flat	[{"id":"e0","ts":1775473200000,"cat":"food","amt":1,"day":"2026-4-6","io":"inc"},{"id":"e1","ts":1775390400000,"cat":"food","amt":1e+21,"day":"2026-4-5","io":"exp"},{"id":"e2","ts":1775307600000,"cat":"food","amt":12345.678,"day":"2026-4-5","io":"xfer"},{"id":"e3","ts":1775473200000,"cat":"food","amt":0.1,"day":"2026-4-6"},{"id":"e4","ts":1775386800000,"cat":"food","amt":10.5,"day":"2026-4-5"}]|1775390400000,2026-4-5,3
group	[{"id":"e0","ts":1788145200000,"cat":"food","amt":1e-7,"day":"2026-8-31","io":"xfer"},{"id":"e1","ts":1788145200000,"cat":"food","amt":0.1,"day":"2026-8-31"},{"id":"e2","ts":1786935600000,"cat":"food","amt":-3.25,"day":"2026-8-17"}]|1787713200000,2026-8-26
flat	[{"id":"e0","ts":1788145200000,"cat":"food","amt":1e-7,"day":"2026-8-31","io":"xfer"},{"id":"e1","ts":1788145200000,"cat":"food","amt":0.1,"day":"2026-8-31"},{"id":"e2","ts":1786935600000,"cat":"food","amt":-3.25,"day":"2026-8-17"}]|1787713200000,2026-8-26,4
group	[{"id":"e0","ts":1775386800000,"cat":"food","amt":1e-7,"day":"2026-4-5","io":"xfer"},{"id":"e1","ts":1775217600000,"cat":"food","amt":1e-7,"day":"2026-4-3"},{"id":"e2","ts":1775563200000,"cat":"food","amt":1e+21,"day":"2026-4-7"},{"id":"e3","ts":1775822400000,"cat":"food","amt":-3.25,"day":"2026-4-10","io":"inc"},{"id":"e4","ts":1775307600000,"cat":"food","amt":1e+21,"day":"2026-4-5"},{"id":"e5","ts":1775473200000,"cat":"food","amt":-3.25,"day":"2026-4-6","io":"xfer"},{"id":"e6","ts":1775480400000,"cat":"food","amt":0.2,"day":"2026-4-6","io":"xfer"}]|1775390400000,2026-4-5
flat	[{"id":"e0","ts":1775386800000,"cat":"food","amt":1e-7,"day":"2026-4-5","io":"xfer"},{"id":"e1","ts":1775217600000,"cat":"food","amt":1e-7,"day":"2026-4-3"},{"id":"e2","ts":1775563200000,"cat":"food","amt":1e+21,"day":"2026-4-7"},{"id":"e3","ts":1775822400000,"cat":"food","amt":-3.25,"day":"2026-4-10","io":"inc"},{"id":"e4","ts":1775307600000,"cat":"food","amt":1e+21,"day":"2026-4-5"},{"id":"e5","ts":1775473200000,"cat":"food","amt":-3.25,"day":"2026-4-6","io":"xfer"},{"id":"e6","ts":1775480400000,"cat":"food","amt":0.2,"day":"2026-4-6","io":"xfer"}]|1775390400000,2026-4-5,2
group	[{"id":"e0","ts":1791374400000,"cat":"food","amt":1,"day":"2026-10-7","io":"exp"},{"id":"e1","ts":1791111600000,"cat":"food","amt":0,"day":"2026-10-4","io":"exp"},{"id":"e2","ts":1790420400000,"cat":"food","amt":0.2,"day":"2026-9-26","io":"xfer"},{"id":"e3","ts":1791291600000,"cat":"food","amt":0.1,"day":"2026-10-7","io":"exp"},{"id":"e4","ts":1790420400000,"cat":"food","amt":1e-7,"day":"2026-9-26","io":"inc"}]|1791201600000,2026-10-5
flat	[{"id":"e0","ts":1791374400000,"cat":"food","amt":1,"day":"2026-10-7","io":"exp"},{"id":"e1","ts":1791111600000,"cat":"food","amt":0,"day":"2026-10-4","io":"exp"},{"id":"e2","ts":1790420400000,"cat":"food","amt":0.2,"day":"2026-9-26","io":"xfer"},{"id":"e3","ts":1791291600000,"cat":"food","amt":0.1,"day":"2026-10-7","io":"exp"},{"id":"e4","ts":1790420400000,"cat":"food","amt":1e-7,"day":"2026-9-26","io":"inc"}]|1791201600000,2026-10-5,1
group	[{"id":"e0","ts":1791288000000,"cat":"food","amt":0.1,"day":"2026-10-6","io":"exp"},{"id":"e1","ts":1791115200000,"cat":"food","amt":12345.678,"day":"2026-10-4"},{"id":"e2","ts":1790424000000,"cat":"food","amt":1,"day":"2026-9-26","io":"exp"},{"id":"e3","ts":1791201600000,"cat":"food","amt":12345.678,"day":"2026-10-5","io":"exp"},{"id":"e4","ts":1791028800000,"cat":"food","amt":12345.678,"day":"2026-10-3","io":"exp"}]|1791201600000,2026-10-5
flat	[{"id":"e0","ts":1791288000000,"cat":"food","amt":0.1,"day":"2026-10-6","io":"exp"},{"id":"e1","ts":1791115200000,"cat":"food","amt":12345.678,"day":"2026-10-4"},{"id":"e2","ts":1790424000000,"cat":"food","amt":1,"day":"2026-9-26","io":"exp"},{"id":"e3","ts":1791201600000,"cat":"food","amt":12345.678,"day":"2026-10-5","io":"exp"},{"id":"e4","ts":1791028800000,"cat":"food","amt":12345.678,"day":"2026-10-3","io":"exp"}]|1791201600000,2026-10-5,0
group	[{"id":"e0","ts":1791205200000,"cat":"food","amt":1,"day":"2026-10-6","io":"xfer"},{"id":"e1","ts":1791028800000,"cat":"food","amt":-3.25,"day":"2026-10-3"},{"id":"e2","ts":1791205200000,"cat":"food","amt":-3.25,"day":"2026-10-6"},{"id":"e3","ts":1791118800000,"cat":"food","amt":-3.25,"day":"2026-10-5"},{"id":"e4","ts":1791118800000,"cat":"food","amt":-3.25,"day":"2026-10-5"}]|1791115200000,2026-10-4
flat	[{"id":"e0","ts":1791205200000,"cat":"food","amt":1,"day":"2026-10-6","io":"xfer"},{"id":"e1","ts":1791028800000,"cat":"food","amt":-3.25,"day":"2026-10-3"},{"id":"e2","ts":1791205200000,"cat":"food","amt":-3.25,"day":"2026-10-6"},{"id":"e3","ts":1791118800000,"cat":"food","amt":-3.25,"day":"2026-10-5"},{"id":"e4","ts":1791118800000,"cat":"food","amt":-3.25,"day":"2026-10-5"}]|1791115200000,2026-10-4,0
group	[{"id":"e0","ts":1791201600000,"cat":"food","amt":0,"day":"2026-10-5","io":"exp"},{"id":"e1","ts":1791205200000,"cat":"food","amt":10.5,"day":"2026-10-6","io":"xfer"}]|1791115200000,2026-10-4
flat	[{"id":"e0","ts":1791201600000,"cat":"food","amt":0,"day":"2026-10-5","io":"exp"},{"id":"e1","ts":1791205200000,"cat":"food","amt":10.5,"day":"2026-10-6","io":"xfer"}]|1791115200000,2026-10-4,4
group	[{"id":"e0","ts":1791028800000,"cat":"food","amt":1,"day":"2026-10-3","io":"exp"},{"id":"e1","ts":1791032400000,"cat":"food","amt":0.1,"day":"2026-10-3","io":"inc"},{"id":"e2","ts":1790942400000,"cat":"food","amt":1e-7,"day":"2026-10-2"},{"id":"e3","ts":1790856000000,"cat":"food","amt":1e+21,"day":"2026-10-1","io":"xfer"},{"id":"e4","ts":1791032400000,"cat":"food","amt":12345.678,"day":"2026-10-3"}]|1791028800000,2026-10-3
flat	[{"id":"e0","ts":1791028800000,"cat":"food","amt":1,"day":"2026-10-3","io":"exp"},{"id":"e1","ts":1791032400000,"cat":"food","amt":0.1,"day":"2026-10-3","io":"inc"},{"id":"e2","ts":1790942400000,"cat":"food","amt":1e-7,"day":"2026-10-2"},{"id":"e3","ts":1790856000000,"cat":"food","amt":1e+21,"day":"2026-10-1","io":"xfer"},{"id":"e4","ts":1791032400000,"cat":"food","amt":12345.678,"day":"2026-10-3"}]|1791028800000,2026-10-3,0
group	[{"id":"e0","ts":1791028800000,"cat":"food","amt":0,"day":"2026-10-3"},{"id":"e1","ts":1790942400000,"cat":"food","amt":10.5,"day":"2026-10-2","io":"xfer"},{"id":"e2","ts":1791201600000,"cat":"food","amt":1e-7,"day":"2026-10-5","io":"xfer"},{"id":"e3","ts":1791288000000,"cat":"food","amt":1e+21,"day":"2026-10-6","io":"inc"}]|1791115200000,2026-10-4
flat	[{"id":"e0","ts":1791028800000,"cat":"food","amt":0,"day":"2026-10-3"},{"id":"e1","ts":1790942400000,"cat":"food","amt":10.5,"day":"2026-10-2","io":"xfer"},{"id":"e2","ts":1791201600000,"cat":"food","amt":1e-7,"day":"2026-10-5","io":"xfer"},{"id":"e3","ts":1791288000000,"cat":"food","amt":1e+21,"day":"2026-10-6","io":"inc"}]|1791115200000,2026-10-4,2
group	[]|1787713200000,2026-8-26
flat	[]|1787713200000,2026-8-26,0
group	[{"id":"e0","ts":1775476800000,"cat":"food","amt":0,"day":"2026-4-6"}]|1775476800000,2026-4-6
flat	[{"id":"e0","ts":1775476800000,"cat":"food","amt":0,"day":"2026-4-6"}]|1775476800000,2026-4-6,4
group	[{"id":"e0","ts":1775908800000,"cat":"food","amt":0.2,"day":"2026-4-11","io":"inc"}]|1775476800000,2026-4-6
flat	[{"id":"e0","ts":1775908800000,"cat":"food","amt":0.2,"day":"2026-4-11","io":"inc"}]|1775476800000,2026-4-6,3
group	[{"id":"e0","ts":1787536800000,"cat":"food","amt":0.1,"day":"2026-8-24","io":"xfer"},{"id":"e1","ts":1787709600000,"cat":"food","amt":1e+21,"day":"2026-8-26","io":"xfer"},{"id":"e2","ts":1787623200000,"cat":"food","amt":-3.25,"day":"2026-8-25","io":"inc"}]|1787713200000,2026-8-26
flat	[{"id":"e0","ts":1787536800000,"cat":"food","amt":0.1,"day":"2026-8-24","io":"xfer"},{"id":"e1","ts":1787709600000,"cat":"food","amt":1e+21,"day":"2026-8-26","io":"xfer"},{"id":"e2","ts":1787623200000,"cat":"food","amt":-3.25,"day":"2026-8-25","io":"inc"}]|1787713200000,2026-8-26,3
group	[{"id":"e0","ts":1767661200000,"cat":"food","amt":1,"day":"2026-1-6","io":"exp"},{"id":"e1","ts":1767402000000,"cat":"food","amt":10.5,"day":"2026-1-3","io":"xfer"}]|1767229200000,2026-1-1
flat	[{"id":"e0","ts":1767661200000,"cat":"food","amt":1,"day":"2026-1-6","io":"exp"},{"id":"e1","ts":1767402000000,"cat":"food","amt":10.5,"day":"2026-1-3","io":"xfer"}]|1767229200000,2026-1-1,1
group	[{"id":"e0","ts":1767405600000,"cat":"food","amt":-3.25,"day":"2026-1-3","io":"inc"},{"id":"e1","ts":1767232800000,"cat":"food","amt":0,"day":"2026-1-1","io":"xfer"},{"id":"e2","ts":1767315600000,"cat":"food","amt":10.5,"day":"2026-1-2","io":"xfer"},{"id":"e3","ts":1767225600000,"cat":"food","amt":10.5,"day":"2026-1-1"},{"id":"e4","ts":1767319200000,"cat":"food","amt":10.5,"day":"2026-1-2"}]|1767229200000,2026-1-1
flat	[{"id":"e0","ts":1767405600000,"cat":"food","amt":-3.25,"day":"2026-1-3","io":"inc"},{"id":"e1","ts":1767232800000,"cat":"food","amt":0,"day":"2026-1-1","io":"xfer"},{"id":"e2","ts":1767315600000,"cat":"food","amt":10.5,"day":"2026-1-2","io":"xfer"},{"id":"e3","ts":1767225600000,"cat":"food","amt":10.5,"day":"2026-1-1"},{"id":"e4","ts":1767319200000,"cat":"food","amt":10.5,"day":"2026-1-2"}]|1767229200000,2026-1-1,1
group	[{"id":"e0","ts":1787000400000,"cat":"food","amt":12345.678,"day":"2026-8-18","io":"exp"},{"id":"e1","ts":1787605200000,"cat":"food","amt":0.2,"day":"2026-8-25","io":"xfer"},{"id":"e2","ts":1787868000000,"cat":"food","amt":1e-7,"day":"2026-8-28","io":"exp"},{"id":"e3","ts":1787868000000,"cat":"food","amt":0.2,"day":"2026-8-28"},{"id":"e4","ts":1787000400000,"cat":"food","amt":1,"day":"2026-8-18"},{"id":"e5","ts":1787698800000,"cat":"food","amt":12345.678,"day":"2026-8-26"}]|1787781600000,2026-8-27
flat	[{"id":"e0","ts":1787000400000,"cat":"food","amt":12345.678,"day":"2026-8-18","io":"exp"},{"id":"e1","ts":1787605200000,"cat":"food","amt":0.2,"day":"2026-8-25","io":"xfer"},{"id":"e2","ts":1787868000000,"cat":"food","amt":1e-7,"day":"2026-8-28","io":"exp"},{"id":"e3","ts":1787868000000,"cat":"food","amt":0.2,"day":"2026-8-28"},{"id":"e4","ts":1787000400000,"cat":"food","amt":1,"day":"2026-8-18"},{"id":"e5","ts":1787698800000,"cat":"food","amt":12345.678,"day":"2026-8-26"}]|1787781600000,2026-8-27,0
group	[{"id":"e0","ts":1791118800000,"cat":"food","amt":12345.678,"day":"2026-10-5","io":"inc"},{"id":"e1","ts":1790856000000,"cat":"food","amt":0,"day":"2026-10-1"},{"id":"e2","ts":1790251200000,"cat":"food","amt":12345.678,"day":"2026-9-24","io":"xfer"},{"id":"e3","ts":1790856000000,"cat":"food","amt":0,"day":"2026-10-1"},{"id":"e4","ts":1791464400000,"cat":"food","amt":0,"day":"2026-10-9","io":"inc"}]|1791028800000,2026-10-3
flat	[{"id":"e0","ts":1791118800000,"cat":"food","amt":12345.678,"day":"2026-10-5","io":"inc"},{"id":"e1","ts":1790856000000,"cat":"food","amt":0,"day":"2026-10-1"},{"id":"e2","ts":1790251200000,"cat":"food","amt":12345.678,"day":"2026-9-24","io":"xfer"},{"id":"e3","ts":1790856000000,"cat":"food","amt":0,"day":"2026-10-1"},{"id":"e4","ts":1791464400000,"cat":"food","amt":0,"day":"2026-10-9","io":"inc"}]|1791028800000,2026-10-3,1
group	[{"id":"e0","ts":1775304000000,"cat":"food","amt":12345.678,"day":"2026-4-4","io":"xfer"},{"id":"e1","ts":1775394000000,"cat":"food","amt":0.2,"day":"2026-4-5"},{"id":"e2","ts":1774612800000,"cat":"food","amt":1e-7,"day":"2026-3-27","io":"xfer"}]|1775390400000,2026-4-5
flat	[{"id":"e0","ts":1775304000000,"cat":"food","amt":12345.678,"day":"2026-4-4","io":"xfer"},{"id":"e1","ts":1775394000000,"cat":"food","amt":0.2,"day":"2026-4-5"},{"id":"e2","ts":1774612800000,"cat":"food","amt":1e-7,"day":"2026-3-27","io":"xfer"}]|1775390400000,2026-4-5,0
group	[]|1791201600000,2026-10-5
flat	[]|1791201600000,2026-10-5,0
group	[{"id":"e0","ts":1791205200000,"cat":"food","amt":-3.25,"day":"2026-10-6","io":"xfer"},{"id":"e1","ts":1791205200000,"cat":"food","amt":0,"day":"2026-10-6","io":"inc"},{"id":"e2","ts":1791025200000,"cat":"food","amt":-3.25,"day":"2026-10-3","io":"xfer"},{"id":"e3","ts":1791288000000,"cat":"food","amt":1e-7,"day":"2026-10-6","io":"inc"},{"id":"e4","ts":1790427600000,"cat":"food","amt":1,"day":"2026-9-26","io":"exp"},{"id":"e5","ts":1791201600000,"cat":"food","amt":0.2,"day":"2026-10-5","io":"exp"}]|1791201600000,2026-10-5
flat	[{"id":"e0","ts":1791205200000,"cat":"food","amt":-3.25,"day":"2026-10-6","io":"xfer"},{"id":"e1","ts":1791205200000,"cat":"food","amt":0,"day":"2026-10-6","io":"inc"},{"id":"e2","ts":1791025200000,"cat":"food","amt":-3.25,"day":"2026-10-3","io":"xfer"},{"id":"e3","ts":1791288000000,"cat":"food","amt":1e-7,"day":"2026-10-6","io":"inc"},{"id":"e4","ts":1790427600000,"cat":"food","amt":1,"day":"2026-9-26","io":"exp"},{"id":"e5","ts":1791201600000,"cat":"food","amt":0.2,"day":"2026-10-5","io":"exp"}]|1791201600000,2026-10-5,3
group	[]|1775476800000,2026-4-6
flat	[]|1775476800000,2026-4-6,3
group	[{"id":"e0","ts":1775826000000,"cat":"food","amt":0,"day":"2026-4-10","io":"xfer"},{"id":"e1","ts":1775563200000,"cat":"food","amt":0.1,"day":"2026-4-7","io":"inc"}]|1775390400000,2026-4-5
flat	[{"id":"e0","ts":1775826000000,"cat":"food","amt":0,"day":"2026-4-10","io":"xfer"},{"id":"e1","ts":1775563200000,"cat":"food","amt":0.1,"day":"2026-4-7","io":"inc"}]|1775390400000,2026-4-5,1
group	[{"id":"e0","ts":1791201600000,"cat":"food","amt":-3.25,"day":"2026-10-5","io":"inc"},{"id":"e1","ts":1791205200000,"cat":"food","amt":0.1,"day":"2026-10-6"},{"id":"e2","ts":1791198000000,"cat":"food","amt":0,"day":"2026-10-5","io":"inc"},{"id":"e3","ts":1791378000000,"cat":"food","amt":0,"day":"2026-10-8","io":"xfer"},{"id":"e4","ts":1791284400000,"cat":"food","amt":1e-7,"day":"2026-10-6","io":"xfer"},{"id":"e5","ts":1791291600000,"cat":"food","amt":10.5,"day":"2026-10-7","io":"xfer"},{"id":"e6","ts":1791118800000,"cat":"food","amt":-3.25,"day":"2026-10-5","io":"xfer"}]|1791201600000,2026-10-5
flat	[{"id":"e0","ts":1791201600000,"cat":"food","amt":-3.25,"day":"2026-10-5","io":"inc"},{"id":"e1","ts":1791205200000,"cat":"food","amt":0.1,"day":"2026-10-6"},{"id":"e2","ts":1791198000000,"cat":"food","amt":0,"day":"2026-10-5","io":"inc"},{"id":"e3","ts":1791378000000,"cat":"food","amt":0,"day":"2026-10-8","io":"xfer"},{"id":"e4","ts":1791284400000,"cat":"food","amt":1e-7,"day":"2026-10-6","io":"xfer"},{"id":"e5","ts":1791291600000,"cat":"food","amt":10.5,"day":"2026-10-7","io":"xfer"},{"id":"e6","ts":1791118800000,"cat":"food","amt":-3.25,"day":"2026-10-5","io":"xfer"}]|1791201600000,2026-10-5,1
group	[{"id":"e0","ts":1775304000000,"cat":"food","amt":1e-7,"day":"2026-4-4","io":"inc"},{"id":"e1","ts":1775476800000,"cat":"food","amt":0.2,"day":"2026-4-6"},{"id":"e2","ts":1775476800000,"cat":"food","amt":1,"day":"2026-4-6","io":"inc"}]|1775476800000,2026-4-6
flat	[{"id":"e0","ts":1775304000000,"cat":"food","amt":1e-7,"day":"2026-4-4","io":"inc"},{"id":"e1","ts":1775476800000,"cat":"food","amt":0.2,"day":"2026-4-6"},{"id":"e2","ts":1775476800000,"cat":"food","amt":1,"day":"2026-4-6","io":"inc"}]|1775476800000,2026-4-6,0
group	[{"id":"e0","ts":1787713200000,"cat":"food","amt":1e+21,"day":"2026-8-26","io":"exp"},{"id":"e1","ts":1787626800000,"cat":"food","amt":1,"day":"2026-8-25","io":"exp"},{"id":"e2","ts":1787623200000,"cat":"food","amt":1e-7,"day":"2026-8-25"}]|1787713200000,2026-8-26
flat	[{"id":"e0","ts":1787713200000,"cat":"food","amt":1e+21,"day":"2026-8-26","io":"exp"},{"id":"e1","ts":1787626800000,"cat":"food","amt":1,"day":"2026-8-25","io":"exp"},{"id":"e2","ts":1787623200000,"cat":"food","amt":1e-7,"day":"2026-8-25"}]|1787713200000,2026-8-26,2
group	[{"id":"e0","ts":1775905200000,"cat":"food","amt":0,"day":"2026-4-11"},{"id":"e1","ts":1775646000000,"cat":"food","amt":1,"day":"2026-4-8","io":"xfer"},{"id":"e2","ts":1775908800000,"cat":"food","amt":0,"day":"2026-4-11","io":"inc"},{"id":"e3","ts":1775566800000,"cat":"food","amt":1e-7,"day":"2026-4-7","io":"exp"},{"id":"e4","ts":1775908800000,"cat":"food","amt":1,"day":"2026-4-11","io":"inc"},{"id":"e5","ts":1774695600000,"cat":"food","amt":1e-7,"day":"2026-3-28","io":"inc"},{"id":"e6","ts":1775386800000,"cat":"food","amt":10.5,"day":"2026-4-5","io":"xfer"}]|1775476800000,2026-4-6
flat	[{"id":"e0","ts":1775905200000,"cat":"food","amt":0,"day":"2026-4-11"},{"id":"e1","ts":1775646000000,"cat":"food","amt":1,"day":"2026-4-8","io":"xfer"},{"id":"e2","ts":1775908800000,"cat":"food","amt":0,"day":"2026-4-11","io":"inc"},{"id":"e3","ts":1775566800000,"cat":"food","amt":1e-7,"day":"2026-4-7","io":"exp"},{"id":"e4","ts":1775908800000,"cat":"food","amt":1,"day":"2026-4-11","io":"inc"},{"id":"e5","ts":1774695600000,"cat":"food","amt":1e-7,"day":"2026-3-28","io":"inc"},{"id":"e6","ts":1775386800000,"cat":"food","amt":10.5,"day":"2026-4-5","io":"xfer"}]|1775476800000,2026-4-6,1
group	[{"id":"e0","ts":1791374400000,"cat":"food","amt":12345.678,"day":"2026-10-7","io":"exp"},{"id":"e1","ts":1791633600000,"cat":"food","amt":12345.678,"day":"2026-10-10","io":"inc"},{"id":"e2","ts":1791111600000,"cat":"food","amt":0.1,"day":"2026-10-4"},{"id":"e3","ts":1790424000000,"cat":"food","amt":12345.678,"day":"2026-9-26","io":"exp"},{"id":"e4","ts":1791284400000,"cat":"food","amt":0.2,"day":"2026-10-6","io":"exp"},{"id":"e5","ts":1791025200000,"cat":"food","amt":0,"day":"2026-10-3","io":"exp"}]|1791201600000,2026-10-5
flat	[{"id":"e0","ts":1791374400000,"cat":"food","amt":12345.678,"day":"2026-10-7","io":"exp"},{"id":"e1","ts":1791633600000,"cat":"food","amt":12345.678,"day":"2026-10-10","io":"inc"},{"id":"e2","ts":1791111600000,"cat":"food","amt":0.1,"day":"2026-10-4"},{"id":"e3","ts":1790424000000,"cat":"food","amt":12345.678,"day":"2026-9-26","io":"exp"},{"id":"e4","ts":1791284400000,"cat":"food","amt":0.2,"day":"2026-10-6","io":"exp"},{"id":"e5","ts":1791025200000,"cat":"food","amt":0,"day":"2026-10-3","io":"exp"}]|1791201600000,2026-10-5,4
group	[{"id":"e0","ts":1791291600000,"cat":"food","amt":1e-7,"day":"2026-10-7","io":"xfer"}]|1791201600000,2026-10-5
flat	[{"id":"e0","ts":1791291600000,"cat":"food","amt":1e-7,"day":"2026-10-7","io":"xfer"}]|1791201600000,2026-10-5,3
group	[]|1775476800000,2026-4-6
flat	[]|1775476800000,2026-4-6,1
group	[{"id":"e0","ts":1767664800000,"cat":"food","amt":-3.25,"day":"2026-1-6","io":"xfer"},{"id":"e1","ts":1767060000000,"cat":"food","amt":0,"day":"2025-12-30","io":"exp"},{"id":"e2","ts":1767312000000,"cat":"food","amt":0.2,"day":"2026-1-2","io":"inc"},{"id":"e3","ts":1767402000000,"cat":"food","amt":0.2,"day":"2026-1-3","io":"inc"},{"id":"e4","ts":1767225600000,"cat":"food","amt":1e-7,"day":"2026-1-1"},{"id":"e5","ts":1766451600000,"cat":"food","amt":10.5,"day":"2025-12-23"},{"id":"e6","ts":1767229200000,"cat":"food","amt":1e-7,"day":"2026-1-1","io":"xfer"}]|1767229200000,2026-1-1
flat	[{"id":"e0","ts":1767664800000,"cat":"food","amt":-3.25,"day":"2026-1-6","io":"xfer"},{"id":"e1","ts":1767060000000,"cat":"food","amt":0,"day":"2025-12-30","io":"exp"},{"id":"e2","ts":1767312000000,"cat":"food","amt":0.2,"day":"2026-1-2","io":"inc"},{"id":"e3","ts":1767402000000,"cat":"food","amt":0.2,"day":"2026-1-3","io":"inc"},{"id":"e4","ts":1767225600000,"cat":"food","amt":1e-7,"day":"2026-1-1"},{"id":"e5","ts":1766451600000,"cat":"food","amt":10.5,"day":"2025-12-23"},{"id":"e6","ts":1767229200000,"cat":"food","amt":1e-7,"day":"2026-1-1","io":"xfer"}]|1767229200000,2026-1-1,4
group	[]|1787713200000,2026-8-26
flat	[]|1787713200000,2026-8-26,2
group	[{"id":"e0","ts":1787004000000,"cat":"food","amt":0.1,"day":"2026-8-18","io":"exp"},{"id":"e1","ts":1787781600000,"cat":"food","amt":1,"day":"2026-8-27","io":"exp"},{"id":"e2","ts":1787691600000,"cat":"food","amt":0,"day":"2026-8-26","io":"exp"},{"id":"e3","ts":1787781600000,"cat":"food","amt":10.5,"day":"2026-8-27","io":"xfer"},{"id":"e4","ts":1787695200000,"cat":"food","amt":1e+21,"day":"2026-8-26"},{"id":"e5","ts":1787000400000,"cat":"food","amt":-3.25,"day":"2026-8-18","io":"inc"}]|1787781600000,2026-8-27
flat	[{"id":"e0","ts":1787004000000,"cat":"food","amt":0.1,"day":"2026-8-18","io":"exp"},{"id":"e1","ts":1787781600000,"cat":"food","amt":1,"day":"2026-8-27","io":"exp"},{"id":"e2","ts":1787691600000,"cat":"food","amt":0,"day":"2026-8-26","io":"exp"},{"id":"e3","ts":1787781600000,"cat":"food","amt":10.5,"day":"2026-8-27","io":"xfer"},{"id":"e4","ts":1787695200000,"cat":"food","amt":1e+21,"day":"2026-8-26"},{"id":"e5","ts":1787000400000,"cat":"food","amt":-3.25,"day":"2026-8-18","io":"inc"}]|1787781600000,2026-8-27,0
group	[{"id":"e0","ts":1787540400000,"cat":"food","amt":10.5,"day":"2026-8-24","io":"xfer"},{"id":"e1","ts":1787709600000,"cat":"food","amt":1,"day":"2026-8-26","io":"xfer"},{"id":"e2","ts":1787713200000,"cat":"food","amt":0,"day":"2026-8-26"}]|1787713200000,2026-8-26
flat	[{"id":"e0","ts":1787540400000,"cat":"food","amt":10.5,"day":"2026-8-24","io":"xfer"},{"id":"e1","ts":1787709600000,"cat":"food","amt":1,"day":"2026-8-26","io":"xfer"},{"id":"e2","ts":1787713200000,"cat":"food","amt":0,"day":"2026-8-26"}]|1787713200000,2026-8-26,2
group	[{"id":"e0","ts":1775300400000,"cat":"food","amt":0,"day":"2026-4-4","io":"xfer"}]|1775390400000,2026-4-5
flat	[{"id":"e0","ts":1775300400000,"cat":"food","amt":0,"day":"2026-4-4","io":"xfer"}]|1775390400000,2026-4-5,4
group	[{"id":"e0","ts":1790859600000,"cat":"food","amt":1,"day":"2026-10-1","io":"exp"},{"id":"e1","ts":1791457200000,"cat":"food","amt":0.1,"day":"2026-10-8","io":"exp"},{"id":"e2","ts":1790856000000,"cat":"food","amt":12345.678,"day":"2026-10-1"},{"id":"e3","ts":1791198000000,"cat":"food","amt":12345.678,"day":"2026-10-5","io":"inc"}]|1791028800000,2026-10-3
flat	[{"id":"e0","ts":1790859600000,"cat":"food","amt":1,"day":"2026-10-1","io":"exp"},{"id":"e1","ts":1791457200000,"cat":"food","amt":0.1,"day":"2026-10-8","io":"exp"},{"id":"e2","ts":1790856000000,"cat":"food","amt":12345.678,"day":"2026-10-1"},{"id":"e3","ts":1791198000000,"cat":"food","amt":12345.678,"day":"2026-10-5","io":"inc"}]|1791028800000,2026-10-3,3
group	[{"id":"e0","ts":1790938800000,"cat":"food","amt":0.1,"day":"2026-10-2","io":"xfer"},{"id":"e1","ts":1791025200000,"cat":"food","amt":1,"day":"2026-10-3","io":"inc"},{"id":"e2","ts":1791115200000,"cat":"food","amt":0,"day":"2026-10-4","io":"inc"},{"id":"e3","ts":1791028800000,"cat":"food","amt":0.1,"day":"2026-10-3","io":"xfer"},{"id":"e4","ts":1791028800000,"cat":"food","amt":12345.678,"day":"2026-10-3","io":"exp"},{"id":"e5","ts":1790942400000,"cat":"food","amt":1e-7,"day":"2026-10-2","io":"inc"},{"id":"e6","ts":1791457200000,"cat":"food","amt":10.5,"day":"2026-10-8"}]|1791028800000,2026-10-3
flat	[{"id":"e0","ts":1790938800000,"cat":"food","amt":0.1,"day":"2026-10-2","io":"xfer"},{"id":"e1","ts":1791025200000,"cat":"food","amt":1,"day":"2026-10-3","io":"inc"},{"id":"e2","ts":1791115200000,"cat":"food","amt":0,"day":"2026-10-4","io":"inc"},{"id":"e3","ts":1791028800000,"cat":"food","amt":0.1,"day":"2026-10-3","io":"xfer"},{"id":"e4","ts":1791028800000,"cat":"food","amt":12345.678,"day":"2026-10-3","io":"exp"},{"id":"e5","ts":1790942400000,"cat":"food","amt":1e-7,"day":"2026-10-2","io":"inc"},{"id":"e6","ts":1791457200000,"cat":"food","amt":10.5,"day":"2026-10-8"}]|1791028800000,2026-10-3,4
group	[{"id":"e0","ts":1787000400000,"cat":"food","amt":10.5,"day":"2026-8-18"},{"id":"e1","ts":1787695200000,"cat":"food","amt":1e-7,"day":"2026-8-26"},{"id":"e2","ts":1788217200000,"cat":"food","amt":1e-7,"day":"2026-9-1","io":"exp"}]|1787781600000,2026-8-27
flat	[{"id":"e0","ts":1787000400000,"cat":"food","amt":10.5,"day":"2026-8-18"},{"id":"e1","ts":1787695200000,"cat":"food","amt":1e-7,"day":"2026-8-26"},{"id":"e2","ts":1788217200000,"cat":"food","amt":1e-7,"day":"2026-9-1","io":"exp"}]|1787781600000,2026-8-27,0
group	[{"id":"e0","ts":1767618000000,"cat":"food","amt":0,"day":"2026-1-6","io":"exp"},{"id":"e1","ts":1767189600000,"cat":"food","amt":0.1,"day":"2026-1-1","io":"xfer"},{"id":"e2","ts":1767355200000,"cat":"food","amt":-3.25,"day":"2026-1-2","io":"inc"},{"id":"e3","ts":1767099600000,"cat":"food","amt":-3.25,"day":"2025-12-31","io":"xfer"},{"id":"e4","ts":1767268800000,"cat":"food","amt":0,"day":"2026-1-1","io":"inc"}]|1767186000000,2026-1-1
flat	[{"id":"e0","ts":1767618000000,"cat":"food","amt":0,"day":"2026-1-6","io":"exp"},{"id":"e1","ts":1767189600000,"cat":"food","amt":0.1,"day":"2026-1-1","io":"xfer"},{"id":"e2","ts":1767355200000,"cat":"food","amt":-3.25,"day":"2026-1-2","io":"inc"},{"id":"e3","ts":1767099600000,"cat":"food","amt":-3.25,"day":"2025-12-31","io":"xfer"},{"id":"e4","ts":1767268800000,"cat":"food","amt":0,"day":"2026-1-1","io":"inc"}]|1767186000000,2026-1-1,2
group	[{"id":"e0","ts":1767139200000,"cat":"food","amt":0,"day":"2025-12-31"},{"id":"e1","ts":1767661200000,"cat":"food","amt":12345.678,"day":"2026-1-6","io":"xfer"},{"id":"e2","ts":1766451600000,"cat":"food","amt":1e-7,"day":"2025-12-23","io":"exp"},{"id":"e3","ts":1767661200000,"cat":"food","amt":1e-7,"day":"2026-1-6","io":"inc"},{"id":"e4","ts":1767405600000,"cat":"food","amt":1e-7,"day":"2026-1-3","io":"inc"}]|1767229200000,2026-1-1
flat	[{"id":"e0","ts":1767139200000,"cat":"food","amt":0,"day":"2025-12-31"},{"id":"e1","ts":1767661200000,"cat":"food","amt":12345.678,"day":"2026-1-6","io":"xfer"},{"id":"e2","ts":1766451600000,"cat":"food","amt":1e-7,"day":"2025-12-23","io":"exp"},{"id":"e3","ts":1767661200000,"cat":"food","amt":1e-7,"day":"2026-1-6","io":"inc"},{"id":"e4","ts":1767405600000,"cat":"food","amt":1e-7,"day":"2026-1-3","io":"inc"}]|1767229200000,2026-1-1,3
group	[{"id":"e0","ts":1790942400000,"cat":"food","amt":10.5,"day":"2026-10-2","io":"xfer"},{"id":"e1","ts":1791118800000,"cat":"food","amt":0.2,"day":"2026-10-5","io":"xfer"},{"id":"e2","ts":1791028800000,"cat":"food","amt":0.2,"day":"2026-10-3"}]|1791115200000,2026-10-4
flat	[{"id":"e0","ts":1790942400000,"cat":"food","amt":10.5,"day":"2026-10-2","io":"xfer"},{"id":"e1","ts":1791118800000,"cat":"food","amt":0.2,"day":"2026-10-5","io":"xfer"},{"id":"e2","ts":1791028800000,"cat":"food","amt":0.2,"day":"2026-10-3"}]|1791115200000,2026-10-4,0
group	[{"id":"e0","ts":1790424000000,"cat":"food","amt":0.2,"day":"2026-9-26","io":"exp"},{"id":"e1","ts":1791115200000,"cat":"food","amt":0.1,"day":"2026-10-4","io":"inc"},{"id":"e2","ts":1791198000000,"cat":"food","amt":-3.25,"day":"2026-10-5"},{"id":"e3","ts":1791198000000,"cat":"food","amt":1,"day":"2026-10-5","io":"exp"}]|1791201600000,2026-10-5
flat	[{"id":"e0","ts":1790424000000,"cat":"food","amt":0.2,"day":"2026-9-26","io":"exp"},{"id":"e1","ts":1791115200000,"cat":"food","amt":0.1,"day":"2026-10-4","io":"inc"},{"id":"e2","ts":1791198000000,"cat":"food","amt":-3.25,"day":"2026-10-5"},{"id":"e3","ts":1791198000000,"cat":"food","amt":1,"day":"2026-10-5","io":"exp"}]|1791201600000,2026-10-5,4
group	[{"id":"e0","ts":1775649600000,"cat":"food","amt":0.2,"day":"2026-4-8"}]|1775476800000,2026-4-6
flat	[{"id":"e0","ts":1775649600000,"cat":"food","amt":0.2,"day":"2026-4-8"}]|1775476800000,2026-4-6,0
group	[{"id":"e0","ts":1767618000000,"cat":"food","amt":1e-7,"day":"2026-1-6","io":"inc"},{"id":"e1","ts":1767614400000,"cat":"food","amt":12345.678,"day":"2026-1-5","io":"inc"},{"id":"e2","ts":1767189600000,"cat":"food","amt":10.5,"day":"2026-1-1"},{"id":"e3","ts":1766404800000,"cat":"food","amt":0,"day":"2025-12-22"},{"id":"e4","ts":1767268800000,"cat":"food","amt":1e+21,"day":"2026-1-1","io":"exp"}]|1767186000000,2026-1-1
flat	[{"id":"e0","ts":1767618000000,"cat":"food","amt":1e-7,"day":"2026-1-6","io":"inc"},{"id":"e1","ts":1767614400000,"cat":"food","amt":12345.678,"day":"2026-1-5","io":"inc"},{"id":"e2","ts":1767189600000,"cat":"food","amt":10.5,"day":"2026-1-1"},{"id":"e3","ts":1766404800000,"cat":"food","amt":0,"day":"2025-12-22"},{"id":"e4","ts":1767268800000,"cat":"food","amt":1e+21,"day":"2026-1-1","io":"exp"}]|1767186000000,2026-1-1,1
group	[{"id":"e0","ts":1775217600000,"cat":"food","amt":0,"day":"2026-4-3","io":"exp"},{"id":"e1","ts":1775386800000,"cat":"food","amt":10.5,"day":"2026-4-5"},{"id":"e2","ts":1775390400000,"cat":"food","amt":0.2,"day":"2026-4-5"},{"id":"e3","ts":1775566800000,"cat":"food","amt":0.2,"day":"2026-4-7","io":"xfer"},{"id":"e4","ts":1775217600000,"cat":"food","amt":0.1,"day":"2026-4-3"}]|1775390400000,2026-4-5
flat	[{"id":"e0","ts":1775217600000,"cat":"food","amt":0,"day":"2026-4-3","io":"exp"},{"id":"e1","ts":1775386800000,"cat":"food","amt":10.5,"day":"2026-4-5"},{"id":"e2","ts":1775390400000,"cat":"food","amt":0.2,"day":"2026-4-5"},{"id":"e3","ts":1775566800000,"cat":"food","amt":0.2,"day":"2026-4-7","io":"xfer"},{"id":"e4","ts":1775217600000,"cat":"food","amt":0.1,"day":"2026-4-3"}]|1775390400000,2026-4-5,1
group	[{"id":"e0","ts":1787781600000,"cat":"food","amt":0.2,"day":"2026-8-27","io":"inc"},{"id":"e1","ts":1787004000000,"cat":"food","amt":1e+21,"day":"2026-8-18","io":"inc"},{"id":"e2","ts":1787954400000,"cat":"food","amt":0.2,"day":"2026-8-29","io":"xfer"},{"id":"e3","ts":1788210000000,"cat":"food","amt":0.2,"day":"2026-9-1","io":"exp"},{"id":"e4","ts":1787695200000,"cat":"food","amt":0.1,"day":"2026-8-26","io":"inc"}]|1787781600000,2026-8-27
flat	[{"id":"e0","ts":1787781600000,"cat":"food","amt":0.2,"day":"2026-8-27","io":"inc"},{"id":"e1","ts":1787004000000,"cat":"food","amt":1e+21,"day":"2026-8-18","io":"inc"},{"id":"e2","ts":1787954400000,"cat":"food","amt":0.2,"day":"2026-8-29","io":"xfer"},{"id":"e3","ts":1788210000000,"cat":"food","amt":0.2,"day":"2026-9-1","io":"exp"},{"id":"e4","ts":1787695200000,"cat":"food","amt":0.1,"day":"2026-8-26","io":"inc"}]|1787781600000,2026-8-27,0
group	[]|1775304000000,2026-4-4
flat	[]|1775304000000,2026-4-4,0
group	[{"id":"e0","ts":1791460800000,"cat":"food","amt":0.1,"day":"2026-10-8","io":"exp"},{"id":"e1","ts":1791115200000,"cat":"food","amt":0.2,"day":"2026-10-4"},{"id":"e2","ts":1791201600000,"cat":"food","amt":10.5,"day":"2026-10-5"},{"id":"e3","ts":1791460800000,"cat":"food","amt":-3.25,"day":"2026-10-8"},{"id":"e4","ts":1791201600000,"cat":"food","amt":1,"day":"2026-10-5"}]|1791028800000,2026-10-3
flat	[{"id":"e0","ts":1791460800000,"cat":"food","amt":0.1,"day":"2026-10-8","io":"exp"},{"id":"e1","ts":1791115200000,"cat":"food","amt":0.2,"day":"2026-10-4"},{"id":"e2","ts":1791201600000,"cat":"food","amt":10.5,"day":"2026-10-5"},{"id":"e3","ts":1791460800000,"cat":"food","amt":-3.25,"day":"2026-10-8"},{"id":"e4","ts":1791201600000,"cat":"food","amt":1,"day":"2026-10-5"}]|1791028800000,2026-10-3,1
group	[{"id":"e0","ts":1787785200000,"cat":"food","amt":12345.678,"day":"2026-8-27"}]|1787781600000,2026-8-27
flat	[{"id":"e0","ts":1787785200000,"cat":"food","amt":12345.678,"day":"2026-8-27"}]|1787781600000,2026-8-27,0
group	[{"id":"e0","ts":1774522800000,"cat":"food","amt":0.1,"day":"2026-3-26","io":"inc"},{"id":"e1","ts":1775476800000,"cat":"food","amt":1e+21,"day":"2026-4-6","io":"xfer"},{"id":"e2","ts":1775386800000,"cat":"food","amt":12345.678,"day":"2026-4-5","io":"inc"}]|1775304000000,2026-4-4
flat	[{"id":"e0","ts":1774522800000,"cat":"food","amt":0.1,"day":"2026-3-26","io":"inc"},{"id":"e1","ts":1775476800000,"cat":"food","amt":1e+21,"day":"2026-4-6","io":"xfer"},{"id":"e2","ts":1775386800000,"cat":"food","amt":12345.678,"day":"2026-4-5","io":"inc"}]|1775304000000,2026-4-4,4
group	[{"id":"e0","ts":1791370800000,"cat":"food","amt":0,"day":"2026-10-7","io":"xfer"},{"id":"e1","ts":1791028800000,"cat":"food","amt":0.1,"day":"2026-10-3","io":"xfer"},{"id":"e2","ts":1791630000000,"cat":"food","amt":0,"day":"2026-10-10","io":"xfer"},{"id":"e3","ts":1791201600000,"cat":"food","amt":0,"day":"2026-10-5","io":"exp"}]|1791201600000,2026-10-5
flat	[{"id":"e0","ts":1791370800000,"cat":"food","amt":0,"day":"2026-10-7","io":"xfer"},{"id":"e1","ts":1791028800000,"cat":"food","amt":0.1,"day":"2026-10-3","io":"xfer"},{"id":"e2","ts":1791630000000,"cat":"food","amt":0,"day":"2026-10-10","io":"xfer"},{"id":"e3","ts":1791201600000,"cat":"food","amt":0,"day":"2026-10-5","io":"exp"}]|1791201600000,2026-10-5,1
group	[{"id":"e0","ts":1767013200000,"cat":"food","amt":1,"day":"2025-12-30"},{"id":"e1","ts":1767186000000,"cat":"food","amt":0.2,"day":"2026-1-1","io":"xfer"},{"id":"e2","ts":1767362400000,"cat":"food","amt":12345.678,"day":"2026-1-3"},{"id":"e3","ts":1767618000000,"cat":"food","amt":1e+21,"day":"2026-1-6","io":"xfer"},{"id":"e4","ts":1767182400000,"cat":"food","amt":-3.25,"day":"2025-12-31","io":"xfer"},{"id":"e5","ts":1767009600000,"cat":"food","amt":0.2,"day":"2025-12-29"},{"id":"e6","ts":1767355200000,"cat":"food","amt":1e-7,"day":"2026-1-2","io":"exp"}]|1767186000000,2026-1-1
flat	[{"id":"e0","ts":1767013200000,"cat":"food","amt":1,"day":"2025-12-30"},{"id":"e1","ts":1767186000000,"cat":"food","amt":0.2,"day":"2026-1-1","io":"xfer"},{"id":"e2","ts":1767362400000,"cat":"food","amt":12345.678,"day":"2026-1-3"},{"id":"e3","ts":1767618000000,"cat":"food","amt":1e+21,"day":"2026-1-6","io":"xfer"},{"id":"e4","ts":1767182400000,"cat":"food","amt":-3.25,"day":"2025-12-31","io":"xfer"},{"id":"e5","ts":1767009600000,"cat":"food","amt":0.2,"day":"2025-12-29"},{"id":"e6","ts":1767355200000,"cat":"food","amt":1e-7,"day":"2026-1-2","io":"exp"}]|1767186000000,2026-1-1,2
group	[{"id":"e0","ts":1775390400000,"cat":"food","amt":12345.678,"day":"2026-4-5"},{"id":"e1","ts":1775390400000,"cat":"food","amt":0.2,"day":"2026-4-5","io":"inc"},{"id":"e2","ts":1775390400000,"cat":"food","amt":0.1,"day":"2026-4-5","io":"xfer"}]|1775390400000,2026-4-5
flat	[{"id":"e0","ts":1775390400000,"cat":"food","amt":12345.678,"day":"2026-4-5"},{"id":"e1","ts":1775390400000,"cat":"food","amt":0.2,"day":"2026-4-5","io":"inc"},{"id":"e2","ts":1775390400000,"cat":"food","amt":0.1,"day":"2026-4-5","io":"xfer"}]|1775390400000,2026-4-5,0
group	[{"id":"e0","ts":1775476800000,"cat":"food","amt":10.5,"day":"2026-4-6","io":"xfer"},{"id":"e1","ts":1775386800000,"cat":"food","amt":1e+21,"day":"2026-4-5","io":"xfer"}]|1775476800000,2026-4-6
flat	[{"id":"e0","ts":1775476800000,"cat":"food","amt":10.5,"day":"2026-4-6","io":"xfer"},{"id":"e1","ts":1775386800000,"cat":"food","amt":1e+21,"day":"2026-4-5","io":"xfer"}]|1775476800000,2026-4-6,4
group	[{"id":"e0","ts":1775217600000,"cat":"food","amt":0,"day":"2026-4-3","io":"xfer"},{"id":"e1","ts":1775386800000,"cat":"food","amt":0,"day":"2026-4-5","io":"inc"},{"id":"e2","ts":1775390400000,"cat":"food","amt":12345.678,"day":"2026-4-5","io":"xfer"},{"id":"e3","ts":1775566800000,"cat":"food","amt":1e+21,"day":"2026-4-7"},{"id":"e4","ts":1775394000000,"cat":"food","amt":10.5,"day":"2026-4-5","io":"xfer"}]|1775390400000,2026-4-5
flat	[{"id":"e0","ts":1775217600000,"cat":"food","amt":0,"day":"2026-4-3","io":"xfer"},{"id":"e1","ts":1775386800000,"cat":"food","amt":0,"day":"2026-4-5","io":"inc"},{"id":"e2","ts":1775390400000,"cat":"food","amt":12345.678,"day":"2026-4-5","io":"xfer"},{"id":"e3","ts":1775566800000,"cat":"food","amt":1e+21,"day":"2026-4-7"},{"id":"e4","ts":1775394000000,"cat":"food","amt":10.5,"day":"2026-4-5","io":"xfer"}]|1775390400000,2026-4-5,4
group	[{"id":"e0","ts":1787695200000,"cat":"food","amt":0.2,"day":"2026-8-26"},{"id":"e1","ts":1787950800000,"cat":"food","amt":-3.25,"day":"2026-8-29","io":"inc"},{"id":"e2","ts":1787781600000,"cat":"food","amt":1e-7,"day":"2026-8-27","io":"exp"},{"id":"e3","ts":1788213600000,"cat":"food","amt":1e+21,"day":"2026-9-1"}]|1787781600000,2026-8-27
flat	[{"id":"e0","ts":1787695200000,"cat":"food","amt":0.2,"day":"2026-8-26"},{"id":"e1","ts":1787950800000,"cat":"food","amt":-3.25,"day":"2026-8-29","io":"inc"},{"id":"e2","ts":1787781600000,"cat":"food","amt":1e-7,"day":"2026-8-27","io":"exp"},{"id":"e3","ts":1788213600000,"cat":"food","amt":1e+21,"day":"2026-9-1"}]|1787781600000,2026-8-27,1
group	[{"id":"e0","ts":1774612800000,"cat":"food","amt":1e-7,"day":"2026-3-27","io":"exp"}]|1775390400000,2026-4-5
flat	[{"id":"e0","ts":1774612800000,"cat":"food","amt":1e-7,"day":"2026-3-27","io":"exp"}]|1775390400000,2026-4-5,4
group	[{"id":"e0","ts":1775217600000,"cat":"food","amt":0.1,"day":"2026-4-3","io":"xfer"},{"id":"e1","ts":1774526400000,"cat":"food","amt":0,"day":"2026-3-26"},{"id":"e2","ts":1775127600000,"cat":"food","amt":0.2,"day":"2026-4-2","io":"xfer"},{"id":"e3","ts":1775732400000,"cat":"food","amt":12345.678,"day":"2026-4-9","io":"exp"},{"id":"e4","ts":1775134800000,"cat":"food","amt":1,"day":"2026-4-3","io":"inc"},{"id":"e5","ts":1775304000000,"cat":"food","amt":1e-7,"day":"2026-4-4"}]|1775304000000,2026-4-4
flat	[{"id":"e0","ts":1775217600000,"cat":"food","amt":0.1,"day":"2026-4-3","io":"xfer"},{"id":"e1","ts":1774526400000,"cat":"food","amt":0,"day":"2026-3-26"},{"id":"e2","ts":1775127600000,"cat":"food","amt":0.2,"day":"2026-4-2","io":"xfer"},{"id":"e3","ts":1775732400000,"cat":"food","amt":12345.678,"day":"2026-4-9","io":"exp"},{"id":"e4","ts":1775134800000,"cat":"food","amt":1,"day":"2026-4-3","io":"inc"},{"id":"e5","ts":1775304000000,"cat":"food","amt":1e-7,"day":"2026-4-4"}]|1775304000000,2026-4-4,1
group	[{"id":"e0","ts":1775473200000,"cat":"food","amt":0.2,"day":"2026-4-6","io":"exp"}]|1775476800000,2026-4-6
flat	[{"id":"e0","ts":1775473200000,"cat":"food","amt":0.2,"day":"2026-4-6","io":"exp"}]|1775476800000,2026-4-6,1
group	[{"id":"e0","ts":1767225600000,"cat":"food","amt":0.2,"day":"2026-1-1","io":"xfer"}]|1767229200000,2026-1-1
flat	[{"id":"e0","ts":1767225600000,"cat":"food","amt":0.2,"day":"2026-1-1","io":"xfer"}]|1767229200000,2026-1-1,4
group	[{"id":"e0","ts":1787608800000,"cat":"food","amt":1e-7,"day":"2026-8-25","io":"inc"},{"id":"e1","ts":1787871600000,"cat":"food","amt":0.2,"day":"2026-8-28","io":"inc"}]|1787781600000,2026-8-27
flat	[{"id":"e0","ts":1787608800000,"cat":"food","amt":1e-7,"day":"2026-8-25","io":"inc"},{"id":"e1","ts":1787871600000,"cat":"food","amt":0.2,"day":"2026-8-28","io":"inc"}]|1787781600000,2026-8-27,1
group	[{"id":"e0","ts":1786932000000,"cat":"food","amt":0.1,"day":"2026-8-17","io":"exp"},{"id":"e1","ts":1787540400000,"cat":"food","amt":1e-7,"day":"2026-8-24","io":"inc"},{"id":"e2","ts":1787886000000,"cat":"food","amt":0.2,"day":"2026-8-28","io":"exp"}]|1787713200000,2026-8-26
flat	[{"id":"e0","ts":1786932000000,"cat":"food","amt":0.1,"day":"2026-8-17","io":"exp"},{"id":"e1","ts":1787540400000,"cat":"food","amt":1e-7,"day":"2026-8-24","io":"inc"},{"id":"e2","ts":1787886000000,"cat":"food","amt":0.2,"day":"2026-8-28","io":"exp"}]|1787713200000,2026-8-26,4
group	[{"id":"e0","ts":1790859600000,"cat":"food","amt":1,"day":"2026-10-1","io":"inc"},{"id":"e1","ts":1791032400000,"cat":"food","amt":0.1,"day":"2026-10-3","io":"exp"},{"id":"e2","ts":1791115200000,"cat":"food","amt":1e-7,"day":"2026-10-4","io":"inc"},{"id":"e3","ts":1791201600000,"cat":"food","amt":1e-7,"day":"2026-10-5","io":"xfer"},{"id":"e4","ts":1791464400000,"cat":"food","amt":1,"day":"2026-10-9","io":"inc"}]|1791028800000,2026-10-3
flat	[{"id":"e0","ts":1790859600000,"cat":"food","amt":1,"day":"2026-10-1","io":"inc"},{"id":"e1","ts":1791032400000,"cat":"food","amt":0.1,"day":"2026-10-3","io":"exp"},{"id":"e2","ts":1791115200000,"cat":"food","amt":1e-7,"day":"2026-10-4","io":"inc"},{"id":"e3","ts":1791201600000,"cat":"food","amt":1e-7,"day":"2026-10-5","io":"xfer"},{"id":"e4","ts":1791464400000,"cat":"food","amt":1,"day":"2026-10-9","io":"inc"}]|1791028800000,2026-10-3,1
group	[{"id":"e0","ts":1775221200000,"cat":"food","amt":0.2,"day":"2026-4-4"},{"id":"e1","ts":1775476800000,"cat":"food","amt":10.5,"day":"2026-4-6","io":"xfer"},{"id":"e2","ts":1775390400000,"cat":"food","amt":12345.678,"day":"2026-4-5"}]|1775304000000,2026-4-4
flat	[{"id":"e0","ts":1775221200000,"cat":"food","amt":0.2,"day":"2026-4-4"},{"id":"e1","ts":1775476800000,"cat":"food","amt":10.5,"day":"2026-4-6","io":"xfer"},{"id":"e2","ts":1775390400000,"cat":"food","amt":12345.678,"day":"2026-4-5"}]|1775304000000,2026-4-4,1
group	[{"id":"e0","ts":1791284400000,"cat":"food","amt":0.2,"day":"2026-10-6","io":"exp"},{"id":"e1","ts":1790341200000,"cat":"food","amt":0,"day":"2026-9-25","io":"xfer"},{"id":"e2","ts":1791201600000,"cat":"food","amt":1e-7,"day":"2026-10-5","io":"exp"},{"id":"e3","ts":1790337600000,"cat":"food","amt":1e-7,"day":"2026-9-25","io":"exp"},{"id":"e4","ts":1791111600000,"cat":"food","amt":1e+21,"day":"2026-10-4"}]|1791115200000,2026-10-4
flat	[{"id":"e0","ts":1791284400000,"cat":"food","amt":0.2,"day":"2026-10-6","io":"exp"},{"id":"e1","ts":1790341200000,"cat":"food","amt":0,"day":"2026-9-25","io":"xfer"},{"id":"e2","ts":1791201600000,"cat":"food","amt":1e-7,"day":"2026-10-5","io":"exp"},{"id":"e3","ts":1790337600000,"cat":"food","amt":1e-7,"day":"2026-9-25","io":"exp"},{"id":"e4","ts":1791111600000,"cat":"food","amt":1e+21,"day":"2026-10-4"}]|1791115200000,2026-10-4,4
group	[{"id":"e0","ts":1791201600000,"cat":"food","amt":-3.25,"day":"2026-10-5"}]|1791201600000,2026-10-5
flat	[{"id":"e0","ts":1791201600000,"cat":"food","amt":-3.25,"day":"2026-10-5"}]|1791201600000,2026-10-5,1
group	[]|1787713200000,2026-8-26
flat	[]|1787713200000,2026-8-26,1
group	[{"id":"e0","ts":1791028800000,"cat":"food","amt":0,"day":"2026-10-3"}]|1791201600000,2026-10-5
flat	[{"id":"e0","ts":1791028800000,"cat":"food","amt":0,"day":"2026-10-3"}]|1791201600000,2026-10-5,1
group	[{"id":"e0","ts":1787778000000,"cat":"food","amt":0,"day":"2026-8-27","io":"exp"},{"id":"e1","ts":1787958000000,"cat":"food","amt":0.1,"day":"2026-8-29"},{"id":"e2","ts":1787785200000,"cat":"food","amt":1e+21,"day":"2026-8-27","io":"inc"},{"id":"e3","ts":1787781600000,"cat":"food","amt":10.5,"day":"2026-8-27","io":"exp"},{"id":"e4","ts":1787781600000,"cat":"food","amt":0.2,"day":"2026-8-27","io":"inc"}]|1787781600000,2026-8-27
flat	[{"id":"e0","ts":1787778000000,"cat":"food","amt":0,"day":"2026-8-27","io":"exp"},{"id":"e1","ts":1787958000000,"cat":"food","amt":0.1,"day":"2026-8-29"},{"id":"e2","ts":1787785200000,"cat":"food","amt":1e+21,"day":"2026-8-27","io":"inc"},{"id":"e3","ts":1787781600000,"cat":"food","amt":10.5,"day":"2026-8-27","io":"exp"},{"id":"e4","ts":1787781600000,"cat":"food","amt":0.2,"day":"2026-8-27","io":"inc"}]|1787781600000,2026-8-27,4
group	[]|1791115200000,2026-10-4
flat	[]|1791115200000,2026-10-4,3
group	[{"id":"e0","ts":1791111600000,"cat":"food","amt":0,"day":"2026-10-4"}]|1791115200000,2026-10-4
flat	[{"id":"e0","ts":1791111600000,"cat":"food","amt":0,"day":"2026-10-4"}]|1791115200000,2026-10-4,0
group	[]|1791115200000,2026-10-4
flat	[]|1791115200000,2026-10-4,1
group	[{"id":"e0","ts":1775563200000,"cat":"food","amt":12345.678,"day":"2026-4-7","io":"exp"},{"id":"e1","ts":1775390400000,"cat":"food","amt":1e-7,"day":"2026-4-5","io":"exp"},{"id":"e2","ts":1775908800000,"cat":"food","amt":-3.25,"day":"2026-4-11","io":"xfer"},{"id":"e3","ts":1775476800000,"cat":"food","amt":0,"day":"2026-4-6","io":"exp"},{"id":"e4","ts":1775908800000,"cat":"food","amt":1,"day":"2026-4-11","io":"xfer"},{"id":"e5","ts":1775563200000,"cat":"food","amt":0,"day":"2026-4-7","io":"exp"}]|1775476800000,2026-4-6
flat	[{"id":"e0","ts":1775563200000,"cat":"food","amt":12345.678,"day":"2026-4-7","io":"exp"},{"id":"e1","ts":1775390400000,"cat":"food","amt":1e-7,"day":"2026-4-5","io":"exp"},{"id":"e2","ts":1775908800000,"cat":"food","amt":-3.25,"day":"2026-4-11","io":"xfer"},{"id":"e3","ts":1775476800000,"cat":"food","amt":0,"day":"2026-4-6","io":"exp"},{"id":"e4","ts":1775908800000,"cat":"food","amt":1,"day":"2026-4-11","io":"xfer"},{"id":"e5","ts":1775563200000,"cat":"food","amt":0,"day":"2026-4-7","io":"exp"}]|1775476800000,2026-4-6,1
group	[{"id":"e0","ts":1767013200000,"cat":"food","amt":0.1,"day":"2025-12-30","io":"inc"},{"id":"e1","ts":1767358800000,"cat":"food","amt":1e-7,"day":"2026-1-3","io":"xfer"}]|1767186000000,2026-1-1
flat	[{"id":"e0","ts":1767013200000,"cat":"food","amt":0.1,"day":"2025-12-30","io":"inc"},{"id":"e1","ts":1767358800000,"cat":"food","amt":1e-7,"day":"2026-1-3","io":"xfer"}]|1767186000000,2026-1-1,0
group	[{"id":"e0","ts":1775908800000,"cat":"food","amt":-3.25,"day":"2026-4-11","io":"xfer"},{"id":"e1","ts":1775912400000,"cat":"food","amt":1e+21,"day":"2026-4-11"},{"id":"e2","ts":1774702800000,"cat":"food","amt":1e+21,"day":"2026-3-29","io":"inc"},{"id":"e3","ts":1775476800000,"cat":"food","amt":-3.25,"day":"2026-4-6","io":"xfer"},{"id":"e4","ts":1775476800000,"cat":"food","amt":1e+21,"day":"2026-4-6","io":"xfer"},{"id":"e5","ts":1775908800000,"cat":"food","amt":-3.25,"day":"2026-4-11"}]|1775476800000,2026-4-6
flat	[{"id":"e0","ts":1775908800000,"cat":"food","amt":-3.25,"day":"2026-4-11","io":"xfer"},{"id":"e1","ts":1775912400000,"cat":"food","amt":1e+21,"day":"2026-4-11"},{"id":"e2","ts":1774702800000,"cat":"food","amt":1e+21,"day":"2026-3-29","io":"inc"},{"id":"e3","ts":1775476800000,"cat":"food","amt":-3.25,"day":"2026-4-6","io":"xfer"},{"id":"e4","ts":1775476800000,"cat":"food","amt":1e+21,"day":"2026-4-6","io":"xfer"},{"id":"e5","ts":1775908800000,"cat":"food","amt":-3.25,"day":"2026-4-11"}]|1775476800000,2026-4-6,0
group	[{"id":"e0","ts":1790341200000,"cat":"food","amt":0,"day":"2026-9-25","io":"inc"},{"id":"e1","ts":1791032400000,"cat":"food","amt":-3.25,"day":"2026-10-3","io":"inc"},{"id":"e2","ts":1791201600000,"cat":"food","amt":1e+21,"day":"2026-10-5","io":"exp"},{"id":"e3","ts":1791543600000,"cat":"food","amt":0.1,"day":"2026-10-9","io":"inc"}]|1791115200000,2026-10-4
flat	[{"id":"e0","ts":1790341200000,"cat":"food","amt":0,"day":"2026-9-25","io":"inc"},{"id":"e1","ts":1791032400000,"cat":"food","amt":-3.25,"day":"2026-10-3","io":"inc"},{"id":"e2","ts":1791201600000,"cat":"food","amt":1e+21,"day":"2026-10-5","io":"exp"},{"id":"e3","ts":1791543600000,"cat":"food","amt":0.1,"day":"2026-10-9","io":"inc"}]|1791115200000,2026-10-4,4
group	[{"id":"e0","ts":1775473200000,"cat":"food","amt":0.2,"day":"2026-4-6"},{"id":"e1","ts":1775300400000,"cat":"food","amt":1,"day":"2026-4-4","io":"inc"},{"id":"e2","ts":1774522800000,"cat":"food","amt":10.5,"day":"2026-3-26","io":"exp"},{"id":"e3","ts":1774522800000,"cat":"food","amt":1e+21,"day":"2026-3-26","io":"xfer"},{"id":"e4","ts":1775300400000,"cat":"food","amt":0,"day":"2026-4-4","io":"xfer"},{"id":"e5","ts":1775739600000,"cat":"food","amt":10.5,"day":"2026-4-9","io":"inc"}]|1775304000000,2026-4-4
flat	[{"id":"e0","ts":1775473200000,"cat":"food","amt":0.2,"day":"2026-4-6"},{"id":"e1","ts":1775300400000,"cat":"food","amt":1,"day":"2026-4-4","io":"inc"},{"id":"e2","ts":1774522800000,"cat":"food","amt":10.5,"day":"2026-3-26","io":"exp"},{"id":"e3","ts":1774522800000,"cat":"food","amt":1e+21,"day":"2026-3-26","io":"xfer"},{"id":"e4","ts":1775300400000,"cat":"food","amt":0,"day":"2026-4-4","io":"xfer"},{"id":"e5","ts":1775739600000,"cat":"food","amt":10.5,"day":"2026-4-9","io":"inc"}]|1775304000000,2026-4-4,2
group	[{"id":"e0","ts":1787540400000,"cat":"food","amt":12345.678,"day":"2026-8-24"},{"id":"e1","ts":1787716800000,"cat":"food","amt":-3.25,"day":"2026-8-26","io":"xfer"},{"id":"e2","ts":1787630400000,"cat":"food","amt":0.1,"day":"2026-8-25"},{"id":"e3","ts":1788145200000,"cat":"food","amt":12345.678,"day":"2026-8-31","io":"xfer"},{"id":"e4","ts":1787713200000,"cat":"food","amt":10.5,"day":"2026-8-26","io":"xfer"}]|1787713200000,2026-8-26
flat	[{"id":"e0","ts":1787540400000,"cat":"food","amt":12345.678,"day":"2026-8-24"},{"id":"e1","ts":1787716800000,"cat":"food","amt":-3.25,"day":"2026-8-26","io":"xfer"},{"id":"e2","ts":1787630400000,"cat":"food","amt":0.1,"day":"2026-8-25"},{"id":"e3","ts":1788145200000,"cat":"food","amt":12345.678,"day":"2026-8-31","io":"xfer"},{"id":"e4","ts":1787713200000,"cat":"food","amt":10.5,"day":"2026-8-26","io":"xfer"}]|1787713200000,2026-8-26,4
group	[{"id":"e0","ts":1790942400000,"cat":"food","amt":10.5,"day":"2026-10-2","io":"inc"},{"id":"e1","ts":1791032400000,"cat":"food","amt":10.5,"day":"2026-10-3","io":"xfer"},{"id":"e2","ts":1791464400000,"cat":"food","amt":-3.25,"day":"2026-10-9"},{"id":"e3","ts":1791457200000,"cat":"food","amt":0,"day":"2026-10-8","io":"xfer"},{"id":"e4","ts":1791028800000,"cat":"food","amt":12345.678,"day":"2026-10-3","io":"xfer"},{"id":"e5","ts":1790946000000,"cat":"food","amt":-3.25,"day":"2026-10-2","io":"inc"},{"id":"e6","ts":1790938800000,"cat":"food","amt":10.5,"day":"2026-10-2"}]|1791028800000,2026-10-3
flat	[{"id":"e0","ts":1790942400000,"cat":"food","amt":10.5,"day":"2026-10-2","io":"inc"},{"id":"e1","ts":1791032400000,"cat":"food","amt":10.5,"day":"2026-10-3","io":"xfer"},{"id":"e2","ts":1791464400000,"cat":"food","amt":-3.25,"day":"2026-10-9"},{"id":"e3","ts":1791457200000,"cat":"food","amt":0,"day":"2026-10-8","io":"xfer"},{"id":"e4","ts":1791028800000,"cat":"food","amt":12345.678,"day":"2026-10-3","io":"xfer"},{"id":"e5","ts":1790946000000,"cat":"food","amt":-3.25,"day":"2026-10-2","io":"inc"},{"id":"e6","ts":1790938800000,"cat":"food","amt":10.5,"day":"2026-10-2"}]|1791028800000,2026-10-3,1
group	[{"id":"e0","ts":1791460800000,"cat":"food","amt":-3.25,"day":"2026-10-8","io":"inc"},{"id":"e1","ts":1791028800000,"cat":"food","amt":12345.678,"day":"2026-10-3","io":"xfer"},{"id":"e2","ts":1790859600000,"cat":"food","amt":1,"day":"2026-10-1","io":"xfer"},{"id":"e3","ts":1791032400000,"cat":"food","amt":1e+21,"day":"2026-10-3"},{"id":"e4","ts":1791111600000,"cat":"food","amt":1,"day":"2026-10-4","io":"xfer"}]|1791028800000,2026-10-3
flat	[{"id":"e0","ts":1791460800000,"cat":"food","amt":-3.25,"day":"2026-10-8","io":"inc"},{"id":"e1","ts":1791028800000,"cat":"food","amt":12345.678,"day":"2026-10-3","io":"xfer"},{"id":"e2","ts":1790859600000,"cat":"food","amt":1,"day":"2026-10-1","io":"xfer"},{"id":"e3","ts":1791032400000,"cat":"food","amt":1e+21,"day":"2026-10-3"},{"id":"e4","ts":1791111600000,"cat":"food","amt":1,"day":"2026-10-4","io":"xfer"}]|1791028800000,2026-10-3,0
group	[]|1767186000000,2026-1-1
flat	[]|1767186000000,2026-1-1,1
group	[{"id":"e0","ts":1791118800000,"cat":"food","amt":0,"day":"2026-10-5","io":"xfer"},{"id":"e1","ts":1791032400000,"cat":"food","amt":1e+21,"day":"2026-10-3","io":"exp"},{"id":"e2","ts":1790946000000,"cat":"food","amt":10.5,"day":"2026-10-2","io":"exp"},{"id":"e3","ts":1791118800000,"cat":"food","amt":0,"day":"2026-10-5","io":"exp"},{"id":"e4","ts":1791032400000,"cat":"food","amt":1,"day":"2026-10-3","io":"inc"},{"id":"e5","ts":1790938800000,"cat":"food","amt":10.5,"day":"2026-10-2"}]|1791115200000,2026-10-4
flat	[{"id":"e0","ts":1791118800000,"cat":"food","amt":0,"day":"2026-10-5","io":"xfer"},{"id":"e1","ts":1791032400000,"cat":"food","amt":1e+21,"day":"2026-10-3","io":"exp"},{"id":"e2","ts":1790946000000,"cat":"food","amt":10.5,"day":"2026-10-2","io":"exp"},{"id":"e3","ts":1791118800000,"cat":"food","amt":0,"day":"2026-10-5","io":"exp"},{"id":"e4","ts":1791032400000,"cat":"food","amt":1,"day":"2026-10-3","io":"inc"},{"id":"e5","ts":1790938800000,"cat":"food","amt":10.5,"day":"2026-10-2"}]|1791115200000,2026-10-4,1
group	[{"id":"e0","ts":1790859600000,"cat":"food","amt":-3.25,"day":"2026-10-1","io":"inc"},{"id":"e1","ts":1791460800000,"cat":"food","amt":1e+21,"day":"2026-10-8"},{"id":"e2","ts":1791201600000,"cat":"food","amt":0,"day":"2026-10-5","io":"inc"},{"id":"e3","ts":1790942400000,"cat":"food","amt":0.1,"day":"2026-10-2","io":"xfer"},{"id":"e4","ts":1791032400000,"cat":"food","amt":0.1,"day":"2026-10-3","io":"exp"},{"id":"e5","ts":1790856000000,"cat":"food","amt":1e+21,"day":"2026-10-1"}]|1791028800000,2026-10-3
flat	[{"id":"e0","ts":1790859600000,"cat":"food","amt":-3.25,"day":"2026-10-1","io":"inc"},{"id":"e1","ts":1791460800000,"cat":"food","amt":1e+21,"day":"2026-10-8"},{"id":"e2","ts":1791201600000,"cat":"food","amt":0,"day":"2026-10-5","io":"inc"},{"id":"e3","ts":1790942400000,"cat":"food","amt":0.1,"day":"2026-10-2","io":"xfer"},{"id":"e4","ts":1791032400000,"cat":"food","amt":0.1,"day":"2026-10-3","io":"exp"},{"id":"e5","ts":1790856000000,"cat":"food","amt":1e+21,"day":"2026-10-1"}]|1791028800000,2026-10-3,3
group	[{"id":"e0","ts":1791288000000,"cat":"food","amt":0.1,"day":"2026-10-6"},{"id":"e1","ts":1791630000000,"cat":"food","amt":10.5,"day":"2026-10-10","io":"inc"},{"id":"e2","ts":1790420400000,"cat":"food","amt":1e+21,"day":"2026-9-26","io":"inc"},{"id":"e3","ts":1791633600000,"cat":"food","amt":0.2,"day":"2026-10-10"}]|1791201600000,2026-10-5
flat	[{"id":"e0","ts":1791288000000,"cat":"food","amt":0.1,"day":"2026-10-6"},{"id":"e1","ts":1791630000000,"cat":"food","amt":10.5,"day":"2026-10-10","io":"inc"},{"id":"e2","ts":1790420400000,"cat":"food","amt":1e+21,"day":"2026-9-26","io":"inc"},{"id":"e3","ts":1791633600000,"cat":"food","amt":0.2,"day":"2026-10-10"}]|1791201600000,2026-10-5,0
group	[{"id":"e0","ts":1775473200000,"cat":"food","amt":0,"day":"2026-4-6"},{"id":"e1","ts":1775394000000,"cat":"food","amt":12345.678,"day":"2026-4-5","io":"exp"},{"id":"e2","ts":1775390400000,"cat":"food","amt":0.1,"day":"2026-4-5"},{"id":"e3","ts":1775386800000,"cat":"food","amt":12345.678,"day":"2026-4-5"},{"id":"e4","ts":1775476800000,"cat":"food","amt":0,"day":"2026-4-6","io":"xfer"},{"id":"e5","ts":1775300400000,"cat":"food","amt":1,"day":"2026-4-4","io":"exp"},{"id":"e6","ts":1775566800000,"cat":"food","amt":10.5,"day":"2026-4-7","io":"inc"}]|1775390400000,2026-4-5
flat	[{"id":"e0","ts":1775473200000,"cat":"food","amt":0,"day":"2026-4-6"},{"id":"e1","ts":1775394000000,"cat":"food","amt":12345.678,"day":"2026-4-5","io":"exp"},{"id":"e2","ts":1775390400000,"cat":"food","amt":0.1,"day":"2026-4-5"},{"id":"e3","ts":1775386800000,"cat":"food","amt":12345.678,"day":"2026-4-5"},{"id":"e4","ts":1775476800000,"cat":"food","amt":0,"day":"2026-4-6","io":"xfer"},{"id":"e5","ts":1775300400000,"cat":"food","amt":1,"day":"2026-4-4","io":"exp"},{"id":"e6","ts":1775566800000,"cat":"food","amt":10.5,"day":"2026-4-7","io":"inc"}]|1775390400000,2026-4-5,4
group	[{"id":"e0","ts":1775566800000,"cat":"food","amt":0.1,"day":"2026-4-7","io":"exp"},{"id":"e1","ts":1775217600000,"cat":"food","amt":12345.678,"day":"2026-4-3","io":"exp"},{"id":"e2","ts":1775390400000,"cat":"food","amt":-3.25,"day":"2026-4-5"},{"id":"e3","ts":1774609200000,"cat":"food","amt":0.1,"day":"2026-3-27","io":"xfer"}]|1775390400000,2026-4-5
flat	[{"id":"e0","ts":1775566800000,"cat":"food","amt":0.1,"day":"2026-4-7","io":"exp"},{"id":"e1","ts":1775217600000,"cat":"food","amt":12345.678,"day":"2026-4-3","io":"exp"},{"id":"e2","ts":1775390400000,"cat":"food","amt":-3.25,"day":"2026-4-5"},{"id":"e3","ts":1774609200000,"cat":"food","amt":0.1,"day":"2026-3-27","io":"xfer"}]|1775390400000,2026-4-5,3
group	[{"id":"e0","ts":1791291600000,"cat":"food","amt":0.2,"day":"2026-10-7","io":"exp"},{"id":"e1","ts":1791111600000,"cat":"food","amt":0.1,"day":"2026-10-4"},{"id":"e2","ts":1791547200000,"cat":"food","amt":10.5,"day":"2026-10-9","io":"exp"},{"id":"e3","ts":1791118800000,"cat":"food","amt":1,"day":"2026-10-5","io":"exp"},{"id":"e4","ts":1791288000000,"cat":"food","amt":0,"day":"2026-10-6","io":"xfer"},{"id":"e5","ts":1791205200000,"cat":"food","amt":0.2,"day":"2026-10-6","io":"xfer"},{"id":"e6","ts":1791288000000,"cat":"food","amt":0,"day":"2026-10-6","io":"exp"}]|1791115200000,2026-10-4
flat	[{"id":"e0","ts":1791291600000,"cat":"food","amt":0.2,"day":"2026-10-7","io":"exp"},{"id":"e1","ts":1791111600000,"cat":"food","amt":0.1,"day":"2026-10-4"},{"id":"e2","ts":1791547200000,"cat":"food","amt":10.5,"day":"2026-10-9","io":"exp"},{"id":"e3","ts":1791118800000,"cat":"food","amt":1,"day":"2026-10-5","io":"exp"},{"id":"e4","ts":1791288000000,"cat":"food","amt":0,"day":"2026-10-6","io":"xfer"},{"id":"e5","ts":1791205200000,"cat":"food","amt":0.2,"day":"2026-10-6","io":"xfer"},{"id":"e6","ts":1791288000000,"cat":"food","amt":0,"day":"2026-10-6","io":"exp"}]|1791115200000,2026-10-4,3
group	[{"id":"e0","ts":1787950800000,"cat":"food","amt":1,"day":"2026-8-29"},{"id":"e1","ts":1787000400000,"cat":"food","amt":0,"day":"2026-8-18"}]|1787781600000,2026-8-27
flat	[{"id":"e0","ts":1787950800000,"cat":"food","amt":1,"day":"2026-8-29"},{"id":"e1","ts":1787000400000,"cat":"food","amt":0,"day":"2026-8-18"}]|1787781600000,2026-8-27,1
group	[{"id":"e0","ts":1767272400000,"cat":"food","amt":0,"day":"2026-1-2"},{"id":"e1","ts":1767182400000,"cat":"food","amt":0.1,"day":"2025-12-31","io":"inc"},{"id":"e2","ts":1767272400000,"cat":"food","amt":-3.25,"day":"2026-1-2","io":"xfer"},{"id":"e3","ts":1767182400000,"cat":"food","amt":0,"day":"2025-12-31"},{"id":"e4","ts":1767103200000,"cat":"food","amt":0,"day":"2025-12-31","io":"inc"}]|1767186000000,2026-1-1
flat	[{"id":"e0","ts":1767272400000,"cat":"food","amt":0,"day":"2026-1-2"},{"id":"e1","ts":1767182400000,"cat":"food","amt":0.1,"day":"2025-12-31","io":"inc"},{"id":"e2","ts":1767272400000,"cat":"food","amt":-3.25,"day":"2026-1-2","io":"xfer"},{"id":"e3","ts":1767182400000,"cat":"food","amt":0,"day":"2025-12-31"},{"id":"e4","ts":1767103200000,"cat":"food","amt":0,"day":"2025-12-31","io":"inc"}]|1767186000000,2026-1-1,3
group	[{"id":"e0","ts":1791205200000,"cat":"food","amt":10.5,"day":"2026-10-6","io":"xfer"},{"id":"e1","ts":1791198000000,"cat":"food","amt":12345.678,"day":"2026-10-5","io":"inc"}]|1791115200000,2026-10-4
flat	[{"id":"e0","ts":1791205200000,"cat":"food","amt":10.5,"day":"2026-10-6","io":"xfer"},{"id":"e1","ts":1791198000000,"cat":"food","amt":12345.678,"day":"2026-10-5","io":"inc"}]|1791115200000,2026-10-4,2
group	[{"id":"e0","ts":1787803200000,"cat":"food","amt":0,"day":"2026-8-27","io":"exp"},{"id":"e1","ts":1787540400000,"cat":"food","amt":10.5,"day":"2026-8-24","io":"inc"}]|1787713200000,2026-8-26
flat	[{"id":"e0","ts":1787803200000,"cat":"food","amt":0,"day":"2026-8-27","io":"exp"},{"id":"e1","ts":1787540400000,"cat":"food","amt":10.5,"day":"2026-8-24","io":"inc"}]|1787713200000,2026-8-26,1
group	[{"id":"e0","ts":1767229200000,"cat":"food","amt":0.1,"day":"2026-1-1","io":"exp"},{"id":"e1","ts":1767657600000,"cat":"food","amt":0.1,"day":"2026-1-6","io":"inc"},{"id":"e2","ts":1767052800000,"cat":"food","amt":1e+21,"day":"2025-12-30"},{"id":"e3","ts":1767229200000,"cat":"food","amt":1e-7,"day":"2026-1-1","io":"exp"},{"id":"e4","ts":1767229200000,"cat":"food","amt":0.1,"day":"2026-1-1","io":"xfer"},{"id":"e5","ts":1766455200000,"cat":"food","amt":0,"day":"2025-12-23","io":"inc"},{"id":"e6","ts":1766455200000,"cat":"food","amt":0.1,"day":"2025-12-23","io":"exp"}]|1767229200000,2026-1-1
flat	[{"id":"e0","ts":1767229200000,"cat":"food","amt":0.1,"day":"2026-1-1","io":"exp"},{"id":"e1","ts":1767657600000,"cat":"food","amt":0.1,"day":"2026-1-6","io":"inc"},{"id":"e2","ts":1767052800000,"cat":"food","amt":1e+21,"day":"2025-12-30"},{"id":"e3","ts":1767229200000,"cat":"food","amt":1e-7,"day":"2026-1-1","io":"exp"},{"id":"e4","ts":1767229200000,"cat":"food","amt":0.1,"day":"2026-1-1","io":"xfer"},{"id":"e5","ts":1766455200000,"cat":"food","amt":0,"day":"2025-12-23","io":"inc"},{"id":"e6","ts":1766455200000,"cat":"food","amt":0.1,"day":"2025-12-23","io":"exp"}]|1767229200000,2026-1-1,1
group	[{"id":"e0","ts":1775307600000,"cat":"food","amt":1e-7,"day":"2026-4-5","io":"exp"},{"id":"e1","ts":1775131200000,"cat":"food","amt":1e+21,"day":"2026-4-2"},{"id":"e2","ts":1775736000000,"cat":"food","amt":0.1,"day":"2026-4-9","io":"inc"},{"id":"e3","ts":1775739600000,"cat":"food","amt":1,"day":"2026-4-9","io":"exp"},{"id":"e4","ts":1775221200000,"cat":"food","amt":12345.678,"day":"2026-4-4","io":"inc"},{"id":"e5","ts":1775131200000,"cat":"food","amt":1e+21,"day":"2026-4-2","io":"exp"},{"id":"e6","ts":1775217600000,"cat":"food","amt":-3.25,"day":"2026-4-3"}]|1775304000000,2026-4-4
flat	[{"id":"e0","ts":1775307600000,"cat":"food","amt":1e-7,"day":"2026-4-5","io":"exp"},{"id":"e1","ts":1775131200000,"cat":"food","amt":1e+21,"day":"2026-4-2"},{"id":"e2","ts":1775736000000,"cat":"food","amt":0.1,"day":"2026-4-9","io":"inc"},{"id":"e3","ts":1775739600000,"cat":"food","amt":1,"day":"2026-4-9","io":"exp"},{"id":"e4","ts":1775221200000,"cat":"food","amt":12345.678,"day":"2026-4-4","io":"inc"},{"id":"e5","ts":1775131200000,"cat":"food","amt":1e+21,"day":"2026-4-2","io":"exp"},{"id":"e6","ts":1775217600000,"cat":"food","amt":-3.25,"day":"2026-4-3"}]|1775304000000,2026-4-4,0
group	[{"id":"e0","ts":1787785200000,"cat":"food","amt":1,"day":"2026-8-27","io":"xfer"},{"id":"e1","ts":1787698800000,"cat":"food","amt":1e+21,"day":"2026-8-26","io":"exp"},{"id":"e2","ts":1787695200000,"cat":"food","amt":10.5,"day":"2026-8-26","io":"exp"},{"id":"e3","ts":1787864400000,"cat":"food","amt":0.1,"day":"2026-8-28","io":"xfer"},{"id":"e4","ts":1787007600000,"cat":"food","amt":0,"day":"2026-8-18","io":"inc"},{"id":"e5","ts":1787781600000,"cat":"food","amt":12345.678,"day":"2026-8-27","io":"exp"}]|1787781600000,2026-8-27
flat	[{"id":"e0","ts":1787785200000,"cat":"food","amt":1,"day":"2026-8-27","io":"xfer"},{"id":"e1","ts":1787698800000,"cat":"food","amt":1e+21,"day":"2026-8-26","io":"exp"},{"id":"e2","ts":1787695200000,"cat":"food","amt":10.5,"day":"2026-8-26","io":"exp"},{"id":"e3","ts":1787864400000,"cat":"food","amt":0.1,"day":"2026-8-28","io":"xfer"},{"id":"e4","ts":1787007600000,"cat":"food","amt":0,"day":"2026-8-18","io":"inc"},{"id":"e5","ts":1787781600000,"cat":"food","amt":12345.678,"day":"2026-8-27","io":"exp"}]|1787781600000,2026-8-27,3
group	[{"id":"e0","ts":1791025200000,"cat":"food","amt":0,"day":"2026-10-3","io":"xfer"}]|1791201600000,2026-10-5
flat	[{"id":"e0","ts":1791025200000,"cat":"food","amt":0,"day":"2026-10-3","io":"xfer"}]|1791201600000,2026-10-5,1
group	[{"id":"e0","ts":1790946000000,"cat":"food","amt":1e-7,"day":"2026-10-2","io":"xfer"},{"id":"e1","ts":1790254800000,"cat":"food","amt":0.2,"day":"2026-9-24"},{"id":"e2","ts":1790856000000,"cat":"food","amt":0.1,"day":"2026-10-1","io":"xfer"},{"id":"e3","ts":1791028800000,"cat":"food","amt":1e-7,"day":"2026-10-3"},{"id":"e4","ts":1791118800000,"cat":"food","amt":10.5,"day":"2026-10-5","io":"inc"},{"id":"e5","ts":1790251200000,"cat":"food","amt":12345.678,"day":"2026-9-24","io":"inc"},{"id":"e6","ts":1791198000000,"cat":"food","amt":1,"day":"2026-10-5"}]|1791028800000,2026-10-3
flat	[{"id":"e0","ts":1790946000000,"cat":"food","amt":1e-7,"day":"2026-10-2","io":"xfer"},{"id":"e1","ts":1790254800000,"cat":"food","amt":0.2,"day":"2026-9-24"},{"id":"e2","ts":1790856000000,"cat":"food","amt":0.1,"day":"2026-10-1","io":"xfer"},{"id":"e3","ts":1791028800000,"cat":"food","amt":1e-7,"day":"2026-10-3"},{"id":"e4","ts":1791118800000,"cat":"food","amt":10.5,"day":"2026-10-5","io":"inc"},{"id":"e5","ts":1790251200000,"cat":"food","amt":12345.678,"day":"2026-9-24","io":"inc"},{"id":"e6","ts":1791198000000,"cat":"food","amt":1,"day":"2026-10-5"}]|1791028800000,2026-10-3,1
group	[{"id":"e0","ts":1767009600000,"cat":"food","amt":0.1,"day":"2025-12-29"},{"id":"e1","ts":1766412000000,"cat":"food","amt":0.2,"day":"2025-12-23","io":"exp"},{"id":"e2","ts":1767618000000,"cat":"food","amt":0.2,"day":"2026-1-6"},{"id":"e3","ts":1767186000000,"cat":"food","amt":1e+21,"day":"2026-1-1","io":"xfer"},{"id":"e4","ts":1767103200000,"cat":"food","amt":0.2,"day":"2025-12-31"}]|1767186000000,2026-1-1
flat	[{"id":"e0","ts":1767009600000,"cat":"food","amt":0.1,"day":"2025-12-29"},{"id":"e1","ts":1766412000000,"cat":"food","amt":0.2,"day":"2025-12-23","io":"exp"},{"id":"e2","ts":1767618000000,"cat":"food","amt":0.2,"day":"2026-1-6"},{"id":"e3","ts":1767186000000,"cat":"food","amt":1e+21,"day":"2026-1-1","io":"xfer"},{"id":"e4","ts":1767103200000,"cat":"food","amt":0.2,"day":"2025-12-31"}]|1767186000000,2026-1-1,4
group	[{"id":"e0","ts":1774616400000,"cat":"food","amt":0.1,"day":"2026-3-28"},{"id":"e1","ts":1775300400000,"cat":"food","amt":-3.25,"day":"2026-4-4"},{"id":"e2","ts":1775559600000,"cat":"food","amt":0,"day":"2026-4-7","io":"exp"},{"id":"e3","ts":1775394000000,"cat":"food","amt":0.1,"day":"2026-4-5","io":"inc"},{"id":"e4","ts":1775304000000,"cat":"food","amt":0.1,"day":"2026-4-4","io":"inc"},{"id":"e5","ts":1775304000000,"cat":"food","amt":0.2,"day":"2026-4-4","io":"exp"}]|1775390400000,2026-4-5
flat	[{"id":"e0","ts":1774616400000,"cat":"food","amt":0.1,"day":"2026-3-28"},{"id":"e1","ts":1775300400000,"cat":"food","amt":-3.25,"day":"2026-4-4"},{"id":"e2","ts":1775559600000,"cat":"food","amt":0,"day":"2026-4-7","io":"exp"},{"id":"e3","ts":1775394000000,"cat":"food","amt":0.1,"day":"2026-4-5","io":"inc"},{"id":"e4","ts":1775304000000,"cat":"food","amt":0.1,"day":"2026-4-4","io":"inc"},{"id":"e5","ts":1775304000000,"cat":"food","amt":0.2,"day":"2026-4-4","io":"exp"}]|1775390400000,2026-4-5,1
group	[{"id":"e0","ts":1787713200000,"cat":"food","amt":0,"day":"2026-8-26","io":"xfer"},{"id":"e1","ts":1787799600000,"cat":"food","amt":12345.678,"day":"2026-8-27"},{"id":"e2","ts":1787709600000,"cat":"food","amt":-3.25,"day":"2026-8-26","io":"inc"}]|1787713200000,2026-8-26
flat	[{"id":"e0","ts":1787713200000,"cat":"food","amt":0,"day":"2026-8-26","io":"xfer"},{"id":"e1","ts":1787799600000,"cat":"food","amt":12345.678,"day":"2026-8-27"},{"id":"e2","ts":1787709600000,"cat":"food","amt":-3.25,"day":"2026-8-26","io":"inc"}]|1787713200000,2026-8-26,1
group	[{"id":"e0","ts":1791291600000,"cat":"food","amt":-3.25,"day":"2026-10-7","io":"exp"},{"id":"e1","ts":1791118800000,"cat":"food","amt":12345.678,"day":"2026-10-5","io":"xfer"},{"id":"e2","ts":1791115200000,"cat":"food","amt":-3.25,"day":"2026-10-4","io":"inc"},{"id":"e3","ts":1791201600000,"cat":"food","amt":1e-7,"day":"2026-10-5","io":"xfer"},{"id":"e4","ts":1791370800000,"cat":"food","amt":0,"day":"2026-10-7","io":"xfer"},{"id":"e5","ts":1791115200000,"cat":"food","amt":0,"day":"2026-10-4","io":"exp"},{"id":"e6","ts":1791201600000,"cat":"food","amt":1e-7,"day":"2026-10-5"}]|1791201600000,2026-10-5
flat	[{"id":"e0","ts":1791291600000,"cat":"food","amt":-3.25,"day":"2026-10-7","io":"exp"},{"id":"e1","ts":1791118800000,"cat":"food","amt":12345.678,"day":"2026-10-5","io":"xfer"},{"id":"e2","ts":1791115200000,"cat":"food","amt":-3.25,"day":"2026-10-4","io":"inc"},{"id":"e3","ts":1791201600000,"cat":"food","amt":1e-7,"day":"2026-10-5","io":"xfer"},{"id":"e4","ts":1791370800000,"cat":"food","amt":0,"day":"2026-10-7","io":"xfer"},{"id":"e5","ts":1791115200000,"cat":"food","amt":0,"day":"2026-10-4","io":"exp"},{"id":"e6","ts":1791201600000,"cat":"food","amt":1e-7,"day":"2026-10-5"}]|1791201600000,2026-10-5,1
group	[{"id":"e0","ts":1775394000000,"cat":"food","amt":1,"day":"2026-4-5","io":"exp"},{"id":"e1","ts":1775307600000,"cat":"food","amt":-3.25,"day":"2026-4-5","io":"exp"},{"id":"e2","ts":1775390400000,"cat":"food","amt":1e+21,"day":"2026-4-5"},{"id":"e3","ts":1774530000000,"cat":"food","amt":0.1,"day":"2026-3-27","io":"inc"}]|1775304000000,2026-4-4
flat	[{"id":"e0","ts":1775394000000,"cat":"food","amt":1,"day":"2026-4-5","io":"exp"},{"id":"e1","ts":1775307600000,"cat":"food","amt":-3.25,"day":"2026-4-5","io":"exp"},{"id":"e2","ts":1775390400000,"cat":"food","amt":1e+21,"day":"2026-4-5"},{"id":"e3","ts":1774530000000,"cat":"food","amt":0.1,"day":"2026-3-27","io":"inc"}]|1775304000000,2026-4-4,3
group	[{"id":"e0","ts":1790938800000,"cat":"food","amt":-3.25,"day":"2026-10-2","io":"exp"},{"id":"e1","ts":1791028800000,"cat":"food","amt":0,"day":"2026-10-3","io":"inc"},{"id":"e2","ts":1790856000000,"cat":"food","amt":0.2,"day":"2026-10-1","io":"exp"},{"id":"e3","ts":1791201600000,"cat":"food","amt":0,"day":"2026-10-5","io":"exp"}]|1791028800000,2026-10-3
flat	[{"id":"e0","ts":1790938800000,"cat":"food","amt":-3.25,"day":"2026-10-2","io":"exp"},{"id":"e1","ts":1791028800000,"cat":"food","amt":0,"day":"2026-10-3","io":"inc"},{"id":"e2","ts":1790856000000,"cat":"food","amt":0.2,"day":"2026-10-1","io":"exp"},{"id":"e3","ts":1791201600000,"cat":"food","amt":0,"day":"2026-10-5","io":"exp"}]|1791028800000,2026-10-3,1
group	[{"id":"e0","ts":1791032400000,"cat":"food","amt":0.2,"day":"2026-10-3","io":"exp"},{"id":"e1","ts":1791201600000,"cat":"food","amt":12345.678,"day":"2026-10-5","io":"inc"},{"id":"e2","ts":1790938800000,"cat":"food","amt":1,"day":"2026-10-2","io":"inc"},{"id":"e3","ts":1791032400000,"cat":"food","amt":0.2,"day":"2026-10-3","io":"xfer"},{"id":"e4","ts":1790852400000,"cat":"food","amt":1e-7,"day":"2026-10-1","io":"inc"},{"id":"e5","ts":1791025200000,"cat":"food","amt":0,"day":"2026-10-3"},{"id":"e6","ts":1790251200000,"cat":"food","amt":0,"day":"2026-9-24","io":"inc"}]|1791028800000,2026-10-3
flat	[{"id":"e0","ts":1791032400000,"cat":"food","amt":0.2,"day":"2026-10-3","io":"exp"},{"id":"e1","ts":1791201600000,"cat":"food","amt":12345.678,"day":"2026-10-5","io":"inc"},{"id":"e2","ts":1790938800000,"cat":"food","amt":1,"day":"2026-10-2","io":"inc"},{"id":"e3","ts":1791032400000,"cat":"food","amt":0.2,"day":"2026-10-3","io":"xfer"},{"id":"e4","ts":1790852400000,"cat":"food","amt":1e-7,"day":"2026-10-1","io":"inc"},{"id":"e5","ts":1791025200000,"cat":"food","amt":0,"day":"2026-10-3"},{"id":"e6","ts":1790251200000,"cat":"food","amt":0,"day":"2026-9-24","io":"inc"}]|1791028800000,2026-10-3,4
group	[{"id":"e0","ts":1775476800000,"cat":"food","amt":-3.25,"day":"2026-4-6","io":"inc"},{"id":"e1","ts":1775307600000,"cat":"food","amt":0.2,"day":"2026-4-5","io":"inc"},{"id":"e2","ts":1775559600000,"cat":"food","amt":1e-7,"day":"2026-4-7","io":"inc"},{"id":"e3","ts":1775480400000,"cat":"food","amt":0,"day":"2026-4-6","io":"exp"},{"id":"e4","ts":1775476800000,"cat":"food","amt":0,"day":"2026-4-6","io":"exp"},{"id":"e5","ts":1775473200000,"cat":"food","amt":0.1,"day":"2026-4-6","io":"xfer"}]|1775476800000,2026-4-6
flat	[{"id":"e0","ts":1775476800000,"cat":"food","amt":-3.25,"day":"2026-4-6","io":"inc"},{"id":"e1","ts":1775307600000,"cat":"food","amt":0.2,"day":"2026-4-5","io":"inc"},{"id":"e2","ts":1775559600000,"cat":"food","amt":1e-7,"day":"2026-4-7","io":"inc"},{"id":"e3","ts":1775480400000,"cat":"food","amt":0,"day":"2026-4-6","io":"exp"},{"id":"e4","ts":1775476800000,"cat":"food","amt":0,"day":"2026-4-6","io":"exp"},{"id":"e5","ts":1775473200000,"cat":"food","amt":0.1,"day":"2026-4-6","io":"xfer"}]|1775476800000,2026-4-6,0
group	[]|1775304000000,2026-4-4
flat	[]|1775304000000,2026-4-4,0
group	[{"id":"e0","ts":1791550800000,"cat":"food","amt":0,"day":"2026-10-10","io":"inc"},{"id":"e1","ts":1790942400000,"cat":"food","amt":12345.678,"day":"2026-10-2","io":"xfer"},{"id":"e2","ts":1791547200000,"cat":"food","amt":0,"day":"2026-10-9"},{"id":"e3","ts":1790946000000,"cat":"food","amt":1,"day":"2026-10-2","io":"exp"},{"id":"e4","ts":1791115200000,"cat":"food","amt":1,"day":"2026-10-4","io":"inc"},{"id":"e5","ts":1790334000000,"cat":"food","amt":-3.25,"day":"2026-9-25","io":"inc"}]|1791115200000,2026-10-4
flat	[{"id":"e0","ts":1791550800000,"cat":"food","amt":0,"day":"2026-10-10","io":"inc"},{"id":"e1","ts":1790942400000,"cat":"food","amt":12345.678,"day":"2026-10-2","io":"xfer"},{"id":"e2","ts":1791547200000,"cat":"food","amt":0,"day":"2026-10-9"},{"id":"e3","ts":1790946000000,"cat":"food","amt":1,"day":"2026-10-2","io":"exp"},{"id":"e4","ts":1791115200000,"cat":"food","amt":1,"day":"2026-10-4","io":"inc"},{"id":"e5","ts":1790334000000,"cat":"food","amt":-3.25,"day":"2026-9-25","io":"inc"}]|1791115200000,2026-10-4,1
group	[{"id":"e0","ts":1791201600000,"cat":"food","amt":10.5,"day":"2026-10-5"},{"id":"e1","ts":1790859600000,"cat":"food","amt":10.5,"day":"2026-10-1","io":"inc"},{"id":"e2","ts":1791201600000,"cat":"food","amt":0,"day":"2026-10-5","io":"exp"},{"id":"e3","ts":1790254800000,"cat":"food","amt":-3.25,"day":"2026-9-24","io":"inc"}]|1791028800000,2026-10-3
flat	[{"id":"e0","ts":1791201600000,"cat":"food","amt":10.5,"day":"2026-10-5"},{"id":"e1","ts":1790859600000,"cat":"food","amt":10.5,"day":"2026-10-1","io":"inc"},{"id":"e2","ts":1791201600000,"cat":"food","amt":0,"day":"2026-10-5","io":"exp"},{"id":"e3","ts":1790254800000,"cat":"food","amt":-3.25,"day":"2026-9-24","io":"inc"}]|1791028800000,2026-10-3,2
group	[{"id":"e0","ts":1767355200000,"cat":"food","amt":12345.678,"day":"2026-1-2","io":"xfer"},{"id":"e1","ts":1767358800000,"cat":"food","amt":10.5,"day":"2026-1-3"},{"id":"e2","ts":1767013200000,"cat":"food","amt":10.5,"day":"2025-12-30","io":"inc"},{"id":"e3","ts":1767621600000,"cat":"food","amt":1,"day":"2026-1-6","io":"xfer"},{"id":"e4","ts":1767268800000,"cat":"food","amt":1e-7,"day":"2026-1-1"}]|1767186000000,2026-1-1
flat	[{"id":"e0","ts":1767355200000,"cat":"food","amt":12345.678,"day":"2026-1-2","io":"xfer"},{"id":"e1","ts":1767358800000,"cat":"food","amt":10.5,"day":"2026-1-3"},{"id":"e2","ts":1767013200000,"cat":"food","amt":10.5,"day":"2025-12-30","io":"inc"},{"id":"e3","ts":1767621600000,"cat":"food","amt":1,"day":"2026-1-6","io":"xfer"},{"id":"e4","ts":1767268800000,"cat":"food","amt":1e-7,"day":"2026-1-1"}]|1767186000000,2026-1-1,1
group	[{"id":"e0","ts":1791201600000,"cat":"food","amt":0.1,"day":"2026-10-5","io":"xfer"},{"id":"e1","ts":1790427600000,"cat":"food","amt":1e+21,"day":"2026-9-26","io":"exp"},{"id":"e2","ts":1791032400000,"cat":"food","amt":1,"day":"2026-10-3","io":"inc"},{"id":"e3","ts":1791115200000,"cat":"food","amt":0.1,"day":"2026-10-4","io":"xfer"},{"id":"e4","ts":1791288000000,"cat":"food","amt":1e+21,"day":"2026-10-6"},{"id":"e5","ts":1791201600000,"cat":"food","amt":0,"day":"2026-10-5"},{"id":"e6","ts":1791115200000,"cat":"food","amt":1e+21,"day":"2026-10-4","io":"xfer"}]|1791201600000,2026-10-5
flat	[{"id":"e0","ts":1791201600000,"cat":"food","amt":0.1,"day":"2026-10-5","io":"xfer"},{"id":"e1","ts":1790427600000,"cat":"food","amt":1e+21,"day":"2026-9-26","io":"exp"},{"id":"e2","ts":1791032400000,"cat":"food","amt":1,"day":"2026-10-3","io":"inc"},{"id":"e3","ts":1791115200000,"cat":"food","amt":0.1,"day":"2026-10-4","io":"xfer"},{"id":"e4","ts":1791288000000,"cat":"food","amt":1e+21,"day":"2026-10-6"},{"id":"e5","ts":1791201600000,"cat":"food","amt":0,"day":"2026-10-5"},{"id":"e6","ts":1791115200000,"cat":"food","amt":1e+21,"day":"2026-10-4","io":"xfer"}]|1791201600000,2026-10-5,3
group	[]|1767229200000,2026-1-1
flat	[]|1767229200000,2026-1-1,4
group	[{"id":"e0","ts":1791118800000,"cat":"food","amt":-3.25,"day":"2026-10-5","io":"exp"}]|1791115200000,2026-10-4
flat	[{"id":"e0","ts":1791118800000,"cat":"food","amt":-3.25,"day":"2026-10-5","io":"exp"}]|1791115200000,2026-10-4,1
group	[{"id":"e0","ts":1787623200000,"cat":"food","amt":12345.678,"day":"2026-8-25"},{"id":"e1","ts":1787713200000,"cat":"food","amt":0,"day":"2026-8-26","io":"exp"},{"id":"e2","ts":1787799600000,"cat":"food","amt":12345.678,"day":"2026-8-27","io":"xfer"},{"id":"e3","ts":1787882400000,"cat":"food","amt":-3.25,"day":"2026-8-28","io":"exp"}]|1787713200000,2026-8-26
flat	[{"id":"e0","ts":1787623200000,"cat":"food","amt":12345.678,"day":"2026-8-25"},{"id":"e1","ts":1787713200000,"cat":"food","amt":0,"day":"2026-8-26","io":"exp"},{"id":"e2","ts":1787799600000,"cat":"food","amt":12345.678,"day":"2026-8-27","io":"xfer"},{"id":"e3","ts":1787882400000,"cat":"food","amt":-3.25,"day":"2026-8-28","io":"exp"}]|1787713200000,2026-8-26,2
group	[{"id":"e0","ts":1791550800000,"cat":"food","amt":10.5,"day":"2026-10-10"},{"id":"e1","ts":1791201600000,"cat":"food","amt":1,"day":"2026-10-5","io":"exp"}]|1791115200000,2026-10-4
flat	[{"id":"e0","ts":1791550800000,"cat":"food","amt":10.5,"day":"2026-10-10"},{"id":"e1","ts":1791201600000,"cat":"food","amt":1,"day":"2026-10-5","io":"exp"}]|1791115200000,2026-10-4,1
group	[{"id":"e0","ts":1767618000000,"cat":"food","amt":-3.25,"day":"2026-1-6","io":"xfer"},{"id":"e1","ts":1767614400000,"cat":"food","amt":-3.25,"day":"2026-1-5"},{"id":"e2","ts":1767189600000,"cat":"food","amt":0,"day":"2026-1-1","io":"xfer"},{"id":"e3","ts":1767182400000,"cat":"food","amt":0.1,"day":"2025-12-31","io":"inc"}]|1767186000000,2026-1-1
flat	[{"id":"e0","ts":1767618000000,"cat":"food","amt":-3.25,"day":"2026-1-6","io":"xfer"},{"id":"e1","ts":1767614400000,"cat":"food","amt":-3.25,"day":"2026-1-5"},{"id":"e2","ts":1767189600000,"cat":"food","amt":0,"day":"2026-1-1","io":"xfer"},{"id":"e3","ts":1767182400000,"cat":"food","amt":0.1,"day":"2025-12-31","io":"inc"}]|1767186000000,2026-1-1,1
group	[{"id":"e0","ts":1787626800000,"cat":"food","amt":10.5,"day":"2026-8-25","io":"inc"},{"id":"e1","ts":1787623200000,"cat":"food","amt":-3.25,"day":"2026-8-25","io":"inc"},{"id":"e2","ts":1786939200000,"cat":"food","amt":1e+21,"day":"2026-8-17","io":"inc"},{"id":"e3","ts":1787713200000,"cat":"food","amt":1e+21,"day":"2026-8-26"},{"id":"e4","ts":1787626800000,"cat":"food","amt":-3.25,"day":"2026-8-25","io":"xfer"}]|1787713200000,2026-8-26
flat	[{"id":"e0","ts":1787626800000,"cat":"food","amt":10.5,"day":"2026-8-25","io":"inc"},{"id":"e1","ts":1787623200000,"cat":"food","amt":-3.25,"day":"2026-8-25","io":"inc"},{"id":"e2","ts":1786939200000,"cat":"food","amt":1e+21,"day":"2026-8-17","io":"inc"},{"id":"e3","ts":1787713200000,"cat":"food","amt":1e+21,"day":"2026-8-26"},{"id":"e4","ts":1787626800000,"cat":"food","amt":-3.25,"day":"2026-8-25","io":"xfer"}]|1787713200000,2026-8-26,2
group	[{"id":"e0","ts":1767013200000,"cat":"food","amt":0,"day":"2025-12-30","io":"exp"},{"id":"e1","ts":1767182400000,"cat":"food","amt":10.5,"day":"2025-12-31"},{"id":"e2","ts":1767618000000,"cat":"food","amt":10.5,"day":"2026-1-6","io":"inc"},{"id":"e3","ts":1767614400000,"cat":"food","amt":1,"day":"2026-1-5","io":"xfer"},{"id":"e4","ts":1767103200000,"cat":"food","amt":0.2,"day":"2025-12-31","io":"xfer"},{"id":"e5","ts":1767013200000,"cat":"food","amt":1e+21,"day":"2025-12-30"}]|1767186000000,2026-1-1
flat	[{"id":"e0","ts":1767013200000,"cat":"food","amt":0,"day":"2025-12-30","io":"exp"},{"id":"e1","ts":1767182400000,"cat":"food","amt":10.5,"day":"2025-12-31"},{"id":"e2","ts":1767618000000,"cat":"food","amt":10.5,"day":"2026-1-6","io":"inc"},{"id":"e3","ts":1767614400000,"cat":"food","amt":1,"day":"2026-1-5","io":"xfer"},{"id":"e4","ts":1767103200000,"cat":"food","amt":0.2,"day":"2025-12-31","io":"xfer"},{"id":"e5","ts":1767013200000,"cat":"food","amt":1e+21,"day":"2025-12-30"}]|1767186000000,2026-1-1,1
group	[{"id":"e0","ts":1767315600000,"cat":"food","amt":1e+21,"day":"2026-1-2","io":"exp"},{"id":"e1","ts":1767402000000,"cat":"food","amt":0.1,"day":"2026-1-3","io":"exp"},{"id":"e2","ts":1767402000000,"cat":"food","amt":1e+21,"day":"2026-1-3","io":"inc"},{"id":"e3","ts":1767315600000,"cat":"food","amt":10.5,"day":"2026-1-2","io":"xfer"},{"id":"e4","ts":1767232800000,"cat":"food","amt":-3.25,"day":"2026-1-1"},{"id":"e5","ts":1767315600000,"cat":"food","amt":0.2,"day":"2026-1-2","io":"inc"}]|1767229200000,2026-1-1
flat	[{"id":"e0","ts":1767315600000,"cat":"food","amt":1e+21,"day":"2026-1-2","io":"exp"},{"id":"e1","ts":1767402000000,"cat":"food","amt":0.1,"day":"2026-1-3","io":"exp"},{"id":"e2","ts":1767402000000,"cat":"food","amt":1e+21,"day":"2026-1-3","io":"inc"},{"id":"e3","ts":1767315600000,"cat":"food","amt":10.5,"day":"2026-1-2","io":"xfer"},{"id":"e4","ts":1767232800000,"cat":"food","amt":-3.25,"day":"2026-1-1"},{"id":"e5","ts":1767315600000,"cat":"food","amt":0.2,"day":"2026-1-2","io":"inc"}]|1767229200000,2026-1-1,0
group	[{"id":"e0","ts":1775908800000,"cat":"food","amt":0,"day":"2026-4-11","io":"inc"},{"id":"e1","ts":1775307600000,"cat":"food","amt":10.5,"day":"2026-4-5","io":"exp"},{"id":"e2","ts":1775908800000,"cat":"food","amt":0,"day":"2026-4-11","io":"inc"},{"id":"e3","ts":1775559600000,"cat":"food","amt":1,"day":"2026-4-7","io":"exp"},{"id":"e4","ts":1775563200000,"cat":"food","amt":0.1,"day":"2026-4-7","io":"xfer"}]|1775476800000,2026-4-6
flat	[{"id":"e0","ts":1775908800000,"cat":"food","amt":0,"day":"2026-4-11","io":"inc"},{"id":"e1","ts":1775307600000,"cat":"food","amt":10.5,"day":"2026-4-5","io":"exp"},{"id":"e2","ts":1775908800000,"cat":"food","amt":0,"day":"2026-4-11","io":"inc"},{"id":"e3","ts":1775559600000,"cat":"food","amt":1,"day":"2026-4-7","io":"exp"},{"id":"e4","ts":1775563200000,"cat":"food","amt":0.1,"day":"2026-4-7","io":"xfer"}]|1775476800000,2026-4-6,1
group	[{"id":"e0","ts":1775908800000,"cat":"food","amt":10.5,"day":"2026-4-11"},{"id":"e1","ts":1775563200000,"cat":"food","amt":0.1,"day":"2026-4-7","io":"exp"},{"id":"e2","ts":1775480400000,"cat":"food","amt":10.5,"day":"2026-4-6"},{"id":"e3","ts":1775559600000,"cat":"food","amt":0,"day":"2026-4-7"},{"id":"e4","ts":1775476800000,"cat":"food","amt":0,"day":"2026-4-6","io":"xfer"},{"id":"e5","ts":1775905200000,"cat":"food","amt":0,"day":"2026-4-11","io":"inc"},{"id":"e6","ts":1775912400000,"cat":"food","amt":12345.678,"day":"2026-4-11","io":"exp"}]|1775476800000,2026-4-6
flat	[{"id":"e0","ts":1775908800000,"cat":"food","amt":10.5,"day":"2026-4-11"},{"id":"e1","ts":1775563200000,"cat":"food","amt":0.1,"day":"2026-4-7","io":"exp"},{"id":"e2","ts":1775480400000,"cat":"food","amt":10.5,"day":"2026-4-6"},{"id":"e3","ts":1775559600000,"cat":"food","amt":0,"day":"2026-4-7"},{"id":"e4","ts":1775476800000,"cat":"food","amt":0,"day":"2026-4-6","io":"xfer"},{"id":"e5","ts":1775905200000,"cat":"food","amt":0,"day":"2026-4-11","io":"inc"},{"id":"e6","ts":1775912400000,"cat":"food","amt":12345.678,"day":"2026-4-11","io":"exp"}]|1775476800000,2026-4-6,4
group	[]|1787713200000,2026-8-26
flat	[]|1787713200000,2026-8-26,1
group	[]|1767229200000,2026-1-1
flat	[]|1767229200000,2026-1-1,1
group	[{"id":"e0","ts":1791374400000,"cat":"food","amt":0.2,"day":"2026-10-7"},{"id":"e1","ts":1791637200000,"cat":"food","amt":0,"day":"2026-10-11","io":"xfer"},{"id":"e2","ts":1790427600000,"cat":"food","amt":-3.25,"day":"2026-9-26","io":"inc"}]|1791201600000,2026-10-5
flat	[{"id":"e0","ts":1791374400000,"cat":"food","amt":0.2,"day":"2026-10-7"},{"id":"e1","ts":1791637200000,"cat":"food","amt":0,"day":"2026-10-11","io":"xfer"},{"id":"e2","ts":1790427600000,"cat":"food","amt":-3.25,"day":"2026-9-26","io":"inc"}]|1791201600000,2026-10-5,3
group	[{"id":"e0","ts":1787608800000,"cat":"food","amt":1e+21,"day":"2026-8-25","io":"exp"},{"id":"e1","ts":1787698800000,"cat":"food","amt":1,"day":"2026-8-26","io":"exp"},{"id":"e2","ts":1787781600000,"cat":"food","amt":-3.25,"day":"2026-8-27","io":"exp"},{"id":"e3","ts":1787695200000,"cat":"food","amt":0.2,"day":"2026-8-26"},{"id":"e4","ts":1787781600000,"cat":"food","amt":0,"day":"2026-8-27","io":"exp"},{"id":"e5","ts":1788217200000,"cat":"food","amt":0.1,"day":"2026-9-1","io":"inc"},{"id":"e6","ts":1787781600000,"cat":"food","amt":0.2,"day":"2026-8-27","io":"inc"}]|1787781600000,2026-8-27
flat	[{"id":"e0","ts":1787608800000,"cat":"food","amt":1e+21,"day":"2026-8-25","io":"exp"},{"id":"e1","ts":1787698800000,"cat":"food","amt":1,"day":"2026-8-26","io":"exp"},{"id":"e2","ts":1787781600000,"cat":"food","amt":-3.25,"day":"2026-8-27","io":"exp"},{"id":"e3","ts":1787695200000,"cat":"food","amt":0.2,"day":"2026-8-26"},{"id":"e4","ts":1787781600000,"cat":"food","amt":0,"day":"2026-8-27","io":"exp"},{"id":"e5","ts":1788217200000,"cat":"food","amt":0.1,"day":"2026-9-1","io":"inc"},{"id":"e6","ts":1787781600000,"cat":"food","amt":0.2,"day":"2026-8-27","io":"inc"}]|1787781600000,2026-8-27,0
group	[{"id":"e0","ts":1766408400000,"cat":"food","amt":0.2,"day":"2025-12-23","io":"xfer"},{"id":"e1","ts":1767276000000,"cat":"food","amt":1e-7,"day":"2026-1-2","io":"xfer"},{"id":"e2","ts":1767186000000,"cat":"food","amt":1e-7,"day":"2026-1-1","io":"xfer"},{"id":"e3","ts":1767182400000,"cat":"food","amt":0.2,"day":"2025-12-31","io":"inc"}]|1767186000000,2026-1-1
flat	[{"id":"e0","ts":1766408400000,"cat":"food","amt":0.2,"day":"2025-12-23","io":"xfer"},{"id":"e1","ts":1767276000000,"cat":"food","amt":1e-7,"day":"2026-1-2","io":"xfer"},{"id":"e2","ts":1767186000000,"cat":"food","amt":1e-7,"day":"2026-1-1","io":"xfer"},{"id":"e3","ts":1767182400000,"cat":"food","amt":0.2,"day":"2025-12-31","io":"inc"}]|1767186000000,2026-1-1,2
group	[{"id":"e0","ts":1787007600000,"cat":"food","amt":-3.25,"day":"2026-8-18","io":"exp"},{"id":"e1","ts":1788213600000,"cat":"food","amt":0.1,"day":"2026-9-1","io":"xfer"}]|1787781600000,2026-8-27
flat	[{"id":"e0","ts":1787007600000,"cat":"food","amt":-3.25,"day":"2026-8-18","io":"exp"},{"id":"e1","ts":1788213600000,"cat":"food","amt":0.1,"day":"2026-9-1","io":"xfer"}]|1787781600000,2026-8-27,3
group	[{"id":"e0","ts":1786939200000,"cat":"food","amt":12345.678,"day":"2026-8-17"},{"id":"e1","ts":1786932000000,"cat":"food","amt":12345.678,"day":"2026-8-17","io":"xfer"}]|1787713200000,2026-8-26
flat	[{"id":"e0","ts":1786939200000,"cat":"food","amt":12345.678,"day":"2026-8-17"},{"id":"e1","ts":1786932000000,"cat":"food","amt":12345.678,"day":"2026-8-17","io":"xfer"}]|1787713200000,2026-8-26,1
group	[{"id":"e0","ts":1791201600000,"cat":"food","amt":-3.25,"day":"2026-10-5"},{"id":"e1","ts":1790251200000,"cat":"food","amt":10.5,"day":"2026-9-24","io":"exp"}]|1791028800000,2026-10-3
flat	[{"id":"e0","ts":1791201600000,"cat":"food","amt":-3.25,"day":"2026-10-5"},{"id":"e1","ts":1790251200000,"cat":"food","amt":10.5,"day":"2026-9-24","io":"exp"}]|1791028800000,2026-10-3,2
group	[{"id":"e0","ts":1767664800000,"cat":"food","amt":10.5,"day":"2026-1-6"},{"id":"e1","ts":1767229200000,"cat":"food","amt":1e-7,"day":"2026-1-1"},{"id":"e2","ts":1767142800000,"cat":"food","amt":0,"day":"2025-12-31","io":"inc"},{"id":"e3","ts":1767225600000,"cat":"food","amt":12345.678,"day":"2026-1-1","io":"exp"},{"id":"e4","ts":1766455200000,"cat":"food","amt":12345.678,"day":"2025-12-23"},{"id":"e5","ts":1767142800000,"cat":"food","amt":1,"day":"2025-12-31","io":"xfer"},{"id":"e6","ts":1767139200000,"cat":"food","amt":1,"day":"2025-12-31","io":"exp"}]|1767229200000,2026-1-1
flat	[{"id":"e0","ts":1767664800000,"cat":"food","amt":10.5,"day":"2026-1-6"},{"id":"e1","ts":1767229200000,"cat":"food","amt":1e-7,"day":"2026-1-1"},{"id":"e2","ts":1767142800000,"cat":"food","amt":0,"day":"2025-12-31","io":"inc"},{"id":"e3","ts":1767225600000,"cat":"food","amt":12345.678,"day":"2026-1-1","io":"exp"},{"id":"e4","ts":1766455200000,"cat":"food","amt":12345.678,"day":"2025-12-23"},{"id":"e5","ts":1767142800000,"cat":"food","amt":1,"day":"2025-12-31","io":"xfer"},{"id":"e6","ts":1767139200000,"cat":"food","amt":1,"day":"2025-12-31","io":"exp"}]|1767229200000,2026-1-1,1
group	[{"id":"e0","ts":1787691600000,"cat":"food","amt":-3.25,"day":"2026-8-26","io":"inc"},{"id":"e1","ts":1787608800000,"cat":"food","amt":0.2,"day":"2026-8-25","io":"exp"},{"id":"e2","ts":1787007600000,"cat":"food","amt":0.2,"day":"2026-8-18","io":"xfer"},{"id":"e3","ts":1787612400000,"cat":"food","amt":0,"day":"2026-8-25","io":"xfer"},{"id":"e4","ts":1787781600000,"cat":"food","amt":12345.678,"day":"2026-8-27"}]|1787781600000,2026-8-27
flat	[{"id":"e0","ts":1787691600000,"cat":"food","amt":-3.25,"day":"2026-8-26","io":"inc"},{"id":"e1","ts":1787608800000,"cat":"food","amt":0.2,"day":"2026-8-25","io":"exp"},{"id":"e2","ts":1787007600000,"cat":"food","amt":0.2,"day":"2026-8-18","io":"xfer"},{"id":"e3","ts":1787612400000,"cat":"food","amt":0,"day":"2026-8-25","io":"xfer"},{"id":"e4","ts":1787781600000,"cat":"food","amt":12345.678,"day":"2026-8-27"}]|1787781600000,2026-8-27,1
group	[{"id":"e0","ts":1775649600000,"cat":"food","amt":1e+21,"day":"2026-4-8","io":"inc"},{"id":"e1","ts":1775476800000,"cat":"food","amt":0,"day":"2026-4-6","io":"inc"}]|1775476800000,2026-4-6
flat	[{"id":"e0","ts":1775649600000,"cat":"food","amt":1e+21,"day":"2026-4-8","io":"inc"},{"id":"e1","ts":1775476800000,"cat":"food","amt":0,"day":"2026-4-6","io":"inc"}]|1775476800000,2026-4-6,4
group	[{"id":"e0","ts":1767268800000,"cat":"food","amt":12345.678,"day":"2026-1-1","io":"inc"},{"id":"e1","ts":1766412000000,"cat":"food","amt":-3.25,"day":"2025-12-23","io":"inc"},{"id":"e2","ts":1767096000000,"cat":"food","amt":0,"day":"2025-12-30"},{"id":"e3","ts":1767362400000,"cat":"food","amt":0,"day":"2026-1-3","io":"inc"}]|1767186000000,2026-1-1
flat	[{"id":"e0","ts":1767268800000,"cat":"food","amt":12345.678,"day":"2026-1-1","io":"inc"},{"id":"e1","ts":1766412000000,"cat":"food","amt":-3.25,"day":"2025-12-23","io":"inc"},{"id":"e2","ts":1767096000000,"cat":"food","amt":0,"day":"2025-12-30"},{"id":"e3","ts":1767362400000,"cat":"food","amt":0,"day":"2026-1-3","io":"inc"}]|1767186000000,2026-1-1,4
group	[{"id":"e0","ts":1791201600000,"cat":"food","amt":0,"day":"2026-10-5","io":"inc"},{"id":"e1","ts":1791115200000,"cat":"food","amt":1,"day":"2026-10-4","io":"exp"},{"id":"e2","ts":1791205200000,"cat":"food","amt":1,"day":"2026-10-6"},{"id":"e3","ts":1791115200000,"cat":"food","amt":12345.678,"day":"2026-10-4","io":"inc"}]|1791115200000,2026-10-4
flat	[{"id":"e0","ts":1791201600000,"cat":"food","amt":0,"day":"2026-10-5","io":"inc"},{"id":"e1","ts":1791115200000,"cat":"food","amt":1,"day":"2026-10-4","io":"exp"},{"id":"e2","ts":1791205200000,"cat":"food","amt":1,"day":"2026-10-6"},{"id":"e3","ts":1791115200000,"cat":"food","amt":12345.678,"day":"2026-10-4","io":"inc"}]|1791115200000,2026-10-4,2
group	[]|1787781600000,2026-8-27
flat	[]|1787781600000,2026-8-27,1
group	[{"id":"e0","ts":1775304000000,"cat":"food","amt":0.2,"day":"2026-4-4","io":"inc"},{"id":"e1","ts":1775304000000,"cat":"food","amt":-3.25,"day":"2026-4-4","io":"inc"},{"id":"e2","ts":1775300400000,"cat":"food","amt":0,"day":"2026-4-4","io":"inc"},{"id":"e3","ts":1775300400000,"cat":"food","amt":1e+21,"day":"2026-4-4","io":"xfer"},{"id":"e4","ts":1775739600000,"cat":"food","amt":1e+21,"day":"2026-4-9","io":"inc"}]|1775304000000,2026-4-4
flat	[{"id":"e0","ts":1775304000000,"cat":"food","amt":0.2,"day":"2026-4-4","io":"inc"},{"id":"e1","ts":1775304000000,"cat":"food","amt":-3.25,"day":"2026-4-4","io":"inc"},{"id":"e2","ts":1775300400000,"cat":"food","amt":0,"day":"2026-4-4","io":"inc"},{"id":"e3","ts":1775300400000,"cat":"food","amt":1e+21,"day":"2026-4-4","io":"xfer"},{"id":"e4","ts":1775739600000,"cat":"food","amt":1e+21,"day":"2026-4-9","io":"inc"}]|1775304000000,2026-4-4,1
group	[{"id":"e0","ts":1775390400000,"cat":"food","amt":1,"day":"2026-4-5"},{"id":"e1","ts":1775739600000,"cat":"food","amt":-3.25,"day":"2026-4-9"}]|1775304000000,2026-4-4
flat	[{"id":"e0","ts":1775390400000,"cat":"food","amt":1,"day":"2026-4-5"},{"id":"e1","ts":1775739600000,"cat":"food","amt":-3.25,"day":"2026-4-9"}]|1775304000000,2026-4-4,0
group	[{"id":"e0","ts":1791198000000,"cat":"food","amt":-3.25,"day":"2026-10-5"},{"id":"e1","ts":1791201600000,"cat":"food","amt":0.1,"day":"2026-10-5","io":"exp"},{"id":"e2","ts":1791028800000,"cat":"food","amt":0,"day":"2026-10-3"},{"id":"e3","ts":1791115200000,"cat":"food","amt":1e-7,"day":"2026-10-4","io":"exp"},{"id":"e4","ts":1790856000000,"cat":"food","amt":0.2,"day":"2026-10-1"},{"id":"e5","ts":1790942400000,"cat":"food","amt":1e-7,"day":"2026-10-2","io":"xfer"},{"id":"e6","ts":1791201600000,"cat":"food","amt":0.2,"day":"2026-10-5"}]|1791028800000,2026-10-3
flat	[{"id":"e0","ts":1791198000000,"cat":"food","amt":-3.25,"day":"2026-10-5"},{"id":"e1","ts":1791201600000,"cat":"food","amt":0.1,"day":"2026-10-5","io":"exp"},{"id":"e2","ts":1791028800000,"cat":"food","amt":0,"day":"2026-10-3"},{"id":"e3","ts":1791115200000,"cat":"food","amt":1e-7,"day":"2026-10-4","io":"exp"},{"id":"e4","ts":1790856000000,"cat":"food","amt":0.2,"day":"2026-10-1"},{"id":"e5","ts":1790942400000,"cat":"food","amt":1e-7,"day":"2026-10-2","io":"xfer"},{"id":"e6","ts":1791201600000,"cat":"food","amt":0.2,"day":"2026-10-5"}]|1791028800000,2026-10-3,3
group	[{"id":"e0","ts":1767103200000,"cat":"food","amt":0.2,"day":"2025-12-31","io":"inc"},{"id":"e1","ts":1767099600000,"cat":"food","amt":1,"day":"2025-12-31","io":"exp"},{"id":"e2","ts":1767276000000,"cat":"food","amt":12345.678,"day":"2026-1-2","io":"exp"},{"id":"e3","ts":1767186000000,"cat":"food","amt":1,"day":"2026-1-1"},{"id":"e4","ts":1767182400000,"cat":"food","amt":10.5,"day":"2025-12-31","io":"inc"},{"id":"e5","ts":1767182400000,"cat":"food","amt":1e+21,"day":"2025-12-31","io":"exp"}]|1767186000000,2026-1-1
flat	[{"id":"e0","ts":1767103200000,"cat":"food","amt":0.2,"day":"2025-12-31","io":"inc"},{"id":"e1","ts":1767099600000,"cat":"food","amt":1,"day":"2025-12-31","io":"exp"},{"id":"e2","ts":1767276000000,"cat":"food","amt":12345.678,"day":"2026-1-2","io":"exp"},{"id":"e3","ts":1767186000000,"cat":"food","amt":1,"day":"2026-1-1"},{"id":"e4","ts":1767182400000,"cat":"food","amt":10.5,"day":"2025-12-31","io":"inc"},{"id":"e5","ts":1767182400000,"cat":"food","amt":1e+21,"day":"2025-12-31","io":"exp"}]|1767186000000,2026-1-1,0
group	[{"id":"e0","ts":1775649600000,"cat":"food","amt":-3.25,"day":"2026-4-8","io":"exp"},{"id":"e1","ts":1775649600000,"cat":"food","amt":12345.678,"day":"2026-4-8","io":"inc"},{"id":"e2","ts":1775908800000,"cat":"food","amt":0,"day":"2026-4-11","io":"exp"},{"id":"e3","ts":1774699200000,"cat":"food","amt":1e+21,"day":"2026-3-28","io":"exp"},{"id":"e4","ts":1775480400000,"cat":"food","amt":0,"day":"2026-4-6"}]|1775476800000,2026-4-6
flat	[{"id":"e0","ts":1775649600000,"cat":"food","amt":-3.25,"day":"2026-4-8","io":"exp"},{"id":"e1","ts":1775649600000,"cat":"food","amt":12345.678,"day":"2026-4-8","io":"inc"},{"id":"e2","ts":1775908800000,"cat":"food","amt":0,"day":"2026-4-11","io":"exp"},{"id":"e3","ts":1774699200000,"cat":"food","amt":1e+21,"day":"2026-3-28","io":"exp"},{"id":"e4","ts":1775480400000,"cat":"food","amt":0,"day":"2026-4-6"}]|1775476800000,2026-4-6,2
group	[{"id":"e0","ts":1767358800000,"cat":"food","amt":10.5,"day":"2026-1-3"},{"id":"e1","ts":1766408400000,"cat":"food","amt":0.2,"day":"2025-12-23","io":"xfer"},{"id":"e2","ts":1767009600000,"cat":"food","amt":0.1,"day":"2025-12-29"}]|1767186000000,2026-1-1
flat	[{"id":"e0","ts":1767358800000,"cat":"food","amt":10.5,"day":"2026-1-3"},{"id":"e1","ts":1766408400000,"cat":"food","amt":0.2,"day":"2025-12-23","io":"xfer"},{"id":"e2","ts":1767009600000,"cat":"food","amt":0.1,"day":"2025-12-29"}]|1767186000000,2026-1-1,4
group	[{"id":"e0","ts":1791111600000,"cat":"food","amt":0.2,"day":"2026-10-4","io":"exp"},{"id":"e1","ts":1791205200000,"cat":"food","amt":0,"day":"2026-10-6"},{"id":"e2","ts":1790337600000,"cat":"food","amt":10.5,"day":"2026-9-25","io":"xfer"},{"id":"e3","ts":1791111600000,"cat":"food","amt":-3.25,"day":"2026-10-4","io":"exp"},{"id":"e4","ts":1791550800000,"cat":"food","amt":0,"day":"2026-10-10","io":"xfer"}]|1791115200000,2026-10-4
flat	[{"id":"e0","ts":1791111600000,"cat":"food","amt":0.2,"day":"2026-10-4","io":"exp"},{"id":"e1","ts":1791205200000,"cat":"food","amt":0,"day":"2026-10-6"},{"id":"e2","ts":1790337600000,"cat":"food","amt":10.5,"day":"2026-9-25","io":"xfer"},{"id":"e3","ts":1791111600000,"cat":"food","amt":-3.25,"day":"2026-10-4","io":"exp"},{"id":"e4","ts":1791550800000,"cat":"food","amt":0,"day":"2026-10-10","io":"xfer"}]|1791115200000,2026-10-4,2
group	[{"id":"e0","ts":1775390400000,"cat":"food","amt":0.1,"day":"2026-4-5","io":"xfer"},{"id":"e1","ts":1775566800000,"cat":"food","amt":0,"day":"2026-4-7"},{"id":"e2","ts":1775390400000,"cat":"food","amt":12345.678,"day":"2026-4-5","io":"inc"},{"id":"e3","ts":1775304000000,"cat":"food","amt":0.2,"day":"2026-4-4","io":"inc"}]|1775390400000,2026-4-5
flat	[{"id":"e0","ts":1775390400000,"cat":"food","amt":0.1,"day":"2026-4-5","io":"xfer"},{"id":"e1","ts":1775566800000,"cat":"food","amt":0,"day":"2026-4-7"},{"id":"e2","ts":1775390400000,"cat":"food","amt":12345.678,"day":"2026-4-5","io":"inc"},{"id":"e3","ts":1775304000000,"cat":"food","amt":0.2,"day":"2026-4-4","io":"inc"}]|1775390400000,2026-4-5,4
group	[]|1791201600000,2026-10-5
flat	[]|1791201600000,2026-10-5,3
group	[{"id":"e0","ts":1787691600000,"cat":"food","amt":1e-7,"day":"2026-8-26"}]|1787781600000,2026-8-27
flat	[{"id":"e0","ts":1787691600000,"cat":"food","amt":1e-7,"day":"2026-8-26"}]|1787781600000,2026-8-27,4
group	[{"id":"e0","ts":1775300400000,"cat":"food","amt":0.2,"day":"2026-4-4"},{"id":"e1","ts":1775394000000,"cat":"food","amt":0,"day":"2026-4-5","io":"xfer"},{"id":"e2","ts":1775390400000,"cat":"food","amt":1e+21,"day":"2026-4-5","io":"exp"}]|1775304000000,2026-4-4
flat	[{"id":"e0","ts":1775300400000,"cat":"food","amt":0.2,"day":"2026-4-4"},{"id":"e1","ts":1775394000000,"cat":"food","amt":0,"day":"2026-4-5","io":"xfer"},{"id":"e2","ts":1775390400000,"cat":"food","amt":1e+21,"day":"2026-4-5","io":"exp"}]|1775304000000,2026-4-4,1
group	[{"id":"e0","ts":1787799600000,"cat":"food","amt":0,"day":"2026-8-27","io":"xfer"},{"id":"e1","ts":1786932000000,"cat":"food","amt":1e+21,"day":"2026-8-17","io":"exp"}]|1787713200000,2026-8-26
flat	[{"id":"e0","ts":1787799600000,"cat":"food","amt":0,"day":"2026-8-27","io":"xfer"},{"id":"e1","ts":1786932000000,"cat":"food","amt":1e+21,"day":"2026-8-17","io":"exp"}]|1787713200000,2026-8-26,4
group	[{"id":"e0","ts":1787882400000,"cat":"food","amt":1e+21,"day":"2026-8-28","io":"exp"},{"id":"e1","ts":1787709600000,"cat":"food","amt":10.5,"day":"2026-8-26","io":"xfer"},{"id":"e2","ts":1788145200000,"cat":"food","amt":0.2,"day":"2026-8-31","io":"inc"}]|1787713200000,2026-8-26
flat	[{"id":"e0","ts":1787882400000,"cat":"food","amt":1e+21,"day":"2026-8-28","io":"exp"},{"id":"e1","ts":1787709600000,"cat":"food","amt":10.5,"day":"2026-8-26","io":"xfer"},{"id":"e2","ts":1788145200000,"cat":"food","amt":0.2,"day":"2026-8-31","io":"inc"}]|1787713200000,2026-8-26,2
group	[{"id":"e0","ts":1766404800000,"cat":"food","amt":1,"day":"2025-12-22"},{"id":"e1","ts":1767189600000,"cat":"food","amt":12345.678,"day":"2026-1-1","io":"exp"},{"id":"e2","ts":1767272400000,"cat":"food","amt":1e+21,"day":"2026-1-2","io":"inc"},{"id":"e3","ts":1767614400000,"cat":"food","amt":0.1,"day":"2026-1-5","io":"inc"},{"id":"e4","ts":1767103200000,"cat":"food","amt":1e+21,"day":"2025-12-31","io":"inc"},{"id":"e5","ts":1766412000000,"cat":"food","amt":0,"day":"2025-12-23","io":"exp"}]|1767186000000,2026-1-1
flat	[{"id":"e0","ts":1766404800000,"cat":"food","amt":1,"day":"2025-12-22"},{"id":"e1","ts":1767189600000,"cat":"food","amt":12345.678,"day":"2026-1-1","io":"exp"},{"id":"e2","ts":1767272400000,"cat":"food","amt":1e+21,"day":"2026-1-2","io":"inc"},{"id":"e3","ts":1767614400000,"cat":"food","amt":0.1,"day":"2026-1-5","io":"inc"},{"id":"e4","ts":1767103200000,"cat":"food","amt":1e+21,"day":"2025-12-31","io":"inc"},{"id":"e5","ts":1766412000000,"cat":"food","amt":0,"day":"2025-12-23","io":"exp"}]|1767186000000,2026-1-1,2
group	[{"id":"e0","ts":1787958000000,"cat":"food","amt":0.2,"day":"2026-8-29","io":"inc"},{"id":"e1","ts":1787785200000,"cat":"food","amt":0.2,"day":"2026-8-27"},{"id":"e2","ts":1787608800000,"cat":"food","amt":0,"day":"2026-8-25","io":"inc"},{"id":"e3","ts":1787781600000,"cat":"food","amt":0.2,"day":"2026-8-27","io":"inc"}]|1787781600000,2026-8-27
flat	[{"id":"e0","ts":1787958000000,"cat":"food","amt":0.2,"day":"2026-8-29","io":"inc"},{"id":"e1","ts":1787785200000,"cat":"food","amt":0.2,"day":"2026-8-27"},{"id":"e2","ts":1787608800000,"cat":"food","amt":0,"day":"2026-8-25","io":"inc"},{"id":"e3","ts":1787781600000,"cat":"food","amt":0.2,"day":"2026-8-27","io":"inc"}]|1787781600000,2026-8-27,0
group	[{"id":"e0","ts":1775476800000,"cat":"food","amt":1,"day":"2026-4-6"},{"id":"e1","ts":1775214000000,"cat":"food","amt":10.5,"day":"2026-4-3","io":"exp"},{"id":"e2","ts":1775127600000,"cat":"food","amt":0,"day":"2026-4-2","io":"inc"},{"id":"e3","ts":1775300400000,"cat":"food","amt":0.1,"day":"2026-4-4","io":"xfer"},{"id":"e4","ts":1775127600000,"cat":"food","amt":0.1,"day":"2026-4-2","io":"xfer"},{"id":"e5","ts":1775217600000,"cat":"food","amt":0.2,"day":"2026-4-3","io":"xfer"},{"id":"e6","ts":1775221200000,"cat":"food","amt":0.2,"day":"2026-4-4"}]|1775304000000,2026-4-4
flat	[{"id":"e0","ts":1775476800000,"cat":"food","amt":1,"day":"2026-4-6"},{"id":"e1","ts":1775214000000,"cat":"food","amt":10.5,"day":"2026-4-3","io":"exp"},{"id":"e2","ts":1775127600000,"cat":"food","amt":0,"day":"2026-4-2","io":"inc"},{"id":"e3","ts":1775300400000,"cat":"food","amt":0.1,"day":"2026-4-4","io":"xfer"},{"id":"e4","ts":1775127600000,"cat":"food","amt":0.1,"day":"2026-4-2","io":"xfer"},{"id":"e5","ts":1775217600000,"cat":"food","amt":0.2,"day":"2026-4-3","io":"xfer"},{"id":"e6","ts":1775221200000,"cat":"food","amt":0.2,"day":"2026-4-4"}]|1775304000000,2026-4-4,4
group	[{"id":"e0","ts":1767182400000,"cat":"food","amt":1e+21,"day":"2025-12-31","io":"inc"},{"id":"e1","ts":1767618000000,"cat":"food","amt":0,"day":"2026-1-6","io":"exp"},{"id":"e2","ts":1766408400000,"cat":"food","amt":0.1,"day":"2025-12-23","io":"xfer"},{"id":"e3","ts":1767186000000,"cat":"food","amt":0.2,"day":"2026-1-1","io":"xfer"},{"id":"e4","ts":1766408400000,"cat":"food","amt":1e+21,"day":"2025-12-23","io":"xfer"},{"id":"e5","ts":1767099600000,"cat":"food","amt":10.5,"day":"2025-12-31","io":"xfer"},{"id":"e6","ts":1767272400000,"cat":"food","amt":10.5,"day":"2026-1-2","io":"exp"}]|1767186000000,2026-1-1
flat	[{"id":"e0","ts":1767182400000,"cat":"food","amt":1e+21,"day":"2025-12-31","io":"inc"},{"id":"e1","ts":1767618000000,"cat":"food","amt":0,"day":"2026-1-6","io":"exp"},{"id":"e2","ts":1766408400000,"cat":"food","amt":0.1,"day":"2025-12-23","io":"xfer"},{"id":"e3","ts":1767186000000,"cat":"food","amt":0.2,"day":"2026-1-1","io":"xfer"},{"id":"e4","ts":1766408400000,"cat":"food","amt":1e+21,"day":"2025-12-23","io":"xfer"},{"id":"e5","ts":1767099600000,"cat":"food","amt":10.5,"day":"2025-12-31","io":"xfer"},{"id":"e6","ts":1767272400000,"cat":"food","amt":10.5,"day":"2026-1-2","io":"exp"}]|1767186000000,2026-1-1,2
group	[{"id":"e0","ts":1767661200000,"cat":"food","amt":1e-7,"day":"2026-1-6","io":"xfer"},{"id":"e1","ts":1766448000000,"cat":"food","amt":0,"day":"2025-12-23","io":"inc"},{"id":"e2","ts":1767402000000,"cat":"food","amt":1e-7,"day":"2026-1-3","io":"xfer"},{"id":"e3","ts":1767405600000,"cat":"food","amt":0.2,"day":"2026-1-3"},{"id":"e4","ts":1767139200000,"cat":"food","amt":0.2,"day":"2025-12-31"},{"id":"e5","ts":1767319200000,"cat":"food","amt":1e-7,"day":"2026-1-2","io":"inc"}]|1767229200000,2026-1-1
flat	[{"id":"e0","ts":1767661200000,"cat":"food","amt":1e-7,"day":"2026-1-6","io":"xfer"},{"id":"e1","ts":1766448000000,"cat":"food","amt":0,"day":"2025-12-23","io":"inc"},{"id":"e2","ts":1767402000000,"cat":"food","amt":1e-7,"day":"2026-1-3","io":"xfer"},{"id":"e3","ts":1767405600000,"cat":"food","amt":0.2,"day":"2026-1-3"},{"id":"e4","ts":1767139200000,"cat":"food","amt":0.2,"day":"2025-12-31"},{"id":"e5","ts":1767319200000,"cat":"food","amt":1e-7,"day":"2026-1-2","io":"inc"}]|1767229200000,2026-1-1,1
group	[{"id":"e0","ts":1775394000000,"cat":"food","amt":0,"day":"2026-4-5","io":"inc"},{"id":"e1","ts":1774699200000,"cat":"food","amt":1e+21,"day":"2026-3-28","io":"exp"},{"id":"e2","ts":1775307600000,"cat":"food","amt":0,"day":"2026-4-5","io":"xfer"},{"id":"e3","ts":1775908800000,"cat":"food","amt":0.1,"day":"2026-4-11","io":"inc"},{"id":"e4","ts":1775563200000,"cat":"food","amt":0,"day":"2026-4-7"},{"id":"e5","ts":1775476800000,"cat":"food","amt":1,"day":"2026-4-6","io":"xfer"},{"id":"e6","ts":1775646000000,"cat":"food","amt":12345.678,"day":"2026-4-8","io":"inc"}]|1775476800000,2026-4-6
flat	[{"id":"e0","ts":1775394000000,"cat":"food","amt":0,"day":"2026-4-5","io":"inc"},{"id":"e1","ts":1774699200000,"cat":"food","amt":1e+21,"day":"2026-3-28","io":"exp"},{"id":"e2","ts":1775307600000,"cat":"food","amt":0,"day":"2026-4-5","io":"xfer"},{"id":"e3","ts":1775908800000,"cat":"food","amt":0.1,"day":"2026-4-11","io":"inc"},{"id":"e4","ts":1775563200000,"cat":"food","amt":0,"day":"2026-4-7"},{"id":"e5","ts":1775476800000,"cat":"food","amt":1,"day":"2026-4-6","io":"xfer"},{"id":"e6","ts":1775646000000,"cat":"food","amt":12345.678,"day":"2026-4-8","io":"inc"}]|1775476800000,2026-4-6,3
group	[{"id":"e0","ts":1775476800000,"cat":"food","amt":0.2,"day":"2026-4-6","io":"xfer"}]|1775390400000,2026-4-5
flat	[{"id":"e0","ts":1775476800000,"cat":"food","amt":0.2,"day":"2026-4-6","io":"xfer"}]|1775390400000,2026-4-5,1
group	[{"id":"e0","ts":1791205200000,"cat":"food","amt":1e-7,"day":"2026-10-6"},{"id":"e1","ts":1791111600000,"cat":"food","amt":0,"day":"2026-10-4","io":"inc"},{"id":"e2","ts":1791633600000,"cat":"food","amt":1,"day":"2026-10-10","io":"exp"}]|1791201600000,2026-10-5
flat	[{"id":"e0","ts":1791205200000,"cat":"food","amt":1e-7,"day":"2026-10-6"},{"id":"e1","ts":1791111600000,"cat":"food","amt":0,"day":"2026-10-4","io":"inc"},{"id":"e2","ts":1791633600000,"cat":"food","amt":1,"day":"2026-10-10","io":"exp"}]|1791201600000,2026-10-5,3
group	[{"id":"e0","ts":1775649600000,"cat":"food","amt":10.5,"day":"2026-4-8","io":"inc"},{"id":"e1","ts":1775390400000,"cat":"food","amt":12345.678,"day":"2026-4-5","io":"inc"},{"id":"e2","ts":1775394000000,"cat":"food","amt":10.5,"day":"2026-4-5"},{"id":"e3","ts":1775905200000,"cat":"food","amt":0.1,"day":"2026-4-11","io":"xfer"},{"id":"e4","ts":1775394000000,"cat":"food","amt":0,"day":"2026-4-5","io":"inc"}]|1775476800000,2026-4-6
flat	[{"id":"e0","ts":1775649600000,"cat":"food","amt":10.5,"day":"2026-4-8","io":"inc"},{"id":"e1","ts":1775390400000,"cat":"food","amt":12345.678,"day":"2026-4-5","io":"inc"},{"id":"e2","ts":1775394000000,"cat":"food","amt":10.5,"day":"2026-4-5"},{"id":"e3","ts":1775905200000,"cat":"food","amt":0.1,"day":"2026-4-11","io":"xfer"},{"id":"e4","ts":1775394000000,"cat":"food","amt":0,"day":"2026-4-5","io":"inc"}]|1775476800000,2026-4-6,1
group	[{"id":"e0","ts":1787713200000,"cat":"food","amt":-3.25,"day":"2026-8-26","io":"xfer"},{"id":"e1","ts":1788145200000,"cat":"food","amt":-3.25,"day":"2026-8-31","io":"inc"},{"id":"e2","ts":1787803200000,"cat":"food","amt":-3.25,"day":"2026-8-27","io":"inc"},{"id":"e3","ts":1787713200000,"cat":"food","amt":0.2,"day":"2026-8-26","io":"xfer"},{"id":"e4","ts":1787626800000,"cat":"food","amt":0,"day":"2026-8-25","io":"inc"}]|1787713200000,2026-8-26
flat	[{"id":"e0","ts":1787713200000,"cat":"food","amt":-3.25,"day":"2026-8-26","io":"xfer"},{"id":"e1","ts":1788145200000,"cat":"food","amt":-3.25,"day":"2026-8-31","io":"inc"},{"id":"e2","ts":1787803200000,"cat":"food","amt":-3.25,"day":"2026-8-27","io":"inc"},{"id":"e3","ts":1787713200000,"cat":"food","amt":0.2,"day":"2026-8-26","io":"xfer"},{"id":"e4","ts":1787626800000,"cat":"food","amt":0,"day":"2026-8-25","io":"inc"}]|1787713200000,2026-8-26,4
group	[{"id":"e0","ts":1775304000000,"cat":"food","amt":-3.25,"day":"2026-4-4","io":"inc"}]|1775476800000,2026-4-6
flat	[{"id":"e0","ts":1775304000000,"cat":"food","amt":-3.25,"day":"2026-4-4","io":"inc"}]|1775476800000,2026-4-6,2
group	[{"id":"e0","ts":1788213600000,"cat":"food","amt":0.1,"day":"2026-9-1","io":"exp"},{"id":"e1","ts":1787781600000,"cat":"food","amt":0.2,"day":"2026-8-27","io":"xfer"},{"id":"e2","ts":1787778000000,"cat":"food","amt":0.1,"day":"2026-8-27","io":"xfer"},{"id":"e3","ts":1787004000000,"cat":"food","amt":12345.678,"day":"2026-8-18","io":"inc"},{"id":"e4","ts":1787608800000,"cat":"food","amt":1e-7,"day":"2026-8-25","io":"inc"},{"id":"e5","ts":1787868000000,"cat":"food","amt":0,"day":"2026-8-28","io":"xfer"},{"id":"e6","ts":1787950800000,"cat":"food","amt":1e-7,"day":"2026-8-29","io":"exp"}]|1787781600000,2026-8-27
flat	[{"id":"e0","ts":1788213600000,"cat":"food","amt":0.1,"day":"2026-9-1","io":"exp"},{"id":"e1","ts":1787781600000,"cat":"food","amt":0.2,"day":"2026-8-27","io":"xfer"},{"id":"e2","ts":1787778000000,"cat":"food","amt":0.1,"day":"2026-8-27","io":"xfer"},{"id":"e3","ts":1787004000000,"cat":"food","amt":12345.678,"day":"2026-8-18","io":"inc"},{"id":"e4","ts":1787608800000,"cat":"food","amt":1e-7,"day":"2026-8-25","io":"inc"},{"id":"e5","ts":1787868000000,"cat":"food","amt":0,"day":"2026-8-28","io":"xfer"},{"id":"e6","ts":1787950800000,"cat":"food","amt":1e-7,"day":"2026-8-29","io":"exp"}]|1787781600000,2026-8-27,0
group	[]|1767186000000,2026-1-1
flat	[]|1767186000000,2026-1-1,2
group	[{"id":"e0","ts":1791028800000,"cat":"food","amt":1e+21,"day":"2026-10-3","io":"xfer"}]|1791028800000,2026-10-3
flat	[{"id":"e0","ts":1791028800000,"cat":"food","amt":1e+21,"day":"2026-10-3","io":"xfer"}]|1791028800000,2026-10-3,1
group	[{"id":"e0","ts":1767268800000,"cat":"food","amt":-3.25,"day":"2026-1-1","io":"xfer"},{"id":"e1","ts":1767186000000,"cat":"food","amt":10.5,"day":"2026-1-1","io":"inc"},{"id":"e2","ts":1767103200000,"cat":"food","amt":1e+21,"day":"2025-12-31","io":"xfer"},{"id":"e3","ts":1767103200000,"cat":"food","amt":0,"day":"2025-12-31","io":"exp"},{"id":"e4","ts":1766408400000,"cat":"food","amt":0.2,"day":"2025-12-23","io":"xfer"},{"id":"e5","ts":1767186000000,"cat":"food","amt":0.2,"day":"2026-1-1","io":"exp"},{"id":"e6","ts":1767013200000,"cat":"food","amt":-3.25,"day":"2025-12-30","io":"inc"}]|1767186000000,2026-1-1
flat	[{"id":"e0","ts":1767268800000,"cat":"food","amt":-3.25,"day":"2026-1-1","io":"xfer"},{"id":"e1","ts":1767186000000,"cat":"food","amt":10.5,"day":"2026-1-1","io":"inc"},{"id":"e2","ts":1767103200000,"cat":"food","amt":1e+21,"day":"2025-12-31","io":"xfer"},{"id":"e3","ts":1767103200000,"cat":"food","amt":0,"day":"2025-12-31","io":"exp"},{"id":"e4","ts":1766408400000,"cat":"food","amt":0.2,"day":"2025-12-23","io":"xfer"},{"id":"e5","ts":1767186000000,"cat":"food","amt":0.2,"day":"2026-1-1","io":"exp"},{"id":"e6","ts":1767013200000,"cat":"food","amt":-3.25,"day":"2025-12-30","io":"inc"}]|1767186000000,2026-1-1,0
group	[{"id":"e0","ts":1787954400000,"cat":"food","amt":1,"day":"2026-8-29"},{"id":"e1","ts":1787608800000,"cat":"food","amt":10.5,"day":"2026-8-25","io":"exp"},{"id":"e2","ts":1787004000000,"cat":"food","amt":12345.678,"day":"2026-8-18","io":"exp"},{"id":"e3","ts":1787000400000,"cat":"food","amt":10.5,"day":"2026-8-18","io":"inc"}]|1787781600000,2026-8-27
flat	[{"id":"e0","ts":1787954400000,"cat":"food","amt":1,"day":"2026-8-29"},{"id":"e1","ts":1787608800000,"cat":"food","amt":10.5,"day":"2026-8-25","io":"exp"},{"id":"e2","ts":1787004000000,"cat":"food","amt":12345.678,"day":"2026-8-18","io":"exp"},{"id":"e3","ts":1787000400000,"cat":"food","amt":10.5,"day":"2026-8-18","io":"inc"}]|1787781600000,2026-8-27,2
group	[{"id":"e0","ts":1775653200000,"cat":"food","amt":0,"day":"2026-4-8","io":"xfer"},{"id":"e1","ts":1775473200000,"cat":"food","amt":0,"day":"2026-4-6","io":"exp"},{"id":"e2","ts":1774699200000,"cat":"food","amt":0,"day":"2026-3-28","io":"inc"},{"id":"e3","ts":1775476800000,"cat":"food","amt":12345.678,"day":"2026-4-6","io":"exp"},{"id":"e4","ts":1775386800000,"cat":"food","amt":12345.678,"day":"2026-4-5","io":"inc"},{"id":"e5","ts":1775908800000,"cat":"food","amt":0.2,"day":"2026-4-11","io":"exp"}]|1775476800000,2026-4-6
flat	[{"id":"e0","ts":1775653200000,"cat":"food","amt":0,"day":"2026-4-8","io":"xfer"},{"id":"e1","ts":1775473200000,"cat":"food","amt":0,"day":"2026-4-6","io":"exp"},{"id":"e2","ts":1774699200000,"cat":"food","amt":0,"day":"2026-3-28","io":"inc"},{"id":"e3","ts":1775476800000,"cat":"food","amt":12345.678,"day":"2026-4-6","io":"exp"},{"id":"e4","ts":1775386800000,"cat":"food","amt":12345.678,"day":"2026-4-5","io":"inc"},{"id":"e5","ts":1775908800000,"cat":"food","amt":0.2,"day":"2026-4-11","io":"exp"}]|1775476800000,2026-4-6,4
group	[{"id":"e0","ts":1766404800000,"cat":"food","amt":0,"day":"2025-12-22","io":"exp"},{"id":"e1","ts":1766412000000,"cat":"food","amt":1e+21,"day":"2025-12-23","io":"exp"},{"id":"e2","ts":1767272400000,"cat":"food","amt":12345.678,"day":"2026-1-2","io":"inc"}]|1767186000000,2026-1-1
flat	[{"id":"e0","ts":1766404800000,"cat":"food","amt":0,"day":"2025-12-22","io":"exp"},{"id":"e1","ts":1766412000000,"cat":"food","amt":1e+21,"day":"2025-12-23","io":"exp"},{"id":"e2","ts":1767272400000,"cat":"food","amt":12345.678,"day":"2026-1-2","io":"inc"}]|1767186000000,2026-1-1,4
group	[{"id":"e0","ts":1791291600000,"cat":"food","amt":1e-7,"day":"2026-10-7","io":"xfer"},{"id":"e1","ts":1791378000000,"cat":"food","amt":-3.25,"day":"2026-10-8"},{"id":"e2","ts":1791201600000,"cat":"food","amt":-3.25,"day":"2026-10-5","io":"xfer"},{"id":"e3","ts":1791633600000,"cat":"food","amt":-3.25,"day":"2026-10-10","io":"xfer"}]|1791201600000,2026-10-5
flat	[{"id":"e0","ts":1791291600000,"cat":"food","amt":1e-7,"day":"2026-10-7","io":"xfer"},{"id":"e1","ts":1791378000000,"cat":"food","amt":-3.25,"day":"2026-10-8"},{"id":"e2","ts":1791201600000,"cat":"food","amt":-3.25,"day":"2026-10-5","io":"xfer"},{"id":"e3","ts":1791633600000,"cat":"food","amt":-3.25,"day":"2026-10-10","io":"xfer"}]|1791201600000,2026-10-5,1
group	[{"id":"e0","ts":1791201600000,"cat":"food","amt":12345.678,"day":"2026-10-5","io":"xfer"},{"id":"e1","ts":1791115200000,"cat":"food","amt":0.1,"day":"2026-10-4","io":"xfer"},{"id":"e2","ts":1791115200000,"cat":"food","amt":0,"day":"2026-10-4","io":"inc"},{"id":"e3","ts":1791028800000,"cat":"food","amt":1,"day":"2026-10-3"},{"id":"e4","ts":1791633600000,"cat":"food","amt":0,"day":"2026-10-10"},{"id":"e5","ts":1791028800000,"cat":"food","amt":0,"day":"2026-10-3","io":"exp"},{"id":"e6","ts":1790424000000,"cat":"food","amt":1e+21,"day":"2026-9-26","io":"exp"}]|1791201600000,2026-10-5
flat	[{"id":"e0","ts":1791201600000,"cat":"food","amt":12345.678,"day":"2026-10-5","io":"xfer"},{"id":"e1","ts":1791115200000,"cat":"food","amt":0.1,"day":"2026-10-4","io":"xfer"},{"id":"e2","ts":1791115200000,"cat":"food","amt":0,"day":"2026-10-4","io":"inc"},{"id":"e3","ts":1791028800000,"cat":"food","amt":1,"day":"2026-10-3"},{"id":"e4","ts":1791633600000,"cat":"food","amt":0,"day":"2026-10-10"},{"id":"e5","ts":1791028800000,"cat":"food","amt":0,"day":"2026-10-3","io":"exp"},{"id":"e6","ts":1790424000000,"cat":"food","amt":1e+21,"day":"2026-9-26","io":"exp"}]|1791201600000,2026-10-5,3
group	[{"id":"e0","ts":1775394000000,"cat":"food","amt":0.2,"day":"2026-4-5"},{"id":"e1","ts":1774612800000,"cat":"food","amt":0,"day":"2026-3-27","io":"xfer"},{"id":"e2","ts":1775480400000,"cat":"food","amt":0.2,"day":"2026-4-6","io":"inc"},{"id":"e3","ts":1774612800000,"cat":"food","amt":0.1,"day":"2026-3-27","io":"inc"}]|1775390400000,2026-4-5
flat	[{"id":"e0","ts":1775394000000,"cat":"food","amt":0.2,"day":"2026-4-5"},{"id":"e1","ts":1774612800000,"cat":"food","amt":0,"day":"2026-3-27","io":"xfer"},{"id":"e2","ts":1775480400000,"cat":"food","amt":0.2,"day":"2026-4-6","io":"inc"},{"id":"e3","ts":1774612800000,"cat":"food","amt":0.1,"day":"2026-3-27","io":"inc"}]|1775390400000,2026-4-5,1
group	[{"id":"e0","ts":1767182400000,"cat":"food","amt":0,"day":"2025-12-31","io":"xfer"},{"id":"e1","ts":1767362400000,"cat":"food","amt":0,"day":"2026-1-3","io":"exp"}]|1767186000000,2026-1-1
flat	[{"id":"e0","ts":1767182400000,"cat":"food","amt":0,"day":"2025-12-31","io":"xfer"},{"id":"e1","ts":1767362400000,"cat":"food","amt":0,"day":"2026-1-3","io":"exp"}]|1767186000000,2026-1-1,4
group	[{"id":"e0","ts":1791115200000,"cat":"food","amt":0.2,"day":"2026-10-4","io":"xfer"},{"id":"e1","ts":1790247600000,"cat":"food","amt":10.5,"day":"2026-9-24"},{"id":"e2","ts":1791205200000,"cat":"food","amt":1,"day":"2026-10-6","io":"inc"},{"id":"e3","ts":1791028800000,"cat":"food","amt":0,"day":"2026-10-3","io":"xfer"},{"id":"e4","ts":1790254800000,"cat":"food","amt":0,"day":"2026-9-24","io":"exp"}]|1791028800000,2026-10-3
flat	[{"id":"e0","ts":1791115200000,"cat":"food","amt":0.2,"day":"2026-10-4","io":"xfer"},{"id":"e1","ts":1790247600000,"cat":"food","amt":10.5,"day":"2026-9-24"},{"id":"e2","ts":1791205200000,"cat":"food","amt":1,"day":"2026-10-6","io":"inc"},{"id":"e3","ts":1791028800000,"cat":"food","amt":0,"day":"2026-10-3","io":"xfer"},{"id":"e4","ts":1790254800000,"cat":"food","amt":0,"day":"2026-9-24","io":"exp"}]|1791028800000,2026-10-3,0
group	[{"id":"e0","ts":1791198000000,"cat":"food","amt":1e-7,"day":"2026-10-5","io":"exp"},{"id":"e1","ts":1791201600000,"cat":"food","amt":-3.25,"day":"2026-10-5"},{"id":"e2","ts":1791198000000,"cat":"food","amt":0.2,"day":"2026-10-5","io":"inc"},{"id":"e3","ts":1791201600000,"cat":"food","amt":-3.25,"day":"2026-10-5"}]|1791201600000,2026-10-5
flat	[{"id":"e0","ts":1791198000000,"cat":"food","amt":1e-7,"day":"2026-10-5","io":"exp"},{"id":"e1","ts":1791201600000,"cat":"food","amt":-3.25,"day":"2026-10-5"},{"id":"e2","ts":1791198000000,"cat":"food","amt":0.2,"day":"2026-10-5","io":"inc"},{"id":"e3","ts":1791201600000,"cat":"food","amt":-3.25,"day":"2026-10-5"}]|1791201600000,2026-10-5,1
group	[{"id":"e0","ts":1791111600000,"cat":"food","amt":0.1,"day":"2026-10-4","io":"xfer"},{"id":"e1","ts":1790251200000,"cat":"food","amt":10.5,"day":"2026-9-24","io":"inc"},{"id":"e2","ts":1791205200000,"cat":"food","amt":1e+21,"day":"2026-10-6","io":"xfer"},{"id":"e3","ts":1791028800000,"cat":"food","amt":1e+21,"day":"2026-10-3"},{"id":"e4","ts":1791115200000,"cat":"food","amt":1e+21,"day":"2026-10-4","io":"xfer"},{"id":"e5","ts":1790856000000,"cat":"food","amt":0.1,"day":"2026-10-1"}]|1791028800000,2026-10-3
flat	[{"id":"e0","ts":1791111600000,"cat":"food","amt":0.1,"day":"2026-10-4","io":"xfer"},{"id":"e1","ts":1790251200000,"cat":"food","amt":10.5,"day":"2026-9-24","io":"inc"},{"id":"e2","ts":1791205200000,"cat":"food","amt":1e+21,"day":"2026-10-6","io":"xfer"},{"id":"e3","ts":1791028800000,"cat":"food","amt":1e+21,"day":"2026-10-3"},{"id":"e4","ts":1791115200000,"cat":"food","amt":1e+21,"day":"2026-10-4","io":"xfer"},{"id":"e5","ts":1790856000000,"cat":"food","amt":0.1,"day":"2026-10-1"}]|1791028800000,2026-10-3,1
group	[{"id":"e0","ts":1787608800000,"cat":"food","amt":0.2,"day":"2026-8-25"}]|1787781600000,2026-8-27
flat	[{"id":"e0","ts":1787608800000,"cat":"food","amt":0.2,"day":"2026-8-25"}]|1787781600000,2026-8-27,3
group	[{"id":"e0","ts":1787713200000,"cat":"food","amt":1,"day":"2026-8-26","io":"exp"},{"id":"e1","ts":1787716800000,"cat":"food","amt":1e+21,"day":"2026-8-26","io":"inc"},{"id":"e2","ts":1787799600000,"cat":"food","amt":1e-7,"day":"2026-8-27","io":"exp"},{"id":"e3","ts":1787799600000,"cat":"food","amt":-3.25,"day":"2026-8-27","io":"exp"},{"id":"e4","ts":1787544000000,"cat":"food","amt":1e-7,"day":"2026-8-24","io":"inc"},{"id":"e5","ts":1787713200000,"cat":"food","amt":0,"day":"2026-8-26","io":"xfer"}]|1787713200000,2026-8-26
flat	[{"id":"e0","ts":1787713200000,"cat":"food","amt":1,"day":"2026-8-26","io":"exp"},{"id":"e1","ts":1787716800000,"cat":"food","amt":1e+21,"day":"2026-8-26","io":"inc"},{"id":"e2","ts":1787799600000,"cat":"food","amt":1e-7,"day":"2026-8-27","io":"exp"},{"id":"e3","ts":1787799600000,"cat":"food","amt":-3.25,"day":"2026-8-27","io":"exp"},{"id":"e4","ts":1787544000000,"cat":"food","amt":1e-7,"day":"2026-8-24","io":"inc"},{"id":"e5","ts":1787713200000,"cat":"food","amt":0,"day":"2026-8-26","io":"xfer"}]|1787713200000,2026-8-26,3
group	[{"id":"e0","ts":1775476800000,"cat":"food","amt":12345.678,"day":"2026-4-6","io":"xfer"},{"id":"e1","ts":1775131200000,"cat":"food","amt":1,"day":"2026-4-2","io":"inc"}]|1775304000000,2026-4-4
flat	[{"id":"e0","ts":1775476800000,"cat":"food","amt":12345.678,"day":"2026-4-6","io":"xfer"},{"id":"e1","ts":1775131200000,"cat":"food","amt":1,"day":"2026-4-2","io":"inc"}]|1775304000000,2026-4-4,2
group	[{"id":"e0","ts":1787781600000,"cat":"food","amt":10.5,"day":"2026-8-27","io":"inc"}]|1787781600000,2026-8-27
flat	[{"id":"e0","ts":1787781600000,"cat":"food","amt":10.5,"day":"2026-8-27","io":"inc"}]|1787781600000,2026-8-27,0
group	[{"id":"e0","ts":1767312000000,"cat":"food","amt":1,"day":"2026-1-2"},{"id":"e1","ts":1767225600000,"cat":"food","amt":-3.25,"day":"2026-1-1"},{"id":"e2","ts":1767402000000,"cat":"food","amt":0,"day":"2026-1-3","io":"inc"},{"id":"e3","ts":1767146400000,"cat":"food","amt":1e+21,"day":"2025-12-31","io":"exp"}]|1767229200000,2026-1-1
flat	[{"id":"e0","ts":1767312000000,"cat":"food","amt":1,"day":"2026-1-2"},{"id":"e1","ts":1767225600000,"cat":"food","amt":-3.25,"day":"2026-1-1"},{"id":"e2","ts":1767402000000,"cat":"food","amt":0,"day":"2026-1-3","io":"inc"},{"id":"e3","ts":1767146400000,"cat":"food","amt":1e+21,"day":"2025-12-31","io":"exp"}]|1767229200000,2026-1-1,1
group	[{"id":"e0","ts":1786939200000,"cat":"food","amt":0,"day":"2026-8-17"},{"id":"e1","ts":1788145200000,"cat":"food","amt":0.2,"day":"2026-8-31","io":"exp"},{"id":"e2","ts":1787626800000,"cat":"food","amt":1e+21,"day":"2026-8-25","io":"exp"},{"id":"e3","ts":1787713200000,"cat":"food","amt":1e+21,"day":"2026-8-26","io":"xfer"},{"id":"e4","ts":1787709600000,"cat":"food","amt":0.1,"day":"2026-8-26","io":"exp"},{"id":"e5","ts":1787799600000,"cat":"food","amt":-3.25,"day":"2026-8-27","io":"inc"},{"id":"e6","ts":1787630400000,"cat":"food","amt":10.5,"day":"2026-8-25","io":"xfer"}]|1787713200000,2026-8-26
flat	[{"id":"e0","ts":1786939200000,"cat":"food","amt":0,"day":"2026-8-17"},{"id":"e1","ts":1788145200000,"cat":"food","amt":0.2,"day":"2026-8-31","io":"exp"},{"id":"e2","ts":1787626800000,"cat":"food","amt":1e+21,"day":"2026-8-25","io":"exp"},{"id":"e3","ts":1787713200000,"cat":"food","amt":1e+21,"day":"2026-8-26","io":"xfer"},{"id":"e4","ts":1787709600000,"cat":"food","amt":0.1,"day":"2026-8-26","io":"exp"},{"id":"e5","ts":1787799600000,"cat":"food","amt":-3.25,"day":"2026-8-27","io":"inc"},{"id":"e6","ts":1787630400000,"cat":"food","amt":10.5,"day":"2026-8-25","io":"xfer"}]|1787713200000,2026-8-26,1
group	[{"id":"e0","ts":1787882400000,"cat":"food","amt":10.5,"day":"2026-8-28"},{"id":"e1","ts":1787713200000,"cat":"food","amt":1e-7,"day":"2026-8-26","io":"xfer"}]|1787713200000,2026-8-26
flat	[{"id":"e0","ts":1787882400000,"cat":"food","amt":10.5,"day":"2026-8-28"},{"id":"e1","ts":1787713200000,"cat":"food","amt":1e-7,"day":"2026-8-26","io":"xfer"}]|1787713200000,2026-8-26,4
group	[{"id":"e0","ts":1775304000000,"cat":"food","amt":0.2,"day":"2026-4-4","io":"exp"},{"id":"e1","ts":1775300400000,"cat":"food","amt":1,"day":"2026-4-4","io":"xfer"}]|1775476800000,2026-4-6
flat	[{"id":"e0","ts":1775304000000,"cat":"food","amt":0.2,"day":"2026-4-4","io":"exp"},{"id":"e1","ts":1775300400000,"cat":"food","amt":1,"day":"2026-4-4","io":"xfer"}]|1775476800000,2026-4-6,3
group	[{"id":"e0","ts":1791118800000,"cat":"food","amt":1,"day":"2026-10-5","io":"inc"},{"id":"e1","ts":1790251200000,"cat":"food","amt":1e-7,"day":"2026-9-24","io":"xfer"},{"id":"e2","ts":1790946000000,"cat":"food","amt":1,"day":"2026-10-2"},{"id":"e3","ts":1790247600000,"cat":"food","amt":1e+21,"day":"2026-9-24","io":"inc"},{"id":"e4","ts":1791460800000,"cat":"food","amt":1e-7,"day":"2026-10-8"},{"id":"e5","ts":1791115200000,"cat":"food","amt":10.5,"day":"2026-10-4","io":"inc"},{"id":"e6","ts":1791032400000,"cat":"food","amt":0,"day":"2026-10-3","io":"inc"}]|1791028800000,2026-10-3
flat	[{"id":"e0","ts":1791118800000,"cat":"food","amt":1,"day":"2026-10-5","io":"inc"},{"id":"e1","ts":1790251200000,"cat":"food","amt":1e-7,"day":"2026-9-24","io":"xfer"},{"id":"e2","ts":1790946000000,"cat":"food","amt":1,"day":"2026-10-2"},{"id":"e3","ts":1790247600000,"cat":"food","amt":1e+21,"day":"2026-9-24","io":"inc"},{"id":"e4","ts":1791460800000,"cat":"food","amt":1e-7,"day":"2026-10-8"},{"id":"e5","ts":1791115200000,"cat":"food","amt":10.5,"day":"2026-10-4","io":"inc"},{"id":"e6","ts":1791032400000,"cat":"food","amt":0,"day":"2026-10-3","io":"inc"}]|1791028800000,2026-10-3,3
group	[{"id":"e0","ts":1775649600000,"cat":"food","amt":0.1,"day":"2026-4-8","io":"inc"},{"id":"e1","ts":1774699200000,"cat":"food","amt":1e+21,"day":"2026-3-28","io":"exp"},{"id":"e2","ts":1775473200000,"cat":"food","amt":0.1,"day":"2026-4-6","io":"inc"}]|1775476800000,2026-4-6
flat	[{"id":"e0","ts":1775649600000,"cat":"food","amt":0.1,"day":"2026-4-8","io":"inc"},{"id":"e1","ts":1774699200000,"cat":"food","amt":1e+21,"day":"2026-3-28","io":"exp"},{"id":"e2","ts":1775473200000,"cat":"food","amt":0.1,"day":"2026-4-6","io":"inc"}]|1775476800000,2026-4-6,3
group	[{"id":"e0","ts":1774616400000,"cat":"food","amt":12345.678,"day":"2026-3-28","io":"inc"},{"id":"e1","ts":1775304000000,"cat":"food","amt":1e-7,"day":"2026-4-4","io":"exp"},{"id":"e2","ts":1775818800000,"cat":"food","amt":-3.25,"day":"2026-4-10"},{"id":"e3","ts":1775563200000,"cat":"food","amt":0,"day":"2026-4-7","io":"xfer"}]|1775390400000,2026-4-5
flat	[{"id":"e0","ts":1774616400000,"cat":"food","amt":12345.678,"day":"2026-3-28","io":"inc"},{"id":"e1","ts":1775304000000,"cat":"food","amt":1e-7,"day":"2026-4-4","io":"exp"},{"id":"e2","ts":1775818800000,"cat":"food","amt":-3.25,"day":"2026-4-10"},{"id":"e3","ts":1775563200000,"cat":"food","amt":0,"day":"2026-4-7","io":"xfer"}]|1775390400000,2026-4-5,4
group	[{"id":"e0","ts":1791201600000,"cat":"food","amt":1e+21,"day":"2026-10-5","io":"inc"}]|1791201600000,2026-10-5
flat	[{"id":"e0","ts":1791201600000,"cat":"food","amt":1e+21,"day":"2026-10-5","io":"inc"}]|1791201600000,2026-10-5,4
group	[{"id":"e0","ts":1791118800000,"cat":"food","amt":0.2,"day":"2026-10-5","io":"exp"},{"id":"e1","ts":1791115200000,"cat":"food","amt":0.1,"day":"2026-10-4"},{"id":"e2","ts":1791118800000,"cat":"food","amt":1e+21,"day":"2026-10-5","io":"exp"},{"id":"e3","ts":1791284400000,"cat":"food","amt":0.2,"day":"2026-10-6","io":"inc"}]|1791115200000,2026-10-4
flat	[{"id":"e0","ts":1791118800000,"cat":"food","amt":0.2,"day":"2026-10-5","io":"exp"},{"id":"e1","ts":1791115200000,"cat":"food","amt":0.1,"day":"2026-10-4"},{"id":"e2","ts":1791118800000,"cat":"food","amt":1e+21,"day":"2026-10-5","io":"exp"},{"id":"e3","ts":1791284400000,"cat":"food","amt":0.2,"day":"2026-10-6","io":"inc"}]|1791115200000,2026-10-4,0
group	[{"id":"e0","ts":1767661200000,"cat":"food","amt":0,"day":"2026-1-6","io":"xfer"},{"id":"e1","ts":1766455200000,"cat":"food","amt":0,"day":"2025-12-23"},{"id":"e2","ts":1767056400000,"cat":"food","amt":1e+21,"day":"2025-12-30","io":"exp"}]|1767229200000,2026-1-1
flat	[{"id":"e0","ts":1767661200000,"cat":"food","amt":0,"day":"2026-1-6","io":"xfer"},{"id":"e1","ts":1766455200000,"cat":"food","amt":0,"day":"2025-12-23"},{"id":"e2","ts":1767056400000,"cat":"food","amt":1e+21,"day":"2025-12-30","io":"exp"}]|1767229200000,2026-1-1,1
group	[{"id":"e0","ts":1775480400000,"cat":"food","amt":1e+21,"day":"2026-4-6","io":"xfer"},{"id":"e1","ts":1775649600000,"cat":"food","amt":0,"day":"2026-4-8"},{"id":"e2","ts":1775394000000,"cat":"food","amt":0.1,"day":"2026-4-5","io":"exp"},{"id":"e3","ts":1774699200000,"cat":"food","amt":1e-7,"day":"2026-3-28"},{"id":"e4","ts":1775476800000,"cat":"food","amt":0.2,"day":"2026-4-6","io":"inc"},{"id":"e5","ts":1775566800000,"cat":"food","amt":1e-7,"day":"2026-4-7","io":"exp"}]|1775476800000,2026-4-6
flat	[{"id":"e0","ts":1775480400000,"cat":"food","amt":1e+21,"day":"2026-4-6","io":"xfer"},{"id":"e1","ts":1775649600000,"cat":"food","amt":0,"day":"2026-4-8"},{"id":"e2","ts":1775394000000,"cat":"food","amt":0.1,"day":"2026-4-5","io":"exp"},{"id":"e3","ts":1774699200000,"cat":"food","amt":1e-7,"day":"2026-3-28"},{"id":"e4","ts":1775476800000,"cat":"food","amt":0.2,"day":"2026-4-6","io":"inc"},{"id":"e5","ts":1775566800000,"cat":"food","amt":1e-7,"day":"2026-4-7","io":"exp"}]|1775476800000,2026-4-6,1
group	[]|1775304000000,2026-4-4
flat	[]|1775304000000,2026-4-4,1
group	[]|1775476800000,2026-4-6
flat	[]|1775476800000,2026-4-6,2
group	[{"id":"e0","ts":1791025200000,"cat":"food","amt":0.2,"day":"2026-10-3"},{"id":"e1","ts":1791115200000,"cat":"food","amt":-3.25,"day":"2026-10-4","io":"exp"},{"id":"e2","ts":1791111600000,"cat":"food","amt":1e+21,"day":"2026-10-4","io":"xfer"},{"id":"e3","ts":1790856000000,"cat":"food","amt":0,"day":"2026-10-1","io":"exp"},{"id":"e4","ts":1790942400000,"cat":"food","amt":1e+21,"day":"2026-10-2","io":"exp"},{"id":"e5","ts":1791028800000,"cat":"food","amt":1,"day":"2026-10-3","io":"xfer"}]|1791028800000,2026-10-3
flat	[{"id":"e0","ts":1791025200000,"cat":"food","amt":0.2,"day":"2026-10-3"},{"id":"e1","ts":1791115200000,"cat":"food","amt":-3.25,"day":"2026-10-4","io":"exp"},{"id":"e2","ts":1791111600000,"cat":"food","amt":1e+21,"day":"2026-10-4","io":"xfer"},{"id":"e3","ts":1790856000000,"cat":"food","amt":0,"day":"2026-10-1","io":"exp"},{"id":"e4","ts":1790942400000,"cat":"food","amt":1e+21,"day":"2026-10-2","io":"exp"},{"id":"e5","ts":1791028800000,"cat":"food","amt":1,"day":"2026-10-3","io":"xfer"}]|1791028800000,2026-10-3,2
group	[{"id":"e0","ts":1791111600000,"cat":"food","amt":10.5,"day":"2026-10-4"},{"id":"e1","ts":1791630000000,"cat":"food","amt":0.1,"day":"2026-10-10"},{"id":"e2","ts":1791025200000,"cat":"food","amt":1e+21,"day":"2026-10-3"}]|1791201600000,2026-10-5
flat	[{"id":"e0","ts":1791111600000,"cat":"food","amt":10.5,"day":"2026-10-4"},{"id":"e1","ts":1791630000000,"cat":"food","amt":0.1,"day":"2026-10-10"},{"id":"e2","ts":1791025200000,"cat":"food","amt":1e+21,"day":"2026-10-3"}]|1791201600000,2026-10-5,4
group	[{"id":"e0","ts":1775736000000,"cat":"food","amt":1e-7,"day":"2026-4-9","io":"xfer"},{"id":"e1","ts":1775304000000,"cat":"food","amt":10.5,"day":"2026-4-4","io":"xfer"},{"id":"e2","ts":1775473200000,"cat":"food","amt":1,"day":"2026-4-6","io":"exp"},{"id":"e3","ts":1775304000000,"cat":"food","amt":0.1,"day":"2026-4-4","io":"inc"},{"id":"e4","ts":1775386800000,"cat":"food","amt":12345.678,"day":"2026-4-5","io":"xfer"},{"id":"e5","ts":1775304000000,"cat":"food","amt":12345.678,"day":"2026-4-4","io":"exp"},{"id":"e6","ts":1775304000000,"cat":"food","amt":0.1,"day":"2026-4-4"}]|1775304000000,2026-4-4
flat	[{"id":"e0","ts":1775736000000,"cat":"food","amt":1e-7,"day":"2026-4-9","io":"xfer"},{"id":"e1","ts":1775304000000,"cat":"food","amt":10.5,"day":"2026-4-4","io":"xfer"},{"id":"e2","ts":1775473200000,"cat":"food","amt":1,"day":"2026-4-6","io":"exp"},{"id":"e3","ts":1775304000000,"cat":"food","amt":0.1,"day":"2026-4-4","io":"inc"},{"id":"e4","ts":1775386800000,"cat":"food","amt":12345.678,"day":"2026-4-5","io":"xfer"},{"id":"e5","ts":1775304000000,"cat":"food","amt":12345.678,"day":"2026-4-4","io":"exp"},{"id":"e6","ts":1775304000000,"cat":"food","amt":0.1,"day":"2026-4-4"}]|1775304000000,2026-4-4,2
group	[{"id":"e0","ts":1767056400000,"cat":"food","amt":-3.25,"day":"2025-12-30","io":"exp"},{"id":"e1","ts":1767312000000,"cat":"food","amt":1,"day":"2026-1-2","io":"exp"},{"id":"e2","ts":1767056400000,"cat":"food","amt":0.2,"day":"2025-12-30","io":"xfer"}]|1767229200000,2026-1-1
flat	[{"id":"e0","ts":1767056400000,"cat":"food","amt":-3.25,"day":"2025-12-30","io":"exp"},{"id":"e1","ts":1767312000000,"cat":"food","amt":1,"day":"2026-1-2","io":"exp"},{"id":"e2","ts":1767056400000,"cat":"food","amt":0.2,"day":"2025-12-30","io":"xfer"}]|1767229200000,2026-1-1,4
group	[{"id":"e0","ts":1775304000000,"cat":"food","amt":1e+21,"day":"2026-4-4","io":"xfer"},{"id":"e1","ts":1775390400000,"cat":"food","amt":1e+21,"day":"2026-4-5","io":"inc"},{"id":"e2","ts":1774526400000,"cat":"food","amt":12345.678,"day":"2026-3-26","io":"inc"}]|1775304000000,2026-4-4
flat	[{"id":"e0","ts":1775304000000,"cat":"food","amt":1e+21,"day":"2026-4-4","io":"xfer"},{"id":"e1","ts":1775390400000,"cat":"food","amt":1e+21,"day":"2026-4-5","io":"inc"},{"id":"e2","ts":1774526400000,"cat":"food","amt":12345.678,"day":"2026-3-26","io":"inc"}]|1775304000000,2026-4-4,1
group	[{"id":"e0","ts":1767186000000,"cat":"food","amt":0.2,"day":"2026-1-1"},{"id":"e1","ts":1767186000000,"cat":"food","amt":0.2,"day":"2026-1-1","io":"xfer"},{"id":"e2","ts":1767189600000,"cat":"food","amt":-3.25,"day":"2026-1-1","io":"xfer"},{"id":"e3","ts":1767272400000,"cat":"food","amt":0,"day":"2026-1-2"}]|1767186000000,2026-1-1
flat	[{"id":"e0","ts":1767186000000,"cat":"food","amt":0.2,"day":"2026-1-1"},{"id":"e1","ts":1767186000000,"cat":"food","amt":0.2,"day":"2026-1-1","io":"xfer"},{"id":"e2","ts":1767189600000,"cat":"food","amt":-3.25,"day":"2026-1-1","io":"xfer"},{"id":"e3","ts":1767272400000,"cat":"food","amt":0,"day":"2026-1-2"}]|1767186000000,2026-1-1,0
group	[{"id":"e0","ts":1775304000000,"cat":"food","amt":1e-7,"day":"2026-4-4"}]|1775390400000,2026-4-5
flat	[{"id":"e0","ts":1775304000000,"cat":"food","amt":1e-7,"day":"2026-4-4"}]|1775390400000,2026-4-5,2
group	[{"id":"e0","ts":1775822400000,"cat":"food","amt":12345.678,"day":"2026-4-10"}]|1775390400000,2026-4-5
flat	[{"id":"e0","ts":1775822400000,"cat":"food","amt":12345.678,"day":"2026-4-10"}]|1775390400000,2026-4-5,0
group	[{"id":"e0","ts":1787781600000,"cat":"food","amt":0,"day":"2026-8-27"},{"id":"e1","ts":1787695200000,"cat":"food","amt":12345.678,"day":"2026-8-26","io":"exp"}]|1787781600000,2026-8-27
flat	[{"id":"e0","ts":1787781600000,"cat":"food","amt":0,"day":"2026-8-27"},{"id":"e1","ts":1787695200000,"cat":"food","amt":12345.678,"day":"2026-8-26","io":"exp"}]|1787781600000,2026-8-27,3
group	[{"id":"e0","ts":1791460800000,"cat":"food","amt":-3.25,"day":"2026-10-8"},{"id":"e1","ts":1790247600000,"cat":"food","amt":1,"day":"2026-9-24","io":"inc"},{"id":"e2","ts":1790946000000,"cat":"food","amt":0.1,"day":"2026-10-2","io":"exp"},{"id":"e3","ts":1790942400000,"cat":"food","amt":0,"day":"2026-10-2","io":"xfer"},{"id":"e4","ts":1790942400000,"cat":"food","amt":0,"day":"2026-10-2"}]|1791028800000,2026-10-3
flat	[{"id":"e0","ts":1791460800000,"cat":"food","amt":-3.25,"day":"2026-10-8"},{"id":"e1","ts":1790247600000,"cat":"food","amt":1,"day":"2026-9-24","io":"inc"},{"id":"e2","ts":1790946000000,"cat":"food","amt":0.1,"day":"2026-10-2","io":"exp"},{"id":"e3","ts":1790942400000,"cat":"food","amt":0,"day":"2026-10-2","io":"xfer"},{"id":"e4","ts":1790942400000,"cat":"food","amt":0,"day":"2026-10-2"}]|1791028800000,2026-10-3,2
group	[{"id":"e0","ts":1791633600000,"cat":"food","amt":1e-7,"day":"2026-10-10","io":"exp"},{"id":"e1","ts":1791115200000,"cat":"food","amt":0.1,"day":"2026-10-4"},{"id":"e2","ts":1791025200000,"cat":"food","amt":0,"day":"2026-10-3","io":"xfer"},{"id":"e3","ts":1791633600000,"cat":"food","amt":12345.678,"day":"2026-10-10","io":"inc"},{"id":"e4","ts":1791115200000,"cat":"food","amt":0.1,"day":"2026-10-4"},{"id":"e5","ts":1791205200000,"cat":"food","amt":1,"day":"2026-10-6","io":"exp"},{"id":"e6","ts":1791633600000,"cat":"food","amt":-3.25,"day":"2026-10-10"}]|1791201600000,2026-10-5
flat	[{"id":"e0","ts":1791633600000,"cat":"food","amt":1e-7,"day":"2026-10-10","io":"exp"},{"id":"e1","ts":1791115200000,"cat":"food","amt":0.1,"day":"2026-10-4"},{"id":"e2","ts":1791025200000,"cat":"food","amt":0,"day":"2026-10-3","io":"xfer"},{"id":"e3","ts":1791633600000,"cat":"food","amt":12345.678,"day":"2026-10-10","io":"inc"},{"id":"e4","ts":1791115200000,"cat":"food","amt":0.1,"day":"2026-10-4"},{"id":"e5","ts":1791205200000,"cat":"food","amt":1,"day":"2026-10-6","io":"exp"},{"id":"e6","ts":1791633600000,"cat":"food","amt":-3.25,"day":"2026-10-10"}]|1791201600000,2026-10-5,2
group	[]|1767229200000,2026-1-1
flat	[]|1767229200000,2026-1-1,0
group	[{"id":"e0","ts":1787864400000,"cat":"food","amt":1e+21,"day":"2026-8-28","io":"inc"},{"id":"e1","ts":1787004000000,"cat":"food","amt":1,"day":"2026-8-18","io":"inc"},{"id":"e2","ts":1787864400000,"cat":"food","amt":0.2,"day":"2026-8-28","io":"exp"},{"id":"e3","ts":1787605200000,"cat":"food","amt":1e+21,"day":"2026-8-25","io":"xfer"}]|1787781600000,2026-8-27
flat	[{"id":"e0","ts":1787864400000,"cat":"food","amt":1e+21,"day":"2026-8-28","io":"inc"},{"id":"e1","ts":1787004000000,"cat":"food","amt":1,"day":"2026-8-18","io":"inc"},{"id":"e2","ts":1787864400000,"cat":"food","amt":0.2,"day":"2026-8-28","io":"exp"},{"id":"e3","ts":1787605200000,"cat":"food","amt":1e+21,"day":"2026-8-25","io":"xfer"}]|1787781600000,2026-8-27,0
group	[{"id":"e0","ts":1787781600000,"cat":"food","amt":0.1,"day":"2026-8-27","io":"xfer"},{"id":"e1","ts":1787698800000,"cat":"food","amt":1,"day":"2026-8-26","io":"xfer"},{"id":"e2","ts":1787954400000,"cat":"food","amt":1,"day":"2026-8-29","io":"xfer"},{"id":"e3","ts":1787698800000,"cat":"food","amt":0.2,"day":"2026-8-26","io":"xfer"},{"id":"e4","ts":1787004000000,"cat":"food","amt":12345.678,"day":"2026-8-18","io":"inc"},{"id":"e5","ts":1787004000000,"cat":"food","amt":1e-7,"day":"2026-8-18","io":"xfer"},{"id":"e6","ts":1788210000000,"cat":"food","amt":-3.25,"day":"2026-9-1","io":"inc"}]|1787781600000,2026-8-27
flat	[{"id":"e0","ts":1787781600000,"cat":"food","amt":0.1,"day":"2026-8-27","io":"xfer"},{"id":"e1","ts":1787698800000,"cat":"food","amt":1,"day":"2026-8-26","io":"xfer"},{"id":"e2","ts":1787954400000,"cat":"food","amt":1,"day":"2026-8-29","io":"xfer"},{"id":"e3","ts":1787698800000,"cat":"food","amt":0.2,"day":"2026-8-26","io":"xfer"},{"id":"e4","ts":1787004000000,"cat":"food","amt":12345.678,"day":"2026-8-18","io":"inc"},{"id":"e5","ts":1787004000000,"cat":"food","amt":1e-7,"day":"2026-8-18","io":"xfer"},{"id":"e6","ts":1788210000000,"cat":"food","amt":-3.25,"day":"2026-9-1","io":"inc"}]|1787781600000,2026-8-27,3
group	[]|1775390400000,2026-4-5
flat	[]|1775390400000,2026-4-5,4
group	[{"id":"e0","ts":1787781600000,"cat":"food","amt":1e+21,"day":"2026-8-27","io":"exp"},{"id":"e1","ts":1787698800000,"cat":"food","amt":0,"day":"2026-8-26","io":"exp"}]|1787781600000,2026-8-27
flat	[{"id":"e0","ts":1787781600000,"cat":"food","amt":1e+21,"day":"2026-8-27","io":"exp"},{"id":"e1","ts":1787698800000,"cat":"food","amt":0,"day":"2026-8-26","io":"exp"}]|1787781600000,2026-8-27,4
group	[{"id":"e0","ts":1787781600000,"cat":"food","amt":10.5,"day":"2026-8-27"},{"id":"e1","ts":1787608800000,"cat":"food","amt":-3.25,"day":"2026-8-25","io":"exp"}]|1787781600000,2026-8-27
flat	[{"id":"e0","ts":1787781600000,"cat":"food","amt":10.5,"day":"2026-8-27"},{"id":"e1","ts":1787608800000,"cat":"food","amt":-3.25,"day":"2026-8-25","io":"exp"}]|1787781600000,2026-8-27,2
group	[{"id":"e0","ts":1787623200000,"cat":"food","amt":0,"day":"2026-8-25"},{"id":"e1","ts":1787630400000,"cat":"food","amt":0.2,"day":"2026-8-25"},{"id":"e2","ts":1787889600000,"cat":"food","amt":1,"day":"2026-8-28","io":"inc"},{"id":"e3","ts":1787709600000,"cat":"food","amt":0.2,"day":"2026-8-26","io":"xfer"}]|1787713200000,2026-8-26
flat	[{"id":"e0","ts":1787623200000,"cat":"food","amt":0,"day":"2026-8-25"},{"id":"e1","ts":1787630400000,"cat":"food","amt":0.2,"day":"2026-8-25"},{"id":"e2","ts":1787889600000,"cat":"food","amt":1,"day":"2026-8-28","io":"inc"},{"id":"e3","ts":1787709600000,"cat":"food","amt":0.2,"day":"2026-8-26","io":"xfer"}]|1787713200000,2026-8-26,0
group	[{"id":"e0","ts":1791547200000,"cat":"food","amt":0,"day":"2026-10-9","io":"inc"},{"id":"e1","ts":1790337600000,"cat":"food","amt":0,"day":"2026-9-25","io":"exp"},{"id":"e2","ts":1791550800000,"cat":"food","amt":0,"day":"2026-10-10","io":"exp"},{"id":"e3","ts":1790942400000,"cat":"food","amt":0.2,"day":"2026-10-2","io":"exp"},{"id":"e4","ts":1791115200000,"cat":"food","amt":1e+21,"day":"2026-10-4","io":"inc"},{"id":"e5","ts":1791111600000,"cat":"food","amt":1,"day":"2026-10-4","io":"exp"},{"id":"e6","ts":1790334000000,"cat":"food","amt":0.1,"day":"2026-9-25","io":"exp"}]|1791115200000,2026-10-4
flat	[{"id":"e0","ts":1791547200000,"cat":"food","amt":0,"day":"2026-10-9","io":"inc"},{"id":"e1","ts":1790337600000,"cat":"food","amt":0,"day":"2026-9-25","io":"exp"},{"id":"e2","ts":1791550800000,"cat":"food","amt":0,"day":"2026-10-10","io":"exp"},{"id":"e3","ts":1790942400000,"cat":"food","amt":0.2,"day":"2026-10-2","io":"exp"},{"id":"e4","ts":1791115200000,"cat":"food","amt":1e+21,"day":"2026-10-4","io":"inc"},{"id":"e5","ts":1791111600000,"cat":"food","amt":1,"day":"2026-10-4","io":"exp"},{"id":"e6","ts":1790334000000,"cat":"food","amt":0.1,"day":"2026-9-25","io":"exp"}]|1791115200000,2026-10-4,4
group	[{"id":"e0","ts":1790852400000,"cat":"food","amt":-3.25,"day":"2026-10-1","io":"inc"},{"id":"e1","ts":1791028800000,"cat":"food","amt":12345.678,"day":"2026-10-3","io":"exp"},{"id":"e2","ts":1790852400000,"cat":"food","amt":0.2,"day":"2026-10-1"}]|1791028800000,2026-10-3
flat	[{"id":"e0","ts":1790852400000,"cat":"food","amt":-3.25,"day":"2026-10-1","io":"inc"},{"id":"e1","ts":1791028800000,"cat":"food","amt":12345.678,"day":"2026-10-3","io":"exp"},{"id":"e2","ts":1790852400000,"cat":"food","amt":0.2,"day":"2026-10-1"}]|1791028800000,2026-10-3,1
group	[{"id":"e0","ts":1791198000000,"cat":"food","amt":1e-7,"day":"2026-10-5","io":"exp"}]|1791028800000,2026-10-3
flat	[{"id":"e0","ts":1791198000000,"cat":"food","amt":1e-7,"day":"2026-10-5","io":"exp"}]|1791028800000,2026-10-3,1
group	[]|1791115200000,2026-10-4
flat	[]|1791115200000,2026-10-4,1
group	[{"id":"e0","ts":1787958000000,"cat":"food","amt":0.2,"day":"2026-8-29"},{"id":"e1","ts":1787864400000,"cat":"food","amt":1,"day":"2026-8-28","io":"inc"},{"id":"e2","ts":1787698800000,"cat":"food","amt":1e-7,"day":"2026-8-26"}]|1787781600000,2026-8-27
flat	[{"id":"e0","ts":1787958000000,"cat":"food","amt":0.2,"day":"2026-8-29"},{"id":"e1","ts":1787864400000,"cat":"food","amt":1,"day":"2026-8-28","io":"inc"},{"id":"e2","ts":1787698800000,"cat":"food","amt":1e-7,"day":"2026-8-26"}]|1787781600000,2026-8-27,3
group	[{"id":"e0","ts":1775646000000,"cat":"food","amt":1,"day":"2026-4-8","io":"inc"},{"id":"e1","ts":1775304000000,"cat":"food","amt":-3.25,"day":"2026-4-4","io":"xfer"},{"id":"e2","ts":1775908800000,"cat":"food","amt":1e-7,"day":"2026-4-11","io":"inc"}]|1775476800000,2026-4-6
flat	[{"id":"e0","ts":1775646000000,"cat":"food","amt":1,"day":"2026-4-8","io":"inc"},{"id":"e1","ts":1775304000000,"cat":"food","amt":-3.25,"day":"2026-4-4","io":"xfer"},{"id":"e2","ts":1775908800000,"cat":"food","amt":1e-7,"day":"2026-4-11","io":"inc"}]|1775476800000,2026-4-6,0
group	[{"id":"e0","ts":1774699200000,"cat":"food","amt":1e-7,"day":"2026-3-28","io":"xfer"},{"id":"e1","ts":1775476800000,"cat":"food","amt":0.2,"day":"2026-4-6","io":"exp"},{"id":"e2","ts":1775304000000,"cat":"food","amt":1,"day":"2026-4-4","io":"exp"},{"id":"e3","ts":1775646000000,"cat":"food","amt":1e+21,"day":"2026-4-8","io":"inc"},{"id":"e4","ts":1775394000000,"cat":"food","amt":12345.678,"day":"2026-4-5"}]|1775476800000,2026-4-6
flat	[{"id":"e0","ts":1774699200000,"cat":"food","amt":1e-7,"day":"2026-3-28","io":"xfer"},{"id":"e1","ts":1775476800000,"cat":"food","amt":0.2,"day":"2026-4-6","io":"exp"},{"id":"e2","ts":1775304000000,"cat":"food","amt":1,"day":"2026-4-4","io":"exp"},{"id":"e3","ts":1775646000000,"cat":"food","amt":1e+21,"day":"2026-4-8","io":"inc"},{"id":"e4","ts":1775394000000,"cat":"food","amt":12345.678,"day":"2026-4-5"}]|1775476800000,2026-4-6,1
group	[{"id":"e0","ts":1791115200000,"cat":"food","amt":1e-7,"day":"2026-10-4","io":"exp"},{"id":"e1","ts":1791028800000,"cat":"food","amt":0.2,"day":"2026-10-3","io":"exp"},{"id":"e2","ts":1791118800000,"cat":"food","amt":12345.678,"day":"2026-10-5","io":"inc"},{"id":"e3","ts":1791284400000,"cat":"food","amt":0,"day":"2026-10-6","io":"xfer"},{"id":"e4","ts":1790942400000,"cat":"food","amt":10.5,"day":"2026-10-2","io":"inc"}]|1791115200000,2026-10-4
flat	[{"id":"e0","ts":1791115200000,"cat":"food","amt":1e-7,"day":"2026-10-4","io":"exp"},{"id":"e1","ts":1791028800000,"cat":"food","amt":0.2,"day":"2026-10-3","io":"exp"},{"id":"e2","ts":1791118800000,"cat":"food","amt":12345.678,"day":"2026-10-5","io":"inc"},{"id":"e3","ts":1791284400000,"cat":"food","amt":0,"day":"2026-10-6","io":"xfer"},{"id":"e4","ts":1790942400000,"cat":"food","amt":10.5,"day":"2026-10-2","io":"inc"}]|1791115200000,2026-10-4,4
group	[{"id":"e0","ts":1788145200000,"cat":"food","amt":-3.25,"day":"2026-8-31","io":"exp"},{"id":"e1","ts":1788141600000,"cat":"food","amt":12345.678,"day":"2026-8-31","io":"inc"},{"id":"e2","ts":1787796000000,"cat":"food","amt":0.2,"day":"2026-8-27","io":"xfer"},{"id":"e3","ts":1788145200000,"cat":"food","amt":0.1,"day":"2026-8-31","io":"inc"},{"id":"e4","ts":1786935600000,"cat":"food","amt":0,"day":"2026-8-17","io":"exp"},{"id":"e5","ts":1786935600000,"cat":"food","amt":1e+21,"day":"2026-8-17","io":"inc"}]|1787713200000,2026-8-26
flat	[{"id":"e0","ts":1788145200000,"cat":"food","amt":-3.25,"day":"2026-8-31","io":"exp"},{"id":"e1","ts":1788141600000,"cat":"food","amt":12345.678,"day":"2026-8-31","io":"inc"},{"id":"e2","ts":1787796000000,"cat":"food","amt":0.2,"day":"2026-8-27","io":"xfer"},{"id":"e3","ts":1788145200000,"cat":"food","amt":0.1,"day":"2026-8-31","io":"inc"},{"id":"e4","ts":1786935600000,"cat":"food","amt":0,"day":"2026-8-17","io":"exp"},{"id":"e5","ts":1786935600000,"cat":"food","amt":1e+21,"day":"2026-8-17","io":"inc"}]|1787713200000,2026-8-26,2
group	[{"id":"e0","ts":1791205200000,"cat":"food","amt":-3.25,"day":"2026-10-6","io":"xfer"},{"id":"e1","ts":1791115200000,"cat":"food","amt":-3.25,"day":"2026-10-4","io":"xfer"}]|1791201600000,2026-10-5
flat	[{"id":"e0","ts":1791205200000,"cat":"food","amt":-3.25,"day":"2026-10-6","io":"xfer"},{"id":"e1","ts":1791115200000,"cat":"food","amt":-3.25,"day":"2026-10-4","io":"xfer"}]|1791201600000,2026-10-5,3
group	[{"id":"e0","ts":1791460800000,"cat":"food","amt":-3.25,"day":"2026-10-8","io":"inc"},{"id":"e1","ts":1790254800000,"cat":"food","amt":0.1,"day":"2026-9-24","io":"exp"},{"id":"e2","ts":1791025200000,"cat":"food","amt":1e+21,"day":"2026-10-3","io":"exp"}]|1791028800000,2026-10-3
flat	[{"id":"e0","ts":1791460800000,"cat":"food","amt":-3.25,"day":"2026-10-8","io":"inc"},{"id":"e1","ts":1790254800000,"cat":"food","amt":0.1,"day":"2026-9-24","io":"exp"},{"id":"e2","ts":1791025200000,"cat":"food","amt":1e+21,"day":"2026-10-3","io":"exp"}]|1791028800000,2026-10-3,0
group	[]|1791201600000,2026-10-5
flat	[]|1791201600000,2026-10-5,0
group	[{"id":"e0","ts":1775649600000,"cat":"food","amt":0,"day":"2026-4-8"},{"id":"e1","ts":1775649600000,"cat":"food","amt":0.1,"day":"2026-4-8","io":"xfer"},{"id":"e2","ts":1775653200000,"cat":"food","amt":10.5,"day":"2026-4-8","io":"inc"},{"id":"e3","ts":1775390400000,"cat":"food","amt":0,"day":"2026-4-5","io":"inc"},{"id":"e4","ts":1775394000000,"cat":"food","amt":1e-7,"day":"2026-4-5"}]|1775476800000,2026-4-6
flat	[{"id":"e0","ts":1775649600000,"cat":"food","amt":0,"day":"2026-4-8"},{"id":"e1","ts":1775649600000,"cat":"food","amt":0.1,"day":"2026-4-8","io":"xfer"},{"id":"e2","ts":1775653200000,"cat":"food","amt":10.5,"day":"2026-4-8","io":"inc"},{"id":"e3","ts":1775390400000,"cat":"food","amt":0,"day":"2026-4-5","io":"inc"},{"id":"e4","ts":1775394000000,"cat":"food","amt":1e-7,"day":"2026-4-5"}]|1775476800000,2026-4-6,0
group	[{"id":"e0","ts":1791115200000,"cat":"food","amt":0.2,"day":"2026-10-4","io":"inc"}]|1791201600000,2026-10-5
flat	[{"id":"e0","ts":1791115200000,"cat":"food","amt":0.2,"day":"2026-10-4","io":"inc"}]|1791201600000,2026-10-5,1
group	[{"id":"e0","ts":1767146400000,"cat":"food","amt":0,"day":"2025-12-31","io":"xfer"}]|1767229200000,2026-1-1
flat	[{"id":"e0","ts":1767146400000,"cat":"food","amt":0,"day":"2025-12-31","io":"xfer"}]|1767229200000,2026-1-1,3
group	[{"id":"e0","ts":1767229200000,"cat":"food","amt":0.1,"day":"2026-1-1","io":"exp"},{"id":"e1","ts":1766451600000,"cat":"food","amt":12345.678,"day":"2025-12-23"},{"id":"e2","ts":1767232800000,"cat":"food","amt":0.1,"day":"2026-1-1"},{"id":"e3","ts":1767225600000,"cat":"food","amt":0.1,"day":"2026-1-1","io":"exp"},{"id":"e4","ts":1767402000000,"cat":"food","amt":-3.25,"day":"2026-1-3","io":"xfer"},{"id":"e5","ts":1767657600000,"cat":"food","amt":10.5,"day":"2026-1-6","io":"inc"}]|1767229200000,2026-1-1
flat	[{"id":"e0","ts":1767229200000,"cat":"food","amt":0.1,"day":"2026-1-1","io":"exp"},{"id":"e1","ts":1766451600000,"cat":"food","amt":12345.678,"day":"2025-12-23"},{"id":"e2","ts":1767232800000,"cat":"food","amt":0.1,"day":"2026-1-1"},{"id":"e3","ts":1767225600000,"cat":"food","amt":0.1,"day":"2026-1-1","io":"exp"},{"id":"e4","ts":1767402000000,"cat":"food","amt":-3.25,"day":"2026-1-3","io":"xfer"},{"id":"e5","ts":1767657600000,"cat":"food","amt":10.5,"day":"2026-1-6","io":"inc"}]|1767229200000,2026-1-1,0
group	[{"id":"e0","ts":1767186000000,"cat":"food","amt":-3.25,"day":"2026-1-1","io":"xfer"}]|1767186000000,2026-1-1
flat	[{"id":"e0","ts":1767186000000,"cat":"food","amt":-3.25,"day":"2026-1-1","io":"xfer"}]|1767186000000,2026-1-1,1
group	[{"id":"e0","ts":1791032400000,"cat":"food","amt":1,"day":"2026-10-3","io":"exp"},{"id":"e1","ts":1791637200000,"cat":"food","amt":12345.678,"day":"2026-10-11","io":"xfer"},{"id":"e2","ts":1791633600000,"cat":"food","amt":12345.678,"day":"2026-10-10","io":"xfer"},{"id":"e3","ts":1791288000000,"cat":"food","amt":1e-7,"day":"2026-10-6","io":"exp"},{"id":"e4","ts":1791291600000,"cat":"food","amt":1e+21,"day":"2026-10-7","io":"xfer"},{"id":"e5","ts":1790424000000,"cat":"food","amt":10.5,"day":"2026-9-26","io":"xfer"}]|1791201600000,2026-10-5
flat	[{"id":"e0","ts":1791032400000,"cat":"food","amt":1,"day":"2026-10-3","io":"exp"},{"id":"e1","ts":1791637200000,"cat":"food","amt":12345.678,"day":"2026-10-11","io":"xfer"},{"id":"e2","ts":1791633600000,"cat":"food","amt":12345.678,"day":"2026-10-10","io":"xfer"},{"id":"e3","ts":1791288000000,"cat":"food","amt":1e-7,"day":"2026-10-6","io":"exp"},{"id":"e4","ts":1791291600000,"cat":"food","amt":1e+21,"day":"2026-10-7","io":"xfer"},{"id":"e5","ts":1790424000000,"cat":"food","amt":10.5,"day":"2026-9-26","io":"xfer"}]|1791201600000,2026-10-5,1
group	[]|1791201600000,2026-10-5
flat	[]|1791201600000,2026-10-5,1
group	[{"id":"e0","ts":1767229200000,"cat":"food","amt":0,"day":"2026-1-1","io":"inc"}]|1767229200000,2026-1-1
flat	[{"id":"e0","ts":1767229200000,"cat":"food","amt":0,"day":"2026-1-1","io":"inc"}]|1767229200000,2026-1-1,4
group	[{"id":"e0","ts":1775822400000,"cat":"food","amt":0.2,"day":"2026-4-10","io":"inc"},{"id":"e1","ts":1775818800000,"cat":"food","amt":1e+21,"day":"2026-4-10","io":"xfer"},{"id":"e2","ts":1775390400000,"cat":"food","amt":0.2,"day":"2026-4-5","io":"exp"},{"id":"e3","ts":1775390400000,"cat":"food","amt":0,"day":"2026-4-5"},{"id":"e4","ts":1775214000000,"cat":"food","amt":0.1,"day":"2026-4-3","io":"xfer"}]|1775390400000,2026-4-5
flat	[{"id":"e0","ts":1775822400000,"cat":"food","amt":0.2,"day":"2026-4-10","io":"inc"},{"id":"e1","ts":1775818800000,"cat":"food","amt":1e+21,"day":"2026-4-10","io":"xfer"},{"id":"e2","ts":1775390400000,"cat":"food","amt":0.2,"day":"2026-4-5","io":"exp"},{"id":"e3","ts":1775390400000,"cat":"food","amt":0,"day":"2026-4-5"},{"id":"e4","ts":1775214000000,"cat":"food","amt":0.1,"day":"2026-4-3","io":"xfer"}]|1775390400000,2026-4-5,1
group	[{"id":"e0","ts":1774702800000,"cat":"food","amt":-3.25,"day":"2026-3-29"},{"id":"e1","ts":1775908800000,"cat":"food","amt":0,"day":"2026-4-11","io":"inc"},{"id":"e2","ts":1775480400000,"cat":"food","amt":1e+21,"day":"2026-4-6","io":"xfer"},{"id":"e3","ts":1775563200000,"cat":"food","amt":12345.678,"day":"2026-4-7","io":"exp"}]|1775476800000,2026-4-6
flat	[{"id":"e0","ts":1774702800000,"cat":"food","amt":-3.25,"day":"2026-3-29"},{"id":"e1","ts":1775908800000,"cat":"food","amt":0,"day":"2026-4-11","io":"inc"},{"id":"e2","ts":1775480400000,"cat":"food","amt":1e+21,"day":"2026-4-6","io":"xfer"},{"id":"e3","ts":1775563200000,"cat":"food","amt":12345.678,"day":"2026-4-7","io":"exp"}]|1775476800000,2026-4-6,3
group	[{"id":"e0","ts":1787695200000,"cat":"food","amt":0,"day":"2026-8-26","io":"exp"},{"id":"e1","ts":1787000400000,"cat":"food","amt":1e-7,"day":"2026-8-18","io":"exp"},{"id":"e2","ts":1787691600000,"cat":"food","amt":-3.25,"day":"2026-8-26","io":"inc"},{"id":"e3","ts":1787781600000,"cat":"food","amt":-3.25,"day":"2026-8-27","io":"exp"}]|1787781600000,2026-8-27
flat	[{"id":"e0","ts":1787695200000,"cat":"food","amt":0,"day":"2026-8-26","io":"exp"},{"id":"e1","ts":1787000400000,"cat":"food","amt":1e-7,"day":"2026-8-18","io":"exp"},{"id":"e2","ts":1787691600000,"cat":"food","amt":-3.25,"day":"2026-8-26","io":"inc"},{"id":"e3","ts":1787781600000,"cat":"food","amt":-3.25,"day":"2026-8-27","io":"exp"}]|1787781600000,2026-8-27,2
group	[{"id":"e0","ts":1791374400000,"cat":"food","amt":1e+21,"day":"2026-10-7"},{"id":"e1","ts":1791637200000,"cat":"food","amt":0,"day":"2026-10-11","io":"xfer"}]|1791201600000,2026-10-5
flat	[{"id":"e0","ts":1791374400000,"cat":"food","amt":1e+21,"day":"2026-10-7"},{"id":"e1","ts":1791637200000,"cat":"food","amt":0,"day":"2026-10-11","io":"xfer"}]|1791201600000,2026-10-5,1
group	[{"id":"e0","ts":1775476800000,"cat":"food","amt":12345.678,"day":"2026-4-6","io":"xfer"},{"id":"e1","ts":1775912400000,"cat":"food","amt":1e+21,"day":"2026-4-11","io":"xfer"}]|1775476800000,2026-4-6
flat	[{"id":"e0","ts":1775476800000,"cat":"food","amt":12345.678,"day":"2026-4-6","io":"xfer"},{"id":"e1","ts":1775912400000,"cat":"food","amt":1e+21,"day":"2026-4-11","io":"xfer"}]|1775476800000,2026-4-6,1
group	[{"id":"e0","ts":1787713200000,"cat":"food","amt":1,"day":"2026-8-26","io":"exp"}]|1787713200000,2026-8-26
flat	[{"id":"e0","ts":1787713200000,"cat":"food","amt":1,"day":"2026-8-26","io":"exp"}]|1787713200000,2026-8-26,1
group	[]|1767229200000,2026-1-1
flat	[]|1767229200000,2026-1-1,4
group	[{"id":"e0","ts":1775390400000,"cat":"food","amt":12345.678,"day":"2026-4-5","io":"inc"},{"id":"e1","ts":1775304000000,"cat":"food","amt":-3.25,"day":"2026-4-4","io":"exp"}]|1775304000000,2026-4-4
flat	[{"id":"e0","ts":1775390400000,"cat":"food","amt":12345.678,"day":"2026-4-5","io":"inc"},{"id":"e1","ts":1775304000000,"cat":"food","amt":-3.25,"day":"2026-4-4","io":"exp"}]|1775304000000,2026-4-4,2
group	[{"id":"e0","ts":1791201600000,"cat":"food","amt":1,"day":"2026-10-5"},{"id":"e1","ts":1791633600000,"cat":"food","amt":-3.25,"day":"2026-10-10","io":"exp"},{"id":"e2","ts":1791201600000,"cat":"food","amt":0.2,"day":"2026-10-5","io":"exp"},{"id":"e3","ts":1791205200000,"cat":"food","amt":1e-7,"day":"2026-10-6"}]|1791201600000,2026-10-5
flat	[{"id":"e0","ts":1791201600000,"cat":"food","amt":1,"day":"2026-10-5"},{"id":"e1","ts":1791633600000,"cat":"food","amt":-3.25,"day":"2026-10-10","io":"exp"},{"id":"e2","ts":1791201600000,"cat":"food","amt":0.2,"day":"2026-10-5","io":"exp"},{"id":"e3","ts":1791205200000,"cat":"food","amt":1e-7,"day":"2026-10-6"}]|1791201600000,2026-10-5,3
group	[{"id":"e0","ts":1766412000000,"cat":"food","amt":-3.25,"day":"2025-12-23","io":"xfer"}]|1767186000000,2026-1-1
flat	[{"id":"e0","ts":1766412000000,"cat":"food","amt":-3.25,"day":"2025-12-23","io":"xfer"}]|1767186000000,2026-1-1,1
group	[]|1775304000000,2026-4-4
flat	[]|1775304000000,2026-4-4,1
group	[{"id":"e0","ts":1791115200000,"cat":"food","amt":1e-7,"day":"2026-10-4","io":"inc"},{"id":"e1","ts":1791025200000,"cat":"food","amt":1e-7,"day":"2026-10-3"}]|1791201600000,2026-10-5
flat	[{"id":"e0","ts":1791115200000,"cat":"food","amt":1e-7,"day":"2026-10-4","io":"inc"},{"id":"e1","ts":1791025200000,"cat":"food","amt":1e-7,"day":"2026-10-3"}]|1791201600000,2026-10-5,3
group	[{"id":"e0","ts":1791284400000,"cat":"food","amt":10.5,"day":"2026-10-6","io":"inc"}]|1791115200000,2026-10-4
flat	[{"id":"e0","ts":1791284400000,"cat":"food","amt":10.5,"day":"2026-10-6","io":"inc"}]|1791115200000,2026-10-4,3
group	[{"id":"e0","ts":1775480400000,"cat":"food","amt":1e+21,"day":"2026-4-6"},{"id":"e1","ts":1775304000000,"cat":"food","amt":0.1,"day":"2026-4-4","io":"xfer"},{"id":"e2","ts":1775818800000,"cat":"food","amt":12345.678,"day":"2026-4-10"}]|1775390400000,2026-4-5
flat	[{"id":"e0","ts":1775480400000,"cat":"food","amt":1e+21,"day":"2026-4-6"},{"id":"e1","ts":1775304000000,"cat":"food","amt":0.1,"day":"2026-4-4","io":"xfer"},{"id":"e2","ts":1775818800000,"cat":"food","amt":12345.678,"day":"2026-4-10"}]|1775390400000,2026-4-5,4
group	[{"id":"e0","ts":1791291600000,"cat":"food","amt":1e+21,"day":"2026-10-7","io":"exp"},{"id":"e1","ts":1790334000000,"cat":"food","amt":0.2,"day":"2026-9-25"},{"id":"e2","ts":1791115200000,"cat":"food","amt":0.2,"day":"2026-10-4"},{"id":"e3","ts":1790341200000,"cat":"food","amt":0.1,"day":"2026-9-25","io":"xfer"},{"id":"e4","ts":1791028800000,"cat":"food","amt":10.5,"day":"2026-10-3","io":"inc"},{"id":"e5","ts":1791115200000,"cat":"food","amt":1e-7,"day":"2026-10-4","io":"exp"},{"id":"e6","ts":1791025200000,"cat":"food","amt":-3.25,"day":"2026-10-3","io":"xfer"}]|1791115200000,2026-10-4
flat	[{"id":"e0","ts":1791291600000,"cat":"food","amt":1e+21,"day":"2026-10-7","io":"exp"},{"id":"e1","ts":1790334000000,"cat":"food","amt":0.2,"day":"2026-9-25"},{"id":"e2","ts":1791115200000,"cat":"food","amt":0.2,"day":"2026-10-4"},{"id":"e3","ts":1790341200000,"cat":"food","amt":0.1,"day":"2026-9-25","io":"xfer"},{"id":"e4","ts":1791028800000,"cat":"food","amt":10.5,"day":"2026-10-3","io":"inc"},{"id":"e5","ts":1791115200000,"cat":"food","amt":1e-7,"day":"2026-10-4","io":"exp"},{"id":"e6","ts":1791025200000,"cat":"food","amt":-3.25,"day":"2026-10-3","io":"xfer"}]|1791115200000,2026-10-4,4
group	[{"id":"e0","ts":1791374400000,"cat":"food","amt":10.5,"day":"2026-10-7","io":"inc"},{"id":"e1","ts":1791201600000,"cat":"food","amt":1e-7,"day":"2026-10-5"},{"id":"e2","ts":1791025200000,"cat":"food","amt":0.1,"day":"2026-10-3"},{"id":"e3","ts":1790427600000,"cat":"food","amt":1e-7,"day":"2026-9-26"}]|1791201600000,2026-10-5
flat	[{"id":"e0","ts":1791374400000,"cat":"food","amt":10.5,"day":"2026-10-7","io":"inc"},{"id":"e1","ts":1791201600000,"cat":"food","amt":1e-7,"day":"2026-10-5"},{"id":"e2","ts":1791025200000,"cat":"food","amt":0.1,"day":"2026-10-3"},{"id":"e3","ts":1790427600000,"cat":"food","amt":1e-7,"day":"2026-9-26"}]|1791201600000,2026-10-5,2
group	[{"id":"e0","ts":1791115200000,"cat":"food","amt":1e+21,"day":"2026-10-4","io":"xfer"},{"id":"e1","ts":1790942400000,"cat":"food","amt":1,"day":"2026-10-2","io":"xfer"},{"id":"e2","ts":1790859600000,"cat":"food","amt":0,"day":"2026-10-1"},{"id":"e3","ts":1790946000000,"cat":"food","amt":1e-7,"day":"2026-10-2","io":"xfer"},{"id":"e4","ts":1791115200000,"cat":"food","amt":12345.678,"day":"2026-10-4","io":"inc"},{"id":"e5","ts":1791028800000,"cat":"food","amt":0.1,"day":"2026-10-3","io":"inc"},{"id":"e6","ts":1791028800000,"cat":"food","amt":0,"day":"2026-10-3","io":"exp"}]|1791028800000,2026-10-3
flat	[{"id":"e0","ts":1791115200000,"cat":"food","amt":1e+21,"day":"2026-10-4","io":"xfer"},{"id":"e1","ts":1790942400000,"cat":"food","amt":1,"day":"2026-10-2","io":"xfer"},{"id":"e2","ts":1790859600000,"cat":"food","amt":0,"day":"2026-10-1"},{"id":"e3","ts":1790946000000,"cat":"food","amt":1e-7,"day":"2026-10-2","io":"xfer"},{"id":"e4","ts":1791115200000,"cat":"food","amt":12345.678,"day":"2026-10-4","io":"inc"},{"id":"e5","ts":1791028800000,"cat":"food","amt":0.1,"day":"2026-10-3","io":"inc"},{"id":"e6","ts":1791028800000,"cat":"food","amt":0,"day":"2026-10-3","io":"exp"}]|1791028800000,2026-10-3,1
group	[{"id":"e0","ts":1790251200000,"cat":"food","amt":0.2,"day":"2026-9-24"},{"id":"e1","ts":1790254800000,"cat":"food","amt":0.1,"day":"2026-9-24"},{"id":"e2","ts":1791028800000,"cat":"food","amt":0.2,"day":"2026-10-3","io":"xfer"},{"id":"e3","ts":1791198000000,"cat":"food","amt":0.1,"day":"2026-10-5"},{"id":"e4","ts":1791028800000,"cat":"food","amt":1,"day":"2026-10-3"},{"id":"e5","ts":1790859600000,"cat":"food","amt":0.2,"day":"2026-10-1","io":"xfer"}]|1791028800000,2026-10-3
flat	[{"id":"e0","ts":1790251200000,"cat":"food","amt":0.2,"day":"2026-9-24"},{"id":"e1","ts":1790254800000,"cat":"food","amt":0.1,"day":"2026-9-24"},{"id":"e2","ts":1791028800000,"cat":"food","amt":0.2,"day":"2026-10-3","io":"xfer"},{"id":"e3","ts":1791198000000,"cat":"food","amt":0.1,"day":"2026-10-5"},{"id":"e4","ts":1791028800000,"cat":"food","amt":1,"day":"2026-10-3"},{"id":"e5","ts":1790859600000,"cat":"food","amt":0.2,"day":"2026-10-1","io":"xfer"}]|1791028800000,2026-10-3,0
group	[{"id":"e0","ts":1774695600000,"cat":"food","amt":1,"day":"2026-3-28","io":"exp"}]|1775476800000,2026-4-6
flat	[{"id":"e0","ts":1774695600000,"cat":"food","amt":1,"day":"2026-3-28","io":"exp"}]|1775476800000,2026-4-6,2
group	[]|1787713200000,2026-8-26
flat	[]|1787713200000,2026-8-26,2
group	[{"id":"e0","ts":1791198000000,"cat":"food","amt":0.2,"day":"2026-10-5","io":"xfer"}]|1791115200000,2026-10-4
flat	[{"id":"e0","ts":1791198000000,"cat":"food","amt":0.2,"day":"2026-10-5","io":"xfer"}]|1791115200000,2026-10-4,1
group	[{"id":"e0","ts":1788213600000,"cat":"food","amt":0.1,"day":"2026-9-1","io":"exp"},{"id":"e1","ts":1787004000000,"cat":"food","amt":0.2,"day":"2026-8-18","io":"exp"},{"id":"e2","ts":1787958000000,"cat":"food","amt":0.2,"day":"2026-8-29","io":"exp"},{"id":"e3","ts":1787871600000,"cat":"food","amt":1e+21,"day":"2026-8-28"}]|1787781600000,2026-8-27
flat	[{"id":"e0","ts":1788213600000,"cat":"food","amt":0.1,"day":"2026-9-1","io":"exp"},{"id":"e1","ts":1787004000000,"cat":"food","amt":0.2,"day":"2026-8-18","io":"exp"},{"id":"e2","ts":1787958000000,"cat":"food","amt":0.2,"day":"2026-8-29","io":"exp"},{"id":"e3","ts":1787871600000,"cat":"food","amt":1e+21,"day":"2026-8-28"}]|1787781600000,2026-8-27,0
group	[{"id":"e0","ts":1767009600000,"cat":"food","amt":0,"day":"2025-12-29"}]|1767186000000,2026-1-1
flat	[{"id":"e0","ts":1767009600000,"cat":"food","amt":0,"day":"2025-12-29"}]|1767186000000,2026-1-1,4
group	[{"id":"e0","ts":1775300400000,"cat":"food","amt":1e+21,"day":"2026-4-4","io":"exp"},{"id":"e1","ts":1775217600000,"cat":"food","amt":0.2,"day":"2026-4-3","io":"exp"}]|1775304000000,2026-4-4
flat	[{"id":"e0","ts":1775300400000,"cat":"food","amt":1e+21,"day":"2026-4-4","io":"exp"},{"id":"e1","ts":1775217600000,"cat":"food","amt":0.2,"day":"2026-4-3","io":"exp"}]|1775304000000,2026-4-4,1
group	[{"id":"e0","ts":1774616400000,"cat":"food","amt":0,"day":"2026-3-28"}]|1775390400000,2026-4-5
flat	[{"id":"e0","ts":1774616400000,"cat":"food","amt":0,"day":"2026-3-28"}]|1775390400000,2026-4-5,2
group	[{"id":"e0","ts":1791291600000,"cat":"food","amt":1,"day":"2026-10-7","io":"exp"}]|1791201600000,2026-10-5
flat	[{"id":"e0","ts":1791291600000,"cat":"food","amt":1,"day":"2026-10-7","io":"exp"}]|1791201600000,2026-10-5,1
group	[{"id":"e0","ts":1790254800000,"cat":"food","amt":1e+21,"day":"2026-9-24","io":"inc"},{"id":"e1","ts":1791028800000,"cat":"food","amt":0.1,"day":"2026-10-3","io":"exp"},{"id":"e2","ts":1791032400000,"cat":"food","amt":10.5,"day":"2026-10-3","io":"inc"},{"id":"e3","ts":1791201600000,"cat":"food","amt":-3.25,"day":"2026-10-5","io":"xfer"},{"id":"e4","ts":1791032400000,"cat":"food","amt":1e+21,"day":"2026-10-3","io":"exp"},{"id":"e5","ts":1790856000000,"cat":"food","amt":12345.678,"day":"2026-10-1","io":"inc"}]|1791028800000,2026-10-3
flat	[{"id":"e0","ts":1790254800000,"cat":"food","amt":1e+21,"day":"2026-9-24","io":"inc"},{"id":"e1","ts":1791028800000,"cat":"food","amt":0.1,"day":"2026-10-3","io":"exp"},{"id":"e2","ts":1791032400000,"cat":"food","amt":10.5,"day":"2026-10-3","io":"inc"},{"id":"e3","ts":1791201600000,"cat":"food","amt":-3.25,"day":"2026-10-5","io":"xfer"},{"id":"e4","ts":1791032400000,"cat":"food","amt":1e+21,"day":"2026-10-3","io":"exp"},{"id":"e5","ts":1790856000000,"cat":"food","amt":12345.678,"day":"2026-10-1","io":"inc"}]|1791028800000,2026-10-3,1
group	[{"id":"e0","ts":1775646000000,"cat":"food","amt":1e-7,"day":"2026-4-8"},{"id":"e1","ts":1775480400000,"cat":"food","amt":12345.678,"day":"2026-4-6","io":"exp"},{"id":"e2","ts":1775480400000,"cat":"food","amt":1e-7,"day":"2026-4-6","io":"inc"}]|1775476800000,2026-4-6
flat	[{"id":"e0","ts":1775646000000,"cat":"food","amt":1e-7,"day":"2026-4-8"},{"id":"e1","ts":1775480400000,"cat":"food","amt":12345.678,"day":"2026-4-6","io":"exp"},{"id":"e2","ts":1775480400000,"cat":"food","amt":1e-7,"day":"2026-4-6","io":"inc"}]|1775476800000,2026-4-6,1
group	[{"id":"e0","ts":1787004000000,"cat":"food","amt":0,"day":"2026-8-18"},{"id":"e1","ts":1787608800000,"cat":"food","amt":1e-7,"day":"2026-8-25","io":"inc"},{"id":"e2","ts":1787954400000,"cat":"food","amt":1e+21,"day":"2026-8-29"},{"id":"e3","ts":1787868000000,"cat":"food","amt":-3.25,"day":"2026-8-28","io":"xfer"},{"id":"e4","ts":1787781600000,"cat":"food","amt":0.2,"day":"2026-8-27","io":"inc"}]|1787781600000,2026-8-27
flat	[{"id":"e0","ts":1787004000000,"cat":"food","amt":0,"day":"2026-8-18"},{"id":"e1","ts":1787608800000,"cat":"food","amt":1e-7,"day":"2026-8-25","io":"inc"},{"id":"e2","ts":1787954400000,"cat":"food","amt":1e+21,"day":"2026-8-29"},{"id":"e3","ts":1787868000000,"cat":"food","amt":-3.25,"day":"2026-8-28","io":"xfer"},{"id":"e4","ts":1787781600000,"cat":"food","amt":0.2,"day":"2026-8-27","io":"inc"}]|1787781600000,2026-8-27,1
group	[]|1787713200000,2026-8-26
flat	[]|1787713200000,2026-8-26,0
group	[{"id":"e0","ts":1786935600000,"cat":"food","amt":12345.678,"day":"2026-8-17","io":"xfer"},{"id":"e1","ts":1787803200000,"cat":"food","amt":10.5,"day":"2026-8-27"},{"id":"e2","ts":1787716800000,"cat":"food","amt":0.1,"day":"2026-8-26","io":"xfer"},{"id":"e3","ts":1786935600000,"cat":"food","amt":0.2,"day":"2026-8-17","io":"inc"},{"id":"e4","ts":1787709600000,"cat":"food","amt":0,"day":"2026-8-26","io":"xfer"},{"id":"e5","ts":1787623200000,"cat":"food","amt":1e+21,"day":"2026-8-25","io":"exp"},{"id":"e6","ts":1787886000000,"cat":"food","amt":10.5,"day":"2026-8-28","io":"exp"}]|1787713200000,2026-8-26
flat	[{"id":"e0","ts":1786935600000,"cat":"food","amt":12345.678,"day":"2026-8-17","io":"xfer"},{"id":"e1","ts":1787803200000,"cat":"food","amt":10.5,"day":"2026-8-27"},{"id":"e2","ts":1787716800000,"cat":"food","amt":0.1,"day":"2026-8-26","io":"xfer"},{"id":"e3","ts":1786935600000,"cat":"food","amt":0.2,"day":"2026-8-17","io":"inc"},{"id":"e4","ts":1787709600000,"cat":"food","amt":0,"day":"2026-8-26","io":"xfer"},{"id":"e5","ts":1787623200000,"cat":"food","amt":1e+21,"day":"2026-8-25","io":"exp"},{"id":"e6","ts":1787886000000,"cat":"food","amt":10.5,"day":"2026-8-28","io":"exp"}]|1787713200000,2026-8-26,3
group	[]|1791201600000,2026-10-5
flat	[]|1791201600000,2026-10-5,1
group	[{"id":"e0","ts":1790856000000,"cat":"food","amt":-3.25,"day":"2026-10-1"}]|1791028800000,2026-10-3
flat	[{"id":"e0","ts":1790856000000,"cat":"food","amt":-3.25,"day":"2026-10-1"}]|1791028800000,2026-10-3,2
group	[{"id":"e0","ts":1775473200000,"cat":"food","amt":0,"day":"2026-4-6"},{"id":"e1","ts":1775300400000,"cat":"food","amt":1e+21,"day":"2026-4-4","io":"xfer"},{"id":"e2","ts":1775908800000,"cat":"food","amt":0.1,"day":"2026-4-11","io":"exp"},{"id":"e3","ts":1775480400000,"cat":"food","amt":0.2,"day":"2026-4-6"}]|1775476800000,2026-4-6
flat	[{"id":"e0","ts":1775473200000,"cat":"food","amt":0,"day":"2026-4-6"},{"id":"e1","ts":1775300400000,"cat":"food","amt":1e+21,"day":"2026-4-4","io":"xfer"},{"id":"e2","ts":1775908800000,"cat":"food","amt":0.1,"day":"2026-4-11","io":"exp"},{"id":"e3","ts":1775480400000,"cat":"food","amt":0.2,"day":"2026-4-6"}]|1775476800000,2026-4-6,1
group	[]|1791115200000,2026-10-4
flat	[]|1791115200000,2026-10-4,2
group	[{"id":"e0","ts":1775563200000,"cat":"food","amt":0.2,"day":"2026-4-7"},{"id":"e1","ts":1775386800000,"cat":"food","amt":1e+21,"day":"2026-4-5"},{"id":"e2","ts":1775476800000,"cat":"food","amt":0,"day":"2026-4-6","io":"inc"}]|1775476800000,2026-4-6
flat	[{"id":"e0","ts":1775563200000,"cat":"food","amt":0.2,"day":"2026-4-7"},{"id":"e1","ts":1775386800000,"cat":"food","amt":1e+21,"day":"2026-4-5"},{"id":"e2","ts":1775476800000,"cat":"food","amt":0,"day":"2026-4-6","io":"inc"}]|1775476800000,2026-4-6,0
group	[{"id":"e0","ts":1775307600000,"cat":"food","amt":0,"day":"2026-4-5"},{"id":"e1","ts":1775304000000,"cat":"food","amt":0,"day":"2026-4-4","io":"exp"}]|1775304000000,2026-4-4
flat	[{"id":"e0","ts":1775307600000,"cat":"food","amt":0,"day":"2026-4-5"},{"id":"e1","ts":1775304000000,"cat":"food","amt":0,"day":"2026-4-4","io":"exp"}]|1775304000000,2026-4-4,0
group	[{"id":"e0","ts":1790337600000,"cat":"food","amt":0,"day":"2026-9-25"},{"id":"e1","ts":1791205200000,"cat":"food","amt":0,"day":"2026-10-6","io":"xfer"},{"id":"e2","ts":1791115200000,"cat":"food","amt":10.5,"day":"2026-10-4","io":"exp"},{"id":"e3","ts":1790942400000,"cat":"food","amt":1,"day":"2026-10-2","io":"inc"},{"id":"e4","ts":1791032400000,"cat":"food","amt":-3.25,"day":"2026-10-3","io":"exp"}]|1791115200000,2026-10-4
flat	[{"id":"e0","ts":1790337600000,"cat":"food","amt":0,"day":"2026-9-25"},{"id":"e1","ts":1791205200000,"cat":"food","amt":0,"day":"2026-10-6","io":"xfer"},{"id":"e2","ts":1791115200000,"cat":"food","amt":10.5,"day":"2026-10-4","io":"exp"},{"id":"e3","ts":1790942400000,"cat":"food","amt":1,"day":"2026-10-2","io":"inc"},{"id":"e4","ts":1791032400000,"cat":"food","amt":-3.25,"day":"2026-10-3","io":"exp"}]|1791115200000,2026-10-4,0
group	[{"id":"e0","ts":1791025200000,"cat":"food","amt":12345.678,"day":"2026-10-3"},{"id":"e1","ts":1791201600000,"cat":"food","amt":-3.25,"day":"2026-10-5","io":"xfer"},{"id":"e2","ts":1790427600000,"cat":"food","amt":1,"day":"2026-9-26","io":"inc"}]|1791201600000,2026-10-5
flat	[{"id":"e0","ts":1791025200000,"cat":"food","amt":12345.678,"day":"2026-10-3"},{"id":"e1","ts":1791201600000,"cat":"food","amt":-3.25,"day":"2026-10-5","io":"xfer"},{"id":"e2","ts":1790427600000,"cat":"food","amt":1,"day":"2026-9-26","io":"inc"}]|1791201600000,2026-10-5,0
group	[{"id":"e0","ts":1766455200000,"cat":"food","amt":1,"day":"2025-12-23"},{"id":"e1","ts":1767056400000,"cat":"food","amt":12345.678,"day":"2025-12-30"},{"id":"e2","ts":1767229200000,"cat":"food","amt":-3.25,"day":"2026-1-1","io":"exp"},{"id":"e3","ts":1767229200000,"cat":"food","amt":1,"day":"2026-1-1","io":"exp"},{"id":"e4","ts":1767315600000,"cat":"food","amt":0.1,"day":"2026-1-2","io":"exp"},{"id":"e5","ts":1767056400000,"cat":"food","amt":1e-7,"day":"2025-12-30"}]|1767229200000,2026-1-1
flat	[{"id":"e0","ts":1766455200000,"cat":"food","amt":1,"day":"2025-12-23"},{"id":"e1","ts":1767056400000,"cat":"food","amt":12345.678,"day":"2025-12-30"},{"id":"e2","ts":1767229200000,"cat":"food","amt":-3.25,"day":"2026-1-1","io":"exp"},{"id":"e3","ts":1767229200000,"cat":"food","amt":1,"day":"2026-1-1","io":"exp"},{"id":"e4","ts":1767315600000,"cat":"food","amt":0.1,"day":"2026-1-2","io":"exp"},{"id":"e5","ts":1767056400000,"cat":"food","amt":1e-7,"day":"2025-12-30"}]|1767229200000,2026-1-1,2
group	[{"id":"e0","ts":1791201600000,"cat":"food","amt":12345.678,"day":"2026-10-5","io":"inc"},{"id":"e1","ts":1791118800000,"cat":"food","amt":0.2,"day":"2026-10-5"},{"id":"e2","ts":1791118800000,"cat":"food","amt":0,"day":"2026-10-5"},{"id":"e3","ts":1791111600000,"cat":"food","amt":0.1,"day":"2026-10-4","io":"xfer"},{"id":"e4","ts":1791288000000,"cat":"food","amt":-3.25,"day":"2026-10-6","io":"exp"},{"id":"e5","ts":1790938800000,"cat":"food","amt":0,"day":"2026-10-2","io":"inc"},{"id":"e6","ts":1791115200000,"cat":"food","amt":0.1,"day":"2026-10-4","io":"inc"}]|1791115200000,2026-10-4
flat	[{"id":"e0","ts":1791201600000,"cat":"food","amt":12345.678,"day":"2026-10-5","io":"inc"},{"id":"e1","ts":1791118800000,"cat":"food","amt":0.2,"day":"2026-10-5"},{"id":"e2","ts":1791118800000,"cat":"food","amt":0,"day":"2026-10-5"},{"id":"e3","ts":1791111600000,"cat":"food","amt":0.1,"day":"2026-10-4","io":"xfer"},{"id":"e4","ts":1791288000000,"cat":"food","amt":-3.25,"day":"2026-10-6","io":"exp"},{"id":"e5","ts":1790938800000,"cat":"food","amt":0,"day":"2026-10-2","io":"inc"},{"id":"e6","ts":1791115200000,"cat":"food","amt":0.1,"day":"2026-10-4","io":"inc"}]|1791115200000,2026-10-4,2
group	[{"id":"e0","ts":1775476800000,"cat":"food","amt":-3.25,"day":"2026-4-6","io":"inc"},{"id":"e1","ts":1775653200000,"cat":"food","amt":-3.25,"day":"2026-4-8","io":"xfer"},{"id":"e2","ts":1775386800000,"cat":"food","amt":0.1,"day":"2026-4-5"},{"id":"e3","ts":1775559600000,"cat":"food","amt":1e-7,"day":"2026-4-7","io":"inc"}]|1775476800000,2026-4-6
flat	[{"id":"e0","ts":1775476800000,"cat":"food","amt":-3.25,"day":"2026-4-6","io":"inc"},{"id":"e1","ts":1775653200000,"cat":"food","amt":-3.25,"day":"2026-4-8","io":"xfer"},{"id":"e2","ts":1775386800000,"cat":"food","amt":0.1,"day":"2026-4-5"},{"id":"e3","ts":1775559600000,"cat":"food","amt":1e-7,"day":"2026-4-7","io":"inc"}]|1775476800000,2026-4-6,1
group	[]|1767229200000,2026-1-1
flat	[]|1767229200000,2026-1-1,0
group	[{"id":"e0","ts":1787785200000,"cat":"food","amt":12345.678,"day":"2026-8-27","io":"exp"},{"id":"e1","ts":1787868000000,"cat":"food","amt":12345.678,"day":"2026-8-28","io":"xfer"}]|1787781600000,2026-8-27
flat	[{"id":"e0","ts":1787785200000,"cat":"food","amt":12345.678,"day":"2026-8-27","io":"exp"},{"id":"e1","ts":1787868000000,"cat":"food","amt":12345.678,"day":"2026-8-28","io":"xfer"}]|1787781600000,2026-8-27,2
group	[]|1791028800000,2026-10-3
flat	[]|1791028800000,2026-10-3,0
group	[]|1775390400000,2026-4-5
flat	[]|1775390400000,2026-4-5,1
group	[{"id":"e0","ts":1790424000000,"cat":"food","amt":0.1,"day":"2026-9-26"},{"id":"e1","ts":1791633600000,"cat":"food","amt":0,"day":"2026-10-10"},{"id":"e2","ts":1791032400000,"cat":"food","amt":1e-7,"day":"2026-10-3","io":"inc"},{"id":"e3","ts":1791201600000,"cat":"food","amt":1e-7,"day":"2026-10-5","io":"exp"},{"id":"e4","ts":1790420400000,"cat":"food","amt":10.5,"day":"2026-9-26"}]|1791201600000,2026-10-5
flat	[{"id":"e0","ts":1790424000000,"cat":"food","amt":0.1,"day":"2026-9-26"},{"id":"e1","ts":1791633600000,"cat":"food","amt":0,"day":"2026-10-10"},{"id":"e2","ts":1791032400000,"cat":"food","amt":1e-7,"day":"2026-10-3","io":"inc"},{"id":"e3","ts":1791201600000,"cat":"food","amt":1e-7,"day":"2026-10-5","io":"exp"},{"id":"e4","ts":1790420400000,"cat":"food","amt":10.5,"day":"2026-9-26"}]|1791201600000,2026-10-5,2
group	[{"id":"e0","ts":1767362400000,"cat":"food","amt":1e+21,"day":"2026-1-3","io":"xfer"},{"id":"e1","ts":1767621600000,"cat":"food","amt":10.5,"day":"2026-1-6","io":"xfer"}]|1767186000000,2026-1-1
flat	[{"id":"e0","ts":1767362400000,"cat":"food","amt":1e+21,"day":"2026-1-3","io":"xfer"},{"id":"e1","ts":1767621600000,"cat":"food","amt":10.5,"day":"2026-1-6","io":"xfer"}]|1767186000000,2026-1-1,1
group	[{"id":"e0","ts":1787608800000,"cat":"food","amt":0.1,"day":"2026-8-25","io":"inc"},{"id":"e1","ts":1787781600000,"cat":"food","amt":1e-7,"day":"2026-8-27"},{"id":"e2","ts":1787778000000,"cat":"food","amt":10.5,"day":"2026-8-27","io":"inc"},{"id":"e3","ts":1788213600000,"cat":"food","amt":1,"day":"2026-9-1","io":"exp"},{"id":"e4","ts":1788213600000,"cat":"food","amt":0,"day":"2026-9-1","io":"exp"}]|1787781600000,2026-8-27
flat	[{"id":"e0","ts":1787608800000,"cat":"food","amt":0.1,"day":"2026-8-25","io":"inc"},{"id":"e1","ts":1787781600000,"cat":"food","amt":1e-7,"day":"2026-8-27"},{"id":"e2","ts":1787778000000,"cat":"food","amt":10.5,"day":"2026-8-27","io":"inc"},{"id":"e3","ts":1788213600000,"cat":"food","amt":1,"day":"2026-9-1","io":"exp"},{"id":"e4","ts":1788213600000,"cat":"food","amt":0,"day":"2026-9-1","io":"exp"}]|1787781600000,2026-8-27,4
group	[{"id":"e0","ts":1775304000000,"cat":"food","amt":1,"day":"2026-4-4"},{"id":"e1","ts":1774522800000,"cat":"food","amt":0,"day":"2026-3-26"},{"id":"e2","ts":1775736000000,"cat":"food","amt":1e-7,"day":"2026-4-9","io":"inc"},{"id":"e3","ts":1775390400000,"cat":"food","amt":0.1,"day":"2026-4-5"},{"id":"e4","ts":1775217600000,"cat":"food","amt":1,"day":"2026-4-3","io":"xfer"},{"id":"e5","ts":1774526400000,"cat":"food","amt":1e-7,"day":"2026-3-26","io":"inc"},{"id":"e6","ts":1775732400000,"cat":"food","amt":-3.25,"day":"2026-4-9","io":"xfer"}]|1775304000000,2026-4-4
flat	[{"id":"e0","ts":1775304000000,"cat":"food","amt":1,"day":"2026-4-4"},{"id":"e1","ts":1774522800000,"cat":"food","amt":0,"day":"2026-3-26"},{"id":"e2","ts":1775736000000,"cat":"food","amt":1e-7,"day":"2026-4-9","io":"inc"},{"id":"e3","ts":1775390400000,"cat":"food","amt":0.1,"day":"2026-4-5"},{"id":"e4","ts":1775217600000,"cat":"food","amt":1,"day":"2026-4-3","io":"xfer"},{"id":"e5","ts":1774526400000,"cat":"food","amt":1e-7,"day":"2026-3-26","io":"inc"},{"id":"e6","ts":1775732400000,"cat":"food","amt":-3.25,"day":"2026-4-9","io":"xfer"}]|1775304000000,2026-4-4,3
group	[{"id":"e0","ts":1787626800000,"cat":"food","amt":1e-7,"day":"2026-8-25","io":"inc"},{"id":"e1","ts":1787540400000,"cat":"food","amt":1e-7,"day":"2026-8-24","io":"exp"}]|1787713200000,2026-8-26
flat	[{"id":"e0","ts":1787626800000,"cat":"food","amt":1e-7,"day":"2026-8-25","io":"inc"},{"id":"e1","ts":1787540400000,"cat":"food","amt":1e-7,"day":"2026-8-24","io":"exp"}]|1787713200000,2026-8-26,1
group	[{"id":"e0","ts":1791205200000,"cat":"food","amt":0,"day":"2026-10-6","io":"exp"}]|1791201600000,2026-10-5
flat	[{"id":"e0","ts":1791205200000,"cat":"food","amt":0,"day":"2026-10-6","io":"exp"}]|1791201600000,2026-10-5,3
group	[{"id":"e0","ts":1787778000000,"cat":"food","amt":-3.25,"day":"2026-8-27","io":"exp"},{"id":"e1","ts":1787864400000,"cat":"food","amt":0.1,"day":"2026-8-28","io":"inc"},{"id":"e2","ts":1787954400000,"cat":"food","amt":0,"day":"2026-8-29","io":"xfer"},{"id":"e3","ts":1787000400000,"cat":"food","amt":0,"day":"2026-8-18"},{"id":"e4","ts":1787698800000,"cat":"food","amt":0,"day":"2026-8-26","io":"inc"}]|1787781600000,2026-8-27
flat	[{"id":"e0","ts":1787778000000,"cat":"food","amt":-3.25,"day":"2026-8-27","io":"exp"},{"id":"e1","ts":1787864400000,"cat":"food","amt":0.1,"day":"2026-8-28","io":"inc"},{"id":"e2","ts":1787954400000,"cat":"food","amt":0,"day":"2026-8-29","io":"xfer"},{"id":"e3","ts":1787000400000,"cat":"food","amt":0,"day":"2026-8-18"},{"id":"e4","ts":1787698800000,"cat":"food","amt":0,"day":"2026-8-26","io":"inc"}]|1787781600000,2026-8-27,3
group	[{"id":"e0","ts":1791288000000,"cat":"food","amt":-3.25,"day":"2026-10-6","io":"xfer"},{"id":"e1","ts":1790427600000,"cat":"food","amt":-3.25,"day":"2026-9-26","io":"xfer"},{"id":"e2","ts":1791115200000,"cat":"food","amt":0,"day":"2026-10-4","io":"xfer"},{"id":"e3","ts":1791637200000,"cat":"food","amt":0,"day":"2026-10-11","io":"inc"},{"id":"e4","ts":1790427600000,"cat":"food","amt":1,"day":"2026-9-26","io":"xfer"},{"id":"e5","ts":1791288000000,"cat":"food","amt":0.2,"day":"2026-10-6","io":"inc"},{"id":"e6","ts":1791201600000,"cat":"food","amt":1,"day":"2026-10-5","io":"xfer"}]|1791201600000,2026-10-5
flat	[{"id":"e0","ts":1791288000000,"cat":"food","amt":-3.25,"day":"2026-10-6","io":"xfer"},{"id":"e1","ts":1790427600000,"cat":"food","amt":-3.25,"day":"2026-9-26","io":"xfer"},{"id":"e2","ts":1791115200000,"cat":"food","amt":0,"day":"2026-10-4","io":"xfer"},{"id":"e3","ts":1791637200000,"cat":"food","amt":0,"day":"2026-10-11","io":"inc"},{"id":"e4","ts":1790427600000,"cat":"food","amt":1,"day":"2026-9-26","io":"xfer"},{"id":"e5","ts":1791288000000,"cat":"food","amt":0.2,"day":"2026-10-6","io":"inc"},{"id":"e6","ts":1791201600000,"cat":"food","amt":1,"day":"2026-10-5","io":"xfer"}]|1791201600000,2026-10-5,3
group	[{"id":"e0","ts":1775386800000,"cat":"food","amt":-3.25,"day":"2026-4-5","io":"inc"},{"id":"e1","ts":1774699200000,"cat":"food","amt":0.1,"day":"2026-3-28"},{"id":"e2","ts":1775476800000,"cat":"food","amt":1e+21,"day":"2026-4-6","io":"xfer"}]|1775476800000,2026-4-6
flat	[{"id":"e0","ts":1775386800000,"cat":"food","amt":-3.25,"day":"2026-4-5","io":"inc"},{"id":"e1","ts":1774699200000,"cat":"food","amt":0.1,"day":"2026-3-28"},{"id":"e2","ts":1775476800000,"cat":"food","amt":1e+21,"day":"2026-4-6","io":"xfer"}]|1775476800000,2026-4-6,4
group	[{"id":"e0","ts":1787954400000,"cat":"food","amt":1e-7,"day":"2026-8-29"},{"id":"e1","ts":1787004000000,"cat":"food","amt":10.5,"day":"2026-8-18","io":"exp"},{"id":"e2","ts":1787778000000,"cat":"food","amt":10.5,"day":"2026-8-27","io":"inc"},{"id":"e3","ts":1787954400000,"cat":"food","amt":0.1,"day":"2026-8-29"}]|1787781600000,2026-8-27
flat	[{"id":"e0","ts":1787954400000,"cat":"food","amt":1e-7,"day":"2026-8-29"},{"id":"e1","ts":1787004000000,"cat":"food","amt":10.5,"day":"2026-8-18","io":"exp"},{"id":"e2","ts":1787778000000,"cat":"food","amt":10.5,"day":"2026-8-27","io":"inc"},{"id":"e3","ts":1787954400000,"cat":"food","amt":0.1,"day":"2026-8-29"}]|1787781600000,2026-8-27,1
group	[{"id":"e0","ts":1775307600000,"cat":"food","amt":0.2,"day":"2026-4-5"},{"id":"e1","ts":1775390400000,"cat":"food","amt":12345.678,"day":"2026-4-5","io":"inc"}]|1775390400000,2026-4-5
flat	[{"id":"e0","ts":1775307600000,"cat":"food","amt":0.2,"day":"2026-4-5"},{"id":"e1","ts":1775390400000,"cat":"food","amt":12345.678,"day":"2026-4-5","io":"inc"}]|1775390400000,2026-4-5,1
group	[{"id":"e0","ts":1775480400000,"cat":"food","amt":0,"day":"2026-4-6","io":"inc"},{"id":"e1","ts":1775131200000,"cat":"food","amt":1e+21,"day":"2026-4-2"},{"id":"e2","ts":1775390400000,"cat":"food","amt":1e-7,"day":"2026-4-5","io":"inc"},{"id":"e3","ts":1775304000000,"cat":"food","amt":0.1,"day":"2026-4-4","io":"xfer"}]|1775304000000,2026-4-4
flat	[{"id":"e0","ts":1775480400000,"cat":"food","amt":0,"day":"2026-4-6","io":"inc"},{"id":"e1","ts":1775131200000,"cat":"food","amt":1e+21,"day":"2026-4-2"},{"id":"e2","ts":1775390400000,"cat":"food","amt":1e-7,"day":"2026-4-5","io":"inc"},{"id":"e3","ts":1775304000000,"cat":"food","amt":0.1,"day":"2026-4-4","io":"xfer"}]|1775304000000,2026-4-4,1
group	[]|1775476800000,2026-4-6
flat	[]|1775476800000,2026-4-6,1
group	[{"id":"e0","ts":1787000400000,"cat":"food","amt":0.2,"day":"2026-8-18","io":"inc"},{"id":"e1","ts":1788217200000,"cat":"food","amt":12345.678,"day":"2026-9-1","io":"xfer"},{"id":"e2","ts":1787785200000,"cat":"food","amt":0,"day":"2026-8-27","io":"xfer"}]|1787781600000,2026-8-27
flat	[{"id":"e0","ts":1787000400000,"cat":"food","amt":0.2,"day":"2026-8-18","io":"inc"},{"id":"e1","ts":1788217200000,"cat":"food","amt":12345.678,"day":"2026-9-1","io":"xfer"},{"id":"e2","ts":1787785200000,"cat":"food","amt":0,"day":"2026-8-27","io":"xfer"}]|1787781600000,2026-8-27,0
group	[{"id":"e0","ts":1791118800000,"cat":"food","amt":10.5,"day":"2026-10-5","io":"exp"}]|1791028800000,2026-10-3
flat	[{"id":"e0","ts":1791118800000,"cat":"food","amt":10.5,"day":"2026-10-5","io":"exp"}]|1791028800000,2026-10-3,2
group	[{"id":"e0","ts":1775566800000,"cat":"food","amt":1e-7,"day":"2026-4-7","io":"inc"},{"id":"e1","ts":1775908800000,"cat":"food","amt":0.2,"day":"2026-4-11"},{"id":"e2","ts":1775476800000,"cat":"food","amt":0,"day":"2026-4-6","io":"xfer"},{"id":"e3","ts":1775476800000,"cat":"food","amt":1,"day":"2026-4-6","io":"xfer"}]|1775476800000,2026-4-6
flat	[{"id":"e0","ts":1775566800000,"cat":"food","amt":1e-7,"day":"2026-4-7","io":"inc"},{"id":"e1","ts":1775908800000,"cat":"food","amt":0.2,"day":"2026-4-11"},{"id":"e2","ts":1775476800000,"cat":"food","amt":0,"day":"2026-4-6","io":"xfer"},{"id":"e3","ts":1775476800000,"cat":"food","amt":1,"day":"2026-4-6","io":"xfer"}]|1775476800000,2026-4-6,1
group	[{"id":"e0","ts":1791205200000,"cat":"food","amt":1e-7,"day":"2026-10-6"},{"id":"e1","ts":1791025200000,"cat":"food","amt":1e+21,"day":"2026-10-3"}]|1791201600000,2026-10-5
flat	[{"id":"e0","ts":1791205200000,"cat":"food","amt":1e-7,"day":"2026-10-6"},{"id":"e1","ts":1791025200000,"cat":"food","amt":1e+21,"day":"2026-10-3"}]|1791201600000,2026-10-5,2
group	[{"id":"e0","ts":1775217600000,"cat":"food","amt":10.5,"day":"2026-4-3","io":"exp"}]|1775304000000,2026-4-4
flat	[{"id":"e0","ts":1775217600000,"cat":"food","amt":10.5,"day":"2026-4-3","io":"exp"}]|1775304000000,2026-4-4,4
group	[{"id":"e0","ts":1767657600000,"cat":"food","amt":1e+21,"day":"2026-1-6","io":"inc"},{"id":"e1","ts":1767225600000,"cat":"food","amt":0.1,"day":"2026-1-1","io":"xfer"},{"id":"e2","ts":1767229200000,"cat":"food","amt":0,"day":"2026-1-1","io":"xfer"},{"id":"e3","ts":1767232800000,"cat":"food","amt":10.5,"day":"2026-1-1","io":"xfer"},{"id":"e4","ts":1767056400000,"cat":"food","amt":1e+21,"day":"2025-12-30","io":"exp"}]|1767229200000,2026-1-1
flat	[{"id":"e0","ts":1767657600000,"cat":"food","amt":1e+21,"day":"2026-1-6","io":"inc"},{"id":"e1","ts":1767225600000,"cat":"food","amt":0.1,"day":"2026-1-1","io":"xfer"},{"id":"e2","ts":1767229200000,"cat":"food","amt":0,"day":"2026-1-1","io":"xfer"},{"id":"e3","ts":1767232800000,"cat":"food","amt":10.5,"day":"2026-1-1","io":"xfer"},{"id":"e4","ts":1767056400000,"cat":"food","amt":1e+21,"day":"2025-12-30","io":"exp"}]|1767229200000,2026-1-1,0
group	[{"id":"e0","ts":1787781600000,"cat":"food","amt":1,"day":"2026-8-27"},{"id":"e1","ts":1788217200000,"cat":"food","amt":0.1,"day":"2026-9-1"},{"id":"e2","ts":1787781600000,"cat":"food","amt":12345.678,"day":"2026-8-27","io":"inc"},{"id":"e3","ts":1787785200000,"cat":"food","amt":1e+21,"day":"2026-8-27"},{"id":"e4","ts":1787004000000,"cat":"food","amt":12345.678,"day":"2026-8-18","io":"inc"},{"id":"e5","ts":1787781600000,"cat":"food","amt":1e-7,"day":"2026-8-27"}]|1787781600000,2026-8-27
flat	[{"id":"e0","ts":1787781600000,"cat":"food","amt":1,"day":"2026-8-27"},{"id":"e1","ts":1788217200000,"cat":"food","amt":0.1,"day":"2026-9-1"},{"id":"e2","ts":1787781600000,"cat":"food","amt":12345.678,"day":"2026-8-27","io":"inc"},{"id":"e3","ts":1787785200000,"cat":"food","amt":1e+21,"day":"2026-8-27"},{"id":"e4","ts":1787004000000,"cat":"food","amt":12345.678,"day":"2026-8-18","io":"inc"},{"id":"e5","ts":1787781600000,"cat":"food","amt":1e-7,"day":"2026-8-27"}]|1787781600000,2026-8-27,1
group	[{"id":"e0","ts":1790859600000,"cat":"food","amt":0,"day":"2026-10-1"},{"id":"e1","ts":1791028800000,"cat":"food","amt":0.2,"day":"2026-10-3","io":"xfer"},{"id":"e2","ts":1791028800000,"cat":"food","amt":-3.25,"day":"2026-10-3","io":"exp"},{"id":"e3","ts":1790251200000,"cat":"food","amt":0,"day":"2026-9-24","io":"inc"}]|1791028800000,2026-10-3
flat	[{"id":"e0","ts":1790859600000,"cat":"food","amt":0,"day":"2026-10-1"},{"id":"e1","ts":1791028800000,"cat":"food","amt":0.2,"day":"2026-10-3","io":"xfer"},{"id":"e2","ts":1791028800000,"cat":"food","amt":-3.25,"day":"2026-10-3","io":"exp"},{"id":"e3","ts":1790251200000,"cat":"food","amt":0,"day":"2026-9-24","io":"inc"}]|1791028800000,2026-10-3,1
group	[{"id":"e0","ts":1767139200000,"cat":"food","amt":0,"day":"2025-12-31","io":"exp"},{"id":"e1","ts":1767056400000,"cat":"food","amt":1,"day":"2025-12-30","io":"xfer"},{"id":"e2","ts":1767225600000,"cat":"food","amt":12345.678,"day":"2026-1-1","io":"exp"},{"id":"e3","ts":1767312000000,"cat":"food","amt":-3.25,"day":"2026-1-2","io":"exp"},{"id":"e4","ts":1767139200000,"cat":"food","amt":0.1,"day":"2025-12-31","io":"xfer"}]|1767229200000,2026-1-1
flat	[{"id":"e0","ts":1767139200000,"cat":"food","amt":0,"day":"2025-12-31","io":"exp"},{"id":"e1","ts":1767056400000,"cat":"food","amt":1,"day":"2025-12-30","io":"xfer"},{"id":"e2","ts":1767225600000,"cat":"food","amt":12345.678,"day":"2026-1-1","io":"exp"},{"id":"e3","ts":1767312000000,"cat":"food","amt":-3.25,"day":"2026-1-2","io":"exp"},{"id":"e4","ts":1767139200000,"cat":"food","amt":0.1,"day":"2025-12-31","io":"xfer"}]|1767229200000,2026-1-1,4
group	[{"id":"e0","ts":1767398400000,"cat":"food","amt":1,"day":"2026-1-3","io":"exp"},{"id":"e1","ts":1767312000000,"cat":"food","amt":1e+21,"day":"2026-1-2"},{"id":"e2","ts":1767232800000,"cat":"food","amt":1,"day":"2026-1-1","io":"inc"},{"id":"e3","ts":1767229200000,"cat":"food","amt":0,"day":"2026-1-1","io":"inc"},{"id":"e4","ts":1767664800000,"cat":"food","amt":0,"day":"2026-1-6","io":"exp"},{"id":"e5","ts":1767229200000,"cat":"food","amt":12345.678,"day":"2026-1-1","io":"xfer"}]|1767229200000,2026-1-1
flat	[{"id":"e0","ts":1767398400000,"cat":"food","amt":1,"day":"2026-1-3","io":"exp"},{"id":"e1","ts":1767312000000,"cat":"food","amt":1e+21,"day":"2026-1-2"},{"id":"e2","ts":1767232800000,"cat":"food","amt":1,"day":"2026-1-1","io":"inc"},{"id":"e3","ts":1767229200000,"cat":"food","amt":0,"day":"2026-1-1","io":"inc"},{"id":"e4","ts":1767664800000,"cat":"food","amt":0,"day":"2026-1-6","io":"exp"},{"id":"e5","ts":1767229200000,"cat":"food","amt":12345.678,"day":"2026-1-1","io":"xfer"}]|1767229200000,2026-1-1,0
group	[{"id":"e0","ts":1790942400000,"cat":"food","amt":0.2,"day":"2026-10-2"},{"id":"e1","ts":1791291600000,"cat":"food","amt":0,"day":"2026-10-7","io":"xfer"},{"id":"e2","ts":1791550800000,"cat":"food","amt":-3.25,"day":"2026-10-10","io":"inc"},{"id":"e3","ts":1791028800000,"cat":"food","amt":0.2,"day":"2026-10-3","io":"exp"},{"id":"e4","ts":1791201600000,"cat":"food","amt":1,"day":"2026-10-5","io":"inc"},{"id":"e5","ts":1790942400000,"cat":"food","amt":-3.25,"day":"2026-10-2","io":"exp"}]|1791115200000,2026-10-4
flat	[{"id":"e0","ts":1790942400000,"cat":"food","amt":0.2,"day":"2026-10-2"},{"id":"e1","ts":1791291600000,"cat":"food","amt":0,"day":"2026-10-7","io":"xfer"},{"id":"e2","ts":1791550800000,"cat":"food","amt":-3.25,"day":"2026-10-10","io":"inc"},{"id":"e3","ts":1791028800000,"cat":"food","amt":0.2,"day":"2026-10-3","io":"exp"},{"id":"e4","ts":1791201600000,"cat":"food","amt":1,"day":"2026-10-5","io":"inc"},{"id":"e5","ts":1790942400000,"cat":"food","amt":-3.25,"day":"2026-10-2","io":"exp"}]|1791115200000,2026-10-4,2
group	[]|1775304000000,2026-4-4
flat	[]|1775304000000,2026-4-4,3
group	[]|1775390400000,2026-4-5
flat	[]|1775390400000,2026-4-5,2
group	[{"id":"e0","ts":1791201600000,"cat":"food","amt":-3.25,"day":"2026-10-5","io":"inc"},{"id":"e1","ts":1791201600000,"cat":"food","amt":0.1,"day":"2026-10-5","io":"inc"},{"id":"e2","ts":1790424000000,"cat":"food","amt":0,"day":"2026-9-26","io":"inc"},{"id":"e3","ts":1791201600000,"cat":"food","amt":1,"day":"2026-10-5","io":"exp"}]|1791201600000,2026-10-5
flat	[{"id":"e0","ts":1791201600000,"cat":"food","amt":-3.25,"day":"2026-10-5","io":"inc"},{"id":"e1","ts":1791201600000,"cat":"food","amt":0.1,"day":"2026-10-5","io":"inc"},{"id":"e2","ts":1790424000000,"cat":"food","amt":0,"day":"2026-9-26","io":"inc"},{"id":"e3","ts":1791201600000,"cat":"food","amt":1,"day":"2026-10-5","io":"exp"}]|1791201600000,2026-10-5,1
group	[{"id":"e0","ts":1787626800000,"cat":"food","amt":0,"day":"2026-8-25"},{"id":"e1","ts":1787713200000,"cat":"food","amt":0.2,"day":"2026-8-26"}]|1787713200000,2026-8-26
flat	[{"id":"e0","ts":1787626800000,"cat":"food","amt":0,"day":"2026-8-25"},{"id":"e1","ts":1787713200000,"cat":"food","amt":0.2,"day":"2026-8-26"}]|1787713200000,2026-8-26,3
group	[{"id":"e0","ts":1774695600000,"cat":"food","amt":-3.25,"day":"2026-3-28","io":"xfer"}]|1775476800000,2026-4-6
flat	[{"id":"e0","ts":1774695600000,"cat":"food","amt":-3.25,"day":"2026-3-28","io":"xfer"}]|1775476800000,2026-4-6,0
group	[{"id":"e0","ts":1791201600000,"cat":"food","amt":0,"day":"2026-10-5","io":"inc"},{"id":"e1","ts":1790856000000,"cat":"food","amt":1e-7,"day":"2026-10-1","io":"inc"},{"id":"e2","ts":1790942400000,"cat":"food","amt":0.1,"day":"2026-10-2","io":"xfer"},{"id":"e3","ts":1791025200000,"cat":"food","amt":0,"day":"2026-10-3","io":"xfer"},{"id":"e4","ts":1791460800000,"cat":"food","amt":1,"day":"2026-10-8","io":"exp"},{"id":"e5","ts":1791115200000,"cat":"food","amt":0,"day":"2026-10-4","io":"xfer"}]|1791028800000,2026-10-3
flat	[{"id":"e0","ts":1791201600000,"cat":"food","amt":0,"day":"2026-10-5","io":"inc"},{"id":"e1","ts":1790856000000,"cat":"food","amt":1e-7,"day":"2026-10-1","io":"inc"},{"id":"e2","ts":1790942400000,"cat":"food","amt":0.1,"day":"2026-10-2","io":"xfer"},{"id":"e3","ts":1791025200000,"cat":"food","amt":0,"day":"2026-10-3","io":"xfer"},{"id":"e4","ts":1791460800000,"cat":"food","amt":1,"day":"2026-10-8","io":"exp"},{"id":"e5","ts":1791115200000,"cat":"food","amt":0,"day":"2026-10-4","io":"xfer"}]|1791028800000,2026-10-3,4
group	[{"id":"e0","ts":1775646000000,"cat":"food","amt":0.1,"day":"2026-4-8","io":"exp"},{"id":"e1","ts":1775566800000,"cat":"food","amt":0,"day":"2026-4-7","io":"exp"}]|1775476800000,2026-4-6
flat	[{"id":"e0","ts":1775646000000,"cat":"food","amt":0.1,"day":"2026-4-8","io":"exp"},{"id":"e1","ts":1775566800000,"cat":"food","amt":0,"day":"2026-4-7","io":"exp"}]|1775476800000,2026-4-6,1
group	[{"id":"e0","ts":1790938800000,"cat":"food","amt":0,"day":"2026-10-2"}]|1791028800000,2026-10-3
flat	[{"id":"e0","ts":1790938800000,"cat":"food","amt":0,"day":"2026-10-2"}]|1791028800000,2026-10-3,2
group	[{"id":"e0","ts":1775653200000,"cat":"food","amt":12345.678,"day":"2026-4-8","io":"inc"},{"id":"e1","ts":1775394000000,"cat":"food","amt":0,"day":"2026-4-5","io":"exp"},{"id":"e2","ts":1775476800000,"cat":"food","amt":10.5,"day":"2026-4-6","io":"inc"},{"id":"e3","ts":1775386800000,"cat":"food","amt":0.2,"day":"2026-4-5","io":"exp"}]|1775476800000,2026-4-6
flat	[{"id":"e0","ts":1775653200000,"cat":"food","amt":12345.678,"day":"2026-4-8","io":"inc"},{"id":"e1","ts":1775394000000,"cat":"food","amt":0,"day":"2026-4-5","io":"exp"},{"id":"e2","ts":1775476800000,"cat":"food","amt":10.5,"day":"2026-4-6","io":"inc"},{"id":"e3","ts":1775386800000,"cat":"food","amt":0.2,"day":"2026-4-5","io":"exp"}]|1775476800000,2026-4-6,3
group	[{"id":"e0","ts":1775386800000,"cat":"food","amt":1e+21,"day":"2026-4-5","io":"xfer"}]|1775304000000,2026-4-4
flat	[{"id":"e0","ts":1775386800000,"cat":"food","amt":1e+21,"day":"2026-4-5","io":"xfer"}]|1775304000000,2026-4-4,1
group	[{"id":"e0","ts":1775307600000,"cat":"food","amt":0,"day":"2026-4-5"},{"id":"e1","ts":1775473200000,"cat":"food","amt":0.1,"day":"2026-4-6","io":"xfer"},{"id":"e2","ts":1775818800000,"cat":"food","amt":1,"day":"2026-4-10","io":"inc"},{"id":"e3","ts":1775394000000,"cat":"food","amt":0.1,"day":"2026-4-5","io":"inc"}]|1775390400000,2026-4-5
flat	[{"id":"e0","ts":1775307600000,"cat":"food","amt":0,"day":"2026-4-5"},{"id":"e1","ts":1775473200000,"cat":"food","amt":0.1,"day":"2026-4-6","io":"xfer"},{"id":"e2","ts":1775818800000,"cat":"food","amt":1,"day":"2026-4-10","io":"inc"},{"id":"e3","ts":1775394000000,"cat":"food","amt":0.1,"day":"2026-4-5","io":"inc"}]|1775390400000,2026-4-5,4
group	[{"id":"e0","ts":1791115200000,"cat":"food","amt":-3.25,"day":"2026-10-4","io":"xfer"},{"id":"e1","ts":1791201600000,"cat":"food","amt":1e+21,"day":"2026-10-5"},{"id":"e2","ts":1790942400000,"cat":"food","amt":1e+21,"day":"2026-10-2"},{"id":"e3","ts":1790942400000,"cat":"food","amt":0,"day":"2026-10-2","io":"inc"}]|1791115200000,2026-10-4
flat	[{"id":"e0","ts":1791115200000,"cat":"food","amt":-3.25,"day":"2026-10-4","io":"xfer"},{"id":"e1","ts":1791201600000,"cat":"food","amt":1e+21,"day":"2026-10-5"},{"id":"e2","ts":1790942400000,"cat":"food","amt":1e+21,"day":"2026-10-2"},{"id":"e3","ts":1790942400000,"cat":"food","amt":0,"day":"2026-10-2","io":"inc"}]|1791115200000,2026-10-4,1
group	[{"id":"e0","ts":1791198000000,"cat":"food","amt":-3.25,"day":"2026-10-5","io":"xfer"},{"id":"e1","ts":1791198000000,"cat":"food","amt":1e+21,"day":"2026-10-5","io":"xfer"},{"id":"e2","ts":1790427600000,"cat":"food","amt":0.2,"day":"2026-9-26","io":"exp"},{"id":"e3","ts":1791118800000,"cat":"food","amt":1e-7,"day":"2026-10-5","io":"xfer"},{"id":"e4","ts":1791633600000,"cat":"food","amt":1e+21,"day":"2026-10-10"}]|1791201600000,2026-10-5
flat	[{"id":"e0","ts":1791198000000,"cat":"food","amt":-3.25,"day":"2026-10-5","io":"xfer"},{"id":"e1","ts":1791198000000,"cat":"food","amt":1e+21,"day":"2026-10-5","io":"xfer"},{"id":"e2","ts":1790427600000,"cat":"food","amt":0.2,"day":"2026-9-26","io":"exp"},{"id":"e3","ts":1791118800000,"cat":"food","amt":1e-7,"day":"2026-10-5","io":"xfer"},{"id":"e4","ts":1791633600000,"cat":"food","amt":1e+21,"day":"2026-10-10"}]|1791201600000,2026-10-5,1
group	[{"id":"e0","ts":1767139200000,"cat":"food","amt":1e+21,"day":"2025-12-31","io":"xfer"},{"id":"e1","ts":1767139200000,"cat":"food","amt":0,"day":"2025-12-31","io":"inc"}]|1767229200000,2026-1-1
flat	[{"id":"e0","ts":1767139200000,"cat":"food","amt":1e+21,"day":"2025-12-31","io":"xfer"},{"id":"e1","ts":1767139200000,"cat":"food","amt":0,"day":"2025-12-31","io":"inc"}]|1767229200000,2026-1-1,4
group	[{"id":"e0","ts":1790856000000,"cat":"food","amt":0,"day":"2026-10-1","io":"xfer"},{"id":"e1","ts":1790247600000,"cat":"food","amt":1e+21,"day":"2026-9-24","io":"exp"},{"id":"e2","ts":1790856000000,"cat":"food","amt":0.1,"day":"2026-10-1"},{"id":"e3","ts":1791028800000,"cat":"food","amt":0.2,"day":"2026-10-3"},{"id":"e4","ts":1791464400000,"cat":"food","amt":12345.678,"day":"2026-10-9"},{"id":"e5","ts":1791025200000,"cat":"food","amt":0,"day":"2026-10-3","io":"xfer"}]|1791028800000,2026-10-3
flat	[{"id":"e0","ts":1790856000000,"cat":"food","amt":0,"day":"2026-10-1","io":"xfer"},{"id":"e1","ts":1790247600000,"cat":"food","amt":1e+21,"day":"2026-9-24","io":"exp"},{"id":"e2","ts":1790856000000,"cat":"food","amt":0.1,"day":"2026-10-1"},{"id":"e3","ts":1791028800000,"cat":"food","amt":0.2,"day":"2026-10-3"},{"id":"e4","ts":1791464400000,"cat":"food","amt":12345.678,"day":"2026-10-9"},{"id":"e5","ts":1791025200000,"cat":"food","amt":0,"day":"2026-10-3","io":"xfer"}]|1791028800000,2026-10-3,3
group	[{"id":"e0","ts":1791291600000,"cat":"food","amt":1e+21,"day":"2026-10-7","io":"xfer"}]|1791115200000,2026-10-4
flat	[{"id":"e0","ts":1791291600000,"cat":"food","amt":1e+21,"day":"2026-10-7","io":"xfer"}]|1791115200000,2026-10-4,2
group	[{"id":"e0","ts":1767099600000,"cat":"food","amt":0,"day":"2025-12-31","io":"xfer"},{"id":"e1","ts":1767621600000,"cat":"food","amt":10.5,"day":"2026-1-6"}]|1767186000000,2026-1-1
flat	[{"id":"e0","ts":1767099600000,"cat":"food","amt":0,"day":"2025-12-31","io":"xfer"},{"id":"e1","ts":1767621600000,"cat":"food","amt":10.5,"day":"2026-1-6"}]|1767186000000,2026-1-1,3
group	[{"id":"e0","ts":1775476800000,"cat":"food","amt":10.5,"day":"2026-4-6","io":"xfer"},{"id":"e1","ts":1775127600000,"cat":"food","amt":10.5,"day":"2026-4-2","io":"inc"}]|1775304000000,2026-4-4
flat	[{"id":"e0","ts":1775476800000,"cat":"food","amt":10.5,"day":"2026-4-6","io":"xfer"},{"id":"e1","ts":1775127600000,"cat":"food","amt":10.5,"day":"2026-4-2","io":"inc"}]|1775304000000,2026-4-4,0
group	[{"id":"e0","ts":1790337600000,"cat":"food","amt":1,"day":"2026-9-25"},{"id":"e1","ts":1790946000000,"cat":"food","amt":1,"day":"2026-10-2"},{"id":"e2","ts":1791028800000,"cat":"food","amt":1e+21,"day":"2026-10-3"},{"id":"e3","ts":1791547200000,"cat":"food","amt":10.5,"day":"2026-10-9","io":"inc"}]|1791115200000,2026-10-4
flat	[{"id":"e0","ts":1790337600000,"cat":"food","amt":1,"day":"2026-9-25"},{"id":"e1","ts":1790946000000,"cat":"food","amt":1,"day":"2026-10-2"},{"id":"e2","ts":1791028800000,"cat":"food","amt":1e+21,"day":"2026-10-3"},{"id":"e3","ts":1791547200000,"cat":"food","amt":10.5,"day":"2026-10-9","io":"inc"}]|1791115200000,2026-10-4,0
group	[{"id":"e0","ts":1775480400000,"cat":"food","amt":0.1,"day":"2026-4-6"},{"id":"e1","ts":1775304000000,"cat":"food","amt":-3.25,"day":"2026-4-4","io":"exp"}]|1775304000000,2026-4-4
flat	[{"id":"e0","ts":1775480400000,"cat":"food","amt":0.1,"day":"2026-4-6"},{"id":"e1","ts":1775304000000,"cat":"food","amt":-3.25,"day":"2026-4-4","io":"exp"}]|1775304000000,2026-4-4,1
group	[{"id":"e0","ts":1791201600000,"cat":"food","amt":10.5,"day":"2026-10-5"},{"id":"e1","ts":1791028800000,"cat":"food","amt":1e-7,"day":"2026-10-3"},{"id":"e2","ts":1790251200000,"cat":"food","amt":0,"day":"2026-9-24","io":"inc"},{"id":"e3","ts":1790251200000,"cat":"food","amt":1e-7,"day":"2026-9-24","io":"xfer"},{"id":"e4","ts":1790946000000,"cat":"food","amt":0.2,"day":"2026-10-2","io":"xfer"},{"id":"e5","ts":1791028800000,"cat":"food","amt":10.5,"day":"2026-10-3","io":"xfer"}]|1791028800000,2026-10-3
flat	[{"id":"e0","ts":1791201600000,"cat":"food","amt":10.5,"day":"2026-10-5"},{"id":"e1","ts":1791028800000,"cat":"food","amt":1e-7,"day":"2026-10-3"},{"id":"e2","ts":1790251200000,"cat":"food","amt":0,"day":"2026-9-24","io":"inc"},{"id":"e3","ts":1790251200000,"cat":"food","amt":1e-7,"day":"2026-9-24","io":"xfer"},{"id":"e4","ts":1790946000000,"cat":"food","amt":0.2,"day":"2026-10-2","io":"xfer"},{"id":"e5","ts":1791028800000,"cat":"food","amt":10.5,"day":"2026-10-3","io":"xfer"}]|1791028800000,2026-10-3,3
group	[{"id":"e0","ts":1791374400000,"cat":"food","amt":0.1,"day":"2026-10-7"},{"id":"e1","ts":1791118800000,"cat":"food","amt":10.5,"day":"2026-10-5"},{"id":"e2","ts":1791118800000,"cat":"food","amt":-3.25,"day":"2026-10-5"},{"id":"e3","ts":1791028800000,"cat":"food","amt":1e+21,"day":"2026-10-3"},{"id":"e4","ts":1791201600000,"cat":"food","amt":0.2,"day":"2026-10-5","io":"inc"},{"id":"e5","ts":1791284400000,"cat":"food","amt":0,"day":"2026-10-6","io":"inc"},{"id":"e6","ts":1791374400000,"cat":"food","amt":1,"day":"2026-10-7","io":"inc"}]|1791201600000,2026-10-5
flat	[{"id":"e0","ts":1791374400000,"cat":"food","amt":0.1,"day":"2026-10-7"},{"id":"e1","ts":1791118800000,"cat":"food","amt":10.5,"day":"2026-10-5"},{"id":"e2","ts":1791118800000,"cat":"food","amt":-3.25,"day":"2026-10-5"},{"id":"e3","ts":1791028800000,"cat":"food","amt":1e+21,"day":"2026-10-3"},{"id":"e4","ts":1791201600000,"cat":"food","amt":0.2,"day":"2026-10-5","io":"inc"},{"id":"e5","ts":1791284400000,"cat":"food","amt":0,"day":"2026-10-6","io":"inc"},{"id":"e6","ts":1791374400000,"cat":"food","amt":1,"day":"2026-10-7","io":"inc"}]|1791201600000,2026-10-5,3
group	[]|1791028800000,2026-10-3
flat	[]|1791028800000,2026-10-3,1
group	[]|1767186000000,2026-1-1
flat	[]|1767186000000,2026-1-1,0
group	[{"id":"e0","ts":1775912400000,"cat":"food","amt":0.2,"day":"2026-4-11","io":"inc"},{"id":"e1","ts":1775307600000,"cat":"food","amt":12345.678,"day":"2026-4-5","io":"xfer"},{"id":"e2","ts":1775390400000,"cat":"food","amt":12345.678,"day":"2026-4-5","io":"xfer"},{"id":"e3","ts":1775473200000,"cat":"food","amt":0.1,"day":"2026-4-6","io":"inc"},{"id":"e4","ts":1775480400000,"cat":"food","amt":1e+21,"day":"2026-4-6","io":"exp"}]|1775476800000,2026-4-6
flat	[{"id":"e0","ts":1775912400000,"cat":"food","amt":0.2,"day":"2026-4-11","io":"inc"},{"id":"e1","ts":1775307600000,"cat":"food","amt":12345.678,"day":"2026-4-5","io":"xfer"},{"id":"e2","ts":1775390400000,"cat":"food","amt":12345.678,"day":"2026-4-5","io":"xfer"},{"id":"e3","ts":1775473200000,"cat":"food","amt":0.1,"day":"2026-4-6","io":"inc"},{"id":"e4","ts":1775480400000,"cat":"food","amt":1e+21,"day":"2026-4-6","io":"exp"}]|1775476800000,2026-4-6,2
group	[{"id":"e0","ts":1767614400000,"cat":"food","amt":1e+21,"day":"2026-1-5","io":"exp"},{"id":"e1","ts":1767013200000,"cat":"food","amt":-3.25,"day":"2025-12-30","io":"xfer"},{"id":"e2","ts":1767618000000,"cat":"food","amt":0.1,"day":"2026-1-6"},{"id":"e3","ts":1767355200000,"cat":"food","amt":-3.25,"day":"2026-1-2","io":"inc"},{"id":"e4","ts":1767099600000,"cat":"food","amt":10.5,"day":"2025-12-31","io":"xfer"},{"id":"e5","ts":1766408400000,"cat":"food","amt":0.1,"day":"2025-12-23","io":"inc"},{"id":"e6","ts":1767272400000,"cat":"food","amt":12345.678,"day":"2026-1-2","io":"xfer"}]|1767186000000,2026-1-1
flat	[{"id":"e0","ts":1767614400000,"cat":"food","amt":1e+21,"day":"2026-1-5","io":"exp"},{"id":"e1","ts":1767013200000,"cat":"food","amt":-3.25,"day":"2025-12-30","io":"xfer"},{"id":"e2","ts":1767618000000,"cat":"food","amt":0.1,"day":"2026-1-6"},{"id":"e3","ts":1767355200000,"cat":"food","amt":-3.25,"day":"2026-1-2","io":"inc"},{"id":"e4","ts":1767099600000,"cat":"food","amt":10.5,"day":"2025-12-31","io":"xfer"},{"id":"e5","ts":1766408400000,"cat":"food","amt":0.1,"day":"2025-12-23","io":"inc"},{"id":"e6","ts":1767272400000,"cat":"food","amt":12345.678,"day":"2026-1-2","io":"xfer"}]|1767186000000,2026-1-1,2
group	[{"id":"e0","ts":1775476800000,"cat":"food","amt":1,"day":"2026-4-6","io":"inc"},{"id":"e1","ts":1775217600000,"cat":"food","amt":0,"day":"2026-4-3","io":"inc"}]|1775390400000,2026-4-5
flat	[{"id":"e0","ts":1775476800000,"cat":"food","amt":1,"day":"2026-4-6","io":"inc"},{"id":"e1","ts":1775217600000,"cat":"food","amt":0,"day":"2026-4-3","io":"inc"}]|1775390400000,2026-4-5,1
group	[{"id":"e0","ts":1790424000000,"cat":"food","amt":1e-7,"day":"2026-9-26"}]|1791201600000,2026-10-5
flat	[{"id":"e0","ts":1790424000000,"cat":"food","amt":1e-7,"day":"2026-9-26"}]|1791201600000,2026-10-5,2
group	[{"id":"e0","ts":1775646000000,"cat":"food","amt":0,"day":"2026-4-8","io":"inc"},{"id":"e1","ts":1775649600000,"cat":"food","amt":1e+21,"day":"2026-4-8","io":"inc"}]|1775476800000,2026-4-6
flat	[{"id":"e0","ts":1775646000000,"cat":"food","amt":0,"day":"2026-4-8","io":"inc"},{"id":"e1","ts":1775649600000,"cat":"food","amt":1e+21,"day":"2026-4-8","io":"inc"}]|1775476800000,2026-4-6,1
group	[{"id":"e0","ts":1791028800000,"cat":"food","amt":1,"day":"2026-10-3"},{"id":"e1","ts":1791028800000,"cat":"food","amt":0.1,"day":"2026-10-3"},{"id":"e2","ts":1791111600000,"cat":"food","amt":1e+21,"day":"2026-10-4","io":"xfer"},{"id":"e3","ts":1791025200000,"cat":"food","amt":0,"day":"2026-10-3","io":"inc"},{"id":"e4","ts":1791028800000,"cat":"food","amt":1e-7,"day":"2026-10-3","io":"exp"},{"id":"e5","ts":1790856000000,"cat":"food","amt":0.2,"day":"2026-10-1","io":"xfer"}]|1791028800000,2026-10-3
flat	[{"id":"e0","ts":1791028800000,"cat":"food","amt":1,"day":"2026-10-3"},{"id":"e1","ts":1791028800000,"cat":"food","amt":0.1,"day":"2026-10-3"},{"id":"e2","ts":1791111600000,"cat":"food","amt":1e+21,"day":"2026-10-4","io":"xfer"},{"id":"e3","ts":1791025200000,"cat":"food","amt":0,"day":"2026-10-3","io":"inc"},{"id":"e4","ts":1791028800000,"cat":"food","amt":1e-7,"day":"2026-10-3","io":"exp"},{"id":"e5","ts":1790856000000,"cat":"food","amt":0.2,"day":"2026-10-1","io":"xfer"}]|1791028800000,2026-10-3,0
group	[{"id":"e0","ts":1790341200000,"cat":"food","amt":0,"day":"2026-9-25","io":"inc"}]|1791115200000,2026-10-4
flat	[{"id":"e0","ts":1790341200000,"cat":"food","amt":0,"day":"2026-9-25","io":"inc"}]|1791115200000,2026-10-4,0
group	[{"id":"e0","ts":1791550800000,"cat":"food","amt":1e+21,"day":"2026-10-10","io":"exp"}]|1791115200000,2026-10-4
flat	[{"id":"e0","ts":1791550800000,"cat":"food","amt":1e+21,"day":"2026-10-10","io":"exp"}]|1791115200000,2026-10-4,1
group	[{"id":"e0","ts":1790856000000,"cat":"food","amt":0.2,"day":"2026-10-1"},{"id":"e1","ts":1790942400000,"cat":"food","amt":10.5,"day":"2026-10-2","io":"inc"},{"id":"e2","ts":1791201600000,"cat":"food","amt":1e-7,"day":"2026-10-5"}]|1791028800000,2026-10-3
flat	[{"id":"e0","ts":1790856000000,"cat":"food","amt":0.2,"day":"2026-10-1"},{"id":"e1","ts":1790942400000,"cat":"food","amt":10.5,"day":"2026-10-2","io":"inc"},{"id":"e2","ts":1791201600000,"cat":"food","amt":1e-7,"day":"2026-10-5"}]|1791028800000,2026-10-3,0
group	[{"id":"e0","ts":1791201600000,"cat":"food","amt":1,"day":"2026-10-5"},{"id":"e1","ts":1791374400000,"cat":"food","amt":0,"day":"2026-10-7","io":"exp"},{"id":"e2","ts":1791637200000,"cat":"food","amt":1e+21,"day":"2026-10-11","io":"inc"},{"id":"e3","ts":1791288000000,"cat":"food","amt":-3.25,"day":"2026-10-6","io":"xfer"},{"id":"e4","ts":1790427600000,"cat":"food","amt":0,"day":"2026-9-26"},{"id":"e5","ts":1791201600000,"cat":"food","amt":-3.25,"day":"2026-10-5"},{"id":"e6","ts":1791630000000,"cat":"food","amt":0.1,"day":"2026-10-10","io":"inc"}]|1791201600000,2026-10-5
flat	[{"id":"e0","ts":1791201600000,"cat":"food","amt":1,"day":"2026-10-5"},{"id":"e1","ts":1791374400000,"cat":"food","amt":0,"day":"2026-10-7","io":"exp"},{"id":"e2","ts":1791637200000,"cat":"food","amt":1e+21,"day":"2026-10-11","io":"inc"},{"id":"e3","ts":1791288000000,"cat":"food","amt":-3.25,"day":"2026-10-6","io":"xfer"},{"id":"e4","ts":1790427600000,"cat":"food","amt":0,"day":"2026-9-26"},{"id":"e5","ts":1791201600000,"cat":"food","amt":-3.25,"day":"2026-10-5"},{"id":"e6","ts":1791630000000,"cat":"food","amt":0.1,"day":"2026-10-10","io":"inc"}]|1791201600000,2026-10-5,2
group	[{"id":"e0","ts":1791032400000,"cat":"food","amt":1e+21,"day":"2026-10-3"},{"id":"e1","ts":1791205200000,"cat":"food","amt":0.1,"day":"2026-10-6","io":"xfer"},{"id":"e2","ts":1791198000000,"cat":"food","amt":0.2,"day":"2026-10-5","io":"exp"},{"id":"e3","ts":1791205200000,"cat":"food","amt":0.1,"day":"2026-10-6","io":"exp"},{"id":"e4","ts":1791028800000,"cat":"food","amt":0,"day":"2026-10-3","io":"exp"}]|1791201600000,2026-10-5
flat	[{"id":"e0","ts":1791032400000,"cat":"food","amt":1e+21,"day":"2026-10-3"},{"id":"e1","ts":1791205200000,"cat":"food","amt":0.1,"day":"2026-10-6","io":"xfer"},{"id":"e2","ts":1791198000000,"cat":"food","amt":0.2,"day":"2026-10-5","io":"exp"},{"id":"e3","ts":1791205200000,"cat":"food","amt":0.1,"day":"2026-10-6","io":"exp"},{"id":"e4","ts":1791028800000,"cat":"food","amt":0,"day":"2026-10-3","io":"exp"}]|1791201600000,2026-10-5,3
group	[{"id":"e0","ts":1788213600000,"cat":"food","amt":0,"day":"2026-9-1","io":"inc"},{"id":"e1","ts":1787781600000,"cat":"food","amt":1,"day":"2026-8-27","io":"inc"},{"id":"e2","ts":1787868000000,"cat":"food","amt":-3.25,"day":"2026-8-28"},{"id":"e3","ts":1787000400000,"cat":"food","amt":1e+21,"day":"2026-8-18"},{"id":"e4","ts":1787864400000,"cat":"food","amt":1e-7,"day":"2026-8-28","io":"xfer"},{"id":"e5","ts":1787695200000,"cat":"food","amt":10.5,"day":"2026-8-26"}]|1787781600000,2026-8-27
flat	[{"id":"e0","ts":1788213600000,"cat":"food","amt":0,"day":"2026-9-1","io":"inc"},{"id":"e1","ts":1787781600000,"cat":"food","amt":1,"day":"2026-8-27","io":"inc"},{"id":"e2","ts":1787868000000,"cat":"food","amt":-3.25,"day":"2026-8-28"},{"id":"e3","ts":1787000400000,"cat":"food","amt":1e+21,"day":"2026-8-18"},{"id":"e4","ts":1787864400000,"cat":"food","amt":1e-7,"day":"2026-8-28","io":"xfer"},{"id":"e5","ts":1787695200000,"cat":"food","amt":10.5,"day":"2026-8-26"}]|1787781600000,2026-8-27,1
group	[{"id":"e0","ts":1775732400000,"cat":"food","amt":1,"day":"2026-4-9","io":"inc"},{"id":"e1","ts":1775476800000,"cat":"food","amt":0.2,"day":"2026-4-6","io":"inc"},{"id":"e2","ts":1775131200000,"cat":"food","amt":0.2,"day":"2026-4-2","io":"xfer"}]|1775304000000,2026-4-4
flat	[{"id":"e0","ts":1775732400000,"cat":"food","amt":1,"day":"2026-4-9","io":"inc"},{"id":"e1","ts":1775476800000,"cat":"food","amt":0.2,"day":"2026-4-6","io":"inc"},{"id":"e2","ts":1775131200000,"cat":"food","amt":0.2,"day":"2026-4-2","io":"xfer"}]|1775304000000,2026-4-4,2
group	[{"id":"e0","ts":1791201600000,"cat":"food","amt":0.1,"day":"2026-10-5","io":"xfer"},{"id":"e1","ts":1790424000000,"cat":"food","amt":10.5,"day":"2026-9-26","io":"xfer"},{"id":"e2","ts":1791198000000,"cat":"food","amt":0.2,"day":"2026-10-5"},{"id":"e3","ts":1791291600000,"cat":"food","amt":-3.25,"day":"2026-10-7","io":"xfer"},{"id":"e4","ts":1790424000000,"cat":"food","amt":1,"day":"2026-9-26","io":"exp"},{"id":"e5","ts":1791374400000,"cat":"food","amt":0,"day":"2026-10-7","io":"inc"},{"id":"e6","ts":1791118800000,"cat":"food","amt":10.5,"day":"2026-10-5"}]|1791201600000,2026-10-5
flat	[{"id":"e0","ts":1791201600000,"cat":"food","amt":0.1,"day":"2026-10-5","io":"xfer"},{"id":"e1","ts":1790424000000,"cat":"food","amt":10.5,"day":"2026-9-26","io":"xfer"},{"id":"e2","ts":1791198000000,"cat":"food","amt":0.2,"day":"2026-10-5"},{"id":"e3","ts":1791291600000,"cat":"food","amt":-3.25,"day":"2026-10-7","io":"xfer"},{"id":"e4","ts":1790424000000,"cat":"food","amt":1,"day":"2026-9-26","io":"exp"},{"id":"e5","ts":1791374400000,"cat":"food","amt":0,"day":"2026-10-7","io":"inc"},{"id":"e6","ts":1791118800000,"cat":"food","amt":10.5,"day":"2026-10-5"}]|1791201600000,2026-10-5,2
group	[{"id":"e0","ts":1775476800000,"cat":"food","amt":-3.25,"day":"2026-4-6","io":"exp"}]|1775476800000,2026-4-6
flat	[{"id":"e0","ts":1775476800000,"cat":"food","amt":-3.25,"day":"2026-4-6","io":"exp"}]|1775476800000,2026-4-6,1
group	[{"id":"e0","ts":1775304000000,"cat":"food","amt":-3.25,"day":"2026-4-4","io":"exp"},{"id":"e1","ts":1775217600000,"cat":"food","amt":0.2,"day":"2026-4-3","io":"xfer"},{"id":"e2","ts":1775563200000,"cat":"food","amt":1e-7,"day":"2026-4-7","io":"xfer"}]|1775390400000,2026-4-5
flat	[{"id":"e0","ts":1775304000000,"cat":"food","amt":-3.25,"day":"2026-4-4","io":"exp"},{"id":"e1","ts":1775217600000,"cat":"food","amt":0.2,"day":"2026-4-3","io":"xfer"},{"id":"e2","ts":1775563200000,"cat":"food","amt":1e-7,"day":"2026-4-7","io":"xfer"}]|1775390400000,2026-4-5,3
group	[{"id":"e0","ts":1787698800000,"cat":"food","amt":0,"day":"2026-8-26"},{"id":"e1","ts":1787007600000,"cat":"food","amt":10.5,"day":"2026-8-18","io":"exp"},{"id":"e2","ts":1787864400000,"cat":"food","amt":1,"day":"2026-8-28","io":"xfer"},{"id":"e3","ts":1787605200000,"cat":"food","amt":1e-7,"day":"2026-8-25"},{"id":"e4","ts":1787004000000,"cat":"food","amt":10.5,"day":"2026-8-18","io":"xfer"},{"id":"e5","ts":1787781600000,"cat":"food","amt":0,"day":"2026-8-27","io":"exp"},{"id":"e6","ts":1787871600000,"cat":"food","amt":0,"day":"2026-8-28","io":"inc"}]|1787781600000,2026-8-27
flat	[{"id":"e0","ts":1787698800000,"cat":"food","amt":0,"day":"2026-8-26"},{"id":"e1","ts":1787007600000,"cat":"food","amt":10.5,"day":"2026-8-18","io":"exp"},{"id":"e2","ts":1787864400000,"cat":"food","amt":1,"day":"2026-8-28","io":"xfer"},{"id":"e3","ts":1787605200000,"cat":"food","amt":1e-7,"day":"2026-8-25"},{"id":"e4","ts":1787004000000,"cat":"food","amt":10.5,"day":"2026-8-18","io":"xfer"},{"id":"e5","ts":1787781600000,"cat":"food","amt":0,"day":"2026-8-27","io":"exp"},{"id":"e6","ts":1787871600000,"cat":"food","amt":0,"day":"2026-8-28","io":"inc"}]|1787781600000,2026-8-27,0
group	[{"id":"e0","ts":1775473200000,"cat":"food","amt":10.5,"day":"2026-4-6","io":"exp"},{"id":"e1","ts":1775563200000,"cat":"food","amt":10.5,"day":"2026-4-7","io":"inc"},{"id":"e2","ts":1775386800000,"cat":"food","amt":0.1,"day":"2026-4-5"},{"id":"e3","ts":1775563200000,"cat":"food","amt":10.5,"day":"2026-4-7"},{"id":"e4","ts":1775649600000,"cat":"food","amt":-3.25,"day":"2026-4-8"},{"id":"e5","ts":1775559600000,"cat":"food","amt":0,"day":"2026-4-7","io":"inc"},{"id":"e6","ts":1775563200000,"cat":"food","amt":0.2,"day":"2026-4-7","io":"inc"}]|1775476800000,2026-4-6
flat	[{"id":"e0","ts":1775473200000,"cat":"food","amt":10.5,"day":"2026-4-6","io":"exp"},{"id":"e1","ts":1775563200000,"cat":"food","amt":10.5,"day":"2026-4-7","io":"inc"},{"id":"e2","ts":1775386800000,"cat":"food","amt":0.1,"day":"2026-4-5"},{"id":"e3","ts":1775563200000,"cat":"food","amt":10.5,"day":"2026-4-7"},{"id":"e4","ts":1775649600000,"cat":"food","amt":-3.25,"day":"2026-4-8"},{"id":"e5","ts":1775559600000,"cat":"food","amt":0,"day":"2026-4-7","io":"inc"},{"id":"e6","ts":1775563200000,"cat":"food","amt":0.2,"day":"2026-4-7","io":"inc"}]|1775476800000,2026-4-6,3
group	[{"id":"e0","ts":1767614400000,"cat":"food","amt":0,"day":"2026-1-5"},{"id":"e1","ts":1767189600000,"cat":"food","amt":12345.678,"day":"2026-1-1","io":"exp"},{"id":"e2","ts":1767189600000,"cat":"food","amt":10.5,"day":"2026-1-1","io":"xfer"},{"id":"e3","ts":1767186000000,"cat":"food","amt":12345.678,"day":"2026-1-1","io":"exp"},{"id":"e4","ts":1767362400000,"cat":"food","amt":0,"day":"2026-1-3","io":"exp"}]|1767186000000,2026-1-1
flat	[{"id":"e0","ts":1767614400000,"cat":"food","amt":0,"day":"2026-1-5"},{"id":"e1","ts":1767189600000,"cat":"food","amt":12345.678,"day":"2026-1-1","io":"exp"},{"id":"e2","ts":1767189600000,"cat":"food","amt":10.5,"day":"2026-1-1","io":"xfer"},{"id":"e3","ts":1767186000000,"cat":"food","amt":12345.678,"day":"2026-1-1","io":"exp"},{"id":"e4","ts":1767362400000,"cat":"food","amt":0,"day":"2026-1-3","io":"exp"}]|1767186000000,2026-1-1,1
group	[{"id":"e0","ts":1791025200000,"cat":"food","amt":0.1,"day":"2026-10-3","io":"xfer"},{"id":"e1","ts":1791032400000,"cat":"food","amt":0,"day":"2026-10-3","io":"exp"}]|1791201600000,2026-10-5
flat	[{"id":"e0","ts":1791025200000,"cat":"food","amt":0.1,"day":"2026-10-3","io":"xfer"},{"id":"e1","ts":1791032400000,"cat":"food","amt":0,"day":"2026-10-3","io":"exp"}]|1791201600000,2026-10-5,3
group	[{"id":"e0","ts":1791550800000,"cat":"food","amt":0.2,"day":"2026-10-10","io":"exp"},{"id":"e1","ts":1790942400000,"cat":"food","amt":-3.25,"day":"2026-10-2","io":"exp"},{"id":"e2","ts":1790337600000,"cat":"food","amt":1,"day":"2026-9-25","io":"exp"},{"id":"e3","ts":1790341200000,"cat":"food","amt":0,"day":"2026-9-25","io":"inc"},{"id":"e4","ts":1791547200000,"cat":"food","amt":1e+21,"day":"2026-10-9","io":"exp"}]|1791115200000,2026-10-4
flat	[{"id":"e0","ts":1791550800000,"cat":"food","amt":0.2,"day":"2026-10-10","io":"exp"},{"id":"e1","ts":1790942400000,"cat":"food","amt":-3.25,"day":"2026-10-2","io":"exp"},{"id":"e2","ts":1790337600000,"cat":"food","amt":1,"day":"2026-9-25","io":"exp"},{"id":"e3","ts":1790341200000,"cat":"food","amt":0,"day":"2026-9-25","io":"inc"},{"id":"e4","ts":1791547200000,"cat":"food","amt":1e+21,"day":"2026-10-9","io":"exp"}]|1791115200000,2026-10-4,4
group	[{"id":"e0","ts":1787691600000,"cat":"food","amt":1,"day":"2026-8-26","io":"xfer"},{"id":"e1","ts":1787781600000,"cat":"food","amt":0,"day":"2026-8-27","io":"exp"},{"id":"e2","ts":1787950800000,"cat":"food","amt":1,"day":"2026-8-29","io":"xfer"},{"id":"e3","ts":1787695200000,"cat":"food","amt":0,"day":"2026-8-26"},{"id":"e4","ts":1787004000000,"cat":"food","amt":12345.678,"day":"2026-8-18","io":"inc"},{"id":"e5","ts":1788210000000,"cat":"food","amt":12345.678,"day":"2026-9-1","io":"exp"}]|1787781600000,2026-8-27
flat	[{"id":"e0","ts":1787691600000,"cat":"food","amt":1,"day":"2026-8-26","io":"xfer"},{"id":"e1","ts":1787781600000,"cat":"food","amt":0,"day":"2026-8-27","io":"exp"},{"id":"e2","ts":1787950800000,"cat":"food","amt":1,"day":"2026-8-29","io":"xfer"},{"id":"e3","ts":1787695200000,"cat":"food","amt":0,"day":"2026-8-26"},{"id":"e4","ts":1787004000000,"cat":"food","amt":12345.678,"day":"2026-8-18","io":"inc"},{"id":"e5","ts":1788210000000,"cat":"food","amt":12345.678,"day":"2026-9-1","io":"exp"}]|1787781600000,2026-8-27,3
group	[{"id":"e0","ts":1775304000000,"cat":"food","amt":0.1,"day":"2026-4-4","io":"xfer"},{"id":"e1","ts":1774699200000,"cat":"food","amt":12345.678,"day":"2026-3-28"},{"id":"e2","ts":1775476800000,"cat":"food","amt":1e+21,"day":"2026-4-6"},{"id":"e3","ts":1774695600000,"cat":"food","amt":1,"day":"2026-3-28","io":"inc"},{"id":"e4","ts":1775390400000,"cat":"food","amt":1e-7,"day":"2026-4-5"},{"id":"e5","ts":1775476800000,"cat":"food","amt":1,"day":"2026-4-6","io":"exp"}]|1775476800000,2026-4-6
flat	[{"id":"e0","ts":1775304000000,"cat":"food","amt":0.1,"day":"2026-4-4","io":"xfer"},{"id":"e1","ts":1774699200000,"cat":"food","amt":12345.678,"day":"2026-3-28"},{"id":"e2","ts":1775476800000,"cat":"food","amt":1e+21,"day":"2026-4-6"},{"id":"e3","ts":1774695600000,"cat":"food","amt":1,"day":"2026-3-28","io":"inc"},{"id":"e4","ts":1775390400000,"cat":"food","amt":1e-7,"day":"2026-4-5"},{"id":"e5","ts":1775476800000,"cat":"food","amt":1,"day":"2026-4-6","io":"exp"}]|1775476800000,2026-4-6,4
group	[{"id":"e0","ts":1791115200000,"cat":"food","amt":0.2,"day":"2026-10-4"},{"id":"e1","ts":1791028800000,"cat":"food","amt":0.2,"day":"2026-10-3","io":"xfer"},{"id":"e2","ts":1791460800000,"cat":"food","amt":1e+21,"day":"2026-10-8","io":"xfer"},{"id":"e3","ts":1791032400000,"cat":"food","amt":0.1,"day":"2026-10-3","io":"inc"},{"id":"e4","ts":1790942400000,"cat":"food","amt":1e-7,"day":"2026-10-2","io":"xfer"}]|1791028800000,2026-10-3
flat	[{"id":"e0","ts":1791115200000,"cat":"food","amt":0.2,"day":"2026-10-4"},{"id":"e1","ts":1791028800000,"cat":"food","amt":0.2,"day":"2026-10-3","io":"xfer"},{"id":"e2","ts":1791460800000,"cat":"food","amt":1e+21,"day":"2026-10-8","io":"xfer"},{"id":"e3","ts":1791032400000,"cat":"food","amt":0.1,"day":"2026-10-3","io":"inc"},{"id":"e4","ts":1790942400000,"cat":"food","amt":1e-7,"day":"2026-10-2","io":"xfer"}]|1791028800000,2026-10-3,1
group	[{"id":"e0","ts":1775217600000,"cat":"food","amt":0.2,"day":"2026-4-3","io":"inc"},{"id":"e1","ts":1775300400000,"cat":"food","amt":-3.25,"day":"2026-4-4","io":"exp"},{"id":"e2","ts":1775300400000,"cat":"food","amt":1e-7,"day":"2026-4-4","io":"inc"},{"id":"e3","ts":1775476800000,"cat":"food","amt":0,"day":"2026-4-6","io":"inc"},{"id":"e4","ts":1775304000000,"cat":"food","amt":10.5,"day":"2026-4-4","io":"exp"},{"id":"e5","ts":1775134800000,"cat":"food","amt":1e-7,"day":"2026-4-3","io":"exp"},{"id":"e6","ts":1775390400000,"cat":"food","amt":-3.25,"day":"2026-4-5"}]|1775304000000,2026-4-4
flat	[{"id":"e0","ts":1775217600000,"cat":"food","amt":0.2,"day":"2026-4-3","io":"inc"},{"id":"e1","ts":1775300400000,"cat":"food","amt":-3.25,"day":"2026-4-4","io":"exp"},{"id":"e2","ts":1775300400000,"cat":"food","amt":1e-7,"day":"2026-4-4","io":"inc"},{"id":"e3","ts":1775476800000,"cat":"food","amt":0,"day":"2026-4-6","io":"inc"},{"id":"e4","ts":1775304000000,"cat":"food","amt":10.5,"day":"2026-4-4","io":"exp"},{"id":"e5","ts":1775134800000,"cat":"food","amt":1e-7,"day":"2026-4-3","io":"exp"},{"id":"e6","ts":1775390400000,"cat":"food","amt":-3.25,"day":"2026-4-5"}]|1775304000000,2026-4-4,0
group	[{"id":"e0","ts":1787889600000,"cat":"food","amt":10.5,"day":"2026-8-28","io":"exp"},{"id":"e1","ts":1787716800000,"cat":"food","amt":1,"day":"2026-8-26"},{"id":"e2","ts":1788145200000,"cat":"food","amt":1e-7,"day":"2026-8-31"},{"id":"e3","ts":1787796000000,"cat":"food","amt":0.2,"day":"2026-8-27"}]|1787713200000,2026-8-26
flat	[{"id":"e0","ts":1787889600000,"cat":"food","amt":10.5,"day":"2026-8-28","io":"exp"},{"id":"e1","ts":1787716800000,"cat":"food","amt":1,"day":"2026-8-26"},{"id":"e2","ts":1788145200000,"cat":"food","amt":1e-7,"day":"2026-8-31"},{"id":"e3","ts":1787796000000,"cat":"food","amt":0.2,"day":"2026-8-27"}]|1787713200000,2026-8-26,3
group	[{"id":"e0","ts":1791025200000,"cat":"food","amt":0,"day":"2026-10-3"},{"id":"e1","ts":1791115200000,"cat":"food","amt":0.2,"day":"2026-10-4","io":"inc"},{"id":"e2","ts":1791111600000,"cat":"food","amt":0,"day":"2026-10-4","io":"xfer"},{"id":"e3","ts":1790424000000,"cat":"food","amt":1,"day":"2026-9-26","io":"inc"},{"id":"e4","ts":1791201600000,"cat":"food","amt":12345.678,"day":"2026-10-5"},{"id":"e5","ts":1790424000000,"cat":"food","amt":10.5,"day":"2026-9-26"}]|1791201600000,2026-10-5
flat	[{"id":"e0","ts":1791025200000,"cat":"food","amt":0,"day":"2026-10-3"},{"id":"e1","ts":1791115200000,"cat":"food","amt":0.2,"day":"2026-10-4","io":"inc"},{"id":"e2","ts":1791111600000,"cat":"food","amt":0,"day":"2026-10-4","io":"xfer"},{"id":"e3","ts":1790424000000,"cat":"food","amt":1,"day":"2026-9-26","io":"inc"},{"id":"e4","ts":1791201600000,"cat":"food","amt":12345.678,"day":"2026-10-5"},{"id":"e5","ts":1790424000000,"cat":"food","amt":10.5,"day":"2026-9-26"}]|1791201600000,2026-10-5,1
group	[{"id":"e0","ts":1791201600000,"cat":"food","amt":0.2,"day":"2026-10-5","io":"xfer"},{"id":"e1","ts":1791025200000,"cat":"food","amt":12345.678,"day":"2026-10-3","io":"exp"},{"id":"e2","ts":1791115200000,"cat":"food","amt":-3.25,"day":"2026-10-4","io":"xfer"},{"id":"e3","ts":1791115200000,"cat":"food","amt":0.1,"day":"2026-10-4"},{"id":"e4","ts":1791198000000,"cat":"food","amt":0,"day":"2026-10-5","io":"xfer"},{"id":"e5","ts":1790424000000,"cat":"food","amt":0.1,"day":"2026-9-26","io":"xfer"}]|1791201600000,2026-10-5
flat	[{"id":"e0","ts":1791201600000,"cat":"food","amt":0.2,"day":"2026-10-5","io":"xfer"},{"id":"e1","ts":1791025200000,"cat":"food","amt":12345.678,"day":"2026-10-3","io":"exp"},{"id":"e2","ts":1791115200000,"cat":"food","amt":-3.25,"day":"2026-10-4","io":"xfer"},{"id":"e3","ts":1791115200000,"cat":"food","amt":0.1,"day":"2026-10-4"},{"id":"e4","ts":1791198000000,"cat":"food","amt":0,"day":"2026-10-5","io":"xfer"},{"id":"e5","ts":1790424000000,"cat":"food","amt":0.1,"day":"2026-9-26","io":"xfer"}]|1791201600000,2026-10-5,1
group	[{"id":"e0","ts":1775473200000,"cat":"food","amt":1e-7,"day":"2026-4-6","io":"xfer"},{"id":"e1","ts":1775905200000,"cat":"food","amt":1e-7,"day":"2026-4-11","io":"inc"},{"id":"e2","ts":1775390400000,"cat":"food","amt":1e+21,"day":"2026-4-5","io":"inc"},{"id":"e3","ts":1775304000000,"cat":"food","amt":0,"day":"2026-4-4"},{"id":"e4","ts":1775559600000,"cat":"food","amt":12345.678,"day":"2026-4-7","io":"inc"}]|1775476800000,2026-4-6
flat	[{"id":"e0","ts":1775473200000,"cat":"food","amt":1e-7,"day":"2026-4-6","io":"xfer"},{"id":"e1","ts":1775905200000,"cat":"food","amt":1e-7,"day":"2026-4-11","io":"inc"},{"id":"e2","ts":1775390400000,"cat":"food","amt":1e+21,"day":"2026-4-5","io":"inc"},{"id":"e3","ts":1775304000000,"cat":"food","amt":0,"day":"2026-4-4"},{"id":"e4","ts":1775559600000,"cat":"food","amt":12345.678,"day":"2026-4-7","io":"inc"}]|1775476800000,2026-4-6,2
group	[{"id":"e0","ts":1774612800000,"cat":"food","amt":0,"day":"2026-3-27","io":"exp"},{"id":"e1","ts":1775217600000,"cat":"food","amt":0.2,"day":"2026-4-3","io":"exp"}]|1775390400000,2026-4-5
flat	[{"id":"e0","ts":1774612800000,"cat":"food","amt":0,"day":"2026-3-27","io":"exp"},{"id":"e1","ts":1775217600000,"cat":"food","amt":0.2,"day":"2026-4-3","io":"exp"}]|1775390400000,2026-4-5,3
group	[{"id":"e0","ts":1786932000000,"cat":"food","amt":0,"day":"2026-8-17","io":"xfer"},{"id":"e1","ts":1787803200000,"cat":"food","amt":-3.25,"day":"2026-8-27","io":"exp"},{"id":"e2","ts":1786935600000,"cat":"food","amt":0.2,"day":"2026-8-17","io":"inc"},{"id":"e3","ts":1787716800000,"cat":"food","amt":0,"day":"2026-8-26"},{"id":"e4","ts":1787889600000,"cat":"food","amt":1e-7,"day":"2026-8-28","io":"exp"},{"id":"e5","ts":1787799600000,"cat":"food","amt":0,"day":"2026-8-27","io":"exp"},{"id":"e6","ts":1787713200000,"cat":"food","amt":1,"day":"2026-8-26","io":"xfer"}]|1787713200000,2026-8-26
flat	[{"id":"e0","ts":1786932000000,"cat":"food","amt":0,"day":"2026-8-17","io":"xfer"},{"id":"e1","ts":1787803200000,"cat":"food","amt":-3.25,"day":"2026-8-27","io":"exp"},{"id":"e2","ts":1786935600000,"cat":"food","amt":0.2,"day":"2026-8-17","io":"inc"},{"id":"e3","ts":1787716800000,"cat":"food","amt":0,"day":"2026-8-26"},{"id":"e4","ts":1787889600000,"cat":"food","amt":1e-7,"day":"2026-8-28","io":"exp"},{"id":"e5","ts":1787799600000,"cat":"food","amt":0,"day":"2026-8-27","io":"exp"},{"id":"e6","ts":1787713200000,"cat":"food","amt":1,"day":"2026-8-26","io":"xfer"}]|1787713200000,2026-8-26,3
group	[{"id":"e0","ts":1787889600000,"cat":"food","amt":0.1,"day":"2026-8-28","io":"inc"},{"id":"e1","ts":1788145200000,"cat":"food","amt":0.1,"day":"2026-8-31"},{"id":"e2","ts":1787713200000,"cat":"food","amt":0,"day":"2026-8-26"},{"id":"e3","ts":1787626800000,"cat":"food","amt":0.1,"day":"2026-8-25","io":"exp"},{"id":"e4","ts":1787716800000,"cat":"food","amt":0,"day":"2026-8-26","io":"exp"}]|1787713200000,2026-8-26
flat	[{"id":"e0","ts":1787889600000,"cat":"food","amt":0.1,"day":"2026-8-28","io":"inc"},{"id":"e1","ts":1788145200000,"cat":"food","amt":0.1,"day":"2026-8-31"},{"id":"e2","ts":1787713200000,"cat":"food","amt":0,"day":"2026-8-26"},{"id":"e3","ts":1787626800000,"cat":"food","amt":0.1,"day":"2026-8-25","io":"exp"},{"id":"e4","ts":1787716800000,"cat":"food","amt":0,"day":"2026-8-26","io":"exp"}]|1787713200000,2026-8-26,2
group	[{"id":"e0","ts":1790852400000,"cat":"food","amt":1,"day":"2026-10-1","io":"inc"},{"id":"e1","ts":1790942400000,"cat":"food","amt":-3.25,"day":"2026-10-2"},{"id":"e2","ts":1791460800000,"cat":"food","amt":10.5,"day":"2026-10-8","io":"exp"}]|1791028800000,2026-10-3
flat	[{"id":"e0","ts":1790852400000,"cat":"food","amt":1,"day":"2026-10-1","io":"inc"},{"id":"e1","ts":1790942400000,"cat":"food","amt":-3.25,"day":"2026-10-2"},{"id":"e2","ts":1791460800000,"cat":"food","amt":10.5,"day":"2026-10-8","io":"exp"}]|1791028800000,2026-10-3,3
group	[{"id":"e0","ts":1767013200000,"cat":"food","amt":1e-7,"day":"2025-12-30","io":"inc"},{"id":"e1","ts":1767355200000,"cat":"food","amt":0,"day":"2026-1-2","io":"inc"},{"id":"e2","ts":1767099600000,"cat":"food","amt":1e-7,"day":"2025-12-31","io":"xfer"},{"id":"e3","ts":1767099600000,"cat":"food","amt":10.5,"day":"2025-12-31","io":"inc"},{"id":"e4","ts":1767103200000,"cat":"food","amt":0,"day":"2025-12-31","io":"inc"},{"id":"e5","ts":1766404800000,"cat":"food","amt":1,"day":"2025-12-22"},{"id":"e6","ts":1767096000000,"cat":"food","amt":0,"day":"2025-12-30","io":"inc"}]|1767186000000,2026-1-1
flat	[{"id":"e0","ts":1767013200000,"cat":"food","amt":1e-7,"day":"2025-12-30","io":"inc"},{"id":"e1","ts":1767355200000,"cat":"food","amt":0,"day":"2026-1-2","io":"inc"},{"id":"e2","ts":1767099600000,"cat":"food","amt":1e-7,"day":"2025-12-31","io":"xfer"},{"id":"e3","ts":1767099600000,"cat":"food","amt":10.5,"day":"2025-12-31","io":"inc"},{"id":"e4","ts":1767103200000,"cat":"food","amt":0,"day":"2025-12-31","io":"inc"},{"id":"e5","ts":1766404800000,"cat":"food","amt":1,"day":"2025-12-22"},{"id":"e6","ts":1767096000000,"cat":"food","amt":0,"day":"2025-12-30","io":"inc"}]|1767186000000,2026-1-1,1
group	[{"id":"e0","ts":1791198000000,"cat":"food","amt":1,"day":"2026-10-5"},{"id":"e1","ts":1791115200000,"cat":"food","amt":10.5,"day":"2026-10-4","io":"xfer"},{"id":"e2","ts":1791547200000,"cat":"food","amt":12345.678,"day":"2026-10-9"},{"id":"e3","ts":1790938800000,"cat":"food","amt":-3.25,"day":"2026-10-2","io":"inc"}]|1791115200000,2026-10-4
flat	[{"id":"e0","ts":1791198000000,"cat":"food","amt":1,"day":"2026-10-5"},{"id":"e1","ts":1791115200000,"cat":"food","amt":10.5,"day":"2026-10-4","io":"xfer"},{"id":"e2","ts":1791547200000,"cat":"food","amt":12345.678,"day":"2026-10-9"},{"id":"e3","ts":1790938800000,"cat":"food","amt":-3.25,"day":"2026-10-2","io":"inc"}]|1791115200000,2026-10-4,2
group	[{"id":"e0","ts":1791201600000,"cat":"food","amt":10.5,"day":"2026-10-5","io":"exp"},{"id":"e1","ts":1791115200000,"cat":"food","amt":12345.678,"day":"2026-10-4","io":"exp"},{"id":"e2","ts":1790938800000,"cat":"food","amt":1e+21,"day":"2026-10-2","io":"xfer"},{"id":"e3","ts":1791284400000,"cat":"food","amt":10.5,"day":"2026-10-6","io":"exp"},{"id":"e4","ts":1791032400000,"cat":"food","amt":0,"day":"2026-10-3","io":"xfer"}]|1791115200000,2026-10-4
flat	[{"id":"e0","ts":1791201600000,"cat":"food","amt":10.5,"day":"2026-10-5","io":"exp"},{"id":"e1","ts":1791115200000,"cat":"food","amt":12345.678,"day":"2026-10-4","io":"exp"},{"id":"e2","ts":1790938800000,"cat":"food","amt":1e+21,"day":"2026-10-2","io":"xfer"},{"id":"e3","ts":1791284400000,"cat":"food","amt":10.5,"day":"2026-10-6","io":"exp"},{"id":"e4","ts":1791032400000,"cat":"food","amt":0,"day":"2026-10-3","io":"xfer"}]|1791115200000,2026-10-4,2
group	[]|1791115200000,2026-10-4
flat	[]|1791115200000,2026-10-4,1
group	[{"id":"e0","ts":1791288000000,"cat":"food","amt":12345.678,"day":"2026-10-6"},{"id":"e1","ts":1791547200000,"cat":"food","amt":0.2,"day":"2026-10-9","io":"inc"},{"id":"e2","ts":1790337600000,"cat":"food","amt":-3.25,"day":"2026-9-25","io":"inc"},{"id":"e3","ts":1790337600000,"cat":"food","amt":12345.678,"day":"2026-9-25","io":"xfer"},{"id":"e4","ts":1791115200000,"cat":"food","amt":1e+21,"day":"2026-10-4","io":"exp"},{"id":"e5","ts":1791201600000,"cat":"food","amt":12345.678,"day":"2026-10-5","io":"inc"}]|1791115200000,2026-10-4
flat	[{"id":"e0","ts":1791288000000,"cat":"food","amt":12345.678,"day":"2026-10-6"},{"id":"e1","ts":1791547200000,"cat":"food","amt":0.2,"day":"2026-10-9","io":"inc"},{"id":"e2","ts":1790337600000,"cat":"food","amt":-3.25,"day":"2026-9-25","io":"inc"},{"id":"e3","ts":1790337600000,"cat":"food","amt":12345.678,"day":"2026-9-25","io":"xfer"},{"id":"e4","ts":1791115200000,"cat":"food","amt":1e+21,"day":"2026-10-4","io":"exp"},{"id":"e5","ts":1791201600000,"cat":"food","amt":12345.678,"day":"2026-10-5","io":"inc"}]|1791115200000,2026-10-4,2
group	[]|1787713200000,2026-8-26
flat	[]|1787713200000,2026-8-26,3
group	[{"id":"e0","ts":1775390400000,"cat":"food","amt":0.1,"day":"2026-4-5","io":"exp"},{"id":"e1","ts":1775649600000,"cat":"food","amt":0.2,"day":"2026-4-8","io":"exp"},{"id":"e2","ts":1775390400000,"cat":"food","amt":1e+21,"day":"2026-4-5","io":"xfer"},{"id":"e3","ts":1775649600000,"cat":"food","amt":10.5,"day":"2026-4-8"},{"id":"e4","ts":1775646000000,"cat":"food","amt":0.1,"day":"2026-4-8"},{"id":"e5","ts":1775386800000,"cat":"food","amt":0.2,"day":"2026-4-5","io":"inc"}]|1775476800000,2026-4-6
flat	[{"id":"e0","ts":1775390400000,"cat":"food","amt":0.1,"day":"2026-4-5","io":"exp"},{"id":"e1","ts":1775649600000,"cat":"food","amt":0.2,"day":"2026-4-8","io":"exp"},{"id":"e2","ts":1775390400000,"cat":"food","amt":1e+21,"day":"2026-4-5","io":"xfer"},{"id":"e3","ts":1775649600000,"cat":"food","amt":10.5,"day":"2026-4-8"},{"id":"e4","ts":1775646000000,"cat":"food","amt":0.1,"day":"2026-4-8"},{"id":"e5","ts":1775386800000,"cat":"food","amt":0.2,"day":"2026-4-5","io":"inc"}]|1775476800000,2026-4-6,1
group	[{"id":"e0","ts":1767664800000,"cat":"food","amt":0,"day":"2026-1-6"}]|1767229200000,2026-1-1
flat	[{"id":"e0","ts":1767664800000,"cat":"food","amt":0,"day":"2026-1-6"}]|1767229200000,2026-1-1,2
group	[{"id":"e0","ts":1775386800000,"cat":"food","amt":1e+21,"day":"2026-4-5","io":"xfer"},{"id":"e1","ts":1775217600000,"cat":"food","amt":0,"day":"2026-4-3","io":"xfer"},{"id":"e2","ts":1775818800000,"cat":"food","amt":0.1,"day":"2026-4-10","io":"xfer"},{"id":"e3","ts":1775300400000,"cat":"food","amt":12345.678,"day":"2026-4-4","io":"xfer"},{"id":"e4","ts":1775394000000,"cat":"food","amt":-3.25,"day":"2026-4-5","io":"exp"}]|1775390400000,2026-4-5
flat	[{"id":"e0","ts":1775386800000,"cat":"food","amt":1e+21,"day":"2026-4-5","io":"xfer"},{"id":"e1","ts":1775217600000,"cat":"food","amt":0,"day":"2026-4-3","io":"xfer"},{"id":"e2","ts":1775818800000,"cat":"food","amt":0.1,"day":"2026-4-10","io":"xfer"},{"id":"e3","ts":1775300400000,"cat":"food","amt":12345.678,"day":"2026-4-4","io":"xfer"},{"id":"e4","ts":1775394000000,"cat":"food","amt":-3.25,"day":"2026-4-5","io":"exp"}]|1775390400000,2026-4-5,4
group	[{"id":"e0","ts":1775563200000,"cat":"food","amt":0.1,"day":"2026-4-7","io":"xfer"},{"id":"e1","ts":1775217600000,"cat":"food","amt":-3.25,"day":"2026-4-3","io":"exp"},{"id":"e2","ts":1774609200000,"cat":"food","amt":10.5,"day":"2026-3-27","io":"exp"}]|1775390400000,2026-4-5
flat	[{"id":"e0","ts":1775563200000,"cat":"food","amt":0.1,"day":"2026-4-7","io":"xfer"},{"id":"e1","ts":1775217600000,"cat":"food","amt":-3.25,"day":"2026-4-3","io":"exp"},{"id":"e2","ts":1774609200000,"cat":"food","amt":10.5,"day":"2026-3-27","io":"exp"}]|1775390400000,2026-4-5,1
group	[{"id":"e0","ts":1775300400000,"cat":"food","amt":1e+21,"day":"2026-4-4","io":"xfer"},{"id":"e1","ts":1775908800000,"cat":"food","amt":-3.25,"day":"2026-4-11"},{"id":"e2","ts":1775566800000,"cat":"food","amt":10.5,"day":"2026-4-7","io":"xfer"},{"id":"e3","ts":1775649600000,"cat":"food","amt":1,"day":"2026-4-8"},{"id":"e4","ts":1775304000000,"cat":"food","amt":1e-7,"day":"2026-4-4","io":"xfer"},{"id":"e5","ts":1775646000000,"cat":"food","amt":0,"day":"2026-4-8","io":"exp"},{"id":"e6","ts":1775476800000,"cat":"food","amt":10.5,"day":"2026-4-6","io":"xfer"}]|1775476800000,2026-4-6
flat	[{"id":"e0","ts":1775300400000,"cat":"food","amt":1e+21,"day":"2026-4-4","io":"xfer"},{"id":"e1","ts":1775908800000,"cat":"food","amt":-3.25,"day":"2026-4-11"},{"id":"e2","ts":1775566800000,"cat":"food","amt":10.5,"day":"2026-4-7","io":"xfer"},{"id":"e3","ts":1775649600000,"cat":"food","amt":1,"day":"2026-4-8"},{"id":"e4","ts":1775304000000,"cat":"food","amt":1e-7,"day":"2026-4-4","io":"xfer"},{"id":"e5","ts":1775646000000,"cat":"food","amt":0,"day":"2026-4-8","io":"exp"},{"id":"e6","ts":1775476800000,"cat":"food","amt":10.5,"day":"2026-4-6","io":"xfer"}]|1775476800000,2026-4-6,4
group	[{"id":"e0","ts":1767618000000,"cat":"food","amt":0.2,"day":"2026-1-6","io":"xfer"},{"id":"e1","ts":1767268800000,"cat":"food","amt":1e+21,"day":"2026-1-1","io":"inc"}]|1767186000000,2026-1-1
flat	[{"id":"e0","ts":1767618000000,"cat":"food","amt":0.2,"day":"2026-1-6","io":"xfer"},{"id":"e1","ts":1767268800000,"cat":"food","amt":1e+21,"day":"2026-1-1","io":"inc"}]|1767186000000,2026-1-1,2
group	[{"id":"e0","ts":1787778000000,"cat":"food","amt":1e-7,"day":"2026-8-27","io":"exp"}]|1787781600000,2026-8-27
flat	[{"id":"e0","ts":1787778000000,"cat":"food","amt":1e-7,"day":"2026-8-27","io":"exp"}]|1787781600000,2026-8-27,0
group	[{"id":"e0","ts":1787868000000,"cat":"food","amt":0,"day":"2026-8-28","io":"inc"},{"id":"e1","ts":1787781600000,"cat":"food","amt":0.1,"day":"2026-8-27"},{"id":"e2","ts":1787605200000,"cat":"food","amt":1,"day":"2026-8-25","io":"exp"},{"id":"e3","ts":1787864400000,"cat":"food","amt":10.5,"day":"2026-8-28","io":"inc"},{"id":"e4","ts":1787871600000,"cat":"food","amt":1e+21,"day":"2026-8-28","io":"inc"},{"id":"e5","ts":1787785200000,"cat":"food","amt":1,"day":"2026-8-27"},{"id":"e6","ts":1787695200000,"cat":"food","amt":1e+21,"day":"2026-8-26","io":"inc"}]|1787781600000,2026-8-27
flat	[{"id":"e0","ts":1787868000000,"cat":"food","amt":0,"day":"2026-8-28","io":"inc"},{"id":"e1","ts":1787781600000,"cat":"food","amt":0.1,"day":"2026-8-27"},{"id":"e2","ts":1787605200000,"cat":"food","amt":1,"day":"2026-8-25","io":"exp"},{"id":"e3","ts":1787864400000,"cat":"food","amt":10.5,"day":"2026-8-28","io":"inc"},{"id":"e4","ts":1787871600000,"cat":"food","amt":1e+21,"day":"2026-8-28","io":"inc"},{"id":"e5","ts":1787785200000,"cat":"food","amt":1,"day":"2026-8-27"},{"id":"e6","ts":1787695200000,"cat":"food","amt":1e+21,"day":"2026-8-26","io":"inc"}]|1787781600000,2026-8-27,2
group	[{"id":"e0","ts":1791370800000,"cat":"food","amt":0,"day":"2026-10-7"},{"id":"e1","ts":1791115200000,"cat":"food","amt":10.5,"day":"2026-10-4","io":"xfer"},{"id":"e2","ts":1790424000000,"cat":"food","amt":0,"day":"2026-9-26","io":"exp"}]|1791201600000,2026-10-5
flat	[{"id":"e0","ts":1791370800000,"cat":"food","amt":0,"day":"2026-10-7"},{"id":"e1","ts":1791115200000,"cat":"food","amt":10.5,"day":"2026-10-4","io":"xfer"},{"id":"e2","ts":1790424000000,"cat":"food","amt":0,"day":"2026-9-26","io":"exp"}]|1791201600000,2026-10-5,0
group	[{"id":"e0","ts":1791028800000,"cat":"food","amt":0.2,"day":"2026-10-3","io":"exp"},{"id":"e1","ts":1790859600000,"cat":"food","amt":0.2,"day":"2026-10-1"},{"id":"e2","ts":1791111600000,"cat":"food","amt":12345.678,"day":"2026-10-4","io":"exp"},{"id":"e3","ts":1791115200000,"cat":"food","amt":0,"day":"2026-10-4","io":"xfer"}]|1791028800000,2026-10-3
flat	[{"id":"e0","ts":1791028800000,"cat":"food","amt":0.2,"day":"2026-10-3","io":"exp"},{"id":"e1","ts":1790859600000,"cat":"food","amt":0.2,"day":"2026-10-1"},{"id":"e2","ts":1791111600000,"cat":"food","amt":12345.678,"day":"2026-10-4","io":"exp"},{"id":"e3","ts":1791115200000,"cat":"food","amt":0,"day":"2026-10-4","io":"xfer"}]|1791028800000,2026-10-3,4
group	[{"id":"e0","ts":1791032400000,"cat":"food","amt":0.1,"day":"2026-10-3"},{"id":"e1","ts":1791464400000,"cat":"food","amt":1,"day":"2026-10-9","io":"exp"},{"id":"e2","ts":1791028800000,"cat":"food","amt":0.2,"day":"2026-10-3","io":"xfer"},{"id":"e3","ts":1790251200000,"cat":"food","amt":0.1,"day":"2026-9-24","io":"inc"}]|1791028800000,2026-10-3
flat	[{"id":"e0","ts":1791032400000,"cat":"food","amt":0.1,"day":"2026-10-3"},{"id":"e1","ts":1791464400000,"cat":"food","amt":1,"day":"2026-10-9","io":"exp"},{"id":"e2","ts":1791028800000,"cat":"food","amt":0.2,"day":"2026-10-3","io":"xfer"},{"id":"e3","ts":1790251200000,"cat":"food","amt":0.1,"day":"2026-9-24","io":"inc"}]|1791028800000,2026-10-3,2
group	[{"id":"e0","ts":1791028800000,"cat":"food","amt":0,"day":"2026-10-3","io":"exp"},{"id":"e1","ts":1791374400000,"cat":"food","amt":0,"day":"2026-10-7","io":"exp"}]|1791201600000,2026-10-5
flat	[{"id":"e0","ts":1791028800000,"cat":"food","amt":0,"day":"2026-10-3","io":"exp"},{"id":"e1","ts":1791374400000,"cat":"food","amt":0,"day":"2026-10-7","io":"exp"}]|1791201600000,2026-10-5,1
group	[{"id":"e0","ts":1787544000000,"cat":"food","amt":0.1,"day":"2026-8-24","io":"exp"},{"id":"e1","ts":1787886000000,"cat":"food","amt":0,"day":"2026-8-28","io":"xfer"}]|1787713200000,2026-8-26
flat	[{"id":"e0","ts":1787544000000,"cat":"food","amt":0.1,"day":"2026-8-24","io":"exp"},{"id":"e1","ts":1787886000000,"cat":"food","amt":0,"day":"2026-8-28","io":"xfer"}]|1787713200000,2026-8-26,0
group	[]|1775304000000,2026-4-4
flat	[]|1775304000000,2026-4-4,4
group	[{"id":"e0","ts":1767276000000,"cat":"food","amt":0.2,"day":"2026-1-2","io":"xfer"}]|1767186000000,2026-1-1
flat	[{"id":"e0","ts":1767276000000,"cat":"food","amt":0.2,"day":"2026-1-2","io":"xfer"}]|1767186000000,2026-1-1,4
group	[{"id":"e0","ts":1775390400000,"cat":"food","amt":0,"day":"2026-4-5","io":"exp"}]|1775390400000,2026-4-5
flat	[{"id":"e0","ts":1775390400000,"cat":"food","amt":0,"day":"2026-4-5","io":"exp"}]|1775390400000,2026-4-5,1
group	[{"id":"e0","ts":1775649600000,"cat":"food","amt":-3.25,"day":"2026-4-8","io":"exp"}]|1775476800000,2026-4-6
flat	[{"id":"e0","ts":1775649600000,"cat":"food","amt":-3.25,"day":"2026-4-8","io":"exp"}]|1775476800000,2026-4-6,1
group	[{"id":"e0","ts":1767312000000,"cat":"food","amt":12345.678,"day":"2026-1-2","io":"inc"}]|1767229200000,2026-1-1
flat	[{"id":"e0","ts":1767312000000,"cat":"food","amt":12345.678,"day":"2026-1-2","io":"inc"}]|1767229200000,2026-1-1,0
group	[{"id":"e0","ts":1790942400000,"cat":"food","amt":0,"day":"2026-10-2","io":"xfer"},{"id":"e1","ts":1790852400000,"cat":"food","amt":1,"day":"2026-10-1"},{"id":"e2","ts":1791464400000,"cat":"food","amt":0.2,"day":"2026-10-9"},{"id":"e3","ts":1790251200000,"cat":"food","amt":-3.25,"day":"2026-9-24","io":"exp"},{"id":"e4","ts":1791025200000,"cat":"food","amt":1e+21,"day":"2026-10-3","io":"xfer"},{"id":"e5","ts":1790856000000,"cat":"food","amt":1e-7,"day":"2026-10-1","io":"xfer"},{"id":"e6","ts":1790856000000,"cat":"food","amt":1,"day":"2026-10-1","io":"inc"}]|1791028800000,2026-10-3
flat	[{"id":"e0","ts":1790942400000,"cat":"food","amt":0,"day":"2026-10-2","io":"xfer"},{"id":"e1","ts":1790852400000,"cat":"food","amt":1,"day":"2026-10-1"},{"id":"e2","ts":1791464400000,"cat":"food","amt":0.2,"day":"2026-10-9"},{"id":"e3","ts":1790251200000,"cat":"food","amt":-3.25,"day":"2026-9-24","io":"exp"},{"id":"e4","ts":1791025200000,"cat":"food","amt":1e+21,"day":"2026-10-3","io":"xfer"},{"id":"e5","ts":1790856000000,"cat":"food","amt":1e-7,"day":"2026-10-1","io":"xfer"},{"id":"e6","ts":1790856000000,"cat":"food","amt":1,"day":"2026-10-1","io":"inc"}]|1791028800000,2026-10-3,1
group	[]|1775304000000,2026-4-4
flat	[]|1775304000000,2026-4-4,3
group	[]|1775304000000,2026-4-4
flat	[]|1775304000000,2026-4-4,4
group	[{"id":"e0","ts":1791370800000,"cat":"food","amt":0.1,"day":"2026-10-7","io":"inc"},{"id":"e1","ts":1791201600000,"cat":"food","amt":1e-7,"day":"2026-10-5","io":"xfer"},{"id":"e2","ts":1791284400000,"cat":"food","amt":0,"day":"2026-10-6"},{"id":"e3","ts":1791633600000,"cat":"food","amt":1e+21,"day":"2026-10-10","io":"inc"},{"id":"e4","ts":1791028800000,"cat":"food","amt":12345.678,"day":"2026-10-3"},{"id":"e5","ts":1790424000000,"cat":"food","amt":1,"day":"2026-9-26","io":"inc"},{"id":"e6","ts":1790427600000,"cat":"food","amt":-3.25,"day":"2026-9-26","io":"inc"}]|1791201600000,2026-10-5
flat	[{"id":"e0","ts":1791370800000,"cat":"food","amt":0.1,"day":"2026-10-7","io":"inc"},{"id":"e1","ts":1791201600000,"cat":"food","amt":1e-7,"day":"2026-10-5","io":"xfer"},{"id":"e2","ts":1791284400000,"cat":"food","amt":0,"day":"2026-10-6"},{"id":"e3","ts":1791633600000,"cat":"food","amt":1e+21,"day":"2026-10-10","io":"inc"},{"id":"e4","ts":1791028800000,"cat":"food","amt":12345.678,"day":"2026-10-3"},{"id":"e5","ts":1790424000000,"cat":"food","amt":1,"day":"2026-9-26","io":"inc"},{"id":"e6","ts":1790427600000,"cat":"food","amt":-3.25,"day":"2026-9-26","io":"inc"}]|1791201600000,2026-10-5,2
group	[{"id":"e0","ts":1787695200000,"cat":"food","amt":0,"day":"2026-8-26","io":"inc"},{"id":"e1","ts":1787868000000,"cat":"food","amt":1e+21,"day":"2026-8-28","io":"inc"}]|1787781600000,2026-8-27
flat	[{"id":"e0","ts":1787695200000,"cat":"food","amt":0,"day":"2026-8-26","io":"inc"},{"id":"e1","ts":1787868000000,"cat":"food","amt":1e+21,"day":"2026-8-28","io":"inc"}]|1787781600000,2026-8-27,4
group	[{"id":"e0","ts":1787544000000,"cat":"food","amt":10.5,"day":"2026-8-24","io":"xfer"},{"id":"e1","ts":1788145200000,"cat":"food","amt":12345.678,"day":"2026-8-31"},{"id":"e2","ts":1788145200000,"cat":"food","amt":0.2,"day":"2026-8-31"},{"id":"e3","ts":1787803200000,"cat":"food","amt":0,"day":"2026-8-27","io":"inc"},{"id":"e4","ts":1787630400000,"cat":"food","amt":12345.678,"day":"2026-8-25","io":"exp"}]|1787713200000,2026-8-26
flat	[{"id":"e0","ts":1787544000000,"cat":"food","amt":10.5,"day":"2026-8-24","io":"xfer"},{"id":"e1","ts":1788145200000,"cat":"food","amt":12345.678,"day":"2026-8-31"},{"id":"e2","ts":1788145200000,"cat":"food","amt":0.2,"day":"2026-8-31"},{"id":"e3","ts":1787803200000,"cat":"food","amt":0,"day":"2026-8-27","io":"inc"},{"id":"e4","ts":1787630400000,"cat":"food","amt":12345.678,"day":"2026-8-25","io":"exp"}]|1787713200000,2026-8-26,1
group	[{"id":"e0","ts":1787691600000,"cat":"food","amt":1,"day":"2026-8-26","io":"exp"},{"id":"e1","ts":1787781600000,"cat":"food","amt":12345.678,"day":"2026-8-27","io":"exp"},{"id":"e2","ts":1788210000000,"cat":"food","amt":1e-7,"day":"2026-9-1"},{"id":"e3","ts":1787781600000,"cat":"food","amt":1,"day":"2026-8-27","io":"exp"}]|1787781600000,2026-8-27
flat	[{"id":"e0","ts":1787691600000,"cat":"food","amt":1,"day":"2026-8-26","io":"exp"},{"id":"e1","ts":1787781600000,"cat":"food","amt":12345.678,"day":"2026-8-27","io":"exp"},{"id":"e2","ts":1788210000000,"cat":"food","amt":1e-7,"day":"2026-9-1"},{"id":"e3","ts":1787781600000,"cat":"food","amt":1,"day":"2026-8-27","io":"exp"}]|1787781600000,2026-8-27,1
group	[{"id":"e0","ts":1767189600000,"cat":"food","amt":1e+21,"day":"2026-1-1","io":"xfer"},{"id":"e1","ts":1767362400000,"cat":"food","amt":-3.25,"day":"2026-1-3"}]|1767186000000,2026-1-1
flat	[{"id":"e0","ts":1767189600000,"cat":"food","amt":1e+21,"day":"2026-1-1","io":"xfer"},{"id":"e1","ts":1767362400000,"cat":"food","amt":-3.25,"day":"2026-1-3"}]|1767186000000,2026-1-1,0
group	[{"id":"e0","ts":1775221200000,"cat":"food","amt":1e+21,"day":"2026-4-4"},{"id":"e1","ts":1774612800000,"cat":"food","amt":0.2,"day":"2026-3-27"},{"id":"e2","ts":1775307600000,"cat":"food","amt":0.1,"day":"2026-4-5","io":"exp"},{"id":"e3","ts":1775390400000,"cat":"food","amt":-3.25,"day":"2026-4-5","io":"exp"},{"id":"e4","ts":1775390400000,"cat":"food","amt":1e+21,"day":"2026-4-5","io":"xfer"},{"id":"e5","ts":1775476800000,"cat":"food","amt":0.1,"day":"2026-4-6"},{"id":"e6","ts":1775822400000,"cat":"food","amt":1,"day":"2026-4-10","io":"xfer"}]|1775390400000,2026-4-5
flat	[{"id":"e0","ts":1775221200000,"cat":"food","amt":1e+21,"day":"2026-4-4"},{"id":"e1","ts":1774612800000,"cat":"food","amt":0.2,"day":"2026-3-27"},{"id":"e2","ts":1775307600000,"cat":"food","amt":0.1,"day":"2026-4-5","io":"exp"},{"id":"e3","ts":1775390400000,"cat":"food","amt":-3.25,"day":"2026-4-5","io":"exp"},{"id":"e4","ts":1775390400000,"cat":"food","amt":1e+21,"day":"2026-4-5","io":"xfer"},{"id":"e5","ts":1775476800000,"cat":"food","amt":0.1,"day":"2026-4-6"},{"id":"e6","ts":1775822400000,"cat":"food","amt":1,"day":"2026-4-10","io":"xfer"}]|1775390400000,2026-4-5,2
group	[{"id":"e0","ts":1767013200000,"cat":"food","amt":1,"day":"2025-12-30","io":"xfer"}]|1767186000000,2026-1-1
flat	[{"id":"e0","ts":1767013200000,"cat":"food","amt":1,"day":"2025-12-30","io":"xfer"}]|1767186000000,2026-1-1,2
group	[{"id":"e0","ts":1791288000000,"cat":"food","amt":-3.25,"day":"2026-10-6"},{"id":"e1","ts":1791118800000,"cat":"food","amt":1,"day":"2026-10-5","io":"exp"},{"id":"e2","ts":1791115200000,"cat":"food","amt":10.5,"day":"2026-10-4","io":"inc"}]|1791115200000,2026-10-4
flat	[{"id":"e0","ts":1791288000000,"cat":"food","amt":-3.25,"day":"2026-10-6"},{"id":"e1","ts":1791118800000,"cat":"food","amt":1,"day":"2026-10-5","io":"exp"},{"id":"e2","ts":1791115200000,"cat":"food","amt":10.5,"day":"2026-10-4","io":"inc"}]|1791115200000,2026-10-4,3
group	[{"id":"e0","ts":1791464400000,"cat":"food","amt":0.1,"day":"2026-10-9","io":"xfer"},{"id":"e1","ts":1791198000000,"cat":"food","amt":10.5,"day":"2026-10-5"},{"id":"e2","ts":1790856000000,"cat":"food","amt":1e-7,"day":"2026-10-1","io":"inc"},{"id":"e3","ts":1791460800000,"cat":"food","amt":0,"day":"2026-10-8","io":"exp"}]|1791028800000,2026-10-3
flat	[{"id":"e0","ts":1791464400000,"cat":"food","amt":0.1,"day":"2026-10-9","io":"xfer"},{"id":"e1","ts":1791198000000,"cat":"food","amt":10.5,"day":"2026-10-5"},{"id":"e2","ts":1790856000000,"cat":"food","amt":1e-7,"day":"2026-10-1","io":"inc"},{"id":"e3","ts":1791460800000,"cat":"food","amt":0,"day":"2026-10-8","io":"exp"}]|1791028800000,2026-10-3,0
group	[{"id":"e0","ts":1786932000000,"cat":"food","amt":0,"day":"2026-8-17","io":"inc"},{"id":"e1","ts":1787623200000,"cat":"food","amt":10.5,"day":"2026-8-25","io":"xfer"},{"id":"e2","ts":1788148800000,"cat":"food","amt":0,"day":"2026-8-31"},{"id":"e3","ts":1787540400000,"cat":"food","amt":-3.25,"day":"2026-8-24","io":"inc"},{"id":"e4","ts":1787799600000,"cat":"food","amt":10.5,"day":"2026-8-27","io":"xfer"}]|1787713200000,2026-8-26
flat	[{"id":"e0","ts":1786932000000,"cat":"food","amt":0,"day":"2026-8-17","io":"inc"},{"id":"e1","ts":1787623200000,"cat":"food","amt":10.5,"day":"2026-8-25","io":"xfer"},{"id":"e2","ts":1788148800000,"cat":"food","amt":0,"day":"2026-8-31"},{"id":"e3","ts":1787540400000,"cat":"food","amt":-3.25,"day":"2026-8-24","io":"inc"},{"id":"e4","ts":1787799600000,"cat":"food","amt":10.5,"day":"2026-8-27","io":"xfer"}]|1787713200000,2026-8-26,1
group	[{"id":"e0","ts":1787868000000,"cat":"food","amt":0.2,"day":"2026-8-28","io":"inc"},{"id":"e1","ts":1787958000000,"cat":"food","amt":0,"day":"2026-8-29","io":"xfer"},{"id":"e2","ts":1787695200000,"cat":"food","amt":1e-7,"day":"2026-8-26","io":"xfer"},{"id":"e3","ts":1787868000000,"cat":"food","amt":12345.678,"day":"2026-8-28","io":"exp"},{"id":"e4","ts":1787007600000,"cat":"food","amt":1e+21,"day":"2026-8-18","io":"xfer"}]|1787781600000,2026-8-27
flat	[{"id":"e0","ts":1787868000000,"cat":"food","amt":0.2,"day":"2026-8-28","io":"inc"},{"id":"e1","ts":1787958000000,"cat":"food","amt":0,"day":"2026-8-29","io":"xfer"},{"id":"e2","ts":1787695200000,"cat":"food","amt":1e-7,"day":"2026-8-26","io":"xfer"},{"id":"e3","ts":1787868000000,"cat":"food","amt":12345.678,"day":"2026-8-28","io":"exp"},{"id":"e4","ts":1787007600000,"cat":"food","amt":1e+21,"day":"2026-8-18","io":"xfer"}]|1787781600000,2026-8-27,2
group	[{"id":"e0","ts":1774526400000,"cat":"food","amt":-3.25,"day":"2026-3-26","io":"xfer"},{"id":"e1","ts":1775736000000,"cat":"food","amt":10.5,"day":"2026-4-9","io":"xfer"},{"id":"e2","ts":1775473200000,"cat":"food","amt":10.5,"day":"2026-4-6","io":"exp"},{"id":"e3","ts":1775739600000,"cat":"food","amt":0,"day":"2026-4-9","io":"xfer"},{"id":"e4","ts":1775127600000,"cat":"food","amt":0.1,"day":"2026-4-2","io":"exp"},{"id":"e5","ts":1775739600000,"cat":"food","amt":0.2,"day":"2026-4-9","io":"xfer"}]|1775304000000,2026-4-4
flat	[{"id":"e0","ts":1774526400000,"cat":"food","amt":-3.25,"day":"2026-3-26","io":"xfer"},{"id":"e1","ts":1775736000000,"cat":"food","amt":10.5,"day":"2026-4-9","io":"xfer"},{"id":"e2","ts":1775473200000,"cat":"food","amt":10.5,"day":"2026-4-6","io":"exp"},{"id":"e3","ts":1775739600000,"cat":"food","amt":0,"day":"2026-4-9","io":"xfer"},{"id":"e4","ts":1775127600000,"cat":"food","amt":0.1,"day":"2026-4-2","io":"exp"},{"id":"e5","ts":1775739600000,"cat":"food","amt":0.2,"day":"2026-4-9","io":"xfer"}]|1775304000000,2026-4-4,1
group	[{"id":"e0","ts":1767657600000,"cat":"food","amt":0.1,"day":"2026-1-6","io":"exp"},{"id":"e1","ts":1767405600000,"cat":"food","amt":0.2,"day":"2026-1-3","io":"inc"},{"id":"e2","ts":1767225600000,"cat":"food","amt":0,"day":"2026-1-1"},{"id":"e3","ts":1766451600000,"cat":"food","amt":0,"day":"2025-12-23"},{"id":"e4","ts":1767060000000,"cat":"food","amt":-3.25,"day":"2025-12-30","io":"xfer"}]|1767229200000,2026-1-1
flat	[{"id":"e0","ts":1767657600000,"cat":"food","amt":0.1,"day":"2026-1-6","io":"exp"},{"id":"e1","ts":1767405600000,"cat":"food","amt":0.2,"day":"2026-1-3","io":"inc"},{"id":"e2","ts":1767225600000,"cat":"food","amt":0,"day":"2026-1-1"},{"id":"e3","ts":1766451600000,"cat":"food","amt":0,"day":"2025-12-23"},{"id":"e4","ts":1767060000000,"cat":"food","amt":-3.25,"day":"2025-12-30","io":"xfer"}]|1767229200000,2026-1-1,1
group	[]|1791028800000,2026-10-3
flat	[]|1791028800000,2026-10-3,1
group	[{"id":"e0","ts":1775217600000,"cat":"food","amt":1e-7,"day":"2026-4-3"},{"id":"e1","ts":1775304000000,"cat":"food","amt":1e-7,"day":"2026-4-4","io":"exp"},{"id":"e2","ts":1775826000000,"cat":"food","amt":1,"day":"2026-4-10"},{"id":"e3","ts":1775559600000,"cat":"food","amt":1e-7,"day":"2026-4-7","io":"inc"},{"id":"e4","ts":1775473200000,"cat":"food","amt":-3.25,"day":"2026-4-6","io":"exp"},{"id":"e5","ts":1775221200000,"cat":"food","amt":1e+21,"day":"2026-4-4","io":"exp"}]|1775390400000,2026-4-5
flat	[{"id":"e0","ts":1775217600000,"cat":"food","amt":1e-7,"day":"2026-4-3"},{"id":"e1","ts":1775304000000,"cat":"food","amt":1e-7,"day":"2026-4-4","io":"exp"},{"id":"e2","ts":1775826000000,"cat":"food","amt":1,"day":"2026-4-10"},{"id":"e3","ts":1775559600000,"cat":"food","amt":1e-7,"day":"2026-4-7","io":"inc"},{"id":"e4","ts":1775473200000,"cat":"food","amt":-3.25,"day":"2026-4-6","io":"exp"},{"id":"e5","ts":1775221200000,"cat":"food","amt":1e+21,"day":"2026-4-4","io":"exp"}]|1775390400000,2026-4-5,0
group	[{"id":"e0","ts":1767661200000,"cat":"food","amt":1e+21,"day":"2026-1-6","io":"inc"},{"id":"e1","ts":1767664800000,"cat":"food","amt":0.2,"day":"2026-1-6","io":"xfer"},{"id":"e2","ts":1767229200000,"cat":"food","amt":0.1,"day":"2026-1-1","io":"inc"}]|1767229200000,2026-1-1
flat	[{"id":"e0","ts":1767661200000,"cat":"food","amt":1e+21,"day":"2026-1-6","io":"inc"},{"id":"e1","ts":1767664800000,"cat":"food","amt":0.2,"day":"2026-1-6","io":"xfer"},{"id":"e2","ts":1767229200000,"cat":"food","amt":0.1,"day":"2026-1-1","io":"inc"}]|1767229200000,2026-1-1,2
group	[{"id":"e0","ts":1775304000000,"cat":"food","amt":-3.25,"day":"2026-4-4","io":"inc"},{"id":"e1","ts":1774612800000,"cat":"food","amt":-3.25,"day":"2026-3-27"},{"id":"e2","ts":1775390400000,"cat":"food","amt":-3.25,"day":"2026-4-5","io":"inc"},{"id":"e3","ts":1775386800000,"cat":"food","amt":0,"day":"2026-4-5","io":"exp"},{"id":"e4","ts":1775390400000,"cat":"food","amt":0.2,"day":"2026-4-5","io":"inc"}]|1775390400000,2026-4-5
flat	[{"id":"e0","ts":1775304000000,"cat":"food","amt":-3.25,"day":"2026-4-4","io":"inc"},{"id":"e1","ts":1774612800000,"cat":"food","amt":-3.25,"day":"2026-3-27"},{"id":"e2","ts":1775390400000,"cat":"food","amt":-3.25,"day":"2026-4-5","io":"inc"},{"id":"e3","ts":1775386800000,"cat":"food","amt":0,"day":"2026-4-5","io":"exp"},{"id":"e4","ts":1775390400000,"cat":"food","amt":0.2,"day":"2026-4-5","io":"inc"}]|1775390400000,2026-4-5,3
group	[{"id":"e0","ts":1790337600000,"cat":"food","amt":1e+21,"day":"2026-9-25","io":"xfer"},{"id":"e1","ts":1790942400000,"cat":"food","amt":1e-7,"day":"2026-10-2","io":"exp"},{"id":"e2","ts":1790337600000,"cat":"food","amt":12345.678,"day":"2026-9-25","io":"exp"},{"id":"e3","ts":1791118800000,"cat":"food","amt":0.1,"day":"2026-10-5"},{"id":"e4","ts":1791115200000,"cat":"food","amt":0,"day":"2026-10-4","io":"xfer"},{"id":"e5","ts":1791115200000,"cat":"food","amt":0,"day":"2026-10-4","io":"xfer"},{"id":"e6","ts":1791198000000,"cat":"food","amt":-3.25,"day":"2026-10-5","io":"exp"}]|1791115200000,2026-10-4
flat	[{"id":"e0","ts":1790337600000,"cat":"food","amt":1e+21,"day":"2026-9-25","io":"xfer"},{"id":"e1","ts":1790942400000,"cat":"food","amt":1e-7,"day":"2026-10-2","io":"exp"},{"id":"e2","ts":1790337600000,"cat":"food","amt":12345.678,"day":"2026-9-25","io":"exp"},{"id":"e3","ts":1791118800000,"cat":"food","amt":0.1,"day":"2026-10-5"},{"id":"e4","ts":1791115200000,"cat":"food","amt":0,"day":"2026-10-4","io":"xfer"},{"id":"e5","ts":1791115200000,"cat":"food","amt":0,"day":"2026-10-4","io":"xfer"},{"id":"e6","ts":1791198000000,"cat":"food","amt":-3.25,"day":"2026-10-5","io":"exp"}]|1791115200000,2026-10-4,1
group	[{"id":"e0","ts":1775300400000,"cat":"food","amt":1e+21,"day":"2026-4-4","io":"inc"},{"id":"e1","ts":1775131200000,"cat":"food","amt":0.1,"day":"2026-4-2","io":"xfer"},{"id":"e2","ts":1774522800000,"cat":"food","amt":1e+21,"day":"2026-3-26","io":"exp"},{"id":"e3","ts":1775131200000,"cat":"food","amt":0,"day":"2026-4-2"},{"id":"e4","ts":1775217600000,"cat":"food","amt":0.1,"day":"2026-4-3","io":"xfer"},{"id":"e5","ts":1775736000000,"cat":"food","amt":0.1,"day":"2026-4-9"}]|1775304000000,2026-4-4
flat	[{"id":"e0","ts":1775300400000,"cat":"food","amt":1e+21,"day":"2026-4-4","io":"inc"},{"id":"e1","ts":1775131200000,"cat":"food","amt":0.1,"day":"2026-4-2","io":"xfer"},{"id":"e2","ts":1774522800000,"cat":"food","amt":1e+21,"day":"2026-3-26","io":"exp"},{"id":"e3","ts":1775131200000,"cat":"food","amt":0,"day":"2026-4-2"},{"id":"e4","ts":1775217600000,"cat":"food","amt":0.1,"day":"2026-4-3","io":"xfer"},{"id":"e5","ts":1775736000000,"cat":"food","amt":0.1,"day":"2026-4-9"}]|1775304000000,2026-4-4,0
group	[{"id":"e0","ts":1791201600000,"cat":"food","amt":0,"day":"2026-10-5","io":"inc"}]|1791028800000,2026-10-3
flat	[{"id":"e0","ts":1791201600000,"cat":"food","amt":0,"day":"2026-10-5","io":"inc"}]|1791028800000,2026-10-3,2
group	[{"id":"e0","ts":1790251200000,"cat":"food","amt":12345.678,"day":"2026-9-24"}]|1791028800000,2026-10-3
flat	[{"id":"e0","ts":1790251200000,"cat":"food","amt":12345.678,"day":"2026-9-24"}]|1791028800000,2026-10-3,0
group	[{"id":"e0","ts":1791118800000,"cat":"food","amt":1,"day":"2026-10-5","io":"inc"},{"id":"e1","ts":1790859600000,"cat":"food","amt":10.5,"day":"2026-10-1","io":"xfer"},{"id":"e2","ts":1790942400000,"cat":"food","amt":0.1,"day":"2026-10-2"},{"id":"e3","ts":1790251200000,"cat":"food","amt":1,"day":"2026-9-24","io":"xfer"}]|1791028800000,2026-10-3
flat	[{"id":"e0","ts":1791118800000,"cat":"food","amt":1,"day":"2026-10-5","io":"inc"},{"id":"e1","ts":1790859600000,"cat":"food","amt":10.5,"day":"2026-10-1","io":"xfer"},{"id":"e2","ts":1790942400000,"cat":"food","amt":0.1,"day":"2026-10-2"},{"id":"e3","ts":1790251200000,"cat":"food","amt":1,"day":"2026-9-24","io":"xfer"}]|1791028800000,2026-10-3,3
group	[{"id":"e0","ts":1775304000000,"cat":"food","amt":1e+21,"day":"2026-4-4"},{"id":"e1","ts":1775221200000,"cat":"food","amt":12345.678,"day":"2026-4-4","io":"inc"},{"id":"e2","ts":1775386800000,"cat":"food","amt":1e-7,"day":"2026-4-5"},{"id":"e3","ts":1775480400000,"cat":"food","amt":0.1,"day":"2026-4-6","io":"exp"},{"id":"e4","ts":1775480400000,"cat":"food","amt":0.2,"day":"2026-4-6"}]|1775390400000,2026-4-5
flat	[{"id":"e0","ts":1775304000000,"cat":"food","amt":1e+21,"day":"2026-4-4"},{"id":"e1","ts":1775221200000,"cat":"food","amt":12345.678,"day":"2026-4-4","io":"inc"},{"id":"e2","ts":1775386800000,"cat":"food","amt":1e-7,"day":"2026-4-5"},{"id":"e3","ts":1775480400000,"cat":"food","amt":0.1,"day":"2026-4-6","io":"exp"},{"id":"e4","ts":1775480400000,"cat":"food","amt":0.2,"day":"2026-4-6"}]|1775390400000,2026-4-5,0
group	[{"id":"e0","ts":1767060000000,"cat":"food","amt":0.1,"day":"2025-12-30","io":"inc"},{"id":"e1","ts":1767398400000,"cat":"food","amt":-3.25,"day":"2026-1-3"},{"id":"e2","ts":1767402000000,"cat":"food","amt":1e-7,"day":"2026-1-3","io":"exp"},{"id":"e3","ts":1767664800000,"cat":"food","amt":-3.25,"day":"2026-1-6","io":"xfer"},{"id":"e4","ts":1766448000000,"cat":"food","amt":-3.25,"day":"2025-12-23","io":"inc"},{"id":"e5","ts":1767056400000,"cat":"food","amt":0,"day":"2025-12-30","io":"exp"}]|1767229200000,2026-1-1
flat	[{"id":"e0","ts":1767060000000,"cat":"food","amt":0.1,"day":"2025-12-30","io":"inc"},{"id":"e1","ts":1767398400000,"cat":"food","amt":-3.25,"day":"2026-1-3"},{"id":"e2","ts":1767402000000,"cat":"food","amt":1e-7,"day":"2026-1-3","io":"exp"},{"id":"e3","ts":1767664800000,"cat":"food","amt":-3.25,"day":"2026-1-6","io":"xfer"},{"id":"e4","ts":1766448000000,"cat":"food","amt":-3.25,"day":"2025-12-23","io":"inc"},{"id":"e5","ts":1767056400000,"cat":"food","amt":0,"day":"2025-12-30","io":"exp"}]|1767229200000,2026-1-1,3
group	[{"id":"e0","ts":1791028800000,"cat":"food","amt":10.5,"day":"2026-10-3","io":"inc"}]|1791115200000,2026-10-4
flat	[{"id":"e0","ts":1791028800000,"cat":"food","amt":10.5,"day":"2026-10-3","io":"inc"}]|1791115200000,2026-10-4,4
group	[{"id":"e0","ts":1767186000000,"cat":"food","amt":0,"day":"2026-1-1"}]|1767186000000,2026-1-1
flat	[{"id":"e0","ts":1767186000000,"cat":"food","amt":0,"day":"2026-1-1"}]|1767186000000,2026-1-1,1
group	[{"id":"e0","ts":1790946000000,"cat":"food","amt":0,"day":"2026-10-2","io":"inc"},{"id":"e1","ts":1791111600000,"cat":"food","amt":0,"day":"2026-10-4","io":"inc"}]|1791115200000,2026-10-4
flat	[{"id":"e0","ts":1790946000000,"cat":"food","amt":0,"day":"2026-10-2","io":"inc"},{"id":"e1","ts":1791111600000,"cat":"food","amt":0,"day":"2026-10-4","io":"inc"}]|1791115200000,2026-10-4,1
group	[{"id":"e0","ts":1775649600000,"cat":"food","amt":1e-7,"day":"2026-4-8","io":"exp"},{"id":"e1","ts":1775912400000,"cat":"food","amt":1e-7,"day":"2026-4-11","io":"xfer"},{"id":"e2","ts":1775912400000,"cat":"food","amt":-3.25,"day":"2026-4-11","io":"inc"},{"id":"e3","ts":1775304000000,"cat":"food","amt":12345.678,"day":"2026-4-4"},{"id":"e4","ts":1775908800000,"cat":"food","amt":12345.678,"day":"2026-4-11","io":"inc"},{"id":"e5","ts":1775559600000,"cat":"food","amt":0.2,"day":"2026-4-7","io":"inc"},{"id":"e6","ts":1775473200000,"cat":"food","amt":10.5,"day":"2026-4-6"}]|1775476800000,2026-4-6
flat	[{"id":"e0","ts":1775649600000,"cat":"food","amt":1e-7,"day":"2026-4-8","io":"exp"},{"id":"e1","ts":1775912400000,"cat":"food","amt":1e-7,"day":"2026-4-11","io":"xfer"},{"id":"e2","ts":1775912400000,"cat":"food","amt":-3.25,"day":"2026-4-11","io":"inc"},{"id":"e3","ts":1775304000000,"cat":"food","amt":12345.678,"day":"2026-4-4"},{"id":"e4","ts":1775908800000,"cat":"food","amt":12345.678,"day":"2026-4-11","io":"inc"},{"id":"e5","ts":1775559600000,"cat":"food","amt":0.2,"day":"2026-4-7","io":"inc"},{"id":"e6","ts":1775473200000,"cat":"food","amt":10.5,"day":"2026-4-6"}]|1775476800000,2026-4-6,3
group	[{"id":"e0","ts":1775127600000,"cat":"food","amt":1e-7,"day":"2026-4-2","io":"exp"},{"id":"e1","ts":1775473200000,"cat":"food","amt":1,"day":"2026-4-6","io":"xfer"},{"id":"e2","ts":1775214000000,"cat":"food","amt":0,"day":"2026-4-3","io":"inc"}]|1775304000000,2026-4-4
flat	[{"id":"e0","ts":1775127600000,"cat":"food","amt":1e-7,"day":"2026-4-2","io":"exp"},{"id":"e1","ts":1775473200000,"cat":"food","amt":1,"day":"2026-4-6","io":"xfer"},{"id":"e2","ts":1775214000000,"cat":"food","amt":0,"day":"2026-4-3","io":"inc"}]|1775304000000,2026-4-4,1
group	[{"id":"e0","ts":1790247600000,"cat":"food","amt":0.2,"day":"2026-9-24","io":"exp"},{"id":"e1","ts":1791464400000,"cat":"food","amt":1,"day":"2026-10-9"},{"id":"e2","ts":1790251200000,"cat":"food","amt":1e-7,"day":"2026-9-24","io":"xfer"},{"id":"e3","ts":1791198000000,"cat":"food","amt":0,"day":"2026-10-5","io":"xfer"},{"id":"e4","ts":1791028800000,"cat":"food","amt":-3.25,"day":"2026-10-3","io":"xfer"}]|1791028800000,2026-10-3
flat	[{"id":"e0","ts":1790247600000,"cat":"food","amt":0.2,"day":"2026-9-24","io":"exp"},{"id":"e1","ts":1791464400000,"cat":"food","amt":1,"day":"2026-10-9"},{"id":"e2","ts":1790251200000,"cat":"food","amt":1e-7,"day":"2026-9-24","io":"xfer"},{"id":"e3","ts":1791198000000,"cat":"food","amt":0,"day":"2026-10-5","io":"xfer"},{"id":"e4","ts":1791028800000,"cat":"food","amt":-3.25,"day":"2026-10-3","io":"xfer"}]|1791028800000,2026-10-3,4
group	[{"id":"e0","ts":1791288000000,"cat":"food","amt":0.1,"day":"2026-10-6","io":"xfer"},{"id":"e1","ts":1791205200000,"cat":"food","amt":0.2,"day":"2026-10-6","io":"exp"},{"id":"e2","ts":1791374400000,"cat":"food","amt":0.1,"day":"2026-10-7","io":"exp"},{"id":"e3","ts":1791288000000,"cat":"food","amt":-3.25,"day":"2026-10-6","io":"inc"}]|1791201600000,2026-10-5
flat	[{"id":"e0","ts":1791288000000,"cat":"food","amt":0.1,"day":"2026-10-6","io":"xfer"},{"id":"e1","ts":1791205200000,"cat":"food","amt":0.2,"day":"2026-10-6","io":"exp"},{"id":"e2","ts":1791374400000,"cat":"food","amt":0.1,"day":"2026-10-7","io":"exp"},{"id":"e3","ts":1791288000000,"cat":"food","amt":-3.25,"day":"2026-10-6","io":"inc"}]|1791201600000,2026-10-5,2
group	[{"id":"e0","ts":1787000400000,"cat":"food","amt":0.1,"day":"2026-8-18","io":"exp"},{"id":"e1","ts":1787605200000,"cat":"food","amt":12345.678,"day":"2026-8-25","io":"exp"},{"id":"e2","ts":1787695200000,"cat":"food","amt":0.1,"day":"2026-8-26","io":"xfer"},{"id":"e3","ts":1787868000000,"cat":"food","amt":10.5,"day":"2026-8-28","io":"xfer"}]|1787781600000,2026-8-27
flat	[{"id":"e0","ts":1787000400000,"cat":"food","amt":0.1,"day":"2026-8-18","io":"exp"},{"id":"e1","ts":1787605200000,"cat":"food","amt":12345.678,"day":"2026-8-25","io":"exp"},{"id":"e2","ts":1787695200000,"cat":"food","amt":0.1,"day":"2026-8-26","io":"xfer"},{"id":"e3","ts":1787868000000,"cat":"food","amt":10.5,"day":"2026-8-28","io":"xfer"}]|1787781600000,2026-8-27,1
group	[{"id":"e0","ts":1790946000000,"cat":"food","amt":0.1,"day":"2026-10-2","io":"exp"},{"id":"e1","ts":1791032400000,"cat":"food","amt":1,"day":"2026-10-3","io":"xfer"},{"id":"e2","ts":1790334000000,"cat":"food","amt":-3.25,"day":"2026-9-25","io":"exp"},{"id":"e3","ts":1791288000000,"cat":"food","amt":0.2,"day":"2026-10-6","io":"inc"},{"id":"e4","ts":1791115200000,"cat":"food","amt":0,"day":"2026-10-4","io":"xfer"},{"id":"e5","ts":1791201600000,"cat":"food","amt":0,"day":"2026-10-5","io":"inc"},{"id":"e6","ts":1791284400000,"cat":"food","amt":-3.25,"day":"2026-10-6"}]|1791115200000,2026-10-4
flat	[{"id":"e0","ts":1790946000000,"cat":"food","amt":0.1,"day":"2026-10-2","io":"exp"},{"id":"e1","ts":1791032400000,"cat":"food","amt":1,"day":"2026-10-3","io":"xfer"},{"id":"e2","ts":1790334000000,"cat":"food","amt":-3.25,"day":"2026-9-25","io":"exp"},{"id":"e3","ts":1791288000000,"cat":"food","amt":0.2,"day":"2026-10-6","io":"inc"},{"id":"e4","ts":1791115200000,"cat":"food","amt":0,"day":"2026-10-4","io":"xfer"},{"id":"e5","ts":1791201600000,"cat":"food","amt":0,"day":"2026-10-5","io":"inc"},{"id":"e6","ts":1791284400000,"cat":"food","amt":-3.25,"day":"2026-10-6"}]|1791115200000,2026-10-4,3
group	[{"id":"e0","ts":1775390400000,"cat":"food","amt":0,"day":"2026-4-5","io":"exp"},{"id":"e1","ts":1775131200000,"cat":"food","amt":0.1,"day":"2026-4-2","io":"exp"},{"id":"e2","ts":1775134800000,"cat":"food","amt":0,"day":"2026-4-3"},{"id":"e3","ts":1775307600000,"cat":"food","amt":0.1,"day":"2026-4-5","io":"exp"},{"id":"e4","ts":1775390400000,"cat":"food","amt":1,"day":"2026-4-5","io":"inc"},{"id":"e5","ts":1775221200000,"cat":"food","amt":0,"day":"2026-4-4","io":"xfer"},{"id":"e6","ts":1775476800000,"cat":"food","amt":0,"day":"2026-4-6","io":"exp"}]|1775304000000,2026-4-4
flat	[{"id":"e0","ts":1775390400000,"cat":"food","amt":0,"day":"2026-4-5","io":"exp"},{"id":"e1","ts":1775131200000,"cat":"food","amt":0.1,"day":"2026-4-2","io":"exp"},{"id":"e2","ts":1775134800000,"cat":"food","amt":0,"day":"2026-4-3"},{"id":"e3","ts":1775307600000,"cat":"food","amt":0.1,"day":"2026-4-5","io":"exp"},{"id":"e4","ts":1775390400000,"cat":"food","amt":1,"day":"2026-4-5","io":"inc"},{"id":"e5","ts":1775221200000,"cat":"food","amt":0,"day":"2026-4-4","io":"xfer"},{"id":"e6","ts":1775476800000,"cat":"food","amt":0,"day":"2026-4-6","io":"exp"}]|1775304000000,2026-4-4,0
group	[{"id":"e0","ts":1787698800000,"cat":"food","amt":0.2,"day":"2026-8-26","io":"inc"}]|1787781600000,2026-8-27
flat	[{"id":"e0","ts":1787698800000,"cat":"food","amt":0.2,"day":"2026-8-26","io":"inc"}]|1787781600000,2026-8-27,3
group	[{"id":"e0","ts":1790424000000,"cat":"food","amt":1e+21,"day":"2026-9-26","io":"exp"},{"id":"e1","ts":1791201600000,"cat":"food","amt":0,"day":"2026-10-5","io":"inc"},{"id":"e2","ts":1791198000000,"cat":"food","amt":0,"day":"2026-10-5","io":"xfer"}]|1791201600000,2026-10-5
flat	[{"id":"e0","ts":1790424000000,"cat":"food","amt":1e+21,"day":"2026-9-26","io":"exp"},{"id":"e1","ts":1791201600000,"cat":"food","amt":0,"day":"2026-10-5","io":"inc"},{"id":"e2","ts":1791198000000,"cat":"food","amt":0,"day":"2026-10-5","io":"xfer"}]|1791201600000,2026-10-5,0
group	[{"id":"e0","ts":1791118800000,"cat":"food","amt":1,"day":"2026-10-5"},{"id":"e1","ts":1791025200000,"cat":"food","amt":-3.25,"day":"2026-10-3","io":"exp"}]|1791115200000,2026-10-4
flat	[{"id":"e0","ts":1791118800000,"cat":"food","amt":1,"day":"2026-10-5"},{"id":"e1","ts":1791025200000,"cat":"food","amt":-3.25,"day":"2026-10-3","io":"exp"}]|1791115200000,2026-10-4,1
group	[{"id":"e0","ts":1791284400000,"cat":"food","amt":10.5,"day":"2026-10-6","io":"xfer"}]|1791115200000,2026-10-4
flat	[{"id":"e0","ts":1791284400000,"cat":"food","amt":10.5,"day":"2026-10-6","io":"xfer"}]|1791115200000,2026-10-4,3
group	[{"id":"e0","ts":1791288000000,"cat":"food","amt":0,"day":"2026-10-6","io":"xfer"},{"id":"e1","ts":1791288000000,"cat":"food","amt":0,"day":"2026-10-6","io":"exp"},{"id":"e2","ts":1791284400000,"cat":"food","amt":12345.678,"day":"2026-10-6","io":"xfer"},{"id":"e3","ts":1790337600000,"cat":"food","amt":-3.25,"day":"2026-9-25"},{"id":"e4","ts":1791550800000,"cat":"food","amt":12345.678,"day":"2026-10-10","io":"xfer"},{"id":"e5","ts":1790938800000,"cat":"food","amt":1,"day":"2026-10-2","io":"exp"}]|1791115200000,2026-10-4
flat	[{"id":"e0","ts":1791288000000,"cat":"food","amt":0,"day":"2026-10-6","io":"xfer"},{"id":"e1","ts":1791288000000,"cat":"food","amt":0,"day":"2026-10-6","io":"exp"},{"id":"e2","ts":1791284400000,"cat":"food","amt":12345.678,"day":"2026-10-6","io":"xfer"},{"id":"e3","ts":1790337600000,"cat":"food","amt":-3.25,"day":"2026-9-25"},{"id":"e4","ts":1791550800000,"cat":"food","amt":12345.678,"day":"2026-10-10","io":"xfer"},{"id":"e5","ts":1790938800000,"cat":"food","amt":1,"day":"2026-10-2","io":"exp"}]|1791115200000,2026-10-4,0
group	[{"id":"e0","ts":1775563200000,"cat":"food","amt":0,"day":"2026-4-7","io":"xfer"},{"id":"e1","ts":1775476800000,"cat":"food","amt":12345.678,"day":"2026-4-6"},{"id":"e2","ts":1775653200000,"cat":"food","amt":0,"day":"2026-4-8","io":"xfer"}]|1775476800000,2026-4-6
flat	[{"id":"e0","ts":1775563200000,"cat":"food","amt":0,"day":"2026-4-7","io":"xfer"},{"id":"e1","ts":1775476800000,"cat":"food","amt":12345.678,"day":"2026-4-6"},{"id":"e2","ts":1775653200000,"cat":"food","amt":0,"day":"2026-4-8","io":"xfer"}]|1775476800000,2026-4-6,1
group	[{"id":"e0","ts":1788148800000,"cat":"food","amt":10.5,"day":"2026-8-31","io":"inc"},{"id":"e1","ts":1787540400000,"cat":"food","amt":10.5,"day":"2026-8-24"},{"id":"e2","ts":1788145200000,"cat":"food","amt":10.5,"day":"2026-8-31","io":"xfer"},{"id":"e3","ts":1787630400000,"cat":"food","amt":0.2,"day":"2026-8-25","io":"xfer"},{"id":"e4","ts":1787709600000,"cat":"food","amt":1e-7,"day":"2026-8-26","io":"xfer"}]|1787713200000,2026-8-26
flat	[{"id":"e0","ts":1788148800000,"cat":"food","amt":10.5,"day":"2026-8-31","io":"inc"},{"id":"e1","ts":1787540400000,"cat":"food","amt":10.5,"day":"2026-8-24"},{"id":"e2","ts":1788145200000,"cat":"food","amt":10.5,"day":"2026-8-31","io":"xfer"},{"id":"e3","ts":1787630400000,"cat":"food","amt":0.2,"day":"2026-8-25","io":"xfer"},{"id":"e4","ts":1787709600000,"cat":"food","amt":1e-7,"day":"2026-8-26","io":"xfer"}]|1787713200000,2026-8-26,4
group	[{"id":"e0","ts":1774699200000,"cat":"food","amt":1e+21,"day":"2026-3-28"},{"id":"e1","ts":1775473200000,"cat":"food","amt":0.1,"day":"2026-4-6","io":"xfer"},{"id":"e2","ts":1775908800000,"cat":"food","amt":0,"day":"2026-4-11","io":"exp"},{"id":"e3","ts":1775473200000,"cat":"food","amt":-3.25,"day":"2026-4-6","io":"xfer"},{"id":"e4","ts":1774699200000,"cat":"food","amt":-3.25,"day":"2026-3-28","io":"inc"},{"id":"e5","ts":1775390400000,"cat":"food","amt":1,"day":"2026-4-5","io":"inc"},{"id":"e6","ts":1775559600000,"cat":"food","amt":10.5,"day":"2026-4-7","io":"xfer"}]|1775476800000,2026-4-6
flat	[{"id":"e0","ts":1774699200000,"cat":"food","amt":1e+21,"day":"2026-3-28"},{"id":"e1","ts":1775473200000,"cat":"food","amt":0.1,"day":"2026-4-6","io":"xfer"},{"id":"e2","ts":1775908800000,"cat":"food","amt":0,"day":"2026-4-11","io":"exp"},{"id":"e3","ts":1775473200000,"cat":"food","amt":-3.25,"day":"2026-4-6","io":"xfer"},{"id":"e4","ts":1774699200000,"cat":"food","amt":-3.25,"day":"2026-3-28","io":"inc"},{"id":"e5","ts":1775390400000,"cat":"food","amt":1,"day":"2026-4-5","io":"inc"},{"id":"e6","ts":1775559600000,"cat":"food","amt":10.5,"day":"2026-4-7","io":"xfer"}]|1775476800000,2026-4-6,2
group	[{"id":"e0","ts":1767229200000,"cat":"food","amt":0.1,"day":"2026-1-1","io":"exp"}]|1767229200000,2026-1-1
flat	[{"id":"e0","ts":1767229200000,"cat":"food","amt":0.1,"day":"2026-1-1","io":"exp"}]|1767229200000,2026-1-1,0
group	[{"id":"e0","ts":1774612800000,"cat":"food","amt":1,"day":"2026-3-27"},{"id":"e1","ts":1775566800000,"cat":"food","amt":0.2,"day":"2026-4-7","io":"exp"},{"id":"e2","ts":1775476800000,"cat":"food","amt":1e-7,"day":"2026-4-6","io":"xfer"},{"id":"e3","ts":1774616400000,"cat":"food","amt":-3.25,"day":"2026-3-28","io":"exp"}]|1775390400000,2026-4-5
flat	[{"id":"e0","ts":1774612800000,"cat":"food","amt":1,"day":"2026-3-27"},{"id":"e1","ts":1775566800000,"cat":"food","amt":0.2,"day":"2026-4-7","io":"exp"},{"id":"e2","ts":1775476800000,"cat":"food","amt":1e-7,"day":"2026-4-6","io":"xfer"},{"id":"e3","ts":1774616400000,"cat":"food","amt":-3.25,"day":"2026-3-28","io":"exp"}]|1775390400000,2026-4-5,0
group	[{"id":"e0","ts":1791284400000,"cat":"food","amt":0.2,"day":"2026-10-6"},{"id":"e1","ts":1790341200000,"cat":"food","amt":-3.25,"day":"2026-9-25","io":"inc"},{"id":"e2","ts":1791547200000,"cat":"food","amt":-3.25,"day":"2026-10-9"}]|1791115200000,2026-10-4
flat	[{"id":"e0","ts":1791284400000,"cat":"food","amt":0.2,"day":"2026-10-6"},{"id":"e1","ts":1790341200000,"cat":"food","amt":-3.25,"day":"2026-9-25","io":"inc"},{"id":"e2","ts":1791547200000,"cat":"food","amt":-3.25,"day":"2026-10-9"}]|1791115200000,2026-10-4,4
group	[{"id":"e0","ts":1775131200000,"cat":"food","amt":0,"day":"2026-4-2","io":"exp"},{"id":"e1","ts":1775736000000,"cat":"food","amt":1,"day":"2026-4-9"},{"id":"e2","ts":1775221200000,"cat":"food","amt":0,"day":"2026-4-4","io":"xfer"},{"id":"e3","ts":1775214000000,"cat":"food","amt":12345.678,"day":"2026-4-3"},{"id":"e4","ts":1775304000000,"cat":"food","amt":1e-7,"day":"2026-4-4","io":"xfer"},{"id":"e5","ts":1774530000000,"cat":"food","amt":0,"day":"2026-3-27","io":"exp"},{"id":"e6","ts":1775307600000,"cat":"food","amt":-3.25,"day":"2026-4-5","io":"inc"}]|1775304000000,2026-4-4
flat	[{"id":"e0","ts":1775131200000,"cat":"food","amt":0,"day":"2026-4-2","io":"exp"},{"id":"e1","ts":1775736000000,"cat":"food","amt":1,"day":"2026-4-9"},{"id":"e2","ts":1775221200000,"cat":"food","amt":0,"day":"2026-4-4","io":"xfer"},{"id":"e3","ts":1775214000000,"cat":"food","amt":12345.678,"day":"2026-4-3"},{"id":"e4","ts":1775304000000,"cat":"food","amt":1e-7,"day":"2026-4-4","io":"xfer"},{"id":"e5","ts":1774530000000,"cat":"food","amt":0,"day":"2026-3-27","io":"exp"},{"id":"e6","ts":1775307600000,"cat":"food","amt":-3.25,"day":"2026-4-5","io":"inc"}]|1775304000000,2026-4-4,1
group	[{"id":"e0","ts":1775473200000,"cat":"food","amt":1e+21,"day":"2026-4-6"},{"id":"e1","ts":1774609200000,"cat":"food","amt":0.2,"day":"2026-3-27","io":"inc"},{"id":"e2","ts":1775563200000,"cat":"food","amt":0,"day":"2026-4-7"},{"id":"e3","ts":1775473200000,"cat":"food","amt":12345.678,"day":"2026-4-6","io":"inc"},{"id":"e4","ts":1775304000000,"cat":"food","amt":0.2,"day":"2026-4-4","io":"exp"},{"id":"e5","ts":1775563200000,"cat":"food","amt":12345.678,"day":"2026-4-7"},{"id":"e6","ts":1775307600000,"cat":"food","amt":0.2,"day":"2026-4-5"}]|1775390400000,2026-4-5
flat	[{"id":"e0","ts":1775473200000,"cat":"food","amt":1e+21,"day":"2026-4-6"},{"id":"e1","ts":1774609200000,"cat":"food","amt":0.2,"day":"2026-3-27","io":"inc"},{"id":"e2","ts":1775563200000,"cat":"food","amt":0,"day":"2026-4-7"},{"id":"e3","ts":1775473200000,"cat":"food","amt":12345.678,"day":"2026-4-6","io":"inc"},{"id":"e4","ts":1775304000000,"cat":"food","amt":0.2,"day":"2026-4-4","io":"exp"},{"id":"e5","ts":1775563200000,"cat":"food","amt":12345.678,"day":"2026-4-7"},{"id":"e6","ts":1775307600000,"cat":"food","amt":0.2,"day":"2026-4-5"}]|1775390400000,2026-4-5,3
group	[{"id":"e0","ts":1787626800000,"cat":"food","amt":0,"day":"2026-8-25","io":"inc"},{"id":"e1","ts":1787716800000,"cat":"food","amt":10.5,"day":"2026-8-26"}]|1787713200000,2026-8-26
flat	[{"id":"e0","ts":1787626800000,"cat":"food","amt":0,"day":"2026-8-25","io":"inc"},{"id":"e1","ts":1787716800000,"cat":"food","amt":10.5,"day":"2026-8-26"}]|1787713200000,2026-8-26,1
group	[{"id":"e0","ts":1788145200000,"cat":"food","amt":0.2,"day":"2026-8-31","io":"xfer"},{"id":"e1","ts":1787626800000,"cat":"food","amt":0.2,"day":"2026-8-25","io":"inc"},{"id":"e2","ts":1787803200000,"cat":"food","amt":0.2,"day":"2026-8-27","io":"inc"}]|1787713200000,2026-8-26
flat	[{"id":"e0","ts":1788145200000,"cat":"food","amt":0.2,"day":"2026-8-31","io":"xfer"},{"id":"e1","ts":1787626800000,"cat":"food","amt":0.2,"day":"2026-8-25","io":"inc"},{"id":"e2","ts":1787803200000,"cat":"food","amt":0.2,"day":"2026-8-27","io":"inc"}]|1787713200000,2026-8-26,1
group	[{"id":"e0","ts":1790251200000,"cat":"food","amt":-3.25,"day":"2026-9-24","io":"inc"},{"id":"e1","ts":1791025200000,"cat":"food","amt":1,"day":"2026-10-3","io":"exp"},{"id":"e2","ts":1790856000000,"cat":"food","amt":0.1,"day":"2026-10-1","io":"xfer"}]|1791028800000,2026-10-3
flat	[{"id":"e0","ts":1790251200000,"cat":"food","amt":-3.25,"day":"2026-9-24","io":"inc"},{"id":"e1","ts":1791025200000,"cat":"food","amt":1,"day":"2026-10-3","io":"exp"},{"id":"e2","ts":1790856000000,"cat":"food","amt":0.1,"day":"2026-10-1","io":"xfer"}]|1791028800000,2026-10-3,4
group	[]|1787713200000,2026-8-26
flat	[]|1787713200000,2026-8-26,4
group	[{"id":"e0","ts":1791284400000,"cat":"food","amt":0,"day":"2026-10-6","io":"exp"},{"id":"e1","ts":1791637200000,"cat":"food","amt":0,"day":"2026-10-11","io":"xfer"},{"id":"e2","ts":1791637200000,"cat":"food","amt":10.5,"day":"2026-10-11","io":"inc"}]|1791201600000,2026-10-5
flat	[{"id":"e0","ts":1791284400000,"cat":"food","amt":0,"day":"2026-10-6","io":"exp"},{"id":"e1","ts":1791637200000,"cat":"food","amt":0,"day":"2026-10-11","io":"xfer"},{"id":"e2","ts":1791637200000,"cat":"food","amt":10.5,"day":"2026-10-11","io":"inc"}]|1791201600000,2026-10-5,4
group	[{"id":"e0","ts":1775476800000,"cat":"food","amt":0,"day":"2026-4-6"},{"id":"e1","ts":1775912400000,"cat":"food","amt":0,"day":"2026-4-11"},{"id":"e2","ts":1775905200000,"cat":"food","amt":0,"day":"2026-4-11","io":"exp"},{"id":"e3","ts":1775566800000,"cat":"food","amt":0,"day":"2026-4-7","io":"inc"}]|1775476800000,2026-4-6
flat	[{"id":"e0","ts":1775476800000,"cat":"food","amt":0,"day":"2026-4-6"},{"id":"e1","ts":1775912400000,"cat":"food","amt":0,"day":"2026-4-11"},{"id":"e2","ts":1775905200000,"cat":"food","amt":0,"day":"2026-4-11","io":"exp"},{"id":"e3","ts":1775566800000,"cat":"food","amt":0,"day":"2026-4-7","io":"inc"}]|1775476800000,2026-4-6,0
group	[{"id":"e0","ts":1791547200000,"cat":"food","amt":0,"day":"2026-10-9"}]|1791115200000,2026-10-4
flat	[{"id":"e0","ts":1791547200000,"cat":"food","amt":0,"day":"2026-10-9"}]|1791115200000,2026-10-4,1
group	[{"id":"e0","ts":1787626800000,"cat":"food","amt":0.2,"day":"2026-8-25","io":"exp"},{"id":"e1","ts":1788141600000,"cat":"food","amt":12345.678,"day":"2026-8-31","io":"exp"},{"id":"e2","ts":1787716800000,"cat":"food","amt":0.2,"day":"2026-8-26","io":"xfer"},{"id":"e3","ts":1787886000000,"cat":"food","amt":1e+21,"day":"2026-8-28","io":"inc"}]|1787713200000,2026-8-26
flat	[{"id":"e0","ts":1787626800000,"cat":"food","amt":0.2,"day":"2026-8-25","io":"exp"},{"id":"e1","ts":1788141600000,"cat":"food","amt":12345.678,"day":"2026-8-31","io":"exp"},{"id":"e2","ts":1787716800000,"cat":"food","amt":0.2,"day":"2026-8-26","io":"xfer"},{"id":"e3","ts":1787886000000,"cat":"food","amt":1e+21,"day":"2026-8-28","io":"inc"}]|1787713200000,2026-8-26,2
group	[{"id":"e0","ts":1790247600000,"cat":"food","amt":1e+21,"day":"2026-9-24","io":"inc"},{"id":"e1","ts":1791028800000,"cat":"food","amt":12345.678,"day":"2026-10-3","io":"exp"},{"id":"e2","ts":1791025200000,"cat":"food","amt":1,"day":"2026-10-3","io":"exp"},{"id":"e3","ts":1791115200000,"cat":"food","amt":0.1,"day":"2026-10-4","io":"exp"}]|1791028800000,2026-10-3
flat	[{"id":"e0","ts":1790247600000,"cat":"food","amt":1e+21,"day":"2026-9-24","io":"inc"},{"id":"e1","ts":1791028800000,"cat":"food","amt":12345.678,"day":"2026-10-3","io":"exp"},{"id":"e2","ts":1791025200000,"cat":"food","amt":1,"day":"2026-10-3","io":"exp"},{"id":"e3","ts":1791115200000,"cat":"food","amt":0.1,"day":"2026-10-4","io":"exp"}]|1791028800000,2026-10-3,1
group	[{"id":"e0","ts":1791115200000,"cat":"food","amt":1,"day":"2026-10-4","io":"xfer"},{"id":"e1","ts":1791111600000,"cat":"food","amt":-3.25,"day":"2026-10-4","io":"inc"}]|1791115200000,2026-10-4
flat	[{"id":"e0","ts":1791115200000,"cat":"food","amt":1,"day":"2026-10-4","io":"xfer"},{"id":"e1","ts":1791111600000,"cat":"food","amt":-3.25,"day":"2026-10-4","io":"inc"}]|1791115200000,2026-10-4,2
group	[{"id":"e0","ts":1767225600000,"cat":"food","amt":1,"day":"2026-1-1","io":"exp"}]|1767229200000,2026-1-1
flat	[{"id":"e0","ts":1767225600000,"cat":"food","amt":1,"day":"2026-1-1","io":"exp"}]|1767229200000,2026-1-1,4
group	[{"id":"e0","ts":1767664800000,"cat":"food","amt":0,"day":"2026-1-6"},{"id":"e1","ts":1767315600000,"cat":"food","amt":-3.25,"day":"2026-1-2","io":"inc"},{"id":"e2","ts":1766451600000,"cat":"food","amt":0,"day":"2025-12-23","io":"inc"},{"id":"e3","ts":1767225600000,"cat":"food","amt":0.2,"day":"2026-1-1","io":"xfer"}]|1767229200000,2026-1-1
flat	[{"id":"e0","ts":1767664800000,"cat":"food","amt":0,"day":"2026-1-6"},{"id":"e1","ts":1767315600000,"cat":"food","amt":-3.25,"day":"2026-1-2","io":"inc"},{"id":"e2","ts":1766451600000,"cat":"food","amt":0,"day":"2025-12-23","io":"inc"},{"id":"e3","ts":1767225600000,"cat":"food","amt":0.2,"day":"2026-1-1","io":"xfer"}]|1767229200000,2026-1-1,2
group	[{"id":"e0","ts":1787713200000,"cat":"food","amt":0,"day":"2026-8-26","io":"xfer"},{"id":"e1","ts":1787799600000,"cat":"food","amt":12345.678,"day":"2026-8-27","io":"exp"},{"id":"e2","ts":1788141600000,"cat":"food","amt":0,"day":"2026-8-31","io":"xfer"},{"id":"e3","ts":1787544000000,"cat":"food","amt":0,"day":"2026-8-24","io":"exp"}]|1787713200000,2026-8-26
flat	[{"id":"e0","ts":1787713200000,"cat":"food","amt":0,"day":"2026-8-26","io":"xfer"},{"id":"e1","ts":1787799600000,"cat":"food","amt":12345.678,"day":"2026-8-27","io":"exp"},{"id":"e2","ts":1788141600000,"cat":"food","amt":0,"day":"2026-8-31","io":"xfer"},{"id":"e3","ts":1787544000000,"cat":"food","amt":0,"day":"2026-8-24","io":"exp"}]|1787713200000,2026-8-26,1
group	[{"id":"e0","ts":1787626800000,"cat":"food","amt":0,"day":"2026-8-25","io":"xfer"},{"id":"e1","ts":1788141600000,"cat":"food","amt":1,"day":"2026-8-31","io":"inc"},{"id":"e2","ts":1787796000000,"cat":"food","amt":1,"day":"2026-8-27","io":"inc"},{"id":"e3","ts":1787713200000,"cat":"food","amt":0.2,"day":"2026-8-26","io":"xfer"},{"id":"e4","ts":1788141600000,"cat":"food","amt":-3.25,"day":"2026-8-31"},{"id":"e5","ts":1787713200000,"cat":"food","amt":0,"day":"2026-8-26","io":"xfer"}]|1787713200000,2026-8-26
flat	[{"id":"e0","ts":1787626800000,"cat":"food","amt":0,"day":"2026-8-25","io":"xfer"},{"id":"e1","ts":1788141600000,"cat":"food","amt":1,"day":"2026-8-31","io":"inc"},{"id":"e2","ts":1787796000000,"cat":"food","amt":1,"day":"2026-8-27","io":"inc"},{"id":"e3","ts":1787713200000,"cat":"food","amt":0.2,"day":"2026-8-26","io":"xfer"},{"id":"e4","ts":1788141600000,"cat":"food","amt":-3.25,"day":"2026-8-31"},{"id":"e5","ts":1787713200000,"cat":"food","amt":0,"day":"2026-8-26","io":"xfer"}]|1787713200000,2026-8-26,4
group	[{"id":"e0","ts":1791291600000,"cat":"food","amt":1e+21,"day":"2026-10-7","io":"inc"},{"id":"e1","ts":1791550800000,"cat":"food","amt":1e-7,"day":"2026-10-10"}]|1791115200000,2026-10-4
flat	[{"id":"e0","ts":1791291600000,"cat":"food","amt":1e+21,"day":"2026-10-7","io":"inc"},{"id":"e1","ts":1791550800000,"cat":"food","amt":1e-7,"day":"2026-10-10"}]|1791115200000,2026-10-4,1
group	[{"id":"e0","ts":1791284400000,"cat":"food","amt":-3.25,"day":"2026-10-6","io":"xfer"},{"id":"e1","ts":1791288000000,"cat":"food","amt":0.2,"day":"2026-10-6","io":"xfer"},{"id":"e2","ts":1791288000000,"cat":"food","amt":10.5,"day":"2026-10-6","io":"xfer"},{"id":"e3","ts":1791025200000,"cat":"food","amt":1e-7,"day":"2026-10-3","io":"xfer"},{"id":"e4","ts":1791288000000,"cat":"food","amt":1,"day":"2026-10-6","io":"xfer"},{"id":"e5","ts":1791115200000,"cat":"food","amt":0.1,"day":"2026-10-4","io":"inc"}]|1791115200000,2026-10-4
flat	[{"id":"e0","ts":1791284400000,"cat":"food","amt":-3.25,"day":"2026-10-6","io":"xfer"},{"id":"e1","ts":1791288000000,"cat":"food","amt":0.2,"day":"2026-10-6","io":"xfer"},{"id":"e2","ts":1791288000000,"cat":"food","amt":10.5,"day":"2026-10-6","io":"xfer"},{"id":"e3","ts":1791025200000,"cat":"food","amt":1e-7,"day":"2026-10-3","io":"xfer"},{"id":"e4","ts":1791288000000,"cat":"food","amt":1,"day":"2026-10-6","io":"xfer"},{"id":"e5","ts":1791115200000,"cat":"food","amt":0.1,"day":"2026-10-4","io":"inc"}]|1791115200000,2026-10-4,1
group	[{"id":"e0","ts":1790341200000,"cat":"food","amt":-3.25,"day":"2026-9-25","io":"exp"},{"id":"e1","ts":1791028800000,"cat":"food","amt":0,"day":"2026-10-3","io":"xfer"},{"id":"e2","ts":1791288000000,"cat":"food","amt":0,"day":"2026-10-6","io":"inc"},{"id":"e3","ts":1791201600000,"cat":"food","amt":1,"day":"2026-10-5"}]|1791115200000,2026-10-4
flat	[{"id":"e0","ts":1790341200000,"cat":"food","amt":-3.25,"day":"2026-9-25","io":"exp"},{"id":"e1","ts":1791028800000,"cat":"food","amt":0,"day":"2026-10-3","io":"xfer"},{"id":"e2","ts":1791288000000,"cat":"food","amt":0,"day":"2026-10-6","io":"inc"},{"id":"e3","ts":1791201600000,"cat":"food","amt":1,"day":"2026-10-5"}]|1791115200000,2026-10-4,1
group	[]|1787781600000,2026-8-27
flat	[]|1787781600000,2026-8-27,3
group	[{"id":"e0","ts":1787716800000,"cat":"food","amt":0.2,"day":"2026-8-26"}]|1787713200000,2026-8-26
flat	[{"id":"e0","ts":1787716800000,"cat":"food","amt":0.2,"day":"2026-8-26"}]|1787713200000,2026-8-26,2
group	[{"id":"e0","ts":1788210000000,"cat":"food","amt":0,"day":"2026-9-1","io":"exp"},{"id":"e1","ts":1787608800000,"cat":"food","amt":0.1,"day":"2026-8-25","io":"inc"},{"id":"e2","ts":1787868000000,"cat":"food","amt":0,"day":"2026-8-28","io":"xfer"},{"id":"e3","ts":1787781600000,"cat":"food","amt":10.5,"day":"2026-8-27","io":"inc"}]|1787781600000,2026-8-27
flat	[{"id":"e0","ts":1788210000000,"cat":"food","amt":0,"day":"2026-9-1","io":"exp"},{"id":"e1","ts":1787608800000,"cat":"food","amt":0.1,"day":"2026-8-25","io":"inc"},{"id":"e2","ts":1787868000000,"cat":"food","amt":0,"day":"2026-8-28","io":"xfer"},{"id":"e3","ts":1787781600000,"cat":"food","amt":10.5,"day":"2026-8-27","io":"inc"}]|1787781600000,2026-8-27,4
group	[{"id":"e0","ts":1791111600000,"cat":"food","amt":10.5,"day":"2026-10-4","io":"xfer"},{"id":"e1","ts":1791633600000,"cat":"food","amt":1e+21,"day":"2026-10-10","io":"exp"},{"id":"e2","ts":1790424000000,"cat":"food","amt":0.1,"day":"2026-9-26","io":"xfer"}]|1791201600000,2026-10-5
flat	[{"id":"e0","ts":1791111600000,"cat":"food","amt":10.5,"day":"2026-10-4","io":"xfer"},{"id":"e1","ts":1791633600000,"cat":"food","amt":1e+21,"day":"2026-10-10","io":"exp"},{"id":"e2","ts":1790424000000,"cat":"food","amt":0.1,"day":"2026-9-26","io":"xfer"}]|1791201600000,2026-10-5,3
group	[{"id":"e0","ts":1766404800000,"cat":"food","amt":1e+21,"day":"2025-12-22"},{"id":"e1","ts":1767189600000,"cat":"food","amt":0,"day":"2026-1-1","io":"xfer"},{"id":"e2","ts":1767186000000,"cat":"food","amt":0.2,"day":"2026-1-1","io":"inc"}]|1767186000000,2026-1-1
flat	[{"id":"e0","ts":1766404800000,"cat":"food","amt":1e+21,"day":"2025-12-22"},{"id":"e1","ts":1767189600000,"cat":"food","amt":0,"day":"2026-1-1","io":"xfer"},{"id":"e2","ts":1767186000000,"cat":"food","amt":0.2,"day":"2026-1-1","io":"inc"}]|1767186000000,2026-1-1,1
group	[{"id":"e0","ts":1791464400000,"cat":"food","amt":1e-7,"day":"2026-10-9","io":"xfer"},{"id":"e1","ts":1790251200000,"cat":"food","amt":1e+21,"day":"2026-9-24"},{"id":"e2","ts":1791201600000,"cat":"food","amt":-3.25,"day":"2026-10-5","io":"exp"},{"id":"e3","ts":1791028800000,"cat":"food","amt":1e+21,"day":"2026-10-3","io":"inc"},{"id":"e4","ts":1790251200000,"cat":"food","amt":0,"day":"2026-9-24"}]|1791028800000,2026-10-3
flat	[{"id":"e0","ts":1791464400000,"cat":"food","amt":1e-7,"day":"2026-10-9","io":"xfer"},{"id":"e1","ts":1790251200000,"cat":"food","amt":1e+21,"day":"2026-9-24"},{"id":"e2","ts":1791201600000,"cat":"food","amt":-3.25,"day":"2026-10-5","io":"exp"},{"id":"e3","ts":1791028800000,"cat":"food","amt":1e+21,"day":"2026-10-3","io":"inc"},{"id":"e4","ts":1790251200000,"cat":"food","amt":0,"day":"2026-9-24"}]|1791028800000,2026-10-3,3
group	[{"id":"e0","ts":1775304000000,"cat":"food","amt":1e+21,"day":"2026-4-4","io":"xfer"},{"id":"e1","ts":1775307600000,"cat":"food","amt":0.1,"day":"2026-4-5","io":"inc"},{"id":"e2","ts":1775386800000,"cat":"food","amt":1e+21,"day":"2026-4-5"},{"id":"e3","ts":1774522800000,"cat":"food","amt":-3.25,"day":"2026-3-26"},{"id":"e4","ts":1775390400000,"cat":"food","amt":0.2,"day":"2026-4-5","io":"inc"}]|1775304000000,2026-4-4
flat	[{"id":"e0","ts":1775304000000,"cat":"food","amt":1e+21,"day":"2026-4-4","io":"xfer"},{"id":"e1","ts":1775307600000,"cat":"food","amt":0.1,"day":"2026-4-5","io":"inc"},{"id":"e2","ts":1775386800000,"cat":"food","amt":1e+21,"day":"2026-4-5"},{"id":"e3","ts":1774522800000,"cat":"food","amt":-3.25,"day":"2026-3-26"},{"id":"e4","ts":1775390400000,"cat":"food","amt":0.2,"day":"2026-4-5","io":"inc"}]|1775304000000,2026-4-4,0
group	[{"id":"e0","ts":1775476800000,"cat":"food","amt":-3.25,"day":"2026-4-6","io":"exp"},{"id":"e1","ts":1775214000000,"cat":"food","amt":1e-7,"day":"2026-4-3","io":"exp"},{"id":"e2","ts":1775563200000,"cat":"food","amt":-3.25,"day":"2026-4-7","io":"inc"},{"id":"e3","ts":1775559600000,"cat":"food","amt":1e+21,"day":"2026-4-7","io":"exp"},{"id":"e4","ts":1775217600000,"cat":"food","amt":1e+21,"day":"2026-4-3","io":"xfer"}]|1775390400000,2026-4-5
flat	[{"id":"e0","ts":1775476800000,"cat":"food","amt":-3.25,"day":"2026-4-6","io":"exp"},{"id":"e1","ts":1775214000000,"cat":"food","amt":1e-7,"day":"2026-4-3","io":"exp"},{"id":"e2","ts":1775563200000,"cat":"food","amt":-3.25,"day":"2026-4-7","io":"inc"},{"id":"e3","ts":1775559600000,"cat":"food","amt":1e+21,"day":"2026-4-7","io":"exp"},{"id":"e4","ts":1775217600000,"cat":"food","amt":1e+21,"day":"2026-4-3","io":"xfer"}]|1775390400000,2026-4-5,4
group	[{"id":"e0","ts":1775394000000,"cat":"food","amt":10.5,"day":"2026-4-5"},{"id":"e1","ts":1774612800000,"cat":"food","amt":1e+21,"day":"2026-3-27","io":"exp"},{"id":"e2","ts":1774616400000,"cat":"food","amt":1,"day":"2026-3-28"},{"id":"e3","ts":1774616400000,"cat":"food","amt":1e+21,"day":"2026-3-28","io":"exp"},{"id":"e4","ts":1775822400000,"cat":"food","amt":-3.25,"day":"2026-4-10","io":"inc"}]|1775390400000,2026-4-5
flat	[{"id":"e0","ts":1775394000000,"cat":"food","amt":10.5,"day":"2026-4-5"},{"id":"e1","ts":1774612800000,"cat":"food","amt":1e+21,"day":"2026-3-27","io":"exp"},{"id":"e2","ts":1774616400000,"cat":"food","amt":1,"day":"2026-3-28"},{"id":"e3","ts":1774616400000,"cat":"food","amt":1e+21,"day":"2026-3-28","io":"exp"},{"id":"e4","ts":1775822400000,"cat":"food","amt":-3.25,"day":"2026-4-10","io":"inc"}]|1775390400000,2026-4-5,3
group	[{"id":"e0","ts":1791111600000,"cat":"food","amt":0.1,"day":"2026-10-4"},{"id":"e1","ts":1791118800000,"cat":"food","amt":0,"day":"2026-10-5"},{"id":"e2","ts":1790938800000,"cat":"food","amt":12345.678,"day":"2026-10-2","io":"inc"},{"id":"e3","ts":1791115200000,"cat":"food","amt":1,"day":"2026-10-4","io":"exp"}]|1791028800000,2026-10-3
flat	[{"id":"e0","ts":1791111600000,"cat":"food","amt":0.1,"day":"2026-10-4"},{"id":"e1","ts":1791118800000,"cat":"food","amt":0,"day":"2026-10-5"},{"id":"e2","ts":1790938800000,"cat":"food","amt":12345.678,"day":"2026-10-2","io":"inc"},{"id":"e3","ts":1791115200000,"cat":"food","amt":1,"day":"2026-10-4","io":"exp"}]|1791028800000,2026-10-3,1
group	[{"id":"e0","ts":1775307600000,"cat":"food","amt":-3.25,"day":"2026-4-5"},{"id":"e1","ts":1775390400000,"cat":"food","amt":1e+21,"day":"2026-4-5","io":"xfer"},{"id":"e2","ts":1775304000000,"cat":"food","amt":1e-7,"day":"2026-4-4","io":"inc"},{"id":"e3","ts":1775300400000,"cat":"food","amt":10.5,"day":"2026-4-4","io":"exp"},{"id":"e4","ts":1775214000000,"cat":"food","amt":0,"day":"2026-4-3","io":"inc"},{"id":"e5","ts":1774522800000,"cat":"food","amt":12345.678,"day":"2026-3-26"},{"id":"e6","ts":1775307600000,"cat":"food","amt":1e+21,"day":"2026-4-5"}]|1775304000000,2026-4-4
flat	[{"id":"e0","ts":1775307600000,"cat":"food","amt":-3.25,"day":"2026-4-5"},{"id":"e1","ts":1775390400000,"cat":"food","amt":1e+21,"day":"2026-4-5","io":"xfer"},{"id":"e2","ts":1775304000000,"cat":"food","amt":1e-7,"day":"2026-4-4","io":"inc"},{"id":"e3","ts":1775300400000,"cat":"food","amt":10.5,"day":"2026-4-4","io":"exp"},{"id":"e4","ts":1775214000000,"cat":"food","amt":0,"day":"2026-4-3","io":"inc"},{"id":"e5","ts":1774522800000,"cat":"food","amt":12345.678,"day":"2026-3-26"},{"id":"e6","ts":1775307600000,"cat":"food","amt":1e+21,"day":"2026-4-5"}]|1775304000000,2026-4-4,0
group	[{"id":"e0","ts":1774612800000,"cat":"food","amt":0,"day":"2026-3-27"},{"id":"e1","ts":1775390400000,"cat":"food","amt":10.5,"day":"2026-4-5"},{"id":"e2","ts":1775563200000,"cat":"food","amt":1e-7,"day":"2026-4-7"}]|1775390400000,2026-4-5
flat	[{"id":"e0","ts":1774612800000,"cat":"food","amt":0,"day":"2026-3-27"},{"id":"e1","ts":1775390400000,"cat":"food","amt":10.5,"day":"2026-4-5"},{"id":"e2","ts":1775563200000,"cat":"food","amt":1e-7,"day":"2026-4-7"}]|1775390400000,2026-4-5,1
group	[{"id":"e0","ts":1787709600000,"cat":"food","amt":0,"day":"2026-8-26","io":"xfer"},{"id":"e1","ts":1787796000000,"cat":"food","amt":1e+21,"day":"2026-8-27","io":"xfer"},{"id":"e2","ts":1787713200000,"cat":"food","amt":0.2,"day":"2026-8-26","io":"exp"},{"id":"e3","ts":1787716800000,"cat":"food","amt":0,"day":"2026-8-26","io":"xfer"},{"id":"e4","ts":1787716800000,"cat":"food","amt":10.5,"day":"2026-8-26","io":"xfer"},{"id":"e5","ts":1788145200000,"cat":"food","amt":1e+21,"day":"2026-8-31","io":"exp"},{"id":"e6","ts":1787716800000,"cat":"food","amt":0.2,"day":"2026-8-26","io":"exp"}]|1787713200000,2026-8-26
flat	[{"id":"e0","ts":1787709600000,"cat":"food","amt":0,"day":"2026-8-26","io":"xfer"},{"id":"e1","ts":1787796000000,"cat":"food","amt":1e+21,"day":"2026-8-27","io":"xfer"},{"id":"e2","ts":1787713200000,"cat":"food","amt":0.2,"day":"2026-8-26","io":"exp"},{"id":"e3","ts":1787716800000,"cat":"food","amt":0,"day":"2026-8-26","io":"xfer"},{"id":"e4","ts":1787716800000,"cat":"food","amt":10.5,"day":"2026-8-26","io":"xfer"},{"id":"e5","ts":1788145200000,"cat":"food","amt":1e+21,"day":"2026-8-31","io":"exp"},{"id":"e6","ts":1787716800000,"cat":"food","amt":0.2,"day":"2026-8-26","io":"exp"}]|1787713200000,2026-8-26,0
group	[{"id":"e0","ts":1791205200000,"cat":"food","amt":10.5,"day":"2026-10-6","io":"xfer"},{"id":"e1","ts":1791115200000,"cat":"food","amt":10.5,"day":"2026-10-4","io":"exp"}]|1791201600000,2026-10-5
flat	[{"id":"e0","ts":1791205200000,"cat":"food","amt":10.5,"day":"2026-10-6","io":"xfer"},{"id":"e1","ts":1791115200000,"cat":"food","amt":10.5,"day":"2026-10-4","io":"exp"}]|1791201600000,2026-10-5,1
group	[{"id":"e0","ts":1787954400000,"cat":"food","amt":10.5,"day":"2026-8-29","io":"exp"},{"id":"e1","ts":1787698800000,"cat":"food","amt":0.2,"day":"2026-8-26","io":"inc"},{"id":"e2","ts":1787004000000,"cat":"food","amt":10.5,"day":"2026-8-18","io":"xfer"},{"id":"e3","ts":1787605200000,"cat":"food","amt":1,"day":"2026-8-25","io":"inc"},{"id":"e4","ts":1787781600000,"cat":"food","amt":1e-7,"day":"2026-8-27","io":"inc"},{"id":"e5","ts":1787781600000,"cat":"food","amt":1e+21,"day":"2026-8-27","io":"inc"}]|1787781600000,2026-8-27
flat	[{"id":"e0","ts":1787954400000,"cat":"food","amt":10.5,"day":"2026-8-29","io":"exp"},{"id":"e1","ts":1787698800000,"cat":"food","amt":0.2,"day":"2026-8-26","io":"inc"},{"id":"e2","ts":1787004000000,"cat":"food","amt":10.5,"day":"2026-8-18","io":"xfer"},{"id":"e3","ts":1787605200000,"cat":"food","amt":1,"day":"2026-8-25","io":"inc"},{"id":"e4","ts":1787781600000,"cat":"food","amt":1e-7,"day":"2026-8-27","io":"inc"},{"id":"e5","ts":1787781600000,"cat":"food","amt":1e+21,"day":"2026-8-27","io":"inc"}]|1787781600000,2026-8-27,1
group	[]|1787713200000,2026-8-26
flat	[]|1787713200000,2026-8-26,2
group	[{"id":"e0","ts":1767618000000,"cat":"food","amt":-3.25,"day":"2026-1-6"},{"id":"e1","ts":1767272400000,"cat":"food","amt":12345.678,"day":"2026-1-2"},{"id":"e2","ts":1767272400000,"cat":"food","amt":1e-7,"day":"2026-1-2"},{"id":"e3","ts":1767013200000,"cat":"food","amt":-3.25,"day":"2025-12-30"},{"id":"e4","ts":1767186000000,"cat":"food","amt":1,"day":"2026-1-1"}]|1767186000000,2026-1-1
flat	[{"id":"e0","ts":1767618000000,"cat":"food","amt":-3.25,"day":"2026-1-6"},{"id":"e1","ts":1767272400000,"cat":"food","amt":12345.678,"day":"2026-1-2"},{"id":"e2","ts":1767272400000,"cat":"food","amt":1e-7,"day":"2026-1-2"},{"id":"e3","ts":1767013200000,"cat":"food","amt":-3.25,"day":"2025-12-30"},{"id":"e4","ts":1767186000000,"cat":"food","amt":1,"day":"2026-1-1"}]|1767186000000,2026-1-1,1
group	[{"id":"e0","ts":1791025200000,"cat":"food","amt":1e-7,"day":"2026-10-3","io":"xfer"},{"id":"e1","ts":1791028800000,"cat":"food","amt":12345.678,"day":"2026-10-3","io":"exp"},{"id":"e2","ts":1791633600000,"cat":"food","amt":1e+21,"day":"2026-10-10","io":"exp"},{"id":"e3","ts":1791201600000,"cat":"food","amt":1e+21,"day":"2026-10-5","io":"exp"}]|1791201600000,2026-10-5
flat	[{"id":"e0","ts":1791025200000,"cat":"food","amt":1e-7,"day":"2026-10-3","io":"xfer"},{"id":"e1","ts":1791028800000,"cat":"food","amt":12345.678,"day":"2026-10-3","io":"exp"},{"id":"e2","ts":1791633600000,"cat":"food","amt":1e+21,"day":"2026-10-10","io":"exp"},{"id":"e3","ts":1791201600000,"cat":"food","amt":1e+21,"day":"2026-10-5","io":"exp"}]|1791201600000,2026-10-5,0
group	[{"id":"e0","ts":1775473200000,"cat":"food","amt":1e+21,"day":"2026-4-6","io":"xfer"},{"id":"e1","ts":1775908800000,"cat":"food","amt":10.5,"day":"2026-4-11","io":"xfer"},{"id":"e2","ts":1775473200000,"cat":"food","amt":1e-7,"day":"2026-4-6","io":"xfer"},{"id":"e3","ts":1775394000000,"cat":"food","amt":0,"day":"2026-4-5","io":"xfer"},{"id":"e4","ts":1774699200000,"cat":"food","amt":-3.25,"day":"2026-3-28","io":"exp"},{"id":"e5","ts":1775304000000,"cat":"food","amt":-3.25,"day":"2026-4-4","io":"xfer"}]|1775476800000,2026-4-6
flat	[{"id":"e0","ts":1775473200000,"cat":"food","amt":1e+21,"day":"2026-4-6","io":"xfer"},{"id":"e1","ts":1775908800000,"cat":"food","amt":10.5,"day":"2026-4-11","io":"xfer"},{"id":"e2","ts":1775473200000,"cat":"food","amt":1e-7,"day":"2026-4-6","io":"xfer"},{"id":"e3","ts":1775394000000,"cat":"food","amt":0,"day":"2026-4-5","io":"xfer"},{"id":"e4","ts":1774699200000,"cat":"food","amt":-3.25,"day":"2026-3-28","io":"exp"},{"id":"e5","ts":1775304000000,"cat":"food","amt":-3.25,"day":"2026-4-4","io":"xfer"}]|1775476800000,2026-4-6,1
group	[{"id":"e0","ts":1775131200000,"cat":"food","amt":1e-7,"day":"2026-4-2"},{"id":"e1","ts":1775386800000,"cat":"food","amt":0,"day":"2026-4-5"},{"id":"e2","ts":1775386800000,"cat":"food","amt":1e+21,"day":"2026-4-5","io":"exp"},{"id":"e3","ts":1775127600000,"cat":"food","amt":0.1,"day":"2026-4-2","io":"xfer"},{"id":"e4","ts":1775131200000,"cat":"food","amt":1e+21,"day":"2026-4-2"},{"id":"e5","ts":1775304000000,"cat":"food","amt":10.5,"day":"2026-4-4"}]|1775304000000,2026-4-4
flat	[{"id":"e0","ts":1775131200000,"cat":"food","amt":1e-7,"day":"2026-4-2"},{"id":"e1","ts":1775386800000,"cat":"food","amt":0,"day":"2026-4-5"},{"id":"e2","ts":1775386800000,"cat":"food","amt":1e+21,"day":"2026-4-5","io":"exp"},{"id":"e3","ts":1775127600000,"cat":"food","amt":0.1,"day":"2026-4-2","io":"xfer"},{"id":"e4","ts":1775131200000,"cat":"food","amt":1e+21,"day":"2026-4-2"},{"id":"e5","ts":1775304000000,"cat":"food","amt":10.5,"day":"2026-4-4"}]|1775304000000,2026-4-4,0
group	[{"id":"e0","ts":1790427600000,"cat":"food","amt":10.5,"day":"2026-9-26","io":"exp"},{"id":"e1","ts":1791028800000,"cat":"food","amt":1e+21,"day":"2026-10-3","io":"exp"},{"id":"e2","ts":1791374400000,"cat":"food","amt":1e-7,"day":"2026-10-7","io":"xfer"},{"id":"e3","ts":1790427600000,"cat":"food","amt":10.5,"day":"2026-9-26","io":"inc"},{"id":"e4","ts":1791205200000,"cat":"food","amt":1e+21,"day":"2026-10-6","io":"exp"},{"id":"e5","ts":1791630000000,"cat":"food","amt":0,"day":"2026-10-10","io":"inc"}]|1791201600000,2026-10-5
flat	[{"id":"e0","ts":1790427600000,"cat":"food","amt":10.5,"day":"2026-9-26","io":"exp"},{"id":"e1","ts":1791028800000,"cat":"food","amt":1e+21,"day":"2026-10-3","io":"exp"},{"id":"e2","ts":1791374400000,"cat":"food","amt":1e-7,"day":"2026-10-7","io":"xfer"},{"id":"e3","ts":1790427600000,"cat":"food","amt":10.5,"day":"2026-9-26","io":"inc"},{"id":"e4","ts":1791205200000,"cat":"food","amt":1e+21,"day":"2026-10-6","io":"exp"},{"id":"e5","ts":1791630000000,"cat":"food","amt":0,"day":"2026-10-10","io":"inc"}]|1791201600000,2026-10-5,2
group	[{"id":"e0","ts":1787695200000,"cat":"food","amt":0,"day":"2026-8-26"},{"id":"e1","ts":1787695200000,"cat":"food","amt":12345.678,"day":"2026-8-26","io":"inc"},{"id":"e2","ts":1787605200000,"cat":"food","amt":1e+21,"day":"2026-8-25","io":"exp"}]|1787781600000,2026-8-27
flat	[{"id":"e0","ts":1787695200000,"cat":"food","amt":0,"day":"2026-8-26"},{"id":"e1","ts":1787695200000,"cat":"food","amt":12345.678,"day":"2026-8-26","io":"inc"},{"id":"e2","ts":1787605200000,"cat":"food","amt":1e+21,"day":"2026-8-25","io":"exp"}]|1787781600000,2026-8-27,2
group	[]|1767229200000,2026-1-1
flat	[]|1767229200000,2026-1-1,1
group	[{"id":"e0","ts":1787954400000,"cat":"food","amt":0,"day":"2026-8-29"}]|1787781600000,2026-8-27
flat	[{"id":"e0","ts":1787954400000,"cat":"food","amt":0,"day":"2026-8-29"}]|1787781600000,2026-8-27,1
group	[{"id":"e0","ts":1775476800000,"cat":"food","amt":0,"day":"2026-4-6","io":"exp"},{"id":"e1","ts":1775131200000,"cat":"food","amt":-3.25,"day":"2026-4-2","io":"xfer"},{"id":"e2","ts":1775304000000,"cat":"food","amt":0,"day":"2026-4-4"},{"id":"e3","ts":1775131200000,"cat":"food","amt":1,"day":"2026-4-2","io":"xfer"},{"id":"e4","ts":1775736000000,"cat":"food","amt":1,"day":"2026-4-9","io":"exp"},{"id":"e5","ts":1775304000000,"cat":"food","amt":0,"day":"2026-4-4","io":"exp"},{"id":"e6","ts":1775300400000,"cat":"food","amt":0,"day":"2026-4-4","io":"xfer"}]|1775304000000,2026-4-4
flat	[{"id":"e0","ts":1775476800000,"cat":"food","amt":0,"day":"2026-4-6","io":"exp"},{"id":"e1","ts":1775131200000,"cat":"food","amt":-3.25,"day":"2026-4-2","io":"xfer"},{"id":"e2","ts":1775304000000,"cat":"food","amt":0,"day":"2026-4-4"},{"id":"e3","ts":1775131200000,"cat":"food","amt":1,"day":"2026-4-2","io":"xfer"},{"id":"e4","ts":1775736000000,"cat":"food","amt":1,"day":"2026-4-9","io":"exp"},{"id":"e5","ts":1775304000000,"cat":"food","amt":0,"day":"2026-4-4","io":"exp"},{"id":"e6","ts":1775300400000,"cat":"food","amt":0,"day":"2026-4-4","io":"xfer"}]|1775304000000,2026-4-4,1
group	[{"id":"e0","ts":1767268800000,"cat":"food","amt":12345.678,"day":"2026-1-1","io":"exp"},{"id":"e1","ts":1767618000000,"cat":"food","amt":0,"day":"2026-1-6","io":"inc"},{"id":"e2","ts":1767189600000,"cat":"food","amt":12345.678,"day":"2026-1-1","io":"inc"},{"id":"e3","ts":1767103200000,"cat":"food","amt":0.2,"day":"2025-12-31","io":"inc"}]|1767186000000,2026-1-1
flat	[{"id":"e0","ts":1767268800000,"cat":"food","amt":12345.678,"day":"2026-1-1","io":"exp"},{"id":"e1","ts":1767618000000,"cat":"food","amt":0,"day":"2026-1-6","io":"inc"},{"id":"e2","ts":1767189600000,"cat":"food","amt":12345.678,"day":"2026-1-1","io":"inc"},{"id":"e3","ts":1767103200000,"cat":"food","amt":0.2,"day":"2025-12-31","io":"inc"}]|1767186000000,2026-1-1,3
group	[{"id":"e0","ts":1790859600000,"cat":"food","amt":1e-7,"day":"2026-10-1"},{"id":"e1","ts":1791464400000,"cat":"food","amt":-3.25,"day":"2026-10-9","io":"exp"},{"id":"e2","ts":1791111600000,"cat":"food","amt":1e-7,"day":"2026-10-4"},{"id":"e3","ts":1791198000000,"cat":"food","amt":0,"day":"2026-10-5","io":"inc"},{"id":"e4","ts":1790251200000,"cat":"food","amt":1e+21,"day":"2026-9-24","io":"xfer"},{"id":"e5","ts":1790251200000,"cat":"food","amt":1e+21,"day":"2026-9-24","io":"inc"}]|1791028800000,2026-10-3
flat	[{"id":"e0","ts":1790859600000,"cat":"food","amt":1e-7,"day":"2026-10-1"},{"id":"e1","ts":1791464400000,"cat":"food","amt":-3.25,"day":"2026-10-9","io":"exp"},{"id":"e2","ts":1791111600000,"cat":"food","amt":1e-7,"day":"2026-10-4"},{"id":"e3","ts":1791198000000,"cat":"food","amt":0,"day":"2026-10-5","io":"inc"},{"id":"e4","ts":1790251200000,"cat":"food","amt":1e+21,"day":"2026-9-24","io":"xfer"},{"id":"e5","ts":1790251200000,"cat":"food","amt":1e+21,"day":"2026-9-24","io":"inc"}]|1791028800000,2026-10-3,1
group	[]|1767229200000,2026-1-1
flat	[]|1767229200000,2026-1-1,1
group	[{"id":"e0","ts":1767312000000,"cat":"food","amt":0,"day":"2026-1-2","io":"inc"},{"id":"e1","ts":1767229200000,"cat":"food","amt":0.1,"day":"2026-1-1"}]|1767229200000,2026-1-1
flat	[{"id":"e0","ts":1767312000000,"cat":"food","amt":0,"day":"2026-1-2","io":"inc"},{"id":"e1","ts":1767229200000,"cat":"food","amt":0.1,"day":"2026-1-1"}]|1767229200000,2026-1-1,2
group	[{"id":"e0","ts":1767405600000,"cat":"food","amt":0,"day":"2026-1-3","io":"xfer"},{"id":"e1","ts":1767060000000,"cat":"food","amt":1e-7,"day":"2025-12-30","io":"exp"},{"id":"e2","ts":1767232800000,"cat":"food","amt":1e-7,"day":"2026-1-1","io":"inc"},{"id":"e3","ts":1767225600000,"cat":"food","amt":10.5,"day":"2026-1-1","io":"xfer"},{"id":"e4","ts":1767229200000,"cat":"food","amt":1e-7,"day":"2026-1-1"},{"id":"e5","ts":1767319200000,"cat":"food","amt":1e-7,"day":"2026-1-2","io":"exp"}]|1767229200000,2026-1-1
flat	[{"id":"e0","ts":1767405600000,"cat":"food","amt":0,"day":"2026-1-3","io":"xfer"},{"id":"e1","ts":1767060000000,"cat":"food","amt":1e-7,"day":"2025-12-30","io":"exp"},{"id":"e2","ts":1767232800000,"cat":"food","amt":1e-7,"day":"2026-1-1","io":"inc"},{"id":"e3","ts":1767225600000,"cat":"food","amt":10.5,"day":"2026-1-1","io":"xfer"},{"id":"e4","ts":1767229200000,"cat":"food","amt":1e-7,"day":"2026-1-1"},{"id":"e5","ts":1767319200000,"cat":"food","amt":1e-7,"day":"2026-1-2","io":"exp"}]|1767229200000,2026-1-1,0
group	[{"id":"e0","ts":1791201600000,"cat":"food","amt":10.5,"day":"2026-10-5","io":"exp"},{"id":"e1","ts":1791118800000,"cat":"food","amt":-3.25,"day":"2026-10-5","io":"exp"}]|1791115200000,2026-10-4
flat	[{"id":"e0","ts":1791201600000,"cat":"food","amt":10.5,"day":"2026-10-5","io":"exp"},{"id":"e1","ts":1791118800000,"cat":"food","amt":-3.25,"day":"2026-10-5","io":"exp"}]|1791115200000,2026-10-4,3
group	[{"id":"e0","ts":1767099600000,"cat":"food","amt":1e-7,"day":"2025-12-31","io":"xfer"},{"id":"e1","ts":1767186000000,"cat":"food","amt":1,"day":"2026-1-1"},{"id":"e2","ts":1767362400000,"cat":"food","amt":12345.678,"day":"2026-1-3"}]|1767186000000,2026-1-1
flat	[{"id":"e0","ts":1767099600000,"cat":"food","amt":1e-7,"day":"2025-12-31","io":"xfer"},{"id":"e1","ts":1767186000000,"cat":"food","amt":1,"day":"2026-1-1"},{"id":"e2","ts":1767362400000,"cat":"food","amt":12345.678,"day":"2026-1-3"}]|1767186000000,2026-1-1,1
group	[{"id":"e0","ts":1791032400000,"cat":"food","amt":1,"day":"2026-10-3","io":"exp"},{"id":"e1","ts":1791464400000,"cat":"food","amt":0,"day":"2026-10-9","io":"exp"},{"id":"e2","ts":1791118800000,"cat":"food","amt":0.2,"day":"2026-10-5","io":"inc"}]|1791028800000,2026-10-3
flat	[{"id":"e0","ts":1791032400000,"cat":"food","amt":1,"day":"2026-10-3","io":"exp"},{"id":"e1","ts":1791464400000,"cat":"food","amt":0,"day":"2026-10-9","io":"exp"},{"id":"e2","ts":1791118800000,"cat":"food","amt":0.2,"day":"2026-10-5","io":"inc"}]|1791028800000,2026-10-3,4
group	[{"id":"e0","ts":1775386800000,"cat":"food","amt":-3.25,"day":"2026-4-5","io":"exp"},{"id":"e1","ts":1775559600000,"cat":"food","amt":10.5,"day":"2026-4-7","io":"exp"},{"id":"e2","ts":1775476800000,"cat":"food","amt":0.2,"day":"2026-4-6"}]|1775476800000,2026-4-6
flat	[{"id":"e0","ts":1775386800000,"cat":"food","amt":-3.25,"day":"2026-4-5","io":"exp"},{"id":"e1","ts":1775559600000,"cat":"food","amt":10.5,"day":"2026-4-7","io":"exp"},{"id":"e2","ts":1775476800000,"cat":"food","amt":0.2,"day":"2026-4-6"}]|1775476800000,2026-4-6,4
group	[{"id":"e0","ts":1774699200000,"cat":"food","amt":10.5,"day":"2026-3-28"},{"id":"e1","ts":1775563200000,"cat":"food","amt":-3.25,"day":"2026-4-7","io":"inc"},{"id":"e2","ts":1775473200000,"cat":"food","amt":0.2,"day":"2026-4-6"},{"id":"e3","ts":1775559600000,"cat":"food","amt":0.1,"day":"2026-4-7","io":"exp"},{"id":"e4","ts":1775390400000,"cat":"food","amt":1e+21,"day":"2026-4-5","io":"xfer"},{"id":"e5","ts":1775473200000,"cat":"food","amt":1e+21,"day":"2026-4-6","io":"xfer"},{"id":"e6","ts":1775480400000,"cat":"food","amt":1e-7,"day":"2026-4-6","io":"exp"}]|1775476800000,2026-4-6
flat	[{"id":"e0","ts":1774699200000,"cat":"food","amt":10.5,"day":"2026-3-28"},{"id":"e1","ts":1775563200000,"cat":"food","amt":-3.25,"day":"2026-4-7","io":"inc"},{"id":"e2","ts":1775473200000,"cat":"food","amt":0.2,"day":"2026-4-6"},{"id":"e3","ts":1775559600000,"cat":"food","amt":0.1,"day":"2026-4-7","io":"exp"},{"id":"e4","ts":1775390400000,"cat":"food","amt":1e+21,"day":"2026-4-5","io":"xfer"},{"id":"e5","ts":1775473200000,"cat":"food","amt":1e+21,"day":"2026-4-6","io":"xfer"},{"id":"e6","ts":1775480400000,"cat":"food","amt":1e-7,"day":"2026-4-6","io":"exp"}]|1775476800000,2026-4-6,3
group	[{"id":"e0","ts":1787626800000,"cat":"food","amt":-3.25,"day":"2026-8-25","io":"inc"},{"id":"e1","ts":1787799600000,"cat":"food","amt":-3.25,"day":"2026-8-27","io":"xfer"},{"id":"e2","ts":1787713200000,"cat":"food","amt":1e+21,"day":"2026-8-26","io":"exp"}]|1787713200000,2026-8-26
flat	[{"id":"e0","ts":1787626800000,"cat":"food","amt":-3.25,"day":"2026-8-25","io":"inc"},{"id":"e1","ts":1787799600000,"cat":"food","amt":-3.25,"day":"2026-8-27","io":"xfer"},{"id":"e2","ts":1787713200000,"cat":"food","amt":1e+21,"day":"2026-8-26","io":"exp"}]|1787713200000,2026-8-26,0
group	[{"id":"e0","ts":1788141600000,"cat":"food","amt":0,"day":"2026-8-31","io":"xfer"}]|1787713200000,2026-8-26
flat	[{"id":"e0","ts":1788141600000,"cat":"food","amt":0,"day":"2026-8-31","io":"xfer"}]|1787713200000,2026-8-26,0
group	[{"id":"e0","ts":1767009600000,"cat":"food","amt":0.1,"day":"2025-12-29"},{"id":"e1","ts":1767362400000,"cat":"food","amt":0,"day":"2026-1-3"},{"id":"e2","ts":1766404800000,"cat":"food","amt":0.2,"day":"2025-12-22"},{"id":"e3","ts":1767182400000,"cat":"food","amt":0.1,"day":"2025-12-31"},{"id":"e4","ts":1767189600000,"cat":"food","amt":1e-7,"day":"2026-1-1","io":"exp"},{"id":"e5","ts":1767009600000,"cat":"food","amt":0,"day":"2025-12-29","io":"exp"},{"id":"e6","ts":1766408400000,"cat":"food","amt":1,"day":"2025-12-23","io":"inc"}]|1767186000000,2026-1-1
flat	[{"id":"e0","ts":1767009600000,"cat":"food","amt":0.1,"day":"2025-12-29"},{"id":"e1","ts":1767362400000,"cat":"food","amt":0,"day":"2026-1-3"},{"id":"e2","ts":1766404800000,"cat":"food","amt":0.2,"day":"2025-12-22"},{"id":"e3","ts":1767182400000,"cat":"food","amt":0.1,"day":"2025-12-31"},{"id":"e4","ts":1767189600000,"cat":"food","amt":1e-7,"day":"2026-1-1","io":"exp"},{"id":"e5","ts":1767009600000,"cat":"food","amt":0,"day":"2025-12-29","io":"exp"},{"id":"e6","ts":1766408400000,"cat":"food","amt":1,"day":"2025-12-23","io":"inc"}]|1767186000000,2026-1-1,3
group	[{"id":"e0","ts":1775217600000,"cat":"food","amt":1,"day":"2026-4-3","io":"exp"},{"id":"e1","ts":1775307600000,"cat":"food","amt":1,"day":"2026-4-5","io":"exp"},{"id":"e2","ts":1775131200000,"cat":"food","amt":1e-7,"day":"2026-4-2","io":"xfer"},{"id":"e3","ts":1775386800000,"cat":"food","amt":10.5,"day":"2026-4-5"}]|1775304000000,2026-4-4
flat	[{"id":"e0","ts":1775217600000,"cat":"food","amt":1,"day":"2026-4-3","io":"exp"},{"id":"e1","ts":1775307600000,"cat":"food","amt":1,"day":"2026-4-5","io":"exp"},{"id":"e2","ts":1775131200000,"cat":"food","amt":1e-7,"day":"2026-4-2","io":"xfer"},{"id":"e3","ts":1775386800000,"cat":"food","amt":10.5,"day":"2026-4-5"}]|1775304000000,2026-4-4,2
group	[{"id":"e0","ts":1791198000000,"cat":"food","amt":-3.25,"day":"2026-10-5","io":"inc"},{"id":"e1","ts":1791198000000,"cat":"food","amt":-3.25,"day":"2026-10-5"},{"id":"e2","ts":1791198000000,"cat":"food","amt":0,"day":"2026-10-5"},{"id":"e3","ts":1791284400000,"cat":"food","amt":0,"day":"2026-10-6","io":"xfer"},{"id":"e4","ts":1791205200000,"cat":"food","amt":1e+21,"day":"2026-10-6","io":"xfer"}]|1791201600000,2026-10-5
flat	[{"id":"e0","ts":1791198000000,"cat":"food","amt":-3.25,"day":"2026-10-5","io":"inc"},{"id":"e1","ts":1791198000000,"cat":"food","amt":-3.25,"day":"2026-10-5"},{"id":"e2","ts":1791198000000,"cat":"food","amt":0,"day":"2026-10-5"},{"id":"e3","ts":1791284400000,"cat":"food","amt":0,"day":"2026-10-6","io":"xfer"},{"id":"e4","ts":1791205200000,"cat":"food","amt":1e+21,"day":"2026-10-6","io":"xfer"}]|1791201600000,2026-10-5,1
group	[{"id":"e0","ts":1787781600000,"cat":"food","amt":12345.678,"day":"2026-8-27","io":"exp"},{"id":"e1","ts":1787954400000,"cat":"food","amt":0,"day":"2026-8-29","io":"inc"},{"id":"e2","ts":1787954400000,"cat":"food","amt":0.2,"day":"2026-8-29","io":"inc"},{"id":"e3","ts":1787781600000,"cat":"food","amt":0.1,"day":"2026-8-27","io":"xfer"},{"id":"e4","ts":1787785200000,"cat":"food","amt":0,"day":"2026-8-27","io":"xfer"},{"id":"e5","ts":1787778000000,"cat":"food","amt":0,"day":"2026-8-27"},{"id":"e6","ts":1788213600000,"cat":"food","amt":0,"day":"2026-9-1","io":"xfer"}]|1787781600000,2026-8-27
flat	[{"id":"e0","ts":1787781600000,"cat":"food","amt":12345.678,"day":"2026-8-27","io":"exp"},{"id":"e1","ts":1787954400000,"cat":"food","amt":0,"day":"2026-8-29","io":"inc"},{"id":"e2","ts":1787954400000,"cat":"food","amt":0.2,"day":"2026-8-29","io":"inc"},{"id":"e3","ts":1787781600000,"cat":"food","amt":0.1,"day":"2026-8-27","io":"xfer"},{"id":"e4","ts":1787785200000,"cat":"food","amt":0,"day":"2026-8-27","io":"xfer"},{"id":"e5","ts":1787778000000,"cat":"food","amt":0,"day":"2026-8-27"},{"id":"e6","ts":1788213600000,"cat":"food","amt":0,"day":"2026-9-1","io":"xfer"}]|1787781600000,2026-8-27,1
group	[{"id":"e0","ts":1767272400000,"cat":"food","amt":0.1,"day":"2026-1-2","io":"xfer"},{"id":"e1","ts":1767276000000,"cat":"food","amt":0.2,"day":"2026-1-2","io":"exp"},{"id":"e2","ts":1767009600000,"cat":"food","amt":0,"day":"2025-12-29"},{"id":"e3","ts":1767189600000,"cat":"food","amt":0.1,"day":"2026-1-1","io":"inc"},{"id":"e4","ts":1767621600000,"cat":"food","amt":1e-7,"day":"2026-1-6","io":"xfer"},{"id":"e5","ts":1767186000000,"cat":"food","amt":12345.678,"day":"2026-1-1"},{"id":"e6","ts":1767186000000,"cat":"food","amt":1e-7,"day":"2026-1-1","io":"exp"}]|1767186000000,2026-1-1
flat	[{"id":"e0","ts":1767272400000,"cat":"food","amt":0.1,"day":"2026-1-2","io":"xfer"},{"id":"e1","ts":1767276000000,"cat":"food","amt":0.2,"day":"2026-1-2","io":"exp"},{"id":"e2","ts":1767009600000,"cat":"food","amt":0,"day":"2025-12-29"},{"id":"e3","ts":1767189600000,"cat":"food","amt":0.1,"day":"2026-1-1","io":"inc"},{"id":"e4","ts":1767621600000,"cat":"food","amt":1e-7,"day":"2026-1-6","io":"xfer"},{"id":"e5","ts":1767186000000,"cat":"food","amt":12345.678,"day":"2026-1-1"},{"id":"e6","ts":1767186000000,"cat":"food","amt":1e-7,"day":"2026-1-1","io":"exp"}]|1767186000000,2026-1-1,0
group	[{"id":"e0","ts":1791115200000,"cat":"food","amt":0,"day":"2026-10-4","io":"xfer"},{"id":"e1","ts":1791118800000,"cat":"food","amt":0,"day":"2026-10-5","io":"inc"},{"id":"e2","ts":1791291600000,"cat":"food","amt":-3.25,"day":"2026-10-7","io":"xfer"}]|1791201600000,2026-10-5
flat	[{"id":"e0","ts":1791115200000,"cat":"food","amt":0,"day":"2026-10-4","io":"xfer"},{"id":"e1","ts":1791118800000,"cat":"food","amt":0,"day":"2026-10-5","io":"inc"},{"id":"e2","ts":1791291600000,"cat":"food","amt":-3.25,"day":"2026-10-7","io":"xfer"}]|1791201600000,2026-10-5,1
group	[{"id":"e0","ts":1787864400000,"cat":"food","amt":1e+21,"day":"2026-8-28","io":"exp"},{"id":"e1","ts":1787605200000,"cat":"food","amt":0.1,"day":"2026-8-25","io":"exp"}]|1787781600000,2026-8-27
flat	[{"id":"e0","ts":1787864400000,"cat":"food","amt":1e+21,"day":"2026-8-28","io":"exp"},{"id":"e1","ts":1787605200000,"cat":"food","amt":0.1,"day":"2026-8-25","io":"exp"}]|1787781600000,2026-8-27,1
group	[]|1791028800000,2026-10-3
flat	[]|1791028800000,2026-10-3,2
group	[{"id":"e0","ts":1791288000000,"cat":"food","amt":0,"day":"2026-10-6","io":"xfer"}]|1791201600000,2026-10-5
flat	[{"id":"e0","ts":1791288000000,"cat":"food","amt":0,"day":"2026-10-6","io":"xfer"}]|1791201600000,2026-10-5,0
group	[{"id":"e0","ts":1790856000000,"cat":"food","amt":1,"day":"2026-10-1","io":"inc"},{"id":"e1","ts":1791025200000,"cat":"food","amt":1,"day":"2026-10-3"},{"id":"e2","ts":1791028800000,"cat":"food","amt":10.5,"day":"2026-10-3"}]|1791028800000,2026-10-3
flat	[{"id":"e0","ts":1790856000000,"cat":"food","amt":1,"day":"2026-10-1","io":"inc"},{"id":"e1","ts":1791025200000,"cat":"food","amt":1,"day":"2026-10-3"},{"id":"e2","ts":1791028800000,"cat":"food","amt":10.5,"day":"2026-10-3"}]|1791028800000,2026-10-3,4
group	[{"id":"e0","ts":1791288000000,"cat":"food","amt":0,"day":"2026-10-6","io":"xfer"},{"id":"e1","ts":1791201600000,"cat":"food","amt":0.1,"day":"2026-10-5","io":"exp"},{"id":"e2","ts":1791198000000,"cat":"food","amt":12345.678,"day":"2026-10-5","io":"exp"}]|1791201600000,2026-10-5
flat	[{"id":"e0","ts":1791288000000,"cat":"food","amt":0,"day":"2026-10-6","io":"xfer"},{"id":"e1","ts":1791201600000,"cat":"food","amt":0.1,"day":"2026-10-5","io":"exp"},{"id":"e2","ts":1791198000000,"cat":"food","amt":12345.678,"day":"2026-10-5","io":"exp"}]|1791201600000,2026-10-5,1
group	[{"id":"e0","ts":1787695200000,"cat":"food","amt":1e+21,"day":"2026-8-26"}]|1787781600000,2026-8-27
flat	[{"id":"e0","ts":1787695200000,"cat":"food","amt":1e+21,"day":"2026-8-26"}]|1787781600000,2026-8-27,1
group	[{"id":"e0","ts":1775480400000,"cat":"food","amt":0,"day":"2026-4-6","io":"exp"},{"id":"e1","ts":1774699200000,"cat":"food","amt":1e+21,"day":"2026-3-28","io":"inc"},{"id":"e2","ts":1774699200000,"cat":"food","amt":10.5,"day":"2026-3-28"}]|1775476800000,2026-4-6
flat	[{"id":"e0","ts":1775480400000,"cat":"food","amt":0,"day":"2026-4-6","io":"exp"},{"id":"e1","ts":1774699200000,"cat":"food","amt":1e+21,"day":"2026-3-28","io":"inc"},{"id":"e2","ts":1774699200000,"cat":"food","amt":10.5,"day":"2026-3-28"}]|1775476800000,2026-4-6,1
group	[{"id":"e0","ts":1787889600000,"cat":"food","amt":0,"day":"2026-8-28"},{"id":"e1","ts":1787882400000,"cat":"food","amt":1e+21,"day":"2026-8-28"},{"id":"e2","ts":1787540400000,"cat":"food","amt":0,"day":"2026-8-24","io":"exp"},{"id":"e3","ts":1786939200000,"cat":"food","amt":0.2,"day":"2026-8-17"},{"id":"e4","ts":1787709600000,"cat":"food","amt":0,"day":"2026-8-26","io":"exp"},{"id":"e5","ts":1787889600000,"cat":"food","amt":-3.25,"day":"2026-8-28","io":"exp"}]|1787713200000,2026-8-26
flat	[{"id":"e0","ts":1787889600000,"cat":"food","amt":0,"day":"2026-8-28"},{"id":"e1","ts":1787882400000,"cat":"food","amt":1e+21,"day":"2026-8-28"},{"id":"e2","ts":1787540400000,"cat":"food","amt":0,"day":"2026-8-24","io":"exp"},{"id":"e3","ts":1786939200000,"cat":"food","amt":0.2,"day":"2026-8-17"},{"id":"e4","ts":1787709600000,"cat":"food","amt":0,"day":"2026-8-26","io":"exp"},{"id":"e5","ts":1787889600000,"cat":"food","amt":-3.25,"day":"2026-8-28","io":"exp"}]|1787713200000,2026-8-26,1
group	[{"id":"e0","ts":1791198000000,"cat":"food","amt":1e+21,"day":"2026-10-5","io":"xfer"},{"id":"e1","ts":1791464400000,"cat":"food","amt":10.5,"day":"2026-10-9","io":"exp"},{"id":"e2","ts":1791115200000,"cat":"food","amt":1,"day":"2026-10-4","io":"exp"},{"id":"e3","ts":1790856000000,"cat":"food","amt":12345.678,"day":"2026-10-1"},{"id":"e4","ts":1791028800000,"cat":"food","amt":1e-7,"day":"2026-10-3"}]|1791028800000,2026-10-3
flat	[{"id":"e0","ts":1791198000000,"cat":"food","amt":1e+21,"day":"2026-10-5","io":"xfer"},{"id":"e1","ts":1791464400000,"cat":"food","amt":10.5,"day":"2026-10-9","io":"exp"},{"id":"e2","ts":1791115200000,"cat":"food","amt":1,"day":"2026-10-4","io":"exp"},{"id":"e3","ts":1790856000000,"cat":"food","amt":12345.678,"day":"2026-10-1"},{"id":"e4","ts":1791028800000,"cat":"food","amt":1e-7,"day":"2026-10-3"}]|1791028800000,2026-10-3,2
group	[{"id":"e0","ts":1787954400000,"cat":"food","amt":0.1,"day":"2026-8-29","io":"exp"},{"id":"e1","ts":1787864400000,"cat":"food","amt":0.1,"day":"2026-8-28","io":"inc"},{"id":"e2","ts":1787958000000,"cat":"food","amt":1,"day":"2026-8-29","io":"inc"},{"id":"e3","ts":1787781600000,"cat":"food","amt":10.5,"day":"2026-8-27","io":"inc"}]|1787781600000,2026-8-27
flat	[{"id":"e0","ts":1787954400000,"cat":"food","amt":0.1,"day":"2026-8-29","io":"exp"},{"id":"e1","ts":1787864400000,"cat":"food","amt":0.1,"day":"2026-8-28","io":"inc"},{"id":"e2","ts":1787958000000,"cat":"food","amt":1,"day":"2026-8-29","io":"inc"},{"id":"e3","ts":1787781600000,"cat":"food","amt":10.5,"day":"2026-8-27","io":"inc"}]|1787781600000,2026-8-27,3
group	[{"id":"e0","ts":1791370800000,"cat":"food","amt":0.2,"day":"2026-10-7"},{"id":"e1","ts":1791633600000,"cat":"food","amt":0,"day":"2026-10-10","io":"exp"},{"id":"e2","ts":1791205200000,"cat":"food","amt":0.1,"day":"2026-10-6","io":"exp"}]|1791201600000,2026-10-5
flat	[{"id":"e0","ts":1791370800000,"cat":"food","amt":0.2,"day":"2026-10-7"},{"id":"e1","ts":1791633600000,"cat":"food","amt":0,"day":"2026-10-10","io":"exp"},{"id":"e2","ts":1791205200000,"cat":"food","amt":0.1,"day":"2026-10-6","io":"exp"}]|1791201600000,2026-10-5,4
group	[{"id":"e0","ts":1787781600000,"cat":"food","amt":0,"day":"2026-8-27"},{"id":"e1","ts":1787958000000,"cat":"food","amt":0.2,"day":"2026-8-29","io":"exp"},{"id":"e2","ts":1787781600000,"cat":"food","amt":0.1,"day":"2026-8-27","io":"exp"}]|1787781600000,2026-8-27
flat	[{"id":"e0","ts":1787781600000,"cat":"food","amt":0,"day":"2026-8-27"},{"id":"e1","ts":1787958000000,"cat":"food","amt":0.2,"day":"2026-8-29","io":"exp"},{"id":"e2","ts":1787781600000,"cat":"food","amt":0.1,"day":"2026-8-27","io":"exp"}]|1787781600000,2026-8-27,4
group	[]|1787781600000,2026-8-27
flat	[]|1787781600000,2026-8-27,1
group	[{"id":"e0","ts":1774526400000,"cat":"food","amt":1e+21,"day":"2026-3-26","io":"xfer"},{"id":"e1","ts":1775476800000,"cat":"food","amt":1e-7,"day":"2026-4-6"},{"id":"e2","ts":1775736000000,"cat":"food","amt":1e-7,"day":"2026-4-9","io":"xfer"},{"id":"e3","ts":1775304000000,"cat":"food","amt":0.2,"day":"2026-4-4","io":"exp"},{"id":"e4","ts":1775736000000,"cat":"food","amt":0,"day":"2026-4-9","io":"xfer"}]|1775304000000,2026-4-4
flat	[{"id":"e0","ts":1774526400000,"cat":"food","amt":1e+21,"day":"2026-3-26","io":"xfer"},{"id":"e1","ts":1775476800000,"cat":"food","amt":1e-7,"day":"2026-4-6"},{"id":"e2","ts":1775736000000,"cat":"food","amt":1e-7,"day":"2026-4-9","io":"xfer"},{"id":"e3","ts":1775304000000,"cat":"food","amt":0.2,"day":"2026-4-4","io":"exp"},{"id":"e4","ts":1775736000000,"cat":"food","amt":0,"day":"2026-4-9","io":"xfer"}]|1775304000000,2026-4-4,2
group	[{"id":"e0","ts":1787785200000,"cat":"food","amt":0,"day":"2026-8-27","io":"exp"},{"id":"e1","ts":1788213600000,"cat":"food","amt":12345.678,"day":"2026-9-1","io":"exp"}]|1787781600000,2026-8-27
flat	[{"id":"e0","ts":1787785200000,"cat":"food","amt":0,"day":"2026-8-27","io":"exp"},{"id":"e1","ts":1788213600000,"cat":"food","amt":12345.678,"day":"2026-9-1","io":"exp"}]|1787781600000,2026-8-27,1
group	[{"id":"e0","ts":1766455200000,"cat":"food","amt":0.2,"day":"2025-12-23","io":"xfer"},{"id":"e1","ts":1767229200000,"cat":"food","amt":0.2,"day":"2026-1-1","io":"exp"},{"id":"e2","ts":1767232800000,"cat":"food","amt":0.2,"day":"2026-1-1","io":"exp"},{"id":"e3","ts":1767232800000,"cat":"food","amt":12345.678,"day":"2026-1-1","io":"inc"},{"id":"e4","ts":1767146400000,"cat":"food","amt":0,"day":"2025-12-31","io":"xfer"},{"id":"e5","ts":1767052800000,"cat":"food","amt":0,"day":"2025-12-30","io":"exp"}]|1767229200000,2026-1-1
flat	[{"id":"e0","ts":1766455200000,"cat":"food","amt":0.2,"day":"2025-12-23","io":"xfer"},{"id":"e1","ts":1767229200000,"cat":"food","amt":0.2,"day":"2026-1-1","io":"exp"},{"id":"e2","ts":1767232800000,"cat":"food","amt":0.2,"day":"2026-1-1","io":"exp"},{"id":"e3","ts":1767232800000,"cat":"food","amt":12345.678,"day":"2026-1-1","io":"inc"},{"id":"e4","ts":1767146400000,"cat":"food","amt":0,"day":"2025-12-31","io":"xfer"},{"id":"e5","ts":1767052800000,"cat":"food","amt":0,"day":"2025-12-30","io":"exp"}]|1767229200000,2026-1-1,3
group	[{"id":"e0","ts":1788213600000,"cat":"food","amt":0.1,"day":"2026-9-1","io":"exp"},{"id":"e1","ts":1787958000000,"cat":"food","amt":1,"day":"2026-8-29","io":"xfer"},{"id":"e2","ts":1787612400000,"cat":"food","amt":12345.678,"day":"2026-8-25","io":"xfer"},{"id":"e3","ts":1787950800000,"cat":"food","amt":1e+21,"day":"2026-8-29","io":"xfer"}]|1787781600000,2026-8-27
flat	[{"id":"e0","ts":1788213600000,"cat":"food","amt":0.1,"day":"2026-9-1","io":"exp"},{"id":"e1","ts":1787958000000,"cat":"food","amt":1,"day":"2026-8-29","io":"xfer"},{"id":"e2","ts":1787612400000,"cat":"food","amt":12345.678,"day":"2026-8-25","io":"xfer"},{"id":"e3","ts":1787950800000,"cat":"food","amt":1e+21,"day":"2026-8-29","io":"xfer"}]|1787781600000,2026-8-27,2
group	[{"id":"e0","ts":1767189600000,"cat":"food","amt":0.1,"day":"2026-1-1"},{"id":"e1","ts":1767016800000,"cat":"food","amt":-3.25,"day":"2025-12-30","io":"inc"},{"id":"e2","ts":1767099600000,"cat":"food","amt":10.5,"day":"2025-12-31","io":"exp"}]|1767186000000,2026-1-1
flat	[{"id":"e0","ts":1767189600000,"cat":"food","amt":0.1,"day":"2026-1-1"},{"id":"e1","ts":1767016800000,"cat":"food","amt":-3.25,"day":"2025-12-30","io":"inc"},{"id":"e2","ts":1767099600000,"cat":"food","amt":10.5,"day":"2025-12-31","io":"exp"}]|1767186000000,2026-1-1,1
group	[{"id":"e0","ts":1791201600000,"cat":"food","amt":0,"day":"2026-10-5","io":"xfer"}]|1791115200000,2026-10-4
flat	[{"id":"e0","ts":1791201600000,"cat":"food","amt":0,"day":"2026-10-5","io":"xfer"}]|1791115200000,2026-10-4,2
group	[{"id":"e0","ts":1775646000000,"cat":"food","amt":0.1,"day":"2026-4-8"},{"id":"e1","ts":1774699200000,"cat":"food","amt":0,"day":"2026-3-28"}]|1775476800000,2026-4-6
flat	[{"id":"e0","ts":1775646000000,"cat":"food","amt":0.1,"day":"2026-4-8"},{"id":"e1","ts":1774699200000,"cat":"food","amt":0,"day":"2026-3-28"}]|1775476800000,2026-4-6,0
group	[{"id":"e0","ts":1775563200000,"cat":"food","amt":1e+21,"day":"2026-4-7","io":"inc"},{"id":"e1","ts":1775476800000,"cat":"food","amt":-3.25,"day":"2026-4-6"}]|1775390400000,2026-4-5
flat	[{"id":"e0","ts":1775563200000,"cat":"food","amt":1e+21,"day":"2026-4-7","io":"inc"},{"id":"e1","ts":1775476800000,"cat":"food","amt":-3.25,"day":"2026-4-6"}]|1775390400000,2026-4-5,4
group	[{"id":"e0","ts":1787540400000,"cat":"food","amt":10.5,"day":"2026-8-24","io":"exp"},{"id":"e1","ts":1787713200000,"cat":"food","amt":12345.678,"day":"2026-8-26","io":"xfer"},{"id":"e2","ts":1786935600000,"cat":"food","amt":0,"day":"2026-8-17","io":"exp"},{"id":"e3","ts":1786935600000,"cat":"food","amt":1e-7,"day":"2026-8-17","io":"xfer"},{"id":"e4","ts":1787886000000,"cat":"food","amt":1,"day":"2026-8-28","io":"inc"}]|1787713200000,2026-8-26
flat	[{"id":"e0","ts":1787540400000,"cat":"food","amt":10.5,"day":"2026-8-24","io":"exp"},{"id":"e1","ts":1787713200000,"cat":"food","amt":12345.678,"day":"2026-8-26","io":"xfer"},{"id":"e2","ts":1786935600000,"cat":"food","amt":0,"day":"2026-8-17","io":"exp"},{"id":"e3","ts":1786935600000,"cat":"food","amt":1e-7,"day":"2026-8-17","io":"xfer"},{"id":"e4","ts":1787886000000,"cat":"food","amt":1,"day":"2026-8-28","io":"inc"}]|1787713200000,2026-8-26,2
group	[{"id":"e0","ts":1767146400000,"cat":"food","amt":1,"day":"2025-12-31","io":"xfer"},{"id":"e1","ts":1767657600000,"cat":"food","amt":1e+21,"day":"2026-1-6","io":"exp"},{"id":"e2","ts":1767142800000,"cat":"food","amt":0.1,"day":"2025-12-31","io":"xfer"},{"id":"e3","ts":1767142800000,"cat":"food","amt":1e-7,"day":"2025-12-31","io":"exp"},{"id":"e4","ts":1767402000000,"cat":"food","amt":10.5,"day":"2026-1-3"}]|1767229200000,2026-1-1
flat	[{"id":"e0","ts":1767146400000,"cat":"food","amt":1,"day":"2025-12-31","io":"xfer"},{"id":"e1","ts":1767657600000,"cat":"food","amt":1e+21,"day":"2026-1-6","io":"exp"},{"id":"e2","ts":1767142800000,"cat":"food","amt":0.1,"day":"2025-12-31","io":"xfer"},{"id":"e3","ts":1767142800000,"cat":"food","amt":1e-7,"day":"2025-12-31","io":"exp"},{"id":"e4","ts":1767402000000,"cat":"food","amt":10.5,"day":"2026-1-3"}]|1767229200000,2026-1-1,1
group	[{"id":"e0","ts":1787781600000,"cat":"food","amt":1e+21,"day":"2026-8-27"},{"id":"e1","ts":1787864400000,"cat":"food","amt":0,"day":"2026-8-28"}]|1787781600000,2026-8-27
flat	[{"id":"e0","ts":1787781600000,"cat":"food","amt":1e+21,"day":"2026-8-27"},{"id":"e1","ts":1787864400000,"cat":"food","amt":0,"day":"2026-8-28"}]|1787781600000,2026-8-27,3
group	[{"id":"e0","ts":1775217600000,"cat":"food","amt":12345.678,"day":"2026-4-3"},{"id":"e1","ts":1775304000000,"cat":"food","amt":1e+21,"day":"2026-4-4","io":"exp"},{"id":"e2","ts":1775473200000,"cat":"food","amt":1,"day":"2026-4-6","io":"inc"}]|1775304000000,2026-4-4
flat	[{"id":"e0","ts":1775217600000,"cat":"food","amt":12345.678,"day":"2026-4-3"},{"id":"e1","ts":1775304000000,"cat":"food","amt":1e+21,"day":"2026-4-4","io":"exp"},{"id":"e2","ts":1775473200000,"cat":"food","amt":1,"day":"2026-4-6","io":"inc"}]|1775304000000,2026-4-4,2
group	[{"id":"e0","ts":1774530000000,"cat":"food","amt":1e-7,"day":"2026-3-27","io":"exp"}]|1775304000000,2026-4-4
flat	[{"id":"e0","ts":1774530000000,"cat":"food","amt":1e-7,"day":"2026-3-27","io":"exp"}]|1775304000000,2026-4-4,3
group	[{"id":"e0","ts":1787605200000,"cat":"food","amt":0.1,"day":"2026-8-25"}]|1787781600000,2026-8-27
flat	[{"id":"e0","ts":1787605200000,"cat":"food","amt":0.1,"day":"2026-8-25"}]|1787781600000,2026-8-27,1
group	[{"id":"e0","ts":1791205200000,"cat":"food","amt":0,"day":"2026-10-6","io":"xfer"},{"id":"e1","ts":1791374400000,"cat":"food","amt":-3.25,"day":"2026-10-7","io":"inc"},{"id":"e2","ts":1791633600000,"cat":"food","amt":1e-7,"day":"2026-10-10"},{"id":"e3","ts":1791370800000,"cat":"food","amt":0,"day":"2026-10-7","io":"xfer"},{"id":"e4","ts":1791637200000,"cat":"food","amt":10.5,"day":"2026-10-11","io":"inc"}]|1791201600000,2026-10-5
flat	[{"id":"e0","ts":1791205200000,"cat":"food","amt":0,"day":"2026-10-6","io":"xfer"},{"id":"e1","ts":1791374400000,"cat":"food","amt":-3.25,"day":"2026-10-7","io":"inc"},{"id":"e2","ts":1791633600000,"cat":"food","amt":1e-7,"day":"2026-10-10"},{"id":"e3","ts":1791370800000,"cat":"food","amt":0,"day":"2026-10-7","io":"xfer"},{"id":"e4","ts":1791637200000,"cat":"food","amt":10.5,"day":"2026-10-11","io":"inc"}]|1791201600000,2026-10-5,0
group	[{"id":"e0","ts":1787716800000,"cat":"food","amt":0.2,"day":"2026-8-26","io":"exp"}]|1787713200000,2026-8-26
flat	[{"id":"e0","ts":1787716800000,"cat":"food","amt":0.2,"day":"2026-8-26","io":"exp"}]|1787713200000,2026-8-26,0
group	[{"id":"e0","ts":1767315600000,"cat":"food","amt":1e+21,"day":"2026-1-2","io":"xfer"},{"id":"e1","ts":1767142800000,"cat":"food","amt":0,"day":"2025-12-31","io":"exp"}]|1767229200000,2026-1-1
flat	[{"id":"e0","ts":1767315600000,"cat":"food","amt":1e+21,"day":"2026-1-2","io":"xfer"},{"id":"e1","ts":1767142800000,"cat":"food","amt":0,"day":"2025-12-31","io":"exp"}]|1767229200000,2026-1-1,1
group	[{"id":"e0","ts":1766451600000,"cat":"food","amt":0,"day":"2025-12-23","io":"inc"},{"id":"e1","ts":1766451600000,"cat":"food","amt":0.2,"day":"2025-12-23","io":"exp"},{"id":"e2","ts":1767225600000,"cat":"food","amt":0,"day":"2026-1-1","io":"exp"},{"id":"e3","ts":1767405600000,"cat":"food","amt":0.1,"day":"2026-1-3","io":"inc"},{"id":"e4","ts":1767312000000,"cat":"food","amt":0,"day":"2026-1-2","io":"exp"}]|1767229200000,2026-1-1
flat	[{"id":"e0","ts":1766451600000,"cat":"food","amt":0,"day":"2025-12-23","io":"inc"},{"id":"e1","ts":1766451600000,"cat":"food","amt":0.2,"day":"2025-12-23","io":"exp"},{"id":"e2","ts":1767225600000,"cat":"food","amt":0,"day":"2026-1-1","io":"exp"},{"id":"e3","ts":1767405600000,"cat":"food","amt":0.1,"day":"2026-1-3","io":"inc"},{"id":"e4","ts":1767312000000,"cat":"food","amt":0,"day":"2026-1-2","io":"exp"}]|1767229200000,2026-1-1,4
group	[{"id":"e0","ts":1767268800000,"cat":"food","amt":1e+21,"day":"2026-1-1","io":"xfer"},{"id":"e1","ts":1767099600000,"cat":"food","amt":-3.25,"day":"2025-12-31","io":"exp"},{"id":"e2","ts":1767103200000,"cat":"food","amt":1,"day":"2025-12-31"},{"id":"e3","ts":1767099600000,"cat":"food","amt":0,"day":"2025-12-31","io":"xfer"}]|1767186000000,2026-1-1
flat	[{"id":"e0","ts":1767268800000,"cat":"food","amt":1e+21,"day":"2026-1-1","io":"xfer"},{"id":"e1","ts":1767099600000,"cat":"food","amt":-3.25,"day":"2025-12-31","io":"exp"},{"id":"e2","ts":1767103200000,"cat":"food","amt":1,"day":"2025-12-31"},{"id":"e3","ts":1767099600000,"cat":"food","amt":0,"day":"2025-12-31","io":"xfer"}]|1767186000000,2026-1-1,2
group	[]|1791201600000,2026-10-5
flat	[]|1791201600000,2026-10-5,1
group	[{"id":"e0","ts":1791284400000,"cat":"food","amt":0,"day":"2026-10-6","io":"exp"},{"id":"e1","ts":1791111600000,"cat":"food","amt":10.5,"day":"2026-10-4","io":"exp"},{"id":"e2","ts":1791637200000,"cat":"food","amt":-3.25,"day":"2026-10-11"},{"id":"e3","ts":1790427600000,"cat":"food","amt":0,"day":"2026-9-26"},{"id":"e4","ts":1791284400000,"cat":"food","amt":1,"day":"2026-10-6"},{"id":"e5","ts":1791198000000,"cat":"food","amt":12345.678,"day":"2026-10-5","io":"exp"},{"id":"e6","ts":1791291600000,"cat":"food","amt":1e+21,"day":"2026-10-7","io":"inc"}]|1791201600000,2026-10-5
flat	[{"id":"e0","ts":1791284400000,"cat":"food","amt":0,"day":"2026-10-6","io":"exp"},{"id":"e1","ts":1791111600000,"cat":"food","amt":10.5,"day":"2026-10-4","io":"exp"},{"id":"e2","ts":1791637200000,"cat":"food","amt":-3.25,"day":"2026-10-11"},{"id":"e3","ts":1790427600000,"cat":"food","amt":0,"day":"2026-9-26"},{"id":"e4","ts":1791284400000,"cat":"food","amt":1,"day":"2026-10-6"},{"id":"e5","ts":1791198000000,"cat":"food","amt":12345.678,"day":"2026-10-5","io":"exp"},{"id":"e6","ts":1791291600000,"cat":"food","amt":1e+21,"day":"2026-10-7","io":"inc"}]|1791201600000,2026-10-5,0
group	[{"id":"e0","ts":1787544000000,"cat":"food","amt":10.5,"day":"2026-8-24","io":"inc"},{"id":"e1","ts":1787540400000,"cat":"food","amt":0.2,"day":"2026-8-24"},{"id":"e2","ts":1787799600000,"cat":"food","amt":12345.678,"day":"2026-8-27","io":"inc"},{"id":"e3","ts":1788141600000,"cat":"food","amt":10.5,"day":"2026-8-31","io":"exp"},{"id":"e4","ts":1786935600000,"cat":"food","amt":1,"day":"2026-8-17","io":"exp"}]|1787713200000,2026-8-26
flat	[{"id":"e0","ts":1787544000000,"cat":"food","amt":10.5,"day":"2026-8-24","io":"inc"},{"id":"e1","ts":1787540400000,"cat":"food","amt":0.2,"day":"2026-8-24"},{"id":"e2","ts":1787799600000,"cat":"food","amt":12345.678,"day":"2026-8-27","io":"inc"},{"id":"e3","ts":1788141600000,"cat":"food","amt":10.5,"day":"2026-8-31","io":"exp"},{"id":"e4","ts":1786935600000,"cat":"food","amt":1,"day":"2026-8-17","io":"exp"}]|1787713200000,2026-8-26,1
group	[{"id":"e0","ts":1791460800000,"cat":"food","amt":0.1,"day":"2026-10-8","io":"xfer"},{"id":"e1","ts":1791115200000,"cat":"food","amt":10.5,"day":"2026-10-4","io":"exp"},{"id":"e2","ts":1791115200000,"cat":"food","amt":0.2,"day":"2026-10-4","io":"xfer"},{"id":"e3","ts":1790856000000,"cat":"food","amt":-3.25,"day":"2026-10-1","io":"xfer"},{"id":"e4","ts":1791028800000,"cat":"food","amt":1,"day":"2026-10-3","io":"inc"}]|1791028800000,2026-10-3
flat	[{"id":"e0","ts":1791460800000,"cat":"food","amt":0.1,"day":"2026-10-8","io":"xfer"},{"id":"e1","ts":1791115200000,"cat":"food","amt":10.5,"day":"2026-10-4","io":"exp"},{"id":"e2","ts":1791115200000,"cat":"food","amt":0.2,"day":"2026-10-4","io":"xfer"},{"id":"e3","ts":1790856000000,"cat":"food","amt":-3.25,"day":"2026-10-1","io":"xfer"},{"id":"e4","ts":1791028800000,"cat":"food","amt":1,"day":"2026-10-3","io":"inc"}]|1791028800000,2026-10-3,4
group	[{"id":"e0","ts":1775818800000,"cat":"food","amt":0.2,"day":"2026-4-10","io":"inc"},{"id":"e1","ts":1775390400000,"cat":"food","amt":-3.25,"day":"2026-4-5","io":"xfer"},{"id":"e2","ts":1775566800000,"cat":"food","amt":0.1,"day":"2026-4-7","io":"inc"}]|1775390400000,2026-4-5
flat	[{"id":"e0","ts":1775818800000,"cat":"food","amt":0.2,"day":"2026-4-10","io":"inc"},{"id":"e1","ts":1775390400000,"cat":"food","amt":-3.25,"day":"2026-4-5","io":"xfer"},{"id":"e2","ts":1775566800000,"cat":"food","amt":0.1,"day":"2026-4-7","io":"inc"}]|1775390400000,2026-4-5,1
group	[{"id":"e0","ts":1775476800000,"cat":"food","amt":0.1,"day":"2026-4-6","io":"exp"},{"id":"e1","ts":1775304000000,"cat":"food","amt":0,"day":"2026-4-4"},{"id":"e2","ts":1775214000000,"cat":"food","amt":0.1,"day":"2026-4-3","io":"inc"},{"id":"e3","ts":1775480400000,"cat":"food","amt":0.2,"day":"2026-4-6","io":"exp"},{"id":"e4","ts":1775131200000,"cat":"food","amt":1e+21,"day":"2026-4-2"},{"id":"e5","ts":1775217600000,"cat":"food","amt":0,"day":"2026-4-3","io":"inc"},{"id":"e6","ts":1775307600000,"cat":"food","amt":-3.25,"day":"2026-4-5","io":"xfer"}]|1775304000000,2026-4-4
flat	[{"id":"e0","ts":1775476800000,"cat":"food","amt":0.1,"day":"2026-4-6","io":"exp"},{"id":"e1","ts":1775304000000,"cat":"food","amt":0,"day":"2026-4-4"},{"id":"e2","ts":1775214000000,"cat":"food","amt":0.1,"day":"2026-4-3","io":"inc"},{"id":"e3","ts":1775480400000,"cat":"food","amt":0.2,"day":"2026-4-6","io":"exp"},{"id":"e4","ts":1775131200000,"cat":"food","amt":1e+21,"day":"2026-4-2"},{"id":"e5","ts":1775217600000,"cat":"food","amt":0,"day":"2026-4-3","io":"inc"},{"id":"e6","ts":1775307600000,"cat":"food","amt":-3.25,"day":"2026-4-5","io":"xfer"}]|1775304000000,2026-4-4,4
group	[{"id":"e0","ts":1791028800000,"cat":"food","amt":0,"day":"2026-10-3","io":"xfer"},{"id":"e1","ts":1790424000000,"cat":"food","amt":1,"day":"2026-9-26","io":"exp"}]|1791201600000,2026-10-5
flat	[{"id":"e0","ts":1791028800000,"cat":"food","amt":0,"day":"2026-10-3","io":"xfer"},{"id":"e1","ts":1790424000000,"cat":"food","amt":1,"day":"2026-9-26","io":"exp"}]|1791201600000,2026-10-5,4
group	[{"id":"e0","ts":1791370800000,"cat":"food","amt":0.1,"day":"2026-10-7","io":"xfer"},{"id":"e1","ts":1791201600000,"cat":"food","amt":0,"day":"2026-10-5"},{"id":"e2","ts":1791118800000,"cat":"food","amt":0.1,"day":"2026-10-5","io":"xfer"},{"id":"e3","ts":1791111600000,"cat":"food","amt":1,"day":"2026-10-4","io":"inc"}]|1791201600000,2026-10-5
flat	[{"id":"e0","ts":1791370800000,"cat":"food","amt":0.1,"day":"2026-10-7","io":"xfer"},{"id":"e1","ts":1791201600000,"cat":"food","amt":0,"day":"2026-10-5"},{"id":"e2","ts":1791118800000,"cat":"food","amt":0.1,"day":"2026-10-5","io":"xfer"},{"id":"e3","ts":1791111600000,"cat":"food","amt":1,"day":"2026-10-4","io":"inc"}]|1791201600000,2026-10-5,1
group	[{"id":"e0","ts":1791025200000,"cat":"food","amt":0.1,"day":"2026-10-3"},{"id":"e1","ts":1791115200000,"cat":"food","amt":-3.25,"day":"2026-10-4","io":"exp"},{"id":"e2","ts":1791633600000,"cat":"food","amt":0.2,"day":"2026-10-10","io":"exp"},{"id":"e3","ts":1791633600000,"cat":"food","amt":0.1,"day":"2026-10-10","io":"inc"},{"id":"e4","ts":1790420400000,"cat":"food","amt":10.5,"day":"2026-9-26"},{"id":"e5","ts":1791374400000,"cat":"food","amt":-3.25,"day":"2026-10-7","io":"inc"},{"id":"e6","ts":1791205200000,"cat":"food","amt":10.5,"day":"2026-10-6","io":"inc"}]|1791201600000,2026-10-5
flat	[{"id":"e0","ts":1791025200000,"cat":"food","amt":0.1,"day":"2026-10-3"},{"id":"e1","ts":1791115200000,"cat":"food","amt":-3.25,"day":"2026-10-4","io":"exp"},{"id":"e2","ts":1791633600000,"cat":"food","amt":0.2,"day":"2026-10-10","io":"exp"},{"id":"e3","ts":1791633600000,"cat":"food","amt":0.1,"day":"2026-10-10","io":"inc"},{"id":"e4","ts":1790420400000,"cat":"food","amt":10.5,"day":"2026-9-26"},{"id":"e5","ts":1791374400000,"cat":"food","amt":-3.25,"day":"2026-10-7","io":"inc"},{"id":"e6","ts":1791205200000,"cat":"food","amt":10.5,"day":"2026-10-6","io":"inc"}]|1791201600000,2026-10-5,3
group	[]|1775304000000,2026-4-4
flat	[]|1775304000000,2026-4-4,1
group	[]|1791201600000,2026-10-5
flat	[]|1791201600000,2026-10-5,0
group	[]|1791115200000,2026-10-4
flat	[]|1791115200000,2026-10-4,1
group	[{"id":"e0","ts":1791118800000,"cat":"food","amt":1e+21,"day":"2026-10-5"},{"id":"e1","ts":1791198000000,"cat":"food","amt":1,"day":"2026-10-5"},{"id":"e2","ts":1791284400000,"cat":"food","amt":1e-7,"day":"2026-10-6","io":"exp"},{"id":"e3","ts":1791111600000,"cat":"food","amt":1,"day":"2026-10-4","io":"exp"},{"id":"e4","ts":1791115200000,"cat":"food","amt":12345.678,"day":"2026-10-4","io":"exp"}]|1791115200000,2026-10-4
flat	[{"id":"e0","ts":1791118800000,"cat":"food","amt":1e+21,"day":"2026-10-5"},{"id":"e1","ts":1791198000000,"cat":"food","amt":1,"day":"2026-10-5"},{"id":"e2","ts":1791284400000,"cat":"food","amt":1e-7,"day":"2026-10-6","io":"exp"},{"id":"e3","ts":1791111600000,"cat":"food","amt":1,"day":"2026-10-4","io":"exp"},{"id":"e4","ts":1791115200000,"cat":"food","amt":12345.678,"day":"2026-10-4","io":"exp"}]|1791115200000,2026-10-4,1
group	[{"id":"e0","ts":1790334000000,"cat":"food","amt":0,"day":"2026-9-25"},{"id":"e1","ts":1791288000000,"cat":"food","amt":1e+21,"day":"2026-10-6","io":"inc"},{"id":"e2","ts":1791198000000,"cat":"food","amt":1,"day":"2026-10-5"}]|1791115200000,2026-10-4
flat	[{"id":"e0","ts":1790334000000,"cat":"food","amt":0,"day":"2026-9-25"},{"id":"e1","ts":1791288000000,"cat":"food","amt":1e+21,"day":"2026-10-6","io":"inc"},{"id":"e2","ts":1791198000000,"cat":"food","amt":1,"day":"2026-10-5"}]|1791115200000,2026-10-4,1
group	[{"id":"e0","ts":1791118800000,"cat":"food","amt":1,"day":"2026-10-5"}]|1791028800000,2026-10-3
flat	[{"id":"e0","ts":1791118800000,"cat":"food","amt":1,"day":"2026-10-5"}]|1791028800000,2026-10-3,4
group	[{"id":"e0","ts":1775739600000,"cat":"food","amt":12345.678,"day":"2026-4-9","io":"inc"},{"id":"e1","ts":1775307600000,"cat":"food","amt":-3.25,"day":"2026-4-5","io":"exp"},{"id":"e2","ts":1775221200000,"cat":"food","amt":-3.25,"day":"2026-4-4","io":"exp"},{"id":"e3","ts":1775131200000,"cat":"food","amt":0,"day":"2026-4-2","io":"exp"},{"id":"e4","ts":1775394000000,"cat":"food","amt":0.2,"day":"2026-4-5"},{"id":"e5","ts":1775217600000,"cat":"food","amt":1e+21,"day":"2026-4-3","io":"inc"}]|1775304000000,2026-4-4
flat	[{"id":"e0","ts":1775739600000,"cat":"food","amt":12345.678,"day":"2026-4-9","io":"inc"},{"id":"e1","ts":1775307600000,"cat":"food","amt":-3.25,"day":"2026-4-5","io":"exp"},{"id":"e2","ts":1775221200000,"cat":"food","amt":-3.25,"day":"2026-4-4","io":"exp"},{"id":"e3","ts":1775131200000,"cat":"food","amt":0,"day":"2026-4-2","io":"exp"},{"id":"e4","ts":1775394000000,"cat":"food","amt":0.2,"day":"2026-4-5"},{"id":"e5","ts":1775217600000,"cat":"food","amt":1e+21,"day":"2026-4-3","io":"inc"}]|1775304000000,2026-4-4,1
group	[{"id":"e0","ts":1787004000000,"cat":"food","amt":-3.25,"day":"2026-8-18","io":"exp"},{"id":"e1","ts":1787608800000,"cat":"food","amt":0,"day":"2026-8-25"},{"id":"e2","ts":1787950800000,"cat":"food","amt":10.5,"day":"2026-8-29","io":"inc"},{"id":"e3","ts":1787781600000,"cat":"food","amt":-3.25,"day":"2026-8-27"}]|1787781600000,2026-8-27
flat	[{"id":"e0","ts":1787004000000,"cat":"food","amt":-3.25,"day":"2026-8-18","io":"exp"},{"id":"e1","ts":1787608800000,"cat":"food","amt":0,"day":"2026-8-25"},{"id":"e2","ts":1787950800000,"cat":"food","amt":10.5,"day":"2026-8-29","io":"inc"},{"id":"e3","ts":1787781600000,"cat":"food","amt":-3.25,"day":"2026-8-27"}]|1787781600000,2026-8-27,1
group	[]|1775304000000,2026-4-4
flat	[]|1775304000000,2026-4-4,1
group	[{"id":"e0","ts":1791201600000,"cat":"food","amt":0.1,"day":"2026-10-5","io":"inc"},{"id":"e1","ts":1791118800000,"cat":"food","amt":0,"day":"2026-10-5","io":"exp"},{"id":"e2","ts":1791198000000,"cat":"food","amt":0,"day":"2026-10-5","io":"inc"},{"id":"e3","ts":1791205200000,"cat":"food","amt":1e+21,"day":"2026-10-6","io":"xfer"},{"id":"e4","ts":1790938800000,"cat":"food","amt":0,"day":"2026-10-2","io":"exp"},{"id":"e5","ts":1790938800000,"cat":"food","amt":-3.25,"day":"2026-10-2","io":"inc"},{"id":"e6","ts":1791457200000,"cat":"food","amt":12345.678,"day":"2026-10-8","io":"xfer"}]|1791028800000,2026-10-3
flat	[{"id":"e0","ts":1791201600000,"cat":"food","amt":0.1,"day":"2026-10-5","io":"inc"},{"id":"e1","ts":1791118800000,"cat":"food","amt":0,"day":"2026-10-5","io":"exp"},{"id":"e2","ts":1791198000000,"cat":"food","amt":0,"day":"2026-10-5","io":"inc"},{"id":"e3","ts":1791205200000,"cat":"food","amt":1e+21,"day":"2026-10-6","io":"xfer"},{"id":"e4","ts":1790938800000,"cat":"food","amt":0,"day":"2026-10-2","io":"exp"},{"id":"e5","ts":1790938800000,"cat":"food","amt":-3.25,"day":"2026-10-2","io":"inc"},{"id":"e6","ts":1791457200000,"cat":"food","amt":12345.678,"day":"2026-10-8","io":"xfer"}]|1791028800000,2026-10-3,1
group	[{"id":"e0","ts":1767186000000,"cat":"food","amt":0.2,"day":"2026-1-1","io":"exp"},{"id":"e1","ts":1766408400000,"cat":"food","amt":12345.678,"day":"2025-12-23","io":"exp"},{"id":"e2","ts":1767621600000,"cat":"food","amt":-3.25,"day":"2026-1-6"},{"id":"e3","ts":1767189600000,"cat":"food","amt":1,"day":"2026-1-1","io":"inc"},{"id":"e4","ts":1767272400000,"cat":"food","amt":1e-7,"day":"2026-1-2","io":"xfer"}]|1767186000000,2026-1-1
flat	[{"id":"e0","ts":1767186000000,"cat":"food","amt":0.2,"day":"2026-1-1","io":"exp"},{"id":"e1","ts":1766408400000,"cat":"food","amt":12345.678,"day":"2025-12-23","io":"exp"},{"id":"e2","ts":1767621600000,"cat":"food","amt":-3.25,"day":"2026-1-6"},{"id":"e3","ts":1767189600000,"cat":"food","amt":1,"day":"2026-1-1","io":"inc"},{"id":"e4","ts":1767272400000,"cat":"food","amt":1e-7,"day":"2026-1-2","io":"xfer"}]|1767186000000,2026-1-1,3
group	[{"id":"e0","ts":1775563200000,"cat":"food","amt":0.2,"day":"2026-4-7","io":"xfer"},{"id":"e1","ts":1775473200000,"cat":"food","amt":10.5,"day":"2026-4-6","io":"exp"},{"id":"e2","ts":1774699200000,"cat":"food","amt":-3.25,"day":"2026-3-28"},{"id":"e3","ts":1775908800000,"cat":"food","amt":1e+21,"day":"2026-4-11","io":"exp"}]|1775476800000,2026-4-6
flat	[{"id":"e0","ts":1775563200000,"cat":"food","amt":0.2,"day":"2026-4-7","io":"xfer"},{"id":"e1","ts":1775473200000,"cat":"food","amt":10.5,"day":"2026-4-6","io":"exp"},{"id":"e2","ts":1774699200000,"cat":"food","amt":-3.25,"day":"2026-3-28"},{"id":"e3","ts":1775908800000,"cat":"food","amt":1e+21,"day":"2026-4-11","io":"exp"}]|1775476800000,2026-4-6,1
group	[]|1767186000000,2026-1-1
flat	[]|1767186000000,2026-1-1,3
group	[{"id":"e0","ts":1787796000000,"cat":"food","amt":1e-7,"day":"2026-8-27","io":"exp"},{"id":"e1","ts":1787713200000,"cat":"food","amt":-3.25,"day":"2026-8-26"},{"id":"e2","ts":1787796000000,"cat":"food","amt":1,"day":"2026-8-27"},{"id":"e3","ts":1787716800000,"cat":"food","amt":10.5,"day":"2026-8-26","io":"inc"}]|1787713200000,2026-8-26
flat	[{"id":"e0","ts":1787796000000,"cat":"food","amt":1e-7,"day":"2026-8-27","io":"exp"},{"id":"e1","ts":1787713200000,"cat":"food","amt":-3.25,"day":"2026-8-26"},{"id":"e2","ts":1787796000000,"cat":"food","amt":1,"day":"2026-8-27"},{"id":"e3","ts":1787716800000,"cat":"food","amt":10.5,"day":"2026-8-26","io":"inc"}]|1787713200000,2026-8-26,4
group	[{"id":"e0","ts":1775390400000,"cat":"food","amt":12345.678,"day":"2026-4-5","io":"xfer"},{"id":"e1","ts":1774522800000,"cat":"food","amt":0,"day":"2026-3-26","io":"exp"},{"id":"e2","ts":1774526400000,"cat":"food","amt":0,"day":"2026-3-26","io":"exp"},{"id":"e3","ts":1775304000000,"cat":"food","amt":0.2,"day":"2026-4-4","io":"inc"}]|1775304000000,2026-4-4
flat	[{"id":"e0","ts":1775390400000,"cat":"food","amt":12345.678,"day":"2026-4-5","io":"xfer"},{"id":"e1","ts":1774522800000,"cat":"food","amt":0,"day":"2026-3-26","io":"exp"},{"id":"e2","ts":1774526400000,"cat":"food","amt":0,"day":"2026-3-26","io":"exp"},{"id":"e3","ts":1775304000000,"cat":"food","amt":0.2,"day":"2026-4-4","io":"inc"}]|1775304000000,2026-4-4,1
group	[{"id":"e0","ts":1775908800000,"cat":"food","amt":0.1,"day":"2026-4-11"},{"id":"e1","ts":1775390400000,"cat":"food","amt":12345.678,"day":"2026-4-5","io":"exp"},{"id":"e2","ts":1775563200000,"cat":"food","amt":1e-7,"day":"2026-4-7","io":"inc"},{"id":"e3","ts":1775476800000,"cat":"food","amt":-3.25,"day":"2026-4-6"},{"id":"e4","ts":1775566800000,"cat":"food","amt":1e+21,"day":"2026-4-7","io":"inc"}]|1775476800000,2026-4-6
flat	[{"id":"e0","ts":1775908800000,"cat":"food","amt":0.1,"day":"2026-4-11"},{"id":"e1","ts":1775390400000,"cat":"food","amt":12345.678,"day":"2026-4-5","io":"exp"},{"id":"e2","ts":1775563200000,"cat":"food","amt":1e-7,"day":"2026-4-7","io":"inc"},{"id":"e3","ts":1775476800000,"cat":"food","amt":-3.25,"day":"2026-4-6"},{"id":"e4","ts":1775566800000,"cat":"food","amt":1e+21,"day":"2026-4-7","io":"inc"}]|1775476800000,2026-4-6,2
group	[]|1767229200000,2026-1-1
flat	[]|1767229200000,2026-1-1,2
group	[]|1791028800000,2026-10-3
flat	[]|1791028800000,2026-10-3,3
group	[{"id":"e0","ts":1791028800000,"cat":"food","amt":0,"day":"2026-10-3","io":"exp"},{"id":"e1","ts":1791111600000,"cat":"food","amt":1,"day":"2026-10-4","io":"inc"},{"id":"e2","ts":1791111600000,"cat":"food","amt":1e-7,"day":"2026-10-4","io":"xfer"}]|1791115200000,2026-10-4
flat	[{"id":"e0","ts":1791028800000,"cat":"food","amt":0,"day":"2026-10-3","io":"exp"},{"id":"e1","ts":1791111600000,"cat":"food","amt":1,"day":"2026-10-4","io":"inc"},{"id":"e2","ts":1791111600000,"cat":"food","amt":1e-7,"day":"2026-10-4","io":"xfer"}]|1791115200000,2026-10-4,4
group	[{"id":"e0","ts":1790942400000,"cat":"food","amt":10.5,"day":"2026-10-2","io":"exp"},{"id":"e1","ts":1791288000000,"cat":"food","amt":1e-7,"day":"2026-10-6","io":"xfer"},{"id":"e2","ts":1790334000000,"cat":"food","amt":10.5,"day":"2026-9-25","io":"inc"},{"id":"e3","ts":1791025200000,"cat":"food","amt":0.1,"day":"2026-10-3","io":"exp"},{"id":"e4","ts":1791032400000,"cat":"food","amt":0.2,"day":"2026-10-3","io":"inc"},{"id":"e5","ts":1791288000000,"cat":"food","amt":0.1,"day":"2026-10-6","io":"exp"},{"id":"e6","ts":1791198000000,"cat":"food","amt":0.1,"day":"2026-10-5","io":"inc"}]|1791115200000,2026-10-4
flat	[{"id":"e0","ts":1790942400000,"cat":"food","amt":10.5,"day":"2026-10-2","io":"exp"},{"id":"e1","ts":1791288000000,"cat":"food","amt":1e-7,"day":"2026-10-6","io":"xfer"},{"id":"e2","ts":1790334000000,"cat":"food","amt":10.5,"day":"2026-9-25","io":"inc"},{"id":"e3","ts":1791025200000,"cat":"food","amt":0.1,"day":"2026-10-3","io":"exp"},{"id":"e4","ts":1791032400000,"cat":"food","amt":0.2,"day":"2026-10-3","io":"inc"},{"id":"e5","ts":1791288000000,"cat":"food","amt":0.1,"day":"2026-10-6","io":"exp"},{"id":"e6","ts":1791198000000,"cat":"food","amt":0.1,"day":"2026-10-5","io":"inc"}]|1791115200000,2026-10-4,3
group	[{"id":"e0","ts":1788148800000,"cat":"food","amt":0.1,"day":"2026-8-31","io":"inc"},{"id":"e1","ts":1787709600000,"cat":"food","amt":1e+21,"day":"2026-8-26","io":"exp"},{"id":"e2","ts":1787799600000,"cat":"food","amt":12345.678,"day":"2026-8-27","io":"exp"},{"id":"e3","ts":1787626800000,"cat":"food","amt":1,"day":"2026-8-25"},{"id":"e4","ts":1787709600000,"cat":"food","amt":-3.25,"day":"2026-8-26","io":"exp"},{"id":"e5","ts":1786935600000,"cat":"food","amt":-3.25,"day":"2026-8-17","io":"xfer"},{"id":"e6","ts":1786935600000,"cat":"food","amt":0.2,"day":"2026-8-17"}]|1787713200000,2026-8-26
flat	[{"id":"e0","ts":1788148800000,"cat":"food","amt":0.1,"day":"2026-8-31","io":"inc"},{"id":"e1","ts":1787709600000,"cat":"food","amt":1e+21,"day":"2026-8-26","io":"exp"},{"id":"e2","ts":1787799600000,"cat":"food","amt":12345.678,"day":"2026-8-27","io":"exp"},{"id":"e3","ts":1787626800000,"cat":"food","amt":1,"day":"2026-8-25"},{"id":"e4","ts":1787709600000,"cat":"food","amt":-3.25,"day":"2026-8-26","io":"exp"},{"id":"e5","ts":1786935600000,"cat":"food","amt":-3.25,"day":"2026-8-17","io":"xfer"},{"id":"e6","ts":1786935600000,"cat":"food","amt":0.2,"day":"2026-8-17"}]|1787713200000,2026-8-26,1
group	[]|1791115200000,2026-10-4
flat	[]|1791115200000,2026-10-4,1
group	[{"id":"e0","ts":1790859600000,"cat":"food","amt":0.1,"day":"2026-10-1"}]|1791028800000,2026-10-3
flat	[{"id":"e0","ts":1790859600000,"cat":"food","amt":0.1,"day":"2026-10-1"}]|1791028800000,2026-10-3,3
group	[{"id":"e0","ts":1775649600000,"cat":"food","amt":-3.25,"day":"2026-4-8"},{"id":"e1","ts":1775649600000,"cat":"food","amt":0.1,"day":"2026-4-8","io":"exp"},{"id":"e2","ts":1775476800000,"cat":"food","amt":1e+21,"day":"2026-4-6","io":"inc"},{"id":"e3","ts":1775649600000,"cat":"food","amt":1e-7,"day":"2026-4-8","io":"inc"}]|1775476800000,2026-4-6
flat	[{"id":"e0","ts":1775649600000,"cat":"food","amt":-3.25,"day":"2026-4-8"},{"id":"e1","ts":1775649600000,"cat":"food","amt":0.1,"day":"2026-4-8","io":"exp"},{"id":"e2","ts":1775476800000,"cat":"food","amt":1e+21,"day":"2026-4-6","io":"inc"},{"id":"e3","ts":1775649600000,"cat":"food","amt":1e-7,"day":"2026-4-8","io":"inc"}]|1775476800000,2026-4-6,4
group	[{"id":"e0","ts":1791637200000,"cat":"food","amt":-3.25,"day":"2026-10-11","io":"inc"},{"id":"e1","ts":1791028800000,"cat":"food","amt":12345.678,"day":"2026-10-3","io":"inc"},{"id":"e2","ts":1791115200000,"cat":"food","amt":1e-7,"day":"2026-10-4","io":"xfer"},{"id":"e3","ts":1791201600000,"cat":"food","amt":0.2,"day":"2026-10-5","io":"exp"},{"id":"e4","ts":1790424000000,"cat":"food","amt":0,"day":"2026-9-26","io":"inc"},{"id":"e5","ts":1791633600000,"cat":"food","amt":10.5,"day":"2026-10-10","io":"xfer"}]|1791201600000,2026-10-5
flat	[{"id":"e0","ts":1791637200000,"cat":"food","amt":-3.25,"day":"2026-10-11","io":"inc"},{"id":"e1","ts":1791028800000,"cat":"food","amt":12345.678,"day":"2026-10-3","io":"inc"},{"id":"e2","ts":1791115200000,"cat":"food","amt":1e-7,"day":"2026-10-4","io":"xfer"},{"id":"e3","ts":1791201600000,"cat":"food","amt":0.2,"day":"2026-10-5","io":"exp"},{"id":"e4","ts":1790424000000,"cat":"food","amt":0,"day":"2026-9-26","io":"inc"},{"id":"e5","ts":1791633600000,"cat":"food","amt":10.5,"day":"2026-10-10","io":"xfer"}]|1791201600000,2026-10-5,3
group	[]|1775304000000,2026-4-4
flat	[]|1775304000000,2026-4-4,4
group	[{"id":"e0","ts":1767276000000,"cat":"food","amt":0,"day":"2026-1-2","io":"xfer"},{"id":"e1","ts":1767096000000,"cat":"food","amt":0,"day":"2025-12-30","io":"inc"},{"id":"e2","ts":1767099600000,"cat":"food","amt":0,"day":"2025-12-31"},{"id":"e3","ts":1767182400000,"cat":"food","amt":0.1,"day":"2025-12-31","io":"inc"},{"id":"e4","ts":1767016800000,"cat":"food","amt":1e+21,"day":"2025-12-30"},{"id":"e5","ts":1767099600000,"cat":"food","amt":0,"day":"2025-12-31","io":"inc"},{"id":"e6","ts":1767099600000,"cat":"food","amt":10.5,"day":"2025-12-31","io":"exp"}]|1767186000000,2026-1-1
flat	[{"id":"e0","ts":1767276000000,"cat":"food","amt":0,"day":"2026-1-2","io":"xfer"},{"id":"e1","ts":1767096000000,"cat":"food","amt":0,"day":"2025-12-30","io":"inc"},{"id":"e2","ts":1767099600000,"cat":"food","amt":0,"day":"2025-12-31"},{"id":"e3","ts":1767182400000,"cat":"food","amt":0.1,"day":"2025-12-31","io":"inc"},{"id":"e4","ts":1767016800000,"cat":"food","amt":1e+21,"day":"2025-12-30"},{"id":"e5","ts":1767099600000,"cat":"food","amt":0,"day":"2025-12-31","io":"inc"},{"id":"e6","ts":1767099600000,"cat":"food","amt":10.5,"day":"2025-12-31","io":"exp"}]|1767186000000,2026-1-1,4
group	[{"id":"e0","ts":1791291600000,"cat":"food","amt":0.2,"day":"2026-10-7","io":"xfer"},{"id":"e1","ts":1791284400000,"cat":"food","amt":0.2,"day":"2026-10-6","io":"xfer"}]|1791201600000,2026-10-5
flat	[{"id":"e0","ts":1791291600000,"cat":"food","amt":0.2,"day":"2026-10-7","io":"xfer"},{"id":"e1","ts":1791284400000,"cat":"food","amt":0.2,"day":"2026-10-6","io":"xfer"}]|1791201600000,2026-10-5,0
group	[{"id":"e0","ts":1767186000000,"cat":"food","amt":1e-7,"day":"2026-1-1","io":"xfer"},{"id":"e1","ts":1767186000000,"cat":"food","amt":10.5,"day":"2026-1-1","io":"exp"},{"id":"e2","ts":1767099600000,"cat":"food","amt":1e+21,"day":"2025-12-31","io":"exp"},{"id":"e3","ts":1767276000000,"cat":"food","amt":1,"day":"2026-1-2","io":"inc"},{"id":"e4","ts":1767013200000,"cat":"food","amt":0.2,"day":"2025-12-30","io":"inc"},{"id":"e5","ts":1767186000000,"cat":"food","amt":1e+21,"day":"2026-1-1","io":"inc"},{"id":"e6","ts":1767186000000,"cat":"food","amt":-3.25,"day":"2026-1-1"}]|1767186000000,2026-1-1
flat	[{"id":"e0","ts":1767186000000,"cat":"food","amt":1e-7,"day":"2026-1-1","io":"xfer"},{"id":"e1","ts":1767186000000,"cat":"food","amt":10.5,"day":"2026-1-1","io":"exp"},{"id":"e2","ts":1767099600000,"cat":"food","amt":1e+21,"day":"2025-12-31","io":"exp"},{"id":"e3","ts":1767276000000,"cat":"food","amt":1,"day":"2026-1-2","io":"inc"},{"id":"e4","ts":1767013200000,"cat":"food","amt":0.2,"day":"2025-12-30","io":"inc"},{"id":"e5","ts":1767186000000,"cat":"food","amt":1e+21,"day":"2026-1-1","io":"inc"},{"id":"e6","ts":1767186000000,"cat":"food","amt":-3.25,"day":"2026-1-1"}]|1767186000000,2026-1-1,2
group	[{"id":"e0","ts":1791201600000,"cat":"food","amt":12345.678,"day":"2026-10-5","io":"xfer"}]|1791028800000,2026-10-3
flat	[{"id":"e0","ts":1791201600000,"cat":"food","amt":12345.678,"day":"2026-10-5","io":"xfer"}]|1791028800000,2026-10-3,4
group	[{"id":"e0","ts":1775559600000,"cat":"food","amt":0.2,"day":"2026-4-7"},{"id":"e1","ts":1774612800000,"cat":"food","amt":0,"day":"2026-3-27"},{"id":"e2","ts":1775473200000,"cat":"food","amt":0,"day":"2026-4-6","io":"exp"},{"id":"e3","ts":1775390400000,"cat":"food","amt":10.5,"day":"2026-4-5","io":"inc"},{"id":"e4","ts":1774612800000,"cat":"food","amt":0.1,"day":"2026-3-27","io":"xfer"}]|1775390400000,2026-4-5
flat	[{"id":"e0","ts":1775559600000,"cat":"food","amt":0.2,"day":"2026-4-7"},{"id":"e1","ts":1774612800000,"cat":"food","amt":0,"day":"2026-3-27"},{"id":"e2","ts":1775473200000,"cat":"food","amt":0,"day":"2026-4-6","io":"exp"},{"id":"e3","ts":1775390400000,"cat":"food","amt":10.5,"day":"2026-4-5","io":"inc"},{"id":"e4","ts":1774612800000,"cat":"food","amt":0.1,"day":"2026-3-27","io":"xfer"}]|1775390400000,2026-4-5,4
group	[{"id":"e0","ts":1791032400000,"cat":"food","amt":0,"day":"2026-10-3"},{"id":"e1","ts":1791460800000,"cat":"food","amt":0,"day":"2026-10-8","io":"xfer"},{"id":"e2","ts":1791201600000,"cat":"food","amt":-3.25,"day":"2026-10-5","io":"xfer"}]|1791028800000,2026-10-3
flat	[{"id":"e0","ts":1791032400000,"cat":"food","amt":0,"day":"2026-10-3"},{"id":"e1","ts":1791460800000,"cat":"food","amt":0,"day":"2026-10-8","io":"xfer"},{"id":"e2","ts":1791201600000,"cat":"food","amt":-3.25,"day":"2026-10-5","io":"xfer"}]|1791028800000,2026-10-3,2
group	[{"id":"e0","ts":1788148800000,"cat":"food","amt":12345.678,"day":"2026-8-31"},{"id":"e1","ts":1787540400000,"cat":"food","amt":10.5,"day":"2026-8-24","io":"inc"},{"id":"e2","ts":1787803200000,"cat":"food","amt":0,"day":"2026-8-27","io":"xfer"},{"id":"e3","ts":1787713200000,"cat":"food","amt":1,"day":"2026-8-26","io":"xfer"}]|1787713200000,2026-8-26
flat	[{"id":"e0","ts":1788148800000,"cat":"food","amt":12345.678,"day":"2026-8-31"},{"id":"e1","ts":1787540400000,"cat":"food","amt":10.5,"day":"2026-8-24","io":"inc"},{"id":"e2","ts":1787803200000,"cat":"food","amt":0,"day":"2026-8-27","io":"xfer"},{"id":"e3","ts":1787713200000,"cat":"food","amt":1,"day":"2026-8-26","io":"xfer"}]|1787713200000,2026-8-26,4
group	[{"id":"e0","ts":1787781600000,"cat":"food","amt":0,"day":"2026-8-27"},{"id":"e1","ts":1787004000000,"cat":"food","amt":10.5,"day":"2026-8-18","io":"xfer"},{"id":"e2","ts":1787612400000,"cat":"food","amt":0.1,"day":"2026-8-25","io":"exp"},{"id":"e3","ts":1788213600000,"cat":"food","amt":10.5,"day":"2026-9-1"},{"id":"e4","ts":1787781600000,"cat":"food","amt":1,"day":"2026-8-27","io":"inc"}]|1787781600000,2026-8-27
flat	[{"id":"e0","ts":1787781600000,"cat":"food","amt":0,"day":"2026-8-27"},{"id":"e1","ts":1787004000000,"cat":"food","amt":10.5,"day":"2026-8-18","io":"xfer"},{"id":"e2","ts":1787612400000,"cat":"food","amt":0.1,"day":"2026-8-25","io":"exp"},{"id":"e3","ts":1788213600000,"cat":"food","amt":10.5,"day":"2026-9-1"},{"id":"e4","ts":1787781600000,"cat":"food","amt":1,"day":"2026-8-27","io":"inc"}]|1787781600000,2026-8-27,2
group	[{"id":"e0","ts":1787007600000,"cat":"food","amt":0,"day":"2026-8-18"},{"id":"e1","ts":1787695200000,"cat":"food","amt":0,"day":"2026-8-26","io":"xfer"},{"id":"e2","ts":1787958000000,"cat":"food","amt":0.2,"day":"2026-8-29","io":"xfer"},{"id":"e3","ts":1787608800000,"cat":"food","amt":10.5,"day":"2026-8-25","io":"exp"},{"id":"e4","ts":1787004000000,"cat":"food","amt":12345.678,"day":"2026-8-18","io":"xfer"},{"id":"e5","ts":1787785200000,"cat":"food","amt":1,"day":"2026-8-27","io":"inc"}]|1787781600000,2026-8-27
flat	[{"id":"e0","ts":1787007600000,"cat":"food","amt":0,"day":"2026-8-18"},{"id":"e1","ts":1787695200000,"cat":"food","amt":0,"day":"2026-8-26","io":"xfer"},{"id":"e2","ts":1787958000000,"cat":"food","amt":0.2,"day":"2026-8-29","io":"xfer"},{"id":"e3","ts":1787608800000,"cat":"food","amt":10.5,"day":"2026-8-25","io":"exp"},{"id":"e4","ts":1787004000000,"cat":"food","amt":12345.678,"day":"2026-8-18","io":"xfer"},{"id":"e5","ts":1787785200000,"cat":"food","amt":1,"day":"2026-8-27","io":"inc"}]|1787781600000,2026-8-27,2
group	[{"id":"e0","ts":1791115200000,"cat":"food","amt":1e-7,"day":"2026-10-4","io":"exp"},{"id":"e1","ts":1791291600000,"cat":"food","amt":0,"day":"2026-10-7","io":"inc"},{"id":"e2","ts":1791370800000,"cat":"food","amt":1e-7,"day":"2026-10-7","io":"xfer"},{"id":"e3","ts":1791633600000,"cat":"food","amt":12345.678,"day":"2026-10-10"},{"id":"e4","ts":1791291600000,"cat":"food","amt":0,"day":"2026-10-7","io":"inc"},{"id":"e5","ts":1791118800000,"cat":"food","amt":1e+21,"day":"2026-10-5","io":"xfer"}]|1791201600000,2026-10-5
flat	[{"id":"e0","ts":1791115200000,"cat":"food","amt":1e-7,"day":"2026-10-4","io":"exp"},{"id":"e1","ts":1791291600000,"cat":"food","amt":0,"day":"2026-10-7","io":"inc"},{"id":"e2","ts":1791370800000,"cat":"food","amt":1e-7,"day":"2026-10-7","io":"xfer"},{"id":"e3","ts":1791633600000,"cat":"food","amt":12345.678,"day":"2026-10-10"},{"id":"e4","ts":1791291600000,"cat":"food","amt":0,"day":"2026-10-7","io":"inc"},{"id":"e5","ts":1791118800000,"cat":"food","amt":1e+21,"day":"2026-10-5","io":"xfer"}]|1791201600000,2026-10-5,1
group	[{"id":"e0","ts":1791118800000,"cat":"food","amt":1,"day":"2026-10-5","io":"exp"},{"id":"e1","ts":1791291600000,"cat":"food","amt":10.5,"day":"2026-10-7"},{"id":"e2","ts":1790946000000,"cat":"food","amt":-3.25,"day":"2026-10-2","io":"xfer"},{"id":"e3","ts":1791550800000,"cat":"food","amt":1e-7,"day":"2026-10-10","io":"inc"}]|1791115200000,2026-10-4
flat	[{"id":"e0","ts":1791118800000,"cat":"food","amt":1,"day":"2026-10-5","io":"exp"},{"id":"e1","ts":1791291600000,"cat":"food","amt":10.5,"day":"2026-10-7"},{"id":"e2","ts":1790946000000,"cat":"food","amt":-3.25,"day":"2026-10-2","io":"xfer"},{"id":"e3","ts":1791550800000,"cat":"food","amt":1e-7,"day":"2026-10-10","io":"inc"}]|1791115200000,2026-10-4,0
group	[{"id":"e0","ts":1791205200000,"cat":"food","amt":10.5,"day":"2026-10-6"},{"id":"e1","ts":1790420400000,"cat":"food","amt":0,"day":"2026-9-26","io":"xfer"},{"id":"e2","ts":1791198000000,"cat":"food","amt":0,"day":"2026-10-5","io":"inc"}]|1791201600000,2026-10-5
flat	[{"id":"e0","ts":1791205200000,"cat":"food","amt":10.5,"day":"2026-10-6"},{"id":"e1","ts":1790420400000,"cat":"food","amt":0,"day":"2026-9-26","io":"xfer"},{"id":"e2","ts":1791198000000,"cat":"food","amt":0,"day":"2026-10-5","io":"inc"}]|1791201600000,2026-10-5,0
group	[{"id":"e0","ts":1775480400000,"cat":"food","amt":0,"day":"2026-4-6","io":"xfer"},{"id":"e1","ts":1775476800000,"cat":"food","amt":1e+21,"day":"2026-4-6","io":"exp"}]|1775476800000,2026-4-6
flat	[{"id":"e0","ts":1775480400000,"cat":"food","amt":0,"day":"2026-4-6","io":"xfer"},{"id":"e1","ts":1775476800000,"cat":"food","amt":1e+21,"day":"2026-4-6","io":"exp"}]|1775476800000,2026-4-6,4
group	[{"id":"e0","ts":1787799600000,"cat":"food","amt":1e-7,"day":"2026-8-27","io":"exp"},{"id":"e1","ts":1786939200000,"cat":"food","amt":1e-7,"day":"2026-8-17","io":"xfer"},{"id":"e2","ts":1787540400000,"cat":"food","amt":0,"day":"2026-8-24"},{"id":"e3","ts":1786939200000,"cat":"food","amt":0.1,"day":"2026-8-17"}]|1787713200000,2026-8-26
flat	[{"id":"e0","ts":1787799600000,"cat":"food","amt":1e-7,"day":"2026-8-27","io":"exp"},{"id":"e1","ts":1786939200000,"cat":"food","amt":1e-7,"day":"2026-8-17","io":"xfer"},{"id":"e2","ts":1787540400000,"cat":"food","amt":0,"day":"2026-8-24"},{"id":"e3","ts":1786939200000,"cat":"food","amt":0.1,"day":"2026-8-17"}]|1787713200000,2026-8-26,3
group	[{"id":"e0","ts":1791111600000,"cat":"food","amt":12345.678,"day":"2026-10-4","io":"inc"},{"id":"e1","ts":1791457200000,"cat":"food","amt":0,"day":"2026-10-8","io":"xfer"}]|1791028800000,2026-10-3
flat	[{"id":"e0","ts":1791111600000,"cat":"food","amt":12345.678,"day":"2026-10-4","io":"inc"},{"id":"e1","ts":1791457200000,"cat":"food","amt":0,"day":"2026-10-8","io":"xfer"}]|1791028800000,2026-10-3,4
group	[{"id":"e0","ts":1767312000000,"cat":"food","amt":1e+21,"day":"2026-1-2","io":"exp"},{"id":"e1","ts":1767319200000,"cat":"food","amt":1e+21,"day":"2026-1-2"},{"id":"e2","ts":1767229200000,"cat":"food","amt":0.1,"day":"2026-1-1","io":"exp"},{"id":"e3","ts":1767232800000,"cat":"food","amt":1e-7,"day":"2026-1-1","io":"xfer"}]|1767229200000,2026-1-1
flat	[{"id":"e0","ts":1767312000000,"cat":"food","amt":1e+21,"day":"2026-1-2","io":"exp"},{"id":"e1","ts":1767319200000,"cat":"food","amt":1e+21,"day":"2026-1-2"},{"id":"e2","ts":1767229200000,"cat":"food","amt":0.1,"day":"2026-1-1","io":"exp"},{"id":"e3","ts":1767232800000,"cat":"food","amt":1e-7,"day":"2026-1-1","io":"xfer"}]|1767229200000,2026-1-1,1
group	[{"id":"e0","ts":1787695200000,"cat":"food","amt":1,"day":"2026-8-26","io":"exp"}]|1787781600000,2026-8-27
flat	[{"id":"e0","ts":1787695200000,"cat":"food","amt":1,"day":"2026-8-26","io":"exp"}]|1787781600000,2026-8-27,1
group	[{"id":"e0","ts":1767142800000,"cat":"food","amt":1e-7,"day":"2025-12-31","io":"inc"},{"id":"e1","ts":1767405600000,"cat":"food","amt":0.1,"day":"2026-1-3","io":"xfer"},{"id":"e2","ts":1767405600000,"cat":"food","amt":1e+21,"day":"2026-1-3","io":"inc"},{"id":"e3","ts":1766448000000,"cat":"food","amt":1,"day":"2025-12-23"},{"id":"e4","ts":1767229200000,"cat":"food","amt":-3.25,"day":"2026-1-1","io":"xfer"},{"id":"e5","ts":1767319200000,"cat":"food","amt":0,"day":"2026-1-2"},{"id":"e6","ts":1767312000000,"cat":"food","amt":1,"day":"2026-1-2"}]|1767229200000,2026-1-1
flat	[{"id":"e0","ts":1767142800000,"cat":"food","amt":1e-7,"day":"2025-12-31","io":"inc"},{"id":"e1","ts":1767405600000,"cat":"food","amt":0.1,"day":"2026-1-3","io":"xfer"},{"id":"e2","ts":1767405600000,"cat":"food","amt":1e+21,"day":"2026-1-3","io":"inc"},{"id":"e3","ts":1766448000000,"cat":"food","amt":1,"day":"2025-12-23"},{"id":"e4","ts":1767229200000,"cat":"food","amt":-3.25,"day":"2026-1-1","io":"xfer"},{"id":"e5","ts":1767319200000,"cat":"food","amt":0,"day":"2026-1-2"},{"id":"e6","ts":1767312000000,"cat":"food","amt":1,"day":"2026-1-2"}]|1767229200000,2026-1-1,3
group	[{"id":"e0","ts":1791201600000,"cat":"food","amt":0.1,"day":"2026-10-5","io":"inc"},{"id":"e1","ts":1790427600000,"cat":"food","amt":1e-7,"day":"2026-9-26","io":"xfer"},{"id":"e2","ts":1791115200000,"cat":"food","amt":0.1,"day":"2026-10-4","io":"xfer"}]|1791201600000,2026-10-5
flat	[{"id":"e0","ts":1791201600000,"cat":"food","amt":0.1,"day":"2026-10-5","io":"inc"},{"id":"e1","ts":1790427600000,"cat":"food","amt":1e-7,"day":"2026-9-26","io":"xfer"},{"id":"e2","ts":1791115200000,"cat":"food","amt":0.1,"day":"2026-10-4","io":"xfer"}]|1791201600000,2026-10-5,4
group	[{"id":"e0","ts":1775390400000,"cat":"food","amt":12345.678,"day":"2026-4-5"},{"id":"e1","ts":1775476800000,"cat":"food","amt":1e+21,"day":"2026-4-6"},{"id":"e2","ts":1775473200000,"cat":"food","amt":10.5,"day":"2026-4-6","io":"exp"}]|1775390400000,2026-4-5
flat	[{"id":"e0","ts":1775390400000,"cat":"food","amt":12345.678,"day":"2026-4-5"},{"id":"e1","ts":1775476800000,"cat":"food","amt":1e+21,"day":"2026-4-6"},{"id":"e2","ts":1775473200000,"cat":"food","amt":10.5,"day":"2026-4-6","io":"exp"}]|1775390400000,2026-4-5,3
group	[{"id":"e0","ts":1767099600000,"cat":"food","amt":0,"day":"2025-12-31","io":"xfer"},{"id":"e1","ts":1767099600000,"cat":"food","amt":-3.25,"day":"2025-12-31","io":"inc"},{"id":"e2","ts":1767272400000,"cat":"food","amt":0.1,"day":"2026-1-2","io":"xfer"},{"id":"e3","ts":1767186000000,"cat":"food","amt":-3.25,"day":"2026-1-1"}]|1767186000000,2026-1-1
flat	[{"id":"e0","ts":1767099600000,"cat":"food","amt":0,"day":"2025-12-31","io":"xfer"},{"id":"e1","ts":1767099600000,"cat":"food","amt":-3.25,"day":"2025-12-31","io":"inc"},{"id":"e2","ts":1767272400000,"cat":"food","amt":0.1,"day":"2026-1-2","io":"xfer"},{"id":"e3","ts":1767186000000,"cat":"food","amt":-3.25,"day":"2026-1-1"}]|1767186000000,2026-1-1,2
group	[]|1775304000000,2026-4-4
flat	[]|1775304000000,2026-4-4,2
group	[{"id":"e0","ts":1767276000000,"cat":"food","amt":0.2,"day":"2026-1-2"},{"id":"e1","ts":1767614400000,"cat":"food","amt":0.1,"day":"2026-1-5","io":"xfer"},{"id":"e2","ts":1767272400000,"cat":"food","amt":1e-7,"day":"2026-1-2","io":"xfer"},{"id":"e3","ts":1767618000000,"cat":"food","amt":0,"day":"2026-1-6","io":"exp"},{"id":"e4","ts":1767272400000,"cat":"food","amt":12345.678,"day":"2026-1-2","io":"inc"},{"id":"e5","ts":1767099600000,"cat":"food","amt":12345.678,"day":"2025-12-31","io":"xfer"},{"id":"e6","ts":1767099600000,"cat":"food","amt":0.2,"day":"2025-12-31","io":"inc"}]|1767186000000,2026-1-1
flat	[{"id":"e0","ts":1767276000000,"cat":"food","amt":0.2,"day":"2026-1-2"},{"id":"e1","ts":1767614400000,"cat":"food","amt":0.1,"day":"2026-1-5","io":"xfer"},{"id":"e2","ts":1767272400000,"cat":"food","amt":1e-7,"day":"2026-1-2","io":"xfer"},{"id":"e3","ts":1767618000000,"cat":"food","amt":0,"day":"2026-1-6","io":"exp"},{"id":"e4","ts":1767272400000,"cat":"food","amt":12345.678,"day":"2026-1-2","io":"inc"},{"id":"e5","ts":1767099600000,"cat":"food","amt":12345.678,"day":"2025-12-31","io":"xfer"},{"id":"e6","ts":1767099600000,"cat":"food","amt":0.2,"day":"2025-12-31","io":"inc"}]|1767186000000,2026-1-1,2
group	[{"id":"e0","ts":1767315600000,"cat":"food","amt":0,"day":"2026-1-2","io":"inc"},{"id":"e1","ts":1767229200000,"cat":"food","amt":0,"day":"2026-1-1","io":"inc"},{"id":"e2","ts":1767056400000,"cat":"food","amt":0,"day":"2025-12-30","io":"inc"}]|1767229200000,2026-1-1
flat	[{"id":"e0","ts":1767315600000,"cat":"food","amt":0,"day":"2026-1-2","io":"inc"},{"id":"e1","ts":1767229200000,"cat":"food","amt":0,"day":"2026-1-1","io":"inc"},{"id":"e2","ts":1767056400000,"cat":"food","amt":0,"day":"2025-12-30","io":"inc"}]|1767229200000,2026-1-1,1
group	[{"id":"e0","ts":1791201600000,"cat":"food","amt":1e+21,"day":"2026-10-5","io":"inc"},{"id":"e1","ts":1791118800000,"cat":"food","amt":1,"day":"2026-10-5"},{"id":"e2","ts":1790946000000,"cat":"food","amt":12345.678,"day":"2026-10-2","io":"xfer"},{"id":"e3","ts":1790856000000,"cat":"food","amt":1e-7,"day":"2026-10-1"}]|1791028800000,2026-10-3
flat	[{"id":"e0","ts":1791201600000,"cat":"food","amt":1e+21,"day":"2026-10-5","io":"inc"},{"id":"e1","ts":1791118800000,"cat":"food","amt":1,"day":"2026-10-5"},{"id":"e2","ts":1790946000000,"cat":"food","amt":12345.678,"day":"2026-10-2","io":"xfer"},{"id":"e3","ts":1790856000000,"cat":"food","amt":1e-7,"day":"2026-10-1"}]|1791028800000,2026-10-3,1
group	[{"id":"e0","ts":1767272400000,"cat":"food","amt":0.2,"day":"2026-1-2","io":"inc"},{"id":"e1","ts":1767182400000,"cat":"food","amt":-3.25,"day":"2025-12-31","io":"xfer"},{"id":"e2","ts":1767013200000,"cat":"food","amt":1e+21,"day":"2025-12-30","io":"inc"},{"id":"e3","ts":1767189600000,"cat":"food","amt":1e+21,"day":"2026-1-1","io":"inc"},{"id":"e4","ts":1766404800000,"cat":"food","amt":0.2,"day":"2025-12-22","io":"xfer"},{"id":"e5","ts":1766408400000,"cat":"food","amt":0.1,"day":"2025-12-23"}]|1767186000000,2026-1-1
flat	[{"id":"e0","ts":1767272400000,"cat":"food","amt":0.2,"day":"2026-1-2","io":"inc"},{"id":"e1","ts":1767182400000,"cat":"food","amt":-3.25,"day":"2025-12-31","io":"xfer"},{"id":"e2","ts":1767013200000,"cat":"food","amt":1e+21,"day":"2025-12-30","io":"inc"},{"id":"e3","ts":1767189600000,"cat":"food","amt":1e+21,"day":"2026-1-1","io":"inc"},{"id":"e4","ts":1766404800000,"cat":"food","amt":0.2,"day":"2025-12-22","io":"xfer"},{"id":"e5","ts":1766408400000,"cat":"food","amt":0.1,"day":"2025-12-23"}]|1767186000000,2026-1-1,1
group	[{"id":"e0","ts":1775304000000,"cat":"food","amt":1e+21,"day":"2026-4-4","io":"exp"}]|1775476800000,2026-4-6
flat	[{"id":"e0","ts":1775304000000,"cat":"food","amt":1e+21,"day":"2026-4-4","io":"exp"}]|1775476800000,2026-4-6,3
group	[{"id":"e0","ts":1790938800000,"cat":"food","amt":12345.678,"day":"2026-10-2","io":"xfer"},{"id":"e1","ts":1791550800000,"cat":"food","amt":1,"day":"2026-10-10","io":"xfer"},{"id":"e2","ts":1790942400000,"cat":"food","amt":0.1,"day":"2026-10-2"}]|1791115200000,2026-10-4
flat	[{"id":"e0","ts":1790938800000,"cat":"food","amt":12345.678,"day":"2026-10-2","io":"xfer"},{"id":"e1","ts":1791550800000,"cat":"food","amt":1,"day":"2026-10-10","io":"xfer"},{"id":"e2","ts":1790942400000,"cat":"food","amt":0.1,"day":"2026-10-2"}]|1791115200000,2026-10-4,1
group	[{"id":"e0","ts":1787713200000,"cat":"food","amt":0,"day":"2026-8-26"},{"id":"e1","ts":1787889600000,"cat":"food","amt":-3.25,"day":"2026-8-28"},{"id":"e2","ts":1787536800000,"cat":"food","amt":10.5,"day":"2026-8-24"},{"id":"e3","ts":1788148800000,"cat":"food","amt":-3.25,"day":"2026-8-31","io":"exp"},{"id":"e4","ts":1787799600000,"cat":"food","amt":1,"day":"2026-8-27"},{"id":"e5","ts":1787716800000,"cat":"food","amt":1e-7,"day":"2026-8-26"}]|1787713200000,2026-8-26
flat	[{"id":"e0","ts":1787713200000,"cat":"food","amt":0,"day":"2026-8-26"},{"id":"e1","ts":1787889600000,"cat":"food","amt":-3.25,"day":"2026-8-28"},{"id":"e2","ts":1787536800000,"cat":"food","amt":10.5,"day":"2026-8-24"},{"id":"e3","ts":1788148800000,"cat":"food","amt":-3.25,"day":"2026-8-31","io":"exp"},{"id":"e4","ts":1787799600000,"cat":"food","amt":1,"day":"2026-8-27"},{"id":"e5","ts":1787716800000,"cat":"food","amt":1e-7,"day":"2026-8-26"}]|1787713200000,2026-8-26,2
group	[{"id":"e0","ts":1787954400000,"cat":"food","amt":0.2,"day":"2026-8-29","io":"xfer"},{"id":"e1","ts":1787000400000,"cat":"food","amt":0.2,"day":"2026-8-18","io":"xfer"},{"id":"e2","ts":1787864400000,"cat":"food","amt":12345.678,"day":"2026-8-28"},{"id":"e3","ts":1787781600000,"cat":"food","amt":0,"day":"2026-8-27","io":"inc"},{"id":"e4","ts":1787868000000,"cat":"food","amt":-3.25,"day":"2026-8-28","io":"inc"}]|1787781600000,2026-8-27
flat	[{"id":"e0","ts":1787954400000,"cat":"food","amt":0.2,"day":"2026-8-29","io":"xfer"},{"id":"e1","ts":1787000400000,"cat":"food","amt":0.2,"day":"2026-8-18","io":"xfer"},{"id":"e2","ts":1787864400000,"cat":"food","amt":12345.678,"day":"2026-8-28"},{"id":"e3","ts":1787781600000,"cat":"food","amt":0,"day":"2026-8-27","io":"inc"},{"id":"e4","ts":1787868000000,"cat":"food","amt":-3.25,"day":"2026-8-28","io":"inc"}]|1787781600000,2026-8-27,3
group	[{"id":"e0","ts":1787799600000,"cat":"food","amt":12345.678,"day":"2026-8-27"},{"id":"e1","ts":1787799600000,"cat":"food","amt":0,"day":"2026-8-27","io":"inc"},{"id":"e2","ts":1787536800000,"cat":"food","amt":12345.678,"day":"2026-8-24","io":"xfer"},{"id":"e3","ts":1788141600000,"cat":"food","amt":-3.25,"day":"2026-8-31","io":"xfer"},{"id":"e4","ts":1787889600000,"cat":"food","amt":0.2,"day":"2026-8-28"},{"id":"e5","ts":1787626800000,"cat":"food","amt":0,"day":"2026-8-25"}]|1787713200000,2026-8-26
flat	[{"id":"e0","ts":1787799600000,"cat":"food","amt":12345.678,"day":"2026-8-27"},{"id":"e1","ts":1787799600000,"cat":"food","amt":0,"day":"2026-8-27","io":"inc"},{"id":"e2","ts":1787536800000,"cat":"food","amt":12345.678,"day":"2026-8-24","io":"xfer"},{"id":"e3","ts":1788141600000,"cat":"food","amt":-3.25,"day":"2026-8-31","io":"xfer"},{"id":"e4","ts":1787889600000,"cat":"food","amt":0.2,"day":"2026-8-28"},{"id":"e5","ts":1787626800000,"cat":"food","amt":0,"day":"2026-8-25"}]|1787713200000,2026-8-26,1
group	[{"id":"e0","ts":1775563200000,"cat":"food","amt":0.1,"day":"2026-4-7"},{"id":"e1","ts":1775476800000,"cat":"food","amt":1e-7,"day":"2026-4-6","io":"inc"},{"id":"e2","ts":1775905200000,"cat":"food","amt":0,"day":"2026-4-11"},{"id":"e3","ts":1775480400000,"cat":"food","amt":12345.678,"day":"2026-4-6","io":"exp"}]|1775476800000,2026-4-6
flat	[{"id":"e0","ts":1775563200000,"cat":"food","amt":0.1,"day":"2026-4-7"},{"id":"e1","ts":1775476800000,"cat":"food","amt":1e-7,"day":"2026-4-6","io":"inc"},{"id":"e2","ts":1775905200000,"cat":"food","amt":0,"day":"2026-4-11"},{"id":"e3","ts":1775480400000,"cat":"food","amt":12345.678,"day":"2026-4-6","io":"exp"}]|1775476800000,2026-4-6,1
group	[{"id":"e0","ts":1775826000000,"cat":"food","amt":0.2,"day":"2026-4-10"},{"id":"e1","ts":1774616400000,"cat":"food","amt":0,"day":"2026-3-28","io":"xfer"},{"id":"e2","ts":1775386800000,"cat":"food","amt":0,"day":"2026-4-5"},{"id":"e3","ts":1775390400000,"cat":"food","amt":1e-7,"day":"2026-4-5"},{"id":"e4","ts":1775818800000,"cat":"food","amt":1e+21,"day":"2026-4-10","io":"xfer"},{"id":"e5","ts":1774616400000,"cat":"food","amt":0.1,"day":"2026-3-28","io":"exp"}]|1775390400000,2026-4-5
flat	[{"id":"e0","ts":1775826000000,"cat":"food","amt":0.2,"day":"2026-4-10"},{"id":"e1","ts":1774616400000,"cat":"food","amt":0,"day":"2026-3-28","io":"xfer"},{"id":"e2","ts":1775386800000,"cat":"food","amt":0,"day":"2026-4-5"},{"id":"e3","ts":1775390400000,"cat":"food","amt":1e-7,"day":"2026-4-5"},{"id":"e4","ts":1775818800000,"cat":"food","amt":1e+21,"day":"2026-4-10","io":"xfer"},{"id":"e5","ts":1774616400000,"cat":"food","amt":0.1,"day":"2026-3-28","io":"exp"}]|1775390400000,2026-4-5,4
group	[{"id":"e0","ts":1786932000000,"cat":"food","amt":0,"day":"2026-8-17","io":"exp"},{"id":"e1","ts":1787540400000,"cat":"food","amt":1e-7,"day":"2026-8-24","io":"xfer"},{"id":"e2","ts":1787886000000,"cat":"food","amt":0.2,"day":"2026-8-28","io":"xfer"},{"id":"e3","ts":1787623200000,"cat":"food","amt":10.5,"day":"2026-8-25","io":"exp"},{"id":"e4","ts":1786935600000,"cat":"food","amt":12345.678,"day":"2026-8-17"},{"id":"e5","ts":1787540400000,"cat":"food","amt":0.1,"day":"2026-8-24","io":"inc"}]|1787713200000,2026-8-26
flat	[{"id":"e0","ts":1786932000000,"cat":"food","amt":0,"day":"2026-8-17","io":"exp"},{"id":"e1","ts":1787540400000,"cat":"food","amt":1e-7,"day":"2026-8-24","io":"xfer"},{"id":"e2","ts":1787886000000,"cat":"food","amt":0.2,"day":"2026-8-28","io":"xfer"},{"id":"e3","ts":1787623200000,"cat":"food","amt":10.5,"day":"2026-8-25","io":"exp"},{"id":"e4","ts":1786935600000,"cat":"food","amt":12345.678,"day":"2026-8-17"},{"id":"e5","ts":1787540400000,"cat":"food","amt":0.1,"day":"2026-8-24","io":"inc"}]|1787713200000,2026-8-26,3
group	[{"id":"e0","ts":1791025200000,"cat":"food","amt":0,"day":"2026-10-3"},{"id":"e1","ts":1790251200000,"cat":"food","amt":10.5,"day":"2026-9-24"},{"id":"e2","ts":1790856000000,"cat":"food","amt":1e+21,"day":"2026-10-1"},{"id":"e3","ts":1791025200000,"cat":"food","amt":12345.678,"day":"2026-10-3","io":"inc"},{"id":"e4","ts":1791201600000,"cat":"food","amt":12345.678,"day":"2026-10-5","io":"inc"},{"id":"e5","ts":1790938800000,"cat":"food","amt":0,"day":"2026-10-2","io":"inc"},{"id":"e6","ts":1790251200000,"cat":"food","amt":0,"day":"2026-9-24","io":"xfer"}]|1791028800000,2026-10-3
flat	[{"id":"e0","ts":1791025200000,"cat":"food","amt":0,"day":"2026-10-3"},{"id":"e1","ts":1790251200000,"cat":"food","amt":10.5,"day":"2026-9-24"},{"id":"e2","ts":1790856000000,"cat":"food","amt":1e+21,"day":"2026-10-1"},{"id":"e3","ts":1791025200000,"cat":"food","amt":12345.678,"day":"2026-10-3","io":"inc"},{"id":"e4","ts":1791201600000,"cat":"food","amt":12345.678,"day":"2026-10-5","io":"inc"},{"id":"e5","ts":1790938800000,"cat":"food","amt":0,"day":"2026-10-2","io":"inc"},{"id":"e6","ts":1790251200000,"cat":"food","amt":0,"day":"2026-9-24","io":"xfer"}]|1791028800000,2026-10-3,2
group	[{"id":"e0","ts":1775559600000,"cat":"food","amt":0.1,"day":"2026-4-7","io":"xfer"}]|1775390400000,2026-4-5
flat	[{"id":"e0","ts":1775559600000,"cat":"food","amt":0.1,"day":"2026-4-7","io":"xfer"}]|1775390400000,2026-4-5,1
group	[{"id":"e0","ts":1791028800000,"cat":"food","amt":0,"day":"2026-10-3"},{"id":"e1","ts":1791547200000,"cat":"food","amt":1e+21,"day":"2026-10-9"},{"id":"e2","ts":1791118800000,"cat":"food","amt":10.5,"day":"2026-10-5","io":"exp"},{"id":"e3","ts":1791550800000,"cat":"food","amt":0.2,"day":"2026-10-10","io":"exp"},{"id":"e4","ts":1791205200000,"cat":"food","amt":0,"day":"2026-10-6"},{"id":"e5","ts":1791201600000,"cat":"food","amt":0,"day":"2026-10-5","io":"inc"},{"id":"e6","ts":1790946000000,"cat":"food","amt":12345.678,"day":"2026-10-2"}]|1791115200000,2026-10-4
flat	[{"id":"e0","ts":1791028800000,"cat":"food","amt":0,"day":"2026-10-3"},{"id":"e1","ts":1791547200000,"cat":"food","amt":1e+21,"day":"2026-10-9"},{"id":"e2","ts":1791118800000,"cat":"food","amt":10.5,"day":"2026-10-5","io":"exp"},{"id":"e3","ts":1791550800000,"cat":"food","amt":0.2,"day":"2026-10-10","io":"exp"},{"id":"e4","ts":1791205200000,"cat":"food","amt":0,"day":"2026-10-6"},{"id":"e5","ts":1791201600000,"cat":"food","amt":0,"day":"2026-10-5","io":"inc"},{"id":"e6","ts":1790946000000,"cat":"food","amt":12345.678,"day":"2026-10-2"}]|1791115200000,2026-10-4,1
group	[{"id":"e0","ts":1774612800000,"cat":"food","amt":10.5,"day":"2026-3-27","io":"exp"},{"id":"e1","ts":1775559600000,"cat":"food","amt":1e+21,"day":"2026-4-7","io":"exp"},{"id":"e2","ts":1775818800000,"cat":"food","amt":1e-7,"day":"2026-4-10","io":"xfer"},{"id":"e3","ts":1775826000000,"cat":"food","amt":0.2,"day":"2026-4-10","io":"xfer"},{"id":"e4","ts":1774609200000,"cat":"food","amt":0,"day":"2026-3-27"}]|1775390400000,2026-4-5
flat	[{"id":"e0","ts":1774612800000,"cat":"food","amt":10.5,"day":"2026-3-27","io":"exp"},{"id":"e1","ts":1775559600000,"cat":"food","amt":1e+21,"day":"2026-4-7","io":"exp"},{"id":"e2","ts":1775818800000,"cat":"food","amt":1e-7,"day":"2026-4-10","io":"xfer"},{"id":"e3","ts":1775826000000,"cat":"food","amt":0.2,"day":"2026-4-10","io":"xfer"},{"id":"e4","ts":1774609200000,"cat":"food","amt":0,"day":"2026-3-27"}]|1775390400000,2026-4-5,4
group	[{"id":"e0","ts":1767268800000,"cat":"food","amt":0.2,"day":"2026-1-1","io":"xfer"},{"id":"e1","ts":1767013200000,"cat":"food","amt":10.5,"day":"2025-12-30","io":"xfer"},{"id":"e2","ts":1767355200000,"cat":"food","amt":0.2,"day":"2026-1-2","io":"xfer"},{"id":"e3","ts":1767186000000,"cat":"food","amt":10.5,"day":"2026-1-1","io":"exp"},{"id":"e4","ts":1767358800000,"cat":"food","amt":1,"day":"2026-1-3"}]|1767186000000,2026-1-1
flat	[{"id":"e0","ts":1767268800000,"cat":"food","amt":0.2,"day":"2026-1-1","io":"xfer"},{"id":"e1","ts":1767013200000,"cat":"food","amt":10.5,"day":"2025-12-30","io":"xfer"},{"id":"e2","ts":1767355200000,"cat":"food","amt":0.2,"day":"2026-1-2","io":"xfer"},{"id":"e3","ts":1767186000000,"cat":"food","amt":10.5,"day":"2026-1-1","io":"exp"},{"id":"e4","ts":1767358800000,"cat":"food","amt":1,"day":"2026-1-3"}]|1767186000000,2026-1-1,3
group	[{"id":"e0","ts":1790946000000,"cat":"food","amt":0,"day":"2026-10-2","io":"exp"},{"id":"e1","ts":1790337600000,"cat":"food","amt":12345.678,"day":"2026-9-25"}]|1791115200000,2026-10-4
flat	[{"id":"e0","ts":1790946000000,"cat":"food","amt":0,"day":"2026-10-2","io":"exp"},{"id":"e1","ts":1790337600000,"cat":"food","amt":12345.678,"day":"2026-9-25"}]|1791115200000,2026-10-4,1
group	[{"id":"e0","ts":1791115200000,"cat":"food","amt":-3.25,"day":"2026-10-4","io":"exp"},{"id":"e1","ts":1791550800000,"cat":"food","amt":1e+21,"day":"2026-10-10"},{"id":"e2","ts":1790337600000,"cat":"food","amt":12345.678,"day":"2026-9-25"},{"id":"e3","ts":1791115200000,"cat":"food","amt":1,"day":"2026-10-4","io":"inc"},{"id":"e4","ts":1790946000000,"cat":"food","amt":10.5,"day":"2026-10-2","io":"inc"},{"id":"e5","ts":1791288000000,"cat":"food","amt":0,"day":"2026-10-6","io":"inc"},{"id":"e6","ts":1791547200000,"cat":"food","amt":1e+21,"day":"2026-10-9","io":"exp"}]|1791115200000,2026-10-4
flat	[{"id":"e0","ts":1791115200000,"cat":"food","amt":-3.25,"day":"2026-10-4","io":"exp"},{"id":"e1","ts":1791550800000,"cat":"food","amt":1e+21,"day":"2026-10-10"},{"id":"e2","ts":1790337600000,"cat":"food","amt":12345.678,"day":"2026-9-25"},{"id":"e3","ts":1791115200000,"cat":"food","amt":1,"day":"2026-10-4","io":"inc"},{"id":"e4","ts":1790946000000,"cat":"food","amt":10.5,"day":"2026-10-2","io":"inc"},{"id":"e5","ts":1791288000000,"cat":"food","amt":0,"day":"2026-10-6","io":"inc"},{"id":"e6","ts":1791547200000,"cat":"food","amt":1e+21,"day":"2026-10-9","io":"exp"}]|1791115200000,2026-10-4,3
group	[]|1775476800000,2026-4-6
flat	[]|1775476800000,2026-4-6,1
group	[{"id":"e0","ts":1767621600000,"cat":"food","amt":1e-7,"day":"2026-1-6","io":"inc"},{"id":"e1","ts":1766412000000,"cat":"food","amt":0,"day":"2025-12-23","io":"xfer"}]|1767186000000,2026-1-1
flat	[{"id":"e0","ts":1767621600000,"cat":"food","amt":1e-7,"day":"2026-1-6","io":"inc"},{"id":"e1","ts":1766412000000,"cat":"food","amt":0,"day":"2025-12-23","io":"xfer"}]|1767186000000,2026-1-1,1
group	[{"id":"e0","ts":1774522800000,"cat":"food","amt":1,"day":"2026-3-26","io":"inc"}]|1775304000000,2026-4-4
flat	[{"id":"e0","ts":1774522800000,"cat":"food","amt":1,"day":"2026-3-26","io":"inc"}]|1775304000000,2026-4-4,1
group	[{"id":"e0","ts":1788145200000,"cat":"food","amt":10.5,"day":"2026-8-31"}]|1787713200000,2026-8-26
flat	[{"id":"e0","ts":1788145200000,"cat":"food","amt":10.5,"day":"2026-8-31"}]|1787713200000,2026-8-26,3
group	[{"id":"e0","ts":1775304000000,"cat":"food","amt":0.1,"day":"2026-4-4","io":"xfer"},{"id":"e1","ts":1775476800000,"cat":"food","amt":0,"day":"2026-4-6"}]|1775304000000,2026-4-4
flat	[{"id":"e0","ts":1775304000000,"cat":"food","amt":0.1,"day":"2026-4-4","io":"xfer"},{"id":"e1","ts":1775476800000,"cat":"food","amt":0,"day":"2026-4-6"}]|1775304000000,2026-4-4,1
group	[{"id":"e0","ts":1767013200000,"cat":"food","amt":12345.678,"day":"2025-12-30"},{"id":"e1","ts":1767013200000,"cat":"food","amt":1e-7,"day":"2025-12-30","io":"exp"},{"id":"e2","ts":1766404800000,"cat":"food","amt":0,"day":"2025-12-22","io":"xfer"},{"id":"e3","ts":1767099600000,"cat":"food","amt":1e-7,"day":"2025-12-31","io":"exp"},{"id":"e4","ts":1767618000000,"cat":"food","amt":0,"day":"2026-1-6","io":"xfer"},{"id":"e5","ts":1767186000000,"cat":"food","amt":0,"day":"2026-1-1","io":"xfer"},{"id":"e6","ts":1767096000000,"cat":"food","amt":0.1,"day":"2025-12-30"}]|1767186000000,2026-1-1
flat	[{"id":"e0","ts":1767013200000,"cat":"food","amt":12345.678,"day":"2025-12-30"},{"id":"e1","ts":1767013200000,"cat":"food","amt":1e-7,"day":"2025-12-30","io":"exp"},{"id":"e2","ts":1766404800000,"cat":"food","amt":0,"day":"2025-12-22","io":"xfer"},{"id":"e3","ts":1767099600000,"cat":"food","amt":1e-7,"day":"2025-12-31","io":"exp"},{"id":"e4","ts":1767618000000,"cat":"food","amt":0,"day":"2026-1-6","io":"xfer"},{"id":"e5","ts":1767186000000,"cat":"food","amt":0,"day":"2026-1-1","io":"xfer"},{"id":"e6","ts":1767096000000,"cat":"food","amt":0.1,"day":"2025-12-30"}]|1767186000000,2026-1-1,0
group	[]|1791201600000,2026-10-5
flat	[]|1791201600000,2026-10-5,4
group	[]|1767229200000,2026-1-1
flat	[]|1767229200000,2026-1-1,3
group	[{"id":"e0","ts":1791291600000,"cat":"food","amt":10.5,"day":"2026-10-7","io":"xfer"},{"id":"e1","ts":1790424000000,"cat":"food","amt":0.1,"day":"2026-9-26","io":"exp"},{"id":"e2","ts":1791288000000,"cat":"food","amt":-3.25,"day":"2026-10-6","io":"inc"},{"id":"e3","ts":1791205200000,"cat":"food","amt":10.5,"day":"2026-10-6","io":"xfer"},{"id":"e4","ts":1791284400000,"cat":"food","amt":1e+21,"day":"2026-10-6","io":"exp"},{"id":"e5","ts":1791205200000,"cat":"food","amt":10.5,"day":"2026-10-6","io":"inc"}]|1791201600000,2026-10-5
flat	[{"id":"e0","ts":1791291600000,"cat":"food","amt":10.5,"day":"2026-10-7","io":"xfer"},{"id":"e1","ts":1790424000000,"cat":"food","amt":0.1,"day":"2026-9-26","io":"exp"},{"id":"e2","ts":1791288000000,"cat":"food","amt":-3.25,"day":"2026-10-6","io":"inc"},{"id":"e3","ts":1791205200000,"cat":"food","amt":10.5,"day":"2026-10-6","io":"xfer"},{"id":"e4","ts":1791284400000,"cat":"food","amt":1e+21,"day":"2026-10-6","io":"exp"},{"id":"e5","ts":1791205200000,"cat":"food","amt":10.5,"day":"2026-10-6","io":"inc"}]|1791201600000,2026-10-5,1
group	[]|1791201600000,2026-10-5
flat	[]|1791201600000,2026-10-5,1
group	[{"id":"e0","ts":1775646000000,"cat":"food","amt":10.5,"day":"2026-4-8","io":"inc"},{"id":"e1","ts":1775480400000,"cat":"food","amt":-3.25,"day":"2026-4-6"},{"id":"e2","ts":1775649600000,"cat":"food","amt":0,"day":"2026-4-8","io":"exp"},{"id":"e3","ts":1775476800000,"cat":"food","amt":12345.678,"day":"2026-4-6","io":"inc"},{"id":"e4","ts":1775386800000,"cat":"food","amt":1,"day":"2026-4-5","io":"xfer"},{"id":"e5","ts":1775563200000,"cat":"food","amt":1,"day":"2026-4-7","io":"exp"},{"id":"e6","ts":1775480400000,"cat":"food","amt":10.5,"day":"2026-4-6"}]|1775476800000,2026-4-6
flat	[{"id":"e0","ts":1775646000000,"cat":"food","amt":10.5,"day":"2026-4-8","io":"inc"},{"id":"e1","ts":1775480400000,"cat":"food","amt":-3.25,"day":"2026-4-6"},{"id":"e2","ts":1775649600000,"cat":"food","amt":0,"day":"2026-4-8","io":"exp"},{"id":"e3","ts":1775476800000,"cat":"food","amt":12345.678,"day":"2026-4-6","io":"inc"},{"id":"e4","ts":1775386800000,"cat":"food","amt":1,"day":"2026-4-5","io":"xfer"},{"id":"e5","ts":1775563200000,"cat":"food","amt":1,"day":"2026-4-7","io":"exp"},{"id":"e6","ts":1775480400000,"cat":"food","amt":10.5,"day":"2026-4-6"}]|1775476800000,2026-4-6,1
group	[{"id":"e0","ts":1787630400000,"cat":"food","amt":12345.678,"day":"2026-8-25","io":"exp"},{"id":"e1","ts":1787886000000,"cat":"food","amt":10.5,"day":"2026-8-28","io":"exp"},{"id":"e2","ts":1786932000000,"cat":"food","amt":1e+21,"day":"2026-8-17"}]|1787713200000,2026-8-26
flat	[{"id":"e0","ts":1787630400000,"cat":"food","amt":12345.678,"day":"2026-8-25","io":"exp"},{"id":"e1","ts":1787886000000,"cat":"food","amt":10.5,"day":"2026-8-28","io":"exp"},{"id":"e2","ts":1786932000000,"cat":"food","amt":1e+21,"day":"2026-8-17"}]|1787713200000,2026-8-26,4
group	[{"id":"e0","ts":1791115200000,"cat":"food","amt":0.2,"day":"2026-10-4","io":"xfer"},{"id":"e1","ts":1791633600000,"cat":"food","amt":-3.25,"day":"2026-10-10","io":"xfer"},{"id":"e2","ts":1791288000000,"cat":"food","amt":-3.25,"day":"2026-10-6","io":"exp"},{"id":"e3","ts":1791633600000,"cat":"food","amt":0.1,"day":"2026-10-10","io":"exp"},{"id":"e4","ts":1791288000000,"cat":"food","amt":0,"day":"2026-10-6"},{"id":"e5","ts":1790427600000,"cat":"food","amt":0.2,"day":"2026-9-26","io":"exp"}]|1791201600000,2026-10-5
flat	[{"id":"e0","ts":1791115200000,"cat":"food","amt":0.2,"day":"2026-10-4","io":"xfer"},{"id":"e1","ts":1791633600000,"cat":"food","amt":-3.25,"day":"2026-10-10","io":"xfer"},{"id":"e2","ts":1791288000000,"cat":"food","amt":-3.25,"day":"2026-10-6","io":"exp"},{"id":"e3","ts":1791633600000,"cat":"food","amt":0.1,"day":"2026-10-10","io":"exp"},{"id":"e4","ts":1791288000000,"cat":"food","amt":0,"day":"2026-10-6"},{"id":"e5","ts":1790427600000,"cat":"food","amt":0.2,"day":"2026-9-26","io":"exp"}]|1791201600000,2026-10-5,0
group	[{"id":"e0","ts":1791118800000,"cat":"food","amt":-3.25,"day":"2026-10-5"},{"id":"e1","ts":1791025200000,"cat":"food","amt":10.5,"day":"2026-10-3","io":"inc"},{"id":"e2","ts":1791464400000,"cat":"food","amt":0.2,"day":"2026-10-9","io":"inc"},{"id":"e3","ts":1791115200000,"cat":"food","amt":12345.678,"day":"2026-10-4"}]|1791028800000,2026-10-3
flat	[{"id":"e0","ts":1791118800000,"cat":"food","amt":-3.25,"day":"2026-10-5"},{"id":"e1","ts":1791025200000,"cat":"food","amt":10.5,"day":"2026-10-3","io":"inc"},{"id":"e2","ts":1791464400000,"cat":"food","amt":0.2,"day":"2026-10-9","io":"inc"},{"id":"e3","ts":1791115200000,"cat":"food","amt":12345.678,"day":"2026-10-4"}]|1791028800000,2026-10-3,2
group	[]|1791201600000,2026-10-5
flat	[]|1791201600000,2026-10-5,4
group	[{"id":"e0","ts":1775476800000,"cat":"food","amt":0.1,"day":"2026-4-6","io":"xfer"},{"id":"e1","ts":1775653200000,"cat":"food","amt":12345.678,"day":"2026-4-8","io":"xfer"},{"id":"e2","ts":1775559600000,"cat":"food","amt":-3.25,"day":"2026-4-7","io":"xfer"},{"id":"e3","ts":1775653200000,"cat":"food","amt":1e-7,"day":"2026-4-8"},{"id":"e4","ts":1775649600000,"cat":"food","amt":10.5,"day":"2026-4-8","io":"exp"},{"id":"e5","ts":1775300400000,"cat":"food","amt":12345.678,"day":"2026-4-4","io":"xfer"}]|1775476800000,2026-4-6
flat	[{"id":"e0","ts":1775476800000,"cat":"food","amt":0.1,"day":"2026-4-6","io":"xfer"},{"id":"e1","ts":1775653200000,"cat":"food","amt":12345.678,"day":"2026-4-8","io":"xfer"},{"id":"e2","ts":1775559600000,"cat":"food","amt":-3.25,"day":"2026-4-7","io":"xfer"},{"id":"e3","ts":1775653200000,"cat":"food","amt":1e-7,"day":"2026-4-8"},{"id":"e4","ts":1775649600000,"cat":"food","amt":10.5,"day":"2026-4-8","io":"exp"},{"id":"e5","ts":1775300400000,"cat":"food","amt":12345.678,"day":"2026-4-4","io":"xfer"}]|1775476800000,2026-4-6,2
group	[{"id":"e0","ts":1790942400000,"cat":"food","amt":1e-7,"day":"2026-10-2","io":"inc"},{"id":"e1","ts":1791028800000,"cat":"food","amt":-3.25,"day":"2026-10-3"}]|1791028800000,2026-10-3
flat	[{"id":"e0","ts":1790942400000,"cat":"food","amt":1e-7,"day":"2026-10-2","io":"inc"},{"id":"e1","ts":1791028800000,"cat":"food","amt":-3.25,"day":"2026-10-3"}]|1791028800000,2026-10-3,0
group	[{"id":"e0","ts":1791118800000,"cat":"food","amt":12345.678,"day":"2026-10-5"},{"id":"e1","ts":1791025200000,"cat":"food","amt":-3.25,"day":"2026-10-3"},{"id":"e2","ts":1790942400000,"cat":"food","amt":1e+21,"day":"2026-10-2","io":"xfer"},{"id":"e3","ts":1791032400000,"cat":"food","amt":1e-7,"day":"2026-10-3","io":"xfer"},{"id":"e4","ts":1791464400000,"cat":"food","amt":0.2,"day":"2026-10-9","io":"inc"},{"id":"e5","ts":1791198000000,"cat":"food","amt":0.1,"day":"2026-10-5","io":"inc"}]|1791028800000,2026-10-3
flat	[{"id":"e0","ts":1791118800000,"cat":"food","amt":12345.678,"day":"2026-10-5"},{"id":"e1","ts":1791025200000,"cat":"food","amt":-3.25,"day":"2026-10-3"},{"id":"e2","ts":1790942400000,"cat":"food","amt":1e+21,"day":"2026-10-2","io":"xfer"},{"id":"e3","ts":1791032400000,"cat":"food","amt":1e-7,"day":"2026-10-3","io":"xfer"},{"id":"e4","ts":1791464400000,"cat":"food","amt":0.2,"day":"2026-10-9","io":"inc"},{"id":"e5","ts":1791198000000,"cat":"food","amt":0.1,"day":"2026-10-5","io":"inc"}]|1791028800000,2026-10-3,1
group	[{"id":"e0","ts":1775563200000,"cat":"food","amt":1,"day":"2026-4-7","io":"inc"},{"id":"e1","ts":1775476800000,"cat":"food","amt":0.1,"day":"2026-4-6"},{"id":"e2","ts":1775307600000,"cat":"food","amt":1e-7,"day":"2026-4-5","io":"exp"},{"id":"e3","ts":1775304000000,"cat":"food","amt":1,"day":"2026-4-4"},{"id":"e4","ts":1775905200000,"cat":"food","amt":10.5,"day":"2026-4-11","io":"exp"},{"id":"e5","ts":1775559600000,"cat":"food","amt":10.5,"day":"2026-4-7","io":"inc"}]|1775476800000,2026-4-6
flat	[{"id":"e0","ts":1775563200000,"cat":"food","amt":1,"day":"2026-4-7","io":"inc"},{"id":"e1","ts":1775476800000,"cat":"food","amt":0.1,"day":"2026-4-6"},{"id":"e2","ts":1775307600000,"cat":"food","amt":1e-7,"day":"2026-4-5","io":"exp"},{"id":"e3","ts":1775304000000,"cat":"food","amt":1,"day":"2026-4-4"},{"id":"e4","ts":1775905200000,"cat":"food","amt":10.5,"day":"2026-4-11","io":"exp"},{"id":"e5","ts":1775559600000,"cat":"food","amt":10.5,"day":"2026-4-7","io":"inc"}]|1775476800000,2026-4-6,1
group	[]|1791028800000,2026-10-3
flat	[]|1791028800000,2026-10-3,4
group	[{"id":"e0","ts":1767657600000,"cat":"food","amt":1,"day":"2026-1-6","io":"xfer"},{"id":"e1","ts":1767232800000,"cat":"food","amt":1e+21,"day":"2026-1-1"},{"id":"e2","ts":1767229200000,"cat":"food","amt":1,"day":"2026-1-1","io":"xfer"},{"id":"e3","ts":1767056400000,"cat":"food","amt":0.2,"day":"2025-12-30","io":"exp"},{"id":"e4","ts":1767232800000,"cat":"food","amt":1e+21,"day":"2026-1-1","io":"exp"}]|1767229200000,2026-1-1
flat	[{"id":"e0","ts":1767657600000,"cat":"food","amt":1,"day":"2026-1-6","io":"xfer"},{"id":"e1","ts":1767232800000,"cat":"food","amt":1e+21,"day":"2026-1-1"},{"id":"e2","ts":1767229200000,"cat":"food","amt":1,"day":"2026-1-1","io":"xfer"},{"id":"e3","ts":1767056400000,"cat":"food","amt":0.2,"day":"2025-12-30","io":"exp"},{"id":"e4","ts":1767232800000,"cat":"food","amt":1e+21,"day":"2026-1-1","io":"exp"}]|1767229200000,2026-1-1,1
group	[{"id":"e0","ts":1775304000000,"cat":"food","amt":0.2,"day":"2026-4-4","io":"inc"},{"id":"e1","ts":1775307600000,"cat":"food","amt":-3.25,"day":"2026-4-5","io":"xfer"},{"id":"e2","ts":1775390400000,"cat":"food","amt":1,"day":"2026-4-5","io":"inc"}]|1775390400000,2026-4-5
flat	[{"id":"e0","ts":1775304000000,"cat":"food","amt":0.2,"day":"2026-4-4","io":"inc"},{"id":"e1","ts":1775307600000,"cat":"food","amt":-3.25,"day":"2026-4-5","io":"xfer"},{"id":"e2","ts":1775390400000,"cat":"food","amt":1,"day":"2026-4-5","io":"inc"}]|1775390400000,2026-4-5,2
group	[{"id":"e0","ts":1767186000000,"cat":"food","amt":0.1,"day":"2026-1-1","io":"xfer"},{"id":"e1","ts":1766408400000,"cat":"food","amt":1e-7,"day":"2025-12-23","io":"exp"},{"id":"e2","ts":1767276000000,"cat":"food","amt":1e-7,"day":"2026-1-2","io":"exp"}]|1767186000000,2026-1-1
flat	[{"id":"e0","ts":1767186000000,"cat":"food","amt":0.1,"day":"2026-1-1","io":"xfer"},{"id":"e1","ts":1766408400000,"cat":"food","amt":1e-7,"day":"2025-12-23","io":"exp"},{"id":"e2","ts":1767276000000,"cat":"food","amt":1e-7,"day":"2026-1-2","io":"exp"}]|1767186000000,2026-1-1,3
group	[{"id":"e0","ts":1787716800000,"cat":"food","amt":0.1,"day":"2026-8-26"}]|1787713200000,2026-8-26
flat	[{"id":"e0","ts":1787716800000,"cat":"food","amt":0.1,"day":"2026-8-26"}]|1787713200000,2026-8-26,3
group	[{"id":"e0","ts":1787630400000,"cat":"food","amt":0,"day":"2026-8-25","io":"xfer"}]|1787713200000,2026-8-26
flat	[{"id":"e0","ts":1787630400000,"cat":"food","amt":0,"day":"2026-8-25","io":"xfer"}]|1787713200000,2026-8-26,1
group	[{"id":"e0","ts":1787868000000,"cat":"food","amt":1e+21,"day":"2026-8-28"}]|1787781600000,2026-8-27
flat	[{"id":"e0","ts":1787868000000,"cat":"food","amt":1e+21,"day":"2026-8-28"}]|1787781600000,2026-8-27,1
group	[{"id":"e0","ts":1775563200000,"cat":"food","amt":12345.678,"day":"2026-4-7","io":"xfer"},{"id":"e1","ts":1775476800000,"cat":"food","amt":0,"day":"2026-4-6","io":"inc"}]|1775476800000,2026-4-6
flat	[{"id":"e0","ts":1775563200000,"cat":"food","amt":12345.678,"day":"2026-4-7","io":"xfer"},{"id":"e1","ts":1775476800000,"cat":"food","amt":0,"day":"2026-4-6","io":"inc"}]|1775476800000,2026-4-6,2
group	[]|1787781600000,2026-8-27
flat	[]|1787781600000,2026-8-27,1
group	[{"id":"e0","ts":1791378000000,"cat":"food","amt":0.1,"day":"2026-10-8","io":"exp"},{"id":"e1","ts":1791374400000,"cat":"food","amt":-3.25,"day":"2026-10-7"}]|1791201600000,2026-10-5
flat	[{"id":"e0","ts":1791378000000,"cat":"food","amt":0.1,"day":"2026-10-8","io":"exp"},{"id":"e1","ts":1791374400000,"cat":"food","amt":-3.25,"day":"2026-10-7"}]|1791201600000,2026-10-5,2
group	[{"id":"e0","ts":1767272400000,"cat":"food","amt":1e+21,"day":"2026-1-2"},{"id":"e1","ts":1767272400000,"cat":"food","amt":-3.25,"day":"2026-1-2","io":"exp"},{"id":"e2","ts":1767103200000,"cat":"food","amt":0,"day":"2025-12-31"}]|1767186000000,2026-1-1
flat	[{"id":"e0","ts":1767272400000,"cat":"food","amt":1e+21,"day":"2026-1-2"},{"id":"e1","ts":1767272400000,"cat":"food","amt":-3.25,"day":"2026-1-2","io":"exp"},{"id":"e2","ts":1767103200000,"cat":"food","amt":0,"day":"2025-12-31"}]|1767186000000,2026-1-1,1
group	[{"id":"e0","ts":1791205200000,"cat":"food","amt":0.2,"day":"2026-10-6","io":"inc"},{"id":"e1","ts":1791032400000,"cat":"food","amt":0.2,"day":"2026-10-3","io":"inc"},{"id":"e2","ts":1791374400000,"cat":"food","amt":0,"day":"2026-10-7","io":"xfer"},{"id":"e3","ts":1790427600000,"cat":"food","amt":1e+21,"day":"2026-9-26","io":"inc"},{"id":"e4","ts":1791028800000,"cat":"food","amt":-3.25,"day":"2026-10-3","io":"inc"},{"id":"e5","ts":1791637200000,"cat":"food","amt":1e-7,"day":"2026-10-11","io":"xfer"}]|1791201600000,2026-10-5
flat	[{"id":"e0","ts":1791205200000,"cat":"food","amt":0.2,"day":"2026-10-6","io":"inc"},{"id":"e1","ts":1791032400000,"cat":"food","amt":0.2,"day":"2026-10-3","io":"inc"},{"id":"e2","ts":1791374400000,"cat":"food","amt":0,"day":"2026-10-7","io":"xfer"},{"id":"e3","ts":1790427600000,"cat":"food","amt":1e+21,"day":"2026-9-26","io":"inc"},{"id":"e4","ts":1791028800000,"cat":"food","amt":-3.25,"day":"2026-10-3","io":"inc"},{"id":"e5","ts":1791637200000,"cat":"food","amt":1e-7,"day":"2026-10-11","io":"xfer"}]|1791201600000,2026-10-5,1
group	[{"id":"e0","ts":1790251200000,"cat":"food","amt":1e-7,"day":"2026-9-24"},{"id":"e1","ts":1791032400000,"cat":"food","amt":0,"day":"2026-10-3","io":"xfer"},{"id":"e2","ts":1791118800000,"cat":"food","amt":-3.25,"day":"2026-10-5","io":"exp"},{"id":"e3","ts":1791028800000,"cat":"food","amt":-3.25,"day":"2026-10-3","io":"xfer"}]|1791028800000,2026-10-3
flat	[{"id":"e0","ts":1790251200000,"cat":"food","amt":1e-7,"day":"2026-9-24"},{"id":"e1","ts":1791032400000,"cat":"food","amt":0,"day":"2026-10-3","io":"xfer"},{"id":"e2","ts":1791118800000,"cat":"food","amt":-3.25,"day":"2026-10-5","io":"exp"},{"id":"e3","ts":1791028800000,"cat":"food","amt":-3.25,"day":"2026-10-3","io":"xfer"}]|1791028800000,2026-10-3,3
group	[{"id":"e0","ts":1767056400000,"cat":"food","amt":0.2,"day":"2025-12-30","io":"xfer"},{"id":"e1","ts":1767229200000,"cat":"food","amt":-3.25,"day":"2026-1-1","io":"inc"},{"id":"e2","ts":1767056400000,"cat":"food","amt":-3.25,"day":"2025-12-30","io":"xfer"},{"id":"e3","ts":1767657600000,"cat":"food","amt":1e+21,"day":"2026-1-6","io":"exp"},{"id":"e4","ts":1766451600000,"cat":"food","amt":12345.678,"day":"2025-12-23","io":"inc"},{"id":"e5","ts":1767225600000,"cat":"food","amt":0,"day":"2026-1-1"},{"id":"e6","ts":1767146400000,"cat":"food","amt":0,"day":"2025-12-31"}]|1767229200000,2026-1-1
flat	[{"id":"e0","ts":1767056400000,"cat":"food","amt":0.2,"day":"2025-12-30","io":"xfer"},{"id":"e1","ts":1767229200000,"cat":"food","amt":-3.25,"day":"2026-1-1","io":"inc"},{"id":"e2","ts":1767056400000,"cat":"food","amt":-3.25,"day":"2025-12-30","io":"xfer"},{"id":"e3","ts":1767657600000,"cat":"food","amt":1e+21,"day":"2026-1-6","io":"exp"},{"id":"e4","ts":1766451600000,"cat":"food","amt":12345.678,"day":"2025-12-23","io":"inc"},{"id":"e5","ts":1767225600000,"cat":"food","amt":0,"day":"2026-1-1"},{"id":"e6","ts":1767146400000,"cat":"food","amt":0,"day":"2025-12-31"}]|1767229200000,2026-1-1,1
group	[{"id":"e0","ts":1767052800000,"cat":"food","amt":-3.25,"day":"2025-12-30","io":"exp"},{"id":"e1","ts":1767229200000,"cat":"food","amt":0.1,"day":"2026-1-1","io":"inc"},{"id":"e2","ts":1766455200000,"cat":"food","amt":0.1,"day":"2025-12-23","io":"xfer"},{"id":"e3","ts":1767398400000,"cat":"food","amt":-3.25,"day":"2026-1-3"},{"id":"e4","ts":1767232800000,"cat":"food","amt":12345.678,"day":"2026-1-1","io":"inc"}]|1767229200000,2026-1-1
flat	[{"id":"e0","ts":1767052800000,"cat":"food","amt":-3.25,"day":"2025-12-30","io":"exp"},{"id":"e1","ts":1767229200000,"cat":"food","amt":0.1,"day":"2026-1-1","io":"inc"},{"id":"e2","ts":1766455200000,"cat":"food","amt":0.1,"day":"2025-12-23","io":"xfer"},{"id":"e3","ts":1767398400000,"cat":"food","amt":-3.25,"day":"2026-1-3"},{"id":"e4","ts":1767232800000,"cat":"food","amt":12345.678,"day":"2026-1-1","io":"inc"}]|1767229200000,2026-1-1,1
group	[{"id":"e0","ts":1767618000000,"cat":"food","amt":0.2,"day":"2026-1-6","io":"inc"},{"id":"e1","ts":1767272400000,"cat":"food","amt":1e+21,"day":"2026-1-2","io":"inc"},{"id":"e2","ts":1767186000000,"cat":"food","amt":0,"day":"2026-1-1"},{"id":"e3","ts":1767276000000,"cat":"food","amt":10.5,"day":"2026-1-2"},{"id":"e4","ts":1766404800000,"cat":"food","amt":-3.25,"day":"2025-12-22","io":"exp"},{"id":"e5","ts":1767358800000,"cat":"food","amt":1e+21,"day":"2026-1-3","io":"exp"},{"id":"e6","ts":1767618000000,"cat":"food","amt":10.5,"day":"2026-1-6","io":"inc"}]|1767186000000,2026-1-1
flat	[{"id":"e0","ts":1767618000000,"cat":"food","amt":0.2,"day":"2026-1-6","io":"inc"},{"id":"e1","ts":1767272400000,"cat":"food","amt":1e+21,"day":"2026-1-2","io":"inc"},{"id":"e2","ts":1767186000000,"cat":"food","amt":0,"day":"2026-1-1"},{"id":"e3","ts":1767276000000,"cat":"food","amt":10.5,"day":"2026-1-2"},{"id":"e4","ts":1766404800000,"cat":"food","amt":-3.25,"day":"2025-12-22","io":"exp"},{"id":"e5","ts":1767358800000,"cat":"food","amt":1e+21,"day":"2026-1-3","io":"exp"},{"id":"e6","ts":1767618000000,"cat":"food","amt":10.5,"day":"2026-1-6","io":"inc"}]|1767186000000,2026-1-1,4
group	[]|1791028800000,2026-10-3
flat	[]|1791028800000,2026-10-3,0
group	[{"id":"e0","ts":1791284400000,"cat":"food","amt":1,"day":"2026-10-6","io":"inc"},{"id":"e1","ts":1790946000000,"cat":"food","amt":0,"day":"2026-10-2","io":"xfer"}]|1791115200000,2026-10-4
flat	[{"id":"e0","ts":1791284400000,"cat":"food","amt":1,"day":"2026-10-6","io":"inc"},{"id":"e1","ts":1790946000000,"cat":"food","amt":0,"day":"2026-10-2","io":"xfer"}]|1791115200000,2026-10-4,3
group	[]|1791115200000,2026-10-4
flat	[]|1791115200000,2026-10-4,3
group	[{"id":"e0","ts":1791201600000,"cat":"food","amt":1e+21,"day":"2026-10-5","io":"inc"},{"id":"e1","ts":1791115200000,"cat":"food","amt":0,"day":"2026-10-4","io":"exp"},{"id":"e2","ts":1791291600000,"cat":"food","amt":-3.25,"day":"2026-10-7"},{"id":"e3","ts":1791198000000,"cat":"food","amt":12345.678,"day":"2026-10-5","io":"exp"},{"id":"e4","ts":1791118800000,"cat":"food","amt":-3.25,"day":"2026-10-5","io":"xfer"},{"id":"e5","ts":1791198000000,"cat":"food","amt":12345.678,"day":"2026-10-5"},{"id":"e6","ts":1791633600000,"cat":"food","amt":0,"day":"2026-10-10"}]|1791201600000,2026-10-5
flat	[{"id":"e0","ts":1791201600000,"cat":"food","amt":1e+21,"day":"2026-10-5","io":"inc"},{"id":"e1","ts":1791115200000,"cat":"food","amt":0,"day":"2026-10-4","io":"exp"},{"id":"e2","ts":1791291600000,"cat":"food","amt":-3.25,"day":"2026-10-7"},{"id":"e3","ts":1791198000000,"cat":"food","amt":12345.678,"day":"2026-10-5","io":"exp"},{"id":"e4","ts":1791118800000,"cat":"food","amt":-3.25,"day":"2026-10-5","io":"xfer"},{"id":"e5","ts":1791198000000,"cat":"food","amt":12345.678,"day":"2026-10-5"},{"id":"e6","ts":1791633600000,"cat":"food","amt":0,"day":"2026-10-10"}]|1791201600000,2026-10-5,4
group	[{"id":"e0","ts":1787540400000,"cat":"food","amt":10.5,"day":"2026-8-24","io":"exp"},{"id":"e1","ts":1787713200000,"cat":"food","amt":1e-7,"day":"2026-8-26"},{"id":"e2","ts":1787544000000,"cat":"food","amt":10.5,"day":"2026-8-24","io":"xfer"},{"id":"e3","ts":1787716800000,"cat":"food","amt":1,"day":"2026-8-26","io":"xfer"},{"id":"e4","ts":1787536800000,"cat":"food","amt":0,"day":"2026-8-24","io":"xfer"},{"id":"e5","ts":1787886000000,"cat":"food","amt":0,"day":"2026-8-28","io":"inc"}]|1787713200000,2026-8-26
flat	[{"id":"e0","ts":1787540400000,"cat":"food","amt":10.5,"day":"2026-8-24","io":"exp"},{"id":"e1","ts":1787713200000,"cat":"food","amt":1e-7,"day":"2026-8-26"},{"id":"e2","ts":1787544000000,"cat":"food","amt":10.5,"day":"2026-8-24","io":"xfer"},{"id":"e3","ts":1787716800000,"cat":"food","amt":1,"day":"2026-8-26","io":"xfer"},{"id":"e4","ts":1787536800000,"cat":"food","amt":0,"day":"2026-8-24","io":"xfer"},{"id":"e5","ts":1787886000000,"cat":"food","amt":0,"day":"2026-8-28","io":"inc"}]|1787713200000,2026-8-26,0
group	[{"id":"e0","ts":1790942400000,"cat":"food","amt":12345.678,"day":"2026-10-2","io":"inc"},{"id":"e1","ts":1791201600000,"cat":"food","amt":10.5,"day":"2026-10-5","io":"inc"},{"id":"e2","ts":1790942400000,"cat":"food","amt":-3.25,"day":"2026-10-2"},{"id":"e3","ts":1791457200000,"cat":"food","amt":12345.678,"day":"2026-10-8","io":"inc"},{"id":"e4","ts":1791460800000,"cat":"food","amt":12345.678,"day":"2026-10-8"},{"id":"e5","ts":1790856000000,"cat":"food","amt":0,"day":"2026-10-1"},{"id":"e6","ts":1790254800000,"cat":"food","amt":0.1,"day":"2026-9-24","io":"exp"}]|1791028800000,2026-10-3
flat	[{"id":"e0","ts":1790942400000,"cat":"food","amt":12345.678,"day":"2026-10-2","io":"inc"},{"id":"e1","ts":1791201600000,"cat":"food","amt":10.5,"day":"2026-10-5","io":"inc"},{"id":"e2","ts":1790942400000,"cat":"food","amt":-3.25,"day":"2026-10-2"},{"id":"e3","ts":1791457200000,"cat":"food","amt":12345.678,"day":"2026-10-8","io":"inc"},{"id":"e4","ts":1791460800000,"cat":"food","amt":12345.678,"day":"2026-10-8"},{"id":"e5","ts":1790856000000,"cat":"food","amt":0,"day":"2026-10-1"},{"id":"e6","ts":1790254800000,"cat":"food","amt":0.1,"day":"2026-9-24","io":"exp"}]|1791028800000,2026-10-3,0
group	[{"id":"e0","ts":1787785200000,"cat":"food","amt":1e+21,"day":"2026-8-27","io":"xfer"},{"id":"e1","ts":1787004000000,"cat":"food","amt":1e-7,"day":"2026-8-18","io":"xfer"},{"id":"e2","ts":1787778000000,"cat":"food","amt":0.1,"day":"2026-8-27"}]|1787781600000,2026-8-27
flat	[{"id":"e0","ts":1787785200000,"cat":"food","amt":1e+21,"day":"2026-8-27","io":"xfer"},{"id":"e1","ts":1787004000000,"cat":"food","amt":1e-7,"day":"2026-8-18","io":"xfer"},{"id":"e2","ts":1787778000000,"cat":"food","amt":0.1,"day":"2026-8-27"}]|1787781600000,2026-8-27,1
group	[{"id":"e0","ts":1767056400000,"cat":"food","amt":0,"day":"2025-12-30","io":"xfer"},{"id":"e1","ts":1767232800000,"cat":"food","amt":0.2,"day":"2026-1-1","io":"exp"},{"id":"e2","ts":1767229200000,"cat":"food","amt":0.1,"day":"2026-1-1"},{"id":"e3","ts":1767398400000,"cat":"food","amt":0,"day":"2026-1-3"},{"id":"e4","ts":1767402000000,"cat":"food","amt":0.1,"day":"2026-1-3","io":"inc"}]|1767229200000,2026-1-1
flat	[{"id":"e0","ts":1767056400000,"cat":"food","amt":0,"day":"2025-12-30","io":"xfer"},{"id":"e1","ts":1767232800000,"cat":"food","amt":0.2,"day":"2026-1-1","io":"exp"},{"id":"e2","ts":1767229200000,"cat":"food","amt":0.1,"day":"2026-1-1"},{"id":"e3","ts":1767398400000,"cat":"food","amt":0,"day":"2026-1-3"},{"id":"e4","ts":1767402000000,"cat":"food","amt":0.1,"day":"2026-1-3","io":"inc"}]|1767229200000,2026-1-1,2
group	[{"id":"e0","ts":1775131200000,"cat":"food","amt":0,"day":"2026-4-2","io":"exp"}]|1775304000000,2026-4-4
flat	[{"id":"e0","ts":1775131200000,"cat":"food","amt":0,"day":"2026-4-2","io":"exp"}]|1775304000000,2026-4-4,1
group	[{"id":"e0","ts":1774530000000,"cat":"food","amt":1,"day":"2026-3-27","io":"exp"}]|1775304000000,2026-4-4
flat	[{"id":"e0","ts":1774530000000,"cat":"food","amt":1,"day":"2026-3-27","io":"exp"}]|1775304000000,2026-4-4,1
group	[]|1791201600000,2026-10-5
flat	[]|1791201600000,2026-10-5,4
group	[{"id":"e0","ts":1790856000000,"cat":"food","amt":0.2,"day":"2026-10-1"},{"id":"e1","ts":1791460800000,"cat":"food","amt":0,"day":"2026-10-8","io":"exp"},{"id":"e2","ts":1791028800000,"cat":"food","amt":0,"day":"2026-10-3","io":"exp"},{"id":"e3","ts":1790247600000,"cat":"food","amt":0.1,"day":"2026-9-24","io":"inc"},{"id":"e4","ts":1790946000000,"cat":"food","amt":0.1,"day":"2026-10-2"},{"id":"e5","ts":1791032400000,"cat":"food","amt":10.5,"day":"2026-10-3","io":"inc"}]|1791028800000,2026-10-3
flat	[{"id":"e0","ts":1790856000000,"cat":"food","amt":0.2,"day":"2026-10-1"},{"id":"e1","ts":1791460800000,"cat":"food","amt":0,"day":"2026-10-8","io":"exp"},{"id":"e2","ts":1791028800000,"cat":"food","amt":0,"day":"2026-10-3","io":"exp"},{"id":"e3","ts":1790247600000,"cat":"food","amt":0.1,"day":"2026-9-24","io":"inc"},{"id":"e4","ts":1790946000000,"cat":"food","amt":0.1,"day":"2026-10-2"},{"id":"e5","ts":1791032400000,"cat":"food","amt":10.5,"day":"2026-10-3","io":"inc"}]|1791028800000,2026-10-3,1
group	[{"id":"e0","ts":1767013200000,"cat":"food","amt":1,"day":"2025-12-30"},{"id":"e1","ts":1767186000000,"cat":"food","amt":0,"day":"2026-1-1"},{"id":"e2","ts":1767618000000,"cat":"food","amt":1e-7,"day":"2026-1-6","io":"xfer"},{"id":"e3","ts":1767272400000,"cat":"food","amt":1e+21,"day":"2026-1-2","io":"exp"}]|1767186000000,2026-1-1
flat	[{"id":"e0","ts":1767013200000,"cat":"food","amt":1,"day":"2025-12-30"},{"id":"e1","ts":1767186000000,"cat":"food","amt":0,"day":"2026-1-1"},{"id":"e2","ts":1767618000000,"cat":"food","amt":1e-7,"day":"2026-1-6","io":"xfer"},{"id":"e3","ts":1767272400000,"cat":"food","amt":1e+21,"day":"2026-1-2","io":"exp"}]|1767186000000,2026-1-1,0
group	[{"id":"e0","ts":1766404800000,"cat":"food","amt":0.2,"day":"2025-12-22","io":"exp"},{"id":"e1","ts":1766412000000,"cat":"food","amt":1e+21,"day":"2025-12-23","io":"xfer"},{"id":"e2","ts":1767268800000,"cat":"food","amt":0,"day":"2026-1-1","io":"exp"},{"id":"e3","ts":1766404800000,"cat":"food","amt":0,"day":"2025-12-22","io":"inc"},{"id":"e4","ts":1767358800000,"cat":"food","amt":0,"day":"2026-1-3","io":"exp"},{"id":"e5","ts":1767272400000,"cat":"food","amt":0,"day":"2026-1-2","io":"exp"},{"id":"e6","ts":1767358800000,"cat":"food","amt":12345.678,"day":"2026-1-3","io":"xfer"}]|1767186000000,2026-1-1
flat	[{"id":"e0","ts":1766404800000,"cat":"food","amt":0.2,"day":"2025-12-22","io":"exp"},{"id":"e1","ts":1766412000000,"cat":"food","amt":1e+21,"day":"2025-12-23","io":"xfer"},{"id":"e2","ts":1767268800000,"cat":"food","amt":0,"day":"2026-1-1","io":"exp"},{"id":"e3","ts":1766404800000,"cat":"food","amt":0,"day":"2025-12-22","io":"inc"},{"id":"e4","ts":1767358800000,"cat":"food","amt":0,"day":"2026-1-3","io":"exp"},{"id":"e5","ts":1767272400000,"cat":"food","amt":0,"day":"2026-1-2","io":"exp"},{"id":"e6","ts":1767358800000,"cat":"food","amt":12345.678,"day":"2026-1-3","io":"xfer"}]|1767186000000,2026-1-1,0
group	[{"id":"e0","ts":1775214000000,"cat":"food","amt":1e-7,"day":"2026-4-3"},{"id":"e1","ts":1775390400000,"cat":"food","amt":-3.25,"day":"2026-4-5","io":"xfer"},{"id":"e2","ts":1775131200000,"cat":"food","amt":0.1,"day":"2026-4-2","io":"exp"},{"id":"e3","ts":1775386800000,"cat":"food","amt":12345.678,"day":"2026-4-5"},{"id":"e4","ts":1775304000000,"cat":"food","amt":1e+21,"day":"2026-4-4","io":"xfer"},{"id":"e5","ts":1775304000000,"cat":"food","amt":0,"day":"2026-4-4","io":"xfer"}]|1775304000000,2026-4-4
flat	[{"id":"e0","ts":1775214000000,"cat":"food","amt":1e-7,"day":"2026-4-3"},{"id":"e1","ts":1775390400000,"cat":"food","amt":-3.25,"day":"2026-4-5","io":"xfer"},{"id":"e2","ts":1775131200000,"cat":"food","amt":0.1,"day":"2026-4-2","io":"exp"},{"id":"e3","ts":1775386800000,"cat":"food","amt":12345.678,"day":"2026-4-5"},{"id":"e4","ts":1775304000000,"cat":"food","amt":1e+21,"day":"2026-4-4","io":"xfer"},{"id":"e5","ts":1775304000000,"cat":"food","amt":0,"day":"2026-4-4","io":"xfer"}]|1775304000000,2026-4-4,3
group	[{"id":"e0","ts":1791460800000,"cat":"food","amt":0,"day":"2026-10-8"}]|1791028800000,2026-10-3
flat	[{"id":"e0","ts":1791460800000,"cat":"food","amt":0,"day":"2026-10-8"}]|1791028800000,2026-10-3,4
group	[]|1791201600000,2026-10-5
flat	[]|1791201600000,2026-10-5,3
group	[{"id":"e0","ts":1775127600000,"cat":"food","amt":1,"day":"2026-4-2","io":"exp"},{"id":"e1","ts":1775476800000,"cat":"food","amt":0.1,"day":"2026-4-6","io":"exp"}]|1775304000000,2026-4-4
flat	[{"id":"e0","ts":1775127600000,"cat":"food","amt":1,"day":"2026-4-2","io":"exp"},{"id":"e1","ts":1775476800000,"cat":"food","amt":0.1,"day":"2026-4-6","io":"exp"}]|1775304000000,2026-4-4,2
group	[{"id":"e0","ts":1787781600000,"cat":"food","amt":-3.25,"day":"2026-8-27"},{"id":"e1","ts":1787608800000,"cat":"food","amt":0.1,"day":"2026-8-25","io":"exp"},{"id":"e2","ts":1787785200000,"cat":"food","amt":1e+21,"day":"2026-8-27"},{"id":"e3","ts":1787781600000,"cat":"food","amt":0.2,"day":"2026-8-27"},{"id":"e4","ts":1787691600000,"cat":"food","amt":-3.25,"day":"2026-8-26","io":"exp"}]|1787781600000,2026-8-27
flat	[{"id":"e0","ts":1787781600000,"cat":"food","amt":-3.25,"day":"2026-8-27"},{"id":"e1","ts":1787608800000,"cat":"food","amt":0.1,"day":"2026-8-25","io":"exp"},{"id":"e2","ts":1787785200000,"cat":"food","amt":1e+21,"day":"2026-8-27"},{"id":"e3","ts":1787781600000,"cat":"food","amt":0.2,"day":"2026-8-27"},{"id":"e4","ts":1787691600000,"cat":"food","amt":-3.25,"day":"2026-8-26","io":"exp"}]|1787781600000,2026-8-27,1
group	[{"id":"e0","ts":1775646000000,"cat":"food","amt":10.5,"day":"2026-4-8","io":"exp"},{"id":"e1","ts":1774699200000,"cat":"food","amt":-3.25,"day":"2026-3-28","io":"exp"},{"id":"e2","ts":1775905200000,"cat":"food","amt":1,"day":"2026-4-11"}]|1775476800000,2026-4-6
flat	[{"id":"e0","ts":1775646000000,"cat":"food","amt":10.5,"day":"2026-4-8","io":"exp"},{"id":"e1","ts":1774699200000,"cat":"food","amt":-3.25,"day":"2026-3-28","io":"exp"},{"id":"e2","ts":1775905200000,"cat":"food","amt":1,"day":"2026-4-11"}]|1775476800000,2026-4-6,2
group	[{"id":"e0","ts":1767016800000,"cat":"food","amt":0,"day":"2025-12-30","io":"xfer"},{"id":"e1","ts":1767276000000,"cat":"food","amt":1e-7,"day":"2026-1-2"},{"id":"e2","ts":1767358800000,"cat":"food","amt":0.1,"day":"2026-1-3","io":"inc"},{"id":"e3","ts":1767096000000,"cat":"food","amt":1e-7,"day":"2025-12-30","io":"xfer"},{"id":"e4","ts":1767362400000,"cat":"food","amt":0.2,"day":"2026-1-3"}]|1767186000000,2026-1-1
flat	[{"id":"e0","ts":1767016800000,"cat":"food","amt":0,"day":"2025-12-30","io":"xfer"},{"id":"e1","ts":1767276000000,"cat":"food","amt":1e-7,"day":"2026-1-2"},{"id":"e2","ts":1767358800000,"cat":"food","amt":0.1,"day":"2026-1-3","io":"inc"},{"id":"e3","ts":1767096000000,"cat":"food","amt":1e-7,"day":"2025-12-30","io":"xfer"},{"id":"e4","ts":1767362400000,"cat":"food","amt":0.2,"day":"2026-1-3"}]|1767186000000,2026-1-1,1
group	[{"id":"e0","ts":1775307600000,"cat":"food","amt":0,"day":"2026-4-5","io":"xfer"},{"id":"e1","ts":1774530000000,"cat":"food","amt":0.2,"day":"2026-3-27","io":"xfer"},{"id":"e2","ts":1775386800000,"cat":"food","amt":0,"day":"2026-4-5","io":"xfer"},{"id":"e3","ts":1774526400000,"cat":"food","amt":1e+21,"day":"2026-3-26","io":"exp"},{"id":"e4","ts":1775386800000,"cat":"food","amt":-3.25,"day":"2026-4-5","io":"exp"},{"id":"e5","ts":1775131200000,"cat":"food","amt":1e+21,"day":"2026-4-2","io":"inc"}]|1775304000000,2026-4-4
flat	[{"id":"e0","ts":1775307600000,"cat":"food","amt":0,"day":"2026-4-5","io":"xfer"},{"id":"e1","ts":1774530000000,"cat":"food","amt":0.2,"day":"2026-3-27","io":"xfer"},{"id":"e2","ts":1775386800000,"cat":"food","amt":0,"day":"2026-4-5","io":"xfer"},{"id":"e3","ts":1774526400000,"cat":"food","amt":1e+21,"day":"2026-3-26","io":"exp"},{"id":"e4","ts":1775386800000,"cat":"food","amt":-3.25,"day":"2026-4-5","io":"exp"},{"id":"e5","ts":1775131200000,"cat":"food","amt":1e+21,"day":"2026-4-2","io":"inc"}]|1775304000000,2026-4-4,2
group	[{"id":"e0","ts":1775649600000,"cat":"food","amt":0.1,"day":"2026-4-8","io":"exp"},{"id":"e1","ts":1775476800000,"cat":"food","amt":-3.25,"day":"2026-4-6","io":"inc"},{"id":"e2","ts":1775649600000,"cat":"food","amt":-3.25,"day":"2026-4-8","io":"inc"},{"id":"e3","ts":1775908800000,"cat":"food","amt":0.2,"day":"2026-4-11","io":"xfer"},{"id":"e4","ts":1775912400000,"cat":"food","amt":0.2,"day":"2026-4-11"},{"id":"e5","ts":1775476800000,"cat":"food","amt":1,"day":"2026-4-6","io":"exp"},{"id":"e6","ts":1775476800000,"cat":"food","amt":12345.678,"day":"2026-4-6"}]|1775476800000,2026-4-6
flat	[{"id":"e0","ts":1775649600000,"cat":"food","amt":0.1,"day":"2026-4-8","io":"exp"},{"id":"e1","ts":1775476800000,"cat":"food","amt":-3.25,"day":"2026-4-6","io":"inc"},{"id":"e2","ts":1775649600000,"cat":"food","amt":-3.25,"day":"2026-4-8","io":"inc"},{"id":"e3","ts":1775908800000,"cat":"food","amt":0.2,"day":"2026-4-11","io":"xfer"},{"id":"e4","ts":1775912400000,"cat":"food","amt":0.2,"day":"2026-4-11"},{"id":"e5","ts":1775476800000,"cat":"food","amt":1,"day":"2026-4-6","io":"exp"},{"id":"e6","ts":1775476800000,"cat":"food","amt":12345.678,"day":"2026-4-6"}]|1775476800000,2026-4-6,2
group	[{"id":"e0","ts":1790420400000,"cat":"food","amt":0.2,"day":"2026-9-26"},{"id":"e1","ts":1790424000000,"cat":"food","amt":1e+21,"day":"2026-9-26","io":"xfer"}]|1791201600000,2026-10-5
flat	[{"id":"e0","ts":1790420400000,"cat":"food","amt":0.2,"day":"2026-9-26"},{"id":"e1","ts":1790424000000,"cat":"food","amt":1e+21,"day":"2026-9-26","io":"xfer"}]|1791201600000,2026-10-5,3
group	[{"id":"e0","ts":1775480400000,"cat":"food","amt":10.5,"day":"2026-4-6","io":"inc"},{"id":"e1","ts":1775386800000,"cat":"food","amt":-3.25,"day":"2026-4-5","io":"xfer"}]|1775390400000,2026-4-5
flat	[{"id":"e0","ts":1775480400000,"cat":"food","amt":10.5,"day":"2026-4-6","io":"inc"},{"id":"e1","ts":1775386800000,"cat":"food","amt":-3.25,"day":"2026-4-5","io":"xfer"}]|1775390400000,2026-4-5,2
group	[{"id":"e0","ts":1767099600000,"cat":"food","amt":0.1,"day":"2025-12-31","io":"inc"},{"id":"e1","ts":1767009600000,"cat":"food","amt":1e-7,"day":"2025-12-29"},{"id":"e2","ts":1767013200000,"cat":"food","amt":12345.678,"day":"2025-12-30","io":"exp"},{"id":"e3","ts":1767103200000,"cat":"food","amt":0,"day":"2025-12-31","io":"exp"}]|1767186000000,2026-1-1
flat	[{"id":"e0","ts":1767099600000,"cat":"food","amt":0.1,"day":"2025-12-31","io":"inc"},{"id":"e1","ts":1767009600000,"cat":"food","amt":1e-7,"day":"2025-12-29"},{"id":"e2","ts":1767013200000,"cat":"food","amt":12345.678,"day":"2025-12-30","io":"exp"},{"id":"e3","ts":1767103200000,"cat":"food","amt":0,"day":"2025-12-31","io":"exp"}]|1767186000000,2026-1-1,3
group	[{"id":"e0","ts":1775476800000,"cat":"food","amt":0.2,"day":"2026-4-6","io":"xfer"},{"id":"e1","ts":1775739600000,"cat":"food","amt":1,"day":"2026-4-9","io":"exp"}]|1775304000000,2026-4-4
flat	[{"id":"e0","ts":1775476800000,"cat":"food","amt":0.2,"day":"2026-4-6","io":"xfer"},{"id":"e1","ts":1775739600000,"cat":"food","amt":1,"day":"2026-4-9","io":"exp"}]|1775304000000,2026-4-4,2
group	[{"id":"e0","ts":1767189600000,"cat":"food","amt":1e+21,"day":"2026-1-1","io":"inc"},{"id":"e1","ts":1767358800000,"cat":"food","amt":12345.678,"day":"2026-1-3","io":"xfer"},{"id":"e2","ts":1767362400000,"cat":"food","amt":0,"day":"2026-1-3","io":"exp"},{"id":"e3","ts":1767618000000,"cat":"food","amt":1e-7,"day":"2026-1-6","io":"xfer"},{"id":"e4","ts":1767268800000,"cat":"food","amt":-3.25,"day":"2026-1-1","io":"xfer"},{"id":"e5","ts":1767268800000,"cat":"food","amt":0,"day":"2026-1-1","io":"inc"}]|1767186000000,2026-1-1
flat	[{"id":"e0","ts":1767189600000,"cat":"food","amt":1e+21,"day":"2026-1-1","io":"inc"},{"id":"e1","ts":1767358800000,"cat":"food","amt":12345.678,"day":"2026-1-3","io":"xfer"},{"id":"e2","ts":1767362400000,"cat":"food","amt":0,"day":"2026-1-3","io":"exp"},{"id":"e3","ts":1767618000000,"cat":"food","amt":1e-7,"day":"2026-1-6","io":"xfer"},{"id":"e4","ts":1767268800000,"cat":"food","amt":-3.25,"day":"2026-1-1","io":"xfer"},{"id":"e5","ts":1767268800000,"cat":"food","amt":0,"day":"2026-1-1","io":"inc"}]|1767186000000,2026-1-1,2
group	[{"id":"e0","ts":1787716800000,"cat":"food","amt":1e+21,"day":"2026-8-26","io":"inc"},{"id":"e1","ts":1786935600000,"cat":"food","amt":0,"day":"2026-8-17","io":"exp"},{"id":"e2","ts":1787713200000,"cat":"food","amt":0.2,"day":"2026-8-26","io":"inc"},{"id":"e3","ts":1787544000000,"cat":"food","amt":0.1,"day":"2026-8-24","io":"xfer"},{"id":"e4","ts":1787540400000,"cat":"food","amt":0.1,"day":"2026-8-24","io":"inc"},{"id":"e5","ts":1786935600000,"cat":"food","amt":-3.25,"day":"2026-8-17","io":"xfer"},{"id":"e6","ts":1787713200000,"cat":"food","amt":1,"day":"2026-8-26","io":"xfer"}]|1787713200000,2026-8-26
flat	[{"id":"e0","ts":1787716800000,"cat":"food","amt":1e+21,"day":"2026-8-26","io":"inc"},{"id":"e1","ts":1786935600000,"cat":"food","amt":0,"day":"2026-8-17","io":"exp"},{"id":"e2","ts":1787713200000,"cat":"food","amt":0.2,"day":"2026-8-26","io":"inc"},{"id":"e3","ts":1787544000000,"cat":"food","amt":0.1,"day":"2026-8-24","io":"xfer"},{"id":"e4","ts":1787540400000,"cat":"food","amt":0.1,"day":"2026-8-24","io":"inc"},{"id":"e5","ts":1786935600000,"cat":"food","amt":-3.25,"day":"2026-8-17","io":"xfer"},{"id":"e6","ts":1787713200000,"cat":"food","amt":1,"day":"2026-8-26","io":"xfer"}]|1787713200000,2026-8-26,1
group	[]|1775304000000,2026-4-4
flat	[]|1775304000000,2026-4-4,0
group	[{"id":"e0","ts":1775386800000,"cat":"food","amt":1,"day":"2026-4-5","io":"xfer"}]|1775390400000,2026-4-5
flat	[{"id":"e0","ts":1775386800000,"cat":"food","amt":1,"day":"2026-4-5","io":"xfer"}]|1775390400000,2026-4-5,4
group	[{"id":"e0","ts":1791115200000,"cat":"food","amt":0.1,"day":"2026-10-4","io":"inc"},{"id":"e1","ts":1791374400000,"cat":"food","amt":0.1,"day":"2026-10-7","io":"exp"},{"id":"e2","ts":1791028800000,"cat":"food","amt":0,"day":"2026-10-3","io":"xfer"},{"id":"e3","ts":1791198000000,"cat":"food","amt":0,"day":"2026-10-5","io":"exp"},{"id":"e4","ts":1791115200000,"cat":"food","amt":0.1,"day":"2026-10-4","io":"xfer"}]|1791201600000,2026-10-5
flat	[{"id":"e0","ts":1791115200000,"cat":"food","amt":0.1,"day":"2026-10-4","io":"inc"},{"id":"e1","ts":1791374400000,"cat":"food","amt":0.1,"day":"2026-10-7","io":"exp"},{"id":"e2","ts":1791028800000,"cat":"food","amt":0,"day":"2026-10-3","io":"xfer"},{"id":"e3","ts":1791198000000,"cat":"food","amt":0,"day":"2026-10-5","io":"exp"},{"id":"e4","ts":1791115200000,"cat":"food","amt":0.1,"day":"2026-10-4","io":"xfer"}]|1791201600000,2026-10-5,2
group	[{"id":"e0","ts":1787612400000,"cat":"food","amt":-3.25,"day":"2026-8-25"},{"id":"e1","ts":1787778000000,"cat":"food","amt":1,"day":"2026-8-27","io":"inc"},{"id":"e2","ts":1787004000000,"cat":"food","amt":10.5,"day":"2026-8-18","io":"inc"}]|1787781600000,2026-8-27
flat	[{"id":"e0","ts":1787612400000,"cat":"food","amt":-3.25,"day":"2026-8-25"},{"id":"e1","ts":1787778000000,"cat":"food","amt":1,"day":"2026-8-27","io":"inc"},{"id":"e2","ts":1787004000000,"cat":"food","amt":10.5,"day":"2026-8-18","io":"inc"}]|1787781600000,2026-8-27,4
group	[{"id":"e0","ts":1790254800000,"cat":"food","amt":12345.678,"day":"2026-9-24","io":"xfer"},{"id":"e1","ts":1790856000000,"cat":"food","amt":1e-7,"day":"2026-10-1","io":"exp"},{"id":"e2","ts":1791457200000,"cat":"food","amt":0.2,"day":"2026-10-8"},{"id":"e3","ts":1791032400000,"cat":"food","amt":1,"day":"2026-10-3","io":"exp"}]|1791028800000,2026-10-3
flat	[{"id":"e0","ts":1790254800000,"cat":"food","amt":12345.678,"day":"2026-9-24","io":"xfer"},{"id":"e1","ts":1790856000000,"cat":"food","amt":1e-7,"day":"2026-10-1","io":"exp"},{"id":"e2","ts":1791457200000,"cat":"food","amt":0.2,"day":"2026-10-8"},{"id":"e3","ts":1791032400000,"cat":"food","amt":1,"day":"2026-10-3","io":"exp"}]|1791028800000,2026-10-3,0
group	[{"id":"e0","ts":1791543600000,"cat":"food","amt":1,"day":"2026-10-9","io":"exp"},{"id":"e1","ts":1791291600000,"cat":"food","amt":0.1,"day":"2026-10-7","io":"inc"},{"id":"e2","ts":1791198000000,"cat":"food","amt":0.1,"day":"2026-10-5","io":"inc"},{"id":"e3","ts":1791550800000,"cat":"food","amt":0,"day":"2026-10-10","io":"exp"}]|1791115200000,2026-10-4
flat	[{"id":"e0","ts":1791543600000,"cat":"food","amt":1,"day":"2026-10-9","io":"exp"},{"id":"e1","ts":1791291600000,"cat":"food","amt":0.1,"day":"2026-10-7","io":"inc"},{"id":"e2","ts":1791198000000,"cat":"food","amt":0.1,"day":"2026-10-5","io":"inc"},{"id":"e3","ts":1791550800000,"cat":"food","amt":0,"day":"2026-10-10","io":"exp"}]|1791115200000,2026-10-4,4
group	[{"id":"e0","ts":1775476800000,"cat":"food","amt":10.5,"day":"2026-4-6","io":"xfer"},{"id":"e1","ts":1774699200000,"cat":"food","amt":1,"day":"2026-3-28","io":"exp"}]|1775476800000,2026-4-6
flat	[{"id":"e0","ts":1775476800000,"cat":"food","amt":10.5,"day":"2026-4-6","io":"xfer"},{"id":"e1","ts":1774699200000,"cat":"food","amt":1,"day":"2026-3-28","io":"exp"}]|1775476800000,2026-4-6,1
group	[]|1775304000000,2026-4-4
flat	[]|1775304000000,2026-4-4,2
group	[]|1775304000000,2026-4-4
flat	[]|1775304000000,2026-4-4,3
group	[{"id":"e0","ts":1787626800000,"cat":"food","amt":0.2,"day":"2026-8-25","io":"exp"},{"id":"e1","ts":1787713200000,"cat":"food","amt":-3.25,"day":"2026-8-26","io":"xfer"},{"id":"e2","ts":1787630400000,"cat":"food","amt":12345.678,"day":"2026-8-25","io":"inc"},{"id":"e3","ts":1786932000000,"cat":"food","amt":1e+21,"day":"2026-8-17","io":"exp"},{"id":"e4","ts":1787713200000,"cat":"food","amt":-3.25,"day":"2026-8-26"}]|1787713200000,2026-8-26
flat	[{"id":"e0","ts":1787626800000,"cat":"food","amt":0.2,"day":"2026-8-25","io":"exp"},{"id":"e1","ts":1787713200000,"cat":"food","amt":-3.25,"day":"2026-8-26","io":"xfer"},{"id":"e2","ts":1787630400000,"cat":"food","amt":12345.678,"day":"2026-8-25","io":"inc"},{"id":"e3","ts":1786932000000,"cat":"food","amt":1e+21,"day":"2026-8-17","io":"exp"},{"id":"e4","ts":1787713200000,"cat":"food","amt":-3.25,"day":"2026-8-26"}]|1787713200000,2026-8-26,1
group	[{"id":"e0","ts":1787799600000,"cat":"food","amt":10.5,"day":"2026-8-27"}]|1787713200000,2026-8-26
flat	[{"id":"e0","ts":1787799600000,"cat":"food","amt":10.5,"day":"2026-8-27"}]|1787713200000,2026-8-26,0
group	[]|1775476800000,2026-4-6
flat	[]|1775476800000,2026-4-6,1
group	[{"id":"e0","ts":1775300400000,"cat":"food","amt":1e-7,"day":"2026-4-4","io":"xfer"},{"id":"e1","ts":1775559600000,"cat":"food","amt":10.5,"day":"2026-4-7","io":"xfer"},{"id":"e2","ts":1775563200000,"cat":"food","amt":1e-7,"day":"2026-4-7","io":"exp"},{"id":"e3","ts":1775390400000,"cat":"food","amt":1e+21,"day":"2026-4-5","io":"exp"},{"id":"e4","ts":1775476800000,"cat":"food","amt":10.5,"day":"2026-4-6","io":"inc"}]|1775476800000,2026-4-6
flat	[{"id":"e0","ts":1775300400000,"cat":"food","amt":1e-7,"day":"2026-4-4","io":"xfer"},{"id":"e1","ts":1775559600000,"cat":"food","amt":10.5,"day":"2026-4-7","io":"xfer"},{"id":"e2","ts":1775563200000,"cat":"food","amt":1e-7,"day":"2026-4-7","io":"exp"},{"id":"e3","ts":1775390400000,"cat":"food","amt":1e+21,"day":"2026-4-5","io":"exp"},{"id":"e4","ts":1775476800000,"cat":"food","amt":10.5,"day":"2026-4-6","io":"inc"}]|1775476800000,2026-4-6,1
group	[{"id":"e0","ts":1775221200000,"cat":"food","amt":0.1,"day":"2026-4-4","io":"inc"}]|1775390400000,2026-4-5
flat	[{"id":"e0","ts":1775221200000,"cat":"food","amt":0.1,"day":"2026-4-4","io":"inc"}]|1775390400000,2026-4-5,1
group	[{"id":"e0","ts":1790942400000,"cat":"food","amt":1,"day":"2026-10-2","io":"inc"},{"id":"e1","ts":1791115200000,"cat":"food","amt":1e-7,"day":"2026-10-4"},{"id":"e2","ts":1791201600000,"cat":"food","amt":1,"day":"2026-10-5","io":"exp"},{"id":"e3","ts":1791111600000,"cat":"food","amt":0,"day":"2026-10-4"}]|1791115200000,2026-10-4
flat	[{"id":"e0","ts":1790942400000,"cat":"food","amt":1,"day":"2026-10-2","io":"inc"},{"id":"e1","ts":1791115200000,"cat":"food","amt":1e-7,"day":"2026-10-4"},{"id":"e2","ts":1791201600000,"cat":"food","amt":1,"day":"2026-10-5","io":"exp"},{"id":"e3","ts":1791111600000,"cat":"food","amt":0,"day":"2026-10-4"}]|1791115200000,2026-10-4,1
group	[{"id":"e0","ts":1767621600000,"cat":"food","amt":-3.25,"day":"2026-1-6"},{"id":"e1","ts":1767189600000,"cat":"food","amt":0,"day":"2026-1-1","io":"exp"}]|1767186000000,2026-1-1
flat	[{"id":"e0","ts":1767621600000,"cat":"food","amt":-3.25,"day":"2026-1-6"},{"id":"e1","ts":1767189600000,"cat":"food","amt":0,"day":"2026-1-1","io":"exp"}]|1767186000000,2026-1-1,0
group	[{"id":"e0","ts":1787713200000,"cat":"food","amt":-3.25,"day":"2026-8-26"}]|1787713200000,2026-8-26
flat	[{"id":"e0","ts":1787713200000,"cat":"food","amt":-3.25,"day":"2026-8-26"}]|1787713200000,2026-8-26,1
group	[{"id":"e0","ts":1791115200000,"cat":"food","amt":12345.678,"day":"2026-10-4","io":"inc"},{"id":"e1","ts":1791032400000,"cat":"food","amt":0,"day":"2026-10-3","io":"xfer"},{"id":"e2","ts":1791115200000,"cat":"food","amt":0.2,"day":"2026-10-4"}]|1791115200000,2026-10-4
flat	[{"id":"e0","ts":1791115200000,"cat":"food","amt":12345.678,"day":"2026-10-4","io":"inc"},{"id":"e1","ts":1791032400000,"cat":"food","amt":0,"day":"2026-10-3","io":"xfer"},{"id":"e2","ts":1791115200000,"cat":"food","amt":0.2,"day":"2026-10-4"}]|1791115200000,2026-10-4,3
group	[]|1791115200000,2026-10-4
flat	[]|1791115200000,2026-10-4,3
group	[{"id":"e0","ts":1791025200000,"cat":"food","amt":0,"day":"2026-10-3","io":"xfer"},{"id":"e1","ts":1790942400000,"cat":"food","amt":1e-7,"day":"2026-10-2"},{"id":"e2","ts":1791115200000,"cat":"food","amt":0.1,"day":"2026-10-4","io":"exp"},{"id":"e3","ts":1790334000000,"cat":"food","amt":0.1,"day":"2026-9-25","io":"inc"},{"id":"e4","ts":1791032400000,"cat":"food","amt":-3.25,"day":"2026-10-3","io":"xfer"},{"id":"e5","ts":1791201600000,"cat":"food","amt":1e-7,"day":"2026-10-5","io":"exp"},{"id":"e6","ts":1791032400000,"cat":"food","amt":0.2,"day":"2026-10-3"}]|1791115200000,2026-10-4
flat	[{"id":"e0","ts":1791025200000,"cat":"food","amt":0,"day":"2026-10-3","io":"xfer"},{"id":"e1","ts":1790942400000,"cat":"food","amt":1e-7,"day":"2026-10-2"},{"id":"e2","ts":1791115200000,"cat":"food","amt":0.1,"day":"2026-10-4","io":"exp"},{"id":"e3","ts":1790334000000,"cat":"food","amt":0.1,"day":"2026-9-25","io":"inc"},{"id":"e4","ts":1791032400000,"cat":"food","amt":-3.25,"day":"2026-10-3","io":"xfer"},{"id":"e5","ts":1791201600000,"cat":"food","amt":1e-7,"day":"2026-10-5","io":"exp"},{"id":"e6","ts":1791032400000,"cat":"food","amt":0.2,"day":"2026-10-3"}]|1791115200000,2026-10-4,1
group	[{"id":"e0","ts":1767358800000,"cat":"food","amt":12345.678,"day":"2026-1-3"},{"id":"e1","ts":1767276000000,"cat":"food","amt":1e+21,"day":"2026-1-2","io":"inc"},{"id":"e2","ts":1767096000000,"cat":"food","amt":0,"day":"2025-12-30","io":"inc"},{"id":"e3","ts":1767614400000,"cat":"food","amt":1,"day":"2026-1-5","io":"inc"},{"id":"e4","ts":1767618000000,"cat":"food","amt":12345.678,"day":"2026-1-6","io":"exp"}]|1767186000000,2026-1-1
flat	[{"id":"e0","ts":1767358800000,"cat":"food","amt":12345.678,"day":"2026-1-3"},{"id":"e1","ts":1767276000000,"cat":"food","amt":1e+21,"day":"2026-1-2","io":"inc"},{"id":"e2","ts":1767096000000,"cat":"food","amt":0,"day":"2025-12-30","io":"inc"},{"id":"e3","ts":1767614400000,"cat":"food","amt":1,"day":"2026-1-5","io":"inc"},{"id":"e4","ts":1767618000000,"cat":"food","amt":12345.678,"day":"2026-1-6","io":"exp"}]|1767186000000,2026-1-1,1
group	[]|1787713200000,2026-8-26
flat	[]|1787713200000,2026-8-26,1
group	[{"id":"e0","ts":1788213600000,"cat":"food","amt":0.2,"day":"2026-9-1","io":"inc"},{"id":"e1","ts":1787954400000,"cat":"food","amt":0.2,"day":"2026-8-29","io":"xfer"},{"id":"e2","ts":1787695200000,"cat":"food","amt":1e+21,"day":"2026-8-26","io":"exp"},{"id":"e3","ts":1788217200000,"cat":"food","amt":12345.678,"day":"2026-9-1"},{"id":"e4","ts":1787695200000,"cat":"food","amt":1e+21,"day":"2026-8-26","io":"exp"},{"id":"e5","ts":1787605200000,"cat":"food","amt":1e-7,"day":"2026-8-25","io":"inc"},{"id":"e6","ts":1787000400000,"cat":"food","amt":1e+21,"day":"2026-8-18","io":"inc"}]|1787781600000,2026-8-27
flat	[{"id":"e0","ts":1788213600000,"cat":"food","amt":0.2,"day":"2026-9-1","io":"inc"},{"id":"e1","ts":1787954400000,"cat":"food","amt":0.2,"day":"2026-8-29","io":"xfer"},{"id":"e2","ts":1787695200000,"cat":"food","amt":1e+21,"day":"2026-8-26","io":"exp"},{"id":"e3","ts":1788217200000,"cat":"food","amt":12345.678,"day":"2026-9-1"},{"id":"e4","ts":1787695200000,"cat":"food","amt":1e+21,"day":"2026-8-26","io":"exp"},{"id":"e5","ts":1787605200000,"cat":"food","amt":1e-7,"day":"2026-8-25","io":"inc"},{"id":"e6","ts":1787000400000,"cat":"food","amt":1e+21,"day":"2026-8-18","io":"inc"}]|1787781600000,2026-8-27,0
group	[{"id":"e0","ts":1775386800000,"cat":"food","amt":0.2,"day":"2026-4-5","io":"xfer"},{"id":"e1","ts":1775390400000,"cat":"food","amt":0.1,"day":"2026-4-5","io":"exp"},{"id":"e2","ts":1775646000000,"cat":"food","amt":12345.678,"day":"2026-4-8","io":"xfer"},{"id":"e3","ts":1774699200000,"cat":"food","amt":0.1,"day":"2026-3-28","io":"inc"},{"id":"e4","ts":1775653200000,"cat":"food","amt":0.2,"day":"2026-4-8","io":"xfer"},{"id":"e5","ts":1775649600000,"cat":"food","amt":1e-7,"day":"2026-4-8","io":"exp"},{"id":"e6","ts":1775480400000,"cat":"food","amt":1e-7,"day":"2026-4-6","io":"xfer"}]|1775476800000,2026-4-6
flat	[{"id":"e0","ts":1775386800000,"cat":"food","amt":0.2,"day":"2026-4-5","io":"xfer"},{"id":"e1","ts":1775390400000,"cat":"food","amt":0.1,"day":"2026-4-5","io":"exp"},{"id":"e2","ts":1775646000000,"cat":"food","amt":12345.678,"day":"2026-4-8","io":"xfer"},{"id":"e3","ts":1774699200000,"cat":"food","amt":0.1,"day":"2026-3-28","io":"inc"},{"id":"e4","ts":1775653200000,"cat":"food","amt":0.2,"day":"2026-4-8","io":"xfer"},{"id":"e5","ts":1775649600000,"cat":"food","amt":1e-7,"day":"2026-4-8","io":"exp"},{"id":"e6","ts":1775480400000,"cat":"food","amt":1e-7,"day":"2026-4-6","io":"xfer"}]|1775476800000,2026-4-6,1
group	[{"id":"e0","ts":1791547200000,"cat":"food","amt":1e-7,"day":"2026-10-9","io":"exp"},{"id":"e1","ts":1790341200000,"cat":"food","amt":1e-7,"day":"2026-9-25"},{"id":"e2","ts":1791284400000,"cat":"food","amt":1,"day":"2026-10-6","io":"inc"},{"id":"e3","ts":1791550800000,"cat":"food","amt":1e+21,"day":"2026-10-10","io":"xfer"},{"id":"e4","ts":1791115200000,"cat":"food","amt":0,"day":"2026-10-4","io":"exp"}]|1791115200000,2026-10-4
flat	[{"id":"e0","ts":1791547200000,"cat":"food","amt":1e-7,"day":"2026-10-9","io":"exp"},{"id":"e1","ts":1790341200000,"cat":"food","amt":1e-7,"day":"2026-9-25"},{"id":"e2","ts":1791284400000,"cat":"food","amt":1,"day":"2026-10-6","io":"inc"},{"id":"e3","ts":1791550800000,"cat":"food","amt":1e+21,"day":"2026-10-10","io":"xfer"},{"id":"e4","ts":1791115200000,"cat":"food","amt":0,"day":"2026-10-4","io":"exp"}]|1791115200000,2026-10-4,1
group	[{"id":"e0","ts":1791028800000,"cat":"food","amt":0,"day":"2026-10-3"},{"id":"e1","ts":1790852400000,"cat":"food","amt":0.1,"day":"2026-10-1","io":"inc"},{"id":"e2","ts":1790859600000,"cat":"food","amt":1e-7,"day":"2026-10-1","io":"xfer"}]|1791028800000,2026-10-3
flat	[{"id":"e0","ts":1791028800000,"cat":"food","amt":0,"day":"2026-10-3"},{"id":"e1","ts":1790852400000,"cat":"food","amt":0.1,"day":"2026-10-1","io":"inc"},{"id":"e2","ts":1790859600000,"cat":"food","amt":1e-7,"day":"2026-10-1","io":"xfer"}]|1791028800000,2026-10-3,2
group	[{"id":"e0","ts":1775217600000,"cat":"food","amt":0,"day":"2026-4-3","io":"inc"},{"id":"e1","ts":1775386800000,"cat":"food","amt":0,"day":"2026-4-5","io":"xfer"}]|1775390400000,2026-4-5
flat	[{"id":"e0","ts":1775217600000,"cat":"food","amt":0,"day":"2026-4-3","io":"inc"},{"id":"e1","ts":1775386800000,"cat":"food","amt":0,"day":"2026-4-5","io":"xfer"}]|1775390400000,2026-4-5,3
group	[{"id":"e0","ts":1774612800000,"cat":"food","amt":1,"day":"2026-3-27"},{"id":"e1","ts":1775386800000,"cat":"food","amt":12345.678,"day":"2026-4-5","io":"exp"},{"id":"e2","ts":1775563200000,"cat":"food","amt":0.2,"day":"2026-4-7","io":"exp"},{"id":"e3","ts":1775217600000,"cat":"food","amt":12345.678,"day":"2026-4-3","io":"xfer"},{"id":"e4","ts":1774612800000,"cat":"food","amt":12345.678,"day":"2026-3-27","io":"xfer"},{"id":"e5","ts":1775386800000,"cat":"food","amt":1,"day":"2026-4-5","io":"exp"},{"id":"e6","ts":1775559600000,"cat":"food","amt":0.2,"day":"2026-4-7"}]|1775390400000,2026-4-5
flat	[{"id":"e0","ts":1774612800000,"cat":"food","amt":1,"day":"2026-3-27"},{"id":"e1","ts":1775386800000,"cat":"food","amt":12345.678,"day":"2026-4-5","io":"exp"},{"id":"e2","ts":1775563200000,"cat":"food","amt":0.2,"day":"2026-4-7","io":"exp"},{"id":"e3","ts":1775217600000,"cat":"food","amt":12345.678,"day":"2026-4-3","io":"xfer"},{"id":"e4","ts":1774612800000,"cat":"food","amt":12345.678,"day":"2026-3-27","io":"xfer"},{"id":"e5","ts":1775386800000,"cat":"food","amt":1,"day":"2026-4-5","io":"exp"},{"id":"e6","ts":1775559600000,"cat":"food","amt":0.2,"day":"2026-4-7"}]|1775390400000,2026-4-5,4
group	[]|1791115200000,2026-10-4
flat	[]|1791115200000,2026-10-4,3
group	[{"id":"e0","ts":1767232800000,"cat":"food","amt":-3.25,"day":"2026-1-1"},{"id":"e1","ts":1766455200000,"cat":"food","amt":0,"day":"2025-12-23","io":"xfer"},{"id":"e2","ts":1767229200000,"cat":"food","amt":0.1,"day":"2026-1-1","io":"xfer"},{"id":"e3","ts":1767225600000,"cat":"food","amt":0.1,"day":"2026-1-1","io":"xfer"},{"id":"e4","ts":1767405600000,"cat":"food","amt":0,"day":"2026-1-3","io":"exp"},{"id":"e5","ts":1767142800000,"cat":"food","amt":-3.25,"day":"2025-12-31"},{"id":"e6","ts":1767402000000,"cat":"food","amt":0.1,"day":"2026-1-3"}]|1767229200000,2026-1-1
flat	[{"id":"e0","ts":1767232800000,"cat":"food","amt":-3.25,"day":"2026-1-1"},{"id":"e1","ts":1766455200000,"cat":"food","amt":0,"day":"2025-12-23","io":"xfer"},{"id":"e2","ts":1767229200000,"cat":"food","amt":0.1,"day":"2026-1-1","io":"xfer"},{"id":"e3","ts":1767225600000,"cat":"food","amt":0.1,"day":"2026-1-1","io":"xfer"},{"id":"e4","ts":1767405600000,"cat":"food","amt":0,"day":"2026-1-3","io":"exp"},{"id":"e5","ts":1767142800000,"cat":"food","amt":-3.25,"day":"2025-12-31"},{"id":"e6","ts":1767402000000,"cat":"food","amt":0.1,"day":"2026-1-3"}]|1767229200000,2026-1-1,0
group	[{"id":"e0","ts":1775304000000,"cat":"food","amt":0,"day":"2026-4-4","io":"exp"},{"id":"e1","ts":1775127600000,"cat":"food","amt":1e+21,"day":"2026-4-2","io":"xfer"},{"id":"e2","ts":1775217600000,"cat":"food","amt":1e-7,"day":"2026-4-3"},{"id":"e3","ts":1774522800000,"cat":"food","amt":0,"day":"2026-3-26","io":"exp"},{"id":"e4","ts":1775127600000,"cat":"food","amt":12345.678,"day":"2026-4-2","io":"xfer"}]|1775304000000,2026-4-4
flat	[{"id":"e0","ts":1775304000000,"cat":"food","amt":0,"day":"2026-4-4","io":"exp"},{"id":"e1","ts":1775127600000,"cat":"food","amt":1e+21,"day":"2026-4-2","io":"xfer"},{"id":"e2","ts":1775217600000,"cat":"food","amt":1e-7,"day":"2026-4-3"},{"id":"e3","ts":1774522800000,"cat":"food","amt":0,"day":"2026-3-26","io":"exp"},{"id":"e4","ts":1775127600000,"cat":"food","amt":12345.678,"day":"2026-4-2","io":"xfer"}]|1775304000000,2026-4-4,2
group	[{"id":"e0","ts":1767276000000,"cat":"food","amt":12345.678,"day":"2026-1-2","io":"inc"},{"id":"e1","ts":1767182400000,"cat":"food","amt":10.5,"day":"2025-12-31","io":"inc"},{"id":"e2","ts":1767099600000,"cat":"food","amt":10.5,"day":"2025-12-31"},{"id":"e3","ts":1767276000000,"cat":"food","amt":1e-7,"day":"2026-1-2","io":"exp"},{"id":"e4","ts":1767016800000,"cat":"food","amt":0.2,"day":"2025-12-30","io":"exp"},{"id":"e5","ts":1767189600000,"cat":"food","amt":10.5,"day":"2026-1-1","io":"exp"},{"id":"e6","ts":1766408400000,"cat":"food","amt":0,"day":"2025-12-23"}]|1767186000000,2026-1-1
flat	[{"id":"e0","ts":1767276000000,"cat":"food","amt":12345.678,"day":"2026-1-2","io":"inc"},{"id":"e1","ts":1767182400000,"cat":"food","amt":10.5,"day":"2025-12-31","io":"inc"},{"id":"e2","ts":1767099600000,"cat":"food","amt":10.5,"day":"2025-12-31"},{"id":"e3","ts":1767276000000,"cat":"food","amt":1e-7,"day":"2026-1-2","io":"exp"},{"id":"e4","ts":1767016800000,"cat":"food","amt":0.2,"day":"2025-12-30","io":"exp"},{"id":"e5","ts":1767189600000,"cat":"food","amt":10.5,"day":"2026-1-1","io":"exp"},{"id":"e6","ts":1766408400000,"cat":"food","amt":0,"day":"2025-12-23"}]|1767186000000,2026-1-1,3
group	[{"id":"e0","ts":1767189600000,"cat":"food","amt":12345.678,"day":"2026-1-1","io":"xfer"},{"id":"e1","ts":1766412000000,"cat":"food","amt":1e+21,"day":"2025-12-23","io":"inc"},{"id":"e2","ts":1767621600000,"cat":"food","amt":0,"day":"2026-1-6","io":"inc"},{"id":"e3","ts":1767268800000,"cat":"food","amt":-3.25,"day":"2026-1-1"},{"id":"e4","ts":1767186000000,"cat":"food","amt":12345.678,"day":"2026-1-1","io":"inc"},{"id":"e5","ts":1766408400000,"cat":"food","amt":1e+21,"day":"2025-12-23","io":"exp"},{"id":"e6","ts":1767618000000,"cat":"food","amt":12345.678,"day":"2026-1-6","io":"exp"}]|1767186000000,2026-1-1
flat	[{"id":"e0","ts":1767189600000,"cat":"food","amt":12345.678,"day":"2026-1-1","io":"xfer"},{"id":"e1","ts":1766412000000,"cat":"food","amt":1e+21,"day":"2025-12-23","io":"inc"},{"id":"e2","ts":1767621600000,"cat":"food","amt":0,"day":"2026-1-6","io":"inc"},{"id":"e3","ts":1767268800000,"cat":"food","amt":-3.25,"day":"2026-1-1"},{"id":"e4","ts":1767186000000,"cat":"food","amt":12345.678,"day":"2026-1-1","io":"inc"},{"id":"e5","ts":1766408400000,"cat":"food","amt":1e+21,"day":"2025-12-23","io":"exp"},{"id":"e6","ts":1767618000000,"cat":"food","amt":12345.678,"day":"2026-1-6","io":"exp"}]|1767186000000,2026-1-1,2
group	[]|1787781600000,2026-8-27
flat	[]|1787781600000,2026-8-27,1
group	[{"id":"e0","ts":1774616400000,"cat":"food","amt":1e+21,"day":"2026-3-28","io":"exp"},{"id":"e1","ts":1775480400000,"cat":"food","amt":0,"day":"2026-4-6","io":"xfer"},{"id":"e2","ts":1774612800000,"cat":"food","amt":0.1,"day":"2026-3-27","io":"inc"},{"id":"e3","ts":1775822400000,"cat":"food","amt":0.1,"day":"2026-4-10","io":"xfer"},{"id":"e4","ts":1775390400000,"cat":"food","amt":10.5,"day":"2026-4-5","io":"xfer"},{"id":"e5","ts":1775394000000,"cat":"food","amt":10.5,"day":"2026-4-5"}]|1775390400000,2026-4-5
flat	[{"id":"e0","ts":1774616400000,"cat":"food","amt":1e+21,"day":"2026-3-28","io":"exp"},{"id":"e1","ts":1775480400000,"cat":"food","amt":0,"day":"2026-4-6","io":"xfer"},{"id":"e2","ts":1774612800000,"cat":"food","amt":0.1,"day":"2026-3-27","io":"inc"},{"id":"e3","ts":1775822400000,"cat":"food","amt":0.1,"day":"2026-4-10","io":"xfer"},{"id":"e4","ts":1775390400000,"cat":"food","amt":10.5,"day":"2026-4-5","io":"xfer"},{"id":"e5","ts":1775394000000,"cat":"food","amt":10.5,"day":"2026-4-5"}]|1775390400000,2026-4-5,4
group	[{"id":"e0","ts":1791028800000,"cat":"food","amt":12345.678,"day":"2026-10-3","io":"inc"},{"id":"e1","ts":1790424000000,"cat":"food","amt":10.5,"day":"2026-9-26","io":"xfer"},{"id":"e2","ts":1791032400000,"cat":"food","amt":0,"day":"2026-10-3"},{"id":"e3","ts":1791637200000,"cat":"food","amt":1,"day":"2026-10-11","io":"exp"},{"id":"e4","ts":1791032400000,"cat":"food","amt":0.1,"day":"2026-10-3"}]|1791201600000,2026-10-5
flat	[{"id":"e0","ts":1791028800000,"cat":"food","amt":12345.678,"day":"2026-10-3","io":"inc"},{"id":"e1","ts":1790424000000,"cat":"food","amt":10.5,"day":"2026-9-26","io":"xfer"},{"id":"e2","ts":1791032400000,"cat":"food","amt":0,"day":"2026-10-3"},{"id":"e3","ts":1791637200000,"cat":"food","amt":1,"day":"2026-10-11","io":"exp"},{"id":"e4","ts":1791032400000,"cat":"food","amt":0.1,"day":"2026-10-3"}]|1791201600000,2026-10-5,2
group	[{"id":"e0","ts":1767315600000,"cat":"food","amt":10.5,"day":"2026-1-2","io":"exp"},{"id":"e1","ts":1766448000000,"cat":"food","amt":10.5,"day":"2025-12-23","io":"xfer"},{"id":"e2","ts":1767056400000,"cat":"food","amt":1,"day":"2025-12-30"},{"id":"e3","ts":1766451600000,"cat":"food","amt":-3.25,"day":"2025-12-23","io":"xfer"},{"id":"e4","ts":1767232800000,"cat":"food","amt":12345.678,"day":"2026-1-1"},{"id":"e5","ts":1767225600000,"cat":"food","amt":0.1,"day":"2026-1-1"},{"id":"e6","ts":1767229200000,"cat":"food","amt":0.2,"day":"2026-1-1","io":"xfer"}]|1767229200000,2026-1-1
flat	[{"id":"e0","ts":1767315600000,"cat":"food","amt":10.5,"day":"2026-1-2","io":"exp"},{"id":"e1","ts":1766448000000,"cat":"food","amt":10.5,"day":"2025-12-23","io":"xfer"},{"id":"e2","ts":1767056400000,"cat":"food","amt":1,"day":"2025-12-30"},{"id":"e3","ts":1766451600000,"cat":"food","amt":-3.25,"day":"2025-12-23","io":"xfer"},{"id":"e4","ts":1767232800000,"cat":"food","amt":12345.678,"day":"2026-1-1"},{"id":"e5","ts":1767225600000,"cat":"food","amt":0.1,"day":"2026-1-1"},{"id":"e6","ts":1767229200000,"cat":"food","amt":0.2,"day":"2026-1-1","io":"xfer"}]|1767229200000,2026-1-1,0
group	[]|1791115200000,2026-10-4
flat	[]|1791115200000,2026-10-4,1
group	[{"id":"e0","ts":1766404800000,"cat":"food","amt":0.1,"day":"2025-12-22"},{"id":"e1","ts":1767189600000,"cat":"food","amt":10.5,"day":"2026-1-1","io":"xfer"},{"id":"e2","ts":1767614400000,"cat":"food","amt":0,"day":"2026-1-5","io":"exp"},{"id":"e3","ts":1767013200000,"cat":"food","amt":12345.678,"day":"2025-12-30","io":"inc"},{"id":"e4","ts":1767099600000,"cat":"food","amt":0,"day":"2025-12-31","io":"xfer"},{"id":"e5","ts":1767618000000,"cat":"food","amt":0,"day":"2026-1-6","io":"exp"},{"id":"e6","ts":1767268800000,"cat":"food","amt":1e+21,"day":"2026-1-1"}]|1767186000000,2026-1-1
flat	[{"id":"e0","ts":1766404800000,"cat":"food","amt":0.1,"day":"2025-12-22"},{"id":"e1","ts":1767189600000,"cat":"food","amt":10.5,"day":"2026-1-1","io":"xfer"},{"id":"e2","ts":1767614400000,"cat":"food","amt":0,"day":"2026-1-5","io":"exp"},{"id":"e3","ts":1767013200000,"cat":"food","amt":12345.678,"day":"2025-12-30","io":"inc"},{"id":"e4","ts":1767099600000,"cat":"food","amt":0,"day":"2025-12-31","io":"xfer"},{"id":"e5","ts":1767618000000,"cat":"food","amt":0,"day":"2026-1-6","io":"exp"},{"id":"e6","ts":1767268800000,"cat":"food","amt":1e+21,"day":"2026-1-1"}]|1767186000000,2026-1-1,4
group	[{"id":"e0","ts":1791025200000,"cat":"food","amt":-3.25,"day":"2026-10-3","io":"xfer"},{"id":"e1","ts":1791028800000,"cat":"food","amt":1e+21,"day":"2026-10-3","io":"xfer"},{"id":"e2","ts":1791205200000,"cat":"food","amt":1e+21,"day":"2026-10-6","io":"exp"},{"id":"e3","ts":1790337600000,"cat":"food","amt":0.2,"day":"2026-9-25","io":"xfer"},{"id":"e4","ts":1790942400000,"cat":"food","amt":-3.25,"day":"2026-10-2","io":"inc"}]|1791115200000,2026-10-4
flat	[{"id":"e0","ts":1791025200000,"cat":"food","amt":-3.25,"day":"2026-10-3","io":"xfer"},{"id":"e1","ts":1791028800000,"cat":"food","amt":1e+21,"day":"2026-10-3","io":"xfer"},{"id":"e2","ts":1791205200000,"cat":"food","amt":1e+21,"day":"2026-10-6","io":"exp"},{"id":"e3","ts":1790337600000,"cat":"food","amt":0.2,"day":"2026-9-25","io":"xfer"},{"id":"e4","ts":1790942400000,"cat":"food","amt":-3.25,"day":"2026-10-2","io":"inc"}]|1791115200000,2026-10-4,4
group	[]|1791201600000,2026-10-5
flat	[]|1791201600000,2026-10-5,4
group	[{"id":"e0","ts":1787004000000,"cat":"food","amt":12345.678,"day":"2026-8-18","io":"xfer"},{"id":"e1","ts":1787605200000,"cat":"food","amt":0.1,"day":"2026-8-25","io":"exp"}]|1787781600000,2026-8-27
flat	[{"id":"e0","ts":1787004000000,"cat":"food","amt":12345.678,"day":"2026-8-18","io":"xfer"},{"id":"e1","ts":1787605200000,"cat":"food","amt":0.1,"day":"2026-8-25","io":"exp"}]|1787781600000,2026-8-27,1
group	[{"id":"e0","ts":1791374400000,"cat":"food","amt":12345.678,"day":"2026-10-7","io":"inc"},{"id":"e1","ts":1791198000000,"cat":"food","amt":10.5,"day":"2026-10-5","io":"exp"}]|1791201600000,2026-10-5
flat	[{"id":"e0","ts":1791374400000,"cat":"food","amt":12345.678,"day":"2026-10-7","io":"inc"},{"id":"e1","ts":1791198000000,"cat":"food","amt":10.5,"day":"2026-10-5","io":"exp"}]|1791201600000,2026-10-5,1
group	[{"id":"e0","ts":1774612800000,"cat":"food","amt":10.5,"day":"2026-3-27","io":"exp"},{"id":"e1","ts":1774612800000,"cat":"food","amt":1e-7,"day":"2026-3-27","io":"xfer"},{"id":"e2","ts":1775822400000,"cat":"food","amt":1e+21,"day":"2026-4-10","io":"inc"},{"id":"e3","ts":1775563200000,"cat":"food","amt":12345.678,"day":"2026-4-7"},{"id":"e4","ts":1774612800000,"cat":"food","amt":12345.678,"day":"2026-3-27"},{"id":"e5","ts":1775559600000,"cat":"food","amt":1,"day":"2026-4-7","io":"inc"},{"id":"e6","ts":1775826000000,"cat":"food","amt":1e+21,"day":"2026-4-10","io":"inc"}]|1775390400000,2026-4-5
flat	[{"id":"e0","ts":1774612800000,"cat":"food","amt":10.5,"day":"2026-3-27","io":"exp"},{"id":"e1","ts":1774612800000,"cat":"food","amt":1e-7,"day":"2026-3-27","io":"xfer"},{"id":"e2","ts":1775822400000,"cat":"food","amt":1e+21,"day":"2026-4-10","io":"inc"},{"id":"e3","ts":1775563200000,"cat":"food","amt":12345.678,"day":"2026-4-7"},{"id":"e4","ts":1774612800000,"cat":"food","amt":12345.678,"day":"2026-3-27"},{"id":"e5","ts":1775559600000,"cat":"food","amt":1,"day":"2026-4-7","io":"inc"},{"id":"e6","ts":1775826000000,"cat":"food","amt":1e+21,"day":"2026-4-10","io":"inc"}]|1775390400000,2026-4-5,2
group	[{"id":"e0","ts":1791032400000,"cat":"food","amt":1,"day":"2026-10-3","io":"inc"}]|1791115200000,2026-10-4
flat	[{"id":"e0","ts":1791032400000,"cat":"food","amt":1,"day":"2026-10-3","io":"inc"}]|1791115200000,2026-10-4,0
group	[{"id":"e0","ts":1767657600000,"cat":"food","amt":1e-7,"day":"2026-1-6"},{"id":"e1","ts":1767232800000,"cat":"food","amt":10.5,"day":"2026-1-1"}]|1767229200000,2026-1-1
flat	[{"id":"e0","ts":1767657600000,"cat":"food","amt":1e-7,"day":"2026-1-6"},{"id":"e1","ts":1767232800000,"cat":"food","amt":10.5,"day":"2026-1-1"}]|1767229200000,2026-1-1,0
group	[{"id":"e0","ts":1790852400000,"cat":"food","amt":0.1,"day":"2026-10-1"},{"id":"e1","ts":1791025200000,"cat":"food","amt":0,"day":"2026-10-3","io":"exp"}]|1791028800000,2026-10-3
flat	[{"id":"e0","ts":1790852400000,"cat":"food","amt":0.1,"day":"2026-10-1"},{"id":"e1","ts":1791025200000,"cat":"food","amt":0,"day":"2026-10-3","io":"exp"}]|1791028800000,2026-10-3,1
group	[{"id":"e0","ts":1767142800000,"cat":"food","amt":12345.678,"day":"2025-12-31","io":"inc"},{"id":"e1","ts":1767142800000,"cat":"food","amt":0,"day":"2025-12-31","io":"xfer"}]|1767229200000,2026-1-1
flat	[{"id":"e0","ts":1767142800000,"cat":"food","amt":12345.678,"day":"2025-12-31","io":"inc"},{"id":"e1","ts":1767142800000,"cat":"food","amt":0,"day":"2025-12-31","io":"xfer"}]|1767229200000,2026-1-1,1
group	[{"id":"e0","ts":1791028800000,"cat":"food","amt":0,"day":"2026-10-3","io":"xfer"}]|1791201600000,2026-10-5
flat	[{"id":"e0","ts":1791028800000,"cat":"food","amt":0,"day":"2026-10-3","io":"xfer"}]|1791201600000,2026-10-5,1
group	[{"id":"e0","ts":1775217600000,"cat":"food","amt":1e+21,"day":"2026-4-3"},{"id":"e1","ts":1775559600000,"cat":"food","amt":10.5,"day":"2026-4-7"},{"id":"e2","ts":1775476800000,"cat":"food","amt":1e+21,"day":"2026-4-6"},{"id":"e3","ts":1775390400000,"cat":"food","amt":-3.25,"day":"2026-4-5"}]|1775390400000,2026-4-5
flat	[{"id":"e0","ts":1775217600000,"cat":"food","amt":1e+21,"day":"2026-4-3"},{"id":"e1","ts":1775559600000,"cat":"food","amt":10.5,"day":"2026-4-7"},{"id":"e2","ts":1775476800000,"cat":"food","amt":1e+21,"day":"2026-4-6"},{"id":"e3","ts":1775390400000,"cat":"food","amt":-3.25,"day":"2026-4-5"}]|1775390400000,2026-4-5,0
group	[{"id":"e0","ts":1775304000000,"cat":"food","amt":0.2,"day":"2026-4-4","io":"inc"},{"id":"e1","ts":1775304000000,"cat":"food","amt":0,"day":"2026-4-4","io":"xfer"},{"id":"e2","ts":1775217600000,"cat":"food","amt":1e+21,"day":"2026-4-3"},{"id":"e3","ts":1775307600000,"cat":"food","amt":10.5,"day":"2026-4-5"},{"id":"e4","ts":1775304000000,"cat":"food","amt":0.2,"day":"2026-4-4","io":"inc"}]|1775390400000,2026-4-5
flat	[{"id":"e0","ts":1775304000000,"cat":"food","amt":0.2,"day":"2026-4-4","io":"inc"},{"id":"e1","ts":1775304000000,"cat":"food","amt":0,"day":"2026-4-4","io":"xfer"},{"id":"e2","ts":1775217600000,"cat":"food","amt":1e+21,"day":"2026-4-3"},{"id":"e3","ts":1775307600000,"cat":"food","amt":10.5,"day":"2026-4-5"},{"id":"e4","ts":1775304000000,"cat":"food","amt":0.2,"day":"2026-4-4","io":"inc"}]|1775390400000,2026-4-5,3
group	[{"id":"e0","ts":1786935600000,"cat":"food","amt":0,"day":"2026-8-17"},{"id":"e1","ts":1787709600000,"cat":"food","amt":0.2,"day":"2026-8-26","io":"exp"},{"id":"e2","ts":1786935600000,"cat":"food","amt":0,"day":"2026-8-17"}]|1787713200000,2026-8-26
flat	[{"id":"e0","ts":1786935600000,"cat":"food","amt":0,"day":"2026-8-17"},{"id":"e1","ts":1787709600000,"cat":"food","amt":0.2,"day":"2026-8-26","io":"exp"},{"id":"e2","ts":1786935600000,"cat":"food","amt":0,"day":"2026-8-17"}]|1787713200000,2026-8-26,4
group	[{"id":"e0","ts":1767618000000,"cat":"food","amt":0,"day":"2026-1-6"},{"id":"e1","ts":1767013200000,"cat":"food","amt":0.2,"day":"2025-12-30","io":"xfer"},{"id":"e2","ts":1767276000000,"cat":"food","amt":1,"day":"2026-1-2","io":"exp"}]|1767186000000,2026-1-1
flat	[{"id":"e0","ts":1767618000000,"cat":"food","amt":0,"day":"2026-1-6"},{"id":"e1","ts":1767013200000,"cat":"food","amt":0.2,"day":"2025-12-30","io":"xfer"},{"id":"e2","ts":1767276000000,"cat":"food","amt":1,"day":"2026-1-2","io":"exp"}]|1767186000000,2026-1-1,1
group	[]|1787781600000,2026-8-27
flat	[]|1787781600000,2026-8-27,2
group	[{"id":"e0","ts":1791115200000,"cat":"food","amt":0.1,"day":"2026-10-4","io":"xfer"},{"id":"e1","ts":1791205200000,"cat":"food","amt":12345.678,"day":"2026-10-6","io":"exp"},{"id":"e2","ts":1790852400000,"cat":"food","amt":0,"day":"2026-10-1","io":"inc"},{"id":"e3","ts":1791032400000,"cat":"food","amt":0.1,"day":"2026-10-3","io":"xfer"},{"id":"e4","ts":1791025200000,"cat":"food","amt":12345.678,"day":"2026-10-3","io":"exp"},{"id":"e5","ts":1791464400000,"cat":"food","amt":0,"day":"2026-10-9","io":"exp"},{"id":"e6","ts":1791028800000,"cat":"food","amt":0,"day":"2026-10-3","io":"xfer"}]|1791028800000,2026-10-3
flat	[{"id":"e0","ts":1791115200000,"cat":"food","amt":0.1,"day":"2026-10-4","io":"xfer"},{"id":"e1","ts":1791205200000,"cat":"food","amt":12345.678,"day":"2026-10-6","io":"exp"},{"id":"e2","ts":1790852400000,"cat":"food","amt":0,"day":"2026-10-1","io":"inc"},{"id":"e3","ts":1791032400000,"cat":"food","amt":0.1,"day":"2026-10-3","io":"xfer"},{"id":"e4","ts":1791025200000,"cat":"food","amt":12345.678,"day":"2026-10-3","io":"exp"},{"id":"e5","ts":1791464400000,"cat":"food","amt":0,"day":"2026-10-9","io":"exp"},{"id":"e6","ts":1791028800000,"cat":"food","amt":0,"day":"2026-10-3","io":"xfer"}]|1791028800000,2026-10-3,1
group	[]|1787713200000,2026-8-26
flat	[]|1787713200000,2026-8-26,2
group	[{"id":"e0","ts":1791115200000,"cat":"food","amt":0,"day":"2026-10-4","io":"xfer"},{"id":"e1","ts":1790424000000,"cat":"food","amt":-3.25,"day":"2026-9-26","io":"exp"},{"id":"e2","ts":1791630000000,"cat":"food","amt":0.1,"day":"2026-10-10","io":"exp"},{"id":"e3","ts":1790424000000,"cat":"food","amt":0,"day":"2026-9-26","io":"inc"}]|1791201600000,2026-10-5
flat	[{"id":"e0","ts":1791115200000,"cat":"food","amt":0,"day":"2026-10-4","io":"xfer"},{"id":"e1","ts":1790424000000,"cat":"food","amt":-3.25,"day":"2026-9-26","io":"exp"},{"id":"e2","ts":1791630000000,"cat":"food","amt":0.1,"day":"2026-10-10","io":"exp"},{"id":"e3","ts":1790424000000,"cat":"food","amt":0,"day":"2026-9-26","io":"inc"}]|1791201600000,2026-10-5,1
group	[{"id":"e0","ts":1775822400000,"cat":"food","amt":0,"day":"2026-4-10"},{"id":"e1","ts":1775304000000,"cat":"food","amt":12345.678,"day":"2026-4-4","io":"exp"}]|1775390400000,2026-4-5
flat	[{"id":"e0","ts":1775822400000,"cat":"food","amt":0,"day":"2026-4-10"},{"id":"e1","ts":1775304000000,"cat":"food","amt":12345.678,"day":"2026-4-4","io":"exp"}]|1775390400000,2026-4-5,1
group	[{"id":"e0","ts":1775304000000,"cat":"food","amt":-3.25,"day":"2026-4-4","io":"xfer"}]|1775476800000,2026-4-6
flat	[{"id":"e0","ts":1775304000000,"cat":"food","amt":-3.25,"day":"2026-4-4","io":"xfer"}]|1775476800000,2026-4-6,1
group	[{"id":"e0","ts":1791374400000,"cat":"food","amt":10.5,"day":"2026-10-7","io":"inc"},{"id":"e1","ts":1791291600000,"cat":"food","amt":1e+21,"day":"2026-10-7"},{"id":"e2","ts":1791205200000,"cat":"food","amt":0,"day":"2026-10-6","io":"inc"}]|1791201600000,2026-10-5
flat	[{"id":"e0","ts":1791374400000,"cat":"food","amt":10.5,"day":"2026-10-7","io":"inc"},{"id":"e1","ts":1791291600000,"cat":"food","amt":1e+21,"day":"2026-10-7"},{"id":"e2","ts":1791205200000,"cat":"food","amt":0,"day":"2026-10-6","io":"inc"}]|1791201600000,2026-10-5,1
group	[{"id":"e0","ts":1787868000000,"cat":"food","amt":12345.678,"day":"2026-8-28","io":"inc"},{"id":"e1","ts":1787954400000,"cat":"food","amt":0,"day":"2026-8-29","io":"xfer"},{"id":"e2","ts":1787698800000,"cat":"food","amt":1,"day":"2026-8-26","io":"inc"},{"id":"e3","ts":1788213600000,"cat":"food","amt":12345.678,"day":"2026-9-1","io":"xfer"},{"id":"e4","ts":1787781600000,"cat":"food","amt":0,"day":"2026-8-27"}]|1787781600000,2026-8-27
flat	[{"id":"e0","ts":1787868000000,"cat":"food","amt":12345.678,"day":"2026-8-28","io":"inc"},{"id":"e1","ts":1787954400000,"cat":"food","amt":0,"day":"2026-8-29","io":"xfer"},{"id":"e2","ts":1787698800000,"cat":"food","amt":1,"day":"2026-8-26","io":"inc"},{"id":"e3","ts":1788213600000,"cat":"food","amt":12345.678,"day":"2026-9-1","io":"xfer"},{"id":"e4","ts":1787781600000,"cat":"food","amt":0,"day":"2026-8-27"}]|1787781600000,2026-8-27,1
group	[{"id":"e0","ts":1791115200000,"cat":"food","amt":0,"day":"2026-10-4"},{"id":"e1","ts":1790942400000,"cat":"food","amt":1e+21,"day":"2026-10-2","io":"xfer"}]|1791028800000,2026-10-3
flat	[{"id":"e0","ts":1791115200000,"cat":"food","amt":0,"day":"2026-10-4"},{"id":"e1","ts":1790942400000,"cat":"food","amt":1e+21,"day":"2026-10-2","io":"xfer"}]|1791028800000,2026-10-3,1
group	[{"id":"e0","ts":1767142800000,"cat":"food","amt":1e+21,"day":"2025-12-31","io":"xfer"},{"id":"e1","ts":1767402000000,"cat":"food","amt":1,"day":"2026-1-3","io":"xfer"}]|1767229200000,2026-1-1
flat	[{"id":"e0","ts":1767142800000,"cat":"food","amt":1e+21,"day":"2025-12-31","io":"xfer"},{"id":"e1","ts":1767402000000,"cat":"food","amt":1,"day":"2026-1-3","io":"xfer"}]|1767229200000,2026-1-1,1
group	[{"id":"e0","ts":1775480400000,"cat":"food","amt":0.1,"day":"2026-4-6","io":"inc"}]|1775476800000,2026-4-6
flat	[{"id":"e0","ts":1775480400000,"cat":"food","amt":0.1,"day":"2026-4-6","io":"inc"}]|1775476800000,2026-4-6,2
group	[]|1775476800000,2026-4-6
flat	[]|1775476800000,2026-4-6,4
group	[{"id":"e0","ts":1775390400000,"cat":"food","amt":1e+21,"day":"2026-4-5","io":"exp"},{"id":"e1","ts":1775217600000,"cat":"food","amt":1,"day":"2026-4-3","io":"inc"},{"id":"e2","ts":1775563200000,"cat":"food","amt":0.1,"day":"2026-4-7","io":"inc"},{"id":"e3","ts":1775818800000,"cat":"food","amt":10.5,"day":"2026-4-10","io":"inc"},{"id":"e4","ts":1775390400000,"cat":"food","amt":1e+21,"day":"2026-4-5","io":"exp"}]|1775390400000,2026-4-5
flat	[{"id":"e0","ts":1775390400000,"cat":"food","amt":1e+21,"day":"2026-4-5","io":"exp"},{"id":"e1","ts":1775217600000,"cat":"food","amt":1,"day":"2026-4-3","io":"inc"},{"id":"e2","ts":1775563200000,"cat":"food","amt":0.1,"day":"2026-4-7","io":"inc"},{"id":"e3","ts":1775818800000,"cat":"food","amt":10.5,"day":"2026-4-10","io":"inc"},{"id":"e4","ts":1775390400000,"cat":"food","amt":1e+21,"day":"2026-4-5","io":"exp"}]|1775390400000,2026-4-5,2
group	[{"id":"e0","ts":1775390400000,"cat":"food","amt":0.2,"day":"2026-4-5","io":"xfer"},{"id":"e1","ts":1775822400000,"cat":"food","amt":1,"day":"2026-4-10"},{"id":"e2","ts":1775214000000,"cat":"food","amt":0.2,"day":"2026-4-3"},{"id":"e3","ts":1775390400000,"cat":"food","amt":1e+21,"day":"2026-4-5"},{"id":"e4","ts":1775390400000,"cat":"food","amt":0,"day":"2026-4-5","io":"exp"},{"id":"e5","ts":1775476800000,"cat":"food","amt":-3.25,"day":"2026-4-6","io":"xfer"}]|1775390400000,2026-4-5
flat	[{"id":"e0","ts":1775390400000,"cat":"food","amt":0.2,"day":"2026-4-5","io":"xfer"},{"id":"e1","ts":1775822400000,"cat":"food","amt":1,"day":"2026-4-10"},{"id":"e2","ts":1775214000000,"cat":"food","amt":0.2,"day":"2026-4-3"},{"id":"e3","ts":1775390400000,"cat":"food","amt":1e+21,"day":"2026-4-5"},{"id":"e4","ts":1775390400000,"cat":"food","amt":0,"day":"2026-4-5","io":"exp"},{"id":"e5","ts":1775476800000,"cat":"food","amt":-3.25,"day":"2026-4-6","io":"xfer"}]|1775390400000,2026-4-5,1
group	[{"id":"e0","ts":1787608800000,"cat":"food","amt":-3.25,"day":"2026-8-25"},{"id":"e1","ts":1787695200000,"cat":"food","amt":1,"day":"2026-8-26","io":"inc"},{"id":"e2","ts":1787868000000,"cat":"food","amt":1e-7,"day":"2026-8-28","io":"exp"},{"id":"e3","ts":1787950800000,"cat":"food","amt":1e+21,"day":"2026-8-29","io":"exp"},{"id":"e4","ts":1787868000000,"cat":"food","amt":10.5,"day":"2026-8-28","io":"exp"},{"id":"e5","ts":1787954400000,"cat":"food","amt":-3.25,"day":"2026-8-29","io":"xfer"},{"id":"e6","ts":1787691600000,"cat":"food","amt":0.2,"day":"2026-8-26"}]|1787781600000,2026-8-27
flat	[{"id":"e0","ts":1787608800000,"cat":"food","amt":-3.25,"day":"2026-8-25"},{"id":"e1","ts":1787695200000,"cat":"food","amt":1,"day":"2026-8-26","io":"inc"},{"id":"e2","ts":1787868000000,"cat":"food","amt":1e-7,"day":"2026-8-28","io":"exp"},{"id":"e3","ts":1787950800000,"cat":"food","amt":1e+21,"day":"2026-8-29","io":"exp"},{"id":"e4","ts":1787868000000,"cat":"food","amt":10.5,"day":"2026-8-28","io":"exp"},{"id":"e5","ts":1787954400000,"cat":"food","amt":-3.25,"day":"2026-8-29","io":"xfer"},{"id":"e6","ts":1787691600000,"cat":"food","amt":0.2,"day":"2026-8-26"}]|1787781600000,2026-8-27,2
group	[{"id":"e0","ts":1791378000000,"cat":"food","amt":0.2,"day":"2026-10-8","io":"inc"},{"id":"e1","ts":1791115200000,"cat":"food","amt":1,"day":"2026-10-4"},{"id":"e2","ts":1791201600000,"cat":"food","amt":0.1,"day":"2026-10-5","io":"inc"}]|1791201600000,2026-10-5
flat	[{"id":"e0","ts":1791378000000,"cat":"food","amt":0.2,"day":"2026-10-8","io":"inc"},{"id":"e1","ts":1791115200000,"cat":"food","amt":1,"day":"2026-10-4"},{"id":"e2","ts":1791201600000,"cat":"food","amt":0.1,"day":"2026-10-5","io":"inc"}]|1791201600000,2026-10-5,1
group	[{"id":"e0","ts":1791201600000,"cat":"food","amt":0,"day":"2026-10-5","io":"exp"},{"id":"e1","ts":1791028800000,"cat":"food","amt":0.2,"day":"2026-10-3"},{"id":"e2","ts":1791633600000,"cat":"food","amt":10.5,"day":"2026-10-10","io":"inc"}]|1791201600000,2026-10-5
flat	[{"id":"e0","ts":1791201600000,"cat":"food","amt":0,"day":"2026-10-5","io":"exp"},{"id":"e1","ts":1791028800000,"cat":"food","amt":0.2,"day":"2026-10-3"},{"id":"e2","ts":1791633600000,"cat":"food","amt":10.5,"day":"2026-10-10","io":"inc"}]|1791201600000,2026-10-5,0
group	[{"id":"e0","ts":1791201600000,"cat":"food","amt":10.5,"day":"2026-10-5"},{"id":"e1","ts":1791460800000,"cat":"food","amt":1e-7,"day":"2026-10-8","io":"exp"},{"id":"e2","ts":1791115200000,"cat":"food","amt":0,"day":"2026-10-4","io":"exp"},{"id":"e3","ts":1790251200000,"cat":"food","amt":1e-7,"day":"2026-9-24","io":"exp"},{"id":"e4","ts":1790856000000,"cat":"food","amt":12345.678,"day":"2026-10-1","io":"inc"},{"id":"e5","ts":1790247600000,"cat":"food","amt":1e-7,"day":"2026-9-24","io":"xfer"},{"id":"e6","ts":1791118800000,"cat":"food","amt":0,"day":"2026-10-5","io":"inc"}]|1791028800000,2026-10-3
flat	[{"id":"e0","ts":1791201600000,"cat":"food","amt":10.5,"day":"2026-10-5"},{"id":"e1","ts":1791460800000,"cat":"food","amt":1e-7,"day":"2026-10-8","io":"exp"},{"id":"e2","ts":1791115200000,"cat":"food","amt":0,"day":"2026-10-4","io":"exp"},{"id":"e3","ts":1790251200000,"cat":"food","amt":1e-7,"day":"2026-9-24","io":"exp"},{"id":"e4","ts":1790856000000,"cat":"food","amt":12345.678,"day":"2026-10-1","io":"inc"},{"id":"e5","ts":1790247600000,"cat":"food","amt":1e-7,"day":"2026-9-24","io":"xfer"},{"id":"e6","ts":1791118800000,"cat":"food","amt":0,"day":"2026-10-5","io":"inc"}]|1791028800000,2026-10-3,0
group	[{"id":"e0","ts":1790337600000,"cat":"food","amt":0.1,"day":"2026-9-25","io":"inc"},{"id":"e1","ts":1791025200000,"cat":"food","amt":0,"day":"2026-10-3","io":"inc"},{"id":"e2","ts":1791205200000,"cat":"food","amt":10.5,"day":"2026-10-6","io":"inc"},{"id":"e3","ts":1791115200000,"cat":"food","amt":1e+21,"day":"2026-10-4","io":"xfer"}]|1791115200000,2026-10-4
flat	[{"id":"e0","ts":1790337600000,"cat":"food","amt":0.1,"day":"2026-9-25","io":"inc"},{"id":"e1","ts":1791025200000,"cat":"food","amt":0,"day":"2026-10-3","io":"inc"},{"id":"e2","ts":1791205200000,"cat":"food","amt":10.5,"day":"2026-10-6","io":"inc"},{"id":"e3","ts":1791115200000,"cat":"food","amt":1e+21,"day":"2026-10-4","io":"xfer"}]|1791115200000,2026-10-4,4
group	[{"id":"e0","ts":1767186000000,"cat":"food","amt":0,"day":"2026-1-1","io":"inc"},{"id":"e1","ts":1767182400000,"cat":"food","amt":0.2,"day":"2025-12-31","io":"exp"},{"id":"e2","ts":1767614400000,"cat":"food","amt":1,"day":"2026-1-5","io":"exp"},{"id":"e3","ts":1767272400000,"cat":"food","amt":-3.25,"day":"2026-1-2","io":"xfer"},{"id":"e4","ts":1767013200000,"cat":"food","amt":1,"day":"2025-12-30","io":"exp"},{"id":"e5","ts":1767189600000,"cat":"food","amt":1e+21,"day":"2026-1-1"}]|1767186000000,2026-1-1
flat	[{"id":"e0","ts":1767186000000,"cat":"food","amt":0,"day":"2026-1-1","io":"inc"},{"id":"e1","ts":1767182400000,"cat":"food","amt":0.2,"day":"2025-12-31","io":"exp"},{"id":"e2","ts":1767614400000,"cat":"food","amt":1,"day":"2026-1-5","io":"exp"},{"id":"e3","ts":1767272400000,"cat":"food","amt":-3.25,"day":"2026-1-2","io":"xfer"},{"id":"e4","ts":1767013200000,"cat":"food","amt":1,"day":"2025-12-30","io":"exp"},{"id":"e5","ts":1767189600000,"cat":"food","amt":1e+21,"day":"2026-1-1"}]|1767186000000,2026-1-1,4
group	[{"id":"e0","ts":1791374400000,"cat":"food","amt":0,"day":"2026-10-7","io":"inc"}]|1791201600000,2026-10-5
flat	[{"id":"e0","ts":1791374400000,"cat":"food","amt":0,"day":"2026-10-7","io":"inc"}]|1791201600000,2026-10-5,2
group	[{"id":"e0","ts":1774526400000,"cat":"food","amt":-3.25,"day":"2026-3-26","io":"inc"},{"id":"e1","ts":1775736000000,"cat":"food","amt":-3.25,"day":"2026-4-9"}]|1775304000000,2026-4-4
flat	[{"id":"e0","ts":1774526400000,"cat":"food","amt":-3.25,"day":"2026-3-26","io":"inc"},{"id":"e1","ts":1775736000000,"cat":"food","amt":-3.25,"day":"2026-4-9"}]|1775304000000,2026-4-4,3
group	[{"id":"e0","ts":1767315600000,"cat":"food","amt":12345.678,"day":"2026-1-2","io":"inc"},{"id":"e1","ts":1767056400000,"cat":"food","amt":0.2,"day":"2025-12-30","io":"xfer"},{"id":"e2","ts":1766451600000,"cat":"food","amt":1e+21,"day":"2025-12-23","io":"xfer"},{"id":"e3","ts":1767402000000,"cat":"food","amt":10.5,"day":"2026-1-3","io":"xfer"},{"id":"e4","ts":1767315600000,"cat":"food","amt":1,"day":"2026-1-2","io":"exp"}]|1767229200000,2026-1-1
flat	[{"id":"e0","ts":1767315600000,"cat":"food","amt":12345.678,"day":"2026-1-2","io":"inc"},{"id":"e1","ts":1767056400000,"cat":"food","amt":0.2,"day":"2025-12-30","io":"xfer"},{"id":"e2","ts":1766451600000,"cat":"food","amt":1e+21,"day":"2025-12-23","io":"xfer"},{"id":"e3","ts":1767402000000,"cat":"food","amt":10.5,"day":"2026-1-3","io":"xfer"},{"id":"e4","ts":1767315600000,"cat":"food","amt":1,"day":"2026-1-2","io":"exp"}]|1767229200000,2026-1-1,4
group	[{"id":"e0","ts":1774609200000,"cat":"food","amt":10.5,"day":"2026-3-27"},{"id":"e1","ts":1775563200000,"cat":"food","amt":10.5,"day":"2026-4-7","io":"inc"},{"id":"e2","ts":1775386800000,"cat":"food","amt":-3.25,"day":"2026-4-5","io":"inc"},{"id":"e3","ts":1775394000000,"cat":"food","amt":1,"day":"2026-4-5"},{"id":"e4","ts":1775559600000,"cat":"food","amt":0,"day":"2026-4-7","io":"xfer"}]|1775390400000,2026-4-5
flat	[{"id":"e0","ts":1774609200000,"cat":"food","amt":10.5,"day":"2026-3-27"},{"id":"e1","ts":1775563200000,"cat":"food","amt":10.5,"day":"2026-4-7","io":"inc"},{"id":"e2","ts":1775386800000,"cat":"food","amt":-3.25,"day":"2026-4-5","io":"inc"},{"id":"e3","ts":1775394000000,"cat":"food","amt":1,"day":"2026-4-5"},{"id":"e4","ts":1775559600000,"cat":"food","amt":0,"day":"2026-4-7","io":"xfer"}]|1775390400000,2026-4-5,4
group	[{"id":"e0","ts":1775221200000,"cat":"food","amt":0.2,"day":"2026-4-4","io":"inc"},{"id":"e1","ts":1775822400000,"cat":"food","amt":10.5,"day":"2026-4-10","io":"inc"}]|1775390400000,2026-4-5
flat	[{"id":"e0","ts":1775221200000,"cat":"food","amt":0.2,"day":"2026-4-4","io":"inc"},{"id":"e1","ts":1775822400000,"cat":"food","amt":10.5,"day":"2026-4-10","io":"inc"}]|1775390400000,2026-4-5,3
group	[{"id":"e0","ts":1787864400000,"cat":"food","amt":0.1,"day":"2026-8-28","io":"exp"},{"id":"e1","ts":1787004000000,"cat":"food","amt":-3.25,"day":"2026-8-18","io":"exp"},{"id":"e2","ts":1787004000000,"cat":"food","amt":1e-7,"day":"2026-8-18","io":"exp"},{"id":"e3","ts":1787608800000,"cat":"food","amt":1e-7,"day":"2026-8-25","io":"inc"},{"id":"e4","ts":1787864400000,"cat":"food","amt":0,"day":"2026-8-28","io":"exp"},{"id":"e5","ts":1787781600000,"cat":"food","amt":12345.678,"day":"2026-8-27"}]|1787781600000,2026-8-27
flat	[{"id":"e0","ts":1787864400000,"cat":"food","amt":0.1,"day":"2026-8-28","io":"exp"},{"id":"e1","ts":1787004000000,"cat":"food","amt":-3.25,"day":"2026-8-18","io":"exp"},{"id":"e2","ts":1787004000000,"cat":"food","amt":1e-7,"day":"2026-8-18","io":"exp"},{"id":"e3","ts":1787608800000,"cat":"food","amt":1e-7,"day":"2026-8-25","io":"inc"},{"id":"e4","ts":1787864400000,"cat":"food","amt":0,"day":"2026-8-28","io":"exp"},{"id":"e5","ts":1787781600000,"cat":"food","amt":12345.678,"day":"2026-8-27"}]|1787781600000,2026-8-27,3
group	[]|1775476800000,2026-4-6
flat	[]|1775476800000,2026-4-6,1
group	[{"id":"e0","ts":1791198000000,"cat":"food","amt":1e+21,"day":"2026-10-5"},{"id":"e1","ts":1791543600000,"cat":"food","amt":0.2,"day":"2026-10-9","io":"xfer"},{"id":"e2","ts":1791032400000,"cat":"food","amt":10.5,"day":"2026-10-3","io":"exp"},{"id":"e3","ts":1791205200000,"cat":"food","amt":0.2,"day":"2026-10-6","io":"xfer"},{"id":"e4","ts":1791547200000,"cat":"food","amt":-3.25,"day":"2026-10-9"},{"id":"e5","ts":1791547200000,"cat":"food","amt":12345.678,"day":"2026-10-9","io":"exp"}]|1791115200000,2026-10-4
flat	[{"id":"e0","ts":1791198000000,"cat":"food","amt":1e+21,"day":"2026-10-5"},{"id":"e1","ts":1791543600000,"cat":"food","amt":0.2,"day":"2026-10-9","io":"xfer"},{"id":"e2","ts":1791032400000,"cat":"food","amt":10.5,"day":"2026-10-3","io":"exp"},{"id":"e3","ts":1791205200000,"cat":"food","amt":0.2,"day":"2026-10-6","io":"xfer"},{"id":"e4","ts":1791547200000,"cat":"food","amt":-3.25,"day":"2026-10-9"},{"id":"e5","ts":1791547200000,"cat":"food","amt":12345.678,"day":"2026-10-9","io":"exp"}]|1791115200000,2026-10-4,1
group	[{"id":"e0","ts":1787709600000,"cat":"food","amt":1e+21,"day":"2026-8-26","io":"exp"},{"id":"e1","ts":1787882400000,"cat":"food","amt":1e+21,"day":"2026-8-28","io":"exp"},{"id":"e2","ts":1787540400000,"cat":"food","amt":-3.25,"day":"2026-8-24","io":"xfer"},{"id":"e3","ts":1787630400000,"cat":"food","amt":1,"day":"2026-8-25","io":"xfer"}]|1787713200000,2026-8-26
flat	[{"id":"e0","ts":1787709600000,"cat":"food","amt":1e+21,"day":"2026-8-26","io":"exp"},{"id":"e1","ts":1787882400000,"cat":"food","amt":1e+21,"day":"2026-8-28","io":"exp"},{"id":"e2","ts":1787540400000,"cat":"food","amt":-3.25,"day":"2026-8-24","io":"xfer"},{"id":"e3","ts":1787630400000,"cat":"food","amt":1,"day":"2026-8-25","io":"xfer"}]|1787713200000,2026-8-26,3
group	[{"id":"e0","ts":1791115200000,"cat":"food","amt":12345.678,"day":"2026-10-4"},{"id":"e1","ts":1790942400000,"cat":"food","amt":12345.678,"day":"2026-10-2","io":"exp"},{"id":"e2","ts":1791288000000,"cat":"food","amt":12345.678,"day":"2026-10-6","io":"inc"},{"id":"e3","ts":1791291600000,"cat":"food","amt":0.2,"day":"2026-10-7"},{"id":"e4","ts":1790946000000,"cat":"food","amt":1e+21,"day":"2026-10-2","io":"xfer"},{"id":"e5","ts":1790942400000,"cat":"food","amt":10.5,"day":"2026-10-2","io":"inc"},{"id":"e6","ts":1791198000000,"cat":"food","amt":-3.25,"day":"2026-10-5","io":"exp"}]|1791115200000,2026-10-4
flat	[{"id":"e0","ts":1791115200000,"cat":"food","amt":12345.678,"day":"2026-10-4"},{"id":"e1","ts":1790942400000,"cat":"food","amt":12345.678,"day":"2026-10-2","io":"exp"},{"id":"e2","ts":1791288000000,"cat":"food","amt":12345.678,"day":"2026-10-6","io":"inc"},{"id":"e3","ts":1791291600000,"cat":"food","amt":0.2,"day":"2026-10-7"},{"id":"e4","ts":1790946000000,"cat":"food","amt":1e+21,"day":"2026-10-2","io":"xfer"},{"id":"e5","ts":1790942400000,"cat":"food","amt":10.5,"day":"2026-10-2","io":"inc"},{"id":"e6","ts":1791198000000,"cat":"food","amt":-3.25,"day":"2026-10-5","io":"exp"}]|1791115200000,2026-10-4,1
group	[{"id":"e0","ts":1774695600000,"cat":"food","amt":-3.25,"day":"2026-3-28","io":"xfer"},{"id":"e1","ts":1775473200000,"cat":"food","amt":0,"day":"2026-4-6","io":"xfer"},{"id":"e2","ts":1774699200000,"cat":"food","amt":-3.25,"day":"2026-3-28"},{"id":"e3","ts":1775649600000,"cat":"food","amt":0.2,"day":"2026-4-8","io":"inc"},{"id":"e4","ts":1775480400000,"cat":"food","amt":-3.25,"day":"2026-4-6","io":"exp"},{"id":"e5","ts":1775480400000,"cat":"food","amt":1,"day":"2026-4-6","io":"inc"}]|1775476800000,2026-4-6
flat	[{"id":"e0","ts":1774695600000,"cat":"food","amt":-3.25,"day":"2026-3-28","io":"xfer"},{"id":"e1","ts":1775473200000,"cat":"food","amt":0,"day":"2026-4-6","io":"xfer"},{"id":"e2","ts":1774699200000,"cat":"food","amt":-3.25,"day":"2026-3-28"},{"id":"e3","ts":1775649600000,"cat":"food","amt":0.2,"day":"2026-4-8","io":"inc"},{"id":"e4","ts":1775480400000,"cat":"food","amt":-3.25,"day":"2026-4-6","io":"exp"},{"id":"e5","ts":1775480400000,"cat":"food","amt":1,"day":"2026-4-6","io":"inc"}]|1775476800000,2026-4-6,3
group	[{"id":"e0","ts":1791370800000,"cat":"food","amt":0,"day":"2026-10-7","io":"inc"},{"id":"e1","ts":1791633600000,"cat":"food","amt":10.5,"day":"2026-10-10","io":"xfer"},{"id":"e2","ts":1791374400000,"cat":"food","amt":0,"day":"2026-10-7","io":"inc"}]|1791201600000,2026-10-5
flat	[{"id":"e0","ts":1791370800000,"cat":"food","amt":0,"day":"2026-10-7","io":"inc"},{"id":"e1","ts":1791633600000,"cat":"food","amt":10.5,"day":"2026-10-10","io":"xfer"},{"id":"e2","ts":1791374400000,"cat":"food","amt":0,"day":"2026-10-7","io":"inc"}]|1791201600000,2026-10-5,2
group	[{"id":"e0","ts":1767229200000,"cat":"food","amt":-3.25,"day":"2026-1-1","io":"xfer"},{"id":"e1","ts":1766448000000,"cat":"food","amt":0.2,"day":"2025-12-23"},{"id":"e2","ts":1767060000000,"cat":"food","amt":0,"day":"2025-12-30"},{"id":"e3","ts":1767232800000,"cat":"food","amt":0,"day":"2026-1-1","io":"inc"}]|1767229200000,2026-1-1
flat	[{"id":"e0","ts":1767229200000,"cat":"food","amt":-3.25,"day":"2026-1-1","io":"xfer"},{"id":"e1","ts":1766448000000,"cat":"food","amt":0.2,"day":"2025-12-23"},{"id":"e2","ts":1767060000000,"cat":"food","amt":0,"day":"2025-12-30"},{"id":"e3","ts":1767232800000,"cat":"food","amt":0,"day":"2026-1-1","io":"inc"}]|1767229200000,2026-1-1,2
group	[{"id":"e0","ts":1766451600000,"cat":"food","amt":10.5,"day":"2025-12-23","io":"inc"},{"id":"e1","ts":1767060000000,"cat":"food","amt":1,"day":"2025-12-30"},{"id":"e2","ts":1767052800000,"cat":"food","amt":0.1,"day":"2025-12-30","io":"exp"},{"id":"e3","ts":1767661200000,"cat":"food","amt":0,"day":"2026-1-6","io":"exp"},{"id":"e4","ts":1767402000000,"cat":"food","amt":-3.25,"day":"2026-1-3","io":"inc"}]|1767229200000,2026-1-1
flat	[{"id":"e0","ts":1766451600000,"cat":"food","amt":10.5,"day":"2025-12-23","io":"inc"},{"id":"e1","ts":1767060000000,"cat":"food","amt":1,"day":"2025-12-30"},{"id":"e2","ts":1767052800000,"cat":"food","amt":0.1,"day":"2025-12-30","io":"exp"},{"id":"e3","ts":1767661200000,"cat":"food","amt":0,"day":"2026-1-6","io":"exp"},{"id":"e4","ts":1767402000000,"cat":"food","amt":-3.25,"day":"2026-1-3","io":"inc"}]|1767229200000,2026-1-1,1
group	[{"id":"e0","ts":1791028800000,"cat":"food","amt":0.2,"day":"2026-10-3","io":"exp"},{"id":"e1","ts":1791118800000,"cat":"food","amt":0,"day":"2026-10-5","io":"exp"},{"id":"e2","ts":1790251200000,"cat":"food","amt":0,"day":"2026-9-24","io":"xfer"},{"id":"e3","ts":1791201600000,"cat":"food","amt":0,"day":"2026-10-5","io":"exp"}]|1791028800000,2026-10-3
flat	[{"id":"e0","ts":1791028800000,"cat":"food","amt":0.2,"day":"2026-10-3","io":"exp"},{"id":"e1","ts":1791118800000,"cat":"food","amt":0,"day":"2026-10-5","io":"exp"},{"id":"e2","ts":1790251200000,"cat":"food","amt":0,"day":"2026-9-24","io":"xfer"},{"id":"e3","ts":1791201600000,"cat":"food","amt":0,"day":"2026-10-5","io":"exp"}]|1791028800000,2026-10-3,4
group	[{"id":"e0","ts":1791115200000,"cat":"food","amt":0,"day":"2026-10-4","io":"xfer"},{"id":"e1","ts":1791633600000,"cat":"food","amt":0.1,"day":"2026-10-10","io":"exp"},{"id":"e2","ts":1791291600000,"cat":"food","amt":1e+21,"day":"2026-10-7","io":"inc"},{"id":"e3","ts":1791198000000,"cat":"food","amt":0.2,"day":"2026-10-5","io":"xfer"}]|1791201600000,2026-10-5
flat	[{"id":"e0","ts":1791115200000,"cat":"food","amt":0,"day":"2026-10-4","io":"xfer"},{"id":"e1","ts":1791633600000,"cat":"food","amt":0.1,"day":"2026-10-10","io":"exp"},{"id":"e2","ts":1791291600000,"cat":"food","amt":1e+21,"day":"2026-10-7","io":"inc"},{"id":"e3","ts":1791198000000,"cat":"food","amt":0.2,"day":"2026-10-5","io":"xfer"}]|1791201600000,2026-10-5,2
group	[{"id":"e0","ts":1790938800000,"cat":"food","amt":-3.25,"day":"2026-10-2","io":"inc"},{"id":"e1","ts":1791115200000,"cat":"food","amt":1e-7,"day":"2026-10-4","io":"inc"},{"id":"e2","ts":1791547200000,"cat":"food","amt":-3.25,"day":"2026-10-9","io":"exp"},{"id":"e3","ts":1791028800000,"cat":"food","amt":1e+21,"day":"2026-10-3","io":"xfer"},{"id":"e4","ts":1791543600000,"cat":"food","amt":12345.678,"day":"2026-10-9","io":"inc"}]|1791115200000,2026-10-4
flat	[{"id":"e0","ts":1790938800000,"cat":"food","amt":-3.25,"day":"2026-10-2","io":"inc"},{"id":"e1","ts":1791115200000,"cat":"food","amt":1e-7,"day":"2026-10-4","io":"inc"},{"id":"e2","ts":1791547200000,"cat":"food","amt":-3.25,"day":"2026-10-9","io":"exp"},{"id":"e3","ts":1791028800000,"cat":"food","amt":1e+21,"day":"2026-10-3","io":"xfer"},{"id":"e4","ts":1791543600000,"cat":"food","amt":12345.678,"day":"2026-10-9","io":"inc"}]|1791115200000,2026-10-4,1
group	[{"id":"e0","ts":1775131200000,"cat":"food","amt":1,"day":"2026-4-2","io":"xfer"},{"id":"e1","ts":1775480400000,"cat":"food","amt":0,"day":"2026-4-6","io":"inc"}]|1775304000000,2026-4-4
flat	[{"id":"e0","ts":1775131200000,"cat":"food","amt":1,"day":"2026-4-2","io":"xfer"},{"id":"e1","ts":1775480400000,"cat":"food","amt":0,"day":"2026-4-6","io":"inc"}]|1775304000000,2026-4-4,1
group	[]|1787713200000,2026-8-26
flat	[]|1787713200000,2026-8-26,1
group	[{"id":"e0","ts":1767016800000,"cat":"food","amt":1e+21,"day":"2025-12-30","io":"inc"}]|1767186000000,2026-1-1
flat	[{"id":"e0","ts":1767016800000,"cat":"food","amt":1e+21,"day":"2025-12-30","io":"inc"}]|1767186000000,2026-1-1,1
group	[{"id":"e0","ts":1775563200000,"cat":"food","amt":12345.678,"day":"2026-4-7","io":"xfer"},{"id":"e1","ts":1775304000000,"cat":"food","amt":1,"day":"2026-4-4","io":"exp"}]|1775390400000,2026-4-5
flat	[{"id":"e0","ts":1775563200000,"cat":"food","amt":12345.678,"day":"2026-4-7","io":"xfer"},{"id":"e1","ts":1775304000000,"cat":"food","amt":1,"day":"2026-4-4","io":"exp"}]|1775390400000,2026-4-5,1
group	[{"id":"e0","ts":1775473200000,"cat":"food","amt":12345.678,"day":"2026-4-6"},{"id":"e1","ts":1775649600000,"cat":"food","amt":10.5,"day":"2026-4-8","io":"inc"},{"id":"e2","ts":1775905200000,"cat":"food","amt":0,"day":"2026-4-11","io":"exp"},{"id":"e3","ts":1775563200000,"cat":"food","amt":0,"day":"2026-4-7","io":"exp"},{"id":"e4","ts":1774695600000,"cat":"food","amt":1e+21,"day":"2026-3-28"}]|1775476800000,2026-4-6
flat	[{"id":"e0","ts":1775473200000,"cat":"food","amt":12345.678,"day":"2026-4-6"},{"id":"e1","ts":1775649600000,"cat":"food","amt":10.5,"day":"2026-4-8","io":"inc"},{"id":"e2","ts":1775905200000,"cat":"food","amt":0,"day":"2026-4-11","io":"exp"},{"id":"e3","ts":1775563200000,"cat":"food","amt":0,"day":"2026-4-7","io":"exp"},{"id":"e4","ts":1774695600000,"cat":"food","amt":1e+21,"day":"2026-3-28"}]|1775476800000,2026-4-6,3
group	[{"id":"e0","ts":1766451600000,"cat":"food","amt":10.5,"day":"2025-12-23","io":"xfer"}]|1767229200000,2026-1-1
flat	[{"id":"e0","ts":1766451600000,"cat":"food","amt":10.5,"day":"2025-12-23","io":"xfer"}]|1767229200000,2026-1-1,4
group	[{"id":"e0","ts":1775307600000,"cat":"food","amt":1e+21,"day":"2026-4-5","io":"xfer"},{"id":"e1","ts":1775304000000,"cat":"food","amt":0.1,"day":"2026-4-4","io":"xfer"},{"id":"e2","ts":1775653200000,"cat":"food","amt":-3.25,"day":"2026-4-8","io":"inc"},{"id":"e3","ts":1775480400000,"cat":"food","amt":0,"day":"2026-4-6","io":"exp"},{"id":"e4","ts":1775908800000,"cat":"food","amt":10.5,"day":"2026-4-11","io":"exp"},{"id":"e5","ts":1775563200000,"cat":"food","amt":12345.678,"day":"2026-4-7"},{"id":"e6","ts":1775905200000,"cat":"food","amt":1e+21,"day":"2026-4-11","io":"exp"}]|1775476800000,2026-4-6
flat	[{"id":"e0","ts":1775307600000,"cat":"food","amt":1e+21,"day":"2026-4-5","io":"xfer"},{"id":"e1","ts":1775304000000,"cat":"food","amt":0.1,"day":"2026-4-4","io":"xfer"},{"id":"e2","ts":1775653200000,"cat":"food","amt":-3.25,"day":"2026-4-8","io":"inc"},{"id":"e3","ts":1775480400000,"cat":"food","amt":0,"day":"2026-4-6","io":"exp"},{"id":"e4","ts":1775908800000,"cat":"food","amt":10.5,"day":"2026-4-11","io":"exp"},{"id":"e5","ts":1775563200000,"cat":"food","amt":12345.678,"day":"2026-4-7"},{"id":"e6","ts":1775905200000,"cat":"food","amt":1e+21,"day":"2026-4-11","io":"exp"}]|1775476800000,2026-4-6,4
group	[{"id":"e0","ts":1767315600000,"cat":"food","amt":12345.678,"day":"2026-1-2","io":"xfer"}]|1767229200000,2026-1-1
flat	[{"id":"e0","ts":1767315600000,"cat":"food","amt":12345.678,"day":"2026-1-2","io":"xfer"}]|1767229200000,2026-1-1,1
group	[{"id":"e0","ts":1775908800000,"cat":"food","amt":1e+21,"day":"2026-4-11","io":"inc"},{"id":"e1","ts":1775476800000,"cat":"food","amt":1e+21,"day":"2026-4-6","io":"exp"},{"id":"e2","ts":1775905200000,"cat":"food","amt":-3.25,"day":"2026-4-11","io":"xfer"},{"id":"e3","ts":1775386800000,"cat":"food","amt":1e+21,"day":"2026-4-5","io":"exp"}]|1775476800000,2026-4-6
flat	[{"id":"e0","ts":1775908800000,"cat":"food","amt":1e+21,"day":"2026-4-11","io":"inc"},{"id":"e1","ts":1775476800000,"cat":"food","amt":1e+21,"day":"2026-4-6","io":"exp"},{"id":"e2","ts":1775905200000,"cat":"food","amt":-3.25,"day":"2026-4-11","io":"xfer"},{"id":"e3","ts":1775386800000,"cat":"food","amt":1e+21,"day":"2026-4-5","io":"exp"}]|1775476800000,2026-4-6,3
group	[{"id":"e0","ts":1775390400000,"cat":"food","amt":0.1,"day":"2026-4-5","io":"xfer"},{"id":"e1","ts":1775826000000,"cat":"food","amt":12345.678,"day":"2026-4-10","io":"xfer"},{"id":"e2","ts":1774612800000,"cat":"food","amt":12345.678,"day":"2026-3-27"},{"id":"e3","ts":1775818800000,"cat":"food","amt":-3.25,"day":"2026-4-10"},{"id":"e4","ts":1775473200000,"cat":"food","amt":0,"day":"2026-4-6","io":"inc"},{"id":"e5","ts":1775818800000,"cat":"food","amt":-3.25,"day":"2026-4-10","io":"exp"},{"id":"e6","ts":1775390400000,"cat":"food","amt":10.5,"day":"2026-4-5","io":"xfer"}]|1775390400000,2026-4-5
flat	[{"id":"e0","ts":1775390400000,"cat":"food","amt":0.1,"day":"2026-4-5","io":"xfer"},{"id":"e1","ts":1775826000000,"cat":"food","amt":12345.678,"day":"2026-4-10","io":"xfer"},{"id":"e2","ts":1774612800000,"cat":"food","amt":12345.678,"day":"2026-3-27"},{"id":"e3","ts":1775818800000,"cat":"food","amt":-3.25,"day":"2026-4-10"},{"id":"e4","ts":1775473200000,"cat":"food","amt":0,"day":"2026-4-6","io":"inc"},{"id":"e5","ts":1775818800000,"cat":"food","amt":-3.25,"day":"2026-4-10","io":"exp"},{"id":"e6","ts":1775390400000,"cat":"food","amt":10.5,"day":"2026-4-5","io":"xfer"}]|1775390400000,2026-4-5,2
group	[{"id":"e0","ts":1788141600000,"cat":"food","amt":0.1,"day":"2026-8-31"},{"id":"e1","ts":1787882400000,"cat":"food","amt":12345.678,"day":"2026-8-28","io":"inc"}]|1787713200000,2026-8-26
flat	[{"id":"e0","ts":1788141600000,"cat":"food","amt":0.1,"day":"2026-8-31"},{"id":"e1","ts":1787882400000,"cat":"food","amt":12345.678,"day":"2026-8-28","io":"inc"}]|1787713200000,2026-8-26,4
group	[{"id":"e0","ts":1791637200000,"cat":"food","amt":1,"day":"2026-10-11"},{"id":"e1","ts":1790424000000,"cat":"food","amt":0.1,"day":"2026-9-26"},{"id":"e2","ts":1791205200000,"cat":"food","amt":1e-7,"day":"2026-10-6","io":"exp"},{"id":"e3","ts":1791201600000,"cat":"food","amt":0,"day":"2026-10-5","io":"xfer"},{"id":"e4","ts":1791198000000,"cat":"food","amt":1e-7,"day":"2026-10-5"},{"id":"e5","ts":1791118800000,"cat":"food","amt":0.2,"day":"2026-10-5","io":"inc"},{"id":"e6","ts":1791201600000,"cat":"food","amt":0,"day":"2026-10-5","io":"xfer"}]|1791201600000,2026-10-5
flat	[{"id":"e0","ts":1791637200000,"cat":"food","amt":1,"day":"2026-10-11"},{"id":"e1","ts":1790424000000,"cat":"food","amt":0.1,"day":"2026-9-26"},{"id":"e2","ts":1791205200000,"cat":"food","amt":1e-7,"day":"2026-10-6","io":"exp"},{"id":"e3","ts":1791201600000,"cat":"food","amt":0,"day":"2026-10-5","io":"xfer"},{"id":"e4","ts":1791198000000,"cat":"food","amt":1e-7,"day":"2026-10-5"},{"id":"e5","ts":1791118800000,"cat":"food","amt":0.2,"day":"2026-10-5","io":"inc"},{"id":"e6","ts":1791201600000,"cat":"food","amt":0,"day":"2026-10-5","io":"xfer"}]|1791201600000,2026-10-5,0
group	[{"id":"e0","ts":1775559600000,"cat":"food","amt":-3.25,"day":"2026-4-7","io":"inc"},{"id":"e1","ts":1775649600000,"cat":"food","amt":10.5,"day":"2026-4-8","io":"xfer"},{"id":"e2","ts":1775480400000,"cat":"food","amt":12345.678,"day":"2026-4-6","io":"inc"},{"id":"e3","ts":1775307600000,"cat":"food","amt":1,"day":"2026-4-5","io":"xfer"},{"id":"e4","ts":1775559600000,"cat":"food","amt":0.1,"day":"2026-4-7"},{"id":"e5","ts":1774702800000,"cat":"food","amt":-3.25,"day":"2026-3-29","io":"inc"}]|1775476800000,2026-4-6
flat	[{"id":"e0","ts":1775559600000,"cat":"food","amt":-3.25,"day":"2026-4-7","io":"inc"},{"id":"e1","ts":1775649600000,"cat":"food","amt":10.5,"day":"2026-4-8","io":"xfer"},{"id":"e2","ts":1775480400000,"cat":"food","amt":12345.678,"day":"2026-4-6","io":"inc"},{"id":"e3","ts":1775307600000,"cat":"food","amt":1,"day":"2026-4-5","io":"xfer"},{"id":"e4","ts":1775559600000,"cat":"food","amt":0.1,"day":"2026-4-7"},{"id":"e5","ts":1774702800000,"cat":"food","amt":-3.25,"day":"2026-3-29","io":"inc"}]|1775476800000,2026-4-6,1
group	[{"id":"e0","ts":1787713200000,"cat":"food","amt":1e-7,"day":"2026-8-26","io":"exp"},{"id":"e1","ts":1788145200000,"cat":"food","amt":0,"day":"2026-8-31","io":"inc"},{"id":"e2","ts":1787709600000,"cat":"food","amt":12345.678,"day":"2026-8-26","io":"exp"},{"id":"e3","ts":1786932000000,"cat":"food","amt":0.1,"day":"2026-8-17","io":"xfer"}]|1787713200000,2026-8-26
flat	[{"id":"e0","ts":1787713200000,"cat":"food","amt":1e-7,"day":"2026-8-26","io":"exp"},{"id":"e1","ts":1788145200000,"cat":"food","amt":0,"day":"2026-8-31","io":"inc"},{"id":"e2","ts":1787709600000,"cat":"food","amt":12345.678,"day":"2026-8-26","io":"exp"},{"id":"e3","ts":1786932000000,"cat":"food","amt":0.1,"day":"2026-8-17","io":"xfer"}]|1787713200000,2026-8-26,1
group	[{"id":"e0","ts":1787781600000,"cat":"food","amt":12345.678,"day":"2026-8-27","io":"inc"},{"id":"e1","ts":1787950800000,"cat":"food","amt":-3.25,"day":"2026-8-29","io":"inc"},{"id":"e2","ts":1787691600000,"cat":"food","amt":0.1,"day":"2026-8-26","io":"xfer"},{"id":"e3","ts":1787864400000,"cat":"food","amt":12345.678,"day":"2026-8-28","io":"xfer"}]|1787781600000,2026-8-27
flat	[{"id":"e0","ts":1787781600000,"cat":"food","amt":12345.678,"day":"2026-8-27","io":"inc"},{"id":"e1","ts":1787950800000,"cat":"food","amt":-3.25,"day":"2026-8-29","io":"inc"},{"id":"e2","ts":1787691600000,"cat":"food","amt":0.1,"day":"2026-8-26","io":"xfer"},{"id":"e3","ts":1787864400000,"cat":"food","amt":12345.678,"day":"2026-8-28","io":"xfer"}]|1787781600000,2026-8-27,1
group	[{"id":"e0","ts":1790337600000,"cat":"food","amt":10.5,"day":"2026-9-25","io":"exp"},{"id":"e1","ts":1791284400000,"cat":"food","amt":0.1,"day":"2026-10-6","io":"exp"},{"id":"e2","ts":1791118800000,"cat":"food","amt":1e-7,"day":"2026-10-5","io":"inc"},{"id":"e3","ts":1791288000000,"cat":"food","amt":0,"day":"2026-10-6","io":"xfer"},{"id":"e4","ts":1791284400000,"cat":"food","amt":-3.25,"day":"2026-10-6"},{"id":"e5","ts":1791118800000,"cat":"food","amt":1,"day":"2026-10-5","io":"exp"},{"id":"e6","ts":1791201600000,"cat":"food","amt":0,"day":"2026-10-5","io":"inc"}]|1791115200000,2026-10-4
flat	[{"id":"e0","ts":1790337600000,"cat":"food","amt":10.5,"day":"2026-9-25","io":"exp"},{"id":"e1","ts":1791284400000,"cat":"food","amt":0.1,"day":"2026-10-6","io":"exp"},{"id":"e2","ts":1791118800000,"cat":"food","amt":1e-7,"day":"2026-10-5","io":"inc"},{"id":"e3","ts":1791288000000,"cat":"food","amt":0,"day":"2026-10-6","io":"xfer"},{"id":"e4","ts":1791284400000,"cat":"food","amt":-3.25,"day":"2026-10-6"},{"id":"e5","ts":1791118800000,"cat":"food","amt":1,"day":"2026-10-5","io":"exp"},{"id":"e6","ts":1791201600000,"cat":"food","amt":0,"day":"2026-10-5","io":"inc"}]|1791115200000,2026-10-4,1
group	[{"id":"e0","ts":1791028800000,"cat":"food","amt":1e-7,"day":"2026-10-3"},{"id":"e1","ts":1791198000000,"cat":"food","amt":1e-7,"day":"2026-10-5","io":"xfer"},{"id":"e2","ts":1791630000000,"cat":"food","amt":1e-7,"day":"2026-10-10"},{"id":"e3","ts":1791374400000,"cat":"food","amt":10.5,"day":"2026-10-7","io":"inc"}]|1791201600000,2026-10-5
flat	[{"id":"e0","ts":1791028800000,"cat":"food","amt":1e-7,"day":"2026-10-3"},{"id":"e1","ts":1791198000000,"cat":"food","amt":1e-7,"day":"2026-10-5","io":"xfer"},{"id":"e2","ts":1791630000000,"cat":"food","amt":1e-7,"day":"2026-10-10"},{"id":"e3","ts":1791374400000,"cat":"food","amt":10.5,"day":"2026-10-7","io":"inc"}]|1791201600000,2026-10-5,1
group	[{"id":"e0","ts":1791115200000,"cat":"food","amt":10.5,"day":"2026-10-4","io":"exp"}]|1791115200000,2026-10-4
flat	[{"id":"e0","ts":1791115200000,"cat":"food","amt":10.5,"day":"2026-10-4","io":"exp"}]|1791115200000,2026-10-4,2
group	[]|1775476800000,2026-4-6
flat	[]|1775476800000,2026-4-6,1
group	[{"id":"e0","ts":1774699200000,"cat":"food","amt":-3.25,"day":"2026-3-28","io":"xfer"}]|1775476800000,2026-4-6
flat	[{"id":"e0","ts":1774699200000,"cat":"food","amt":-3.25,"day":"2026-3-28","io":"xfer"}]|1775476800000,2026-4-6,0
group	[{"id":"e0","ts":1767186000000,"cat":"food","amt":-3.25,"day":"2026-1-1","io":"exp"},{"id":"e1","ts":1767186000000,"cat":"food","amt":1e+21,"day":"2026-1-1","io":"exp"},{"id":"e2","ts":1767009600000,"cat":"food","amt":0,"day":"2025-12-29","io":"exp"},{"id":"e3","ts":1767016800000,"cat":"food","amt":-3.25,"day":"2025-12-30","io":"inc"},{"id":"e4","ts":1767009600000,"cat":"food","amt":1e+21,"day":"2025-12-29","io":"exp"}]|1767186000000,2026-1-1
flat	[{"id":"e0","ts":1767186000000,"cat":"food","amt":-3.25,"day":"2026-1-1","io":"exp"},{"id":"e1","ts":1767186000000,"cat":"food","amt":1e+21,"day":"2026-1-1","io":"exp"},{"id":"e2","ts":1767009600000,"cat":"food","amt":0,"day":"2025-12-29","io":"exp"},{"id":"e3","ts":1767016800000,"cat":"food","amt":-3.25,"day":"2025-12-30","io":"inc"},{"id":"e4","ts":1767009600000,"cat":"food","amt":1e+21,"day":"2025-12-29","io":"exp"}]|1767186000000,2026-1-1,1
group	[{"id":"e0","ts":1775476800000,"cat":"food","amt":0.1,"day":"2026-4-6","io":"inc"},{"id":"e1","ts":1775476800000,"cat":"food","amt":1,"day":"2026-4-6"},{"id":"e2","ts":1775390400000,"cat":"food","amt":0,"day":"2026-4-5"}]|1775476800000,2026-4-6
flat	[{"id":"e0","ts":1775476800000,"cat":"food","amt":0.1,"day":"2026-4-6","io":"inc"},{"id":"e1","ts":1775476800000,"cat":"food","amt":1,"day":"2026-4-6"},{"id":"e2","ts":1775390400000,"cat":"food","amt":0,"day":"2026-4-5"}]|1775476800000,2026-4-6,0
group	[{"id":"e0","ts":1775653200000,"cat":"food","amt":10.5,"day":"2026-4-8","io":"exp"},{"id":"e1","ts":1775304000000,"cat":"food","amt":1e+21,"day":"2026-4-4","io":"inc"},{"id":"e2","ts":1775476800000,"cat":"food","amt":0,"day":"2026-4-6","io":"exp"},{"id":"e3","ts":1775307600000,"cat":"food","amt":0,"day":"2026-4-5","io":"xfer"}]|1775476800000,2026-4-6
flat	[{"id":"e0","ts":1775653200000,"cat":"food","amt":10.5,"day":"2026-4-8","io":"exp"},{"id":"e1","ts":1775304000000,"cat":"food","amt":1e+21,"day":"2026-4-4","io":"inc"},{"id":"e2","ts":1775476800000,"cat":"food","amt":0,"day":"2026-4-6","io":"exp"},{"id":"e3","ts":1775307600000,"cat":"food","amt":0,"day":"2026-4-5","io":"xfer"}]|1775476800000,2026-4-6,4
group	[{"id":"e0","ts":1790938800000,"cat":"food","amt":0.2,"day":"2026-10-2","io":"inc"},{"id":"e1","ts":1791025200000,"cat":"food","amt":0,"day":"2026-10-3","io":"exp"},{"id":"e2","ts":1791032400000,"cat":"food","amt":1e-7,"day":"2026-10-3","io":"exp"},{"id":"e3","ts":1791025200000,"cat":"food","amt":0,"day":"2026-10-3","io":"xfer"},{"id":"e4","ts":1791025200000,"cat":"food","amt":10.5,"day":"2026-10-3","io":"exp"},{"id":"e5","ts":1790251200000,"cat":"food","amt":-3.25,"day":"2026-9-24","io":"inc"},{"id":"e6","ts":1791460800000,"cat":"food","amt":1e-7,"day":"2026-10-8","io":"xfer"}]|1791028800000,2026-10-3
flat	[{"id":"e0","ts":1790938800000,"cat":"food","amt":0.2,"day":"2026-10-2","io":"inc"},{"id":"e1","ts":1791025200000,"cat":"food","amt":0,"day":"2026-10-3","io":"exp"},{"id":"e2","ts":1791032400000,"cat":"food","amt":1e-7,"day":"2026-10-3","io":"exp"},{"id":"e3","ts":1791025200000,"cat":"food","amt":0,"day":"2026-10-3","io":"xfer"},{"id":"e4","ts":1791025200000,"cat":"food","amt":10.5,"day":"2026-10-3","io":"exp"},{"id":"e5","ts":1790251200000,"cat":"food","amt":-3.25,"day":"2026-9-24","io":"inc"},{"id":"e6","ts":1791460800000,"cat":"food","amt":1e-7,"day":"2026-10-8","io":"xfer"}]|1791028800000,2026-10-3,4
group	[{"id":"e0","ts":1791198000000,"cat":"food","amt":12345.678,"day":"2026-10-5","io":"exp"},{"id":"e1","ts":1791370800000,"cat":"food","amt":-3.25,"day":"2026-10-7","io":"exp"},{"id":"e2","ts":1791374400000,"cat":"food","amt":0.1,"day":"2026-10-7","io":"inc"},{"id":"e3","ts":1791201600000,"cat":"food","amt":12345.678,"day":"2026-10-5","io":"inc"},{"id":"e4","ts":1791205200000,"cat":"food","amt":1e-7,"day":"2026-10-6"},{"id":"e5","ts":1791284400000,"cat":"food","amt":1e-7,"day":"2026-10-6","io":"xfer"}]|1791201600000,2026-10-5
flat	[{"id":"e0","ts":1791198000000,"cat":"food","amt":12345.678,"day":"2026-10-5","io":"exp"},{"id":"e1","ts":1791370800000,"cat":"food","amt":-3.25,"day":"2026-10-7","io":"exp"},{"id":"e2","ts":1791374400000,"cat":"food","amt":0.1,"day":"2026-10-7","io":"inc"},{"id":"e3","ts":1791201600000,"cat":"food","amt":12345.678,"day":"2026-10-5","io":"inc"},{"id":"e4","ts":1791205200000,"cat":"food","amt":1e-7,"day":"2026-10-6"},{"id":"e5","ts":1791284400000,"cat":"food","amt":1e-7,"day":"2026-10-6","io":"xfer"}]|1791201600000,2026-10-5,1
group	[]|1791115200000,2026-10-4
flat	[]|1791115200000,2026-10-4,4
group	[{"id":"e0","ts":1787608800000,"cat":"food","amt":0.1,"day":"2026-8-25","io":"inc"},{"id":"e1","ts":1787871600000,"cat":"food","amt":12345.678,"day":"2026-8-28"}]|1787781600000,2026-8-27
flat	[{"id":"e0","ts":1787608800000,"cat":"food","amt":0.1,"day":"2026-8-25","io":"inc"},{"id":"e1","ts":1787871600000,"cat":"food","amt":12345.678,"day":"2026-8-28"}]|1787781600000,2026-8-27,3
group	[{"id":"e0","ts":1791201600000,"cat":"food","amt":1,"day":"2026-10-5"}]|1791115200000,2026-10-4
flat	[{"id":"e0","ts":1791201600000,"cat":"food","amt":1,"day":"2026-10-5"}]|1791115200000,2026-10-4,1
group	[]|1775304000000,2026-4-4
flat	[]|1775304000000,2026-4-4,1
group	[{"id":"e0","ts":1791028800000,"cat":"food","amt":0,"day":"2026-10-3","io":"inc"},{"id":"e1","ts":1791198000000,"cat":"food","amt":1e+21,"day":"2026-10-5","io":"inc"},{"id":"e2","ts":1790942400000,"cat":"food","amt":-3.25,"day":"2026-10-2","io":"inc"},{"id":"e3","ts":1790942400000,"cat":"food","amt":1e-7,"day":"2026-10-2","io":"inc"},{"id":"e4","ts":1791198000000,"cat":"food","amt":0,"day":"2026-10-5","io":"inc"},{"id":"e5","ts":1790251200000,"cat":"food","amt":12345.678,"day":"2026-9-24","io":"exp"}]|1791028800000,2026-10-3
flat	[{"id":"e0","ts":1791028800000,"cat":"food","amt":0,"day":"2026-10-3","io":"inc"},{"id":"e1","ts":1791198000000,"cat":"food","amt":1e+21,"day":"2026-10-5","io":"inc"},{"id":"e2","ts":1790942400000,"cat":"food","amt":-3.25,"day":"2026-10-2","io":"inc"},{"id":"e3","ts":1790942400000,"cat":"food","amt":1e-7,"day":"2026-10-2","io":"inc"},{"id":"e4","ts":1791198000000,"cat":"food","amt":0,"day":"2026-10-5","io":"inc"},{"id":"e5","ts":1790251200000,"cat":"food","amt":12345.678,"day":"2026-9-24","io":"exp"}]|1791028800000,2026-10-3,1
group	[{"id":"e0","ts":1791032400000,"cat":"food","amt":12345.678,"day":"2026-10-3","io":"xfer"},{"id":"e1","ts":1790251200000,"cat":"food","amt":0,"day":"2026-9-24"},{"id":"e2","ts":1790942400000,"cat":"food","amt":12345.678,"day":"2026-10-2"},{"id":"e3","ts":1790859600000,"cat":"food","amt":0.2,"day":"2026-10-1","io":"inc"},{"id":"e4","ts":1791118800000,"cat":"food","amt":12345.678,"day":"2026-10-5","io":"inc"},{"id":"e5","ts":1791028800000,"cat":"food","amt":0.2,"day":"2026-10-3","io":"exp"}]|1791028800000,2026-10-3
flat	[{"id":"e0","ts":1791032400000,"cat":"food","amt":12345.678,"day":"2026-10-3","io":"xfer"},{"id":"e1","ts":1790251200000,"cat":"food","amt":0,"day":"2026-9-24"},{"id":"e2","ts":1790942400000,"cat":"food","amt":12345.678,"day":"2026-10-2"},{"id":"e3","ts":1790859600000,"cat":"food","amt":0.2,"day":"2026-10-1","io":"inc"},{"id":"e4","ts":1791118800000,"cat":"food","amt":12345.678,"day":"2026-10-5","io":"inc"},{"id":"e5","ts":1791028800000,"cat":"food","amt":0.2,"day":"2026-10-3","io":"exp"}]|1791028800000,2026-10-3,1
group	[{"id":"e0","ts":1787544000000,"cat":"food","amt":0,"day":"2026-8-24","io":"exp"},{"id":"e1","ts":1787623200000,"cat":"food","amt":-3.25,"day":"2026-8-25","io":"inc"}]|1787713200000,2026-8-26
flat	[{"id":"e0","ts":1787544000000,"cat":"food","amt":0,"day":"2026-8-24","io":"exp"},{"id":"e1","ts":1787623200000,"cat":"food","amt":-3.25,"day":"2026-8-25","io":"inc"}]|1787713200000,2026-8-26,0
group	[{"id":"e0","ts":1791201600000,"cat":"food","amt":1e-7,"day":"2026-10-5","io":"exp"},{"id":"e1","ts":1791201600000,"cat":"food","amt":-3.25,"day":"2026-10-5","io":"xfer"}]|1791201600000,2026-10-5
flat	[{"id":"e0","ts":1791201600000,"cat":"food","amt":1e-7,"day":"2026-10-5","io":"exp"},{"id":"e1","ts":1791201600000,"cat":"food","amt":-3.25,"day":"2026-10-5","io":"xfer"}]|1791201600000,2026-10-5,0
group	[{"id":"e0","ts":1767225600000,"cat":"food","amt":0.1,"day":"2026-1-1","io":"inc"}]|1767229200000,2026-1-1
flat	[{"id":"e0","ts":1767225600000,"cat":"food","amt":0.1,"day":"2026-1-1","io":"inc"}]|1767229200000,2026-1-1,1
group	[{"id":"e0","ts":1787799600000,"cat":"food","amt":0,"day":"2026-8-27"}]|1787713200000,2026-8-26
flat	[{"id":"e0","ts":1787799600000,"cat":"food","amt":0,"day":"2026-8-27"}]|1787713200000,2026-8-26,3
group	[{"id":"e0","ts":1775307600000,"cat":"food","amt":-3.25,"day":"2026-4-5","io":"exp"},{"id":"e1","ts":1775563200000,"cat":"food","amt":1e+21,"day":"2026-4-7","io":"inc"},{"id":"e2","ts":1775221200000,"cat":"food","amt":1,"day":"2026-4-4","io":"xfer"},{"id":"e3","ts":1775304000000,"cat":"food","amt":0.1,"day":"2026-4-4","io":"inc"}]|1775390400000,2026-4-5
flat	[{"id":"e0","ts":1775307600000,"cat":"food","amt":-3.25,"day":"2026-4-5","io":"exp"},{"id":"e1","ts":1775563200000,"cat":"food","amt":1e+21,"day":"2026-4-7","io":"inc"},{"id":"e2","ts":1775221200000,"cat":"food","amt":1,"day":"2026-4-4","io":"xfer"},{"id":"e3","ts":1775304000000,"cat":"food","amt":0.1,"day":"2026-4-4","io":"inc"}]|1775390400000,2026-4-5,4
group	[{"id":"e0","ts":1787691600000,"cat":"food","amt":0.2,"day":"2026-8-26","io":"xfer"},{"id":"e1","ts":1787950800000,"cat":"food","amt":0,"day":"2026-8-29"},{"id":"e2","ts":1788210000000,"cat":"food","amt":1e-7,"day":"2026-9-1"}]|1787781600000,2026-8-27
flat	[{"id":"e0","ts":1787691600000,"cat":"food","amt":0.2,"day":"2026-8-26","io":"xfer"},{"id":"e1","ts":1787950800000,"cat":"food","amt":0,"day":"2026-8-29"},{"id":"e2","ts":1788210000000,"cat":"food","amt":1e-7,"day":"2026-9-1"}]|1787781600000,2026-8-27,4
group	[{"id":"e0","ts":1791205200000,"cat":"food","amt":0.2,"day":"2026-10-6","io":"exp"},{"id":"e1","ts":1790946000000,"cat":"food","amt":1e+21,"day":"2026-10-2","io":"inc"},{"id":"e2","ts":1790254800000,"cat":"food","amt":1e+21,"day":"2026-9-24","io":"inc"},{"id":"e3","ts":1791198000000,"cat":"food","amt":12345.678,"day":"2026-10-5","io":"inc"},{"id":"e4","ts":1791201600000,"cat":"food","amt":0.1,"day":"2026-10-5"}]|1791028800000,2026-10-3
flat	[{"id":"e0","ts":1791205200000,"cat":"food","amt":0.2,"day":"2026-10-6","io":"exp"},{"id":"e1","ts":1790946000000,"cat":"food","amt":1e+21,"day":"2026-10-2","io":"inc"},{"id":"e2","ts":1790254800000,"cat":"food","amt":1e+21,"day":"2026-9-24","io":"inc"},{"id":"e3","ts":1791198000000,"cat":"food","amt":12345.678,"day":"2026-10-5","io":"inc"},{"id":"e4","ts":1791201600000,"cat":"food","amt":0.1,"day":"2026-10-5"}]|1791028800000,2026-10-3,2
group	[{"id":"e0","ts":1791205200000,"cat":"food","amt":1e-7,"day":"2026-10-6","io":"xfer"}]|1791028800000,2026-10-3
flat	[{"id":"e0","ts":1791205200000,"cat":"food","amt":1e-7,"day":"2026-10-6","io":"xfer"}]|1791028800000,2026-10-3,4
group	[{"id":"e0","ts":1775390400000,"cat":"food","amt":0,"day":"2026-4-5","io":"xfer"},{"id":"e1","ts":1775826000000,"cat":"food","amt":1e+21,"day":"2026-4-10"},{"id":"e2","ts":1775822400000,"cat":"food","amt":-3.25,"day":"2026-4-10"}]|1775390400000,2026-4-5
flat	[{"id":"e0","ts":1775390400000,"cat":"food","amt":0,"day":"2026-4-5","io":"xfer"},{"id":"e1","ts":1775826000000,"cat":"food","amt":1e+21,"day":"2026-4-10"},{"id":"e2","ts":1775822400000,"cat":"food","amt":-3.25,"day":"2026-4-10"}]|1775390400000,2026-4-5,0
group	[{"id":"e0","ts":1790852400000,"cat":"food","amt":12345.678,"day":"2026-10-1","io":"inc"}]|1791028800000,2026-10-3
flat	[{"id":"e0","ts":1790852400000,"cat":"food","amt":12345.678,"day":"2026-10-1","io":"inc"}]|1791028800000,2026-10-3,1
group	[{"id":"e0","ts":1775476800000,"cat":"food","amt":1,"day":"2026-4-6","io":"xfer"},{"id":"e1","ts":1775221200000,"cat":"food","amt":1,"day":"2026-4-4","io":"inc"},{"id":"e2","ts":1775131200000,"cat":"food","amt":1,"day":"2026-4-2","io":"inc"},{"id":"e3","ts":1775307600000,"cat":"food","amt":0.1,"day":"2026-4-5","io":"xfer"},{"id":"e4","ts":1775476800000,"cat":"food","amt":10.5,"day":"2026-4-6"},{"id":"e5","ts":1775131200000,"cat":"food","amt":1e+21,"day":"2026-4-2","io":"xfer"},{"id":"e6","ts":1775134800000,"cat":"food","amt":-3.25,"day":"2026-4-3"}]|1775304000000,2026-4-4
flat	[{"id":"e0","ts":1775476800000,"cat":"food","amt":1,"day":"2026-4-6","io":"xfer"},{"id":"e1","ts":1775221200000,"cat":"food","amt":1,"day":"2026-4-4","io":"inc"},{"id":"e2","ts":1775131200000,"cat":"food","amt":1,"day":"2026-4-2","io":"inc"},{"id":"e3","ts":1775307600000,"cat":"food","amt":0.1,"day":"2026-4-5","io":"xfer"},{"id":"e4","ts":1775476800000,"cat":"food","amt":10.5,"day":"2026-4-6"},{"id":"e5","ts":1775131200000,"cat":"food","amt":1e+21,"day":"2026-4-2","io":"xfer"},{"id":"e6","ts":1775134800000,"cat":"food","amt":-3.25,"day":"2026-4-3"}]|1775304000000,2026-4-4,3
group	[{"id":"e0","ts":1775300400000,"cat":"food","amt":1e-7,"day":"2026-4-4","io":"xfer"},{"id":"e1","ts":1775304000000,"cat":"food","amt":1e+21,"day":"2026-4-4","io":"xfer"},{"id":"e2","ts":1775386800000,"cat":"food","amt":1e+21,"day":"2026-4-5","io":"exp"},{"id":"e3","ts":1775304000000,"cat":"food","amt":0,"day":"2026-4-4","io":"xfer"}]|1775304000000,2026-4-4
flat	[{"id":"e0","ts":1775300400000,"cat":"food","amt":1e-7,"day":"2026-4-4","io":"xfer"},{"id":"e1","ts":1775304000000,"cat":"food","amt":1e+21,"day":"2026-4-4","io":"xfer"},{"id":"e2","ts":1775386800000,"cat":"food","amt":1e+21,"day":"2026-4-5","io":"exp"},{"id":"e3","ts":1775304000000,"cat":"food","amt":0,"day":"2026-4-4","io":"xfer"}]|1775304000000,2026-4-4,3
group	[{"id":"e0","ts":1775736000000,"cat":"food","amt":0,"day":"2026-4-9","io":"exp"},{"id":"e1","ts":1775736000000,"cat":"food","amt":10.5,"day":"2026-4-9","io":"exp"},{"id":"e2","ts":1774526400000,"cat":"food","amt":1,"day":"2026-3-26","io":"xfer"},{"id":"e3","ts":1774530000000,"cat":"food","amt":10.5,"day":"2026-3-27","io":"exp"},{"id":"e4","ts":1775300400000,"cat":"food","amt":1e-7,"day":"2026-4-4","io":"exp"},{"id":"e5","ts":1775131200000,"cat":"food","amt":1e-7,"day":"2026-4-2","io":"exp"}]|1775304000000,2026-4-4
flat	[{"id":"e0","ts":1775736000000,"cat":"food","amt":0,"day":"2026-4-9","io":"exp"},{"id":"e1","ts":1775736000000,"cat":"food","amt":10.5,"day":"2026-4-9","io":"exp"},{"id":"e2","ts":1774526400000,"cat":"food","amt":1,"day":"2026-3-26","io":"xfer"},{"id":"e3","ts":1774530000000,"cat":"food","amt":10.5,"day":"2026-3-27","io":"exp"},{"id":"e4","ts":1775300400000,"cat":"food","amt":1e-7,"day":"2026-4-4","io":"exp"},{"id":"e5","ts":1775131200000,"cat":"food","amt":1e-7,"day":"2026-4-2","io":"exp"}]|1775304000000,2026-4-4,4
group	[{"id":"e0","ts":1791205200000,"cat":"food","amt":-3.25,"day":"2026-10-6","io":"inc"}]|1791115200000,2026-10-4
flat	[{"id":"e0","ts":1791205200000,"cat":"food","amt":-3.25,"day":"2026-10-6","io":"inc"}]|1791115200000,2026-10-4,1
group	[{"id":"e0","ts":1787713200000,"cat":"food","amt":0,"day":"2026-8-26","io":"xfer"}]|1787713200000,2026-8-26
flat	[{"id":"e0","ts":1787713200000,"cat":"food","amt":0,"day":"2026-8-26","io":"xfer"}]|1787713200000,2026-8-26,4
group	[{"id":"e0","ts":1767621600000,"cat":"food","amt":12345.678,"day":"2026-1-6"},{"id":"e1","ts":1767186000000,"cat":"food","amt":10.5,"day":"2026-1-1"},{"id":"e2","ts":1767276000000,"cat":"food","amt":1e+21,"day":"2026-1-2","io":"inc"}]|1767186000000,2026-1-1
flat	[{"id":"e0","ts":1767621600000,"cat":"food","amt":12345.678,"day":"2026-1-6"},{"id":"e1","ts":1767186000000,"cat":"food","amt":10.5,"day":"2026-1-1"},{"id":"e2","ts":1767276000000,"cat":"food","amt":1e+21,"day":"2026-1-2","io":"inc"}]|1767186000000,2026-1-1,1
group	[{"id":"e0","ts":1775390400000,"cat":"food","amt":1,"day":"2026-4-5","io":"inc"},{"id":"e1","ts":1775822400000,"cat":"food","amt":1,"day":"2026-4-10","io":"exp"},{"id":"e2","ts":1775822400000,"cat":"food","amt":0.2,"day":"2026-4-10","io":"inc"},{"id":"e3","ts":1775307600000,"cat":"food","amt":1,"day":"2026-4-5"},{"id":"e4","ts":1775304000000,"cat":"food","amt":12345.678,"day":"2026-4-4","io":"inc"},{"id":"e5","ts":1774616400000,"cat":"food","amt":1e-7,"day":"2026-3-28"},{"id":"e6","ts":1774609200000,"cat":"food","amt":1,"day":"2026-3-27","io":"exp"}]|1775390400000,2026-4-5
flat	[{"id":"e0","ts":1775390400000,"cat":"food","amt":1,"day":"2026-4-5","io":"inc"},{"id":"e1","ts":1775822400000,"cat":"food","amt":1,"day":"2026-4-10","io":"exp"},{"id":"e2","ts":1775822400000,"cat":"food","amt":0.2,"day":"2026-4-10","io":"inc"},{"id":"e3","ts":1775307600000,"cat":"food","amt":1,"day":"2026-4-5"},{"id":"e4","ts":1775304000000,"cat":"food","amt":12345.678,"day":"2026-4-4","io":"inc"},{"id":"e5","ts":1774616400000,"cat":"food","amt":1e-7,"day":"2026-3-28"},{"id":"e6","ts":1774609200000,"cat":"food","amt":1,"day":"2026-3-27","io":"exp"}]|1775390400000,2026-4-5,0
group	[{"id":"e0","ts":1791115200000,"cat":"food","amt":-3.25,"day":"2026-10-4","io":"xfer"}]|1791115200000,2026-10-4
flat	[{"id":"e0","ts":1791115200000,"cat":"food","amt":-3.25,"day":"2026-10-4","io":"xfer"}]|1791115200000,2026-10-4,1
group	[{"id":"e0","ts":1775221200000,"cat":"food","amt":1e-7,"day":"2026-4-4","io":"inc"},{"id":"e1","ts":1774526400000,"cat":"food","amt":10.5,"day":"2026-3-26"},{"id":"e2","ts":1775480400000,"cat":"food","amt":1e-7,"day":"2026-4-6","io":"exp"},{"id":"e3","ts":1775473200000,"cat":"food","amt":0.1,"day":"2026-4-6","io":"xfer"},{"id":"e4","ts":1775131200000,"cat":"food","amt":0,"day":"2026-4-2","io":"xfer"},{"id":"e5","ts":1775217600000,"cat":"food","amt":0,"day":"2026-4-3"}]|1775304000000,2026-4-4
flat	[{"id":"e0","ts":1775221200000,"cat":"food","amt":1e-7,"day":"2026-4-4","io":"inc"},{"id":"e1","ts":1774526400000,"cat":"food","amt":10.5,"day":"2026-3-26"},{"id":"e2","ts":1775480400000,"cat":"food","amt":1e-7,"day":"2026-4-6","io":"exp"},{"id":"e3","ts":1775473200000,"cat":"food","amt":0.1,"day":"2026-4-6","io":"xfer"},{"id":"e4","ts":1775131200000,"cat":"food","amt":0,"day":"2026-4-2","io":"xfer"},{"id":"e5","ts":1775217600000,"cat":"food","amt":0,"day":"2026-4-3"}]|1775304000000,2026-4-4,1
group	[{"id":"e0","ts":1775739600000,"cat":"food","amt":0.2,"day":"2026-4-9","io":"exp"},{"id":"e1","ts":1775307600000,"cat":"food","amt":0.1,"day":"2026-4-5"},{"id":"e2","ts":1775131200000,"cat":"food","amt":0,"day":"2026-4-2","io":"xfer"},{"id":"e3","ts":1775739600000,"cat":"food","amt":1,"day":"2026-4-9","io":"exp"}]|1775304000000,2026-4-4
flat	[{"id":"e0","ts":1775739600000,"cat":"food","amt":0.2,"day":"2026-4-9","io":"exp"},{"id":"e1","ts":1775307600000,"cat":"food","amt":0.1,"day":"2026-4-5"},{"id":"e2","ts":1775131200000,"cat":"food","amt":0,"day":"2026-4-2","io":"xfer"},{"id":"e3","ts":1775739600000,"cat":"food","amt":1,"day":"2026-4-9","io":"exp"}]|1775304000000,2026-4-4,3
group	[{"id":"e0","ts":1788213600000,"cat":"food","amt":1,"day":"2026-9-1","io":"xfer"},{"id":"e1","ts":1787605200000,"cat":"food","amt":1e-7,"day":"2026-8-25","io":"inc"},{"id":"e2","ts":1787950800000,"cat":"food","amt":1,"day":"2026-8-29","io":"exp"},{"id":"e3","ts":1788210000000,"cat":"food","amt":0,"day":"2026-9-1"},{"id":"e4","ts":1787954400000,"cat":"food","amt":12345.678,"day":"2026-8-29","io":"inc"},{"id":"e5","ts":1787778000000,"cat":"food","amt":0,"day":"2026-8-27","io":"xfer"},{"id":"e6","ts":1787608800000,"cat":"food","amt":0.1,"day":"2026-8-25","io":"xfer"}]|1787781600000,2026-8-27
flat	[{"id":"e0","ts":1788213600000,"cat":"food","amt":1,"day":"2026-9-1","io":"xfer"},{"id":"e1","ts":1787605200000,"cat":"food","amt":1e-7,"day":"2026-8-25","io":"inc"},{"id":"e2","ts":1787950800000,"cat":"food","amt":1,"day":"2026-8-29","io":"exp"},{"id":"e3","ts":1788210000000,"cat":"food","amt":0,"day":"2026-9-1"},{"id":"e4","ts":1787954400000,"cat":"food","amt":12345.678,"day":"2026-8-29","io":"inc"},{"id":"e5","ts":1787778000000,"cat":"food","amt":0,"day":"2026-8-27","io":"xfer"},{"id":"e6","ts":1787608800000,"cat":"food","amt":0.1,"day":"2026-8-25","io":"xfer"}]|1787781600000,2026-8-27,2
group	[{"id":"e0","ts":1791460800000,"cat":"food","amt":12345.678,"day":"2026-10-8","io":"xfer"},{"id":"e1","ts":1791115200000,"cat":"food","amt":-3.25,"day":"2026-10-4","io":"inc"},{"id":"e2","ts":1791025200000,"cat":"food","amt":1,"day":"2026-10-3","io":"xfer"}]|1791028800000,2026-10-3
flat	[{"id":"e0","ts":1791460800000,"cat":"food","amt":12345.678,"day":"2026-10-8","io":"xfer"},{"id":"e1","ts":1791115200000,"cat":"food","amt":-3.25,"day":"2026-10-4","io":"inc"},{"id":"e2","ts":1791025200000,"cat":"food","amt":1,"day":"2026-10-3","io":"xfer"}]|1791028800000,2026-10-3,0
group	[{"id":"e0","ts":1767268800000,"cat":"food","amt":-3.25,"day":"2026-1-1","io":"xfer"},{"id":"e1","ts":1767182400000,"cat":"food","amt":0.2,"day":"2025-12-31","io":"inc"},{"id":"e2","ts":1766404800000,"cat":"food","amt":1,"day":"2025-12-22","io":"xfer"}]|1767186000000,2026-1-1
flat	[{"id":"e0","ts":1767268800000,"cat":"food","amt":-3.25,"day":"2026-1-1","io":"xfer"},{"id":"e1","ts":1767182400000,"cat":"food","amt":0.2,"day":"2025-12-31","io":"inc"},{"id":"e2","ts":1766404800000,"cat":"food","amt":1,"day":"2025-12-22","io":"xfer"}]|1767186000000,2026-1-1,0
group	[{"id":"e0","ts":1787713200000,"cat":"food","amt":12345.678,"day":"2026-8-26","io":"inc"},{"id":"e1","ts":1787796000000,"cat":"food","amt":1,"day":"2026-8-27","io":"xfer"},{"id":"e2","ts":1787882400000,"cat":"food","amt":1e-7,"day":"2026-8-28","io":"xfer"}]|1787713200000,2026-8-26
flat	[{"id":"e0","ts":1787713200000,"cat":"food","amt":12345.678,"day":"2026-8-26","io":"inc"},{"id":"e1","ts":1787796000000,"cat":"food","amt":1,"day":"2026-8-27","io":"xfer"},{"id":"e2","ts":1787882400000,"cat":"food","amt":1e-7,"day":"2026-8-28","io":"xfer"}]|1787713200000,2026-8-26,0
group	[{"id":"e0","ts":1787608800000,"cat":"food","amt":1e+21,"day":"2026-8-25"},{"id":"e1","ts":1787778000000,"cat":"food","amt":-3.25,"day":"2026-8-27"},{"id":"e2","ts":1787778000000,"cat":"food","amt":10.5,"day":"2026-8-27","io":"xfer"},{"id":"e3","ts":1787868000000,"cat":"food","amt":0.2,"day":"2026-8-28","io":"xfer"},{"id":"e4","ts":1787695200000,"cat":"food","amt":12345.678,"day":"2026-8-26","io":"inc"}]|1787781600000,2026-8-27
flat	[{"id":"e0","ts":1787608800000,"cat":"food","amt":1e+21,"day":"2026-8-25"},{"id":"e1","ts":1787778000000,"cat":"food","amt":-3.25,"day":"2026-8-27"},{"id":"e2","ts":1787778000000,"cat":"food","amt":10.5,"day":"2026-8-27","io":"xfer"},{"id":"e3","ts":1787868000000,"cat":"food","amt":0.2,"day":"2026-8-28","io":"xfer"},{"id":"e4","ts":1787695200000,"cat":"food","amt":12345.678,"day":"2026-8-26","io":"inc"}]|1787781600000,2026-8-27,0
group	[{"id":"e0","ts":1791032400000,"cat":"food","amt":12345.678,"day":"2026-10-3","io":"inc"},{"id":"e1","ts":1790251200000,"cat":"food","amt":1e-7,"day":"2026-9-24","io":"exp"},{"id":"e2","ts":1790942400000,"cat":"food","amt":0,"day":"2026-10-2","io":"exp"},{"id":"e3","ts":1791025200000,"cat":"food","amt":1e-7,"day":"2026-10-3","io":"xfer"}]|1791028800000,2026-10-3
flat	[{"id":"e0","ts":1791032400000,"cat":"food","amt":12345.678,"day":"2026-10-3","io":"inc"},{"id":"e1","ts":1790251200000,"cat":"food","amt":1e-7,"day":"2026-9-24","io":"exp"},{"id":"e2","ts":1790942400000,"cat":"food","amt":0,"day":"2026-10-2","io":"exp"},{"id":"e3","ts":1791025200000,"cat":"food","amt":1e-7,"day":"2026-10-3","io":"xfer"}]|1791028800000,2026-10-3,1
group	[{"id":"e0","ts":1775131200000,"cat":"food","amt":0,"day":"2026-4-2","io":"exp"},{"id":"e1","ts":1775304000000,"cat":"food","amt":12345.678,"day":"2026-4-4","io":"inc"},{"id":"e2","ts":1775217600000,"cat":"food","amt":0,"day":"2026-4-3","io":"xfer"},{"id":"e3","ts":1775127600000,"cat":"food","amt":1,"day":"2026-4-2"}]|1775304000000,2026-4-4
flat	[{"id":"e0","ts":1775131200000,"cat":"food","amt":0,"day":"2026-4-2","io":"exp"},{"id":"e1","ts":1775304000000,"cat":"food","amt":12345.678,"day":"2026-4-4","io":"inc"},{"id":"e2","ts":1775217600000,"cat":"food","amt":0,"day":"2026-4-3","io":"xfer"},{"id":"e3","ts":1775127600000,"cat":"food","amt":1,"day":"2026-4-2"}]|1775304000000,2026-4-4,0
group	[{"id":"e0","ts":1791201600000,"cat":"food","amt":1e-7,"day":"2026-10-5"},{"id":"e1","ts":1791025200000,"cat":"food","amt":10.5,"day":"2026-10-3"}]|1791201600000,2026-10-5
flat	[{"id":"e0","ts":1791201600000,"cat":"food","amt":1e-7,"day":"2026-10-5"},{"id":"e1","ts":1791025200000,"cat":"food","amt":10.5,"day":"2026-10-3"}]|1791201600000,2026-10-5,2
group	[{"id":"e0","ts":1787954400000,"cat":"food","amt":0.1,"day":"2026-8-29"},{"id":"e1","ts":1787785200000,"cat":"food","amt":1,"day":"2026-8-27","io":"xfer"},{"id":"e2","ts":1787608800000,"cat":"food","amt":1e-7,"day":"2026-8-25","io":"inc"},{"id":"e3","ts":1787958000000,"cat":"food","amt":0,"day":"2026-8-29"},{"id":"e4","ts":1787781600000,"cat":"food","amt":-3.25,"day":"2026-8-27","io":"exp"}]|1787781600000,2026-8-27
flat	[{"id":"e0","ts":1787954400000,"cat":"food","amt":0.1,"day":"2026-8-29"},{"id":"e1","ts":1787785200000,"cat":"food","amt":1,"day":"2026-8-27","io":"xfer"},{"id":"e2","ts":1787608800000,"cat":"food","amt":1e-7,"day":"2026-8-25","io":"inc"},{"id":"e3","ts":1787958000000,"cat":"food","amt":0,"day":"2026-8-29"},{"id":"e4","ts":1787781600000,"cat":"food","amt":-3.25,"day":"2026-8-27","io":"exp"}]|1787781600000,2026-8-27,3
group	[{"id":"e0","ts":1791457200000,"cat":"food","amt":12345.678,"day":"2026-10-8"},{"id":"e1","ts":1791028800000,"cat":"food","amt":-3.25,"day":"2026-10-3","io":"xfer"},{"id":"e2","ts":1790251200000,"cat":"food","amt":1,"day":"2026-9-24","io":"exp"},{"id":"e3","ts":1791460800000,"cat":"food","amt":0,"day":"2026-10-8","io":"xfer"}]|1791028800000,2026-10-3
flat	[{"id":"e0","ts":1791457200000,"cat":"food","amt":12345.678,"day":"2026-10-8"},{"id":"e1","ts":1791028800000,"cat":"food","amt":-3.25,"day":"2026-10-3","io":"xfer"},{"id":"e2","ts":1790251200000,"cat":"food","amt":1,"day":"2026-9-24","io":"exp"},{"id":"e3","ts":1791460800000,"cat":"food","amt":0,"day":"2026-10-8","io":"xfer"}]|1791028800000,2026-10-3,0
group	[{"id":"e0","ts":1791115200000,"cat":"food","amt":0.1,"day":"2026-10-4","io":"exp"},{"id":"e1","ts":1790254800000,"cat":"food","amt":1e+21,"day":"2026-9-24","io":"inc"}]|1791028800000,2026-10-3
flat	[{"id":"e0","ts":1791115200000,"cat":"food","amt":0.1,"day":"2026-10-4","io":"exp"},{"id":"e1","ts":1790254800000,"cat":"food","amt":1e+21,"day":"2026-9-24","io":"inc"}]|1791028800000,2026-10-3,1
group	[{"id":"e0","ts":1791198000000,"cat":"food","amt":0,"day":"2026-10-5"},{"id":"e1","ts":1791115200000,"cat":"food","amt":1,"day":"2026-10-4","io":"xfer"},{"id":"e2","ts":1790946000000,"cat":"food","amt":1e+21,"day":"2026-10-2"},{"id":"e3","ts":1791460800000,"cat":"food","amt":1e+21,"day":"2026-10-8","io":"inc"},{"id":"e4","ts":1791464400000,"cat":"food","amt":0,"day":"2026-10-9","io":"exp"}]|1791028800000,2026-10-3
flat	[{"id":"e0","ts":1791198000000,"cat":"food","amt":0,"day":"2026-10-5"},{"id":"e1","ts":1791115200000,"cat":"food","amt":1,"day":"2026-10-4","io":"xfer"},{"id":"e2","ts":1790946000000,"cat":"food","amt":1e+21,"day":"2026-10-2"},{"id":"e3","ts":1791460800000,"cat":"food","amt":1e+21,"day":"2026-10-8","io":"inc"},{"id":"e4","ts":1791464400000,"cat":"food","amt":0,"day":"2026-10-9","io":"exp"}]|1791028800000,2026-10-3,1
group	[{"id":"e0","ts":1774530000000,"cat":"food","amt":-3.25,"day":"2026-3-27"}]|1775304000000,2026-4-4
flat	[{"id":"e0","ts":1774530000000,"cat":"food","amt":-3.25,"day":"2026-3-27"}]|1775304000000,2026-4-4,4
group	[{"id":"e0","ts":1775217600000,"cat":"food","amt":12345.678,"day":"2026-4-3","io":"exp"},{"id":"e1","ts":1775390400000,"cat":"food","amt":1e+21,"day":"2026-4-5","io":"exp"},{"id":"e2","ts":1775307600000,"cat":"food","amt":10.5,"day":"2026-4-5","io":"exp"},{"id":"e3","ts":1774526400000,"cat":"food","amt":1e+21,"day":"2026-3-26"},{"id":"e4","ts":1775221200000,"cat":"food","amt":-3.25,"day":"2026-4-4"},{"id":"e5","ts":1775473200000,"cat":"food","amt":0,"day":"2026-4-6","io":"inc"},{"id":"e6","ts":1775736000000,"cat":"food","amt":-3.25,"day":"2026-4-9","io":"xfer"}]|1775304000000,2026-4-4
flat	[{"id":"e0","ts":1775217600000,"cat":"food","amt":12345.678,"day":"2026-4-3","io":"exp"},{"id":"e1","ts":1775390400000,"cat":"food","amt":1e+21,"day":"2026-4-5","io":"exp"},{"id":"e2","ts":1775307600000,"cat":"food","amt":10.5,"day":"2026-4-5","io":"exp"},{"id":"e3","ts":1774526400000,"cat":"food","amt":1e+21,"day":"2026-3-26"},{"id":"e4","ts":1775221200000,"cat":"food","amt":-3.25,"day":"2026-4-4"},{"id":"e5","ts":1775473200000,"cat":"food","amt":0,"day":"2026-4-6","io":"inc"},{"id":"e6","ts":1775736000000,"cat":"food","amt":-3.25,"day":"2026-4-9","io":"xfer"}]|1775304000000,2026-4-4,1
group	[{"id":"e0","ts":1787778000000,"cat":"food","amt":1,"day":"2026-8-27","io":"inc"},{"id":"e1","ts":1787864400000,"cat":"food","amt":10.5,"day":"2026-8-28","io":"exp"},{"id":"e2","ts":1787785200000,"cat":"food","amt":0.2,"day":"2026-8-27"},{"id":"e3","ts":1787864400000,"cat":"food","amt":1e+21,"day":"2026-8-28"},{"id":"e4","ts":1787785200000,"cat":"food","amt":0.1,"day":"2026-8-27","io":"inc"},{"id":"e5","ts":1787612400000,"cat":"food","amt":0,"day":"2026-8-25"},{"id":"e6","ts":1787781600000,"cat":"food","amt":-3.25,"day":"2026-8-27"}]|1787781600000,2026-8-27
flat	[{"id":"e0","ts":1787778000000,"cat":"food","amt":1,"day":"2026-8-27","io":"inc"},{"id":"e1","ts":1787864400000,"cat":"food","amt":10.5,"day":"2026-8-28","io":"exp"},{"id":"e2","ts":1787785200000,"cat":"food","amt":0.2,"day":"2026-8-27"},{"id":"e3","ts":1787864400000,"cat":"food","amt":1e+21,"day":"2026-8-28"},{"id":"e4","ts":1787785200000,"cat":"food","amt":0.1,"day":"2026-8-27","io":"inc"},{"id":"e5","ts":1787612400000,"cat":"food","amt":0,"day":"2026-8-25"},{"id":"e6","ts":1787781600000,"cat":"food","amt":-3.25,"day":"2026-8-27"}]|1787781600000,2026-8-27,2
group	[]|1767229200000,2026-1-1
flat	[]|1767229200000,2026-1-1,4
group	[{"id":"e0","ts":1767142800000,"cat":"food","amt":10.5,"day":"2025-12-31","io":"xfer"},{"id":"e1","ts":1767405600000,"cat":"food","amt":1e-7,"day":"2026-1-3","io":"inc"},{"id":"e2","ts":1767146400000,"cat":"food","amt":0,"day":"2025-12-31"},{"id":"e3","ts":1767402000000,"cat":"food","amt":0.2,"day":"2026-1-3"},{"id":"e4","ts":1767225600000,"cat":"food","amt":1e-7,"day":"2026-1-1","io":"exp"},{"id":"e5","ts":1767319200000,"cat":"food","amt":1,"day":"2026-1-2","io":"inc"},{"id":"e6","ts":1767405600000,"cat":"food","amt":12345.678,"day":"2026-1-3"}]|1767229200000,2026-1-1
flat	[{"id":"e0","ts":1767142800000,"cat":"food","amt":10.5,"day":"2025-12-31","io":"xfer"},{"id":"e1","ts":1767405600000,"cat":"food","amt":1e-7,"day":"2026-1-3","io":"inc"},{"id":"e2","ts":1767146400000,"cat":"food","amt":0,"day":"2025-12-31"},{"id":"e3","ts":1767402000000,"cat":"food","amt":0.2,"day":"2026-1-3"},{"id":"e4","ts":1767225600000,"cat":"food","amt":1e-7,"day":"2026-1-1","io":"exp"},{"id":"e5","ts":1767319200000,"cat":"food","amt":1,"day":"2026-1-2","io":"inc"},{"id":"e6","ts":1767405600000,"cat":"food","amt":12345.678,"day":"2026-1-3"}]|1767229200000,2026-1-1,3
group	[{"id":"e0","ts":1775394000000,"cat":"food","amt":-3.25,"day":"2026-4-5","io":"xfer"},{"id":"e1","ts":1774695600000,"cat":"food","amt":12345.678,"day":"2026-3-28"},{"id":"e2","ts":1775566800000,"cat":"food","amt":0,"day":"2026-4-7","io":"exp"},{"id":"e3","ts":1775307600000,"cat":"food","amt":0,"day":"2026-4-5","io":"xfer"},{"id":"e4","ts":1775559600000,"cat":"food","amt":0.2,"day":"2026-4-7","io":"inc"},{"id":"e5","ts":1775473200000,"cat":"food","amt":10.5,"day":"2026-4-6","io":"inc"},{"id":"e6","ts":1775559600000,"cat":"food","amt":0.1,"day":"2026-4-7","io":"xfer"}]|1775476800000,2026-4-6
flat	[{"id":"e0","ts":1775394000000,"cat":"food","amt":-3.25,"day":"2026-4-5","io":"xfer"},{"id":"e1","ts":1774695600000,"cat":"food","amt":12345.678,"day":"2026-3-28"},{"id":"e2","ts":1775566800000,"cat":"food","amt":0,"day":"2026-4-7","io":"exp"},{"id":"e3","ts":1775307600000,"cat":"food","amt":0,"day":"2026-4-5","io":"xfer"},{"id":"e4","ts":1775559600000,"cat":"food","amt":0.2,"day":"2026-4-7","io":"inc"},{"id":"e5","ts":1775473200000,"cat":"food","amt":10.5,"day":"2026-4-6","io":"inc"},{"id":"e6","ts":1775559600000,"cat":"food","amt":0.1,"day":"2026-4-7","io":"xfer"}]|1775476800000,2026-4-6,0
group	[{"id":"e0","ts":1775566800000,"cat":"food","amt":1,"day":"2026-4-7","io":"xfer"},{"id":"e1","ts":1775473200000,"cat":"food","amt":12345.678,"day":"2026-4-6","io":"inc"},{"id":"e2","ts":1775390400000,"cat":"food","amt":1e+21,"day":"2026-4-5","io":"xfer"},{"id":"e3","ts":1775390400000,"cat":"food","amt":0.1,"day":"2026-4-5","io":"inc"},{"id":"e4","ts":1775217600000,"cat":"food","amt":0.2,"day":"2026-4-3","io":"exp"},{"id":"e5","ts":1775214000000,"cat":"food","amt":10.5,"day":"2026-4-3"},{"id":"e6","ts":1775304000000,"cat":"food","amt":1e-7,"day":"2026-4-4","io":"xfer"}]|1775390400000,2026-4-5
flat	[{"id":"e0","ts":1775566800000,"cat":"food","amt":1,"day":"2026-4-7","io":"xfer"},{"id":"e1","ts":1775473200000,"cat":"food","amt":12345.678,"day":"2026-4-6","io":"inc"},{"id":"e2","ts":1775390400000,"cat":"food","amt":1e+21,"day":"2026-4-5","io":"xfer"},{"id":"e3","ts":1775390400000,"cat":"food","amt":0.1,"day":"2026-4-5","io":"inc"},{"id":"e4","ts":1775217600000,"cat":"food","amt":0.2,"day":"2026-4-3","io":"exp"},{"id":"e5","ts":1775214000000,"cat":"food","amt":10.5,"day":"2026-4-3"},{"id":"e6","ts":1775304000000,"cat":"food","amt":1e-7,"day":"2026-4-4","io":"xfer"}]|1775390400000,2026-4-5,1
group	[{"id":"e0","ts":1775214000000,"cat":"food","amt":0.1,"day":"2026-4-3"},{"id":"e1","ts":1775476800000,"cat":"food","amt":0.1,"day":"2026-4-6"},{"id":"e2","ts":1775300400000,"cat":"food","amt":-3.25,"day":"2026-4-4","io":"inc"},{"id":"e3","ts":1775480400000,"cat":"food","amt":0.1,"day":"2026-4-6","io":"inc"},{"id":"e4","ts":1774522800000,"cat":"food","amt":1,"day":"2026-3-26","io":"xfer"}]|1775304000000,2026-4-4
flat	[{"id":"e0","ts":1775214000000,"cat":"food","amt":0.1,"day":"2026-4-3"},{"id":"e1","ts":1775476800000,"cat":"food","amt":0.1,"day":"2026-4-6"},{"id":"e2","ts":1775300400000,"cat":"food","amt":-3.25,"day":"2026-4-4","io":"inc"},{"id":"e3","ts":1775480400000,"cat":"food","amt":0.1,"day":"2026-4-6","io":"inc"},{"id":"e4","ts":1774522800000,"cat":"food","amt":1,"day":"2026-3-26","io":"xfer"}]|1775304000000,2026-4-4,1
group	[{"id":"e0","ts":1775480400000,"cat":"food","amt":-3.25,"day":"2026-4-6","io":"exp"},{"id":"e1","ts":1775818800000,"cat":"food","amt":-3.25,"day":"2026-4-10"},{"id":"e2","ts":1774612800000,"cat":"food","amt":0.1,"day":"2026-3-27","io":"xfer"},{"id":"e3","ts":1775394000000,"cat":"food","amt":10.5,"day":"2026-4-5"}]|1775390400000,2026-4-5
flat	[{"id":"e0","ts":1775480400000,"cat":"food","amt":-3.25,"day":"2026-4-6","io":"exp"},{"id":"e1","ts":1775818800000,"cat":"food","amt":-3.25,"day":"2026-4-10"},{"id":"e2","ts":1774612800000,"cat":"food","amt":0.1,"day":"2026-3-27","io":"xfer"},{"id":"e3","ts":1775394000000,"cat":"food","amt":10.5,"day":"2026-4-5"}]|1775390400000,2026-4-5,1
group	[{"id":"e0","ts":1767099600000,"cat":"food","amt":-3.25,"day":"2025-12-31","io":"xfer"},{"id":"e1","ts":1767618000000,"cat":"food","amt":12345.678,"day":"2026-1-6","io":"xfer"},{"id":"e2","ts":1766412000000,"cat":"food","amt":0.1,"day":"2025-12-23","io":"inc"},{"id":"e3","ts":1767096000000,"cat":"food","amt":10.5,"day":"2025-12-30","io":"xfer"}]|1767186000000,2026-1-1
flat	[{"id":"e0","ts":1767099600000,"cat":"food","amt":-3.25,"day":"2025-12-31","io":"xfer"},{"id":"e1","ts":1767618000000,"cat":"food","amt":12345.678,"day":"2026-1-6","io":"xfer"},{"id":"e2","ts":1766412000000,"cat":"food","amt":0.1,"day":"2025-12-23","io":"inc"},{"id":"e3","ts":1767096000000,"cat":"food","amt":10.5,"day":"2025-12-30","io":"xfer"}]|1767186000000,2026-1-1,1
group	[{"id":"e0","ts":1775127600000,"cat":"food","amt":1e+21,"day":"2026-4-2","io":"exp"},{"id":"e1","ts":1774526400000,"cat":"food","amt":0,"day":"2026-3-26","io":"xfer"},{"id":"e2","ts":1775476800000,"cat":"food","amt":0.2,"day":"2026-4-6","io":"inc"}]|1775304000000,2026-4-4
flat	[{"id":"e0","ts":1775127600000,"cat":"food","amt":1e+21,"day":"2026-4-2","io":"exp"},{"id":"e1","ts":1774526400000,"cat":"food","amt":0,"day":"2026-3-26","io":"xfer"},{"id":"e2","ts":1775476800000,"cat":"food","amt":0.2,"day":"2026-4-6","io":"inc"}]|1775304000000,2026-4-4,3
group	[{"id":"e0","ts":1788145200000,"cat":"food","amt":0,"day":"2026-8-31","io":"exp"},{"id":"e1","ts":1787630400000,"cat":"food","amt":10.5,"day":"2026-8-25","io":"exp"},{"id":"e2","ts":1786935600000,"cat":"food","amt":0.2,"day":"2026-8-17","io":"inc"},{"id":"e3","ts":1787796000000,"cat":"food","amt":10.5,"day":"2026-8-27","io":"exp"},{"id":"e4","ts":1787540400000,"cat":"food","amt":0,"day":"2026-8-24","io":"exp"},{"id":"e5","ts":1787886000000,"cat":"food","amt":0,"day":"2026-8-28","io":"inc"}]|1787713200000,2026-8-26
flat	[{"id":"e0","ts":1788145200000,"cat":"food","amt":0,"day":"2026-8-31","io":"exp"},{"id":"e1","ts":1787630400000,"cat":"food","amt":10.5,"day":"2026-8-25","io":"exp"},{"id":"e2","ts":1786935600000,"cat":"food","amt":0.2,"day":"2026-8-17","io":"inc"},{"id":"e3","ts":1787796000000,"cat":"food","amt":10.5,"day":"2026-8-27","io":"exp"},{"id":"e4","ts":1787540400000,"cat":"food","amt":0,"day":"2026-8-24","io":"exp"},{"id":"e5","ts":1787886000000,"cat":"food","amt":0,"day":"2026-8-28","io":"inc"}]|1787713200000,2026-8-26,2
group	[{"id":"e0","ts":1791205200000,"cat":"food","amt":0.2,"day":"2026-10-6","io":"inc"},{"id":"e1","ts":1791025200000,"cat":"food","amt":-3.25,"day":"2026-10-3","io":"xfer"},{"id":"e2","ts":1791111600000,"cat":"food","amt":-3.25,"day":"2026-10-4"}]|1791028800000,2026-10-3
flat	[{"id":"e0","ts":1791205200000,"cat":"food","amt":0.2,"day":"2026-10-6","io":"inc"},{"id":"e1","ts":1791025200000,"cat":"food","amt":-3.25,"day":"2026-10-3","io":"xfer"},{"id":"e2","ts":1791111600000,"cat":"food","amt":-3.25,"day":"2026-10-4"}]|1791028800000,2026-10-3,2
group	[{"id":"e0","ts":1775304000000,"cat":"food","amt":0.1,"day":"2026-4-4","io":"xfer"},{"id":"e1","ts":1775476800000,"cat":"food","amt":0,"day":"2026-4-6","io":"xfer"},{"id":"e2","ts":1775908800000,"cat":"food","amt":12345.678,"day":"2026-4-11","io":"exp"}]|1775476800000,2026-4-6
flat	[{"id":"e0","ts":1775304000000,"cat":"food","amt":0.1,"day":"2026-4-4","io":"xfer"},{"id":"e1","ts":1775476800000,"cat":"food","amt":0,"day":"2026-4-6","io":"xfer"},{"id":"e2","ts":1775908800000,"cat":"food","amt":12345.678,"day":"2026-4-11","io":"exp"}]|1775476800000,2026-4-6,1
group	[{"id":"e0","ts":1790942400000,"cat":"food","amt":0,"day":"2026-10-2","io":"exp"},{"id":"e1","ts":1791543600000,"cat":"food","amt":1,"day":"2026-10-9"},{"id":"e2","ts":1791028800000,"cat":"food","amt":0,"day":"2026-10-3"}]|1791115200000,2026-10-4
flat	[{"id":"e0","ts":1790942400000,"cat":"food","amt":0,"day":"2026-10-2","io":"exp"},{"id":"e1","ts":1791543600000,"cat":"food","amt":1,"day":"2026-10-9"},{"id":"e2","ts":1791028800000,"cat":"food","amt":0,"day":"2026-10-3"}]|1791115200000,2026-10-4,3
group	[{"id":"e0","ts":1767661200000,"cat":"food","amt":0,"day":"2026-1-6","io":"inc"},{"id":"e1","ts":1767232800000,"cat":"food","amt":0.2,"day":"2026-1-1","io":"xfer"}]|1767229200000,2026-1-1
flat	[{"id":"e0","ts":1767661200000,"cat":"food","amt":0,"day":"2026-1-6","io":"inc"},{"id":"e1","ts":1767232800000,"cat":"food","amt":0.2,"day":"2026-1-1","io":"xfer"}]|1767229200000,2026-1-1,3
group	[{"id":"e0","ts":1787004000000,"cat":"food","amt":12345.678,"day":"2026-8-18","io":"inc"},{"id":"e1","ts":1787868000000,"cat":"food","amt":0.1,"day":"2026-8-28"},{"id":"e2","ts":1787785200000,"cat":"food","amt":0,"day":"2026-8-27","io":"inc"}]|1787781600000,2026-8-27
flat	[{"id":"e0","ts":1787004000000,"cat":"food","amt":12345.678,"day":"2026-8-18","io":"inc"},{"id":"e1","ts":1787868000000,"cat":"food","amt":0.1,"day":"2026-8-28"},{"id":"e2","ts":1787785200000,"cat":"food","amt":0,"day":"2026-8-27","io":"inc"}]|1787781600000,2026-8-27,1
group	[{"id":"e0","ts":1775649600000,"cat":"food","amt":-3.25,"day":"2026-4-8","io":"exp"}]|1775476800000,2026-4-6
flat	[{"id":"e0","ts":1775649600000,"cat":"food","amt":-3.25,"day":"2026-4-8","io":"exp"}]|1775476800000,2026-4-6,1
group	[{"id":"e0","ts":1791460800000,"cat":"food","amt":0.1,"day":"2026-10-8"},{"id":"e1","ts":1791028800000,"cat":"food","amt":0,"day":"2026-10-3","io":"exp"},{"id":"e2","ts":1791118800000,"cat":"food","amt":1e-7,"day":"2026-10-5","io":"inc"},{"id":"e3","ts":1790251200000,"cat":"food","amt":1e-7,"day":"2026-9-24","io":"exp"},{"id":"e4","ts":1791201600000,"cat":"food","amt":-3.25,"day":"2026-10-5","io":"xfer"},{"id":"e5","ts":1791198000000,"cat":"food","amt":0.1,"day":"2026-10-5","io":"exp"},{"id":"e6","ts":1791028800000,"cat":"food","amt":12345.678,"day":"2026-10-3"}]|1791028800000,2026-10-3
flat	[{"id":"e0","ts":1791460800000,"cat":"food","amt":0.1,"day":"2026-10-8"},{"id":"e1","ts":1791028800000,"cat":"food","amt":0,"day":"2026-10-3","io":"exp"},{"id":"e2","ts":1791118800000,"cat":"food","amt":1e-7,"day":"2026-10-5","io":"inc"},{"id":"e3","ts":1790251200000,"cat":"food","amt":1e-7,"day":"2026-9-24","io":"exp"},{"id":"e4","ts":1791201600000,"cat":"food","amt":-3.25,"day":"2026-10-5","io":"xfer"},{"id":"e5","ts":1791198000000,"cat":"food","amt":0.1,"day":"2026-10-5","io":"exp"},{"id":"e6","ts":1791028800000,"cat":"food","amt":12345.678,"day":"2026-10-3"}]|1791028800000,2026-10-3,2
group	[{"id":"e0","ts":1791198000000,"cat":"food","amt":-3.25,"day":"2026-10-5","io":"xfer"}]|1791028800000,2026-10-3
flat	[{"id":"e0","ts":1791198000000,"cat":"food","amt":-3.25,"day":"2026-10-5","io":"xfer"}]|1791028800000,2026-10-3,4
group	[{"id":"e0","ts":1767315600000,"cat":"food","amt":12345.678,"day":"2026-1-2","io":"xfer"},{"id":"e1","ts":1767402000000,"cat":"food","amt":0.2,"day":"2026-1-3","io":"inc"},{"id":"e2","ts":1767402000000,"cat":"food","amt":1e-7,"day":"2026-1-3","io":"exp"},{"id":"e3","ts":1767664800000,"cat":"food","amt":10.5,"day":"2026-1-6","io":"xfer"},{"id":"e4","ts":1767056400000,"cat":"food","amt":1e+21,"day":"2025-12-30","io":"xfer"},{"id":"e5","ts":1767229200000,"cat":"food","amt":1,"day":"2026-1-1","io":"inc"}]|1767229200000,2026-1-1
flat	[{"id":"e0","ts":1767315600000,"cat":"food","amt":12345.678,"day":"2026-1-2","io":"xfer"},{"id":"e1","ts":1767402000000,"cat":"food","amt":0.2,"day":"2026-1-3","io":"inc"},{"id":"e2","ts":1767402000000,"cat":"food","amt":1e-7,"day":"2026-1-3","io":"exp"},{"id":"e3","ts":1767664800000,"cat":"food","amt":10.5,"day":"2026-1-6","io":"xfer"},{"id":"e4","ts":1767056400000,"cat":"food","amt":1e+21,"day":"2025-12-30","io":"xfer"},{"id":"e5","ts":1767229200000,"cat":"food","amt":1,"day":"2026-1-1","io":"inc"}]|1767229200000,2026-1-1,1
group	[{"id":"e0","ts":1791115200000,"cat":"food","amt":1e+21,"day":"2026-10-4"},{"id":"e1","ts":1791201600000,"cat":"food","amt":12345.678,"day":"2026-10-5","io":"xfer"},{"id":"e2","ts":1790946000000,"cat":"food","amt":0,"day":"2026-10-2"},{"id":"e3","ts":1791205200000,"cat":"food","amt":1,"day":"2026-10-6","io":"xfer"}]|1791028800000,2026-10-3
flat	[{"id":"e0","ts":1791115200000,"cat":"food","amt":1e+21,"day":"2026-10-4"},{"id":"e1","ts":1791201600000,"cat":"food","amt":12345.678,"day":"2026-10-5","io":"xfer"},{"id":"e2","ts":1790946000000,"cat":"food","amt":0,"day":"2026-10-2"},{"id":"e3","ts":1791205200000,"cat":"food","amt":1,"day":"2026-10-6","io":"xfer"}]|1791028800000,2026-10-3,1
group	[{"id":"e0","ts":1767225600000,"cat":"food","amt":0,"day":"2026-1-1","io":"xfer"},{"id":"e1","ts":1767225600000,"cat":"food","amt":0.1,"day":"2026-1-1"},{"id":"e2","ts":1767232800000,"cat":"food","amt":-3.25,"day":"2026-1-1","io":"inc"},{"id":"e3","ts":1766451600000,"cat":"food","amt":0,"day":"2025-12-23","io":"inc"}]|1767229200000,2026-1-1
flat	[{"id":"e0","ts":1767225600000,"cat":"food","amt":0,"day":"2026-1-1","io":"xfer"},{"id":"e1","ts":1767225600000,"cat":"food","amt":0.1,"day":"2026-1-1"},{"id":"e2","ts":1767232800000,"cat":"food","amt":-3.25,"day":"2026-1-1","io":"inc"},{"id":"e3","ts":1766451600000,"cat":"food","amt":0,"day":"2025-12-23","io":"inc"}]|1767229200000,2026-1-1,1
group	[{"id":"e0","ts":1791288000000,"cat":"food","amt":12345.678,"day":"2026-10-6","io":"exp"},{"id":"e1","ts":1790341200000,"cat":"food","amt":0.1,"day":"2026-9-25"},{"id":"e2","ts":1790942400000,"cat":"food","amt":10.5,"day":"2026-10-2","io":"xfer"}]|1791115200000,2026-10-4
flat	[{"id":"e0","ts":1791288000000,"cat":"food","amt":12345.678,"day":"2026-10-6","io":"exp"},{"id":"e1","ts":1790341200000,"cat":"food","amt":0.1,"day":"2026-9-25"},{"id":"e2","ts":1790942400000,"cat":"food","amt":10.5,"day":"2026-10-2","io":"xfer"}]|1791115200000,2026-10-4,0
group	[{"id":"e0","ts":1790938800000,"cat":"food","amt":1e+21,"day":"2026-10-2","io":"xfer"},{"id":"e1","ts":1791457200000,"cat":"food","amt":0,"day":"2026-10-8"},{"id":"e2","ts":1791457200000,"cat":"food","amt":1e-7,"day":"2026-10-8","io":"xfer"},{"id":"e3","ts":1791032400000,"cat":"food","amt":0.1,"day":"2026-10-3"},{"id":"e4","ts":1791025200000,"cat":"food","amt":0,"day":"2026-10-3","io":"inc"},{"id":"e5","ts":1791460800000,"cat":"food","amt":0.1,"day":"2026-10-8","io":"exp"}]|1791028800000,2026-10-3
flat	[{"id":"e0","ts":1790938800000,"cat":"food","amt":1e+21,"day":"2026-10-2","io":"xfer"},{"id":"e1","ts":1791457200000,"cat":"food","amt":0,"day":"2026-10-8"},{"id":"e2","ts":1791457200000,"cat":"food","amt":1e-7,"day":"2026-10-8","io":"xfer"},{"id":"e3","ts":1791032400000,"cat":"food","amt":0.1,"day":"2026-10-3"},{"id":"e4","ts":1791025200000,"cat":"food","amt":0,"day":"2026-10-3","io":"inc"},{"id":"e5","ts":1791460800000,"cat":"food","amt":0.1,"day":"2026-10-8","io":"exp"}]|1791028800000,2026-10-3,0
group	[{"id":"e0","ts":1790942400000,"cat":"food","amt":1,"day":"2026-10-2","io":"inc"},{"id":"e1","ts":1791201600000,"cat":"food","amt":-3.25,"day":"2026-10-5"}]|1791028800000,2026-10-3
flat	[{"id":"e0","ts":1790942400000,"cat":"food","amt":1,"day":"2026-10-2","io":"inc"},{"id":"e1","ts":1791201600000,"cat":"food","amt":-3.25,"day":"2026-10-5"}]|1791028800000,2026-10-3,1
group	[]|1775476800000,2026-4-6
flat	[]|1775476800000,2026-4-6,1
group	[{"id":"e0","ts":1775390400000,"cat":"food","amt":10.5,"day":"2026-4-5","io":"xfer"},{"id":"e1","ts":1774612800000,"cat":"food","amt":1e-7,"day":"2026-3-27"},{"id":"e2","ts":1774609200000,"cat":"food","amt":0.2,"day":"2026-3-27"},{"id":"e3","ts":1775559600000,"cat":"food","amt":0,"day":"2026-4-7"},{"id":"e4","ts":1775563200000,"cat":"food","amt":0.2,"day":"2026-4-7","io":"exp"}]|1775390400000,2026-4-5
flat	[{"id":"e0","ts":1775390400000,"cat":"food","amt":10.5,"day":"2026-4-5","io":"xfer"},{"id":"e1","ts":1774612800000,"cat":"food","amt":1e-7,"day":"2026-3-27"},{"id":"e2","ts":1774609200000,"cat":"food","amt":0.2,"day":"2026-3-27"},{"id":"e3","ts":1775559600000,"cat":"food","amt":0,"day":"2026-4-7"},{"id":"e4","ts":1775563200000,"cat":"food","amt":0.2,"day":"2026-4-7","io":"exp"}]|1775390400000,2026-4-5,1
group	[{"id":"e0","ts":1767268800000,"cat":"food","amt":10.5,"day":"2026-1-1","io":"inc"},{"id":"e1","ts":1767268800000,"cat":"food","amt":12345.678,"day":"2026-1-1","io":"exp"},{"id":"e2","ts":1766408400000,"cat":"food","amt":1,"day":"2025-12-23","io":"exp"},{"id":"e3","ts":1767618000000,"cat":"food","amt":1e+21,"day":"2026-1-6","io":"exp"}]|1767186000000,2026-1-1
flat	[{"id":"e0","ts":1767268800000,"cat":"food","amt":10.5,"day":"2026-1-1","io":"inc"},{"id":"e1","ts":1767268800000,"cat":"food","amt":12345.678,"day":"2026-1-1","io":"exp"},{"id":"e2","ts":1766408400000,"cat":"food","amt":1,"day":"2025-12-23","io":"exp"},{"id":"e3","ts":1767618000000,"cat":"food","amt":1e+21,"day":"2026-1-6","io":"exp"}]|1767186000000,2026-1-1,4
group	[{"id":"e0","ts":1766455200000,"cat":"food","amt":1e+21,"day":"2025-12-23"},{"id":"e1","ts":1767402000000,"cat":"food","amt":0,"day":"2026-1-3","io":"xfer"},{"id":"e2","ts":1767319200000,"cat":"food","amt":0,"day":"2026-1-2","io":"xfer"},{"id":"e3","ts":1767657600000,"cat":"food","amt":12345.678,"day":"2026-1-6","io":"inc"},{"id":"e4","ts":1767232800000,"cat":"food","amt":-3.25,"day":"2026-1-1","io":"inc"}]|1767229200000,2026-1-1
flat	[{"id":"e0","ts":1766455200000,"cat":"food","amt":1e+21,"day":"2025-12-23"},{"id":"e1","ts":1767402000000,"cat":"food","amt":0,"day":"2026-1-3","io":"xfer"},{"id":"e2","ts":1767319200000,"cat":"food","amt":0,"day":"2026-1-2","io":"xfer"},{"id":"e3","ts":1767657600000,"cat":"food","amt":12345.678,"day":"2026-1-6","io":"inc"},{"id":"e4","ts":1767232800000,"cat":"food","amt":-3.25,"day":"2026-1-1","io":"inc"}]|1767229200000,2026-1-1,2
group	[]|1787781600000,2026-8-27
flat	[]|1787781600000,2026-8-27,0
group	[{"id":"e0","ts":1767225600000,"cat":"food","amt":0.2,"day":"2026-1-1"},{"id":"e1","ts":1767056400000,"cat":"food","amt":1e+21,"day":"2025-12-30","io":"xfer"}]|1767229200000,2026-1-1
flat	[{"id":"e0","ts":1767225600000,"cat":"food","amt":0.2,"day":"2026-1-1"},{"id":"e1","ts":1767056400000,"cat":"food","amt":1e+21,"day":"2025-12-30","io":"xfer"}]|1767229200000,2026-1-1,1
group	[{"id":"e0","ts":1775304000000,"cat":"food","amt":0,"day":"2026-4-4","io":"inc"},{"id":"e1","ts":1775300400000,"cat":"food","amt":1,"day":"2026-4-4"},{"id":"e2","ts":1775221200000,"cat":"food","amt":-3.25,"day":"2026-4-4","io":"inc"}]|1775304000000,2026-4-4
flat	[{"id":"e0","ts":1775304000000,"cat":"food","amt":0,"day":"2026-4-4","io":"inc"},{"id":"e1","ts":1775300400000,"cat":"food","amt":1,"day":"2026-4-4"},{"id":"e2","ts":1775221200000,"cat":"food","amt":-3.25,"day":"2026-4-4","io":"inc"}]|1775304000000,2026-4-4,2
group	[{"id":"e0","ts":1767229200000,"cat":"food","amt":0,"day":"2026-1-1"},{"id":"e1","ts":1767229200000,"cat":"food","amt":1e-7,"day":"2026-1-1","io":"inc"},{"id":"e2","ts":1767312000000,"cat":"food","amt":12345.678,"day":"2026-1-2"},{"id":"e3","ts":1767664800000,"cat":"food","amt":1,"day":"2026-1-6","io":"exp"},{"id":"e4","ts":1767319200000,"cat":"food","amt":1e+21,"day":"2026-1-2"}]|1767229200000,2026-1-1
flat	[{"id":"e0","ts":1767229200000,"cat":"food","amt":0,"day":"2026-1-1"},{"id":"e1","ts":1767229200000,"cat":"food","amt":1e-7,"day":"2026-1-1","io":"inc"},{"id":"e2","ts":1767312000000,"cat":"food","amt":12345.678,"day":"2026-1-2"},{"id":"e3","ts":1767664800000,"cat":"food","amt":1,"day":"2026-1-6","io":"exp"},{"id":"e4","ts":1767319200000,"cat":"food","amt":1e+21,"day":"2026-1-2"}]|1767229200000,2026-1-1,4
group	[]|1767229200000,2026-1-1
flat	[]|1767229200000,2026-1-1,1
group	[]|1767229200000,2026-1-1
flat	[]|1767229200000,2026-1-1,1
group	[]|1775476800000,2026-4-6
flat	[]|1775476800000,2026-4-6,1
group	[]|1767229200000,2026-1-1
flat	[]|1767229200000,2026-1-1,4
group	[{"id":"e0","ts":1791201600000,"cat":"food","amt":1e+21,"day":"2026-10-5"},{"id":"e1","ts":1791543600000,"cat":"food","amt":1e-7,"day":"2026-10-9"},{"id":"e2","ts":1790337600000,"cat":"food","amt":1e-7,"day":"2026-9-25","io":"xfer"}]|1791115200000,2026-10-4
flat	[{"id":"e0","ts":1791201600000,"cat":"food","amt":1e+21,"day":"2026-10-5"},{"id":"e1","ts":1791543600000,"cat":"food","amt":1e-7,"day":"2026-10-9"},{"id":"e2","ts":1790337600000,"cat":"food","amt":1e-7,"day":"2026-9-25","io":"xfer"}]|1791115200000,2026-10-4,1
group	[{"id":"e0","ts":1774526400000,"cat":"food","amt":0.2,"day":"2026-3-26","io":"inc"}]|1775304000000,2026-4-4
flat	[{"id":"e0","ts":1774526400000,"cat":"food","amt":0.2,"day":"2026-3-26","io":"inc"}]|1775304000000,2026-4-4,1
group	[{"id":"e0","ts":1787778000000,"cat":"food","amt":0,"day":"2026-8-27"},{"id":"e1","ts":1787954400000,"cat":"food","amt":0.1,"day":"2026-8-29","io":"exp"}]|1787781600000,2026-8-27
flat	[{"id":"e0","ts":1787778000000,"cat":"food","amt":0,"day":"2026-8-27"},{"id":"e1","ts":1787954400000,"cat":"food","amt":0.1,"day":"2026-8-29","io":"exp"}]|1787781600000,2026-8-27,3
group	[{"id":"e0","ts":1787781600000,"cat":"food","amt":0,"day":"2026-8-27","io":"xfer"}]|1787781600000,2026-8-27
flat	[{"id":"e0","ts":1787781600000,"cat":"food","amt":0,"day":"2026-8-27","io":"xfer"}]|1787781600000,2026-8-27,0
group	[]|1787713200000,2026-8-26
flat	[]|1787713200000,2026-8-26,1
group	[{"id":"e0","ts":1775566800000,"cat":"food","amt":0.2,"day":"2026-4-7"},{"id":"e1","ts":1775646000000,"cat":"food","amt":1e+21,"day":"2026-4-8","io":"exp"},{"id":"e2","ts":1775390400000,"cat":"food","amt":0.1,"day":"2026-4-5"},{"id":"e3","ts":1775653200000,"cat":"food","amt":1,"day":"2026-4-8","io":"xfer"},{"id":"e4","ts":1775905200000,"cat":"food","amt":10.5,"day":"2026-4-11"},{"id":"e5","ts":1775390400000,"cat":"food","amt":1e+21,"day":"2026-4-5"}]|1775476800000,2026-4-6
flat	[{"id":"e0","ts":1775566800000,"cat":"food","amt":0.2,"day":"2026-4-7"},{"id":"e1","ts":1775646000000,"cat":"food","amt":1e+21,"day":"2026-4-8","io":"exp"},{"id":"e2","ts":1775390400000,"cat":"food","amt":0.1,"day":"2026-4-5"},{"id":"e3","ts":1775653200000,"cat":"food","amt":1,"day":"2026-4-8","io":"xfer"},{"id":"e4","ts":1775905200000,"cat":"food","amt":10.5,"day":"2026-4-11"},{"id":"e5","ts":1775390400000,"cat":"food","amt":1e+21,"day":"2026-4-5"}]|1775476800000,2026-4-6,4
group	[]|1787713200000,2026-8-26
flat	[]|1787713200000,2026-8-26,1
group	[{"id":"e0","ts":1790856000000,"cat":"food","amt":0,"day":"2026-10-1","io":"exp"},{"id":"e1","ts":1790251200000,"cat":"food","amt":12345.678,"day":"2026-9-24","io":"xfer"},{"id":"e2","ts":1791201600000,"cat":"food","amt":1,"day":"2026-10-5"},{"id":"e3","ts":1791028800000,"cat":"food","amt":0,"day":"2026-10-3","io":"xfer"},{"id":"e4","ts":1791198000000,"cat":"food","amt":1e-7,"day":"2026-10-5"}]|1791028800000,2026-10-3
flat	[{"id":"e0","ts":1790856000000,"cat":"food","amt":0,"day":"2026-10-1","io":"exp"},{"id":"e1","ts":1790251200000,"cat":"food","amt":12345.678,"day":"2026-9-24","io":"xfer"},{"id":"e2","ts":1791201600000,"cat":"food","amt":1,"day":"2026-10-5"},{"id":"e3","ts":1791028800000,"cat":"food","amt":0,"day":"2026-10-3","io":"xfer"},{"id":"e4","ts":1791198000000,"cat":"food","amt":1e-7,"day":"2026-10-5"}]|1791028800000,2026-10-3,3
group	[{"id":"e0","ts":1775826000000,"cat":"food","amt":1,"day":"2026-4-10","io":"exp"},{"id":"e1","ts":1775390400000,"cat":"food","amt":10.5,"day":"2026-4-5","io":"exp"},{"id":"e2","ts":1774612800000,"cat":"food","amt":0.2,"day":"2026-3-27"},{"id":"e3","ts":1775300400000,"cat":"food","amt":12345.678,"day":"2026-4-4","io":"exp"}]|1775390400000,2026-4-5
flat	[{"id":"e0","ts":1775826000000,"cat":"food","amt":1,"day":"2026-4-10","io":"exp"},{"id":"e1","ts":1775390400000,"cat":"food","amt":10.5,"day":"2026-4-5","io":"exp"},{"id":"e2","ts":1774612800000,"cat":"food","amt":0.2,"day":"2026-3-27"},{"id":"e3","ts":1775300400000,"cat":"food","amt":12345.678,"day":"2026-4-4","io":"exp"}]|1775390400000,2026-4-5,3
group	[{"id":"e0","ts":1767186000000,"cat":"food","amt":0.2,"day":"2026-1-1","io":"inc"},{"id":"e1","ts":1767099600000,"cat":"food","amt":1,"day":"2025-12-31","io":"inc"},{"id":"e2","ts":1767272400000,"cat":"food","amt":1e+21,"day":"2026-1-2"},{"id":"e3","ts":1767358800000,"cat":"food","amt":12345.678,"day":"2026-1-3","io":"inc"}]|1767186000000,2026-1-1
flat	[{"id":"e0","ts":1767186000000,"cat":"food","amt":0.2,"day":"2026-1-1","io":"inc"},{"id":"e1","ts":1767099600000,"cat":"food","amt":1,"day":"2025-12-31","io":"inc"},{"id":"e2","ts":1767272400000,"cat":"food","amt":1e+21,"day":"2026-1-2"},{"id":"e3","ts":1767358800000,"cat":"food","amt":12345.678,"day":"2026-1-3","io":"inc"}]|1767186000000,2026-1-1,2
group	[{"id":"e0","ts":1775304000000,"cat":"food","amt":10.5,"day":"2026-4-4","io":"inc"},{"id":"e1","ts":1774616400000,"cat":"food","amt":1e-7,"day":"2026-3-28","io":"xfer"},{"id":"e2","ts":1774616400000,"cat":"food","amt":1,"day":"2026-3-28","io":"inc"},{"id":"e3","ts":1775394000000,"cat":"food","amt":12345.678,"day":"2026-4-5","io":"inc"}]|1775390400000,2026-4-5
flat	[{"id":"e0","ts":1775304000000,"cat":"food","amt":10.5,"day":"2026-4-4","io":"inc"},{"id":"e1","ts":1774616400000,"cat":"food","amt":1e-7,"day":"2026-3-28","io":"xfer"},{"id":"e2","ts":1774616400000,"cat":"food","amt":1,"day":"2026-3-28","io":"inc"},{"id":"e3","ts":1775394000000,"cat":"food","amt":12345.678,"day":"2026-4-5","io":"inc"}]|1775390400000,2026-4-5,1
group	[{"id":"e0","ts":1767229200000,"cat":"food","amt":1e-7,"day":"2026-1-1","io":"xfer"}]|1767229200000,2026-1-1
flat	[{"id":"e0","ts":1767229200000,"cat":"food","amt":1e-7,"day":"2026-1-1","io":"xfer"}]|1767229200000,2026-1-1,4
group	[]|1787781600000,2026-8-27
flat	[]|1787781600000,2026-8-27,1
group	[{"id":"e0","ts":1787781600000,"cat":"food","amt":10.5,"day":"2026-8-27","io":"exp"},{"id":"e1","ts":1787778000000,"cat":"food","amt":1,"day":"2026-8-27","io":"exp"},{"id":"e2","ts":1788217200000,"cat":"food","amt":0,"day":"2026-9-1","io":"xfer"}]|1787781600000,2026-8-27
flat	[{"id":"e0","ts":1787781600000,"cat":"food","amt":10.5,"day":"2026-8-27","io":"exp"},{"id":"e1","ts":1787778000000,"cat":"food","amt":1,"day":"2026-8-27","io":"exp"},{"id":"e2","ts":1788217200000,"cat":"food","amt":0,"day":"2026-9-1","io":"xfer"}]|1787781600000,2026-8-27,3
group	[{"id":"e0","ts":1767099600000,"cat":"food","amt":-3.25,"day":"2025-12-31","io":"inc"}]|1767186000000,2026-1-1
flat	[{"id":"e0","ts":1767099600000,"cat":"food","amt":-3.25,"day":"2025-12-31","io":"inc"}]|1767186000000,2026-1-1,1
group	[{"id":"e0","ts":1767013200000,"cat":"food","amt":1,"day":"2025-12-30","io":"inc"},{"id":"e1","ts":1767186000000,"cat":"food","amt":-3.25,"day":"2026-1-1","io":"exp"},{"id":"e2","ts":1767276000000,"cat":"food","amt":0.1,"day":"2026-1-2","io":"xfer"},{"id":"e3","ts":1767099600000,"cat":"food","amt":-3.25,"day":"2025-12-31","io":"exp"},{"id":"e4","ts":1767189600000,"cat":"food","amt":10.5,"day":"2026-1-1","io":"exp"}]|1767186000000,2026-1-1
flat	[{"id":"e0","ts":1767013200000,"cat":"food","amt":1,"day":"2025-12-30","io":"inc"},{"id":"e1","ts":1767186000000,"cat":"food","amt":-3.25,"day":"2026-1-1","io":"exp"},{"id":"e2","ts":1767276000000,"cat":"food","amt":0.1,"day":"2026-1-2","io":"xfer"},{"id":"e3","ts":1767099600000,"cat":"food","amt":-3.25,"day":"2025-12-31","io":"exp"},{"id":"e4","ts":1767189600000,"cat":"food","amt":10.5,"day":"2026-1-1","io":"exp"}]|1767186000000,2026-1-1,1
group	[]|1767229200000,2026-1-1
flat	[]|1767229200000,2026-1-1,1
group	[{"id":"e0","ts":1790334000000,"cat":"food","amt":1e-7,"day":"2026-9-25","io":"exp"},{"id":"e1","ts":1790938800000,"cat":"food","amt":0.2,"day":"2026-10-2","io":"xfer"},{"id":"e2","ts":1790942400000,"cat":"food","amt":0,"day":"2026-10-2","io":"inc"},{"id":"e3","ts":1791115200000,"cat":"food","amt":1e+21,"day":"2026-10-4"},{"id":"e4","ts":1790334000000,"cat":"food","amt":12345.678,"day":"2026-9-25","io":"xfer"}]|1791115200000,2026-10-4
flat	[{"id":"e0","ts":1790334000000,"cat":"food","amt":1e-7,"day":"2026-9-25","io":"exp"},{"id":"e1","ts":1790938800000,"cat":"food","amt":0.2,"day":"2026-10-2","io":"xfer"},{"id":"e2","ts":1790942400000,"cat":"food","amt":0,"day":"2026-10-2","io":"inc"},{"id":"e3","ts":1791115200000,"cat":"food","amt":1e+21,"day":"2026-10-4"},{"id":"e4","ts":1790334000000,"cat":"food","amt":12345.678,"day":"2026-9-25","io":"xfer"}]|1791115200000,2026-10-4,0
group	[{"id":"e0","ts":1767315600000,"cat":"food","amt":-3.25,"day":"2026-1-2","io":"xfer"},{"id":"e1","ts":1767315600000,"cat":"food","amt":12345.678,"day":"2026-1-2","io":"xfer"},{"id":"e2","ts":1767142800000,"cat":"food","amt":12345.678,"day":"2025-12-31","io":"inc"},{"id":"e3","ts":1767661200000,"cat":"food","amt":10.5,"day":"2026-1-6"}]|1767229200000,2026-1-1
flat	[{"id":"e0","ts":1767315600000,"cat":"food","amt":-3.25,"day":"2026-1-2","io":"xfer"},{"id":"e1","ts":1767315600000,"cat":"food","amt":12345.678,"day":"2026-1-2","io":"xfer"},{"id":"e2","ts":1767142800000,"cat":"food","amt":12345.678,"day":"2025-12-31","io":"inc"},{"id":"e3","ts":1767661200000,"cat":"food","amt":10.5,"day":"2026-1-6"}]|1767229200000,2026-1-1,1
group	[{"id":"e0","ts":1767618000000,"cat":"food","amt":10.5,"day":"2026-1-6"},{"id":"e1","ts":1767099600000,"cat":"food","amt":0,"day":"2025-12-31","io":"exp"},{"id":"e2","ts":1767621600000,"cat":"food","amt":12345.678,"day":"2026-1-6","io":"inc"},{"id":"e3","ts":1767618000000,"cat":"food","amt":0,"day":"2026-1-6"},{"id":"e4","ts":1767358800000,"cat":"food","amt":1,"day":"2026-1-3","io":"inc"},{"id":"e5","ts":1767355200000,"cat":"food","amt":10.5,"day":"2026-1-2","io":"exp"},{"id":"e6","ts":1767182400000,"cat":"food","amt":12345.678,"day":"2025-12-31","io":"exp"}]|1767186000000,2026-1-1
flat	[{"id":"e0","ts":1767618000000,"cat":"food","amt":10.5,"day":"2026-1-6"},{"id":"e1","ts":1767099600000,"cat":"food","amt":0,"day":"2025-12-31","io":"exp"},{"id":"e2","ts":1767621600000,"cat":"food","amt":12345.678,"day":"2026-1-6","io":"inc"},{"id":"e3","ts":1767618000000,"cat":"food","amt":0,"day":"2026-1-6"},{"id":"e4","ts":1767358800000,"cat":"food","amt":1,"day":"2026-1-3","io":"inc"},{"id":"e5","ts":1767355200000,"cat":"food","amt":10.5,"day":"2026-1-2","io":"exp"},{"id":"e6","ts":1767182400000,"cat":"food","amt":12345.678,"day":"2025-12-31","io":"exp"}]|1767186000000,2026-1-1,1
group	[{"id":"e0","ts":1791032400000,"cat":"food","amt":0.2,"day":"2026-10-3"},{"id":"e1","ts":1791543600000,"cat":"food","amt":1e-7,"day":"2026-10-9","io":"inc"},{"id":"e2","ts":1790942400000,"cat":"food","amt":0,"day":"2026-10-2","io":"inc"},{"id":"e3","ts":1791115200000,"cat":"food","amt":1,"day":"2026-10-4","io":"xfer"},{"id":"e4","ts":1791118800000,"cat":"food","amt":1e+21,"day":"2026-10-5","io":"inc"}]|1791115200000,2026-10-4
flat	[{"id":"e0","ts":1791032400000,"cat":"food","amt":0.2,"day":"2026-10-3"},{"id":"e1","ts":1791543600000,"cat":"food","amt":1e-7,"day":"2026-10-9","io":"inc"},{"id":"e2","ts":1790942400000,"cat":"food","amt":0,"day":"2026-10-2","io":"inc"},{"id":"e3","ts":1791115200000,"cat":"food","amt":1,"day":"2026-10-4","io":"xfer"},{"id":"e4","ts":1791118800000,"cat":"food","amt":1e+21,"day":"2026-10-5","io":"inc"}]|1791115200000,2026-10-4,3
group	[{"id":"e0","ts":1791115200000,"cat":"food","amt":12345.678,"day":"2026-10-4","io":"xfer"},{"id":"e1","ts":1790946000000,"cat":"food","amt":0,"day":"2026-10-2","io":"xfer"},{"id":"e2","ts":1791028800000,"cat":"food","amt":0.2,"day":"2026-10-3","io":"exp"},{"id":"e3","ts":1791201600000,"cat":"food","amt":0.1,"day":"2026-10-5","io":"inc"}]|1791028800000,2026-10-3
flat	[{"id":"e0","ts":1791115200000,"cat":"food","amt":12345.678,"day":"2026-10-4","io":"xfer"},{"id":"e1","ts":1790946000000,"cat":"food","amt":0,"day":"2026-10-2","io":"xfer"},{"id":"e2","ts":1791028800000,"cat":"food","amt":0.2,"day":"2026-10-3","io":"exp"},{"id":"e3","ts":1791201600000,"cat":"food","amt":0.1,"day":"2026-10-5","io":"inc"}]|1791028800000,2026-10-3,4
group	[{"id":"e0","ts":1790334000000,"cat":"food","amt":12345.678,"day":"2026-9-25","io":"inc"},{"id":"e1","ts":1791028800000,"cat":"food","amt":0.1,"day":"2026-10-3"}]|1791115200000,2026-10-4
flat	[{"id":"e0","ts":1790334000000,"cat":"food","amt":12345.678,"day":"2026-9-25","io":"inc"},{"id":"e1","ts":1791028800000,"cat":"food","amt":0.1,"day":"2026-10-3"}]|1791115200000,2026-10-4,4
group	[{"id":"e0","ts":1791201600000,"cat":"food","amt":0,"day":"2026-10-5","io":"exp"},{"id":"e1","ts":1791370800000,"cat":"food","amt":1,"day":"2026-10-7","io":"inc"}]|1791201600000,2026-10-5
flat	[{"id":"e0","ts":1791201600000,"cat":"food","amt":0,"day":"2026-10-5","io":"exp"},{"id":"e1","ts":1791370800000,"cat":"food","amt":1,"day":"2026-10-7","io":"inc"}]|1791201600000,2026-10-5,3
group	[{"id":"e0","ts":1791374400000,"cat":"food","amt":0,"day":"2026-10-7","io":"xfer"},{"id":"e1","ts":1791288000000,"cat":"food","amt":0,"day":"2026-10-6","io":"xfer"},{"id":"e2","ts":1791205200000,"cat":"food","amt":1e+21,"day":"2026-10-6","io":"xfer"},{"id":"e3","ts":1791291600000,"cat":"food","amt":1,"day":"2026-10-7","io":"exp"},{"id":"e4","ts":1791633600000,"cat":"food","amt":12345.678,"day":"2026-10-10","io":"inc"},{"id":"e5","ts":1791637200000,"cat":"food","amt":1e+21,"day":"2026-10-11"}]|1791201600000,2026-10-5
flat	[{"id":"e0","ts":1791374400000,"cat":"food","amt":0,"day":"2026-10-7","io":"xfer"},{"id":"e1","ts":1791288000000,"cat":"food","amt":0,"day":"2026-10-6","io":"xfer"},{"id":"e2","ts":1791205200000,"cat":"food","amt":1e+21,"day":"2026-10-6","io":"xfer"},{"id":"e3","ts":1791291600000,"cat":"food","amt":1,"day":"2026-10-7","io":"exp"},{"id":"e4","ts":1791633600000,"cat":"food","amt":12345.678,"day":"2026-10-10","io":"inc"},{"id":"e5","ts":1791637200000,"cat":"food","amt":1e+21,"day":"2026-10-11"}]|1791201600000,2026-10-5,2
group	[{"id":"e0","ts":1775826000000,"cat":"food","amt":12345.678,"day":"2026-4-10","io":"exp"},{"id":"e1","ts":1775304000000,"cat":"food","amt":10.5,"day":"2026-4-4","io":"xfer"},{"id":"e2","ts":1775386800000,"cat":"food","amt":1e-7,"day":"2026-4-5","io":"xfer"}]|1775390400000,2026-4-5
flat	[{"id":"e0","ts":1775826000000,"cat":"food","amt":12345.678,"day":"2026-4-10","io":"exp"},{"id":"e1","ts":1775304000000,"cat":"food","amt":10.5,"day":"2026-4-4","io":"xfer"},{"id":"e2","ts":1775386800000,"cat":"food","amt":1e-7,"day":"2026-4-5","io":"xfer"}]|1775390400000,2026-4-5,3
group	[{"id":"e0","ts":1791115200000,"cat":"food","amt":1e-7,"day":"2026-10-4","io":"xfer"},{"id":"e1","ts":1791115200000,"cat":"food","amt":1e+21,"day":"2026-10-4","io":"inc"},{"id":"e2","ts":1791118800000,"cat":"food","amt":0,"day":"2026-10-5","io":"inc"}]|1791115200000,2026-10-4
flat	[{"id":"e0","ts":1791115200000,"cat":"food","amt":1e-7,"day":"2026-10-4","io":"xfer"},{"id":"e1","ts":1791115200000,"cat":"food","amt":1e+21,"day":"2026-10-4","io":"inc"},{"id":"e2","ts":1791118800000,"cat":"food","amt":0,"day":"2026-10-5","io":"inc"}]|1791115200000,2026-10-4,0
group	[{"id":"e0","ts":1791025200000,"cat":"food","amt":1e+21,"day":"2026-10-3","io":"xfer"},{"id":"e1","ts":1791028800000,"cat":"food","amt":0.2,"day":"2026-10-3","io":"inc"}]|1791028800000,2026-10-3
flat	[{"id":"e0","ts":1791025200000,"cat":"food","amt":1e+21,"day":"2026-10-3","io":"xfer"},{"id":"e1","ts":1791028800000,"cat":"food","amt":0.2,"day":"2026-10-3","io":"inc"}]|1791028800000,2026-10-3,3
group	[{"id":"e0","ts":1787785200000,"cat":"food","amt":1e+21,"day":"2026-8-27"},{"id":"e1","ts":1787698800000,"cat":"food","amt":-3.25,"day":"2026-8-26"}]|1787781600000,2026-8-27
flat	[{"id":"e0","ts":1787785200000,"cat":"food","amt":1e+21,"day":"2026-8-27"},{"id":"e1","ts":1787698800000,"cat":"food","amt":-3.25,"day":"2026-8-26"}]|1787781600000,2026-8-27,4
group	[{"id":"e0","ts":1791111600000,"cat":"food","amt":-3.25,"day":"2026-10-4","io":"inc"}]|1791115200000,2026-10-4
flat	[{"id":"e0","ts":1791111600000,"cat":"food","amt":-3.25,"day":"2026-10-4","io":"inc"}]|1791115200000,2026-10-4,4
group	[{"id":"e0","ts":1791547200000,"cat":"food","amt":1,"day":"2026-10-9","io":"xfer"},{"id":"e1","ts":1791115200000,"cat":"food","amt":1,"day":"2026-10-4","io":"inc"},{"id":"e2","ts":1791284400000,"cat":"food","amt":0.1,"day":"2026-10-6","io":"exp"},{"id":"e3","ts":1791288000000,"cat":"food","amt":1,"day":"2026-10-6","io":"inc"},{"id":"e4","ts":1791115200000,"cat":"food","amt":0.1,"day":"2026-10-4","io":"inc"}]|1791115200000,2026-10-4
flat	[{"id":"e0","ts":1791547200000,"cat":"food","amt":1,"day":"2026-10-9","io":"xfer"},{"id":"e1","ts":1791115200000,"cat":"food","amt":1,"day":"2026-10-4","io":"inc"},{"id":"e2","ts":1791284400000,"cat":"food","amt":0.1,"day":"2026-10-6","io":"exp"},{"id":"e3","ts":1791288000000,"cat":"food","amt":1,"day":"2026-10-6","io":"inc"},{"id":"e4","ts":1791115200000,"cat":"food","amt":0.1,"day":"2026-10-4","io":"inc"}]|1791115200000,2026-10-4,1
group	[{"id":"e0","ts":1775473200000,"cat":"food","amt":0,"day":"2026-4-6","io":"xfer"},{"id":"e1","ts":1775131200000,"cat":"food","amt":10.5,"day":"2026-4-2"},{"id":"e2","ts":1774526400000,"cat":"food","amt":0.2,"day":"2026-3-26"}]|1775304000000,2026-4-4
flat	[{"id":"e0","ts":1775473200000,"cat":"food","amt":0,"day":"2026-4-6","io":"xfer"},{"id":"e1","ts":1775131200000,"cat":"food","amt":10.5,"day":"2026-4-2"},{"id":"e2","ts":1774526400000,"cat":"food","amt":0.2,"day":"2026-3-26"}]|1775304000000,2026-4-4,3
group	[{"id":"e0","ts":1775563200000,"cat":"food","amt":1e-7,"day":"2026-4-7","io":"inc"},{"id":"e1","ts":1775473200000,"cat":"food","amt":1e-7,"day":"2026-4-6","io":"inc"},{"id":"e2","ts":1775563200000,"cat":"food","amt":0,"day":"2026-4-7","io":"exp"},{"id":"e3","ts":1775307600000,"cat":"food","amt":0.2,"day":"2026-4-5","io":"exp"},{"id":"e4","ts":1775653200000,"cat":"food","amt":1e-7,"day":"2026-4-8","io":"xfer"},{"id":"e5","ts":1775480400000,"cat":"food","amt":1e-7,"day":"2026-4-6","io":"xfer"},{"id":"e6","ts":1775307600000,"cat":"food","amt":0,"day":"2026-4-5"}]|1775476800000,2026-4-6
flat	[{"id":"e0","ts":1775563200000,"cat":"food","amt":1e-7,"day":"2026-4-7","io":"inc"},{"id":"e1","ts":1775473200000,"cat":"food","amt":1e-7,"day":"2026-4-6","io":"inc"},{"id":"e2","ts":1775563200000,"cat":"food","amt":0,"day":"2026-4-7","io":"exp"},{"id":"e3","ts":1775307600000,"cat":"food","amt":0.2,"day":"2026-4-5","io":"exp"},{"id":"e4","ts":1775653200000,"cat":"food","amt":1e-7,"day":"2026-4-8","io":"xfer"},{"id":"e5","ts":1775480400000,"cat":"food","amt":1e-7,"day":"2026-4-6","io":"xfer"},{"id":"e6","ts":1775307600000,"cat":"food","amt":0,"day":"2026-4-5"}]|1775476800000,2026-4-6,0
group	[{"id":"e0","ts":1775566800000,"cat":"food","amt":12345.678,"day":"2026-4-7","io":"exp"},{"id":"e1","ts":1775476800000,"cat":"food","amt":10.5,"day":"2026-4-6","io":"inc"}]|1775476800000,2026-4-6
flat	[{"id":"e0","ts":1775566800000,"cat":"food","amt":12345.678,"day":"2026-4-7","io":"exp"},{"id":"e1","ts":1775476800000,"cat":"food","amt":10.5,"day":"2026-4-6","io":"inc"}]|1775476800000,2026-4-6,2
group	[{"id":"e0","ts":1775304000000,"cat":"food","amt":0.1,"day":"2026-4-4","io":"inc"},{"id":"e1","ts":1775304000000,"cat":"food","amt":12345.678,"day":"2026-4-4","io":"inc"},{"id":"e2","ts":1775476800000,"cat":"food","amt":0,"day":"2026-4-6","io":"exp"},{"id":"e3","ts":1775304000000,"cat":"food","amt":1e-7,"day":"2026-4-4"},{"id":"e4","ts":1775221200000,"cat":"food","amt":1e+21,"day":"2026-4-4","io":"inc"},{"id":"e5","ts":1775304000000,"cat":"food","amt":0,"day":"2026-4-4","io":"xfer"},{"id":"e6","ts":1775221200000,"cat":"food","amt":0.1,"day":"2026-4-4"}]|1775304000000,2026-4-4
flat	[{"id":"e0","ts":1775304000000,"cat":"food","amt":0.1,"day":"2026-4-4","io":"inc"},{"id":"e1","ts":1775304000000,"cat":"food","amt":12345.678,"day":"2026-4-4","io":"inc"},{"id":"e2","ts":1775476800000,"cat":"food","amt":0,"day":"2026-4-6","io":"exp"},{"id":"e3","ts":1775304000000,"cat":"food","amt":1e-7,"day":"2026-4-4"},{"id":"e4","ts":1775221200000,"cat":"food","amt":1e+21,"day":"2026-4-4","io":"inc"},{"id":"e5","ts":1775304000000,"cat":"food","amt":0,"day":"2026-4-4","io":"xfer"},{"id":"e6","ts":1775221200000,"cat":"food","amt":0.1,"day":"2026-4-4"}]|1775304000000,2026-4-4,1
group	[{"id":"e0","ts":1775473200000,"cat":"food","amt":1e-7,"day":"2026-4-6"},{"id":"e1","ts":1775822400000,"cat":"food","amt":0,"day":"2026-4-10","io":"exp"},{"id":"e2","ts":1775476800000,"cat":"food","amt":12345.678,"day":"2026-4-6","io":"xfer"},{"id":"e3","ts":1775822400000,"cat":"food","amt":-3.25,"day":"2026-4-10","io":"xfer"},{"id":"e4","ts":1775566800000,"cat":"food","amt":1e+21,"day":"2026-4-7","io":"xfer"},{"id":"e5","ts":1775300400000,"cat":"food","amt":0,"day":"2026-4-4","io":"exp"}]|1775390400000,2026-4-5
flat	[{"id":"e0","ts":1775473200000,"cat":"food","amt":1e-7,"day":"2026-4-6"},{"id":"e1","ts":1775822400000,"cat":"food","amt":0,"day":"2026-4-10","io":"exp"},{"id":"e2","ts":1775476800000,"cat":"food","amt":12345.678,"day":"2026-4-6","io":"xfer"},{"id":"e3","ts":1775822400000,"cat":"food","amt":-3.25,"day":"2026-4-10","io":"xfer"},{"id":"e4","ts":1775566800000,"cat":"food","amt":1e+21,"day":"2026-4-7","io":"xfer"},{"id":"e5","ts":1775300400000,"cat":"food","amt":0,"day":"2026-4-4","io":"exp"}]|1775390400000,2026-4-5,0
group	[{"id":"e0","ts":1767182400000,"cat":"food","amt":0,"day":"2025-12-31","io":"inc"},{"id":"e1","ts":1767272400000,"cat":"food","amt":10.5,"day":"2026-1-2","io":"xfer"},{"id":"e2","ts":1766404800000,"cat":"food","amt":10.5,"day":"2025-12-22","io":"inc"},{"id":"e3","ts":1767013200000,"cat":"food","amt":0.1,"day":"2025-12-30","io":"exp"}]|1767186000000,2026-1-1
flat	[{"id":"e0","ts":1767182400000,"cat":"food","amt":0,"day":"2025-12-31","io":"inc"},{"id":"e1","ts":1767272400000,"cat":"food","amt":10.5,"day":"2026-1-2","io":"xfer"},{"id":"e2","ts":1766404800000,"cat":"food","amt":10.5,"day":"2025-12-22","io":"inc"},{"id":"e3","ts":1767013200000,"cat":"food","amt":0.1,"day":"2025-12-30","io":"exp"}]|1767186000000,2026-1-1,1
group	[{"id":"e0","ts":1775300400000,"cat":"food","amt":0.1,"day":"2026-4-4","io":"inc"},{"id":"e1","ts":1775559600000,"cat":"food","amt":0,"day":"2026-4-7","io":"exp"},{"id":"e2","ts":1775908800000,"cat":"food","amt":12345.678,"day":"2026-4-11","io":"xfer"},{"id":"e3","ts":1775476800000,"cat":"food","amt":0,"day":"2026-4-6"},{"id":"e4","ts":1775480400000,"cat":"food","amt":1e-7,"day":"2026-4-6","io":"xfer"}]|1775476800000,2026-4-6
flat	[{"id":"e0","ts":1775300400000,"cat":"food","amt":0.1,"day":"2026-4-4","io":"inc"},{"id":"e1","ts":1775559600000,"cat":"food","amt":0,"day":"2026-4-7","io":"exp"},{"id":"e2","ts":1775908800000,"cat":"food","amt":12345.678,"day":"2026-4-11","io":"xfer"},{"id":"e3","ts":1775476800000,"cat":"food","amt":0,"day":"2026-4-6"},{"id":"e4","ts":1775480400000,"cat":"food","amt":1e-7,"day":"2026-4-6","io":"xfer"}]|1775476800000,2026-4-6,3
group	[{"id":"e0","ts":1766404800000,"cat":"food","amt":1,"day":"2025-12-22","io":"xfer"},{"id":"e1","ts":1767614400000,"cat":"food","amt":10.5,"day":"2026-1-5","io":"xfer"},{"id":"e2","ts":1767099600000,"cat":"food","amt":0,"day":"2025-12-31","io":"xfer"},{"id":"e3","ts":1767362400000,"cat":"food","amt":-3.25,"day":"2026-1-3"},{"id":"e4","ts":1767186000000,"cat":"food","amt":1,"day":"2026-1-1","io":"inc"},{"id":"e5","ts":1767099600000,"cat":"food","amt":0,"day":"2025-12-31","io":"inc"}]|1767186000000,2026-1-1
flat	[{"id":"e0","ts":1766404800000,"cat":"food","amt":1,"day":"2025-12-22","io":"xfer"},{"id":"e1","ts":1767614400000,"cat":"food","amt":10.5,"day":"2026-1-5","io":"xfer"},{"id":"e2","ts":1767099600000,"cat":"food","amt":0,"day":"2025-12-31","io":"xfer"},{"id":"e3","ts":1767362400000,"cat":"food","amt":-3.25,"day":"2026-1-3"},{"id":"e4","ts":1767186000000,"cat":"food","amt":1,"day":"2026-1-1","io":"inc"},{"id":"e5","ts":1767099600000,"cat":"food","amt":0,"day":"2025-12-31","io":"inc"}]|1767186000000,2026-1-1,4
group	[{"id":"e0","ts":1775563200000,"cat":"food","amt":12345.678,"day":"2026-4-7","io":"inc"}]|1775476800000,2026-4-6
flat	[{"id":"e0","ts":1775563200000,"cat":"food","amt":12345.678,"day":"2026-4-7","io":"inc"}]|1775476800000,2026-4-6,4
group	[{"id":"e0","ts":1791118800000,"cat":"food","amt":0.2,"day":"2026-10-5","io":"exp"}]|1791115200000,2026-10-4
flat	[{"id":"e0","ts":1791118800000,"cat":"food","amt":0.2,"day":"2026-10-5","io":"exp"}]|1791115200000,2026-10-4,0
group	[{"id":"e0","ts":1775217600000,"cat":"food","amt":1,"day":"2026-4-3"},{"id":"e1","ts":1775131200000,"cat":"food","amt":-3.25,"day":"2026-4-2","io":"exp"},{"id":"e2","ts":1775307600000,"cat":"food","amt":0,"day":"2026-4-5","io":"xfer"}]|1775304000000,2026-4-4
flat	[{"id":"e0","ts":1775217600000,"cat":"food","amt":1,"day":"2026-4-3"},{"id":"e1","ts":1775131200000,"cat":"food","amt":-3.25,"day":"2026-4-2","io":"exp"},{"id":"e2","ts":1775307600000,"cat":"food","amt":0,"day":"2026-4-5","io":"xfer"}]|1775304000000,2026-4-4,4
group	[{"id":"e0","ts":1791637200000,"cat":"food","amt":-3.25,"day":"2026-10-11"},{"id":"e1","ts":1791633600000,"cat":"food","amt":1,"day":"2026-10-10","io":"xfer"},{"id":"e2","ts":1791028800000,"cat":"food","amt":10.5,"day":"2026-10-3","io":"exp"},{"id":"e3","ts":1791637200000,"cat":"food","amt":0,"day":"2026-10-11","io":"inc"}]|1791201600000,2026-10-5
flat	[{"id":"e0","ts":1791637200000,"cat":"food","amt":-3.25,"day":"2026-10-11"},{"id":"e1","ts":1791633600000,"cat":"food","amt":1,"day":"2026-10-10","io":"xfer"},{"id":"e2","ts":1791028800000,"cat":"food","amt":10.5,"day":"2026-10-3","io":"exp"},{"id":"e3","ts":1791637200000,"cat":"food","amt":0,"day":"2026-10-11","io":"inc"}]|1791201600000,2026-10-5,3
group	[{"id":"e0","ts":1767186000000,"cat":"food","amt":0,"day":"2026-1-1","io":"exp"},{"id":"e1","ts":1767355200000,"cat":"food","amt":-3.25,"day":"2026-1-2","io":"exp"},{"id":"e2","ts":1767096000000,"cat":"food","amt":12345.678,"day":"2025-12-30","io":"xfer"},{"id":"e3","ts":1767096000000,"cat":"food","amt":0,"day":"2025-12-30"},{"id":"e4","ts":1767621600000,"cat":"food","amt":0,"day":"2026-1-6","io":"inc"},{"id":"e5","ts":1767013200000,"cat":"food","amt":0.2,"day":"2025-12-30"}]|1767186000000,2026-1-1
flat	[{"id":"e0","ts":1767186000000,"cat":"food","amt":0,"day":"2026-1-1","io":"exp"},{"id":"e1","ts":1767355200000,"cat":"food","amt":-3.25,"day":"2026-1-2","io":"exp"},{"id":"e2","ts":1767096000000,"cat":"food","amt":12345.678,"day":"2025-12-30","io":"xfer"},{"id":"e3","ts":1767096000000,"cat":"food","amt":0,"day":"2025-12-30"},{"id":"e4","ts":1767621600000,"cat":"food","amt":0,"day":"2026-1-6","io":"inc"},{"id":"e5","ts":1767013200000,"cat":"food","amt":0.2,"day":"2025-12-30"}]|1767186000000,2026-1-1,1
group	[{"id":"e0","ts":1791198000000,"cat":"food","amt":0.2,"day":"2026-10-5","io":"exp"},{"id":"e1","ts":1791547200000,"cat":"food","amt":0.2,"day":"2026-10-9","io":"xfer"},{"id":"e2","ts":1790334000000,"cat":"food","amt":0.2,"day":"2026-9-25"},{"id":"e3","ts":1790334000000,"cat":"food","amt":0,"day":"2026-9-25"},{"id":"e4","ts":1791543600000,"cat":"food","amt":0,"day":"2026-10-9","io":"xfer"}]|1791115200000,2026-10-4
flat	[{"id":"e0","ts":1791198000000,"cat":"food","amt":0.2,"day":"2026-10-5","io":"exp"},{"id":"e1","ts":1791547200000,"cat":"food","amt":0.2,"day":"2026-10-9","io":"xfer"},{"id":"e2","ts":1790334000000,"cat":"food","amt":0.2,"day":"2026-9-25"},{"id":"e3","ts":1790334000000,"cat":"food","amt":0,"day":"2026-9-25"},{"id":"e4","ts":1791543600000,"cat":"food","amt":0,"day":"2026-10-9","io":"xfer"}]|1791115200000,2026-10-4,3
group	[{"id":"e0","ts":1791115200000,"cat":"food","amt":1e-7,"day":"2026-10-4"},{"id":"e1","ts":1791115200000,"cat":"food","amt":1,"day":"2026-10-4","io":"inc"},{"id":"e2","ts":1790341200000,"cat":"food","amt":12345.678,"day":"2026-9-25","io":"exp"},{"id":"e3","ts":1791284400000,"cat":"food","amt":0.1,"day":"2026-10-6","io":"xfer"}]|1791115200000,2026-10-4
flat	[{"id":"e0","ts":1791115200000,"cat":"food","amt":1e-7,"day":"2026-10-4"},{"id":"e1","ts":1791115200000,"cat":"food","amt":1,"day":"2026-10-4","io":"inc"},{"id":"e2","ts":1790341200000,"cat":"food","amt":12345.678,"day":"2026-9-25","io":"exp"},{"id":"e3","ts":1791284400000,"cat":"food","amt":0.1,"day":"2026-10-6","io":"xfer"}]|1791115200000,2026-10-4,3
group	[{"id":"e0","ts":1775390400000,"cat":"food","amt":0.2,"day":"2026-4-5"},{"id":"e1","ts":1774526400000,"cat":"food","amt":1,"day":"2026-3-26"},{"id":"e2","ts":1775739600000,"cat":"food","amt":1e-7,"day":"2026-4-9","io":"xfer"},{"id":"e3","ts":1775307600000,"cat":"food","amt":1,"day":"2026-4-5","io":"exp"},{"id":"e4","ts":1775394000000,"cat":"food","amt":0,"day":"2026-4-5","io":"exp"}]|1775304000000,2026-4-4
flat	[{"id":"e0","ts":1775390400000,"cat":"food","amt":0.2,"day":"2026-4-5"},{"id":"e1","ts":1774526400000,"cat":"food","amt":1,"day":"2026-3-26"},{"id":"e2","ts":1775739600000,"cat":"food","amt":1e-7,"day":"2026-4-9","io":"xfer"},{"id":"e3","ts":1775307600000,"cat":"food","amt":1,"day":"2026-4-5","io":"exp"},{"id":"e4","ts":1775394000000,"cat":"food","amt":0,"day":"2026-4-5","io":"exp"}]|1775304000000,2026-4-4,2
group	[{"id":"e0","ts":1774699200000,"cat":"food","amt":0.1,"day":"2026-3-28","io":"exp"}]|1775476800000,2026-4-6
flat	[{"id":"e0","ts":1774699200000,"cat":"food","amt":0.1,"day":"2026-3-28","io":"exp"}]|1775476800000,2026-4-6,1
group	[{"id":"e0","ts":1787868000000,"cat":"food","amt":0,"day":"2026-8-28","io":"inc"},{"id":"e1","ts":1788213600000,"cat":"food","amt":10.5,"day":"2026-9-1","io":"exp"},{"id":"e2","ts":1787781600000,"cat":"food","amt":1e+21,"day":"2026-8-27","io":"inc"},{"id":"e3","ts":1787864400000,"cat":"food","amt":12345.678,"day":"2026-8-28","io":"xfer"}]|1787781600000,2026-8-27
flat	[{"id":"e0","ts":1787868000000,"cat":"food","amt":0,"day":"2026-8-28","io":"inc"},{"id":"e1","ts":1788213600000,"cat":"food","amt":10.5,"day":"2026-9-1","io":"exp"},{"id":"e2","ts":1787781600000,"cat":"food","amt":1e+21,"day":"2026-8-27","io":"inc"},{"id":"e3","ts":1787864400000,"cat":"food","amt":12345.678,"day":"2026-8-28","io":"xfer"}]|1787781600000,2026-8-27,2
group	[{"id":"e0","ts":1786932000000,"cat":"food","amt":12345.678,"day":"2026-8-17"},{"id":"e1","ts":1787716800000,"cat":"food","amt":-3.25,"day":"2026-8-26","io":"xfer"}]|1787713200000,2026-8-26
flat	[{"id":"e0","ts":1786932000000,"cat":"food","amt":12345.678,"day":"2026-8-17"},{"id":"e1","ts":1787716800000,"cat":"food","amt":-3.25,"day":"2026-8-26","io":"xfer"}]|1787713200000,2026-8-26,4
group	[{"id":"e0","ts":1787695200000,"cat":"food","amt":10.5,"day":"2026-8-26","io":"inc"},{"id":"e1","ts":1788213600000,"cat":"food","amt":1e+21,"day":"2026-9-1","io":"exp"},{"id":"e2","ts":1787781600000,"cat":"food","amt":0.2,"day":"2026-8-27","io":"inc"},{"id":"e3","ts":1788213600000,"cat":"food","amt":1e+21,"day":"2026-9-1"},{"id":"e4","ts":1787781600000,"cat":"food","amt":0.2,"day":"2026-8-27","io":"inc"}]|1787781600000,2026-8-27
flat	[{"id":"e0","ts":1787695200000,"cat":"food","amt":10.5,"day":"2026-8-26","io":"inc"},{"id":"e1","ts":1788213600000,"cat":"food","amt":1e+21,"day":"2026-9-1","io":"exp"},{"id":"e2","ts":1787781600000,"cat":"food","amt":0.2,"day":"2026-8-27","io":"inc"},{"id":"e3","ts":1788213600000,"cat":"food","amt":1e+21,"day":"2026-9-1"},{"id":"e4","ts":1787781600000,"cat":"food","amt":0.2,"day":"2026-8-27","io":"inc"}]|1787781600000,2026-8-27,4
group	[{"id":"e0","ts":1767103200000,"cat":"food","amt":0,"day":"2025-12-31","io":"exp"},{"id":"e1","ts":1766408400000,"cat":"food","amt":10.5,"day":"2025-12-23","io":"xfer"},{"id":"e2","ts":1767182400000,"cat":"food","amt":1e+21,"day":"2025-12-31"},{"id":"e3","ts":1766408400000,"cat":"food","amt":-3.25,"day":"2025-12-23"},{"id":"e4","ts":1767182400000,"cat":"food","amt":0.1,"day":"2025-12-31"}]|1767186000000,2026-1-1
flat	[{"id":"e0","ts":1767103200000,"cat":"food","amt":0,"day":"2025-12-31","io":"exp"},{"id":"e1","ts":1766408400000,"cat":"food","amt":10.5,"day":"2025-12-23","io":"xfer"},{"id":"e2","ts":1767182400000,"cat":"food","amt":1e+21,"day":"2025-12-31"},{"id":"e3","ts":1766408400000,"cat":"food","amt":-3.25,"day":"2025-12-23"},{"id":"e4","ts":1767182400000,"cat":"food","amt":0.1,"day":"2025-12-31"}]|1767186000000,2026-1-1,0
group	[{"id":"e0","ts":1767186000000,"cat":"food","amt":1e+21,"day":"2026-1-1"},{"id":"e1","ts":1767186000000,"cat":"food","amt":10.5,"day":"2026-1-1"},{"id":"e2","ts":1767618000000,"cat":"food","amt":1,"day":"2026-1-6","io":"inc"},{"id":"e3","ts":1767186000000,"cat":"food","amt":1e+21,"day":"2026-1-1","io":"inc"},{"id":"e4","ts":1767618000000,"cat":"food","amt":-3.25,"day":"2026-1-6","io":"inc"},{"id":"e5","ts":1767268800000,"cat":"food","amt":1,"day":"2026-1-1","io":"inc"},{"id":"e6","ts":1767272400000,"cat":"food","amt":0,"day":"2026-1-2","io":"inc"}]|1767186000000,2026-1-1
flat	[{"id":"e0","ts":1767186000000,"cat":"food","amt":1e+21,"day":"2026-1-1"},{"id":"e1","ts":1767186000000,"cat":"food","amt":10.5,"day":"2026-1-1"},{"id":"e2","ts":1767618000000,"cat":"food","amt":1,"day":"2026-1-6","io":"inc"},{"id":"e3","ts":1767186000000,"cat":"food","amt":1e+21,"day":"2026-1-1","io":"inc"},{"id":"e4","ts":1767618000000,"cat":"food","amt":-3.25,"day":"2026-1-6","io":"inc"},{"id":"e5","ts":1767268800000,"cat":"food","amt":1,"day":"2026-1-1","io":"inc"},{"id":"e6","ts":1767272400000,"cat":"food","amt":0,"day":"2026-1-2","io":"inc"}]|1767186000000,2026-1-1,4
group	[{"id":"e0","ts":1791028800000,"cat":"food","amt":-3.25,"day":"2026-10-3","io":"exp"},{"id":"e1","ts":1790938800000,"cat":"food","amt":0.1,"day":"2026-10-2","io":"inc"},{"id":"e2","ts":1791291600000,"cat":"food","amt":1e-7,"day":"2026-10-7","io":"exp"},{"id":"e3","ts":1791288000000,"cat":"food","amt":0,"day":"2026-10-6","io":"xfer"},{"id":"e4","ts":1791111600000,"cat":"food","amt":12345.678,"day":"2026-10-4","io":"exp"},{"id":"e5","ts":1791028800000,"cat":"food","amt":0,"day":"2026-10-3","io":"exp"},{"id":"e6","ts":1791111600000,"cat":"food","amt":10.5,"day":"2026-10-4","io":"xfer"}]|1791115200000,2026-10-4
flat	[{"id":"e0","ts":1791028800000,"cat":"food","amt":-3.25,"day":"2026-10-3","io":"exp"},{"id":"e1","ts":1790938800000,"cat":"food","amt":0.1,"day":"2026-10-2","io":"inc"},{"id":"e2","ts":1791291600000,"cat":"food","amt":1e-7,"day":"2026-10-7","io":"exp"},{"id":"e3","ts":1791288000000,"cat":"food","amt":0,"day":"2026-10-6","io":"xfer"},{"id":"e4","ts":1791111600000,"cat":"food","amt":12345.678,"day":"2026-10-4","io":"exp"},{"id":"e5","ts":1791028800000,"cat":"food","amt":0,"day":"2026-10-3","io":"exp"},{"id":"e6","ts":1791111600000,"cat":"food","amt":10.5,"day":"2026-10-4","io":"xfer"}]|1791115200000,2026-10-4,3
group	[{"id":"e0","ts":1790856000000,"cat":"food","amt":1e+21,"day":"2026-10-1","io":"inc"},{"id":"e1","ts":1790942400000,"cat":"food","amt":-3.25,"day":"2026-10-2","io":"exp"},{"id":"e2","ts":1790942400000,"cat":"food","amt":-3.25,"day":"2026-10-2","io":"inc"},{"id":"e3","ts":1791464400000,"cat":"food","amt":0.2,"day":"2026-10-9","io":"xfer"},{"id":"e4","ts":1791457200000,"cat":"food","amt":0,"day":"2026-10-8","io":"xfer"},{"id":"e5","ts":1790251200000,"cat":"food","amt":0.1,"day":"2026-9-24","io":"inc"},{"id":"e6","ts":1791460800000,"cat":"food","amt":12345.678,"day":"2026-10-8","io":"xfer"}]|1791028800000,2026-10-3
flat	[{"id":"e0","ts":1790856000000,"cat":"food","amt":1e+21,"day":"2026-10-1","io":"inc"},{"id":"e1","ts":1790942400000,"cat":"food","amt":-3.25,"day":"2026-10-2","io":"exp"},{"id":"e2","ts":1790942400000,"cat":"food","amt":-3.25,"day":"2026-10-2","io":"inc"},{"id":"e3","ts":1791464400000,"cat":"food","amt":0.2,"day":"2026-10-9","io":"xfer"},{"id":"e4","ts":1791457200000,"cat":"food","amt":0,"day":"2026-10-8","io":"xfer"},{"id":"e5","ts":1790251200000,"cat":"food","amt":0.1,"day":"2026-9-24","io":"inc"},{"id":"e6","ts":1791460800000,"cat":"food","amt":12345.678,"day":"2026-10-8","io":"xfer"}]|1791028800000,2026-10-3,2
group	[{"id":"e0","ts":1791205200000,"cat":"food","amt":1e-7,"day":"2026-10-6","io":"exp"},{"id":"e1","ts":1790334000000,"cat":"food","amt":0,"day":"2026-9-25","io":"exp"},{"id":"e2","ts":1790341200000,"cat":"food","amt":0,"day":"2026-9-25","io":"xfer"},{"id":"e3","ts":1791284400000,"cat":"food","amt":10.5,"day":"2026-10-6"},{"id":"e4","ts":1791118800000,"cat":"food","amt":0.1,"day":"2026-10-5","io":"exp"},{"id":"e5","ts":1791115200000,"cat":"food","amt":1,"day":"2026-10-4","io":"exp"},{"id":"e6","ts":1791547200000,"cat":"food","amt":1e-7,"day":"2026-10-9","io":"inc"}]|1791115200000,2026-10-4
flat	[{"id":"e0","ts":1791205200000,"cat":"food","amt":1e-7,"day":"2026-10-6","io":"exp"},{"id":"e1","ts":1790334000000,"cat":"food","amt":0,"day":"2026-9-25","io":"exp"},{"id":"e2","ts":1790341200000,"cat":"food","amt":0,"day":"2026-9-25","io":"xfer"},{"id":"e3","ts":1791284400000,"cat":"food","amt":10.5,"day":"2026-10-6"},{"id":"e4","ts":1791118800000,"cat":"food","amt":0.1,"day":"2026-10-5","io":"exp"},{"id":"e5","ts":1791115200000,"cat":"food","amt":1,"day":"2026-10-4","io":"exp"},{"id":"e6","ts":1791547200000,"cat":"food","amt":1e-7,"day":"2026-10-9","io":"inc"}]|1791115200000,2026-10-4,1
group	[{"id":"e0","ts":1787871600000,"cat":"food","amt":1,"day":"2026-8-28","io":"exp"},{"id":"e1","ts":1787785200000,"cat":"food","amt":0.1,"day":"2026-8-27","io":"xfer"}]|1787781600000,2026-8-27
flat	[{"id":"e0","ts":1787871600000,"cat":"food","amt":1,"day":"2026-8-28","io":"exp"},{"id":"e1","ts":1787785200000,"cat":"food","amt":0.1,"day":"2026-8-27","io":"xfer"}]|1787781600000,2026-8-27,0
group	[{"id":"e0","ts":1767272400000,"cat":"food","amt":1e+21,"day":"2026-1-2","io":"exp"},{"id":"e1","ts":1767099600000,"cat":"food","amt":-3.25,"day":"2025-12-31","io":"exp"},{"id":"e2","ts":1767189600000,"cat":"food","amt":0,"day":"2026-1-1"},{"id":"e3","ts":1767013200000,"cat":"food","amt":-3.25,"day":"2025-12-30","io":"xfer"},{"id":"e4","ts":1766408400000,"cat":"food","amt":0.2,"day":"2025-12-23","io":"inc"}]|1767186000000,2026-1-1
flat	[{"id":"e0","ts":1767272400000,"cat":"food","amt":1e+21,"day":"2026-1-2","io":"exp"},{"id":"e1","ts":1767099600000,"cat":"food","amt":-3.25,"day":"2025-12-31","io":"exp"},{"id":"e2","ts":1767189600000,"cat":"food","amt":0,"day":"2026-1-1"},{"id":"e3","ts":1767013200000,"cat":"food","amt":-3.25,"day":"2025-12-30","io":"xfer"},{"id":"e4","ts":1766408400000,"cat":"food","amt":0.2,"day":"2025-12-23","io":"inc"}]|1767186000000,2026-1-1,0
group	[{"id":"e0","ts":1787871600000,"cat":"food","amt":0,"day":"2026-8-28","io":"inc"},{"id":"e1","ts":1787868000000,"cat":"food","amt":0.1,"day":"2026-8-28","io":"inc"},{"id":"e2","ts":1787785200000,"cat":"food","amt":12345.678,"day":"2026-8-27","io":"exp"},{"id":"e3","ts":1787954400000,"cat":"food","amt":0.2,"day":"2026-8-29"},{"id":"e4","ts":1787612400000,"cat":"food","amt":0,"day":"2026-8-25"},{"id":"e5","ts":1787608800000,"cat":"food","amt":1e+21,"day":"2026-8-25","io":"exp"}]|1787781600000,2026-8-27
flat	[{"id":"e0","ts":1787871600000,"cat":"food","amt":0,"day":"2026-8-28","io":"inc"},{"id":"e1","ts":1787868000000,"cat":"food","amt":0.1,"day":"2026-8-28","io":"inc"},{"id":"e2","ts":1787785200000,"cat":"food","amt":12345.678,"day":"2026-8-27","io":"exp"},{"id":"e3","ts":1787954400000,"cat":"food","amt":0.2,"day":"2026-8-29"},{"id":"e4","ts":1787612400000,"cat":"food","amt":0,"day":"2026-8-25"},{"id":"e5","ts":1787608800000,"cat":"food","amt":1e+21,"day":"2026-8-25","io":"exp"}]|1787781600000,2026-8-27,1
group	[]|1791201600000,2026-10-5
flat	[]|1791201600000,2026-10-5,2
group	[]|1791028800000,2026-10-3
flat	[]|1791028800000,2026-10-3,1
group	[{"id":"e0","ts":1767060000000,"cat":"food","amt":0,"day":"2025-12-30","io":"xfer"},{"id":"e1","ts":1767056400000,"cat":"food","amt":12345.678,"day":"2025-12-30","io":"xfer"}]|1767229200000,2026-1-1
flat	[{"id":"e0","ts":1767060000000,"cat":"food","amt":0,"day":"2025-12-30","io":"xfer"},{"id":"e1","ts":1767056400000,"cat":"food","amt":12345.678,"day":"2025-12-30","io":"xfer"}]|1767229200000,2026-1-1,2
group	[{"id":"e0","ts":1775563200000,"cat":"food","amt":0.2,"day":"2026-4-7","io":"exp"},{"id":"e1","ts":1774699200000,"cat":"food","amt":1e-7,"day":"2026-3-28"},{"id":"e2","ts":1775653200000,"cat":"food","amt":10.5,"day":"2026-4-8"},{"id":"e3","ts":1774695600000,"cat":"food","amt":12345.678,"day":"2026-3-28","io":"inc"},{"id":"e4","ts":1775563200000,"cat":"food","amt":0,"day":"2026-4-7"},{"id":"e5","ts":1775476800000,"cat":"food","amt":0,"day":"2026-4-6","io":"exp"}]|1775476800000,2026-4-6
flat	[{"id":"e0","ts":1775563200000,"cat":"food","amt":0.2,"day":"2026-4-7","io":"exp"},{"id":"e1","ts":1774699200000,"cat":"food","amt":1e-7,"day":"2026-3-28"},{"id":"e2","ts":1775653200000,"cat":"food","amt":10.5,"day":"2026-4-8"},{"id":"e3","ts":1774695600000,"cat":"food","amt":12345.678,"day":"2026-3-28","io":"inc"},{"id":"e4","ts":1775563200000,"cat":"food","amt":0,"day":"2026-4-7"},{"id":"e5","ts":1775476800000,"cat":"food","amt":0,"day":"2026-4-6","io":"exp"}]|1775476800000,2026-4-6,0
group	[{"id":"e0","ts":1791288000000,"cat":"food","amt":10.5,"day":"2026-10-6","io":"exp"}]|1791201600000,2026-10-5
flat	[{"id":"e0","ts":1791288000000,"cat":"food","amt":10.5,"day":"2026-10-6","io":"exp"}]|1791201600000,2026-10-5,3
group	[{"id":"e0","ts":1790942400000,"cat":"food","amt":-3.25,"day":"2026-10-2"},{"id":"e1","ts":1791464400000,"cat":"food","amt":1,"day":"2026-10-9","io":"exp"},{"id":"e2","ts":1791025200000,"cat":"food","amt":1e-7,"day":"2026-10-3","io":"inc"},{"id":"e3","ts":1791111600000,"cat":"food","amt":0.1,"day":"2026-10-4"}]|1791028800000,2026-10-3
flat	[{"id":"e0","ts":1790942400000,"cat":"food","amt":-3.25,"day":"2026-10-2"},{"id":"e1","ts":1791464400000,"cat":"food","amt":1,"day":"2026-10-9","io":"exp"},{"id":"e2","ts":1791025200000,"cat":"food","amt":1e-7,"day":"2026-10-3","io":"inc"},{"id":"e3","ts":1791111600000,"cat":"food","amt":0.1,"day":"2026-10-4"}]|1791028800000,2026-10-3,3
group	[]|1767186000000,2026-1-1
flat	[]|1767186000000,2026-1-1,1
group	[{"id":"e0","ts":1775307600000,"cat":"food","amt":1e-7,"day":"2026-4-5","io":"inc"},{"id":"e1","ts":1775307600000,"cat":"food","amt":-3.25,"day":"2026-4-5","io":"inc"},{"id":"e2","ts":1774699200000,"cat":"food","amt":12345.678,"day":"2026-3-28","io":"xfer"},{"id":"e3","ts":1775304000000,"cat":"food","amt":0.2,"day":"2026-4-4"},{"id":"e4","ts":1775908800000,"cat":"food","amt":1e+21,"day":"2026-4-11","io":"xfer"},{"id":"e5","ts":1774695600000,"cat":"food","amt":10.5,"day":"2026-3-28","io":"exp"},{"id":"e6","ts":1775304000000,"cat":"food","amt":0,"day":"2026-4-4","io":"xfer"}]|1775476800000,2026-4-6
flat	[{"id":"e0","ts":1775307600000,"cat":"food","amt":1e-7,"day":"2026-4-5","io":"inc"},{"id":"e1","ts":1775307600000,"cat":"food","amt":-3.25,"day":"2026-4-5","io":"inc"},{"id":"e2","ts":1774699200000,"cat":"food","amt":12345.678,"day":"2026-3-28","io":"xfer"},{"id":"e3","ts":1775304000000,"cat":"food","amt":0.2,"day":"2026-4-4"},{"id":"e4","ts":1775908800000,"cat":"food","amt":1e+21,"day":"2026-4-11","io":"xfer"},{"id":"e5","ts":1774695600000,"cat":"food","amt":10.5,"day":"2026-3-28","io":"exp"},{"id":"e6","ts":1775304000000,"cat":"food","amt":0,"day":"2026-4-4","io":"xfer"}]|1775476800000,2026-4-6,1
group	[{"id":"e0","ts":1791118800000,"cat":"food","amt":1e+21,"day":"2026-10-5","io":"xfer"},{"id":"e1","ts":1791118800000,"cat":"food","amt":10.5,"day":"2026-10-5","io":"xfer"},{"id":"e2","ts":1790946000000,"cat":"food","amt":1,"day":"2026-10-2","io":"xfer"},{"id":"e3","ts":1791028800000,"cat":"food","amt":0,"day":"2026-10-3","io":"xfer"},{"id":"e4","ts":1791028800000,"cat":"food","amt":0,"day":"2026-10-3"},{"id":"e5","ts":1791198000000,"cat":"food","amt":10.5,"day":"2026-10-5","io":"inc"},{"id":"e6","ts":1791032400000,"cat":"food","amt":10.5,"day":"2026-10-3","io":"exp"}]|1791028800000,2026-10-3
flat	[{"id":"e0","ts":1791118800000,"cat":"food","amt":1e+21,"day":"2026-10-5","io":"xfer"},{"id":"e1","ts":1791118800000,"cat":"food","amt":10.5,"day":"2026-10-5","io":"xfer"},{"id":"e2","ts":1790946000000,"cat":"food","amt":1,"day":"2026-10-2","io":"xfer"},{"id":"e3","ts":1791028800000,"cat":"food","amt":0,"day":"2026-10-3","io":"xfer"},{"id":"e4","ts":1791028800000,"cat":"food","amt":0,"day":"2026-10-3"},{"id":"e5","ts":1791198000000,"cat":"food","amt":10.5,"day":"2026-10-5","io":"inc"},{"id":"e6","ts":1791032400000,"cat":"food","amt":10.5,"day":"2026-10-3","io":"exp"}]|1791028800000,2026-10-3,3
group	[{"id":"e0","ts":1775394000000,"cat":"food","amt":0.1,"day":"2026-4-5"},{"id":"e1","ts":1775304000000,"cat":"food","amt":1,"day":"2026-4-4","io":"inc"}]|1775390400000,2026-4-5
flat	[{"id":"e0","ts":1775394000000,"cat":"food","amt":0.1,"day":"2026-4-5"},{"id":"e1","ts":1775304000000,"cat":"food","amt":1,"day":"2026-4-4","io":"inc"}]|1775390400000,2026-4-5,1
group	[{"id":"e0","ts":1775646000000,"cat":"food","amt":1e-7,"day":"2026-4-8"},{"id":"e1","ts":1774695600000,"cat":"food","amt":1e+21,"day":"2026-3-28","io":"inc"},{"id":"e2","ts":1775905200000,"cat":"food","amt":0,"day":"2026-4-11","io":"exp"},{"id":"e3","ts":1775646000000,"cat":"food","amt":0,"day":"2026-4-8","io":"inc"},{"id":"e4","ts":1775390400000,"cat":"food","amt":12345.678,"day":"2026-4-5","io":"xfer"},{"id":"e5","ts":1775386800000,"cat":"food","amt":1e+21,"day":"2026-4-5"}]|1775476800000,2026-4-6
flat	[{"id":"e0","ts":1775646000000,"cat":"food","amt":1e-7,"day":"2026-4-8"},{"id":"e1","ts":1774695600000,"cat":"food","amt":1e+21,"day":"2026-3-28","io":"inc"},{"id":"e2","ts":1775905200000,"cat":"food","amt":0,"day":"2026-4-11","io":"exp"},{"id":"e3","ts":1775646000000,"cat":"food","amt":0,"day":"2026-4-8","io":"inc"},{"id":"e4","ts":1775390400000,"cat":"food","amt":12345.678,"day":"2026-4-5","io":"xfer"},{"id":"e5","ts":1775386800000,"cat":"food","amt":1e+21,"day":"2026-4-5"}]|1775476800000,2026-4-6,2
group	[{"id":"e0","ts":1787626800000,"cat":"food","amt":1e+21,"day":"2026-8-25","io":"inc"},{"id":"e1","ts":1787713200000,"cat":"food","amt":0.2,"day":"2026-8-26","io":"inc"},{"id":"e2","ts":1786939200000,"cat":"food","amt":1e+21,"day":"2026-8-17","io":"xfer"}]|1787713200000,2026-8-26
flat	[{"id":"e0","ts":1787626800000,"cat":"food","amt":1e+21,"day":"2026-8-25","io":"inc"},{"id":"e1","ts":1787713200000,"cat":"food","amt":0.2,"day":"2026-8-26","io":"inc"},{"id":"e2","ts":1786939200000,"cat":"food","amt":1e+21,"day":"2026-8-17","io":"xfer"}]|1787713200000,2026-8-26,2
group	[{"id":"e0","ts":1791198000000,"cat":"food","amt":1e+21,"day":"2026-10-5","io":"xfer"},{"id":"e1","ts":1791025200000,"cat":"food","amt":10.5,"day":"2026-10-3","io":"exp"},{"id":"e2","ts":1791025200000,"cat":"food","amt":1e-7,"day":"2026-10-3","io":"exp"},{"id":"e3","ts":1791457200000,"cat":"food","amt":0,"day":"2026-10-8"},{"id":"e4","ts":1791111600000,"cat":"food","amt":0,"day":"2026-10-4","io":"exp"},{"id":"e5","ts":1790251200000,"cat":"food","amt":-3.25,"day":"2026-9-24","io":"exp"},{"id":"e6","ts":1791028800000,"cat":"food","amt":1e+21,"day":"2026-10-3","io":"xfer"}]|1791028800000,2026-10-3
flat	[{"id":"e0","ts":1791198000000,"cat":"food","amt":1e+21,"day":"2026-10-5","io":"xfer"},{"id":"e1","ts":1791025200000,"cat":"food","amt":10.5,"day":"2026-10-3","io":"exp"},{"id":"e2","ts":1791025200000,"cat":"food","amt":1e-7,"day":"2026-10-3","io":"exp"},{"id":"e3","ts":1791457200000,"cat":"food","amt":0,"day":"2026-10-8"},{"id":"e4","ts":1791111600000,"cat":"food","amt":0,"day":"2026-10-4","io":"exp"},{"id":"e5","ts":1790251200000,"cat":"food","amt":-3.25,"day":"2026-9-24","io":"exp"},{"id":"e6","ts":1791028800000,"cat":"food","amt":1e+21,"day":"2026-10-3","io":"xfer"}]|1791028800000,2026-10-3,3
group	[]|1787781600000,2026-8-27
flat	[]|1787781600000,2026-8-27,4
group	[{"id":"e0","ts":1791198000000,"cat":"food","amt":0,"day":"2026-10-5","io":"xfer"},{"id":"e1","ts":1791201600000,"cat":"food","amt":-3.25,"day":"2026-10-5","io":"xfer"}]|1791028800000,2026-10-3
flat	[{"id":"e0","ts":1791198000000,"cat":"food","amt":0,"day":"2026-10-5","io":"xfer"},{"id":"e1","ts":1791201600000,"cat":"food","amt":-3.25,"day":"2026-10-5","io":"xfer"}]|1791028800000,2026-10-3,2
group	[{"id":"e0","ts":1791201600000,"cat":"food","amt":12345.678,"day":"2026-10-5"},{"id":"e1","ts":1790420400000,"cat":"food","amt":0,"day":"2026-9-26","io":"exp"},{"id":"e2","ts":1791378000000,"cat":"food","amt":1e-7,"day":"2026-10-8"}]|1791201600000,2026-10-5
flat	[{"id":"e0","ts":1791201600000,"cat":"food","amt":12345.678,"day":"2026-10-5"},{"id":"e1","ts":1790420400000,"cat":"food","amt":0,"day":"2026-9-26","io":"exp"},{"id":"e2","ts":1791378000000,"cat":"food","amt":1e-7,"day":"2026-10-8"}]|1791201600000,2026-10-5,0
group	[{"id":"e0","ts":1775732400000,"cat":"food","amt":0,"day":"2026-4-9","io":"xfer"}]|1775304000000,2026-4-4
flat	[{"id":"e0","ts":1775732400000,"cat":"food","amt":0,"day":"2026-4-9","io":"xfer"}]|1775304000000,2026-4-4,0
group	[{"id":"e0","ts":1787630400000,"cat":"food","amt":1e+21,"day":"2026-8-25","io":"xfer"},{"id":"e1","ts":1786932000000,"cat":"food","amt":0.2,"day":"2026-8-17","io":"exp"},{"id":"e2","ts":1787803200000,"cat":"food","amt":0,"day":"2026-8-27"},{"id":"e3","ts":1788145200000,"cat":"food","amt":0.1,"day":"2026-8-31","io":"exp"},{"id":"e4","ts":1787716800000,"cat":"food","amt":0.2,"day":"2026-8-26"},{"id":"e5","ts":1787716800000,"cat":"food","amt":0,"day":"2026-8-26"}]|1787713200000,2026-8-26
flat	[{"id":"e0","ts":1787630400000,"cat":"food","amt":1e+21,"day":"2026-8-25","io":"xfer"},{"id":"e1","ts":1786932000000,"cat":"food","amt":0.2,"day":"2026-8-17","io":"exp"},{"id":"e2","ts":1787803200000,"cat":"food","amt":0,"day":"2026-8-27"},{"id":"e3","ts":1788145200000,"cat":"food","amt":0.1,"day":"2026-8-31","io":"exp"},{"id":"e4","ts":1787716800000,"cat":"food","amt":0.2,"day":"2026-8-26"},{"id":"e5","ts":1787716800000,"cat":"food","amt":0,"day":"2026-8-26"}]|1787713200000,2026-8-26,4
group	[{"id":"e0","ts":1767319200000,"cat":"food","amt":-3.25,"day":"2026-1-2","io":"inc"},{"id":"e1","ts":1767229200000,"cat":"food","amt":0.1,"day":"2026-1-1","io":"inc"},{"id":"e2","ts":1767229200000,"cat":"food","amt":1,"day":"2026-1-1","io":"xfer"},{"id":"e3","ts":1767229200000,"cat":"food","amt":0,"day":"2026-1-1","io":"xfer"},{"id":"e4","ts":1767661200000,"cat":"food","amt":0,"day":"2026-1-6","io":"exp"},{"id":"e5","ts":1767229200000,"cat":"food","amt":1e-7,"day":"2026-1-1","io":"exp"},{"id":"e6","ts":1767319200000,"cat":"food","amt":-3.25,"day":"2026-1-2","io":"exp"}]|1767229200000,2026-1-1
flat	[{"id":"e0","ts":1767319200000,"cat":"food","amt":-3.25,"day":"2026-1-2","io":"inc"},{"id":"e1","ts":1767229200000,"cat":"food","amt":0.1,"day":"2026-1-1","io":"inc"},{"id":"e2","ts":1767229200000,"cat":"food","amt":1,"day":"2026-1-1","io":"xfer"},{"id":"e3","ts":1767229200000,"cat":"food","amt":0,"day":"2026-1-1","io":"xfer"},{"id":"e4","ts":1767661200000,"cat":"food","amt":0,"day":"2026-1-6","io":"exp"},{"id":"e5","ts":1767229200000,"cat":"food","amt":1e-7,"day":"2026-1-1","io":"exp"},{"id":"e6","ts":1767319200000,"cat":"food","amt":-3.25,"day":"2026-1-2","io":"exp"}]|1767229200000,2026-1-1,1
group	[{"id":"e0","ts":1767276000000,"cat":"food","amt":0.1,"day":"2026-1-2","io":"exp"},{"id":"e1","ts":1767096000000,"cat":"food","amt":12345.678,"day":"2025-12-30"},{"id":"e2","ts":1767272400000,"cat":"food","amt":1e-7,"day":"2026-1-2"},{"id":"e3","ts":1767186000000,"cat":"food","amt":0,"day":"2026-1-1","io":"inc"},{"id":"e4","ts":1766412000000,"cat":"food","amt":1e-7,"day":"2025-12-23","io":"xfer"},{"id":"e5","ts":1766408400000,"cat":"food","amt":0.1,"day":"2025-12-23","io":"inc"}]|1767186000000,2026-1-1
flat	[{"id":"e0","ts":1767276000000,"cat":"food","amt":0.1,"day":"2026-1-2","io":"exp"},{"id":"e1","ts":1767096000000,"cat":"food","amt":12345.678,"day":"2025-12-30"},{"id":"e2","ts":1767272400000,"cat":"food","amt":1e-7,"day":"2026-1-2"},{"id":"e3","ts":1767186000000,"cat":"food","amt":0,"day":"2026-1-1","io":"inc"},{"id":"e4","ts":1766412000000,"cat":"food","amt":1e-7,"day":"2025-12-23","io":"xfer"},{"id":"e5","ts":1766408400000,"cat":"food","amt":0.1,"day":"2025-12-23","io":"inc"}]|1767186000000,2026-1-1,1
group	[{"id":"e0","ts":1791205200000,"cat":"food","amt":12345.678,"day":"2026-10-6"},{"id":"e1","ts":1791284400000,"cat":"food","amt":0,"day":"2026-10-6","io":"inc"},{"id":"e2","ts":1790427600000,"cat":"food","amt":1e-7,"day":"2026-9-26","io":"xfer"},{"id":"e3","ts":1791028800000,"cat":"food","amt":1,"day":"2026-10-3","io":"xfer"},{"id":"e4","ts":1791284400000,"cat":"food","amt":10.5,"day":"2026-10-6","io":"exp"},{"id":"e5","ts":1791288000000,"cat":"food","amt":1e+21,"day":"2026-10-6","io":"xfer"}]|1791201600000,2026-10-5
flat	[{"id":"e0","ts":1791205200000,"cat":"food","amt":12345.678,"day":"2026-10-6"},{"id":"e1","ts":1791284400000,"cat":"food","amt":0,"day":"2026-10-6","io":"inc"},{"id":"e2","ts":1790427600000,"cat":"food","amt":1e-7,"day":"2026-9-26","io":"xfer"},{"id":"e3","ts":1791028800000,"cat":"food","amt":1,"day":"2026-10-3","io":"xfer"},{"id":"e4","ts":1791284400000,"cat":"food","amt":10.5,"day":"2026-10-6","io":"exp"},{"id":"e5","ts":1791288000000,"cat":"food","amt":1e+21,"day":"2026-10-6","io":"xfer"}]|1791201600000,2026-10-5,0
group	[{"id":"e0","ts":1775649600000,"cat":"food","amt":0.2,"day":"2026-4-8","io":"exp"},{"id":"e1","ts":1775912400000,"cat":"food","amt":10.5,"day":"2026-4-11"},{"id":"e2","ts":1775905200000,"cat":"food","amt":1,"day":"2026-4-11","io":"inc"},{"id":"e3","ts":1775304000000,"cat":"food","amt":0.1,"day":"2026-4-4","io":"exp"},{"id":"e4","ts":1775908800000,"cat":"food","amt":-3.25,"day":"2026-4-11","io":"exp"},{"id":"e5","ts":1775473200000,"cat":"food","amt":0,"day":"2026-4-6"},{"id":"e6","ts":1775908800000,"cat":"food","amt":0,"day":"2026-4-11"}]|1775476800000,2026-4-6
flat	[{"id":"e0","ts":1775649600000,"cat":"food","amt":0.2,"day":"2026-4-8","io":"exp"},{"id":"e1","ts":1775912400000,"cat":"food","amt":10.5,"day":"2026-4-11"},{"id":"e2","ts":1775905200000,"cat":"food","amt":1,"day":"2026-4-11","io":"inc"},{"id":"e3","ts":1775304000000,"cat":"food","amt":0.1,"day":"2026-4-4","io":"exp"},{"id":"e4","ts":1775908800000,"cat":"food","amt":-3.25,"day":"2026-4-11","io":"exp"},{"id":"e5","ts":1775473200000,"cat":"food","amt":0,"day":"2026-4-6"},{"id":"e6","ts":1775908800000,"cat":"food","amt":0,"day":"2026-4-11"}]|1775476800000,2026-4-6,0
group	[{"id":"e0","ts":1787612400000,"cat":"food","amt":1e-7,"day":"2026-8-25"},{"id":"e1","ts":1787868000000,"cat":"food","amt":12345.678,"day":"2026-8-28","io":"xfer"},{"id":"e2","ts":1788213600000,"cat":"food","amt":0.1,"day":"2026-9-1","io":"inc"},{"id":"e3","ts":1787608800000,"cat":"food","amt":1e+21,"day":"2026-8-25","io":"inc"}]|1787781600000,2026-8-27
flat	[{"id":"e0","ts":1787612400000,"cat":"food","amt":1e-7,"day":"2026-8-25"},{"id":"e1","ts":1787868000000,"cat":"food","amt":12345.678,"day":"2026-8-28","io":"xfer"},{"id":"e2","ts":1788213600000,"cat":"food","amt":0.1,"day":"2026-9-1","io":"inc"},{"id":"e3","ts":1787608800000,"cat":"food","amt":1e+21,"day":"2026-8-25","io":"inc"}]|1787781600000,2026-8-27,1
group	[{"id":"e0","ts":1787958000000,"cat":"food","amt":0,"day":"2026-8-29","io":"xfer"}]|1787781600000,2026-8-27
flat	[{"id":"e0","ts":1787958000000,"cat":"food","amt":0,"day":"2026-8-29","io":"xfer"}]|1787781600000,2026-8-27,0
group	[]|1775390400000,2026-4-5
flat	[]|1775390400000,2026-4-5,3
group	[{"id":"e0","ts":1775649600000,"cat":"food","amt":0.2,"day":"2026-4-8","io":"xfer"},{"id":"e1","ts":1775476800000,"cat":"food","amt":12345.678,"day":"2026-4-6","io":"xfer"},{"id":"e2","ts":1775566800000,"cat":"food","amt":0,"day":"2026-4-7","io":"xfer"},{"id":"e3","ts":1775649600000,"cat":"food","amt":0.2,"day":"2026-4-8"},{"id":"e4","ts":1775390400000,"cat":"food","amt":0,"day":"2026-4-5","io":"exp"}]|1775476800000,2026-4-6
flat	[{"id":"e0","ts":1775649600000,"cat":"food","amt":0.2,"day":"2026-4-8","io":"xfer"},{"id":"e1","ts":1775476800000,"cat":"food","amt":12345.678,"day":"2026-4-6","io":"xfer"},{"id":"e2","ts":1775566800000,"cat":"food","amt":0,"day":"2026-4-7","io":"xfer"},{"id":"e3","ts":1775649600000,"cat":"food","amt":0.2,"day":"2026-4-8"},{"id":"e4","ts":1775390400000,"cat":"food","amt":0,"day":"2026-4-5","io":"exp"}]|1775476800000,2026-4-6,2
group	[{"id":"e0","ts":1791118800000,"cat":"food","amt":0,"day":"2026-10-5","io":"inc"}]|1791115200000,2026-10-4
flat	[{"id":"e0","ts":1791118800000,"cat":"food","amt":0,"day":"2026-10-5","io":"inc"}]|1791115200000,2026-10-4,1
group	[]|1775476800000,2026-4-6
flat	[]|1775476800000,2026-4-6,2
group	[{"id":"e0","ts":1767142800000,"cat":"food","amt":1,"day":"2025-12-31","io":"xfer"},{"id":"e1","ts":1766448000000,"cat":"food","amt":0.1,"day":"2025-12-23"},{"id":"e2","ts":1767232800000,"cat":"food","amt":0.1,"day":"2026-1-1","io":"xfer"},{"id":"e3","ts":1767398400000,"cat":"food","amt":0,"day":"2026-1-3","io":"exp"},{"id":"e4","ts":1767657600000,"cat":"food","amt":-3.25,"day":"2026-1-6","io":"inc"}]|1767229200000,2026-1-1
flat	[{"id":"e0","ts":1767142800000,"cat":"food","amt":1,"day":"2025-12-31","io":"xfer"},{"id":"e1","ts":1766448000000,"cat":"food","amt":0.1,"day":"2025-12-23"},{"id":"e2","ts":1767232800000,"cat":"food","amt":0.1,"day":"2026-1-1","io":"xfer"},{"id":"e3","ts":1767398400000,"cat":"food","amt":0,"day":"2026-1-3","io":"exp"},{"id":"e4","ts":1767657600000,"cat":"food","amt":-3.25,"day":"2026-1-6","io":"inc"}]|1767229200000,2026-1-1,2
group	[{"id":"e0","ts":1766451600000,"cat":"food","amt":0.2,"day":"2025-12-23"},{"id":"e1","ts":1767657600000,"cat":"food","amt":1e+21,"day":"2026-1-6","io":"exp"},{"id":"e2","ts":1767315600000,"cat":"food","amt":0,"day":"2026-1-2","io":"inc"},{"id":"e3","ts":1767146400000,"cat":"food","amt":0.1,"day":"2025-12-31","io":"exp"},{"id":"e4","ts":1767229200000,"cat":"food","amt":-3.25,"day":"2026-1-1","io":"exp"},{"id":"e5","ts":1766448000000,"cat":"food","amt":0.2,"day":"2025-12-23","io":"xfer"}]|1767229200000,2026-1-1
flat	[{"id":"e0","ts":1766451600000,"cat":"food","amt":0.2,"day":"2025-12-23"},{"id":"e1","ts":1767657600000,"cat":"food","amt":1e+21,"day":"2026-1-6","io":"exp"},{"id":"e2","ts":1767315600000,"cat":"food","amt":0,"day":"2026-1-2","io":"inc"},{"id":"e3","ts":1767146400000,"cat":"food","amt":0.1,"day":"2025-12-31","io":"exp"},{"id":"e4","ts":1767229200000,"cat":"food","amt":-3.25,"day":"2026-1-1","io":"exp"},{"id":"e5","ts":1766448000000,"cat":"food","amt":0.2,"day":"2025-12-23","io":"xfer"}]|1767229200000,2026-1-1,1
group	[{"id":"e0","ts":1775822400000,"cat":"food","amt":1,"day":"2026-4-10","io":"xfer"},{"id":"e1","ts":1774616400000,"cat":"food","amt":10.5,"day":"2026-3-28"},{"id":"e2","ts":1774616400000,"cat":"food","amt":1e-7,"day":"2026-3-28","io":"exp"},{"id":"e3","ts":1775818800000,"cat":"food","amt":0,"day":"2026-4-10"},{"id":"e4","ts":1775304000000,"cat":"food","amt":0.1,"day":"2026-4-4","io":"xfer"}]|1775390400000,2026-4-5
flat	[{"id":"e0","ts":1775822400000,"cat":"food","amt":1,"day":"2026-4-10","io":"xfer"},{"id":"e1","ts":1774616400000,"cat":"food","amt":10.5,"day":"2026-3-28"},{"id":"e2","ts":1774616400000,"cat":"food","amt":1e-7,"day":"2026-3-28","io":"exp"},{"id":"e3","ts":1775818800000,"cat":"food","amt":0,"day":"2026-4-10"},{"id":"e4","ts":1775304000000,"cat":"food","amt":0.1,"day":"2026-4-4","io":"xfer"}]|1775390400000,2026-4-5,2
group	[]|1791115200000,2026-10-4
flat	[]|1791115200000,2026-10-4,0
group	[{"id":"e0","ts":1775304000000,"cat":"food","amt":-3.25,"day":"2026-4-4","io":"xfer"}]|1775304000000,2026-4-4
flat	[{"id":"e0","ts":1775304000000,"cat":"food","amt":-3.25,"day":"2026-4-4","io":"xfer"}]|1775304000000,2026-4-4,1
group	[{"id":"e0","ts":1791028800000,"cat":"food","amt":12345.678,"day":"2026-10-3","io":"exp"}]|1791201600000,2026-10-5
flat	[{"id":"e0","ts":1791028800000,"cat":"food","amt":12345.678,"day":"2026-10-3","io":"exp"}]|1791201600000,2026-10-5,0
group	[]|1775390400000,2026-4-5
flat	[]|1775390400000,2026-4-5,1
group	[]|1767186000000,2026-1-1
flat	[]|1767186000000,2026-1-1,2
group	[{"id":"e0","ts":1775304000000,"cat":"food","amt":0,"day":"2026-4-4","io":"xfer"},{"id":"e1","ts":1775300400000,"cat":"food","amt":1e-7,"day":"2026-4-4","io":"xfer"},{"id":"e2","ts":1775912400000,"cat":"food","amt":1e+21,"day":"2026-4-11"},{"id":"e3","ts":1775905200000,"cat":"food","amt":0.1,"day":"2026-4-11"},{"id":"e4","ts":1775908800000,"cat":"food","amt":10.5,"day":"2026-4-11","io":"xfer"}]|1775476800000,2026-4-6
flat	[{"id":"e0","ts":1775304000000,"cat":"food","amt":0,"day":"2026-4-4","io":"xfer"},{"id":"e1","ts":1775300400000,"cat":"food","amt":1e-7,"day":"2026-4-4","io":"xfer"},{"id":"e2","ts":1775912400000,"cat":"food","amt":1e+21,"day":"2026-4-11"},{"id":"e3","ts":1775905200000,"cat":"food","amt":0.1,"day":"2026-4-11"},{"id":"e4","ts":1775908800000,"cat":"food","amt":10.5,"day":"2026-4-11","io":"xfer"}]|1775476800000,2026-4-6,2
group	[{"id":"e0","ts":1775217600000,"cat":"food","amt":0.1,"day":"2026-4-3","io":"xfer"},{"id":"e1","ts":1775386800000,"cat":"food","amt":0.2,"day":"2026-4-5","io":"xfer"},{"id":"e2","ts":1775390400000,"cat":"food","amt":0.1,"day":"2026-4-5","io":"xfer"},{"id":"e3","ts":1774612800000,"cat":"food","amt":1e-7,"day":"2026-3-27","io":"exp"}]|1775390400000,2026-4-5
flat	[{"id":"e0","ts":1775217600000,"cat":"food","amt":0.1,"day":"2026-4-3","io":"xfer"},{"id":"e1","ts":1775386800000,"cat":"food","amt":0.2,"day":"2026-4-5","io":"xfer"},{"id":"e2","ts":1775390400000,"cat":"food","amt":0.1,"day":"2026-4-5","io":"xfer"},{"id":"e3","ts":1774612800000,"cat":"food","amt":1e-7,"day":"2026-3-27","io":"exp"}]|1775390400000,2026-4-5,3
group	[{"id":"e0","ts":1767657600000,"cat":"food","amt":0.2,"day":"2026-1-6"},{"id":"e1","ts":1767229200000,"cat":"food","amt":0.2,"day":"2026-1-1","io":"exp"},{"id":"e2","ts":1767142800000,"cat":"food","amt":10.5,"day":"2025-12-31"},{"id":"e3","ts":1767402000000,"cat":"food","amt":0.2,"day":"2026-1-3","io":"inc"},{"id":"e4","ts":1767402000000,"cat":"food","amt":10.5,"day":"2026-1-3","io":"exp"},{"id":"e5","ts":1767232800000,"cat":"food","amt":1e-7,"day":"2026-1-1"}]|1767229200000,2026-1-1
flat	[{"id":"e0","ts":1767657600000,"cat":"food","amt":0.2,"day":"2026-1-6"},{"id":"e1","ts":1767229200000,"cat":"food","amt":0.2,"day":"2026-1-1","io":"exp"},{"id":"e2","ts":1767142800000,"cat":"food","amt":10.5,"day":"2025-12-31"},{"id":"e3","ts":1767402000000,"cat":"food","amt":0.2,"day":"2026-1-3","io":"inc"},{"id":"e4","ts":1767402000000,"cat":"food","amt":10.5,"day":"2026-1-3","io":"exp"},{"id":"e5","ts":1767232800000,"cat":"food","amt":1e-7,"day":"2026-1-1"}]|1767229200000,2026-1-1,1
group	[{"id":"e0","ts":1791288000000,"cat":"food","amt":1,"day":"2026-10-6","io":"exp"}]|1791201600000,2026-10-5
flat	[{"id":"e0","ts":1791288000000,"cat":"food","amt":1,"day":"2026-10-6","io":"exp"}]|1791201600000,2026-10-5,1
group	[{"id":"e0","ts":1775300400000,"cat":"food","amt":1,"day":"2026-4-4"},{"id":"e1","ts":1774522800000,"cat":"food","amt":0,"day":"2026-3-26"},{"id":"e2","ts":1775739600000,"cat":"food","amt":1e-7,"day":"2026-4-9"},{"id":"e3","ts":1775476800000,"cat":"food","amt":1e-7,"day":"2026-4-6","io":"exp"},{"id":"e4","ts":1775214000000,"cat":"food","amt":1e+21,"day":"2026-4-3","io":"xfer"}]|1775304000000,2026-4-4
flat	[{"id":"e0","ts":1775300400000,"cat":"food","amt":1,"day":"2026-4-4"},{"id":"e1","ts":1774522800000,"cat":"food","amt":0,"day":"2026-3-26"},{"id":"e2","ts":1775739600000,"cat":"food","amt":1e-7,"day":"2026-4-9"},{"id":"e3","ts":1775476800000,"cat":"food","amt":1e-7,"day":"2026-4-6","io":"exp"},{"id":"e4","ts":1775214000000,"cat":"food","amt":1e+21,"day":"2026-4-3","io":"xfer"}]|1775304000000,2026-4-4,1
group	[{"id":"e0","ts":1767103200000,"cat":"food","amt":12345.678,"day":"2025-12-31","io":"inc"},{"id":"e1","ts":1767009600000,"cat":"food","amt":1e-7,"day":"2025-12-29","io":"exp"},{"id":"e2","ts":1767355200000,"cat":"food","amt":1e-7,"day":"2026-1-2","io":"xfer"},{"id":"e3","ts":1767276000000,"cat":"food","amt":-3.25,"day":"2026-1-2","io":"inc"}]|1767186000000,2026-1-1
flat	[{"id":"e0","ts":1767103200000,"cat":"food","amt":12345.678,"day":"2025-12-31","io":"inc"},{"id":"e1","ts":1767009600000,"cat":"food","amt":1e-7,"day":"2025-12-29","io":"exp"},{"id":"e2","ts":1767355200000,"cat":"food","amt":1e-7,"day":"2026-1-2","io":"xfer"},{"id":"e3","ts":1767276000000,"cat":"food","amt":-3.25,"day":"2026-1-2","io":"inc"}]|1767186000000,2026-1-1,4
group	[{"id":"e0","ts":1791205200000,"cat":"food","amt":0.2,"day":"2026-10-6","io":"exp"},{"id":"e1","ts":1791378000000,"cat":"food","amt":0,"day":"2026-10-8"},{"id":"e2","ts":1791111600000,"cat":"food","amt":0.2,"day":"2026-10-4","io":"exp"},{"id":"e3","ts":1791374400000,"cat":"food","amt":1e+21,"day":"2026-10-7"},{"id":"e4","ts":1791201600000,"cat":"food","amt":0,"day":"2026-10-5","io":"exp"}]|1791201600000,2026-10-5
flat	[{"id":"e0","ts":1791205200000,"cat":"food","amt":0.2,"day":"2026-10-6","io":"exp"},{"id":"e1","ts":1791378000000,"cat":"food","amt":0,"day":"2026-10-8"},{"id":"e2","ts":1791111600000,"cat":"food","amt":0.2,"day":"2026-10-4","io":"exp"},{"id":"e3","ts":1791374400000,"cat":"food","amt":1e+21,"day":"2026-10-7"},{"id":"e4","ts":1791201600000,"cat":"food","amt":0,"day":"2026-10-5","io":"exp"}]|1791201600000,2026-10-5,1
group	[{"id":"e0","ts":1791374400000,"cat":"food","amt":0,"day":"2026-10-7","io":"xfer"},{"id":"e1","ts":1791028800000,"cat":"food","amt":-3.25,"day":"2026-10-3","io":"exp"}]|1791201600000,2026-10-5
flat	[{"id":"e0","ts":1791374400000,"cat":"food","amt":0,"day":"2026-10-7","io":"xfer"},{"id":"e1","ts":1791028800000,"cat":"food","amt":-3.25,"day":"2026-10-3","io":"exp"}]|1791201600000,2026-10-5,3
group	[{"id":"e0","ts":1790424000000,"cat":"food","amt":-3.25,"day":"2026-9-26","io":"xfer"},{"id":"e1","ts":1791118800000,"cat":"food","amt":1e-7,"day":"2026-10-5","io":"inc"},{"id":"e2","ts":1791291600000,"cat":"food","amt":12345.678,"day":"2026-10-7","io":"xfer"},{"id":"e3","ts":1791028800000,"cat":"food","amt":12345.678,"day":"2026-10-3","io":"exp"},{"id":"e4","ts":1791630000000,"cat":"food","amt":1e-7,"day":"2026-10-10","io":"exp"},{"id":"e5","ts":1791201600000,"cat":"food","amt":0.2,"day":"2026-10-5","io":"inc"},{"id":"e6","ts":1790424000000,"cat":"food","amt":1e-7,"day":"2026-9-26"}]|1791201600000,2026-10-5
flat	[{"id":"e0","ts":1790424000000,"cat":"food","amt":-3.25,"day":"2026-9-26","io":"xfer"},{"id":"e1","ts":1791118800000,"cat":"food","amt":1e-7,"day":"2026-10-5","io":"inc"},{"id":"e2","ts":1791291600000,"cat":"food","amt":12345.678,"day":"2026-10-7","io":"xfer"},{"id":"e3","ts":1791028800000,"cat":"food","amt":12345.678,"day":"2026-10-3","io":"exp"},{"id":"e4","ts":1791630000000,"cat":"food","amt":1e-7,"day":"2026-10-10","io":"exp"},{"id":"e5","ts":1791201600000,"cat":"food","amt":0.2,"day":"2026-10-5","io":"inc"},{"id":"e6","ts":1790424000000,"cat":"food","amt":1e-7,"day":"2026-9-26"}]|1791201600000,2026-10-5,0
group	[{"id":"e0","ts":1791284400000,"cat":"food","amt":12345.678,"day":"2026-10-6","io":"exp"},{"id":"e1","ts":1791118800000,"cat":"food","amt":10.5,"day":"2026-10-5"}]|1791115200000,2026-10-4
flat	[{"id":"e0","ts":1791284400000,"cat":"food","amt":12345.678,"day":"2026-10-6","io":"exp"},{"id":"e1","ts":1791118800000,"cat":"food","amt":10.5,"day":"2026-10-5"}]|1791115200000,2026-10-4,1
group	[{"id":"e0","ts":1767013200000,"cat":"food","amt":0.1,"day":"2025-12-30","io":"xfer"},{"id":"e1","ts":1767362400000,"cat":"food","amt":0,"day":"2026-1-3","io":"inc"},{"id":"e2","ts":1767276000000,"cat":"food","amt":10.5,"day":"2026-1-2"},{"id":"e3","ts":1767355200000,"cat":"food","amt":0,"day":"2026-1-2"},{"id":"e4","ts":1767182400000,"cat":"food","amt":12345.678,"day":"2025-12-31"},{"id":"e5","ts":1767618000000,"cat":"food","amt":1,"day":"2026-1-6","io":"inc"},{"id":"e6","ts":1767621600000,"cat":"food","amt":12345.678,"day":"2026-1-6","io":"inc"}]|1767186000000,2026-1-1
flat	[{"id":"e0","ts":1767013200000,"cat":"food","amt":0.1,"day":"2025-12-30","io":"xfer"},{"id":"e1","ts":1767362400000,"cat":"food","amt":0,"day":"2026-1-3","io":"inc"},{"id":"e2","ts":1767276000000,"cat":"food","amt":10.5,"day":"2026-1-2"},{"id":"e3","ts":1767355200000,"cat":"food","amt":0,"day":"2026-1-2"},{"id":"e4","ts":1767182400000,"cat":"food","amt":12345.678,"day":"2025-12-31"},{"id":"e5","ts":1767618000000,"cat":"food","amt":1,"day":"2026-1-6","io":"inc"},{"id":"e6","ts":1767621600000,"cat":"food","amt":12345.678,"day":"2026-1-6","io":"inc"}]|1767186000000,2026-1-1,0
group	[{"id":"e0","ts":1775476800000,"cat":"food","amt":-3.25,"day":"2026-4-6","io":"xfer"},{"id":"e1","ts":1775304000000,"cat":"food","amt":0.2,"day":"2026-4-4","io":"inc"},{"id":"e2","ts":1775304000000,"cat":"food","amt":1e-7,"day":"2026-4-4","io":"inc"}]|1775304000000,2026-4-4
flat	[{"id":"e0","ts":1775476800000,"cat":"food","amt":-3.25,"day":"2026-4-6","io":"xfer"},{"id":"e1","ts":1775304000000,"cat":"food","amt":0.2,"day":"2026-4-4","io":"inc"},{"id":"e2","ts":1775304000000,"cat":"food","amt":1e-7,"day":"2026-4-4","io":"inc"}]|1775304000000,2026-4-4,3
group	[{"id":"e0","ts":1790341200000,"cat":"food","amt":1e-7,"day":"2026-9-25","io":"inc"}]|1791115200000,2026-10-4
flat	[{"id":"e0","ts":1790341200000,"cat":"food","amt":1e-7,"day":"2026-9-25","io":"inc"}]|1791115200000,2026-10-4,1
group	[{"id":"e0","ts":1786932000000,"cat":"food","amt":10.5,"day":"2026-8-17"},{"id":"e1","ts":1787709600000,"cat":"food","amt":12345.678,"day":"2026-8-26","io":"inc"},{"id":"e2","ts":1787713200000,"cat":"food","amt":1e-7,"day":"2026-8-26","io":"exp"},{"id":"e3","ts":1787796000000,"cat":"food","amt":10.5,"day":"2026-8-27"},{"id":"e4","ts":1787803200000,"cat":"food","amt":-3.25,"day":"2026-8-27","io":"xfer"},{"id":"e5","ts":1787623200000,"cat":"food","amt":0.2,"day":"2026-8-25","io":"exp"},{"id":"e6","ts":1787623200000,"cat":"food","amt":0.2,"day":"2026-8-25"}]|1787713200000,2026-8-26
flat	[{"id":"e0","ts":1786932000000,"cat":"food","amt":10.5,"day":"2026-8-17"},{"id":"e1","ts":1787709600000,"cat":"food","amt":12345.678,"day":"2026-8-26","io":"inc"},{"id":"e2","ts":1787713200000,"cat":"food","amt":1e-7,"day":"2026-8-26","io":"exp"},{"id":"e3","ts":1787796000000,"cat":"food","amt":10.5,"day":"2026-8-27"},{"id":"e4","ts":1787803200000,"cat":"food","amt":-3.25,"day":"2026-8-27","io":"xfer"},{"id":"e5","ts":1787623200000,"cat":"food","amt":0.2,"day":"2026-8-25","io":"exp"},{"id":"e6","ts":1787623200000,"cat":"food","amt":0.2,"day":"2026-8-25"}]|1787713200000,2026-8-26,2
group	[{"id":"e0","ts":1791543600000,"cat":"food","amt":1e-7,"day":"2026-10-9"},{"id":"e1","ts":1790337600000,"cat":"food","amt":10.5,"day":"2026-9-25"}]|1791115200000,2026-10-4
flat	[{"id":"e0","ts":1791543600000,"cat":"food","amt":1e-7,"day":"2026-10-9"},{"id":"e1","ts":1790337600000,"cat":"food","amt":10.5,"day":"2026-9-25"}]|1791115200000,2026-10-4,0
group	[{"id":"e0","ts":1775214000000,"cat":"food","amt":0,"day":"2026-4-3"}]|1775304000000,2026-4-4
flat	[{"id":"e0","ts":1775214000000,"cat":"food","amt":0,"day":"2026-4-3"}]|1775304000000,2026-4-4,1
group	[{"id":"e0","ts":1774522800000,"cat":"food","amt":1e-7,"day":"2026-3-26","io":"xfer"},{"id":"e1","ts":1775304000000,"cat":"food","amt":1e+21,"day":"2026-4-4"},{"id":"e2","ts":1775304000000,"cat":"food","amt":1e-7,"day":"2026-4-4","io":"xfer"}]|1775304000000,2026-4-4
flat	[{"id":"e0","ts":1774522800000,"cat":"food","amt":1e-7,"day":"2026-3-26","io":"xfer"},{"id":"e1","ts":1775304000000,"cat":"food","amt":1e+21,"day":"2026-4-4"},{"id":"e2","ts":1775304000000,"cat":"food","amt":1e-7,"day":"2026-4-4","io":"xfer"}]|1775304000000,2026-4-4,1
group	[]|1787713200000,2026-8-26
flat	[]|1787713200000,2026-8-26,0
group	[{"id":"e0","ts":1787004000000,"cat":"food","amt":0.1,"day":"2026-8-18","io":"inc"},{"id":"e1","ts":1787698800000,"cat":"food","amt":12345.678,"day":"2026-8-26","io":"exp"},{"id":"e2","ts":1787950800000,"cat":"food","amt":-3.25,"day":"2026-8-29","io":"exp"},{"id":"e3","ts":1787698800000,"cat":"food","amt":1,"day":"2026-8-26","io":"xfer"},{"id":"e4","ts":1787868000000,"cat":"food","amt":-3.25,"day":"2026-8-28","io":"exp"},{"id":"e5","ts":1787871600000,"cat":"food","amt":1e+21,"day":"2026-8-28"},{"id":"e6","ts":1787778000000,"cat":"food","amt":12345.678,"day":"2026-8-27","io":"exp"}]|1787781600000,2026-8-27
flat	[{"id":"e0","ts":1787004000000,"cat":"food","amt":0.1,"day":"2026-8-18","io":"inc"},{"id":"e1","ts":1787698800000,"cat":"food","amt":12345.678,"day":"2026-8-26","io":"exp"},{"id":"e2","ts":1787950800000,"cat":"food","amt":-3.25,"day":"2026-8-29","io":"exp"},{"id":"e3","ts":1787698800000,"cat":"food","amt":1,"day":"2026-8-26","io":"xfer"},{"id":"e4","ts":1787868000000,"cat":"food","amt":-3.25,"day":"2026-8-28","io":"exp"},{"id":"e5","ts":1787871600000,"cat":"food","amt":1e+21,"day":"2026-8-28"},{"id":"e6","ts":1787778000000,"cat":"food","amt":12345.678,"day":"2026-8-27","io":"exp"}]|1787781600000,2026-8-27,3
group	[{"id":"e0","ts":1775912400000,"cat":"food","amt":1,"day":"2026-4-11","io":"inc"},{"id":"e1","ts":1775390400000,"cat":"food","amt":1e-7,"day":"2026-4-5","io":"inc"},{"id":"e2","ts":1775908800000,"cat":"food","amt":10.5,"day":"2026-4-11"},{"id":"e3","ts":1775476800000,"cat":"food","amt":1,"day":"2026-4-6"},{"id":"e4","ts":1775649600000,"cat":"food","amt":0,"day":"2026-4-8","io":"inc"},{"id":"e5","ts":1775304000000,"cat":"food","amt":-3.25,"day":"2026-4-4","io":"inc"}]|1775476800000,2026-4-6
flat	[{"id":"e0","ts":1775912400000,"cat":"food","amt":1,"day":"2026-4-11","io":"inc"},{"id":"e1","ts":1775390400000,"cat":"food","amt":1e-7,"day":"2026-4-5","io":"inc"},{"id":"e2","ts":1775908800000,"cat":"food","amt":10.5,"day":"2026-4-11"},{"id":"e3","ts":1775476800000,"cat":"food","amt":1,"day":"2026-4-6"},{"id":"e4","ts":1775649600000,"cat":"food","amt":0,"day":"2026-4-8","io":"inc"},{"id":"e5","ts":1775304000000,"cat":"food","amt":-3.25,"day":"2026-4-4","io":"inc"}]|1775476800000,2026-4-6,2
group	[{"id":"e0","ts":1767099600000,"cat":"food","amt":12345.678,"day":"2025-12-31","io":"inc"}]|1767186000000,2026-1-1
flat	[{"id":"e0","ts":1767099600000,"cat":"food","amt":12345.678,"day":"2025-12-31","io":"inc"}]|1767186000000,2026-1-1,4
group	[{"id":"e0","ts":1791032400000,"cat":"food","amt":-3.25,"day":"2026-10-3","io":"inc"}]|1791028800000,2026-10-3
flat	[{"id":"e0","ts":1791032400000,"cat":"food","amt":-3.25,"day":"2026-10-3","io":"inc"}]|1791028800000,2026-10-3,1
group	[{"id":"e0","ts":1767186000000,"cat":"food","amt":10.5,"day":"2026-1-1","io":"exp"},{"id":"e1","ts":1767189600000,"cat":"food","amt":1,"day":"2026-1-1","io":"xfer"},{"id":"e2","ts":1767272400000,"cat":"food","amt":10.5,"day":"2026-1-2"},{"id":"e3","ts":1766408400000,"cat":"food","amt":0,"day":"2025-12-23","io":"inc"},{"id":"e4","ts":1767268800000,"cat":"food","amt":1,"day":"2026-1-1"},{"id":"e5","ts":1767272400000,"cat":"food","amt":12345.678,"day":"2026-1-2","io":"exp"}]|1767186000000,2026-1-1
flat	[{"id":"e0","ts":1767186000000,"cat":"food","amt":10.5,"day":"2026-1-1","io":"exp"},{"id":"e1","ts":1767189600000,"cat":"food","amt":1,"day":"2026-1-1","io":"xfer"},{"id":"e2","ts":1767272400000,"cat":"food","amt":10.5,"day":"2026-1-2"},{"id":"e3","ts":1766408400000,"cat":"food","amt":0,"day":"2025-12-23","io":"inc"},{"id":"e4","ts":1767268800000,"cat":"food","amt":1,"day":"2026-1-1"},{"id":"e5","ts":1767272400000,"cat":"food","amt":12345.678,"day":"2026-1-2","io":"exp"}]|1767186000000,2026-1-1,4
group	[{"id":"e0","ts":1787716800000,"cat":"food","amt":0.1,"day":"2026-8-26"},{"id":"e1","ts":1787886000000,"cat":"food","amt":0,"day":"2026-8-28","io":"inc"},{"id":"e2","ts":1787889600000,"cat":"food","amt":1e+21,"day":"2026-8-28","io":"inc"},{"id":"e3","ts":1787713200000,"cat":"food","amt":1,"day":"2026-8-26","io":"inc"},{"id":"e4","ts":1787626800000,"cat":"food","amt":0.1,"day":"2026-8-25"},{"id":"e5","ts":1787709600000,"cat":"food","amt":1e-7,"day":"2026-8-26","io":"exp"},{"id":"e6","ts":1787716800000,"cat":"food","amt":1,"day":"2026-8-26","io":"inc"}]|1787713200000,2026-8-26
flat	[{"id":"e0","ts":1787716800000,"cat":"food","amt":0.1,"day":"2026-8-26"},{"id":"e1","ts":1787886000000,"cat":"food","amt":0,"day":"2026-8-28","io":"inc"},{"id":"e2","ts":1787889600000,"cat":"food","amt":1e+21,"day":"2026-8-28","io":"inc"},{"id":"e3","ts":1787713200000,"cat":"food","amt":1,"day":"2026-8-26","io":"inc"},{"id":"e4","ts":1787626800000,"cat":"food","amt":0.1,"day":"2026-8-25"},{"id":"e5","ts":1787709600000,"cat":"food","amt":1e-7,"day":"2026-8-26","io":"exp"},{"id":"e6","ts":1787716800000,"cat":"food","amt":1,"day":"2026-8-26","io":"inc"}]|1787713200000,2026-8-26,1
group	[{"id":"e0","ts":1791028800000,"cat":"food","amt":1e+21,"day":"2026-10-3","io":"exp"},{"id":"e1","ts":1791378000000,"cat":"food","amt":1e-7,"day":"2026-10-8","io":"inc"},{"id":"e2","ts":1791115200000,"cat":"food","amt":0,"day":"2026-10-4","io":"exp"},{"id":"e3","ts":1791288000000,"cat":"food","amt":0.2,"day":"2026-10-6","io":"inc"},{"id":"e4","ts":1791374400000,"cat":"food","amt":0.2,"day":"2026-10-7","io":"xfer"},{"id":"e5","ts":1791028800000,"cat":"food","amt":10.5,"day":"2026-10-3","io":"exp"}]|1791201600000,2026-10-5
flat	[{"id":"e0","ts":1791028800000,"cat":"food","amt":1e+21,"day":"2026-10-3","io":"exp"},{"id":"e1","ts":1791378000000,"cat":"food","amt":1e-7,"day":"2026-10-8","io":"inc"},{"id":"e2","ts":1791115200000,"cat":"food","amt":0,"day":"2026-10-4","io":"exp"},{"id":"e3","ts":1791288000000,"cat":"food","amt":0.2,"day":"2026-10-6","io":"inc"},{"id":"e4","ts":1791374400000,"cat":"food","amt":0.2,"day":"2026-10-7","io":"xfer"},{"id":"e5","ts":1791028800000,"cat":"food","amt":10.5,"day":"2026-10-3","io":"exp"}]|1791201600000,2026-10-5,2
group	[{"id":"e0","ts":1774612800000,"cat":"food","amt":1e-7,"day":"2026-3-27","io":"inc"},{"id":"e1","ts":1774612800000,"cat":"food","amt":1e+21,"day":"2026-3-27"},{"id":"e2","ts":1775390400000,"cat":"food","amt":1e+21,"day":"2026-4-5","io":"xfer"},{"id":"e3","ts":1775217600000,"cat":"food","amt":12345.678,"day":"2026-4-3","io":"xfer"},{"id":"e4","ts":1775386800000,"cat":"food","amt":-3.25,"day":"2026-4-5","io":"inc"},{"id":"e5","ts":1775386800000,"cat":"food","amt":10.5,"day":"2026-4-5","io":"exp"}]|1775390400000,2026-4-5
flat	[{"id":"e0","ts":1774612800000,"cat":"food","amt":1e-7,"day":"2026-3-27","io":"inc"},{"id":"e1","ts":1774612800000,"cat":"food","amt":1e+21,"day":"2026-3-27"},{"id":"e2","ts":1775390400000,"cat":"food","amt":1e+21,"day":"2026-4-5","io":"xfer"},{"id":"e3","ts":1775217600000,"cat":"food","amt":12345.678,"day":"2026-4-3","io":"xfer"},{"id":"e4","ts":1775386800000,"cat":"food","amt":-3.25,"day":"2026-4-5","io":"inc"},{"id":"e5","ts":1775386800000,"cat":"food","amt":10.5,"day":"2026-4-5","io":"exp"}]|1775390400000,2026-4-5,1
group	[{"id":"e0","ts":1790856000000,"cat":"food","amt":0.1,"day":"2026-10-1","io":"xfer"}]|1791028800000,2026-10-3
flat	[{"id":"e0","ts":1790856000000,"cat":"food","amt":0.1,"day":"2026-10-1","io":"xfer"}]|1791028800000,2026-10-3,1
group	[]|1791201600000,2026-10-5
flat	[]|1791201600000,2026-10-5,4
group	[{"id":"e0","ts":1791291600000,"cat":"food","amt":0,"day":"2026-10-7","io":"exp"}]|1791115200000,2026-10-4
flat	[{"id":"e0","ts":1791291600000,"cat":"food","amt":0,"day":"2026-10-7","io":"exp"}]|1791115200000,2026-10-4,2
group	[{"id":"e0","ts":1791288000000,"cat":"food","amt":12345.678,"day":"2026-10-6","io":"xfer"},{"id":"e1","ts":1791025200000,"cat":"food","amt":0,"day":"2026-10-3","io":"exp"},{"id":"e2","ts":1790938800000,"cat":"food","amt":0.1,"day":"2026-10-2","io":"exp"},{"id":"e3","ts":1791115200000,"cat":"food","amt":10.5,"day":"2026-10-4","io":"inc"},{"id":"e4","ts":1791111600000,"cat":"food","amt":1e+21,"day":"2026-10-4"},{"id":"e5","ts":1791111600000,"cat":"food","amt":1e-7,"day":"2026-10-4"}]|1791115200000,2026-10-4
flat	[{"id":"e0","ts":1791288000000,"cat":"food","amt":12345.678,"day":"2026-10-6","io":"xfer"},{"id":"e1","ts":1791025200000,"cat":"food","amt":0,"day":"2026-10-3","io":"exp"},{"id":"e2","ts":1790938800000,"cat":"food","amt":0.1,"day":"2026-10-2","io":"exp"},{"id":"e3","ts":1791115200000,"cat":"food","amt":10.5,"day":"2026-10-4","io":"inc"},{"id":"e4","ts":1791111600000,"cat":"food","amt":1e+21,"day":"2026-10-4"},{"id":"e5","ts":1791111600000,"cat":"food","amt":1e-7,"day":"2026-10-4"}]|1791115200000,2026-10-4,3
group	[]|1791115200000,2026-10-4
flat	[]|1791115200000,2026-10-4,1
group	[{"id":"e0","ts":1767315600000,"cat":"food","amt":1e-7,"day":"2026-1-2","io":"xfer"},{"id":"e1","ts":1767405600000,"cat":"food","amt":10.5,"day":"2026-1-3","io":"inc"}]|1767229200000,2026-1-1
flat	[{"id":"e0","ts":1767315600000,"cat":"food","amt":1e-7,"day":"2026-1-2","io":"xfer"},{"id":"e1","ts":1767405600000,"cat":"food","amt":10.5,"day":"2026-1-3","io":"inc"}]|1767229200000,2026-1-1,2
group	[{"id":"e0","ts":1787626800000,"cat":"food","amt":1,"day":"2026-8-25","io":"xfer"},{"id":"e1","ts":1787709600000,"cat":"food","amt":1e+21,"day":"2026-8-26","io":"xfer"}]|1787713200000,2026-8-26
flat	[{"id":"e0","ts":1787626800000,"cat":"food","amt":1,"day":"2026-8-25","io":"xfer"},{"id":"e1","ts":1787709600000,"cat":"food","amt":1e+21,"day":"2026-8-26","io":"xfer"}]|1787713200000,2026-8-26,0
group	[{"id":"e0","ts":1775134800000,"cat":"food","amt":1e+21,"day":"2026-4-3","io":"exp"},{"id":"e1","ts":1775304000000,"cat":"food","amt":1e+21,"day":"2026-4-4","io":"inc"},{"id":"e2","ts":1775736000000,"cat":"food","amt":0,"day":"2026-4-9","io":"exp"},{"id":"e3","ts":1775307600000,"cat":"food","amt":1e-7,"day":"2026-4-5","io":"exp"}]|1775304000000,2026-4-4
flat	[{"id":"e0","ts":1775134800000,"cat":"food","amt":1e+21,"day":"2026-4-3","io":"exp"},{"id":"e1","ts":1775304000000,"cat":"food","amt":1e+21,"day":"2026-4-4","io":"inc"},{"id":"e2","ts":1775736000000,"cat":"food","amt":0,"day":"2026-4-9","io":"exp"},{"id":"e3","ts":1775307600000,"cat":"food","amt":1e-7,"day":"2026-4-5","io":"exp"}]|1775304000000,2026-4-4,1
group	[{"id":"e0","ts":1787007600000,"cat":"food","amt":10.5,"day":"2026-8-18","io":"exp"}]|1787781600000,2026-8-27
flat	[{"id":"e0","ts":1787007600000,"cat":"food","amt":10.5,"day":"2026-8-18","io":"exp"}]|1787781600000,2026-8-27,1
group	[]|1775476800000,2026-4-6
flat	[]|1775476800000,2026-4-6,4
group	[{"id":"e0","ts":1767315600000,"cat":"food","amt":1,"day":"2026-1-2"},{"id":"e1","ts":1767661200000,"cat":"food","amt":12345.678,"day":"2026-1-6","io":"exp"},{"id":"e2","ts":1767229200000,"cat":"food","amt":12345.678,"day":"2026-1-1"},{"id":"e3","ts":1767056400000,"cat":"food","amt":0,"day":"2025-12-30","io":"inc"},{"id":"e4","ts":1767312000000,"cat":"food","amt":0.2,"day":"2026-1-2"},{"id":"e5","ts":1767229200000,"cat":"food","amt":1e+21,"day":"2026-1-1","io":"inc"},{"id":"e6","ts":1767319200000,"cat":"food","amt":0.2,"day":"2026-1-2"}]|1767229200000,2026-1-1
flat	[{"id":"e0","ts":1767315600000,"cat":"food","amt":1,"day":"2026-1-2"},{"id":"e1","ts":1767661200000,"cat":"food","amt":12345.678,"day":"2026-1-6","io":"exp"},{"id":"e2","ts":1767229200000,"cat":"food","amt":12345.678,"day":"2026-1-1"},{"id":"e3","ts":1767056400000,"cat":"food","amt":0,"day":"2025-12-30","io":"inc"},{"id":"e4","ts":1767312000000,"cat":"food","amt":0.2,"day":"2026-1-2"},{"id":"e5","ts":1767229200000,"cat":"food","amt":1e+21,"day":"2026-1-1","io":"inc"},{"id":"e6","ts":1767319200000,"cat":"food","amt":0.2,"day":"2026-1-2"}]|1767229200000,2026-1-1,1
group	[{"id":"e0","ts":1787864400000,"cat":"food","amt":1e+21,"day":"2026-8-28","io":"exp"},{"id":"e1","ts":1787864400000,"cat":"food","amt":0,"day":"2026-8-28","io":"xfer"}]|1787781600000,2026-8-27
flat	[{"id":"e0","ts":1787864400000,"cat":"food","amt":1e+21,"day":"2026-8-28","io":"exp"},{"id":"e1","ts":1787864400000,"cat":"food","amt":0,"day":"2026-8-28","io":"xfer"}]|1787781600000,2026-8-27,3
group	[{"id":"e0","ts":1775818800000,"cat":"food","amt":12345.678,"day":"2026-4-10","io":"exp"}]|1775390400000,2026-4-5
flat	[{"id":"e0","ts":1775818800000,"cat":"food","amt":12345.678,"day":"2026-4-10","io":"exp"}]|1775390400000,2026-4-5,1
group	[{"id":"e0","ts":1775390400000,"cat":"food","amt":12345.678,"day":"2026-4-5","io":"exp"},{"id":"e1","ts":1775300400000,"cat":"food","amt":-3.25,"day":"2026-4-4","io":"xfer"},{"id":"e2","ts":1775480400000,"cat":"food","amt":0.1,"day":"2026-4-6","io":"xfer"},{"id":"e3","ts":1774699200000,"cat":"food","amt":0.1,"day":"2026-3-28","io":"inc"},{"id":"e4","ts":1775908800000,"cat":"food","amt":10.5,"day":"2026-4-11","io":"inc"},{"id":"e5","ts":1775476800000,"cat":"food","amt":10.5,"day":"2026-4-6"}]|1775476800000,2026-4-6
flat	[{"id":"e0","ts":1775390400000,"cat":"food","amt":12345.678,"day":"2026-4-5","io":"exp"},{"id":"e1","ts":1775300400000,"cat":"food","amt":-3.25,"day":"2026-4-4","io":"xfer"},{"id":"e2","ts":1775480400000,"cat":"food","amt":0.1,"day":"2026-4-6","io":"xfer"},{"id":"e3","ts":1774699200000,"cat":"food","amt":0.1,"day":"2026-3-28","io":"inc"},{"id":"e4","ts":1775908800000,"cat":"food","amt":10.5,"day":"2026-4-11","io":"inc"},{"id":"e5","ts":1775476800000,"cat":"food","amt":10.5,"day":"2026-4-6"}]|1775476800000,2026-4-6,4
group	[{"id":"e0","ts":1791201600000,"cat":"food","amt":0,"day":"2026-10-5","io":"inc"},{"id":"e1","ts":1790337600000,"cat":"food","amt":10.5,"day":"2026-9-25","io":"xfer"},{"id":"e2","ts":1791543600000,"cat":"food","amt":0.1,"day":"2026-10-9","io":"exp"},{"id":"e3","ts":1791028800000,"cat":"food","amt":12345.678,"day":"2026-10-3","io":"xfer"},{"id":"e4","ts":1790341200000,"cat":"food","amt":0.1,"day":"2026-9-25","io":"xfer"},{"id":"e5","ts":1790337600000,"cat":"food","amt":0,"day":"2026-9-25","io":"exp"}]|1791115200000,2026-10-4
flat	[{"id":"e0","ts":1791201600000,"cat":"food","amt":0,"day":"2026-10-5","io":"inc"},{"id":"e1","ts":1790337600000,"cat":"food","amt":10.5,"day":"2026-9-25","io":"xfer"},{"id":"e2","ts":1791543600000,"cat":"food","amt":0.1,"day":"2026-10-9","io":"exp"},{"id":"e3","ts":1791028800000,"cat":"food","amt":12345.678,"day":"2026-10-3","io":"xfer"},{"id":"e4","ts":1790341200000,"cat":"food","amt":0.1,"day":"2026-9-25","io":"xfer"},{"id":"e5","ts":1790337600000,"cat":"food","amt":0,"day":"2026-9-25","io":"exp"}]|1791115200000,2026-10-4,1
group	[{"id":"e0","ts":1767315600000,"cat":"food","amt":0.1,"day":"2026-1-2","io":"xfer"},{"id":"e1","ts":1767060000000,"cat":"food","amt":1e-7,"day":"2025-12-30"},{"id":"e2","ts":1767402000000,"cat":"food","amt":0.1,"day":"2026-1-3","io":"xfer"},{"id":"e3","ts":1767139200000,"cat":"food","amt":0,"day":"2025-12-31","io":"xfer"},{"id":"e4","ts":1767142800000,"cat":"food","amt":1e-7,"day":"2025-12-31","io":"xfer"}]|1767229200000,2026-1-1
flat	[{"id":"e0","ts":1767315600000,"cat":"food","amt":0.1,"day":"2026-1-2","io":"xfer"},{"id":"e1","ts":1767060000000,"cat":"food","amt":1e-7,"day":"2025-12-30"},{"id":"e2","ts":1767402000000,"cat":"food","amt":0.1,"day":"2026-1-3","io":"xfer"},{"id":"e3","ts":1767139200000,"cat":"food","amt":0,"day":"2025-12-31","io":"xfer"},{"id":"e4","ts":1767142800000,"cat":"food","amt":1e-7,"day":"2025-12-31","io":"xfer"}]|1767229200000,2026-1-1,0
group	[{"id":"e0","ts":1775476800000,"cat":"food","amt":1e+21,"day":"2026-4-6","io":"exp"},{"id":"e1","ts":1775476800000,"cat":"food","amt":10.5,"day":"2026-4-6","io":"inc"},{"id":"e2","ts":1774616400000,"cat":"food","amt":10.5,"day":"2026-3-28","io":"exp"},{"id":"e3","ts":1775386800000,"cat":"food","amt":1e-7,"day":"2026-4-5","io":"xfer"},{"id":"e4","ts":1775221200000,"cat":"food","amt":1,"day":"2026-4-4","io":"exp"}]|1775390400000,2026-4-5
flat	[{"id":"e0","ts":1775476800000,"cat":"food","amt":1e+21,"day":"2026-4-6","io":"exp"},{"id":"e1","ts":1775476800000,"cat":"food","amt":10.5,"day":"2026-4-6","io":"inc"},{"id":"e2","ts":1774616400000,"cat":"food","amt":10.5,"day":"2026-3-28","io":"exp"},{"id":"e3","ts":1775386800000,"cat":"food","amt":1e-7,"day":"2026-4-5","io":"xfer"},{"id":"e4","ts":1775221200000,"cat":"food","amt":1,"day":"2026-4-4","io":"exp"}]|1775390400000,2026-4-5,2
group	[{"id":"e0","ts":1791118800000,"cat":"food","amt":1e-7,"day":"2026-10-5","io":"xfer"},{"id":"e1","ts":1790337600000,"cat":"food","amt":1,"day":"2026-9-25","io":"xfer"},{"id":"e2","ts":1791115200000,"cat":"food","amt":10.5,"day":"2026-10-4","io":"exp"}]|1791115200000,2026-10-4
flat	[{"id":"e0","ts":1791118800000,"cat":"food","amt":1e-7,"day":"2026-10-5","io":"xfer"},{"id":"e1","ts":1790337600000,"cat":"food","amt":1,"day":"2026-9-25","io":"xfer"},{"id":"e2","ts":1791115200000,"cat":"food","amt":10.5,"day":"2026-10-4","io":"exp"}]|1791115200000,2026-10-4,3
group	[{"id":"e0","ts":1775390400000,"cat":"food","amt":-3.25,"day":"2026-4-5","io":"xfer"}]|1775476800000,2026-4-6
flat	[{"id":"e0","ts":1775390400000,"cat":"food","amt":-3.25,"day":"2026-4-5","io":"xfer"}]|1775476800000,2026-4-6,1
group	[{"id":"e0","ts":1787709600000,"cat":"food","amt":0.2,"day":"2026-8-26","io":"inc"},{"id":"e1","ts":1786935600000,"cat":"food","amt":0.2,"day":"2026-8-17"},{"id":"e2","ts":1787540400000,"cat":"food","amt":1e-7,"day":"2026-8-24"},{"id":"e3","ts":1786939200000,"cat":"food","amt":10.5,"day":"2026-8-17","io":"xfer"},{"id":"e4","ts":1787716800000,"cat":"food","amt":10.5,"day":"2026-8-26"}]|1787713200000,2026-8-26
flat	[{"id":"e0","ts":1787709600000,"cat":"food","amt":0.2,"day":"2026-8-26","io":"inc"},{"id":"e1","ts":1786935600000,"cat":"food","amt":0.2,"day":"2026-8-17"},{"id":"e2","ts":1787540400000,"cat":"food","amt":1e-7,"day":"2026-8-24"},{"id":"e3","ts":1786939200000,"cat":"food","amt":10.5,"day":"2026-8-17","io":"xfer"},{"id":"e4","ts":1787716800000,"cat":"food","amt":10.5,"day":"2026-8-26"}]|1787713200000,2026-8-26,1
group	[{"id":"e0","ts":1775390400000,"cat":"food","amt":1,"day":"2026-4-5","io":"inc"},{"id":"e1","ts":1775214000000,"cat":"food","amt":-3.25,"day":"2026-4-3"},{"id":"e2","ts":1775822400000,"cat":"food","amt":1e+21,"day":"2026-4-10","io":"xfer"}]|1775390400000,2026-4-5
flat	[{"id":"e0","ts":1775390400000,"cat":"food","amt":1,"day":"2026-4-5","io":"inc"},{"id":"e1","ts":1775214000000,"cat":"food","amt":-3.25,"day":"2026-4-3"},{"id":"e2","ts":1775822400000,"cat":"food","amt":1e+21,"day":"2026-4-10","io":"xfer"}]|1775390400000,2026-4-5,4
group	[{"id":"e0","ts":1766412000000,"cat":"food","amt":0.1,"day":"2025-12-23","io":"exp"}]|1767186000000,2026-1-1
flat	[{"id":"e0","ts":1766412000000,"cat":"food","amt":0.1,"day":"2025-12-23","io":"exp"}]|1767186000000,2026-1-1,3
group	[{"id":"e0","ts":1791374400000,"cat":"food","amt":1e+21,"day":"2026-10-7","io":"xfer"},{"id":"e1","ts":1791025200000,"cat":"food","amt":1e+21,"day":"2026-10-3","io":"inc"},{"id":"e2","ts":1791374400000,"cat":"food","amt":-3.25,"day":"2026-10-7","io":"xfer"}]|1791201600000,2026-10-5
flat	[{"id":"e0","ts":1791374400000,"cat":"food","amt":1e+21,"day":"2026-10-7","io":"xfer"},{"id":"e1","ts":1791025200000,"cat":"food","amt":1e+21,"day":"2026-10-3","io":"inc"},{"id":"e2","ts":1791374400000,"cat":"food","amt":-3.25,"day":"2026-10-7","io":"xfer"}]|1791201600000,2026-10-5,1
group	[{"id":"e0","ts":1787608800000,"cat":"food","amt":0.1,"day":"2026-8-25","io":"exp"},{"id":"e1","ts":1788213600000,"cat":"food","amt":10.5,"day":"2026-9-1","io":"exp"},{"id":"e2","ts":1787864400000,"cat":"food","amt":0.1,"day":"2026-8-28"},{"id":"e3","ts":1787608800000,"cat":"food","amt":1,"day":"2026-8-25"},{"id":"e4","ts":1787695200000,"cat":"food","amt":10.5,"day":"2026-8-26"},{"id":"e5","ts":1787785200000,"cat":"food","amt":0.2,"day":"2026-8-27","io":"exp"},{"id":"e6","ts":1787958000000,"cat":"food","amt":-3.25,"day":"2026-8-29","io":"inc"}]|1787781600000,2026-8-27
flat	[{"id":"e0","ts":1787608800000,"cat":"food","amt":0.1,"day":"2026-8-25","io":"exp"},{"id":"e1","ts":1788213600000,"cat":"food","amt":10.5,"day":"2026-9-1","io":"exp"},{"id":"e2","ts":1787864400000,"cat":"food","amt":0.1,"day":"2026-8-28"},{"id":"e3","ts":1787608800000,"cat":"food","amt":1,"day":"2026-8-25"},{"id":"e4","ts":1787695200000,"cat":"food","amt":10.5,"day":"2026-8-26"},{"id":"e5","ts":1787785200000,"cat":"food","amt":0.2,"day":"2026-8-27","io":"exp"},{"id":"e6","ts":1787958000000,"cat":"food","amt":-3.25,"day":"2026-8-29","io":"inc"}]|1787781600000,2026-8-27,1
group	[{"id":"e0","ts":1791464400000,"cat":"food","amt":1,"day":"2026-10-9"},{"id":"e1","ts":1790247600000,"cat":"food","amt":0,"day":"2026-9-24","io":"inc"},{"id":"e2","ts":1791464400000,"cat":"food","amt":-3.25,"day":"2026-10-9"},{"id":"e3","ts":1790942400000,"cat":"food","amt":0,"day":"2026-10-2"},{"id":"e4","ts":1791201600000,"cat":"food","amt":1,"day":"2026-10-5","io":"exp"},{"id":"e5","ts":1791028800000,"cat":"food","amt":1,"day":"2026-10-3","io":"inc"},{"id":"e6","ts":1791028800000,"cat":"food","amt":0,"day":"2026-10-3","io":"xfer"}]|1791028800000,2026-10-3
flat	[{"id":"e0","ts":1791464400000,"cat":"food","amt":1,"day":"2026-10-9"},{"id":"e1","ts":1790247600000,"cat":"food","amt":0,"day":"2026-9-24","io":"inc"},{"id":"e2","ts":1791464400000,"cat":"food","amt":-3.25,"day":"2026-10-9"},{"id":"e3","ts":1790942400000,"cat":"food","amt":0,"day":"2026-10-2"},{"id":"e4","ts":1791201600000,"cat":"food","amt":1,"day":"2026-10-5","io":"exp"},{"id":"e5","ts":1791028800000,"cat":"food","amt":1,"day":"2026-10-3","io":"inc"},{"id":"e6","ts":1791028800000,"cat":"food","amt":0,"day":"2026-10-3","io":"xfer"}]|1791028800000,2026-10-3,3
group	[{"id":"e0","ts":1767229200000,"cat":"food","amt":10.5,"day":"2026-1-1","io":"xfer"},{"id":"e1","ts":1767405600000,"cat":"food","amt":1e+21,"day":"2026-1-3","io":"inc"},{"id":"e2","ts":1767661200000,"cat":"food","amt":0.1,"day":"2026-1-6","io":"xfer"},{"id":"e3","ts":1767402000000,"cat":"food","amt":0.2,"day":"2026-1-3","io":"exp"},{"id":"e4","ts":1767664800000,"cat":"food","amt":0.2,"day":"2026-1-6"}]|1767229200000,2026-1-1
flat	[{"id":"e0","ts":1767229200000,"cat":"food","amt":10.5,"day":"2026-1-1","io":"xfer"},{"id":"e1","ts":1767405600000,"cat":"food","amt":1e+21,"day":"2026-1-3","io":"inc"},{"id":"e2","ts":1767661200000,"cat":"food","amt":0.1,"day":"2026-1-6","io":"xfer"},{"id":"e3","ts":1767402000000,"cat":"food","amt":0.2,"day":"2026-1-3","io":"exp"},{"id":"e4","ts":1767664800000,"cat":"food","amt":0.2,"day":"2026-1-6"}]|1767229200000,2026-1-1,1
group	[{"id":"e0","ts":1775390400000,"cat":"food","amt":-3.25,"day":"2026-4-5","io":"inc"},{"id":"e1","ts":1775822400000,"cat":"food","amt":1,"day":"2026-4-10","io":"xfer"}]|1775390400000,2026-4-5
flat	[{"id":"e0","ts":1775390400000,"cat":"food","amt":-3.25,"day":"2026-4-5","io":"inc"},{"id":"e1","ts":1775822400000,"cat":"food","amt":1,"day":"2026-4-10","io":"xfer"}]|1775390400000,2026-4-5,0
group	[{"id":"e0","ts":1775214000000,"cat":"food","amt":10.5,"day":"2026-4-3","io":"exp"},{"id":"e1","ts":1775480400000,"cat":"food","amt":0,"day":"2026-4-6","io":"inc"},{"id":"e2","ts":1775826000000,"cat":"food","amt":1,"day":"2026-4-10","io":"exp"}]|1775390400000,2026-4-5
flat	[{"id":"e0","ts":1775214000000,"cat":"food","amt":10.5,"day":"2026-4-3","io":"exp"},{"id":"e1","ts":1775480400000,"cat":"food","amt":0,"day":"2026-4-6","io":"inc"},{"id":"e2","ts":1775826000000,"cat":"food","amt":1,"day":"2026-4-10","io":"exp"}]|1775390400000,2026-4-5,4
group	[{"id":"e0","ts":1775390400000,"cat":"food","amt":0.1,"day":"2026-4-5","io":"exp"},{"id":"e1","ts":1775390400000,"cat":"food","amt":1e+21,"day":"2026-4-5","io":"exp"},{"id":"e2","ts":1775480400000,"cat":"food","amt":0.2,"day":"2026-4-6","io":"exp"},{"id":"e3","ts":1775300400000,"cat":"food","amt":12345.678,"day":"2026-4-4","io":"xfer"},{"id":"e4","ts":1775394000000,"cat":"food","amt":10.5,"day":"2026-4-5"},{"id":"e5","ts":1775214000000,"cat":"food","amt":12345.678,"day":"2026-4-3","io":"xfer"}]|1775390400000,2026-4-5
flat	[{"id":"e0","ts":1775390400000,"cat":"food","amt":0.1,"day":"2026-4-5","io":"exp"},{"id":"e1","ts":1775390400000,"cat":"food","amt":1e+21,"day":"2026-4-5","io":"exp"},{"id":"e2","ts":1775480400000,"cat":"food","amt":0.2,"day":"2026-4-6","io":"exp"},{"id":"e3","ts":1775300400000,"cat":"food","amt":12345.678,"day":"2026-4-4","io":"xfer"},{"id":"e4","ts":1775394000000,"cat":"food","amt":10.5,"day":"2026-4-5"},{"id":"e5","ts":1775214000000,"cat":"food","amt":12345.678,"day":"2026-4-3","io":"xfer"}]|1775390400000,2026-4-5,1
group	[{"id":"e0","ts":1775304000000,"cat":"food","amt":12345.678,"day":"2026-4-4","io":"exp"}]|1775304000000,2026-4-4
flat	[{"id":"e0","ts":1775304000000,"cat":"food","amt":12345.678,"day":"2026-4-4","io":"exp"}]|1775304000000,2026-4-4,1
group	[{"id":"e0","ts":1767186000000,"cat":"food","amt":1e+21,"day":"2026-1-1","io":"inc"},{"id":"e1","ts":1767362400000,"cat":"food","amt":0,"day":"2026-1-3","io":"inc"},{"id":"e2","ts":1766408400000,"cat":"food","amt":0,"day":"2025-12-23","io":"xfer"}]|1767186000000,2026-1-1
flat	[{"id":"e0","ts":1767186000000,"cat":"food","amt":1e+21,"day":"2026-1-1","io":"inc"},{"id":"e1","ts":1767362400000,"cat":"food","amt":0,"day":"2026-1-3","io":"inc"},{"id":"e2","ts":1766408400000,"cat":"food","amt":0,"day":"2025-12-23","io":"xfer"}]|1767186000000,2026-1-1,0
group	[{"id":"e0","ts":1775480400000,"cat":"food","amt":0.1,"day":"2026-4-6","io":"inc"},{"id":"e1","ts":1775476800000,"cat":"food","amt":1e+21,"day":"2026-4-6","io":"xfer"}]|1775476800000,2026-4-6
flat	[{"id":"e0","ts":1775480400000,"cat":"food","amt":0.1,"day":"2026-4-6","io":"inc"},{"id":"e1","ts":1775476800000,"cat":"food","amt":1e+21,"day":"2026-4-6","io":"xfer"}]|1775476800000,2026-4-6,0
group	[{"id":"e0","ts":1767358800000,"cat":"food","amt":0,"day":"2026-1-3","io":"inc"},{"id":"e1","ts":1767355200000,"cat":"food","amt":1e+21,"day":"2026-1-2","io":"xfer"},{"id":"e2","ts":1767016800000,"cat":"food","amt":0.2,"day":"2025-12-30","io":"inc"},{"id":"e3","ts":1767621600000,"cat":"food","amt":1,"day":"2026-1-6","io":"inc"},{"id":"e4","ts":1767618000000,"cat":"food","amt":0.1,"day":"2026-1-6","io":"xfer"},{"id":"e5","ts":1766412000000,"cat":"food","amt":0,"day":"2025-12-23"},{"id":"e6","ts":1767013200000,"cat":"food","amt":0,"day":"2025-12-30","io":"xfer"}]|1767186000000,2026-1-1
flat	[{"id":"e0","ts":1767358800000,"cat":"food","amt":0,"day":"2026-1-3","io":"inc"},{"id":"e1","ts":1767355200000,"cat":"food","amt":1e+21,"day":"2026-1-2","io":"xfer"},{"id":"e2","ts":1767016800000,"cat":"food","amt":0.2,"day":"2025-12-30","io":"inc"},{"id":"e3","ts":1767621600000,"cat":"food","amt":1,"day":"2026-1-6","io":"inc"},{"id":"e4","ts":1767618000000,"cat":"food","amt":0.1,"day":"2026-1-6","io":"xfer"},{"id":"e5","ts":1766412000000,"cat":"food","amt":0,"day":"2025-12-23"},{"id":"e6","ts":1767013200000,"cat":"food","amt":0,"day":"2025-12-30","io":"xfer"}]|1767186000000,2026-1-1,0
group	[{"id":"e0","ts":1791201600000,"cat":"food","amt":0,"day":"2026-10-5","io":"exp"},{"id":"e1","ts":1791633600000,"cat":"food","amt":-3.25,"day":"2026-10-10","io":"xfer"},{"id":"e2","ts":1790424000000,"cat":"food","amt":0,"day":"2026-9-26","io":"inc"},{"id":"e3","ts":1791198000000,"cat":"food","amt":0.1,"day":"2026-10-5"},{"id":"e4","ts":1790424000000,"cat":"food","amt":0.2,"day":"2026-9-26","io":"inc"},{"id":"e5","ts":1791633600000,"cat":"food","amt":0.2,"day":"2026-10-10","io":"exp"}]|1791201600000,2026-10-5
flat	[{"id":"e0","ts":1791201600000,"cat":"food","amt":0,"day":"2026-10-5","io":"exp"},{"id":"e1","ts":1791633600000,"cat":"food","amt":-3.25,"day":"2026-10-10","io":"xfer"},{"id":"e2","ts":1790424000000,"cat":"food","amt":0,"day":"2026-9-26","io":"inc"},{"id":"e3","ts":1791198000000,"cat":"food","amt":0.1,"day":"2026-10-5"},{"id":"e4","ts":1790424000000,"cat":"food","amt":0.2,"day":"2026-9-26","io":"inc"},{"id":"e5","ts":1791633600000,"cat":"food","amt":0.2,"day":"2026-10-10","io":"exp"}]|1791201600000,2026-10-5,2
group	[{"id":"e0","ts":1791633600000,"cat":"food","amt":10.5,"day":"2026-10-10","io":"exp"},{"id":"e1","ts":1791633600000,"cat":"food","amt":0.2,"day":"2026-10-10"},{"id":"e2","ts":1791288000000,"cat":"food","amt":0,"day":"2026-10-6","io":"exp"},{"id":"e3","ts":1791374400000,"cat":"food","amt":0.2,"day":"2026-10-7","io":"inc"},{"id":"e4","ts":1791028800000,"cat":"food","amt":0.2,"day":"2026-10-3","io":"inc"}]|1791201600000,2026-10-5
flat	[{"id":"e0","ts":1791633600000,"cat":"food","amt":10.5,"day":"2026-10-10","io":"exp"},{"id":"e1","ts":1791633600000,"cat":"food","amt":0.2,"day":"2026-10-10"},{"id":"e2","ts":1791288000000,"cat":"food","amt":0,"day":"2026-10-6","io":"exp"},{"id":"e3","ts":1791374400000,"cat":"food","amt":0.2,"day":"2026-10-7","io":"inc"},{"id":"e4","ts":1791028800000,"cat":"food","amt":0.2,"day":"2026-10-3","io":"inc"}]|1791201600000,2026-10-5,4
group	[{"id":"e0","ts":1767315600000,"cat":"food","amt":1,"day":"2026-1-2"},{"id":"e1","ts":1767402000000,"cat":"food","amt":10.5,"day":"2026-1-3","io":"xfer"},{"id":"e2","ts":1767056400000,"cat":"food","amt":0.1,"day":"2025-12-30","io":"exp"},{"id":"e3","ts":1767225600000,"cat":"food","amt":0,"day":"2026-1-1","io":"inc"},{"id":"e4","ts":1766451600000,"cat":"food","amt":0.1,"day":"2025-12-23","io":"inc"},{"id":"e5","ts":1767229200000,"cat":"food","amt":-3.25,"day":"2026-1-1"},{"id":"e6","ts":1767056400000,"cat":"food","amt":-3.25,"day":"2025-12-30"}]|1767229200000,2026-1-1
flat	[{"id":"e0","ts":1767315600000,"cat":"food","amt":1,"day":"2026-1-2"},{"id":"e1","ts":1767402000000,"cat":"food","amt":10.5,"day":"2026-1-3","io":"xfer"},{"id":"e2","ts":1767056400000,"cat":"food","amt":0.1,"day":"2025-12-30","io":"exp"},{"id":"e3","ts":1767225600000,"cat":"food","amt":0,"day":"2026-1-1","io":"inc"},{"id":"e4","ts":1766451600000,"cat":"food","amt":0.1,"day":"2025-12-23","io":"inc"},{"id":"e5","ts":1767229200000,"cat":"food","amt":-3.25,"day":"2026-1-1"},{"id":"e6","ts":1767056400000,"cat":"food","amt":-3.25,"day":"2025-12-30"}]|1767229200000,2026-1-1,0
group	[]|1791115200000,2026-10-4
flat	[]|1791115200000,2026-10-4,3
group	[{"id":"e0","ts":1775390400000,"cat":"food","amt":1e+21,"day":"2026-4-5"},{"id":"e1","ts":1775563200000,"cat":"food","amt":1,"day":"2026-4-7"},{"id":"e2","ts":1775304000000,"cat":"food","amt":0,"day":"2026-4-4","io":"exp"},{"id":"e3","ts":1775476800000,"cat":"food","amt":1e+21,"day":"2026-4-6"},{"id":"e4","ts":1775386800000,"cat":"food","amt":1e+21,"day":"2026-4-5","io":"exp"},{"id":"e5","ts":1775304000000,"cat":"food","amt":0,"day":"2026-4-4"}]|1775476800000,2026-4-6
flat	[{"id":"e0","ts":1775390400000,"cat":"food","amt":1e+21,"day":"2026-4-5"},{"id":"e1","ts":1775563200000,"cat":"food","amt":1,"day":"2026-4-7"},{"id":"e2","ts":1775304000000,"cat":"food","amt":0,"day":"2026-4-4","io":"exp"},{"id":"e3","ts":1775476800000,"cat":"food","amt":1e+21,"day":"2026-4-6"},{"id":"e4","ts":1775386800000,"cat":"food","amt":1e+21,"day":"2026-4-5","io":"exp"},{"id":"e5","ts":1775304000000,"cat":"food","amt":0,"day":"2026-4-4"}]|1775476800000,2026-4-6,1
group	[{"id":"e0","ts":1767664800000,"cat":"food","amt":1e+21,"day":"2026-1-6","io":"xfer"},{"id":"e1","ts":1767405600000,"cat":"food","amt":0.1,"day":"2026-1-3","io":"inc"},{"id":"e2","ts":1767315600000,"cat":"food","amt":0,"day":"2026-1-2","io":"xfer"},{"id":"e3","ts":1767319200000,"cat":"food","amt":0.2,"day":"2026-1-2","io":"xfer"},{"id":"e4","ts":1766451600000,"cat":"food","amt":-3.25,"day":"2025-12-23"},{"id":"e5","ts":1767139200000,"cat":"food","amt":12345.678,"day":"2025-12-31","io":"xfer"}]|1767229200000,2026-1-1
flat	[{"id":"e0","ts":1767664800000,"cat":"food","amt":1e+21,"day":"2026-1-6","io":"xfer"},{"id":"e1","ts":1767405600000,"cat":"food","amt":0.1,"day":"2026-1-3","io":"inc"},{"id":"e2","ts":1767315600000,"cat":"food","amt":0,"day":"2026-1-2","io":"xfer"},{"id":"e3","ts":1767319200000,"cat":"food","amt":0.2,"day":"2026-1-2","io":"xfer"},{"id":"e4","ts":1766451600000,"cat":"food","amt":-3.25,"day":"2025-12-23"},{"id":"e5","ts":1767139200000,"cat":"food","amt":12345.678,"day":"2025-12-31","io":"xfer"}]|1767229200000,2026-1-1,1
group	[{"id":"e0","ts":1791025200000,"cat":"food","amt":0.1,"day":"2026-10-3","io":"inc"}]|1791201600000,2026-10-5
flat	[{"id":"e0","ts":1791025200000,"cat":"food","amt":0.1,"day":"2026-10-3","io":"inc"}]|1791201600000,2026-10-5,1
group	[{"id":"e0","ts":1774530000000,"cat":"food","amt":10.5,"day":"2026-3-27","io":"inc"},{"id":"e1","ts":1775304000000,"cat":"food","amt":0.1,"day":"2026-4-4","io":"exp"},{"id":"e2","ts":1775304000000,"cat":"food","amt":0,"day":"2026-4-4","io":"exp"},{"id":"e3","ts":1774522800000,"cat":"food","amt":0.1,"day":"2026-3-26"},{"id":"e4","ts":1775131200000,"cat":"food","amt":1,"day":"2026-4-2","io":"exp"},{"id":"e5","ts":1775390400000,"cat":"food","amt":1e-7,"day":"2026-4-5","io":"exp"},{"id":"e6","ts":1775300400000,"cat":"food","amt":12345.678,"day":"2026-4-4"}]|1775304000000,2026-4-4
flat	[{"id":"e0","ts":1774530000000,"cat":"food","amt":10.5,"day":"2026-3-27","io":"inc"},{"id":"e1","ts":1775304000000,"cat":"food","amt":0.1,"day":"2026-4-4","io":"exp"},{"id":"e2","ts":1775304000000,"cat":"food","amt":0,"day":"2026-4-4","io":"exp"},{"id":"e3","ts":1774522800000,"cat":"food","amt":0.1,"day":"2026-3-26"},{"id":"e4","ts":1775131200000,"cat":"food","amt":1,"day":"2026-4-2","io":"exp"},{"id":"e5","ts":1775390400000,"cat":"food","amt":1e-7,"day":"2026-4-5","io":"exp"},{"id":"e6","ts":1775300400000,"cat":"food","amt":12345.678,"day":"2026-4-4"}]|1775304000000,2026-4-4,4
group	[{"id":"e0","ts":1767142800000,"cat":"food","amt":12345.678,"day":"2025-12-31","io":"xfer"},{"id":"e1","ts":1767661200000,"cat":"food","amt":1,"day":"2026-1-6","io":"inc"},{"id":"e2","ts":1767139200000,"cat":"food","amt":1,"day":"2025-12-31","io":"inc"}]|1767229200000,2026-1-1
flat	[{"id":"e0","ts":1767142800000,"cat":"food","amt":12345.678,"day":"2025-12-31","io":"xfer"},{"id":"e1","ts":1767661200000,"cat":"food","amt":1,"day":"2026-1-6","io":"inc"},{"id":"e2","ts":1767139200000,"cat":"food","amt":1,"day":"2025-12-31","io":"inc"}]|1767229200000,2026-1-1,1
group	[{"id":"e0","ts":1791630000000,"cat":"food","amt":0,"day":"2026-10-10","io":"inc"},{"id":"e1","ts":1790424000000,"cat":"food","amt":1,"day":"2026-9-26","io":"inc"},{"id":"e2","ts":1791630000000,"cat":"food","amt":-3.25,"day":"2026-10-10"},{"id":"e3","ts":1791028800000,"cat":"food","amt":0.2,"day":"2026-10-3"},{"id":"e4","ts":1791028800000,"cat":"food","amt":10.5,"day":"2026-10-3","io":"xfer"},{"id":"e5","ts":1791378000000,"cat":"food","amt":0,"day":"2026-10-8"},{"id":"e6","ts":1791025200000,"cat":"food","amt":1e-7,"day":"2026-10-3","io":"xfer"}]|1791201600000,2026-10-5
flat	[{"id":"e0","ts":1791630000000,"cat":"food","amt":0,"day":"2026-10-10","io":"inc"},{"id":"e1","ts":1790424000000,"cat":"food","amt":1,"day":"2026-9-26","io":"inc"},{"id":"e2","ts":1791630000000,"cat":"food","amt":-3.25,"day":"2026-10-10"},{"id":"e3","ts":1791028800000,"cat":"food","amt":0.2,"day":"2026-10-3"},{"id":"e4","ts":1791028800000,"cat":"food","amt":10.5,"day":"2026-10-3","io":"xfer"},{"id":"e5","ts":1791378000000,"cat":"food","amt":0,"day":"2026-10-8"},{"id":"e6","ts":1791025200000,"cat":"food","amt":1e-7,"day":"2026-10-3","io":"xfer"}]|1791201600000,2026-10-5,1
group	[{"id":"e0","ts":1775217600000,"cat":"food","amt":0.2,"day":"2026-4-3","io":"inc"}]|1775390400000,2026-4-5
flat	[{"id":"e0","ts":1775217600000,"cat":"food","amt":0.2,"day":"2026-4-3","io":"inc"}]|1775390400000,2026-4-5,1
group	[{"id":"e0","ts":1775390400000,"cat":"food","amt":0.1,"day":"2026-4-5","io":"xfer"},{"id":"e1","ts":1775217600000,"cat":"food","amt":0,"day":"2026-4-3","io":"xfer"},{"id":"e2","ts":1775390400000,"cat":"food","amt":-3.25,"day":"2026-4-5"}]|1775390400000,2026-4-5
flat	[{"id":"e0","ts":1775390400000,"cat":"food","amt":0.1,"day":"2026-4-5","io":"xfer"},{"id":"e1","ts":1775217600000,"cat":"food","amt":0,"day":"2026-4-3","io":"xfer"},{"id":"e2","ts":1775390400000,"cat":"food","amt":-3.25,"day":"2026-4-5"}]|1775390400000,2026-4-5,2
group	[{"id":"e0","ts":1767618000000,"cat":"food","amt":-3.25,"day":"2026-1-6","io":"exp"},{"id":"e1","ts":1767621600000,"cat":"food","amt":-3.25,"day":"2026-1-6","io":"xfer"},{"id":"e2","ts":1767189600000,"cat":"food","amt":1e+21,"day":"2026-1-1"}]|1767186000000,2026-1-1
flat	[{"id":"e0","ts":1767618000000,"cat":"food","amt":-3.25,"day":"2026-1-6","io":"exp"},{"id":"e1","ts":1767621600000,"cat":"food","amt":-3.25,"day":"2026-1-6","io":"xfer"},{"id":"e2","ts":1767189600000,"cat":"food","amt":1e+21,"day":"2026-1-1"}]|1767186000000,2026-1-1,1
group	[{"id":"e0","ts":1775307600000,"cat":"food","amt":0,"day":"2026-4-5"}]|1775304000000,2026-4-4
flat	[{"id":"e0","ts":1775307600000,"cat":"food","amt":0,"day":"2026-4-5"}]|1775304000000,2026-4-4,0
group	[{"id":"e0","ts":1774695600000,"cat":"food","amt":0.2,"day":"2026-3-28","io":"xfer"},{"id":"e1","ts":1775480400000,"cat":"food","amt":0,"day":"2026-4-6","io":"xfer"},{"id":"e2","ts":1774695600000,"cat":"food","amt":0,"day":"2026-3-28"},{"id":"e3","ts":1775304000000,"cat":"food","amt":1e-7,"day":"2026-4-4"},{"id":"e4","ts":1775563200000,"cat":"food","amt":1e+21,"day":"2026-4-7","io":"exp"},{"id":"e5","ts":1774702800000,"cat":"food","amt":1e-7,"day":"2026-3-29","io":"inc"}]|1775476800000,2026-4-6
flat	[{"id":"e0","ts":1774695600000,"cat":"food","amt":0.2,"day":"2026-3-28","io":"xfer"},{"id":"e1","ts":1775480400000,"cat":"food","amt":0,"day":"2026-4-6","io":"xfer"},{"id":"e2","ts":1774695600000,"cat":"food","amt":0,"day":"2026-3-28"},{"id":"e3","ts":1775304000000,"cat":"food","amt":1e-7,"day":"2026-4-4"},{"id":"e4","ts":1775563200000,"cat":"food","amt":1e+21,"day":"2026-4-7","io":"exp"},{"id":"e5","ts":1774702800000,"cat":"food","amt":1e-7,"day":"2026-3-29","io":"inc"}]|1775476800000,2026-4-6,0
group	[{"id":"e0","ts":1766448000000,"cat":"food","amt":1,"day":"2025-12-23"},{"id":"e1","ts":1767056400000,"cat":"food","amt":0.2,"day":"2025-12-30","io":"inc"},{"id":"e2","ts":1767229200000,"cat":"food","amt":1e+21,"day":"2026-1-1","io":"inc"},{"id":"e3","ts":1766448000000,"cat":"food","amt":0,"day":"2025-12-23"},{"id":"e4","ts":1767312000000,"cat":"food","amt":0.2,"day":"2026-1-2","io":"inc"}]|1767229200000,2026-1-1
flat	[{"id":"e0","ts":1766448000000,"cat":"food","amt":1,"day":"2025-12-23"},{"id":"e1","ts":1767056400000,"cat":"food","amt":0.2,"day":"2025-12-30","io":"inc"},{"id":"e2","ts":1767229200000,"cat":"food","amt":1e+21,"day":"2026-1-1","io":"inc"},{"id":"e3","ts":1766448000000,"cat":"food","amt":0,"day":"2025-12-23"},{"id":"e4","ts":1767312000000,"cat":"food","amt":0.2,"day":"2026-1-2","io":"inc"}]|1767229200000,2026-1-1,1
group	[{"id":"e0","ts":1767225600000,"cat":"food","amt":0.2,"day":"2026-1-1","io":"inc"},{"id":"e1","ts":1766451600000,"cat":"food","amt":0,"day":"2025-12-23"}]|1767229200000,2026-1-1
flat	[{"id":"e0","ts":1767225600000,"cat":"food","amt":0.2,"day":"2026-1-1","io":"inc"},{"id":"e1","ts":1766451600000,"cat":"food","amt":0,"day":"2025-12-23"}]|1767229200000,2026-1-1,2
group	[]|1767229200000,2026-1-1
flat	[]|1767229200000,2026-1-1,1
group	[{"id":"e0","ts":1791111600000,"cat":"food","amt":1,"day":"2026-10-4","io":"exp"},{"id":"e1","ts":1791201600000,"cat":"food","amt":1,"day":"2026-10-5"},{"id":"e2","ts":1791025200000,"cat":"food","amt":0.1,"day":"2026-10-3","io":"exp"},{"id":"e3","ts":1791198000000,"cat":"food","amt":1e+21,"day":"2026-10-5","io":"inc"},{"id":"e4","ts":1791291600000,"cat":"food","amt":1e-7,"day":"2026-10-7","io":"inc"}]|1791115200000,2026-10-4
flat	[{"id":"e0","ts":1791111600000,"cat":"food","amt":1,"day":"2026-10-4","io":"exp"},{"id":"e1","ts":1791201600000,"cat":"food","amt":1,"day":"2026-10-5"},{"id":"e2","ts":1791025200000,"cat":"food","amt":0.1,"day":"2026-10-3","io":"exp"},{"id":"e3","ts":1791198000000,"cat":"food","amt":1e+21,"day":"2026-10-5","io":"inc"},{"id":"e4","ts":1791291600000,"cat":"food","amt":1e-7,"day":"2026-10-7","io":"inc"}]|1791115200000,2026-10-4,2
group	[{"id":"e0","ts":1787540400000,"cat":"food","amt":0.1,"day":"2026-8-24","io":"inc"},{"id":"e1","ts":1787803200000,"cat":"food","amt":1e-7,"day":"2026-8-27","io":"xfer"},{"id":"e2","ts":1787709600000,"cat":"food","amt":10.5,"day":"2026-8-26","io":"xfer"},{"id":"e3","ts":1787796000000,"cat":"food","amt":1,"day":"2026-8-27","io":"xfer"},{"id":"e4","ts":1787889600000,"cat":"food","amt":0.2,"day":"2026-8-28","io":"exp"},{"id":"e5","ts":1787886000000,"cat":"food","amt":0,"day":"2026-8-28","io":"inc"},{"id":"e6","ts":1788148800000,"cat":"food","amt":0,"day":"2026-8-31","io":"inc"}]|1787713200000,2026-8-26
flat	[{"id":"e0","ts":1787540400000,"cat":"food","amt":0.1,"day":"2026-8-24","io":"inc"},{"id":"e1","ts":1787803200000,"cat":"food","amt":1e-7,"day":"2026-8-27","io":"xfer"},{"id":"e2","ts":1787709600000,"cat":"food","amt":10.5,"day":"2026-8-26","io":"xfer"},{"id":"e3","ts":1787796000000,"cat":"food","amt":1,"day":"2026-8-27","io":"xfer"},{"id":"e4","ts":1787889600000,"cat":"food","amt":0.2,"day":"2026-8-28","io":"exp"},{"id":"e5","ts":1787886000000,"cat":"food","amt":0,"day":"2026-8-28","io":"inc"},{"id":"e6","ts":1788148800000,"cat":"food","amt":0,"day":"2026-8-31","io":"inc"}]|1787713200000,2026-8-26,4
group	[{"id":"e0","ts":1767096000000,"cat":"food","amt":1e+21,"day":"2025-12-30","io":"exp"},{"id":"e1","ts":1767013200000,"cat":"food","amt":10.5,"day":"2025-12-30"},{"id":"e2","ts":1767099600000,"cat":"food","amt":1e+21,"day":"2025-12-31","io":"xfer"},{"id":"e3","ts":1767362400000,"cat":"food","amt":0,"day":"2026-1-3"},{"id":"e4","ts":1767614400000,"cat":"food","amt":0,"day":"2026-1-5","io":"exp"},{"id":"e5","ts":1767189600000,"cat":"food","amt":12345.678,"day":"2026-1-1","io":"exp"}]|1767186000000,2026-1-1
flat	[{"id":"e0","ts":1767096000000,"cat":"food","amt":1e+21,"day":"2025-12-30","io":"exp"},{"id":"e1","ts":1767013200000,"cat":"food","amt":10.5,"day":"2025-12-30"},{"id":"e2","ts":1767099600000,"cat":"food","amt":1e+21,"day":"2025-12-31","io":"xfer"},{"id":"e3","ts":1767362400000,"cat":"food","amt":0,"day":"2026-1-3"},{"id":"e4","ts":1767614400000,"cat":"food","amt":0,"day":"2026-1-5","io":"exp"},{"id":"e5","ts":1767189600000,"cat":"food","amt":12345.678,"day":"2026-1-1","io":"exp"}]|1767186000000,2026-1-1,3
group	[{"id":"e0","ts":1775217600000,"cat":"food","amt":0.1,"day":"2026-4-3"},{"id":"e1","ts":1775304000000,"cat":"food","amt":0,"day":"2026-4-4"}]|1775304000000,2026-4-4
flat	[{"id":"e0","ts":1775217600000,"cat":"food","amt":0.1,"day":"2026-4-3"},{"id":"e1","ts":1775304000000,"cat":"food","amt":0,"day":"2026-4-4"}]|1775304000000,2026-4-4,4
group	[{"id":"e0","ts":1791118800000,"cat":"food","amt":1,"day":"2026-10-5"},{"id":"e1","ts":1791198000000,"cat":"food","amt":1,"day":"2026-10-5","io":"exp"},{"id":"e2","ts":1790337600000,"cat":"food","amt":1e-7,"day":"2026-9-25"},{"id":"e3","ts":1791032400000,"cat":"food","amt":10.5,"day":"2026-10-3"}]|1791115200000,2026-10-4
flat	[{"id":"e0","ts":1791118800000,"cat":"food","amt":1,"day":"2026-10-5"},{"id":"e1","ts":1791198000000,"cat":"food","amt":1,"day":"2026-10-5","io":"exp"},{"id":"e2","ts":1790337600000,"cat":"food","amt":1e-7,"day":"2026-9-25"},{"id":"e3","ts":1791032400000,"cat":"food","amt":10.5,"day":"2026-10-3"}]|1791115200000,2026-10-4,4
group	[{"id":"e0","ts":1767229200000,"cat":"food","amt":0.2,"day":"2026-1-1","io":"exp"}]|1767229200000,2026-1-1
flat	[{"id":"e0","ts":1767229200000,"cat":"food","amt":0.2,"day":"2026-1-1","io":"exp"}]|1767229200000,2026-1-1,1
group	[{"id":"e0","ts":1767272400000,"cat":"food","amt":1,"day":"2026-1-2","io":"inc"},{"id":"e1","ts":1767186000000,"cat":"food","amt":1e-7,"day":"2026-1-1","io":"exp"}]|1767186000000,2026-1-1
flat	[{"id":"e0","ts":1767272400000,"cat":"food","amt":1,"day":"2026-1-2","io":"inc"},{"id":"e1","ts":1767186000000,"cat":"food","amt":1e-7,"day":"2026-1-1","io":"exp"}]|1767186000000,2026-1-1,3
group	[{"id":"e0","ts":1790424000000,"cat":"food","amt":1e+21,"day":"2026-9-26","io":"inc"},{"id":"e1","ts":1791198000000,"cat":"food","amt":0.2,"day":"2026-10-5","io":"inc"},{"id":"e2","ts":1791374400000,"cat":"food","amt":10.5,"day":"2026-10-7"},{"id":"e3","ts":1791370800000,"cat":"food","amt":-3.25,"day":"2026-10-7","io":"inc"},{"id":"e4","ts":1791633600000,"cat":"food","amt":1e+21,"day":"2026-10-10","io":"inc"},{"id":"e5","ts":1790420400000,"cat":"food","amt":1,"day":"2026-9-26","io":"exp"},{"id":"e6","ts":1791111600000,"cat":"food","amt":1,"day":"2026-10-4","io":"exp"}]|1791201600000,2026-10-5
flat	[{"id":"e0","ts":1790424000000,"cat":"food","amt":1e+21,"day":"2026-9-26","io":"inc"},{"id":"e1","ts":1791198000000,"cat":"food","amt":0.2,"day":"2026-10-5","io":"inc"},{"id":"e2","ts":1791374400000,"cat":"food","amt":10.5,"day":"2026-10-7"},{"id":"e3","ts":1791370800000,"cat":"food","amt":-3.25,"day":"2026-10-7","io":"inc"},{"id":"e4","ts":1791633600000,"cat":"food","amt":1e+21,"day":"2026-10-10","io":"inc"},{"id":"e5","ts":1790420400000,"cat":"food","amt":1,"day":"2026-9-26","io":"exp"},{"id":"e6","ts":1791111600000,"cat":"food","amt":1,"day":"2026-10-4","io":"exp"}]|1791201600000,2026-10-5,1
group	[{"id":"e0","ts":1774702800000,"cat":"food","amt":10.5,"day":"2026-3-29","io":"exp"},{"id":"e1","ts":1774702800000,"cat":"food","amt":-3.25,"day":"2026-3-29"},{"id":"e2","ts":1775390400000,"cat":"food","amt":1e-7,"day":"2026-4-5","io":"xfer"},{"id":"e3","ts":1775908800000,"cat":"food","amt":-3.25,"day":"2026-4-11","io":"inc"},{"id":"e4","ts":1774699200000,"cat":"food","amt":0.2,"day":"2026-3-28","io":"exp"},{"id":"e5","ts":1775480400000,"cat":"food","amt":12345.678,"day":"2026-4-6","io":"exp"}]|1775476800000,2026-4-6
flat	[{"id":"e0","ts":1774702800000,"cat":"food","amt":10.5,"day":"2026-3-29","io":"exp"},{"id":"e1","ts":1774702800000,"cat":"food","amt":-3.25,"day":"2026-3-29"},{"id":"e2","ts":1775390400000,"cat":"food","amt":1e-7,"day":"2026-4-5","io":"xfer"},{"id":"e3","ts":1775908800000,"cat":"food","amt":-3.25,"day":"2026-4-11","io":"inc"},{"id":"e4","ts":1774699200000,"cat":"food","amt":0.2,"day":"2026-3-28","io":"exp"},{"id":"e5","ts":1775480400000,"cat":"food","amt":12345.678,"day":"2026-4-6","io":"exp"}]|1775476800000,2026-4-6,1
group	[]|1767186000000,2026-1-1
flat	[]|1767186000000,2026-1-1,0
group	[{"id":"e0","ts":1775394000000,"cat":"food","amt":0,"day":"2026-4-5"},{"id":"e1","ts":1775908800000,"cat":"food","amt":0.2,"day":"2026-4-11"}]|1775476800000,2026-4-6
flat	[{"id":"e0","ts":1775394000000,"cat":"food","amt":0,"day":"2026-4-5"},{"id":"e1","ts":1775908800000,"cat":"food","amt":0.2,"day":"2026-4-11"}]|1775476800000,2026-4-6,4
group	[{"id":"e0","ts":1767229200000,"cat":"food","amt":0.1,"day":"2026-1-1"},{"id":"e1","ts":1767146400000,"cat":"food","amt":1,"day":"2025-12-31","io":"exp"},{"id":"e2","ts":1767315600000,"cat":"food","amt":0.2,"day":"2026-1-2"},{"id":"e3","ts":1767402000000,"cat":"food","amt":-3.25,"day":"2026-1-3","io":"xfer"},{"id":"e4","ts":1767229200000,"cat":"food","amt":-3.25,"day":"2026-1-1","io":"xfer"},{"id":"e5","ts":1767315600000,"cat":"food","amt":0.2,"day":"2026-1-2","io":"exp"}]|1767229200000,2026-1-1
flat	[{"id":"e0","ts":1767229200000,"cat":"food","amt":0.1,"day":"2026-1-1"},{"id":"e1","ts":1767146400000,"cat":"food","amt":1,"day":"2025-12-31","io":"exp"},{"id":"e2","ts":1767315600000,"cat":"food","amt":0.2,"day":"2026-1-2"},{"id":"e3","ts":1767402000000,"cat":"food","amt":-3.25,"day":"2026-1-3","io":"xfer"},{"id":"e4","ts":1767229200000,"cat":"food","amt":-3.25,"day":"2026-1-1","io":"xfer"},{"id":"e5","ts":1767315600000,"cat":"food","amt":0.2,"day":"2026-1-2","io":"exp"}]|1767229200000,2026-1-1,3
group	[{"id":"e0","ts":1775653200000,"cat":"food","amt":0,"day":"2026-4-8","io":"exp"},{"id":"e1","ts":1775912400000,"cat":"food","amt":1,"day":"2026-4-11"},{"id":"e2","ts":1775908800000,"cat":"food","amt":12345.678,"day":"2026-4-11","io":"xfer"},{"id":"e3","ts":1775908800000,"cat":"food","amt":-3.25,"day":"2026-4-11","io":"xfer"}]|1775476800000,2026-4-6
flat	[{"id":"e0","ts":1775653200000,"cat":"food","amt":0,"day":"2026-4-8","io":"exp"},{"id":"e1","ts":1775912400000,"cat":"food","amt":1,"day":"2026-4-11"},{"id":"e2","ts":1775908800000,"cat":"food","amt":12345.678,"day":"2026-4-11","io":"xfer"},{"id":"e3","ts":1775908800000,"cat":"food","amt":-3.25,"day":"2026-4-11","io":"xfer"}]|1775476800000,2026-4-6,4
group	[]|1791201600000,2026-10-5
flat	[]|1791201600000,2026-10-5,3
group	[{"id":"e0","ts":1791028800000,"cat":"food","amt":-3.25,"day":"2026-10-3","io":"xfer"},{"id":"e1","ts":1791025200000,"cat":"food","amt":-3.25,"day":"2026-10-3","io":"xfer"},{"id":"e2","ts":1791115200000,"cat":"food","amt":0.1,"day":"2026-10-4","io":"xfer"},{"id":"e3","ts":1791370800000,"cat":"food","amt":0,"day":"2026-10-7","io":"exp"},{"id":"e4","ts":1791201600000,"cat":"food","amt":10.5,"day":"2026-10-5","io":"exp"}]|1791201600000,2026-10-5
flat	[{"id":"e0","ts":1791028800000,"cat":"food","amt":-3.25,"day":"2026-10-3","io":"xfer"},{"id":"e1","ts":1791025200000,"cat":"food","amt":-3.25,"day":"2026-10-3","io":"xfer"},{"id":"e2","ts":1791115200000,"cat":"food","amt":0.1,"day":"2026-10-4","io":"xfer"},{"id":"e3","ts":1791370800000,"cat":"food","amt":0,"day":"2026-10-7","io":"exp"},{"id":"e4","ts":1791201600000,"cat":"food","amt":10.5,"day":"2026-10-5","io":"exp"}]|1791201600000,2026-10-5,1
group	[{"id":"e0","ts":1767186000000,"cat":"food","amt":0,"day":"2026-1-1","io":"xfer"},{"id":"e1","ts":1767099600000,"cat":"food","amt":0,"day":"2025-12-31","io":"inc"},{"id":"e2","ts":1767355200000,"cat":"food","amt":10.5,"day":"2026-1-2","io":"inc"},{"id":"e3","ts":1767096000000,"cat":"food","amt":10.5,"day":"2025-12-30","io":"xfer"},{"id":"e4","ts":1767013200000,"cat":"food","amt":1e-7,"day":"2025-12-30"},{"id":"e5","ts":1767618000000,"cat":"food","amt":0,"day":"2026-1-6","io":"exp"}]|1767186000000,2026-1-1
flat	[{"id":"e0","ts":1767186000000,"cat":"food","amt":0,"day":"2026-1-1","io":"xfer"},{"id":"e1","ts":1767099600000,"cat":"food","amt":0,"day":"2025-12-31","io":"inc"},{"id":"e2","ts":1767355200000,"cat":"food","amt":10.5,"day":"2026-1-2","io":"inc"},{"id":"e3","ts":1767096000000,"cat":"food","amt":10.5,"day":"2025-12-30","io":"xfer"},{"id":"e4","ts":1767013200000,"cat":"food","amt":1e-7,"day":"2025-12-30"},{"id":"e5","ts":1767618000000,"cat":"food","amt":0,"day":"2026-1-6","io":"exp"}]|1767186000000,2026-1-1,1
group	[{"id":"e0","ts":1791115200000,"cat":"food","amt":-3.25,"day":"2026-10-4","io":"xfer"},{"id":"e1","ts":1791118800000,"cat":"food","amt":0.1,"day":"2026-10-5","io":"xfer"},{"id":"e2","ts":1791118800000,"cat":"food","amt":1e+21,"day":"2026-10-5","io":"inc"},{"id":"e3","ts":1791201600000,"cat":"food","amt":0,"day":"2026-10-5","io":"exp"},{"id":"e4","ts":1790946000000,"cat":"food","amt":10.5,"day":"2026-10-2","io":"xfer"},{"id":"e5","ts":1791111600000,"cat":"food","amt":0,"day":"2026-10-4","io":"inc"},{"id":"e6","ts":1790938800000,"cat":"food","amt":10.5,"day":"2026-10-2","io":"inc"}]|1791115200000,2026-10-4
flat	[{"id":"e0","ts":1791115200000,"cat":"food","amt":-3.25,"day":"2026-10-4","io":"xfer"},{"id":"e1","ts":1791118800000,"cat":"food","amt":0.1,"day":"2026-10-5","io":"xfer"},{"id":"e2","ts":1791118800000,"cat":"food","amt":1e+21,"day":"2026-10-5","io":"inc"},{"id":"e3","ts":1791201600000,"cat":"food","amt":0,"day":"2026-10-5","io":"exp"},{"id":"e4","ts":1790946000000,"cat":"food","amt":10.5,"day":"2026-10-2","io":"xfer"},{"id":"e5","ts":1791111600000,"cat":"food","amt":0,"day":"2026-10-4","io":"inc"},{"id":"e6","ts":1790938800000,"cat":"food","amt":10.5,"day":"2026-10-2","io":"inc"}]|1791115200000,2026-10-4,3
group	[{"id":"e0","ts":1775822400000,"cat":"food","amt":10.5,"day":"2026-4-10","io":"inc"},{"id":"e1","ts":1775304000000,"cat":"food","amt":1e-7,"day":"2026-4-4","io":"inc"},{"id":"e2","ts":1775818800000,"cat":"food","amt":0,"day":"2026-4-10","io":"xfer"},{"id":"e3","ts":1775559600000,"cat":"food","amt":0.1,"day":"2026-4-7","io":"xfer"},{"id":"e4","ts":1775563200000,"cat":"food","amt":0,"day":"2026-4-7"},{"id":"e5","ts":1775566800000,"cat":"food","amt":0,"day":"2026-4-7","io":"xfer"}]|1775390400000,2026-4-5
flat	[{"id":"e0","ts":1775822400000,"cat":"food","amt":10.5,"day":"2026-4-10","io":"inc"},{"id":"e1","ts":1775304000000,"cat":"food","amt":1e-7,"day":"2026-4-4","io":"inc"},{"id":"e2","ts":1775818800000,"cat":"food","amt":0,"day":"2026-4-10","io":"xfer"},{"id":"e3","ts":1775559600000,"cat":"food","amt":0.1,"day":"2026-4-7","io":"xfer"},{"id":"e4","ts":1775563200000,"cat":"food","amt":0,"day":"2026-4-7"},{"id":"e5","ts":1775566800000,"cat":"food","amt":0,"day":"2026-4-7","io":"xfer"}]|1775390400000,2026-4-5,1
group	[{"id":"e0","ts":1767142800000,"cat":"food","amt":1e-7,"day":"2025-12-31","io":"exp"}]|1767229200000,2026-1-1
flat	[{"id":"e0","ts":1767142800000,"cat":"food","amt":1e-7,"day":"2025-12-31","io":"exp"}]|1767229200000,2026-1-1,4
group	[{"id":"e0","ts":1791198000000,"cat":"food","amt":12345.678,"day":"2026-10-5","io":"exp"}]|1791115200000,2026-10-4
flat	[{"id":"e0","ts":1791198000000,"cat":"food","amt":12345.678,"day":"2026-10-5","io":"exp"}]|1791115200000,2026-10-4,4
group	[{"id":"e0","ts":1791633600000,"cat":"food","amt":0,"day":"2026-10-10"},{"id":"e1","ts":1791118800000,"cat":"food","amt":0,"day":"2026-10-5","io":"inc"},{"id":"e2","ts":1791201600000,"cat":"food","amt":0,"day":"2026-10-5","io":"exp"},{"id":"e3","ts":1791633600000,"cat":"food","amt":0.1,"day":"2026-10-10","io":"exp"},{"id":"e4","ts":1791032400000,"cat":"food","amt":-3.25,"day":"2026-10-3","io":"exp"}]|1791201600000,2026-10-5
flat	[{"id":"e0","ts":1791633600000,"cat":"food","amt":0,"day":"2026-10-10"},{"id":"e1","ts":1791118800000,"cat":"food","amt":0,"day":"2026-10-5","io":"inc"},{"id":"e2","ts":1791201600000,"cat":"food","amt":0,"day":"2026-10-5","io":"exp"},{"id":"e3","ts":1791633600000,"cat":"food","amt":0.1,"day":"2026-10-10","io":"exp"},{"id":"e4","ts":1791032400000,"cat":"food","amt":-3.25,"day":"2026-10-3","io":"exp"}]|1791201600000,2026-10-5,1
group	[]|1775304000000,2026-4-4
flat	[]|1775304000000,2026-4-4,3
group	[{"id":"e0","ts":1787709600000,"cat":"food","amt":1e+21,"day":"2026-8-26","io":"inc"},{"id":"e1","ts":1787626800000,"cat":"food","amt":1,"day":"2026-8-25"},{"id":"e2","ts":1787889600000,"cat":"food","amt":12345.678,"day":"2026-8-28"}]|1787713200000,2026-8-26
flat	[{"id":"e0","ts":1787709600000,"cat":"food","amt":1e+21,"day":"2026-8-26","io":"inc"},{"id":"e1","ts":1787626800000,"cat":"food","amt":1,"day":"2026-8-25"},{"id":"e2","ts":1787889600000,"cat":"food","amt":12345.678,"day":"2026-8-28"}]|1787713200000,2026-8-26,4
group	[{"id":"e0","ts":1790852400000,"cat":"food","amt":12345.678,"day":"2026-10-1","io":"inc"}]|1791028800000,2026-10-3
flat	[{"id":"e0","ts":1790852400000,"cat":"food","amt":12345.678,"day":"2026-10-1","io":"inc"}]|1791028800000,2026-10-3,1
group	[{"id":"e0","ts":1775566800000,"cat":"food","amt":-3.25,"day":"2026-4-7","io":"inc"},{"id":"e1","ts":1775476800000,"cat":"food","amt":1e-7,"day":"2026-4-6"},{"id":"e2","ts":1775307600000,"cat":"food","amt":0,"day":"2026-4-5","io":"inc"},{"id":"e3","ts":1775476800000,"cat":"food","amt":1,"day":"2026-4-6"},{"id":"e4","ts":1775563200000,"cat":"food","amt":0,"day":"2026-4-7"}]|1775390400000,2026-4-5
flat	[{"id":"e0","ts":1775566800000,"cat":"food","amt":-3.25,"day":"2026-4-7","io":"inc"},{"id":"e1","ts":1775476800000,"cat":"food","amt":1e-7,"day":"2026-4-6"},{"id":"e2","ts":1775307600000,"cat":"food","amt":0,"day":"2026-4-5","io":"inc"},{"id":"e3","ts":1775476800000,"cat":"food","amt":1,"day":"2026-4-6"},{"id":"e4","ts":1775563200000,"cat":"food","amt":0,"day":"2026-4-7"}]|1775390400000,2026-4-5,2
group	[{"id":"e0","ts":1787709600000,"cat":"food","amt":1e-7,"day":"2026-8-26","io":"exp"},{"id":"e1","ts":1787713200000,"cat":"food","amt":1e-7,"day":"2026-8-26","io":"inc"},{"id":"e2","ts":1787886000000,"cat":"food","amt":0,"day":"2026-8-28"},{"id":"e3","ts":1788145200000,"cat":"food","amt":1e-7,"day":"2026-8-31","io":"xfer"},{"id":"e4","ts":1786939200000,"cat":"food","amt":0.1,"day":"2026-8-17","io":"exp"},{"id":"e5","ts":1788145200000,"cat":"food","amt":0,"day":"2026-8-31","io":"xfer"},{"id":"e6","ts":1787540400000,"cat":"food","amt":12345.678,"day":"2026-8-24"}]|1787713200000,2026-8-26
flat	[{"id":"e0","ts":1787709600000,"cat":"food","amt":1e-7,"day":"2026-8-26","io":"exp"},{"id":"e1","ts":1787713200000,"cat":"food","amt":1e-7,"day":"2026-8-26","io":"inc"},{"id":"e2","ts":1787886000000,"cat":"food","amt":0,"day":"2026-8-28"},{"id":"e3","ts":1788145200000,"cat":"food","amt":1e-7,"day":"2026-8-31","io":"xfer"},{"id":"e4","ts":1786939200000,"cat":"food","amt":0.1,"day":"2026-8-17","io":"exp"},{"id":"e5","ts":1788145200000,"cat":"food","amt":0,"day":"2026-8-31","io":"xfer"},{"id":"e6","ts":1787540400000,"cat":"food","amt":12345.678,"day":"2026-8-24"}]|1787713200000,2026-8-26,1
group	[]|1775304000000,2026-4-4
flat	[]|1775304000000,2026-4-4,2
group	[{"id":"e0","ts":1787781600000,"cat":"food","amt":1e-7,"day":"2026-8-27","io":"xfer"}]|1787781600000,2026-8-27
flat	[{"id":"e0","ts":1787781600000,"cat":"food","amt":1e-7,"day":"2026-8-27","io":"xfer"}]|1787781600000,2026-8-27,3
group	[{"id":"e0","ts":1787868000000,"cat":"food","amt":10.5,"day":"2026-8-28","io":"exp"},{"id":"e1","ts":1787695200000,"cat":"food","amt":1,"day":"2026-8-26","io":"inc"},{"id":"e2","ts":1787781600000,"cat":"food","amt":0.1,"day":"2026-8-27","io":"inc"}]|1787781600000,2026-8-27
flat	[{"id":"e0","ts":1787868000000,"cat":"food","amt":10.5,"day":"2026-8-28","io":"exp"},{"id":"e1","ts":1787695200000,"cat":"food","amt":1,"day":"2026-8-26","io":"inc"},{"id":"e2","ts":1787781600000,"cat":"food","amt":0.1,"day":"2026-8-27","io":"inc"}]|1787781600000,2026-8-27,3
group	[]|1775304000000,2026-4-4
flat	[]|1775304000000,2026-4-4,2
group	[{"id":"e0","ts":1790337600000,"cat":"food","amt":10.5,"day":"2026-9-25","io":"xfer"},{"id":"e1","ts":1790337600000,"cat":"food","amt":0,"day":"2026-9-25"},{"id":"e2","ts":1791201600000,"cat":"food","amt":12345.678,"day":"2026-10-5","io":"exp"},{"id":"e3","ts":1791025200000,"cat":"food","amt":1e+21,"day":"2026-10-3"}]|1791115200000,2026-10-4
flat	[{"id":"e0","ts":1790337600000,"cat":"food","amt":10.5,"day":"2026-9-25","io":"xfer"},{"id":"e1","ts":1790337600000,"cat":"food","amt":0,"day":"2026-9-25"},{"id":"e2","ts":1791201600000,"cat":"food","amt":12345.678,"day":"2026-10-5","io":"exp"},{"id":"e3","ts":1791025200000,"cat":"food","amt":1e+21,"day":"2026-10-3"}]|1791115200000,2026-10-4,1
group	[{"id":"e0","ts":1767186000000,"cat":"food","amt":1e+21,"day":"2026-1-1","io":"xfer"},{"id":"e1","ts":1767272400000,"cat":"food","amt":0,"day":"2026-1-2","io":"inc"},{"id":"e2","ts":1767009600000,"cat":"food","amt":0.2,"day":"2025-12-29","io":"inc"},{"id":"e3","ts":1767099600000,"cat":"food","amt":1,"day":"2025-12-31","io":"xfer"}]|1767186000000,2026-1-1
flat	[{"id":"e0","ts":1767186000000,"cat":"food","amt":1e+21,"day":"2026-1-1","io":"xfer"},{"id":"e1","ts":1767272400000,"cat":"food","amt":0,"day":"2026-1-2","io":"inc"},{"id":"e2","ts":1767009600000,"cat":"food","amt":0.2,"day":"2025-12-29","io":"inc"},{"id":"e3","ts":1767099600000,"cat":"food","amt":1,"day":"2025-12-31","io":"xfer"}]|1767186000000,2026-1-1,4
group	[]|1791115200000,2026-10-4
flat	[]|1791115200000,2026-10-4,1
group	[{"id":"e0","ts":1791025200000,"cat":"food","amt":0.1,"day":"2026-10-3"},{"id":"e1","ts":1791028800000,"cat":"food","amt":0,"day":"2026-10-3"}]|1791028800000,2026-10-3
flat	[{"id":"e0","ts":1791025200000,"cat":"food","amt":0.1,"day":"2026-10-3"},{"id":"e1","ts":1791028800000,"cat":"food","amt":0,"day":"2026-10-3"}]|1791028800000,2026-10-3,1
group	[]|1787713200000,2026-8-26
flat	[]|1787713200000,2026-8-26,3
group	[{"id":"e0","ts":1767139200000,"cat":"food","amt":12345.678,"day":"2025-12-31","io":"inc"},{"id":"e1","ts":1767664800000,"cat":"food","amt":1e+21,"day":"2026-1-6"},{"id":"e2","ts":1766451600000,"cat":"food","amt":0,"day":"2025-12-23","io":"xfer"},{"id":"e3","ts":1767229200000,"cat":"food","amt":0.2,"day":"2026-1-1","io":"inc"},{"id":"e4","ts":1767060000000,"cat":"food","amt":0.2,"day":"2025-12-30","io":"xfer"},{"id":"e5","ts":1767405600000,"cat":"food","amt":0,"day":"2026-1-3","io":"exp"},{"id":"e6","ts":1767142800000,"cat":"food","amt":1,"day":"2025-12-31"}]|1767229200000,2026-1-1
flat	[{"id":"e0","ts":1767139200000,"cat":"food","amt":12345.678,"day":"2025-12-31","io":"inc"},{"id":"e1","ts":1767664800000,"cat":"food","amt":1e+21,"day":"2026-1-6"},{"id":"e2","ts":1766451600000,"cat":"food","amt":0,"day":"2025-12-23","io":"xfer"},{"id":"e3","ts":1767229200000,"cat":"food","amt":0.2,"day":"2026-1-1","io":"inc"},{"id":"e4","ts":1767060000000,"cat":"food","amt":0.2,"day":"2025-12-30","io":"xfer"},{"id":"e5","ts":1767405600000,"cat":"food","amt":0,"day":"2026-1-3","io":"exp"},{"id":"e6","ts":1767142800000,"cat":"food","amt":1,"day":"2025-12-31"}]|1767229200000,2026-1-1,1
group	[{"id":"e0","ts":1787954400000,"cat":"food","amt":0.2,"day":"2026-8-29"},{"id":"e1","ts":1787612400000,"cat":"food","amt":1e-7,"day":"2026-8-25","io":"exp"},{"id":"e2","ts":1787785200000,"cat":"food","amt":-3.25,"day":"2026-8-27","io":"exp"},{"id":"e3","ts":1787864400000,"cat":"food","amt":1,"day":"2026-8-28","io":"xfer"},{"id":"e4","ts":1787605200000,"cat":"food","amt":1e+21,"day":"2026-8-25","io":"exp"},{"id":"e5","ts":1787868000000,"cat":"food","amt":0.2,"day":"2026-8-28","io":"exp"},{"id":"e6","ts":1787691600000,"cat":"food","amt":1e+21,"day":"2026-8-26","io":"xfer"}]|1787781600000,2026-8-27
flat	[{"id":"e0","ts":1787954400000,"cat":"food","amt":0.2,"day":"2026-8-29"},{"id":"e1","ts":1787612400000,"cat":"food","amt":1e-7,"day":"2026-8-25","io":"exp"},{"id":"e2","ts":1787785200000,"cat":"food","amt":-3.25,"day":"2026-8-27","io":"exp"},{"id":"e3","ts":1787864400000,"cat":"food","amt":1,"day":"2026-8-28","io":"xfer"},{"id":"e4","ts":1787605200000,"cat":"food","amt":1e+21,"day":"2026-8-25","io":"exp"},{"id":"e5","ts":1787868000000,"cat":"food","amt":0.2,"day":"2026-8-28","io":"exp"},{"id":"e6","ts":1787691600000,"cat":"food","amt":1e+21,"day":"2026-8-26","io":"xfer"}]|1787781600000,2026-8-27,4
group	[{"id":"e0","ts":1787958000000,"cat":"food","amt":0.2,"day":"2026-8-29","io":"exp"},{"id":"e1","ts":1788217200000,"cat":"food","amt":12345.678,"day":"2026-9-1","io":"xfer"},{"id":"e2","ts":1787004000000,"cat":"food","amt":0.1,"day":"2026-8-18","io":"inc"},{"id":"e3","ts":1788210000000,"cat":"food","amt":-3.25,"day":"2026-9-1"},{"id":"e4","ts":1787608800000,"cat":"food","amt":0.1,"day":"2026-8-25","io":"inc"},{"id":"e5","ts":1787778000000,"cat":"food","amt":10.5,"day":"2026-8-27","io":"exp"},{"id":"e6","ts":1787958000000,"cat":"food","amt":1e+21,"day":"2026-8-29","io":"inc"}]|1787781600000,2026-8-27
flat	[{"id":"e0","ts":1787958000000,"cat":"food","amt":0.2,"day":"2026-8-29","io":"exp"},{"id":"e1","ts":1788217200000,"cat":"food","amt":12345.678,"day":"2026-9-1","io":"xfer"},{"id":"e2","ts":1787004000000,"cat":"food","amt":0.1,"day":"2026-8-18","io":"inc"},{"id":"e3","ts":1788210000000,"cat":"food","amt":-3.25,"day":"2026-9-1"},{"id":"e4","ts":1787608800000,"cat":"food","amt":0.1,"day":"2026-8-25","io":"inc"},{"id":"e5","ts":1787778000000,"cat":"food","amt":10.5,"day":"2026-8-27","io":"exp"},{"id":"e6","ts":1787958000000,"cat":"food","amt":1e+21,"day":"2026-8-29","io":"inc"}]|1787781600000,2026-8-27,1
group	[{"id":"e0","ts":1791374400000,"cat":"food","amt":1,"day":"2026-10-7","io":"inc"},{"id":"e1","ts":1791115200000,"cat":"food","amt":0.2,"day":"2026-10-4"},{"id":"e2","ts":1791198000000,"cat":"food","amt":1e+21,"day":"2026-10-5","io":"exp"},{"id":"e3","ts":1791201600000,"cat":"food","amt":0.2,"day":"2026-10-5","io":"exp"},{"id":"e4","ts":1791374400000,"cat":"food","amt":10.5,"day":"2026-10-7","io":"xfer"},{"id":"e5","ts":1791630000000,"cat":"food","amt":0,"day":"2026-10-10","io":"xfer"},{"id":"e6","ts":1791198000000,"cat":"food","amt":10.5,"day":"2026-10-5","io":"inc"}]|1791201600000,2026-10-5
flat	[{"id":"e0","ts":1791374400000,"cat":"food","amt":1,"day":"2026-10-7","io":"inc"},{"id":"e1","ts":1791115200000,"cat":"food","amt":0.2,"day":"2026-10-4"},{"id":"e2","ts":1791198000000,"cat":"food","amt":1e+21,"day":"2026-10-5","io":"exp"},{"id":"e3","ts":1791201600000,"cat":"food","amt":0.2,"day":"2026-10-5","io":"exp"},{"id":"e4","ts":1791374400000,"cat":"food","amt":10.5,"day":"2026-10-7","io":"xfer"},{"id":"e5","ts":1791630000000,"cat":"food","amt":0,"day":"2026-10-10","io":"xfer"},{"id":"e6","ts":1791198000000,"cat":"food","amt":10.5,"day":"2026-10-5","io":"inc"}]|1791201600000,2026-10-5,4
group	[{"id":"e0","ts":1791115200000,"cat":"food","amt":1,"day":"2026-10-4"},{"id":"e1","ts":1791205200000,"cat":"food","amt":1e+21,"day":"2026-10-6","io":"exp"},{"id":"e2","ts":1791288000000,"cat":"food","amt":-3.25,"day":"2026-10-6","io":"xfer"},{"id":"e3","ts":1791284400000,"cat":"food","amt":0,"day":"2026-10-6","io":"exp"},{"id":"e4","ts":1791288000000,"cat":"food","amt":0.1,"day":"2026-10-6"},{"id":"e5","ts":1790337600000,"cat":"food","amt":1e-7,"day":"2026-9-25"}]|1791115200000,2026-10-4
flat	[{"id":"e0","ts":1791115200000,"cat":"food","amt":1,"day":"2026-10-4"},{"id":"e1","ts":1791205200000,"cat":"food","amt":1e+21,"day":"2026-10-6","io":"exp"},{"id":"e2","ts":1791288000000,"cat":"food","amt":-3.25,"day":"2026-10-6","io":"xfer"},{"id":"e3","ts":1791284400000,"cat":"food","amt":0,"day":"2026-10-6","io":"exp"},{"id":"e4","ts":1791288000000,"cat":"food","amt":0.1,"day":"2026-10-6"},{"id":"e5","ts":1790337600000,"cat":"food","amt":1e-7,"day":"2026-9-25"}]|1791115200000,2026-10-4,0
group	[{"id":"e0","ts":1767186000000,"cat":"food","amt":1e-7,"day":"2026-1-1"},{"id":"e1","ts":1767189600000,"cat":"food","amt":0.2,"day":"2026-1-1","io":"xfer"},{"id":"e2","ts":1767009600000,"cat":"food","amt":10.5,"day":"2025-12-29","io":"inc"},{"id":"e3","ts":1767099600000,"cat":"food","amt":10.5,"day":"2025-12-31","io":"xfer"},{"id":"e4","ts":1767618000000,"cat":"food","amt":0.2,"day":"2026-1-6","io":"exp"},{"id":"e5","ts":1767016800000,"cat":"food","amt":0.1,"day":"2025-12-30"}]|1767186000000,2026-1-1
flat	[{"id":"e0","ts":1767186000000,"cat":"food","amt":1e-7,"day":"2026-1-1"},{"id":"e1","ts":1767189600000,"cat":"food","amt":0.2,"day":"2026-1-1","io":"xfer"},{"id":"e2","ts":1767009600000,"cat":"food","amt":10.5,"day":"2025-12-29","io":"inc"},{"id":"e3","ts":1767099600000,"cat":"food","amt":10.5,"day":"2025-12-31","io":"xfer"},{"id":"e4","ts":1767618000000,"cat":"food","amt":0.2,"day":"2026-1-6","io":"exp"},{"id":"e5","ts":1767016800000,"cat":"food","amt":0.1,"day":"2025-12-30"}]|1767186000000,2026-1-1,3
group	[{"id":"e0","ts":1774699200000,"cat":"food","amt":0.1,"day":"2026-3-28","io":"xfer"},{"id":"e1","ts":1775476800000,"cat":"food","amt":1e-7,"day":"2026-4-6","io":"exp"}]|1775476800000,2026-4-6
flat	[{"id":"e0","ts":1774699200000,"cat":"food","amt":0.1,"day":"2026-3-28","io":"xfer"},{"id":"e1","ts":1775476800000,"cat":"food","amt":1e-7,"day":"2026-4-6","io":"exp"}]|1775476800000,2026-4-6,3
group	[{"id":"e0","ts":1767099600000,"cat":"food","amt":10.5,"day":"2025-12-31","io":"xfer"},{"id":"e1","ts":1767618000000,"cat":"food","amt":-3.25,"day":"2026-1-6"},{"id":"e2","ts":1766408400000,"cat":"food","amt":1e+21,"day":"2025-12-23","io":"inc"}]|1767186000000,2026-1-1
flat	[{"id":"e0","ts":1767099600000,"cat":"food","amt":10.5,"day":"2025-12-31","io":"xfer"},{"id":"e1","ts":1767618000000,"cat":"food","amt":-3.25,"day":"2026-1-6"},{"id":"e2","ts":1766408400000,"cat":"food","amt":1e+21,"day":"2025-12-23","io":"inc"}]|1767186000000,2026-1-1,2
group	[{"id":"e0","ts":1774695600000,"cat":"food","amt":0,"day":"2026-3-28","io":"xfer"},{"id":"e1","ts":1774695600000,"cat":"food","amt":1e+21,"day":"2026-3-28","io":"xfer"},{"id":"e2","ts":1775476800000,"cat":"food","amt":-3.25,"day":"2026-4-6","io":"inc"}]|1775476800000,2026-4-6
flat	[{"id":"e0","ts":1774695600000,"cat":"food","amt":0,"day":"2026-3-28","io":"xfer"},{"id":"e1","ts":1774695600000,"cat":"food","amt":1e+21,"day":"2026-3-28","io":"xfer"},{"id":"e2","ts":1775476800000,"cat":"food","amt":-3.25,"day":"2026-4-6","io":"inc"}]|1775476800000,2026-4-6,1
group	[{"id":"e0","ts":1775304000000,"cat":"food","amt":12345.678,"day":"2026-4-4","io":"exp"},{"id":"e1","ts":1775739600000,"cat":"food","amt":0.1,"day":"2026-4-9"},{"id":"e2","ts":1775473200000,"cat":"food","amt":0.1,"day":"2026-4-6","io":"xfer"},{"id":"e3","ts":1775127600000,"cat":"food","amt":-3.25,"day":"2026-4-2","io":"xfer"}]|1775304000000,2026-4-4
flat	[{"id":"e0","ts":1775304000000,"cat":"food","amt":12345.678,"day":"2026-4-4","io":"exp"},{"id":"e1","ts":1775739600000,"cat":"food","amt":0.1,"day":"2026-4-9"},{"id":"e2","ts":1775473200000,"cat":"food","amt":0.1,"day":"2026-4-6","io":"xfer"},{"id":"e3","ts":1775127600000,"cat":"food","amt":-3.25,"day":"2026-4-2","io":"xfer"}]|1775304000000,2026-4-4,4
group	[]|1767229200000,2026-1-1
flat	[]|1767229200000,2026-1-1,2
group	[{"id":"e0","ts":1787540400000,"cat":"food","amt":12345.678,"day":"2026-8-24","io":"inc"},{"id":"e1","ts":1787716800000,"cat":"food","amt":1e-7,"day":"2026-8-26","io":"inc"},{"id":"e2","ts":1788145200000,"cat":"food","amt":1,"day":"2026-8-31","io":"exp"},{"id":"e3","ts":1787713200000,"cat":"food","amt":12345.678,"day":"2026-8-26","io":"exp"},{"id":"e4","ts":1787536800000,"cat":"food","amt":10.5,"day":"2026-8-24"},{"id":"e5","ts":1787630400000,"cat":"food","amt":0.1,"day":"2026-8-25","io":"exp"},{"id":"e6","ts":1787540400000,"cat":"food","amt":0,"day":"2026-8-24","io":"inc"}]|1787713200000,2026-8-26
flat	[{"id":"e0","ts":1787540400000,"cat":"food","amt":12345.678,"day":"2026-8-24","io":"inc"},{"id":"e1","ts":1787716800000,"cat":"food","amt":1e-7,"day":"2026-8-26","io":"inc"},{"id":"e2","ts":1788145200000,"cat":"food","amt":1,"day":"2026-8-31","io":"exp"},{"id":"e3","ts":1787713200000,"cat":"food","amt":12345.678,"day":"2026-8-26","io":"exp"},{"id":"e4","ts":1787536800000,"cat":"food","amt":10.5,"day":"2026-8-24"},{"id":"e5","ts":1787630400000,"cat":"food","amt":0.1,"day":"2026-8-25","io":"exp"},{"id":"e6","ts":1787540400000,"cat":"food","amt":0,"day":"2026-8-24","io":"inc"}]|1787713200000,2026-8-26,1
group	[{"id":"e0","ts":1791028800000,"cat":"food","amt":-3.25,"day":"2026-10-3","io":"xfer"},{"id":"e1","ts":1790942400000,"cat":"food","amt":0,"day":"2026-10-2","io":"inc"},{"id":"e2","ts":1791028800000,"cat":"food","amt":1e+21,"day":"2026-10-3"},{"id":"e3","ts":1791198000000,"cat":"food","amt":1e+21,"day":"2026-10-5","io":"inc"},{"id":"e4","ts":1790254800000,"cat":"food","amt":12345.678,"day":"2026-9-24","io":"inc"}]|1791028800000,2026-10-3
flat	[{"id":"e0","ts":1791028800000,"cat":"food","amt":-3.25,"day":"2026-10-3","io":"xfer"},{"id":"e1","ts":1790942400000,"cat":"food","amt":0,"day":"2026-10-2","io":"inc"},{"id":"e2","ts":1791028800000,"cat":"food","amt":1e+21,"day":"2026-10-3"},{"id":"e3","ts":1791198000000,"cat":"food","amt":1e+21,"day":"2026-10-5","io":"inc"},{"id":"e4","ts":1790254800000,"cat":"food","amt":12345.678,"day":"2026-9-24","io":"inc"}]|1791028800000,2026-10-3,2
group	[{"id":"e0","ts":1767142800000,"cat":"food","amt":0,"day":"2025-12-31"},{"id":"e1","ts":1767405600000,"cat":"food","amt":12345.678,"day":"2026-1-3","io":"xfer"},{"id":"e2","ts":1767664800000,"cat":"food","amt":-3.25,"day":"2026-1-6","io":"xfer"},{"id":"e3","ts":1767142800000,"cat":"food","amt":0.2,"day":"2025-12-31"},{"id":"e4","ts":1767142800000,"cat":"food","amt":1e+21,"day":"2025-12-31","io":"xfer"},{"id":"e5","ts":1767225600000,"cat":"food","amt":0,"day":"2026-1-1"},{"id":"e6","ts":1767661200000,"cat":"food","amt":-3.25,"day":"2026-1-6","io":"exp"}]|1767229200000,2026-1-1
flat	[{"id":"e0","ts":1767142800000,"cat":"food","amt":0,"day":"2025-12-31"},{"id":"e1","ts":1767405600000,"cat":"food","amt":12345.678,"day":"2026-1-3","io":"xfer"},{"id":"e2","ts":1767664800000,"cat":"food","amt":-3.25,"day":"2026-1-6","io":"xfer"},{"id":"e3","ts":1767142800000,"cat":"food","amt":0.2,"day":"2025-12-31"},{"id":"e4","ts":1767142800000,"cat":"food","amt":1e+21,"day":"2025-12-31","io":"xfer"},{"id":"e5","ts":1767225600000,"cat":"food","amt":0,"day":"2026-1-1"},{"id":"e6","ts":1767661200000,"cat":"food","amt":-3.25,"day":"2026-1-6","io":"exp"}]|1767229200000,2026-1-1,0
group	[{"id":"e0","ts":1791118800000,"cat":"food","amt":1e-7,"day":"2026-10-5","io":"inc"}]|1791115200000,2026-10-4
flat	[{"id":"e0","ts":1791118800000,"cat":"food","amt":1e-7,"day":"2026-10-5","io":"inc"}]|1791115200000,2026-10-4,1
group	[{"id":"e0","ts":1791378000000,"cat":"food","amt":1e+21,"day":"2026-10-8","io":"exp"},{"id":"e1","ts":1791198000000,"cat":"food","amt":10.5,"day":"2026-10-5","io":"exp"},{"id":"e2","ts":1791198000000,"cat":"food","amt":0,"day":"2026-10-5","io":"exp"}]|1791201600000,2026-10-5
flat	[{"id":"e0","ts":1791378000000,"cat":"food","amt":1e+21,"day":"2026-10-8","io":"exp"},{"id":"e1","ts":1791198000000,"cat":"food","amt":10.5,"day":"2026-10-5","io":"exp"},{"id":"e2","ts":1791198000000,"cat":"food","amt":0,"day":"2026-10-5","io":"exp"}]|1791201600000,2026-10-5,4
group	[{"id":"e0","ts":1775300400000,"cat":"food","amt":1e+21,"day":"2026-4-4","io":"xfer"},{"id":"e1","ts":1775217600000,"cat":"food","amt":-3.25,"day":"2026-4-3","io":"exp"},{"id":"e2","ts":1775304000000,"cat":"food","amt":0.1,"day":"2026-4-4","io":"exp"},{"id":"e3","ts":1775563200000,"cat":"food","amt":-3.25,"day":"2026-4-7","io":"exp"}]|1775390400000,2026-4-5
flat	[{"id":"e0","ts":1775300400000,"cat":"food","amt":1e+21,"day":"2026-4-4","io":"xfer"},{"id":"e1","ts":1775217600000,"cat":"food","amt":-3.25,"day":"2026-4-3","io":"exp"},{"id":"e2","ts":1775304000000,"cat":"food","amt":0.1,"day":"2026-4-4","io":"exp"},{"id":"e3","ts":1775563200000,"cat":"food","amt":-3.25,"day":"2026-4-7","io":"exp"}]|1775390400000,2026-4-5,3
group	[{"id":"e0","ts":1791028800000,"cat":"food","amt":0.1,"day":"2026-10-3","io":"exp"},{"id":"e1","ts":1791115200000,"cat":"food","amt":10.5,"day":"2026-10-4","io":"exp"},{"id":"e2","ts":1791201600000,"cat":"food","amt":-3.25,"day":"2026-10-5","io":"exp"},{"id":"e3","ts":1791118800000,"cat":"food","amt":1,"day":"2026-10-5","io":"exp"},{"id":"e4","ts":1791288000000,"cat":"food","amt":10.5,"day":"2026-10-6"},{"id":"e5","ts":1791288000000,"cat":"food","amt":0,"day":"2026-10-6"},{"id":"e6","ts":1791284400000,"cat":"food","amt":1e-7,"day":"2026-10-6"}]|1791115200000,2026-10-4
flat	[{"id":"e0","ts":1791028800000,"cat":"food","amt":0.1,"day":"2026-10-3","io":"exp"},{"id":"e1","ts":1791115200000,"cat":"food","amt":10.5,"day":"2026-10-4","io":"exp"},{"id":"e2","ts":1791201600000,"cat":"food","amt":-3.25,"day":"2026-10-5","io":"exp"},{"id":"e3","ts":1791118800000,"cat":"food","amt":1,"day":"2026-10-5","io":"exp"},{"id":"e4","ts":1791288000000,"cat":"food","amt":10.5,"day":"2026-10-6"},{"id":"e5","ts":1791288000000,"cat":"food","amt":0,"day":"2026-10-6"},{"id":"e6","ts":1791284400000,"cat":"food","amt":1e-7,"day":"2026-10-6"}]|1791115200000,2026-10-4,4
group	[{"id":"e0","ts":1791115200000,"cat":"food","amt":0.2,"day":"2026-10-4","io":"xfer"},{"id":"e1","ts":1791547200000,"cat":"food","amt":-3.25,"day":"2026-10-9","io":"exp"},{"id":"e2","ts":1791115200000,"cat":"food","amt":1,"day":"2026-10-4","io":"exp"},{"id":"e3","ts":1791028800000,"cat":"food","amt":1e-7,"day":"2026-10-3","io":"inc"},{"id":"e4","ts":1791284400000,"cat":"food","amt":1e+21,"day":"2026-10-6","io":"inc"}]|1791115200000,2026-10-4
flat	[{"id":"e0","ts":1791115200000,"cat":"food","amt":0.2,"day":"2026-10-4","io":"xfer"},{"id":"e1","ts":1791547200000,"cat":"food","amt":-3.25,"day":"2026-10-9","io":"exp"},{"id":"e2","ts":1791115200000,"cat":"food","amt":1,"day":"2026-10-4","io":"exp"},{"id":"e3","ts":1791028800000,"cat":"food","amt":1e-7,"day":"2026-10-3","io":"inc"},{"id":"e4","ts":1791284400000,"cat":"food","amt":1e+21,"day":"2026-10-6","io":"inc"}]|1791115200000,2026-10-4,0
group	[{"id":"e0","ts":1787544000000,"cat":"food","amt":10.5,"day":"2026-8-24","io":"exp"},{"id":"e1","ts":1786939200000,"cat":"food","amt":1e-7,"day":"2026-8-17"},{"id":"e2","ts":1787626800000,"cat":"food","amt":0,"day":"2026-8-25","io":"inc"}]|1787713200000,2026-8-26
flat	[{"id":"e0","ts":1787544000000,"cat":"food","amt":10.5,"day":"2026-8-24","io":"exp"},{"id":"e1","ts":1786939200000,"cat":"food","amt":1e-7,"day":"2026-8-17"},{"id":"e2","ts":1787626800000,"cat":"food","amt":0,"day":"2026-8-25","io":"inc"}]|1787713200000,2026-8-26,2
group	[{"id":"e0","ts":1775739600000,"cat":"food","amt":0,"day":"2026-4-9","io":"inc"},{"id":"e1","ts":1775480400000,"cat":"food","amt":1e-7,"day":"2026-4-6","io":"xfer"},{"id":"e2","ts":1775131200000,"cat":"food","amt":12345.678,"day":"2026-4-2"},{"id":"e3","ts":1774526400000,"cat":"food","amt":0,"day":"2026-3-26","io":"inc"},{"id":"e4","ts":1775304000000,"cat":"food","amt":0.2,"day":"2026-4-4","io":"exp"}]|1775304000000,2026-4-4
flat	[{"id":"e0","ts":1775739600000,"cat":"food","amt":0,"day":"2026-4-9","io":"inc"},{"id":"e1","ts":1775480400000,"cat":"food","amt":1e-7,"day":"2026-4-6","io":"xfer"},{"id":"e2","ts":1775131200000,"cat":"food","amt":12345.678,"day":"2026-4-2"},{"id":"e3","ts":1774526400000,"cat":"food","amt":0,"day":"2026-3-26","io":"inc"},{"id":"e4","ts":1775304000000,"cat":"food","amt":0.2,"day":"2026-4-4","io":"exp"}]|1775304000000,2026-4-4,1
group	[{"id":"e0","ts":1791032400000,"cat":"food","amt":-3.25,"day":"2026-10-3","io":"exp"},{"id":"e1","ts":1790942400000,"cat":"food","amt":10.5,"day":"2026-10-2","io":"xfer"},{"id":"e2","ts":1791543600000,"cat":"food","amt":0,"day":"2026-10-9"}]|1791115200000,2026-10-4
flat	[{"id":"e0","ts":1791032400000,"cat":"food","amt":-3.25,"day":"2026-10-3","io":"exp"},{"id":"e1","ts":1790942400000,"cat":"food","amt":10.5,"day":"2026-10-2","io":"xfer"},{"id":"e2","ts":1791543600000,"cat":"food","amt":0,"day":"2026-10-9"}]|1791115200000,2026-10-4,2
group	[{"id":"e0","ts":1790938800000,"cat":"food","amt":0.2,"day":"2026-10-2","io":"exp"}]|1791115200000,2026-10-4
flat	[{"id":"e0","ts":1790938800000,"cat":"food","amt":0.2,"day":"2026-10-2","io":"exp"}]|1791115200000,2026-10-4,3
group	[{"id":"e0","ts":1791550800000,"cat":"food","amt":12345.678,"day":"2026-10-10","io":"inc"}]|1791115200000,2026-10-4
flat	[{"id":"e0","ts":1791550800000,"cat":"food","amt":12345.678,"day":"2026-10-10","io":"inc"}]|1791115200000,2026-10-4,0
group	[]|1791201600000,2026-10-5
flat	[]|1791201600000,2026-10-5,3
group	[{"id":"e0","ts":1767142800000,"cat":"food","amt":1,"day":"2025-12-31","io":"exp"}]|1767229200000,2026-1-1
flat	[{"id":"e0","ts":1767142800000,"cat":"food","amt":1,"day":"2025-12-31","io":"exp"}]|1767229200000,2026-1-1,4
group	[{"id":"e0","ts":1775300400000,"cat":"food","amt":0,"day":"2026-4-4","io":"inc"},{"id":"e1","ts":1774616400000,"cat":"food","amt":-3.25,"day":"2026-3-28"},{"id":"e2","ts":1775826000000,"cat":"food","amt":0.2,"day":"2026-4-10"},{"id":"e3","ts":1775386800000,"cat":"food","amt":0.1,"day":"2026-4-5","io":"exp"},{"id":"e4","ts":1775217600000,"cat":"food","amt":12345.678,"day":"2026-4-3","io":"xfer"},{"id":"e5","ts":1775818800000,"cat":"food","amt":0.2,"day":"2026-4-10","io":"xfer"}]|1775390400000,2026-4-5
flat	[{"id":"e0","ts":1775300400000,"cat":"food","amt":0,"day":"2026-4-4","io":"inc"},{"id":"e1","ts":1774616400000,"cat":"food","amt":-3.25,"day":"2026-3-28"},{"id":"e2","ts":1775826000000,"cat":"food","amt":0.2,"day":"2026-4-10"},{"id":"e3","ts":1775386800000,"cat":"food","amt":0.1,"day":"2026-4-5","io":"exp"},{"id":"e4","ts":1775217600000,"cat":"food","amt":12345.678,"day":"2026-4-3","io":"xfer"},{"id":"e5","ts":1775818800000,"cat":"food","amt":0.2,"day":"2026-4-10","io":"xfer"}]|1775390400000,2026-4-5,2
group	[{"id":"e0","ts":1775394000000,"cat":"food","amt":0,"day":"2026-4-5"}]|1775476800000,2026-4-6
flat	[{"id":"e0","ts":1775394000000,"cat":"food","amt":0,"day":"2026-4-5"}]|1775476800000,2026-4-6,0
group	[{"id":"e0","ts":1774699200000,"cat":"food","amt":0.1,"day":"2026-3-28","io":"inc"},{"id":"e1","ts":1775912400000,"cat":"food","amt":0.1,"day":"2026-4-11","io":"inc"},{"id":"e2","ts":1775563200000,"cat":"food","amt":1e+21,"day":"2026-4-7","io":"inc"},{"id":"e3","ts":1775480400000,"cat":"food","amt":1e+21,"day":"2026-4-6","io":"exp"},{"id":"e4","ts":1775390400000,"cat":"food","amt":12345.678,"day":"2026-4-5","io":"xfer"},{"id":"e5","ts":1775559600000,"cat":"food","amt":10.5,"day":"2026-4-7","io":"exp"}]|1775476800000,2026-4-6
flat	[{"id":"e0","ts":1774699200000,"cat":"food","amt":0.1,"day":"2026-3-28","io":"inc"},{"id":"e1","ts":1775912400000,"cat":"food","amt":0.1,"day":"2026-4-11","io":"inc"},{"id":"e2","ts":1775563200000,"cat":"food","amt":1e+21,"day":"2026-4-7","io":"inc"},{"id":"e3","ts":1775480400000,"cat":"food","amt":1e+21,"day":"2026-4-6","io":"exp"},{"id":"e4","ts":1775390400000,"cat":"food","amt":12345.678,"day":"2026-4-5","io":"xfer"},{"id":"e5","ts":1775559600000,"cat":"food","amt":10.5,"day":"2026-4-7","io":"exp"}]|1775476800000,2026-4-6,4
group	[{"id":"e0","ts":1775394000000,"cat":"food","amt":1e-7,"day":"2026-4-5","io":"xfer"},{"id":"e1","ts":1775390400000,"cat":"food","amt":10.5,"day":"2026-4-5","io":"xfer"},{"id":"e2","ts":1775390400000,"cat":"food","amt":0.2,"day":"2026-4-5","io":"exp"},{"id":"e3","ts":1775390400000,"cat":"food","amt":0,"day":"2026-4-5","io":"xfer"},{"id":"e4","ts":1774699200000,"cat":"food","amt":-3.25,"day":"2026-3-28","io":"exp"},{"id":"e5","ts":1775653200000,"cat":"food","amt":1e-7,"day":"2026-4-8","io":"exp"}]|1775476800000,2026-4-6
flat	[{"id":"e0","ts":1775394000000,"cat":"food","amt":1e-7,"day":"2026-4-5","io":"xfer"},{"id":"e1","ts":1775390400000,"cat":"food","amt":10.5,"day":"2026-4-5","io":"xfer"},{"id":"e2","ts":1775390400000,"cat":"food","amt":0.2,"day":"2026-4-5","io":"exp"},{"id":"e3","ts":1775390400000,"cat":"food","amt":0,"day":"2026-4-5","io":"xfer"},{"id":"e4","ts":1774699200000,"cat":"food","amt":-3.25,"day":"2026-3-28","io":"exp"},{"id":"e5","ts":1775653200000,"cat":"food","amt":1e-7,"day":"2026-4-8","io":"exp"}]|1775476800000,2026-4-6,0
group	[{"id":"e0","ts":1786935600000,"cat":"food","amt":0.1,"day":"2026-8-17","io":"xfer"},{"id":"e1","ts":1787709600000,"cat":"food","amt":1e+21,"day":"2026-8-26","io":"inc"},{"id":"e2","ts":1786932000000,"cat":"food","amt":1e+21,"day":"2026-8-17","io":"inc"},{"id":"e3","ts":1787882400000,"cat":"food","amt":1,"day":"2026-8-28"}]|1787713200000,2026-8-26
flat	[{"id":"e0","ts":1786935600000,"cat":"food","amt":0.1,"day":"2026-8-17","io":"xfer"},{"id":"e1","ts":1787709600000,"cat":"food","amt":1e+21,"day":"2026-8-26","io":"inc"},{"id":"e2","ts":1786932000000,"cat":"food","amt":1e+21,"day":"2026-8-17","io":"inc"},{"id":"e3","ts":1787882400000,"cat":"food","amt":1,"day":"2026-8-28"}]|1787713200000,2026-8-26,4
group	[{"id":"e0","ts":1787954400000,"cat":"food","amt":10.5,"day":"2026-8-29"},{"id":"e1","ts":1787781600000,"cat":"food","amt":1,"day":"2026-8-27"},{"id":"e2","ts":1787778000000,"cat":"food","amt":-3.25,"day":"2026-8-27","io":"xfer"},{"id":"e3","ts":1787000400000,"cat":"food","amt":0.1,"day":"2026-8-18","io":"xfer"}]|1787781600000,2026-8-27
flat	[{"id":"e0","ts":1787954400000,"cat":"food","amt":10.5,"day":"2026-8-29"},{"id":"e1","ts":1787781600000,"cat":"food","amt":1,"day":"2026-8-27"},{"id":"e2","ts":1787778000000,"cat":"food","amt":-3.25,"day":"2026-8-27","io":"xfer"},{"id":"e3","ts":1787000400000,"cat":"food","amt":0.1,"day":"2026-8-18","io":"xfer"}]|1787781600000,2026-8-27,0
group	[{"id":"e0","ts":1787605200000,"cat":"food","amt":12345.678,"day":"2026-8-25"},{"id":"e1","ts":1787605200000,"cat":"food","amt":1e+21,"day":"2026-8-25","io":"exp"},{"id":"e2","ts":1788213600000,"cat":"food","amt":1,"day":"2026-9-1"}]|1787781600000,2026-8-27
flat	[{"id":"e0","ts":1787605200000,"cat":"food","amt":12345.678,"day":"2026-8-25"},{"id":"e1","ts":1787605200000,"cat":"food","amt":1e+21,"day":"2026-8-25","io":"exp"},{"id":"e2","ts":1788213600000,"cat":"food","amt":1,"day":"2026-9-1"}]|1787781600000,2026-8-27,0
group	[{"id":"e0","ts":1787540400000,"cat":"food","amt":0.2,"day":"2026-8-24","io":"xfer"},{"id":"e1","ts":1787713200000,"cat":"food","amt":0.1,"day":"2026-8-26","io":"inc"},{"id":"e2","ts":1787882400000,"cat":"food","amt":0,"day":"2026-8-28","io":"exp"}]|1787713200000,2026-8-26
flat	[{"id":"e0","ts":1787540400000,"cat":"food","amt":0.2,"day":"2026-8-24","io":"xfer"},{"id":"e1","ts":1787713200000,"cat":"food","amt":0.1,"day":"2026-8-26","io":"inc"},{"id":"e2","ts":1787882400000,"cat":"food","amt":0,"day":"2026-8-28","io":"exp"}]|1787713200000,2026-8-26,3
group	[{"id":"e0","ts":1786935600000,"cat":"food","amt":0,"day":"2026-8-17"}]|1787713200000,2026-8-26
flat	[{"id":"e0","ts":1786935600000,"cat":"food","amt":0,"day":"2026-8-17"}]|1787713200000,2026-8-26,1
group	[{"id":"e0","ts":1767661200000,"cat":"food","amt":1e-7,"day":"2026-1-6","io":"xfer"},{"id":"e1","ts":1766451600000,"cat":"food","amt":1,"day":"2025-12-23","io":"exp"},{"id":"e2","ts":1767232800000,"cat":"food","amt":0.1,"day":"2026-1-1","io":"xfer"}]|1767229200000,2026-1-1
flat	[{"id":"e0","ts":1767661200000,"cat":"food","amt":1e-7,"day":"2026-1-6","io":"xfer"},{"id":"e1","ts":1766451600000,"cat":"food","amt":1,"day":"2025-12-23","io":"exp"},{"id":"e2","ts":1767232800000,"cat":"food","amt":0.1,"day":"2026-1-1","io":"xfer"}]|1767229200000,2026-1-1,2
group	[{"id":"e0","ts":1787868000000,"cat":"food","amt":1,"day":"2026-8-28","io":"inc"},{"id":"e1","ts":1787695200000,"cat":"food","amt":0.1,"day":"2026-8-26"}]|1787781600000,2026-8-27
flat	[{"id":"e0","ts":1787868000000,"cat":"food","amt":1,"day":"2026-8-28","io":"inc"},{"id":"e1","ts":1787695200000,"cat":"food","amt":0.1,"day":"2026-8-26"}]|1787781600000,2026-8-27,1
group	[]|1767186000000,2026-1-1
flat	[]|1767186000000,2026-1-1,1
group	[{"id":"e0","ts":1787536800000,"cat":"food","amt":0,"day":"2026-8-24"},{"id":"e1","ts":1787716800000,"cat":"food","amt":0.2,"day":"2026-8-26","io":"exp"},{"id":"e2","ts":1788141600000,"cat":"food","amt":1e-7,"day":"2026-8-31"},{"id":"e3","ts":1788145200000,"cat":"food","amt":0,"day":"2026-8-31","io":"inc"}]|1787713200000,2026-8-26
flat	[{"id":"e0","ts":1787536800000,"cat":"food","amt":0,"day":"2026-8-24"},{"id":"e1","ts":1787716800000,"cat":"food","amt":0.2,"day":"2026-8-26","io":"exp"},{"id":"e2","ts":1788141600000,"cat":"food","amt":1e-7,"day":"2026-8-31"},{"id":"e3","ts":1788145200000,"cat":"food","amt":0,"day":"2026-8-31","io":"inc"}]|1787713200000,2026-8-26,1
group	[{"id":"e0","ts":1787698800000,"cat":"food","amt":-3.25,"day":"2026-8-26","io":"xfer"},{"id":"e1","ts":1788210000000,"cat":"food","amt":1e-7,"day":"2026-9-1","io":"xfer"}]|1787781600000,2026-8-27
flat	[{"id":"e0","ts":1787698800000,"cat":"food","amt":-3.25,"day":"2026-8-26","io":"xfer"},{"id":"e1","ts":1788210000000,"cat":"food","amt":1e-7,"day":"2026-9-1","io":"xfer"}]|1787781600000,2026-8-27,4
group	[{"id":"e0","ts":1791111600000,"cat":"food","amt":0,"day":"2026-10-4","io":"inc"},{"id":"e1","ts":1791028800000,"cat":"food","amt":1,"day":"2026-10-3","io":"exp"},{"id":"e2","ts":1791547200000,"cat":"food","amt":10.5,"day":"2026-10-9","io":"xfer"},{"id":"e3","ts":1791291600000,"cat":"food","amt":0,"day":"2026-10-7","io":"exp"}]|1791115200000,2026-10-4
flat	[{"id":"e0","ts":1791111600000,"cat":"food","amt":0,"day":"2026-10-4","io":"inc"},{"id":"e1","ts":1791028800000,"cat":"food","amt":1,"day":"2026-10-3","io":"exp"},{"id":"e2","ts":1791547200000,"cat":"food","amt":10.5,"day":"2026-10-9","io":"xfer"},{"id":"e3","ts":1791291600000,"cat":"food","amt":0,"day":"2026-10-7","io":"exp"}]|1791115200000,2026-10-4,0
group	[]|1775476800000,2026-4-6
flat	[]|1775476800000,2026-4-6,1
group	[{"id":"e0","ts":1787889600000,"cat":"food","amt":-3.25,"day":"2026-8-28","io":"exp"},{"id":"e1","ts":1787886000000,"cat":"food","amt":0.2,"day":"2026-8-28","io":"xfer"},{"id":"e2","ts":1786935600000,"cat":"food","amt":0,"day":"2026-8-17","io":"xfer"},{"id":"e3","ts":1787626800000,"cat":"food","amt":1,"day":"2026-8-25"}]|1787713200000,2026-8-26
flat	[{"id":"e0","ts":1787889600000,"cat":"food","amt":-3.25,"day":"2026-8-28","io":"exp"},{"id":"e1","ts":1787886000000,"cat":"food","amt":0.2,"day":"2026-8-28","io":"xfer"},{"id":"e2","ts":1786935600000,"cat":"food","amt":0,"day":"2026-8-17","io":"xfer"},{"id":"e3","ts":1787626800000,"cat":"food","amt":1,"day":"2026-8-25"}]|1787713200000,2026-8-26,3
group	[]|1787713200000,2026-8-26
flat	[]|1787713200000,2026-8-26,1
group	[{"id":"e0","ts":1786932000000,"cat":"food","amt":10.5,"day":"2026-8-17","io":"xfer"},{"id":"e1","ts":1788145200000,"cat":"food","amt":10.5,"day":"2026-8-31","io":"inc"},{"id":"e2","ts":1787544000000,"cat":"food","amt":12345.678,"day":"2026-8-24","io":"xfer"},{"id":"e3","ts":1787626800000,"cat":"food","amt":1,"day":"2026-8-25","io":"exp"},{"id":"e4","ts":1788148800000,"cat":"food","amt":0,"day":"2026-8-31"},{"id":"e5","ts":1787709600000,"cat":"food","amt":10.5,"day":"2026-8-26","io":"exp"},{"id":"e6","ts":1788145200000,"cat":"food","amt":1e-7,"day":"2026-8-31"}]|1787713200000,2026-8-26
flat	[{"id":"e0","ts":1786932000000,"cat":"food","amt":10.5,"day":"2026-8-17","io":"xfer"},{"id":"e1","ts":1788145200000,"cat":"food","amt":10.5,"day":"2026-8-31","io":"inc"},{"id":"e2","ts":1787544000000,"cat":"food","amt":12345.678,"day":"2026-8-24","io":"xfer"},{"id":"e3","ts":1787626800000,"cat":"food","amt":1,"day":"2026-8-25","io":"exp"},{"id":"e4","ts":1788148800000,"cat":"food","amt":0,"day":"2026-8-31"},{"id":"e5","ts":1787709600000,"cat":"food","amt":10.5,"day":"2026-8-26","io":"exp"},{"id":"e6","ts":1788145200000,"cat":"food","amt":1e-7,"day":"2026-8-31"}]|1787713200000,2026-8-26,3
group	[]|1775304000000,2026-4-4
flat	[]|1775304000000,2026-4-4,0
group	[]|1791028800000,2026-10-3
flat	[]|1791028800000,2026-10-3,4
group	[{"id":"e0","ts":1787698800000,"cat":"food","amt":-3.25,"day":"2026-8-26"}]|1787781600000,2026-8-27
flat	[{"id":"e0","ts":1787698800000,"cat":"food","amt":-3.25,"day":"2026-8-26"}]|1787781600000,2026-8-27,3
group	[{"id":"e0","ts":1775739600000,"cat":"food","amt":1e+21,"day":"2026-4-9"},{"id":"e1","ts":1775300400000,"cat":"food","amt":1e+21,"day":"2026-4-4","io":"xfer"}]|1775304000000,2026-4-4
flat	[{"id":"e0","ts":1775739600000,"cat":"food","amt":1e+21,"day":"2026-4-9"},{"id":"e1","ts":1775300400000,"cat":"food","amt":1e+21,"day":"2026-4-4","io":"xfer"}]|1775304000000,2026-4-4,4
group	[{"id":"e0","ts":1791025200000,"cat":"food","amt":10.5,"day":"2026-10-3","io":"exp"}]|1791201600000,2026-10-5
flat	[{"id":"e0","ts":1791025200000,"cat":"food","amt":10.5,"day":"2026-10-3","io":"exp"}]|1791201600000,2026-10-5,4
group	[]|1767186000000,2026-1-1
flat	[]|1767186000000,2026-1-1,1
group	[{"id":"e0","ts":1767398400000,"cat":"food","amt":0,"day":"2026-1-3","io":"exp"},{"id":"e1","ts":1767056400000,"cat":"food","amt":-3.25,"day":"2025-12-30","io":"xfer"},{"id":"e2","ts":1767661200000,"cat":"food","amt":1e+21,"day":"2026-1-6","io":"exp"},{"id":"e3","ts":1767315600000,"cat":"food","amt":1e-7,"day":"2026-1-2"}]|1767229200000,2026-1-1
flat	[{"id":"e0","ts":1767398400000,"cat":"food","amt":0,"day":"2026-1-3","io":"exp"},{"id":"e1","ts":1767056400000,"cat":"food","amt":-3.25,"day":"2025-12-30","io":"xfer"},{"id":"e2","ts":1767661200000,"cat":"food","amt":1e+21,"day":"2026-1-6","io":"exp"},{"id":"e3","ts":1767315600000,"cat":"food","amt":1e-7,"day":"2026-1-2"}]|1767229200000,2026-1-1,1
group	[{"id":"e0","ts":1775217600000,"cat":"food","amt":1e-7,"day":"2026-4-3","io":"inc"}]|1775390400000,2026-4-5
flat	[{"id":"e0","ts":1775217600000,"cat":"food","amt":1e-7,"day":"2026-4-3","io":"inc"}]|1775390400000,2026-4-5,0
group	[{"id":"e0","ts":1775386800000,"cat":"food","amt":0,"day":"2026-4-5","io":"xfer"}]|1775476800000,2026-4-6
flat	[{"id":"e0","ts":1775386800000,"cat":"food","amt":0,"day":"2026-4-5","io":"xfer"}]|1775476800000,2026-4-6,1
group	[{"id":"e0","ts":1775304000000,"cat":"food","amt":10.5,"day":"2026-4-4","io":"exp"},{"id":"e1","ts":1775386800000,"cat":"food","amt":10.5,"day":"2026-4-5","io":"inc"},{"id":"e2","ts":1775307600000,"cat":"food","amt":1e-7,"day":"2026-4-5"},{"id":"e3","ts":1775476800000,"cat":"food","amt":0.2,"day":"2026-4-6","io":"exp"},{"id":"e4","ts":1775566800000,"cat":"food","amt":12345.678,"day":"2026-4-7","io":"inc"}]|1775476800000,2026-4-6
flat	[{"id":"e0","ts":1775304000000,"cat":"food","amt":10.5,"day":"2026-4-4","io":"exp"},{"id":"e1","ts":1775386800000,"cat":"food","amt":10.5,"day":"2026-4-5","io":"inc"},{"id":"e2","ts":1775307600000,"cat":"food","amt":1e-7,"day":"2026-4-5"},{"id":"e3","ts":1775476800000,"cat":"food","amt":0.2,"day":"2026-4-6","io":"exp"},{"id":"e4","ts":1775566800000,"cat":"food","amt":12345.678,"day":"2026-4-7","io":"inc"}]|1775476800000,2026-4-6,1
group	[{"id":"e0","ts":1787785200000,"cat":"food","amt":0.1,"day":"2026-8-27","io":"xfer"},{"id":"e1","ts":1787868000000,"cat":"food","amt":1e+21,"day":"2026-8-28"},{"id":"e2","ts":1788217200000,"cat":"food","amt":-3.25,"day":"2026-9-1","io":"exp"},{"id":"e3","ts":1787785200000,"cat":"food","amt":0,"day":"2026-8-27"}]|1787781600000,2026-8-27
flat	[{"id":"e0","ts":1787785200000,"cat":"food","amt":0.1,"day":"2026-8-27","io":"xfer"},{"id":"e1","ts":1787868000000,"cat":"food","amt":1e+21,"day":"2026-8-28"},{"id":"e2","ts":1788217200000,"cat":"food","amt":-3.25,"day":"2026-9-1","io":"exp"},{"id":"e3","ts":1787785200000,"cat":"food","amt":0,"day":"2026-8-27"}]|1787781600000,2026-8-27,2
group	[{"id":"e0","ts":1791028800000,"cat":"food","amt":10.5,"day":"2026-10-3"}]|1791028800000,2026-10-3
flat	[{"id":"e0","ts":1791028800000,"cat":"food","amt":10.5,"day":"2026-10-3"}]|1791028800000,2026-10-3,1
group	[{"id":"e0","ts":1791115200000,"cat":"food","amt":0,"day":"2026-10-4","io":"xfer"},{"id":"e1","ts":1791460800000,"cat":"food","amt":1e-7,"day":"2026-10-8"},{"id":"e2","ts":1791201600000,"cat":"food","amt":1,"day":"2026-10-5","io":"xfer"},{"id":"e3","ts":1791201600000,"cat":"food","amt":1e-7,"day":"2026-10-5","io":"exp"}]|1791028800000,2026-10-3
flat	[{"id":"e0","ts":1791115200000,"cat":"food","amt":0,"day":"2026-10-4","io":"xfer"},{"id":"e1","ts":1791460800000,"cat":"food","amt":1e-7,"day":"2026-10-8"},{"id":"e2","ts":1791201600000,"cat":"food","amt":1,"day":"2026-10-5","io":"xfer"},{"id":"e3","ts":1791201600000,"cat":"food","amt":1e-7,"day":"2026-10-5","io":"exp"}]|1791028800000,2026-10-3,1
group	[{"id":"e0","ts":1775300400000,"cat":"food","amt":0,"day":"2026-4-4","io":"inc"},{"id":"e1","ts":1775300400000,"cat":"food","amt":0.1,"day":"2026-4-4"},{"id":"e2","ts":1775304000000,"cat":"food","amt":0,"day":"2026-4-4","io":"exp"},{"id":"e3","ts":1775390400000,"cat":"food","amt":0.2,"day":"2026-4-5","io":"inc"},{"id":"e4","ts":1775646000000,"cat":"food","amt":1,"day":"2026-4-8"}]|1775476800000,2026-4-6
flat	[{"id":"e0","ts":1775300400000,"cat":"food","amt":0,"day":"2026-4-4","io":"inc"},{"id":"e1","ts":1775300400000,"cat":"food","amt":0.1,"day":"2026-4-4"},{"id":"e2","ts":1775304000000,"cat":"food","amt":0,"day":"2026-4-4","io":"exp"},{"id":"e3","ts":1775390400000,"cat":"food","amt":0.2,"day":"2026-4-5","io":"inc"},{"id":"e4","ts":1775646000000,"cat":"food","amt":1,"day":"2026-4-8"}]|1775476800000,2026-4-6,4
group	[]|1775304000000,2026-4-4
flat	[]|1775304000000,2026-4-4,2
group	[{"id":"e0","ts":1767182400000,"cat":"food","amt":1e+21,"day":"2025-12-31"},{"id":"e1","ts":1767272400000,"cat":"food","amt":12345.678,"day":"2026-1-2","io":"inc"},{"id":"e2","ts":1767621600000,"cat":"food","amt":0,"day":"2026-1-6"},{"id":"e3","ts":1767272400000,"cat":"food","amt":12345.678,"day":"2026-1-2","io":"inc"},{"id":"e4","ts":1767268800000,"cat":"food","amt":0.2,"day":"2026-1-1","io":"xfer"},{"id":"e5","ts":1767189600000,"cat":"food","amt":1e+21,"day":"2026-1-1","io":"xfer"}]|1767186000000,2026-1-1
flat	[{"id":"e0","ts":1767182400000,"cat":"food","amt":1e+21,"day":"2025-12-31"},{"id":"e1","ts":1767272400000,"cat":"food","amt":12345.678,"day":"2026-1-2","io":"inc"},{"id":"e2","ts":1767621600000,"cat":"food","amt":0,"day":"2026-1-6"},{"id":"e3","ts":1767272400000,"cat":"food","amt":12345.678,"day":"2026-1-2","io":"inc"},{"id":"e4","ts":1767268800000,"cat":"food","amt":0.2,"day":"2026-1-1","io":"xfer"},{"id":"e5","ts":1767189600000,"cat":"food","amt":1e+21,"day":"2026-1-1","io":"xfer"}]|1767186000000,2026-1-1,4
group	[{"id":"e0","ts":1791028800000,"cat":"food","amt":0,"day":"2026-10-3"},{"id":"e1","ts":1791201600000,"cat":"food","amt":-3.25,"day":"2026-10-5"},{"id":"e2","ts":1791630000000,"cat":"food","amt":-3.25,"day":"2026-10-10","io":"xfer"},{"id":"e3","ts":1791205200000,"cat":"food","amt":0.1,"day":"2026-10-6","io":"inc"},{"id":"e4","ts":1790424000000,"cat":"food","amt":0,"day":"2026-9-26","io":"inc"}]|1791201600000,2026-10-5
flat	[{"id":"e0","ts":1791028800000,"cat":"food","amt":0,"day":"2026-10-3"},{"id":"e1","ts":1791201600000,"cat":"food","amt":-3.25,"day":"2026-10-5"},{"id":"e2","ts":1791630000000,"cat":"food","amt":-3.25,"day":"2026-10-10","io":"xfer"},{"id":"e3","ts":1791205200000,"cat":"food","amt":0.1,"day":"2026-10-6","io":"inc"},{"id":"e4","ts":1790424000000,"cat":"food","amt":0,"day":"2026-9-26","io":"inc"}]|1791201600000,2026-10-5,0
group	[]|1787781600000,2026-8-27
flat	[]|1787781600000,2026-8-27,1
group	[{"id":"e0","ts":1787536800000,"cat":"food","amt":0,"day":"2026-8-24","io":"inc"},{"id":"e1","ts":1786935600000,"cat":"food","amt":0,"day":"2026-8-17","io":"xfer"},{"id":"e2","ts":1787799600000,"cat":"food","amt":0.1,"day":"2026-8-27"},{"id":"e3","ts":1788141600000,"cat":"food","amt":0,"day":"2026-8-31"},{"id":"e4","ts":1787713200000,"cat":"food","amt":12345.678,"day":"2026-8-26","io":"xfer"},{"id":"e5","ts":1788145200000,"cat":"food","amt":0,"day":"2026-8-31","io":"xfer"},{"id":"e6","ts":1787716800000,"cat":"food","amt":0,"day":"2026-8-26","io":"inc"}]|1787713200000,2026-8-26
flat	[{"id":"e0","ts":1787536800000,"cat":"food","amt":0,"day":"2026-8-24","io":"inc"},{"id":"e1","ts":1786935600000,"cat":"food","amt":0,"day":"2026-8-17","io":"xfer"},{"id":"e2","ts":1787799600000,"cat":"food","amt":0.1,"day":"2026-8-27"},{"id":"e3","ts":1788141600000,"cat":"food","amt":0,"day":"2026-8-31"},{"id":"e4","ts":1787713200000,"cat":"food","amt":12345.678,"day":"2026-8-26","io":"xfer"},{"id":"e5","ts":1788145200000,"cat":"food","amt":0,"day":"2026-8-31","io":"xfer"},{"id":"e6","ts":1787716800000,"cat":"food","amt":0,"day":"2026-8-26","io":"inc"}]|1787713200000,2026-8-26,1
group	[{"id":"e0","ts":1767186000000,"cat":"food","amt":0.2,"day":"2026-1-1","io":"exp"},{"id":"e1","ts":1767272400000,"cat":"food","amt":12345.678,"day":"2026-1-2","io":"xfer"},{"id":"e2","ts":1767103200000,"cat":"food","amt":1e-7,"day":"2025-12-31"}]|1767186000000,2026-1-1
flat	[{"id":"e0","ts":1767186000000,"cat":"food","amt":0.2,"day":"2026-1-1","io":"exp"},{"id":"e1","ts":1767272400000,"cat":"food","amt":12345.678,"day":"2026-1-2","io":"xfer"},{"id":"e2","ts":1767103200000,"cat":"food","amt":1e-7,"day":"2025-12-31"}]|1767186000000,2026-1-1,0
group	[{"id":"e0","ts":1767614400000,"cat":"food","amt":1e+21,"day":"2026-1-5"},{"id":"e1","ts":1767009600000,"cat":"food","amt":1e+21,"day":"2025-12-29","io":"inc"},{"id":"e2","ts":1767009600000,"cat":"food","amt":1,"day":"2025-12-29","io":"exp"},{"id":"e3","ts":1767009600000,"cat":"food","amt":1,"day":"2025-12-29","io":"inc"},{"id":"e4","ts":1766408400000,"cat":"food","amt":0,"day":"2025-12-23","io":"inc"},{"id":"e5","ts":1767276000000,"cat":"food","amt":0.2,"day":"2026-1-2","io":"exp"},{"id":"e6","ts":1767362400000,"cat":"food","amt":1e-7,"day":"2026-1-3","io":"xfer"}]|1767186000000,2026-1-1
flat	[{"id":"e0","ts":1767614400000,"cat":"food","amt":1e+21,"day":"2026-1-5"},{"id":"e1","ts":1767009600000,"cat":"food","amt":1e+21,"day":"2025-12-29","io":"inc"},{"id":"e2","ts":1767009600000,"cat":"food","amt":1,"day":"2025-12-29","io":"exp"},{"id":"e3","ts":1767009600000,"cat":"food","amt":1,"day":"2025-12-29","io":"inc"},{"id":"e4","ts":1766408400000,"cat":"food","amt":0,"day":"2025-12-23","io":"inc"},{"id":"e5","ts":1767276000000,"cat":"food","amt":0.2,"day":"2026-1-2","io":"exp"},{"id":"e6","ts":1767362400000,"cat":"food","amt":1e-7,"day":"2026-1-3","io":"xfer"}]|1767186000000,2026-1-1,0
group	[{"id":"e0","ts":1790852400000,"cat":"food","amt":0,"day":"2026-10-1","io":"xfer"},{"id":"e1","ts":1790946000000,"cat":"food","amt":1,"day":"2026-10-2","io":"inc"},{"id":"e2","ts":1791115200000,"cat":"food","amt":1e+21,"day":"2026-10-4","io":"xfer"},{"id":"e3","ts":1791201600000,"cat":"food","amt":12345.678,"day":"2026-10-5","io":"xfer"}]|1791028800000,2026-10-3
flat	[{"id":"e0","ts":1790852400000,"cat":"food","amt":0,"day":"2026-10-1","io":"xfer"},{"id":"e1","ts":1790946000000,"cat":"food","amt":1,"day":"2026-10-2","io":"inc"},{"id":"e2","ts":1791115200000,"cat":"food","amt":1e+21,"day":"2026-10-4","io":"xfer"},{"id":"e3","ts":1791201600000,"cat":"food","amt":12345.678,"day":"2026-10-5","io":"xfer"}]|1791028800000,2026-10-3,3
group	[{"id":"e0","ts":1791028800000,"cat":"food","amt":0.1,"day":"2026-10-3","io":"inc"},{"id":"e1","ts":1791201600000,"cat":"food","amt":0,"day":"2026-10-5","io":"inc"},{"id":"e2","ts":1791025200000,"cat":"food","amt":0.1,"day":"2026-10-3","io":"xfer"},{"id":"e3","ts":1791633600000,"cat":"food","amt":10.5,"day":"2026-10-10","io":"inc"}]|1791201600000,2026-10-5
flat	[{"id":"e0","ts":1791028800000,"cat":"food","amt":0.1,"day":"2026-10-3","io":"inc"},{"id":"e1","ts":1791201600000,"cat":"food","amt":0,"day":"2026-10-5","io":"inc"},{"id":"e2","ts":1791025200000,"cat":"food","amt":0.1,"day":"2026-10-3","io":"xfer"},{"id":"e3","ts":1791633600000,"cat":"food","amt":10.5,"day":"2026-10-10","io":"inc"}]|1791201600000,2026-10-5,2
group	[{"id":"e0","ts":1775390400000,"cat":"food","amt":1e+21,"day":"2026-4-5","io":"inc"},{"id":"e1","ts":1774699200000,"cat":"food","amt":0,"day":"2026-3-28","io":"inc"}]|1775476800000,2026-4-6
flat	[{"id":"e0","ts":1775390400000,"cat":"food","amt":1e+21,"day":"2026-4-5","io":"inc"},{"id":"e1","ts":1774699200000,"cat":"food","amt":0,"day":"2026-3-28","io":"inc"}]|1775476800000,2026-4-6,4
group	[{"id":"e0","ts":1791118800000,"cat":"food","amt":12345.678,"day":"2026-10-5","io":"inc"}]|1791115200000,2026-10-4
flat	[{"id":"e0","ts":1791118800000,"cat":"food","amt":12345.678,"day":"2026-10-5","io":"inc"}]|1791115200000,2026-10-4,0
group	[]|1787713200000,2026-8-26
flat	[]|1787713200000,2026-8-26,2
group	[{"id":"e0","ts":1775131200000,"cat":"food","amt":1e+21,"day":"2026-4-2"},{"id":"e1","ts":1774530000000,"cat":"food","amt":10.5,"day":"2026-3-27"},{"id":"e2","ts":1775300400000,"cat":"food","amt":10.5,"day":"2026-4-4"},{"id":"e3","ts":1775394000000,"cat":"food","amt":-3.25,"day":"2026-4-5","io":"exp"},{"id":"e4","ts":1774526400000,"cat":"food","amt":1e-7,"day":"2026-3-26","io":"xfer"},{"id":"e5","ts":1775304000000,"cat":"food","amt":0,"day":"2026-4-4","io":"inc"}]|1775304000000,2026-4-4
flat	[{"id":"e0","ts":1775131200000,"cat":"food","amt":1e+21,"day":"2026-4-2"},{"id":"e1","ts":1774530000000,"cat":"food","amt":10.5,"day":"2026-3-27"},{"id":"e2","ts":1775300400000,"cat":"food","amt":10.5,"day":"2026-4-4"},{"id":"e3","ts":1775394000000,"cat":"food","amt":-3.25,"day":"2026-4-5","io":"exp"},{"id":"e4","ts":1774526400000,"cat":"food","amt":1e-7,"day":"2026-3-26","io":"xfer"},{"id":"e5","ts":1775304000000,"cat":"food","amt":0,"day":"2026-4-4","io":"inc"}]|1775304000000,2026-4-4,0
group	[{"id":"e0","ts":1767272400000,"cat":"food","amt":0.1,"day":"2026-1-2","io":"inc"},{"id":"e1","ts":1767358800000,"cat":"food","amt":-3.25,"day":"2026-1-3","io":"xfer"},{"id":"e2","ts":1767358800000,"cat":"food","amt":1e+21,"day":"2026-1-3","io":"exp"},{"id":"e3","ts":1767009600000,"cat":"food","amt":0,"day":"2025-12-29","io":"inc"},{"id":"e4","ts":1767618000000,"cat":"food","amt":12345.678,"day":"2026-1-6","io":"exp"},{"id":"e5","ts":1767009600000,"cat":"food","amt":10.5,"day":"2025-12-29"}]|1767186000000,2026-1-1
flat	[{"id":"e0","ts":1767272400000,"cat":"food","amt":0.1,"day":"2026-1-2","io":"inc"},{"id":"e1","ts":1767358800000,"cat":"food","amt":-3.25,"day":"2026-1-3","io":"xfer"},{"id":"e2","ts":1767358800000,"cat":"food","amt":1e+21,"day":"2026-1-3","io":"exp"},{"id":"e3","ts":1767009600000,"cat":"food","amt":0,"day":"2025-12-29","io":"inc"},{"id":"e4","ts":1767618000000,"cat":"food","amt":12345.678,"day":"2026-1-6","io":"exp"},{"id":"e5","ts":1767009600000,"cat":"food","amt":10.5,"day":"2025-12-29"}]|1767186000000,2026-1-1,0
group	[{"id":"e0","ts":1791115200000,"cat":"food","amt":10.5,"day":"2026-10-4","io":"exp"},{"id":"e1","ts":1791025200000,"cat":"food","amt":0.2,"day":"2026-10-3","io":"inc"},{"id":"e2","ts":1791115200000,"cat":"food","amt":0,"day":"2026-10-4","io":"inc"},{"id":"e3","ts":1791032400000,"cat":"food","amt":0,"day":"2026-10-3","io":"inc"},{"id":"e4","ts":1791118800000,"cat":"food","amt":0,"day":"2026-10-5","io":"xfer"},{"id":"e5","ts":1790946000000,"cat":"food","amt":-3.25,"day":"2026-10-2","io":"exp"},{"id":"e6","ts":1790247600000,"cat":"food","amt":10.5,"day":"2026-9-24"}]|1791028800000,2026-10-3
flat	[{"id":"e0","ts":1791115200000,"cat":"food","amt":10.5,"day":"2026-10-4","io":"exp"},{"id":"e1","ts":1791025200000,"cat":"food","amt":0.2,"day":"2026-10-3","io":"inc"},{"id":"e2","ts":1791115200000,"cat":"food","amt":0,"day":"2026-10-4","io":"inc"},{"id":"e3","ts":1791032400000,"cat":"food","amt":0,"day":"2026-10-3","io":"inc"},{"id":"e4","ts":1791118800000,"cat":"food","amt":0,"day":"2026-10-5","io":"xfer"},{"id":"e5","ts":1790946000000,"cat":"food","amt":-3.25,"day":"2026-10-2","io":"exp"},{"id":"e6","ts":1790247600000,"cat":"food","amt":10.5,"day":"2026-9-24"}]|1791028800000,2026-10-3,4
group	[{"id":"e0","ts":1791198000000,"cat":"food","amt":0.1,"day":"2026-10-5"},{"id":"e1","ts":1791198000000,"cat":"food","amt":0,"day":"2026-10-5","io":"exp"}]|1791115200000,2026-10-4
flat	[{"id":"e0","ts":1791198000000,"cat":"food","amt":0.1,"day":"2026-10-5"},{"id":"e1","ts":1791198000000,"cat":"food","amt":0,"day":"2026-10-5","io":"exp"}]|1791115200000,2026-10-4,1
group	[{"id":"e0","ts":1787882400000,"cat":"food","amt":0,"day":"2026-8-28"},{"id":"e1","ts":1787882400000,"cat":"food","amt":1e-7,"day":"2026-8-28","io":"exp"},{"id":"e2","ts":1787889600000,"cat":"food","amt":0,"day":"2026-8-28","io":"exp"},{"id":"e3","ts":1787886000000,"cat":"food","amt":0,"day":"2026-8-28","io":"xfer"},{"id":"e4","ts":1787886000000,"cat":"food","amt":0,"day":"2026-8-28","io":"inc"},{"id":"e5","ts":1788148800000,"cat":"food","amt":0,"day":"2026-8-31","io":"xfer"},{"id":"e6","ts":1786932000000,"cat":"food","amt":0,"day":"2026-8-17","io":"inc"}]|1787713200000,2026-8-26
flat	[{"id":"e0","ts":1787882400000,"cat":"food","amt":0,"day":"2026-8-28"},{"id":"e1","ts":1787882400000,"cat":"food","amt":1e-7,"day":"2026-8-28","io":"exp"},{"id":"e2","ts":1787889600000,"cat":"food","amt":0,"day":"2026-8-28","io":"exp"},{"id":"e3","ts":1787886000000,"cat":"food","amt":0,"day":"2026-8-28","io":"xfer"},{"id":"e4","ts":1787886000000,"cat":"food","amt":0,"day":"2026-8-28","io":"inc"},{"id":"e5","ts":1788148800000,"cat":"food","amt":0,"day":"2026-8-31","io":"xfer"},{"id":"e6","ts":1786932000000,"cat":"food","amt":0,"day":"2026-8-17","io":"inc"}]|1787713200000,2026-8-26,4
group	[{"id":"e0","ts":1775476800000,"cat":"food","amt":1e-7,"day":"2026-4-6","io":"exp"},{"id":"e1","ts":1775476800000,"cat":"food","amt":1,"day":"2026-4-6","io":"exp"}]|1775476800000,2026-4-6
flat	[{"id":"e0","ts":1775476800000,"cat":"food","amt":1e-7,"day":"2026-4-6","io":"exp"},{"id":"e1","ts":1775476800000,"cat":"food","amt":1,"day":"2026-4-6","io":"exp"}]|1775476800000,2026-4-6,4
group	[{"id":"e0","ts":1775480400000,"cat":"food","amt":10.5,"day":"2026-4-6","io":"xfer"},{"id":"e1","ts":1775300400000,"cat":"food","amt":0,"day":"2026-4-4"},{"id":"e2","ts":1775566800000,"cat":"food","amt":1,"day":"2026-4-7","io":"xfer"},{"id":"e3","ts":1774616400000,"cat":"food","amt":0.1,"day":"2026-3-28"},{"id":"e4","ts":1775394000000,"cat":"food","amt":1e-7,"day":"2026-4-5","io":"exp"},{"id":"e5","ts":1775221200000,"cat":"food","amt":0,"day":"2026-4-4","io":"inc"},{"id":"e6","ts":1775563200000,"cat":"food","amt":0,"day":"2026-4-7","io":"exp"}]|1775390400000,2026-4-5
flat	[{"id":"e0","ts":1775480400000,"cat":"food","amt":10.5,"day":"2026-4-6","io":"xfer"},{"id":"e1","ts":1775300400000,"cat":"food","amt":0,"day":"2026-4-4"},{"id":"e2","ts":1775566800000,"cat":"food","amt":1,"day":"2026-4-7","io":"xfer"},{"id":"e3","ts":1774616400000,"cat":"food","amt":0.1,"day":"2026-3-28"},{"id":"e4","ts":1775394000000,"cat":"food","amt":1e-7,"day":"2026-4-5","io":"exp"},{"id":"e5","ts":1775221200000,"cat":"food","amt":0,"day":"2026-4-4","io":"inc"},{"id":"e6","ts":1775563200000,"cat":"food","amt":0,"day":"2026-4-7","io":"exp"}]|1775390400000,2026-4-5,0
group	[{"id":"e0","ts":1791032400000,"cat":"food","amt":0,"day":"2026-10-3","io":"xfer"},{"id":"e1","ts":1791374400000,"cat":"food","amt":10.5,"day":"2026-10-7"},{"id":"e2","ts":1791205200000,"cat":"food","amt":0.1,"day":"2026-10-6","io":"xfer"},{"id":"e3","ts":1791633600000,"cat":"food","amt":0.1,"day":"2026-10-10","io":"xfer"}]|1791201600000,2026-10-5
flat	[{"id":"e0","ts":1791032400000,"cat":"food","amt":0,"day":"2026-10-3","io":"xfer"},{"id":"e1","ts":1791374400000,"cat":"food","amt":10.5,"day":"2026-10-7"},{"id":"e2","ts":1791205200000,"cat":"food","amt":0.1,"day":"2026-10-6","io":"xfer"},{"id":"e3","ts":1791633600000,"cat":"food","amt":0.1,"day":"2026-10-10","io":"xfer"}]|1791201600000,2026-10-5,2
group	[{"id":"e0","ts":1767013200000,"cat":"food","amt":0.2,"day":"2025-12-30"}]|1767186000000,2026-1-1
flat	[{"id":"e0","ts":1767013200000,"cat":"food","amt":0.2,"day":"2025-12-30"}]|1767186000000,2026-1-1,3
group	[{"id":"e0","ts":1775134800000,"cat":"food","amt":1e-7,"day":"2026-4-3","io":"inc"},{"id":"e1","ts":1775304000000,"cat":"food","amt":0,"day":"2026-4-4","io":"xfer"},{"id":"e2","ts":1775300400000,"cat":"food","amt":-3.25,"day":"2026-4-4"},{"id":"e3","ts":1775476800000,"cat":"food","amt":0,"day":"2026-4-6","io":"inc"},{"id":"e4","ts":1775131200000,"cat":"food","amt":0,"day":"2026-4-2","io":"xfer"},{"id":"e5","ts":1775221200000,"cat":"food","amt":0,"day":"2026-4-4"}]|1775304000000,2026-4-4
flat	[{"id":"e0","ts":1775134800000,"cat":"food","amt":1e-7,"day":"2026-4-3","io":"inc"},{"id":"e1","ts":1775304000000,"cat":"food","amt":0,"day":"2026-4-4","io":"xfer"},{"id":"e2","ts":1775300400000,"cat":"food","amt":-3.25,"day":"2026-4-4"},{"id":"e3","ts":1775476800000,"cat":"food","amt":0,"day":"2026-4-6","io":"inc"},{"id":"e4","ts":1775131200000,"cat":"food","amt":0,"day":"2026-4-2","io":"xfer"},{"id":"e5","ts":1775221200000,"cat":"food","amt":0,"day":"2026-4-4"}]|1775304000000,2026-4-4,1
group	[{"id":"e0","ts":1775563200000,"cat":"food","amt":0.1,"day":"2026-4-7","io":"xfer"},{"id":"e1","ts":1775390400000,"cat":"food","amt":1e-7,"day":"2026-4-5","io":"inc"},{"id":"e2","ts":1775566800000,"cat":"food","amt":1e+21,"day":"2026-4-7"},{"id":"e3","ts":1775390400000,"cat":"food","amt":0,"day":"2026-4-5","io":"exp"},{"id":"e4","ts":1775476800000,"cat":"food","amt":0,"day":"2026-4-6","io":"inc"}]|1775476800000,2026-4-6
flat	[{"id":"e0","ts":1775563200000,"cat":"food","amt":0.1,"day":"2026-4-7","io":"xfer"},{"id":"e1","ts":1775390400000,"cat":"food","amt":1e-7,"day":"2026-4-5","io":"inc"},{"id":"e2","ts":1775566800000,"cat":"food","amt":1e+21,"day":"2026-4-7"},{"id":"e3","ts":1775390400000,"cat":"food","amt":0,"day":"2026-4-5","io":"exp"},{"id":"e4","ts":1775476800000,"cat":"food","amt":0,"day":"2026-4-6","io":"inc"}]|1775476800000,2026-4-6,1
group	[]|1787781600000,2026-8-27
flat	[]|1787781600000,2026-8-27,1
group	[{"id":"e0","ts":1767009600000,"cat":"food","amt":10.5,"day":"2025-12-29"},{"id":"e1","ts":1767358800000,"cat":"food","amt":1e-7,"day":"2026-1-3","io":"exp"},{"id":"e2","ts":1767189600000,"cat":"food","amt":1e-7,"day":"2026-1-1"},{"id":"e3","ts":1767355200000,"cat":"food","amt":1e-7,"day":"2026-1-2","io":"exp"}]|1767186000000,2026-1-1
flat	[{"id":"e0","ts":1767009600000,"cat":"food","amt":10.5,"day":"2025-12-29"},{"id":"e1","ts":1767358800000,"cat":"food","amt":1e-7,"day":"2026-1-3","io":"exp"},{"id":"e2","ts":1767189600000,"cat":"food","amt":1e-7,"day":"2026-1-1"},{"id":"e3","ts":1767355200000,"cat":"food","amt":1e-7,"day":"2026-1-2","io":"exp"}]|1767186000000,2026-1-1,4
group	[]|1791201600000,2026-10-5
flat	[]|1791201600000,2026-10-5,3
group	[{"id":"e0","ts":1767229200000,"cat":"food","amt":0.2,"day":"2026-1-1","io":"inc"},{"id":"e1","ts":1767225600000,"cat":"food","amt":0.1,"day":"2026-1-1","io":"exp"},{"id":"e2","ts":1766448000000,"cat":"food","amt":0.1,"day":"2025-12-23","io":"exp"}]|1767229200000,2026-1-1
flat	[{"id":"e0","ts":1767229200000,"cat":"food","amt":0.2,"day":"2026-1-1","io":"inc"},{"id":"e1","ts":1767225600000,"cat":"food","amt":0.1,"day":"2026-1-1","io":"exp"},{"id":"e2","ts":1766448000000,"cat":"food","amt":0.1,"day":"2025-12-23","io":"exp"}]|1767229200000,2026-1-1,1
group	[{"id":"e0","ts":1791118800000,"cat":"food","amt":0.1,"day":"2026-10-5","io":"inc"},{"id":"e1","ts":1791201600000,"cat":"food","amt":1e+21,"day":"2026-10-5","io":"xfer"},{"id":"e2","ts":1791201600000,"cat":"food","amt":0,"day":"2026-10-5"}]|1791115200000,2026-10-4
flat	[{"id":"e0","ts":1791118800000,"cat":"food","amt":0.1,"day":"2026-10-5","io":"inc"},{"id":"e1","ts":1791201600000,"cat":"food","amt":1e+21,"day":"2026-10-5","io":"xfer"},{"id":"e2","ts":1791201600000,"cat":"food","amt":0,"day":"2026-10-5"}]|1791115200000,2026-10-4,3
group	[{"id":"e0","ts":1775476800000,"cat":"food","amt":12345.678,"day":"2026-4-6","io":"xfer"},{"id":"e1","ts":1774699200000,"cat":"food","amt":0.1,"day":"2026-3-28"},{"id":"e2","ts":1775476800000,"cat":"food","amt":1e+21,"day":"2026-4-6","io":"xfer"},{"id":"e3","ts":1775473200000,"cat":"food","amt":1e+21,"day":"2026-4-6","io":"exp"}]|1775476800000,2026-4-6
flat	[{"id":"e0","ts":1775476800000,"cat":"food","amt":12345.678,"day":"2026-4-6","io":"xfer"},{"id":"e1","ts":1774699200000,"cat":"food","amt":0.1,"day":"2026-3-28"},{"id":"e2","ts":1775476800000,"cat":"food","amt":1e+21,"day":"2026-4-6","io":"xfer"},{"id":"e3","ts":1775473200000,"cat":"food","amt":1e+21,"day":"2026-4-6","io":"exp"}]|1775476800000,2026-4-6,2
group	[{"id":"e0","ts":1787868000000,"cat":"food","amt":0.1,"day":"2026-8-28"},{"id":"e1","ts":1787868000000,"cat":"food","amt":0,"day":"2026-8-28","io":"xfer"},{"id":"e2","ts":1787004000000,"cat":"food","amt":1e-7,"day":"2026-8-18","io":"inc"},{"id":"e3","ts":1788213600000,"cat":"food","amt":0,"day":"2026-9-1","io":"exp"},{"id":"e4","ts":1788217200000,"cat":"food","amt":12345.678,"day":"2026-9-1","io":"xfer"}]|1787781600000,2026-8-27
flat	[{"id":"e0","ts":1787868000000,"cat":"food","amt":0.1,"day":"2026-8-28"},{"id":"e1","ts":1787868000000,"cat":"food","amt":0,"day":"2026-8-28","io":"xfer"},{"id":"e2","ts":1787004000000,"cat":"food","amt":1e-7,"day":"2026-8-18","io":"inc"},{"id":"e3","ts":1788213600000,"cat":"food","amt":0,"day":"2026-9-1","io":"exp"},{"id":"e4","ts":1788217200000,"cat":"food","amt":12345.678,"day":"2026-9-1","io":"xfer"}]|1787781600000,2026-8-27,1
group	[]|1791115200000,2026-10-4
flat	[]|1791115200000,2026-10-4,1
group	[{"id":"e0","ts":1791205200000,"cat":"food","amt":0.1,"day":"2026-10-6","io":"xfer"}]|1791201600000,2026-10-5
flat	[{"id":"e0","ts":1791205200000,"cat":"food","amt":0.1,"day":"2026-10-6","io":"xfer"}]|1791201600000,2026-10-5,3
group	[{"id":"e0","ts":1775307600000,"cat":"food","amt":12345.678,"day":"2026-4-5"},{"id":"e1","ts":1775476800000,"cat":"food","amt":1e+21,"day":"2026-4-6"},{"id":"e2","ts":1775390400000,"cat":"food","amt":0.2,"day":"2026-4-5","io":"inc"},{"id":"e3","ts":1775563200000,"cat":"food","amt":-3.25,"day":"2026-4-7","io":"xfer"},{"id":"e4","ts":1775307600000,"cat":"food","amt":0.2,"day":"2026-4-5","io":"exp"},{"id":"e5","ts":1775214000000,"cat":"food","amt":1,"day":"2026-4-3","io":"exp"},{"id":"e6","ts":1775480400000,"cat":"food","amt":1,"day":"2026-4-6"}]|1775390400000,2026-4-5
flat	[{"id":"e0","ts":1775307600000,"cat":"food","amt":12345.678,"day":"2026-4-5"},{"id":"e1","ts":1775476800000,"cat":"food","amt":1e+21,"day":"2026-4-6"},{"id":"e2","ts":1775390400000,"cat":"food","amt":0.2,"day":"2026-4-5","io":"inc"},{"id":"e3","ts":1775563200000,"cat":"food","amt":-3.25,"day":"2026-4-7","io":"xfer"},{"id":"e4","ts":1775307600000,"cat":"food","amt":0.2,"day":"2026-4-5","io":"exp"},{"id":"e5","ts":1775214000000,"cat":"food","amt":1,"day":"2026-4-3","io":"exp"},{"id":"e6","ts":1775480400000,"cat":"food","amt":1,"day":"2026-4-6"}]|1775390400000,2026-4-5,4
group	[{"id":"e0","ts":1791028800000,"cat":"food","amt":10.5,"day":"2026-10-3"},{"id":"e1","ts":1790859600000,"cat":"food","amt":0,"day":"2026-10-1","io":"inc"},{"id":"e2","ts":1791028800000,"cat":"food","amt":-3.25,"day":"2026-10-3","io":"xfer"},{"id":"e3","ts":1791457200000,"cat":"food","amt":1,"day":"2026-10-8","io":"exp"},{"id":"e4","ts":1791025200000,"cat":"food","amt":0.1,"day":"2026-10-3"},{"id":"e5","ts":1790856000000,"cat":"food","amt":0,"day":"2026-10-1"}]|1791028800000,2026-10-3
flat	[{"id":"e0","ts":1791028800000,"cat":"food","amt":10.5,"day":"2026-10-3"},{"id":"e1","ts":1790859600000,"cat":"food","amt":0,"day":"2026-10-1","io":"inc"},{"id":"e2","ts":1791028800000,"cat":"food","amt":-3.25,"day":"2026-10-3","io":"xfer"},{"id":"e3","ts":1791457200000,"cat":"food","amt":1,"day":"2026-10-8","io":"exp"},{"id":"e4","ts":1791025200000,"cat":"food","amt":0.1,"day":"2026-10-3"},{"id":"e5","ts":1790856000000,"cat":"food","amt":0,"day":"2026-10-1"}]|1791028800000,2026-10-3,4
group	[]|1791028800000,2026-10-3
flat	[]|1791028800000,2026-10-3,1
group	[{"id":"e0","ts":1790337600000,"cat":"food","amt":1e-7,"day":"2026-9-25"},{"id":"e1","ts":1791115200000,"cat":"food","amt":12345.678,"day":"2026-10-4","io":"inc"},{"id":"e2","ts":1791288000000,"cat":"food","amt":0,"day":"2026-10-6","io":"inc"},{"id":"e3","ts":1791115200000,"cat":"food","amt":0,"day":"2026-10-4","io":"exp"},{"id":"e4","ts":1790341200000,"cat":"food","amt":1e+21,"day":"2026-9-25"}]|1791115200000,2026-10-4
flat	[{"id":"e0","ts":1790337600000,"cat":"food","amt":1e-7,"day":"2026-9-25"},{"id":"e1","ts":1791115200000,"cat":"food","amt":12345.678,"day":"2026-10-4","io":"inc"},{"id":"e2","ts":1791288000000,"cat":"food","amt":0,"day":"2026-10-6","io":"inc"},{"id":"e3","ts":1791115200000,"cat":"food","amt":0,"day":"2026-10-4","io":"exp"},{"id":"e4","ts":1790341200000,"cat":"food","amt":1e+21,"day":"2026-9-25"}]|1791115200000,2026-10-4,1
group	[]|1767186000000,2026-1-1
flat	[]|1767186000000,2026-1-1,2
group	[{"id":"e0","ts":1767355200000,"cat":"food","amt":0,"day":"2026-1-2","io":"xfer"},{"id":"e1","ts":1767272400000,"cat":"food","amt":0.2,"day":"2026-1-2","io":"inc"},{"id":"e2","ts":1767186000000,"cat":"food","amt":1e-7,"day":"2026-1-1","io":"xfer"},{"id":"e3","ts":1767614400000,"cat":"food","amt":0,"day":"2026-1-5","io":"exp"}]|1767186000000,2026-1-1
flat	[{"id":"e0","ts":1767355200000,"cat":"food","amt":0,"day":"2026-1-2","io":"xfer"},{"id":"e1","ts":1767272400000,"cat":"food","amt":0.2,"day":"2026-1-2","io":"inc"},{"id":"e2","ts":1767186000000,"cat":"food","amt":1e-7,"day":"2026-1-1","io":"xfer"},{"id":"e3","ts":1767614400000,"cat":"food","amt":0,"day":"2026-1-5","io":"exp"}]|1767186000000,2026-1-1,3
group	[{"id":"e0","ts":1791118800000,"cat":"food","amt":10.5,"day":"2026-10-5"},{"id":"e1","ts":1790251200000,"cat":"food","amt":1e-7,"day":"2026-9-24"},{"id":"e2","ts":1790946000000,"cat":"food","amt":1,"day":"2026-10-2"},{"id":"e3","ts":1790946000000,"cat":"food","amt":0,"day":"2026-10-2","io":"inc"}]|1791028800000,2026-10-3
flat	[{"id":"e0","ts":1791118800000,"cat":"food","amt":10.5,"day":"2026-10-5"},{"id":"e1","ts":1790251200000,"cat":"food","amt":1e-7,"day":"2026-9-24"},{"id":"e2","ts":1790946000000,"cat":"food","amt":1,"day":"2026-10-2"},{"id":"e3","ts":1790946000000,"cat":"food","amt":0,"day":"2026-10-2","io":"inc"}]|1791028800000,2026-10-3,3
group	[]|1791115200000,2026-10-4
flat	[]|1791115200000,2026-10-4,3
group	[{"id":"e0","ts":1775217600000,"cat":"food","amt":12345.678,"day":"2026-4-3","io":"exp"},{"id":"e1","ts":1775818800000,"cat":"food","amt":1e-7,"day":"2026-4-10","io":"inc"}]|1775390400000,2026-4-5
flat	[{"id":"e0","ts":1775217600000,"cat":"food","amt":12345.678,"day":"2026-4-3","io":"exp"},{"id":"e1","ts":1775818800000,"cat":"food","amt":1e-7,"day":"2026-4-10","io":"inc"}]|1775390400000,2026-4-5,1
group	[{"id":"e0","ts":1775908800000,"cat":"food","amt":1e-7,"day":"2026-4-11","io":"inc"},{"id":"e1","ts":1775300400000,"cat":"food","amt":1,"day":"2026-4-4","io":"inc"},{"id":"e2","ts":1775307600000,"cat":"food","amt":0.1,"day":"2026-4-5","io":"xfer"},{"id":"e3","ts":1775563200000,"cat":"food","amt":12345.678,"day":"2026-4-7","io":"inc"}]|1775476800000,2026-4-6
flat	[{"id":"e0","ts":1775908800000,"cat":"food","amt":1e-7,"day":"2026-4-11","io":"inc"},{"id":"e1","ts":1775300400000,"cat":"food","amt":1,"day":"2026-4-4","io":"inc"},{"id":"e2","ts":1775307600000,"cat":"food","amt":0.1,"day":"2026-4-5","io":"xfer"},{"id":"e3","ts":1775563200000,"cat":"food","amt":12345.678,"day":"2026-4-7","io":"inc"}]|1775476800000,2026-4-6,3
group	[]|1791028800000,2026-10-3
flat	[]|1791028800000,2026-10-3,1
group	[{"id":"e0","ts":1787785200000,"cat":"food","amt":10.5,"day":"2026-8-27"},{"id":"e1","ts":1787781600000,"cat":"food","amt":0.1,"day":"2026-8-27","io":"xfer"},{"id":"e2","ts":1787691600000,"cat":"food","amt":0,"day":"2026-8-26"},{"id":"e3","ts":1787608800000,"cat":"food","amt":1e-7,"day":"2026-8-25"}]|1787781600000,2026-8-27
flat	[{"id":"e0","ts":1787785200000,"cat":"food","amt":10.5,"day":"2026-8-27"},{"id":"e1","ts":1787781600000,"cat":"food","amt":0.1,"day":"2026-8-27","io":"xfer"},{"id":"e2","ts":1787691600000,"cat":"food","amt":0,"day":"2026-8-26"},{"id":"e3","ts":1787608800000,"cat":"food","amt":1e-7,"day":"2026-8-25"}]|1787781600000,2026-8-27,0
group	[{"id":"e0","ts":1787954400000,"cat":"food","amt":0.1,"day":"2026-8-29","io":"inc"},{"id":"e1","ts":1788213600000,"cat":"food","amt":12345.678,"day":"2026-9-1"}]|1787781600000,2026-8-27
flat	[{"id":"e0","ts":1787954400000,"cat":"food","amt":0.1,"day":"2026-8-29","io":"inc"},{"id":"e1","ts":1788213600000,"cat":"food","amt":12345.678,"day":"2026-9-1"}]|1787781600000,2026-8-27,3
group	[{"id":"e0","ts":1775476800000,"cat":"food","amt":10.5,"day":"2026-4-6","io":"exp"},{"id":"e1","ts":1775480400000,"cat":"food","amt":1e+21,"day":"2026-4-6","io":"xfer"},{"id":"e2","ts":1775476800000,"cat":"food","amt":1e-7,"day":"2026-4-6"},{"id":"e3","ts":1775304000000,"cat":"food","amt":12345.678,"day":"2026-4-4","io":"xfer"},{"id":"e4","ts":1775473200000,"cat":"food","amt":10.5,"day":"2026-4-6","io":"xfer"},{"id":"e5","ts":1774612800000,"cat":"food","amt":1e-7,"day":"2026-3-27","io":"exp"}]|1775390400000,2026-4-5
flat	[{"id":"e0","ts":1775476800000,"cat":"food","amt":10.5,"day":"2026-4-6","io":"exp"},{"id":"e1","ts":1775480400000,"cat":"food","amt":1e+21,"day":"2026-4-6","io":"xfer"},{"id":"e2","ts":1775476800000,"cat":"food","amt":1e-7,"day":"2026-4-6"},{"id":"e3","ts":1775304000000,"cat":"food","amt":12345.678,"day":"2026-4-4","io":"xfer"},{"id":"e4","ts":1775473200000,"cat":"food","amt":10.5,"day":"2026-4-6","io":"xfer"},{"id":"e5","ts":1774612800000,"cat":"food","amt":1e-7,"day":"2026-3-27","io":"exp"}]|1775390400000,2026-4-5,2
group	[{"id":"e0","ts":1787864400000,"cat":"food","amt":12345.678,"day":"2026-8-28","io":"inc"},{"id":"e1","ts":1787691600000,"cat":"food","amt":0.1,"day":"2026-8-26"},{"id":"e2","ts":1787868000000,"cat":"food","amt":1e+21,"day":"2026-8-28","io":"xfer"}]|1787781600000,2026-8-27
flat	[{"id":"e0","ts":1787864400000,"cat":"food","amt":12345.678,"day":"2026-8-28","io":"inc"},{"id":"e1","ts":1787691600000,"cat":"food","amt":0.1,"day":"2026-8-26"},{"id":"e2","ts":1787868000000,"cat":"food","amt":1e+21,"day":"2026-8-28","io":"xfer"}]|1787781600000,2026-8-27,1
group	[{"id":"e0","ts":1787540400000,"cat":"food","amt":10.5,"day":"2026-8-24","io":"exp"},{"id":"e1","ts":1787709600000,"cat":"food","amt":12345.678,"day":"2026-8-26","io":"inc"},{"id":"e2","ts":1786935600000,"cat":"food","amt":1e+21,"day":"2026-8-17","io":"exp"},{"id":"e3","ts":1787713200000,"cat":"food","amt":0,"day":"2026-8-26","io":"xfer"},{"id":"e4","ts":1786935600000,"cat":"food","amt":1,"day":"2026-8-17"},{"id":"e5","ts":1787630400000,"cat":"food","amt":0,"day":"2026-8-25","io":"xfer"},{"id":"e6","ts":1787886000000,"cat":"food","amt":0.2,"day":"2026-8-28","io":"xfer"}]|1787713200000,2026-8-26
flat	[{"id":"e0","ts":1787540400000,"cat":"food","amt":10.5,"day":"2026-8-24","io":"exp"},{"id":"e1","ts":1787709600000,"cat":"food","amt":12345.678,"day":"2026-8-26","io":"inc"},{"id":"e2","ts":1786935600000,"cat":"food","amt":1e+21,"day":"2026-8-17","io":"exp"},{"id":"e3","ts":1787713200000,"cat":"food","amt":0,"day":"2026-8-26","io":"xfer"},{"id":"e4","ts":1786935600000,"cat":"food","amt":1,"day":"2026-8-17"},{"id":"e5","ts":1787630400000,"cat":"food","amt":0,"day":"2026-8-25","io":"xfer"},{"id":"e6","ts":1787886000000,"cat":"food","amt":0.2,"day":"2026-8-28","io":"xfer"}]|1787713200000,2026-8-26,0
group	[{"id":"e0","ts":1767618000000,"cat":"food","amt":1e-7,"day":"2026-1-6","io":"xfer"}]|1767186000000,2026-1-1
flat	[{"id":"e0","ts":1767618000000,"cat":"food","amt":1e-7,"day":"2026-1-6","io":"xfer"}]|1767186000000,2026-1-1,4
group	[{"id":"e0","ts":1791201600000,"cat":"food","amt":0,"day":"2026-10-5","io":"exp"},{"id":"e1","ts":1791288000000,"cat":"food","amt":0,"day":"2026-10-6","io":"exp"},{"id":"e2","ts":1791374400000,"cat":"food","amt":0,"day":"2026-10-7","io":"inc"},{"id":"e3","ts":1791115200000,"cat":"food","amt":0,"day":"2026-10-4","io":"xfer"},{"id":"e4","ts":1791115200000,"cat":"food","amt":-3.25,"day":"2026-10-4","io":"xfer"}]|1791201600000,2026-10-5
flat	[{"id":"e0","ts":1791201600000,"cat":"food","amt":0,"day":"2026-10-5","io":"exp"},{"id":"e1","ts":1791288000000,"cat":"food","amt":0,"day":"2026-10-6","io":"exp"},{"id":"e2","ts":1791374400000,"cat":"food","amt":0,"day":"2026-10-7","io":"inc"},{"id":"e3","ts":1791115200000,"cat":"food","amt":0,"day":"2026-10-4","io":"xfer"},{"id":"e4","ts":1791115200000,"cat":"food","amt":-3.25,"day":"2026-10-4","io":"xfer"}]|1791201600000,2026-10-5,0
group	[{"id":"e0","ts":1775908800000,"cat":"food","amt":10.5,"day":"2026-4-11"},{"id":"e1","ts":1775908800000,"cat":"food","amt":10.5,"day":"2026-4-11","io":"inc"},{"id":"e2","ts":1775653200000,"cat":"food","amt":10.5,"day":"2026-4-8","io":"xfer"}]|1775476800000,2026-4-6
flat	[{"id":"e0","ts":1775908800000,"cat":"food","amt":10.5,"day":"2026-4-11"},{"id":"e1","ts":1775908800000,"cat":"food","amt":10.5,"day":"2026-4-11","io":"inc"},{"id":"e2","ts":1775653200000,"cat":"food","amt":10.5,"day":"2026-4-8","io":"xfer"}]|1775476800000,2026-4-6,1
group	[{"id":"e0","ts":1767618000000,"cat":"food","amt":-3.25,"day":"2026-1-6","io":"exp"},{"id":"e1","ts":1767276000000,"cat":"food","amt":0,"day":"2026-1-2","io":"exp"},{"id":"e2","ts":1767099600000,"cat":"food","amt":-3.25,"day":"2025-12-31","io":"inc"},{"id":"e3","ts":1767099600000,"cat":"food","amt":0,"day":"2025-12-31","io":"exp"},{"id":"e4","ts":1767189600000,"cat":"food","amt":-3.25,"day":"2026-1-1","io":"inc"}]|1767186000000,2026-1-1
flat	[{"id":"e0","ts":1767618000000,"cat":"food","amt":-3.25,"day":"2026-1-6","io":"exp"},{"id":"e1","ts":1767276000000,"cat":"food","amt":0,"day":"2026-1-2","io":"exp"},{"id":"e2","ts":1767099600000,"cat":"food","amt":-3.25,"day":"2025-12-31","io":"inc"},{"id":"e3","ts":1767099600000,"cat":"food","amt":0,"day":"2025-12-31","io":"exp"},{"id":"e4","ts":1767189600000,"cat":"food","amt":-3.25,"day":"2026-1-1","io":"inc"}]|1767186000000,2026-1-1,2
group	[{"id":"e0","ts":1788141600000,"cat":"food","amt":0,"day":"2026-8-31"},{"id":"e1","ts":1787713200000,"cat":"food","amt":1e-7,"day":"2026-8-26","io":"xfer"},{"id":"e2","ts":1787886000000,"cat":"food","amt":-3.25,"day":"2026-8-28","io":"inc"},{"id":"e3","ts":1788141600000,"cat":"food","amt":-3.25,"day":"2026-8-31","io":"exp"}]|1787713200000,2026-8-26
flat	[{"id":"e0","ts":1788141600000,"cat":"food","amt":0,"day":"2026-8-31"},{"id":"e1","ts":1787713200000,"cat":"food","amt":1e-7,"day":"2026-8-26","io":"xfer"},{"id":"e2","ts":1787886000000,"cat":"food","amt":-3.25,"day":"2026-8-28","io":"inc"},{"id":"e3","ts":1788141600000,"cat":"food","amt":-3.25,"day":"2026-8-31","io":"exp"}]|1787713200000,2026-8-26,2
group	[{"id":"e0","ts":1786935600000,"cat":"food","amt":1e+21,"day":"2026-8-17","io":"exp"},{"id":"e1","ts":1788141600000,"cat":"food","amt":-3.25,"day":"2026-8-31","io":"exp"},{"id":"e2","ts":1787709600000,"cat":"food","amt":10.5,"day":"2026-8-26","io":"xfer"},{"id":"e3","ts":1787716800000,"cat":"food","amt":-3.25,"day":"2026-8-26","io":"xfer"},{"id":"e4","ts":1787889600000,"cat":"food","amt":0,"day":"2026-8-28"},{"id":"e5","ts":1786935600000,"cat":"food","amt":1e-7,"day":"2026-8-17","io":"xfer"},{"id":"e6","ts":1787709600000,"cat":"food","amt":12345.678,"day":"2026-8-26","io":"xfer"}]|1787713200000,2026-8-26
flat	[{"id":"e0","ts":1786935600000,"cat":"food","amt":1e+21,"day":"2026-8-17","io":"exp"},{"id":"e1","ts":1788141600000,"cat":"food","amt":-3.25,"day":"2026-8-31","io":"exp"},{"id":"e2","ts":1787709600000,"cat":"food","amt":10.5,"day":"2026-8-26","io":"xfer"},{"id":"e3","ts":1787716800000,"cat":"food","amt":-3.25,"day":"2026-8-26","io":"xfer"},{"id":"e4","ts":1787889600000,"cat":"food","amt":0,"day":"2026-8-28"},{"id":"e5","ts":1786935600000,"cat":"food","amt":1e-7,"day":"2026-8-17","io":"xfer"},{"id":"e6","ts":1787709600000,"cat":"food","amt":12345.678,"day":"2026-8-26","io":"xfer"}]|1787713200000,2026-8-26,2
group	[{"id":"e0","ts":1787709600000,"cat":"food","amt":-3.25,"day":"2026-8-26"},{"id":"e1","ts":1788145200000,"cat":"food","amt":0,"day":"2026-8-31","io":"inc"},{"id":"e2","ts":1788148800000,"cat":"food","amt":0,"day":"2026-8-31","io":"xfer"},{"id":"e3","ts":1787544000000,"cat":"food","amt":-3.25,"day":"2026-8-24","io":"exp"},{"id":"e4","ts":1787716800000,"cat":"food","amt":0,"day":"2026-8-26"}]|1787713200000,2026-8-26
flat	[{"id":"e0","ts":1787709600000,"cat":"food","amt":-3.25,"day":"2026-8-26"},{"id":"e1","ts":1788145200000,"cat":"food","amt":0,"day":"2026-8-31","io":"inc"},{"id":"e2","ts":1788148800000,"cat":"food","amt":0,"day":"2026-8-31","io":"xfer"},{"id":"e3","ts":1787544000000,"cat":"food","amt":-3.25,"day":"2026-8-24","io":"exp"},{"id":"e4","ts":1787716800000,"cat":"food","amt":0,"day":"2026-8-26"}]|1787713200000,2026-8-26,4
group	[{"id":"e0","ts":1791284400000,"cat":"food","amt":0,"day":"2026-10-6","io":"xfer"},{"id":"e1","ts":1791115200000,"cat":"food","amt":1e+21,"day":"2026-10-4","io":"inc"},{"id":"e2","ts":1791118800000,"cat":"food","amt":-3.25,"day":"2026-10-5","io":"xfer"},{"id":"e3","ts":1791198000000,"cat":"food","amt":1,"day":"2026-10-5","io":"exp"},{"id":"e4","ts":1791028800000,"cat":"food","amt":0,"day":"2026-10-3","io":"xfer"},{"id":"e5","ts":1790337600000,"cat":"food","amt":0,"day":"2026-9-25","io":"exp"},{"id":"e6","ts":1791543600000,"cat":"food","amt":10.5,"day":"2026-10-9"}]|1791115200000,2026-10-4
flat	[{"id":"e0","ts":1791284400000,"cat":"food","amt":0,"day":"2026-10-6","io":"xfer"},{"id":"e1","ts":1791115200000,"cat":"food","amt":1e+21,"day":"2026-10-4","io":"inc"},{"id":"e2","ts":1791118800000,"cat":"food","amt":-3.25,"day":"2026-10-5","io":"xfer"},{"id":"e3","ts":1791198000000,"cat":"food","amt":1,"day":"2026-10-5","io":"exp"},{"id":"e4","ts":1791028800000,"cat":"food","amt":0,"day":"2026-10-3","io":"xfer"},{"id":"e5","ts":1790337600000,"cat":"food","amt":0,"day":"2026-9-25","io":"exp"},{"id":"e6","ts":1791543600000,"cat":"food","amt":10.5,"day":"2026-10-9"}]|1791115200000,2026-10-4,4
group	[{"id":"e0","ts":1774612800000,"cat":"food","amt":1,"day":"2026-3-27","io":"inc"},{"id":"e1","ts":1775566800000,"cat":"food","amt":0.2,"day":"2026-4-7","io":"xfer"}]|1775390400000,2026-4-5
flat	[{"id":"e0","ts":1774612800000,"cat":"food","amt":1,"day":"2026-3-27","io":"inc"},{"id":"e1","ts":1775566800000,"cat":"food","amt":0.2,"day":"2026-4-7","io":"xfer"}]|1775390400000,2026-4-5,1
group	[]|1787713200000,2026-8-26
flat	[]|1787713200000,2026-8-26,4
group	[{"id":"e0","ts":1791025200000,"cat":"food","amt":0.2,"day":"2026-10-3","io":"inc"},{"id":"e1","ts":1790254800000,"cat":"food","amt":0.1,"day":"2026-9-24","io":"inc"},{"id":"e2","ts":1790942400000,"cat":"food","amt":10.5,"day":"2026-10-2"},{"id":"e3","ts":1790946000000,"cat":"food","amt":1e+21,"day":"2026-10-2"},{"id":"e4","ts":1791201600000,"cat":"food","amt":1e+21,"day":"2026-10-5","io":"xfer"},{"id":"e5","ts":1791198000000,"cat":"food","amt":0.2,"day":"2026-10-5","io":"xfer"}]|1791028800000,2026-10-3
flat	[{"id":"e0","ts":1791025200000,"cat":"food","amt":0.2,"day":"2026-10-3","io":"inc"},{"id":"e1","ts":1790254800000,"cat":"food","amt":0.1,"day":"2026-9-24","io":"inc"},{"id":"e2","ts":1790942400000,"cat":"food","amt":10.5,"day":"2026-10-2"},{"id":"e3","ts":1790946000000,"cat":"food","amt":1e+21,"day":"2026-10-2"},{"id":"e4","ts":1791201600000,"cat":"food","amt":1e+21,"day":"2026-10-5","io":"xfer"},{"id":"e5","ts":1791198000000,"cat":"food","amt":0.2,"day":"2026-10-5","io":"xfer"}]|1791028800000,2026-10-3,0
group	[{"id":"e0","ts":1790938800000,"cat":"food","amt":1e+21,"day":"2026-10-2","io":"inc"}]|1791115200000,2026-10-4
flat	[{"id":"e0","ts":1790938800000,"cat":"food","amt":1e+21,"day":"2026-10-2","io":"inc"}]|1791115200000,2026-10-4,4
group	[{"id":"e0","ts":1767661200000,"cat":"food","amt":1,"day":"2026-1-6","io":"xfer"},{"id":"e1","ts":1767056400000,"cat":"food","amt":1e+21,"day":"2025-12-30","io":"xfer"}]|1767229200000,2026-1-1
flat	[{"id":"e0","ts":1767661200000,"cat":"food","amt":1,"day":"2026-1-6","io":"xfer"},{"id":"e1","ts":1767056400000,"cat":"food","amt":1e+21,"day":"2025-12-30","io":"xfer"}]|1767229200000,2026-1-1,2
group	[{"id":"e0","ts":1775304000000,"cat":"food","amt":1e-7,"day":"2026-4-4","io":"exp"},{"id":"e1","ts":1775307600000,"cat":"food","amt":1e-7,"day":"2026-4-5"},{"id":"e2","ts":1774530000000,"cat":"food","amt":0,"day":"2026-3-27","io":"inc"}]|1775304000000,2026-4-4
flat	[{"id":"e0","ts":1775304000000,"cat":"food","amt":1e-7,"day":"2026-4-4","io":"exp"},{"id":"e1","ts":1775307600000,"cat":"food","amt":1e-7,"day":"2026-4-5"},{"id":"e2","ts":1774530000000,"cat":"food","amt":0,"day":"2026-3-27","io":"inc"}]|1775304000000,2026-4-4,4
group	[{"id":"e0","ts":1791198000000,"cat":"food","amt":-3.25,"day":"2026-10-5","io":"exp"}]|1791201600000,2026-10-5
flat	[{"id":"e0","ts":1791198000000,"cat":"food","amt":-3.25,"day":"2026-10-5","io":"exp"}]|1791201600000,2026-10-5,1
group	[{"id":"e0","ts":1775563200000,"cat":"food","amt":1e-7,"day":"2026-4-7","io":"xfer"},{"id":"e1","ts":1775480400000,"cat":"food","amt":-3.25,"day":"2026-4-6","io":"inc"},{"id":"e2","ts":1775908800000,"cat":"food","amt":1,"day":"2026-4-11","io":"inc"}]|1775476800000,2026-4-6
flat	[{"id":"e0","ts":1775563200000,"cat":"food","amt":1e-7,"day":"2026-4-7","io":"xfer"},{"id":"e1","ts":1775480400000,"cat":"food","amt":-3.25,"day":"2026-4-6","io":"inc"},{"id":"e2","ts":1775908800000,"cat":"food","amt":1,"day":"2026-4-11","io":"inc"}]|1775476800000,2026-4-6,1
group	[{"id":"e0","ts":1790424000000,"cat":"food","amt":10.5,"day":"2026-9-26","io":"exp"},{"id":"e1","ts":1791201600000,"cat":"food","amt":0.1,"day":"2026-10-5"},{"id":"e2","ts":1791374400000,"cat":"food","amt":0.1,"day":"2026-10-7","io":"exp"},{"id":"e3","ts":1791637200000,"cat":"food","amt":1e+21,"day":"2026-10-11"},{"id":"e4","ts":1791198000000,"cat":"food","amt":0.1,"day":"2026-10-5","io":"exp"},{"id":"e5","ts":1791111600000,"cat":"food","amt":0.1,"day":"2026-10-4"},{"id":"e6","ts":1791115200000,"cat":"food","amt":12345.678,"day":"2026-10-4","io":"xfer"}]|1791201600000,2026-10-5
flat	[{"id":"e0","ts":1790424000000,"cat":"food","amt":10.5,"day":"2026-9-26","io":"exp"},{"id":"e1","ts":1791201600000,"cat":"food","amt":0.1,"day":"2026-10-5"},{"id":"e2","ts":1791374400000,"cat":"food","amt":0.1,"day":"2026-10-7","io":"exp"},{"id":"e3","ts":1791637200000,"cat":"food","amt":1e+21,"day":"2026-10-11"},{"id":"e4","ts":1791198000000,"cat":"food","amt":0.1,"day":"2026-10-5","io":"exp"},{"id":"e5","ts":1791111600000,"cat":"food","amt":0.1,"day":"2026-10-4"},{"id":"e6","ts":1791115200000,"cat":"food","amt":12345.678,"day":"2026-10-4","io":"xfer"}]|1791201600000,2026-10-5,4
group	[{"id":"e0","ts":1790424000000,"cat":"food","amt":0.1,"day":"2026-9-26","io":"xfer"},{"id":"e1","ts":1791115200000,"cat":"food","amt":0,"day":"2026-10-4","io":"exp"},{"id":"e2","ts":1791025200000,"cat":"food","amt":1,"day":"2026-10-3","io":"exp"},{"id":"e3","ts":1791633600000,"cat":"food","amt":0,"day":"2026-10-10","io":"inc"},{"id":"e4","ts":1791205200000,"cat":"food","amt":0.1,"day":"2026-10-6","io":"xfer"},{"id":"e5","ts":1791201600000,"cat":"food","amt":0,"day":"2026-10-5","io":"inc"}]|1791201600000,2026-10-5
flat	[{"id":"e0","ts":1790424000000,"cat":"food","amt":0.1,"day":"2026-9-26","io":"xfer"},{"id":"e1","ts":1791115200000,"cat":"food","amt":0,"day":"2026-10-4","io":"exp"},{"id":"e2","ts":1791025200000,"cat":"food","amt":1,"day":"2026-10-3","io":"exp"},{"id":"e3","ts":1791633600000,"cat":"food","amt":0,"day":"2026-10-10","io":"inc"},{"id":"e4","ts":1791205200000,"cat":"food","amt":0.1,"day":"2026-10-6","io":"xfer"},{"id":"e5","ts":1791201600000,"cat":"food","amt":0,"day":"2026-10-5","io":"inc"}]|1791201600000,2026-10-5,3
group	[{"id":"e0","ts":1787871600000,"cat":"food","amt":12345.678,"day":"2026-8-28","io":"inc"},{"id":"e1","ts":1787785200000,"cat":"food","amt":1e+21,"day":"2026-8-27"},{"id":"e2","ts":1787000400000,"cat":"food","amt":1e+21,"day":"2026-8-18","io":"inc"}]|1787781600000,2026-8-27
flat	[{"id":"e0","ts":1787871600000,"cat":"food","amt":12345.678,"day":"2026-8-28","io":"inc"},{"id":"e1","ts":1787785200000,"cat":"food","amt":1e+21,"day":"2026-8-27"},{"id":"e2","ts":1787000400000,"cat":"food","amt":1e+21,"day":"2026-8-18","io":"inc"}]|1787781600000,2026-8-27,2
group	[{"id":"e0","ts":1791028800000,"cat":"food","amt":0,"day":"2026-10-3","io":"inc"}]|1791115200000,2026-10-4
flat	[{"id":"e0","ts":1791028800000,"cat":"food","amt":0,"day":"2026-10-3","io":"inc"}]|1791115200000,2026-10-4,2
group	[{"id":"e0","ts":1791115200000,"cat":"food","amt":0,"day":"2026-10-4"},{"id":"e1","ts":1790946000000,"cat":"food","amt":0,"day":"2026-10-2"},{"id":"e2","ts":1791460800000,"cat":"food","amt":0,"day":"2026-10-8","io":"exp"},{"id":"e3","ts":1791032400000,"cat":"food","amt":0,"day":"2026-10-3","io":"xfer"}]|1791028800000,2026-10-3
flat	[{"id":"e0","ts":1791115200000,"cat":"food","amt":0,"day":"2026-10-4"},{"id":"e1","ts":1790946000000,"cat":"food","amt":0,"day":"2026-10-2"},{"id":"e2","ts":1791460800000,"cat":"food","amt":0,"day":"2026-10-8","io":"exp"},{"id":"e3","ts":1791032400000,"cat":"food","amt":0,"day":"2026-10-3","io":"xfer"}]|1791028800000,2026-10-3,3
group	[{"id":"e0","ts":1788141600000,"cat":"food","amt":1e-7,"day":"2026-8-31","io":"exp"},{"id":"e1","ts":1788148800000,"cat":"food","amt":-3.25,"day":"2026-8-31","io":"xfer"}]|1787713200000,2026-8-26
flat	[{"id":"e0","ts":1788141600000,"cat":"food","amt":1e-7,"day":"2026-8-31","io":"exp"},{"id":"e1","ts":1788148800000,"cat":"food","amt":-3.25,"day":"2026-8-31","io":"xfer"}]|1787713200000,2026-8-26,3
group	[{"id":"e0","ts":1775217600000,"cat":"food","amt":1e+21,"day":"2026-4-3","io":"inc"},{"id":"e1","ts":1775480400000,"cat":"food","amt":1,"day":"2026-4-6","io":"xfer"},{"id":"e2","ts":1775480400000,"cat":"food","amt":0,"day":"2026-4-6"},{"id":"e3","ts":1775390400000,"cat":"food","amt":1e+21,"day":"2026-4-5","io":"inc"},{"id":"e4","ts":1775563200000,"cat":"food","amt":1e-7,"day":"2026-4-7","io":"inc"}]|1775390400000,2026-4-5
flat	[{"id":"e0","ts":1775217600000,"cat":"food","amt":1e+21,"day":"2026-4-3","io":"inc"},{"id":"e1","ts":1775480400000,"cat":"food","amt":1,"day":"2026-4-6","io":"xfer"},{"id":"e2","ts":1775480400000,"cat":"food","amt":0,"day":"2026-4-6"},{"id":"e3","ts":1775390400000,"cat":"food","amt":1e+21,"day":"2026-4-5","io":"inc"},{"id":"e4","ts":1775563200000,"cat":"food","amt":1e-7,"day":"2026-4-7","io":"inc"}]|1775390400000,2026-4-5,1
group	[{"id":"e0","ts":1767225600000,"cat":"food","amt":1,"day":"2026-1-1","io":"exp"},{"id":"e1","ts":1767142800000,"cat":"food","amt":0,"day":"2025-12-31","io":"inc"}]|1767229200000,2026-1-1
flat	[{"id":"e0","ts":1767225600000,"cat":"food","amt":1,"day":"2026-1-1","io":"exp"},{"id":"e1","ts":1767142800000,"cat":"food","amt":0,"day":"2025-12-31","io":"inc"}]|1767229200000,2026-1-1,4
group	[{"id":"e0","ts":1775905200000,"cat":"food","amt":10.5,"day":"2026-4-11","io":"xfer"},{"id":"e1","ts":1775566800000,"cat":"food","amt":-3.25,"day":"2026-4-7","io":"exp"},{"id":"e2","ts":1775649600000,"cat":"food","amt":-3.25,"day":"2026-4-8","io":"xfer"},{"id":"e3","ts":1775649600000,"cat":"food","amt":1,"day":"2026-4-8"}]|1775476800000,2026-4-6
flat	[{"id":"e0","ts":1775905200000,"cat":"food","amt":10.5,"day":"2026-4-11","io":"xfer"},{"id":"e1","ts":1775566800000,"cat":"food","amt":-3.25,"day":"2026-4-7","io":"exp"},{"id":"e2","ts":1775649600000,"cat":"food","amt":-3.25,"day":"2026-4-8","io":"xfer"},{"id":"e3","ts":1775649600000,"cat":"food","amt":1,"day":"2026-4-8"}]|1775476800000,2026-4-6,1
group	[{"id":"e0","ts":1767229200000,"cat":"food","amt":0,"day":"2026-1-1","io":"inc"},{"id":"e1","ts":1767056400000,"cat":"food","amt":1,"day":"2025-12-30"},{"id":"e2","ts":1767398400000,"cat":"food","amt":10.5,"day":"2026-1-3","io":"inc"},{"id":"e3","ts":1767052800000,"cat":"food","amt":0,"day":"2025-12-30","io":"inc"},{"id":"e4","ts":1767229200000,"cat":"food","amt":12345.678,"day":"2026-1-1","io":"inc"}]|1767229200000,2026-1-1
flat	[{"id":"e0","ts":1767229200000,"cat":"food","amt":0,"day":"2026-1-1","io":"inc"},{"id":"e1","ts":1767056400000,"cat":"food","amt":1,"day":"2025-12-30"},{"id":"e2","ts":1767398400000,"cat":"food","amt":10.5,"day":"2026-1-3","io":"inc"},{"id":"e3","ts":1767052800000,"cat":"food","amt":0,"day":"2025-12-30","io":"inc"},{"id":"e4","ts":1767229200000,"cat":"food","amt":12345.678,"day":"2026-1-1","io":"inc"}]|1767229200000,2026-1-1,2
group	[]|1767186000000,2026-1-1
flat	[]|1767186000000,2026-1-1,1
group	[{"id":"e0","ts":1767013200000,"cat":"food","amt":1,"day":"2025-12-30","io":"inc"}]|1767186000000,2026-1-1
flat	[{"id":"e0","ts":1767013200000,"cat":"food","amt":1,"day":"2025-12-30","io":"inc"}]|1767186000000,2026-1-1,3
group	[{"id":"e0","ts":1790946000000,"cat":"food","amt":1e+21,"day":"2026-10-2","io":"inc"},{"id":"e1","ts":1791028800000,"cat":"food","amt":0.1,"day":"2026-10-3","io":"exp"},{"id":"e2","ts":1791118800000,"cat":"food","amt":1e-7,"day":"2026-10-5"},{"id":"e3","ts":1791032400000,"cat":"food","amt":10.5,"day":"2026-10-3"},{"id":"e4","ts":1790337600000,"cat":"food","amt":0,"day":"2026-9-25","io":"inc"}]|1791115200000,2026-10-4
flat	[{"id":"e0","ts":1790946000000,"cat":"food","amt":1e+21,"day":"2026-10-2","io":"inc"},{"id":"e1","ts":1791028800000,"cat":"food","amt":0.1,"day":"2026-10-3","io":"exp"},{"id":"e2","ts":1791118800000,"cat":"food","amt":1e-7,"day":"2026-10-5"},{"id":"e3","ts":1791032400000,"cat":"food","amt":10.5,"day":"2026-10-3"},{"id":"e4","ts":1790337600000,"cat":"food","amt":0,"day":"2026-9-25","io":"inc"}]|1791115200000,2026-10-4,3
group	[{"id":"e0","ts":1775476800000,"cat":"food","amt":0.2,"day":"2026-4-6","io":"exp"}]|1775304000000,2026-4-4
flat	[{"id":"e0","ts":1775476800000,"cat":"food","amt":0.2,"day":"2026-4-6","io":"exp"}]|1775304000000,2026-4-4,1
group	[{"id":"e0","ts":1775390400000,"cat":"food","amt":0.2,"day":"2026-4-5","io":"inc"},{"id":"e1","ts":1775304000000,"cat":"food","amt":12345.678,"day":"2026-4-4","io":"xfer"}]|1775304000000,2026-4-4
flat	[{"id":"e0","ts":1775390400000,"cat":"food","amt":0.2,"day":"2026-4-5","io":"inc"},{"id":"e1","ts":1775304000000,"cat":"food","amt":12345.678,"day":"2026-4-4","io":"xfer"}]|1775304000000,2026-4-4,2
group	[{"id":"e0","ts":1767013200000,"cat":"food","amt":12345.678,"day":"2025-12-30","io":"xfer"},{"id":"e1","ts":1767618000000,"cat":"food","amt":0.1,"day":"2026-1-6","io":"inc"},{"id":"e2","ts":1767013200000,"cat":"food","amt":-3.25,"day":"2025-12-30","io":"xfer"},{"id":"e3","ts":1767362400000,"cat":"food","amt":-3.25,"day":"2026-1-3"}]|1767186000000,2026-1-1
flat	[{"id":"e0","ts":1767013200000,"cat":"food","amt":12345.678,"day":"2025-12-30","io":"xfer"},{"id":"e1","ts":1767618000000,"cat":"food","amt":0.1,"day":"2026-1-6","io":"inc"},{"id":"e2","ts":1767013200000,"cat":"food","amt":-3.25,"day":"2025-12-30","io":"xfer"},{"id":"e3","ts":1767362400000,"cat":"food","amt":-3.25,"day":"2026-1-3"}]|1767186000000,2026-1-1,4
group	[{"id":"e0","ts":1775739600000,"cat":"food","amt":1e-7,"day":"2026-4-9"},{"id":"e1","ts":1775217600000,"cat":"food","amt":0.2,"day":"2026-4-3","io":"xfer"},{"id":"e2","ts":1775732400000,"cat":"food","amt":1e-7,"day":"2026-4-9","io":"exp"},{"id":"e3","ts":1775476800000,"cat":"food","amt":1e+21,"day":"2026-4-6","io":"inc"},{"id":"e4","ts":1775732400000,"cat":"food","amt":0.1,"day":"2026-4-9","io":"exp"},{"id":"e5","ts":1775131200000,"cat":"food","amt":0.2,"day":"2026-4-2"},{"id":"e6","ts":1775300400000,"cat":"food","amt":0,"day":"2026-4-4","io":"xfer"}]|1775304000000,2026-4-4
flat	[{"id":"e0","ts":1775739600000,"cat":"food","amt":1e-7,"day":"2026-4-9"},{"id":"e1","ts":1775217600000,"cat":"food","amt":0.2,"day":"2026-4-3","io":"xfer"},{"id":"e2","ts":1775732400000,"cat":"food","amt":1e-7,"day":"2026-4-9","io":"exp"},{"id":"e3","ts":1775476800000,"cat":"food","amt":1e+21,"day":"2026-4-6","io":"inc"},{"id":"e4","ts":1775732400000,"cat":"food","amt":0.1,"day":"2026-4-9","io":"exp"},{"id":"e5","ts":1775131200000,"cat":"food","amt":0.2,"day":"2026-4-2"},{"id":"e6","ts":1775300400000,"cat":"food","amt":0,"day":"2026-4-4","io":"xfer"}]|1775304000000,2026-4-4,2
group	[{"id":"e0","ts":1791118800000,"cat":"food","amt":1e-7,"day":"2026-10-5","io":"inc"}]|1791115200000,2026-10-4
flat	[{"id":"e0","ts":1791118800000,"cat":"food","amt":1e-7,"day":"2026-10-5","io":"inc"}]|1791115200000,2026-10-4,0
group	[{"id":"e0","ts":1767056400000,"cat":"food","amt":0,"day":"2025-12-30","io":"inc"}]|1767229200000,2026-1-1
flat	[{"id":"e0","ts":1767056400000,"cat":"food","amt":0,"day":"2025-12-30","io":"inc"}]|1767229200000,2026-1-1,3
group	[{"id":"e0","ts":1790852400000,"cat":"food","amt":1e-7,"day":"2026-10-1"},{"id":"e1","ts":1791201600000,"cat":"food","amt":1e-7,"day":"2026-10-5","io":"inc"},{"id":"e2","ts":1791028800000,"cat":"food","amt":1,"day":"2026-10-3","io":"xfer"},{"id":"e3","ts":1791457200000,"cat":"food","amt":0.2,"day":"2026-10-8","io":"inc"},{"id":"e4","ts":1791201600000,"cat":"food","amt":1,"day":"2026-10-5","io":"exp"}]|1791028800000,2026-10-3
flat	[{"id":"e0","ts":1790852400000,"cat":"food","amt":1e-7,"day":"2026-10-1"},{"id":"e1","ts":1791201600000,"cat":"food","amt":1e-7,"day":"2026-10-5","io":"inc"},{"id":"e2","ts":1791028800000,"cat":"food","amt":1,"day":"2026-10-3","io":"xfer"},{"id":"e3","ts":1791457200000,"cat":"food","amt":0.2,"day":"2026-10-8","io":"inc"},{"id":"e4","ts":1791201600000,"cat":"food","amt":1,"day":"2026-10-5","io":"exp"}]|1791028800000,2026-10-3,0
group	[{"id":"e0","ts":1767182400000,"cat":"food","amt":0.2,"day":"2025-12-31"},{"id":"e1","ts":1766408400000,"cat":"food","amt":12345.678,"day":"2025-12-23","io":"xfer"},{"id":"e2","ts":1767618000000,"cat":"food","amt":10.5,"day":"2026-1-6","io":"exp"},{"id":"e3","ts":1767103200000,"cat":"food","amt":0,"day":"2025-12-31","io":"exp"},{"id":"e4","ts":1767186000000,"cat":"food","amt":1e+21,"day":"2026-1-1","io":"inc"},{"id":"e5","ts":1766404800000,"cat":"food","amt":0,"day":"2025-12-22"}]|1767186000000,2026-1-1
flat	[{"id":"e0","ts":1767182400000,"cat":"food","amt":0.2,"day":"2025-12-31"},{"id":"e1","ts":1766408400000,"cat":"food","amt":12345.678,"day":"2025-12-23","io":"xfer"},{"id":"e2","ts":1767618000000,"cat":"food","amt":10.5,"day":"2026-1-6","io":"exp"},{"id":"e3","ts":1767103200000,"cat":"food","amt":0,"day":"2025-12-31","io":"exp"},{"id":"e4","ts":1767186000000,"cat":"food","amt":1e+21,"day":"2026-1-1","io":"inc"},{"id":"e5","ts":1766404800000,"cat":"food","amt":0,"day":"2025-12-22"}]|1767186000000,2026-1-1,1
group	[{"id":"e0","ts":1787623200000,"cat":"food","amt":1,"day":"2026-8-25"},{"id":"e1","ts":1786935600000,"cat":"food","amt":1,"day":"2026-8-17"},{"id":"e2","ts":1786932000000,"cat":"food","amt":1e+21,"day":"2026-8-17","io":"xfer"}]|1787713200000,2026-8-26
flat	[{"id":"e0","ts":1787623200000,"cat":"food","amt":1,"day":"2026-8-25"},{"id":"e1","ts":1786935600000,"cat":"food","amt":1,"day":"2026-8-17"},{"id":"e2","ts":1786932000000,"cat":"food","amt":1e+21,"day":"2026-8-17","io":"xfer"}]|1787713200000,2026-8-26,0
group	[{"id":"e0","ts":1766408400000,"cat":"food","amt":1e+21,"day":"2025-12-23","io":"inc"},{"id":"e1","ts":1767009600000,"cat":"food","amt":0.1,"day":"2025-12-29"},{"id":"e2","ts":1767618000000,"cat":"food","amt":1,"day":"2026-1-6"},{"id":"e3","ts":1767272400000,"cat":"food","amt":-3.25,"day":"2026-1-2","io":"inc"},{"id":"e4","ts":1767182400000,"cat":"food","amt":0.2,"day":"2025-12-31","io":"inc"},{"id":"e5","ts":1767182400000,"cat":"food","amt":1e+21,"day":"2025-12-31","io":"xfer"},{"id":"e6","ts":1767189600000,"cat":"food","amt":12345.678,"day":"2026-1-1","io":"exp"}]|1767186000000,2026-1-1
flat	[{"id":"e0","ts":1766408400000,"cat":"food","amt":1e+21,"day":"2025-12-23","io":"inc"},{"id":"e1","ts":1767009600000,"cat":"food","amt":0.1,"day":"2025-12-29"},{"id":"e2","ts":1767618000000,"cat":"food","amt":1,"day":"2026-1-6"},{"id":"e3","ts":1767272400000,"cat":"food","amt":-3.25,"day":"2026-1-2","io":"inc"},{"id":"e4","ts":1767182400000,"cat":"food","amt":0.2,"day":"2025-12-31","io":"inc"},{"id":"e5","ts":1767182400000,"cat":"food","amt":1e+21,"day":"2025-12-31","io":"xfer"},{"id":"e6","ts":1767189600000,"cat":"food","amt":12345.678,"day":"2026-1-1","io":"exp"}]|1767186000000,2026-1-1,1
group	[{"id":"e0","ts":1767186000000,"cat":"food","amt":12345.678,"day":"2026-1-1","io":"inc"},{"id":"e1","ts":1767362400000,"cat":"food","amt":0,"day":"2026-1-3","io":"xfer"}]|1767186000000,2026-1-1
flat	[{"id":"e0","ts":1767186000000,"cat":"food","amt":12345.678,"day":"2026-1-1","io":"inc"},{"id":"e1","ts":1767362400000,"cat":"food","amt":0,"day":"2026-1-3","io":"xfer"}]|1767186000000,2026-1-1,1
group	[{"id":"e0","ts":1775214000000,"cat":"food","amt":1e+21,"day":"2026-4-3"},{"id":"e1","ts":1775390400000,"cat":"food","amt":0.1,"day":"2026-4-5","io":"exp"},{"id":"e2","ts":1774616400000,"cat":"food","amt":1,"day":"2026-3-28"},{"id":"e3","ts":1775473200000,"cat":"food","amt":0.2,"day":"2026-4-6","io":"exp"},{"id":"e4","ts":1775559600000,"cat":"food","amt":0.2,"day":"2026-4-7"},{"id":"e5","ts":1774612800000,"cat":"food","amt":0.1,"day":"2026-3-27"},{"id":"e6","ts":1775386800000,"cat":"food","amt":0.1,"day":"2026-4-5","io":"xfer"}]|1775390400000,2026-4-5
flat	[{"id":"e0","ts":1775214000000,"cat":"food","amt":1e+21,"day":"2026-4-3"},{"id":"e1","ts":1775390400000,"cat":"food","amt":0.1,"day":"2026-4-5","io":"exp"},{"id":"e2","ts":1774616400000,"cat":"food","amt":1,"day":"2026-3-28"},{"id":"e3","ts":1775473200000,"cat":"food","amt":0.2,"day":"2026-4-6","io":"exp"},{"id":"e4","ts":1775559600000,"cat":"food","amt":0.2,"day":"2026-4-7"},{"id":"e5","ts":1774612800000,"cat":"food","amt":0.1,"day":"2026-3-27"},{"id":"e6","ts":1775386800000,"cat":"food","amt":0.1,"day":"2026-4-5","io":"xfer"}]|1775390400000,2026-4-5,3
group	[]|1791028800000,2026-10-3
flat	[]|1791028800000,2026-10-3,4
group	[{"id":"e0","ts":1775473200000,"cat":"food","amt":1e-7,"day":"2026-4-6","io":"xfer"},{"id":"e1","ts":1775732400000,"cat":"food","amt":12345.678,"day":"2026-4-9","io":"xfer"},{"id":"e2","ts":1774526400000,"cat":"food","amt":-3.25,"day":"2026-3-26","io":"exp"},{"id":"e3","ts":1775214000000,"cat":"food","amt":1,"day":"2026-4-3","io":"exp"},{"id":"e4","ts":1774526400000,"cat":"food","amt":0.2,"day":"2026-3-26"},{"id":"e5","ts":1775127600000,"cat":"food","amt":1,"day":"2026-4-2","io":"xfer"},{"id":"e6","ts":1774530000000,"cat":"food","amt":10.5,"day":"2026-3-27"}]|1775304000000,2026-4-4
flat	[{"id":"e0","ts":1775473200000,"cat":"food","amt":1e-7,"day":"2026-4-6","io":"xfer"},{"id":"e1","ts":1775732400000,"cat":"food","amt":12345.678,"day":"2026-4-9","io":"xfer"},{"id":"e2","ts":1774526400000,"cat":"food","amt":-3.25,"day":"2026-3-26","io":"exp"},{"id":"e3","ts":1775214000000,"cat":"food","amt":1,"day":"2026-4-3","io":"exp"},{"id":"e4","ts":1774526400000,"cat":"food","amt":0.2,"day":"2026-3-26"},{"id":"e5","ts":1775127600000,"cat":"food","amt":1,"day":"2026-4-2","io":"xfer"},{"id":"e6","ts":1774530000000,"cat":"food","amt":10.5,"day":"2026-3-27"}]|1775304000000,2026-4-4,1
group	[{"id":"e0","ts":1767272400000,"cat":"food","amt":10.5,"day":"2026-1-2","io":"xfer"},{"id":"e1","ts":1767618000000,"cat":"food","amt":0.1,"day":"2026-1-6","io":"xfer"},{"id":"e2","ts":1767362400000,"cat":"food","amt":-3.25,"day":"2026-1-3","io":"inc"},{"id":"e3","ts":1767276000000,"cat":"food","amt":12345.678,"day":"2026-1-2","io":"exp"}]|1767186000000,2026-1-1
flat	[{"id":"e0","ts":1767272400000,"cat":"food","amt":10.5,"day":"2026-1-2","io":"xfer"},{"id":"e1","ts":1767618000000,"cat":"food","amt":0.1,"day":"2026-1-6","io":"xfer"},{"id":"e2","ts":1767362400000,"cat":"food","amt":-3.25,"day":"2026-1-3","io":"inc"},{"id":"e3","ts":1767276000000,"cat":"food","amt":12345.678,"day":"2026-1-2","io":"exp"}]|1767186000000,2026-1-1,1
group	[{"id":"e0","ts":1791028800000,"cat":"food","amt":12345.678,"day":"2026-10-3","io":"xfer"},{"id":"e1","ts":1791460800000,"cat":"food","amt":1,"day":"2026-10-8","io":"inc"},{"id":"e2","ts":1791464400000,"cat":"food","amt":0.2,"day":"2026-10-9","io":"xfer"}]|1791028800000,2026-10-3
flat	[{"id":"e0","ts":1791028800000,"cat":"food","amt":12345.678,"day":"2026-10-3","io":"xfer"},{"id":"e1","ts":1791460800000,"cat":"food","amt":1,"day":"2026-10-8","io":"inc"},{"id":"e2","ts":1791464400000,"cat":"food","amt":0.2,"day":"2026-10-9","io":"xfer"}]|1791028800000,2026-10-3,0
group	[]|1791028800000,2026-10-3
flat	[]|1791028800000,2026-10-3,3
group	[{"id":"e0","ts":1774616400000,"cat":"food","amt":0,"day":"2026-3-28","io":"exp"},{"id":"e1","ts":1775221200000,"cat":"food","amt":1e-7,"day":"2026-4-4","io":"inc"},{"id":"e2","ts":1774612800000,"cat":"food","amt":12345.678,"day":"2026-3-27"},{"id":"e3","ts":1775386800000,"cat":"food","amt":0,"day":"2026-4-5"},{"id":"e4","ts":1775822400000,"cat":"food","amt":0.2,"day":"2026-4-10","io":"inc"},{"id":"e5","ts":1775386800000,"cat":"food","amt":1e-7,"day":"2026-4-5","io":"exp"},{"id":"e6","ts":1775390400000,"cat":"food","amt":12345.678,"day":"2026-4-5","io":"xfer"}]|1775390400000,2026-4-5
flat	[{"id":"e0","ts":1774616400000,"cat":"food","amt":0,"day":"2026-3-28","io":"exp"},{"id":"e1","ts":1775221200000,"cat":"food","amt":1e-7,"day":"2026-4-4","io":"inc"},{"id":"e2","ts":1774612800000,"cat":"food","amt":12345.678,"day":"2026-3-27"},{"id":"e3","ts":1775386800000,"cat":"food","amt":0,"day":"2026-4-5"},{"id":"e4","ts":1775822400000,"cat":"food","amt":0.2,"day":"2026-4-10","io":"inc"},{"id":"e5","ts":1775386800000,"cat":"food","amt":1e-7,"day":"2026-4-5","io":"exp"},{"id":"e6","ts":1775390400000,"cat":"food","amt":12345.678,"day":"2026-4-5","io":"xfer"}]|1775390400000,2026-4-5,1
group	[]|1775476800000,2026-4-6
flat	[]|1775476800000,2026-4-6,1
group	[{"id":"e0","ts":1787799600000,"cat":"food","amt":-3.25,"day":"2026-8-27","io":"inc"},{"id":"e1","ts":1787882400000,"cat":"food","amt":12345.678,"day":"2026-8-28","io":"inc"},{"id":"e2","ts":1787889600000,"cat":"food","amt":0,"day":"2026-8-28","io":"inc"},{"id":"e3","ts":1787716800000,"cat":"food","amt":1,"day":"2026-8-26","io":"xfer"}]|1787713200000,2026-8-26
flat	[{"id":"e0","ts":1787799600000,"cat":"food","amt":-3.25,"day":"2026-8-27","io":"inc"},{"id":"e1","ts":1787882400000,"cat":"food","amt":12345.678,"day":"2026-8-28","io":"inc"},{"id":"e2","ts":1787889600000,"cat":"food","amt":0,"day":"2026-8-28","io":"inc"},{"id":"e3","ts":1787716800000,"cat":"food","amt":1,"day":"2026-8-26","io":"xfer"}]|1787713200000,2026-8-26,3
group	[]|1791201600000,2026-10-5
flat	[]|1791201600000,2026-10-5,4
group	[{"id":"e0","ts":1767142800000,"cat":"food","amt":0,"day":"2025-12-31","io":"xfer"},{"id":"e1","ts":1766448000000,"cat":"food","amt":10.5,"day":"2025-12-23","io":"exp"},{"id":"e2","ts":1767402000000,"cat":"food","amt":0,"day":"2026-1-3"},{"id":"e3","ts":1767405600000,"cat":"food","amt":1,"day":"2026-1-3","io":"xfer"},{"id":"e4","ts":1767052800000,"cat":"food","amt":0.1,"day":"2025-12-30","io":"exp"}]|1767229200000,2026-1-1
flat	[{"id":"e0","ts":1767142800000,"cat":"food","amt":0,"day":"2025-12-31","io":"xfer"},{"id":"e1","ts":1766448000000,"cat":"food","amt":10.5,"day":"2025-12-23","io":"exp"},{"id":"e2","ts":1767402000000,"cat":"food","amt":0,"day":"2026-1-3"},{"id":"e3","ts":1767405600000,"cat":"food","amt":1,"day":"2026-1-3","io":"xfer"},{"id":"e4","ts":1767052800000,"cat":"food","amt":0.1,"day":"2025-12-30","io":"exp"}]|1767229200000,2026-1-1,4
group	[{"id":"e0","ts":1767358800000,"cat":"food","amt":1e+21,"day":"2026-1-3"},{"id":"e1","ts":1766408400000,"cat":"food","amt":12345.678,"day":"2025-12-23","io":"inc"}]|1767186000000,2026-1-1
flat	[{"id":"e0","ts":1767358800000,"cat":"food","amt":1e+21,"day":"2026-1-3"},{"id":"e1","ts":1766408400000,"cat":"food","amt":12345.678,"day":"2025-12-23","io":"inc"}]|1767186000000,2026-1-1,2
group	[{"id":"e0","ts":1791460800000,"cat":"food","amt":-3.25,"day":"2026-10-8"},{"id":"e1","ts":1790856000000,"cat":"food","amt":0,"day":"2026-10-1"}]|1791028800000,2026-10-3
flat	[{"id":"e0","ts":1791460800000,"cat":"food","amt":-3.25,"day":"2026-10-8"},{"id":"e1","ts":1790856000000,"cat":"food","amt":0,"day":"2026-10-1"}]|1791028800000,2026-10-3,1
group	[{"id":"e0","ts":1767139200000,"cat":"food","amt":12345.678,"day":"2025-12-31","io":"xfer"},{"id":"e1","ts":1767661200000,"cat":"food","amt":1e-7,"day":"2026-1-6","io":"xfer"},{"id":"e2","ts":1767664800000,"cat":"food","amt":0.1,"day":"2026-1-6","io":"xfer"}]|1767229200000,2026-1-1
flat	[{"id":"e0","ts":1767139200000,"cat":"food","amt":12345.678,"day":"2025-12-31","io":"xfer"},{"id":"e1","ts":1767661200000,"cat":"food","amt":1e-7,"day":"2026-1-6","io":"xfer"},{"id":"e2","ts":1767664800000,"cat":"food","amt":0.1,"day":"2026-1-6","io":"xfer"}]|1767229200000,2026-1-1,3
group	[]|1787781600000,2026-8-27
flat	[]|1787781600000,2026-8-27,1
group	[]|1775390400000,2026-4-5
flat	[]|1775390400000,2026-4-5,1
group	[{"id":"e0","ts":1791284400000,"cat":"food","amt":0.1,"day":"2026-10-6","io":"xfer"},{"id":"e1","ts":1791291600000,"cat":"food","amt":-3.25,"day":"2026-10-7","io":"inc"},{"id":"e2","ts":1790337600000,"cat":"food","amt":1e-7,"day":"2026-9-25","io":"exp"}]|1791115200000,2026-10-4
flat	[{"id":"e0","ts":1791284400000,"cat":"food","amt":0.1,"day":"2026-10-6","io":"xfer"},{"id":"e1","ts":1791291600000,"cat":"food","amt":-3.25,"day":"2026-10-7","io":"inc"},{"id":"e2","ts":1790337600000,"cat":"food","amt":1e-7,"day":"2026-9-25","io":"exp"}]|1791115200000,2026-10-4,1
group	[{"id":"e0","ts":1775214000000,"cat":"food","amt":1e+21,"day":"2026-4-3","io":"xfer"},{"id":"e1","ts":1775390400000,"cat":"food","amt":-3.25,"day":"2026-4-5","io":"xfer"},{"id":"e2","ts":1775304000000,"cat":"food","amt":1,"day":"2026-4-4","io":"xfer"},{"id":"e3","ts":1775480400000,"cat":"food","amt":0,"day":"2026-4-6","io":"inc"},{"id":"e4","ts":1775134800000,"cat":"food","amt":0,"day":"2026-4-3","io":"xfer"},{"id":"e5","ts":1775131200000,"cat":"food","amt":0,"day":"2026-4-2","io":"xfer"}]|1775304000000,2026-4-4
flat	[{"id":"e0","ts":1775214000000,"cat":"food","amt":1e+21,"day":"2026-4-3","io":"xfer"},{"id":"e1","ts":1775390400000,"cat":"food","amt":-3.25,"day":"2026-4-5","io":"xfer"},{"id":"e2","ts":1775304000000,"cat":"food","amt":1,"day":"2026-4-4","io":"xfer"},{"id":"e3","ts":1775480400000,"cat":"food","amt":0,"day":"2026-4-6","io":"inc"},{"id":"e4","ts":1775134800000,"cat":"food","amt":0,"day":"2026-4-3","io":"xfer"},{"id":"e5","ts":1775131200000,"cat":"food","amt":0,"day":"2026-4-2","io":"xfer"}]|1775304000000,2026-4-4,0
group	[{"id":"e0","ts":1775912400000,"cat":"food","amt":0,"day":"2026-4-11","io":"xfer"},{"id":"e1","ts":1775390400000,"cat":"food","amt":1e-7,"day":"2026-4-5","io":"xfer"},{"id":"e2","ts":1775480400000,"cat":"food","amt":0,"day":"2026-4-6","io":"exp"},{"id":"e3","ts":1774699200000,"cat":"food","amt":1e-7,"day":"2026-3-28"},{"id":"e4","ts":1774699200000,"cat":"food","amt":1,"day":"2026-3-28"},{"id":"e5","ts":1775649600000,"cat":"food","amt":1e-7,"day":"2026-4-8","io":"exp"},{"id":"e6","ts":1775646000000,"cat":"food","amt":1e-7,"day":"2026-4-8","io":"inc"}]|1775476800000,2026-4-6
flat	[{"id":"e0","ts":1775912400000,"cat":"food","amt":0,"day":"2026-4-11","io":"xfer"},{"id":"e1","ts":1775390400000,"cat":"food","amt":1e-7,"day":"2026-4-5","io":"xfer"},{"id":"e2","ts":1775480400000,"cat":"food","amt":0,"day":"2026-4-6","io":"exp"},{"id":"e3","ts":1774699200000,"cat":"food","amt":1e-7,"day":"2026-3-28"},{"id":"e4","ts":1774699200000,"cat":"food","amt":1,"day":"2026-3-28"},{"id":"e5","ts":1775649600000,"cat":"food","amt":1e-7,"day":"2026-4-8","io":"exp"},{"id":"e6","ts":1775646000000,"cat":"food","amt":1e-7,"day":"2026-4-8","io":"inc"}]|1775476800000,2026-4-6,4
group	[{"id":"e0","ts":1767272400000,"cat":"food","amt":-3.25,"day":"2026-1-2"},{"id":"e1","ts":1767618000000,"cat":"food","amt":1,"day":"2026-1-6","io":"exp"},{"id":"e2","ts":1767272400000,"cat":"food","amt":1,"day":"2026-1-2","io":"exp"},{"id":"e3","ts":1767189600000,"cat":"food","amt":10.5,"day":"2026-1-1","io":"xfer"},{"id":"e4","ts":1767096000000,"cat":"food","amt":-3.25,"day":"2025-12-30","io":"inc"},{"id":"e5","ts":1767182400000,"cat":"food","amt":1e+21,"day":"2025-12-31","io":"exp"}]|1767186000000,2026-1-1
flat	[{"id":"e0","ts":1767272400000,"cat":"food","amt":-3.25,"day":"2026-1-2"},{"id":"e1","ts":1767618000000,"cat":"food","amt":1,"day":"2026-1-6","io":"exp"},{"id":"e2","ts":1767272400000,"cat":"food","amt":1,"day":"2026-1-2","io":"exp"},{"id":"e3","ts":1767189600000,"cat":"food","amt":10.5,"day":"2026-1-1","io":"xfer"},{"id":"e4","ts":1767096000000,"cat":"food","amt":-3.25,"day":"2025-12-30","io":"inc"},{"id":"e5","ts":1767182400000,"cat":"food","amt":1e+21,"day":"2025-12-31","io":"exp"}]|1767186000000,2026-1-1,3
group	[{"id":"e0","ts":1791198000000,"cat":"food","amt":1e+21,"day":"2026-10-5","io":"exp"},{"id":"e1","ts":1791115200000,"cat":"food","amt":0,"day":"2026-10-4","io":"xfer"},{"id":"e2","ts":1791460800000,"cat":"food","amt":1e+21,"day":"2026-10-8","io":"xfer"},{"id":"e3","ts":1790942400000,"cat":"food","amt":10.5,"day":"2026-10-2","io":"xfer"},{"id":"e4","ts":1791111600000,"cat":"food","amt":0.1,"day":"2026-10-4","io":"inc"},{"id":"e5","ts":1790247600000,"cat":"food","amt":1e+21,"day":"2026-9-24","io":"exp"},{"id":"e6","ts":1791457200000,"cat":"food","amt":0.1,"day":"2026-10-8","io":"xfer"}]|1791028800000,2026-10-3
flat	[{"id":"e0","ts":1791198000000,"cat":"food","amt":1e+21,"day":"2026-10-5","io":"exp"},{"id":"e1","ts":1791115200000,"cat":"food","amt":0,"day":"2026-10-4","io":"xfer"},{"id":"e2","ts":1791460800000,"cat":"food","amt":1e+21,"day":"2026-10-8","io":"xfer"},{"id":"e3","ts":1790942400000,"cat":"food","amt":10.5,"day":"2026-10-2","io":"xfer"},{"id":"e4","ts":1791111600000,"cat":"food","amt":0.1,"day":"2026-10-4","io":"inc"},{"id":"e5","ts":1790247600000,"cat":"food","amt":1e+21,"day":"2026-9-24","io":"exp"},{"id":"e6","ts":1791457200000,"cat":"food","amt":0.1,"day":"2026-10-8","io":"xfer"}]|1791028800000,2026-10-3,4
group	[{"id":"e0","ts":1767009600000,"cat":"food","amt":10.5,"day":"2025-12-29","io":"inc"},{"id":"e1","ts":1767016800000,"cat":"food","amt":1e+21,"day":"2025-12-30"},{"id":"e2","ts":1767016800000,"cat":"food","amt":1,"day":"2025-12-30","io":"inc"}]|1767186000000,2026-1-1
flat	[{"id":"e0","ts":1767009600000,"cat":"food","amt":10.5,"day":"2025-12-29","io":"inc"},{"id":"e1","ts":1767016800000,"cat":"food","amt":1e+21,"day":"2025-12-30"},{"id":"e2","ts":1767016800000,"cat":"food","amt":1,"day":"2025-12-30","io":"inc"}]|1767186000000,2026-1-1,0
group	[{"id":"e0","ts":1775818800000,"cat":"food","amt":0,"day":"2026-4-10","io":"exp"},{"id":"e1","ts":1775390400000,"cat":"food","amt":-3.25,"day":"2026-4-5","io":"xfer"},{"id":"e2","ts":1774612800000,"cat":"food","amt":0,"day":"2026-3-27","io":"inc"},{"id":"e3","ts":1775476800000,"cat":"food","amt":1e+21,"day":"2026-4-6","io":"xfer"},{"id":"e4","ts":1774612800000,"cat":"food","amt":1e+21,"day":"2026-3-27"}]|1775390400000,2026-4-5
flat	[{"id":"e0","ts":1775818800000,"cat":"food","amt":0,"day":"2026-4-10","io":"exp"},{"id":"e1","ts":1775390400000,"cat":"food","amt":-3.25,"day":"2026-4-5","io":"xfer"},{"id":"e2","ts":1774612800000,"cat":"food","amt":0,"day":"2026-3-27","io":"inc"},{"id":"e3","ts":1775476800000,"cat":"food","amt":1e+21,"day":"2026-4-6","io":"xfer"},{"id":"e4","ts":1774612800000,"cat":"food","amt":1e+21,"day":"2026-3-27"}]|1775390400000,2026-4-5,2
group	[{"id":"e0","ts":1775300400000,"cat":"food","amt":1e-7,"day":"2026-4-4","io":"exp"},{"id":"e1","ts":1774616400000,"cat":"food","amt":1e+21,"day":"2026-3-28"},{"id":"e2","ts":1775386800000,"cat":"food","amt":0,"day":"2026-4-5","io":"inc"},{"id":"e3","ts":1775566800000,"cat":"food","amt":0.1,"day":"2026-4-7","io":"xfer"}]|1775390400000,2026-4-5
flat	[{"id":"e0","ts":1775300400000,"cat":"food","amt":1e-7,"day":"2026-4-4","io":"exp"},{"id":"e1","ts":1774616400000,"cat":"food","amt":1e+21,"day":"2026-3-28"},{"id":"e2","ts":1775386800000,"cat":"food","amt":0,"day":"2026-4-5","io":"inc"},{"id":"e3","ts":1775566800000,"cat":"food","amt":0.1,"day":"2026-4-7","io":"xfer"}]|1775390400000,2026-4-5,0
group	[{"id":"e0","ts":1766451600000,"cat":"food","amt":0.1,"day":"2025-12-23","io":"xfer"},{"id":"e1","ts":1767232800000,"cat":"food","amt":1e-7,"day":"2026-1-1","io":"inc"},{"id":"e2","ts":1767139200000,"cat":"food","amt":12345.678,"day":"2025-12-31","io":"xfer"},{"id":"e3","ts":1767056400000,"cat":"food","amt":1,"day":"2025-12-30"},{"id":"e4","ts":1767142800000,"cat":"food","amt":10.5,"day":"2025-12-31"},{"id":"e5","ts":1766451600000,"cat":"food","amt":10.5,"day":"2025-12-23","io":"xfer"},{"id":"e6","ts":1767142800000,"cat":"food","amt":1,"day":"2025-12-31","io":"xfer"}]|1767229200000,2026-1-1
flat	[{"id":"e0","ts":1766451600000,"cat":"food","amt":0.1,"day":"2025-12-23","io":"xfer"},{"id":"e1","ts":1767232800000,"cat":"food","amt":1e-7,"day":"2026-1-1","io":"inc"},{"id":"e2","ts":1767139200000,"cat":"food","amt":12345.678,"day":"2025-12-31","io":"xfer"},{"id":"e3","ts":1767056400000,"cat":"food","amt":1,"day":"2025-12-30"},{"id":"e4","ts":1767142800000,"cat":"food","amt":10.5,"day":"2025-12-31"},{"id":"e5","ts":1766451600000,"cat":"food","amt":10.5,"day":"2025-12-23","io":"xfer"},{"id":"e6","ts":1767142800000,"cat":"food","amt":1,"day":"2025-12-31","io":"xfer"}]|1767229200000,2026-1-1,1
group	[{"id":"e0","ts":1774526400000,"cat":"food","amt":0.1,"day":"2026-3-26"},{"id":"e1","ts":1775217600000,"cat":"food","amt":1e+21,"day":"2026-4-3","io":"exp"},{"id":"e2","ts":1775476800000,"cat":"food","amt":0.1,"day":"2026-4-6","io":"inc"}]|1775304000000,2026-4-4
flat	[{"id":"e0","ts":1774526400000,"cat":"food","amt":0.1,"day":"2026-3-26"},{"id":"e1","ts":1775217600000,"cat":"food","amt":1e+21,"day":"2026-4-3","io":"exp"},{"id":"e2","ts":1775476800000,"cat":"food","amt":0.1,"day":"2026-4-6","io":"inc"}]|1775304000000,2026-4-4,3
group	[{"id":"e0","ts":1791374400000,"cat":"food","amt":1,"day":"2026-10-7","io":"xfer"},{"id":"e1","ts":1791288000000,"cat":"food","amt":10.5,"day":"2026-10-6","io":"xfer"},{"id":"e2","ts":1791201600000,"cat":"food","amt":0,"day":"2026-10-5","io":"exp"},{"id":"e3","ts":1791198000000,"cat":"food","amt":1,"day":"2026-10-5"},{"id":"e4","ts":1791198000000,"cat":"food","amt":1e+21,"day":"2026-10-5","io":"inc"},{"id":"e5","ts":1791374400000,"cat":"food","amt":0,"day":"2026-10-7","io":"inc"},{"id":"e6","ts":1791201600000,"cat":"food","amt":0,"day":"2026-10-5","io":"inc"}]|1791201600000,2026-10-5
flat	[{"id":"e0","ts":1791374400000,"cat":"food","amt":1,"day":"2026-10-7","io":"xfer"},{"id":"e1","ts":1791288000000,"cat":"food","amt":10.5,"day":"2026-10-6","io":"xfer"},{"id":"e2","ts":1791201600000,"cat":"food","amt":0,"day":"2026-10-5","io":"exp"},{"id":"e3","ts":1791198000000,"cat":"food","amt":1,"day":"2026-10-5"},{"id":"e4","ts":1791198000000,"cat":"food","amt":1e+21,"day":"2026-10-5","io":"inc"},{"id":"e5","ts":1791374400000,"cat":"food","amt":0,"day":"2026-10-7","io":"inc"},{"id":"e6","ts":1791201600000,"cat":"food","amt":0,"day":"2026-10-5","io":"inc"}]|1791201600000,2026-10-5,2
group	[{"id":"e0","ts":1790251200000,"cat":"food","amt":10.5,"day":"2026-9-24","io":"xfer"},{"id":"e1","ts":1791028800000,"cat":"food","amt":1e+21,"day":"2026-10-3","io":"inc"},{"id":"e2","ts":1791025200000,"cat":"food","amt":0.1,"day":"2026-10-3","io":"xfer"},{"id":"e3","ts":1791028800000,"cat":"food","amt":1e+21,"day":"2026-10-3","io":"exp"}]|1791028800000,2026-10-3
flat	[{"id":"e0","ts":1790251200000,"cat":"food","amt":10.5,"day":"2026-9-24","io":"xfer"},{"id":"e1","ts":1791028800000,"cat":"food","amt":1e+21,"day":"2026-10-3","io":"inc"},{"id":"e2","ts":1791025200000,"cat":"food","amt":0.1,"day":"2026-10-3","io":"xfer"},{"id":"e3","ts":1791028800000,"cat":"food","amt":1e+21,"day":"2026-10-3","io":"exp"}]|1791028800000,2026-10-3,0
group	[]|1767229200000,2026-1-1
flat	[]|1767229200000,2026-1-1,3
group	[{"id":"e0","ts":1767268800000,"cat":"food","amt":0.2,"day":"2026-1-1","io":"xfer"}]|1767186000000,2026-1-1
flat	[{"id":"e0","ts":1767268800000,"cat":"food","amt":0.2,"day":"2026-1-1","io":"xfer"}]|1767186000000,2026-1-1,0
group	[{"id":"e0","ts":1767189600000,"cat":"food","amt":1e+21,"day":"2026-1-1","io":"inc"},{"id":"e1","ts":1767272400000,"cat":"food","amt":0.1,"day":"2026-1-2","io":"exp"},{"id":"e2","ts":1767614400000,"cat":"food","amt":0,"day":"2026-1-5","io":"exp"}]|1767186000000,2026-1-1
flat	[{"id":"e0","ts":1767189600000,"cat":"food","amt":1e+21,"day":"2026-1-1","io":"inc"},{"id":"e1","ts":1767272400000,"cat":"food","amt":0.1,"day":"2026-1-2","io":"exp"},{"id":"e2","ts":1767614400000,"cat":"food","amt":0,"day":"2026-1-5","io":"exp"}]|1767186000000,2026-1-1,1
group	[{"id":"e0","ts":1774695600000,"cat":"food","amt":0.1,"day":"2026-3-28"},{"id":"e1","ts":1775480400000,"cat":"food","amt":0.2,"day":"2026-4-6","io":"exp"},{"id":"e2","ts":1775476800000,"cat":"food","amt":1,"day":"2026-4-6","io":"exp"},{"id":"e3","ts":1775480400000,"cat":"food","amt":1e-7,"day":"2026-4-6"}]|1775476800000,2026-4-6
flat	[{"id":"e0","ts":1774695600000,"cat":"food","amt":0.1,"day":"2026-3-28"},{"id":"e1","ts":1775480400000,"cat":"food","amt":0.2,"day":"2026-4-6","io":"exp"},{"id":"e2","ts":1775476800000,"cat":"food","amt":1,"day":"2026-4-6","io":"exp"},{"id":"e3","ts":1775480400000,"cat":"food","amt":1e-7,"day":"2026-4-6"}]|1775476800000,2026-4-6,3
group	[{"id":"e0","ts":1791028800000,"cat":"food","amt":0.1,"day":"2026-10-3","io":"xfer"}]|1791115200000,2026-10-4
flat	[{"id":"e0","ts":1791028800000,"cat":"food","amt":0.1,"day":"2026-10-3","io":"xfer"}]|1791115200000,2026-10-4,2
group	[{"id":"e0","ts":1775473200000,"cat":"food","amt":10.5,"day":"2026-4-6","io":"xfer"}]|1775304000000,2026-4-4
flat	[{"id":"e0","ts":1775473200000,"cat":"food","amt":10.5,"day":"2026-4-6","io":"xfer"}]|1775304000000,2026-4-4,3
group	[{"id":"e0","ts":1767060000000,"cat":"food","amt":-3.25,"day":"2025-12-30","io":"xfer"},{"id":"e1","ts":1767402000000,"cat":"food","amt":0,"day":"2026-1-3","io":"xfer"},{"id":"e2","ts":1767232800000,"cat":"food","amt":0.1,"day":"2026-1-1","io":"inc"},{"id":"e3","ts":1767139200000,"cat":"food","amt":0,"day":"2025-12-31"},{"id":"e4","ts":1766451600000,"cat":"food","amt":-3.25,"day":"2025-12-23","io":"exp"},{"id":"e5","ts":1767315600000,"cat":"food","amt":0.1,"day":"2026-1-2","io":"exp"},{"id":"e6","ts":1767139200000,"cat":"food","amt":10.5,"day":"2025-12-31","io":"xfer"}]|1767229200000,2026-1-1
flat	[{"id":"e0","ts":1767060000000,"cat":"food","amt":-3.25,"day":"2025-12-30","io":"xfer"},{"id":"e1","ts":1767402000000,"cat":"food","amt":0,"day":"2026-1-3","io":"xfer"},{"id":"e2","ts":1767232800000,"cat":"food","amt":0.1,"day":"2026-1-1","io":"inc"},{"id":"e3","ts":1767139200000,"cat":"food","amt":0,"day":"2025-12-31"},{"id":"e4","ts":1766451600000,"cat":"food","amt":-3.25,"day":"2025-12-23","io":"exp"},{"id":"e5","ts":1767315600000,"cat":"food","amt":0.1,"day":"2026-1-2","io":"exp"},{"id":"e6","ts":1767139200000,"cat":"food","amt":10.5,"day":"2025-12-31","io":"xfer"}]|1767229200000,2026-1-1,1
group	[{"id":"e0","ts":1790856000000,"cat":"food","amt":-3.25,"day":"2026-10-1","io":"xfer"},{"id":"e1","ts":1790852400000,"cat":"food","amt":-3.25,"day":"2026-10-1","io":"exp"},{"id":"e2","ts":1790856000000,"cat":"food","amt":1e-7,"day":"2026-10-1","io":"exp"},{"id":"e3","ts":1791198000000,"cat":"food","amt":-3.25,"day":"2026-10-5","io":"xfer"},{"id":"e4","ts":1791025200000,"cat":"food","amt":1,"day":"2026-10-3"}]|1791028800000,2026-10-3
flat	[{"id":"e0","ts":1790856000000,"cat":"food","amt":-3.25,"day":"2026-10-1","io":"xfer"},{"id":"e1","ts":1790852400000,"cat":"food","amt":-3.25,"day":"2026-10-1","io":"exp"},{"id":"e2","ts":1790856000000,"cat":"food","amt":1e-7,"day":"2026-10-1","io":"exp"},{"id":"e3","ts":1791198000000,"cat":"food","amt":-3.25,"day":"2026-10-5","io":"xfer"},{"id":"e4","ts":1791025200000,"cat":"food","amt":1,"day":"2026-10-3"}]|1791028800000,2026-10-3,4
group	[]|1775304000000,2026-4-4
flat	[]|1775304000000,2026-4-4,1
group	[]|1791028800000,2026-10-3
flat	[]|1791028800000,2026-10-3,4
group	[]|1787781600000,2026-8-27
flat	[]|1787781600000,2026-8-27,3
group	[{"id":"e0","ts":1787608800000,"cat":"food","amt":0,"day":"2026-8-25","io":"exp"},{"id":"e1","ts":1787781600000,"cat":"food","amt":0.1,"day":"2026-8-27"},{"id":"e2","ts":1788210000000,"cat":"food","amt":1,"day":"2026-9-1","io":"inc"},{"id":"e3","ts":1787691600000,"cat":"food","amt":12345.678,"day":"2026-8-26","io":"inc"}]|1787781600000,2026-8-27
flat	[{"id":"e0","ts":1787608800000,"cat":"food","amt":0,"day":"2026-8-25","io":"exp"},{"id":"e1","ts":1787781600000,"cat":"food","amt":0.1,"day":"2026-8-27"},{"id":"e2","ts":1788210000000,"cat":"food","amt":1,"day":"2026-9-1","io":"inc"},{"id":"e3","ts":1787691600000,"cat":"food","amt":12345.678,"day":"2026-8-26","io":"inc"}]|1787781600000,2026-8-27,2
group	[]|1787781600000,2026-8-27
flat	[]|1787781600000,2026-8-27,0
group	[{"id":"e0","ts":1791032400000,"cat":"food","amt":1e+21,"day":"2026-10-3","io":"inc"}]|1791115200000,2026-10-4
flat	[{"id":"e0","ts":1791032400000,"cat":"food","amt":1e+21,"day":"2026-10-3","io":"inc"}]|1791115200000,2026-10-4,2
group	[{"id":"e0","ts":1767272400000,"cat":"food","amt":0,"day":"2026-1-2"}]|1767186000000,2026-1-1
flat	[{"id":"e0","ts":1767272400000,"cat":"food","amt":0,"day":"2026-1-2"}]|1767186000000,2026-1-1,3
group	[{"id":"e0","ts":1767186000000,"cat":"food","amt":1,"day":"2026-1-1"},{"id":"e1","ts":1766404800000,"cat":"food","amt":1e-7,"day":"2025-12-22","io":"xfer"},{"id":"e2","ts":1767186000000,"cat":"food","amt":1e+21,"day":"2026-1-1","io":"xfer"},{"id":"e3","ts":1766408400000,"cat":"food","amt":1e+21,"day":"2025-12-23","io":"xfer"},{"id":"e4","ts":1767096000000,"cat":"food","amt":0.1,"day":"2025-12-30","io":"exp"},{"id":"e5","ts":1767189600000,"cat":"food","amt":1e+21,"day":"2026-1-1"},{"id":"e6","ts":1766408400000,"cat":"food","amt":1e-7,"day":"2025-12-23","io":"inc"}]|1767186000000,2026-1-1
flat	[{"id":"e0","ts":1767186000000,"cat":"food","amt":1,"day":"2026-1-1"},{"id":"e1","ts":1766404800000,"cat":"food","amt":1e-7,"day":"2025-12-22","io":"xfer"},{"id":"e2","ts":1767186000000,"cat":"food","amt":1e+21,"day":"2026-1-1","io":"xfer"},{"id":"e3","ts":1766408400000,"cat":"food","amt":1e+21,"day":"2025-12-23","io":"xfer"},{"id":"e4","ts":1767096000000,"cat":"food","amt":0.1,"day":"2025-12-30","io":"exp"},{"id":"e5","ts":1767189600000,"cat":"food","amt":1e+21,"day":"2026-1-1"},{"id":"e6","ts":1766408400000,"cat":"food","amt":1e-7,"day":"2025-12-23","io":"inc"}]|1767186000000,2026-1-1,0
group	[{"id":"e0","ts":1787695200000,"cat":"food","amt":1,"day":"2026-8-26","io":"xfer"},{"id":"e1","ts":1787608800000,"cat":"food","amt":12345.678,"day":"2026-8-25","io":"xfer"}]|1787781600000,2026-8-27
flat	[{"id":"e0","ts":1787695200000,"cat":"food","amt":1,"day":"2026-8-26","io":"xfer"},{"id":"e1","ts":1787608800000,"cat":"food","amt":12345.678,"day":"2026-8-25","io":"xfer"}]|1787781600000,2026-8-27,0
group	[{"id":"e0","ts":1790938800000,"cat":"food","amt":1e+21,"day":"2026-10-2","io":"xfer"},{"id":"e1","ts":1790337600000,"cat":"food","amt":-3.25,"day":"2026-9-25","io":"inc"},{"id":"e2","ts":1791115200000,"cat":"food","amt":1,"day":"2026-10-4","io":"xfer"},{"id":"e3","ts":1790341200000,"cat":"food","amt":0,"day":"2026-9-25","io":"exp"},{"id":"e4","ts":1791032400000,"cat":"food","amt":0.2,"day":"2026-10-3","io":"exp"},{"id":"e5","ts":1791025200000,"cat":"food","amt":0.2,"day":"2026-10-3"}]|1791115200000,2026-10-4
flat	[{"id":"e0","ts":1790938800000,"cat":"food","amt":1e+21,"day":"2026-10-2","io":"xfer"},{"id":"e1","ts":1790337600000,"cat":"food","amt":-3.25,"day":"2026-9-25","io":"inc"},{"id":"e2","ts":1791115200000,"cat":"food","amt":1,"day":"2026-10-4","io":"xfer"},{"id":"e3","ts":1790341200000,"cat":"food","amt":0,"day":"2026-9-25","io":"exp"},{"id":"e4","ts":1791032400000,"cat":"food","amt":0.2,"day":"2026-10-3","io":"exp"},{"id":"e5","ts":1791025200000,"cat":"food","amt":0.2,"day":"2026-10-3"}]|1791115200000,2026-10-4,4
group	[{"id":"e0","ts":1791205200000,"cat":"food","amt":0,"day":"2026-10-6","io":"xfer"},{"id":"e1","ts":1791205200000,"cat":"food","amt":1,"day":"2026-10-6","io":"inc"},{"id":"e2","ts":1790337600000,"cat":"food","amt":0,"day":"2026-9-25","io":"xfer"},{"id":"e3","ts":1791547200000,"cat":"food","amt":12345.678,"day":"2026-10-9","io":"exp"},{"id":"e4","ts":1791115200000,"cat":"food","amt":0,"day":"2026-10-4"},{"id":"e5","ts":1791198000000,"cat":"food","amt":10.5,"day":"2026-10-5","io":"inc"}]|1791115200000,2026-10-4
flat	[{"id":"e0","ts":1791205200000,"cat":"food","amt":0,"day":"2026-10-6","io":"xfer"},{"id":"e1","ts":1791205200000,"cat":"food","amt":1,"day":"2026-10-6","io":"inc"},{"id":"e2","ts":1790337600000,"cat":"food","amt":0,"day":"2026-9-25","io":"xfer"},{"id":"e3","ts":1791547200000,"cat":"food","amt":12345.678,"day":"2026-10-9","io":"exp"},{"id":"e4","ts":1791115200000,"cat":"food","amt":0,"day":"2026-10-4"},{"id":"e5","ts":1791198000000,"cat":"food","amt":10.5,"day":"2026-10-5","io":"inc"}]|1791115200000,2026-10-4,1
group	[{"id":"e0","ts":1767398400000,"cat":"food","amt":-3.25,"day":"2026-1-3"}]|1767229200000,2026-1-1
flat	[{"id":"e0","ts":1767398400000,"cat":"food","amt":-3.25,"day":"2026-1-3"}]|1767229200000,2026-1-1,1
group	[{"id":"e0","ts":1775649600000,"cat":"food","amt":12345.678,"day":"2026-4-8","io":"xfer"}]|1775476800000,2026-4-6
flat	[{"id":"e0","ts":1775649600000,"cat":"food","amt":12345.678,"day":"2026-4-8","io":"xfer"}]|1775476800000,2026-4-6,3
group	[{"id":"e0","ts":1766412000000,"cat":"food","amt":12345.678,"day":"2025-12-23","io":"exp"},{"id":"e1","ts":1767276000000,"cat":"food","amt":-3.25,"day":"2026-1-2","io":"exp"},{"id":"e2","ts":1767186000000,"cat":"food","amt":0,"day":"2026-1-1","io":"xfer"},{"id":"e3","ts":1767268800000,"cat":"food","amt":10.5,"day":"2026-1-1","io":"exp"},{"id":"e4","ts":1767009600000,"cat":"food","amt":0,"day":"2025-12-29","io":"xfer"}]|1767186000000,2026-1-1
flat	[{"id":"e0","ts":1766412000000,"cat":"food","amt":12345.678,"day":"2025-12-23","io":"exp"},{"id":"e1","ts":1767276000000,"cat":"food","amt":-3.25,"day":"2026-1-2","io":"exp"},{"id":"e2","ts":1767186000000,"cat":"food","amt":0,"day":"2026-1-1","io":"xfer"},{"id":"e3","ts":1767268800000,"cat":"food","amt":10.5,"day":"2026-1-1","io":"exp"},{"id":"e4","ts":1767009600000,"cat":"food","amt":0,"day":"2025-12-29","io":"xfer"}]|1767186000000,2026-1-1,4
group	[{"id":"e0","ts":1775214000000,"cat":"food","amt":1e+21,"day":"2026-4-3","io":"xfer"}]|1775390400000,2026-4-5
flat	[{"id":"e0","ts":1775214000000,"cat":"food","amt":1e+21,"day":"2026-4-3","io":"xfer"}]|1775390400000,2026-4-5,0
group	[{"id":"e0","ts":1775217600000,"cat":"food","amt":1e+21,"day":"2026-4-3","io":"inc"},{"id":"e1","ts":1775473200000,"cat":"food","amt":-3.25,"day":"2026-4-6"},{"id":"e2","ts":1775473200000,"cat":"food","amt":0,"day":"2026-4-6"},{"id":"e3","ts":1775390400000,"cat":"food","amt":0.1,"day":"2026-4-5"},{"id":"e4","ts":1774526400000,"cat":"food","amt":0.2,"day":"2026-3-26","io":"xfer"},{"id":"e5","ts":1775304000000,"cat":"food","amt":-3.25,"day":"2026-4-4","io":"xfer"}]|1775304000000,2026-4-4
flat	[{"id":"e0","ts":1775217600000,"cat":"food","amt":1e+21,"day":"2026-4-3","io":"inc"},{"id":"e1","ts":1775473200000,"cat":"food","amt":-3.25,"day":"2026-4-6"},{"id":"e2","ts":1775473200000,"cat":"food","amt":0,"day":"2026-4-6"},{"id":"e3","ts":1775390400000,"cat":"food","amt":0.1,"day":"2026-4-5"},{"id":"e4","ts":1774526400000,"cat":"food","amt":0.2,"day":"2026-3-26","io":"xfer"},{"id":"e5","ts":1775304000000,"cat":"food","amt":-3.25,"day":"2026-4-4","io":"xfer"}]|1775304000000,2026-4-4,3
group	[{"id":"e0","ts":1791288000000,"cat":"food","amt":1e+21,"day":"2026-10-6","io":"exp"},{"id":"e1","ts":1791118800000,"cat":"food","amt":-3.25,"day":"2026-10-5","io":"exp"}]|1791115200000,2026-10-4
flat	[{"id":"e0","ts":1791288000000,"cat":"food","amt":1e+21,"day":"2026-10-6","io":"exp"},{"id":"e1","ts":1791118800000,"cat":"food","amt":-3.25,"day":"2026-10-5","io":"exp"}]|1791115200000,2026-10-4,2
group	[{"id":"e0","ts":1787695200000,"cat":"food","amt":0,"day":"2026-8-26","io":"xfer"},{"id":"e1","ts":1787868000000,"cat":"food","amt":1e+21,"day":"2026-8-28","io":"xfer"},{"id":"e2","ts":1788213600000,"cat":"food","amt":1e+21,"day":"2026-9-1","io":"exp"},{"id":"e3","ts":1788213600000,"cat":"food","amt":1e+21,"day":"2026-9-1"}]|1787781600000,2026-8-27
flat	[{"id":"e0","ts":1787695200000,"cat":"food","amt":0,"day":"2026-8-26","io":"xfer"},{"id":"e1","ts":1787868000000,"cat":"food","amt":1e+21,"day":"2026-8-28","io":"xfer"},{"id":"e2","ts":1788213600000,"cat":"food","amt":1e+21,"day":"2026-9-1","io":"exp"},{"id":"e3","ts":1788213600000,"cat":"food","amt":1e+21,"day":"2026-9-1"}]|1787781600000,2026-8-27,1
group	[{"id":"e0","ts":1791028800000,"cat":"food","amt":10.5,"day":"2026-10-3","io":"exp"},{"id":"e1","ts":1791637200000,"cat":"food","amt":10.5,"day":"2026-10-11","io":"exp"},{"id":"e2","ts":1791025200000,"cat":"food","amt":1e-7,"day":"2026-10-3","io":"inc"},{"id":"e3","ts":1791118800000,"cat":"food","amt":0,"day":"2026-10-5","io":"xfer"},{"id":"e4","ts":1791201600000,"cat":"food","amt":10.5,"day":"2026-10-5","io":"inc"}]|1791201600000,2026-10-5
flat	[{"id":"e0","ts":1791028800000,"cat":"food","amt":10.5,"day":"2026-10-3","io":"exp"},{"id":"e1","ts":1791637200000,"cat":"food","amt":10.5,"day":"2026-10-11","io":"exp"},{"id":"e2","ts":1791025200000,"cat":"food","amt":1e-7,"day":"2026-10-3","io":"inc"},{"id":"e3","ts":1791118800000,"cat":"food","amt":0,"day":"2026-10-5","io":"xfer"},{"id":"e4","ts":1791201600000,"cat":"food","amt":10.5,"day":"2026-10-5","io":"inc"}]|1791201600000,2026-10-5,4
group	[{"id":"e0","ts":1790251200000,"cat":"food","amt":1e+21,"day":"2026-9-24","io":"exp"}]|1791028800000,2026-10-3
flat	[{"id":"e0","ts":1790251200000,"cat":"food","amt":1e+21,"day":"2026-9-24","io":"exp"}]|1791028800000,2026-10-3,4
group	[]|1775476800000,2026-4-6
flat	[]|1775476800000,2026-4-6,1
group	[{"id":"e0","ts":1775217600000,"cat":"food","amt":1e+21,"day":"2026-4-3","io":"inc"},{"id":"e1","ts":1775739600000,"cat":"food","amt":0,"day":"2026-4-9","io":"exp"}]|1775304000000,2026-4-4
flat	[{"id":"e0","ts":1775217600000,"cat":"food","amt":1e+21,"day":"2026-4-3","io":"inc"},{"id":"e1","ts":1775739600000,"cat":"food","amt":0,"day":"2026-4-9","io":"exp"}]|1775304000000,2026-4-4,1
group	[{"id":"e0","ts":1791028800000,"cat":"food","amt":1,"day":"2026-10-3","io":"exp"},{"id":"e1","ts":1791460800000,"cat":"food","amt":10.5,"day":"2026-10-8","io":"xfer"},{"id":"e2","ts":1790942400000,"cat":"food","amt":0,"day":"2026-10-2","io":"xfer"},{"id":"e3","ts":1790856000000,"cat":"food","amt":0,"day":"2026-10-1","io":"xfer"},{"id":"e4","ts":1790856000000,"cat":"food","amt":-3.25,"day":"2026-10-1"},{"id":"e5","ts":1791460800000,"cat":"food","amt":0.1,"day":"2026-10-8"},{"id":"e6","ts":1791460800000,"cat":"food","amt":0.1,"day":"2026-10-8","io":"inc"}]|1791028800000,2026-10-3
flat	[{"id":"e0","ts":1791028800000,"cat":"food","amt":1,"day":"2026-10-3","io":"exp"},{"id":"e1","ts":1791460800000,"cat":"food","amt":10.5,"day":"2026-10-8","io":"xfer"},{"id":"e2","ts":1790942400000,"cat":"food","amt":0,"day":"2026-10-2","io":"xfer"},{"id":"e3","ts":1790856000000,"cat":"food","amt":0,"day":"2026-10-1","io":"xfer"},{"id":"e4","ts":1790856000000,"cat":"food","amt":-3.25,"day":"2026-10-1"},{"id":"e5","ts":1791460800000,"cat":"food","amt":0.1,"day":"2026-10-8"},{"id":"e6","ts":1791460800000,"cat":"food","amt":0.1,"day":"2026-10-8","io":"inc"}]|1791028800000,2026-10-3,1
group	[{"id":"e0","ts":1775473200000,"cat":"food","amt":0.2,"day":"2026-4-6","io":"exp"},{"id":"e1","ts":1775646000000,"cat":"food","amt":1e+21,"day":"2026-4-8"},{"id":"e2","ts":1775480400000,"cat":"food","amt":1e-7,"day":"2026-4-6","io":"inc"},{"id":"e3","ts":1774699200000,"cat":"food","amt":0.1,"day":"2026-3-28","io":"inc"},{"id":"e4","ts":1775300400000,"cat":"food","amt":1e-7,"day":"2026-4-4","io":"exp"},{"id":"e5","ts":1775563200000,"cat":"food","amt":1,"day":"2026-4-7"},{"id":"e6","ts":1774699200000,"cat":"food","amt":1,"day":"2026-3-28","io":"inc"}]|1775476800000,2026-4-6
flat	[{"id":"e0","ts":1775473200000,"cat":"food","amt":0.2,"day":"2026-4-6","io":"exp"},{"id":"e1","ts":1775646000000,"cat":"food","amt":1e+21,"day":"2026-4-8"},{"id":"e2","ts":1775480400000,"cat":"food","amt":1e-7,"day":"2026-4-6","io":"inc"},{"id":"e3","ts":1774699200000,"cat":"food","amt":0.1,"day":"2026-3-28","io":"inc"},{"id":"e4","ts":1775300400000,"cat":"food","amt":1e-7,"day":"2026-4-4","io":"exp"},{"id":"e5","ts":1775563200000,"cat":"food","amt":1,"day":"2026-4-7"},{"id":"e6","ts":1774699200000,"cat":"food","amt":1,"day":"2026-3-28","io":"inc"}]|1775476800000,2026-4-6,2
group	[{"id":"e0","ts":1775559600000,"cat":"food","amt":1,"day":"2026-4-7","io":"inc"},{"id":"e1","ts":1775214000000,"cat":"food","amt":0.2,"day":"2026-4-3","io":"inc"},{"id":"e2","ts":1775390400000,"cat":"food","amt":0,"day":"2026-4-5","io":"exp"},{"id":"e3","ts":1775476800000,"cat":"food","amt":0.1,"day":"2026-4-6","io":"inc"},{"id":"e4","ts":1775563200000,"cat":"food","amt":12345.678,"day":"2026-4-7","io":"inc"},{"id":"e5","ts":1775566800000,"cat":"food","amt":0,"day":"2026-4-7"},{"id":"e6","ts":1775394000000,"cat":"food","amt":0,"day":"2026-4-5","io":"exp"}]|1775390400000,2026-4-5
flat	[{"id":"e0","ts":1775559600000,"cat":"food","amt":1,"day":"2026-4-7","io":"inc"},{"id":"e1","ts":1775214000000,"cat":"food","amt":0.2,"day":"2026-4-3","io":"inc"},{"id":"e2","ts":1775390400000,"cat":"food","amt":0,"day":"2026-4-5","io":"exp"},{"id":"e3","ts":1775476800000,"cat":"food","amt":0.1,"day":"2026-4-6","io":"inc"},{"id":"e4","ts":1775563200000,"cat":"food","amt":12345.678,"day":"2026-4-7","io":"inc"},{"id":"e5","ts":1775566800000,"cat":"food","amt":0,"day":"2026-4-7"},{"id":"e6","ts":1775394000000,"cat":"food","amt":0,"day":"2026-4-5","io":"exp"}]|1775390400000,2026-4-5,1
group	[{"id":"e0","ts":1775476800000,"cat":"food","amt":1e+21,"day":"2026-4-6","io":"xfer"},{"id":"e1","ts":1775214000000,"cat":"food","amt":12345.678,"day":"2026-4-3","io":"exp"}]|1775304000000,2026-4-4
flat	[{"id":"e0","ts":1775476800000,"cat":"food","amt":1e+21,"day":"2026-4-6","io":"xfer"},{"id":"e1","ts":1775214000000,"cat":"food","amt":12345.678,"day":"2026-4-3","io":"exp"}]|1775304000000,2026-4-4,1
group	[{"id":"e0","ts":1767229200000,"cat":"food","amt":0,"day":"2026-1-1","io":"inc"},{"id":"e1","ts":1767060000000,"cat":"food","amt":0.2,"day":"2025-12-30"}]|1767229200000,2026-1-1
flat	[{"id":"e0","ts":1767229200000,"cat":"food","amt":0,"day":"2026-1-1","io":"inc"},{"id":"e1","ts":1767060000000,"cat":"food","amt":0.2,"day":"2025-12-30"}]|1767229200000,2026-1-1,4
group	[]|1791028800000,2026-10-3
flat	[]|1791028800000,2026-10-3,3
group	[]|1767186000000,2026-1-1
flat	[]|1767186000000,2026-1-1,2
group	[{"id":"e0","ts":1791115200000,"cat":"food","amt":12345.678,"day":"2026-10-4","io":"exp"},{"id":"e1","ts":1791115200000,"cat":"food","amt":0.2,"day":"2026-10-4","io":"xfer"},{"id":"e2","ts":1791205200000,"cat":"food","amt":1e+21,"day":"2026-10-6","io":"inc"},{"id":"e3","ts":1790337600000,"cat":"food","amt":0,"day":"2026-9-25","io":"inc"}]|1791115200000,2026-10-4
flat	[{"id":"e0","ts":1791115200000,"cat":"food","amt":12345.678,"day":"2026-10-4","io":"exp"},{"id":"e1","ts":1791115200000,"cat":"food","amt":0.2,"day":"2026-10-4","io":"xfer"},{"id":"e2","ts":1791205200000,"cat":"food","amt":1e+21,"day":"2026-10-6","io":"inc"},{"id":"e3","ts":1790337600000,"cat":"food","amt":0,"day":"2026-9-25","io":"inc"}]|1791115200000,2026-10-4,1
group	[{"id":"e0","ts":1787698800000,"cat":"food","amt":1e+21,"day":"2026-8-26","io":"exp"},{"id":"e1","ts":1787698800000,"cat":"food","amt":1,"day":"2026-8-26"},{"id":"e2","ts":1787778000000,"cat":"food","amt":10.5,"day":"2026-8-27"},{"id":"e3","ts":1787781600000,"cat":"food","amt":0,"day":"2026-8-27"},{"id":"e4","ts":1788213600000,"cat":"food","amt":0.2,"day":"2026-9-1","io":"inc"}]|1787781600000,2026-8-27
flat	[{"id":"e0","ts":1787698800000,"cat":"food","amt":1e+21,"day":"2026-8-26","io":"exp"},{"id":"e1","ts":1787698800000,"cat":"food","amt":1,"day":"2026-8-26"},{"id":"e2","ts":1787778000000,"cat":"food","amt":10.5,"day":"2026-8-27"},{"id":"e3","ts":1787781600000,"cat":"food","amt":0,"day":"2026-8-27"},{"id":"e4","ts":1788213600000,"cat":"food","amt":0.2,"day":"2026-9-1","io":"inc"}]|1787781600000,2026-8-27,1
group	[{"id":"e0","ts":1791550800000,"cat":"food","amt":0.2,"day":"2026-10-10"}]|1791115200000,2026-10-4
flat	[{"id":"e0","ts":1791550800000,"cat":"food","amt":0.2,"day":"2026-10-10"}]|1791115200000,2026-10-4,1
group	[{"id":"e0","ts":1775566800000,"cat":"food","amt":0.2,"day":"2026-4-7"},{"id":"e1","ts":1775390400000,"cat":"food","amt":1e+21,"day":"2026-4-5","io":"xfer"},{"id":"e2","ts":1774609200000,"cat":"food","amt":0,"day":"2026-3-27"},{"id":"e3","ts":1774609200000,"cat":"food","amt":1e-7,"day":"2026-3-27","io":"inc"},{"id":"e4","ts":1775394000000,"cat":"food","amt":0.1,"day":"2026-4-5","io":"inc"}]|1775390400000,2026-4-5
flat	[{"id":"e0","ts":1775566800000,"cat":"food","amt":0.2,"day":"2026-4-7"},{"id":"e1","ts":1775390400000,"cat":"food","amt":1e+21,"day":"2026-4-5","io":"xfer"},{"id":"e2","ts":1774609200000,"cat":"food","amt":0,"day":"2026-3-27"},{"id":"e3","ts":1774609200000,"cat":"food","amt":1e-7,"day":"2026-3-27","io":"inc"},{"id":"e4","ts":1775394000000,"cat":"food","amt":0.1,"day":"2026-4-5","io":"inc"}]|1775390400000,2026-4-5,3
group	[{"id":"e0","ts":1791201600000,"cat":"food","amt":0,"day":"2026-10-5","io":"xfer"},{"id":"e1","ts":1791118800000,"cat":"food","amt":1,"day":"2026-10-5","io":"exp"},{"id":"e2","ts":1791205200000,"cat":"food","amt":0,"day":"2026-10-6","io":"exp"},{"id":"e3","ts":1791032400000,"cat":"food","amt":0,"day":"2026-10-3","io":"inc"},{"id":"e4","ts":1791288000000,"cat":"food","amt":1,"day":"2026-10-6"},{"id":"e5","ts":1791201600000,"cat":"food","amt":1e+21,"day":"2026-10-5","io":"inc"},{"id":"e6","ts":1790424000000,"cat":"food","amt":0.1,"day":"2026-9-26","io":"exp"}]|1791201600000,2026-10-5
flat	[{"id":"e0","ts":1791201600000,"cat":"food","amt":0,"day":"2026-10-5","io":"xfer"},{"id":"e1","ts":1791118800000,"cat":"food","amt":1,"day":"2026-10-5","io":"exp"},{"id":"e2","ts":1791205200000,"cat":"food","amt":0,"day":"2026-10-6","io":"exp"},{"id":"e3","ts":1791032400000,"cat":"food","amt":0,"day":"2026-10-3","io":"inc"},{"id":"e4","ts":1791288000000,"cat":"food","amt":1,"day":"2026-10-6"},{"id":"e5","ts":1791201600000,"cat":"food","amt":1e+21,"day":"2026-10-5","io":"inc"},{"id":"e6","ts":1790424000000,"cat":"food","amt":0.1,"day":"2026-9-26","io":"exp"}]|1791201600000,2026-10-5,1
group	[{"id":"e0","ts":1787623200000,"cat":"food","amt":1e+21,"day":"2026-8-25"},{"id":"e1","ts":1787716800000,"cat":"food","amt":0.1,"day":"2026-8-26","io":"inc"},{"id":"e2","ts":1787889600000,"cat":"food","amt":1e+21,"day":"2026-8-28","io":"xfer"},{"id":"e3","ts":1787544000000,"cat":"food","amt":0,"day":"2026-8-24"},{"id":"e4","ts":1787626800000,"cat":"food","amt":1e-7,"day":"2026-8-25","io":"xfer"},{"id":"e5","ts":1788141600000,"cat":"food","amt":1e-7,"day":"2026-8-31","io":"inc"},{"id":"e6","ts":1787544000000,"cat":"food","amt":0.1,"day":"2026-8-24"}]|1787713200000,2026-8-26
flat	[{"id":"e0","ts":1787623200000,"cat":"food","amt":1e+21,"day":"2026-8-25"},{"id":"e1","ts":1787716800000,"cat":"food","amt":0.1,"day":"2026-8-26","io":"inc"},{"id":"e2","ts":1787889600000,"cat":"food","amt":1e+21,"day":"2026-8-28","io":"xfer"},{"id":"e3","ts":1787544000000,"cat":"food","amt":0,"day":"2026-8-24"},{"id":"e4","ts":1787626800000,"cat":"food","amt":1e-7,"day":"2026-8-25","io":"xfer"},{"id":"e5","ts":1788141600000,"cat":"food","amt":1e-7,"day":"2026-8-31","io":"inc"},{"id":"e6","ts":1787544000000,"cat":"food","amt":0.1,"day":"2026-8-24"}]|1787713200000,2026-8-26,4
group	[{"id":"e0","ts":1767362400000,"cat":"food","amt":1e-7,"day":"2026-1-3","io":"xfer"},{"id":"e1","ts":1767096000000,"cat":"food","amt":1e-7,"day":"2025-12-30","io":"xfer"},{"id":"e2","ts":1767355200000,"cat":"food","amt":0.1,"day":"2026-1-2","io":"inc"}]|1767186000000,2026-1-1
flat	[{"id":"e0","ts":1767362400000,"cat":"food","amt":1e-7,"day":"2026-1-3","io":"xfer"},{"id":"e1","ts":1767096000000,"cat":"food","amt":1e-7,"day":"2025-12-30","io":"xfer"},{"id":"e2","ts":1767355200000,"cat":"food","amt":0.1,"day":"2026-1-2","io":"inc"}]|1767186000000,2026-1-1,4
group	[]|1775476800000,2026-4-6
flat	[]|1775476800000,2026-4-6,1
group	[{"id":"e0","ts":1775217600000,"cat":"food","amt":-3.25,"day":"2026-4-3","io":"inc"}]|1775304000000,2026-4-4
flat	[{"id":"e0","ts":1775217600000,"cat":"food","amt":-3.25,"day":"2026-4-3","io":"inc"}]|1775304000000,2026-4-4,3
group	[{"id":"e0","ts":1767315600000,"cat":"food","amt":12345.678,"day":"2026-1-2","io":"inc"}]|1767229200000,2026-1-1
flat	[{"id":"e0","ts":1767315600000,"cat":"food","amt":12345.678,"day":"2026-1-2","io":"inc"}]|1767229200000,2026-1-1,1
group	[{"id":"e0","ts":1790424000000,"cat":"food","amt":0.2,"day":"2026-9-26","io":"inc"}]|1791201600000,2026-10-5
flat	[{"id":"e0","ts":1790424000000,"cat":"food","amt":0.2,"day":"2026-9-26","io":"inc"}]|1791201600000,2026-10-5,0
group	[{"id":"e0","ts":1788213600000,"cat":"food","amt":-3.25,"day":"2026-9-1"},{"id":"e1","ts":1788210000000,"cat":"food","amt":12345.678,"day":"2026-9-1","io":"inc"},{"id":"e2","ts":1787004000000,"cat":"food","amt":1e+21,"day":"2026-8-18","io":"exp"},{"id":"e3","ts":1787605200000,"cat":"food","amt":-3.25,"day":"2026-8-25","io":"xfer"},{"id":"e4","ts":1787605200000,"cat":"food","amt":0,"day":"2026-8-25"},{"id":"e5","ts":1787958000000,"cat":"food","amt":0.1,"day":"2026-8-29","io":"xfer"},{"id":"e6","ts":1787781600000,"cat":"food","amt":12345.678,"day":"2026-8-27","io":"inc"}]|1787781600000,2026-8-27
flat	[{"id":"e0","ts":1788213600000,"cat":"food","amt":-3.25,"day":"2026-9-1"},{"id":"e1","ts":1788210000000,"cat":"food","amt":12345.678,"day":"2026-9-1","io":"inc"},{"id":"e2","ts":1787004000000,"cat":"food","amt":1e+21,"day":"2026-8-18","io":"exp"},{"id":"e3","ts":1787605200000,"cat":"food","amt":-3.25,"day":"2026-8-25","io":"xfer"},{"id":"e4","ts":1787605200000,"cat":"food","amt":0,"day":"2026-8-25"},{"id":"e5","ts":1787958000000,"cat":"food","amt":0.1,"day":"2026-8-29","io":"xfer"},{"id":"e6","ts":1787781600000,"cat":"food","amt":12345.678,"day":"2026-8-27","io":"inc"}]|1787781600000,2026-8-27,0
group	[{"id":"e0","ts":1791457200000,"cat":"food","amt":12345.678,"day":"2026-10-8","io":"exp"},{"id":"e1","ts":1791460800000,"cat":"food","amt":0.2,"day":"2026-10-8","io":"inc"},{"id":"e2","ts":1791205200000,"cat":"food","amt":1e+21,"day":"2026-10-6","io":"exp"},{"id":"e3","ts":1791457200000,"cat":"food","amt":1,"day":"2026-10-8","io":"inc"}]|1791028800000,2026-10-3
flat	[{"id":"e0","ts":1791457200000,"cat":"food","amt":12345.678,"day":"2026-10-8","io":"exp"},{"id":"e1","ts":1791460800000,"cat":"food","amt":0.2,"day":"2026-10-8","io":"inc"},{"id":"e2","ts":1791205200000,"cat":"food","amt":1e+21,"day":"2026-10-6","io":"exp"},{"id":"e3","ts":1791457200000,"cat":"food","amt":1,"day":"2026-10-8","io":"inc"}]|1791028800000,2026-10-3,0
group	[{"id":"e0","ts":1775214000000,"cat":"food","amt":0,"day":"2026-4-3","io":"exp"},{"id":"e1","ts":1774612800000,"cat":"food","amt":1e-7,"day":"2026-3-27"},{"id":"e2","ts":1775476800000,"cat":"food","amt":1e+21,"day":"2026-4-6","io":"xfer"},{"id":"e3","ts":1775214000000,"cat":"food","amt":1,"day":"2026-4-3","io":"exp"},{"id":"e4","ts":1774616400000,"cat":"food","amt":0,"day":"2026-3-28","io":"inc"},{"id":"e5","ts":1775394000000,"cat":"food","amt":10.5,"day":"2026-4-5","io":"xfer"}]|1775390400000,2026-4-5
flat	[{"id":"e0","ts":1775214000000,"cat":"food","amt":0,"day":"2026-4-3","io":"exp"},{"id":"e1","ts":1774612800000,"cat":"food","amt":1e-7,"day":"2026-3-27"},{"id":"e2","ts":1775476800000,"cat":"food","amt":1e+21,"day":"2026-4-6","io":"xfer"},{"id":"e3","ts":1775214000000,"cat":"food","amt":1,"day":"2026-4-3","io":"exp"},{"id":"e4","ts":1774616400000,"cat":"food","amt":0,"day":"2026-3-28","io":"inc"},{"id":"e5","ts":1775394000000,"cat":"food","amt":10.5,"day":"2026-4-5","io":"xfer"}]|1775390400000,2026-4-5,4
group	[{"id":"e0","ts":1775390400000,"cat":"food","amt":0,"day":"2026-4-5","io":"exp"},{"id":"e1","ts":1775390400000,"cat":"food","amt":0,"day":"2026-4-5","io":"exp"},{"id":"e2","ts":1774699200000,"cat":"food","amt":1,"day":"2026-3-28","io":"inc"},{"id":"e3","ts":1774699200000,"cat":"food","amt":1,"day":"2026-3-28"},{"id":"e4","ts":1775386800000,"cat":"food","amt":10.5,"day":"2026-4-5","io":"exp"},{"id":"e5","ts":1775653200000,"cat":"food","amt":1e-7,"day":"2026-4-8","io":"exp"},{"id":"e6","ts":1775300400000,"cat":"food","amt":0.1,"day":"2026-4-4","io":"inc"}]|1775476800000,2026-4-6
flat	[{"id":"e0","ts":1775390400000,"cat":"food","amt":0,"day":"2026-4-5","io":"exp"},{"id":"e1","ts":1775390400000,"cat":"food","amt":0,"day":"2026-4-5","io":"exp"},{"id":"e2","ts":1774699200000,"cat":"food","amt":1,"day":"2026-3-28","io":"inc"},{"id":"e3","ts":1774699200000,"cat":"food","amt":1,"day":"2026-3-28"},{"id":"e4","ts":1775386800000,"cat":"food","amt":10.5,"day":"2026-4-5","io":"exp"},{"id":"e5","ts":1775653200000,"cat":"food","amt":1e-7,"day":"2026-4-8","io":"exp"},{"id":"e6","ts":1775300400000,"cat":"food","amt":0.1,"day":"2026-4-4","io":"inc"}]|1775476800000,2026-4-6,0
group	[{"id":"e0","ts":1775818800000,"cat":"food","amt":1,"day":"2026-4-10","io":"inc"},{"id":"e1","ts":1775386800000,"cat":"food","amt":0,"day":"2026-4-5","io":"xfer"},{"id":"e2","ts":1775390400000,"cat":"food","amt":0.1,"day":"2026-4-5"},{"id":"e3","ts":1775476800000,"cat":"food","amt":1e-7,"day":"2026-4-6","io":"inc"},{"id":"e4","ts":1775390400000,"cat":"food","amt":10.5,"day":"2026-4-5","io":"exp"}]|1775390400000,2026-4-5
flat	[{"id":"e0","ts":1775818800000,"cat":"food","amt":1,"day":"2026-4-10","io":"inc"},{"id":"e1","ts":1775386800000,"cat":"food","amt":0,"day":"2026-4-5","io":"xfer"},{"id":"e2","ts":1775390400000,"cat":"food","amt":0.1,"day":"2026-4-5"},{"id":"e3","ts":1775476800000,"cat":"food","amt":1e-7,"day":"2026-4-6","io":"inc"},{"id":"e4","ts":1775390400000,"cat":"food","amt":10.5,"day":"2026-4-5","io":"exp"}]|1775390400000,2026-4-5,3
group	[]|1775304000000,2026-4-4
flat	[]|1775304000000,2026-4-4,0
group	[{"id":"e0","ts":1767096000000,"cat":"food","amt":0,"day":"2025-12-30","io":"exp"},{"id":"e1","ts":1767186000000,"cat":"food","amt":1,"day":"2026-1-1","io":"xfer"},{"id":"e2","ts":1767186000000,"cat":"food","amt":0.1,"day":"2026-1-1","io":"inc"},{"id":"e3","ts":1767186000000,"cat":"food","amt":1,"day":"2026-1-1","io":"inc"}]|1767186000000,2026-1-1
flat	[{"id":"e0","ts":1767096000000,"cat":"food","amt":0,"day":"2025-12-30","io":"exp"},{"id":"e1","ts":1767186000000,"cat":"food","amt":1,"day":"2026-1-1","io":"xfer"},{"id":"e2","ts":1767186000000,"cat":"food","amt":0.1,"day":"2026-1-1","io":"inc"},{"id":"e3","ts":1767186000000,"cat":"food","amt":1,"day":"2026-1-1","io":"inc"}]|1767186000000,2026-1-1,1
group	[{"id":"e0","ts":1787709600000,"cat":"food","amt":12345.678,"day":"2026-8-26"},{"id":"e1","ts":1787796000000,"cat":"food","amt":1e-7,"day":"2026-8-27"},{"id":"e2","ts":1786935600000,"cat":"food","amt":0,"day":"2026-8-17","io":"xfer"},{"id":"e3","ts":1788148800000,"cat":"food","amt":10.5,"day":"2026-8-31","io":"xfer"},{"id":"e4","ts":1787713200000,"cat":"food","amt":-3.25,"day":"2026-8-26","io":"exp"},{"id":"e5","ts":1787882400000,"cat":"food","amt":0,"day":"2026-8-28","io":"xfer"},{"id":"e6","ts":1787886000000,"cat":"food","amt":0.2,"day":"2026-8-28","io":"xfer"}]|1787713200000,2026-8-26
flat	[{"id":"e0","ts":1787709600000,"cat":"food","amt":12345.678,"day":"2026-8-26"},{"id":"e1","ts":1787796000000,"cat":"food","amt":1e-7,"day":"2026-8-27"},{"id":"e2","ts":1786935600000,"cat":"food","amt":0,"day":"2026-8-17","io":"xfer"},{"id":"e3","ts":1788148800000,"cat":"food","amt":10.5,"day":"2026-8-31","io":"xfer"},{"id":"e4","ts":1787713200000,"cat":"food","amt":-3.25,"day":"2026-8-26","io":"exp"},{"id":"e5","ts":1787882400000,"cat":"food","amt":0,"day":"2026-8-28","io":"xfer"},{"id":"e6","ts":1787886000000,"cat":"food","amt":0.2,"day":"2026-8-28","io":"xfer"}]|1787713200000,2026-8-26,0
group	[{"id":"e0","ts":1775908800000,"cat":"food","amt":0,"day":"2026-4-11","io":"inc"},{"id":"e1","ts":1774702800000,"cat":"food","amt":0,"day":"2026-3-29","io":"xfer"}]|1775476800000,2026-4-6
flat	[{"id":"e0","ts":1775908800000,"cat":"food","amt":0,"day":"2026-4-11","io":"inc"},{"id":"e1","ts":1774702800000,"cat":"food","amt":0,"day":"2026-3-29","io":"xfer"}]|1775476800000,2026-4-6,3
group	[{"id":"e0","ts":1775304000000,"cat":"food","amt":0,"day":"2026-4-4","io":"xfer"},{"id":"e1","ts":1775473200000,"cat":"food","amt":0,"day":"2026-4-6"}]|1775476800000,2026-4-6
flat	[{"id":"e0","ts":1775304000000,"cat":"food","amt":0,"day":"2026-4-4","io":"xfer"},{"id":"e1","ts":1775473200000,"cat":"food","amt":0,"day":"2026-4-6"}]|1775476800000,2026-4-6,2
group	[]|1787781600000,2026-8-27
flat	[]|1787781600000,2026-8-27,4
group	[{"id":"e0","ts":1791111600000,"cat":"food","amt":1e-7,"day":"2026-10-4","io":"exp"},{"id":"e1","ts":1791025200000,"cat":"food","amt":1e-7,"day":"2026-10-3","io":"inc"},{"id":"e2","ts":1790254800000,"cat":"food","amt":1e-7,"day":"2026-9-24","io":"exp"},{"id":"e3","ts":1791111600000,"cat":"food","amt":0,"day":"2026-10-4"}]|1791028800000,2026-10-3
flat	[{"id":"e0","ts":1791111600000,"cat":"food","amt":1e-7,"day":"2026-10-4","io":"exp"},{"id":"e1","ts":1791025200000,"cat":"food","amt":1e-7,"day":"2026-10-3","io":"inc"},{"id":"e2","ts":1790254800000,"cat":"food","amt":1e-7,"day":"2026-9-24","io":"exp"},{"id":"e3","ts":1791111600000,"cat":"food","amt":0,"day":"2026-10-4"}]|1791028800000,2026-10-3,0
group	[{"id":"e0","ts":1787799600000,"cat":"food","amt":-3.25,"day":"2026-8-27"},{"id":"e1","ts":1788145200000,"cat":"food","amt":12345.678,"day":"2026-8-31","io":"exp"},{"id":"e2","ts":1787709600000,"cat":"food","amt":10.5,"day":"2026-8-26","io":"exp"},{"id":"e3","ts":1787623200000,"cat":"food","amt":1e-7,"day":"2026-8-25","io":"exp"},{"id":"e4","ts":1787716800000,"cat":"food","amt":0.2,"day":"2026-8-26","io":"exp"},{"id":"e5","ts":1787799600000,"cat":"food","amt":0,"day":"2026-8-27","io":"inc"},{"id":"e6","ts":1787536800000,"cat":"food","amt":10.5,"day":"2026-8-24","io":"inc"}]|1787713200000,2026-8-26
flat	[{"id":"e0","ts":1787799600000,"cat":"food","amt":-3.25,"day":"2026-8-27"},{"id":"e1","ts":1788145200000,"cat":"food","amt":12345.678,"day":"2026-8-31","io":"exp"},{"id":"e2","ts":1787709600000,"cat":"food","amt":10.5,"day":"2026-8-26","io":"exp"},{"id":"e3","ts":1787623200000,"cat":"food","amt":1e-7,"day":"2026-8-25","io":"exp"},{"id":"e4","ts":1787716800000,"cat":"food","amt":0.2,"day":"2026-8-26","io":"exp"},{"id":"e5","ts":1787799600000,"cat":"food","amt":0,"day":"2026-8-27","io":"inc"},{"id":"e6","ts":1787536800000,"cat":"food","amt":10.5,"day":"2026-8-24","io":"inc"}]|1787713200000,2026-8-26,2
group	[{"id":"e0","ts":1775476800000,"cat":"food","amt":1,"day":"2026-4-6"},{"id":"e1","ts":1774522800000,"cat":"food","amt":1e+21,"day":"2026-3-26","io":"xfer"},{"id":"e2","ts":1775736000000,"cat":"food","amt":1,"day":"2026-4-9","io":"inc"},{"id":"e3","ts":1775304000000,"cat":"food","amt":12345.678,"day":"2026-4-4","io":"inc"},{"id":"e4","ts":1774526400000,"cat":"food","amt":12345.678,"day":"2026-3-26","io":"inc"}]|1775304000000,2026-4-4
flat	[{"id":"e0","ts":1775476800000,"cat":"food","amt":1,"day":"2026-4-6"},{"id":"e1","ts":1774522800000,"cat":"food","amt":1e+21,"day":"2026-3-26","io":"xfer"},{"id":"e2","ts":1775736000000,"cat":"food","amt":1,"day":"2026-4-9","io":"inc"},{"id":"e3","ts":1775304000000,"cat":"food","amt":12345.678,"day":"2026-4-4","io":"inc"},{"id":"e4","ts":1774526400000,"cat":"food","amt":12345.678,"day":"2026-3-26","io":"inc"}]|1775304000000,2026-4-4,0
group	[{"id":"e0","ts":1787000400000,"cat":"food","amt":0,"day":"2026-8-18","io":"xfer"},{"id":"e1","ts":1787608800000,"cat":"food","amt":1e+21,"day":"2026-8-25"},{"id":"e2","ts":1787781600000,"cat":"food","amt":12345.678,"day":"2026-8-27","io":"inc"},{"id":"e3","ts":1787695200000,"cat":"food","amt":-3.25,"day":"2026-8-26"},{"id":"e4","ts":1787781600000,"cat":"food","amt":-3.25,"day":"2026-8-27"},{"id":"e5","ts":1787871600000,"cat":"food","amt":1e-7,"day":"2026-8-28","io":"xfer"},{"id":"e6","ts":1787954400000,"cat":"food","amt":0,"day":"2026-8-29","io":"exp"}]|1787781600000,2026-8-27
flat	[{"id":"e0","ts":1787000400000,"cat":"food","amt":0,"day":"2026-8-18","io":"xfer"},{"id":"e1","ts":1787608800000,"cat":"food","amt":1e+21,"day":"2026-8-25"},{"id":"e2","ts":1787781600000,"cat":"food","amt":12345.678,"day":"2026-8-27","io":"inc"},{"id":"e3","ts":1787695200000,"cat":"food","amt":-3.25,"day":"2026-8-26"},{"id":"e4","ts":1787781600000,"cat":"food","amt":-3.25,"day":"2026-8-27"},{"id":"e5","ts":1787871600000,"cat":"food","amt":1e-7,"day":"2026-8-28","io":"xfer"},{"id":"e6","ts":1787954400000,"cat":"food","amt":0,"day":"2026-8-29","io":"exp"}]|1787781600000,2026-8-27,1
group	[{"id":"e0","ts":1767398400000,"cat":"food","amt":0,"day":"2026-1-3","io":"xfer"},{"id":"e1","ts":1767229200000,"cat":"food","amt":12345.678,"day":"2026-1-1","io":"xfer"},{"id":"e2","ts":1767060000000,"cat":"food","amt":-3.25,"day":"2025-12-30","io":"exp"},{"id":"e3","ts":1767229200000,"cat":"food","amt":0,"day":"2026-1-1","io":"inc"},{"id":"e4","ts":1767229200000,"cat":"food","amt":0.2,"day":"2026-1-1","io":"inc"},{"id":"e5","ts":1767405600000,"cat":"food","amt":1,"day":"2026-1-3","io":"xfer"},{"id":"e6","ts":1766451600000,"cat":"food","amt":1e-7,"day":"2025-12-23","io":"inc"}]|1767229200000,2026-1-1
flat	[{"id":"e0","ts":1767398400000,"cat":"food","amt":0,"day":"2026-1-3","io":"xfer"},{"id":"e1","ts":1767229200000,"cat":"food","amt":12345.678,"day":"2026-1-1","io":"xfer"},{"id":"e2","ts":1767060000000,"cat":"food","amt":-3.25,"day":"2025-12-30","io":"exp"},{"id":"e3","ts":1767229200000,"cat":"food","amt":0,"day":"2026-1-1","io":"inc"},{"id":"e4","ts":1767229200000,"cat":"food","amt":0.2,"day":"2026-1-1","io":"inc"},{"id":"e5","ts":1767405600000,"cat":"food","amt":1,"day":"2026-1-3","io":"xfer"},{"id":"e6","ts":1766451600000,"cat":"food","amt":1e-7,"day":"2025-12-23","io":"inc"}]|1767229200000,2026-1-1,4
group	[{"id":"e0","ts":1787778000000,"cat":"food","amt":1e+21,"day":"2026-8-27"},{"id":"e1","ts":1787864400000,"cat":"food","amt":0,"day":"2026-8-28"},{"id":"e2","ts":1788213600000,"cat":"food","amt":0.1,"day":"2026-9-1","io":"xfer"},{"id":"e3","ts":1787781600000,"cat":"food","amt":10.5,"day":"2026-8-27","io":"xfer"}]|1787781600000,2026-8-27
flat	[{"id":"e0","ts":1787778000000,"cat":"food","amt":1e+21,"day":"2026-8-27"},{"id":"e1","ts":1787864400000,"cat":"food","amt":0,"day":"2026-8-28"},{"id":"e2","ts":1788213600000,"cat":"food","amt":0.1,"day":"2026-9-1","io":"xfer"},{"id":"e3","ts":1787781600000,"cat":"food","amt":10.5,"day":"2026-8-27","io":"xfer"}]|1787781600000,2026-8-27,3
group	[{"id":"e0","ts":1775217600000,"cat":"food","amt":-3.25,"day":"2026-4-3","io":"inc"}]|1775304000000,2026-4-4
flat	[{"id":"e0","ts":1775217600000,"cat":"food","amt":-3.25,"day":"2026-4-3","io":"inc"}]|1775304000000,2026-4-4,3
group	[{"id":"e0","ts":1791028800000,"cat":"food","amt":0,"day":"2026-10-3"},{"id":"e1","ts":1791288000000,"cat":"food","amt":1e-7,"day":"2026-10-6","io":"exp"},{"id":"e2","ts":1791201600000,"cat":"food","amt":10.5,"day":"2026-10-5","io":"exp"},{"id":"e3","ts":1791118800000,"cat":"food","amt":1e-7,"day":"2026-10-5","io":"exp"},{"id":"e4","ts":1791115200000,"cat":"food","amt":-3.25,"day":"2026-10-4","io":"inc"}]|1791115200000,2026-10-4
flat	[{"id":"e0","ts":1791028800000,"cat":"food","amt":0,"day":"2026-10-3"},{"id":"e1","ts":1791288000000,"cat":"food","amt":1e-7,"day":"2026-10-6","io":"exp"},{"id":"e2","ts":1791201600000,"cat":"food","amt":10.5,"day":"2026-10-5","io":"exp"},{"id":"e3","ts":1791118800000,"cat":"food","amt":1e-7,"day":"2026-10-5","io":"exp"},{"id":"e4","ts":1791115200000,"cat":"food","amt":-3.25,"day":"2026-10-4","io":"inc"}]|1791115200000,2026-10-4,1
group	[{"id":"e0","ts":1767229200000,"cat":"food","amt":10.5,"day":"2026-1-1","io":"inc"},{"id":"e1","ts":1766451600000,"cat":"food","amt":1e+21,"day":"2025-12-23","io":"inc"}]|1767229200000,2026-1-1
flat	[{"id":"e0","ts":1767229200000,"cat":"food","amt":10.5,"day":"2026-1-1","io":"inc"},{"id":"e1","ts":1766451600000,"cat":"food","amt":1e+21,"day":"2025-12-23","io":"inc"}]|1767229200000,2026-1-1,0
group	[{"id":"e0","ts":1791378000000,"cat":"food","amt":-3.25,"day":"2026-10-8","io":"inc"},{"id":"e1","ts":1791284400000,"cat":"food","amt":-3.25,"day":"2026-10-6","io":"exp"},{"id":"e2","ts":1791118800000,"cat":"food","amt":10.5,"day":"2026-10-5","io":"exp"},{"id":"e3","ts":1791111600000,"cat":"food","amt":1e+21,"day":"2026-10-4","io":"exp"}]|1791201600000,2026-10-5
flat	[{"id":"e0","ts":1791378000000,"cat":"food","amt":-3.25,"day":"2026-10-8","io":"inc"},{"id":"e1","ts":1791284400000,"cat":"food","amt":-3.25,"day":"2026-10-6","io":"exp"},{"id":"e2","ts":1791118800000,"cat":"food","amt":10.5,"day":"2026-10-5","io":"exp"},{"id":"e3","ts":1791111600000,"cat":"food","amt":1e+21,"day":"2026-10-4","io":"exp"}]|1791201600000,2026-10-5,1
group	[{"id":"e0","ts":1787868000000,"cat":"food","amt":0.1,"day":"2026-8-28"},{"id":"e1","ts":1787004000000,"cat":"food","amt":10.5,"day":"2026-8-18","io":"inc"},{"id":"e2","ts":1787958000000,"cat":"food","amt":12345.678,"day":"2026-8-29","io":"inc"},{"id":"e3","ts":1787781600000,"cat":"food","amt":1e+21,"day":"2026-8-27"},{"id":"e4","ts":1787868000000,"cat":"food","amt":0,"day":"2026-8-28","io":"exp"}]|1787781600000,2026-8-27
flat	[{"id":"e0","ts":1787868000000,"cat":"food","amt":0.1,"day":"2026-8-28"},{"id":"e1","ts":1787004000000,"cat":"food","amt":10.5,"day":"2026-8-18","io":"inc"},{"id":"e2","ts":1787958000000,"cat":"food","amt":12345.678,"day":"2026-8-29","io":"inc"},{"id":"e3","ts":1787781600000,"cat":"food","amt":1e+21,"day":"2026-8-27"},{"id":"e4","ts":1787868000000,"cat":"food","amt":0,"day":"2026-8-28","io":"exp"}]|1787781600000,2026-8-27,3
group	[{"id":"e0","ts":1775127600000,"cat":"food","amt":10.5,"day":"2026-4-2"},{"id":"e1","ts":1775307600000,"cat":"food","amt":0.2,"day":"2026-4-5","io":"exp"}]|1775304000000,2026-4-4
flat	[{"id":"e0","ts":1775127600000,"cat":"food","amt":10.5,"day":"2026-4-2"},{"id":"e1","ts":1775307600000,"cat":"food","amt":0.2,"day":"2026-4-5","io":"exp"}]|1775304000000,2026-4-4,4
group	[{"id":"e0","ts":1767661200000,"cat":"food","amt":1e-7,"day":"2026-1-6","io":"inc"},{"id":"e1","ts":1767232800000,"cat":"food","amt":0.2,"day":"2026-1-1"},{"id":"e2","ts":1767146400000,"cat":"food","amt":0,"day":"2025-12-31","io":"exp"}]|1767229200000,2026-1-1
flat	[{"id":"e0","ts":1767661200000,"cat":"food","amt":1e-7,"day":"2026-1-6","io":"inc"},{"id":"e1","ts":1767232800000,"cat":"food","amt":0.2,"day":"2026-1-1"},{"id":"e2","ts":1767146400000,"cat":"food","amt":0,"day":"2025-12-31","io":"exp"}]|1767229200000,2026-1-1,1
group	[]|1787713200000,2026-8-26
flat	[]|1787713200000,2026-8-26,1
group	[{"id":"e0","ts":1787713200000,"io":"exp","cat":"food","amt":10,"day":"2026-8-26"},{"id":"e1","ts":1787713200000,"io":"inc","cat":"food","amt":100,"day":"2026-8-26"},{"id":"e2","ts":1787713200000,"io":"xfer","cat":"food","amt":5000,"day":"2026-8-26"}]|1787713200000,2026-8-26
group	[{"id":"x","ts":1787713200000,"cat":"food","amt":7,"day":"2026-8-26"}]|1787713200000,2026-8-26
group	[{"id":"e0","ts":1787713200000,"io":"exp","cat":"food","amt":1,"day":"2026-8-26"},{"id":"e1","ts":1787713200000,"io":"exp","cat":"food","amt":1,"day":"2026-8-26"},{"id":"e2","ts":1787713200000,"io":"exp","cat":"food","amt":1,"day":"2026-8-26"}]|1787713200000,2026-8-26
flat	[{"id":"e0","ts":1787713200000,"io":"exp","cat":"food","amt":1,"day":"2026-8-26"},{"id":"e1","ts":1787713200000,"io":"exp","cat":"food","amt":1,"day":"2026-8-26"},{"id":"e2","ts":1787713200000,"io":"exp","cat":"food","amt":1,"day":"2026-8-26"}]|1787713200000,2026-8-26,2
group	[{"id":"e0","ts":1787713200000,"io":"exp","cat":"food","amt":1,"day":"2026-8-26"},{"id":"e1","ts":1787626800000,"io":"exp","cat":"food","amt":2,"day":"2026-8-25"},{"id":"e2","ts":1786935600000,"io":"exp","cat":"food","amt":3,"day":"2026-8-17"},{"id":"e3","ts":1787799600000,"io":"exp","cat":"food","amt":4,"day":"2026-8-27"}]|1787713200000,2026-8-26
group	[{"id":"e0","ts":1787540400000,"io":"exp","cat":"food","amt":1,"day":"2026-8-24"},{"id":"e1","ts":1787713200000,"io":"exp","cat":"food","amt":2,"day":"2026-8-26"},{"id":"e2","ts":1787626800000,"io":"exp","cat":"food","amt":3,"day":"2026-8-25"}]|1787713200000,2026-8-26
group	[{"id":"e0","ts":1787713200000,"io":"exp","cat":"food","amt":1,"day":"2026-8-26"},{"id":"e1","ts":1787626800000,"io":"exp","cat":"food","amt":1,"day":"2026-8-25"},{"id":"e2","ts":1787713196400,"io":"exp","cat":"food","amt":1,"day":"2026-8-26"}]|1787713200000,2026-8-26
group	[{"id":"e0","ts":1787713200000,"io":"exp","cat":"food","amt":0.1,"day":"2026-8-26"},{"id":"e1","ts":1787713199999,"io":"exp","cat":"food","amt":0.2,"day":"2026-8-26"},{"id":"e2","ts":1787713199998,"io":"exp","cat":"food","amt":0.3,"day":"2026-8-26"}]|1787713200000,2026-8-26
flat	[{"id":"e0","ts":1787713200000,"io":"exp","cat":"food","amt":1,"day":"2026-8-26"},{"id":"e1","ts":1787713199999,"io":"exp","cat":"food","amt":1,"day":"2026-8-26"},{"id":"e2","ts":1787713199998,"io":"exp","cat":"food","amt":1,"day":"2026-8-26"},{"id":"e3","ts":1787713199997,"io":"exp","cat":"food","amt":1,"day":"2026-8-26"}]|1787713200000,2026-8-26,0
flat	[{"id":"e0","ts":1787713200000,"io":"exp","cat":"food","amt":1,"day":"2026-8-26"},{"id":"e1","ts":1787713199999,"io":"exp","cat":"food","amt":1,"day":"2026-8-26"},{"id":"e2","ts":1787713199998,"io":"exp","cat":"food","amt":1,"day":"2026-8-26"},{"id":"e3","ts":1787713199997,"io":"exp","cat":"food","amt":1,"day":"2026-8-26"}]|1787713200000,2026-8-26,1
flat	[{"id":"e0","ts":1787713200000,"io":"exp","cat":"food","amt":1,"day":"2026-8-26"},{"id":"e1","ts":1787713199999,"io":"exp","cat":"food","amt":1,"day":"2026-8-26"},{"id":"e2","ts":1787713199998,"io":"exp","cat":"food","amt":1,"day":"2026-8-26"},{"id":"e3","ts":1787713199997,"io":"exp","cat":"food","amt":1,"day":"2026-8-26"}]|1787713200000,2026-8-26,2
flat	[{"id":"e0","ts":1787713200000,"io":"exp","cat":"food","amt":1,"day":"2026-8-26"},{"id":"e1","ts":1787713199999,"io":"exp","cat":"food","amt":1,"day":"2026-8-26"},{"id":"e2","ts":1787713199998,"io":"exp","cat":"food","amt":1,"day":"2026-8-26"},{"id":"e3","ts":1787713199997,"io":"exp","cat":"food","amt":1,"day":"2026-8-26"}]|1787713200000,2026-8-26,3
flat	[{"id":"e0","ts":1787713200000,"io":"exp","cat":"food","amt":1,"day":"2026-8-26"},{"id":"e1","ts":1787713199999,"io":"exp","cat":"food","amt":1,"day":"2026-8-26"},{"id":"e2","ts":1787713199998,"io":"exp","cat":"food","amt":1,"day":"2026-8-26"},{"id":"e3","ts":1787713199997,"io":"exp","cat":"food","amt":1,"day":"2026-8-26"}]|1787713200000,2026-8-26,5
flat	[{"id":"e0","ts":1787713200000,"io":"exp","cat":"food","amt":1,"day":"2026-8-26"},{"id":"e1","ts":1787713199999,"io":"exp","cat":"food","amt":1,"day":"2026-8-26"},{"id":"e2","ts":1787713199998,"io":"exp","cat":"food","amt":1,"day":"2026-8-26"},{"id":"e3","ts":1787713199997,"io":"exp","cat":"food","amt":1,"day":"2026-8-26"}]|1787713200000,2026-8-26,10
group	[{"id":"gone","ts":1787713200000,"io":"exp","cat":"food","amt":5,"deletedAt":1,"day":"2026-8-26"}]|1787713200000,2026-8-26
group	[{"id":"e0","ts":1775404800000,"io":"exp","cat":"food","amt":1,"day":"2026-4-6"},{"id":"e1","ts":1775318400000,"io":"exp","cat":"food","amt":1,"day":"2026-4-5"},{"id":"e2","ts":1775232000000,"io":"exp","cat":"food","amt":1,"day":"2026-4-4"}]|1775404800000,2026-4-6
group	[{"id":"e0","ts":1791043200000,"io":"exp","cat":"food","amt":1,"day":"2026-10-4"},{"id":"e1","ts":1790956800000,"io":"exp","cat":"food","amt":1,"day":"2026-10-3"},{"id":"e2","ts":1790870400000,"io":"exp","cat":"food","amt":1,"day":"2026-10-2"}]|1791043200000,2026-10-4
