invert	3.3333333333
recent	2026-00-10~2026~5~1~1439
invert	0.5
resolve	0~7.1234567~1~0.5~0.14
recent	2026-ab-01~2026~5~10~60
resolve	0~0.000001~1~1e-320~7.5
invert	1
parse	2026-99-99
recent	2026-06-13~2024~2~1~59
parse	2026-01-01
resolve	0~1.0000005~1~3.3333333333~_
resolve	0~0.5~1~3.3333333333~-1
parse	
resolve	0~1.0000005~0~3.3333333333~-1
recent	2026-02-29~2026~5~10~720
recent	2026x06x01~2026~5~1~1
parse	+026-06-01
resolve	0~inf~1~6.9999995~0.14
resolve	0~2~0~0~0.14
parse	2026-01-01
resolve	0~-0~1~3.3333333333~0.14
parse	2026-06-01
resolve	0~-1~1~-0~0.14
resolve	0~3.3333333333~0~1e308~inf
resolve	1~7.1234567~0~0.000001~7.5
resolve	1~0~0~_~_
resolve	0~6.9999995~1~1.0000005~1e308
resolve	0~1e-320~1~6.9999995~_
resolve	0~3.3333333333~0~_~nan
resolve	0~7.1234567~0~1~nan
recent	2026-06-12~2025~11~31~59
invert	-1
recent	2025-12-31~2026~5~10~60
parse	2026-06-13
recent	2026-06-08~2026~5~10~60
resolve	0~_~1~1000000~1e308
recent	-026-06-01~2024~2~1~1439
parse	2026-06-09
recent	2026-06-11~2026~5~1~1439
parse	2026-13-01
resolve	0~7.1234567~1~1.0000005~7.5
parse	-026-06-01
resolve	0~_~0~_~_
parse	2026-06-12
resolve	1~-inf~0~inf~nan
invert	-1
resolve	0~0~0~-1~-0
resolve	0~3.3333333333~1~-inf~-1
invert	7.1234567
resolve	0~3.3333333333~0~1000000~1e308
parse	2026-13-01
invert	7.1234567
resolve	1~1e308~0~3.3333333333~_
parse	+026-06-01
invert	3.3333333333
resolve	0~-inf~1~3.3333333333~0
resolve	0~0~0~1000000~nan
recent	9999-12-31~2026~5~1~1
resolve	1~1~1~1e308~inf
parse	2026-99-99
invert	3.3333333333
invert	1e-320
resolve	0~inf~1~-0~nan
resolve	0~1000000~0~0.5~nan
parse	2025-12-31
recent	~2026~2~1~1439
parse	2026-02-29
parse	2026-6-1
resolve	1~_~1~6.9999995~-0
recent	20260601ab~2026~2~1~0
resolve	0~0.5~1~7.1234567~nan
resolve	0~0.5~1~-inf~_
resolve	0~_~1~7.1234567~-0
invert	inf
parse	2026-00-10
recent	2025-12-31~2025~11~31~59
invert	1.0000005
resolve	0~-1~0~1e-320~nan
parse	-026-06-01
resolve	1~3.3333333333~1~-1~7.5
invert	1e-320
parse	2026-06-12
parse	0000-01-01
parse	2026-06+01
resolve	0~-inf~1~-0~nan
resolve	0~nan~0~1~1e308
parse	202 -06-01
invert	3.3333333333
recent	+026-06-01~2026~2~1~60
parse	0001-01-15
parse	2026-06-10
invert	2
parse	202 -06-01
parse	2026-01-32
recent	9999-12-31~2026~5~10~0
parse	2026-05-31
recent	+026-06-01~2026~2~1~1
parse	20260601ab
parse	abcd-ef-gh
resolve	0~1000000~0~_~inf
parse	2026-06-11
resolve	1~-0~1~1e308~_
resolve	0~3.3333333333~1~1~-0
resolve	0~-inf~0~-1~0.14
parse	2026-06-01
parse	2026-13-01
resolve	0~1~0~1e-320~_
recent	20260601ab~2026~0~1~60
resolve	0~-0~1~6.9999995~7.5
recent	2026-06-01~2025~11~31~59
parse	2026-06-09
resolve	0~inf~1~1e308~7.5
recent	nonsense~2026~2~1~1439
parse	202 -06-01
resolve	0~1e-320~1~0~1e308
resolve	0~3.3333333333~1~inf~-0
recent	2026-06-00~2025~11~31~720
parse	2026-05-31
parse	2026-06-01
resolve	0~0~1~1.0000005~inf
recent	+026-06-01~2026~2~1~1439
parse	
resolve	0~-inf~0~6.9999995~_
parse	0000-01-01
recent	0000-01-01~2026~5~1~1439
resolve	0~2~0~-0~nan
parse	2026-6-1
parse	abcd-ef-gh
recent	2026-00-10~2025~11~31~60
parse	-026-06-01
recent	2026-06-01~2026~5~1~720
resolve	0~-0~0~0.5~inf
parse	2026-06-00
parse	2026-ab-01
recent	-026-06-01~2026~2~1~720
resolve	0~inf~1~1000000~_
resolve	0~0.5~1~_~1e308
resolve	0~0.000001~1~6.9999995~_
recent	9999-12-31~2026~2~1~1
resolve	0~_~1~_~0
parse	2026-02-29
invert	-1
parse	202 -06-01
recent	2026-06-0a~2026~0~1~1439
parse	2026-06-13
recent	~2024~2~1~1439
parse	2026-00-10
recent	~2026~2~1~59
resolve	0~0.5~1~nan~0.14
resolve	0~_~1~_~0.14
resolve	0~0.5~0~1e-320~1e308
invert	6.9999995
recent	2026-06-0a~2026~2~1~59
parse	2026-06-0a
resolve	0~1000000~0~-1~0
resolve	0~0.000001~0~-1~0
resolve	1~1e-320~0~0.000001~inf
recent	~2026~2~1~59
resolve	0~inf~1~1.0000005~-1
resolve	0~nan~1~0.5~_
resolve	0~0.000001~0~6.9999995~0
recent	2026-06-01~2026~2~1~720
recent	2026-ab-01~2026~0~1~1439
invert	0.000001
parse	nonsense
resolve	0~1e-320~0~_~_
resolve	0~0~1~1000000~0
resolve	0~nan~0~1~-1
parse	2026-00-10
invert	1.0000005
invert	inf
resolve	0~1.0000005~1~2~-0
recent	2026_06_01~2026~2~1~1439
resolve	1~0.5~0~-inf~-0
resolve	0~-1~0~1e308~7.5
recent	nonsense~2025~11~31~60
parse	2026-ab-01
resolve	0~3.3333333333~0~1e308~-1
parse	+026-06-01
resolve	0~nan~1~1000000~inf
invert	1000000
recent	2026_06_01~2024~2~1~1439
parse	nonsense
parse	2025-12-31
resolve	0~-inf~0~2~0
recent	0000-01-01~2026~5~1~1
parse	2026-06-12
parse	2026-06-10
parse	2026-06-01
resolve	0~2~0~6.9999995~0.14
resolve	0~nan~1~_~7.5
parse	2026-ab-01
resolve	0~3.3333333333~0~1~-0
parse	9999-12-31
resolve	0~1e308~0~0~0.14
parse	2026-06-09
recent	0000-01-01~2026~5~10~1
recent	2026-02-29~2026~5~1~1439
parse	2024-02-29
resolve	0~0~0~1.0000005~1e308
recent	+026-06-01~2024~2~1~59
parse	9999-12-31
recent	0000-01-01~2026~5~1~0
resolve	0~_~0~7.1234567~-0
invert	0.5
recent	2026-01-01~2026~5~10~1439
invert	1000000
resolve	1~_~0~1e-320~-0
resolve	0~-1~1~-1~nan
resolve	0~_~0~-inf~-0
parse	2026-00-10
recent	2026x06x01~2026~5~1~0
recent	2024-02-29~2026~5~10~1
resolve	0~1000000~1~1e-320~0.14
recent	2026-01-32~2026~0~1~1439
recent	20260601ab~2026~5~1~1439
invert	inf
recent	~2026~5~1~59
resolve	0~1e308~0~-0~-0
recent	2026-01-32~2024~2~1~1
resolve	0~0.000001~1~1e308~nan
parse	2026-06-13
invert	1e-320
recent	-026-06-01~2026~5~10~59
resolve	1~-inf~1~1.0000005~inf
parse	-026-06-01
parse	2026-06-10
resolve	0~7.1234567~1~1.0000005~-0
parse	2026-06-01
resolve	0~1e-320~1~1e308~nan
resolve	0~2~1~nan~nan
invert	0.000001
recent	2026-06-08~2026~2~1~1439
recent	2026-06-10~2026~2~1~1439
recent	2026-00-10~2024~2~1~0
resolve	0~1000000~0~7.1234567~inf
invert	-1
resolve	0~0.5~0~nan~_
invert	nan
parse	0000-01-01
parse	2026-06-0a
resolve	0~1~0~0~0.14
invert	6.9999995
parse	2026-06+01
parse	2026-01-32
invert	-1
resolve	1~0.000001~0~0~7.5
invert	_
resolve	0~-0~1~-0~0
resolve	0~0~1~0~0.14
parse	nonsense
resolve	0~2~1~3.3333333333~-1
resolve	1~1000000~0~1~0.14
recent	9999-12-31~2024~2~1~1439
recent	20260601ab~2026~0~1~1439
invert	-1
parse	abcd-ef-gh
resolve	0~nan~1~0.5~inf
parse	abcd-ef-gh
invert	0
resolve	0~7.1234567~0~inf~1e308
resolve	0~inf~0~0.000001~0.14
resolve	0~0~1~0~0.14
resolve	0~6.9999995~1~nan~0.14
recent	2026_06_01~2026~5~10~59
resolve	0~1e-320~1~1.0000005~nan
resolve	1~1e-320~0~3.3333333333~0
parse	abcd-ef-gh
resolve	0~-inf~1~2~1e308
resolve	0~-inf~0~6.9999995~-1
recent	2026-99-99~2025~11~31~1439
resolve	0~-inf~0~_~1e308
recent	-026-06-01~2025~11~31~1439
parse	
resolve	0~0~0~3.3333333333~0.14
recent	nonsense~2025~11~31~59
recent	0000-01-01~2024~2~1~0
resolve	0~3.3333333333~1~nan~1e308
recent	2026-06-0a~2025~11~31~59
resolve	0~0~0~inf~1e308
recent	2026-06-09~2025~11~31~59
recent	2026-06-01~2024~2~1~60
recent	2026-06-11~2025~11~31~59
resolve	0~1~0~7.1234567~0.14
recent	2026_06_01~2026~5~10~59
resolve	0~nan~0~1.0000005~-0
recent	2026-06-11~2025~11~31~1
parse	9999-12-31
recent	2026-06-00~2026~5~10~720
parse	2026-06-09
parse	2026-06-12
recent	2026-06-00~2026~5~10~1439
recent	0000-01-01~2026~0~1~1439
resolve	0~6.9999995~0~nan~_
parse	2026-06-09
recent	0000-01-01~2025~11~31~1
resolve	0~_~0~1e308~-0
resolve	0~1.0000005~1~7.1234567~7.5
recent	2026-13-01~2024~2~1~1439
parse	2026-06-13
parse	2026-06-11
resolve	0~nan~0~1000000~0
resolve	0~6.9999995~0~2~0.14
recent	2026-06+01~2024~2~1~0
invert	inf
recent	2026-06-00~2025~11~31~1
resolve	0~-1~0~3.3333333333~-0
resolve	0~-1~1~1e308~-1
recent	2026-6-1~2026~5~1~60
recent	2026-06-0a~2026~2~1~59
resolve	0~-0~0~6.9999995~-0
resolve	0~6.9999995~1~7.1234567~-0
parse	2026-06-00
recent	2026-06-12~2026~0~1~1
invert	1.0000005
invert	1e308
recent	2026-06-00~2026~0~1~1439
parse	2026-06-0a
invert	0.000001
parse	2026-06-09
resolve	0~2~1~1000000~nan
recent	0001-01-15~2026~0~1~59
resolve	0~-1~0~_~0.14
resolve	0~1~1~0.000001~0
resolve	0~3.3333333333~0~1000000~7.5
resolve	0~3.3333333333~0~-inf~0.14
invert	0
resolve	0~1.0000005~1~3.3333333333~0.14
parse	2026-06-0a
resolve	0~7.1234567~1~1~inf
invert	0.5
recent	2026-01-32~2024~2~1~59
resolve	0~0.000001~1~0.000001~nan
recent	20260601ab~2026~2~1~1439
resolve	1~7.1234567~0~7.1234567~0
parse	2026-06+01
resolve	0~1000000~0~0.000001~-0
parse	0001-01-15
parse	2026-13-01
resolve	0~-0~0~0.5~-1
recent	2026-06-10~2026~0~1~1439
resolve	0~3.3333333333~0~3.3333333333~-0
resolve	0~1~1~7.1234567~0
invert	-1
resolve	0~6.9999995~1~0.5~1e308
parse	2026-06-00
resolve	0~_~1~1.0000005~0
resolve	0~2~1~3.3333333333~_
invert	1e308
parse	abcd-ef-gh
recent	2026-06-0a~2026~2~1~0
resolve	0~1~0~0.5~-0
resolve	0~0.5~0~-inf~-1
resolve	0~1000000~0~1000000~-1
parse	2026-01-32
resolve	0~7.1234567~0~7.1234567~1e308
resolve	0~inf~1~-1~0
invert	1e308
resolve	1~_~0~1e-320~0.14
recent	+026-06-01~2026~0~1~1439
parse	+026-06-01
parse	2026-06-01
parse	2026-06-09
recent	2026x06x01~2025~11~31~1439
resolve	0~1000000~0~1000000~-1
resolve	0~1~0~_~7.5
resolve	0~1e308~1~3.3333333333~-0
resolve	0~0.000001~1~1000000~nan
parse	+026-06-01
resolve	0~0.000001~1~0.5~7.5
recent	2024-02-29~2025~11~31~1439
resolve	0~2~1~1.0000005~-1
resolve	0~0.5~1~0~nan
recent	202 -06-01~2026~5~10~60
recent	0000-01-01~2026~5~1~60
resolve	0~0.5~1~0.000001~0
recent	2026-6-1~2025~11~31~60
recent	~2026~5~10~0
recent	nonsense~2026~0~1~60
resolve	0~6.9999995~0~6.9999995~0.14
recent	2026-01-01~2024~2~1~1
resolve	0~1e308~1~7.1234567~-1
resolve	1~1e-320~0~1e-320~7.5
recent	2026-99-99~2024~2~1~60
parse	0000-01-01
invert	1
parse	202 -06-01
invert	-inf
resolve	0~3.3333333333~0~0~7.5
resolve	0~-1~0~nan~_
parse	2026-06-12
recent	2026-13-01~2026~2~1~0
invert	2
invert	0.000001
parse	2026-06-08
resolve	0~7.1234567~1~1000000~inf
resolve	0~7.1234567~0~1.0000005~_
resolve	0~inf~1~1e-320~inf
invert	inf
resolve	0~1~1~6.9999995~-0
recent	2026-06-11~2026~5~1~0
parse	2026-06-00
parse	2026-05-31
invert	3.3333333333
parse	2026-00-10
resolve	1~3.3333333333~1~nan~7.5
resolve	0~1000000~1~-0~1e308
recent	2026x06x01~2026~0~1~1439
recent	2026-06-0a~2026~2~1~1439
resolve	0~-0~1~nan~-1
parse	2026_06_01
parse	2026-6-1
resolve	0~1000000~0~1e-320~inf
resolve	0~2~0~-0~7.5
resolve	0~2~0~0~1e308
resolve	0~nan~1~0~0
recent	2026-06-11~2026~2~1~1
recent	2026-06-12~2025~11~31~59
resolve	0~1000000~1~1e-320~-1
resolve	0~3.3333333333~0~1000000~nan
resolve	0~1e308~1~6.9999995~7.5
parse	202 -06-01
parse	2026-06-08
resolve	0~2~0~3.3333333333~nan
parse	2026-13-01
resolve	0~_~0~1.0000005~1e308
parse	2026-06-12
parse	0000-01-01
invert	-0
invert	nan
parse	2026-06-10
parse	2026-06+01
invert	0.5
recent	2026-01-32~2026~2~1~1439
resolve	1~6.9999995~0~3.3333333333~_
recent	2026-06-12~2026~0~1~1
resolve	1~3.3333333333~1~-0~0
parse	2026-06-12
parse	2026-06-10
resolve	0~-1~1~-inf~_
resolve	0~1000000~1~-0~7.5
parse	2026-06-01
resolve	1~0.5~1~7.1234567~7.5
resolve	0~_~0~1e-320~7.5
resolve	0~7.1234567~0~1.0000005~-0
invert	1.0000005
parse	2026-99-99
parse	0001-01-15
resolve	0~7.1234567~1~1.0000005~nan
invert	6.9999995
resolve	1~inf~0~7.1234567~1e308
invert	6.9999995
resolve	0~3.3333333333~0~1e308~7.5
parse	2026-01-01
recent	2024-02-29~2026~0~1~60
resolve	0~-inf~1~1e308~0
invert	1000000
resolve	0~1e308~0~0~7.5
invert	1e-320
recent	2026-ab-01~2026~5~10~720
resolve	0~-0~0~0.5~1e308
resolve	0~-0~1~_~_
resolve	0~2~0~0~_
resolve	0~1.0000005~0~inf~_
recent	2026-00-10~2026~2~1~1439
resolve	0~0~0~0~0.14
resolve	0~_~0~1~-1
parse	2026-06-12
parse	20260601ab
resolve	0~1~0~_~0.14
resolve	0~nan~0~inf~0
parse	2026-01-32
resolve	0~_~1~-1~-1
resolve	0~-0~0~3.3333333333~-0
recent	2026-06-08~2026~5~10~60
resolve	0~1.0000005~1~inf~7.5
recent	2026-02-29~2026~0~1~0
parse	+026-06-01
recent	~2025~11~31~59
resolve	0~0.000001~0~-0~_
recent	2026-ab-01~2026~5~1~0
resolve	0~7.1234567~0~1e308~0
parse	2026-06-01
resolve	0~1e-320~0~2~inf
recent	0000-01-01~2024~2~1~1439
recent	2026-05-31~2026~5~10~1439
parse	
recent	2026-05-31~2024~2~1~1439
resolve	0~-0~0~-inf~-1
resolve	0~nan~0~-0~7.5
resolve	0~3.3333333333~1~inf~-1
resolve	1~0.5~1~1e-320~0.14
resolve	0~0~1~6.9999995~nan
invert	1e-320
parse	2026-05-31
resolve	0~0.5~0~7.1234567~inf
resolve	0~-0~1~-inf~inf
invert	2
resolve	0~1e-320~1~-inf~-0
resolve	0~0~1~inf~1e308
parse	2026-01-32
recent	-026-06-01~2026~2~1~1
parse	2026-99-99
recent	2026-99-99~2026~5~1~1439
recent	2026-06-00~2024~2~1~1
parse	2026-99-99
invert	2
recent	2026-06-0a~2026~0~1~0
parse	2026-06-12
resolve	0~nan~0~-1~-0
parse	20260601ab
recent	0001-01-15~2024~2~1~1
resolve	0~2~0~0.5~0
resolve	1~-1~0~7.1234567~_
invert	6.9999995
resolve	0~-inf~1~2~0
parse	2026-06-08
invert	-1
parse	2026-ab-01
resolve	0~inf~1~1~-0
invert	-inf
resolve	0~0.5~1~3.3333333333~0.14
parse	2026-01-01
parse	0001-01-15
invert	_
parse	2026-06-11
parse	2026-00-10
resolve	0~0.5~1~1e308~7.5
parse	2026-06-01
resolve	0~1000000~0~-1~inf
recent	202 -06-01~2026~5~1~1439
parse	2026-ab-01
recent	2026-06-10~2026~2~1~59
invert	7.1234567
parse	2024-02-29
parse	2026x06x01
parse	2026-01-01
resolve	0~0.000001~0~1e-320~inf
resolve	0~2~1~1.0000005~1e308
resolve	0~-0~1~2~1e308
invert	2
recent	9999-12-31~2026~2~1~1
recent	2026-06-11~2026~5~10~720
resolve	0~-0~0~-1~_
resolve	0~inf~0~-0~_
invert	2
resolve	0~-1~1~0.5~0
resolve	0~-inf~1~1~inf
resolve	0~0.000001~0~1~1e308
invert	-inf
resolve	0~1e-320~1~-0~-1
resolve	0~1e308~0~-inf~-1
resolve	0~0~0~1e-320~-0
parse	2026-06-11
resolve	0~1e308~0~7.1234567~inf
parse	2026_06_01
recent	2024-02-29~2026~2~1~59
resolve	0~-1~1~-0~0.14
invert	0
parse	2026-05-31
resolve	0~2~0~nan~-1
recent	2026-06-13~2026~5~10~0
recent	nonsense~2024~2~1~1439
resolve	0~_~1~1.0000005~0.14
parse	2026-ab-01
invert	1e308
parse	2026-06-09
recent	2026-01-01~2026~5~10~0
recent	2026-13-01~2026~5~1~720
resolve	0~1e308~1~1000000~-1
recent	2026-06-11~2026~5~10~0
recent	2026_06_01~2024~2~1~1
recent	2026-02-29~2025~11~31~1439
parse	20260601ab
resolve	0~1e308~1~0.5~-0
recent	2026-06+01~2025~11~31~1
resolve	0~1~0~1.0000005~7.5
resolve	0~nan~1~nan~inf
recent	2026-01-01~2026~0~1~0
invert	0.5
resolve	0~-inf~1~1~0
resolve	0~0.000001~1~-1~0
resolve	1~6.9999995~0~0~-0
parse	9999-12-31
parse	2026-06+01
parse	9999-12-31
invert	-1
parse	2026-06-08
parse	2026-06-10
invert	1.0000005
parse	2026-01-32
resolve	0~1.0000005~1~1000000~0.14
invert	0.5
resolve	0~inf~0~7.1234567~1e308
parse	2024-02-29
parse	2026-02-29
recent	abcd-ef-gh~2026~2~1~720
resolve	1~1~0~-1~-1
parse	2026-ab-01
invert	1e308
resolve	0~_~1~1.0000005~-1
resolve	0~_~0~7.1234567~inf
recent	2026-06-11~2026~5~10~720
resolve	1~inf~0~1e-320~_
resolve	0~0.5~1~1~7.5
recent	2026_06_01~2026~0~1~720
resolve	0~6.9999995~1~7.1234567~0
resolve	0~inf~1~1e-320~0.14
resolve	0~1~0~2~-1
invert	0.5
parse	0001-01-15
parse	2025-12-31
recent	0001-01-15~2024~2~1~1439
resolve	0~1~1~7.1234567~nan
parse	
resolve	0~2~1~1~nan
recent	2026-01-01~2026~5~1~1
recent	2026-00-10~2026~5~10~1439
invert	_
parse	2026-01-01
parse	-026-06-01
recent	2026-06-13~2026~0~1~1439
resolve	0~-inf~0~-0~0
recent	2026-6-1~2026~5~10~60
invert	-inf
recent	2026-99-99~2026~2~1~1
resolve	0~6.9999995~0~-0~0.14
parse	2026-06-0a
resolve	0~-inf~0~7.1234567~_
resolve	0~7.1234567~1~0.000001~inf
resolve	0~1e-320~0~1e-320~_
resolve	1~6.9999995~0~_~-0
resolve	1~nan~1~2~0
parse	2026-05-31
parse	2026-00-10
recent	2026-13-01~2026~0~1~1439
parse	2026-06-12
parse	0000-01-01
recent	2024-02-29~2026~0~1~1439
invert	1e308
invert	1e308
parse	2026-05-31
resolve	0~3.3333333333~0~1~-1
recent	2026-01-01~2025~11~31~60
parse	2026-05-31
parse	2026-06+01
invert	inf
resolve	0~-0~0~0~7.5
invert	-0
resolve	0~nan~0~0.5~-1
parse	2026-06-08
resolve	0~7.1234567~1~nan~-0
recent	2026-06-09~2026~5~10~720
parse	2026-00-10
parse	202 -06-01
parse	2026-06-10
parse	2026-06-00
recent	2026-06-13~2026~0~1~720
recent	2026-6-1~2025~11~31~1439
invert	-0
recent	2026_06_01~2026~2~1~59
parse	
recent	2026-01-32~2024~2~1~59
recent	2026-06-09~2024~2~1~60
resolve	0~1e-320~0~1~_
invert	1000000
resolve	0~_~0~2~_
invert	1e308
recent	9999-12-31~2026~5~10~1
parse	2026-05-31
recent	2026-99-99~2026~2~1~1439
recent	2026-00-10~2025~11~31~1439
recent	2026-06-12~2026~5~1~60
invert	0.5
recent	2026-06-13~2026~2~1~720
resolve	0~7.1234567~0~-1~-1
resolve	1~-inf~0~2~0
resolve	0~2~1~inf~inf
recent	2026-06-01~2025~11~31~1
recent	2026-13-01~2025~11~31~720
recent	2026-06+01~2026~5~10~59
invert	_
resolve	0~0~0~1000000~-0
recent	2026x06x01~2025~11~31~59
resolve	0~-1~1~7.1234567~-0
resolve	0~0.5~1~-0~0
parse	2026-ab-01
parse	2026-06-11
resolve	0~3.3333333333~1~3.3333333333~-1
recent	2024-02-29~2025~11~31~720
resolve	0~0.000001~1~1~-1
resolve	1~-0~1~0.000001~7.5
recent	2026-02-29~2025~11~31~1439
parse	2026-06-01
resolve	0~1.0000005~1~0.5~_
parse	2026-06-13
recent	2026-13-01~2025~11~31~1439
recent	2026-ab-01~2025~11~31~720
resolve	0~0.5~1~1.0000005~_
recent	abcd-ef-gh~2025~11~31~720
resolve	0~1e-320~1~0.5~1e308
resolve	1~0~0~0.000001~1e308
recent	2025-12-31~2024~2~1~59
parse	9999-12-31
resolve	0~1e-320~0~inf~-0
resolve	0~_~1~_~0.14
resolve	0~0.5~0~-inf~1e308
resolve	0~_~1~1000000~nan
resolve	0~1000000~0~-inf~7.5
resolve	0~1000000~1~0.000001~nan
parse	2026_06_01
recent	2026-99-99~2026~5~10~59
parse	9999-12-31
parse	2026-06-13
recent	2026-13-01~2026~2~1~0
resolve	0~6.9999995~1~1e-320~nan
resolve	0~7.1234567~1~inf~-1
resolve	0~-inf~0~1e308~nan
parse	2026-06-0a
parse	abcd-ef-gh
parse	-026-06-01
invert	3.3333333333
parse	2026-01-32
parse	202 -06-01
parse	
parse	2026-01-32
parse	2024-02-29
parse	2026-02-29
recent	2026-00-10~2026~2~1~59
parse	2026-06-10
parse	2026-6-1
parse	
recent	2026-01-32~2026~2~1~1
parse	2026-ab-01
resolve	0~7.1234567~1~1~1e308
parse	2026-06-01
resolve	1~nan~1~_~_
resolve	0~1e-320~0~nan~-0
invert	1e-320
parse	2026-06-08
recent	2025-12-31~2026~5~1~1439
recent	+026-06-01~2026~2~1~1439
resolve	0~0.000001~0~1.0000005~7.5
parse	2026-6-1
parse	2026-00-10
resolve	0~nan~1~1.0000005~7.5
resolve	0~-1~1~3.3333333333~_
resolve	0~nan~0~0~0.14
resolve	0~0~0~0.000001~0.14
parse	2026-6-1
invert	1e-320
parse	2026-06-10
resolve	0~7.1234567~1~inf~-1
resolve	0~inf~0~2~nan
resolve	0~1.0000005~0~3.3333333333~-0
resolve	0~inf~0~1000000~1e308
parse	2026-06+01
parse	2026-01-32
parse	2026-13-01
recent	2026-06+01~2025~11~31~720
parse	2026-06-10
resolve	0~nan~1~_~0.14
resolve	1~1~1~1.0000005~-0
invert	1.0000005
parse	2026-05-31
recent	2026-06-13~2026~5~10~1
resolve	0~1e308~1~1e-320~-0
resolve	0~-1~0~0.5~nan
resolve	0~2~0~3.3333333333~_
parse	2026-06-0a
resolve	1~-inf~0~nan~1e308
parse	
resolve	0~0.5~1~2~1e308
invert	7.1234567
parse	20260601ab
resolve	1~0.000001~1~2~inf
resolve	0~2~0~1e-320~7.5
resolve	0~0.000001~0~0.000001~7.5
resolve	1~6.9999995~1~0.5~0
resolve	0~-1~1~2~1e308
resolve	0~nan~0~1e308~-0
resolve	0~0~1~-1~_
parse	2026-99-99
parse	20260601ab
parse	2026-06-09
resolve	0~_~0~2~7.5
resolve	0~-1~1~3.3333333333~1e308
parse	abcd-ef-gh
recent	2024-02-29~2024~2~1~720
parse	2026-05-31
resolve	0~1e308~1~1e308~0.14
resolve	1~inf~1~7.1234567~-0
recent	+026-06-01~2026~5~1~59
resolve	1~1e-320~0~inf~-1
parse	2026-05-31
parse	abcd-ef-gh
invert	0.5
parse	2026-00-10
resolve	0~7.1234567~1~7.1234567~0.14
resolve	0~nan~0~1e-320~7.5
resolve	1~-1~0~-0~1e308
resolve	0~-inf~1~1000000~-1
resolve	0~0.5~0~inf~_
resolve	0~1000000~0~1e308~0.14
parse	2026-00-10
resolve	0~0.5~0~0~-0
parse	abcd-ef-gh
invert	1e-320
parse	2026-06-13
resolve	0~-0~0~1e-320~0.14
parse	2026-06-10
recent	9999-12-31~2026~5~10~1
resolve	0~nan~1~7.1234567~inf
parse	2026-01-32
resolve	1~1e308~1~3.3333333333~_
resolve	0~0.5~0~1000000~_
recent	~2026~0~1~0
parse	2026-05-31
resolve	0~1~1~_~1e308
parse	2025-12-31
resolve	0~inf~1~6.9999995~0
invert	3.3333333333
invert	1000000
parse	
resolve	0~0.5~1~1e-320~0.14
invert	1000000
recent	2026-06+01~2026~5~10~59
recent	+026-06-01~2026~5~1~60
recent	2026-6-1~2026~5~10~0
resolve	0~1~1~inf~inf
parse	0001-01-15
parse	2026-01-32
parse	-026-06-01
resolve	0~0~1~inf~0.14
resolve	0~1e308~0~2~inf
parse	2026-06-01
resolve	0~nan~1~inf~-1
recent	2026-06-13~2026~0~1~0
recent	2026-06-11~2025~11~31~720
recent	2025-12-31~2026~5~10~1439
invert	1.0000005
parse	0001-01-15
resolve	0~0.000001~1~7.1234567~_
recent	-026-06-01~2026~2~1~60
parse	2026-06-00
resolve	0~7.1234567~0~1e308~nan
resolve	0~0~1~1.0000005~_
recent	2026-06-0a~2026~5~1~720
resolve	0~nan~1~1~inf
invert	1
recent	2026-06-11~2026~5~10~59
parse	2026-06-00
resolve	1~1e-320~0~0.5~-1
resolve	0~nan~1~0~inf
recent	2026-06-01~2026~5~1~720
resolve	0~1000000~0~0.5~7.5
recent	2026-05-31~2024~2~1~1439
resolve	0~3.3333333333~1~1~7.5
parse	20260601ab
invert	nan
resolve	0~1e-320~1~1000000~nan
resolve	0~-1~1~0~-0
recent	+026-06-01~2026~5~1~720
parse	2026-01-01
recent	2026-06-11~2026~0~1~59
resolve	0~1.0000005~1~0.000001~1e308
invert	0.5
invert	3.3333333333
resolve	0~0~0~2~nan
resolve	0~7.1234567~1~nan~1e308
resolve	0~1e-320~1~nan~1e308
parse	2026_06_01
recent	+026-06-01~2026~5~10~1
resolve	0~1~0~inf~1e308
resolve	0~_~0~1000000~-1
recent	2024-02-29~2026~5~10~59
parse	2026-06-13
recent	9999-12-31~2026~2~1~1439
parse	20260601ab
resolve	0~0.5~0~-inf~inf
invert	_
resolve	0~0.5~0~1000000~0.14
parse	2026-06-12
resolve	0~6.9999995~1~nan~inf
parse	20260601ab
parse	2026-00-10
recent	+026-06-01~2025~11~31~720
resolve	0~1.0000005~1~-inf~0
parse	-026-06-01
resolve	0~1e308~0~1~-1
invert	1e308
parse	2026-06-0a
resolve	0~1.0000005~1~2~-1
recent	2026-ab-01~2026~5~10~0
recent	2026-6-1~2026~0~1~59
parse	2026-06-11
resolve	1~1e-320~1~inf~-0
invert	-inf
resolve	0~inf~0~7.1234567~nan
resolve	0~2~0~0.5~-0
invert	_
invert	inf
parse	2026-01-32
parse	2024-02-29
recent	2026-01-32~2024~2~1~1
resolve	1~_~0~1e308~-1
resolve	0~6.9999995~0~inf~inf
recent	2026-06-11~2026~5~1~1
parse	2026-01-01
parse	2026-06-0a
parse	2026-06-12
recent	nonsense~2024~2~1~59
invert	1
parse	20260601ab
resolve	1~2~0~0~0.14
resolve	0~-0~0~1e-320~0.14
invert	_
resolve	0~1e-320~1~2~7.5
resolve	0~1e308~1~6.9999995~-1
parse	nonsense
parse	2026-06+01
resolve	1~inf~0~1.0000005~1e308
resolve	0~-1~1~-1~nan
parse	2026-01-01
resolve	0~7.1234567~0~inf~1e308
parse	2026_06_01
resolve	0~1e-320~1~7.1234567~1e308
parse	2026_06_01
resolve	0~0.000001~1~-1~-1
parse	2025-12-31
parse	2026-06-00
resolve	1~_~1~1000000~nan
invert	inf
recent	20260601ab~2024~2~1~59
recent	2026-06-10~2026~5~10~60
recent	2026-00-10~2025~11~31~1439
parse	2026-6-1
recent	2026-06-08~2025~11~31~1
recent	2026-06-01~2026~0~1~1439
parse	2026-06-01
parse	2026-06-13
parse	abcd-ef-gh
recent	2026-02-29~2026~2~1~59
resolve	0~2~0~_~7.5
parse	abcd-ef-gh
invert	0.5
invert	-inf
recent	2026-05-31~2026~5~10~59
parse	2026-06-00
parse	2025-12-31
parse	2026-06-12
recent	2026-06-13~2025~11~31~60
recent	abcd-ef-gh~2026~5~10~60
resolve	0~inf~1~1e308~0
resolve	0~nan~1~2~-1
invert	7.1234567
resolve	0~inf~1~1000000~-0
invert	3.3333333333
resolve	0~7.1234567~0~1~_
invert	-1
parse	2026-99-99
recent	-026-06-01~2026~5~1~1439
recent	2026x06x01~2024~2~1~1439
parse	2026-05-31
resolve	0~1000000~1~0~inf
parse	0000-01-01
resolve	0~1e-320~0~_~_
recent	0000-01-01~2026~5~1~1439
recent	0001-01-15~2026~2~1~1439
resolve	0~7.1234567~1~6.9999995~-0
resolve	0~_~1~7.1234567~nan
invert	1000000
invert	3.3333333333
recent	2026x06x01~2025~11~31~1
recent	2026-02-29~2026~0~1~59
resolve	0~-0~1~-1~0
invert	2
parse	2026-06-08
invert	1e-320
resolve	0~1~0~inf~-1
resolve	0~_~0~7.1234567~_
recent	2026-06-01~2025~11~31~60
parse	2026_06_01
recent	2024-02-29~2024~2~1~0
invert	6.9999995
recent	2024-02-29~2024~2~1~1439
recent	2026-99-99~2026~5~10~1
parse	2026-01-32
parse	2026-06-01
parse	2026-06-01
resolve	0~nan~0~0.000001~7.5
resolve	1~0.5~1~nan~7.5
resolve	0~nan~1~7.1234567~-0
recent	2026-05-31~2026~5~1~0
parse	-026-06-01
recent	2025-12-31~2026~0~1~1439
parse	2026-06+01
recent	2026-06-01~2026~2~1~60
resolve	0~6.9999995~0~0.000001~inf
parse	+026-06-01
recent	abcd-ef-gh~2025~11~31~1439
invert	2
resolve	0~1.0000005~1~2~nan
resolve	0~0.5~1~2~-1
resolve	0~inf~0~-1~-0
invert	-0
recent	2025-12-31~2026~5~10~720
resolve	0~1.0000005~0~1e308~nan
resolve	0~0.000001~0~nan~0
resolve	0~6.9999995~0~3.3333333333~nan
resolve	1~0~1~1e308~0.14
parse	-026-06-01
recent	2026_06_01~2026~0~1~1439
resolve	0~inf~1~-1~nan
resolve	0~1e-320~0~1e308~_
resolve	0~-0~0~1e-320~1e308
recent	2026-06-13~2026~5~10~59
recent	20260601ab~2025~11~31~0
resolve	1~_~0~_~nan
resolve	0~3.3333333333~1~2~0
parse	+026-06-01
recent	202 -06-01~2026~5~10~720
parse	2026-06-0a
resolve	0~1e308~0~1~_
parse	
recent	2026-06-10~2025~11~31~720
parse	2026-06-0a
resolve	0~-inf~0~nan~inf
resolve	0~nan~0~1~nan
parse	+026-06-01
recent	+026-06-01~2026~2~1~1
parse	20260601ab
recent	2026-06-12~2024~2~1~1439
recent	2026_06_01~2025~11~31~1439
resolve	0~3.3333333333~0~1~-0
resolve	0~-0~1~inf~0.14
resolve	0~1e308~0~inf~1e308
parse	2026-13-01
resolve	0~1e-320~0~0.5~-1
invert	7.1234567
resolve	0~2~1~0~-0
recent	2026-00-10~2026~2~1~0
parse	2026-06-12
recent	2026-06-00~2024~2~1~60
invert	0.000001
recent	2026-13-01~2026~5~10~60
invert	7.1234567
resolve	0~1~1~1000000~0
resolve	0~-0~1~1~-1
resolve	1~nan~1~1000000~-0
invert	1000000
invert	inf
parse	-026-06-01
recent	2024-02-29~2026~5~1~720
resolve	0~_~1~6.9999995~-0
resolve	0~2~1~0~0
parse	2026-06-01
resolve	0~0~0~-0~inf
resolve	1~2~0~inf~-0
resolve	0~1000000~0~6.9999995~nan
resolve	1~6.9999995~0~0.000001~nan
resolve	0~0.5~0~-1~inf
recent	2026-06-01~2024~2~1~720
parse	2026-06-13
parse	2026-6-1
recent	nonsense~2025~11~31~0
recent	2026_06_01~2026~5~1~0
parse	2026-06-08
resolve	1~1.0000005~0~nan~0
recent	2026-06-08~2026~5~10~1439
resolve	0~-inf~0~1.0000005~1e308
resolve	0~-0~0~2~0.14
invert	1e-320
parse	2026-13-01
resolve	0~6.9999995~0~0.5~0.14
resolve	1~1e-320~0~-inf~1e308
recent	2026-06-12~2025~11~31~1439
recent	0000-01-01~2026~2~1~0
recent	2026-06-01~2026~0~1~1
parse	2026-06-00
resolve	1~0.000001~0~-1~inf
parse	2026-06-08
resolve	0~1e308~1~inf~-1
resolve	0~2~0~0.000001~-1
recent	2026-06-0a~2026~5~10~59
parse	2024-02-29
invert	1000000
resolve	0~3.3333333333~1~1e-320~0
resolve	0~1.0000005~1~0.000001~nan
recent	2025-12-31~2026~5~10~60
parse	nonsense
resolve	0~0.000001~0~1000000~0.14
resolve	0~7.1234567~0~1e-320~-0
recent	2026-02-29~2026~5~1~1
recent	2026-06-13~2026~5~1~1
resolve	0~0~0~1~7.5
parse	+026-06-01
parse	2026-06-01
recent	2026-99-99~2026~5~10~1
recent	2026-01-32~2024~2~1~59
resolve	0~-0~1~1e-320~_
parse	abcd-ef-gh
resolve	0~-0~0~2~-0
recent	2026-06-11~2026~2~1~720
parse	2026-00-10
resolve	0~-0~1~0.5~nan
parse	2026-ab-01
invert	3.3333333333
parse	nonsense
parse	202 -06-01
recent	2026x06x01~2026~0~1~59
recent	2026-06-11~2025~11~31~60
parse	2026-01-01
recent	2026-06-13~2024~2~1~59
resolve	0~inf~0~nan~-0
parse	2026-06-08
invert	-0
resolve	0~nan~0~-inf~7.5
invert	3.3333333333
recent	2026-13-01~2026~5~1~60
resolve	0~0.5~0~1000000~nan
resolve	0~-inf~0~2~inf
parse	-026-06-01
parse	2026x06x01
recent	2026-06-09~2025~11~31~59
recent	0001-01-15~2025~11~31~720
parse	2026-06-13
invert	1e-320
recent	2026-06-01~2024~2~1~60
recent	2026-06-0a~2024~2~1~60
recent	2026-01-01~2026~5~10~1439
parse	2026-06-10
recent	9999-12-31~2026~5~1~1439
resolve	0~1.0000005~0~1000000~7.5
parse	2026-06-01
resolve	0~inf~1~2~7.5
resolve	1~7.1234567~0~nan~1e308
recent	2026-06+01~2026~2~1~1439
invert	1e308
resolve	0~1e-320~1~-1~_
recent	abcd-ef-gh~2024~2~1~1439
resolve	0~2~1~1000000~0
recent	2026-02-29~2026~2~1~59
invert	3.3333333333
parse	2026_06_01
recent	2026-06-0a~2026~0~1~60
recent	2026-00-10~2025~11~31~1
resolve	0~_~1~1~1e308
invert	1.0000005
recent	202 -06-01~2026~5~10~1439
recent	2026-06-01~2026~5~1~1
parse	2026-ab-01
resolve	1~-0~1~-0~7.5
resolve	0~0.5~1~-0~-1
recent	202 -06-01~2026~5~10~59
recent	+026-06-01~2026~5~10~1439
resolve	0~0.000001~0~1e308~nan
recent	2026-06+01~2026~2~1~60
recent	2026-05-31~2024~2~1~59
resolve	0~-1~0~0.000001~0.14
resolve	0~1000000~0~_~0
recent	2026-06-01~2026~2~1~720
recent	2026x06x01~2026~0~1~1
parse	2026-01-32
resolve	0~3.3333333333~0~1.0000005~1e308
recent	+026-06-01~2026~5~1~59
invert	_
parse	2026-06-13
resolve	1~-1~0~-inf~0
resolve	0~-1~1~0~7.5
parse	2026-99-99
resolve	0~1.0000005~1~-0~0
resolve	1~0.5~1~0~nan
invert	1e308
resolve	0~0.000001~0~0.000001~0
resolve	0~0.5~1~-1~0.14
recent	2026-06+01~2025~11~31~1439
resolve	0~0.5~1~nan~-0
recent	2026-06-10~2024~2~1~1439
invert	-1
recent	20260601ab~2026~5~1~1439
parse	2026_06_01
parse	2026_06_01
recent	2026-6-1~2025~11~31~0
parse	2026-99-99
resolve	0~0~0~-inf~-1
parse	2026-06-09
parse	0001-01-15
invert	0.5
resolve	0~3.3333333333~1~7.1234567~_
recent	+026-06-01~2024~2~1~59
resolve	0~1~1~nan~_
invert	2
parse	2026-05-31
resolve	0~1e-320~0~3.3333333333~_
parse	2026-06-00
resolve	0~inf~0~-0~_
recent	abcd-ef-gh~2025~11~31~60
resolve	0~2~0~1e308~0
invert	-1
recent	2026-06-12~2024~2~1~720
resolve	1~0~0~1.0000005~nan
resolve	0~inf~1~1.0000005~1e308
recent	2026-06-12~2026~5~10~59
resolve	0~inf~1~6.9999995~0.14
parse	2026-06-12
recent	2026-02-29~2024~2~1~60
resolve	0~1000000~0~3.3333333333~7.5
resolve	0~0.000001~1~-1~-0
resolve	0~0~1~nan~nan
recent	2026-06-01~2025~11~31~720
recent	abcd-ef-gh~2026~0~1~59
resolve	0~-0~1~-inf~inf
recent	2026-01-32~2026~5~1~0
recent	2026-06-10~2026~5~10~60
resolve	1~7.1234567~1~-0~-0
parse	2026-01-01
invert	-1
parse	2026-06-01
recent	2026-06-01~2024~2~1~1439
resolve	0~1e-320~1~0.5~0.14
resolve	0~0.5~0~0.000001~_
invert	1000000
resolve	0~1.0000005~1~-inf~-0
resolve	0~inf~1~1e-320~0.14
invert	7.1234567
resolve	0~0~0~0.000001~-0
invert	inf
resolve	1~-inf~1~3.3333333333~-0
resolve	0~1e-320~1~1000000~nan
recent	2026-06-09~2024~2~1~59
parse	2026_06_01
resolve	0~7.1234567~0~1.0000005~7.5
invert	2
resolve	0~1.0000005~1~-1~0
resolve	0~7.1234567~1~0~-1
recent	nonsense~2026~2~1~60
invert	0
resolve	0~0.000001~1~3.3333333333~0
resolve	0~1.0000005~1~1~-1
parse	2026-01-32
parse	2026_06_01
parse	2026-99-99
resolve	0~nan~0~3.3333333333~inf
resolve	1~_~1~-0~-1
invert	_
resolve	0~1.0000005~0~3.3333333333~-1
recent	2026-13-01~2026~5~10~1439
resolve	0~1~0~1000000~_
recent	2025-12-31~2024~2~1~0
parse	abcd-ef-gh
parse	2026-06-01
parse	2026-06-09
recent	abcd-ef-gh~2025~11~31~0
recent	2026-05-31~2024~2~1~1439
resolve	0~0.5~1~-1~-1
invert	3.3333333333
parse	2026-01-01
resolve	0~3.3333333333~0~2~inf
parse	20260601ab
recent	2026-06-01~2024~2~1~1439
resolve	1~-inf~1~1e308~-1
recent	~2026~5~1~720
recent	0000-01-01~2026~2~1~1439
resolve	0~1e-320~0~1.0000005~1e308
recent	2026-01-01~2026~2~1~1439
invert	1000000
parse	2026-06-13
recent	+026-06-01~2025~11~31~1
resolve	1~0.000001~0~-0~7.5
resolve	1~1e-320~0~1e308~7.5
resolve	1~1~1~1.0000005~7.5
resolve	1~3.3333333333~0~0.5~_
parse	2026-00-10
recent	abcd-ef-gh~2026~0~1~60
parse	2026-06-01
resolve	0~2~1~-inf~-1
recent	2026-05-31~2026~5~10~0
parse	abcd-ef-gh
parse	2026-06-09
resolve	0~-1~0~inf~7.5
resolve	0~0.5~0~1.0000005~-1
recent	2026-06-13~2024~2~1~1439
resolve	0~0~0~1e-320~-0
recent	2026-02-29~2025~11~31~1439
resolve	0~2~1~0.5~1e308
parse	2026-13-01
resolve	1~0.5~0~-1~7.5
parse	+026-06-01
resolve	0~6.9999995~0~-inf~1e308
resolve	0~_~0~-0~7.5
recent	2026-06-01~2025~11~31~1439
resolve	0~6.9999995~0~-inf~7.5
parse	2026-06-12
invert	1e-320
recent	2026-01-32~2026~0~1~1
resolve	0~1.0000005~1~-0~1e308
invert	-inf
recent	2026-05-31~2025~11~31~0
resolve	0~3.3333333333~0~0.000001~nan
parse	202 -06-01
resolve	0~1000000~1~2~nan
recent	~2024~2~1~59
invert	7.1234567
parse	2026-06+01
resolve	0~1e308~0~-inf~nan
resolve	1~0.000001~1~2~_
resolve	1~0~0~0.000001~0
resolve	0~1e-320~1~inf~1e308
parse	2026-06-09
parse	2026-06-08
parse	2026-02-29
parse	+026-06-01
parse	2026-06+01
resolve	0~7.1234567~1~0~1e308
invert	-1
parse	2026-01-01
parse	2026-05-31
recent	202 -06-01~2025~11~31~60
resolve	0~1~0~1e308~-0
recent	2026-06-01~2026~2~1~1
resolve	0~2~0~3.3333333333~inf
parse	-026-06-01
resolve	1~3.3333333333~1~1e308~inf
invert	7.1234567
resolve	0~1.0000005~1~6.9999995~0
resolve	0~1e-320~1~1000000~_
parse	2025-12-31
recent	nonsense~2026~5~1~1
recent	2026-06-09~2026~5~1~60
recent	2026-ab-01~2026~2~1~1439
resolve	0~0.5~0~0~_
parse	2026-00-10
recent	2026x06x01~2025~11~31~60
parse	202 -06-01
resolve	0~1000000~0~6.9999995~-0
recent	0001-01-15~2024~2~1~59
parse	2026-00-10
resolve	0~0~0~_~0
recent	2026-06-0a~2026~0~1~720
invert	1e308
parse	2026-02-29
recent	2026-01-01~2026~2~1~1439
resolve	0~0.5~1~inf~-1
resolve	0~1e308~0~inf~0
parse	2026-06-13
invert	-1
resolve	0~0.5~0~nan~inf
resolve	0~-1~0~1~-1
recent	2026-06-12~2026~0~1~1
parse	2026-06-13
resolve	0~-1~1~inf~7.5
resolve	0~1e308~0~6.9999995~7.5
resolve	1~1~0~nan~0
parse	2026-06-01
recent	2025-12-31~2024~2~1~60
resolve	0~1000000~0~-0~1e308
resolve	0~0.000001~1~1e308~inf
parse	2026-06-10
resolve	0~1.0000005~1~-1~inf
invert	-1
parse	2026-06-00
recent	2026-06-13~2026~2~1~59
resolve	0~1e308~0~0~inf
parse	2026-ab-01
invert	1
recent	2026-06-08~2025~11~31~1
recent	nonsense~2025~11~31~0
invert	-0
recent	-026-06-01~2024~2~1~60
recent	+026-06-01~2026~5~1~1439
parse	2026-06-12
invert	-inf
invert	1e308
parse	0000-01-01
parse	abcd-ef-gh
resolve	0~0~1~1~1e308
resolve	1~1e-320~0~1e308~7.5
resolve	0~0~1~-inf~nan
parse	2026-06-08
recent	nonsense~2024~2~1~60
recent	0000-01-01~2026~5~1~60
resolve	0~0~1~1.0000005~nan
invert	-inf
resolve	0~3.3333333333~1~inf~_
parse	2026-06-01
parse	2026-06-01
recent	2026-05-31~2026~5~10~1439
recent	2026-06+01~2026~5~10~59
resolve	0~1e-320~1~-0~0.14
resolve	0~1000000~1~1.0000005~1e308
recent	2026-06-08~2025~11~31~720
resolve	0~-1~1~3.3333333333~-0
parse	2026-00-10
recent	2024-02-29~2026~2~1~1
resolve	0~-1~1~nan~-0
resolve	0~-0~0~0.000001~0
parse	2026-01-32
resolve	1~7.1234567~0~0.5~-1
recent	2026-06-11~2026~0~1~59
resolve	1~2~0~0.5~0.14
resolve	0~6.9999995~1~0.000001~7.5
parse	2026-13-01
recent	202 -06-01~2026~5~10~60
resolve	0~0~1~inf~inf
resolve	0~3.3333333333~1~0.000001~1e308
recent	2026_06_01~2026~2~1~0
parse	2026-01-01
recent	2026-13-01~2026~2~1~60
invert	6.9999995
parse	2026-06-01
recent	-026-06-01~2026~5~1~720
resolve	0~-0~1~-1~nan
parse	2026-06-0a
resolve	0~-inf~1~1e-320~_
resolve	1~0.000001~1~1e-320~0
recent	20260601ab~2026~5~10~59
recent	2026-06-12~2025~11~31~1439
parse	9999-12-31
invert	1e-320
resolve	1~1000000~1~1.0000005~0
parse	2026_06_01
recent	2026x06x01~2026~5~1~1
parse	0000-01-01
resolve	0~_~1~1.0000005~0
parse	2026-01-32
recent	2024-02-29~2026~2~1~0
recent	2024-02-29~2024~2~1~60
resolve	0~1~0~1000000~0
resolve	0~2~0~0~1e308
recent	2026-06-09~2026~0~1~60
recent	0001-01-15~2025~11~31~0
parse	2026-00-10
parse	2026-06-10
resolve	1~-0~1~1~1e308
parse	2026-06-11
parse	+026-06-01
resolve	1~1~0~3.3333333333~1e308
recent	2026x06x01~2024~2~1~720
resolve	1~1000000~1~0~-0
parse	2026-6-1
invert	0.000001
invert	nan
resolve	0~1~1~1.0000005~_
resolve	0~-1~1~1.0000005~inf
invert	7.1234567
parse	20260601ab
invert	-inf
invert	-1
resolve	0~-0~1~1000000~0
resolve	0~_~1~2~7.5
invert	-0
recent	2026-06-08~2026~5~10~59
resolve	1~0.000001~0~0~-0
parse	2024-02-29
invert	2
resolve	1~2~0~7.1234567~nan
resolve	0~2~0~-0~_
parse	2026-00-10
parse	2026-06-01
resolve	0~1e308~0~0~7.5
recent	9999-12-31~2026~2~1~0
resolve	0~2~0~0~nan
resolve	0~-0~1~1e308~0
parse	2026-06-08
parse	2026-06-11
recent	-026-06-01~2025~11~31~0
recent	2026-06-10~2024~2~1~60
recent	2026-06+01~2026~2~1~1
parse	2026-06-13
recent	-026-06-01~2026~5~10~60
parse	2026-02-29
parse	2024-02-29
resolve	0~nan~0~0~_
parse	2026-13-01
resolve	0~2~0~0.000001~-0
resolve	0~1~0~3.3333333333~-0
resolve	0~0.000001~1~1~0.14
parse	2026-06-08
resolve	0~inf~0~_~-1
parse	2026-05-31
parse	2026-01-32
recent	20260601ab~2026~5~10~59
parse	2026-99-99
resolve	0~2~1~6.9999995~1e308
parse	2026-99-99
parse	0000-01-01
resolve	1~2~1~inf~0
recent	0001-01-15~2024~2~1~1439
resolve	0~1~1~inf~0.14
invert	1
recent	2026-06-08~2024~2~1~0
resolve	0~-0~0~7.1234567~0.14
parse	20260601ab
parse	2026-02-29
resolve	0~_~1~-0~nan
recent	2026-06-12~2026~2~1~1
resolve	0~6.9999995~0~inf~-1
recent	2026-00-10~2026~0~1~1439
recent	~2025~11~31~1439
parse	2026-00-10
invert	-1
invert	inf
resolve	0~1e-320~0~1e-320~1e308
resolve	0~2~0~nan~-0
parse	0000-01-01
resolve	0~3.3333333333~1~1000000~1e308
parse	2026-05-31
resolve	0~-0~1~0.5~-0
recent	2026-ab-01~2026~0~1~1
parse	
resolve	0~-inf~1~0.5~1e308
resolve	0~6.9999995~1~7.1234567~1e308
recent	2026-02-29~2026~2~1~1439
resolve	0~2~1~2~7.5
recent	~2026~5~10~0
resolve	0~6.9999995~0~2~-1
invert	1.0000005
resolve	0~-1~0~nan~1e308
resolve	0~0.000001~1~2~inf
recent	9999-12-31~2026~5~10~60
recent	20260601ab~2025~11~31~1
parse	2026-01-32
recent	2026-6-1~2024~2~1~720
resolve	1~1~0~1e-320~0
recent	+026-06-01~2026~0~1~60
invert	1e-320
resolve	0~-1~0~3.3333333333~-0
invert	-inf
parse	2026-06-01
resolve	1~1e308~1~6.9999995~nan
resolve	1~3.3333333333~1~2~inf
invert	1
resolve	0~1.0000005~0~1.0000005~inf
recent	9999-12-31~2026~2~1~720
recent	2026-6-1~2026~5~1~59
recent	2026-13-01~2026~2~1~1
invert	0.5
resolve	0~-1~1~7.1234567~7.5
resolve	0~6.9999995~1~0~-0
recent	2026-06-08~2026~2~1~1439
resolve	1~1~1~1e-320~0
parse	2025-12-31
resolve	0~1000000~0~-0~0
parse	nonsense
resolve	0~7.1234567~1~0.5~inf
resolve	0~0~1~0~1e308
parse	2026-13-01
resolve	0~1000000~0~0.5~-1
resolve	0~1e308~1~3.3333333333~inf
resolve	0~0.000001~1~7.1234567~0
parse	2026-06-01
recent	0001-01-15~2026~5~10~1439
resolve	0~_~0~inf~0.14
invert	-inf
resolve	0~inf~1~1000000~7.5
parse	abcd-ef-gh
parse	2026-06-01
parse	2026-06-01
resolve	0~0.5~0~1000000~nan
parse	2026-06-00
parse	2026x06x01
recent	2026-06-13~2025~11~31~720
recent	2025-12-31~2026~5~10~720
recent	nonsense~2026~5~10~60
recent	202 -06-01~2025~11~31~0
invert	1000000
parse	2026-06-01
recent	2026-06-09~2024~2~1~60
recent	2026-06-08~2025~11~31~1439
parse	2026-06-00
resolve	0~7.1234567~0~-1~0
resolve	1~6.9999995~1~1e308~nan
parse	20260601ab
resolve	0~1000000~0~nan~1e308
recent	2026-01-01~2026~2~1~60
parse	2026-01-32
recent	2026-06-09~2025~11~31~0
resolve	0~0~1~0.5~7.5
invert	nan
resolve	0~-0~1~inf~-1
invert	0.000001
recent	2026-06-10~2026~5~1~60
recent	20260601ab~2026~2~1~1439
parse	nonsense
recent	2026-06-11~2026~0~1~1439
invert	-0
recent	2025-12-31~2024~2~1~1
recent	20260601ab~2024~2~1~1
parse	2026-01-01
parse	2026-06-01
recent	2026-06-08~2025~11~31~1
parse	+026-06-01
invert	1e308
parse	2026-13-01
parse	2026-06-01
resolve	0~_~1~0.5~0
resolve	0~-1~1~6.9999995~inf
resolve	0~-1~0~1e-320~_
invert	1
recent	+026-06-01~2026~5~1~1439
recent	2026-06-0a~2026~5~1~60
invert	0.5
invert	3.3333333333
resolve	0~-inf~0~_~_
invert	1e-320
invert	1.0000005
resolve	0~1e-320~0~1~-0
invert	nan
recent	2024-02-29~2024~2~1~60
parse	2026-06-00
resolve	0~inf~0~1e-320~nan
resolve	0~0.000001~0~2~-1
resolve	0~-0~1~0.5~1e308
invert	6.9999995
recent	abcd-ef-gh~2026~5~1~720
resolve	0~-0~0~0~-0
parse	2026-06-10
invert	1
parse	2026_06_01
resolve	0~0~1~-1~nan
parse	abcd-ef-gh
resolve	0~_~0~2~0
resolve	0~1000000~1~3.3333333333~1e308
parse	202 -06-01
parse	
resolve	1~1e-320~1~3.3333333333~1e308
parse	2026x06x01
recent	2026_06_01~2025~11~31~720
resolve	0~-1~0~6.9999995~7.5
parse	2026-06-01
recent	2026-01-32~2024~2~1~1439
parse	2026-6-1
recent	2026-6-1~2025~11~31~1
invert	-1
resolve	0~inf~0~_~nan
recent	2026-6-1~2026~2~1~1439
parse	-026-06-01
resolve	0~0~1~1e-320~0
resolve	0~-1~0~1e308~nan
resolve	0~1000000~1~7.1234567~7.5
invert	1e-320
recent	0001-01-15~2026~0~1~0
resolve	0~_~0~3.3333333333~_
parse	9999-12-31
invert	1e-320
resolve	0~1e-320~1~0.000001~0.14
recent	2026-00-10~2026~0~1~59
parse	2025-12-31
recent	9999-12-31~2026~0~1~720
resolve	0~6.9999995~0~7.1234567~inf
recent	2025-12-31~2026~0~1~0
parse	nonsense
invert	1.0000005
resolve	0~0.5~1~0~-1
parse	
resolve	0~1e-320~1~2~_
recent	2026-00-10~2025~11~31~1439
resolve	1~0.5~1~3.3333333333~inf
resolve	0~3.3333333333~1~1.0000005~_
parse	2026x06x01
resolve	0~6.9999995~1~nan~nan
resolve	1~-inf~1~inf~inf
parse	2026-06-09
parse	abcd-ef-gh
resolve	0~inf~1~-1~-1
resolve	0~3.3333333333~1~1000000~nan
resolve	0~1~0~-0~1e308
parse	2026-06-10
invert	-1
parse	9999-12-31
recent	2026-05-31~2025~11~31~60
invert	0
resolve	0~2~0~0.000001~inf
resolve	0~1000000~1~-0~_
recent	0001-01-15~2026~5~10~1439
resolve	1~1e-320~0~inf~0.14
parse	2024-02-29
resolve	0~-inf~1~1e308~inf
parse	2026-06-0a
resolve	0~0~0~1e308~0.14
resolve	0~-inf~0~2~nan
resolve	0~-1~0~3.3333333333~inf
invert	-1
recent	2026-06-0a~2026~5~10~1439
parse	2026-00-10
recent	2026-06-13~2026~5~10~720
invert	0.5
recent	2026x06x01~2024~2~1~59
resolve	0~1.0000005~0~1e308~inf
resolve	0~-inf~1~-1~inf
parse	2026-06-01
resolve	0~7.1234567~0~nan~_
recent	20260601ab~2026~5~1~60
recent	+026-06-01~2026~5~1~1
invert	_
resolve	0~3.3333333333~1~6.9999995~0.14
resolve	0~7.1234567~0~0.000001~nan
parse	20260601ab
parse	-026-06-01
recent	20260601ab~2025~11~31~1439
invert	-0
invert	0.000001
resolve	0~0.5~1~0~inf
recent	202 -06-01~2026~5~1~720
invert	-1
parse	nonsense
recent	0000-01-01~2026~0~1~1439
parse	2026-06-13
resolve	0~_~1~3.3333333333~-0
resolve	0~-0~1~7.1234567~0
resolve	0~-1~0~3.3333333333~nan
resolve	0~-1~0~2~7.5
invert	-1
resolve	0~_~0~nan~7.5
recent	2026_06_01~2025~11~31~1
resolve	0~-inf~1~nan~7.5
parse	2026-6-1
invert	0
resolve	0~0.5~0~-0~inf
parse	2025-12-31
resolve	1~0.000001~0~1.0000005~0.14
parse	2026-99-99
recent	abcd-ef-gh~2026~5~10~720
parse	2026-99-99
parse	0000-01-01
resolve	0~0.5~1~0.000001~inf
invert	1.0000005
invert	0
resolve	0~6.9999995~1~1e-320~1e308
recent	2026-05-31~2025~11~31~1439
resolve	0~-0~0~0.5~-1
recent	2026-06-10~2026~2~1~1439
parse	2026-06+01
parse	9999-12-31
parse	2026-06+01
invert	-1
resolve	0~0~0~1~7.5
resolve	0~3.3333333333~1~0.000001~-1
invert	-1
resolve	0~0.5~1~1e-320~-1
recent	202 -06-01~2026~5~10~59
recent	2026-01-32~2026~5~10~59
resolve	1~_~1~7.1234567~-0
resolve	0~0~1~1.0000005~0
resolve	0~1.0000005~1~inf~inf
invert	1e-320
resolve	0~6.9999995~0~1000000~-0
recent	2026-ab-01~2024~2~1~59
resolve	0~nan~0~1e-320~_
resolve	0~1.0000005~1~inf~nan
recent	2026-06-09~2026~5~10~1
parse	20260601ab
invert	1e-320
recent	2026-00-10~2025~11~31~1439
resolve	1~-inf~0~1.0000005~inf
recent	2026x06x01~2026~2~1~1
parse	2026-00-10
invert	1.0000005
invert	0.000001
invert	2
resolve	0~7.1234567~1~2~1e308
parse	0001-01-15
resolve	1~0.000001~1~6.9999995~1e308
recent	9999-12-31~2026~5~1~1439
recent	2026-06-12~2026~5~1~1
recent	nonsense~2026~5~10~0
resolve	0~3.3333333333~0~1e-320~-1
recent	2026-01-32~2026~5~1~1
parse	2026-06-01
parse	abcd-ef-gh
recent	2026-06-13~2025~11~31~1439
parse	2026-00-10
parse	nonsense
recent	2026-01-01~2025~11~31~60
parse	2026_06_01
recent	2026-02-29~2026~5~1~720
invert	nan
invert	6.9999995
recent	2026x06x01~2026~2~1~1439
recent	2026-06-01~2026~5~1~720
recent	2026-6-1~2026~0~1~60
resolve	0~_~1~1000000~-0
recent	2026-99-99~2026~5~10~0
parse	2026-13-01
resolve	0~2~0~2~nan
parse	2026-06-13
resolve	0~1e-320~0~2~1e308
recent	2026-06-11~2026~5~10~1439
parse	-026-06-01
resolve	0~2~0~1e-320~0
recent	2026_06_01~2024~2~1~0
parse	2026-ab-01
parse	20260601ab
resolve	0~1e308~1~1.0000005~0
resolve	0~0~1~0~inf
invert	-0
resolve	0~6.9999995~0~7.1234567~7.5
resolve	0~0.000001~0~nan~0.14
parse	2026-06-00
resolve	0~-1~0~1~0.14
resolve	1~1000000~0~inf~_
resolve	0~3.3333333333~1~1e-320~1e308
resolve	1~6.9999995~0~0.000001~0
recent	0000-01-01~2026~5~1~60
resolve	0~-0~0~0.5~1e308
recent	2026-ab-01~2026~2~1~59
recent	2026-00-10~2026~5~10~1439
resolve	0~1e308~0~6.9999995~0.14
parse	2026-05-31
resolve	0~2~1~0.000001~0.14
parse	9999-12-31
parse	2026-06-0a
recent	2026-06-08~2025~11~31~1439
resolve	0~1e308~1~0.000001~inf
recent	2026-06+01~2026~0~1~0
parse	0000-01-01
invert	1e308
invert	-1
parse	2026-06+01
resolve	1~inf~1~_~1e308
parse	2026-01-01
parse	+026-06-01
resolve	0~-0~0~7.1234567~inf
resolve	0~_~1~7.1234567~_
resolve	0~nan~1~_~_
resolve	0~_~0~-1~0.14
recent	-026-06-01~2026~2~1~1439
recent	abcd-ef-gh~2026~2~1~720
recent	~2026~0~1~1
resolve	0~nan~0~1.0000005~0
resolve	0~1e308~0~-inf~-0
recent	+026-06-01~2026~2~1~60
resolve	0~nan~0~inf~7.5
recent	2026-06-01~2026~5~1~1439
resolve	0~1~0~-0~7.5
invert	1.0000005
parse	2026-6-1
recent	-026-06-01~2026~2~1~1439
parse	9999-12-31
resolve	0~0.5~1~1e-320~0.14
parse	2026-01-01
invert	3.3333333333
parse	2026-06+01
invert	6.9999995
parse	-026-06-01
resolve	0~1~0~3.3333333333~-0
resolve	1~-inf~1~0~-1
parse	2026_06_01
recent	2024-02-29~2025~11~31~0
parse	2026-06-12
recent	2026-06-12~2025~11~31~1439
parse	2026-01-01
recent	2026-06-0a~2026~0~1~720
parse	abcd-ef-gh
recent	2026-06-09~2026~5~1~60
invert	2
parse	2026-99-99
recent	2026-ab-01~2026~5~1~60
parse	2024-02-29
parse	abcd-ef-gh
invert	2
invert	-inf
resolve	0~1000000~0~1.0000005~1e308
resolve	0~inf~0~0.5~0.14
recent	2026x06x01~2026~5~1~1439
parse	202 -06-01
resolve	0~1000000~1~1~nan
parse	2026-06-12
recent	2026-05-31~2026~5~1~59
recent	2026x06x01~2024~2~1~1439
invert	_
resolve	0~6.9999995~1~6.9999995~nan
recent	+026-06-01~2026~5~10~720
resolve	1~3.3333333333~0~7.1234567~1e308
recent	~2026~5~1~1439
parse	2026-06-12
resolve	0~0.5~1~0~-0
invert	0.5
invert	1e308
recent	+026-06-01~2026~5~10~1439
recent	2026-06-11~2026~0~1~0
resolve	0~3.3333333333~1~2~-1
resolve	0~-0~1~nan~1e308
resolve	0~1000000~0~0.5~inf
recent	2026-00-10~2025~11~31~1439
recent	2026-06-08~2026~2~1~1439
invert	3.3333333333
resolve	0~1.0000005~0~nan~-1
parse	2026-99-99
resolve	0~0.5~0~-1~0.14
parse	2026-06-08
resolve	0~7.1234567~0~nan~-1
parse	2026-06-01
resolve	0~-1~0~0.000001~0
recent	202 -06-01~2026~5~10~1
resolve	0~1~0~6.9999995~-1
recent	2026-06-08~2024~2~1~1439
resolve	0~1000000~0~0.000001~1e308
recent	~2025~11~31~1439
parse	0001-01-15
parse	2026-99-99
parse	2026-06-13
resolve	1~0.000001~1~2~0.14
invert	2
resolve	0~1.0000005~0~-0~nan
parse	2026-00-10
invert	1000000
recent	2026-06-01~2026~2~1~720
parse	2026-06-11
invert	-inf
resolve	0~nan~0~-0~nan
resolve	0~1e308~0~inf~0
recent	~2026~2~1~60
resolve	0~3.3333333333~1~inf~1e308
parse	2026-13-01
parse	2026-06-0a
invert	inf
parse	2024-02-29
recent	2026x06x01~2024~2~1~1439
parse	9999-12-31
resolve	0~3.3333333333~0~7.1234567~inf
invert	1.0000005
resolve	1~-inf~0~-0~7.5
recent	2026-ab-01~2024~2~1~1
resolve	0~1.0000005~1~nan~inf
invert	nan
resolve	0~6.9999995~0~0.000001~-1
resolve	0~-1~0~7.1234567~7.5
resolve	0~0.000001~0~-1~-0
resolve	0~-1~0~3.3333333333~inf
parse	2026-06-08
invert	-inf
recent	2026-01-01~2026~2~1~1439
resolve	0~6.9999995~0~2~inf
resolve	0~-1~1~1000000~_
resolve	1~1e308~0~1~nan
resolve	0~2~1~0~7.5
invert	0.5
parse	2026-06-12
resolve	0~nan~1~1000000~inf
resolve	1~1.0000005~0~2~7.5
recent	2026-06-01~2024~2~1~0
recent	nonsense~2026~0~1~59
parse	2026-06-0a
recent	2026-06-11~2025~11~31~1439
resolve	0~_~1~0~inf
recent	2026-06-10~2025~11~31~60
parse	2024-02-29
recent	9999-12-31~2025~11~31~60
resolve	0~_~1~1~_
parse	2026-06-09
recent	2026x06x01~2026~5~1~720
parse	2026-06-08
parse	2026-00-10
recent	2026-06+01~2026~2~1~0
resolve	0~1e-320~1~-inf~7.5
parse	2026-06-0a
recent	2026-02-29~2026~2~1~59
parse	2026-02-29
recent	2026-06-09~2026~0~1~1439
resolve	0~_~0~0~_
recent	0000-01-01~2024~2~1~0
resolve	1~nan~1~7.1234567~0
resolve	0~nan~1~_~1e308
parse	abcd-ef-gh
resolve	0~1~0~1~inf
resolve	0~1e-320~0~-1~nan
resolve	0~6.9999995~0~3.3333333333~7.5
recent	-026-06-01~2024~2~1~60
recent	2026-6-1~2026~5~10~720
resolve	0~-1~1~7.1234567~1e308
parse	2026-06+01
parse	0000-01-01
resolve	0~0.000001~1~_~inf
resolve	0~_~0~0.000001~_
invert	nan
parse	2026_06_01
resolve	0~_~1~1000000~-0
recent	2026-06-00~2026~2~1~0
invert	1e308
recent	2026-00-10~2026~5~1~1439
recent	0001-01-15~2026~5~1~1439
invert	1.0000005
parse	2026x06x01
parse	2026-06-10
resolve	0~2~1~2~nan
recent	2024-02-29~2024~2~1~59
parse	2026-99-99
parse	2025-12-31
parse	2026-06-00
recent	0001-01-15~2026~0~1~0
invert	1
recent	2024-02-29~2026~0~1~720
parse	9999-12-31
resolve	0~1000000~0~inf~_
resolve	0~1e308~0~1e-320~0.14
invert	0.5
recent	2026-01-01~2026~2~1~59
resolve	0~1~0~3.3333333333~nan
resolve	0~1e-320~1~1000000~-1
resolve	0~6.9999995~0~-inf~nan
resolve	0~1e-320~1~2~7.5
recent	2026-ab-01~2026~2~1~720
parse	2026-06-0a
recent	9999-12-31~2026~2~1~1
resolve	1~0.5~0~_~0.14
resolve	0~6.9999995~0~6.9999995~0.14
parse	abcd-ef-gh
recent	2026_06_01~2024~2~1~720
parse	9999-12-31
parse	nonsense
parse	abcd-ef-gh
parse	-026-06-01
parse	-026-06-01
resolve	0~2~1~0.5~-0
resolve	0~1.0000005~1~nan~nan
parse	0000-01-01
resolve	0~0.5~1~0.000001~0.14
recent	2026x06x01~2026~0~1~0
parse	2026-01-32
parse	2026-06-13
resolve	0~0.000001~0~2~_
resolve	0~1~0~1.0000005~-1
resolve	0~2~1~0.5~0.14
resolve	0~-1~0~1~_
resolve	1~0.000001~0~inf~nan
invert	0.5
recent	2026-06-00~2026~5~1~59
parse	2026-99-99
resolve	0~-1~1~6.9999995~-1
invert	_
recent	nonsense~2026~0~1~0
parse	20260601ab
resolve	0~0.000001~1~_~0
resolve	0~1000000~1~_~inf
resolve	0~_~0~1e-320~1e308
resolve	0~nan~1~1e-320~inf
resolve	1~0~0~6.9999995~7.5
parse	2026_06_01
recent	2026-ab-01~2026~5~10~720
parse	abcd-ef-gh
parse	2026-00-10
resolve	0~6.9999995~0~3.3333333333~7.5
parse	9999-12-31
resolve	0~3.3333333333~0~6.9999995~0.14
parse	2026-06-09
resolve	0~-inf~0~0.5~1e308
parse	2026-ab-01
resolve	0~6.9999995~0~1.0000005~-1
parse	2026-02-29
parse	2026-13-01
invert	1000000
resolve	0~-1~1~1~0.14
resolve	0~0.5~0~_~_
resolve	0~2~1~_~-0
parse	0000-01-01
parse	2026x06x01
recent	-026-06-01~2026~0~1~1
recent	2026-13-01~2026~0~1~0
recent	2026-13-01~2025~11~31~1439
recent	2026-05-31~2024~2~1~1
recent	2026-06-08~2025~11~31~60
resolve	0~1~0~_~7.5
resolve	0~2~0~1e308~0
parse	2026-ab-01
invert	2
resolve	0~nan~0~6.9999995~0
recent	2024-02-29~2024~2~1~59
recent	9999-12-31~2026~0~1~1
resolve	1~7.1234567~0~1e-320~-1
invert	nan
invert	3.3333333333
recent	9999-12-31~2025~11~31~1
recent	2026-06-08~2026~5~10~59
parse	2026-ab-01
recent	2026-06-09~2026~5~1~60
invert	-inf
resolve	0~7.1234567~0~1e-320~inf
resolve	0~7.1234567~1~1.0000005~0
recent	2026-05-31~2026~2~1~1439
parse	2026-06-08
parse	+026-06-01
resolve	0~nan~1~3.3333333333~nan
resolve	0~nan~1~-0~-0
parse	2026_06_01
parse	0000-01-01
recent	+026-06-01~2026~5~1~60
resolve	0~-0~0~0.000001~-1
invert	1
resolve	1~1~0~0~7.5
resolve	0~1000000~0~7.1234567~-1
invert	1
recent	2026-13-01~2024~2~1~1439
recent	2026-ab-01~2026~5~1~0
recent	2026-06-0a~2026~2~1~1439
parse	2026-06-08
recent	2026-06+01~2026~5~1~1439
resolve	0~6.9999995~0~inf~nan
parse	2026-06-01
resolve	0~_~1~1000000~inf
recent	2026-06-09~2026~2~1~59
resolve	0~-inf~0~nan~inf
parse	2026-06-12
recent	2026-06-0a~2026~5~10~1439
resolve	0~1000000~0~0.000001~nan
resolve	0~1e-320~0~-0~-1
resolve	1~_~1~_~7.5
recent	2026-02-29~2026~0~1~720
resolve	0~1~0~1.0000005~nan
resolve	0~1000000~1~-0~1e308
resolve	0~nan~1~-1~7.5
resolve	0~1.0000005~1~0~0
recent	2026-06-10~2026~0~1~0
recent	2026-6-1~2026~0~1~1
invert	1e-320
parse	2026-06-09
resolve	0~2~0~3.3333333333~-1
resolve	0~1~1~6.9999995~inf
recent	2026x06x01~2026~5~10~60
resolve	0~1e-320~1~1000000~0.14
resolve	0~1000000~1~1.0000005~nan
parse	2026_06_01
resolve	0~1e308~0~1000000~inf
resolve	0~0.000001~1~nan~0
invert	7.1234567
parse	202 -06-01
recent	2026-99-99~2026~5~1~1
resolve	0~0.5~1~1e-320~7.5
resolve	0~-1~1~0~inf
resolve	0~_~0~nan~-0
resolve	0~1e308~1~6.9999995~0
recent	20260601ab~2025~11~31~0
recent	20260601ab~2025~11~31~1
recent	0001-01-15~2026~0~1~1439
parse	2026-99-99
parse	2025-12-31
recent	2026-06-08~2026~0~1~1
resolve	0~0~0~6.9999995~1e308
resolve	0~-inf~0~nan~0.14
invert	nan
resolve	1~2~1~inf~0
parse	2026-06-01
resolve	0~1e308~1~1.0000005~7.5
recent	2026-06-12~2026~5~10~1439
recent	2026-06-08~2026~5~10~59
resolve	0~-1~0~-inf~_
resolve	0~inf~1~nan~nan
parse	2026-06-11
parse	2025-12-31
resolve	0~-1~0~1e-320~7.5
resolve	0~-inf~0~1~inf
recent	2026-06+01~2026~5~10~1439
parse	2024-02-29
recent	~2026~5~10~0
invert	1e-320
recent	2026-ab-01~2025~11~31~1
recent	2026-06-01~2026~5~1~1439
resolve	0~1.0000005~0~7.1234567~1e308
resolve	0~1.0000005~0~1~7.5
parse	2026-06-0a
resolve	0~3.3333333333~0~1~7.5
recent	2026-06-00~2026~0~1~60
recent	2026-06+01~2026~0~1~720
resolve	0~3.3333333333~0~-inf~7.5
resolve	0~3.3333333333~0~1000000~1e308
resolve	0~1~1~3.3333333333~-0
resolve	0~1000000~1~_~inf
resolve	0~3.3333333333~0~inf~-0
parse	2026-01-32
recent	2026-06-01~2026~0~1~1439
resolve	0~2~0~0.000001~7.5
invert	0.5
parse	2026-06-08
invert	-1
resolve	0~0.000001~1~1~-1
recent	-026-06-01~2026~5~10~720
invert	-1
parse	2026-06-00
resolve	0~inf~0~1000000~-1
parse	2026-01-01
recent	2026-06-01~2026~5~10~60
invert	1e308
invert	7.1234567
resolve	0~1000000~0~0.000001~nan
invert	_
recent	2026-ab-01~2026~2~1~1439
resolve	0~1000000~0~-inf~0
recent	nonsense~2026~5~1~1439
recent	2026-06-01~2026~5~1~60
resolve	0~1e-320~0~7.1234567~7.5
parse	20260601ab
parse	2026-01-01
parse	2025-12-31
parse	2025-12-31
resolve	0~-0~1~inf~7.5
resolve	0~-inf~1~7.1234567~_
parse	202 -06-01
parse	2026-01-01
parse	2026x06x01
resolve	0~nan~0~1.0000005~-1
invert	0
recent	2026-00-10~2024~2~1~59
recent	2026-06-12~2026~2~1~60
resolve	0~1.0000005~0~_~0
invert	-0
resolve	0~_~1~-inf~1e308
parse	0001-01-15
recent	2026-06-10~2025~11~31~60
recent	2026-01-01~2024~2~1~60
recent	2026-13-01~2026~5~10~1439
recent	2026-06-10~2024~2~1~1439
resolve	0~7.1234567~1~0~nan
parse	2026-01-32
invert	_
resolve	0~_~0~1~0
recent	2026-06-01~2026~0~1~720
resolve	1~7.1234567~1~_~inf
parse	2026-01-01
recent	0000-01-01~2026~5~1~1439
recent	0001-01-15~2026~2~1~1439
invert	0.000001
resolve	0~0.5~0~-inf~7.5
resolve	0~inf~0~2~1e308
resolve	0~6.9999995~0~0.000001~inf
resolve	1~_~1~0.000001~nan
resolve	0~3.3333333333~0~-inf~0.14
recent	2026-99-99~2026~0~1~1439
resolve	0~1.0000005~0~1~-0
resolve	0~1e308~0~1e308~7.5
resolve	0~1~0~1e308~nan
parse	2026-06-10
parse	2026-ab-01
resolve	0~-1~0~6.9999995~nan
resolve	1~1~0~inf~0.14
resolve	0~-inf~0~_~-0
parse	2026-06-01
recent	abcd-ef-gh~2025~11~31~1439
parse	2026x06x01
resolve	0~1~0~1e308~1e308
parse	0000-01-01
recent	2026-06-00~2026~5~1~1439
resolve	0~7.1234567~1~-1~7.5
recent	2026-06-11~2026~2~1~1
parse	2026-06+01
resolve	0~-inf~1~1e-320~1e308
parse	20260601ab
resolve	0~1.0000005~0~2~0.14
resolve	0~2~0~-1~nan
resolve	1~7.1234567~0~-0~0
resolve	0~inf~1~1~1e308
invert	6.9999995
recent	0000-01-01~2026~2~1~59
invert	inf
resolve	0~1.0000005~1~3.3333333333~inf
resolve	0~1.0000005~1~1.0000005~-1
resolve	0~0.5~1~-0~nan
resolve	1~inf~0~nan~1e308
resolve	0~2~1~0~_
resolve	0~0.5~0~0~inf
resolve	0~6.9999995~1~-1~-1
resolve	0~1.0000005~1~-0~1e308
recent	2026-06+01~2025~11~31~1
invert	inf
invert	7.1234567
resolve	0~_~1~3.3333333333~1e308
parse	2026-06-08
parse	2025-12-31
resolve	0~1e308~0~inf~0.14
resolve	1~inf~1~0.5~0
resolve	0~7.1234567~0~0.5~_
resolve	0~1~0~1000000~0
resolve	0~nan~0~-0~inf
invert	1e-320
resolve	0~1~0~nan~-1
resolve	0~2~1~inf~1e308
invert	1e308
invert	3.3333333333
invert	nan
resolve	0~nan~0~-0~0
recent	2026-01-32~2025~11~31~1
invert	1e-320
invert	3.3333333333
resolve	0~inf~1~6.9999995~_
resolve	0~1~0~nan~7.5
parse	2026-ab-01
parse	2026-06-12
resolve	0~1~0~nan~-0
resolve	1~0~0~nan~-1
resolve	0~_~1~7.1234567~0.14
resolve	0~1e308~0~0~1e308
invert	1e-320
recent	2026x06x01~2026~2~1~60
invert	-1
recent	2026-99-99~2026~5~1~1439
recent	2026-06-01~2026~5~10~60
resolve	0~-0~1~1e308~0
recent	2026-06-01~2025~11~31~1439
invert	0.5
parse	2026-01-01
recent	9999-12-31~2024~2~1~720
resolve	1~0~0~nan~0.14
parse	2026-00-10
resolve	0~1.0000005~0~-0~0
resolve	0~2~1~inf~-1
resolve	0~1e308~1~nan~nan
resolve	0~-0~1~0.5~inf
resolve	0~7.1234567~0~7.1234567~1e308
parse	2026-13-01
parse	2026-05-31
parse	2026-06-00
resolve	0~-inf~1~1~7.5
parse	2026-06-09
resolve	0~6.9999995~1~1e-320~inf
parse	2026-06-09
parse	20260601ab
parse	2026-00-10
invert	3.3333333333
invert	1e-320
recent	~2026~0~1~60
parse	202 -06-01
resolve	0~-1~0~6.9999995~inf
recent	2026-99-99~2026~0~1~1439
invert	_
parse	0001-01-15
recent	2026-06-13~2026~0~1~60
parse	2026-06+01
invert	0.000001
parse	abcd-ef-gh
parse	2026-05-31
recent	2026-06-0a~2024~2~1~1439
resolve	1~1e-320~1~-1~7.5
parse	2025-12-31
resolve	0~-inf~0~6.9999995~_
parse	2026-06-10
parse	+026-06-01
parse	+026-06-01
parse	2026x06x01
invert	-inf
resolve	0~7.1234567~1~1~-0
recent	2026-99-99~2026~2~1~720
resolve	0~3.3333333333~1~3.3333333333~-1
invert	2
invert	-inf
parse	9999-12-31
invert	0.000001
resolve	0~inf~0~1e-320~inf
resolve	0~1e-320~1~1e308~0
resolve	0~-inf~0~-inf~0
resolve	0~1e308~0~1e308~nan
recent	2026-06-12~2026~2~1~1439
resolve	0~nan~1~1000000~0.14
invert	2
resolve	0~1~0~0.5~_
resolve	0~inf~1~0~0
invert	2
resolve	0~7.1234567~1~1.0000005~nan
resolve	0~-inf~1~7.1234567~_
invert	0
resolve	0~1.0000005~1~7.1234567~nan
resolve	1~-1~0~1.0000005~_
recent	2026-06-0a~2026~2~1~1
resolve	0~1~0~1e308~0.14
recent	2026-06-12~2024~2~1~0
invert	3.3333333333
resolve	0~3.3333333333~1~0~_
resolve	1~-1~1~3.3333333333~7.5
parse	2026-ab-01
recent	2026-06-09~2024~2~1~1
recent	20260601ab~2026~0~1~60
parse	2026-01-01
invert	1e308
resolve	0~0~1~1e308~nan
parse	2026-05-31
resolve	0~1e308~0~7.1234567~0
resolve	0~0.000001~1~7.1234567~0.14
recent	2026-06-01~2024~2~1~720
parse	nonsense
resolve	0~0.5~0~-0~nan
resolve	1~1e308~1~_~inf
recent	2026x06x01~2026~2~1~1439
recent	2026-06-0a~2025~11~31~0
resolve	0~2~1~2~7.5
resolve	0~1.0000005~1~1e-320~_
recent	2026-06-12~2026~0~1~1439
resolve	0~-0~0~7.1234567~1e308
parse	2026-6-1
recent	2024-02-29~2026~5~1~1
parse	+026-06-01
recent	2026-02-29~2024~2~1~1439
parse	-026-06-01
parse	20260601ab
resolve	0~0.000001~0~nan~nan
invert	-0
parse	abcd-ef-gh
resolve	0~0.000001~1~nan~0
recent	2026-06-01~2026~2~1~1439
parse	2026x06x01
parse	2026-06-12
parse	2026-06+01
parse	nonsense
recent	2026-06-01~2025~11~31~1439
recent	2026-06-00~2026~5~1~1
resolve	1~0~1~1e308~7.5
resolve	0~7.1234567~0~-1~-1
parse	2026-06-12
recent	9999-12-31~2026~2~1~59
resolve	0~0.5~0~-1~7.5
resolve	0~-1~0~1000000~0
invert	2
resolve	0~0~0~inf~inf
recent	2026-06-09~2026~0~1~1
resolve	0~-1~0~7.1234567~1e308
parse	9999-12-31
parse	9999-12-31
resolve	0~0.000001~0~7.1234567~7.5
recent	0000-01-01~2025~11~31~60
invert	0.5
parse	2026-00-10
invert	1.0000005
resolve	0~_~1~1.0000005~1e308
resolve	0~1e308~0~_~0
invert	2
recent	202 -06-01~2026~2~1~720
resolve	1~6.9999995~0~-inf~-1
resolve	0~1.0000005~1~1~0.14
resolve	0~1000000~0~-0~0
resolve	0~1000000~1~-1~0.14
resolve	1~-0~0~-inf~0.14
resolve	0~0~0~0~nan
resolve	0~1.0000005~1~inf~-1
parse	nonsense
resolve	0~nan~1~6.9999995~inf
resolve	0~6.9999995~0~-inf~0
parse	20260601ab
recent	2026-06-12~2024~2~1~1439
invert	1000000
parse	9999-12-31
resolve	0~1000000~1~6.9999995~7.5
recent	2026-06+01~2024~2~1~1
resolve	0~1.0000005~0~nan~-0
recent	2026-ab-01~2025~11~31~1439
resolve	1~6.9999995~1~1~_
recent	2026-06-01~2026~5~1~1439
invert	6.9999995
resolve	0~6.9999995~1~7.1234567~1e308
parse	+026-06-01
recent	2026-ab-01~2026~2~1~0
resolve	0~6.9999995~1~-1~inf
resolve	0~1e-320~0~0.000001~_
parse	2026-02-29
parse	nonsense
parse	2026-06-12
recent	2025-12-31~2026~2~1~1439
resolve	0~7.1234567~1~1~0
parse	2026-06-11
resolve	0~1.0000005~1~_~0.14
recent	0001-01-15~2026~0~1~1439
resolve	0~7.1234567~0~-0~1e308
recent	0000-01-01~2026~5~10~1439
parse	2026-02-29
recent	2026-06-11~2025~11~31~0
resolve	0~7.1234567~0~_~7.5
resolve	0~0.5~0~1.0000005~0
recent	0001-01-15~2024~2~1~1439
resolve	0~1e-320~1~1~-0
invert	3.3333333333
resolve	0~0.5~1~-1~1e308
invert	0
invert	1.0000005
invert	-inf
recent	2026-06-01~2026~0~1~1439
resolve	0~1e-320~1~6.9999995~_
invert	1e308
parse	2026-06-09
recent	2026-99-99~2026~0~1~60
resolve	0~1~1~1~nan
invert	2
resolve	0~1e-320~1~0.000001~inf
resolve	0~1~0~6.9999995~1e308
resolve	0~7.1234567~1~0.5~nan
recent	2026-01-32~2025~11~31~0
resolve	0~6.9999995~1~7.1234567~nan
parse	2026-00-10
resolve	0~3.3333333333~1~0~7.5
parse	2026-06-00
invert	nan
recent	2026-01-01~2026~0~1~0
resolve	0~inf~0~2~_
invert	1e-320
invert	-0
parse	2026-06-12
resolve	0~0~1~6.9999995~7.5
resolve	1~1e308~1~0~-0
invert	0.5
resolve	0~1e-320~1~1~7.5
recent	2026-05-31~2026~2~1~0
invert	_
invert	nan
parse	202 -06-01
resolve	0~inf~1~0.000001~inf
resolve	0~7.1234567~0~1e308~0
resolve	0~0.000001~1~-1~-1
recent	2026-00-10~2026~0~1~60
resolve	0~6.9999995~1~nan~7.5
recent	2025-12-31~2026~5~1~0
resolve	1~_~1~-inf~-0
parse	20260601ab
invert	nan
resolve	0~inf~1~0.5~_
parse	2026-06-00
recent	20260601ab~2026~2~1~720
parse	2026-06-10
parse	2026-6-1
resolve	0~_~0~inf~_
resolve	0~1000000~1~1~0
recent	202 -06-01~2026~0~1~0
parse	2026-06-08
resolve	0~1e-320~0~7.1234567~7.5
resolve	0~-inf~1~1000000~nan
parse	+026-06-01
resolve	0~6.9999995~1~0~7.5
resolve	1~2~1~-1~_
resolve	0~0.000001~1~7.1234567~7.5
invert	-inf
recent	2026-02-29~2026~0~1~720
resolve	0~1e308~1~3.3333333333~-0
resolve	1~7.1234567~0~1e308~0
recent	2026-06-01~2026~5~1~60
parse	+026-06-01
resolve	0~nan~1~3.3333333333~nan
recent	2026x06x01~2024~2~1~1439
resolve	0~inf~1~-inf~1e308
recent	+026-06-01~2026~5~1~59
parse	2026x06x01
parse	nonsense
resolve	0~1~0~0.000001~_
recent	2026-06-12~2026~2~1~1439
resolve	1~-1~1~7.1234567~_
invert	1
resolve	0~_~1~3.3333333333~nan
recent	2026-01-01~2026~5~10~720
parse	+026-06-01
invert	nan
parse	2026-06-08
parse	2026-ab-01
resolve	0~-inf~1~0.5~0
recent	2026-02-29~2026~2~1~1439
resolve	0~1000000~0~-0~nan
invert	_
resolve	0~1.0000005~1~2~1e308
resolve	0~0.5~1~1~inf
parse	2026x06x01
resolve	0~1~0~_~nan
resolve	0~0.5~0~-1~-0
parse	2026-06-01
resolve	0~1000000~1~1e-320~0
resolve	0~nan~1~inf~_
resolve	0~1~0~0.000001~nan
resolve	0~1e-320~0~1~0
resolve	0~-0~1~1e308~1e308
recent	2026-06-08~2026~0~1~1439
parse	+026-06-01
parse	
recent	2026-99-99~2026~2~1~1439
resolve	0~6.9999995~0~6.9999995~_
resolve	0~1e308~1~inf~0
resolve	0~7.1234567~0~inf~-1
resolve	0~inf~0~0.5~0.14
recent	2026x06x01~2026~2~1~0
recent	-026-06-01~2025~11~31~1439
parse	2025-12-31
resolve	0~6.9999995~0~1.0000005~-1
resolve	1~0~1~1e-320~0.14
parse	-026-06-01
resolve	0~7.1234567~0~1e308~0
recent	2026-05-31~2026~5~10~0
resolve	0~1~0~-inf~7.5
recent	9999-12-31~2026~2~1~1439
parse	202 -06-01
invert	1e-320
recent	2026-06-01~2026~5~10~59
resolve	0~1000000~1~6.9999995~nan
parse	nonsense
recent	9999-12-31~2026~0~1~0
invert	3.3333333333
resolve	0~-1~1~-0~0.14
resolve	0~0.000001~0~0.5~0.14
resolve	0~1000000~1~-inf~1e308
resolve	0~3.3333333333~1~2~nan
resolve	0~0.5~1~0~nan
parse	2026-06-0a
recent	nonsense~2026~2~1~1439
resolve	0~3.3333333333~0~inf~-0
resolve	0~-1~1~1000000~-0
parse	2026-02-29
parse	0000-01-01
parse	2026-06-10
resolve	1~nan~0~1~inf
resolve	1~0.5~0~0.000001~inf
resolve	0~1e-320~0~0~_
parse	2026-13-01
invert	-0
resolve	0~1000000~1~1e308~_
parse	2025-12-31
parse	2026-06-12
resolve	0~0~0~0.000001~inf
resolve	0~7.1234567~0~1e308~nan
invert	7.1234567
resolve	0~0.000001~0~inf~inf
resolve	0~2~0~-inf~inf
parse	2024-02-29
recent	2025-12-31~2026~2~1~60
invert	1e-320
resolve	0~0.000001~0~nan~nan
recent	2026-06-0a~2026~5~10~60
invert	6.9999995
parse	2026-06-12
resolve	1~1e-320~1~1e308~7.5
resolve	0~6.9999995~1~-1~0
resolve	0~0.5~0~2~nan
resolve	0~1e-320~1~1e308~0
resolve	0~7.1234567~0~7.1234567~_
recent	2026-02-29~2026~5~1~59
resolve	0~1000000~0~-inf~0
resolve	0~1e-320~1~3.3333333333~0.14
recent	2026-02-29~2026~5~1~1
resolve	0~3.3333333333~1~_~-1
recent	2026-06-10~2024~2~1~59
resolve	1~1~0~6.9999995~-1
resolve	0~-1~1~1000000~-0
recent	2026-06-09~2025~11~31~1
invert	-1
recent	2026-06-09~2026~0~1~60
resolve	0~1e308~1~1000000~inf
recent	202 -06-01~2026~5~1~720
resolve	1~1e308~1~-0~-1
resolve	0~1~0~0.5~1e308
invert	inf
recent	+026-06-01~2025~11~31~1
parse	2026-01-01
recent	2026-06-01~2025~11~31~1439
recent	+026-06-01~2025~11~31~0
resolve	0~0~0~1000000~_
parse	2026-99-99
invert	0.5
invert	7.1234567
invert	0.5
recent	2026-06-00~2026~5~10~1
resolve	0~6.9999995~0~1~7.5
resolve	1~2~0~7.1234567~inf
invert	7.1234567
parse	2026-06-11
invert	7.1234567
resolve	0~0.5~0~0.5~nan
recent	2026-06-01~2026~0~1~1439
parse	
invert	1.0000005
resolve	1~nan~0~-1~-0
parse	2026-06-09
recent	2026-06-08~2024~2~1~0
recent	2026-06-01~2026~0~1~1439
resolve	0~1e-320~0~1000000~_
resolve	1~1e-320~0~-inf~-1
recent	0000-01-01~2025~11~31~1439
resolve	1~6.9999995~0~-0~7.5
parse	2026-06-12
resolve	0~3.3333333333~1~0.000001~1e308
resolve	0~1.0000005~1~_~1e308
resolve	0~inf~1~1000000~_
recent	2026-13-01~2026~5~1~720
resolve	0~0~1~-inf~0.14
resolve	0~1~1~1e-320~inf
resolve	0~1e-320~0~_~inf
recent	2026-06-09~2026~0~1~59
recent	0000-01-01~2026~0~1~1
recent	2026-06-01~2026~5~10~1439
parse	2026-06-13
resolve	0~inf~1~2~0
recent	2026-13-01~2025~11~31~1439
resolve	1~0~1~1e308~0.14
parse	abcd-ef-gh
recent	202 -06-01~2026~5~10~1439
resolve	0~-inf~1~-1~-0
parse	2026-06-0a
parse	2026-01-01
invert	1.0000005
parse	2026-06-00
resolve	0~nan~1~nan~_
invert	inf
parse	0001-01-15
resolve	0~2~0~7.1234567~1e308
parse	2026-06-01
resolve	0~inf~0~-1~_
resolve	1~inf~1~nan~-0
invert	6.9999995
invert	nan
resolve	0~2~0~1~-1
invert	6.9999995
recent	2026-06-01~2025~11~31~59
parse	0001-01-15
resolve	0~0~0~-0~_
invert	7.1234567
recent	+026-06-01~2026~0~1~59
invert	-inf
parse	0001-01-15
recent	2026-13-01~2026~5~1~720
parse	2026-06-08
resolve	0~inf~1~0.000001~_
parse	2026-06-11
resolve	0~1e-320~0~1e-320~inf
recent	20260601ab~2026~5~10~720
recent	2026-06-11~2026~2~1~1
resolve	1~1000000~0~7.1234567~-1
resolve	0~1.0000005~1~-1~_
resolve	1~nan~0~1~0
recent	2026-06-13~2026~5~1~1439
resolve	0~nan~1~-1~7.5
invert	2
recent	2026_06_01~2026~5~1~59
resolve	0~0.000001~0~1000000~_
resolve	0~2~0~-1~1e308
parse	2026-05-31
recent	2026-06-01~2026~0~1~1
resolve	0~0.000001~0~1~-1
parse	2026-05-31
invert	0.000001
invert	2
invert	7.1234567
resolve	1~0.5~0~1e308~0.14
parse	2026-00-10
parse	2026-01-32
recent	2026-06-12~2026~5~1~0
recent	2026-06-12~2024~2~1~1
parse	2026-06-00
parse	2026-05-31
recent	2026-ab-01~2026~5~1~60
resolve	0~1.0000005~0~-0~0
resolve	0~-inf~0~-inf~_
invert	3.3333333333
resolve	1~-inf~0~-1~-0
resolve	0~0~1~1.0000005~0.14
parse	2026-06+01
recent	2026-00-10~2026~2~1~60
parse	2026-ab-01
parse	2026-99-99
resolve	1~6.9999995~1~1e-320~inf
resolve	0~-1~1~-0~0.14
resolve	0~3.3333333333~0~nan~0
recent	2026-13-01~2026~2~1~1
recent	9999-12-31~2025~11~31~1
resolve	0~1000000~0~6.9999995~inf
invert	6.9999995
resolve	0~1.0000005~1~nan~0
recent	2026-06-00~2026~5~10~0
parse	0000-01-01
resolve	0~1e308~0~0.000001~0
resolve	0~0.000001~1~7.1234567~0
recent	9999-12-31~2026~2~1~720
parse	2026-01-01
resolve	0~-inf~0~0.000001~_
resolve	0~0.5~0~7.1234567~1e308
parse	2026-00-10
parse	2026-06-11
resolve	0~1~0~7.1234567~-0
resolve	0~1e-320~1~1000000~0
resolve	0~2~1~6.9999995~inf
invert	1e308
invert	1e308
recent	2026-01-01~2025~11~31~0
invert	2
resolve	0~0~0~0~-0
resolve	0~6.9999995~1~_~-0
resolve	0~1~0~_~nan
resolve	0~6.9999995~1~-0~0.14
recent	2026_06_01~2024~2~1~1439
parse	2026-99-99
recent	2026-02-29~2026~2~1~60
parse	-026-06-01
resolve	0~1e-320~1~0.5~nan
recent	2026-6-1~2026~0~1~60
parse	2026-99-99
parse	2026-00-10
parse	2026-06-01
parse	-026-06-01
invert	1e308
parse	
resolve	0~_~0~1000000~1e308
recent	2026-06-01~2024~2~1~1439
recent	9999-12-31~2026~0~1~0
resolve	0~7.1234567~1~0~_
resolve	0~1000000~0~1e308~inf
recent	2026-00-10~2026~0~1~59
resolve	1~nan~1~1000000~inf
resolve	0~3.3333333333~1~-0~1e308
recent	2026-01-01~2026~2~1~0
resolve	0~-0~0~2~7.5
parse	-026-06-01
invert	inf
resolve	0~7.1234567~0~inf~0
resolve	1~1~1~-inf~1e308
parse	2026-06+01
parse	abcd-ef-gh
invert	1
invert	0.000001
recent	2026-06+01~2026~5~10~0
resolve	0~1.0000005~1~0.000001~nan
parse	nonsense
recent	2026-6-1~2026~5~10~720
invert	2
resolve	0~3.3333333333~1~1e-320~_
recent	2026-13-01~2026~5~1~1439
resolve	0~2~1~6.9999995~7.5
resolve	0~-1~1~1e308~nan
resolve	1~1~1~1e308~_
parse	0001-01-15
parse	2026-99-99
resolve	0~0~0~-0~-0
resolve	0~1e-320~0~2~7.5
recent	2026-06-11~2025~11~31~59
recent	2026-06-00~2024~2~1~1439
parse	9999-12-31
parse	2026-06-00
recent	2026-01-01~2024~2~1~1
invert	-0
parse	2026-05-31
invert	1
parse	2026-06-12
recent	2026-06+01~2024~2~1~0
parse	2026-06-09
resolve	0~-inf~1~6.9999995~_
recent	+026-06-01~2024~2~1~60
resolve	0~_~1~6.9999995~nan
recent	20260601ab~2026~0~1~720
resolve	0~inf~0~0~nan
invert	0.000001
invert	1000000
parse	2026-06-01
parse	2025-12-31
resolve	0~-1~1~1.0000005~7.5
parse	2026-06-13
resolve	0~-1~0~nan~_
parse	2026-06-09
parse	2025-12-31
resolve	1~1.0000005~0~inf~1e308
invert	6.9999995
parse	9999-12-31
resolve	0~nan~0~-inf~_
parse	2026-06-13
recent	2026-06-11~2026~2~1~1439
parse	202 -06-01
invert	0.5
resolve	0~-inf~1~1.0000005~-0
resolve	0~-inf~1~3.3333333333~7.5
resolve	0~0.5~0~nan~_
resolve	1~-0~0~1e308~-1
invert	7.1234567
recent	2026-ab-01~2026~5~1~1
parse	2026-06-09
parse	2026-02-29
invert	1.0000005
recent	2026-06-13~2026~2~1~1439
invert	1000000
parse	9999-12-31
resolve	0~1e-320~0~0.5~inf
parse	2026-06-01
parse	2026-06-12
parse	2024-02-29
parse	2026-13-01
resolve	0~0~0~7.1234567~0.14
recent	2026-06-0a~2025~11~31~1
resolve	0~3.3333333333~0~7.1234567~_
parse	-026-06-01
parse	0001-01-15
recent	2026-6-1~2026~5~10~59
recent	2025-12-31~2026~5~1~720
resolve	0~-inf~1~0~_
recent	2026-06-10~2026~5~1~60
parse	2026-02-29
invert	1
resolve	0~1000000~1~6.9999995~-0
invert	-1
resolve	0~6.9999995~0~7.1234567~7.5
recent	202 -06-01~2026~0~1~0
resolve	1~7.1234567~1~-0~0.14
resolve	0~-inf~1~0.000001~1e308
resolve	1~1~1~-inf~inf
invert	1000000
recent	2026-06-00~2026~5~10~0
recent	0000-01-01~2024~2~1~0
invert	inf
parse	2026-06-10
resolve	0~-1~0~0~7.5
resolve	0~nan~1~inf~_
resolve	0~nan~1~1000000~_
recent	2026x06x01~2026~5~10~1
resolve	0~nan~1~1e308~7.5
parse	
recent	2026-01-32~2026~2~1~0
resolve	1~1~0~6.9999995~7.5
parse	2026x06x01
resolve	0~1~1~3.3333333333~_
recent	+026-06-01~2025~11~31~0
recent	2026-06-01~2026~0~1~720
recent	2026-06-13~2026~5~1~1439
parse	
recent	+026-06-01~2025~11~31~1
resolve	0~-0~0~-0~inf
parse	2026-02-29
resolve	0~nan~1~2~-1
parse	2026-06-01
parse	2026x06x01
resolve	0~1e308~0~1000000~-1
recent	202 -06-01~2025~11~31~59
recent	2026-06-13~2026~0~1~60
parse	2026-05-31
resolve	0~7.1234567~1~1e-320~0
parse	2026-06-00
parse	nonsense
resolve	0~0~1~nan~-0
resolve	0~1000000~1~-0~7.5
parse	2026-00-10
parse	2025-12-31
parse	2026-06-10
recent	2026-ab-01~2026~0~1~1
recent	0001-01-15~2024~2~1~59
parse	2026-13-01
resolve	0~6.9999995~0~0.5~0.14
invert	1e308
parse	2026_06_01
parse	2026-06-10
resolve	0~0.000001~1~1~inf
resolve	0~-1~0~7.1234567~7.5
resolve	0~0.000001~0~-inf~-0
parse	2026-06-12
recent	2026-ab-01~2026~2~1~1439
resolve	0~0.5~0~7.1234567~nan
recent	~2024~2~1~1439
recent	2026-06-11~2026~2~1~1
resolve	0~0.5~0~1~0
parse	
parse	2026-06-09
parse	2026x06x01
parse	2026-06-08
resolve	0~-inf~1~-inf~0
invert	1
recent	2026-02-29~2024~2~1~1439
recent	2026-02-29~2025~11~31~1439
recent	0000-01-01~2024~2~1~0
parse	2026-06-08
resolve	1~0.5~1~nan~_
resolve	0~3.3333333333~0~1000000~-0
resolve	1~-0~0~0.5~nan
resolve	0~7.1234567~1~-1~nan
resolve	1~7.1234567~1~nan~-0
recent	2026-06+01~2024~2~1~720
parse	2026-06-00
invert	0
recent	2026-06-01~2026~2~1~59
invert	1000000
resolve	0~0~0~nan~7.5
resolve	0~2~1~0.5~-1
parse	20260601ab
resolve	0~_~0~0~0.14
resolve	0~1.0000005~1~-0~0
parse	
parse	2026-06-12
resolve	0~-0~1~1e-320~0.14
resolve	0~2~1~_~inf
parse	2024-02-29
resolve	0~-inf~1~2~_
resolve	0~3.3333333333~1~7.1234567~-0
resolve	1~-1~1~3.3333333333~inf
resolve	0~1~1~0.000001~inf
parse	2026-99-99
recent	2025-12-31~2024~2~1~720
recent	2026-06-10~2026~5~10~59
recent	2026-06+01~2025~11~31~720
parse	2026-06-10
parse	0001-01-15
resolve	0~nan~1~3.3333333333~-1
resolve	0~0.5~0~_~-0
resolve	0~1e-320~1~-0~7.5
parse	2026-6-1
invert	nan
resolve	1~_~1~_~_
recent	9999-12-31~2025~11~31~1
invert	0.5
recent	2026-13-01~2026~5~10~59
resolve	0~3.3333333333~0~1000000~0
resolve	0~3.3333333333~0~nan~-1
recent	0001-01-15~2024~2~1~59
recent	2026-6-1~2026~5~1~1439
resolve	0~6.9999995~0~-0~7.5
resolve	0~-inf~0~0.5~1e308
parse	2026-06-13
recent	2026-00-10~2026~2~1~720
resolve	0~1~1~-inf~-0
resolve	0~-0~0~0~-1
parse	2026-06-08
parse	2026-ab-01
parse	2026-99-99
resolve	0~0.5~0~3.3333333333~0
invert	1
resolve	0~_~1~1e-320~7.5
resolve	0~-0~1~1000000~-0
recent	+026-06-01~2025~11~31~1439
resolve	0~7.1234567~1~1e308~-0
parse	2025-12-31
parse	2026-00-10
parse	2026-06-09
recent	0001-01-15~2025~11~31~1439
parse	2026-06-12
recent	2026-02-29~2026~5~10~59
parse	abcd-ef-gh
parse	2026-06-08
resolve	0~-inf~1~-1~0.14
recent	20260601ab~2024~2~1~0
recent	2026-06-01~2026~5~1~720
resolve	0~1~0~6.9999995~_
recent	2026-ab-01~2024~2~1~60
recent	2026-06-09~2025~11~31~60
resolve	0~1e-320~0~1~_
resolve	0~0~0~1000000~nan
resolve	0~0~1~7.1234567~0
invert	6.9999995
invert	inf
parse	2026-01-32
parse	2026-06-11
resolve	0~0~1~1000000~1e308
recent	2026-02-29~2024~2~1~720
recent	2026-06-0a~2025~11~31~0
invert	1000000
recent	~2026~2~1~59
invert	1
parse	2026_06_01
invert	0.000001
resolve	0~1e308~1~-1~-0
resolve	0~1~1~1.0000005~1e308
invert	-inf
resolve	0~-1~1~1e-320~inf
resolve	0~2~0~1~7.5
parse	
recent	2026-01-01~2025~11~31~1439
invert	1.0000005
invert	1
parse	2026-06-00
parse	2026-01-32
parse	2026-01-32
recent	20260601ab~2026~2~1~1
resolve	0~inf~0~2~_
recent	2026-06-01~2026~5~10~720
parse	2026-06-12
invert	inf
recent	0001-01-15~2026~5~1~1
recent	nonsense~2024~2~1~59
parse	2026-00-10
parse	2026-06+01
resolve	0~inf~1~0.000001~inf
parse	nonsense
resolve	0~-inf~1~1000000~1e308
parse	2026-ab-01
parse	2026-06-13
parse	+026-06-01
resolve	0~-inf~1~0.5~nan
recent	-026-06-01~2026~2~1~1
parse	2026-6-1
recent	+026-06-01~2024~2~1~1439
resolve	0~nan~0~3.3333333333~0.14
invert	2
resolve	0~0~0~1e-320~_
resolve	0~1000000~0~0~-0
parse	2026-01-01
recent	0000-01-01~2026~2~1~1439
parse	2026-01-32
recent	2026-06-12~2026~2~1~1439
parse	2026-02-29
recent	nonsense~2026~0~1~59
recent	abcd-ef-gh~2026~5~10~1
resolve	0~_~0~1e-320~nan
resolve	0~inf~0~-inf~-0
recent	2026-02-29~2026~5~10~720
recent	2026-05-31~2026~5~10~1439
recent	2026-06-13~2025~11~31~1439
resolve	0~0.000001~1~-1~1e308
resolve	0~inf~1~7.1234567~1e308
parse	0001-01-15
recent	2026-06-10~2024~2~1~60
parse	2024-02-29
parse	
resolve	0~0.000001~1~0.000001~-0
parse	2026-99-99
parse	-026-06-01
parse	2026-06+01
parse	2026-01-32
parse	202 -06-01
invert	nan
invert	1e308
resolve	1~0.5~1~1e308~_
resolve	0~1e-320~1~0~_
parse	2026-06-00
invert	_
resolve	0~_~1~0.5~0
parse	2026-05-31
resolve	0~0~1~1000000~-1
resolve	0~0.5~1~1.0000005~_
resolve	0~7.1234567~1~inf~-1
resolve	0~0.5~1~-0~nan
recent	2026-02-29~2024~2~1~1439
resolve	0~6.9999995~0~0.000001~_
resolve	1~3.3333333333~1~nan~1e308
parse	2026-06+01
resolve	0~1.0000005~0~nan~_
resolve	1~-1~1~inf~-1
invert	3.3333333333
resolve	0~2~0~1.0000005~nan
invert	nan
resolve	1~_~1~1~0.14
invert	3.3333333333
resolve	0~-inf~0~2~-1
parse	2024-02-29
parse	2026-06-11
resolve	1~inf~0~_~1e308
recent	2026-02-29~2026~5~1~60
resolve	0~-0~1~0~0
resolve	0~-inf~1~0.5~0
resolve	0~1e-320~1~0~nan
invert	nan
parse	2026-05-31
recent	2026-06-13~2026~5~10~1
parse	2026-06+01
invert	1e-320
recent	2026-06-12~2026~0~1~59
recent	2026x06x01~2026~5~10~60
parse	2026-06-01
recent	nonsense~2026~2~1~0
parse	2026-06-01
recent	abcd-ef-gh~2026~0~1~0
invert	3.3333333333
recent	2026-06-01~2024~2~1~59
parse	2026_06_01
recent	2026-06-01~2026~5~1~1439
recent	2026-06+01~2026~5~10~60
recent	2026-06-00~2026~2~1~720
parse	2026-05-31
parse	0000-01-01
resolve	1~0~1~0.5~-1
resolve	0~inf~1~1~7.5
recent	2026-00-10~2024~2~1~720
recent	2026-06-12~2024~2~1~720
parse	2026-ab-01
resolve	0~0~0~1e308~nan
resolve	1~6.9999995~0~1e308~0
resolve	0~3.3333333333~1~nan~nan
resolve	1~-1~1~-inf~0
recent	2026-06+01~2026~2~1~1439
resolve	0~-1~0~3.3333333333~0
resolve	0~_~1~1e-320~nan
recent	~2026~5~10~1439
resolve	0~1.0000005~1~nan~nan
resolve	0~1000000~1~1000000~_
recent	nonsense~2026~2~1~59
parse	nonsense
recent	2026-02-29~2026~0~1~59
parse	20260601ab
parse	2026-00-10
recent	2026-06-09~2026~5~10~59
recent	20260601ab~2026~5~10~60
recent	202 -06-01~2025~11~31~1439
resolve	1~1.0000005~1~1e308~7.5
recent	2026-99-99~2024~2~1~0
resolve	0~1e-320~1~0.000001~0
resolve	0~1e-320~0~-inf~0
resolve	0~1e-320~0~1e308~1e308
invert	0.000001
recent	2026-00-10~2026~5~1~1439
resolve	0~1.0000005~1~0.000001~_
resolve	0~_~0~1e308~0.14
resolve	0~6.9999995~0~1000000~nan
resolve	1~0~1~nan~nan
parse	
parse	0000-01-01
resolve	0~1.0000005~0~3.3333333333~inf
resolve	1~_~0~0.5~-0
invert	inf
parse	2026-06-09
resolve	0~1e308~1~-0~-1
recent	2026-06-12~2026~5~10~60
resolve	0~1e-320~1~6.9999995~-1
resolve	0~1e308~1~2~7.5
parse	
resolve	1~0.000001~1~2~0.14
recent	2024-02-29~2026~2~1~720
parse	2026-00-10
resolve	0~nan~1~1e308~7.5
resolve	0~7.1234567~0~-inf~_
resolve	0~-0~1~_~7.5
resolve	1~nan~1~nan~-0
resolve	0~1e-320~1~7.1234567~_
resolve	1~inf~1~_~7.5
parse	2026-06-11
resolve	0~7.1234567~0~-1~-1
parse	
invert	1000000
parse	0001-01-15
resolve	0~7.1234567~1~1e308~-0
resolve	0~_~0~inf~7.5
recent	2026-01-01~2026~5~10~1439
parse	0001-01-15
resolve	0~_~1~-inf~-1
parse	2026-06-00
parse	2024-02-29
parse	2026-02-29
resolve	0~2~1~1~inf
resolve	0~1.0000005~1~inf~0
recent	2026-01-01~2026~2~1~0
resolve	0~1000000~0~0.5~_
invert	1.0000005
recent	0000-01-01~2025~11~31~59
invert	1e-320
parse	2026-06-08
parse	abcd-ef-gh
invert	0.000001
parse	+026-06-01
invert	0.5
parse	2026-06-10
invert	_
invert	6.9999995
resolve	0~_~1~-0~inf
resolve	0~1.0000005~0~1000000~-1
resolve	0~inf~1~-inf~0
parse	20260601ab
recent	2026-06-09~2024~2~1~1
recent	2026-06-00~2024~2~1~1
recent	2026-06-00~2024~2~1~1439
resolve	0~1e308~0~1000000~1e308
parse	2026-05-31
resolve	0~3.3333333333~1~inf~-1
resolve	1~-inf~0~nan~-1
recent	9999-12-31~2026~2~1~0
recent	2026-06-0a~2024~2~1~60
invert	0.000001
resolve	0~0.5~0~2~-0
recent	2026-05-31~2026~2~1~0
parse	2026-01-01
resolve	1~1000000~0~6.9999995~0.14
recent	2026-01-01~2026~2~1~60
resolve	0~-1~1~1.0000005~1e308
resolve	0~6.9999995~0~1e-320~1e308
parse	2026-00-10
invert	_
resolve	0~_~0~-0~7.5
invert	-inf
resolve	0~-inf~1~1000000~7.5
parse	2026-06-09
recent	2026-01-32~2025~11~31~1439
parse	2026-06-01
resolve	0~1e308~1~0.5~0
parse	2026-00-10
parse	9999-12-31
parse	2026-00-10
recent	2026-06+01~2026~5~10~0
resolve	0~1~0~0.5~7.5
resolve	0~1e308~0~-inf~-0
invert	1e308
parse	0000-01-01
parse	2026-06-01
parse	2024-02-29
resolve	0~1e308~0~1000000~7.5
invert	nan
resolve	0~_~0~-inf~-1
resolve	0~1~1~1.0000005~nan
parse	2026-06-10
invert	inf
resolve	1~0~1~-0~0.14
resolve	0~3.3333333333~0~_~_
invert	_
resolve	0~-1~1~1.0000005~0.14
recent	2026-06-12~2026~2~1~60
parse	2026-01-32
parse	2026-06-10
resolve	1~1.0000005~0~6.9999995~_
resolve	0~0.000001~1~-1~7.5
parse	2026-06-01
parse	2024-02-29
resolve	0~6.9999995~0~6.9999995~1e308
recent	2024-02-29~2026~2~1~59
recent	+026-06-01~2026~2~1~60
resolve	0~1.0000005~1~1e308~inf
resolve	0~0.5~1~_~-1
recent	0000-01-01~2025~11~31~1439
recent	2026-05-31~2026~5~1~59
recent	2026-01-32~2025~11~31~720
parse	2026-06-12
resolve	0~0.000001~0~2~0
invert	1.0000005
recent	+026-06-01~2024~2~1~59
resolve	0~3.3333333333~1~3.3333333333~inf
resolve	1~3.3333333333~0~6.9999995~_
recent	2026-06+01~2025~11~31~1
recent	2026-99-99~2026~5~1~1
resolve	0~6.9999995~1~1000000~0
parse	-026-06-01
invert	inf
resolve	0~-0~1~0.5~1e308
resolve	1~0~0~nan~nan
parse	nonsense
resolve	0~_~1~1e-320~7.5
recent	abcd-ef-gh~2025~11~31~0
parse	2026-01-01
resolve	0~3.3333333333~0~nan~1e308
invert	2
recent	~2024~2~1~1439
resolve	0~1e308~1~-inf~1e308
resolve	0~3.3333333333~0~6.9999995~nan
parse	-026-06-01
parse	
parse	2026-06-12
invert	1e308
recent	~2025~11~31~60
invert	_
resolve	1~1.0000005~0~1e308~-0
resolve	0~0.5~1~-inf~7.5
parse	2026-ab-01
resolve	0~1.0000005~1~2~7.5
recent	2026-06-13~2026~5~10~60
parse	202 -06-01
recent	2026-06-13~2026~5~10~720
invert	2
invert	1000000
parse	+026-06-01
recent	2026-06-01~2026~5~10~720
parse	2026-06-13
parse	2026-06-01
resolve	0~0.000001~0~inf~_
parse	-026-06-01
parse	-026-06-01
recent	abcd-ef-gh~2026~0~1~1439
resolve	1~-inf~1~2~nan
resolve	0~1000000~0~6.9999995~-1
invert	1
recent	2026-06+01~2026~5~1~1439
resolve	0~1~0~6.9999995~0
recent	2026-06-10~2024~2~1~1
resolve	0~0.5~0~-inf~0
parse	abcd-ef-gh
resolve	0~0~0~-inf~nan
resolve	0~-inf~1~1.0000005~0
resolve	0~7.1234567~0~0.5~-1
parse	
recent	2026-06-00~2024~2~1~720
resolve	0~1e308~0~3.3333333333~1e308
resolve	0~nan~0~2~-0
resolve	1~1.0000005~1~1000000~nan
resolve	1~1~0~1~-1
parse	2026-02-29
resolve	0~-inf~1~1000000~_
resolve	0~-1~0~0.000001~7.5
parse	2026-99-99
parse	2026-06-01
recent	2026-06-13~2025~11~31~1439
resolve	0~nan~1~-1~_
parse	2026-01-32
parse	2026-00-10
parse	2026_06_01
recent	~2025~11~31~1439
parse	20260601ab
parse	2026-6-1
resolve	0~-0~1~inf~nan
resolve	0~1e-320~1~7.1234567~-0
parse	0000-01-01
invert	1
parse	2026-06-01
resolve	0~0.5~1~1~-1
parse	0000-01-01
resolve	0~-1~1~-0~1e308
resolve	0~0.000001~0~3.3333333333~-0
recent	2026-06-08~2026~0~1~1
resolve	1~0.5~1~nan~0.14
resolve	0~1.0000005~0~nan~nan
resolve	0~nan~0~0.000001~_
parse	-026-06-01
recent	2026-06+01~2026~5~10~60
parse	2026-06-09
recent	2026-06-12~2026~0~1~1439
parse	2026-06-12
resolve	0~1~1~0.5~-0
parse	2026-01-01
recent	2026-02-29~2025~11~31~1439
recent	nonsense~2024~2~1~0
resolve	0~1e-320~1~-inf~_
parse	+026-06-01
resolve	0~1~0~1~-0
parse	2026-06-13
parse	2026_06_01
resolve	0~3.3333333333~0~-0~-1
resolve	0~3.3333333333~0~3.3333333333~1e308
invert	_
resolve	0~-1~0~6.9999995~1e308
resolve	0~-0~0~0.000001~0
parse	2026-02-29
recent	2026-99-99~2025~11~31~720
parse	2026-01-32
recent	abcd-ef-gh~2026~0~1~0
resolve	1~1.0000005~1~0.5~-1
recent	2026-00-10~2026~5~10~720
parse	2026-99-99
resolve	0~0~0~1e308~-0
parse	2026_06_01
resolve	0~-1~0~3.3333333333~7.5
resolve	0~0.000001~0~2~nan
recent	2026-06-08~2026~2~1~1
parse	+026-06-01
resolve	0~1000000~1~_~0
resolve	1~1000000~0~inf~_
recent	2024-02-29~2026~5~10~0
parse	2026-02-29
parse	2026-13-01
resolve	1~-inf~0~1e308~7.5
resolve	0~1e308~0~1~inf
invert	0.000001
recent	2026-01-32~2026~5~10~1
resolve	0~1000000~0~0.000001~nan
resolve	0~0.5~1~7.1234567~-1
parse	2026x06x01
invert	1000000
resolve	0~0.000001~1~1000000~7.5
invert	-inf
parse	0001-01-15
resolve	1~_~1~1e308~0.14
parse	2026-ab-01
resolve	0~0~0~1000000~0
invert	6.9999995
invert	1e308
resolve	1~inf~0~7.1234567~7.5
resolve	0~6.9999995~1~1~7.5
recent	2026-06+01~2026~2~1~1439
parse	202 -06-01
resolve	0~nan~1~2~-1
resolve	0~inf~0~0.000001~inf
resolve	0~-inf~1~1e308~7.5
parse	20260601ab
resolve	0~_~0~_~0.14
recent	2026-00-10~2026~5~1~1439
resolve	0~_~1~2~nan
recent	2026-13-01~2026~2~1~1439
parse	2026-06+01
resolve	0~3.3333333333~0~-0~1e308
invert	-inf
parse	2026-06-10
parse	2026-06-10
resolve	0~_~1~-1~0.14
resolve	0~6.9999995~0~_~7.5
invert	nan
parse	2026-99-99
recent	2026-01-01~2024~2~1~60
invert	0.000001
recent	2026-06-11~2026~2~1~720
resolve	0~-0~1~-1~inf
resolve	0~0.5~0~7.1234567~nan
recent	202 -06-01~2026~2~1~1439
invert	7.1234567
recent	0001-01-15~2026~0~1~59
resolve	1~_~0~inf~-1
parse	2026-06-10
invert	-1
parse	0001-01-15
resolve	0~-0~1~0.5~0.14
resolve	0~1.0000005~1~1~0.14
resolve	0~1e-320~1~0~0
resolve	0~1000000~0~0~1e308
resolve	0~_~0~1.0000005~-1
resolve	0~2~0~0.000001~-0
parse	2026-02-29
recent	2026-13-01~2025~11~31~1439
recent	2026-13-01~2024~2~1~1
resolve	0~-inf~1~0~0
parse	2026-ab-01
resolve	0~6.9999995~0~3.3333333333~inf
recent	2026-99-99~2024~2~1~1439
parse	2026-06-01
resolve	0~0~1~_~_
invert	-0
parse	2026-06-0a
resolve	0~2~1~-0~-0
recent	-026-06-01~2026~5~10~720
parse	-026-06-01
resolve	0~7.1234567~0~7.1234567~nan
recent	0000-01-01~2026~2~1~60
recent	2026-13-01~2025~11~31~1439
invert	0.000001
invert	-0
resolve	0~inf~1~-inf~-1
parse	2026-06-01
invert	-1
invert	3.3333333333
parse	2026-06-01
resolve	1~1e308~0~2~-0
invert	-inf
recent	nonsense~2024~2~1~1439
resolve	1~0.5~1~-1~1e308
recent	2026-06-09~2026~0~1~0
resolve	1~-inf~0~inf~-1
recent	2026_06_01~2026~2~1~60
resolve	0~1000000~1~1~inf
resolve	0~0.000001~1~3.3333333333~-0
invert	inf
parse	2026-06-11
parse	2026-01-01
resolve	0~7.1234567~1~1e-320~nan
invert	2
parse	2026-13-01
recent	2026-06-10~2026~0~1~59
recent	2026-99-99~2026~5~1~1439
resolve	0~2~0~-1~inf
resolve	0~1e308~1~0~-1
parse	2024-02-29
invert	1
resolve	0~7.1234567~0~0~-1
parse	2026-06-00
recent	20260601ab~2026~2~1~1
parse	2026-06-09
recent	2025-12-31~2024~2~1~59
recent	2026-06-11~2024~2~1~1439
parse	20260601ab
resolve	0~_~1~7.1234567~_
parse	2026-00-10
recent	2026-06-11~2026~5~10~1
resolve	0~0.000001~0~0.000001~1e308
invert	1e-320
parse	2026-05-31
parse	2026-06-12
resolve	0~1.0000005~0~inf~7.5
parse	2026-05-31
resolve	0~-1~1~1e-320~-1
recent	2026x06x01~2026~5~1~1439
resolve	0~1.0000005~1~7.1234567~_
parse	2026-01-01
resolve	0~0.5~0~nan~0.14
resolve	0~7.1234567~1~inf~0.14
parse	2026-99-99
resolve	0~0.000001~1~nan~_
resolve	0~0~0~1000000~0
resolve	0~-1~0~1e-320~_
parse	2026-99-99
resolve	0~1.0000005~0~1000000~-1
parse	2026-06-12
parse	2026-01-01
parse	abcd-ef-gh
parse	2026-06-08
parse	2026-00-10
recent	9999-12-31~2026~0~1~1439
parse	2026-06-13
invert	_
resolve	0~1.0000005~1~6.9999995~-0
recent	2026-01-01~2024~2~1~60
parse	2026-05-31
parse	2026-06-0a
parse	9999-12-31
parse	202 -06-01
recent	0001-01-15~2026~2~1~1439
parse	2026-01-01
resolve	0~inf~0~inf~_
recent	2026-6-1~2026~0~1~1
invert	-1
invert	0.5
parse	2026-06-11
recent	2026-00-10~2026~5~10~1439
resolve	0~1000000~0~0~inf
recent	20260601ab~2024~2~1~720
resolve	0~-1~0~2~-0
recent	abcd-ef-gh~2026~0~1~720
invert	1.0000005
recent	2026-06-00~2026~0~1~0
recent	2026-99-99~2026~5~10~1439
parse	-026-06-01
resolve	0~7.1234567~1~1~0.14
parse	2026-06-12
invert	-inf
resolve	0~-0~0~1000000~0.14
resolve	0~3.3333333333~1~6.9999995~1e308
resolve	0~_~0~-1~-1
parse	+026-06-01
recent	20260601ab~2025~11~31~1439
recent	2026-06-12~2024~2~1~59
invert	1e308
invert	7.1234567
resolve	0~0.5~1~3.3333333333~inf
invert	inf
resolve	1~1.0000005~0~0.000001~_
recent	2026-05-31~2026~0~1~59
parse	2026_06_01
recent	2026-06-01~2025~11~31~1
resolve	0~2~0~0.5~inf
resolve	0~1000000~1~-inf~7.5
recent	2026-13-01~2024~2~1~1439
recent	2026-06+01~2026~5~1~59
resolve	0~1e308~0~0.000001~1e308
resolve	0~inf~0~1~_
resolve	0~nan~1~-inf~7.5
resolve	1~7.1234567~1~inf~1e308
recent	2024-02-29~2024~2~1~720
parse	2026-6-1
resolve	0~3.3333333333~0~1.0000005~_
resolve	0~0.5~0~-1~1e308
resolve	0~-inf~1~-inf~-0
resolve	0~1~1~1000000~0
resolve	0~nan~0~3.3333333333~-0
resolve	0~7.1234567~1~inf~inf
parse	2026-06-13
resolve	0~3.3333333333~1~2~7.5
resolve	0~0.5~0~0.5~1e308
resolve	1~nan~0~-1~-0
invert	1.0000005
resolve	0~0.000001~0~1000000~7.5
recent	9999-12-31~2025~11~31~1439
parse	2026-6-1
recent	2026-01-01~2024~2~1~1439
resolve	0~7.1234567~1~1e-320~0
recent	2026-06-01~2026~5~1~60
resolve	0~_~0~1e-320~_
recent	nonsense~2025~11~31~60
recent	2026-01-32~2025~11~31~1439
recent	nonsense~2024~2~1~1
recent	2024-02-29~2026~2~1~1439
invert	6.9999995
parse	2026-06-00
recent	2026-05-31~2026~5~1~1439
recent	2026-06-13~2026~5~1~1
invert	0
resolve	0~-inf~0~inf~1e308
resolve	0~1.0000005~0~0.5~inf
resolve	0~0.000001~1~0.000001~-1
resolve	0~0~0~1.0000005~inf
resolve	0~-0~1~0.5~nan
recent	9999-12-31~2025~11~31~1439
resolve	0~inf~1~0~_
resolve	0~1.0000005~0~_~7.5
parse	2026-06-01
recent	nonsense~2026~0~1~60
invert	1.0000005
resolve	0~1000000~1~7.1234567~7.5
parse	2026-99-99
recent	2026-06-0a~2026~0~1~59
resolve	0~_~1~1000000~1e308
parse	+026-06-01
parse	2026-01-32
parse	2026-ab-01
resolve	0~7.1234567~1~0.000001~0
recent	2026-06-12~2026~5~1~1439
resolve	0~1~0~0.5~0
invert	1e-320
resolve	0~0.5~0~1e308~-1
resolve	1~inf~0~_~nan
invert	inf
recent	2026-06-01~2026~5~1~0
resolve	0~-inf~1~1e-320~0
resolve	0~_~1~nan~-0
invert	0
resolve	0~2~1~0~inf
recent	2026-01-01~2026~2~1~1
recent	2026-06-13~2026~0~1~0
invert	1
parse	9999-12-31
resolve	0~2~1~1.0000005~0
resolve	0~inf~1~1e308~0.14
parse	nonsense
recent	+026-06-01~2026~2~1~0
parse	2026-ab-01
recent	2026-06-11~2026~5~1~1439
recent	202 -06-01~2026~0~1~0
invert	1e-320
resolve	0~-0~1~-0~1e308
resolve	0~0.5~0~inf~_
resolve	0~0.000001~1~_~-1
parse	2024-02-29
recent	2026-99-99~2026~0~1~1439
recent	2026-02-29~2026~5~10~1439
recent	2026-06-08~2024~2~1~1
parse	2026-6-1
resolve	0~0.000001~1~1e308~-1
recent	2026-06-13~2026~5~10~1439
parse	2026-00-10
recent	2026-06-12~2025~11~31~60
resolve	1~-1~0~_~inf
invert	_
recent	2026_06_01~2026~2~1~720
recent	2026-06-0a~2026~0~1~60
parse	nonsense
invert	0
recent	20260601ab~2025~11~31~59
invert	2
resolve	0~_~1~1.0000005~7.5
recent	2026-06-09~2026~5~10~60
recent	2026-06-01~2024~2~1~0
resolve	1~-inf~1~0~_
parse	0001-01-15
parse	202 -06-01
recent	~2026~5~1~1
resolve	0~7.1234567~1~6.9999995~_
invert	-1
recent	2026-06+01~2024~2~1~60
recent	2026-99-99~2025~11~31~1
resolve	1~0~1~1000000~-1
parse	abcd-ef-gh
resolve	0~0.5~0~-1~nan
recent	0000-01-01~2026~5~1~1
resolve	0~0.000001~1~-inf~_
resolve	1~1.0000005~1~1000000~-1
recent	9999-12-31~2026~2~1~60
resolve	0~0.000001~1~-1~-1
parse	2025-12-31
resolve	0~1~1~1e-320~0.14
parse	2026-06-11
recent	2026-06-10~2025~11~31~1
parse	2026-06-09
recent	20260601ab~2024~2~1~720
resolve	0~nan~1~nan~0
recent	2026-01-01~2026~0~1~60
resolve	1~1.0000005~0~inf~0.14
recent	2026-6-1~2026~5~10~1439
resolve	0~0.5~1~0.5~_
resolve	0~3.3333333333~0~1000000~1e308
resolve	0~1e308~0~6.9999995~0
recent	2026-6-1~2026~2~1~60
recent	~2026~0~1~1439
resolve	0~1.0000005~0~-0~0
resolve	0~1~1~1000000~0
invert	inf
resolve	0~6.9999995~1~nan~nan
resolve	0~nan~1~1000000~1e308
parse	2026-06-01
parse	nonsense
recent	2026-06-12~2024~2~1~60
resolve	0~7.1234567~0~7.1234567~0
invert	nan
parse	2026-06-0a
resolve	0~1e308~0~1e308~-0
parse	2026-06-13
resolve	0~1~0~_~nan
resolve	0~1.0000005~1~0~0
resolve	0~3.3333333333~0~0~nan
recent	2026-05-31~2026~5~10~1439
resolve	0~0.5~1~7.1234567~0
invert	inf
invert	-1
resolve	0~nan~0~1e308~1e308
parse	9999-12-31
resolve	0~1000000~1~nan~0
recent	9999-12-31~2024~2~1~720
resolve	0~1~1~inf~nan
recent	2026-06-08~2024~2~1~1
recent	abcd-ef-gh~2025~11~31~59
resolve	0~1e308~1~0.5~inf
resolve	0~0.000001~0~nan~0.14
recent	~2026~5~10~60
recent	2026-00-10~2026~2~1~720
resolve	0~nan~1~inf~7.5
invert	1
invert	1.0000005
parse	2026-06+01
recent	202 -06-01~2026~5~1~720
resolve	0~0.000001~1~0.5~-0
parse	2025-12-31
resolve	0~1000000~0~inf~0
resolve	1~-0~1~inf~-1
resolve	0~-1~0~1000000~inf
invert	1.0000005
recent	0000-01-01~2025~11~31~1439
recent	9999-12-31~2026~5~10~1
recent	2026-06-01~2025~11~31~1
resolve	0~3.3333333333~0~0.000001~inf
parse	
recent	20260601ab~2026~2~1~0
parse	0000-01-01
resolve	0~-0~0~6.9999995~1e308
resolve	0~1000000~1~-1~nan
resolve	0~_~0~_~-0
resolve	0~1e-320~1~nan~nan
parse	2026-06+01
recent	2026-06-0a~2024~2~1~60
parse	2026-06-13
recent	202 -06-01~2026~0~1~60
invert	1
resolve	0~0.5~1~1e-320~_
parse	2026-02-29
resolve	0~nan~0~2~7.5
parse	nonsense
parse	2026-05-31
invert	1.0000005
resolve	1~-1~0~6.9999995~1e308
parse	2026-06-08
resolve	0~7.1234567~1~7.1234567~0
resolve	0~7.1234567~1~0.000001~0.14
resolve	0~_~1~1.0000005~0
invert	_
resolve	1~3.3333333333~1~1~-1
recent	2026-06-10~2026~2~1~1
recent	9999-12-31~2026~5~10~60
recent	2026-01-32~2026~2~1~59
recent	2026-06+01~2024~2~1~1439
parse	0001-01-15
resolve	0~6.9999995~0~0~1e308
parse	2026-06-13
invert	0.5
recent	2026-05-31~2025~11~31~1
recent	2026-99-99~2026~5~1~1
invert	1.0000005
resolve	0~_~0~0.5~_
recent	0000-01-01~2026~0~1~60
resolve	0~7.1234567~0~-0~7.5
parse	2026-06-13
resolve	0~1~1~inf~inf
invert	0.5
parse	2026_06_01
recent	20260601ab~2025~11~31~1
resolve	0~-inf~1~3.3333333333~inf
recent	2026-05-31~2026~0~1~59
recent	2026-06-01~2024~2~1~60
resolve	0~-0~1~1000000~-1
parse	9999-12-31
invert	7.1234567
resolve	0~3.3333333333~1~3.3333333333~-1
parse	+026-06-01
recent	0000-01-01~2026~5~1~59
resolve	0~0.000001~0~1~-1
recent	2026-ab-01~2026~5~1~59
parse	2026-06-00
recent	2026-06-10~2025~11~31~1
resolve	0~0~0~-0~-0
parse	2026-06-13
resolve	0~0.5~1~3.3333333333~1e308
resolve	0~2~0~3.3333333333~inf
parse	abcd-ef-gh
parse	202 -06-01
parse	+026-06-01
resolve	1~1000000~0~0.000001~_
resolve	0~0~0~-0~nan
resolve	1~_~0~_~nan
recent	2026-05-31~2024~2~1~60
recent	2026-99-99~2026~2~1~59
invert	0.000001
resolve	1~2~1~0.000001~1e308
resolve	0~1.0000005~1~-inf~-1
parse	2026-05-31
resolve	0~6.9999995~1~1e308~0
parse	2026-06-01
resolve	0~2~0~nan~1e308
resolve	0~1e308~1~-1~7.5
resolve	0~inf~1~1e308~-1
parse	2026-05-31
resolve	0~1000000~0~1e308~-0
parse	
recent	2026_06_01~2026~0~1~1
invert	0.000001
resolve	0~-1~1~-1~inf
invert	inf
recent	2026x06x01~2026~2~1~1439
resolve	0~0~0~3.3333333333~0.14
parse	2026x06x01
recent	2026-06-09~2026~5~10~1
recent	2026-06-11~2025~11~31~0
recent	2026-06+01~2024~2~1~1439
parse	2026_06_01
recent	2026-99-99~2025~11~31~1
recent	20260601ab~2026~2~1~720
recent	2026-06-12~2026~5~10~59
recent	2026-06-0a~2026~5~10~720
invert	2
invert	1e308
resolve	1~1000000~1~0~7.5
parse	9999-12-31
resolve	0~7.1234567~1~-0~0
resolve	0~_~0~2~-0
resolve	0~-inf~1~1~inf
recent	2026-99-99~2026~0~1~720
resolve	0~_~0~1~-0
recent	-026-06-01~2026~5~10~0
invert	3.3333333333
invert	1e308
resolve	0~-0~0~1e-320~1e308
parse	abcd-ef-gh
invert	_
recent	2026-13-01~2026~2~1~1439
resolve	0~1000000~0~_~-1
resolve	0~_~1~1e-320~-0
parse	2026-06-09
resolve	0~1e-320~1~1.0000005~_
resolve	0~6.9999995~1~0.000001~_
recent	+026-06-01~2026~2~1~1439
resolve	0~0.000001~1~3.3333333333~-0
invert	_
recent	nonsense~2025~11~31~1439
invert	-0
resolve	0~inf~0~0~0.14
recent	abcd-ef-gh~2025~11~31~720
resolve	1~1e-320~0~-1~nan
invert	6.9999995
resolve	1~0~1~7.1234567~_
parse	2026-01-32
resolve	0~1~1~0~-1
parse	2026-99-99
resolve	0~0~1~inf~-1
parse	2026_06_01
recent	2026-06-01~2026~5~1~60
resolve	1~nan~0~3.3333333333~0.14
recent	2026-06-0a~2026~5~10~1439
recent	2026-01-32~2026~2~1~59
parse	2026-06-12
resolve	0~0~1~6.9999995~-1
parse	20260601ab
resolve	0~-0~0~2~-1
recent	2026-06-01~2025~11~31~1439
resolve	0~inf~0~3.3333333333~7.5
parse	2026-05-31
resolve	0~-1~1~_~0
resolve	0~1e308~0~1.0000005~0.14
recent	2026-06-01~2026~5~10~59
parse	9999-12-31
parse	2026-99-99
resolve	0~0.5~1~3.3333333333~7.5
parse	2026-02-29
recent	2026-06-0a~2026~5~1~1439
parse	2024-02-29
resolve	0~_~1~_~-1
parse	2024-02-29
parse	2026-06-10
invert	6.9999995
invert	1000000
invert	-inf
resolve	1~0.000001~1~0.000001~-0
recent	2026-13-01~2026~0~1~1
recent	-026-06-01~2026~0~1~59
recent	2026-06-13~2026~5~1~1439
parse	20260601ab
recent	2026-06-12~2026~5~1~720
invert	3.3333333333
resolve	0~1e308~1~-0~_
resolve	0~_~0~7.1234567~-1
resolve	1~0.5~1~1e308~0
invert	_
parse	2026-06-0a
resolve	0~_~0~1e308~0.14
invert	1e-320
parse	2026-06-12
recent	2026-06-09~2026~0~1~1
resolve	0~3.3333333333~0~0.000001~0.14
parse	-026-06-01
resolve	0~1e-320~1~1e308~inf
parse	9999-12-31
recent	2026-06-01~2026~5~10~0
parse	0000-01-01
resolve	0~7.1234567~1~0.5~0.14
resolve	0~-0~1~3.3333333333~7.5
resolve	0~2~1~1.0000005~_
recent	202 -06-01~2024~2~1~720
invert	1e-320
parse	20260601ab
recent	2026-06-0a~2026~5~1~60
parse	2026-06+01
resolve	1~-1~1~1000000~inf
invert	0.5
parse	2026-6-1
resolve	0~1.0000005~0~nan~-0
recent	2026-06-09~2026~0~1~60
parse	2026-06-10
invert	-0
parse	2026-ab-01
resolve	0~6.9999995~0~-inf~7.5
resolve	0~-inf~0~7.1234567~-1
parse	2026-06-12
resolve	0~0.5~0~1~0.14
parse	2026-06-10
resolve	0~0.5~0~0.5~nan
resolve	0~-1~0~_~7.5
resolve	0~inf~1~nan~0
resolve	0~3.3333333333~1~_~0.14
parse	2026-06-09
resolve	0~6.9999995~0~0.000001~inf
invert	1.0000005
resolve	0~1e-320~1~1~inf
resolve	0~0.000001~0~1~-0
resolve	0~1e308~0~2~0.14
parse	20260601ab
resolve	0~1000000~1~0.000001~-1
resolve	1~7.1234567~0~7.1234567~inf
recent	2026-02-29~2025~11~31~60
recent	2026-06-08~2026~0~1~1439
parse	2026-01-01
parse	2025-12-31
parse	20260601ab
recent	9999-12-31~2026~5~1~59
resolve	0~-0~0~3.3333333333~-0
parse	abcd-ef-gh
recent	20260601ab~2024~2~1~0
invert	-inf
recent	-026-06-01~2026~5~10~1439
resolve	0~1~0~0.000001~0
resolve	0~1e-320~1~7.1234567~_
parse	2026-06-08
recent	2026-05-31~2026~5~10~59
resolve	0~-inf~1~0.000001~inf
resolve	0~-0~0~7.1234567~0.14
recent	2026-99-99~2024~2~1~60
resolve	1~1.0000005~1~3.3333333333~-1
recent	2026x06x01~2025~11~31~59
recent	2024-02-29~2026~5~10~1439
resolve	0~nan~0~inf~inf
parse	2026-06+01
parse	+026-06-01
resolve	0~1e-320~1~1.0000005~inf
resolve	0~6.9999995~0~-inf~0.14
resolve	0~1.0000005~0~0.5~0
parse	2026-13-01
resolve	1~0.5~0~1000000~nan
resolve	0~0~1~1~nan
recent	+026-06-01~2026~5~1~1
resolve	0~1e308~0~-inf~-0
resolve	0~1e-320~1~1000000~_
parse	2025-12-31
recent	9999-12-31~2026~5~10~0
parse	2024-02-29
recent	2026-99-99~2026~5~10~1
parse	9999-12-31
invert	6.9999995
resolve	1~inf~1~nan~inf
recent	2026-02-29~2026~5~10~0
parse	2026-00-10
invert	1
recent	2026-13-01~2026~0~1~1439
resolve	1~0.000001~1~1e308~nan
resolve	0~0.000001~0~6.9999995~_
resolve	0~1e-320~1~1.0000005~1e308
invert	1.0000005
parse	9999-12-31
resolve	1~0~1~1000000~0
invert	1e308
resolve	0~0.5~1~-0~1e308
resolve	0~1e308~0~6.9999995~0
recent	2026-06-01~2026~2~1~60
invert	1000000
parse	2025-12-31
invert	-0
parse	2026-06-0a
parse	2026-99-99
resolve	0~1e308~1~0~_
resolve	1~-1~1~0.000001~_
resolve	0~-inf~0~7.1234567~-1
invert	7.1234567
resolve	0~-inf~1~2~-1
resolve	0~-0~1~inf~0.14
resolve	1~1e-320~0~1~-0
recent	-026-06-01~2025~11~31~0
recent	2026-06-13~2026~0~1~1439
recent	2026-06+01~2026~5~10~720
resolve	0~1000000~0~1~-1
parse	2026-13-01
resolve	0~inf~0~2~inf
resolve	0~0.5~1~1e-320~nan
invert	0.000001
resolve	0~7.1234567~0~_~0
resolve	0~1.0000005~1~2~0
recent	2026-06-08~2026~0~1~60
resolve	0~0.000001~0~-inf~0.14
invert	-inf
resolve	1~-inf~0~1000000~0
parse	2026-06-12
resolve	0~1.0000005~1~0.5~inf
resolve	0~1e308~0~nan~inf
invert	2
parse	nonsense
resolve	0~1000000~1~-inf~7.5
resolve	0~0.000001~1~3.3333333333~7.5
invert	1.0000005
parse	abcd-ef-gh
resolve	0~0.5~0~-1~1e308
recent	2026-06-0a~2024~2~1~59
resolve	0~inf~0~1~-0
resolve	1~6.9999995~1~nan~0.14
parse	2026-ab-01
parse	
parse	-026-06-01
resolve	0~1e308~1~0.5~1e308
resolve	0~-0~1~0~7.5
resolve	0~nan~1~3.3333333333~1e308
recent	2026-ab-01~2024~2~1~59
parse	2026-6-1
parse	2026-13-01
parse	2026-99-99
recent	2026-01-32~2026~5~1~720
parse	20260601ab
resolve	0~7.1234567~0~-inf~1e308
recent	2026-06-13~2026~2~1~1439
resolve	0~1~1~7.1234567~-1
resolve	0~-inf~1~_~0
parse	abcd-ef-gh
parse	2026-06-09
recent	20260601ab~2026~0~1~0
parse	
recent	nonsense~2025~11~31~720
parse	2026-13-01
resolve	0~-0~1~1e308~1e308
recent	-026-06-01~2026~5~10~720
resolve	0~0~0~inf~_
invert	-inf
recent	2026-13-01~2025~11~31~1439
invert	_
parse	2026-99-99
parse	2026-06-09
resolve	0~1000000~0~1000000~0.14
resolve	0~-0~0~-0~-0
invert	-0
recent	2026-06+01~2026~2~1~720
resolve	0~0.000001~0~1e308~0
resolve	0~1~0~1.0000005~0.14
recent	2026-00-10~2026~0~1~59
parse	2026-ab-01
resolve	0~1.0000005~1~_~0
resolve	0~inf~1~0.000001~0
resolve	0~0.5~1~1e-320~0.14
resolve	0~0.5~0~1~0.14
recent	9999-12-31~2026~0~1~60
resolve	0~-0~0~1e-320~-1
parse	20260601ab
resolve	0~nan~0~-inf~-0
recent	~2026~0~1~59
resolve	0~nan~0~-1~nan
parse	
invert	1
resolve	0~nan~0~1e308~0.14
resolve	0~6.9999995~0~_~7.5
resolve	0~0.000001~1~1000000~1e308
invert	2
invert	-inf
recent	~2026~2~1~60
resolve	0~-1~0~7.1234567~7.5
parse	2026-06-00
recent	2026-05-31~2026~5~10~1439
parse	2026-06-10
recent	2026-06-11~2026~5~10~1439
parse	-026-06-01
resolve	0~1000000~1~0~-1
resolve	0~1e-320~1~0.5~7.5
invert	3.3333333333
parse	2026-06-0a
parse	2026-00-10
resolve	0~6.9999995~1~0.000001~_
resolve	0~2~0~inf~inf
parse	2026-13-01
resolve	0~0.5~0~0.000001~inf
resolve	0~1~1~0~inf
resolve	0~-1~1~0.5~inf
parse	2026-06-13
parse	202 -06-01
resolve	0~0.000001~0~2~inf
parse	2026-06-12
parse	-026-06-01
resolve	0~0~0~1.0000005~-0
resolve	0~0~1~1e308~7.5
recent	2026-06-12~2026~5~10~1439
resolve	0~6.9999995~0~1000000~0
resolve	0~0.5~1~1e308~-0
resolve	0~3.3333333333~0~0~inf
resolve	0~1e308~0~-1~-0
resolve	0~0.5~0~1000000~7.5
parse	2026-02-29
parse	20260601ab
recent	2026-06-00~2026~5~10~720
resolve	0~1.0000005~0~0.5~nan
resolve	0~1e308~1~2~0.14
recent	2026-06-09~2026~5~1~1439
resolve	0~1.0000005~1~1.0000005~0
recent	2026-13-01~2026~5~1~0
recent	0000-01-01~2026~5~1~720
resolve	0~1.0000005~0~7.1234567~nan
invert	_
resolve	0~-inf~0~-inf~1e308
resolve	0~7.1234567~1~1000000~1e308
recent	2026_06_01~2024~2~1~1439
recent	2026-02-29~2024~2~1~0
resolve	0~2~1~1.0000005~inf
parse	2026-01-32
recent	2026-02-29~2024~2~1~59
resolve	0~6.9999995~0~1e-320~0
invert	1000000
resolve	1~1~1~1000000~inf
resolve	0~3.3333333333~1~1e308~7.5
parse	
parse	2026-06-01
parse	2026-06-13
resolve	0~1.0000005~0~6.9999995~0
recent	2026x06x01~2026~5~1~60
resolve	0~-inf~1~0.000001~_
parse	2026-06-0a
recent	2026-06-10~2026~5~1~59
recent	2026-ab-01~2025~11~31~1439
invert	-0
recent	0001-01-15~2026~0~1~59
invert	2
resolve	0~-1~0~0~7.5
parse	2026-06-01
parse	nonsense
invert	0
resolve	1~nan~1~inf~-1
recent	2026x06x01~2026~0~1~59
resolve	0~2~0~0.000001~nan
parse	2026-06-12
resolve	0~nan~1~nan~1e308
invert	0
invert	-0
recent	-026-06-01~2026~5~1~60
resolve	0~nan~0~2~0.14
resolve	0~nan~0~1000000~-1
recent	2026-01-32~2024~2~1~1
parse	2026-06-01
recent	2026-06-12~2025~11~31~60
recent	20260601ab~2026~0~1~1
resolve	0~1~1~-1~-0
invert	2
parse	+026-06-01
recent	2026-06-01~2026~5~10~1
resolve	0~-1~0~1000000~7.5
parse	2026x06x01
invert	1000000
recent	0001-01-15~2025~11~31~720
recent	2026-06-09~2024~2~1~720
parse	2026-06-11
resolve	0~-1~1~0.000001~inf
resolve	0~1e308~1~7.1234567~-1
resolve	0~6.9999995~1~_~-0
invert	0.000001
recent	9999-12-31~2026~5~1~1439
recent	2026-06-11~2026~0~1~59
resolve	0~0.000001~1~1~0.14
recent	-026-06-01~2026~0~1~0
resolve	0~-1~1~-1~0.14
recent	2024-02-29~2025~11~31~720
resolve	0~0.000001~0~1000000~0.14
recent	2026-06-00~2026~2~1~1
resolve	0~1~1~1e308~1e308
invert	-inf
resolve	0~1.0000005~1~1e-320~0
parse	nonsense
resolve	0~nan~1~2~inf
parse	2026-01-32
resolve	0~1.0000005~0~_~0
invert	1
recent	-026-06-01~2026~0~1~1439
resolve	1~1.0000005~1~1e-320~7.5
parse	2026-06-01
resolve	0~0.000001~1~1e308~_
resolve	0~2~0~0.5~-1
resolve	1~1e-320~1~6.9999995~7.5
resolve	0~_~0~-inf~-1
recent	2026-06-01~2026~5~1~1
invert	1
resolve	0~-0~1~1.0000005~-0
resolve	0~0.000001~0~inf~0.14
invert	1000000
recent	abcd-ef-gh~2026~5~10~0
resolve	0~0~0~inf~0.14
resolve	0~1e308~0~7.1234567~_
resolve	0~nan~1~nan~_
invert	7.1234567
parse	2026-06-08
resolve	0~1.0000005~1~1e308~0
invert	0
parse	2026_06_01
resolve	0~1000000~0~2~nan
resolve	1~0.000001~0~1e308~0.14
resolve	0~6.9999995~1~1e308~-1
parse	2026-06-13
resolve	1~1e308~1~2~0
resolve	0~-inf~0~1~inf
recent	2026-00-10~2026~2~1~60
parse	2026-06-10
parse	2026-06+01
resolve	0~2~1~-0~-1
invert	0.000001
resolve	0~6.9999995~0~_~inf
recent	2026-6-1~2026~0~1~60
parse	2026-06+01
resolve	0~1e308~0~0.000001~7.5
parse	nonsense
resolve	0~6.9999995~1~2~7.5
parse	2026-01-32
resolve	0~1e308~1~1000000~0.14
resolve	0~0.000001~0~1e-320~inf
parse	-026-06-01
parse	2026-01-01
parse	2026-01-32
invert	0.5
recent	2026-06-01~2026~5~10~720
resolve	0~1000000~1~1~7.5
resolve	0~-inf~1~1e-320~0
parse	2025-12-31
parse	2026-99-99
resolve	0~-1~1~0.000001~_
invert	1.0000005
parse	2026_06_01
resolve	0~6.9999995~1~3.3333333333~7.5
recent	2026-06-11~2024~2~1~1
resolve	0~1e-320~1~1e308~1e308
resolve	0~-1~0~1~0
resolve	0~1~0~-0~0
resolve	0~-inf~1~0.5~-0
recent	2026x06x01~2026~0~1~720
parse	2026-06-10
recent	~2024~2~1~720
resolve	1~_~1~6.9999995~7.5
recent	-026-06-01~2024~2~1~1439
invert	nan
resolve	1~1.0000005~1~3.3333333333~_
resolve	0~6.9999995~1~7.1234567~0
resolve	0~3.3333333333~1~6.9999995~inf
resolve	0~0~1~1000000~-1
recent	202 -06-01~2024~2~1~1439
parse	2026-06-08
recent	0000-01-01~2024~2~1~720
parse	2026-01-32
recent	2026-06-11~2026~5~1~1
parse	2026-ab-01
recent	2026-06-11~2026~5~1~60
parse	+026-06-01
resolve	0~0.000001~0~-0~-1
resolve	0~1e308~1~nan~-0
parse	2026-06-0a
resolve	0~nan~1~inf~_
resolve	0~7.1234567~0~nan~-1
resolve	0~nan~1~1000000~-1
parse	2026-06-00
parse	2026-06-13
recent	-026-06-01~2026~5~1~1439
resolve	0~1.0000005~0~2~-1
resolve	1~2~1~-1~-1
resolve	0~1000000~1~1.0000005~nan
resolve	1~1e308~0~1e-320~nan
resolve	0~7.1234567~0~1000000~inf
parse	2026-06-13
recent	2026-01-32~2026~2~1~59
resolve	1~2~0~inf~_
resolve	0~0~1~nan~1e308
recent	2026-06-08~2026~0~1~59
parse	2024-02-29
recent	0001-01-15~2026~5~1~1
resolve	0~1.0000005~1~-inf~-1
recent	0000-01-01~2026~0~1~60
resolve	0~-1~0~-1~1e308
resolve	0~1000000~1~1e-320~0
invert	nan
recent	+026-06-01~2026~5~1~60
resolve	0~7.1234567~0~-1~7.5
resolve	0~inf~1~0~0
parse	0000-01-01
parse	nonsense
parse	2026_06_01
invert	inf
resolve	0~_~0~_~inf
resolve	0~1.0000005~1~inf~1e308
parse	-026-06-01
resolve	0~1.0000005~0~7.1234567~0
resolve	0~nan~0~1~0.14
invert	0
recent	2024-02-29~2026~5~10~60
invert	1
resolve	0~7.1234567~1~1000000~_
resolve	0~_~1~1000000~nan
resolve	0~3.3333333333~0~6.9999995~_
resolve	0~2~0~-1~_
parse	2026-13-01
parse	abcd-ef-gh
resolve	0~-inf~0~1e-320~-0
parse	2026-06-10
resolve	0~-1~1~-1~_
parse	nonsense
invert	1.0000005
invert	0.5
recent	2026-06-09~2025~11~31~1439
resolve	0~6.9999995~0~-1~-0
parse	2026-ab-01
parse	nonsense
resolve	0~0~0~_~nan
resolve	0~2~0~-0~inf
resolve	0~1.0000005~1~1~nan
parse	2026-06-01
resolve	1~2~1~1~7.5
resolve	0~1000000~0~1e-320~0
parse	2024-02-29
resolve	0~3.3333333333~1~1.0000005~inf
parse	2026-01-32
parse	2026-06-12
resolve	0~_~0~1.0000005~nan
recent	2026-06-01~2026~5~10~720
resolve	1~_~1~0.000001~7.5
recent	2025-12-31~2024~2~1~720
resolve	0~1e308~0~1000000~1e308
parse	2026-06-12
recent	2026-06+01~2026~5~10~59
parse	2026-99-99
invert	1e308
invert	_
invert	nan
invert	inf
invert	-inf
invert	0
invert	-0
invert	-1
invert	1
invert	2
invert	7.1234567
invert	0.5
invert	1e-320
invert	1e308
invert	3.3333333333
invert	6.9999995
invert	1.0000005
invert	1000000
invert	0.000001
resolve	1~2~1~4~9
resolve	0~2~1~4~9
resolve	0~_~1~4~9
resolve	0~_~0~4~9
resolve	0~_~1~0~9
resolve	0~_~0~_~_
resolve	0~_~0~_~nan
resolve	0~_~0~_~-0
recent	2026-06-08~2026~5~10~0
recent	2026-06-09~2026~5~10~0
recent	2026-06-10~2026~5~10~0
recent	2026-06-11~2026~5~10~0
recent	2026-06-12~2026~5~10~0
recent	2026-06-13~2026~5~10~0
recent	2026-06-08~2026~5~10~1
recent	2026-06-09~2026~5~10~1
recent	2026-06-10~2026~5~10~1
recent	2026-06-11~2026~5~10~1
recent	2026-06-12~2026~5~10~1
recent	2026-06-13~2026~5~10~1
recent	2026-06-08~2026~5~10~719
recent	2026-06-09~2026~5~10~719
recent	2026-06-10~2026~5~10~719
recent	2026-06-11~2026~5~10~719
recent	2026-06-12~2026~5~10~719
recent	2026-06-13~2026~5~10~719
recent	2026-06-08~2026~5~10~720
recent	2026-06-09~2026~5~10~720
recent	2026-06-10~2026~5~10~720
recent	2026-06-11~2026~5~10~720
recent	2026-06-12~2026~5~10~720
recent	2026-06-13~2026~5~10~720
recent	2026-06-08~2026~5~10~1439
recent	2026-06-09~2026~5~10~1439
recent	2026-06-10~2026~5~10~1439
recent	2026-06-11~2026~5~10~1439
recent	2026-06-12~2026~5~10~1439
recent	2026-06-13~2026~5~10~1439
recent	2026-01-32~2026~5~10~720
recent	2026-13-01~2026~5~10~720
recent	2026-00-10~2026~5~10~720
recent	2026-06-00~2026~5~10~720
recent	nonsense~2026~5~10~720
recent	~2026~5~10~720
parse	2026-06-10
parse	2026-06-09
parse	2026-06-08
parse	2026-06-11
parse	2026-06-12
parse	2026-06-13
parse	2026-05-31
parse	2026-06-01
parse	2025-12-31
parse	2026-01-01
parse	2024-02-29
parse	2026-02-29
parse	2026-01-32
parse	2026-13-01
parse	2026-00-10
parse	2026-06-00
parse	nonsense
parse	2026-6-1
parse	
parse	2026x06x01
parse	20260601ab
parse	abcd-ef-gh
parse	2026-ab-01
parse	2026-06-0a
parse	202 -06-01
parse	2026_06_01
parse	2026-06+01
parse	+026-06-01
parse	-026-06-01
parse	2026-99-99
parse	9999-12-31
parse	0001-01-15
parse	0000-01-01
parse	2026-06-01
