notes	xfer~zz~tea~9~0^xfer~zz~~-1~_^xfer~zz~~-4~_^xfer~zz~coffee~12~0^xfer~zz~  lunch  ~0~_^xfer~zz~﻿coffee~15~_|xfer,zz,1|
notes	|xfer,,1|
search	exp~~0~coffee~~home|﻿lunch|zh;zz::自定义:Custom
search	exp~~nan~strasse~_~trip^exp~~100~strasse~~Trip^exp~trans~99.995~_~~_^exp~food~0.30000000000000004~coffee~﻿tag~trip^inc~trans~0~straSSe~_~|>100abc|zh;
search	exp~rent~10.5~strasse~~home^exp~trans~99.995~straSSe~~home|>=100|en;trans::自定义:Custom
search	xfer~food~-0~coffee~~_|> 100|zh;
pickledger	||trip
archacct	a0~1^a1~_|a1|
search	exp~~0.30000000000000004~ΑΣ~﻿tag~trip|> 100|en;
search	inc~trans~10.5~_~work~^xfer~food~-3~LUNCH~_~trip^exp~rent~0.30000000000000004~Σ~work~home^xfer~food~1e21~100~~Trip^exp~zz~-0~coffee~_~_||zh;
search	inc~rent~1e21~straSSe~﻿tag~home^exp~~-3~coffee~~^exp~trans~-0~lunch~_~^xfer~food~99.995~Σ~﻿tag~trip^exp~~0.30000000000000004~strasse~~home|﻿lunch|en;
search	inc~zz~99.995~>abc~work~Trip^xfer~zz~0~Lunch~~^exp~zz~1e21~straSSe~﻿tag~_^exp~trans~1e21~100~work~^xfer~trans~0~strasse~work;food~|﻿|en;
search	exp~food~100~>abc~_~_|<=100|zh;
pickacct	a0~_^a1~0^a2~0|a0^|
notes	inc~zz~tea~13~0^inc~zz~  lunch  ~2~1700000000000^inc~zz~~16~_^inc~zz~﻿coffee~6~0^inc~zz~coffee~18~_^inc~zz~  lunch  ~1~0|inc,zz,3|
notes	|exp,zz,3|
pickledger	|^home^home|Trip
search	xfer~~0~Istanbul~_~_^exp~trans~0~肯德基~_~^inc~~-3~straSSe~work~home^xfer~~-3~_~_~trip|=nan|en;
search	xfer~zz~-0~LUNCH~_~^xfer~zz~100~coffee~_~Trip^exp~trans~0.3~Lunch~_~^exp~zz~-0~ΑΣ~~Trip|>=100|en;
archledger	home^trip||trip
archledger	home^trip|work^trip^home|work
archledger	||Trip
search	inc~zz~100~_~~home^inc~rent~-0~coffee~﻿tag~|> 100|zh;::自定义:Custom
search	inc~zz~-0~Istanbul~~trip|strasse|zh;
search	xfer~food~-3~肯德基~work~_|>﻿100|zh;::自定义:Custom
archledger	home^trip^work^^Trip||
search	exp~~99.995~_~_~trip^xfer~zz~1~>abc~work~^exp~food~10.5~lunch~~| |zh;
archacct	a0~0^a1~1^a2~0^a3~_|^|
notes	inc~zz~lunch~12~1700000000000^exp~~coffee~2~0|exp,,0|
pickledger	home|home^|work
search	xfer~~1~coffee~~_^exp~food~0.3~Lunch~work~Trip^xfer~zz~10.5~﻿coffee~﻿tag~^xfer~rent~nan~﻿coffee~~Trip^inc~rent~0~﻿coffee~work;food~|>-1|en;
search	inc~zz~nan~>abc~work~_|work|zh;
pickledger	home^trip^work^^Trip||trip
search	exp~trans~100~strasse~﻿tag~Trip^exp~food~nan~ΑΣ~~trip^exp~zz~nan~kfc~﻿tag~Trip^inc~trans~100~ΑΣ~~|>abc|en;
search	inc~zz~-0~﻿coffee~~_|100|zh;food::自定义:Custom
archledger	home^trip^work^^Trip|trip^|
search	exp~food~100~ΑΣ~﻿tag~^xfer~~-0~coffee~﻿tag~^exp~rent~-0~Σ~_~Trip|﻿lunch|en;
pickacct	a0~0^a1~_^a2~1|a0|
archacct	a0~_||
archledger	||trip
archledger	home^trip^work|home^home|work
notes	inc~food~lunch~6~_^inc~food~_~8~0^inc~food~tea~-3~_^inc~food~lunch~4~_^inc~rent~lunch~17~1700000000000^inc~food~tea~7~_|inc,food,0|
search	exp~rent~0.30000000000000004~strasse~﻿tag~Trip|=nan|zh;
search	exp~zz~1e21~﻿coffee~~_^inc~~nan~>abc~work;food~Trip^exp~food~0~>abc~_~Trip^inc~rent~-0~100~work~home||en;
archacct	a0~1^a1~1^a2~1^a3~0^a4~0||
search	exp~~-3~_~_~Trip^inc~zz~-3~coffee~_~trip^exp~rent~nan~Σ~﻿tag~_|>0.3|en;::自定义:Custom
pickacct	a0~1^a1~_^a2~1^a3~_|a0^a9|
search	xfer~~-3~>abc~_~trip^xfer~trans~10.5~straSSe~﻿tag~^xfer~trans~100~_~~_^xfer~rent~1~Istanbul~work;food~home^exp~food~-0~100~work~Trip|﻿|zh;
pickledger	home^trip^work|work^work^|home
search	inc~zz~1~_~work~Trip|strasse|en;
notes	exp~zz~coffee~17~0|exp,zz,6|
search	xfer~rent~1e21~Istanbul~_~trip|1e+21|zh;trans::自定义:Custom
pickacct	a0~0^a1~_^a2~0|a0^a1|
search	exp~food~0~  spaced  ~﻿tag~Trip^exp~food~nan~﻿coffee~work;food~_^exp~trans~nan~100~_~||en;
pickacct	a0~_^a1~_^a2~0^a3~0^a4~_||
pickledger	home^trip||Trip
search	exp~~10.5~kfc~work;food~^xfer~rent~0.30000000000000004~kfc~work;food~trip^xfer~trans~10.5~straSSe~work~_^xfer~food~99.995~straSSe~work~_|> 100|en;
notes	|xfer,rent,1|
archacct	a0~_^a1~0^a2~0^a3~_^a4~_|a1^|
notes	xfer~~  lunch  ~8~_^xfer~~_~13~_^xfer~~﻿coffee~5~_|xfer,,3|
pickledger	|trip|work
notes	|inc,,0|
search	exp~~10.5~LUNCH~_~trip^xfer~~10.5~coffee~~_^exp~trans~1~~﻿tag~Trip|Ας|en;
search	exp~rent~1e21~İstanbul~_~home^exp~food~-0~coffee_BOM~_~trip^exp~rent~-0~100~﻿tag~home^exp~~0~Istanbul~work;food~Trip^exp~zz~nan~coffee_BOM~work~_|lunch_BOM|en;
search	exp~zz~99.995~İstanbul~work~Trip^xfer~food~nan~coffee~~_^xfer~rent~-3~﻿coffee~~|=100|zh;food::自定义:Custom
search	xfer~~1e21~>abc~~|>﻿100|en;
notes	exp~food~_~2~_^exp~trans~coffee~0~_^exp~food~tea~17~_^exp~food~lunch~20~0|exp,food,3|
pickacct	||
search	inc~trans~-3~肯德基~work~^xfer~rent~nan~Lunch~work;food~^exp~trans~1~kfc~work;food~_^exp~zz~-0~LUNCH~﻿tag~trip|work|en;trans::自定义:Custom
notes	|xfer,trans,6|
archacct	a0~1||
notes	|exp,trans,6|
search	inc~rent~-0~Istanbul~~trip^exp~trans~-3~>abc~_~_|lunch|zh;rent::自定义:Custom
notes	exp~~tea~-5~1700000000000^xfer~rent~_~3~0^inc~zz~~17~1700000000000|xfer,rent,1|
notes	exp~~lunch~6~1700000000000^exp~trans~~13~_^inc~rent~tea~-1~_^exp~~_~-3~1700000000000^exp~~﻿coffee~12~1700000000000|exp,,0|
pickledger	home|work|Trip
archledger	home^trip^work^^Trip|home^^Trip|
notes	inc~~tea~1~0^inc~~lunch~-3~_^inc~trans~_~3~_^inc~~  lunch  ~15~0^inc~~  lunch  ~3~1700000000000^_~food~~1~0^inc~~﻿coffee~-2~1700000000000|inc,,0|
search	exp~trans~-3~ΑΣ~﻿tag~Trip^exp~~10.5~straSSe~_~Trip^exp~~100~coffee_BOM~_~|100|en;
notes	inc~food~tea~-5~_^xfer~rent~coffee~1~0^exp~~tea~13~0^xfer~rent~  lunch  ~17~_^xfer~rent~~18~_^xfer~rent~~10~_^xfer~rent~coffee~-4~_^xfer~rent~  lunch  ~20~0|xfer,rent,1|
search	inc~zz~nan~coffee~~home^exp~zz~-3~strasse~work;food~Trip^exp~zz~99.995~_~﻿tag~|=100|en;
archledger	home^trip^work^||work
notes	exp~rent~lunch~9~1700000000000^exp~rent~_~2~0^exp~rent~lunch~1~_^inc~food~tea~-1~0^exp~rent~coffee~7~_^exp~rent~tea~-2~_^exp~rent~coffee~6~0|exp,rent,0|
search	exp~zz~0.3~straSSe~﻿tag~trip^exp~~100~﻿coffee~_~Trip^exp~rent~1e21~straSSe~_~_|99.995|en;
search	exp~zz~nan~İstanbul~_~_^exp~food~100~>abc~~^inc~zz~0.3~coffee_BOM~_~|99.995|en;
archledger	home^trip^work|work^work|Trip
archledger	home^trip|Trip|work
archacct	|a0^a9|
archledger	home^trip|home^home|
search	inc~food~0~straSSe~_~trip^inc~~-3~Σ~work;food~_^exp~trans~0.30000000000000004~Lunch~work;food~Trip^xfer~trans~nan~  spaced  ~work~trip|>=|zh;
archacct	||
search	exp~food~10.5~kfc~work;food~_^exp~~10.5~Lunch~work~trip^inc~food~1e21~LUNCH~﻿tag~^inc~zz~99.995~ΑΣ~_~trip^exp~rent~10.5~Σ~~_|i̇stanbul|en;
archledger	home^trip^work|work^trip^|Trip
notes	exp~food~﻿coffee~18~_^exp~food~lunch~15~1700000000000^inc~~tea~19~_^exp~food~coffee~20~1700000000000^exp~food~tea~2~_|exp,food,20|
search	exp~zz~99.995~strasse~﻿tag~_^exp~zz~1~strasse~﻿tag~^exp~zz~10.5~ΑΣ~﻿tag~^xfer~zz~0.30000000000000004~strasse~~_|trip|en;
search	xfer~rent~nan~肯德基~~home^exp~food~nan~100~work~^inc~rent~99.995~Istanbul~﻿tag~_^exp~~100~lunch~﻿tag~_|=nan|zh;food::自定义:Custom
archacct	a0~1^a1~0||
archacct	a0~1^a1~0^a2~1||
pickledger	home^trip^work|work^|trip
search	inc~zz~10.5~kfc~_~^exp~~99.995~coffee~﻿tag~home^exp~trans~0.30000000000000004~kfc~work~Trip^exp~zz~99.995~kfc~_~trip|<=100|zh;
search	exp~~1~100~work~_^exp~zz~99.995~LUNCH~﻿tag~_^xfer~zz~0.3~Istanbul~work~_|=0.30000000000000004|zh;
archledger	home^trip^work|work^|home
pickacct	a0~0^a1~_^a2~0||
archacct	a0~_|^a1|
search	inc~rent~1e21~Istanbul~﻿tag~_|=nan|zh;
search	exp~food~100~lunch~work;food~trip^inc~food~99.995~coffee_BOM~work;food~trip^xfer~~1~Σ~_~home^exp~zz~0.30000000000000004~İstanbul~﻿tag~Trip^xfer~trans~1~LUNCH~work~Trip|lunch|zh;
archledger	||trip
notes	xfer~zz~~6~0^xfer~zz~coffee~-3~1700000000000^xfer~zz~~14~1700000000000^xfer~zz~  lunch  ~7~_^inc~~lunch~0~_^xfer~zz~lunch~10~_|xfer,zz,1|
pickacct	a0~1^a1~1|^|
archledger	home|Trip|work
search	xfer~rent~0~~_~||en;food::自定义:Custom
pickledger	home^trip^work|work^|trip
pickacct	a0~_^a1~0^a2~1^a3~0|a9|
archacct	a0~0^a1~1^a2~1^a3~0^a4~_||
search	inc~zz~0.3~coffee~~trip|>100abc|zh;food::自定义:Custom
archledger	home^trip^work|home|home
search	xfer~rent~0.30000000000000004~coffee~work~^exp~trans~0.30000000000000004~﻿coffee~work;food~_|coffee|zh;
notes	exp~trans~tea~-3~_^exp~trans~_~-1~1700000000000|exp,trans,20|
search	exp~rent~0.3~ΑΣ~work~|work|zh;
notes	xfer~food~~12~_^exp~food~coffee~10~_^exp~trans~﻿coffee~10~1700000000000|exp,trans,0|
notes	xfer~food~tea~16~_^xfer~food~﻿coffee~1~0^xfer~food~  lunch  ~19~0|xfer,food,20|
notes	xfer~food~coffee~-3~_^xfer~food~  lunch  ~6~0^xfer~food~tea~4~_^xfer~food~coffee~12~1700000000000^xfer~food~﻿coffee~1~_|xfer,food,0|
notes	inc~rent~tea~-1~_^inc~food~_~6~0^inc~food~lunch~8~1700000000000^inc~food~tea~-5~0|inc,food,0|
search	exp~~99.995~Lunch~work~trip^exp~rent~0.3~coffee~work~Trip|>100|zh;
search	inc~zz~10.5~strasse~﻿tag~trip|1e+21|zh;
archacct	a0~1^a1~1|a9^a9|
notes	inc~food~  lunch  ~11~_|exp,zz,1|
notes	xfer~trans~coffee~-4~1700000000000^exp~~coffee~3~1700000000000^xfer~trans~~4~0^xfer~trans~coffee~1~0^xfer~trans~﻿coffee~6~_^xfer~trans~tea~5~1700000000000^_~~_~9~1700000000000^xfer~trans~_~-4~0|xfer,trans,1|
search	exp~food~0.3~straSSe~﻿tag~trip^exp~~-3~kfc~_~home^inc~food~0.30000000000000004~Istanbul~work~home^inc~~nan~coffee~work~^xfer~rent~1e21~  spaced  ~_~_|=1x|zh;zz::自定义:Custom
archledger	||home
archacct	a0~0^a1~1||
search	inc~rent~100~Istanbul~﻿tag~_^exp~food~10.5~Istanbul~work;food~Trip^exp~trans~-0~straSSe~~trip^exp~trans~100~_~work;food~trip|10.5|zh;
notes	xfer~~﻿coffee~12~_^xfer~~_~1~0^xfer~~  lunch  ~13~_^xfer~rent~_~-2~1700000000000|xfer,,20|
notes	exp~food~coffee~13~_^exp~food~coffee~-3~0^exp~food~_~11~1700000000000^exp~food~coffee~9~_|exp,food,3|
search	exp~trans~1e21~  spaced  ~_~^xfer~~99.995~strasse~work~_^xfer~trans~100~肯德基~_~|=0.30000000000000004|zh;food::自定义:Custom
archledger	home^trip^work|home^Trip^home|work
notes	exp~~coffee~14~1700000000000^exp~~tea~-2~0^exp~~coffee~-5~_^exp~~﻿coffee~-5~_^exp~~lunch~0~1700000000000^exp~rent~tea~-5~_^exp~~coffee~11~_^exp~~~10~0|exp,,20|
pickledger	|work|home
archledger	home^trip^work^^Trip|home^home^trip|Trip
pickledger	|work^Trip^|
pickacct	a0~_^a1~0^a2~1||
pickacct	|a0|
search	inc~zz~1e21~coffee~work~home^inc~~0.3~lunch~work;food~^exp~food~100~LUNCH~_~home|>abc|zh;
search	xfer~food~-0~coffee_BOM~_~trip^exp~zz~0~lunch~~_^exp~trans~-0~straSSe~work;food~_^exp~rent~0~>abc~~Trip^inc~trans~0~﻿coffee~_~Trip|food|zh;::自定义:Custom
search	xfer~food~-3~﻿coffee~﻿tag~home^exp~~0.30000000000000004~  spaced  ~~_^xfer~zz~0.30000000000000004~kfc~work;food~Trip^exp~zz~0~coffee~_~_^exp~~0~100~﻿tag~trip|>﻿100|en;
search	xfer~food~0.3~strasse~~^exp~food~1~ΑΣ~work~_^exp~zz~99.995~coffee~_~trip^inc~food~0.3~coffee~work~_^xfer~rent~99.995~  spaced  ~_~home|﻿lunch|en;
notes	xfer~rent~lunch~16~_^xfer~rent~_~16~_|xfer,rent,0|
archacct	a0~1^a1~0|a1|
notes	xfer~food~coffee~20~1700000000000^exp~~  lunch  ~5~_^inc~rent~lunch~7~1700000000000^exp~~﻿coffee~-2~_|inc,rent,3|
archacct	a0~1^a1~_|a9|
search	inc~zz~0.3~coffee~work~home^inc~zz~-3~  spaced  ~work~_^xfer~rent~0~coffee_BOM~_~home^exp~zz~10.5~﻿coffee~﻿tag~home^xfer~rent~-3~coffee_BOM~work~_|food|zh;
search	exp~~0~  spaced  ~~^exp~zz~1e21~Istanbul~work~trip^exp~~-3~Lunch~﻿tag~trip^inc~~0~﻿coffee~~trip|> 100 x|zh;
notes	exp~zz~tea~4~0^xfer~trans~coffee~1~0^exp~zz~coffee~10~_^exp~zz~  lunch  ~1~_^_~zz~~12~_^exp~zz~  lunch  ~-3~1700000000000^exp~zz~﻿coffee~4~_|exp,zz,6|
archacct	|a1|
notes	xfer~trans~  lunch  ~12~_^xfer~trans~tea~-1~1700000000000^xfer~trans~  lunch  ~19~_^xfer~trans~_~7~0|xfer,trans,1|
search	inc~rent~100~coffee~~Trip|strasse|en;
archacct	||
search	inc~trans~-0~LUNCH~work~^xfer~~0.30000000000000004~_~﻿tag~trip^inc~zz~-0~﻿coffee~_~home^inc~food~-3~coffee~﻿tag~Trip^exp~food~0.30000000000000004~ΑΣ~~home|coffee|zh;
search	inc~rent~0.3~~~|>100|en;
pickacct	a0~1^a1~_^a2~_^a3~1||
search	inc~food~0.30000000000000004~coffee~work~Trip^exp~trans~-3~~~_^exp~rent~-3~Istanbul~~^exp~food~nan~  spaced  ~work;food~|1e+21|zh;
search	inc~~1e21~Lunch~_~trip|>100|zh;zz::自定义:Custom
archacct	||
search	xfer~food~1e21~ΑΣ~work~^exp~zz~1e21~straSSe~work~Trip^inc~zz~0.30000000000000004~Σ~_~trip^xfer~food~99.995~Istanbul~~home^exp~~0~straSSe~work~Trip||zh;
notes	inc~zz~﻿coffee~20~0^inc~zz~~20~_^inc~zz~~-1~_^exp~zz~~-4~_^inc~zz~tea~11~0^inc~zz~_~13~0|inc,zz,20|
pickledger	|trip^home|Trip
search	exp~food~nan~Istanbul~﻿tag~trip|>abc|en;
notes	xfer~trans~lunch~17~1700000000000^xfer~trans~tea~17~_|xfer,trans,1|
search	exp~zz~0.3~coffee_BOM~﻿tag~home^exp~rent~99.995~  spaced  ~_~Trip^exp~zz~99.995~coffee~work~Trip^inc~food~-0~strasse~_~Trip^exp~rent~1~coffee_BOM~﻿tag~_|>-1|en;
archledger	home^trip^work||Trip
archacct	a0~0^a1~_^a2~1||
search	exp~rent~nan~>abc~_~home^inc~zz~100~﻿coffee~_~^exp~trans~10.5~strasse~work~Trip|>-1|zh;
archledger	home|^home|work
search	inc~trans~100~lunch~_~^exp~~nan~ΑΣ~~home^inc~food~0.30000000000000004~﻿coffee~work~trip|>=|en;
search	exp~~100~  spaced  ~﻿tag~home|work|en;food::自定义:Custom
archledger	home^trip||trip
pickacct	||
archacct	a0~1^a1~_^a2~_|a0^a9|
notes	exp~rent~~17~1700000000000^exp~rent~coffee~-4~_|exp,rent,1|
notes	exp~trans~coffee~10~_^inc~rent~lunch~16~1700000000000^inc~rent~﻿coffee~-1~1700000000000^inc~rent~_~8~_^exp~trans~_~14~_^inc~rent~﻿coffee~5~_^exp~zz~  lunch  ~4~_|inc,rent,20|
pickledger	|work^trip^Trip|Trip
search	exp~~99.995~Σ~﻿tag~Trip^exp~rent~10.5~Σ~﻿tag~Trip|肯德基|en;
notes	exp~zz~lunch~3~_|exp,rent,6|
pickacct	a0~_^a1~1^a2~0||
search	inc~food~10.5~İstanbul~﻿tag~^exp~rent~nan~kfc~work;food~Trip^exp~zz~100~>abc~~^exp~~0.3~Istanbul~work;food~Trip|> 100|zh;
pickacct	a0~1|a1|
pickacct	a0~0||
pickacct	a0~0^a1~1^a2~_^a3~0^a4~1|a1^a0|
search	inc~~0.30000000000000004~İstanbul~~_^exp~trans~0.30000000000000004~﻿coffee~_~home^exp~trans~-0~LUNCH~work;food~trip|> 100|zh;
search	exp~zz~1~~work~trip^xfer~trans~1~straSSe~work~^xfer~trans~0.3~Σ~~_^exp~zz~0.3~coffee_BOM~work~trip|﻿lunch|zh;
notes	inc~food~tea~-3~0^xfer~food~﻿coffee~-5~1700000000000^xfer~food~lunch~-5~_^xfer~rent~coffee~0~_^xfer~food~~20~_|xfer,food,3|
search	exp~~1e21~strasse~~trip^exp~food~0~coffee_BOM~_~trip^xfer~food~1~coffee~work~home^exp~trans~nan~Istanbul~work~trip|99.995|en;food::自定义:Custom
archledger	home^trip|work|work
search	exp~rent~10.5~_~﻿tag~home^xfer~rent~0.3~coffee~_~Trip^inc~food~0.3~>abc~﻿tag~_|﻿lunch|en;
archacct	a0~0^a1~_^a2~_^a3~0|a9|
notes	xfer~food~_~-3~1700000000000^xfer~trans~tea~1~1700000000000^xfer~trans~lunch~-4~0^xfer~trans~lunch~1~_^xfer~trans~lunch~5~1700000000000^xfer~food~coffee~-1~_^xfer~trans~  lunch  ~12~0|xfer,trans,20|
pickledger	home||trip
search	exp~~-3~100~_~^xfer~zz~nan~100~﻿tag~^xfer~rent~-3~100~_~_^exp~zz~-0~coffee~~_|> 100|en;
archledger	home|^work|home
pickacct	|a0^|
pickledger	|home|home
archacct	a0~0|a1|
search	exp~food~0.3~>abc~_~home^exp~trans~0.3~_~_~trip|> 100 x|zh;
pickacct	|a9^a1|
notes	exp~trans~~12~_^exp~trans~lunch~-3~_^exp~trans~_~4~1700000000000^exp~trans~tea~-1~_^exp~trans~coffee~5~1700000000000|exp,trans,0|
pickacct	a0~0^a1~1^a2~0|a0^a0|
notes	exp~rent~lunch~17~_^xfer~trans~lunch~11~0^xfer~trans~lunch~18~_^xfer~trans~coffee~8~0^xfer~trans~lunch~16~_^xfer~trans~﻿coffee~-2~_^xfer~trans~  lunch  ~16~1700000000000^xfer~trans~lunch~4~0|xfer,trans,3|
notes	|xfer,trans,6|
archacct	a0~1^a1~1^a2~1|a1^a9|
search	inc~~-3~İstanbul~work;food~^exp~food~1e21~~﻿tag~^xfer~rent~100~100~~home^inc~trans~-3~Lunch~work~^inc~zz~nan~Lunch~_~Trip|10.5|en;
archacct	a0~_^a1~1^a2~1|a9|
search	inc~~10.5~coffee_BOM~work;food~^xfer~~1e21~kfc~work~_|>　100|en;
notes	exp~rent~coffee~4~1700000000000^exp~rent~coffee~19~_^exp~food~lunch~2~1700000000000^exp~rent~coffee~-1~1700000000000|exp,rent,3|
notes	exp~zz~lunch~16~_^_~~lunch~15~1700000000000^exp~food~  lunch  ~7~_^exp~zz~coffee~-4~1700000000000|exp,zz,6|
pickledger	home^trip|home^Trip^home|trip
search	inc~trans~-0~straSSe~~trip|肯德基|en;
search	xfer~rent~0.30000000000000004~Istanbul~~^inc~zz~0~_~﻿tag~|<100|en;
search	exp~zz~100~İstanbul~work;food~_^exp~zz~nan~LUNCH~﻿tag~|strasse|en;
search	inc~zz~1~coffee~﻿tag~home|Ας|en;
pickledger	home^trip^work^|trip^Trip|home
search	xfer~trans~-3~﻿coffee~work;food~Trip^inc~rent~100~  spaced  ~work~home|>=|en;
notes	exp~trans~_~12~1700000000000^exp~trans~tea~13~_|exp,trans,1|
pickledger	home^trip|home|home
notes	exp~zz~tea~8~_^exp~zz~  lunch  ~11~0^exp~zz~lunch~-4~_^exp~zz~lunch~15~_^exp~zz~﻿coffee~-2~1700000000000^exp~zz~coffee~12~_^exp~zz~~10~1700000000000^exp~zz~tea~11~_|exp,zz,20|
pickledger	home^trip^work^||work
notes	inc~rent~_~7~_^inc~rent~tea~0~0^inc~rent~  lunch  ~5~1700000000000|inc,rent,1|
notes	|exp,trans,1|
search	inc~~99.995~LUNCH~~home^xfer~rent~0.30000000000000004~coffee~_~Trip^exp~~100~﻿coffee~work~|food|en;
archacct	a0~1^a1~1^a2~0^a3~_^a4~0|a1|
pickledger	home^trip^work|trip^work^work|
pickledger	home^trip^work^|^^Trip|
search	inc~zz~99.995~Lunch~_~^exp~food~0~肯德基~work~Trip^inc~rent~nan~ΑΣ~work;food~Trip||zh;
notes	exp~food~coffee~3~1700000000000^exp~food~  lunch  ~20~1700000000000^xfer~food~coffee~10~1700000000000^exp~food~coffee~2~0^exp~food~tea~-2~_^exp~zz~lunch~13~_|exp,food,1|
search	xfer~food~100~ΑΣ~work~trip^xfer~trans~-0~ΑΣ~_~_|>0.3|zh;
search	xfer~rent~-0~_~~trip|>﻿100|en;
pickledger	home||Trip
pickacct	a0~1^a1~_^a2~_|a9|
notes	xfer~rent~lunch~13~_^xfer~rent~coffee~9~_^xfer~rent~tea~7~_^inc~~~9~1700000000000^xfer~rent~coffee~7~1700000000000^xfer~rent~_~6~1700000000000^xfer~rent~﻿coffee~6~_|xfer,rent,1|
archledger	|work^|work
notes	xfer~trans~_~-1~0^_~food~tea~16~1700000000000^xfer~trans~_~8~_^xfer~trans~coffee~20~_^xfer~trans~  lunch  ~10~1700000000000^inc~food~lunch~6~_|xfer,trans,0|
search	exp~food~-0~straSSe~_~home^inc~trans~100~﻿coffee~﻿tag~_^exp~rent~1~LUNCH~~trip^inc~~1~Σ~~^inc~trans~99.995~coffee~﻿tag~_|>0.3|en;
pickledger	home|work^Trip^work|work
notes	xfer~zz~  lunch  ~14~1700000000000^xfer~zz~_~11~_^xfer~zz~﻿coffee~4~_^exp~food~lunch~20~0^inc~zz~_~9~0|xfer,zz,1|
search	inc~food~0.30000000000000004~_~~Trip^inc~trans~0~Istanbul~﻿tag~_^xfer~zz~nan~coffee~work;food~Trip^xfer~trans~10.5~Istanbul~work;food~trip|﻿lunch|zh;
notes	exp~rent~coffee~7~_^exp~rent~~-2~_^exp~rent~coffee~9~0^_~food~﻿coffee~17~1700000000000^exp~rent~~9~_^exp~rent~﻿coffee~4~_|exp,rent,6|
search	xfer~zz~-3~>abc~_~^xfer~~1e21~straSSe~work;food~home^inc~~1~LUNCH~work~trip^exp~~0~_~work;food~_^inc~trans~0.30000000000000004~Σ~~_|>abc|en;
notes	inc~food~coffee~-5~1700000000000|inc,food,0|
archacct	a0~1^a1~_^a2~1||
search	inc~rent~-3~LUNCH~work~^exp~trans~1~100~~Trip^inc~zz~1e21~~work;food~Trip|>-1|en;
notes	exp~~~0~_^exp~~lunch~1~_^exp~~coffee~-2~0^exp~~coffee~2~_|exp,,1|
pickacct	|a9^|
search	inc~food~99.995~coffee_BOM~~Trip^exp~food~0~coffee~~home^inc~~99.995~Lunch~_~_^inc~~1e21~LUNCH~﻿tag~trip|<100|en;food::自定义:Custom
archacct	a0~0^a1~_||
search	xfer~rent~1~strasse~work;food~trip^xfer~zz~0~coffee_BOM~_~^exp~trans~-0~kfc~﻿tag~_^exp~~1e21~ΑΣ~~_^exp~rent~10.5~ΑΣ~work;food~_|lunch|en;trans::自定义:Custom
pickacct	a0~0^a1~0^a2~_||
pickledger	home|^trip^|home
search	xfer~trans~0.30000000000000004~coffee~﻿tag~_||zh;
archacct	a0~0^a1~_^a2~0||
notes	|exp,rent,3|
archacct	a0~_^a1~_|a9|
archledger	home|trip|work
search	inc~food~100~Lunch~work~trip^inc~~0.3~coffee~﻿tag~^exp~rent~0~Σ~_~Trip^inc~zz~0.30000000000000004~Lunch~﻿tag~^exp~food~99.995~ΑΣ~﻿tag~|99.995|zh;
search	exp~zz~0.30000000000000004~Lunch~﻿tag~trip^exp~trans~nan~100~_~trip|﻿|en;
search	xfer~zz~-3~Σ~work~Trip^exp~rent~0~strasse~﻿tag~home^xfer~zz~10.5~﻿coffee~work~home^xfer~food~0~kfc~work;food~home|> 100|en;
search	exp~rent~99.995~肯德基~_~Trip^exp~trans~-3~Σ~work~_^xfer~zz~0.30000000000000004~İstanbul~work;food~_^inc~zz~-0~肯德基~﻿tag~Trip|> 100 x|zh;::自定义:Custom
pickledger	home^trip^work^||home
pickacct	a0~_^a1~1^a2~1|a0|
search	exp~food~10.5~coffee~_~|>100abc|en;
search	xfer~~0.30000000000000004~>abc~work~| |zh;
pickledger	home^trip^work^^Trip|^home|Trip
notes	inc~zz~coffee~8~0^xfer~~coffee~3~0^inc~zz~  lunch  ~2~1700000000000^inc~~_~1~0|inc,zz,0|
notes	|exp,,0|
pickledger	home^trip^work^^Trip|trip|
archacct	||
pickacct	a0~_|a1^a9|
notes	xfer~trans~coffee~19~_^xfer~trans~_~10~_^xfer~trans~lunch~10~1700000000000^xfer~trans~  lunch  ~16~_|xfer,trans,3|
search	inc~~1e21~﻿coffee~﻿tag~^exp~food~0.3~LUNCH~work~trip^exp~zz~99.995~~work;food~_^inc~food~-3~>abc~﻿tag~Trip^inc~~nan~kfc~~||en;
pickledger	home^trip^work^||Trip
search	xfer~trans~-0~Σ~﻿tag~^inc~zz~nan~coffee_BOM~work;food~home^inc~trans~1~kfc~work~trip^exp~~nan~Istanbul~work~trip|>100|en;
archacct	a0~1^a1~_^a2~1|a1^|
archledger	home^trip^work|trip^Trip|home
search	exp~rent~10.5~coffee~﻿tag~^exp~rent~0.3~LUNCH~_~Trip^exp~rent~1e21~  spaced  ~~|>=|en;
pickacct	a0~_^a1~1^a2~0^a3~0^a4~0|^a0|
notes	xfer~trans~  lunch  ~6~0|xfer,trans,1|
search	xfer~rent~0~>abc~~Trip^exp~zz~1~ΑΣ~work~home|>100|zh;
pickacct	a0~_^a1~0^a2~0^a3~_|^|
archledger	home|trip^home^Trip|
archacct	a0~1^a1~1^a2~1|a9^a1|
archledger	home||work
search	inc~~nan~~work~_^exp~~10.5~coffee~work;food~home^exp~food~0.30000000000000004~~~Trip|work|zh;
notes	xfer~food~lunch~20~_^inc~rent~  lunch  ~18~0^xfer~food~coffee~20~0^xfer~food~﻿coffee~8~1700000000000^xfer~food~lunch~1~1700000000000|xfer,food,6|
pickledger	home^trip^work^^Trip|work^trip^trip|work
pickacct	a0~0^a1~1^a2~_^a3~_||
archacct	|a1|
archacct	a0~0^a1~0^a2~_^a3~1^a4~0|a9^a0|
pickacct	a0~1^a1~1|a9^a1|
search	xfer~trans~-3~﻿coffee~﻿tag~_^inc~~1~~~Trip^exp~rent~0.3~﻿coffee~﻿tag~home^xfer~food~0.30000000000000004~_~_~^inc~rent~-3~coffee_BOM~_~Trip|lunch|en;
archledger	home^trip^work^|home|Trip
search	exp~~99.995~100~﻿tag~Trip^inc~zz~nan~Lunch~﻿tag~_^exp~zz~10.5~coffee~work~home^inc~zz~-0~kfc~~^inc~trans~0.3~肯德基~work~|肯德基|zh;
notes	exp~food~  lunch  ~11~_^inc~rent~lunch~0~_|exp,food,1|
search	exp~~1~kfc~~trip^exp~~99.995~Σ~work~_^inc~rent~99.995~coffee~﻿tag~^exp~zz~99.995~coffee~_~|=100|zh;
pickledger	|trip^trip^Trip|Trip
notes	xfer~trans~_~14~1700000000000^xfer~trans~lunch~1~0^xfer~trans~lunch~-5~1700000000000^xfer~trans~_~6~_^exp~rent~  lunch  ~16~_^exp~food~coffee~2~_|xfer,trans,20|
pickacct	|a0|
pickledger	home^trip^work|^home|work
search	xfer~zz~0.30000000000000004~  spaced  ~work;food~home^inc~trans~0.30000000000000004~strasse~﻿tag~Trip^inc~rent~nan~lunch~﻿tag~_^exp~trans~100~Lunch~work~trip|100|zh;
search	xfer~trans~0.3~肯德基~_~Trip^exp~trans~0.3~coffee~work~_|100|zh;
pickacct	a0~1^a1~0^a2~1|a0^a0|
search	exp~~100~coffee~_~_^xfer~zz~99.995~ΑΣ~_~home^xfer~trans~0.30000000000000004~coffee~_~|lunch|en;
pickacct	a0~1^a1~1^a2~1^a3~_^a4~1|a9^a1|
archledger	home||Trip
search	exp~rent~99.995~Σ~_~_^inc~rent~99.995~lunch~﻿tag~home^exp~food~0.3~strasse~﻿tag~Trip^inc~~-0~肯德基~work;food~Trip^inc~~1e21~ΑΣ~work;food~_|strasse|zh;
search	xfer~rent~0~lunch~_~^exp~zz~1~肯德基~work~home|> 100|zh;::自定义:Custom
pickacct	a0~_||
pickledger	home^trip^work^|trip^work^trip|home
pickacct	a0~1^a1~1^a2~_||
archledger	home^trip^work^||Trip
notes	xfer~food~coffee~4~1700000000000^xfer~food~lunch~-5~1700000000000^xfer~food~tea~14~_^xfer~food~﻿coffee~-3~_|xfer,food,20|
notes	exp~rent~~17~_^exp~rent~coffee~-5~_^exp~rent~coffee~-5~_^inc~rent~lunch~-4~_^exp~rent~_~15~0|exp,rent,3|
pickacct	a0~1^a1~_^a2~_^a3~1^a4~0|a9|
search	exp~food~1e21~肯德基~_~trip^inc~trans~0.30000000000000004~Istanbul~work~home^xfer~food~nan~  spaced  ~work;food~^exp~rent~10.5~İstanbul~work~Trip^exp~trans~99.995~ΑΣ~﻿tag~Trip|Ας|en;
search	exp~zz~-3~LUNCH~~home^inc~rent~10.5~_~_~Trip|food|zh;
archacct	||
search	exp~food~1~kfc~_~home^exp~zz~100~İstanbul~work;food~^inc~rent~0.30000000000000004~100~_~home^xfer~~100~肯德基~work~trip|>100abc|zh;
archacct	|a1^|
archledger	home^trip^work^^Trip|^Trip|
notes	exp~trans~lunch~15~_^inc~~_~9~_^inc~~lunch~11~1700000000000^inc~~  lunch  ~6~1700000000000^inc~~  lunch  ~9~0|inc,,3|
search	inc~food~0~Istanbul~~^exp~~1e21~straSSe~﻿tag~Trip|﻿lunch|en;
archledger	home^trip^work|work^trip|
notes	inc~zz~~11~_|inc,zz,1|
search	inc~zz~1e21~strasse~work;food~home^inc~rent~0.30000000000000004~Lunch~~|food|zh;
search	exp~~0.30000000000000004~lunch~_~Trip^exp~food~99.995~Lunch~work~^exp~zz~99.995~﻿coffee~﻿tag~trip^exp~rent~nan~coffee~﻿tag~home|food|en;
search	exp~zz~1e21~straSSe~~home^inc~trans~1e21~ΑΣ~~_^exp~zz~-3~coffee~work;food~home|LUNCH|zh;trans::自定义:Custom
notes	inc~food~﻿coffee~18~0^inc~food~~8~_^inc~food~lunch~20~_^exp~~_~-5~_^inc~food~lunch~16~0^inc~food~~16~0|inc,food,0|
pickacct	|a1^a1|
search	xfer~food~99.995~_~work;food~_^inc~rent~1e21~100~work~home||zh;
archacct	a0~_^a1~1|a9^|
archacct	a0~_|a1|
archledger	home||Trip
pickledger	|^trip|Trip
archacct	a0~1^a1~_^a2~0^a3~_^a4~1|a0|
search	xfer~zz~0.30000000000000004~_~~Trip|=0.3|en;
notes	exp~rent~coffee~9~_^exp~food~lunch~18~0^exp~food~  lunch  ~0~_^exp~food~coffee~14~_|exp,food,20|
archacct	a0~0||
notes	inc~trans~  lunch  ~-3~0^inc~trans~_~-1~1700000000000^inc~trans~_~13~1700000000000|inc,trans,20|
archledger	home^trip^work^||trip
pickacct	a0~1^a1~1^a2~_|a1|
archacct	a0~0^a1~0||
search	exp~zz~0.30000000000000004~strasse~﻿tag~home|>=|zh;
pickledger	home|work^home|home
search	exp~food~-3~  spaced  ~﻿tag~Trip^inc~~100~~work;food~Trip|=nan|zh;
search	exp~trans~10.5~~work~trip^exp~~1e21~Istanbul~work;food~trip^inc~~1~Istanbul~﻿tag~home^xfer~rent~-0~>abc~_~|<=100|en;
search	exp~zz~0.3~﻿coffee~work;food~home|=nan|en;
search	exp~trans~10.5~  spaced  ~﻿tag~trip^exp~~100~>abc~_~_^xfer~food~0.30000000000000004~LUNCH~﻿tag~home^exp~food~-3~kfc~_~trip^exp~zz~99.995~Istanbul~﻿tag~|>=|zh;
pickacct	a0~0^a1~_||
search	xfer~rent~1e21~Istanbul~work~|coffee|zh;
pickacct	a0~0^a1~_^a2~0|a0^|
search	xfer~trans~nan~strasse~﻿tag~_^inc~~-0~>abc~_~home^xfer~~1e21~100~_~Trip^xfer~~1~  spaced  ~﻿tag~^exp~food~99.995~肯德基~~|> 100|en;
search	inc~food~99.995~﻿coffee~_~^xfer~food~1~肯德基~_~trip|=nan|zh;
pickledger	home^trip|Trip^trip^Trip|trip
pickacct	a0~0|^a9|
search	inc~food~nan~﻿coffee~﻿tag~^exp~zz~100~coffee~﻿tag~trip^exp~rent~-3~肯德基~_~trip^xfer~trans~0~>abc~work~trip|Ας|en;
pickledger	home^trip^work|^work|work
search	exp~food~1e21~coffee~﻿tag~^xfer~zz~1e21~coffee~﻿tag~_^inc~zz~-3~LUNCH~_~home^inc~zz~99.995~﻿coffee~~home|coffee|zh;
pickacct	a0~0^a1~1||
archacct	a0~1^a1~0^a2~1^a3~1^a4~_|^a0|
notes	inc~zz~tea~12~0^inc~zz~  lunch  ~-3~1700000000000^inc~zz~_~9~_^inc~zz~﻿coffee~-3~1700000000000|inc,zz,1|
archledger	home||work
pickledger	home^trip^work^^Trip|Trip|
archacct	a0~0^a1~0^a2~_^a3~0|a1^a1|
search	inc~~0.3~LUNCH~﻿tag~^xfer~trans~0.30000000000000004~_~~trip^exp~trans~0~kfc~~trip^exp~food~0.3~>abc~_~Trip|10.5|zh;
search	exp~trans~0.3~straSSe~﻿tag~home|>0.3|en;
pickledger	home^trip|^Trip^Trip|work
search	exp~food~0~Lunch~~Trip^exp~food~99.995~肯德基~_~trip^exp~rent~99.995~﻿coffee~work;food~_^exp~food~99.995~coffee~_~trip^exp~trans~100~kfc~_~trip|=100|en;trans::自定义:Custom
notes	inc~zz~  lunch  ~15~0^inc~zz~_~7~_|inc,zz,3|
search	xfer~trans~1e21~coffee_BOM~work;food~home^exp~trans~1~coffee~﻿tag~_^xfer~trans~-0~coffee_BOM~work;food~Trip^exp~food~99.995~Σ~~^xfer~trans~-3~  spaced  ~_~|>　100|en;
notes	xfer~~~-5~1700000000000^xfer~~lunch~4~_^exp~trans~lunch~12~1700000000000^xfer~~coffee~19~_^xfer~~lunch~1~_^xfer~~~3~0^xfer~~tea~7~1700000000000^_~~_~7~_|xfer,,20|
pickacct	a0~_^a1~_^a2~1^a3~1^a4~1|a0|
notes	exp~trans~_~-1~0^exp~zz~coffee~0~_^inc~food~lunch~17~_^inc~food~_~9~_^inc~food~coffee~0~1700000000000^inc~food~_~7~0|inc,food,6|
pickacct	a0~_^a1~_^a2~1|a0^a1|
notes	inc~~_~-4~1700000000000^inc~~_~13~_^inc~~﻿coffee~0~0|inc,,20|
archledger	home^trip^work^||Trip
pickacct	a0~1^a1~0^a2~_|a9|
archacct	a0~1^a1~_|^a0|
search	exp~~0.30000000000000004~strasse~work;food~^exp~~0.30000000000000004~ΑΣ~﻿tag~Trip^exp~zz~99.995~coffee~﻿tag~trip|肯德基|zh;
search	exp~food~10.5~Lunch~~|=nan|zh;
search	xfer~food~100~coffee_BOM~work;food~trip^exp~trans~0.3~coffee~~trip^exp~zz~1e21~100~_~Trip^xfer~trans~-3~肯德基~work~trip^exp~trans~0.30000000000000004~strasse~﻿tag~|>=|en;
search	xfer~zz~100~Istanbul~_~Trip|LUNCH|en;
archledger	home^trip^work^^Trip||work
pickacct	a0~0^a1~_^a2~0||
search	exp~food~99.995~strasse~~home^exp~trans~10.5~﻿coffee~~^inc~zz~100~İstanbul~work;food~_|LUNCH|en;
notes	inc~rent~coffee~-5~_^inc~rent~  lunch  ~17~_^inc~rent~~7~_^inc~rent~coffee~1~_^inc~rent~coffee~6~1700000000000^inc~rent~~6~0|inc,rent,1|
search	exp~~-3~LUNCH~~_||zh;trans::自定义:Custom
search	inc~zz~1e21~ΑΣ~﻿tag~home|kfc|en;
archledger	|work^trip^work|work
archacct	a0~0|a1^a9|
search	xfer~trans~-3~﻿coffee~_~|=1x|en;
notes	exp~~coffee~4~1700000000000^exp~~coffee~-3~0^xfer~zz~tea~-1~_^exp~~  lunch  ~1~1700000000000^exp~~lunch~6~_^exp~~lunch~3~0^exp~~lunch~-1~_|exp,,20|
search	inc~rent~10.5~  spaced  ~work;food~^exp~rent~-0~﻿coffee~﻿tag~Trip^inc~~100~İstanbul~_~_^xfer~food~nan~_~~Trip|<=100|zh;
pickledger	|trip|work
archacct	a0~0^a1~0||
notes	xfer~zz~﻿coffee~17~_|xfer,zz,20|
notes	inc~food~lunch~6~_^inc~food~lunch~16~0|inc,food,1|
pickledger	home^trip|work^work|Trip
search	exp~~99.995~100~﻿tag~^inc~~99.995~coffee~work~Trip^exp~food~0~coffee~_~trip^exp~~0.3~>abc~~Trip^exp~rent~nan~_~﻿tag~|<100|en;
search	xfer~rent~0.30000000000000004~Σ~﻿tag~home|99.995|en;
archacct	a0~_^a1~0^a2~1||
archledger	home|home|work
pickacct	a0~0^a1~0^a2~1^a3~1|a1|
notes	inc~zz~coffee~16~1700000000000^xfer~zz~coffee~13~_^inc~zz~tea~19~_|inc,zz,1|
search	exp~~0.3~strasse~﻿tag~Trip^exp~zz~0~coffee~_~Trip^exp~rent~1~ΑΣ~_~home|>-1|en;
archacct	a0~1^a1~1|a0^a0|
archacct	a0~_|^a9|
pickledger	home^trip^work^^Trip||home
archacct	a0~1^a1~_^a2~_^a3~1^a4~_|a9^a9|
notes	exp~trans~  lunch  ~20~1700000000000|xfer,zz,3|
notes	exp~zz~~-4~_^inc~zz~tea~-4~_^inc~zz~coffee~17~_^exp~rent~_~14~_^_~~~10~0^inc~zz~tea~20~0^inc~zz~coffee~3~_|inc,zz,6|
search	inc~zz~10.5~肯德基~work~_|> 100|zh;
archacct	||
pickacct	a0~1^a1~_^a2~_^a3~1|a1^|
archacct	|a0|
archledger	home|trip^trip^Trip|Trip
notes	inc~~_~19~_^inc~~  lunch  ~1~_^inc~~lunch~0~_^inc~~~16~1700000000000^inc~~lunch~-3~_^inc~~﻿coffee~-1~_|inc,,6|
notes	exp~food~lunch~20~_^xfer~trans~lunch~17~_|xfer,trans,6|
archledger	home||work
search	exp~zz~0.30000000000000004~_~_~Trip^inc~~0.30000000000000004~Σ~﻿tag~Trip^exp~trans~99.995~lunch~~Trip^inc~zz~0.30000000000000004~>abc~~^inc~rent~0.30000000000000004~_~﻿tag~|kfc|zh;
search	inc~~1~strasse~_~_^xfer~food~-0~Istanbul~﻿tag~|<100|zh;
pickacct	a0~1^a1~1^a2~1||
search	exp~~0.3~Σ~work;food~^exp~rent~0~  spaced  ~work~^exp~rent~10.5~coffee~work~^xfer~zz~0.30000000000000004~coffee~work;food~Trip^exp~~-3~coffee~work~_|=100|en;::自定义:Custom
notes	inc~food~tea~12~1700000000000^_~zz~  lunch  ~10~_^inc~food~~14~1700000000000^xfer~trans~coffee~9~1700000000000|inc,food,20|
search	exp~~-0~straSSe~_~home^exp~trans~100~coffee~~_^exp~rent~1e21~_~_~trip|food|zh;
search	inc~rent~1~coffee_BOM~~Trip^xfer~~10.5~>abc~work;food~trip|lunch|en;
notes	xfer~food~coffee~12~_|xfer,food,20|
search	xfer~trans~1e21~Istanbul~~^inc~~1e21~İstanbul~work;food~trip^xfer~zz~1e21~İstanbul~﻿tag~Trip^inc~~10.5~straSSe~~_^xfer~rent~99.995~>abc~_~Trip|food|en;
pickledger	home|Trip^Trip^home|trip
search	xfer~zz~99.995~>abc~work;food~Trip^inc~trans~0~  spaced  ~﻿tag~Trip^exp~~nan~coffee~work~_^inc~zz~100~lunch~﻿tag~| |zh;::自定义:Custom
notes	_~~lunch~18~_^inc~zz~lunch~13~_^inc~zz~lunch~-5~1700000000000^_~trans~lunch~1~_^inc~zz~coffee~-5~1700000000000^inc~zz~lunch~16~1700000000000|inc,zz,6|
archledger	home|trip^|
notes	inc~zz~  lunch  ~14~_^inc~zz~  lunch  ~9~1700000000000|inc,zz,6|
pickledger	home|home^^Trip|Trip
notes	inc~trans~coffee~7~_^inc~trans~﻿coffee~6~1700000000000^inc~~lunch~7~0^xfer~~  lunch  ~20~1700000000000^inc~trans~~8~_|inc,trans,1|
search	xfer~food~1e21~straSSe~﻿tag~trip^inc~rent~-3~肯德基~﻿tag~Trip|>=|zh;
notes	exp~trans~lunch~5~1700000000000^exp~trans~~-3~0^xfer~food~~-2~_^_~zz~tea~4~0^exp~trans~coffee~1~0|exp,trans,1|
search	exp~zz~0.3~LUNCH~﻿tag~trip^inc~trans~100~100~~trip^exp~rent~10.5~Istanbul~﻿tag~_^inc~rent~0.3~  spaced  ~work;food~^xfer~trans~0~ΑΣ~~trip|lunch|en;
notes	exp~trans~tea~11~_^_~zz~lunch~11~1700000000000^exp~trans~lunch~14~_^exp~~_~2~_^exp~trans~coffee~-5~0^exp~~tea~2~1700000000000^exp~trans~tea~-5~_|exp,trans,3|
pickacct	a0~1^a1~0^a2~_^a3~_|a0|
notes	inc~~_~11~0^_~rent~﻿coffee~20~1700000000000^inc~~tea~10~_|inc,,0|
search	exp~zz~10.5~_~~Trip^inc~zz~nan~LUNCH~~Trip|>100abc|zh;food::自定义:Custom
pickledger	|^trip|trip
search	xfer~zz~99.995~coffee_BOM~~trip||zh;
archledger	home|work^work|trip
search	exp~rent~1~LUNCH~work~home^exp~rent~-3~>abc~work~^exp~food~0.3~100~﻿tag~Trip^xfer~trans~0.3~~~Trip^xfer~~0.30000000000000004~straSSe~work;food~Trip|>=|en;
archledger	home^trip^work|work^home|trip
archledger	home|work^Trip|Trip
search	xfer~food~99.995~Istanbul~_~_^xfer~trans~10.5~coffee~~Trip^inc~zz~10.5~coffee~work;food~Trip^exp~food~-3~Σ~﻿tag~Trip^xfer~~0.30000000000000004~coffee~﻿tag~home|>100abc|zh;trans::自定义:Custom
notes	xfer~rent~coffee~13~_^xfer~rent~coffee~-5~1700000000000^_~rent~tea~18~_^xfer~rent~~14~_|xfer,rent,6|
pickacct	|a1^a0|
pickacct	a0~_||
notes	xfer~~~16~_^xfer~~lunch~17~0^xfer~~lunch~11~1700000000000|xfer,,3|
notes	|exp,zz,3|
archledger	home^trip^work||work
search	xfer~food~0.3~肯德基~work~_|>100|en;
archacct	|a1|
search	exp~~0~coffee~_~trip^exp~~100~肯德基~﻿tag~home^xfer~zz~1~strasse~﻿tag~|strasse|zh;
notes	xfer~~coffee~2~_^inc~rent~coffee~1~_^xfer~~  lunch  ~0~0^xfer~~coffee~-2~0^xfer~~tea~-2~0|xfer,,0|
search	exp~~10.5~Σ~work~_^inc~rent~0.30000000000000004~strasse~work;food~_^inc~zz~1e21~﻿coffee~work~|100|zh;
notes	xfer~food~_~16~1700000000000^xfer~food~tea~12~1700000000000^xfer~food~  lunch  ~18~0^exp~food~coffee~3~_^exp~rent~_~8~0^xfer~food~﻿coffee~14~_^xfer~food~tea~8~0^xfer~trans~lunch~20~0|xfer,food,3|
search	xfer~~nan~Lunch~﻿tag~home^inc~~1e21~~work;food~_^xfer~rent~100~﻿coffee~﻿tag~^exp~~10.5~strasse~work~^inc~rent~10.5~ΑΣ~~home|>　100|zh;zz::自定义:Custom
search	xfer~zz~1~strasse~_~|>=100|zh;
pickledger	home|Trip^trip|home
search	exp~rent~100~  spaced  ~~Trip^inc~zz~nan~Σ~work;food~Trip^xfer~zz~nan~strasse~﻿tag~_^xfer~~0~100~work~_|>100abc|zh;
archledger	home^trip^work^|home|Trip
pickacct	|a9^a1|
pickledger	|work|trip
archacct	a0~_^a1~_^a2~0||
notes	exp~~~4~_^exp~zz~~-2~1700000000000^exp~zz~  lunch  ~16~1700000000000^exp~zz~_~17~_^exp~zz~coffee~15~_^exp~zz~﻿coffee~17~_|exp,zz,0|
archledger	home^trip||
pickacct	a0~1^a1~0^a2~1^a3~_||
pickledger	|work^^trip|trip
search	exp~zz~1e21~coffee~﻿tag~^inc~zz~99.995~Lunch~_~Trip|> 100 x|en;::自定义:Custom
archledger	home^trip^work^||Trip
search	inc~food~1~肯德基~work;food~|>100|zh;
pickledger	home^trip^work||work
search	exp~rent~100~Σ~work~home^xfer~rent~-0~coffee_BOM~~Trip^exp~rent~10.5~100~work~trip^inc~rent~0.3~肯德基~﻿tag~home|=0.30000000000000004|en;
pickacct	a0~1^a1~_^a2~_|a0|
notes	xfer~~coffee~0~1700000000000^xfer~~lunch~15~1700000000000^xfer~~  lunch  ~20~_^xfer~~lunch~1~_|xfer,,6|
notes	inc~trans~tea~13~0^xfer~food~  lunch  ~-4~_^xfer~zz~lunch~3~1700000000000^xfer~zz~tea~-2~_^exp~trans~tea~19~1700000000000^xfer~zz~  lunch  ~3~0|xfer,zz,6|
search	xfer~~-0~LUNCH~﻿tag~_|100|zh;food::自定义:Custom
search	inc~~0~lunch~work~home|work|zh;zz::自定义:Custom
notes	exp~zz~﻿coffee~13~0^inc~rent~~1~_^inc~rent~﻿coffee~-3~_|inc,rent,0|
search	xfer~rent~10.5~  spaced  ~~trip^inc~food~0.3~_~work;food~Trip|>100abc|en;::自定义:Custom
search	exp~~0.3~İstanbul~~home^exp~food~0.30000000000000004~coffee_BOM~_~trip^exp~zz~99.995~肯德基~~Trip^xfer~zz~10.5~ΑΣ~_~Trip|﻿|en;
pickacct	a0~0^a1~1^a2~0|a1|
search	xfer~~0.30000000000000004~strasse~_~trip^exp~trans~1e21~>abc~﻿tag~^exp~rent~-3~coffee~﻿tag~Trip|10.5|zh;
pickledger	home^trip|Trip|
notes	inc~food~tea~20~0|inc,food,3|
search	exp~food~0.30000000000000004~Istanbul~~_^xfer~~-3~straSSe~﻿tag~home^exp~food~-0~Lunch~﻿tag~_^inc~zz~0.30000000000000004~lunch~work~^exp~~nan~strasse~work;food~home|lunch_BOM|en;
pickledger	home^trip^work^|home|trip
archledger	home^trip|Trip^|Trip
archacct	a0~0^a1~0^a2~1^a3~0^a4~_|a0|
search	xfer~trans~-0~~work;food~^inc~trans~nan~coffee_BOM~_~_^xfer~trans~1~ΑΣ~_~_^inc~food~0.30000000000000004~kfc~﻿tag~trip^inc~food~10.5~﻿coffee~work;food~|10.5|en;
search	exp~zz~0.30000000000000004~coffee~work~home^xfer~rent~-0~straSSe~﻿tag~Trip|=nan|en;::自定义:Custom
notes	exp~trans~﻿coffee~19~1700000000000^exp~trans~  lunch  ~18~_|exp,trans,0|
pickledger	home|home^home^trip|trip
archledger	home^trip||trip
archacct	a0~0^a1~0||
pickacct	a0~1^a1~_^a2~_|a9|
search	exp~~0.3~coffee_BOM~_~home^exp~food~1~coffee~﻿tag~_^exp~zz~-3~﻿coffee~~Trip^exp~zz~100~İstanbul~work~_^xfer~rent~0.3~coffee_BOM~﻿tag~|<100|zh;
search	exp~rent~0.3~kfc~work;food~home|food|zh;
archacct	a0~0^a1~1^a2~1^a3~1^a4~0||
search	exp~food~1~lunch~work;food~^exp~zz~1~coffee_BOM~work;food~trip^inc~trans~10.5~肯德基~work~_^inc~trans~1e21~100~﻿tag~_^xfer~~-3~  spaced  ~﻿tag~trip|>　100|zh;trans::自定义:Custom
pickacct	a0~1^a1~1^a2~1||
search	exp~food~-3~>abc~﻿tag~Trip^xfer~zz~-0~coffee~~home^xfer~food~99.995~LUNCH~~home^xfer~zz~0.3~coffee_BOM~﻿tag~trip|﻿|en;
search	exp~food~99.995~  spaced  ~~home^xfer~rent~0.3~Istanbul~work~_^exp~trans~0.3~ΑΣ~_~_^xfer~~-0~straSSe~﻿tag~home|=0.30000000000000004|en;
pickacct	a0~0^a1~1^a2~0^a3~0^a4~_||
archacct	a0~1^a1~1^a2~0^a3~_^a4~0||
pickacct	a0~0^a1~1^a2~0^a3~_^a4~0|a1|
archledger	home||
pickledger	home^trip^work||home
archacct	a0~0^a1~_^a2~0^a3~_|a9|
notes	exp~rent~tea~-3~_|exp,rent,20|
search	exp~rent~-0~_~﻿tag~^exp~zz~100~_~_~Trip^exp~rent~1~肯德基~﻿tag~^inc~zz~nan~~~_|1e+21|zh;
search	exp~trans~nan~  spaced  ~work;food~trip|>=|zh;
notes	xfer~~coffee~18~_^xfer~~lunch~13~1700000000000^xfer~~_~-5~_^xfer~~~8~_^xfer~~tea~6~_^xfer~~  lunch  ~-4~_|xfer,,0|
pickacct	a0~1^a1~_|a0|
notes	inc~trans~tea~0~1700000000000^exp~food~﻿coffee~0~1700000000000^inc~trans~  lunch  ~3~_|inc,trans,0|
notes	inc~~_~-5~0^inc~~﻿coffee~16~_^inc~~_~9~_^xfer~trans~coffee~12~_^inc~~  lunch  ~11~1700000000000^inc~~﻿coffee~3~_^inc~~tea~19~1700000000000^inc~~coffee~-4~_|inc,,3|
search	exp~~99.995~LUNCH~work~_^inc~~1e21~LUNCH~﻿tag~Trip^inc~trans~0.3~LUNCH~_~^exp~food~1e21~肯德基~_~trip|=100|en;zz::自定义:Custom
search	exp~~0.3~Istanbul~work~home^exp~trans~1~肯德基~work;food~_^xfer~food~1~LUNCH~~_||zh;
archledger	home||
search	xfer~trans~0.30000000000000004~  spaced  ~work~_^inc~trans~-3~~work~^exp~~10.5~LUNCH~~|> 100 x|en;food::自定义:Custom
search	xfer~rent~0~_~work;food~_^exp~rent~99.995~Lunch~﻿tag~home^xfer~~-3~肯德基~_~trip|coffee|en;
notes	exp~rent~lunch~6~_^exp~rent~  lunch  ~-3~1700000000000^exp~rent~coffee~3~0^exp~~~7~_^xfer~~lunch~16~1700000000000^exp~rent~lunch~0~0^exp~rent~﻿coffee~11~_^exp~rent~lunch~16~1700000000000|exp,rent,1|
search	inc~rent~-3~straSSe~_~home^exp~food~10.5~coffee_BOM~~home^exp~zz~1e21~Σ~_~^xfer~zz~0.30000000000000004~LUNCH~work;food~Trip^inc~~-0~coffee~﻿tag~_|10.5|en;
search	exp~zz~99.995~coffee~﻿tag~home^exp~rent~0.3~coffee_BOM~~|﻿|zh;
notes	xfer~rent~_~3~0^xfer~rent~  lunch  ~16~1700000000000^xfer~rent~_~11~0^xfer~rent~﻿coffee~11~0|xfer,rent,0|
pickacct	a0~_^a1~_|a1^a1|
notes	xfer~zz~lunch~17~_^xfer~zz~lunch~15~1700000000000^xfer~zz~lunch~6~0^xfer~zz~lunch~19~_^xfer~zz~lunch~1~0^xfer~zz~coffee~-5~0^exp~zz~  lunch  ~-4~1700000000000^xfer~zz~  lunch  ~17~_|xfer,zz,0|
search	exp~~10.5~Σ~_~trip^exp~rent~0.3~coffee~work;food~^exp~rent~-3~LUNCH~~home^inc~rent~1~100~~home^exp~~-3~strasse~work~trip| |en;::自定义:Custom
archledger	home^trip^work|Trip^Trip^work|trip
notes	exp~~  lunch  ~10~1700000000000|exp,,0|
notes	exp~~~6~_|exp,,20|
notes	exp~trans~coffee~6~1700000000000^exp~trans~  lunch  ~15~0^exp~zz~~18~_^inc~zz~~18~_^exp~trans~coffee~13~1700000000000^exp~trans~~15~_|exp,trans,0|
search	exp~zz~1e21~﻿coffee~work~trip|food|zh;
search	exp~rent~100~strasse~work~home^inc~trans~10.5~coffee~work~trip^xfer~~nan~  spaced  ~~Trip^exp~rent~nan~  spaced  ~﻿tag~_|>-1|zh;
notes	|exp,,0|
archacct	a0~0^a1~0^a2~1^a3~0|^a9|
notes	exp~zz~coffee~13~0^exp~~coffee~-5~_^exp~~_~-5~1700000000000^exp~~_~6~_^exp~~  lunch  ~18~_^exp~~~15~_^_~food~  lunch  ~18~1700000000000^exp~~tea~-3~_|exp,,1|
search	inc~trans~-3~Istanbul~~trip|LUNCH|en;
notes	exp~food~_~1~_|exp,food,0|
search	inc~~0~肯德基~_~Trip|>﻿100|en;
search	inc~zz~0.3~100~work~^exp~~-0~ΑΣ~work~^exp~zz~100~Σ~﻿tag~home^exp~zz~0~Istanbul~_~|> 100 x|en;rent::自定义:Custom
notes	inc~zz~coffee~-3~1700000000000^inc~zz~lunch~-2~1700000000000^inc~zz~~6~_^_~trans~lunch~20~1700000000000^inc~zz~_~-3~_^inc~zz~  lunch  ~7~1700000000000|inc,zz,3|
archacct	a0~_^a1~1^a2~1^a3~1^a4~0|a9^a9|
archacct	||
archacct	|^a0|
notes	inc~zz~lunch~9~_^inc~zz~~-2~_^exp~rent~﻿coffee~-5~0|inc,zz,20|
pickacct	||
search	xfer~trans~-0~Istanbul~﻿tag~_^exp~trans~0.3~coffee~~Trip^xfer~food~1~straSSe~~^inc~rent~0.3~kfc~work;food~^exp~zz~0~coffee~_~|Ας|zh;
pickledger	home^trip^work^^Trip|home^home|home
search	inc~trans~1e21~_~_~_^inc~~-3~İstanbul~~Trip^inc~zz~nan~LUNCH~work;food~home^exp~~0~肯德基~work;food~home^inc~zz~0.3~straSSe~﻿tag~Trip|trip|en;
pickacct	a0~1^a1~_^a2~_^a3~_^a4~_|a0|
notes	exp~trans~﻿coffee~15~_^exp~trans~tea~19~1700000000000^exp~trans~coffee~-1~_|exp,trans,6|
search	exp~zz~0~strasse~_~Trip^exp~rent~1e21~肯德基~~home^xfer~rent~-3~kfc~﻿tag~^exp~zz~1e21~Lunch~work~|coffee|en;rent::自定义:Custom
archacct	a0~0^a1~_||
notes	xfer~zz~_~10~_^xfer~zz~﻿coffee~16~_^xfer~zz~coffee~10~_^xfer~zz~tea~12~0|xfer,zz,3|
archledger	home^trip^work^^Trip|work^trip|
notes	xfer~zz~  lunch  ~0~_^xfer~zz~  lunch  ~18~1700000000000^xfer~zz~~14~_^exp~~  lunch  ~6~1700000000000^exp~food~tea~18~_^xfer~zz~tea~14~0|xfer,zz,1|
search	exp~~99.995~Lunch~~trip^exp~trans~-3~İstanbul~﻿tag~home^exp~zz~0.3~_~﻿tag~^inc~rent~99.995~﻿coffee~﻿tag~_|>100|zh;
pickacct	a0~0|^a0|
search	exp~zz~99.995~kfc~~_^exp~rent~nan~>abc~﻿tag~_|=0.30000000000000004|en;
pickacct	a0~0^a1~_^a2~_^a3~0|a0^a0|
search	inc~zz~-0~lunch~﻿tag~trip^exp~trans~1~Istanbul~_~trip^xfer~~10.5~﻿coffee~work;food~_^exp~rent~-0~coffee_BOM~work~home|>0.3|zh;
pickledger	|trip^^work|home
search	exp~trans~-3~>abc~﻿tag~home^exp~~0.30000000000000004~straSSe~_~Trip|> 100|en;
archledger	home^trip^work|home^work|Trip
search	xfer~zz~10.5~~_~home|=1x|en;
search	inc~food~nan~Istanbul~~trip^inc~zz~1~Lunch~work;food~|coffee|zh;
archacct	a0~_^a1~_|a9^a1|
notes	xfer~trans~coffee~15~1700000000000^xfer~trans~lunch~2~1700000000000^xfer~trans~lunch~17~_|xfer,trans,1|
notes	exp~food~lunch~0~1700000000000|exp,food,20|
pickacct	a0~1^a1~1^a2~0^a3~_^a4~1|a9|
search	exp~food~99.995~~_~^xfer~rent~99.995~Istanbul~_~_| |zh;
notes	exp~food~﻿coffee~6~0^exp~food~﻿coffee~15~1700000000000^exp~food~﻿coffee~2~0^exp~food~~3~_|exp,food,0|
search	xfer~trans~-3~kfc~﻿tag~_|> 100|en;
search	exp~trans~-0~ΑΣ~work~^exp~trans~0~LUNCH~work~_^inc~trans~0.3~>abc~work;food~home||en;
pickledger	home^trip^work|work^work|work
archledger	home|work^home^|work
pickacct	|a9|
notes	xfer~rent~﻿coffee~1~_|xfer,rent,20|
archacct	|a0^a9|
pickledger	home|Trip^^|
archacct	a0~_^a1~0^a2~1^a3~0|a9|
notes	xfer~food~lunch~13~_^xfer~food~lunch~20~_^xfer~rent~lunch~6~0^exp~~﻿coffee~17~0^xfer~food~lunch~17~0^xfer~food~  lunch  ~19~1700000000000^exp~trans~lunch~-3~1700000000000^xfer~food~lunch~12~0|xfer,food,6|
pickacct	a0~0^a1~0^a2~1^a3~0|a9|
search	xfer~~nan~LUNCH~work~^xfer~food~0.30000000000000004~ΑΣ~work;food~home^xfer~trans~1~lunch~_~home^exp~~0.30000000000000004~Σ~work~trip|>=|zh;
notes	inc~food~lunch~7~1700000000000^inc~food~coffee~3~_^inc~food~tea~8~_^_~~~-3~_^xfer~trans~_~19~_^exp~trans~lunch~-5~_|inc,food,0|
notes	xfer~~coffee~12~_^xfer~~lunch~1~_|xfer,,20|
notes	xfer~food~~-5~0|xfer,food,6|
search	exp~trans~0.30000000000000004~LUNCH~work~^xfer~rent~-3~ΑΣ~work;food~Trip^xfer~zz~1~~work~^exp~zz~100~_~work~home|lunch|en;trans::自定义:Custom
notes	exp~rent~coffee~5~_|xfer,,20|
pickacct	a0~1|a9|
notes	inc~trans~lunch~8~_^inc~trans~﻿coffee~9~0^inc~trans~﻿coffee~-5~0^inc~trans~_~14~1700000000000^inc~trans~coffee~20~_^inc~trans~~9~0|inc,trans,1|
search	xfer~~99.995~﻿coffee~~_^inc~zz~10.5~lunch~﻿tag~Trip^inc~zz~nan~kfc~work~home^exp~zz~100~_~work~Trip^exp~zz~-3~  spaced  ~work~Trip|肯德基|zh;
pickledger	home^trip^work^|work^^work|trip
pickledger	home^trip|work|
search	inc~trans~-3~strasse~work~^xfer~~nan~coffee~work;food~trip^xfer~food~1e21~肯德基~work;food~^exp~rent~0.3~  spaced  ~work~|trip|zh;
pickledger	home^trip^work^^Trip|home^trip^work|Trip
search	exp~food~0.3~İstanbul~_~Trip^exp~rent~0~100~work~home|>=|en;
archledger	home^trip^work||
search	inc~trans~1e21~>abc~_~home^exp~rent~99.995~  spaced  ~﻿tag~^exp~food~0~100~work~trip^exp~food~0.30000000000000004~Istanbul~~_|>100|zh;trans::自定义:Custom
notes	xfer~zz~lunch~20~0^xfer~zz~coffee~-3~1700000000000^xfer~zz~﻿coffee~20~_^xfer~zz~lunch~3~_^xfer~zz~lunch~7~0^xfer~zz~  lunch  ~-4~_^xfer~rent~﻿coffee~20~_|xfer,zz,6|
search	xfer~zz~99.995~_~work;food~_|>=|en;
pickledger	|home^^|trip
notes	|exp,food,20|
pickledger	home^trip^work^|trip^^trip|work
search	exp~rent~100~_~_~trip^exp~~1e21~straSSe~work;food~trip^xfer~zz~-0~肯德基~work~home|10.5|en;
search	exp~~0~coffee~_~^inc~trans~-3~straSSe~_~home^exp~food~-0~>abc~work;food~trip^inc~food~-3~strasse~﻿tag~trip^exp~trans~-0~strasse~~Trip|> 100|zh;
pickledger	home^trip^work^|home|work
notes	xfer~trans~  lunch  ~18~1700000000000^xfer~trans~~1~_^xfer~trans~tea~3~_^xfer~trans~lunch~16~0^xfer~trans~tea~16~0^xfer~trans~﻿coffee~-3~_^xfer~trans~coffee~16~_^xfer~trans~tea~4~0|xfer,trans,3|
archacct	|a1^a1|
search	exp~trans~-3~coffee~~|>　100|zh;food::自定义:Custom
pickacct	a0~_|a9^|
archacct	a0~_^a1~1^a2~0|a1^a0|
archledger	home^trip|work^Trip^Trip|home
search	exp~trans~nan~lunch~﻿tag~trip^exp~zz~99.995~LUNCH~work~^inc~zz~-3~LUNCH~work;food~Trip|=0.3|zh;
search	inc~zz~1e21~ΑΣ~work~trip^exp~food~nan~coffee_BOM~﻿tag~^exp~trans~99.995~İstanbul~_~Trip|=100|zh;
notes	xfer~~coffee~1~_^xfer~~_~11~0^xfer~~coffee~-3~_^exp~food~tea~3~_^xfer~~tea~17~0^xfer~~  lunch  ~16~1700000000000|xfer,,0|
archacct	a0~_^a1~1^a2~0|a0^a0|
notes	|xfer,zz,3|
archledger	home^trip|^trip|home
pickacct	a0~0^a1~1^a2~0^a3~0^a4~0|a1|
search	exp~zz~0.30000000000000004~>abc~work;food~^xfer~~1~  spaced  ~_~trip|﻿|en;
pickledger	home^trip^work||work
search	xfer~trans~0.3~kfc~﻿tag~home^inc~food~-0~lunch~work~trip^exp~rent~100~﻿coffee~_~^inc~~10.5~100~﻿tag~|strasse|en;
archacct	a0~0^a1~0^a2~0^a3~0|a0^a1|
search	exp~rent~99.995~Istanbul~work;food~_^exp~food~100~肯德基~﻿tag~^exp~trans~1e21~LUNCH~~_^exp~~100~Istanbul~work~|>=100|zh;
search	exp~~-3~Lunch~~trip^inc~food~0.30000000000000004~肯德基~work;food~trip^exp~~0.30000000000000004~LUNCH~~Trip^exp~~0~İstanbul~_~Trip^exp~zz~0.30000000000000004~lunch~﻿tag~trip|=0.3|zh;
notes	exp~trans~coffee~8~1700000000000^exp~trans~~8~0^exp~trans~  lunch  ~15~1700000000000^exp~trans~coffee~3~1700000000000^exp~trans~lunch~-3~_^xfer~trans~  lunch  ~-1~1700000000000^exp~trans~lunch~17~_|exp,trans,3|
notes	xfer~zz~coffee~11~1700000000000^xfer~zz~lunch~9~1700000000000^xfer~zz~tea~18~_^xfer~zz~coffee~2~_^exp~rent~  lunch  ~6~0|xfer,zz,6|
archledger	home^trip^work^^Trip|^^home|Trip
search	exp~food~10.5~100~work~trip^inc~~99.995~>abc~work;food~_^exp~food~1~  spaced  ~work;food~_^exp~~100~coffee~_~_^exp~~nan~strasse~work;food~home|lunch|zh;
notes	inc~rent~coffee~8~1700000000000^inc~zz~_~18~0^inc~zz~coffee~5~1700000000000^exp~trans~coffee~19~_|inc,zz,0|
archacct	a0~_^a1~1||
search	xfer~food~0.3~coffee~_~trip^inc~zz~10.5~kfc~_~Trip^xfer~rent~0.30000000000000004~~~|=nan|zh;
notes	xfer~~tea~9~0^xfer~~﻿coffee~12~0|xfer,,3|
search	xfer~zz~1~肯德基~work~^inc~zz~-3~  spaced  ~_~^exp~food~99.995~Istanbul~work;food~Trip|100|zh;
notes	exp~~lunch~9~_^exp~~  lunch  ~3~_^exp~~tea~-1~_|exp,,3|
notes	|inc,,20|
notes	exp~food~coffee~20~0^exp~food~~-5~_^exp~food~_~6~0^exp~food~~10~0^exp~food~  lunch  ~-1~1700000000000|exp,food,6|
archacct	a0~_^a1~_^a2~1||
notes	inc~~_~11~_|inc,,0|
pickledger	home||work
notes	inc~food~  lunch  ~8~1700000000000^inc~food~lunch~18~0^inc~food~tea~19~_|inc,food,0|
pickledger	home^trip^work^|trip|trip
pickledger	home^trip^work^^Trip|^work^trip|
notes	exp~food~~4~0^exp~food~coffee~12~_^inc~rent~~3~_^exp~food~lunch~15~0^exp~food~lunch~-1~_^exp~food~coffee~15~_|exp,food,1|
pickledger	home^trip^work^^Trip|trip^work^trip|Trip
notes	xfer~~lunch~-5~0^xfer~~  lunch  ~0~1700000000000^xfer~~~-3~0^xfer~~_~14~_^xfer~~  lunch  ~18~_^inc~rent~﻿coffee~13~_^xfer~~_~14~_|xfer,,1|
notes	_~trans~coffee~10~1700000000000^exp~zz~﻿coffee~17~_^exp~zz~coffee~-3~_^_~trans~lunch~-5~_|exp,zz,3|
archledger	||home
pickacct	a0~1^a1~0^a2~0^a3~0|a1^a9|
archacct	a0~0^a1~_||
archledger	home^trip^work^^Trip|work|
search	exp~trans~100~Lunch~work;food~Trip^xfer~~-0~  spaced  ~work;food~Trip^exp~trans~1~﻿coffee~﻿tag~home^exp~zz~0.30000000000000004~Σ~~^exp~zz~nan~kfc~work~home|i̇stanbul|en;::自定义:Custom
search	exp~~-0~_~﻿tag~Trip^xfer~food~-3~İstanbul~~_^inc~food~0~Lunch~﻿tag~^xfer~food~1~coffee~work;food~^exp~rent~0.30000000000000004~_~work;food~|work|zh;
notes	|inc,zz,6|
archacct	a0~_^a1~_|a9^|
pickacct	a0~_^a1~1^a2~1|a9^a1|
pickledger	home^trip|Trip^home|trip
archacct	a0~1^a1~_^a2~0||
pickledger	|trip|
archacct	a0~1||
pickacct	a0~_^a1~0^a2~_^a3~0||
search	exp~trans~0.30000000000000004~肯德基~~Trip^exp~~0~  spaced  ~~Trip^exp~rent~1e21~coffee~_~home|trip|en;
archacct	a0~_^a1~0|a1|
search	exp~food~0.30000000000000004~LUNCH~﻿tag~Trip^exp~~99.995~coffee~﻿tag~home^exp~food~10.5~coffee~_~Trip^exp~food~-0~LUNCH~﻿tag~_^exp~~100~﻿coffee~_~Trip|coffee|en;
archledger	home^trip||work
pickacct	a0~_^a1~_|a9^a1|
search	inc~rent~1~coffee~﻿tag~home^exp~rent~99.995~Lunch~work;food~Trip^inc~rent~1~coffee~_~Trip|1e+21|en;
archledger	home^trip|work^|trip
pickacct	a0~0^a1~0^a2~0|a9^a9|
pickacct	a0~0|^a9|
archacct	|a9^a0|
notes	xfer~~﻿coffee~6~_|xfer,,20|
notes	exp~food~lunch~12~0|exp,food,0|
archacct	||
pickledger	home^trip^work^|trip|Trip
search	exp~zz~100~~work;food~^exp~zz~1~İstanbul~~trip^xfer~zz~99.995~coffee~﻿tag~Trip^exp~~99.995~coffee_BOM~~|<=100|en;::自定义:Custom
archacct	a0~1^a1~0^a2~0^a3~_|a0|
archacct	a0~_||
search	xfer~~nan~lunch~_~^xfer~food~0.3~kfc~work;food~home^exp~food~0~lunch~~trip^exp~~99.995~Σ~_~trip|>=100|en;
search	inc~zz~100~strasse~﻿tag~Trip||en;
search	exp~food~1~Istanbul~work;food~home^exp~food~-0~coffee~work~Trip^inc~~0.30000000000000004~coffee_BOM~work;food~|> 100|en;
archledger	home|trip|Trip
search	inc~zz~nan~>abc~_~Trip|lunch|zh;
pickledger	home^trip^work|trip|home
notes	xfer~~tea~3~0^xfer~~﻿coffee~14~1700000000000^xfer~~﻿coffee~9~0^xfer~~  lunch  ~-4~0^xfer~~﻿coffee~10~1700000000000^xfer~~tea~-5~0^xfer~~coffee~12~_^xfer~~~4~_|xfer,,20|
archledger	home^trip^work^|work|work
search	inc~rent~nan~kfc~~Trip^exp~trans~nan~100~work;food~home^inc~rent~99.995~ΑΣ~~Trip^inc~food~0~LUNCH~_~^xfer~~10.5~100~work;food~trip|肯德基|en;
notes	_~rent~coffee~13~_^xfer~rent~lunch~2~_^_~food~coffee~20~0^xfer~~  lunch  ~-5~_^xfer~rent~tea~8~_^xfer~rent~lunch~10~0^xfer~rent~~-4~_^xfer~rent~_~5~1700000000000|xfer,rent,0|
notes	xfer~trans~  lunch  ~19~1700000000000^exp~trans~lunch~15~_^xfer~rent~  lunch  ~11~1700000000000^xfer~trans~  lunch  ~18~_^xfer~trans~~15~_^xfer~trans~lunch~18~_|xfer,trans,3|
notes	xfer~zz~coffee~16~0^xfer~zz~coffee~15~1700000000000^inc~rent~﻿coffee~1~_^xfer~zz~  lunch  ~2~0^xfer~zz~~10~_^exp~trans~﻿coffee~10~0|xfer,zz,6|
notes	|exp,,0|
search	exp~~0.3~100~﻿tag~Trip^exp~trans~100~coffee~work;food~^exp~zz~-0~肯德基~~trip| |zh;rent::自定义:Custom
search	inc~zz~100~~_~|100|zh;
pickledger	home|home^home|trip
search	xfer~food~0.3~coffee~work~_^exp~~0.3~100~~Trip^xfer~rent~0.30000000000000004~  spaced  ~work;food~_^xfer~trans~100~_~work~Trip^xfer~rent~-0~肯德基~﻿tag~_|>　100|zh;rent::自定义:Custom
notes	inc~food~_~10~_^inc~food~lunch~14~_|inc,food,3|
search	inc~~1~coffee~﻿tag~home|> 100 x|zh;
search	inc~food~nan~kfc~work~Trip^exp~trans~10.5~100~work~_^inc~zz~99.995~coffee_BOM~work;food~^inc~food~10.5~İstanbul~﻿tag~|>-1|zh;
notes	_~trans~coffee~15~1700000000000^inc~zz~  lunch  ~16~1700000000000^inc~zz~coffee~3~0^xfer~rent~﻿coffee~-3~0^exp~rent~coffee~-5~_^inc~zz~tea~17~_^inc~zz~﻿coffee~2~0|inc,zz,3|
search	inc~food~-3~straSSe~﻿tag~home^exp~food~100~  spaced  ~﻿tag~^inc~~1e21~Σ~work~^exp~rent~100~100~work~home^exp~rent~100~Istanbul~work~trip|strasse|en;
search	xfer~trans~1e21~İstanbul~_~^xfer~trans~10.5~Σ~_~_|>﻿100|en;
pickacct	a0~0||
pickacct	a0~0^a1~1|a1^a0|
search	xfer~trans~0~İstanbul~work~trip|=1x|zh;zz::自定义:Custom
search	inc~food~0.3~Istanbul~_~_^inc~rent~-0~_~work~_^xfer~~0.3~100~work;food~home|=0.30000000000000004|zh;
search	exp~~10.5~LUNCH~﻿tag~_^exp~trans~-0~Σ~_~home|10.5|zh;
archledger	home||trip
pickacct	a0~0^a1~1^a2~0|a9|
search	exp~food~0.30000000000000004~ΑΣ~work;food~Trip^exp~~1e21~strasse~work;food~trip|10.5|zh;rent::自定义:Custom
notes	xfer~rent~coffee~12~_^_~~lunch~-3~_^xfer~rent~_~-2~1700000000000^exp~rent~lunch~2~_^xfer~rent~_~14~_^exp~zz~﻿coffee~17~_^xfer~rent~~13~0|xfer,rent,6|
notes	xfer~trans~coffee~14~_^xfer~trans~_~17~_|xfer,trans,0|
search	exp~rent~0.3~~~_^exp~food~1e21~İstanbul~work~Trip|=nan|zh;
notes	exp~zz~coffee~6~0^exp~zz~  lunch  ~13~_^exp~zz~~10~_^exp~zz~_~1~_^xfer~trans~﻿coffee~13~0^exp~zz~﻿coffee~20~_^exp~zz~  lunch  ~2~0|exp,zz,1|
search	inc~trans~-0~straSSe~work~home|>=|en;
archacct	a0~1^a1~0^a2~0|a9|
search	exp~food~10.5~>abc~﻿tag~home|i̇stanbul|en;
search	exp~zz~1e21~>abc~work;food~trip^xfer~trans~99.995~  spaced  ~﻿tag~Trip^exp~trans~10.5~Σ~work;food~_^exp~zz~0.3~İstanbul~﻿tag~^inc~trans~99.995~ΑΣ~~_|>　100|en;zz::自定义:Custom
search	xfer~zz~0.3~coffee~~Trip^exp~food~-0~coffee_BOM~work;food~_|food|zh;
notes	inc~food~lunch~-1~0^inc~food~  lunch  ~6~_^inc~food~coffee~18~_^inc~food~coffee~-3~1700000000000^inc~food~coffee~4~1700000000000|inc,food,3|
notes	inc~trans~~12~0^inc~trans~coffee~12~_^inc~trans~~12~_^exp~~﻿coffee~20~1700000000000^inc~trans~~18~_^inc~food~lunch~-1~_^inc~trans~﻿coffee~19~_^inc~trans~coffee~9~0|inc,trans,1|
search	exp~rent~nan~coffee~work~|LUNCH|en;
pickledger	home|trip^work|trip
notes	exp~food~﻿coffee~13~1700000000000^inc~trans~lunch~18~0^exp~zz~lunch~20~1700000000000^exp~food~tea~-4~_^exp~food~_~17~1700000000000^exp~food~﻿coffee~5~0^exp~food~﻿coffee~14~1700000000000^exp~rent~﻿coffee~-3~_|exp,food,0|
archacct	a0~1^a1~_^a2~0|^a0|
search	inc~trans~0.30000000000000004~Lunch~work~home|>　100|en;
archledger	home^trip^work^^Trip|trip^trip^work|Trip
archledger	home^trip^work^|home^Trip^|home
search	inc~trans~-3~ΑΣ~~Trip^exp~~0~_~_~home^exp~zz~10.5~straSSe~work;food~^xfer~zz~0.3~straSSe~﻿tag~|LUNCH|en;
search	exp~rent~100~100~~home^xfer~~-0~﻿coffee~work;food~Trip^exp~~0.30000000000000004~kfc~~|trip|en;
archledger	home|home|home
pickledger	||trip
archacct	a0~_^a1~_^a2~_^a3~0|a0^a0|
pickacct	a0~_^a1~0|a9|
search	inc~~nan~lunch~work;food~home|>100|en;
archledger	|home|
pickacct	||
notes	|inc,rent,3|
search	xfer~trans~100~coffee_BOM~_~home^inc~zz~-3~100~work;food~Trip|strasse|zh;
archacct	a0~0^a1~1^a2~1^a3~1|a9^a0|
pickacct	a0~0^a1~0^a2~1^a3~_^a4~_||
archacct	|^a1|
search	xfer~rent~nan~İstanbul~~Trip^exp~rent~0.3~LUNCH~_~_^xfer~trans~99.995~coffee~work~home^exp~trans~0.3~Σ~_~Trip|lunch_BOM|zh;food::自定义:Custom
search	exp~trans~-3~Lunch~_~^exp~food~-0~~work~home^exp~food~0.3~ΑΣ~~^xfer~food~0.30000000000000004~Istanbul~work;food~Trip^xfer~food~100~Lunch~~Trip|> 100|zh;
pickacct	||
search	inc~trans~nan~肯德基~work;food~Trip^xfer~rent~0~ΑΣ~_~|> 100 x|en;rent::自定义:Custom
notes	|exp,rent,1|
archledger	home^trip^work^^Trip|trip|Trip
archacct	||
pickacct	a0~1^a1~_|^a9|
pickledger	home^trip^work^^Trip|work^trip|work
pickacct	a0~1||
search	inc~food~-0~LUNCH~work;food~home^exp~~10.5~straSSe~work~_^exp~food~100~ΑΣ~work;food~^exp~~-3~Istanbul~work;food~_| |en;
search	xfer~trans~-3~~_~Trip|LUNCH|en;
pickledger	home^trip^work^^Trip|trip^^work|home
pickacct	a0~_^a1~0||
notes	|inc,food,20|
search	inc~~99.995~﻿coffee~_~Trip|>0.3|zh;zz::自定义:Custom
search	exp~food~-0~肯德基~_~^exp~food~0~İstanbul~work;food~_^inc~rent~-3~kfc~﻿tag~home|> 100|en;
pickacct	a0~1^a1~_||
search	xfer~trans~10.5~Σ~﻿tag~trip^inc~zz~0~  spaced  ~_~_^exp~~99.995~kfc~_~Trip^exp~rent~0.3~ΑΣ~﻿tag~^exp~food~-0~strasse~_~home|>=100|en;
notes	inc~food~~19~1700000000000^inc~food~tea~-4~_^inc~food~_~1~0^inc~food~_~0~_^inc~zz~tea~16~1700000000000^exp~rent~lunch~8~_^inc~food~coffee~13~_|inc,food,3|
pickacct	a0~1|^a1|
pickledger	||trip
archacct	a0~0^a1~_^a2~1|a0^a9|
notes	|inc,food,6|
pickacct	a0~_|a9|
archacct	||
pickacct	a0~0^a1~_^a2~0^a3~_^a4~_||
notes	exp~food~﻿coffee~5~_^xfer~zz~  lunch  ~4~_|exp,food,6|
search	exp~zz~0.30000000000000004~~~^inc~rent~0.3~~work~trip|﻿|en;
archledger	||
notes	xfer~rent~lunch~-3~_|xfer,trans,1|
pickacct	a0~_||
notes	exp~~lunch~13~_^xfer~zz~coffee~2~_^_~~  lunch  ~18~_^xfer~zz~~0~0|xfer,zz,20|
search	exp~~100~Σ~﻿tag~Trip^xfer~trans~1e21~Lunch~_~trip|=100|zh;
archledger	||work
pickledger	home^trip^work||
notes	inc~~tea~17~0^_~~lunch~8~1700000000000|inc,,0|
notes	|exp,rent,1|
archledger	home^trip^work||work
search	inc~zz~10.5~100~_~_^xfer~food~0.3~Lunch~work~^exp~food~nan~kfc~work~_^xfer~~0~~_~^inc~rent~nan~~~|coffee|en;
pickacct	a0~1|^a1|
notes	inc~food~coffee~4~_^inc~food~tea~11~0^inc~food~_~6~_^inc~food~~20~_^inc~food~coffee~-3~0^inc~food~lunch~0~_|inc,food,3|
search	inc~zz~10.5~strasse~work~_^exp~zz~-0~  spaced  ~﻿tag~_^xfer~trans~1~_~_~Trip^exp~~nan~100~﻿tag~trip^exp~trans~1e21~strasse~_~trip|lunch_BOM|zh;food::自定义:Custom
search	inc~rent~-3~>abc~_~_^xfer~~0.30000000000000004~kfc~work;food~trip^inc~rent~-0~coffee_BOM~_~_^exp~zz~1e21~100~work~|1e+21|zh;
search	inc~food~-0~Istanbul~﻿tag~^inc~zz~1e21~肯德基~_~trip^exp~food~-0~İstanbul~_~Trip^xfer~food~1e21~strasse~~Trip|>-1|zh;
pickacct	a0~1^a1~1^a2~0^a3~1^a4~_|a0^|
archacct	||
archacct	a0~0^a1~1||
search	exp~~1e21~Istanbul~work~Trip^xfer~food~0.30000000000000004~_~work~home^exp~rent~nan~coffee_BOM~_~Trip^exp~food~nan~_~~_^exp~zz~99.995~Σ~work;food~_|>100|en;
archacct	a0~_^a1~0|^a0|
search	xfer~zz~10.5~coffee~~|food|en;
search	exp~rent~nan~lunch~work~_|>100abc|en;
notes	_~~  lunch  ~15~0|exp,rent,20|
archledger	||trip
search	xfer~zz~100~﻿coffee~~trip|>=100|en;food::自定义:Custom
pickacct	a0~1^a1~_^a2~0^a3~1|a0^a9|
search	xfer~~-3~100~﻿tag~Trip^inc~trans~1e21~  spaced  ~﻿tag~^inc~~1e21~coffee~﻿tag~|10.5|zh;
archacct	a0~1^a1~_^a2~_^a3~0|a1|
archledger	home^trip|trip|work
search	exp~trans~0~coffee~~home^xfer~zz~0.3~LUNCH~﻿tag~trip|>-1|zh;zz::自定义:Custom
notes	exp~rent~lunch~5~_^exp~rent~tea~0~0^exp~rent~lunch~16~_^exp~rent~~-4~1700000000000|exp,rent,3|
pickledger	home^trip^work^|home^trip^|work
archacct	a0~_^a1~_|a1|
pickacct	a0~0^a1~1^a2~_||
search	xfer~rent~0~100~_~Trip^exp~food~1e21~﻿coffee~work;food~Trip|>100abc|en;
search	exp~rent~99.995~~﻿tag~home|> 100|en;
pickacct	|^a0|
search	exp~trans~10.5~﻿coffee~work~^xfer~trans~1e21~Istanbul~_~^inc~zz~1e21~İstanbul~work~^inc~zz~-0~LUNCH~﻿tag~home|food|en;
search	xfer~trans~-3~coffee~~_^xfer~~99.995~LUNCH~~_^exp~trans~0.30000000000000004~100~work;food~home^exp~zz~nan~lunch~﻿tag~^xfer~trans~0.3~coffee~﻿tag~_|work|en;
search	exp~~0.3~~_~Trip|﻿|en;
search	xfer~trans~-0~coffee~work;food~trip^inc~food~nan~strasse~﻿tag~Trip|<=100|zh;
search	exp~food~0.30000000000000004~Σ~﻿tag~trip^xfer~zz~99.995~  spaced  ~_~_|food|zh;trans::自定义:Custom
notes	inc~food~coffee~4~_|inc,food,0|
notes	|exp,rent,6|
search	xfer~trans~-0~ΑΣ~_~_|work|zh;
archledger	home|work^Trip^trip|work
search	exp~trans~nan~Σ~﻿tag~_^exp~rent~1e21~﻿coffee~_~Trip^exp~rent~1e21~﻿coffee~~^xfer~food~-0~strasse~_~^exp~food~nan~﻿coffee~_~home|>100|en;
search	inc~~10.5~İstanbul~~home^exp~trans~0.30000000000000004~~work~|>=100|zh;
archacct	|a9|
search	exp~rent~100~lunch~work~Trip^exp~trans~99.995~LUNCH~_~trip^exp~zz~10.5~Σ~work~^xfer~zz~0~肯德基~_~trip^inc~zz~-3~_~work~home|>100|zh;
pickledger	home^trip^work^|trip|home
search	exp~~0.3~lunch~work;food~trip^exp~food~0.3~coffee_BOM~work;food~trip^inc~zz~100~~work~_^inc~food~1~Lunch~work;food~_^xfer~zz~1~coffee~_~home|>　100|zh;
search	exp~~99.995~LUNCH~﻿tag~_^exp~~0.3~ΑΣ~work;food~trip||zh;
archledger	home^trip|Trip^home|work
notes	exp~rent~lunch~1~0^exp~rent~_~16~1700000000000|exp,rent,20|
archacct	a0~_^a1~_||
pickledger	home^trip||trip
pickledger	home^trip^work^^Trip|Trip|
search	inc~rent~-0~coffee~work~_^xfer~zz~1~LUNCH~﻿tag~trip^inc~food~0.30000000000000004~﻿coffee~work~Trip|>　100|zh;
pickledger	home|home|trip
archledger	home^trip^work^||home
search	inc~food~-0~Σ~_~Trip^exp~zz~nan~lunch~_~trip^xfer~rent~0.30000000000000004~coffee~work;food~home|>100|en;
notes	inc~zz~﻿coffee~-3~_^inc~zz~lunch~14~1700000000000^inc~zz~_~11~1700000000000^exp~trans~﻿coffee~20~_^inc~zz~  lunch  ~9~_^exp~trans~lunch~0~1700000000000|inc,zz,6|
archacct	a0~1^a1~_^a2~1^a3~0^a4~_||
pickacct	a0~_^a1~0^a2~_^a3~1|a9|
pickledger	home^trip|^work^work|work
search	exp~~nan~strasse~~trip^xfer~food~nan~Istanbul~﻿tag~_^exp~zz~0~100~~home^exp~food~0~lunch~﻿tag~_|strasse|en;
pickacct	a0~_^a1~1^a2~_|a1^a1|
pickledger	home^trip^work^|home^^work|work
archacct	a0~1^a1~0^a2~_^a3~1^a4~0|a1^a1|
search	inc~rent~-0~Σ~work;food~^exp~rent~10.5~Lunch~~home^exp~food~-3~Lunch~work~Trip|>﻿100|zh;zz::自定义:Custom
notes	xfer~trans~~13~0^xfer~trans~_~-3~0^xfer~trans~lunch~5~0|xfer,trans,6|
archacct	a0~0|a0|
archacct	a0~0^a1~1^a2~1^a3~1^a4~0||
search	inc~zz~0.3~coffee~work~home^exp~zz~nan~~work;food~_^exp~rent~1~kfc~work~_^exp~trans~0~straSSe~﻿tag~home|> 100|zh;
search	exp~~0~LUNCH~work~trip^exp~food~10.5~kfc~~^exp~~1e21~_~work~_|lunch_BOM|zh;
pickacct	a0~1^a1~1^a2~1^a3~0^a4~0|a0^a9|
notes	|exp,zz,3|
search	exp~food~10.5~coffee~﻿tag~trip^xfer~zz~-3~Σ~~Trip|>100abc|zh;
pickledger	home^trip^work|^trip^work|Trip
pickledger	home^trip^work^^Trip||trip
archledger	home^trip||work
archacct	||
pickacct	a0~1^a1~0^a2~1^a3~1||
archledger	home^trip^work^^Trip||
archledger	|Trip^Trip|trip
pickacct	a0~1^a1~1^a2~1^a3~0||
search	inc~zz~0.30000000000000004~ΑΣ~~trip^inc~rent~1e21~strasse~~trip| |en;
pickacct	a0~1^a1~1^a2~0^a3~1||
search	xfer~~10.5~LUNCH~~home^inc~trans~1e21~coffee_BOM~work;food~trip^exp~trans~99.995~coffee~work;food~Trip|>=100|zh;
archacct	a0~1^a1~_||
search	inc~rent~100~kfc~work~_^exp~rent~1e21~  spaced  ~work;food~_^xfer~rent~10.5~straSSe~_~^exp~rent~99.995~straSSe~~trip|Ας|zh;
search	exp~zz~10.5~﻿coffee~_~home|=1x|zh;
notes	xfer~trans~tea~14~0^exp~zz~tea~10~_^inc~~coffee~7~_^inc~~lunch~9~0|inc,,6|
archacct	a0~0^a1~_^a2~0^a3~1^a4~0|^a1|
pickacct	a0~0|a9|
notes	|exp,trans,6|
pickacct	a0~_^a1~_^a2~0|a0^a1|
archacct	||
notes	exp~~~20~_^_~rent~﻿coffee~17~_^exp~~~-3~_|exp,,6|
notes	xfer~trans~coffee~3~0^exp~rent~﻿coffee~0~1700000000000^xfer~trans~tea~-2~_^inc~~  lunch  ~-5~1700000000000^inc~zz~coffee~7~0|inc,,1|
archacct	a0~0^a1~1|a1|
archacct	a0~_|a9|
pickacct	|a9^a9|
notes	_~zz~coffee~4~_^exp~zz~coffee~8~_^exp~zz~﻿coffee~7~_^exp~rent~~18~1700000000000^exp~~tea~4~1700000000000|exp,zz,1|
archledger	home^trip^work^||Trip
archledger	|Trip^Trip|home
search	exp~zz~0.3~_~_~^xfer~zz~nan~İstanbul~work;food~Trip^exp~zz~1~strasse~_~_^inc~trans~0~ΑΣ~_~home^inc~rent~1e21~coffee_BOM~work;food~home|99.995|zh;
notes	xfer~rent~coffee~19~_^xfer~rent~tea~4~_^xfer~rent~coffee~11~1700000000000^inc~trans~tea~2~0^xfer~rent~_~0~_^xfer~zz~coffee~17~1700000000000^xfer~rent~lunch~7~_^xfer~rent~coffee~17~_|xfer,rent,1|
notes	xfer~trans~lunch~-5~0^xfer~trans~coffee~4~_^xfer~trans~﻿coffee~3~_^xfer~trans~lunch~15~1700000000000^inc~food~  lunch  ~-5~_^xfer~trans~lunch~-2~_^xfer~rent~tea~8~_|xfer,trans,1|
notes	inc~rent~coffee~7~1700000000000^inc~rent~~9~1700000000000^inc~rent~coffee~17~_^inc~rent~tea~1~_^inc~rent~tea~4~1700000000000^inc~rent~tea~-4~0^inc~rent~lunch~3~_^inc~rent~﻿coffee~10~0|inc,rent,6|
search	exp~zz~0~straSSe~work~home|﻿lunch|zh;
notes	inc~~_~6~_^inc~~lunch~-2~0^inc~~_~-3~_^inc~~﻿coffee~7~0^xfer~trans~  lunch  ~4~_^_~zz~lunch~0~_|inc,,20|
pickledger	home||work
pickledger	||home
archledger	home^trip|trip^trip^|trip
search	xfer~trans~nan~  spaced  ~~Trip^exp~~100~lunch~work~^xfer~zz~-3~İstanbul~work;food~^exp~~99.995~LUNCH~work;food~Trip|> 100|en;
archledger	home^trip^work^^Trip||home
notes	inc~food~lunch~9~_^inc~food~﻿coffee~0~_^xfer~~~9~_^inc~food~  lunch  ~15~1700000000000^inc~food~lunch~11~_|inc,food,20|
archacct	a0~_^a1~0^a2~0^a3~0^a4~1||
archledger	|Trip^work|home
notes	xfer~~lunch~14~_^xfer~~lunch~10~1700000000000^xfer~~~18~1700000000000^exp~food~coffee~8~0^_~food~tea~18~1700000000000|xfer,,0|
archacct	a0~0^a1~1||
search	xfer~trans~-0~  spaced  ~﻿tag~home|=0.30000000000000004|zh;
notes	exp~~tea~1~1700000000000^exp~~coffee~5~_|exp,,0|
search	xfer~food~-3~100~_~_|>=|en;
notes	exp~~~16~1700000000000^exp~food~coffee~19~1700000000000^exp~~lunch~4~_^_~rent~﻿coffee~14~0^exp~~_~20~1700000000000^exp~~lunch~5~1700000000000^exp~~~1~1700000000000^xfer~rent~_~0~_|exp,,20|
archledger	home^trip^work^|work^home^|
notes	xfer~zz~lunch~19~0^xfer~zz~  lunch  ~2~_^xfer~zz~coffee~5~_|xfer,zz,3|
search	exp~~99.995~İstanbul~_~home^exp~zz~0~~﻿tag~trip^xfer~rent~-3~İstanbul~﻿tag~^inc~zz~1~lunch~work;food~|> 100|en;
archledger	home^trip|trip|work
search	inc~~0.30000000000000004~100~work~trip^exp~rent~-0~strasse~work;food~|lunch|zh;::自定义:Custom
search	exp~trans~0.30000000000000004~Lunch~﻿tag~^exp~~100~coffee~_~home|trip|en;
search	exp~~-0~İstanbul~work;food~home^exp~~10.5~LUNCH~_~^xfer~food~0.3~肯德基~work;food~Trip|肯德基|en;
archacct	a0~0^a1~0^a2~0|^a1|
search	inc~~-3~ΑΣ~work~_||en;
archledger	home^trip||work
notes	_~zz~_~14~_^inc~rent~  lunch  ~7~0^inc~rent~lunch~-2~0^xfer~trans~lunch~12~_|inc,rent,6|
notes	exp~rent~﻿coffee~8~_|exp,rent,3|
notes	_~trans~  lunch  ~9~_^exp~trans~coffee~11~_^exp~trans~coffee~20~0|exp,trans,1|
search	exp~rent~-0~肯德基~work;food~_^exp~zz~nan~lunch~work~home|lunch|en;
pickledger	|Trip|Trip
search	exp~rent~0.3~coffee~~^exp~rent~0.3~_~work~trip|>0.3|zh;
notes	_~food~  lunch  ~-3~1700000000000^inc~zz~lunch~20~1700000000000^inc~zz~﻿coffee~11~_^exp~zz~tea~18~_|inc,zz,0|
archacct	||
search	exp~rent~-0~strasse~work~Trip^exp~zz~1e21~straSSe~﻿tag~_|=nan|en;
pickacct	a0~_^a1~0^a2~1^a3~0^a4~0||
archledger	||home
archledger	home^trip|Trip|work
search	exp~trans~-3~ΑΣ~_~home^exp~food~1~Istanbul~~Trip^xfer~trans~100~~work~_^inc~zz~0.3~肯德基~﻿tag~trip^inc~zz~-3~coffee_BOM~_~home| |en;
notes	inc~rent~﻿coffee~0~_^inc~rent~tea~16~0^inc~rent~lunch~20~_^_~trans~lunch~13~1700000000000|inc,rent,3|
pickledger	home^trip||home
notes	xfer~trans~tea~2~_^xfer~trans~tea~-3~_|xfer,trans,6|
archacct	a0~1^a1~_|a9|
search	exp~food~0.30000000000000004~İstanbul~_~home^xfer~rent~-3~~﻿tag~home^inc~zz~0.3~straSSe~work~trip|>　100|en;
notes	exp~~lunch~11~1700000000000^inc~food~~11~1700000000000^inc~food~coffee~2~1700000000000|inc,food,1|
pickacct	a0~_||
search	exp~~0.3~Lunch~﻿tag~Trip^inc~rent~0~İstanbul~﻿tag~Trip|﻿|en;
archacct	a0~_|a1|
search	xfer~~0~~﻿tag~^exp~~1e21~LUNCH~﻿tag~home^inc~rent~10.5~肯德基~work~^xfer~food~0.30000000000000004~肯德基~work~home^inc~~0.30000000000000004~İstanbul~~_|>-1|en;food::自定义:Custom
archledger	home^trip^work^^Trip||home
notes	exp~~~15~_^_~trans~tea~6~_|xfer,food,6|
notes	xfer~trans~_~19~_^xfer~trans~lunch~14~_^xfer~trans~  lunch  ~7~0^xfer~trans~lunch~18~_^xfer~trans~lunch~8~_^xfer~trans~  lunch  ~13~0^exp~food~coffee~-5~1700000000000|xfer,trans,3|
notes	xfer~rent~﻿coffee~-5~_^xfer~rent~﻿coffee~11~_^xfer~rent~coffee~14~0|xfer,rent,0|
search	inc~trans~1~Lunch~~_^inc~trans~10.5~Σ~work~_^exp~trans~10.5~Σ~work;food~^exp~rent~100~lunch~_~_|lunch_BOM|zh;
archledger	home^trip^work^||trip
search	exp~trans~0.3~Istanbul~_~trip^inc~zz~100~coffee_BOM~~trip^inc~rent~0.30000000000000004~coffee~work;food~Trip^xfer~trans~0.3~İstanbul~﻿tag~Trip|> 100|en;
pickledger	home^trip^work^^Trip|work^Trip^|trip
archacct	a0~0^a1~_^a2~0^a3~_^a4~1|a1|
search	exp~trans~nan~coffee~~^exp~~99.995~Istanbul~~Trip^xfer~zz~1e21~Σ~_~home^exp~~99.995~LUNCH~﻿tag~_||zh;::自定义:Custom
pickacct	a0~0|a1^a0|
search	exp~zz~10.5~kfc~_~Trip|i̇stanbul|zh;
pickacct	|^a9|
archledger	home^trip^work^|trip^trip|Trip
search	xfer~rent~1~ΑΣ~work;food~home|>-1|zh;
search	exp~food~1e21~kfc~work~|=1x|zh;
search	exp~rent~1e21~lunch~﻿tag~Trip|Ας|zh;
notes	exp~~tea~9~_^exp~trans~lunch~6~_^exp~trans~lunch~15~1700000000000|exp,trans,1|
search	inc~zz~100~100~work~trip^exp~~0.3~  spaced  ~work;food~Trip|coffee|en;
pickledger	home^trip^work^|trip^Trip^trip|home
search	xfer~food~0.30000000000000004~  spaced  ~~_^exp~rent~nan~100~work;food~Trip^xfer~food~10.5~coffee~work;food~trip|kfc|en;
notes	|xfer,rent,20|
notes	exp~rent~coffee~19~_^exp~food~tea~-1~_^inc~food~coffee~-5~0^exp~~  lunch  ~8~1700000000000^inc~food~coffee~7~_^_~food~﻿coffee~20~1700000000000^exp~~lunch~4~0|exp,rent,0|
archledger	home^trip^work^|trip|trip
notes	inc~zz~﻿coffee~4~_^exp~food~﻿coffee~14~_^inc~zz~  lunch  ~-4~_^_~rent~lunch~17~_^inc~zz~tea~10~0^xfer~food~lunch~-4~0^exp~zz~lunch~1~_^exp~zz~coffee~4~_|inc,zz,1|
archacct	a0~0^a1~0^a2~_^a3~1|a9^a9|
search	exp~zz~-0~LUNCH~~_^exp~rent~1e21~coffee_BOM~~_|trip|zh;zz::自定义:Custom
archledger	home|home^home|
search	inc~zz~10.5~kfc~﻿tag~home^exp~rent~100~coffee~work;food~_^xfer~food~0.30000000000000004~coffee~﻿tag~_^inc~zz~0.3~Istanbul~﻿tag~trip^exp~~1~strasse~work~trip|=0.3|en;
pickacct	|a0^|
search	exp~rent~100~~_~home^exp~zz~100~  spaced  ~work;food~trip|>abc|zh;
pickledger	|Trip^|Trip
pickacct	a0~1^a1~_^a2~1^a3~0^a4~0||
search	inc~trans~10.5~  spaced  ~~_^inc~food~99.995~LUNCH~_~_^exp~food~-0~strasse~work;food~^xfer~food~1e21~~work;food~home|>abc|zh;rent::自定义:Custom
pickacct	a0~0^a1~_^a2~0^a3~1^a4~_|a9|
pickledger	home^trip|trip^|trip
pickacct	a0~_^a1~1^a2~1|a9|
pickacct	a0~_^a1~_^a2~0^a3~1|a1^a0|
pickacct	a0~_^a1~0^a2~_^a3~1^a4~0|a9^a0|
notes	exp~trans~tea~20~_|exp,trans,1|
archledger	home^trip^work^|^Trip|
notes	xfer~zz~tea~10~_^exp~zz~coffee~9~1700000000000^exp~zz~tea~8~_^exp~zz~coffee~5~_^exp~zz~﻿coffee~14~_|exp,zz,1|
search	inc~zz~0~~work~_^exp~trans~1~~work~_^inc~food~100~ΑΣ~~home|>　100|en;
archledger	home^trip|^Trip|
search	exp~zz~nan~~work~_^exp~zz~99.995~kfc~_~trip^inc~rent~99.995~_~_~^xfer~rent~100~strasse~_~Trip|lunch|en;
archacct	||
pickacct	a0~_^a1~0^a2~_^a3~1|^|
pickledger	home^trip|^work^home|Trip
search	exp~trans~1e21~strasse~work~^exp~zz~1~coffee~work~Trip^exp~trans~99.995~Σ~work~home^exp~food~1e21~kfc~work;food~home|=0.3|zh;
notes	xfer~~lunch~5~_|xfer,,3|
archacct	a0~0^a1~1^a2~1^a3~_^a4~0|a0|
search	xfer~trans~nan~﻿coffee~work;food~trip^xfer~food~100~coffee_BOM~~^exp~food~100~straSSe~~_|Ας|en;
search	exp~zz~100~coffee~_~Trip^exp~~-0~coffee_BOM~~_^xfer~food~1~Istanbul~﻿tag~home|=100|en;
pickacct	a0~0^a1~0|a1^a0|
pickledger	home^trip^work^^Trip|trip^^home|
pickacct	a0~_^a1~_^a2~_^a3~1|a9|
search	exp~~0.3~  spaced  ~work;food~trip^exp~zz~99.995~>abc~work;food~trip^exp~trans~99.995~İstanbul~~home^exp~rent~0.3~肯德基~﻿tag~|1e+21|en;
search	xfer~food~1e21~İstanbul~work~Trip^exp~~99.995~Lunch~_~Trip^exp~trans~nan~﻿coffee~work~Trip^inc~zz~10.5~coffee~~_|=1x|zh;
notes	xfer~food~lunch~20~_^inc~trans~_~1~_|inc,trans,20|
search	inc~rent~99.995~lunch~_~home^xfer~trans~-3~coffee~﻿tag~_^xfer~rent~0~Lunch~﻿tag~_^xfer~trans~0.3~straSSe~work~|10.5|en;
search	exp~~1e21~Σ~work~_^exp~trans~0.30000000000000004~coffee~work~home^exp~~99.995~Istanbul~﻿tag~_^exp~food~0.3~lunch~﻿tag~home|﻿|en;
search	exp~zz~1~Istanbul~﻿tag~Trip^exp~trans~100~straSSe~﻿tag~Trip^exp~food~1~  spaced  ~﻿tag~home^xfer~zz~0.30000000000000004~>abc~﻿tag~home^exp~rent~-3~100~_~Trip|<=100|en;
search	xfer~trans~-0~İstanbul~﻿tag~home^exp~trans~1~ΑΣ~~_|100|zh;
notes	inc~food~tea~1~1700000000000^exp~rent~~7~_^inc~food~tea~20~_|inc,food,3|
notes	inc~zz~_~5~_^inc~zz~lunch~-4~0^exp~rent~lunch~20~_|inc,zz,0|
archledger	home^trip^work^^Trip|Trip|work
notes	inc~rent~coffee~-2~0^inc~rent~lunch~1~0^inc~rent~lunch~15~_^inc~rent~coffee~13~_^xfer~~~16~_|inc,rent,6|
pickledger	home||work
pickacct	a0~0||
notes	xfer~zz~_~2~1700000000000^_~~  lunch  ~5~_^xfer~zz~tea~3~1700000000000^xfer~zz~_~-1~1700000000000^xfer~zz~﻿coffee~-5~_^xfer~zz~coffee~1~_^xfer~zz~tea~0~0|xfer,zz,6|
search	exp~rent~99.995~LUNCH~~^inc~food~1e21~Lunch~work;food~Trip^exp~zz~-3~coffee~work~_|> 100 x|en;::自定义:Custom
pickacct	|a9|
search	xfer~zz~-0~肯德基~~Trip^inc~rent~100~kfc~work;food~trip|lunch|en;zz::自定义:Custom
search	exp~trans~-0~~_~Trip|LUNCH|en;
archledger	home^trip^work^^Trip||
notes	xfer~trans~~-5~_^xfer~trans~~-2~_^exp~trans~lunch~5~_^xfer~trans~tea~19~0^_~trans~  lunch  ~19~_^xfer~trans~coffee~10~0^xfer~trans~~6~1700000000000^exp~trans~lunch~3~0|xfer,trans,0|
notes	xfer~rent~coffee~10~_^inc~zz~coffee~12~1700000000000^inc~zz~tea~-5~_^inc~zz~  lunch  ~10~0|inc,zz,0|
notes	inc~~﻿coffee~3~_^inc~~lunch~11~_^inc~~~0~_^inc~~  lunch  ~0~0^inc~~_~2~1700000000000|inc,,3|
notes	exp~trans~  lunch  ~8~0|exp,zz,0|
notes	_~zz~coffee~1~0^exp~~coffee~12~_^exp~~tea~3~1700000000000^exp~~coffee~-3~1700000000000^exp~~lunch~-1~_^exp~~﻿coffee~-1~_|exp,,0|
archledger	home^trip^work||Trip
archacct	a0~1^a1~0^a2~_^a3~0^a4~_|a9^|
archledger	home^trip^work^|Trip^home|Trip
notes	xfer~food~~-4~_^_~~tea~-5~_|xfer,food,20|
search	xfer~zz~10.5~肯德基~_~trip|=100|en;
search	exp~food~99.995~lunch~work~_^exp~zz~100~~~home^exp~food~100~﻿coffee~_~^exp~food~-3~coffee_BOM~work;food~^xfer~~100~ΑΣ~work;food~home|> 100|zh;
search	exp~food~nan~Istanbul~~_|10.5|zh;
notes	exp~rent~﻿coffee~-5~0^exp~rent~lunch~-1~_^exp~rent~coffee~-5~_^exp~rent~﻿coffee~20~0|exp,rent,1|
notes	inc~trans~coffee~4~0^inc~~﻿coffee~-4~_^inc~trans~lunch~19~0^inc~trans~tea~-2~_^xfer~zz~﻿coffee~10~0^xfer~rent~coffee~-1~_^inc~trans~coffee~0~_^inc~trans~~10~_|inc,trans,1|
archacct	a0~1|a1^a0|
search	xfer~trans~nan~kfc~work;food~^exp~~0.30000000000000004~straSSe~~home^exp~rent~0.3~lunch~﻿tag~Trip^exp~food~1e21~Istanbul~_~Trip|>=100|zh;
search	xfer~trans~99.995~kfc~work;food~_^xfer~rent~99.995~LUNCH~work~_^xfer~rent~0.30000000000000004~  spaced  ~_~home^exp~zz~-3~~work~Trip|﻿|en;
notes	|inc,rent,0|
archacct	a0~1^a1~0^a2~1^a3~0^a4~0|a9|
search	exp~zz~0.30000000000000004~strasse~~trip^exp~~-3~coffee~~_^xfer~food~1~>abc~work;food~Trip^exp~~0~_~_~Trip^exp~zz~nan~straSSe~~_|<=100|zh;
search	xfer~~1~~work;food~_^exp~food~-0~﻿coffee~~^xfer~zz~0~肯德基~_~^exp~trans~-0~kfc~﻿tag~trip|lunch|zh;
search	exp~trans~0.30000000000000004~coffee~_~trip^inc~food~1~ΑΣ~~Trip|Ας|en;
pickledger	home|home^^|work
archacct	|a9|
search	exp~trans~1e21~kfc~work;food~Trip^inc~zz~0~﻿coffee~_~_|10.5|en;
archledger	home|work^^home|home
search	inc~rent~10.5~﻿coffee~﻿tag~trip^exp~~0~~~trip^inc~rent~-0~_~﻿tag~Trip^exp~trans~1e21~_~work~trip^exp~rent~1~strasse~work~trip|lunch_BOM|zh;
archacct	a0~0^a1~1^a2~0^a3~0|a9^a0|
search	inc~trans~-3~  spaced  ~_~home|=100|en;
archledger	||
notes	exp~zz~  lunch  ~8~_^exp~zz~~20~1700000000000^_~rent~lunch~11~0^exp~zz~tea~0~_^exp~zz~  lunch  ~-1~_^exp~zz~coffee~1~1700000000000^exp~zz~~6~0|exp,zz,0|
archacct	a0~_^a1~1^a2~0^a3~_||
archacct	a0~1^a1~0^a2~1^a3~_^a4~0||
pickledger	home^trip^work|home|
archacct	a0~1^a1~0^a2~0^a3~1||
search	xfer~zz~-0~coffee~work;food~Trip^exp~trans~nan~100~work;food~Trip^exp~trans~1e21~Istanbul~work~_^xfer~~99.995~Lunch~_~home|100|zh;rent::自定义:Custom
notes	inc~rent~coffee~-1~_^inc~rent~lunch~-3~1700000000000^inc~rent~coffee~11~0^inc~rent~coffee~-3~0|inc,rent,20|
search	exp~food~0.3~  spaced  ~_~^exp~trans~nan~﻿coffee~work;food~Trip^exp~rent~100~肯德基~﻿tag~trip|>0.3|zh;
search	xfer~trans~0.30000000000000004~straSSe~~|1e+21|zh;
archledger	home^trip^work|Trip^Trip^Trip|work
search	xfer~trans~10.5~100~_~^inc~trans~1e21~_~work~Trip^exp~food~99.995~﻿coffee~_~home^exp~zz~10.5~  spaced  ~_~trip|> 100 x|zh;
archledger	home^trip^work^|work^Trip|Trip
pickacct	a0~_^a1~0|a1|
archledger	home^trip^work^^Trip|trip^Trip^work|home
notes	exp~zz~  lunch  ~15~_|exp,zz,20|
search	exp~zz~100~strasse~﻿tag~trip^xfer~zz~99.995~肯德基~_~Trip^xfer~food~1~İstanbul~work~Trip|lunch|zh;
pickacct	||
notes	inc~zz~lunch~-3~_^inc~zz~tea~6~0^exp~food~_~13~_^inc~zz~coffee~6~0^inc~zz~lunch~18~1700000000000^inc~zz~coffee~11~1700000000000^inc~zz~  lunch  ~14~0|inc,zz,0|
pickacct	a0~0|a1|
pickacct	a0~_||
pickledger	|work^Trip^trip|trip
notes	exp~food~lunch~15~_^inc~trans~﻿coffee~6~_|inc,trans,6|
search	exp~~-0~İstanbul~﻿tag~trip^xfer~trans~nan~straSSe~_~trip^xfer~rent~-0~ΑΣ~work;food~_^exp~~99.995~Istanbul~﻿tag~_^exp~zz~nan~Σ~_~Trip|Ας|en;
search	exp~~0.30000000000000004~肯德基~work~Trip^xfer~trans~99.995~Σ~work~^exp~rent~1~Σ~work;food~^inc~trans~0.30000000000000004~coffee~work;food~trip^exp~food~1e21~100~work;food~_|food|en;trans::自定义:Custom
notes	|exp,rent,20|
archledger	home^trip^work^|home^Trip^work|Trip
search	inc~zz~10.5~100~﻿tag~home^exp~~nan~lunch~work;food~home^exp~food~0.3~kfc~~home^xfer~trans~1~>abc~work;food~_|肯德基|en;
notes	xfer~food~_~20~0^xfer~food~lunch~13~_^xfer~food~_~-2~_^xfer~food~  lunch  ~19~_^xfer~food~  lunch  ~1~0^_~~coffee~20~_^xfer~food~~1~1700000000000|xfer,food,3|
pickledger	home^trip^work||
pickledger	|Trip^home|trip
notes	exp~rent~coffee~12~1700000000000^exp~trans~  lunch  ~9~0^exp~trans~lunch~3~_^exp~trans~coffee~7~0^exp~rent~lunch~19~0^exp~food~~1~_^exp~trans~coffee~10~_|exp,trans,6|
archacct	a0~_^a1~1^a2~1^a3~_||
pickacct	||
archledger	||home
search	xfer~zz~-0~_~work~trip|i̇stanbul|zh;
search	exp~~99.995~coffee~work;food~Trip^exp~food~0.3~LUNCH~_~_|﻿lunch|en;zz::自定义:Custom
pickledger	home^trip^work^||home
notes	exp~trans~tea~18~_^exp~rent~lunch~-3~_^exp~trans~coffee~-5~1700000000000^exp~trans~  lunch  ~15~1700000000000^exp~trans~tea~-3~0^exp~trans~lunch~8~_|exp,trans,6|
search	exp~food~1~coffee~﻿tag~home^xfer~zz~1~coffee~work;food~Trip^inc~rent~0~Σ~_~home^exp~zz~0.30000000000000004~coffee~~_^inc~~0.3~﻿coffee~~_|>-1|en;::自定义:Custom
notes	exp~food~_~11~_^exp~food~coffee~-4~_^exp~food~lunch~20~0^exp~food~﻿coffee~7~_|exp,food,20|
pickledger	home^trip^work^||
pickledger	home^trip^work^||trip
search	exp~zz~1~coffee~~_^inc~trans~-0~Lunch~~_|=nan|en;food::自定义:Custom
archledger	home^trip||
search	xfer~food~0~strasse~~home^inc~trans~0~coffee_BOM~work~_^exp~~-3~  spaced  ~_~_|food|zh;
archledger	home^trip^work|^home|
search	exp~food~1~coffee~work;food~trip^exp~trans~0~  spaced  ~_~^exp~trans~-0~straSSe~﻿tag~^exp~~100~_~~trip^exp~zz~0.3~>abc~﻿tag~|> 100|en;
search	inc~food~-0~﻿coffee~work;food~Trip^exp~zz~0~_~﻿tag~_^inc~zz~0.30000000000000004~100~﻿tag~Trip|> 100 x|en;
search	exp~rent~1e21~ΑΣ~work~home^inc~food~-3~lunch~﻿tag~home|>=|en;
pickacct	a0~_^a1~0^a2~0^a3~0|a9^a9|
notes	inc~zz~  lunch  ~19~_|inc,zz,0|
pickledger	|trip^work^work|
pickacct	a0~_||
search	exp~rent~0~Istanbul~~_^xfer~zz~1e21~﻿coffee~work;food~_^exp~rent~0~Lunch~﻿tag~Trip^inc~rent~-0~coffee~﻿tag~home|strasse|zh;
search	exp~zz~1~coffee~work~trip^xfer~trans~99.995~﻿coffee~_~_^exp~rent~-0~kfc~﻿tag~home|work|en;
archledger	home^trip||Trip
search	exp~~0.30000000000000004~kfc~work;food~_^xfer~trans~100~coffee~work~home^xfer~zz~-0~LUNCH~~Trip|coffee|zh;
notes	|inc,rent,3|
pickledger	|^Trip|
search	exp~~0.30000000000000004~肯德基~work;food~^xfer~trans~nan~  spaced  ~work;food~Trip^xfer~~10.5~lunch~work~|10.5|en;
archacct	|a1^a0|
notes	inc~trans~_~7~0^exp~food~coffee~10~_^exp~food~lunch~-3~_^_~rent~~10~_^exp~food~﻿coffee~9~1700000000000^exp~food~coffee~4~_^exp~food~lunch~20~1700000000000|exp,food,20|
pickacct	a0~0^a1~0^a2~_^a3~_|a9|
pickacct	a0~0^a1~0^a2~0|a9^a9|
search	inc~~10.5~~_~home^exp~food~-3~肯德基~~trip^xfer~~nan~_~~trip^xfer~zz~0.3~coffee_BOM~~trip^exp~zz~100~coffee~work;food~_|kfc|en;
search	exp~trans~0.30000000000000004~coffee~work;food~home^exp~trans~1~﻿coffee~~home^inc~zz~1e21~Istanbul~~^exp~food~nan~coffee_BOM~work~trip^inc~trans~1~lunch~﻿tag~home|=0.3|en;food::自定义:Custom
archacct	a0~1^a1~_^a2~0^a3~_^a4~0||
archacct	a0~0|^a0|
pickledger	home^trip^work|^trip^work|Trip
search	exp~trans~1e21~Istanbul~work;food~trip|>=100|zh;
search	xfer~rent~-3~coffee~work~home^exp~food~1e21~lunch~~home|food|en;
pickacct	a0~0^a1~0||
search	inc~food~0.30000000000000004~100~work~_^inc~zz~100~İstanbul~﻿tag~trip^exp~rent~99.995~﻿coffee~﻿tag~_^inc~~1~_~~home^inc~trans~-3~strasse~_~Trip|100|en;
search	exp~trans~nan~Lunch~work;food~trip^inc~trans~10.5~coffee_BOM~_~trip^xfer~food~100~LUNCH~work~Trip^exp~~nan~~work;food~home|=0.3|zh;
pickledger	home^trip^work^^Trip|work^work|
search	exp~zz~100~~﻿tag~trip||zh;food::自定义:Custom
search	xfer~zz~0.3~Σ~_~_^xfer~trans~-0~coffee~work;food~trip^exp~zz~1e21~Lunch~_~_|LUNCH|zh;
notes	exp~~~8~1700000000000^xfer~zz~  lunch  ~-3~0^inc~trans~~-4~1700000000000^xfer~zz~tea~9~_^exp~food~coffee~5~1700000000000^xfer~zz~lunch~19~_^xfer~food~_~12~_^xfer~zz~_~7~0|xfer,zz,1|
pickledger	home^trip^work^^Trip|^Trip|
notes	exp~rent~coffee~4~0^exp~rent~coffee~2~_|exp,trans,20|
notes	exp~zz~lunch~9~_^exp~~coffee~16~0^exp~zz~~19~_^exp~food~lunch~5~_^exp~zz~﻿coffee~-3~0|exp,zz,0|
notes	exp~food~coffee~11~_^exp~food~lunch~-5~_^exp~food~lunch~13~_^exp~food~  lunch  ~15~_|exp,food,6|
pickledger	home^trip^work^^Trip||home
search	inc~trans~-0~Σ~work~_^exp~food~0~straSSe~﻿tag~^inc~~0.30000000000000004~﻿coffee~_~trip|100|zh;
pickacct	a0~1^a1~_^a2~0|a1|
search	inc~trans~99.995~Σ~_~^inc~food~10.5~﻿coffee~~Trip^inc~food~nan~coffee_BOM~~home^exp~trans~1~~_~|>﻿100|en;
search	exp~trans~10.5~~﻿tag~_^exp~trans~0~ΑΣ~work~Trip|lunch|zh;
search	exp~trans~-3~_~work;food~^xfer~~1e21~肯德基~_~trip^exp~zz~-0~straSSe~﻿tag~home^inc~trans~-3~kfc~work~|10.5|zh;
search	xfer~rent~100~LUNCH~work;food~home^xfer~food~100~lunch~_~_|Ας|zh;
notes	exp~zz~﻿coffee~19~_^exp~zz~coffee~2~1700000000000^exp~zz~~2~0^exp~zz~lunch~7~_^exp~zz~~15~1700000000000^exp~zz~tea~20~_^_~food~  lunch  ~0~_|exp,zz,0|
search	exp~zz~99.995~﻿coffee~work;food~trip^exp~trans~-3~Σ~work;food~_^xfer~trans~0.30000000000000004~Σ~work~home|> 100 x|en;
notes	|exp,zz,1|
archledger	home^trip|home^trip|trip
archledger	home^trip^work|work^home^Trip|Trip
search	exp~~0.30000000000000004~lunch~work~Trip^xfer~rent~99.995~﻿coffee~_~^inc~trans~0.3~lunch~_~^xfer~rent~1e21~ΑΣ~﻿tag~trip^inc~rent~99.995~straSSe~work;food~home|>100|zh;
notes	inc~food~~-3~0|inc,food,6|
notes	inc~zz~﻿coffee~13~1700000000000^inc~zz~  lunch  ~-3~1700000000000^inc~zz~coffee~19~1700000000000^inc~zz~lunch~12~_^inc~zz~coffee~14~_^inc~zz~lunch~1~_^exp~zz~_~-1~_|inc,zz,6|
archacct	a0~1^a1~_^a2~0^a3~1^a4~1|a1|
pickledger	home|home|
pickledger	home^trip^work|^|Trip
search	exp~trans~100~Istanbul~work~_^xfer~zz~-0~>abc~_~_^inc~~0~straSSe~_~trip^exp~trans~0.30000000000000004~100~work;food~home^exp~trans~0.3~  spaced  ~﻿tag~Trip||en;
pickledger	|Trip^Trip^home|Trip
archacct	a0~_^a1~_^a2~0^a3~0|a0^|
pickacct	a0~0^a1~_^a2~0^a3~1|a1^a1|
pickacct	a0~0^a1~1^a2~_^a3~0|a9^|
notes	xfer~zz~coffee~9~0^xfer~zz~~2~1700000000000^xfer~zz~coffee~-2~_^exp~food~~2~1700000000000^xfer~zz~~14~_|xfer,zz,3|
search	exp~rent~1e21~ΑΣ~_~|>0.3|zh;
archledger	|^work^home|Trip
notes	inc~zz~~-4~_^xfer~~coffee~6~_^inc~zz~  lunch  ~-3~1700000000000^xfer~~~-1~0^xfer~~tea~16~0^xfer~~lunch~17~1700000000000^exp~~﻿coffee~19~_|xfer,,0|
archledger	home^trip^work||trip
search	exp~rent~1e21~﻿coffee~﻿tag~_|>=100|en;
archledger	home^trip^work^|work^home|work
search	inc~~100~İstanbul~~Trip^inc~rent~99.995~kfc~_~Trip^xfer~zz~10.5~kfc~﻿tag~trip^inc~zz~0.30000000000000004~ΑΣ~~home|work|zh;
notes	inc~rent~~-5~1700000000000^exp~food~coffee~6~_^inc~rent~coffee~20~0^inc~rent~tea~15~0^inc~~﻿coffee~12~_|inc,rent,20|
search	xfer~rent~-0~ΑΣ~work~home^exp~trans~0~coffee~~home||en;trans::自定义:Custom
pickledger	home|trip|Trip
notes	xfer~trans~lunch~-4~_^xfer~trans~tea~-3~1700000000000^xfer~trans~lunch~7~_^xfer~trans~  lunch  ~-3~_|xfer,trans,1|
archacct	||
pickacct	a0~_^a1~0||
search	exp~rent~-3~Lunch~_~^xfer~food~0~>abc~~_|99.995|zh;
pickacct	|a9|
pickledger	home^trip^work|home|trip
archledger	home^trip^work||Trip
archacct	a0~0^a1~1^a2~_^a3~1|a1|
notes	xfer~~  lunch  ~6~_^exp~zz~_~13~_|exp,trans,1|
archledger	home^trip|home^|trip
search	xfer~food~0.3~Σ~﻿tag~_^exp~trans~0~>abc~work;food~Trip^exp~zz~1~>abc~work~^exp~trans~0.3~strasse~work~trip|> 100 x|zh;
pickacct	a0~_^a1~0^a2~1^a3~_^a4~1|a0|
search	exp~food~100~LUNCH~~trip^exp~rent~1e21~straSSe~﻿tag~Trip| |en;
pickacct	a0~_^a1~1^a2~0^a3~0^a4~_|a9|
notes	exp~zz~_~19~_^exp~trans~tea~3~0|exp,trans,0|
search	xfer~zz~nan~lunch~work;food~trip^exp~trans~100~kfc~﻿tag~home^exp~trans~-3~100~﻿tag~^inc~food~-3~﻿coffee~work;food~_| |zh;
archacct	a0~_^a1~1^a2~_^a3~_^a4~0||
pickacct	a0~1^a1~1|^a0|
pickacct	a0~_^a1~1|a9^a0|
search	inc~~10.5~İstanbul~work;food~Trip^exp~rent~nan~Σ~﻿tag~trip^exp~trans~10.5~coffee~~trip^exp~rent~-3~kfc~work~trip^xfer~trans~0.3~>abc~﻿tag~_|100|en;
pickacct	a0~_|a0|
archacct	a0~1^a1~_|a1^a0|
notes	inc~trans~  lunch  ~19~0^inc~trans~coffee~11~1700000000000^inc~trans~tea~2~0^_~food~coffee~20~0^inc~trans~﻿coffee~17~_^inc~trans~  lunch  ~2~0|inc,trans,6|
search	exp~food~0~ΑΣ~﻿tag~trip^exp~rent~nan~Lunch~~_|>=100|zh;
notes	inc~rent~lunch~16~_^inc~rent~lunch~0~_^exp~food~coffee~3~0^inc~rent~coffee~7~_^inc~rent~﻿coffee~8~_^inc~rent~  lunch  ~18~1700000000000^xfer~~﻿coffee~7~0|inc,rent,3|
pickledger	home^trip^work|work|home
search	inc~food~nan~lunch~﻿tag~_^xfer~food~nan~ΑΣ~work~home^inc~zz~0.3~coffee~work;food~^inc~rent~1e21~Σ~_~_|strasse|zh;
search	exp~food~100~肯德基~work~trip^exp~food~0~İstanbul~~_^exp~zz~0.3~kfc~_~_|coffee|zh;
archledger	home^trip|work|
pickacct	|a1^a0|
notes	exp~trans~_~5~0^exp~trans~~7~_^exp~trans~lunch~2~0^exp~trans~﻿coffee~-5~_^exp~trans~lunch~18~_|exp,trans,6|
search	exp~zz~0.30000000000000004~Lunch~﻿tag~Trip^inc~zz~1~ΑΣ~work;food~^xfer~food~-0~  spaced  ~﻿tag~_|>=100|zh;
archacct	|a0|
notes	inc~rent~coffee~15~0^exp~zz~coffee~3~_^inc~rent~lunch~10~1700000000000^inc~rent~﻿coffee~6~1700000000000^inc~rent~lunch~20~_|inc,rent,20|
notes	inc~zz~~15~0^inc~zz~tea~19~1700000000000^inc~zz~lunch~-4~_^inc~zz~coffee~-1~0^inc~zz~﻿coffee~15~0|inc,zz,6|
pickledger	home^trip^work|trip^home|
archacct	a0~_^a1~1^a2~1^a3~_^a4~1|^|
archacct	a0~_|a1|
archacct	a0~0||
pickacct	a0~1^a1~_^a2~_^a3~_^a4~_|a0|
search	xfer~food~0.3~Istanbul~work~_^inc~zz~0~Lunch~work~Trip^inc~rent~0.30000000000000004~Σ~_~^exp~food~0.30000000000000004~ΑΣ~work;food~_|>abc|zh;
search	exp~rent~nan~100~﻿tag~^xfer~trans~-0~﻿coffee~~home^xfer~zz~99.995~100~~home|>=|zh;
search	exp~zz~0.30000000000000004~straSSe~work~Trip|>　100|en;zz::自定义:Custom
notes	inc~trans~﻿coffee~3~_^inc~trans~tea~6~0^inc~trans~lunch~4~1700000000000^inc~trans~coffee~-3~0^inc~trans~_~18~_|inc,trans,20|
search	exp~rent~99.995~肯德基~work;food~_^exp~food~1e21~  spaced  ~work~Trip^inc~rent~0~Istanbul~~Trip^exp~trans~1~~work~||en;
notes	inc~zz~coffee~19~0^inc~zz~_~-3~0^inc~zz~﻿coffee~8~_^inc~zz~lunch~-1~0^xfer~zz~  lunch  ~10~1700000000000|inc,zz,20|
search	xfer~~10.5~İstanbul~~_^exp~~1e21~coffee~_~|<=100|en;
pickacct	a0~0^a1~_|a0^a0|
pickledger	home^trip^work^^Trip||trip
pickacct	||
pickledger	home^trip^work^|work^trip^work|trip
pickacct	|a0|
search	exp~food~1~  spaced  ~﻿tag~home^exp~~-0~ΑΣ~work~^exp~food~-3~strasse~﻿tag~Trip^exp~~100~lunch~work~|=0.30000000000000004|en;::自定义:Custom
pickacct	a0~_^a1~0^a2~0||
notes	exp~zz~coffee~5~0^_~food~tea~9~1700000000000^exp~trans~_~18~0^exp~food~lunch~1~_^exp~trans~~20~_^exp~trans~coffee~20~0^exp~trans~coffee~11~_|exp,trans,1|
notes	inc~food~  lunch  ~15~_^inc~food~﻿coffee~16~_^inc~food~  lunch  ~3~_^_~food~tea~16~1700000000000^inc~food~﻿coffee~18~0^inc~zz~  lunch  ~4~0^inc~food~﻿coffee~7~_|inc,food,6|
pickacct	a0~_^a1~0||
archledger	home^trip|home|work
search	exp~trans~1~  spaced  ~work;food~trip^xfer~rent~99.995~strasse~work;food~trip^exp~food~1e21~strasse~_~trip|﻿lunch|en;
search	inc~food~1e21~straSSe~_~|LUNCH|en;
search	exp~zz~99.995~~work~|Ας|zh;
notes	_~food~coffee~-5~_^xfer~zz~coffee~4~1700000000000^exp~food~coffee~-3~_^xfer~zz~﻿coffee~19~_^xfer~zz~tea~4~0^xfer~zz~lunch~12~_^xfer~food~tea~1~1700000000000|xfer,zz,1|
search	xfer~zz~100~coffee_BOM~_~trip|lunch_BOM|zh;
archacct	a0~_^a1~1|a0|
notes	_~~coffee~4~_^xfer~zz~tea~5~_^xfer~zz~coffee~12~0^xfer~zz~tea~-4~_|xfer,zz,0|
pickacct	a0~1|a1|
notes	xfer~~tea~-1~0^exp~trans~coffee~15~_^xfer~~lunch~4~0|xfer,,3|
search	exp~zz~100~﻿coffee~work;food~Trip^exp~trans~0.30000000000000004~Istanbul~work~_^xfer~trans~0.30000000000000004~Σ~work~trip^inc~trans~-3~Lunch~~Trip^exp~~-3~coffee_BOM~~Trip|Ας|en;
pickacct	a0~_^a1~0^a2~1|a1^a0|
notes	inc~trans~﻿coffee~-2~_^inc~trans~lunch~7~_^_~rent~coffee~17~_^inc~trans~  lunch  ~18~1700000000000|inc,trans,1|
notes	exp~zz~lunch~8~_^inc~rent~~13~1700000000000|inc,,20|
search	xfer~trans~1e21~Σ~~_^exp~rent~0.3~ΑΣ~work;food~|﻿lunch|zh;
search	exp~~1~strasse~﻿tag~home^inc~rent~1e21~coffee~work;food~Trip^exp~trans~1~_~_~home^inc~rent~99.995~_~work;food~^xfer~~1e21~>abc~﻿tag~|>　100|en;rent::自定义:Custom
pickledger	|Trip^^work|home
search	exp~trans~10.5~100~work;food~^exp~food~99.995~肯德基~~trip^exp~trans~0.3~>abc~~Trip|> 100|zh;
search	exp~food~-0~肯德基~﻿tag~^inc~food~0~ΑΣ~_~^exp~zz~-3~﻿coffee~work~_|food|en;
notes	xfer~zz~coffee~-4~0^xfer~rent~﻿coffee~-1~_^xfer~zz~lunch~1~0^xfer~zz~~6~1700000000000^xfer~zz~_~5~_^xfer~zz~lunch~19~1700000000000^xfer~zz~_~14~_|xfer,zz,1|
archledger	home^trip^work||home
archacct	|^a9|
search	exp~~1~coffee~﻿tag~Trip|i̇stanbul|en;::自定义:Custom
notes	exp~rent~lunch~0~0^inc~trans~_~4~_^inc~trans~~6~_^inc~trans~_~-2~_^inc~trans~coffee~13~_|inc,trans,6|
notes	xfer~food~﻿coffee~4~_^xfer~food~tea~12~_|xfer,food,1|
search	exp~food~nan~coffee~work;food~_^xfer~trans~1e21~~work~|>　100|en;
search	exp~~-0~肯德基~work;food~home|>=|en;::自定义:Custom
search	exp~rent~1e21~Σ~~home^exp~rent~0.30000000000000004~_~~home|﻿lunch|en;
archacct	a0~1^a1~_^a2~1^a3~1|a9^a1|
search	xfer~rent~1~LUNCH~~_^xfer~trans~100~~work;food~^xfer~rent~0.30000000000000004~İstanbul~work~_^exp~trans~0.3~strasse~work~home|food|zh;
notes	|exp,rent,3|
search	inc~rent~-3~Σ~_~Trip^inc~~nan~coffee~work;food~trip^xfer~~0.30000000000000004~coffee~work;food~Trip|1e+21|zh;
notes	_~trans~﻿coffee~3~1700000000000|xfer,rent,20|
archacct	a0~1^a1~_^a2~0^a3~1^a4~0|a9|
notes	xfer~rent~lunch~9~_^exp~zz~coffee~-1~_|xfer,rent,0|
search	exp~trans~0.3~LUNCH~_~trip^inc~zz~10.5~kfc~~|>100abc|en;
search	xfer~~0.30000000000000004~coffee~_~home^xfer~trans~99.995~Σ~_~^xfer~food~0.3~~_~^inc~food~99.995~straSSe~work~home|>=|zh;
search	exp~~0.30000000000000004~_~_~^exp~~100~肯德基~~Trip^exp~rent~-3~Σ~_~^inc~zz~10.5~Σ~﻿tag~Trip^exp~food~0~ΑΣ~work~|lunch|en;
notes	exp~food~lunch~19~1700000000000^exp~food~  lunch  ~-3~0^exp~food~coffee~12~1700000000000^exp~food~coffee~8~1700000000000^exp~food~coffee~4~_^exp~food~_~-2~0^exp~food~﻿coffee~19~1700000000000|exp,food,3|
search	exp~trans~nan~coffee_BOM~work~_|>-1|en;
pickacct	a0~_^a1~0^a2~_^a3~_^a4~_|a1|
search	inc~rent~1e21~Lunch~work~^xfer~zz~1e21~Lunch~work;food~home^xfer~rent~nan~coffee~_~trip|肯德基|en;
pickacct	||
search	exp~food~1~﻿coffee~﻿tag~_^inc~zz~0.3~_~_~_^exp~~-0~strasse~~home|=100|en;
archledger	||home
archacct	|a0^|
pickledger	home^trip^work^^Trip||work
pickacct	a0~1^a1~0^a2~1^a3~_||
pickledger	home|trip|Trip
notes	xfer~rent~lunch~20~_^inc~trans~﻿coffee~8~_^xfer~rent~tea~12~_^xfer~rent~tea~17~0^xfer~rent~coffee~10~_^exp~rent~coffee~3~_|xfer,rent,3|
notes	exp~zz~coffee~-3~_^exp~zz~  lunch  ~19~1700000000000^exp~zz~lunch~11~1700000000000^exp~zz~~7~1700000000000^exp~zz~tea~10~_^exp~zz~tea~20~1700000000000|exp,zz,3|
notes	exp~food~  lunch  ~2~0^xfer~zz~lunch~5~0^exp~food~_~12~1700000000000^exp~food~_~-5~0^exp~food~tea~8~0^exp~food~lunch~13~_|exp,food,20|
pickacct	a0~_^a1~0^a2~1^a3~1^a4~1||
search	exp~food~nan~~~|food|zh;trans::自定义:Custom
search	inc~~1~Σ~_~_^exp~trans~100~coffee~~_^exp~zz~10.5~100~work;food~Trip^xfer~rent~-3~coffee~﻿tag~^inc~rent~10.5~  spaced  ~﻿tag~home|>100abc|en;trans::自定义:Custom
notes	xfer~rent~coffee~-3~_^inc~rent~_~-3~1700000000000^xfer~rent~  lunch  ~6~1700000000000^xfer~rent~_~-3~_|xfer,rent,3|
pickledger	home^trip^work^^Trip|Trip^|home
search	exp~~1~coffee~﻿tag~Trip|99.995|zh;food::自定义:Custom
archacct	a0~_||
notes	xfer~food~coffee~0~1700000000000^xfer~food~_~20~0^xfer~food~﻿coffee~2~1700000000000^inc~zz~coffee~-4~_|xfer,food,1|
archledger	home^trip^work|Trip^work|home
pickledger	home^trip^work|trip^work^|work
pickledger	home^trip^work^|home^home^trip|work
pickacct	||
search	inc~trans~nan~İstanbul~~_^exp~rent~0.3~Lunch~work~_|> 100 x|en;
search	xfer~zz~-3~Lunch~~trip^exp~zz~1e21~İstanbul~﻿tag~Trip^inc~food~0~Istanbul~work~Trip|99.995|en;
notes	xfer~zz~  lunch  ~-4~1700000000000^xfer~zz~lunch~6~_|xfer,zz,0|
pickledger	home^trip^work^^Trip||Trip
pickledger	home^trip^work^|^trip^|work
archacct	a0~0^a1~_^a2~1^a3~1||
pickacct	a0~_^a1~0|a9|
pickledger	||work
archledger	|work^work^|trip
notes	xfer~trans~coffee~-4~0^exp~zz~tea~11~_^exp~~lunch~10~_^exp~zz~~-2~0|exp,zz,1|
pickacct	a0~0|^|
notes	inc~zz~﻿coffee~5~0^inc~zz~tea~12~0^inc~zz~tea~18~_^inc~zz~coffee~8~1700000000000^inc~zz~﻿coffee~-2~1700000000000^inc~zz~~9~0^inc~zz~~12~1700000000000^inc~trans~_~1~1700000000000|inc,zz,0|
archacct	a0~0^a1~_^a2~0^a3~_||
archledger	home^trip^work|Trip^trip|Trip
archledger	home^trip|Trip|Trip
pickledger	home^trip^work^|trip|home
search	xfer~trans~1e21~İstanbul~﻿tag~Trip^xfer~zz~0~﻿coffee~﻿tag~_^exp~food~nan~ΑΣ~work~_^inc~trans~0.3~coffee_BOM~~home|=nan|zh;
search	exp~food~-3~  spaced  ~~trip^exp~food~1~Istanbul~﻿tag~Trip^exp~food~100~_~_~trip^exp~trans~0.3~lunch~~_|<=100|zh;
archacct	a0~0|^a0|
pickacct	a0~1^a1~1^a2~1^a3~_^a4~_|a1|
pickledger	home^trip|work|trip
search	inc~~100~Istanbul~work~home^xfer~rent~1e21~~_~trip|lunch|zh;rent::自定义:Custom
pickledger	|trip^^trip|home
notes	inc~rent~coffee~15~_^inc~rent~lunch~3~0^inc~rent~coffee~16~_^exp~~lunch~-3~_|inc,rent,1|
pickledger	home^trip^work^|work^trip|Trip
pickacct	|a0|
search	xfer~food~1e21~肯德基~~Trip^exp~zz~0.30000000000000004~İstanbul~﻿tag~Trip|>abc|zh;
archacct	a0~1^a1~0|a1|
search	exp~trans~0.30000000000000004~_~~home|99.995|en;
search	exp~trans~0.3~ΑΣ~_~Trip|lunch|en;
search	exp~trans~1~kfc~work~^exp~food~1~coffee~~^exp~~0.30000000000000004~Istanbul~~Trip|LUNCH|zh;
pickacct	a0~1^a1~0^a2~1|a1^a9|
pickledger	home^trip^work^||trip
search	xfer~zz~1e21~kfc~_~|=100|en;
search	exp~rent~100~~~home^inc~zz~0.3~strasse~_~trip^exp~~1e21~LUNCH~~home|Ας|en;
search	exp~trans~100~_~work;food~Trip^exp~~0.30000000000000004~100~work;food~Trip^exp~rent~1e21~LUNCH~_~home|>=100|en;trans::自定义:Custom
pickledger	home^trip^work^||work
archledger	home^trip^work^^Trip||trip
search	exp~~100~LUNCH~﻿tag~_^exp~food~0~  spaced  ~_~^inc~trans~1~_~work;food~Trip^exp~~0.30000000000000004~肯德基~work~_^xfer~zz~1~LUNCH~work;food~_|<100|zh;
search	inc~zz~0.3~  spaced  ~work~_|1e+21|en;
pickacct	a0~1^a1~_^a2~0^a3~1^a4~1|^|
pickacct	a0~_^a1~_^a2~1^a3~_^a4~_|a0|
pickledger	home^trip^work|trip^trip^|trip
pickledger	home^trip|home^work^trip|trip
pickledger	home|work|trip
search	inc~zz~10.5~>abc~_~Trip^xfer~food~100~_~work~trip|>100abc|zh;
search	exp~zz~0~Σ~work;food~^exp~zz~1~  spaced  ~work;food~trip^inc~~-0~straSSe~_~_^xfer~~1~straSSe~﻿tag~^inc~rent~0.30000000000000004~Istanbul~_~home|>=100|en;zz::自定义:Custom
search	exp~food~1e21~straSSe~~|>=100|en;food::自定义:Custom
archacct	a0~_^a1~_|a9|
search	inc~rent~1~kfc~~trip^exp~~99.995~ΑΣ~_~home^exp~food~10.5~straSSe~work;food~Trip|>﻿100|en;food::自定义:Custom
archledger	|trip|home
search	exp~rent~99.995~kfc~work;food~_^exp~food~nan~>abc~﻿tag~home^xfer~zz~0.30000000000000004~LUNCH~﻿tag~home^xfer~~0.30000000000000004~strasse~work~trip^exp~rent~0.3~100~~home|>abc|en;
archacct	a0~1||
notes	inc~food~tea~8~_|exp,rent,3|
search	exp~zz~-3~肯德基~work;food~_^xfer~trans~100~straSSe~work;food~home^xfer~rent~100~肯德基~﻿tag~trip^xfer~rent~99.995~coffee_BOM~﻿tag~_^xfer~food~0~strasse~work~_|food|en;
search	xfer~zz~1~肯德基~_~Trip|trip|zh;
search	xfer~~nan~﻿coffee~﻿tag~_|=100|en;trans::自定义:Custom
pickledger	home^trip^work^^Trip|^home|work
search	xfer~rent~0~>abc~﻿tag~Trip^exp~rent~100~strasse~~_^exp~~99.995~coffee~work;food~_^exp~food~10.5~  spaced  ~~trip^exp~~-3~ΑΣ~﻿tag~trip|>0.3|zh;
archledger	|^^Trip|work
search	xfer~trans~0.3~ΑΣ~﻿tag~^xfer~~10.5~coffee~_~trip^exp~rent~-3~﻿coffee~~Trip^xfer~zz~0.30000000000000004~İstanbul~work;food~trip|<100|en;
pickledger	home^trip^work^||home
pickledger	|Trip^home^Trip|trip
search	inc~~-3~~﻿tag~^xfer~trans~-0~coffee_BOM~work;food~^exp~food~10.5~Lunch~work~home^exp~trans~0~>abc~_~home^xfer~~99.995~İstanbul~work~|> 100|en;
search	inc~rent~-3~  spaced  ~~_|food|zh;
search	inc~trans~99.995~Istanbul~work;food~Trip^inc~trans~nan~coffee_BOM~_~trip|Ας|en;
notes	xfer~food~﻿coffee~17~_^xfer~food~tea~4~1700000000000^xfer~food~~9~_^xfer~food~lunch~3~_^xfer~food~_~7~1700000000000^xfer~food~  lunch  ~19~_|xfer,food,6|
archacct	a0~_^a1~0^a2~1^a3~1||
notes	xfer~trans~lunch~16~1700000000000^xfer~trans~coffee~17~1700000000000^exp~zz~_~4~_^xfer~trans~lunch~13~_^xfer~trans~coffee~17~_|xfer,trans,20|
pickledger	home|home^work|trip
search	exp~food~-3~coffee~work;food~Trip^exp~zz~1e21~~~_|lunch|en;
search	inc~~99.995~_~work;food~Trip^exp~zz~-3~kfc~work;food~_|LUNCH|en;trans::自定义:Custom
notes	xfer~zz~  lunch  ~-4~1700000000000|xfer,zz,1|
pickledger	home|Trip^Trip|home
notes	exp~food~lunch~3~1700000000000|exp,trans,6|
notes	|inc,zz,1|
search	inc~trans~0~straSSe~work;food~trip^inc~trans~99.995~﻿coffee~~|>=|en;
notes	|exp,,20|
search	exp~~0.30000000000000004~coffee~_~Trip^exp~food~100~lunch~_~trip^xfer~zz~10.5~coffee_BOM~work~^exp~food~1e21~Lunch~~trip^exp~rent~99.995~coffee_BOM~work~|99.995|en;
archacct	a0~_^a1~_^a2~1^a3~_^a4~1|a9^|
archacct	a0~1^a1~0^a2~0^a3~_^a4~1|a1^|
notes	exp~food~_~-1~0|exp,food,6|
search	exp~food~-0~straSSe~~^xfer~rent~1e21~lunch~work~trip^xfer~food~10.5~strasse~_~Trip^xfer~food~0.30000000000000004~kfc~﻿tag~Trip^inc~zz~0.30000000000000004~İstanbul~work~_|work|zh;
pickacct	a0~_^a1~_^a2~0^a3~_^a4~_||
notes	inc~trans~coffee~10~_^inc~trans~coffee~8~_^inc~trans~﻿coffee~3~0^inc~trans~lunch~2~_^inc~trans~coffee~11~_|inc,trans,3|
notes	inc~~lunch~8~1700000000000^exp~rent~~-1~_|inc,,6|
search	exp~rent~nan~>abc~﻿tag~^exp~zz~1~coffee_BOM~work;food~^exp~rent~nan~İstanbul~_~Trip|i̇stanbul|zh;
archledger	home^trip^work^|Trip^Trip|home
notes	inc~zz~~20~_^exp~rent~lunch~0~_^exp~food~lunch~5~_|exp,food,3|
pickledger	home^trip^work^||trip
pickacct	a0~0^a1~0^a2~1^a3~_^a4~1|a0|
notes	inc~trans~﻿coffee~14~_^inc~trans~coffee~8~_^inc~trans~﻿coffee~10~1700000000000^inc~trans~  lunch  ~15~_|inc,trans,1|
search	exp~~1e21~Lunch~_~trip^exp~rent~100~LUNCH~~_^exp~~-3~coffee~work;food~^inc~rent~nan~Lunch~~home^exp~trans~1~coffee_BOM~~trip|>-1|zh;food::自定义:Custom
search	inc~zz~nan~_~_~^inc~rent~nan~_~﻿tag~Trip^exp~trans~0.30000000000000004~İstanbul~_~Trip^xfer~food~-0~LUNCH~﻿tag~Trip^xfer~rent~99.995~lunch~work;food~Trip| |en;
search	xfer~rent~100~Σ~_~trip^exp~trans~1~100~work~home|<100|en;
notes	exp~~~19~0^exp~~coffee~12~0^exp~~lunch~5~0^exp~~coffee~-4~1700000000000^exp~~coffee~13~1700000000000^exp~~﻿coffee~12~_^exp~food~tea~5~_|exp,,6|
search	exp~~100~lunch~﻿tag~home^exp~rent~0.30000000000000004~100~work~_^inc~~-0~straSSe~~trip^xfer~food~-3~Istanbul~work;food~|<100|en;
archledger	home|home^Trip|Trip
archledger	home^trip|home^home^home|Trip
notes	|xfer,food,1|
archledger	|Trip|Trip
search	inc~rent~10.5~coffee~work~_^exp~trans~-3~lunch~﻿tag~trip|> 100|zh;
pickledger	home^trip^work|^|
search	exp~~0.3~Istanbul~work;food~trip^inc~trans~0.30000000000000004~  spaced  ~~trip||en;
search	exp~food~10.5~Istanbul~_~trip^exp~~1~lunch~work;food~home^exp~trans~-0~Σ~_~_^xfer~rent~1~  spaced  ~work;food~home|=0.30000000000000004|zh;
notes	exp~~lunch~-5~1700000000000|exp,,20|
notes	exp~zz~tea~-1~0^_~trans~lunch~-3~_^exp~zz~  lunch  ~-4~_|exp,zz,6|
notes	inc~trans~lunch~19~_^inc~trans~lunch~6~0^inc~trans~coffee~15~_|inc,trans,20|
notes	xfer~trans~coffee~17~1700000000000^xfer~trans~lunch~7~_^xfer~trans~  lunch  ~15~1700000000000^xfer~trans~_~17~_^xfer~trans~~8~_|xfer,trans,6|
notes	exp~rent~coffee~10~1700000000000^inc~trans~coffee~10~1700000000000^xfer~~_~5~0^inc~trans~coffee~5~1700000000000|inc,trans,20|
search	xfer~food~10.5~lunch~﻿tag~trip^inc~rent~-0~  spaced  ~_~^exp~rent~-3~Lunch~﻿tag~^inc~rent~99.995~lunch~work;food~trip^xfer~food~100~Σ~﻿tag~home|trip|en;
search	exp~zz~-3~coffee~~Trip|>0.3|zh;
notes	_~trans~coffee~10~1700000000000^inc~trans~tea~-3~0|inc,trans,1|
notes	xfer~rent~coffee~12~1700000000000|xfer,rent,20|
archledger	home^trip^work^|trip^^Trip|Trip
notes	inc~zz~coffee~0~1700000000000^exp~~~4~1700000000000^exp~~tea~-1~0^exp~~coffee~20~_^exp~~coffee~1~0^exp~~coffee~-3~_^exp~zz~﻿coffee~13~1700000000000^exp~~coffee~-3~_|exp,,6|
search	exp~~100~strasse~work~^xfer~trans~nan~_~_~Trip|work|en;zz::自定义:Custom
search	inc~trans~-3~_~~^exp~~-3~coffee~work~^exp~trans~nan~lunch~_~_| |en;
notes	xfer~trans~_~16~_^xfer~trans~lunch~9~_^xfer~rent~_~16~_^xfer~trans~tea~11~_^xfer~trans~  lunch  ~11~0^xfer~trans~coffee~13~1700000000000^xfer~trans~~7~1700000000000|xfer,trans,20|
archacct	a0~0^a1~_^a2~1^a3~_|a1|
search	xfer~zz~100~>abc~﻿tag~Trip|trip|zh;
search	exp~food~100~_~~Trip^xfer~food~0.3~>abc~work;food~home|lunch_BOM|en;
search	exp~food~10.5~coffee~_~trip^inc~food~0~LUNCH~~home^exp~rent~1~straSSe~work~trip|10.5|en;rent::自定义:Custom
pickacct	a0~0^a1~1^a2~0^a3~0|a9^|
pickledger	|work|Trip
notes	inc~rent~lunch~0~1700000000000^inc~rent~tea~0~0^inc~rent~coffee~12~0^exp~~lunch~7~_^inc~rent~lunch~5~1700000000000|inc,rent,1|
notes	exp~food~coffee~2~0^exp~food~lunch~12~_^exp~food~~-5~1700000000000^exp~food~lunch~14~_^xfer~rent~coffee~7~_|exp,food,3|
pickledger	home^trip|Trip^Trip|trip
pickledger	|home^trip|home
search	exp~trans~100~>abc~~home^exp~trans~nan~coffee~_~Trip^exp~trans~1~straSSe~_~^inc~rent~0.3~kfc~work;food~_|work|zh;
search	inc~~1e21~straSSe~work;food~Trip^inc~food~nan~lunch~work~Trip^exp~zz~10.5~Istanbul~﻿tag~home^inc~trans~1e21~straSSe~~_|>　100|en;
notes	inc~food~~-5~0^inc~food~coffee~1~_^inc~food~coffee~12~1700000000000^inc~food~coffee~-5~0^inc~food~_~-3~_^inc~food~coffee~9~_^inc~food~  lunch  ~20~1700000000000|inc,food,20|
notes	exp~trans~~-1~1700000000000^exp~trans~_~18~_^inc~~~18~0^exp~trans~~2~_|exp,trans,6|
notes	xfer~food~tea~18~0|xfer,food,0|
search	exp~~1e21~LUNCH~~Trip||en;
search	exp~zz~0.30000000000000004~  spaced  ~﻿tag~^inc~~99.995~_~work~home|lunch|zh;
search	exp~rent~10.5~İstanbul~work~_|>　100|en;
search	exp~zz~100~Lunch~_~home^exp~food~100~ΑΣ~~^xfer~trans~99.995~Σ~work;food~^xfer~~-3~LUNCH~_~_|strasse|en;
archacct	a0~1|a0^a0|
search	exp~zz~-3~~work;food~home^exp~trans~1~>abc~work~^exp~~1e21~strasse~work;food~home^inc~~100~Σ~~_^exp~food~10.5~﻿coffee~work;food~trip|﻿lunch|en;
archacct	a0~_^a1~0^a2~_^a3~0|a1|
search	xfer~rent~10.5~lunch~~Trip^xfer~~10.5~coffee~work~home^exp~zz~-3~肯德基~~^xfer~rent~100~>abc~﻿tag~^exp~zz~1~lunch~~trip|=nan|en;
pickacct	a0~1^a1~1^a2~_^a3~1^a4~_|a0^a9|
pickacct	a0~_^a1~_^a2~0^a3~0^a4~_||
notes	inc~zz~lunch~2~_^inc~zz~﻿coffee~8~_^inc~zz~lunch~0~_|inc,zz,0|
notes	inc~~coffee~17~_|inc,,20|
notes	xfer~rent~coffee~9~_^xfer~food~_~16~_^xfer~food~﻿coffee~7~0|xfer,food,20|
archledger	home^trip^work^||work
archacct	a0~_|a0|
archledger	home^trip|work^Trip^work|trip
archledger	home|Trip^home^home|
pickacct	a0~1^a1~_^a2~1^a3~1|a9|
pickacct	a0~1^a1~0^a2~_^a3~1^a4~_|a1^a0|
search	xfer~trans~-3~Istanbul~﻿tag~trip^exp~~10.5~kfc~work~^inc~~-3~coffee_BOM~~home^exp~zz~nan~~work;food~trip^exp~rent~10.5~Lunch~work~_|<=100|zh;
search	xfer~~1e21~Istanbul~﻿tag~_^inc~rent~0.3~Istanbul~~_^exp~zz~100~coffee_BOM~_~trip|> 100|zh;food::自定义:Custom
notes	|exp,trans,0|
search	inc~food~0.3~~work~_^exp~~-3~İstanbul~﻿tag~^exp~rent~1~İstanbul~~home|> 100|zh;
pickledger	home^trip||Trip
archacct	a0~1^a1~0||
pickacct	a0~1||
archledger	home^trip^work|trip^^Trip|trip
pickacct	a0~_||
archledger	home^trip||trip
notes	|inc,rent,6|
notes	_~zz~  lunch  ~20~1700000000000^exp~food~lunch~7~_^exp~food~coffee~18~_^exp~food~coffee~14~1700000000000^exp~food~tea~20~1700000000000^exp~food~coffee~15~_^exp~food~lunch~10~_|exp,food,0|
search	xfer~zz~0.30000000000000004~﻿coffee~﻿tag~Trip|lunch_BOM|en;
notes	exp~rent~_~12~1700000000000^exp~rent~~18~0^exp~rent~lunch~5~1700000000000^_~zz~﻿coffee~2~_^exp~rent~  lunch  ~4~0^exp~rent~coffee~20~_^exp~rent~_~15~1700000000000^exp~rent~lunch~5~_|exp,rent,1|
pickacct	a0~0^a1~1^a2~0||
pickledger	home^trip^work|trip^home|home
pickacct	||
search	inc~zz~10.5~  spaced  ~﻿tag~trip^xfer~~99.995~>abc~work~_^inc~trans~0.3~LUNCH~_~Trip| |zh;
notes	xfer~trans~~7~_^xfer~trans~~0~_|xfer,trans,3|
pickacct	a0~0^a1~0^a2~1^a3~1^a4~_|a9^a0|
notes	xfer~trans~lunch~4~0^_~trans~tea~12~_^xfer~trans~_~-5~_^xfer~trans~_~14~_|xfer,trans,1|
pickacct	a0~0^a1~_|^a0|
search	exp~zz~100~İstanbul~work~Trip^inc~rent~99.995~İstanbul~_~^exp~trans~99.995~coffee~_~trip^xfer~~-3~strasse~work;food~_|work|zh;
pickacct	a0~_|a0|
pickacct	a0~_^a1~_^a2~_|a9^|
search	inc~rent~10.5~strasse~_~trip^exp~food~99.995~﻿coffee~﻿tag~home|coffee|en;
archledger	home^trip^work^^Trip|Trip|home
notes	exp~zz~coffee~-4~1700000000000^xfer~~lunch~17~_^xfer~~tea~8~0|xfer,,0|
search	inc~zz~100~  spaced  ~work~home^inc~~1~~~Trip^inc~zz~nan~strasse~~|>　100|zh;
pickledger	home^trip^work^^Trip|work|Trip
archledger	home^trip^work^|home|Trip
archledger	home^trip^work^^Trip|trip^|
notes	|inc,,0|
archledger	home^trip^work^|home|home
notes	|inc,,1|
search	inc~rent~99.995~肯德基~work;food~trip^exp~rent~1~100~_~trip^xfer~~nan~kfc~﻿tag~^inc~zz~1e21~~~|1e+21|zh;
notes	inc~~coffee~3~0^_~trans~coffee~5~_^inc~~﻿coffee~4~0^inc~~coffee~18~_^inc~~coffee~15~_|inc,,0|
search	inc~rent~100~straSSe~﻿tag~_^exp~zz~-0~>abc~_~home|lunch|zh;rent::自定义:Custom
archacct	a0~0^a1~0^a2~_^a3~1|a0^a1|
search	inc~food~1e21~kfc~~home^exp~rent~0.30000000000000004~_~﻿tag~_^exp~trans~100~~work~Trip^exp~food~100~ΑΣ~﻿tag~trip^exp~food~0.30000000000000004~straSSe~_~trip|>100abc|zh;zz::自定义:Custom
notes	xfer~food~lunch~-5~_^xfer~food~coffee~8~_^xfer~food~coffee~20~_^xfer~food~  lunch  ~4~_^xfer~food~lunch~17~0^xfer~food~﻿coffee~19~1700000000000|xfer,food,1|
pickledger	||work
search	exp~trans~0.30000000000000004~﻿coffee~~trip|>100|en;food::自定义:Custom
search	inc~food~0.30000000000000004~coffee~work~_^exp~trans~99.995~Lunch~_~home^exp~~-0~coffee~_~home^inc~~nan~肯德基~~_|10.5|en;
pickledger	home^trip^work^|work^Trip|trip
pickledger	home^trip^work|work^Trip^Trip|work
notes	exp~rent~_~-3~0|exp,rent,20|
archacct	||
notes	|inc,trans,1|
archacct	a0~_^a1~_^a2~1||
search	exp~zz~nan~kfc~work;food~home^inc~zz~1~~work~^inc~~-3~~~trip|lunch_BOM|zh;
search	exp~~-0~100~~home^exp~~1e21~Istanbul~work;food~trip^exp~~-3~coffee~work~home|100|zh;::自定义:Custom
archacct	a0~_^a1~0||
notes	xfer~food~coffee~8~_^xfer~food~coffee~3~1700000000000^xfer~food~~18~0|xfer,food,1|
search	exp~trans~1e21~LUNCH~work;food~^inc~zz~nan~﻿coffee~work~^inc~zz~100~>abc~_~home|>100abc|zh;
notes	exp~zz~coffee~-3~_^exp~zz~~14~1700000000000^exp~trans~coffee~0~_^exp~zz~tea~2~_^exp~zz~tea~11~_^exp~zz~_~14~_^exp~zz~lunch~16~_^exp~zz~~-4~0|exp,zz,1|
archledger	home|trip|home
pickledger	home|^^Trip|
notes	|exp,trans,0|
pickledger	home^trip^work||work
search	exp~~10.5~straSSe~﻿tag~trip^xfer~rent~0~_~_~_^exp~zz~-0~LUNCH~work~home|> 100|zh;food::自定义:Custom
archledger	home^trip^work^^Trip|work^home^trip|Trip
notes	exp~food~lunch~-5~_^exp~food~  lunch  ~9~0^exp~food~_~8~_^exp~food~coffee~3~0^exp~food~lunch~20~0|exp,food,20|
pickledger	|work^work|work
notes	|xfer,,20|
pickledger	home|work^trip^|work
search	xfer~trans~1e21~﻿coffee~work;food~_^exp~food~-0~İstanbul~work~trip^xfer~zz~99.995~ΑΣ~work;food~|1e+21|zh;
pickledger	|home^Trip^trip|trip
pickledger	home^trip|Trip^work|Trip
notes	|inc,trans,6|
search	xfer~rent~-3~100~work~trip^xfer~trans~10.5~strasse~work~Trip^exp~food~100~strasse~﻿tag~^exp~rent~0.3~lunch~﻿tag~home|=nan|zh;
notes	xfer~zz~coffee~19~_^xfer~zz~﻿coffee~5~_^xfer~~lunch~-4~_^xfer~zz~coffee~3~_^exp~trans~coffee~5~_^xfer~zz~_~-2~_^_~trans~_~18~1700000000000^xfer~zz~coffee~-2~_|xfer,zz,0|
archacct	a0~1^a1~_^a2~0^a3~_^a4~1||
archacct	a0~0|a0|
archacct	a0~0^a1~0||
archledger	|Trip|home
search	inc~zz~-3~strasse~~^exp~~nan~coffee~work;food~Trip^inc~~1e21~~_~home^xfer~zz~99.995~肯德基~_~trip|>﻿100|zh;
search	xfer~rent~0.3~İstanbul~﻿tag~_^inc~zz~100~Lunch~~_^exp~trans~nan~lunch~work~^xfer~trans~-3~﻿coffee~work~Trip|i̇stanbul|en;
pickledger	home^trip^work^|work|work
notes	inc~rent~  lunch  ~0~_^inc~rent~  lunch  ~18~1700000000000^inc~rent~﻿coffee~9~1700000000000^inc~rent~lunch~2~0^inc~rent~  lunch  ~2~_^inc~rent~tea~18~0^inc~rent~lunch~-1~_^inc~rent~coffee~19~_|inc,rent,0|
archledger	home^trip^work^|work^home|work
search	xfer~~99.995~coffee~work;food~Trip^inc~trans~0.3~﻿coffee~work~_^exp~rent~1~coffee~~Trip^inc~~0.3~_~work~Trip|>=100|en;
notes	inc~rent~coffee~16~_^xfer~trans~tea~3~_^inc~rent~_~-2~_^inc~rent~~19~0^inc~rent~lunch~-1~0^inc~rent~~15~1700000000000^inc~rent~lunch~18~1700000000000|inc,rent,20|
archledger	home^trip^work||home
archledger	home|home^Trip^Trip|trip
notes	inc~trans~﻿coffee~17~1700000000000^inc~trans~coffee~0~_^_~rent~coffee~18~_^inc~trans~  lunch  ~20~_^inc~trans~  lunch  ~16~_^inc~trans~  lunch  ~-4~_|inc,trans,3|
search	exp~food~1e21~strasse~work~trip^exp~trans~100~100~work~trip|1e+21|zh;zz::自定义:Custom
search	inc~food~-3~kfc~work;food~^exp~~0.30000000000000004~Lunch~work;food~trip^exp~rent~-3~coffee~_~_|>　100|zh;zz::自定义:Custom
notes	inc~rent~coffee~0~1700000000000^exp~food~_~16~1700000000000^exp~food~tea~19~0^exp~rent~_~10~_^exp~food~lunch~5~1700000000000^exp~food~  lunch  ~11~_^exp~zz~~13~0^exp~food~coffee~0~_|exp,food,20|
pickacct	a0~0^a1~_^a2~_^a3~0^a4~_||
archledger	home|^|home
pickacct	a0~1^a1~_^a2~0^a3~0|a1|
pickledger	home^trip||work
notes	|inc,rent,6|
pickledger	home^trip^work^^Trip|work^Trip^work|work
search	inc~zz~nan~>abc~work~home^xfer~rent~0.30000000000000004~coffee_BOM~﻿tag~_|lunch|en;
pickacct	a0~_|^|
notes	xfer~zz~lunch~7~0^xfer~zz~tea~19~_^xfer~zz~tea~10~_^xfer~zz~coffee~7~_|xfer,zz,20|
notes	xfer~rent~coffee~12~_^xfer~food~lunch~17~_^xfer~food~_~11~1700000000000^exp~food~lunch~-1~0^xfer~food~~5~1700000000000|xfer,food,20|
pickledger	home^trip|^^Trip|home
pickledger	home^trip^work^^Trip|home^Trip^Trip|
pickacct	a0~1^a1~_^a2~1^a3~1^a4~_|a9|
archledger	home^trip|^work^Trip|trip
archacct	a0~_^a1~0|a0|
search	xfer~food~0.30000000000000004~coffee~_~_^xfer~zz~10.5~Σ~work;food~^exp~food~0~kfc~work~^xfer~rent~-0~lunch~~^exp~food~0.30000000000000004~Istanbul~work~Trip|>100|zh;
search	exp~~0.30000000000000004~coffee~work~home^xfer~trans~0.30000000000000004~coffee~~^inc~trans~1~Lunch~work;food~home|>=|zh;
search	xfer~zz~1~İstanbul~work;food~home^xfer~~nan~straSSe~work~_^exp~trans~99.995~ΑΣ~_~_^exp~trans~nan~﻿coffee~work;food~Trip^exp~food~100~﻿coffee~_~home|>0.3|zh;
pickacct	a0~1^a1~0^a2~1^a3~0^a4~1|a9|
archledger	|trip^trip|
pickledger	home^trip^work^|Trip^Trip^trip|Trip
search	inc~~0~Istanbul~work~home^xfer~trans~nan~lunch~work~home^exp~food~-0~LUNCH~~_^exp~zz~0.3~straSSe~~^inc~food~10.5~Istanbul~﻿tag~|﻿lunch|en;
pickacct	|a1^a1|
notes	exp~zz~tea~5~0^xfer~food~﻿coffee~0~_^xfer~rent~_~12~_^exp~~coffee~0~1700000000000^xfer~food~~-5~_|xfer,food,1|
search	inc~rent~0.3~coffee~_~trip|=0.3|en;
notes	xfer~food~coffee~12~_^xfer~food~  lunch  ~1~1700000000000|xfer,food,1|
search	xfer~food~0~肯德基~work;food~trip|lunch|en;
archacct	a0~1|a9|
notes	exp~rent~lunch~-3~_^exp~zz~lunch~10~0^xfer~food~lunch~19~_|xfer,food,6|
archacct	a0~0^a1~0^a2~1|^|
search	inc~food~-3~lunch~﻿tag~_^xfer~trans~0.3~strasse~_~^exp~food~100~100~~^inc~zz~1~coffee_BOM~~Trip^exp~zz~1~strasse~﻿tag~trip|﻿|zh;rent::自定义:Custom
search	exp~trans~-0~﻿coffee~_~home|food|en;
pickledger	home^trip^work^|work|home
notes	xfer~rent~﻿coffee~1~_^xfer~rent~coffee~13~0^xfer~rent~_~2~_^xfer~rent~~19~_^xfer~~lunch~0~_^xfer~rent~﻿coffee~-2~_^xfer~rent~~17~0^xfer~~_~20~_|xfer,rent,3|
search	xfer~zz~nan~~~home|Ας|zh;
notes	|exp,rent,0|
archledger	home|work|home
pickledger	home||
archacct	||
pickacct	a0~0^a1~_|a1^a9|
pickacct	a0~_^a1~0^a2~_||
archledger	home^trip|work|Trip
pickacct	a0~1^a1~0|^a1|
archledger	home|work^Trip^|
archacct	a0~1^a1~_^a2~0^a3~_^a4~1||
search	exp~rent~-0~coffee~~trip|<=100|zh;
archledger	home^trip^work^||home
search	exp~~0~coffee~﻿tag~trip^exp~rent~10.5~lunch~work~^inc~rent~-3~coffee~_~Trip^exp~~nan~Σ~_~trip^xfer~~nan~kfc~﻿tag~trip|> 100 x|en;
notes	_~trans~coffee~17~_^xfer~rent~coffee~13~0^_~~coffee~-3~1700000000000^xfer~rent~lunch~-4~1700000000000^xfer~rent~tea~9~_^_~food~  lunch  ~-2~_|xfer,rent,6|
pickledger	home^trip^work^^Trip||home
search	exp~~0~ΑΣ~﻿tag~trip^exp~zz~100~﻿coffee~work;food~^inc~rent~10.5~strasse~﻿tag~home|10.5|en;
archledger	home^trip^work^^Trip|work^|work
search	exp~rent~1e21~coffee~﻿tag~trip^xfer~~0.3~straSSe~work~_|99.995|en;
pickledger	home^trip|work^|trip
search	inc~trans~99.995~coffee~_~Trip^exp~trans~-3~﻿coffee~_~Trip^exp~food~100~kfc~_~_|<100|en;
search	inc~trans~100~LUNCH~work;food~Trip|>-1|en;
notes	exp~zz~~3~1700000000000^exp~zz~lunch~-4~_^exp~zz~tea~12~0^exp~zz~coffee~20~0^exp~zz~_~2~0^exp~zz~tea~11~1700000000000^_~food~_~12~_|exp,zz,6|
search	exp~trans~0.3~İstanbul~work~trip|=1x|zh;
notes	exp~food~﻿coffee~3~_^exp~food~lunch~16~1700000000000^exp~food~_~19~0|exp,food,6|
pickacct	a0~_^a1~1^a2~0^a3~0|a1|
archledger	home^trip||
search	inc~trans~99.995~100~work~^xfer~food~0~kfc~~Trip^inc~trans~nan~strasse~work~_^exp~rent~1~coffee~work;food~home|>﻿100|en;
notes	xfer~~  lunch  ~17~1700000000000^xfer~~coffee~3~_^xfer~~~1~_^xfer~~~7~_|xfer,,1|
search	exp~food~1~kfc~work~home^xfer~zz~-3~肯德基~work;food~home^exp~food~-3~肯德基~work;food~Trip| |zh;
search	exp~food~0~ΑΣ~~trip^inc~zz~10.5~Lunch~_~trip^inc~trans~100~ΑΣ~work~|> 100|zh;
pickledger	home^trip^work^||home
notes	exp~zz~  lunch  ~11~_^exp~zz~coffee~10~_^exp~zz~lunch~17~_|exp,zz,6|
archacct	|a1|
notes	inc~rent~﻿coffee~-2~_^exp~~  lunch  ~0~0^exp~~﻿coffee~1~1700000000000^exp~~  lunch  ~7~0^xfer~rent~coffee~17~_^exp~~coffee~20~_|exp,,1|
pickledger	home^trip^work^^Trip|work|trip
search	exp~zz~10.5~coffee_BOM~work;food~trip^exp~food~nan~kfc~_~home^exp~food~1~Σ~~home|coffee|zh;
pickledger	home|^|
search	exp~~0.3~>abc~﻿tag~^exp~food~-3~  spaced  ~~Trip|﻿|en;
search	exp~trans~100~~_~^exp~trans~nan~lunch~work~home^inc~trans~99.995~Lunch~_~_^exp~rent~100~LUNCH~﻿tag~home|i̇stanbul|zh;
notes	|inc,zz,1|
notes	|inc,trans,6|
search	inc~trans~0.30000000000000004~coffee~work~Trip^exp~trans~1~kfc~work~trip^exp~zz~-0~Istanbul~work;food~^exp~food~10.5~coffee~work~trip|strasse|zh;
search	inc~~-3~İstanbul~work~home^exp~rent~-0~straSSe~work;food~^exp~food~0.30000000000000004~>abc~work~trip^inc~food~0.30000000000000004~>abc~_~Trip||zh;
search	inc~rent~1e21~﻿coffee~~Trip^xfer~~nan~100~~Trip^inc~food~10.5~lunch~_~^inc~~-0~_~﻿tag~Trip^xfer~rent~-0~100~~Trip|> 100 x|zh;
search	exp~~1e21~straSSe~work;food~home^xfer~~nan~strasse~~Trip^xfer~trans~nan~肯德基~_~trip|lunch|en;trans::自定义:Custom
pickacct	||
pickledger	home^trip^work^|Trip|home
pickledger	home^trip^work^|Trip^trip|trip
search	xfer~food~100~strasse~work;food~home^exp~~-0~_~work;food~^xfer~zz~-3~>abc~work~trip^inc~zz~-0~Istanbul~﻿tag~Trip|Ας|zh;
search	xfer~zz~0.3~İstanbul~~_|work|en;
notes	xfer~zz~﻿coffee~5~_|xfer,zz,3|
pickledger	home^trip^work^^Trip|^|Trip
notes	xfer~~coffee~14~_^exp~~~18~_^xfer~~~-5~_^inc~~lunch~18~0^xfer~~coffee~17~_^xfer~~  lunch  ~16~_|xfer,,0|
notes	xfer~trans~~-1~1700000000000^xfer~trans~lunch~13~_^xfer~trans~﻿coffee~7~0^exp~trans~lunch~12~0|xfer,trans,1|
notes	inc~rent~_~5~0^exp~food~coffee~17~1700000000000^_~food~~10~_^exp~food~lunch~7~_^exp~food~  lunch  ~8~1700000000000^exp~food~  lunch  ~15~0|exp,food,1|
archledger	|work^work^home|home
search	inc~rent~0.30000000000000004~Σ~_~home^exp~rent~0~﻿coffee~work~|> 100|en;
notes	xfer~rent~tea~-2~_^_~~coffee~19~_^xfer~rent~﻿coffee~6~1700000000000^xfer~rent~tea~5~_^xfer~rent~coffee~18~_^xfer~rent~lunch~2~0^xfer~rent~lunch~1~1700000000000|xfer,rent,3|
notes	xfer~~coffee~3~1700000000000^xfer~~_~14~_^xfer~~coffee~-2~1700000000000^xfer~~~-2~0^_~food~_~6~1700000000000^xfer~~lunch~0~_^xfer~~lunch~11~0|xfer,,1|
notes	inc~~lunch~1~_^inc~~coffee~6~_|inc,,1|
archledger	home^trip^work^^Trip||trip
pickledger	home^trip^work|home^home^Trip|trip
archacct	a0~0^a1~0^a2~_^a3~_^a4~1|a9^|
pickledger	home^trip^work||home
archacct	a0~1^a1~0^a2~0^a3~_^a4~_|a0^a0|
archacct	a0~0|a9|
notes	xfer~food~~-2~_^_~food~_~-5~1700000000000^xfer~food~lunch~-4~_^xfer~food~coffee~17~_^xfer~food~lunch~8~_^xfer~food~_~-2~1700000000000^xfer~food~lunch~-1~1700000000000|xfer,food,1|
notes	inc~~tea~17~0|inc,,0|
archacct	a0~_^a1~0^a2~_^a3~0|^a9|
search	xfer~~10.5~  spaced  ~﻿tag~home|lunch_BOM|zh;
archacct	a0~0^a1~_^a2~_||
search	exp~trans~nan~Istanbul~~^exp~~-3~lunch~work~_^xfer~trans~1~Istanbul~﻿tag~trip^xfer~zz~10.5~coffee~﻿tag~|>-1|zh;
archledger	home||
search	exp~zz~10.5~straSSe~﻿tag~^exp~food~nan~Istanbul~work;food~^inc~trans~0~strasse~﻿tag~^exp~~0~﻿coffee~work~^xfer~~10.5~coffee~work~trip|10.5|en;
pickacct	a0~0^a1~_^a2~_^a3~1|a1|
pickacct	a0~0||
pickacct	a0~_^a1~_^a2~_|a9^|
pickacct	a0~_^a1~0|a1|
search	exp~rent~-3~﻿coffee~_~Trip^inc~zz~1e21~coffee_BOM~~trip^exp~zz~99.995~coffee_BOM~~_|=0.3|en;
pickledger	home^trip^work^^Trip|^trip|trip
pickacct	|a0^|
search	exp~trans~-3~100~work~trip^xfer~~0.3~Istanbul~~^exp~food~nan~straSSe~_~home^exp~rent~1e21~~_~Trip^exp~trans~1e21~﻿coffee~﻿tag~Trip|>100|zh;::自定义:Custom
pickledger	home^trip^work|^|Trip
pickacct	a0~1^a1~1|a1^|
notes	inc~rent~tea~-1~_^inc~rent~  lunch  ~1~1700000000000^inc~rent~tea~3~0^inc~rent~lunch~-1~0^inc~~lunch~13~0^exp~food~~6~0|inc,rent,20|
notes	xfer~food~coffee~2~0^exp~zz~tea~14~0^exp~zz~~2~_^exp~zz~coffee~10~_^exp~zz~  lunch  ~7~_^exp~food~lunch~8~_^exp~zz~coffee~16~_^exp~zz~lunch~-3~_|exp,zz,0|
search	exp~rent~-3~strasse~_~home^exp~rent~1~~_~Trip^xfer~trans~1~coffee_BOM~_~home^exp~trans~0.30000000000000004~Lunch~~trip|=100|zh;
archledger	home^trip^work^|trip^^work|work
archledger	home^trip|trip^home|work
search	exp~food~0.30000000000000004~>abc~﻿tag~_^exp~rent~0~straSSe~~^exp~~1e21~straSSe~work;food~Trip^exp~rent~-0~coffee_BOM~﻿tag~trip^exp~~100~_~_~Trip|=nan|zh;
notes	_~rent~lunch~13~_|inc,,3|
search	exp~food~0.30000000000000004~LUNCH~~trip^exp~rent~99.995~coffee~﻿tag~_^exp~~-0~strasse~~Trip|>﻿100|zh;
pickacct	a0~1^a1~0^a2~1^a3~_|a1^a9|
archacct	|^a9|
pickacct	||
search	xfer~trans~0.30000000000000004~﻿coffee~_~home^exp~food~0.30000000000000004~Istanbul~﻿tag~_^exp~trans~1e21~>abc~~Trip^inc~rent~0.30000000000000004~lunch~work~Trip^exp~zz~0~>abc~~|> 100 x|zh;
archacct	a0~0^a1~_^a2~0^a3~_|a1^a9|
archledger	home^trip||work
notes	inc~trans~_~3~0^xfer~~_~20~_^inc~trans~lunch~18~_^inc~trans~﻿coffee~4~0^inc~trans~_~9~0^exp~food~coffee~9~_^inc~trans~﻿coffee~15~_^inc~trans~tea~8~_|inc,trans,1|
archledger	|home^Trip^|Trip
archledger	|^work|
archledger	|trip|
pickledger	home^trip|trip^work|home
pickledger	home^trip^work|Trip|work
archacct	a0~_||
search	exp~rent~-0~ΑΣ~﻿tag~trip^exp~rent~0~Istanbul~work~^exp~zz~0.3~lunch~work;food~trip^exp~zz~0.3~İstanbul~~Trip|=0.3|zh;
pickledger	||Trip
search	xfer~food~10.5~﻿coffee~work~|>100abc|en;
archledger	home^trip^work^|home^|trip
search	exp~trans~0~coffee~work~Trip^exp~trans~100~kfc~work~trip^inc~~0.3~İstanbul~work~^inc~rent~99.995~Lunch~work~Trip^exp~~0~肯德基~work;food~_|肯德基|zh;
pickacct	a0~0||
search	exp~trans~10.5~coffee~﻿tag~trip|>=100|zh;
archacct	a0~1^a1~1^a2~_||
notes	exp~rent~_~8~_^exp~~tea~1~1700000000000^exp~zz~  lunch  ~20~_^exp~~lunch~-1~_^exp~zz~~-4~0|exp,zz,0|
search	exp~zz~-0~Istanbul~work;food~trip|肯德基|en;food::自定义:Custom
notes	xfer~trans~_~7~_^xfer~trans~~12~_^xfer~trans~  lunch  ~20~0|xfer,trans,3|
notes	xfer~rent~﻿coffee~0~1700000000000^exp~~﻿coffee~7~_^xfer~rent~lunch~-1~1700000000000|xfer,rent,6|
search	xfer~rent~-0~>abc~work~trip^exp~food~-3~coffee~work~_|99.995|en;
archacct	||
notes	exp~trans~tea~3~1700000000000^exp~trans~_~10~0^exp~trans~coffee~-5~1700000000000^xfer~rent~﻿coffee~20~0^exp~trans~﻿coffee~-3~0^exp~trans~coffee~18~_^exp~trans~coffee~-2~1700000000000|exp,trans,6|
search	exp~rent~-0~LUNCH~work;food~home^exp~food~1~Lunch~work;food~_|>100|en;
pickledger	home|work^Trip|Trip
pickacct	||
notes	exp~food~coffee~-1~_^exp~food~﻿coffee~18~_^exp~food~lunch~8~0^exp~food~tea~17~_|exp,food,20|
search	xfer~food~-3~straSSe~work;food~trip^xfer~zz~-0~Lunch~_~_|i̇stanbul|zh;
search	inc~~0.30000000000000004~Σ~﻿tag~_^exp~~0~straSSe~﻿tag~^inc~zz~100~Istanbul~work;food~home^inc~food~99.995~  spaced  ~work;food~_|=100|zh;
pickledger	|work^home^Trip|
archledger	home^trip^work^^Trip|Trip^work|Trip
search	exp~~nan~straSSe~_~home^exp~~-0~coffee~work;food~_^exp~~-0~Lunch~_~^inc~food~100~kfc~~_|1e+21|en;
pickacct	a0~_^a1~_^a2~0^a3~0^a4~1||
search	exp~food~99.995~coffee~_~home^exp~zz~-0~LUNCH~﻿tag~_^inc~~100~Istanbul~~Trip^exp~zz~-0~coffee_BOM~work~trip|LUNCH|zh;
pickacct	|a0|
search	inc~~0.3~lunch~work~Trip^inc~trans~0.3~lunch~work~^exp~rent~0~Istanbul~work;food~trip^xfer~trans~0.3~Σ~﻿tag~|1e+21|zh;
search	inc~~1~coffee_BOM~~| |zh;
search	exp~food~100~_~work;food~home|trip|en;
search	inc~trans~99.995~>abc~﻿tag~^exp~~10.5~肯德基~﻿tag~^inc~trans~1e21~﻿coffee~_~Trip^exp~zz~100~Lunch~_~^exp~food~-3~coffee~~||zh;
pickacct	a0~0^a1~1^a2~1|a1^|
archacct	a0~0||
search	exp~~10.5~Lunch~work~trip^inc~~1e21~_~_~trip^exp~food~0.30000000000000004~strasse~~Trip|coffee|zh;food::自定义:Custom
pickledger	home^trip^work^^Trip||
notes	exp~food~coffee~16~1700000000000^exp~food~lunch~13~_|exp,,3|
pickacct	a0~1^a1~_^a2~_^a3~_^a4~1|a0^a0|
notes	exp~trans~_~18~_|exp,trans,6|
notes	_~zz~tea~13~0^xfer~~lunch~-4~_^xfer~~~7~_^xfer~~_~-5~_^xfer~~  lunch  ~14~_^xfer~~lunch~9~0^xfer~~tea~11~1700000000000|xfer,,0|
notes	inc~~coffee~8~1700000000000^inc~~~15~_^inc~rent~~-5~1700000000000|inc,,1|
search	xfer~trans~0.30000000000000004~  spaced  ~_~trip|<=100|zh;::自定义:Custom
search	exp~zz~1~_~work~_^inc~~-3~LUNCH~work~^exp~food~0.30000000000000004~Σ~﻿tag~|>100|zh;
search	xfer~~10.5~coffee~﻿tag~trip^xfer~trans~1~ΑΣ~~trip^xfer~zz~0.30000000000000004~Istanbul~~^xfer~trans~0.30000000000000004~Lunch~work;food~|=0.3|zh;
archledger	home^trip||
archledger	home^trip^work^^Trip|Trip|home
search	exp~rent~0.30000000000000004~100~﻿tag~home^exp~zz~100~Lunch~work~_||en;
notes	inc~zz~  lunch  ~3~1700000000000|xfer,trans,3|
archledger	home|^trip|Trip
pickacct	a0~0^a1~_||
pickledger	|trip^Trip^home|home
pickacct	a0~0^a1~_^a2~1^a3~1^a4~1|a0^a0|
search	exp~zz~99.995~kfc~work;food~_^inc~food~100~LUNCH~work~_^exp~trans~10.5~lunch~﻿tag~_|=0.30000000000000004|en;
search	xfer~rent~1~100~﻿tag~trip|>﻿100|en;zz::自定义:Custom
archledger	home^trip^work|work^home^trip|trip
search	exp~zz~99.995~  spaced  ~work;food~Trip^xfer~rent~-3~~~home^exp~rent~-0~LUNCH~work;food~Trip^xfer~~100~ΑΣ~~trip^inc~food~0.30000000000000004~100~﻿tag~|>=100|zh;
search	xfer~rent~0.3~﻿coffee~﻿tag~home^exp~trans~0.3~strasse~~trip^exp~rent~10.5~肯德基~work~_^inc~rent~10.5~coffee~~^exp~~-0~>abc~_~|>100abc|zh;zz::自定义:Custom
search	inc~rent~99.995~strasse~_~trip^exp~~100~~work~home^exp~food~0.3~LUNCH~_~_^inc~~-0~>abc~_~^xfer~~nan~LUNCH~work~|99.995|zh;
archacct	a0~_^a1~1^a2~0^a3~_^a4~0||
search	exp~rent~100~Istanbul~work;food~trip^xfer~~-3~  spaced  ~work~Trip^inc~food~1e21~>abc~﻿tag~trip^xfer~~nan~ΑΣ~~|> 100|zh;
pickledger	home^trip^work^^Trip|Trip^home^|trip
search	exp~~99.995~coffee_BOM~﻿tag~Trip^xfer~trans~100~_~work~home^xfer~trans~100~LUNCH~﻿tag~home^inc~trans~100~>abc~work~_|=0.3|zh;rent::自定义:Custom
pickacct	|a9^a0|
notes	xfer~rent~lunch~0~_^xfer~rent~﻿coffee~6~_|xfer,rent,20|
archacct	a0~0^a1~1^a2~_^a3~1|a9|
notes	exp~trans~  lunch  ~-4~_^xfer~~~12~0^xfer~~tea~-1~_^xfer~~lunch~10~_|xfer,,1|
notes	inc~trans~lunch~-2~1700000000000|inc,trans,20|
pickledger	home|work|Trip
notes	|exp,rent,1|
pickledger	home||trip
archacct	a0~_^a1~1^a2~1||
search	exp~food~nan~100~﻿tag~^xfer~~10.5~lunch~work~home|lunch|en;
notes	inc~~lunch~19~1700000000000^inc~~tea~11~_^inc~~lunch~9~_^inc~~lunch~5~_^inc~~  lunch  ~7~_|inc,,20|
notes	inc~rent~tea~11~1700000000000^inc~rent~coffee~19~1700000000000^inc~rent~coffee~-4~_^inc~rent~﻿coffee~15~1700000000000^inc~rent~coffee~2~_^inc~rent~lunch~5~_^inc~rent~lunch~-5~_^exp~~  lunch  ~19~1700000000000|inc,rent,1|
search	inc~zz~-3~straSSe~work;food~^inc~trans~99.995~肯德基~﻿tag~trip^xfer~rent~-3~ΑΣ~~Trip^xfer~~0~LUNCH~work~Trip^xfer~zz~99.995~Istanbul~~|﻿lunch|zh;rent::自定义:Custom
notes	_~rent~coffee~1~1700000000000^exp~food~coffee~10~1700000000000^exp~food~lunch~-2~_^inc~~coffee~-4~_^exp~~lunch~1~_^exp~food~lunch~12~_^exp~food~coffee~5~_^exp~food~coffee~10~0|exp,food,6|
search	xfer~trans~10.5~straSSe~~home^inc~rent~1~100~﻿tag~Trip^inc~zz~0.30000000000000004~>abc~~|肯德基|zh;
archledger	home^trip|trip|trip
search	exp~rent~0~~_~home|﻿lunch|zh;rent::自定义:Custom
archacct	a0~1^a1~1^a2~0^a3~1|^a9|
search	exp~food~-0~coffee~work~_^xfer~rent~-3~Istanbul~﻿tag~_^inc~zz~99.995~ΑΣ~_~_|food|zh;
pickacct	a0~_^a1~0^a2~0^a3~1^a4~_|a1|
search	exp~rent~100~﻿coffee~work;food~^exp~~0.3~  spaced  ~work~trip^xfer~trans~0~Istanbul~work~^inc~~10.5~strasse~~^exp~~99.995~coffee~work;food~home|lunch_BOM|zh;
notes	exp~rent~coffee~13~0^exp~rent~_~3~1700000000000^xfer~trans~coffee~20~1700000000000|exp,rent,3|
archledger	home^trip||home
pickledger	home|trip^trip|trip
search	xfer~~nan~~work~_^xfer~~10.5~coffee~work~trip^exp~rent~0~100~~trip^exp~~1~kfc~_~trip|strasse|zh;
search	exp~trans~0.30000000000000004~Lunch~work~_^exp~trans~0~coffee~﻿tag~^xfer~trans~-0~ΑΣ~work~home^xfer~rent~1~Istanbul~_~trip|10.5|en;
archledger	home^trip^work||
pickledger	home^trip^work|^work|trip
search	exp~zz~-3~~work~trip^xfer~~1e21~﻿coffee~﻿tag~home^inc~rent~100~Lunch~~^exp~trans~0.30000000000000004~Istanbul~work~|strasse|zh;
archledger	|^Trip^trip|Trip
archacct	a0~1^a1~_^a2~_^a3~_^a4~1|a9^a1|
notes	inc~~  lunch  ~-2~_^inc~~lunch~3~_^inc~~tea~16~0^exp~rent~  lunch  ~19~_^exp~rent~lunch~15~1700000000000^inc~~﻿coffee~-5~_^inc~~~5~0^xfer~~coffee~-3~1700000000000|inc,,20|
archledger	|work^work^home|home
notes	inc~rent~tea~5~0^xfer~rent~  lunch  ~19~_^xfer~rent~  lunch  ~6~1700000000000|xfer,rent,0|
search	exp~~10.5~  spaced  ~work~Trip^exp~food~10.5~coffee~﻿tag~^exp~trans~0~肯德基~work;food~_^exp~rent~10.5~strasse~~home^exp~trans~1e21~strasse~work~trip|>100|en;
search	exp~food~0.3~Istanbul~﻿tag~Trip^xfer~trans~1~>abc~work~_^xfer~trans~1e21~coffee~_~| |en;
search	exp~trans~0.3~straSSe~_~trip^exp~rent~99.995~Lunch~_~trip|>　100|en;
archacct	a0~_^a1~1^a2~_^a3~_|a0|
search	exp~zz~0.30000000000000004~  spaced  ~_~trip|<=100|zh;
archacct	a0~0^a1~1|a0|
pickledger	home^trip^work^||trip
notes	inc~rent~﻿coffee~-2~_^xfer~zz~_~11~_^xfer~zz~coffee~5~1700000000000^xfer~zz~﻿coffee~-3~_^xfer~zz~  lunch  ~10~_^xfer~zz~lunch~10~0|xfer,zz,1|
archacct	a0~_^a1~_^a2~0|a9^a1|
archacct	|a0^|
search	exp~food~1e21~straSSe~~_^inc~food~10.5~strasse~_~Trip^xfer~zz~1e21~strasse~_~_^exp~~-3~Istanbul~work~^xfer~zz~0.3~coffee_BOM~work~_|99.995|zh;
notes	|xfer,trans,20|
archacct	a0~0|a0^a9|
notes	inc~rent~lunch~19~_|inc,rent,3|
pickacct	|a0|
search	exp~trans~-0~coffee~work~||en;
archacct	a0~1|a9^|
search	inc~rent~1e21~LUNCH~work~_|strasse|en;
pickacct	||
archacct	a0~0^a1~0^a2~0|a9^a0|
search	exp~~0.3~100~work;food~^exp~zz~100~_~work~trip|>-1|en;
search	exp~zz~-0~lunch~~trip^exp~trans~nan~LUNCH~work;food~Trip^exp~rent~-0~Lunch~work~Trip^exp~trans~0.3~İstanbul~﻿tag~Trip^xfer~zz~10.5~Lunch~﻿tag~|﻿|zh;
search	exp~zz~99.995~  spaced  ~work~_^xfer~zz~-0~_~~_|trip|zh;
search	inc~~1e21~>abc~work~_|1e+21|en;
archledger	home^trip|Trip|home
pickacct	a0~0^a1~1|^a0|
pickacct	a0~_^a1~_^a2~1^a3~1^a4~_|a0^a0|
search	exp~food~nan~coffee_BOM~_~_^inc~trans~99.995~straSSe~work~_^exp~rent~-3~kfc~work~_^exp~trans~0~_~work~_^exp~food~100~Lunch~_~Trip|>0.3|en;
search	xfer~rent~99.995~İstanbul~_~home^inc~zz~0~_~_~_^inc~~0.30000000000000004~肯德基~work;food~^xfer~zz~100~lunch~~_|>0.3|en;
archacct	a0~_^a1~_^a2~1|a0|
search	exp~rent~nan~coffee~﻿tag~^xfer~trans~1~coffee_BOM~work~_^inc~rent~nan~ΑΣ~﻿tag~home| |en;
pickledger	home^trip^work^|home^work|work
search	exp~rent~0.3~kfc~_~trip^exp~zz~0.3~straSSe~work~trip^inc~zz~99.995~~_~home^exp~~-3~Istanbul~work~Trip|coffee|zh;
search	xfer~food~0.30000000000000004~﻿coffee~work~Trip^inc~zz~100~ΑΣ~work;food~trip^exp~trans~-3~  spaced  ~_~^exp~zz~99.995~>abc~_~home|>　100|zh;
pickledger	home|work^trip|trip
search	exp~rent~10.5~Istanbul~﻿tag~trip^exp~zz~100~>abc~_~trip|food|en;
notes	exp~rent~lunch~4~_^exp~food~lunch~7~_^exp~rent~  lunch  ~8~_^exp~rent~~-3~_^exp~rent~lunch~8~_|exp,rent,1|
pickledger	home^trip|trip^^work|home
pickledger	home^trip^work^^Trip|work^^|
notes	exp~rent~  lunch  ~15~_^exp~rent~﻿coffee~6~_^exp~rent~coffee~1~_^inc~trans~lunch~15~0|exp,rent,6|
search	inc~rent~0.30000000000000004~coffee_BOM~work~|100|en;
archledger	home^trip^work||home
archacct	a0~1^a1~_^a2~0^a3~1^a4~1|a0|
pickacct	|a9|
archledger	home^trip^work^^Trip|trip^trip^work|Trip
archledger	home|home^work|Trip
search	xfer~trans~100~_~~Trip^xfer~trans~100~lunch~work;food~_|work|en;
search	exp~rent~1~coffee~﻿tag~_^exp~trans~-3~straSSe~work;food~|>0.3|zh;
archacct	|a0^a0|
notes	xfer~food~_~20~_^xfer~food~coffee~19~_^xfer~food~tea~-1~0^xfer~food~lunch~10~_^xfer~food~  lunch  ~9~0^xfer~food~lunch~20~0|xfer,food,20|
pickacct	||
archacct	a0~0^a1~_^a2~1^a3~1|a0^a9|
notes	xfer~food~lunch~15~_^xfer~food~tea~-2~_^xfer~food~﻿coffee~-4~1700000000000^xfer~food~﻿coffee~19~_^xfer~food~lunch~-5~_^xfer~food~lunch~-2~1700000000000|xfer,food,3|
notes	inc~food~coffee~7~0|inc,food,0|
search	exp~zz~0.30000000000000004~kfc~work~_^inc~~100~~work;food~_|<100|zh;
archledger	home^trip|^^home|
search	xfer~food~nan~coffee~work~^exp~~-3~_~work;food~trip^exp~~-3~Lunch~work;food~trip|>abc|en;
notes	|xfer,food,3|
pickledger	home^trip|work^Trip^Trip|work
archacct	a0~_^a1~1|a0|
search	inc~rent~10.5~  spaced  ~~_^inc~food~1~100~﻿tag~home^inc~zz~nan~﻿coffee~﻿tag~trip^exp~~0~肯德基~~home|肯德基|en;
notes	exp~~lunch~9~_^exp~~_~14~1700000000000^exp~~~13~1700000000000^xfer~zz~  lunch  ~10~_^exp~~﻿coffee~-3~_^exp~~coffee~-5~_|exp,,3|
search	exp~zz~nan~kfc~work~_^exp~trans~0.30000000000000004~coffee_BOM~_~^exp~zz~0.3~coffee~﻿tag~trip^xfer~rent~0.30000000000000004~100~work;food~home|>=100|en;
search	exp~rent~-3~İstanbul~_~_^xfer~~99.995~Σ~~_|trip|zh;food::自定义:Custom
pickledger	home^trip^work||Trip
search	xfer~zz~-0~~_~_^exp~rent~1e21~肯德基~_~Trip|Ας|zh;
search	xfer~trans~0~>abc~work;food~^inc~zz~-0~~work~trip||en;
pickledger	home^trip|^Trip^Trip|home
search	exp~rent~-0~>abc~work~Trip^exp~zz~10.5~coffee_BOM~work~trip|10.5|en;
archacct	||
pickledger	home^trip^work^|home^work|work
pickledger	|^|home
search	inc~zz~nan~_~work~^exp~zz~1e21~~work;food~^exp~rent~-3~﻿coffee~﻿tag~Trip^xfer~~99.995~~work~Trip^exp~trans~0.3~İstanbul~﻿tag~Trip|﻿lunch|en;
search	exp~zz~100~>abc~_~_|>100|zh;
search	exp~trans~nan~~~home^exp~food~1e21~肯德基~_~home^inc~food~100~lunch~~Trip^exp~trans~-0~ΑΣ~~Trip|=0.3|en;
search	exp~~1~Istanbul~work~Trip^inc~trans~10.5~coffee_BOM~~_^exp~trans~1~Istanbul~_~trip|﻿|zh;
notes	inc~food~﻿coffee~-4~1700000000000^inc~food~_~1~_^inc~food~_~4~0^inc~food~tea~14~_^inc~food~lunch~5~1700000000000^inc~food~tea~-1~0^exp~~coffee~0~_^inc~food~lunch~8~_|inc,food,6|
notes	_~trans~~12~0^exp~food~~7~_|exp,food,20|
search	inc~rent~0.3~肯德基~_~trip^exp~rent~0.3~100~work~trip|>﻿100|en;rent::自定义:Custom
archacct	||
archledger	home^trip||Trip
search	inc~rent~100~coffee~work~trip^exp~food~0.30000000000000004~coffee~work~_^inc~rent~-0~Σ~_~home^inc~~0.3~Σ~work;food~trip^inc~food~nan~İstanbul~work~|=100|zh;
search	inc~~100~ΑΣ~~home^exp~zz~1~Istanbul~work~trip^exp~zz~0.30000000000000004~lunch~work;food~trip|lunch|zh;
search	exp~rent~0.3~LUNCH~work;food~^exp~trans~0~﻿coffee~~trip^exp~food~0~  spaced  ~work;food~^exp~rent~99.995~~_~Trip|=1x|en;
notes	inc~trans~﻿coffee~3~_^xfer~zz~coffee~1~1700000000000^xfer~zz~﻿coffee~3~1700000000000|xfer,zz,6|
archacct	a0~1^a1~_^a2~0^a3~_|a9^|
archledger	home^trip^work^||
search	xfer~food~nan~Istanbul~work;food~^exp~zz~-3~coffee~_~Trip|肯德基|en;
search	inc~zz~1~肯德基~﻿tag~_^inc~~-0~肯德基~work~_^exp~zz~-0~coffee_BOM~~home^inc~food~-3~Lunch~﻿tag~_|>﻿100|en;trans::自定义:Custom
notes	exp~zz~lunch~11~_^exp~zz~_~19~1700000000000^exp~zz~_~3~_^exp~zz~lunch~4~_^exp~zz~coffee~-3~0|exp,zz,1|
notes	_~~﻿coffee~14~0^inc~~coffee~-5~_^inc~~tea~18~0^inc~~coffee~6~_^inc~~_~-1~_^inc~~tea~-4~1700000000000^inc~trans~﻿coffee~-4~_^inc~~coffee~16~1700000000000|inc,,20|
search	inc~rent~1~_~work~trip^exp~zz~1e21~﻿coffee~_~trip^inc~trans~0.30000000000000004~>abc~work~^xfer~zz~0.30000000000000004~İstanbul~~Trip^exp~~-0~kfc~work;food~|i̇stanbul|en;food::自定义:Custom
notes	exp~zz~﻿coffee~7~1700000000000^exp~zz~coffee~3~_|exp,zz,6|
search	exp~trans~100~_~work~Trip^xfer~zz~0.30000000000000004~  spaced  ~~home^exp~rent~nan~﻿coffee~work~Trip^inc~zz~0.30000000000000004~LUNCH~~_^exp~rent~99.995~~work;food~home|=nan|zh;
search	xfer~food~99.995~Lunch~_~trip^exp~zz~1e21~100~work;food~^inc~rent~nan~lunch~work;food~Trip^exp~food~0.30000000000000004~ΑΣ~work;food~Trip||zh;::自定义:Custom
search	exp~zz~0.3~straSSe~work~_^inc~trans~nan~ΑΣ~_~home|> 100|en;
notes	_~food~lunch~19~0^inc~zz~lunch~11~0^_~trans~coffee~11~_^_~trans~  lunch  ~19~_^_~zz~~11~_^exp~zz~coffee~-1~1700000000000^exp~zz~coffee~12~0^exp~zz~_~6~1700000000000|exp,zz,1|
search	exp~~10.5~_~work~home^xfer~zz~nan~Σ~work~Trip^inc~zz~99.995~_~_~Trip|<=100|zh;rent::自定义:Custom
search	inc~food~10.5~Σ~work;food~^exp~rent~-3~coffee~work~^exp~trans~-0~straSSe~work~|>﻿100|zh;zz::自定义:Custom
notes	inc~~coffee~18~0^inc~~_~8~1700000000000^inc~~lunch~-5~_^inc~~coffee~1~_^inc~~tea~18~_^inc~~  lunch  ~6~0|inc,,1|
search	exp~trans~99.995~İstanbul~﻿tag~Trip|LUNCH|zh;
pickledger	home^trip^work^^Trip|trip^Trip^work|work
notes	inc~zz~coffee~5~0^inc~zz~~5~_^inc~zz~coffee~13~0^inc~zz~lunch~14~0^inc~zz~coffee~11~0^inc~zz~_~9~0^exp~rent~﻿coffee~9~_|inc,zz,1|
search	xfer~rent~-0~İstanbul~work;food~^exp~food~1e21~_~~^exp~trans~0.30000000000000004~_~﻿tag~Trip^inc~food~0.3~肯德基~work~_^exp~rent~-0~Σ~work;food~Trip|>100|en;
notes	exp~trans~lunch~-1~_^exp~trans~﻿coffee~16~_^exp~trans~  lunch  ~17~0^exp~trans~coffee~4~_^exp~trans~lunch~13~_^exp~trans~coffee~19~_|exp,trans,20|
search	exp~rent~100~LUNCH~_~trip^exp~rent~99.995~>abc~﻿tag~_|> 100|en;
archacct	a0~0^a1~0|a0|
pickacct	a0~1^a1~0^a2~_^a3~_||
pickacct	a0~_^a1~0||
pickledger	home^trip^work^^Trip|home|
pickacct	a0~_^a1~_^a2~0|a0|
pickacct	a0~_^a1~_^a2~_^a3~1|^a9|
notes	exp~food~lunch~20~0^exp~food~lunch~4~_^inc~zz~coffee~15~_^exp~food~~20~0^exp~food~~18~0^exp~food~coffee~-5~0|exp,food,3|
search	exp~trans~10.5~ΑΣ~work;food~trip||en;
notes	xfer~~  lunch  ~19~0|xfer,,0|
notes	exp~zz~lunch~19~1700000000000^xfer~food~lunch~18~1700000000000^exp~zz~lunch~18~1700000000000^exp~zz~﻿coffee~-4~0^exp~zz~_~-4~_|exp,zz,3|
pickacct	a0~1^a1~0^a2~_^a3~0||
search	exp~trans~1e21~coffee_BOM~work~^exp~~1e21~100~﻿tag~trip^exp~zz~1e21~Lunch~work~trip^inc~rent~0~Σ~_~Trip|> 100 x|zh;
search	inc~zz~100~  spaced  ~﻿tag~trip^xfer~zz~0.30000000000000004~kfc~﻿tag~Trip^exp~rent~0~coffee_BOM~_~Trip|> 100|zh;::自定义:Custom
search	exp~~0.3~~work;food~home^xfer~zz~10.5~_~_~trip^xfer~rent~0.3~strasse~﻿tag~home^exp~rent~1~100~~home^exp~trans~0.30000000000000004~coffee~work;food~_||en;
notes	xfer~zz~~18~1700000000000|xfer,zz,20|
notes	inc~food~~7~_^exp~trans~  lunch  ~7~1700000000000|exp,trans,1|
pickledger	home^trip||work
pickacct	a0~_^a1~_^a2~_^a3~_^a4~_||
pickacct	a0~_^a1~1||
notes	inc~~tea~-1~0^inc~~tea~10~_^inc~~  lunch  ~-5~1700000000000|inc,,20|
search	exp~~10.5~İstanbul~work;food~home^exp~rent~0.30000000000000004~Istanbul~work~trip^xfer~~0.3~Σ~work~Trip|strasse|zh;
archledger	home^trip^work||home
search	exp~rent~0.3~coffee_BOM~work;food~trip^exp~trans~0.30000000000000004~kfc~~^inc~rent~0.30000000000000004~肯德基~﻿tag~home|100|en;trans::自定义:Custom
search	xfer~rent~-0~  spaced  ~work~Trip^xfer~trans~0.3~_~_~_^xfer~trans~0.3~Σ~work;food~_^inc~~1e21~肯德基~_~Trip||en;
search	exp~food~1~100~﻿tag~_|>-1|en;
search	xfer~trans~100~coffee~work;food~home|<100|zh;
notes	_~rent~lunch~13~_^exp~~  lunch  ~-2~0^exp~~  lunch  ~20~0|exp,,1|
search	xfer~rent~1e21~Σ~work;food~_^xfer~food~nan~Σ~﻿tag~|lunch|zh;
search	exp~zz~10.5~LUNCH~﻿tag~trip^inc~food~0.30000000000000004~100~﻿tag~trip|肯德基|en;
search	inc~trans~100~strasse~~_^xfer~trans~-3~coffee~work~^xfer~zz~0.3~coffee_BOM~~^inc~rent~0.3~100~_~_|food|en;
notes	xfer~food~lunch~15~_^xfer~food~~15~_^xfer~food~lunch~13~_^xfer~food~~0~0^xfer~food~_~1~0^exp~~﻿coffee~6~_^xfer~food~_~-2~0^xfer~zz~﻿coffee~19~1700000000000|xfer,food,0|
search	inc~trans~1e21~﻿coffee~work~trip^exp~rent~99.995~>abc~_~Trip^xfer~food~0~Σ~work~_^xfer~food~nan~肯德基~work~home^xfer~rent~100~LUNCH~~home|>100abc|en;
notes	xfer~zz~coffee~3~_^inc~trans~﻿coffee~8~0^xfer~zz~﻿coffee~16~0|xfer,zz,20|
archacct	|^a9|
search	inc~rent~-0~strasse~﻿tag~home^inc~food~0.3~lunch~work;food~Trip|>=100|zh;
search	exp~trans~1e21~kfc~﻿tag~_^exp~zz~-3~Σ~work~home||zh;
pickledger	home^trip|trip^trip^trip|Trip
search	xfer~~0.3~strasse~_~Trip^inc~food~-3~ΑΣ~work;food~trip^exp~food~10.5~ΑΣ~work;food~Trip^exp~rent~10.5~strasse~_~|coffee|en;rent::自定义:Custom
search	inc~rent~nan~肯德基~﻿tag~trip^exp~trans~1e21~İstanbul~﻿tag~trip|>abc|zh;
notes	|inc,trans,6|
search	xfer~food~1e21~Σ~work~Trip^xfer~zz~1~_~_~^exp~~99.995~_~work~Trip^inc~zz~1~~_~Trip|trip|zh;
archacct	a0~1|a9|
search	exp~~0.30000000000000004~kfc~work~_^xfer~zz~nan~İstanbul~~trip^exp~trans~nan~ΑΣ~work;food~Trip|> 100 x|zh;
pickledger	home|Trip^Trip|trip
search	inc~trans~1e21~kfc~_~Trip^inc~trans~0~肯德基~﻿tag~trip^exp~trans~1~straSSe~~home^exp~trans~0.30000000000000004~lunch~~home^exp~zz~0~coffee~work;food~trip|﻿|en;
notes	inc~rent~~12~_^xfer~zz~lunch~7~0^xfer~zz~tea~20~0^xfer~zz~coffee~11~_^xfer~zz~lunch~20~_^xfer~zz~coffee~14~0|xfer,zz,3|
archacct	|a0|
pickledger	home^trip^work^|trip|trip
notes	exp~~lunch~-2~0^exp~~﻿coffee~-5~_^exp~~_~4~_^exp~~  lunch  ~16~1700000000000^exp~~coffee~14~_^exp~~﻿coffee~0~_^exp~~coffee~-3~_^exp~~﻿coffee~20~_|exp,,3|
search	xfer~zz~nan~kfc~﻿tag~Trip||zh;
notes	inc~zz~_~20~_^xfer~zz~~10~_^inc~zz~_~13~_^inc~rent~coffee~19~0^inc~zz~lunch~2~1700000000000^inc~zz~coffee~3~_^inc~zz~lunch~10~_^_~zz~coffee~15~_|inc,zz,3|
archledger	home^trip^work||trip
archledger	home^trip^work^^Trip||trip
archacct	|^a1|
search	exp~trans~100~kfc~work;food~home^xfer~~nan~100~work;food~trip^exp~food~0~肯德基~work;food~^inc~food~0~kfc~﻿tag~Trip|> 100|zh;food::自定义:Custom
archledger	home^trip||Trip
search	exp~food~1~İstanbul~_~home^exp~zz~nan~﻿coffee~work~_^inc~trans~10.5~coffee~﻿tag~^inc~~-0~lunch~﻿tag~Trip^xfer~food~99.995~Lunch~work~Trip|=nan|en;
archledger	home^trip|^work^|home
search	inc~food~1e21~Σ~﻿tag~home^xfer~food~0.30000000000000004~~_~trip^inc~zz~100~ΑΣ~work~home^xfer~zz~0.30000000000000004~100~﻿tag~home|strasse|zh;
archledger	home^trip^work^^Trip||Trip
pickledger	home^trip^work^|home^trip^Trip|Trip
pickacct	a0~0^a1~0^a2~1^a3~0|a9|
pickacct	a0~0^a1~_||
notes	xfer~rent~coffee~-4~0^inc~~_~0~_^exp~~lunch~-3~_^xfer~rent~tea~17~_^xfer~rent~  lunch  ~1~0|xfer,rent,3|
archledger	|work^|
search	exp~~0.3~Lunch~~home^inc~food~-0~Lunch~~^exp~~0.30000000000000004~_~_~Trip|trip|zh;
search	inc~food~99.995~~_~_^exp~~10.5~  spaced  ~work~^inc~trans~-3~ΑΣ~work~home|lunch|en;
notes	exp~trans~_~7~_^exp~trans~lunch~-3~1700000000000^exp~trans~  lunch  ~14~1700000000000^exp~trans~  lunch  ~2~_|exp,trans,20|
notes	_~~  lunch  ~10~_^exp~rent~lunch~19~_^exp~rent~coffee~7~0|exp,rent,6|
search	inc~rent~99.995~straSSe~work;food~^exp~zz~-3~LUNCH~~Trip^inc~~1~_~work;food~^inc~food~-0~coffee~﻿tag~_^xfer~~0.30000000000000004~İstanbul~work~|>abc|en;::自定义:Custom
search	inc~rent~0~Σ~_~home^xfer~rent~-3~﻿coffee~~^inc~rent~1e21~coffee~﻿tag~Trip|1e+21|zh;
notes	inc~rent~lunch~8~0^inc~rent~﻿coffee~7~1700000000000^inc~rent~coffee~4~_^inc~rent~coffee~-1~_^inc~rent~tea~18~1700000000000^inc~rent~~15~_^inc~rent~tea~-2~_|inc,rent,6|
notes	exp~food~﻿coffee~7~0^inc~~coffee~12~1700000000000^inc~~tea~5~_^_~food~﻿coffee~10~0^inc~~coffee~19~_^exp~~coffee~-4~_|inc,,1|
notes	exp~~_~-3~_^inc~trans~lunch~19~_^exp~food~~17~_^exp~zz~lunch~14~0|exp,food,1|
notes	xfer~trans~lunch~10~1700000000000^xfer~trans~lunch~-5~_^xfer~trans~coffee~15~_^_~rent~~17~1700000000000|xfer,trans,6|
archacct	a0~1^a1~0||
pickacct	a0~1^a1~0^a2~1^a3~_||
archledger	home||
search	xfer~~-0~lunch~﻿tag~_^exp~zz~1~LUNCH~~Trip^exp~~0.30000000000000004~ΑΣ~work~_^exp~rent~nan~straSSe~~Trip|> 100|en;
pickledger	home^trip^work^|work^work^trip|trip
archacct	||
search	exp~~0~_~~trip^exp~food~-0~coffee~~trip^inc~~0.3~Lunch~work~trip|>=100|en;
search	xfer~rent~1~100~work;food~^exp~trans~10.5~strasse~work;food~^exp~trans~-3~coffee~work~Trip^exp~trans~10.5~_~_~home^exp~food~nan~肯德基~~home|>100|zh;
pickacct	|^a0|
notes	xfer~rent~﻿coffee~8~_^xfer~rent~  lunch  ~-5~_|xfer,rent,0|
archledger	home^trip^work^^Trip|trip|Trip
archledger	home^trip^work^^Trip||trip
pickledger	home^trip^work^^Trip|home^home^home|trip
search	xfer~~-0~lunch~work~trip^exp~rent~nan~straSSe~_~home^exp~zz~10.5~﻿coffee~work;food~^exp~rent~10.5~LUNCH~_~_|>-1|zh;
archledger	home^trip||trip
archledger	home^trip^work^^Trip||work
search	xfer~zz~1e21~LUNCH~﻿tag~home|>﻿100|en;
search	inc~trans~-3~>abc~_~trip^inc~trans~-0~ΑΣ~﻿tag~^xfer~food~99.995~coffee~work;food~|i̇stanbul|en;zz::自定义:Custom
archledger	||work
notes	|exp,trans,6|
search	inc~rent~10.5~strasse~work~Trip|=0.30000000000000004|en;
archacct	||
pickledger	|home^^home|Trip
pickledger	|home^home|trip
search	exp~food~0.3~Lunch~﻿tag~^exp~rent~0.3~Istanbul~work;food~Trip^inc~zz~1e21~straSSe~_~^inc~trans~1~straSSe~work~home^inc~trans~99.995~ΑΣ~work~home|trip|en;zz::自定义:Custom
search	xfer~trans~0.30000000000000004~strasse~_~Trip^inc~rent~0.3~肯德基~﻿tag~home|>﻿100|en;
archledger	home|work^Trip^|Trip
search	inc~rent~0.3~LUNCH~work;food~home^inc~food~100~kfc~work~trip|>=|en;
search	xfer~zz~nan~kfc~~trip|>100|zh;zz::自定义:Custom
search	xfer~food~0.3~﻿coffee~work;food~|>0.3|en;
search	exp~food~0.30000000000000004~肯德基~work~_|>=100|zh;
notes	xfer~food~lunch~7~_^xfer~food~lunch~12~0^xfer~food~lunch~8~_^xfer~food~~8~_^xfer~food~﻿coffee~6~_|xfer,food,3|
notes	xfer~trans~_~3~_^xfer~trans~tea~12~0^xfer~rent~~9~_^xfer~trans~_~0~1700000000000^xfer~trans~tea~-4~1700000000000|xfer,trans,1|
archacct	a0~1^a1~_^a2~1^a3~1^a4~_|a9^a9|
pickacct	a0~0||
archledger	||
pickacct	a0~0^a1~_|a0|
archledger	||home
notes	xfer~trans~_~2~_^xfer~trans~_~1~1700000000000^xfer~trans~tea~7~0^xfer~trans~_~9~1700000000000|xfer,trans,3|
pickacct	a0~_^a1~1^a2~0|a1|
archacct	||
notes	_~~coffee~18~0^xfer~food~coffee~-5~_^xfer~~tea~5~_^xfer~food~_~-4~1700000000000^xfer~food~coffee~14~1700000000000|xfer,food,3|
archledger	|home|home
search	exp~rent~0~straSSe~work~_|> 100 x|zh;
pickledger	||work
search	exp~trans~1~Lunch~﻿tag~trip^exp~rent~nan~İstanbul~_~_|=0.30000000000000004|zh;
search	exp~trans~99.995~﻿coffee~_~Trip|coffee|en;
pickacct	a0~0^a1~0^a2~1^a3~_||
pickacct	a0~0^a1~1^a2~1^a3~1^a4~1|a0^a0|
archacct	a0~0^a1~1^a2~1|a1^a9|
search	exp~zz~0.30000000000000004~Lunch~﻿tag~trip^exp~food~-0~Σ~﻿tag~trip^inc~rent~0.30000000000000004~kfc~work~|>﻿100|en;
notes	_~food~~13~_^xfer~food~﻿coffee~12~_^_~rent~lunch~19~0^xfer~food~tea~10~_^xfer~food~  lunch  ~14~0|xfer,food,1|
search	inc~food~1e21~100~work~home^exp~~1e21~strasse~work~^exp~trans~1~﻿coffee~work~^inc~food~99.995~~﻿tag~_|<=100|en;
search	exp~trans~0.3~  spaced  ~_~trip^xfer~trans~99.995~~~Trip|>100abc|zh;
search	exp~rent~0.30000000000000004~肯德基~work~_^xfer~~100~  spaced  ~_~^inc~trans~0.3~kfc~work~trip^exp~trans~10.5~kfc~~^exp~zz~10.5~肯德基~work;food~home|>=|en;
notes	inc~zz~lunch~18~_^inc~zz~lunch~-3~0^inc~zz~coffee~10~_|inc,zz,3|
pickledger	home|work|work
archacct	a0~_^a1~_||
notes	xfer~~lunch~9~1700000000000|xfer,,3|
notes	inc~food~lunch~0~0^inc~~tea~1~1700000000000^inc~zz~tea~11~1700000000000^inc~zz~coffee~5~_^inc~zz~  lunch  ~1~0^inc~zz~lunch~-2~1700000000000^inc~zz~_~12~0|inc,zz,0|
archacct	a0~_^a1~_|a9^a1|
search	inc~food~-3~lunch~﻿tag~|>0.3|en;
archledger	home^trip^work^^Trip|work^Trip^trip|
search	exp~food~99.995~100~work~trip^exp~trans~100~kfc~work~home^inc~zz~10.5~  spaced  ~work~trip^xfer~rent~10.5~肯德基~work~home^exp~rent~-0~~work~trip|=0.3|en;
archledger	home|trip|work
pickacct	a0~0^a1~_||
search	exp~food~99.995~>abc~work~Trip^exp~~-3~coffee~~trip^inc~trans~1e21~>abc~work;food~Trip||zh;
search	inc~zz~0~İstanbul~work;food~_^xfer~~10.5~﻿coffee~﻿tag~_^exp~zz~1e21~100~~_^inc~~-3~  spaced  ~_~home^exp~zz~100~İstanbul~﻿tag~home|work|zh;
search	exp~~1~Σ~~Trip^exp~trans~99.995~ΑΣ~work;food~home|﻿lunch|en;rent::自定义:Custom
search	exp~rent~1e21~Istanbul~work~Trip^xfer~~1~lunch~_~home^exp~~10.5~>abc~work~_|>0.3|zh;
pickledger	|trip^Trip^work|trip
pickledger	|Trip^work|trip
archacct	a0~_||
search	exp~food~-0~~﻿tag~^xfer~~1~straSSe~work~^xfer~food~0.3~~﻿tag~_^exp~food~-3~  spaced  ~﻿tag~_^exp~rent~-3~Σ~work~home|>=|zh;::自定义:Custom
notes	inc~trans~lunch~18~_^inc~trans~coffee~0~0^exp~zz~~5~_^inc~trans~coffee~0~_^inc~trans~~9~0^inc~trans~~14~1700000000000^exp~rent~_~5~1700000000000|inc,trans,6|
notes	exp~food~﻿coffee~15~1700000000000^exp~food~lunch~10~1700000000000|exp,food,1|
pickacct	a0~_^a1~0||
notes	xfer~food~tea~10~0^inc~food~coffee~8~_^inc~food~﻿coffee~15~_|inc,food,1|
pickledger	home^trip^work^||Trip
pickacct	||
archacct	a0~_^a1~1^a2~0^a3~_||
archledger	home^trip^work^^Trip||work
pickacct	a0~_^a1~_^a2~0||
notes	exp~food~coffee~7~_^exp~food~lunch~2~0^exp~food~lunch~-5~0^exp~food~_~16~_^exp~food~~9~_^exp~food~﻿coffee~-5~1700000000000^exp~food~lunch~18~1700000000000^exp~food~coffee~-3~_|exp,food,0|
pickledger	home^trip^work^^Trip|^trip^|home
search	exp~trans~nan~Σ~work~trip^exp~trans~nan~Istanbul~_~home^exp~food~1e21~coffee~~trip^xfer~~0.3~~work;food~trip^exp~~0.3~肯德基~work;food~_|﻿|en;
archledger	home^trip|Trip|
notes	exp~rent~  lunch  ~11~0^exp~rent~coffee~17~0^exp~rent~lunch~17~0^exp~rent~﻿coffee~10~1700000000000^exp~trans~lunch~16~_^exp~~﻿coffee~-4~_^exp~rent~lunch~-4~_|exp,rent,20|
search	xfer~rent~-3~肯德基~work;food~|lunch|en;
archledger	home|Trip^work|trip
notes	inc~rent~coffee~8~_^inc~rent~lunch~1~_^inc~rent~coffee~10~_^inc~rent~coffee~-4~_^inc~rent~coffee~18~_^exp~food~﻿coffee~4~0^inc~rent~lunch~0~0^inc~rent~lunch~8~_|inc,rent,3|
search	xfer~rent~99.995~kfc~work;food~Trip^exp~food~1~coffee~~Trip^exp~~-3~~_~Trip^exp~food~nan~strasse~_~home|>abc|zh;
search	exp~rent~0~coffee_BOM~﻿tag~|>100|zh;
archledger	|trip^|Trip
search	xfer~rent~1e21~coffee~﻿tag~^exp~rent~0~coffee~work~_|<100|zh;trans::自定义:Custom
pickacct	a0~_^a1~0|a0|
search	inc~~99.995~~work~_|> 100|zh;
archacct	a0~0^a1~1^a2~_^a3~1^a4~0|a1^a1|
search	xfer~zz~0.30000000000000004~straSSe~﻿tag~home^inc~food~10.5~straSSe~﻿tag~_||en;::自定义:Custom
search	xfer~trans~-0~Istanbul~~home^inc~~99.995~肯德基~~^exp~trans~0.3~肯德基~~home^xfer~rent~-3~coffee~﻿tag~Trip|>100|en;
archledger	home|work^trip^trip|work
notes	inc~rent~tea~17~1700000000000^xfer~rent~~-3~0|xfer,rent,20|
notes	xfer~rent~coffee~7~_^inc~~  lunch  ~13~0|inc,,0|
pickacct	a0~_^a1~_^a2~1^a3~1|a1^a0|
search	exp~~-0~100~work~home||en;zz::自定义:Custom
pickledger	|Trip^Trip^Trip|home
notes	exp~zz~tea~14~0|exp,zz,20|
archledger	|home^home|
notes	xfer~zz~  lunch  ~19~_^xfer~food~~2~1700000000000|xfer,food,1|
search	inc~trans~99.995~Lunch~work~trip^exp~rent~1e21~straSSe~﻿tag~home|> 100|en;
search	exp~zz~0~İstanbul~﻿tag~trip^exp~food~0.3~İstanbul~_~Trip^exp~zz~0.30000000000000004~100~work~home^exp~trans~1e21~straSSe~work;food~home^inc~rent~99.995~lunch~_~|100|en;rent::自定义:Custom
pickacct	a0~0^a1~_^a2~1|a1|
notes	|xfer,rent,20|
notes	inc~~﻿coffee~-2~_|inc,,20|
pickacct	a0~_^a1~0^a2~1^a3~0|a1|
pickacct	a0~0^a1~_^a2~0||
notes	xfer~~lunch~7~0^exp~food~lunch~13~1700000000000^xfer~~tea~-2~_|xfer,,0|
notes	exp~trans~lunch~1~_^exp~trans~lunch~13~0|exp,trans,20|
pickacct	a0~1^a1~1^a2~0^a3~_^a4~_||
notes	inc~trans~coffee~6~0^inc~trans~lunch~-5~_^inc~trans~coffee~0~1700000000000^inc~trans~_~4~_|inc,trans,1|
archacct	a0~_|^|
archacct	a0~1^a1~1^a2~_^a3~1^a4~0||
pickledger	home^trip^work|Trip^trip^Trip|work
notes	inc~rent~lunch~-1~_^exp~~lunch~6~_^inc~rent~lunch~12~_|inc,rent,0|
notes	xfer~rent~﻿coffee~15~0^xfer~rent~coffee~17~_|xfer,rent,6|
notes	inc~rent~~16~0|inc,rent,0|
pickledger	home^trip^work^^Trip||
search	exp~~0.30000000000000004~coffee~﻿tag~trip^exp~trans~10.5~coffee~work~home^xfer~food~nan~Lunch~work;food~Trip^exp~food~-0~coffee~work;food~Trip|food|en;zz::自定义:Custom
search	exp~rent~0.30000000000000004~﻿coffee~_~trip^inc~rent~-3~100~work~_^xfer~rent~100~coffee_BOM~work;food~trip|> 100|en;zz::自定义:Custom
notes	xfer~~lunch~0~_^xfer~~﻿coffee~10~_^xfer~~coffee~-3~_^xfer~~﻿coffee~-3~0^xfer~~~3~_^xfer~~  lunch  ~8~_^xfer~~tea~19~1700000000000^exp~food~coffee~3~0|xfer,,20|
pickledger	home^trip^work^^Trip|home^^trip|home
search	exp~rent~0.30000000000000004~  spaced  ~_~Trip|work|zh;
archacct	a0~1^a1~0^a2~_^a3~0^a4~1|^|
pickledger	home^trip^work^^Trip||home
archacct	a0~1^a1~1||
pickledger	home^trip^work^^Trip|work|work
notes	exp~zz~  lunch  ~17~0^exp~zz~coffee~5~_|exp,zz,0|
search	exp~zz~-3~kfc~work~_^inc~~0.30000000000000004~Σ~﻿tag~Trip^inc~trans~1~﻿coffee~work;food~_|=0.30000000000000004|zh;
pickacct	|a1|
search	inc~zz~0.3~>abc~work~trip^exp~zz~nan~kfc~_~home^exp~rent~10.5~coffee_BOM~work~^xfer~zz~99.995~kfc~~_|work|zh;zz::自定义:Custom
search	exp~rent~0.30000000000000004~strasse~_~trip^exp~~10.5~kfc~_~_^xfer~food~100~100~~home^xfer~rent~100~_~_~Trip^inc~food~0~strasse~_~home||en;trans::自定义:Custom
notes	inc~rent~﻿coffee~18~1700000000000^inc~rent~coffee~15~_^exp~~~15~0^_~food~tea~16~0^inc~rent~coffee~-3~1700000000000^inc~rent~coffee~16~_^inc~rent~_~5~1700000000000|inc,rent,1|
notes	exp~trans~coffee~10~_^xfer~trans~coffee~8~1700000000000^xfer~trans~﻿coffee~12~_^xfer~trans~lunch~1~_^xfer~trans~_~17~_|xfer,trans,3|
notes	exp~food~﻿coffee~-5~1700000000000^exp~food~coffee~-4~0^exp~food~coffee~14~_|exp,food,20|
archacct	a0~_^a1~_|a0|
pickacct	a0~_^a1~0^a2~1^a3~_^a4~1|a0^a9|
archledger	home^trip^work^^Trip||Trip
search	inc~rent~1~kfc~work~_^exp~zz~99.995~﻿coffee~work;food~Trip^exp~~-0~100~work;food~trip|>0.3|zh;
notes	xfer~trans~~1~_^xfer~trans~~2~0|xfer,trans,3|
archacct	|^a9|
archledger	home^trip^work^^Trip|work|
search	xfer~~0.30000000000000004~coffee_BOM~work;food~^exp~trans~-0~coffee~~_^inc~trans~99.995~Σ~work~_^xfer~rent~99.995~lunch~﻿tag~home|<=100|zh;
archledger	home^trip^work^|Trip^work|Trip
archledger	home^trip^work|home|
notes	exp~zz~﻿coffee~9~1700000000000^exp~zz~coffee~11~1700000000000^exp~zz~  lunch  ~5~_^exp~zz~lunch~18~_|exp,zz,20|
notes	|xfer,zz,6|
archledger	home^trip|^work|home
archledger	||home
search	exp~food~-0~strasse~_~Trip^exp~~-0~kfc~work~_^inc~food~0~LUNCH~~home|=0.3|en;
pickacct	a0~1^a1~0|a9|
search	exp~rent~10.5~Lunch~~Trip^exp~~0~coffee~work;food~trip^inc~trans~-0~lunch~_~home^inc~food~0.30000000000000004~İstanbul~work;food~_^exp~rent~0.30000000000000004~ΑΣ~work;food~trip|>﻿100|zh;
pickacct	a0~1^a1~_|a0^|
pickledger	home^trip^work|trip|trip
search	exp~~99.995~LUNCH~_~trip^xfer~~0~coffee~_~Trip^inc~trans~99.995~lunch~work~home^inc~rent~1~>abc~﻿tag~trip|Ας|en;
search	inc~food~nan~ΑΣ~work~_^exp~~-3~~_~^exp~trans~1~  spaced  ~_~_^exp~~nan~coffee~~_|<100|zh;
pickledger	|Trip^trip^Trip|home
notes	inc~trans~_~18~_^inc~rent~﻿coffee~-2~1700000000000^inc~rent~﻿coffee~13~_|inc,rent,1|
search	exp~~-3~İstanbul~work;food~trip^xfer~food~100~~_~home^xfer~~100~﻿coffee~﻿tag~Trip^inc~zz~1~100~﻿tag~home|>100abc|zh;
notes	xfer~food~~0~1700000000000^xfer~food~  lunch  ~7~_^inc~~coffee~9~_|xfer,food,3|
search	exp~trans~0.3~100~~trip^xfer~trans~0~~work~^inc~food~1e21~ΑΣ~work;food~trip|99.995|zh;
search	exp~zz~1~strasse~~home^xfer~~0~straSSe~_~home^xfer~~0.30000000000000004~coffee~﻿tag~_^exp~~0.30000000000000004~kfc~_~home^exp~~-0~100~_~|work|en;
notes	inc~food~lunch~13~_^inc~food~lunch~1~1700000000000^inc~food~coffee~1~_^_~trans~lunch~8~_^inc~food~﻿coffee~7~1700000000000^inc~food~_~7~_^inc~food~lunch~1~_|inc,food,6|
pickledger	home|trip^work^work|trip
search	exp~trans~nan~Lunch~~home^inc~trans~-3~  spaced  ~~Trip^exp~rent~1e21~straSSe~work~_^exp~trans~nan~coffee_BOM~work;food~home^exp~~0~kfc~_~|>　100|zh;
search	exp~~nan~coffee~~Trip|99.995|en;food::自定义:Custom
notes	exp~rent~lunch~8~1700000000000|exp,rent,1|
notes	_~food~﻿coffee~10~_^xfer~rent~~-1~_^xfer~rent~﻿coffee~-3~0^xfer~rent~lunch~0~1700000000000^xfer~rent~_~12~0^xfer~rent~~5~1700000000000^xfer~rent~_~6~_^xfer~rent~lunch~8~1700000000000|xfer,rent,6|
notes	exp~zz~﻿coffee~15~1700000000000^exp~rent~tea~-5~_^exp~rent~~12~_^exp~rent~lunch~-2~0^exp~rent~lunch~14~_^exp~rent~tea~15~0^exp~rent~_~2~_^xfer~trans~﻿coffee~11~1700000000000|exp,rent,0|
search	exp~~0~strasse~~^inc~trans~nan~Σ~﻿tag~^inc~zz~-3~100~~home^inc~zz~-3~Istanbul~﻿tag~trip^xfer~rent~100~Istanbul~~trip| |en;
search	xfer~rent~-0~coffee_BOM~work;food~trip|>=|zh;
archacct	a0~1^a1~0^a2~1^a3~1^a4~_||
search	exp~food~100~  spaced  ~work~^exp~rent~10.5~Lunch~work;food~|>100|en;
notes	xfer~zz~lunch~-1~_^inc~trans~  lunch  ~8~_^xfer~zz~coffee~-2~_^_~zz~coffee~1~_^xfer~zz~~10~1700000000000^xfer~zz~tea~-2~_^xfer~zz~  lunch  ~15~0|xfer,zz,0|
archacct	a0~1||
notes	inc~trans~coffee~0~_^inc~trans~  lunch  ~-3~0^inc~trans~~-2~1700000000000^inc~trans~coffee~14~1700000000000^inc~trans~~19~_|inc,trans,3|
search	exp~food~99.995~straSSe~_~Trip|i̇stanbul|zh;
search	exp~trans~1~straSSe~~^exp~trans~-3~_~~home|=100|en;rent::自定义:Custom
archacct	a0~0^a1~0||
notes	exp~rent~_~17~0^exp~food~~13~_^_~rent~coffee~-5~_^exp~rent~  lunch  ~17~0|exp,rent,1|
search	xfer~~-0~~~^inc~food~10.5~ΑΣ~_~Trip^xfer~rent~-3~_~_~trip^xfer~trans~-3~İstanbul~work~Trip^exp~zz~100~_~﻿tag~_|>100|zh;
pickledger	home^trip|^home^work|work
search	exp~food~-0~İstanbul~﻿tag~trip|lunch|en;zz::自定义:Custom
pickacct	a0~1||
search	inc~trans~99.995~Σ~work;food~trip^exp~~99.995~kfc~_~trip^exp~trans~-0~﻿coffee~work~_^exp~zz~0.30000000000000004~coffee~work~home^inc~zz~99.995~肯德基~﻿tag~|>=100|en;
notes	inc~rent~_~4~1700000000000^inc~rent~﻿coffee~-1~0^inc~rent~  lunch  ~9~_^xfer~food~  lunch  ~12~0^inc~rent~﻿coffee~15~0^xfer~food~lunch~8~_|inc,rent,3|
notes	_~zz~  lunch  ~18~1700000000000^exp~zz~coffee~15~0^exp~zz~tea~-1~0^exp~zz~﻿coffee~1~0^exp~zz~~12~0^exp~zz~~-1~_|exp,zz,0|
search	inc~trans~0.3~Lunch~~^exp~rent~1~ΑΣ~work;food~_^exp~~0.3~coffee~~|food|zh;
pickacct	a0~_^a1~1||
notes	inc~trans~_~8~_^exp~rent~_~6~_^inc~trans~  lunch  ~20~0^xfer~~coffee~3~_^inc~trans~lunch~16~_^inc~trans~﻿coffee~12~0|inc,trans,0|
archledger	|home|work
search	xfer~~0.30000000000000004~肯德基~~_^xfer~zz~0~strasse~_~|>=|zh;
archacct	a0~0^a1~_^a2~1^a3~0|a0^a0|
search	inc~food~nan~lunch~~trip|100|zh;
notes	inc~food~_~9~1700000000000^_~rent~coffee~10~1700000000000^inc~food~~3~0|inc,food,3|
notes	inc~food~coffee~9~_^inc~food~lunch~18~_^inc~food~_~16~0^inc~food~_~-5~_^inc~food~tea~17~_^inc~food~lunch~7~0|inc,food,3|
archacct	||
notes	xfer~food~~14~_^xfer~food~~8~1700000000000^xfer~food~lunch~7~1700000000000^xfer~food~lunch~6~_^xfer~food~﻿coffee~12~_^xfer~rent~_~15~1700000000000|xfer,food,3|
pickacct	a0~_||
pickledger	home^trip^work|home^home^trip|Trip
notes	inc~food~coffee~10~0^exp~food~﻿coffee~17~0^inc~food~~2~_^inc~food~  lunch  ~10~0|inc,food,3|
notes	inc~~coffee~7~0^inc~~  lunch  ~12~_^_~~coffee~-2~0^xfer~trans~coffee~-4~_^inc~~lunch~-1~_|inc,,20|
archacct	a0~1^a1~_^a2~0|a9|
pickledger	home^trip|Trip|work
search	xfer~rent~0.30000000000000004~~_~trip|<=100|zh;trans::自定义:Custom
archacct	a0~_|^a9|
archacct	a0~_^a1~0^a2~0|a1|
archacct	||
notes	inc~~~10~1700000000000|inc,,6|
archacct	a0~1^a1~_^a2~_^a3~_|^a9|
pickledger	home^trip^work^^Trip|work^trip|Trip
pickledger	home^trip^work^|trip|work
archacct	a0~_|a0|
pickacct	a0~0^a1~1^a2~1^a3~1||
search	inc~~1~肯德基~work;food~home^exp~rent~1e21~Σ~_~trip|1e+21|zh;
search	exp~~99.995~coffee_BOM~_~^exp~rent~-0~coffee_BOM~_~Trip^xfer~trans~0.3~~work;food~trip^xfer~trans~100~~work~^exp~trans~1~100~work;food~Trip|trip|zh;
archacct	a0~_||
pickledger	home^trip||
notes	xfer~food~  lunch  ~4~0^xfer~trans~  lunch  ~0~_^xfer~food~  lunch  ~3~0^xfer~food~coffee~-4~1700000000000^xfer~food~lunch~4~_^xfer~food~﻿coffee~-5~_|xfer,food,6|
notes	inc~~lunch~-2~1700000000000^inc~~~13~_^exp~food~  lunch  ~-1~1700000000000^inc~~coffee~12~1700000000000^inc~~coffee~5~1700000000000^_~zz~﻿coffee~14~0^_~zz~coffee~10~0^exp~~  lunch  ~17~_|inc,,6|
pickacct	||
notes	xfer~food~~17~_^xfer~food~coffee~3~1700000000000^inc~trans~coffee~17~0^xfer~food~coffee~7~0^xfer~~coffee~12~1700000000000|xfer,food,3|
archacct	a0~_^a1~0^a2~0^a3~1^a4~0|a1^a0|
archacct	a0~1^a1~_^a2~_^a3~0^a4~1||
notes	|xfer,zz,6|
notes	|xfer,trans,20|
archledger	home^trip||work
search	inc~food~1~kfc~work~_^xfer~~0~  spaced  ~work~home^inc~zz~-0~coffee~~_^inc~zz~100~100~_~_^exp~rent~-0~_~work~_||en;
archacct	||
pickacct	a0~_^a1~0||
pickacct	a0~0||
search	xfer~trans~0~肯德基~_~_^exp~~-0~strasse~~trip^inc~rent~nan~ΑΣ~work;food~_^exp~~0.3~strasse~~Trip|>100abc|en;
notes	inc~rent~~17~1700000000000^xfer~~﻿coffee~6~0^inc~rent~lunch~-5~0|inc,rent,6|
pickacct	a0~1^a1~0^a2~1^a3~_^a4~1|a0^a1|
pickledger	|work^home|work
archledger	home||
pickacct	a0~_^a1~_|a0|
search	exp~food~-0~肯德基~﻿tag~_^exp~~10.5~İstanbul~﻿tag~_^inc~food~99.995~Istanbul~﻿tag~home^inc~zz~0~肯德基~_~^xfer~~100~ΑΣ~﻿tag~Trip|> 100|zh;
search	exp~zz~-3~肯德基~_~^exp~~1e21~ΑΣ~_~_^exp~rent~99.995~﻿coffee~work~^exp~food~10.5~Istanbul~﻿tag~trip^exp~rent~1~İstanbul~work;food~Trip|=0.30000000000000004|zh;
search	inc~zz~0~~_~_^xfer~zz~100~_~﻿tag~home^exp~zz~0.30000000000000004~coffee~work~trip^inc~trans~1e21~_~work;food~|lunch_BOM|zh;rent::自定义:Custom
search	exp~food~99.995~coffee_BOM~_~^exp~food~1e21~straSSe~﻿tag~home^xfer~food~-3~straSSe~work~home^exp~rent~1~Σ~﻿tag~home|lunch_BOM|zh;
archacct	a0~0^a1~1^a2~1^a3~1^a4~_||
archacct	a0~_^a1~1^a2~0^a3~1|a0|
search	xfer~trans~1~kfc~work;food~Trip^exp~~nan~LUNCH~work~trip||zh;
search	inc~rent~10.5~ΑΣ~work~trip^inc~trans~99.995~ΑΣ~﻿tag~_|=1x|zh;
notes	|inc,zz,20|
notes	exp~~lunch~6~_^exp~~coffee~15~_^exp~~tea~-2~1700000000000^exp~~  lunch  ~16~0^inc~food~coffee~18~0|exp,,20|
pickledger	home^trip^work|trip|home
pickacct	a0~0^a1~1^a2~1^a3~1^a4~_||
notes	xfer~~coffee~13~_^inc~rent~  lunch  ~11~_|xfer,,0|
search	xfer~rent~0.30000000000000004~ΑΣ~﻿tag~home^inc~rent~1e21~100~~home^exp~~99.995~  spaced  ~work~trip^exp~rent~1e21~100~~trip^xfer~~10.5~>abc~~_||zh;
search	exp~rent~-0~100~~Trip|>-1|en;
notes	xfer~trans~﻿coffee~14~_^inc~rent~_~13~_^exp~food~coffee~-4~_^exp~food~lunch~1~0^exp~food~coffee~5~0^exp~food~~13~0^exp~food~coffee~20~1700000000000^exp~food~lunch~1~_|exp,food,20|
search	exp~rent~-0~strasse~work~trip| |en;
archledger	home||Trip
search	inc~food~0~LUNCH~﻿tag~_^xfer~trans~-3~ΑΣ~work;food~Trip^exp~rent~0~İstanbul~work;food~_^xfer~zz~1~100~﻿tag~_^xfer~food~99.995~~work~Trip|=1x|en;
archledger	home|work^work|home
archacct	a0~0^a1~1^a2~0^a3~1^a4~_|a0|
notes	|xfer,zz,3|
archacct	a0~_||
pickledger	home^trip^work^|^trip^home|Trip
search	exp~zz~100~肯德基~work~trip^inc~zz~0~coffee~_~Trip^exp~~100~lunch~work~Trip|=0.30000000000000004|en;
pickacct	a0~1^a1~1^a2~_|a9|
search	exp~rent~10.5~  spaced  ~~Trip|=0.3|en;rent::自定义:Custom
archledger	||work
archledger	home||
pickacct	a0~0^a1~0^a2~1^a3~0^a4~0|a9|
search	exp~rent~100~straSSe~work;food~_^xfer~rent~-3~lunch~﻿tag~trip^xfer~zz~0.30000000000000004~Lunch~﻿tag~|Ας|en;
search	inc~~0~coffee_BOM~﻿tag~^inc~trans~0~coffee~_~^exp~zz~10.5~  spaced  ~work~_^exp~food~-3~~_~Trip|>﻿100|en;::自定义:Custom
search	exp~food~100~strasse~_~home|work|en;
archledger	home^trip^work|^home^Trip|Trip
archacct	a0~0|^|
archacct	a0~_^a1~0|a0|
search	exp~trans~1e21~strasse~~trip^exp~zz~1~Istanbul~_~trip|i̇stanbul|zh;food::自定义:Custom
archledger	|Trip|work
pickledger	home^trip|Trip|home
search	xfer~food~nan~﻿coffee~~_|肯德基|en;
search	exp~trans~-0~ΑΣ~﻿tag~home^xfer~food~1e21~﻿coffee~~|>﻿100|en;
notes	xfer~zz~~8~_^xfer~zz~coffee~-1~_^exp~~  lunch  ~11~1700000000000^xfer~zz~tea~-5~_|xfer,zz,6|
archacct	a0~0^a1~1|a0^a0|
search	inc~rent~10.5~kfc~_~_^exp~trans~-3~coffee~﻿tag~home^exp~~100~100~work~trip^exp~rent~99.995~coffee~work;food~home^exp~zz~99.995~LUNCH~﻿tag~Trip|﻿|zh;rent::自定义:Custom
search	xfer~~1~~_~^xfer~~-3~LUNCH~work~home^inc~~0.30000000000000004~  spaced  ~﻿tag~_||en;
search	exp~food~100~ΑΣ~work;food~^inc~food~0~strasse~work~^inc~food~-3~strasse~_~Trip^exp~food~nan~Lunch~﻿tag~_|﻿lunch|zh;
pickledger	home^trip^work^|home|Trip
archacct	||
search	inc~trans~1~>abc~work;food~Trip^xfer~~-0~kfc~~_|kfc|zh;
search	inc~rent~1e21~>abc~work;food~home|>﻿100|zh;
search	exp~zz~99.995~coffee_BOM~_~|﻿lunch|en;food::自定义:Custom
notes	|xfer,rent,20|
notes	|exp,food,1|
archacct	|a1^a0|
search	exp~~-3~straSSe~work~Trip|=0.30000000000000004|en;
archledger	home^trip^work||Trip
notes	xfer~~﻿coffee~6~_|inc,food,0|
search	exp~trans~10.5~_~work;food~trip^xfer~~100~LUNCH~﻿tag~_^inc~zz~-3~~work~_^inc~food~99.995~ΑΣ~work;food~Trip||en;
pickacct	a0~_^a1~_^a2~0^a3~_|a1^a0|
notes	inc~trans~coffee~-5~_^inc~trans~~18~_^inc~trans~coffee~8~_^inc~trans~lunch~5~1700000000000^inc~trans~tea~4~_^exp~~coffee~5~1700000000000|inc,trans,20|
notes	_~~tea~15~_^xfer~food~  lunch  ~12~_^xfer~food~﻿coffee~12~_^inc~food~~16~_^exp~~tea~5~_^exp~food~lunch~18~_^xfer~food~coffee~9~_^xfer~food~coffee~11~1700000000000|xfer,food,3|
notes	exp~rent~coffee~20~0^exp~rent~_~4~_^exp~rent~lunch~10~1700000000000^xfer~food~tea~-1~_|exp,rent,1|
pickledger	home^trip^work^^Trip||trip
pickacct	a0~_^a1~0^a2~0^a3~1|a0^a0|
notes	exp~zz~~13~1700000000000^exp~zz~coffee~12~1700000000000^exp~zz~tea~0~0^exp~zz~tea~0~0|exp,zz,20|
search	exp~trans~0~Lunch~_~^exp~food~0.30000000000000004~﻿coffee~work;food~_|<100|zh;::自定义:Custom
pickacct	a0~_^a1~0^a2~_^a3~1^a4~1|a9|
archledger	home^trip^work^||
search	exp~~0~ΑΣ~work~trip^inc~zz~99.995~Istanbul~work;food~trip|trip|en;
pickacct	a0~0||
search	xfer~~100~kfc~~Trip^exp~rent~1~lunch~﻿tag~home|10.5|en;
search	xfer~rent~100~肯德基~_~_|﻿|zh;
pickacct	a0~1|a9|
notes	xfer~trans~tea~6~_|inc,,0|
pickacct	a0~_^a1~0^a2~0||
pickledger	home||work
pickledger	home^trip|work|trip
pickacct	a0~1^a1~_^a2~_^a3~1||
pickledger	home^trip||home
archacct	a0~1^a1~1^a2~1^a3~1|a9^a9|
archledger	|work|
notes	xfer~trans~~15~0^xfer~rent~  lunch  ~-3~_^xfer~trans~coffee~11~_^xfer~trans~coffee~7~1700000000000^xfer~trans~~2~_|xfer,trans,6|
pickledger	home^trip|work^Trip|trip
search	exp~trans~99.995~kfc~﻿tag~Trip^inc~~10.5~LUNCH~work;food~^inc~~10.5~100~﻿tag~|>100abc|en;
search	exp~zz~1~_~﻿tag~_^exp~food~-0~ΑΣ~work~trip|<=100|zh;
notes	inc~rent~~14~0^inc~rent~lunch~-2~1700000000000^inc~rent~coffee~0~_^inc~rent~~0~0^exp~~coffee~14~1700000000000^inc~rent~  lunch  ~9~0|inc,rent,0|
search	inc~trans~1~﻿coffee~_~|> 100|zh;
search	inc~~nan~肯德基~work~trip^inc~food~1e21~straSSe~~|>=100|en;
search	xfer~zz~1~100~_~^exp~rent~1~straSSe~﻿tag~Trip|=0.3|zh;
notes	inc~~lunch~0~1700000000000^inc~~  lunch  ~3~0^_~rent~tea~9~_|inc,,3|
search	inc~rent~nan~100~﻿tag~^xfer~zz~100~coffee_BOM~_~^xfer~zz~0.3~İstanbul~~^inc~zz~0~kfc~work~trip|=100|en;
archledger	home|trip|trip
archledger	home^trip^work^|home^work^trip|
archacct	|a1|
pickledger	|home^work|
pickledger	home^trip||home
pickledger	home^trip|Trip^home|
pickacct	a0~0^a1~1^a2~1||
archacct	a0~0^a1~0|a9|
archledger	home^trip^work^|work^Trip|Trip
archacct	a0~1^a1~_^a2~_^a3~1|a1^a0|
search	exp~trans~-3~kfc~work;food~Trip^xfer~food~-0~strasse~work~Trip|Ας|en;trans::自定义:Custom
search	exp~~1e21~kfc~~trip|lunch|zh;::自定义:Custom
search	exp~food~100~LUNCH~﻿tag~^exp~trans~10.5~100~work;food~Trip|coffee|zh;food::自定义:Custom
search	xfer~~0~LUNCH~﻿tag~trip^exp~~nan~LUNCH~﻿tag~|=0.3|zh;
search	exp~~1e21~kfc~﻿tag~Trip^exp~~nan~  spaced  ~work;food~trip^exp~~-0~>abc~﻿tag~Trip|99.995|zh;
archacct	a0~0^a1~0|a1|
search	xfer~rent~0.30000000000000004~  spaced  ~~trip|> 100|zh;
archledger	home^trip^work^|^^work|Trip
notes	exp~trans~  lunch  ~0~_^exp~trans~coffee~-3~0^exp~trans~coffee~1~_^exp~trans~coffee~1~1700000000000^exp~trans~coffee~-5~0|exp,trans,0|
notes	inc~rent~lunch~17~0|inc,rent,1|
archacct	a0~0|a0^a9|
pickacct	a0~0^a1~0^a2~_||
search	inc~trans~0.30000000000000004~ΑΣ~_~trip^inc~zz~99.995~LUNCH~work;food~_|>-1|zh;
pickledger	home^trip^work||Trip
pickacct	a0~_|^a0|
search	xfer~zz~1~LUNCH~~Trip|<100|en;
pickledger	home^trip|trip^Trip^|
pickacct	||
notes	exp~trans~  lunch  ~6~_^exp~trans~lunch~-4~_^exp~trans~coffee~-1~0^exp~trans~  lunch  ~15~1700000000000^exp~trans~coffee~9~0^exp~trans~tea~4~1700000000000^exp~trans~lunch~-5~0|exp,trans,20|
search	inc~food~nan~lunch~work~_^exp~trans~1~coffee~~Trip^exp~trans~nan~﻿coffee~_~^exp~~1~straSSe~_~home^exp~rent~1~>abc~~|> 100 x|en;
search	xfer~zz~99.995~ΑΣ~work~home|trip|en;
notes	exp~~~20~1700000000000^xfer~food~tea~7~_^xfer~food~tea~8~_^xfer~food~lunch~19~0^xfer~food~tea~-2~1700000000000^xfer~food~  lunch  ~-2~0^xfer~food~lunch~4~0^xfer~food~﻿coffee~10~1700000000000|xfer,food,0|
pickacct	a0~_||
search	exp~zz~-0~İstanbul~~^xfer~trans~1e21~~~home^exp~food~-0~﻿coffee~﻿tag~|>0.3|en;
search	exp~rent~0.3~ΑΣ~work~home^inc~trans~nan~ΑΣ~work~^exp~zz~0~ΑΣ~work~home|>﻿100|en;
search	xfer~trans~10.5~straSSe~﻿tag~home^xfer~~-3~coffee_BOM~work;food~Trip^exp~~99.995~coffee_BOM~work~home^exp~food~0.3~肯德基~_~home|=0.3|en;
pickacct	a0~1^a1~_|a9^a0|
search	xfer~zz~0.3~strasse~_~home^xfer~~1~ΑΣ~﻿tag~^xfer~zz~1~Lunch~work;food~Trip|i̇stanbul|zh;
archacct	a0~1^a1~1^a2~_^a3~_^a4~_|a9^a9|
archledger	home|trip|trip
notes	inc~zz~coffee~-5~_^inc~zz~tea~-5~1700000000000^inc~zz~  lunch  ~14~0^inc~zz~_~6~0|inc,zz,20|
notes	inc~zz~_~20~_^inc~~coffee~5~_^inc~zz~﻿coffee~4~1700000000000^xfer~trans~tea~1~_^inc~zz~coffee~16~1700000000000^inc~zz~  lunch  ~-5~_|inc,zz,1|
pickledger	home^trip||work
notes	exp~food~lunch~19~0^exp~food~_~18~_^exp~food~tea~20~0^exp~food~tea~19~_|exp,food,1|
search	exp~~1e21~~work~^xfer~~1e21~~﻿tag~home^inc~rent~1e21~LUNCH~work;food~Trip^xfer~trans~0.30000000000000004~100~work~Trip^xfer~food~1~>abc~_~trip|lunch|zh;
pickledger	home^trip^work^||home
search	exp~~100~Σ~﻿tag~Trip^xfer~trans~0~lunch~work~trip^exp~rent~1~﻿coffee~work;food~trip^exp~rent~1~ΑΣ~work;food~home^exp~trans~10.5~肯德基~﻿tag~trip|=0.3|zh;
pickacct	a0~1^a1~0^a2~0^a3~_^a4~1|a9^a1|
search	exp~rent~1e21~Σ~work~_^inc~food~10.5~  spaced  ~﻿tag~^exp~zz~100~  spaced  ~~trip^exp~rent~-0~coffee~﻿tag~trip^exp~rent~0.30000000000000004~~work~Trip|﻿lunch|zh;
archacct	a0~_^a1~_^a2~0^a3~_^a4~1|a9^a0|
search	inc~trans~0~lunch~work~Trip^exp~~1e21~coffee_BOM~_~home^exp~zz~-0~strasse~﻿tag~trip^inc~~-3~coffee~~home^exp~zz~1e21~İstanbul~work;food~|> 100|zh;
notes	exp~food~_~0~_|exp,food,1|
archacct	a0~1^a1~1||
notes	inc~trans~lunch~-2~1700000000000^inc~trans~﻿coffee~2~_^inc~trans~_~15~1700000000000^inc~trans~lunch~4~_^inc~trans~  lunch  ~16~1700000000000^inc~trans~  lunch  ~20~_^_~rent~tea~11~0^inc~trans~lunch~3~_|inc,trans,20|
pickacct	a0~1^a1~1^a2~_^a3~0^a4~0|a0|
pickacct	|a0|
notes	|exp,rent,0|
search	exp~food~1e21~_~work~Trip^xfer~food~nan~>abc~~Trip^inc~~nan~Σ~~Trip|coffee|en;
search	exp~food~1e21~>abc~﻿tag~^xfer~food~10.5~kfc~~Trip|lunch|en;
archledger	home^trip^work^|^work|Trip
notes	xfer~~lunch~-4~0^xfer~~coffee~-2~0^xfer~~lunch~3~_^xfer~~_~1~1700000000000^exp~zz~lunch~5~_^xfer~~~-4~_|xfer,,20|
search	xfer~zz~-3~  spaced  ~~Trip^xfer~rent~-0~>abc~~^exp~rent~-3~coffee_BOM~work;food~^inc~rent~10.5~Σ~~Trip|﻿|en;
notes	exp~zz~~15~0^xfer~~coffee~18~_^xfer~~  lunch  ~6~1700000000000^inc~~tea~14~_^xfer~~﻿coffee~7~1700000000000^xfer~~coffee~11~_^xfer~~lunch~20~0^xfer~~  lunch  ~3~1700000000000|xfer,,6|
archledger	home^trip||
archacct	a0~1|a0|
archacct	a0~1^a1~0^a2~_^a3~_^a4~1|a1^a9|
archacct	a0~0^a1~_|a0|
notes	xfer~~_~6~_^exp~rent~lunch~19~_^exp~rent~tea~20~1700000000000|exp,rent,0|
search	inc~rent~0~coffee~_~Trip^exp~zz~100~kfc~﻿tag~Trip^exp~~-3~  spaced  ~_~|=0.30000000000000004|zh;zz::自定义:Custom
pickacct	a0~_|a9|
pickledger	home^trip^work^^Trip|home^^trip|Trip
archledger	home^trip^work^^Trip||home
notes	inc~zz~tea~8~_^inc~zz~_~7~0^inc~zz~  lunch  ~2~0|inc,zz,0|
archledger	home^trip^work^|home^trip|Trip
archacct	a0~0^a1~1^a2~1|a0^a9|
archacct	a0~0|^a1|
archledger	home^trip^work|Trip^work^home|work
archledger	home^trip^work^|^work^trip|
notes	_~~lunch~10~0^inc~rent~﻿coffee~1~1700000000000^inc~rent~﻿coffee~8~1700000000000^inc~rent~~20~_^inc~rent~coffee~15~1700000000000^exp~trans~tea~13~_^inc~rent~_~6~0^inc~rent~lunch~2~1700000000000|inc,rent,1|
pickledger	home^trip^work^^Trip|home^trip|home
pickacct	a0~0^a1~_^a2~_^a3~_^a4~_|a9^a0|
pickacct	a0~0^a1~0^a2~0|a1|
search	xfer~rent~nan~100~~_|> 100|zh;food::自定义:Custom
search	xfer~food~-3~coffee~~^inc~food~10.5~coffee~work~^inc~food~0~  spaced  ~~^exp~food~nan~>abc~_~trip^exp~food~-0~coffee~_~Trip| |en;
search	exp~~1e21~Istanbul~_~_|1e+21|en;
notes	exp~zz~﻿coffee~6~1700000000000^exp~zz~~15~_|exp,zz,20|
archledger	home|Trip^work^home|work
pickacct	||
pickacct	a0~0^a1~_^a2~1^a3~_^a4~0||
notes	exp~zz~  lunch  ~15~1700000000000^exp~zz~coffee~-4~_^exp~zz~coffee~7~_^exp~zz~coffee~2~_^xfer~rent~  lunch  ~3~0|exp,zz,3|
search	exp~~-0~﻿coffee~_~trip^xfer~~nan~coffee~~trip^exp~food~nan~_~﻿tag~home^exp~food~99.995~~_~home|>=100|zh;
notes	xfer~food~lunch~6~0|xfer,food,20|
pickacct	a0~_||
search	xfer~rent~10.5~Istanbul~﻿tag~Trip^xfer~trans~0~ΑΣ~~_^inc~trans~10.5~kfc~~Trip^xfer~rent~0.3~~_~Trip|100|zh;
search	exp~trans~0.30000000000000004~肯德基~work;food~|>abc|zh;
search	exp~trans~-0~_~~trip^xfer~~1~straSSe~~Trip^inc~trans~0.3~Σ~﻿tag~_^inc~trans~100~  spaced  ~~home||zh;
search	xfer~food~100~LUNCH~_~trip^inc~rent~10.5~coffee_BOM~work;food~trip||en;
pickledger	||trip
notes	exp~~coffee~0~0^exp~~  lunch  ~13~0^exp~~tea~2~0^inc~zz~﻿coffee~10~0^exp~~~-1~_|exp,,0|
notes	xfer~food~  lunch  ~12~0^xfer~~_~15~_^xfer~food~  lunch  ~19~_^xfer~food~lunch~-5~0^exp~trans~﻿coffee~12~_^xfer~food~~19~_^xfer~food~  lunch  ~-1~_|xfer,food,20|
archledger	home^trip^work^||work
search	xfer~food~1e21~﻿coffee~work;food~Trip|<100|en;zz::自定义:Custom
search	exp~~-3~ΑΣ~~trip|10.5|en;zz::自定义:Custom
archledger	home^trip^work^^Trip|trip|Trip
search	xfer~~-0~肯德基~_~|> 100 x|zh;
archledger	||trip
pickacct	a0~1^a1~1|a0^|
notes	inc~zz~lunch~15~_|inc,zz,0|
notes	_~rent~~13~0^exp~rent~tea~-4~_^exp~rent~coffee~-3~_^exp~rent~coffee~19~1700000000000^exp~rent~lunch~-3~0^exp~rent~tea~16~_^exp~rent~coffee~16~0|exp,rent,0|
archacct	a0~1^a1~_^a2~1^a3~_|^a1|
search	inc~trans~10.5~coffee~~home^exp~trans~nan~_~_~Trip^xfer~trans~-0~straSSe~_~^exp~rent~1~LUNCH~~^exp~food~-3~Σ~﻿tag~|<=100|zh;zz::自定义:Custom
search	exp~~-0~coffee~﻿tag~Trip^exp~~10.5~Σ~﻿tag~trip^xfer~rent~0.30000000000000004~~~^exp~zz~99.995~_~work~_^xfer~food~10.5~straSSe~work~_|LUNCH|en;
notes	inc~zz~~13~1700000000000^_~food~lunch~18~_^xfer~zz~lunch~20~_^xfer~zz~  lunch  ~4~0^xfer~zz~~-1~1700000000000^xfer~zz~coffee~1~0|xfer,zz,1|
notes	inc~food~tea~2~_^inc~food~~20~_|inc,food,20|
search	xfer~food~1~coffee~work~Trip^xfer~rent~-3~lunch~_~trip^inc~food~1e21~lunch~~trip|work|en;
notes	exp~trans~_~18~1700000000000^exp~trans~coffee~20~_|exp,trans,1|
search	xfer~rent~100~~work~_^exp~zz~0~肯德基~work;food~^inc~trans~0~kfc~work~trip^xfer~food~1~coffee_BOM~_~_^exp~food~0.30000000000000004~100~work~_|LUNCH|en;
archacct	a0~_|a9|
pickacct	a0~0^a1~0|a0^|
notes	xfer~~lunch~14~1700000000000|xfer,,1|
pickledger	home^trip|work^trip^Trip|trip
archacct	a0~0^a1~_|a1^a9|
pickacct	a0~1|^a0|
notes	exp~~lunch~10~_^_~rent~﻿coffee~-1~0^_~~lunch~-2~0^exp~~~-4~_^exp~trans~coffee~2~0|exp,,1|
notes	_~food~tea~2~0^inc~trans~~18~_^xfer~trans~coffee~8~0^xfer~trans~lunch~20~0^xfer~trans~~20~_|xfer,trans,6|
notes	_~~tea~3~1700000000000^exp~rent~_~16~1700000000000^exp~rent~_~1~_^xfer~rent~lunch~14~1700000000000^exp~rent~tea~14~_^exp~rent~lunch~-5~1700000000000^exp~rent~﻿coffee~-3~_^exp~rent~lunch~8~1700000000000|exp,rent,20|
pickacct	||
notes	xfer~zz~lunch~3~_^xfer~zz~coffee~5~_|xfer,zz,20|
notes	exp~zz~﻿coffee~6~_^xfer~~lunch~5~_|xfer,,6|
notes	|inc,rent,20|
search	exp~food~10.5~coffee_BOM~work~Trip^inc~trans~1~strasse~work~^inc~~100~strasse~_~|=100|en;
pickacct	a0~_^a1~_^a2~0^a3~1||
search	inc~trans~99.995~straSSe~_~trip^xfer~zz~-3~coffee~﻿tag~^xfer~rent~100~ΑΣ~﻿tag~trip^inc~trans~-0~strasse~work~trip|>=100|zh;trans::自定义:Custom
pickledger	home^trip|trip^home|trip
archacct	a0~1^a1~0|a1^a0|
pickledger	home^trip^work^^Trip|home^|home
archacct	a0~_^a1~0^a2~1||
archledger	home^trip^work^|work^Trip^Trip|home
search	exp~rent~-0~~work~home^exp~food~99.995~İstanbul~﻿tag~home^exp~zz~100~coffee~﻿tag~trip^xfer~rent~100~Istanbul~_~trip|=100|en;
search	exp~rent~10.5~~﻿tag~^inc~rent~100~﻿coffee~_~Trip|>﻿100|en;
archacct	a0~_^a1~1^a2~0^a3~_^a4~0|a1|
pickledger	home^trip^work^^Trip||home
notes	exp~food~_~11~_^exp~food~lunch~-5~_^exp~food~  lunch  ~-3~0^_~trans~﻿coffee~8~0^inc~~lunch~6~_^exp~trans~lunch~-4~_|exp,food,3|
archledger	|Trip^^home|Trip
notes	|inc,trans,20|
archacct	a0~_^a1~1^a2~_|a0^a0|
search	exp~rent~1e21~lunch~~trip|>100|en;trans::自定义:Custom
search	exp~rent~-0~lunch~work~_^xfer~rent~1~İstanbul~_~home^xfer~trans~0.30000000000000004~肯德基~work~_^exp~trans~-0~coffee~﻿tag~|=1x|en;
notes	exp~trans~~12~1700000000000^exp~trans~coffee~20~0^exp~trans~coffee~11~_^exp~trans~_~-3~_^exp~rent~coffee~3~_^exp~trans~~5~_^exp~trans~﻿coffee~-5~_^exp~trans~~-2~0|exp,trans,6|
notes	_~food~coffee~5~_^inc~~lunch~1~_^inc~~coffee~0~1700000000000|inc,,20|
archacct	||
notes	inc~rent~coffee~14~1700000000000|inc,rent,1|
search	exp~rent~1e21~coffee~work;food~home^exp~rent~99.995~lunch~﻿tag~trip^xfer~trans~1e21~straSSe~﻿tag~home^exp~trans~1e21~Σ~_~home|kfc|en;
search	xfer~rent~100~100~~_^exp~~-3~>abc~_~_^xfer~food~0.3~coffee~work~trip^inc~zz~nan~straSSe~﻿tag~trip|﻿lunch|en;
search	inc~rent~0.3~﻿coffee~~_^xfer~~-3~lunch~﻿tag~home^inc~food~1~coffee~﻿tag~trip|=0.3|zh;zz::自定义:Custom
notes	inc~~coffee~-1~_|inc,,3|
pickledger	home^trip^work^^Trip||work
notes	inc~zz~lunch~20~1700000000000^inc~zz~_~-1~_|inc,zz,1|
pickacct	a0~1^a1~0|a1|
pickacct	a0~0^a1~1|a0^|
archledger	|^Trip^work|work
search	xfer~rent~nan~strasse~work~_^exp~~1e21~coffee~work;food~|>100|en;::自定义:Custom
notes	inc~zz~tea~13~_^xfer~trans~﻿coffee~6~1700000000000^xfer~trans~  lunch  ~15~1700000000000^xfer~trans~tea~4~0^exp~trans~tea~11~_|xfer,trans,3|
notes	exp~rent~  lunch  ~19~0^exp~rent~lunch~14~1700000000000^exp~rent~coffee~8~0^exp~rent~  lunch  ~3~0^inc~food~~20~_^exp~zz~tea~-5~1700000000000|exp,rent,6|
notes	exp~food~_~-2~_^exp~rent~coffee~11~_^exp~food~tea~2~_^exp~food~﻿coffee~14~_^exp~food~lunch~-4~_^_~rent~lunch~4~1700000000000^exp~food~tea~4~_^exp~food~~14~_|exp,food,3|
archacct	a0~0^a1~1^a2~_|^a0|
pickledger	||home
search	exp~rent~100~lunch~~home^exp~~10.5~﻿coffee~work~Trip^inc~food~-0~>abc~~Trip^exp~zz~0.30000000000000004~肯德基~﻿tag~_^exp~~100~ΑΣ~work~home|Ας|zh;
pickacct	a0~_^a1~_^a2~_^a3~1^a4~1|a9|
pickacct	a0~1^a1~_^a2~1^a3~_^a4~_|a9^a1|
search	xfer~trans~1e21~kfc~_~trip|100|zh;
pickledger	home|Trip^home|
pickacct	|a0^a1|
archledger	home^trip^work^^Trip|Trip^^Trip|home
notes	_~food~coffee~5~1700000000000|exp,rent,1|
search	exp~~99.995~_~﻿tag~home^xfer~zz~99.995~coffee~﻿tag~home^inc~zz~1e21~~work~trip^exp~zz~-0~straSSe~﻿tag~home|﻿lunch|en;
search	inc~zz~1e21~﻿coffee~work;food~^exp~~99.995~kfc~work~^xfer~~nan~kfc~work;food~_^inc~rent~10.5~~﻿tag~_|<=100|en;
search	xfer~trans~nan~肯德基~_~home^exp~~-0~_~﻿tag~home|> 100|en;
pickacct	a0~0^a1~1^a2~_^a3~1||
notes	inc~rent~lunch~1~1700000000000^inc~rent~coffee~18~_^inc~rent~﻿coffee~5~_^inc~rent~lunch~8~1700000000000^exp~zz~_~-1~1700000000000^inc~rent~coffee~18~_^exp~food~lunch~18~1700000000000^inc~rent~lunch~14~1700000000000|inc,rent,20|
notes	exp~trans~tea~0~1700000000000^exp~trans~coffee~18~_^exp~trans~lunch~16~0^exp~~_~20~_^exp~trans~﻿coffee~4~0^exp~trans~  lunch  ~9~0^exp~trans~_~2~0^exp~trans~tea~12~_|exp,trans,6|
search	exp~food~0.3~kfc~~home|<100|en;
search	exp~zz~nan~coffee_BOM~_~home^exp~rent~-3~  spaced  ~﻿tag~trip|LUNCH|zh;
search	exp~food~1e21~coffee~_~trip^exp~trans~99.995~ΑΣ~﻿tag~|=100|zh;
search	inc~rent~0.3~~_~home^exp~~99.995~Istanbul~work~home|>=|en;
search	exp~rent~-3~_~﻿tag~_^exp~zz~1~~work;food~_^exp~trans~0~coffee~work~Trip|>　100|zh;
pickledger	||work
search	exp~zz~1e21~straSSe~﻿tag~_^exp~food~-3~coffee~_~_| |zh;rent::自定义:Custom
archledger	home^trip^work||
notes	exp~trans~coffee~-2~0^exp~trans~~11~_^exp~trans~  lunch  ~4~_^_~~coffee~7~1700000000000^exp~trans~﻿coffee~18~1700000000000^exp~trans~  lunch  ~5~0^exp~trans~~20~1700000000000^exp~food~_~15~0|exp,trans,20|
search	exp~rent~nan~Lunch~﻿tag~home|=0.30000000000000004|en;
pickledger	home^trip|Trip^work^|Trip
notes	inc~rent~tea~-2~_^inc~rent~tea~-2~_^exp~rent~coffee~1~_^inc~rent~  lunch  ~-1~_^inc~rent~_~4~1700000000000^inc~rent~~0~0^inc~rent~~20~0^_~rent~lunch~-1~_|inc,rent,0|
search	exp~rent~10.5~strasse~﻿tag~^exp~food~0.3~kfc~work~home^exp~rent~0~strasse~_~_|=100|zh;
search	xfer~trans~0.3~coffee_BOM~﻿tag~^xfer~rent~nan~_~~trip^xfer~~nan~straSSe~work~home|1e+21|en;
notes	exp~food~~0~1700000000000^exp~food~lunch~-3~_^exp~food~coffee~5~1700000000000^xfer~rent~lunch~-2~_^exp~trans~~17~1700000000000^exp~food~lunch~7~0^exp~food~~-4~1700000000000^exp~food~tea~19~_|exp,food,3|
search	xfer~trans~10.5~İstanbul~~home^xfer~zz~0~coffee~_~home^xfer~rent~0.30000000000000004~straSSe~_~Trip^exp~~0.3~  spaced  ~work;food~Trip|<=100|zh;
archacct	a0~1^a1~0^a2~1^a3~0^a4~_|a0|
pickledger	home|^|trip
notes	inc~zz~~3~_|inc,zz,1|
search	exp~~1e21~~work;food~_|>100|zh;
search	inc~zz~1~coffee_BOM~work;food~trip^exp~~10.5~lunch~work~Trip|1e+21|en;
archacct	a0~0^a1~0^a2~_||
pickacct	a0~0^a1~1|a0|
pickledger	home^trip^work^||
search	exp~trans~100~coffee~﻿tag~_^exp~trans~0.3~Σ~work~_^exp~zz~10.5~straSSe~﻿tag~^exp~food~-0~İstanbul~work;food~^inc~trans~0.3~strasse~work~trip|﻿lunch|en;
notes	xfer~rent~coffee~19~0^inc~food~tea~20~1700000000000^inc~food~tea~16~1700000000000^xfer~trans~lunch~4~_^xfer~~_~3~0^inc~food~coffee~-5~_^inc~food~coffee~14~1700000000000^inc~food~tea~4~_|inc,food,1|
archledger	||trip
pickacct	a0~0^a1~0||
search	exp~~0.30000000000000004~~﻿tag~|=100|zh;zz::自定义:Custom
search	exp~zz~0.3~_~work;food~_|>100|zh;rent::自定义:Custom
pickacct	||
archledger	home^trip^work^|work^home|trip
notes	exp~zz~coffee~-1~0^exp~zz~~9~1700000000000^exp~zz~coffee~14~_^exp~~lunch~10~0^exp~zz~lunch~1~_^exp~zz~lunch~8~_^_~zz~lunch~6~0^exp~zz~lunch~9~_|exp,zz,1|
archacct	a0~_^a1~1^a2~_|a1|
search	exp~rent~-0~straSSe~~_^exp~food~100~LUNCH~_~trip^inc~~100~lunch~_~home|> 100 x|en;
archacct	a0~0^a1~1^a2~0^a3~_|a9^a1|
notes	_~food~~18~_^xfer~zz~coffee~11~_^xfer~zz~coffee~4~1700000000000^xfer~zz~lunch~-3~1700000000000^xfer~zz~_~11~0^xfer~zz~coffee~17~1700000000000^exp~trans~﻿coffee~5~_|xfer,zz,20|
notes	xfer~rent~coffee~3~0^xfer~rent~lunch~-2~_^exp~~lunch~20~1700000000000^xfer~rent~lunch~8~_^xfer~rent~lunch~14~1700000000000^xfer~rent~lunch~16~1700000000000^xfer~rent~coffee~5~_|xfer,rent,0|
pickledger	home^trip^work^^Trip|Trip^work|
pickacct	|a1|
archledger	home^trip^work^^Trip|work|Trip
notes	inc~rent~coffee~-3~_^inc~rent~_~20~0^inc~rent~  lunch  ~16~0|inc,rent,0|
archacct	a0~0|^|
notes	inc~rent~tea~10~1700000000000^inc~rent~﻿coffee~1~0^inc~rent~lunch~1~_^inc~rent~_~8~1700000000000^inc~rent~coffee~-2~_|inc,rent,3|
pickacct	|^|
pickledger	home^trip^work^^Trip|home|work
pickacct	a0~0^a1~_||
notes	exp~food~  lunch  ~15~0^exp~food~_~9~1700000000000^inc~~lunch~1~_^exp~food~coffee~-1~_^exp~rent~lunch~9~1700000000000|exp,food,1|
notes	xfer~rent~lunch~12~0|xfer,,6|
pickacct	a0~0^a1~1^a2~0^a3~1^a4~0|a9|
pickacct	a0~0^a1~1^a2~0^a3~1^a4~_|a9|
search	exp~trans~-3~Lunch~work;food~Trip^exp~rent~0.3~100~work;food~|> 100|en;
pickacct	a0~0^a1~0^a2~1^a3~0||
notes	inc~trans~﻿coffee~-3~0^inc~trans~lunch~9~_^exp~trans~lunch~10~_^xfer~zz~﻿coffee~-4~_^inc~trans~﻿coffee~13~_|inc,trans,20|
search	inc~rent~1e21~  spaced  ~work~home^exp~trans~0~ΑΣ~﻿tag~^inc~rent~-3~coffee_BOM~work;food~home^exp~zz~1e21~肯德基~~^exp~rent~0.30000000000000004~İstanbul~~_|>　100|zh;
pickacct	a0~0^a1~1^a2~0^a3~_^a4~1||
archacct	a0~1^a1~0|a1|
archacct	a0~1|^a9|
pickacct	a0~1^a1~0^a2~1^a3~_^a4~_|a9|
notes	xfer~trans~coffee~7~_^inc~food~~7~0^inc~food~tea~8~_|inc,food,0|
pickacct	a0~_^a1~1^a2~_^a3~_||
notes	exp~food~  lunch  ~-2~0^exp~food~coffee~10~0^exp~food~lunch~5~0^exp~food~lunch~19~_^exp~food~lunch~10~1700000000000|exp,food,3|
pickledger	home^trip^work^^Trip|Trip^trip|work
archacct	a0~0^a1~1^a2~0^a3~_^a4~0|a9^|
search	inc~rent~0.30000000000000004~coffee_BOM~_~Trip|> 100|en;
search	exp~rent~-3~ΑΣ~~_^xfer~zz~10.5~Lunch~~_^xfer~zz~0~LUNCH~~_^xfer~rent~10.5~肯德基~~_^exp~zz~1~100~﻿tag~home|=0.30000000000000004|zh;
notes	xfer~zz~lunch~-4~0^inc~zz~~6~_|xfer,zz,20|
archledger	home^trip^work|^Trip|Trip
archacct	a0~_^a1~_^a2~0^a3~0^a4~1|a9|
pickacct	a0~_^a1~_^a2~0^a3~0^a4~_|a9|
search	xfer~rent~0.30000000000000004~Σ~﻿tag~_^xfer~food~100~100~work~Trip^exp~rent~-0~Σ~work;food~Trip^xfer~zz~1e21~_~_~|Ας|zh;
archledger	home^trip^work|trip^^Trip|Trip
notes	|xfer,,1|
search	inc~zz~99.995~ΑΣ~~trip^exp~zz~-3~_~_~home^exp~zz~1e21~﻿coffee~_~home^inc~~0.30000000000000004~straSSe~~Trip^exp~trans~100~Istanbul~~_|﻿|en;food::自定义:Custom
notes	|inc,,1|
archledger	home^trip^work|^work^Trip|Trip
search	inc~food~-3~strasse~~home|coffee|en;
pickledger	|^work^work|
search	inc~rent~0.3~straSSe~work~Trip^exp~~-0~_~~^exp~trans~100~lunch~﻿tag~_^xfer~rent~-3~İstanbul~﻿tag~_^exp~~1~~﻿tag~home|>=100|zh;rent::自定义:Custom
notes	xfer~~﻿coffee~-2~_|xfer,,6|
search	inc~zz~0.3~coffee~﻿tag~Trip^xfer~~nan~  spaced  ~~home^xfer~trans~100~Lunch~work~Trip^exp~zz~10.5~_~﻿tag~trip^inc~rent~100~strasse~~_|=0.3|zh;
search	exp~trans~1e21~strasse~_~trip|>=|zh;rent::自定义:Custom
search	exp~rent~100~ΑΣ~work;food~Trip^exp~food~0~肯德基~~Trip^exp~~-0~kfc~﻿tag~_|<=100|zh;rent::自定义:Custom
archacct	a0~1^a1~0^a2~_|a9^a0|
archacct	a0~0^a1~_^a2~_|a9|
search	exp~trans~10.5~﻿coffee~﻿tag~^exp~trans~10.5~İstanbul~_~_^xfer~rent~0~>abc~﻿tag~_^exp~rent~0.3~Lunch~﻿tag~Trip|>100|en;
archledger	|trip|
archledger	home||work
archledger	home^trip^work|Trip|home
search	exp~trans~nan~straSSe~work;food~home^exp~food~0.3~~_~^xfer~rent~nan~İstanbul~_~_|=100|zh;
search	inc~zz~10.5~coffee~work~Trip^exp~food~99.995~>abc~﻿tag~Trip|﻿|zh;
notes	exp~food~~20~1700000000000^exp~food~coffee~5~0^_~~lunch~-1~1700000000000|exp,food,1|
notes	xfer~rent~tea~14~1700000000000|xfer,rent,20|
search	inc~food~nan~~work;food~trip^exp~rent~100~﻿coffee~work;food~Trip^xfer~food~99.995~ΑΣ~work~|100|zh;
notes	inc~rent~_~-1~_^inc~rent~_~-5~_^inc~rent~﻿coffee~10~_^exp~~coffee~4~_^inc~food~lunch~17~0^inc~rent~lunch~16~_|inc,rent,20|
notes	inc~food~~19~_^xfer~rent~lunch~16~1700000000000^xfer~rent~  lunch  ~2~_^xfer~rent~_~4~_^xfer~rent~_~-4~1700000000000|xfer,rent,1|
notes	inc~zz~_~10~_^inc~zz~coffee~-5~1700000000000^inc~zz~_~13~1700000000000^inc~zz~lunch~12~_^inc~zz~coffee~1~0^inc~zz~lunch~-5~_|inc,zz,1|
notes	inc~trans~lunch~-3~1700000000000|exp,zz,6|
search	exp~zz~0~~_~^xfer~zz~-3~LUNCH~_~^exp~~-3~_~~|i̇stanbul|en;
search	exp~rent~0.30000000000000004~_~~trip^exp~rent~99.995~coffee_BOM~work~home^exp~trans~10.5~İstanbul~work~home|=100|zh;
notes	exp~food~tea~-2~_^xfer~rent~coffee~-1~0^exp~food~tea~13~_^_~trans~lunch~-3~1700000000000^xfer~~lunch~15~0^exp~food~tea~-4~1700000000000|exp,food,6|
search	exp~zz~0.3~_~work~trip^exp~rent~nan~kfc~~Trip^xfer~zz~0.3~strasse~~_| |en;trans::自定义:Custom
archacct	a0~0^a1~_^a2~0||
notes	exp~trans~  lunch  ~-3~_|exp,trans,6|
notes	xfer~zz~  lunch  ~14~_^xfer~~  lunch  ~4~_^xfer~~~8~1700000000000^xfer~~coffee~16~0|xfer,,3|
pickacct	a0~_||
notes	exp~~lunch~1~_^exp~~_~-3~_^exp~~_~-2~0|exp,,6|
search	exp~rent~10.5~strasse~work~_^xfer~food~10.5~100~﻿tag~trip^inc~rent~99.995~_~_~trip|> 100|zh;
notes	xfer~rent~_~13~_^xfer~rent~lunch~19~_|xfer,rent,1|
notes	inc~rent~lunch~-2~1700000000000^exp~zz~﻿coffee~-2~0^inc~trans~  lunch  ~20~_^inc~trans~lunch~20~_^inc~trans~﻿coffee~-3~_^inc~trans~lunch~-5~_^exp~rent~﻿coffee~2~1700000000000^inc~trans~  lunch  ~16~_|inc,trans,3|
search	xfer~zz~1e21~LUNCH~work~trip^exp~food~-3~strasse~_~home|strasse|en;
notes	inc~food~lunch~7~_^_~~coffee~-3~1700000000000^exp~food~coffee~19~1700000000000^exp~food~  lunch  ~2~_^exp~food~lunch~6~1700000000000^exp~food~﻿coffee~13~_^inc~trans~coffee~2~_|exp,food,0|
search	xfer~~0.30000000000000004~lunch~﻿tag~Trip^exp~~0.3~straSSe~_~trip^xfer~trans~0~kfc~work~^xfer~food~0.30000000000000004~>abc~_~_|> 100 x|zh;
pickledger	home|Trip|
pickacct	a0~_^a1~0^a2~1^a3~0^a4~0|a0|
archledger	home^trip^work^|work|Trip
archacct	a0~1^a1~0^a2~_^a3~1^a4~0||
pickledger	home^trip^work^^Trip|work|home
archledger	home^trip^work^|work^work^home|home
pickacct	a0~_^a1~_^a2~_^a3~0||
search	inc~food~100~~work~trip|99.995|en;
pickledger	home^trip^work|work|Trip
pickledger	home^trip|^trip|Trip
pickacct	a0~0^a1~_^a2~0||
notes	xfer~zz~coffee~4~_^xfer~zz~_~13~0^xfer~zz~  lunch  ~7~_^xfer~zz~coffee~16~_^xfer~zz~﻿coffee~10~0^xfer~zz~﻿coffee~-5~_^xfer~zz~coffee~2~_|xfer,zz,20|
archacct	a0~1^a1~0^a2~0^a3~_|a0|
search	exp~trans~99.995~coffee~work;food~home^exp~~1e21~Lunch~_~^xfer~zz~100~LUNCH~~Trip^xfer~food~-0~kfc~~_^xfer~food~-0~ΑΣ~work;food~_|>﻿100|zh;
archacct	||
search	exp~zz~1~coffee~work~_^exp~trans~0~_~_~home^exp~trans~10.5~straSSe~﻿tag~^xfer~~100~Istanbul~work~trip|肯德基|en;zz::自定义:Custom
notes	exp~zz~﻿coffee~1~0^exp~zz~coffee~18~1700000000000^exp~trans~lunch~7~0^exp~zz~coffee~-4~1700000000000^exp~zz~  lunch  ~0~1700000000000^exp~zz~coffee~5~1700000000000^exp~zz~﻿coffee~10~1700000000000|exp,zz,3|
pickledger	home^trip^work^^Trip|Trip^work^home|
archacct	a0~_^a1~1^a2~1|a9^|
search	exp~rent~-0~  spaced  ~_~^xfer~trans~1e21~_~work~Trip^exp~food~0.3~肯德基~﻿tag~trip^exp~food~99.995~>abc~﻿tag~|kfc|zh;
search	xfer~zz~1e21~kfc~_~_^xfer~food~1e21~LUNCH~work~^exp~trans~-3~100~work~home|trip|en;
notes	|exp,zz,20|
archacct	||
archacct	a0~0^a1~0^a2~0^a3~0^a4~1||
search	exp~trans~nan~coffee~~_^exp~trans~100~肯德基~_~home^inc~~1e21~kfc~work~Trip^exp~food~0.3~100~_~trip^inc~rent~0~coffee~_~trip|coffee|zh;
archacct	a0~0^a1~0^a2~1^a3~0^a4~1||
pickacct	a0~1^a1~_|a0^a9|
search	exp~~100~肯德基~﻿tag~Trip^exp~zz~99.995~strasse~﻿tag~_^inc~trans~-3~coffee~﻿tag~^inc~rent~10.5~~~Trip|LUNCH|zh;rent::自定义:Custom
search	xfer~food~nan~kfc~work;food~home^inc~food~0~İstanbul~work~^inc~zz~nan~straSSe~work~trip^xfer~rent~-0~肯德基~work;food~_^exp~trans~99.995~﻿coffee~_~_|coffee|en;rent::自定义:Custom
notes	exp~~  lunch  ~-1~0^exp~~~8~_^exp~~﻿coffee~2~0^exp~~﻿coffee~-1~_^exp~~coffee~10~_^exp~~coffee~3~_|exp,,6|
pickacct	a0~1^a1~_^a2~_|a9^|
archledger	home^trip^work|^work|Trip
search	exp~food~0.3~Istanbul~work;food~trip^xfer~food~0.3~~~_^exp~~10.5~>abc~~|lunch_BOM|en;trans::自定义:Custom
archledger	home^trip^work^^Trip||Trip
notes	inc~trans~tea~7~_^inc~trans~lunch~-3~_^inc~trans~~4~_^inc~trans~lunch~14~_|inc,trans,0|
search	exp~trans~10.5~Istanbul~﻿tag~_|>-1|en;
archacct	a0~0|a9|
pickacct	a0~1^a1~_^a2~1^a3~1^a4~_|a0|
search	xfer~rent~10.5~lunch~~^inc~zz~1e21~kfc~work;food~^inc~~0~Lunch~work;food~^inc~rent~1e21~ΑΣ~﻿tag~Trip|coffee|zh;
search	exp~zz~0~ΑΣ~work~^xfer~food~99.995~~﻿tag~^xfer~trans~-3~lunch~work;food~^exp~~100~coffee_BOM~work;food~home|> 100|en;
search	xfer~~0.3~Istanbul~work~trip^exp~~100~coffee_BOM~﻿tag~Trip|LUNCH|en;
archacct	a0~_^a1~_^a2~1^a3~1||
pickledger	home^trip^work|home|work
archledger	home^trip||trip
notes	inc~~  lunch  ~1~_|xfer,rent,0|
search	exp~~0~肯德基~~_^xfer~trans~1e21~İstanbul~work;food~_^exp~food~nan~lunch~﻿tag~trip^exp~trans~1e21~ΑΣ~_~^inc~rent~0~coffee~work;food~home|=0.3|en;
search	exp~food~1e21~lunch~~_^inc~rent~0.30000000000000004~100~~home^xfer~rent~10.5~coffee~_~trip^exp~zz~-0~coffee~work~_^inc~zz~1~  spaced  ~﻿tag~home|LUNCH|en;
notes	|inc,zz,0|
notes	inc~food~tea~-1~_^inc~food~coffee~-5~_^inc~food~coffee~-1~1700000000000^inc~food~~13~_^inc~food~lunch~17~_^inc~food~﻿coffee~-2~_^inc~food~~-1~1700000000000^inc~food~_~15~0|inc,food,1|
notes	xfer~food~coffee~3~1700000000000^xfer~food~lunch~-4~_^inc~~tea~-3~_^xfer~food~lunch~14~1700000000000^exp~~﻿coffee~3~1700000000000^xfer~food~coffee~0~1700000000000|xfer,food,1|
archacct	a0~1||
archledger	|Trip^Trip^|trip
pickacct	|a1^|
archacct	a0~1^a1~1^a2~_^a3~_||
notes	|inc,rent,20|
pickacct	a0~0^a1~1^a2~_^a3~0^a4~1|a0|
pickledger	home^trip^work^^Trip|trip^trip|
search	inc~trans~99.995~﻿coffee~_~trip|>=|zh;
pickacct	a0~_^a1~1|a0^a1|
archledger	home^trip||work
notes	inc~~  lunch  ~7~_^inc~~~13~_|inc,,20|
pickacct	a0~1^a1~0|^|
archledger	home||home
pickacct	a0~_^a1~_^a2~1|a0^a1|
archacct	a0~0^a1~0|a9|
notes	exp~trans~  lunch  ~2~0^exp~trans~﻿coffee~5~_^exp~trans~~7~0^exp~trans~lunch~18~_^xfer~zz~﻿coffee~-2~1700000000000^exp~trans~﻿coffee~13~0^exp~trans~tea~9~_|exp,trans,1|
notes	inc~~lunch~4~0^inc~rent~coffee~8~0^inc~~lunch~13~1700000000000^inc~~_~16~1700000000000|inc,,1|
notes	inc~~lunch~4~_^inc~~﻿coffee~11~_^exp~rent~﻿coffee~14~0^inc~~coffee~-5~_|inc,,1|
notes	inc~food~lunch~14~0^inc~food~coffee~20~0^inc~food~~-1~1700000000000|inc,food,1|
pickacct	a0~_^a1~0|a9^a9|
search	exp~food~0.3~coffee_BOM~~_^inc~zz~-3~Σ~﻿tag~|Ας|en;
search	exp~trans~10.5~肯德基~_~|=0.3|zh;
archacct	a0~0^a1~1^a2~1^a3~0^a4~0||
search	exp~food~0.30000000000000004~coffee~_~Trip^xfer~food~0.30000000000000004~肯德基~work;food~_^exp~rent~0.30000000000000004~100~~^inc~~10.5~﻿coffee~~^inc~trans~0.30000000000000004~LUNCH~_~|coffee|zh;
archledger	||work
search	inc~~10.5~İstanbul~_~_^inc~~10.5~coffee~﻿tag~_|<=100|en;
notes	|inc,rent,0|
notes	|inc,,0|
search	exp~food~0.30000000000000004~İstanbul~_~trip^inc~food~1e21~肯德基~work;food~_|>　100|en;
archledger	home^trip^work^^Trip|trip^trip|
notes	exp~~lunch~14~0^exp~~tea~-4~1700000000000^exp~~  lunch  ~11~1700000000000|exp,,20|
notes	xfer~zz~_~18~0^exp~zz~coffee~10~1700000000000^exp~zz~coffee~8~1700000000000^exp~zz~lunch~-3~1700000000000^exp~zz~coffee~8~_^xfer~~lunch~18~_^exp~zz~lunch~19~1700000000000|exp,zz,0|
search	inc~zz~100~LUNCH~work~trip^inc~food~10.5~ΑΣ~work~home|10.5|en;
archacct	a0~_^a1~0^a2~_^a3~_||
search	xfer~food~0.30000000000000004~Σ~_~Trip^xfer~zz~1~coffee~work~trip^exp~~0.30000000000000004~coffee~work;food~trip^xfer~~1e21~coffee_BOM~work;food~|i̇stanbul|zh;
search	exp~zz~-0~Lunch~﻿tag~^exp~zz~nan~straSSe~_~Trip|>100|zh;
archledger	home^trip^work^^Trip|Trip|home
archacct	||
search	xfer~~0.3~~work~trip||zh;
notes	exp~zz~_~-2~_^_~rent~coffee~12~_^xfer~~tea~7~_^xfer~~_~-2~_^xfer~~tea~6~1700000000000|xfer,,6|
notes	exp~~coffee~-5~1700000000000^exp~rent~coffee~12~1700000000000^inc~rent~coffee~17~1700000000000^exp~~  lunch  ~10~0^exp~~tea~8~0^exp~rent~_~12~_^exp~~_~2~0|exp,,6|
search	xfer~zz~-3~﻿coffee~_~_^exp~trans~-0~LUNCH~work;food~_|<=100|zh;trans::自定义:Custom
search	exp~zz~nan~肯德基~﻿tag~_^xfer~~nan~kfc~~_^inc~~nan~Lunch~work~trip^xfer~food~0.30000000000000004~lunch~_~home|food|zh;
archledger	||
pickledger	home^trip^work^^Trip|^trip|trip
search	inc~zz~0~Lunch~~home^xfer~trans~0~Istanbul~work;food~home|﻿|zh;
archacct	a0~_^a1~1|a0^|
pickacct	a0~1^a1~0|a1|
notes	_~zz~lunch~3~_^_~zz~tea~13~0|exp,zz,3|
notes	|inc,food,20|
archledger	home^trip^work^^Trip|work|Trip
search	exp~food~1e21~肯德基~﻿tag~trip|work|en;
search	inc~trans~-0~kfc~_~|i̇stanbul|zh;zz::自定义:Custom
archacct	a0~1^a1~_|a0^|
notes	inc~rent~  lunch  ~0~1700000000000^inc~rent~lunch~1~_^inc~rent~_~13~_^inc~rent~coffee~18~_|inc,rent,3|
search	inc~rent~99.995~lunch~work;food~^exp~rent~100~coffee_BOM~work~_|100|en;
search	exp~rent~10.5~100~_~Trip^exp~food~10.5~Σ~~Trip^inc~rent~0.3~coffee_BOM~work~Trip^exp~rent~0~Lunch~﻿tag~|>100|en;
notes	inc~zz~lunch~20~0^exp~food~  lunch  ~13~0^exp~trans~coffee~-4~_^inc~zz~coffee~-5~0^inc~zz~coffee~14~0^inc~zz~lunch~13~1700000000000|inc,zz,3|
archacct	a0~0^a1~_||
notes	inc~trans~lunch~14~0^_~rent~lunch~-5~_^_~trans~tea~8~_^inc~food~coffee~4~_^xfer~rent~coffee~7~0|inc,trans,3|
archacct	a0~1^a1~0^a2~_^a3~0|a9|
pickledger	home^trip^work^|work|
pickacct	a0~1|a0^|
notes	exp~zz~coffee~13~_^inc~food~lunch~13~_^inc~food~lunch~1~_|inc,food,20|
search	xfer~zz~99.995~coffee~work~_^exp~food~0~kfc~work;food~Trip^exp~~1~lunch~~_^xfer~trans~0~﻿coffee~~trip^exp~rent~0.3~coffee_BOM~~trip|>=100|zh;zz::自定义:Custom
pickledger	||home
notes	inc~food~lunch~18~_^inc~food~coffee~2~0^inc~food~_~-3~0^inc~food~﻿coffee~19~_^inc~food~_~13~0|inc,food,0|
pickledger	home^trip|home^trip^work|Trip
pickledger	home|home^Trip|work
archledger	|home^trip^home|trip
pickledger	home^trip||trip
search	xfer~zz~100~coffee~~home^inc~~0~lunch~work~Trip|lunch|zh;
pickledger	home|Trip^home^trip|trip
notes	inc~food~coffee~12~0^inc~food~  lunch  ~12~0^inc~food~coffee~15~_^inc~food~﻿coffee~9~1700000000000^inc~food~lunch~2~0^inc~food~﻿coffee~9~_^inc~food~~-1~_^inc~food~tea~-1~0|inc,food,1|
pickledger	|home^|Trip
notes	xfer~trans~lunch~14~0^exp~~_~6~1700000000000^inc~~﻿coffee~-1~_^xfer~trans~_~19~0|xfer,trans,0|
search	exp~~-0~>abc~﻿tag~trip^xfer~rent~-3~Lunch~_~Trip^inc~zz~10.5~lunch~_~Trip^exp~trans~100~Lunch~work~home||zh;
pickacct	||
search	xfer~zz~100~  spaced  ~work;food~_|=0.30000000000000004|en;
pickacct	|a1^a1|
archledger	||
notes	exp~~﻿coffee~18~_^inc~~﻿coffee~9~_^inc~~lunch~8~1700000000000^inc~~﻿coffee~9~1700000000000^inc~~~-2~_^inc~~lunch~18~_^inc~~  lunch  ~3~_^inc~~  lunch  ~-5~0|inc,,20|
search	exp~trans~-0~coffee~work;food~||en;
pickledger	home^trip^work|work^Trip|Trip
pickacct	a0~_||
search	exp~food~0~ΑΣ~﻿tag~trip|肯德基|en;
archacct	a0~1^a1~1^a2~_^a3~_^a4~1|a1|
pickacct	a0~0^a1~1|a9^|
search	exp~food~99.995~100~﻿tag~_^xfer~zz~10.5~kfc~_~^xfer~~99.995~>abc~﻿tag~trip^exp~rent~-3~İstanbul~work~trip|﻿lunch|zh;
pickledger	|work^Trip|trip
search	exp~zz~0~lunch~~^xfer~~0.30000000000000004~coffee~_~Trip^xfer~rent~0~Lunch~﻿tag~trip|>=|en;
search	inc~trans~1~straSSe~work;food~_^inc~zz~0.3~Σ~_~home^exp~food~1~ΑΣ~work;food~trip^inc~rent~-3~İstanbul~work~trip^inc~trans~nan~﻿coffee~﻿tag~_|trip|en;
notes	xfer~zz~lunch~-4~_^xfer~zz~coffee~19~_^_~food~_~4~0^xfer~zz~  lunch  ~15~1700000000000^xfer~zz~coffee~8~_^xfer~zz~coffee~0~_^xfer~zz~_~13~_^exp~zz~  lunch  ~8~_|xfer,zz,0|
pickacct	a0~1^a1~1|a1|
search	xfer~rent~-3~Lunch~work;food~home^exp~~10.5~LUNCH~_~home^inc~~0.30000000000000004~coffee~~home^xfer~zz~99.995~coffee~~Trip|<100|en;
search	exp~zz~1e21~_~﻿tag~_^xfer~~10.5~﻿coffee~work~trip^inc~trans~nan~straSSe~~_^inc~~0~İstanbul~~_^exp~zz~-3~100~~Trip|99.995|zh;
archledger	home^trip^work|trip|work
archledger	home^trip||Trip
search	exp~food~-0~  spaced  ~~trip^exp~trans~0.30000000000000004~coffee_BOM~﻿tag~^exp~zz~99.995~_~work;food~Trip^xfer~zz~0~Lunch~﻿tag~_^xfer~food~nan~>abc~work;food~home|food|en;
notes	xfer~food~tea~15~_^xfer~food~coffee~17~_^xfer~food~lunch~8~_^exp~zz~lunch~13~1700000000000^xfer~food~coffee~18~_^xfer~food~tea~2~0|xfer,food,3|
search	xfer~rent~nan~straSSe~﻿tag~trip^inc~~-0~coffee~~Trip||zh;
notes	xfer~food~~19~_^xfer~food~lunch~19~_^xfer~food~  lunch  ~8~0^xfer~food~coffee~15~0^xfer~food~~17~_^xfer~food~_~11~_|xfer,food,6|
pickacct	a0~_||
search	exp~zz~10.5~coffee~work;food~trip^inc~food~10.5~strasse~work~home^inc~food~-3~﻿coffee~work~^exp~~1e21~coffee_BOM~work~Trip^xfer~food~10.5~肯德基~~home|work|en;
pickacct	a0~0^a1~1^a2~_^a3~_^a4~_||
search	xfer~~1~LUNCH~work;food~trip^xfer~food~-0~coffee~﻿tag~home^inc~~-0~strasse~_~Trip^exp~trans~10.5~strasse~~_|>=100|zh;
archacct	a0~_^a1~0^a2~0^a3~0^a4~_||
search	xfer~zz~0.3~lunch~work~_^xfer~~100~kfc~~|>100abc|en;food::自定义:Custom
archledger	|trip^work^|work
archledger	||trip
pickledger	home^trip^work^||work
pickacct	a0~1^a1~_^a2~0^a3~_||
pickledger	|home|work
search	exp~trans~-0~strasse~_~_^exp~rent~0~﻿coffee~work~home^exp~~99.995~>abc~_~_^exp~~1e21~lunch~work~|work|en;
notes	xfer~rent~  lunch  ~15~_^xfer~rent~coffee~-1~_|xfer,rent,1|
notes	xfer~~coffee~0~0^_~~coffee~-1~_|xfer,,1|
archledger	home^trip^work||work
pickledger	home|home^home^trip|work
archledger	home^trip^work|home|home
search	xfer~food~1e21~~~trip^exp~zz~100~>abc~work;food~trip^exp~~nan~  spaced  ~_~Trip^inc~zz~0.3~﻿coffee~~_^exp~~-3~LUNCH~~_|=100|zh;trans::自定义:Custom
notes	inc~trans~tea~4~0^inc~trans~lunch~4~_^inc~trans~lunch~-2~1700000000000^inc~trans~coffee~4~_^inc~trans~tea~4~_^inc~trans~lunch~10~_|inc,trans,0|
notes	inc~zz~﻿coffee~12~_^inc~zz~_~12~1700000000000^exp~rent~coffee~1~1700000000000^inc~zz~tea~2~1700000000000^inc~zz~lunch~2~_^_~~~7~_^inc~zz~  lunch  ~0~0|inc,zz,20|
archledger	home^trip^work^|Trip^work|home
archledger	home^trip^work|^home|work
search	inc~zz~0.30000000000000004~strasse~work;food~^exp~~1~LUNCH~work;food~_^exp~food~0.30000000000000004~Istanbul~_~home^exp~rent~99.995~Σ~work~trip^inc~zz~1e21~lunch~_~Trip|=1x|en;
archacct	a0~0|a1^a9|
notes	xfer~rent~coffee~14~_^xfer~rent~tea~3~_^exp~trans~﻿coffee~-5~0^xfer~rent~  lunch  ~11~_^xfer~rent~coffee~19~_^xfer~zz~coffee~7~_^xfer~rent~  lunch  ~-1~_|xfer,rent,0|
archacct	a0~_^a1~1^a2~0^a3~0||
pickacct	a0~0^a1~1|a1^|
notes	inc~food~lunch~3~_|inc,food,3|
search	inc~zz~100~Lunch~﻿tag~^inc~rent~-0~肯德基~﻿tag~Trip^xfer~rent~0.3~lunch~_~trip^xfer~trans~1~straSSe~work~trip|LUNCH|zh;
search	exp~~0.3~Lunch~﻿tag~Trip^inc~~10.5~coffee_BOM~~trip^exp~trans~1~İstanbul~work~^inc~rent~-0~100~work;food~Trip|﻿|zh;food::自定义:Custom
notes	exp~rent~lunch~-4~1700000000000^exp~rent~tea~5~_|exp,rent,6|
archacct	a0~_||
notes	_~zz~lunch~18~1700000000000^inc~~lunch~-3~1700000000000^inc~~  lunch  ~14~0|inc,,0|
search	inc~~0.3~Σ~﻿tag~trip^exp~trans~0~coffee~work;food~home^xfer~~0.3~>abc~work~home^inc~food~1~100~_~Trip|10.5|zh;
notes	xfer~food~  lunch  ~8~0^xfer~food~tea~7~0^xfer~food~~2~0^exp~food~lunch~0~_^inc~food~coffee~14~0^xfer~food~﻿coffee~18~1700000000000|xfer,food,0|
search	inc~rent~0~  spaced  ~work~trip^exp~food~100~coffee~_~_^xfer~zz~10.5~Istanbul~~home|>=100|zh;
archacct	|a9^a9|
pickacct	a0~1^a1~_^a2~1^a3~0|a1^a0|
pickledger	home^trip^work|work^^trip|trip
search	exp~~-3~﻿coffee~work;food~^xfer~trans~1~coffee~_~_^exp~trans~nan~100~~trip^exp~zz~1~  spaced  ~﻿tag~Trip|>﻿100|zh;
notes	exp~~tea~6~_^exp~~coffee~-2~1700000000000^exp~rent~lunch~1~0^exp~~coffee~11~1700000000000^exp~~lunch~19~0^exp~~_~-4~1700000000000^exp~~_~11~_|exp,,3|
archacct	|a9|
search	exp~food~nan~LUNCH~﻿tag~Trip|>=|zh;
archledger	home^trip^work|^trip|
search	exp~food~-0~~﻿tag~home^exp~trans~99.995~100~work;food~_|>　100|zh;
archledger	home|home^^Trip|home
search	xfer~trans~10.5~Istanbul~work~home|trip|zh;
pickacct	||
pickledger	home^trip^work|trip^^Trip|home
pickacct	a0~0^a1~1^a2~_^a3~0|a1^a1|
search	inc~~-3~LUNCH~~^xfer~food~-3~_~work~Trip^inc~food~nan~>abc~﻿tag~_^exp~~-3~Istanbul~work;food~trip|LUNCH|en;trans::自定义:Custom
archledger	home^trip|^work^home|home
search	inc~zz~nan~coffee_BOM~work;food~Trip^exp~~0~kfc~work~trip^inc~trans~1e21~﻿coffee~~^exp~trans~0.3~Lunch~work~|>=100|zh;
archacct	a0~_^a1~1|a0^|
pickacct	||
archacct	a0~0^a1~1^a2~1^a3~_^a4~_|a9|
notes	inc~rent~lunch~12~0^inc~rent~lunch~3~0^_~~tea~17~1700000000000^exp~food~tea~3~_^exp~trans~tea~-3~1700000000000^inc~rent~tea~5~1700000000000^inc~rent~coffee~3~_^exp~rent~~16~_|inc,rent,3|
notes	exp~trans~coffee~13~1700000000000^exp~trans~﻿coffee~12~_^exp~trans~﻿coffee~13~_^exp~trans~~11~_^exp~trans~lunch~12~_^exp~trans~lunch~11~1700000000000|exp,trans,0|
archledger	home^trip^work^|trip^home|work
search	exp~food~100~coffee~~^exp~zz~10.5~coffee~﻿tag~_^exp~food~0.30000000000000004~>abc~~Trip^xfer~rent~nan~Istanbul~work~home^exp~food~10.5~Σ~work;food~|99.995|en;
search	exp~zz~-0~coffee_BOM~~_^exp~trans~100~lunch~﻿tag~home^exp~zz~-3~_~work~home^inc~trans~10.5~Σ~work;food~home|﻿lunch|en;
notes	exp~zz~~18~_^exp~zz~coffee~5~1700000000000|exp,zz,0|
archledger	home^trip^work|Trip^trip^trip|Trip
search	xfer~zz~0.30000000000000004~Σ~work~trip^xfer~zz~99.995~_~﻿tag~^exp~rent~nan~  spaced  ~~_|=1x|en;
notes	inc~food~  lunch  ~16~_^inc~food~lunch~-5~1700000000000|inc,food,0|
search	xfer~food~0~İstanbul~~^exp~zz~100~strasse~work;food~trip|food|zh;zz::自定义:Custom
search	exp~zz~nan~LUNCH~work;food~Trip^inc~zz~0.3~100~_~Trip^inc~zz~99.995~﻿coffee~work;food~_^xfer~food~-0~LUNCH~﻿tag~_^exp~~nan~~work;food~|i̇stanbul|en;
notes	exp~trans~﻿coffee~-3~1700000000000^exp~trans~~-4~1700000000000^exp~trans~﻿coffee~12~0^exp~rent~coffee~11~0^exp~trans~lunch~4~0^exp~trans~﻿coffee~17~_|exp,trans,1|
pickacct	a0~1^a1~0^a2~_^a3~_^a4~0|a0|
pickledger	home|^home^trip|
search	exp~~100~strasse~_~trip^exp~zz~0.30000000000000004~Istanbul~~trip^exp~trans~1e21~~﻿tag~trip^exp~food~99.995~kfc~work~home|lunch|en;
search	exp~rent~1e21~kfc~work;food~_^xfer~rent~nan~strasse~work;food~home^exp~~-0~_~﻿tag~_^xfer~rent~1~Istanbul~work~trip|Ας|zh;
notes	xfer~trans~~12~_^xfer~trans~lunch~6~_^xfer~trans~~7~_^xfer~trans~lunch~17~_^exp~zz~  lunch  ~5~1700000000000^xfer~trans~coffee~15~0^xfer~trans~lunch~7~_^exp~zz~  lunch  ~13~_|xfer,trans,6|
search	exp~trans~100~kfc~_~trip^exp~food~100~coffee~work;food~trip^exp~rent~10.5~LUNCH~﻿tag~home^exp~rent~99.995~lunch~_~Trip^exp~rent~-3~Lunch~_~|LUNCH|en;rent::自定义:Custom
pickacct	|a9^a0|
notes	inc~trans~coffee~20~_^_~rent~tea~13~_|exp,food,1|
notes	inc~zz~tea~-1~0^inc~zz~lunch~16~_^inc~zz~﻿coffee~7~1700000000000|inc,zz,0|
notes	|exp,rent,20|
search	exp~zz~0~~work;food~trip^inc~~99.995~straSSe~work~_^inc~~0.30000000000000004~~~|10.5|en;
search	inc~rent~nan~>abc~﻿tag~_|肯德基|zh;
pickledger	home^trip^work^^Trip|home^home^|work
search	inc~trans~100~ΑΣ~work;food~home^inc~food~0.30000000000000004~coffee_BOM~work~Trip^exp~~1~_~work~home^inc~~10.5~strasse~_~Trip|﻿|en;
search	xfer~trans~1~coffee_BOM~work;food~|>=|en;
archledger	home^trip^work|work^Trip^work|
archledger	||
notes	inc~~coffee~18~0^inc~zz~tea~3~_^inc~~tea~7~1700000000000^inc~~coffee~4~0^inc~~lunch~3~_^inc~~﻿coffee~15~_^inc~~tea~17~0^exp~zz~~20~1700000000000|inc,,3|
archacct	a0~1||
search	exp~~1e21~Σ~work~trip|100|zh;
pickacct	||
pickledger	home^trip^work|Trip^home|home
search	inc~food~nan~肯德基~~home^exp~trans~nan~coffee~﻿tag~_^xfer~~99.995~肯德基~work;food~Trip^exp~trans~0.30000000000000004~straSSe~work~trip|> 100|zh;
archacct	a0~1^a1~_^a2~1||
notes	inc~trans~_~-4~_^inc~trans~lunch~19~_^exp~~lunch~18~0^inc~trans~﻿coffee~1~1700000000000^inc~trans~tea~-3~_^inc~trans~lunch~7~_^inc~food~lunch~-3~0^exp~trans~_~9~_|inc,trans,20|
pickacct	a0~0^a1~1^a2~1|a9^a9|
notes	exp~food~~8~0^exp~food~~12~1700000000000^xfer~food~lunch~13~0|exp,food,3|
archacct	a0~_^a1~_^a2~0^a3~1|^a9|
pickacct	||
notes	_~trans~lunch~20~1700000000000^xfer~zz~coffee~3~_^xfer~rent~_~14~_^xfer~zz~﻿coffee~20~_^xfer~zz~coffee~-4~_^xfer~zz~lunch~11~1700000000000^xfer~zz~coffee~8~_^xfer~zz~  lunch  ~13~0|xfer,zz,0|
archacct	a0~0^a1~_^a2~1^a3~1|a0|
pickledger	home||Trip
search	exp~~0~肯德基~work~trip^xfer~rent~-0~lunch~~home|=1x|en;
search	xfer~~-3~_~﻿tag~trip^xfer~trans~1e21~  spaced  ~~_^exp~~1e21~kfc~~trip^exp~food~0~straSSe~~Trip^exp~zz~0~~~Trip|<100|en;
archledger	home^trip^work|^work|Trip
pickacct	a0~0^a1~1^a2~_|a1^a1|
archledger	home^trip^work^||
search	exp~rent~nan~coffee_BOM~work~Trip^inc~food~10.5~~work~Trip^exp~food~99.995~lunch~_~_^inc~trans~0~coffee~﻿tag~home|> 100|zh;
search	exp~zz~99.995~肯德基~_~^exp~trans~-0~肯德基~work;food~home^exp~~100~coffee_BOM~_~trip^xfer~~0.3~_~_~_|>0.3|zh;
pickacct	a0~1^a1~_^a2~_^a3~0|^|
pickacct	a0~_||
pickacct	a0~_^a1~0^a2~1^a3~_||
notes	_~~coffee~11~0^exp~food~lunch~3~1700000000000^exp~trans~~11~_|exp,food,3|
notes	exp~rent~_~12~_^xfer~rent~  lunch  ~2~_|exp,rent,20|
archledger	home^trip^work||
search	exp~food~0.3~~work~Trip|>=100|en;
notes	xfer~~﻿coffee~19~1700000000000^xfer~~lunch~1~_^xfer~~coffee~2~1700000000000^exp~trans~tea~6~1700000000000^xfer~~  lunch  ~16~_|xfer,,1|
archacct	a0~0^a1~0^a2~_^a3~0^a4~0||
archacct	a0~_^a1~1^a2~1^a3~1^a4~0|a9|
archacct	a0~1^a1~_^a2~1^a3~_^a4~1|a0|
pickledger	home||home
archledger	home^trip^work||work
search	xfer~zz~-3~ΑΣ~~home|﻿|en;
search	exp~zz~100~Istanbul~~trip^exp~rent~99.995~100~work;food~home^xfer~trans~100~coffee~﻿tag~|>-1|en;food::自定义:Custom
archledger	home^trip^work||trip
notes	inc~rent~~16~_^inc~rent~tea~14~_^inc~rent~coffee~4~_|inc,rent,20|
notes	xfer~trans~coffee~5~0^exp~trans~coffee~12~0^xfer~trans~coffee~5~_^xfer~trans~  lunch  ~5~1700000000000|xfer,trans,1|
search	exp~food~-3~LUNCH~work;food~_|food|en;trans::自定义:Custom
notes	xfer~~lunch~1~_^xfer~~lunch~15~1700000000000^xfer~~lunch~2~0^xfer~rent~tea~7~1700000000000^xfer~~~-5~0|xfer,,6|
pickledger	home|Trip^^trip|Trip
search	inc~zz~-0~lunch~_~home|food|zh;
pickacct	||
search	exp~food~99.995~Lunch~work~_^exp~rent~0.30000000000000004~100~_~trip^xfer~trans~99.995~lunch~~|>100|en;
archledger	|trip^trip|trip
notes	inc~food~lunch~3~_^inc~food~coffee~-2~1700000000000^inc~food~_~-5~1700000000000^inc~food~_~3~0|inc,food,1|
pickledger	||work
archledger	home^trip^work^|home^trip^trip|work
notes	xfer~food~coffee~4~_^inc~food~_~0~1700000000000^xfer~food~coffee~12~0^xfer~food~~2~1700000000000^xfer~trans~coffee~18~1700000000000|xfer,food,0|
notes	xfer~rent~lunch~-3~_^xfer~rent~lunch~14~1700000000000^xfer~rent~coffee~6~0|xfer,rent,6|
pickacct	a0~1^a1~_|a0|
search	inc~rent~0.3~ΑΣ~_~Trip|>-1|zh;
search	inc~~-3~_~work~home|>-1|en;
pickledger	home^trip^work|home^^home|work
notes	xfer~~coffee~13~_^exp~trans~  lunch  ~1~_^inc~rent~coffee~5~1700000000000|exp,trans,20|
notes	exp~trans~  lunch  ~5~1700000000000^xfer~rent~coffee~14~1700000000000^xfer~rent~tea~-5~_^xfer~rent~lunch~-3~_^xfer~rent~coffee~4~1700000000000^xfer~rent~﻿coffee~-4~1700000000000^xfer~rent~coffee~18~1700000000000^exp~rent~﻿coffee~-4~_|xfer,rent,0|
notes	xfer~~tea~-3~_^xfer~~﻿coffee~-4~1700000000000^xfer~~_~7~_^xfer~~~7~1700000000000^xfer~~lunch~15~_^xfer~~lunch~18~_^xfer~~lunch~2~0|xfer,,6|
pickledger	home^trip^work^^Trip|trip^|
notes	exp~zz~﻿coffee~20~0^exp~zz~lunch~17~_^exp~zz~coffee~-2~0^xfer~trans~lunch~0~_|exp,zz,3|
pickacct	a0~0^a1~0^a2~1^a3~_^a4~_|a9|
archledger	home^trip^work^^Trip|^work|trip
notes	xfer~rent~tea~17~_|xfer,rent,1|
archacct	a0~0^a1~1^a2~0^a3~_||
search	inc~zz~-3~~~_^exp~food~0.3~coffee_BOM~work~^xfer~~99.995~~~^exp~trans~99.995~coffee~_~trip|Ας|en;zz::自定义:Custom
archacct	a0~_^a1~1^a2~0^a3~1|^|
pickledger	home^trip|home^|trip
search	exp~~-3~_~work~home^inc~zz~1e21~_~work~^exp~trans~nan~ΑΣ~work;food~^xfer~zz~99.995~肯德基~~home|>100|zh;
pickacct	||
pickledger	home^trip^work||Trip
search	inc~food~1~lunch~~trip^exp~zz~nan~Lunch~~trip^exp~food~0.3~Σ~work~home^exp~rent~nan~100~work~Trip|=100|en;
archledger	home^trip^work||trip
pickledger	home^trip^work^|^work^|work
archacct	a0~1^a1~1|^a9|
notes	xfer~food~coffee~15~_^xfer~food~lunch~1~_^xfer~food~coffee~3~_^_~~﻿coffee~1~0^exp~rent~coffee~3~_^xfer~food~lunch~12~1700000000000^xfer~food~~10~1700000000000|xfer,food,3|
notes	|exp,zz,6|
pickledger	home^trip|^work|work
search	exp~trans~10.5~﻿coffee~_~_^exp~food~10.5~kfc~_~Trip^xfer~food~-0~Lunch~work;food~Trip|coffee|en;
pickacct	a0~_^a1~0^a2~_^a3~0||
notes	xfer~rent~coffee~19~1700000000000^exp~trans~coffee~-2~_^exp~~_~4~0|exp,,1|
search	exp~zz~1~~~home^inc~zz~1e21~_~~_^xfer~zz~nan~ΑΣ~work;food~_|work|en;food::自定义:Custom
notes	xfer~rent~  lunch  ~19~_^xfer~rent~tea~12~_^xfer~rent~  lunch  ~5~1700000000000|xfer,rent,6|
notes	|exp,food,1|
search	xfer~food~99.995~LUNCH~﻿tag~home^exp~trans~-0~LUNCH~﻿tag~Trip|>-1|en;trans::自定义:Custom
search	inc~zz~0.3~Lunch~work;food~trip|Ας|en;rent::自定义:Custom
search	exp~zz~1~~_~Trip^exp~~-0~_~_~trip^exp~food~99.995~strasse~~|work|en;trans::自定义:Custom
pickledger	home^trip|Trip|trip
search	exp~food~10.5~Istanbul~work;food~^xfer~~-3~strasse~_~Trip^exp~food~nan~coffee_BOM~﻿tag~|=1x|en;
search	exp~food~100~ΑΣ~work~|> 100|en;
pickacct	a0~_||
notes	inc~zz~_~6~_^inc~zz~lunch~14~_^inc~zz~coffee~-1~_|inc,zz,6|
search	xfer~zz~100~strasse~~home|>-1|zh;
search	exp~zz~99.995~ΑΣ~﻿tag~_|coffee|en;::自定义:Custom
search	xfer~zz~10.5~肯德基~work~trip^exp~trans~0.30000000000000004~Istanbul~work~_^inc~~1~strasse~work~home^xfer~rent~99.995~strasse~~|>﻿100|en;
search	exp~trans~1e21~~_~|>0.3|zh;
archledger	home^trip^work|Trip^|work
search	exp~food~nan~  spaced  ~~home^exp~food~0.30000000000000004~~work~home^xfer~food~-3~_~﻿tag~_|LUNCH|zh;
search	inc~trans~0.3~ΑΣ~~trip^exp~zz~99.995~  spaced  ~work;food~Trip^exp~rent~1e21~coffee_BOM~work~_^exp~rent~-0~100~~_^exp~zz~100~肯德基~work~|> 100|zh;::自定义:Custom
archledger	home^trip^work||trip
search	xfer~rent~99.995~İstanbul~_~Trip^inc~zz~100~  spaced  ~~^exp~zz~-3~kfc~work;food~^xfer~zz~0.30000000000000004~coffee_BOM~﻿tag~^inc~trans~nan~Istanbul~﻿tag~trip|coffee|zh;trans::自定义:Custom
archledger	|home^^home|home
notes	exp~rent~lunch~16~1700000000000|exp,rent,1|
pickledger	|Trip^work^trip|work
archacct	a0~_^a1~1^a2~1^a3~_^a4~1||
search	exp~trans~0~straSSe~﻿tag~Trip^exp~rent~1~~_~Trip^inc~zz~0.3~Lunch~work~home^inc~food~100~Istanbul~_~trip|>0.3|en;
search	xfer~~99.995~~~Trip^exp~~0.30000000000000004~straSSe~work~trip^exp~trans~1~İstanbul~_~home^xfer~~-3~_~﻿tag~trip|>abc|en;
notes	xfer~zz~coffee~11~1700000000000^inc~zz~  lunch  ~-2~_|xfer,zz,1|
search	inc~trans~nan~_~_~Trip^exp~zz~-3~100~_~home^exp~~0~ΑΣ~﻿tag~home|> 100|en;
search	exp~trans~1e21~~work~Trip^inc~rent~99.995~coffee~~^exp~zz~nan~Istanbul~work~home^exp~food~0~>abc~~^xfer~~99.995~strasse~_~Trip||en;
search	xfer~zz~0.3~>abc~﻿tag~Trip^exp~trans~100~ΑΣ~﻿tag~^exp~food~0.30000000000000004~Lunch~_~Trip|>100abc|zh;
pickledger	home^trip|^trip^work|work
search	inc~~0~  spaced  ~﻿tag~_|=nan|en;
search	inc~~99.995~Lunch~work~trip^xfer~rent~-0~Σ~work~^xfer~rent~1e21~~~|<100|zh;
search	inc~rent~10.5~İstanbul~_~trip^xfer~~0~strasse~work;food~Trip|lunch|en;
search	exp~zz~0~strasse~﻿tag~Trip^exp~food~-3~İstanbul~work~trip^exp~~nan~lunch~work;food~Trip|food|en;
notes	inc~~~4~0|inc,,1|
notes	inc~trans~﻿coffee~14~_^inc~trans~_~16~0^inc~trans~coffee~0~_^inc~trans~﻿coffee~4~0^inc~trans~  lunch  ~-5~1700000000000^inc~trans~  lunch  ~10~0|inc,trans,6|
search	exp~food~nan~İstanbul~~trip^inc~rent~-3~_~work;food~_^exp~~0.3~﻿coffee~work;food~Trip^exp~~0~~_~Trip|> 100|en;
search	exp~zz~1e21~LUNCH~work;food~Trip|lunch|zh;
pickacct	a0~1^a1~1||
notes	|xfer,food,3|
archledger	home^trip|home^home^Trip|work
search	xfer~rent~-3~ΑΣ~~trip|肯德基|zh;
pickacct	a0~0^a1~1^a2~0^a3~1||
search	inc~trans~99.995~Lunch~_~home|>=100|en;
notes	inc~trans~~14~1700000000000^inc~trans~coffee~2~_^xfer~trans~coffee~-1~1700000000000^inc~trans~~12~0^inc~trans~coffee~8~1700000000000|inc,trans,3|
notes	xfer~zz~  lunch  ~12~_^xfer~zz~lunch~2~0^xfer~zz~lunch~2~0^xfer~zz~lunch~12~1700000000000|xfer,zz,1|
pickledger	home^trip|Trip|work
search	inc~trans~0.3~100~﻿tag~home^exp~~10.5~coffee~_~trip^exp~food~0~﻿coffee~﻿tag~trip^exp~zz~-3~﻿coffee~work;food~home|>0.3|en;
notes	inc~trans~coffee~15~_^exp~food~_~-1~1700000000000^exp~zz~_~-3~_^xfer~zz~_~20~1700000000000^_~zz~tea~-2~_^inc~trans~~12~1700000000000^inc~trans~coffee~20~_^inc~trans~coffee~3~1700000000000|inc,trans,20|
notes	xfer~~lunch~6~1700000000000^xfer~~﻿coffee~-3~_^_~rent~~0~_^xfer~~tea~20~_|xfer,,3|
notes	_~zz~lunch~-5~_^xfer~rent~~12~0^xfer~rent~coffee~-3~_^xfer~rent~﻿coffee~4~_^xfer~rent~  lunch  ~12~_^inc~zz~coffee~17~_^xfer~rent~coffee~16~0^_~trans~coffee~-2~1700000000000|xfer,rent,6|
search	exp~trans~0.30000000000000004~İstanbul~~trip|> 100|en;
notes	exp~~coffee~-5~0^inc~zz~﻿coffee~3~1700000000000^inc~zz~tea~-4~0^inc~zz~  lunch  ~10~0|inc,zz,20|
archledger	home^trip^work|Trip^Trip^work|Trip
search	xfer~~10.5~_~_~Trip^inc~~0.30000000000000004~~_~Trip^exp~food~-0~  spaced  ~work~trip|trip|en;
search	exp~rent~10.5~coffee~_~trip|<100|zh;
search	exp~trans~nan~Istanbul~work;food~Trip^exp~rent~100~coffee~work~_|LUNCH|zh;
archledger	|^Trip|
search	inc~rent~0~100~work~^xfer~zz~1~kfc~﻿tag~home^exp~zz~0.3~Istanbul~work;food~| |en;
notes	xfer~rent~﻿coffee~11~0^exp~zz~coffee~0~_|xfer,rent,1|
search	inc~trans~0.30000000000000004~kfc~work;food~home^exp~rent~0.30000000000000004~ΑΣ~﻿tag~home^exp~~1~kfc~work;food~home|﻿lunch|en;
search	xfer~rent~0.3~>abc~work~^xfer~trans~100~Σ~~trip^inc~trans~0.3~Lunch~work;food~_^exp~trans~1e21~Istanbul~﻿tag~_|>0.3|en;
search	exp~trans~99.995~>abc~~^xfer~trans~0~coffee~work~_^exp~rent~nan~﻿coffee~work;food~_|1e+21|en;trans::自定义:Custom
search	xfer~~0.30000000000000004~strasse~work;food~_^xfer~trans~nan~straSSe~﻿tag~_^exp~zz~1~coffee~~_^inc~zz~99.995~>abc~work;food~home^exp~rent~-3~>abc~work;food~Trip|>﻿100|zh;
notes	xfer~trans~~5~_^xfer~trans~~9~0^xfer~trans~lunch~8~1700000000000^exp~trans~coffee~14~_^xfer~trans~lunch~20~_^xfer~trans~  lunch  ~13~_|xfer,trans,1|
notes	exp~zz~coffee~12~0|exp,zz,20|
archledger	|home^trip^Trip|trip
search	xfer~zz~10.5~_~﻿tag~home|>100|zh;zz::自定义:Custom
archacct	a0~1^a1~_^a2~_|a9^|
notes	inc~zz~tea~-2~1700000000000^inc~zz~lunch~6~_^inc~zz~coffee~12~1700000000000|inc,zz,20|
archledger	home^trip^work^^Trip|work^trip|trip
pickacct	a0~1||
notes	inc~food~  lunch  ~12~0^inc~food~﻿coffee~-2~_^inc~food~lunch~10~_^exp~rent~﻿coffee~5~_^inc~food~_~7~_^inc~food~  lunch  ~11~_|inc,food,1|
search	xfer~zz~99.995~strasse~﻿tag~|>100|zh;
archacct	|a9|
pickacct	a0~0^a1~1^a2~_^a3~1|a1|
notes	inc~~lunch~6~_^inc~~lunch~11~_^xfer~food~~7~_^inc~~coffee~-4~0^inc~~_~1~_^exp~rent~_~-3~0^inc~~coffee~-4~0^inc~~tea~-4~0|inc,,0|
pickacct	a0~_|a1^a9|
pickledger	|Trip^home|home
archledger	home|trip|
search	exp~~-0~coffee_BOM~~trip^inc~zz~-0~İstanbul~work;food~trip^inc~zz~0~kfc~work~home^inc~food~10.5~﻿coffee~_~trip|food|zh;
pickacct	a0~1^a1~0^a2~_|a1|
search	exp~rent~0.3~kfc~﻿tag~home^inc~zz~1~strasse~_~home|strasse|zh;
search	xfer~trans~1~LUNCH~work;food~_^exp~~0~straSSe~work~_^exp~food~99.995~İstanbul~work~trip^xfer~~nan~coffee~_~trip^xfer~food~10.5~Σ~_~|>=100|en;
search	exp~food~1e21~kfc~~_^inc~food~99.995~Σ~_~_^exp~zz~0.3~strasse~_~_^exp~trans~nan~Lunch~work;food~_|LUNCH|zh;
notes	inc~zz~coffee~0~1700000000000^_~~~6~1700000000000^exp~zz~﻿coffee~-3~_^exp~zz~coffee~-2~0^exp~zz~coffee~7~_|exp,zz,1|
notes	inc~~coffee~5~0^inc~~lunch~17~1700000000000^inc~~~13~1700000000000^inc~~tea~11~1700000000000^exp~rent~lunch~20~0^inc~~﻿coffee~-5~_^inc~~﻿coffee~-5~_^inc~~  lunch  ~19~1700000000000|inc,,0|
search	exp~zz~1~İstanbul~﻿tag~_^exp~zz~100~Istanbul~~^exp~zz~0~Σ~work~trip|=100|en;
pickacct	||
pickacct	a0~_^a1~_^a2~0^a3~0^a4~_||
search	xfer~rent~100~coffee_BOM~_~trip^exp~trans~99.995~İstanbul~﻿tag~home^inc~zz~10.5~strasse~﻿tag~trip|=0.30000000000000004|zh;
search	xfer~food~-0~kfc~﻿tag~^xfer~~1~kfc~_~Trip|>-1|zh;food::自定义:Custom
pickledger	|work^^trip|trip
notes	xfer~zz~lunch~13~_^xfer~trans~lunch~4~1700000000000^xfer~zz~coffee~0~_|xfer,zz,1|
notes	inc~~﻿coffee~20~_^inc~~tea~2~1700000000000|inc,,1|
notes	|inc,trans,20|
notes	inc~zz~coffee~14~_^exp~food~lunch~-2~0^exp~zz~﻿coffee~9~_^inc~zz~_~18~_|inc,zz,6|
search	xfer~rent~nan~>abc~_~trip^exp~rent~0~Σ~﻿tag~home|10.5|zh;
notes	inc~trans~~11~_^exp~~lunch~10~_^exp~~  lunch  ~19~1700000000000^exp~~﻿coffee~14~_^inc~trans~  lunch  ~0~0|exp,,20|
pickacct	|a1^a1|
archledger	home|^^work|work
notes	_~zz~coffee~12~_^xfer~trans~~8~0^xfer~trans~coffee~9~_^xfer~trans~coffee~-2~_^xfer~rent~~6~_^xfer~trans~﻿coffee~1~_^xfer~trans~﻿coffee~7~_^xfer~trans~coffee~19~0|xfer,trans,1|
archacct	a0~1^a1~_|^a9|
search	exp~food~1~100~~_||zh;
pickledger	home^trip^work^^Trip||trip
search	exp~food~10.5~_~﻿tag~_^exp~~nan~Istanbul~~trip^exp~rent~1~kfc~_~|> 100 x|zh;
pickledger	home|trip^trip^|Trip
search	inc~food~1~coffee_BOM~work~home^xfer~zz~10.5~~_~^exp~food~0~~~home^xfer~rent~0~Σ~﻿tag~|肯德基|zh;trans::自定义:Custom
search	exp~trans~0.3~~work;food~home|trip|en;
search	exp~~0.30000000000000004~Σ~~home^exp~trans~99.995~straSSe~~^inc~zz~-0~LUNCH~work~_^exp~zz~99.995~İstanbul~work~Trip^exp~~1e21~İstanbul~_~_|Ας|zh;
notes	inc~rent~﻿coffee~11~1700000000000^inc~rent~lunch~12~1700000000000^inc~rent~﻿coffee~17~_^inc~rent~  lunch  ~20~_^inc~rent~_~4~_^exp~~coffee~3~0|inc,rent,20|
search	inc~trans~nan~  spaced  ~﻿tag~home^inc~trans~-0~Lunch~~|1e+21|zh;zz::自定义:Custom
pickledger	home^trip^work^^Trip||
notes	inc~rent~coffee~18~_^exp~rent~coffee~15~_|inc,rent,6|
notes	exp~food~tea~3~_^xfer~food~lunch~-1~1700000000000^xfer~food~﻿coffee~5~_^xfer~food~~-1~_^xfer~food~~20~_^xfer~food~_~16~_^xfer~food~tea~10~1700000000000|xfer,food,0|
search	xfer~zz~10.5~İstanbul~_~trip^exp~~0~100~work;food~Trip^xfer~~100~straSSe~_~|lunch|en;
pickacct	a0~_|a1|
search	exp~trans~-0~coffee_BOM~work~Trip|food|zh;
notes	exp~~tea~11~0^exp~~tea~10~1700000000000^exp~~﻿coffee~18~_|exp,,0|
notes	exp~food~﻿coffee~-5~_^xfer~~﻿coffee~-5~1700000000000^xfer~~lunch~-5~_|xfer,,20|
search	exp~trans~100~kfc~~trip^xfer~rent~1~Σ~work~Trip^xfer~food~1~lunch~work~_|﻿|en;zz::自定义:Custom
pickledger	home^trip^work^^Trip||work
archacct	a0~1^a1~_||
search	exp~~1e21~_~~home^xfer~~0~strasse~work;food~_^xfer~trans~0.30000000000000004~kfc~~home^inc~rent~100~coffee~work~_^xfer~zz~1e21~LUNCH~work~trip|99.995|en;
notes	exp~zz~_~1~0^exp~zz~lunch~10~0^exp~zz~﻿coffee~4~0^inc~~_~14~_^exp~zz~﻿coffee~7~0^exp~zz~coffee~18~_|exp,zz,20|
notes	inc~rent~lunch~12~1700000000000^inc~rent~coffee~-2~0^inc~rent~  lunch  ~5~0^exp~~lunch~-5~_^inc~rent~_~-1~_^inc~rent~  lunch  ~9~_^inc~rent~﻿coffee~10~_|inc,rent,20|
search	xfer~rent~-0~肯德基~work~|=0.3|en;zz::自定义:Custom
pickledger	home^trip^work^||work
search	xfer~~0.3~coffee~~trip^exp~~1e21~_~work;food~Trip||zh;
archacct	|^a0|
notes	inc~food~﻿coffee~15~_^xfer~~coffee~7~0|inc,food,6|
search	inc~zz~-0~straSSe~﻿tag~home^exp~rent~-0~ΑΣ~~Trip^exp~food~100~İstanbul~﻿tag~|coffee|en;
pickledger	home||
archacct	a0~0^a1~0^a2~0||
search	inc~rent~-3~strasse~﻿tag~home^inc~~-3~İstanbul~work;food~Trip^exp~trans~100~coffee~_~trip|coffee|en;
notes	exp~~  lunch  ~1~1700000000000^xfer~zz~~0~0^exp~~coffee~-1~_|exp,,20|
pickacct	a0~1|a1|
pickledger	home^trip^work^|trip|trip
pickledger	home^trip|Trip^trip|Trip
search	exp~zz~0.30000000000000004~strasse~_~trip^inc~rent~-0~Σ~work~_^xfer~~-3~﻿coffee~_~home^exp~food~1~coffee~~|coffee|en;
pickledger	home^trip^work|work^^|Trip
archledger	home||home
notes	exp~zz~coffee~18~_^exp~zz~_~13~_^exp~~~20~0^exp~rent~~4~_^exp~zz~coffee~5~1700000000000^exp~zz~coffee~5~_^xfer~zz~coffee~16~_^xfer~food~﻿coffee~11~_|exp,zz,6|
notes	inc~zz~lunch~4~_^inc~zz~tea~-4~1700000000000^inc~zz~﻿coffee~20~_^inc~zz~~15~_^inc~trans~﻿coffee~-4~0|inc,zz,0|
search	exp~~0.30000000000000004~~﻿tag~_^xfer~zz~0.3~strasse~_~home^inc~rent~nan~100~work;food~home^exp~zz~1~~~trip^exp~trans~0~Lunch~_~|strasse|zh;food::自定义:Custom
pickacct	a0~_^a1~0^a2~0^a3~0^a4~_||
archledger	home^trip^work|trip|
pickledger	|Trip^Trip|work
archledger	home^trip^work|work|home
archacct	a0~_||
pickacct	a0~1^a1~1^a2~_||
search	exp~zz~-0~100~﻿tag~_^xfer~food~10.5~strasse~_~trip^xfer~zz~0.30000000000000004~LUNCH~work~home^inc~food~-0~肯德基~_~Trip|>100abc|zh;
search	exp~rent~99.995~_~﻿tag~Trip^xfer~food~0~coffee~work;food~Trip^exp~trans~100~Σ~_~_^exp~trans~100~肯德基~work;food~_|=100|en;
search	exp~rent~-0~Lunch~_~Trip|>=|zh;
notes	exp~trans~coffee~-3~_^exp~trans~lunch~3~0^exp~trans~lunch~9~0^exp~trans~lunch~-1~0|exp,trans,1|
notes	xfer~~tea~19~_^inc~food~lunch~-4~_^inc~trans~  lunch  ~0~1700000000000^inc~zz~_~6~0^inc~zz~﻿coffee~1~_^inc~zz~  lunch  ~-4~_|inc,zz,3|
archacct	a0~1^a1~1|a9|
archledger	||trip
notes	xfer~food~  lunch  ~9~0^xfer~food~  lunch  ~-3~_^xfer~food~coffee~13~_^xfer~food~lunch~17~0|xfer,food,1|
archacct	a0~1^a1~_||
archledger	home^trip^work^^Trip|Trip^trip^Trip|Trip
search	exp~food~1~ΑΣ~work~^xfer~zz~100~﻿coffee~﻿tag~^exp~rent~100~_~work~_^inc~rent~0.3~﻿coffee~work;food~trip^xfer~trans~-3~100~_~|> 100|en;
notes	exp~zz~coffee~4~0^inc~~lunch~19~_^inc~~coffee~11~1700000000000^inc~~﻿coffee~12~1700000000000^inc~~~-4~1700000000000^_~rent~﻿coffee~13~_^inc~~lunch~2~_|inc,,20|
notes	inc~zz~  lunch  ~2~1700000000000|inc,zz,6|
archacct	||
search	inc~~-0~_~_~home^xfer~trans~0.30000000000000004~coffee_BOM~_~|>-1|zh;
search	xfer~zz~0~ΑΣ~work;food~home^inc~rent~1e21~ΑΣ~work~Trip^xfer~~-3~İstanbul~~trip|work|zh;
archledger	||
search	exp~rent~10.5~coffee~_~home^xfer~~100~>abc~﻿tag~Trip^inc~~100~coffee~﻿tag~home^exp~~0.3~100~_~|> 100|zh;
search	inc~rent~nan~肯德基~work~|>-1|zh;
notes	exp~rent~  lunch  ~12~_^inc~food~~5~0^inc~food~﻿coffee~19~0^inc~food~lunch~5~_^inc~food~﻿coffee~11~1700000000000^inc~food~~4~1700000000000^inc~food~coffee~14~_^_~zz~~7~_|inc,food,3|
notes	xfer~rent~coffee~4~0^xfer~rent~lunch~11~_^inc~zz~  lunch  ~-3~_^xfer~rent~lunch~16~0^xfer~rent~﻿coffee~9~_^_~zz~~20~_^xfer~rent~coffee~0~_|xfer,rent,3|
search	exp~rent~-3~﻿coffee~work~trip^inc~rent~1~LUNCH~~home||zh;
pickledger	home^trip|^^work|
search	exp~zz~1e21~~~Trip|>100|zh;
notes	inc~zz~tea~8~_^xfer~zz~  lunch  ~-3~_^inc~zz~_~13~0^inc~zz~  lunch  ~14~1700000000000^inc~zz~lunch~13~_|inc,zz,3|
search	xfer~trans~0.30000000000000004~coffee~﻿tag~Trip^exp~food~-3~肯德基~_~_^exp~~100~肯德基~﻿tag~^inc~food~0.3~Σ~﻿tag~_|﻿|en;::自定义:Custom
search	exp~rent~1~_~work;food~^exp~trans~10.5~﻿coffee~~trip^exp~~99.995~>abc~~Trip^xfer~~100~lunch~work;food~Trip^exp~~-3~coffee_BOM~﻿tag~Trip|<=100|zh;
pickledger	home^trip^work^^Trip|work^trip|trip
notes	xfer~~tea~14~_^xfer~~  lunch  ~20~_|xfer,,0|
pickledger	home^trip^work^^Trip|Trip|work
archacct	a0~0^a1~0||
archacct	a0~0^a1~_^a2~_||
search	exp~food~0~Lunch~work;food~^exp~~100~strasse~_~home^exp~zz~100~  spaced  ~~Trip^xfer~rent~1~coffee~_~| |zh;
pickledger	home^trip^work^|home|Trip
search	xfer~rent~nan~~work;food~|coffee|zh;
notes	xfer~rent~coffee~15~0|xfer,rent,3|
notes	exp~rent~_~12~_^exp~rent~coffee~2~_^_~zz~tea~16~_^exp~rent~lunch~9~_^exp~rent~tea~10~1700000000000^exp~rent~coffee~8~_^exp~rent~coffee~14~_|exp,rent,6|
notes	inc~~tea~9~_^inc~~~15~0^inc~~~10~1700000000000^inc~~tea~6~_^exp~rent~lunch~11~1700000000000|inc,,3|
notes	xfer~rent~tea~2~1700000000000|xfer,rent,0|
search	inc~food~100~LUNCH~_~^exp~~-3~lunch~work~home^xfer~trans~0~肯德基~﻿tag~_^inc~zz~100~  spaced  ~_~trip|=nan|zh;
pickledger	home^trip^work^|home|home
notes	inc~rent~_~13~0^exp~food~﻿coffee~6~1700000000000^exp~zz~coffee~9~_^inc~food~tea~-2~_^exp~zz~lunch~20~0^inc~food~lunch~13~_^inc~rent~coffee~3~_^exp~zz~coffee~6~0|exp,zz,0|
pickacct	a0~0^a1~_|a0|
search	exp~trans~-0~LUNCH~~home|<=100|zh;
search	exp~~0~  spaced  ~work~_^inc~zz~nan~  spaced  ~~|>0.3|zh;
pickacct	a0~_|a1^a9|
archledger	home|Trip|Trip
archledger	home^trip||work
archledger	|^^|work
archledger	home^trip^work|work^trip^Trip|work
notes	xfer~rent~coffee~16~_^xfer~rent~~9~_^xfer~rent~lunch~14~_^xfer~rent~coffee~17~_^xfer~rent~  lunch  ~1~1700000000000^xfer~rent~coffee~7~1700000000000^exp~zz~tea~10~0^xfer~rent~lunch~-2~_|xfer,rent,3|
search	xfer~rent~1~kfc~work~_^xfer~~0~  spaced  ~~Trip|=0.3|en;
pickacct	a0~0^a1~1^a2~0^a3~_||
search	exp~food~nan~ΑΣ~work;food~^xfer~food~0.3~  spaced  ~work~^exp~rent~100~~_~_^inc~rent~-0~Istanbul~work;food~_^xfer~food~10.5~coffee_BOM~﻿tag~home|100|en;
archledger	home^trip^work^||work
notes	inc~~tea~15~_^inc~~coffee~13~1700000000000^inc~~tea~14~_^inc~~coffee~7~_^_~trans~_~19~_^inc~~﻿coffee~7~0^inc~~_~11~_^inc~~coffee~19~_|inc,,0|
pickacct	a0~1|a1^a0|
pickacct	||
pickacct	|a0|
pickledger	home^trip^work^|Trip^work^|home
notes	xfer~zz~lunch~-4~_^xfer~zz~lunch~18~_^exp~~﻿coffee~1~_^xfer~zz~coffee~7~0^exp~trans~coffee~4~1700000000000^xfer~zz~﻿coffee~3~_|xfer,zz,6|
notes	_~zz~tea~-4~_^exp~zz~tea~4~1700000000000^exp~zz~_~9~_|exp,zz,3|
search	xfer~food~nan~100~_~trip^exp~trans~1~Lunch~work~trip^exp~rent~0.30000000000000004~İstanbul~_~trip^exp~~nan~İstanbul~work;food~|100|en;
search	xfer~rent~0.3~kfc~~trip^exp~trans~-0~100~﻿tag~_^exp~food~0.30000000000000004~100~_~Trip^exp~rent~1~straSSe~work~_|coffee|en;
search	exp~trans~1~肯德基~~Trip^exp~trans~0.3~coffee_BOM~﻿tag~home|strasse|en;
archacct	a0~0^a1~_||
notes	inc~food~coffee~4~1700000000000^exp~rent~lunch~0~_^_~trans~tea~-4~_^exp~rent~_~7~_^exp~rent~tea~4~_^_~zz~  lunch  ~12~1700000000000^exp~rent~~12~_^exp~rent~lunch~3~1700000000000|exp,rent,3|
pickacct	a0~1^a1~1^a2~0||
notes	xfer~rent~_~1~_^xfer~rent~coffee~19~1700000000000^xfer~rent~  lunch  ~14~_^xfer~rent~﻿coffee~2~0^xfer~rent~tea~11~0^xfer~rent~~0~_^xfer~rent~lunch~20~_|xfer,rent,0|
notes	inc~~lunch~-4~1700000000000^inc~~_~-4~0|inc,,3|
archacct	a0~0^a1~_^a2~0|a9^a0|
pickledger	|Trip|work
notes	xfer~rent~coffee~-4~_^xfer~rent~﻿coffee~15~0^xfer~rent~lunch~17~1700000000000^inc~zz~lunch~3~1700000000000|xfer,rent,20|
search	inc~food~nan~ΑΣ~work~Trip^xfer~rent~10.5~coffee~work;food~_^exp~~10.5~﻿coffee~_~Trip^inc~trans~10.5~kfc~_~trip^inc~food~100~Σ~﻿tag~home|=nan|en;
pickledger	home^trip^work^|trip^|home
archacct	a0~1||
search	inc~rent~0.3~LUNCH~_~^exp~trans~100~ΑΣ~work~^exp~food~100~  spaced  ~~Trip^xfer~trans~0.3~coffee_BOM~﻿tag~trip|﻿lunch|zh;
pickledger	home||home
search	exp~~nan~  spaced  ~work;food~^exp~trans~10.5~coffee~~|﻿lunch|zh;
search	inc~trans~nan~100~_~home|>100abc|en;
notes	inc~zz~tea~10~_^inc~zz~coffee~11~_^inc~zz~~5~_^inc~zz~tea~10~_^inc~zz~  lunch  ~3~_^_~food~﻿coffee~-4~_|inc,zz,6|
archledger	home^trip^work|trip|trip
pickledger	||
archacct	||
notes	exp~~_~-3~1700000000000^exp~~  lunch  ~3~_^exp~~  lunch  ~13~_^exp~~~6~1700000000000^exp~food~coffee~-5~_^exp~~  lunch  ~7~1700000000000|exp,,3|
notes	_~trans~lunch~3~_^inc~food~  lunch  ~18~0^inc~food~tea~3~_^inc~food~tea~15~_^exp~~lunch~10~_^inc~food~lunch~-4~_|inc,food,6|
notes	exp~rent~_~11~_|exp,rent,3|
search	exp~rent~0~﻿coffee~work~home^exp~trans~0~Istanbul~work;food~^exp~trans~1~coffee_BOM~work~_^xfer~~0~_~~home|>　100|zh;
pickledger	home^trip^work^^Trip|home|home
search	inc~trans~nan~>abc~_~_^exp~zz~nan~coffee~~Trip^exp~trans~0.30000000000000004~ΑΣ~work;food~^inc~trans~0.3~straSSe~﻿tag~_^inc~~10.5~100~_~home|>　100|en;trans::自定义:Custom
search	exp~food~-3~  spaced  ~~|LUNCH|en;zz::自定义:Custom
search	xfer~~nan~  spaced  ~_~_^exp~trans~99.995~kfc~_~|>100|en;
search	inc~food~nan~lunch~work~Trip^exp~~100~肯德基~﻿tag~^inc~zz~-0~LUNCH~work;food~_|=0.3|zh;
search	inc~rent~-0~kfc~_~home^inc~rent~100~Lunch~work~trip^inc~trans~99.995~strasse~work~trip^xfer~zz~nan~coffee~work~home|>=100|zh;::自定义:Custom
notes	inc~rent~lunch~12~_|inc,rent,3|
pickacct	a0~_^a1~_^a2~_|a9|
pickledger	home|^^|home
archledger	||
archacct	||
archledger	home|Trip|Trip
search	exp~rent~1~  spaced  ~_~^inc~zz~100~>abc~work;food~^exp~~10.5~肯德基~~Trip^exp~food~0.30000000000000004~Istanbul~~trip|> 100|en;
search	exp~trans~-0~﻿coffee~_~_^inc~~99.995~肯德基~work;food~home|﻿lunch|zh;::自定义:Custom
pickacct	a0~0|a0|
notes	xfer~trans~coffee~5~_^xfer~trans~  lunch  ~15~_^xfer~trans~coffee~6~1700000000000^inc~food~lunch~1~_|xfer,trans,6|
notes	xfer~trans~_~-5~_|xfer,trans,1|
search	xfer~trans~0.3~coffee~_~trip^inc~food~1e21~LUNCH~~trip^inc~trans~0~100~~Trip^exp~food~-0~  spaced  ~﻿tag~home|>=100|zh;
pickledger	|home^home^home|
archledger	home||home
search	exp~zz~1e21~~_~trip^exp~rent~-0~strasse~﻿tag~_^inc~food~-0~ΑΣ~work;food~home|<100|en;
search	exp~~1~straSSe~work;food~Trip^xfer~rent~99.995~Σ~~Trip^xfer~food~1~Lunch~~^inc~food~10.5~>abc~~trip^inc~rent~-3~﻿coffee~work~trip|肯德基|zh;::自定义:Custom
archacct	a0~_||
search	exp~food~0.3~Lunch~_~_^inc~zz~0.30000000000000004~~_~home|<=100|zh;
search	exp~trans~99.995~Σ~﻿tag~trip^exp~rent~nan~_~work~trip|> 100 x|en;
archacct	a0~1^a1~0|a1^a9|
archacct	a0~0^a1~0^a2~1^a3~_|a9^a9|
archledger	home^trip^work^^Trip||work
search	inc~food~100~straSSe~~|=0.3|en;trans::自定义:Custom
pickledger	home^trip|home|Trip
pickacct	a0~1^a1~_^a2~1^a3~_||
pickacct	a0~1^a1~0^a2~0||
search	exp~~1e21~straSSe~work~^exp~food~0.30000000000000004~LUNCH~work;food~trip^xfer~~0.30000000000000004~肯德基~_~trip|>100abc|en;
notes	inc~rent~~12~_^exp~rent~coffee~13~_^xfer~food~tea~7~_^inc~rent~lunch~3~1700000000000^inc~rent~coffee~8~0^inc~rent~﻿coffee~4~_^_~rent~﻿coffee~-2~_|inc,rent,3|
notes	xfer~food~lunch~-2~0^exp~food~  lunch  ~10~0^xfer~food~tea~3~_|xfer,food,0|
notes	exp~zz~coffee~19~_|exp,zz,20|
pickacct	a0~0^a1~_||
search	xfer~rent~-0~kfc~work;food~Trip^xfer~trans~nan~straSSe~﻿tag~_|food|en;
notes	exp~zz~  lunch  ~3~0^exp~zz~_~-1~_|exp,zz,3|
archledger	home^trip||home
notes	xfer~~coffee~0~1700000000000^xfer~~  lunch  ~12~_^xfer~~﻿coffee~7~0^xfer~~  lunch  ~5~0|xfer,,20|
notes	inc~zz~tea~17~_^inc~food~coffee~-4~0^inc~zz~lunch~16~_^inc~zz~tea~19~_^inc~zz~lunch~12~1700000000000^_~~  lunch  ~6~1700000000000^inc~zz~coffee~3~_|inc,zz,3|
pickledger	home^trip^work||trip
search	inc~~0.3~İstanbul~work~home^exp~zz~10.5~LUNCH~_~Trip|100|zh;
archacct	a0~1^a1~1^a2~_^a3~1|a0^a0|
archacct	a0~1|a0|
pickacct	a0~0^a1~1^a2~0^a3~0^a4~0||
search	xfer~~100~Istanbul~_~trip^exp~~99.995~Istanbul~~_^exp~~0~strasse~﻿tag~trip^exp~~1~straSSe~~Trip^exp~rent~nan~>abc~~Trip|>=|en;
notes	xfer~zz~tea~4~0^xfer~zz~~11~0^xfer~zz~coffee~-1~_^xfer~zz~coffee~-5~1700000000000|xfer,zz,6|
search	exp~food~-0~coffee~work;food~home|>100abc|en;
pickacct	a0~_^a1~1|a9|
notes	inc~zz~﻿coffee~12~_^inc~zz~tea~15~0^xfer~food~coffee~1~0^inc~zz~lunch~16~0^inc~zz~coffee~19~1700000000000^inc~zz~lunch~10~_^inc~zz~~20~0|inc,zz,3|
archacct	a0~0^a1~0||
notes	exp~trans~_~13~_^exp~trans~﻿coffee~2~_^xfer~zz~tea~5~_^exp~trans~  lunch  ~-1~_^_~~coffee~4~_|exp,trans,6|
archledger	home^trip|work^trip|Trip
pickacct	a0~_|^a0|
archledger	home^trip^work|home|home
search	xfer~rent~nan~LUNCH~_~_^xfer~zz~0.3~ΑΣ~~Trip^exp~food~-3~100~﻿tag~^exp~rent~-0~﻿coffee~work~trip^xfer~food~100~Istanbul~work~trip|99.995|zh;
pickledger	home^trip|home^work^home|Trip
pickledger	home^trip|work|trip
pickledger	||home
pickacct	a0~0^a1~0^a2~0^a3~0^a4~0|a1^|
pickledger	home^trip|home^trip|home
pickacct	a0~1|a9|
notes	xfer~rent~_~5~_^xfer~rent~_~20~1700000000000^xfer~rent~  lunch  ~11~_^xfer~rent~  lunch  ~11~_|xfer,rent,0|
search	exp~~-0~100~work~^xfer~zz~-0~~~Trip^exp~zz~-0~LUNCH~work~Trip|>=|zh;
archacct	a0~_^a1~1^a2~_|^a9|
notes	xfer~~coffee~-2~1700000000000^xfer~~tea~-1~1700000000000^xfer~~coffee~11~_^exp~zz~  lunch  ~19~1700000000000|xfer,,6|
pickledger	home^trip|Trip|Trip
search	exp~~0.3~straSSe~~Trip^exp~rent~-0~straSSe~﻿tag~home|>100|en;trans::自定义:Custom
archacct	a0~1^a1~0^a2~1^a3~1^a4~_||
search	exp~food~99.995~Σ~~^exp~rent~1e21~Σ~_~home^xfer~zz~-3~_~~trip^inc~trans~0~strasse~work;food~|lunch|zh;
pickacct	a0~0^a1~0^a2~_^a3~_^a4~0||
notes	exp~zz~coffee~6~_^exp~zz~lunch~5~_^exp~zz~~0~_^exp~zz~lunch~6~0|exp,zz,0|
pickledger	home^trip^work^|trip^home^|home
search	exp~food~-0~~_~home^inc~food~-0~LUNCH~_~home^exp~food~1e21~coffee~﻿tag~Trip^xfer~~1e21~_~work~_|>=100|zh;
pickledger	|work|home
pickacct	a0~1||
search	xfer~~1~>abc~﻿tag~|肯德基|zh;
pickledger	home^trip^work^|Trip^home^home|trip
search	exp~food~1e21~  spaced  ~﻿tag~Trip|>100|en;
search	exp~trans~100~straSSe~﻿tag~^inc~zz~0.30000000000000004~strasse~_~_^inc~food~0.3~LUNCH~work~|>100|en;rent::自定义:Custom
archacct	a0~1^a1~1^a2~_^a3~0|a9|
search	inc~zz~-3~Lunch~work~_^xfer~food~100~LUNCH~﻿tag~trip^inc~food~99.995~straSSe~work;food~_^inc~~99.995~coffee~~^exp~rent~nan~肯德基~~home|10.5|zh;
archledger	home^trip^work^^Trip|trip^home|work
pickledger	home^trip^work^|^|Trip
search	exp~rent~100~Istanbul~work~|>　100|zh;
notes	inc~food~coffee~19~_^inc~food~~-3~_^inc~~lunch~13~_^inc~food~~16~1700000000000^inc~food~_~1~0^inc~food~  lunch  ~0~0^inc~food~~4~0^exp~zz~~6~1700000000000|inc,food,20|
notes	inc~~_~19~_^inc~~﻿coffee~15~0^inc~~coffee~16~_^inc~~~12~_^inc~~lunch~-2~_^_~food~_~6~_|inc,,1|
pickledger	home^trip||Trip
archledger	home^trip^work|^trip|home
search	exp~rent~-3~coffee~_~_^exp~trans~1~lunch~~home^inc~food~10.5~肯德基~_~trip^inc~trans~0.3~>abc~work~^exp~food~99.995~Σ~_~home|lunch|zh;
pickledger	home|home|
search	xfer~trans~nan~LUNCH~work;food~home^exp~trans~10.5~lunch~~_^exp~trans~1~LUNCH~work~_^exp~zz~-3~coffee~﻿tag~^xfer~food~10.5~İstanbul~_~|=100|zh;food::自定义:Custom
notes	inc~trans~lunch~7~_^inc~trans~﻿coffee~13~_^inc~trans~coffee~18~1700000000000^inc~trans~tea~-2~1700000000000^exp~~lunch~5~_^inc~trans~﻿coffee~12~_|inc,trans,20|
pickledger	|trip|home
notes	inc~zz~_~12~_|inc,zz,20|
archledger	home^trip||trip
pickacct	a0~1||
notes	exp~trans~coffee~16~0^exp~trans~coffee~16~_^inc~rent~~8~_^exp~trans~coffee~17~_|exp,trans,6|
notes	exp~~﻿coffee~2~_^exp~~coffee~2~1700000000000^exp~~_~11~1700000000000|exp,,1|
search	xfer~zz~-0~coffee~﻿tag~^xfer~rent~1~lunch~_~^exp~~0~straSSe~﻿tag~home^xfer~food~-3~coffee_BOM~work~^exp~trans~-0~ΑΣ~﻿tag~Trip|﻿lunch|zh;
search	xfer~food~0~coffee_BOM~work;food~|trip|en;::自定义:Custom
notes	inc~food~coffee~20~1700000000000^inc~food~lunch~3~_^inc~food~~0~_^inc~food~lunch~15~0^exp~zz~coffee~0~1700000000000^inc~food~~4~_|inc,food,20|
notes	inc~rent~lunch~-3~1700000000000^inc~rent~  lunch  ~-5~_^_~trans~tea~-4~_^_~food~lunch~18~_^inc~rent~~10~_^inc~rent~lunch~7~0^_~trans~lunch~1~0|inc,rent,0|
archacct	a0~0^a1~0^a2~0^a3~1^a4~0|a0|
notes	xfer~rent~~5~1700000000000|xfer,rent,0|
notes	xfer~trans~  lunch  ~-5~_^xfer~trans~lunch~9~1700000000000^exp~zz~coffee~12~_^xfer~trans~  lunch  ~2~1700000000000|xfer,trans,0|
pickacct	a0~0^a1~0||
archledger	home|Trip|trip
archacct	a0~0||
archledger	home^trip^work||Trip
notes	xfer~~lunch~1~1700000000000^_~rent~~3~_^xfer~~lunch~3~1700000000000^xfer~~~-4~1700000000000^inc~food~tea~2~_|xfer,,0|
pickledger	home^trip^work^^Trip||home
archledger	home^trip^work^^Trip||
notes	exp~~lunch~18~_|exp,,6|
search	exp~~0.3~_~work;food~|=1x|en;::自定义:Custom
search	xfer~food~0.3~~~trip^exp~~-0~lunch~work~^exp~trans~-3~100~work~_^exp~zz~0~coffee~~^exp~food~nan~straSSe~work;food~_|trip|zh;
archledger	home||Trip
search	exp~food~nan~strasse~work;food~_^exp~food~0.30000000000000004~coffee~work~Trip^inc~trans~0~Istanbul~work~_|=0.30000000000000004|en;
search	exp~~99.995~肯德基~_~^xfer~rent~1e21~İstanbul~﻿tag~_^inc~rent~nan~>abc~~home^exp~~0.30000000000000004~LUNCH~_~|LUNCH|en;
search	exp~trans~1~lunch~~^exp~trans~nan~coffee~_~trip^xfer~zz~0.30000000000000004~coffee_BOM~work~^exp~zz~-3~肯德基~_~_^exp~food~-3~Σ~work;food~trip|kfc|en;
search	xfer~trans~10.5~~work;food~Trip^exp~food~1e21~kfc~work~_|=0.3|zh;
archledger	home^trip^work||trip
pickacct	a0~1^a1~0^a2~_||
search	inc~zz~0~﻿coffee~work~^exp~zz~99.995~Σ~work;food~_^exp~food~-0~kfc~~trip^inc~~0.3~  spaced  ~work~_|Ας|zh;food::自定义:Custom
search	exp~~-3~Σ~﻿tag~trip|kfc|en;
archledger	home^trip^work^^Trip|Trip^work^trip|home
search	inc~zz~0~_~work;food~trip|>0.3|zh;
pickledger	home^trip^work||work
notes	xfer~rent~﻿coffee~-1~0^xfer~rent~coffee~5~_|xfer,rent,1|
search	exp~rent~1e21~ΑΣ~﻿tag~^exp~food~-0~Istanbul~﻿tag~_^xfer~rent~0~肯德基~_~Trip^xfer~trans~0.30000000000000004~_~work;food~Trip^exp~~10.5~~﻿tag~Trip|=nan|zh;food::自定义:Custom
search	xfer~rent~99.995~straSSe~~_|=0.3|en;::自定义:Custom
archledger	home^trip^work^|trip^Trip|home
pickacct	a0~0^a1~0^a2~_||
notes	|xfer,rent,20|
search	inc~~100~  spaced  ~_~_|> 100|en;
pickacct	a0~0^a1~_^a2~_|a0|
archledger	home|Trip^Trip^Trip|trip
search	inc~rent~0.30000000000000004~kfc~work;food~Trip^exp~zz~1e21~strasse~﻿tag~_^exp~food~-3~~﻿tag~|100|zh;
notes	exp~rent~coffee~0~1700000000000^xfer~~_~19~_^xfer~~~16~_^xfer~~﻿coffee~9~_|xfer,,6|
archledger	home^trip^work^^Trip||trip
pickledger	home^trip^work||work
notes	exp~trans~coffee~19~_^exp~trans~lunch~-4~1700000000000^exp~trans~﻿coffee~7~1700000000000^exp~trans~lunch~0~_|exp,trans,1|
search	exp~trans~99.995~>abc~_~_^xfer~trans~-3~_~﻿tag~Trip^exp~food~-0~Istanbul~~home|﻿|zh;
search	xfer~trans~-0~Istanbul~work;food~home^inc~~-3~lunch~work;food~Trip^xfer~food~-3~  spaced  ~work~trip^exp~zz~100~strasse~_~|> 100|zh;
archacct	a0~0^a1~1^a2~_^a3~1||
archledger	home|Trip^Trip|Trip
pickledger	home^trip||
pickacct	a0~_^a1~_^a2~0^a3~_^a4~0|a9|
notes	|inc,trans,20|
search	inc~trans~0.30000000000000004~Istanbul~﻿tag~_^inc~rent~10.5~coffee~_~_^exp~trans~1~coffee~work;food~Trip|kfc|zh;rent::自定义:Custom
search	xfer~zz~0.30000000000000004~coffee_BOM~_~home^exp~zz~1~肯德基~﻿tag~home|=100|zh;
search	inc~trans~99.995~100~work~_^exp~food~-3~ΑΣ~work;food~|=1x|en;rent::自定义:Custom
pickacct	a0~0^a1~0^a2~0||
search	exp~trans~1~>abc~﻿tag~_^inc~rent~99.995~Lunch~﻿tag~^exp~food~-3~_~work;food~trip^exp~trans~0.30000000000000004~Istanbul~﻿tag~home^exp~food~nan~100~~|lunch|zh;food::自定义:Custom
pickledger	home^trip^work^^Trip|Trip|home
pickledger	|Trip^|
search	exp~food~1e21~ΑΣ~~Trip|﻿lunch|zh;
search	exp~food~99.995~_~work~_^xfer~~99.995~~work~^exp~trans~99.995~Lunch~~trip|=nan|en;
notes	xfer~trans~~10~_^exp~rent~~14~_^xfer~trans~coffee~13~1700000000000|xfer,trans,3|
search	exp~trans~nan~coffee_BOM~_~|=100|zh;
pickacct	a0~_^a1~_||
search	exp~trans~-0~coffee~work;food~Trip|>-1|en;
archledger	|^Trip^trip|
search	inc~zz~1e21~_~﻿tag~home^exp~rent~0.3~Lunch~﻿tag~^xfer~~-0~LUNCH~work~trip^exp~rent~1e21~﻿coffee~﻿tag~|<=100|en;
archledger	home|^home|Trip
search	inc~rent~10.5~straSSe~work;food~Trip^xfer~~nan~strasse~work;food~_^xfer~zz~1~_~_~home|﻿|zh;
search	exp~trans~0.30000000000000004~İstanbul~work~^inc~rent~-3~Lunch~﻿tag~_^xfer~trans~-3~~work;food~^exp~food~-0~coffee~~^xfer~zz~nan~~_~home|work|en;food::自定义:Custom
search	inc~trans~0.30000000000000004~strasse~work~trip^xfer~trans~1e21~LUNCH~work~_|<100|en;
search	exp~trans~-3~lunch~~Trip|lunch_BOM|zh;zz::自定义:Custom
pickacct	a0~_^a1~1^a2~1^a3~1|a1^a9|
notes	_~~coffee~19~_^exp~trans~﻿coffee~-1~0^exp~trans~coffee~0~_^exp~trans~coffee~9~1700000000000^exp~trans~coffee~12~1700000000000^exp~trans~~16~1700000000000^exp~trans~~17~1700000000000|exp,trans,20|
notes	inc~rent~lunch~19~1700000000000|inc,rent,0|
archacct	a0~1||
search	exp~trans~-3~Lunch~work~trip^exp~food~10.5~İstanbul~~^exp~rent~-0~kfc~~_^exp~~0~İstanbul~﻿tag~_^exp~rent~-3~ΑΣ~work~trip|=0.30000000000000004|en;
search	exp~trans~0.3~LUNCH~work;food~trip^exp~rent~nan~Lunch~_~Trip^exp~rent~0.3~LUNCH~﻿tag~_^inc~zz~nan~İstanbul~_~Trip^inc~zz~1e21~Σ~_~trip|>100|en;
notes	exp~~tea~9~0^exp~~_~10~_^exp~~lunch~7~_|exp,,6|
pickacct	a0~1|a0^|
search	exp~zz~0.3~coffee_BOM~﻿tag~_^exp~~1~Istanbul~~Trip^exp~zz~nan~Istanbul~work;food~Trip^exp~rent~0~coffee~work~_| |zh;
archacct	a0~1^a1~1|a0^a9|
search	inc~zz~1e21~Σ~work;food~trip|> 100|zh;
archledger	home|work^^Trip|trip
search	inc~trans~0.30000000000000004~strasse~﻿tag~Trip|=nan|zh;
notes	_~food~lunch~19~1700000000000^xfer~rent~~13~1700000000000^xfer~rent~  lunch  ~5~_^xfer~rent~﻿coffee~3~1700000000000^xfer~rent~_~2~1700000000000^xfer~rent~~6~_^xfer~rent~lunch~13~0^xfer~rent~tea~6~_|xfer,rent,1|
archacct	a0~_^a1~1^a2~1^a3~_|a1^a9|
archledger	home^trip|trip^home^trip|trip
archacct	a0~0^a1~_^a2~0^a3~_^a4~0||
pickacct	a0~_^a1~1^a2~1^a3~_^a4~1||
search	xfer~~0.3~肯德基~work~Trip|>﻿100|zh;
pickacct	a0~_^a1~_^a2~1^a3~1||
notes	exp~~  lunch  ~13~0^_~zz~﻿coffee~0~0^exp~~coffee~9~0^exp~trans~  lunch  ~19~_^exp~~_~0~0^exp~~lunch~-5~0^xfer~rent~lunch~9~1700000000000|exp,,1|
search	exp~~-3~﻿coffee~~^inc~rent~0.30000000000000004~coffee~work~_^exp~zz~nan~Istanbul~﻿tag~Trip^inc~~1e21~LUNCH~~|<=100|en;
search	exp~~99.995~ΑΣ~work~_^inc~~99.995~straSSe~_~_|100|zh;
search	inc~~0.30000000000000004~lunch~_~trip^inc~rent~0~肯德基~~Trip^exp~food~99.995~İstanbul~_~^xfer~zz~0~>abc~~_^exp~trans~99.995~100~work;food~trip|>100abc|en;
pickacct	a0~0||
search	exp~zz~99.995~ΑΣ~work;food~^exp~zz~-3~  spaced  ~work~trip^exp~zz~1~~~Trip||zh;
search	inc~food~0~kfc~work~trip^inc~food~-3~肯德基~_~trip^exp~food~100~coffee_BOM~~trip^exp~zz~0~肯德基~work~_^xfer~trans~10.5~coffee~﻿tag~_|lunch|en;
search	inc~trans~-3~kfc~~|10.5|zh;food::自定义:Custom
archacct	a0~0|a0^a9|
search	xfer~~-3~ΑΣ~_~home^exp~zz~1e21~ΑΣ~work~trip^xfer~~1~ΑΣ~_~home^exp~zz~99.995~﻿coffee~_~home|lunch|en;
pickledger	home|home^work|home
search	xfer~trans~100~coffee~work~Trip^exp~rent~1e21~kfc~﻿tag~Trip^exp~food~10.5~LUNCH~~trip^xfer~food~1~Istanbul~_~trip|food|en;
search	inc~trans~0.3~﻿coffee~work~|100|zh;food::自定义:Custom
search	inc~food~1~ΑΣ~_~home^xfer~trans~10.5~_~﻿tag~trip^xfer~trans~0~>abc~﻿tag~_^inc~trans~0.3~kfc~~trip|> 100|en;
search	xfer~zz~99.995~İstanbul~work;food~trip^inc~rent~1~İstanbul~work;food~_^inc~food~0.30000000000000004~100~work~_^inc~trans~-3~lunch~_~trip^exp~rent~100~Lunch~﻿tag~trip| |zh;
search	exp~~nan~﻿coffee~work~^exp~~-3~Lunch~~Trip^exp~zz~0.3~LUNCH~work~trip^xfer~zz~-0~Σ~﻿tag~trip^exp~trans~-3~strasse~work;food~Trip|1e+21|en;
archledger	home^trip|home|work
search	exp~~-3~lunch~work~_|strasse|zh;
search	inc~trans~99.995~肯德基~_~^xfer~~99.995~straSSe~work~^exp~rent~-3~100~~^exp~rent~0.3~  spaced  ~work~trip^exp~zz~0.3~İstanbul~_~_|>=|zh;
pickacct	a0~1^a1~0^a2~_||
notes	xfer~rent~﻿coffee~-1~_^xfer~rent~_~3~_^xfer~rent~coffee~-2~_^xfer~rent~lunch~14~0^xfer~rent~lunch~-1~_^xfer~rent~lunch~10~1700000000000^xfer~rent~lunch~-1~0^xfer~rent~coffee~2~0|xfer,rent,20|
search	exp~~0.3~Lunch~work~trip^xfer~zz~100~strasse~work;food~_|> 100|zh;
archledger	home^trip^work|Trip^|home
search	xfer~trans~-0~肯德基~~_|100|zh;
archledger	home^trip|home^work^|work
pickacct	|a9^a0|
notes	inc~trans~_~-5~_|xfer,food,0|
notes	exp~trans~tea~11~1700000000000^xfer~rent~coffee~18~_^xfer~rent~coffee~14~_^xfer~rent~  lunch  ~-5~_^xfer~rent~_~5~_^xfer~rent~tea~17~1700000000000^xfer~rent~lunch~3~_^xfer~rent~coffee~17~_|xfer,rent,20|
notes	xfer~rent~lunch~2~_^xfer~rent~lunch~7~1700000000000^inc~food~coffee~18~0^_~~lunch~18~_^xfer~rent~﻿coffee~15~_^xfer~rent~﻿coffee~13~0|xfer,rent,6|
search	xfer~rent~0~lunch~~_| |zh;::自定义:Custom
search	exp~trans~99.995~lunch~~Trip^inc~zz~nan~Σ~﻿tag~trip^exp~food~-0~LUNCH~work~trip|> 100|zh;
search	xfer~~0.3~LUNCH~_~Trip^xfer~zz~0.3~ΑΣ~_~_|=1x|zh;
search	exp~trans~1~strasse~~^xfer~food~-0~肯德基~work;food~_^exp~zz~-0~kfc~_~Trip|=1x|en;
pickacct	a0~_^a1~0^a2~0|a1|
archacct	a0~0^a1~_^a2~0^a3~0||
pickledger	home^trip^work^|Trip|trip
archacct	||
search	xfer~zz~99.995~strasse~~home^exp~rent~1e21~strasse~_~home^xfer~~0.3~lunch~﻿tag~home^xfer~food~100~Istanbul~work;food~home^xfer~~nan~100~﻿tag~_|trip|zh;
search	exp~zz~0~  spaced  ~work~trip^exp~~0.3~100~~trip^exp~rent~0.3~~work~Trip^inc~zz~10.5~﻿coffee~work~trip|> 100 x|en;
archledger	home||
pickacct	a0~0^a1~1^a2~0^a3~0^a4~1|^a1|
archledger	home^trip^work|Trip^|Trip
archledger	home^trip^work^||Trip
pickledger	home^trip||home
search	exp~rent~-3~100~work;food~_^exp~trans~99.995~Σ~~home^exp~rent~0.3~LUNCH~_~trip^exp~rent~-0~>abc~work~trip^inc~~10.5~coffee~﻿tag~|i̇stanbul|zh;
pickledger	home^trip||Trip
pickledger	home|work|work
pickacct	||
search	exp~zz~0~﻿coffee~~^exp~food~nan~ΑΣ~_~home^exp~food~0~strasse~~Trip^xfer~~1~straSSe~﻿tag~home|lunch|en;
archledger	home^trip^work^|^trip|Trip
pickacct	a0~1|a0|
archledger	home^trip|home|trip
search	exp~rent~100~  spaced  ~work~^exp~trans~0~coffee~work;food~|=1x|zh;rent::自定义:Custom
archacct	|a0^a1|
search	xfer~food~0.3~straSSe~work;food~Trip^inc~zz~0.3~LUNCH~﻿tag~_|=0.3|en;
archledger	home^trip^work^|Trip|
archledger	home^trip^work^^Trip|home^work|
search	exp~food~10.5~肯德基~work;food~|lunch_BOM|zh;
archacct	a0~_|a0^a1|
notes	exp~~coffee~-2~0^exp~trans~coffee~14~_^exp~trans~~18~1700000000000^exp~trans~coffee~1~0^exp~trans~coffee~-3~_^exp~trans~tea~9~1700000000000|exp,trans,1|
notes	inc~food~~11~_^exp~food~coffee~2~_^xfer~rent~lunch~3~0|inc,food,20|
search	exp~~100~Istanbul~﻿tag~_|>100|en;
search	inc~rent~0.3~>abc~work;food~^xfer~zz~100~~work;food~trip^inc~zz~1e21~Istanbul~_~_^exp~~1~_~work;food~home^exp~zz~1~lunch~﻿tag~home|i̇stanbul|en;
pickledger	home^trip^work^|work|home
pickledger	home^trip|trip|work
archledger	home^trip^work^^Trip||trip
notes	inc~zz~lunch~7~_^inc~zz~coffee~7~1700000000000^inc~zz~tea~5~0^inc~zz~lunch~19~0^inc~zz~coffee~12~1700000000000|inc,zz,3|
notes	xfer~trans~lunch~9~_^xfer~trans~_~4~0^xfer~trans~tea~14~0^xfer~trans~coffee~8~_^xfer~trans~_~0~1700000000000^xfer~trans~coffee~17~0^xfer~trans~  lunch  ~0~0^xfer~trans~tea~7~_|xfer,trans,6|
search	exp~~0~~~^exp~zz~-3~lunch~﻿tag~trip^inc~~nan~coffee~work;food~home^inc~~1~>abc~~trip|99.995|en;zz::自定义:Custom
notes	inc~food~_~14~_^exp~rent~tea~10~1700000000000^exp~rent~coffee~20~_^inc~food~_~17~_|inc,food,3|
archledger	home^trip^work||work
archacct	a0~1^a1~0^a2~0||
archacct	a0~0||
search	exp~zz~0~LUNCH~work;food~home^exp~trans~1~coffee~work;food~_^inc~~0.3~  spaced  ~work;food~_|coffee|zh;
search	xfer~rent~0~straSSe~work;food~Trip^xfer~zz~0.3~coffee_BOM~work;food~^exp~~10.5~Lunch~~trip|﻿|zh;
archledger	home^trip^work||Trip
search	exp~rent~0~coffee~work~_^exp~zz~-3~coffee_BOM~work;food~_^inc~~1e21~coffee~work~Trip|﻿lunch|en;
pickacct	a0~1^a1~1^a2~1|a1^|
notes	|xfer,food,0|
archacct	|a9^a1|
archacct	a0~1^a1~1^a2~0^a3~1|a9|
archacct	a0~_^a1~1^a2~0||
search	inc~food~-0~Istanbul~﻿tag~Trip^exp~zz~0.3~Σ~~_^xfer~zz~0.30000000000000004~  spaced  ~work;food~^inc~rent~10.5~Istanbul~~home|coffee|en;
search	inc~zz~nan~ΑΣ~﻿tag~home^inc~trans~1~coffee~_~^inc~zz~10.5~straSSe~~trip^inc~food~1~100~work~home^xfer~food~100~straSSe~work~_|肯德基|zh;
notes	inc~rent~coffee~13~_^inc~rent~coffee~-1~0^inc~rent~~20~0|inc,rent,1|
archledger	home^trip^work^^Trip|^Trip|Trip
pickledger	home^trip|home^work|
pickledger	home^trip^work^^Trip|home|Trip
archledger	home||work
notes	inc~~lunch~12~_^_~trans~tea~3~_^inc~~lunch~-1~0^inc~~﻿coffee~-4~0^exp~zz~coffee~15~_^inc~~_~-3~0^exp~rent~coffee~15~1700000000000|inc,,3|
pickledger	|Trip|Trip
pickacct	a0~0|a0^a1|
search	inc~~0~İstanbul~work~trip^inc~~1e21~İstanbul~~home^xfer~food~0.30000000000000004~coffee~work;food~_^inc~rent~0.30000000000000004~Istanbul~_~home|lunch|en;
archacct	||
archacct	a0~1|a0|
notes	|exp,trans,3|
archacct	a0~1||
search	inc~~-0~_~work;food~_^exp~food~10.5~>abc~_~_^exp~~1e21~kfc~﻿tag~_^xfer~food~0~straSSe~_~^exp~rent~1~Σ~work~trip|kfc|zh;trans::自定义:Custom
notes	|inc,food,6|
pickacct	a0~0^a1~_^a2~0^a3~1|a9|
archledger	home^trip||trip
archacct	a0~_^a1~0^a2~_^a3~0^a4~0|a9^|
archledger	home|Trip^trip|Trip
search	xfer~food~0~_~_~home^exp~rent~1~lunch~~_^exp~~0.3~coffee_BOM~work~Trip^exp~rent~100~strasse~~trip|LUNCH|en;
search	exp~rent~1~  spaced  ~work;food~trip|=100|zh;food::自定义:Custom
pickledger	home^trip^work|home^Trip^Trip|home
archledger	home||trip
notes	exp~rent~lunch~0~_^exp~zz~~18~0^exp~zz~  lunch  ~3~0^exp~zz~lunch~13~1700000000000^exp~zz~lunch~10~_|exp,zz,3|
search	xfer~~100~Lunch~work;food~Trip|10.5|zh;
notes	exp~zz~  lunch  ~10~_^exp~zz~~13~_^exp~zz~  lunch  ~-3~1700000000000^exp~zz~~14~1700000000000^exp~zz~_~18~_^exp~zz~coffee~19~_|exp,zz,6|
search	exp~trans~0.3~Istanbul~_~home^inc~trans~1~straSSe~work~^xfer~food~10.5~﻿coffee~﻿tag~trip^exp~rent~nan~kfc~work~Trip^xfer~rent~0~strasse~﻿tag~|>abc|zh;
search	exp~~nan~coffee_BOM~_~home^inc~trans~0.3~>abc~~trip^exp~zz~1~lunch~work;food~home^inc~rent~0.3~Lunch~work~^inc~trans~0.3~_~_~|> 100|en;
search	exp~~0.30000000000000004~coffee~_~^exp~zz~-0~肯德基~_~^xfer~trans~-0~~_~|work|zh;
notes	xfer~trans~lunch~20~0^xfer~trans~coffee~-2~1700000000000^xfer~trans~coffee~15~_^xfer~trans~coffee~16~1700000000000^xfer~trans~lunch~-1~_^xfer~trans~_~13~0^xfer~trans~~4~0|xfer,trans,6|
notes	exp~rent~coffee~7~0^inc~rent~~5~_|inc,rent,6|
archledger	home^trip|home^Trip|trip
pickacct	a0~1^a1~0^a2~1||
pickledger	home|Trip^Trip|
notes	xfer~trans~coffee~3~_^exp~rent~~-2~_^exp~zz~tea~20~_^xfer~trans~~-4~_^exp~zz~  lunch  ~7~0^exp~trans~coffee~13~_^xfer~trans~coffee~-5~1700000000000|xfer,trans,20|
search	exp~~1e21~_~work;food~|﻿|zh;
archacct	a0~1^a1~0^a2~1^a3~1^a4~0||
notes	exp~food~lunch~14~_^exp~rent~coffee~1~0^exp~rent~lunch~9~_^exp~rent~coffee~17~0^exp~rent~_~13~_^exp~rent~﻿coffee~16~_^exp~zz~coffee~12~_^exp~rent~_~10~1700000000000|exp,rent,0|
pickledger	home||work
pickacct	a0~_^a1~0||
notes	xfer~food~lunch~11~_^xfer~food~tea~8~_|xfer,food,1|
archacct	a0~1^a1~0^a2~_^a3~1|a9^a0|
notes	xfer~trans~coffee~1~1700000000000^xfer~trans~coffee~8~0^xfer~trans~coffee~6~_^xfer~trans~lunch~7~_^xfer~trans~coffee~13~_|xfer,trans,0|
notes	inc~trans~_~1~0^inc~trans~  lunch  ~-2~0^inc~trans~lunch~14~_^inc~trans~_~9~1700000000000^inc~trans~coffee~9~_^inc~trans~  lunch  ~2~0^inc~trans~coffee~13~1700000000000^inc~trans~lunch~10~0|inc,trans,6|
pickacct	a0~0^a1~_||
search	xfer~rent~1~Istanbul~~^exp~rent~-3~coffee_BOM~﻿tag~_|lunch_BOM|en;trans::自定义:Custom
search	exp~food~0~coffee~﻿tag~trip^exp~trans~-3~straSSe~work~home^inc~~99.995~İstanbul~work~^exp~food~-3~coffee_BOM~_~home^exp~food~0.3~_~_~|﻿|zh;
search	exp~trans~1~İstanbul~﻿tag~_^exp~food~-3~LUNCH~﻿tag~trip|> 100|en;
notes	exp~food~_~6~_^exp~food~_~16~1700000000000^exp~food~coffee~19~_^_~rent~~-5~1700000000000^exp~food~lunch~11~1700000000000|exp,food,6|
pickacct	a0~0^a1~0|^a1|
archledger	home^trip^work^|^work|
pickledger	home^trip^work||home
search	exp~trans~-0~coffee_BOM~~|<100|en;
pickacct	a0~1||
search	exp~food~10.5~strasse~_~trip^xfer~food~1~LUNCH~_~trip^xfer~food~99.995~LUNCH~﻿tag~^xfer~food~-0~~work~home|trip|zh;
notes	inc~zz~  lunch  ~4~1700000000000^inc~zz~tea~6~_^inc~zz~tea~15~_^inc~zz~lunch~2~0^inc~zz~lunch~16~_|inc,zz,20|
notes	exp~zz~lunch~-3~0^exp~zz~lunch~17~0|exp,zz,1|
search	exp~~0.30000000000000004~﻿coffee~work;food~home|100|en;
notes	xfer~zz~lunch~5~_^xfer~zz~tea~10~_^xfer~zz~~1~1700000000000^xfer~zz~_~5~_^xfer~zz~coffee~16~0^xfer~zz~tea~15~1700000000000^xfer~zz~lunch~-1~_|xfer,zz,1|
pickledger	home|^trip^trip|work
notes	exp~trans~coffee~4~_^exp~trans~tea~20~0^_~trans~  lunch  ~14~0|exp,trans,1|
archacct	a0~_^a1~_^a2~1^a3~_||
search	exp~zz~-0~coffee~~home^exp~trans~10.5~strasse~work;food~Trip^exp~trans~0~coffee_BOM~work;food~Trip^exp~food~0.30000000000000004~lunch~work~_|strasse|zh;
search	exp~trans~99.995~Lunch~work~Trip^xfer~rent~0.30000000000000004~coffee~~Trip^xfer~food~0.3~Istanbul~_~home|﻿|zh;
pickacct	a0~1^a1~0|a9|
pickacct	a0~_^a1~0^a2~1||
notes	xfer~~lunch~-3~_|xfer,,3|
pickledger	home^trip||
search	inc~zz~-0~ΑΣ~work~trip^inc~food~0~coffee~_~home|=nan|en;
search	exp~zz~1~İstanbul~_~_^exp~zz~0.3~_~~trip|LUNCH|en;
pickacct	a0~0^a1~1^a2~1^a3~_^a4~0|a0|
archledger	home|^Trip|work
search	exp~zz~1e21~肯德基~_~home^inc~~-3~LUNCH~work~trip^xfer~rent~10.5~coffee_BOM~_~_^inc~trans~100~lunch~_~_^exp~trans~1~lunch~~home|trip|zh;
pickacct	a0~0^a1~_|a9|
archacct	a0~0^a1~0^a2~1^a3~_||
search	inc~trans~0.3~straSSe~work;food~home^xfer~rent~nan~lunch~work;food~_^exp~trans~99.995~_~~^xfer~~1e21~coffee~﻿tag~home|kfc|en;zz::自定义:Custom
notes	exp~food~  lunch  ~8~_^exp~food~lunch~7~_^inc~food~lunch~17~0^exp~food~  lunch  ~-1~_^exp~food~lunch~5~_^exp~food~coffee~6~1700000000000^exp~food~  lunch  ~-3~1700000000000^exp~food~tea~9~_|exp,food,0|
archacct	a0~0|a0^|
archacct	a0~_^a1~_^a2~0^a3~0^a4~_|a9|
search	exp~food~1~coffee~~_^exp~rent~0~coffee_BOM~work;food~^inc~zz~0.3~Σ~﻿tag~trip|>100|zh;
notes	xfer~trans~lunch~11~_|xfer,trans,6|
pickacct	a0~0^a1~1^a2~1^a3~_|a1|
pickacct	|a0^a9|
search	exp~food~1e21~肯德基~~Trip^exp~rent~-3~肯德基~work~_^exp~rent~-3~İstanbul~work;food~Trip^inc~zz~100~>abc~﻿tag~Trip^inc~zz~1~﻿coffee~_~Trip|>=|zh;
archacct	a0~0^a1~_^a2~1||
notes	exp~~  lunch  ~4~_^exp~~lunch~-5~0^_~~coffee~8~_^exp~trans~_~-5~1700000000000^inc~trans~tea~11~1700000000000^exp~~coffee~18~0^exp~~lunch~13~0|exp,,3|
archacct	|a1^a9|
notes	xfer~rent~lunch~15~_^xfer~rent~lunch~4~_^xfer~rent~_~18~1700000000000^xfer~rent~coffee~18~1700000000000^exp~zz~tea~3~_^xfer~rent~_~20~0^xfer~rent~tea~-4~_|xfer,rent,20|
archledger	home^trip^work^^Trip|Trip^work^home|work
pickledger	home^trip^work^^Trip||
pickledger	home^trip^work^|work|
pickledger	home|work^trip^home|work
pickledger	home^trip^work^^Trip||
search	xfer~~-3~strasse~work~home^exp~food~nan~  spaced  ~_~home|﻿lunch|en;
pickledger	home^trip^work||
archledger	home^trip^work^^Trip|home^Trip^work|Trip
search	xfer~~10.5~kfc~work~Trip|﻿|zh;zz::自定义:Custom
search	inc~trans~99.995~>abc~~Trip^exp~trans~nan~kfc~_~home|coffee|zh;
notes	_~rent~  lunch  ~19~_^exp~food~coffee~5~1700000000000^xfer~~﻿coffee~0~1700000000000^xfer~~  lunch  ~9~1700000000000^xfer~~coffee~-3~_^xfer~~tea~13~1700000000000^xfer~~﻿coffee~16~_|xfer,,6|
search	exp~zz~1e21~>abc~~^exp~~10.5~kfc~work~Trip^xfer~zz~1e21~肯德基~work;food~trip^xfer~trans~1~coffee~~trip^inc~zz~-3~  spaced  ~work;food~Trip|>=100|zh;
archacct	a0~_^a1~_|^a0|
notes	xfer~zz~lunch~9~1700000000000|xfer,zz,0|
archledger	home^trip^work^^Trip|home^home|home
pickledger	home^trip^work^|Trip^^|home
archacct	a0~_^a1~0^a2~_^a3~_^a4~1|a0^a0|
search	exp~rent~-3~Istanbul~﻿tag~Trip^xfer~rent~10.5~ΑΣ~work;food~_^exp~trans~-0~kfc~~home|LUNCH|zh;::自定义:Custom
archledger	home^trip^work^|^|
search	exp~food~99.995~﻿coffee~﻿tag~_^exp~rent~1~>abc~﻿tag~_^xfer~~99.995~Istanbul~work;food~Trip^exp~food~-0~lunch~﻿tag~home^inc~trans~0~Lunch~_~Trip|肯德基|en;food::自定义:Custom
search	exp~zz~-3~İstanbul~work~_^inc~rent~nan~coffee~_~Trip|>=|en;
search	exp~~10.5~~~|trip|en;
notes	xfer~trans~coffee~20~0^xfer~~  lunch  ~-4~0|xfer,,6|
pickacct	a0~_^a1~0|a1|
archledger	home^trip^work^|work^^trip|Trip
search	inc~rent~0.3~_~work;food~trip^xfer~rent~-3~İstanbul~work~home^inc~~0.30000000000000004~İstanbul~_~^xfer~trans~0.3~coffee_BOM~work~|=0.30000000000000004|zh;
archledger	home^trip|trip^home|trip
pickledger	home^trip|home|Trip
pickledger	home||trip
pickledger	home|Trip^|home
search	exp~food~0.30000000000000004~Lunch~work~trip^exp~food~10.5~_~work~trip|lunch|en;trans::自定义:Custom
notes	exp~trans~lunch~-4~0^exp~trans~﻿coffee~16~_|exp,trans,1|
archledger	home^trip|Trip^trip^trip|work
pickledger	home^trip|work^Trip|home
search	exp~trans~1e21~_~work;food~_^xfer~zz~10.5~LUNCH~~home^exp~trans~10.5~  spaced  ~_~^exp~zz~99.995~>abc~~_^exp~rent~0.30000000000000004~lunch~work;food~Trip||zh;
archledger	home|work^trip|work
notes	exp~rent~_~0~1700000000000^exp~food~lunch~1~_|exp,rent,6|
search	exp~rent~-3~coffee~work;food~home^exp~~1~Lunch~﻿tag~_^exp~food~0.3~kfc~_~home|=nan|en;
search	exp~~1~肯德基~work~home^inc~trans~0~Σ~_~_^inc~food~0.30000000000000004~Istanbul~work;food~trip^exp~trans~-3~coffee~_~|<=100|en;
notes	xfer~rent~lunch~16~1700000000000^xfer~rent~_~-2~_^xfer~rent~coffee~13~1700000000000^xfer~rent~coffee~13~_|xfer,rent,0|
search	exp~food~99.995~>abc~work~home|trip|zh;
search	xfer~~99.995~strasse~_~trip^xfer~trans~nan~strasse~work~_^exp~food~1e21~  spaced  ~~_|﻿|zh;
pickacct	a0~0^a1~0^a2~_^a3~1||
notes	xfer~~﻿coffee~11~0^xfer~~coffee~12~_^xfer~~﻿coffee~1~_^xfer~~coffee~-3~_^xfer~~  lunch  ~16~_^xfer~~﻿coffee~-5~_^xfer~~tea~-1~_|xfer,,6|
search	inc~zz~nan~﻿coffee~work~home^exp~food~0.3~coffee~work;food~home|<=100|en;::自定义:Custom
pickacct	a0~1^a1~1|a0^|
search	exp~~-0~Lunch~﻿tag~Trip^exp~~10.5~coffee_BOM~~^xfer~trans~1e21~Lunch~﻿tag~_^xfer~rent~-0~~work~home^exp~rent~-3~﻿coffee~work~|> 100|en;
notes	inc~trans~lunch~11~_^inc~trans~lunch~12~1700000000000^inc~trans~lunch~11~0^inc~trans~﻿coffee~0~0^inc~trans~tea~2~_|inc,trans,20|
pickacct	||
search	xfer~rent~99.995~>abc~work~trip^inc~rent~-3~ΑΣ~﻿tag~_^exp~food~0~strasse~work~home^xfer~~-0~>abc~_~home|>abc|en;food::自定义:Custom
search	inc~zz~-3~coffee~work;food~trip^exp~zz~10.5~﻿coffee~work~^exp~zz~99.995~~work~_^exp~trans~10.5~İstanbul~﻿tag~home^exp~trans~nan~coffee_BOM~work;food~trip|=nan|zh;
pickledger	home^trip^work^^Trip|Trip^trip|Trip
pickacct	a0~0||
pickledger	home|Trip^|trip
pickledger	home^trip|trip^trip^trip|work
notes	exp~~_~10~_^exp~~_~14~_^exp~~_~12~_^exp~~tea~6~_^exp~~lunch~-1~_|exp,,20|
pickledger	home^trip|work^|work
search	inc~zz~1e21~coffee~work~trip^exp~~0~Lunch~work~trip^inc~rent~1e21~﻿coffee~_~trip|=1x|zh;
pickacct	a0~0||
notes	xfer~rent~tea~12~0^xfer~rent~lunch~10~_^xfer~rent~_~9~_^xfer~rent~coffee~17~0^xfer~rent~lunch~19~_^xfer~rent~lunch~-3~0^xfer~rent~﻿coffee~11~0|xfer,rent,0|
notes	exp~zz~tea~17~_^exp~food~coffee~-2~0^exp~food~~7~0|exp,food,3|
notes	xfer~food~_~-3~_^exp~zz~_~6~_^exp~trans~lunch~4~1700000000000^xfer~trans~coffee~3~_^xfer~food~tea~-4~1700000000000^xfer~food~﻿coffee~12~_|xfer,food,20|
pickacct	a0~0^a1~_|a1^a0|
search	exp~zz~10.5~肯德基~﻿tag~trip|>100|en;zz::自定义:Custom
search	xfer~~10.5~strasse~work;food~Trip^xfer~food~1~Istanbul~﻿tag~^inc~trans~1~LUNCH~work~trip^exp~zz~-3~Σ~_~^xfer~zz~nan~LUNCH~_~|food|zh;
archledger	home^trip^work^|work|trip
pickacct	a0~0^a1~0^a2~1^a3~0|a1|
pickacct	a0~_^a1~_^a2~1^a3~_^a4~_|a9|
pickacct	a0~_^a1~0|a9|
search	inc~rent~1e21~coffee_BOM~﻿tag~trip^exp~~-0~>abc~work~|=100|zh;
search	xfer~~-0~LUNCH~_~home^inc~rent~10.5~strasse~work;food~trip^exp~food~nan~Istanbul~_~^xfer~trans~99.995~coffee_BOM~work;food~home^exp~rent~-3~İstanbul~_~home|=0.3|en;
pickledger	home^trip^work^^Trip|^Trip|
search	xfer~food~0~straSSe~~home^inc~~nan~Istanbul~﻿tag~_^exp~~10.5~_~~trip^exp~trans~0~straSSe~﻿tag~^xfer~food~0.30000000000000004~_~work;food~|> 100|zh;
pickledger	|^home|home
pickledger	home^trip^work^^Trip||
notes	xfer~~  lunch  ~-1~_^xfer~~coffee~11~_^xfer~~~10~1700000000000^xfer~~﻿coffee~13~1700000000000|xfer,,3|
search	xfer~trans~0.3~strasse~_~Trip^xfer~~0.30000000000000004~  spaced  ~~Trip^exp~rent~-3~>abc~work~_^exp~rent~1e21~Istanbul~work;food~Trip|>100abc|zh;
pickacct	||
notes	exp~trans~lunch~15~1700000000000|exp,trans,1|
notes	exp~trans~coffee~18~0^exp~trans~_~0~_^_~zz~~1~_^_~food~~13~_|exp,trans,0|
notes	|xfer,food,20|
search	exp~zz~100~  spaced  ~_~home^inc~food~-0~Σ~work~_^inc~food~0.3~İstanbul~work;food~|=nan|zh;food::自定义:Custom
search	exp~~-0~lunch~﻿tag~^exp~rent~10.5~coffee_BOM~work~^xfer~~1~100~﻿tag~Trip^xfer~food~100~Istanbul~_~trip|>100|zh;
search	exp~~0.3~Σ~_~Trip|=100|en;
notes	inc~zz~~-5~0^inc~zz~lunch~14~_^inc~zz~_~-5~_^inc~zz~lunch~10~1700000000000^_~food~tea~14~_|inc,zz,20|
search	exp~~-3~lunch~work~_^inc~food~0.3~Σ~work;food~Trip|﻿lunch|zh;::自定义:Custom
archledger	home^trip^work^^Trip|trip|home
archacct	a0~0|a9^a9|
notes	_~~~-2~1700000000000^xfer~rent~lunch~13~0^xfer~rent~~17~_^xfer~rent~coffee~5~1700000000000^xfer~food~coffee~8~1700000000000^xfer~rent~﻿coffee~-4~_^xfer~rent~coffee~2~1700000000000|xfer,rent,6|
pickledger	|Trip|
search	xfer~~-0~ΑΣ~work~^xfer~trans~99.995~coffee~~home|<100|en;
pickledger	home^trip^work|Trip^work|
pickacct	a0~1|a9^a9|
search	inc~food~-0~Lunch~work;food~_^inc~zz~nan~lunch~work;food~Trip^xfer~food~1e21~coffee~work;food~_|=0.30000000000000004|zh;
pickledger	home^trip^work^||trip
search	exp~zz~0.3~  spaced  ~work;food~|>=|en;
notes	xfer~rent~  lunch  ~2~_^xfer~rent~﻿coffee~9~_^exp~trans~_~6~_^xfer~rent~~-3~0|xfer,rent,20|
search	xfer~food~0.3~coffee~_~Trip^exp~trans~1~>abc~﻿tag~_^exp~zz~100~>abc~work;food~_^exp~trans~1e21~İstanbul~work~Trip^exp~trans~10.5~LUNCH~work;food~|work|en;
pickacct	a0~1^a1~_^a2~0^a3~1|a0|
search	inc~zz~0.3~straSSe~work~home^exp~food~10.5~Istanbul~_~|99.995|zh;
pickacct	a0~0^a1~_^a2~1|a0^a9|
archledger	home^trip|trip|home
pickledger	home^trip^work^||trip
archacct	a0~1^a1~_^a2~0|a1^|
search	exp~trans~-0~strasse~~Trip^inc~trans~1~strasse~~trip|=0.30000000000000004|zh;::自定义:Custom
archacct	a0~_^a1~0^a2~1^a3~0^a4~1|^a0|
search	inc~~99.995~_~﻿tag~^inc~~-0~ΑΣ~~^exp~food~nan~100~work;food~|<100|en;
search	inc~rent~0~lunch~work~_^inc~~-3~coffee_BOM~_~_^xfer~rent~1~ΑΣ~work;food~Trip^exp~rent~0.30000000000000004~straSSe~_~trip^exp~rent~-0~Istanbul~work;food~Trip|food|zh;
pickacct	|a9|
notes	inc~food~_~7~_^exp~trans~_~10~_^exp~trans~lunch~11~1700000000000^exp~trans~~12~_^exp~trans~lunch~16~0^exp~trans~coffee~0~1700000000000^exp~trans~﻿coffee~18~_^exp~trans~coffee~17~1700000000000|exp,trans,6|
archacct	a0~0^a1~_^a2~0^a3~1||
notes	exp~food~_~1~_|exp,food,3|
search	inc~food~-0~LUNCH~﻿tag~Trip^xfer~~1e21~﻿coffee~~_^xfer~zz~10.5~lunch~_~home|>100abc|en;
archacct	a0~_^a1~_^a2~0^a3~1^a4~1||
pickledger	||home
pickacct	a0~1^a1~1^a2~_^a3~_|a0^|
pickledger	home^trip^work^^Trip||Trip
notes	|exp,zz,1|
search	inc~trans~-3~肯德基~﻿tag~_^xfer~zz~0~coffee_BOM~work;food~^xfer~trans~-3~strasse~work~| |zh;
pickacct	a0~1|a1^a1|
search	exp~~1e21~>abc~﻿tag~home^exp~trans~1e21~_~work~_|=1x|zh;
search	exp~food~1e21~coffee_BOM~work~^exp~food~-0~strasse~﻿tag~^inc~zz~1~lunch~work;food~Trip^exp~zz~100~kfc~work;food~trip^exp~rent~-0~>abc~work;food~_|coffee|zh;
search	exp~~-0~ΑΣ~_~_^xfer~food~1e21~  spaced  ~work;food~trip^exp~trans~1e21~ΑΣ~work;food~home|>100|zh;zz::自定义:Custom
pickledger	home^trip^work^|^home|home
archledger	home^trip^work||home
notes	inc~~coffee~13~1700000000000^inc~~tea~6~_^inc~~_~-4~0^inc~~coffee~20~_^inc~~﻿coffee~8~_|inc,,20|
search	xfer~rent~0.30000000000000004~lunch~﻿tag~home^exp~rent~0~﻿coffee~work;food~Trip|Ας|zh;
archledger	home^trip||
notes	inc~zz~  lunch  ~10~_^exp~~﻿coffee~15~1700000000000|exp,,20|
pickledger	home^trip|Trip|home
notes	exp~zz~~4~1700000000000^exp~zz~coffee~1~_^exp~zz~  lunch  ~-4~1700000000000^exp~zz~coffee~20~_^exp~zz~coffee~0~_^inc~trans~~17~0|exp,zz,0|
notes	exp~zz~coffee~4~1700000000000|exp,zz,6|
pickacct	a0~_^a1~0|a1|
notes	exp~rent~coffee~-3~0^exp~rent~lunch~4~0^xfer~trans~_~-5~1700000000000^exp~rent~_~6~_^exp~rent~lunch~14~1700000000000^exp~rent~~-5~_|exp,rent,1|
archacct	a0~0||
pickledger	|Trip^^work|
archledger	home|Trip|home
search	exp~rent~99.995~Istanbul~﻿tag~^exp~zz~99.995~LUNCH~﻿tag~Trip^exp~food~0.3~LUNCH~_~home|99.995|zh;
pickledger	home^trip||work
search	exp~rent~-0~Lunch~work~^exp~zz~0.30000000000000004~kfc~_~trip|strasse|zh;zz::自定义:Custom
search	exp~~1~coffee_BOM~﻿tag~Trip^exp~~1~lunch~_~home^exp~rent~-0~肯德基~work;food~_|﻿|zh;::自定义:Custom
archledger	home^trip|Trip|work
archacct	|a1^a1|
archledger	home^trip^work^^Trip||trip
archacct	a0~_|a9|
pickacct	a0~0^a1~0|a0|
search	exp~rent~nan~肯德基~﻿tag~|肯德基|zh;
archacct	a0~0||
search	exp~trans~1e21~>abc~﻿tag~^inc~trans~0.3~LUNCH~work~Trip^exp~~0~Istanbul~work~_^exp~~10.5~_~work~Trip|﻿lunch|en;rent::自定义:Custom
search	exp~~-0~  spaced  ~work~trip^exp~food~0.30000000000000004~Σ~work~_^inc~food~0.30000000000000004~lunch~~Trip|﻿|zh;
archacct	|^a0|
archledger	home^trip^work^||Trip
search	xfer~zz~nan~coffee_BOM~_~|work|en;::自定义:Custom
archacct	a0~_^a1~0|a0^a1|
pickledger	||
search	exp~food~nan~coffee_BOM~~Trip^xfer~trans~1e21~Lunch~~Trip^exp~rent~0.30000000000000004~_~_~_^inc~~-3~﻿coffee~work;food~Trip|lunch_BOM|zh;
archacct	a0~_^a1~_^a2~_||
pickacct	a0~_|a9^|
pickacct	a0~1^a1~1^a2~1^a3~_^a4~1|a1|
archledger	home|trip^Trip^home|home
search	exp~trans~nan~kfc~~trip^exp~~-0~coffee_BOM~~_|<100|en;
archledger	|Trip^^work|
search	xfer~trans~-3~Lunch~work~trip|lunch_BOM|zh;rent::自定义:Custom
archacct	a0~1^a1~1|a0^a1|
notes	inc~~﻿coffee~6~_|inc,,6|
search	xfer~food~1~肯德基~﻿tag~Trip^exp~food~10.5~Istanbul~work~home^xfer~~0~İstanbul~work~_^inc~food~100~kfc~work~home|>-1|en;
search	inc~zz~-3~100~work~trip^xfer~rent~10.5~>abc~﻿tag~trip^inc~zz~-3~  spaced  ~~Trip^exp~rent~-0~Lunch~~Trip|coffee|en;
pickledger	|work|Trip
notes	exp~zz~_~6~0|exp,zz,6|
search	exp~~-0~ΑΣ~﻿tag~trip|99.995|zh;
notes	xfer~food~coffee~3~1700000000000^xfer~food~_~-5~_^xfer~food~tea~-1~_^xfer~food~tea~17~1700000000000^xfer~food~lunch~19~1700000000000^xfer~food~  lunch  ~20~_^xfer~food~_~12~0^xfer~food~lunch~15~_|xfer,food,1|
archledger	home|Trip^Trip^home|
notes	xfer~zz~coffee~-1~_^exp~~_~10~0^xfer~zz~lunch~11~0^xfer~zz~  lunch  ~-1~0^xfer~zz~﻿coffee~11~1700000000000^xfer~zz~coffee~5~0^xfer~zz~tea~10~0^xfer~zz~tea~20~0|xfer,zz,6|
pickacct	a0~_||
notes	_~food~  lunch  ~10~0^inc~food~_~6~0^exp~trans~﻿coffee~13~_^inc~food~_~12~_^inc~trans~_~-1~0^exp~food~coffee~18~_^inc~food~tea~0~_^xfer~food~coffee~7~1700000000000|inc,food,0|
archacct	a0~_||
search	exp~food~nan~lunch~﻿tag~Trip^exp~rent~-3~kfc~work~trip^inc~~0~Lunch~~||zh;rent::自定义:Custom
archledger	home^trip^work^|work^trip|work
search	exp~trans~10.5~kfc~work;food~_^exp~trans~-0~Σ~~_^xfer~~1e21~Lunch~work;food~home^exp~~1~lunch~~trip^exp~food~0.3~Lunch~work~_|>　100|zh;
search	exp~rent~100~coffee~_~Trip^exp~rent~100~lunch~_~_|<=100|zh;
pickledger	home^trip^work^^Trip|Trip^work|home
search	inc~trans~99.995~﻿coffee~~home^inc~rent~1~  spaced  ~~|LUNCH|en;
archacct	a0~_^a1~0^a2~1||
search	exp~rent~10.5~肯德基~work~^inc~food~-0~﻿coffee~﻿tag~Trip^inc~food~100~ΑΣ~work~home^inc~~10.5~  spaced  ~work~^exp~trans~0.30000000000000004~Σ~work;food~|>100|en;
search	exp~zz~1~lunch~work;food~Trip^exp~~0.30000000000000004~kfc~_~Trip|>=100|zh;
search	inc~~100~straSSe~work;food~Trip^exp~zz~100~~work;food~|food|en;
notes	|exp,trans,1|
notes	exp~food~coffee~6~_^exp~food~coffee~8~1700000000000^exp~food~tea~-3~1700000000000^exp~food~tea~0~1700000000000^exp~rent~﻿coffee~4~1700000000000^exp~food~~10~1700000000000^exp~food~﻿coffee~5~0|exp,food,20|
archacct	a0~_^a1~_^a2~_^a3~1^a4~1|a1|
search	exp~zz~0.3~straSSe~﻿tag~^inc~zz~1e21~strasse~﻿tag~_^exp~zz~99.995~coffee~work~trip|food|en;
archledger	home^trip^work||Trip
notes	inc~rent~﻿coffee~0~1700000000000^_~food~lunch~20~1700000000000^exp~~~1~_^exp~~coffee~20~_^exp~~tea~-2~0^_~zz~lunch~-3~_^exp~zz~lunch~12~1700000000000|exp,,6|
search	exp~rent~nan~kfc~_~home|i̇stanbul|zh;zz::自定义:Custom
archledger	home^trip^work|work^Trip|home
search	inc~~0.30000000000000004~100~work~home^exp~zz~100~coffee~work;food~_^xfer~food~99.995~~﻿tag~home|>=100|en;
search	inc~zz~-3~straSSe~work~Trip|>abc|en;
search	inc~trans~99.995~coffee_BOM~﻿tag~home|lunch|zh;
notes	|xfer,rent,20|
search	inc~~-0~﻿coffee~_~^exp~~1~Σ~work;food~trip^inc~zz~10.5~kfc~_~Trip^inc~trans~0.30000000000000004~kfc~work~_^inc~~0.3~>abc~~|strasse|zh;
search	inc~zz~nan~>abc~work;food~^xfer~zz~10.5~ΑΣ~work~Trip|LUNCH|en;
notes	_~zz~tea~9~_^inc~trans~tea~-2~0^inc~trans~lunch~20~1700000000000^inc~zz~lunch~16~_^inc~trans~~3~_^exp~food~coffee~10~1700000000000^exp~food~~-2~_|inc,trans,0|
search	xfer~rent~1e21~_~﻿tag~Trip^inc~trans~0.3~>abc~work;food~home|strasse|en;
pickledger	|^work^Trip|trip
search	exp~zz~1~lunch~_~_^xfer~zz~0.30000000000000004~coffee~~Trip|﻿|zh;
search	exp~zz~0.30000000000000004~~_~_|=0.30000000000000004|zh;
archacct	a0~0^a1~1|a0|
archacct	|a0|
search	xfer~zz~10.5~kfc~work;food~home^inc~food~-3~>abc~work~|100|en;
pickledger	home^trip^work^||Trip
notes	inc~rent~lunch~18~_^inc~rent~_~-5~1700000000000^_~trans~﻿coffee~10~0^inc~rent~﻿coffee~-1~1700000000000^inc~rent~coffee~12~0^exp~food~~8~_|inc,rent,0|
archacct	a0~_^a1~_^a2~_^a3~0^a4~_|a1|
archacct	a0~1^a1~0^a2~0^a3~1^a4~0||
search	xfer~~nan~lunch~work;food~_^exp~~100~Σ~work;food~home^xfer~zz~100~kfc~work;food~trip|>　100|en;
notes	xfer~food~coffee~-1~_^_~zz~lunch~8~0^xfer~food~_~5~_|xfer,food,0|
archacct	a0~0^a1~0^a2~0^a3~_|a1|
notes	exp~~coffee~1~1700000000000^exp~~coffee~17~_^exp~food~coffee~0~_^exp~~﻿coffee~3~1700000000000^exp~~﻿coffee~-4~_|exp,,1|
notes	inc~food~coffee~19~0|inc,food,3|
search	exp~trans~-0~coffee~~_^xfer~trans~1e21~100~﻿tag~_|10.5|en;zz::自定义:Custom
archledger	home^trip^work^^Trip||
notes	|inc,food,6|
search	exp~rent~1e21~coffee~_~|=nan|zh;
search	xfer~~nan~straSSe~work;food~trip|lunch_BOM|en;
notes	xfer~rent~  lunch  ~8~0^xfer~rent~tea~10~0^xfer~rent~coffee~1~1700000000000^xfer~rent~  lunch  ~10~_^_~rent~tea~14~0^xfer~rent~_~6~0|xfer,rent,6|
archledger	home|Trip|Trip
search	exp~~1~_~work~home^xfer~food~99.995~Σ~work~trip|Ας|en;::自定义:Custom
search	exp~food~1~﻿coffee~work~Trip^exp~food~0.30000000000000004~Istanbul~~trip^exp~food~1e21~LUNCH~~^exp~food~nan~100~work~Trip^inc~food~0.3~ΑΣ~work;food~Trip|trip|en;
pickledger	home^trip^work|work|
pickledger	home^trip|work^work^|work
search	exp~rent~1~_~﻿tag~^exp~trans~-3~Lunch~work;food~trip^xfer~food~0.3~kfc~work;food~|>=100|en;
search	exp~~0.3~100~work~_^xfer~zz~nan~coffee~~home^inc~food~nan~kfc~﻿tag~home^inc~food~0~lunch~_~_|work|zh;
archledger	home|work|
archacct	a0~0^a1~1^a2~1|a1^a9|
notes	inc~trans~~17~1700000000000^inc~trans~﻿coffee~20~_^inc~trans~tea~-5~_|inc,trans,1|
search	xfer~trans~nan~Σ~work;food~_^exp~food~0~lunch~﻿tag~_^inc~trans~-0~  spaced  ~work;food~home^exp~food~0.3~kfc~work;food~trip^xfer~rent~1~Σ~_~Trip| |en;
notes	exp~zz~tea~2~1700000000000^xfer~zz~lunch~-5~1700000000000|exp,rent,6|
pickledger	home^trip^work^^Trip|home|work
notes	exp~trans~tea~18~0^exp~food~lunch~4~_^exp~food~coffee~9~1700000000000^inc~zz~~10~_^_~~lunch~20~1700000000000|exp,food,0|
archledger	home^trip^work^^Trip||home
archledger	home^trip^work^^Trip|^Trip^home|home
pickledger	|work|home
archacct	a0~0|a0|
search	inc~trans~100~LUNCH~work;food~^exp~~99.995~﻿coffee~work;food~^xfer~zz~-0~﻿coffee~work;food~Trip^xfer~rent~0~İstanbul~﻿tag~Trip|>=100|zh;
archledger	home^trip|Trip|trip
pickacct	a0~1^a1~_|a1^a1|
search	exp~zz~0.3~Lunch~work;food~_|100|en;
notes	_~trans~lunch~-5~_^inc~rent~tea~3~_^inc~rent~coffee~4~_^exp~trans~~-2~_^inc~rent~coffee~17~_^inc~rent~﻿coffee~1~1700000000000^inc~rent~lunch~20~_^inc~rent~coffee~0~_|inc,rent,3|
pickledger	home^trip^work^^Trip|work^work^trip|
notes	inc~~tea~20~_^inc~~﻿coffee~3~_^inc~~~12~0^inc~~lunch~18~0|inc,,1|
pickacct	a0~0|a1^|
notes	exp~food~  lunch  ~16~1700000000000^xfer~zz~  lunch  ~16~0^xfer~zz~tea~1~_^xfer~zz~coffee~3~_^xfer~zz~  lunch  ~4~1700000000000|xfer,zz,3|
pickledger	home^trip^work^^Trip|work^Trip^|
archacct	a0~_^a1~0^a2~_^a3~0^a4~0|a1^a0|
search	exp~food~0~lunch~﻿tag~home|> 100|zh;
search	exp~~0~LUNCH~work~^exp~zz~0.30000000000000004~lunch~_~Trip^xfer~food~0~100~work;food~^xfer~food~0.30000000000000004~lunch~work;food~home|>100abc|zh;
search	inc~zz~10.5~strasse~﻿tag~trip^exp~~-0~strasse~﻿tag~|10.5|en;
pickledger	||trip
search	inc~rent~99.995~lunch~work;food~trip^inc~zz~99.995~İstanbul~~^exp~food~0.3~~﻿tag~trip^xfer~~10.5~kfc~work~trip|>=|en;food::自定义:Custom
search	inc~zz~0.3~﻿coffee~_~_^exp~trans~0.30000000000000004~strasse~work~Trip^exp~trans~1~strasse~work;food~|lunch|zh;
search	exp~zz~10.5~_~~Trip^exp~~0.3~>abc~_~Trip^exp~trans~0.30000000000000004~肯德基~work;food~Trip^xfer~zz~0.3~coffee~~trip| |zh;
search	xfer~food~-0~strasse~_~Trip|=0.3|en;
archacct	a0~1^a1~0|a1^|
search	inc~food~0~coffee~work~trip||en;
notes	xfer~rent~coffee~0~0^xfer~rent~coffee~14~_^xfer~rent~~20~1700000000000^exp~food~lunch~-4~_|xfer,rent,20|
notes	xfer~~lunch~8~_|xfer,,0|
search	exp~food~100~肯德基~_~home^exp~rent~-3~lunch~_~home^exp~zz~nan~Istanbul~work;food~home^exp~food~0.3~LUNCH~_~Trip|> 100|zh;
notes	inc~~  lunch  ~16~_^inc~~coffee~20~_^inc~~﻿coffee~17~1700000000000^inc~~tea~5~1700000000000^exp~trans~tea~-2~_^inc~~  lunch  ~12~_|inc,,0|
archacct	a0~0||
pickledger	home^trip||work
search	xfer~~0.3~Σ~~_^exp~food~0.30000000000000004~  spaced  ~﻿tag~_^exp~trans~0~Lunch~_~_^exp~food~0~﻿coffee~_~home|lunch|en;
pickacct	a0~1^a1~0^a2~0^a3~_^a4~0|a9^a0|
archacct	a0~_^a1~1|a9^|
notes	|xfer,zz,1|
pickacct	a0~0^a1~1^a2~_|^a9|
search	xfer~zz~-3~straSSe~﻿tag~trip^inc~zz~1e21~  spaced  ~_~^xfer~zz~-3~ΑΣ~﻿tag~_^exp~~99.995~lunch~~Trip|>100|en;
archacct	a0~0||
search	inc~~1e21~İstanbul~~Trip^xfer~trans~1e21~Lunch~~_^exp~~nan~İstanbul~_~Trip^exp~rent~nan~  spaced  ~~trip^exp~trans~100~>abc~work;food~|>abc|en;
pickacct	a0~_|^a1|
notes	xfer~~coffee~5~_^xfer~~lunch~5~1700000000000^xfer~~lunch~5~_^xfer~~  lunch  ~11~_^xfer~~﻿coffee~3~0^_~rent~﻿coffee~-1~1700000000000^xfer~~  lunch  ~12~_|xfer,,0|
search	exp~~0.3~﻿coffee~~_^exp~zz~99.995~ΑΣ~_~^exp~rent~0.30000000000000004~LUNCH~~home^inc~rent~-3~﻿coffee~﻿tag~trip^inc~trans~0.30000000000000004~100~~|100|en;
pickacct	||
search	exp~zz~1~strasse~﻿tag~trip^exp~rent~nan~ΑΣ~work;food~|> 100|en;
notes	xfer~food~lunch~15~1700000000000^xfer~rent~coffee~18~0^xfer~rent~_~5~_^xfer~rent~﻿coffee~5~1700000000000^xfer~rent~tea~0~_^xfer~rent~  lunch  ~20~_|xfer,rent,20|
archledger	home^trip^work^|trip|Trip
search	xfer~zz~10.5~coffee~﻿tag~Trip^xfer~zz~1~肯德基~_~_|=100|zh;rent::自定义:Custom
search	inc~rent~10.5~İstanbul~﻿tag~|>　100|zh;
search	xfer~rent~0~kfc~work;food~^xfer~zz~0~ΑΣ~work~trip^inc~rent~0.30000000000000004~LUNCH~_~^exp~zz~0.30000000000000004~ΑΣ~_~_|﻿lunch|zh;
search	inc~food~0.30000000000000004~ΑΣ~work;food~home^exp~zz~0.3~LUNCH~~^inc~rent~99.995~kfc~﻿tag~^xfer~rent~nan~straSSe~~Trip|﻿lunch|en;
archacct	a0~0^a1~0^a2~0^a3~1^a4~1|a9^a9|
pickledger	home|work^work^trip|
pickacct	a0~_^a1~_|a9^|
archacct	a0~0^a1~_^a2~0^a3~0^a4~_||
search	exp~food~1~straSSe~﻿tag~Trip^xfer~~1e21~Lunch~﻿tag~home|>0.3|zh;::自定义:Custom
search	exp~~10.5~LUNCH~work~home^xfer~trans~99.995~coffee~~_^exp~~1e21~>abc~work;food~Trip^exp~food~0.3~coffee_BOM~work;food~Trip|> 100 x|zh;
pickledger	home^trip|home|
pickledger	home^trip^work|^home^trip|Trip
archledger	home^trip|home|trip
notes	|xfer,,20|
pickacct	||
pickledger	home^trip^work^|work^|trip
notes	exp~trans~coffee~6~0|exp,trans,20|
pickledger	home^trip^work^^Trip|Trip^trip^|home
archacct	a0~_^a1~0^a2~_^a3~0|a0^a9|
notes	inc~~_~20~_^inc~~tea~-2~_^inc~~lunch~0~1700000000000^inc~~coffee~8~_|inc,,0|
archledger	|^|Trip
notes	inc~zz~﻿coffee~-4~0^xfer~trans~coffee~7~0^inc~zz~lunch~12~1700000000000^inc~zz~coffee~15~_^inc~zz~﻿coffee~16~0^inc~zz~coffee~1~0^exp~trans~tea~10~_^inc~zz~lunch~4~_|inc,zz,20|
pickacct	a0~1^a1~0^a2~1|a0^a9|
notes	xfer~zz~lunch~2~_^xfer~zz~coffee~10~1700000000000|xfer,zz,20|
archacct	a0~_^a1~0^a2~1^a3~0^a4~0|a9^a1|
notes	exp~zz~~15~1700000000000^exp~zz~  lunch  ~15~0^exp~zz~~18~0^exp~zz~  lunch  ~14~1700000000000^exp~zz~coffee~14~_^exp~zz~tea~13~1700000000000^exp~zz~_~-2~_|exp,zz,20|
search	exp~~-0~lunch~~home^xfer~rent~nan~coffee~work~trip^xfer~trans~-0~coffee~﻿tag~^exp~zz~0.3~straSSe~﻿tag~|> 100|en;
archledger	home^trip^work^^Trip|trip^Trip^Trip|
search	xfer~zz~100~lunch~work;food~_^exp~trans~0~肯德基~work~trip^inc~rent~-3~Lunch~_~trip^exp~~-3~strasse~﻿tag~home|strasse|en;
search	xfer~food~100~  spaced  ~_~trip^exp~rent~-0~Σ~work~trip^exp~~100~strasse~work~trip^inc~zz~0.30000000000000004~kfc~work;food~_| |zh;
archacct	a0~1^a1~1|a0|
archledger	home^trip^work|^trip^work|trip
pickacct	a0~_^a1~_^a2~1^a3~1^a4~_||
search	inc~trans~nan~coffee_BOM~_~Trip^exp~rent~-0~_~_~_^inc~~nan~Lunch~~home|> 100|en;
search	xfer~food~1e21~Lunch~work;food~home^exp~~0.3~coffee~work~Trip^exp~trans~100~肯德基~work~Trip^xfer~zz~nan~LUNCH~﻿tag~_^inc~~nan~lunch~﻿tag~home|>0.3|en;
search	inc~food~1~straSSe~﻿tag~^exp~rent~-0~_~_~^exp~rent~100~Lunch~~trip^inc~trans~0~  spaced  ~work~home^exp~~99.995~straSSe~_~_|10.5|zh;
pickledger	home^trip^work||
notes	xfer~trans~coffee~10~0^xfer~trans~_~14~_|xfer,trans,0|
archledger	|trip^^Trip|work
search	exp~food~0~straSSe~_~_^exp~trans~99.995~straSSe~﻿tag~_^exp~zz~10.5~Istanbul~work;food~Trip|trip|zh;::自定义:Custom
archacct	a0~0^a1~0|a0^|
archledger	home^trip||Trip
notes	exp~~lunch~-2~1700000000000^exp~~  lunch  ~13~1700000000000^exp~~  lunch  ~14~_^exp~~_~7~_^exp~~~-3~_^_~rent~lunch~1~_^exp~~lunch~8~0^exp~~﻿coffee~19~_|exp,,0|
notes	|xfer,,20|
search	xfer~~100~Σ~﻿tag~trip^inc~rent~1e21~lunch~~|=nan|zh;
archacct	a0~1||
search	inc~food~10.5~LUNCH~﻿tag~Trip|=100|en;
search	exp~zz~1e21~coffee~﻿tag~trip|>abc|en;
notes	exp~food~coffee~-5~1700000000000^exp~food~lunch~13~0^exp~food~tea~8~0^exp~food~_~12~_^exp~trans~coffee~1~1700000000000^exp~food~﻿coffee~1~_|exp,food,3|
search	exp~zz~0.3~100~work;food~home^xfer~~1~coffee~work~_^exp~rent~0.3~coffee_BOM~work~home^exp~food~99.995~Lunch~work;food~_^inc~food~nan~strasse~work;food~_|i̇stanbul|zh;
notes	inc~rent~  lunch  ~15~1700000000000^inc~rent~~5~_^exp~~~1~1700000000000^inc~rent~tea~-5~_^inc~rent~coffee~19~_|inc,rent,3|
notes	xfer~zz~lunch~-4~_^xfer~trans~﻿coffee~9~0^exp~~  lunch  ~10~_^xfer~trans~lunch~6~1700000000000|xfer,trans,3|
search	xfer~~nan~coffee~﻿tag~_|> 100|en;
archledger	home^trip|work|trip
search	exp~trans~1e21~肯德基~﻿tag~Trip^exp~food~100~肯德基~~^inc~~0.30000000000000004~İstanbul~_~^xfer~food~1e21~肯德基~~home|lunch|en;
search	inc~~1e21~coffee~work~Trip||en;trans::自定义:Custom
search	xfer~~10.5~_~work~Trip^exp~zz~nan~肯德基~work;food~trip^xfer~rent~10.5~kfc~~_^exp~rent~-0~﻿coffee~work;food~home^exp~zz~0.3~肯德基~﻿tag~|﻿lunch|en;zz::自定义:Custom
pickacct	a0~_^a1~0^a2~0^a3~_||
search	xfer~rent~-0~  spaced  ~_~^inc~~100~_~~^inc~food~1~coffee~﻿tag~home^exp~trans~10.5~>abc~work;food~home^exp~food~1e21~~_~_||zh;
search	xfer~trans~0~coffee~_~Trip^xfer~zz~100~肯德基~_~home^xfer~trans~99.995~LUNCH~~home^xfer~~99.995~ΑΣ~work;food~Trip^inc~rent~0.3~strasse~work~|trip|zh;food::自定义:Custom
notes	xfer~food~_~11~0^xfer~food~lunch~-3~0^xfer~food~coffee~10~_|xfer,food,1|
search	inc~trans~0.3~kfc~_~Trip^exp~rent~nan~ΑΣ~work;food~home|>﻿100|zh;rent::自定义:Custom
archacct	a0~1^a1~_^a2~_^a3~0|a0|
archacct	a0~1^a1~1^a2~_^a3~0||
search	inc~zz~-3~  spaced  ~_~_|lunch|zh;
search	exp~food~-3~LUNCH~﻿tag~^inc~~-3~İstanbul~work~home|=nan|zh;
archledger	home^trip|home^|
notes	xfer~zz~~-3~0^xfer~zz~coffee~16~_^xfer~zz~_~15~_^xfer~zz~tea~7~1700000000000|xfer,zz,0|
pickledger	||trip
archacct	||
archledger	home^trip|work^home^|home
pickacct	a0~_^a1~1^a2~_^a3~0^a4~_|a9|
notes	xfer~trans~lunch~0~_^xfer~trans~lunch~10~_^xfer~trans~lunch~7~_^xfer~trans~coffee~17~1700000000000^_~~_~16~1700000000000^xfer~trans~  lunch  ~2~_|xfer,trans,3|
search	inc~food~100~coffee~~trip|>100|en;
notes	exp~zz~_~6~1700000000000^exp~zz~_~9~1700000000000^exp~zz~_~-4~_^exp~zz~_~18~_^_~~lunch~1~0^exp~zz~~20~1700000000000^exp~zz~_~16~_|exp,zz,1|
notes	inc~rent~tea~18~_^_~zz~tea~16~_^inc~rent~coffee~5~0^inc~rent~coffee~11~_^inc~rent~﻿coffee~8~_|inc,rent,1|
pickledger	home||trip
search	xfer~zz~99.995~Lunch~_~Trip^exp~rent~0~LUNCH~~trip|work|en;rent::自定义:Custom
search	exp~rent~-3~_~﻿tag~_^exp~zz~nan~strasse~work~^inc~~1~straSSe~work~home^exp~~1~LUNCH~work;food~^exp~~10.5~ΑΣ~work;food~|> 100|zh;
search	exp~trans~10.5~Σ~work;food~trip|lunch_BOM|en;zz::自定义:Custom
notes	xfer~food~tea~10~1700000000000^xfer~food~lunch~20~_^xfer~food~  lunch  ~4~_|xfer,food,20|
pickacct	a0~_^a1~0^a2~_^a3~1||
notes	inc~food~lunch~-1~0^inc~food~lunch~1~0^inc~food~tea~-1~_^inc~food~_~5~0^inc~~tea~19~1700000000000^inc~food~lunch~3~_^inc~food~coffee~5~_^inc~food~coffee~10~0|inc,food,0|
pickacct	a0~1^a1~1|a9^a1|
search	inc~food~100~>abc~work~trip^exp~~nan~strasse~_~_|i̇stanbul|en;
search	xfer~zz~nan~﻿coffee~﻿tag~^exp~trans~1e21~>abc~﻿tag~home^exp~rent~nan~>abc~﻿tag~_|=0.3|en;
pickledger	home^trip^work^|work^trip|work
search	exp~trans~nan~﻿coffee~~_|strasse|zh;
pickacct	a0~1^a1~1||
notes	_~trans~  lunch  ~9~_|inc,zz,20|
pickledger	|home^^trip|
archacct	a0~0|a1|
pickledger	home^trip^work||home
archledger	home|Trip^work|work
search	xfer~trans~0.30000000000000004~İstanbul~﻿tag~Trip^xfer~zz~99.995~lunch~_~trip^xfer~zz~0.30000000000000004~ΑΣ~﻿tag~Trip^inc~rent~-3~İstanbul~﻿tag~^exp~rent~0~İstanbul~~Trip|>0.3|zh;
search	inc~rent~0.30000000000000004~coffee_BOM~~home|>　100|en;::自定义:Custom
search	exp~trans~0.3~Lunch~﻿tag~trip^xfer~zz~1~straSSe~﻿tag~Trip^xfer~trans~0~coffee~~Trip^exp~trans~100~straSSe~work~home^inc~~0.3~lunch~_~_|=0.30000000000000004|en;zz::自定义:Custom
search	exp~~100~coffee_BOM~~trip^inc~trans~10.5~lunch~~trip^exp~~0.30000000000000004~kfc~~|=nan|en;
archledger	home||work
pickacct	a0~0^a1~1|a9^a0|
search	inc~zz~10.5~  spaced  ~_~_^exp~rent~0~﻿coffee~~home|>abc|en;
pickledger	home^trip^work^^Trip||trip
pickacct	a0~1||
notes	|inc,trans,3|
search	inc~zz~10.5~İstanbul~_~Trip|>100abc|zh;
archacct	a0~1|a9^a1|
pickledger	home|work|home
archacct	a0~_^a1~0^a2~0^a3~0^a4~_|a0|
notes	|xfer,food,0|
pickacct	a0~0^a1~1|a9|
notes	xfer~rent~coffee~7~1700000000000|xfer,rent,0|
search	exp~trans~0.3~LUNCH~﻿tag~trip^exp~rent~1e21~ΑΣ~work~trip|i̇stanbul|en;
search	inc~food~-0~肯德基~﻿tag~_|=0.3|zh;food::自定义:Custom
notes	exp~~lunch~4~1700000000000^inc~zz~  lunch  ~8~_^inc~zz~coffee~7~_|inc,zz,1|
archledger	home^trip^work^^Trip||work
search	xfer~zz~0.30000000000000004~LUNCH~~_^inc~food~nan~>abc~﻿tag~|lunch|en;
search	exp~zz~10.5~kfc~~Trip|strasse|en;
notes	inc~zz~tea~17~1700000000000^inc~zz~lunch~6~1700000000000^inc~zz~  lunch  ~20~_^inc~zz~lunch~11~1700000000000^inc~zz~tea~-4~_^inc~zz~_~10~0|inc,zz,3|
search	inc~~0~straSSe~﻿tag~home^exp~zz~-0~Σ~work~trip^exp~food~99.995~İstanbul~work~trip^inc~~nan~strasse~work;food~_|10.5|en;
notes	exp~food~lunch~-5~1700000000000|exp,food,20|
archacct	a0~_^a1~1^a2~0||
pickacct	a0~1|a1^a1|
search	inc~trans~100~ΑΣ~﻿tag~home^exp~zz~99.995~strasse~~trip^inc~~1e21~coffee~﻿tag~^inc~~0.30000000000000004~straSSe~work~_|99.995|en;
search	exp~zz~0.3~coffee~﻿tag~_^exp~zz~99.995~coffee~work;food~^exp~food~10.5~_~_~_^inc~food~1~kfc~~home|>-1|en;
archacct	a0~_^a1~_^a2~0^a3~_|a1^a0|
search	xfer~food~-3~_~work~Trip|﻿|en;
search	exp~trans~0.3~  spaced  ~work~_^exp~rent~-0~ΑΣ~work~trip^exp~trans~10.5~coffee~_~_^exp~food~100~kfc~work~Trip|=1x|zh;
pickledger	home|home^trip|Trip
search	exp~trans~0~coffee~~^xfer~trans~-3~coffee_BOM~~|﻿|en;
archledger	home^trip^work|Trip^|Trip
search	exp~rent~99.995~Σ~work~^exp~trans~0.3~_~work;food~trip^xfer~trans~1~100~work~^xfer~rent~0.30000000000000004~﻿coffee~work~trip|=0.30000000000000004|en;rent::自定义:Custom
notes	exp~food~_~13~1700000000000^inc~trans~~20~1700000000000^inc~trans~coffee~12~_^inc~trans~lunch~2~_^inc~food~coffee~-4~_^inc~trans~tea~-5~0|inc,trans,20|
search	xfer~zz~10.5~肯德基~work~^inc~~10.5~lunch~work~Trip^xfer~rent~0.3~_~~trip|肯德基|en;
pickacct	a0~0|a9^a1|
search	exp~zz~100~kfc~_~Trip^inc~trans~0.3~_~work;food~trip^exp~trans~100~﻿coffee~﻿tag~Trip|>100|en;
search	xfer~food~0~Lunch~work;food~^xfer~~0~kfc~_~trip|1e+21|zh;
search	exp~food~1e21~100~work~Trip^exp~food~1~straSSe~work~home|>100abc|en;
search	xfer~rent~100~LUNCH~_~home^exp~zz~10.5~﻿coffee~work~home^xfer~trans~0.30000000000000004~coffee~_~Trip|﻿lunch|zh;zz::自定义:Custom
notes	|exp,trans,3|
search	exp~rent~nan~>abc~~|=1x|zh;
notes	exp~trans~~5~1700000000000^inc~zz~﻿coffee~9~1700000000000^xfer~rent~_~20~_^xfer~rent~lunch~13~1700000000000^xfer~rent~coffee~-3~_|xfer,rent,20|
archledger	|trip^trip|
pickledger	home^trip^work|home^^home|
pickledger	home^trip^work^|home|work
archacct	a0~_^a1~0||
pickledger	home|trip^home|trip
pickledger	home^trip|home^home|Trip
pickledger	home^trip|home^|trip
archledger	home^trip^work^^Trip||Trip
archledger	home^trip|work^trip^home|trip
notes	inc~trans~coffee~3~_^exp~zz~_~6~_^exp~zz~_~-2~_^exp~zz~tea~1~_|exp,zz,0|
archledger	home^trip^work^^Trip||work
archacct	a0~_^a1~_^a2~1^a3~1||
notes	exp~rent~lunch~12~1700000000000^xfer~zz~﻿coffee~3~_^xfer~zz~lunch~-5~1700000000000^xfer~zz~lunch~10~0|xfer,zz,0|
pickledger	home^trip^work^|trip^Trip^|home
pickacct	a0~1||
search	inc~~-0~ΑΣ~﻿tag~^inc~food~99.995~straSSe~~trip^xfer~rent~1e21~coffee_BOM~work~home|>0.3|zh;
archledger	home^trip||home
pickledger	home|home|work
archacct	a0~0^a1~1^a2~1^a3~0|a9^a9|
archledger	home^trip|trip|Trip
pickledger	home|home^trip|Trip
archacct	a0~1^a1~_^a2~_|a0^a1|
archacct	a0~1^a1~0^a2~_^a3~_^a4~1|a1|
search	inc~zz~0.3~Σ~﻿tag~Trip| |en;
search	exp~zz~1~  spaced  ~~^exp~food~0.30000000000000004~~~^exp~food~1e21~ΑΣ~_~_^inc~food~99.995~lunch~work~Trip|>100abc|en;
pickacct	a0~1^a1~1^a2~_|a1^a1|
search	exp~~-3~Istanbul~﻿tag~Trip^xfer~~-3~İstanbul~work~_^xfer~zz~-0~Istanbul~work;food~home^xfer~trans~10.5~coffee~_~^inc~rent~1~İstanbul~~|coffee|zh;zz::自定义:Custom
pickacct	a0~0||
pickacct	a0~0|a9|
search	inc~food~0.3~﻿coffee~work~_^exp~trans~nan~Istanbul~﻿tag~_|>-1|zh;
pickacct	a0~0^a1~1^a2~0^a3~1||
search	xfer~trans~99.995~İstanbul~﻿tag~^exp~trans~-0~>abc~﻿tag~home^exp~trans~0.3~_~_~^exp~~-3~kfc~work;food~^xfer~~0~coffee~work~|Ας|en;
search	xfer~zz~0.3~coffee~work;food~^xfer~food~-0~strasse~work;food~^xfer~rent~1e21~lunch~work~home^exp~rent~0~Σ~work;food~_^exp~trans~99.995~coffee~work~|99.995|en;
search	inc~rent~1e21~LUNCH~work;food~home^exp~trans~99.995~~~|100|en;food::自定义:Custom
pickacct	a0~1^a1~0^a2~_^a3~0|a0^|
search	exp~rent~0~Lunch~work~trip^inc~trans~10.5~>abc~work;food~^inc~zz~0~﻿coffee~~Trip|>　100|en;
search	inc~trans~0.3~﻿coffee~~home^exp~trans~-0~﻿coffee~~Trip^inc~~-3~肯德基~work~_^exp~food~-3~ΑΣ~﻿tag~_|> 100|en;
search	exp~food~nan~ΑΣ~﻿tag~home^exp~zz~10.5~100~work;food~home^exp~trans~nan~kfc~work;food~Trip|1e+21|zh;
archacct	a0~0^a1~1|a0^a1|
notes	exp~~tea~18~1700000000000|exp,,3|
archledger	home^trip^work||home
archledger	|work^home|
archledger	home^trip^work^^Trip|home^home|
search	xfer~rent~1~100~~Trip|Ας|en;
search	inc~food~-3~Σ~work;food~Trip|lunch_BOM|zh;
search	exp~trans~100~肯德基~work;food~|lunch_BOM|zh;
search	exp~trans~0.30000000000000004~  spaced  ~~trip^xfer~zz~1e21~lunch~~^inc~rent~-3~kfc~work~|﻿lunch|zh;
search	xfer~~nan~lunch~work~trip^xfer~~-0~ΑΣ~_~Trip|trip|zh;
pickacct	||
notes	xfer~zz~coffee~-2~_^xfer~zz~~7~_^exp~zz~  lunch  ~5~_^xfer~zz~﻿coffee~13~_|xfer,zz,1|
notes	inc~~lunch~4~_^inc~~lunch~-1~1700000000000^inc~~lunch~7~0|inc,,3|
notes	inc~~lunch~10~_^inc~~  lunch  ~7~_^inc~~tea~12~0^exp~food~lunch~0~_^inc~~﻿coffee~-4~1700000000000|inc,,0|
notes	_~trans~~-4~_^xfer~~lunch~-4~_^xfer~~  lunch  ~3~_^xfer~~lunch~17~_^xfer~~_~1~1700000000000|xfer,,6|
pickacct	a0~1^a1~_^a2~0^a3~0^a4~0||
archledger	|home^Trip|trip
search	xfer~food~99.995~LUNCH~﻿tag~home^exp~food~-3~Lunch~_~_||en;
archacct	a0~_^a1~_^a2~_^a3~1^a4~0|^|
search	xfer~zz~0.30000000000000004~Lunch~work~^exp~food~0~LUNCH~work;food~home^inc~food~99.995~lunch~work;food~Trip^exp~zz~100~Lunch~_~trip^xfer~zz~1e21~straSSe~work;food~home| |zh;
notes	|exp,rent,1|
pickacct	a0~_|a1|
search	xfer~food~99.995~  spaced  ~work;food~trip|i̇stanbul|en;
pickledger	home^trip^work^|work|Trip
search	inc~~nan~_~work~trip^exp~rent~0.30000000000000004~strasse~~^xfer~zz~1e21~ΑΣ~work~_^exp~trans~-3~>abc~work~trip|kfc|zh;
search	exp~zz~1~LUNCH~~^xfer~trans~nan~strasse~~trip^exp~rent~-3~﻿coffee~work~Trip||zh;zz::自定义:Custom
archacct	a0~1^a1~_^a2~0^a3~0^a4~_|a9|
search	inc~rent~0~kfc~~_^exp~~10.5~straSSe~﻿tag~_^xfer~zz~99.995~lunch~~home^exp~trans~1~strasse~work;food~trip|=100|zh;
pickledger	home||work
archledger	home^trip^work^|trip^home^trip|trip
notes	xfer~trans~coffee~-3~0^xfer~trans~  lunch  ~18~1700000000000^xfer~trans~lunch~6~_^xfer~trans~lunch~6~_^xfer~trans~  lunch  ~19~_^xfer~trans~_~8~_^xfer~trans~  lunch  ~6~_^xfer~trans~lunch~8~_|xfer,trans,3|
search	exp~food~1~Σ~work;food~_^inc~food~0~>abc~﻿tag~Trip^exp~zz~0.3~LUNCH~work~trip|>﻿100|zh;
search	xfer~rent~0.3~Istanbul~~home^exp~food~10.5~>abc~~Trip^exp~rent~0.3~İstanbul~~trip^exp~~-3~lunch~~trip|99.995|en;trans::自定义:Custom
archledger	home^trip|work^work|
search	exp~food~nan~lunch~_~trip^xfer~rent~1e21~100~_~trip^exp~zz~nan~﻿coffee~﻿tag~trip^exp~~99.995~straSSe~~|>0.3|zh;
pickledger	home|^work^trip|Trip
archacct	a0~_^a1~1^a2~_||
notes	xfer~trans~﻿coffee~-1~_^inc~food~coffee~15~1700000000000^inc~food~coffee~4~_^inc~food~lunch~11~0^inc~trans~coffee~3~1700000000000|inc,food,3|
notes	|inc,,20|
archacct	|a9|
archledger	home^trip^work^^Trip|Trip^home|work
archledger	home^trip^work||home
pickledger	|Trip|trip
notes	exp~food~﻿coffee~9~1700000000000^exp~food~﻿coffee~-3~_^exp~food~lunch~10~_^_~food~tea~0~_^exp~food~~5~0^exp~food~lunch~18~_^exp~rent~tea~20~1700000000000|exp,food,6|
search	exp~rent~1e21~  spaced  ~﻿tag~_^exp~zz~100~_~﻿tag~_^inc~zz~1~>abc~work;food~^xfer~trans~0.3~LUNCH~~^inc~~-0~coffee_BOM~work~|lunch|zh;
search	exp~~99.995~coffee_BOM~~^exp~zz~1~Σ~_~trip^xfer~food~0.30000000000000004~_~work;food~trip^exp~trans~1~coffee_BOM~work;food~_^xfer~trans~99.995~coffee_BOM~work;food~|>　100|en;
notes	exp~food~tea~0~_^inc~food~tea~2~0^exp~food~~1~1700000000000^_~food~coffee~20~0^exp~food~lunch~17~0^exp~food~lunch~9~1700000000000^exp~food~_~0~_^exp~food~﻿coffee~10~0|exp,food,0|
notes	xfer~~  lunch  ~-2~0^exp~zz~coffee~8~0|xfer,,6|
archledger	home^trip|Trip^trip^work|home
pickacct	a0~0^a1~_^a2~0|a0^a9|
search	xfer~zz~1e21~100~_~Trip^exp~food~0.30000000000000004~İstanbul~~|> 100 x|en;
pickacct	a0~0^a1~0^a2~_^a3~1^a4~1||
archacct	a0~0||
notes	inc~trans~lunch~15~0^exp~food~tea~5~_^inc~trans~~20~1700000000000^inc~trans~~15~1700000000000^_~rent~coffee~-5~1700000000000^inc~trans~coffee~18~1700000000000^inc~trans~lunch~3~_|inc,trans,20|
archacct	|a0|
notes	inc~zz~lunch~8~_^xfer~~~19~_^inc~zz~﻿coffee~4~_^exp~zz~lunch~-1~_^inc~zz~coffee~-2~_^inc~zz~﻿coffee~9~0^inc~zz~lunch~-5~1700000000000|inc,zz,0|
search	exp~~100~_~~trip^exp~rent~0~100~work~home^inc~trans~0.30000000000000004~100~work;food~_|<100|zh;
notes	exp~food~coffee~8~_^exp~food~lunch~1~_^exp~food~coffee~8~0^exp~food~~2~_^exp~food~tea~9~_^xfer~trans~coffee~8~0^exp~food~coffee~11~1700000000000^exp~food~tea~3~0|exp,food,1|
pickledger	home^trip|home|trip
search	exp~food~0~_~work~trip^exp~rent~nan~﻿coffee~~home^xfer~~0.3~coffee~_~^inc~trans~10.5~>abc~﻿tag~trip||en;
search	exp~food~10.5~coffee~~trip^exp~food~0.30000000000000004~coffee~﻿tag~Trip|lunch|en;
pickledger	home^trip^work^^Trip|work^home^work|home
search	exp~rent~1~strasse~_~Trip^exp~trans~0.3~100~work~home^exp~trans~1~ΑΣ~work;food~_^inc~~-0~Σ~~^xfer~food~0~kfc~work;food~trip|trip|zh;
search	inc~food~1e21~LUNCH~﻿tag~home|=nan|zh;
search	xfer~rent~nan~Istanbul~work~_|i̇stanbul|en;
pickacct	a0~0^a1~1^a2~1^a3~_|a9^a0|
search	inc~zz~nan~Σ~_~home^exp~rent~nan~Istanbul~~|> 100 x|zh;
search	exp~zz~0.30000000000000004~ΑΣ~work;food~Trip^inc~rent~1~Istanbul~_~home^inc~trans~nan~kfc~_~trip^inc~zz~-3~coffee_BOM~work;food~_^exp~zz~0.3~straSSe~work;food~trip|99.995|zh;
archledger	home^trip^work||
pickacct	a0~_^a1~1^a2~0^a3~_||
notes	xfer~trans~  lunch  ~10~1700000000000^xfer~trans~﻿coffee~11~_^xfer~trans~coffee~2~_^xfer~trans~coffee~1~_^xfer~trans~coffee~3~1700000000000^xfer~trans~coffee~1~1700000000000^xfer~trans~lunch~15~0|xfer,trans,0|
archledger	home^trip^work|^home^Trip|home
archacct	a0~0^a1~1^a2~0^a3~0||
search	xfer~rent~nan~肯德基~﻿tag~trip^exp~zz~10.5~Istanbul~﻿tag~trip^exp~rent~100~>abc~work~home|> 100 x|zh;
archledger	home^trip^work^^Trip||trip
pickacct	a0~_^a1~1^a2~1|^|
search	exp~food~99.995~ΑΣ~_~Trip|work|en;
archacct	|a1^a1|
search	inc~zz~99.995~>abc~work~trip^exp~zz~0.30000000000000004~coffee~~|=0.30000000000000004|zh;
search	xfer~trans~-0~Lunch~work;food~home^inc~food~99.995~lunch~~home|strasse|zh;
search	xfer~food~10.5~strasse~work;food~home^inc~~99.995~>abc~work;food~home^exp~food~1~>abc~work~^exp~trans~99.995~ΑΣ~﻿tag~^inc~food~1~coffee~_~trip|=0.30000000000000004|zh;
notes	xfer~~tea~-1~0^xfer~zz~tea~20~1700000000000|xfer,,6|
search	xfer~rent~0~straSSe~work~Trip^inc~zz~0.30000000000000004~coffee~work;food~Trip^inc~~-3~Lunch~work;food~trip^exp~trans~99.995~lunch~~Trip|100|en;
search	xfer~zz~0.3~100~~home^exp~rent~-3~LUNCH~~_^xfer~food~1~İstanbul~_~^xfer~rent~-0~coffee_BOM~~_^exp~zz~1~coffee_BOM~﻿tag~|>100|en;
notes	exp~~lunch~1~_^xfer~trans~coffee~8~_^inc~rent~  lunch  ~8~_^xfer~trans~  lunch  ~8~0|xfer,trans,6|
pickacct	a0~_^a1~_^a2~1^a3~0|a1|
archacct	|a0^a9|
notes	exp~rent~lunch~0~_|inc,trans,1|
archledger	home^trip^work||work
notes	exp~food~coffee~20~_^xfer~rent~tea~-4~0^xfer~rent~﻿coffee~10~_^xfer~rent~coffee~19~_|xfer,rent,20|
archledger	home^trip^work|Trip|trip
archacct	a0~1^a1~_^a2~_^a3~1^a4~1|a9|
search	exp~zz~1e21~_~work;food~trip^inc~zz~-0~Lunch~~Trip|=0.3|en;
archledger	home^trip^work^^Trip||home
archledger	home^trip|trip^home^home|trip
archacct	||
search	exp~food~1~Istanbul~work~Trip^inc~zz~1~100~_~Trip|肯德基|en;
archacct	a0~1^a1~_^a2~0^a3~_||
notes	xfer~trans~tea~10~1700000000000^xfer~trans~~12~_^xfer~trans~coffee~3~_^xfer~trans~~4~_^xfer~trans~lunch~18~_^xfer~trans~~20~1700000000000|xfer,trans,6|
archledger	home^trip|Trip^trip^trip|Trip
search	xfer~trans~nan~coffee~~trip^exp~rent~1e21~Istanbul~_~^exp~zz~10.5~coffee~﻿tag~^inc~rent~10.5~Lunch~~_^xfer~rent~99.995~肯德基~work~Trip|>=100|en;
pickacct	a0~1^a1~0^a2~0||
search	inc~zz~-0~coffee~work~_^inc~trans~100~100~~Trip^xfer~trans~nan~ΑΣ~~_|<=100|en;zz::自定义:Custom
pickledger	|home^|work
search	inc~food~-0~ΑΣ~_~Trip^xfer~food~-3~  spaced  ~_~home|>　100|en;::自定义:Custom
pickledger	home^trip^work^|^trip^home|work
search	exp~zz~0.30000000000000004~ΑΣ~work;food~home^exp~food~nan~_~﻿tag~home^exp~rent~0.3~straSSe~work~_^xfer~~-0~coffee_BOM~﻿tag~Trip|﻿lunch|zh;
search	exp~zz~1~coffee~﻿tag~home^exp~trans~0.30000000000000004~İstanbul~work;food~^exp~trans~1e21~肯德基~_~home^xfer~food~99.995~肯德基~﻿tag~trip^inc~food~1e21~_~﻿tag~home||zh;::自定义:Custom
search	exp~~nan~Σ~work;food~trip^exp~zz~-0~coffee_BOM~~^inc~zz~99.995~kfc~~^exp~trans~nan~Istanbul~~Trip| |en;
search	exp~rent~-3~coffee_BOM~﻿tag~trip^exp~rent~0~100~~_^exp~rent~nan~LUNCH~﻿tag~trip^exp~~0.30000000000000004~straSSe~work~trip^exp~food~nan~肯德基~﻿tag~home|>﻿100|zh;
archledger	||trip
search	inc~trans~-0~_~work~^inc~trans~0.30000000000000004~coffee~_~home^xfer~zz~10.5~strasse~~_^exp~rent~nan~lunch~work;food~_^exp~trans~99.995~Istanbul~work;food~trip|lunch|en;rent::自定义:Custom
notes	inc~trans~﻿coffee~6~_|inc,trans,1|
archacct	a0~1^a1~1^a2~_^a3~_^a4~_|a0|
notes	xfer~~_~11~1700000000000^xfer~~_~12~0^xfer~~coffee~-5~1700000000000^exp~trans~tea~19~_^xfer~~lunch~10~_^xfer~~lunch~20~_^xfer~zz~~6~0|xfer,,20|
pickacct	a0~_^a1~1|a9^|
notes	exp~rent~coffee~1~_^exp~trans~~16~_^exp~trans~_~1~_^exp~rent~tea~8~0^exp~trans~lunch~-1~_^exp~trans~coffee~16~1700000000000|exp,trans,0|
search	exp~trans~1e21~Istanbul~~home^exp~rent~-3~~_~Trip^exp~trans~-3~﻿coffee~work~trip^exp~rent~100~Istanbul~work~trip|> 100 x|en;
search	xfer~trans~10.5~coffee~_~trip^xfer~zz~10.5~>abc~_~_^inc~~1e21~coffee_BOM~_~Trip^exp~~0.30000000000000004~﻿coffee~_~Trip|>abc|en;
search	inc~~-0~straSSe~work~^inc~~1~straSSe~work;food~^exp~trans~1~肯德基~﻿tag~_^exp~rent~1~strasse~work;food~home^xfer~~0.3~strasse~~|work|en;food::自定义:Custom
search	xfer~food~nan~LUNCH~_~home^exp~zz~1e21~coffee_BOM~work~^exp~~-0~~work~home|=1x|zh;
archledger	||home
search	exp~rent~1~lunch~work~home^exp~food~10.5~LUNCH~work~^xfer~~0.30000000000000004~kfc~work;food~^xfer~rent~-3~İstanbul~~Trip^xfer~~100~100~﻿tag~home|>﻿100|zh;rent::自定义:Custom
pickledger	home^trip^work^^Trip|home^trip|Trip
pickacct	a0~_^a1~0||
pickacct	a0~1^a1~1^a2~1^a3~0|a1^a9|
pickledger	home^trip^work^|work^work|Trip
notes	inc~food~lunch~7~_^xfer~zz~~2~_^inc~rent~﻿coffee~-3~_^xfer~zz~tea~13~_|xfer,zz,0|
notes	exp~trans~coffee~8~_^exp~zz~coffee~12~_^exp~trans~lunch~11~0^exp~trans~_~5~_|exp,trans,20|
search	xfer~trans~99.995~coffee_BOM~﻿tag~^inc~~-0~Σ~work~trip^xfer~zz~nan~100~﻿tag~Trip|strasse|en;
notes	_~zz~﻿coffee~7~_^xfer~trans~~19~1700000000000^xfer~trans~lunch~17~_^xfer~trans~lunch~5~1700000000000^xfer~trans~﻿coffee~0~1700000000000^xfer~trans~tea~12~_^xfer~trans~lunch~0~_^xfer~trans~﻿coffee~4~0|xfer,trans,6|
search	inc~rent~nan~﻿coffee~_~^exp~~0.30000000000000004~coffee_BOM~﻿tag~|lunch_BOM|zh;
archledger	||trip
search	exp~zz~1~100~﻿tag~^inc~zz~-3~﻿coffee~﻿tag~trip^inc~zz~0~lunch~work~trip|=0.30000000000000004|zh;
archacct	a0~1^a1~1^a2~0^a3~1||
search	inc~zz~nan~~_~^inc~~-0~Lunch~_~_^xfer~zz~99.995~lunch~~trip^xfer~zz~99.995~ΑΣ~work;food~_^inc~~1e21~  spaced  ~work;food~_| |en;
pickacct	||
search	exp~rent~-0~肯德基~~Trip^exp~zz~99.995~ΑΣ~work~Trip^exp~food~nan~strasse~work;food~Trip^exp~trans~0.3~Lunch~_~_|strasse|en;
search	exp~zz~0~~work~^inc~food~0~>abc~_~home^xfer~rent~99.995~kfc~_~^exp~food~0.30000000000000004~ΑΣ~~|=nan|zh;
notes	exp~~lunch~-3~_^_~food~~2~0^exp~food~  lunch  ~14~_^exp~zz~﻿coffee~19~0^exp~food~  lunch  ~-2~1700000000000^exp~food~~13~_^inc~~coffee~7~0^exp~food~  lunch  ~15~_|exp,food,3|
notes	exp~rent~lunch~12~_^exp~zz~tea~11~0^exp~rent~tea~11~0^exp~rent~~8~_^xfer~zz~lunch~-3~0|exp,rent,0|
notes	xfer~food~﻿coffee~16~1700000000000^xfer~food~tea~-2~1700000000000^xfer~food~coffee~14~1700000000000^xfer~food~_~4~1700000000000^xfer~food~tea~20~_^xfer~food~  lunch  ~16~0|xfer,food,3|
search	xfer~trans~1e21~straSSe~work~home^exp~~0~coffee~work~^xfer~trans~100~_~_~|<100|en;
search	xfer~zz~1~coffee~﻿tag~_^exp~food~99.995~100~work~Trip^exp~food~0.3~coffee_BOM~_~home^exp~food~-0~_~~home|>=100|zh;rent::自定义:Custom
search	inc~rent~nan~strasse~_~_^exp~trans~0~~work~trip^xfer~~1e21~﻿coffee~work~^inc~~10.5~﻿coffee~~Trip^inc~zz~0.30000000000000004~coffee~~trip|=1x|en;rent::自定义:Custom
notes	|inc,food,3|
archacct	a0~_||
archacct	a0~_^a1~0^a2~_^a3~0^a4~0||
search	xfer~rent~0.3~lunch~~_^xfer~food~0.30000000000000004~LUNCH~_~^inc~trans~0.3~İstanbul~work~_^exp~rent~10.5~  spaced  ~work~Trip^xfer~zz~nan~coffee_BOM~_~home| |zh;food::自定义:Custom
archacct	a0~0^a1~0^a2~_^a3~_^a4~_|a9|
search	exp~rent~1~lunch~~^exp~zz~99.995~~~home^xfer~zz~10.5~>abc~~^xfer~zz~100~LUNCH~_~^xfer~zz~99.995~Σ~~_|trip|en;::自定义:Custom
notes	inc~trans~~2~_^inc~trans~lunch~13~0^inc~trans~~3~_^inc~trans~lunch~-3~_^inc~trans~﻿coffee~16~0^inc~trans~﻿coffee~7~1700000000000^inc~trans~  lunch  ~12~1700000000000|inc,trans,20|
pickledger	home^trip^work^|home^|trip
archledger	home^trip^work^|^work^|home
archledger	home^trip^work||
search	exp~food~100~>abc~_~^exp~trans~0.3~Lunch~work~home^xfer~food~99.995~LUNCH~_~trip|=0.30000000000000004|en;
archledger	home^trip^work^|home|
archacct	a0~0^a1~_^a2~1^a3~_|a1|
pickacct	a0~1^a1~1^a2~1^a3~0|a9|
archledger	home^trip|trip^home^trip|trip
archacct	a0~_|a9|
archacct	a0~0^a1~_|a0^a0|
pickledger	home^trip^work^|home^work^|
pickledger	home^trip^work^^Trip|home|
search	exp~rent~0.3~Lunch~work;food~^xfer~zz~nan~_~~_|work|en;
search	exp~zz~10.5~coffee~work;food~_|10.5|en;
search	exp~trans~99.995~straSSe~work~home^xfer~rent~-0~>abc~work~trip|lunch|zh;
notes	xfer~food~~11~0^xfer~food~tea~20~_^exp~~﻿coffee~18~_^exp~food~_~18~_|xfer,food,0|
archacct	a0~_^a1~1^a2~_^a3~0|a1^|
search	inc~trans~0.30000000000000004~lunch~work;food~home^exp~~1~strasse~~Trip|food|zh;
search	exp~zz~0.30000000000000004~Lunch~﻿tag~_^xfer~zz~10.5~100~work~^exp~zz~0.3~100~~Trip^exp~zz~-0~strasse~~home^inc~~-3~straSSe~﻿tag~trip|﻿|zh;
notes	exp~~  lunch  ~-5~1700000000000^xfer~trans~coffee~18~_^exp~~_~18~1700000000000^exp~~coffee~16~1700000000000|exp,,20|
search	xfer~rent~100~LUNCH~﻿tag~Trip^exp~trans~99.995~LUNCH~work~home|strasse|zh;
search	exp~trans~1e21~肯德基~work;food~_^xfer~~0~coffee_BOM~work;food~trip^inc~rent~0.30000000000000004~  spaced  ~﻿tag~_^inc~~10.5~Σ~work;food~|i̇stanbul|zh;trans::自定义:Custom
search	exp~rent~0.3~100~work~trip^exp~rent~10.5~İstanbul~_~_^exp~~99.995~肯德基~~home^inc~~nan~  spaced  ~~home|>=100|en;
search	inc~food~100~_~~home^xfer~trans~0.30000000000000004~  spaced  ~work~home^exp~food~0.3~﻿coffee~﻿tag~Trip^exp~~-0~lunch~work;food~Trip|> 100 x|en;trans::自定义:Custom
archacct	a0~0^a1~1^a2~0|a1|
notes	xfer~rent~coffee~-2~_^xfer~rent~lunch~13~_^xfer~rent~  lunch  ~17~_^xfer~rent~lunch~3~1700000000000^xfer~rent~  lunch  ~9~_^xfer~rent~_~15~1700000000000^xfer~rent~lunch~-1~_|xfer,rent,20|
archacct	a0~_|^a0|
search	exp~food~0~~work;food~trip|>﻿100|zh;
search	exp~rent~1~_~work;food~trip^inc~food~-0~Lunch~_~home|>=100|en;
search	exp~food~-0~100~~trip^xfer~zz~nan~Istanbul~~_^exp~food~-0~İstanbul~work~Trip^inc~rent~10.5~Lunch~_~home^exp~rent~1e21~Σ~work~Trip|﻿lunch|zh;
archacct	a0~_^a1~1^a2~_|a1|
pickledger	home^trip^work||home
archacct	a0~0^a1~0^a2~1^a3~1|a1^a0|
pickacct	a0~1|^a0|
search	inc~rent~10.5~_~_~^exp~trans~0~coffee~_~Trip^exp~~10.5~  spaced  ~~^exp~trans~-0~_~﻿tag~Trip^inc~rent~0.30000000000000004~肯德基~work;food~trip|lunch|en;rent::自定义:Custom
search	inc~~1~Σ~﻿tag~_^exp~~100~肯德基~work;food~trip^inc~zz~10.5~Σ~work~_^inc~~1e21~_~﻿tag~Trip|lunch_BOM|en;
search	xfer~trans~-0~  spaced  ~﻿tag~_^xfer~trans~10.5~lunch~work~home|=0.3|en;
notes	exp~zz~﻿coffee~20~_^exp~zz~lunch~9~0^exp~zz~﻿coffee~14~_^exp~zz~tea~1~_^exp~zz~lunch~13~0|exp,zz,20|
pickledger	home^trip^work^^Trip|home^home|work
notes	exp~~lunch~18~0^_~rent~lunch~19~0|exp,,6|
archacct	a0~_^a1~_^a2~0^a3~0^a4~0|a9^|
notes	_~~~1~1700000000000^_~food~lunch~12~0^xfer~trans~coffee~5~_^xfer~trans~coffee~18~1700000000000^xfer~trans~~-2~1700000000000^xfer~~  lunch  ~8~_|xfer,trans,20|
pickledger	home^trip^work^|Trip^Trip^trip|work
notes	xfer~zz~﻿coffee~19~_^xfer~zz~  lunch  ~3~0^exp~trans~lunch~17~1700000000000^inc~food~_~0~_|xfer,zz,0|
search	exp~~100~ΑΣ~~^inc~rent~0.3~kfc~﻿tag~Trip^exp~~0.3~strasse~~^inc~~0~﻿coffee~﻿tag~_|coffee|en;::自定义:Custom
search	exp~food~-0~LUNCH~~_^xfer~zz~0~ΑΣ~~trip|<=100|en;
search	xfer~food~-0~coffee~work~Trip|=1x|zh;::自定义:Custom
search	xfer~rent~99.995~  spaced  ~work;food~Trip|肯德基|en;
search	exp~trans~1~ΑΣ~work~trip^exp~zz~1e21~coffee_BOM~﻿tag~_|strasse|zh;
archacct	a0~1^a1~1^a2~0^a3~1|a0^|
pickledger	home^trip^work^^Trip|Trip^Trip|trip
notes	xfer~trans~coffee~16~1700000000000^xfer~trans~lunch~11~1700000000000|xfer,trans,6|
notes	inc~trans~lunch~5~1700000000000^inc~trans~lunch~-5~0^inc~trans~﻿coffee~-4~_^inc~trans~lunch~20~_^inc~trans~  lunch  ~3~_^inc~trans~coffee~4~1700000000000^inc~trans~~0~_|inc,trans,1|
search	inc~food~0.30000000000000004~>abc~_~^exp~~10.5~_~~_^xfer~~0.3~LUNCH~work;food~trip^exp~food~0.3~coffee~work;food~_|=1x|en;trans::自定义:Custom
notes	exp~rent~lunch~8~1700000000000|exp,rent,3|
search	exp~food~-0~straSSe~﻿tag~^exp~~-0~coffee~﻿tag~Trip^exp~zz~100~ΑΣ~_~Trip|>﻿100|en;rent::自定义:Custom
pickacct	a0~1||
archledger	home^trip^work^|home^work^|trip
search	exp~~0.30000000000000004~coffee~_~_^exp~zz~0.3~~work~Trip^exp~trans~10.5~strasse~work;food~_^exp~zz~0.3~_~﻿tag~_^xfer~trans~99.995~lunch~~Trip|肯德基|en;
search	xfer~~0.3~~_~_^xfer~food~1~straSSe~work~^inc~rent~-3~straSSe~﻿tag~Trip^exp~trans~0.3~  spaced  ~_~home^xfer~trans~1e21~coffee~﻿tag~_|=nan|zh;
archacct	a0~_^a1~0^a2~1^a3~1^a4~1|^a1|
notes	exp~zz~coffee~7~0^exp~zz~~-4~_|exp,zz,6|
search	xfer~zz~1~肯德基~~home^xfer~rent~-3~LUNCH~work~^xfer~~0.3~kfc~_~Trip^xfer~~-3~Istanbul~﻿tag~trip|1e+21|zh;
archledger	home^trip^work^|trip|Trip
search	exp~rent~-0~coffee~_~Trip^xfer~rent~99.995~  spaced  ~_~_|kfc|zh;
pickacct	a0~1^a1~1^a2~_^a3~_|^a1|
notes	inc~zz~_~17~_^inc~zz~tea~5~1700000000000^inc~zz~coffee~14~0^inc~zz~coffee~-1~0|inc,zz,1|
notes	inc~trans~~4~1700000000000^inc~trans~  lunch  ~13~1700000000000^inc~trans~﻿coffee~14~_^inc~trans~lunch~7~0|inc,trans,1|
archacct	a0~_^a1~1^a2~0^a3~_^a4~1|^a0|
search	exp~trans~1e21~﻿coffee~﻿tag~trip^exp~zz~-3~coffee_BOM~work~trip|LUNCH|en;
notes	inc~zz~lunch~19~0^inc~zz~tea~-3~1700000000000^inc~zz~~20~_^inc~zz~tea~-2~1700000000000^inc~zz~~13~_^inc~trans~coffee~11~_^_~~coffee~5~1700000000000^inc~zz~lunch~12~1700000000000|inc,zz,6|
archledger	home^trip^work^^Trip|^work|work
notes	inc~trans~~-4~_^inc~food~tea~20~0|inc,trans,0|
archledger	|^work^|
pickledger	home^trip^work^|trip^Trip|work
notes	inc~food~lunch~11~_^_~rent~lunch~13~_^inc~food~~3~_|inc,food,6|
search	xfer~rent~0.30000000000000004~LUNCH~~home^inc~~1e21~kfc~work~home^inc~zz~1~100~work;food~|>100|en;zz::自定义:Custom
pickledger	home^trip^work^||work
search	inc~~0.30000000000000004~lunch~_~home^exp~trans~1~100~work;food~_|1e+21|zh;zz::自定义:Custom
archledger	home|Trip|work
pickacct	a0~0^a1~1||
search	xfer~food~0.3~İstanbul~_~^inc~zz~1e21~肯德基~~home^exp~trans~99.995~LUNCH~﻿tag~trip|trip|zh;
pickledger	home^trip^work^^Trip||Trip
notes	inc~rent~coffee~12~1700000000000^exp~food~coffee~5~_^inc~rent~tea~14~_^inc~rent~coffee~11~0|inc,rent,6|
search	xfer~trans~0.30000000000000004~coffee~﻿tag~trip|coffee|en;
pickacct	a0~1^a1~_|a9^a1|
archacct	a0~1||
pickacct	a0~1^a1~0^a2~1|^a0|
archacct	a0~1^a1~1^a2~_^a3~0^a4~1||
search	exp~trans~0.30000000000000004~_~work;food~_^exp~rent~100~Lunch~_~Trip|>100|en;
pickacct	|a1^a9|
search	exp~~100~kfc~~Trip^xfer~trans~1~_~_~Trip^exp~trans~1e21~Σ~~|1e+21|en;
search	exp~trans~10.5~~~trip^inc~zz~0.30000000000000004~﻿coffee~work;food~home^inc~rent~nan~Lunch~work~trip|> 100|en;
archledger	home^trip^work^|trip^trip|trip
search	inc~zz~0~_~work~Trip^xfer~zz~-3~coffee_BOM~_~_^inc~trans~0~肯德基~work~home^inc~trans~0~LUNCH~work~|=1x|en;
search	inc~trans~-0~coffee~work;food~Trip^exp~rent~99.995~Istanbul~work~_||zh;
search	inc~trans~-3~﻿coffee~﻿tag~trip^exp~~1e21~coffee~work~home|>　100|en;
pickacct	||
search	inc~zz~100~lunch~_~home^xfer~~99.995~Lunch~~_^exp~trans~-0~_~﻿tag~Trip^exp~trans~0~ΑΣ~﻿tag~|coffee|zh;
search	xfer~trans~0~Lunch~﻿tag~Trip^exp~~nan~~﻿tag~trip^inc~zz~1e21~LUNCH~_~^exp~trans~nan~İstanbul~﻿tag~|>100|en;
pickacct	a0~_^a1~1^a2~1^a3~0|a0|
notes	xfer~food~lunch~20~_^xfer~food~coffee~16~1700000000000^xfer~food~  lunch  ~17~0^xfer~food~tea~14~0^xfer~food~  lunch  ~10~1700000000000^inc~zz~lunch~-1~1700000000000^xfer~food~_~6~1700000000000^inc~food~coffee~15~1700000000000|xfer,food,3|
search	exp~~-3~>abc~work;food~trip^exp~food~-0~straSSe~work~|coffee|zh;
search	inc~trans~99.995~coffee~﻿tag~Trip^inc~~1~LUNCH~_~^exp~~10.5~  spaced  ~work;food~home^xfer~zz~0.3~﻿coffee~~trip^exp~zz~0.30000000000000004~_~_~Trip|﻿lunch|zh;
archledger	home^trip|Trip|trip
pickledger	home^trip^work^|home|trip
search	xfer~zz~-3~~work;food~^exp~~0.30000000000000004~Istanbul~work~_^exp~~0.3~Istanbul~work~trip^exp~zz~100~100~work~|肯德基|zh;::自定义:Custom
pickledger	home^trip^work|Trip|work
pickledger	home|Trip^|trip
pickledger	home^trip^work^|^Trip^Trip|
search	inc~~100~İstanbul~_~home^inc~zz~99.995~Lunch~~_^exp~zz~99.995~>abc~~^xfer~zz~99.995~  spaced  ~~_^xfer~rent~1e21~Σ~work;food~Trip|=nan|zh;
search	inc~zz~1e21~Lunch~~_^xfer~rent~99.995~strasse~﻿tag~^exp~trans~0~100~~|> 100|zh;trans::自定义:Custom
notes	inc~zz~~12~1700000000000^inc~zz~lunch~19~1700000000000^inc~zz~tea~-4~_|inc,zz,20|
archledger	home^trip|home^Trip|
pickledger	|work|Trip
notes	inc~~﻿coffee~17~1700000000000^exp~zz~~-5~1700000000000^inc~zz~tea~20~1700000000000^exp~food~_~-1~0^exp~zz~lunch~19~1700000000000^exp~zz~~-2~_^exp~zz~lunch~1~_^exp~zz~lunch~13~0|exp,zz,0|
notes	xfer~trans~coffee~7~_|xfer,trans,0|
search	exp~zz~nan~Istanbul~work~Trip|=100|zh;
notes	inc~trans~﻿coffee~17~0|inc,trans,3|
search	xfer~rent~10.5~LUNCH~﻿tag~Trip^exp~zz~-3~﻿coffee~~_^xfer~food~99.995~LUNCH~work;food~home^inc~trans~0.30000000000000004~~~home^xfer~trans~nan~  spaced  ~~Trip|> 100|zh;
pickledger	home^trip^work|home|work
notes	|inc,food,3|
search	exp~rent~1~ΑΣ~work;food~trip^exp~rent~nan~lunch~﻿tag~_^exp~rent~-3~Istanbul~~_^inc~zz~nan~肯德基~_~home^inc~zz~1~lunch~work;food~|>　100|zh;
search	xfer~rent~99.995~肯德基~_~^xfer~~nan~straSSe~work;food~Trip|>　100|en;
pickledger	home^trip^work^|home^home|home
search	inc~trans~-3~Lunch~work;food~^xfer~rent~10.5~﻿coffee~work~home|lunch_BOM|en;
notes	exp~~  lunch  ~4~_^inc~rent~coffee~6~_^exp~~lunch~-1~1700000000000^_~rent~﻿coffee~15~_^exp~~lunch~19~1700000000000|exp,,1|
search	exp~zz~99.995~İstanbul~work;food~Trip^exp~food~-3~肯德基~~trip^inc~~99.995~~work;food~home^inc~~1~﻿coffee~work;food~trip^xfer~rent~99.995~Lunch~work~|>﻿100|zh;
search	exp~trans~100~~work;food~_^exp~rent~0~肯德基~_~_^exp~zz~1~﻿coffee~work~^inc~zz~-3~100~﻿tag~_|>=100|en;
search	xfer~food~0~coffee~﻿tag~_^inc~~0.30000000000000004~Σ~~^xfer~rent~-3~>abc~work~trip^exp~~99.995~Lunch~work;food~home^exp~zz~99.995~100~work;food~home|>=100|zh;
search	xfer~food~10.5~肯德基~work;food~Trip^xfer~rent~10.5~~work~|﻿|zh;
search	exp~trans~-3~Lunch~~Trip^exp~food~100~coffee_BOM~work~home^inc~trans~-0~coffee~_~trip^inc~rent~0.30000000000000004~肯德基~work~trip|99.995|zh;
notes	exp~food~tea~19~0^exp~food~~-1~_|exp,food,0|
search	inc~trans~nan~Lunch~﻿tag~Trip|lunch|zh;
search	exp~trans~-3~LUNCH~﻿tag~Trip^exp~~99.995~coffee~~home^exp~~-0~İstanbul~_~^xfer~food~10.5~  spaced  ~work;food~|1e+21|zh;
pickledger	home^trip^work^||trip
search	xfer~food~100~肯德基~~_^xfer~~0~Lunch~work~_^inc~trans~1~coffee~~^xfer~~100~ΑΣ~~_^inc~~0.3~coffee~﻿tag~|>﻿100|zh;
search	inc~zz~-0~  spaced  ~_~Trip^exp~trans~10.5~Lunch~﻿tag~trip^inc~zz~0.3~﻿coffee~﻿tag~Trip^exp~rent~1~ΑΣ~~Trip^exp~food~-3~肯德基~work;food~|﻿lunch|zh;
search	inc~~100~lunch~_~trip^xfer~food~99.995~_~_~trip|lunch|en;
pickacct	a0~0^a1~0^a2~_|^a1|
notes	xfer~rent~lunch~4~1700000000000^xfer~rent~coffee~15~0^xfer~rent~lunch~-1~1700000000000^inc~trans~_~-3~_|xfer,rent,6|
search	inc~zz~100~coffee~~trip^exp~rent~1~coffee~~_^exp~trans~nan~~_~Trip|>100abc|en;
archacct	a0~0^a1~1^a2~_^a3~1||
search	xfer~food~-3~>abc~﻿tag~^xfer~~1~>abc~work;food~_^inc~food~10.5~﻿coffee~work~^xfer~~0~coffee_BOM~work;food~_|i̇stanbul|zh;
search	inc~rent~nan~coffee~work;food~home^exp~~-0~_~work~_^exp~rent~1~lunch~_~home^inc~trans~100~_~﻿tag~Trip^exp~zz~10.5~>abc~~_||zh;
search	exp~food~nan~LUNCH~﻿tag~home|>100abc|zh;::自定义:Custom
archacct	a0~_^a1~1|^a9|
pickacct	a0~1^a1~1^a2~1|a0^a1|
search	inc~~1~Lunch~_~_|=1x|en;
search	inc~trans~nan~Lunch~~home^exp~~nan~LUNCH~work~Trip^exp~zz~1e21~coffee_BOM~~Trip|=0.3|en;rent::自定义:Custom
search	inc~trans~10.5~100~work~_^xfer~zz~0~lunch~_~^inc~rent~0.30000000000000004~ΑΣ~work;food~^exp~zz~nan~lunch~_~^exp~food~10.5~Σ~_~home|肯德基|en;
archledger	home^trip||work
search	xfer~food~100~Istanbul~~Trip^exp~trans~-0~Istanbul~_~trip^exp~~99.995~Lunch~_~trip^xfer~trans~10.5~_~_~home|lunch|zh;
pickacct	a0~1^a1~_^a2~_^a3~_^a4~0|a9|
search	xfer~trans~100~lunch~work;food~^inc~zz~100~Istanbul~﻿tag~_^xfer~~-0~  spaced  ~_~Trip^exp~food~1~coffee~work~trip|>-1|en;
archledger	home^trip^work^^Trip|trip^Trip^home|Trip
notes	_~rent~﻿coffee~9~0^exp~trans~lunch~13~_^exp~trans~lunch~8~_^exp~trans~coffee~10~_|exp,trans,20|
archacct	a0~_^a1~0|a0^|
search	exp~food~1e21~Istanbul~﻿tag~home^exp~rent~-0~İstanbul~_~home|=1x|en;trans::自定义:Custom
archacct	a0~0||
pickledger	||
archacct	a0~_|a1|
search	inc~trans~1~straSSe~_~_|>abc|zh;
search	xfer~zz~100~LUNCH~work~_^xfer~~100~coffee_BOM~~Trip^exp~zz~99.995~_~~home|kfc|en;food::自定义:Custom
notes	inc~rent~coffee~9~_|inc,rent,3|
search	exp~food~0.30000000000000004~>abc~_~Trip^xfer~trans~0.3~lunch~﻿tag~_|=nan|zh;
pickacct	a0~0^a1~0||
search	inc~trans~nan~  spaced  ~_~^exp~rent~nan~  spaced  ~work;food~home^inc~food~99.995~kfc~work;food~Trip|=0.30000000000000004|zh;
pickacct	a0~_^a1~0^a2~1|a1|
search	inc~rent~1~LUNCH~work~Trip^xfer~food~0.30000000000000004~coffee~work~home|=0.3|en;
search	inc~~100~coffee_BOM~~trip|>0.3|zh;
pickacct	||
archacct	a0~0^a1~1^a2~1^a3~0^a4~0||
archledger	||work
search	inc~food~-3~~_~home^xfer~rent~10.5~LUNCH~~home|LUNCH|zh;trans::自定义:Custom
notes	|xfer,zz,3|
search	exp~rent~100~Lunch~_~Trip|10.5|en;::自定义:Custom
search	exp~zz~-3~coffee~work;food~home^xfer~rent~-3~>abc~~^inc~trans~10.5~İstanbul~work;food~home^exp~trans~0.30000000000000004~lunch~work;food~Trip|coffee|zh;
notes	xfer~zz~  lunch  ~3~1700000000000^xfer~zz~lunch~9~0^exp~food~coffee~-1~_^xfer~zz~lunch~1~_^xfer~zz~tea~0~_|xfer,zz,20|
archledger	home|^work^|
notes	exp~zz~﻿coffee~5~1700000000000^inc~~lunch~20~1700000000000^inc~~_~-5~_^inc~~coffee~6~_^inc~~~3~_|inc,,0|
notes	xfer~trans~lunch~-2~1700000000000|exp,trans,3|
search	inc~trans~-0~Lunch~~home^inc~~99.995~Istanbul~work~^exp~zz~-0~ΑΣ~work;food~trip^xfer~trans~0~coffee~_~|strasse|en;
pickacct	a0~1^a1~_^a2~0^a3~1|a9^a9|
search	inc~zz~-0~肯德基~work~_^inc~food~1e21~strasse~_~^xfer~rent~nan~coffee_BOM~﻿tag~Trip^exp~zz~-3~_~work;food~trip^exp~food~10.5~100~work~trip|work|en;
notes	exp~~coffee~10~1700000000000|exp,,3|
archacct	a0~_^a1~0^a2~1^a3~_^a4~0|a0|
pickacct	a0~_|a9^a0|
notes	xfer~food~  lunch  ~6~_^inc~rent~lunch~16~0^xfer~food~_~13~_^_~trans~tea~-4~0^xfer~food~_~-5~0^xfer~~tea~1~1700000000000^xfer~food~lunch~15~_|xfer,food,1|
notes	|inc,food,20|
pickledger	home^trip^work^||trip
pickacct	a0~_^a1~1^a2~_^a3~0|a0|
archledger	|^work^work|
archacct	a0~0^a1~1^a2~_^a3~1^a4~1|a1|
pickledger	home|home^trip^home|Trip
pickacct	a0~0^a1~0^a2~1||
search	inc~zz~1~İstanbul~work;food~^inc~rent~0.30000000000000004~coffee~work;food~^exp~rent~1e21~strasse~﻿tag~|=100|zh;
pickledger	home^trip^work|home^Trip|work
notes	xfer~rent~~7~0|xfer,rent,6|
search	exp~food~0.30000000000000004~strasse~﻿tag~_^inc~food~-3~strasse~work~|trip|en;
archledger	home^trip^work^|Trip|
pickacct	a0~1^a1~1^a2~1^a3~_^a4~0||
archledger	home^trip|trip|trip
pickledger	home^trip^work^|work|
archledger	home^trip^work^^Trip|work|work
archacct	|a9^a0|
notes	xfer~~  lunch  ~5~0^xfer~~﻿coffee~12~_^xfer~~  lunch  ~10~0^xfer~~coffee~17~_^xfer~~_~0~_^xfer~~_~-1~_^_~~tea~12~_|xfer,,1|
notes	exp~trans~~4~_^exp~trans~  lunch  ~12~1700000000000^exp~trans~tea~14~1700000000000^exp~zz~tea~17~_^exp~trans~coffee~-2~0^exp~trans~lunch~-2~0^exp~rent~lunch~-4~_^inc~~lunch~-1~_|exp,trans,3|
archledger	home|home^trip|Trip
pickacct	a0~0^a1~0||
search	inc~food~100~>abc~work;food~trip||zh;
archacct	a0~1^a1~1^a2~1^a3~0||
search	inc~rent~10.5~_~work;food~home^exp~rent~99.995~Lunch~work;food~_^inc~food~1~coffee~﻿tag~trip^xfer~zz~100~kfc~_~home|<=100|en;
pickacct	a0~_^a1~0^a2~_^a3~_^a4~_||
archacct	a0~_^a1~0|a0|
archledger	home^trip^work^|trip^^trip|trip
notes	|exp,rent,1|
search	exp~rent~0~coffee~work~Trip^exp~zz~0~LUNCH~﻿tag~_^exp~rent~nan~lunch~_~_^exp~~100~100~work;food~Trip^exp~food~100~~_~trip|>=100|zh;
archledger	||work
pickledger	home|Trip^home^|trip
pickacct	a0~1^a1~0^a2~1^a3~1||
search	exp~rent~nan~lunch~work~Trip|>100|zh;
search	xfer~rent~10.5~肯德基~work;food~trip^exp~~0.30000000000000004~coffee~work~Trip^exp~~0.3~Σ~~Trip^xfer~food~0~strasse~_~home|>100abc|en;
archledger	home^trip|^home|work
pickledger	home^trip^work^||
search	inc~~100~Lunch~_~|lunch_BOM|zh;
pickacct	a0~1^a1~0|a9|
notes	_~rent~  lunch  ~13~_|inc,zz,0|
notes	exp~food~coffee~5~_^inc~trans~~1~1700000000000^exp~food~_~-2~0^exp~food~_~-4~1700000000000^inc~food~coffee~5~1700000000000^exp~food~~15~0^_~~~7~_^exp~food~tea~-2~0|exp,food,20|
pickledger	home|home^^home|Trip
archledger	home^trip||work
search	inc~~10.5~﻿coffee~~home^exp~trans~100~strasse~~trip|1e+21|zh;
archledger	home^trip^work|Trip|home
search	exp~zz~1~İstanbul~work;food~home|<100|en;zz::自定义:Custom
archledger	|Trip^^|home
search	exp~zz~0.3~  spaced  ~work~Trip^inc~rent~100~Lunch~~_^xfer~~100~~_~trip^exp~trans~1e21~coffee_BOM~work;food~_^inc~zz~99.995~lunch~work~Trip|>-1|zh;
search	exp~~0.3~_~﻿tag~^exp~zz~100~coffee~﻿tag~Trip^exp~trans~-0~100~work~home^exp~zz~-0~100~work;food~^xfer~trans~-3~肯德基~_~| |zh;
search	exp~trans~0.3~Σ~_~trip|=0.30000000000000004|zh;
search	exp~~1~coffee~﻿tag~Trip^xfer~zz~10.5~lunch~~^xfer~zz~0.30000000000000004~coffee~work;food~Trip| |en;
notes	exp~zz~﻿coffee~17~_^exp~zz~tea~-4~1700000000000^inc~food~tea~13~_^exp~zz~lunch~-1~_|exp,zz,6|
notes	xfer~rent~  lunch  ~20~_^xfer~rent~lunch~5~_^xfer~rent~coffee~-5~0^xfer~rent~lunch~5~_^xfer~rent~﻿coffee~18~_^xfer~rent~lunch~2~0|xfer,rent,1|
pickacct	a0~_^a1~0^a2~_^a3~0^a4~1||
archledger	home^trip|Trip^home|trip
notes	xfer~food~coffee~6~_^inc~~coffee~5~_^inc~~lunch~6~_^inc~~lunch~1~1700000000000^inc~~lunch~7~1700000000000^inc~~lunch~14~1700000000000|inc,,3|
search	exp~trans~-0~肯德基~_~|100|zh;
pickacct	a0~1^a1~1^a2~0||
notes	|inc,trans,0|
search	exp~food~-0~coffee~work~Trip^exp~trans~1~straSSe~work~Trip|﻿lunch|zh;rent::自定义:Custom
search	xfer~~-3~Σ~work;food~_^xfer~~0~Σ~work~^exp~trans~99.995~coffee~﻿tag~trip^xfer~food~100~strasse~work;food~Trip^xfer~rent~99.995~coffee_BOM~_~Trip|> 100 x|zh;
archledger	home^trip||
archledger	home^trip^work^^Trip|^work|home
search	exp~food~0.30000000000000004~coffee~_~_^exp~rent~1~strasse~﻿tag~trip|> 100|zh;
search	exp~food~1~coffee~work;food~Trip|>100|en;
notes	xfer~zz~lunch~9~_^xfer~zz~coffee~13~0^xfer~zz~coffee~1~_^xfer~zz~tea~19~1700000000000^xfer~zz~lunch~11~0^exp~~_~6~_^xfer~zz~coffee~1~_^inc~trans~tea~13~_|xfer,zz,6|
pickledger	home^trip^work^^Trip|trip^home|Trip
pickacct	a0~0||
notes	_~rent~coffee~20~1700000000000^inc~~_~5~1700000000000^xfer~food~_~-2~_|inc,,6|
archacct	a0~_^a1~0^a2~_^a3~1|a9|
search	inc~rent~0.30000000000000004~  spaced  ~_~home^inc~~0.3~kfc~work;food~^exp~~100~straSSe~~home||zh;rent::自定义:Custom
search	xfer~trans~0.30000000000000004~_~work;food~Trip^exp~~-0~LUNCH~_~Trip^inc~~-0~肯德基~~_|> 100 x|en;
notes	xfer~rent~coffee~-2~_^xfer~rent~﻿coffee~0~0^xfer~rent~  lunch  ~-1~0^xfer~rent~lunch~4~_^exp~zz~  lunch  ~15~_^xfer~rent~_~0~1700000000000^xfer~rent~lunch~6~_^xfer~rent~tea~4~1700000000000|xfer,rent,1|
search	exp~zz~0.3~Lunch~﻿tag~_|1e+21|zh;
notes	exp~food~  lunch  ~7~_|exp,food,6|
notes	exp~food~~0~1700000000000^_~zz~lunch~6~_^exp~food~﻿coffee~4~_^exp~food~coffee~3~1700000000000|exp,food,1|
search	exp~food~1~﻿coffee~_~_|=0.30000000000000004|zh;
search	exp~food~0.30000000000000004~coffee~~trip|=100|zh;
archledger	home^trip^work||trip
notes	xfer~~~10~_^_~rent~lunch~18~_^xfer~food~~7~_^xfer~~lunch~19~0|xfer,,3|
search	exp~zz~nan~Σ~﻿tag~home|coffee|zh;
pickledger	home^trip|Trip^^Trip|work
archledger	|work^trip^work|work
search	exp~~-3~_~~Trip^inc~zz~99.995~﻿coffee~work~^exp~rent~-3~Lunch~work;food~^xfer~rent~0~ΑΣ~_~trip^exp~trans~99.995~strasse~_~home|LUNCH|en;
archledger	home^trip^work^^Trip||trip
archledger	home^trip^work^^Trip|Trip^home|trip
notes	|xfer,,0|
archacct	a0~0^a1~0^a2~0^a3~_^a4~_|a0|
archledger	home^trip^work^|Trip^Trip|home
search	inc~rent~1e21~ΑΣ~work;food~^exp~trans~0~100~_~trip^exp~trans~0.3~coffee~_~^xfer~food~0.30000000000000004~Σ~work;food~_^inc~~99.995~İstanbul~_~home|=100|zh;
pickledger	home^trip^work^^Trip|work|trip
pickacct	||
notes	exp~~﻿coffee~-5~0^exp~rent~lunch~6~_|exp,rent,0|
pickacct	a0~0^a1~0^a2~_^a3~0||
notes	inc~trans~_~20~1700000000000|inc,trans,0|
pickledger	home^trip|Trip^Trip|Trip
pickacct	a0~_^a1~1^a2~1|a1|
notes	inc~~~4~_^inc~~~11~_^exp~~_~19~_^inc~~  lunch  ~18~_|inc,,1|
archledger	home^trip^work^|work^Trip^work|work
search	xfer~zz~0.3~>abc~~^inc~zz~99.995~İstanbul~work~home|> 100|en;
search	xfer~~99.995~~work~_^xfer~food~0.30000000000000004~LUNCH~~|lunch|zh;
search	xfer~zz~0~Lunch~work;food~_^inc~rent~100~ΑΣ~_~Trip|coffee|zh;
archledger	home^trip^work^|Trip^trip^home|home
notes	inc~rent~lunch~4~_^inc~rent~coffee~6~1700000000000^exp~food~﻿coffee~5~_^inc~rent~coffee~0~_^inc~rent~lunch~17~_^exp~food~~-2~_^inc~rent~lunch~8~_^inc~rent~coffee~1~_|inc,rent,3|
search	xfer~food~nan~_~work~_^inc~food~1~straSSe~work;food~trip^exp~~0.30000000000000004~Lunch~_~trip|strasse|zh;
pickacct	|a0|
notes	xfer~rent~  lunch  ~-3~_^inc~zz~tea~11~0|inc,zz,1|
pickledger	home^trip^work^||work
search	exp~food~-3~kfc~work~home^xfer~food~100~Σ~~home^exp~trans~1e21~strasse~work;food~|strasse|en;::自定义:Custom
pickledger	|Trip|
notes	inc~zz~﻿coffee~10~_^inc~zz~coffee~6~_^inc~zz~lunch~20~_^inc~zz~tea~13~_^inc~zz~  lunch  ~19~_|inc,zz,6|
archacct	a0~1^a1~1|a1|
search	exp~zz~-0~coffee~_~_|i̇stanbul|zh;
notes	xfer~~tea~20~_^exp~zz~_~-1~0^exp~rent~~5~0^exp~rent~lunch~1~0^exp~rent~﻿coffee~19~0^inc~trans~﻿coffee~-5~0|exp,rent,20|
pickledger	home^trip^work|home|work
pickacct	a0~_^a1~1^a2~0^a3~1|a9^a0|
search	exp~rent~0.3~  spaced  ~_~_^exp~~-0~LUNCH~work;food~trip^inc~zz~0.30000000000000004~﻿coffee~work~home|> 100|en;rent::自定义:Custom
pickacct	a0~0||
archacct	a0~_^a1~0^a2~_|a1|
notes	exp~trans~lunch~18~_^exp~rent~_~11~_^exp~~lunch~11~_^exp~trans~lunch~10~_^exp~trans~﻿coffee~5~_^exp~trans~~0~0^exp~trans~  lunch  ~11~_^inc~food~~10~_|exp,trans,3|
search	xfer~food~0~kfc~work~_^exp~trans~99.995~100~~_^inc~rent~-3~coffee~﻿tag~Trip|=0.3|en;
notes	|exp,,1|
archacct	a0~0^a1~1^a2~0||
pickacct	a0~0^a1~0||
archledger	home^trip^work^^Trip|trip|work
pickledger	home^trip^work^||home
pickledger	home^trip^work||work
notes	exp~rent~﻿coffee~-1~_|exp,rent,0|
search	inc~rent~99.995~İstanbul~work~Trip^exp~~10.5~Σ~work~_|lunch|en;
pickacct	a0~0^a1~1^a2~0^a3~0^a4~0|a9|
archacct	a0~1|a9|
search	exp~zz~nan~coffee~~trip^exp~zz~0.3~coffee~_~Trip^inc~~0.30000000000000004~100~﻿tag~home|﻿|en;
archacct	a0~_^a1~1^a2~_^a3~_|a0^a9|
search	exp~rent~-3~100~_~_^inc~rent~1e21~>abc~work~trip^exp~food~100~_~_~^exp~trans~100~LUNCH~~Trip|=100|en;zz::自定义:Custom
notes	_~trans~  lunch  ~10~1700000000000|xfer,trans,6|
search	xfer~zz~1e21~strasse~~^exp~zz~nan~ΑΣ~﻿tag~_|>=100|zh;
pickacct	||
pickledger	home^trip^work^|Trip|work
notes	inc~~tea~0~_^_~food~lunch~10~_|inc,,0|
notes	|inc,food,0|
search	exp~trans~0~strasse~work;food~trip^xfer~food~1e21~İstanbul~_~Trip|>=|zh;
search	exp~trans~100~kfc~﻿tag~trip^exp~~nan~Σ~_~^xfer~~0.3~  spaced  ~~trip^exp~trans~0~straSSe~work~_|kfc|zh;
pickacct	|a1|
search	exp~trans~100~lunch~﻿tag~trip^exp~zz~1~Σ~work;food~^exp~trans~-0~肯德基~_~trip^xfer~~0~100~﻿tag~trip|> 100|zh;
notes	exp~zz~  lunch  ~-1~1700000000000^exp~zz~~0~_^exp~zz~coffee~12~0^exp~zz~lunch~1~_^exp~zz~~4~_^exp~zz~_~4~_^inc~~~3~1700000000000^exp~zz~  lunch  ~3~0|exp,zz,20|
notes	inc~trans~~12~0^_~food~lunch~4~_^inc~trans~﻿coffee~5~_^exp~~~3~_^inc~trans~tea~5~_^xfer~trans~tea~5~0^inc~trans~lunch~4~1700000000000^inc~trans~coffee~-1~0|inc,trans,20|
pickacct	a0~1||
notes	inc~rent~~6~_^exp~~tea~-2~0^inc~~coffee~10~1700000000000^inc~rent~tea~11~0^inc~rent~~20~_|inc,rent,20|
pickledger	home^trip^work^||Trip
pickledger	home^trip^work^||Trip
archledger	home^trip^work^||trip
pickacct	a0~1||
notes	exp~food~coffee~-2~1700000000000^exp~food~_~8~0^exp~food~tea~7~1700000000000^inc~trans~  lunch  ~5~0|exp,food,20|
archacct	a0~0||
pickledger	home^trip^work^|Trip^work|
search	exp~food~1~coffee_BOM~~trip^exp~zz~99.995~﻿coffee~_~_^xfer~zz~100~肯德基~~home^exp~rent~0.30000000000000004~ΑΣ~﻿tag~|>abc|en;
search	exp~trans~10.5~coffee~work~trip|Ας|en;zz::自定义:Custom
pickledger	home^trip^work|home^trip^home|Trip
pickledger	|^^|trip
pickledger	|work^home^Trip|Trip
archledger	home^trip^work^|home^work|trip
search	exp~zz~0~Lunch~work;food~Trip^exp~trans~0.30000000000000004~kfc~﻿tag~home^exp~~-0~Lunch~~||en;
pickacct	a0~1^a1~1^a2~_^a3~1||
pickacct	a0~0^a1~_||
archledger	|work^|Trip
pickledger	home^trip^work|Trip|
archledger	||trip
notes	exp~zz~_~-4~_^inc~trans~﻿coffee~17~_^exp~zz~﻿coffee~4~1700000000000^exp~zz~coffee~1~0|exp,zz,1|
archacct	a0~0^a1~_^a2~1||
pickacct	a0~_^a1~1^a2~_^a3~0||
search	inc~rent~0.30000000000000004~100~work;food~^exp~rent~1e21~coffee~﻿tag~trip|> 100|en;
search	exp~food~0.3~Σ~_~trip|trip|en;rent::自定义:Custom
pickledger	home^trip^work||Trip
notes	xfer~zz~~15~0^xfer~zz~lunch~20~1700000000000^xfer~zz~  lunch  ~18~1700000000000^xfer~zz~~-1~1700000000000^xfer~zz~_~8~1700000000000^_~rent~tea~-2~0|xfer,zz,6|
search	exp~zz~99.995~kfc~_~Trip^exp~rent~nan~lunch~_~trip^exp~rent~0~_~work;food~home^xfer~zz~nan~lunch~work~home^exp~zz~0.30000000000000004~coffee~work~trip|>0.3|zh;
search	xfer~trans~-0~Lunch~﻿tag~_|>abc|zh;
search	inc~food~10.5~strasse~_~home^exp~rent~-3~coffee~﻿tag~trip^xfer~~0.30000000000000004~strasse~﻿tag~|food|en;
search	xfer~~nan~İstanbul~﻿tag~Trip^exp~trans~100~straSSe~﻿tag~^exp~rent~-0~﻿coffee~work;food~_|99.995|zh;
archledger	home^trip||trip
notes	exp~zz~coffee~19~_^exp~zz~﻿coffee~9~1700000000000^exp~zz~coffee~-1~0^exp~zz~﻿coffee~-1~1700000000000^exp~zz~lunch~12~0|exp,zz,1|
archacct	a0~1^a1~1^a2~1|a1|
search	inc~~0.3~İstanbul~﻿tag~_^xfer~food~1~100~work~home^xfer~rent~100~kfc~work~trip^exp~food~99.995~lunch~_~_| |zh;
notes	|inc,trans,0|
search	exp~food~0.3~Σ~﻿tag~Trip^exp~rent~0.3~İstanbul~work;food~Trip|>100|zh;
search	exp~food~0~LUNCH~~home|=0.30000000000000004|zh;
search	inc~rent~1e21~>abc~﻿tag~trip^exp~trans~0.3~>abc~_~Trip^xfer~food~0.3~coffee~﻿tag~_|=1x|en;zz::自定义:Custom
pickledger	|trip|
notes	inc~zz~~8~_^inc~zz~coffee~0~1700000000000^inc~zz~coffee~18~_^inc~zz~_~8~_^inc~zz~coffee~15~0^inc~trans~coffee~14~0^xfer~rent~lunch~13~0|inc,zz,20|
search	xfer~rent~1e21~﻿coffee~~_^exp~food~-3~LUNCH~work~trip^exp~~10.5~Σ~_~_^exp~~nan~~work~|﻿|zh;
notes	inc~~  lunch  ~7~0^inc~~lunch~20~_^xfer~zz~coffee~-3~_^inc~~coffee~14~1700000000000^inc~~  lunch  ~-1~1700000000000^inc~~~12~_^inc~~coffee~7~_|inc,,20|
pickacct	a0~1^a1~_||
notes	exp~food~lunch~11~0^inc~rent~lunch~9~1700000000000|exp,food,3|
search	exp~trans~-3~﻿coffee~_~_|strasse|zh;
search	exp~rent~99.995~straSSe~_~_^exp~trans~100~İstanbul~~home^inc~rent~-0~coffee_BOM~﻿tag~Trip|>=100|zh;
search	exp~rent~10.5~_~﻿tag~^inc~~1e21~straSSe~work;food~_||zh;
search	inc~trans~nan~100~work~Trip|100|zh;rent::自定义:Custom
archacct	a0~1||
search	inc~zz~1~coffee_BOM~~home|>0.3|en;::自定义:Custom
pickledger	home^trip^work^^Trip||trip
pickledger	home|trip|Trip
pickledger	home^trip^work^||Trip
archacct	||
notes	xfer~food~tea~-4~_^xfer~food~tea~6~_^xfer~food~coffee~9~_^xfer~food~_~14~1700000000000^xfer~food~coffee~3~_^_~rent~coffee~5~_^xfer~food~coffee~14~0|xfer,food,1|
pickacct	a0~1|a9^a1|
notes	inc~food~~-5~_^inc~rent~lunch~16~_^xfer~food~﻿coffee~8~0|inc,rent,1|
search	exp~~nan~coffee~work;food~Trip|>100abc|zh;
pickacct	a0~0||
archledger	home^trip^work|Trip^trip|trip
search	exp~food~-3~肯德基~work~_|work|en;
pickledger	home^trip|trip^trip|home
search	xfer~trans~-3~coffee~work;food~home^xfer~~1e21~>abc~_~Trip^xfer~~-3~ΑΣ~﻿tag~Trip^inc~zz~0.30000000000000004~100~_~trip|肯德基|en;
pickacct	a0~0^a1~_^a2~0^a3~0||
pickacct	a0~0^a1~1^a2~_^a3~0^a4~_||
pickledger	home|work^|work
notes	exp~~  lunch  ~5~_^exp~~_~15~1700000000000^exp~rent~~4~_^exp~~lunch~3~1700000000000^exp~~_~6~1700000000000^exp~~  lunch  ~3~_^exp~~﻿coffee~14~0|exp,,1|
pickacct	a0~1||
pickacct	a0~_^a1~0|a0^a1|
notes	inc~rent~coffee~-2~_^_~~tea~14~_^inc~rent~  lunch  ~3~_|inc,rent,20|
archacct	a0~1^a1~0^a2~_^a3~1|a9^|
pickledger	home^trip^work^||Trip
archacct	a0~1^a1~_^a2~1^a3~_|a1^a0|
pickacct	a0~1^a1~0^a2~1^a3~_||
notes	|inc,rent,1|
search	xfer~food~-3~>abc~﻿tag~_^exp~food~99.995~lunch~work;food~home|﻿|zh;
search	inc~rent~1~coffee_BOM~work~_^exp~zz~-3~İstanbul~work;food~trip^exp~food~99.995~100~work~Trip^exp~food~nan~kfc~﻿tag~Trip^inc~~0~_~work~|<=100|en;
notes	xfer~food~lunch~9~_^xfer~food~﻿coffee~-3~0|xfer,food,6|
archledger	home||work
archledger	home|^trip^work|home
pickacct	||
pickledger	home^trip|Trip^work|home
archledger	home^trip^work|trip|trip
search	inc~zz~0~kfc~﻿tag~_|>=100|zh;::自定义:Custom
search	inc~trans~1e21~100~work;food~^exp~food~10.5~straSSe~~trip|> 100|en;
notes	inc~zz~lunch~8~_^_~food~~1~_^inc~rent~﻿coffee~3~0^inc~food~  lunch  ~-1~_^inc~food~lunch~14~_|inc,food,1|
archacct	a0~1^a1~_^a2~0^a3~1|^a9|
notes	inc~food~tea~13~_^inc~food~  lunch  ~2~_^inc~food~﻿coffee~2~_^xfer~zz~~4~1700000000000^xfer~zz~﻿coffee~15~_^inc~food~coffee~3~_^inc~food~  lunch  ~4~_|inc,food,3|
pickacct	a0~1|a1^a0|
pickacct	|a1|
pickledger	home^trip^work^|home^^|trip
search	exp~~-0~_~work~trip^exp~trans~0.30000000000000004~coffee~work~trip^exp~~100~>abc~work~_|> 100 x|zh;rent::自定义:Custom
search	inc~trans~0.3~lunch~﻿tag~^xfer~rent~10.5~_~work;food~trip|=1x|en;food::自定义:Custom
pickledger	home^trip^work^|Trip^work|trip
search	inc~~1~  spaced  ~﻿tag~_^inc~trans~10.5~~work~|lunch|zh;
archacct	|a9|
archledger	home||home
pickacct	a0~_^a1~_^a2~_^a3~_|a0|
notes	exp~food~tea~4~1700000000000^exp~trans~tea~6~1700000000000^exp~trans~~-4~_^exp~trans~~12~0^exp~trans~_~13~_^exp~trans~lunch~19~_^inc~rent~~7~_|exp,trans,1|
notes	exp~rent~~11~0^exp~rent~tea~1~_^exp~rent~_~10~1700000000000|exp,rent,3|
notes	exp~zz~_~-3~_^exp~zz~﻿coffee~19~1700000000000^exp~zz~tea~8~0^exp~zz~lunch~19~_^exp~zz~  lunch  ~1~0^exp~zz~lunch~15~_^_~rent~﻿coffee~-3~_|exp,zz,6|
archledger	home^trip^work^||work
search	exp~trans~10.5~coffee_BOM~_~trip|>-1|zh;
archledger	home^trip^work^|work|work
pickacct	a0~0^a1~1^a2~0|a1^a0|
notes	inc~trans~lunch~9~0^inc~trans~﻿coffee~15~0^inc~trans~coffee~13~_^inc~trans~lunch~16~_^inc~trans~lunch~-4~_^_~food~coffee~16~_^exp~~coffee~13~_|inc,trans,3|
search	inc~zz~nan~straSSe~_~_|coffee|en;food::自定义:Custom
search	inc~trans~0.30000000000000004~100~work~Trip^xfer~~nan~strasse~~home|=1x|zh;
search	inc~~10.5~kfc~work~|>100|en;
pickacct	|a1|
search	exp~food~-3~肯德基~﻿tag~home^exp~zz~99.995~Istanbul~~Trip^exp~food~100~lunch~﻿tag~trip^exp~rent~10.5~İstanbul~_~|> 100|zh;rent::自定义:Custom
search	exp~~1~~work;food~Trip^xfer~zz~1e21~strasse~work;food~Trip^exp~trans~-3~~work;food~trip^exp~food~nan~İstanbul~﻿tag~Trip|>　100|en;
archledger	home^trip|work^^|
pickacct	|a9^a9|
search	exp~food~0.30000000000000004~Istanbul~_~_^exp~rent~100~  spaced  ~~^exp~food~1~coffee~work~^inc~trans~-3~  spaced  ~work;food~trip|Ας|en;zz::自定义:Custom
notes	xfer~rent~﻿coffee~4~0^xfer~zz~coffee~6~_^xfer~zz~~17~1700000000000^xfer~zz~tea~-3~1700000000000^xfer~zz~coffee~14~1700000000000|xfer,zz,1|
search	inc~~0.3~coffee~~^inc~rent~0~100~~^exp~rent~0.3~>abc~work~_^xfer~food~10.5~coffee_BOM~work;food~_^exp~~1e21~~_~home|﻿|en;
notes	inc~zz~lunch~9~1700000000000^exp~trans~lunch~14~0^exp~trans~lunch~10~0^exp~trans~tea~15~1700000000000^exp~trans~lunch~-2~1700000000000^_~zz~  lunch  ~7~_|exp,trans,20|
search	xfer~zz~nan~Istanbul~~Trip|> 100|zh;food::自定义:Custom
search	xfer~food~1e21~coffee_BOM~_~trip|lunch|zh;
notes	xfer~trans~lunch~8~_^_~trans~tea~3~_^xfer~trans~coffee~8~0^_~zz~~-2~_^xfer~rent~coffee~12~_^xfer~trans~~-2~1700000000000^xfer~trans~coffee~19~_^exp~rent~coffee~1~_|xfer,trans,0|
pickacct	a0~1^a1~_^a2~0^a3~0|a0^a9|
archledger	home^trip^work^^Trip|home^trip|trip
search	xfer~~100~kfc~work~^xfer~rent~99.995~Istanbul~work;food~Trip^xfer~~-0~Σ~﻿tag~trip|> 100 x|en;
notes	xfer~~_~3~1700000000000^inc~trans~lunch~17~0^inc~rent~~5~1700000000000^inc~trans~~9~0^inc~trans~coffee~-1~0|inc,trans,3|
notes	xfer~rent~~2~_^exp~~﻿coffee~12~1700000000000^xfer~rent~coffee~18~1700000000000^xfer~rent~lunch~-4~_|xfer,rent,1|
notes	exp~zz~lunch~13~_^exp~zz~coffee~17~1700000000000^exp~zz~tea~-2~0^exp~trans~﻿coffee~3~_^exp~zz~﻿coffee~19~0|exp,zz,1|
notes	inc~food~tea~4~1700000000000|inc,food,0|
archacct	a0~1^a1~_^a2~1^a3~0|a9^a9|
search	exp~~100~  spaced  ~_~_^xfer~trans~1e21~Σ~﻿tag~_^exp~~100~straSSe~﻿tag~_|>100|zh;
search	xfer~food~0~coffee_BOM~_~home|>100abc|zh;
search	xfer~~0.3~straSSe~work~|>=100|en;
archacct	||
archledger	home^trip^work|Trip|home
search	inc~~1~~~Trip^inc~trans~-0~  spaced  ~~_^exp~trans~100~Istanbul~work~trip^exp~trans~1e21~>abc~work~home^exp~trans~10.5~coffee_BOM~_~Trip| |en;
pickledger	home^trip||trip
search	exp~food~1~Lunch~_~trip^exp~trans~nan~lunch~work;food~_^exp~food~-3~İstanbul~work;food~home^xfer~zz~nan~~_~home^exp~food~1e21~kfc~~Trip|>0.3|en;
search	xfer~food~10.5~﻿coffee~_~Trip^inc~rent~10.5~_~﻿tag~trip^exp~rent~-0~LUNCH~work;food~|work|en;food::自定义:Custom
notes	exp~zz~_~17~_|exp,rent,1|
search	xfer~rent~0~肯德基~work~^exp~zz~99.995~strasse~work~_|=100|en;
notes	exp~rent~lunch~2~_^exp~rent~coffee~2~1700000000000^exp~rent~  lunch  ~12~_^exp~rent~coffee~9~_^exp~rent~lunch~-4~0^exp~rent~coffee~1~_^exp~rent~lunch~7~1700000000000|exp,rent,6|
search	xfer~~-3~  spaced  ~work~^exp~trans~99.995~  spaced  ~_~_|> 100|en;
search	exp~food~0.30000000000000004~  spaced  ~work;food~^xfer~zz~1e21~ΑΣ~﻿tag~_^xfer~zz~nan~100~work;food~_^inc~zz~0.30000000000000004~﻿coffee~_~Trip|100|zh;
search	inc~rent~1~İstanbul~work;food~|>　100|en;
notes	_~~~14~_^inc~trans~tea~2~_|inc,trans,0|
notes	xfer~trans~﻿coffee~-4~1700000000000^xfer~trans~  lunch  ~-3~1700000000000^inc~trans~coffee~16~0^xfer~trans~coffee~-5~_^xfer~trans~coffee~0~_|xfer,trans,3|
pickledger	home^trip||work
pickledger	home|trip|
pickledger	home^trip^work|home^home^|work
pickacct	a0~0||
search	inc~zz~1~Istanbul~work~Trip|coffee|en;
search	inc~food~0~Lunch~work~home|>-1|en;food::自定义:Custom
archledger	home^trip^work^^Trip|home^work^work|home
pickacct	a0~_^a1~0^a2~1|a9^|
search	exp~food~100~_~_~_|﻿|en;
search	exp~food~100~_~_~_||en;
search	exp~food~100~_~_~_|>﻿99|en;
search	exp~food~100~_~_~_|>99|en;
search	exp~food~100~_~_~_|> 99|en;
search	exp~food~nan~_~_~_|>0|en;
search	exp~food~nan~_~_~_|=nan|en;
search	exp~food~1~İstanbul~_~_|i̇stanbul|en;
search	exp~food~1~ΑΣ~_~_|Ας|en;
search	exp~food~1~straSSe~_~_|strasse|en;
notes	exp~food~coffee~1~_^exp~food~﻿coffee~2~_^exp~food~tea~3~_|exp,food,6|
notes	exp~food~  ~1~_^exp~food~﻿~2~_^exp~food~real~3~_|exp,food,6|
notes	exp~food~a~1~0^exp~food~b~2~1700000000000|exp,food,6|
notes	exp~food~x~5~_^exp~food~y~5~_|exp,food,6|
notes	exp~food~a~1~_^exp~food~b~2~_^exp~food~a~9~_^exp~food~b~3~_|exp,food,6|
notes	exp~food~a~9~_^exp~food~a~1~_^exp~food~b~5~_^exp~food~b~4~_|exp,food,6|
pickacct	a0~1^a1~_||
pickacct	a0~1^a1~_|a0|
pickacct	~1^a1~_||
pickacct	~1^a1~_|^a1|
pickacct	~1^a1~_|^|
archacct	~1^a1~0^a2~_||
search	exp~food~1~Court~_~_|food court|en;
search	exp~food~1~Court~_~_|foodcourt|en;
pickledger	^home||
pickledger	^home||
archledger	^home||
