cat	exp~food~10~0~12^exp~trans~30~0~12^exp~food~5~0~12^inc~salary~900~0~12|exp
cat	exp~food~10~0~12^exp~trans~30~0~12^exp~food~5~0~12^inc~salary~900~0~12|inc
cat	exp~food~10~0~12^exp~trans~30~0~12^exp~food~5~0~12^inc~salary~900~0~12|xfer
cat	exp~food~10~0~12^exp~trans~30~0~12^exp~food~5~0~12^inc~salary~900~0~12|_
cat	exp~b~10~0~12^exp~a~10~0~12^exp~c~10~0~12|exp
cat	exp~c~10~0~12^exp~b~10~0~12^exp~a~10~0~12|exp
cat	exp~a~10~0~12^exp~b~20~0~12^exp~c~10~0~12|exp
cat	exp~a~0~0~12^exp~b~0~0~12|exp
cat	exp~d~10~0~12^exp~a~10~0~12|exp
cat	exp~a~10~0~12^exp~d~10~0~12|exp
cat	exp~d~10~0~12^exp~a~10~0~12|exp
cat	exp~d~20~0~12^exp~a~10~0~12|exp
cat	exp~d~5~0~12^exp~a~10~0~12^exp~d~5~0~12|exp
cat	exp~d~10~0~12^exp~a~10~0~12^exp~c~10~0~12|exp
cat	exp~c~10~0~12^exp~a~10~0~12^exp~d~10~0~12|exp
cat	exp~d~10~0~12^exp~a~10~0~12^exp~c~20~0~12|exp
cat	exp~d~20~0~12^exp~a~10~0~12^exp~c~20~0~12|exp
cat	exp~d~5~0~12^exp~a~10~0~12^exp~d~5~0~12|exp
cat	exp~d~10~0~12^exp~a~10~0~12^exp~c~10~0~12^exp~b~10~0~12|exp
cat	exp~b~10~0~12^exp~c~10~0~12^exp~a~10~0~12^exp~d~10~0~12|exp
cat	exp~d~10~0~12^exp~a~10~0~12^exp~c~20~0~12^exp~b~20~0~12|exp
cat	exp~d~20~0~12^exp~a~10~0~12^exp~c~20~0~12^exp~b~10~0~12|exp
cat	exp~d~5~0~12^exp~a~10~0~12^exp~d~5~0~12|exp
cat	exp~d~10~0~12^exp~a~10~0~12^exp~c~10~0~12^exp~b~10~0~12^exp~e~10~0~12|exp
cat	exp~e~10~0~12^exp~b~10~0~12^exp~c~10~0~12^exp~a~10~0~12^exp~d~10~0~12|exp
cat	exp~d~10~0~12^exp~a~10~0~12^exp~c~20~0~12^exp~b~20~0~12^exp~e~20~0~12|exp
cat	exp~d~20~0~12^exp~a~10~0~12^exp~c~20~0~12^exp~b~10~0~12^exp~e~20~0~12|exp
cat	exp~d~5~0~12^exp~a~10~0~12^exp~d~5~0~12|exp
cat	exp~z~0~0~12^exp~y~0~0~12^exp~x~0~0~12|exp
cat	exp~z~10~0~12^exp~y~10~0~12^exp~x~10~0~12|exp
cat	exp~z~35.5~0~12^exp~y~35.5~0~12^exp~x~35.5~0~12|exp
cat	exp~z~-5~0~12^exp~y~-5~0~12^exp~x~-5~0~12|exp
cat	exp~z~0.005~0~12^exp~y~0.005~0~12^exp~x~0.005~0~12|exp
cat	exp~z~0.1~0~12^exp~y~0.1~0~12^exp~x~0.1~0~12|exp
cat	exp~z~1e21~0~12^exp~y~1e21~0~12^exp~x~1e21~0~12|exp
cat	exp~z~1e-7~0~12^exp~y~1e-7~0~12^exp~x~1e-7~0~12|exp
cat	exp~z~-0~0~12^exp~y~-0~0~12^exp~x~-0~0~12|exp
cat	exp~z~1000000~0~12^exp~y~1000000~0~12^exp~x~1000000~0~12|exp
cat	exp~food~0~0~12^exp~z~1~0~12|exp
cat	exp~trans~0~0~12^exp~z~1~0~12|exp
cat	exp~other~0~0~12^exp~z~1~0~12|exp
cat	exp~~0~0~12^exp~z~1~0~12|exp
cat	exp~food~10~0~12^exp~z~1~0~12|exp
cat	exp~trans~10~0~12^exp~z~1~0~12|exp
cat	exp~other~10~0~12^exp~z~1~0~12|exp
cat	exp~~10~0~12^exp~z~1~0~12|exp
cat	exp~food~35.5~0~12^exp~z~1~0~12|exp
cat	exp~trans~35.5~0~12^exp~z~1~0~12|exp
cat	exp~other~35.5~0~12^exp~z~1~0~12|exp
cat	exp~~35.5~0~12^exp~z~1~0~12|exp
cat	exp~food~-5~0~12^exp~z~1~0~12|exp
cat	exp~trans~-5~0~12^exp~z~1~0~12|exp
cat	exp~other~-5~0~12^exp~z~1~0~12|exp
cat	exp~~-5~0~12^exp~z~1~0~12|exp
cat	exp~food~0.005~0~12^exp~z~1~0~12|exp
cat	exp~trans~0.005~0~12^exp~z~1~0~12|exp
cat	exp~other~0.005~0~12^exp~z~1~0~12|exp
cat	exp~~0.005~0~12^exp~z~1~0~12|exp
cat	exp~food~0.1~0~12^exp~z~1~0~12|exp
cat	exp~trans~0.1~0~12^exp~z~1~0~12|exp
cat	exp~other~0.1~0~12^exp~z~1~0~12|exp
cat	exp~~0.1~0~12^exp~z~1~0~12|exp
cat	exp~food~1e21~0~12^exp~z~1~0~12|exp
cat	exp~trans~1e21~0~12^exp~z~1~0~12|exp
cat	exp~other~1e21~0~12^exp~z~1~0~12|exp
cat	exp~~1e21~0~12^exp~z~1~0~12|exp
cat	exp~food~1e-7~0~12^exp~z~1~0~12|exp
cat	exp~trans~1e-7~0~12^exp~z~1~0~12|exp
cat	exp~other~1e-7~0~12^exp~z~1~0~12|exp
cat	exp~~1e-7~0~12^exp~z~1~0~12|exp
cat	exp~food~-0~0~12^exp~z~1~0~12|exp
cat	exp~trans~-0~0~12^exp~z~1~0~12|exp
cat	exp~other~-0~0~12^exp~z~1~0~12|exp
cat	exp~~-0~0~12^exp~z~1~0~12|exp
cat	exp~food~1000000~0~12^exp~z~1~0~12|exp
cat	exp~trans~1000000~0~12^exp~z~1~0~12|exp
cat	exp~other~1000000~0~12^exp~z~1~0~12|exp
cat	exp~~1000000~0~12^exp~z~1~0~12|exp
cat	exp~a~0.1~0~12^exp~a~0.2~0~12|exp
cat	exp~a~0.2~0~12^exp~a~0.1~0~12|exp
cat	exp~a~0.1~0~12^exp~a~0.2~0~12^exp~a~0.3~0~12|exp
cat	|exp
cat	inc~x~5~0~12|exp
top	exp~c~0~0~12^exp~c~7~0~12^exp~c~1~0~12^exp~c~8~0~12^exp~c~2~0~12^exp~c~9~0~12^exp~c~3~0~12^exp~c~10~0~12|exp,0
top	exp~c~0~0~12^exp~c~7~0~12^exp~c~1~0~12^exp~c~8~0~12^exp~c~2~0~12^exp~c~9~0~12^exp~c~3~0~12^exp~c~10~0~12|exp,1
top	exp~c~0~0~12^exp~c~7~0~12^exp~c~1~0~12^exp~c~8~0~12^exp~c~2~0~12^exp~c~9~0~12^exp~c~3~0~12^exp~c~10~0~12|exp,3
top	exp~c~0~0~12^exp~c~7~0~12^exp~c~1~0~12^exp~c~8~0~12^exp~c~2~0~12^exp~c~9~0~12^exp~c~3~0~12^exp~c~10~0~12|exp,5
top	exp~c~0~0~12^exp~c~7~0~12^exp~c~1~0~12^exp~c~8~0~12^exp~c~2~0~12^exp~c~9~0~12^exp~c~3~0~12^exp~c~10~0~12|exp,8
top	exp~c~0~0~12^exp~c~7~0~12^exp~c~1~0~12^exp~c~8~0~12^exp~c~2~0~12^exp~c~9~0~12^exp~c~3~0~12^exp~c~10~0~12|exp,99
top	exp~c~0~0~12^exp~c~7~0~12^exp~c~1~0~12^exp~c~8~0~12^exp~c~2~0~12^exp~c~9~0~12^exp~c~3~0~12^exp~c~10~0~12^inc~y~50~0~12|exp,5
top	exp~c~0~0~12^exp~c~7~0~12^exp~c~1~0~12^exp~c~8~0~12^exp~c~2~0~12^exp~c~9~0~12^exp~c~3~0~12^exp~c~10~0~12^inc~y~50~0~12|inc,5
top	exp~c~0~0~12^exp~c~7~0~12^exp~c~1~0~12^exp~c~8~0~12^exp~c~2~0~12^exp~c~9~0~12^exp~c~3~0~12^exp~c~10~0~12^inc~y~50~0~12|xfer,5
top	exp~c~0~0~12^exp~c~7~0~12^exp~c~1~0~12^exp~c~8~0~12^exp~c~2~0~12^exp~c~9~0~12^exp~c~3~0~12^exp~c~10~0~12^inc~y~50~0~12|_,5
top	exp~a~10~0~12^exp~b~10~0~12^exp~c~10~0~12|exp,2
top	exp~a~10~0~12^exp~b~10~0~12^exp~c~10~0~12|exp,3
top	|exp,5
top	exp~a~0~0~12^exp~b~5~0~12|exp,2
top	exp~a~10~0~12^exp~b~5~0~12|exp,2
top	exp~a~35.5~0~12^exp~b~5~0~12|exp,2
top	exp~a~-5~0~12^exp~b~5~0~12|exp,2
top	exp~a~0.005~0~12^exp~b~5~0~12|exp,2
top	exp~a~0.1~0~12^exp~b~5~0~12|exp,2
top	exp~a~1e21~0~12^exp~b~5~0~12|exp,2
top	exp~a~1e-7~0~12^exp~b~5~0~12|exp,2
top	exp~a~-0~0~12^exp~b~5~0~12|exp,2
top	exp~a~1000000~0~12^exp~b~5~0~12|exp,2
over	exp~a~10~0~12|
over	exp~a~10~0~12^exp~b~5~0~12|
over	inc~a~10~0~12|
over	inc~a~10~0~12^exp~b~5~0~12|
over	xfer~a~10~0~12|
over	xfer~a~10~0~12^exp~b~5~0~12|
over	_~a~10~0~12|
over	_~a~10~0~12^exp~b~5~0~12|
over	|
over	exp~a~35~0~12^inc~b~100~0~12^xfer~transfer~500~0~12|
over	exp~a~0~0~12^inc~b~0~0~12|
over	exp~a~10~0~12^inc~b~10~0~12|
over	exp~a~35.5~0~12^inc~b~35.5~0~12|
over	exp~a~-5~0~12^inc~b~-5~0~12|
over	exp~a~0.005~0~12^inc~b~0.005~0~12|
over	exp~a~0.1~0~12^inc~b~0.1~0~12|
over	exp~a~1e21~0~12^inc~b~1e21~0~12|
over	exp~a~1e-7~0~12^inc~b~1e-7~0~12|
over	exp~a~-0~0~12^inc~b~-0~0~12|
over	exp~a~1000000~0~12^inc~b~1000000~0~12|
over	exp~x~10~0~12^exp~y~25~0~12|
over	exp~x~10~0~12^exp~y~25~0~12^xfer~z~500~0~12|
over	exp~x~0~0~12^exp~y~0~0~12|
over	exp~x~35.5~0~12^exp~y~35.5~0~12|
over	exp~x~-5~0~12^exp~y~-5~0~12|
over	exp~x~10~0~12^inc~y~25~0~12|
over	exp~x~10~0~12^inc~y~25~0~12^xfer~z~500~0~12|
over	exp~x~0~0~12^inc~y~0~0~12|
over	exp~x~35.5~0~12^inc~y~35.5~0~12|
over	exp~x~-5~0~12^inc~y~-5~0~12|
over	exp~x~10~0~12^xfer~y~25~0~12|
over	exp~x~10~0~12^xfer~y~25~0~12^xfer~z~500~0~12|
over	exp~x~0~0~12^xfer~y~0~0~12|
over	exp~x~35.5~0~12^xfer~y~35.5~0~12|
over	exp~x~-5~0~12^xfer~y~-5~0~12|
over	exp~x~10~0~12^_~y~25~0~12|
over	exp~x~10~0~12^_~y~25~0~12^xfer~z~500~0~12|
over	exp~x~0~0~12^_~y~0~0~12|
over	exp~x~35.5~0~12^_~y~35.5~0~12|
over	exp~x~-5~0~12^_~y~-5~0~12|
over	inc~x~10~0~12^exp~y~25~0~12|
over	inc~x~10~0~12^exp~y~25~0~12^xfer~z~500~0~12|
over	inc~x~0~0~12^exp~y~0~0~12|
over	inc~x~35.5~0~12^exp~y~35.5~0~12|
over	inc~x~-5~0~12^exp~y~-5~0~12|
over	inc~x~10~0~12^inc~y~25~0~12|
over	inc~x~10~0~12^inc~y~25~0~12^xfer~z~500~0~12|
over	inc~x~0~0~12^inc~y~0~0~12|
over	inc~x~35.5~0~12^inc~y~35.5~0~12|
over	inc~x~-5~0~12^inc~y~-5~0~12|
over	inc~x~10~0~12^xfer~y~25~0~12|
over	inc~x~10~0~12^xfer~y~25~0~12^xfer~z~500~0~12|
over	inc~x~0~0~12^xfer~y~0~0~12|
over	inc~x~35.5~0~12^xfer~y~35.5~0~12|
over	inc~x~-5~0~12^xfer~y~-5~0~12|
over	inc~x~10~0~12^_~y~25~0~12|
over	inc~x~10~0~12^_~y~25~0~12^xfer~z~500~0~12|
over	inc~x~0~0~12^_~y~0~0~12|
over	inc~x~35.5~0~12^_~y~35.5~0~12|
over	inc~x~-5~0~12^_~y~-5~0~12|
over	xfer~x~10~0~12^exp~y~25~0~12|
over	xfer~x~10~0~12^exp~y~25~0~12^xfer~z~500~0~12|
over	xfer~x~0~0~12^exp~y~0~0~12|
over	xfer~x~35.5~0~12^exp~y~35.5~0~12|
over	xfer~x~-5~0~12^exp~y~-5~0~12|
over	xfer~x~10~0~12^inc~y~25~0~12|
over	xfer~x~10~0~12^inc~y~25~0~12^xfer~z~500~0~12|
over	xfer~x~0~0~12^inc~y~0~0~12|
over	xfer~x~35.5~0~12^inc~y~35.5~0~12|
over	xfer~x~-5~0~12^inc~y~-5~0~12|
over	xfer~x~10~0~12^xfer~y~25~0~12|
over	xfer~x~10~0~12^xfer~y~25~0~12^xfer~z~500~0~12|
over	xfer~x~0~0~12^xfer~y~0~0~12|
over	xfer~x~35.5~0~12^xfer~y~35.5~0~12|
over	xfer~x~-5~0~12^xfer~y~-5~0~12|
over	xfer~x~10~0~12^_~y~25~0~12|
over	xfer~x~10~0~12^_~y~25~0~12^xfer~z~500~0~12|
over	xfer~x~0~0~12^_~y~0~0~12|
over	xfer~x~35.5~0~12^_~y~35.5~0~12|
over	xfer~x~-5~0~12^_~y~-5~0~12|
over	_~x~10~0~12^exp~y~25~0~12|
over	_~x~10~0~12^exp~y~25~0~12^xfer~z~500~0~12|
over	_~x~0~0~12^exp~y~0~0~12|
over	_~x~35.5~0~12^exp~y~35.5~0~12|
over	_~x~-5~0~12^exp~y~-5~0~12|
over	_~x~10~0~12^inc~y~25~0~12|
over	_~x~10~0~12^inc~y~25~0~12^xfer~z~500~0~12|
over	_~x~0~0~12^inc~y~0~0~12|
over	_~x~35.5~0~12^inc~y~35.5~0~12|
over	_~x~-5~0~12^inc~y~-5~0~12|
over	_~x~10~0~12^xfer~y~25~0~12|
over	_~x~10~0~12^xfer~y~25~0~12^xfer~z~500~0~12|
over	_~x~0~0~12^xfer~y~0~0~12|
over	_~x~35.5~0~12^xfer~y~35.5~0~12|
over	_~x~-5~0~12^xfer~y~-5~0~12|
over	_~x~10~0~12^_~y~25~0~12|
over	_~x~10~0~12^_~y~25~0~12^xfer~z~500~0~12|
over	_~x~0~0~12^_~y~0~0~12|
over	_~x~35.5~0~12^_~y~35.5~0~12|
over	_~x~-5~0~12^_~y~-5~0~12|
cat	exp~p~10~0~12^exp~p~20~0~12^exp~q~5~0~12|exp
cat	exp~p~10~0~12^exp~p~20~0~12^exp~q~5~0~12|inc
cat	exp~p~10~0~12^exp~p~20~0~12^exp~q~5~0~12|xfer
cat	exp~p~10~0~12^inc~p~20~0~12^exp~q~5~0~12|exp
cat	exp~p~10~0~12^inc~p~20~0~12^exp~q~5~0~12|inc
cat	exp~p~10~0~12^inc~p~20~0~12^exp~q~5~0~12|xfer
cat	exp~p~10~0~12^xfer~p~20~0~12^exp~q~5~0~12|exp
cat	exp~p~10~0~12^xfer~p~20~0~12^exp~q~5~0~12|inc
cat	exp~p~10~0~12^xfer~p~20~0~12^exp~q~5~0~12|xfer
cat	exp~p~10~0~12^_~p~20~0~12^exp~q~5~0~12|exp
cat	exp~p~10~0~12^_~p~20~0~12^exp~q~5~0~12|inc
cat	exp~p~10~0~12^_~p~20~0~12^exp~q~5~0~12|xfer
cat	inc~p~10~0~12^exp~p~20~0~12^inc~q~5~0~12|exp
cat	inc~p~10~0~12^exp~p~20~0~12^inc~q~5~0~12|inc
cat	inc~p~10~0~12^exp~p~20~0~12^inc~q~5~0~12|xfer
cat	inc~p~10~0~12^inc~p~20~0~12^inc~q~5~0~12|exp
cat	inc~p~10~0~12^inc~p~20~0~12^inc~q~5~0~12|inc
cat	inc~p~10~0~12^inc~p~20~0~12^inc~q~5~0~12|xfer
cat	inc~p~10~0~12^xfer~p~20~0~12^inc~q~5~0~12|exp
cat	inc~p~10~0~12^xfer~p~20~0~12^inc~q~5~0~12|inc
cat	inc~p~10~0~12^xfer~p~20~0~12^inc~q~5~0~12|xfer
cat	inc~p~10~0~12^_~p~20~0~12^inc~q~5~0~12|exp
cat	inc~p~10~0~12^_~p~20~0~12^inc~q~5~0~12|inc
cat	inc~p~10~0~12^_~p~20~0~12^inc~q~5~0~12|xfer
cat	xfer~p~10~0~12^exp~p~20~0~12^xfer~q~5~0~12|exp
cat	xfer~p~10~0~12^exp~p~20~0~12^xfer~q~5~0~12|inc
cat	xfer~p~10~0~12^exp~p~20~0~12^xfer~q~5~0~12|xfer
cat	xfer~p~10~0~12^inc~p~20~0~12^xfer~q~5~0~12|exp
cat	xfer~p~10~0~12^inc~p~20~0~12^xfer~q~5~0~12|inc
cat	xfer~p~10~0~12^inc~p~20~0~12^xfer~q~5~0~12|xfer
cat	xfer~p~10~0~12^xfer~p~20~0~12^xfer~q~5~0~12|exp
cat	xfer~p~10~0~12^xfer~p~20~0~12^xfer~q~5~0~12|inc
cat	xfer~p~10~0~12^xfer~p~20~0~12^xfer~q~5~0~12|xfer
cat	xfer~p~10~0~12^_~p~20~0~12^xfer~q~5~0~12|exp
cat	xfer~p~10~0~12^_~p~20~0~12^xfer~q~5~0~12|inc
cat	xfer~p~10~0~12^_~p~20~0~12^xfer~q~5~0~12|xfer
cat	_~p~10~0~12^exp~p~20~0~12^_~q~5~0~12|exp
cat	_~p~10~0~12^exp~p~20~0~12^_~q~5~0~12|inc
cat	_~p~10~0~12^exp~p~20~0~12^_~q~5~0~12|xfer
cat	_~p~10~0~12^inc~p~20~0~12^_~q~5~0~12|exp
cat	_~p~10~0~12^inc~p~20~0~12^_~q~5~0~12|inc
cat	_~p~10~0~12^inc~p~20~0~12^_~q~5~0~12|xfer
cat	_~p~10~0~12^xfer~p~20~0~12^_~q~5~0~12|exp
cat	_~p~10~0~12^xfer~p~20~0~12^_~q~5~0~12|inc
cat	_~p~10~0~12^xfer~p~20~0~12^_~q~5~0~12|xfer
cat	_~p~10~0~12^_~p~20~0~12^_~q~5~0~12|exp
cat	_~p~10~0~12^_~p~20~0~12^_~q~5~0~12|inc
cat	_~p~10~0~12^_~p~20~0~12^_~q~5~0~12|xfer
cat	exp~p~1~0~12^exp~p~2~0~12|exp
cat	exp~q~1~0~12^exp~p~2~0~12|exp
cat	exp~p~1~0~12^exp~p~2~0~12^exp~p~3~0~12|exp
cat	exp~q~1~0~12^exp~p~2~0~12^exp~q~3~0~12|exp
cat	exp~p~1~0~12^exp~p~2~0~12^exp~p~3~0~12^exp~p~4~0~12^exp~p~5~0~12|exp
cat	exp~q~1~0~12^exp~p~2~0~12^exp~q~3~0~12^exp~p~4~0~12^exp~q~5~0~12|exp
top	|exp,1
top	|exp,2
top	|exp,5
top	|exp,10
top	exp~c~0~0~12|exp,1
top	exp~c~0~0~12|exp,2
top	exp~c~0~0~12|exp,5
top	exp~c~0~0~12|exp,10
top	exp~c~0~0~12^exp~c~3~0~12|exp,1
top	exp~c~0~0~12^exp~c~3~0~12|exp,2
top	exp~c~0~0~12^exp~c~3~0~12|exp,5
top	exp~c~0~0~12^exp~c~3~0~12|exp,10
top	exp~c~0~0~12^exp~c~3~0~12^exp~c~6~0~12^exp~c~9~0~12|exp,1
top	exp~c~0~0~12^exp~c~3~0~12^exp~c~6~0~12^exp~c~9~0~12|exp,2
top	exp~c~0~0~12^exp~c~3~0~12^exp~c~6~0~12^exp~c~9~0~12|exp,5
top	exp~c~0~0~12^exp~c~3~0~12^exp~c~6~0~12^exp~c~9~0~12|exp,10
top	exp~c~0~0~12^exp~c~3~0~12^exp~c~6~0~12^exp~c~9~0~12^exp~c~1~0~12|exp,1
top	exp~c~0~0~12^exp~c~3~0~12^exp~c~6~0~12^exp~c~9~0~12^exp~c~1~0~12|exp,2
top	exp~c~0~0~12^exp~c~3~0~12^exp~c~6~0~12^exp~c~9~0~12^exp~c~1~0~12|exp,5
top	exp~c~0~0~12^exp~c~3~0~12^exp~c~6~0~12^exp~c~9~0~12^exp~c~1~0~12|exp,10
top	exp~c~0~0~12^exp~c~3~0~12^exp~c~6~0~12^exp~c~9~0~12^exp~c~1~0~12^exp~c~4~0~12|exp,1
top	exp~c~0~0~12^exp~c~3~0~12^exp~c~6~0~12^exp~c~9~0~12^exp~c~1~0~12^exp~c~4~0~12|exp,2
top	exp~c~0~0~12^exp~c~3~0~12^exp~c~6~0~12^exp~c~9~0~12^exp~c~1~0~12^exp~c~4~0~12|exp,5
top	exp~c~0~0~12^exp~c~3~0~12^exp~c~6~0~12^exp~c~9~0~12^exp~c~1~0~12^exp~c~4~0~12|exp,10
top	exp~c~0~0~12^exp~c~3~0~12^exp~c~6~0~12^exp~c~9~0~12^exp~c~1~0~12^exp~c~4~0~12^exp~c~7~0~12^exp~c~10~0~12^exp~c~2~0~12|exp,1
top	exp~c~0~0~12^exp~c~3~0~12^exp~c~6~0~12^exp~c~9~0~12^exp~c~1~0~12^exp~c~4~0~12^exp~c~7~0~12^exp~c~10~0~12^exp~c~2~0~12|exp,2
top	exp~c~0~0~12^exp~c~3~0~12^exp~c~6~0~12^exp~c~9~0~12^exp~c~1~0~12^exp~c~4~0~12^exp~c~7~0~12^exp~c~10~0~12^exp~c~2~0~12|exp,5
top	exp~c~0~0~12^exp~c~3~0~12^exp~c~6~0~12^exp~c~9~0~12^exp~c~1~0~12^exp~c~4~0~12^exp~c~7~0~12^exp~c~10~0~12^exp~c~2~0~12|exp,10
donut	a:50^b:30^c:20|100
donut	a:50^b:30^c:20|0
donut	a:50^b:30^c:20|-5
donut	a:50^b:30^c:20|3
donut	a:50^b:30^c:20|1
donut	a:50^b:30^c:20|1e21
donut	a:50^b:30^c:20|0.0000001
donut	a:1^b:1^c:1|100
donut	a:1^b:1^c:1|0
donut	a:1^b:1^c:1|-5
donut	a:1^b:1^c:1|3
donut	a:1^b:1^c:1|1
donut	a:1^b:1^c:1|1e21
donut	a:1^b:1^c:1|0.0000001
donut	a:100|100
donut	a:100|0
donut	a:100|-5
donut	a:100|3
donut	a:100|1
donut	a:100|1e21
donut	a:100|0.0000001
donut	a:0^b:0|100
donut	a:0^b:0|0
donut	a:0^b:0|-5
donut	a:0^b:0|3
donut	a:0^b:0|1
donut	a:0^b:0|1e21
donut	a:0^b:0|0.0000001
donut	a:-10^b:20|100
donut	a:-10^b:20|0
donut	a:-10^b:20|-5
donut	a:-10^b:20|3
donut	a:-10^b:20|1
donut	a:-10^b:20|1e21
donut	a:-10^b:20|0.0000001
donut	a:0.1^b:0.2^c:0.3|100
donut	a:0.1^b:0.2^c:0.3|0
donut	a:0.1^b:0.2^c:0.3|-5
donut	a:0.1^b:0.2^c:0.3|3
donut	a:0.1^b:0.2^c:0.3|1
donut	a:0.1^b:0.2^c:0.3|1e21
donut	a:0.1^b:0.2^c:0.3|0.0000001
donut	a:1e21^b:1|100
donut	a:1e21^b:1|0
donut	a:1e21^b:1|-5
donut	a:1e21^b:1|3
donut	a:1e21^b:1|1
donut	a:1e21^b:1|1e21
donut	a:1e21^b:1|0.0000001
donut	a:1e-7^b:1|100
donut	a:1e-7^b:1|0
donut	a:1e-7^b:1|-5
donut	a:1e-7^b:1|3
donut	a:1e-7^b:1|1
donut	a:1e-7^b:1|1e21
donut	a:1e-7^b:1|0.0000001
donut	|100
dow	exp~a~10~0~12|exp
dow	exp~a~10~0~12^exp~b~5~0~12|exp
dow	inc~a~10~0~12|exp
dow	inc~a~10~0~12|inc
dow	exp~a~10~1~12|exp
dow	exp~a~10~1~12^exp~b~5~1~12|exp
dow	inc~a~10~1~12|exp
dow	inc~a~10~1~12|inc
dow	exp~a~10~2~12|exp
dow	exp~a~10~2~12^exp~b~5~2~12|exp
dow	inc~a~10~2~12|exp
dow	inc~a~10~2~12|inc
dow	exp~a~10~3~12|exp
dow	exp~a~10~3~12^exp~b~5~3~12|exp
dow	inc~a~10~3~12|exp
dow	inc~a~10~3~12|inc
dow	exp~a~10~4~12|exp
dow	exp~a~10~4~12^exp~b~5~4~12|exp
dow	inc~a~10~4~12|exp
dow	inc~a~10~4~12|inc
dow	exp~a~10~5~12|exp
dow	exp~a~10~5~12^exp~b~5~5~12|exp
dow	inc~a~10~5~12|exp
dow	inc~a~10~5~12|inc
dow	exp~a~10~6~12|exp
dow	exp~a~10~6~12^exp~b~5~6~12|exp
dow	inc~a~10~6~12|exp
dow	inc~a~10~6~12|inc
dow	exp~a~10~0~12^exp~a~20~1~12^exp~a~30~2~12^exp~a~40~3~12^exp~a~50~4~12^exp~a~60~5~12^exp~a~70~6~12|exp
dow	|exp
dow	exp~a~10~3~12^inc~b~20~3~12|exp
dow	exp~a~10~3~12^inc~b~20~3~12|inc
dow	exp~a~10~3~12^inc~b~20~3~12|xfer
dow	exp~a~10~3~12^inc~b~20~3~12|_
bucket	0
tod	exp~a~10~0~0|exp
tod	exp~a~10~0~0^exp~b~5~0~0|exp
bucket	1
tod	exp~a~10~0~1|exp
tod	exp~a~10~0~1^exp~b~5~0~1|exp
bucket	2
tod	exp~a~10~0~2|exp
tod	exp~a~10~0~2^exp~b~5~0~2|exp
bucket	3
tod	exp~a~10~0~3|exp
tod	exp~a~10~0~3^exp~b~5~0~3|exp
bucket	4
tod	exp~a~10~0~4|exp
tod	exp~a~10~0~4^exp~b~5~0~4|exp
bucket	5
tod	exp~a~10~0~5|exp
tod	exp~a~10~0~5^exp~b~5~0~5|exp
bucket	6
tod	exp~a~10~0~6|exp
tod	exp~a~10~0~6^exp~b~5~0~6|exp
bucket	7
tod	exp~a~10~0~7|exp
tod	exp~a~10~0~7^exp~b~5~0~7|exp
bucket	8
tod	exp~a~10~0~8|exp
tod	exp~a~10~0~8^exp~b~5~0~8|exp
bucket	9
tod	exp~a~10~0~9|exp
tod	exp~a~10~0~9^exp~b~5~0~9|exp
bucket	10
tod	exp~a~10~0~10|exp
tod	exp~a~10~0~10^exp~b~5~0~10|exp
bucket	11
tod	exp~a~10~0~11|exp
tod	exp~a~10~0~11^exp~b~5~0~11|exp
bucket	12
tod	exp~a~10~0~12|exp
tod	exp~a~10~0~12^exp~b~5~0~12|exp
bucket	13
tod	exp~a~10~0~13|exp
tod	exp~a~10~0~13^exp~b~5~0~13|exp
bucket	14
tod	exp~a~10~0~14|exp
tod	exp~a~10~0~14^exp~b~5~0~14|exp
bucket	15
tod	exp~a~10~0~15|exp
tod	exp~a~10~0~15^exp~b~5~0~15|exp
bucket	16
tod	exp~a~10~0~16|exp
tod	exp~a~10~0~16^exp~b~5~0~16|exp
bucket	17
tod	exp~a~10~0~17|exp
tod	exp~a~10~0~17^exp~b~5~0~17|exp
bucket	18
tod	exp~a~10~0~18|exp
tod	exp~a~10~0~18^exp~b~5~0~18|exp
bucket	19
tod	exp~a~10~0~19|exp
tod	exp~a~10~0~19^exp~b~5~0~19|exp
bucket	20
tod	exp~a~10~0~20|exp
tod	exp~a~10~0~20^exp~b~5~0~20|exp
bucket	21
tod	exp~a~10~0~21|exp
tod	exp~a~10~0~21^exp~b~5~0~21|exp
bucket	22
tod	exp~a~10~0~22|exp
tod	exp~a~10~0~22^exp~b~5~0~22|exp
bucket	23
tod	exp~a~10~0~23|exp
tod	exp~a~10~0~23^exp~b~5~0~23|exp
bucket	-1
bucket	24
bucket	25
bucket	99
bucket	-99
bucket	-24
bucket	48
bucket	1000
bucket	-1000
tod	exp~a~1~0~0^exp~b~2~0~1|exp
tod	exp~a~1~0~4^exp~b~2~0~5|exp
tod	exp~a~1~0~5^exp~b~2~0~6|exp
tod	exp~a~1~0~7^exp~b~2~0~8|exp
tod	exp~a~1~0~8^exp~b~2~0~9|exp
tod	exp~a~1~0~10^exp~b~2~0~11|exp
tod	exp~a~1~0~11^exp~b~2~0~12|exp
tod	exp~a~1~0~12^exp~b~2~0~13|exp
tod	exp~a~1~0~13^exp~b~2~0~14|exp
tod	exp~a~1~0~16^exp~b~2~0~17|exp
tod	exp~a~1~0~17^exp~b~2~0~18|exp
tod	exp~a~1~0~18^exp~b~2~0~19|exp
tod	exp~a~1~0~19^exp~b~2~0~20|exp
tod	exp~a~1~0~23^exp~b~2~0~0|exp
tod	exp~a~1~0~0^exp~b~2~0~23|exp
tod	exp~a~1~0~1^exp~b~2~0~22|exp
tod	exp~a~1~0~2^exp~b~2~0~21|exp
tod	exp~a~1~0~3^exp~b~2~0~20|exp
tod	exp~a~1~0~4^exp~b~2~0~19|exp
tod	exp~a~1~0~5^exp~b~2~0~18|exp
tod	exp~a~1~0~6^exp~b~2~0~17|exp
tod	exp~a~1~0~7^exp~b~2~0~16|exp
tod	exp~a~1~0~8^exp~b~2~0~15|exp
tod	exp~a~1~0~9^exp~b~2~0~14|exp
tod	exp~a~1~0~10^exp~b~2~0~13|exp
tod	exp~a~1~0~11^exp~b~2~0~12|exp
tod	exp~a~1~0~12^exp~b~2~0~11|exp
tod	exp~a~1~0~13^exp~b~2~0~10|exp
tod	exp~a~1~0~14^exp~b~2~0~9|exp
tod	exp~a~1~0~15^exp~b~2~0~8|exp
tod	exp~a~1~0~16^exp~b~2~0~7|exp
tod	exp~a~1~0~17^exp~b~2~0~6|exp
tod	exp~a~1~0~18^exp~b~2~0~5|exp
tod	exp~a~1~0~19^exp~b~2~0~4|exp
tod	exp~a~1~0~20^exp~b~2~0~3|exp
tod	exp~a~1~0~21^exp~b~2~0~2|exp
tod	exp~a~1~0~22^exp~b~2~0~1|exp
tod	exp~a~1~0~23^exp~b~2~0~0|exp
dow	exp~a~3~0~0|exp
tod	exp~a~3~0~0|exp
dow	exp~a~3~0~5|exp
tod	exp~a~3~0~5|exp
dow	exp~a~3~0~8|exp
tod	exp~a~3~0~8|exp
dow	exp~a~3~0~11|exp
tod	exp~a~3~0~11|exp
dow	exp~a~3~0~13|exp
tod	exp~a~3~0~13|exp
dow	exp~a~3~0~17|exp
tod	exp~a~3~0~17|exp
dow	exp~a~3~0~19|exp
tod	exp~a~3~0~19|exp
dow	exp~a~3~0~23|exp
tod	exp~a~3~0~23|exp
dow	exp~a~3~1~0|exp
tod	exp~a~3~1~0|exp
dow	exp~a~3~1~5|exp
tod	exp~a~3~1~5|exp
dow	exp~a~3~1~8|exp
tod	exp~a~3~1~8|exp
dow	exp~a~3~1~11|exp
tod	exp~a~3~1~11|exp
dow	exp~a~3~1~13|exp
tod	exp~a~3~1~13|exp
dow	exp~a~3~1~17|exp
tod	exp~a~3~1~17|exp
dow	exp~a~3~1~19|exp
tod	exp~a~3~1~19|exp
dow	exp~a~3~1~23|exp
tod	exp~a~3~1~23|exp
dow	exp~a~3~2~0|exp
tod	exp~a~3~2~0|exp
dow	exp~a~3~2~5|exp
tod	exp~a~3~2~5|exp
dow	exp~a~3~2~8|exp
tod	exp~a~3~2~8|exp
dow	exp~a~3~2~11|exp
tod	exp~a~3~2~11|exp
dow	exp~a~3~2~13|exp
tod	exp~a~3~2~13|exp
dow	exp~a~3~2~17|exp
tod	exp~a~3~2~17|exp
dow	exp~a~3~2~19|exp
tod	exp~a~3~2~19|exp
dow	exp~a~3~2~23|exp
tod	exp~a~3~2~23|exp
dow	exp~a~3~3~0|exp
tod	exp~a~3~3~0|exp
dow	exp~a~3~3~5|exp
tod	exp~a~3~3~5|exp
dow	exp~a~3~3~8|exp
tod	exp~a~3~3~8|exp
dow	exp~a~3~3~11|exp
tod	exp~a~3~3~11|exp
dow	exp~a~3~3~13|exp
tod	exp~a~3~3~13|exp
dow	exp~a~3~3~17|exp
tod	exp~a~3~3~17|exp
dow	exp~a~3~3~19|exp
tod	exp~a~3~3~19|exp
dow	exp~a~3~3~23|exp
tod	exp~a~3~3~23|exp
dow	exp~a~3~4~0|exp
tod	exp~a~3~4~0|exp
dow	exp~a~3~4~5|exp
tod	exp~a~3~4~5|exp
dow	exp~a~3~4~8|exp
tod	exp~a~3~4~8|exp
dow	exp~a~3~4~11|exp
tod	exp~a~3~4~11|exp
dow	exp~a~3~4~13|exp
tod	exp~a~3~4~13|exp
dow	exp~a~3~4~17|exp
tod	exp~a~3~4~17|exp
dow	exp~a~3~4~19|exp
tod	exp~a~3~4~19|exp
dow	exp~a~3~4~23|exp
tod	exp~a~3~4~23|exp
dow	exp~a~3~5~0|exp
tod	exp~a~3~5~0|exp
dow	exp~a~3~5~5|exp
tod	exp~a~3~5~5|exp
dow	exp~a~3~5~8|exp
tod	exp~a~3~5~8|exp
dow	exp~a~3~5~11|exp
tod	exp~a~3~5~11|exp
dow	exp~a~3~5~13|exp
tod	exp~a~3~5~13|exp
dow	exp~a~3~5~17|exp
tod	exp~a~3~5~17|exp
dow	exp~a~3~5~19|exp
tod	exp~a~3~5~19|exp
dow	exp~a~3~5~23|exp
tod	exp~a~3~5~23|exp
dow	exp~a~3~6~0|exp
tod	exp~a~3~6~0|exp
dow	exp~a~3~6~5|exp
tod	exp~a~3~6~5|exp
dow	exp~a~3~6~8|exp
tod	exp~a~3~6~8|exp
dow	exp~a~3~6~11|exp
tod	exp~a~3~6~11|exp
dow	exp~a~3~6~13|exp
tod	exp~a~3~6~13|exp
dow	exp~a~3~6~17|exp
tod	exp~a~3~6~17|exp
dow	exp~a~3~6~19|exp
tod	exp~a~3~6~19|exp
dow	exp~a~3~6~23|exp
tod	exp~a~3~6~23|exp
tod	|exp
tod	exp~a~10~0~2^inc~b~20~0~20|exp
tod	exp~a~10~0~2^inc~b~20~0~20|inc
tod	exp~a~10~0~2^inc~b~20~0~20|xfer
tod	exp~a~10~0~2^inc~b~20~0~20|_
totals	exp~c~10~2026~9~1^exp~c~20~2026~9~2^exp~c~30~2026~9~3^exp~c~40~2026~9~5^exp~c~50~2026~9~8^exp~c~60~2026~9~13^exp~c~70~2026~9~21|2026,9,1,1,2026,9,1
cmp	exp~c~10~2026~9~1^exp~c~20~2026~9~2^exp~c~30~2026~9~3^exp~c~40~2026~9~5^exp~c~50~2026~9~8^exp~c~60~2026~9~13^exp~c~70~2026~9~21|2026,9,1,1,2026,9,1
totals	exp~c~10~2026~9~1^exp~c~20~2026~9~2^exp~c~30~2026~9~3^exp~c~40~2026~9~5^exp~c~50~2026~9~8^exp~c~60~2026~9~13^exp~c~70~2026~9~21|2026,9,4,1,2026,9,4
cmp	exp~c~10~2026~9~1^exp~c~20~2026~9~2^exp~c~30~2026~9~3^exp~c~40~2026~9~5^exp~c~50~2026~9~8^exp~c~60~2026~9~13^exp~c~70~2026~9~21|2026,9,4,1,2026,9,4
totals	exp~c~10~2026~9~1^exp~c~20~2026~9~2^exp~c~30~2026~9~3^exp~c~40~2026~9~5^exp~c~50~2026~9~8^exp~c~60~2026~9~13^exp~c~70~2026~9~21|2026,9,7,1,2026,9,7
cmp	exp~c~10~2026~9~1^exp~c~20~2026~9~2^exp~c~30~2026~9~3^exp~c~40~2026~9~5^exp~c~50~2026~9~8^exp~c~60~2026~9~13^exp~c~70~2026~9~21|2026,9,7,1,2026,9,7
totals	exp~c~10~2026~9~1^exp~c~20~2026~9~2^exp~c~30~2026~9~3^exp~c~40~2026~9~5^exp~c~50~2026~9~8^exp~c~60~2026~9~13^exp~c~70~2026~9~21|2026,9,10,1,2026,9,10
cmp	exp~c~10~2026~9~1^exp~c~20~2026~9~2^exp~c~30~2026~9~3^exp~c~40~2026~9~5^exp~c~50~2026~9~8^exp~c~60~2026~9~13^exp~c~70~2026~9~21|2026,9,10,1,2026,9,10
totals	exp~c~10~2026~9~1^exp~c~20~2026~9~2^exp~c~30~2026~9~3^exp~c~40~2026~9~5^exp~c~50~2026~9~8^exp~c~60~2026~9~13^exp~c~70~2026~9~21|2026,9,13,1,2026,9,13
cmp	exp~c~10~2026~9~1^exp~c~20~2026~9~2^exp~c~30~2026~9~3^exp~c~40~2026~9~5^exp~c~50~2026~9~8^exp~c~60~2026~9~13^exp~c~70~2026~9~21|2026,9,13,1,2026,9,13
totals	exp~c~10~2026~9~1^exp~c~20~2026~9~2^exp~c~30~2026~9~3^exp~c~40~2026~9~5^exp~c~50~2026~9~8^exp~c~60~2026~9~13^exp~c~70~2026~9~21|2026,9,16,1,2026,9,16
cmp	exp~c~10~2026~9~1^exp~c~20~2026~9~2^exp~c~30~2026~9~3^exp~c~40~2026~9~5^exp~c~50~2026~9~8^exp~c~60~2026~9~13^exp~c~70~2026~9~21|2026,9,16,1,2026,9,16
totals	exp~c~10~2026~9~1^exp~c~20~2026~9~2^exp~c~30~2026~9~3^exp~c~40~2026~9~5^exp~c~50~2026~9~8^exp~c~60~2026~9~13^exp~c~70~2026~9~21|2026,9,19,1,2026,9,19
cmp	exp~c~10~2026~9~1^exp~c~20~2026~9~2^exp~c~30~2026~9~3^exp~c~40~2026~9~5^exp~c~50~2026~9~8^exp~c~60~2026~9~13^exp~c~70~2026~9~21|2026,9,19,1,2026,9,19
totals	exp~c~10~2026~9~1^exp~c~20~2026~9~2^exp~c~30~2026~9~3^exp~c~40~2026~9~5^exp~c~50~2026~9~8^exp~c~60~2026~9~13^exp~c~70~2026~9~21|2026,9,22,1,2026,9,22
cmp	exp~c~10~2026~9~1^exp~c~20~2026~9~2^exp~c~30~2026~9~3^exp~c~40~2026~9~5^exp~c~50~2026~9~8^exp~c~60~2026~9~13^exp~c~70~2026~9~21|2026,9,22,1,2026,9,22
totals	exp~c~10~2026~9~1^exp~c~20~2026~9~2^exp~c~30~2026~9~3^exp~c~40~2026~9~5^exp~c~50~2026~9~8^exp~c~60~2026~9~13^exp~c~70~2026~9~21|2026,9,25,1,2026,9,25
cmp	exp~c~10~2026~9~1^exp~c~20~2026~9~2^exp~c~30~2026~9~3^exp~c~40~2026~9~5^exp~c~50~2026~9~8^exp~c~60~2026~9~13^exp~c~70~2026~9~21|2026,9,25,1,2026,9,25
totals	exp~c~10~2026~9~1^exp~c~20~2026~9~2^exp~c~30~2026~9~3^exp~c~40~2026~9~5^exp~c~50~2026~9~8^exp~c~60~2026~9~13^exp~c~70~2026~9~21|2026,9,28,1,2026,9,28
cmp	exp~c~10~2026~9~1^exp~c~20~2026~9~2^exp~c~30~2026~9~3^exp~c~40~2026~9~5^exp~c~50~2026~9~8^exp~c~60~2026~9~13^exp~c~70~2026~9~21|2026,9,28,1,2026,9,28
trend	exp~c~10~2026~9~1^exp~c~20~2026~9~2^exp~c~30~2026~9~3|2026,9,15,1
totals	exp~c~10~2026~9~1^exp~c~20~2026~9~2^exp~c~30~2026~9~3^exp~c~40~2026~9~5^exp~c~50~2026~9~8^exp~c~60~2026~9~13^exp~c~70~2026~9~21|2026,9,1,15,2026,9,1
cmp	exp~c~10~2026~9~1^exp~c~20~2026~9~2^exp~c~30~2026~9~3^exp~c~40~2026~9~5^exp~c~50~2026~9~8^exp~c~60~2026~9~13^exp~c~70~2026~9~21|2026,9,1,15,2026,9,1
totals	exp~c~10~2026~9~1^exp~c~20~2026~9~2^exp~c~30~2026~9~3^exp~c~40~2026~9~5^exp~c~50~2026~9~8^exp~c~60~2026~9~13^exp~c~70~2026~9~21|2026,9,4,15,2026,9,4
cmp	exp~c~10~2026~9~1^exp~c~20~2026~9~2^exp~c~30~2026~9~3^exp~c~40~2026~9~5^exp~c~50~2026~9~8^exp~c~60~2026~9~13^exp~c~70~2026~9~21|2026,9,4,15,2026,9,4
totals	exp~c~10~2026~9~1^exp~c~20~2026~9~2^exp~c~30~2026~9~3^exp~c~40~2026~9~5^exp~c~50~2026~9~8^exp~c~60~2026~9~13^exp~c~70~2026~9~21|2026,9,7,15,2026,9,7
cmp	exp~c~10~2026~9~1^exp~c~20~2026~9~2^exp~c~30~2026~9~3^exp~c~40~2026~9~5^exp~c~50~2026~9~8^exp~c~60~2026~9~13^exp~c~70~2026~9~21|2026,9,7,15,2026,9,7
totals	exp~c~10~2026~9~1^exp~c~20~2026~9~2^exp~c~30~2026~9~3^exp~c~40~2026~9~5^exp~c~50~2026~9~8^exp~c~60~2026~9~13^exp~c~70~2026~9~21|2026,9,10,15,2026,9,10
cmp	exp~c~10~2026~9~1^exp~c~20~2026~9~2^exp~c~30~2026~9~3^exp~c~40~2026~9~5^exp~c~50~2026~9~8^exp~c~60~2026~9~13^exp~c~70~2026~9~21|2026,9,10,15,2026,9,10
totals	exp~c~10~2026~9~1^exp~c~20~2026~9~2^exp~c~30~2026~9~3^exp~c~40~2026~9~5^exp~c~50~2026~9~8^exp~c~60~2026~9~13^exp~c~70~2026~9~21|2026,9,13,15,2026,9,13
cmp	exp~c~10~2026~9~1^exp~c~20~2026~9~2^exp~c~30~2026~9~3^exp~c~40~2026~9~5^exp~c~50~2026~9~8^exp~c~60~2026~9~13^exp~c~70~2026~9~21|2026,9,13,15,2026,9,13
totals	exp~c~10~2026~9~1^exp~c~20~2026~9~2^exp~c~30~2026~9~3^exp~c~40~2026~9~5^exp~c~50~2026~9~8^exp~c~60~2026~9~13^exp~c~70~2026~9~21|2026,9,16,15,2026,9,16
cmp	exp~c~10~2026~9~1^exp~c~20~2026~9~2^exp~c~30~2026~9~3^exp~c~40~2026~9~5^exp~c~50~2026~9~8^exp~c~60~2026~9~13^exp~c~70~2026~9~21|2026,9,16,15,2026,9,16
totals	exp~c~10~2026~9~1^exp~c~20~2026~9~2^exp~c~30~2026~9~3^exp~c~40~2026~9~5^exp~c~50~2026~9~8^exp~c~60~2026~9~13^exp~c~70~2026~9~21|2026,9,19,15,2026,9,19
cmp	exp~c~10~2026~9~1^exp~c~20~2026~9~2^exp~c~30~2026~9~3^exp~c~40~2026~9~5^exp~c~50~2026~9~8^exp~c~60~2026~9~13^exp~c~70~2026~9~21|2026,9,19,15,2026,9,19
totals	exp~c~10~2026~9~1^exp~c~20~2026~9~2^exp~c~30~2026~9~3^exp~c~40~2026~9~5^exp~c~50~2026~9~8^exp~c~60~2026~9~13^exp~c~70~2026~9~21|2026,9,22,15,2026,9,22
cmp	exp~c~10~2026~9~1^exp~c~20~2026~9~2^exp~c~30~2026~9~3^exp~c~40~2026~9~5^exp~c~50~2026~9~8^exp~c~60~2026~9~13^exp~c~70~2026~9~21|2026,9,22,15,2026,9,22
totals	exp~c~10~2026~9~1^exp~c~20~2026~9~2^exp~c~30~2026~9~3^exp~c~40~2026~9~5^exp~c~50~2026~9~8^exp~c~60~2026~9~13^exp~c~70~2026~9~21|2026,9,25,15,2026,9,25
cmp	exp~c~10~2026~9~1^exp~c~20~2026~9~2^exp~c~30~2026~9~3^exp~c~40~2026~9~5^exp~c~50~2026~9~8^exp~c~60~2026~9~13^exp~c~70~2026~9~21|2026,9,25,15,2026,9,25
totals	exp~c~10~2026~9~1^exp~c~20~2026~9~2^exp~c~30~2026~9~3^exp~c~40~2026~9~5^exp~c~50~2026~9~8^exp~c~60~2026~9~13^exp~c~70~2026~9~21|2026,9,28,15,2026,9,28
cmp	exp~c~10~2026~9~1^exp~c~20~2026~9~2^exp~c~30~2026~9~3^exp~c~40~2026~9~5^exp~c~50~2026~9~8^exp~c~60~2026~9~13^exp~c~70~2026~9~21|2026,9,28,15,2026,9,28
trend	exp~c~10~2026~9~1^exp~c~20~2026~9~2^exp~c~30~2026~9~3|2026,9,15,15
totals	exp~c~10~2026~9~1^exp~c~20~2026~9~2^exp~c~30~2026~9~3^exp~c~40~2026~9~5^exp~c~50~2026~9~8^exp~c~60~2026~9~13^exp~c~70~2026~9~21|2026,9,1,25,2026,9,1
cmp	exp~c~10~2026~9~1^exp~c~20~2026~9~2^exp~c~30~2026~9~3^exp~c~40~2026~9~5^exp~c~50~2026~9~8^exp~c~60~2026~9~13^exp~c~70~2026~9~21|2026,9,1,25,2026,9,1
totals	exp~c~10~2026~9~1^exp~c~20~2026~9~2^exp~c~30~2026~9~3^exp~c~40~2026~9~5^exp~c~50~2026~9~8^exp~c~60~2026~9~13^exp~c~70~2026~9~21|2026,9,4,25,2026,9,4
cmp	exp~c~10~2026~9~1^exp~c~20~2026~9~2^exp~c~30~2026~9~3^exp~c~40~2026~9~5^exp~c~50~2026~9~8^exp~c~60~2026~9~13^exp~c~70~2026~9~21|2026,9,4,25,2026,9,4
totals	exp~c~10~2026~9~1^exp~c~20~2026~9~2^exp~c~30~2026~9~3^exp~c~40~2026~9~5^exp~c~50~2026~9~8^exp~c~60~2026~9~13^exp~c~70~2026~9~21|2026,9,7,25,2026,9,7
cmp	exp~c~10~2026~9~1^exp~c~20~2026~9~2^exp~c~30~2026~9~3^exp~c~40~2026~9~5^exp~c~50~2026~9~8^exp~c~60~2026~9~13^exp~c~70~2026~9~21|2026,9,7,25,2026,9,7
totals	exp~c~10~2026~9~1^exp~c~20~2026~9~2^exp~c~30~2026~9~3^exp~c~40~2026~9~5^exp~c~50~2026~9~8^exp~c~60~2026~9~13^exp~c~70~2026~9~21|2026,9,10,25,2026,9,10
cmp	exp~c~10~2026~9~1^exp~c~20~2026~9~2^exp~c~30~2026~9~3^exp~c~40~2026~9~5^exp~c~50~2026~9~8^exp~c~60~2026~9~13^exp~c~70~2026~9~21|2026,9,10,25,2026,9,10
totals	exp~c~10~2026~9~1^exp~c~20~2026~9~2^exp~c~30~2026~9~3^exp~c~40~2026~9~5^exp~c~50~2026~9~8^exp~c~60~2026~9~13^exp~c~70~2026~9~21|2026,9,13,25,2026,9,13
cmp	exp~c~10~2026~9~1^exp~c~20~2026~9~2^exp~c~30~2026~9~3^exp~c~40~2026~9~5^exp~c~50~2026~9~8^exp~c~60~2026~9~13^exp~c~70~2026~9~21|2026,9,13,25,2026,9,13
totals	exp~c~10~2026~9~1^exp~c~20~2026~9~2^exp~c~30~2026~9~3^exp~c~40~2026~9~5^exp~c~50~2026~9~8^exp~c~60~2026~9~13^exp~c~70~2026~9~21|2026,9,16,25,2026,9,16
cmp	exp~c~10~2026~9~1^exp~c~20~2026~9~2^exp~c~30~2026~9~3^exp~c~40~2026~9~5^exp~c~50~2026~9~8^exp~c~60~2026~9~13^exp~c~70~2026~9~21|2026,9,16,25,2026,9,16
totals	exp~c~10~2026~9~1^exp~c~20~2026~9~2^exp~c~30~2026~9~3^exp~c~40~2026~9~5^exp~c~50~2026~9~8^exp~c~60~2026~9~13^exp~c~70~2026~9~21|2026,9,19,25,2026,9,19
cmp	exp~c~10~2026~9~1^exp~c~20~2026~9~2^exp~c~30~2026~9~3^exp~c~40~2026~9~5^exp~c~50~2026~9~8^exp~c~60~2026~9~13^exp~c~70~2026~9~21|2026,9,19,25,2026,9,19
totals	exp~c~10~2026~9~1^exp~c~20~2026~9~2^exp~c~30~2026~9~3^exp~c~40~2026~9~5^exp~c~50~2026~9~8^exp~c~60~2026~9~13^exp~c~70~2026~9~21|2026,9,22,25,2026,9,22
cmp	exp~c~10~2026~9~1^exp~c~20~2026~9~2^exp~c~30~2026~9~3^exp~c~40~2026~9~5^exp~c~50~2026~9~8^exp~c~60~2026~9~13^exp~c~70~2026~9~21|2026,9,22,25,2026,9,22
totals	exp~c~10~2026~9~1^exp~c~20~2026~9~2^exp~c~30~2026~9~3^exp~c~40~2026~9~5^exp~c~50~2026~9~8^exp~c~60~2026~9~13^exp~c~70~2026~9~21|2026,9,25,25,2026,9,25
cmp	exp~c~10~2026~9~1^exp~c~20~2026~9~2^exp~c~30~2026~9~3^exp~c~40~2026~9~5^exp~c~50~2026~9~8^exp~c~60~2026~9~13^exp~c~70~2026~9~21|2026,9,25,25,2026,9,25
totals	exp~c~10~2026~9~1^exp~c~20~2026~9~2^exp~c~30~2026~9~3^exp~c~40~2026~9~5^exp~c~50~2026~9~8^exp~c~60~2026~9~13^exp~c~70~2026~9~21|2026,9,28,25,2026,9,28
cmp	exp~c~10~2026~9~1^exp~c~20~2026~9~2^exp~c~30~2026~9~3^exp~c~40~2026~9~5^exp~c~50~2026~9~8^exp~c~60~2026~9~13^exp~c~70~2026~9~21|2026,9,28,25,2026,9,28
trend	exp~c~10~2026~9~1^exp~c~20~2026~9~2^exp~c~30~2026~9~3|2026,9,15,25
totals	exp~c~10~2026~9~1^exp~c~20~2026~9~2^exp~c~30~2026~9~3^exp~c~40~2026~9~5^exp~c~50~2026~9~8^exp~c~60~2026~9~13^exp~c~70~2026~9~21|2026,9,1,28,2026,9,1
cmp	exp~c~10~2026~9~1^exp~c~20~2026~9~2^exp~c~30~2026~9~3^exp~c~40~2026~9~5^exp~c~50~2026~9~8^exp~c~60~2026~9~13^exp~c~70~2026~9~21|2026,9,1,28,2026,9,1
totals	exp~c~10~2026~9~1^exp~c~20~2026~9~2^exp~c~30~2026~9~3^exp~c~40~2026~9~5^exp~c~50~2026~9~8^exp~c~60~2026~9~13^exp~c~70~2026~9~21|2026,9,4,28,2026,9,4
cmp	exp~c~10~2026~9~1^exp~c~20~2026~9~2^exp~c~30~2026~9~3^exp~c~40~2026~9~5^exp~c~50~2026~9~8^exp~c~60~2026~9~13^exp~c~70~2026~9~21|2026,9,4,28,2026,9,4
totals	exp~c~10~2026~9~1^exp~c~20~2026~9~2^exp~c~30~2026~9~3^exp~c~40~2026~9~5^exp~c~50~2026~9~8^exp~c~60~2026~9~13^exp~c~70~2026~9~21|2026,9,7,28,2026,9,7
cmp	exp~c~10~2026~9~1^exp~c~20~2026~9~2^exp~c~30~2026~9~3^exp~c~40~2026~9~5^exp~c~50~2026~9~8^exp~c~60~2026~9~13^exp~c~70~2026~9~21|2026,9,7,28,2026,9,7
totals	exp~c~10~2026~9~1^exp~c~20~2026~9~2^exp~c~30~2026~9~3^exp~c~40~2026~9~5^exp~c~50~2026~9~8^exp~c~60~2026~9~13^exp~c~70~2026~9~21|2026,9,10,28,2026,9,10
cmp	exp~c~10~2026~9~1^exp~c~20~2026~9~2^exp~c~30~2026~9~3^exp~c~40~2026~9~5^exp~c~50~2026~9~8^exp~c~60~2026~9~13^exp~c~70~2026~9~21|2026,9,10,28,2026,9,10
totals	exp~c~10~2026~9~1^exp~c~20~2026~9~2^exp~c~30~2026~9~3^exp~c~40~2026~9~5^exp~c~50~2026~9~8^exp~c~60~2026~9~13^exp~c~70~2026~9~21|2026,9,13,28,2026,9,13
cmp	exp~c~10~2026~9~1^exp~c~20~2026~9~2^exp~c~30~2026~9~3^exp~c~40~2026~9~5^exp~c~50~2026~9~8^exp~c~60~2026~9~13^exp~c~70~2026~9~21|2026,9,13,28,2026,9,13
totals	exp~c~10~2026~9~1^exp~c~20~2026~9~2^exp~c~30~2026~9~3^exp~c~40~2026~9~5^exp~c~50~2026~9~8^exp~c~60~2026~9~13^exp~c~70~2026~9~21|2026,9,16,28,2026,9,16
cmp	exp~c~10~2026~9~1^exp~c~20~2026~9~2^exp~c~30~2026~9~3^exp~c~40~2026~9~5^exp~c~50~2026~9~8^exp~c~60~2026~9~13^exp~c~70~2026~9~21|2026,9,16,28,2026,9,16
totals	exp~c~10~2026~9~1^exp~c~20~2026~9~2^exp~c~30~2026~9~3^exp~c~40~2026~9~5^exp~c~50~2026~9~8^exp~c~60~2026~9~13^exp~c~70~2026~9~21|2026,9,19,28,2026,9,19
cmp	exp~c~10~2026~9~1^exp~c~20~2026~9~2^exp~c~30~2026~9~3^exp~c~40~2026~9~5^exp~c~50~2026~9~8^exp~c~60~2026~9~13^exp~c~70~2026~9~21|2026,9,19,28,2026,9,19
totals	exp~c~10~2026~9~1^exp~c~20~2026~9~2^exp~c~30~2026~9~3^exp~c~40~2026~9~5^exp~c~50~2026~9~8^exp~c~60~2026~9~13^exp~c~70~2026~9~21|2026,9,22,28,2026,9,22
cmp	exp~c~10~2026~9~1^exp~c~20~2026~9~2^exp~c~30~2026~9~3^exp~c~40~2026~9~5^exp~c~50~2026~9~8^exp~c~60~2026~9~13^exp~c~70~2026~9~21|2026,9,22,28,2026,9,22
totals	exp~c~10~2026~9~1^exp~c~20~2026~9~2^exp~c~30~2026~9~3^exp~c~40~2026~9~5^exp~c~50~2026~9~8^exp~c~60~2026~9~13^exp~c~70~2026~9~21|2026,9,25,28,2026,9,25
cmp	exp~c~10~2026~9~1^exp~c~20~2026~9~2^exp~c~30~2026~9~3^exp~c~40~2026~9~5^exp~c~50~2026~9~8^exp~c~60~2026~9~13^exp~c~70~2026~9~21|2026,9,25,28,2026,9,25
totals	exp~c~10~2026~9~1^exp~c~20~2026~9~2^exp~c~30~2026~9~3^exp~c~40~2026~9~5^exp~c~50~2026~9~8^exp~c~60~2026~9~13^exp~c~70~2026~9~21|2026,9,28,28,2026,9,28
cmp	exp~c~10~2026~9~1^exp~c~20~2026~9~2^exp~c~30~2026~9~3^exp~c~40~2026~9~5^exp~c~50~2026~9~8^exp~c~60~2026~9~13^exp~c~70~2026~9~21|2026,9,28,28,2026,9,28
trend	exp~c~10~2026~9~1^exp~c~20~2026~9~2^exp~c~30~2026~9~3|2026,9,15,28
totals	exp~c~10~2026~3~1^exp~c~20~2026~3~2^exp~c~30~2026~3~3^exp~c~40~2026~3~5^exp~c~50~2026~3~8^exp~c~60~2026~3~13^exp~c~70~2026~3~21|2026,3,1,1,2026,3,1
cmp	exp~c~10~2026~3~1^exp~c~20~2026~3~2^exp~c~30~2026~3~3^exp~c~40~2026~3~5^exp~c~50~2026~3~8^exp~c~60~2026~3~13^exp~c~70~2026~3~21|2026,3,1,1,2026,3,1
totals	exp~c~10~2026~3~1^exp~c~20~2026~3~2^exp~c~30~2026~3~3^exp~c~40~2026~3~5^exp~c~50~2026~3~8^exp~c~60~2026~3~13^exp~c~70~2026~3~21|2026,3,4,1,2026,3,4
cmp	exp~c~10~2026~3~1^exp~c~20~2026~3~2^exp~c~30~2026~3~3^exp~c~40~2026~3~5^exp~c~50~2026~3~8^exp~c~60~2026~3~13^exp~c~70~2026~3~21|2026,3,4,1,2026,3,4
totals	exp~c~10~2026~3~1^exp~c~20~2026~3~2^exp~c~30~2026~3~3^exp~c~40~2026~3~5^exp~c~50~2026~3~8^exp~c~60~2026~3~13^exp~c~70~2026~3~21|2026,3,7,1,2026,3,7
cmp	exp~c~10~2026~3~1^exp~c~20~2026~3~2^exp~c~30~2026~3~3^exp~c~40~2026~3~5^exp~c~50~2026~3~8^exp~c~60~2026~3~13^exp~c~70~2026~3~21|2026,3,7,1,2026,3,7
totals	exp~c~10~2026~3~1^exp~c~20~2026~3~2^exp~c~30~2026~3~3^exp~c~40~2026~3~5^exp~c~50~2026~3~8^exp~c~60~2026~3~13^exp~c~70~2026~3~21|2026,3,10,1,2026,3,10
cmp	exp~c~10~2026~3~1^exp~c~20~2026~3~2^exp~c~30~2026~3~3^exp~c~40~2026~3~5^exp~c~50~2026~3~8^exp~c~60~2026~3~13^exp~c~70~2026~3~21|2026,3,10,1,2026,3,10
totals	exp~c~10~2026~3~1^exp~c~20~2026~3~2^exp~c~30~2026~3~3^exp~c~40~2026~3~5^exp~c~50~2026~3~8^exp~c~60~2026~3~13^exp~c~70~2026~3~21|2026,3,13,1,2026,3,13
cmp	exp~c~10~2026~3~1^exp~c~20~2026~3~2^exp~c~30~2026~3~3^exp~c~40~2026~3~5^exp~c~50~2026~3~8^exp~c~60~2026~3~13^exp~c~70~2026~3~21|2026,3,13,1,2026,3,13
totals	exp~c~10~2026~3~1^exp~c~20~2026~3~2^exp~c~30~2026~3~3^exp~c~40~2026~3~5^exp~c~50~2026~3~8^exp~c~60~2026~3~13^exp~c~70~2026~3~21|2026,3,16,1,2026,3,16
cmp	exp~c~10~2026~3~1^exp~c~20~2026~3~2^exp~c~30~2026~3~3^exp~c~40~2026~3~5^exp~c~50~2026~3~8^exp~c~60~2026~3~13^exp~c~70~2026~3~21|2026,3,16,1,2026,3,16
totals	exp~c~10~2026~3~1^exp~c~20~2026~3~2^exp~c~30~2026~3~3^exp~c~40~2026~3~5^exp~c~50~2026~3~8^exp~c~60~2026~3~13^exp~c~70~2026~3~21|2026,3,19,1,2026,3,19
cmp	exp~c~10~2026~3~1^exp~c~20~2026~3~2^exp~c~30~2026~3~3^exp~c~40~2026~3~5^exp~c~50~2026~3~8^exp~c~60~2026~3~13^exp~c~70~2026~3~21|2026,3,19,1,2026,3,19
totals	exp~c~10~2026~3~1^exp~c~20~2026~3~2^exp~c~30~2026~3~3^exp~c~40~2026~3~5^exp~c~50~2026~3~8^exp~c~60~2026~3~13^exp~c~70~2026~3~21|2026,3,22,1,2026,3,22
cmp	exp~c~10~2026~3~1^exp~c~20~2026~3~2^exp~c~30~2026~3~3^exp~c~40~2026~3~5^exp~c~50~2026~3~8^exp~c~60~2026~3~13^exp~c~70~2026~3~21|2026,3,22,1,2026,3,22
totals	exp~c~10~2026~3~1^exp~c~20~2026~3~2^exp~c~30~2026~3~3^exp~c~40~2026~3~5^exp~c~50~2026~3~8^exp~c~60~2026~3~13^exp~c~70~2026~3~21|2026,3,25,1,2026,3,25
cmp	exp~c~10~2026~3~1^exp~c~20~2026~3~2^exp~c~30~2026~3~3^exp~c~40~2026~3~5^exp~c~50~2026~3~8^exp~c~60~2026~3~13^exp~c~70~2026~3~21|2026,3,25,1,2026,3,25
totals	exp~c~10~2026~3~1^exp~c~20~2026~3~2^exp~c~30~2026~3~3^exp~c~40~2026~3~5^exp~c~50~2026~3~8^exp~c~60~2026~3~13^exp~c~70~2026~3~21|2026,3,28,1,2026,3,28
cmp	exp~c~10~2026~3~1^exp~c~20~2026~3~2^exp~c~30~2026~3~3^exp~c~40~2026~3~5^exp~c~50~2026~3~8^exp~c~60~2026~3~13^exp~c~70~2026~3~21|2026,3,28,1,2026,3,28
trend	exp~c~10~2026~3~1^exp~c~20~2026~3~2^exp~c~30~2026~3~3|2026,3,15,1
totals	exp~c~10~2026~3~1^exp~c~20~2026~3~2^exp~c~30~2026~3~3^exp~c~40~2026~3~5^exp~c~50~2026~3~8^exp~c~60~2026~3~13^exp~c~70~2026~3~21|2026,3,1,15,2026,3,1
cmp	exp~c~10~2026~3~1^exp~c~20~2026~3~2^exp~c~30~2026~3~3^exp~c~40~2026~3~5^exp~c~50~2026~3~8^exp~c~60~2026~3~13^exp~c~70~2026~3~21|2026,3,1,15,2026,3,1
totals	exp~c~10~2026~3~1^exp~c~20~2026~3~2^exp~c~30~2026~3~3^exp~c~40~2026~3~5^exp~c~50~2026~3~8^exp~c~60~2026~3~13^exp~c~70~2026~3~21|2026,3,4,15,2026,3,4
cmp	exp~c~10~2026~3~1^exp~c~20~2026~3~2^exp~c~30~2026~3~3^exp~c~40~2026~3~5^exp~c~50~2026~3~8^exp~c~60~2026~3~13^exp~c~70~2026~3~21|2026,3,4,15,2026,3,4
totals	exp~c~10~2026~3~1^exp~c~20~2026~3~2^exp~c~30~2026~3~3^exp~c~40~2026~3~5^exp~c~50~2026~3~8^exp~c~60~2026~3~13^exp~c~70~2026~3~21|2026,3,7,15,2026,3,7
cmp	exp~c~10~2026~3~1^exp~c~20~2026~3~2^exp~c~30~2026~3~3^exp~c~40~2026~3~5^exp~c~50~2026~3~8^exp~c~60~2026~3~13^exp~c~70~2026~3~21|2026,3,7,15,2026,3,7
totals	exp~c~10~2026~3~1^exp~c~20~2026~3~2^exp~c~30~2026~3~3^exp~c~40~2026~3~5^exp~c~50~2026~3~8^exp~c~60~2026~3~13^exp~c~70~2026~3~21|2026,3,10,15,2026,3,10
cmp	exp~c~10~2026~3~1^exp~c~20~2026~3~2^exp~c~30~2026~3~3^exp~c~40~2026~3~5^exp~c~50~2026~3~8^exp~c~60~2026~3~13^exp~c~70~2026~3~21|2026,3,10,15,2026,3,10
totals	exp~c~10~2026~3~1^exp~c~20~2026~3~2^exp~c~30~2026~3~3^exp~c~40~2026~3~5^exp~c~50~2026~3~8^exp~c~60~2026~3~13^exp~c~70~2026~3~21|2026,3,13,15,2026,3,13
cmp	exp~c~10~2026~3~1^exp~c~20~2026~3~2^exp~c~30~2026~3~3^exp~c~40~2026~3~5^exp~c~50~2026~3~8^exp~c~60~2026~3~13^exp~c~70~2026~3~21|2026,3,13,15,2026,3,13
totals	exp~c~10~2026~3~1^exp~c~20~2026~3~2^exp~c~30~2026~3~3^exp~c~40~2026~3~5^exp~c~50~2026~3~8^exp~c~60~2026~3~13^exp~c~70~2026~3~21|2026,3,16,15,2026,3,16
cmp	exp~c~10~2026~3~1^exp~c~20~2026~3~2^exp~c~30~2026~3~3^exp~c~40~2026~3~5^exp~c~50~2026~3~8^exp~c~60~2026~3~13^exp~c~70~2026~3~21|2026,3,16,15,2026,3,16
totals	exp~c~10~2026~3~1^exp~c~20~2026~3~2^exp~c~30~2026~3~3^exp~c~40~2026~3~5^exp~c~50~2026~3~8^exp~c~60~2026~3~13^exp~c~70~2026~3~21|2026,3,19,15,2026,3,19
cmp	exp~c~10~2026~3~1^exp~c~20~2026~3~2^exp~c~30~2026~3~3^exp~c~40~2026~3~5^exp~c~50~2026~3~8^exp~c~60~2026~3~13^exp~c~70~2026~3~21|2026,3,19,15,2026,3,19
totals	exp~c~10~2026~3~1^exp~c~20~2026~3~2^exp~c~30~2026~3~3^exp~c~40~2026~3~5^exp~c~50~2026~3~8^exp~c~60~2026~3~13^exp~c~70~2026~3~21|2026,3,22,15,2026,3,22
cmp	exp~c~10~2026~3~1^exp~c~20~2026~3~2^exp~c~30~2026~3~3^exp~c~40~2026~3~5^exp~c~50~2026~3~8^exp~c~60~2026~3~13^exp~c~70~2026~3~21|2026,3,22,15,2026,3,22
totals	exp~c~10~2026~3~1^exp~c~20~2026~3~2^exp~c~30~2026~3~3^exp~c~40~2026~3~5^exp~c~50~2026~3~8^exp~c~60~2026~3~13^exp~c~70~2026~3~21|2026,3,25,15,2026,3,25
cmp	exp~c~10~2026~3~1^exp~c~20~2026~3~2^exp~c~30~2026~3~3^exp~c~40~2026~3~5^exp~c~50~2026~3~8^exp~c~60~2026~3~13^exp~c~70~2026~3~21|2026,3,25,15,2026,3,25
totals	exp~c~10~2026~3~1^exp~c~20~2026~3~2^exp~c~30~2026~3~3^exp~c~40~2026~3~5^exp~c~50~2026~3~8^exp~c~60~2026~3~13^exp~c~70~2026~3~21|2026,3,28,15,2026,3,28
cmp	exp~c~10~2026~3~1^exp~c~20~2026~3~2^exp~c~30~2026~3~3^exp~c~40~2026~3~5^exp~c~50~2026~3~8^exp~c~60~2026~3~13^exp~c~70~2026~3~21|2026,3,28,15,2026,3,28
trend	exp~c~10~2026~3~1^exp~c~20~2026~3~2^exp~c~30~2026~3~3|2026,3,15,15
totals	exp~c~10~2026~3~1^exp~c~20~2026~3~2^exp~c~30~2026~3~3^exp~c~40~2026~3~5^exp~c~50~2026~3~8^exp~c~60~2026~3~13^exp~c~70~2026~3~21|2026,3,1,25,2026,3,1
cmp	exp~c~10~2026~3~1^exp~c~20~2026~3~2^exp~c~30~2026~3~3^exp~c~40~2026~3~5^exp~c~50~2026~3~8^exp~c~60~2026~3~13^exp~c~70~2026~3~21|2026,3,1,25,2026,3,1
totals	exp~c~10~2026~3~1^exp~c~20~2026~3~2^exp~c~30~2026~3~3^exp~c~40~2026~3~5^exp~c~50~2026~3~8^exp~c~60~2026~3~13^exp~c~70~2026~3~21|2026,3,4,25,2026,3,4
cmp	exp~c~10~2026~3~1^exp~c~20~2026~3~2^exp~c~30~2026~3~3^exp~c~40~2026~3~5^exp~c~50~2026~3~8^exp~c~60~2026~3~13^exp~c~70~2026~3~21|2026,3,4,25,2026,3,4
totals	exp~c~10~2026~3~1^exp~c~20~2026~3~2^exp~c~30~2026~3~3^exp~c~40~2026~3~5^exp~c~50~2026~3~8^exp~c~60~2026~3~13^exp~c~70~2026~3~21|2026,3,7,25,2026,3,7
cmp	exp~c~10~2026~3~1^exp~c~20~2026~3~2^exp~c~30~2026~3~3^exp~c~40~2026~3~5^exp~c~50~2026~3~8^exp~c~60~2026~3~13^exp~c~70~2026~3~21|2026,3,7,25,2026,3,7
totals	exp~c~10~2026~3~1^exp~c~20~2026~3~2^exp~c~30~2026~3~3^exp~c~40~2026~3~5^exp~c~50~2026~3~8^exp~c~60~2026~3~13^exp~c~70~2026~3~21|2026,3,10,25,2026,3,10
cmp	exp~c~10~2026~3~1^exp~c~20~2026~3~2^exp~c~30~2026~3~3^exp~c~40~2026~3~5^exp~c~50~2026~3~8^exp~c~60~2026~3~13^exp~c~70~2026~3~21|2026,3,10,25,2026,3,10
totals	exp~c~10~2026~3~1^exp~c~20~2026~3~2^exp~c~30~2026~3~3^exp~c~40~2026~3~5^exp~c~50~2026~3~8^exp~c~60~2026~3~13^exp~c~70~2026~3~21|2026,3,13,25,2026,3,13
cmp	exp~c~10~2026~3~1^exp~c~20~2026~3~2^exp~c~30~2026~3~3^exp~c~40~2026~3~5^exp~c~50~2026~3~8^exp~c~60~2026~3~13^exp~c~70~2026~3~21|2026,3,13,25,2026,3,13
totals	exp~c~10~2026~3~1^exp~c~20~2026~3~2^exp~c~30~2026~3~3^exp~c~40~2026~3~5^exp~c~50~2026~3~8^exp~c~60~2026~3~13^exp~c~70~2026~3~21|2026,3,16,25,2026,3,16
cmp	exp~c~10~2026~3~1^exp~c~20~2026~3~2^exp~c~30~2026~3~3^exp~c~40~2026~3~5^exp~c~50~2026~3~8^exp~c~60~2026~3~13^exp~c~70~2026~3~21|2026,3,16,25,2026,3,16
totals	exp~c~10~2026~3~1^exp~c~20~2026~3~2^exp~c~30~2026~3~3^exp~c~40~2026~3~5^exp~c~50~2026~3~8^exp~c~60~2026~3~13^exp~c~70~2026~3~21|2026,3,19,25,2026,3,19
cmp	exp~c~10~2026~3~1^exp~c~20~2026~3~2^exp~c~30~2026~3~3^exp~c~40~2026~3~5^exp~c~50~2026~3~8^exp~c~60~2026~3~13^exp~c~70~2026~3~21|2026,3,19,25,2026,3,19
totals	exp~c~10~2026~3~1^exp~c~20~2026~3~2^exp~c~30~2026~3~3^exp~c~40~2026~3~5^exp~c~50~2026~3~8^exp~c~60~2026~3~13^exp~c~70~2026~3~21|2026,3,22,25,2026,3,22
cmp	exp~c~10~2026~3~1^exp~c~20~2026~3~2^exp~c~30~2026~3~3^exp~c~40~2026~3~5^exp~c~50~2026~3~8^exp~c~60~2026~3~13^exp~c~70~2026~3~21|2026,3,22,25,2026,3,22
totals	exp~c~10~2026~3~1^exp~c~20~2026~3~2^exp~c~30~2026~3~3^exp~c~40~2026~3~5^exp~c~50~2026~3~8^exp~c~60~2026~3~13^exp~c~70~2026~3~21|2026,3,25,25,2026,3,25
cmp	exp~c~10~2026~3~1^exp~c~20~2026~3~2^exp~c~30~2026~3~3^exp~c~40~2026~3~5^exp~c~50~2026~3~8^exp~c~60~2026~3~13^exp~c~70~2026~3~21|2026,3,25,25,2026,3,25
totals	exp~c~10~2026~3~1^exp~c~20~2026~3~2^exp~c~30~2026~3~3^exp~c~40~2026~3~5^exp~c~50~2026~3~8^exp~c~60~2026~3~13^exp~c~70~2026~3~21|2026,3,28,25,2026,3,28
cmp	exp~c~10~2026~3~1^exp~c~20~2026~3~2^exp~c~30~2026~3~3^exp~c~40~2026~3~5^exp~c~50~2026~3~8^exp~c~60~2026~3~13^exp~c~70~2026~3~21|2026,3,28,25,2026,3,28
trend	exp~c~10~2026~3~1^exp~c~20~2026~3~2^exp~c~30~2026~3~3|2026,3,15,25
totals	exp~c~10~2026~3~1^exp~c~20~2026~3~2^exp~c~30~2026~3~3^exp~c~40~2026~3~5^exp~c~50~2026~3~8^exp~c~60~2026~3~13^exp~c~70~2026~3~21|2026,3,1,28,2026,3,1
cmp	exp~c~10~2026~3~1^exp~c~20~2026~3~2^exp~c~30~2026~3~3^exp~c~40~2026~3~5^exp~c~50~2026~3~8^exp~c~60~2026~3~13^exp~c~70~2026~3~21|2026,3,1,28,2026,3,1
totals	exp~c~10~2026~3~1^exp~c~20~2026~3~2^exp~c~30~2026~3~3^exp~c~40~2026~3~5^exp~c~50~2026~3~8^exp~c~60~2026~3~13^exp~c~70~2026~3~21|2026,3,4,28,2026,3,4
cmp	exp~c~10~2026~3~1^exp~c~20~2026~3~2^exp~c~30~2026~3~3^exp~c~40~2026~3~5^exp~c~50~2026~3~8^exp~c~60~2026~3~13^exp~c~70~2026~3~21|2026,3,4,28,2026,3,4
totals	exp~c~10~2026~3~1^exp~c~20~2026~3~2^exp~c~30~2026~3~3^exp~c~40~2026~3~5^exp~c~50~2026~3~8^exp~c~60~2026~3~13^exp~c~70~2026~3~21|2026,3,7,28,2026,3,7
cmp	exp~c~10~2026~3~1^exp~c~20~2026~3~2^exp~c~30~2026~3~3^exp~c~40~2026~3~5^exp~c~50~2026~3~8^exp~c~60~2026~3~13^exp~c~70~2026~3~21|2026,3,7,28,2026,3,7
totals	exp~c~10~2026~3~1^exp~c~20~2026~3~2^exp~c~30~2026~3~3^exp~c~40~2026~3~5^exp~c~50~2026~3~8^exp~c~60~2026~3~13^exp~c~70~2026~3~21|2026,3,10,28,2026,3,10
cmp	exp~c~10~2026~3~1^exp~c~20~2026~3~2^exp~c~30~2026~3~3^exp~c~40~2026~3~5^exp~c~50~2026~3~8^exp~c~60~2026~3~13^exp~c~70~2026~3~21|2026,3,10,28,2026,3,10
totals	exp~c~10~2026~3~1^exp~c~20~2026~3~2^exp~c~30~2026~3~3^exp~c~40~2026~3~5^exp~c~50~2026~3~8^exp~c~60~2026~3~13^exp~c~70~2026~3~21|2026,3,13,28,2026,3,13
cmp	exp~c~10~2026~3~1^exp~c~20~2026~3~2^exp~c~30~2026~3~3^exp~c~40~2026~3~5^exp~c~50~2026~3~8^exp~c~60~2026~3~13^exp~c~70~2026~3~21|2026,3,13,28,2026,3,13
totals	exp~c~10~2026~3~1^exp~c~20~2026~3~2^exp~c~30~2026~3~3^exp~c~40~2026~3~5^exp~c~50~2026~3~8^exp~c~60~2026~3~13^exp~c~70~2026~3~21|2026,3,16,28,2026,3,16
cmp	exp~c~10~2026~3~1^exp~c~20~2026~3~2^exp~c~30~2026~3~3^exp~c~40~2026~3~5^exp~c~50~2026~3~8^exp~c~60~2026~3~13^exp~c~70~2026~3~21|2026,3,16,28,2026,3,16
totals	exp~c~10~2026~3~1^exp~c~20~2026~3~2^exp~c~30~2026~3~3^exp~c~40~2026~3~5^exp~c~50~2026~3~8^exp~c~60~2026~3~13^exp~c~70~2026~3~21|2026,3,19,28,2026,3,19
cmp	exp~c~10~2026~3~1^exp~c~20~2026~3~2^exp~c~30~2026~3~3^exp~c~40~2026~3~5^exp~c~50~2026~3~8^exp~c~60~2026~3~13^exp~c~70~2026~3~21|2026,3,19,28,2026,3,19
totals	exp~c~10~2026~3~1^exp~c~20~2026~3~2^exp~c~30~2026~3~3^exp~c~40~2026~3~5^exp~c~50~2026~3~8^exp~c~60~2026~3~13^exp~c~70~2026~3~21|2026,3,22,28,2026,3,22
cmp	exp~c~10~2026~3~1^exp~c~20~2026~3~2^exp~c~30~2026~3~3^exp~c~40~2026~3~5^exp~c~50~2026~3~8^exp~c~60~2026~3~13^exp~c~70~2026~3~21|2026,3,22,28,2026,3,22
totals	exp~c~10~2026~3~1^exp~c~20~2026~3~2^exp~c~30~2026~3~3^exp~c~40~2026~3~5^exp~c~50~2026~3~8^exp~c~60~2026~3~13^exp~c~70~2026~3~21|2026,3,25,28,2026,3,25
cmp	exp~c~10~2026~3~1^exp~c~20~2026~3~2^exp~c~30~2026~3~3^exp~c~40~2026~3~5^exp~c~50~2026~3~8^exp~c~60~2026~3~13^exp~c~70~2026~3~21|2026,3,25,28,2026,3,25
totals	exp~c~10~2026~3~1^exp~c~20~2026~3~2^exp~c~30~2026~3~3^exp~c~40~2026~3~5^exp~c~50~2026~3~8^exp~c~60~2026~3~13^exp~c~70~2026~3~21|2026,3,28,28,2026,3,28
cmp	exp~c~10~2026~3~1^exp~c~20~2026~3~2^exp~c~30~2026~3~3^exp~c~40~2026~3~5^exp~c~50~2026~3~8^exp~c~60~2026~3~13^exp~c~70~2026~3~21|2026,3,28,28,2026,3,28
trend	exp~c~10~2026~3~1^exp~c~20~2026~3~2^exp~c~30~2026~3~3|2026,3,15,28
totals	exp~c~10~2026~5~1^exp~c~20~2026~5~2^exp~c~30~2026~5~3^exp~c~40~2026~5~5^exp~c~50~2026~5~8^exp~c~60~2026~5~13^exp~c~70~2026~5~21|2026,5,1,1,2026,5,1
cmp	exp~c~10~2026~5~1^exp~c~20~2026~5~2^exp~c~30~2026~5~3^exp~c~40~2026~5~5^exp~c~50~2026~5~8^exp~c~60~2026~5~13^exp~c~70~2026~5~21|2026,5,1,1,2026,5,1
totals	exp~c~10~2026~5~1^exp~c~20~2026~5~2^exp~c~30~2026~5~3^exp~c~40~2026~5~5^exp~c~50~2026~5~8^exp~c~60~2026~5~13^exp~c~70~2026~5~21|2026,5,4,1,2026,5,4
cmp	exp~c~10~2026~5~1^exp~c~20~2026~5~2^exp~c~30~2026~5~3^exp~c~40~2026~5~5^exp~c~50~2026~5~8^exp~c~60~2026~5~13^exp~c~70~2026~5~21|2026,5,4,1,2026,5,4
totals	exp~c~10~2026~5~1^exp~c~20~2026~5~2^exp~c~30~2026~5~3^exp~c~40~2026~5~5^exp~c~50~2026~5~8^exp~c~60~2026~5~13^exp~c~70~2026~5~21|2026,5,7,1,2026,5,7
cmp	exp~c~10~2026~5~1^exp~c~20~2026~5~2^exp~c~30~2026~5~3^exp~c~40~2026~5~5^exp~c~50~2026~5~8^exp~c~60~2026~5~13^exp~c~70~2026~5~21|2026,5,7,1,2026,5,7
totals	exp~c~10~2026~5~1^exp~c~20~2026~5~2^exp~c~30~2026~5~3^exp~c~40~2026~5~5^exp~c~50~2026~5~8^exp~c~60~2026~5~13^exp~c~70~2026~5~21|2026,5,10,1,2026,5,10
cmp	exp~c~10~2026~5~1^exp~c~20~2026~5~2^exp~c~30~2026~5~3^exp~c~40~2026~5~5^exp~c~50~2026~5~8^exp~c~60~2026~5~13^exp~c~70~2026~5~21|2026,5,10,1,2026,5,10
totals	exp~c~10~2026~5~1^exp~c~20~2026~5~2^exp~c~30~2026~5~3^exp~c~40~2026~5~5^exp~c~50~2026~5~8^exp~c~60~2026~5~13^exp~c~70~2026~5~21|2026,5,13,1,2026,5,13
cmp	exp~c~10~2026~5~1^exp~c~20~2026~5~2^exp~c~30~2026~5~3^exp~c~40~2026~5~5^exp~c~50~2026~5~8^exp~c~60~2026~5~13^exp~c~70~2026~5~21|2026,5,13,1,2026,5,13
totals	exp~c~10~2026~5~1^exp~c~20~2026~5~2^exp~c~30~2026~5~3^exp~c~40~2026~5~5^exp~c~50~2026~5~8^exp~c~60~2026~5~13^exp~c~70~2026~5~21|2026,5,16,1,2026,5,16
cmp	exp~c~10~2026~5~1^exp~c~20~2026~5~2^exp~c~30~2026~5~3^exp~c~40~2026~5~5^exp~c~50~2026~5~8^exp~c~60~2026~5~13^exp~c~70~2026~5~21|2026,5,16,1,2026,5,16
totals	exp~c~10~2026~5~1^exp~c~20~2026~5~2^exp~c~30~2026~5~3^exp~c~40~2026~5~5^exp~c~50~2026~5~8^exp~c~60~2026~5~13^exp~c~70~2026~5~21|2026,5,19,1,2026,5,19
cmp	exp~c~10~2026~5~1^exp~c~20~2026~5~2^exp~c~30~2026~5~3^exp~c~40~2026~5~5^exp~c~50~2026~5~8^exp~c~60~2026~5~13^exp~c~70~2026~5~21|2026,5,19,1,2026,5,19
totals	exp~c~10~2026~5~1^exp~c~20~2026~5~2^exp~c~30~2026~5~3^exp~c~40~2026~5~5^exp~c~50~2026~5~8^exp~c~60~2026~5~13^exp~c~70~2026~5~21|2026,5,22,1,2026,5,22
cmp	exp~c~10~2026~5~1^exp~c~20~2026~5~2^exp~c~30~2026~5~3^exp~c~40~2026~5~5^exp~c~50~2026~5~8^exp~c~60~2026~5~13^exp~c~70~2026~5~21|2026,5,22,1,2026,5,22
totals	exp~c~10~2026~5~1^exp~c~20~2026~5~2^exp~c~30~2026~5~3^exp~c~40~2026~5~5^exp~c~50~2026~5~8^exp~c~60~2026~5~13^exp~c~70~2026~5~21|2026,5,25,1,2026,5,25
cmp	exp~c~10~2026~5~1^exp~c~20~2026~5~2^exp~c~30~2026~5~3^exp~c~40~2026~5~5^exp~c~50~2026~5~8^exp~c~60~2026~5~13^exp~c~70~2026~5~21|2026,5,25,1,2026,5,25
totals	exp~c~10~2026~5~1^exp~c~20~2026~5~2^exp~c~30~2026~5~3^exp~c~40~2026~5~5^exp~c~50~2026~5~8^exp~c~60~2026~5~13^exp~c~70~2026~5~21|2026,5,28,1,2026,5,28
cmp	exp~c~10~2026~5~1^exp~c~20~2026~5~2^exp~c~30~2026~5~3^exp~c~40~2026~5~5^exp~c~50~2026~5~8^exp~c~60~2026~5~13^exp~c~70~2026~5~21|2026,5,28,1,2026,5,28
trend	exp~c~10~2026~5~1^exp~c~20~2026~5~2^exp~c~30~2026~5~3|2026,5,15,1
totals	exp~c~10~2026~5~1^exp~c~20~2026~5~2^exp~c~30~2026~5~3^exp~c~40~2026~5~5^exp~c~50~2026~5~8^exp~c~60~2026~5~13^exp~c~70~2026~5~21|2026,5,1,15,2026,5,1
cmp	exp~c~10~2026~5~1^exp~c~20~2026~5~2^exp~c~30~2026~5~3^exp~c~40~2026~5~5^exp~c~50~2026~5~8^exp~c~60~2026~5~13^exp~c~70~2026~5~21|2026,5,1,15,2026,5,1
totals	exp~c~10~2026~5~1^exp~c~20~2026~5~2^exp~c~30~2026~5~3^exp~c~40~2026~5~5^exp~c~50~2026~5~8^exp~c~60~2026~5~13^exp~c~70~2026~5~21|2026,5,4,15,2026,5,4
cmp	exp~c~10~2026~5~1^exp~c~20~2026~5~2^exp~c~30~2026~5~3^exp~c~40~2026~5~5^exp~c~50~2026~5~8^exp~c~60~2026~5~13^exp~c~70~2026~5~21|2026,5,4,15,2026,5,4
totals	exp~c~10~2026~5~1^exp~c~20~2026~5~2^exp~c~30~2026~5~3^exp~c~40~2026~5~5^exp~c~50~2026~5~8^exp~c~60~2026~5~13^exp~c~70~2026~5~21|2026,5,7,15,2026,5,7
cmp	exp~c~10~2026~5~1^exp~c~20~2026~5~2^exp~c~30~2026~5~3^exp~c~40~2026~5~5^exp~c~50~2026~5~8^exp~c~60~2026~5~13^exp~c~70~2026~5~21|2026,5,7,15,2026,5,7
totals	exp~c~10~2026~5~1^exp~c~20~2026~5~2^exp~c~30~2026~5~3^exp~c~40~2026~5~5^exp~c~50~2026~5~8^exp~c~60~2026~5~13^exp~c~70~2026~5~21|2026,5,10,15,2026,5,10
cmp	exp~c~10~2026~5~1^exp~c~20~2026~5~2^exp~c~30~2026~5~3^exp~c~40~2026~5~5^exp~c~50~2026~5~8^exp~c~60~2026~5~13^exp~c~70~2026~5~21|2026,5,10,15,2026,5,10
totals	exp~c~10~2026~5~1^exp~c~20~2026~5~2^exp~c~30~2026~5~3^exp~c~40~2026~5~5^exp~c~50~2026~5~8^exp~c~60~2026~5~13^exp~c~70~2026~5~21|2026,5,13,15,2026,5,13
cmp	exp~c~10~2026~5~1^exp~c~20~2026~5~2^exp~c~30~2026~5~3^exp~c~40~2026~5~5^exp~c~50~2026~5~8^exp~c~60~2026~5~13^exp~c~70~2026~5~21|2026,5,13,15,2026,5,13
totals	exp~c~10~2026~5~1^exp~c~20~2026~5~2^exp~c~30~2026~5~3^exp~c~40~2026~5~5^exp~c~50~2026~5~8^exp~c~60~2026~5~13^exp~c~70~2026~5~21|2026,5,16,15,2026,5,16
cmp	exp~c~10~2026~5~1^exp~c~20~2026~5~2^exp~c~30~2026~5~3^exp~c~40~2026~5~5^exp~c~50~2026~5~8^exp~c~60~2026~5~13^exp~c~70~2026~5~21|2026,5,16,15,2026,5,16
totals	exp~c~10~2026~5~1^exp~c~20~2026~5~2^exp~c~30~2026~5~3^exp~c~40~2026~5~5^exp~c~50~2026~5~8^exp~c~60~2026~5~13^exp~c~70~2026~5~21|2026,5,19,15,2026,5,19
cmp	exp~c~10~2026~5~1^exp~c~20~2026~5~2^exp~c~30~2026~5~3^exp~c~40~2026~5~5^exp~c~50~2026~5~8^exp~c~60~2026~5~13^exp~c~70~2026~5~21|2026,5,19,15,2026,5,19
totals	exp~c~10~2026~5~1^exp~c~20~2026~5~2^exp~c~30~2026~5~3^exp~c~40~2026~5~5^exp~c~50~2026~5~8^exp~c~60~2026~5~13^exp~c~70~2026~5~21|2026,5,22,15,2026,5,22
cmp	exp~c~10~2026~5~1^exp~c~20~2026~5~2^exp~c~30~2026~5~3^exp~c~40~2026~5~5^exp~c~50~2026~5~8^exp~c~60~2026~5~13^exp~c~70~2026~5~21|2026,5,22,15,2026,5,22
totals	exp~c~10~2026~5~1^exp~c~20~2026~5~2^exp~c~30~2026~5~3^exp~c~40~2026~5~5^exp~c~50~2026~5~8^exp~c~60~2026~5~13^exp~c~70~2026~5~21|2026,5,25,15,2026,5,25
cmp	exp~c~10~2026~5~1^exp~c~20~2026~5~2^exp~c~30~2026~5~3^exp~c~40~2026~5~5^exp~c~50~2026~5~8^exp~c~60~2026~5~13^exp~c~70~2026~5~21|2026,5,25,15,2026,5,25
totals	exp~c~10~2026~5~1^exp~c~20~2026~5~2^exp~c~30~2026~5~3^exp~c~40~2026~5~5^exp~c~50~2026~5~8^exp~c~60~2026~5~13^exp~c~70~2026~5~21|2026,5,28,15,2026,5,28
cmp	exp~c~10~2026~5~1^exp~c~20~2026~5~2^exp~c~30~2026~5~3^exp~c~40~2026~5~5^exp~c~50~2026~5~8^exp~c~60~2026~5~13^exp~c~70~2026~5~21|2026,5,28,15,2026,5,28
trend	exp~c~10~2026~5~1^exp~c~20~2026~5~2^exp~c~30~2026~5~3|2026,5,15,15
totals	exp~c~10~2026~5~1^exp~c~20~2026~5~2^exp~c~30~2026~5~3^exp~c~40~2026~5~5^exp~c~50~2026~5~8^exp~c~60~2026~5~13^exp~c~70~2026~5~21|2026,5,1,25,2026,5,1
cmp	exp~c~10~2026~5~1^exp~c~20~2026~5~2^exp~c~30~2026~5~3^exp~c~40~2026~5~5^exp~c~50~2026~5~8^exp~c~60~2026~5~13^exp~c~70~2026~5~21|2026,5,1,25,2026,5,1
totals	exp~c~10~2026~5~1^exp~c~20~2026~5~2^exp~c~30~2026~5~3^exp~c~40~2026~5~5^exp~c~50~2026~5~8^exp~c~60~2026~5~13^exp~c~70~2026~5~21|2026,5,4,25,2026,5,4
cmp	exp~c~10~2026~5~1^exp~c~20~2026~5~2^exp~c~30~2026~5~3^exp~c~40~2026~5~5^exp~c~50~2026~5~8^exp~c~60~2026~5~13^exp~c~70~2026~5~21|2026,5,4,25,2026,5,4
totals	exp~c~10~2026~5~1^exp~c~20~2026~5~2^exp~c~30~2026~5~3^exp~c~40~2026~5~5^exp~c~50~2026~5~8^exp~c~60~2026~5~13^exp~c~70~2026~5~21|2026,5,7,25,2026,5,7
cmp	exp~c~10~2026~5~1^exp~c~20~2026~5~2^exp~c~30~2026~5~3^exp~c~40~2026~5~5^exp~c~50~2026~5~8^exp~c~60~2026~5~13^exp~c~70~2026~5~21|2026,5,7,25,2026,5,7
totals	exp~c~10~2026~5~1^exp~c~20~2026~5~2^exp~c~30~2026~5~3^exp~c~40~2026~5~5^exp~c~50~2026~5~8^exp~c~60~2026~5~13^exp~c~70~2026~5~21|2026,5,10,25,2026,5,10
cmp	exp~c~10~2026~5~1^exp~c~20~2026~5~2^exp~c~30~2026~5~3^exp~c~40~2026~5~5^exp~c~50~2026~5~8^exp~c~60~2026~5~13^exp~c~70~2026~5~21|2026,5,10,25,2026,5,10
totals	exp~c~10~2026~5~1^exp~c~20~2026~5~2^exp~c~30~2026~5~3^exp~c~40~2026~5~5^exp~c~50~2026~5~8^exp~c~60~2026~5~13^exp~c~70~2026~5~21|2026,5,13,25,2026,5,13
cmp	exp~c~10~2026~5~1^exp~c~20~2026~5~2^exp~c~30~2026~5~3^exp~c~40~2026~5~5^exp~c~50~2026~5~8^exp~c~60~2026~5~13^exp~c~70~2026~5~21|2026,5,13,25,2026,5,13
totals	exp~c~10~2026~5~1^exp~c~20~2026~5~2^exp~c~30~2026~5~3^exp~c~40~2026~5~5^exp~c~50~2026~5~8^exp~c~60~2026~5~13^exp~c~70~2026~5~21|2026,5,16,25,2026,5,16
cmp	exp~c~10~2026~5~1^exp~c~20~2026~5~2^exp~c~30~2026~5~3^exp~c~40~2026~5~5^exp~c~50~2026~5~8^exp~c~60~2026~5~13^exp~c~70~2026~5~21|2026,5,16,25,2026,5,16
totals	exp~c~10~2026~5~1^exp~c~20~2026~5~2^exp~c~30~2026~5~3^exp~c~40~2026~5~5^exp~c~50~2026~5~8^exp~c~60~2026~5~13^exp~c~70~2026~5~21|2026,5,19,25,2026,5,19
cmp	exp~c~10~2026~5~1^exp~c~20~2026~5~2^exp~c~30~2026~5~3^exp~c~40~2026~5~5^exp~c~50~2026~5~8^exp~c~60~2026~5~13^exp~c~70~2026~5~21|2026,5,19,25,2026,5,19
totals	exp~c~10~2026~5~1^exp~c~20~2026~5~2^exp~c~30~2026~5~3^exp~c~40~2026~5~5^exp~c~50~2026~5~8^exp~c~60~2026~5~13^exp~c~70~2026~5~21|2026,5,22,25,2026,5,22
cmp	exp~c~10~2026~5~1^exp~c~20~2026~5~2^exp~c~30~2026~5~3^exp~c~40~2026~5~5^exp~c~50~2026~5~8^exp~c~60~2026~5~13^exp~c~70~2026~5~21|2026,5,22,25,2026,5,22
totals	exp~c~10~2026~5~1^exp~c~20~2026~5~2^exp~c~30~2026~5~3^exp~c~40~2026~5~5^exp~c~50~2026~5~8^exp~c~60~2026~5~13^exp~c~70~2026~5~21|2026,5,25,25,2026,5,25
cmp	exp~c~10~2026~5~1^exp~c~20~2026~5~2^exp~c~30~2026~5~3^exp~c~40~2026~5~5^exp~c~50~2026~5~8^exp~c~60~2026~5~13^exp~c~70~2026~5~21|2026,5,25,25,2026,5,25
totals	exp~c~10~2026~5~1^exp~c~20~2026~5~2^exp~c~30~2026~5~3^exp~c~40~2026~5~5^exp~c~50~2026~5~8^exp~c~60~2026~5~13^exp~c~70~2026~5~21|2026,5,28,25,2026,5,28
cmp	exp~c~10~2026~5~1^exp~c~20~2026~5~2^exp~c~30~2026~5~3^exp~c~40~2026~5~5^exp~c~50~2026~5~8^exp~c~60~2026~5~13^exp~c~70~2026~5~21|2026,5,28,25,2026,5,28
trend	exp~c~10~2026~5~1^exp~c~20~2026~5~2^exp~c~30~2026~5~3|2026,5,15,25
totals	exp~c~10~2026~5~1^exp~c~20~2026~5~2^exp~c~30~2026~5~3^exp~c~40~2026~5~5^exp~c~50~2026~5~8^exp~c~60~2026~5~13^exp~c~70~2026~5~21|2026,5,1,28,2026,5,1
cmp	exp~c~10~2026~5~1^exp~c~20~2026~5~2^exp~c~30~2026~5~3^exp~c~40~2026~5~5^exp~c~50~2026~5~8^exp~c~60~2026~5~13^exp~c~70~2026~5~21|2026,5,1,28,2026,5,1
totals	exp~c~10~2026~5~1^exp~c~20~2026~5~2^exp~c~30~2026~5~3^exp~c~40~2026~5~5^exp~c~50~2026~5~8^exp~c~60~2026~5~13^exp~c~70~2026~5~21|2026,5,4,28,2026,5,4
cmp	exp~c~10~2026~5~1^exp~c~20~2026~5~2^exp~c~30~2026~5~3^exp~c~40~2026~5~5^exp~c~50~2026~5~8^exp~c~60~2026~5~13^exp~c~70~2026~5~21|2026,5,4,28,2026,5,4
totals	exp~c~10~2026~5~1^exp~c~20~2026~5~2^exp~c~30~2026~5~3^exp~c~40~2026~5~5^exp~c~50~2026~5~8^exp~c~60~2026~5~13^exp~c~70~2026~5~21|2026,5,7,28,2026,5,7
cmp	exp~c~10~2026~5~1^exp~c~20~2026~5~2^exp~c~30~2026~5~3^exp~c~40~2026~5~5^exp~c~50~2026~5~8^exp~c~60~2026~5~13^exp~c~70~2026~5~21|2026,5,7,28,2026,5,7
totals	exp~c~10~2026~5~1^exp~c~20~2026~5~2^exp~c~30~2026~5~3^exp~c~40~2026~5~5^exp~c~50~2026~5~8^exp~c~60~2026~5~13^exp~c~70~2026~5~21|2026,5,10,28,2026,5,10
cmp	exp~c~10~2026~5~1^exp~c~20~2026~5~2^exp~c~30~2026~5~3^exp~c~40~2026~5~5^exp~c~50~2026~5~8^exp~c~60~2026~5~13^exp~c~70~2026~5~21|2026,5,10,28,2026,5,10
totals	exp~c~10~2026~5~1^exp~c~20~2026~5~2^exp~c~30~2026~5~3^exp~c~40~2026~5~5^exp~c~50~2026~5~8^exp~c~60~2026~5~13^exp~c~70~2026~5~21|2026,5,13,28,2026,5,13
cmp	exp~c~10~2026~5~1^exp~c~20~2026~5~2^exp~c~30~2026~5~3^exp~c~40~2026~5~5^exp~c~50~2026~5~8^exp~c~60~2026~5~13^exp~c~70~2026~5~21|2026,5,13,28,2026,5,13
totals	exp~c~10~2026~5~1^exp~c~20~2026~5~2^exp~c~30~2026~5~3^exp~c~40~2026~5~5^exp~c~50~2026~5~8^exp~c~60~2026~5~13^exp~c~70~2026~5~21|2026,5,16,28,2026,5,16
cmp	exp~c~10~2026~5~1^exp~c~20~2026~5~2^exp~c~30~2026~5~3^exp~c~40~2026~5~5^exp~c~50~2026~5~8^exp~c~60~2026~5~13^exp~c~70~2026~5~21|2026,5,16,28,2026,5,16
totals	exp~c~10~2026~5~1^exp~c~20~2026~5~2^exp~c~30~2026~5~3^exp~c~40~2026~5~5^exp~c~50~2026~5~8^exp~c~60~2026~5~13^exp~c~70~2026~5~21|2026,5,19,28,2026,5,19
cmp	exp~c~10~2026~5~1^exp~c~20~2026~5~2^exp~c~30~2026~5~3^exp~c~40~2026~5~5^exp~c~50~2026~5~8^exp~c~60~2026~5~13^exp~c~70~2026~5~21|2026,5,19,28,2026,5,19
totals	exp~c~10~2026~5~1^exp~c~20~2026~5~2^exp~c~30~2026~5~3^exp~c~40~2026~5~5^exp~c~50~2026~5~8^exp~c~60~2026~5~13^exp~c~70~2026~5~21|2026,5,22,28,2026,5,22
cmp	exp~c~10~2026~5~1^exp~c~20~2026~5~2^exp~c~30~2026~5~3^exp~c~40~2026~5~5^exp~c~50~2026~5~8^exp~c~60~2026~5~13^exp~c~70~2026~5~21|2026,5,22,28,2026,5,22
totals	exp~c~10~2026~5~1^exp~c~20~2026~5~2^exp~c~30~2026~5~3^exp~c~40~2026~5~5^exp~c~50~2026~5~8^exp~c~60~2026~5~13^exp~c~70~2026~5~21|2026,5,25,28,2026,5,25
cmp	exp~c~10~2026~5~1^exp~c~20~2026~5~2^exp~c~30~2026~5~3^exp~c~40~2026~5~5^exp~c~50~2026~5~8^exp~c~60~2026~5~13^exp~c~70~2026~5~21|2026,5,25,28,2026,5,25
totals	exp~c~10~2026~5~1^exp~c~20~2026~5~2^exp~c~30~2026~5~3^exp~c~40~2026~5~5^exp~c~50~2026~5~8^exp~c~60~2026~5~13^exp~c~70~2026~5~21|2026,5,28,28,2026,5,28
cmp	exp~c~10~2026~5~1^exp~c~20~2026~5~2^exp~c~30~2026~5~3^exp~c~40~2026~5~5^exp~c~50~2026~5~8^exp~c~60~2026~5~13^exp~c~70~2026~5~21|2026,5,28,28,2026,5,28
trend	exp~c~10~2026~5~1^exp~c~20~2026~5~2^exp~c~30~2026~5~3|2026,5,15,28
totals	exp~c~10~2026~1~1^exp~c~20~2026~1~2^exp~c~30~2026~1~3^exp~c~40~2026~1~5^exp~c~50~2026~1~8^exp~c~60~2026~1~13^exp~c~70~2026~1~21|2026,1,1,1,2026,1,1
cmp	exp~c~10~2026~1~1^exp~c~20~2026~1~2^exp~c~30~2026~1~3^exp~c~40~2026~1~5^exp~c~50~2026~1~8^exp~c~60~2026~1~13^exp~c~70~2026~1~21|2026,1,1,1,2026,1,1
totals	exp~c~10~2026~1~1^exp~c~20~2026~1~2^exp~c~30~2026~1~3^exp~c~40~2026~1~5^exp~c~50~2026~1~8^exp~c~60~2026~1~13^exp~c~70~2026~1~21|2026,1,4,1,2026,1,4
cmp	exp~c~10~2026~1~1^exp~c~20~2026~1~2^exp~c~30~2026~1~3^exp~c~40~2026~1~5^exp~c~50~2026~1~8^exp~c~60~2026~1~13^exp~c~70~2026~1~21|2026,1,4,1,2026,1,4
totals	exp~c~10~2026~1~1^exp~c~20~2026~1~2^exp~c~30~2026~1~3^exp~c~40~2026~1~5^exp~c~50~2026~1~8^exp~c~60~2026~1~13^exp~c~70~2026~1~21|2026,1,7,1,2026,1,7
cmp	exp~c~10~2026~1~1^exp~c~20~2026~1~2^exp~c~30~2026~1~3^exp~c~40~2026~1~5^exp~c~50~2026~1~8^exp~c~60~2026~1~13^exp~c~70~2026~1~21|2026,1,7,1,2026,1,7
totals	exp~c~10~2026~1~1^exp~c~20~2026~1~2^exp~c~30~2026~1~3^exp~c~40~2026~1~5^exp~c~50~2026~1~8^exp~c~60~2026~1~13^exp~c~70~2026~1~21|2026,1,10,1,2026,1,10
cmp	exp~c~10~2026~1~1^exp~c~20~2026~1~2^exp~c~30~2026~1~3^exp~c~40~2026~1~5^exp~c~50~2026~1~8^exp~c~60~2026~1~13^exp~c~70~2026~1~21|2026,1,10,1,2026,1,10
totals	exp~c~10~2026~1~1^exp~c~20~2026~1~2^exp~c~30~2026~1~3^exp~c~40~2026~1~5^exp~c~50~2026~1~8^exp~c~60~2026~1~13^exp~c~70~2026~1~21|2026,1,13,1,2026,1,13
cmp	exp~c~10~2026~1~1^exp~c~20~2026~1~2^exp~c~30~2026~1~3^exp~c~40~2026~1~5^exp~c~50~2026~1~8^exp~c~60~2026~1~13^exp~c~70~2026~1~21|2026,1,13,1,2026,1,13
totals	exp~c~10~2026~1~1^exp~c~20~2026~1~2^exp~c~30~2026~1~3^exp~c~40~2026~1~5^exp~c~50~2026~1~8^exp~c~60~2026~1~13^exp~c~70~2026~1~21|2026,1,16,1,2026,1,16
cmp	exp~c~10~2026~1~1^exp~c~20~2026~1~2^exp~c~30~2026~1~3^exp~c~40~2026~1~5^exp~c~50~2026~1~8^exp~c~60~2026~1~13^exp~c~70~2026~1~21|2026,1,16,1,2026,1,16
totals	exp~c~10~2026~1~1^exp~c~20~2026~1~2^exp~c~30~2026~1~3^exp~c~40~2026~1~5^exp~c~50~2026~1~8^exp~c~60~2026~1~13^exp~c~70~2026~1~21|2026,1,19,1,2026,1,19
cmp	exp~c~10~2026~1~1^exp~c~20~2026~1~2^exp~c~30~2026~1~3^exp~c~40~2026~1~5^exp~c~50~2026~1~8^exp~c~60~2026~1~13^exp~c~70~2026~1~21|2026,1,19,1,2026,1,19
totals	exp~c~10~2026~1~1^exp~c~20~2026~1~2^exp~c~30~2026~1~3^exp~c~40~2026~1~5^exp~c~50~2026~1~8^exp~c~60~2026~1~13^exp~c~70~2026~1~21|2026,1,22,1,2026,1,22
cmp	exp~c~10~2026~1~1^exp~c~20~2026~1~2^exp~c~30~2026~1~3^exp~c~40~2026~1~5^exp~c~50~2026~1~8^exp~c~60~2026~1~13^exp~c~70~2026~1~21|2026,1,22,1,2026,1,22
totals	exp~c~10~2026~1~1^exp~c~20~2026~1~2^exp~c~30~2026~1~3^exp~c~40~2026~1~5^exp~c~50~2026~1~8^exp~c~60~2026~1~13^exp~c~70~2026~1~21|2026,1,25,1,2026,1,25
cmp	exp~c~10~2026~1~1^exp~c~20~2026~1~2^exp~c~30~2026~1~3^exp~c~40~2026~1~5^exp~c~50~2026~1~8^exp~c~60~2026~1~13^exp~c~70~2026~1~21|2026,1,25,1,2026,1,25
totals	exp~c~10~2026~1~1^exp~c~20~2026~1~2^exp~c~30~2026~1~3^exp~c~40~2026~1~5^exp~c~50~2026~1~8^exp~c~60~2026~1~13^exp~c~70~2026~1~21|2026,1,28,1,2026,1,28
cmp	exp~c~10~2026~1~1^exp~c~20~2026~1~2^exp~c~30~2026~1~3^exp~c~40~2026~1~5^exp~c~50~2026~1~8^exp~c~60~2026~1~13^exp~c~70~2026~1~21|2026,1,28,1,2026,1,28
trend	exp~c~10~2026~1~1^exp~c~20~2026~1~2^exp~c~30~2026~1~3|2026,1,15,1
totals	exp~c~10~2026~1~1^exp~c~20~2026~1~2^exp~c~30~2026~1~3^exp~c~40~2026~1~5^exp~c~50~2026~1~8^exp~c~60~2026~1~13^exp~c~70~2026~1~21|2026,1,1,15,2026,1,1
cmp	exp~c~10~2026~1~1^exp~c~20~2026~1~2^exp~c~30~2026~1~3^exp~c~40~2026~1~5^exp~c~50~2026~1~8^exp~c~60~2026~1~13^exp~c~70~2026~1~21|2026,1,1,15,2026,1,1
totals	exp~c~10~2026~1~1^exp~c~20~2026~1~2^exp~c~30~2026~1~3^exp~c~40~2026~1~5^exp~c~50~2026~1~8^exp~c~60~2026~1~13^exp~c~70~2026~1~21|2026,1,4,15,2026,1,4
cmp	exp~c~10~2026~1~1^exp~c~20~2026~1~2^exp~c~30~2026~1~3^exp~c~40~2026~1~5^exp~c~50~2026~1~8^exp~c~60~2026~1~13^exp~c~70~2026~1~21|2026,1,4,15,2026,1,4
totals	exp~c~10~2026~1~1^exp~c~20~2026~1~2^exp~c~30~2026~1~3^exp~c~40~2026~1~5^exp~c~50~2026~1~8^exp~c~60~2026~1~13^exp~c~70~2026~1~21|2026,1,7,15,2026,1,7
cmp	exp~c~10~2026~1~1^exp~c~20~2026~1~2^exp~c~30~2026~1~3^exp~c~40~2026~1~5^exp~c~50~2026~1~8^exp~c~60~2026~1~13^exp~c~70~2026~1~21|2026,1,7,15,2026,1,7
totals	exp~c~10~2026~1~1^exp~c~20~2026~1~2^exp~c~30~2026~1~3^exp~c~40~2026~1~5^exp~c~50~2026~1~8^exp~c~60~2026~1~13^exp~c~70~2026~1~21|2026,1,10,15,2026,1,10
cmp	exp~c~10~2026~1~1^exp~c~20~2026~1~2^exp~c~30~2026~1~3^exp~c~40~2026~1~5^exp~c~50~2026~1~8^exp~c~60~2026~1~13^exp~c~70~2026~1~21|2026,1,10,15,2026,1,10
totals	exp~c~10~2026~1~1^exp~c~20~2026~1~2^exp~c~30~2026~1~3^exp~c~40~2026~1~5^exp~c~50~2026~1~8^exp~c~60~2026~1~13^exp~c~70~2026~1~21|2026,1,13,15,2026,1,13
cmp	exp~c~10~2026~1~1^exp~c~20~2026~1~2^exp~c~30~2026~1~3^exp~c~40~2026~1~5^exp~c~50~2026~1~8^exp~c~60~2026~1~13^exp~c~70~2026~1~21|2026,1,13,15,2026,1,13
totals	exp~c~10~2026~1~1^exp~c~20~2026~1~2^exp~c~30~2026~1~3^exp~c~40~2026~1~5^exp~c~50~2026~1~8^exp~c~60~2026~1~13^exp~c~70~2026~1~21|2026,1,16,15,2026,1,16
cmp	exp~c~10~2026~1~1^exp~c~20~2026~1~2^exp~c~30~2026~1~3^exp~c~40~2026~1~5^exp~c~50~2026~1~8^exp~c~60~2026~1~13^exp~c~70~2026~1~21|2026,1,16,15,2026,1,16
totals	exp~c~10~2026~1~1^exp~c~20~2026~1~2^exp~c~30~2026~1~3^exp~c~40~2026~1~5^exp~c~50~2026~1~8^exp~c~60~2026~1~13^exp~c~70~2026~1~21|2026,1,19,15,2026,1,19
cmp	exp~c~10~2026~1~1^exp~c~20~2026~1~2^exp~c~30~2026~1~3^exp~c~40~2026~1~5^exp~c~50~2026~1~8^exp~c~60~2026~1~13^exp~c~70~2026~1~21|2026,1,19,15,2026,1,19
totals	exp~c~10~2026~1~1^exp~c~20~2026~1~2^exp~c~30~2026~1~3^exp~c~40~2026~1~5^exp~c~50~2026~1~8^exp~c~60~2026~1~13^exp~c~70~2026~1~21|2026,1,22,15,2026,1,22
cmp	exp~c~10~2026~1~1^exp~c~20~2026~1~2^exp~c~30~2026~1~3^exp~c~40~2026~1~5^exp~c~50~2026~1~8^exp~c~60~2026~1~13^exp~c~70~2026~1~21|2026,1,22,15,2026,1,22
totals	exp~c~10~2026~1~1^exp~c~20~2026~1~2^exp~c~30~2026~1~3^exp~c~40~2026~1~5^exp~c~50~2026~1~8^exp~c~60~2026~1~13^exp~c~70~2026~1~21|2026,1,25,15,2026,1,25
cmp	exp~c~10~2026~1~1^exp~c~20~2026~1~2^exp~c~30~2026~1~3^exp~c~40~2026~1~5^exp~c~50~2026~1~8^exp~c~60~2026~1~13^exp~c~70~2026~1~21|2026,1,25,15,2026,1,25
totals	exp~c~10~2026~1~1^exp~c~20~2026~1~2^exp~c~30~2026~1~3^exp~c~40~2026~1~5^exp~c~50~2026~1~8^exp~c~60~2026~1~13^exp~c~70~2026~1~21|2026,1,28,15,2026,1,28
cmp	exp~c~10~2026~1~1^exp~c~20~2026~1~2^exp~c~30~2026~1~3^exp~c~40~2026~1~5^exp~c~50~2026~1~8^exp~c~60~2026~1~13^exp~c~70~2026~1~21|2026,1,28,15,2026,1,28
trend	exp~c~10~2026~1~1^exp~c~20~2026~1~2^exp~c~30~2026~1~3|2026,1,15,15
totals	exp~c~10~2026~1~1^exp~c~20~2026~1~2^exp~c~30~2026~1~3^exp~c~40~2026~1~5^exp~c~50~2026~1~8^exp~c~60~2026~1~13^exp~c~70~2026~1~21|2026,1,1,25,2026,1,1
cmp	exp~c~10~2026~1~1^exp~c~20~2026~1~2^exp~c~30~2026~1~3^exp~c~40~2026~1~5^exp~c~50~2026~1~8^exp~c~60~2026~1~13^exp~c~70~2026~1~21|2026,1,1,25,2026,1,1
totals	exp~c~10~2026~1~1^exp~c~20~2026~1~2^exp~c~30~2026~1~3^exp~c~40~2026~1~5^exp~c~50~2026~1~8^exp~c~60~2026~1~13^exp~c~70~2026~1~21|2026,1,4,25,2026,1,4
cmp	exp~c~10~2026~1~1^exp~c~20~2026~1~2^exp~c~30~2026~1~3^exp~c~40~2026~1~5^exp~c~50~2026~1~8^exp~c~60~2026~1~13^exp~c~70~2026~1~21|2026,1,4,25,2026,1,4
totals	exp~c~10~2026~1~1^exp~c~20~2026~1~2^exp~c~30~2026~1~3^exp~c~40~2026~1~5^exp~c~50~2026~1~8^exp~c~60~2026~1~13^exp~c~70~2026~1~21|2026,1,7,25,2026,1,7
cmp	exp~c~10~2026~1~1^exp~c~20~2026~1~2^exp~c~30~2026~1~3^exp~c~40~2026~1~5^exp~c~50~2026~1~8^exp~c~60~2026~1~13^exp~c~70~2026~1~21|2026,1,7,25,2026,1,7
totals	exp~c~10~2026~1~1^exp~c~20~2026~1~2^exp~c~30~2026~1~3^exp~c~40~2026~1~5^exp~c~50~2026~1~8^exp~c~60~2026~1~13^exp~c~70~2026~1~21|2026,1,10,25,2026,1,10
cmp	exp~c~10~2026~1~1^exp~c~20~2026~1~2^exp~c~30~2026~1~3^exp~c~40~2026~1~5^exp~c~50~2026~1~8^exp~c~60~2026~1~13^exp~c~70~2026~1~21|2026,1,10,25,2026,1,10
totals	exp~c~10~2026~1~1^exp~c~20~2026~1~2^exp~c~30~2026~1~3^exp~c~40~2026~1~5^exp~c~50~2026~1~8^exp~c~60~2026~1~13^exp~c~70~2026~1~21|2026,1,13,25,2026,1,13
cmp	exp~c~10~2026~1~1^exp~c~20~2026~1~2^exp~c~30~2026~1~3^exp~c~40~2026~1~5^exp~c~50~2026~1~8^exp~c~60~2026~1~13^exp~c~70~2026~1~21|2026,1,13,25,2026,1,13
totals	exp~c~10~2026~1~1^exp~c~20~2026~1~2^exp~c~30~2026~1~3^exp~c~40~2026~1~5^exp~c~50~2026~1~8^exp~c~60~2026~1~13^exp~c~70~2026~1~21|2026,1,16,25,2026,1,16
cmp	exp~c~10~2026~1~1^exp~c~20~2026~1~2^exp~c~30~2026~1~3^exp~c~40~2026~1~5^exp~c~50~2026~1~8^exp~c~60~2026~1~13^exp~c~70~2026~1~21|2026,1,16,25,2026,1,16
totals	exp~c~10~2026~1~1^exp~c~20~2026~1~2^exp~c~30~2026~1~3^exp~c~40~2026~1~5^exp~c~50~2026~1~8^exp~c~60~2026~1~13^exp~c~70~2026~1~21|2026,1,19,25,2026,1,19
cmp	exp~c~10~2026~1~1^exp~c~20~2026~1~2^exp~c~30~2026~1~3^exp~c~40~2026~1~5^exp~c~50~2026~1~8^exp~c~60~2026~1~13^exp~c~70~2026~1~21|2026,1,19,25,2026,1,19
totals	exp~c~10~2026~1~1^exp~c~20~2026~1~2^exp~c~30~2026~1~3^exp~c~40~2026~1~5^exp~c~50~2026~1~8^exp~c~60~2026~1~13^exp~c~70~2026~1~21|2026,1,22,25,2026,1,22
cmp	exp~c~10~2026~1~1^exp~c~20~2026~1~2^exp~c~30~2026~1~3^exp~c~40~2026~1~5^exp~c~50~2026~1~8^exp~c~60~2026~1~13^exp~c~70~2026~1~21|2026,1,22,25,2026,1,22
totals	exp~c~10~2026~1~1^exp~c~20~2026~1~2^exp~c~30~2026~1~3^exp~c~40~2026~1~5^exp~c~50~2026~1~8^exp~c~60~2026~1~13^exp~c~70~2026~1~21|2026,1,25,25,2026,1,25
cmp	exp~c~10~2026~1~1^exp~c~20~2026~1~2^exp~c~30~2026~1~3^exp~c~40~2026~1~5^exp~c~50~2026~1~8^exp~c~60~2026~1~13^exp~c~70~2026~1~21|2026,1,25,25,2026,1,25
totals	exp~c~10~2026~1~1^exp~c~20~2026~1~2^exp~c~30~2026~1~3^exp~c~40~2026~1~5^exp~c~50~2026~1~8^exp~c~60~2026~1~13^exp~c~70~2026~1~21|2026,1,28,25,2026,1,28
cmp	exp~c~10~2026~1~1^exp~c~20~2026~1~2^exp~c~30~2026~1~3^exp~c~40~2026~1~5^exp~c~50~2026~1~8^exp~c~60~2026~1~13^exp~c~70~2026~1~21|2026,1,28,25,2026,1,28
trend	exp~c~10~2026~1~1^exp~c~20~2026~1~2^exp~c~30~2026~1~3|2026,1,15,25
totals	exp~c~10~2026~1~1^exp~c~20~2026~1~2^exp~c~30~2026~1~3^exp~c~40~2026~1~5^exp~c~50~2026~1~8^exp~c~60~2026~1~13^exp~c~70~2026~1~21|2026,1,1,28,2026,1,1
cmp	exp~c~10~2026~1~1^exp~c~20~2026~1~2^exp~c~30~2026~1~3^exp~c~40~2026~1~5^exp~c~50~2026~1~8^exp~c~60~2026~1~13^exp~c~70~2026~1~21|2026,1,1,28,2026,1,1
totals	exp~c~10~2026~1~1^exp~c~20~2026~1~2^exp~c~30~2026~1~3^exp~c~40~2026~1~5^exp~c~50~2026~1~8^exp~c~60~2026~1~13^exp~c~70~2026~1~21|2026,1,4,28,2026,1,4
cmp	exp~c~10~2026~1~1^exp~c~20~2026~1~2^exp~c~30~2026~1~3^exp~c~40~2026~1~5^exp~c~50~2026~1~8^exp~c~60~2026~1~13^exp~c~70~2026~1~21|2026,1,4,28,2026,1,4
totals	exp~c~10~2026~1~1^exp~c~20~2026~1~2^exp~c~30~2026~1~3^exp~c~40~2026~1~5^exp~c~50~2026~1~8^exp~c~60~2026~1~13^exp~c~70~2026~1~21|2026,1,7,28,2026,1,7
cmp	exp~c~10~2026~1~1^exp~c~20~2026~1~2^exp~c~30~2026~1~3^exp~c~40~2026~1~5^exp~c~50~2026~1~8^exp~c~60~2026~1~13^exp~c~70~2026~1~21|2026,1,7,28,2026,1,7
totals	exp~c~10~2026~1~1^exp~c~20~2026~1~2^exp~c~30~2026~1~3^exp~c~40~2026~1~5^exp~c~50~2026~1~8^exp~c~60~2026~1~13^exp~c~70~2026~1~21|2026,1,10,28,2026,1,10
cmp	exp~c~10~2026~1~1^exp~c~20~2026~1~2^exp~c~30~2026~1~3^exp~c~40~2026~1~5^exp~c~50~2026~1~8^exp~c~60~2026~1~13^exp~c~70~2026~1~21|2026,1,10,28,2026,1,10
totals	exp~c~10~2026~1~1^exp~c~20~2026~1~2^exp~c~30~2026~1~3^exp~c~40~2026~1~5^exp~c~50~2026~1~8^exp~c~60~2026~1~13^exp~c~70~2026~1~21|2026,1,13,28,2026,1,13
cmp	exp~c~10~2026~1~1^exp~c~20~2026~1~2^exp~c~30~2026~1~3^exp~c~40~2026~1~5^exp~c~50~2026~1~8^exp~c~60~2026~1~13^exp~c~70~2026~1~21|2026,1,13,28,2026,1,13
totals	exp~c~10~2026~1~1^exp~c~20~2026~1~2^exp~c~30~2026~1~3^exp~c~40~2026~1~5^exp~c~50~2026~1~8^exp~c~60~2026~1~13^exp~c~70~2026~1~21|2026,1,16,28,2026,1,16
cmp	exp~c~10~2026~1~1^exp~c~20~2026~1~2^exp~c~30~2026~1~3^exp~c~40~2026~1~5^exp~c~50~2026~1~8^exp~c~60~2026~1~13^exp~c~70~2026~1~21|2026,1,16,28,2026,1,16
totals	exp~c~10~2026~1~1^exp~c~20~2026~1~2^exp~c~30~2026~1~3^exp~c~40~2026~1~5^exp~c~50~2026~1~8^exp~c~60~2026~1~13^exp~c~70~2026~1~21|2026,1,19,28,2026,1,19
cmp	exp~c~10~2026~1~1^exp~c~20~2026~1~2^exp~c~30~2026~1~3^exp~c~40~2026~1~5^exp~c~50~2026~1~8^exp~c~60~2026~1~13^exp~c~70~2026~1~21|2026,1,19,28,2026,1,19
totals	exp~c~10~2026~1~1^exp~c~20~2026~1~2^exp~c~30~2026~1~3^exp~c~40~2026~1~5^exp~c~50~2026~1~8^exp~c~60~2026~1~13^exp~c~70~2026~1~21|2026,1,22,28,2026,1,22
cmp	exp~c~10~2026~1~1^exp~c~20~2026~1~2^exp~c~30~2026~1~3^exp~c~40~2026~1~5^exp~c~50~2026~1~8^exp~c~60~2026~1~13^exp~c~70~2026~1~21|2026,1,22,28,2026,1,22
totals	exp~c~10~2026~1~1^exp~c~20~2026~1~2^exp~c~30~2026~1~3^exp~c~40~2026~1~5^exp~c~50~2026~1~8^exp~c~60~2026~1~13^exp~c~70~2026~1~21|2026,1,25,28,2026,1,25
cmp	exp~c~10~2026~1~1^exp~c~20~2026~1~2^exp~c~30~2026~1~3^exp~c~40~2026~1~5^exp~c~50~2026~1~8^exp~c~60~2026~1~13^exp~c~70~2026~1~21|2026,1,25,28,2026,1,25
totals	exp~c~10~2026~1~1^exp~c~20~2026~1~2^exp~c~30~2026~1~3^exp~c~40~2026~1~5^exp~c~50~2026~1~8^exp~c~60~2026~1~13^exp~c~70~2026~1~21|2026,1,28,28,2026,1,28
cmp	exp~c~10~2026~1~1^exp~c~20~2026~1~2^exp~c~30~2026~1~3^exp~c~40~2026~1~5^exp~c~50~2026~1~8^exp~c~60~2026~1~13^exp~c~70~2026~1~21|2026,1,28,28,2026,1,28
trend	exp~c~10~2026~1~1^exp~c~20~2026~1~2^exp~c~30~2026~1~3|2026,1,15,28
totals	exp~c~10~2025~11~1^exp~c~20~2025~11~2^exp~c~30~2025~11~3^exp~c~40~2025~11~5^exp~c~50~2025~11~8^exp~c~60~2025~11~13^exp~c~70~2025~11~21|2025,11,1,1,2025,11,1
cmp	exp~c~10~2025~11~1^exp~c~20~2025~11~2^exp~c~30~2025~11~3^exp~c~40~2025~11~5^exp~c~50~2025~11~8^exp~c~60~2025~11~13^exp~c~70~2025~11~21|2025,11,1,1,2025,11,1
totals	exp~c~10~2025~11~1^exp~c~20~2025~11~2^exp~c~30~2025~11~3^exp~c~40~2025~11~5^exp~c~50~2025~11~8^exp~c~60~2025~11~13^exp~c~70~2025~11~21|2025,11,4,1,2025,11,4
cmp	exp~c~10~2025~11~1^exp~c~20~2025~11~2^exp~c~30~2025~11~3^exp~c~40~2025~11~5^exp~c~50~2025~11~8^exp~c~60~2025~11~13^exp~c~70~2025~11~21|2025,11,4,1,2025,11,4
totals	exp~c~10~2025~11~1^exp~c~20~2025~11~2^exp~c~30~2025~11~3^exp~c~40~2025~11~5^exp~c~50~2025~11~8^exp~c~60~2025~11~13^exp~c~70~2025~11~21|2025,11,7,1,2025,11,7
cmp	exp~c~10~2025~11~1^exp~c~20~2025~11~2^exp~c~30~2025~11~3^exp~c~40~2025~11~5^exp~c~50~2025~11~8^exp~c~60~2025~11~13^exp~c~70~2025~11~21|2025,11,7,1,2025,11,7
totals	exp~c~10~2025~11~1^exp~c~20~2025~11~2^exp~c~30~2025~11~3^exp~c~40~2025~11~5^exp~c~50~2025~11~8^exp~c~60~2025~11~13^exp~c~70~2025~11~21|2025,11,10,1,2025,11,10
cmp	exp~c~10~2025~11~1^exp~c~20~2025~11~2^exp~c~30~2025~11~3^exp~c~40~2025~11~5^exp~c~50~2025~11~8^exp~c~60~2025~11~13^exp~c~70~2025~11~21|2025,11,10,1,2025,11,10
totals	exp~c~10~2025~11~1^exp~c~20~2025~11~2^exp~c~30~2025~11~3^exp~c~40~2025~11~5^exp~c~50~2025~11~8^exp~c~60~2025~11~13^exp~c~70~2025~11~21|2025,11,13,1,2025,11,13
cmp	exp~c~10~2025~11~1^exp~c~20~2025~11~2^exp~c~30~2025~11~3^exp~c~40~2025~11~5^exp~c~50~2025~11~8^exp~c~60~2025~11~13^exp~c~70~2025~11~21|2025,11,13,1,2025,11,13
totals	exp~c~10~2025~11~1^exp~c~20~2025~11~2^exp~c~30~2025~11~3^exp~c~40~2025~11~5^exp~c~50~2025~11~8^exp~c~60~2025~11~13^exp~c~70~2025~11~21|2025,11,16,1,2025,11,16
cmp	exp~c~10~2025~11~1^exp~c~20~2025~11~2^exp~c~30~2025~11~3^exp~c~40~2025~11~5^exp~c~50~2025~11~8^exp~c~60~2025~11~13^exp~c~70~2025~11~21|2025,11,16,1,2025,11,16
totals	exp~c~10~2025~11~1^exp~c~20~2025~11~2^exp~c~30~2025~11~3^exp~c~40~2025~11~5^exp~c~50~2025~11~8^exp~c~60~2025~11~13^exp~c~70~2025~11~21|2025,11,19,1,2025,11,19
cmp	exp~c~10~2025~11~1^exp~c~20~2025~11~2^exp~c~30~2025~11~3^exp~c~40~2025~11~5^exp~c~50~2025~11~8^exp~c~60~2025~11~13^exp~c~70~2025~11~21|2025,11,19,1,2025,11,19
totals	exp~c~10~2025~11~1^exp~c~20~2025~11~2^exp~c~30~2025~11~3^exp~c~40~2025~11~5^exp~c~50~2025~11~8^exp~c~60~2025~11~13^exp~c~70~2025~11~21|2025,11,22,1,2025,11,22
cmp	exp~c~10~2025~11~1^exp~c~20~2025~11~2^exp~c~30~2025~11~3^exp~c~40~2025~11~5^exp~c~50~2025~11~8^exp~c~60~2025~11~13^exp~c~70~2025~11~21|2025,11,22,1,2025,11,22
totals	exp~c~10~2025~11~1^exp~c~20~2025~11~2^exp~c~30~2025~11~3^exp~c~40~2025~11~5^exp~c~50~2025~11~8^exp~c~60~2025~11~13^exp~c~70~2025~11~21|2025,11,25,1,2025,11,25
cmp	exp~c~10~2025~11~1^exp~c~20~2025~11~2^exp~c~30~2025~11~3^exp~c~40~2025~11~5^exp~c~50~2025~11~8^exp~c~60~2025~11~13^exp~c~70~2025~11~21|2025,11,25,1,2025,11,25
totals	exp~c~10~2025~11~1^exp~c~20~2025~11~2^exp~c~30~2025~11~3^exp~c~40~2025~11~5^exp~c~50~2025~11~8^exp~c~60~2025~11~13^exp~c~70~2025~11~21|2025,11,28,1,2025,11,28
cmp	exp~c~10~2025~11~1^exp~c~20~2025~11~2^exp~c~30~2025~11~3^exp~c~40~2025~11~5^exp~c~50~2025~11~8^exp~c~60~2025~11~13^exp~c~70~2025~11~21|2025,11,28,1,2025,11,28
trend	exp~c~10~2025~11~1^exp~c~20~2025~11~2^exp~c~30~2025~11~3|2025,11,15,1
totals	exp~c~10~2025~11~1^exp~c~20~2025~11~2^exp~c~30~2025~11~3^exp~c~40~2025~11~5^exp~c~50~2025~11~8^exp~c~60~2025~11~13^exp~c~70~2025~11~21|2025,11,1,15,2025,11,1
cmp	exp~c~10~2025~11~1^exp~c~20~2025~11~2^exp~c~30~2025~11~3^exp~c~40~2025~11~5^exp~c~50~2025~11~8^exp~c~60~2025~11~13^exp~c~70~2025~11~21|2025,11,1,15,2025,11,1
totals	exp~c~10~2025~11~1^exp~c~20~2025~11~2^exp~c~30~2025~11~3^exp~c~40~2025~11~5^exp~c~50~2025~11~8^exp~c~60~2025~11~13^exp~c~70~2025~11~21|2025,11,4,15,2025,11,4
cmp	exp~c~10~2025~11~1^exp~c~20~2025~11~2^exp~c~30~2025~11~3^exp~c~40~2025~11~5^exp~c~50~2025~11~8^exp~c~60~2025~11~13^exp~c~70~2025~11~21|2025,11,4,15,2025,11,4
totals	exp~c~10~2025~11~1^exp~c~20~2025~11~2^exp~c~30~2025~11~3^exp~c~40~2025~11~5^exp~c~50~2025~11~8^exp~c~60~2025~11~13^exp~c~70~2025~11~21|2025,11,7,15,2025,11,7
cmp	exp~c~10~2025~11~1^exp~c~20~2025~11~2^exp~c~30~2025~11~3^exp~c~40~2025~11~5^exp~c~50~2025~11~8^exp~c~60~2025~11~13^exp~c~70~2025~11~21|2025,11,7,15,2025,11,7
totals	exp~c~10~2025~11~1^exp~c~20~2025~11~2^exp~c~30~2025~11~3^exp~c~40~2025~11~5^exp~c~50~2025~11~8^exp~c~60~2025~11~13^exp~c~70~2025~11~21|2025,11,10,15,2025,11,10
cmp	exp~c~10~2025~11~1^exp~c~20~2025~11~2^exp~c~30~2025~11~3^exp~c~40~2025~11~5^exp~c~50~2025~11~8^exp~c~60~2025~11~13^exp~c~70~2025~11~21|2025,11,10,15,2025,11,10
totals	exp~c~10~2025~11~1^exp~c~20~2025~11~2^exp~c~30~2025~11~3^exp~c~40~2025~11~5^exp~c~50~2025~11~8^exp~c~60~2025~11~13^exp~c~70~2025~11~21|2025,11,13,15,2025,11,13
cmp	exp~c~10~2025~11~1^exp~c~20~2025~11~2^exp~c~30~2025~11~3^exp~c~40~2025~11~5^exp~c~50~2025~11~8^exp~c~60~2025~11~13^exp~c~70~2025~11~21|2025,11,13,15,2025,11,13
totals	exp~c~10~2025~11~1^exp~c~20~2025~11~2^exp~c~30~2025~11~3^exp~c~40~2025~11~5^exp~c~50~2025~11~8^exp~c~60~2025~11~13^exp~c~70~2025~11~21|2025,11,16,15,2025,11,16
cmp	exp~c~10~2025~11~1^exp~c~20~2025~11~2^exp~c~30~2025~11~3^exp~c~40~2025~11~5^exp~c~50~2025~11~8^exp~c~60~2025~11~13^exp~c~70~2025~11~21|2025,11,16,15,2025,11,16
totals	exp~c~10~2025~11~1^exp~c~20~2025~11~2^exp~c~30~2025~11~3^exp~c~40~2025~11~5^exp~c~50~2025~11~8^exp~c~60~2025~11~13^exp~c~70~2025~11~21|2025,11,19,15,2025,11,19
cmp	exp~c~10~2025~11~1^exp~c~20~2025~11~2^exp~c~30~2025~11~3^exp~c~40~2025~11~5^exp~c~50~2025~11~8^exp~c~60~2025~11~13^exp~c~70~2025~11~21|2025,11,19,15,2025,11,19
totals	exp~c~10~2025~11~1^exp~c~20~2025~11~2^exp~c~30~2025~11~3^exp~c~40~2025~11~5^exp~c~50~2025~11~8^exp~c~60~2025~11~13^exp~c~70~2025~11~21|2025,11,22,15,2025,11,22
cmp	exp~c~10~2025~11~1^exp~c~20~2025~11~2^exp~c~30~2025~11~3^exp~c~40~2025~11~5^exp~c~50~2025~11~8^exp~c~60~2025~11~13^exp~c~70~2025~11~21|2025,11,22,15,2025,11,22
totals	exp~c~10~2025~11~1^exp~c~20~2025~11~2^exp~c~30~2025~11~3^exp~c~40~2025~11~5^exp~c~50~2025~11~8^exp~c~60~2025~11~13^exp~c~70~2025~11~21|2025,11,25,15,2025,11,25
cmp	exp~c~10~2025~11~1^exp~c~20~2025~11~2^exp~c~30~2025~11~3^exp~c~40~2025~11~5^exp~c~50~2025~11~8^exp~c~60~2025~11~13^exp~c~70~2025~11~21|2025,11,25,15,2025,11,25
totals	exp~c~10~2025~11~1^exp~c~20~2025~11~2^exp~c~30~2025~11~3^exp~c~40~2025~11~5^exp~c~50~2025~11~8^exp~c~60~2025~11~13^exp~c~70~2025~11~21|2025,11,28,15,2025,11,28
cmp	exp~c~10~2025~11~1^exp~c~20~2025~11~2^exp~c~30~2025~11~3^exp~c~40~2025~11~5^exp~c~50~2025~11~8^exp~c~60~2025~11~13^exp~c~70~2025~11~21|2025,11,28,15,2025,11,28
trend	exp~c~10~2025~11~1^exp~c~20~2025~11~2^exp~c~30~2025~11~3|2025,11,15,15
totals	exp~c~10~2025~11~1^exp~c~20~2025~11~2^exp~c~30~2025~11~3^exp~c~40~2025~11~5^exp~c~50~2025~11~8^exp~c~60~2025~11~13^exp~c~70~2025~11~21|2025,11,1,25,2025,11,1
cmp	exp~c~10~2025~11~1^exp~c~20~2025~11~2^exp~c~30~2025~11~3^exp~c~40~2025~11~5^exp~c~50~2025~11~8^exp~c~60~2025~11~13^exp~c~70~2025~11~21|2025,11,1,25,2025,11,1
totals	exp~c~10~2025~11~1^exp~c~20~2025~11~2^exp~c~30~2025~11~3^exp~c~40~2025~11~5^exp~c~50~2025~11~8^exp~c~60~2025~11~13^exp~c~70~2025~11~21|2025,11,4,25,2025,11,4
cmp	exp~c~10~2025~11~1^exp~c~20~2025~11~2^exp~c~30~2025~11~3^exp~c~40~2025~11~5^exp~c~50~2025~11~8^exp~c~60~2025~11~13^exp~c~70~2025~11~21|2025,11,4,25,2025,11,4
totals	exp~c~10~2025~11~1^exp~c~20~2025~11~2^exp~c~30~2025~11~3^exp~c~40~2025~11~5^exp~c~50~2025~11~8^exp~c~60~2025~11~13^exp~c~70~2025~11~21|2025,11,7,25,2025,11,7
cmp	exp~c~10~2025~11~1^exp~c~20~2025~11~2^exp~c~30~2025~11~3^exp~c~40~2025~11~5^exp~c~50~2025~11~8^exp~c~60~2025~11~13^exp~c~70~2025~11~21|2025,11,7,25,2025,11,7
totals	exp~c~10~2025~11~1^exp~c~20~2025~11~2^exp~c~30~2025~11~3^exp~c~40~2025~11~5^exp~c~50~2025~11~8^exp~c~60~2025~11~13^exp~c~70~2025~11~21|2025,11,10,25,2025,11,10
cmp	exp~c~10~2025~11~1^exp~c~20~2025~11~2^exp~c~30~2025~11~3^exp~c~40~2025~11~5^exp~c~50~2025~11~8^exp~c~60~2025~11~13^exp~c~70~2025~11~21|2025,11,10,25,2025,11,10
totals	exp~c~10~2025~11~1^exp~c~20~2025~11~2^exp~c~30~2025~11~3^exp~c~40~2025~11~5^exp~c~50~2025~11~8^exp~c~60~2025~11~13^exp~c~70~2025~11~21|2025,11,13,25,2025,11,13
cmp	exp~c~10~2025~11~1^exp~c~20~2025~11~2^exp~c~30~2025~11~3^exp~c~40~2025~11~5^exp~c~50~2025~11~8^exp~c~60~2025~11~13^exp~c~70~2025~11~21|2025,11,13,25,2025,11,13
totals	exp~c~10~2025~11~1^exp~c~20~2025~11~2^exp~c~30~2025~11~3^exp~c~40~2025~11~5^exp~c~50~2025~11~8^exp~c~60~2025~11~13^exp~c~70~2025~11~21|2025,11,16,25,2025,11,16
cmp	exp~c~10~2025~11~1^exp~c~20~2025~11~2^exp~c~30~2025~11~3^exp~c~40~2025~11~5^exp~c~50~2025~11~8^exp~c~60~2025~11~13^exp~c~70~2025~11~21|2025,11,16,25,2025,11,16
totals	exp~c~10~2025~11~1^exp~c~20~2025~11~2^exp~c~30~2025~11~3^exp~c~40~2025~11~5^exp~c~50~2025~11~8^exp~c~60~2025~11~13^exp~c~70~2025~11~21|2025,11,19,25,2025,11,19
cmp	exp~c~10~2025~11~1^exp~c~20~2025~11~2^exp~c~30~2025~11~3^exp~c~40~2025~11~5^exp~c~50~2025~11~8^exp~c~60~2025~11~13^exp~c~70~2025~11~21|2025,11,19,25,2025,11,19
totals	exp~c~10~2025~11~1^exp~c~20~2025~11~2^exp~c~30~2025~11~3^exp~c~40~2025~11~5^exp~c~50~2025~11~8^exp~c~60~2025~11~13^exp~c~70~2025~11~21|2025,11,22,25,2025,11,22
cmp	exp~c~10~2025~11~1^exp~c~20~2025~11~2^exp~c~30~2025~11~3^exp~c~40~2025~11~5^exp~c~50~2025~11~8^exp~c~60~2025~11~13^exp~c~70~2025~11~21|2025,11,22,25,2025,11,22
totals	exp~c~10~2025~11~1^exp~c~20~2025~11~2^exp~c~30~2025~11~3^exp~c~40~2025~11~5^exp~c~50~2025~11~8^exp~c~60~2025~11~13^exp~c~70~2025~11~21|2025,11,25,25,2025,11,25
cmp	exp~c~10~2025~11~1^exp~c~20~2025~11~2^exp~c~30~2025~11~3^exp~c~40~2025~11~5^exp~c~50~2025~11~8^exp~c~60~2025~11~13^exp~c~70~2025~11~21|2025,11,25,25,2025,11,25
totals	exp~c~10~2025~11~1^exp~c~20~2025~11~2^exp~c~30~2025~11~3^exp~c~40~2025~11~5^exp~c~50~2025~11~8^exp~c~60~2025~11~13^exp~c~70~2025~11~21|2025,11,28,25,2025,11,28
cmp	exp~c~10~2025~11~1^exp~c~20~2025~11~2^exp~c~30~2025~11~3^exp~c~40~2025~11~5^exp~c~50~2025~11~8^exp~c~60~2025~11~13^exp~c~70~2025~11~21|2025,11,28,25,2025,11,28
trend	exp~c~10~2025~11~1^exp~c~20~2025~11~2^exp~c~30~2025~11~3|2025,11,15,25
totals	exp~c~10~2025~11~1^exp~c~20~2025~11~2^exp~c~30~2025~11~3^exp~c~40~2025~11~5^exp~c~50~2025~11~8^exp~c~60~2025~11~13^exp~c~70~2025~11~21|2025,11,1,28,2025,11,1
cmp	exp~c~10~2025~11~1^exp~c~20~2025~11~2^exp~c~30~2025~11~3^exp~c~40~2025~11~5^exp~c~50~2025~11~8^exp~c~60~2025~11~13^exp~c~70~2025~11~21|2025,11,1,28,2025,11,1
totals	exp~c~10~2025~11~1^exp~c~20~2025~11~2^exp~c~30~2025~11~3^exp~c~40~2025~11~5^exp~c~50~2025~11~8^exp~c~60~2025~11~13^exp~c~70~2025~11~21|2025,11,4,28,2025,11,4
cmp	exp~c~10~2025~11~1^exp~c~20~2025~11~2^exp~c~30~2025~11~3^exp~c~40~2025~11~5^exp~c~50~2025~11~8^exp~c~60~2025~11~13^exp~c~70~2025~11~21|2025,11,4,28,2025,11,4
totals	exp~c~10~2025~11~1^exp~c~20~2025~11~2^exp~c~30~2025~11~3^exp~c~40~2025~11~5^exp~c~50~2025~11~8^exp~c~60~2025~11~13^exp~c~70~2025~11~21|2025,11,7,28,2025,11,7
cmp	exp~c~10~2025~11~1^exp~c~20~2025~11~2^exp~c~30~2025~11~3^exp~c~40~2025~11~5^exp~c~50~2025~11~8^exp~c~60~2025~11~13^exp~c~70~2025~11~21|2025,11,7,28,2025,11,7
totals	exp~c~10~2025~11~1^exp~c~20~2025~11~2^exp~c~30~2025~11~3^exp~c~40~2025~11~5^exp~c~50~2025~11~8^exp~c~60~2025~11~13^exp~c~70~2025~11~21|2025,11,10,28,2025,11,10
cmp	exp~c~10~2025~11~1^exp~c~20~2025~11~2^exp~c~30~2025~11~3^exp~c~40~2025~11~5^exp~c~50~2025~11~8^exp~c~60~2025~11~13^exp~c~70~2025~11~21|2025,11,10,28,2025,11,10
totals	exp~c~10~2025~11~1^exp~c~20~2025~11~2^exp~c~30~2025~11~3^exp~c~40~2025~11~5^exp~c~50~2025~11~8^exp~c~60~2025~11~13^exp~c~70~2025~11~21|2025,11,13,28,2025,11,13
cmp	exp~c~10~2025~11~1^exp~c~20~2025~11~2^exp~c~30~2025~11~3^exp~c~40~2025~11~5^exp~c~50~2025~11~8^exp~c~60~2025~11~13^exp~c~70~2025~11~21|2025,11,13,28,2025,11,13
totals	exp~c~10~2025~11~1^exp~c~20~2025~11~2^exp~c~30~2025~11~3^exp~c~40~2025~11~5^exp~c~50~2025~11~8^exp~c~60~2025~11~13^exp~c~70~2025~11~21|2025,11,16,28,2025,11,16
cmp	exp~c~10~2025~11~1^exp~c~20~2025~11~2^exp~c~30~2025~11~3^exp~c~40~2025~11~5^exp~c~50~2025~11~8^exp~c~60~2025~11~13^exp~c~70~2025~11~21|2025,11,16,28,2025,11,16
totals	exp~c~10~2025~11~1^exp~c~20~2025~11~2^exp~c~30~2025~11~3^exp~c~40~2025~11~5^exp~c~50~2025~11~8^exp~c~60~2025~11~13^exp~c~70~2025~11~21|2025,11,19,28,2025,11,19
cmp	exp~c~10~2025~11~1^exp~c~20~2025~11~2^exp~c~30~2025~11~3^exp~c~40~2025~11~5^exp~c~50~2025~11~8^exp~c~60~2025~11~13^exp~c~70~2025~11~21|2025,11,19,28,2025,11,19
totals	exp~c~10~2025~11~1^exp~c~20~2025~11~2^exp~c~30~2025~11~3^exp~c~40~2025~11~5^exp~c~50~2025~11~8^exp~c~60~2025~11~13^exp~c~70~2025~11~21|2025,11,22,28,2025,11,22
cmp	exp~c~10~2025~11~1^exp~c~20~2025~11~2^exp~c~30~2025~11~3^exp~c~40~2025~11~5^exp~c~50~2025~11~8^exp~c~60~2025~11~13^exp~c~70~2025~11~21|2025,11,22,28,2025,11,22
totals	exp~c~10~2025~11~1^exp~c~20~2025~11~2^exp~c~30~2025~11~3^exp~c~40~2025~11~5^exp~c~50~2025~11~8^exp~c~60~2025~11~13^exp~c~70~2025~11~21|2025,11,25,28,2025,11,25
cmp	exp~c~10~2025~11~1^exp~c~20~2025~11~2^exp~c~30~2025~11~3^exp~c~40~2025~11~5^exp~c~50~2025~11~8^exp~c~60~2025~11~13^exp~c~70~2025~11~21|2025,11,25,28,2025,11,25
totals	exp~c~10~2025~11~1^exp~c~20~2025~11~2^exp~c~30~2025~11~3^exp~c~40~2025~11~5^exp~c~50~2025~11~8^exp~c~60~2025~11~13^exp~c~70~2025~11~21|2025,11,28,28,2025,11,28
cmp	exp~c~10~2025~11~1^exp~c~20~2025~11~2^exp~c~30~2025~11~3^exp~c~40~2025~11~5^exp~c~50~2025~11~8^exp~c~60~2025~11~13^exp~c~70~2025~11~21|2025,11,28,28,2025,11,28
trend	exp~c~10~2025~11~1^exp~c~20~2025~11~2^exp~c~30~2025~11~3|2025,11,15,28
totals	exp~c~3~2026~9~1^exp~c~6~2026~9~2^exp~c~9~2026~9~3^exp~c~12~2026~9~4^exp~c~15~2026~9~5^exp~c~18~2026~9~6^exp~c~21~2026~9~7^exp~c~24~2026~9~8^exp~c~27~2026~9~9^exp~c~30~2026~9~10|2026,9,1,1,2026,9,1
cmp	exp~c~3~2026~9~1^exp~c~6~2026~9~2^exp~c~9~2026~9~3^exp~c~12~2026~9~4^exp~c~15~2026~9~5^exp~c~18~2026~9~6^exp~c~21~2026~9~7^exp~c~24~2026~9~8^exp~c~27~2026~9~9^exp~c~30~2026~9~10|2026,9,1,1,2026,9,1
totals	exp~c~3~2026~9~1^exp~c~6~2026~9~2^exp~c~9~2026~9~3^exp~c~12~2026~9~4^exp~c~15~2026~9~5^exp~c~18~2026~9~6^exp~c~21~2026~9~7^exp~c~24~2026~9~8^exp~c~27~2026~9~9^exp~c~30~2026~9~10|2026,9,2,1,2026,9,2
cmp	exp~c~3~2026~9~1^exp~c~6~2026~9~2^exp~c~9~2026~9~3^exp~c~12~2026~9~4^exp~c~15~2026~9~5^exp~c~18~2026~9~6^exp~c~21~2026~9~7^exp~c~24~2026~9~8^exp~c~27~2026~9~9^exp~c~30~2026~9~10|2026,9,2,1,2026,9,2
totals	exp~c~3~2026~9~1^exp~c~6~2026~9~2^exp~c~9~2026~9~3^exp~c~12~2026~9~4^exp~c~15~2026~9~5^exp~c~18~2026~9~6^exp~c~21~2026~9~7^exp~c~24~2026~9~8^exp~c~27~2026~9~9^exp~c~30~2026~9~10|2026,9,3,1,2026,9,3
cmp	exp~c~3~2026~9~1^exp~c~6~2026~9~2^exp~c~9~2026~9~3^exp~c~12~2026~9~4^exp~c~15~2026~9~5^exp~c~18~2026~9~6^exp~c~21~2026~9~7^exp~c~24~2026~9~8^exp~c~27~2026~9~9^exp~c~30~2026~9~10|2026,9,3,1,2026,9,3
totals	exp~c~3~2026~9~1^exp~c~6~2026~9~2^exp~c~9~2026~9~3^exp~c~12~2026~9~4^exp~c~15~2026~9~5^exp~c~18~2026~9~6^exp~c~21~2026~9~7^exp~c~24~2026~9~8^exp~c~27~2026~9~9^exp~c~30~2026~9~10|2026,9,4,1,2026,9,4
cmp	exp~c~3~2026~9~1^exp~c~6~2026~9~2^exp~c~9~2026~9~3^exp~c~12~2026~9~4^exp~c~15~2026~9~5^exp~c~18~2026~9~6^exp~c~21~2026~9~7^exp~c~24~2026~9~8^exp~c~27~2026~9~9^exp~c~30~2026~9~10|2026,9,4,1,2026,9,4
totals	exp~c~3~2026~9~1^exp~c~6~2026~9~2^exp~c~9~2026~9~3^exp~c~12~2026~9~4^exp~c~15~2026~9~5^exp~c~18~2026~9~6^exp~c~21~2026~9~7^exp~c~24~2026~9~8^exp~c~27~2026~9~9^exp~c~30~2026~9~10|2026,9,5,1,2026,9,5
cmp	exp~c~3~2026~9~1^exp~c~6~2026~9~2^exp~c~9~2026~9~3^exp~c~12~2026~9~4^exp~c~15~2026~9~5^exp~c~18~2026~9~6^exp~c~21~2026~9~7^exp~c~24~2026~9~8^exp~c~27~2026~9~9^exp~c~30~2026~9~10|2026,9,5,1,2026,9,5
totals	exp~c~3~2026~9~1^exp~c~6~2026~9~2^exp~c~9~2026~9~3^exp~c~12~2026~9~4^exp~c~15~2026~9~5^exp~c~18~2026~9~6^exp~c~21~2026~9~7^exp~c~24~2026~9~8^exp~c~27~2026~9~9^exp~c~30~2026~9~10|2026,9,6,1,2026,9,6
cmp	exp~c~3~2026~9~1^exp~c~6~2026~9~2^exp~c~9~2026~9~3^exp~c~12~2026~9~4^exp~c~15~2026~9~5^exp~c~18~2026~9~6^exp~c~21~2026~9~7^exp~c~24~2026~9~8^exp~c~27~2026~9~9^exp~c~30~2026~9~10|2026,9,6,1,2026,9,6
totals	exp~c~3~2026~9~1^exp~c~6~2026~9~2^exp~c~9~2026~9~3^exp~c~12~2026~9~4^exp~c~15~2026~9~5^exp~c~18~2026~9~6^exp~c~21~2026~9~7^exp~c~24~2026~9~8^exp~c~27~2026~9~9^exp~c~30~2026~9~10|2026,9,7,1,2026,9,7
cmp	exp~c~3~2026~9~1^exp~c~6~2026~9~2^exp~c~9~2026~9~3^exp~c~12~2026~9~4^exp~c~15~2026~9~5^exp~c~18~2026~9~6^exp~c~21~2026~9~7^exp~c~24~2026~9~8^exp~c~27~2026~9~9^exp~c~30~2026~9~10|2026,9,7,1,2026,9,7
totals	exp~c~3~2026~9~1^exp~c~6~2026~9~2^exp~c~9~2026~9~3^exp~c~12~2026~9~4^exp~c~15~2026~9~5^exp~c~18~2026~9~6^exp~c~21~2026~9~7^exp~c~24~2026~9~8^exp~c~27~2026~9~9^exp~c~30~2026~9~10|2026,9,8,1,2026,9,8
cmp	exp~c~3~2026~9~1^exp~c~6~2026~9~2^exp~c~9~2026~9~3^exp~c~12~2026~9~4^exp~c~15~2026~9~5^exp~c~18~2026~9~6^exp~c~21~2026~9~7^exp~c~24~2026~9~8^exp~c~27~2026~9~9^exp~c~30~2026~9~10|2026,9,8,1,2026,9,8
totals	exp~c~3~2026~9~1^exp~c~6~2026~9~2^exp~c~9~2026~9~3^exp~c~12~2026~9~4^exp~c~15~2026~9~5^exp~c~18~2026~9~6^exp~c~21~2026~9~7^exp~c~24~2026~9~8^exp~c~27~2026~9~9^exp~c~30~2026~9~10|2026,9,9,1,2026,9,9
cmp	exp~c~3~2026~9~1^exp~c~6~2026~9~2^exp~c~9~2026~9~3^exp~c~12~2026~9~4^exp~c~15~2026~9~5^exp~c~18~2026~9~6^exp~c~21~2026~9~7^exp~c~24~2026~9~8^exp~c~27~2026~9~9^exp~c~30~2026~9~10|2026,9,9,1,2026,9,9
totals	exp~c~3~2026~9~1^exp~c~6~2026~9~2^exp~c~9~2026~9~3^exp~c~12~2026~9~4^exp~c~15~2026~9~5^exp~c~18~2026~9~6^exp~c~21~2026~9~7^exp~c~24~2026~9~8^exp~c~27~2026~9~9^exp~c~30~2026~9~10|2026,9,10,1,2026,9,10
cmp	exp~c~3~2026~9~1^exp~c~6~2026~9~2^exp~c~9~2026~9~3^exp~c~12~2026~9~4^exp~c~15~2026~9~5^exp~c~18~2026~9~6^exp~c~21~2026~9~7^exp~c~24~2026~9~8^exp~c~27~2026~9~9^exp~c~30~2026~9~10|2026,9,10,1,2026,9,10
totals	exp~c~3~2026~9~1^exp~c~6~2026~9~2^exp~c~9~2026~9~3^exp~c~12~2026~9~4^exp~c~15~2026~9~5^exp~c~18~2026~9~6^exp~c~21~2026~9~7^exp~c~24~2026~9~8^exp~c~27~2026~9~9^exp~c~30~2026~9~10|2026,9,11,1,2026,9,11
cmp	exp~c~3~2026~9~1^exp~c~6~2026~9~2^exp~c~9~2026~9~3^exp~c~12~2026~9~4^exp~c~15~2026~9~5^exp~c~18~2026~9~6^exp~c~21~2026~9~7^exp~c~24~2026~9~8^exp~c~27~2026~9~9^exp~c~30~2026~9~10|2026,9,11,1,2026,9,11
totals	exp~c~3~2026~9~1^exp~c~6~2026~9~2^exp~c~9~2026~9~3^exp~c~12~2026~9~4^exp~c~15~2026~9~5^exp~c~18~2026~9~6^exp~c~21~2026~9~7^exp~c~24~2026~9~8^exp~c~27~2026~9~9^exp~c~30~2026~9~10|2026,9,12,1,2026,9,12
cmp	exp~c~3~2026~9~1^exp~c~6~2026~9~2^exp~c~9~2026~9~3^exp~c~12~2026~9~4^exp~c~15~2026~9~5^exp~c~18~2026~9~6^exp~c~21~2026~9~7^exp~c~24~2026~9~8^exp~c~27~2026~9~9^exp~c~30~2026~9~10|2026,9,12,1,2026,9,12
totals	exp~c~3~2026~9~1^exp~c~6~2026~9~2^exp~c~9~2026~9~3^exp~c~12~2026~9~4^exp~c~15~2026~9~5^exp~c~18~2026~9~6^exp~c~21~2026~9~7^exp~c~24~2026~9~8^exp~c~27~2026~9~9^exp~c~30~2026~9~10|2026,9,13,1,2026,9,13
cmp	exp~c~3~2026~9~1^exp~c~6~2026~9~2^exp~c~9~2026~9~3^exp~c~12~2026~9~4^exp~c~15~2026~9~5^exp~c~18~2026~9~6^exp~c~21~2026~9~7^exp~c~24~2026~9~8^exp~c~27~2026~9~9^exp~c~30~2026~9~10|2026,9,13,1,2026,9,13
totals	exp~c~3~2026~9~1^exp~c~6~2026~9~2^exp~c~9~2026~9~3^exp~c~12~2026~9~4^exp~c~15~2026~9~5^exp~c~18~2026~9~6^exp~c~21~2026~9~7^exp~c~24~2026~9~8^exp~c~27~2026~9~9^exp~c~30~2026~9~10|2026,9,14,1,2026,9,14
cmp	exp~c~3~2026~9~1^exp~c~6~2026~9~2^exp~c~9~2026~9~3^exp~c~12~2026~9~4^exp~c~15~2026~9~5^exp~c~18~2026~9~6^exp~c~21~2026~9~7^exp~c~24~2026~9~8^exp~c~27~2026~9~9^exp~c~30~2026~9~10|2026,9,14,1,2026,9,14
totals	exp~c~3~2026~9~1^exp~c~6~2026~9~2^exp~c~9~2026~9~3^exp~c~12~2026~9~4^exp~c~15~2026~9~5^exp~c~18~2026~9~6^exp~c~21~2026~9~7^exp~c~24~2026~9~8^exp~c~27~2026~9~9^exp~c~30~2026~9~10|2026,9,15,1,2026,9,15
cmp	exp~c~3~2026~9~1^exp~c~6~2026~9~2^exp~c~9~2026~9~3^exp~c~12~2026~9~4^exp~c~15~2026~9~5^exp~c~18~2026~9~6^exp~c~21~2026~9~7^exp~c~24~2026~9~8^exp~c~27~2026~9~9^exp~c~30~2026~9~10|2026,9,15,1,2026,9,15
totals	exp~c~3~2026~9~1^exp~c~6~2026~9~2^exp~c~9~2026~9~3^exp~c~12~2026~9~4^exp~c~15~2026~9~5^exp~c~18~2026~9~6^exp~c~21~2026~9~7^exp~c~24~2026~9~8^exp~c~27~2026~9~9^exp~c~30~2026~9~10|2026,9,16,1,2026,9,16
cmp	exp~c~3~2026~9~1^exp~c~6~2026~9~2^exp~c~9~2026~9~3^exp~c~12~2026~9~4^exp~c~15~2026~9~5^exp~c~18~2026~9~6^exp~c~21~2026~9~7^exp~c~24~2026~9~8^exp~c~27~2026~9~9^exp~c~30~2026~9~10|2026,9,16,1,2026,9,16
totals	exp~c~3~2026~9~1^exp~c~6~2026~9~2^exp~c~9~2026~9~3^exp~c~12~2026~9~4^exp~c~15~2026~9~5^exp~c~18~2026~9~6^exp~c~21~2026~9~7^exp~c~24~2026~9~8^exp~c~27~2026~9~9^exp~c~30~2026~9~10|2026,9,17,1,2026,9,17
cmp	exp~c~3~2026~9~1^exp~c~6~2026~9~2^exp~c~9~2026~9~3^exp~c~12~2026~9~4^exp~c~15~2026~9~5^exp~c~18~2026~9~6^exp~c~21~2026~9~7^exp~c~24~2026~9~8^exp~c~27~2026~9~9^exp~c~30~2026~9~10|2026,9,17,1,2026,9,17
totals	exp~c~3~2026~9~1^exp~c~6~2026~9~2^exp~c~9~2026~9~3^exp~c~12~2026~9~4^exp~c~15~2026~9~5^exp~c~18~2026~9~6^exp~c~21~2026~9~7^exp~c~24~2026~9~8^exp~c~27~2026~9~9^exp~c~30~2026~9~10|2026,9,18,1,2026,9,18
cmp	exp~c~3~2026~9~1^exp~c~6~2026~9~2^exp~c~9~2026~9~3^exp~c~12~2026~9~4^exp~c~15~2026~9~5^exp~c~18~2026~9~6^exp~c~21~2026~9~7^exp~c~24~2026~9~8^exp~c~27~2026~9~9^exp~c~30~2026~9~10|2026,9,18,1,2026,9,18
totals	exp~c~3~2026~9~1^exp~c~6~2026~9~2^exp~c~9~2026~9~3^exp~c~12~2026~9~4^exp~c~15~2026~9~5^exp~c~18~2026~9~6^exp~c~21~2026~9~7^exp~c~24~2026~9~8^exp~c~27~2026~9~9^exp~c~30~2026~9~10|2026,9,19,1,2026,9,19
cmp	exp~c~3~2026~9~1^exp~c~6~2026~9~2^exp~c~9~2026~9~3^exp~c~12~2026~9~4^exp~c~15~2026~9~5^exp~c~18~2026~9~6^exp~c~21~2026~9~7^exp~c~24~2026~9~8^exp~c~27~2026~9~9^exp~c~30~2026~9~10|2026,9,19,1,2026,9,19
totals	exp~c~3~2026~9~1^exp~c~6~2026~9~2^exp~c~9~2026~9~3^exp~c~12~2026~9~4^exp~c~15~2026~9~5^exp~c~18~2026~9~6^exp~c~21~2026~9~7^exp~c~24~2026~9~8^exp~c~27~2026~9~9^exp~c~30~2026~9~10|2026,9,20,1,2026,9,20
cmp	exp~c~3~2026~9~1^exp~c~6~2026~9~2^exp~c~9~2026~9~3^exp~c~12~2026~9~4^exp~c~15~2026~9~5^exp~c~18~2026~9~6^exp~c~21~2026~9~7^exp~c~24~2026~9~8^exp~c~27~2026~9~9^exp~c~30~2026~9~10|2026,9,20,1,2026,9,20
totals	exp~c~3~2026~9~1^exp~c~6~2026~9~2^exp~c~9~2026~9~3^exp~c~12~2026~9~4^exp~c~15~2026~9~5^exp~c~18~2026~9~6^exp~c~21~2026~9~7^exp~c~24~2026~9~8^exp~c~27~2026~9~9^exp~c~30~2026~9~10|2026,9,21,1,2026,9,21
cmp	exp~c~3~2026~9~1^exp~c~6~2026~9~2^exp~c~9~2026~9~3^exp~c~12~2026~9~4^exp~c~15~2026~9~5^exp~c~18~2026~9~6^exp~c~21~2026~9~7^exp~c~24~2026~9~8^exp~c~27~2026~9~9^exp~c~30~2026~9~10|2026,9,21,1,2026,9,21
totals	exp~c~3~2026~9~1^exp~c~6~2026~9~2^exp~c~9~2026~9~3^exp~c~12~2026~9~4^exp~c~15~2026~9~5^exp~c~18~2026~9~6^exp~c~21~2026~9~7^exp~c~24~2026~9~8^exp~c~27~2026~9~9^exp~c~30~2026~9~10|2026,9,22,1,2026,9,22
cmp	exp~c~3~2026~9~1^exp~c~6~2026~9~2^exp~c~9~2026~9~3^exp~c~12~2026~9~4^exp~c~15~2026~9~5^exp~c~18~2026~9~6^exp~c~21~2026~9~7^exp~c~24~2026~9~8^exp~c~27~2026~9~9^exp~c~30~2026~9~10|2026,9,22,1,2026,9,22
totals	exp~c~3~2026~9~1^exp~c~6~2026~9~2^exp~c~9~2026~9~3^exp~c~12~2026~9~4^exp~c~15~2026~9~5^exp~c~18~2026~9~6^exp~c~21~2026~9~7^exp~c~24~2026~9~8^exp~c~27~2026~9~9^exp~c~30~2026~9~10|2026,9,23,1,2026,9,23
cmp	exp~c~3~2026~9~1^exp~c~6~2026~9~2^exp~c~9~2026~9~3^exp~c~12~2026~9~4^exp~c~15~2026~9~5^exp~c~18~2026~9~6^exp~c~21~2026~9~7^exp~c~24~2026~9~8^exp~c~27~2026~9~9^exp~c~30~2026~9~10|2026,9,23,1,2026,9,23
totals	exp~c~3~2026~9~1^exp~c~6~2026~9~2^exp~c~9~2026~9~3^exp~c~12~2026~9~4^exp~c~15~2026~9~5^exp~c~18~2026~9~6^exp~c~21~2026~9~7^exp~c~24~2026~9~8^exp~c~27~2026~9~9^exp~c~30~2026~9~10|2026,9,24,1,2026,9,24
cmp	exp~c~3~2026~9~1^exp~c~6~2026~9~2^exp~c~9~2026~9~3^exp~c~12~2026~9~4^exp~c~15~2026~9~5^exp~c~18~2026~9~6^exp~c~21~2026~9~7^exp~c~24~2026~9~8^exp~c~27~2026~9~9^exp~c~30~2026~9~10|2026,9,24,1,2026,9,24
totals	exp~c~3~2026~9~1^exp~c~6~2026~9~2^exp~c~9~2026~9~3^exp~c~12~2026~9~4^exp~c~15~2026~9~5^exp~c~18~2026~9~6^exp~c~21~2026~9~7^exp~c~24~2026~9~8^exp~c~27~2026~9~9^exp~c~30~2026~9~10|2026,9,25,1,2026,9,25
cmp	exp~c~3~2026~9~1^exp~c~6~2026~9~2^exp~c~9~2026~9~3^exp~c~12~2026~9~4^exp~c~15~2026~9~5^exp~c~18~2026~9~6^exp~c~21~2026~9~7^exp~c~24~2026~9~8^exp~c~27~2026~9~9^exp~c~30~2026~9~10|2026,9,25,1,2026,9,25
totals	exp~c~3~2026~9~1^exp~c~6~2026~9~2^exp~c~9~2026~9~3^exp~c~12~2026~9~4^exp~c~15~2026~9~5^exp~c~18~2026~9~6^exp~c~21~2026~9~7^exp~c~24~2026~9~8^exp~c~27~2026~9~9^exp~c~30~2026~9~10|2026,9,26,1,2026,9,26
cmp	exp~c~3~2026~9~1^exp~c~6~2026~9~2^exp~c~9~2026~9~3^exp~c~12~2026~9~4^exp~c~15~2026~9~5^exp~c~18~2026~9~6^exp~c~21~2026~9~7^exp~c~24~2026~9~8^exp~c~27~2026~9~9^exp~c~30~2026~9~10|2026,9,26,1,2026,9,26
totals	exp~c~3~2026~9~1^exp~c~6~2026~9~2^exp~c~9~2026~9~3^exp~c~12~2026~9~4^exp~c~15~2026~9~5^exp~c~18~2026~9~6^exp~c~21~2026~9~7^exp~c~24~2026~9~8^exp~c~27~2026~9~9^exp~c~30~2026~9~10|2026,9,27,1,2026,9,27
cmp	exp~c~3~2026~9~1^exp~c~6~2026~9~2^exp~c~9~2026~9~3^exp~c~12~2026~9~4^exp~c~15~2026~9~5^exp~c~18~2026~9~6^exp~c~21~2026~9~7^exp~c~24~2026~9~8^exp~c~27~2026~9~9^exp~c~30~2026~9~10|2026,9,27,1,2026,9,27
totals	exp~c~3~2026~9~1^exp~c~6~2026~9~2^exp~c~9~2026~9~3^exp~c~12~2026~9~4^exp~c~15~2026~9~5^exp~c~18~2026~9~6^exp~c~21~2026~9~7^exp~c~24~2026~9~8^exp~c~27~2026~9~9^exp~c~30~2026~9~10|2026,9,28,1,2026,9,28
cmp	exp~c~3~2026~9~1^exp~c~6~2026~9~2^exp~c~9~2026~9~3^exp~c~12~2026~9~4^exp~c~15~2026~9~5^exp~c~18~2026~9~6^exp~c~21~2026~9~7^exp~c~24~2026~9~8^exp~c~27~2026~9~9^exp~c~30~2026~9~10|2026,9,28,1,2026,9,28
totals	exp~c~3~2026~9~1^exp~c~6~2026~9~2^exp~c~9~2026~9~3^exp~c~12~2026~9~4^exp~c~15~2026~9~5^exp~c~18~2026~9~6^exp~c~21~2026~9~7^exp~c~24~2026~9~8^exp~c~27~2026~9~9^exp~c~30~2026~9~10|2026,9,29,1,2026,9,29
cmp	exp~c~3~2026~9~1^exp~c~6~2026~9~2^exp~c~9~2026~9~3^exp~c~12~2026~9~4^exp~c~15~2026~9~5^exp~c~18~2026~9~6^exp~c~21~2026~9~7^exp~c~24~2026~9~8^exp~c~27~2026~9~9^exp~c~30~2026~9~10|2026,9,29,1,2026,9,29
totals	exp~c~3~2026~9~1^exp~c~6~2026~9~2^exp~c~9~2026~9~3^exp~c~12~2026~9~4^exp~c~15~2026~9~5^exp~c~18~2026~9~6^exp~c~21~2026~9~7^exp~c~24~2026~9~8^exp~c~27~2026~9~9^exp~c~30~2026~9~10|2026,9,30,1,2026,9,30
cmp	exp~c~3~2026~9~1^exp~c~6~2026~9~2^exp~c~9~2026~9~3^exp~c~12~2026~9~4^exp~c~15~2026~9~5^exp~c~18~2026~9~6^exp~c~21~2026~9~7^exp~c~24~2026~9~8^exp~c~27~2026~9~9^exp~c~30~2026~9~10|2026,9,30,1,2026,9,30
totals	exp~c~3~2026~3~1^exp~c~6~2026~3~2^exp~c~9~2026~3~3^exp~c~12~2026~3~4^exp~c~15~2026~3~5^exp~c~18~2026~3~6^exp~c~21~2026~3~7^exp~c~24~2026~3~8^exp~c~27~2026~3~9^exp~c~30~2026~3~10|2026,3,1,1,2026,3,1
cmp	exp~c~3~2026~3~1^exp~c~6~2026~3~2^exp~c~9~2026~3~3^exp~c~12~2026~3~4^exp~c~15~2026~3~5^exp~c~18~2026~3~6^exp~c~21~2026~3~7^exp~c~24~2026~3~8^exp~c~27~2026~3~9^exp~c~30~2026~3~10|2026,3,1,1,2026,3,1
totals	exp~c~3~2026~3~1^exp~c~6~2026~3~2^exp~c~9~2026~3~3^exp~c~12~2026~3~4^exp~c~15~2026~3~5^exp~c~18~2026~3~6^exp~c~21~2026~3~7^exp~c~24~2026~3~8^exp~c~27~2026~3~9^exp~c~30~2026~3~10|2026,3,2,1,2026,3,2
cmp	exp~c~3~2026~3~1^exp~c~6~2026~3~2^exp~c~9~2026~3~3^exp~c~12~2026~3~4^exp~c~15~2026~3~5^exp~c~18~2026~3~6^exp~c~21~2026~3~7^exp~c~24~2026~3~8^exp~c~27~2026~3~9^exp~c~30~2026~3~10|2026,3,2,1,2026,3,2
totals	exp~c~3~2026~3~1^exp~c~6~2026~3~2^exp~c~9~2026~3~3^exp~c~12~2026~3~4^exp~c~15~2026~3~5^exp~c~18~2026~3~6^exp~c~21~2026~3~7^exp~c~24~2026~3~8^exp~c~27~2026~3~9^exp~c~30~2026~3~10|2026,3,3,1,2026,3,3
cmp	exp~c~3~2026~3~1^exp~c~6~2026~3~2^exp~c~9~2026~3~3^exp~c~12~2026~3~4^exp~c~15~2026~3~5^exp~c~18~2026~3~6^exp~c~21~2026~3~7^exp~c~24~2026~3~8^exp~c~27~2026~3~9^exp~c~30~2026~3~10|2026,3,3,1,2026,3,3
totals	exp~c~3~2026~3~1^exp~c~6~2026~3~2^exp~c~9~2026~3~3^exp~c~12~2026~3~4^exp~c~15~2026~3~5^exp~c~18~2026~3~6^exp~c~21~2026~3~7^exp~c~24~2026~3~8^exp~c~27~2026~3~9^exp~c~30~2026~3~10|2026,3,4,1,2026,3,4
cmp	exp~c~3~2026~3~1^exp~c~6~2026~3~2^exp~c~9~2026~3~3^exp~c~12~2026~3~4^exp~c~15~2026~3~5^exp~c~18~2026~3~6^exp~c~21~2026~3~7^exp~c~24~2026~3~8^exp~c~27~2026~3~9^exp~c~30~2026~3~10|2026,3,4,1,2026,3,4
totals	exp~c~3~2026~3~1^exp~c~6~2026~3~2^exp~c~9~2026~3~3^exp~c~12~2026~3~4^exp~c~15~2026~3~5^exp~c~18~2026~3~6^exp~c~21~2026~3~7^exp~c~24~2026~3~8^exp~c~27~2026~3~9^exp~c~30~2026~3~10|2026,3,5,1,2026,3,5
cmp	exp~c~3~2026~3~1^exp~c~6~2026~3~2^exp~c~9~2026~3~3^exp~c~12~2026~3~4^exp~c~15~2026~3~5^exp~c~18~2026~3~6^exp~c~21~2026~3~7^exp~c~24~2026~3~8^exp~c~27~2026~3~9^exp~c~30~2026~3~10|2026,3,5,1,2026,3,5
totals	exp~c~3~2026~3~1^exp~c~6~2026~3~2^exp~c~9~2026~3~3^exp~c~12~2026~3~4^exp~c~15~2026~3~5^exp~c~18~2026~3~6^exp~c~21~2026~3~7^exp~c~24~2026~3~8^exp~c~27~2026~3~9^exp~c~30~2026~3~10|2026,3,6,1,2026,3,6
cmp	exp~c~3~2026~3~1^exp~c~6~2026~3~2^exp~c~9~2026~3~3^exp~c~12~2026~3~4^exp~c~15~2026~3~5^exp~c~18~2026~3~6^exp~c~21~2026~3~7^exp~c~24~2026~3~8^exp~c~27~2026~3~9^exp~c~30~2026~3~10|2026,3,6,1,2026,3,6
totals	exp~c~3~2026~3~1^exp~c~6~2026~3~2^exp~c~9~2026~3~3^exp~c~12~2026~3~4^exp~c~15~2026~3~5^exp~c~18~2026~3~6^exp~c~21~2026~3~7^exp~c~24~2026~3~8^exp~c~27~2026~3~9^exp~c~30~2026~3~10|2026,3,7,1,2026,3,7
cmp	exp~c~3~2026~3~1^exp~c~6~2026~3~2^exp~c~9~2026~3~3^exp~c~12~2026~3~4^exp~c~15~2026~3~5^exp~c~18~2026~3~6^exp~c~21~2026~3~7^exp~c~24~2026~3~8^exp~c~27~2026~3~9^exp~c~30~2026~3~10|2026,3,7,1,2026,3,7
totals	exp~c~3~2026~3~1^exp~c~6~2026~3~2^exp~c~9~2026~3~3^exp~c~12~2026~3~4^exp~c~15~2026~3~5^exp~c~18~2026~3~6^exp~c~21~2026~3~7^exp~c~24~2026~3~8^exp~c~27~2026~3~9^exp~c~30~2026~3~10|2026,3,8,1,2026,3,8
cmp	exp~c~3~2026~3~1^exp~c~6~2026~3~2^exp~c~9~2026~3~3^exp~c~12~2026~3~4^exp~c~15~2026~3~5^exp~c~18~2026~3~6^exp~c~21~2026~3~7^exp~c~24~2026~3~8^exp~c~27~2026~3~9^exp~c~30~2026~3~10|2026,3,8,1,2026,3,8
totals	exp~c~3~2026~3~1^exp~c~6~2026~3~2^exp~c~9~2026~3~3^exp~c~12~2026~3~4^exp~c~15~2026~3~5^exp~c~18~2026~3~6^exp~c~21~2026~3~7^exp~c~24~2026~3~8^exp~c~27~2026~3~9^exp~c~30~2026~3~10|2026,3,9,1,2026,3,9
cmp	exp~c~3~2026~3~1^exp~c~6~2026~3~2^exp~c~9~2026~3~3^exp~c~12~2026~3~4^exp~c~15~2026~3~5^exp~c~18~2026~3~6^exp~c~21~2026~3~7^exp~c~24~2026~3~8^exp~c~27~2026~3~9^exp~c~30~2026~3~10|2026,3,9,1,2026,3,9
totals	exp~c~3~2026~3~1^exp~c~6~2026~3~2^exp~c~9~2026~3~3^exp~c~12~2026~3~4^exp~c~15~2026~3~5^exp~c~18~2026~3~6^exp~c~21~2026~3~7^exp~c~24~2026~3~8^exp~c~27~2026~3~9^exp~c~30~2026~3~10|2026,3,10,1,2026,3,10
cmp	exp~c~3~2026~3~1^exp~c~6~2026~3~2^exp~c~9~2026~3~3^exp~c~12~2026~3~4^exp~c~15~2026~3~5^exp~c~18~2026~3~6^exp~c~21~2026~3~7^exp~c~24~2026~3~8^exp~c~27~2026~3~9^exp~c~30~2026~3~10|2026,3,10,1,2026,3,10
totals	exp~c~3~2026~3~1^exp~c~6~2026~3~2^exp~c~9~2026~3~3^exp~c~12~2026~3~4^exp~c~15~2026~3~5^exp~c~18~2026~3~6^exp~c~21~2026~3~7^exp~c~24~2026~3~8^exp~c~27~2026~3~9^exp~c~30~2026~3~10|2026,3,11,1,2026,3,11
cmp	exp~c~3~2026~3~1^exp~c~6~2026~3~2^exp~c~9~2026~3~3^exp~c~12~2026~3~4^exp~c~15~2026~3~5^exp~c~18~2026~3~6^exp~c~21~2026~3~7^exp~c~24~2026~3~8^exp~c~27~2026~3~9^exp~c~30~2026~3~10|2026,3,11,1,2026,3,11
totals	exp~c~3~2026~3~1^exp~c~6~2026~3~2^exp~c~9~2026~3~3^exp~c~12~2026~3~4^exp~c~15~2026~3~5^exp~c~18~2026~3~6^exp~c~21~2026~3~7^exp~c~24~2026~3~8^exp~c~27~2026~3~9^exp~c~30~2026~3~10|2026,3,12,1,2026,3,12
cmp	exp~c~3~2026~3~1^exp~c~6~2026~3~2^exp~c~9~2026~3~3^exp~c~12~2026~3~4^exp~c~15~2026~3~5^exp~c~18~2026~3~6^exp~c~21~2026~3~7^exp~c~24~2026~3~8^exp~c~27~2026~3~9^exp~c~30~2026~3~10|2026,3,12,1,2026,3,12
totals	exp~c~3~2026~3~1^exp~c~6~2026~3~2^exp~c~9~2026~3~3^exp~c~12~2026~3~4^exp~c~15~2026~3~5^exp~c~18~2026~3~6^exp~c~21~2026~3~7^exp~c~24~2026~3~8^exp~c~27~2026~3~9^exp~c~30~2026~3~10|2026,3,13,1,2026,3,13
cmp	exp~c~3~2026~3~1^exp~c~6~2026~3~2^exp~c~9~2026~3~3^exp~c~12~2026~3~4^exp~c~15~2026~3~5^exp~c~18~2026~3~6^exp~c~21~2026~3~7^exp~c~24~2026~3~8^exp~c~27~2026~3~9^exp~c~30~2026~3~10|2026,3,13,1,2026,3,13
totals	exp~c~3~2026~3~1^exp~c~6~2026~3~2^exp~c~9~2026~3~3^exp~c~12~2026~3~4^exp~c~15~2026~3~5^exp~c~18~2026~3~6^exp~c~21~2026~3~7^exp~c~24~2026~3~8^exp~c~27~2026~3~9^exp~c~30~2026~3~10|2026,3,14,1,2026,3,14
cmp	exp~c~3~2026~3~1^exp~c~6~2026~3~2^exp~c~9~2026~3~3^exp~c~12~2026~3~4^exp~c~15~2026~3~5^exp~c~18~2026~3~6^exp~c~21~2026~3~7^exp~c~24~2026~3~8^exp~c~27~2026~3~9^exp~c~30~2026~3~10|2026,3,14,1,2026,3,14
totals	exp~c~3~2026~3~1^exp~c~6~2026~3~2^exp~c~9~2026~3~3^exp~c~12~2026~3~4^exp~c~15~2026~3~5^exp~c~18~2026~3~6^exp~c~21~2026~3~7^exp~c~24~2026~3~8^exp~c~27~2026~3~9^exp~c~30~2026~3~10|2026,3,15,1,2026,3,15
cmp	exp~c~3~2026~3~1^exp~c~6~2026~3~2^exp~c~9~2026~3~3^exp~c~12~2026~3~4^exp~c~15~2026~3~5^exp~c~18~2026~3~6^exp~c~21~2026~3~7^exp~c~24~2026~3~8^exp~c~27~2026~3~9^exp~c~30~2026~3~10|2026,3,15,1,2026,3,15
totals	exp~c~3~2026~3~1^exp~c~6~2026~3~2^exp~c~9~2026~3~3^exp~c~12~2026~3~4^exp~c~15~2026~3~5^exp~c~18~2026~3~6^exp~c~21~2026~3~7^exp~c~24~2026~3~8^exp~c~27~2026~3~9^exp~c~30~2026~3~10|2026,3,16,1,2026,3,16
cmp	exp~c~3~2026~3~1^exp~c~6~2026~3~2^exp~c~9~2026~3~3^exp~c~12~2026~3~4^exp~c~15~2026~3~5^exp~c~18~2026~3~6^exp~c~21~2026~3~7^exp~c~24~2026~3~8^exp~c~27~2026~3~9^exp~c~30~2026~3~10|2026,3,16,1,2026,3,16
totals	exp~c~3~2026~3~1^exp~c~6~2026~3~2^exp~c~9~2026~3~3^exp~c~12~2026~3~4^exp~c~15~2026~3~5^exp~c~18~2026~3~6^exp~c~21~2026~3~7^exp~c~24~2026~3~8^exp~c~27~2026~3~9^exp~c~30~2026~3~10|2026,3,17,1,2026,3,17
cmp	exp~c~3~2026~3~1^exp~c~6~2026~3~2^exp~c~9~2026~3~3^exp~c~12~2026~3~4^exp~c~15~2026~3~5^exp~c~18~2026~3~6^exp~c~21~2026~3~7^exp~c~24~2026~3~8^exp~c~27~2026~3~9^exp~c~30~2026~3~10|2026,3,17,1,2026,3,17
totals	exp~c~3~2026~3~1^exp~c~6~2026~3~2^exp~c~9~2026~3~3^exp~c~12~2026~3~4^exp~c~15~2026~3~5^exp~c~18~2026~3~6^exp~c~21~2026~3~7^exp~c~24~2026~3~8^exp~c~27~2026~3~9^exp~c~30~2026~3~10|2026,3,18,1,2026,3,18
cmp	exp~c~3~2026~3~1^exp~c~6~2026~3~2^exp~c~9~2026~3~3^exp~c~12~2026~3~4^exp~c~15~2026~3~5^exp~c~18~2026~3~6^exp~c~21~2026~3~7^exp~c~24~2026~3~8^exp~c~27~2026~3~9^exp~c~30~2026~3~10|2026,3,18,1,2026,3,18
totals	exp~c~3~2026~3~1^exp~c~6~2026~3~2^exp~c~9~2026~3~3^exp~c~12~2026~3~4^exp~c~15~2026~3~5^exp~c~18~2026~3~6^exp~c~21~2026~3~7^exp~c~24~2026~3~8^exp~c~27~2026~3~9^exp~c~30~2026~3~10|2026,3,19,1,2026,3,19
cmp	exp~c~3~2026~3~1^exp~c~6~2026~3~2^exp~c~9~2026~3~3^exp~c~12~2026~3~4^exp~c~15~2026~3~5^exp~c~18~2026~3~6^exp~c~21~2026~3~7^exp~c~24~2026~3~8^exp~c~27~2026~3~9^exp~c~30~2026~3~10|2026,3,19,1,2026,3,19
totals	exp~c~3~2026~3~1^exp~c~6~2026~3~2^exp~c~9~2026~3~3^exp~c~12~2026~3~4^exp~c~15~2026~3~5^exp~c~18~2026~3~6^exp~c~21~2026~3~7^exp~c~24~2026~3~8^exp~c~27~2026~3~9^exp~c~30~2026~3~10|2026,3,20,1,2026,3,20
cmp	exp~c~3~2026~3~1^exp~c~6~2026~3~2^exp~c~9~2026~3~3^exp~c~12~2026~3~4^exp~c~15~2026~3~5^exp~c~18~2026~3~6^exp~c~21~2026~3~7^exp~c~24~2026~3~8^exp~c~27~2026~3~9^exp~c~30~2026~3~10|2026,3,20,1,2026,3,20
totals	exp~c~3~2026~3~1^exp~c~6~2026~3~2^exp~c~9~2026~3~3^exp~c~12~2026~3~4^exp~c~15~2026~3~5^exp~c~18~2026~3~6^exp~c~21~2026~3~7^exp~c~24~2026~3~8^exp~c~27~2026~3~9^exp~c~30~2026~3~10|2026,3,21,1,2026,3,21
cmp	exp~c~3~2026~3~1^exp~c~6~2026~3~2^exp~c~9~2026~3~3^exp~c~12~2026~3~4^exp~c~15~2026~3~5^exp~c~18~2026~3~6^exp~c~21~2026~3~7^exp~c~24~2026~3~8^exp~c~27~2026~3~9^exp~c~30~2026~3~10|2026,3,21,1,2026,3,21
totals	exp~c~3~2026~3~1^exp~c~6~2026~3~2^exp~c~9~2026~3~3^exp~c~12~2026~3~4^exp~c~15~2026~3~5^exp~c~18~2026~3~6^exp~c~21~2026~3~7^exp~c~24~2026~3~8^exp~c~27~2026~3~9^exp~c~30~2026~3~10|2026,3,22,1,2026,3,22
cmp	exp~c~3~2026~3~1^exp~c~6~2026~3~2^exp~c~9~2026~3~3^exp~c~12~2026~3~4^exp~c~15~2026~3~5^exp~c~18~2026~3~6^exp~c~21~2026~3~7^exp~c~24~2026~3~8^exp~c~27~2026~3~9^exp~c~30~2026~3~10|2026,3,22,1,2026,3,22
totals	exp~c~3~2026~3~1^exp~c~6~2026~3~2^exp~c~9~2026~3~3^exp~c~12~2026~3~4^exp~c~15~2026~3~5^exp~c~18~2026~3~6^exp~c~21~2026~3~7^exp~c~24~2026~3~8^exp~c~27~2026~3~9^exp~c~30~2026~3~10|2026,3,23,1,2026,3,23
cmp	exp~c~3~2026~3~1^exp~c~6~2026~3~2^exp~c~9~2026~3~3^exp~c~12~2026~3~4^exp~c~15~2026~3~5^exp~c~18~2026~3~6^exp~c~21~2026~3~7^exp~c~24~2026~3~8^exp~c~27~2026~3~9^exp~c~30~2026~3~10|2026,3,23,1,2026,3,23
totals	exp~c~3~2026~3~1^exp~c~6~2026~3~2^exp~c~9~2026~3~3^exp~c~12~2026~3~4^exp~c~15~2026~3~5^exp~c~18~2026~3~6^exp~c~21~2026~3~7^exp~c~24~2026~3~8^exp~c~27~2026~3~9^exp~c~30~2026~3~10|2026,3,24,1,2026,3,24
cmp	exp~c~3~2026~3~1^exp~c~6~2026~3~2^exp~c~9~2026~3~3^exp~c~12~2026~3~4^exp~c~15~2026~3~5^exp~c~18~2026~3~6^exp~c~21~2026~3~7^exp~c~24~2026~3~8^exp~c~27~2026~3~9^exp~c~30~2026~3~10|2026,3,24,1,2026,3,24
totals	exp~c~3~2026~3~1^exp~c~6~2026~3~2^exp~c~9~2026~3~3^exp~c~12~2026~3~4^exp~c~15~2026~3~5^exp~c~18~2026~3~6^exp~c~21~2026~3~7^exp~c~24~2026~3~8^exp~c~27~2026~3~9^exp~c~30~2026~3~10|2026,3,25,1,2026,3,25
cmp	exp~c~3~2026~3~1^exp~c~6~2026~3~2^exp~c~9~2026~3~3^exp~c~12~2026~3~4^exp~c~15~2026~3~5^exp~c~18~2026~3~6^exp~c~21~2026~3~7^exp~c~24~2026~3~8^exp~c~27~2026~3~9^exp~c~30~2026~3~10|2026,3,25,1,2026,3,25
totals	exp~c~3~2026~3~1^exp~c~6~2026~3~2^exp~c~9~2026~3~3^exp~c~12~2026~3~4^exp~c~15~2026~3~5^exp~c~18~2026~3~6^exp~c~21~2026~3~7^exp~c~24~2026~3~8^exp~c~27~2026~3~9^exp~c~30~2026~3~10|2026,3,26,1,2026,3,26
cmp	exp~c~3~2026~3~1^exp~c~6~2026~3~2^exp~c~9~2026~3~3^exp~c~12~2026~3~4^exp~c~15~2026~3~5^exp~c~18~2026~3~6^exp~c~21~2026~3~7^exp~c~24~2026~3~8^exp~c~27~2026~3~9^exp~c~30~2026~3~10|2026,3,26,1,2026,3,26
totals	exp~c~3~2026~3~1^exp~c~6~2026~3~2^exp~c~9~2026~3~3^exp~c~12~2026~3~4^exp~c~15~2026~3~5^exp~c~18~2026~3~6^exp~c~21~2026~3~7^exp~c~24~2026~3~8^exp~c~27~2026~3~9^exp~c~30~2026~3~10|2026,3,27,1,2026,3,27
cmp	exp~c~3~2026~3~1^exp~c~6~2026~3~2^exp~c~9~2026~3~3^exp~c~12~2026~3~4^exp~c~15~2026~3~5^exp~c~18~2026~3~6^exp~c~21~2026~3~7^exp~c~24~2026~3~8^exp~c~27~2026~3~9^exp~c~30~2026~3~10|2026,3,27,1,2026,3,27
totals	exp~c~3~2026~3~1^exp~c~6~2026~3~2^exp~c~9~2026~3~3^exp~c~12~2026~3~4^exp~c~15~2026~3~5^exp~c~18~2026~3~6^exp~c~21~2026~3~7^exp~c~24~2026~3~8^exp~c~27~2026~3~9^exp~c~30~2026~3~10|2026,3,28,1,2026,3,28
cmp	exp~c~3~2026~3~1^exp~c~6~2026~3~2^exp~c~9~2026~3~3^exp~c~12~2026~3~4^exp~c~15~2026~3~5^exp~c~18~2026~3~6^exp~c~21~2026~3~7^exp~c~24~2026~3~8^exp~c~27~2026~3~9^exp~c~30~2026~3~10|2026,3,28,1,2026,3,28
totals	exp~c~3~2026~3~1^exp~c~6~2026~3~2^exp~c~9~2026~3~3^exp~c~12~2026~3~4^exp~c~15~2026~3~5^exp~c~18~2026~3~6^exp~c~21~2026~3~7^exp~c~24~2026~3~8^exp~c~27~2026~3~9^exp~c~30~2026~3~10|2026,3,29,1,2026,3,29
cmp	exp~c~3~2026~3~1^exp~c~6~2026~3~2^exp~c~9~2026~3~3^exp~c~12~2026~3~4^exp~c~15~2026~3~5^exp~c~18~2026~3~6^exp~c~21~2026~3~7^exp~c~24~2026~3~8^exp~c~27~2026~3~9^exp~c~30~2026~3~10|2026,3,29,1,2026,3,29
totals	exp~c~3~2026~3~1^exp~c~6~2026~3~2^exp~c~9~2026~3~3^exp~c~12~2026~3~4^exp~c~15~2026~3~5^exp~c~18~2026~3~6^exp~c~21~2026~3~7^exp~c~24~2026~3~8^exp~c~27~2026~3~9^exp~c~30~2026~3~10|2026,3,30,1,2026,3,30
cmp	exp~c~3~2026~3~1^exp~c~6~2026~3~2^exp~c~9~2026~3~3^exp~c~12~2026~3~4^exp~c~15~2026~3~5^exp~c~18~2026~3~6^exp~c~21~2026~3~7^exp~c~24~2026~3~8^exp~c~27~2026~3~9^exp~c~30~2026~3~10|2026,3,30,1,2026,3,30
totals	exp~c~10~2026~5~3|2026,5,10,1,2026,6,20
cmp	exp~c~10~2026~5~3|2026,5,10,1,2026,6,20
totals	exp~c~10~2026~5~3|2026,5,10,1,2026,4,1
cmp	exp~c~10~2026~5~3|2026,5,10,1,2026,4,1
totals	exp~c~10~2026~5~3|2026,5,10,1,2027,0,1
cmp	exp~c~10~2026~5~3|2026,5,10,1,2027,0,1
totals	inc~c~10~2026~5~3|2026,5,10,1,2026,5,10
cmp	inc~c~10~2026~5~3|2026,5,10,1,2026,5,10
trend	inc~c~10~2026~5~3|2026,5,10,1
totals	xfer~c~10~2026~5~3|2026,5,10,1,2026,5,10
cmp	xfer~c~10~2026~5~3|2026,5,10,1,2026,5,10
trend	xfer~c~10~2026~5~3|2026,5,10,1
totals	_~c~10~2026~5~3|2026,5,10,1,2026,5,10
cmp	_~c~10~2026~5~3|2026,5,10,1,2026,5,10
trend	_~c~10~2026~5~3|2026,5,10,1
totals	|2026,5,10,1,2026,5,10
cmp	|2026,5,10,1,2026,5,10
trend	|2026,5,10,1
totals	exp~c~0~2026~5~3^exp~c~5~2026~5~4|2026,5,10,1,2026,5,10
totals	exp~c~10~2026~5~3^exp~c~5~2026~5~4|2026,5,10,1,2026,5,10
totals	exp~c~35.5~2026~5~3^exp~c~5~2026~5~4|2026,5,10,1,2026,5,10
totals	exp~c~-5~2026~5~3^exp~c~5~2026~5~4|2026,5,10,1,2026,5,10
totals	exp~c~0.005~2026~5~3^exp~c~5~2026~5~4|2026,5,10,1,2026,5,10
totals	exp~c~0.1~2026~5~3^exp~c~5~2026~5~4|2026,5,10,1,2026,5,10
totals	exp~c~1e21~2026~5~3^exp~c~5~2026~5~4|2026,5,10,1,2026,5,10
totals	exp~c~1e-7~2026~5~3^exp~c~5~2026~5~4|2026,5,10,1,2026,5,10
totals	exp~c~-0~2026~5~3^exp~c~5~2026~5~4|2026,5,10,1,2026,5,10
totals	exp~c~1000000~2026~5~3^exp~c~5~2026~5~4|2026,5,10,1,2026,5,10
totals	exp~c~-5~2026~5~3^exp~c~-2~2026~5~4|2026,5,10,1,2026,5,10
totals	exp~c~-1~2026~5~3^exp~c~-100~2026~5~4|2026,5,10,1,2026,5,10
totals	exp~c~-0.5~2026~5~3^exp~c~-0.25~2026~5~4|2026,5,10,1,2026,5,10
totals	exp~c~-1e+21~2026~5~3^exp~c~-1~2026~5~4|2026,5,10,1,2026,5,10
totals	exp~c~-1~2026~5~3^exp~c~-1~2026~5~4|2026,5,10,1,2026,5,10
totals	exp~c~NaN~2026~5~3^exp~c~10~2026~5~4|2026,5,10,1,2026,5,10
totals	exp~c~10~2026~5~3^exp~c~NaN~2026~5~4|2026,5,10,1,2026,5,10
totals	exp~c~NaN~2026~5~3^exp~c~-5~2026~5~4|2026,5,10,1,2026,5,10
totals	exp~c~-5~2026~5~3^exp~c~NaN~2026~5~4|2026,5,10,1,2026,5,10
totals	exp~c~NaN~2026~5~3^exp~c~0~2026~5~4|2026,5,10,1,2026,5,10
totals	exp~c~0~2026~5~3^exp~c~NaN~2026~5~4|2026,5,10,1,2026,5,10
totals	exp~c~NaN~2026~5~3^exp~c~NaN~2026~5~4|2026,5,10,1,2026,5,10
totals	exp~c~NaN~2026~5~3^exp~c~NaN~2026~5~4|2026,5,10,1,2026,5,10
cmp	exp~c~9~2026~5~1|2026,5,10,1,2026,5,10
trend	exp~c~9~2026~5~1|2026,5,10,1
totals	exp~c~9~2026~5~1|2026,5,10,1,2026,5,10
cmp	exp~c~9~2026~6~1|2026,5,10,1,2026,5,10
trend	exp~c~9~2026~6~1|2026,5,10,1
totals	exp~c~9~2026~6~1|2026,5,10,1,2026,5,10
cmp	exp~c~9~2026~6~0|2026,5,10,1,2026,5,10
trend	exp~c~9~2026~6~0|2026,5,10,1
totals	exp~c~9~2026~6~0|2026,5,10,1,2026,5,10
cmp	exp~c~9~2026~5~0|2026,5,10,1,2026,5,10
trend	exp~c~9~2026~5~0|2026,5,10,1
totals	exp~c~9~2026~5~0|2026,5,10,1,2026,5,10
cmp	exp~c~9~2026~4~15|2026,5,10,15,2026,5,10
trend	exp~c~9~2026~4~15|2026,5,10,15
totals	exp~c~9~2026~4~15|2026,5,10,15,2026,5,10
cmp	exp~c~9~2026~5~15|2026,5,10,15,2026,5,10
trend	exp~c~9~2026~5~15|2026,5,10,15
totals	exp~c~9~2026~5~15|2026,5,10,15,2026,5,10
cmp	exp~c~9~2026~5~14|2026,5,10,15,2026,5,10
trend	exp~c~9~2026~5~14|2026,5,10,15
totals	exp~c~9~2026~5~14|2026,5,10,15,2026,5,10
cmp	exp~c~9~2026~4~14|2026,5,10,15,2026,5,10
trend	exp~c~9~2026~4~14|2026,5,10,15
totals	exp~c~9~2026~4~14|2026,5,10,15,2026,5,10
cmp	exp~c~9~2026~4~25|2026,5,10,25,2026,5,10
trend	exp~c~9~2026~4~25|2026,5,10,25
totals	exp~c~9~2026~4~25|2026,5,10,25,2026,5,10
cmp	exp~c~9~2026~5~25|2026,5,10,25,2026,5,10
trend	exp~c~9~2026~5~25|2026,5,10,25
totals	exp~c~9~2026~5~25|2026,5,10,25,2026,5,10
cmp	exp~c~9~2026~5~24|2026,5,10,25,2026,5,10
trend	exp~c~9~2026~5~24|2026,5,10,25
totals	exp~c~9~2026~5~24|2026,5,10,25,2026,5,10
cmp	exp~c~9~2026~4~24|2026,5,10,25,2026,5,10
trend	exp~c~9~2026~4~24|2026,5,10,25
totals	exp~c~9~2026~4~24|2026,5,10,25,2026,5,10
cmp	exp~c~9~2026~2~1|2026,2,10,1,2026,2,10
cmp	exp~c~9~2026~1~28^exp~c~4~2026~2~1|2026,2,10,1,2026,2,10
cmp	exp~c~9~2026~2~1|2026,2,20,1,2026,2,20
cmp	exp~c~9~2026~1~28^exp~c~4~2026~2~1|2026,2,20,1,2026,2,20
cmp	exp~c~9~2026~2~1|2026,2,29,1,2026,2,29
cmp	exp~c~9~2026~1~28^exp~c~4~2026~2~1|2026,2,29,1,2026,2,29
cmp	exp~c~9~2026~2~1|2026,2,31,1,2026,2,31
cmp	exp~c~9~2026~1~28^exp~c~4~2026~2~1|2026,2,31,1,2026,2,31
cmp	exp~c~9~2025~2~1|2025,2,10,1,2025,2,10
cmp	exp~c~9~2024~2~1|2024,2,10,1,2024,2,10
cmp	exp~c~9~2025~2~1|2025,2,31,1,2025,2,31
cmp	exp~c~9~2024~2~1|2024,2,31,1,2024,2,31
trend	inc~c~50~2026~5~3^exp~c~7~2026~5~4|2026,5,15,1
trend	xfer~c~50~2026~5~3^exp~c~7~2026~5~4|2026,5,15,1
trend	inc~c~50~2026~4~3^exp~c~7~2026~4~4|2026,5,15,1
trend	xfer~c~50~2026~4~3^exp~c~7~2026~4~4|2026,5,15,1
trend	inc~c~50~2026~3~3^exp~c~7~2026~3~4|2026,5,15,1
trend	xfer~c~50~2026~3~3^exp~c~7~2026~3~4|2026,5,15,1
trend	inc~c~50~2026~2~3^exp~c~7~2026~2~4|2026,5,15,1
trend	xfer~c~50~2026~2~3^exp~c~7~2026~2~4|2026,5,15,1
trend	inc~c~50~2026~1~3^exp~c~7~2026~1~4|2026,5,15,1
trend	xfer~c~50~2026~1~3^exp~c~7~2026~1~4|2026,5,15,1
trend	inc~c~50~2026~0~3^exp~c~7~2026~0~4|2026,5,15,1
trend	xfer~c~50~2026~0~3^exp~c~7~2026~0~4|2026,5,15,1
totals	|2026,5,10,1,2026,5,10
totals	inc~c~10~2026~5~10|2026,5,10,1,2026,5,10
totals	|2026,9,10,1,2026,9,10
totals	inc~c~10~2026~9~10|2026,9,10,1,2026,9,10
totals	|2026,3,10,1,2026,3,10
totals	inc~c~10~2026~3~10|2026,3,10,1,2026,3,10
totals	|2026,5,10,15,2026,5,10
totals	inc~c~10~2026~5~10|2026,5,10,15,2026,5,10
totals	|2026,9,10,15,2026,9,10
totals	inc~c~10~2026~9~10|2026,9,10,15,2026,9,10
totals	|2026,3,10,15,2026,3,10
totals	inc~c~10~2026~3~10|2026,3,10,15,2026,3,10
totals	|2026,5,10,25,2026,5,10
totals	inc~c~10~2026~5~10|2026,5,10,25,2026,5,10
totals	|2026,9,10,25,2026,9,10
totals	inc~c~10~2026~9~10|2026,9,10,25,2026,9,10
totals	|2026,3,10,25,2026,3,10
totals	inc~c~10~2026~3~10|2026,3,10,25,2026,3,10
totals	|2026,5,10,28,2026,5,10
totals	inc~c~10~2026~5~10|2026,5,10,28,2026,5,10
totals	|2026,9,10,28,2026,9,10
totals	inc~c~10~2026~9~10|2026,9,10,28,2026,9,10
totals	|2026,3,10,28,2026,3,10
totals	inc~c~10~2026~3~10|2026,3,10,28,2026,3,10
totals	exp~c~10~2026~5~3|2026,5,10,1,2026,6,1
cmp	exp~c~10~2026~5~3|2026,5,10,1,2026,6,1
totals	exp~c~10~2026~5~3|2026,5,10,1,2026,6,5
cmp	exp~c~10~2026~5~3|2026,5,10,1,2026,6,5
totals	exp~c~10~2026~5~3|2026,5,10,1,2026,6,40
cmp	exp~c~10~2026~5~3|2026,5,10,1,2026,6,40
totals	exp~c~10~2026~5~3|2026,5,10,1,2026,6,400
cmp	exp~c~10~2026~5~3|2026,5,10,1,2026,6,400
totals	exp~c~10~2026~5~3|2026,5,10,15,2026,6,1
cmp	exp~c~10~2026~5~3|2026,5,10,15,2026,6,1
totals	exp~c~10~2026~5~3|2026,5,10,15,2026,6,5
cmp	exp~c~10~2026~5~3|2026,5,10,15,2026,6,5
totals	exp~c~10~2026~5~3|2026,5,10,15,2026,6,40
cmp	exp~c~10~2026~5~3|2026,5,10,15,2026,6,40
totals	exp~c~10~2026~5~3|2026,5,10,15,2026,6,400
cmp	exp~c~10~2026~5~3|2026,5,10,15,2026,6,400
totals	exp~c~10~2026~5~3|2026,5,10,25,2026,6,1
cmp	exp~c~10~2026~5~3|2026,5,10,25,2026,6,1
totals	exp~c~10~2026~5~3|2026,5,10,25,2026,6,5
cmp	exp~c~10~2026~5~3|2026,5,10,25,2026,6,5
totals	exp~c~10~2026~5~3|2026,5,10,25,2026,6,40
cmp	exp~c~10~2026~5~3|2026,5,10,25,2026,6,40
totals	exp~c~10~2026~5~3|2026,5,10,25,2026,6,400
cmp	exp~c~10~2026~5~3|2026,5,10,25,2026,6,400
totals	exp~c~10~2026~5~3|2026,5,10,28,2026,6,1
cmp	exp~c~10~2026~5~3|2026,5,10,28,2026,6,1
totals	exp~c~10~2026~5~3|2026,5,10,28,2026,6,5
cmp	exp~c~10~2026~5~3|2026,5,10,28,2026,6,5
totals	exp~c~10~2026~5~3|2026,5,10,28,2026,6,40
cmp	exp~c~10~2026~5~3|2026,5,10,28,2026,6,40
totals	exp~c~10~2026~5~3|2026,5,10,28,2026,6,400
cmp	exp~c~10~2026~5~3|2026,5,10,28,2026,6,400
trend	exp~c~10~2026~1~3^exp~c~20~2026~0~3^exp~c~30~2026~-1~3^exp~c~40~2026~-2~3^exp~c~50~2026~-3~3^exp~c~60~2026~-4~3^exp~c~70~2026~-5~3^exp~c~80~2026~-6~3|2026,1,15,1
trend	exp~c~10~2026~1~3^exp~c~20~2026~0~3^exp~c~30~2026~-1~3^exp~c~40~2026~-2~3^exp~c~50~2026~-3~3^exp~c~60~2026~-4~3^exp~c~70~2026~-5~3^exp~c~80~2026~-6~3|2026,1,15,25
trend	exp~c~10~2026~0~3^exp~c~20~2026~-1~3^exp~c~30~2026~-2~3^exp~c~40~2026~-3~3^exp~c~50~2026~-4~3^exp~c~60~2026~-5~3^exp~c~70~2026~-6~3^exp~c~80~2026~-7~3|2026,0,15,1
trend	exp~c~10~2026~0~3^exp~c~20~2026~-1~3^exp~c~30~2026~-2~3^exp~c~40~2026~-3~3^exp~c~50~2026~-4~3^exp~c~60~2026~-5~3^exp~c~70~2026~-6~3^exp~c~80~2026~-7~3|2026,0,15,25
trend	exp~c~10~2025~11~3^exp~c~20~2025~10~3^exp~c~30~2025~9~3^exp~c~40~2025~8~3^exp~c~50~2025~7~3^exp~c~60~2025~6~3^exp~c~70~2025~5~3^exp~c~80~2025~4~3|2025,11,15,1
trend	exp~c~10~2025~11~3^exp~c~20~2025~10~3^exp~c~30~2025~9~3^exp~c~40~2025~8~3^exp~c~50~2025~7~3^exp~c~60~2025~6~3^exp~c~70~2025~5~3^exp~c~80~2025~4~3|2025,11,15,25
