dirty	[{"id":"e0","updatedAt":1700000000000},{"id":"e1","updatedAt":10},{"id":"e2","updatedAt":1700000000000},{"id":"e3","updatedAt":-1}]|-1
advance	[{"id":"e0","updatedAt":1700000000000},{"id":"e1","updatedAt":10},{"id":"e2","updatedAt":1700000000000},{"id":"e3","updatedAt":-1}]|-1
dirty	[{"id":"e0","updatedAt":-1},{"id":"e1"},{"id":"e2","updatedAt":1700000000000}]|-1
advance	[{"id":"e0","updatedAt":-1},{"id":"e1"},{"id":"e2","updatedAt":1700000000000}]|-1
dirty	[{"id":"e0"},{"id":"e1","updatedAt":11}]|10
advance	[{"id":"e0"},{"id":"e1","updatedAt":11}]|10
dirty	[{"id":"e0","updatedAt":1},{"id":"e1","updatedAt":10},{"id":"e2","updatedAt":0},{"id":"e3","updatedAt":5}]|1700000000000
advance	[{"id":"e0","updatedAt":1},{"id":"e1","updatedAt":10},{"id":"e2","updatedAt":0},{"id":"e3","updatedAt":5}]|1700000000000
dirty	[{"id":"e0","updatedAt":1},{"id":"e1","updatedAt":0},{"id":"e2"}]|100
advance	[{"id":"e0","updatedAt":1},{"id":"e1","updatedAt":0},{"id":"e2"}]|100
dirty	[{"id":"e0","updatedAt":100},{"id":"e1","updatedAt":1},{"id":"e2","updatedAt":1},{"id":"e3","updatedAt":10},{"id":"e4","updatedAt":1}]|100
advance	[{"id":"e0","updatedAt":100},{"id":"e1","updatedAt":1},{"id":"e2","updatedAt":1},{"id":"e3","updatedAt":10},{"id":"e4","updatedAt":1}]|100
dirty	[]|1
advance	[]|1
dirty	[{"id":"e0","updatedAt":0},{"id":"e1","updatedAt":11}]|1700000000000
advance	[{"id":"e0","updatedAt":0},{"id":"e1","updatedAt":11}]|1700000000000
dirty	[]|1700000000000
advance	[]|1700000000000
dirty	[]|1
advance	[]|1
dirty	[{"id":"e0"},{"id":"e1","updatedAt":-1}]|-1
advance	[{"id":"e0"},{"id":"e1","updatedAt":-1}]|-1
dirty	[{"id":"e0","updatedAt":0},{"id":"e1","updatedAt":11}]|-1
advance	[{"id":"e0","updatedAt":0},{"id":"e1","updatedAt":11}]|-1
dirty	[{"id":"e0"}]|10
advance	[{"id":"e0"}]|10
dirty	[{"id":"e0","updatedAt":5},{"id":"e1","updatedAt":11},{"id":"e2","updatedAt":0},{"id":"e3","updatedAt":0},{"id":"e4"}]|1
advance	[{"id":"e0","updatedAt":5},{"id":"e1","updatedAt":11},{"id":"e2","updatedAt":0},{"id":"e3","updatedAt":0},{"id":"e4"}]|1
dirty	[{"id":"e0","updatedAt":100},{"id":"e1","updatedAt":0}]|1
advance	[{"id":"e0","updatedAt":100},{"id":"e1","updatedAt":0}]|1
dirty	[{"id":"e0","updatedAt":0}]|10
advance	[{"id":"e0","updatedAt":0}]|10
dirty	[{"id":"e0","updatedAt":-1},{"id":"e1","updatedAt":1700000000000},{"id":"e2","updatedAt":100},{"id":"e3"},{"id":"e4","updatedAt":1}]|1700000000000
advance	[{"id":"e0","updatedAt":-1},{"id":"e1","updatedAt":1700000000000},{"id":"e2","updatedAt":100},{"id":"e3"},{"id":"e4","updatedAt":1}]|1700000000000
dirty	[{"id":"e0","updatedAt":5},{"id":"e1","updatedAt":10},{"id":"e2","updatedAt":-1}]|5
advance	[{"id":"e0","updatedAt":5},{"id":"e1","updatedAt":10},{"id":"e2","updatedAt":-1}]|5
dirty	[{"id":"e0","updatedAt":-1},{"id":"e1","updatedAt":10},{"id":"e2","updatedAt":10},{"id":"e3","updatedAt":1700000000000}]|0
advance	[{"id":"e0","updatedAt":-1},{"id":"e1","updatedAt":10},{"id":"e2","updatedAt":10},{"id":"e3","updatedAt":1700000000000}]|0
dirty	[{"id":"e0","updatedAt":100},{"id":"e1","updatedAt":1}]|1700000000000
advance	[{"id":"e0","updatedAt":100},{"id":"e1","updatedAt":1}]|1700000000000
dirty	[{"id":"e0","updatedAt":5},{"id":"e1","updatedAt":10},{"id":"e2","updatedAt":1},{"id":"e3","updatedAt":5},{"id":"e4","updatedAt":10}]|0
advance	[{"id":"e0","updatedAt":5},{"id":"e1","updatedAt":10},{"id":"e2","updatedAt":1},{"id":"e3","updatedAt":5},{"id":"e4","updatedAt":10}]|0
dirty	[{"id":"e0","updatedAt":5},{"id":"e1","updatedAt":5},{"id":"e2"}]|10
advance	[{"id":"e0","updatedAt":5},{"id":"e1","updatedAt":5},{"id":"e2"}]|10
dirty	[{"id":"e0"},{"id":"e1","updatedAt":0}]|1
advance	[{"id":"e0"},{"id":"e1","updatedAt":0}]|1
dirty	[{"id":"e0"},{"id":"e1","updatedAt":5}]|0
advance	[{"id":"e0"},{"id":"e1","updatedAt":5}]|0
dirty	[]|0
advance	[]|0
dirty	[{"id":"e0","updatedAt":11},{"id":"e1","updatedAt":100},{"id":"e2"},{"id":"e3","updatedAt":10}]|1
advance	[{"id":"e0","updatedAt":11},{"id":"e1","updatedAt":100},{"id":"e2"},{"id":"e3","updatedAt":10}]|1
dirty	[{"id":"e0","updatedAt":11},{"id":"e1","updatedAt":1700000000000}]|5
advance	[{"id":"e0","updatedAt":11},{"id":"e1","updatedAt":1700000000000}]|5
dirty	[{"id":"e0","updatedAt":100},{"id":"e1","updatedAt":0},{"id":"e2","updatedAt":5}]|5
advance	[{"id":"e0","updatedAt":100},{"id":"e1","updatedAt":0},{"id":"e2","updatedAt":5}]|5
dirty	[{"id":"e0","updatedAt":0},{"id":"e1","updatedAt":1700000000000},{"id":"e2","updatedAt":-1},{"id":"e3","updatedAt":5}]|-1
advance	[{"id":"e0","updatedAt":0},{"id":"e1","updatedAt":1700000000000},{"id":"e2","updatedAt":-1},{"id":"e3","updatedAt":5}]|-1
dirty	[{"id":"e0","updatedAt":1700000000000},{"id":"e1","updatedAt":100},{"id":"e2","updatedAt":-1}]|5
advance	[{"id":"e0","updatedAt":1700000000000},{"id":"e1","updatedAt":100},{"id":"e2","updatedAt":-1}]|5
dirty	[{"id":"e0","updatedAt":0},{"id":"e1","updatedAt":5}]|0
advance	[{"id":"e0","updatedAt":0},{"id":"e1","updatedAt":5}]|0
dirty	[]|-1
advance	[]|-1
dirty	[{"id":"e0"},{"id":"e1","updatedAt":10},{"id":"e2","updatedAt":1}]|5
advance	[{"id":"e0"},{"id":"e1","updatedAt":10},{"id":"e2","updatedAt":1}]|5
dirty	[{"id":"e0","updatedAt":-1}]|1
advance	[{"id":"e0","updatedAt":-1}]|1
dirty	[{"id":"e0","updatedAt":1}]|1
advance	[{"id":"e0","updatedAt":1}]|1
dirty	[{"id":"e0","updatedAt":1},{"id":"e1","updatedAt":10}]|5
advance	[{"id":"e0","updatedAt":1},{"id":"e1","updatedAt":10}]|5
dirty	[{"id":"e0","updatedAt":5},{"id":"e1","updatedAt":11},{"id":"e2","updatedAt":1},{"id":"e3","updatedAt":11},{"id":"e4","updatedAt":10}]|100
advance	[{"id":"e0","updatedAt":5},{"id":"e1","updatedAt":11},{"id":"e2","updatedAt":1},{"id":"e3","updatedAt":11},{"id":"e4","updatedAt":10}]|100
dirty	[{"id":"e0","updatedAt":1700000000000},{"id":"e1","updatedAt":-1},{"id":"e2","updatedAt":10},{"id":"e3","updatedAt":5}]|1700000000000
advance	[{"id":"e0","updatedAt":1700000000000},{"id":"e1","updatedAt":-1},{"id":"e2","updatedAt":10},{"id":"e3","updatedAt":5}]|1700000000000
dirty	[]|1700000000000
advance	[]|1700000000000
dirty	[{"id":"e0","updatedAt":-1},{"id":"e1","updatedAt":1}]|100
advance	[{"id":"e0","updatedAt":-1},{"id":"e1","updatedAt":1}]|100
dirty	[{"id":"e0","updatedAt":5},{"id":"e1","updatedAt":-1},{"id":"e2","updatedAt":1700000000000},{"id":"e3","updatedAt":0}]|1
advance	[{"id":"e0","updatedAt":5},{"id":"e1","updatedAt":-1},{"id":"e2","updatedAt":1700000000000},{"id":"e3","updatedAt":0}]|1
dirty	[{"id":"e0","updatedAt":-1},{"id":"e1","updatedAt":5},{"id":"e2","updatedAt":11}]|0
advance	[{"id":"e0","updatedAt":-1},{"id":"e1","updatedAt":5},{"id":"e2","updatedAt":11}]|0
dirty	[{"id":"e0","updatedAt":10},{"id":"e1","updatedAt":5}]|-1
advance	[{"id":"e0","updatedAt":10},{"id":"e1","updatedAt":5}]|-1
dirty	[]|0
advance	[]|0
dirty	[{"id":"e0","updatedAt":11},{"id":"e1","updatedAt":10},{"id":"e2"},{"id":"e3","updatedAt":100},{"id":"e4"}]|1
advance	[{"id":"e0","updatedAt":11},{"id":"e1","updatedAt":10},{"id":"e2"},{"id":"e3","updatedAt":100},{"id":"e4"}]|1
dirty	[]|1
advance	[]|1
dirty	[{"id":"e0","updatedAt":-1},{"id":"e1","updatedAt":10},{"id":"e2","updatedAt":100}]|5
advance	[{"id":"e0","updatedAt":-1},{"id":"e1","updatedAt":10},{"id":"e2","updatedAt":100}]|5
dirty	[]|1
advance	[]|1
dirty	[]|5
advance	[]|5
dirty	[{"id":"e0","updatedAt":10},{"id":"e1","updatedAt":100},{"id":"e2","updatedAt":1},{"id":"e3","updatedAt":10}]|100
advance	[{"id":"e0","updatedAt":10},{"id":"e1","updatedAt":100},{"id":"e2","updatedAt":1},{"id":"e3","updatedAt":10}]|100
dirty	[]|0
advance	[]|0
dirty	[{"id":"e0"},{"id":"e1","updatedAt":0}]|5
advance	[{"id":"e0"},{"id":"e1","updatedAt":0}]|5
dirty	[{"id":"e0"},{"id":"e1","updatedAt":-1}]|10
advance	[{"id":"e0"},{"id":"e1","updatedAt":-1}]|10
dirty	[{"id":"e0"},{"id":"e1","updatedAt":5},{"id":"e2","updatedAt":100}]|10
advance	[{"id":"e0"},{"id":"e1","updatedAt":5},{"id":"e2","updatedAt":100}]|10
dirty	[{"id":"e0","updatedAt":1700000000000},{"id":"e1","updatedAt":1}]|-1
advance	[{"id":"e0","updatedAt":1700000000000},{"id":"e1","updatedAt":1}]|-1
dirty	[{"id":"e0","updatedAt":1},{"id":"e1","updatedAt":11},{"id":"e2","updatedAt":10},{"id":"e3","updatedAt":10},{"id":"e4","updatedAt":0}]|10
advance	[{"id":"e0","updatedAt":1},{"id":"e1","updatedAt":11},{"id":"e2","updatedAt":10},{"id":"e3","updatedAt":10},{"id":"e4","updatedAt":0}]|10
dirty	[{"id":"e0","updatedAt":0},{"id":"e1","updatedAt":5},{"id":"e2","updatedAt":100},{"id":"e3","updatedAt":1},{"id":"e4","updatedAt":0}]|1700000000000
advance	[{"id":"e0","updatedAt":0},{"id":"e1","updatedAt":5},{"id":"e2","updatedAt":100},{"id":"e3","updatedAt":1},{"id":"e4","updatedAt":0}]|1700000000000
dirty	[{"id":"e0","updatedAt":5},{"id":"e1","updatedAt":0},{"id":"e2","updatedAt":10},{"id":"e3","updatedAt":10}]|1
advance	[{"id":"e0","updatedAt":5},{"id":"e1","updatedAt":0},{"id":"e2","updatedAt":10},{"id":"e3","updatedAt":10}]|1
dirty	[{"id":"e0","updatedAt":1700000000000},{"id":"e1"}]|1
advance	[{"id":"e0","updatedAt":1700000000000},{"id":"e1"}]|1
dirty	[{"id":"e0","updatedAt":10},{"id":"e1"}]|1700000000000
advance	[{"id":"e0","updatedAt":10},{"id":"e1"}]|1700000000000
dirty	[]|-1
advance	[]|-1
dirty	[{"id":"e0"},{"id":"e1","updatedAt":1700000000000},{"id":"e2","updatedAt":1700000000000}]|1
advance	[{"id":"e0"},{"id":"e1","updatedAt":1700000000000},{"id":"e2","updatedAt":1700000000000}]|1
dirty	[{"id":"e0","updatedAt":0},{"id":"e1","updatedAt":10},{"id":"e2","updatedAt":100},{"id":"e3","updatedAt":1700000000000}]|10
advance	[{"id":"e0","updatedAt":0},{"id":"e1","updatedAt":10},{"id":"e2","updatedAt":100},{"id":"e3","updatedAt":1700000000000}]|10
dirty	[{"id":"e0","updatedAt":5},{"id":"e1","updatedAt":5}]|10
advance	[{"id":"e0","updatedAt":5},{"id":"e1","updatedAt":5}]|10
dirty	[{"id":"e0","updatedAt":1700000000000}]|1
advance	[{"id":"e0","updatedAt":1700000000000}]|1
dirty	[{"id":"e0","updatedAt":11},{"id":"e1","updatedAt":-1},{"id":"e2","updatedAt":1700000000000}]|0
advance	[{"id":"e0","updatedAt":11},{"id":"e1","updatedAt":-1},{"id":"e2","updatedAt":1700000000000}]|0
dirty	[{"id":"e0","updatedAt":5},{"id":"e1","updatedAt":1700000000000},{"id":"e2","updatedAt":10}]|1
advance	[{"id":"e0","updatedAt":5},{"id":"e1","updatedAt":1700000000000},{"id":"e2","updatedAt":10}]|1
dirty	[{"id":"e0","updatedAt":10},{"id":"e1","updatedAt":1}]|-1
advance	[{"id":"e0","updatedAt":10},{"id":"e1","updatedAt":1}]|-1
dirty	[{"id":"e0","updatedAt":0},{"id":"e1","updatedAt":10},{"id":"e2","updatedAt":5},{"id":"e3","updatedAt":1700000000000},{"id":"e4","updatedAt":1}]|1
advance	[{"id":"e0","updatedAt":0},{"id":"e1","updatedAt":10},{"id":"e2","updatedAt":5},{"id":"e3","updatedAt":1700000000000},{"id":"e4","updatedAt":1}]|1
dirty	[{"id":"e0","updatedAt":11},{"id":"e1","updatedAt":1},{"id":"e2","updatedAt":0},{"id":"e3","updatedAt":-1}]|5
advance	[{"id":"e0","updatedAt":11},{"id":"e1","updatedAt":1},{"id":"e2","updatedAt":0},{"id":"e3","updatedAt":-1}]|5
dirty	[{"id":"e0","updatedAt":1700000000000}]|5
advance	[{"id":"e0","updatedAt":1700000000000}]|5
dirty	[]|100
advance	[]|100
dirty	[{"id":"e0","updatedAt":10},{"id":"e1","updatedAt":1700000000000}]|1
advance	[{"id":"e0","updatedAt":10},{"id":"e1","updatedAt":1700000000000}]|1
dirty	[{"id":"e0","updatedAt":5}]|5
advance	[{"id":"e0","updatedAt":5}]|5
dirty	[{"id":"e0","updatedAt":0},{"id":"e1","updatedAt":-1},{"id":"e2","updatedAt":10},{"id":"e3"}]|-1
advance	[{"id":"e0","updatedAt":0},{"id":"e1","updatedAt":-1},{"id":"e2","updatedAt":10},{"id":"e3"}]|-1
dirty	[{"id":"e0","updatedAt":100}]|10
advance	[{"id":"e0","updatedAt":100}]|10
dirty	[{"id":"e0","updatedAt":1700000000000},{"id":"e1","updatedAt":11},{"id":"e2"},{"id":"e3","updatedAt":100},{"id":"e4","updatedAt":11}]|0
advance	[{"id":"e0","updatedAt":1700000000000},{"id":"e1","updatedAt":11},{"id":"e2"},{"id":"e3","updatedAt":100},{"id":"e4","updatedAt":11}]|0
dirty	[{"id":"e0","updatedAt":0},{"id":"e1"},{"id":"e2","updatedAt":0}]|5
advance	[{"id":"e0","updatedAt":0},{"id":"e1"},{"id":"e2","updatedAt":0}]|5
dirty	[{"id":"e0","updatedAt":1700000000000},{"id":"e1","updatedAt":1700000000000},{"id":"e2","updatedAt":11},{"id":"e3","updatedAt":-1},{"id":"e4"}]|1
advance	[{"id":"e0","updatedAt":1700000000000},{"id":"e1","updatedAt":1700000000000},{"id":"e2","updatedAt":11},{"id":"e3","updatedAt":-1},{"id":"e4"}]|1
dirty	[]|100
advance	[]|100
dirty	[{"id":"e0","updatedAt":10}]|5
advance	[{"id":"e0","updatedAt":10}]|5
dirty	[{"id":"e0","updatedAt":11},{"id":"e1","updatedAt":0},{"id":"e2"},{"id":"e3","updatedAt":0},{"id":"e4","updatedAt":5}]|0
advance	[{"id":"e0","updatedAt":11},{"id":"e1","updatedAt":0},{"id":"e2"},{"id":"e3","updatedAt":0},{"id":"e4","updatedAt":5}]|0
dirty	[{"id":"e0","updatedAt":100},{"id":"e1","updatedAt":5},{"id":"e2"},{"id":"e3","updatedAt":5}]|-1
advance	[{"id":"e0","updatedAt":100},{"id":"e1","updatedAt":5},{"id":"e2"},{"id":"e3","updatedAt":5}]|-1
dirty	[{"id":"e0","updatedAt":1},{"id":"e1","updatedAt":0},{"id":"e2","updatedAt":10},{"id":"e3","updatedAt":100},{"id":"e4","updatedAt":11}]|10
advance	[{"id":"e0","updatedAt":1},{"id":"e1","updatedAt":0},{"id":"e2","updatedAt":10},{"id":"e3","updatedAt":100},{"id":"e4","updatedAt":11}]|10
dirty	[{"id":"e0","updatedAt":10},{"id":"e1","updatedAt":5}]|5
advance	[{"id":"e0","updatedAt":10},{"id":"e1","updatedAt":5}]|5
dirty	[{"id":"e0","updatedAt":1},{"id":"e1"},{"id":"e2","updatedAt":10},{"id":"e3","updatedAt":-1},{"id":"e4","updatedAt":10}]|1
advance	[{"id":"e0","updatedAt":1},{"id":"e1"},{"id":"e2","updatedAt":10},{"id":"e3","updatedAt":-1},{"id":"e4","updatedAt":10}]|1
dirty	[{"id":"e0","updatedAt":100},{"id":"e1"},{"id":"e2"}]|5
advance	[{"id":"e0","updatedAt":100},{"id":"e1"},{"id":"e2"}]|5
dirty	[{"id":"e0"}]|1700000000000
advance	[{"id":"e0"}]|1700000000000
dirty	[{"id":"e0","updatedAt":10},{"id":"e1","updatedAt":100},{"id":"e2","updatedAt":-1},{"id":"e3","updatedAt":5},{"id":"e4","updatedAt":11}]|0
advance	[{"id":"e0","updatedAt":10},{"id":"e1","updatedAt":100},{"id":"e2","updatedAt":-1},{"id":"e3","updatedAt":5},{"id":"e4","updatedAt":11}]|0
dirty	[{"id":"e0","updatedAt":11},{"id":"e1"},{"id":"e2","updatedAt":0},{"id":"e3","updatedAt":5},{"id":"e4","updatedAt":5}]|0
advance	[{"id":"e0","updatedAt":11},{"id":"e1"},{"id":"e2","updatedAt":0},{"id":"e3","updatedAt":5},{"id":"e4","updatedAt":5}]|0
dirty	[{"id":"e0","updatedAt":10},{"id":"e1","updatedAt":1700000000000},{"id":"e2","updatedAt":-1}]|1700000000000
advance	[{"id":"e0","updatedAt":10},{"id":"e1","updatedAt":1700000000000},{"id":"e2","updatedAt":-1}]|1700000000000
dirty	[{"id":"e0","updatedAt":10},{"id":"e1","updatedAt":10},{"id":"e2"}]|-1
advance	[{"id":"e0","updatedAt":10},{"id":"e1","updatedAt":10},{"id":"e2"}]|-1
dirty	[]|1700000000000
advance	[]|1700000000000
dirty	[{"id":"e0","updatedAt":5},{"id":"e1","updatedAt":11},{"id":"e2","updatedAt":-1},{"id":"e3","updatedAt":5}]|0
advance	[{"id":"e0","updatedAt":5},{"id":"e1","updatedAt":11},{"id":"e2","updatedAt":-1},{"id":"e3","updatedAt":5}]|0
dirty	[{"id":"e0"}]|1
advance	[{"id":"e0"}]|1
dirty	[{"id":"e0","updatedAt":100},{"id":"e1","updatedAt":11}]|1700000000000
advance	[{"id":"e0","updatedAt":100},{"id":"e1","updatedAt":11}]|1700000000000
dirty	[{"id":"e0","updatedAt":11},{"id":"e1","updatedAt":11}]|10
advance	[{"id":"e0","updatedAt":11},{"id":"e1","updatedAt":11}]|10
dirty	[{"id":"e0","updatedAt":1},{"id":"e1","updatedAt":1}]|10
advance	[{"id":"e0","updatedAt":1},{"id":"e1","updatedAt":1}]|10
dirty	[{"id":"e0","updatedAt":100}]|1700000000000
advance	[{"id":"e0","updatedAt":100}]|1700000000000
dirty	[{"id":"e0"}]|-1
advance	[{"id":"e0"}]|-1
dirty	[{"id":"e0","updatedAt":5},{"id":"e1","updatedAt":1},{"id":"e2","updatedAt":0},{"id":"e3"},{"id":"e4","updatedAt":0}]|10
advance	[{"id":"e0","updatedAt":5},{"id":"e1","updatedAt":1},{"id":"e2","updatedAt":0},{"id":"e3"},{"id":"e4","updatedAt":0}]|10
dirty	[{"id":"e0"}]|100
advance	[{"id":"e0"}]|100
dirty	[{"id":"e0","updatedAt":0},{"id":"e1","updatedAt":100},{"id":"e2","updatedAt":10},{"id":"e3","updatedAt":100},{"id":"e4","updatedAt":11}]|5
advance	[{"id":"e0","updatedAt":0},{"id":"e1","updatedAt":100},{"id":"e2","updatedAt":10},{"id":"e3","updatedAt":100},{"id":"e4","updatedAt":11}]|5
dirty	[{"id":"e0","updatedAt":5}]|1700000000000
advance	[{"id":"e0","updatedAt":5}]|1700000000000
dirty	[{"id":"e0","updatedAt":-1},{"id":"e1","updatedAt":10},{"id":"e2","updatedAt":11},{"id":"e3","updatedAt":10},{"id":"e4","updatedAt":10}]|10
advance	[{"id":"e0","updatedAt":-1},{"id":"e1","updatedAt":10},{"id":"e2","updatedAt":11},{"id":"e3","updatedAt":10},{"id":"e4","updatedAt":10}]|10
dirty	[{"id":"e0","updatedAt":-1},{"id":"e1"},{"id":"e2","updatedAt":0},{"id":"e3","updatedAt":1},{"id":"e4","updatedAt":100}]|1
advance	[{"id":"e0","updatedAt":-1},{"id":"e1"},{"id":"e2","updatedAt":0},{"id":"e3","updatedAt":1},{"id":"e4","updatedAt":100}]|1
dirty	[]|100
advance	[]|100
dirty	[{"id":"e0","updatedAt":11},{"id":"e1","updatedAt":100},{"id":"e2","updatedAt":5},{"id":"e3","updatedAt":100},{"id":"e4","updatedAt":10}]|100
advance	[{"id":"e0","updatedAt":11},{"id":"e1","updatedAt":100},{"id":"e2","updatedAt":5},{"id":"e3","updatedAt":100},{"id":"e4","updatedAt":10}]|100
dirty	[{"id":"e0"},{"id":"e1","updatedAt":1},{"id":"e2","updatedAt":1700000000000},{"id":"e3","updatedAt":10}]|0
advance	[{"id":"e0"},{"id":"e1","updatedAt":1},{"id":"e2","updatedAt":1700000000000},{"id":"e3","updatedAt":10}]|0
dirty	[{"id":"e0","updatedAt":1}]|1
advance	[{"id":"e0","updatedAt":1}]|1
dirty	[{"id":"e0","updatedAt":0},{"id":"e1","updatedAt":100},{"id":"e2"},{"id":"e3","updatedAt":0},{"id":"e4","updatedAt":-1}]|10
advance	[{"id":"e0","updatedAt":0},{"id":"e1","updatedAt":100},{"id":"e2"},{"id":"e3","updatedAt":0},{"id":"e4","updatedAt":-1}]|10
dirty	[{"id":"e0"}]|0
advance	[{"id":"e0"}]|0
dirty	[{"id":"e0","updatedAt":11},{"id":"e1"},{"id":"e2","updatedAt":1}]|10
advance	[{"id":"e0","updatedAt":11},{"id":"e1"},{"id":"e2","updatedAt":1}]|10
dirty	[{"id":"e0","updatedAt":5},{"id":"e1","updatedAt":-1},{"id":"e2","updatedAt":0}]|5
advance	[{"id":"e0","updatedAt":5},{"id":"e1","updatedAt":-1},{"id":"e2","updatedAt":0}]|5
dirty	[{"id":"e0","updatedAt":5},{"id":"e1","updatedAt":11},{"id":"e2"},{"id":"e3","updatedAt":0},{"id":"e4","updatedAt":1700000000000}]|5
advance	[{"id":"e0","updatedAt":5},{"id":"e1","updatedAt":11},{"id":"e2"},{"id":"e3","updatedAt":0},{"id":"e4","updatedAt":1700000000000}]|5
dirty	[{"id":"e0","updatedAt":5},{"id":"e1","updatedAt":5}]|1700000000000
advance	[{"id":"e0","updatedAt":5},{"id":"e1","updatedAt":5}]|1700000000000
dirty	[{"id":"e0","updatedAt":1},{"id":"e1"},{"id":"e2"}]|10
advance	[{"id":"e0","updatedAt":1},{"id":"e1"},{"id":"e2"}]|10
dirty	[{"id":"e0"},{"id":"e1","updatedAt":10},{"id":"e2","updatedAt":10},{"id":"e3","updatedAt":5},{"id":"e4","updatedAt":0}]|5
advance	[{"id":"e0"},{"id":"e1","updatedAt":10},{"id":"e2","updatedAt":10},{"id":"e3","updatedAt":5},{"id":"e4","updatedAt":0}]|5
dirty	[{"id":"e0","updatedAt":1700000000000},{"id":"e1","updatedAt":1700000000000},{"id":"e2","updatedAt":1},{"id":"e3","updatedAt":11}]|0
advance	[{"id":"e0","updatedAt":1700000000000},{"id":"e1","updatedAt":1700000000000},{"id":"e2","updatedAt":1},{"id":"e3","updatedAt":11}]|0
dirty	[{"id":"e0","updatedAt":1},{"id":"e1","updatedAt":-1},{"id":"e2","updatedAt":100},{"id":"e3","updatedAt":1}]|1
advance	[{"id":"e0","updatedAt":1},{"id":"e1","updatedAt":-1},{"id":"e2","updatedAt":100},{"id":"e3","updatedAt":1}]|1
dirty	[{"id":"e0","updatedAt":0},{"id":"e1","updatedAt":0}]|100
advance	[{"id":"e0","updatedAt":0},{"id":"e1","updatedAt":0}]|100
dirty	[]|5
advance	[]|5
dirty	[]|1
advance	[]|1
dirty	[{"id":"e0","updatedAt":1},{"id":"e1","updatedAt":0}]|5
advance	[{"id":"e0","updatedAt":1},{"id":"e1","updatedAt":0}]|5
dirty	[{"id":"e0","updatedAt":5},{"id":"e1"},{"id":"e2","updatedAt":11}]|5
advance	[{"id":"e0","updatedAt":5},{"id":"e1"},{"id":"e2","updatedAt":11}]|5
dirty	[{"id":"e0"}]|100
advance	[{"id":"e0"}]|100
dirty	[{"id":"e0"},{"id":"e1","updatedAt":10},{"id":"e2"},{"id":"e3","updatedAt":0},{"id":"e4","updatedAt":1700000000000}]|1700000000000
advance	[{"id":"e0"},{"id":"e1","updatedAt":10},{"id":"e2"},{"id":"e3","updatedAt":0},{"id":"e4","updatedAt":1700000000000}]|1700000000000
dirty	[{"id":"e0","updatedAt":100},{"id":"e1","updatedAt":5}]|1
advance	[{"id":"e0","updatedAt":100},{"id":"e1","updatedAt":5}]|1
dirty	[{"id":"e0","updatedAt":10},{"id":"e1","updatedAt":1700000000000},{"id":"e2","updatedAt":100},{"id":"e3"}]|100
advance	[{"id":"e0","updatedAt":10},{"id":"e1","updatedAt":1700000000000},{"id":"e2","updatedAt":100},{"id":"e3"}]|100
dirty	[]|0
advance	[]|0
dirty	[{"id":"e0"},{"id":"e1"}]|1700000000000
advance	[{"id":"e0"},{"id":"e1"}]|1700000000000
dirty	[{"id":"e0","updatedAt":-1}]|0
advance	[{"id":"e0","updatedAt":-1}]|0
dirty	[{"id":"e0","updatedAt":100},{"id":"e1","updatedAt":1700000000000},{"id":"e2","updatedAt":10},{"id":"e3"},{"id":"e4"}]|10
advance	[{"id":"e0","updatedAt":100},{"id":"e1","updatedAt":1700000000000},{"id":"e2","updatedAt":10},{"id":"e3"},{"id":"e4"}]|10
dirty	[{"id":"e0"},{"id":"e1","updatedAt":-1},{"id":"e2","updatedAt":100}]|0
advance	[{"id":"e0"},{"id":"e1","updatedAt":-1},{"id":"e2","updatedAt":100}]|0
dirty	[{"id":"e0","updatedAt":10},{"id":"e1","updatedAt":-1},{"id":"e2","updatedAt":1700000000000},{"id":"e3","updatedAt":11},{"id":"e4","updatedAt":0}]|5
advance	[{"id":"e0","updatedAt":10},{"id":"e1","updatedAt":-1},{"id":"e2","updatedAt":1700000000000},{"id":"e3","updatedAt":11},{"id":"e4","updatedAt":0}]|5
dirty	[]|0
advance	[]|0
dirty	[{"id":"e0","updatedAt":1}]|1700000000000
advance	[{"id":"e0","updatedAt":1}]|1700000000000
dirty	[{"id":"e0"},{"id":"e1","updatedAt":11},{"id":"e2","updatedAt":100},{"id":"e3","updatedAt":10},{"id":"e4","updatedAt":1700000000000}]|100
advance	[{"id":"e0"},{"id":"e1","updatedAt":11},{"id":"e2","updatedAt":100},{"id":"e3","updatedAt":10},{"id":"e4","updatedAt":1700000000000}]|100
dirty	[{"id":"e0","updatedAt":1700000000000}]|0
advance	[{"id":"e0","updatedAt":1700000000000}]|0
dirty	[{"id":"e0","updatedAt":0},{"id":"e1","updatedAt":11},{"id":"e2","updatedAt":0}]|0
advance	[{"id":"e0","updatedAt":0},{"id":"e1","updatedAt":11},{"id":"e2","updatedAt":0}]|0
dirty	[{"id":"e0","updatedAt":100},{"id":"e1","updatedAt":0},{"id":"e2","updatedAt":100},{"id":"e3","updatedAt":-1}]|1
advance	[{"id":"e0","updatedAt":100},{"id":"e1","updatedAt":0},{"id":"e2","updatedAt":100},{"id":"e3","updatedAt":-1}]|1
dirty	[{"id":"e0","updatedAt":-1}]|5
advance	[{"id":"e0","updatedAt":-1}]|5
dirty	[{"id":"e0","updatedAt":1700000000000},{"id":"e1","updatedAt":0}]|1700000000000
advance	[{"id":"e0","updatedAt":1700000000000},{"id":"e1","updatedAt":0}]|1700000000000
dirty	[{"id":"e0","updatedAt":100},{"id":"e1","updatedAt":0},{"id":"e2","updatedAt":1}]|0
advance	[{"id":"e0","updatedAt":100},{"id":"e1","updatedAt":0},{"id":"e2","updatedAt":1}]|0
dirty	[{"id":"e0","updatedAt":100},{"id":"e1","updatedAt":0}]|-1
advance	[{"id":"e0","updatedAt":100},{"id":"e1","updatedAt":0}]|-1
dirty	[{"id":"e0","updatedAt":-1},{"id":"e1","updatedAt":1700000000000}]|5
advance	[{"id":"e0","updatedAt":-1},{"id":"e1","updatedAt":1700000000000}]|5
dirty	[{"id":"e0","updatedAt":1},{"id":"e1"},{"id":"e2","updatedAt":-1},{"id":"e3"}]|100
advance	[{"id":"e0","updatedAt":1},{"id":"e1"},{"id":"e2","updatedAt":-1},{"id":"e3"}]|100
dirty	[{"id":"e0","updatedAt":100},{"id":"e1","updatedAt":11},{"id":"e2"}]|0
advance	[{"id":"e0","updatedAt":100},{"id":"e1","updatedAt":11},{"id":"e2"}]|0
dirty	[{"id":"e0","updatedAt":5}]|100
advance	[{"id":"e0","updatedAt":5}]|100
dirty	[{"id":"e0","updatedAt":11},{"id":"e1","updatedAt":-1},{"id":"e2","updatedAt":100},{"id":"e3"},{"id":"e4","updatedAt":100}]|1700000000000
advance	[{"id":"e0","updatedAt":11},{"id":"e1","updatedAt":-1},{"id":"e2","updatedAt":100},{"id":"e3"},{"id":"e4","updatedAt":100}]|1700000000000
dirty	[{"id":"e0","updatedAt":10}]|1
advance	[{"id":"e0","updatedAt":10}]|1
dirty	[{"id":"e0","updatedAt":-1},{"id":"e1","updatedAt":-1}]|10
advance	[{"id":"e0","updatedAt":-1},{"id":"e1","updatedAt":-1}]|10
dirty	[{"id":"e0","updatedAt":100}]|1700000000000
advance	[{"id":"e0","updatedAt":100}]|1700000000000
dirty	[{"id":"e0","updatedAt":1700000000000},{"id":"e1","updatedAt":10},{"id":"e2","updatedAt":10},{"id":"e3","updatedAt":1}]|-1
advance	[{"id":"e0","updatedAt":1700000000000},{"id":"e1","updatedAt":10},{"id":"e2","updatedAt":10},{"id":"e3","updatedAt":1}]|-1
dirty	[]|-1
advance	[]|-1
dirty	[{"id":"e0","updatedAt":10},{"id":"e1"},{"id":"e2","updatedAt":10},{"id":"e3","updatedAt":5},{"id":"e4","updatedAt":11}]|1
advance	[{"id":"e0","updatedAt":10},{"id":"e1"},{"id":"e2","updatedAt":10},{"id":"e3","updatedAt":5},{"id":"e4","updatedAt":11}]|1
dirty	[{"id":"e0","updatedAt":-1},{"id":"e1","updatedAt":5},{"id":"e2","updatedAt":5},{"id":"e3","updatedAt":5}]|10
advance	[{"id":"e0","updatedAt":-1},{"id":"e1","updatedAt":5},{"id":"e2","updatedAt":5},{"id":"e3","updatedAt":5}]|10
dirty	[{"id":"e0","updatedAt":10},{"id":"e1","updatedAt":100},{"id":"e2"},{"id":"e3","updatedAt":1}]|1
advance	[{"id":"e0","updatedAt":10},{"id":"e1","updatedAt":100},{"id":"e2"},{"id":"e3","updatedAt":1}]|1
dirty	[{"id":"e0","updatedAt":10},{"id":"e1","updatedAt":1}]|1700000000000
advance	[{"id":"e0","updatedAt":10},{"id":"e1","updatedAt":1}]|1700000000000
dirty	[{"id":"e0","updatedAt":5},{"id":"e1","updatedAt":1},{"id":"e2","updatedAt":100},{"id":"e3","updatedAt":5}]|1700000000000
advance	[{"id":"e0","updatedAt":5},{"id":"e1","updatedAt":1},{"id":"e2","updatedAt":100},{"id":"e3","updatedAt":5}]|1700000000000
dirty	[{"id":"e0","updatedAt":100}]|0
advance	[{"id":"e0","updatedAt":100}]|0
dirty	[{"id":"e0","updatedAt":0},{"id":"e1","updatedAt":10},{"id":"e2","updatedAt":5}]|1
advance	[{"id":"e0","updatedAt":0},{"id":"e1","updatedAt":10},{"id":"e2","updatedAt":5}]|1
dirty	[]|-1
advance	[]|-1
dirty	[{"id":"e0","updatedAt":100},{"id":"e1","updatedAt":10},{"id":"e2","updatedAt":1700000000000},{"id":"e3","updatedAt":1},{"id":"e4","updatedAt":10}]|1
advance	[{"id":"e0","updatedAt":100},{"id":"e1","updatedAt":10},{"id":"e2","updatedAt":1700000000000},{"id":"e3","updatedAt":1},{"id":"e4","updatedAt":10}]|1
dirty	[{"id":"e0","updatedAt":1},{"id":"e1","updatedAt":-1},{"id":"e2","updatedAt":1},{"id":"e3","updatedAt":1700000000000}]|5
advance	[{"id":"e0","updatedAt":1},{"id":"e1","updatedAt":-1},{"id":"e2","updatedAt":1},{"id":"e3","updatedAt":1700000000000}]|5
dirty	[{"id":"e0","updatedAt":5},{"id":"e1","updatedAt":100},{"id":"e2"}]|5
advance	[{"id":"e0","updatedAt":5},{"id":"e1","updatedAt":100},{"id":"e2"}]|5
dirty	[{"id":"e0","updatedAt":1},{"id":"e1","updatedAt":5},{"id":"e2","updatedAt":100}]|10
advance	[{"id":"e0","updatedAt":1},{"id":"e1","updatedAt":5},{"id":"e2","updatedAt":100}]|10
dirty	[{"id":"e0","updatedAt":10},{"id":"e1","updatedAt":10},{"id":"e2","updatedAt":1700000000000},{"id":"e3"}]|5
advance	[{"id":"e0","updatedAt":10},{"id":"e1","updatedAt":10},{"id":"e2","updatedAt":1700000000000},{"id":"e3"}]|5
dirty	[]|0
advance	[]|0
dirty	[{"id":"e0"}]|1
advance	[{"id":"e0"}]|1
dirty	[{"id":"e0","updatedAt":10},{"id":"e1"},{"id":"e2","updatedAt":100},{"id":"e3"},{"id":"e4","updatedAt":100}]|5
advance	[{"id":"e0","updatedAt":10},{"id":"e1"},{"id":"e2","updatedAt":100},{"id":"e3"},{"id":"e4","updatedAt":100}]|5
dirty	[{"id":"e0","updatedAt":-1}]|10
advance	[{"id":"e0","updatedAt":-1}]|10
dirty	[{"id":"e0"},{"id":"e1","updatedAt":11},{"id":"e2","updatedAt":5}]|100
advance	[{"id":"e0"},{"id":"e1","updatedAt":11},{"id":"e2","updatedAt":5}]|100
dirty	[{"id":"e0","updatedAt":11},{"id":"e1","updatedAt":10},{"id":"e2","updatedAt":100},{"id":"e3","updatedAt":5},{"id":"e4","updatedAt":10}]|100
advance	[{"id":"e0","updatedAt":11},{"id":"e1","updatedAt":10},{"id":"e2","updatedAt":100},{"id":"e3","updatedAt":5},{"id":"e4","updatedAt":10}]|100
dirty	[{"id":"e0"},{"id":"e1","updatedAt":5},{"id":"e2","updatedAt":5},{"id":"e3","updatedAt":0}]|10
advance	[{"id":"e0"},{"id":"e1","updatedAt":5},{"id":"e2","updatedAt":5},{"id":"e3","updatedAt":0}]|10
dirty	[]|-1
advance	[]|-1
dirty	[{"id":"e0","updatedAt":1700000000000},{"id":"e1","updatedAt":10}]|10
advance	[{"id":"e0","updatedAt":1700000000000},{"id":"e1","updatedAt":10}]|10
dirty	[{"id":"e0","updatedAt":100},{"id":"e1","updatedAt":1},{"id":"e2"}]|1
advance	[{"id":"e0","updatedAt":100},{"id":"e1","updatedAt":1},{"id":"e2"}]|1
dirty	[]|1
advance	[]|1
dirty	[{"id":"e0","updatedAt":-1},{"id":"e1","updatedAt":11},{"id":"e2","updatedAt":100}]|-1
advance	[{"id":"e0","updatedAt":-1},{"id":"e1","updatedAt":11},{"id":"e2","updatedAt":100}]|-1
dirty	[{"id":"e0"},{"id":"e1"},{"id":"e2","updatedAt":5},{"id":"e3","updatedAt":11}]|0
advance	[{"id":"e0"},{"id":"e1"},{"id":"e2","updatedAt":5},{"id":"e3","updatedAt":11}]|0
dirty	[]|1
advance	[]|1
dirty	[{"id":"e0","updatedAt":11},{"id":"e1","updatedAt":-1},{"id":"e2","updatedAt":1},{"id":"e3","updatedAt":0}]|100
advance	[{"id":"e0","updatedAt":11},{"id":"e1","updatedAt":-1},{"id":"e2","updatedAt":1},{"id":"e3","updatedAt":0}]|100
dirty	[{"id":"e0","updatedAt":-1},{"id":"e1"},{"id":"e2","updatedAt":11},{"id":"e3","updatedAt":100}]|0
advance	[{"id":"e0","updatedAt":-1},{"id":"e1"},{"id":"e2","updatedAt":11},{"id":"e3","updatedAt":100}]|0
dirty	[{"id":"e0"},{"id":"e1"},{"id":"e2","updatedAt":1},{"id":"e3","updatedAt":100}]|100
advance	[{"id":"e0"},{"id":"e1"},{"id":"e2","updatedAt":1},{"id":"e3","updatedAt":100}]|100
dirty	[{"id":"e0","updatedAt":1},{"id":"e1","updatedAt":-1},{"id":"e2","updatedAt":-1},{"id":"e3","updatedAt":100},{"id":"e4","updatedAt":-1}]|-1
advance	[{"id":"e0","updatedAt":1},{"id":"e1","updatedAt":-1},{"id":"e2","updatedAt":-1},{"id":"e3","updatedAt":100},{"id":"e4","updatedAt":-1}]|-1
dirty	[{"id":"e0","updatedAt":1700000000000}]|-1
advance	[{"id":"e0","updatedAt":1700000000000}]|-1
dirty	[{"id":"e0"},{"id":"e1","updatedAt":100},{"id":"e2","updatedAt":1700000000000},{"id":"e3","updatedAt":10},{"id":"e4","updatedAt":-1}]|1700000000000
advance	[{"id":"e0"},{"id":"e1","updatedAt":100},{"id":"e2","updatedAt":1700000000000},{"id":"e3","updatedAt":10},{"id":"e4","updatedAt":-1}]|1700000000000
dirty	[]|0
advance	[]|0
dirty	[]|100
advance	[]|100
dirty	[{"id":"e0"},{"id":"e1","updatedAt":1},{"id":"e2","updatedAt":1},{"id":"e3","updatedAt":10}]|5
advance	[{"id":"e0"},{"id":"e1","updatedAt":1},{"id":"e2","updatedAt":1},{"id":"e3","updatedAt":10}]|5
dirty	[{"id":"e0","updatedAt":5},{"id":"e1","updatedAt":1},{"id":"e2","updatedAt":-1},{"id":"e3","updatedAt":10}]|0
advance	[{"id":"e0","updatedAt":5},{"id":"e1","updatedAt":1},{"id":"e2","updatedAt":-1},{"id":"e3","updatedAt":10}]|0
dirty	[{"id":"e0","updatedAt":1},{"id":"e1","updatedAt":10},{"id":"e2","updatedAt":1}]|1700000000000
advance	[{"id":"e0","updatedAt":1},{"id":"e1","updatedAt":10},{"id":"e2","updatedAt":1}]|1700000000000
dirty	[{"id":"e0","updatedAt":100},{"id":"e1","updatedAt":1700000000000},{"id":"e2","updatedAt":5}]|-1
advance	[{"id":"e0","updatedAt":100},{"id":"e1","updatedAt":1700000000000},{"id":"e2","updatedAt":5}]|-1
dirty	[{"id":"e0","updatedAt":5},{"id":"e1"},{"id":"e2","updatedAt":0}]|10
advance	[{"id":"e0","updatedAt":5},{"id":"e1"},{"id":"e2","updatedAt":0}]|10
dirty	[{"id":"e0","updatedAt":11}]|-1
advance	[{"id":"e0","updatedAt":11}]|-1
dirty	[{"id":"e0","updatedAt":100}]|0
advance	[{"id":"e0","updatedAt":100}]|0
dirty	[{"id":"e0","updatedAt":-1}]|5
advance	[{"id":"e0","updatedAt":-1}]|5
dirty	[{"id":"e0","updatedAt":-1},{"id":"e1","updatedAt":1},{"id":"e2","updatedAt":0},{"id":"e3","updatedAt":0},{"id":"e4","updatedAt":1}]|1700000000000
advance	[{"id":"e0","updatedAt":-1},{"id":"e1","updatedAt":1},{"id":"e2","updatedAt":0},{"id":"e3","updatedAt":0},{"id":"e4","updatedAt":1}]|1700000000000
dirty	[{"id":"e0"}]|1700000000000
advance	[{"id":"e0"}]|1700000000000
dirty	[{"id":"e0","updatedAt":5}]|10
advance	[{"id":"e0","updatedAt":5}]|10
dirty	[{"id":"e0","updatedAt":0},{"id":"e1","updatedAt":5},{"id":"e2","updatedAt":-1},{"id":"e3","updatedAt":1700000000000}]|5
advance	[{"id":"e0","updatedAt":0},{"id":"e1","updatedAt":5},{"id":"e2","updatedAt":-1},{"id":"e3","updatedAt":1700000000000}]|5
dirty	[{"id":"e0","updatedAt":1700000000000}]|5
advance	[{"id":"e0","updatedAt":1700000000000}]|5
dirty	[{"id":"e0","updatedAt":-1},{"id":"e1","updatedAt":5}]|-1
advance	[{"id":"e0","updatedAt":-1},{"id":"e1","updatedAt":5}]|-1
dirty	[]|10
advance	[]|10
dirty	[{"id":"e0"},{"id":"e1","updatedAt":10},{"id":"e2","updatedAt":11},{"id":"e3","updatedAt":10}]|1
advance	[{"id":"e0"},{"id":"e1","updatedAt":10},{"id":"e2","updatedAt":11},{"id":"e3","updatedAt":10}]|1
dirty	[]|1
advance	[]|1
dirty	[{"id":"e0","updatedAt":100},{"id":"e1","updatedAt":10},{"id":"e2"},{"id":"e3"},{"id":"e4","updatedAt":0}]|1
advance	[{"id":"e0","updatedAt":100},{"id":"e1","updatedAt":10},{"id":"e2"},{"id":"e3"},{"id":"e4","updatedAt":0}]|1
dirty	[{"id":"e0"}]|1
advance	[{"id":"e0"}]|1
dirty	[{"id":"e0","updatedAt":100},{"id":"e1","updatedAt":11},{"id":"e2","updatedAt":-1},{"id":"e3","updatedAt":1700000000000},{"id":"e4","updatedAt":1}]|0
advance	[{"id":"e0","updatedAt":100},{"id":"e1","updatedAt":11},{"id":"e2","updatedAt":-1},{"id":"e3","updatedAt":1700000000000},{"id":"e4","updatedAt":1}]|0
dirty	[{"id":"e0","updatedAt":5}]|1700000000000
advance	[{"id":"e0","updatedAt":5}]|1700000000000
dirty	[{"id":"e0","updatedAt":0}]|10
advance	[{"id":"e0","updatedAt":0}]|10
dirty	[]|1
advance	[]|1
dirty	[{"id":"e0","updatedAt":0},{"id":"e1","updatedAt":1},{"id":"e2","updatedAt":0},{"id":"e3"},{"id":"e4","updatedAt":10}]|5
advance	[{"id":"e0","updatedAt":0},{"id":"e1","updatedAt":1},{"id":"e2","updatedAt":0},{"id":"e3"},{"id":"e4","updatedAt":10}]|5
dirty	[{"id":"e0","updatedAt":0},{"id":"e1","updatedAt":0},{"id":"e2","updatedAt":1700000000000}]|10
advance	[{"id":"e0","updatedAt":0},{"id":"e1","updatedAt":0},{"id":"e2","updatedAt":1700000000000}]|10
dirty	[{"id":"e0","updatedAt":0}]|100
advance	[{"id":"e0","updatedAt":0}]|100
dirty	[{"id":"e0","updatedAt":-1}]|-1
advance	[{"id":"e0","updatedAt":-1}]|-1
dirty	[{"id":"e0","updatedAt":10},{"id":"e1","updatedAt":100}]|-1
advance	[{"id":"e0","updatedAt":10},{"id":"e1","updatedAt":100}]|-1
dirty	[{"id":"e0","updatedAt":-1},{"id":"e1","updatedAt":100},{"id":"e2","updatedAt":11}]|-1
advance	[{"id":"e0","updatedAt":-1},{"id":"e1","updatedAt":100},{"id":"e2","updatedAt":11}]|-1
dirty	[]|100
advance	[]|100
dirty	[]|100
advance	[]|100
dirty	[{"id":"e0"}]|10
advance	[{"id":"e0"}]|10
dirty	[{"id":"e0","updatedAt":100},{"id":"e1","updatedAt":-1}]|1700000000000
advance	[{"id":"e0","updatedAt":100},{"id":"e1","updatedAt":-1}]|1700000000000
dirty	[{"id":"e0","updatedAt":10}]|1700000000000
advance	[{"id":"e0","updatedAt":10}]|1700000000000
dirty	[]|5
advance	[]|5
dirty	[{"id":"e0","updatedAt":11}]|1
advance	[{"id":"e0","updatedAt":11}]|1
dirty	[{"id":"e0","updatedAt":5},{"id":"e1","updatedAt":0},{"id":"e2"},{"id":"e3","updatedAt":1700000000000},{"id":"e4","updatedAt":5}]|1700000000000
advance	[{"id":"e0","updatedAt":5},{"id":"e1","updatedAt":0},{"id":"e2"},{"id":"e3","updatedAt":1700000000000},{"id":"e4","updatedAt":5}]|1700000000000
dirty	[{"id":"e0","updatedAt":11},{"id":"e1","updatedAt":11},{"id":"e2","updatedAt":5},{"id":"e3","updatedAt":0}]|10
advance	[{"id":"e0","updatedAt":11},{"id":"e1","updatedAt":11},{"id":"e2","updatedAt":5},{"id":"e3","updatedAt":0}]|10
dirty	[{"id":"e0","updatedAt":1700000000000}]|-1
advance	[{"id":"e0","updatedAt":1700000000000}]|-1
dirty	[{"id":"e0","updatedAt":1},{"id":"e1","updatedAt":-1},{"id":"e2","updatedAt":5},{"id":"e3","updatedAt":10},{"id":"e4","updatedAt":-1}]|10
advance	[{"id":"e0","updatedAt":1},{"id":"e1","updatedAt":-1},{"id":"e2","updatedAt":5},{"id":"e3","updatedAt":10},{"id":"e4","updatedAt":-1}]|10
dirty	[{"id":"e0","updatedAt":11},{"id":"e1","updatedAt":-1}]|-1
advance	[{"id":"e0","updatedAt":11},{"id":"e1","updatedAt":-1}]|-1
dirty	[{"id":"e0","updatedAt":10},{"id":"e1","updatedAt":100},{"id":"e2","updatedAt":0}]|100
advance	[{"id":"e0","updatedAt":10},{"id":"e1","updatedAt":100},{"id":"e2","updatedAt":0}]|100
dirty	[{"id":"e0"},{"id":"e1","updatedAt":0},{"id":"e2","updatedAt":-1},{"id":"e3"},{"id":"e4","updatedAt":100}]|1
advance	[{"id":"e0"},{"id":"e1","updatedAt":0},{"id":"e2","updatedAt":-1},{"id":"e3"},{"id":"e4","updatedAt":100}]|1
dirty	[]|1
advance	[]|1
dirty	[{"id":"e0","updatedAt":0},{"id":"e1","updatedAt":10},{"id":"e2","updatedAt":1}]|0
advance	[{"id":"e0","updatedAt":0},{"id":"e1","updatedAt":10},{"id":"e2","updatedAt":1}]|0
dirty	[{"id":"e0","updatedAt":5},{"id":"e1","updatedAt":11}]|0
advance	[{"id":"e0","updatedAt":5},{"id":"e1","updatedAt":11}]|0
dirty	[{"id":"e0","updatedAt":0},{"id":"e1","updatedAt":1}]|0
advance	[{"id":"e0","updatedAt":0},{"id":"e1","updatedAt":1}]|0
dirty	[{"id":"e0","updatedAt":-1},{"id":"e1","updatedAt":10}]|0
advance	[{"id":"e0","updatedAt":-1},{"id":"e1","updatedAt":10}]|0
dirty	[{"id":"e0"},{"id":"e1","updatedAt":-1},{"id":"e2","updatedAt":10}]|10
advance	[{"id":"e0"},{"id":"e1","updatedAt":-1},{"id":"e2","updatedAt":10}]|10
dirty	[{"id":"e0"},{"id":"e1","updatedAt":-1},{"id":"e2","updatedAt":1}]|-1
advance	[{"id":"e0"},{"id":"e1","updatedAt":-1},{"id":"e2","updatedAt":1}]|-1
dirty	[{"id":"e0","updatedAt":100},{"id":"e1","updatedAt":10},{"id":"e2","updatedAt":1700000000000}]|100
advance	[{"id":"e0","updatedAt":100},{"id":"e1","updatedAt":10},{"id":"e2","updatedAt":1700000000000}]|100
dirty	[{"id":"e0","updatedAt":0}]|5
advance	[{"id":"e0","updatedAt":0}]|5
dirty	[{"id":"e0","updatedAt":5},{"id":"e1","updatedAt":100}]|1
advance	[{"id":"e0","updatedAt":5},{"id":"e1","updatedAt":100}]|1
dirty	[{"id":"e0"},{"id":"e1","updatedAt":0},{"id":"e2","updatedAt":-1},{"id":"e3"},{"id":"e4","updatedAt":1700000000000}]|1700000000000
advance	[{"id":"e0"},{"id":"e1","updatedAt":0},{"id":"e2","updatedAt":-1},{"id":"e3"},{"id":"e4","updatedAt":1700000000000}]|1700000000000
dirty	[{"id":"e0"},{"id":"e1","updatedAt":10},{"id":"e2"},{"id":"e3","updatedAt":1700000000000},{"id":"e4","updatedAt":11}]|1
advance	[{"id":"e0"},{"id":"e1","updatedAt":10},{"id":"e2"},{"id":"e3","updatedAt":1700000000000},{"id":"e4","updatedAt":11}]|1
dirty	[{"id":"e0","updatedAt":11}]|5
advance	[{"id":"e0","updatedAt":11}]|5
dirty	[{"id":"e0","updatedAt":0},{"id":"e1","updatedAt":10},{"id":"e2","updatedAt":100},{"id":"e3"}]|1
advance	[{"id":"e0","updatedAt":0},{"id":"e1","updatedAt":10},{"id":"e2","updatedAt":100},{"id":"e3"}]|1
dirty	[{"id":"e0","updatedAt":10}]|1
advance	[{"id":"e0","updatedAt":10}]|1
dirty	[{"id":"e0","updatedAt":5},{"id":"e1","updatedAt":0},{"id":"e2","updatedAt":1},{"id":"e3"},{"id":"e4","updatedAt":100}]|100
advance	[{"id":"e0","updatedAt":5},{"id":"e1","updatedAt":0},{"id":"e2","updatedAt":1},{"id":"e3"},{"id":"e4","updatedAt":100}]|100
dirty	[{"id":"e0","updatedAt":11}]|1
advance	[{"id":"e0","updatedAt":11}]|1
dirty	[{"id":"e0"},{"id":"e1","updatedAt":11},{"id":"e2"},{"id":"e3","updatedAt":11}]|5
advance	[{"id":"e0"},{"id":"e1","updatedAt":11},{"id":"e2"},{"id":"e3","updatedAt":11}]|5
dirty	[{"id":"e0","updatedAt":-1},{"id":"e1","updatedAt":100}]|1
advance	[{"id":"e0","updatedAt":-1},{"id":"e1","updatedAt":100}]|1
dirty	[{"id":"e0","updatedAt":5},{"id":"e1","updatedAt":5},{"id":"e2","updatedAt":0}]|-1
advance	[{"id":"e0","updatedAt":5},{"id":"e1","updatedAt":5},{"id":"e2","updatedAt":0}]|-1
dirty	[{"id":"e0","updatedAt":5},{"id":"e1"},{"id":"e2","updatedAt":1700000000000},{"id":"e3","updatedAt":1700000000000},{"id":"e4","updatedAt":100}]|1
advance	[{"id":"e0","updatedAt":5},{"id":"e1"},{"id":"e2","updatedAt":1700000000000},{"id":"e3","updatedAt":1700000000000},{"id":"e4","updatedAt":100}]|1
dirty	[{"id":"e0"},{"id":"e1","updatedAt":11},{"id":"e2"}]|1700000000000
advance	[{"id":"e0"},{"id":"e1","updatedAt":11},{"id":"e2"}]|1700000000000
dirty	[{"id":"e0","updatedAt":5}]|10
advance	[{"id":"e0","updatedAt":5}]|10
dirty	[{"id":"e0","updatedAt":11},{"id":"e1","updatedAt":5},{"id":"e2","updatedAt":10}]|-1
advance	[{"id":"e0","updatedAt":11},{"id":"e1","updatedAt":5},{"id":"e2","updatedAt":10}]|-1
dirty	[{"id":"e0","updatedAt":11}]|-1
advance	[{"id":"e0","updatedAt":11}]|-1
dirty	[{"id":"e0","updatedAt":1},{"id":"e1","updatedAt":11},{"id":"e2","updatedAt":0},{"id":"e3","updatedAt":100},{"id":"e4","updatedAt":1700000000000}]|10
advance	[{"id":"e0","updatedAt":1},{"id":"e1","updatedAt":11},{"id":"e2","updatedAt":0},{"id":"e3","updatedAt":100},{"id":"e4","updatedAt":1700000000000}]|10
dirty	[{"id":"e0","updatedAt":10}]|100
advance	[{"id":"e0","updatedAt":10}]|100
dirty	[{"id":"e0","updatedAt":1},{"id":"e1","updatedAt":-1},{"id":"e2","updatedAt":5},{"id":"e3","updatedAt":-1},{"id":"e4","updatedAt":0}]|100
advance	[{"id":"e0","updatedAt":1},{"id":"e1","updatedAt":-1},{"id":"e2","updatedAt":5},{"id":"e3","updatedAt":-1},{"id":"e4","updatedAt":0}]|100
dirty	[{"id":"e0"},{"id":"e1","updatedAt":10}]|0
advance	[{"id":"e0"},{"id":"e1","updatedAt":10}]|0
dirty	[{"id":"e0","updatedAt":1700000000000},{"id":"e1"},{"id":"e2","updatedAt":10}]|1
advance	[{"id":"e0","updatedAt":1700000000000},{"id":"e1"},{"id":"e2","updatedAt":10}]|1
dirty	[{"id":"e0","updatedAt":5},{"id":"e1","updatedAt":0}]|5
advance	[{"id":"e0","updatedAt":5},{"id":"e1","updatedAt":0}]|5
dirty	[]|100
advance	[]|100
dirty	[{"id":"e0","updatedAt":1},{"id":"e1","updatedAt":-1},{"id":"e2","updatedAt":5},{"id":"e3","updatedAt":1},{"id":"e4","updatedAt":10}]|1
advance	[{"id":"e0","updatedAt":1},{"id":"e1","updatedAt":-1},{"id":"e2","updatedAt":5},{"id":"e3","updatedAt":1},{"id":"e4","updatedAt":10}]|1
dirty	[{"id":"e0","updatedAt":-1},{"id":"e1","updatedAt":11},{"id":"e2","updatedAt":1700000000000},{"id":"e3","updatedAt":11},{"id":"e4"}]|10
advance	[{"id":"e0","updatedAt":-1},{"id":"e1","updatedAt":11},{"id":"e2","updatedAt":1700000000000},{"id":"e3","updatedAt":11},{"id":"e4"}]|10
dirty	[{"id":"e0","updatedAt":11},{"id":"e1","updatedAt":-1},{"id":"e2","updatedAt":1}]|1700000000000
advance	[{"id":"e0","updatedAt":11},{"id":"e1","updatedAt":-1},{"id":"e2","updatedAt":1}]|1700000000000
dirty	[{"id":"e0","updatedAt":-1},{"id":"e1","updatedAt":5}]|100
advance	[{"id":"e0","updatedAt":-1},{"id":"e1","updatedAt":5}]|100
dirty	[{"id":"e0","updatedAt":1},{"id":"e1","updatedAt":1},{"id":"e2","updatedAt":1},{"id":"e3","updatedAt":100},{"id":"e4","updatedAt":5}]|100
advance	[{"id":"e0","updatedAt":1},{"id":"e1","updatedAt":1},{"id":"e2","updatedAt":1},{"id":"e3","updatedAt":100},{"id":"e4","updatedAt":5}]|100
dirty	[{"id":"e0","updatedAt":-1},{"id":"e1","updatedAt":5},{"id":"e2","updatedAt":-1}]|1
advance	[{"id":"e0","updatedAt":-1},{"id":"e1","updatedAt":5},{"id":"e2","updatedAt":-1}]|1
dirty	[{"id":"e0"}]|1700000000000
advance	[{"id":"e0"}]|1700000000000
dirty	[{"id":"e0","updatedAt":10}]|-1
advance	[{"id":"e0","updatedAt":10}]|-1
dirty	[{"id":"e0","updatedAt":1700000000000},{"id":"e1","updatedAt":100}]|1
advance	[{"id":"e0","updatedAt":1700000000000},{"id":"e1","updatedAt":100}]|1
dirty	[{"id":"e0","updatedAt":0},{"id":"e1","updatedAt":100},{"id":"e2","updatedAt":11},{"id":"e3","updatedAt":10},{"id":"e4","updatedAt":5}]|-1
advance	[{"id":"e0","updatedAt":0},{"id":"e1","updatedAt":100},{"id":"e2","updatedAt":11},{"id":"e3","updatedAt":10},{"id":"e4","updatedAt":5}]|-1
dirty	[{"id":"e0","updatedAt":1},{"id":"e1","updatedAt":5},{"id":"e2","updatedAt":10},{"id":"e3","updatedAt":10},{"id":"e4","updatedAt":0}]|100
advance	[{"id":"e0","updatedAt":1},{"id":"e1","updatedAt":5},{"id":"e2","updatedAt":10},{"id":"e3","updatedAt":10},{"id":"e4","updatedAt":0}]|100
dirty	[{"id":"e0","updatedAt":0},{"id":"e1","updatedAt":1}]|1700000000000
advance	[{"id":"e0","updatedAt":0},{"id":"e1","updatedAt":1}]|1700000000000
dirty	[{"id":"e0","updatedAt":0},{"id":"e1","updatedAt":1},{"id":"e2","updatedAt":1700000000000},{"id":"e3","updatedAt":1700000000000},{"id":"e4","updatedAt":5}]|-1
advance	[{"id":"e0","updatedAt":0},{"id":"e1","updatedAt":1},{"id":"e2","updatedAt":1700000000000},{"id":"e3","updatedAt":1700000000000},{"id":"e4","updatedAt":5}]|-1
dirty	[{"id":"e0","updatedAt":1700000000000},{"id":"e1","updatedAt":-1}]|1
advance	[{"id":"e0","updatedAt":1700000000000},{"id":"e1","updatedAt":-1}]|1
dirty	[{"id":"e0","updatedAt":11},{"id":"e1","updatedAt":-1}]|100
advance	[{"id":"e0","updatedAt":11},{"id":"e1","updatedAt":-1}]|100
dirty	[{"id":"e0"}]|-1
advance	[{"id":"e0"}]|-1
dirty	[{"id":"e0","updatedAt":-1},{"id":"e1"}]|0
advance	[{"id":"e0","updatedAt":-1},{"id":"e1"}]|0
dirty	[{"id":"e0","updatedAt":-1}]|-1
advance	[{"id":"e0","updatedAt":-1}]|-1
dirty	[{"id":"e0","updatedAt":0},{"id":"e1"},{"id":"e2","updatedAt":1}]|5
advance	[{"id":"e0","updatedAt":0},{"id":"e1"},{"id":"e2","updatedAt":1}]|5
dirty	[{"id":"e0","updatedAt":0},{"id":"e1"},{"id":"e2","updatedAt":5},{"id":"e3","updatedAt":100}]|0
advance	[{"id":"e0","updatedAt":0},{"id":"e1"},{"id":"e2","updatedAt":5},{"id":"e3","updatedAt":100}]|0
dirty	[{"id":"e0","updatedAt":1},{"id":"e1","updatedAt":10}]|10
advance	[{"id":"e0","updatedAt":1},{"id":"e1","updatedAt":10}]|10
dirty	[{"id":"e0","updatedAt":1},{"id":"e1","updatedAt":10},{"id":"e2","updatedAt":100},{"id":"e3","updatedAt":0}]|5
advance	[{"id":"e0","updatedAt":1},{"id":"e1","updatedAt":10},{"id":"e2","updatedAt":100},{"id":"e3","updatedAt":0}]|5
dirty	[{"id":"e0"},{"id":"e1","updatedAt":1700000000000},{"id":"e2","updatedAt":0}]|5
advance	[{"id":"e0"},{"id":"e1","updatedAt":1700000000000},{"id":"e2","updatedAt":0}]|5
dirty	[{"id":"e0","updatedAt":-1},{"id":"e1","updatedAt":100},{"id":"e2","updatedAt":10},{"id":"e3","updatedAt":10},{"id":"e4"}]|-1
advance	[{"id":"e0","updatedAt":-1},{"id":"e1","updatedAt":100},{"id":"e2","updatedAt":10},{"id":"e3","updatedAt":10},{"id":"e4"}]|-1
dirty	[]|1700000000000
advance	[]|1700000000000
dirty	[{"id":"e0","updatedAt":-1},{"id":"e1"},{"id":"e2","updatedAt":10},{"id":"e3","updatedAt":100}]|1700000000000
advance	[{"id":"e0","updatedAt":-1},{"id":"e1"},{"id":"e2","updatedAt":10},{"id":"e3","updatedAt":100}]|1700000000000
dirty	[{"id":"e0","updatedAt":1},{"id":"e1"},{"id":"e2","updatedAt":-1},{"id":"e3"},{"id":"e4","updatedAt":5}]|100
advance	[{"id":"e0","updatedAt":1},{"id":"e1"},{"id":"e2","updatedAt":-1},{"id":"e3"},{"id":"e4","updatedAt":5}]|100
dirty	[{"id":"e0","updatedAt":1700000000000}]|1
advance	[{"id":"e0","updatedAt":1700000000000}]|1
dirty	[{"id":"e0","updatedAt":5},{"id":"e1"}]|-1
advance	[{"id":"e0","updatedAt":5},{"id":"e1"}]|-1
dirty	[{"id":"e0","updatedAt":0}]|-1
advance	[{"id":"e0","updatedAt":0}]|-1
dirty	[{"id":"e0"},{"id":"e1","updatedAt":1700000000000},{"id":"e2"}]|-1
advance	[{"id":"e0"},{"id":"e1","updatedAt":1700000000000},{"id":"e2"}]|-1
dirty	[{"id":"e0","updatedAt":100},{"id":"e1","updatedAt":1700000000000},{"id":"e2","updatedAt":10},{"id":"e3","updatedAt":1700000000000},{"id":"e4","updatedAt":5}]|5
advance	[{"id":"e0","updatedAt":100},{"id":"e1","updatedAt":1700000000000},{"id":"e2","updatedAt":10},{"id":"e3","updatedAt":1700000000000},{"id":"e4","updatedAt":5}]|5
dirty	[{"id":"e0","updatedAt":11},{"id":"e1","updatedAt":11}]|100
advance	[{"id":"e0","updatedAt":11},{"id":"e1","updatedAt":11}]|100
dirty	[{"id":"e0","updatedAt":11},{"id":"e1"},{"id":"e2"},{"id":"e3"}]|0
advance	[{"id":"e0","updatedAt":11},{"id":"e1"},{"id":"e2"},{"id":"e3"}]|0
dirty	[{"id":"e0","updatedAt":1}]|1700000000000
advance	[{"id":"e0","updatedAt":1}]|1700000000000
dirty	[{"id":"e0","updatedAt":-1},{"id":"e1","updatedAt":10},{"id":"e2","updatedAt":-1}]|10
advance	[{"id":"e0","updatedAt":-1},{"id":"e1","updatedAt":10},{"id":"e2","updatedAt":-1}]|10
dirty	[]|0
advance	[]|0
dirty	[{"id":"e0","updatedAt":1},{"id":"e1","updatedAt":1},{"id":"e2","updatedAt":1},{"id":"e3","updatedAt":11},{"id":"e4","updatedAt":11}]|1700000000000
advance	[{"id":"e0","updatedAt":1},{"id":"e1","updatedAt":1},{"id":"e2","updatedAt":1},{"id":"e3","updatedAt":11},{"id":"e4","updatedAt":11}]|1700000000000
dirty	[{"id":"e0","updatedAt":100},{"id":"e1","updatedAt":0},{"id":"e2","updatedAt":0},{"id":"e3","updatedAt":10}]|5
advance	[{"id":"e0","updatedAt":100},{"id":"e1","updatedAt":0},{"id":"e2","updatedAt":0},{"id":"e3","updatedAt":10}]|5
dirty	[{"id":"e0","updatedAt":0},{"id":"e1","updatedAt":1},{"id":"e2","updatedAt":-1}]|1700000000000
advance	[{"id":"e0","updatedAt":0},{"id":"e1","updatedAt":1},{"id":"e2","updatedAt":-1}]|1700000000000
dirty	[{"id":"e0","updatedAt":5}]|100
advance	[{"id":"e0","updatedAt":5}]|100
dirty	[{"id":"e0","updatedAt":5},{"id":"e1","updatedAt":1700000000000},{"id":"e2","updatedAt":1},{"id":"e3","updatedAt":0},{"id":"e4","updatedAt":1}]|10
advance	[{"id":"e0","updatedAt":5},{"id":"e1","updatedAt":1700000000000},{"id":"e2","updatedAt":1},{"id":"e3","updatedAt":0},{"id":"e4","updatedAt":1}]|10
dirty	[{"id":"e0","updatedAt":1},{"id":"e1","updatedAt":-1},{"id":"e2","updatedAt":1700000000000}]|1
advance	[{"id":"e0","updatedAt":1},{"id":"e1","updatedAt":-1},{"id":"e2","updatedAt":1700000000000}]|1
dirty	[{"id":"e0","updatedAt":10},{"id":"e1","updatedAt":1700000000000},{"id":"e2","updatedAt":10}]|1700000000000
advance	[{"id":"e0","updatedAt":10},{"id":"e1","updatedAt":1700000000000},{"id":"e2","updatedAt":10}]|1700000000000
dirty	[]|1
advance	[]|1
dirty	[{"id":"e0","updatedAt":100},{"id":"e1","updatedAt":-1}]|5
advance	[{"id":"e0","updatedAt":100},{"id":"e1","updatedAt":-1}]|5
dirty	[{"id":"e0","updatedAt":0}]|1
advance	[{"id":"e0","updatedAt":0}]|1
dirty	[{"id":"e0"},{"id":"e1","updatedAt":1},{"id":"e2","updatedAt":0},{"id":"e3","updatedAt":-1}]|100
advance	[{"id":"e0"},{"id":"e1","updatedAt":1},{"id":"e2","updatedAt":0},{"id":"e3","updatedAt":-1}]|100
dirty	[{"id":"e0","updatedAt":0},{"id":"e1","updatedAt":0},{"id":"e2","updatedAt":1700000000000},{"id":"e3","updatedAt":11},{"id":"e4","updatedAt":5}]|1
advance	[{"id":"e0","updatedAt":0},{"id":"e1","updatedAt":0},{"id":"e2","updatedAt":1700000000000},{"id":"e3","updatedAt":11},{"id":"e4","updatedAt":5}]|1
dirty	[{"id":"e0","updatedAt":1}]|100
advance	[{"id":"e0","updatedAt":1}]|100
dirty	[{"id":"e0","updatedAt":1},{"id":"e1","updatedAt":5},{"id":"e2","updatedAt":-1}]|5
advance	[{"id":"e0","updatedAt":1},{"id":"e1","updatedAt":5},{"id":"e2","updatedAt":-1}]|5
dirty	[{"id":"e0","updatedAt":1},{"id":"e1"},{"id":"e2","updatedAt":11},{"id":"e3"},{"id":"e4","updatedAt":1700000000000}]|-1
advance	[{"id":"e0","updatedAt":1},{"id":"e1"},{"id":"e2","updatedAt":11},{"id":"e3"},{"id":"e4","updatedAt":1700000000000}]|-1
dirty	[{"id":"e0","updatedAt":-1},{"id":"e1"},{"id":"e2","updatedAt":1},{"id":"e3","updatedAt":100},{"id":"e4"}]|0
advance	[{"id":"e0","updatedAt":-1},{"id":"e1"},{"id":"e2","updatedAt":1},{"id":"e3","updatedAt":100},{"id":"e4"}]|0
dirty	[{"id":"e0","updatedAt":0},{"id":"e1","updatedAt":0}]|100
advance	[{"id":"e0","updatedAt":0},{"id":"e1","updatedAt":0}]|100
dirty	[{"id":"e0","updatedAt":10},{"id":"e1","updatedAt":0}]|1700000000000
advance	[{"id":"e0","updatedAt":10},{"id":"e1","updatedAt":0}]|1700000000000
dirty	[{"id":"e0"},{"id":"e1","updatedAt":-1},{"id":"e2","updatedAt":1},{"id":"e3","updatedAt":1},{"id":"e4","updatedAt":-1}]|-1
advance	[{"id":"e0"},{"id":"e1","updatedAt":-1},{"id":"e2","updatedAt":1},{"id":"e3","updatedAt":1},{"id":"e4","updatedAt":-1}]|-1
dirty	[{"id":"e0"},{"id":"e1","updatedAt":100},{"id":"e2","updatedAt":100}]|1700000000000
advance	[{"id":"e0"},{"id":"e1","updatedAt":100},{"id":"e2","updatedAt":100}]|1700000000000
dirty	[{"id":"e0"},{"id":"e1","updatedAt":0},{"id":"e2","updatedAt":0}]|0
advance	[{"id":"e0"},{"id":"e1","updatedAt":0},{"id":"e2","updatedAt":0}]|0
dirty	[{"id":"e0"},{"id":"e1","updatedAt":0},{"id":"e2","updatedAt":5},{"id":"e3"},{"id":"e4","updatedAt":0}]|-1
advance	[{"id":"e0"},{"id":"e1","updatedAt":0},{"id":"e2","updatedAt":5},{"id":"e3"},{"id":"e4","updatedAt":0}]|-1
dirty	[{"id":"e0","updatedAt":1},{"id":"e1","updatedAt":100},{"id":"e2","updatedAt":-1},{"id":"e3","updatedAt":10}]|5
advance	[{"id":"e0","updatedAt":1},{"id":"e1","updatedAt":100},{"id":"e2","updatedAt":-1},{"id":"e3","updatedAt":10}]|5
dirty	[]|5
advance	[]|5
dirty	[{"id":"e0","updatedAt":10},{"id":"e1"}]|-1
advance	[{"id":"e0","updatedAt":10},{"id":"e1"}]|-1
dirty	[{"id":"e0","updatedAt":-1},{"id":"e1","updatedAt":100}]|1700000000000
advance	[{"id":"e0","updatedAt":-1},{"id":"e1","updatedAt":100}]|1700000000000
dirty	[{"id":"e0","updatedAt":10}]|1700000000000
advance	[{"id":"e0","updatedAt":10}]|1700000000000
dirty	[{"id":"e0","updatedAt":1700000000000},{"id":"e1"},{"id":"e2","updatedAt":1700000000000},{"id":"e3","updatedAt":10}]|5
advance	[{"id":"e0","updatedAt":1700000000000},{"id":"e1"},{"id":"e2","updatedAt":1700000000000},{"id":"e3","updatedAt":10}]|5
dirty	[{"id":"e0","updatedAt":0},{"id":"e1","updatedAt":10}]|5
advance	[{"id":"e0","updatedAt":0},{"id":"e1","updatedAt":10}]|5
dirty	[{"id":"e0","updatedAt":1},{"id":"e1","updatedAt":5},{"id":"e2","updatedAt":-1}]|-1
advance	[{"id":"e0","updatedAt":1},{"id":"e1","updatedAt":5},{"id":"e2","updatedAt":-1}]|-1
dirty	[{"id":"e0","updatedAt":0},{"id":"e1","updatedAt":5},{"id":"e2","updatedAt":100},{"id":"e3","updatedAt":1}]|1700000000000
advance	[{"id":"e0","updatedAt":0},{"id":"e1","updatedAt":5},{"id":"e2","updatedAt":100},{"id":"e3","updatedAt":1}]|1700000000000
dirty	[{"id":"e0","updatedAt":10},{"id":"e1","updatedAt":-1},{"id":"e2","updatedAt":0}]|100
advance	[{"id":"e0","updatedAt":10},{"id":"e1","updatedAt":-1},{"id":"e2","updatedAt":0}]|100
dirty	[{"id":"e0","updatedAt":100}]|1700000000000
advance	[{"id":"e0","updatedAt":100}]|1700000000000
dirty	[{"id":"e0"}]|1
advance	[{"id":"e0"}]|1
dirty	[{"id":"e0","updatedAt":100},{"id":"e1","updatedAt":1700000000000},{"id":"e2"}]|0
advance	[{"id":"e0","updatedAt":100},{"id":"e1","updatedAt":1700000000000},{"id":"e2"}]|0
dirty	[{"id":"e0","updatedAt":5}]|-1
advance	[{"id":"e0","updatedAt":5}]|-1
dirty	[{"id":"e0"},{"id":"e1","updatedAt":1},{"id":"e2","updatedAt":0},{"id":"e3","updatedAt":11},{"id":"e4","updatedAt":5}]|5
advance	[{"id":"e0"},{"id":"e1","updatedAt":1},{"id":"e2","updatedAt":0},{"id":"e3","updatedAt":11},{"id":"e4","updatedAt":5}]|5
dirty	[{"id":"e0"},{"id":"e1"},{"id":"e2","updatedAt":1}]|100
advance	[{"id":"e0"},{"id":"e1"},{"id":"e2","updatedAt":1}]|100
dirty	[]|1700000000000
advance	[]|1700000000000
dirty	[{"id":"e0","updatedAt":100},{"id":"e1","updatedAt":10}]|0
advance	[{"id":"e0","updatedAt":100},{"id":"e1","updatedAt":10}]|0
dirty	[]|1
advance	[]|1
dirty	[{"id":"e0","updatedAt":0},{"id":"e1","updatedAt":-1},{"id":"e2","updatedAt":11}]|10
advance	[{"id":"e0","updatedAt":0},{"id":"e1","updatedAt":-1},{"id":"e2","updatedAt":11}]|10
dirty	[{"id":"e0","updatedAt":0},{"id":"e1","updatedAt":1},{"id":"e2","updatedAt":11},{"id":"e3","updatedAt":5}]|-1
advance	[{"id":"e0","updatedAt":0},{"id":"e1","updatedAt":1},{"id":"e2","updatedAt":11},{"id":"e3","updatedAt":5}]|-1
dirty	[{"id":"e0","updatedAt":1},{"id":"e1","updatedAt":0},{"id":"e2","updatedAt":100},{"id":"e3","updatedAt":0},{"id":"e4"}]|100
advance	[{"id":"e0","updatedAt":1},{"id":"e1","updatedAt":0},{"id":"e2","updatedAt":100},{"id":"e3","updatedAt":0},{"id":"e4"}]|100
dirty	[]|1
advance	[]|1
dirty	[{"id":"e0","updatedAt":11},{"id":"e1","updatedAt":11},{"id":"e2","updatedAt":-1}]|100
advance	[{"id":"e0","updatedAt":11},{"id":"e1","updatedAt":11},{"id":"e2","updatedAt":-1}]|100
dirty	[]|1700000000000
advance	[]|1700000000000
dirty	[{"id":"e0","updatedAt":100},{"id":"e1","updatedAt":11},{"id":"e2","updatedAt":11}]|5
advance	[{"id":"e0","updatedAt":100},{"id":"e1","updatedAt":11},{"id":"e2","updatedAt":11}]|5
dirty	[{"id":"e0","updatedAt":11},{"id":"e1","updatedAt":5},{"id":"e2","updatedAt":11},{"id":"e3","updatedAt":1},{"id":"e4","updatedAt":11}]|-1
advance	[{"id":"e0","updatedAt":11},{"id":"e1","updatedAt":5},{"id":"e2","updatedAt":11},{"id":"e3","updatedAt":1},{"id":"e4","updatedAt":11}]|-1
dirty	[{"id":"e0","updatedAt":-1},{"id":"e1","updatedAt":10},{"id":"e2","updatedAt":11}]|0
advance	[{"id":"e0","updatedAt":-1},{"id":"e1","updatedAt":10},{"id":"e2","updatedAt":11}]|0
dirty	[{"id":"e0"},{"id":"e1","updatedAt":-1},{"id":"e2","updatedAt":5},{"id":"e3","updatedAt":11},{"id":"e4"}]|10
advance	[{"id":"e0"},{"id":"e1","updatedAt":-1},{"id":"e2","updatedAt":5},{"id":"e3","updatedAt":11},{"id":"e4"}]|10
dirty	[{"id":"e0","updatedAt":10},{"id":"e1"}]|0
advance	[{"id":"e0","updatedAt":10},{"id":"e1"}]|0
dirty	[]|5
advance	[]|5
dirty	[{"id":"e0","updatedAt":1700000000000},{"id":"e1","updatedAt":11},{"id":"e2","updatedAt":0},{"id":"e3","updatedAt":1700000000000},{"id":"e4","updatedAt":5}]|0
advance	[{"id":"e0","updatedAt":1700000000000},{"id":"e1","updatedAt":11},{"id":"e2","updatedAt":0},{"id":"e3","updatedAt":1700000000000},{"id":"e4","updatedAt":5}]|0
dirty	[{"id":"e0","updatedAt":1700000000000},{"id":"e1","updatedAt":1700000000000}]|0
advance	[{"id":"e0","updatedAt":1700000000000},{"id":"e1","updatedAt":1700000000000}]|0
dirty	[{"id":"e0"},{"id":"e1"}]|0
advance	[{"id":"e0"},{"id":"e1"}]|0
dirty	[{"id":"e0","updatedAt":10},{"id":"e1","updatedAt":1},{"id":"e2","updatedAt":1},{"id":"e3","updatedAt":0}]|1
advance	[{"id":"e0","updatedAt":10},{"id":"e1","updatedAt":1},{"id":"e2","updatedAt":1},{"id":"e3","updatedAt":0}]|1
dirty	[]|0
advance	[]|0
dirty	[{"id":"e0","updatedAt":10},{"id":"e1","updatedAt":1}]|1700000000000
advance	[{"id":"e0","updatedAt":10},{"id":"e1","updatedAt":1}]|1700000000000
dirty	[{"id":"e0","updatedAt":100},{"id":"e1","updatedAt":1700000000000},{"id":"e2","updatedAt":0},{"id":"e3","updatedAt":5},{"id":"e4","updatedAt":10}]|1700000000000
advance	[{"id":"e0","updatedAt":100},{"id":"e1","updatedAt":1700000000000},{"id":"e2","updatedAt":0},{"id":"e3","updatedAt":5},{"id":"e4","updatedAt":10}]|1700000000000
dirty	[{"id":"e0"},{"id":"e1","updatedAt":1},{"id":"e2","updatedAt":1700000000000},{"id":"e3","updatedAt":100},{"id":"e4","updatedAt":5}]|10
advance	[{"id":"e0"},{"id":"e1","updatedAt":1},{"id":"e2","updatedAt":1700000000000},{"id":"e3","updatedAt":100},{"id":"e4","updatedAt":5}]|10
dirty	[{"id":"e0","updatedAt":5}]|1700000000000
advance	[{"id":"e0","updatedAt":5}]|1700000000000
dirty	[{"id":"e0","updatedAt":1700000000000},{"id":"e1","updatedAt":1},{"id":"e2","updatedAt":1}]|-1
advance	[{"id":"e0","updatedAt":1700000000000},{"id":"e1","updatedAt":1},{"id":"e2","updatedAt":1}]|-1
dirty	[{"id":"e0"},{"id":"e1","updatedAt":1},{"id":"e2","updatedAt":1}]|10
advance	[{"id":"e0"},{"id":"e1","updatedAt":1},{"id":"e2","updatedAt":1}]|10
dirty	[{"id":"e0","updatedAt":1},{"id":"e1","updatedAt":11},{"id":"e2","updatedAt":0},{"id":"e3","updatedAt":-1}]|10
advance	[{"id":"e0","updatedAt":1},{"id":"e1","updatedAt":11},{"id":"e2","updatedAt":0},{"id":"e3","updatedAt":-1}]|10
dirty	[{"id":"e0","updatedAt":1700000000000}]|5
advance	[{"id":"e0","updatedAt":1700000000000}]|5
dirty	[{"id":"e0","updatedAt":1},{"id":"e1","updatedAt":-1},{"id":"e2","updatedAt":5},{"id":"e3","updatedAt":0},{"id":"e4","updatedAt":5}]|1
advance	[{"id":"e0","updatedAt":1},{"id":"e1","updatedAt":-1},{"id":"e2","updatedAt":5},{"id":"e3","updatedAt":0},{"id":"e4","updatedAt":5}]|1
dirty	[{"id":"e0","updatedAt":11}]|5
advance	[{"id":"e0","updatedAt":11}]|5
dirty	[{"id":"e0","updatedAt":1},{"id":"e1","updatedAt":11},{"id":"e2","updatedAt":100},{"id":"e3","updatedAt":100}]|1700000000000
advance	[{"id":"e0","updatedAt":1},{"id":"e1","updatedAt":11},{"id":"e2","updatedAt":100},{"id":"e3","updatedAt":100}]|1700000000000
dirty	[{"id":"e0","updatedAt":100},{"id":"e1","updatedAt":-1},{"id":"e2","updatedAt":11},{"id":"e3"},{"id":"e4","updatedAt":1}]|100
advance	[{"id":"e0","updatedAt":100},{"id":"e1","updatedAt":-1},{"id":"e2","updatedAt":11},{"id":"e3"},{"id":"e4","updatedAt":1}]|100
dirty	[]|10
advance	[]|10
dirty	[{"id":"e0","updatedAt":5},{"id":"e1"},{"id":"e2","updatedAt":0},{"id":"e3","updatedAt":10}]|10
advance	[{"id":"e0","updatedAt":5},{"id":"e1"},{"id":"e2","updatedAt":0},{"id":"e3","updatedAt":10}]|10
dirty	[{"id":"e0","updatedAt":1700000000000},{"id":"e1","updatedAt":100},{"id":"e2"},{"id":"e3","updatedAt":0}]|100
advance	[{"id":"e0","updatedAt":1700000000000},{"id":"e1","updatedAt":100},{"id":"e2"},{"id":"e3","updatedAt":0}]|100
dirty	[{"id":"e0","updatedAt":-1},{"id":"e1"},{"id":"e2","updatedAt":1},{"id":"e3","updatedAt":10}]|5
advance	[{"id":"e0","updatedAt":-1},{"id":"e1"},{"id":"e2","updatedAt":1},{"id":"e3","updatedAt":10}]|5
dirty	[{"id":"e0","updatedAt":11},{"id":"e1","updatedAt":10},{"id":"e2"},{"id":"e3","updatedAt":10}]|100
advance	[{"id":"e0","updatedAt":11},{"id":"e1","updatedAt":10},{"id":"e2"},{"id":"e3","updatedAt":10}]|100
dirty	[{"id":"e0","updatedAt":-1},{"id":"e1","updatedAt":0}]|1
advance	[{"id":"e0","updatedAt":-1},{"id":"e1","updatedAt":0}]|1
dirty	[{"id":"e0"},{"id":"e1","updatedAt":0}]|1700000000000
advance	[{"id":"e0"},{"id":"e1","updatedAt":0}]|1700000000000
dirty	[{"id":"e0","updatedAt":11},{"id":"e1","updatedAt":5},{"id":"e2","updatedAt":100},{"id":"e3","updatedAt":10},{"id":"e4"}]|10
advance	[{"id":"e0","updatedAt":11},{"id":"e1","updatedAt":5},{"id":"e2","updatedAt":100},{"id":"e3","updatedAt":10},{"id":"e4"}]|10
dirty	[{"id":"e0","updatedAt":0},{"id":"e1","updatedAt":10},{"id":"e2","updatedAt":-1},{"id":"e3","updatedAt":100},{"id":"e4","updatedAt":10}]|1700000000000
advance	[{"id":"e0","updatedAt":0},{"id":"e1","updatedAt":10},{"id":"e2","updatedAt":-1},{"id":"e3","updatedAt":100},{"id":"e4","updatedAt":10}]|1700000000000
dirty	[{"id":"e0","updatedAt":5}]|-1
advance	[{"id":"e0","updatedAt":5}]|-1
dirty	[{"id":"e0","updatedAt":10},{"id":"e1","updatedAt":10},{"id":"e2","updatedAt":-1},{"id":"e3","updatedAt":100},{"id":"e4","updatedAt":100}]|5
advance	[{"id":"e0","updatedAt":10},{"id":"e1","updatedAt":10},{"id":"e2","updatedAt":-1},{"id":"e3","updatedAt":100},{"id":"e4","updatedAt":100}]|5
dirty	[{"id":"e0","updatedAt":-1}]|1700000000000
advance	[{"id":"e0","updatedAt":-1}]|1700000000000
dirty	[{"id":"e0","updatedAt":0},{"id":"e1","updatedAt":1700000000000},{"id":"e2","updatedAt":1700000000000},{"id":"e3","updatedAt":-1}]|-1
advance	[{"id":"e0","updatedAt":0},{"id":"e1","updatedAt":1700000000000},{"id":"e2","updatedAt":1700000000000},{"id":"e3","updatedAt":-1}]|-1
dirty	[]|100
advance	[]|100
dirty	[{"id":"e0","updatedAt":1700000000000},{"id":"e1","updatedAt":1}]|0
advance	[{"id":"e0","updatedAt":1700000000000},{"id":"e1","updatedAt":1}]|0
dirty	[{"id":"e0","updatedAt":1}]|-1
advance	[{"id":"e0","updatedAt":1}]|-1
dirty	[{"id":"e0","updatedAt":1700000000000},{"id":"e1","updatedAt":1},{"id":"e2","updatedAt":1700000000000},{"id":"e3","updatedAt":5},{"id":"e4","updatedAt":11}]|1700000000000
advance	[{"id":"e0","updatedAt":1700000000000},{"id":"e1","updatedAt":1},{"id":"e2","updatedAt":1700000000000},{"id":"e3","updatedAt":5},{"id":"e4","updatedAt":11}]|1700000000000
dirty	[{"id":"e0","updatedAt":1},{"id":"e1","updatedAt":1700000000000},{"id":"e2","updatedAt":0}]|1
advance	[{"id":"e0","updatedAt":1},{"id":"e1","updatedAt":1700000000000},{"id":"e2","updatedAt":0}]|1
dirty	[{"id":"e0","updatedAt":11},{"id":"e1","updatedAt":5},{"id":"e2","updatedAt":100},{"id":"e3","updatedAt":1}]|5
advance	[{"id":"e0","updatedAt":11},{"id":"e1","updatedAt":5},{"id":"e2","updatedAt":100},{"id":"e3","updatedAt":1}]|5
dirty	[{"id":"e0","updatedAt":11},{"id":"e1","updatedAt":-1},{"id":"e2"},{"id":"e3","updatedAt":1}]|1
advance	[{"id":"e0","updatedAt":11},{"id":"e1","updatedAt":-1},{"id":"e2"},{"id":"e3","updatedAt":1}]|1
dirty	[{"id":"e0"},{"id":"e1","updatedAt":1},{"id":"e2","updatedAt":0},{"id":"e3","updatedAt":11},{"id":"e4","updatedAt":10}]|0
advance	[{"id":"e0"},{"id":"e1","updatedAt":1},{"id":"e2","updatedAt":0},{"id":"e3","updatedAt":11},{"id":"e4","updatedAt":10}]|0
dirty	[{"id":"e0","updatedAt":0}]|5
advance	[{"id":"e0","updatedAt":0}]|5
dirty	[]|0
advance	[]|0
dirty	[{"id":"e0","updatedAt":1},{"id":"e1","updatedAt":11},{"id":"e2","updatedAt":1700000000000},{"id":"e3","updatedAt":100}]|0
advance	[{"id":"e0","updatedAt":1},{"id":"e1","updatedAt":11},{"id":"e2","updatedAt":1700000000000},{"id":"e3","updatedAt":100}]|0
dirty	[{"id":"e0","updatedAt":1},{"id":"e1"},{"id":"e2","updatedAt":5},{"id":"e3","updatedAt":5}]|-1
advance	[{"id":"e0","updatedAt":1},{"id":"e1"},{"id":"e2","updatedAt":5},{"id":"e3","updatedAt":5}]|-1
dirty	[{"id":"e0","updatedAt":-1},{"id":"e1","updatedAt":5},{"id":"e2","updatedAt":1},{"id":"e3","updatedAt":10},{"id":"e4","updatedAt":11}]|10
advance	[{"id":"e0","updatedAt":-1},{"id":"e1","updatedAt":5},{"id":"e2","updatedAt":1},{"id":"e3","updatedAt":10},{"id":"e4","updatedAt":11}]|10
dirty	[{"id":"e0"},{"id":"e1","updatedAt":1700000000000},{"id":"e2","updatedAt":-1},{"id":"e3","updatedAt":0},{"id":"e4","updatedAt":10}]|1
advance	[{"id":"e0"},{"id":"e1","updatedAt":1700000000000},{"id":"e2","updatedAt":-1},{"id":"e3","updatedAt":0},{"id":"e4","updatedAt":10}]|1
dirty	[{"id":"e0","updatedAt":5},{"id":"e1","updatedAt":1},{"id":"e2"},{"id":"e3","updatedAt":100},{"id":"e4","updatedAt":5}]|1
advance	[{"id":"e0","updatedAt":5},{"id":"e1","updatedAt":1},{"id":"e2"},{"id":"e3","updatedAt":100},{"id":"e4","updatedAt":5}]|1
dirty	[{"id":"e0","updatedAt":5},{"id":"e1","updatedAt":-1},{"id":"e2","updatedAt":100}]|1
advance	[{"id":"e0","updatedAt":5},{"id":"e1","updatedAt":-1},{"id":"e2","updatedAt":100}]|1
dirty	[]|1
advance	[]|1
dirty	[]|10
advance	[]|10
dirty	[{"id":"e0","updatedAt":11},{"id":"e1","updatedAt":11},{"id":"e2","updatedAt":1},{"id":"e3","updatedAt":0},{"id":"e4","updatedAt":10}]|1700000000000
advance	[{"id":"e0","updatedAt":11},{"id":"e1","updatedAt":11},{"id":"e2","updatedAt":1},{"id":"e3","updatedAt":0},{"id":"e4","updatedAt":10}]|1700000000000
dirty	[{"id":"e0","updatedAt":100},{"id":"e1"},{"id":"e2","updatedAt":0}]|10
advance	[{"id":"e0","updatedAt":100},{"id":"e1"},{"id":"e2","updatedAt":0}]|10
dirty	[{"id":"e0","updatedAt":100},{"id":"e1","updatedAt":10},{"id":"e2"}]|1700000000000
advance	[{"id":"e0","updatedAt":100},{"id":"e1","updatedAt":10},{"id":"e2"}]|1700000000000
dirty	[{"id":"e0","updatedAt":5},{"id":"e1","updatedAt":10},{"id":"e2"},{"id":"e3","updatedAt":1700000000000}]|5
advance	[{"id":"e0","updatedAt":5},{"id":"e1","updatedAt":10},{"id":"e2"},{"id":"e3","updatedAt":1700000000000}]|5
dirty	[{"id":"e0"},{"id":"e1","updatedAt":0},{"id":"e2","updatedAt":11},{"id":"e3","updatedAt":-1},{"id":"e4","updatedAt":11}]|0
advance	[{"id":"e0"},{"id":"e1","updatedAt":0},{"id":"e2","updatedAt":11},{"id":"e3","updatedAt":-1},{"id":"e4","updatedAt":11}]|0
dirty	[]|100
advance	[]|100
dirty	[]|10
advance	[]|10
dirty	[{"id":"e0","updatedAt":100},{"id":"e1","updatedAt":1700000000000},{"id":"e2","updatedAt":11},{"id":"e3","updatedAt":100}]|-1
advance	[{"id":"e0","updatedAt":100},{"id":"e1","updatedAt":1700000000000},{"id":"e2","updatedAt":11},{"id":"e3","updatedAt":100}]|-1
dirty	[{"id":"e0","updatedAt":5},{"id":"e1","updatedAt":1700000000000},{"id":"e2","updatedAt":10},{"id":"e3","updatedAt":10}]|-1
advance	[{"id":"e0","updatedAt":5},{"id":"e1","updatedAt":1700000000000},{"id":"e2","updatedAt":10},{"id":"e3","updatedAt":10}]|-1
dirty	[{"id":"e0","updatedAt":1700000000000},{"id":"e1","updatedAt":100},{"id":"e2","updatedAt":0},{"id":"e3","updatedAt":1}]|0
advance	[{"id":"e0","updatedAt":1700000000000},{"id":"e1","updatedAt":100},{"id":"e2","updatedAt":0},{"id":"e3","updatedAt":1}]|0
dirty	[{"id":"e0","updatedAt":5}]|1700000000000
advance	[{"id":"e0","updatedAt":5}]|1700000000000
dirty	[{"id":"e0","updatedAt":-1},{"id":"e1","updatedAt":100},{"id":"e2"},{"id":"e3","updatedAt":0},{"id":"e4","updatedAt":1}]|0
advance	[{"id":"e0","updatedAt":-1},{"id":"e1","updatedAt":100},{"id":"e2"},{"id":"e3","updatedAt":0},{"id":"e4","updatedAt":1}]|0
dirty	[{"id":"e0","updatedAt":5},{"id":"e1","updatedAt":0},{"id":"e2","updatedAt":1},{"id":"e3","updatedAt":10},{"id":"e4","updatedAt":-1}]|100
advance	[{"id":"e0","updatedAt":5},{"id":"e1","updatedAt":0},{"id":"e2","updatedAt":1},{"id":"e3","updatedAt":10},{"id":"e4","updatedAt":-1}]|100
dirty	[{"id":"e0","updatedAt":0},{"id":"e1","updatedAt":11},{"id":"e2","updatedAt":0}]|1
advance	[{"id":"e0","updatedAt":0},{"id":"e1","updatedAt":11},{"id":"e2","updatedAt":0}]|1
dirty	[]|1
advance	[]|1
dirty	[{"id":"e0","updatedAt":100},{"id":"e1","updatedAt":11},{"id":"e2"}]|5
advance	[{"id":"e0","updatedAt":100},{"id":"e1","updatedAt":11},{"id":"e2"}]|5
dirty	[{"id":"e0","updatedAt":11},{"id":"e1","updatedAt":1},{"id":"e2","updatedAt":0},{"id":"e3","updatedAt":5}]|10
advance	[{"id":"e0","updatedAt":11},{"id":"e1","updatedAt":1},{"id":"e2","updatedAt":0},{"id":"e3","updatedAt":5}]|10
dirty	[]|0
advance	[]|0
dirty	[{"id":"e0","updatedAt":10},{"id":"e1","updatedAt":10},{"id":"e2","updatedAt":1700000000000}]|5
advance	[{"id":"e0","updatedAt":10},{"id":"e1","updatedAt":10},{"id":"e2","updatedAt":1700000000000}]|5
dirty	[{"id":"e0","updatedAt":-1},{"id":"e1","updatedAt":10},{"id":"e2"},{"id":"e3"},{"id":"e4","updatedAt":10}]|10
advance	[{"id":"e0","updatedAt":-1},{"id":"e1","updatedAt":10},{"id":"e2"},{"id":"e3"},{"id":"e4","updatedAt":10}]|10
dirty	[]|1
advance	[]|1
dirty	[{"id":"e0","updatedAt":0},{"id":"e1","updatedAt":100},{"id":"e2","updatedAt":-1}]|1
advance	[{"id":"e0","updatedAt":0},{"id":"e1","updatedAt":100},{"id":"e2","updatedAt":-1}]|1
dirty	[{"id":"e0","updatedAt":11},{"id":"e1","updatedAt":100},{"id":"e2","updatedAt":11},{"id":"e3","updatedAt":1}]|-1
advance	[{"id":"e0","updatedAt":11},{"id":"e1","updatedAt":100},{"id":"e2","updatedAt":11},{"id":"e3","updatedAt":1}]|-1
dirty	[{"id":"e0","updatedAt":5}]|0
advance	[{"id":"e0","updatedAt":5}]|0
dirty	[]|-1
advance	[]|-1
dirty	[{"id":"e0"},{"id":"e1","updatedAt":100},{"id":"e2","updatedAt":1700000000000},{"id":"e3","updatedAt":100},{"id":"e4","updatedAt":11}]|5
advance	[{"id":"e0"},{"id":"e1","updatedAt":100},{"id":"e2","updatedAt":1700000000000},{"id":"e3","updatedAt":100},{"id":"e4","updatedAt":11}]|5
dirty	[{"id":"e0","updatedAt":11}]|-1
advance	[{"id":"e0","updatedAt":11}]|-1
dirty	[{"id":"e0","updatedAt":-1},{"id":"e1","updatedAt":1},{"id":"e2","updatedAt":1}]|0
advance	[{"id":"e0","updatedAt":-1},{"id":"e1","updatedAt":1},{"id":"e2","updatedAt":1}]|0
dirty	[{"id":"e0","updatedAt":1},{"id":"e1","updatedAt":0},{"id":"e2"},{"id":"e3","updatedAt":100}]|100
advance	[{"id":"e0","updatedAt":1},{"id":"e1","updatedAt":0},{"id":"e2"},{"id":"e3","updatedAt":100}]|100
dirty	[{"id":"e0","updatedAt":100},{"id":"e1","updatedAt":0},{"id":"e2","updatedAt":0}]|-1
advance	[{"id":"e0","updatedAt":100},{"id":"e1","updatedAt":0},{"id":"e2","updatedAt":0}]|-1
dirty	[{"id":"e0","updatedAt":1700000000000}]|5
advance	[{"id":"e0","updatedAt":1700000000000}]|5
dirty	[{"id":"e0","updatedAt":100},{"id":"e1","updatedAt":11},{"id":"e2","updatedAt":0},{"id":"e3"}]|0
advance	[{"id":"e0","updatedAt":100},{"id":"e1","updatedAt":11},{"id":"e2","updatedAt":0},{"id":"e3"}]|0
dirty	[{"id":"e0","updatedAt":11},{"id":"e1"},{"id":"e2","updatedAt":1700000000000},{"id":"e3"},{"id":"e4","updatedAt":0}]|0
advance	[{"id":"e0","updatedAt":11},{"id":"e1"},{"id":"e2","updatedAt":1700000000000},{"id":"e3"},{"id":"e4","updatedAt":0}]|0
dirty	[{"id":"e0","updatedAt":100},{"id":"e1","updatedAt":5},{"id":"e2","updatedAt":11},{"id":"e3","updatedAt":1}]|10
advance	[{"id":"e0","updatedAt":100},{"id":"e1","updatedAt":5},{"id":"e2","updatedAt":11},{"id":"e3","updatedAt":1}]|10
dirty	[{"id":"e0","updatedAt":11},{"id":"e1"},{"id":"e2","updatedAt":11}]|10
advance	[{"id":"e0","updatedAt":11},{"id":"e1"},{"id":"e2","updatedAt":11}]|10
dirty	[]|1700000000000
advance	[]|1700000000000
dirty	[{"id":"e0","updatedAt":1700000000000},{"id":"e1","updatedAt":10},{"id":"e2"},{"id":"e3","updatedAt":100},{"id":"e4","updatedAt":1}]|100
advance	[{"id":"e0","updatedAt":1700000000000},{"id":"e1","updatedAt":10},{"id":"e2"},{"id":"e3","updatedAt":100},{"id":"e4","updatedAt":1}]|100
dirty	[{"id":"e0","updatedAt":1},{"id":"e1","updatedAt":5},{"id":"e2","updatedAt":0},{"id":"e3","updatedAt":10}]|1700000000000
advance	[{"id":"e0","updatedAt":1},{"id":"e1","updatedAt":5},{"id":"e2","updatedAt":0},{"id":"e3","updatedAt":10}]|1700000000000
dirty	[{"id":"e0","updatedAt":11},{"id":"e1","updatedAt":1700000000000},{"id":"e2","updatedAt":5}]|1700000000000
advance	[{"id":"e0","updatedAt":11},{"id":"e1","updatedAt":1700000000000},{"id":"e2","updatedAt":5}]|1700000000000
dirty	[{"id":"e0","updatedAt":0},{"id":"e1"},{"id":"e2","updatedAt":1700000000000},{"id":"e3","updatedAt":11},{"id":"e4","updatedAt":11}]|-1
advance	[{"id":"e0","updatedAt":0},{"id":"e1"},{"id":"e2","updatedAt":1700000000000},{"id":"e3","updatedAt":11},{"id":"e4","updatedAt":11}]|-1
dirty	[]|5
advance	[]|5
dirty	[{"id":"e0","updatedAt":-1},{"id":"e1"},{"id":"e2","updatedAt":11}]|5
advance	[{"id":"e0","updatedAt":-1},{"id":"e1"},{"id":"e2","updatedAt":11}]|5
dirty	[{"id":"e0"}]|100
advance	[{"id":"e0"}]|100
dirty	[{"id":"e0","updatedAt":-1},{"id":"e1","updatedAt":-1},{"id":"e2","updatedAt":1},{"id":"e3","updatedAt":0}]|100
advance	[{"id":"e0","updatedAt":-1},{"id":"e1","updatedAt":-1},{"id":"e2","updatedAt":1},{"id":"e3","updatedAt":0}]|100
dirty	[{"id":"e0"},{"id":"e1","updatedAt":10},{"id":"e2"}]|5
advance	[{"id":"e0"},{"id":"e1","updatedAt":10},{"id":"e2"}]|5
dirty	[{"id":"e0","updatedAt":11},{"id":"e1","updatedAt":11},{"id":"e2"}]|1700000000000
advance	[{"id":"e0","updatedAt":11},{"id":"e1","updatedAt":11},{"id":"e2"}]|1700000000000
dirty	[{"id":"e0","updatedAt":10},{"id":"e1","updatedAt":-1},{"id":"e2","updatedAt":100},{"id":"e3"},{"id":"e4","updatedAt":5}]|0
advance	[{"id":"e0","updatedAt":10},{"id":"e1","updatedAt":-1},{"id":"e2","updatedAt":100},{"id":"e3"},{"id":"e4","updatedAt":5}]|0
dirty	[{"id":"e0","updatedAt":11},{"id":"e1","updatedAt":1700000000000},{"id":"e2","updatedAt":10},{"id":"e3","updatedAt":1700000000000},{"id":"e4","updatedAt":11}]|1700000000000
advance	[{"id":"e0","updatedAt":11},{"id":"e1","updatedAt":1700000000000},{"id":"e2","updatedAt":10},{"id":"e3","updatedAt":1700000000000},{"id":"e4","updatedAt":11}]|1700000000000
dirty	[{"id":"e0","updatedAt":100},{"id":"e1","updatedAt":5},{"id":"e2","updatedAt":0},{"id":"e3"}]|0
advance	[{"id":"e0","updatedAt":100},{"id":"e1","updatedAt":5},{"id":"e2","updatedAt":0},{"id":"e3"}]|0
dirty	[]|-1
advance	[]|-1
dirty	[{"id":"e0","updatedAt":5},{"id":"e1","updatedAt":1700000000000},{"id":"e2","updatedAt":0},{"id":"e3"},{"id":"e4","updatedAt":1700000000000}]|100
advance	[{"id":"e0","updatedAt":5},{"id":"e1","updatedAt":1700000000000},{"id":"e2","updatedAt":0},{"id":"e3"},{"id":"e4","updatedAt":1700000000000}]|100
dirty	[{"id":"e0","updatedAt":-1},{"id":"e1","updatedAt":1700000000000},{"id":"e2","updatedAt":0},{"id":"e3","updatedAt":1}]|1
advance	[{"id":"e0","updatedAt":-1},{"id":"e1","updatedAt":1700000000000},{"id":"e2","updatedAt":0},{"id":"e3","updatedAt":1}]|1
dirty	[{"id":"e0","updatedAt":100}]|10
advance	[{"id":"e0","updatedAt":100}]|10
dirty	[]|1
advance	[]|1
dirty	[{"id":"e0","updatedAt":1},{"id":"e1","updatedAt":10},{"id":"e2","updatedAt":-1}]|5
advance	[{"id":"e0","updatedAt":1},{"id":"e1","updatedAt":10},{"id":"e2","updatedAt":-1}]|5
dirty	[{"id":"e0","updatedAt":5},{"id":"e1","updatedAt":1}]|5
advance	[{"id":"e0","updatedAt":5},{"id":"e1","updatedAt":1}]|5
dirty	[{"id":"e0","updatedAt":1700000000000},{"id":"e1","updatedAt":10},{"id":"e2","updatedAt":100}]|1700000000000
advance	[{"id":"e0","updatedAt":1700000000000},{"id":"e1","updatedAt":10},{"id":"e2","updatedAt":100}]|1700000000000
dirty	[{"id":"e0","updatedAt":-1},{"id":"e1","updatedAt":0},{"id":"e2"}]|0
advance	[{"id":"e0","updatedAt":-1},{"id":"e1","updatedAt":0},{"id":"e2"}]|0
dirty	[{"id":"e0"},{"id":"e1","updatedAt":-1},{"id":"e2","updatedAt":11}]|1
advance	[{"id":"e0"},{"id":"e1","updatedAt":-1},{"id":"e2","updatedAt":11}]|1
dirty	[{"id":"e0","updatedAt":100},{"id":"e1","updatedAt":11},{"id":"e2","updatedAt":5}]|5
advance	[{"id":"e0","updatedAt":100},{"id":"e1","updatedAt":11},{"id":"e2","updatedAt":5}]|5
dirty	[]|0
advance	[]|0
dirty	[{"id":"e0","updatedAt":100},{"id":"e1","updatedAt":100}]|-1
advance	[{"id":"e0","updatedAt":100},{"id":"e1","updatedAt":100}]|-1
dirty	[{"id":"e0","updatedAt":0},{"id":"e1","updatedAt":5},{"id":"e2","updatedAt":-1},{"id":"e3","updatedAt":5},{"id":"e4"}]|10
advance	[{"id":"e0","updatedAt":0},{"id":"e1","updatedAt":5},{"id":"e2","updatedAt":-1},{"id":"e3","updatedAt":5},{"id":"e4"}]|10
dirty	[{"id":"e0","updatedAt":5}]|0
advance	[{"id":"e0","updatedAt":5}]|0
dirty	[{"id":"e0","updatedAt":1700000000000},{"id":"e1","updatedAt":11},{"id":"e2","updatedAt":100},{"id":"e3"},{"id":"e4","updatedAt":100}]|0
advance	[{"id":"e0","updatedAt":1700000000000},{"id":"e1","updatedAt":11},{"id":"e2","updatedAt":100},{"id":"e3"},{"id":"e4","updatedAt":100}]|0
dirty	[{"id":"e0","updatedAt":0},{"id":"e1","updatedAt":100},{"id":"e2","updatedAt":10},{"id":"e3","updatedAt":10}]|1
advance	[{"id":"e0","updatedAt":0},{"id":"e1","updatedAt":100},{"id":"e2","updatedAt":10},{"id":"e3","updatedAt":10}]|1
dirty	[{"id":"e0","updatedAt":11},{"id":"e1","updatedAt":5},{"id":"e2","updatedAt":-1},{"id":"e3","updatedAt":5}]|-1
advance	[{"id":"e0","updatedAt":11},{"id":"e1","updatedAt":5},{"id":"e2","updatedAt":-1},{"id":"e3","updatedAt":5}]|-1
dirty	[{"id":"e0","updatedAt":5},{"id":"e1","updatedAt":1700000000000},{"id":"e2","updatedAt":1700000000000}]|0
advance	[{"id":"e0","updatedAt":5},{"id":"e1","updatedAt":1700000000000},{"id":"e2","updatedAt":1700000000000}]|0
dirty	[{"id":"e0","updatedAt":1700000000000},{"id":"e1","updatedAt":1700000000000},{"id":"e2","updatedAt":100},{"id":"e3","updatedAt":1},{"id":"e4","updatedAt":10}]|1
advance	[{"id":"e0","updatedAt":1700000000000},{"id":"e1","updatedAt":1700000000000},{"id":"e2","updatedAt":100},{"id":"e3","updatedAt":1},{"id":"e4","updatedAt":10}]|1
dirty	[]|10
advance	[]|10
dirty	[]|10
advance	[]|10
dirty	[{"id":"e0","updatedAt":0},{"id":"e1","updatedAt":100},{"id":"e2","updatedAt":5},{"id":"e3","updatedAt":0}]|100
advance	[{"id":"e0","updatedAt":0},{"id":"e1","updatedAt":100},{"id":"e2","updatedAt":5},{"id":"e3","updatedAt":0}]|100
dirty	[{"id":"e0"},{"id":"e1"},{"id":"e2","updatedAt":0},{"id":"e3","updatedAt":-1},{"id":"e4","updatedAt":1700000000000}]|5
advance	[{"id":"e0"},{"id":"e1"},{"id":"e2","updatedAt":0},{"id":"e3","updatedAt":-1},{"id":"e4","updatedAt":1700000000000}]|5
dirty	[{"id":"e0"},{"id":"e1","updatedAt":1},{"id":"e2","updatedAt":5},{"id":"e3","updatedAt":100},{"id":"e4","updatedAt":1}]|10
advance	[{"id":"e0"},{"id":"e1","updatedAt":1},{"id":"e2","updatedAt":5},{"id":"e3","updatedAt":100},{"id":"e4","updatedAt":1}]|10
dirty	[{"id":"e0","updatedAt":0}]|1
advance	[{"id":"e0","updatedAt":0}]|1
dirty	[{"id":"e0","updatedAt":5}]|0
advance	[{"id":"e0","updatedAt":5}]|0
dirty	[]|10
advance	[]|10
dirty	[{"id":"e0","updatedAt":100}]|5
advance	[{"id":"e0","updatedAt":100}]|5
dirty	[{"id":"e0","updatedAt":5},{"id":"e1"}]|1
advance	[{"id":"e0","updatedAt":5},{"id":"e1"}]|1
dirty	[]|-1
advance	[]|-1
dirty	[{"id":"e0","updatedAt":5},{"id":"e1","updatedAt":1700000000000},{"id":"e2","updatedAt":1},{"id":"e3","updatedAt":1}]|1
advance	[{"id":"e0","updatedAt":5},{"id":"e1","updatedAt":1700000000000},{"id":"e2","updatedAt":1},{"id":"e3","updatedAt":1}]|1
dirty	[{"id":"e0","updatedAt":100},{"id":"e1","updatedAt":0},{"id":"e2"},{"id":"e3","updatedAt":11}]|10
advance	[{"id":"e0","updatedAt":100},{"id":"e1","updatedAt":0},{"id":"e2"},{"id":"e3","updatedAt":11}]|10
dirty	[{"id":"e0","updatedAt":1},{"id":"e1","updatedAt":-1},{"id":"e2"},{"id":"e3","updatedAt":-1},{"id":"e4","updatedAt":1700000000000}]|100
advance	[{"id":"e0","updatedAt":1},{"id":"e1","updatedAt":-1},{"id":"e2"},{"id":"e3","updatedAt":-1},{"id":"e4","updatedAt":1700000000000}]|100
dirty	[{"id":"e0","updatedAt":100},{"id":"e1"},{"id":"e2"}]|0
advance	[{"id":"e0","updatedAt":100},{"id":"e1"},{"id":"e2"}]|0
dirty	[{"id":"e0","updatedAt":100},{"id":"e1","updatedAt":5}]|0
advance	[{"id":"e0","updatedAt":100},{"id":"e1","updatedAt":5}]|0
dirty	[{"id":"e0","updatedAt":-1},{"id":"e1","updatedAt":1700000000000}]|-1
advance	[{"id":"e0","updatedAt":-1},{"id":"e1","updatedAt":1700000000000}]|-1
dirty	[{"id":"e0","updatedAt":-1},{"id":"e1","updatedAt":5},{"id":"e2","updatedAt":5},{"id":"e3","updatedAt":-1},{"id":"e4","updatedAt":11}]|1
advance	[{"id":"e0","updatedAt":-1},{"id":"e1","updatedAt":5},{"id":"e2","updatedAt":5},{"id":"e3","updatedAt":-1},{"id":"e4","updatedAt":11}]|1
dirty	[{"id":"e0","updatedAt":1},{"id":"e1","updatedAt":1},{"id":"e2","updatedAt":1700000000000},{"id":"e3","updatedAt":100},{"id":"e4","updatedAt":5}]|-1
advance	[{"id":"e0","updatedAt":1},{"id":"e1","updatedAt":1},{"id":"e2","updatedAt":1700000000000},{"id":"e3","updatedAt":100},{"id":"e4","updatedAt":5}]|-1
dirty	[{"id":"e0"}]|1
advance	[{"id":"e0"}]|1
dirty	[]|1700000000000
advance	[]|1700000000000
dirty	[{"id":"e0","updatedAt":1700000000000},{"id":"e1","updatedAt":10}]|1
advance	[{"id":"e0","updatedAt":1700000000000},{"id":"e1","updatedAt":10}]|1
dirty	[{"id":"e0","updatedAt":5}]|1
advance	[{"id":"e0","updatedAt":5}]|1
dirty	[{"id":"e0"},{"id":"e1","updatedAt":100},{"id":"e2","updatedAt":5},{"id":"e3","updatedAt":5},{"id":"e4","updatedAt":1}]|1
advance	[{"id":"e0"},{"id":"e1","updatedAt":100},{"id":"e2","updatedAt":5},{"id":"e3","updatedAt":5},{"id":"e4","updatedAt":1}]|1
dirty	[{"id":"e0","updatedAt":100},{"id":"e1"},{"id":"e2","updatedAt":11},{"id":"e3","updatedAt":100}]|10
advance	[{"id":"e0","updatedAt":100},{"id":"e1"},{"id":"e2","updatedAt":11},{"id":"e3","updatedAt":100}]|10
dirty	[]|0
advance	[]|0
dirty	[]|1700000000000
advance	[]|1700000000000
dirty	[{"id":"e0","updatedAt":-1},{"id":"e1","updatedAt":1},{"id":"e2"}]|100
advance	[{"id":"e0","updatedAt":-1},{"id":"e1","updatedAt":1},{"id":"e2"}]|100
dirty	[]|1
advance	[]|1
dirty	[{"id":"e0","updatedAt":5}]|100
advance	[{"id":"e0","updatedAt":5}]|100
dirty	[{"id":"e0","updatedAt":10},{"id":"e1"},{"id":"e2","updatedAt":1700000000000}]|5
advance	[{"id":"e0","updatedAt":10},{"id":"e1"},{"id":"e2","updatedAt":1700000000000}]|5
dirty	[{"id":"e0","updatedAt":-1},{"id":"e1","updatedAt":11},{"id":"e2","updatedAt":5},{"id":"e3","updatedAt":1700000000000},{"id":"e4","updatedAt":-1}]|-1
advance	[{"id":"e0","updatedAt":-1},{"id":"e1","updatedAt":11},{"id":"e2","updatedAt":5},{"id":"e3","updatedAt":1700000000000},{"id":"e4","updatedAt":-1}]|-1
dirty	[{"id":"e0","updatedAt":0},{"id":"e1","updatedAt":100},{"id":"e2","updatedAt":1700000000000}]|1700000000000
advance	[{"id":"e0","updatedAt":0},{"id":"e1","updatedAt":100},{"id":"e2","updatedAt":1700000000000}]|1700000000000
dirty	[{"id":"e0","updatedAt":0}]|100
advance	[{"id":"e0","updatedAt":0}]|100
dirty	[{"id":"e0","updatedAt":1},{"id":"e1","updatedAt":-1},{"id":"e2","updatedAt":-1},{"id":"e3","updatedAt":1700000000000},{"id":"e4"}]|-1
advance	[{"id":"e0","updatedAt":1},{"id":"e1","updatedAt":-1},{"id":"e2","updatedAt":-1},{"id":"e3","updatedAt":1700000000000},{"id":"e4"}]|-1
dirty	[{"id":"e0","updatedAt":100},{"id":"e1"},{"id":"e2","updatedAt":11},{"id":"e3"}]|1
advance	[{"id":"e0","updatedAt":100},{"id":"e1"},{"id":"e2","updatedAt":11},{"id":"e3"}]|1
dirty	[{"id":"e0"},{"id":"e1","updatedAt":1700000000000}]|1700000000000
advance	[{"id":"e0"},{"id":"e1","updatedAt":1700000000000}]|1700000000000
dirty	[{"id":"e0","updatedAt":1}]|0
advance	[{"id":"e0","updatedAt":1}]|0
dirty	[{"id":"e0","updatedAt":11},{"id":"e1","updatedAt":-1}]|1
advance	[{"id":"e0","updatedAt":11},{"id":"e1","updatedAt":-1}]|1
dirty	[]|100
advance	[]|100
dirty	[]|1700000000000
advance	[]|1700000000000
dirty	[{"id":"e0","updatedAt":5},{"id":"e1","updatedAt":0},{"id":"e2","updatedAt":5},{"id":"e3"},{"id":"e4","updatedAt":100}]|1
advance	[{"id":"e0","updatedAt":5},{"id":"e1","updatedAt":0},{"id":"e2","updatedAt":5},{"id":"e3"},{"id":"e4","updatedAt":100}]|1
dirty	[{"id":"e0","updatedAt":1},{"id":"e1","updatedAt":1700000000000}]|10
advance	[{"id":"e0","updatedAt":1},{"id":"e1","updatedAt":1700000000000}]|10
dirty	[{"id":"e0","updatedAt":10}]|100
advance	[{"id":"e0","updatedAt":10}]|100
dirty	[{"id":"e0","updatedAt":11},{"id":"e1","updatedAt":100},{"id":"e2","updatedAt":0},{"id":"e3"}]|1
advance	[{"id":"e0","updatedAt":11},{"id":"e1","updatedAt":100},{"id":"e2","updatedAt":0},{"id":"e3"}]|1
dirty	[]|1
advance	[]|1
dirty	[]|-1
advance	[]|-1
dirty	[{"id":"e0","updatedAt":1},{"id":"e1","updatedAt":1},{"id":"e2"},{"id":"e3","updatedAt":-1}]|-1
advance	[{"id":"e0","updatedAt":1},{"id":"e1","updatedAt":1},{"id":"e2"},{"id":"e3","updatedAt":-1}]|-1
dirty	[]|1700000000000
advance	[]|1700000000000
dirty	[{"id":"e0","updatedAt":1700000000000},{"id":"e1","updatedAt":0},{"id":"e2","updatedAt":5},{"id":"e3","updatedAt":10},{"id":"e4","updatedAt":0}]|-1
advance	[{"id":"e0","updatedAt":1700000000000},{"id":"e1","updatedAt":0},{"id":"e2","updatedAt":5},{"id":"e3","updatedAt":10},{"id":"e4","updatedAt":0}]|-1
dirty	[{"id":"e0","updatedAt":-1},{"id":"e1","updatedAt":100},{"id":"e2"},{"id":"e3"}]|0
advance	[{"id":"e0","updatedAt":-1},{"id":"e1","updatedAt":100},{"id":"e2"},{"id":"e3"}]|0
dirty	[{"id":"e0","updatedAt":1},{"id":"e1","updatedAt":11},{"id":"e2","updatedAt":100}]|0
advance	[{"id":"e0","updatedAt":1},{"id":"e1","updatedAt":11},{"id":"e2","updatedAt":100}]|0
dirty	[{"id":"e0","updatedAt":10}]|1
advance	[{"id":"e0","updatedAt":10}]|1
dirty	[]|1
advance	[]|1
dirty	[{"id":"e0","updatedAt":5}]|1
advance	[{"id":"e0","updatedAt":5}]|1
dirty	[{"id":"e0","updatedAt":1700000000000}]|0
advance	[{"id":"e0","updatedAt":1700000000000}]|0
dirty	[{"id":"e0","updatedAt":5},{"id":"e1","updatedAt":0},{"id":"e2"},{"id":"e3","updatedAt":-1}]|0
advance	[{"id":"e0","updatedAt":5},{"id":"e1","updatedAt":0},{"id":"e2"},{"id":"e3","updatedAt":-1}]|0
dirty	[{"id":"e0","updatedAt":1},{"id":"e1","updatedAt":10}]|100
advance	[{"id":"e0","updatedAt":1},{"id":"e1","updatedAt":10}]|100
dirty	[]|5
advance	[]|5
dirty	[{"id":"e0"},{"id":"e1","updatedAt":1700000000000},{"id":"e2"},{"id":"e3","updatedAt":0}]|10
advance	[{"id":"e0"},{"id":"e1","updatedAt":1700000000000},{"id":"e2"},{"id":"e3","updatedAt":0}]|10
dirty	[{"id":"e0","updatedAt":1},{"id":"e1","updatedAt":100},{"id":"e2","updatedAt":1},{"id":"e3","updatedAt":1700000000000},{"id":"e4","updatedAt":11}]|10
advance	[{"id":"e0","updatedAt":1},{"id":"e1","updatedAt":100},{"id":"e2","updatedAt":1},{"id":"e3","updatedAt":1700000000000},{"id":"e4","updatedAt":11}]|10
dirty	[]|100
advance	[]|100
dirty	[{"id":"e0","updatedAt":1700000000000}]|-1
advance	[{"id":"e0","updatedAt":1700000000000}]|-1
dirty	[{"id":"e0","updatedAt":11},{"id":"e1","updatedAt":1},{"id":"e2","updatedAt":11},{"id":"e3","updatedAt":11},{"id":"e4","updatedAt":11}]|-1
advance	[{"id":"e0","updatedAt":11},{"id":"e1","updatedAt":1},{"id":"e2","updatedAt":11},{"id":"e3","updatedAt":11},{"id":"e4","updatedAt":11}]|-1
dirty	[{"id":"e0","updatedAt":10}]|1700000000000
advance	[{"id":"e0","updatedAt":10}]|1700000000000
dirty	[{"id":"e0","updatedAt":10},{"id":"e1","updatedAt":11},{"id":"e2","updatedAt":1},{"id":"e3","updatedAt":1700000000000}]|-1
advance	[{"id":"e0","updatedAt":10},{"id":"e1","updatedAt":11},{"id":"e2","updatedAt":1},{"id":"e3","updatedAt":1700000000000}]|-1
dirty	[{"id":"e0","updatedAt":0},{"id":"e1"},{"id":"e2","updatedAt":100},{"id":"e3","updatedAt":0},{"id":"e4","updatedAt":100}]|10
advance	[{"id":"e0","updatedAt":0},{"id":"e1"},{"id":"e2","updatedAt":100},{"id":"e3","updatedAt":0},{"id":"e4","updatedAt":100}]|10
dirty	[{"id":"e0","updatedAt":11},{"id":"e1","updatedAt":1}]|10
advance	[{"id":"e0","updatedAt":11},{"id":"e1","updatedAt":1}]|10
dirty	[{"id":"e0","updatedAt":5},{"id":"e1"},{"id":"e2","updatedAt":10}]|0
advance	[{"id":"e0","updatedAt":5},{"id":"e1"},{"id":"e2","updatedAt":10}]|0
dirty	[{"id":"e0","updatedAt":1},{"id":"e1","updatedAt":1},{"id":"e2","updatedAt":1},{"id":"e3","updatedAt":11}]|0
advance	[{"id":"e0","updatedAt":1},{"id":"e1","updatedAt":1},{"id":"e2","updatedAt":1},{"id":"e3","updatedAt":11}]|0
dirty	[{"id":"e0","updatedAt":5},{"id":"e1","updatedAt":11}]|1
advance	[{"id":"e0","updatedAt":5},{"id":"e1","updatedAt":11}]|1
dirty	[{"id":"e0","updatedAt":10},{"id":"e1","updatedAt":1},{"id":"e2","updatedAt":11}]|1700000000000
advance	[{"id":"e0","updatedAt":10},{"id":"e1","updatedAt":1},{"id":"e2","updatedAt":11}]|1700000000000
dirty	[]|5
advance	[]|5
dirty	[{"id":"e0","updatedAt":-1},{"id":"e1","updatedAt":5},{"id":"e2","updatedAt":100}]|1
advance	[{"id":"e0","updatedAt":-1},{"id":"e1","updatedAt":5},{"id":"e2","updatedAt":100}]|1
dirty	[{"id":"e0","updatedAt":1700000000000},{"id":"e1","updatedAt":100},{"id":"e2","updatedAt":-1},{"id":"e3","updatedAt":1}]|0
advance	[{"id":"e0","updatedAt":1700000000000},{"id":"e1","updatedAt":100},{"id":"e2","updatedAt":-1},{"id":"e3","updatedAt":1}]|0
dirty	[{"id":"e0"},{"id":"e1","updatedAt":5},{"id":"e2","updatedAt":1700000000000},{"id":"e3","updatedAt":100},{"id":"e4","updatedAt":11}]|0
advance	[{"id":"e0"},{"id":"e1","updatedAt":5},{"id":"e2","updatedAt":1700000000000},{"id":"e3","updatedAt":100},{"id":"e4","updatedAt":11}]|0
dirty	[{"id":"e0","updatedAt":1700000000000},{"id":"e1","updatedAt":1700000000000},{"id":"e2","updatedAt":0},{"id":"e3","updatedAt":100}]|0
advance	[{"id":"e0","updatedAt":1700000000000},{"id":"e1","updatedAt":1700000000000},{"id":"e2","updatedAt":0},{"id":"e3","updatedAt":100}]|0
dirty	[{"id":"e0","updatedAt":1700000000000},{"id":"e1","updatedAt":0},{"id":"e2","updatedAt":100}]|100
advance	[{"id":"e0","updatedAt":1700000000000},{"id":"e1","updatedAt":0},{"id":"e2","updatedAt":100}]|100
dirty	[{"id":"e0","updatedAt":1700000000000},{"id":"e1","updatedAt":5},{"id":"e2","updatedAt":0},{"id":"e3","updatedAt":1700000000000}]|10
advance	[{"id":"e0","updatedAt":1700000000000},{"id":"e1","updatedAt":5},{"id":"e2","updatedAt":0},{"id":"e3","updatedAt":1700000000000}]|10
dirty	[]|100
advance	[]|100
dirty	[{"id":"e0","updatedAt":1},{"id":"e1","updatedAt":-1},{"id":"e2","updatedAt":1},{"id":"e3","updatedAt":1700000000000},{"id":"e4"}]|5
advance	[{"id":"e0","updatedAt":1},{"id":"e1","updatedAt":-1},{"id":"e2","updatedAt":1},{"id":"e3","updatedAt":1700000000000},{"id":"e4"}]|5
dirty	[{"id":"e0"}]|0
advance	[{"id":"e0"}]|0
dirty	[{"id":"e0","updatedAt":1700000000000},{"id":"e1","updatedAt":11},{"id":"e2","updatedAt":1700000000000},{"id":"e3","updatedAt":0},{"id":"e4","updatedAt":11}]|5
advance	[{"id":"e0","updatedAt":1700000000000},{"id":"e1","updatedAt":11},{"id":"e2","updatedAt":1700000000000},{"id":"e3","updatedAt":0},{"id":"e4","updatedAt":11}]|5
dirty	[{"id":"e0","updatedAt":-1}]|1
advance	[{"id":"e0","updatedAt":-1}]|1
dirty	[{"id":"e0","updatedAt":5},{"id":"e1"},{"id":"e2","updatedAt":-1},{"id":"e3","updatedAt":1}]|1
advance	[{"id":"e0","updatedAt":5},{"id":"e1"},{"id":"e2","updatedAt":-1},{"id":"e3","updatedAt":1}]|1
dirty	[{"id":"e0","updatedAt":1},{"id":"e1","updatedAt":1},{"id":"e2"}]|5
advance	[{"id":"e0","updatedAt":1},{"id":"e1","updatedAt":1},{"id":"e2"}]|5
dirty	[{"id":"e0","updatedAt":11},{"id":"e1","updatedAt":100}]|0
advance	[{"id":"e0","updatedAt":11},{"id":"e1","updatedAt":100}]|0
dirty	[{"id":"e0","updatedAt":1700000000000},{"id":"e1","updatedAt":11}]|10
advance	[{"id":"e0","updatedAt":1700000000000},{"id":"e1","updatedAt":11}]|10
dirty	[{"id":"e0","updatedAt":5},{"id":"e1","updatedAt":1700000000000},{"id":"e2","updatedAt":1700000000000},{"id":"e3","updatedAt":1700000000000},{"id":"e4","updatedAt":1700000000000}]|1
advance	[{"id":"e0","updatedAt":5},{"id":"e1","updatedAt":1700000000000},{"id":"e2","updatedAt":1700000000000},{"id":"e3","updatedAt":1700000000000},{"id":"e4","updatedAt":1700000000000}]|1
dirty	[{"id":"e0","updatedAt":1700000000000},{"id":"e1","updatedAt":5},{"id":"e2","updatedAt":10}]|10
advance	[{"id":"e0","updatedAt":1700000000000},{"id":"e1","updatedAt":5},{"id":"e2","updatedAt":10}]|10
dirty	[{"id":"e0","updatedAt":0},{"id":"e1","updatedAt":0}]|5
advance	[{"id":"e0","updatedAt":0},{"id":"e1","updatedAt":0}]|5
dirty	[{"id":"e0","updatedAt":11},{"id":"e1","updatedAt":10},{"id":"e2","updatedAt":-1},{"id":"e3","updatedAt":1},{"id":"e4","updatedAt":11}]|1700000000000
advance	[{"id":"e0","updatedAt":11},{"id":"e1","updatedAt":10},{"id":"e2","updatedAt":-1},{"id":"e3","updatedAt":1},{"id":"e4","updatedAt":11}]|1700000000000
dirty	[]|5
advance	[]|5
dirty	[]|0
advance	[]|0
dirty	[{"id":"e0","updatedAt":1700000000000},{"id":"e1","updatedAt":1700000000000},{"id":"e2","updatedAt":-1}]|0
advance	[{"id":"e0","updatedAt":1700000000000},{"id":"e1","updatedAt":1700000000000},{"id":"e2","updatedAt":-1}]|0
dirty	[{"id":"e0","updatedAt":11},{"id":"e1","updatedAt":1},{"id":"e2","updatedAt":1},{"id":"e3","updatedAt":10}]|1700000000000
advance	[{"id":"e0","updatedAt":11},{"id":"e1","updatedAt":1},{"id":"e2","updatedAt":1},{"id":"e3","updatedAt":10}]|1700000000000
dirty	[{"id":"e0","updatedAt":5},{"id":"e1","updatedAt":-1},{"id":"e2","updatedAt":1},{"id":"e3","updatedAt":1700000000000},{"id":"e4"}]|5
advance	[{"id":"e0","updatedAt":5},{"id":"e1","updatedAt":-1},{"id":"e2","updatedAt":1},{"id":"e3","updatedAt":1700000000000},{"id":"e4"}]|5
dirty	[{"id":"e0","updatedAt":1},{"id":"e1","updatedAt":11}]|10
advance	[{"id":"e0","updatedAt":1},{"id":"e1","updatedAt":11}]|10
dirty	[{"id":"e0","updatedAt":11},{"id":"e1","updatedAt":1},{"id":"e2","updatedAt":10}]|100
advance	[{"id":"e0","updatedAt":11},{"id":"e1","updatedAt":1},{"id":"e2","updatedAt":10}]|100
dirty	[]|1700000000000
advance	[]|1700000000000
dirty	[{"id":"e0","updatedAt":0},{"id":"e1","updatedAt":1},{"id":"e2","updatedAt":0},{"id":"e3","updatedAt":0}]|0
advance	[{"id":"e0","updatedAt":0},{"id":"e1","updatedAt":1},{"id":"e2","updatedAt":0},{"id":"e3","updatedAt":0}]|0
dirty	[{"id":"e0"},{"id":"e1","updatedAt":10}]|0
advance	[{"id":"e0"},{"id":"e1","updatedAt":10}]|0
dirty	[{"id":"e0","updatedAt":0},{"id":"e1","updatedAt":11},{"id":"e2","updatedAt":0},{"id":"e3","updatedAt":0},{"id":"e4","updatedAt":10}]|0
advance	[{"id":"e0","updatedAt":0},{"id":"e1","updatedAt":11},{"id":"e2","updatedAt":0},{"id":"e3","updatedAt":0},{"id":"e4","updatedAt":10}]|0
dirty	[{"id":"e0","updatedAt":0},{"id":"e1","updatedAt":1700000000000},{"id":"e2","updatedAt":5}]|-1
advance	[{"id":"e0","updatedAt":0},{"id":"e1","updatedAt":1700000000000},{"id":"e2","updatedAt":5}]|-1
dirty	[]|-1
advance	[]|-1
dirty	[{"id":"e0","updatedAt":1700000000000},{"id":"e1"}]|0
advance	[{"id":"e0","updatedAt":1700000000000},{"id":"e1"}]|0
dirty	[{"id":"e0","updatedAt":11},{"id":"e1","updatedAt":11}]|1
advance	[{"id":"e0","updatedAt":11},{"id":"e1","updatedAt":11}]|1
dirty	[{"id":"e0","updatedAt":100},{"id":"e1","updatedAt":1700000000000},{"id":"e2","updatedAt":1}]|-1
advance	[{"id":"e0","updatedAt":100},{"id":"e1","updatedAt":1700000000000},{"id":"e2","updatedAt":1}]|-1
dirty	[{"id":"e0","updatedAt":-1},{"id":"e1","updatedAt":-1},{"id":"e2","updatedAt":1},{"id":"e3"}]|100
advance	[{"id":"e0","updatedAt":-1},{"id":"e1","updatedAt":-1},{"id":"e2","updatedAt":1},{"id":"e3"}]|100
dirty	[{"id":"e0","updatedAt":5},{"id":"e1","updatedAt":0},{"id":"e2","updatedAt":11},{"id":"e3","updatedAt":1}]|1
advance	[{"id":"e0","updatedAt":5},{"id":"e1","updatedAt":0},{"id":"e2","updatedAt":11},{"id":"e3","updatedAt":1}]|1
dirty	[{"id":"e0","updatedAt":0},{"id":"e1"},{"id":"e2","updatedAt":0}]|1700000000000
advance	[{"id":"e0","updatedAt":0},{"id":"e1"},{"id":"e2","updatedAt":0}]|1700000000000
dirty	[{"id":"e0","updatedAt":-1},{"id":"e1"},{"id":"e2","updatedAt":10}]|1700000000000
advance	[{"id":"e0","updatedAt":-1},{"id":"e1"},{"id":"e2","updatedAt":10}]|1700000000000
dirty	[{"id":"e0","updatedAt":-1},{"id":"e1","updatedAt":0},{"id":"e2","updatedAt":5},{"id":"e3","updatedAt":-1}]|1
advance	[{"id":"e0","updatedAt":-1},{"id":"e1","updatedAt":0},{"id":"e2","updatedAt":5},{"id":"e3","updatedAt":-1}]|1
dirty	[{"id":"e0","updatedAt":100}]|-1
advance	[{"id":"e0","updatedAt":100}]|-1
dirty	[{"id":"e0","updatedAt":1700000000000},{"id":"e1","updatedAt":10},{"id":"e2","updatedAt":1}]|10
advance	[{"id":"e0","updatedAt":1700000000000},{"id":"e1","updatedAt":10},{"id":"e2","updatedAt":1}]|10
dirty	[{"id":"e0","updatedAt":1700000000000},{"id":"e1","updatedAt":10},{"id":"e2","updatedAt":5}]|0
advance	[{"id":"e0","updatedAt":1700000000000},{"id":"e1","updatedAt":10},{"id":"e2","updatedAt":5}]|0
dirty	[{"id":"e0","updatedAt":10},{"id":"e1"},{"id":"e2","updatedAt":-1},{"id":"e3","updatedAt":1},{"id":"e4","updatedAt":0}]|1
advance	[{"id":"e0","updatedAt":10},{"id":"e1"},{"id":"e2","updatedAt":-1},{"id":"e3","updatedAt":1},{"id":"e4","updatedAt":0}]|1
dirty	[{"id":"e0","updatedAt":10}]|-1
advance	[{"id":"e0","updatedAt":10}]|-1
dirty	[]|1700000000000
advance	[]|1700000000000
dirty	[{"id":"e0","updatedAt":11},{"id":"e1","updatedAt":11},{"id":"e2","updatedAt":1700000000000},{"id":"e3","updatedAt":10}]|1
advance	[{"id":"e0","updatedAt":11},{"id":"e1","updatedAt":11},{"id":"e2","updatedAt":1700000000000},{"id":"e3","updatedAt":10}]|1
dirty	[{"id":"e0"},{"id":"e1","updatedAt":1},{"id":"e2","updatedAt":100},{"id":"e3","updatedAt":0}]|5
advance	[{"id":"e0"},{"id":"e1","updatedAt":1},{"id":"e2","updatedAt":100},{"id":"e3","updatedAt":0}]|5
dirty	[{"id":"e0"},{"id":"e1"},{"id":"e2","updatedAt":-1},{"id":"e3"}]|10
advance	[{"id":"e0"},{"id":"e1"},{"id":"e2","updatedAt":-1},{"id":"e3"}]|10
dirty	[]|100
advance	[]|100
dirty	[{"id":"e0","updatedAt":0}]|10
advance	[{"id":"e0","updatedAt":0}]|10
dirty	[{"id":"e0","updatedAt":5},{"id":"e1","updatedAt":-1},{"id":"e2","updatedAt":100},{"id":"e3","updatedAt":-1},{"id":"e4","updatedAt":11}]|1
advance	[{"id":"e0","updatedAt":5},{"id":"e1","updatedAt":-1},{"id":"e2","updatedAt":100},{"id":"e3","updatedAt":-1},{"id":"e4","updatedAt":11}]|1
dirty	[{"id":"e0","updatedAt":100},{"id":"e1","updatedAt":11},{"id":"e2","updatedAt":10},{"id":"e3","updatedAt":5}]|1
advance	[{"id":"e0","updatedAt":100},{"id":"e1","updatedAt":11},{"id":"e2","updatedAt":10},{"id":"e3","updatedAt":5}]|1
dirty	[{"id":"e0","updatedAt":-1}]|10
advance	[{"id":"e0","updatedAt":-1}]|10
dirty	[{"id":"e0","updatedAt":10},{"id":"e1","updatedAt":-1},{"id":"e2","updatedAt":100}]|0
advance	[{"id":"e0","updatedAt":10},{"id":"e1","updatedAt":-1},{"id":"e2","updatedAt":100}]|0
dirty	[]|100
advance	[]|100
dirty	[{"id":"e0","updatedAt":10},{"id":"e1","updatedAt":-1},{"id":"e2","updatedAt":-1}]|1
advance	[{"id":"e0","updatedAt":10},{"id":"e1","updatedAt":-1},{"id":"e2","updatedAt":-1}]|1
dirty	[]|5
advance	[]|5
dirty	[]|-1
advance	[]|-1
dirty	[{"id":"e0","updatedAt":5}]|1
advance	[{"id":"e0","updatedAt":5}]|1
dirty	[{"id":"e0","updatedAt":1700000000000},{"id":"e1","updatedAt":5},{"id":"e2","updatedAt":5},{"id":"e3","updatedAt":5}]|100
advance	[{"id":"e0","updatedAt":1700000000000},{"id":"e1","updatedAt":5},{"id":"e2","updatedAt":5},{"id":"e3","updatedAt":5}]|100
dirty	[{"id":"e0","updatedAt":10},{"id":"e1","updatedAt":-1},{"id":"e2","updatedAt":10}]|0
advance	[{"id":"e0","updatedAt":10},{"id":"e1","updatedAt":-1},{"id":"e2","updatedAt":10}]|0
dirty	[{"id":"e0","updatedAt":11}]|10
advance	[{"id":"e0","updatedAt":11}]|10
dirty	[{"id":"e0","updatedAt":11},{"id":"e1"},{"id":"e2","updatedAt":1}]|1700000000000
advance	[{"id":"e0","updatedAt":11},{"id":"e1"},{"id":"e2","updatedAt":1}]|1700000000000
dirty	[{"id":"e0","updatedAt":5},{"id":"e1","updatedAt":1},{"id":"e2","updatedAt":11},{"id":"e3","updatedAt":10},{"id":"e4","updatedAt":1700000000000}]|1
advance	[{"id":"e0","updatedAt":5},{"id":"e1","updatedAt":1},{"id":"e2","updatedAt":11},{"id":"e3","updatedAt":10},{"id":"e4","updatedAt":1700000000000}]|1
dirty	[{"id":"e0","updatedAt":100}]|10
advance	[{"id":"e0","updatedAt":100}]|10
dirty	[{"id":"e0"},{"id":"e1","updatedAt":1700000000000}]|5
advance	[{"id":"e0"},{"id":"e1","updatedAt":1700000000000}]|5
dirty	[{"id":"e0"},{"id":"e1","updatedAt":1},{"id":"e2","updatedAt":1700000000000},{"id":"e3","updatedAt":1700000000000}]|10
advance	[{"id":"e0"},{"id":"e1","updatedAt":1},{"id":"e2","updatedAt":1700000000000},{"id":"e3","updatedAt":1700000000000}]|10
dirty	[{"id":"e0"},{"id":"e1","updatedAt":100}]|1700000000000
advance	[{"id":"e0"},{"id":"e1","updatedAt":100}]|1700000000000
dirty	[{"id":"e0","updatedAt":-1},{"id":"e1","updatedAt":5},{"id":"e2"},{"id":"e3","updatedAt":10},{"id":"e4","updatedAt":10}]|5
advance	[{"id":"e0","updatedAt":-1},{"id":"e1","updatedAt":5},{"id":"e2"},{"id":"e3","updatedAt":10},{"id":"e4","updatedAt":10}]|5
dirty	[{"id":"e0","updatedAt":10},{"id":"e1","updatedAt":10},{"id":"e2","updatedAt":1700000000000}]|1700000000000
advance	[{"id":"e0","updatedAt":10},{"id":"e1","updatedAt":10},{"id":"e2","updatedAt":1700000000000}]|1700000000000
dirty	[{"id":"e0"},{"id":"e1","updatedAt":1},{"id":"e2","updatedAt":-1}]|1
advance	[{"id":"e0"},{"id":"e1","updatedAt":1},{"id":"e2","updatedAt":-1}]|1
dirty	[{"id":"e0","updatedAt":1700000000000}]|100
advance	[{"id":"e0","updatedAt":1700000000000}]|100
dirty	[{"id":"e0","updatedAt":1700000000000},{"id":"e1","updatedAt":10},{"id":"e2","updatedAt":11},{"id":"e3"},{"id":"e4","updatedAt":1}]|100
advance	[{"id":"e0","updatedAt":1700000000000},{"id":"e1","updatedAt":10},{"id":"e2","updatedAt":11},{"id":"e3"},{"id":"e4","updatedAt":1}]|100
dirty	[]|100
advance	[]|100
dirty	[{"id":"e0","updatedAt":5},{"id":"e1"},{"id":"e2","updatedAt":10},{"id":"e3","updatedAt":11}]|1
advance	[{"id":"e0","updatedAt":5},{"id":"e1"},{"id":"e2","updatedAt":10},{"id":"e3","updatedAt":11}]|1
dirty	[{"id":"e0","updatedAt":-1}]|0
advance	[{"id":"e0","updatedAt":-1}]|0
dirty	[{"id":"e0","updatedAt":5},{"id":"e1","updatedAt":11},{"id":"e2","updatedAt":0},{"id":"e3"},{"id":"e4","updatedAt":-1}]|10
advance	[{"id":"e0","updatedAt":5},{"id":"e1","updatedAt":11},{"id":"e2","updatedAt":0},{"id":"e3"},{"id":"e4","updatedAt":-1}]|10
dirty	[{"id":"e0","updatedAt":100}]|1
advance	[{"id":"e0","updatedAt":100}]|1
dirty	[]|100
advance	[]|100
dirty	[{"id":"e0","updatedAt":11},{"id":"e1","updatedAt":0},{"id":"e2","updatedAt":1},{"id":"e3","updatedAt":1700000000000}]|0
advance	[{"id":"e0","updatedAt":11},{"id":"e1","updatedAt":0},{"id":"e2","updatedAt":1},{"id":"e3","updatedAt":1700000000000}]|0
dirty	[]|100
advance	[]|100
dirty	[{"id":"e0","updatedAt":1700000000000},{"id":"e1","updatedAt":1700000000000},{"id":"e2","updatedAt":100},{"id":"e3","updatedAt":1}]|1700000000000
advance	[{"id":"e0","updatedAt":1700000000000},{"id":"e1","updatedAt":1700000000000},{"id":"e2","updatedAt":100},{"id":"e3","updatedAt":1}]|1700000000000
dirty	[{"id":"e0","updatedAt":1},{"id":"e1","updatedAt":0},{"id":"e2","updatedAt":5},{"id":"e3"}]|0
advance	[{"id":"e0","updatedAt":1},{"id":"e1","updatedAt":0},{"id":"e2","updatedAt":5},{"id":"e3"}]|0
dirty	[{"id":"e0","updatedAt":11},{"id":"e1","updatedAt":1700000000000},{"id":"e2","updatedAt":100},{"id":"e3","updatedAt":0}]|10
advance	[{"id":"e0","updatedAt":11},{"id":"e1","updatedAt":1700000000000},{"id":"e2","updatedAt":100},{"id":"e3","updatedAt":0}]|10
dirty	[{"id":"e0"},{"id":"e1"}]|0
advance	[{"id":"e0"},{"id":"e1"}]|0
dirty	[{"id":"e0","updatedAt":1700000000000},{"id":"e1","updatedAt":11}]|10
advance	[{"id":"e0","updatedAt":1700000000000},{"id":"e1","updatedAt":11}]|10
dirty	[{"id":"e0","updatedAt":0},{"id":"e1","updatedAt":11},{"id":"e2","updatedAt":1}]|-1
advance	[{"id":"e0","updatedAt":0},{"id":"e1","updatedAt":11},{"id":"e2","updatedAt":1}]|-1
dirty	[{"id":"e0","updatedAt":5},{"id":"e1","updatedAt":1},{"id":"e2","updatedAt":-1},{"id":"e3","updatedAt":11},{"id":"e4","updatedAt":11}]|100
advance	[{"id":"e0","updatedAt":5},{"id":"e1","updatedAt":1},{"id":"e2","updatedAt":-1},{"id":"e3","updatedAt":11},{"id":"e4","updatedAt":11}]|100
dirty	[{"id":"e0"},{"id":"e1","updatedAt":5},{"id":"e2","updatedAt":100},{"id":"e3","updatedAt":10}]|100
advance	[{"id":"e0"},{"id":"e1","updatedAt":5},{"id":"e2","updatedAt":100},{"id":"e3","updatedAt":10}]|100
dirty	[{"id":"e0","updatedAt":100},{"id":"e1","updatedAt":1},{"id":"e2","updatedAt":1700000000000},{"id":"e3","updatedAt":-1},{"id":"e4","updatedAt":-1}]|5
advance	[{"id":"e0","updatedAt":100},{"id":"e1","updatedAt":1},{"id":"e2","updatedAt":1700000000000},{"id":"e3","updatedAt":-1},{"id":"e4","updatedAt":-1}]|5
dirty	[{"id":"e0","updatedAt":1700000000000},{"id":"e1","updatedAt":0},{"id":"e2","updatedAt":1},{"id":"e3","updatedAt":-1},{"id":"e4","updatedAt":1700000000000}]|1
advance	[{"id":"e0","updatedAt":1700000000000},{"id":"e1","updatedAt":0},{"id":"e2","updatedAt":1},{"id":"e3","updatedAt":-1},{"id":"e4","updatedAt":1700000000000}]|1
dirty	[{"id":"e0","updatedAt":1700000000000},{"id":"e1","updatedAt":1700000000000}]|-1
advance	[{"id":"e0","updatedAt":1700000000000},{"id":"e1","updatedAt":1700000000000}]|-1
dirty	[]|10
advance	[]|10
dirty	[{"id":"e0","updatedAt":100},{"id":"e1","updatedAt":5},{"id":"e2","updatedAt":10}]|-1
advance	[{"id":"e0","updatedAt":100},{"id":"e1","updatedAt":5},{"id":"e2","updatedAt":10}]|-1
dirty	[{"id":"e0","updatedAt":0},{"id":"e1","updatedAt":0}]|-1
advance	[{"id":"e0","updatedAt":0},{"id":"e1","updatedAt":0}]|-1
dirty	[]|5
advance	[]|5
dirty	[{"id":"e0","updatedAt":11},{"id":"e1","updatedAt":10},{"id":"e2","updatedAt":0},{"id":"e3"},{"id":"e4","updatedAt":-1}]|-1
advance	[{"id":"e0","updatedAt":11},{"id":"e1","updatedAt":10},{"id":"e2","updatedAt":0},{"id":"e3"},{"id":"e4","updatedAt":-1}]|-1
dirty	[{"id":"e0","updatedAt":0},{"id":"e1","updatedAt":1},{"id":"e2","updatedAt":5},{"id":"e3","updatedAt":-1}]|1700000000000
advance	[{"id":"e0","updatedAt":0},{"id":"e1","updatedAt":1},{"id":"e2","updatedAt":5},{"id":"e3","updatedAt":-1}]|1700000000000
dirty	[{"id":"e0","updatedAt":11},{"id":"e1","updatedAt":11}]|10
advance	[{"id":"e0","updatedAt":11},{"id":"e1","updatedAt":11}]|10
dirty	[{"id":"e0","updatedAt":100},{"id":"e1","updatedAt":-1},{"id":"e2","updatedAt":10}]|100
advance	[{"id":"e0","updatedAt":100},{"id":"e1","updatedAt":-1},{"id":"e2","updatedAt":10}]|100
dirty	[{"id":"e0","updatedAt":5},{"id":"e1","updatedAt":-1},{"id":"e2","updatedAt":0}]|10
advance	[{"id":"e0","updatedAt":5},{"id":"e1","updatedAt":-1},{"id":"e2","updatedAt":0}]|10
dirty	[{"id":"e0","updatedAt":0}]|5
advance	[{"id":"e0","updatedAt":0}]|5
dirty	[{"id":"e0"},{"id":"e1","updatedAt":1700000000000}]|100
advance	[{"id":"e0"},{"id":"e1","updatedAt":1700000000000}]|100
dirty	[{"id":"e0","updatedAt":5},{"id":"e1","updatedAt":100}]|100
advance	[{"id":"e0","updatedAt":5},{"id":"e1","updatedAt":100}]|100
dirty	[{"id":"e0","updatedAt":0},{"id":"e1","updatedAt":5},{"id":"e2","updatedAt":11}]|10
advance	[{"id":"e0","updatedAt":0},{"id":"e1","updatedAt":5},{"id":"e2","updatedAt":11}]|10
dirty	[{"id":"e0","updatedAt":1},{"id":"e1","updatedAt":-1},{"id":"e2","updatedAt":5},{"id":"e3","updatedAt":1700000000000},{"id":"e4","updatedAt":100}]|-1
advance	[{"id":"e0","updatedAt":1},{"id":"e1","updatedAt":-1},{"id":"e2","updatedAt":5},{"id":"e3","updatedAt":1700000000000},{"id":"e4","updatedAt":100}]|-1
dirty	[{"id":"e0"},{"id":"e1","updatedAt":5},{"id":"e2"},{"id":"e3","updatedAt":-1},{"id":"e4","updatedAt":11}]|1
advance	[{"id":"e0"},{"id":"e1","updatedAt":5},{"id":"e2"},{"id":"e3","updatedAt":-1},{"id":"e4","updatedAt":11}]|1
dirty	[{"id":"e0","updatedAt":-1},{"id":"e1","updatedAt":-1},{"id":"e2","updatedAt":10},{"id":"e3","updatedAt":11},{"id":"e4"}]|100
advance	[{"id":"e0","updatedAt":-1},{"id":"e1","updatedAt":-1},{"id":"e2","updatedAt":10},{"id":"e3","updatedAt":11},{"id":"e4"}]|100
dirty	[{"id":"e0","updatedAt":1},{"id":"e1","updatedAt":11},{"id":"e2","updatedAt":1700000000000},{"id":"e3"},{"id":"e4","updatedAt":5}]|10
advance	[{"id":"e0","updatedAt":1},{"id":"e1","updatedAt":11},{"id":"e2","updatedAt":1700000000000},{"id":"e3"},{"id":"e4","updatedAt":5}]|10
dirty	[{"id":"e0","updatedAt":1}]|1700000000000
advance	[{"id":"e0","updatedAt":1}]|1700000000000
dirty	[]|0
advance	[]|0
dirty	[{"id":"e0","updatedAt":-1},{"id":"e1","updatedAt":0},{"id":"e2","updatedAt":5}]|5
advance	[{"id":"e0","updatedAt":-1},{"id":"e1","updatedAt":0},{"id":"e2","updatedAt":5}]|5
dirty	[{"id":"e0","updatedAt":5}]|1700000000000
advance	[{"id":"e0","updatedAt":5}]|1700000000000
dirty	[{"id":"e0","updatedAt":5},{"id":"e1","updatedAt":11},{"id":"e2","updatedAt":-1},{"id":"e3","updatedAt":11}]|100
advance	[{"id":"e0","updatedAt":5},{"id":"e1","updatedAt":11},{"id":"e2","updatedAt":-1},{"id":"e3","updatedAt":11}]|100
dirty	[]|1
advance	[]|1
dirty	[{"id":"e0","updatedAt":1700000000000},{"id":"e1"},{"id":"e2","updatedAt":1700000000000},{"id":"e3","updatedAt":11}]|0
advance	[{"id":"e0","updatedAt":1700000000000},{"id":"e1"},{"id":"e2","updatedAt":1700000000000},{"id":"e3","updatedAt":11}]|0
dirty	[]|100
advance	[]|100
dirty	[{"id":"e0","updatedAt":1700000000000},{"id":"e1","updatedAt":100},{"id":"e2","updatedAt":-1}]|-1
advance	[{"id":"e0","updatedAt":1700000000000},{"id":"e1","updatedAt":100},{"id":"e2","updatedAt":-1}]|-1
dirty	[{"id":"e0","updatedAt":1}]|0
advance	[{"id":"e0","updatedAt":1}]|0
dirty	[{"id":"e0","updatedAt":-1}]|5
advance	[{"id":"e0","updatedAt":-1}]|5
dirty	[{"id":"e0","updatedAt":10},{"id":"e1","updatedAt":5}]|10
advance	[{"id":"e0","updatedAt":10},{"id":"e1","updatedAt":5}]|10
dirty	[{"id":"e0"},{"id":"e1","updatedAt":1},{"id":"e2"}]|10
advance	[{"id":"e0"},{"id":"e1","updatedAt":1},{"id":"e2"}]|10
dirty	[]|1
advance	[]|1
dirty	[{"id":"e0","updatedAt":1},{"id":"e1","updatedAt":1700000000000},{"id":"e2","updatedAt":5}]|1
advance	[{"id":"e0","updatedAt":1},{"id":"e1","updatedAt":1700000000000},{"id":"e2","updatedAt":5}]|1
dirty	[{"id":"e0","updatedAt":10}]|0
advance	[{"id":"e0","updatedAt":10}]|0
dirty	[{"id":"e0","updatedAt":10},{"id":"e1","updatedAt":100},{"id":"e2","updatedAt":1700000000000},{"id":"e3"},{"id":"e4","updatedAt":1}]|5
advance	[{"id":"e0","updatedAt":10},{"id":"e1","updatedAt":100},{"id":"e2","updatedAt":1700000000000},{"id":"e3"},{"id":"e4","updatedAt":1}]|5
dirty	[{"id":"e0","updatedAt":11},{"id":"e1","updatedAt":0}]|1
advance	[{"id":"e0","updatedAt":11},{"id":"e1","updatedAt":0}]|1
dirty	[{"id":"e0","updatedAt":0},{"id":"e1"},{"id":"e2","updatedAt":100},{"id":"e3"},{"id":"e4","updatedAt":0}]|10
advance	[{"id":"e0","updatedAt":0},{"id":"e1"},{"id":"e2","updatedAt":100},{"id":"e3"},{"id":"e4","updatedAt":0}]|10
dirty	[{"id":"e0","updatedAt":1700000000000},{"id":"e1","updatedAt":5},{"id":"e2"},{"id":"e3","updatedAt":11}]|10
advance	[{"id":"e0","updatedAt":1700000000000},{"id":"e1","updatedAt":5},{"id":"e2"},{"id":"e3","updatedAt":11}]|10
dirty	[{"id":"e0"}]|10
advance	[{"id":"e0"}]|10
dirty	[{"id":"e0","updatedAt":10}]|0
advance	[{"id":"e0","updatedAt":10}]|0
dirty	[{"id":"e0","updatedAt":10},{"id":"e1"}]|5
advance	[{"id":"e0","updatedAt":10},{"id":"e1"}]|5
dirty	[{"id":"e0","updatedAt":100},{"id":"e1","updatedAt":5}]|100
advance	[{"id":"e0","updatedAt":100},{"id":"e1","updatedAt":5}]|100
dirty	[{"id":"e0","updatedAt":100},{"id":"e1","updatedAt":1700000000000},{"id":"e2","updatedAt":10},{"id":"e3","updatedAt":1700000000000}]|1
advance	[{"id":"e0","updatedAt":100},{"id":"e1","updatedAt":1700000000000},{"id":"e2","updatedAt":10},{"id":"e3","updatedAt":1700000000000}]|1
dirty	[{"id":"e0","updatedAt":1},{"id":"e1","updatedAt":1700000000000}]|1700000000000
advance	[{"id":"e0","updatedAt":1},{"id":"e1","updatedAt":1700000000000}]|1700000000000
dirty	[{"id":"e0","updatedAt":1},{"id":"e1","updatedAt":1700000000000}]|100
advance	[{"id":"e0","updatedAt":1},{"id":"e1","updatedAt":1700000000000}]|100
dirty	[]|1
advance	[]|1
dirty	[{"id":"e0","updatedAt":10}]|10
advance	[{"id":"e0","updatedAt":10}]|10
dirty	[]|100
advance	[]|100
dirty	[{"id":"e0","updatedAt":100},{"id":"e1"},{"id":"e2","updatedAt":-1}]|0
advance	[{"id":"e0","updatedAt":100},{"id":"e1"},{"id":"e2","updatedAt":-1}]|0
dirty	[{"id":"e0","updatedAt":10},{"id":"e1","updatedAt":5}]|10
advance	[{"id":"e0","updatedAt":10},{"id":"e1","updatedAt":5}]|10
dirty	[]|-1
advance	[]|-1
dirty	[]|-1
advance	[]|-1
dirty	[{"id":"e0","updatedAt":100},{"id":"e1","updatedAt":100},{"id":"e2","updatedAt":10}]|10
advance	[{"id":"e0","updatedAt":100},{"id":"e1","updatedAt":100},{"id":"e2","updatedAt":10}]|10
dirty	[{"id":"e0","updatedAt":0}]|100
advance	[{"id":"e0","updatedAt":0}]|100
dirty	[{"id":"e0","updatedAt":0},{"id":"e1","updatedAt":1},{"id":"e2"},{"id":"e3","updatedAt":-1},{"id":"e4","updatedAt":-1}]|5
advance	[{"id":"e0","updatedAt":0},{"id":"e1","updatedAt":1},{"id":"e2"},{"id":"e3","updatedAt":-1},{"id":"e4","updatedAt":-1}]|5
dirty	[{"id":"e0","updatedAt":1},{"id":"e1","updatedAt":100}]|1700000000000
advance	[{"id":"e0","updatedAt":1},{"id":"e1","updatedAt":100}]|1700000000000
dirty	[{"id":"e0","updatedAt":5},{"id":"e1","updatedAt":100},{"id":"e2","updatedAt":0},{"id":"e3","updatedAt":1},{"id":"e4","updatedAt":0}]|10
advance	[{"id":"e0","updatedAt":5},{"id":"e1","updatedAt":100},{"id":"e2","updatedAt":0},{"id":"e3","updatedAt":1},{"id":"e4","updatedAt":0}]|10
dirty	[{"id":"e0","updatedAt":1700000000000},{"id":"e1","updatedAt":10}]|1
advance	[{"id":"e0","updatedAt":1700000000000},{"id":"e1","updatedAt":10}]|1
dirty	[]|1
advance	[]|1
dirty	[{"id":"e0","updatedAt":0},{"id":"e1","updatedAt":1700000000000},{"id":"e2","updatedAt":1700000000000},{"id":"e3","updatedAt":1700000000000},{"id":"e4","updatedAt":5}]|5
advance	[{"id":"e0","updatedAt":0},{"id":"e1","updatedAt":1700000000000},{"id":"e2","updatedAt":1700000000000},{"id":"e3","updatedAt":1700000000000},{"id":"e4","updatedAt":5}]|5
dirty	[{"id":"e0","updatedAt":1},{"id":"e1"},{"id":"e2","updatedAt":5},{"id":"e3"},{"id":"e4","updatedAt":1}]|0
advance	[{"id":"e0","updatedAt":1},{"id":"e1"},{"id":"e2","updatedAt":5},{"id":"e3"},{"id":"e4","updatedAt":1}]|0
dirty	[{"id":"e0","updatedAt":100},{"id":"e1","updatedAt":5},{"id":"e2","updatedAt":0}]|10
advance	[{"id":"e0","updatedAt":100},{"id":"e1","updatedAt":5},{"id":"e2","updatedAt":0}]|10
dirty	[]|1700000000000
advance	[]|1700000000000
dirty	[{"id":"e0"},{"id":"e1","updatedAt":1},{"id":"e2","updatedAt":10},{"id":"e3","updatedAt":1},{"id":"e4"}]|0
advance	[{"id":"e0"},{"id":"e1","updatedAt":1},{"id":"e2","updatedAt":10},{"id":"e3","updatedAt":1},{"id":"e4"}]|0
dirty	[{"id":"e0"},{"id":"e1","updatedAt":100},{"id":"e2","updatedAt":-1},{"id":"e3","updatedAt":-1},{"id":"e4","updatedAt":0}]|100
advance	[{"id":"e0"},{"id":"e1","updatedAt":100},{"id":"e2","updatedAt":-1},{"id":"e3","updatedAt":-1},{"id":"e4","updatedAt":0}]|100
dirty	[]|1
advance	[]|1
dirty	[{"id":"e0","updatedAt":-1},{"id":"e1","updatedAt":10},{"id":"e2","updatedAt":-1},{"id":"e3","updatedAt":1},{"id":"e4","updatedAt":11}]|10
advance	[{"id":"e0","updatedAt":-1},{"id":"e1","updatedAt":10},{"id":"e2","updatedAt":-1},{"id":"e3","updatedAt":1},{"id":"e4","updatedAt":11}]|10
dirty	[{"id":"e0","updatedAt":11},{"id":"e1","updatedAt":5},{"id":"e2","updatedAt":10}]|0
advance	[{"id":"e0","updatedAt":11},{"id":"e1","updatedAt":5},{"id":"e2","updatedAt":10}]|0
dirty	[{"id":"e0","updatedAt":100}]|10
advance	[{"id":"e0","updatedAt":100}]|10
dirty	[{"id":"e0","updatedAt":-1},{"id":"e1","updatedAt":0},{"id":"e2","updatedAt":0}]|1
advance	[{"id":"e0","updatedAt":-1},{"id":"e1","updatedAt":0},{"id":"e2","updatedAt":0}]|1
dirty	[]|1700000000000
advance	[]|1700000000000
dirty	[{"id":"e0","updatedAt":0}]|100
advance	[{"id":"e0","updatedAt":0}]|100
dirty	[{"id":"e0","updatedAt":1}]|1700000000000
advance	[{"id":"e0","updatedAt":1}]|1700000000000
dirty	[{"id":"e0","updatedAt":0}]|100
advance	[{"id":"e0","updatedAt":0}]|100
dirty	[]|1
advance	[]|1
dirty	[{"id":"e0","updatedAt":1700000000000},{"id":"e1","updatedAt":11},{"id":"e2","updatedAt":11},{"id":"e3"},{"id":"e4","updatedAt":0}]|-1
advance	[{"id":"e0","updatedAt":1700000000000},{"id":"e1","updatedAt":11},{"id":"e2","updatedAt":11},{"id":"e3"},{"id":"e4","updatedAt":0}]|-1
dirty	[{"id":"e0","updatedAt":1},{"id":"e1","updatedAt":100},{"id":"e2","updatedAt":-1}]|5
advance	[{"id":"e0","updatedAt":1},{"id":"e1","updatedAt":100},{"id":"e2","updatedAt":-1}]|5
dirty	[{"id":"e0","updatedAt":11}]|100
advance	[{"id":"e0","updatedAt":11}]|100
dirty	[]|100
advance	[]|100
dirty	[]|-1
advance	[]|-1
dirty	[{"id":"e0"}]|1
advance	[{"id":"e0"}]|1
dirty	[{"id":"e0","updatedAt":10},{"id":"e1","updatedAt":-1},{"id":"e2","updatedAt":100},{"id":"e3","updatedAt":-1}]|10
advance	[{"id":"e0","updatedAt":10},{"id":"e1","updatedAt":-1},{"id":"e2","updatedAt":100},{"id":"e3","updatedAt":-1}]|10
dirty	[]|1
advance	[]|1
dirty	[{"id":"e0","updatedAt":-1},{"id":"e1","updatedAt":11}]|1
advance	[{"id":"e0","updatedAt":-1},{"id":"e1","updatedAt":11}]|1
dirty	[{"id":"e0","updatedAt":1700000000000}]|-1
advance	[{"id":"e0","updatedAt":1700000000000}]|-1
dirty	[]|0
advance	[]|0
dirty	[]|1700000000000
advance	[]|1700000000000
dirty	[{"id":"e0","updatedAt":1},{"id":"e1","updatedAt":1700000000000},{"id":"e2","updatedAt":100},{"id":"e3"}]|1700000000000
advance	[{"id":"e0","updatedAt":1},{"id":"e1","updatedAt":1700000000000},{"id":"e2","updatedAt":100},{"id":"e3"}]|1700000000000
dirty	[{"id":"e0","updatedAt":-1},{"id":"e1"},{"id":"e2","updatedAt":100}]|1
advance	[{"id":"e0","updatedAt":-1},{"id":"e1"},{"id":"e2","updatedAt":100}]|1
dirty	[{"id":"e0","updatedAt":1},{"id":"e1","updatedAt":11},{"id":"e2","updatedAt":5}]|100
advance	[{"id":"e0","updatedAt":1},{"id":"e1","updatedAt":11},{"id":"e2","updatedAt":5}]|100
dirty	[{"id":"e0","updatedAt":5},{"id":"e1","updatedAt":0},{"id":"e2","updatedAt":1},{"id":"e3","updatedAt":1700000000000}]|0
advance	[{"id":"e0","updatedAt":5},{"id":"e1","updatedAt":0},{"id":"e2","updatedAt":1},{"id":"e3","updatedAt":1700000000000}]|0
dirty	[]|1700000000000
advance	[]|1700000000000
dirty	[{"id":"e0","updatedAt":1700000000000},{"id":"e1","updatedAt":0},{"id":"e2","updatedAt":10}]|100
advance	[{"id":"e0","updatedAt":1700000000000},{"id":"e1","updatedAt":0},{"id":"e2","updatedAt":10}]|100
dirty	[]|10
advance	[]|10
dirty	[{"id":"e0","updatedAt":5},{"id":"e1","updatedAt":5}]|5
advance	[{"id":"e0","updatedAt":5},{"id":"e1","updatedAt":5}]|5
dirty	[{"id":"e0","updatedAt":100},{"id":"e1","updatedAt":11},{"id":"e2","updatedAt":1700000000000}]|10
advance	[{"id":"e0","updatedAt":100},{"id":"e1","updatedAt":11},{"id":"e2","updatedAt":1700000000000}]|10
dirty	[]|5
advance	[]|5
dirty	[{"id":"e0"}]|100
advance	[{"id":"e0"}]|100
dirty	[{"id":"e0","updatedAt":5},{"id":"e1","updatedAt":5},{"id":"e2","updatedAt":11},{"id":"e3","updatedAt":100},{"id":"e4","updatedAt":0}]|5
advance	[{"id":"e0","updatedAt":5},{"id":"e1","updatedAt":5},{"id":"e2","updatedAt":11},{"id":"e3","updatedAt":100},{"id":"e4","updatedAt":0}]|5
dirty	[{"id":"e0","updatedAt":11},{"id":"e1"},{"id":"e2","updatedAt":1},{"id":"e3","updatedAt":11},{"id":"e4"}]|0
advance	[{"id":"e0","updatedAt":11},{"id":"e1"},{"id":"e2","updatedAt":1},{"id":"e3","updatedAt":11},{"id":"e4"}]|0
dirty	[]|-1
advance	[]|-1
dirty	[{"id":"e0","updatedAt":-1}]|-1
advance	[{"id":"e0","updatedAt":-1}]|-1
dirty	[{"id":"e0"},{"id":"e1","updatedAt":1},{"id":"e2","updatedAt":0}]|0
advance	[{"id":"e0"},{"id":"e1","updatedAt":1},{"id":"e2","updatedAt":0}]|0
dirty	[{"id":"e0","updatedAt":5},{"id":"e1","updatedAt":1700000000000}]|-1
advance	[{"id":"e0","updatedAt":5},{"id":"e1","updatedAt":1700000000000}]|-1
dirty	[{"id":"e0","updatedAt":100},{"id":"e1","updatedAt":-1}]|5
advance	[{"id":"e0","updatedAt":100},{"id":"e1","updatedAt":-1}]|5
dirty	[{"id":"e0","updatedAt":-1}]|1
advance	[{"id":"e0","updatedAt":-1}]|1
dirty	[{"id":"e0","updatedAt":0},{"id":"e1","updatedAt":1700000000000},{"id":"e2","updatedAt":-1},{"id":"e3","updatedAt":10}]|10
advance	[{"id":"e0","updatedAt":0},{"id":"e1","updatedAt":1700000000000},{"id":"e2","updatedAt":-1},{"id":"e3","updatedAt":10}]|10
dirty	[{"id":"e0","updatedAt":11},{"id":"e1","updatedAt":-1},{"id":"e2"},{"id":"e3","updatedAt":1}]|100
advance	[{"id":"e0","updatedAt":11},{"id":"e1","updatedAt":-1},{"id":"e2"},{"id":"e3","updatedAt":1}]|100
dirty	[{"id":"e0","updatedAt":11},{"id":"e1","updatedAt":-1},{"id":"e2","updatedAt":11},{"id":"e3","updatedAt":100}]|1
advance	[{"id":"e0","updatedAt":11},{"id":"e1","updatedAt":-1},{"id":"e2","updatedAt":11},{"id":"e3","updatedAt":100}]|1
dirty	[{"id":"e0","updatedAt":0},{"id":"e1","updatedAt":11},{"id":"e2","updatedAt":-1},{"id":"e3","updatedAt":11}]|100
advance	[{"id":"e0","updatedAt":0},{"id":"e1","updatedAt":11},{"id":"e2","updatedAt":-1},{"id":"e3","updatedAt":11}]|100
dirty	[{"id":"e0","updatedAt":11}]|0
advance	[{"id":"e0","updatedAt":11}]|0
dirty	[{"id":"e0","updatedAt":1},{"id":"e1","updatedAt":-1},{"id":"e2","updatedAt":1700000000000},{"id":"e3","updatedAt":10}]|1
advance	[{"id":"e0","updatedAt":1},{"id":"e1","updatedAt":-1},{"id":"e2","updatedAt":1700000000000},{"id":"e3","updatedAt":10}]|1
dirty	[{"id":"e0","updatedAt":1700000000000},{"id":"e1","updatedAt":1700000000000},{"id":"e2","updatedAt":1700000000000},{"id":"e3","updatedAt":10},{"id":"e4"}]|-1
advance	[{"id":"e0","updatedAt":1700000000000},{"id":"e1","updatedAt":1700000000000},{"id":"e2","updatedAt":1700000000000},{"id":"e3","updatedAt":10},{"id":"e4"}]|-1
dirty	[{"id":"e0","updatedAt":10},{"id":"e1"},{"id":"e2","updatedAt":1},{"id":"e3","updatedAt":0},{"id":"e4","updatedAt":0}]|10
advance	[{"id":"e0","updatedAt":10},{"id":"e1"},{"id":"e2","updatedAt":1},{"id":"e3","updatedAt":0},{"id":"e4","updatedAt":0}]|10
dirty	[{"id":"e0","updatedAt":-1},{"id":"e1","updatedAt":1}]|1
advance	[{"id":"e0","updatedAt":-1},{"id":"e1","updatedAt":1}]|1
dirty	[]|10
advance	[]|10
dirty	[{"id":"e0","updatedAt":1700000000000},{"id":"e1","updatedAt":-1},{"id":"e2"}]|-1
advance	[{"id":"e0","updatedAt":1700000000000},{"id":"e1","updatedAt":-1},{"id":"e2"}]|-1
dirty	[{"id":"e0","updatedAt":10},{"id":"e1","updatedAt":0},{"id":"e2","updatedAt":100}]|100
advance	[{"id":"e0","updatedAt":10},{"id":"e1","updatedAt":0},{"id":"e2","updatedAt":100}]|100
dirty	[{"id":"e0","updatedAt":11},{"id":"e1","updatedAt":10},{"id":"e2","updatedAt":1700000000000},{"id":"e3"}]|10
advance	[{"id":"e0","updatedAt":11},{"id":"e1","updatedAt":10},{"id":"e2","updatedAt":1700000000000},{"id":"e3"}]|10
dirty	[]|-1
advance	[]|-1
dirty	[{"id":"e0","updatedAt":-1},{"id":"e1","updatedAt":10},{"id":"e2","updatedAt":5},{"id":"e3","updatedAt":5}]|10
advance	[{"id":"e0","updatedAt":-1},{"id":"e1","updatedAt":10},{"id":"e2","updatedAt":5},{"id":"e3","updatedAt":5}]|10
dirty	[{"id":"e0"},{"id":"e1","updatedAt":0},{"id":"e2","updatedAt":0},{"id":"e3","updatedAt":11}]|1
advance	[{"id":"e0"},{"id":"e1","updatedAt":0},{"id":"e2","updatedAt":0},{"id":"e3","updatedAt":11}]|1
dirty	[{"id":"e0"},{"id":"e1","updatedAt":1}]|10
advance	[{"id":"e0"},{"id":"e1","updatedAt":1}]|10
dirty	[]|-1
advance	[]|-1
dirty	[{"id":"e0"},{"id":"e1"}]|0
advance	[{"id":"e0"},{"id":"e1"}]|0
dirty	[{"id":"e0","updatedAt":-1}]|100
advance	[{"id":"e0","updatedAt":-1}]|100
dirty	[]|-1
advance	[]|-1
dirty	[{"id":"e0","updatedAt":1700000000000},{"id":"e1","updatedAt":10},{"id":"e2","updatedAt":11}]|1700000000000
advance	[{"id":"e0","updatedAt":1700000000000},{"id":"e1","updatedAt":10},{"id":"e2","updatedAt":11}]|1700000000000
dirty	[{"id":"e0","updatedAt":100},{"id":"e1","updatedAt":100},{"id":"e2","updatedAt":0},{"id":"e3"}]|10
advance	[{"id":"e0","updatedAt":100},{"id":"e1","updatedAt":100},{"id":"e2","updatedAt":0},{"id":"e3"}]|10
dirty	[{"id":"e0","updatedAt":1},{"id":"e1","updatedAt":11},{"id":"e2","updatedAt":-1},{"id":"e3","updatedAt":-1},{"id":"e4"}]|100
advance	[{"id":"e0","updatedAt":1},{"id":"e1","updatedAt":11},{"id":"e2","updatedAt":-1},{"id":"e3","updatedAt":-1},{"id":"e4"}]|100
dirty	[{"id":"e0","updatedAt":5},{"id":"e1","updatedAt":11},{"id":"e2","updatedAt":1},{"id":"e3","updatedAt":-1}]|5
advance	[{"id":"e0","updatedAt":5},{"id":"e1","updatedAt":11},{"id":"e2","updatedAt":1},{"id":"e3","updatedAt":-1}]|5
dirty	[]|10
advance	[]|10
dirty	[]|5
advance	[]|5
dirty	[]|100
advance	[]|100
dirty	[{"id":"e0","updatedAt":1700000000000},{"id":"e1","updatedAt":-1},{"id":"e2","updatedAt":100},{"id":"e3","updatedAt":5}]|100
advance	[{"id":"e0","updatedAt":1700000000000},{"id":"e1","updatedAt":-1},{"id":"e2","updatedAt":100},{"id":"e3","updatedAt":5}]|100
dirty	[{"id":"e0","updatedAt":1700000000000},{"id":"e1","updatedAt":1},{"id":"e2","updatedAt":-1}]|100
advance	[{"id":"e0","updatedAt":1700000000000},{"id":"e1","updatedAt":1},{"id":"e2","updatedAt":-1}]|100
dirty	[{"id":"e0","updatedAt":11},{"id":"e1","updatedAt":0},{"id":"e2"},{"id":"e3","updatedAt":1700000000000}]|1700000000000
advance	[{"id":"e0","updatedAt":11},{"id":"e1","updatedAt":0},{"id":"e2"},{"id":"e3","updatedAt":1700000000000}]|1700000000000
dirty	[{"id":"e0","updatedAt":10},{"id":"e1","updatedAt":11},{"id":"e2","updatedAt":1700000000000},{"id":"e3","updatedAt":0}]|-1
advance	[{"id":"e0","updatedAt":10},{"id":"e1","updatedAt":11},{"id":"e2","updatedAt":1700000000000},{"id":"e3","updatedAt":0}]|-1
dirty	[{"id":"e0","updatedAt":10}]|5
advance	[{"id":"e0","updatedAt":10}]|5
dirty	[{"id":"e0"},{"id":"e1","updatedAt":11},{"id":"e2","updatedAt":10},{"id":"e3","updatedAt":1}]|100
advance	[{"id":"e0"},{"id":"e1","updatedAt":11},{"id":"e2","updatedAt":10},{"id":"e3","updatedAt":1}]|100
dirty	[{"id":"e0","updatedAt":0}]|-1
advance	[{"id":"e0","updatedAt":0}]|-1
dirty	[{"id":"e0","updatedAt":5}]|-1
advance	[{"id":"e0","updatedAt":5}]|-1
dirty	[{"id":"e0"},{"id":"e1","updatedAt":1}]|-1
advance	[{"id":"e0"},{"id":"e1","updatedAt":1}]|-1
dirty	[{"id":"e0","updatedAt":100},{"id":"e1","updatedAt":-1},{"id":"e2","updatedAt":-1}]|100
advance	[{"id":"e0","updatedAt":100},{"id":"e1","updatedAt":-1},{"id":"e2","updatedAt":-1}]|100
dirty	[{"id":"e0","updatedAt":0}]|100
advance	[{"id":"e0","updatedAt":0}]|100
dirty	[{"id":"e0","updatedAt":1},{"id":"e1","updatedAt":10}]|0
advance	[{"id":"e0","updatedAt":1},{"id":"e1","updatedAt":10}]|0
dirty	[{"id":"e0","updatedAt":1},{"id":"e1","updatedAt":11},{"id":"e2","updatedAt":11},{"id":"e3","updatedAt":5},{"id":"e4","updatedAt":-1}]|100
advance	[{"id":"e0","updatedAt":1},{"id":"e1","updatedAt":11},{"id":"e2","updatedAt":11},{"id":"e3","updatedAt":5},{"id":"e4","updatedAt":-1}]|100
dirty	[{"id":"e0","updatedAt":1700000000000},{"id":"e1","updatedAt":-1}]|5
advance	[{"id":"e0","updatedAt":1700000000000},{"id":"e1","updatedAt":-1}]|5
dirty	[{"id":"e0","updatedAt":11},{"id":"e1","updatedAt":1700000000000}]|0
advance	[{"id":"e0","updatedAt":11},{"id":"e1","updatedAt":1700000000000}]|0
dirty	[]|1
advance	[]|1
dirty	[{"id":"e0","updatedAt":1},{"id":"e1","updatedAt":11},{"id":"e2"}]|10
advance	[{"id":"e0","updatedAt":1},{"id":"e1","updatedAt":11},{"id":"e2"}]|10
dirty	[{"id":"e0","updatedAt":10},{"id":"e1"}]|1700000000000
advance	[{"id":"e0","updatedAt":10},{"id":"e1"}]|1700000000000
dirty	[{"id":"e0","updatedAt":100},{"id":"e1","updatedAt":10},{"id":"e2","updatedAt":10},{"id":"e3","updatedAt":100},{"id":"e4","updatedAt":10}]|0
advance	[{"id":"e0","updatedAt":100},{"id":"e1","updatedAt":10},{"id":"e2","updatedAt":10},{"id":"e3","updatedAt":100},{"id":"e4","updatedAt":10}]|0
dirty	[]|1
advance	[]|1
dirty	[]|100
advance	[]|100
dirty	[{"id":"e0","updatedAt":10},{"id":"e1","updatedAt":11},{"id":"e2","updatedAt":100},{"id":"e3","updatedAt":11}]|10
advance	[{"id":"e0","updatedAt":10},{"id":"e1","updatedAt":11},{"id":"e2","updatedAt":100},{"id":"e3","updatedAt":11}]|10
dirty	[{"id":"e0","updatedAt":5},{"id":"e1","updatedAt":1700000000000},{"id":"e2","updatedAt":1700000000000},{"id":"e3","updatedAt":100},{"id":"e4","updatedAt":10}]|1
advance	[{"id":"e0","updatedAt":5},{"id":"e1","updatedAt":1700000000000},{"id":"e2","updatedAt":1700000000000},{"id":"e3","updatedAt":100},{"id":"e4","updatedAt":10}]|1
dirty	[]|1
advance	[]|1
dirty	[{"id":"e0","updatedAt":5}]|-1
advance	[{"id":"e0","updatedAt":5}]|-1
dirty	[{"id":"e0","updatedAt":100},{"id":"e1"}]|10
advance	[{"id":"e0","updatedAt":100},{"id":"e1"}]|10
dirty	[{"id":"e0","updatedAt":1700000000000}]|10
advance	[{"id":"e0","updatedAt":1700000000000}]|10
dirty	[]|0
advance	[]|0
dirty	[]|10
advance	[]|10
dirty	[{"id":"e0","updatedAt":5},{"id":"e1","updatedAt":100},{"id":"e2","updatedAt":0},{"id":"e3","updatedAt":5},{"id":"e4","updatedAt":-1}]|5
advance	[{"id":"e0","updatedAt":5},{"id":"e1","updatedAt":100},{"id":"e2","updatedAt":0},{"id":"e3","updatedAt":5},{"id":"e4","updatedAt":-1}]|5
dirty	[{"id":"e0","updatedAt":5},{"id":"e1","updatedAt":5},{"id":"e2","updatedAt":11},{"id":"e3","updatedAt":1700000000000}]|1700000000000
advance	[{"id":"e0","updatedAt":5},{"id":"e1","updatedAt":5},{"id":"e2","updatedAt":11},{"id":"e3","updatedAt":1700000000000}]|1700000000000
dirty	[{"id":"e0","updatedAt":11},{"id":"e1"},{"id":"e2","updatedAt":10}]|1700000000000
advance	[{"id":"e0","updatedAt":11},{"id":"e1"},{"id":"e2","updatedAt":10}]|1700000000000
dirty	[{"id":"e0","updatedAt":-1},{"id":"e1","updatedAt":5},{"id":"e2","updatedAt":11},{"id":"e3","updatedAt":1700000000000}]|10
advance	[{"id":"e0","updatedAt":-1},{"id":"e1","updatedAt":5},{"id":"e2","updatedAt":11},{"id":"e3","updatedAt":1700000000000}]|10
dirty	[{"id":"e0","updatedAt":100},{"id":"e1","updatedAt":1},{"id":"e2","updatedAt":0},{"id":"e3","updatedAt":1},{"id":"e4","updatedAt":0}]|0
advance	[{"id":"e0","updatedAt":100},{"id":"e1","updatedAt":1},{"id":"e2","updatedAt":0},{"id":"e3","updatedAt":1},{"id":"e4","updatedAt":0}]|0
dirty	[{"id":"e0"},{"id":"e1","updatedAt":10},{"id":"e2","updatedAt":1700000000000}]|100
advance	[{"id":"e0"},{"id":"e1","updatedAt":10},{"id":"e2","updatedAt":1700000000000}]|100
dirty	[{"id":"e0","updatedAt":100},{"id":"e1","updatedAt":-1}]|10
advance	[{"id":"e0","updatedAt":100},{"id":"e1","updatedAt":-1}]|10
dirty	[{"id":"e0","updatedAt":11}]|5
advance	[{"id":"e0","updatedAt":11}]|5
dirty	[{"id":"e0","updatedAt":0}]|5
advance	[{"id":"e0","updatedAt":0}]|5
dirty	[{"id":"e0","updatedAt":5},{"id":"e1","updatedAt":10},{"id":"e2","updatedAt":5},{"id":"e3","updatedAt":1}]|5
advance	[{"id":"e0","updatedAt":5},{"id":"e1","updatedAt":10},{"id":"e2","updatedAt":5},{"id":"e3","updatedAt":1}]|5
dirty	[{"id":"e0","updatedAt":11},{"id":"e1","updatedAt":5}]|1700000000000
advance	[{"id":"e0","updatedAt":11},{"id":"e1","updatedAt":5}]|1700000000000
dirty	[]|0
advance	[]|0
dirty	[{"id":"e0","updatedAt":1700000000000},{"id":"e1","updatedAt":5}]|0
advance	[{"id":"e0","updatedAt":1700000000000},{"id":"e1","updatedAt":5}]|0
dirty	[{"id":"e0","updatedAt":-1},{"id":"e1"},{"id":"e2","updatedAt":5},{"id":"e3","updatedAt":1},{"id":"e4","updatedAt":10}]|10
advance	[{"id":"e0","updatedAt":-1},{"id":"e1"},{"id":"e2","updatedAt":5},{"id":"e3","updatedAt":1},{"id":"e4","updatedAt":10}]|10
dirty	[{"id":"e0"},{"id":"e1","updatedAt":1},{"id":"e2","updatedAt":11},{"id":"e3","updatedAt":11}]|1700000000000
advance	[{"id":"e0"},{"id":"e1","updatedAt":1},{"id":"e2","updatedAt":11},{"id":"e3","updatedAt":11}]|1700000000000
dirty	[{"id":"e0","updatedAt":1700000000000}]|-1
advance	[{"id":"e0","updatedAt":1700000000000}]|-1
dirty	[{"id":"e0","updatedAt":5},{"id":"e1","updatedAt":5},{"id":"e2","updatedAt":10}]|-1
advance	[{"id":"e0","updatedAt":5},{"id":"e1","updatedAt":5},{"id":"e2","updatedAt":10}]|-1
dirty	[{"id":"e0","updatedAt":1700000000000},{"id":"e1","updatedAt":5}]|10
advance	[{"id":"e0","updatedAt":1700000000000},{"id":"e1","updatedAt":5}]|10
dirty	[{"id":"e0","updatedAt":-1},{"id":"e1","updatedAt":1700000000000},{"id":"e2"},{"id":"e3"}]|5
advance	[{"id":"e0","updatedAt":-1},{"id":"e1","updatedAt":1700000000000},{"id":"e2"},{"id":"e3"}]|5
dirty	[{"id":"e0","updatedAt":11}]|5
advance	[{"id":"e0","updatedAt":11}]|5
dirty	[{"id":"e0","updatedAt":11},{"id":"e1","updatedAt":5},{"id":"e2","updatedAt":10}]|100
advance	[{"id":"e0","updatedAt":11},{"id":"e1","updatedAt":5},{"id":"e2","updatedAt":10}]|100
dirty	[]|1700000000000
advance	[]|1700000000000
dirty	[{"id":"e0","updatedAt":11},{"id":"e1","updatedAt":11},{"id":"e2","updatedAt":0}]|5
advance	[{"id":"e0","updatedAt":11},{"id":"e1","updatedAt":11},{"id":"e2","updatedAt":0}]|5
dirty	[{"id":"e0","updatedAt":0},{"id":"e1","updatedAt":5},{"id":"e2","updatedAt":100},{"id":"e3","updatedAt":-1},{"id":"e4","updatedAt":-1}]|100
advance	[{"id":"e0","updatedAt":0},{"id":"e1","updatedAt":5},{"id":"e2","updatedAt":100},{"id":"e3","updatedAt":-1},{"id":"e4","updatedAt":-1}]|100
dirty	[{"id":"e0","updatedAt":0},{"id":"e1","updatedAt":5}]|1700000000000
advance	[{"id":"e0","updatedAt":0},{"id":"e1","updatedAt":5}]|1700000000000
dirty	[]|-1
advance	[]|-1
dirty	[{"id":"e0","updatedAt":1700000000000},{"id":"e1","updatedAt":0},{"id":"e2","updatedAt":10},{"id":"e3","updatedAt":0},{"id":"e4","updatedAt":1}]|100
advance	[{"id":"e0","updatedAt":1700000000000},{"id":"e1","updatedAt":0},{"id":"e2","updatedAt":10},{"id":"e3","updatedAt":0},{"id":"e4","updatedAt":1}]|100
dirty	[{"id":"e0","updatedAt":10},{"id":"e1","updatedAt":1700000000000},{"id":"e2","updatedAt":10},{"id":"e3"},{"id":"e4","updatedAt":5}]|1700000000000
advance	[{"id":"e0","updatedAt":10},{"id":"e1","updatedAt":1700000000000},{"id":"e2","updatedAt":10},{"id":"e3"},{"id":"e4","updatedAt":5}]|1700000000000
dirty	[{"id":"e0","updatedAt":1700000000000},{"id":"e1","updatedAt":11},{"id":"e2","updatedAt":11},{"id":"e3","updatedAt":11}]|1700000000000
advance	[{"id":"e0","updatedAt":1700000000000},{"id":"e1","updatedAt":11},{"id":"e2","updatedAt":11},{"id":"e3","updatedAt":11}]|1700000000000
dirty	[{"id":"e0"},{"id":"e1","updatedAt":11},{"id":"e2","updatedAt":5},{"id":"e3","updatedAt":5}]|10
advance	[{"id":"e0"},{"id":"e1","updatedAt":11},{"id":"e2","updatedAt":5},{"id":"e3","updatedAt":5}]|10
dirty	[{"id":"e0","updatedAt":11}]|1700000000000
advance	[{"id":"e0","updatedAt":11}]|1700000000000
dirty	[{"id":"e0","updatedAt":-1}]|-1
advance	[{"id":"e0","updatedAt":-1}]|-1
dirty	[{"id":"e0","updatedAt":-1},{"id":"e1","updatedAt":1700000000000},{"id":"e2"}]|100
advance	[{"id":"e0","updatedAt":-1},{"id":"e1","updatedAt":1700000000000},{"id":"e2"}]|100
dirty	[{"id":"e0","updatedAt":-1},{"id":"e1","updatedAt":1},{"id":"e2","updatedAt":100},{"id":"e3","updatedAt":10},{"id":"e4","updatedAt":10}]|-1
advance	[{"id":"e0","updatedAt":-1},{"id":"e1","updatedAt":1},{"id":"e2","updatedAt":100},{"id":"e3","updatedAt":10},{"id":"e4","updatedAt":10}]|-1
dirty	[]|5
advance	[]|5
dirty	[{"id":"e0","updatedAt":5},{"id":"e1"},{"id":"e2","updatedAt":-1}]|0
advance	[{"id":"e0","updatedAt":5},{"id":"e1"},{"id":"e2","updatedAt":-1}]|0
dirty	[{"id":"e0","updatedAt":1700000000000},{"id":"e1","updatedAt":1700000000000}]|5
advance	[{"id":"e0","updatedAt":1700000000000},{"id":"e1","updatedAt":1700000000000}]|5
dirty	[{"id":"e0","updatedAt":5},{"id":"e1","updatedAt":5}]|-1
advance	[{"id":"e0","updatedAt":5},{"id":"e1","updatedAt":5}]|-1
dirty	[{"id":"e0","updatedAt":-1}]|-1
advance	[{"id":"e0","updatedAt":-1}]|-1
dirty	[{"id":"e0","updatedAt":1},{"id":"e1","updatedAt":11},{"id":"e2"}]|10
advance	[{"id":"e0","updatedAt":1},{"id":"e1","updatedAt":11},{"id":"e2"}]|10
dirty	[{"id":"e0","updatedAt":5},{"id":"e1","updatedAt":100},{"id":"e2","updatedAt":0},{"id":"e3"}]|10
advance	[{"id":"e0","updatedAt":5},{"id":"e1","updatedAt":100},{"id":"e2","updatedAt":0},{"id":"e3"}]|10
dirty	[]|10
advance	[]|10
dirty	[{"id":"e0","updatedAt":-1},{"id":"e1","updatedAt":11},{"id":"e2","updatedAt":0}]|0
advance	[{"id":"e0","updatedAt":-1},{"id":"e1","updatedAt":11},{"id":"e2","updatedAt":0}]|0
dirty	[{"id":"e0","updatedAt":0},{"id":"e1"},{"id":"e2","updatedAt":11},{"id":"e3","updatedAt":10}]|10
advance	[{"id":"e0","updatedAt":0},{"id":"e1"},{"id":"e2","updatedAt":11},{"id":"e3","updatedAt":10}]|10
dirty	[{"id":"e0","updatedAt":1}]|5
advance	[{"id":"e0","updatedAt":1}]|5
dirty	[]|-1
advance	[]|-1
dirty	[]|1700000000000
advance	[]|1700000000000
dirty	[{"id":"e0","updatedAt":100},{"id":"e1","updatedAt":11},{"id":"e2","updatedAt":0},{"id":"e3","updatedAt":1700000000000},{"id":"e4","updatedAt":11}]|5
advance	[{"id":"e0","updatedAt":100},{"id":"e1","updatedAt":11},{"id":"e2","updatedAt":0},{"id":"e3","updatedAt":1700000000000},{"id":"e4","updatedAt":11}]|5
dirty	[]|-1
advance	[]|-1
dirty	[]|1
advance	[]|1
dirty	[{"id":"e0","updatedAt":-1},{"id":"e1","updatedAt":1700000000000},{"id":"e2","updatedAt":-1},{"id":"e3"},{"id":"e4","updatedAt":1}]|100
advance	[{"id":"e0","updatedAt":-1},{"id":"e1","updatedAt":1700000000000},{"id":"e2","updatedAt":-1},{"id":"e3"},{"id":"e4","updatedAt":1}]|100
dirty	[{"id":"e0","updatedAt":1700000000000}]|1
advance	[{"id":"e0","updatedAt":1700000000000}]|1
dirty	[{"id":"e0","updatedAt":-1},{"id":"e1","updatedAt":100}]|100
advance	[{"id":"e0","updatedAt":-1},{"id":"e1","updatedAt":100}]|100
dirty	[{"id":"e0","updatedAt":10},{"id":"e1","updatedAt":5},{"id":"e2","updatedAt":11},{"id":"e3","updatedAt":5},{"id":"e4","updatedAt":5}]|1
advance	[{"id":"e0","updatedAt":10},{"id":"e1","updatedAt":5},{"id":"e2","updatedAt":11},{"id":"e3","updatedAt":5},{"id":"e4","updatedAt":5}]|1
dirty	[{"id":"e0","updatedAt":100},{"id":"e1","updatedAt":0}]|100
advance	[{"id":"e0","updatedAt":100},{"id":"e1","updatedAt":0}]|100
dirty	[{"id":"e0","updatedAt":5},{"id":"e1","updatedAt":100}]|100
advance	[{"id":"e0","updatedAt":5},{"id":"e1","updatedAt":100}]|100
dirty	[{"id":"e0"},{"id":"e1","updatedAt":1},{"id":"e2","updatedAt":5},{"id":"e3","updatedAt":100},{"id":"e4"}]|0
advance	[{"id":"e0"},{"id":"e1","updatedAt":1},{"id":"e2","updatedAt":5},{"id":"e3","updatedAt":100},{"id":"e4"}]|0
dirty	[{"id":"e0","updatedAt":11},{"id":"e1","updatedAt":10},{"id":"e2","updatedAt":100}]|100
advance	[{"id":"e0","updatedAt":11},{"id":"e1","updatedAt":10},{"id":"e2","updatedAt":100}]|100
dirty	[]|1
advance	[]|1
dirty	[{"id":"e0","updatedAt":11},{"id":"e1","updatedAt":100}]|0
advance	[{"id":"e0","updatedAt":11},{"id":"e1","updatedAt":100}]|0
dirty	[{"id":"e0","updatedAt":100},{"id":"e1","updatedAt":-1},{"id":"e2","updatedAt":1},{"id":"e3","updatedAt":10}]|1700000000000
advance	[{"id":"e0","updatedAt":100},{"id":"e1","updatedAt":-1},{"id":"e2","updatedAt":1},{"id":"e3","updatedAt":10}]|1700000000000
dirty	[]|1700000000000
advance	[]|1700000000000
dirty	[]|5
advance	[]|5
dirty	[{"id":"e0"},{"id":"e1"}]|0
advance	[{"id":"e0"},{"id":"e1"}]|0
dirty	[]|0
advance	[]|0
dirty	[{"id":"e0","updatedAt":1},{"id":"e1","updatedAt":1},{"id":"e2","updatedAt":1},{"id":"e3","updatedAt":1700000000000},{"id":"e4","updatedAt":1}]|1
advance	[{"id":"e0","updatedAt":1},{"id":"e1","updatedAt":1},{"id":"e2","updatedAt":1},{"id":"e3","updatedAt":1700000000000},{"id":"e4","updatedAt":1}]|1
dirty	[{"id":"e0","updatedAt":10},{"id":"e1","updatedAt":0},{"id":"e2","updatedAt":5}]|10
advance	[{"id":"e0","updatedAt":10},{"id":"e1","updatedAt":0},{"id":"e2","updatedAt":5}]|10
dirty	[{"id":"e0","updatedAt":11},{"id":"e1","updatedAt":10}]|1700000000000
advance	[{"id":"e0","updatedAt":11},{"id":"e1","updatedAt":10}]|1700000000000
dirty	[{"id":"e0","updatedAt":1},{"id":"e1","updatedAt":0},{"id":"e2","updatedAt":-1},{"id":"e3","updatedAt":0}]|5
advance	[{"id":"e0","updatedAt":1},{"id":"e1","updatedAt":0},{"id":"e2","updatedAt":-1},{"id":"e3","updatedAt":0}]|5
dirty	[{"id":"e0","updatedAt":10},{"id":"e1","updatedAt":11},{"id":"e2","updatedAt":5}]|-1
advance	[{"id":"e0","updatedAt":10},{"id":"e1","updatedAt":11},{"id":"e2","updatedAt":5}]|-1
dirty	[{"id":"e0","updatedAt":1},{"id":"e1","updatedAt":5},{"id":"e2"}]|100
advance	[{"id":"e0","updatedAt":1},{"id":"e1","updatedAt":5},{"id":"e2"}]|100
dirty	[{"id":"e0","updatedAt":0},{"id":"e1","updatedAt":1}]|10
advance	[{"id":"e0","updatedAt":0},{"id":"e1","updatedAt":1}]|10
dirty	[{"id":"e0","updatedAt":1700000000000},{"id":"e1","updatedAt":11},{"id":"e2","updatedAt":5},{"id":"e3"},{"id":"e4"}]|-1
advance	[{"id":"e0","updatedAt":1700000000000},{"id":"e1","updatedAt":11},{"id":"e2","updatedAt":5},{"id":"e3"},{"id":"e4"}]|-1
dirty	[{"id":"e0","updatedAt":11},{"id":"e1","updatedAt":1},{"id":"e2","updatedAt":100}]|100
advance	[{"id":"e0","updatedAt":11},{"id":"e1","updatedAt":1},{"id":"e2","updatedAt":100}]|100
dirty	[{"id":"e0","updatedAt":1700000000000},{"id":"e1"},{"id":"e2","updatedAt":5},{"id":"e3","updatedAt":11},{"id":"e4","updatedAt":5}]|1700000000000
advance	[{"id":"e0","updatedAt":1700000000000},{"id":"e1"},{"id":"e2","updatedAt":5},{"id":"e3","updatedAt":11},{"id":"e4","updatedAt":5}]|1700000000000
dirty	[{"id":"e0","updatedAt":0},{"id":"e1","updatedAt":11},{"id":"e2","updatedAt":1700000000000},{"id":"e3","updatedAt":100},{"id":"e4","updatedAt":0}]|100
advance	[{"id":"e0","updatedAt":0},{"id":"e1","updatedAt":11},{"id":"e2","updatedAt":1700000000000},{"id":"e3","updatedAt":100},{"id":"e4","updatedAt":0}]|100
dirty	[{"id":"e0","updatedAt":0},{"id":"e1","updatedAt":1700000000000},{"id":"e2","updatedAt":-1}]|-1
advance	[{"id":"e0","updatedAt":0},{"id":"e1","updatedAt":1700000000000},{"id":"e2","updatedAt":-1}]|-1
dirty	[{"id":"e0","updatedAt":11},{"id":"e1","updatedAt":1700000000000}]|1
advance	[{"id":"e0","updatedAt":11},{"id":"e1","updatedAt":1700000000000}]|1
dirty	[{"id":"e0","updatedAt":0},{"id":"e1","updatedAt":5},{"id":"e2","updatedAt":0},{"id":"e3","updatedAt":11},{"id":"e4","updatedAt":0}]|-1
advance	[{"id":"e0","updatedAt":0},{"id":"e1","updatedAt":5},{"id":"e2","updatedAt":0},{"id":"e3","updatedAt":11},{"id":"e4","updatedAt":0}]|-1
dirty	[{"id":"e0","updatedAt":0},{"id":"e1","updatedAt":0},{"id":"e2","updatedAt":100}]|5
advance	[{"id":"e0","updatedAt":0},{"id":"e1","updatedAt":0},{"id":"e2","updatedAt":100}]|5
dirty	[{"id":"e0","updatedAt":1},{"id":"e1","updatedAt":1700000000000},{"id":"e2"}]|1700000000000
advance	[{"id":"e0","updatedAt":1},{"id":"e1","updatedAt":1700000000000},{"id":"e2"}]|1700000000000
dirty	[{"id":"e0","updatedAt":100}]|1700000000000
advance	[{"id":"e0","updatedAt":100}]|1700000000000
dirty	[{"id":"e0"},{"id":"e1","updatedAt":1},{"id":"e2","updatedAt":1700000000000},{"id":"e3","updatedAt":0}]|10
advance	[{"id":"e0"},{"id":"e1","updatedAt":1},{"id":"e2","updatedAt":1700000000000},{"id":"e3","updatedAt":0}]|10
dirty	[]|10
advance	[]|10
dirty	[{"id":"e0","updatedAt":1700000000000},{"id":"e1","updatedAt":1700000000000},{"id":"e2","updatedAt":1700000000000},{"id":"e3","updatedAt":10},{"id":"e4","updatedAt":100}]|1
advance	[{"id":"e0","updatedAt":1700000000000},{"id":"e1","updatedAt":1700000000000},{"id":"e2","updatedAt":1700000000000},{"id":"e3","updatedAt":10},{"id":"e4","updatedAt":100}]|1
dirty	[{"id":"e0","updatedAt":1700000000000},{"id":"e1","updatedAt":-1},{"id":"e2","updatedAt":-1}]|5
advance	[{"id":"e0","updatedAt":1700000000000},{"id":"e1","updatedAt":-1},{"id":"e2","updatedAt":-1}]|5
dirty	[{"id":"e0","updatedAt":100}]|10
advance	[{"id":"e0","updatedAt":100}]|10
dirty	[{"id":"e0","updatedAt":10},{"id":"e1","updatedAt":0},{"id":"e2","updatedAt":1},{"id":"e3"}]|1700000000000
advance	[{"id":"e0","updatedAt":10},{"id":"e1","updatedAt":0},{"id":"e2","updatedAt":1},{"id":"e3"}]|1700000000000
dirty	[{"id":"e0","updatedAt":5},{"id":"e1","updatedAt":5},{"id":"e2","updatedAt":1},{"id":"e3"},{"id":"e4"}]|-1
advance	[{"id":"e0","updatedAt":5},{"id":"e1","updatedAt":5},{"id":"e2","updatedAt":1},{"id":"e3"},{"id":"e4"}]|-1
dirty	[]|1
advance	[]|1
dirty	[]|-1
advance	[]|-1
dirty	[{"id":"e0","updatedAt":11},{"id":"e1","updatedAt":1},{"id":"e2","updatedAt":1},{"id":"e3","updatedAt":-1}]|1
advance	[{"id":"e0","updatedAt":11},{"id":"e1","updatedAt":1},{"id":"e2","updatedAt":1},{"id":"e3","updatedAt":-1}]|1
dirty	[{"id":"e0","updatedAt":10}]|100
advance	[{"id":"e0","updatedAt":10}]|100
dirty	[{"id":"e0","updatedAt":-1}]|0
advance	[{"id":"e0","updatedAt":-1}]|0
dirty	[{"id":"e0","updatedAt":1},{"id":"e1"}]|0
advance	[{"id":"e0","updatedAt":1},{"id":"e1"}]|0
dirty	[{"id":"e0"},{"id":"e1","updatedAt":11},{"id":"e2","updatedAt":-1}]|100
advance	[{"id":"e0"},{"id":"e1","updatedAt":11},{"id":"e2","updatedAt":-1}]|100
dirty	[{"id":"e0","updatedAt":1700000000000}]|1
advance	[{"id":"e0","updatedAt":1700000000000}]|1
dirty	[{"id":"e0","updatedAt":-1},{"id":"e1","updatedAt":1700000000000}]|-1
advance	[{"id":"e0","updatedAt":-1},{"id":"e1","updatedAt":1700000000000}]|-1
dirty	[{"id":"e0","updatedAt":0},{"id":"e1","updatedAt":100},{"id":"e2","updatedAt":11},{"id":"e3","updatedAt":10}]|1
advance	[{"id":"e0","updatedAt":0},{"id":"e1","updatedAt":100},{"id":"e2","updatedAt":11},{"id":"e3","updatedAt":10}]|1
dirty	[{"id":"e0","updatedAt":-1}]|5
advance	[{"id":"e0","updatedAt":-1}]|5
dirty	[{"id":"a","updatedAt":10}]|10
dirty	[{"id":"a","updatedAt":11}]|10
advance	[{"id":"a","updatedAt":10}]|10
advance	[]|77
dirty	[{"id":"a"}]|0
advance	[{"id":"a"}]|0
dirty	[{"id":"a","updatedAt":-1}]|0
bump	5,1700000000000,100,-1
bump	5,1,10
bump	1700000000000
bump	100,5,1
bump	100,1700000000000
bump	10,5,-1,-1
bump	0,10,100,1,1
bump	0,100,5,1
bump	1,100,1700000000000,10
bump	-1,10
bump	1700000000000,0
bump	5,5,0,0,0
bump	10,0,5,10,1
bump	100,0,-1
bump	0,10
bump	-1,0,100,1,10
bump	0,5,100,-1,0
bump	100,-1,1700000000000
bump	-1
bump	100,0,0,-1
bump	10,-1,0,100
bump	-1,1,-1,1700000000000,5
bump	10,1700000000000,5,100
bump	1700000000000,1700000000000,5
bump	10,100,-1
bump	100,1700000000000
bump	-1
bump	10,100,5,1
bump	1,100,1
bump	100,100,-1,0,10
bump	1,1,-1
bump	1,-1,5,1700000000000,5
bump	1700000000000,1700000000000,1700000000000,5,10
bump	10
bump	1,0
bump	-1
bump	10,-1,10,10
bump	100,5,5,-1,5
bump	1700000000000,-1,10
bump	0
bump	0,1700000000000,1
bump	-1,1,1700000000000,100
bump	100,10,1700000000000,5,1700000000000
bump	5,10,1,100
bump	-1,-1,10,10
bump	0,-1
bump	1700000000000,1700000000000,10
bump	100
bump	5
bump	1700000000000,10
bump	100,5,100
bump	100,1700000000000,0,-1
bump	100,1,1
bump	1
bump	5,-1,1700000000000
bump	1,10,0
bump	-1
bump	100
bump	1700000000000
bump	100
bump	1700000000000,5
bump	100,1700000000000,5,100
bump	10,1700000000000,10,100
bump	100,1700000000000,5
bump	10
bump	1,5
bump	10,-1
bump	1,5,100,10,100
bump	1,1,10,5,1
bump	5,100,0,100
bump	0,-1,1700000000000,10,10
bump	10,1700000000000,-1,100
bump	-1,1700000000000,0,1700000000000,100
bump	10,-1,100,5,1700000000000
bump	-1,5
bump	-1,100,5
bump	1700000000000,100,0,0
bump	-1,-1,1700000000000,5,10
bump	10,5,100,5,1700000000000
bump	1,1,1700000000000
bump	10,1,100,1
bump	10
bump	10,100,5
bump	5
bump	1,1
bump	100,5,5,5,0
bump	-1,1700000000000,100,0,0
bump	1,0,0,1700000000000
bump	0,0,5
bump	1700000000000,1
bump	10,0,1
bump	1
bump	5,100,0
bump	10,10,-1,100,10
bump	10,5,100,10
bump	100,5
bump	-1,10,1,5,1700000000000
bump	-1,1700000000000
bump	5
bump	-1
bump	1,10,100
bump	-1,0,1,-1,1
bump	1,10
bump	-1,-1,1700000000000,5,5
bump	1,0,10,0,100
bump	0,5
bump	100,1
bump	-1,1,100
bump	1700000000000,100,5,10
bump	1700000000000,100
bump	5
bump	1
bump	100,1
bump	1,1700000000000,5
bump	-1,10,-1
bump	100,5,100,-1,0
bump	-1,100,1
bump	100,0,-1,5
bump	1700000000000,10
bump	1700000000000,0,-1
bump	100,100,1,10
bump	-1,10,10,-1,10
bump	5,0,1700000000000
bump	5,1700000000000,10,100,5
bump	100,-1,1,1,-1
bump	0
bump	5,5,1700000000000
bump	5,1
bump	10,0,5,10,5
bump	1
bump	10,0,5
bump	-1,1700000000000
bump	1700000000000
bump	-1
bump	1700000000000,-1,0
bump	5,5,0
bump	5,100,1
bump	10,10,0,5
bump	0,100,1
bump	10,5
bump	5,1,10,1700000000000
bump	100
bump	0,1700000000000
bump	5,10,10,10,5
bump	0,5,10,5,5
bump	5,5,0,1700000000000
bump	-1,-1
bump	10
bump	100,5,1,-1,1
bump	1700000000000,-1,-1,5
bump	5,5,-1,1700000000000
bump	1700000000000,10,-1
bump	5,100,10
bump	100,5
bump	1,0,1700000000000,100,10
bump	1700000000000
bump	5,10,100,-1
bump	5
bump	5,10,0,1
bump	1700000000000,-1,10,100
bump	10,0,10,1700000000000
bump	1,1700000000000,10,1
bump	100,10,5
bump	10,1700000000000,0
bump	100
bump	100
bump	-1,0,10,5,0
bump	0,100,1,1
bump	100,5,100,1
bump	5,5,-1,100,5
bump	-1,1700000000000,1,0,5
bump	10,1700000000000,10
bump	10,5,1
bump	1700000000000,10,-1,0
bump	5,5,0,1,1700000000000
bump	1,-1
bump	0,1,-1,1
bump	0,10
bump	1700000000000,0,1700000000000,5
bump	1
bump	5,-1,5,5
bump	5
bump	-1,1700000000000,5
bump	100
bump	100,5,-1
bump	5,-1,10
bump	10,-1
bump	10,1700000000000,10,1700000000000
bump	-1
bump	100,-1,10,0,-1
bump	5,1700000000000,10,1700000000000,1
bump	1,-1
bump	100,10,0,10,100
bump	0
bump	1700000000000,1,10,0
bump	0,-1
bump	-1,100,-1,-1
bump	5,100,1
bump	1700000000000,0
bump	100,-1
bump	10,5
bump	5,10
bump	0
bump	-1
bump	10,10
delay	1|0|10
delay	1|1|10
delay	1|5000|10
delay	1|60000|10
delay	1|1000000|10
delay	2000|0|10
delay	2000|1|10
delay	2000|5000|10
delay	2000|60000|10
delay	2000|1000000|10
delay	60000|0|10
delay	60000|1|10
delay	60000|5000|10
delay	60000|60000|10
delay	60000|1000000|10
delay	0|0|10
delay	0|1|10
delay	0|5000|10
delay	0|60000|10
delay	0|1000000|10
delay	2000|60000|12
delay	1|2|1
delay	1|2|2
delay	1|2|6
delay	1|2|15
delay	1|7|1
delay	1|7|2
delay	1|7|6
delay	1|7|15
delay	1|4000|1
delay	1|4000|2
delay	1|4000|6
delay	1|4000|15
delay	1|60000|1
delay	1|60000|2
delay	1|60000|6
delay	1|60000|15
delay	3|2|1
delay	3|2|2
delay	3|2|6
delay	3|2|15
delay	3|7|1
delay	3|7|2
delay	3|7|6
delay	3|7|15
delay	3|4000|1
delay	3|4000|2
delay	3|4000|6
delay	3|4000|15
delay	3|60000|1
delay	3|60000|2
delay	3|60000|6
delay	3|60000|15
delay	999|2|1
delay	999|2|2
delay	999|2|6
delay	999|2|15
delay	999|7|1
delay	999|7|2
delay	999|7|6
delay	999|7|15
delay	999|4000|1
delay	999|4000|2
delay	999|4000|6
delay	999|4000|15
delay	999|60000|1
delay	999|60000|2
delay	999|60000|6
delay	999|60000|15
delay	2000|2|1
delay	2000|2|2
delay	2000|2|6
delay	2000|2|15
delay	2000|7|1
delay	2000|7|2
delay	2000|7|6
delay	2000|7|15
delay	2000|4000|1
delay	2000|4000|2
delay	2000|4000|6
delay	2000|4000|15
delay	2000|60000|1
delay	2000|60000|2
delay	2000|60000|6
delay	2000|60000|15
delay	30000|2|1
delay	30000|2|2
delay	30000|2|6
delay	30000|2|15
delay	30000|7|1
delay	30000|7|2
delay	30000|7|6
delay	30000|7|15
delay	30000|4000|1
delay	30000|4000|2
delay	30000|4000|6
delay	30000|4000|15
delay	30000|60000|1
delay	30000|60000|2
delay	30000|60000|6
delay	30000|60000|15
adopt	{"assets":100,"loans":100,"subs":5,"templates":5,"tags":1,"currencies":1700000000000}|{"settings":5,"customCats":5,"accounts":1700000000000,"currencies":5,"subcats":100}|{"lang":"","customCats":"x","loans":"x","subs":"","templates":[],"tags":["a"],"curLedger":0,"currencies":{},"subcats":{"a":1}}
newer	{"assets":100,"loans":100,"subs":5,"templates":5,"tags":1,"currencies":1700000000000}|{"settings":5,"customCats":5,"accounts":1700000000000,"currencies":5,"subcats":100}
adopt	{"customCats":1700000000000,"assets":1,"templates":5,"curLedger":5,"curAccount":1}|{"lang":5,"settings":5,"customCats":5,"accounts":1700000000000,"currencies":2,"curAccount":0}|{"lang":{},"settings":{"a":1},"customCats":0,"assets":null,"loans":false,"templates":["a"],"tags":[],"currencies":"","subcats":null,"curAccount":{"a":1}}
newer	{"customCats":1700000000000,"assets":1,"templates":5,"curLedger":5,"curAccount":1}|{"lang":5,"settings":5,"customCats":5,"accounts":1700000000000,"currencies":2,"curAccount":0}
adopt	{"templates":2,"tags":2,"currencies":2}|{"lang":1700000000000,"settings":5,"customCats":1700000000000,"accounts":5,"assets":1,"loans":1,"currencies":1,"subcats":1700000000000}|{"lang":["a"],"settings":0,"customCats":"x","accounts":[],"loans":false,"subs":[],"templates":["a"],"curLedger":"","currencies":"x","curAccount":""}
newer	{"templates":2,"tags":2,"currencies":2}|{"lang":1700000000000,"settings":5,"customCats":1700000000000,"accounts":5,"assets":1,"loans":1,"currencies":1,"subcats":1700000000000}
adopt	{"customCats":1,"accounts":5,"assets":0,"subs":5,"templates":2,"curLedger":5,"currencies":100,"subcats":2,"curAccount":0}|{"lang":5,"accounts":2,"loans":0,"curLedger":100,"curAccount":2}|{"lang":[],"settings":0,"customCats":["a"],"accounts":false,"subs":"x","curLedger":null,"subcats":{"a":1}}
newer	{"customCats":1,"accounts":5,"assets":0,"subs":5,"templates":2,"curLedger":5,"currencies":100,"subcats":2,"curAccount":0}|{"lang":5,"accounts":2,"loans":0,"curLedger":100,"curAccount":2}
adopt	{"lang":5,"settings":2,"accounts":2,"templates":5,"tags":5,"currencies":2,"curAccount":1700000000000}|{"lang":100,"templates":5,"tags":100,"curLedger":5,"curAccount":5}|{"lang":[],"customCats":false,"accounts":null,"assets":false,"loans":"x","templates":[],"tags":{"a":1},"currencies":"","subcats":{}}
newer	{"lang":5,"settings":2,"accounts":2,"templates":5,"tags":5,"currencies":2,"curAccount":1700000000000}|{"lang":100,"templates":5,"tags":100,"curLedger":5,"curAccount":5}
adopt	{"lang":1,"customCats":2,"accounts":1700000000000,"assets":0,"subs":5,"tags":1,"curLedger":2,"currencies":100}|{"lang":1700000000000,"accounts":5,"curLedger":0,"curAccount":2}|{"settings":{"a":1},"customCats":false,"accounts":"x","assets":{},"loans":[],"subs":{"a":1},"tags":[],"curLedger":"","subcats":""}
newer	{"lang":1,"customCats":2,"accounts":1700000000000,"assets":0,"subs":5,"tags":1,"curLedger":2,"currencies":100}|{"lang":1700000000000,"accounts":5,"curLedger":0,"curAccount":2}
adopt	{"lang":100,"settings":2,"customCats":2,"assets":100}|{"lang":100,"accounts":1700000000000,"tags":1,"curLedger":1700000000000,"subcats":5}|{"settings":null,"customCats":null,"assets":0,"loans":0,"subs":{"a":1},"templates":{},"tags":"","curLedger":null,"currencies":"x","curAccount":"x"}
newer	{"lang":100,"settings":2,"customCats":2,"assets":100}|{"lang":100,"accounts":1700000000000,"tags":1,"curLedger":1700000000000,"subcats":5}
adopt	{"accounts":1700000000000,"loans":5,"curLedger":0,"currencies":5,"subcats":5}|{"accounts":2,"assets":1,"subs":2,"templates":2,"tags":5,"curLedger":100,"currencies":2,"subcats":0}|{"lang":null,"settings":{"a":1},"customCats":"","assets":null,"subs":["a"],"templates":{"a":1},"curLedger":0,"currencies":null}
newer	{"accounts":1700000000000,"loans":5,"curLedger":0,"currencies":5,"subcats":5}|{"accounts":2,"assets":1,"subs":2,"templates":2,"tags":5,"curLedger":100,"currencies":2,"subcats":0}
adopt	{"lang":1,"tags":1700000000000,"curLedger":2,"currencies":1700000000000,"curAccount":1}|{"lang":2,"assets":100,"loans":0,"subs":1,"curLedger":1700000000000,"subcats":1700000000000}|{"lang":"","settings":false,"customCats":"","accounts":["a"],"loans":false,"subs":{},"templates":["a"],"tags":"","curLedger":[],"currencies":null,"subcats":""}
newer	{"lang":1,"tags":1700000000000,"curLedger":2,"currencies":1700000000000,"curAccount":1}|{"lang":2,"assets":100,"loans":0,"subs":1,"curLedger":1700000000000,"subcats":1700000000000}
adopt	{"settings":1,"loans":2,"templates":5,"tags":2,"curLedger":1,"subcats":1,"curAccount":0}|none|{"customCats":"","accounts":{},"assets":{"a":1},"loans":0,"tags":["a"],"curLedger":{},"currencies":[]}
newer	{"settings":1,"loans":2,"templates":5,"tags":2,"curLedger":1,"subcats":1,"curAccount":0}|none
adopt	{"settings":5,"customCats":1700000000000,"accounts":5,"assets":2,"subs":100,"templates":1700000000000,"curLedger":1700000000000}|{"settings":100,"customCats":0,"accounts":2,"assets":1700000000000,"loans":0,"subs":0,"templates":2,"tags":1,"curLedger":0,"currencies":1,"subcats":2}|{"lang":null,"settings":"x","accounts":"x","assets":{"a":1},"loans":null,"subs":{"a":1},"templates":null,"tags":"","curLedger":false,"currencies":[],"curAccount":[]}
newer	{"settings":5,"customCats":1700000000000,"accounts":5,"assets":2,"subs":100,"templates":1700000000000,"curLedger":1700000000000}|{"settings":100,"customCats":0,"accounts":2,"assets":1700000000000,"loans":0,"subs":0,"templates":2,"tags":1,"curLedger":0,"currencies":1,"subcats":2}
adopt	{"lang":1,"settings":100,"accounts":100,"loans":2,"templates":1700000000000,"subcats":5}|{"settings":0,"accounts":2,"subs":5,"templates":100,"tags":1,"currencies":5,"subcats":0}|{"lang":false,"accounts":{},"assets":["a"],"loans":"","subs":{},"templates":"","curLedger":{},"currencies":{},"subcats":"x","curAccount":null}
newer	{"lang":1,"settings":100,"accounts":100,"loans":2,"templates":1700000000000,"subcats":5}|{"settings":0,"accounts":2,"subs":5,"templates":100,"tags":1,"currencies":5,"subcats":0}
adopt	{"lang":100,"customCats":1700000000000,"loans":100,"templates":5,"tags":5,"currencies":1700000000000,"subcats":1}|none|{"accounts":["a"],"assets":false,"loans":[],"subs":0,"templates":{"a":1},"tags":false,"currencies":["a"],"subcats":"","curAccount":false}
newer	{"lang":100,"customCats":1700000000000,"loans":100,"templates":5,"tags":5,"currencies":1700000000000,"subcats":1}|none
adopt	{"customCats":1700000000000,"assets":0,"loans":1700000000000,"subs":0,"curAccount":5}|{"settings":5,"customCats":100,"accounts":100,"templates":0,"subcats":5,"curAccount":100}|{"settings":false,"accounts":{},"assets":"","subs":[],"templates":null,"curLedger":[],"subcats":["a"],"curAccount":""}
newer	{"customCats":1700000000000,"assets":0,"loans":1700000000000,"subs":0,"curAccount":5}|{"settings":5,"customCats":100,"accounts":100,"templates":0,"subcats":5,"curAccount":100}
adopt	{"settings":1,"customCats":0,"accounts":1700000000000,"assets":1,"subs":1,"curLedger":5,"subcats":1700000000000,"curAccount":100}|none|{"lang":"","settings":{},"accounts":{"a":1},"assets":0,"loans":{},"subs":"","templates":[],"tags":"","curLedger":{"a":1},"currencies":"","curAccount":{"a":1}}
newer	{"settings":1,"customCats":0,"accounts":1700000000000,"assets":1,"subs":1,"curLedger":5,"subcats":1700000000000,"curAccount":100}|none
adopt	{"lang":1,"settings":1700000000000,"customCats":0,"accounts":5,"loans":100,"subs":0,"tags":1,"curLedger":100,"subcats":5}|{"lang":5,"settings":100,"customCats":2,"accounts":1700000000000,"assets":5,"loans":100,"templates":5,"tags":5,"curLedger":5}|{"settings":null,"accounts":{"a":1},"templates":["a"],"tags":"","curAccount":0}
newer	{"lang":1,"settings":1700000000000,"customCats":0,"accounts":5,"loans":100,"subs":0,"tags":1,"curLedger":100,"subcats":5}|{"lang":5,"settings":100,"customCats":2,"accounts":1700000000000,"assets":5,"loans":100,"templates":5,"tags":5,"curLedger":5}
adopt	{"templates":5,"tags":1700000000000,"currencies":1700000000000,"subcats":2,"curAccount":100}|{"lang":5,"customCats":2,"loans":100,"subs":1700000000000,"templates":1700000000000,"tags":0,"currencies":1,"subcats":2,"curAccount":1}|{"lang":"","settings":[],"accounts":["a"],"assets":"","loans":["a"],"subs":["a"],"templates":null,"curLedger":{"a":1},"currencies":{"a":1},"subcats":[]}
newer	{"templates":5,"tags":1700000000000,"currencies":1700000000000,"subcats":2,"curAccount":100}|{"lang":5,"customCats":2,"loans":100,"subs":1700000000000,"templates":1700000000000,"tags":0,"currencies":1,"subcats":2,"curAccount":1}
adopt	{"customCats":0,"loans":5,"templates":2,"curLedger":1700000000000,"currencies":5,"subcats":100}|{"accounts":0,"assets":100,"loans":5,"subs":1700000000000,"templates":100,"tags":100,"curAccount":2}|{"lang":{"a":1},"customCats":"x","accounts":0,"assets":"","templates":[],"tags":{"a":1},"curLedger":"","curAccount":{"a":1}}
newer	{"customCats":0,"loans":5,"templates":2,"curLedger":1700000000000,"currencies":5,"subcats":100}|{"accounts":0,"assets":100,"loans":5,"subs":1700000000000,"templates":100,"tags":100,"curAccount":2}
adopt	{"customCats":1700000000000,"accounts":0,"loans":0,"subs":1,"tags":100,"curLedger":1,"currencies":0,"curAccount":1700000000000}|none|{"lang":0,"settings":{"a":1},"accounts":0,"loans":false,"subs":{"a":1},"templates":["a"],"tags":[],"currencies":["a"],"subcats":{"a":1},"curAccount":{"a":1}}
newer	{"customCats":1700000000000,"accounts":0,"loans":0,"subs":1,"tags":100,"curLedger":1,"currencies":0,"curAccount":1700000000000}|none
adopt	{"lang":1700000000000,"accounts":0,"subs":0,"templates":100,"tags":1700000000000,"curAccount":1700000000000}|{"lang":0,"settings":5,"customCats":2,"assets":100,"loans":0,"subs":1,"tags":5,"subcats":1700000000000,"curAccount":1700000000000}|{"settings":[],"assets":"x","loans":"","templates":null,"tags":[],"curLedger":false,"currencies":"","curAccount":false}
newer	{"lang":1700000000000,"accounts":0,"subs":0,"templates":100,"tags":1700000000000,"curAccount":1700000000000}|{"lang":0,"settings":5,"customCats":2,"assets":100,"loans":0,"subs":1,"tags":5,"subcats":1700000000000,"curAccount":1700000000000}
adopt	{"accounts":1700000000000,"assets":5,"loans":2,"templates":0,"currencies":100,"subcats":2}|{"lang":5,"accounts":1,"subs":100,"templates":1700000000000,"tags":2,"curLedger":100,"subcats":2,"curAccount":0}|{"lang":0,"settings":null,"accounts":{"a":1},"assets":[],"subs":false,"templates":[],"tags":"x","curLedger":"x","currencies":[],"subcats":"x","curAccount":"x"}
newer	{"accounts":1700000000000,"assets":5,"loans":2,"templates":0,"currencies":100,"subcats":2}|{"lang":5,"accounts":1,"subs":100,"templates":1700000000000,"tags":2,"curLedger":100,"subcats":2,"curAccount":0}
adopt	{"customCats":2,"loans":0,"templates":0,"tags":1,"curLedger":5}|{"settings":1700000000000,"subs":0,"curLedger":1,"subcats":5,"curAccount":2}|{"lang":false,"settings":0,"customCats":false,"loans":0,"templates":null,"tags":false,"currencies":{"a":1},"subcats":{"a":1},"curAccount":""}
newer	{"customCats":2,"loans":0,"templates":0,"tags":1,"curLedger":5}|{"settings":1700000000000,"subs":0,"curLedger":1,"subcats":5,"curAccount":2}
adopt	{"lang":2,"assets":1,"loans":1,"subs":1,"tags":0,"currencies":1,"subcats":1}|{"lang":1,"settings":5,"subs":0,"templates":2,"currencies":100,"subcats":0,"curAccount":5}|{"lang":null,"settings":"","assets":["a"],"loans":["a"],"subs":{"a":1},"templates":{"a":1},"tags":null,"curLedger":false,"subcats":[],"curAccount":false}
newer	{"lang":2,"assets":1,"loans":1,"subs":1,"tags":0,"currencies":1,"subcats":1}|{"lang":1,"settings":5,"subs":0,"templates":2,"currencies":100,"subcats":0,"curAccount":5}
adopt	{"lang":2,"settings":5,"customCats":1700000000000,"assets":1700000000000,"loans":2,"templates":2,"curLedger":0,"subcats":5,"curAccount":1700000000000}|{"customCats":1,"accounts":0,"assets":100,"loans":0,"tags":100,"curLedger":1700000000000,"currencies":2,"curAccount":1}|{"lang":false,"settings":"","customCats":null,"accounts":{"a":1},"assets":{"a":1},"loans":"x","subs":0,"templates":"","curLedger":["a"],"curAccount":null}
newer	{"lang":2,"settings":5,"customCats":1700000000000,"assets":1700000000000,"loans":2,"templates":2,"curLedger":0,"subcats":5,"curAccount":1700000000000}|{"customCats":1,"accounts":0,"assets":100,"loans":0,"tags":100,"curLedger":1700000000000,"currencies":2,"curAccount":1}
adopt	{"settings":1,"customCats":5,"accounts":1,"loans":5,"templates":100,"tags":100,"subcats":5}|{"lang":5,"settings":5,"customCats":100,"accounts":100,"loans":0,"subs":1,"templates":0,"tags":2,"curLedger":1,"subcats":100,"curAccount":2}|{"lang":false,"settings":false,"customCats":{"a":1},"accounts":false,"assets":[],"subs":{"a":1},"tags":"","currencies":false}
newer	{"settings":1,"customCats":5,"accounts":1,"loans":5,"templates":100,"tags":100,"subcats":5}|{"lang":5,"settings":5,"customCats":100,"accounts":100,"loans":0,"subs":1,"templates":0,"tags":2,"curLedger":1,"subcats":100,"curAccount":2}
adopt	{"lang":100,"loans":5,"subs":1700000000000,"templates":5,"curLedger":2,"currencies":1700000000000,"subcats":2,"curAccount":2}|{"lang":0,"settings":5,"customCats":1700000000000,"subs":1700000000000,"templates":2,"tags":1,"curLedger":5,"curAccount":1700000000000}|{"customCats":"","assets":{"a":1},"loans":null,"subs":"","templates":"","tags":[],"curLedger":{"a":1},"currencies":[],"subcats":"","curAccount":[]}
newer	{"lang":100,"loans":5,"subs":1700000000000,"templates":5,"curLedger":2,"currencies":1700000000000,"subcats":2,"curAccount":2}|{"lang":0,"settings":5,"customCats":1700000000000,"subs":1700000000000,"templates":2,"tags":1,"curLedger":5,"curAccount":1700000000000}
adopt	{"lang":2,"accounts":2,"subs":1700000000000,"curLedger":0,"currencies":100}|none|{"lang":null,"customCats":"","accounts":{"a":1},"loans":null,"subs":"","tags":{"a":1},"curAccount":[]}
newer	{"lang":2,"accounts":2,"subs":1700000000000,"curLedger":0,"currencies":100}|none
adopt	{"settings":100,"loans":1,"subs":100,"curLedger":1700000000000}|{"customCats":2,"assets":0,"loans":1}|{"lang":false,"settings":null,"customCats":null,"assets":{"a":1},"loans":"","subs":["a"],"templates":[],"tags":false,"curLedger":null,"currencies":0,"curAccount":{}}
newer	{"settings":100,"loans":1,"subs":100,"curLedger":1700000000000}|{"customCats":2,"assets":0,"loans":1}
adopt	{"lang":0,"settings":100,"accounts":5,"assets":1700000000000,"tags":5,"curLedger":2}|{"lang":5,"settings":5,"customCats":100,"accounts":2,"assets":1,"loans":5,"subs":1700000000000,"templates":1,"curLedger":0,"currencies":2}|{"lang":false,"customCats":"","assets":"","loans":false,"subs":"x","tags":false,"curLedger":"x","subcats":{"a":1},"curAccount":{"a":1}}
newer	{"lang":0,"settings":100,"accounts":5,"assets":1700000000000,"tags":5,"curLedger":2}|{"lang":5,"settings":5,"customCats":100,"accounts":2,"assets":1,"loans":5,"subs":1700000000000,"templates":1,"curLedger":0,"currencies":2}
adopt	{"customCats":100,"assets":2,"templates":0,"curLedger":5,"currencies":100}|{"lang":0,"settings":0,"accounts":2,"assets":1700000000000,"loans":5,"currencies":1,"subcats":0,"curAccount":100}|{"lang":{},"settings":"","customCats":null,"accounts":{},"assets":{"a":1},"loans":{"a":1},"subs":{"a":1},"templates":null,"tags":"x","curLedger":null,"currencies":"x","subcats":false,"curAccount":{}}
newer	{"customCats":100,"assets":2,"templates":0,"curLedger":5,"currencies":100}|{"lang":0,"settings":0,"accounts":2,"assets":1700000000000,"loans":5,"currencies":1,"subcats":0,"curAccount":100}
adopt	{"customCats":100,"accounts":5,"assets":2,"subs":1700000000000,"templates":1,"curLedger":0,"currencies":1,"subcats":1,"curAccount":5}|{"lang":100,"settings":2,"subcats":1700000000000}|{"settings":0,"customCats":{},"accounts":{},"assets":{},"tags":{"a":1},"currencies":"x","subcats":[],"curAccount":{"a":1}}
newer	{"customCats":100,"accounts":5,"assets":2,"subs":1700000000000,"templates":1,"curLedger":0,"currencies":1,"subcats":1,"curAccount":5}|{"lang":100,"settings":2,"subcats":1700000000000}
adopt	{"customCats":100,"accounts":5,"assets":1700000000000,"subcats":100}|{"settings":5,"accounts":1,"assets":0,"loans":5,"currencies":2,"curAccount":0}|{"accounts":{},"assets":0,"loans":null,"templates":"x","tags":"","curLedger":null,"curAccount":{}}
newer	{"customCats":100,"accounts":5,"assets":1700000000000,"subcats":100}|{"settings":5,"accounts":1,"assets":0,"loans":5,"currencies":2,"curAccount":0}
adopt	{"lang":100,"settings":2,"customCats":1,"assets":0,"subs":5,"curLedger":0,"currencies":100,"subcats":0}|{"settings":5,"assets":1,"loans":1,"subs":0,"tags":5,"curLedger":0}|{"lang":{},"customCats":"","accounts":{},"loans":0,"templates":false,"tags":["a"],"curLedger":["a"],"subcats":null}
newer	{"lang":100,"settings":2,"customCats":1,"assets":0,"subs":5,"curLedger":0,"currencies":100,"subcats":0}|{"settings":5,"assets":1,"loans":1,"subs":0,"tags":5,"curLedger":0}
adopt	{"lang":1,"settings":5,"assets":1700000000000,"loans":5,"templates":2,"currencies":1,"subcats":1,"curAccount":2}|none|{"lang":false,"customCats":null,"assets":{},"loans":"","subs":0,"tags":"","curLedger":{},"subcats":"x"}
newer	{"lang":1,"settings":5,"assets":1700000000000,"loans":5,"templates":2,"currencies":1,"subcats":1,"curAccount":2}|none
adopt	{"settings":2,"accounts":1700000000000,"assets":1,"subs":1700000000000,"tags":1}|{"lang":2,"settings":100,"loans":5,"tags":1,"curLedger":1,"subcats":0}|{"settings":false,"customCats":{},"accounts":"x","loans":false,"subs":"x","templates":false,"tags":{"a":1},"currencies":[],"subcats":{},"curAccount":false}
newer	{"settings":2,"accounts":1700000000000,"assets":1,"subs":1700000000000,"tags":1}|{"lang":2,"settings":100,"loans":5,"tags":1,"curLedger":1,"subcats":0}
adopt	{"accounts":100,"assets":5,"loans":2,"subs":1700000000000,"templates":1700000000000,"tags":2,"currencies":5,"curAccount":1}|{"lang":5,"customCats":100,"accounts":2,"assets":5,"templates":1,"tags":5,"curLedger":0}|{"lang":"","settings":["a"],"customCats":"","accounts":null,"assets":0,"loans":null,"subs":[],"templates":{"a":1},"tags":{},"curLedger":false,"currencies":["a"],"subcats":[],"curAccount":{"a":1}}
newer	{"accounts":100,"assets":5,"loans":2,"subs":1700000000000,"templates":1700000000000,"tags":2,"currencies":5,"curAccount":1}|{"lang":5,"customCats":100,"accounts":2,"assets":5,"templates":1,"tags":5,"curLedger":0}
adopt	{"settings":5,"accounts":1,"loans":0,"subs":0,"templates":100,"curLedger":1700000000000,"currencies":1700000000000}|{"lang":0,"accounts":0,"loans":1700000000000,"templates":0}|{"lang":"x","accounts":false,"assets":"","templates":{},"tags":[],"curLedger":false,"currencies":null,"subcats":0,"curAccount":false}
newer	{"settings":5,"accounts":1,"loans":0,"subs":0,"templates":100,"curLedger":1700000000000,"currencies":1700000000000}|{"lang":0,"accounts":0,"loans":1700000000000,"templates":0}
adopt	{"lang":2,"settings":5,"customCats":1,"loans":2,"tags":5,"curLedger":2,"subcats":1}|{"lang":1700000000000,"settings":100,"customCats":5,"accounts":100,"assets":5,"loans":5,"templates":1700000000000,"tags":2,"currencies":100,"curAccount":0}|{"lang":null,"settings":{"a":1},"customCats":"","accounts":"x","assets":0,"templates":0,"tags":0,"curLedger":"x","curAccount":{"a":1}}
newer	{"lang":2,"settings":5,"customCats":1,"loans":2,"tags":5,"curLedger":2,"subcats":1}|{"lang":1700000000000,"settings":100,"customCats":5,"accounts":100,"assets":5,"loans":5,"templates":1700000000000,"tags":2,"currencies":100,"curAccount":0}
adopt	{"lang":2,"accounts":1700000000000,"templates":1,"tags":0,"curLedger":2,"currencies":2,"subcats":5,"curAccount":1}|{"lang":2,"customCats":1700000000000,"accounts":5,"assets":1700000000000,"subs":1,"templates":2,"tags":5,"subcats":0,"curAccount":5}|{"accounts":"","loans":[],"templates":0,"curLedger":false,"currencies":0,"subcats":null,"curAccount":["a"]}
newer	{"lang":2,"accounts":1700000000000,"templates":1,"tags":0,"curLedger":2,"currencies":2,"subcats":5,"curAccount":1}|{"lang":2,"customCats":1700000000000,"accounts":5,"assets":1700000000000,"subs":1,"templates":2,"tags":5,"subcats":0,"curAccount":5}
adopt	{"settings":1,"accounts":5,"loans":1,"subs":0,"templates":1,"currencies":1,"curAccount":2}|{"accounts":2,"tags":5,"subcats":0,"curAccount":1700000000000}|{"settings":[],"customCats":"","assets":{"a":1},"loans":{},"curLedger":"x","currencies":{"a":1},"subcats":"","curAccount":""}
newer	{"settings":1,"accounts":5,"loans":1,"subs":0,"templates":1,"currencies":1,"curAccount":2}|{"accounts":2,"tags":5,"subcats":0,"curAccount":1700000000000}
adopt	{"settings":0,"currencies":1,"subcats":1700000000000}|none|{"lang":[],"settings":{},"accounts":false,"subs":false,"templates":{"a":1},"tags":false,"currencies":0,"subcats":["a"],"curAccount":0}
newer	{"settings":0,"currencies":1,"subcats":1700000000000}|none
adopt	{"lang":2,"settings":100,"customCats":100,"loans":2,"tags":5,"curLedger":2,"currencies":5,"subcats":5}|{"accounts":1,"loans":0,"templates":1,"curLedger":1}|{"lang":[],"settings":{},"customCats":null,"accounts":0,"assets":[],"subs":{},"templates":"x","curLedger":{},"currencies":"","curAccount":false}
newer	{"lang":2,"settings":100,"customCats":100,"loans":2,"tags":5,"curLedger":2,"currencies":5,"subcats":5}|{"accounts":1,"loans":0,"templates":1,"curLedger":1}
adopt	{"lang":1700000000000,"subs":1,"templates":2,"curLedger":0,"curAccount":100}|{"lang":1,"settings":1,"customCats":1700000000000,"assets":0,"templates":0,"tags":1,"currencies":1,"subcats":2,"curAccount":1700000000000}|{"settings":["a"],"customCats":["a"],"accounts":["a"],"loans":"","templates":false,"tags":false,"curLedger":false,"currencies":0,"subcats":[],"curAccount":0}
newer	{"lang":1700000000000,"subs":1,"templates":2,"curLedger":0,"curAccount":100}|{"lang":1,"settings":1,"customCats":1700000000000,"assets":0,"templates":0,"tags":1,"currencies":1,"subcats":2,"curAccount":1700000000000}
adopt	{"lang":1,"settings":2,"accounts":100,"loans":1,"subs":100,"templates":1,"curAccount":5}|{"settings":1700000000000,"assets":5,"templates":2,"tags":0,"currencies":2}|{"lang":{},"settings":false,"customCats":[],"accounts":{"a":1},"assets":"x","loans":{},"templates":0,"tags":"x","curLedger":[],"currencies":["a"],"subcats":null,"curAccount":""}
newer	{"lang":1,"settings":2,"accounts":100,"loans":1,"subs":100,"templates":1,"curAccount":5}|{"settings":1700000000000,"assets":5,"templates":2,"tags":0,"currencies":2}
adopt	{"lang":100,"settings":1,"customCats":1,"subs":0,"templates":5,"curLedger":0,"currencies":1700000000000,"curAccount":0}|{"settings":1700000000000,"accounts":2,"assets":100,"subs":2,"templates":1,"curLedger":5,"currencies":100,"curAccount":1700000000000}|{"customCats":0,"accounts":0,"loans":"","templates":{},"tags":"","curLedger":["a"],"currencies":[],"subcats":null,"curAccount":null}
newer	{"lang":100,"settings":1,"customCats":1,"subs":0,"templates":5,"curLedger":0,"currencies":1700000000000,"curAccount":0}|{"settings":1700000000000,"accounts":2,"assets":100,"subs":2,"templates":1,"curLedger":5,"currencies":100,"curAccount":1700000000000}
adopt	{"settings":1,"assets":1700000000000,"loans":1700000000000,"subs":2,"templates":1,"tags":5,"curLedger":1700000000000}|{"settings":1,"customCats":5,"accounts":100,"assets":1700000000000,"loans":5,"currencies":0,"subcats":100,"curAccount":5}|{"lang":0,"settings":{"a":1},"customCats":{"a":1},"accounts":"","loans":[],"subs":null,"tags":null,"currencies":["a"],"subcats":0,"curAccount":"x"}
newer	{"settings":1,"assets":1700000000000,"loans":1700000000000,"subs":2,"templates":1,"tags":5,"curLedger":1700000000000}|{"settings":1,"customCats":5,"accounts":100,"assets":1700000000000,"loans":5,"currencies":0,"subcats":100,"curAccount":5}
adopt	{"lang":5,"accounts":1,"subs":0,"templates":1,"subcats":100,"curAccount":1700000000000}|{"lang":2,"customCats":100,"assets":100,"loans":2,"tags":100,"currencies":0,"subcats":1}|{"lang":{},"settings":["a"],"customCats":"x","assets":{},"subs":"x","templates":0,"tags":{"a":1},"curLedger":0,"currencies":"","curAccount":null}
newer	{"lang":5,"accounts":1,"subs":0,"templates":1,"subcats":100,"curAccount":1700000000000}|{"lang":2,"customCats":100,"assets":100,"loans":2,"tags":100,"currencies":0,"subcats":1}
adopt	{"lang":100,"accounts":2,"assets":100,"subs":5,"templates":1700000000000,"subcats":1,"curAccount":1}|{"settings":5,"customCats":1700000000000,"accounts":5,"assets":0,"loans":5,"subs":0,"templates":0,"curLedger":1,"currencies":2,"subcats":2,"curAccount":1700000000000}|{"lang":{},"settings":false,"customCats":false,"assets":[],"loans":null,"tags":["a"],"currencies":["a"],"subcats":["a"],"curAccount":[]}
newer	{"lang":100,"accounts":2,"assets":100,"subs":5,"templates":1700000000000,"subcats":1,"curAccount":1}|{"settings":5,"customCats":1700000000000,"accounts":5,"assets":0,"loans":5,"subs":0,"templates":0,"curLedger":1,"currencies":2,"subcats":2,"curAccount":1700000000000}
adopt	{"lang":0,"customCats":100,"subs":2,"templates":5,"tags":5,"curLedger":0,"currencies":2,"curAccount":100}|{"lang":100,"settings":2,"customCats":1700000000000,"assets":1700000000000,"loans":1,"subs":0,"templates":1,"currencies":5}|{"lang":{"a":1},"settings":"x","accounts":["a"],"assets":[],"loans":[],"templates":["a"],"curLedger":{},"currencies":false,"subcats":"x"}
newer	{"lang":0,"customCats":100,"subs":2,"templates":5,"tags":5,"curLedger":0,"currencies":2,"curAccount":100}|{"lang":100,"settings":2,"customCats":1700000000000,"assets":1700000000000,"loans":1,"subs":0,"templates":1,"currencies":5}
adopt	{"settings":2,"subs":2,"templates":0,"tags":1700000000000,"currencies":100}|{"customCats":1700000000000,"accounts":1700000000000,"assets":5,"subs":1,"templates":1700000000000,"tags":1700000000000,"subcats":1700000000000,"curAccount":1700000000000}|{"lang":{},"settings":"x","accounts":[],"assets":"","subs":[],"templates":0,"tags":null,"currencies":null,"subcats":[],"curAccount":"x"}
newer	{"settings":2,"subs":2,"templates":0,"tags":1700000000000,"currencies":100}|{"customCats":1700000000000,"accounts":1700000000000,"assets":5,"subs":1,"templates":1700000000000,"tags":1700000000000,"subcats":1700000000000,"curAccount":1700000000000}
adopt	{"settings":5,"customCats":0,"accounts":100,"assets":1,"templates":1700000000000,"curLedger":5,"subcats":100,"curAccount":0}|{"lang":100,"customCats":0,"accounts":2,"templates":5,"curLedger":2,"subcats":2,"curAccount":5}|{"lang":[],"settings":["a"],"accounts":null,"assets":"x","templates":["a"],"tags":["a"],"curLedger":[],"subcats":false}
newer	{"settings":5,"customCats":0,"accounts":100,"assets":1,"templates":1700000000000,"curLedger":5,"subcats":100,"curAccount":0}|{"lang":100,"customCats":0,"accounts":2,"templates":5,"curLedger":2,"subcats":2,"curAccount":5}
adopt	{"accounts":2,"assets":2,"loans":1,"templates":100,"tags":0,"currencies":5,"subcats":5}|{"customCats":5,"assets":5,"subs":1,"templates":2,"currencies":1700000000000,"subcats":5}|{"lang":{},"customCats":null,"loans":["a"],"subs":false,"templates":false,"curLedger":{},"currencies":null,"subcats":[],"curAccount":null}
newer	{"accounts":2,"assets":2,"loans":1,"templates":100,"tags":0,"currencies":5,"subcats":5}|{"customCats":5,"assets":5,"subs":1,"templates":2,"currencies":1700000000000,"subcats":5}
adopt	{"customCats":100,"assets":100,"loans":2,"subs":2,"templates":1700000000000,"tags":100,"currencies":2}|{"lang":1700000000000,"settings":0,"customCats":2,"accounts":0,"assets":0,"loans":0,"subs":5,"templates":1,"tags":5,"curLedger":100,"currencies":100,"subcats":5}|{"lang":false,"customCats":{},"assets":["a"],"loans":["a"],"subs":{"a":1},"tags":[],"curLedger":"","currencies":{"a":1},"curAccount":["a"]}
newer	{"customCats":100,"assets":100,"loans":2,"subs":2,"templates":1700000000000,"tags":100,"currencies":2}|{"lang":1700000000000,"settings":0,"customCats":2,"accounts":0,"assets":0,"loans":0,"subs":5,"templates":1,"tags":5,"curLedger":100,"currencies":100,"subcats":5}
adopt	{"lang":0,"customCats":0,"accounts":100,"assets":1700000000000,"loans":5,"subs":1,"tags":0,"curAccount":2}|{"settings":0,"accounts":1,"templates":1700000000000,"curLedger":0,"subcats":100,"curAccount":0}|{"lang":"","settings":0,"accounts":"","subs":0,"templates":false,"tags":[],"curLedger":false,"subcats":{},"curAccount":{"a":1}}
newer	{"lang":0,"customCats":0,"accounts":100,"assets":1700000000000,"loans":5,"subs":1,"tags":0,"curAccount":2}|{"settings":0,"accounts":1,"templates":1700000000000,"curLedger":0,"subcats":100,"curAccount":0}
adopt	{"lang":100,"accounts":100,"loans":5,"currencies":1700000000000,"subcats":1700000000000,"curAccount":2}|{"customCats":5,"assets":100,"loans":2,"subs":1700000000000,"templates":2,"curLedger":1,"subcats":5,"curAccount":1}|{"customCats":{"a":1},"accounts":"","subs":"","templates":[],"tags":"x","currencies":"x","subcats":null,"curAccount":0}
newer	{"lang":100,"accounts":100,"loans":5,"currencies":1700000000000,"subcats":1700000000000,"curAccount":2}|{"customCats":5,"assets":100,"loans":2,"subs":1700000000000,"templates":2,"curLedger":1,"subcats":5,"curAccount":1}
adopt	{"accounts":1700000000000,"assets":1,"loans":5,"subs":2,"templates":2,"tags":1700000000000,"curAccount":100}|{"lang":1,"settings":100,"accounts":100,"assets":0,"subs":5,"tags":1700000000000,"curLedger":1,"currencies":0}|{"lang":0,"settings":["a"],"customCats":{},"loans":{"a":1},"templates":{"a":1},"tags":null,"currencies":"x","curAccount":[]}
newer	{"accounts":1700000000000,"assets":1,"loans":5,"subs":2,"templates":2,"tags":1700000000000,"curAccount":100}|{"lang":1,"settings":100,"accounts":100,"assets":0,"subs":5,"tags":1700000000000,"curLedger":1,"currencies":0}
adopt	{"settings":2,"accounts":2,"loans":0,"subs":2,"subcats":1,"curAccount":5}|{"assets":5,"templates":100,"currencies":1700000000000,"curAccount":5}|{"lang":{"a":1},"settings":null,"customCats":["a"],"accounts":[],"assets":[],"loans":[],"templates":null,"tags":{"a":1},"curLedger":false,"currencies":"x","subcats":{"a":1},"curAccount":"x"}
newer	{"settings":2,"accounts":2,"loans":0,"subs":2,"subcats":1,"curAccount":5}|{"assets":5,"templates":100,"currencies":1700000000000,"curAccount":5}
adopt	{"settings":5,"accounts":1700000000000,"assets":1700000000000,"subs":2,"templates":100,"tags":1700000000000,"currencies":1700000000000}|{"settings":1700000000000,"assets":100,"tags":100,"curLedger":0,"currencies":0,"curAccount":2}|{"lang":["a"],"customCats":"x","assets":{},"templates":"","tags":"x","currencies":null,"subcats":[],"curAccount":""}
newer	{"settings":5,"accounts":1700000000000,"assets":1700000000000,"subs":2,"templates":100,"tags":1700000000000,"currencies":1700000000000}|{"settings":1700000000000,"assets":100,"tags":100,"curLedger":0,"currencies":0,"curAccount":2}
adopt	{"lang":1,"settings":1,"customCats":1,"loans":2,"subs":2,"templates":100,"curLedger":0,"currencies":2,"subcats":1,"curAccount":1700000000000}|{"lang":5,"settings":1,"customCats":100,"accounts":0,"templates":5,"tags":100,"curLedger":2,"currencies":2}|{"settings":"x","customCats":{},"accounts":[],"loans":{},"subs":0,"templates":"x","tags":"","curLedger":[],"currencies":false,"subcats":["a"],"curAccount":false}
newer	{"lang":1,"settings":1,"customCats":1,"loans":2,"subs":2,"templates":100,"curLedger":0,"currencies":2,"subcats":1,"curAccount":1700000000000}|{"lang":5,"settings":1,"customCats":100,"accounts":0,"templates":5,"tags":100,"curLedger":2,"currencies":2}
adopt	{"lang":2,"customCats":5,"accounts":1,"loans":2,"tags":1700000000000,"curAccount":0}|{"lang":1,"settings":1,"customCats":1700000000000,"accounts":100,"assets":5,"loans":0,"subs":1700000000000,"templates":1700000000000,"tags":100,"curLedger":0,"subcats":0,"curAccount":5}|{"lang":"x","settings":{},"customCats":[],"accounts":{},"loans":0,"subs":[],"templates":{},"tags":["a"],"curLedger":false,"currencies":null,"subcats":"","curAccount":false}
newer	{"lang":2,"customCats":5,"accounts":1,"loans":2,"tags":1700000000000,"curAccount":0}|{"lang":1,"settings":1,"customCats":1700000000000,"accounts":100,"assets":5,"loans":0,"subs":1700000000000,"templates":1700000000000,"tags":100,"curLedger":0,"subcats":0,"curAccount":5}
adopt	{"settings":1,"loans":5,"templates":100,"curLedger":5,"subcats":1700000000000}|{"lang":100,"customCats":1,"assets":2,"loans":1700000000000,"tags":2,"curLedger":100,"currencies":100,"curAccount":2}|{"accounts":["a"],"assets":"","subs":"x","tags":[],"subcats":{"a":1}}
newer	{"settings":1,"loans":5,"templates":100,"curLedger":5,"subcats":1700000000000}|{"lang":100,"customCats":1,"assets":2,"loans":1700000000000,"tags":2,"curLedger":100,"currencies":100,"curAccount":2}
adopt	{"customCats":1700000000000,"subs":2,"curAccount":0}|{"lang":1,"customCats":1700000000000,"templates":5,"currencies":100}|{"lang":["a"],"customCats":false,"accounts":["a"],"assets":{"a":1},"loans":"","templates":{},"tags":{"a":1},"curLedger":["a"]}
newer	{"customCats":1700000000000,"subs":2,"curAccount":0}|{"lang":1,"customCats":1700000000000,"templates":5,"currencies":100}
adopt	{"lang":0,"settings":1,"customCats":0,"accounts":0,"loans":2,"templates":1700000000000,"tags":1,"curLedger":1,"subcats":0}|{"lang":1,"customCats":100,"accounts":2,"loans":2,"templates":0,"curAccount":100}|{"lang":"","settings":"","customCats":"x","accounts":null,"assets":[],"loans":"","subs":0,"templates":null,"currencies":null,"subcats":{},"curAccount":"x"}
newer	{"lang":0,"settings":1,"customCats":0,"accounts":0,"loans":2,"templates":1700000000000,"tags":1,"curLedger":1,"subcats":0}|{"lang":1,"customCats":100,"accounts":2,"loans":2,"templates":0,"curAccount":100}
adopt	{"lang":100,"customCats":2,"accounts":0,"currencies":1700000000000,"subcats":1}|{"lang":1,"settings":2,"customCats":1,"assets":1700000000000,"subs":1700000000000,"tags":0,"subcats":1,"curAccount":1700000000000}|{"lang":{},"settings":[],"customCats":{},"subs":{"a":1},"templates":[],"tags":[],"curLedger":"","currencies":[],"subcats":0,"curAccount":"x"}
newer	{"lang":100,"customCats":2,"accounts":0,"currencies":1700000000000,"subcats":1}|{"lang":1,"settings":2,"customCats":1,"assets":1700000000000,"subs":1700000000000,"tags":0,"subcats":1,"curAccount":1700000000000}
adopt	{"lang":100,"assets":1700000000000,"loans":100,"subs":0,"tags":2,"currencies":2}|{"lang":5,"customCats":1,"accounts":100,"assets":5,"loans":5,"subs":5,"currencies":2,"curAccount":2}|{"lang":[],"customCats":{},"accounts":null,"assets":{},"loans":null,"templates":{},"tags":"x","curLedger":"","currencies":false,"subcats":["a"],"curAccount":""}
newer	{"lang":100,"assets":1700000000000,"loans":100,"subs":0,"tags":2,"currencies":2}|{"lang":5,"customCats":1,"accounts":100,"assets":5,"loans":5,"subs":5,"currencies":2,"curAccount":2}
adopt	{"lang":1700000000000,"customCats":1,"assets":2,"subs":1,"templates":0,"currencies":5,"curAccount":1700000000000}|{"lang":1700000000000,"templates":5,"curLedger":1700000000000,"subcats":1,"curAccount":100}|{"lang":{"a":1},"settings":"x","customCats":["a"],"accounts":"x","assets":{"a":1},"loans":"x","subs":false,"tags":[],"curLedger":"","curAccount":null}
newer	{"lang":1700000000000,"customCats":1,"assets":2,"subs":1,"templates":0,"currencies":5,"curAccount":1700000000000}|{"lang":1700000000000,"templates":5,"curLedger":1700000000000,"subcats":1,"curAccount":100}
adopt	{"templates":1700000000000,"tags":5,"curLedger":1700000000000,"curAccount":5}|{"lang":1700000000000,"settings":0,"accounts":100,"loans":5,"templates":5,"tags":2,"curLedger":5,"curAccount":2}|{"settings":{},"customCats":{"a":1},"subs":false,"templates":{},"tags":null,"currencies":false,"subcats":"x","curAccount":false}
newer	{"templates":1700000000000,"tags":5,"curLedger":1700000000000,"curAccount":5}|{"lang":1700000000000,"settings":0,"accounts":100,"loans":5,"templates":5,"tags":2,"curLedger":5,"curAccount":2}
adopt	{"lang":2,"accounts":1700000000000,"loans":5,"subs":5,"templates":100,"tags":2,"curLedger":1,"currencies":0,"curAccount":2}|{"lang":5,"assets":2,"curLedger":2,"currencies":5,"subcats":5}|{"lang":null,"settings":null,"customCats":"","accounts":null,"assets":[],"loans":null,"subs":{},"currencies":"","subcats":"x","curAccount":"x"}
newer	{"lang":2,"accounts":1700000000000,"loans":5,"subs":5,"templates":100,"tags":2,"curLedger":1,"currencies":0,"curAccount":2}|{"lang":5,"assets":2,"curLedger":2,"currencies":5,"subcats":5}
adopt	{"settings":2,"customCats":5,"assets":2,"loans":2,"tags":100,"subcats":1,"curAccount":0}|{"settings":2,"loans":0,"subs":0,"tags":0,"subcats":1700000000000,"curAccount":1700000000000}|{"lang":[],"settings":{"a":1},"customCats":{},"assets":false,"subs":"x","templates":0,"tags":false,"curLedger":0,"currencies":[]}
newer	{"settings":2,"customCats":5,"assets":2,"loans":2,"tags":100,"subcats":1,"curAccount":0}|{"settings":2,"loans":0,"subs":0,"tags":0,"subcats":1700000000000,"curAccount":1700000000000}
adopt	{"lang":1,"settings":1700000000000,"accounts":0,"assets":0,"loans":1700000000000,"templates":1700000000000,"curLedger":1,"currencies":100,"curAccount":5}|{"settings":1,"accounts":2,"templates":1700000000000,"tags":1,"curLedger":2,"currencies":5,"subcats":5}|{"lang":null,"settings":"x","customCats":{"a":1},"assets":["a"],"subs":null,"templates":{"a":1},"tags":"","curLedger":["a"],"subcats":false,"curAccount":[]}
newer	{"lang":1,"settings":1700000000000,"accounts":0,"assets":0,"loans":1700000000000,"templates":1700000000000,"curLedger":1,"currencies":100,"curAccount":5}|{"settings":1,"accounts":2,"templates":1700000000000,"tags":1,"curLedger":2,"currencies":5,"subcats":5}
adopt	{"settings":1,"assets":1700000000000,"loans":100,"templates":100,"tags":1700000000000,"curLedger":1}|{"accounts":1700000000000,"loans":0,"subs":1700000000000,"templates":1700000000000,"curLedger":1700000000000,"currencies":0,"subcats":100,"curAccount":2}|{"lang":[],"settings":"","customCats":{"a":1},"accounts":0,"assets":["a"],"subs":{"a":1},"templates":{"a":1},"curLedger":{},"currencies":0,"subcats":"x"}
newer	{"settings":1,"assets":1700000000000,"loans":100,"templates":100,"tags":1700000000000,"curLedger":1}|{"accounts":1700000000000,"loans":0,"subs":1700000000000,"templates":1700000000000,"curLedger":1700000000000,"currencies":0,"subcats":100,"curAccount":2}
adopt	{"settings":2,"customCats":2,"subs":1,"templates":2,"tags":0,"curAccount":0}|none|{"lang":null,"settings":"","customCats":["a"],"assets":{"a":1},"loans":["a"],"templates":0,"tags":0,"curLedger":0,"currencies":{},"curAccount":null}
newer	{"settings":2,"customCats":2,"subs":1,"templates":2,"tags":0,"curAccount":0}|none
adopt	{"lang":5,"settings":1700000000000,"accounts":2,"currencies":100,"curAccount":1}|{"accounts":1700000000000,"assets":100,"tags":100,"currencies":1700000000000}|{"lang":{},"settings":0,"customCats":"","accounts":null,"assets":["a"],"loans":"","tags":[],"curLedger":"x","currencies":{"a":1},"subcats":["a"],"curAccount":""}
newer	{"lang":5,"settings":1700000000000,"accounts":2,"currencies":100,"curAccount":1}|{"accounts":1700000000000,"assets":100,"tags":100,"currencies":1700000000000}
adopt	{"lang":5,"settings":5,"assets":1,"loans":100,"subs":100,"currencies":2,"subcats":5,"curAccount":1}|{"customCats":2,"accounts":2,"assets":2,"loans":1700000000000,"subs":1,"tags":1700000000000,"currencies":0,"subcats":100,"curAccount":1700000000000}|{"lang":{},"settings":{"a":1},"accounts":{"a":1},"assets":false,"loans":"x","subs":"x","templates":["a"],"tags":{"a":1},"curLedger":false,"currencies":null,"subcats":0}
newer	{"lang":5,"settings":5,"assets":1,"loans":100,"subs":100,"currencies":2,"subcats":5,"curAccount":1}|{"customCats":2,"accounts":2,"assets":2,"loans":1700000000000,"subs":1,"tags":1700000000000,"currencies":0,"subcats":100,"curAccount":1700000000000}
adopt	{"customCats":0,"loans":2,"subs":0,"templates":1,"tags":1700000000000,"currencies":2,"subcats":5,"curAccount":0}|{"lang":1700000000000,"customCats":5,"accounts":5,"assets":5,"loans":0,"curLedger":0,"currencies":2,"curAccount":5}|{"lang":["a"],"settings":"","customCats":"x","loans":[],"subs":"","tags":{"a":1},"curLedger":null,"curAccount":{"a":1}}
newer	{"customCats":0,"loans":2,"subs":0,"templates":1,"tags":1700000000000,"currencies":2,"subcats":5,"curAccount":0}|{"lang":1700000000000,"customCats":5,"accounts":5,"assets":5,"loans":0,"curLedger":0,"currencies":2,"curAccount":5}
adopt	{"settings":5,"customCats":5,"tags":5,"curLedger":100,"currencies":0,"curAccount":2}|{"settings":1,"accounts":0,"subs":0,"curLedger":1700000000000,"currencies":2,"subcats":2,"curAccount":1700000000000}|{"lang":["a"],"settings":0,"customCats":["a"],"accounts":null,"assets":{"a":1},"subs":{"a":1},"tags":"x","curLedger":null,"subcats":"x","curAccount":["a"]}
newer	{"settings":5,"customCats":5,"tags":5,"curLedger":100,"currencies":0,"curAccount":2}|{"settings":1,"accounts":0,"subs":0,"curLedger":1700000000000,"currencies":2,"subcats":2,"curAccount":1700000000000}
adopt	{"settings":2,"accounts":1,"assets":5,"loans":1700000000000,"subs":0,"templates":100,"tags":100,"curLedger":5,"curAccount":100}|{"lang":5,"settings":5,"customCats":2,"accounts":100,"templates":100,"subcats":100,"curAccount":1}|{"lang":"x","settings":[],"assets":["a"],"loans":false,"subs":{},"templates":false,"tags":0,"curLedger":null,"currencies":0,"subcats":["a"],"curAccount":false}
newer	{"settings":2,"accounts":1,"assets":5,"loans":1700000000000,"subs":0,"templates":100,"tags":100,"curLedger":5,"curAccount":100}|{"lang":5,"settings":5,"customCats":2,"accounts":100,"templates":100,"subcats":100,"curAccount":1}
adopt	{"settings":1,"accounts":100}|{"lang":1,"settings":2,"customCats":1700000000000,"subs":5,"templates":5,"tags":0,"currencies":1700000000000}|{"lang":{"a":1},"settings":"","customCats":{},"accounts":{},"assets":0,"subs":{"a":1},"templates":["a"],"tags":false,"curLedger":false,"currencies":false,"subcats":null,"curAccount":{}}
newer	{"settings":1,"accounts":100}|{"lang":1,"settings":2,"customCats":1700000000000,"subs":5,"templates":5,"tags":0,"currencies":1700000000000}
adopt	{"settings":1,"loans":1700000000000,"tags":1700000000000,"curLedger":2,"curAccount":1}|{"settings":0,"customCats":1,"accounts":1,"subs":100,"currencies":100,"subcats":2,"curAccount":100}|{"lang":"","customCats":false,"accounts":false,"loans":{"a":1},"subs":["a"],"tags":"","currencies":{},"curAccount":false}
newer	{"settings":1,"loans":1700000000000,"tags":1700000000000,"curLedger":2,"curAccount":1}|{"settings":0,"customCats":1,"accounts":1,"subs":100,"currencies":100,"subcats":2,"curAccount":100}
adopt	{"lang":1,"settings":0,"accounts":0,"assets":1700000000000,"loans":2,"templates":5,"curLedger":5,"subcats":1,"curAccount":1}|{"lang":2,"settings":100,"customCats":1,"subs":100,"tags":100,"curLedger":1700000000000,"currencies":0,"subcats":1,"curAccount":5}|{"lang":["a"],"settings":{"a":1},"customCats":["a"],"accounts":[],"assets":["a"],"loans":{},"subs":["a"],"templates":[],"tags":["a"],"curLedger":["a"],"subcats":false,"curAccount":{"a":1}}
newer	{"lang":1,"settings":0,"accounts":0,"assets":1700000000000,"loans":2,"templates":5,"curLedger":5,"subcats":1,"curAccount":1}|{"lang":2,"settings":100,"customCats":1,"subs":100,"tags":100,"curLedger":1700000000000,"currencies":0,"subcats":1,"curAccount":5}
adopt	{"lang":5,"accounts":1,"assets":1700000000000,"loans":2,"curLedger":5,"currencies":5,"curAccount":2}|none|{"settings":false,"assets":0,"loans":0,"templates":{},"tags":0,"curLedger":"","currencies":"","curAccount":{"a":1}}
newer	{"lang":5,"accounts":1,"assets":1700000000000,"loans":2,"curLedger":5,"currencies":5,"curAccount":2}|none
adopt	{"lang":100,"settings":100,"accounts":2,"curAccount":0}|{"tags":0,"currencies":1700000000000,"subcats":0,"curAccount":1700000000000}|{"lang":[],"settings":[],"accounts":"","loans":{},"subs":null,"templates":{},"tags":"x","currencies":[],"subcats":0}
newer	{"lang":100,"settings":100,"accounts":2,"curAccount":0}|{"tags":0,"currencies":1700000000000,"subcats":0,"curAccount":1700000000000}
adopt	{"lang":5,"customCats":1,"assets":1,"templates":5,"tags":1700000000000,"curAccount":1}|{"settings":1700000000000,"customCats":2,"loans":100,"subs":0,"curAccount":5}|{"customCats":false,"accounts":false,"assets":0,"loans":null,"subs":"","templates":["a"],"tags":0,"subcats":{},"curAccount":"x"}
newer	{"lang":5,"customCats":1,"assets":1,"templates":5,"tags":1700000000000,"curAccount":1}|{"settings":1700000000000,"customCats":2,"loans":100,"subs":0,"curAccount":5}
adopt	{"assets":2,"templates":5,"tags":0,"currencies":1700000000000}|{"customCats":5,"accounts":100,"templates":1,"tags":5,"curLedger":1700000000000,"curAccount":5}|{"lang":{},"settings":null,"accounts":0,"assets":null,"templates":{},"tags":{},"subcats":[],"curAccount":"x"}
newer	{"assets":2,"templates":5,"tags":0,"currencies":1700000000000}|{"customCats":5,"accounts":100,"templates":1,"tags":5,"curLedger":1700000000000,"curAccount":5}
adopt	{"lang":5,"settings":1,"customCats":2,"accounts":5,"templates":2,"tags":5,"currencies":100,"subcats":100,"curAccount":1700000000000}|{"lang":2,"settings":1700000000000,"customCats":0,"loans":1,"curLedger":1700000000000,"currencies":0,"subcats":1700000000000,"curAccount":5}|{"settings":[],"customCats":null,"assets":null,"loans":"x","templates":[],"tags":[],"curLedger":{},"currencies":["a"]}
newer	{"lang":5,"settings":1,"customCats":2,"accounts":5,"templates":2,"tags":5,"currencies":100,"subcats":100,"curAccount":1700000000000}|{"lang":2,"settings":1700000000000,"customCats":0,"loans":1,"curLedger":1700000000000,"currencies":0,"subcats":1700000000000,"curAccount":5}
adopt	{"loans":100,"subs":1,"templates":100,"tags":1700000000000,"curLedger":5,"subcats":0,"curAccount":1700000000000}|{"customCats":0,"assets":100,"subs":1700000000000,"templates":5,"curLedger":100,"currencies":100,"subcats":1700000000000}|{"lang":null,"accounts":false,"assets":null,"subs":"","templates":"","curLedger":null,"curAccount":false}
newer	{"loans":100,"subs":1,"templates":100,"tags":1700000000000,"curLedger":5,"subcats":0,"curAccount":1700000000000}|{"customCats":0,"assets":100,"subs":1700000000000,"templates":5,"curLedger":100,"currencies":100,"subcats":1700000000000}
adopt	{"settings":5,"customCats":2,"assets":100,"subs":1,"templates":5,"curAccount":100}|{"lang":0,"settings":5,"customCats":2,"accounts":1700000000000,"assets":1,"tags":1,"curLedger":0,"subcats":0}|{"lang":false,"settings":{},"subs":false,"templates":"","curLedger":["a"]}
newer	{"settings":5,"customCats":2,"assets":100,"subs":1,"templates":5,"curAccount":100}|{"lang":0,"settings":5,"customCats":2,"accounts":1700000000000,"assets":1,"tags":1,"curLedger":0,"subcats":0}
adopt	{"accounts":1700000000000,"assets":0,"templates":2,"tags":1700000000000,"subcats":0}|{"lang":5,"assets":1,"loans":100,"subs":1}|{"customCats":{"a":1},"accounts":["a"],"assets":false,"loans":"x","subs":{},"templates":false,"tags":{"a":1},"curLedger":{},"subcats":[],"curAccount":[]}
newer	{"accounts":1700000000000,"assets":0,"templates":2,"tags":1700000000000,"subcats":0}|{"lang":5,"assets":1,"loans":100,"subs":1}
adopt	{"lang":1700000000000,"settings":2,"accounts":100,"assets":1700000000000,"loans":100,"templates":5,"currencies":0,"subcats":1700000000000,"curAccount":0}|{"accounts":1700000000000,"assets":1700000000000,"loans":1,"currencies":1700000000000}|{"lang":[],"settings":"x","customCats":"","accounts":{"a":1},"assets":[],"loans":"","subs":[],"templates":"","tags":null,"curLedger":["a"],"currencies":{},"subcats":{},"curAccount":"x"}
newer	{"lang":1700000000000,"settings":2,"accounts":100,"assets":1700000000000,"loans":100,"templates":5,"currencies":0,"subcats":1700000000000,"curAccount":0}|{"accounts":1700000000000,"assets":1700000000000,"loans":1,"currencies":1700000000000}
adopt	{"lang":5,"settings":0,"accounts":2,"loans":0,"subs":1,"templates":100,"tags":100,"curLedger":1,"currencies":0,"curAccount":1}|{"lang":1700000000000,"assets":100,"loans":100,"tags":1700000000000,"currencies":1700000000000,"subcats":2}|{"lang":{},"settings":["a"],"customCats":["a"],"accounts":null,"subs":{},"templates":false,"tags":{"a":1},"curLedger":0,"currencies":false,"subcats":"","curAccount":{"a":1}}
newer	{"lang":5,"settings":0,"accounts":2,"loans":0,"subs":1,"templates":100,"tags":100,"curLedger":1,"currencies":0,"curAccount":1}|{"lang":1700000000000,"assets":100,"loans":100,"tags":1700000000000,"currencies":1700000000000,"subcats":2}
adopt	{"accounts":0,"assets":2,"loans":1,"subs":1700000000000,"templates":5}|{"lang":0,"subs":1700000000000,"templates":1700000000000,"currencies":0}|{"settings":"x","customCats":["a"],"assets":["a"],"loans":false,"tags":"x","currencies":"x","subcats":{"a":1},"curAccount":[]}
newer	{"accounts":0,"assets":2,"loans":1,"subs":1700000000000,"templates":5}|{"lang":0,"subs":1700000000000,"templates":1700000000000,"currencies":0}
adopt	{"settings":2,"accounts":0,"assets":2,"loans":100,"subs":0,"templates":1,"tags":0,"curLedger":2}|{"settings":5,"customCats":0,"loans":0,"templates":0,"curLedger":5,"currencies":5,"subcats":1,"curAccount":1700000000000}|{"settings":[],"customCats":{"a":1},"accounts":{"a":1},"assets":{},"loans":"","subs":"","templates":{"a":1},"currencies":"","subcats":{},"curAccount":false}
newer	{"settings":2,"accounts":0,"assets":2,"loans":100,"subs":0,"templates":1,"tags":0,"curLedger":2}|{"settings":5,"customCats":0,"loans":0,"templates":0,"curLedger":5,"currencies":5,"subcats":1,"curAccount":1700000000000}
adopt	{"customCats":0,"assets":1700000000000,"loans":1,"tags":100}|{"settings":5,"customCats":0,"loans":0,"subs":100,"templates":100,"curLedger":100,"currencies":1700000000000,"subcats":0}|{"lang":0,"customCats":"","accounts":["a"],"assets":{"a":1},"tags":[],"curLedger":false,"currencies":null}
newer	{"customCats":0,"assets":1700000000000,"loans":1,"tags":100}|{"settings":5,"customCats":0,"loans":0,"subs":100,"templates":100,"curLedger":100,"currencies":1700000000000,"subcats":0}
adopt	{"accounts":0,"assets":5,"loans":100,"subs":0,"tags":1700000000000,"curLedger":1700000000000,"currencies":100,"subcats":1,"curAccount":1700000000000}|{"lang":100,"subs":100,"curLedger":1700000000000}|{"lang":false,"settings":{"a":1},"accounts":null,"assets":null,"loans":0,"subs":"","curLedger":{},"currencies":0,"subcats":["a"]}
newer	{"accounts":0,"assets":5,"loans":100,"subs":0,"tags":1700000000000,"curLedger":1700000000000,"currencies":100,"subcats":1,"curAccount":1700000000000}|{"lang":100,"subs":100,"curLedger":1700000000000}
adopt	{"settings":2,"customCats":100,"accounts":1700000000000,"loans":0,"subs":1700000000000,"curLedger":0,"subcats":1700000000000}|none|{"customCats":0,"assets":["a"],"loans":{},"subs":{"a":1},"templates":{"a":1},"tags":[],"curLedger":0,"subcats":null}
newer	{"settings":2,"customCats":100,"accounts":1700000000000,"loans":0,"subs":1700000000000,"curLedger":0,"subcats":1700000000000}|none
adopt	{"loans":2,"subs":100,"templates":1,"curLedger":0,"subcats":0}|{"lang":5,"settings":1,"customCats":2,"assets":1,"curLedger":1700000000000,"currencies":1,"subcats":1700000000000,"curAccount":1}|{"lang":0,"settings":null,"customCats":null,"assets":"","subs":null,"curLedger":[],"subcats":["a"],"curAccount":[]}
newer	{"loans":2,"subs":100,"templates":1,"curLedger":0,"subcats":0}|{"lang":5,"settings":1,"customCats":2,"assets":1,"curLedger":1700000000000,"currencies":1,"subcats":1700000000000,"curAccount":1}
adopt	{"customCats":5,"accounts":100,"loans":1700000000000,"subs":100,"tags":5,"currencies":0,"curAccount":5}|{"accounts":100,"subs":1700000000000,"templates":0,"curLedger":1,"subcats":1700000000000}|{"lang":[],"settings":[],"customCats":null,"accounts":{},"assets":["a"],"subs":["a"],"templates":0,"tags":"","curLedger":"x","currencies":["a"],"subcats":[],"curAccount":""}
newer	{"customCats":5,"accounts":100,"loans":1700000000000,"subs":100,"tags":5,"currencies":0,"curAccount":5}|{"accounts":100,"subs":1700000000000,"templates":0,"curLedger":1,"subcats":1700000000000}
adopt	{"lang":2,"settings":1700000000000,"customCats":2,"loans":1700000000000,"subcats":1,"curAccount":1}|{"customCats":1,"assets":1,"subs":2,"templates":1700000000000,"tags":2,"curLedger":5,"currencies":1700000000000,"subcats":0}|{"lang":null,"settings":false,"customCats":["a"],"accounts":[],"loans":null,"tags":"","curLedger":{"a":1},"currencies":"","subcats":false}
newer	{"lang":2,"settings":1700000000000,"customCats":2,"loans":1700000000000,"subcats":1,"curAccount":1}|{"customCats":1,"assets":1,"subs":2,"templates":1700000000000,"tags":2,"curLedger":5,"currencies":1700000000000,"subcats":0}
adopt	{"lang":1,"accounts":0,"subs":1,"tags":100,"currencies":1,"subcats":2}|{"accounts":5,"assets":1,"loans":2,"subs":1700000000000,"templates":1,"curLedger":2,"curAccount":1700000000000}|{"lang":"","accounts":0,"assets":["a"],"templates":{},"curLedger":{},"subcats":"","curAccount":0}
newer	{"lang":1,"accounts":0,"subs":1,"tags":100,"currencies":1,"subcats":2}|{"accounts":5,"assets":1,"loans":2,"subs":1700000000000,"templates":1,"curLedger":2,"curAccount":1700000000000}
adopt	{"settings":1,"customCats":1,"loans":5,"subs":1700000000000,"curLedger":0,"subcats":2,"curAccount":0}|{"settings":5,"subs":100,"templates":1,"tags":0,"curLedger":0,"curAccount":5}|{"lang":{},"settings":false,"customCats":{"a":1},"assets":{"a":1},"loans":{},"subs":0,"templates":"","curLedger":[],"currencies":{"a":1},"subcats":0}
newer	{"settings":1,"customCats":1,"loans":5,"subs":1700000000000,"curLedger":0,"subcats":2,"curAccount":0}|{"settings":5,"subs":100,"templates":1,"tags":0,"curLedger":0,"curAccount":5}
adopt	{"lang":2,"settings":1700000000000,"customCats":100,"accounts":1700000000000,"loans":5,"subs":1,"templates":2,"tags":5,"curAccount":100}|{"lang":100,"settings":1,"customCats":2,"accounts":5,"assets":1700000000000,"loans":1700000000000,"subs":1,"tags":100,"currencies":100,"curAccount":100}|{"lang":[],"settings":0,"customCats":{"a":1},"assets":"x","loans":null,"templates":null,"tags":null,"curLedger":null,"subcats":{},"curAccount":false}
newer	{"lang":2,"settings":1700000000000,"customCats":100,"accounts":1700000000000,"loans":5,"subs":1,"templates":2,"tags":5,"curAccount":100}|{"lang":100,"settings":1,"customCats":2,"accounts":5,"assets":1700000000000,"loans":1700000000000,"subs":1,"tags":100,"currencies":100,"curAccount":100}
adopt	{"settings":0,"assets":1700000000000,"subs":5,"templates":5,"curLedger":1700000000000}|{"loans":100,"subs":1,"templates":5,"subcats":100,"curAccount":1}|{"settings":"x","accounts":null,"assets":0,"loans":["a"],"templates":null,"tags":{"a":1},"curLedger":["a"]}
newer	{"settings":0,"assets":1700000000000,"subs":5,"templates":5,"curLedger":1700000000000}|{"loans":100,"subs":1,"templates":5,"subcats":100,"curAccount":1}
adopt	{"settings":100,"customCats":2,"accounts":1,"assets":1700000000000,"templates":2,"tags":1,"subcats":100}|{"lang":5,"settings":100,"customCats":5,"loans":0,"subs":2,"tags":0,"curLedger":1700000000000}|{"lang":"","settings":0,"customCats":null,"accounts":0,"loans":{"a":1},"subs":["a"],"templates":[],"tags":"","curLedger":null,"currencies":{"a":1},"subcats":{"a":1}}
newer	{"settings":100,"customCats":2,"accounts":1,"assets":1700000000000,"templates":2,"tags":1,"subcats":100}|{"lang":5,"settings":100,"customCats":5,"loans":0,"subs":2,"tags":0,"curLedger":1700000000000}
adopt	{"settings":0,"customCats":1700000000000,"accounts":2,"assets":5,"tags":2}|{"lang":5,"settings":0,"accounts":5,"subs":5,"templates":1700000000000,"curLedger":1}|{"lang":"x","settings":null,"customCats":["a"],"accounts":{},"assets":null,"loans":null,"templates":"","curLedger":["a"],"currencies":{"a":1},"subcats":["a"],"curAccount":"x"}
newer	{"settings":0,"customCats":1700000000000,"accounts":2,"assets":5,"tags":2}|{"lang":5,"settings":0,"accounts":5,"subs":5,"templates":1700000000000,"curLedger":1}
adopt	{"lang":2,"settings":100,"accounts":1700000000000,"loans":100,"subs":2,"templates":5,"currencies":0,"curAccount":2}|none|{"settings":"","customCats":{},"accounts":["a"],"assets":{"a":1},"loans":{"a":1},"tags":"","curAccount":false}
newer	{"lang":2,"settings":100,"accounts":1700000000000,"loans":100,"subs":2,"templates":5,"currencies":0,"curAccount":2}|none
adopt	{"lang":100,"settings":100,"accounts":1700000000000,"templates":0,"currencies":100,"subcats":1,"curAccount":1700000000000}|{"lang":1,"customCats":0,"accounts":2,"subs":5,"templates":1,"tags":100,"currencies":100}|{"lang":0,"settings":[],"customCats":null,"assets":{},"loans":"","tags":false,"curAccount":""}
newer	{"lang":100,"settings":100,"accounts":1700000000000,"templates":0,"currencies":100,"subcats":1,"curAccount":1700000000000}|{"lang":1,"customCats":0,"accounts":2,"subs":5,"templates":1,"tags":100,"currencies":100}
adopt	{"settings":0,"customCats":2,"assets":1,"loans":0,"subs":0,"tags":1700000000000,"currencies":2,"curAccount":5}|{"lang":0,"settings":1700000000000,"assets":2,"subs":1700000000000,"templates":0,"curLedger":100,"subcats":1700000000000,"curAccount":1700000000000}|{"lang":["a"],"settings":["a"],"customCats":[],"assets":null,"loans":{"a":1},"templates":null,"tags":0,"currencies":false}
newer	{"settings":0,"customCats":2,"assets":1,"loans":0,"subs":0,"tags":1700000000000,"currencies":2,"curAccount":5}|{"lang":0,"settings":1700000000000,"assets":2,"subs":1700000000000,"templates":0,"curLedger":100,"subcats":1700000000000,"curAccount":1700000000000}
adopt	{"settings":5,"customCats":0,"loans":100,"subs":1700000000000,"subcats":2,"curAccount":1700000000000}|{"lang":1700000000000,"customCats":100,"accounts":2,"loans":100,"subs":100,"templates":0,"currencies":0,"subcats":2,"curAccount":0}|{"lang":[],"customCats":null,"accounts":{"a":1},"assets":["a"],"loans":0,"subs":{"a":1},"templates":{},"tags":null,"curLedger":0}
newer	{"settings":5,"customCats":0,"loans":100,"subs":1700000000000,"subcats":2,"curAccount":1700000000000}|{"lang":1700000000000,"customCats":100,"accounts":2,"loans":100,"subs":100,"templates":0,"currencies":0,"subcats":2,"curAccount":0}
adopt	{"settings":1,"assets":1700000000000,"loans":0,"subs":1700000000000,"curLedger":0,"subcats":1,"curAccount":100}|{"accounts":0,"loans":5,"subs":1,"templates":100,"tags":0,"curLedger":1,"currencies":5,"curAccount":1700000000000}|{"settings":false,"accounts":{"a":1},"assets":["a"],"loans":[],"subs":0,"templates":["a"],"tags":{},"curLedger":"x","currencies":[],"subcats":""}
newer	{"settings":1,"assets":1700000000000,"loans":0,"subs":1700000000000,"curLedger":0,"subcats":1,"curAccount":100}|{"accounts":0,"loans":5,"subs":1,"templates":100,"tags":0,"curLedger":1,"currencies":5,"curAccount":1700000000000}
adopt	{"subs":1,"tags":1,"curLedger":1,"subcats":1,"curAccount":100}|none|{"lang":[],"customCats":{},"accounts":0,"assets":{},"loans":"x","subs":"","templates":"x","curLedger":0,"currencies":["a"],"subcats":{}}
newer	{"subs":1,"tags":1,"curLedger":1,"subcats":1,"curAccount":100}|none
adopt	{"customCats":2,"accounts":0,"loans":100,"subs":1,"curLedger":0,"subcats":0,"curAccount":0}|{"lang":5,"settings":5,"accounts":1,"assets":1,"subs":0,"templates":100}|{"lang":{"a":1},"settings":0,"customCats":0,"accounts":{"a":1},"loans":false,"tags":["a"],"curLedger":"","subcats":false,"curAccount":["a"]}
newer	{"customCats":2,"accounts":0,"loans":100,"subs":1,"curLedger":0,"subcats":0,"curAccount":0}|{"lang":5,"settings":5,"accounts":1,"assets":1,"subs":0,"templates":100}
adopt	{"settings":2,"customCats":5,"assets":1700000000000,"loans":5,"subs":5,"curLedger":0,"currencies":1700000000000,"subcats":1}|{"lang":1,"settings":1700000000000,"customCats":2,"accounts":0,"loans":100,"curLedger":2,"currencies":1,"curAccount":1}|{"lang":["a"],"settings":{},"customCats":0,"subs":null,"curLedger":["a"],"currencies":["a"],"subcats":0,"curAccount":""}
newer	{"settings":2,"customCats":5,"assets":1700000000000,"loans":5,"subs":5,"curLedger":0,"currencies":1700000000000,"subcats":1}|{"lang":1,"settings":1700000000000,"customCats":2,"accounts":0,"loans":100,"curLedger":2,"currencies":1,"curAccount":1}
adopt	{"lang":1700000000000,"customCats":1,"loans":0,"subs":100,"tags":2,"currencies":100,"subcats":0,"curAccount":5}|{"lang":2,"customCats":2,"subs":0,"templates":0,"tags":5}|{"lang":[],"settings":{},"accounts":["a"],"assets":[],"templates":"","tags":["a"],"curLedger":false,"curAccount":"x"}
newer	{"lang":1700000000000,"customCats":1,"loans":0,"subs":100,"tags":2,"currencies":100,"subcats":0,"curAccount":5}|{"lang":2,"customCats":2,"subs":0,"templates":0,"tags":5}
adopt	{"lang":1700000000000,"customCats":1700000000000,"accounts":2,"assets":1,"subs":100,"tags":0,"subcats":1,"curAccount":5}|{"templates":1700000000000,"curLedger":100,"currencies":100,"subcats":0,"curAccount":5}|{"lang":["a"],"settings":"","customCats":[],"accounts":false,"subs":0,"templates":[],"tags":null,"currencies":{"a":1},"curAccount":false}
newer	{"lang":1700000000000,"customCats":1700000000000,"accounts":2,"assets":1,"subs":100,"tags":0,"subcats":1,"curAccount":5}|{"templates":1700000000000,"curLedger":100,"currencies":100,"subcats":0,"curAccount":5}
adopt	{"lang":100,"loans":2,"tags":5,"currencies":0,"subcats":5}|{"lang":1700000000000,"assets":5,"loans":1700000000000,"templates":1700000000000,"curLedger":5}|{"lang":null,"settings":0,"customCats":[],"loans":"x","subs":{},"templates":["a"],"currencies":""}
newer	{"lang":100,"loans":2,"tags":5,"currencies":0,"subcats":5}|{"lang":1700000000000,"assets":5,"loans":1700000000000,"templates":1700000000000,"curLedger":5}
adopt	{"lang":0,"customCats":1,"accounts":1700000000000,"assets":2,"subs":5,"templates":1,"tags":5,"curLedger":5,"subcats":1,"curAccount":2}|{"lang":100,"accounts":2,"loans":1,"subs":0,"tags":1700000000000,"curLedger":2,"curAccount":1700000000000}|{"lang":{"a":1},"customCats":[],"accounts":"x","loans":{},"templates":0,"tags":[],"curLedger":{"a":1},"currencies":false,"subcats":"x","curAccount":"x"}
newer	{"lang":0,"customCats":1,"accounts":1700000000000,"assets":2,"subs":5,"templates":1,"tags":5,"curLedger":5,"subcats":1,"curAccount":2}|{"lang":100,"accounts":2,"loans":1,"subs":0,"tags":1700000000000,"curLedger":2,"curAccount":1700000000000}
adopt	{"customCats":1,"accounts":5,"assets":100,"loans":0,"subs":0,"templates":2,"curLedger":1,"subcats":1}|{"lang":2,"customCats":1700000000000,"templates":2,"curLedger":5,"currencies":1}|{"lang":"x","settings":null,"accounts":["a"],"assets":{},"loans":null,"subs":false,"templates":{},"curLedger":"","currencies":{"a":1},"subcats":null,"curAccount":0}
newer	{"customCats":1,"accounts":5,"assets":100,"loans":0,"subs":0,"templates":2,"curLedger":1,"subcats":1}|{"lang":2,"customCats":1700000000000,"templates":2,"curLedger":5,"currencies":1}
adopt	{"customCats":0,"currencies":5,"curAccount":5}|{"loans":2,"subs":1,"templates":1,"curLedger":100,"currencies":5,"curAccount":2}|{"lang":{},"customCats":{"a":1},"accounts":null,"assets":{},"loans":[],"templates":false,"curLedger":null,"currencies":"","subcats":"","curAccount":{}}
newer	{"customCats":0,"currencies":5,"curAccount":5}|{"loans":2,"subs":1,"templates":1,"curLedger":100,"currencies":5,"curAccount":2}
adopt	{"settings":2,"customCats":1700000000000,"accounts":1,"loans":5,"curLedger":100,"currencies":1700000000000,"subcats":2}|{"lang":1700000000000,"accounts":2,"assets":5,"subs":100,"curAccount":0}|{"lang":0,"customCats":"","accounts":[],"assets":{"a":1},"subs":"x","templates":false,"tags":{"a":1},"curLedger":{"a":1},"currencies":0,"subcats":{"a":1}}
newer	{"settings":2,"customCats":1700000000000,"accounts":1,"loans":5,"curLedger":100,"currencies":1700000000000,"subcats":2}|{"lang":1700000000000,"accounts":2,"assets":5,"subs":100,"curAccount":0}
adopt	{"lang":1700000000000,"customCats":1700000000000,"accounts":5,"tags":2,"curLedger":1}|{"customCats":1,"accounts":100,"assets":5,"templates":2,"subcats":1}|{"lang":0,"settings":[],"loans":"","subs":[],"templates":null,"tags":null,"curLedger":"x","subcats":[]}
newer	{"lang":1700000000000,"customCats":1700000000000,"accounts":5,"tags":2,"curLedger":1}|{"customCats":1,"accounts":100,"assets":5,"templates":2,"subcats":1}
adopt	{"settings":0,"customCats":0,"accounts":1700000000000,"loans":1700000000000,"templates":2,"curLedger":1,"currencies":1,"subcats":5}|{"lang":5,"subs":5,"templates":0,"tags":1700000000000,"curLedger":5,"curAccount":5}|{"settings":"","customCats":"x","assets":"x","loans":[],"subs":"","templates":0,"tags":null,"curLedger":false,"curAccount":null}
newer	{"settings":0,"customCats":0,"accounts":1700000000000,"loans":1700000000000,"templates":2,"curLedger":1,"currencies":1,"subcats":5}|{"lang":5,"subs":5,"templates":0,"tags":1700000000000,"curLedger":5,"curAccount":5}
adopt	{"lang":100,"settings":5,"accounts":100,"subs":0,"tags":100,"currencies":1,"curAccount":0}|{"lang":5,"assets":1,"tags":100,"curLedger":1,"subcats":100}|{"customCats":[],"accounts":[],"subs":false,"tags":"","subcats":"x","curAccount":["a"]}
newer	{"lang":100,"settings":5,"accounts":100,"subs":0,"tags":100,"currencies":1,"curAccount":0}|{"lang":5,"assets":1,"tags":100,"curLedger":1,"subcats":100}
adopt	{"settings":100,"customCats":1,"accounts":100,"assets":1700000000000,"loans":2,"templates":0,"tags":1,"curLedger":5,"curAccount":1700000000000}|{"settings":2,"assets":1700000000000,"subs":100,"templates":2,"curAccount":1}|{"lang":["a"],"customCats":"","accounts":"","assets":"","subs":null,"tags":0,"curLedger":false,"subcats":["a"],"curAccount":{}}
newer	{"settings":100,"customCats":1,"accounts":100,"assets":1700000000000,"loans":2,"templates":0,"tags":1,"curLedger":5,"curAccount":1700000000000}|{"settings":2,"assets":1700000000000,"subs":100,"templates":2,"curAccount":1}
adopt	{"lang":0,"settings":1,"accounts":1,"assets":1700000000000,"loans":5,"subs":2,"templates":5,"curLedger":1,"currencies":5,"curAccount":5}|{"settings":0,"customCats":2,"accounts":100,"currencies":5,"subcats":1,"curAccount":0}|{"lang":false,"settings":{},"customCats":false,"subs":0,"tags":{},"curLedger":false,"subcats":{"a":1}}
newer	{"lang":0,"settings":1,"accounts":1,"assets":1700000000000,"loans":5,"subs":2,"templates":5,"curLedger":1,"currencies":5,"curAccount":5}|{"settings":0,"customCats":2,"accounts":100,"currencies":5,"subcats":1,"curAccount":0}
adopt	{"settings":100,"accounts":1,"subs":1700000000000,"templates":0,"currencies":1,"subcats":1}|none|{"lang":"x","settings":false,"customCats":"x","accounts":{"a":1},"assets":false,"loans":{"a":1},"subs":{},"tags":"","curLedger":"","subcats":["a"],"curAccount":false}
newer	{"settings":100,"accounts":1,"subs":1700000000000,"templates":0,"currencies":1,"subcats":1}|none
adopt	{"customCats":1700000000000,"accounts":100,"tags":5,"curLedger":1700000000000,"curAccount":5}|{"customCats":2,"templates":2,"currencies":100,"subcats":2,"curAccount":2}|{"lang":["a"],"customCats":"x","accounts":{"a":1},"assets":[],"loans":"","curLedger":false,"subcats":null}
newer	{"customCats":1700000000000,"accounts":100,"tags":5,"curLedger":1700000000000,"curAccount":5}|{"customCats":2,"templates":2,"currencies":100,"subcats":2,"curAccount":2}
adopt	{"lang":5,"assets":100,"loans":5,"curLedger":1}|{"assets":2,"subs":1700000000000,"templates":1,"currencies":1700000000000,"subcats":5}|{"lang":[],"settings":0,"customCats":"x","accounts":{"a":1},"assets":false,"loans":["a"],"subs":false,"tags":["a"],"curLedger":0,"currencies":["a"],"subcats":"x","curAccount":"x"}
newer	{"lang":5,"assets":100,"loans":5,"curLedger":1}|{"assets":2,"subs":1700000000000,"templates":1,"currencies":1700000000000,"subcats":5}
adopt	{"lang":1,"settings":2,"accounts":2,"assets":100,"subs":1,"curLedger":5,"currencies":100,"subcats":0,"curAccount":100}|{"lang":5,"settings":1700000000000,"assets":2,"loans":5,"curAccount":5}|{"lang":false,"customCats":[],"accounts":"x","assets":{},"loans":"x","subs":"","templates":0,"tags":{"a":1},"curLedger":0,"subcats":0}
newer	{"lang":1,"settings":2,"accounts":2,"assets":100,"subs":1,"curLedger":5,"currencies":100,"subcats":0,"curAccount":100}|{"lang":5,"settings":1700000000000,"assets":2,"loans":5,"curAccount":5}
adopt	{"lang":1700000000000,"accounts":5,"subs":5,"templates":100,"tags":1,"currencies":1700000000000,"curAccount":1}|{"customCats":1700000000000,"accounts":100,"loans":2,"subs":1,"templates":100,"curLedger":1700000000000,"curAccount":5}|{"lang":"x","settings":"","assets":0,"loans":{"a":1},"subs":{},"templates":"","tags":["a"],"curLedger":[],"currencies":["a"],"subcats":0,"curAccount":[]}
newer	{"lang":1700000000000,"accounts":5,"subs":5,"templates":100,"tags":1,"currencies":1700000000000,"curAccount":1}|{"customCats":1700000000000,"accounts":100,"loans":2,"subs":1,"templates":100,"curLedger":1700000000000,"curAccount":5}
adopt	{"customCats":100,"accounts":1,"assets":2,"loans":1,"tags":100,"curLedger":5,"subcats":0}|{"assets":5,"loans":100,"subs":5,"templates":1700000000000,"tags":1700000000000,"currencies":2,"subcats":1700000000000}|{"settings":{},"accounts":[],"assets":["a"],"loans":false,"templates":{"a":1},"tags":{"a":1},"curLedger":0,"currencies":{},"subcats":["a"],"curAccount":[]}
newer	{"customCats":100,"accounts":1,"assets":2,"loans":1,"tags":100,"curLedger":5,"subcats":0}|{"assets":5,"loans":100,"subs":5,"templates":1700000000000,"tags":1700000000000,"currencies":2,"subcats":1700000000000}
adopt	{"lang":5,"customCats":1,"assets":2,"loans":100,"subs":5,"templates":1,"tags":2,"curLedger":5,"subcats":1700000000000}|{"lang":0,"settings":1,"customCats":100,"assets":5,"loans":1,"subs":100,"templates":5,"tags":1,"curLedger":0}|{"lang":{},"settings":["a"],"accounts":"","assets":{"a":1},"loans":{},"subs":{},"templates":false,"currencies":{"a":1}}
newer	{"lang":5,"customCats":1,"assets":2,"loans":100,"subs":5,"templates":1,"tags":2,"curLedger":5,"subcats":1700000000000}|{"lang":0,"settings":1,"customCats":100,"assets":5,"loans":1,"subs":100,"templates":5,"tags":1,"curLedger":0}
adopt	{"lang":0,"accounts":100,"loans":1700000000000,"tags":2,"subcats":100,"curAccount":1}|{"lang":5,"settings":2,"accounts":5,"assets":1,"loans":2,"tags":1}|{"lang":false,"settings":false,"customCats":{},"loans":0,"subs":["a"],"templates":{},"tags":null,"curLedger":{"a":1},"currencies":"x","subcats":""}
newer	{"lang":0,"accounts":100,"loans":1700000000000,"tags":2,"subcats":100,"curAccount":1}|{"lang":5,"settings":2,"accounts":5,"assets":1,"loans":2,"tags":1}
adopt	{"settings":2,"customCats":5,"accounts":1,"loans":5,"subs":1,"templates":2,"tags":100,"subcats":1700000000000,"curAccount":1700000000000}|{"lang":0,"settings":2,"customCats":1,"assets":2,"templates":0,"curLedger":100,"currencies":1,"subcats":1700000000000}|{"customCats":{"a":1},"accounts":0,"assets":["a"],"loans":null,"subs":"x","templates":0,"tags":false,"curLedger":[],"currencies":["a"],"subcats":["a"],"curAccount":{}}
newer	{"settings":2,"customCats":5,"accounts":1,"loans":5,"subs":1,"templates":2,"tags":100,"subcats":1700000000000,"curAccount":1700000000000}|{"lang":0,"settings":2,"customCats":1,"assets":2,"templates":0,"curLedger":100,"currencies":1,"subcats":1700000000000}
adopt	{"lang":1,"settings":5,"customCats":1700000000000,"subs":1,"curLedger":1}|{"lang":0,"settings":2,"customCats":1,"loans":0,"subs":1,"templates":2,"tags":0,"curLedger":5,"subcats":1700000000000,"curAccount":100}|{"settings":{"a":1},"assets":{},"loans":{},"subs":{},"curLedger":false,"currencies":[],"subcats":"x","curAccount":false}
newer	{"lang":1,"settings":5,"customCats":1700000000000,"subs":1,"curLedger":1}|{"lang":0,"settings":2,"customCats":1,"loans":0,"subs":1,"templates":2,"tags":0,"curLedger":5,"subcats":1700000000000,"curAccount":100}
adopt	{"lang":1700000000000,"settings":1700000000000,"subs":0,"tags":100,"currencies":2,"subcats":1}|{"settings":1700000000000,"customCats":2,"accounts":1,"assets":1700000000000,"tags":2}|{"lang":null,"settings":{"a":1},"assets":0,"templates":"","curLedger":null,"currencies":{"a":1},"subcats":"","curAccount":null}
newer	{"lang":1700000000000,"settings":1700000000000,"subs":0,"tags":100,"currencies":2,"subcats":1}|{"settings":1700000000000,"customCats":2,"accounts":1,"assets":1700000000000,"tags":2}
adopt	{"lang":5,"settings":1700000000000,"accounts":0,"assets":1700000000000,"loans":5,"subs":1,"tags":1,"currencies":0}|{"lang":1,"customCats":0,"accounts":1700000000000,"assets":1700000000000,"tags":1700000000000,"currencies":1,"curAccount":1}|{"lang":"","settings":"","customCats":{},"accounts":null,"assets":"","loans":"","subs":{},"templates":"x","currencies":"x","subcats":"x"}
newer	{"lang":5,"settings":1700000000000,"accounts":0,"assets":1700000000000,"loans":5,"subs":1,"tags":1,"currencies":0}|{"lang":1,"customCats":0,"accounts":1700000000000,"assets":1700000000000,"tags":1700000000000,"currencies":1,"curAccount":1}
adopt	{"settings":5,"customCats":1700000000000,"accounts":5,"assets":2,"loans":1700000000000,"curLedger":100,"currencies":100,"subcats":0}|{"lang":1700000000000,"customCats":2,"accounts":1,"loans":0,"subs":0,"curLedger":1,"currencies":100,"subcats":100}|{"settings":null,"loans":null,"subs":null,"templates":null,"tags":{"a":1},"curLedger":"","currencies":{"a":1},"subcats":0,"curAccount":{"a":1}}
newer	{"settings":5,"customCats":1700000000000,"accounts":5,"assets":2,"loans":1700000000000,"curLedger":100,"currencies":100,"subcats":0}|{"lang":1700000000000,"customCats":2,"accounts":1,"loans":0,"subs":0,"curLedger":1,"currencies":100,"subcats":100}
adopt	{"lang":0,"customCats":100,"accounts":1,"loans":1,"subs":1700000000000,"tags":1,"currencies":5}|{"settings":1,"assets":2,"loans":100,"subs":0,"templates":2}|{"lang":[],"settings":0,"accounts":false,"assets":null,"tags":0,"currencies":0,"subcats":"x","curAccount":0}
newer	{"lang":0,"customCats":100,"accounts":1,"loans":1,"subs":1700000000000,"tags":1,"currencies":5}|{"settings":1,"assets":2,"loans":100,"subs":0,"templates":2}
adopt	{"customCats":5,"accounts":2,"loans":1700000000000,"templates":1700000000000,"curLedger":0,"currencies":1700000000000,"subcats":0}|{"customCats":5,"accounts":5,"assets":0,"loans":1700000000000,"subcats":5,"curAccount":1}|{"settings":{},"customCats":{"a":1},"accounts":false,"assets":0,"loans":"x","subs":["a"],"curLedger":["a"],"currencies":"","subcats":{"a":1},"curAccount":""}
newer	{"customCats":5,"accounts":2,"loans":1700000000000,"templates":1700000000000,"curLedger":0,"currencies":1700000000000,"subcats":0}|{"customCats":5,"accounts":5,"assets":0,"loans":1700000000000,"subcats":5,"curAccount":1}
adopt	{"settings":100,"customCats":100,"tags":0,"subcats":5,"curAccount":100}|{"lang":1700000000000,"settings":2,"assets":5,"loans":2,"subs":100,"templates":2,"tags":1700000000000,"curLedger":5,"subcats":100}|{"customCats":["a"],"loans":null,"curLedger":false,"currencies":false,"subcats":false,"curAccount":0}
newer	{"settings":100,"customCats":100,"tags":0,"subcats":5,"curAccount":100}|{"lang":1700000000000,"settings":2,"assets":5,"loans":2,"subs":100,"templates":2,"tags":1700000000000,"curLedger":5,"subcats":100}
adopt	{"lang":5,"settings":0,"subs":1700000000000,"templates":2,"tags":5,"curLedger":100,"subcats":100,"curAccount":0}|{"lang":1700000000000,"settings":1700000000000,"assets":0,"subs":0,"tags":1,"curLedger":1,"currencies":5,"curAccount":2}|{"lang":["a"],"customCats":"x","subs":false,"templates":false,"tags":null,"curLedger":"x","subcats":0,"curAccount":{}}
newer	{"lang":5,"settings":0,"subs":1700000000000,"templates":2,"tags":5,"curLedger":100,"subcats":100,"curAccount":0}|{"lang":1700000000000,"settings":1700000000000,"assets":0,"subs":0,"tags":1,"curLedger":1,"currencies":5,"curAccount":2}
adopt	{"settings":2,"customCats":2,"accounts":1,"templates":100,"tags":0,"currencies":5,"curAccount":1700000000000}|{"lang":100,"accounts":5,"subs":0,"curLedger":2}|{"lang":"x","settings":0,"customCats":"x","accounts":"x","assets":["a"],"loans":false,"subs":0,"templates":"","tags":[],"curLedger":"","currencies":"x","subcats":"","curAccount":null}
newer	{"settings":2,"customCats":2,"accounts":1,"templates":100,"tags":0,"currencies":5,"curAccount":1700000000000}|{"lang":100,"accounts":5,"subs":0,"curLedger":2}
adopt	{"lang":2,"customCats":2,"subs":0,"tags":2,"currencies":2,"subcats":1700000000000,"curAccount":1700000000000}|none|{"lang":null,"settings":["a"],"accounts":"x","assets":{"a":1},"loans":null,"templates":{"a":1},"tags":[],"curLedger":null,"currencies":["a"],"curAccount":false}
newer	{"lang":2,"customCats":2,"subs":0,"tags":2,"currencies":2,"subcats":1700000000000,"curAccount":1700000000000}|none
adopt	{"lang":2,"assets":1700000000000,"loans":5,"subs":0,"templates":5,"tags":100,"curLedger":0,"curAccount":100}|{"settings":5,"accounts":2,"assets":1700000000000,"loans":2,"subs":0,"templates":1700000000000,"subcats":2}|{"accounts":[],"loans":["a"],"subs":["a"],"templates":null,"tags":0,"curLedger":"x","subcats":{}}
newer	{"lang":2,"assets":1700000000000,"loans":5,"subs":0,"templates":5,"tags":100,"curLedger":0,"curAccount":100}|{"settings":5,"accounts":2,"assets":1700000000000,"loans":2,"subs":0,"templates":1700000000000,"subcats":2}
adopt	{"assets":100,"loans":2,"subs":1700000000000,"templates":0,"tags":100,"curLedger":100,"currencies":2}|{"settings":1700000000000,"customCats":2,"accounts":100,"assets":1700000000000,"loans":1700000000000,"tags":1,"currencies":2,"subcats":100,"curAccount":1}|{"lang":"x","settings":"x","accounts":"","assets":"","loans":null,"subs":{"a":1},"tags":"","curLedger":[],"currencies":"x","subcats":"","curAccount":[]}
newer	{"assets":100,"loans":2,"subs":1700000000000,"templates":0,"tags":100,"curLedger":100,"currencies":2}|{"settings":1700000000000,"customCats":2,"accounts":100,"assets":1700000000000,"loans":1700000000000,"tags":1,"currencies":2,"subcats":100,"curAccount":1}
adopt	{"settings":100,"accounts":5,"assets":0,"loans":1700000000000,"templates":100,"tags":2,"curLedger":1700000000000,"currencies":5}|none|{"customCats":"","assets":{"a":1},"loans":{"a":1},"subs":0,"tags":[],"curLedger":0,"currencies":0,"subcats":"x","curAccount":""}
newer	{"settings":100,"accounts":5,"assets":0,"loans":1700000000000,"templates":100,"tags":2,"curLedger":1700000000000,"currencies":5}|none
adopt	{"lang":1700000000000,"customCats":5,"accounts":100,"assets":5,"loans":100,"templates":100,"subcats":2}|{"settings":5,"assets":1,"subs":1700000000000,"currencies":5,"subcats":1700000000000}|{"lang":["a"],"accounts":["a"],"assets":[],"subs":{"a":1},"templates":{"a":1},"tags":["a"],"currencies":false,"subcats":{"a":1}}
newer	{"lang":1700000000000,"customCats":5,"accounts":100,"assets":5,"loans":100,"templates":100,"subcats":2}|{"settings":5,"assets":1,"subs":1700000000000,"currencies":5,"subcats":1700000000000}
adopt	{"settings":2,"customCats":0,"accounts":5,"assets":100,"loans":2,"currencies":1,"subcats":1700000000000,"curAccount":100}|{"lang":2,"loans":100,"tags":0,"currencies":1}|{"settings":[],"customCats":false,"accounts":0,"assets":"x","loans":"x","subs":false,"curLedger":0,"subcats":["a"]}
newer	{"settings":2,"customCats":0,"accounts":5,"assets":100,"loans":2,"currencies":1,"subcats":1700000000000,"curAccount":100}|{"lang":2,"loans":100,"tags":0,"currencies":1}
adopt	{"customCats":5,"templates":2,"currencies":1700000000000}|{"lang":1700000000000,"customCats":100,"subs":2,"curLedger":1700000000000,"currencies":2,"curAccount":5}|{"lang":"","customCats":["a"],"accounts":["a"],"loans":0,"tags":["a"],"subcats":false,"curAccount":0}
newer	{"customCats":5,"templates":2,"currencies":1700000000000}|{"lang":1700000000000,"customCats":100,"subs":2,"curLedger":1700000000000,"currencies":2,"curAccount":5}
adopt	{"customCats":100,"accounts":5,"assets":0,"subs":2,"templates":5,"tags":1700000000000,"curLedger":2,"currencies":5,"curAccount":5}|{"assets":1,"subs":100,"tags":2,"curLedger":100,"currencies":1,"subcats":1700000000000,"curAccount":1}|{"lang":{"a":1},"settings":"","customCats":"x","accounts":"","assets":[],"loans":null,"templates":[],"tags":{"a":1},"curLedger":false,"currencies":{},"curAccount":{}}
newer	{"customCats":100,"accounts":5,"assets":0,"subs":2,"templates":5,"tags":1700000000000,"curLedger":2,"currencies":5,"curAccount":5}|{"assets":1,"subs":100,"tags":2,"curLedger":100,"currencies":1,"subcats":1700000000000,"curAccount":1}
adopt	{"accounts":5,"assets":100,"subs":1700000000000,"curAccount":5}|{"lang":1700000000000,"settings":0,"assets":0,"subs":1700000000000,"tags":2,"subcats":2,"curAccount":1700000000000}|{"lang":0,"settings":"","customCats":"","accounts":"","loans":0,"subs":["a"],"templates":"x","tags":["a"],"curLedger":{},"currencies":"x","subcats":false}
newer	{"accounts":5,"assets":100,"subs":1700000000000,"curAccount":5}|{"lang":1700000000000,"settings":0,"assets":0,"subs":1700000000000,"tags":2,"subcats":2,"curAccount":1700000000000}
adopt	{"lang":1700000000000,"settings":100,"customCats":2,"assets":2,"loans":100,"templates":5}|{"settings":2,"customCats":1700000000000,"accounts":1700000000000,"subs":100,"tags":5,"currencies":1,"subcats":100}|{"lang":"x","settings":["a"],"accounts":0,"assets":"","templates":false,"tags":null,"curLedger":false,"curAccount":"x"}
newer	{"lang":1700000000000,"settings":100,"customCats":2,"assets":2,"loans":100,"templates":5}|{"settings":2,"customCats":1700000000000,"accounts":1700000000000,"subs":100,"tags":5,"currencies":1,"subcats":100}
adopt	{"lang":100,"customCats":100,"accounts":1,"subs":100,"curLedger":100,"currencies":0,"subcats":5}|{"lang":0,"customCats":1,"accounts":100,"loans":100,"subs":1700000000000,"subcats":2,"curAccount":5}|{"settings":false,"customCats":[],"accounts":"","loans":false,"templates":0,"curLedger":false,"subcats":"x"}
newer	{"lang":100,"customCats":100,"accounts":1,"subs":100,"curLedger":100,"currencies":0,"subcats":5}|{"lang":0,"customCats":1,"accounts":100,"loans":100,"subs":1700000000000,"subcats":2,"curAccount":5}
adopt	{"settings":1700000000000,"customCats":2,"accounts":100,"loans":0,"subs":5,"tags":1,"curLedger":1,"curAccount":5}|{"customCats":1,"assets":100,"subs":0,"templates":5,"curLedger":0,"currencies":1700000000000,"curAccount":0}|{"lang":"x","settings":[],"customCats":[],"accounts":"x","loans":["a"],"tags":0,"curLedger":{},"currencies":"x","subcats":""}
newer	{"settings":1700000000000,"customCats":2,"accounts":100,"loans":0,"subs":5,"tags":1,"curLedger":1,"curAccount":5}|{"customCats":1,"assets":100,"subs":0,"templates":5,"curLedger":0,"currencies":1700000000000,"curAccount":0}
adopt	{"settings":2,"accounts":2,"assets":0,"subs":5,"tags":1,"curLedger":1700000000000,"currencies":1700000000000,"curAccount":5}|{"settings":5,"accounts":5,"assets":5,"subs":1,"tags":5,"curLedger":100}|{"lang":{},"customCats":false,"accounts":null,"assets":0,"loans":0,"subs":["a"],"templates":["a"],"tags":"","curLedger":["a"],"currencies":"","curAccount":["a"]}
newer	{"settings":2,"accounts":2,"assets":0,"subs":5,"tags":1,"curLedger":1700000000000,"currencies":1700000000000,"curAccount":5}|{"settings":5,"accounts":5,"assets":5,"subs":1,"tags":5,"curLedger":100}
adopt	{"lang":1700000000000,"settings":1,"customCats":1,"assets":5,"loans":1,"currencies":2,"subcats":0,"curAccount":1700000000000}|{"customCats":100,"accounts":100,"loans":5,"tags":5,"currencies":100,"subcats":100}|{"customCats":{},"loans":{},"subs":0,"tags":["a"],"curLedger":{"a":1},"currencies":"x","subcats":{"a":1},"curAccount":[]}
newer	{"lang":1700000000000,"settings":1,"customCats":1,"assets":5,"loans":1,"currencies":2,"subcats":0,"curAccount":1700000000000}|{"customCats":100,"accounts":100,"loans":5,"tags":5,"currencies":100,"subcats":100}
adopt	{"settings":5,"loans":100,"subs":5,"templates":0,"curLedger":1,"subcats":2,"curAccount":0}|{"lang":0,"loans":1,"templates":1700000000000,"tags":0,"curLedger":2}|{"lang":false,"settings":null,"customCats":null,"accounts":{"a":1},"assets":"","loans":{},"subs":["a"],"templates":null,"tags":{"a":1},"curLedger":{},"currencies":[],"subcats":{},"curAccount":{}}
newer	{"settings":5,"loans":100,"subs":5,"templates":0,"curLedger":1,"subcats":2,"curAccount":0}|{"lang":0,"loans":1,"templates":1700000000000,"tags":0,"curLedger":2}
adopt	{"assets":100,"loans":5,"curLedger":5,"subcats":100,"curAccount":1700000000000}|none|{"settings":[],"customCats":{},"accounts":0,"assets":0,"loans":0,"subs":[],"templates":{"a":1},"tags":[],"curLedger":"x","currencies":"","curAccount":0}
newer	{"assets":100,"loans":5,"curLedger":5,"subcats":100,"curAccount":1700000000000}|none
adopt	{"lang":1700000000000,"accounts":1700000000000,"assets":1,"templates":1,"tags":1700000000000,"currencies":2}|{"settings":0,"assets":5,"tags":0,"currencies":5,"curAccount":1}|{"settings":0,"customCats":{"a":1},"loans":"x","curLedger":0,"currencies":false,"curAccount":"x"}
newer	{"lang":1700000000000,"accounts":1700000000000,"assets":1,"templates":1,"tags":1700000000000,"currencies":2}|{"settings":0,"assets":5,"tags":0,"currencies":5,"curAccount":1}
adopt	{"customCats":1700000000000,"loans":5,"subs":1700000000000}|{"customCats":0,"accounts":100,"currencies":100,"subcats":0}|{"settings":"x","customCats":{"a":1},"loans":{"a":1},"templates":"","tags":false,"currencies":"","subcats":["a"],"curAccount":false}
newer	{"customCats":1700000000000,"loans":5,"subs":1700000000000}|{"customCats":0,"accounts":100,"currencies":100,"subcats":0}
adopt	{"customCats":2,"accounts":2,"subs":2,"tags":0,"curLedger":100,"subcats":100}|none|{"settings":[],"accounts":"x","assets":[],"subs":"","templates":false,"tags":0,"curLedger":false,"subcats":null}
newer	{"customCats":2,"accounts":2,"subs":2,"tags":0,"curLedger":100,"subcats":100}|none
adopt	{"lang":1700000000000,"customCats":2,"assets":1,"templates":0,"tags":2,"curLedger":1700000000000,"currencies":5,"subcats":1700000000000}|{"settings":100,"customCats":100,"subs":1700000000000,"templates":0,"currencies":0,"curAccount":5}|{"customCats":{},"accounts":{},"assets":false,"templates":[],"currencies":0,"subcats":"","curAccount":0}
newer	{"lang":1700000000000,"customCats":2,"assets":1,"templates":0,"tags":2,"curLedger":1700000000000,"currencies":5,"subcats":1700000000000}|{"settings":100,"customCats":100,"subs":1700000000000,"templates":0,"currencies":0,"curAccount":5}
adopt	{"customCats":1700000000000,"assets":100,"loans":1,"curLedger":0,"currencies":1,"curAccount":5}|{"customCats":0,"assets":1700000000000,"templates":0,"curAccount":1700000000000}|{"settings":{"a":1},"customCats":0,"loans":{},"subs":["a"],"templates":"","tags":null,"curLedger":{},"currencies":null,"subcats":0}
newer	{"customCats":1700000000000,"assets":100,"loans":1,"curLedger":0,"currencies":1,"curAccount":5}|{"customCats":0,"assets":1700000000000,"templates":0,"curAccount":1700000000000}
adopt	{"lang":100,"settings":1,"subs":0,"templates":0,"tags":5,"currencies":5,"subcats":1,"curAccount":0}|{"settings":100,"accounts":100,"loans":1700000000000,"subs":0,"templates":0,"tags":1,"curLedger":0}|{"settings":"","customCats":null,"accounts":["a"],"assets":null,"loans":{"a":1},"subs":null,"templates":"x","tags":{"a":1},"currencies":"","subcats":false}
newer	{"lang":100,"settings":1,"subs":0,"templates":0,"tags":5,"currencies":5,"subcats":1,"curAccount":0}|{"settings":100,"accounts":100,"loans":1700000000000,"subs":0,"templates":0,"tags":1,"curLedger":0}
adopt	{"lang":5,"settings":2,"customCats":1700000000000,"subs":1700000000000,"templates":2,"tags":0,"curLedger":0,"curAccount":1}|{"lang":1700000000000,"settings":2,"assets":100,"subs":1700000000000,"currencies":2,"subcats":1700000000000}|{"lang":{"a":1},"accounts":null,"assets":{},"loans":null,"templates":"","curLedger":false,"currencies":{"a":1},"subcats":null,"curAccount":"x"}
newer	{"lang":5,"settings":2,"customCats":1700000000000,"subs":1700000000000,"templates":2,"tags":0,"curLedger":0,"curAccount":1}|{"lang":1700000000000,"settings":2,"assets":100,"subs":1700000000000,"currencies":2,"subcats":1700000000000}
adopt	{"settings":1700000000000,"accounts":5,"assets":100,"loans":0,"subs":0,"curLedger":0,"currencies":1700000000000,"subcats":100}|{"accounts":1,"loans":100,"templates":1700000000000,"currencies":100,"subcats":2,"curAccount":2}|{"settings":{"a":1},"customCats":{},"accounts":[],"assets":"x","loans":false,"tags":{},"curLedger":[],"currencies":false,"subcats":"","curAccount":""}
newer	{"settings":1700000000000,"accounts":5,"assets":100,"loans":0,"subs":0,"curLedger":0,"currencies":1700000000000,"subcats":100}|{"accounts":1,"loans":100,"templates":1700000000000,"currencies":100,"subcats":2,"curAccount":2}
adopt	{"loans":1,"subs":2,"currencies":0,"curAccount":1}|{"lang":5,"customCats":0,"assets":5,"loans":100,"templates":0,"subcats":5,"curAccount":1}|{"customCats":null,"accounts":["a"],"assets":null,"loans":{},"templates":"x","currencies":{"a":1},"subcats":""}
newer	{"loans":1,"subs":2,"currencies":0,"curAccount":1}|{"lang":5,"customCats":0,"assets":5,"loans":100,"templates":0,"subcats":5,"curAccount":1}
adopt	{"lang":1,"settings":1700000000000,"customCats":1,"accounts":100,"assets":1700000000000,"curLedger":1700000000000,"currencies":1,"subcats":100,"curAccount":1700000000000}|{"accounts":2,"loans":2,"templates":0,"tags":0,"curAccount":1700000000000}|{"settings":false,"customCats":{"a":1},"accounts":["a"],"assets":{"a":1},"subs":{},"curLedger":false,"currencies":null,"subcats":false,"curAccount":[]}
newer	{"lang":1,"settings":1700000000000,"customCats":1,"accounts":100,"assets":1700000000000,"curLedger":1700000000000,"currencies":1,"subcats":100,"curAccount":1700000000000}|{"accounts":2,"loans":2,"templates":0,"tags":0,"curAccount":1700000000000}
adopt	{"customCats":2,"subs":1700000000000,"templates":100,"tags":100,"currencies":100,"subcats":0,"curAccount":100}|{"accounts":100,"loans":1700000000000,"curLedger":2,"currencies":1,"subcats":5}|{"lang":[],"accounts":{},"loans":false,"tags":null,"curLedger":{},"subcats":[],"curAccount":[]}
newer	{"customCats":2,"subs":1700000000000,"templates":100,"tags":100,"currencies":100,"subcats":0,"curAccount":100}|{"accounts":100,"loans":1700000000000,"curLedger":2,"currencies":1,"subcats":5}
adopt	{"customCats":1700000000000,"accounts":100,"assets":1,"loans":1,"templates":5,"currencies":5,"subcats":2,"curAccount":2}|{"accounts":0,"assets":0,"subs":100,"tags":1,"curLedger":0,"currencies":1700000000000}|{"settings":false,"customCats":"x","accounts":null,"loans":"x","subs":false,"templates":{},"tags":false,"curLedger":[],"subcats":0,"curAccount":0}
newer	{"customCats":1700000000000,"accounts":100,"assets":1,"loans":1,"templates":5,"currencies":5,"subcats":2,"curAccount":2}|{"accounts":0,"assets":0,"subs":100,"tags":1,"curLedger":0,"currencies":1700000000000}
adopt	{"lang":5,"settings":1700000000000,"subs":1700000000000,"templates":1,"curAccount":1}|{"lang":1,"customCats":100,"assets":100,"loans":0,"tags":1700000000000,"curLedger":100,"currencies":1700000000000,"subcats":1700000000000}|{"lang":[],"settings":{"a":1},"accounts":[],"assets":0,"loans":{"a":1},"subs":"x","templates":"x","curLedger":{"a":1},"currencies":"","subcats":"x","curAccount":{}}
newer	{"lang":5,"settings":1700000000000,"subs":1700000000000,"templates":1,"curAccount":1}|{"lang":1,"customCats":100,"assets":100,"loans":0,"tags":1700000000000,"curLedger":100,"currencies":1700000000000,"subcats":1700000000000}
adopt	{"settings":0,"customCats":100,"subs":1,"curLedger":5,"curAccount":1}|none|{"customCats":{},"accounts":null,"assets":0,"loans":[],"subs":{},"tags":"x","curLedger":"x","subcats":{"a":1},"curAccount":["a"]}
newer	{"settings":0,"customCats":100,"subs":1,"curLedger":5,"curAccount":1}|none
adopt	{"lang":100,"settings":100,"customCats":1,"loans":2,"subs":1,"tags":0,"curLedger":0}|{"lang":2,"accounts":2,"templates":5,"curLedger":1700000000000,"subcats":100}|{"settings":{"a":1},"customCats":{},"assets":"","loans":null,"subs":"x","templates":[],"curLedger":{},"subcats":null,"curAccount":"x"}
newer	{"lang":100,"settings":100,"customCats":1,"loans":2,"subs":1,"tags":0,"curLedger":0}|{"lang":2,"accounts":2,"templates":5,"curLedger":1700000000000,"subcats":100}
adopt	{"lang":1700000000000,"customCats":2,"accounts":100,"assets":1,"loans":1700000000000,"tags":5,"curLedger":0,"currencies":100}|{"settings":1700000000000,"assets":5,"loans":100,"templates":100,"currencies":5,"subcats":5}|{"settings":"","customCats":null,"accounts":"x","templates":{},"curLedger":{},"currencies":false,"subcats":{"a":1},"curAccount":false}
newer	{"lang":1700000000000,"customCats":2,"accounts":100,"assets":1,"loans":1700000000000,"tags":5,"curLedger":0,"currencies":100}|{"settings":1700000000000,"assets":5,"loans":100,"templates":100,"currencies":5,"subcats":5}
adopt	{"customCats":0,"subs":5,"templates":1,"curLedger":100,"currencies":1,"curAccount":0}|{"lang":100,"settings":5,"customCats":1,"accounts":2,"assets":100,"loans":1,"subs":5,"tags":0,"curLedger":5,"currencies":1700000000000,"curAccount":5}|{"lang":"x","settings":["a"],"customCats":[],"accounts":0,"loans":null,"subs":[],"templates":0,"tags":"x","curLedger":{"a":1},"subcats":{},"curAccount":""}
newer	{"customCats":0,"subs":5,"templates":1,"curLedger":100,"currencies":1,"curAccount":0}|{"lang":100,"settings":5,"customCats":1,"accounts":2,"assets":100,"loans":1,"subs":5,"tags":0,"curLedger":5,"currencies":1700000000000,"curAccount":5}
adopt	{"lang":2,"settings":5,"customCats":5,"subs":5,"tags":2}|none|{"lang":null,"subs":{"a":1},"templates":null,"curLedger":["a"],"currencies":{},"subcats":"x","curAccount":0}
newer	{"lang":2,"settings":5,"customCats":5,"subs":5,"tags":2}|none
adopt	{"lang":2,"customCats":2,"assets":100,"loans":0,"subs":1700000000000,"currencies":0,"curAccount":0}|none|{"settings":{"a":1},"customCats":0,"accounts":["a"],"loans":[],"subs":{},"templates":"","tags":[],"currencies":0,"subcats":"x","curAccount":0}
newer	{"lang":2,"customCats":2,"assets":100,"loans":0,"subs":1700000000000,"currencies":0,"curAccount":0}|none
adopt	{"lang":2,"accounts":0,"assets":2,"subs":2,"tags":2,"curAccount":5}|none|{"lang":["a"],"settings":{"a":1},"customCats":false,"accounts":{"a":1},"assets":0,"templates":["a"],"curLedger":"","currencies":"x","subcats":{"a":1},"curAccount":{}}
newer	{"lang":2,"accounts":0,"assets":2,"subs":2,"tags":2,"curAccount":5}|none
adopt	{"accounts":100,"assets":1700000000000,"tags":2,"currencies":100,"curAccount":1}|{"lang":1,"settings":2,"customCats":1700000000000,"subs":5,"templates":2,"curLedger":0,"currencies":1700000000000,"curAccount":1}|{"lang":"x","settings":{},"accounts":{"a":1},"assets":["a"],"loans":"","subs":0,"templates":0,"curLedger":{},"currencies":"","subcats":"","curAccount":null}
newer	{"accounts":100,"assets":1700000000000,"tags":2,"currencies":100,"curAccount":1}|{"lang":1,"settings":2,"customCats":1700000000000,"subs":5,"templates":2,"curLedger":0,"currencies":1700000000000,"curAccount":1}
adopt	{"lang":5,"settings":2,"accounts":0,"assets":1700000000000,"loans":100,"templates":0,"curLedger":1700000000000,"curAccount":1700000000000}|{"customCats":0,"assets":5,"subs":100,"templates":1}|{"settings":"","customCats":0,"assets":["a"],"subs":false,"tags":null,"curLedger":0,"currencies":false,"subcats":["a"]}
newer	{"lang":5,"settings":2,"accounts":0,"assets":1700000000000,"loans":100,"templates":0,"curLedger":1700000000000,"curAccount":1700000000000}|{"customCats":0,"assets":5,"subs":100,"templates":1}
adopt	{"assets":5,"subs":0,"templates":1,"tags":1,"curLedger":2,"currencies":5}|{"settings":1,"customCats":1,"templates":100,"tags":1,"curLedger":5,"subcats":0}|{"lang":null,"settings":["a"],"customCats":false,"assets":null,"loans":[],"templates":["a"],"tags":"","curLedger":0}
newer	{"assets":5,"subs":0,"templates":1,"tags":1,"curLedger":2,"currencies":5}|{"settings":1,"customCats":1,"templates":100,"tags":1,"curLedger":5,"subcats":0}
adopt	{"lang":0,"settings":100,"accounts":100,"assets":5,"loans":5,"templates":2,"tags":1}|none|{"settings":{"a":1},"customCats":"","accounts":"","assets":null,"loans":{},"subs":"x","templates":0,"tags":0,"currencies":false}
newer	{"lang":0,"settings":100,"accounts":100,"assets":5,"loans":5,"templates":2,"tags":1}|none
adopt	{"settings":1,"customCats":0,"assets":5,"subs":0,"templates":1700000000000,"curLedger":2,"currencies":0,"curAccount":2}|{"lang":0,"settings":100,"customCats":1700000000000,"accounts":2,"loans":1,"subs":0}|{"settings":null,"customCats":"","assets":false,"subs":"","curLedger":null,"currencies":{},"curAccount":null}
newer	{"settings":1,"customCats":0,"assets":5,"subs":0,"templates":1700000000000,"curLedger":2,"currencies":0,"curAccount":2}|{"lang":0,"settings":100,"customCats":1700000000000,"accounts":2,"loans":1,"subs":0}
adopt	{"lang":5,"assets":100,"loans":1700000000000,"subs":2,"templates":0,"curLedger":1700000000000,"currencies":0}|{"lang":5,"curLedger":1700000000000,"curAccount":2}|{"lang":{"a":1},"settings":"","customCats":{"a":1},"accounts":[],"subs":{},"curLedger":{},"currencies":{"a":1},"subcats":""}
newer	{"lang":5,"assets":100,"loans":1700000000000,"subs":2,"templates":0,"curLedger":1700000000000,"currencies":0}|{"lang":5,"curLedger":1700000000000,"curAccount":2}
adopt	{"lang":1,"settings":100,"assets":100,"curLedger":1700000000000,"subcats":1700000000000}|{"lang":2,"customCats":2,"accounts":1,"assets":0,"loans":1700000000000,"tags":5,"currencies":100,"subcats":1}|{"settings":"","customCats":{"a":1},"accounts":["a"],"assets":{"a":1},"loans":false,"subs":["a"],"templates":{},"tags":false,"currencies":false,"subcats":"x","curAccount":[]}
newer	{"lang":1,"settings":100,"assets":100,"curLedger":1700000000000,"subcats":1700000000000}|{"lang":2,"customCats":2,"accounts":1,"assets":0,"loans":1700000000000,"tags":5,"currencies":100,"subcats":1}
adopt	{"lang":0,"settings":0,"accounts":0,"loans":0,"tags":1700000000000,"currencies":2}|{"customCats":100,"assets":2,"curLedger":1,"currencies":2}|{"lang":"x","customCats":0,"assets":[],"loans":{"a":1},"subs":0,"templates":{},"curLedger":false,"subcats":0,"curAccount":null}
newer	{"lang":0,"settings":0,"accounts":0,"loans":0,"tags":1700000000000,"currencies":2}|{"customCats":100,"assets":2,"curLedger":1,"currencies":2}
adopt	{"customCats":2,"accounts":5,"assets":2,"curLedger":1700000000000,"subcats":0}|{"settings":5,"subs":1,"tags":100,"curLedger":1,"curAccount":5}|{"lang":["a"],"settings":{"a":1},"customCats":{},"assets":0,"loans":"x","templates":false,"tags":false,"curLedger":null,"currencies":{},"subcats":{},"curAccount":""}
newer	{"customCats":2,"accounts":5,"assets":2,"curLedger":1700000000000,"subcats":0}|{"settings":5,"subs":1,"tags":100,"curLedger":1,"curAccount":5}
adopt	{"lang":2,"assets":0,"loans":0,"subs":2,"tags":5,"curLedger":5,"currencies":100,"curAccount":1700000000000}|{"lang":5,"settings":0,"customCats":1,"templates":100,"tags":1700000000000,"curLedger":5,"currencies":100,"subcats":0}|{"lang":["a"],"settings":{"a":1},"customCats":"x","accounts":"x","assets":{"a":1},"loans":0,"subs":false,"templates":null,"tags":["a"],"curLedger":{},"currencies":null,"subcats":["a"]}
newer	{"lang":2,"assets":0,"loans":0,"subs":2,"tags":5,"curLedger":5,"currencies":100,"curAccount":1700000000000}|{"lang":5,"settings":0,"customCats":1,"templates":100,"tags":1700000000000,"curLedger":5,"currencies":100,"subcats":0}
adopt	{"lang":100,"settings":100,"accounts":1,"subs":100,"templates":100,"tags":5,"currencies":100,"subcats":0}|{"settings":1700000000000,"customCats":100,"loans":5,"templates":1,"currencies":2,"curAccount":0}|{"settings":{"a":1},"accounts":0,"subs":"","templates":false,"curLedger":{},"currencies":false,"subcats":{"a":1},"curAccount":[]}
newer	{"lang":100,"settings":100,"accounts":1,"subs":100,"templates":100,"tags":5,"currencies":100,"subcats":0}|{"settings":1700000000000,"customCats":100,"loans":5,"templates":1,"currencies":2,"curAccount":0}
adopt	{"lang":1,"accounts":1,"assets":5,"loans":2,"tags":1}|{"assets":2,"loans":100,"templates":1700000000000,"tags":0,"curLedger":5,"subcats":100,"curAccount":1700000000000}|{"settings":[],"customCats":false,"accounts":[],"assets":[],"loans":{"a":1},"subs":[],"templates":["a"],"tags":"","curLedger":0,"subcats":{},"curAccount":"x"}
newer	{"lang":1,"accounts":1,"assets":5,"loans":2,"tags":1}|{"assets":2,"loans":100,"templates":1700000000000,"tags":0,"curLedger":5,"subcats":100,"curAccount":1700000000000}
adopt	{"lang":2,"customCats":0,"accounts":1700000000000,"assets":100,"tags":1700000000000}|{"settings":5,"assets":5,"loans":0,"subs":1,"templates":1,"tags":2,"currencies":5,"subcats":0,"curAccount":5}|{"settings":false,"customCats":"x","accounts":false,"assets":"","loans":false,"templates":[],"curLedger":false,"currencies":{"a":1},"subcats":["a"],"curAccount":0}
newer	{"lang":2,"customCats":0,"accounts":1700000000000,"assets":100,"tags":1700000000000}|{"settings":5,"assets":5,"loans":0,"subs":1,"templates":1,"tags":2,"currencies":5,"subcats":0,"curAccount":5}
adopt	{"customCats":0,"assets":2,"subs":2,"templates":1,"subcats":1,"curAccount":2}|{"lang":0,"settings":0,"accounts":100,"assets":5,"loans":2,"templates":1700000000000,"curAccount":5}|{"lang":{},"settings":"x","customCats":false,"assets":["a"],"loans":["a"],"subs":{},"curLedger":null,"currencies":false,"subcats":"x","curAccount":{}}
newer	{"customCats":0,"assets":2,"subs":2,"templates":1,"subcats":1,"curAccount":2}|{"lang":0,"settings":0,"accounts":100,"assets":5,"loans":2,"templates":1700000000000,"curAccount":5}
adopt	{"settings":0,"accounts":0,"assets":0,"tags":0,"curLedger":100,"subcats":1,"curAccount":0}|{"lang":1700000000000,"settings":0,"loans":100,"subs":0,"templates":0,"tags":0,"curLedger":0,"currencies":1700000000000,"subcats":0,"curAccount":0}|{"lang":"","settings":0,"accounts":["a"],"assets":{},"templates":["a"],"curLedger":{},"currencies":"x","subcats":["a"]}
newer	{"settings":0,"accounts":0,"assets":0,"tags":0,"curLedger":100,"subcats":1,"curAccount":0}|{"lang":1700000000000,"settings":0,"loans":100,"subs":0,"templates":0,"tags":0,"curLedger":0,"currencies":1700000000000,"subcats":0,"curAccount":0}
adopt	{"lang":1,"customCats":1700000000000,"accounts":0,"assets":1,"loans":100,"subs":1700000000000,"templates":0,"curLedger":100,"subcats":1,"curAccount":100}|{"settings":1700000000000,"customCats":100,"accounts":100,"loans":0,"subs":100,"templates":1700000000000,"curAccount":5}|{"lang":"","settings":0,"accounts":0,"assets":[],"subs":["a"],"templates":false,"currencies":{"a":1},"subcats":null,"curAccount":[]}
newer	{"lang":1,"customCats":1700000000000,"accounts":0,"assets":1,"loans":100,"subs":1700000000000,"templates":0,"curLedger":100,"subcats":1,"curAccount":100}|{"settings":1700000000000,"customCats":100,"accounts":100,"loans":0,"subs":100,"templates":1700000000000,"curAccount":5}
adopt	{"lang":1700000000000,"settings":0,"customCats":1700000000000,"assets":1,"loans":5,"subs":1700000000000,"templates":100,"tags":1700000000000,"curLedger":2,"subcats":5,"curAccount":5}|{"assets":1,"loans":1700000000000,"subs":1700000000000,"curAccount":1}|{"settings":null,"assets":null,"loans":null,"subs":false,"templates":"x","tags":[],"curLedger":0}
newer	{"lang":1700000000000,"settings":0,"customCats":1700000000000,"assets":1,"loans":5,"subs":1700000000000,"templates":100,"tags":1700000000000,"curLedger":2,"subcats":5,"curAccount":5}|{"assets":1,"loans":1700000000000,"subs":1700000000000,"curAccount":1}
adopt	{"settings":0,"accounts":1,"subs":1700000000000,"templates":2,"curLedger":5,"currencies":1700000000000,"subcats":100}|{"lang":2,"customCats":100,"accounts":0,"assets":1700000000000,"subs":2,"tags":2,"currencies":100,"subcats":5,"curAccount":0}|{"lang":{},"settings":{},"loans":"","templates":{"a":1},"curLedger":null,"currencies":false,"subcats":["a"]}
newer	{"settings":0,"accounts":1,"subs":1700000000000,"templates":2,"curLedger":5,"currencies":1700000000000,"subcats":100}|{"lang":2,"customCats":100,"accounts":0,"assets":1700000000000,"subs":2,"tags":2,"currencies":100,"subcats":5,"curAccount":0}
adopt	{"customCats":0,"assets":2,"loans":1,"subs":5,"subcats":100}|{"settings":100,"accounts":5,"loans":1700000000000,"subs":0,"tags":2,"currencies":1700000000000,"subcats":1,"curAccount":1700000000000}|{"lang":{},"settings":"x","customCats":{"a":1},"accounts":0,"assets":{"a":1},"loans":null,"tags":"x","curLedger":"","subcats":{},"curAccount":{"a":1}}
newer	{"customCats":0,"assets":2,"loans":1,"subs":5,"subcats":100}|{"settings":100,"accounts":5,"loans":1700000000000,"subs":0,"tags":2,"currencies":1700000000000,"subcats":1,"curAccount":1700000000000}
adopt	{"lang":5,"accounts":1,"assets":5,"loans":1,"templates":1,"tags":5,"curLedger":100,"subcats":2}|{"customCats":0,"assets":1,"templates":5,"tags":1700000000000}|{"customCats":"","accounts":0,"loans":{},"templates":{"a":1},"tags":0,"curLedger":false,"subcats":{"a":1},"curAccount":{"a":1}}
newer	{"lang":5,"accounts":1,"assets":5,"loans":1,"templates":1,"tags":5,"curLedger":100,"subcats":2}|{"customCats":0,"assets":1,"templates":5,"tags":1700000000000}
adopt	{"lang":1,"settings":2,"customCats":1,"assets":100,"subs":0,"tags":0,"subcats":2,"curAccount":5}|{"settings":2,"customCats":1700000000000,"accounts":2,"loans":2,"templates":0,"tags":5}|{"lang":[],"settings":{},"customCats":0,"accounts":[],"assets":"x","loans":[],"subs":null,"templates":false,"tags":"x","curLedger":false,"currencies":{},"subcats":"","curAccount":""}
newer	{"lang":1,"settings":2,"customCats":1,"assets":100,"subs":0,"tags":0,"subcats":2,"curAccount":5}|{"settings":2,"customCats":1700000000000,"accounts":2,"loans":2,"templates":0,"tags":5}
adopt	{"settings":5,"customCats":1,"subs":5,"templates":1,"curLedger":2,"currencies":5,"subcats":0}|{"lang":2,"settings":100,"subs":1700000000000,"templates":2,"tags":5,"curLedger":1700000000000,"currencies":100,"subcats":2}|{"customCats":[],"accounts":[],"assets":"","loans":["a"],"subs":null,"templates":{"a":1},"tags":"x","curLedger":"x","currencies":null,"subcats":"x","curAccount":["a"]}
newer	{"settings":5,"customCats":1,"subs":5,"templates":1,"curLedger":2,"currencies":5,"subcats":0}|{"lang":2,"settings":100,"subs":1700000000000,"templates":2,"tags":5,"curLedger":1700000000000,"currencies":100,"subcats":2}
adopt	{"lang":2,"accounts":2,"templates":1700000000000,"currencies":1,"subcats":1700000000000,"curAccount":0}|{"lang":5,"settings":0,"accounts":1,"subs":1,"templates":5,"currencies":5,"curAccount":100}|{"lang":[],"settings":[],"customCats":{"a":1},"accounts":0,"assets":null,"subs":null,"templates":{"a":1},"currencies":false,"subcats":false,"curAccount":0}
newer	{"lang":2,"accounts":2,"templates":1700000000000,"currencies":1,"subcats":1700000000000,"curAccount":0}|{"lang":5,"settings":0,"accounts":1,"subs":1,"templates":5,"currencies":5,"curAccount":100}
adopt	{"lang":1,"assets":5,"subs":1700000000000,"templates":100,"tags":100,"currencies":1,"subcats":0}|{"loans":2,"tags":5,"currencies":5,"curAccount":2}|{"lang":"","settings":"x","customCats":false,"loans":"x","subs":false,"currencies":"","subcats":false,"curAccount":false}
newer	{"lang":1,"assets":5,"subs":1700000000000,"templates":100,"tags":100,"currencies":1,"subcats":0}|{"loans":2,"tags":5,"currencies":5,"curAccount":2}
adopt	{"customCats":5,"assets":5,"loans":1700000000000,"subs":1700000000000}|none|{"settings":"x","customCats":{},"accounts":"x","assets":0,"loans":false,"subs":null,"tags":{},"subcats":["a"],"curAccount":{"a":1}}
newer	{"customCats":5,"assets":5,"loans":1700000000000,"subs":1700000000000}|none
adopt	{"lang":2,"accounts":1,"loans":5,"subs":100,"tags":1700000000000,"currencies":100,"curAccount":2}|{"accounts":5,"loans":100,"subs":1,"templates":2,"currencies":5,"subcats":5,"curAccount":0}|{"lang":null,"loans":0,"subs":null,"curLedger":false,"currencies":[],"subcats":null,"curAccount":false}
newer	{"lang":2,"accounts":1,"loans":5,"subs":100,"tags":1700000000000,"currencies":100,"curAccount":2}|{"accounts":5,"loans":100,"subs":1,"templates":2,"currencies":5,"subcats":5,"curAccount":0}
adopt	{"lang":1700000000000,"settings":2,"customCats":5,"accounts":5,"assets":100,"templates":0,"tags":5,"currencies":1700000000000,"curAccount":1}|{"lang":1,"customCats":5,"accounts":0,"templates":5,"tags":0,"curLedger":1700000000000,"curAccount":2}|{"lang":["a"],"customCats":["a"],"accounts":0,"assets":[],"loans":"","subs":{"a":1},"templates":null,"curLedger":null,"currencies":["a"],"subcats":[]}
newer	{"lang":1700000000000,"settings":2,"customCats":5,"accounts":5,"assets":100,"templates":0,"tags":5,"currencies":1700000000000,"curAccount":1}|{"lang":1,"customCats":5,"accounts":0,"templates":5,"tags":0,"curLedger":1700000000000,"curAccount":2}
adopt	{"lang":5,"settings":100,"curLedger":0,"currencies":1}|{"lang":1700000000000,"settings":1,"loans":1,"templates":1,"curAccount":1}|{"lang":{},"settings":"x","accounts":0,"assets":{"a":1},"subs":null,"curLedger":["a"],"currencies":{},"subcats":0}
newer	{"lang":5,"settings":100,"curLedger":0,"currencies":1}|{"lang":1700000000000,"settings":1,"loans":1,"templates":1,"curAccount":1}
adopt	{"lang":1700000000000,"accounts":5,"loans":5,"tags":1,"subcats":0}|{"lang":100,"settings":5,"accounts":100,"assets":5,"subs":0,"templates":0,"curAccount":1700000000000}|{"lang":["a"],"settings":0,"assets":"","loans":false,"tags":["a"],"curLedger":["a"],"currencies":"x","subcats":"x"}
newer	{"lang":1700000000000,"accounts":5,"loans":5,"tags":1,"subcats":0}|{"lang":100,"settings":5,"accounts":100,"assets":5,"subs":0,"templates":0,"curAccount":1700000000000}
adopt	{"lang":0,"accounts":2,"assets":1,"loans":5,"subs":0,"currencies":100,"subcats":1,"curAccount":100}|{"assets":100,"loans":5,"subs":2,"templates":5,"subcats":100}|{"lang":null,"settings":"x","customCats":false,"loans":false,"templates":["a"],"curLedger":"x","currencies":{"a":1},"subcats":["a"],"curAccount":{"a":1}}
newer	{"lang":0,"accounts":2,"assets":1,"loans":5,"subs":0,"currencies":100,"subcats":1,"curAccount":100}|{"assets":100,"loans":5,"subs":2,"templates":5,"subcats":100}
adopt	{"lang":100,"customCats":5,"accounts":1700000000000,"assets":1,"subs":0,"templates":1700000000000,"tags":5,"curLedger":100}|{"settings":1700000000000,"customCats":2,"templates":100,"tags":2,"curLedger":5,"curAccount":0}|{"lang":"","settings":0,"customCats":["a"],"accounts":0,"assets":["a"],"loans":"x","subs":"x","templates":["a"],"tags":null,"curLedger":false,"subcats":{},"curAccount":null}
newer	{"lang":100,"customCats":5,"accounts":1700000000000,"assets":1,"subs":0,"templates":1700000000000,"tags":5,"curLedger":100}|{"settings":1700000000000,"customCats":2,"templates":100,"tags":2,"curLedger":5,"curAccount":0}
adopt	{"lang":100,"customCats":0,"accounts":100,"loans":1,"subs":1,"subcats":5}|none|{"lang":{},"settings":0,"accounts":["a"],"assets":{"a":1},"loans":["a"],"templates":{},"curLedger":"x","subcats":0,"curAccount":{}}
newer	{"lang":100,"customCats":0,"accounts":100,"loans":1,"subs":1,"subcats":5}|none
adopt	{"accounts":2,"loans":1700000000000,"subs":2,"templates":1,"tags":1700000000000,"curLedger":2}|{"lang":5,"settings":1,"subs":1,"curLedger":100}|{"lang":["a"],"settings":[],"accounts":false,"assets":["a"],"templates":0,"tags":false,"curLedger":[],"subcats":{},"curAccount":["a"]}
newer	{"accounts":2,"loans":1700000000000,"subs":2,"templates":1,"tags":1700000000000,"curLedger":2}|{"lang":5,"settings":1,"subs":1,"curLedger":100}
adopt	{"lang":1,"accounts":2,"loans":5,"templates":5,"subcats":5,"curAccount":1}|{"assets":1700000000000,"loans":100,"subs":1,"templates":1,"subcats":2,"curAccount":1}|{"lang":{"a":1},"settings":{},"customCats":0,"accounts":["a"],"assets":0,"loans":"","subs":[],"templates":"","tags":[],"curLedger":[],"currencies":{},"curAccount":""}
newer	{"lang":1,"accounts":2,"loans":5,"templates":5,"subcats":5,"curAccount":1}|{"assets":1700000000000,"loans":100,"subs":1,"templates":1,"subcats":2,"curAccount":1}
adopt	{"lang":1700000000000,"accounts":1700000000000,"assets":1700000000000,"loans":2,"subs":1700000000000,"curLedger":1,"currencies":2,"subcats":1}|{"settings":0,"customCats":5,"loans":100,"tags":1700000000000,"currencies":1700000000000,"subcats":2}|{"lang":false,"settings":["a"],"customCats":0,"assets":"","loans":{"a":1},"tags":"x","curLedger":null,"subcats":{},"curAccount":[]}
newer	{"lang":1700000000000,"accounts":1700000000000,"assets":1700000000000,"loans":2,"subs":1700000000000,"curLedger":1,"currencies":2,"subcats":1}|{"settings":0,"customCats":5,"loans":100,"tags":1700000000000,"currencies":1700000000000,"subcats":2}
adopt	{"lang":0,"settings":1700000000000,"accounts":1,"assets":5,"loans":1700000000000,"templates":1700000000000,"curLedger":1,"currencies":0,"subcats":1,"curAccount":2}|{"lang":5,"customCats":5,"accounts":1,"assets":5,"subs":100,"tags":100}|{"lang":[],"settings":["a"],"customCats":{"a":1},"accounts":[],"assets":null,"loans":"","subs":"x","tags":{},"curLedger":false,"currencies":["a"],"subcats":{},"curAccount":"x"}
newer	{"lang":0,"settings":1700000000000,"accounts":1,"assets":5,"loans":1700000000000,"templates":1700000000000,"curLedger":1,"currencies":0,"subcats":1,"curAccount":2}|{"lang":5,"customCats":5,"accounts":1,"assets":5,"subs":100,"tags":100}
adopt	{"accounts":0,"assets":5,"loans":5,"subs":1,"templates":5,"curLedger":100,"curAccount":1700000000000}|{"lang":0,"settings":100,"customCats":5,"assets":2,"templates":5,"tags":100,"subcats":100,"curAccount":0}|{"lang":{"a":1},"settings":["a"],"customCats":null,"assets":"x","loans":{"a":1},"subs":null,"templates":{"a":1},"curLedger":["a"],"currencies":"x","subcats":false}
newer	{"accounts":0,"assets":5,"loans":5,"subs":1,"templates":5,"curLedger":100,"curAccount":1700000000000}|{"lang":0,"settings":100,"customCats":5,"assets":2,"templates":5,"tags":100,"subcats":100,"curAccount":0}
adopt	{"settings":2,"accounts":1700000000000,"assets":1700000000000,"loans":1700000000000,"curLedger":1700000000000,"curAccount":5}|{"accounts":5,"assets":2,"loans":0,"subs":5,"curLedger":0,"currencies":2,"subcats":0,"curAccount":0}|{"settings":["a"],"customCats":false,"assets":"","loans":"","subs":0,"templates":"","tags":["a"],"curLedger":null,"currencies":{}}
newer	{"settings":2,"accounts":1700000000000,"assets":1700000000000,"loans":1700000000000,"curLedger":1700000000000,"curAccount":5}|{"accounts":5,"assets":2,"loans":0,"subs":5,"curLedger":0,"currencies":2,"subcats":0,"curAccount":0}
adopt	{"settings":0,"customCats":1,"accounts":5,"subs":0,"templates":1,"curLedger":2,"subcats":1700000000000}|none|{"lang":["a"],"settings":["a"],"customCats":{},"loans":0,"tags":{"a":1},"curLedger":"","subcats":["a"],"curAccount":false}
newer	{"settings":0,"customCats":1,"accounts":5,"subs":0,"templates":1,"curLedger":2,"subcats":1700000000000}|none
adopt	{"lang":5,"settings":100,"customCats":1700000000000,"accounts":1700000000000,"assets":1700000000000,"curLedger":1700000000000,"currencies":2,"curAccount":0}|{"settings":100,"customCats":1700000000000,"accounts":5,"assets":1,"templates":2,"tags":0,"currencies":1700000000000,"curAccount":1}|{"settings":{},"customCats":null,"accounts":{},"assets":["a"],"loans":null,"subs":{"a":1},"templates":false,"tags":"","currencies":[],"curAccount":[]}
newer	{"lang":5,"settings":100,"customCats":1700000000000,"accounts":1700000000000,"assets":1700000000000,"curLedger":1700000000000,"currencies":2,"curAccount":0}|{"settings":100,"customCats":1700000000000,"accounts":5,"assets":1,"templates":2,"tags":0,"currencies":1700000000000,"curAccount":1}
adopt	{"customCats":100,"assets":0,"loans":1,"subs":1,"tags":5,"curLedger":2}|{"lang":5,"settings":5,"accounts":0,"assets":1700000000000,"loans":1,"templates":1,"curLedger":1700000000000,"currencies":0}|{"lang":{"a":1},"customCats":[],"accounts":[],"assets":"x","loans":null,"templates":null,"tags":"x","curLedger":false,"subcats":["a"],"curAccount":[]}
newer	{"customCats":100,"assets":0,"loans":1,"subs":1,"tags":5,"curLedger":2}|{"lang":5,"settings":5,"accounts":0,"assets":1700000000000,"loans":1,"templates":1,"curLedger":1700000000000,"currencies":0}
adopt	{"lang":1,"settings":100,"assets":5,"loans":100,"subcats":2,"curAccount":1}|{"lang":1,"settings":2,"customCats":0,"accounts":100,"assets":2,"tags":1700000000000,"curLedger":1700000000000,"curAccount":0}|{"customCats":[],"accounts":null,"assets":null,"subs":"","tags":{"a":1},"currencies":"","subcats":{"a":1},"curAccount":false}
newer	{"lang":1,"settings":100,"assets":5,"loans":100,"subcats":2,"curAccount":1}|{"lang":1,"settings":2,"customCats":0,"accounts":100,"assets":2,"tags":1700000000000,"curLedger":1700000000000,"curAccount":0}
adopt	{"customCats":100,"accounts":0,"subs":100,"templates":2,"curLedger":1,"subcats":2}|{"lang":2,"settings":2,"accounts":1700000000000,"assets":5,"loans":5,"subs":1700000000000,"templates":0,"curLedger":0,"currencies":5,"curAccount":100}|{"lang":{},"settings":[],"customCats":false,"accounts":{},"subs":"","templates":null,"tags":[],"curLedger":[],"curAccount":[]}
newer	{"customCats":100,"accounts":0,"subs":100,"templates":2,"curLedger":1,"subcats":2}|{"lang":2,"settings":2,"accounts":1700000000000,"assets":5,"loans":5,"subs":1700000000000,"templates":0,"curLedger":0,"currencies":5,"curAccount":100}
adopt	{"lang":100,"settings":0,"accounts":1,"loans":1700000000000,"subs":2,"tags":2,"subcats":2,"curAccount":100}|{"settings":1,"customCats":100,"accounts":5,"assets":100,"loans":0,"templates":100,"currencies":1,"subcats":100,"curAccount":1700000000000}|{"lang":{"a":1},"settings":false,"customCats":{"a":1},"accounts":false,"loans":false,"subs":"","templates":"","curLedger":["a"],"currencies":[],"subcats":{}}
newer	{"lang":100,"settings":0,"accounts":1,"loans":1700000000000,"subs":2,"tags":2,"subcats":2,"curAccount":100}|{"settings":1,"customCats":100,"accounts":5,"assets":100,"loans":0,"templates":100,"currencies":1,"subcats":100,"curAccount":1700000000000}
adopt	{"lang":5,"settings":2,"accounts":2,"subs":100,"curLedger":1700000000000}|{"customCats":2,"subs":2,"templates":100,"tags":100,"currencies":1700000000000,"subcats":1}|{"lang":["a"],"settings":null,"accounts":[],"subs":{"a":1},"templates":null,"tags":false,"curLedger":false,"currencies":{},"subcats":["a"],"curAccount":[]}
newer	{"lang":5,"settings":2,"accounts":2,"subs":100,"curLedger":1700000000000}|{"customCats":2,"subs":2,"templates":100,"tags":100,"currencies":1700000000000,"subcats":1}
adopt	{"lang":0,"settings":2,"accounts":1,"assets":0,"subs":5,"curLedger":100,"currencies":2,"curAccount":5}|none|{"lang":{},"settings":[],"accounts":["a"],"assets":{},"loans":{},"subs":0,"templates":["a"],"tags":0,"curLedger":false,"currencies":false,"curAccount":["a"]}
newer	{"lang":0,"settings":2,"accounts":1,"assets":0,"subs":5,"curLedger":100,"currencies":2,"curAccount":5}|none
adopt	{"lang":2,"settings":5,"assets":5}|none|{"settings":0,"customCats":false,"accounts":0,"assets":[],"loans":"","subs":null,"templates":0,"tags":{},"curLedger":null,"currencies":0,"subcats":"x","curAccount":[]}
newer	{"lang":2,"settings":5,"assets":5}|none
adopt	{"lang":1700000000000,"settings":1,"assets":0,"loans":5,"templates":1700000000000,"tags":5,"curLedger":5}|{"lang":1700000000000,"settings":1,"customCats":1,"loans":100,"subs":1700000000000,"templates":1,"tags":100,"curLedger":1,"currencies":0}|{"lang":0,"settings":[],"accounts":[],"assets":"","loans":[],"subs":"","tags":null,"curLedger":"x","currencies":{},"subcats":null,"curAccount":""}
newer	{"lang":1700000000000,"settings":1,"assets":0,"loans":5,"templates":1700000000000,"tags":5,"curLedger":5}|{"lang":1700000000000,"settings":1,"customCats":1,"loans":100,"subs":1700000000000,"templates":1,"tags":100,"curLedger":1,"currencies":0}
adopt	{"settings":0,"assets":5,"loans":1,"templates":0,"tags":1700000000000,"curLedger":100}|{"assets":2,"templates":5,"curLedger":1,"curAccount":1}|{"lang":{},"settings":["a"],"accounts":{},"assets":{},"loans":["a"],"templates":null,"curLedger":null,"currencies":"x"}
newer	{"settings":0,"assets":5,"loans":1,"templates":0,"tags":1700000000000,"curLedger":100}|{"assets":2,"templates":5,"curLedger":1,"curAccount":1}
adopt	{"settings":100,"customCats":1,"accounts":100,"assets":2,"loans":1700000000000,"subs":2,"tags":0,"curLedger":0,"currencies":2,"curAccount":1}|{"lang":5,"customCats":5,"accounts":2,"currencies":1}|{"lang":"x","settings":0,"customCats":{"a":1},"accounts":{"a":1},"assets":{},"loans":"x","tags":false,"curLedger":{"a":1},"currencies":{"a":1},"subcats":{"a":1}}
newer	{"settings":100,"customCats":1,"accounts":100,"assets":2,"loans":1700000000000,"subs":2,"tags":0,"curLedger":0,"currencies":2,"curAccount":1}|{"lang":5,"customCats":5,"accounts":2,"currencies":1}
adopt	{"lang":0,"settings":1700000000000,"customCats":0,"accounts":100,"assets":5,"loans":5,"templates":5,"tags":1700000000000,"currencies":0,"subcats":1700000000000}|{"subs":0,"curAccount":5}|{"lang":"x","customCats":[],"accounts":{"a":1},"assets":[],"templates":{"a":1},"tags":"x","currencies":["a"],"subcats":[],"curAccount":{"a":1}}
newer	{"lang":0,"settings":1700000000000,"customCats":0,"accounts":100,"assets":5,"loans":5,"templates":5,"tags":1700000000000,"currencies":0,"subcats":1700000000000}|{"subs":0,"curAccount":5}
adopt	{"lang":1700000000000,"subs":5,"tags":1,"currencies":100,"subcats":100}|none|{"lang":[],"settings":"x","customCats":"","loans":false,"subs":{},"tags":["a"],"curLedger":[],"currencies":[]}
newer	{"lang":1700000000000,"subs":5,"tags":1,"currencies":100,"subcats":100}|none
adopt	{"lang":0,"accounts":5,"loans":0,"tags":5,"curAccount":5}|{"settings":2,"customCats":5,"assets":1,"subs":100,"templates":1700000000000,"currencies":0}|{"settings":0,"customCats":null,"assets":"","loans":null,"subs":"","templates":{"a":1},"curLedger":"x","currencies":false,"subcats":false}
newer	{"lang":0,"accounts":5,"loans":0,"tags":5,"curAccount":5}|{"settings":2,"customCats":5,"assets":1,"subs":100,"templates":1700000000000,"currencies":0}
adopt	{"accounts":1,"subs":2,"templates":1,"tags":5,"curLedger":1700000000000,"currencies":5}|{"lang":0,"accounts":0,"assets":100,"loans":0,"subs":100,"tags":2,"currencies":0,"subcats":5,"curAccount":5}|{"settings":[],"customCats":0,"accounts":"","assets":false,"subs":"","templates":[],"tags":{},"currencies":"x","subcats":["a"],"curAccount":false}
newer	{"accounts":1,"subs":2,"templates":1,"tags":5,"curLedger":1700000000000,"currencies":5}|{"lang":0,"accounts":0,"assets":100,"loans":0,"subs":100,"tags":2,"currencies":0,"subcats":5,"curAccount":5}
adopt	{"lang":1,"settings":100,"customCats":1,"assets":5,"loans":1,"templates":5}|{"customCats":5,"accounts":5,"tags":0,"curLedger":1,"subcats":2}|{"lang":[],"settings":{"a":1},"customCats":"x","subs":0,"templates":"","tags":["a"],"curLedger":0,"curAccount":false}
newer	{"lang":1,"settings":100,"customCats":1,"assets":5,"loans":1,"templates":5}|{"customCats":5,"accounts":5,"tags":0,"curLedger":1,"subcats":2}
adopt	{"settings":0,"assets":1,"loans":100,"subs":1,"tags":2,"subcats":100,"curAccount":2}|{"customCats":0,"loans":0,"subs":1700000000000,"currencies":100,"subcats":1,"curAccount":1700000000000}|{"settings":null,"customCats":"x","accounts":{},"assets":null,"tags":false,"curLedger":false,"currencies":["a"],"subcats":{"a":1},"curAccount":0}
newer	{"settings":0,"assets":1,"loans":100,"subs":1,"tags":2,"subcats":100,"curAccount":2}|{"customCats":0,"loans":0,"subs":1700000000000,"currencies":100,"subcats":1,"curAccount":1700000000000}
adopt	{"accounts":100,"templates":0,"tags":1700000000000,"curLedger":2,"curAccount":100}|none|{"lang":["a"],"customCats":0,"assets":null,"subs":{},"templates":null,"tags":[],"curAccount":[]}
newer	{"accounts":100,"templates":0,"tags":1700000000000,"curLedger":2,"curAccount":100}|none
adopt	{"customCats":1,"assets":5,"templates":5,"tags":5,"curAccount":2}|{"accounts":2,"tags":2,"curLedger":5,"currencies":1,"subcats":0}|{"lang":"x","settings":false,"customCats":false,"accounts":["a"],"assets":"","loans":"x","templates":null,"tags":["a"],"curLedger":"x","currencies":[],"curAccount":"x"}
newer	{"customCats":1,"assets":5,"templates":5,"tags":5,"curAccount":2}|{"accounts":2,"tags":2,"curLedger":5,"currencies":1,"subcats":0}
adopt	{"accounts":2,"assets":1700000000000,"templates":1,"subcats":100}|{"lang":0,"customCats":2,"loans":100,"templates":5,"tags":0,"currencies":5}|{"settings":false,"assets":0,"loans":["a"],"subs":[],"templates":["a"],"tags":{"a":1},"currencies":0,"subcats":"x","curAccount":null}
newer	{"accounts":2,"assets":1700000000000,"templates":1,"subcats":100}|{"lang":0,"customCats":2,"loans":100,"templates":5,"tags":0,"currencies":5}
adopt	{"lang":1,"loans":2,"subs":2,"templates":0,"tags":1700000000000,"curLedger":1700000000000,"subcats":100}|{"lang":100,"templates":2,"currencies":2,"subcats":1700000000000,"curAccount":1}|{"lang":{},"settings":{"a":1},"customCats":"x","accounts":false,"subs":["a"],"curLedger":[],"currencies":{}}
newer	{"lang":1,"loans":2,"subs":2,"templates":0,"tags":1700000000000,"curLedger":1700000000000,"subcats":100}|{"lang":100,"templates":2,"currencies":2,"subcats":1700000000000,"curAccount":1}
adopt	{"lang":1700000000000,"settings":0,"accounts":1,"currencies":0,"subcats":2}|{"lang":100,"settings":1700000000000,"subs":1,"templates":2,"subcats":0}|{"lang":["a"],"accounts":"","assets":"","loans":"x","subs":null,"tags":["a"],"currencies":[],"subcats":0}
newer	{"lang":1700000000000,"settings":0,"accounts":1,"currencies":0,"subcats":2}|{"lang":100,"settings":1700000000000,"subs":1,"templates":2,"subcats":0}
adopt	{"customCats":100,"accounts":100,"assets":2,"curLedger":1,"subcats":100,"curAccount":0}|none|{"lang":"x","accounts":"","assets":null,"loans":null,"templates":["a"],"curLedger":false,"currencies":"x","subcats":"x","curAccount":0}
newer	{"customCats":100,"accounts":100,"assets":2,"curLedger":1,"subcats":100,"curAccount":0}|none
adopt	{"assets":100,"subs":2,"templates":1,"currencies":2,"curAccount":5}|{"lang":5,"accounts":1,"subs":1700000000000,"templates":0,"currencies":1700000000000,"curAccount":5}|{"lang":null,"settings":{},"customCats":false,"assets":"","loans":null,"subs":{},"templates":false,"tags":{},"curLedger":"x","currencies":{},"subcats":"","curAccount":{}}
newer	{"assets":100,"subs":2,"templates":1,"currencies":2,"curAccount":5}|{"lang":5,"accounts":1,"subs":1700000000000,"templates":0,"currencies":1700000000000,"curAccount":5}
adopt	{"settings":1,"assets":1,"loans":2,"subs":1700000000000,"templates":2,"currencies":2,"subcats":2}|{"customCats":2,"accounts":1700000000000,"assets":100,"subs":2,"templates":1700000000000,"tags":1700000000000,"curLedger":100,"curAccount":2}|{"lang":"","settings":[],"customCats":{},"accounts":{},"assets":{},"loans":{},"subs":[],"tags":{"a":1},"curLedger":false,"currencies":false,"curAccount":{"a":1}}
newer	{"settings":1,"assets":1,"loans":2,"subs":1700000000000,"templates":2,"currencies":2,"subcats":2}|{"customCats":2,"accounts":1700000000000,"assets":100,"subs":2,"templates":1700000000000,"tags":1700000000000,"curLedger":100,"curAccount":2}
adopt	{"settings":1700000000000,"subs":1,"templates":100,"tags":0,"currencies":2,"subcats":5}|none|{"lang":[],"settings":false,"customCats":false,"accounts":false,"assets":0,"loans":0,"subs":{},"templates":"","tags":0,"currencies":0}
newer	{"settings":1700000000000,"subs":1,"templates":100,"tags":0,"currencies":2,"subcats":5}|none
adopt	{"settings":2,"accounts":0,"templates":1700000000000,"currencies":5,"curAccount":2}|{"accounts":1700000000000,"loans":1,"tags":1700000000000,"curLedger":5,"currencies":2,"subcats":2}|{"lang":"","customCats":0,"accounts":false,"assets":["a"],"loans":0,"subs":"x","templates":{"a":1},"curLedger":["a"],"currencies":{"a":1},"subcats":null,"curAccount":0}
newer	{"settings":2,"accounts":0,"templates":1700000000000,"currencies":5,"curAccount":2}|{"accounts":1700000000000,"loans":1,"tags":1700000000000,"curLedger":5,"currencies":2,"subcats":2}
adopt	{"lang":0,"settings":2,"accounts":2,"subs":1,"curLedger":100,"subcats":1700000000000}|none|{"lang":[],"customCats":"","assets":"x","templates":{"a":1},"tags":{},"curLedger":null,"subcats":{"a":1},"curAccount":false}
newer	{"lang":0,"settings":2,"accounts":2,"subs":1,"curLedger":100,"subcats":1700000000000}|none
adopt	{"customCats":1700000000000,"subs":0,"templates":0,"tags":1,"curLedger":100,"currencies":5,"curAccount":0}|{"customCats":0,"assets":5,"loans":2,"templates":2,"tags":1,"curLedger":0,"subcats":100,"curAccount":1}|{"lang":0,"settings":null,"customCats":0,"accounts":[],"assets":0,"loans":null,"templates":"","tags":{"a":1},"curLedger":{"a":1},"currencies":{},"subcats":"x","curAccount":[]}
newer	{"customCats":1700000000000,"subs":0,"templates":0,"tags":1,"curLedger":100,"currencies":5,"curAccount":0}|{"customCats":0,"assets":5,"loans":2,"templates":2,"tags":1,"curLedger":0,"subcats":100,"curAccount":1}
adopt	{"lang":1,"assets":0,"subs":5}|{"settings":0,"customCats":0,"accounts":100,"assets":2,"subs":2,"templates":5,"tags":100,"curLedger":100,"currencies":1}|{"settings":["a"],"assets":0,"loans":[],"subs":0,"templates":"x","tags":"","curLedger":[],"currencies":"","subcats":{},"curAccount":null}
newer	{"lang":1,"assets":0,"subs":5}|{"settings":0,"customCats":0,"accounts":100,"assets":2,"subs":2,"templates":5,"tags":100,"curLedger":100,"currencies":1}
adopt	{"lang":0,"customCats":100,"assets":2,"subs":5,"tags":0,"curLedger":2,"subcats":0}|{"settings":2,"assets":0,"loans":2,"subs":2,"templates":0,"subcats":1700000000000,"curAccount":2}|{"lang":"","settings":[],"accounts":0,"loans":"","subs":{"a":1},"templates":{"a":1},"tags":false,"curLedger":0,"currencies":null}
newer	{"lang":0,"customCats":100,"assets":2,"subs":5,"tags":0,"curLedger":2,"subcats":0}|{"settings":2,"assets":0,"loans":2,"subs":2,"templates":0,"subcats":1700000000000,"curAccount":2}
adopt	{"assets":100,"templates":5,"subcats":0,"curAccount":0}|none|{"lang":{"a":1},"customCats":{"a":1},"assets":false,"loans":"","subs":"","templates":null,"subcats":[],"curAccount":[]}
newer	{"assets":100,"templates":5,"subcats":0,"curAccount":0}|none
adopt	{"settings":1,"customCats":2,"accounts":1,"loans":100,"templates":2,"tags":5,"curLedger":0,"currencies":0,"subcats":0}|{"lang":2,"settings":100,"accounts":1,"assets":100,"templates":100,"tags":2,"currencies":0,"subcats":1}|{"settings":"x","customCats":["a"],"assets":"x","subs":"","templates":"","currencies":"x","subcats":"x"}
newer	{"settings":1,"customCats":2,"accounts":1,"loans":100,"templates":2,"tags":5,"curLedger":0,"currencies":0,"subcats":0}|{"lang":2,"settings":100,"accounts":1,"assets":100,"templates":100,"tags":2,"currencies":0,"subcats":1}
adopt	{"lang":1700000000000,"customCats":2,"loans":5,"currencies":5,"subcats":1,"curAccount":2}|{"lang":100,"customCats":100,"assets":0,"tags":0,"curLedger":1700000000000}|{"lang":0,"customCats":{},"accounts":"","assets":{"a":1},"subs":false,"templates":0,"curLedger":[],"curAccount":{}}
newer	{"lang":1700000000000,"customCats":2,"loans":5,"currencies":5,"subcats":1,"curAccount":2}|{"lang":100,"customCats":100,"assets":0,"tags":0,"curLedger":1700000000000}
adopt	{"settings":5,"customCats":5,"accounts":2,"assets":1700000000000,"loans":1700000000000,"templates":2,"currencies":1700000000000,"curAccount":5}|{"settings":100,"customCats":1,"subs":5,"tags":1700000000000,"currencies":1}|{"lang":0,"settings":0,"customCats":[],"accounts":false,"subs":false,"templates":"","tags":"x","curLedger":[],"subcats":false,"curAccount":null}
newer	{"settings":5,"customCats":5,"accounts":2,"assets":1700000000000,"loans":1700000000000,"templates":2,"currencies":1700000000000,"curAccount":5}|{"settings":100,"customCats":1,"subs":5,"tags":1700000000000,"currencies":1}
adopt	{"lang":0,"settings":2,"customCats":0,"subs":100,"tags":100,"currencies":0,"curAccount":0}|none|{"lang":false,"customCats":0,"accounts":{"a":1},"assets":"","loans":"","subs":false,"tags":["a"],"curLedger":null,"subcats":null,"curAccount":["a"]}
newer	{"lang":0,"settings":2,"customCats":0,"subs":100,"tags":100,"currencies":0,"curAccount":0}|none
adopt	{"customCats":1,"loans":1,"subs":1,"templates":1}|{"lang":100,"accounts":100,"assets":100,"loans":0,"templates":1,"currencies":100,"subcats":5,"curAccount":100}|{"lang":"x","customCats":"","accounts":null,"assets":["a"],"loans":[],"templates":{},"tags":null,"currencies":"","subcats":0}
newer	{"customCats":1,"loans":1,"subs":1,"templates":1}|{"lang":100,"accounts":100,"assets":100,"loans":0,"templates":1,"currencies":100,"subcats":5,"curAccount":100}
adopt	{"loans":1,"subs":2,"tags":1700000000000,"curAccount":1700000000000}|{"lang":1,"settings":1,"assets":1700000000000,"templates":0,"currencies":1700000000000}|{"lang":{},"customCats":null,"assets":[],"loans":false,"subs":[],"templates":"","tags":null,"curLedger":false,"currencies":["a"],"subcats":false}
newer	{"loans":1,"subs":2,"tags":1700000000000,"curAccount":1700000000000}|{"lang":1,"settings":1,"assets":1700000000000,"templates":0,"currencies":1700000000000}
adopt	{"settings":2,"customCats":1,"accounts":5,"assets":100,"templates":1700000000000,"tags":5,"curLedger":1700000000000,"currencies":5}|{"lang":2,"settings":2,"accounts":5,"loans":0,"templates":1,"tags":100,"curLedger":1700000000000,"currencies":1700000000000}|{"lang":false,"settings":{"a":1},"accounts":{},"loans":"","subs":[],"templates":{"a":1},"tags":0,"curLedger":{},"currencies":{"a":1},"subcats":[],"curAccount":{}}
newer	{"settings":2,"customCats":1,"accounts":5,"assets":100,"templates":1700000000000,"tags":5,"curLedger":1700000000000,"currencies":5}|{"lang":2,"settings":2,"accounts":5,"loans":0,"templates":1,"tags":100,"curLedger":1700000000000,"currencies":1700000000000}
adopt	{"loans":1,"templates":100,"tags":5,"currencies":5,"subcats":2}|{"lang":1,"settings":1700000000000,"assets":2}|{"lang":{"a":1},"settings":false,"customCats":null,"assets":"","loans":{},"templates":null,"tags":0,"curLedger":0,"currencies":0,"curAccount":""}
newer	{"loans":1,"templates":100,"tags":5,"currencies":5,"subcats":2}|{"lang":1,"settings":1700000000000,"assets":2}
adopt	{"customCats":5,"accounts":2,"subs":0,"templates":1700000000000,"currencies":100}|{"lang":5,"accounts":2,"assets":1700000000000,"loans":100,"subs":0,"tags":5,"currencies":1700000000000,"subcats":0}|{"lang":{"a":1},"loans":"x","subs":false,"currencies":"","subcats":[],"curAccount":0}
newer	{"customCats":5,"accounts":2,"subs":0,"templates":1700000000000,"currencies":100}|{"lang":5,"accounts":2,"assets":1700000000000,"loans":100,"subs":0,"tags":5,"currencies":1700000000000,"subcats":0}
adopt	{"settings":2,"accounts":1700000000000,"assets":100,"subs":0,"templates":1,"tags":1700000000000,"curLedger":1,"subcats":1}|{"lang":1,"settings":1,"accounts":5,"loans":0,"subs":1,"templates":1700000000000,"currencies":100,"subcats":100}|{"lang":[],"settings":"x","customCats":"x","accounts":"","assets":0,"subs":{"a":1},"templates":"x","tags":null,"currencies":false,"subcats":"x","curAccount":"x"}
newer	{"settings":2,"accounts":1700000000000,"assets":100,"subs":0,"templates":1,"tags":1700000000000,"curLedger":1,"subcats":1}|{"lang":1,"settings":1,"accounts":5,"loans":0,"subs":1,"templates":1700000000000,"currencies":100,"subcats":100}
adopt	{"settings":2,"subs":100,"curLedger":1,"currencies":0,"curAccount":5}|{"accounts":100,"assets":1700000000000,"loans":1,"subs":2,"templates":5,"curLedger":0,"currencies":2,"subcats":100}|{"lang":{"a":1},"settings":"","customCats":{},"accounts":[],"tags":0,"curLedger":{},"currencies":[],"curAccount":""}
newer	{"settings":2,"subs":100,"curLedger":1,"currencies":0,"curAccount":5}|{"accounts":100,"assets":1700000000000,"loans":1,"subs":2,"templates":5,"curLedger":0,"currencies":2,"subcats":100}
adopt	{"lang":1700000000000,"settings":0,"customCats":1,"accounts":2,"assets":0,"loans":1700000000000,"tags":100,"subcats":2,"curAccount":100}|none|{"lang":["a"],"settings":"","accounts":["a"],"assets":{},"subs":0,"tags":false,"curLedger":"x","currencies":["a"]}
newer	{"lang":1700000000000,"settings":0,"customCats":1,"accounts":2,"assets":0,"loans":1700000000000,"tags":100,"subcats":2,"curAccount":100}|none
adopt	{"accounts":0,"assets":2,"subs":1,"currencies":1700000000000}|{"lang":1700000000000,"settings":1,"accounts":2,"loans":2,"templates":0,"subcats":100,"curAccount":5}|{"lang":{},"settings":{"a":1},"accounts":[],"assets":[],"subs":{"a":1},"templates":0,"tags":[],"curLedger":"x","currencies":null,"curAccount":[]}
newer	{"accounts":0,"assets":2,"subs":1,"currencies":1700000000000}|{"lang":1700000000000,"settings":1,"accounts":2,"loans":2,"templates":0,"subcats":100,"curAccount":5}
adopt	{"settings":1700000000000,"customCats":2,"loans":100,"templates":2,"curAccount":0}|{"lang":2,"accounts":2,"loans":1700000000000,"subs":5,"tags":0,"currencies":5,"subcats":0}|{"lang":false,"customCats":{"a":1},"accounts":"x","assets":[],"loans":false,"subs":0,"templates":"x","tags":0,"curLedger":"","currencies":"","subcats":{"a":1},"curAccount":""}
newer	{"settings":1700000000000,"customCats":2,"loans":100,"templates":2,"curAccount":0}|{"lang":2,"accounts":2,"loans":1700000000000,"subs":5,"tags":0,"currencies":5,"subcats":0}
adopt	{"lang":5,"assets":100,"loans":2,"templates":2,"tags":2,"curLedger":2,"subcats":100}|{"lang":0,"settings":0,"customCats":0,"accounts":0,"assets":1,"subs":100}|{"lang":"","settings":{},"customCats":["a"],"accounts":"","assets":[],"loans":{"a":1},"subs":0,"templates":false,"tags":[],"curLedger":false,"currencies":"x","subcats":{},"curAccount":false}
newer	{"lang":5,"assets":100,"loans":2,"templates":2,"tags":2,"curLedger":2,"subcats":100}|{"lang":0,"settings":0,"customCats":0,"accounts":0,"assets":1,"subs":100}
adopt	{"lang":1700000000000,"accounts":5,"assets":1700000000000,"loans":100,"templates":100,"tags":100,"currencies":1700000000000}|{"assets":0,"loans":0,"templates":0,"currencies":1,"subcats":1700000000000}|{"lang":"","settings":"x","accounts":false,"subs":"x","templates":["a"],"tags":"x","curLedger":[],"currencies":false,"curAccount":0}
newer	{"lang":1700000000000,"accounts":5,"assets":1700000000000,"loans":100,"templates":100,"tags":100,"currencies":1700000000000}|{"assets":0,"loans":0,"templates":0,"currencies":1,"subcats":1700000000000}
adopt	{"lang":100,"settings":5,"customCats":1700000000000,"accounts":1700000000000,"subs":5,"templates":0,"curLedger":2,"curAccount":1}|{"lang":5,"settings":2,"customCats":1,"templates":100,"curLedger":1700000000000,"currencies":100,"subcats":1700000000000}|{"customCats":null,"accounts":[],"loans":false,"subs":{},"tags":["a"],"currencies":{}}
newer	{"lang":100,"settings":5,"customCats":1700000000000,"accounts":1700000000000,"subs":5,"templates":0,"curLedger":2,"curAccount":1}|{"lang":5,"settings":2,"customCats":1,"templates":100,"curLedger":1700000000000,"currencies":100,"subcats":1700000000000}
adopt	{"customCats":1,"accounts":100,"loans":2,"subs":1,"templates":0,"curLedger":1,"subcats":1}|{"accounts":5,"subs":100,"templates":1,"tags":1,"currencies":0,"curAccount":0}|{"lang":"x","settings":false,"accounts":"x","subs":{},"templates":"x","curLedger":{"a":1},"currencies":0,"subcats":{},"curAccount":""}
newer	{"customCats":1,"accounts":100,"loans":2,"subs":1,"templates":0,"curLedger":1,"subcats":1}|{"accounts":5,"subs":100,"templates":1,"tags":1,"currencies":0,"curAccount":0}
adopt	{"lang":1700000000000,"customCats":2,"accounts":100,"subs":2,"tags":1700000000000,"curLedger":100,"subcats":1}|{"lang":2,"customCats":1,"accounts":1,"subs":100,"curLedger":1700000000000}|{"lang":0,"settings":[],"customCats":["a"],"loans":"","subs":[],"tags":{"a":1},"curLedger":"x","currencies":null,"subcats":{},"curAccount":0}
newer	{"lang":1700000000000,"customCats":2,"accounts":100,"subs":2,"tags":1700000000000,"curLedger":100,"subcats":1}|{"lang":2,"customCats":1,"accounts":1,"subs":100,"curLedger":1700000000000}
adopt	{"loans":100,"subs":0,"curLedger":5,"currencies":2,"subcats":1,"curAccount":2}|{"accounts":1,"tags":1,"currencies":0,"subcats":100,"curAccount":2}|{"lang":"x","settings":false,"customCats":0,"loans":0,"subs":false,"templates":["a"],"tags":0,"currencies":"x","subcats":["a"],"curAccount":[]}
newer	{"loans":100,"subs":0,"curLedger":5,"currencies":2,"subcats":1,"curAccount":2}|{"accounts":1,"tags":1,"currencies":0,"subcats":100,"curAccount":2}
adopt	{"lang":1,"settings":1,"accounts":1700000000000,"loans":1700000000000,"subs":2,"curAccount":0}|{"settings":1,"customCats":2,"assets":1,"loans":5,"templates":2,"curLedger":100,"subcats":5}|{"lang":{},"settings":{},"customCats":"x","accounts":["a"],"assets":"","loans":"x","subs":0,"tags":0,"currencies":"x","curAccount":["a"]}
newer	{"lang":1,"settings":1,"accounts":1700000000000,"loans":1700000000000,"subs":2,"curAccount":0}|{"settings":1,"customCats":2,"assets":1,"loans":5,"templates":2,"curLedger":100,"subcats":5}
adopt	{"customCats":1700000000000,"loans":1700000000000,"subs":0,"templates":1700000000000,"curLedger":100,"curAccount":2}|{"settings":2,"customCats":0,"subs":0,"templates":2,"subcats":1700000000000,"curAccount":100}|{"lang":[],"settings":{},"customCats":[],"accounts":"x","assets":null,"loans":{"a":1},"subs":[],"templates":"","curLedger":null,"curAccount":{}}
newer	{"customCats":1700000000000,"loans":1700000000000,"subs":0,"templates":1700000000000,"curLedger":100,"curAccount":2}|{"settings":2,"customCats":0,"subs":0,"templates":2,"subcats":1700000000000,"curAccount":100}
adopt	{"lang":5,"accounts":100,"subs":1,"templates":1700000000000,"tags":100,"subcats":100}|{"lang":1,"templates":100,"tags":5,"curLedger":1700000000000,"curAccount":0}|{"lang":false,"customCats":null,"accounts":"x","subs":"","tags":{"a":1},"curLedger":null,"subcats":null}
newer	{"lang":5,"accounts":100,"subs":1,"templates":1700000000000,"tags":100,"subcats":100}|{"lang":1,"templates":100,"tags":5,"curLedger":1700000000000,"curAccount":0}
adopt	{"lang":0,"settings":2,"customCats":1700000000000,"loans":1,"templates":5,"tags":5,"curLedger":1700000000000,"currencies":0,"curAccount":100}|{"settings":1,"accounts":1700000000000,"assets":100,"tags":2,"currencies":0,"subcats":1,"curAccount":1700000000000}|{"lang":false,"settings":"x","accounts":0,"assets":{"a":1},"loans":["a"],"subs":null,"tags":[],"currencies":"x","subcats":["a"],"curAccount":{}}
newer	{"lang":0,"settings":2,"customCats":1700000000000,"loans":1,"templates":5,"tags":5,"curLedger":1700000000000,"currencies":0,"curAccount":100}|{"settings":1,"accounts":1700000000000,"assets":100,"tags":2,"currencies":0,"subcats":1,"curAccount":1700000000000}
adopt	{"customCats":2,"accounts":5,"loans":100,"templates":100,"currencies":1700000000000,"subcats":1700000000000,"curAccount":1}|{"settings":1700000000000,"assets":100,"loans":1,"subs":5,"templates":0,"curLedger":5,"subcats":100,"curAccount":0}|{"lang":"","settings":{"a":1},"loans":["a"],"subs":"x","templates":{"a":1},"tags":false,"curLedger":0,"currencies":null,"curAccount":null}
newer	{"customCats":2,"accounts":5,"loans":100,"templates":100,"currencies":1700000000000,"subcats":1700000000000,"curAccount":1}|{"settings":1700000000000,"assets":100,"loans":1,"subs":5,"templates":0,"curLedger":5,"subcats":100,"curAccount":0}
adopt	{"settings":100,"customCats":1,"accounts":1700000000000,"assets":5,"curLedger":1700000000000,"currencies":0,"curAccount":0}|none|{"lang":null,"settings":{"a":1},"customCats":"","accounts":"","loans":{},"subs":["a"],"templates":[],"tags":false,"curLedger":[],"curAccount":false}
newer	{"settings":100,"customCats":1,"accounts":1700000000000,"assets":5,"curLedger":1700000000000,"currencies":0,"curAccount":0}|none
adopt	{"settings":0,"accounts":1700000000000,"assets":100,"loans":1700000000000,"subs":100,"templates":0,"tags":0,"curLedger":5,"curAccount":100}|{"lang":1700000000000,"subs":2,"templates":5,"subcats":0}|{"customCats":0,"accounts":0,"assets":"","subs":{},"templates":0,"tags":[],"curLedger":{"a":1},"currencies":["a"],"subcats":0,"curAccount":{}}
newer	{"settings":0,"accounts":1700000000000,"assets":100,"loans":1700000000000,"subs":100,"templates":0,"tags":0,"curLedger":5,"curAccount":100}|{"lang":1700000000000,"subs":2,"templates":5,"subcats":0}
adopt	{"settings":2,"customCats":5,"assets":100,"currencies":1700000000000}|{"customCats":100,"accounts":2,"assets":5,"loans":2,"tags":0}|{"settings":null,"customCats":[],"accounts":{},"assets":null,"loans":[],"subs":["a"],"tags":["a"],"curLedger":null,"currencies":{},"subcats":null}
newer	{"settings":2,"customCats":5,"assets":100,"currencies":1700000000000}|{"customCats":100,"accounts":2,"assets":5,"loans":2,"tags":0}
adopt	{"lang":5,"settings":2,"customCats":5,"assets":2,"subs":1,"tags":2,"curLedger":0,"curAccount":2}|{"assets":1,"loans":100,"subs":100,"currencies":1,"curAccount":1}|{"customCats":false,"assets":false,"loans":"","subs":"","tags":["a"],"curLedger":false,"subcats":"","curAccount":0}
newer	{"lang":5,"settings":2,"customCats":5,"assets":2,"subs":1,"tags":2,"curLedger":0,"curAccount":2}|{"assets":1,"loans":100,"subs":100,"currencies":1,"curAccount":1}
adopt	{"loans":1700000000000,"tags":0,"curLedger":100,"currencies":2,"subcats":1}|{"customCats":100,"assets":5,"subcats":2,"curAccount":0}|{"customCats":0,"accounts":{"a":1},"assets":"","templates":{"a":1},"curLedger":{},"currencies":null,"curAccount":["a"]}
newer	{"loans":1700000000000,"tags":0,"curLedger":100,"currencies":2,"subcats":1}|{"customCats":100,"assets":5,"subcats":2,"curAccount":0}
adopt	{"accounts":5,"assets":2,"subs":5,"curLedger":2,"currencies":0,"subcats":1,"curAccount":100}|{"lang":100,"settings":5,"customCats":0,"loans":5,"subs":2,"templates":0,"curLedger":2,"currencies":1,"subcats":5,"curAccount":1}|{"lang":["a"],"settings":0,"customCats":["a"],"accounts":0,"assets":null,"loans":false,"subs":null,"templates":false,"currencies":"","subcats":0,"curAccount":{"a":1}}
newer	{"accounts":5,"assets":2,"subs":5,"curLedger":2,"currencies":0,"subcats":1,"curAccount":100}|{"lang":100,"settings":5,"customCats":0,"loans":5,"subs":2,"templates":0,"curLedger":2,"currencies":1,"subcats":5,"curAccount":1}
adopt	{"curLedger":1,"currencies":1}|{"lang":5,"settings":1,"customCats":1700000000000,"accounts":1700000000000,"assets":1,"loans":0,"subcats":100}|{"customCats":{"a":1},"assets":null,"subs":{},"tags":{"a":1},"currencies":null,"subcats":null,"curAccount":["a"]}
newer	{"curLedger":1,"currencies":1}|{"lang":5,"settings":1,"customCats":1700000000000,"accounts":1700000000000,"assets":1,"loans":0,"subcats":100}
adopt	{"lang":1700000000000,"settings":1700000000000,"customCats":2,"subs":1700000000000,"templates":0,"curAccount":1}|{"lang":0,"settings":5,"customCats":100,"subs":2,"tags":0,"curLedger":1700000000000,"currencies":5,"curAccount":100}|{"settings":null,"customCats":"","accounts":{},"loans":0,"subs":"x","tags":0,"curLedger":{},"currencies":"x","curAccount":{}}
newer	{"lang":1700000000000,"settings":1700000000000,"customCats":2,"subs":1700000000000,"templates":0,"curAccount":1}|{"lang":0,"settings":5,"customCats":100,"subs":2,"tags":0,"curLedger":1700000000000,"currencies":5,"curAccount":100}
adopt	{"assets":5,"curLedger":0,"curAccount":0}|{"lang":2,"settings":1700000000000,"accounts":5,"assets":2,"subs":2,"templates":5,"tags":0,"currencies":100,"curAccount":1700000000000}|{"lang":[],"settings":{},"customCats":0,"accounts":["a"],"assets":0,"loans":["a"],"templates":["a"],"tags":"x","currencies":["a"],"subcats":false,"curAccount":0}
newer	{"assets":5,"curLedger":0,"curAccount":0}|{"lang":2,"settings":1700000000000,"accounts":5,"assets":2,"subs":2,"templates":5,"tags":0,"currencies":100,"curAccount":1700000000000}
adopt	{"settings":1700000000000,"customCats":1700000000000,"assets":1,"loans":1700000000000,"tags":5,"curAccount":1}|none|{"lang":null,"settings":{},"accounts":"x","assets":[],"loans":["a"],"templates":"","curLedger":0,"currencies":[],"subcats":{"a":1}}
newer	{"settings":1700000000000,"customCats":1700000000000,"assets":1,"loans":1700000000000,"tags":5,"curAccount":1}|none
adopt	{"settings":0,"subs":1,"curLedger":1700000000000,"currencies":1700000000000}|{"lang":5,"settings":1,"customCats":1700000000000,"tags":0,"curLedger":5}|{"customCats":null,"assets":{"a":1},"loans":false,"templates":["a"],"curLedger":null,"currencies":0,"subcats":["a"],"curAccount":false}
newer	{"settings":0,"subs":1,"curLedger":1700000000000,"currencies":1700000000000}|{"lang":5,"settings":1,"customCats":1700000000000,"tags":0,"curLedger":5}
adopt	{"lang":5,"settings":1700000000000,"customCats":2,"assets":100,"subs":1700000000000,"tags":100,"curLedger":1,"subcats":0}|{"lang":2,"settings":2,"accounts":2,"assets":100,"loans":100,"subs":1,"templates":1700000000000,"tags":1700000000000,"curLedger":100,"currencies":1,"subcats":2}|{"lang":{},"settings":"","customCats":false,"accounts":{},"assets":["a"],"loans":{"a":1},"subs":{"a":1},"tags":{"a":1}}
newer	{"lang":5,"settings":1700000000000,"customCats":2,"assets":100,"subs":1700000000000,"tags":100,"curLedger":1,"subcats":0}|{"lang":2,"settings":2,"accounts":2,"assets":100,"loans":100,"subs":1,"templates":1700000000000,"tags":1700000000000,"curLedger":100,"currencies":1,"subcats":2}
adopt	{"customCats":0,"accounts":5,"assets":0,"loans":5,"curLedger":0,"currencies":0}|{"settings":2,"customCats":1700000000000,"subs":2,"tags":1,"subcats":100}|{"lang":{"a":1},"settings":false,"customCats":["a"],"accounts":{},"loans":[],"subs":"x","templates":["a"],"curLedger":0,"currencies":["a"],"subcats":0}
newer	{"customCats":0,"accounts":5,"assets":0,"loans":5,"curLedger":0,"currencies":0}|{"settings":2,"customCats":1700000000000,"subs":2,"tags":1,"subcats":100}
adopt	{"accounts":2,"assets":2,"templates":100,"tags":5,"curLedger":1,"currencies":1700000000000}|{"lang":100,"settings":1700000000000,"customCats":5,"assets":0,"loans":100,"subs":5}|{"lang":null,"settings":["a"],"accounts":{},"assets":{"a":1},"loans":[],"subs":"","currencies":{},"subcats":{},"curAccount":{"a":1}}
newer	{"accounts":2,"assets":2,"templates":100,"tags":5,"curLedger":1,"currencies":1700000000000}|{"lang":100,"settings":1700000000000,"customCats":5,"assets":0,"loans":100,"subs":5}
adopt	{"settings":2,"customCats":1,"assets":2,"loans":1,"subs":1,"templates":2,"curLedger":2,"currencies":1,"subcats":100}|{"customCats":0,"subs":2,"tags":0,"curLedger":1,"subcats":5}|{"lang":{},"customCats":[],"accounts":[],"loans":{"a":1},"subs":false,"templates":{"a":1},"tags":{"a":1},"curLedger":{"a":1},"currencies":"","subcats":{}}
newer	{"settings":2,"customCats":1,"assets":2,"loans":1,"subs":1,"templates":2,"curLedger":2,"currencies":1,"subcats":100}|{"customCats":0,"subs":2,"tags":0,"curLedger":1,"subcats":5}
adopt	{"lang":5,"settings":2,"assets":5,"templates":5,"tags":100,"currencies":1,"subcats":1,"curAccount":2}|{"settings":1700000000000,"accounts":5,"assets":0,"loans":2,"subs":5,"templates":1,"tags":1,"subcats":0,"curAccount":1}|{"settings":0,"customCats":0,"assets":["a"],"loans":["a"],"subs":"","templates":[],"tags":null,"curLedger":[],"currencies":["a"],"subcats":{}}
newer	{"lang":5,"settings":2,"assets":5,"templates":5,"tags":100,"currencies":1,"subcats":1,"curAccount":2}|{"settings":1700000000000,"accounts":5,"assets":0,"loans":2,"subs":5,"templates":1,"tags":1,"subcats":0,"curAccount":1}
adopt	{"settings":0,"customCats":0,"loans":1700000000000,"subs":2,"templates":100,"tags":100,"curLedger":1700000000000,"currencies":5,"subcats":100}|{"accounts":1700000000000,"assets":5,"subs":5,"templates":2,"tags":100,"curLedger":1700000000000}|{"lang":{"a":1},"settings":"","loans":false,"subs":{},"templates":null,"tags":false,"curLedger":"x","curAccount":0}
newer	{"settings":0,"customCats":0,"loans":1700000000000,"subs":2,"templates":100,"tags":100,"curLedger":1700000000000,"currencies":5,"subcats":100}|{"accounts":1700000000000,"assets":5,"subs":5,"templates":2,"tags":100,"curLedger":1700000000000}
adopt	{"settings":5,"accounts":5,"assets":5,"loans":2,"curLedger":5,"currencies":100,"curAccount":0}|{"settings":1,"customCats":1,"accounts":5,"assets":5,"subs":5,"templates":0,"curLedger":1,"currencies":0,"subcats":1}|{"lang":[],"customCats":"x","accounts":false,"assets":[],"loans":null,"templates":0,"curLedger":"x","currencies":0,"subcats":"x","curAccount":{}}
newer	{"settings":5,"accounts":5,"assets":5,"loans":2,"curLedger":5,"currencies":100,"curAccount":0}|{"settings":1,"customCats":1,"accounts":5,"assets":5,"subs":5,"templates":0,"curLedger":1,"currencies":0,"subcats":1}
adopt	{"lang":100,"customCats":1700000000000,"assets":1,"loans":2,"subs":5,"templates":2,"tags":0,"curLedger":0,"subcats":2}|{"settings":5,"loans":2,"subcats":2}|{"lang":[],"settings":0,"customCats":"","accounts":[],"assets":["a"],"loans":"x","tags":false,"currencies":null,"curAccount":null}
newer	{"lang":100,"customCats":1700000000000,"assets":1,"loans":2,"subs":5,"templates":2,"tags":0,"curLedger":0,"subcats":2}|{"settings":5,"loans":2,"subcats":2}
adopt	{"lang":1700000000000,"customCats":1700000000000,"accounts":100,"assets":1,"templates":100,"tags":1,"curAccount":1700000000000}|{"customCats":0,"subs":0,"templates":2,"tags":100,"currencies":1700000000000}|{"lang":"","settings":"x","accounts":[],"assets":"","subs":{"a":1},"templates":false,"tags":["a"],"currencies":"x","subcats":"x","curAccount":"x"}
newer	{"lang":1700000000000,"customCats":1700000000000,"accounts":100,"assets":1,"templates":100,"tags":1,"curAccount":1700000000000}|{"customCats":0,"subs":0,"templates":2,"tags":100,"currencies":1700000000000}
adopt	{"lang":5,"customCats":1,"accounts":1700000000000,"tags":0,"curLedger":0,"curAccount":5}|{"lang":5,"settings":5,"customCats":2,"accounts":5,"assets":0,"templates":0,"curLedger":1700000000000,"curAccount":1}|{"settings":{"a":1},"customCats":"x","accounts":null,"assets":[],"templates":[],"currencies":["a"],"subcats":{}}
newer	{"lang":5,"customCats":1,"accounts":1700000000000,"tags":0,"curLedger":0,"curAccount":5}|{"lang":5,"settings":5,"customCats":2,"accounts":5,"assets":0,"templates":0,"curLedger":1700000000000,"curAccount":1}
adopt	{"lang":100,"settings":0,"accounts":1700000000000,"loans":100,"subs":1700000000000,"templates":2,"tags":100,"curLedger":100,"currencies":0,"curAccount":5}|{"lang":0,"accounts":0,"loans":100,"tags":5,"currencies":100,"subcats":1700000000000}|{"settings":{},"customCats":"","accounts":null,"loans":"x","subs":false,"templates":["a"],"tags":"","curLedger":{},"subcats":["a"]}
newer	{"lang":100,"settings":0,"accounts":1700000000000,"loans":100,"subs":1700000000000,"templates":2,"tags":100,"curLedger":100,"currencies":0,"curAccount":5}|{"lang":0,"accounts":0,"loans":100,"tags":5,"currencies":100,"subcats":1700000000000}
adopt	{"lang":2,"accounts":5,"loans":5,"subs":1700000000000,"tags":5,"curLedger":5,"subcats":0}|none|{"customCats":"x","subs":0,"tags":false,"curLedger":"","currencies":null,"subcats":[],"curAccount":0}
newer	{"lang":2,"accounts":5,"loans":5,"subs":1700000000000,"tags":5,"curLedger":5,"subcats":0}|none
adopt	{"lang":5,"accounts":5,"assets":5,"subs":5,"tags":1700000000000,"subcats":5}|{"settings":1,"customCats":1,"accounts":2,"assets":2,"subs":1}|{"lang":0,"settings":0,"customCats":{},"accounts":"","assets":false,"loans":null,"subs":null,"templates":"x","tags":0,"curLedger":"x","subcats":null,"curAccount":false}
newer	{"lang":5,"accounts":5,"assets":5,"subs":5,"tags":1700000000000,"subcats":5}|{"settings":1,"customCats":1,"accounts":2,"assets":2,"subs":1}
adopt	{"customCats":1,"loans":5,"subs":1700000000000,"templates":5,"curLedger":5}|{"lang":5,"customCats":100,"accounts":1700000000000,"assets":1700000000000,"templates":5,"tags":1,"curLedger":100,"currencies":1}|{"lang":"x","settings":false,"customCats":null,"accounts":{"a":1},"assets":0,"subs":0,"tags":0,"subcats":false,"curAccount":0}
newer	{"customCats":1,"loans":5,"subs":1700000000000,"templates":5,"curLedger":5}|{"lang":5,"customCats":100,"accounts":1700000000000,"assets":1700000000000,"templates":5,"tags":1,"curLedger":100,"currencies":1}
adopt	{"settings":100,"accounts":0,"assets":5,"curLedger":5,"currencies":2,"subcats":100}|{"lang":1,"accounts":2,"subs":1700000000000,"tags":0,"subcats":1,"curAccount":5}|{"settings":0,"customCats":null,"accounts":0,"assets":[],"loans":0,"subs":{},"templates":null,"tags":false,"curLedger":false,"subcats":"","curAccount":[]}
newer	{"settings":100,"accounts":0,"assets":5,"curLedger":5,"currencies":2,"subcats":100}|{"lang":1,"accounts":2,"subs":1700000000000,"tags":0,"subcats":1,"curAccount":5}
adopt	{"customCats":0,"accounts":2,"loans":1,"subs":0,"templates":100,"tags":2,"curAccount":1700000000000}|none|{"lang":"x","customCats":{"a":1},"assets":"","loans":false,"tags":[],"curLedger":null,"currencies":[],"curAccount":0}
newer	{"customCats":0,"accounts":2,"loans":1,"subs":0,"templates":100,"tags":2,"curAccount":1700000000000}|none
adopt	{"assets":1700000000000,"templates":2,"tags":100,"currencies":1700000000000}|{"accounts":0,"assets":1700000000000,"templates":100,"tags":5,"curLedger":1700000000000,"currencies":5}|{"accounts":null,"assets":0,"subs":[],"templates":{"a":1},"curLedger":"","currencies":"","subcats":null,"curAccount":"x"}
newer	{"assets":1700000000000,"templates":2,"tags":100,"currencies":1700000000000}|{"accounts":0,"assets":1700000000000,"templates":100,"tags":5,"curLedger":1700000000000,"currencies":5}
adopt	{"settings":5,"customCats":0,"assets":1700000000000,"loans":5,"subs":5,"curLedger":1700000000000,"currencies":100,"curAccount":1700000000000}|{"lang":0,"customCats":1700000000000,"accounts":1700000000000,"loans":1700000000000,"templates":1,"tags":5}|{"customCats":"","accounts":"","assets":0,"loans":null,"curLedger":"x","currencies":{"a":1},"curAccount":{}}
newer	{"settings":5,"customCats":0,"assets":1700000000000,"loans":5,"subs":5,"curLedger":1700000000000,"currencies":100,"curAccount":1700000000000}|{"lang":0,"customCats":1700000000000,"accounts":1700000000000,"loans":1700000000000,"templates":1,"tags":5}
adopt	{"lang":2,"settings":5,"assets":0,"subs":1700000000000,"tags":0,"currencies":2,"subcats":2}|{"lang":1,"customCats":5,"assets":0,"subs":2,"tags":1700000000000,"subcats":100}|{"settings":null,"customCats":["a"],"accounts":"","assets":{"a":1},"loans":false,"curLedger":"x","curAccount":["a"]}
newer	{"lang":2,"settings":5,"assets":0,"subs":1700000000000,"tags":0,"currencies":2,"subcats":2}|{"lang":1,"customCats":5,"assets":0,"subs":2,"tags":1700000000000,"subcats":100}
adopt	{"lang":0,"customCats":2,"accounts":1700000000000,"assets":100,"subs":100,"tags":2}|{"lang":100,"customCats":2,"accounts":1,"subs":5,"templates":1700000000000,"tags":100,"curAccount":5}|{"lang":[],"settings":"x","accounts":{"a":1},"assets":{},"templates":false,"tags":{"a":1},"subcats":"","curAccount":"x"}
newer	{"lang":0,"customCats":2,"accounts":1700000000000,"assets":100,"subs":100,"tags":2}|{"lang":100,"customCats":2,"accounts":1,"subs":5,"templates":1700000000000,"tags":100,"curAccount":5}
adopt	{"customCats":5,"loans":1700000000000,"subs":0,"tags":5,"curLedger":1,"currencies":0,"subcats":1}|{"lang":5,"assets":2,"templates":1700000000000,"tags":1700000000000,"currencies":1700000000000,"curAccount":2}|{"lang":0,"settings":["a"],"customCats":"x","accounts":{},"assets":[],"subs":null,"templates":false,"tags":["a"],"curLedger":["a"],"currencies":{},"subcats":["a"],"curAccount":""}
newer	{"customCats":5,"loans":1700000000000,"subs":0,"tags":5,"curLedger":1,"currencies":0,"subcats":1}|{"lang":5,"assets":2,"templates":1700000000000,"tags":1700000000000,"currencies":1700000000000,"curAccount":2}
adopt	{"settings":5,"accounts":100,"assets":0,"loans":1,"tags":1700000000000,"currencies":2,"subcats":0}|{"lang":2,"settings":2,"customCats":5,"loans":5,"subs":2,"tags":1700000000000,"curLedger":2,"currencies":0,"subcats":100}|{"lang":"","settings":"","accounts":null,"loans":{"a":1},"subs":"","tags":0,"subcats":null,"curAccount":""}
newer	{"settings":5,"accounts":100,"assets":0,"loans":1,"tags":1700000000000,"currencies":2,"subcats":0}|{"lang":2,"settings":2,"customCats":5,"loans":5,"subs":2,"tags":1700000000000,"curLedger":2,"currencies":0,"subcats":100}
adopt	{"lang":0,"settings":1,"assets":0,"templates":1700000000000,"currencies":5,"subcats":5}|{"lang":2,"settings":100,"customCats":1700000000000,"accounts":0,"subs":5,"curLedger":0}|{"lang":"x","settings":false,"accounts":null,"loans":null,"subs":[],"templates":false,"tags":false,"curLedger":"x","currencies":"x","subcats":{"a":1},"curAccount":{}}
newer	{"lang":0,"settings":1,"assets":0,"templates":1700000000000,"currencies":5,"subcats":5}|{"lang":2,"settings":100,"customCats":1700000000000,"accounts":0,"subs":5,"curLedger":0}
adopt	{"settings":2,"customCats":0,"accounts":2,"assets":0,"loans":5,"subs":5,"tags":100,"curLedger":0,"curAccount":1}|{"lang":2,"customCats":0}|{"customCats":false,"accounts":"x","assets":false,"loans":["a"],"subs":"","tags":null,"subcats":false,"curAccount":["a"]}
newer	{"settings":2,"customCats":0,"accounts":2,"assets":0,"loans":5,"subs":5,"tags":100,"curLedger":0,"curAccount":1}|{"lang":2,"customCats":0}
adopt	{"lang":0,"settings":1,"accounts":0,"assets":5,"tags":2,"currencies":1}|{"settings":0,"accounts":1700000000000,"assets":1,"subs":1,"curLedger":5,"currencies":0}|{"lang":"x","settings":false,"customCats":null,"accounts":["a"],"loans":["a"],"subs":{"a":1},"templates":["a"],"tags":{},"curLedger":0,"currencies":{},"subcats":["a"]}
newer	{"lang":0,"settings":1,"accounts":0,"assets":5,"tags":2,"currencies":1}|{"settings":0,"accounts":1700000000000,"assets":1,"subs":1,"curLedger":5,"currencies":0}
adopt	{"subs":1,"templates":5,"currencies":1700000000000,"subcats":1700000000000}|{"lang":1700000000000,"settings":1,"customCats":1,"assets":100,"subs":0,"templates":1700000000000,"tags":0,"subcats":100,"curAccount":1}|{"lang":[],"settings":"x","customCats":{},"accounts":"x","loans":{"a":1},"templates":false,"tags":"","curLedger":["a"],"currencies":false}
newer	{"subs":1,"templates":5,"currencies":1700000000000,"subcats":1700000000000}|{"lang":1700000000000,"settings":1,"customCats":1,"assets":100,"subs":0,"templates":1700000000000,"tags":0,"subcats":100,"curAccount":1}
adopt	{"lang":1,"settings":0,"customCats":2,"accounts":1,"templates":100,"tags":5,"currencies":1,"subcats":1700000000000}|{"settings":5,"accounts":1700000000000,"assets":1700000000000,"subs":1,"templates":100,"subcats":1}|{"lang":{"a":1},"settings":[],"customCats":{"a":1},"assets":{"a":1},"loans":0,"subs":false,"tags":["a"],"curLedger":"","currencies":null,"subcats":""}
newer	{"lang":1,"settings":0,"customCats":2,"accounts":1,"templates":100,"tags":5,"currencies":1,"subcats":1700000000000}|{"settings":5,"accounts":1700000000000,"assets":1700000000000,"subs":1,"templates":100,"subcats":1}
adopt	{"lang":5,"accounts":0,"assets":5,"templates":1700000000000,"curLedger":5,"curAccount":100}|{"lang":1700000000000,"settings":2,"accounts":5,"subs":100,"templates":2,"tags":2,"currencies":1700000000000,"subcats":2,"curAccount":1}|{"lang":"","settings":"x","assets":[],"loans":false,"subs":"x","templates":"x","tags":null,"curLedger":null,"currencies":null}
newer	{"lang":5,"accounts":0,"assets":5,"templates":1700000000000,"curLedger":5,"curAccount":100}|{"lang":1700000000000,"settings":2,"accounts":5,"subs":100,"templates":2,"tags":2,"currencies":1700000000000,"subcats":2,"curAccount":1}
adopt	{"lang":2,"settings":1,"customCats":1,"assets":2,"subs":100,"curLedger":5,"subcats":5}|{"customCats":0,"loans":1,"tags":1700000000000,"subcats":1,"curAccount":0}|{"settings":false,"customCats":null,"subs":{},"tags":{},"curLedger":["a"],"currencies":"","subcats":"x","curAccount":""}
newer	{"lang":2,"settings":1,"customCats":1,"assets":2,"subs":100,"curLedger":5,"subcats":5}|{"customCats":0,"loans":1,"tags":1700000000000,"subcats":1,"curAccount":0}
adopt	{"settings":5,"customCats":1,"accounts":0,"assets":1,"subs":2,"templates":1700000000000,"tags":2,"curLedger":1,"curAccount":0}|none|{"lang":"x","settings":{"a":1},"customCats":{"a":1},"assets":{"a":1},"loans":[],"templates":["a"],"tags":"x","currencies":false,"subcats":{"a":1},"curAccount":"x"}
newer	{"settings":5,"customCats":1,"accounts":0,"assets":1,"subs":2,"templates":1700000000000,"tags":2,"curLedger":1,"curAccount":0}|none
adopt	{"lang":2,"customCats":1,"accounts":2,"templates":2,"curLedger":0,"currencies":5,"subcats":100}|{"settings":5,"loans":1,"subs":0,"templates":5,"tags":2,"curLedger":1700000000000,"currencies":5}|{"lang":["a"],"settings":["a"],"accounts":"","assets":"x","loans":"x","subs":false,"templates":null,"curLedger":"","curAccount":{"a":1}}
newer	{"lang":2,"customCats":1,"accounts":2,"templates":2,"curLedger":0,"currencies":5,"subcats":100}|{"settings":5,"loans":1,"subs":0,"templates":5,"tags":2,"curLedger":1700000000000,"currencies":5}
adopt	{"customCats":5,"templates":1,"curLedger":1,"subcats":5}|{"customCats":0,"accounts":1,"assets":100,"loans":1700000000000,"subs":0,"tags":5,"curLedger":100,"subcats":5}|{"lang":"","settings":"x","customCats":["a"],"accounts":0,"loans":0,"subs":"x","templates":0,"currencies":["a"],"subcats":["a"],"curAccount":[]}
newer	{"customCats":5,"templates":1,"curLedger":1,"subcats":5}|{"customCats":0,"accounts":1,"assets":100,"loans":1700000000000,"subs":0,"tags":5,"curLedger":100,"subcats":5}
adopt	{"lang":2,"settings":2,"customCats":1,"accounts":5,"loans":5,"templates":5,"curLedger":1700000000000,"currencies":2,"subcats":1,"curAccount":100}|{"customCats":1700000000000,"accounts":5,"templates":0,"tags":100,"curLedger":5,"currencies":100}|{"lang":{"a":1},"settings":0,"customCats":"x","accounts":{"a":1},"loans":0,"templates":"x","tags":false,"currencies":false}
newer	{"lang":2,"settings":2,"customCats":1,"accounts":5,"loans":5,"templates":5,"curLedger":1700000000000,"currencies":2,"subcats":1,"curAccount":100}|{"customCats":1700000000000,"accounts":5,"templates":0,"tags":100,"curLedger":5,"currencies":100}
adopt	{"settings":1,"customCats":1700000000000,"assets":0,"tags":0,"currencies":2,"curAccount":100}|{"lang":5,"settings":0,"customCats":100,"accounts":5,"loans":2,"templates":100,"curAccount":5}|{"lang":false,"settings":"","customCats":[],"accounts":{},"assets":null,"loans":"","subs":"x","tags":"","currencies":"x","subcats":null,"curAccount":{"a":1}}
newer	{"settings":1,"customCats":1700000000000,"assets":0,"tags":0,"currencies":2,"curAccount":100}|{"lang":5,"settings":0,"customCats":100,"accounts":5,"loans":2,"templates":100,"curAccount":5}
adopt	{"lang":1,"settings":5,"assets":1,"templates":0,"tags":100,"curLedger":1,"currencies":1700000000000,"subcats":5}|{"settings":5,"accounts":100,"assets":1,"subs":1,"curAccount":2}|{"customCats":"","assets":"x","subs":"","templates":false,"curLedger":{},"currencies":0,"subcats":[],"curAccount":["a"]}
newer	{"lang":1,"settings":5,"assets":1,"templates":0,"tags":100,"curLedger":1,"currencies":1700000000000,"subcats":5}|{"settings":5,"accounts":100,"assets":1,"subs":1,"curAccount":2}
adopt	{"accounts":5,"templates":5,"curLedger":5,"subcats":2,"curAccount":0}|none|{"lang":false,"customCats":"","accounts":0,"assets":{"a":1},"loans":false,"subs":{"a":1},"currencies":"","subcats":null,"curAccount":"x"}
newer	{"accounts":5,"templates":5,"curLedger":5,"subcats":2,"curAccount":0}|none
adopt	{"settings":2,"accounts":2,"assets":5,"loans":100,"templates":1700000000000,"currencies":0,"curAccount":1}|none|{"lang":"x","customCats":[],"accounts":null,"assets":{"a":1},"loans":["a"],"templates":["a"],"currencies":"x","curAccount":["a"]}
newer	{"settings":2,"accounts":2,"assets":5,"loans":100,"templates":1700000000000,"currencies":0,"curAccount":1}|none
adopt	{"lang":0,"customCats":100,"accounts":1700000000000,"templates":0,"curLedger":2}|{"lang":0,"settings":0,"accounts":1700000000000,"assets":5,"loans":100,"subs":2,"tags":100,"curLedger":0,"currencies":100}|{"customCats":0,"assets":{"a":1},"loans":"x","templates":0,"tags":{"a":1},"curLedger":[],"currencies":0,"subcats":{}}
newer	{"lang":0,"customCats":100,"accounts":1700000000000,"templates":0,"curLedger":2}|{"lang":0,"settings":0,"accounts":1700000000000,"assets":5,"loans":100,"subs":2,"tags":100,"curLedger":0,"currencies":100}
adopt	{"lang":1700000000000,"customCats":5,"loans":2,"tags":1,"curLedger":2,"subcats":2}|{"customCats":2,"accounts":2,"subs":5,"tags":0,"curLedger":100,"subcats":0}|{"lang":"","settings":"x","customCats":null,"loans":0,"subs":"","tags":false,"subcats":"","curAccount":["a"]}
newer	{"lang":1700000000000,"customCats":5,"loans":2,"tags":1,"curLedger":2,"subcats":2}|{"customCats":2,"accounts":2,"subs":5,"tags":0,"curLedger":100,"subcats":0}
adopt	{"lang":1700000000000,"settings":0,"customCats":100,"accounts":100,"subs":2,"templates":100,"currencies":5,"subcats":1,"curAccount":1}|{"settings":0,"accounts":5,"subs":5,"templates":0,"curLedger":1700000000000,"currencies":1,"subcats":0,"curAccount":5}|{"lang":"","settings":"x","customCats":null,"accounts":"x","assets":"x","loans":0,"subs":"","templates":0,"tags":0,"currencies":{"a":1},"subcats":null,"curAccount":""}
newer	{"lang":1700000000000,"settings":0,"customCats":100,"accounts":100,"subs":2,"templates":100,"currencies":5,"subcats":1,"curAccount":1}|{"settings":0,"accounts":5,"subs":5,"templates":0,"curLedger":1700000000000,"currencies":1,"subcats":0,"curAccount":5}
adopt	{"customCats":5,"subs":2,"templates":1,"curLedger":1,"subcats":2}|{"lang":1700000000000,"settings":100,"customCats":5,"loans":1700000000000,"subs":2,"currencies":2,"subcats":0,"curAccount":1}|{"lang":{"a":1},"customCats":"","accounts":["a"],"loans":{"a":1},"subs":[],"templates":{},"tags":0,"curLedger":["a"],"currencies":[],"curAccount":false}
newer	{"customCats":5,"subs":2,"templates":1,"curLedger":1,"subcats":2}|{"lang":1700000000000,"settings":100,"customCats":5,"loans":1700000000000,"subs":2,"currencies":2,"subcats":0,"curAccount":1}
adopt	{"settings":1700000000000,"customCats":100,"accounts":2,"subs":100,"tags":1,"curAccount":5}|none|{"lang":"","settings":false,"customCats":{},"accounts":0,"assets":"","loans":0,"tags":["a"],"curLedger":{"a":1},"currencies":[],"subcats":"","curAccount":{"a":1}}
newer	{"settings":1700000000000,"customCats":100,"accounts":2,"subs":100,"tags":1,"curAccount":5}|none
adopt	{"customCats":100,"templates":5,"tags":2,"currencies":100,"subcats":1}|{"lang":100,"assets":2,"tags":100,"currencies":2,"curAccount":1}|{"customCats":["a"],"assets":{"a":1},"subs":{"a":1},"templates":"x","tags":false,"currencies":{},"subcats":false,"curAccount":["a"]}
newer	{"customCats":100,"templates":5,"tags":2,"currencies":100,"subcats":1}|{"lang":100,"assets":2,"tags":100,"currencies":2,"curAccount":1}
adopt	{"lang":100,"settings":0,"customCats":100,"assets":5,"tags":2,"curLedger":1,"curAccount":5}|{"settings":100,"subs":1,"templates":2,"curAccount":0}|{"lang":{"a":1},"customCats":0,"accounts":null,"assets":0,"loans":{},"subs":null,"templates":[],"curLedger":{"a":1},"currencies":["a"]}
newer	{"lang":100,"settings":0,"customCats":100,"assets":5,"tags":2,"curLedger":1,"curAccount":5}|{"settings":100,"subs":1,"templates":2,"curAccount":0}
adopt	{"settings":100,"customCats":100,"accounts":1700000000000,"templates":1,"currencies":1}|{"settings":0,"customCats":100,"assets":5,"loans":0,"subcats":1}|{"lang":0,"settings":0,"customCats":"x","accounts":false,"templates":{"a":1},"tags":{"a":1},"curLedger":"x","currencies":null,"curAccount":"x"}
newer	{"settings":100,"customCats":100,"accounts":1700000000000,"templates":1,"currencies":1}|{"settings":0,"customCats":100,"assets":5,"loans":0,"subcats":1}
adopt	{"settings":1700000000000,"customCats":2,"accounts":5,"loans":2,"subs":1700000000000,"tags":0,"subcats":100}|none|{"settings":"x","accounts":{"a":1},"assets":{},"loans":{"a":1},"subs":"x","tags":["a"],"curLedger":["a"],"curAccount":[]}
newer	{"settings":1700000000000,"customCats":2,"accounts":5,"loans":2,"subs":1700000000000,"tags":0,"subcats":100}|none
adopt	{"lang":2,"settings":1700000000000,"accounts":1,"assets":1700000000000,"subs":1,"tags":2,"currencies":1700000000000,"curAccount":1700000000000}|{"lang":2,"settings":1,"accounts":5,"assets":5,"loans":1,"tags":1700000000000,"subcats":5,"curAccount":0}|{"lang":false,"settings":[],"customCats":[],"assets":[],"loans":0,"templates":"","curLedger":{},"currencies":["a"],"subcats":false,"curAccount":""}
newer	{"lang":2,"settings":1700000000000,"accounts":1,"assets":1700000000000,"subs":1,"tags":2,"currencies":1700000000000,"curAccount":1700000000000}|{"lang":2,"settings":1,"accounts":5,"assets":5,"loans":1,"tags":1700000000000,"subcats":5,"curAccount":0}
adopt	{"lang":1,"settings":0,"customCats":5,"accounts":100,"assets":1700000000000,"subs":0,"tags":2,"currencies":1,"subcats":5}|none|{"lang":[],"settings":0,"accounts":null,"assets":["a"],"loans":[],"templates":{"a":1},"curLedger":null,"curAccount":false}
newer	{"lang":1,"settings":0,"customCats":5,"accounts":100,"assets":1700000000000,"subs":0,"tags":2,"currencies":1,"subcats":5}|none
adopt	{"lang":0,"customCats":2,"accounts":5,"assets":100,"subs":5,"templates":1,"tags":100,"curLedger":100,"currencies":100,"subcats":1700000000000}|{"lang":2,"settings":0,"assets":1,"subs":100,"templates":1,"tags":1,"currencies":0}|{"settings":null,"customCats":{"a":1},"accounts":{},"assets":"","loans":[],"templates":0,"tags":"","curLedger":null,"currencies":false,"subcats":null,"curAccount":"x"}
newer	{"lang":0,"customCats":2,"accounts":5,"assets":100,"subs":5,"templates":1,"tags":100,"curLedger":100,"currencies":100,"subcats":1700000000000}|{"lang":2,"settings":0,"assets":1,"subs":100,"templates":1,"tags":1,"currencies":0}
adopt	{"lang":1700000000000,"settings":1,"loans":1,"subs":2,"currencies":1,"curAccount":2}|{"settings":5,"customCats":100,"assets":0,"subs":1,"subcats":5,"curAccount":5}|{"lang":{},"customCats":null,"accounts":{},"assets":false,"loans":0,"templates":"x","tags":0,"curLedger":false,"subcats":{},"curAccount":[]}
newer	{"lang":1700000000000,"settings":1,"loans":1,"subs":2,"currencies":1,"curAccount":2}|{"settings":5,"customCats":100,"assets":0,"subs":1,"subcats":5,"curAccount":5}
adopt	{"lang":0,"accounts":2,"curLedger":100}|{"tags":1700000000000,"currencies":100}|{"settings":null,"accounts":"","assets":["a"],"loans":false,"subs":["a"],"curLedger":null,"curAccount":["a"]}
newer	{"lang":0,"accounts":2,"curLedger":100}|{"tags":1700000000000,"currencies":100}
adopt	{"customCats":2,"loans":0,"subs":1,"templates":1700000000000,"tags":0}|{"lang":100,"customCats":0,"assets":1,"templates":100,"tags":5,"curLedger":2,"currencies":100}|{"lang":[],"customCats":"x","accounts":null,"assets":{"a":1},"loans":null,"subs":"x","templates":"x","tags":false,"currencies":null,"curAccount":false}
newer	{"customCats":2,"loans":0,"subs":1,"templates":1700000000000,"tags":0}|{"lang":100,"customCats":0,"assets":1,"templates":100,"tags":5,"curLedger":2,"currencies":100}
adopt	{"lang":100,"settings":0,"assets":0,"loans":100,"subs":0,"templates":2,"tags":2,"curLedger":100,"currencies":100,"subcats":1700000000000}|{"accounts":1,"assets":1,"subs":1,"tags":0,"currencies":1,"curAccount":1}|{"settings":false,"accounts":["a"],"assets":{"a":1},"tags":["a"],"curLedger":{},"currencies":null,"subcats":"","curAccount":["a"]}
newer	{"lang":100,"settings":0,"assets":0,"loans":100,"subs":0,"templates":2,"tags":2,"curLedger":100,"currencies":100,"subcats":1700000000000}|{"accounts":1,"assets":1,"subs":1,"tags":0,"currencies":1,"curAccount":1}
adopt	{"lang":5,"customCats":5,"loans":1,"templates":0,"tags":100,"curLedger":5,"currencies":100,"subcats":100}|{"lang":1,"customCats":0,"accounts":5,"assets":5,"loans":0,"subs":100,"templates":1700000000000,"tags":100,"curLedger":0,"currencies":100,"curAccount":100}|{"lang":{},"settings":"x","customCats":"","accounts":false,"loans":["a"],"subs":"x","templates":null,"curLedger":false,"currencies":"","subcats":"x","curAccount":{}}
newer	{"lang":5,"customCats":5,"loans":1,"templates":0,"tags":100,"curLedger":5,"currencies":100,"subcats":100}|{"lang":1,"customCats":0,"accounts":5,"assets":5,"loans":0,"subs":100,"templates":1700000000000,"tags":100,"curLedger":0,"currencies":100,"curAccount":100}
adopt	{"lang":100,"customCats":100,"accounts":1700000000000,"assets":0,"subs":100,"templates":1700000000000,"curAccount":0}|{"settings":1,"customCats":1700000000000,"accounts":2,"loans":1,"currencies":1,"subcats":0,"curAccount":100}|{"lang":[],"customCats":"x","accounts":0,"assets":false,"subs":null,"templates":"x","currencies":[],"subcats":{"a":1},"curAccount":false}
newer	{"lang":100,"customCats":100,"accounts":1700000000000,"assets":0,"subs":100,"templates":1700000000000,"curAccount":0}|{"settings":1,"customCats":1700000000000,"accounts":2,"loans":1,"currencies":1,"subcats":0,"curAccount":100}
adopt	{"settings":1,"customCats":100,"accounts":1700000000000,"assets":100,"loans":1700000000000,"tags":100,"subcats":0}|{"customCats":2,"accounts":100,"assets":1700000000000,"loans":2,"tags":0,"currencies":100,"curAccount":1700000000000}|{"lang":{},"settings":"x","customCats":"","accounts":["a"],"assets":false,"subs":"","templates":null,"tags":{"a":1},"currencies":"","curAccount":"x"}
newer	{"settings":1,"customCats":100,"accounts":1700000000000,"assets":100,"loans":1700000000000,"tags":100,"subcats":0}|{"customCats":2,"accounts":100,"assets":1700000000000,"loans":2,"tags":0,"currencies":100,"curAccount":1700000000000}
adopt	{"settings":0,"accounts":100,"currencies":5}|{"lang":1,"settings":0,"accounts":1700000000000,"subs":1700000000000,"tags":5,"subcats":5}|{"lang":null,"customCats":false,"loans":false,"templates":false,"tags":null,"curLedger":"","currencies":false,"subcats":0}
newer	{"settings":0,"accounts":100,"currencies":5}|{"lang":1,"settings":0,"accounts":1700000000000,"subs":1700000000000,"tags":5,"subcats":5}
adopt	{"settings":1700000000000,"customCats":5,"assets":2,"subs":0,"tags":1700000000000,"curLedger":1,"subcats":100}|none|{"lang":[],"settings":false,"customCats":"","accounts":false,"assets":false,"loans":false,"subs":null,"curLedger":{},"currencies":{},"curAccount":{"a":1}}
newer	{"settings":1700000000000,"customCats":5,"assets":2,"subs":0,"tags":1700000000000,"curLedger":1,"subcats":100}|none
adopt	{"lang":1,"settings":5,"assets":2,"loans":1,"tags":5,"curLedger":1700000000000,"currencies":2,"curAccount":1700000000000}|none|{"lang":{},"settings":false,"accounts":{},"subs":"","tags":["a"],"curLedger":[],"currencies":""}
newer	{"lang":1,"settings":5,"assets":2,"loans":1,"tags":5,"curLedger":1700000000000,"currencies":2,"curAccount":1700000000000}|none
adopt	{"settings":0,"accounts":5,"assets":2,"loans":1,"subcats":1700000000000}|{"settings":5,"assets":1,"loans":2,"templates":0,"tags":100,"curLedger":1700000000000,"currencies":2,"subcats":1,"curAccount":5}|{"lang":{},"settings":["a"],"accounts":"","assets":[],"loans":0,"curLedger":{},"currencies":"x","subcats":0,"curAccount":["a"]}
newer	{"settings":0,"accounts":5,"assets":2,"loans":1,"subcats":1700000000000}|{"settings":5,"assets":1,"loans":2,"templates":0,"tags":100,"curLedger":1700000000000,"currencies":2,"subcats":1,"curAccount":5}
adopt	{"lang":1,"accounts":2,"loans":1,"tags":1,"currencies":1,"curAccount":5}|none|{"lang":null,"settings":[],"customCats":["a"],"accounts":"x","assets":null,"loans":{},"templates":"x","tags":{},"curLedger":{},"currencies":"","subcats":0}
newer	{"lang":1,"accounts":2,"loans":1,"tags":1,"currencies":1,"curAccount":5}|none
adopt	{"subs":2,"curLedger":1700000000000}|{"lang":5,"settings":5,"customCats":5,"accounts":5,"assets":1700000000000,"loans":0,"currencies":5,"curAccount":100}|{"accounts":null,"assets":0,"loans":false,"templates":false,"tags":null,"curLedger":null,"subcats":["a"],"curAccount":["a"]}
newer	{"subs":2,"curLedger":1700000000000}|{"lang":5,"settings":5,"customCats":5,"accounts":5,"assets":1700000000000,"loans":0,"currencies":5,"curAccount":100}
adopt	{"lang":100,"settings":2,"customCats":5,"accounts":1,"subs":1700000000000,"templates":100,"curLedger":5,"currencies":5,"subcats":0,"curAccount":1}|{"assets":2,"loans":5,"templates":1,"tags":0,"curLedger":1,"currencies":0}|{"lang":["a"],"settings":0,"customCats":{},"accounts":"","assets":["a"],"templates":0,"tags":false,"currencies":false,"subcats":[]}
newer	{"lang":100,"settings":2,"customCats":5,"accounts":1,"subs":1700000000000,"templates":100,"curLedger":5,"currencies":5,"subcats":0,"curAccount":1}|{"assets":2,"loans":5,"templates":1,"tags":0,"curLedger":1,"currencies":0}
adopt	{"customCats":0,"subs":0,"templates":5,"tags":1700000000000,"curLedger":5,"currencies":1700000000000,"curAccount":0}|none|{"lang":"x","accounts":null,"assets":"","templates":{"a":1},"tags":{"a":1}}
newer	{"customCats":0,"subs":0,"templates":5,"tags":1700000000000,"curLedger":5,"currencies":1700000000000,"curAccount":0}|none
adopt	{"settings":1,"loans":2,"subs":100,"templates":5,"tags":1,"curLedger":2,"currencies":2,"subcats":5,"curAccount":5}|{"settings":1700000000000,"accounts":2,"templates":100,"curAccount":1}|{"settings":[],"accounts":null,"subs":false,"templates":{},"tags":["a"],"curLedger":"x","subcats":null,"curAccount":{"a":1}}
newer	{"settings":1,"loans":2,"subs":100,"templates":5,"tags":1,"curLedger":2,"currencies":2,"subcats":5,"curAccount":5}|{"settings":1700000000000,"accounts":2,"templates":100,"curAccount":1}
adopt	{"lang":0,"customCats":1,"tags":1700000000000,"currencies":1700000000000,"curAccount":100}|{"accounts":100,"assets":2,"loans":1,"tags":5,"currencies":0,"curAccount":1700000000000}|{"lang":"","settings":null,"customCats":"","accounts":false,"assets":null,"subs":false,"templates":0,"tags":"x","subcats":null,"curAccount":"x"}
newer	{"lang":0,"customCats":1,"tags":1700000000000,"currencies":1700000000000,"curAccount":100}|{"accounts":100,"assets":2,"loans":1,"tags":5,"currencies":0,"curAccount":1700000000000}
adopt	{"settings":1700000000000,"accounts":1700000000000,"loans":100,"templates":1700000000000,"curLedger":0,"currencies":0,"curAccount":1700000000000}|{"lang":1700000000000,"currencies":5,"subcats":1700000000000,"curAccount":1700000000000}|{"lang":[],"settings":"x","subs":[],"templates":"x","curLedger":0,"currencies":"","curAccount":[]}
newer	{"settings":1700000000000,"accounts":1700000000000,"loans":100,"templates":1700000000000,"curLedger":0,"currencies":0,"curAccount":1700000000000}|{"lang":1700000000000,"currencies":5,"subcats":1700000000000,"curAccount":1700000000000}
adopt	{"lang":0,"settings":1,"accounts":0,"loans":1700000000000,"subs":1,"templates":1,"tags":100,"curLedger":0}|{"lang":100,"settings":0,"accounts":0,"loans":1700000000000,"subs":1,"templates":2,"curLedger":1}|{"settings":false,"customCats":"","assets":0,"loans":0,"templates":[],"tags":null,"curLedger":["a"],"currencies":0,"subcats":[],"curAccount":false}
newer	{"lang":0,"settings":1,"accounts":0,"loans":1700000000000,"subs":1,"templates":1,"tags":100,"curLedger":0}|{"lang":100,"settings":0,"accounts":0,"loans":1700000000000,"subs":1,"templates":2,"curLedger":1}
adopt	{"lang":1700000000000,"settings":1,"subs":100,"tags":1700000000000,"currencies":5,"subcats":0,"curAccount":1700000000000}|{"lang":1,"settings":5,"customCats":1700000000000,"accounts":100,"subs":1,"currencies":100,"subcats":2,"curAccount":0}|{"lang":["a"],"settings":"x","customCats":["a"],"accounts":"x","assets":["a"],"loans":0,"subs":["a"],"templates":0,"tags":{},"curLedger":{"a":1},"currencies":false,"curAccount":{"a":1}}
newer	{"lang":1700000000000,"settings":1,"subs":100,"tags":1700000000000,"currencies":5,"subcats":0,"curAccount":1700000000000}|{"lang":1,"settings":5,"customCats":1700000000000,"accounts":100,"subs":1,"currencies":100,"subcats":2,"curAccount":0}
adopt	{"lang":2,"customCats":100,"curAccount":100}|none|{"accounts":"x","loans":false,"subs":"","templates":["a"],"tags":false,"curLedger":[],"subcats":null,"curAccount":"x"}
newer	{"lang":2,"customCats":100,"curAccount":100}|none
adopt	{"lang":0,"customCats":100,"accounts":1700000000000,"loans":1700000000000,"templates":0,"curLedger":5,"currencies":2,"subcats":100}|{"customCats":1700000000000,"accounts":5,"assets":1700000000000,"subs":1,"tags":1700000000000,"subcats":5,"curAccount":1700000000000}|{"customCats":"","accounts":{},"assets":{},"loans":{"a":1},"subs":[],"curLedger":{"a":1},"currencies":["a"],"subcats":["a"],"curAccount":""}
newer	{"lang":0,"customCats":100,"accounts":1700000000000,"loans":1700000000000,"templates":0,"curLedger":5,"currencies":2,"subcats":100}|{"customCats":1700000000000,"accounts":5,"assets":1700000000000,"subs":1,"tags":1700000000000,"subcats":5,"curAccount":1700000000000}
adopt	{"lang":1700000000000,"settings":1700000000000,"customCats":1700000000000,"assets":0,"loans":2,"templates":1,"tags":2,"curLedger":5,"currencies":2}|{"lang":1700000000000,"settings":100,"accounts":100,"assets":5,"subs":5,"templates":2,"tags":5}|{"lang":0,"settings":{},"accounts":{},"loans":{"a":1},"subs":false,"templates":"x","subcats":0,"curAccount":"x"}
newer	{"lang":1700000000000,"settings":1700000000000,"customCats":1700000000000,"assets":0,"loans":2,"templates":1,"tags":2,"curLedger":5,"currencies":2}|{"lang":1700000000000,"settings":100,"accounts":100,"assets":5,"subs":5,"templates":2,"tags":5}
adopt	{"lang":0,"customCats":2,"assets":1,"loans":2,"templates":1,"tags":1700000000000,"curLedger":2,"currencies":1,"curAccount":100}|{"lang":1,"assets":0}|{"lang":"","settings":null,"accounts":false,"assets":false,"tags":["a"],"curLedger":{},"currencies":[],"subcats":{},"curAccount":{"a":1}}
newer	{"lang":0,"customCats":2,"assets":1,"loans":2,"templates":1,"tags":1700000000000,"curLedger":2,"currencies":1,"curAccount":100}|{"lang":1,"assets":0}
adopt	{"accounts":100,"loans":2,"curLedger":2,"currencies":5,"curAccount":2}|none|{"lang":"","settings":"","customCats":["a"],"loans":"","subs":[],"templates":"","tags":"","currencies":"x","subcats":["a"],"curAccount":0}
newer	{"accounts":100,"loans":2,"curLedger":2,"currencies":5,"curAccount":2}|none
adopt	{"settings":1,"customCats":1700000000000,"accounts":0,"loans":0,"templates":2,"tags":5,"curLedger":1,"curAccount":100}|{"settings":1700000000000,"customCats":1,"loans":0,"subs":5,"templates":1,"currencies":1700000000000,"subcats":5,"curAccount":100}|{"settings":"x","customCats":"x","assets":"x","subs":0,"templates":"","tags":{"a":1},"currencies":0,"subcats":{},"curAccount":""}
newer	{"settings":1,"customCats":1700000000000,"accounts":0,"loans":0,"templates":2,"tags":5,"curLedger":1,"curAccount":100}|{"settings":1700000000000,"customCats":1,"loans":0,"subs":5,"templates":1,"currencies":1700000000000,"subcats":5,"curAccount":100}
adopt	{"lang":2,"settings":5,"customCats":5,"assets":2,"tags":1700000000000,"subcats":1700000000000,"curAccount":1}|{"customCats":1,"loans":5,"subs":1700000000000,"curLedger":1,"currencies":2,"subcats":0,"curAccount":5}|{"lang":false,"settings":null,"customCats":{},"accounts":{"a":1},"subs":false,"templates":{"a":1},"tags":"x","currencies":0,"subcats":null,"curAccount":"x"}
newer	{"lang":2,"settings":5,"customCats":5,"assets":2,"tags":1700000000000,"subcats":1700000000000,"curAccount":1}|{"customCats":1,"loans":5,"subs":1700000000000,"curLedger":1,"currencies":2,"subcats":0,"curAccount":5}
adopt	{"customCats":1700000000000,"loans":2,"subs":2,"tags":100,"curLedger":2,"currencies":100,"subcats":5}|{"lang":2,"templates":1700000000000,"curAccount":100}|{"lang":"x","settings":0,"customCats":["a"],"accounts":null,"assets":false,"tags":null,"subcats":0}
newer	{"customCats":1700000000000,"loans":2,"subs":2,"tags":100,"curLedger":2,"currencies":100,"subcats":5}|{"lang":2,"templates":1700000000000,"curAccount":100}
adopt	{"settings":1700000000000,"accounts":100,"loans":0,"tags":100,"curLedger":100,"curAccount":1}|{"settings":2,"customCats":2,"accounts":100,"loans":1,"templates":5,"tags":1}|{"lang":"x","settings":0,"customCats":"","accounts":{"a":1},"subs":null,"curLedger":0,"currencies":null,"subcats":"","curAccount":{}}
newer	{"settings":1700000000000,"accounts":100,"loans":0,"tags":100,"curLedger":100,"curAccount":1}|{"settings":2,"customCats":2,"accounts":100,"loans":1,"templates":5,"tags":1}
adopt	{"customCats":1700000000000,"accounts":1700000000000,"loans":1700000000000,"templates":1,"curLedger":2,"currencies":0,"curAccount":5}|{"subs":100,"tags":1,"curAccount":2}|{"lang":"","settings":0,"customCats":false,"accounts":0,"assets":null,"loans":0,"templates":{},"tags":0,"curLedger":false,"currencies":0,"subcats":[],"curAccount":0}
newer	{"customCats":1700000000000,"accounts":1700000000000,"loans":1700000000000,"templates":1,"curLedger":2,"currencies":0,"curAccount":5}|{"subs":100,"tags":1,"curAccount":2}
adopt	{"templates":0,"tags":100,"currencies":0,"curAccount":1700000000000}|{"lang":2,"settings":0,"accounts":100,"assets":5,"loans":5,"subs":2,"templates":5,"tags":0,"currencies":2,"curAccount":5}|{"lang":"","settings":0,"customCats":{},"loans":{"a":1},"subs":"","templates":{},"curLedger":{},"subcats":{},"curAccount":""}
newer	{"templates":0,"tags":100,"currencies":0,"curAccount":1700000000000}|{"lang":2,"settings":0,"accounts":100,"assets":5,"loans":5,"subs":2,"templates":5,"tags":0,"currencies":2,"curAccount":5}
adopt	{"accounts":0,"assets":1,"templates":0,"tags":100,"currencies":0}|none|{"lang":["a"],"settings":{},"accounts":{"a":1},"assets":"x","loans":["a"],"subs":"x","curLedger":{},"currencies":0,"subcats":[],"curAccount":[]}
newer	{"accounts":0,"assets":1,"templates":0,"tags":100,"currencies":0}|none
adopt	{"lang":0,"settings":100,"tags":1700000000000,"curLedger":0,"currencies":1}|{"customCats":1700000000000,"loans":5,"templates":5,"subcats":2}|{"lang":"","settings":[],"assets":{},"templates":"","tags":"","currencies":{},"subcats":{"a":1},"curAccount":[]}
newer	{"lang":0,"settings":100,"tags":1700000000000,"curLedger":0,"currencies":1}|{"customCats":1700000000000,"loans":5,"templates":5,"subcats":2}
adopt	{"settings":1,"loans":0,"subs":100,"tags":5,"currencies":2,"subcats":2,"curAccount":0}|{"settings":2,"tags":1,"subcats":0}|{"lang":{},"customCats":false,"accounts":"","assets":[],"loans":["a"],"subs":["a"],"templates":{},"curLedger":0,"currencies":false,"subcats":{},"curAccount":0}
newer	{"settings":1,"loans":0,"subs":100,"tags":5,"currencies":2,"subcats":2,"curAccount":0}|{"settings":2,"tags":1,"subcats":0}
adopt	{"customCats":2,"loans":5,"templates":1,"tags":5,"curLedger":2,"curAccount":5}|{"settings":1,"customCats":100,"assets":1,"loans":100,"subs":100,"currencies":100,"subcats":5}|{"customCats":{"a":1},"accounts":0,"assets":{},"loans":["a"],"subs":[],"curLedger":false,"subcats":{"a":1}}
newer	{"customCats":2,"loans":5,"templates":1,"tags":5,"curLedger":2,"curAccount":5}|{"settings":1,"customCats":100,"assets":1,"loans":100,"subs":100,"currencies":100,"subcats":5}
adopt	{"customCats":1700000000000,"assets":1,"templates":1,"tags":100,"currencies":2}|{"settings":1,"accounts":0,"assets":2,"loans":2,"tags":1,"curAccount":2}|{"lang":"x","settings":["a"],"customCats":"x","accounts":null,"assets":["a"],"loans":"x","subs":null,"curLedger":["a"],"currencies":"","subcats":{},"curAccount":{"a":1}}
newer	{"customCats":1700000000000,"assets":1,"templates":1,"tags":100,"currencies":2}|{"settings":1,"accounts":0,"assets":2,"loans":2,"tags":1,"curAccount":2}
adopt	{"customCats":1,"assets":1,"loans":1,"subs":0,"templates":5,"tags":1700000000000,"curLedger":1700000000000,"subcats":100}|{"customCats":1,"loans":1,"curLedger":1700000000000,"curAccount":1700000000000}|{"lang":{},"settings":{},"customCats":["a"],"loans":[],"templates":{"a":1},"curLedger":false,"subcats":null,"curAccount":{"a":1}}
newer	{"customCats":1,"assets":1,"loans":1,"subs":0,"templates":5,"tags":1700000000000,"curLedger":1700000000000,"subcats":100}|{"customCats":1,"loans":1,"curLedger":1700000000000,"curAccount":1700000000000}
adopt	{"lang":5,"settings":1,"assets":1700000000000,"subs":1,"currencies":5,"subcats":2}|{"settings":0,"customCats":5,"subs":2,"templates":2,"tags":1,"subcats":1700000000000}|{"lang":"","settings":"","customCats":"x","accounts":"","assets":{"a":1},"loans":"x","tags":{},"curLedger":{"a":1},"currencies":0,"subcats":false,"curAccount":null}
newer	{"lang":5,"settings":1,"assets":1700000000000,"subs":1,"currencies":5,"subcats":2}|{"settings":0,"customCats":5,"subs":2,"templates":2,"tags":1,"subcats":1700000000000}
adopt	{"lang":1700000000000,"settings":5,"customCats":1700000000000,"accounts":5,"loans":2,"subs":1700000000000,"tags":1,"currencies":100,"subcats":2,"curAccount":100}|{"settings":0,"customCats":1,"accounts":0,"loans":0,"subs":100,"currencies":5,"curAccount":100}|{"lang":null,"settings":{},"accounts":"x","assets":null,"loans":"x","curLedger":"","subcats":"x","curAccount":""}
newer	{"lang":1700000000000,"settings":5,"customCats":1700000000000,"accounts":5,"loans":2,"subs":1700000000000,"tags":1,"currencies":100,"subcats":2,"curAccount":100}|{"settings":0,"customCats":1,"accounts":0,"loans":0,"subs":100,"currencies":5,"curAccount":100}
adopt	{"customCats":5,"accounts":1,"loans":100,"subs":1,"subcats":1700000000000}|{"lang":1,"loans":100,"tags":5,"curLedger":2,"currencies":1700000000000,"subcats":5}|{"lang":[],"settings":{"a":1},"customCats":null,"accounts":null,"assets":[],"subs":{},"templates":{"a":1},"tags":{},"curLedger":["a"],"currencies":{"a":1},"subcats":""}
newer	{"customCats":5,"accounts":1,"loans":100,"subs":1,"subcats":1700000000000}|{"lang":1,"loans":100,"tags":5,"curLedger":2,"currencies":1700000000000,"subcats":5}
adopt	{"templates":5,"currencies":0}|{"lang":1700000000000,"settings":0,"assets":5,"curLedger":1,"currencies":2}|{"lang":"","customCats":["a"],"accounts":["a"],"assets":["a"],"loans":["a"],"subs":{},"templates":"x","curLedger":"x","currencies":["a"],"subcats":false}
newer	{"templates":5,"currencies":0}|{"lang":1700000000000,"settings":0,"assets":5,"curLedger":1,"currencies":2}
adopt	{"lang":2,"settings":100,"subs":2,"templates":5,"tags":100,"currencies":0}|{"settings":5,"assets":0,"loans":5,"subs":2,"templates":2,"curAccount":5}|{"lang":0,"settings":false,"assets":{},"loans":0,"subs":"x","templates":"","tags":{},"curLedger":false,"currencies":[],"curAccount":["a"]}
newer	{"lang":2,"settings":100,"subs":2,"templates":5,"tags":100,"currencies":0}|{"settings":5,"assets":0,"loans":5,"subs":2,"templates":2,"curAccount":5}
adopt	{"settings":1700000000000,"accounts":1700000000000,"assets":5,"templates":100,"tags":1700000000000,"subcats":2,"curAccount":100}|{"accounts":100,"assets":1700000000000,"curLedger":100,"currencies":1700000000000,"subcats":1700000000000,"curAccount":2}|{"lang":{},"customCats":"","accounts":null,"assets":false,"loans":null,"subs":{"a":1},"templates":"x","currencies":[],"subcats":null}
newer	{"settings":1700000000000,"accounts":1700000000000,"assets":5,"templates":100,"tags":1700000000000,"subcats":2,"curAccount":100}|{"accounts":100,"assets":1700000000000,"curLedger":100,"currencies":1700000000000,"subcats":1700000000000,"curAccount":2}
adopt	{"settings":100,"subs":2,"curLedger":1700000000000,"currencies":1700000000000}|{"customCats":1,"templates":5,"currencies":100,"curAccount":100}|{"lang":false,"settings":"","customCats":false,"loans":null,"tags":false,"subcats":""}
newer	{"settings":100,"subs":2,"curLedger":1700000000000,"currencies":1700000000000}|{"customCats":1,"templates":5,"currencies":100,"curAccount":100}
adopt	{"customCats":5,"accounts":2,"loans":5,"subs":0,"tags":1,"curLedger":5,"currencies":100}|{"settings":5,"accounts":2,"templates":100,"tags":1700000000000,"currencies":0,"curAccount":0}|{"lang":"","settings":null,"customCats":{},"accounts":{},"assets":{"a":1},"loans":[],"subs":{"a":1},"tags":false,"curLedger":{"a":1},"currencies":null,"subcats":[]}
newer	{"customCats":5,"accounts":2,"loans":5,"subs":0,"tags":1,"curLedger":5,"currencies":100}|{"settings":5,"accounts":2,"templates":100,"tags":1700000000000,"currencies":0,"curAccount":0}
adopt	{"accounts":100,"assets":100,"tags":1,"curAccount":0}|{"lang":100,"settings":1700000000000,"accounts":5,"subs":1700000000000,"templates":1,"currencies":1}|{"lang":["a"],"customCats":{"a":1},"accounts":{"a":1},"loans":0,"subs":["a"],"tags":{},"curLedger":{"a":1},"subcats":[],"curAccount":""}
newer	{"accounts":100,"assets":100,"tags":1,"curAccount":0}|{"lang":100,"settings":1700000000000,"accounts":5,"subs":1700000000000,"templates":1,"currencies":1}
adopt	{"lang":1,"customCats":1700000000000,"assets":100,"subs":5,"templates":1700000000000,"subcats":100,"curAccount":0}|{"lang":2,"settings":1700000000000,"accounts":0,"assets":5,"subs":5,"templates":2,"curLedger":100,"subcats":5,"curAccount":0}|{"lang":[],"settings":"","customCats":"x","accounts":"","assets":["a"],"subs":{},"tags":false,"curLedger":[],"currencies":null,"subcats":0}
newer	{"lang":1,"customCats":1700000000000,"assets":100,"subs":5,"templates":1700000000000,"subcats":100,"curAccount":0}|{"lang":2,"settings":1700000000000,"accounts":0,"assets":5,"subs":5,"templates":2,"curLedger":100,"subcats":5,"curAccount":0}
adopt	{"lang":1700000000000,"customCats":2,"accounts":0,"assets":5,"curLedger":100,"currencies":5,"curAccount":5}|{"settings":2,"customCats":100,"templates":100,"tags":5,"currencies":1}|{"lang":["a"],"settings":0,"customCats":"x","assets":[],"templates":{},"tags":{},"curLedger":{},"currencies":0,"curAccount":""}
newer	{"lang":1700000000000,"customCats":2,"accounts":0,"assets":5,"curLedger":100,"currencies":5,"curAccount":5}|{"settings":2,"customCats":100,"templates":100,"tags":5,"currencies":1}
adopt	{"assets":1,"templates":1,"curAccount":100}|{"lang":0,"settings":1700000000000,"customCats":0,"accounts":1700000000000,"subs":2,"tags":1,"currencies":0,"curAccount":0}|{"settings":["a"],"accounts":false,"loans":"x","subs":"","templates":"","tags":0,"curLedger":0,"currencies":{},"subcats":0,"curAccount":"x"}
newer	{"assets":1,"templates":1,"curAccount":100}|{"lang":0,"settings":1700000000000,"customCats":0,"accounts":1700000000000,"subs":2,"tags":1,"currencies":0,"curAccount":0}
adopt	{"customCats":2,"accounts":1700000000000,"assets":0,"subs":100,"tags":1,"curLedger":5,"subcats":2,"curAccount":5}|{"lang":2,"customCats":1700000000000,"loans":1,"subs":2,"templates":1,"tags":1700000000000,"curAccount":0}|{"lang":"x","customCats":{"a":1},"accounts":"","assets":{"a":1},"loans":null,"subs":"","templates":{},"curLedger":{},"currencies":"","subcats":null,"curAccount":""}
newer	{"customCats":2,"accounts":1700000000000,"assets":0,"subs":100,"tags":1,"curLedger":5,"subcats":2,"curAccount":5}|{"lang":2,"customCats":1700000000000,"loans":1,"subs":2,"templates":1,"tags":1700000000000,"curAccount":0}
adopt	{"lang":100,"settings":1700000000000,"customCats":5,"tags":1700000000000,"currencies":2,"subcats":0}|none|{"settings":"x","accounts":null,"assets":{"a":1},"loans":["a"],"subs":"x","tags":{"a":1},"curLedger":0,"currencies":0,"subcats":0,"curAccount":null}
newer	{"lang":100,"settings":1700000000000,"customCats":5,"tags":1700000000000,"currencies":2,"subcats":0}|none
adopt	{"settings":2,"accounts":1700000000000,"loans":100,"subs":2,"templates":0,"tags":100,"curLedger":100}|{"lang":5,"accounts":0,"templates":0,"tags":1,"currencies":5,"subcats":0,"curAccount":5}|{"lang":"","settings":null,"accounts":"x","assets":{},"tags":{},"currencies":false,"subcats":"","curAccount":["a"]}
newer	{"settings":2,"accounts":1700000000000,"loans":100,"subs":2,"templates":0,"tags":100,"curLedger":100}|{"lang":5,"accounts":0,"templates":0,"tags":1,"currencies":5,"subcats":0,"curAccount":5}
adopt	{"customCats":100,"accounts":1700000000000,"assets":100,"subs":2,"templates":1700000000000,"curLedger":2,"curAccount":2}|{"lang":100,"customCats":100,"accounts":0,"assets":2,"subs":5,"currencies":5,"curAccount":1}|{"settings":{},"customCats":{},"accounts":"x","assets":"x","loans":null,"subs":0,"templates":"","subcats":{},"curAccount":{}}
newer	{"customCats":100,"accounts":1700000000000,"assets":100,"subs":2,"templates":1700000000000,"curLedger":2,"curAccount":2}|{"lang":100,"customCats":100,"accounts":0,"assets":2,"subs":5,"currencies":5,"curAccount":1}
adopt	{"lang":100,"settings":1700000000000,"customCats":2,"subs":0,"templates":5,"curLedger":2}|{"accounts":0,"assets":2,"loans":100,"templates":1,"tags":0,"curLedger":100,"currencies":0,"curAccount":100}|{"lang":0,"settings":[],"customCats":{},"loans":{},"subs":[],"templates":null,"tags":false,"currencies":0,"subcats":null,"curAccount":"x"}
newer	{"lang":100,"settings":1700000000000,"customCats":2,"subs":0,"templates":5,"curLedger":2}|{"accounts":0,"assets":2,"loans":100,"templates":1,"tags":0,"curLedger":100,"currencies":0,"curAccount":100}
adopt	{"settings":5,"customCats":1,"accounts":100,"curAccount":1700000000000}|{"lang":0,"assets":2,"subs":5,"tags":1700000000000,"curLedger":100,"subcats":2}|{"lang":{"a":1},"customCats":false,"assets":{},"loans":{"a":1},"templates":{"a":1},"tags":null,"curLedger":"x","currencies":[],"subcats":false,"curAccount":false}
newer	{"settings":5,"customCats":1,"accounts":100,"curAccount":1700000000000}|{"lang":0,"assets":2,"subs":5,"tags":1700000000000,"curLedger":100,"subcats":2}
adopt	{"lang":2,"settings":1,"accounts":1700000000000,"assets":100,"loans":100,"subs":5,"templates":1,"tags":100,"curLedger":1,"subcats":2}|{"assets":5,"curLedger":5}|{"lang":null,"customCats":false,"accounts":[],"assets":null,"loans":{"a":1},"templates":null,"curLedger":["a"],"currencies":"x","curAccount":{"a":1}}
newer	{"lang":2,"settings":1,"accounts":1700000000000,"assets":100,"loans":100,"subs":5,"templates":1,"tags":100,"curLedger":1,"subcats":2}|{"assets":5,"curLedger":5}
adopt	{"lang":1,"assets":0,"loans":1,"tags":0,"currencies":5,"subcats":0}|{"customCats":100,"accounts":5,"templates":5,"curAccount":1700000000000}|{"lang":null,"settings":null,"customCats":0,"accounts":null,"templates":0,"tags":null,"curLedger":{},"subcats":{"a":1},"curAccount":{}}
newer	{"lang":1,"assets":0,"loans":1,"tags":0,"currencies":5,"subcats":0}|{"customCats":100,"accounts":5,"templates":5,"curAccount":1700000000000}
adopt	{"lang":5,"customCats":1,"loans":1700000000000,"templates":1,"curLedger":1700000000000,"currencies":2}|{"lang":100,"assets":0,"subs":0,"currencies":5}|{"settings":0,"customCats":"","accounts":{"a":1},"assets":{"a":1},"templates":[],"tags":{},"curLedger":["a"],"currencies":0,"subcats":["a"]}
newer	{"lang":5,"customCats":1,"loans":1700000000000,"templates":1,"curLedger":1700000000000,"currencies":2}|{"lang":100,"assets":0,"subs":0,"currencies":5}
adopt	{"lang":5,"settings":2,"accounts":100,"tags":5,"curLedger":0,"subcats":0}|{"lang":1,"settings":0,"customCats":5,"accounts":1,"loans":5,"tags":5,"curLedger":1,"currencies":1,"subcats":1700000000000}|{"lang":"x","customCats":false,"accounts":0,"assets":{},"subs":"x","curLedger":["a"]}
newer	{"lang":5,"settings":2,"accounts":100,"tags":5,"curLedger":0,"subcats":0}|{"lang":1,"settings":0,"customCats":5,"accounts":1,"loans":5,"tags":5,"curLedger":1,"currencies":1,"subcats":1700000000000}
adopt	{"customCats":100,"loans":1700000000000,"subs":1,"curLedger":0,"currencies":5,"subcats":2}|{"assets":5,"curLedger":0,"currencies":5}|{"lang":"","settings":["a"],"customCats":"x","assets":"","loans":{},"templates":null,"tags":null,"subcats":"x","curAccount":{}}
newer	{"customCats":100,"loans":1700000000000,"subs":1,"curLedger":0,"currencies":5,"subcats":2}|{"assets":5,"curLedger":0,"currencies":5}
adopt	{"customCats":5,"loans":0,"subs":0,"currencies":2,"subcats":1}|{"customCats":100,"accounts":0,"assets":1,"loans":100,"curLedger":5}|{"lang":{"a":1},"settings":{},"customCats":[],"subs":{"a":1},"templates":{},"currencies":false,"subcats":{"a":1},"curAccount":"x"}
newer	{"customCats":5,"loans":0,"subs":0,"currencies":2,"subcats":1}|{"customCats":100,"accounts":0,"assets":1,"loans":100,"curLedger":5}
adopt	{"customCats":1700000000000,"accounts":5,"assets":100,"templates":0,"currencies":1,"curAccount":100}|{"lang":2,"accounts":0,"assets":0,"subs":1700000000000,"subcats":0,"curAccount":2}|{"customCats":"x","subs":0,"templates":"","tags":"","currencies":{},"subcats":{"a":1},"curAccount":{"a":1}}
newer	{"customCats":1700000000000,"accounts":5,"assets":100,"templates":0,"currencies":1,"curAccount":100}|{"lang":2,"accounts":0,"assets":0,"subs":1700000000000,"subcats":0,"curAccount":2}
adopt	{"loans":100,"subs":2,"curAccount":5}|{"settings":5}|{"lang":"x","settings":"x","customCats":false,"accounts":"x","assets":0,"loans":{"a":1},"subs":{"a":1},"templates":[],"tags":null,"curLedger":null,"subcats":"x","curAccount":null}
newer	{"loans":100,"subs":2,"curAccount":5}|{"settings":5}
adopt	{"customCats":2,"assets":0,"templates":1,"curLedger":5,"subcats":1,"curAccount":100}|none|{"lang":"x","accounts":{"a":1},"assets":0,"loans":false,"subs":null,"templates":{"a":1},"tags":[],"curLedger":"x","currencies":null,"subcats":{"a":1},"curAccount":["a"]}
newer	{"customCats":2,"assets":0,"templates":1,"curLedger":5,"subcats":1,"curAccount":100}|none
adopt	{"lang":100,"settings":1,"customCats":100,"accounts":0,"loans":1700000000000,"templates":100,"tags":1,"curLedger":1700000000000,"subcats":0}|{"accounts":100,"assets":1700000000000,"loans":100,"subs":5}|{"lang":{},"accounts":null,"assets":0,"loans":"","subs":[],"templates":null,"tags":{},"curLedger":0,"subcats":{},"curAccount":"x"}
newer	{"lang":100,"settings":1,"customCats":100,"accounts":0,"loans":1700000000000,"templates":100,"tags":1,"curLedger":1700000000000,"subcats":0}|{"accounts":100,"assets":1700000000000,"loans":100,"subs":5}
adopt	{"accounts":2,"subs":5,"templates":1,"currencies":100,"subcats":5,"curAccount":0}|{"lang":2,"accounts":5,"assets":5,"templates":100,"curLedger":100,"subcats":1700000000000}|{"lang":0,"customCats":0,"subs":null,"templates":[],"tags":"","currencies":null,"curAccount":0}
newer	{"accounts":2,"subs":5,"templates":1,"currencies":100,"subcats":5,"curAccount":0}|{"lang":2,"accounts":5,"assets":5,"templates":100,"curLedger":100,"subcats":1700000000000}
adopt	{"lang":2,"settings":1,"customCats":5,"accounts":2,"assets":0,"loans":1700000000000,"tags":100,"curLedger":100,"curAccount":5}|{"settings":5,"assets":1,"subs":1,"templates":2,"tags":2,"curLedger":100,"currencies":2,"subcats":2,"curAccount":5}|{"settings":"","accounts":["a"],"assets":{"a":1},"loans":"","subs":{},"templates":{},"subcats":{},"curAccount":{"a":1}}
newer	{"lang":2,"settings":1,"customCats":5,"accounts":2,"assets":0,"loans":1700000000000,"tags":100,"curLedger":100,"curAccount":5}|{"settings":5,"assets":1,"subs":1,"templates":2,"tags":2,"curLedger":100,"currencies":2,"subcats":2,"curAccount":5}
adopt	{"lang":1700000000000,"customCats":0,"accounts":1700000000000,"assets":2,"templates":1700000000000,"tags":100,"curLedger":5,"currencies":1,"curAccount":1700000000000}|{"customCats":2,"accounts":5,"assets":2,"templates":100,"curAccount":5}|{"lang":"x","settings":false,"customCats":{"a":1},"loans":0,"subs":"","templates":[],"currencies":[],"subcats":{},"curAccount":[]}
newer	{"lang":1700000000000,"customCats":0,"accounts":1700000000000,"assets":2,"templates":1700000000000,"tags":100,"curLedger":5,"currencies":1,"curAccount":1700000000000}|{"customCats":2,"accounts":5,"assets":2,"templates":100,"curAccount":5}
adopt	{"customCats":1700000000000,"accounts":1,"templates":5,"tags":1,"currencies":2,"subcats":0}|{"lang":0,"settings":5,"currencies":2,"subcats":1700000000000,"curAccount":1700000000000}|{"lang":0,"accounts":[],"assets":["a"],"loans":["a"],"subs":"","templates":"x","tags":[],"curLedger":["a"],"currencies":0,"subcats":"x"}
newer	{"customCats":1700000000000,"accounts":1,"templates":5,"tags":1,"currencies":2,"subcats":0}|{"lang":0,"settings":5,"currencies":2,"subcats":1700000000000,"curAccount":1700000000000}
adopt	{"lang":1,"loans":5,"subs":1700000000000,"tags":1,"currencies":1,"subcats":0,"curAccount":0}|{"lang":2,"settings":5,"customCats":2,"accounts":2,"assets":1700000000000,"subs":0,"templates":100,"tags":0,"currencies":0}|{"accounts":{},"loans":[],"subs":[],"templates":[],"tags":0,"curLedger":["a"],"subcats":[],"curAccount":"x"}
newer	{"lang":1,"loans":5,"subs":1700000000000,"tags":1,"currencies":1,"subcats":0,"curAccount":0}|{"lang":2,"settings":5,"customCats":2,"accounts":2,"assets":1700000000000,"subs":0,"templates":100,"tags":0,"currencies":0}
adopt	{"lang":1700000000000,"settings":1700000000000,"customCats":1700000000000,"assets":100,"subs":2,"currencies":0,"curAccount":1}|{"customCats":1700000000000,"assets":100,"loans":100,"subs":0,"tags":100,"curLedger":1,"currencies":1700000000000}|{"lang":null,"settings":{},"accounts":"x","assets":{},"loans":false,"subs":["a"],"templates":0,"curLedger":"","subcats":"","curAccount":{"a":1}}
newer	{"lang":1700000000000,"settings":1700000000000,"customCats":1700000000000,"assets":100,"subs":2,"currencies":0,"curAccount":1}|{"customCats":1700000000000,"assets":100,"loans":100,"subs":0,"tags":100,"curLedger":1,"currencies":1700000000000}
adopt	{"lang":0,"customCats":100,"accounts":5,"loans":5,"templates":100,"tags":100,"curLedger":1700000000000,"currencies":1,"subcats":0}|{"settings":2,"templates":0,"curLedger":5}|{"lang":["a"],"settings":"","customCats":0,"assets":"","subs":"","templates":"","tags":["a"],"curLedger":"","currencies":0,"subcats":0}
newer	{"lang":0,"customCats":100,"accounts":5,"loans":5,"templates":100,"tags":100,"curLedger":1700000000000,"currencies":1,"subcats":0}|{"settings":2,"templates":0,"curLedger":5}
adopt	{"accounts":100,"templates":1700000000000,"subcats":100}|none|{"customCats":"","accounts":{"a":1},"assets":null,"loans":[],"subs":[],"templates":null,"tags":[],"curLedger":false,"currencies":["a"],"subcats":{}}
newer	{"accounts":100,"templates":1700000000000,"subcats":100}|none
adopt	{"lang":2,"settings":1,"accounts":1,"assets":2,"loans":5,"subs":1,"curLedger":2,"currencies":100,"curAccount":1700000000000}|{"lang":1700000000000,"customCats":1,"accounts":1,"subs":1700000000000,"curLedger":5,"subcats":2}|{"accounts":"","assets":["a"],"loans":[],"subs":{"a":1},"templates":false,"curLedger":{"a":1},"currencies":{},"subcats":["a"]}
newer	{"lang":2,"settings":1,"accounts":1,"assets":2,"loans":5,"subs":1,"curLedger":2,"currencies":100,"curAccount":1700000000000}|{"lang":1700000000000,"customCats":1,"accounts":1,"subs":1700000000000,"curLedger":5,"subcats":2}
adopt	{"lang":0,"settings":5,"accounts":1,"assets":1700000000000,"loans":2,"templates":0,"currencies":1700000000000,"subcats":1,"curAccount":1700000000000}|{"loans":5,"subs":2,"curLedger":5}|{"lang":{},"settings":{},"customCats":null,"accounts":0,"templates":null,"tags":{"a":1}}
newer	{"lang":0,"settings":5,"accounts":1,"assets":1700000000000,"loans":2,"templates":0,"currencies":1700000000000,"subcats":1,"curAccount":1700000000000}|{"loans":5,"subs":2,"curLedger":5}
adopt	{"lang":0,"settings":0,"accounts":1700000000000,"loans":2,"currencies":100,"subcats":5,"curAccount":100}|{"lang":100,"settings":0,"assets":1700000000000,"loans":1700000000000,"curLedger":100}|{"settings":{"a":1},"customCats":false,"accounts":0,"assets":null,"tags":{"a":1},"curLedger":"","currencies":0,"subcats":{"a":1},"curAccount":false}
newer	{"lang":0,"settings":0,"accounts":1700000000000,"loans":2,"currencies":100,"subcats":5,"curAccount":100}|{"lang":100,"settings":0,"assets":1700000000000,"loans":1700000000000,"curLedger":100}
adopt	{"settings":0,"accounts":100,"assets":2,"subs":2,"templates":5,"tags":5,"curLedger":1700000000000,"currencies":100,"subcats":0}|{"settings":100,"customCats":1,"accounts":2,"curLedger":2,"currencies":100,"curAccount":1700000000000}|{"lang":false,"customCats":"","accounts":{},"assets":"x","loans":"x","subs":"","templates":"","tags":["a"],"curLedger":"","subcats":null}
newer	{"settings":0,"accounts":100,"assets":2,"subs":2,"templates":5,"tags":5,"curLedger":1700000000000,"currencies":100,"subcats":0}|{"settings":100,"customCats":1,"accounts":2,"curLedger":2,"currencies":100,"curAccount":1700000000000}
adopt	{"customCats":100,"accounts":1700000000000,"assets":1,"subs":0,"templates":2,"curLedger":0,"subcats":100,"curAccount":5}|{"accounts":5,"assets":0,"loans":100,"subs":100,"templates":5,"tags":2,"currencies":1700000000000,"subcats":1,"curAccount":1700000000000}|{"lang":0,"settings":false,"customCats":["a"],"accounts":false,"assets":[],"subs":"x","templates":"x","tags":{},"curLedger":["a"],"currencies":0,"subcats":null,"curAccount":0}
newer	{"customCats":100,"accounts":1700000000000,"assets":1,"subs":0,"templates":2,"curLedger":0,"subcats":100,"curAccount":5}|{"accounts":5,"assets":0,"loans":100,"subs":100,"templates":5,"tags":2,"currencies":1700000000000,"subcats":1,"curAccount":1700000000000}
adopt	{"lang":100,"customCats":2,"accounts":100,"assets":100,"tags":1700000000000,"subcats":2}|{"lang":5,"customCats":2,"accounts":1,"assets":5,"subs":1700000000000,"tags":1700000000000,"currencies":1700000000000}|{"lang":[],"settings":false,"customCats":"x","assets":[],"loans":{"a":1},"curLedger":["a"],"curAccount":0}
newer	{"lang":100,"customCats":2,"accounts":100,"assets":100,"tags":1700000000000,"subcats":2}|{"lang":5,"customCats":2,"accounts":1,"assets":5,"subs":1700000000000,"tags":1700000000000,"currencies":1700000000000}
adopt	{"lang":1,"settings":2,"accounts":2,"assets":1,"tags":0,"curLedger":1700000000000}|{"lang":2,"settings":1,"assets":100,"subs":1700000000000,"templates":2,"tags":100,"curLedger":1700000000000,"currencies":1,"curAccount":5}|{"lang":[],"customCats":{},"accounts":"x","loans":"","subs":{},"tags":"x","curLedger":0,"subcats":{},"curAccount":false}
newer	{"lang":1,"settings":2,"accounts":2,"assets":1,"tags":0,"curLedger":1700000000000}|{"lang":2,"settings":1,"assets":100,"subs":1700000000000,"templates":2,"tags":100,"curLedger":1700000000000,"currencies":1,"curAccount":5}
adopt	{"lang":5,"accounts":0,"loans":1,"subs":1700000000000,"curLedger":100,"curAccount":100}|{"lang":0,"customCats":1700000000000,"loans":1700000000000,"subs":1700000000000,"templates":1700000000000,"currencies":100,"curAccount":1700000000000}|{"settings":[],"accounts":null,"assets":{"a":1},"subs":[],"templates":{},"tags":["a"],"curLedger":false,"currencies":["a"],"subcats":0,"curAccount":{}}
newer	{"lang":5,"accounts":0,"loans":1,"subs":1700000000000,"curLedger":100,"curAccount":100}|{"lang":0,"customCats":1700000000000,"loans":1700000000000,"subs":1700000000000,"templates":1700000000000,"currencies":100,"curAccount":1700000000000}
adopt	{"lang":5,"settings":0,"customCats":2,"accounts":2,"subs":5,"templates":100,"curLedger":100,"curAccount":100}|none|{"lang":0,"settings":{"a":1},"customCats":0,"accounts":false,"subs":[],"curLedger":{},"currencies":"x","curAccount":[]}
newer	{"lang":5,"settings":0,"customCats":2,"accounts":2,"subs":5,"templates":100,"curLedger":100,"curAccount":100}|none
adopt	{"settings":5,"accounts":0,"assets":2,"loans":2,"subs":1700000000000,"templates":2,"tags":1,"subcats":2}|{"subs":5,"curLedger":100,"currencies":5,"subcats":1}|{"lang":false,"settings":["a"],"customCats":[],"assets":false,"subs":0,"templates":{"a":1},"tags":{},"currencies":0,"subcats":["a"],"curAccount":null}
newer	{"settings":5,"accounts":0,"assets":2,"loans":2,"subs":1700000000000,"templates":2,"tags":1,"subcats":2}|{"subs":5,"curLedger":100,"currencies":5,"subcats":1}
adopt	{"settings":2,"accounts":1700000000000,"assets":5,"loans":5,"subs":2,"tags":100,"curLedger":5,"subcats":5,"curAccount":100}|none|{"lang":0,"customCats":0,"loans":"x","subs":false,"templates":{},"tags":{},"currencies":{},"subcats":{},"curAccount":{}}
newer	{"settings":2,"accounts":1700000000000,"assets":5,"loans":5,"subs":2,"tags":100,"curLedger":5,"subcats":5,"curAccount":100}|none
adopt	{"lang":100,"accounts":1,"assets":0,"loans":1700000000000,"subs":1,"templates":100,"tags":0,"curLedger":5,"subcats":1700000000000}|{"lang":100,"customCats":0,"assets":1,"subs":2,"curLedger":1,"subcats":100,"curAccount":0}|{"customCats":["a"],"accounts":{"a":1},"loans":null,"templates":0,"currencies":"x","subcats":{"a":1},"curAccount":""}
newer	{"lang":100,"accounts":1,"assets":0,"loans":1700000000000,"subs":1,"templates":100,"tags":0,"curLedger":5,"subcats":1700000000000}|{"lang":100,"customCats":0,"assets":1,"subs":2,"curLedger":1,"subcats":100,"curAccount":0}
adopt	{"customCats":2,"accounts":2,"loans":100,"templates":2,"curLedger":5,"subcats":100}|{"lang":1,"accounts":5,"loans":5,"subs":0,"tags":100,"currencies":100,"curAccount":1700000000000}|{"customCats":null,"assets":"","loans":["a"],"subs":["a"],"currencies":{"a":1},"subcats":"","curAccount":null}
newer	{"customCats":2,"accounts":2,"loans":100,"templates":2,"curLedger":5,"subcats":100}|{"lang":1,"accounts":5,"loans":5,"subs":0,"tags":100,"currencies":100,"curAccount":1700000000000}
adopt	{"accounts":1700000000000,"assets":1,"curLedger":1700000000000,"subcats":2,"curAccount":100}|{"settings":2,"customCats":1700000000000,"accounts":100,"assets":2,"tags":0,"curLedger":1700000000000,"subcats":1700000000000}|{"lang":false,"customCats":{"a":1},"assets":["a"],"loans":"","templates":{},"currencies":false,"subcats":false}
newer	{"accounts":1700000000000,"assets":1,"curLedger":1700000000000,"subcats":2,"curAccount":100}|{"settings":2,"customCats":1700000000000,"accounts":100,"assets":2,"tags":0,"curLedger":1700000000000,"subcats":1700000000000}
adopt	{"settings":2,"assets":0,"templates":5,"tags":2,"currencies":0,"subcats":1700000000000,"curAccount":5}|{"lang":1700000000000,"settings":1700000000000,"customCats":1,"subs":1700000000000}|{"lang":["a"],"assets":["a"],"subs":false,"templates":false,"curLedger":{},"subcats":"x","curAccount":{"a":1}}
newer	{"settings":2,"assets":0,"templates":5,"tags":2,"currencies":0,"subcats":1700000000000,"curAccount":5}|{"lang":1700000000000,"settings":1700000000000,"customCats":1,"subs":1700000000000}
adopt	{"accounts":1700000000000,"loans":0,"curLedger":5,"subcats":5}|{"accounts":1,"assets":0,"loans":1,"subs":100,"tags":1,"curLedger":2,"curAccount":2}|{"lang":"","settings":"","subs":false,"tags":{},"curLedger":false,"subcats":null}
newer	{"accounts":1700000000000,"loans":0,"curLedger":5,"subcats":5}|{"accounts":1,"assets":0,"loans":1,"subs":100,"tags":1,"curLedger":2,"curAccount":2}
adopt	{"settings":100,"accounts":5,"curLedger":1,"subcats":1,"curAccount":2}|{"settings":5,"customCats":1,"accounts":1700000000000,"templates":1,"tags":5,"curLedger":0,"curAccount":5}|{"lang":false,"settings":[],"accounts":"x","loans":false,"templates":null,"tags":{},"currencies":{},"subcats":"x"}
newer	{"settings":100,"accounts":5,"curLedger":1,"subcats":1,"curAccount":2}|{"settings":5,"customCats":1,"accounts":1700000000000,"templates":1,"tags":5,"curLedger":0,"curAccount":5}
adopt	{"accounts":1,"loans":1700000000000,"subs":0,"templates":2,"tags":1700000000000,"currencies":0,"subcats":1700000000000}|{"settings":100,"customCats":100,"tags":0,"currencies":1,"curAccount":0}|{"customCats":"x","accounts":null,"templates":"x","tags":"x","curLedger":false,"curAccount":{"a":1}}
newer	{"accounts":1,"loans":1700000000000,"subs":0,"templates":2,"tags":1700000000000,"currencies":0,"subcats":1700000000000}|{"settings":100,"customCats":100,"tags":0,"currencies":1,"curAccount":0}
adopt	{"accounts":1,"assets":0,"loans":2,"subs":0,"templates":0,"tags":5,"curLedger":1,"subcats":0}|{"customCats":5,"assets":2,"subs":1700000000000,"templates":1,"subcats":1700000000000}|{"lang":{},"settings":0,"accounts":{"a":1},"assets":{},"loans":[],"subs":"","tags":["a"],"curLedger":"x","currencies":"x","subcats":null}
newer	{"accounts":1,"assets":0,"loans":2,"subs":0,"templates":0,"tags":5,"curLedger":1,"subcats":0}|{"customCats":5,"assets":2,"subs":1700000000000,"templates":1,"subcats":1700000000000}
adopt	{"accounts":100,"assets":2,"subs":100,"tags":5,"subcats":0,"curAccount":0}|{"settings":5,"assets":100,"subs":1,"templates":5,"tags":100,"curLedger":1,"currencies":1,"subcats":1700000000000}|{"lang":false,"customCats":false,"accounts":null,"assets":null,"loans":{},"tags":{"a":1},"curLedger":null}
newer	{"accounts":100,"assets":2,"subs":100,"tags":5,"subcats":0,"curAccount":0}|{"settings":5,"assets":100,"subs":1,"templates":5,"tags":100,"curLedger":1,"currencies":1,"subcats":1700000000000}
adopt	{"lang":1700000000000,"settings":0,"tags":1700000000000,"currencies":0,"curAccount":5}|{"lang":100,"customCats":2,"assets":1700000000000,"subs":1700000000000,"templates":100,"currencies":5}|{"lang":["a"],"customCats":{},"assets":{"a":1},"loans":null,"subs":null,"templates":"x","curLedger":null,"currencies":null,"subcats":["a"],"curAccount":"x"}
newer	{"lang":1700000000000,"settings":0,"tags":1700000000000,"currencies":0,"curAccount":5}|{"lang":100,"customCats":2,"assets":1700000000000,"subs":1700000000000,"templates":100,"currencies":5}
adopt	{"settings":5,"loans":1700000000000,"subs":0,"templates":0,"curAccount":1}|{"customCats":1,"assets":2,"loans":1,"subs":100,"currencies":100,"subcats":0}|{"lang":{"a":1},"customCats":[],"assets":null,"subs":0,"templates":[],"tags":"x","currencies":[],"subcats":[],"curAccount":[]}
newer	{"settings":5,"loans":1700000000000,"subs":0,"templates":0,"curAccount":1}|{"customCats":1,"assets":2,"loans":1,"subs":100,"currencies":100,"subcats":0}
adopt	{"lang":1,"settings":5,"accounts":100,"subs":100,"tags":2,"curLedger":100,"currencies":0,"curAccount":0}|{"lang":0,"settings":1700000000000,"assets":5,"loans":2,"subs":1,"templates":0,"curLedger":1700000000000,"subcats":5}|{"lang":[],"settings":0,"customCats":["a"],"accounts":"","assets":0,"loans":"","templates":false,"tags":"x","currencies":0,"subcats":{"a":1},"curAccount":{}}
newer	{"lang":1,"settings":5,"accounts":100,"subs":100,"tags":2,"curLedger":100,"currencies":0,"curAccount":0}|{"lang":0,"settings":1700000000000,"assets":5,"loans":2,"subs":1,"templates":0,"curLedger":1700000000000,"subcats":5}
adopt	{"subs":0,"templates":100,"tags":100,"currencies":1700000000000,"subcats":2,"curAccount":2}|{"settings":5,"customCats":100,"accounts":1,"templates":1,"tags":1700000000000,"currencies":1700000000000}|{"settings":"x","assets":null,"subs":{"a":1},"templates":false,"tags":false,"curLedger":{"a":1},"currencies":[],"subcats":{"a":1},"curAccount":{"a":1}}
newer	{"subs":0,"templates":100,"tags":100,"currencies":1700000000000,"subcats":2,"curAccount":2}|{"settings":5,"customCats":100,"accounts":1,"templates":1,"tags":1700000000000,"currencies":1700000000000}
adopt	{"lang":5,"settings":1,"loans":2,"tags":0}|none|{"lang":null,"assets":{"a":1},"loans":0,"tags":{"a":1},"curLedger":"x","currencies":"x","subcats":null}
newer	{"lang":5,"settings":1,"loans":2,"tags":0}|none
adopt	{"lang":100,"customCats":100,"loans":1,"templates":2,"currencies":5}|{"lang":1,"accounts":1700000000000,"assets":2,"loans":100,"tags":2,"curAccount":0}|{"settings":null,"customCats":false,"assets":[],"loans":{"a":1},"subs":false,"templates":0,"tags":null,"curLedger":{},"currencies":null,"curAccount":{}}
newer	{"lang":100,"customCats":100,"loans":1,"templates":2,"currencies":5}|{"lang":1,"accounts":1700000000000,"assets":2,"loans":100,"tags":2,"curAccount":0}
adopt	{"customCats":1,"accounts":0,"loans":100,"subs":100,"curLedger":0}|{"lang":2,"assets":0,"loans":100,"currencies":5,"curAccount":1}|{"accounts":{"a":1},"assets":{},"loans":{},"subs":false,"templates":0,"tags":null,"curLedger":null,"subcats":false}
newer	{"customCats":1,"accounts":0,"loans":100,"subs":100,"curLedger":0}|{"lang":2,"assets":0,"loans":100,"currencies":5,"curAccount":1}
adopt	{"lang":0,"settings":100,"customCats":1,"accounts":5,"assets":100,"templates":0,"curLedger":1700000000000,"currencies":2,"subcats":100}|{"customCats":0,"assets":2,"loans":1,"subs":1700000000000,"templates":1,"currencies":2,"curAccount":1700000000000}|{"lang":null,"customCats":false,"accounts":{},"assets":{"a":1},"loans":0,"templates":["a"],"tags":null,"curLedger":["a"],"currencies":0,"subcats":"x","curAccount":["a"]}
newer	{"lang":0,"settings":100,"customCats":1,"accounts":5,"assets":100,"templates":0,"curLedger":1700000000000,"currencies":2,"subcats":100}|{"customCats":0,"assets":2,"loans":1,"subs":1700000000000,"templates":1,"currencies":2,"curAccount":1700000000000}
adopt	{"settings":1,"customCats":1,"assets":5,"loans":5,"tags":0,"curLedger":5,"subcats":1700000000000,"curAccount":100}|{"customCats":1700000000000,"accounts":1700000000000,"loans":0,"tags":1,"curLedger":0,"curAccount":0}|{"settings":["a"],"customCats":false,"accounts":{"a":1},"loans":{"a":1},"subs":{"a":1},"templates":"x","tags":null,"curLedger":{"a":1},"currencies":[]}
newer	{"settings":1,"customCats":1,"assets":5,"loans":5,"tags":0,"curLedger":5,"subcats":1700000000000,"curAccount":100}|{"customCats":1700000000000,"accounts":1700000000000,"loans":0,"tags":1,"curLedger":0,"curAccount":0}
adopt	{"lang":1,"settings":100,"customCats":2,"assets":1700000000000,"subs":5,"templates":5,"curLedger":100,"curAccount":1700000000000}|{"settings":2,"customCats":1700000000000,"loans":5,"subs":1,"curLedger":100,"curAccount":1700000000000}|{"settings":["a"],"customCats":null,"accounts":["a"],"assets":{"a":1},"loans":null,"templates":"","tags":0,"subcats":"","curAccount":null}
newer	{"lang":1,"settings":100,"customCats":2,"assets":1700000000000,"subs":5,"templates":5,"curLedger":100,"curAccount":1700000000000}|{"settings":2,"customCats":1700000000000,"loans":5,"subs":1,"curLedger":100,"curAccount":1700000000000}
adopt	{"lang":2,"settings":1700000000000,"customCats":0,"assets":1,"templates":1700000000000,"curLedger":0}|{"settings":2,"customCats":5,"loans":5,"subs":1,"templates":0,"tags":5,"currencies":100,"curAccount":5}|{"lang":["a"],"customCats":"","accounts":"x","assets":[],"templates":["a"],"curLedger":["a"],"currencies":{"a":1},"curAccount":{}}
newer	{"lang":2,"settings":1700000000000,"customCats":0,"assets":1,"templates":1700000000000,"curLedger":0}|{"settings":2,"customCats":5,"loans":5,"subs":1,"templates":0,"tags":5,"currencies":100,"curAccount":5}
adopt	{"settings":2,"accounts":0,"loans":100,"subs":5,"templates":2,"curLedger":1700000000000,"currencies":100,"subcats":1700000000000}|{"settings":1700000000000,"accounts":100,"loans":0,"subcats":1,"curAccount":5}|{"lang":"x","settings":0,"customCats":{"a":1},"accounts":false,"assets":[],"loans":"x","subs":"x","templates":"x","tags":"","currencies":["a"],"subcats":0,"curAccount":0}
newer	{"settings":2,"accounts":0,"loans":100,"subs":5,"templates":2,"curLedger":1700000000000,"currencies":100,"subcats":1700000000000}|{"settings":1700000000000,"accounts":100,"loans":0,"subcats":1,"curAccount":5}
adopt	{"customCats":100,"subs":0,"tags":2,"curLedger":5,"curAccount":1700000000000}|none|{"lang":false,"settings":{"a":1},"customCats":false,"accounts":null,"loans":{"a":1},"templates":null,"tags":[],"curAccount":{"a":1}}
newer	{"customCats":100,"subs":0,"tags":2,"curLedger":5,"curAccount":1700000000000}|none
adopt	{"lang":100,"customCats":2,"accounts":1700000000000,"assets":5,"curLedger":2}|{"settings":0,"accounts":1700000000000,"loans":1700000000000,"templates":1700000000000,"tags":1,"curLedger":5,"currencies":1,"curAccount":100}|{"lang":false,"customCats":["a"],"assets":null,"loans":["a"],"subs":0,"templates":false,"tags":"","curLedger":false,"currencies":null,"curAccount":{"a":1}}
newer	{"lang":100,"customCats":2,"accounts":1700000000000,"assets":5,"curLedger":2}|{"settings":0,"accounts":1700000000000,"loans":1700000000000,"templates":1700000000000,"tags":1,"curLedger":5,"currencies":1,"curAccount":100}
adopt	{"lang":0,"customCats":5,"accounts":100,"assets":0,"loans":1700000000000,"subs":100,"templates":0}|{"lang":1700000000000,"loans":0,"subs":1,"curLedger":0,"currencies":2}|{"lang":"x","assets":{},"tags":"x","curLedger":["a"],"subcats":{},"curAccount":null}
newer	{"lang":0,"customCats":5,"accounts":100,"assets":0,"loans":1700000000000,"subs":100,"templates":0}|{"lang":1700000000000,"loans":0,"subs":1,"curLedger":0,"currencies":2}
adopt	{"settings":1,"customCats":2,"accounts":0,"assets":1700000000000,"tags":5,"subcats":0,"curAccount":2}|{"customCats":1,"loans":1,"subs":0,"tags":2,"curLedger":0,"subcats":2}|{"settings":null,"accounts":"x","assets":{"a":1},"loans":false,"subs":null,"templates":{},"curLedger":0,"currencies":0,"subcats":["a"],"curAccount":false}
newer	{"settings":1,"customCats":2,"accounts":0,"assets":1700000000000,"tags":5,"subcats":0,"curAccount":2}|{"customCats":1,"loans":1,"subs":0,"tags":2,"curLedger":0,"subcats":2}
adopt	{"accounts":5,"loans":0,"curLedger":5}|none|{"lang":{"a":1},"settings":{"a":1},"accounts":["a"],"assets":{"a":1},"loans":{"a":1},"subs":"","templates":{"a":1},"curLedger":null,"subcats":[]}
newer	{"accounts":5,"loans":0,"curLedger":5}|none
adopt	{"subs":100,"templates":5,"tags":1,"currencies":2,"curAccount":2}|{"lang":100,"settings":2,"accounts":5,"assets":5,"loans":1,"subs":100,"templates":2,"tags":100,"currencies":1,"subcats":2,"curAccount":100}|{"lang":[],"customCats":0,"accounts":null,"assets":null,"loans":false,"subs":0,"templates":"x","tags":0,"currencies":"","subcats":"x","curAccount":false}
newer	{"subs":100,"templates":5,"tags":1,"currencies":2,"curAccount":2}|{"lang":100,"settings":2,"accounts":5,"assets":5,"loans":1,"subs":100,"templates":2,"tags":100,"currencies":1,"subcats":2,"curAccount":100}
adopt	{"lang":1,"settings":100,"customCats":100,"loans":100,"tags":1700000000000,"currencies":1}|{"customCats":1,"accounts":1,"loans":1,"templates":2,"tags":0,"currencies":100,"curAccount":2}|{"lang":"","settings":"","accounts":[],"loans":{},"subs":"","templates":{},"tags":null,"curLedger":{},"currencies":"x","subcats":false,"curAccount":false}
newer	{"lang":1,"settings":100,"customCats":100,"loans":100,"tags":1700000000000,"currencies":1}|{"customCats":1,"accounts":1,"loans":1,"templates":2,"tags":0,"currencies":100,"curAccount":2}
adopt	{"customCats":1700000000000,"accounts":1,"assets":2,"loans":5,"subs":2,"templates":0,"curLedger":1,"currencies":1700000000000}|{"lang":1700000000000,"accounts":5,"assets":0,"subs":0,"templates":2,"tags":2}|{"lang":{},"settings":false,"accounts":null,"assets":"x","loans":false,"subs":["a"],"templates":["a"],"tags":{"a":1},"curLedger":"x","currencies":{},"curAccount":null}
newer	{"customCats":1700000000000,"accounts":1,"assets":2,"loans":5,"subs":2,"templates":0,"curLedger":1,"currencies":1700000000000}|{"lang":1700000000000,"accounts":5,"assets":0,"subs":0,"templates":2,"tags":2}
adopt	{"settings":1700000000000,"assets":2,"templates":100,"tags":1700000000000,"currencies":1,"curAccount":1}|{"lang":1700000000000,"customCats":5,"accounts":100,"loans":1700000000000,"curLedger":1,"currencies":0,"subcats":2}|{"lang":["a"],"customCats":false,"loans":["a"],"subs":{},"templates":{},"tags":"","curLedger":{},"currencies":"x","subcats":[],"curAccount":null}
newer	{"settings":1700000000000,"assets":2,"templates":100,"tags":1700000000000,"currencies":1,"curAccount":1}|{"lang":1700000000000,"customCats":5,"accounts":100,"loans":1700000000000,"curLedger":1,"currencies":0,"subcats":2}
adopt	{"lang":2,"customCats":5,"accounts":100,"loans":1,"subs":100,"templates":100,"curLedger":5,"currencies":100,"curAccount":100}|{"lang":100,"customCats":2,"templates":0,"curLedger":1,"currencies":1700000000000,"subcats":1}|{"lang":null,"settings":{},"customCats":null,"accounts":false,"assets":{"a":1},"subs":[],"curLedger":{"a":1},"currencies":"","subcats":[],"curAccount":""}
newer	{"lang":2,"customCats":5,"accounts":100,"loans":1,"subs":100,"templates":100,"curLedger":5,"currencies":100,"curAccount":100}|{"lang":100,"customCats":2,"templates":0,"curLedger":1,"currencies":1700000000000,"subcats":1}
adopt	{"settings":0,"accounts":100,"assets":2,"loans":0,"templates":1700000000000,"curLedger":0,"currencies":100,"subcats":100,"curAccount":0}|{"lang":100,"settings":100,"customCats":1,"loans":1,"templates":5,"curLedger":2,"curAccount":2}|{"customCats":0,"accounts":"x","assets":["a"],"loans":[],"subs":[],"templates":"","tags":"","curLedger":{},"currencies":{},"subcats":0,"curAccount":{}}
newer	{"settings":0,"accounts":100,"assets":2,"loans":0,"templates":1700000000000,"curLedger":0,"currencies":100,"subcats":100,"curAccount":0}|{"lang":100,"settings":100,"customCats":1,"loans":1,"templates":5,"curLedger":2,"curAccount":2}
adopt	{"accounts":1700000000000,"assets":1700000000000,"subs":1,"curLedger":5,"curAccount":100}|{"settings":2,"assets":100,"loans":2,"subs":0,"templates":0,"tags":100,"curLedger":1,"currencies":2,"subcats":5}|{"lang":["a"],"settings":{},"customCats":{"a":1},"accounts":false,"assets":null,"subs":[],"templates":null,"curLedger":["a"],"currencies":[],"subcats":{}}
newer	{"accounts":1700000000000,"assets":1700000000000,"subs":1,"curLedger":5,"curAccount":100}|{"settings":2,"assets":100,"loans":2,"subs":0,"templates":0,"tags":100,"curLedger":1,"currencies":2,"subcats":5}
adopt	{"lang":1700000000000,"settings":5,"accounts":1700000000000,"loans":1700000000000,"subs":2,"subcats":0}|{"lang":1,"settings":1,"assets":100,"loans":0,"subs":0,"tags":100,"curLedger":1,"subcats":1700000000000}|{"lang":{"a":1},"settings":{},"customCats":"x","accounts":"","assets":false,"loans":["a"],"subs":"","templates":null,"curLedger":"x","currencies":"x","curAccount":{}}
newer	{"lang":1700000000000,"settings":5,"accounts":1700000000000,"loans":1700000000000,"subs":2,"subcats":0}|{"lang":1,"settings":1,"assets":100,"loans":0,"subs":0,"tags":100,"curLedger":1,"subcats":1700000000000}
adopt	{"lang":5,"settings":100,"customCats":1,"assets":1700000000000,"loans":5,"currencies":0}|{"settings":5,"customCats":1,"curLedger":1,"subcats":1700000000000}|{"settings":false,"loans":null,"subs":"x","tags":false,"curLedger":{"a":1},"subcats":"","curAccount":""}
newer	{"lang":5,"settings":100,"customCats":1,"assets":1700000000000,"loans":5,"currencies":0}|{"settings":5,"customCats":1,"curLedger":1,"subcats":1700000000000}
adopt	{"lang":100,"settings":0,"customCats":1,"subs":100,"templates":1700000000000,"curLedger":1700000000000}|none|{"lang":0,"customCats":{"a":1},"accounts":"","assets":0,"subs":0,"tags":false,"curLedger":null,"subcats":null}
newer	{"lang":100,"settings":0,"customCats":1,"subs":100,"templates":1700000000000,"curLedger":1700000000000}|none
adopt	{"settings":0,"customCats":5,"accounts":100,"loans":100,"subs":5,"templates":5,"tags":0,"currencies":100,"curAccount":1}|{"lang":1,"settings":2,"customCats":0,"assets":5,"loans":5,"subs":100,"templates":5}|{"lang":0,"settings":{"a":1},"customCats":false,"accounts":{"a":1},"assets":"","loans":"","subs":["a"],"templates":{"a":1},"tags":0,"currencies":null}
newer	{"settings":0,"customCats":5,"accounts":100,"loans":100,"subs":5,"templates":5,"tags":0,"currencies":100,"curAccount":1}|{"lang":1,"settings":2,"customCats":0,"assets":5,"loans":5,"subs":100,"templates":5}
adopt	{"lang":0,"settings":5,"accounts":2,"loans":100}|{"lang":1700000000000,"customCats":1,"assets":1,"loans":1,"templates":1700000000000,"tags":1700000000000,"currencies":1,"curAccount":0}|{"lang":"x","customCats":0,"accounts":[],"subs":["a"],"tags":"","curLedger":false,"subcats":[],"curAccount":{"a":1}}
newer	{"lang":0,"settings":5,"accounts":2,"loans":100}|{"lang":1700000000000,"customCats":1,"assets":1,"loans":1,"templates":1700000000000,"tags":1700000000000,"currencies":1,"curAccount":0}
adopt	{"settings":0,"customCats":1700000000000,"subs":0,"curAccount":0}|{"customCats":2,"accounts":2,"assets":100,"loans":5,"subs":0}|{"lang":{"a":1},"settings":0,"customCats":[],"subs":null,"tags":"x","curLedger":{},"currencies":["a"],"subcats":"x","curAccount":[]}
newer	{"settings":0,"customCats":1700000000000,"subs":0,"curAccount":0}|{"customCats":2,"accounts":2,"assets":100,"loans":5,"subs":0}
adopt	{"settings":0,"accounts":0,"assets":2,"loans":100,"subs":0,"tags":1700000000000,"curLedger":2,"curAccount":0}|{"lang":1700000000000,"settings":1,"accounts":2,"assets":2,"subs":5,"templates":1,"tags":100,"curLedger":1,"curAccount":0}|{"settings":null,"customCats":"","templates":0,"tags":["a"],"curLedger":[],"currencies":"x","subcats":{"a":1}}
newer	{"settings":0,"accounts":0,"assets":2,"loans":100,"subs":0,"tags":1700000000000,"curLedger":2,"curAccount":0}|{"lang":1700000000000,"settings":1,"accounts":2,"assets":2,"subs":5,"templates":1,"tags":100,"curLedger":1,"curAccount":0}
adopt	{"lang":5,"settings":100,"customCats":5,"accounts":1700000000000,"templates":1,"tags":1,"subcats":100,"curAccount":2}|{"lang":1,"accounts":1,"assets":5,"templates":2,"curLedger":1700000000000,"subcats":1700000000000,"curAccount":5}|{"lang":{"a":1},"settings":{},"accounts":0,"subs":{"a":1},"templates":{"a":1},"tags":[],"currencies":{},"subcats":"x","curAccount":null}
newer	{"lang":5,"settings":100,"customCats":5,"accounts":1700000000000,"templates":1,"tags":1,"subcats":100,"curAccount":2}|{"lang":1,"accounts":1,"assets":5,"templates":2,"curLedger":1700000000000,"subcats":1700000000000,"curAccount":5}
adopt	{"lang":1,"accounts":5,"loans":2,"subs":100,"templates":100,"currencies":2,"subcats":5}|{"lang":1,"settings":1,"customCats":0,"accounts":1,"subs":1,"templates":100,"tags":1}|{"settings":0,"loans":"x","subs":{},"tags":{},"curLedger":false,"subcats":null,"curAccount":{}}
newer	{"lang":1,"accounts":5,"loans":2,"subs":100,"templates":100,"currencies":2,"subcats":5}|{"lang":1,"settings":1,"customCats":0,"accounts":1,"subs":1,"templates":100,"tags":1}
adopt	{"settings":100,"accounts":2,"loans":0,"subs":5,"tags":1,"subcats":1,"curAccount":100}|{"lang":1,"settings":1700000000000,"accounts":0,"assets":1700000000000,"loans":5,"templates":5,"curLedger":2,"currencies":100}|{"lang":[],"settings":"","customCats":"","assets":0,"subs":[],"templates":false,"tags":{},"curLedger":0,"currencies":["a"],"subcats":"","curAccount":[]}
newer	{"settings":100,"accounts":2,"loans":0,"subs":5,"tags":1,"subcats":1,"curAccount":100}|{"lang":1,"settings":1700000000000,"accounts":0,"assets":1700000000000,"loans":5,"templates":5,"curLedger":2,"currencies":100}
adopt	{"customCats":0,"accounts":5,"loans":5,"tags":1}|{"customCats":100,"loans":100,"templates":5,"tags":0,"curLedger":100,"currencies":1700000000000,"subcats":1700000000000}|{"settings":["a"],"assets":[],"subs":"","templates":false,"tags":0,"curAccount":[]}
newer	{"customCats":0,"accounts":5,"loans":5,"tags":1}|{"customCats":100,"loans":100,"templates":5,"tags":0,"curLedger":100,"currencies":1700000000000,"subcats":1700000000000}
adopt	{"lang":5,"accounts":1,"assets":0,"subs":2,"templates":2,"curLedger":1}|{"customCats":5,"accounts":1700000000000,"currencies":1700000000000,"subcats":1,"curAccount":1}|{"lang":0,"settings":"","customCats":["a"],"accounts":0,"assets":0,"subs":[],"tags":0,"curLedger":"x","currencies":{"a":1},"subcats":[],"curAccount":0}
newer	{"lang":5,"accounts":1,"assets":0,"subs":2,"templates":2,"curLedger":1}|{"customCats":5,"accounts":1700000000000,"currencies":1700000000000,"subcats":1,"curAccount":1}
adopt	{"loans":0,"curLedger":5,"currencies":100,"subcats":1}|none|{"lang":["a"],"settings":[],"assets":0,"subs":[],"templates":{"a":1},"tags":[],"curLedger":"","currencies":false,"subcats":false,"curAccount":"x"}
newer	{"loans":0,"curLedger":5,"currencies":100,"subcats":1}|none
adopt	{"settings":1700000000000,"assets":1,"templates":1700000000000,"tags":1,"curLedger":2,"currencies":1700000000000,"subcats":100}|{"lang":2,"settings":0,"customCats":1700000000000,"accounts":1,"assets":2,"tags":1,"curLedger":0,"currencies":100}|{"lang":["a"],"settings":[],"accounts":"x","subs":false,"tags":"","currencies":"x","subcats":[],"curAccount":["a"]}
newer	{"settings":1700000000000,"assets":1,"templates":1700000000000,"tags":1,"curLedger":2,"currencies":1700000000000,"subcats":100}|{"lang":2,"settings":0,"customCats":1700000000000,"accounts":1,"assets":2,"tags":1,"curLedger":0,"currencies":100}
adopt	{"accounts":1,"loans":5,"subs":100,"tags":2,"currencies":5,"subcats":2}|none|{"lang":"x","settings":false,"customCats":"","accounts":"","assets":"","loans":{"a":1},"subs":"","templates":{"a":1},"curLedger":null,"subcats":false,"curAccount":false}
newer	{"accounts":1,"loans":5,"subs":100,"tags":2,"currencies":5,"subcats":2}|none
adopt	{"settings":0,"assets":1700000000000,"loans":100,"templates":5,"tags":1,"currencies":1700000000000,"subcats":0}|{"settings":100,"assets":100,"loans":100,"subs":2,"templates":2,"tags":5,"curLedger":1700000000000,"currencies":0,"subcats":2}|{"lang":"","assets":false,"subs":"x","templates":0,"tags":[],"curLedger":{}}
newer	{"settings":0,"assets":1700000000000,"loans":100,"templates":5,"tags":1,"currencies":1700000000000,"subcats":0}|{"settings":100,"assets":100,"loans":100,"subs":2,"templates":2,"tags":5,"curLedger":1700000000000,"currencies":0,"subcats":2}
adopt	{"lang":1700000000000,"accounts":0,"assets":2,"subs":2,"curLedger":1,"currencies":5,"subcats":100,"curAccount":100}|{"lang":5,"settings":5,"accounts":1700000000000,"assets":5,"subs":2,"templates":100,"currencies":1700000000000,"subcats":0}|{"lang":"","settings":{},"customCats":[],"accounts":["a"],"assets":0,"subs":[],"templates":["a"],"tags":0,"subcats":"","curAccount":[]}
newer	{"lang":1700000000000,"accounts":0,"assets":2,"subs":2,"curLedger":1,"currencies":5,"subcats":100,"curAccount":100}|{"lang":5,"settings":5,"accounts":1700000000000,"assets":5,"subs":2,"templates":100,"currencies":1700000000000,"subcats":0}
adopt	{"settings":100,"customCats":1,"assets":0,"loans":0,"subs":100,"templates":2,"tags":2,"currencies":0,"curAccount":0}|{"customCats":0,"tags":1,"curLedger":1,"curAccount":100}|{"lang":false,"settings":[],"assets":"","loans":null,"subs":"","templates":"","tags":null,"curLedger":"x","currencies":0,"subcats":{},"curAccount":[]}
newer	{"settings":100,"customCats":1,"assets":0,"loans":0,"subs":100,"templates":2,"tags":2,"currencies":0,"curAccount":0}|{"customCats":0,"tags":1,"curLedger":1,"curAccount":100}
adopt	{"lang":100,"assets":1700000000000,"tags":5,"curLedger":1,"curAccount":5}|{"lang":2,"loans":2,"tags":1,"currencies":0,"subcats":5}|{"accounts":null,"templates":null,"tags":null,"currencies":"x","subcats":"x","curAccount":""}
newer	{"lang":100,"assets":1700000000000,"tags":5,"curLedger":1,"curAccount":5}|{"lang":2,"loans":2,"tags":1,"currencies":0,"subcats":5}
adopt	{"lang":5,"settings":1,"accounts":1700000000000,"loans":0,"subs":5,"templates":2,"tags":0,"curLedger":100,"subcats":0,"curAccount":100}|{"lang":1700000000000,"settings":100,"loans":5,"subs":0,"subcats":0,"curAccount":2}|{"lang":0,"customCats":null,"accounts":"","assets":{},"loans":false,"subs":"x","templates":false,"tags":"x","subcats":{},"curAccount":[]}
newer	{"lang":5,"settings":1,"accounts":1700000000000,"loans":0,"subs":5,"templates":2,"tags":0,"curLedger":100,"subcats":0,"curAccount":100}|{"lang":1700000000000,"settings":100,"loans":5,"subs":0,"subcats":0,"curAccount":2}
adopt	{"lang":100,"customCats":1700000000000,"templates":5,"tags":5,"subcats":1700000000000,"curAccount":1700000000000}|none|{"settings":false,"customCats":null,"accounts":{},"subs":[],"tags":false,"curLedger":["a"],"curAccount":false}
newer	{"lang":100,"customCats":1700000000000,"templates":5,"tags":5,"subcats":1700000000000,"curAccount":1700000000000}|none
adopt	{"lang":1,"accounts":1700000000000,"assets":2,"templates":1,"tags":5,"currencies":1,"subcats":1700000000000,"curAccount":5}|{"accounts":0,"loans":5,"tags":0,"curLedger":0,"currencies":1,"subcats":5,"curAccount":1}|{"settings":"","customCats":"","accounts":0,"assets":"","loans":{"a":1},"subs":false,"tags":false,"subcats":false}
newer	{"lang":1,"accounts":1700000000000,"assets":2,"templates":1,"tags":5,"currencies":1,"subcats":1700000000000,"curAccount":5}|{"accounts":0,"loans":5,"tags":0,"curLedger":0,"currencies":1,"subcats":5,"curAccount":1}
adopt	{"customCats":5,"accounts":1,"loans":1,"tags":1700000000000,"curLedger":1,"currencies":1,"subcats":0,"curAccount":1}|{"lang":5,"subs":1700000000000,"currencies":1,"curAccount":2}|{"settings":false,"customCats":0,"assets":{},"loans":["a"],"subs":{},"tags":false,"curLedger":"","subcats":{"a":1},"curAccount":false}
newer	{"customCats":5,"accounts":1,"loans":1,"tags":1700000000000,"curLedger":1,"currencies":1,"subcats":0,"curAccount":1}|{"lang":5,"subs":1700000000000,"currencies":1,"curAccount":2}
adopt	{"settings":0,"assets":0,"subs":0,"curLedger":0,"subcats":1,"curAccount":1}|{"lang":1700000000000,"settings":2,"accounts":1700000000000,"loans":1700000000000,"subs":0,"curLedger":2,"currencies":1,"subcats":2}|{"customCats":"x","accounts":null,"assets":0,"loans":"x","subs":{},"tags":{},"curLedger":null,"currencies":{"a":1},"subcats":[]}
newer	{"settings":0,"assets":0,"subs":0,"curLedger":0,"subcats":1,"curAccount":1}|{"lang":1700000000000,"settings":2,"accounts":1700000000000,"loans":1700000000000,"subs":0,"curLedger":2,"currencies":1,"subcats":2}
adopt	{"accounts":2,"loans":0,"subs":1,"templates":5,"curLedger":100,"currencies":100,"curAccount":0}|{"assets":1700000000000,"subs":0}|{"assets":{"a":1},"subs":{"a":1},"tags":0,"curLedger":"","subcats":["a"],"curAccount":0}
newer	{"accounts":2,"loans":0,"subs":1,"templates":5,"curLedger":100,"currencies":100,"curAccount":0}|{"assets":1700000000000,"subs":0}
adopt	{"lang":5,"customCats":2,"assets":1700000000000,"loans":100,"tags":1,"currencies":1,"subcats":1700000000000}|{"accounts":1,"assets":1,"tags":2,"curLedger":5,"currencies":1700000000000,"subcats":5}|{"lang":"x","accounts":{"a":1},"loans":0,"currencies":false,"subcats":{}}
newer	{"lang":5,"customCats":2,"assets":1700000000000,"loans":100,"tags":1,"currencies":1,"subcats":1700000000000}|{"accounts":1,"assets":1,"tags":2,"curLedger":5,"currencies":1700000000000,"subcats":5}
adopt	{"settings":5,"customCats":0,"accounts":100,"loans":5,"subs":100,"tags":1700000000000,"currencies":1}|none|{"lang":["a"],"settings":{},"accounts":"","assets":{},"loans":[],"subs":["a"],"templates":["a"],"tags":null,"currencies":{"a":1},"subcats":false}
newer	{"settings":5,"customCats":0,"accounts":100,"loans":5,"subs":100,"tags":1700000000000,"currencies":1}|none
adopt	{"loans":1700000000000,"subs":2,"templates":5,"tags":0,"currencies":5}|{"settings":100,"customCats":5,"accounts":1,"assets":2,"loans":1700000000000,"subs":5,"templates":100,"tags":1700000000000,"curLedger":1700000000000,"currencies":1700000000000}|{"lang":"","settings":"x","customCats":"","accounts":"x","assets":{},"loans":false,"subs":"","templates":null,"tags":false,"curLedger":[],"currencies":null,"curAccount":null}
newer	{"loans":1700000000000,"subs":2,"templates":5,"tags":0,"currencies":5}|{"settings":100,"customCats":5,"accounts":1,"assets":2,"loans":1700000000000,"subs":5,"templates":100,"tags":1700000000000,"curLedger":1700000000000,"currencies":1700000000000}
adopt	{"accounts":1700000000000,"tags":100,"curLedger":2}|{"settings":2,"accounts":2,"assets":2,"templates":1700000000000,"tags":1700000000000,"curLedger":1700000000000,"currencies":0,"subcats":1700000000000,"curAccount":2}|{"lang":{},"settings":[],"customCats":0,"accounts":{"a":1},"assets":"","loans":"x","subs":false,"tags":null,"curLedger":"x","subcats":[]}
newer	{"accounts":1700000000000,"tags":100,"curLedger":2}|{"settings":2,"accounts":2,"assets":2,"templates":1700000000000,"tags":1700000000000,"curLedger":1700000000000,"currencies":0,"subcats":1700000000000,"curAccount":2}
adopt	{"lang":2,"accounts":2,"assets":1,"subs":100,"templates":1700000000000,"currencies":0}|{"customCats":1,"subs":100,"subcats":100}|{"settings":[],"customCats":[],"loans":[],"templates":"x","tags":["a"],"curLedger":false,"subcats":null}
newer	{"lang":2,"accounts":2,"assets":1,"subs":100,"templates":1700000000000,"currencies":0}|{"customCats":1,"subs":100,"subcats":100}
adopt	{"lang":1700000000000,"accounts":5,"assets":0,"loans":0,"templates":0,"tags":0,"curLedger":2,"subcats":1700000000000,"curAccount":1700000000000}|{"customCats":2,"accounts":5,"assets":5,"loans":5,"subs":2,"templates":100,"tags":1,"subcats":1}|{"settings":["a"],"customCats":null,"accounts":null,"assets":false,"loans":"x","subs":[],"templates":"","tags":"","curLedger":false,"currencies":{"a":1},"subcats":false,"curAccount":false}
newer	{"lang":1700000000000,"accounts":5,"assets":0,"loans":0,"templates":0,"tags":0,"curLedger":2,"subcats":1700000000000,"curAccount":1700000000000}|{"customCats":2,"accounts":5,"assets":5,"loans":5,"subs":2,"templates":100,"tags":1,"subcats":1}
adopt	{"settings":1700000000000,"customCats":5,"tags":100}|{"loans":5,"tags":2,"curLedger":0,"currencies":2,"subcats":1}|{"settings":{"a":1},"customCats":{"a":1},"accounts":0,"assets":{},"loans":0,"templates":0,"tags":["a"],"curLedger":{"a":1},"currencies":{},"curAccount":[]}
newer	{"settings":1700000000000,"customCats":5,"tags":100}|{"loans":5,"tags":2,"curLedger":0,"currencies":2,"subcats":1}
adopt	{"lang":0,"settings":1700000000000,"accounts":100,"tags":0,"curLedger":0,"subcats":100}|{"settings":5,"customCats":0,"accounts":5,"loans":1700000000000,"tags":100,"currencies":100,"curAccount":2}|{"settings":"","customCats":["a"],"loans":0,"templates":["a"],"tags":["a"],"currencies":{"a":1},"subcats":["a"]}
newer	{"lang":0,"settings":1700000000000,"accounts":100,"tags":0,"curLedger":0,"subcats":100}|{"settings":5,"customCats":0,"accounts":5,"loans":1700000000000,"tags":100,"currencies":100,"curAccount":2}
adopt	{"settings":1,"assets":1,"subs":100}|{"lang":0,"assets":100,"loans":5,"templates":2,"tags":100,"curLedger":5,"currencies":100,"subcats":5}|{"lang":"","settings":{},"customCats":{},"assets":false,"loans":["a"],"templates":["a"],"tags":{"a":1},"curLedger":["a"],"currencies":["a"],"subcats":"","curAccount":{}}
newer	{"settings":1,"assets":1,"subs":100}|{"lang":0,"assets":100,"loans":5,"templates":2,"tags":100,"curLedger":5,"currencies":100,"subcats":5}
adopt	{"lang":1,"settings":2,"accounts":5,"tags":1700000000000,"curLedger":1700000000000,"currencies":2,"subcats":0,"curAccount":1700000000000}|{"assets":0,"loans":1,"curLedger":1,"currencies":5}|{"settings":[],"customCats":false,"accounts":0,"assets":false,"subs":0,"templates":{},"curLedger":"x","currencies":{"a":1},"subcats":["a"],"curAccount":["a"]}
newer	{"lang":1,"settings":2,"accounts":5,"tags":1700000000000,"curLedger":1700000000000,"currencies":2,"subcats":0,"curAccount":1700000000000}|{"assets":0,"loans":1,"curLedger":1,"currencies":5}
adopt	{"lang":2,"settings":100,"customCats":1,"loans":0,"subs":5,"curLedger":100,"subcats":1}|{"lang":0,"settings":2,"accounts":2,"assets":1700000000000,"subs":2,"subcats":100}|{"lang":"x","customCats":[],"accounts":null,"loans":[],"tags":{},"currencies":{}}
newer	{"lang":2,"settings":100,"customCats":1,"loans":0,"subs":5,"curLedger":100,"subcats":1}|{"lang":0,"settings":2,"accounts":2,"assets":1700000000000,"subs":2,"subcats":100}
adopt	{"accounts":100,"assets":5,"subs":5,"tags":2,"curLedger":100,"subcats":1700000000000}|{"lang":1,"customCats":2,"accounts":5,"assets":1,"loans":1,"subs":100,"tags":5,"curAccount":1}|{"lang":0,"settings":["a"],"customCats":{"a":1},"loans":[],"subs":null,"templates":{},"tags":{},"curLedger":"","currencies":""}
newer	{"accounts":100,"assets":5,"subs":5,"tags":2,"curLedger":100,"subcats":1700000000000}|{"lang":1,"customCats":2,"accounts":5,"assets":1,"loans":1,"subs":100,"tags":5,"curAccount":1}
adopt	{"assets":100,"tags":2,"subcats":2}|{"lang":100,"subs":0,"templates":1,"curLedger":2,"curAccount":100}|{"lang":"x","settings":0,"customCats":[],"assets":0,"loans":{"a":1},"templates":null,"tags":{"a":1},"curLedger":{"a":1},"currencies":0,"subcats":null,"curAccount":{"a":1}}
newer	{"assets":100,"tags":2,"subcats":2}|{"lang":100,"subs":0,"templates":1,"curLedger":2,"curAccount":100}
adopt	{"lang":5,"loans":0,"curLedger":100}|{"lang":0,"accounts":1700000000000,"assets":1700000000000,"subs":5,"templates":1700000000000,"curAccount":1700000000000}|{"lang":[],"settings":["a"],"customCats":false,"accounts":"","assets":0,"subs":null,"tags":[],"curLedger":0,"subcats":"x"}
newer	{"lang":5,"loans":0,"curLedger":100}|{"lang":0,"accounts":1700000000000,"assets":1700000000000,"subs":5,"templates":1700000000000,"curAccount":1700000000000}
adopt	{"lang":100,"settings":5,"customCats":1700000000000,"accounts":5,"loans":1,"curLedger":5,"currencies":100,"subcats":1,"curAccount":5}|{"lang":100,"settings":1700000000000,"customCats":0,"loans":0,"templates":2,"tags":2,"curLedger":0,"curAccount":2}|{"lang":"","accounts":false,"assets":"x","loans":{},"subs":{"a":1},"templates":false,"tags":"x","currencies":null}
newer	{"lang":100,"settings":5,"customCats":1700000000000,"accounts":5,"loans":1,"curLedger":5,"currencies":100,"subcats":1,"curAccount":5}|{"lang":100,"settings":1700000000000,"customCats":0,"loans":0,"templates":2,"tags":2,"curLedger":0,"curAccount":2}
adopt	{"lang":1700000000000,"settings":0,"accounts":100,"assets":2,"tags":5,"currencies":2}|{"lang":1,"settings":1,"accounts":100,"assets":2,"curLedger":0,"curAccount":0}|{"settings":"x","customCats":{},"accounts":["a"],"assets":["a"],"subs":0,"curLedger":["a"],"subcats":[]}
newer	{"lang":1700000000000,"settings":0,"accounts":100,"assets":2,"tags":5,"currencies":2}|{"lang":1,"settings":1,"accounts":100,"assets":2,"curLedger":0,"curAccount":0}
adopt	{"settings":2,"assets":2,"loans":2,"subs":1,"tags":5,"currencies":0,"subcats":0}|{"lang":1700000000000,"customCats":100,"assets":1700000000000,"subs":0,"templates":2,"tags":1,"currencies":1700000000000,"subcats":5}|{"lang":"x","settings":"","customCats":"","accounts":"","loans":0,"subs":0,"templates":"x","tags":"","curLedger":false,"subcats":[],"curAccount":["a"]}
newer	{"settings":2,"assets":2,"loans":2,"subs":1,"tags":5,"currencies":0,"subcats":0}|{"lang":1700000000000,"customCats":100,"assets":1700000000000,"subs":0,"templates":2,"tags":1,"currencies":1700000000000,"subcats":5}
adopt	{"lang":5,"settings":2,"customCats":5,"accounts":100,"assets":1,"templates":0,"currencies":1,"curAccount":0}|none|{"lang":null,"customCats":"x","accounts":"x","assets":null,"loans":[],"subs":null,"templates":0,"tags":{},"currencies":null,"subcats":"x","curAccount":false}
newer	{"lang":5,"settings":2,"customCats":5,"accounts":100,"assets":1,"templates":0,"currencies":1,"curAccount":0}|none
adopt	{"lang":5,"settings":5,"customCats":2,"loans":1700000000000,"tags":1,"currencies":1700000000000,"subcats":100}|{"lang":5,"subs":1,"tags":1700000000000,"currencies":5,"curAccount":100}|{"lang":0,"settings":0,"customCats":[],"accounts":["a"],"assets":{"a":1},"subs":0,"templates":"x","curLedger":[],"currencies":["a"],"subcats":["a"],"curAccount":false}
newer	{"lang":5,"settings":5,"customCats":2,"loans":1700000000000,"tags":1,"currencies":1700000000000,"subcats":100}|{"lang":5,"subs":1,"tags":1700000000000,"currencies":5,"curAccount":100}
adopt	{"settings":0,"accounts":1,"loans":1700000000000,"curLedger":5}|{"settings":100,"customCats":1700000000000,"subs":2,"tags":100,"curLedger":2,"curAccount":100}|{"settings":"","customCats":{},"accounts":[],"loans":false,"subs":["a"],"templates":"","tags":"x","curLedger":"","curAccount":{}}
newer	{"settings":0,"accounts":1,"loans":1700000000000,"curLedger":5}|{"settings":100,"customCats":1700000000000,"subs":2,"tags":100,"curLedger":2,"curAccount":100}
adopt	{"lang":0,"accounts":1700000000000,"assets":1,"subs":2,"tags":1,"currencies":1,"curAccount":2}|{"lang":5,"settings":1,"customCats":1,"loans":5,"curLedger":2,"currencies":1700000000000,"curAccount":100}|{"lang":{},"customCats":[],"assets":false,"loans":0,"templates":{"a":1},"currencies":0,"subcats":"x","curAccount":[]}
newer	{"lang":0,"accounts":1700000000000,"assets":1,"subs":2,"tags":1,"currencies":1,"curAccount":2}|{"lang":5,"settings":1,"customCats":1,"loans":5,"curLedger":2,"currencies":1700000000000,"curAccount":100}
adopt	{"assets":1,"loans":5,"currencies":2,"subcats":5,"curAccount":2}|none|{"lang":"x","settings":null,"customCats":"","assets":"","loans":false,"subs":0,"tags":0,"curLedger":null,"subcats":""}
newer	{"assets":1,"loans":5,"currencies":2,"subcats":5,"curAccount":2}|none
adopt	{"loans":5}|{"settings":1700000000000,"accounts":1,"assets":1,"loans":100,"templates":1,"tags":5,"curLedger":5,"currencies":0,"subcats":1,"curAccount":1}|{"settings":null,"customCats":false,"loans":["a"],"subs":false,"templates":{},"tags":"","currencies":"x","subcats":null,"curAccount":[]}
newer	{"loans":5}|{"settings":1700000000000,"accounts":1,"assets":1,"loans":100,"templates":1,"tags":5,"curLedger":5,"currencies":0,"subcats":1,"curAccount":1}
adopt	{"subs":2,"tags":1,"subcats":2,"curAccount":0}|{"settings":2,"customCats":0,"assets":0,"tags":100,"curLedger":100,"subcats":5}|{"lang":0,"settings":"","customCats":null,"accounts":{},"assets":{},"loans":false,"subs":0,"templates":[],"tags":{"a":1},"currencies":{"a":1},"curAccount":{}}
newer	{"subs":2,"tags":1,"subcats":2,"curAccount":0}|{"settings":2,"customCats":0,"assets":0,"tags":100,"curLedger":100,"subcats":5}
adopt	{"lang":1700000000000,"settings":0,"customCats":100,"loans":100,"subs":2,"templates":5,"tags":2,"curLedger":0,"curAccount":1}|{"settings":5,"accounts":100,"assets":2,"tags":1700000000000,"curLedger":0,"currencies":2,"subcats":2}|{"lang":{"a":1},"settings":{"a":1},"accounts":0,"subs":["a"],"templates":[],"curLedger":[],"currencies":["a"],"subcats":false,"curAccount":"x"}
newer	{"lang":1700000000000,"settings":0,"customCats":100,"loans":100,"subs":2,"templates":5,"tags":2,"curLedger":0,"curAccount":1}|{"settings":5,"accounts":100,"assets":2,"tags":1700000000000,"curLedger":0,"currencies":2,"subcats":2}
adopt	{"settings":2,"customCats":0,"templates":100,"curLedger":0,"currencies":100}|{"settings":5,"loans":5,"curAccount":5}|{"lang":0,"customCats":0,"accounts":[],"assets":[],"loans":["a"],"subs":["a"],"templates":["a"],"tags":0,"curLedger":false,"currencies":"","subcats":"x","curAccount":false}
newer	{"settings":2,"customCats":0,"templates":100,"curLedger":0,"currencies":100}|{"settings":5,"loans":5,"curAccount":5}
adopt	{"customCats":5,"accounts":5,"templates":0,"tags":2,"currencies":1}|{"lang":0,"customCats":1,"accounts":100,"assets":1700000000000,"tags":1,"currencies":1700000000000}|{"lang":"x","settings":{"a":1},"accounts":["a"],"assets":false,"templates":"","tags":0,"curLedger":[],"subcats":{"a":1},"curAccount":{}}
newer	{"customCats":5,"accounts":5,"templates":0,"tags":2,"currencies":1}|{"lang":0,"customCats":1,"accounts":100,"assets":1700000000000,"tags":1,"currencies":1700000000000}
adopt	{"lang":100,"assets":2,"loans":5,"curLedger":1700000000000,"curAccount":1700000000000}|{"settings":2,"customCats":1700000000000,"accounts":2,"assets":100,"templates":2,"tags":1,"curLedger":2}|{"lang":"x","customCats":"x","accounts":null,"loans":"x","templates":{"a":1},"curLedger":["a"],"subcats":"x","curAccount":{}}
newer	{"lang":100,"assets":2,"loans":5,"curLedger":1700000000000,"curAccount":1700000000000}|{"settings":2,"customCats":1700000000000,"accounts":2,"assets":100,"templates":2,"tags":1,"curLedger":2}
adopt	{"settings":0,"accounts":1,"assets":1700000000000,"loans":1700000000000,"subs":1,"templates":1,"tags":5}|{"settings":100,"customCats":1700000000000,"assets":1,"loans":2,"tags":2,"currencies":1,"curAccount":5}|{"lang":["a"],"settings":{},"accounts":0,"assets":"x","loans":["a"],"subs":{},"templates":{"a":1},"tags":{},"currencies":{},"subcats":0,"curAccount":["a"]}
newer	{"settings":0,"accounts":1,"assets":1700000000000,"loans":1700000000000,"subs":1,"templates":1,"tags":5}|{"settings":100,"customCats":1700000000000,"assets":1,"loans":2,"tags":2,"currencies":1,"curAccount":5}
adopt	{"lang":1,"customCats":0,"accounts":100,"assets":1700000000000,"subs":2,"currencies":5,"subcats":100,"curAccount":100}|{"lang":1700000000000,"accounts":5,"assets":100,"loans":5,"currencies":100,"curAccount":1700000000000}|{"lang":{"a":1},"settings":["a"],"customCats":"x","accounts":"x","assets":["a"],"subs":[],"templates":"x","tags":null,"curLedger":{"a":1},"currencies":null,"curAccount":"x"}
newer	{"lang":1,"customCats":0,"accounts":100,"assets":1700000000000,"subs":2,"currencies":5,"subcats":100,"curAccount":100}|{"lang":1700000000000,"accounts":5,"assets":100,"loans":5,"currencies":100,"curAccount":1700000000000}
adopt	{"assets":0,"loans":0,"subs":100,"tags":0,"currencies":100,"subcats":100,"curAccount":0}|{"lang":2,"settings":5,"accounts":5,"assets":100,"loans":1,"subs":100,"tags":1700000000000,"curLedger":5,"curAccount":0}|{"lang":{},"settings":null,"accounts":["a"],"loans":null,"templates":["a"],"tags":{"a":1},"curLedger":["a"]}
newer	{"assets":0,"loans":0,"subs":100,"tags":0,"currencies":100,"subcats":100,"curAccount":0}|{"lang":2,"settings":5,"accounts":5,"assets":100,"loans":1,"subs":100,"tags":1700000000000,"curLedger":5,"curAccount":0}
adopt	{"assets":1700000000000,"tags":2,"curLedger":0,"subcats":100}|{"loans":0,"subs":1700000000000,"templates":2,"curLedger":1700000000000}|{"lang":"","settings":"","customCats":{"a":1},"accounts":"x","assets":"x","loans":["a"],"subs":0,"templates":{"a":1},"tags":["a"],"curLedger":{},"currencies":{},"curAccount":[]}
newer	{"assets":1700000000000,"tags":2,"curLedger":0,"subcats":100}|{"loans":0,"subs":1700000000000,"templates":2,"curLedger":1700000000000}
adopt	{"lang":100,"customCats":2,"accounts":1,"subs":0,"curLedger":2,"currencies":2,"subcats":1}|none|{"lang":"x","settings":0,"accounts":[],"assets":"","tags":0,"curLedger":"","currencies":0,"curAccount":["a"]}
newer	{"lang":100,"customCats":2,"accounts":1,"subs":0,"curLedger":2,"currencies":2,"subcats":1}|none
adopt	{"lang":1,"customCats":0,"accounts":1,"loans":0,"subs":1}|{"accounts":1,"assets":0,"subs":2,"templates":1700000000000,"currencies":5,"subcats":1}|{"lang":"","settings":{"a":1},"customCats":[],"accounts":"","loans":"x","templates":[],"tags":"x","currencies":"","subcats":{},"curAccount":[]}
newer	{"lang":1,"customCats":0,"accounts":1,"loans":0,"subs":1}|{"accounts":1,"assets":0,"subs":2,"templates":1700000000000,"currencies":5,"subcats":1}
adopt	{"lang":1,"assets":1,"subs":1700000000000,"tags":2,"currencies":0,"curAccount":0}|{"assets":0,"loans":1700000000000,"curLedger":1,"curAccount":1700000000000}|{"lang":false,"customCats":"","accounts":false,"assets":0,"subs":"","templates":"","tags":"x","curLedger":"x","currencies":null,"subcats":false,"curAccount":"x"}
newer	{"lang":1,"assets":1,"subs":1700000000000,"tags":2,"currencies":0,"curAccount":0}|{"assets":0,"loans":1700000000000,"curLedger":1,"curAccount":1700000000000}
adopt	{"lang":0,"subs":100,"templates":100,"currencies":100,"curAccount":5}|{"lang":1,"accounts":2,"assets":2,"tags":2,"curLedger":1,"curAccount":1}|{"lang":0,"settings":["a"],"customCats":null,"accounts":{},"assets":"","loans":{},"templates":false,"tags":{"a":1},"curLedger":{"a":1},"currencies":{"a":1},"subcats":0,"curAccount":false}
newer	{"lang":0,"subs":100,"templates":100,"currencies":100,"curAccount":5}|{"lang":1,"accounts":2,"assets":2,"tags":2,"curLedger":1,"curAccount":1}
adopt	{"customCats":1700000000000,"subs":0,"tags":1700000000000,"curLedger":0,"subcats":5,"curAccount":5}|{"lang":0,"settings":100,"accounts":2,"subs":100,"curLedger":2,"currencies":2,"curAccount":5}|{"lang":null,"settings":false,"customCats":"x","assets":false,"templates":"x","tags":[],"currencies":{},"curAccount":["a"]}
newer	{"customCats":1700000000000,"subs":0,"tags":1700000000000,"curLedger":0,"subcats":5,"curAccount":5}|{"lang":0,"settings":100,"accounts":2,"subs":100,"curLedger":2,"currencies":2,"curAccount":5}
adopt	{"lang":0,"assets":5,"subs":1,"tags":1700000000000,"curLedger":0,"currencies":100,"subcats":100,"curAccount":1700000000000}|{"lang":0,"accounts":1,"subs":5,"templates":1,"curLedger":1,"currencies":100}|{"lang":[],"settings":{"a":1},"customCats":["a"],"assets":["a"],"subs":{},"templates":{"a":1},"tags":"","curLedger":0,"curAccount":{"a":1}}
newer	{"lang":0,"assets":5,"subs":1,"tags":1700000000000,"curLedger":0,"currencies":100,"subcats":100,"curAccount":1700000000000}|{"lang":0,"accounts":1,"subs":5,"templates":1,"curLedger":1,"currencies":100}
adopt	{"accounts":1700000000000,"assets":1700000000000,"loans":5,"subs":5,"curLedger":2,"currencies":1}|{"lang":1700000000000,"customCats":2,"loans":1,"templates":1700000000000,"curLedger":2,"currencies":0,"subcats":1700000000000}|{"lang":{},"settings":["a"],"loans":"x","subs":null,"templates":[],"tags":"","curLedger":"x","currencies":[],"curAccount":{"a":1}}
newer	{"accounts":1700000000000,"assets":1700000000000,"loans":5,"subs":5,"curLedger":2,"currencies":1}|{"lang":1700000000000,"customCats":2,"loans":1,"templates":1700000000000,"curLedger":2,"currencies":0,"subcats":1700000000000}
adopt	{"lang":1700000000000,"accounts":1,"subs":1700000000000,"templates":2,"curLedger":2,"currencies":100,"curAccount":0}|none|{"lang":"","settings":0,"customCats":{"a":1},"accounts":0,"loans":{"a":1},"subs":[],"tags":[],"curLedger":"x"}
newer	{"lang":1700000000000,"accounts":1,"subs":1700000000000,"templates":2,"curLedger":2,"currencies":100,"curAccount":0}|none
adopt	{"customCats":1700000000000,"accounts":1700000000000,"subs":2,"templates":0,"tags":1,"curLedger":100,"curAccount":2}|none|{"lang":null,"customCats":{},"accounts":{"a":1},"loans":"x","subs":[],"templates":{},"tags":"","currencies":["a"],"subcats":[],"curAccount":[]}
newer	{"customCats":1700000000000,"accounts":1700000000000,"subs":2,"templates":0,"tags":1,"curLedger":100,"curAccount":2}|none
adopt	{"assets":1700000000000,"templates":100,"currencies":2,"subcats":0,"curAccount":0}|{"customCats":5,"templates":0,"tags":1700000000000,"curLedger":1700000000000,"subcats":1700000000000,"curAccount":100}|{"lang":[],"assets":null,"subs":[],"templates":"x","tags":"","curLedger":null,"subcats":"","curAccount":false}
newer	{"assets":1700000000000,"templates":100,"currencies":2,"subcats":0,"curAccount":0}|{"customCats":5,"templates":0,"tags":1700000000000,"curLedger":1700000000000,"subcats":1700000000000,"curAccount":100}
adopt	{"lang":0,"loans":1700000000000,"subs":2,"curLedger":0,"subcats":5}|none|{"settings":"x","customCats":[],"accounts":0,"loans":{},"subs":"x","curLedger":"","currencies":0,"subcats":"","curAccount":["a"]}
newer	{"lang":0,"loans":1700000000000,"subs":2,"curLedger":0,"subcats":5}|none
adopt	{"customCats":2,"accounts":5,"subs":1,"tags":0,"currencies":0}|{"settings":5,"customCats":0,"assets":0,"subs":0,"curLedger":2,"curAccount":1}|{"lang":"x","settings":"","customCats":[],"accounts":0,"assets":"","subs":"x","templates":null,"tags":"x","curLedger":[],"currencies":["a"],"curAccount":false}
newer	{"customCats":2,"accounts":5,"subs":1,"tags":0,"currencies":0}|{"settings":5,"customCats":0,"assets":0,"subs":0,"curLedger":2,"curAccount":1}
adopt	{"lang":5,"settings":0,"customCats":100,"accounts":1700000000000,"loans":0,"templates":0,"tags":0,"curLedger":100,"currencies":0,"curAccount":0}|{"lang":1,"settings":1700000000000,"accounts":1700000000000,"assets":5,"subs":1700000000000,"templates":2,"tags":1700000000000,"curLedger":1700000000000,"currencies":5}|{"lang":false,"settings":[],"customCats":false,"accounts":{},"assets":"x","loans":false,"subs":{"a":1},"templates":["a"],"tags":null,"curLedger":null,"currencies":"x","subcats":{"a":1}}
newer	{"lang":5,"settings":0,"customCats":100,"accounts":1700000000000,"loans":0,"templates":0,"tags":0,"curLedger":100,"currencies":0,"curAccount":0}|{"lang":1,"settings":1700000000000,"accounts":1700000000000,"assets":5,"subs":1700000000000,"templates":2,"tags":1700000000000,"curLedger":1700000000000,"currencies":5}
adopt	{"settings":5,"customCats":1,"assets":100,"subs":2,"templates":1,"curLedger":1700000000000,"currencies":0,"subcats":0,"curAccount":0}|{"customCats":0,"accounts":0,"loans":100,"templates":2,"curLedger":1,"curAccount":100}|{"settings":null,"customCats":false,"assets":{"a":1},"loans":[],"subs":["a"],"templates":{},"subcats":[]}
newer	{"settings":5,"customCats":1,"assets":100,"subs":2,"templates":1,"curLedger":1700000000000,"currencies":0,"subcats":0,"curAccount":0}|{"customCats":0,"accounts":0,"loans":100,"templates":2,"curLedger":1,"curAccount":100}
adopt	{"lang":0,"settings":1,"templates":100,"tags":100,"currencies":1700000000000,"subcats":1,"curAccount":1}|{"settings":0,"customCats":5,"accounts":1,"templates":1700000000000,"tags":5,"currencies":100}|{"customCats":{},"accounts":0,"assets":[],"loans":["a"],"templates":0,"curLedger":"x","currencies":["a"]}
newer	{"lang":0,"settings":1,"templates":100,"tags":100,"currencies":1700000000000,"subcats":1,"curAccount":1}|{"settings":0,"customCats":5,"accounts":1,"templates":1700000000000,"tags":5,"currencies":100}
adopt	{"settings":1700000000000,"loans":0,"tags":1700000000000,"subcats":2}|{"customCats":2,"assets":2,"loans":1,"subs":0,"tags":5,"curLedger":100,"currencies":2}|{"lang":["a"],"settings":{"a":1},"accounts":false,"loans":null,"subs":0,"templates":null,"tags":[],"curLedger":false,"currencies":"","curAccount":null}
newer	{"settings":1700000000000,"loans":0,"tags":1700000000000,"subcats":2}|{"customCats":2,"assets":2,"loans":1,"subs":0,"tags":5,"curLedger":100,"currencies":2}
adopt	{"customCats":1,"accounts":0,"loans":100,"subcats":0,"curAccount":0}|{"settings":100,"assets":2,"templates":0,"curLedger":0,"currencies":1}|{"lang":{"a":1},"customCats":"x","accounts":[],"loans":{"a":1},"subs":null,"templates":{"a":1},"tags":{"a":1},"curLedger":["a"],"curAccount":"x"}
newer	{"customCats":1,"accounts":0,"loans":100,"subcats":0,"curAccount":0}|{"settings":100,"assets":2,"templates":0,"curLedger":0,"currencies":1}
adopt	{"lang":1,"assets":0,"loans":100,"templates":1700000000000,"tags":100,"currencies":0,"subcats":0,"curAccount":5}|{"settings":1700000000000,"assets":0,"loans":1700000000000,"templates":5,"tags":1,"curLedger":100,"currencies":5,"curAccount":1}|{"lang":["a"],"settings":[],"customCats":"x","templates":0,"curLedger":[],"subcats":"","curAccount":""}
newer	{"lang":1,"assets":0,"loans":100,"templates":1700000000000,"tags":100,"currencies":0,"subcats":0,"curAccount":5}|{"settings":1700000000000,"assets":0,"loans":1700000000000,"templates":5,"tags":1,"curLedger":100,"currencies":5,"curAccount":1}
adopt	{"customCats":0,"assets":0,"subs":1700000000000,"templates":1,"currencies":0,"subcats":0}|none|{"lang":false,"settings":{"a":1},"customCats":false,"assets":null,"loans":null,"subs":["a"],"templates":0,"curLedger":"","currencies":["a"],"subcats":"x","curAccount":0}
newer	{"customCats":0,"assets":0,"subs":1700000000000,"templates":1,"currencies":0,"subcats":0}|none
adopt	{"customCats":2,"assets":2,"loans":100,"tags":0,"curLedger":0,"currencies":1700000000000,"curAccount":0}|{"assets":2,"subs":100,"tags":5,"subcats":5}|{"lang":"","settings":0,"customCats":"","accounts":[],"assets":["a"],"loans":"x","templates":null,"tags":{"a":1},"curLedger":""}
newer	{"customCats":2,"assets":2,"loans":100,"tags":0,"curLedger":0,"currencies":1700000000000,"curAccount":0}|{"assets":2,"subs":100,"tags":5,"subcats":5}
adopt	{"settings":2,"customCats":1700000000000,"assets":5,"tags":1700000000000,"curLedger":1,"currencies":1700000000000,"subcats":2,"curAccount":100}|{"lang":0,"settings":2,"accounts":5,"assets":1700000000000,"loans":0,"tags":0,"curLedger":0,"subcats":100,"curAccount":0}|{"lang":[],"settings":{},"customCats":"","accounts":null,"loans":0,"subs":false,"templates":["a"],"tags":"x","subcats":"","curAccount":false}
newer	{"settings":2,"customCats":1700000000000,"assets":5,"tags":1700000000000,"curLedger":1,"currencies":1700000000000,"subcats":2,"curAccount":100}|{"lang":0,"settings":2,"accounts":5,"assets":1700000000000,"loans":0,"tags":0,"curLedger":0,"subcats":100,"curAccount":0}
adopt	{"lang":1700000000000,"settings":5,"customCats":1700000000000,"accounts":2,"assets":5,"loans":0,"templates":100,"tags":1700000000000,"subcats":1700000000000,"curAccount":2}|{"customCats":5,"templates":2,"tags":0,"curLedger":2,"curAccount":100}|{"lang":"x","settings":"","customCats":false,"accounts":0,"assets":0,"loans":["a"],"subs":[],"templates":{"a":1},"tags":false,"curLedger":["a"],"subcats":false}
newer	{"lang":1700000000000,"settings":5,"customCats":1700000000000,"accounts":2,"assets":5,"loans":0,"templates":100,"tags":1700000000000,"subcats":1700000000000,"curAccount":2}|{"customCats":5,"templates":2,"tags":0,"curLedger":2,"curAccount":100}
adopt	{"settings":1,"customCats":1700000000000,"loans":1,"tags":100,"curLedger":2,"currencies":5,"curAccount":100}|{"lang":5,"settings":0,"assets":0,"loans":1,"subs":1700000000000,"templates":2,"curLedger":2,"currencies":2,"subcats":0}|{"lang":["a"],"settings":false,"customCats":["a"],"accounts":"x","assets":{"a":1},"loans":{"a":1},"subs":{},"templates":[],"tags":0,"subcats":[]}
newer	{"settings":1,"customCats":1700000000000,"loans":1,"tags":100,"curLedger":2,"currencies":5,"curAccount":100}|{"lang":5,"settings":0,"assets":0,"loans":1,"subs":1700000000000,"templates":2,"curLedger":2,"currencies":2,"subcats":0}
adopt	{"settings":1,"accounts":1700000000000,"assets":0,"loans":5,"curLedger":1700000000000,"currencies":2,"subcats":1}|none|{"lang":"x","settings":{},"customCats":{},"templates":false,"tags":"","curLedger":null,"currencies":null,"subcats":null,"curAccount":[]}
newer	{"settings":1,"accounts":1700000000000,"assets":0,"loans":5,"curLedger":1700000000000,"currencies":2,"subcats":1}|none
adopt	{"lang":1700000000000,"accounts":2,"assets":1700000000000,"loans":100,"templates":100,"curLedger":1700000000000,"currencies":0,"subcats":1700000000000}|{"customCats":100,"loans":0,"templates":100,"tags":2,"currencies":2,"curAccount":2}|{"lang":["a"],"customCats":{},"assets":{"a":1},"loans":false,"subs":false,"templates":null,"tags":{"a":1},"curLedger":"x","currencies":0,"subcats":[]}
newer	{"lang":1700000000000,"accounts":2,"assets":1700000000000,"loans":100,"templates":100,"curLedger":1700000000000,"currencies":0,"subcats":1700000000000}|{"customCats":100,"loans":0,"templates":100,"tags":2,"currencies":2,"curAccount":2}
adopt	{"customCats":1,"assets":1,"loans":5,"tags":2,"currencies":0,"subcats":1,"curAccount":0}|{"lang":0,"settings":1700000000000,"loans":100,"tags":100,"curAccount":2}|{"settings":"x","customCats":["a"],"accounts":["a"],"assets":"x","loans":"","subs":"x","tags":{},"currencies":["a"],"subcats":[],"curAccount":["a"]}
newer	{"customCats":1,"assets":1,"loans":5,"tags":2,"currencies":0,"subcats":1,"curAccount":0}|{"lang":0,"settings":1700000000000,"loans":100,"tags":100,"curAccount":2}
adopt	{"settings":2,"assets":5,"subs":5,"templates":5,"tags":1,"curLedger":5}|none|{"lang":{},"assets":{},"loans":[],"curLedger":false,"currencies":{"a":1},"subcats":null,"curAccount":[]}
newer	{"settings":2,"assets":5,"subs":5,"templates":5,"tags":1,"curLedger":5}|none
adopt	{"customCats":0,"templates":1700000000000,"tags":1,"curLedger":5,"currencies":2}|{"lang":1,"settings":0,"customCats":2,"accounts":100,"loans":0,"subcats":0}|{"lang":"","settings":null,"customCats":["a"],"accounts":{"a":1},"assets":null,"loans":{},"subs":[],"templates":"x","tags":false,"currencies":"","subcats":{},"curAccount":["a"]}
newer	{"customCats":0,"templates":1700000000000,"tags":1,"curLedger":5,"currencies":2}|{"lang":1,"settings":0,"customCats":2,"accounts":100,"loans":0,"subcats":0}
adopt	{"lang":2,"accounts":0,"assets":1,"templates":1700000000000,"currencies":1700000000000,"subcats":0}|{"lang":2,"customCats":5,"assets":1,"loans":100,"templates":5,"tags":5,"curLedger":100,"currencies":0,"subcats":1}|{"customCats":["a"],"accounts":[],"assets":{},"subs":["a"],"templates":[],"tags":null,"curLedger":["a"],"currencies":"x","subcats":null,"curAccount":0}
newer	{"lang":2,"accounts":0,"assets":1,"templates":1700000000000,"currencies":1700000000000,"subcats":0}|{"lang":2,"customCats":5,"assets":1,"loans":100,"templates":5,"tags":5,"curLedger":100,"currencies":0,"subcats":1}
adopt	{"lang":5,"settings":2,"customCats":1,"templates":100,"tags":0,"subcats":2}|{"lang":5,"loans":1700000000000,"subs":2,"curLedger":1700000000000,"currencies":100,"subcats":1700000000000}|{"settings":null,"customCats":false,"assets":["a"],"loans":0,"subs":[],"templates":0,"tags":null,"curLedger":"","currencies":"x","subcats":{"a":1},"curAccount":{}}
newer	{"lang":5,"settings":2,"customCats":1,"templates":100,"tags":0,"subcats":2}|{"lang":5,"loans":1700000000000,"subs":2,"curLedger":1700000000000,"currencies":100,"subcats":1700000000000}
adopt	{"customCats":1,"accounts":0,"assets":100,"templates":0,"tags":0,"curLedger":1,"currencies":2,"curAccount":0}|{"lang":5,"settings":5,"accounts":100,"loans":1,"subs":100,"tags":2,"currencies":2,"subcats":1700000000000,"curAccount":1}|{"lang":false,"customCats":"","loans":{},"subs":false,"templates":{},"tags":0,"curLedger":{"a":1}}
newer	{"customCats":1,"accounts":0,"assets":100,"templates":0,"tags":0,"curLedger":1,"currencies":2,"curAccount":0}|{"lang":5,"settings":5,"accounts":100,"loans":1,"subs":100,"tags":2,"currencies":2,"subcats":1700000000000,"curAccount":1}
adopt	{"settings":0,"accounts":5,"assets":0,"tags":1700000000000,"subcats":1700000000000,"curAccount":100}|{"settings":5,"customCats":1,"accounts":100,"assets":1700000000000,"loans":5,"subs":100,"curLedger":1700000000000}|{"lang":{},"settings":["a"],"customCats":null,"accounts":false,"assets":"x","loans":false,"subs":"x","curLedger":"","currencies":{},"subcats":{"a":1}}
newer	{"settings":0,"accounts":5,"assets":0,"tags":1700000000000,"subcats":1700000000000,"curAccount":100}|{"settings":5,"customCats":1,"accounts":100,"assets":1700000000000,"loans":5,"subs":100,"curLedger":1700000000000}
adopt	{"lang":0,"settings":2,"accounts":1,"assets":5,"subs":0,"tags":100,"curLedger":1,"subcats":5}|{"lang":100,"settings":1700000000000,"assets":1700000000000,"loans":1700000000000,"subs":5,"tags":1,"curLedger":5,"currencies":100,"curAccount":1700000000000}|{"settings":false,"accounts":"x","assets":[],"loans":"x","subs":"x","templates":[],"curLedger":null,"currencies":{"a":1},"curAccount":false}
newer	{"lang":0,"settings":2,"accounts":1,"assets":5,"subs":0,"tags":100,"curLedger":1,"subcats":5}|{"lang":100,"settings":1700000000000,"assets":1700000000000,"loans":1700000000000,"subs":5,"tags":1,"curLedger":5,"currencies":100,"curAccount":1700000000000}
adopt	{"settings":0,"customCats":5,"accounts":100,"loans":1700000000000,"tags":5,"curAccount":100}|none|{"lang":null,"settings":false,"customCats":null,"accounts":0,"assets":["a"],"subs":"","curLedger":{"a":1},"currencies":["a"],"subcats":{},"curAccount":["a"]}
newer	{"settings":0,"customCats":5,"accounts":100,"loans":1700000000000,"tags":5,"curAccount":100}|none
adopt	{"lang":100,"settings":1700000000000,"accounts":5,"assets":1,"loans":2,"currencies":1,"subcats":0,"curAccount":1}|{"lang":1,"subs":100,"templates":0,"tags":1700000000000,"curLedger":2}|{"settings":{},"customCats":"x","accounts":"x","assets":"x","loans":"x","subs":[],"templates":{},"currencies":[],"subcats":{},"curAccount":""}
newer	{"lang":100,"settings":1700000000000,"accounts":5,"assets":1,"loans":2,"currencies":1,"subcats":0,"curAccount":1}|{"lang":1,"subs":100,"templates":0,"tags":1700000000000,"curLedger":2}
adopt	{"settings":1,"loans":0,"subs":1700000000000,"templates":2,"curLedger":5,"subcats":1700000000000}|none|{"lang":[],"settings":0,"accounts":null,"loans":"","subs":{},"templates":false,"tags":null,"curLedger":"x","currencies":["a"],"curAccount":false}
newer	{"settings":1,"loans":0,"subs":1700000000000,"templates":2,"curLedger":5,"subcats":1700000000000}|none
adopt	{"lang":0,"settings":1,"customCats":0,"assets":2,"loans":0,"subs":100,"templates":100,"tags":1,"curLedger":1700000000000,"subcats":0,"curAccount":100}|{"lang":5,"settings":1700000000000,"customCats":5,"accounts":0,"assets":1,"loans":1700000000000,"subs":2,"curLedger":0}|{"settings":"x","customCats":"x","accounts":[],"assets":{},"subs":false,"tags":false,"curLedger":"","currencies":[],"curAccount":{}}
newer	{"lang":0,"settings":1,"customCats":0,"assets":2,"loans":0,"subs":100,"templates":100,"tags":1,"curLedger":1700000000000,"subcats":0,"curAccount":100}|{"lang":5,"settings":1700000000000,"customCats":5,"accounts":0,"assets":1,"loans":1700000000000,"subs":2,"curLedger":0}
adopt	{"lang":1,"settings":0,"customCats":2,"accounts":1700000000000,"subs":1700000000000,"subcats":5,"curAccount":5}|{"settings":100,"customCats":0,"accounts":5,"loans":2,"templates":0,"currencies":1,"curAccount":5}|{"lang":null,"settings":{"a":1},"accounts":{},"loans":{"a":1},"templates":[],"currencies":"","subcats":"x"}
newer	{"lang":1,"settings":0,"customCats":2,"accounts":1700000000000,"subs":1700000000000,"subcats":5,"curAccount":5}|{"settings":100,"customCats":0,"accounts":5,"loans":2,"templates":0,"currencies":1,"curAccount":5}
adopt	{"settings":5,"assets":1,"templates":100,"curLedger":2}|{"customCats":0,"accounts":0,"assets":5,"loans":1,"currencies":1,"curAccount":100}|{"lang":null,"settings":{"a":1},"customCats":{"a":1},"assets":0,"loans":"x","templates":0,"tags":null,"curLedger":"","currencies":{"a":1},"subcats":["a"]}
newer	{"settings":5,"assets":1,"templates":100,"curLedger":2}|{"customCats":0,"accounts":0,"assets":5,"loans":1,"currencies":1,"curAccount":100}
adopt	{"lang":1700000000000,"accounts":1700000000000,"assets":5,"templates":1}|{"settings":100,"customCats":2,"templates":5,"tags":1700000000000,"curAccount":1700000000000}|{"lang":{"a":1},"settings":{},"customCats":[],"accounts":{},"assets":"x","loans":[],"templates":{},"tags":{},"curLedger":{"a":1},"subcats":null,"curAccount":[]}
newer	{"lang":1700000000000,"accounts":1700000000000,"assets":5,"templates":1}|{"settings":100,"customCats":2,"templates":5,"tags":1700000000000,"curAccount":1700000000000}
adopt	{"settings":1700000000000,"accounts":2,"subs":100,"templates":2,"tags":1700000000000,"currencies":1700000000000,"subcats":2,"curAccount":1700000000000}|none|{"lang":"x","settings":"x","customCats":{"a":1},"assets":null,"loans":null,"tags":"x","curLedger":{},"subcats":0,"curAccount":["a"]}
newer	{"settings":1700000000000,"accounts":2,"subs":100,"templates":2,"tags":1700000000000,"currencies":1700000000000,"subcats":2,"curAccount":1700000000000}|none
adopt	{"settings":1,"assets":2,"loans":5,"tags":0,"curAccount":100}|{"accounts":1700000000000,"assets":5,"loans":1700000000000,"tags":100,"curLedger":100,"currencies":1700000000000,"subcats":1700000000000,"curAccount":5}|{"lang":{"a":1},"settings":"x","loans":{"a":1},"subs":false,"currencies":[],"subcats":["a"]}
newer	{"settings":1,"assets":2,"loans":5,"tags":0,"curAccount":100}|{"accounts":1700000000000,"assets":5,"loans":1700000000000,"tags":100,"curLedger":100,"currencies":1700000000000,"subcats":1700000000000,"curAccount":5}
adopt	{"assets":2,"currencies":5}|{"settings":1,"accounts":5,"assets":1700000000000,"subs":0,"templates":1,"curLedger":1,"currencies":0,"curAccount":1}|{"lang":false,"customCats":{"a":1},"accounts":[],"assets":["a"],"subs":{"a":1},"templates":null,"tags":0,"curLedger":0,"currencies":"x","subcats":{"a":1}}
newer	{"assets":2,"currencies":5}|{"settings":1,"accounts":5,"assets":1700000000000,"subs":0,"templates":1,"curLedger":1,"currencies":0,"curAccount":1}
adopt	{"loans":5,"subs":1700000000000,"curAccount":2}|{"lang":0,"assets":1700000000000,"subs":1700000000000,"curLedger":0,"currencies":1700000000000,"curAccount":100}|{"lang":"","assets":false,"loans":{},"subs":null,"templates":0,"curLedger":null,"currencies":false,"subcats":null}
newer	{"loans":5,"subs":1700000000000,"curAccount":2}|{"lang":0,"assets":1700000000000,"subs":1700000000000,"curLedger":0,"currencies":1700000000000,"curAccount":100}
adopt	{"customCats":1,"assets":1700000000000,"tags":0,"curLedger":1}|{"lang":0,"customCats":100,"accounts":5,"subs":100,"tags":1,"subcats":1,"curAccount":0}|{"settings":{"a":1},"customCats":"","accounts":"","subs":"","tags":"x","curLedger":null,"currencies":{"a":1},"subcats":[],"curAccount":false}
newer	{"customCats":1,"assets":1700000000000,"tags":0,"curLedger":1}|{"lang":0,"customCats":100,"accounts":5,"subs":100,"tags":1,"subcats":1,"curAccount":0}
adopt	{"customCats":100,"accounts":0,"assets":1,"templates":5,"curLedger":1700000000000,"currencies":5,"subcats":5,"curAccount":1}|{"assets":100,"tags":5,"currencies":0,"subcats":2}|{"lang":[],"settings":null,"customCats":0,"accounts":false,"assets":"x","templates":"","tags":false,"curLedger":"x","currencies":0,"subcats":0,"curAccount":["a"]}
newer	{"customCats":100,"accounts":0,"assets":1,"templates":5,"curLedger":1700000000000,"currencies":5,"subcats":5,"curAccount":1}|{"assets":100,"tags":5,"currencies":0,"subcats":2}
adopt	{"customCats":5,"accounts":100,"templates":100,"currencies":5,"curAccount":1700000000000}|{"lang":1700000000000,"settings":5,"accounts":0,"loans":100,"subs":2,"currencies":1}|{"customCats":null,"loans":{"a":1},"templates":[],"tags":{"a":1},"curLedger":null,"currencies":{"a":1},"subcats":"x","curAccount":[]}
newer	{"customCats":5,"accounts":100,"templates":100,"currencies":5,"curAccount":1700000000000}|{"lang":1700000000000,"settings":5,"accounts":0,"loans":100,"subs":2,"currencies":1}
adopt	{"lang":100,"customCats":0,"accounts":0,"currencies":1,"subcats":1,"curAccount":0}|{"lang":5,"settings":1,"assets":100,"loans":100,"tags":100,"subcats":2}|{"lang":{"a":1},"settings":0,"customCats":["a"],"accounts":"","assets":{"a":1},"subs":"","templates":"","tags":false,"curLedger":[],"curAccount":[]}
newer	{"lang":100,"customCats":0,"accounts":0,"currencies":1,"subcats":1,"curAccount":0}|{"lang":5,"settings":1,"assets":100,"loans":100,"tags":100,"subcats":2}
adopt	{"customCats":1700000000000,"subs":100,"templates":2,"tags":0,"curLedger":1700000000000}|{"lang":2,"accounts":1,"assets":5,"loans":2,"templates":1,"tags":0,"currencies":0}|{"settings":0,"customCats":"x","accounts":{},"subs":[],"tags":false,"curLedger":null,"currencies":0,"subcats":[],"curAccount":0}
newer	{"customCats":1700000000000,"subs":100,"templates":2,"tags":0,"curLedger":1700000000000}|{"lang":2,"accounts":1,"assets":5,"loans":2,"templates":1,"tags":0,"currencies":0}
adopt	{"lang":2,"customCats":1,"accounts":5,"subs":2,"templates":100,"curLedger":100,"subcats":0}|{"accounts":0,"assets":0,"subs":100,"templates":0,"tags":1700000000000}|{"settings":0,"customCats":{},"accounts":false,"assets":{},"loans":"x","subs":{},"templates":["a"],"curLedger":"x","currencies":{"a":1}}
newer	{"lang":2,"customCats":1,"accounts":5,"subs":2,"templates":100,"curLedger":100,"subcats":0}|{"accounts":0,"assets":0,"subs":100,"templates":0,"tags":1700000000000}
adopt	{"lang":2,"customCats":1700000000000,"accounts":2,"loans":1700000000000,"tags":5,"currencies":5}|{"customCats":1700000000000,"assets":1700000000000,"curAccount":1}|{"lang":{"a":1},"settings":null,"customCats":0,"accounts":"","loans":"","tags":["a"],"curLedger":[],"subcats":{},"curAccount":0}
newer	{"lang":2,"customCats":1700000000000,"accounts":2,"loans":1700000000000,"tags":5,"currencies":5}|{"customCats":1700000000000,"assets":1700000000000,"curAccount":1}
adopt	{"lang":0,"settings":1,"customCats":1700000000000,"assets":0,"subs":0,"tags":100,"curLedger":2,"currencies":100,"subcats":1700000000000,"curAccount":0}|{"lang":2,"accounts":5,"assets":2,"tags":0,"subcats":100,"curAccount":1}|{"settings":{},"accounts":null,"assets":null,"subs":["a"],"templates":["a"],"subcats":null}
newer	{"lang":0,"settings":1,"customCats":1700000000000,"assets":0,"subs":0,"tags":100,"curLedger":2,"currencies":100,"subcats":1700000000000,"curAccount":0}|{"lang":2,"accounts":5,"assets":2,"tags":0,"subcats":100,"curAccount":1}
adopt	{"lang":1,"settings":100,"customCats":0,"accounts":0,"assets":1700000000000,"loans":0,"templates":5,"curLedger":1,"subcats":1700000000000}|{"lang":2,"settings":5,"customCats":5,"accounts":1,"assets":100,"loans":100,"tags":2,"currencies":1,"curAccount":5}|{"lang":"x","assets":["a"],"loans":"","tags":{},"curLedger":0,"curAccount":false}
newer	{"lang":1,"settings":100,"customCats":0,"accounts":0,"assets":1700000000000,"loans":0,"templates":5,"curLedger":1,"subcats":1700000000000}|{"lang":2,"settings":5,"customCats":5,"accounts":1,"assets":100,"loans":100,"tags":2,"currencies":1,"curAccount":5}
adopt	{"accounts":1700000000000,"assets":5,"templates":2,"tags":1,"curLedger":1700000000000,"subcats":100}|{"lang":5,"settings":100,"customCats":1,"accounts":100,"assets":2,"subs":0}|{"settings":"x","customCats":["a"],"accounts":{},"assets":"x","loans":0,"subs":null,"subcats":["a"]}
newer	{"accounts":1700000000000,"assets":5,"templates":2,"tags":1,"curLedger":1700000000000,"subcats":100}|{"lang":5,"settings":100,"customCats":1,"accounts":100,"assets":2,"subs":0}
adopt	{"lang":100,"settings":5,"customCats":2,"subs":1700000000000,"currencies":1,"curAccount":1700000000000}|{"settings":1700000000000,"customCats":1700000000000,"accounts":2,"loans":1,"templates":5,"tags":1,"currencies":2,"subcats":0}|{"lang":["a"],"settings":[],"customCats":["a"],"accounts":false,"assets":"x","loans":["a"],"subs":{},"templates":[],"tags":false,"curLedger":{},"currencies":{"a":1},"subcats":"x"}
newer	{"lang":100,"settings":5,"customCats":2,"subs":1700000000000,"currencies":1,"curAccount":1700000000000}|{"settings":1700000000000,"customCats":1700000000000,"accounts":2,"loans":1,"templates":5,"tags":1,"currencies":2,"subcats":0}
adopt	{"customCats":2,"subs":0,"templates":100,"tags":2,"subcats":2}|{"accounts":100,"subs":5,"subcats":5}|{"lang":0,"customCats":[],"assets":{"a":1},"loans":["a"],"templates":["a"],"tags":false,"curLedger":{"a":1},"subcats":null,"curAccount":false}
newer	{"customCats":2,"subs":0,"templates":100,"tags":2,"subcats":2}|{"accounts":100,"subs":5,"subcats":5}
adopt	{"settings":1,"customCats":0,"templates":1,"tags":2,"currencies":1}|{"lang":100,"settings":100,"accounts":5,"curLedger":1700000000000,"currencies":5,"curAccount":5}|{"lang":"x","settings":null,"customCats":[],"accounts":{"a":1},"assets":"","subs":0,"templates":"","tags":{},"curLedger":{"a":1},"currencies":{"a":1},"curAccount":[]}
newer	{"settings":1,"customCats":0,"templates":1,"tags":2,"currencies":1}|{"lang":100,"settings":100,"accounts":5,"curLedger":1700000000000,"currencies":5,"curAccount":5}
adopt	{"lang":5,"customCats":1700000000000,"accounts":0,"assets":5,"loans":100,"subs":5,"templates":1,"tags":5,"curLedger":0,"subcats":1700000000000}|{"lang":1700000000000,"loans":2,"subs":1700000000000}|{"settings":"x","customCats":{"a":1},"loans":{"a":1},"templates":{},"tags":0,"currencies":[],"curAccount":{"a":1}}
newer	{"lang":5,"customCats":1700000000000,"accounts":0,"assets":5,"loans":100,"subs":5,"templates":1,"tags":5,"curLedger":0,"subcats":1700000000000}|{"lang":1700000000000,"loans":2,"subs":1700000000000}
adopt	{"lang":2,"customCats":5,"assets":2,"templates":100,"tags":2,"curLedger":5,"currencies":100}|{"lang":2,"customCats":0,"loans":1700000000000,"subs":2,"templates":2,"tags":2,"curLedger":2,"currencies":1700000000000,"subcats":100}|{"customCats":{"a":1},"accounts":["a"],"assets":"","subs":false,"tags":{"a":1},"curLedger":[],"currencies":"","curAccount":"x"}
newer	{"lang":2,"customCats":5,"assets":2,"templates":100,"tags":2,"curLedger":5,"currencies":100}|{"lang":2,"customCats":0,"loans":1700000000000,"subs":2,"templates":2,"tags":2,"curLedger":2,"currencies":1700000000000,"subcats":100}
adopt	{"lang":100,"settings":1,"customCats":2,"accounts":5,"templates":100,"currencies":100,"subcats":1,"curAccount":1}|none|{"lang":false,"settings":"x","customCats":"","accounts":null,"loans":null,"subs":[],"templates":"x","tags":["a"],"curLedger":false,"subcats":false,"curAccount":{}}
newer	{"lang":100,"settings":1,"customCats":2,"accounts":5,"templates":100,"currencies":100,"subcats":1,"curAccount":1}|none
adopt	{"lang":5,"accounts":100,"templates":2,"curLedger":1,"subcats":5}|{"assets":1700000000000,"loans":1700000000000,"templates":2,"tags":1700000000000,"curLedger":100,"currencies":1,"subcats":2,"curAccount":5}|{"lang":"x","settings":"x","customCats":{},"assets":{},"subs":false,"templates":{},"subcats":[],"curAccount":{"a":1}}
newer	{"lang":5,"accounts":100,"templates":2,"curLedger":1,"subcats":5}|{"assets":1700000000000,"loans":1700000000000,"templates":2,"tags":1700000000000,"curLedger":100,"currencies":1,"subcats":2,"curAccount":5}
adopt	{"lang":1700000000000,"customCats":0,"accounts":0,"assets":100,"curLedger":0,"subcats":100,"curAccount":1700000000000}|{"settings":100,"customCats":0,"accounts":5,"assets":1700000000000,"templates":5,"tags":100,"subcats":1700000000000,"curAccount":5}|{"lang":null,"settings":false,"customCats":[],"accounts":{"a":1},"subs":false,"tags":[],"curLedger":{"a":1},"currencies":{"a":1},"subcats":"x","curAccount":null}
newer	{"lang":1700000000000,"customCats":0,"accounts":0,"assets":100,"curLedger":0,"subcats":100,"curAccount":1700000000000}|{"settings":100,"customCats":0,"accounts":5,"assets":1700000000000,"templates":5,"tags":100,"subcats":1700000000000,"curAccount":5}
adopt	{"settings":1700000000000,"customCats":2,"templates":100,"tags":5,"subcats":100,"curAccount":2}|{"lang":2,"subs":1,"tags":1,"curLedger":0,"currencies":5,"subcats":2}|{"lang":0,"customCats":0,"accounts":{"a":1},"assets":null,"loans":["a"],"tags":null,"curLedger":[],"subcats":"x","curAccount":{}}
newer	{"settings":1700000000000,"customCats":2,"templates":100,"tags":5,"subcats":100,"curAccount":2}|{"lang":2,"subs":1,"tags":1,"curLedger":0,"currencies":5,"subcats":2}
adopt	{"settings":2,"subs":100}|{"settings":0,"assets":5,"subs":0,"templates":2,"tags":5,"curAccount":2}|{"settings":0,"customCats":[],"accounts":"x","assets":false,"loans":"","subs":{},"templates":false,"tags":[],"currencies":0,"subcats":null}
newer	{"settings":2,"subs":100}|{"settings":0,"assets":5,"subs":0,"templates":2,"tags":5,"curAccount":2}
adopt	{"lang":1700000000000,"settings":0,"assets":0,"loans":100,"subs":100,"curLedger":2,"subcats":1700000000000}|{"lang":0,"loans":1700000000000}|{"settings":"","customCats":null,"accounts":["a"],"assets":["a"],"loans":{},"subs":0,"templates":"x","tags":"","currencies":"x","subcats":0,"curAccount":{}}
newer	{"lang":1700000000000,"settings":0,"assets":0,"loans":100,"subs":100,"curLedger":2,"subcats":1700000000000}|{"lang":0,"loans":1700000000000}
adopt	{"lang":100,"settings":5,"templates":100,"subcats":1700000000000,"curAccount":2}|{"settings":0,"customCats":100,"accounts":5,"loans":100,"tags":100,"curLedger":1700000000000,"currencies":5,"curAccount":0}|{"lang":null,"settings":"","customCats":"x","accounts":false,"subs":["a"],"tags":[],"curLedger":null,"subcats":[],"curAccount":["a"]}
newer	{"lang":100,"settings":5,"templates":100,"subcats":1700000000000,"curAccount":2}|{"settings":0,"customCats":100,"accounts":5,"loans":100,"tags":100,"curLedger":1700000000000,"currencies":5,"curAccount":0}
adopt	{"lang":1,"accounts":1,"subs":2}|{"settings":5,"assets":2,"loans":1,"subs":2,"templates":1700000000000,"currencies":2}|{"lang":"","settings":{},"accounts":null,"assets":["a"],"loans":false,"subs":"x","templates":false,"tags":"","curLedger":0,"currencies":0,"subcats":{"a":1},"curAccount":0}
newer	{"lang":1,"accounts":1,"subs":2}|{"settings":5,"assets":2,"loans":1,"subs":2,"templates":1700000000000,"currencies":2}
adopt	{"lang":5,"subcats":5,"curAccount":1700000000000}|{"settings":1,"accounts":1700000000000,"loans":100,"subs":100,"templates":2,"curLedger":0,"currencies":1700000000000,"subcats":1700000000000,"curAccount":1}|{"settings":"x","loans":{},"subs":false,"templates":{},"curLedger":"x","currencies":false,"subcats":{"a":1}}
newer	{"lang":5,"subcats":5,"curAccount":1700000000000}|{"settings":1,"accounts":1700000000000,"loans":100,"subs":100,"templates":2,"curLedger":0,"currencies":1700000000000,"subcats":1700000000000,"curAccount":1}
adopt	{"lang":1700000000000,"customCats":100,"accounts":100,"subs":1700000000000,"templates":1700000000000,"tags":1700000000000,"curLedger":5}|{"lang":2,"customCats":100,"assets":1700000000000,"loans":2,"templates":1700000000000,"tags":5,"curLedger":1700000000000,"curAccount":1700000000000}|{"lang":"","customCats":"","assets":"","subs":{"a":1},"tags":{},"curLedger":{"a":1},"subcats":false,"curAccount":["a"]}
newer	{"lang":1700000000000,"customCats":100,"accounts":100,"subs":1700000000000,"templates":1700000000000,"tags":1700000000000,"curLedger":5}|{"lang":2,"customCats":100,"assets":1700000000000,"loans":2,"templates":1700000000000,"tags":5,"curLedger":1700000000000,"curAccount":1700000000000}
adopt	{"settings":5,"customCats":5,"accounts":0,"assets":2,"subs":1,"templates":5,"currencies":0,"subcats":100,"curAccount":1}|none|{"lang":0,"settings":false,"customCats":[],"accounts":0,"assets":{},"loans":false,"subs":[],"templates":false,"curLedger":0,"currencies":{},"subcats":{"a":1},"curAccount":{"a":1}}
newer	{"settings":5,"customCats":5,"accounts":0,"assets":2,"subs":1,"templates":5,"currencies":0,"subcats":100,"curAccount":1}|none
adopt	{"lang":1700000000000,"settings":2,"subs":100,"templates":100,"tags":5,"currencies":1,"subcats":1700000000000,"curAccount":1}|{"customCats":100,"accounts":2,"subs":1700000000000,"tags":5,"curLedger":5,"currencies":0,"curAccount":0}|{"lang":["a"],"settings":[],"assets":0,"loans":{"a":1},"subs":["a"],"templates":[],"tags":"x","currencies":null,"curAccount":{"a":1}}
newer	{"lang":1700000000000,"settings":2,"subs":100,"templates":100,"tags":5,"currencies":1,"subcats":1700000000000,"curAccount":1}|{"customCats":100,"accounts":2,"subs":1700000000000,"tags":5,"curLedger":5,"currencies":0,"curAccount":0}
adopt	{"lang":0,"customCats":0,"assets":1700000000000,"loans":1700000000000,"subs":2,"curLedger":100,"curAccount":2}|{"lang":5,"settings":5,"customCats":1,"loans":2,"templates":2,"tags":0,"subcats":1700000000000,"curAccount":0}|{"lang":"x","settings":{},"customCats":[],"accounts":false,"loans":{"a":1},"subs":"x","templates":false,"tags":"","curLedger":0,"currencies":["a"],"curAccount":null}
newer	{"lang":0,"customCats":0,"assets":1700000000000,"loans":1700000000000,"subs":2,"curLedger":100,"curAccount":2}|{"lang":5,"settings":5,"customCats":1,"loans":2,"templates":2,"tags":0,"subcats":1700000000000,"curAccount":0}
adopt	{"lang":0,"accounts":100,"curLedger":5}|{"lang":0,"settings":1,"assets":2,"subs":1,"curLedger":0,"currencies":1700000000000,"curAccount":100}|{"settings":null,"customCats":0,"assets":{},"loans":false,"subs":["a"],"templates":"x","subcats":{}}
newer	{"lang":0,"accounts":100,"curLedger":5}|{"lang":0,"settings":1,"assets":2,"subs":1,"curLedger":0,"currencies":1700000000000,"curAccount":100}
adopt	{"customCats":5,"accounts":1,"assets":2,"templates":1700000000000,"currencies":100,"curAccount":0}|{"lang":1,"assets":100,"templates":100,"tags":0}|{"lang":0,"accounts":"","assets":["a"],"loans":"x","subs":null,"curLedger":[],"currencies":[],"subcats":"x","curAccount":""}
newer	{"customCats":5,"accounts":1,"assets":2,"templates":1700000000000,"currencies":100,"curAccount":0}|{"lang":1,"assets":100,"templates":100,"tags":0}
adopt	{"settings":2,"customCats":100,"accounts":1,"assets":2,"templates":1}|{"lang":0,"settings":1700000000000,"accounts":0,"assets":5,"loans":2,"subs":1700000000000,"tags":2,"curLedger":1}|{"lang":{"a":1},"settings":"x","customCats":false,"accounts":false,"assets":0,"loans":false,"templates":[],"tags":false,"curLedger":0,"curAccount":""}
newer	{"settings":2,"customCats":100,"accounts":1,"assets":2,"templates":1}|{"lang":0,"settings":1700000000000,"accounts":0,"assets":5,"loans":2,"subs":1700000000000,"tags":2,"curLedger":1}
adopt	{"settings":1,"accounts":1700000000000,"subs":0,"templates":5,"curLedger":2,"currencies":1700000000000}|{"accounts":1,"assets":100,"subs":2,"tags":1,"currencies":2}|{"customCats":[],"accounts":0,"templates":null,"curLedger":0,"currencies":["a"],"subcats":null,"curAccount":""}
newer	{"settings":1,"accounts":1700000000000,"subs":0,"templates":5,"curLedger":2,"currencies":1700000000000}|{"accounts":1,"assets":100,"subs":2,"tags":1,"currencies":2}
adopt	{"lang":100,"customCats":5,"accounts":2,"loans":2,"subs":1,"templates":5,"subcats":2,"curAccount":2}|{"lang":5,"customCats":1700000000000,"accounts":1,"assets":5,"loans":100,"subs":5,"templates":1700000000000,"curLedger":1,"currencies":100,"subcats":0,"curAccount":0}|{"lang":["a"],"settings":"x","customCats":["a"],"accounts":false,"loans":[],"subs":null,"tags":"x","currencies":false}
newer	{"lang":100,"customCats":5,"accounts":2,"loans":2,"subs":1,"templates":5,"subcats":2,"curAccount":2}|{"lang":5,"customCats":1700000000000,"accounts":1,"assets":5,"loans":100,"subs":5,"templates":1700000000000,"curLedger":1,"currencies":100,"subcats":0,"curAccount":0}
adopt	{"lang":1,"customCats":1700000000000,"assets":1700000000000,"tags":2,"currencies":0,"curAccount":2}|{"settings":2,"customCats":100,"accounts":5,"loans":1700000000000,"subs":1,"templates":0,"tags":1700000000000,"currencies":0}|{"lang":false,"customCats":[],"accounts":{"a":1},"assets":[],"loans":"x","templates":["a"],"tags":{"a":1},"curLedger":0,"currencies":"x","subcats":"","curAccount":{"a":1}}
newer	{"lang":1,"customCats":1700000000000,"assets":1700000000000,"tags":2,"currencies":0,"curAccount":2}|{"settings":2,"customCats":100,"accounts":5,"loans":1700000000000,"subs":1,"templates":0,"tags":1700000000000,"currencies":0}
adopt	{"lang":1700000000000,"settings":1,"customCats":1,"accounts":2,"loans":100,"curLedger":2,"currencies":0,"curAccount":2}|{"lang":5,"settings":100,"accounts":100,"loans":100,"templates":5}|{"lang":null,"settings":"x","customCats":[],"accounts":0,"subs":false,"templates":false,"curLedger":["a"],"currencies":false,"curAccount":false}
newer	{"lang":1700000000000,"settings":1,"customCats":1,"accounts":2,"loans":100,"curLedger":2,"currencies":0,"curAccount":2}|{"lang":5,"settings":100,"accounts":100,"loans":100,"templates":5}
adopt	{"customCats":0,"accounts":0,"loans":0,"templates":5,"tags":1,"curLedger":1700000000000,"currencies":5,"curAccount":1700000000000}|{"lang":100,"customCats":0,"assets":5,"loans":1700000000000,"subs":0,"tags":5,"currencies":0,"subcats":0}|{"lang":["a"],"accounts":null,"assets":{},"loans":false,"templates":{},"curLedger":{"a":1},"currencies":"","subcats":["a"],"curAccount":[]}
newer	{"customCats":0,"accounts":0,"loans":0,"templates":5,"tags":1,"curLedger":1700000000000,"currencies":5,"curAccount":1700000000000}|{"lang":100,"customCats":0,"assets":5,"loans":1700000000000,"subs":0,"tags":5,"currencies":0,"subcats":0}
adopt	{"assets":1,"tags":1,"currencies":1,"subcats":1700000000000,"curAccount":2}|{"lang":0,"settings":5,"customCats":2,"accounts":1700000000000,"assets":1700000000000,"subs":2,"tags":5,"currencies":5,"curAccount":1}|{"lang":[],"settings":["a"],"accounts":false,"assets":false,"loans":"","subs":["a"],"tags":false,"curLedger":{"a":1},"currencies":{},"subcats":null,"curAccount":null}
newer	{"assets":1,"tags":1,"currencies":1,"subcats":1700000000000,"curAccount":2}|{"lang":0,"settings":5,"customCats":2,"accounts":1700000000000,"assets":1700000000000,"subs":2,"tags":5,"currencies":5,"curAccount":1}
adopt	{"lang":2,"settings":1,"accounts":1700000000000,"assets":100,"loans":0,"templates":0,"currencies":5}|{"settings":0,"customCats":2,"accounts":5,"assets":5,"subs":5,"templates":0,"tags":1,"curLedger":1,"currencies":100}|{"lang":{},"customCats":"x","accounts":null,"assets":0,"loans":null,"templates":["a"],"tags":0,"currencies":[],"curAccount":false}
newer	{"lang":2,"settings":1,"accounts":1700000000000,"assets":100,"loans":0,"templates":0,"currencies":5}|{"settings":0,"customCats":2,"accounts":5,"assets":5,"subs":5,"templates":0,"tags":1,"curLedger":1,"currencies":100}
adopt	{"customCats":100,"accounts":1700000000000,"assets":100,"curLedger":1,"currencies":1700000000000,"subcats":100}|{"accounts":1,"loans":5,"subs":1,"templates":1,"subcats":0}|{"lang":{},"settings":null,"accounts":[],"loans":"","subs":null,"templates":0,"tags":{"a":1},"curLedger":{"a":1},"subcats":{"a":1}}
newer	{"customCats":100,"accounts":1700000000000,"assets":100,"curLedger":1,"currencies":1700000000000,"subcats":100}|{"accounts":1,"loans":5,"subs":1,"templates":1,"subcats":0}
adopt	{"accounts":0,"assets":1700000000000,"loans":100,"templates":5,"tags":5,"subcats":1}|{"accounts":1,"assets":1700000000000,"loans":0,"tags":1700000000000,"subcats":100}|{"lang":{"a":1},"settings":null,"customCats":["a"],"accounts":"x","assets":["a"],"subs":"","templates":["a"],"tags":null,"subcats":{"a":1},"curAccount":""}
newer	{"accounts":0,"assets":1700000000000,"loans":100,"templates":5,"tags":5,"subcats":1}|{"accounts":1,"assets":1700000000000,"loans":0,"tags":1700000000000,"subcats":100}
adopt	{"customCats":5,"assets":2,"templates":2,"tags":2,"currencies":100,"curAccount":1}|{"settings":100,"customCats":2,"accounts":1,"subs":1,"templates":2,"tags":2,"currencies":0,"subcats":1,"curAccount":1}|{"customCats":null,"assets":null,"loans":false,"templates":["a"],"tags":"","curLedger":"","currencies":"","subcats":0,"curAccount":""}
newer	{"customCats":5,"assets":2,"templates":2,"tags":2,"currencies":100,"curAccount":1}|{"settings":100,"customCats":2,"accounts":1,"subs":1,"templates":2,"tags":2,"currencies":0,"subcats":1,"curAccount":1}
adopt	{"lang":1,"subs":1,"tags":1,"currencies":5}|{"accounts":100,"assets":0,"loans":0,"subs":0,"tags":2,"curAccount":5}|{"accounts":["a"],"assets":"","loans":0,"subs":"","templates":[],"curLedger":{},"subcats":{}}
newer	{"lang":1,"subs":1,"tags":1,"currencies":5}|{"accounts":100,"assets":0,"loans":0,"subs":0,"tags":2,"curAccount":5}
adopt	{"lang":1,"settings":0,"customCats":5,"accounts":100,"assets":2,"loans":1700000000000,"templates":2,"tags":1700000000000,"curLedger":5,"currencies":2,"subcats":2}|none|{"lang":null,"settings":[],"customCats":{"a":1},"accounts":0,"loans":0,"templates":null,"currencies":false,"subcats":0}
newer	{"lang":1,"settings":0,"customCats":5,"accounts":100,"assets":2,"loans":1700000000000,"templates":2,"tags":1700000000000,"curLedger":5,"currencies":2,"subcats":2}|none
adopt	{"lang":0,"settings":1700000000000,"subs":1,"tags":1,"curLedger":100}|{"accounts":100,"loans":1,"tags":0,"curLedger":5,"subcats":2}|{"lang":null,"accounts":"","assets":{},"loans":0,"subs":["a"],"templates":0,"curLedger":[],"currencies":{}}
newer	{"lang":0,"settings":1700000000000,"subs":1,"tags":1,"curLedger":100}|{"accounts":100,"loans":1,"tags":0,"curLedger":5,"subcats":2}
adopt	{"lang":2,"templates":2,"tags":5,"curLedger":1700000000000,"subcats":5}|{"lang":1700000000000,"settings":1,"customCats":5,"accounts":5,"assets":2,"loans":2,"subs":5,"templates":0,"curAccount":5}|{"lang":"x","customCats":"","accounts":false,"loans":false,"templates":false,"curLedger":"x","currencies":false,"subcats":"","curAccount":{}}
newer	{"lang":2,"templates":2,"tags":5,"curLedger":1700000000000,"subcats":5}|{"lang":1700000000000,"settings":1,"customCats":5,"accounts":5,"assets":2,"loans":2,"subs":5,"templates":0,"curAccount":5}
adopt	{"settings":1700000000000,"subs":2,"templates":1700000000000,"curLedger":1,"currencies":5,"subcats":5}|{"lang":5,"templates":100}|{"lang":"x","loans":"","subs":[],"templates":"","curLedger":[],"currencies":null,"curAccount":["a"]}
newer	{"settings":1700000000000,"subs":2,"templates":1700000000000,"curLedger":1,"currencies":5,"subcats":5}|{"lang":5,"templates":100}
adopt	{"settings":2,"customCats":100,"subs":1700000000000,"tags":100,"currencies":100,"subcats":5}|{"lang":0,"settings":0,"customCats":1700000000000,"subs":5,"curLedger":5,"currencies":2,"subcats":1700000000000,"curAccount":1}|{"lang":{"a":1},"settings":"x","customCats":{},"accounts":{},"loans":{},"subs":0,"templates":0,"tags":"","currencies":["a"],"subcats":"x","curAccount":null}
newer	{"settings":2,"customCats":100,"subs":1700000000000,"tags":100,"currencies":100,"subcats":5}|{"lang":0,"settings":0,"customCats":1700000000000,"subs":5,"curLedger":5,"currencies":2,"subcats":1700000000000,"curAccount":1}
adopt	{"customCats":1700000000000,"accounts":1700000000000,"assets":5,"subs":2,"currencies":5,"curAccount":1700000000000}|{"settings":5,"templates":2,"curLedger":1700000000000,"subcats":5,"curAccount":5}|{"lang":{},"accounts":false,"assets":false,"loans":null,"templates":"x","currencies":"","subcats":{}}
newer	{"customCats":1700000000000,"accounts":1700000000000,"assets":5,"subs":2,"currencies":5,"curAccount":1700000000000}|{"settings":5,"templates":2,"curLedger":1700000000000,"subcats":5,"curAccount":5}
adopt	{"lang":0,"settings":5,"loans":1,"templates":5,"tags":5,"curLedger":1,"currencies":1,"subcats":2,"curAccount":5}|{"settings":100,"customCats":1700000000000,"loans":1700000000000,"templates":5,"subcats":2,"curAccount":2}|{"lang":false,"settings":null,"accounts":"x","assets":null,"subs":{},"curLedger":0,"subcats":"x","curAccount":0}
newer	{"lang":0,"settings":5,"loans":1,"templates":5,"tags":5,"curLedger":1,"currencies":1,"subcats":2,"curAccount":5}|{"settings":100,"customCats":1700000000000,"loans":1700000000000,"templates":5,"subcats":2,"curAccount":2}
adopt	{"lang":2,"accounts":1700000000000,"assets":1700000000000}|{"lang":100,"accounts":5,"subs":0,"templates":1,"tags":5,"curLedger":100,"currencies":2,"subcats":0,"curAccount":5}|{"lang":["a"],"settings":"x","assets":"x","loans":"x","subs":[],"templates":{"a":1},"tags":["a"],"curLedger":"x","currencies":false,"subcats":{"a":1}}
newer	{"lang":2,"accounts":1700000000000,"assets":1700000000000}|{"lang":100,"accounts":5,"subs":0,"templates":1,"tags":5,"curLedger":100,"currencies":2,"subcats":0,"curAccount":5}
adopt	{"settings":1700000000000,"customCats":1,"accounts":0,"loans":0,"subs":1,"templates":5,"tags":1,"subcats":5}|{"settings":2,"accounts":2,"assets":0,"loans":1,"templates":100,"tags":5,"currencies":1700000000000}|{"lang":"x","customCats":["a"],"accounts":false,"assets":null,"loans":{"a":1},"subs":{"a":1},"templates":{},"currencies":"x","subcats":0,"curAccount":null}
newer	{"settings":1700000000000,"customCats":1,"accounts":0,"loans":0,"subs":1,"templates":5,"tags":1,"subcats":5}|{"settings":2,"accounts":2,"assets":0,"loans":1,"templates":100,"tags":5,"currencies":1700000000000}
adopt	{"lang":1,"customCats":5,"loans":1,"subs":5,"subcats":2,"curAccount":1}|{"lang":5,"customCats":5,"accounts":2,"assets":0,"loans":1700000000000,"templates":1700000000000}|{"lang":false,"settings":false,"customCats":null,"assets":["a"],"subs":"x","templates":null,"tags":{},"currencies":null,"subcats":"x","curAccount":["a"]}
newer	{"lang":1,"customCats":5,"loans":1,"subs":5,"subcats":2,"curAccount":1}|{"lang":5,"customCats":5,"accounts":2,"assets":0,"loans":1700000000000,"templates":1700000000000}
adopt	{"lang":1700000000000,"loans":1,"subs":100,"curLedger":1700000000000,"currencies":5}|{"assets":2,"subs":5,"tags":1,"currencies":1}|{"settings":false,"accounts":"x","assets":{"a":1},"loans":"","templates":["a"],"currencies":0}
newer	{"lang":1700000000000,"loans":1,"subs":100,"curLedger":1700000000000,"currencies":5}|{"assets":2,"subs":5,"tags":1,"currencies":1}
adopt	{"customCats":2,"accounts":1700000000000,"assets":1,"loans":5,"subs":1700000000000,"templates":1,"tags":100,"currencies":1700000000000,"curAccount":100}|{"settings":0,"customCats":5,"assets":0,"subs":5,"templates":2,"curLedger":1}|{"settings":false,"customCats":"","assets":{"a":1},"subs":["a"],"templates":{"a":1},"tags":null,"curLedger":false,"currencies":false}
newer	{"customCats":2,"accounts":1700000000000,"assets":1,"loans":5,"subs":1700000000000,"templates":1,"tags":100,"currencies":1700000000000,"curAccount":100}|{"settings":0,"customCats":5,"assets":0,"subs":5,"templates":2,"curLedger":1}
adopt	{"loans":2,"currencies":100,"subcats":5,"curAccount":1700000000000}|{"lang":100,"settings":1,"customCats":100,"assets":2,"subs":1700000000000,"templates":1}|{"lang":"x","settings":["a"],"customCats":"","assets":false,"loans":{"a":1},"subs":false,"templates":null,"tags":"x","currencies":["a"],"subcats":["a"],"curAccount":""}
newer	{"loans":2,"currencies":100,"subcats":5,"curAccount":1700000000000}|{"lang":100,"settings":1,"customCats":100,"assets":2,"subs":1700000000000,"templates":1}
adopt	{"customCats":5,"accounts":100,"assets":1,"loans":0,"subs":2,"curLedger":2,"currencies":1700000000000}|{"lang":100,"assets":100,"templates":2,"subcats":0,"curAccount":5}|{"lang":0,"settings":[],"accounts":[],"loans":["a"],"templates":false,"curLedger":null,"currencies":["a"],"subcats":"","curAccount":""}
newer	{"customCats":5,"accounts":100,"assets":1,"loans":0,"subs":2,"curLedger":2,"currencies":1700000000000}|{"lang":100,"assets":100,"templates":2,"subcats":0,"curAccount":5}
adopt	{"customCats":0,"accounts":5,"assets":0,"subs":2,"templates":5,"curLedger":0}|{"customCats":1,"templates":1,"tags":0,"curAccount":0}|{"lang":false,"customCats":{"a":1},"accounts":false,"assets":"x","subs":{"a":1},"templates":"x","tags":false,"curLedger":false,"currencies":[],"subcats":{"a":1}}
newer	{"customCats":0,"accounts":5,"assets":0,"subs":2,"templates":5,"curLedger":0}|{"customCats":1,"templates":1,"tags":0,"curAccount":0}
adopt	{"customCats":100,"accounts":1700000000000,"assets":0,"subs":1,"templates":2,"tags":0,"curLedger":1700000000000,"currencies":1700000000000}|{"settings":100,"accounts":100,"loans":2,"templates":100,"tags":1,"curLedger":1}|{"customCats":null,"accounts":false,"assets":false,"loans":{"a":1},"subs":{"a":1},"templates":false,"tags":"","curLedger":false,"currencies":null,"subcats":{},"curAccount":{"a":1}}
newer	{"customCats":100,"accounts":1700000000000,"assets":0,"subs":1,"templates":2,"tags":0,"curLedger":1700000000000,"currencies":1700000000000}|{"settings":100,"accounts":100,"loans":2,"templates":100,"tags":1,"curLedger":1}
adopt	{"lang":100,"accounts":100,"assets":5,"tags":100,"currencies":5,"subcats":5,"curAccount":5}|{"lang":100,"assets":2,"subs":1700000000000,"curLedger":0,"curAccount":5}|{"settings":false,"accounts":null,"loans":[],"subs":0,"templates":false,"tags":"","curLedger":0,"currencies":null,"subcats":{"a":1},"curAccount":false}
newer	{"lang":100,"accounts":100,"assets":5,"tags":100,"currencies":5,"subcats":5,"curAccount":5}|{"lang":100,"assets":2,"subs":1700000000000,"curLedger":0,"curAccount":5}
adopt	{"settings":2,"accounts":1,"templates":0,"curLedger":1,"curAccount":1700000000000}|{"lang":1700000000000,"settings":2,"customCats":100,"subs":0,"curLedger":2}|{"lang":[],"settings":0,"customCats":0,"accounts":[],"loans":{},"curLedger":null,"subcats":{"a":1}}
newer	{"settings":2,"accounts":1,"templates":0,"curLedger":1,"curAccount":1700000000000}|{"lang":1700000000000,"settings":2,"customCats":100,"subs":0,"curLedger":2}
adopt	{"lang":1,"settings":1700000000000,"tags":0,"curLedger":5,"currencies":5}|{"customCats":5,"accounts":100,"assets":5,"curLedger":100,"currencies":1,"subcats":5,"curAccount":1}|{"lang":"","settings":[],"customCats":{"a":1},"assets":["a"],"loans":{},"subs":false,"curLedger":false,"subcats":"x"}
newer	{"lang":1,"settings":1700000000000,"tags":0,"curLedger":5,"currencies":5}|{"customCats":5,"accounts":100,"assets":5,"curLedger":100,"currencies":1,"subcats":5,"curAccount":1}
adopt	{"lang":100,"customCats":1,"accounts":0,"loans":1700000000000,"templates":1700000000000,"tags":5,"currencies":100,"subcats":1700000000000,"curAccount":1}|{"customCats":1,"accounts":0,"assets":5,"loans":1,"subs":1,"templates":100,"subcats":0}|{"settings":null,"customCats":"","accounts":null,"assets":false,"loans":null,"templates":"","tags":"x","curLedger":0,"currencies":{},"curAccount":false}
newer	{"lang":100,"customCats":1,"accounts":0,"loans":1700000000000,"templates":1700000000000,"tags":5,"currencies":100,"subcats":1700000000000,"curAccount":1}|{"customCats":1,"accounts":0,"assets":5,"loans":1,"subs":1,"templates":100,"subcats":0}
adopt	{"lang":1700000000000,"settings":1,"customCats":1,"assets":0,"loans":0,"subs":5,"templates":1,"currencies":1700000000000,"subcats":100,"curAccount":2}|{"customCats":0,"assets":2,"subs":1700000000000,"currencies":1}|{"customCats":"","accounts":null,"assets":0,"loans":[],"templates":["a"],"curLedger":["a"],"currencies":"x","subcats":["a"],"curAccount":"x"}
newer	{"lang":1700000000000,"settings":1,"customCats":1,"assets":0,"loans":0,"subs":5,"templates":1,"currencies":1700000000000,"subcats":100,"curAccount":2}|{"customCats":0,"assets":2,"subs":1700000000000,"currencies":1}
adopt	{"lang":2,"settings":1,"accounts":0,"assets":2,"loans":1700000000000}|{"settings":0,"curLedger":100,"currencies":100,"subcats":1}|{"settings":["a"],"accounts":{"a":1},"loans":["a"],"templates":false,"tags":"x","curLedger":0,"subcats":{"a":1},"curAccount":0}
newer	{"lang":2,"settings":1,"accounts":0,"assets":2,"loans":1700000000000}|{"settings":0,"curLedger":100,"currencies":100,"subcats":1}
adopt	{"lang":2,"settings":0,"customCats":5,"accounts":100,"subs":0,"curAccount":0}|{"accounts":100,"subs":1,"tags":1,"curLedger":5,"currencies":2,"curAccount":100}|{"settings":["a"],"accounts":false,"assets":"x","loans":"x","tags":"x","curLedger":"x","subcats":"x","curAccount":{"a":1}}
newer	{"lang":2,"settings":0,"customCats":5,"accounts":100,"subs":0,"curAccount":0}|{"accounts":100,"subs":1,"tags":1,"curLedger":5,"currencies":2,"curAccount":100}
adopt	{"accounts":1,"assets":1700000000000,"loans":5,"templates":5,"tags":100,"currencies":1700000000000}|{"lang":2,"settings":2,"assets":100,"subs":1,"templates":0,"curLedger":1,"subcats":1,"curAccount":1}|{"lang":"x","settings":[],"customCats":null,"assets":false,"loans":{"a":1},"subs":{"a":1},"tags":0,"curLedger":"x"}
newer	{"accounts":1,"assets":1700000000000,"loans":5,"templates":5,"tags":100,"currencies":1700000000000}|{"lang":2,"settings":2,"assets":100,"subs":1,"templates":0,"curLedger":1,"subcats":1,"curAccount":1}
adopt	{"settings":1700000000000,"customCats":5,"accounts":100,"assets":1700000000000,"templates":2,"curLedger":1,"subcats":100,"curAccount":1700000000000}|{"assets":1700000000000,"loans":100,"subs":1,"tags":1,"curLedger":1}|{"lang":"","customCats":["a"],"accounts":["a"],"assets":"x","loans":null,"subs":"x","templates":[],"tags":{"a":1},"subcats":0,"curAccount":null}
newer	{"settings":1700000000000,"customCats":5,"accounts":100,"assets":1700000000000,"templates":2,"curLedger":1,"subcats":100,"curAccount":1700000000000}|{"assets":1700000000000,"loans":100,"subs":1,"tags":1,"curLedger":1}
adopt	{"lang":0,"tags":100,"curAccount":1700000000000}|{"loans":2,"subs":1,"templates":100,"subcats":0,"curAccount":1}|{"lang":["a"],"customCats":[],"accounts":["a"],"loans":false,"subs":{},"templates":[],"tags":{"a":1},"curLedger":[],"currencies":["a"]}
newer	{"lang":0,"tags":100,"curAccount":1700000000000}|{"loans":2,"subs":1,"templates":100,"subcats":0,"curAccount":1}
adopt	{"assets":2,"loans":2,"subs":1,"templates":1,"tags":2,"curLedger":1700000000000,"curAccount":0}|{"lang":5,"settings":1,"customCats":0,"accounts":1700000000000,"subs":100,"curAccount":100}|{"lang":null,"settings":"x","customCats":0,"accounts":null,"assets":false,"loans":false,"subs":[],"subcats":0,"curAccount":false}
newer	{"assets":2,"loans":2,"subs":1,"templates":1,"tags":2,"curLedger":1700000000000,"curAccount":0}|{"lang":5,"settings":1,"customCats":0,"accounts":1700000000000,"subs":100,"curAccount":100}
adopt	{"lang":5,"settings":5,"loans":1700000000000,"subs":1700000000000,"tags":2,"curLedger":0,"curAccount":100}|{"lang":5,"customCats":1,"assets":0,"loans":5,"templates":2,"tags":2,"curLedger":2,"currencies":5,"subcats":1}|{"lang":null,"settings":false,"assets":false,"loans":false,"templates":"","curLedger":false,"currencies":{"a":1},"subcats":"","curAccount":false}
newer	{"lang":5,"settings":5,"loans":1700000000000,"subs":1700000000000,"tags":2,"curLedger":0,"curAccount":100}|{"lang":5,"customCats":1,"assets":0,"loans":5,"templates":2,"tags":2,"curLedger":2,"currencies":5,"subcats":1}
adopt	{"lang":2,"accounts":1,"subs":2,"templates":1,"curLedger":100,"currencies":5,"subcats":5}|{"lang":5,"customCats":1,"accounts":2,"subs":0,"curLedger":2,"subcats":100}|{"settings":0,"customCats":0,"accounts":"x","assets":{"a":1},"loans":{"a":1},"tags":false,"curLedger":{"a":1},"currencies":[],"subcats":"x","curAccount":false}
newer	{"lang":2,"accounts":1,"subs":2,"templates":1,"curLedger":100,"currencies":5,"subcats":5}|{"lang":5,"customCats":1,"accounts":2,"subs":0,"curLedger":2,"subcats":100}
adopt	{"lang":5,"settings":1,"customCats":1700000000000,"accounts":1700000000000,"loans":100,"subs":2,"templates":2,"tags":1,"subcats":5,"curAccount":1700000000000}|{"customCats":1700000000000,"loans":5,"curLedger":2,"subcats":100}|{"settings":{},"accounts":{},"assets":["a"],"loans":[],"subs":["a"],"templates":0,"tags":{},"curLedger":false,"currencies":0,"subcats":null,"curAccount":false}
newer	{"lang":5,"settings":1,"customCats":1700000000000,"accounts":1700000000000,"loans":100,"subs":2,"templates":2,"tags":1,"subcats":5,"curAccount":1700000000000}|{"customCats":1700000000000,"loans":5,"curLedger":2,"subcats":100}
adopt	{"customCats":0,"accounts":1,"assets":1700000000000,"loans":1700000000000,"subs":100,"tags":100,"curLedger":5,"currencies":100,"subcats":100,"curAccount":5}|{"settings":100,"customCats":1,"accounts":2,"assets":2,"templates":100,"curLedger":1700000000000,"curAccount":0}|{"lang":null,"settings":["a"],"customCats":"","accounts":0,"assets":"","loans":null,"subs":"","templates":[],"curLedger":"x","currencies":{},"subcats":{"a":1},"curAccount":""}
newer	{"customCats":0,"accounts":1,"assets":1700000000000,"loans":1700000000000,"subs":100,"tags":100,"curLedger":5,"currencies":100,"subcats":100,"curAccount":5}|{"settings":100,"customCats":1,"accounts":2,"assets":2,"templates":100,"curLedger":1700000000000,"curAccount":0}
adopt	{"settings":1700000000000,"customCats":2,"accounts":1,"assets":1700000000000,"loans":100,"subs":2,"templates":1700000000000,"curLedger":1,"curAccount":1}|{"lang":100,"settings":5,"customCats":2,"subcats":100,"curAccount":0}|{"lang":null,"settings":"","customCats":"","accounts":0,"loans":"x","subs":{"a":1},"templates":["a"],"curLedger":"","currencies":null}
newer	{"settings":1700000000000,"customCats":2,"accounts":1,"assets":1700000000000,"loans":100,"subs":2,"templates":1700000000000,"curLedger":1,"curAccount":1}|{"lang":100,"settings":5,"customCats":2,"subcats":100,"curAccount":0}
adopt	{"lang":1700000000000,"settings":100,"accounts":1700000000000,"assets":5,"loans":5,"subs":100,"tags":100,"curLedger":1,"currencies":1700000000000,"subcats":5,"curAccount":100}|{"settings":1,"accounts":5,"assets":1,"loans":1,"subs":5,"curLedger":1,"subcats":2,"curAccount":100}|{"settings":null,"customCats":false,"assets":["a"],"loans":{"a":1},"subs":null,"curLedger":"","curAccount":0}
newer	{"lang":1700000000000,"settings":100,"accounts":1700000000000,"assets":5,"loans":5,"subs":100,"tags":100,"curLedger":1,"currencies":1700000000000,"subcats":5,"curAccount":100}|{"settings":1,"accounts":5,"assets":1,"loans":1,"subs":5,"curLedger":1,"subcats":2,"curAccount":100}
adopt	{"customCats":1700000000000,"accounts":100,"assets":2,"loans":100,"subs":1700000000000,"tags":100,"subcats":5,"curAccount":5}|{"lang":5,"customCats":1700000000000,"accounts":1700000000000,"subs":1}|{"lang":null,"settings":"","customCats":"","accounts":["a"],"assets":[],"loans":{},"subs":[],"templates":[],"tags":"","subcats":[]}
newer	{"customCats":1700000000000,"accounts":100,"assets":2,"loans":100,"subs":1700000000000,"tags":100,"subcats":5,"curAccount":5}|{"lang":5,"customCats":1700000000000,"accounts":1700000000000,"subs":1}
adopt	{"lang":5,"settings":5,"customCats":1,"assets":5,"loans":100,"templates":5,"tags":0,"curAccount":5}|{"customCats":5,"accounts":2,"assets":5,"subs":5,"currencies":100,"subcats":100}|{"lang":null,"settings":[],"customCats":null,"accounts":"","loans":"","curLedger":{"a":1},"currencies":null,"curAccount":[]}
newer	{"lang":5,"settings":5,"customCats":1,"assets":5,"loans":100,"templates":5,"tags":0,"curAccount":5}|{"customCats":5,"accounts":2,"assets":5,"subs":5,"currencies":100,"subcats":100}
adopt	{"lang":1700000000000,"settings":2,"customCats":1700000000000,"accounts":2,"assets":1700000000000,"loans":1,"subs":0,"tags":1,"currencies":5,"subcats":0,"curAccount":1}|{"settings":0,"accounts":5,"loans":1700000000000,"subs":5,"tags":100,"curLedger":1,"currencies":2,"curAccount":100}|{"lang":0,"settings":{"a":1},"customCats":0,"loans":false,"subs":["a"],"tags":[],"curLedger":[],"currencies":"x","curAccount":"x"}
newer	{"lang":1700000000000,"settings":2,"customCats":1700000000000,"accounts":2,"assets":1700000000000,"loans":1,"subs":0,"tags":1,"currencies":5,"subcats":0,"curAccount":1}|{"settings":0,"accounts":5,"loans":1700000000000,"subs":5,"tags":100,"curLedger":1,"currencies":2,"curAccount":100}
adopt	{"lang":100,"customCats":1,"assets":1700000000000,"loans":1700000000000,"subs":100,"templates":5,"currencies":2}|{"lang":2,"settings":5,"customCats":0,"accounts":0,"loans":0,"curLedger":1,"curAccount":1700000000000}|{"lang":{"a":1},"settings":[],"customCats":{},"accounts":[],"assets":false,"subs":0,"tags":"x","currencies":"","subcats":{}}
newer	{"lang":100,"customCats":1,"assets":1700000000000,"loans":1700000000000,"subs":100,"templates":5,"currencies":2}|{"lang":2,"settings":5,"customCats":0,"accounts":0,"loans":0,"curLedger":1,"curAccount":1700000000000}
adopt	{"loans":0,"templates":2,"tags":0,"currencies":100}|{"assets":1,"loans":1700000000000,"templates":100,"tags":5,"subcats":1700000000000}|{"lang":{},"settings":[],"customCats":[],"accounts":null,"assets":[],"curLedger":{},"subcats":0}
newer	{"loans":0,"templates":2,"tags":0,"currencies":100}|{"assets":1,"loans":1700000000000,"templates":100,"tags":5,"subcats":1700000000000}
adopt	{"lang":100,"settings":100,"accounts":100,"loans":1,"tags":5,"curLedger":5,"currencies":0,"subcats":2}|{"settings":1700000000000,"accounts":1700000000000,"assets":5,"loans":1700000000000,"tags":1700000000000,"curLedger":5,"currencies":100}|{"lang":{"a":1},"assets":{"a":1},"templates":"x","curLedger":null,"subcats":false}
newer	{"lang":100,"settings":100,"accounts":100,"loans":1,"tags":5,"curLedger":5,"currencies":0,"subcats":2}|{"settings":1700000000000,"accounts":1700000000000,"assets":5,"loans":1700000000000,"tags":1700000000000,"curLedger":5,"currencies":100}
adopt	{"lang":2,"settings":5,"tags":2,"curLedger":5,"currencies":0,"curAccount":1700000000000}|{"lang":5,"settings":1,"accounts":0,"templates":0,"curLedger":100,"currencies":2,"subcats":1700000000000}|{"lang":false,"settings":null,"accounts":false,"assets":0,"subs":{"a":1},"templates":["a"],"tags":false,"curLedger":null,"curAccount":{"a":1}}
newer	{"lang":2,"settings":5,"tags":2,"curLedger":5,"currencies":0,"curAccount":1700000000000}|{"lang":5,"settings":1,"accounts":0,"templates":0,"curLedger":100,"currencies":2,"subcats":1700000000000}
adopt	{"lang":2,"assets":100,"subs":1,"tags":2,"curLedger":1700000000000,"currencies":1700000000000}|none|{"settings":[],"customCats":{"a":1},"assets":null,"subs":"","templates":false,"tags":0,"curLedger":"","currencies":"","subcats":""}
newer	{"lang":2,"assets":100,"subs":1,"tags":2,"curLedger":1700000000000,"currencies":1700000000000}|none
adopt	{"lang":1,"customCats":2,"templates":5,"tags":1,"currencies":0,"curAccount":0}|{"customCats":2,"accounts":100,"assets":0,"loans":1,"templates":1700000000000,"curLedger":0,"subcats":1}|{"customCats":{"a":1},"accounts":["a"],"assets":["a"],"loans":false,"tags":{},"curLedger":{"a":1},"currencies":{},"subcats":[],"curAccount":["a"]}
newer	{"lang":1,"customCats":2,"templates":5,"tags":1,"currencies":0,"curAccount":0}|{"customCats":2,"accounts":100,"assets":0,"loans":1,"templates":1700000000000,"curLedger":0,"subcats":1}
adopt	{"customCats":1700000000000,"assets":1700000000000,"subs":1,"templates":1,"curLedger":2,"currencies":1700000000000}|{"lang":100,"accounts":5,"subs":100,"tags":0,"subcats":5}|{"lang":"","accounts":["a"],"assets":null,"loans":null,"subs":["a"],"tags":{"a":1},"curLedger":null,"currencies":{"a":1},"subcats":{"a":1},"curAccount":["a"]}
newer	{"customCats":1700000000000,"assets":1700000000000,"subs":1,"templates":1,"curLedger":2,"currencies":1700000000000}|{"lang":100,"accounts":5,"subs":100,"tags":0,"subcats":5}
adopt	{"lang":0,"accounts":100,"loans":1,"subs":1,"templates":2,"curLedger":0,"currencies":100}|none|{"lang":"","customCats":{},"accounts":0,"subs":null,"templates":0,"curLedger":"x","subcats":0,"curAccount":0}
newer	{"lang":0,"accounts":100,"loans":1,"subs":1,"templates":2,"curLedger":0,"currencies":100}|none
adopt	{"settings":1700000000000,"accounts":1,"loans":5,"subs":1,"curLedger":100,"subcats":2}|{"settings":1,"customCats":1700000000000,"assets":0,"templates":0,"tags":100,"curLedger":5,"currencies":1700000000000}|{"lang":"x","settings":false,"customCats":["a"],"accounts":[],"loans":0,"subs":{"a":1},"curLedger":{},"currencies":"x","subcats":{},"curAccount":[]}
newer	{"settings":1700000000000,"accounts":1,"loans":5,"subs":1,"curLedger":100,"subcats":2}|{"settings":1,"customCats":1700000000000,"assets":0,"templates":0,"tags":100,"curLedger":5,"currencies":1700000000000}
adopt	{"settings":5,"customCats":2,"assets":0,"loans":1700000000000,"subs":1,"templates":1,"tags":2,"curLedger":0,"currencies":0,"curAccount":5}|{"settings":2,"accounts":1,"assets":1,"loans":1,"subs":100,"curLedger":0,"subcats":0,"curAccount":5}|{"lang":0,"customCats":"x","accounts":null,"assets":[],"loans":null,"subs":0,"tags":["a"],"subcats":null,"curAccount":false}
newer	{"settings":5,"customCats":2,"assets":0,"loans":1700000000000,"subs":1,"templates":1,"tags":2,"curLedger":0,"currencies":0,"curAccount":5}|{"settings":2,"accounts":1,"assets":1,"loans":1,"subs":100,"curLedger":0,"subcats":0,"curAccount":5}
adopt	{"lang":0,"settings":100,"customCats":1700000000000,"assets":2,"curLedger":0,"subcats":5,"curAccount":100}|{"customCats":0,"tags":2,"currencies":5,"subcats":1700000000000}|{"lang":0,"settings":{"a":1},"customCats":0,"assets":0,"loans":{"a":1},"subs":"","templates":"x","tags":[],"curLedger":{"a":1},"currencies":null,"subcats":""}
newer	{"lang":0,"settings":100,"customCats":1700000000000,"assets":2,"curLedger":0,"subcats":5,"curAccount":100}|{"customCats":0,"tags":2,"currencies":5,"subcats":1700000000000}
adopt	{"lang":100,"settings":2,"accounts":100,"assets":1,"loans":1,"templates":2,"currencies":100}|{"lang":5,"accounts":1,"curLedger":1700000000000,"currencies":1700000000000,"subcats":2,"curAccount":5}|{"lang":{},"settings":{"a":1},"accounts":[],"assets":null,"subs":{"a":1},"templates":[],"tags":["a"],"curLedger":0,"currencies":{},"subcats":"x","curAccount":{}}
newer	{"lang":100,"settings":2,"accounts":100,"assets":1,"loans":1,"templates":2,"currencies":100}|{"lang":5,"accounts":1,"curLedger":1700000000000,"currencies":1700000000000,"subcats":2,"curAccount":5}
adopt	{"settings":5,"customCats":1,"accounts":100,"loans":0,"tags":5,"currencies":1,"curAccount":5}|{"lang":100,"settings":1700000000000,"subs":1,"tags":1700000000000,"curAccount":100}|{"lang":null,"settings":null,"accounts":{},"assets":false,"loans":["a"],"subs":"","templates":false,"tags":{"a":1},"currencies":["a"]}
newer	{"settings":5,"customCats":1,"accounts":100,"loans":0,"tags":5,"currencies":1,"curAccount":5}|{"lang":100,"settings":1700000000000,"subs":1,"tags":1700000000000,"curAccount":100}
adopt	{"customCats":1700000000000,"assets":1,"loans":5,"subs":100,"tags":2}|none|{"loans":[],"subs":false,"templates":false,"tags":"","curLedger":null,"currencies":[],"subcats":["a"],"curAccount":null}
newer	{"customCats":1700000000000,"assets":1,"loans":5,"subs":100,"tags":2}|none
adopt	{"lang":5,"settings":2,"accounts":100,"templates":0,"tags":1700000000000,"curLedger":1700000000000,"currencies":5,"subcats":1,"curAccount":100}|none|{"lang":{"a":1},"customCats":false,"loans":false,"templates":"","tags":null,"curLedger":["a"],"currencies":0,"subcats":{}}
newer	{"lang":5,"settings":2,"accounts":100,"templates":0,"tags":1700000000000,"curLedger":1700000000000,"currencies":5,"subcats":1,"curAccount":100}|none
adopt	{"customCats":0,"assets":1700000000000,"subs":1700000000000,"templates":100,"subcats":2}|none|{"lang":[],"customCats":[],"accounts":{},"assets":0,"loans":{"a":1},"templates":false,"tags":[],"curLedger":"","currencies":0,"subcats":["a"],"curAccount":{}}
newer	{"customCats":0,"assets":1700000000000,"subs":1700000000000,"templates":100,"subcats":2}|none
adopt	{"lang":1700000000000,"settings":1,"customCats":1,"tags":2,"curLedger":1,"subcats":0}|{"settings":5,"accounts":100,"assets":1700000000000,"subs":0}|{"customCats":{"a":1},"accounts":["a"],"assets":0,"loans":["a"],"subs":{"a":1},"templates":null,"tags":null,"curLedger":{},"currencies":"x","subcats":{},"curAccount":{}}
newer	{"lang":1700000000000,"settings":1,"customCats":1,"tags":2,"curLedger":1,"subcats":0}|{"settings":5,"accounts":100,"assets":1700000000000,"subs":0}
adopt	{"lang":1,"customCats":0,"assets":5,"loans":1,"templates":5,"tags":1700000000000,"currencies":1}|{"lang":1700000000000,"loans":1700000000000,"templates":1,"tags":0,"curLedger":1700000000000,"subcats":5}|{"lang":null,"customCats":null,"accounts":{},"assets":{"a":1},"loans":null,"templates":{"a":1},"curLedger":false,"curAccount":null}
newer	{"lang":1,"customCats":0,"assets":5,"loans":1,"templates":5,"tags":1700000000000,"currencies":1}|{"lang":1700000000000,"loans":1700000000000,"templates":1,"tags":0,"curLedger":1700000000000,"subcats":5}
adopt	{"lang":5,"customCats":5,"assets":2,"subs":100,"templates":1,"currencies":2,"subcats":1700000000000}|{"lang":5,"customCats":5,"accounts":0,"assets":5,"loans":100,"subs":1700000000000,"templates":5,"curLedger":1700000000000}|{"customCats":false,"accounts":0,"assets":["a"],"subs":"x","templates":[],"tags":{},"currencies":0,"subcats":null,"curAccount":null}
newer	{"lang":5,"customCats":5,"assets":2,"subs":100,"templates":1,"currencies":2,"subcats":1700000000000}|{"lang":5,"customCats":5,"accounts":0,"assets":5,"loans":100,"subs":1700000000000,"templates":5,"curLedger":1700000000000}
adopt	{"lang":1700000000000,"customCats":1700000000000,"assets":0,"subs":2,"templates":0,"tags":0,"curLedger":100,"subcats":1,"curAccount":2}|{"lang":100,"settings":2,"customCats":1,"accounts":0,"assets":2,"templates":2,"curLedger":1,"currencies":2,"curAccount":2}|{"lang":false,"settings":"","customCats":null,"accounts":false,"assets":{"a":1},"subs":false,"tags":null,"curLedger":{},"currencies":"x","subcats":false,"curAccount":["a"]}
newer	{"lang":1700000000000,"customCats":1700000000000,"assets":0,"subs":2,"templates":0,"tags":0,"curLedger":100,"subcats":1,"curAccount":2}|{"lang":100,"settings":2,"customCats":1,"accounts":0,"assets":2,"templates":2,"curLedger":1,"currencies":2,"curAccount":2}
adopt	{"assets":1,"loans":100,"subs":0,"tags":5,"curLedger":1700000000000}|{"settings":0,"accounts":1,"assets":100,"loans":0,"curLedger":2,"currencies":1}|{"lang":"","settings":"x","customCats":{"a":1},"loans":{"a":1},"subs":["a"],"tags":"x","curLedger":null,"currencies":[],"subcats":0,"curAccount":null}
newer	{"assets":1,"loans":100,"subs":0,"tags":5,"curLedger":1700000000000}|{"settings":0,"accounts":1,"assets":100,"loans":0,"curLedger":2,"currencies":1}
adopt	{"lang":5,"settings":5,"assets":2,"loans":100,"subs":0,"templates":0,"tags":1700000000000,"curLedger":1700000000000,"currencies":2,"subcats":1,"curAccount":100}|{"lang":5,"settings":0,"customCats":100,"accounts":0,"assets":100,"loans":0,"currencies":1,"subcats":100}|{"lang":[],"settings":"x","loans":{},"subs":["a"],"templates":"x","tags":"","curLedger":null,"subcats":[],"curAccount":{"a":1}}
newer	{"lang":5,"settings":5,"assets":2,"loans":100,"subs":0,"templates":0,"tags":1700000000000,"curLedger":1700000000000,"currencies":2,"subcats":1,"curAccount":100}|{"lang":5,"settings":0,"customCats":100,"accounts":0,"assets":100,"loans":0,"currencies":1,"subcats":100}
adopt	{"lang":5,"accounts":0,"subs":0,"templates":100,"curLedger":2}|{"accounts":0,"loans":5,"subs":1,"templates":1700000000000,"tags":5,"currencies":100,"subcats":0}|{"lang":null,"settings":["a"],"customCats":0,"accounts":null,"assets":{},"templates":"","curLedger":[],"currencies":[],"subcats":[],"curAccount":[]}
newer	{"lang":5,"accounts":0,"subs":0,"templates":100,"curLedger":2}|{"accounts":0,"loans":5,"subs":1,"templates":1700000000000,"tags":5,"currencies":100,"subcats":0}
adopt	{"lang":100,"accounts":0,"subs":5,"tags":2,"curLedger":1700000000000,"currencies":100}|none|{"lang":["a"],"settings":0,"customCats":{},"accounts":"x","loans":null,"templates":[],"tags":{},"curLedger":{},"curAccount":null}
newer	{"lang":100,"accounts":0,"subs":5,"tags":2,"curLedger":1700000000000,"currencies":100}|none
adopt	{"accounts":1,"assets":2,"loans":1700000000000,"subs":5,"templates":1,"currencies":1700000000000,"curAccount":1}|none|{"lang":"x","accounts":0,"assets":"","loans":0,"curLedger":false,"subcats":{},"curAccount":false}
newer	{"accounts":1,"assets":2,"loans":1700000000000,"subs":5,"templates":1,"currencies":1700000000000,"curAccount":1}|none
adopt	{"lang":2,"settings":1700000000000,"accounts":5,"curLedger":5,"currencies":1,"curAccount":100}|{"lang":1,"settings":0,"customCats":5,"curLedger":1,"currencies":100,"curAccount":5}|{"lang":0,"settings":false,"customCats":["a"],"assets":[],"loans":{"a":1},"subs":"","templates":null,"curLedger":[],"currencies":{},"subcats":{"a":1},"curAccount":null}
newer	{"lang":2,"settings":1700000000000,"accounts":5,"curLedger":5,"currencies":1,"curAccount":100}|{"lang":1,"settings":0,"customCats":5,"curLedger":1,"currencies":100,"curAccount":5}
adopt	{"settings":100,"customCats":1700000000000,"accounts":0,"subs":2,"templates":0,"tags":5,"curLedger":5,"curAccount":2}|{"assets":1700000000000,"loans":1700000000000,"tags":100,"curLedger":100,"currencies":2,"subcats":1,"curAccount":1}|{"customCats":"x","accounts":false,"assets":"","loans":null,"subs":"x","templates":false,"tags":{"a":1},"curAccount":{}}
newer	{"settings":100,"customCats":1700000000000,"accounts":0,"subs":2,"templates":0,"tags":5,"curLedger":5,"curAccount":2}|{"assets":1700000000000,"loans":1700000000000,"tags":100,"curLedger":100,"currencies":2,"subcats":1,"curAccount":1}
adopt	{"customCats":0,"assets":1700000000000,"loans":1,"subs":5,"templates":1700000000000,"tags":0,"currencies":5,"subcats":0,"curAccount":1700000000000}|{"settings":100,"customCats":100,"assets":2,"loans":1700000000000,"templates":1700000000000,"currencies":1700000000000,"subcats":2}|{"customCats":{"a":1},"accounts":{"a":1},"assets":false,"loans":[],"subs":"","tags":false,"curAccount":false}
newer	{"customCats":0,"assets":1700000000000,"loans":1,"subs":5,"templates":1700000000000,"tags":0,"currencies":5,"subcats":0,"curAccount":1700000000000}|{"settings":100,"customCats":100,"assets":2,"loans":1700000000000,"templates":1700000000000,"currencies":1700000000000,"subcats":2}
adopt	{"lang":100,"settings":1,"accounts":1,"subs":1,"curLedger":5,"subcats":0,"curAccount":100}|{"customCats":100,"accounts":0,"assets":2,"curLedger":1,"currencies":2,"subcats":0,"curAccount":1}|{"lang":"","settings":{},"customCats":0,"accounts":null,"assets":null,"loans":false,"subs":{},"templates":null,"tags":{},"curLedger":[],"currencies":null}
newer	{"lang":100,"settings":1,"accounts":1,"subs":1,"curLedger":5,"subcats":0,"curAccount":100}|{"customCats":100,"accounts":0,"assets":2,"curLedger":1,"currencies":2,"subcats":0,"curAccount":1}
adopt	{"lang":2,"settings":5,"loans":2,"subs":5,"tags":5,"curLedger":1,"currencies":1,"subcats":5}|{"customCats":100,"accounts":100,"subs":0,"templates":0,"currencies":1700000000000,"subcats":1,"curAccount":5}|{"lang":0,"customCats":{"a":1},"accounts":"","assets":false,"templates":null,"tags":["a"],"curLedger":"x","currencies":[],"subcats":[]}
newer	{"lang":2,"settings":5,"loans":2,"subs":5,"tags":5,"curLedger":1,"currencies":1,"subcats":5}|{"customCats":100,"accounts":100,"subs":0,"templates":0,"currencies":1700000000000,"subcats":1,"curAccount":5}
adopt	{"settings":1,"customCats":5,"accounts":1700000000000,"loans":1700000000000,"tags":1700000000000,"subcats":0}|{"lang":100,"settings":0,"assets":2,"subs":0,"templates":0,"tags":5,"curLedger":1700000000000,"curAccount":100}|{"settings":{"a":1},"customCats":false,"accounts":{"a":1},"assets":"x","subs":["a"],"templates":"","tags":"","curLedger":["a"]}
newer	{"settings":1,"customCats":5,"accounts":1700000000000,"loans":1700000000000,"tags":1700000000000,"subcats":0}|{"lang":100,"settings":0,"assets":2,"subs":0,"templates":0,"tags":5,"curLedger":1700000000000,"curAccount":100}
adopt	{"loans":0,"templates":1700000000000,"currencies":5,"subcats":5,"curAccount":5}|{"lang":2,"curLedger":100,"currencies":100,"subcats":100}|{"customCats":[],"assets":{"a":1},"loans":["a"],"subs":"x","templates":{"a":1},"curLedger":false,"subcats":null}
newer	{"loans":0,"templates":1700000000000,"currencies":5,"subcats":5,"curAccount":5}|{"lang":2,"curLedger":100,"currencies":100,"subcats":100}
adopt	{"lang":0,"loans":2,"templates":0,"tags":0,"curLedger":0,"curAccount":1700000000000}|{"lang":0,"customCats":100,"loans":2,"subs":5,"currencies":1700000000000,"subcats":5,"curAccount":1700000000000}|{"lang":"","settings":"","customCats":[],"accounts":0,"assets":null,"loans":"x","subs":null,"templates":"","curLedger":null,"subcats":false}
newer	{"lang":0,"loans":2,"templates":0,"tags":0,"curLedger":0,"curAccount":1700000000000}|{"lang":0,"customCats":100,"loans":2,"subs":5,"currencies":1700000000000,"subcats":5,"curAccount":1700000000000}
adopt	{"lang":2,"settings":1,"loans":2,"templates":0,"tags":5,"curLedger":2,"currencies":1,"curAccount":0}|{"lang":1,"settings":1700000000000,"templates":1,"tags":1700000000000,"curLedger":1,"curAccount":1700000000000}|{"lang":false,"assets":{},"loans":"x","subs":false,"curLedger":[],"subcats":0,"curAccount":{}}
newer	{"lang":2,"settings":1,"loans":2,"templates":0,"tags":5,"curLedger":2,"currencies":1,"curAccount":0}|{"lang":1,"settings":1700000000000,"templates":1,"tags":1700000000000,"curLedger":1,"curAccount":1700000000000}
adopt	{"settings":2,"accounts":2,"subs":2,"tags":1700000000000,"curLedger":1700000000000,"currencies":1,"subcats":2}|{"lang":1,"accounts":1700000000000,"subs":2,"templates":2,"curLedger":5,"currencies":100,"subcats":1700000000000}|{"lang":0,"settings":[],"customCats":[],"templates":false,"curLedger":"x","currencies":{"a":1},"subcats":"x","curAccount":0}
newer	{"settings":2,"accounts":2,"subs":2,"tags":1700000000000,"curLedger":1700000000000,"currencies":1,"subcats":2}|{"lang":1,"accounts":1700000000000,"subs":2,"templates":2,"curLedger":5,"currencies":100,"subcats":1700000000000}
adopt	{"lang":100,"assets":1700000000000,"loans":1700000000000,"currencies":1,"curAccount":5}|{"lang":5,"settings":0,"accounts":1700000000000,"assets":2,"tags":5}|{"lang":"x","settings":"x","customCats":"x","assets":{},"subs":null,"templates":null,"tags":"","curLedger":null,"currencies":false,"subcats":""}
newer	{"lang":100,"assets":1700000000000,"loans":1700000000000,"currencies":1,"curAccount":5}|{"lang":5,"settings":0,"accounts":1700000000000,"assets":2,"tags":5}
adopt	{"lang":1,"accounts":1,"loans":5,"subs":1,"templates":5,"tags":0,"curLedger":5,"currencies":5}|{"accounts":2,"subs":5,"templates":100,"tags":2,"curLedger":5,"currencies":100,"curAccount":1}|{"customCats":"x","accounts":"x","assets":["a"],"loans":"x","subs":0,"templates":{"a":1},"tags":["a"],"curLedger":false,"subcats":[],"curAccount":{"a":1}}
newer	{"lang":1,"accounts":1,"loans":5,"subs":1,"templates":5,"tags":0,"curLedger":5,"currencies":5}|{"accounts":2,"subs":5,"templates":100,"tags":2,"curLedger":5,"currencies":100,"curAccount":1}
adopt	{"lang":100,"assets":1,"loans":100,"templates":0,"tags":100,"curLedger":1700000000000,"currencies":1,"curAccount":0}|{"customCats":1,"accounts":2,"templates":100,"tags":1700000000000,"curAccount":100}|{"lang":["a"],"settings":0,"customCats":{"a":1},"accounts":0,"assets":["a"],"loans":"","subs":[],"templates":["a"],"tags":null,"currencies":false,"subcats":false}
newer	{"lang":100,"assets":1,"loans":100,"templates":0,"tags":100,"curLedger":1700000000000,"currencies":1,"curAccount":0}|{"customCats":1,"accounts":2,"templates":100,"tags":1700000000000,"curAccount":100}
adopt	{"settings":1700000000000,"templates":0,"tags":100}|{"customCats":5,"accounts":1,"loans":5,"templates":2,"tags":5,"subcats":0}|{"lang":null,"customCats":[],"accounts":{},"assets":["a"],"loans":[],"subs":false,"templates":"x","tags":0,"subcats":"","curAccount":[]}
newer	{"settings":1700000000000,"templates":0,"tags":100}|{"customCats":5,"accounts":1,"loans":5,"templates":2,"tags":5,"subcats":0}
adopt	{"settings":1700000000000,"loans":5,"subs":100,"curLedger":100,"currencies":100,"curAccount":1700000000000}|{"lang":100,"settings":2,"subs":2,"subcats":0}|{"settings":["a"],"customCats":0,"accounts":[],"assets":"x","loans":false,"subs":{"a":1},"templates":{"a":1},"tags":["a"],"curLedger":{},"currencies":0,"subcats":[],"curAccount":["a"]}
newer	{"settings":1700000000000,"loans":5,"subs":100,"curLedger":100,"currencies":100,"curAccount":1700000000000}|{"lang":100,"settings":2,"subs":2,"subcats":0}
adopt	{"lang":1700000000000,"accounts":5,"subs":100,"templates":0,"tags":5,"curLedger":100,"subcats":2,"curAccount":2}|{"settings":5,"tags":5,"curLedger":100}|{"loans":null,"subs":{},"templates":[],"tags":false,"currencies":false,"subcats":false,"curAccount":{"a":1}}
newer	{"lang":1700000000000,"accounts":5,"subs":100,"templates":0,"tags":5,"curLedger":100,"subcats":2,"curAccount":2}|{"settings":5,"tags":5,"curLedger":100}
adopt	{"customCats":100,"assets":0,"loans":1,"subs":5,"templates":1700000000000,"curLedger":5}|none|{"lang":"x","settings":"x","customCats":"x","accounts":false,"assets":{"a":1},"loans":[],"templates":"","curLedger":["a"],"curAccount":0}
newer	{"customCats":100,"assets":0,"loans":1,"subs":5,"templates":1700000000000,"curLedger":5}|none
adopt	{"customCats":2,"accounts":1700000000000,"loans":1700000000000,"templates":1,"tags":2,"curLedger":1700000000000,"subcats":0,"curAccount":1700000000000}|{"lang":1700000000000,"settings":5,"assets":100,"loans":5,"subs":5,"currencies":0,"subcats":5,"curAccount":2}|{"settings":false,"customCats":["a"],"assets":["a"],"loans":0,"subs":false,"tags":{},"subcats":{},"curAccount":{"a":1}}
newer	{"customCats":2,"accounts":1700000000000,"loans":1700000000000,"templates":1,"tags":2,"curLedger":1700000000000,"subcats":0,"curAccount":1700000000000}|{"lang":1700000000000,"settings":5,"assets":100,"loans":5,"subs":5,"currencies":0,"subcats":5,"curAccount":2}
adopt	{"customCats":2,"assets":100,"loans":5,"subs":1700000000000,"curAccount":1700000000000}|{"lang":100,"settings":1700000000000,"customCats":1,"accounts":1700000000000,"assets":1,"loans":1,"subs":5,"templates":2,"currencies":1}|{"lang":{},"customCats":["a"],"assets":{"a":1},"templates":"x","tags":false,"curLedger":0,"subcats":{}}
newer	{"customCats":2,"assets":100,"loans":5,"subs":1700000000000,"curAccount":1700000000000}|{"lang":100,"settings":1700000000000,"customCats":1,"accounts":1700000000000,"assets":1,"loans":1,"subs":5,"templates":2,"currencies":1}
adopt	{"lang":0,"customCats":1,"accounts":100,"assets":100,"subs":100,"tags":100,"curLedger":0,"subcats":0}|{"settings":1,"customCats":100,"assets":5,"loans":2,"tags":100,"curLedger":1,"currencies":1700000000000,"subcats":5}|{"settings":"x","customCats":0,"accounts":null,"loans":0,"curLedger":0,"currencies":false}
newer	{"lang":0,"customCats":1,"accounts":100,"assets":100,"subs":100,"tags":100,"curLedger":0,"subcats":0}|{"settings":1,"customCats":100,"assets":5,"loans":2,"tags":100,"curLedger":1,"currencies":1700000000000,"subcats":5}
adopt	{"lang":1700000000000,"settings":2,"customCats":0,"accounts":5,"subs":100,"tags":1700000000000,"curLedger":0,"currencies":5,"subcats":2,"curAccount":1700000000000}|{"lang":0,"loans":0,"currencies":1700000000000,"subcats":1}|{"lang":null,"settings":false,"customCats":"","accounts":false,"assets":["a"],"subs":["a"],"templates":null,"curLedger":["a"]}
newer	{"lang":1700000000000,"settings":2,"customCats":0,"accounts":5,"subs":100,"tags":1700000000000,"curLedger":0,"currencies":5,"subcats":2,"curAccount":1700000000000}|{"lang":0,"loans":0,"currencies":1700000000000,"subcats":1}
adopt	{"accounts":2,"assets":5,"loans":1,"subs":1,"templates":1,"tags":2,"curAccount":1}|{"lang":1,"assets":100,"loans":5,"templates":0,"tags":0,"currencies":100,"curAccount":0}|{"lang":0,"settings":null,"customCats":{"a":1},"accounts":["a"],"assets":false,"loans":null,"templates":0,"tags":[],"curLedger":{},"currencies":null}
newer	{"accounts":2,"assets":5,"loans":1,"subs":1,"templates":1,"tags":2,"curAccount":1}|{"lang":1,"assets":100,"loans":5,"templates":0,"tags":0,"currencies":100,"curAccount":0}
adopt	{"lang":1700000000000,"customCats":0,"accounts":2,"tags":1,"curLedger":5}|none|{"lang":null,"settings":null,"customCats":{},"assets":{},"subs":false,"templates":false,"tags":0,"curLedger":"","currencies":["a"]}
newer	{"lang":1700000000000,"customCats":0,"accounts":2,"tags":1,"curLedger":5}|none
adopt	{"settings":2,"subs":100,"templates":1,"subcats":2,"curAccount":5}|none|{"lang":"","settings":{"a":1},"accounts":0,"assets":"x","loans":null,"templates":null,"tags":[],"curLedger":null,"currencies":0,"subcats":{"a":1},"curAccount":null}
newer	{"settings":2,"subs":100,"templates":1,"subcats":2,"curAccount":5}|none
adopt	{"lang":0,"customCats":100,"accounts":2,"loans":2,"subs":1700000000000,"templates":1700000000000,"tags":2,"curLedger":100}|{"lang":5,"customCats":0,"loans":100,"templates":1700000000000,"tags":2,"curLedger":2,"currencies":100,"subcats":1700000000000}|{"lang":0,"settings":0,"accounts":"x","assets":null,"loans":["a"],"subs":"","tags":"x","curLedger":"","subcats":{}}
newer	{"lang":0,"customCats":100,"accounts":2,"loans":2,"subs":1700000000000,"templates":1700000000000,"tags":2,"curLedger":100}|{"lang":5,"customCats":0,"loans":100,"templates":1700000000000,"tags":2,"curLedger":2,"currencies":100,"subcats":1700000000000}
adopt	{"settings":1,"customCats":100,"loans":2,"templates":1,"tags":100,"curLedger":100,"currencies":1700000000000}|{"settings":0,"customCats":5,"accounts":1700000000000,"assets":2,"loans":100,"subs":5,"templates":0,"subcats":1700000000000}|{"settings":{"a":1},"customCats":"","accounts":false,"assets":"","loans":"","subs":"x","templates":0,"tags":false,"currencies":false,"curAccount":0}
newer	{"settings":1,"customCats":100,"loans":2,"templates":1,"tags":100,"curLedger":100,"currencies":1700000000000}|{"settings":0,"customCats":5,"accounts":1700000000000,"assets":2,"loans":100,"subs":5,"templates":0,"subcats":1700000000000}
adopt	{"settings":1700000000000,"customCats":1700000000000,"assets":100,"tags":100,"curLedger":100,"subcats":2,"curAccount":1700000000000}|{"settings":2,"customCats":1700000000000,"accounts":1700000000000,"assets":100,"loans":2,"subs":1,"tags":1700000000000,"curLedger":100,"currencies":1}|{"settings":{"a":1},"customCats":[],"assets":false,"tags":"x","curLedger":[],"subcats":0}
newer	{"settings":1700000000000,"customCats":1700000000000,"assets":100,"tags":100,"curLedger":100,"subcats":2,"curAccount":1700000000000}|{"settings":2,"customCats":1700000000000,"accounts":1700000000000,"assets":100,"loans":2,"subs":1,"tags":1700000000000,"curLedger":100,"currencies":1}
adopt	{"settings":2,"customCats":0,"accounts":2,"subs":1700000000000,"curAccount":1700000000000}|{"customCats":5,"accounts":2,"loans":1700000000000,"tags":2,"curLedger":1700000000000,"subcats":100,"curAccount":2}|{"lang":"","customCats":null,"loans":false,"subs":[],"templates":false,"tags":{"a":1},"curLedger":"","currencies":["a"]}
newer	{"settings":2,"customCats":0,"accounts":2,"subs":1700000000000,"curAccount":1700000000000}|{"customCats":5,"accounts":2,"loans":1700000000000,"tags":2,"curLedger":1700000000000,"subcats":100,"curAccount":2}
adopt	{"lang":0,"settings":1700000000000,"customCats":2,"accounts":1700000000000,"loans":0,"templates":5,"tags":5,"currencies":0}|{"lang":5,"settings":1700000000000,"customCats":2,"accounts":2,"assets":2,"loans":100,"subs":2,"templates":0,"tags":100,"currencies":2,"subcats":100,"curAccount":100}|{"settings":{},"customCats":0,"assets":[],"subs":0,"templates":0,"tags":[],"subcats":false,"curAccount":{"a":1}}
newer	{"lang":0,"settings":1700000000000,"customCats":2,"accounts":1700000000000,"loans":0,"templates":5,"tags":5,"currencies":0}|{"lang":5,"settings":1700000000000,"customCats":2,"accounts":2,"assets":2,"loans":100,"subs":2,"templates":0,"tags":100,"currencies":2,"subcats":100,"curAccount":100}
adopt	{"lang":1,"customCats":1700000000000,"tags":5,"currencies":2}|{"customCats":100,"accounts":2,"templates":0,"tags":100,"curLedger":2,"subcats":100}|{"lang":"","settings":0,"accounts":"x","loans":{},"subs":["a"],"curLedger":"","currencies":{},"curAccount":{}}
newer	{"lang":1,"customCats":1700000000000,"tags":5,"currencies":2}|{"customCats":100,"accounts":2,"templates":0,"tags":100,"curLedger":2,"subcats":100}
adopt	{"settings":100,"accounts":1700000000000,"templates":2,"tags":1700000000000,"curLedger":1700000000000,"currencies":5,"subcats":5,"curAccount":2}|{"assets":100,"subs":100,"tags":1,"curLedger":1,"currencies":0,"curAccount":1}|{"lang":"","customCats":false,"loans":0,"subs":{},"templates":{"a":1},"tags":{},"curLedger":{}}
newer	{"settings":100,"accounts":1700000000000,"templates":2,"tags":1700000000000,"curLedger":1700000000000,"currencies":5,"subcats":5,"curAccount":2}|{"assets":100,"subs":100,"tags":1,"curLedger":1,"currencies":0,"curAccount":1}
adopt	{"lang":100,"settings":100,"customCats":2,"accounts":5,"loans":0,"curLedger":5,"currencies":1700000000000}|{"lang":2,"customCats":100,"subs":1,"tags":5,"curLedger":0,"currencies":0,"subcats":1700000000000,"curAccount":1}|{"lang":null,"settings":"","customCats":false,"accounts":"","assets":["a"],"loans":"x","subs":"x","templates":null,"curLedger":{"a":1},"currencies":{},"subcats":{},"curAccount":""}
newer	{"lang":100,"settings":100,"customCats":2,"accounts":5,"loans":0,"curLedger":5,"currencies":1700000000000}|{"lang":2,"customCats":100,"subs":1,"tags":5,"curLedger":0,"currencies":0,"subcats":1700000000000,"curAccount":1}
adopt	{"settings":5,"accounts":5,"loans":0,"subs":5,"templates":1,"currencies":2,"curAccount":1700000000000}|none|{"settings":false,"customCats":{},"accounts":"x","subs":[],"templates":null,"tags":"","curLedger":null,"currencies":[],"subcats":false}
newer	{"settings":5,"accounts":5,"loans":0,"subs":5,"templates":1,"currencies":2,"curAccount":1700000000000}|none
adopt	{"lang":0,"settings":1,"accounts":1700000000000,"assets":100}|none|{"lang":false,"customCats":"","accounts":{"a":1},"assets":{"a":1},"loans":false,"templates":{},"curLedger":["a"],"currencies":{},"subcats":"","curAccount":""}
newer	{"lang":0,"settings":1,"accounts":1700000000000,"assets":100}|none
adopt	{"customCats":100,"assets":1,"subs":1,"tags":5,"currencies":100,"curAccount":0}|{"lang":1,"accounts":100,"assets":1,"currencies":100,"subcats":1700000000000,"curAccount":1}|{"lang":{"a":1},"customCats":0,"accounts":"x","assets":"","loans":[],"subs":null,"templates":"x","curLedger":["a"],"currencies":"","subcats":"","curAccount":{}}
newer	{"customCats":100,"assets":1,"subs":1,"tags":5,"currencies":100,"curAccount":0}|{"lang":1,"accounts":100,"assets":1,"currencies":100,"subcats":1700000000000,"curAccount":1}
adopt	{"lang":100,"accounts":2,"assets":0,"subs":100,"templates":1700000000000,"subcats":2}|none|{"settings":false,"customCats":false,"accounts":[],"loans":{},"subs":"","templates":[],"tags":[],"curAccount":0}
newer	{"lang":100,"accounts":2,"assets":0,"subs":100,"templates":1700000000000,"subcats":2}|none
adopt	{"customCats":100,"accounts":5,"assets":0,"tags":1700000000000,"currencies":5,"subcats":1}|{"settings":1,"accounts":1700000000000,"assets":2,"subs":0,"templates":1700000000000,"tags":1700000000000,"currencies":2}|{"lang":["a"],"settings":{},"accounts":{},"assets":"","loans":["a"],"subs":"x","templates":{},"tags":{},"curLedger":"","currencies":""}
newer	{"customCats":100,"accounts":5,"assets":0,"tags":1700000000000,"currencies":5,"subcats":1}|{"settings":1,"accounts":1700000000000,"assets":2,"subs":0,"templates":1700000000000,"tags":1700000000000,"currencies":2}
adopt	{"customCats":100,"assets":100,"subs":5,"templates":1,"curAccount":2}|{"settings":1,"customCats":5,"accounts":1700000000000,"curAccount":5}|{"lang":{"a":1},"customCats":{},"accounts":{},"loans":null,"subs":false,"templates":[],"curLedger":"","currencies":{},"subcats":null,"curAccount":{}}
newer	{"customCats":100,"assets":100,"subs":5,"templates":1,"curAccount":2}|{"settings":1,"customCats":5,"accounts":1700000000000,"curAccount":5}
adopt	{"lang":5,"customCats":100,"accounts":100,"assets":2,"subs":1700000000000,"templates":1,"currencies":100,"subcats":1700000000000,"curAccount":1}|{"assets":5,"loans":100,"curAccount":100}|{"lang":"","settings":0,"customCats":0,"accounts":{},"assets":"x","loans":{},"subs":{"a":1},"templates":0,"curLedger":0,"currencies":["a"],"subcats":{"a":1},"curAccount":{"a":1}}
newer	{"lang":5,"customCats":100,"accounts":100,"assets":2,"subs":1700000000000,"templates":1,"currencies":100,"subcats":1700000000000,"curAccount":1}|{"assets":5,"loans":100,"curAccount":100}
adopt	{"customCats":0,"assets":1700000000000,"loans":5,"subs":0,"templates":5,"curLedger":2,"currencies":2,"curAccount":2}|{"lang":1,"settings":5,"customCats":1,"assets":1,"loans":0,"curLedger":1700000000000}|{"lang":0,"settings":false,"accounts":null,"assets":[],"loans":null,"templates":"x","tags":{},"curLedger":["a"],"currencies":[],"subcats":{"a":1},"curAccount":["a"]}
newer	{"customCats":0,"assets":1700000000000,"loans":5,"subs":0,"templates":5,"curLedger":2,"currencies":2,"curAccount":2}|{"lang":1,"settings":5,"customCats":1,"assets":1,"loans":0,"curLedger":1700000000000}
adopt	{"subs":0,"curAccount":1}|{"settings":1,"loans":100,"tags":0,"curLedger":0,"curAccount":2}|{"lang":{},"settings":null,"customCats":{"a":1},"accounts":false,"assets":{"a":1},"loans":null,"subs":0,"templates":"","tags":0,"currencies":["a"],"curAccount":0}
newer	{"subs":0,"curAccount":1}|{"settings":1,"loans":100,"tags":0,"curLedger":0,"curAccount":2}
adopt	{"lang":2,"settings":1,"accounts":0,"assets":2,"templates":0,"tags":2,"currencies":0}|{"lang":0,"settings":0,"assets":1,"subs":2,"tags":5,"curLedger":100,"curAccount":0}|{"lang":["a"],"settings":[],"customCats":"","accounts":"","assets":["a"],"subs":false,"templates":"x","tags":["a"],"curLedger":"x","currencies":["a"],"subcats":["a"],"curAccount":{}}
newer	{"lang":2,"settings":1,"accounts":0,"assets":2,"templates":0,"tags":2,"currencies":0}|{"lang":0,"settings":0,"assets":1,"subs":2,"tags":5,"curLedger":100,"curAccount":0}
adopt	{"customCats":2,"accounts":100,"assets":100,"loans":1700000000000,"subs":100,"templates":2,"curLedger":1,"currencies":1700000000000,"curAccount":2}|{"lang":1,"settings":2,"loans":5,"subs":2,"templates":2,"tags":2,"curLedger":0}|{"lang":{},"customCats":"","assets":[],"loans":"x","subs":"","templates":["a"],"curLedger":"","currencies":null,"subcats":null,"curAccount":0}
newer	{"customCats":2,"accounts":100,"assets":100,"loans":1700000000000,"subs":100,"templates":2,"curLedger":1,"currencies":1700000000000,"curAccount":2}|{"lang":1,"settings":2,"loans":5,"subs":2,"templates":2,"tags":2,"curLedger":0}
adopt	{"settings":2,"subs":1,"templates":0,"tags":5}|{"accounts":0,"assets":100,"templates":1,"tags":1700000000000,"curLedger":0,"currencies":1700000000000,"subcats":1700000000000,"curAccount":1700000000000}|{"lang":["a"],"customCats":"x","assets":{},"subs":{"a":1},"templates":"","tags":{},"curLedger":false,"currencies":{},"subcats":[],"curAccount":false}
newer	{"settings":2,"subs":1,"templates":0,"tags":5}|{"accounts":0,"assets":100,"templates":1,"tags":1700000000000,"curLedger":0,"currencies":1700000000000,"subcats":1700000000000,"curAccount":1700000000000}
adopt	{"settings":2,"customCats":100,"accounts":2,"tags":2}|{"settings":1,"subs":1,"templates":1700000000000}|{"lang":false,"settings":{"a":1},"customCats":[],"accounts":"x","loans":0,"subs":{"a":1},"templates":"","currencies":{"a":1},"subcats":null}
newer	{"settings":2,"customCats":100,"accounts":2,"tags":2}|{"settings":1,"subs":1,"templates":1700000000000}
adopt	{"settings":0,"accounts":0,"loans":5,"subs":1700000000000,"tags":100,"curLedger":5,"currencies":5,"curAccount":0}|{"settings":1,"tags":100,"currencies":1,"subcats":1}|{"lang":0,"settings":{},"assets":[],"loans":["a"],"templates":{},"tags":"x","curLedger":["a"],"currencies":"x","curAccount":["a"]}
newer	{"settings":0,"accounts":0,"loans":5,"subs":1700000000000,"tags":100,"curLedger":5,"currencies":5,"curAccount":0}|{"settings":1,"tags":100,"currencies":1,"subcats":1}
adopt	{"settings":5,"customCats":2,"loans":2,"subs":5,"currencies":2}|none|{"settings":["a"],"customCats":"x","accounts":{},"templates":[],"curLedger":0,"currencies":[],"subcats":"x","curAccount":["a"]}
newer	{"settings":5,"customCats":2,"loans":2,"subs":5,"currencies":2}|none
adopt	{"lang":2,"settings":0,"customCats":5,"subs":100,"curLedger":1700000000000,"curAccount":2}|none|{"lang":"x","customCats":0,"assets":0,"subs":"x","curLedger":{"a":1},"currencies":["a"],"subcats":false,"curAccount":{}}
newer	{"lang":2,"settings":0,"customCats":5,"subs":100,"curLedger":1700000000000,"curAccount":2}|none
adopt	{"settings":1700000000000,"accounts":2,"loans":2,"templates":100,"tags":100,"curLedger":100,"currencies":1}|{"accounts":5,"assets":100,"loans":0,"subs":1700000000000,"templates":2,"tags":1700000000000,"subcats":100,"curAccount":1700000000000}|{"lang":0,"customCats":"","loans":"","curLedger":"","currencies":null,"subcats":"","curAccount":["a"]}
newer	{"settings":1700000000000,"accounts":2,"loans":2,"templates":100,"tags":100,"curLedger":100,"currencies":1}|{"accounts":5,"assets":100,"loans":0,"subs":1700000000000,"templates":2,"tags":1700000000000,"subcats":100,"curAccount":1700000000000}
adopt	{"lang":100,"settings":1,"customCats":1700000000000,"loans":1700000000000,"subcats":100,"curAccount":0}|none|{"lang":{},"settings":["a"],"customCats":null,"assets":{"a":1},"subs":[],"templates":{},"curLedger":false,"currencies":"x","subcats":["a"],"curAccount":{"a":1}}
newer	{"lang":100,"settings":1,"customCats":1700000000000,"loans":1700000000000,"subcats":100,"curAccount":0}|none
adopt	{"lang":2,"settings":5,"customCats":100,"loans":1700000000000,"tags":100,"curLedger":2,"subcats":2}|{"settings":1,"accounts":100,"loans":2,"subs":100,"tags":5,"subcats":100}|{"settings":{},"accounts":["a"],"assets":{"a":1},"subs":"","templates":[],"tags":{},"curLedger":{},"currencies":[],"subcats":0,"curAccount":[]}
newer	{"lang":2,"settings":5,"customCats":100,"loans":1700000000000,"tags":100,"curLedger":2,"subcats":2}|{"settings":1,"accounts":100,"loans":2,"subs":100,"tags":5,"subcats":100}
adopt	{"accounts":2,"assets":2,"loans":1700000000000,"templates":1,"subcats":1,"curAccount":1}|{"lang":1,"assets":0,"loans":1700000000000,"tags":100,"curLedger":5,"currencies":0,"subcats":0,"curAccount":2}|{"lang":{},"customCats":["a"],"accounts":[],"assets":false,"loans":"x","subs":{},"templates":"","tags":0,"curLedger":0,"subcats":0,"curAccount":""}
newer	{"accounts":2,"assets":2,"loans":1700000000000,"templates":1,"subcats":1,"curAccount":1}|{"lang":1,"assets":0,"loans":1700000000000,"tags":100,"curLedger":5,"currencies":0,"subcats":0,"curAccount":2}
adopt	{"lang":1,"assets":2,"subs":100,"curLedger":1}|{"lang":1700000000000,"accounts":1700000000000,"assets":5,"loans":2,"subs":2,"templates":2,"tags":5,"subcats":5,"curAccount":2}|{"lang":"x","accounts":"x","assets":"","loans":{},"subs":"","tags":["a"],"curLedger":"x","currencies":[],"subcats":[],"curAccount":""}
newer	{"lang":1,"assets":2,"subs":100,"curLedger":1}|{"lang":1700000000000,"accounts":1700000000000,"assets":5,"loans":2,"subs":2,"templates":2,"tags":5,"subcats":5,"curAccount":2}
adopt	{"lang":1,"assets":100,"loans":0,"curAccount":5}|{"loans":1,"subs":1700000000000,"templates":1,"tags":2,"subcats":0}|{"settings":{"a":1},"customCats":false,"assets":"x","loans":["a"],"subs":[],"tags":0,"currencies":0,"subcats":null}
newer	{"lang":1,"assets":100,"loans":0,"curAccount":5}|{"loans":1,"subs":1700000000000,"templates":1,"tags":2,"subcats":0}
adopt	{"lang":1700000000000,"settings":0,"assets":100,"loans":1,"subs":100,"curLedger":1,"curAccount":100}|{"lang":2,"customCats":100,"accounts":1,"assets":100,"loans":0,"curLedger":1,"currencies":1700000000000,"subcats":100}|{"lang":0,"settings":"","accounts":{"a":1},"templates":null,"tags":0,"currencies":{"a":1},"curAccount":["a"]}
newer	{"lang":1700000000000,"settings":0,"assets":100,"loans":1,"subs":100,"curLedger":1,"curAccount":100}|{"lang":2,"customCats":100,"accounts":1,"assets":100,"loans":0,"curLedger":1,"currencies":1700000000000,"subcats":100}
adopt	{"assets":1,"subs":1,"templates":100,"tags":100,"curLedger":1700000000000,"currencies":5,"subcats":0,"curAccount":1700000000000}|{"settings":1700000000000,"customCats":100,"subs":100,"tags":1700000000000,"curLedger":1,"subcats":0}|{"settings":{},"assets":null,"loans":["a"],"subs":{},"templates":0,"tags":"x","curLedger":{},"currencies":[],"subcats":"x","curAccount":null}
newer	{"assets":1,"subs":1,"templates":100,"tags":100,"curLedger":1700000000000,"currencies":5,"subcats":0,"curAccount":1700000000000}|{"settings":1700000000000,"customCats":100,"subs":100,"tags":1700000000000,"curLedger":1,"subcats":0}
adopt	{"lang":2,"settings":1,"assets":1700000000000,"loans":100,"tags":5,"currencies":5,"curAccount":0}|{"lang":5,"settings":2,"customCats":1,"assets":0,"subs":100,"templates":1700000000000,"curLedger":2,"currencies":2,"subcats":100}|{"lang":{"a":1},"customCats":[],"accounts":{"a":1},"assets":{},"loans":0,"curLedger":0,"subcats":"x","curAccount":"x"}
newer	{"lang":2,"settings":1,"assets":1700000000000,"loans":100,"tags":5,"currencies":5,"curAccount":0}|{"lang":5,"settings":2,"customCats":1,"assets":0,"subs":100,"templates":1700000000000,"curLedger":2,"currencies":2,"subcats":100}
adopt	{"lang":1,"settings":0,"customCats":1,"accounts":2,"assets":5,"tags":5,"curAccount":100}|{"settings":2,"accounts":2,"curLedger":100,"currencies":1700000000000}|{"lang":{},"accounts":"","assets":{"a":1},"loans":{},"subs":{"a":1},"templates":false,"tags":null,"curLedger":["a"],"currencies":{},"subcats":0,"curAccount":{"a":1}}
newer	{"lang":1,"settings":0,"customCats":1,"accounts":2,"assets":5,"tags":5,"curAccount":100}|{"settings":2,"accounts":2,"curLedger":100,"currencies":1700000000000}
adopt	{"accounts":2,"curLedger":1700000000000,"currencies":2}|{"settings":5,"customCats":0,"accounts":2,"loans":100,"subs":1700000000000,"templates":100,"curLedger":100,"currencies":100,"subcats":100}|{"lang":["a"],"customCats":null,"assets":0,"loans":false,"subs":null,"tags":{},"curLedger":["a"],"currencies":"x","subcats":"","curAccount":false}
newer	{"accounts":2,"curLedger":1700000000000,"currencies":2}|{"settings":5,"customCats":0,"accounts":2,"loans":100,"subs":1700000000000,"templates":100,"curLedger":100,"currencies":100,"subcats":100}
adopt	{"lang":0,"settings":2,"assets":2,"loans":1,"subs":100,"tags":1700000000000,"currencies":2,"subcats":1700000000000}|{"settings":100,"customCats":0,"accounts":100,"assets":0,"tags":100,"curLedger":0,"subcats":0}|{"lang":false,"settings":0,"customCats":false,"accounts":0,"assets":false,"loans":"x","subs":"","templates":0,"tags":{"a":1},"curLedger":0,"currencies":[]}
newer	{"lang":0,"settings":2,"assets":2,"loans":1,"subs":100,"tags":1700000000000,"currencies":2,"subcats":1700000000000}|{"settings":100,"customCats":0,"accounts":100,"assets":0,"tags":100,"curLedger":0,"subcats":0}
adopt	{"lang":1,"settings":2,"customCats":1,"assets":0,"curLedger":1,"currencies":100,"subcats":0}|none|{"lang":{},"settings":0,"accounts":"","assets":"","loans":"","templates":{},"tags":0,"curLedger":{"a":1},"subcats":"x"}
newer	{"lang":1,"settings":2,"customCats":1,"assets":0,"curLedger":1,"currencies":100,"subcats":0}|none
adopt	{"customCats":0,"tags":1,"currencies":1,"subcats":2,"curAccount":1700000000000}|{"lang":2,"assets":0,"loans":1700000000000,"subs":5,"templates":100,"tags":1700000000000,"curLedger":100,"currencies":0,"subcats":100}|{"lang":["a"],"settings":[],"customCats":{"a":1},"assets":[],"loans":false,"subs":"","tags":"x","curLedger":[],"currencies":[],"subcats":0,"curAccount":null}
newer	{"customCats":0,"tags":1,"currencies":1,"subcats":2,"curAccount":1700000000000}|{"lang":2,"assets":0,"loans":1700000000000,"subs":5,"templates":100,"tags":1700000000000,"curLedger":100,"currencies":0,"subcats":100}
adopt	{"settings":1700000000000,"customCats":2,"accounts":5,"assets":0,"subs":5,"tags":5,"currencies":1700000000000}|{"settings":1,"customCats":2,"assets":2}|{"lang":["a"],"settings":["a"],"customCats":["a"],"accounts":"","loans":{},"subs":{},"templates":{"a":1},"curAccount":{}}
newer	{"settings":1700000000000,"customCats":2,"accounts":5,"assets":0,"subs":5,"tags":5,"currencies":1700000000000}|{"settings":1,"customCats":2,"assets":2}
adopt	{"lang":2,"customCats":100,"assets":5,"loans":1,"subs":2,"templates":0,"tags":2,"curAccount":100}|{"settings":0,"customCats":0,"accounts":100,"subs":100,"currencies":0,"subcats":0,"curAccount":5}|{"settings":[],"customCats":0,"accounts":[],"assets":{},"subs":false,"templates":["a"],"tags":{},"currencies":null,"subcats":"","curAccount":[]}
newer	{"lang":2,"customCats":100,"assets":5,"loans":1,"subs":2,"templates":0,"tags":2,"curAccount":100}|{"settings":0,"customCats":0,"accounts":100,"subs":100,"currencies":0,"subcats":0,"curAccount":5}
adopt	{"lang":1,"settings":100,"accounts":100,"loans":5,"templates":1,"tags":0,"subcats":100,"curAccount":1}|{"lang":100,"customCats":2,"loans":1700000000000,"tags":2,"curLedger":100,"currencies":1700000000000,"subcats":1,"curAccount":1700000000000}|{"lang":{"a":1},"settings":0,"accounts":0,"loans":null,"subs":null,"tags":null,"currencies":[],"curAccount":false}
newer	{"lang":1,"settings":100,"accounts":100,"loans":5,"templates":1,"tags":0,"subcats":100,"curAccount":1}|{"lang":100,"customCats":2,"loans":1700000000000,"tags":2,"curLedger":100,"currencies":1700000000000,"subcats":1,"curAccount":1700000000000}
adopt	{"accounts":100,"assets":2,"loans":1700000000000,"currencies":100,"subcats":1700000000000,"curAccount":1700000000000}|{"lang":1,"settings":1,"loans":100,"tags":1700000000000,"curLedger":100,"currencies":100,"curAccount":5}|{"lang":"x","settings":false,"customCats":null,"accounts":{},"assets":{},"loans":0,"subs":[],"templates":["a"],"tags":null,"curLedger":["a"],"subcats":""}
newer	{"accounts":100,"assets":2,"loans":1700000000000,"currencies":100,"subcats":1700000000000,"curAccount":1700000000000}|{"lang":1,"settings":1,"loans":100,"tags":1700000000000,"curLedger":100,"currencies":100,"curAccount":5}
adopt	{"settings":2,"subs":100,"curLedger":0,"currencies":5,"curAccount":0}|{"lang":1,"settings":1700000000000,"customCats":5,"subs":0,"tags":0,"curLedger":5,"subcats":0,"curAccount":0}|{"customCats":"x","accounts":"x","subs":0,"templates":{"a":1},"currencies":["a"],"subcats":null,"curAccount":"x"}
newer	{"settings":2,"subs":100,"curLedger":0,"currencies":5,"curAccount":0}|{"lang":1,"settings":1700000000000,"customCats":5,"subs":0,"tags":0,"curLedger":5,"subcats":0,"curAccount":0}
adopt	{"accounts":100,"subs":5,"templates":0,"tags":5,"curLedger":1,"subcats":100}|{"settings":0,"loans":100,"subs":1,"templates":100,"tags":5,"curLedger":1,"subcats":100,"curAccount":1}|{"lang":"","customCats":"","accounts":0,"assets":"","subs":0,"templates":0,"tags":"","curLedger":0,"subcats":"x"}
newer	{"accounts":100,"subs":5,"templates":0,"tags":5,"curLedger":1,"subcats":100}|{"settings":0,"loans":100,"subs":1,"templates":100,"tags":5,"curLedger":1,"subcats":100,"curAccount":1}
adopt	{"lang":100,"subs":2,"templates":1,"currencies":1700000000000,"curAccount":1700000000000}|{"lang":2,"settings":0,"subs":5,"curLedger":1700000000000,"currencies":0}|{"lang":{},"customCats":"x","accounts":{"a":1},"loans":false,"subs":{},"templates":["a"],"tags":false,"curLedger":["a"],"subcats":[]}
newer	{"lang":100,"subs":2,"templates":1,"currencies":1700000000000,"curAccount":1700000000000}|{"lang":2,"settings":0,"subs":5,"curLedger":1700000000000,"currencies":0}
adopt	{"lang":2,"settings":100,"accounts":1700000000000,"loans":2,"subs":1,"templates":1,"tags":1,"currencies":0,"curAccount":5}|{"lang":5,"settings":100,"accounts":100,"loans":0,"subs":5,"templates":1,"tags":1,"curLedger":0,"subcats":100,"curAccount":0}|{"lang":[],"settings":"x","customCats":[],"accounts":["a"],"assets":0,"loans":["a"],"subs":0,"templates":[],"curLedger":"x","subcats":0,"curAccount":0}
newer	{"lang":2,"settings":100,"accounts":1700000000000,"loans":2,"subs":1,"templates":1,"tags":1,"currencies":0,"curAccount":5}|{"lang":5,"settings":100,"accounts":100,"loans":0,"subs":5,"templates":1,"tags":1,"curLedger":0,"subcats":100,"curAccount":0}
adopt	{"lang":2,"customCats":5,"assets":100,"loans":0,"subs":1,"templates":1700000000000,"curLedger":2,"subcats":5}|{"lang":5,"accounts":100,"assets":2,"loans":100,"tags":2}|{"customCats":"x","assets":{"a":1},"templates":"","tags":{},"curLedger":{},"currencies":{"a":1},"curAccount":""}
newer	{"lang":2,"customCats":5,"assets":100,"loans":0,"subs":1,"templates":1700000000000,"curLedger":2,"subcats":5}|{"lang":5,"accounts":100,"assets":2,"loans":100,"tags":2}
adopt	{"lang":1,"customCats":0,"accounts":100,"templates":5,"currencies":5}|none|{"lang":0,"customCats":"","accounts":"","loans":"","subs":"","templates":"","tags":"","curLedger":{},"currencies":{"a":1},"subcats":"x"}
newer	{"lang":1,"customCats":0,"accounts":100,"templates":5,"currencies":5}|none
adopt	{"customCats":1,"assets":1700000000000,"tags":5,"currencies":0,"subcats":0,"curAccount":1}|{"customCats":1,"assets":5,"templates":1700000000000,"currencies":100,"subcats":0,"curAccount":1700000000000}|{"customCats":null,"accounts":null,"assets":["a"],"loans":"x","subs":{"a":1},"templates":{"a":1},"currencies":[],"subcats":{}}
newer	{"customCats":1,"assets":1700000000000,"tags":5,"currencies":0,"subcats":0,"curAccount":1}|{"customCats":1,"assets":5,"templates":1700000000000,"currencies":100,"subcats":0,"curAccount":1700000000000}
adopt	{"lang":0,"settings":2,"accounts":1700000000000,"subs":0,"curLedger":1,"currencies":5,"subcats":5}|{"accounts":1700000000000,"assets":1,"loans":1700000000000,"templates":0,"tags":2,"currencies":2}|{"lang":null,"settings":"","customCats":"x","accounts":false,"subs":["a"],"templates":"x","curLedger":"","currencies":["a"],"curAccount":"x"}
newer	{"lang":0,"settings":2,"accounts":1700000000000,"subs":0,"curLedger":1,"currencies":5,"subcats":5}|{"accounts":1700000000000,"assets":1,"loans":1700000000000,"templates":0,"tags":2,"currencies":2}
adopt	{"customCats":0,"accounts":1700000000000,"loans":2,"subs":1700000000000,"templates":0,"tags":1,"curAccount":0}|{"settings":1700000000000,"customCats":1,"accounts":1,"assets":1700000000000,"loans":5,"templates":0,"curLedger":1700000000000,"curAccount":1}|{"lang":null,"customCats":{},"assets":["a"],"loans":{"a":1},"templates":{},"tags":{},"curLedger":["a"],"currencies":"x","subcats":[],"curAccount":{"a":1}}
newer	{"customCats":0,"accounts":1700000000000,"loans":2,"subs":1700000000000,"templates":0,"tags":1,"curAccount":0}|{"settings":1700000000000,"customCats":1,"accounts":1,"assets":1700000000000,"loans":5,"templates":0,"curLedger":1700000000000,"curAccount":1}
adopt	{"customCats":2,"subs":100,"templates":0,"curLedger":1700000000000,"curAccount":100}|{"lang":5,"settings":100,"accounts":2,"loans":100,"subs":1700000000000,"curLedger":0,"curAccount":0}|{"lang":"x","settings":{"a":1},"customCats":{"a":1},"accounts":0,"assets":{},"loans":["a"],"curLedger":0,"currencies":{"a":1},"subcats":[],"curAccount":0}
newer	{"customCats":2,"subs":100,"templates":0,"curLedger":1700000000000,"curAccount":100}|{"lang":5,"settings":100,"accounts":2,"loans":100,"subs":1700000000000,"curLedger":0,"curAccount":0}
adopt	{"settings":5,"customCats":100,"accounts":2,"assets":0,"loans":1,"subs":100,"currencies":2,"curAccount":100}|{"lang":2,"settings":1700000000000,"loans":0,"subs":1,"subcats":0,"curAccount":0}|{"lang":"","settings":false,"customCats":[],"accounts":[],"loans":0,"subs":{"a":1},"templates":0,"curLedger":0,"subcats":{}}
newer	{"settings":5,"customCats":100,"accounts":2,"assets":0,"loans":1,"subs":100,"currencies":2,"curAccount":100}|{"lang":2,"settings":1700000000000,"loans":0,"subs":1,"subcats":0,"curAccount":0}
adopt	{"customCats":100,"assets":5,"currencies":1700000000000,"subcats":2,"curAccount":0}|{"customCats":5,"accounts":1700000000000,"assets":0,"tags":5,"currencies":5,"subcats":0,"curAccount":2}|{"lang":"x","settings":{"a":1},"accounts":null,"assets":["a"],"loans":{},"subs":{"a":1},"templates":"","tags":"x","curLedger":null,"currencies":null,"subcats":0,"curAccount":null}
newer	{"customCats":100,"assets":5,"currencies":1700000000000,"subcats":2,"curAccount":0}|{"customCats":5,"accounts":1700000000000,"assets":0,"tags":5,"currencies":5,"subcats":0,"curAccount":2}
adopt	{"lang":100,"customCats":100,"accounts":100,"curLedger":5,"currencies":5,"subcats":2,"curAccount":2}|none|{"lang":[],"settings":"","customCats":{"a":1},"accounts":{"a":1},"assets":"","loans":null,"subs":[],"tags":{},"curLedger":[],"currencies":0,"subcats":{}}
newer	{"lang":100,"customCats":100,"accounts":100,"curLedger":5,"currencies":5,"subcats":2,"curAccount":2}|none
adopt	{"lang":100,"accounts":0,"loans":0,"subs":5,"currencies":1700000000000,"curAccount":100}|{"settings":5,"customCats":1,"assets":100,"loans":1,"subs":1,"templates":0,"curLedger":2}|{"lang":["a"],"assets":{"a":1},"loans":[],"subs":"x","tags":false,"curLedger":0,"currencies":0,"subcats":{"a":1}}
newer	{"lang":100,"accounts":0,"loans":0,"subs":5,"currencies":1700000000000,"curAccount":100}|{"settings":5,"customCats":1,"assets":100,"loans":1,"subs":1,"templates":0,"curLedger":2}
adopt	{"lang":1,"settings":100,"customCats":1700000000000,"assets":100,"subs":0,"templates":1,"currencies":2,"subcats":5}|{"lang":100,"settings":1,"loans":100,"curLedger":100,"subcats":0}|{"settings":"x","customCats":false,"accounts":{"a":1},"assets":{},"loans":false,"subs":null,"tags":[],"curLedger":null,"currencies":"","subcats":null}
newer	{"lang":1,"settings":100,"customCats":1700000000000,"assets":100,"subs":0,"templates":1,"currencies":2,"subcats":5}|{"lang":100,"settings":1,"loans":100,"curLedger":100,"subcats":0}
adopt	{"lang":1700000000000,"settings":0,"subs":5,"tags":100,"curAccount":1700000000000}|{"settings":0,"assets":2,"subs":100,"templates":1,"tags":0,"currencies":1700000000000,"subcats":2}|{"accounts":"","assets":{},"subs":"x","templates":null,"tags":false,"curLedger":{"a":1},"currencies":["a"],"subcats":0,"curAccount":[]}
newer	{"lang":1700000000000,"settings":0,"subs":5,"tags":100,"curAccount":1700000000000}|{"settings":0,"assets":2,"subs":100,"templates":1,"tags":0,"currencies":1700000000000,"subcats":2}
adopt	{"lang":5,"settings":0,"accounts":1,"loans":1700000000000,"subs":100,"tags":1,"curLedger":0,"currencies":1,"subcats":1700000000000}|{"settings":1,"accounts":1,"assets":0,"loans":100,"subs":5,"templates":1700000000000,"curLedger":100,"subcats":5}|{"lang":["a"],"accounts":[],"loans":0,"subs":{},"tags":[],"currencies":null,"curAccount":""}
newer	{"lang":5,"settings":0,"accounts":1,"loans":1700000000000,"subs":100,"tags":1,"curLedger":0,"currencies":1,"subcats":1700000000000}|{"settings":1,"accounts":1,"assets":0,"loans":100,"subs":5,"templates":1700000000000,"curLedger":100,"subcats":5}
adopt	{"lang":0,"settings":100,"loans":2,"curLedger":1,"subcats":0}|{"lang":1700000000000,"settings":100,"customCats":5,"accounts":5,"assets":2,"subs":1700000000000,"templates":100,"currencies":1700000000000,"curAccount":1700000000000}|{"settings":{"a":1},"customCats":{},"accounts":["a"],"assets":"x","subs":[],"tags":{},"subcats":["a"],"curAccount":0}
newer	{"lang":0,"settings":100,"loans":2,"curLedger":1,"subcats":0}|{"lang":1700000000000,"settings":100,"customCats":5,"accounts":5,"assets":2,"subs":1700000000000,"templates":100,"currencies":1700000000000,"curAccount":1700000000000}
adopt	{"customCats":0,"accounts":100,"tags":1700000000000,"subcats":0}|{"lang":100,"settings":1,"customCats":100,"currencies":100}|{"customCats":"","accounts":0,"assets":null,"loans":"x","subs":[],"templates":false,"tags":0,"curLedger":false,"currencies":false,"curAccount":"x"}
newer	{"customCats":0,"accounts":100,"tags":1700000000000,"subcats":0}|{"lang":100,"settings":1,"customCats":100,"currencies":100}
adopt	{"lang":1700000000000,"customCats":1700000000000,"assets":5,"tags":2,"curLedger":1,"subcats":100}|{"settings":100,"assets":1700000000000,"loans":1700000000000,"subs":1,"templates":1700000000000,"tags":0}|{"lang":["a"],"settings":[],"customCats":"x","accounts":{},"assets":null,"subs":false,"templates":0,"curLedger":["a"],"subcats":""}
newer	{"lang":1700000000000,"customCats":1700000000000,"assets":5,"tags":2,"curLedger":1,"subcats":100}|{"settings":100,"assets":1700000000000,"loans":1700000000000,"subs":1,"templates":1700000000000,"tags":0}
adopt	{"lang":1,"settings":2,"accounts":0,"assets":5,"subs":5,"templates":2,"curAccount":5}|{"accounts":1,"assets":0,"loans":2,"subs":5,"templates":0,"curAccount":1700000000000}|{"lang":null,"customCats":{},"accounts":["a"],"loans":{"a":1},"subs":null,"templates":false,"tags":0,"currencies":false,"subcats":["a"],"curAccount":["a"]}
newer	{"lang":1,"settings":2,"accounts":0,"assets":5,"subs":5,"templates":2,"curAccount":5}|{"accounts":1,"assets":0,"loans":2,"subs":5,"templates":0,"curAccount":1700000000000}
adopt	{"customCats":0,"accounts":0,"assets":100,"templates":1700000000000,"tags":1,"curLedger":1700000000000}|{"lang":5,"accounts":100,"assets":1,"subs":100,"templates":1,"tags":0,"curLedger":100,"currencies":5,"subcats":1700000000000}|{"accounts":"x","assets":null,"loans":null,"subcats":null,"curAccount":{"a":1}}
newer	{"customCats":0,"accounts":0,"assets":100,"templates":1700000000000,"tags":1,"curLedger":1700000000000}|{"lang":5,"accounts":100,"assets":1,"subs":100,"templates":1,"tags":0,"curLedger":100,"currencies":5,"subcats":1700000000000}
adopt	{"lang":5,"settings":2,"customCats":2,"accounts":5,"subs":1700000000000,"tags":0,"subcats":1,"curAccount":0}|{"accounts":2,"assets":2,"loans":1,"subs":2,"tags":1700000000000,"currencies":2,"curAccount":100}|{"lang":["a"],"customCats":["a"],"assets":{},"loans":"x","subs":null,"tags":"","currencies":""}
newer	{"lang":5,"settings":2,"customCats":2,"accounts":5,"subs":1700000000000,"tags":0,"subcats":1,"curAccount":0}|{"accounts":2,"assets":2,"loans":1,"subs":2,"tags":1700000000000,"currencies":2,"curAccount":100}
adopt	{"lang":1700000000000,"settings":1,"customCats":2,"subs":5,"templates":100}|{"accounts":0,"assets":1,"subs":100,"templates":2,"subcats":100}|{"settings":"x","customCats":[],"accounts":null,"assets":{},"loans":0,"subs":false,"tags":[],"curLedger":0,"subcats":{"a":1},"curAccount":["a"]}
newer	{"lang":1700000000000,"settings":1,"customCats":2,"subs":5,"templates":100}|{"accounts":0,"assets":1,"subs":100,"templates":2,"subcats":100}
adopt	{"lang":0,"assets":2,"subs":1,"curLedger":5,"currencies":0,"curAccount":1}|{"customCats":2,"accounts":100,"assets":0,"loans":5,"subs":100,"templates":2,"tags":1}|{"lang":"x","settings":["a"],"customCats":{"a":1},"accounts":["a"],"assets":0,"subs":0,"templates":{"a":1},"currencies":{"a":1},"subcats":false}
newer	{"lang":0,"assets":2,"subs":1,"curLedger":5,"currencies":0,"curAccount":1}|{"customCats":2,"accounts":100,"assets":0,"loans":5,"subs":100,"templates":2,"tags":1}
adopt	{"settings":5,"accounts":100,"loans":1,"subs":5,"tags":100,"curLedger":100}|{"settings":1,"accounts":0,"assets":2,"templates":5,"tags":1700000000000,"currencies":100,"subcats":100,"curAccount":2}|{"customCats":null,"accounts":{"a":1},"assets":"","loans":0,"subs":["a"],"templates":"","tags":"","currencies":[],"subcats":"","curAccount":["a"]}
newer	{"settings":5,"accounts":100,"loans":1,"subs":5,"tags":100,"curLedger":100}|{"settings":1,"accounts":0,"assets":2,"templates":5,"tags":1700000000000,"currencies":100,"subcats":100,"curAccount":2}
adopt	{"settings":0,"assets":100,"loans":5,"tags":5,"subcats":1,"curAccount":0}|{"accounts":1700000000000,"assets":1700000000000,"subs":5,"curLedger":1,"curAccount":1}|{"settings":null,"customCats":"","accounts":"","assets":false,"subs":"x","templates":{"a":1},"curLedger":{},"subcats":{},"curAccount":{"a":1}}
newer	{"settings":0,"assets":100,"loans":5,"tags":5,"subcats":1,"curAccount":0}|{"accounts":1700000000000,"assets":1700000000000,"subs":5,"curLedger":1,"curAccount":1}
adopt	{"accounts":1,"assets":1,"loans":100,"subs":0,"tags":5,"curLedger":1700000000000}|{"lang":5,"settings":1700000000000,"customCats":1,"assets":2,"tags":1700000000000,"curLedger":1,"currencies":0,"curAccount":1}|{"settings":"x","customCats":null,"accounts":0,"loans":false,"subs":false,"templates":0,"curLedger":{"a":1},"currencies":[],"subcats":0}
newer	{"accounts":1,"assets":1,"loans":100,"subs":0,"tags":5,"curLedger":1700000000000}|{"lang":5,"settings":1700000000000,"customCats":1,"assets":2,"tags":1700000000000,"curLedger":1,"currencies":0,"curAccount":1}
adopt	{"loans":1,"subs":5,"curLedger":2,"currencies":100}|{"accounts":2,"assets":100,"loans":100,"tags":100,"curLedger":100,"subcats":1700000000000,"curAccount":100}|{"lang":{"a":1},"settings":{},"customCats":[],"accounts":{},"assets":[],"loans":0,"subs":[],"templates":[],"tags":{"a":1}}
newer	{"loans":1,"subs":5,"curLedger":2,"currencies":100}|{"accounts":2,"assets":100,"loans":100,"tags":100,"curLedger":100,"subcats":1700000000000,"curAccount":100}
adopt	{"lang":5,"customCats":0,"accounts":5,"loans":0,"subs":1,"tags":100,"currencies":2,"curAccount":2}|{"assets":5,"curLedger":100,"currencies":1700000000000,"curAccount":0}|{"lang":"","customCats":{},"accounts":"","assets":["a"],"loans":"x","templates":["a"],"tags":[],"curLedger":["a"],"subcats":"","curAccount":false}
newer	{"lang":5,"customCats":0,"accounts":5,"loans":0,"subs":1,"tags":100,"currencies":2,"curAccount":2}|{"assets":5,"curLedger":100,"currencies":1700000000000,"curAccount":0}
adopt	{"lang":100,"customCats":5,"accounts":5,"subs":1,"curLedger":2}|none|{"lang":{},"customCats":[],"accounts":false,"assets":"x","subs":false,"templates":{},"tags":"x","curLedger":[],"currencies":0,"subcats":false}
newer	{"lang":100,"customCats":5,"accounts":5,"subs":1,"curLedger":2}|none
adopt	{"lang":1,"customCats":1700000000000,"assets":0,"loans":1,"subs":5,"curLedger":1700000000000,"subcats":2,"curAccount":100}|{"lang":0,"accounts":5,"subs":2,"curLedger":1700000000000,"currencies":2}|{"lang":["a"],"settings":[],"customCats":"","accounts":false,"subs":false,"tags":"x","curLedger":[],"subcats":["a"]}
newer	{"lang":1,"customCats":1700000000000,"assets":0,"loans":1,"subs":5,"curLedger":1700000000000,"subcats":2,"curAccount":100}|{"lang":0,"accounts":5,"subs":2,"curLedger":1700000000000,"currencies":2}
adopt	{"settings":100,"customCats":0,"assets":100,"loans":5,"templates":1700000000000,"curAccount":5}|{"settings":1,"customCats":5,"assets":1,"loans":5,"templates":5,"currencies":1,"curAccount":100}|{"settings":{"a":1},"accounts":{},"loans":["a"],"subs":["a"],"templates":null,"curLedger":0,"subcats":0,"curAccount":{"a":1}}
newer	{"settings":100,"customCats":0,"assets":100,"loans":5,"templates":1700000000000,"curAccount":5}|{"settings":1,"customCats":5,"assets":1,"loans":5,"templates":5,"currencies":1,"curAccount":100}
adopt	{"lang":5,"settings":0,"customCats":5,"accounts":1,"assets":1700000000000,"loans":2,"subs":2,"templates":100,"curAccount":2}|{"settings":2,"customCats":2,"assets":0,"loans":1,"subs":0,"curLedger":5,"curAccount":1}|{"settings":{},"customCats":null,"accounts":[],"assets":"x","loans":["a"],"templates":false,"tags":false,"curLedger":false,"currencies":0,"subcats":[]}
newer	{"lang":5,"settings":0,"customCats":5,"accounts":1,"assets":1700000000000,"loans":2,"subs":2,"templates":100,"curAccount":2}|{"settings":2,"customCats":2,"assets":0,"loans":1,"subs":0,"curLedger":5,"curAccount":1}
adopt	{"lang":100,"assets":1700000000000,"subs":100,"currencies":0}|none|{"lang":false,"settings":[],"accounts":{"a":1},"loans":null,"templates":{"a":1},"tags":null,"curLedger":["a"],"currencies":0,"subcats":{},"curAccount":false}
newer	{"lang":100,"assets":1700000000000,"subs":100,"currencies":0}|none
adopt	{"accounts":100,"loans":1700000000000,"subs":100,"curLedger":5,"currencies":100,"subcats":1,"curAccount":1700000000000}|{"lang":0,"customCats":0,"loans":0,"tags":0}|{"lang":"","settings":null,"customCats":null,"assets":false,"subs":[],"templates":false,"curLedger":["a"]}
newer	{"accounts":100,"loans":1700000000000,"subs":100,"curLedger":5,"currencies":100,"subcats":1,"curAccount":1700000000000}|{"lang":0,"customCats":0,"loans":0,"tags":0}
adopt	{"lang":2,"settings":1700000000000,"accounts":0,"assets":1,"templates":100,"tags":100,"curLedger":100,"currencies":5,"curAccount":5}|none|{"customCats":false,"loans":0,"templates":{"a":1},"tags":[],"curLedger":{"a":1},"subcats":false,"curAccount":["a"]}
newer	{"lang":2,"settings":1700000000000,"accounts":0,"assets":1,"templates":100,"tags":100,"curLedger":100,"currencies":5,"curAccount":5}|none
adopt	{"assets":2,"loans":1,"subs":5,"curLedger":100,"currencies":1}|{"settings":0,"curLedger":5,"subcats":2}|{"lang":{"a":1},"settings":0,"customCats":false,"assets":["a"],"loans":{"a":1},"subs":0,"templates":[],"curLedger":0,"currencies":null,"subcats":{},"curAccount":null}
newer	{"assets":2,"loans":1,"subs":5,"curLedger":100,"currencies":1}|{"settings":0,"curLedger":5,"subcats":2}
adopt	{"settings":1,"customCats":5,"loans":100,"curLedger":5,"currencies":1700000000000,"curAccount":0}|{"settings":1,"customCats":0}|{"lang":[],"customCats":false,"assets":0,"loans":null,"subs":{"a":1},"tags":{},"curLedger":{},"currencies":"","subcats":{"a":1}}
newer	{"settings":1,"customCats":5,"loans":100,"curLedger":5,"currencies":1700000000000,"curAccount":0}|{"settings":1,"customCats":0}
adopt	{"lang":5,"settings":1,"loans":1,"subs":5,"templates":100,"curLedger":0,"currencies":100,"curAccount":2}|{"settings":1,"customCats":5,"accounts":1,"loans":100,"templates":1700000000000}|{"lang":{},"settings":{},"customCats":{"a":1},"loans":[],"templates":{"a":1},"tags":[],"curLedger":"","currencies":["a"],"subcats":null,"curAccount":""}
newer	{"lang":5,"settings":1,"loans":1,"subs":5,"templates":100,"curLedger":0,"currencies":100,"curAccount":2}|{"settings":1,"customCats":5,"accounts":1,"loans":100,"templates":1700000000000}
adopt	{"customCats":100,"accounts":1700000000000,"assets":1,"subs":0,"templates":1,"tags":100}|{"lang":1,"settings":0,"assets":1700000000000,"curLedger":100,"subcats":2,"curAccount":5}|{"lang":0,"customCats":false,"assets":0,"loans":false,"curLedger":{"a":1},"currencies":"","subcats":0,"curAccount":["a"]}
newer	{"customCats":100,"accounts":1700000000000,"assets":1,"subs":0,"templates":1,"tags":100}|{"lang":1,"settings":0,"assets":1700000000000,"curLedger":100,"subcats":2,"curAccount":5}
adopt	{"lang":1,"accounts":1,"assets":2,"subs":0,"templates":1,"currencies":0}|{"lang":1,"settings":100,"accounts":1700000000000,"assets":100,"loans":100,"subs":1}|{"settings":{"a":1},"customCats":false,"accounts":"","assets":[],"loans":0,"subs":"x","templates":[],"tags":{},"curLedger":"","curAccount":0}
newer	{"lang":1,"accounts":1,"assets":2,"subs":0,"templates":1,"currencies":0}|{"lang":1,"settings":100,"accounts":1700000000000,"assets":100,"loans":100,"subs":1}
adopt	{"settings":1,"customCats":1,"assets":0,"templates":100,"tags":1,"curLedger":2,"subcats":2}|{"settings":1700000000000,"assets":100,"subs":1,"tags":1700000000000,"curLedger":1700000000000,"currencies":5,"curAccount":1700000000000}|{"lang":"","customCats":{},"loans":"x","subs":0,"tags":0,"curAccount":["a"]}
newer	{"settings":1,"customCats":1,"assets":0,"templates":100,"tags":1,"curLedger":2,"subcats":2}|{"settings":1700000000000,"assets":100,"subs":1,"tags":1700000000000,"curLedger":1700000000000,"currencies":5,"curAccount":1700000000000}
adopt	{"assets":0,"loans":5,"subs":1700000000000,"templates":1700000000000,"curLedger":100,"subcats":100}|{"settings":5,"assets":1700000000000,"tags":5}|{"lang":false,"settings":0,"customCats":null,"accounts":false,"loans":0,"subs":{"a":1},"tags":null,"curLedger":"x","subcats":"","curAccount":false}
newer	{"assets":0,"loans":5,"subs":1700000000000,"templates":1700000000000,"curLedger":100,"subcats":100}|{"settings":5,"assets":1700000000000,"tags":5}
adopt	{"lang":1700000000000,"settings":2,"loans":1700000000000,"subs":1,"curLedger":100,"currencies":2,"subcats":2}|{"settings":2,"customCats":5,"accounts":100,"assets":0,"loans":100,"subs":100,"templates":100,"tags":2,"subcats":1700000000000,"curAccount":5}|{"lang":["a"],"accounts":"","assets":"","loans":null,"tags":[],"curLedger":false,"currencies":[],"subcats":null,"curAccount":"x"}
newer	{"lang":1700000000000,"settings":2,"loans":1700000000000,"subs":1,"curLedger":100,"currencies":2,"subcats":2}|{"settings":2,"customCats":5,"accounts":100,"assets":0,"loans":100,"subs":100,"templates":100,"tags":2,"subcats":1700000000000,"curAccount":5}
adopt	{"settings":1,"customCats":100,"loans":1700000000000,"subs":0,"templates":0,"tags":0,"curLedger":5,"currencies":100}|none|{"lang":false,"customCats":false,"accounts":[],"loans":null,"templates":[],"curLedger":{},"subcats":[],"curAccount":["a"]}
newer	{"settings":1,"customCats":100,"loans":1700000000000,"subs":0,"templates":0,"tags":0,"curLedger":5,"currencies":100}|none
adopt	{"customCats":5,"accounts":5,"assets":0,"loans":0,"subs":100,"currencies":0,"curAccount":0}|none|{"settings":false,"accounts":["a"],"assets":false,"subs":"x","templates":0,"curLedger":0,"currencies":null,"curAccount":["a"]}
newer	{"customCats":5,"accounts":5,"assets":0,"loans":0,"subs":100,"currencies":0,"curAccount":0}|none
adopt	{"lang":100,"settings":2,"accounts":1700000000000,"assets":1700000000000,"subs":5,"templates":5,"tags":5,"currencies":0,"subcats":0}|{"lang":2,"customCats":2,"assets":100,"subs":1,"templates":1,"tags":1700000000000,"curAccount":2}|{"lang":null,"settings":"x","customCats":[],"accounts":"x","assets":false,"templates":"","tags":0,"currencies":null,"subcats":false}
newer	{"lang":100,"settings":2,"accounts":1700000000000,"assets":1700000000000,"subs":5,"templates":5,"tags":5,"currencies":0,"subcats":0}|{"lang":2,"customCats":2,"assets":100,"subs":1,"templates":1,"tags":1700000000000,"curAccount":2}
adopt	{"accounts":2,"assets":1700000000000,"tags":0,"curLedger":100,"currencies":5,"subcats":1700000000000}|{"assets":2,"loans":1,"curLedger":100}|{"lang":[],"settings":{},"customCats":"","accounts":{},"loans":["a"],"subs":{"a":1},"templates":false,"tags":["a"],"curLedger":[],"currencies":[],"subcats":0,"curAccount":{"a":1}}
newer	{"accounts":2,"assets":1700000000000,"tags":0,"curLedger":100,"currencies":5,"subcats":1700000000000}|{"assets":2,"loans":1,"curLedger":100}
adopt	{"lang":100,"settings":1700000000000,"accounts":0,"assets":2,"loans":0,"subs":5,"currencies":5}|{"subs":0,"tags":2,"curAccount":5}|{"lang":"x","customCats":"","subs":"x","templates":null,"tags":["a"],"currencies":false,"subcats":0,"curAccount":""}
newer	{"lang":100,"settings":1700000000000,"accounts":0,"assets":2,"loans":0,"subs":5,"currencies":5}|{"subs":0,"tags":2,"curAccount":5}
adopt	{"lang":5,"customCats":1,"subs":0,"templates":2,"tags":0,"curLedger":5}|{"lang":2,"customCats":2,"accounts":5,"assets":100,"subs":2,"currencies":2,"subcats":5,"curAccount":5}|{"lang":"x","settings":{},"customCats":["a"],"accounts":"","templates":["a"],"tags":"","curLedger":"","subcats":false,"curAccount":0}
newer	{"lang":5,"customCats":1,"subs":0,"templates":2,"tags":0,"curLedger":5}|{"lang":2,"customCats":2,"accounts":5,"assets":100,"subs":2,"currencies":2,"subcats":5,"curAccount":5}
adopt	{"lang":0,"settings":5,"customCats":1,"assets":0,"subs":1700000000000,"templates":5}|none|{"lang":false,"settings":null,"accounts":{},"assets":null,"loans":{},"subs":"x","tags":{"a":1},"curLedger":{},"subcats":["a"],"curAccount":{"a":1}}
newer	{"lang":0,"settings":5,"customCats":1,"assets":0,"subs":1700000000000,"templates":5}|none
adopt	{"lang":100,"settings":1,"customCats":0,"templates":5,"currencies":100,"curAccount":1}|none|{"lang":["a"],"settings":[],"customCats":"","assets":{},"subs":["a"],"tags":false,"subcats":{"a":1},"curAccount":[]}
newer	{"lang":100,"settings":1,"customCats":0,"templates":5,"currencies":100,"curAccount":1}|none
adopt	{"lang":1700000000000,"settings":0,"loans":0,"subs":2,"templates":0,"tags":2,"currencies":2}|{"lang":100,"settings":5,"customCats":1,"assets":100,"tags":100,"currencies":100,"curAccount":2}|{"lang":{"a":1},"settings":"x","customCats":{},"accounts":{},"subs":"x","templates":["a"],"tags":[],"subcats":{},"curAccount":0}
newer	{"lang":1700000000000,"settings":0,"loans":0,"subs":2,"templates":0,"tags":2,"currencies":2}|{"lang":100,"settings":5,"customCats":1,"assets":100,"tags":100,"currencies":100,"curAccount":2}
adopt	{"lang":2,"customCats":0,"loans":1,"subs":0,"tags":1,"currencies":5}|none|{"lang":[],"settings":["a"],"accounts":[],"assets":["a"],"subs":false,"templates":{},"tags":null,"subcats":"x","curAccount":false}
newer	{"lang":2,"customCats":0,"loans":1,"subs":0,"tags":1,"currencies":5}|none
adopt	{"customCats":2,"loans":1,"subs":0,"templates":100,"tags":100,"curLedger":5,"currencies":0,"subcats":1700000000000}|{"accounts":5,"assets":100,"subs":0,"templates":100,"tags":1,"curLedger":100,"subcats":2}|{"lang":null,"settings":{"a":1},"customCats":null,"accounts":{"a":1},"assets":"x","loans":"","subs":0,"templates":["a"],"tags":[],"curLedger":false,"subcats":["a"],"curAccount":["a"]}
newer	{"customCats":2,"loans":1,"subs":0,"templates":100,"tags":100,"curLedger":5,"currencies":0,"subcats":1700000000000}|{"accounts":5,"assets":100,"subs":0,"templates":100,"tags":1,"curLedger":100,"subcats":2}
adopt	{"lang":5,"customCats":1,"accounts":100,"subs":2,"curLedger":100,"currencies":1700000000000,"subcats":5,"curAccount":2}|{"settings":100,"customCats":1,"tags":100,"currencies":1700000000000,"curAccount":1}|{"lang":0,"assets":"","subs":["a"],"templates":null,"tags":[],"curLedger":{},"currencies":0,"subcats":{"a":1},"curAccount":[]}
newer	{"lang":5,"customCats":1,"accounts":100,"subs":2,"curLedger":100,"currencies":1700000000000,"subcats":5,"curAccount":2}|{"settings":100,"customCats":1,"tags":100,"currencies":1700000000000,"curAccount":1}
adopt	{"lang":5,"accounts":1,"assets":1700000000000,"loans":1,"tags":1700000000000,"curLedger":2,"curAccount":5}|{"settings":0,"customCats":100,"assets":0,"subs":0,"tags":2,"curLedger":0,"subcats":1700000000000,"curAccount":1}|{"lang":"x","settings":{"a":1},"customCats":{"a":1},"loans":"x","subs":{"a":1},"templates":[],"tags":{"a":1},"subcats":false}
newer	{"lang":5,"accounts":1,"assets":1700000000000,"loans":1,"tags":1700000000000,"curLedger":2,"curAccount":5}|{"settings":0,"customCats":100,"assets":0,"subs":0,"tags":2,"curLedger":0,"subcats":1700000000000,"curAccount":1}
adopt	{"settings":1,"loans":0,"subs":5,"curLedger":1700000000000,"subcats":0,"curAccount":0}|{"lang":1700000000000,"customCats":1,"accounts":5,"assets":1700000000000,"loans":1700000000000,"subs":1,"templates":2,"curLedger":100,"currencies":2,"subcats":1700000000000,"curAccount":5}|{"lang":[],"accounts":{"a":1},"assets":"","loans":{},"templates":null,"tags":0,"curLedger":false,"currencies":false,"subcats":["a"]}
newer	{"settings":1,"loans":0,"subs":5,"curLedger":1700000000000,"subcats":0,"curAccount":0}|{"lang":1700000000000,"customCats":1,"accounts":5,"assets":1700000000000,"loans":1700000000000,"subs":1,"templates":2,"curLedger":100,"currencies":2,"subcats":1700000000000,"curAccount":5}
adopt	{"lang":100,"accounts":1700000000000,"assets":5,"loans":1,"subcats":0,"curAccount":100}|{"lang":1700000000000,"subs":1,"currencies":0}|{"lang":[],"settings":"","customCats":false,"accounts":{},"assets":["a"],"loans":"x","subs":"","templates":[],"tags":false,"curLedger":0,"currencies":null,"subcats":"x","curAccount":null}
newer	{"lang":100,"accounts":1700000000000,"assets":5,"loans":1,"subcats":0,"curAccount":100}|{"lang":1700000000000,"subs":1,"currencies":0}
adopt	{"lang":2,"customCats":1,"assets":5,"loans":100,"subs":100,"currencies":2,"subcats":5}|{"assets":5,"loans":2,"tags":1700000000000,"curLedger":0,"subcats":1}|{"lang":false,"settings":"","customCats":["a"],"accounts":{},"assets":["a"],"loans":{"a":1},"subs":null,"tags":{"a":1},"currencies":false,"subcats":{"a":1},"curAccount":[]}
newer	{"lang":2,"customCats":1,"assets":5,"loans":100,"subs":100,"currencies":2,"subcats":5}|{"assets":5,"loans":2,"tags":1700000000000,"curLedger":0,"subcats":1}
adopt	{"lang":100,"settings":1700000000000,"customCats":1,"loans":1700000000000,"subs":5,"templates":1700000000000,"curLedger":1700000000000,"currencies":1,"subcats":2,"curAccount":100}|{"lang":0,"assets":0,"subs":0,"templates":1,"currencies":1700000000000,"curAccount":2}|{"lang":"","customCats":null,"assets":"","loans":null,"subs":null,"templates":"","curLedger":"","currencies":{"a":1},"curAccount":["a"]}
newer	{"lang":100,"settings":1700000000000,"customCats":1,"loans":1700000000000,"subs":5,"templates":1700000000000,"curLedger":1700000000000,"currencies":1,"subcats":2,"curAccount":100}|{"lang":0,"assets":0,"subs":0,"templates":1,"currencies":1700000000000,"curAccount":2}
adopt	{"customCats":100,"assets":0,"loans":5,"curLedger":2,"currencies":100,"subcats":1700000000000,"curAccount":2}|none|{"lang":"","settings":null,"loans":[],"templates":{"a":1},"tags":"","currencies":"x","subcats":"x","curAccount":[]}
newer	{"customCats":100,"assets":0,"loans":5,"curLedger":2,"currencies":100,"subcats":1700000000000,"curAccount":2}|none
adopt	{"accounts":1,"assets":100,"loans":1,"subs":5,"tags":1700000000000,"curLedger":5,"currencies":5,"subcats":5,"curAccount":2}|{"lang":0,"customCats":5,"assets":1700000000000,"loans":100,"templates":2,"tags":1,"curLedger":5}|{"lang":{"a":1},"customCats":"","accounts":[],"assets":{"a":1},"templates":[],"tags":false,"curAccount":null}
newer	{"accounts":1,"assets":100,"loans":1,"subs":5,"tags":1700000000000,"curLedger":5,"currencies":5,"subcats":5,"curAccount":2}|{"lang":0,"customCats":5,"assets":1700000000000,"loans":100,"templates":2,"tags":1,"curLedger":5}
adopt	{"settings":0,"accounts":0,"assets":5,"subs":1,"tags":2,"subcats":100,"curAccount":5}|{"customCats":5,"accounts":1700000000000,"subs":1700000000000,"templates":0,"curLedger":5,"currencies":5,"curAccount":1}|{"settings":null,"customCats":0,"assets":[],"loans":["a"],"templates":["a"],"tags":0,"curLedger":{"a":1},"currencies":{"a":1},"curAccount":[]}
newer	{"settings":0,"accounts":0,"assets":5,"subs":1,"tags":2,"subcats":100,"curAccount":5}|{"customCats":5,"accounts":1700000000000,"subs":1700000000000,"templates":0,"curLedger":5,"currencies":5,"curAccount":1}
adopt	{"accounts":1,"loans":0,"templates":100,"tags":5,"curLedger":1,"currencies":1700000000000,"subcats":0}|{"settings":100,"loans":0,"subs":0,"templates":0,"curLedger":1,"currencies":0,"curAccount":100}|{"lang":{"a":1},"settings":[],"accounts":"","subs":[],"curLedger":"x","currencies":null,"subcats":{"a":1}}
newer	{"accounts":1,"loans":0,"templates":100,"tags":5,"curLedger":1,"currencies":1700000000000,"subcats":0}|{"settings":100,"loans":0,"subs":0,"templates":0,"curLedger":1,"currencies":0,"curAccount":100}
adopt	{"lang":1,"loans":1,"subs":1,"templates":100,"tags":1700000000000,"curAccount":2}|{"lang":0,"customCats":5,"accounts":1,"subs":100,"templates":5,"tags":1700000000000}|{"lang":[],"assets":0,"loans":"","templates":"","tags":["a"],"curLedger":[],"subcats":0,"curAccount":""}
newer	{"lang":1,"loans":1,"subs":1,"templates":100,"tags":1700000000000,"curAccount":2}|{"lang":0,"customCats":5,"accounts":1,"subs":100,"templates":5,"tags":1700000000000}
adopt	{"settings":0,"accounts":100,"assets":0,"loans":1700000000000,"subs":2,"tags":1,"currencies":1700000000000,"curAccount":5}|none|{"lang":{"a":1},"settings":"x","customCats":"","accounts":false,"assets":[],"loans":["a"],"subs":false,"templates":"","tags":[],"currencies":[],"subcats":[],"curAccount":null}
newer	{"settings":0,"accounts":100,"assets":0,"loans":1700000000000,"subs":2,"tags":1,"currencies":1700000000000,"curAccount":5}|none
adopt	{"lang":1,"settings":1700000000000,"customCats":1,"assets":0,"subs":100,"tags":0,"curLedger":5,"currencies":100,"curAccount":2}|{"lang":1,"assets":0,"loans":5,"templates":5,"currencies":5,"subcats":0}|{"lang":0,"settings":{},"customCats":"x","accounts":"x","assets":{},"loans":0,"subs":null,"templates":{},"tags":"x","curLedger":["a"],"currencies":null,"subcats":{"a":1},"curAccount":[]}
newer	{"lang":1,"settings":1700000000000,"customCats":1,"assets":0,"subs":100,"tags":0,"curLedger":5,"currencies":100,"curAccount":2}|{"lang":1,"assets":0,"loans":5,"templates":5,"currencies":5,"subcats":0}
adopt	{"settings":1,"accounts":100,"assets":0,"subs":2,"curLedger":100}|{"lang":1700000000000,"settings":0,"customCats":1,"accounts":1,"loans":0,"templates":1700000000000,"tags":0,"curLedger":1700000000000,"currencies":5,"subcats":0}|{"lang":"x","settings":0,"customCats":null,"accounts":{"a":1},"loans":"x","templates":["a"],"currencies":"","subcats":{"a":1}}
newer	{"settings":1,"accounts":100,"assets":0,"subs":2,"curLedger":100}|{"lang":1700000000000,"settings":0,"customCats":1,"accounts":1,"loans":0,"templates":1700000000000,"tags":0,"curLedger":1700000000000,"currencies":5,"subcats":0}
adopt	{"lang":0,"settings":1,"customCats":0,"subs":5,"templates":5,"tags":5,"currencies":5,"subcats":5,"curAccount":5}|{"lang":100,"settings":0,"loans":2,"subs":100,"tags":0,"curLedger":5,"subcats":0}|{"lang":"","settings":0,"customCats":"x","accounts":"","assets":{},"loans":{},"subs":null,"templates":null,"tags":null,"currencies":false,"subcats":0,"curAccount":{"a":1}}
newer	{"lang":0,"settings":1,"customCats":0,"subs":5,"templates":5,"tags":5,"currencies":5,"subcats":5,"curAccount":5}|{"lang":100,"settings":0,"loans":2,"subs":100,"tags":0,"curLedger":5,"subcats":0}
adopt	{"settings":1,"customCats":1700000000000,"accounts":1700000000000,"assets":0,"loans":5,"subs":1700000000000,"subcats":1700000000000}|none|{"settings":0,"accounts":0,"assets":false,"subs":{},"templates":null,"curLedger":false,"currencies":""}
newer	{"settings":1,"customCats":1700000000000,"accounts":1700000000000,"assets":0,"loans":5,"subs":1700000000000,"subcats":1700000000000}|none
adopt	{"accounts":100,"subs":1700000000000,"tags":0,"curLedger":1700000000000,"currencies":2,"subcats":1,"curAccount":1700000000000}|{"lang":0,"settings":5,"accounts":2,"assets":1,"loans":2,"subs":1700000000000,"curLedger":5,"currencies":1700000000000,"subcats":2}|{"settings":0,"assets":[],"subs":{},"curLedger":{"a":1},"currencies":false,"curAccount":""}
newer	{"accounts":100,"subs":1700000000000,"tags":0,"curLedger":1700000000000,"currencies":2,"subcats":1,"curAccount":1700000000000}|{"lang":0,"settings":5,"accounts":2,"assets":1,"loans":2,"subs":1700000000000,"curLedger":5,"currencies":1700000000000,"subcats":2}
adopt	{"lang":1700000000000,"settings":5,"loans":100,"subs":0,"templates":2,"subcats":5,"curAccount":1700000000000}|{"customCats":100,"accounts":2,"assets":0,"loans":5,"templates":100,"tags":1,"subcats":5,"curAccount":100}|{"lang":{"a":1},"customCats":null,"accounts":0,"subs":"","templates":{},"tags":{"a":1},"curLedger":null,"currencies":"x","subcats":false,"curAccount":{}}
newer	{"lang":1700000000000,"settings":5,"loans":100,"subs":0,"templates":2,"subcats":5,"curAccount":1700000000000}|{"customCats":100,"accounts":2,"assets":0,"loans":5,"templates":100,"tags":1,"subcats":5,"curAccount":100}
adopt	{"accounts":1,"loans":5,"subs":1700000000000,"templates":1700000000000,"tags":2,"curLedger":2,"subcats":0,"curAccount":1}|{"subs":100,"templates":2,"curLedger":0,"currencies":5,"curAccount":100}|{"lang":"","settings":"x","assets":"x","loans":0,"subs":"","tags":false,"currencies":["a"],"curAccount":{"a":1}}
newer	{"accounts":1,"loans":5,"subs":1700000000000,"templates":1700000000000,"tags":2,"curLedger":2,"subcats":0,"curAccount":1}|{"subs":100,"templates":2,"curLedger":0,"currencies":5,"curAccount":100}
adopt	{"customCats":5,"accounts":0,"assets":100,"loans":1700000000000,"templates":1,"curLedger":5,"subcats":100}|{"lang":1,"settings":100,"accounts":100,"assets":1,"templates":5,"tags":0,"currencies":100,"subcats":0}|{"accounts":{},"assets":null,"loans":0,"subs":{},"templates":0,"tags":null,"curLedger":0,"currencies":{"a":1}}
newer	{"customCats":5,"accounts":0,"assets":100,"loans":1700000000000,"templates":1,"curLedger":5,"subcats":100}|{"lang":1,"settings":100,"accounts":100,"assets":1,"templates":5,"tags":0,"currencies":100,"subcats":0}
adopt	{"customCats":5,"loans":1700000000000,"templates":100,"tags":100}|none|{"lang":[],"settings":{},"accounts":null,"subs":"","templates":"","tags":null,"curLedger":{},"curAccount":false}
newer	{"customCats":5,"loans":1700000000000,"templates":100,"tags":100}|none
adopt	{"customCats":5,"assets":1700000000000,"loans":1700000000000,"subs":1700000000000,"tags":2,"curLedger":0,"currencies":2}|{"lang":0,"settings":1,"customCats":1700000000000,"accounts":0,"assets":0,"tags":100,"curLedger":0,"currencies":0,"subcats":0,"curAccount":1700000000000}|{"lang":0,"accounts":false,"assets":0,"templates":"x","tags":0,"curLedger":["a"],"currencies":"x","subcats":""}
newer	{"customCats":5,"assets":1700000000000,"loans":1700000000000,"subs":1700000000000,"tags":2,"curLedger":0,"currencies":2}|{"lang":0,"settings":1,"customCats":1700000000000,"accounts":0,"assets":0,"tags":100,"curLedger":0,"currencies":0,"subcats":0,"curAccount":1700000000000}
adopt	{"lang":2,"customCats":100,"accounts":5,"assets":2,"templates":0,"tags":0,"subcats":5,"curAccount":1}|{"settings":1700000000000,"accounts":2,"templates":2,"tags":5,"curLedger":2,"currencies":2,"subcats":1}|{"lang":null,"settings":false,"customCats":"x","accounts":false,"assets":[],"subs":0,"templates":0,"tags":null,"curLedger":"","currencies":{},"curAccount":0}
newer	{"lang":2,"customCats":100,"accounts":5,"assets":2,"templates":0,"tags":0,"subcats":5,"curAccount":1}|{"settings":1700000000000,"accounts":2,"templates":2,"tags":5,"curLedger":2,"currencies":2,"subcats":1}
adopt	{"settings":0,"accounts":0,"templates":100,"curLedger":5,"currencies":0,"subcats":5,"curAccount":5}|{"customCats":0,"accounts":5,"assets":2,"templates":5,"curLedger":1,"currencies":100,"subcats":2}|{"customCats":[],"assets":false,"subs":["a"],"tags":["a"],"curLedger":null,"currencies":null,"subcats":0,"curAccount":""}
newer	{"settings":0,"accounts":0,"templates":100,"curLedger":5,"currencies":0,"subcats":5,"curAccount":5}|{"customCats":0,"accounts":5,"assets":2,"templates":5,"curLedger":1,"currencies":100,"subcats":2}
adopt	{"lang":100,"assets":1,"subs":1,"templates":1700000000000,"tags":100,"curLedger":2,"subcats":1,"curAccount":1700000000000}|{"settings":2,"customCats":2,"assets":1,"subs":2,"templates":2,"curLedger":5,"subcats":5}|{"settings":["a"],"customCats":["a"],"assets":["a"],"loans":null,"subcats":["a"]}
newer	{"lang":100,"assets":1,"subs":1,"templates":1700000000000,"tags":100,"curLedger":2,"subcats":1,"curAccount":1700000000000}|{"settings":2,"customCats":2,"assets":1,"subs":2,"templates":2,"curLedger":5,"subcats":5}
adopt	{"lang":0,"settings":2,"customCats":100,"accounts":1,"loans":100,"subs":1700000000000,"templates":1,"tags":1,"curLedger":1,"currencies":5,"subcats":5,"curAccount":100}|{"lang":5,"assets":5,"templates":2,"subcats":100}|{"lang":[],"settings":0,"customCats":false,"assets":0,"loans":0,"subs":["a"],"templates":{"a":1},"tags":["a"],"curLedger":["a"],"curAccount":{"a":1}}
newer	{"lang":0,"settings":2,"customCats":100,"accounts":1,"loans":100,"subs":1700000000000,"templates":1,"tags":1,"curLedger":1,"currencies":5,"subcats":5,"curAccount":100}|{"lang":5,"assets":5,"templates":2,"subcats":100}
adopt	{"loans":0,"tags":5,"curAccount":5}|{"customCats":1700000000000,"accounts":1,"assets":1,"templates":5,"subcats":5,"curAccount":2}|{"lang":"","customCats":null,"accounts":{},"templates":["a"],"tags":"","curLedger":"x","curAccount":{}}
newer	{"loans":0,"tags":5,"curAccount":5}|{"customCats":1700000000000,"accounts":1,"assets":1,"templates":5,"subcats":5,"curAccount":2}
adopt	{"customCats":2,"subs":1700000000000}|{"assets":1,"currencies":1}|{"lang":"x","assets":"","loans":[],"subs":["a"],"templates":{},"curLedger":null,"currencies":{},"subcats":[],"curAccount":[]}
newer	{"customCats":2,"subs":1700000000000}|{"assets":1,"currencies":1}
adopt	{"settings":0,"subs":1700000000000,"templates":100,"currencies":0,"subcats":1700000000000}|{"templates":0,"currencies":0,"subcats":1}|{"lang":{"a":1},"accounts":["a"],"loans":"","subs":0,"templates":"","curLedger":false,"subcats":false,"curAccount":[]}
newer	{"settings":0,"subs":1700000000000,"templates":100,"currencies":0,"subcats":1700000000000}|{"templates":0,"currencies":0,"subcats":1}
adopt	{"customCats":5,"accounts":5,"assets":5,"loans":5,"templates":1700000000000,"tags":0,"subcats":0,"curAccount":5}|{"settings":5,"assets":0,"loans":2,"subs":100,"templates":2,"subcats":2}|{"settings":false,"customCats":false,"accounts":null,"assets":"x","subs":null,"templates":[]}
newer	{"customCats":5,"accounts":5,"assets":5,"loans":5,"templates":1700000000000,"tags":0,"subcats":0,"curAccount":5}|{"settings":5,"assets":0,"loans":2,"subs":100,"templates":2,"subcats":2}
adopt	{"lang":2,"settings":5,"accounts":2,"assets":1700000000000,"templates":100,"tags":0,"curLedger":0,"currencies":0}|{"settings":1,"assets":100,"loans":1700000000000,"templates":100,"tags":5,"curLedger":2,"currencies":1700000000000,"subcats":5,"curAccount":100}|{"lang":{"a":1},"settings":[],"customCats":["a"],"assets":{},"loans":"x","subs":"x","templates":0,"tags":{"a":1},"currencies":["a"],"subcats":"","curAccount":null}
newer	{"lang":2,"settings":5,"accounts":2,"assets":1700000000000,"templates":100,"tags":0,"curLedger":0,"currencies":0}|{"settings":1,"assets":100,"loans":1700000000000,"templates":100,"tags":5,"curLedger":2,"currencies":1700000000000,"subcats":5,"curAccount":100}
adopt	{"lang":2,"accounts":5,"assets":2,"curLedger":5,"subcats":100}|{"customCats":2,"loans":100,"subs":1700000000000,"subcats":100}|{"customCats":null,"accounts":"x","assets":false,"loans":[],"templates":{"a":1},"tags":["a"],"curLedger":"x","currencies":false,"subcats":{}}
newer	{"lang":2,"accounts":5,"assets":2,"curLedger":5,"subcats":100}|{"customCats":2,"loans":100,"subs":1700000000000,"subcats":100}
adopt	{"lang":0,"accounts":5,"subs":5,"curLedger":5,"subcats":2}|none|{"lang":["a"],"customCats":"x","accounts":{"a":1},"loans":0,"subs":false,"templates":{"a":1},"tags":false,"currencies":false,"subcats":["a"],"curAccount":["a"]}
newer	{"lang":0,"accounts":5,"subs":5,"curLedger":5,"subcats":2}|none
adopt	{"settings":5,"customCats":0,"assets":100,"loans":2,"tags":5,"currencies":100,"curAccount":1}|{"lang":1,"settings":5,"customCats":5,"accounts":1700000000000,"assets":5,"loans":1,"subs":1,"currencies":5}|{"lang":{},"accounts":null,"assets":"","loans":"x","templates":{"a":1},"tags":{"a":1},"curLedger":0,"subcats":0}
newer	{"settings":5,"customCats":0,"assets":100,"loans":2,"tags":5,"currencies":100,"curAccount":1}|{"lang":1,"settings":5,"customCats":5,"accounts":1700000000000,"assets":5,"loans":1,"subs":1,"currencies":5}
adopt	{"lang":1700000000000,"customCats":2,"subs":1,"templates":1,"tags":2,"curLedger":1,"currencies":1}|{"settings":5,"customCats":0,"accounts":1,"assets":0,"subs":100,"tags":1700000000000}|{"lang":"","customCats":{},"accounts":{},"assets":["a"],"loans":["a"],"tags":{},"curLedger":"","subcats":null,"curAccount":0}
newer	{"lang":1700000000000,"customCats":2,"subs":1,"templates":1,"tags":2,"curLedger":1,"currencies":1}|{"settings":5,"customCats":0,"accounts":1,"assets":0,"subs":100,"tags":1700000000000}
adopt	{"lang":1700000000000,"customCats":5,"subs":5,"tags":5,"curLedger":0,"subcats":5}|none|{"lang":{"a":1},"settings":"","customCats":false,"loans":0,"tags":false,"curLedger":["a"]}
newer	{"lang":1700000000000,"customCats":5,"subs":5,"tags":5,"curLedger":0,"subcats":5}|none
adopt	{"customCats":1700000000000,"accounts":1,"subs":5,"templates":1,"tags":2,"curLedger":1700000000000}|{"assets":1,"loans":1700000000000,"curLedger":100,"curAccount":5}|{"settings":{"a":1},"accounts":[],"loans":["a"],"tags":{},"curLedger":{},"currencies":["a"],"subcats":0}
newer	{"customCats":1700000000000,"accounts":1,"subs":5,"templates":1,"tags":2,"curLedger":1700000000000}|{"assets":1,"loans":1700000000000,"curLedger":100,"curAccount":5}
adopt	{"accounts":100,"assets":100,"subs":1700000000000,"tags":0,"curLedger":1700000000000,"currencies":100,"subcats":1700000000000,"curAccount":1700000000000}|{"lang":5,"settings":100,"customCats":1700000000000,"assets":2,"subs":1700000000000,"templates":5,"curLedger":100,"currencies":100,"subcats":1700000000000,"curAccount":5}|{"settings":0,"customCats":[],"accounts":0,"assets":{"a":1},"loans":{},"subs":{},"templates":"","tags":{},"currencies":{"a":1},"subcats":[],"curAccount":"x"}
newer	{"accounts":100,"assets":100,"subs":1700000000000,"tags":0,"curLedger":1700000000000,"currencies":100,"subcats":1700000000000,"curAccount":1700000000000}|{"lang":5,"settings":100,"customCats":1700000000000,"assets":2,"subs":1700000000000,"templates":5,"curLedger":100,"currencies":100,"subcats":1700000000000,"curAccount":5}
adopt	{"settings":1,"accounts":2,"subs":5,"tags":5,"curLedger":2,"currencies":0,"subcats":1}|{"settings":5,"assets":100,"curLedger":1,"currencies":1}|{"lang":{"a":1},"settings":{"a":1},"accounts":false,"loans":["a"],"templates":null,"tags":null,"currencies":[],"subcats":false}
newer	{"settings":1,"accounts":2,"subs":5,"tags":5,"curLedger":2,"currencies":0,"subcats":1}|{"settings":5,"assets":100,"curLedger":1,"currencies":1}
adopt	{"settings":5,"accounts":2,"assets":1,"subs":100,"templates":100,"tags":1,"currencies":5,"subcats":100,"curAccount":1}|{"customCats":0,"assets":0,"loans":2,"subs":1700000000000,"curLedger":1700000000000,"currencies":100,"subcats":100}|{"settings":{"a":1},"customCats":0,"accounts":[],"assets":[],"templates":[],"tags":"","curLedger":{"a":1},"currencies":"x","subcats":{},"curAccount":0}
newer	{"settings":5,"accounts":2,"assets":1,"subs":100,"templates":100,"tags":1,"currencies":5,"subcats":100,"curAccount":1}|{"customCats":0,"assets":0,"loans":2,"subs":1700000000000,"curLedger":1700000000000,"currencies":100,"subcats":100}
adopt	{"settings":0,"customCats":1700000000000,"accounts":0,"assets":5,"loans":1,"templates":1,"tags":100,"curLedger":0,"currencies":1700000000000,"subcats":1700000000000,"curAccount":2}|{"lang":2,"settings":5,"accounts":100,"assets":2,"loans":100}|{"lang":{"a":1},"settings":null,"accounts":[],"loans":"","subs":["a"],"templates":["a"],"tags":{"a":1},"curLedger":"x","subcats":{},"curAccount":{"a":1}}
newer	{"settings":0,"customCats":1700000000000,"accounts":0,"assets":5,"loans":1,"templates":1,"tags":100,"curLedger":0,"currencies":1700000000000,"subcats":1700000000000,"curAccount":2}|{"lang":2,"settings":5,"accounts":100,"assets":2,"loans":100}
adopt	{"lang":100,"subs":1700000000000,"templates":0,"subcats":100,"curAccount":0}|{"settings":100,"loans":1700000000000,"subs":5,"currencies":2,"subcats":0,"curAccount":0}|{"lang":"","settings":["a"],"customCats":{},"assets":null,"loans":[],"templates":"x","curLedger":{"a":1},"subcats":"","curAccount":["a"]}
newer	{"lang":100,"subs":1700000000000,"templates":0,"subcats":100,"curAccount":0}|{"settings":100,"loans":1700000000000,"subs":5,"currencies":2,"subcats":0,"curAccount":0}
adopt	{"settings":2,"assets":2,"subs":0,"curLedger":5,"currencies":0,"curAccount":5}|{"settings":2,"accounts":1,"loans":100,"subs":5,"curAccount":5}|{"settings":[],"customCats":"","accounts":{"a":1},"assets":"x","loans":{"a":1},"templates":"x","tags":false,"curLedger":"","currencies":""}
newer	{"settings":2,"assets":2,"subs":0,"curLedger":5,"currencies":0,"curAccount":5}|{"settings":2,"accounts":1,"loans":100,"subs":5,"curAccount":5}
adopt	{"lang":1,"settings":5,"accounts":1,"loans":0,"templates":1,"curLedger":100,"currencies":100,"subcats":100,"curAccount":100}|{"lang":0,"settings":1700000000000,"customCats":100,"accounts":0,"loans":5,"subcats":1,"curAccount":100}|{"lang":"","settings":[],"customCats":null,"accounts":{},"assets":"x","loans":[],"subs":false,"curLedger":0,"currencies":["a"],"curAccount":["a"]}
newer	{"lang":1,"settings":5,"accounts":1,"loans":0,"templates":1,"curLedger":100,"currencies":100,"subcats":100,"curAccount":100}|{"lang":0,"settings":1700000000000,"customCats":100,"accounts":0,"loans":5,"subcats":1,"curAccount":100}
adopt	{"customCats":100,"subs":0,"templates":5,"tags":2,"subcats":5,"curAccount":1700000000000}|{"lang":5,"customCats":0,"assets":100,"loans":0,"subs":0,"tags":5,"subcats":5}|{"settings":["a"],"accounts":null,"assets":"x","subs":{"a":1},"templates":{},"tags":["a"],"curLedger":null,"subcats":["a"]}
newer	{"customCats":100,"subs":0,"templates":5,"tags":2,"subcats":5,"curAccount":1700000000000}|{"lang":5,"customCats":0,"assets":100,"loans":0,"subs":0,"tags":5,"subcats":5}
adopt	{"lang":100,"settings":1700000000000,"customCats":1700000000000,"loans":1,"subs":1700000000000,"curLedger":100,"currencies":1,"subcats":1}|{"lang":0,"settings":100,"loans":100,"templates":1,"curLedger":0,"subcats":5,"curAccount":1}|{"lang":"","settings":0,"customCats":"","accounts":null,"loans":"","subs":{"a":1},"templates":{},"tags":"x","currencies":0,"curAccount":{"a":1}}
newer	{"lang":100,"settings":1700000000000,"customCats":1700000000000,"loans":1,"subs":1700000000000,"curLedger":100,"currencies":1,"subcats":1}|{"lang":0,"settings":100,"loans":100,"templates":1,"curLedger":0,"subcats":5,"curAccount":1}
adopt	{"lang":2,"customCats":5,"accounts":5,"assets":2,"loans":5,"templates":1700000000000,"tags":2,"curAccount":1}|{"lang":2,"assets":1,"loans":5,"subs":5,"currencies":0,"curAccount":100}|{"customCats":[],"accounts":[],"assets":["a"],"loans":0,"templates":"x","tags":[],"curLedger":["a"],"currencies":"x","subcats":false,"curAccount":[]}
newer	{"lang":2,"customCats":5,"accounts":5,"assets":2,"loans":5,"templates":1700000000000,"tags":2,"curAccount":1}|{"lang":2,"assets":1,"loans":5,"subs":5,"currencies":0,"curAccount":100}
adopt	{"customCats":2,"loans":0,"subs":1700000000000,"templates":1700000000000,"currencies":0,"subcats":1700000000000,"curAccount":100}|{"settings":0,"customCats":5,"loans":100,"subs":100,"templates":1700000000000,"tags":5,"curLedger":2,"subcats":1700000000000}|{"lang":["a"],"settings":0,"customCats":["a"],"accounts":["a"],"assets":{"a":1},"subs":{},"subcats":[],"curAccount":"x"}
newer	{"customCats":2,"loans":0,"subs":1700000000000,"templates":1700000000000,"currencies":0,"subcats":1700000000000,"curAccount":100}|{"settings":0,"customCats":5,"loans":100,"subs":100,"templates":1700000000000,"tags":5,"curLedger":2,"subcats":1700000000000}
adopt	{"lang":1700000000000,"settings":1700000000000,"accounts":1,"loans":2,"subs":1,"curLedger":5,"currencies":2}|none|{"lang":{},"customCats":false,"accounts":0,"assets":{"a":1},"loans":"x","subs":null,"templates":"","curAccount":0}
newer	{"lang":1700000000000,"settings":1700000000000,"accounts":1,"loans":2,"subs":1,"curLedger":5,"currencies":2}|none
adopt	{"settings":100,"customCats":0,"loans":1700000000000,"tags":2,"curLedger":1700000000000,"subcats":100}|{"lang":100,"accounts":1,"assets":100}|{"settings":"x","customCats":null,"accounts":0,"assets":"","loans":[],"subs":{},"tags":{},"curLedger":null,"curAccount":0}
newer	{"settings":100,"customCats":0,"loans":1700000000000,"tags":2,"curLedger":1700000000000,"subcats":100}|{"lang":100,"accounts":1,"assets":100}
adopt	{"customCats":1,"accounts":1700000000000,"assets":100,"templates":1,"curLedger":5,"currencies":5,"subcats":5,"curAccount":0}|none|{"lang":false,"settings":null,"customCats":{"a":1},"assets":0,"loans":false,"templates":{},"curLedger":["a"],"subcats":["a"],"curAccount":["a"]}
newer	{"customCats":1,"accounts":1700000000000,"assets":100,"templates":1,"curLedger":5,"currencies":5,"subcats":5,"curAccount":0}|none
adopt	{"lang":100,"settings":1700000000000,"accounts":100,"assets":100,"subs":100,"templates":2,"curLedger":1700000000000,"currencies":5,"curAccount":100}|{"lang":100,"customCats":5,"loans":100,"subs":1700000000000,"currencies":2,"curAccount":1700000000000}|{"lang":{"a":1},"settings":"","customCats":0,"accounts":"x","assets":[],"subs":false,"templates":0,"curLedger":"","subcats":{},"curAccount":{"a":1}}
newer	{"lang":100,"settings":1700000000000,"accounts":100,"assets":100,"subs":100,"templates":2,"curLedger":1700000000000,"currencies":5,"curAccount":100}|{"lang":100,"customCats":5,"loans":100,"subs":1700000000000,"currencies":2,"curAccount":1700000000000}
adopt	{"lang":100,"settings":100,"accounts":5,"assets":1700000000000,"loans":5,"subs":2,"tags":1,"currencies":1,"subcats":2,"curAccount":1700000000000}|{"lang":1,"settings":2,"customCats":0,"assets":1,"loans":5,"templates":1,"curLedger":2}|{"lang":"","settings":false,"accounts":{},"assets":"","loans":[],"tags":{},"curLedger":["a"],"subcats":["a"]}
newer	{"lang":100,"settings":100,"accounts":5,"assets":1700000000000,"loans":5,"subs":2,"tags":1,"currencies":1,"subcats":2,"curAccount":1700000000000}|{"lang":1,"settings":2,"customCats":0,"assets":1,"loans":5,"templates":1,"curLedger":2}
adopt	{"settings":5,"accounts":5,"assets":1,"loans":100,"subs":1,"templates":0,"tags":5,"subcats":1,"curAccount":0}|{"customCats":1,"accounts":5,"assets":1,"loans":2,"subs":1,"templates":2,"currencies":5}|{"settings":["a"],"customCats":["a"],"accounts":[],"assets":[],"subs":"","templates":{"a":1},"tags":"x","subcats":0}
newer	{"settings":5,"accounts":5,"assets":1,"loans":100,"subs":1,"templates":0,"tags":5,"subcats":1,"curAccount":0}|{"customCats":1,"accounts":5,"assets":1,"loans":2,"subs":1,"templates":2,"currencies":5}
adopt	{"settings":1,"customCats":100,"accounts":2,"tags":100,"subcats":2}|{"lang":2,"settings":100,"assets":100,"loans":100,"subs":0,"subcats":5,"curAccount":5}|{"lang":0,"accounts":null,"loans":null,"subs":false,"templates":false,"curLedger":["a"],"currencies":"","subcats":false}
newer	{"settings":1,"customCats":100,"accounts":2,"tags":100,"subcats":2}|{"lang":2,"settings":100,"assets":100,"loans":100,"subs":0,"subcats":5,"curAccount":5}
adopt	{"lang":1700000000000,"customCats":5,"assets":0,"templates":0,"tags":1,"currencies":5,"curAccount":1700000000000}|{"lang":5,"customCats":0,"loans":2,"subs":2,"tags":100,"curLedger":0,"currencies":1,"curAccount":1}|{"lang":{},"customCats":{},"accounts":["a"],"assets":0,"templates":null,"tags":["a"],"curLedger":{},"currencies":0,"curAccount":{}}
newer	{"lang":1700000000000,"customCats":5,"assets":0,"templates":0,"tags":1,"currencies":5,"curAccount":1700000000000}|{"lang":5,"customCats":0,"loans":2,"subs":2,"tags":100,"curLedger":0,"currencies":1,"curAccount":1}
adopt	{"lang":100,"customCats":1700000000000,"subs":5,"tags":0,"curLedger":0,"curAccount":0}|{"lang":0,"settings":0,"customCats":5,"assets":1,"loans":0,"templates":1,"curLedger":0,"currencies":0,"subcats":1}|{"settings":{"a":1},"customCats":false,"accounts":"x","assets":null,"loans":"","subs":["a"],"templates":[],"tags":"x","curLedger":null,"subcats":"x","curAccount":[]}
newer	{"lang":100,"customCats":1700000000000,"subs":5,"tags":0,"curLedger":0,"curAccount":0}|{"lang":0,"settings":0,"customCats":5,"assets":1,"loans":0,"templates":1,"curLedger":0,"currencies":0,"subcats":1}
adopt	{"curLedger":5,"subcats":5,"curAccount":0}|{"accounts":1700000000000,"templates":2,"tags":100,"currencies":100,"subcats":100,"curAccount":1}|{"lang":0,"settings":{"a":1},"customCats":false,"assets":"","loans":"x","templates":"","tags":["a"],"currencies":[],"subcats":{},"curAccount":null}
newer	{"curLedger":5,"subcats":5,"curAccount":0}|{"accounts":1700000000000,"templates":2,"tags":100,"currencies":100,"subcats":100,"curAccount":1}
adopt	{"customCats":100,"accounts":1700000000000,"assets":100,"loans":5,"curLedger":0,"curAccount":2}|{"settings":1,"accounts":2,"assets":100,"loans":100,"subs":2,"templates":0,"tags":1700000000000,"currencies":5,"subcats":2}|{"lang":0,"settings":{"a":1},"customCats":{},"accounts":null,"loans":null,"subs":null,"templates":null,"tags":[],"curLedger":{"a":1},"currencies":{"a":1},"subcats":"x"}
newer	{"customCats":100,"accounts":1700000000000,"assets":100,"loans":5,"curLedger":0,"curAccount":2}|{"settings":1,"accounts":2,"assets":100,"loans":100,"subs":2,"templates":0,"tags":1700000000000,"currencies":5,"subcats":2}
adopt	{"lang":0,"settings":5,"customCats":2,"loans":1,"subs":0,"templates":0,"tags":1700000000000,"subcats":100}|{"lang":2,"settings":1,"loans":5,"subs":100,"templates":100,"curLedger":1,"currencies":0}|{"lang":["a"],"customCats":{},"accounts":[],"assets":[],"loans":"","templates":[],"tags":false,"curLedger":null,"currencies":""}
newer	{"lang":0,"settings":5,"customCats":2,"loans":1,"subs":0,"templates":0,"tags":1700000000000,"subcats":100}|{"lang":2,"settings":1,"loans":5,"subs":100,"templates":100,"curLedger":1,"currencies":0}
adopt	{"lang":1,"assets":100,"loans":0,"subs":0,"templates":2,"tags":0}|{"lang":100,"customCats":5,"accounts":0,"assets":100,"loans":0,"subs":1,"curLedger":1,"currencies":100,"subcats":1,"curAccount":1700000000000}|{"lang":0,"settings":0,"customCats":[],"accounts":{"a":1},"assets":"x","loans":[],"subs":[],"templates":"x","tags":0,"curLedger":"x","currencies":"","subcats":null,"curAccount":[]}
newer	{"lang":1,"assets":100,"loans":0,"subs":0,"templates":2,"tags":0}|{"lang":100,"customCats":5,"accounts":0,"assets":100,"loans":0,"subs":1,"curLedger":1,"currencies":100,"subcats":1,"curAccount":1700000000000}
adopt	{"lang":2,"settings":1700000000000,"accounts":1,"assets":1700000000000,"subs":5,"templates":2,"curLedger":2}|{"lang":100,"customCats":100,"accounts":2,"assets":1700000000000,"loans":5,"subs":1,"tags":0,"currencies":2,"subcats":2}|{"settings":{"a":1},"accounts":false,"assets":"x","subs":{"a":1},"tags":"x","curLedger":{},"currencies":[],"subcats":"x","curAccount":[]}
newer	{"lang":2,"settings":1700000000000,"accounts":1,"assets":1700000000000,"subs":5,"templates":2,"curLedger":2}|{"lang":100,"customCats":100,"accounts":2,"assets":1700000000000,"loans":5,"subs":1,"tags":0,"currencies":2,"subcats":2}
adopt	{"lang":0,"settings":2,"customCats":2,"accounts":100,"loans":1700000000000,"subs":0,"tags":0,"subcats":100}|{"lang":2,"accounts":0,"loans":100,"subs":1700000000000,"currencies":100,"subcats":1700000000000,"curAccount":5}|{"lang":false,"settings":false,"accounts":false,"assets":["a"],"loans":false,"subs":{"a":1},"templates":[],"tags":false,"curLedger":{},"currencies":["a"],"subcats":0}
newer	{"lang":0,"settings":2,"customCats":2,"accounts":100,"loans":1700000000000,"subs":0,"tags":0,"subcats":100}|{"lang":2,"accounts":0,"loans":100,"subs":1700000000000,"currencies":100,"subcats":1700000000000,"curAccount":5}
adopt	{"lang":1700000000000,"assets":5,"subs":100,"templates":100,"tags":0,"curLedger":5,"currencies":2,"curAccount":1}|{"customCats":5,"assets":0,"loans":1700000000000,"subs":2,"templates":1,"curLedger":2,"subcats":1700000000000}|{"settings":"","loans":"","templates":0,"tags":null,"curAccount":"x"}
newer	{"lang":1700000000000,"assets":5,"subs":100,"templates":100,"tags":0,"curLedger":5,"currencies":2,"curAccount":1}|{"customCats":5,"assets":0,"loans":1700000000000,"subs":2,"templates":1,"curLedger":2,"subcats":1700000000000}
adopt	{"customCats":0,"assets":5,"templates":100,"currencies":5}|{"settings":5,"customCats":1,"assets":0,"loans":0,"tags":1,"curLedger":2,"subcats":2,"curAccount":1}|{"settings":{"a":1},"customCats":["a"],"assets":null,"subs":"","currencies":false,"subcats":{},"curAccount":{}}
newer	{"customCats":0,"assets":5,"templates":100,"currencies":5}|{"settings":5,"customCats":1,"assets":0,"loans":0,"tags":1,"curLedger":2,"subcats":2,"curAccount":1}
adopt	{"customCats":1,"accounts":5,"assets":100,"curLedger":0,"subcats":100}|{"lang":1700000000000,"customCats":2,"accounts":100,"assets":1,"loans":100,"tags":2,"curLedger":5,"currencies":5,"subcats":5,"curAccount":2}|{"lang":{"a":1},"customCats":["a"],"accounts":{},"loans":"","subs":"","templates":{"a":1},"subcats":0,"curAccount":""}
newer	{"customCats":1,"accounts":5,"assets":100,"curLedger":0,"subcats":100}|{"lang":1700000000000,"customCats":2,"accounts":100,"assets":1,"loans":100,"tags":2,"curLedger":5,"currencies":5,"subcats":5,"curAccount":2}
adopt	{"settings":0,"customCats":2,"subs":1,"templates":1700000000000,"tags":2,"curLedger":1,"currencies":5,"subcats":1700000000000,"curAccount":1700000000000}|{"settings":2,"customCats":100,"assets":0,"subs":1700000000000,"curLedger":5,"curAccount":2}|{"lang":["a"],"settings":0,"customCats":{"a":1},"accounts":"x","assets":{"a":1},"loans":0,"templates":false,"tags":["a"],"curLedger":null,"currencies":{"a":1},"subcats":[],"curAccount":""}
newer	{"settings":0,"customCats":2,"subs":1,"templates":1700000000000,"tags":2,"curLedger":1,"currencies":5,"subcats":1700000000000,"curAccount":1700000000000}|{"settings":2,"customCats":100,"assets":0,"subs":1700000000000,"curLedger":5,"curAccount":2}
adopt	{"lang":1700000000000,"accounts":100,"loans":1,"subs":100}|{"lang":0,"settings":1700000000000,"assets":2,"subs":100,"curLedger":5,"subcats":100}|{"customCats":{},"assets":false,"loans":["a"],"subs":{"a":1},"templates":0,"curLedger":{},"currencies":{},"subcats":"x","curAccount":{}}
newer	{"lang":1700000000000,"accounts":100,"loans":1,"subs":100}|{"lang":0,"settings":1700000000000,"assets":2,"subs":100,"curLedger":5,"subcats":100}
adopt	{"lang":1700000000000,"settings":100,"accounts":1700000000000,"assets":5,"loans":100,"subs":1,"templates":100,"tags":2,"curLedger":1,"subcats":100}|{"lang":1,"settings":2,"customCats":1700000000000,"accounts":100,"subs":1,"tags":5,"curLedger":0}|{"settings":{"a":1},"customCats":0,"accounts":null,"assets":"","loans":"","subs":{"a":1},"templates":null,"tags":"x","curLedger":["a"],"subcats":""}
newer	{"lang":1700000000000,"settings":100,"accounts":1700000000000,"assets":5,"loans":100,"subs":1,"templates":100,"tags":2,"curLedger":1,"subcats":100}|{"lang":1,"settings":2,"customCats":1700000000000,"accounts":100,"subs":1,"tags":5,"curLedger":0}
adopt	{"lang":0,"settings":0,"customCats":100,"accounts":0,"subs":1,"templates":1700000000000,"tags":0}|{"assets":1,"tags":0,"curLedger":5,"currencies":1,"subcats":1700000000000,"curAccount":1700000000000}|{"lang":"","accounts":null,"assets":["a"],"loans":false,"subs":"x","templates":{"a":1},"tags":["a"],"curLedger":"","currencies":null,"subcats":0,"curAccount":""}
newer	{"lang":0,"settings":0,"customCats":100,"accounts":0,"subs":1,"templates":1700000000000,"tags":0}|{"assets":1,"tags":0,"curLedger":5,"currencies":1,"subcats":1700000000000,"curAccount":1700000000000}
adopt	{"settings":1700000000000,"customCats":1700000000000,"accounts":100,"loans":2,"tags":1700000000000,"curLedger":5,"subcats":100,"curAccount":1}|{"customCats":2,"loans":1,"subs":1700000000000,"curLedger":1,"currencies":1,"subcats":0}|{"lang":0,"settings":["a"],"customCats":{},"accounts":["a"],"assets":0,"subs":"","tags":["a"],"curLedger":null,"subcats":{},"curAccount":{"a":1}}
newer	{"settings":1700000000000,"customCats":1700000000000,"accounts":100,"loans":2,"tags":1700000000000,"curLedger":5,"subcats":100,"curAccount":1}|{"customCats":2,"loans":1,"subs":1700000000000,"curLedger":1,"currencies":1,"subcats":0}
adopt	{"accounts":1,"assets":100,"loans":100,"tags":0}|{"lang":1,"assets":1700000000000,"loans":2,"templates":5,"currencies":1700000000000}|{"lang":["a"],"customCats":{},"assets":null,"loans":"x","subs":"x","tags":{},"curLedger":["a"],"currencies":["a"],"subcats":{"a":1}}
newer	{"accounts":1,"assets":100,"loans":100,"tags":0}|{"lang":1,"assets":1700000000000,"loans":2,"templates":5,"currencies":1700000000000}
adopt	{"lang":1,"settings":2,"accounts":5,"loans":0,"templates":1700000000000,"tags":100,"curLedger":5,"curAccount":1700000000000}|{"settings":0,"accounts":1700000000000,"subs":1700000000000,"templates":5,"subcats":5}|{"lang":{"a":1},"customCats":false,"accounts":"","assets":"","loans":null,"subs":0,"tags":null,"curLedger":0,"curAccount":{"a":1}}
newer	{"lang":1,"settings":2,"accounts":5,"loans":0,"templates":1700000000000,"tags":100,"curLedger":5,"curAccount":1700000000000}|{"settings":0,"accounts":1700000000000,"subs":1700000000000,"templates":5,"subcats":5}
adopt	{"customCats":1700000000000,"accounts":1,"assets":1,"loans":100,"subs":5,"tags":0,"curLedger":0,"subcats":100}|{"lang":0,"customCats":0,"accounts":5,"assets":2,"loans":1,"subs":1,"templates":5,"tags":5,"currencies":0}|{"settings":"x","accounts":{"a":1},"subs":{},"templates":[],"currencies":[],"subcats":false,"curAccount":null}
newer	{"customCats":1700000000000,"accounts":1,"assets":1,"loans":100,"subs":5,"tags":0,"curLedger":0,"subcats":100}|{"lang":0,"customCats":0,"accounts":5,"assets":2,"loans":1,"subs":1,"templates":5,"tags":5,"currencies":0}
adopt	{"lang":1700000000000,"customCats":5,"assets":100,"loans":0,"subs":0,"templates":1700000000000,"tags":2,"currencies":100,"subcats":100}|{"assets":0,"loans":1,"subs":2,"templates":100,"currencies":0,"subcats":5,"curAccount":0}|{"lang":null,"settings":[],"accounts":"x","assets":null,"loans":false,"subs":"x","tags":"x","curAccount":"x"}
newer	{"lang":1700000000000,"customCats":5,"assets":100,"loans":0,"subs":0,"templates":1700000000000,"tags":2,"currencies":100,"subcats":100}|{"assets":0,"loans":1,"subs":2,"templates":100,"currencies":0,"subcats":5,"curAccount":0}
adopt	{"lang":2,"customCats":1,"accounts":0,"templates":1,"currencies":0,"subcats":0,"curAccount":0}|{"lang":1,"customCats":0,"assets":1,"loans":2,"tags":1700000000000,"currencies":5,"subcats":1,"curAccount":1}|{"lang":["a"],"customCats":"x","assets":null,"subs":"","tags":null,"curLedger":"x","subcats":"","curAccount":"x"}
newer	{"lang":2,"customCats":1,"accounts":0,"templates":1,"currencies":0,"subcats":0,"curAccount":0}|{"lang":1,"customCats":0,"assets":1,"loans":2,"tags":1700000000000,"currencies":5,"subcats":1,"curAccount":1}
adopt	{"lang":100,"settings":0,"customCats":1,"accounts":100,"loans":1,"tags":0,"curLedger":0,"currencies":1700000000000,"subcats":1700000000000,"curAccount":1}|{"lang":100,"settings":2,"templates":2,"tags":100,"currencies":0}|{"settings":["a"],"customCats":["a"],"accounts":["a"],"assets":false,"loans":{"a":1},"subs":["a"],"templates":{"a":1},"tags":{"a":1},"curLedger":false,"currencies":"","subcats":"x"}
newer	{"lang":100,"settings":0,"customCats":1,"accounts":100,"loans":1,"tags":0,"curLedger":0,"currencies":1700000000000,"subcats":1700000000000,"curAccount":1}|{"lang":100,"settings":2,"templates":2,"tags":100,"currencies":0}
adopt	{"lang":0,"settings":2,"accounts":2,"loans":100,"subs":2,"templates":0,"curLedger":2,"currencies":1700000000000,"curAccount":1700000000000}|{"lang":1,"accounts":1700000000000,"templates":0,"tags":0,"curLedger":1700000000000,"currencies":2}|{"customCats":{"a":1},"assets":false,"loans":null,"subs":["a"],"tags":null,"curLedger":"x","currencies":["a"]}
newer	{"lang":0,"settings":2,"accounts":2,"loans":100,"subs":2,"templates":0,"curLedger":2,"currencies":1700000000000,"curAccount":1700000000000}|{"lang":1,"accounts":1700000000000,"templates":0,"tags":0,"curLedger":1700000000000,"currencies":2}
adopt	{"customCats":1,"assets":0,"templates":5,"tags":1700000000000,"subcats":1700000000000,"curAccount":1}|{"lang":100,"customCats":5,"accounts":1,"loans":2,"subs":1,"tags":5}|{"lang":null,"settings":"","customCats":false,"accounts":[],"assets":{},"loans":"","subs":[],"curLedger":[],"currencies":null,"subcats":{},"curAccount":[]}
newer	{"customCats":1,"assets":0,"templates":5,"tags":1700000000000,"subcats":1700000000000,"curAccount":1}|{"lang":100,"customCats":5,"accounts":1,"loans":2,"subs":1,"tags":5}
adopt	{"lang":0,"settings":1,"assets":1700000000000,"loans":0,"subs":2,"tags":100,"currencies":1700000000000}|{"lang":5,"settings":0,"customCats":100,"loans":100,"subs":1700000000000,"templates":2,"curLedger":5,"currencies":5,"subcats":1}|{"lang":false,"customCats":"x","assets":0,"subs":{"a":1},"templates":[],"tags":{},"curLedger":["a"],"curAccount":["a"]}
newer	{"lang":0,"settings":1,"assets":1700000000000,"loans":0,"subs":2,"tags":100,"currencies":1700000000000}|{"lang":5,"settings":0,"customCats":100,"loans":100,"subs":1700000000000,"templates":2,"curLedger":5,"currencies":5,"subcats":1}
adopt	{"lang":1700000000000,"settings":1,"accounts":2,"assets":100,"templates":0,"tags":2}|{"lang":1700000000000,"customCats":0,"accounts":1,"assets":1,"loans":2,"templates":2,"tags":5}|{"settings":["a"],"customCats":["a"],"accounts":["a"],"assets":"","loans":{"a":1},"subs":0,"templates":null,"curLedger":false,"currencies":false,"subcats":"x","curAccount":0}
newer	{"lang":1700000000000,"settings":1,"accounts":2,"assets":100,"templates":0,"tags":2}|{"lang":1700000000000,"customCats":0,"accounts":1,"assets":1,"loans":2,"templates":2,"tags":5}
adopt	{"lang":2,"settings":5,"customCats":1,"templates":0,"curLedger":2,"currencies":5}|{"assets":1,"loans":1700000000000,"tags":5}|{"lang":false,"settings":{},"assets":{},"loans":false,"subs":[],"templates":[],"subcats":"x","curAccount":""}
newer	{"lang":2,"settings":5,"customCats":1,"templates":0,"curLedger":2,"currencies":5}|{"assets":1,"loans":1700000000000,"tags":5}
adopt	{"settings":100,"accounts":1,"assets":2,"templates":100,"tags":1700000000000,"currencies":2,"curAccount":2}|{"lang":2,"customCats":2,"accounts":100,"assets":5,"subs":2,"templates":100,"curLedger":1700000000000,"curAccount":100}|{"settings":null,"assets":0,"subs":["a"],"templates":null,"tags":"x","curLedger":["a"],"subcats":{"a":1},"curAccount":""}
newer	{"settings":100,"accounts":1,"assets":2,"templates":100,"tags":1700000000000,"currencies":2,"curAccount":2}|{"lang":2,"customCats":2,"accounts":100,"assets":5,"subs":2,"templates":100,"curLedger":1700000000000,"curAccount":100}
adopt	{"lang":5,"settings":1,"subs":5,"templates":1700000000000,"curLedger":1}|{"lang":0,"customCats":0,"accounts":1700000000000,"loans":100,"templates":100,"subcats":5}|{"lang":0,"settings":{},"customCats":{},"accounts":"x","assets":{"a":1},"loans":["a"],"subs":"","templates":"x","tags":"x","curLedger":"x","subcats":false}
newer	{"lang":5,"settings":1,"subs":5,"templates":1700000000000,"curLedger":1}|{"lang":0,"customCats":0,"accounts":1700000000000,"loans":100,"templates":100,"subcats":5}
adopt	{"loans":1700000000000,"subs":1700000000000,"curAccount":5}|{"tags":100,"currencies":100,"subcats":0,"curAccount":2}|{"lang":"","settings":["a"],"customCats":false,"accounts":null,"loans":{"a":1},"subs":"","templates":null,"curLedger":0,"currencies":"x","curAccount":"x"}
newer	{"loans":1700000000000,"subs":1700000000000,"curAccount":5}|{"tags":100,"currencies":100,"subcats":0,"curAccount":2}
adopt	{"lang":1700000000000,"settings":0,"assets":1700000000000,"loans":100,"subs":100,"tags":1,"curLedger":100,"currencies":0,"subcats":0}|{"lang":100,"customCats":100,"accounts":0,"assets":1700000000000,"subs":5,"templates":100,"currencies":0,"subcats":1700000000000,"curAccount":5}|{"lang":0,"settings":{},"customCats":"x","accounts":"","assets":"","loans":false,"subs":false,"templates":[],"tags":"x","curLedger":false,"subcats":"","curAccount":[]}
newer	{"lang":1700000000000,"settings":0,"assets":1700000000000,"loans":100,"subs":100,"tags":1,"curLedger":100,"currencies":0,"subcats":0}|{"lang":100,"customCats":100,"accounts":0,"assets":1700000000000,"subs":5,"templates":100,"currencies":0,"subcats":1700000000000,"curAccount":5}
adopt	{"settings":1,"customCats":2,"accounts":0,"loans":100,"tags":100,"currencies":0,"curAccount":1}|{"settings":5,"assets":2,"subs":2,"templates":5,"subcats":2}|{"settings":[],"customCats":["a"],"accounts":{"a":1},"subs":[],"templates":null,"tags":null,"curLedger":{},"currencies":{"a":1},"curAccount":{"a":1}}
newer	{"settings":1,"customCats":2,"accounts":0,"loans":100,"tags":100,"currencies":0,"curAccount":1}|{"settings":5,"assets":2,"subs":2,"templates":5,"subcats":2}
adopt	{"customCats":1,"assets":1700000000000,"loans":1700000000000,"templates":1700000000000,"curLedger":1700000000000,"currencies":1,"subcats":1700000000000,"curAccount":1}|{"lang":2,"settings":100,"assets":5,"subs":100,"tags":5,"subcats":2}|{"lang":{"a":1},"accounts":0,"assets":[],"templates":[],"tags":["a"],"subcats":""}
newer	{"customCats":1,"assets":1700000000000,"loans":1700000000000,"templates":1700000000000,"curLedger":1700000000000,"currencies":1,"subcats":1700000000000,"curAccount":1}|{"lang":2,"settings":100,"assets":5,"subs":100,"tags":5,"subcats":2}
adopt	{"lang":1,"accounts":1700000000000,"templates":100,"tags":100,"curLedger":1,"currencies":1700000000000,"subcats":2,"curAccount":1}|{"settings":100,"customCats":5,"assets":2,"templates":0,"tags":1700000000000,"curLedger":1700000000000,"currencies":2,"curAccount":2}|{"settings":"","loans":0,"subs":0,"templates":[],"curLedger":{"a":1},"currencies":[],"subcats":"","curAccount":{"a":1}}
newer	{"lang":1,"accounts":1700000000000,"templates":100,"tags":100,"curLedger":1,"currencies":1700000000000,"subcats":2,"curAccount":1}|{"settings":100,"customCats":5,"assets":2,"templates":0,"tags":1700000000000,"curLedger":1700000000000,"currencies":2,"curAccount":2}
adopt	{"settings":1,"accounts":100,"assets":1700000000000,"loans":1700000000000,"subs":100,"templates":2,"tags":0,"currencies":2}|{"accounts":2,"assets":5,"loans":1,"subs":2}|{"lang":[],"settings":[],"customCats":0,"assets":"x","subs":"","templates":["a"],"tags":[],"currencies":["a"],"subcats":false,"curAccount":""}
newer	{"settings":1,"accounts":100,"assets":1700000000000,"loans":1700000000000,"subs":100,"templates":2,"tags":0,"currencies":2}|{"accounts":2,"assets":5,"loans":1,"subs":2}
adopt	{"settings":5,"customCats":0,"accounts":100,"assets":0}|{"accounts":2,"assets":0,"subs":1700000000000,"tags":1,"subcats":2,"curAccount":0}|{"lang":["a"],"settings":{},"customCats":{},"accounts":"","assets":false,"curLedger":null,"subcats":"x","curAccount":{"a":1}}
newer	{"settings":5,"customCats":0,"accounts":100,"assets":0}|{"accounts":2,"assets":0,"subs":1700000000000,"tags":1,"subcats":2,"curAccount":0}
adopt	{"lang":100,"settings":5,"accounts":5,"assets":0,"loans":1700000000000,"templates":100,"subcats":1700000000000}|none|{"accounts":{"a":1},"assets":"x","loans":{"a":1},"subs":{},"tags":{"a":1},"curLedger":0,"subcats":[]}
newer	{"lang":100,"settings":5,"accounts":5,"assets":0,"loans":1700000000000,"templates":100,"subcats":1700000000000}|none
adopt	{"settings":1700000000000,"assets":100,"loans":2,"subs":0,"templates":0,"curLedger":100,"curAccount":2}|{"lang":0,"customCats":5,"loans":1,"currencies":1700000000000,"subcats":5,"curAccount":2}|{"lang":false,"settings":false,"customCats":false,"assets":null,"loans":"x","tags":[],"curLedger":{"a":1},"currencies":["a"],"subcats":false,"curAccount":null}
newer	{"settings":1700000000000,"assets":100,"loans":2,"subs":0,"templates":0,"curLedger":100,"curAccount":2}|{"lang":0,"customCats":5,"loans":1,"currencies":1700000000000,"subcats":5,"curAccount":2}
adopt	{"assets":0,"loans":1700000000000,"subs":2,"templates":100,"tags":1700000000000,"currencies":2,"subcats":100}|{"settings":100,"customCats":5,"accounts":1,"assets":1,"loans":1700000000000,"templates":2,"tags":5,"curLedger":0,"currencies":1700000000000}|{"settings":0,"customCats":false,"accounts":[],"assets":["a"],"loans":0,"templates":[],"tags":{"a":1},"curLedger":["a"],"curAccount":null}
newer	{"assets":0,"loans":1700000000000,"subs":2,"templates":100,"tags":1700000000000,"currencies":2,"subcats":100}|{"settings":100,"customCats":5,"accounts":1,"assets":1,"loans":1700000000000,"templates":2,"tags":5,"curLedger":0,"currencies":1700000000000}
adopt	{"settings":2,"accounts":100,"templates":0,"tags":0,"currencies":100}|{"settings":100,"accounts":100,"assets":0,"loans":1,"subs":5,"tags":100,"curLedger":100,"subcats":5}|{"settings":["a"],"customCats":"x","accounts":{"a":1},"assets":"x","loans":null,"subs":[],"templates":null,"currencies":"","subcats":{"a":1},"curAccount":""}
newer	{"settings":2,"accounts":100,"templates":0,"tags":0,"currencies":100}|{"settings":100,"accounts":100,"assets":0,"loans":1,"subs":5,"tags":100,"curLedger":100,"subcats":5}
adopt	{"settings":1700000000000,"customCats":1700000000000,"accounts":1700000000000,"assets":1,"loans":0,"subs":100,"templates":5,"currencies":5}|none|{"lang":null,"customCats":{},"assets":null,"loans":"x","subs":["a"],"templates":[],"tags":null,"curLedger":false,"currencies":{},"subcats":[],"curAccount":0}
newer	{"settings":1700000000000,"customCats":1700000000000,"accounts":1700000000000,"assets":1,"loans":0,"subs":100,"templates":5,"currencies":5}|none
adopt	{"lang":5,"settings":2,"accounts":5,"assets":1,"templates":2,"tags":100,"curLedger":0,"currencies":100,"curAccount":1700000000000}|{"settings":5,"templates":2,"subcats":1700000000000,"curAccount":100}|{"lang":"x","customCats":"","accounts":{"a":1},"assets":{},"loans":"x","subs":["a"],"tags":[],"curLedger":["a"],"currencies":null,"subcats":"","curAccount":false}
newer	{"lang":5,"settings":2,"accounts":5,"assets":1,"templates":2,"tags":100,"curLedger":0,"currencies":100,"curAccount":1700000000000}|{"settings":5,"templates":2,"subcats":1700000000000,"curAccount":100}
adopt	{"lang":100,"settings":0,"customCats":2,"loans":1700000000000,"curLedger":100,"currencies":100,"subcats":5,"curAccount":1}|{"lang":1,"accounts":5,"subs":100,"tags":5,"curLedger":1700000000000,"currencies":100,"subcats":0}|{"lang":null,"accounts":["a"],"assets":null,"loans":"","subs":0,"templates":[],"tags":null,"curLedger":["a"],"currencies":[],"subcats":{"a":1},"curAccount":{"a":1}}
newer	{"lang":100,"settings":0,"customCats":2,"loans":1700000000000,"curLedger":100,"currencies":100,"subcats":5,"curAccount":1}|{"lang":1,"accounts":5,"subs":100,"tags":5,"curLedger":1700000000000,"currencies":100,"subcats":0}
adopt	{"lang":5,"loans":100,"tags":1700000000000,"currencies":5,"curAccount":1700000000000}|{"lang":100,"customCats":5,"templates":1,"subcats":2,"curAccount":1}|{"lang":"x","accounts":"","assets":0,"loans":"x","subs":null,"curLedger":["a"],"curAccount":{"a":1}}
newer	{"lang":5,"loans":100,"tags":1700000000000,"currencies":5,"curAccount":1700000000000}|{"lang":100,"customCats":5,"templates":1,"subcats":2,"curAccount":1}
adopt	{"settings":1,"customCats":1700000000000,"accounts":5,"assets":5,"loans":1,"subs":5,"templates":2,"tags":0,"currencies":1700000000000,"subcats":1,"curAccount":2}|{"lang":1700000000000,"settings":5,"assets":0,"loans":1,"subs":2,"tags":2,"curLedger":100}|{"lang":null,"settings":{"a":1},"customCats":"","accounts":"","assets":"x","subs":["a"],"templates":["a"],"currencies":"","subcats":[]}
newer	{"settings":1,"customCats":1700000000000,"accounts":5,"assets":5,"loans":1,"subs":5,"templates":2,"tags":0,"currencies":1700000000000,"subcats":1,"curAccount":2}|{"lang":1700000000000,"settings":5,"assets":0,"loans":1,"subs":2,"tags":2,"curLedger":100}
adopt	{"lang":100,"settings":1,"accounts":100,"assets":5,"loans":100,"templates":0,"tags":1,"subcats":0,"curAccount":5}|{"lang":1,"assets":1700000000000,"loans":100,"subs":1700000000000,"templates":1}|{"lang":{"a":1},"accounts":false,"loans":null,"subs":"x","tags":"x","currencies":{},"subcats":"","curAccount":null}
newer	{"lang":100,"settings":1,"accounts":100,"assets":5,"loans":100,"templates":0,"tags":1,"subcats":0,"curAccount":5}|{"lang":1,"assets":1700000000000,"loans":100,"subs":1700000000000,"templates":1}
adopt	{"assets":100,"loans":1700000000000,"tags":2}|{"lang":100,"customCats":1,"accounts":100,"curAccount":0}|{"lang":false,"customCats":"","accounts":null,"loans":{},"templates":"x","tags":"","curLedger":[],"currencies":"","subcats":["a"]}
newer	{"assets":100,"loans":1700000000000,"tags":2}|{"lang":100,"customCats":1,"accounts":100,"curAccount":0}
adopt	{"settings":1,"customCats":100,"accounts":0,"assets":2,"subs":1700000000000,"curLedger":2,"currencies":0,"curAccount":5}|{"lang":100,"accounts":5,"assets":0,"loans":5,"curLedger":1700000000000,"currencies":5,"subcats":1,"curAccount":1700000000000}|{"lang":false,"settings":[],"customCats":"x","accounts":"x","loans":null,"subs":null,"curLedger":"","subcats":["a"],"curAccount":0}
newer	{"settings":1,"customCats":100,"accounts":0,"assets":2,"subs":1700000000000,"curLedger":2,"currencies":0,"curAccount":5}|{"lang":100,"accounts":5,"assets":0,"loans":5,"curLedger":1700000000000,"currencies":5,"subcats":1,"curAccount":1700000000000}
adopt	{"lang":2,"settings":1,"customCats":5,"accounts":1,"loans":1,"templates":0,"tags":1,"curLedger":1,"subcats":100}|none|{"lang":["a"],"settings":[],"customCats":{},"assets":null,"loans":"","tags":{},"currencies":{}}
newer	{"lang":2,"settings":1,"customCats":5,"accounts":1,"loans":1,"templates":0,"tags":1,"curLedger":1,"subcats":100}|none
adopt	{"lang":5,"settings":1700000000000,"customCats":5,"assets":0,"templates":1,"curLedger":2,"currencies":0}|{"accounts":0,"loans":1,"subs":100,"currencies":0,"curAccount":1}|{"customCats":{},"assets":["a"],"loans":null,"templates":"","curLedger":{},"subcats":0}
newer	{"lang":5,"settings":1700000000000,"customCats":5,"assets":0,"templates":1,"curLedger":2,"currencies":0}|{"accounts":0,"loans":1,"subs":100,"currencies":0,"curAccount":1}
adopt	{"settings":1,"assets":2,"loans":100,"tags":100,"curLedger":1700000000000}|{"lang":2,"settings":1,"templates":1700000000000,"tags":5}|{"lang":"x","customCats":"x","accounts":"","assets":false,"subs":{},"templates":null,"tags":"x","curLedger":false,"currencies":false,"subcats":0,"curAccount":[]}
newer	{"settings":1,"assets":2,"loans":100,"tags":100,"curLedger":1700000000000}|{"lang":2,"settings":1,"templates":1700000000000,"tags":5}
adopt	{"lang":100,"settings":1,"customCats":1,"templates":0,"curLedger":0,"currencies":5,"curAccount":2}|none|{"lang":["a"],"customCats":null,"accounts":0,"loans":0,"subs":0,"templates":"","tags":0,"currencies":null,"curAccount":[]}
newer	{"lang":100,"settings":1,"customCats":1,"templates":0,"curLedger":0,"currencies":5,"curAccount":2}|none
adopt	{"lang":1,"customCats":5,"loans":100,"subs":5,"templates":0,"currencies":100,"curAccount":1}|{"settings":5,"customCats":1,"accounts":2,"assets":2,"subs":100,"curLedger":1700000000000}|{"lang":null,"settings":"","customCats":false,"assets":null,"loans":"","subs":{},"curLedger":{"a":1},"subcats":"x"}
newer	{"lang":1,"customCats":5,"loans":100,"subs":5,"templates":0,"currencies":100,"curAccount":1}|{"settings":5,"customCats":1,"accounts":2,"assets":2,"subs":100,"curLedger":1700000000000}
adopt	{"settings":1700000000000,"subs":1700000000000,"curLedger":0,"currencies":2,"curAccount":0}|{"lang":2,"settings":1700000000000,"customCats":100,"accounts":1,"tags":2,"curLedger":5,"currencies":0}|{"settings":"","assets":{},"loans":{"a":1},"subs":{},"templates":0,"currencies":[],"subcats":"x","curAccount":false}
newer	{"settings":1700000000000,"subs":1700000000000,"curLedger":0,"currencies":2,"curAccount":0}|{"lang":2,"settings":1700000000000,"customCats":100,"accounts":1,"tags":2,"curLedger":5,"currencies":0}
adopt	{"lang":2,"customCats":100,"accounts":100,"subs":5,"tags":5,"curLedger":100,"subcats":0,"curAccount":100}|none|{"lang":{},"settings":null,"customCats":0,"assets":["a"],"loans":"x","templates":[],"tags":{"a":1},"curLedger":{"a":1},"currencies":"","subcats":null,"curAccount":0}
newer	{"lang":2,"customCats":100,"accounts":100,"subs":5,"tags":5,"curLedger":100,"subcats":0,"curAccount":100}|none
adopt	{"settings":5,"assets":5,"loans":1,"templates":0,"tags":2,"curLedger":0,"currencies":1700000000000,"subcats":1700000000000}|{"settings":5,"accounts":1,"loans":1,"templates":100,"curLedger":1700000000000,"subcats":100}|{"lang":{"a":1},"settings":"","customCats":"","accounts":false,"assets":{"a":1},"subs":[],"tags":false,"currencies":false,"subcats":null,"curAccount":0}
newer	{"settings":5,"assets":5,"loans":1,"templates":0,"tags":2,"curLedger":0,"currencies":1700000000000,"subcats":1700000000000}|{"settings":5,"accounts":1,"loans":1,"templates":100,"curLedger":1700000000000,"subcats":100}
adopt	{"lang":0,"customCats":1700000000000,"accounts":0,"subs":5,"tags":1700000000000,"subcats":100}|{"lang":1700000000000,"settings":5,"customCats":5,"assets":1,"curLedger":5,"subcats":0,"curAccount":2}|{"lang":{},"settings":["a"],"accounts":["a"],"assets":["a"],"loans":false,"templates":null,"tags":0,"currencies":"x","subcats":{},"curAccount":["a"]}
newer	{"lang":0,"customCats":1700000000000,"accounts":0,"subs":5,"tags":1700000000000,"subcats":100}|{"lang":1700000000000,"settings":5,"customCats":5,"assets":1,"curLedger":5,"subcats":0,"curAccount":2}
adopt	{"lang":1,"customCats":2,"assets":1700000000000,"loans":0}|{"subs":2,"tags":2,"curLedger":1,"curAccount":0}|{"lang":0,"settings":null,"customCats":{"a":1},"accounts":{"a":1},"assets":null,"loans":null,"subs":[],"curLedger":[],"currencies":0,"subcats":false,"curAccount":{}}
newer	{"lang":1,"customCats":2,"assets":1700000000000,"loans":0}|{"subs":2,"tags":2,"curLedger":1,"curAccount":0}
adopt	{"tags":100}|none|{"accounts":{},"loans":{"a":1},"subs":null,"templates":"","tags":0,"currencies":[],"subcats":{"a":1},"curAccount":{"a":1}}
newer	{"tags":100}|none
adopt	{"lang":1,"customCats":1700000000000,"subs":100,"templates":2,"subcats":100,"curAccount":2}|{"customCats":1,"assets":1,"loans":1700000000000,"templates":1700000000000,"tags":1,"curLedger":100,"subcats":5}|{"customCats":{"a":1},"assets":false,"tags":"x","curLedger":{"a":1},"currencies":"x","subcats":"x","curAccount":["a"]}
newer	{"lang":1,"customCats":1700000000000,"subs":100,"templates":2,"subcats":100,"curAccount":2}|{"customCats":1,"assets":1,"loans":1700000000000,"templates":1700000000000,"tags":1,"curLedger":100,"subcats":5}
adopt	{"accounts":1,"loans":100,"templates":1700000000000,"curLedger":1,"subcats":0}|{"customCats":2,"loans":0,"templates":1,"curAccount":2}|{"lang":"","settings":0,"accounts":null,"assets":[],"loans":null,"templates":{"a":1},"curAccount":{"a":1}}
newer	{"accounts":1,"loans":100,"templates":1700000000000,"curLedger":1,"subcats":0}|{"customCats":2,"loans":0,"templates":1,"curAccount":2}
adopt	{"settings":1,"assets":2,"loans":1,"templates":1700000000000,"curLedger":1,"curAccount":1700000000000}|none|{"lang":{"a":1},"settings":["a"],"accounts":[],"assets":{"a":1},"loans":"x","templates":[],"tags":"","curLedger":"x","curAccount":null}
newer	{"settings":1,"assets":2,"loans":1,"templates":1700000000000,"curLedger":1,"curAccount":1700000000000}|none
adopt	{"settings":0,"customCats":1700000000000,"assets":100,"templates":1700000000000,"tags":1,"curLedger":5,"subcats":1700000000000,"curAccount":100}|{"customCats":5,"assets":100,"subs":0,"templates":0,"tags":0,"curLedger":0}|{"lang":[],"settings":null,"accounts":{},"assets":null,"loans":{"a":1},"subs":0,"tags":"","curLedger":[],"currencies":{},"subcats":{},"curAccount":null}
newer	{"settings":0,"customCats":1700000000000,"assets":100,"templates":1700000000000,"tags":1,"curLedger":5,"subcats":1700000000000,"curAccount":100}|{"customCats":5,"assets":100,"subs":0,"templates":0,"tags":0,"curLedger":0}
adopt	{"lang":100,"assets":2,"templates":0,"curLedger":1,"currencies":0,"curAccount":5}|{"lang":1700000000000,"settings":5,"subs":1,"curLedger":2,"currencies":100,"curAccount":0}|{"settings":"x","customCats":false,"accounts":null,"assets":{"a":1},"loans":{"a":1},"subs":{},"templates":"","tags":"x","curLedger":[],"currencies":{"a":1},"subcats":["a"],"curAccount":false}
newer	{"lang":100,"assets":2,"templates":0,"curLedger":1,"currencies":0,"curAccount":5}|{"lang":1700000000000,"settings":5,"subs":1,"curLedger":2,"currencies":100,"curAccount":0}
adopt	{"settings":1700000000000,"accounts":1700000000000,"templates":0,"tags":100,"currencies":5,"subcats":0}|{"lang":0,"settings":5,"customCats":5,"loans":100,"subs":5,"currencies":2,"subcats":5}|{"lang":"","assets":{},"loans":{"a":1},"templates":["a"],"tags":0,"curLedger":{"a":1},"currencies":[]}
newer	{"settings":1700000000000,"accounts":1700000000000,"templates":0,"tags":100,"currencies":5,"subcats":0}|{"lang":0,"settings":5,"customCats":5,"loans":100,"subs":5,"currencies":2,"subcats":5}
adopt	{"lang":1700000000000,"settings":5,"curLedger":1700000000000,"subcats":1}|{"lang":1700000000000,"settings":5,"loans":100,"currencies":1700000000000}|{"lang":{"a":1},"settings":false,"accounts":{"a":1},"assets":"","loans":0,"templates":false,"tags":"x","curLedger":0,"currencies":false,"curAccount":{"a":1}}
newer	{"lang":1700000000000,"settings":5,"curLedger":1700000000000,"subcats":1}|{"lang":1700000000000,"settings":5,"loans":100,"currencies":1700000000000}
adopt	{"loans":2,"templates":100,"tags":100,"subcats":5}|{"settings":2,"customCats":0,"accounts":2,"subs":2,"tags":100,"curLedger":1700000000000,"currencies":1,"curAccount":0}|{"lang":{},"settings":null,"accounts":"x","assets":"","subs":[],"templates":[],"tags":"x","curLedger":["a"],"currencies":0,"curAccount":{}}
newer	{"loans":2,"templates":100,"tags":100,"subcats":5}|{"settings":2,"customCats":0,"accounts":2,"subs":2,"tags":100,"curLedger":1700000000000,"currencies":1,"curAccount":0}
adopt	{"settings":2,"customCats":2,"accounts":0,"assets":2,"templates":100,"currencies":1700000000000,"subcats":1,"curAccount":5}|{"loans":1700000000000}|{"customCats":0,"loans":[],"subs":{},"templates":{"a":1},"tags":{},"currencies":null,"subcats":false}
newer	{"settings":2,"customCats":2,"accounts":0,"assets":2,"templates":100,"currencies":1700000000000,"subcats":1,"curAccount":5}|{"loans":1700000000000}
present	{"settings":"","customCats":0,"assets":[],"loans":[],"subs":{"a":1},"templates":{},"tags":[],"curLedger":["a"],"currencies":null,"subcats":false}
present	{"lang":[],"settings":{"a":1},"accounts":null,"assets":"","subs":0,"templates":"","currencies":{},"subcats":["a"],"curAccount":false}
present	{"customCats":false,"accounts":["a"],"assets":"x","loans":["a"],"subs":null,"tags":false,"curLedger":{"a":1},"currencies":{},"subcats":{},"curAccount":{}}
present	{"lang":["a"],"settings":"x","customCats":false,"accounts":[],"assets":[],"subs":[],"templates":"","tags":["a"],"curLedger":[],"currencies":[],"subcats":[]}
present	{"lang":null,"settings":["a"],"subs":false,"templates":0,"tags":false,"curLedger":{},"currencies":["a"],"subcats":["a"],"curAccount":"x"}
present	{"lang":{},"settings":"x","accounts":[],"assets":"","loans":[],"subs":{"a":1},"templates":[],"tags":[],"curLedger":"","curAccount":{"a":1}}
present	{"lang":{"a":1},"settings":{},"customCats":["a"],"accounts":[],"loans":["a"],"subs":[],"curLedger":{},"currencies":"x","subcats":null,"curAccount":["a"]}
present	{"lang":null,"settings":0,"accounts":0,"assets":["a"],"loans":0,"subs":0,"templates":{"a":1},"tags":0,"curLedger":[],"subcats":[],"curAccount":false}
present	{"settings":{"a":1},"accounts":0,"assets":false,"loans":[],"subs":{},"templates":"x","tags":"","curLedger":null,"subcats":{"a":1},"curAccount":[]}
present	{"lang":[],"settings":"","customCats":null,"assets":{},"loans":{"a":1},"templates":"x","tags":{},"curLedger":{"a":1},"subcats":["a"],"curAccount":{}}
present	{"lang":false,"customCats":{},"accounts":["a"],"loans":[],"subs":{"a":1},"tags":{},"curLedger":"x","currencies":null,"subcats":{},"curAccount":{"a":1}}
present	{"lang":false,"settings":"x","customCats":false,"assets":0,"loans":false,"subs":[],"templates":{"a":1},"tags":"","curLedger":{},"currencies":[],"subcats":{"a":1},"curAccount":"x"}
present	{"lang":0,"settings":["a"],"assets":false,"loans":{"a":1},"templates":{},"tags":["a"],"curLedger":false,"currencies":null,"subcats":{"a":1},"curAccount":0}
present	{"loans":null,"subs":{},"templates":"x","tags":["a"],"curLedger":false,"subcats":{},"curAccount":null}
present	{"lang":false,"settings":{},"customCats":{"a":1},"accounts":"x","assets":null,"loans":"","tags":"x","curLedger":"","currencies":"x","subcats":0,"curAccount":"x"}
present	{"settings":{},"customCats":null,"accounts":"x","assets":["a"],"subs":"","templates":["a"],"subcats":[],"curAccount":null}
present	{"lang":[],"settings":0,"customCats":{},"accounts":"x","assets":false,"loans":"","subs":{"a":1},"curLedger":{},"subcats":null}
present	{"settings":0,"customCats":{},"assets":["a"],"loans":0,"subs":{"a":1},"tags":[],"curLedger":false,"currencies":"","curAccount":null}
present	{"lang":0,"settings":[],"accounts":["a"],"assets":0,"loans":[],"subs":[],"curLedger":"x","currencies":0,"subcats":{}}
present	{"lang":"","settings":{"a":1},"customCats":["a"],"accounts":["a"],"templates":[],"tags":"x","curLedger":[],"currencies":{},"subcats":"x","curAccount":[]}
present	{"lang":0,"settings":"x","customCats":null,"accounts":{"a":1},"assets":0,"loans":{},"subs":"","templates":{},"tags":false,"currencies":{},"subcats":{"a":1}}
present	{"lang":null,"settings":["a"],"customCats":["a"],"assets":"","loans":{"a":1},"subs":{},"templates":"x","tags":{"a":1},"curLedger":false,"currencies":null,"subcats":false,"curAccount":null}
present	{"lang":["a"],"settings":[],"accounts":"","loans":["a"],"subs":{},"templates":"","tags":"x","curLedger":"","currencies":null,"subcats":["a"],"curAccount":{}}
present	{"lang":["a"],"settings":0,"customCats":0,"accounts":[],"subs":0,"templates":{"a":1},"tags":0,"curLedger":["a"],"subcats":"x","curAccount":[]}
present	{"lang":["a"],"settings":null,"accounts":{"a":1},"assets":{},"loans":{"a":1},"subs":0,"templates":false,"tags":"","curLedger":"x","curAccount":null}
present	{"settings":"","accounts":{"a":1},"loans":false,"subs":["a"],"templates":0,"tags":[],"curLedger":{},"currencies":0,"subcats":{"a":1},"curAccount":[]}
present	{"settings":null,"customCats":"x","accounts":false,"assets":[],"loans":[],"subs":"","templates":null,"tags":"x","curLedger":[],"currencies":{"a":1},"subcats":{},"curAccount":""}
present	{"lang":{"a":1},"settings":null,"customCats":{"a":1},"assets":false,"loans":{"a":1},"subs":"x","templates":{},"tags":0,"curLedger":0}
present	{"lang":[],"customCats":"x","accounts":{"a":1},"assets":{},"loans":false,"subs":{"a":1},"templates":"x","curLedger":[],"currencies":"","subcats":["a"],"curAccount":null}
present	{"lang":[],"settings":["a"],"customCats":"x","accounts":0,"assets":[],"loans":0,"subs":false,"curLedger":false,"currencies":{"a":1},"curAccount":{}}
present	{"lang":null,"settings":["a"],"customCats":[],"accounts":[],"assets":[],"subs":[],"templates":0,"tags":0,"curLedger":0,"currencies":null,"subcats":["a"],"curAccount":[]}
present	{"lang":[],"settings":{},"customCats":[],"accounts":false,"assets":false,"loans":"","subs":false,"templates":{"a":1},"tags":false,"curLedger":null,"currencies":""}
present	{"lang":[],"settings":null,"customCats":{},"subs":false,"templates":"x","curLedger":{"a":1},"currencies":["a"],"subcats":"x"}
present	{"lang":["a"],"settings":false,"customCats":[],"accounts":0,"loans":"x","subs":{},"templates":"x","tags":0,"currencies":"","subcats":"x","curAccount":null}
present	{"lang":"","settings":{"a":1},"assets":[],"loans":{"a":1},"subs":["a"],"templates":{},"tags":null,"curLedger":0,"currencies":"x","subcats":["a"]}
present	{"settings":{"a":1},"customCats":[],"accounts":null,"subs":"x","templates":"x","curLedger":false,"currencies":0,"subcats":false,"curAccount":null}
present	{"lang":"","settings":false,"customCats":null,"accounts":false,"assets":0,"loans":false,"subs":"x","templates":"x","tags":{},"currencies":["a"],"subcats":false,"curAccount":[]}
present	{"settings":"x","customCats":[],"accounts":0,"assets":false,"templates":"x","tags":{"a":1},"currencies":{},"subcats":"x","curAccount":["a"]}
present	{"customCats":false,"assets":{"a":1},"loans":0,"subs":{},"templates":{"a":1},"tags":[],"curLedger":"","currencies":"x","subcats":null,"curAccount":["a"]}
present	{"lang":false,"settings":false,"customCats":"","assets":[],"loans":null,"subs":[],"templates":null,"tags":null,"curLedger":{},"currencies":[],"subcats":"","curAccount":[]}
present	{"lang":{},"settings":false,"customCats":[],"accounts":"","assets":0,"loans":0,"subs":{"a":1},"templates":"x","tags":[],"curLedger":{},"currencies":null,"curAccount":["a"]}
present	{"lang":null,"settings":null,"customCats":0,"accounts":["a"],"assets":false,"loans":{},"subs":false,"tags":{"a":1},"curLedger":{"a":1},"currencies":0,"subcats":"","curAccount":null}
present	{"settings":{"a":1},"customCats":{"a":1},"accounts":{},"loans":null,"subs":"x","tags":"x","curLedger":false,"currencies":["a"],"subcats":[],"curAccount":null}
present	{"settings":false,"customCats":{},"accounts":0,"assets":{},"loans":{},"subs":{},"templates":null,"tags":{"a":1},"curLedger":false,"currencies":{},"curAccount":null}
present	{"lang":["a"],"settings":0,"customCats":"x","accounts":[],"assets":"x","loans":{},"templates":{},"tags":"x","curLedger":0,"currencies":["a"],"subcats":null,"curAccount":""}
present	{"lang":"","customCats":null,"accounts":false,"loans":null,"subs":"x","templates":null,"tags":null,"currencies":0,"subcats":0}
present	{"customCats":"x","accounts":null,"loans":[],"subs":{},"templates":[],"currencies":null,"subcats":["a"],"curAccount":""}
present	{"lang":[],"settings":"x","accounts":"x","assets":false,"loans":false,"subs":"x","tags":{},"curLedger":[],"currencies":"","subcats":{"a":1},"curAccount":"x"}
present	{"lang":[],"settings":"","customCats":"x","subs":false,"templates":"","tags":0,"curAccount":{}}
present	{"lang":false,"settings":["a"],"customCats":["a"],"accounts":0,"loans":[],"subs":{},"tags":"","curLedger":[],"currencies":null,"subcats":{}}
present	{"customCats":{"a":1},"assets":"","loans":"x","templates":"x","tags":null,"currencies":{},"subcats":"","curAccount":["a"]}
present	{"lang":{},"settings":"","customCats":[],"accounts":{},"assets":null,"loans":null,"templates":false,"tags":["a"],"curLedger":0,"curAccount":[]}
present	{"lang":null,"settings":0,"customCats":{"a":1},"accounts":"","assets":{"a":1},"loans":false,"subs":{},"templates":"x","tags":"x","currencies":[],"curAccount":{"a":1}}
present	{"lang":false,"settings":false,"customCats":"x","accounts":[],"loans":0,"subs":["a"],"templates":"x","tags":0,"curLedger":{"a":1},"currencies":[],"subcats":{"a":1},"curAccount":[]}
present	{"lang":0,"customCats":["a"],"accounts":false,"assets":"x","loans":{"a":1},"subs":"x","curLedger":null,"currencies":[],"subcats":null}
present	{"lang":"","settings":false,"customCats":null,"accounts":false,"assets":false,"loans":["a"],"subs":{},"tags":"","curLedger":{"a":1},"currencies":"x","subcats":false}
present	{"lang":"x","accounts":"","assets":null,"subs":{"a":1},"templates":false,"tags":null,"curLedger":false,"currencies":{"a":1},"subcats":"x","curAccount":{}}
present	{"lang":null,"settings":"","customCats":"x","assets":0,"loans":null,"subs":false,"templates":[],"curLedger":0,"curAccount":0}
present	{"lang":"x","accounts":false,"assets":0,"loans":{},"subs":[],"templates":[],"currencies":false,"subcats":{"a":1},"curAccount":{}}
present	{"loans":{},"subs":[],"templates":null,"tags":["a"],"curLedger":["a"],"currencies":{"a":1},"subcats":[]}
present	{"lang":false,"settings":false,"accounts":false,"assets":null,"loans":[],"subs":null,"templates":"x","tags":"","curLedger":["a"],"currencies":"","curAccount":""}
present	{"lang":null,"settings":{},"customCats":{"a":1},"accounts":false,"subs":false,"templates":{"a":1},"tags":{"a":1},"curLedger":{},"currencies":0,"subcats":null}
present	{"settings":null,"customCats":{"a":1},"assets":"","loans":false,"subs":false,"templates":{"a":1},"curLedger":[],"currencies":{},"subcats":0}
present	{"lang":{"a":1},"customCats":["a"],"assets":"","loans":{},"subs":{"a":1},"templates":null,"tags":{"a":1},"curLedger":"x","currencies":"","subcats":null,"curAccount":false}
present	{"lang":"x","settings":"","customCats":{},"accounts":"","assets":false,"subs":"x","templates":[],"tags":{},"currencies":"","subcats":[],"curAccount":""}
present	{"lang":{},"settings":{"a":1},"accounts":false,"assets":false,"loans":[],"subs":0,"templates":{"a":1},"currencies":"","subcats":null,"curAccount":{}}
present	{"lang":["a"],"settings":{},"customCats":false,"accounts":"","assets":{"a":1},"loans":"x","subs":0,"tags":0,"curLedger":"x","subcats":"x"}
present	{"lang":"x","settings":{"a":1},"customCats":null,"accounts":"x","assets":0,"loans":"","subs":0,"templates":[],"curLedger":["a"],"currencies":"x","subcats":"","curAccount":{}}
present	{"lang":["a"],"settings":null,"customCats":{"a":1},"assets":null,"loans":{"a":1},"subs":["a"],"templates":[],"tags":"x","curLedger":{"a":1},"subcats":null,"curAccount":0}
present	{"lang":"x","settings":["a"],"customCats":{"a":1},"accounts":"x","subs":{},"templates":0,"curLedger":"x","currencies":{},"subcats":0}
present	{"settings":null,"customCats":null,"accounts":"x","assets":"","loans":["a"],"subs":"x","templates":{"a":1},"tags":{},"curLedger":null,"currencies":[],"subcats":"x","curAccount":"x"}
present	{"lang":0,"settings":false,"accounts":"x","assets":{},"loans":["a"],"subs":0,"templates":"x","curLedger":0,"currencies":"","subcats":"","curAccount":["a"]}
present	{"lang":"","customCats":0,"accounts":null,"assets":null,"loans":false,"subs":0,"templates":0,"curLedger":null,"currencies":0,"subcats":[],"curAccount":null}
present	{"settings":null,"customCats":false,"accounts":{},"assets":null,"loans":null,"subs":"","curLedger":{"a":1},"currencies":{},"curAccount":[]}
present	{"lang":"","settings":["a"],"accounts":[],"assets":[],"loans":"x","templates":false,"tags":["a"],"subcats":{"a":1},"curAccount":null}
present	{"settings":0,"customCats":null,"accounts":false,"assets":false,"loans":null,"templates":"x","curLedger":{},"currencies":{"a":1},"subcats":null,"curAccount":"x"}
present	{"settings":[],"customCats":[],"accounts":"","assets":"","loans":null,"templates":{},"tags":[],"currencies":[],"subcats":{"a":1},"curAccount":[]}
present	{"settings":0,"customCats":null,"accounts":null,"assets":"","subs":{},"templates":"","tags":{},"curLedger":{},"curAccount":{"a":1}}
present	{"lang":false,"settings":[],"customCats":[],"accounts":0,"loans":0,"subs":[],"templates":{"a":1},"tags":{},"currencies":"","subcats":{"a":1},"curAccount":0}
present	{"lang":0,"settings":"x","assets":["a"],"loans":{"a":1},"subs":{},"templates":false,"tags":["a"],"curLedger":0,"currencies":{},"subcats":false,"curAccount":false}
present	{"settings":"x","customCats":"","accounts":{},"assets":[],"loans":false,"subs":"x","templates":"","tags":false,"curLedger":{"a":1},"currencies":"x","subcats":["a"],"curAccount":""}
present	{"lang":[],"settings":null,"customCats":["a"],"accounts":"x","loans":{"a":1},"subs":false,"templates":null,"tags":false,"curLedger":false,"currencies":{"a":1},"subcats":{},"curAccount":{}}
present	{"lang":[],"settings":{},"customCats":null,"accounts":[],"assets":{},"subs":["a"],"templates":{"a":1},"tags":[],"curLedger":"","currencies":0,"subcats":{"a":1},"curAccount":0}
present	{"lang":[],"settings":["a"],"customCats":["a"],"accounts":["a"],"loans":{"a":1},"subs":"","templates":"x","tags":false,"curLedger":{"a":1},"subcats":[],"curAccount":false}
present	{"lang":false,"settings":null,"customCats":["a"],"assets":[],"loans":"","subs":"","templates":{"a":1},"tags":[],"curLedger":[],"currencies":"","subcats":{"a":1}}
present	{"lang":{},"customCats":false,"assets":[],"templates":false,"tags":"","subcats":false,"curAccount":{"a":1}}
present	{"lang":["a"],"settings":false,"accounts":[],"assets":"x","loans":false,"subs":null,"templates":null,"tags":[],"curLedger":false,"currencies":"","subcats":"","curAccount":false}
present	{"lang":{"a":1},"settings":{"a":1},"customCats":"","accounts":0,"assets":{},"loans":["a"],"subs":"","templates":["a"],"tags":[],"curLedger":false,"currencies":0,"subcats":"x","curAccount":0}
present	{"settings":false,"customCats":"x","accounts":false,"assets":[],"loans":{},"subs":null,"templates":{},"tags":"x","currencies":{},"subcats":false}
present	{"lang":"","settings":["a"],"customCats":{"a":1},"accounts":0,"loans":"x","subs":"x","templates":null,"tags":["a"],"curLedger":"x"}
present	{"lang":"x","settings":{},"customCats":{"a":1},"accounts":"","loans":[],"templates":[],"tags":[],"curLedger":"","currencies":0,"subcats":[],"curAccount":{"a":1}}
present	{"settings":"x","customCats":null,"accounts":null,"assets":"","loans":{"a":1},"subs":"","templates":"","tags":["a"],"curLedger":{"a":1},"currencies":0,"subcats":["a"],"curAccount":false}
present	{"customCats":[],"accounts":{},"assets":["a"],"loans":null,"templates":["a"],"tags":"","curLedger":{},"subcats":0,"curAccount":0}
present	{"settings":false,"customCats":["a"],"accounts":["a"],"assets":{"a":1},"subs":[],"templates":["a"],"tags":{"a":1},"curLedger":null,"currencies":false,"subcats":"x","curAccount":"x"}
present	{"lang":["a"],"settings":"x","customCats":"x","accounts":["a"],"assets":"x","subs":"x","templates":0,"tags":{"a":1},"currencies":{"a":1},"subcats":{},"curAccount":false}
present	{"lang":false,"accounts":null,"assets":{},"loans":"","templates":["a"],"curLedger":[],"currencies":["a"],"subcats":["a"],"curAccount":null}
present	{"lang":"","customCats":0,"accounts":[],"assets":{},"loans":{"a":1},"subs":{},"tags":0,"curLedger":false,"currencies":{},"subcats":{},"curAccount":""}
present	{"lang":{"a":1},"settings":0,"customCats":null,"accounts":{},"assets":null,"loans":["a"],"templates":{},"tags":"x","curLedger":null,"currencies":"","subcats":{}}
present	{"settings":{},"customCats":{"a":1},"accounts":{"a":1},"assets":"","subs":"x","templates":["a"],"tags":[],"curLedger":"x","currencies":false,"curAccount":[]}
present	{"lang":"","settings":"x","accounts":{},"loans":"","templates":["a"],"tags":"","curLedger":0,"subcats":{},"curAccount":{}}
present	{"lang":["a"],"settings":false,"customCats":[],"accounts":[],"assets":"x","loans":["a"],"subs":"x","templates":0,"tags":"","curLedger":["a"],"subcats":"x","curAccount":0}
present	{"lang":{},"settings":{},"customCats":{},"accounts":{},"assets":{"a":1},"loans":"x","subs":{"a":1},"curLedger":null,"currencies":"","curAccount":false}
present	{"settings":{"a":1},"customCats":false,"accounts":null,"assets":null,"templates":{"a":1},"tags":{"a":1},"curLedger":{},"currencies":null,"subcats":null}
present	{"lang":0,"settings":0,"customCats":null,"accounts":0,"loans":[],"subs":{"a":1},"templates":0,"tags":false,"curLedger":{"a":1},"currencies":"x","subcats":["a"]}
present	{"lang":["a"],"settings":null,"customCats":{"a":1},"accounts":0,"assets":"x","loans":[],"subs":false,"templates":false,"tags":{},"curLedger":["a"],"currencies":["a"],"curAccount":[]}
present	{"lang":null,"settings":"x","customCats":0,"accounts":[],"loans":{},"subs":{},"templates":{"a":1},"curLedger":null,"subcats":"x","curAccount":0}
present	{"customCats":[],"accounts":"","assets":["a"],"loans":{},"subs":["a"],"templates":"x","tags":"x","curLedger":0,"currencies":{"a":1},"subcats":false,"curAccount":{}}
present	{"lang":"","settings":"","customCats":"","assets":{},"loans":{"a":1},"subs":["a"],"templates":null,"tags":"","curLedger":{},"currencies":{"a":1},"subcats":false}
present	{"lang":[],"settings":0,"customCats":{"a":1},"accounts":{"a":1},"assets":false,"loans":null,"templates":["a"],"tags":{"a":1},"curLedger":false,"currencies":["a"],"subcats":"","curAccount":0}
present	{"lang":[],"accounts":{},"assets":{},"subs":"","templates":["a"],"tags":"x","curLedger":"","currencies":"x","subcats":0,"curAccount":""}
present	{"lang":0,"accounts":false,"assets":"","loans":{"a":1},"templates":0,"tags":{"a":1},"currencies":[],"subcats":false,"curAccount":"x"}
present	{"lang":{},"settings":{"a":1},"customCats":["a"],"accounts":{"a":1},"assets":{"a":1},"loans":null,"subs":false,"templates":{},"tags":0,"curLedger":"","currencies":[],"subcats":{}}
present	{"settings":["a"],"assets":{"a":1},"loans":[],"subs":false,"templates":"x","tags":null,"subcats":"x","curAccount":{}}
present	{"lang":null,"settings":{"a":1},"customCats":false,"accounts":{},"assets":null,"loans":"","subs":"","templates":[],"tags":null,"currencies":null,"curAccount":{}}
present	{"settings":"","customCats":null,"accounts":{"a":1},"assets":0,"templates":["a"],"tags":{},"curLedger":{},"currencies":{},"subcats":{"a":1},"curAccount":{"a":1}}
present	{"lang":"x","customCats":["a"],"accounts":{"a":1},"assets":{},"loans":"x","subs":{},"templates":{},"tags":"","curLedger":{"a":1},"subcats":"","curAccount":0}
present	{"lang":["a"],"settings":"x","customCats":0,"accounts":["a"],"assets":{},"subs":{"a":1},"curLedger":[],"currencies":"","subcats":0,"curAccount":false}
present	{"settings":[],"customCats":{"a":1},"accounts":false,"assets":"x","loans":null,"subs":[],"templates":"","tags":"","currencies":"","subcats":0,"curAccount":0}
present	{"lang":{},"customCats":["a"],"assets":"","loans":"x","subs":"","templates":{"a":1},"tags":0,"curLedger":"x","currencies":["a"],"curAccount":0}
present	{"lang":null,"settings":["a"],"customCats":["a"],"accounts":false,"loans":false,"templates":[],"curLedger":"x","currencies":null,"subcats":"x","curAccount":"x"}
present	{"lang":0,"settings":{"a":1},"customCats":"","assets":"","loans":"x","subs":false,"templates":"","curLedger":["a"],"currencies":["a"],"subcats":false,"curAccount":0}
present	{"lang":{},"settings":false,"customCats":"x","accounts":{"a":1},"loans":"x","subs":{},"templates":["a"],"tags":{"a":1},"curLedger":null,"subcats":false}
present	{"lang":"","settings":{"a":1},"customCats":[],"accounts":0,"assets":[],"templates":"x","tags":null,"curLedger":["a"],"subcats":[],"curAccount":false}
present	{"lang":["a"],"settings":["a"],"accounts":{"a":1},"assets":[],"loans":false,"subs":[],"templates":0,"tags":0,"curLedger":{},"currencies":false,"subcats":[]}
present	{"lang":["a"],"customCats":"x","accounts":"","loans":{"a":1},"subs":"","templates":false,"curLedger":null,"currencies":null,"curAccount":["a"]}
present	{"lang":{"a":1},"settings":null,"assets":["a"],"loans":{},"subs":"","templates":"","tags":["a"],"curLedger":false,"subcats":null,"curAccount":0}
present	{"customCats":null,"accounts":{},"assets":{},"loans":"","subs":"","tags":"","subcats":{},"curAccount":{}}
present	{"lang":false,"settings":[],"customCats":0,"accounts":["a"],"loans":0,"subs":{"a":1},"templates":null,"tags":"x","currencies":["a"],"subcats":null,"curAccount":false}
present	{"lang":["a"],"settings":null,"customCats":[],"accounts":{},"assets":{},"subs":false,"tags":[],"curLedger":null,"currencies":{},"subcats":"x","curAccount":["a"]}
present	{"lang":null,"settings":{"a":1},"accounts":["a"],"assets":[],"loans":[],"subs":["a"],"templates":null,"tags":{"a":1},"curLedger":[],"currencies":["a"],"curAccount":{}}
present	{"lang":[],"settings":{},"customCats":[],"accounts":[],"assets":"x","loans":[],"subs":"","templates":["a"],"tags":[],"curLedger":null,"currencies":{"a":1},"subcats":null,"curAccount":0}
present	{"settings":[],"customCats":"x","accounts":"","assets":null,"loans":["a"],"subs":"x","templates":"x","tags":"x","curLedger":["a"]}
present	{"settings":null,"customCats":{"a":1},"accounts":{"a":1},"assets":false,"loans":"x","subs":0,"templates":{},"tags":"","curLedger":"","currencies":{},"curAccount":["a"]}
present	{"lang":{},"customCats":{"a":1},"accounts":[],"assets":0,"loans":null,"subs":"x","templates":["a"],"tags":null,"curLedger":["a"],"currencies":[],"subcats":["a"],"curAccount":"x"}
present	{"settings":null,"accounts":null,"assets":0,"loans":0,"subs":["a"],"tags":[],"curLedger":["a"],"currencies":[],"subcats":{"a":1},"curAccount":null}
present	{"lang":{"a":1},"customCats":null,"accounts":null,"assets":"","loans":{"a":1},"subs":"x","templates":{},"tags":{},"curLedger":{"a":1},"subcats":["a"],"curAccount":null}
present	{"lang":null,"settings":false,"customCats":"x","assets":"","loans":[],"subs":null,"tags":{"a":1},"curLedger":{"a":1},"subcats":"","curAccount":"x"}
present	{"lang":"x","customCats":[],"accounts":{},"loans":"x","subs":"x","templates":null,"tags":[],"curLedger":"x","currencies":false,"subcats":false}
present	{"lang":{},"settings":null,"customCats":"","accounts":false,"assets":{},"loans":0,"subs":{"a":1},"templates":null,"tags":{"a":1},"curLedger":"x","curAccount":0}
present	{"lang":0,"settings":null,"customCats":["a"],"assets":0,"subs":false,"templates":"","curLedger":[],"currencies":[],"curAccount":""}
present	{"lang":[],"settings":["a"],"customCats":0,"accounts":"","subs":"","templates":{},"currencies":"x","subcats":{},"curAccount":["a"]}
present	{"settings":null,"accounts":"x","assets":"x","subs":"x","templates":["a"],"tags":"","curLedger":false,"currencies":{"a":1},"curAccount":["a"]}
present	{"lang":"","customCats":[],"accounts":{"a":1},"loans":null,"subs":"","templates":["a"],"tags":"","curLedger":"","subcats":0,"curAccount":["a"]}
present	{"lang":"x","settings":false,"customCats":["a"],"accounts":"","assets":"","loans":0,"subs":null,"templates":{},"tags":{"a":1},"curLedger":null,"currencies":0,"curAccount":{"a":1}}
present	{"lang":["a"],"settings":null,"customCats":{"a":1},"accounts":"","assets":"x","loans":{"a":1},"subs":null,"templates":[],"tags":false,"curLedger":"x","subcats":["a"],"curAccount":{}}
present	{"lang":["a"],"settings":null,"customCats":false,"accounts":{"a":1},"templates":"","tags":0,"curLedger":"x","currencies":{},"subcats":0}
present	{"lang":"x","settings":{"a":1},"customCats":"","subs":"x","templates":["a"],"tags":false,"curLedger":[],"currencies":{},"subcats":{"a":1},"curAccount":"x"}
present	{"lang":"","customCats":{"a":1},"accounts":false,"assets":{"a":1},"loans":{},"subs":false,"templates":null,"tags":"x","currencies":"","subcats":null,"curAccount":{"a":1}}
present	{"settings":{},"customCats":"","accounts":null,"assets":"","loans":false,"templates":{},"tags":{},"curLedger":{},"currencies":[],"curAccount":false}
present	{"lang":"x","settings":{"a":1},"customCats":"x","accounts":null,"assets":["a"],"loans":false,"templates":"","curLedger":null,"curAccount":{}}
present	{"lang":null,"settings":"","customCats":"x","accounts":"","assets":{},"loans":"x","subs":["a"],"templates":["a"],"tags":{},"subcats":{},"curAccount":0}
present	{"lang":null,"settings":false,"customCats":["a"],"accounts":0,"assets":["a"],"loans":{"a":1},"subs":{"a":1},"templates":false,"curLedger":false,"currencies":null,"subcats":"x","curAccount":""}
present	{"lang":false,"settings":{"a":1},"accounts":0,"assets":{"a":1},"loans":0,"subs":0,"tags":0,"curLedger":false,"subcats":"x","curAccount":{"a":1}}
present	{"settings":{},"accounts":"","assets":"x","loans":{},"subs":"","tags":["a"],"curLedger":false,"currencies":null,"subcats":null,"curAccount":{}}
present	{"lang":["a"],"settings":[],"customCats":[],"accounts":false,"assets":["a"],"loans":["a"],"subs":{},"tags":0,"curAccount":{"a":1}}
present	{"lang":{},"settings":"x","customCats":false,"accounts":["a"],"loans":{"a":1},"subs":["a"],"templates":false,"tags":["a"],"curLedger":{"a":1},"currencies":null,"subcats":null,"curAccount":""}
present	{"settings":false,"accounts":["a"],"loans":false,"subs":"x","templates":{},"curLedger":["a"],"currencies":{"a":1},"subcats":0,"curAccount":{"a":1}}
present	{"customCats":{"a":1},"assets":"","loans":{},"subs":0,"tags":["a"],"curLedger":"","currencies":{},"subcats":{}}
present	{"lang":0,"settings":[],"customCats":false,"accounts":false,"assets":[],"loans":"","subs":null,"templates":null,"tags":[],"curLedger":"x","subcats":"","curAccount":{"a":1}}
present	{"lang":0,"settings":"","customCats":{"a":1},"accounts":"","assets":"","loans":"","subs":["a"],"templates":{},"curAccount":[]}
present	{"lang":"x","settings":null,"customCats":{"a":1},"accounts":false,"assets":false,"loans":{"a":1},"subs":{"a":1},"templates":false,"tags":{"a":1},"curLedger":{},"currencies":false,"subcats":null,"curAccount":null}
present	{"settings":{},"customCats":null,"accounts":"x","assets":[],"subs":0,"templates":{"a":1},"tags":"x","currencies":{},"subcats":"","curAccount":{}}
present	{"lang":"","settings":["a"],"customCats":{},"accounts":"","assets":{"a":1},"loans":0,"subs":0,"tags":false,"curLedger":0,"subcats":{"a":1},"curAccount":false}
present	{"lang":"","customCats":[],"accounts":{},"assets":["a"],"loans":["a"],"subs":{},"templates":{},"tags":"","curLedger":["a"],"currencies":null}
present	{"settings":false,"customCats":{},"accounts":"","assets":null,"loans":false,"subs":null,"templates":0,"tags":0,"curLedger":[],"subcats":"x","curAccount":""}
present	{"lang":null,"settings":0,"customCats":"x","accounts":{},"assets":{"a":1},"loans":[],"subs":false,"tags":"","curLedger":"x","subcats":{},"curAccount":null}
present	{"lang":["a"],"settings":"","customCats":false,"accounts":0,"loans":[],"subs":"","tags":"","curLedger":0,"currencies":["a"]}
present	{"lang":{},"settings":["a"],"customCats":"x","accounts":0,"subs":"x","tags":"","curLedger":{"a":1},"currencies":0,"subcats":[],"curAccount":"x"}
present	{"lang":{"a":1},"settings":0,"customCats":0,"accounts":0,"assets":{"a":1},"loans":{"a":1},"subs":"","templates":null,"tags":false,"curLedger":"","currencies":["a"],"subcats":""}
present	{"lang":"","settings":0,"customCats":false,"assets":"x","loans":"x","templates":{},"tags":"x","curLedger":"","currencies":null,"curAccount":null}
present	{"lang":"","settings":null,"customCats":{"a":1},"accounts":null,"assets":"x","loans":"x","subs":"","templates":["a"],"tags":{},"curLedger":{},"currencies":null,"subcats":false}
present	{"settings":"x","accounts":"","assets":false,"subs":{},"templates":false,"tags":false,"curLedger":"","currencies":[]}
present	{"lang":0,"customCats":["a"],"accounts":[],"assets":[],"loans":null,"subs":null,"templates":["a"],"curLedger":null,"currencies":false}
present	{"lang":{"a":1},"settings":"x","customCats":{"a":1},"accounts":null,"assets":0,"loans":null,"subs":"x","tags":"x","curLedger":{"a":1},"currencies":false,"subcats":false,"curAccount":null}
present	{"settings":["a"],"accounts":0,"assets":0,"loans":{"a":1},"subs":null,"templates":"x","tags":[],"curLedger":{"a":1},"currencies":0,"subcats":{},"curAccount":[]}
present	{"lang":{"a":1},"settings":{"a":1},"customCats":0,"accounts":{},"assets":"","subs":null,"templates":0,"tags":["a"],"currencies":false,"curAccount":0}
present	{"customCats":["a"],"assets":{"a":1},"loans":"x","subs":null,"tags":[],"curLedger":false,"subcats":"x","curAccount":[]}
present	{"lang":["a"],"settings":null,"customCats":null,"assets":"","subs":{},"templates":false,"tags":"","curLedger":null,"currencies":"x","curAccount":{}}
present	{"lang":{"a":1},"customCats":"","accounts":false,"assets":[],"loans":"x","subs":[],"templates":false,"tags":{"a":1},"curLedger":{"a":1},"subcats":[],"curAccount":""}
present	{"settings":null,"accounts":"x","assets":null,"loans":null,"subs":"","templates":0,"curLedger":[],"currencies":null,"subcats":[],"curAccount":{"a":1}}
present	{"lang":{},"customCats":false,"accounts":{"a":1},"assets":{"a":1},"subs":[],"templates":{},"tags":{},"curLedger":null,"currencies":["a"],"subcats":[]}
present	{"settings":[],"customCats":null,"accounts":{},"loans":null,"templates":{},"currencies":{"a":1},"curAccount":null}
present	{"lang":[],"settings":["a"],"customCats":false,"subs":"x","templates":{"a":1},"tags":{},"currencies":null,"subcats":[],"curAccount":{"a":1}}
present	{"lang":["a"],"customCats":{"a":1},"accounts":0,"assets":null,"subs":false,"templates":{},"tags":"","subcats":"x"}
present	{"lang":[],"settings":"x","accounts":false,"assets":0,"loans":[],"subs":[],"templates":"","tags":"","curLedger":{"a":1},"currencies":{},"subcats":0,"curAccount":0}
present	{"lang":["a"],"assets":"","loans":[],"subs":null,"tags":0,"curLedger":"x","subcats":""}
present	{"settings":[],"customCats":"x","accounts":false,"assets":{"a":1},"loans":{},"subs":[],"templates":"x","curLedger":{"a":1},"currencies":"","subcats":null}
present	{"lang":["a"],"settings":0,"customCats":null,"accounts":{},"assets":"","loans":["a"],"subs":[],"templates":null,"tags":null,"curLedger":["a"],"currencies":null,"subcats":["a"]}
present	{"customCats":null,"accounts":[],"subs":false,"templates":"","curLedger":[],"subcats":0}
present	{"lang":[],"settings":null,"customCats":["a"],"accounts":null,"assets":null,"loans":0,"subs":["a"],"templates":"x","tags":"","curLedger":{"a":1},"currencies":["a"],"subcats":{"a":1},"curAccount":null}
present	{"lang":{},"accounts":0,"assets":{"a":1},"loans":null,"subs":["a"],"templates":[],"tags":"x","currencies":0,"subcats":0}
present	{"lang":false,"settings":["a"],"customCats":0,"accounts":null,"assets":false,"loans":{"a":1},"subs":"","templates":{"a":1},"tags":"x","curLedger":false,"currencies":false,"curAccount":{"a":1}}
present	{"settings":["a"],"customCats":[],"assets":"x","templates":null,"curLedger":{},"currencies":[],"subcats":"x","curAccount":false}
present	{"lang":{"a":1},"settings":false,"customCats":{"a":1},"subs":0,"tags":["a"],"currencies":{},"subcats":null,"curAccount":0}
present	{"lang":null,"settings":"x","accounts":"x","assets":"","loans":null,"subs":{},"tags":null,"curLedger":{},"currencies":false,"subcats":null,"curAccount":{}}
present	{"lang":[],"settings":"","customCats":["a"],"templates":"","tags":{"a":1},"curLedger":{"a":1},"curAccount":"x"}
present	{"lang":{"a":1},"settings":null,"accounts":{},"assets":[],"loans":["a"],"subs":["a"],"templates":0,"tags":{"a":1},"subcats":"x","curAccount":null}
present	{"lang":{},"settings":null,"customCats":null,"accounts":{},"assets":["a"],"loans":false,"templates":[],"tags":[],"curLedger":null,"currencies":{},"curAccount":0}
present	{"lang":"","settings":null,"customCats":0,"assets":["a"],"loans":["a"],"subs":["a"],"templates":["a"],"tags":null,"curLedger":{},"currencies":["a"],"subcats":["a"],"curAccount":"x"}
present	{"settings":"x","customCats":{},"accounts":"","assets":{"a":1},"loans":{},"subs":{"a":1},"curLedger":["a"],"subcats":"x","curAccount":null}
present	{"lang":""}
present	{"lang":0}
present	{"lang":false}
present	{"lang":[]}
present	{"lang":{}}
present	{"lang":"x"}
present	{"lang":["a"]}
present	{"lang":{"a":1}}
present	{"lang":null}
present	{"settings":""}
present	{"settings":0}
present	{"settings":false}
present	{"settings":[]}
present	{"settings":{}}
present	{"settings":"x"}
present	{"settings":["a"]}
present	{"settings":{"a":1}}
present	{"settings":null}
present	{"customCats":""}
present	{"customCats":0}
present	{"customCats":false}
present	{"customCats":[]}
present	{"customCats":{}}
present	{"customCats":"x"}
present	{"customCats":["a"]}
present	{"customCats":{"a":1}}
present	{"customCats":null}
present	{"accounts":""}
present	{"accounts":0}
present	{"accounts":false}
present	{"accounts":[]}
present	{"accounts":{}}
present	{"accounts":"x"}
present	{"accounts":["a"]}
present	{"accounts":{"a":1}}
present	{"accounts":null}
present	{"assets":""}
present	{"assets":0}
present	{"assets":false}
present	{"assets":[]}
present	{"assets":{}}
present	{"assets":"x"}
present	{"assets":["a"]}
present	{"assets":{"a":1}}
present	{"assets":null}
present	{"loans":""}
present	{"loans":0}
present	{"loans":false}
present	{"loans":[]}
present	{"loans":{}}
present	{"loans":"x"}
present	{"loans":["a"]}
present	{"loans":{"a":1}}
present	{"loans":null}
present	{"subs":""}
present	{"subs":0}
present	{"subs":false}
present	{"subs":[]}
present	{"subs":{}}
present	{"subs":"x"}
present	{"subs":["a"]}
present	{"subs":{"a":1}}
present	{"subs":null}
present	{"templates":""}
present	{"templates":0}
present	{"templates":false}
present	{"templates":[]}
present	{"templates":{}}
present	{"templates":"x"}
present	{"templates":["a"]}
present	{"templates":{"a":1}}
present	{"templates":null}
present	{"tags":""}
present	{"tags":0}
present	{"tags":false}
present	{"tags":[]}
present	{"tags":{}}
present	{"tags":"x"}
present	{"tags":["a"]}
present	{"tags":{"a":1}}
present	{"tags":null}
present	{"curLedger":""}
present	{"curLedger":0}
present	{"curLedger":false}
present	{"curLedger":[]}
present	{"curLedger":{}}
present	{"curLedger":"x"}
present	{"curLedger":["a"]}
present	{"curLedger":{"a":1}}
present	{"curLedger":null}
present	{"currencies":""}
present	{"currencies":0}
present	{"currencies":false}
present	{"currencies":[]}
present	{"currencies":{}}
present	{"currencies":"x"}
present	{"currencies":["a"]}
present	{"currencies":{"a":1}}
present	{"currencies":null}
present	{"subcats":""}
present	{"subcats":0}
present	{"subcats":false}
present	{"subcats":[]}
present	{"subcats":{}}
present	{"subcats":"x"}
present	{"subcats":["a"]}
present	{"subcats":{"a":1}}
present	{"subcats":null}
present	{"curAccount":""}
present	{"curAccount":0}
present	{"curAccount":false}
present	{"curAccount":[]}
present	{"curAccount":{}}
present	{"curAccount":"x"}
present	{"curAccount":["a"]}
present	{"curAccount":{"a":1}}
present	{"curAccount":null}
present	{}
adopt	{}|none|{"lang":"x","settings":"x","customCats":"x","accounts":"x","assets":"x","loans":"x","subs":"x","templates":"x","tags":"x","curLedger":"x","currencies":"x","subcats":"x","curAccount":"x"}
adopt	{"accounts":1}|none|{"lang":"x","settings":"x","customCats":"x","accounts":"x","assets":"x","loans":"x","subs":"x","templates":"x","tags":"x","curLedger":"x","currencies":"x","subcats":"x","curAccount":"x"}
adopt	{"accounts":2}|none|{"lang":"x","settings":"x","customCats":"x","accounts":"x","assets":"x","loans":"x","subs":"x","templates":"x","tags":"x","curLedger":"x","currencies":"x","subcats":"x","curAccount":"x"}
newer	{}|none
newer	{"accounts":1}|none
newer	{"accounts":2}|none
newer	{"accounts":0}|none
adopt	{"accounts":500}|{"accounts":500}|{"lang":"x","settings":"x","customCats":"x","accounts":"x","assets":"x","loans":"x","subs":"x","templates":"x","tags":"x","curLedger":"x","currencies":"x","subcats":"x","curAccount":"x"}
newer	{"accounts":500}|{"accounts":500}
newer	{"somethingNew":9999}|none
adopt	{"somethingNew":9999}|none|{"lang":"x","settings":"x","customCats":"x","accounts":"x","assets":"x","loans":"x","subs":"x","templates":"x","tags":"x","curLedger":"x","currencies":"x","subcats":"x","curAccount":"x"}
adopt	{}|{}|{"lang":"x","settings":"x","customCats":"x","accounts":"x","assets":"x","loans":"x","subs":"x","templates":"x","tags":"x","curLedger":"x","currencies":"x","subcats":"x","curAccount":"x"}
adopt	{"tags":0}|{"tags":0}|{"lang":"x","settings":"x","customCats":"x","accounts":"x","assets":"x","loans":"x","subs":"x","templates":"x","tags":"x","curLedger":"x","currencies":"x","subcats":"x","curAccount":"x"}
newer	{"tags":0}|{"tags":0}
log	[]
log	["c0"]
log	["c0","c1"]
log	["c0","c1","c2","c3","c4","c5","c6","c7","c8","c9","c10","c11","c12","c13","c14","c15","c16","c17","c18","c19","c20","c21","c22","c23","c24","c25","c26","c27","c28","c29","c30","c31","c32","c33","c34","c35","c36","c37","c38","c39","c40","c41","c42","c43","c44","c45","c46","c47","c48","c49","c50","c51","c52","c53","c54","c55","c56","c57","c58","c59","c60","c61","c62","c63","c64","c65","c66","c67","c68","c69","c70","c71","c72","c73","c74","c75","c76","c77","c78","c79","c80","c81","c82","c83","c84","c85","c86","c87","c88","c89","c90","c91","c92","c93","c94","c95","c96","c97","c98"]
log	["c0","c1","c2","c3","c4","c5","c6","c7","c8","c9","c10","c11","c12","c13","c14","c15","c16","c17","c18","c19","c20","c21","c22","c23","c24","c25","c26","c27","c28","c29","c30","c31","c32","c33","c34","c35","c36","c37","c38","c39","c40","c41","c42","c43","c44","c45","c46","c47","c48","c49","c50","c51","c52","c53","c54","c55","c56","c57","c58","c59","c60","c61","c62","c63","c64","c65","c66","c67","c68","c69","c70","c71","c72","c73","c74","c75","c76","c77","c78","c79","c80","c81","c82","c83","c84","c85","c86","c87","c88","c89","c90","c91","c92","c93","c94","c95","c96","c97","c98","c99"]
log	["c0","c1","c2","c3","c4","c5","c6","c7","c8","c9","c10","c11","c12","c13","c14","c15","c16","c17","c18","c19","c20","c21","c22","c23","c24","c25","c26","c27","c28","c29","c30","c31","c32","c33","c34","c35","c36","c37","c38","c39","c40","c41","c42","c43","c44","c45","c46","c47","c48","c49","c50","c51","c52","c53","c54","c55","c56","c57","c58","c59","c60","c61","c62","c63","c64","c65","c66","c67","c68","c69","c70","c71","c72","c73","c74","c75","c76","c77","c78","c79","c80","c81","c82","c83","c84","c85","c86","c87","c88","c89","c90","c91","c92","c93","c94","c95","c96","c97","c98","c99","c100"]
log	["c0","c1","c2","c3","c4","c5","c6","c7","c8","c9","c10","c11","c12","c13","c14","c15","c16","c17","c18","c19","c20","c21","c22","c23","c24","c25","c26","c27","c28","c29","c30","c31","c32","c33","c34","c35","c36","c37","c38","c39","c40","c41","c42","c43","c44","c45","c46","c47","c48","c49","c50","c51","c52","c53","c54","c55","c56","c57","c58","c59","c60","c61","c62","c63","c64","c65","c66","c67","c68","c69","c70","c71","c72","c73","c74","c75","c76","c77","c78","c79","c80","c81","c82","c83","c84","c85","c86","c87","c88","c89","c90","c91","c92","c93","c94","c95","c96","c97","c98","c99","c100","c101","c102","c103","c104","c105","c106","c107","c108","c109","c110","c111","c112","c113","c114","c115","c116","c117","c118","c119","c120","c121","c122","c123","c124","c125","c126","c127","c128","c129","c130","c131","c132","c133","c134","c135","c136","c137","c138","c139","c140","c141","c142","c143","c144","c145","c146","c147","c148","c149"]
