max	1
line	max=1 exp=[] inc=[]
max	1
line	max=1 exp=[] inc=[]
max	12345.678
line	max=12345.678 exp=[7,89 54.7,89 102.3,7 150,89 197.7,89 245.3,89 293,89] inc=[7,7 54.7,89 102.3,89 150,89 197.7,89 245.3,89 293,89]
max	10
line	max=10 exp=[7,113.6 78.5,7 150,113.6 221.5,88.2 293,89] inc=[7,113.6 78.5,80.8 150,89 221.5,113.6 293,48]
max	1e+21
line	max=1e+21 exp=[7,89 78.5,89 150,89 221.5,89 293,89] inc=[7,89 78.5,89 150,7 221.5,89 293,89]
max	12345.678
line	max=12345.678 exp=[7,7] inc=[7,89]
max	1
line	max=1 exp=[] inc=[]
max	1
line	max=1 exp=[] inc=[]
max	12345.678
line	max=12345.678 exp=[7,89 150,89 293,-6642000544644045000] inc=[7,88.9 150,7 293,88.9]
max	5
line	max=5 exp=[7,-202380.1 293,87.4] inc=[7,7 293,89]
max	1
line	max=1 exp=[] inc=[]
max	100
line	max=100 exp=[7,80.8 47.9,21.8 88.7,91.5 129.6,84.9 170.4,84.9 211.3,88.9 252.1,21.8 293,7] inc=[7,91.5 47.9,87.4 88.7,89 129.6,89 170.4,21.8 211.3,7 252.1,7 293,88.6]
max	1
line	max=1 exp=[] inc=[]
max	12345.678
line	max=12345.678 exp=[7,-6642000544644045000 102.3,89 197.7,89 293,89] inc=[7,88.9 102.3,89 197.7,7 293,89]
max	1e+21
line	max=1e+21 exp=[7,89 78.5,89 150,89 221.5,7 293,89] inc=[7,89 78.5,89 150,89 221.5,89 293,89]
max	1
line	max=1 exp=[7,89 150,-1012256.6 293,335] inc=[7,7 150,335 293,335]
max	10
line	max=10 exp=[7,80.8 102.3,7 197.7,7 293,72.6] inc=[7,80.8 102.3,84.9 197.7,113.6 293,89]
max	1
line	max=1 exp=[7,-75] inc=[7,48]
max	12345.678
line	max=12345.678 exp=[7,89 54.7,89 102.3,89 150,89 197.7,7 245.3,89 293,89] inc=[7,89 54.7,89 102.3,89 150,89 197.7,89 245.3,88.5 293,89]
max	82
line	max=82 exp=[7,88 293,7] inc=[7,-12256.7 293,84]
max	12345.678
line	max=12345.678 exp=[7,89 47.9,89 88.7,-6642000544644045000 129.6,89 170.4,88.9 211.3,89 252.1,88.5 293,89] inc=[7,89 47.9,7 88.7,89 129.6,88.3 170.4,88.9 211.3,89 252.1,89 293,89]
max	82
line	max=82 exp=[7,88.5 47.9,-12256.7 88.7,7 129.6,-999999999999999900000 170.4,84 211.3,84 252.1,88.5 293,79] inc=[7,88.9 47.9,89 88.7,89 129.6,7 170.4,89 211.3,89 252.1,89 293,92]
max	1
line	max=1 exp=[] inc=[]
max	12345.678
line	max=12345.678 exp=[7,89 293,7] inc=[7,89 293,88.9]
max	1
line	max=1 exp=[] inc=[]
max	100
line	max=100 exp=[7,89] inc=[7,7]
max	1e+21
line	max=1e+21 exp=[7,89 47.9,7 88.7,89 129.6,89 170.4,89 211.3,89 252.1,89 293,89] inc=[7,89 47.9,7 88.7,89 129.6,89 170.4,89 211.3,89 252.1,89 293,7]
max	1e+21
line	max=1e+21 exp=[7,89 64.2,89 121.4,7 178.6,89 235.8,89 293,89] inc=[7,89 64.2,89 121.4,89 178.6,89 235.8,89 293,7]
max	1e+21
line	max=1e+21 exp=[7,89 47.9,89 88.7,89 129.6,7 170.4,89 211.3,89 252.1,89 293,89] inc=[7,7 47.9,89 88.7,89 129.6,89 170.4,89 211.3,89 252.1,89 293,89]
max	10
line	max=10 exp=[7,72.6 78.5,48 150,113.6 221.5,80.8 293,7] inc=[7,89 78.5,-583.4 150,48 221.5,7 293,88.2]
max	1
line	max=1 exp=[] inc=[]
max	1e+21
line	max=1e+21 exp=[7,89 64.2,89 121.4,89 178.6,89 235.8,89 293,89] inc=[7,89 64.2,89 121.4,89 178.6,7 235.8,7 293,89]
max	1e+21
line	max=1e+21 exp=[7,89 47.9,89 88.7,89 129.6,89 170.4,7 211.3,89 252.1,89 293,89] inc=[7,89 47.9,89 88.7,89 129.6,89 170.4,7 211.3,89 252.1,89 293,89]
max	82
line	max=82 exp=[7,88] inc=[7,7]
max	1e+21
line	max=1e+21 exp=[7,89 293,7] inc=[7,89 293,89]
max	100
line	max=100 exp=[7,88.9 78.5,7 150,89 221.5,89 293,91.5] inc=[7,88.6 78.5,7 150,89 221.5,7 293,89]
max	100
line	max=100 exp=[7,89] inc=[7,7]
max	10
line	max=10 exp=[7,89 102.3,72.6 197.7,89 293,89] inc=[7,113.6 102.3,84.9 197.7,72.6 293,7]
max	1e+21
line	max=1e+21 exp=[7,7 64.2,89 121.4,89 178.6,89 235.8,89 293,89] inc=[7,89 64.2,89 121.4,89 178.6,89 235.8,89 293,89]
max	1e+21
line	max=1e+21 exp=[7,89 47.9,89 88.7,7 129.6,7 170.4,89 211.3,7 252.1,89 293,89] inc=[7,89 47.9,89 88.7,89 129.6,89 170.4,89 211.3,89 252.1,89 293,89]
max	1e+21
line	max=1e+21 exp=[7,89 54.7,89 102.3,89 150,89 197.7,89 245.3,89 293,7] inc=[7,89 54.7,89 102.3,89 150,89 197.7,89 245.3,89 293,89]
max	2
line	max=2 exp=[7,89 293,-116] inc=[7,212 293,7]
max	2
line	max=2 exp=[7,89] inc=[7,7]
max	12345.678
line	max=12345.678 exp=[7,7 64.2,89 121.4,89 178.6,89 235.8,89 293,89] inc=[7,89 64.2,89 121.4,89 178.6,88.9 235.8,89 293,88.3]
max	100
line	max=100 exp=[7,7 293,91.5] inc=[7,88.6 293,21.8]
max	82
line	max=82 exp=[7,89] inc=[7,7]
max	1e+21
line	max=1e+21 exp=[7,89 64.2,89 121.4,89 178.6,89 235.8,89 293,89] inc=[7,7 64.2,89 121.4,89 178.6,89 235.8,89 293,89]
max	1e+21
line	max=1e+21 exp=[7,7 78.5,89 150,89 221.5,89 293,89] inc=[7,7 78.5,89 150,89 221.5,89 293,89]
max	1e+21
line	max=1e+21 exp=[7,89 102.3,7 197.7,7 293,89] inc=[7,89 102.3,89 197.7,89 293,7]
max	1
line	max=1 exp=[7,7 293,48] inc=[7,-6635 293,-731]
max	82
line	max=82 exp=[7,79 150,88.9 293,7] inc=[7,88.9 150,88.9 293,89]
max	1e+21
line	max=1e+21 exp=[7,7 293,89] inc=[7,89 293,89]
max	1
line	max=1 exp=[] inc=[]
max	1
line	max=1 exp=[] inc=[]
max	12345.678
line	max=12345.678 exp=[7,89 47.9,89 88.7,7 129.6,89 170.4,89 211.3,89 252.1,88.9 293,89] inc=[7,89 47.9,89 88.7,89 129.6,88.5 170.4,89 211.3,88.9 252.1,89 293,89]
max	1e+21
line	max=1e+21 exp=[7,89 47.9,7 88.7,89 129.6,7 170.4,89 211.3,89 252.1,89 293,89] inc=[7,89 47.9,89 88.7,89 129.6,89 170.4,89 211.3,89 252.1,89 293,7]
max	1
line	max=1 exp=[] inc=[]
max	12345.678
line	max=12345.678 exp=[7,-6642000544644045000 78.5,89 150,89 221.5,89 293,88.9] inc=[7,7 78.5,89 150,89 221.5,88.9 293,89]
max	1e+21
line	max=1e+21 exp=[7,89 54.7,89 102.3,89 150,89 197.7,7 245.3,89 293,89] inc=[7,89 54.7,89 102.3,89 150,89 197.7,89 245.3,89 293,89]
max	1
line	max=1 exp=[7,335] inc=[7,7]
max	1e+21
line	max=1e+21 exp=[7,89 102.3,7 197.7,89 293,89] inc=[7,89 102.3,89 197.7,89 293,89]
max	1e+21
line	max=1e+21 exp=[7,89 78.5,89 150,89 221.5,89 293,89] inc=[7,89 78.5,89 150,7 221.5,7 293,89]
max	100
line	max=100 exp=[7,7 150,88.9 293,84.9] inc=[7,89 150,89 293,7]
max	1e+21
line	max=1e+21 exp=[7,89 47.9,7 88.7,89 129.6,7 170.4,89 211.3,89 252.1,89 293,89] inc=[7,89 47.9,89 88.7,89 129.6,89 170.4,89 211.3,89 252.1,89 293,89]
max	10
line	max=10 exp=[7,88.2 293,7] inc=[7,89 293,84.9]
max	12345.678
line	max=12345.678 exp=[7,88.3 293,7] inc=[7,89 293,89]
max	1e+21
line	max=1e+21 exp=[7,89 54.7,89 102.3,89 150,89 197.7,89 245.3,7 293,89] inc=[7,89 54.7,89 102.3,89 150,89 197.7,7 245.3,89 293,89]
max	12345.678
line	max=12345.678 exp=[7,89 150,89 293,7] inc=[7,88.5 150,7 293,89]
max	82
line	max=82 exp=[7,87 64.2,84 121.4,89 178.6,92 235.8,7 293,88.5] inc=[7,88.5 64.2,89 121.4,89 178.6,79 235.8,88.9 293,79]
max	12345.678
line	max=12345.678 exp=[7,88.3 78.5,7 150,88.3 221.5,89 293,89] inc=[7,89 78.5,89 150,88.5 221.5,89 293,89]
max	100
line	max=100 exp=[7,7 78.5,88.2 150,89 221.5,91.5 293,88.9] inc=[7,89 78.5,91.5 150,89 221.5,21.8 293,21.8]
max	12345.678
line	max=12345.678 exp=[7,7 102.3,89 197.7,89 293,88.5] inc=[7,88.3 102.3,7 197.7,89 293,88.5]
max	10
line	max=10 exp=[7,7 102.3,84.9 197.7,84.9 293,84.9] inc=[7,88.2 102.3,-101145.6 197.7,-101145.6 293,-583.4]
max	12345.678
line	max=12345.678 exp=[7,7 102.3,88.3 197.7,7 293,89] inc=[7,89 102.3,-6642000544644045000 197.7,7 293,-6642000544644045000]
max	12345.678
line	max=12345.678 exp=[7,7 150,89 293,89] inc=[7,88.9 150,7 293,89]
max	1
line	max=1 exp=[] inc=[]
max	1
line	max=1 exp=[] inc=[]
max	1
line	max=1 exp=[] inc=[]
max	1e+21
line	max=1e+21 exp=[7,89 47.9,89 88.7,89 129.6,89 170.4,89 211.3,7 252.1,89 293,89] inc=[7,89 47.9,89 88.7,89 129.6,89 170.4,89 211.3,7 252.1,89 293,89]
max	12345.678
line	max=12345.678 exp=[7,7 102.3,89 197.7,89 293,89] inc=[7,89 102.3,88.9 197.7,89 293,88.9]
max	5
line	max=5 exp=[7,87.4 293,-1255.8] inc=[7,89 293,7]
max	1
line	max=1 exp=[7,335 54.7,89 102.3,89 150,48 197.7,7 245.3,89 293,335] inc=[7,89 54.7,48 102.3,89 150,89 197.7,-731 245.3,48 293,-6635]
max	12345.678
line	max=12345.678 exp=[7,89 293,7] inc=[7,-6642000544644045000 293,89]
max	5
line	max=5 exp=[7,7] inc=[7,89]
max	100
line	max=100 exp=[7,87.4 150,-820000000000000000000 293,7] inc=[7,80.8 150,87.4 293,7]
max	1e+21
line	max=1e+21 exp=[7,89 47.9,89 88.7,89 129.6,89 170.4,89 211.3,89 252.1,89 293,89] inc=[7,89 47.9,89 88.7,89 129.6,89 170.4,89 211.3,89 252.1,7 293,89]
max	1e+21
line	max=1e+21 exp=[7,89 64.2,89 121.4,89 178.6,89 235.8,89 293,89] inc=[7,89 64.2,89 121.4,89 178.6,89 235.8,89 293,7]
max	10
line	max=10 exp=[7,7 78.5,84.9 150,48 221.5,48 293,113.6] inc=[7,113.6 78.5,113.6 150,80.8 221.5,84.9 293,89]
max	100
line	max=100 exp=[7,7 78.5,89 150,7 221.5,21.8 293,80.8] inc=[7,89 78.5,7 150,88.6 221.5,-10034.5 293,91.5]
max	1
line	max=1 exp=[] inc=[]
max	82
line	max=82 exp=[7,79] inc=[7,7]
max	10
line	max=10 exp=[7,7 102.3,80.8 197.7,7 293,89] inc=[7,-8.2e+21 102.3,84.9 197.7,89 293,113.6]
max	1e+21
line	max=1e+21 exp=[7,89 293,7] inc=[7,89 293,89]
max	2
line	max=2 exp=[7,89 102.3,89 197.7,7 293,89] inc=[7,7 102.3,89 197.7,89 293,68.5]
max	1e+21
line	max=1e+21 exp=[7,89 47.9,7 88.7,89 129.6,89 170.4,89 211.3,89 252.1,89 293,89] inc=[7,89 47.9,89 88.7,89 129.6,89 170.4,89 211.3,89 252.1,89 293,89]
max	100
line	max=100 exp=[7,21.8 293,89] inc=[7,91.5 293,7]
max	1e+21
line	max=1e+21 exp=[7,89 54.7,89 102.3,89 150,89 197.7,89 245.3,89 293,89] inc=[7,89 54.7,7 102.3,89 150,89 197.7,89 245.3,89 293,89]
max	100
line	max=100 exp=[7,21.8 54.7,89 102.3,89 150,21.8 197.7,7 245.3,21.8 293,89] inc=[7,89 54.7,89 102.3,84.9 150,91.5 197.7,7 245.3,89 293,89]
max	1
line	max=1 exp=[] inc=[]
max	5
line	max=5 exp=[7,138.2 293,-75] inc=[7,7 293,80.8]
max	1
line	max=1 exp=[] inc=[]
max	1e+21
line	max=1e+21 exp=[7,89 102.3,89 197.7,89 293,89] inc=[7,7 102.3,7 197.7,89 293,89]
max	12345.678
line	max=12345.678 exp=[7,7 102.3,89 197.7,89 293,89] inc=[7,89 102.3,89 197.7,7 293,89]
max	100
line	max=100 exp=[7,88.9 64.2,88.9 121.4,21.8 178.6,80.8 235.8,87.4 293,7] inc=[7,91.5 64.2,-820000000000000000000 121.4,88.2 178.6,88.6 235.8,80.8 293,91.5]
max	100
line	max=100 exp=[7,88.9 102.3,84.9 197.7,89 293,91.5] inc=[7,7 102.3,91.5 197.7,89 293,7]
max	1e+21
line	max=1e+21 exp=[7,89 78.5,89 150,7 221.5,89 293,89] inc=[7,89 78.5,89 150,89 221.5,89 293,89]
max	1e+21
line	max=1e+21 exp=[7,89 54.7,89 102.3,89 150,89 197.7,89 245.3,89 293,89] inc=[7,89 54.7,89 102.3,7 150,89 197.7,89 245.3,7 293,89]
max	5
line	max=5 exp=[7,56.2] inc=[7,7]
max	1e+21
line	max=1e+21 exp=[7,89 78.5,89 150,89 221.5,7 293,89] inc=[7,89 78.5,89 150,89 221.5,89 293,89]
max	1
line	max=1 exp=[7,89 293,80.8] inc=[7,7 293,7]
max	5
line	max=5 exp=[7,87.4 78.5,-75 150,7 221.5,7 293,-1551] inc=[7,89 78.5,138.2 150,138.2 221.5,87.4 293,7]
max	5
line	max=5 exp=[7,89 150,7 293,72.6] inc=[7,-1.64e+22 150,89 293,-1551]
max	100
line	max=100 exp=[7,91.5 64.2,84.9 121.4,89 178.6,7 235.8,7 293,7] inc=[7,84.9 64.2,89 121.4,88.6 178.6,84.9 235.8,88.9 293,88.2]
max	12345.678
line	max=12345.678 exp=[7,89 64.2,89 121.4,89 178.6,89 235.8,89 293,88.3] inc=[7,89 64.2,88.5 121.4,7 178.6,88.5 235.8,89 293,88.9]
max	1e+21
line	max=1e+21 exp=[7,89 47.9,89 88.7,89 129.6,7 170.4,89 211.3,89 252.1,89 293,89] inc=[7,89 47.9,89 88.7,89 129.6,89 170.4,89 211.3,89 252.1,89 293,89]
max	1e+21
line	max=1e+21 exp=[7,89 64.2,89 121.4,89 178.6,89 235.8,89 293,89] inc=[7,7 64.2,89 121.4,89 178.6,89 235.8,89 293,89]
max	1e+21
line	max=1e+21 exp=[7,7] inc=[7,89]
max	1e+21
line	max=1e+21 exp=[7,7 47.9,89 88.7,89 129.6,89 170.4,89 211.3,89 252.1,89 293,89] inc=[7,89 47.9,89 88.7,89 129.6,89 170.4,89 211.3,7 252.1,89 293,89]
max	12345.678
line	max=12345.678 exp=[7,-6642000544644045000 54.7,89 102.3,88.5 150,89 197.7,89 245.3,89 293,89] inc=[7,89 54.7,7 102.3,88.9 150,88.5 197.7,89 245.3,88.5 293,89]
max	12345.678
line	max=12345.678 exp=[7,88.5 54.7,88.3 102.3,89 150,89 197.7,7 245.3,89 293,89] inc=[7,88.5 54.7,89 102.3,89 150,89 197.7,-6642000544644045000 245.3,89 293,88.5]
max	12345.678
line	max=12345.678 exp=[7,89 47.9,89 88.7,89 129.6,89 170.4,89 211.3,88.5 252.1,7 293,89] inc=[7,88.9 47.9,89 88.7,7 129.6,89 170.4,89 211.3,89 252.1,88.9 293,89]
max	1e+21
line	max=1e+21 exp=[7,89 47.9,89 88.7,89 129.6,89 170.4,89 211.3,89 252.1,89 293,7] inc=[7,89 47.9,89 88.7,89 129.6,89 170.4,89 211.3,7 252.1,89 293,89]
max	1e+21
line	max=1e+21 exp=[7,89 64.2,89 121.4,7 178.6,89 235.8,89 293,89] inc=[7,89 64.2,89 121.4,89 178.6,89 235.8,89 293,89]
max	82
line	max=82 exp=[7,88] inc=[7,7]
max	12345.678
line	max=12345.678 exp=[7,89 54.7,89 102.3,89 150,88.5 197.7,89 245.3,89 293,7] inc=[7,89 54.7,89 102.3,88.3 150,89 197.7,89 245.3,7 293,89]
max	82
line	max=82 exp=[7,84 78.5,88 150,89 221.5,7 293,89] inc=[7,-999999999999999900000 78.5,89 150,89 221.5,88 293,79]
max	1e+21
line	max=1e+21 exp=[7,89 150,89 293,7] inc=[7,7 150,89 293,89]
max	1
line	max=1 exp=[7,-731 102.3,80.8 197.7,-321 293,-731] inc=[7,48 102.3,335 197.7,89 293,80.8]
max	1
line	max=1 exp=[] inc=[]
max	1e+21
line	max=1e+21 exp=[7,7 54.7,89 102.3,89 150,89 197.7,89 245.3,89 293,89] inc=[7,89 54.7,89 102.3,89 150,89 197.7,7 245.3,89 293,89]
max	100
line	max=100 exp=[7,88.6 54.7,7 102.3,89 150,88.2 197.7,89 245.3,21.8 293,80.8] inc=[7,91.5 54.7,-820000000000000000000 102.3,7 150,88.2 197.7,89 245.3,89 293,89]
max	82
line	max=82 exp=[7,89] inc=[7,7]
max	2
line	max=2 exp=[7,89] inc=[7,7]
max	2
line	max=2 exp=[7,89] inc=[7,7]
max	100
line	max=100 exp=[7,7 102.3,7 197.7,21.8 293,88.2] inc=[7,91.5 102.3,84.9 197.7,87.4 293,88.6]
max	1
line	max=1 exp=[7,80.8] inc=[7,48]
max	100
line	max=100 exp=[7,80.8 64.2,-820000000000000000000 121.4,88.2 178.6,80.8 235.8,84.9 293,21.8] inc=[7,91.5 64.2,7 121.4,21.8 178.6,80.8 235.8,88.2 293,91.5]
max	1e+21
line	max=1e+21 exp=[7,7 64.2,89 121.4,89 178.6,89 235.8,89 293,7] inc=[7,89 64.2,89 121.4,7 178.6,89 235.8,89 293,89]
max	1
line	max=1 exp=[] inc=[]
max	82
line	max=82 exp=[7,89 102.3,84 197.7,88 293,84] inc=[7,84 102.3,89 197.7,7 293,88.5]
max	5
line	max=5 exp=[7,80.8] inc=[7,7]
max	12345.678
line	max=12345.678 exp=[7,89 78.5,89 150,88.5 221.5,7 293,89] inc=[7,89 78.5,88.3 150,89 221.5,7 293,88.3]
max	1e+21
line	max=1e+21 exp=[7,7 293,89] inc=[7,89 293,89]
max	1
line	max=1 exp=[7,89] inc=[7,7]
max	100
line	max=100 exp=[7,7] inc=[7,88.9]
max	12345.678
line	max=12345.678 exp=[7,89 64.2,7 121.4,89 178.6,89 235.8,89 293,89] inc=[7,89 64.2,89 121.4,89 178.6,89 235.8,88.5 293,89]
max	1e+21
line	max=1e+21 exp=[7,89 54.7,89 102.3,89 150,7 197.7,89 245.3,89 293,89] inc=[7,89 54.7,89 102.3,7 150,89 197.7,89 245.3,89 293,89]
max	1
line	max=1 exp=[] inc=[]
max	1e+21
line	max=1e+21 exp=[7,89 47.9,89 88.7,89 129.6,89 170.4,89 211.3,7 252.1,89 293,89] inc=[7,89 47.9,89 88.7,89 129.6,89 170.4,89 211.3,7 252.1,89 293,89]
max	10
line	max=10 exp=[7,7 78.5,89 150,7 221.5,88.2 293,48] inc=[7,84.9 78.5,72.6 150,-731 221.5,89 293,89]
max	1e+21
line	max=1e+21 exp=[7,89 54.7,89 102.3,89 150,89 197.7,7 245.3,89 293,7] inc=[7,89 54.7,89 102.3,89 150,89 197.7,89 245.3,89 293,89]
max	82
line	max=82 exp=[7,89 150,7 293,84] inc=[7,7 150,88.5 293,89]
max	12345.678
line	max=12345.678 exp=[7,88.9 47.9,89 88.7,89 129.6,-6642000544644045000 170.4,88.9 211.3,89 252.1,89 293,89] inc=[7,7 47.9,89 88.7,88.9 129.6,89 170.4,89 211.3,89 252.1,89 293,89]
max	82
line	max=82 exp=[7,7 293,7] inc=[7,88 293,89]
max	82
line	max=82 exp=[7,92 64.2,92 121.4,89 178.6,89 235.8,7 293,87] inc=[7,88.9 64.2,89 121.4,-11 178.6,88 235.8,88.5 293,87]
max	82
line	max=82 exp=[7,89 150,88 293,89] inc=[7,7 150,88.5 293,89]
max	1
line	max=1 exp=[] inc=[]
max	5
line	max=5 exp=[7,89 54.7,72.6 102.3,89 150,89 197.7,7 245.3,138.2 293,72.6] inc=[7,87.4 54.7,72.6 102.3,89 150,138.2 197.7,89 245.3,72.6 293,7]
max	1e+21
line	max=1e+21 exp=[7,89 47.9,89 88.7,89 129.6,89 170.4,89 211.3,89 252.1,89 293,7] inc=[7,89 47.9,89 88.7,89 129.6,89 170.4,89 211.3,89 252.1,89 293,89]
max	10
line	max=10 exp=[7,-101145.6 293,48] inc=[7,7 293,48]
max	12345.678
line	max=12345.678 exp=[7,89 150,89 293,89] inc=[7,88.5 150,89 293,7]
max	10
line	max=10 exp=[7,113.6 64.2,89 121.4,-583.4 178.6,89 235.8,-8.2e+21 293,89] inc=[7,80.8 64.2,72.6 121.4,88.2 178.6,7 235.8,89 293,80.8]
max	100
line	max=100 exp=[7,89 54.7,7 102.3,87.4 150,80.8 197.7,84.9 245.3,88.2 293,89] inc=[7,89 54.7,89 102.3,89 150,88.2 197.7,88.9 245.3,88.6 293,88.2]
max	1
line	max=1 exp=[] inc=[]
max	1
line	max=1 exp=[] inc=[]
max	82
line	max=82 exp=[7,7] inc=[7,92]
max	1
line	max=1 exp=[7,80.8] inc=[7,-8.2e+22]
max	1e+21
line	max=1e+21 exp=[7,89 47.9,89 88.7,89 129.6,89 170.4,89 211.3,89 252.1,89 293,89] inc=[7,89 47.9,7 88.7,89 129.6,89 170.4,89 211.3,89 252.1,89 293,89]
max	1e+21
line	max=1e+21 exp=[7,7 64.2,89 121.4,7 178.6,7 235.8,89 293,89] inc=[7,89 64.2,7 121.4,89 178.6,89 235.8,89 293,89]
max	1e+21
line	max=1e+21 exp=[7,89 293,89] inc=[7,7 293,89]
max	100
line	max=100 exp=[7,7 78.5,7 150,91.5 221.5,89 293,7] inc=[7,87.4 78.5,89 150,88.6 221.5,80.8 293,7]
max	1e+21
line	max=1e+21 exp=[7,89 150,89 293,89] inc=[7,89 150,89 293,7]
max	1e+21
line	max=1e+21 exp=[7,89 78.5,89 150,89 221.5,89 293,89] inc=[7,89 78.5,89 150,89 221.5,89 293,7]
max	12345.678
line	max=12345.678 exp=[7,89 54.7,89 102.3,89 150,89 197.7,89 245.3,89 293,7] inc=[7,89 54.7,89 102.3,89 150,89 197.7,89 245.3,89 293,89]
max	1
line	max=1 exp=[7,335 150,89 293,89] inc=[7,89 150,89 293,89]
max	12345.678
line	max=12345.678 exp=[7,7] inc=[7,88.5]
max	82
line	max=82 exp=[7,79 78.5,88 150,89 221.5,7 293,84] inc=[7,88.9 78.5,88.9 150,89 221.5,84 293,89]
max	100
line	max=100 exp=[7,7 47.9,88.9 88.7,91.5 129.6,89 170.4,88.6 211.3,89 252.1,88.6 293,7] inc=[7,88.6 47.9,89 88.7,88.9 129.6,84.9 170.4,-820000000000000000000 211.3,7 252.1,89 293,91.5]
max	1
line	max=1 exp=[] inc=[]
max	1e+21
line	max=1e+21 exp=[7,89 150,7 293,89] inc=[7,89 150,89 293,89]
max	1
line	max=1 exp=[] inc=[]
max	100
line	max=100 exp=[7,-10034.5 150,88.2 293,7] inc=[7,91.5 150,88.9 293,7]
max	100
line	max=100 exp=[7,7 47.9,89 88.7,84.9 129.6,88.9 170.4,84.9 211.3,89 252.1,80.8 293,21.8] inc=[7,87.4 47.9,84.9 88.7,89 129.6,88.6 170.4,21.8 211.3,21.8 252.1,88.2 293,87.4]
max	12345.678
line	max=12345.678 exp=[7,89 54.7,89 102.3,89 150,89 197.7,89 245.3,88.5 293,7] inc=[7,-6642000544644045000 54.7,88.5 102.3,7 150,89 197.7,88.3 245.3,89 293,88.9]
max	1e+21
line	max=1e+21 exp=[7,89 64.2,89 121.4,89 178.6,89 235.8,89 293,89] inc=[7,89 64.2,89 121.4,7 178.6,89 235.8,89 293,89]
max	1e+21
line	max=1e+21 exp=[7,89 102.3,89 197.7,89 293,89] inc=[7,7 102.3,89 197.7,89 293,89]
max	12345.678
line	max=12345.678 exp=[7,88.9 47.9,89 88.7,89 129.6,88.5 170.4,89 211.3,7 252.1,89 293,89] inc=[7,88.3 47.9,89 88.7,88.5 129.6,89 170.4,89 211.3,89 252.1,88.5 293,89]
max	1e+21
line	max=1e+21 exp=[7,89 54.7,89 102.3,89 150,89 197.7,89 245.3,89 293,7] inc=[7,89 54.7,89 102.3,89 150,89 197.7,89 245.3,89 293,89]
max	1
line	max=1 exp=[7,89 293,335] inc=[7,7 293,-75]
max	100
line	max=100 exp=[7,87.4 102.3,7 197.7,80.8 293,88.9] inc=[7,89 102.3,87.4 197.7,89 293,84.9]
max	100
line	max=100 exp=[7,89 78.5,89 150,89 221.5,7 293,84.9] inc=[7,88.6 78.5,88.6 150,88.9 221.5,89 293,80.8]
max	10
line	max=10 exp=[7,7 150,89 293,89] inc=[7,7 150,7 293,89]
max	100
line	max=100 exp=[7,88.9 54.7,88.9 102.3,88.2 150,84.9 197.7,88.6 245.3,89 293,7] inc=[7,89 54.7,7 102.3,-10034.5 150,7 197.7,89 245.3,21.8 293,21.8]
max	82
line	max=82 exp=[7,87 54.7,89 102.3,88.5 150,88 197.7,89 245.3,89 293,87] inc=[7,89 54.7,88.9 102.3,88 150,7 197.7,88.9 245.3,92 293,89]
max	5
line	max=5 exp=[7,89 293,89] inc=[7,7 293,89]
max	1
line	max=1 exp=[] inc=[]
max	12345.678
line	max=12345.678 exp=[7,89 78.5,89 150,7 221.5,89 293,89] inc=[7,88.3 78.5,89 150,89 221.5,89 293,88.3]
max	12345.678
line	max=12345.678 exp=[7,89 150,7 293,89] inc=[7,89 150,-6642000544644045000 293,89]
max	5
line	max=5 exp=[7,7] inc=[7,80.8]
max	100
line	max=100 exp=[7,89 293,21.8] inc=[7,89 293,7]
max	1
line	max=1 exp=[] inc=[]
max	12345.678
line	max=12345.678 exp=[7,89 78.5,89 150,89 221.5,7 293,88.3] inc=[7,89 78.5,89 150,89 221.5,89 293,89]
max	1e+21
line	max=1e+21 exp=[7,89 47.9,7 88.7,7 129.6,89 170.4,89 211.3,89 252.1,89 293,89] inc=[7,89 47.9,89 88.7,89 129.6,89 170.4,89 211.3,89 252.1,89 293,89]
max	5
line	max=5 exp=[7,89 78.5,89 150,89 221.5,7 293,138.2] inc=[7,138.2 78.5,89 150,-1551 221.5,7 293,138.2]
max	100
line	max=100 exp=[7,88.2 47.9,21.8 88.7,89 129.6,89 170.4,87.4 211.3,88.9 252.1,88.2 293,7] inc=[7,88.2 47.9,87.4 88.7,-820000000000000000000 129.6,89 170.4,84.9 211.3,-10034.5 252.1,88.2 293,88.9]
max	82
line	max=82 exp=[7,-12256.7 47.9,7 88.7,84 129.6,84 170.4,84 211.3,7 252.1,84 293,-12256.7] inc=[7,84 47.9,92 88.7,79 129.6,89 170.4,7 211.3,92 252.1,89 293,89]
max	1
line	max=1 exp=[7,80.8] inc=[7,48]
max	10
line	max=10 exp=[7,7 150,89 293,113.6] inc=[7,-101145.6 150,-101145.6 293,84.9]
max	5
line	max=5 exp=[7,7 102.3,80.8 197.7,89 293,89] inc=[7,-1255.8 102.3,89 197.7,89 293,56.2]
max	1e+21
line	max=1e+21 exp=[7,89 54.7,89 102.3,7 150,89 197.7,89 245.3,89 293,89] inc=[7,89 54.7,89 102.3,89 150,7 197.7,89 245.3,89 293,89]
max	12345.678
line	max=12345.678 exp=[7,89 102.3,89 197.7,89 293,89] inc=[7,89 102.3,89 197.7,89 293,7]
max	82
line	max=82 exp=[7,89 64.2,89 121.4,89 178.6,88 235.8,7 293,89] inc=[7,84 64.2,89 121.4,84 178.6,89 235.8,88 293,89]
max	5
line	max=5 exp=[7,56.2 150,7 293,89] inc=[7,-1551 150,-75 293,87.4]
max	12345.678
line	max=12345.678 exp=[7,89 150,88.5 293,89] inc=[7,7 150,88.9 293,89]
max	1e+21
line	max=1e+21 exp=[7,89 64.2,89 121.4,89 178.6,7 235.8,89 293,89] inc=[7,89 64.2,89 121.4,89 178.6,89 235.8,89 293,89]
max	82
line	max=82 exp=[7,7 54.7,88.5 102.3,88.5 150,88 197.7,88.9 245.3,7 293,92] inc=[7,79 54.7,92 102.3,-11 150,89 197.7,88 245.3,89 293,84]
max	100
line	max=100 exp=[7,7] inc=[7,7]
max	12345.678
line	max=12345.678 exp=[7,89 78.5,89 150,7 221.5,89 293,89] inc=[7,89 78.5,88.5 150,89 221.5,7 293,89]
max	1
line	max=1 exp=[] inc=[]
max	82
line	max=82 exp=[7,89 78.5,79 150,88 221.5,84 293,7] inc=[7,84 78.5,79 150,89 221.5,92 293,89]
max	1
line	max=1 exp=[7,89] inc=[7,335]
max	1e+21
line	max=1e+21 exp=[7,89 47.9,89 88.7,89 129.6,89 170.4,89 211.3,89 252.1,89 293,89] inc=[7,89 47.9,89 88.7,89 129.6,89 170.4,7 211.3,7 252.1,89 293,89]
max	12345.678
line	max=12345.678 exp=[7,89 78.5,89 150,89 221.5,7 293,89] inc=[7,89 78.5,88.9 150,7 221.5,7 293,7]
max	10
line	max=10 exp=[7,89 78.5,89 150,7 221.5,88.2 293,88.2] inc=[7,113.6 78.5,80.8 150,7 221.5,84.9 293,7]
max	12345.678
line	max=12345.678 exp=[7,-6642000544644045000 78.5,89 150,89 221.5,88.5 293,89] inc=[7,88.9 78.5,88.5 150,89 221.5,88.5 293,7]
max	12345.678
line	max=12345.678 exp=[7,88.3 150,7 293,7] inc=[7,89 150,89 293,89]
max	1
line	max=1 exp=[7,48] inc=[7,89]
max	1e+21
line	max=1e+21 exp=[7,89 102.3,89 197.7,7 293,89] inc=[7,89 102.3,89 197.7,89 293,89]
max	5
line	max=5 exp=[7,87.4 150,72.6 293,7] inc=[7,89 150,138.2 293,89]
max	100
line	max=100 exp=[7,21.8] inc=[7,7]
max	12345.678
line	max=12345.678 exp=[7,7] inc=[7,89]
max	1
line	max=1 exp=[] inc=[]
max	10
line	max=10 exp=[7,88.2 150,7 293,113.6] inc=[7,89 150,48 293,72.6]
max	82
line	max=82 exp=[7,89 293,92] inc=[7,87 293,7]
max	1e+21
line	max=1e+21 exp=[7,89 78.5,89 150,89 221.5,89 293,89] inc=[7,89 78.5,7 150,89 221.5,89 293,7]
max	12345.678
line	max=12345.678 exp=[7,7 150,88.3 293,89] inc=[7,88.5 150,89 293,89]
max	1e+21
line	max=1e+21 exp=[7,89 47.9,89 88.7,89 129.6,89 170.4,89 211.3,89 252.1,89 293,89] inc=[7,89 47.9,89 88.7,89 129.6,89 170.4,7 211.3,89 252.1,89 293,89]
max	100
line	max=100 exp=[7,7 102.3,21.8 197.7,84.9 293,7] inc=[7,89 102.3,88.9 197.7,88.6 293,88.9]
max	1e+21
line	max=1e+21 exp=[7,7 47.9,89 88.7,89 129.6,89 170.4,89 211.3,89 252.1,7 293,89] inc=[7,7 47.9,89 88.7,89 129.6,89 170.4,89 211.3,89 252.1,89 293,89]
max	12345.678
line	max=12345.678 exp=[7,89 78.5,88.9 150,7 221.5,88.3 293,89] inc=[7,89 78.5,88.5 150,89 221.5,88.5 293,88.9]
max	1
line	max=1 exp=[7,335 102.3,89 197.7,-8.2e+22 293,-8.2e+22] inc=[7,48 102.3,7 197.7,7 293,89]
max	82
line	max=82 exp=[7,7 102.3,79 197.7,7 293,89] inc=[7,88.9 102.3,7 197.7,-11 293,-11]
max	2
line	max=2 exp=[7,84.9 150,84.9 293,-321] inc=[7,89 150,7 293,212]
max	12345.678
line	max=12345.678 exp=[7,89 54.7,89 102.3,89 150,7 197.7,88.9 245.3,88.5 293,88.5] inc=[7,89 54.7,89 102.3,89 150,89 197.7,89 245.3,88.5 293,88.9]
max	1
line	max=1 exp=[] inc=[]
max	100
line	max=100 exp=[7,89 293,80.8] inc=[7,7 293,88.2]
max	10
line	max=10 exp=[7,113.6 150,89 293,89] inc=[7,7 150,89 293,113.6]
max	100
line	max=100 exp=[7,-10034.5 54.7,89 102.3,80.8 150,80.8 197.7,91.5 245.3,-820000000000000000000 293,21.8] inc=[7,84.9 54.7,91.5 102.3,88.6 150,84.9 197.7,7 245.3,84.9 293,87.4]
max	1
line	max=1 exp=[7,89] inc=[7,89]
max	1e+21
line	max=1e+21 exp=[7,89 102.3,89 197.7,7 293,89] inc=[7,89 102.3,89 197.7,89 293,89]
max	1e+21
line	max=1e+21 exp=[7,89 64.2,89 121.4,89 178.6,89 235.8,89 293,89] inc=[7,7 64.2,89 121.4,89 178.6,89 235.8,89 293,7]
max	82
line	max=82 exp=[7,84 150,92 293,7] inc=[7,89 150,-999999999999999900000 293,88.5]
max	1e+21
line	max=1e+21 exp=[7,89 102.3,89 197.7,89 293,89] inc=[7,7 102.3,89 197.7,89 293,89]
max	1
line	max=1 exp=[] inc=[]
max	1e+21
line	max=1e+21 exp=[7,89 54.7,89 102.3,7 150,89 197.7,89 245.3,89 293,89] inc=[7,89 54.7,89 102.3,7 150,89 197.7,89 245.3,89 293,89]
max	1e+21
line	max=1e+21 exp=[7,7 293,89] inc=[7,89 293,89]
max	100
line	max=100 exp=[7,91.5 102.3,89 197.7,89 293,88.6] inc=[7,7 102.3,88.2 197.7,80.8 293,88.2]
max	1e+21
line	max=1e+21 exp=[7,89 47.9,7 88.7,89 129.6,7 170.4,89 211.3,89 252.1,89 293,89] inc=[7,89 47.9,89 88.7,89 129.6,89 170.4,89 211.3,89 252.1,7 293,89]
max	1e+21
line	max=1e+21 exp=[7,89 78.5,89 150,89 221.5,89 293,89] inc=[7,7 78.5,89 150,89 221.5,89 293,89]
max	12345.678
line	max=12345.678 exp=[7,89 78.5,89 150,89 221.5,89 293,89] inc=[7,7 78.5,89 150,89 221.5,89 293,88.3]
max	10
line	max=10 exp=[7,89 150,113.6 293,7] inc=[7,84.9 150,-731 293,-101145.6]
max	1e+21
line	max=1e+21 exp=[7,7 54.7,89 102.3,89 150,89 197.7,89 245.3,89 293,89] inc=[7,89 54.7,89 102.3,89 150,89 197.7,89 245.3,89 293,89]
max	12345.678
line	max=12345.678 exp=[7,89 102.3,89 197.7,89 293,89] inc=[7,89 102.3,89 197.7,7 293,89]
max	12345.678
line	max=12345.678 exp=[7,89 78.5,7 150,89 221.5,89 293,89] inc=[7,89 78.5,89 150,7 221.5,89 293,89]
max	1
line	max=1 exp=[7,89] inc=[7,-6635]
max	12345.678
line	max=12345.678 exp=[7,89 54.7,7 102.3,89 150,89 197.7,88.3 245.3,88.3 293,89] inc=[7,-6642000544644045000 54.7,89 102.3,89 150,89 197.7,88.3 245.3,89 293,89]
max	5
line	max=5 exp=[7,7] inc=[7,56.2]
max	1e+21
line	max=1e+21 exp=[7,7 78.5,89 150,89 221.5,89 293,89] inc=[7,89 78.5,89 150,7 221.5,89 293,89]
max	12345.678
line	max=12345.678 exp=[7,7 64.2,89 121.4,89 178.6,89 235.8,89 293,-6642000544644045000] inc=[7,7 64.2,89 121.4,89 178.6,89 235.8,89 293,89]
max	1e+21
line	max=1e+21 exp=[7,89 47.9,89 88.7,89 129.6,89 170.4,89 211.3,89 252.1,7 293,89] inc=[7,89 47.9,89 88.7,7 129.6,89 170.4,89 211.3,89 252.1,89 293,89]
max	100
line	max=100 exp=[7,89 47.9,89 88.7,7 129.6,88.9 170.4,89 211.3,88.2 252.1,84.9 293,88.2] inc=[7,88.9 47.9,7 88.7,87.4 129.6,89 170.4,21.8 211.3,87.4 252.1,88.2 293,89]
max	1e+21
line	max=1e+21 exp=[7,89 78.5,89 150,89 221.5,89 293,7] inc=[7,7 78.5,89 150,89 221.5,89 293,89]
max	12345.678
line	max=12345.678 exp=[7,7 102.3,7 197.7,89 293,7] inc=[7,88.9 102.3,89 197.7,88.5 293,89]
max	5
line	max=5 exp=[7,7] inc=[7,7]
max	1
line	max=1 exp=[7,-8111 293,7] inc=[7,335 293,89]
max	1
line	max=1 exp=[] inc=[]
max	12345.678
line	max=12345.678 exp=[7,89 54.7,-6642000544644045000 102.3,89 150,-6642000544644045000 197.7,89 245.3,89 293,89] inc=[7,7 54.7,88.5 102.3,7 150,88.5 197.7,89 245.3,89 293,88.5]
max	100
line	max=100 exp=[7,89 293,-10034.5] inc=[7,84.9 293,7]
max	1e+21
line	max=1e+21 exp=[7,7] inc=[7,89]
max	1
line	max=1 exp=[] inc=[]
max	5
line	max=5 exp=[7,-202380.1 102.3,87.4 197.7,-1255.8 293,87.4] inc=[7,89 102.3,87.4 197.7,56.2 293,7]
max	82
line	max=82 exp=[7,79 78.5,7 150,88 221.5,7 293,88.9] inc=[7,92 78.5,87 150,88 221.5,88.9 293,88.5]
max	1e+21
line	max=1e+21 exp=[7,89 54.7,89 102.3,89 150,89 197.7,89 245.3,7 293,89] inc=[7,89 54.7,89 102.3,7 150,89 197.7,89 245.3,89 293,89]
max	1
line	max=1 exp=[7,48] inc=[7,-8111]
max	1e+21
line	max=1e+21 exp=[7,89 54.7,89 102.3,89 150,89 197.7,89 245.3,89 293,89] inc=[7,7 54.7,89 102.3,89 150,89 197.7,89 245.3,89 293,89]
max	12345.678
line	max=12345.678 exp=[7,7 54.7,88.9 102.3,88.5 150,89 197.7,89 245.3,88.3 293,88.9] inc=[7,7 54.7,89 102.3,89 150,89 197.7,89 245.3,89 293,89]
max	12345.678
line	max=12345.678 exp=[7,89 47.9,88.5 88.7,89 129.6,7 170.4,88.3 211.3,88.9 252.1,89 293,89] inc=[7,89 47.9,89 88.7,89 129.6,88.9 170.4,89 211.3,89 252.1,88.5 293,88.3]
max	1
line	max=1 exp=[] inc=[]
max	100
line	max=100 exp=[7,89 64.2,88.9 121.4,-820000000000000000000 178.6,-10034.5 235.8,-820000000000000000000 293,7] inc=[7,87.4 64.2,89 121.4,7 178.6,91.5 235.8,88.2 293,21.8]
max	1e+21
line	max=1e+21 exp=[7,89 150,7 293,89] inc=[7,89 150,89 293,89]
max	82
line	max=82 exp=[7,89 78.5,89 150,79 221.5,7 293,7] inc=[7,89 78.5,89 150,-999999999999999900000 221.5,89 293,-999999999999999900000]
max	1e+21
line	max=1e+21 exp=[7,89 78.5,89 150,89 221.5,89 293,7] inc=[7,89 78.5,89 150,89 221.5,89 293,89]
max	12345.678
line	max=12345.678 exp=[7,89 293,88.5] inc=[7,7 293,89]
max	1e+21
line	max=1e+21 exp=[7,89 102.3,7 197.7,89 293,89] inc=[7,89 102.3,89 197.7,89 293,89]
max	12345.678
line	max=12345.678 exp=[7,88.9 47.9,7 88.7,88.5 129.6,89 170.4,89 211.3,89 252.1,89 293,89] inc=[7,89 47.9,89 88.7,88.3 129.6,89 170.4,88.9 211.3,-6642000544644045000 252.1,89 293,88.9]
max	1e+21
line	max=1e+21 exp=[7,89 78.5,89 150,89 221.5,89 293,7] inc=[7,89 78.5,89 150,89 221.5,7 293,89]
max	1
line	max=1 exp=[7,-731 102.3,-75 197.7,89 293,-8.2e+22] inc=[7,89 102.3,7 197.7,7 293,335]
max	1
line	max=1 exp=[] inc=[]
max	5
line	max=5 exp=[7,7 64.2,72.6 121.4,87.4 178.6,138.2 235.8,89 293,89] inc=[7,-75 64.2,72.6 121.4,-202380.1 178.6,-1551 235.8,-75 293,-75]
max	12345.678
line	max=12345.678 exp=[7,88.5 150,89 293,7] inc=[7,89 150,88.3 293,-6642000544644045000]
max	10
line	max=10 exp=[7,89 102.3,48 197.7,89 293,89] inc=[7,7 102.3,88.2 197.7,7 293,72.6]
max	12345.678
line	max=12345.678 exp=[7,89 150,89 293,89] inc=[7,7 150,89 293,7]
max	100
line	max=100 exp=[7,21.8 150,88.9 293,7] inc=[7,84.9 150,91.5 293,84.9]
max	82
line	max=82 exp=[7,89 293,89] inc=[7,7 293,89]
max	12345.678
line	max=12345.678 exp=[7,88.9 78.5,7 150,88.5 221.5,89 293,89] inc=[7,89 78.5,89 150,89 221.5,89 293,88.5]
max	1e+21
line	max=1e+21 exp=[7,89 150,89 293,7] inc=[7,89 150,89 293,89]
max	5
line	max=5 exp=[7,56.2 150,7 293,80.8] inc=[7,-1551 150,56.2 293,-75]
max	1e+21
line	max=1e+21 exp=[7,89 47.9,89 88.7,89 129.6,89 170.4,89 211.3,89 252.1,7 293,89] inc=[7,89 47.9,89 88.7,89 129.6,7 170.4,89 211.3,89 252.1,89 293,89]
max	100
line	max=100 exp=[7,89 47.9,89 88.7,21.8 129.6,88.6 170.4,7 211.3,89 252.1,80.8 293,88.2] inc=[7,-820000000000000000000 47.9,21.8 88.7,84.9 129.6,7 170.4,21.8 211.3,88.9 252.1,80.8 293,89]
max	12345.678
line	max=12345.678 exp=[7,7 102.3,89 197.7,89 293,89] inc=[7,89 102.3,89 197.7,7 293,-6642000544644045000]
max	1e+21
line	max=1e+21 exp=[7,89 78.5,89 150,89 221.5,89 293,89] inc=[7,89 78.5,7 150,89 221.5,89 293,89]
max	12345.678
line	max=12345.678 exp=[7,89 47.9,89 88.7,89 129.6,89 170.4,89 211.3,89 252.1,7 293,89] inc=[7,-6642000544644045000 47.9,7 88.7,89 129.6,89 170.4,89 211.3,88.9 252.1,89 293,89]
max	100
line	max=100 exp=[7,88.9 293,89] inc=[7,91.5 293,7]
max	1e+21
line	max=1e+21 exp=[7,89 78.5,89 150,89 221.5,89 293,89] inc=[7,89 78.5,89 150,89 221.5,7 293,89]
max	82
line	max=82 exp=[7,7 150,92 293,7] inc=[7,89 150,-999999999999999900000 293,-12256.7]
max	12345.678
line	max=12345.678 exp=[7,7 54.7,89 102.3,89 150,7 197.7,7 245.3,88.5 293,89] inc=[7,89 54.7,89 102.3,88.3 150,89 197.7,89 245.3,89 293,88.9]
max	1
line	max=1 exp=[] inc=[]
max	1e+21
line	max=1e+21 exp=[7,89 47.9,89 88.7,89 129.6,89 170.4,89 211.3,89 252.1,89 293,89] inc=[7,89 47.9,7 88.7,7 129.6,89 170.4,89 211.3,89 252.1,89 293,89]
max	1e+21
line	max=1e+21 exp=[7,89 150,89 293,89] inc=[7,89 150,89 293,7]
max	1
line	max=1 exp=[] inc=[]
max	100
line	max=100 exp=[7,89 64.2,88.2 121.4,89 178.6,87.4 235.8,91.5 293,87.4] inc=[7,7 64.2,89 121.4,88.2 178.6,80.8 235.8,89 293,91.5]
max	1
line	max=1 exp=[] inc=[]
max	1
line	max=1 exp=[7,80.8 293,89] inc=[7,7 293,89]
max	1e+21
line	max=1e+21 exp=[7,89 54.7,89 102.3,89 150,89 197.7,89 245.3,89 293,89] inc=[7,89 54.7,89 102.3,7 150,89 197.7,89 245.3,89 293,89]
max	100
line	max=100 exp=[7,21.8 47.9,88.2 88.7,88.2 129.6,88.9 170.4,7 211.3,89 252.1,87.4 293,88.2] inc=[7,88.6 47.9,91.5 88.7,-10034.5 129.6,7 170.4,21.8 211.3,89 252.1,-820000000000000000000 293,89]
max	82
line	max=82 exp=[7,89 47.9,7 88.7,89 129.6,89 170.4,88.5 211.3,92 252.1,88 293,88.5] inc=[7,88.5 47.9,84 88.7,89 129.6,88.5 170.4,89 211.3,89 252.1,84 293,92]
max	12345.678
line	max=12345.678 exp=[7,89 293,88.3] inc=[7,89 293,7]
max	82
line	max=82 exp=[7,-12256.7 102.3,87 197.7,89 293,89] inc=[7,88.9 102.3,7 197.7,89 293,89]
max	12345.678
line	max=12345.678 exp=[7,89 54.7,89 102.3,89 150,-6642000544644045000 197.7,88.3 245.3,89 293,89] inc=[7,89 54.7,88.9 102.3,89 150,89 197.7,89 245.3,7 293,89]
max	1e+21
line	max=1e+21 exp=[7,89 64.2,89 121.4,89 178.6,89 235.8,89 293,89] inc=[7,89 64.2,7 121.4,89 178.6,89 235.8,7 293,89]
max	12345.678
line	max=12345.678 exp=[7,89 78.5,7 150,89 221.5,89 293,89] inc=[7,89 78.5,89 150,89 221.5,89 293,7]
max	12345.678
line	max=12345.678 exp=[7,89 78.5,7 150,88.5 221.5,89 293,89] inc=[7,89 78.5,89 150,89 221.5,88.9 293,89]
max	12345.678
line	max=12345.678 exp=[7,7 64.2,89 121.4,89 178.6,89 235.8,89 293,89] inc=[7,89 64.2,89 121.4,89 178.6,89 235.8,89 293,89]
max	1
line	max=1 exp=[] inc=[]
max	82
line	max=82 exp=[7,7 64.2,89 121.4,7 178.6,84 235.8,7 293,89] inc=[7,79 64.2,88 121.4,7 178.6,88.9 235.8,87 293,-12256.7]
max	1
line	max=1 exp=[7,-8111] inc=[7,7]
max	1e+21
line	max=1e+21 exp=[7,89 102.3,89 197.7,89 293,89] inc=[7,7 102.3,89 197.7,89 293,89]
max	100
line	max=100 exp=[7,87.4 293,91.5] inc=[7,89 293,7]
max	1
line	max=1 exp=[] inc=[]
max	2
line	max=2 exp=[7,89 78.5,7 150,212 221.5,84.9 293,84.9] inc=[7,89 78.5,-4011 150,7 221.5,-116 293,-3273]
max	82
line	max=82 exp=[7,89 47.9,87 88.7,79 129.6,84 170.4,79 211.3,92 252.1,89 293,-12256.7] inc=[7,92 47.9,79 88.7,7 129.6,89 170.4,89 211.3,88.5 252.1,84 293,89]
max	12345.678
line	max=12345.678 exp=[7,88.9 54.7,89 102.3,89 150,89 197.7,7 245.3,89 293,88.3] inc=[7,89 54.7,89 102.3,89 150,89 197.7,7 245.3,89 293,89]
max	1
line	max=1 exp=[] inc=[]
max	1e+21
line	max=1e+21 exp=[7,89 47.9,89 88.7,89 129.6,89 170.4,89 211.3,7 252.1,89 293,7] inc=[7,89 47.9,89 88.7,89 129.6,89 170.4,89 211.3,89 252.1,89 293,89]
max	82
line	max=82 exp=[7,7 54.7,84 102.3,92 150,88 197.7,92 245.3,88.9 293,89] inc=[7,88.9 54.7,79 102.3,-999999999999999900000 150,79 197.7,89 245.3,-11 293,88.5]
max	5
line	max=5 exp=[7,87.4 150,-1551 293,7] inc=[7,138.2 150,7 293,138.2]
max	12345.678
line	max=12345.678 exp=[7,7 54.7,89 102.3,89 150,88.9 197.7,7 245.3,7 293,89] inc=[7,7 54.7,89 102.3,89 150,89 197.7,89 245.3,88.9 293,89]
max	1e+21
line	max=1e+21 exp=[7,89 150,89 293,89] inc=[7,89 150,7 293,7]
max	100
line	max=100 exp=[7,7 47.9,88.6 88.7,88.9 129.6,21.8 170.4,7 211.3,87.4 252.1,88.2 293,88.9] inc=[7,7 47.9,21.8 88.7,80.8 129.6,91.5 170.4,89 211.3,88.2 252.1,88.9 293,80.8]
max	1e+21
line	max=1e+21 exp=[7,89 47.9,7 88.7,89 129.6,89 170.4,89 211.3,89 252.1,89 293,89] inc=[7,89 47.9,7 88.7,89 129.6,89 170.4,89 211.3,89 252.1,89 293,89]
max	12345.678
line	max=12345.678 exp=[7,88.9 47.9,88.9 88.7,88.5 129.6,7 170.4,88.5 211.3,88.5 252.1,88.9 293,89] inc=[7,89 47.9,89 88.7,89 129.6,88.5 170.4,89 211.3,89 252.1,89 293,89]
max	100
line	max=100 exp=[7,91.5 293,-10034.5] inc=[7,21.8 293,7]
max	1
line	max=1 exp=[7,335] inc=[7,7]
max	1e+21
line	max=1e+21 exp=[7,89 47.9,89 88.7,89 129.6,89 170.4,89 211.3,89 252.1,89 293,89] inc=[7,89 47.9,89 88.7,89 129.6,7 170.4,89 211.3,89 252.1,89 293,7]
max	12345.678
line	max=12345.678 exp=[7,89 64.2,89 121.4,89 178.6,7 235.8,88.5 293,89] inc=[7,7 64.2,89 121.4,89 178.6,88.9 235.8,89 293,-6642000544644045000]
max	1e+21
line	max=1e+21 exp=[7,89 64.2,89 121.4,89 178.6,89 235.8,89 293,89] inc=[7,89 64.2,7 121.4,89 178.6,89 235.8,89 293,89]
max	1e+21
line	max=1e+21 exp=[7,89 54.7,89 102.3,7 150,89 197.7,89 245.3,89 293,89] inc=[7,89 54.7,89 102.3,89 150,89 197.7,89 245.3,89 293,89]
max	82
line	max=82 exp=[7,88 102.3,84 197.7,79 293,7] inc=[7,-12256.7 102.3,89 197.7,87 293,89]
max	1e+21
line	max=1e+21 exp=[7,89 54.7,89 102.3,7 150,89 197.7,7 245.3,89 293,89] inc=[7,89 54.7,89 102.3,7 150,89 197.7,89 245.3,89 293,89]
max	2
line	max=2 exp=[7,7 293,48] inc=[7,89 293,-321]
max	1e+21
line	max=1e+21 exp=[7,7] inc=[7,89]
max	12345.678
line	max=12345.678 exp=[7,89 293,7] inc=[7,89 293,89]
max	1
line	max=1 exp=[] inc=[]
max	1e+21
line	max=1e+21 exp=[7,89 47.9,89 88.7,89 129.6,89 170.4,7 211.3,89 252.1,89 293,89] inc=[7,89 47.9,89 88.7,89 129.6,89 170.4,89 211.3,89 252.1,89 293,89]
max	1e+21
line	max=1e+21 exp=[7,89 293,89] inc=[7,7 293,89]
max	12345.678
line	max=12345.678 exp=[7,89 47.9,7 88.7,89 129.6,89 170.4,89 211.3,89 252.1,88.5 293,89] inc=[7,89 47.9,7 88.7,88.3 129.6,88.3 170.4,89 211.3,89 252.1,-6642000544644045000 293,89]
max	12345.678
line	max=12345.678 exp=[7,89] inc=[7,7]
max	1
line	max=1 exp=[7,-321 150,-8.2e+22 293,-1012256.6] inc=[7,89 150,89 293,80.8]
max	1e+21
line	max=1e+21 exp=[7,89 47.9,7 88.7,89 129.6,7 170.4,89 211.3,89 252.1,89 293,89] inc=[7,89 47.9,89 88.7,89 129.6,89 170.4,89 211.3,89 252.1,89 293,89]
max	10
line	max=10 exp=[7,113.6 78.5,72.6 150,7 221.5,7 293,89] inc=[7,113.6 78.5,48 150,89 221.5,72.6 293,-101145.6]
max	1
line	max=1 exp=[] inc=[]
max	5
line	max=5 exp=[7,87.4 102.3,7 197.7,87.4 293,80.8] inc=[7,89 102.3,-75 197.7,138.2 293,89]
max	82
line	max=82 exp=[7,84 54.7,-11 102.3,88.5 150,92 197.7,88.9 245.3,84 293,89] inc=[7,88 54.7,7 102.3,88.5 150,88 197.7,84 245.3,88.5 293,7]
max	100
line	max=100 exp=[7,89 293,91.5] inc=[7,7 293,89]
max	12345.678
line	max=12345.678 exp=[7,89 102.3,89 197.7,89 293,89] inc=[7,88.3 102.3,89 197.7,89 293,7]
max	12345.678
line	max=12345.678 exp=[7,89 54.7,7 102.3,89 150,89 197.7,89 245.3,89 293,88.9] inc=[7,88.3 54.7,89 102.3,89 150,89 197.7,89 245.3,88.3 293,88.3]
max	12345.678
line	max=12345.678 exp=[7,89 47.9,88.3 88.7,89 129.6,89 170.4,89 211.3,88.3 252.1,89 293,89] inc=[7,88.9 47.9,89 88.7,89 129.6,89 170.4,89 211.3,88.5 252.1,89 293,7]
max	2
line	max=2 exp=[7,7 293,48] inc=[7,212 293,89]
max	1e+21
line	max=1e+21 exp=[7,7 293,89] inc=[7,89 293,89]
max	12345.678
line	max=12345.678 exp=[7,89 64.2,89 121.4,89 178.6,88.5 235.8,88.9 293,89] inc=[7,89 64.2,7 121.4,88.5 178.6,89 235.8,89 293,89]
max	1
line	max=1 exp=[7,89] inc=[7,89]
max	1e+21
line	max=1e+21 exp=[7,7 150,89 293,89] inc=[7,7 150,89 293,89]
max	2
line	max=2 exp=[7,7] inc=[7,68.5]
max	82
line	max=82 exp=[7,92 54.7,84 102.3,84 150,7 197.7,89 245.3,89 293,7] inc=[7,79 54.7,92 102.3,79 150,-11 197.7,88.9 245.3,-12256.7 293,79]
max	5
line	max=5 exp=[7,72.6 102.3,-1551 197.7,72.6 293,-1255.8] inc=[7,7 102.3,87.4 197.7,72.6 293,80.8]
max	1e+21
line	max=1e+21 exp=[7,7 78.5,89 150,89 221.5,89 293,89] inc=[7,89 78.5,7 150,89 221.5,89 293,89]
max	12345.678
line	max=12345.678 exp=[7,7 78.5,88.3 150,89 221.5,89 293,89] inc=[7,89 78.5,89 150,89 221.5,88.3 293,88.9]
max	1e+21
line	max=1e+21 exp=[7,89 54.7,7 102.3,89 150,89 197.7,89 245.3,89 293,89] inc=[7,89 54.7,89 102.3,89 150,7 197.7,7 245.3,89 293,89]
max	82
line	max=82 exp=[7,-999999999999999900000 150,89 293,79] inc=[7,88 150,7 293,89]
max	12345.678
line	max=12345.678 exp=[7,89 293,7] inc=[7,88.5 293,89]
max	100
line	max=100 exp=[7,88.9 102.3,7 197.7,91.5 293,84.9] inc=[7,84.9 102.3,87.4 197.7,91.5 293,87.4]
max	1e+21
line	max=1e+21 exp=[7,89 78.5,89 150,7 221.5,89 293,89] inc=[7,89 78.5,89 150,89 221.5,7 293,89]
max	82
line	max=82 exp=[7,92 78.5,7 150,92 221.5,-999999999999999900000 293,79] inc=[7,89 78.5,88 150,79 221.5,88.5 293,7]
max	5
line	max=5 exp=[7,-1255.8] inc=[7,7]
max	10
line	max=10 exp=[7,88.2 54.7,72.6 102.3,113.6 150,7 197.7,80.8 245.3,113.6 293,80.8] inc=[7,89 54.7,-731 102.3,-101145.6 150,7 197.7,89 245.3,48 293,7]
max	1
line	max=1 exp=[7,80.8 293,-75] inc=[7,89 293,48]
max	100
line	max=100 exp=[7,88.6 78.5,80.8 150,84.9 221.5,87.4 293,7] inc=[7,89 78.5,88.2 150,88.9 221.5,-820000000000000000000 293,80.8]
max	1e+21
line	max=1e+21 exp=[7,89 47.9,7 88.7,89 129.6,89 170.4,89 211.3,89 252.1,89 293,89] inc=[7,89 47.9,89 88.7,89 129.6,89 170.4,89 211.3,89 252.1,89 293,89]
max	1e+21
line	max=1e+21 exp=[7,89 64.2,89 121.4,89 178.6,7 235.8,89 293,89] inc=[7,89 64.2,89 121.4,89 178.6,89 235.8,89 293,89]
max	100
line	max=100 exp=[7,-10034.5 54.7,88.2 102.3,89 150,89 197.7,89 245.3,89 293,91.5] inc=[7,88.9 54.7,7 102.3,91.5 150,7 197.7,84.9 245.3,84.9 293,84.9]
max	5
line	max=5 exp=[7,56.2 102.3,-75 197.7,89 293,-1255.8] inc=[7,80.8 102.3,7 197.7,89 293,89]
max	1e+21
line	max=1e+21 exp=[7,89 47.9,89 88.7,89 129.6,89 170.4,89 211.3,89 252.1,7 293,89] inc=[7,89 47.9,89 88.7,7 129.6,7 170.4,89 211.3,89 252.1,89 293,7]
max	1
line	max=1 exp=[7,80.8 293,48] inc=[7,89 293,89]
max	1
line	max=1 exp=[7,80.8] inc=[7,-321]
max	12345.678
line	max=12345.678 exp=[7,89 78.5,89 150,7 221.5,89 293,89] inc=[7,88.9 78.5,89 150,89 221.5,88.9 293,89]
max	1
line	max=1 exp=[7,335] inc=[7,89]
max	12345.678
line	max=12345.678 exp=[7,89 102.3,7 197.7,88.9 293,89] inc=[7,88.5 102.3,89 197.7,88.5 293,88.9]
max	12345.678
line	max=12345.678 exp=[7,89 150,89 293,88.5] inc=[7,7 150,89 293,89]
max	12345.678
line	max=12345.678 exp=[7,7 78.5,88.9 150,89 221.5,89 293,7] inc=[7,89 78.5,7 150,89 221.5,88.5 293,88.9]
max	1e+21
line	max=1e+21 exp=[7,89 54.7,89 102.3,7 150,89 197.7,89 245.3,89 293,89] inc=[7,89 54.7,89 102.3,89 150,89 197.7,89 245.3,89 293,89]
max	1e+21
line	max=1e+21 exp=[7,89 78.5,89 150,89 221.5,89 293,89] inc=[7,89 78.5,89 150,89 221.5,7 293,89]
max	5
line	max=5 exp=[7,89 150,7 293,72.6] inc=[7,89 150,-1551 293,-202380.1]
max	1
line	max=1 exp=[7,89] inc=[7,89]
max	1e+21
line	max=1e+21 exp=[7,7 64.2,89 121.4,89 178.6,89 235.8,89 293,89] inc=[7,7 64.2,89 121.4,89 178.6,89 235.8,89 293,89]
max	1e+21
line	max=1e+21 exp=[7,7 64.2,89 121.4,89 178.6,89 235.8,89 293,89] inc=[7,7 64.2,89 121.4,89 178.6,89 235.8,89 293,89]
max	1e+21
line	max=1e+21 exp=[7,89 47.9,7 88.7,89 129.6,89 170.4,89 211.3,89 252.1,89 293,89] inc=[7,89 47.9,89 88.7,89 129.6,7 170.4,89 211.3,7 252.1,89 293,89]
max	1e+21
line	max=1e+21 exp=[7,7 47.9,89 88.7,89 129.6,89 170.4,7 211.3,7 252.1,89 293,89] inc=[7,89 47.9,89 88.7,89 129.6,89 170.4,89 211.3,89 252.1,89 293,89]
max	82
line	max=82 exp=[7,7 293,87] inc=[7,92 293,79]
max	100
line	max=100 exp=[7,89 54.7,80.8 102.3,84.9 150,91.5 197.7,80.8 245.3,88.9 293,7] inc=[7,88.9 54.7,7 102.3,88.6 150,89 197.7,89 245.3,89 293,-10034.5]
max	12345.678
line	max=12345.678 exp=[7,89 150,89 293,7] inc=[7,88.5 150,88.9 293,89]
max	1e+21
line	max=1e+21 exp=[7,89 78.5,89 150,89 221.5,89 293,89] inc=[7,89 78.5,7 150,89 221.5,89 293,89]
max	1e+21
line	max=1e+21 exp=[7,7 150,89 293,89] inc=[7,89 150,89 293,89]
max	10
line	max=10 exp=[7,7 293,48] inc=[7,48 293,113.6]
max	1
line	max=1 exp=[7,89] inc=[7,80.8]
max	10
line	max=10 exp=[7,84.9 102.3,7 197.7,7 293,-583.4] inc=[7,72.6 102.3,89 197.7,7 293,72.6]
max	12345.678
line	max=12345.678 exp=[7,7 64.2,89 121.4,89 178.6,89 235.8,89 293,88.3] inc=[7,89 64.2,-6642000544644045000 121.4,89 178.6,89 235.8,7 293,89]
max	1
line	max=1 exp=[] inc=[]
max	1
line	max=1 exp=[7,89 293,7] inc=[7,-8111 293,-6635]
max	12345.678
line	max=12345.678 exp=[7,88.3 150,89 293,7] inc=[7,89 150,89 293,89]
max	1
line	max=1 exp=[] inc=[]
max	12345.678
line	max=12345.678 exp=[7,89 102.3,89 197.7,89 293,7] inc=[7,7 102.3,89 197.7,88.5 293,88.5]
max	12345.678
line	max=12345.678 exp=[7,89 47.9,89 88.7,89 129.6,89 170.4,89 211.3,88.3 252.1,7 293,89] inc=[7,89 47.9,89 88.7,7 129.6,89 170.4,89 211.3,88.5 252.1,89 293,88.9]
max	1
line	max=1 exp=[] inc=[]
max	1
line	max=1 exp=[7,335] inc=[7,7]
max	1e+21
line	max=1e+21 exp=[7,89 54.7,89 102.3,89 150,89 197.7,89 245.3,89 293,7] inc=[7,89 54.7,89 102.3,89 150,89 197.7,89 245.3,89 293,89]
max	100
line	max=100 exp=[7,88.9 293,80.8] inc=[7,84.9 293,7]
max	1e+21
line	max=1e+21 exp=[7,89 64.2,89 121.4,89 178.6,89 235.8,89 293,89] inc=[7,89 64.2,89 121.4,89 178.6,89 235.8,7 293,89]
max	1
line	max=1 exp=[] inc=[]
max	1e+21
line	max=1e+21 exp=[7,89 54.7,89 102.3,89 150,89 197.7,89 245.3,89 293,89] inc=[7,89 54.7,89 102.3,89 150,89 197.7,89 245.3,7 293,89]
max	12345.678
line	max=12345.678 exp=[7,7 293,88.3] inc=[7,89 293,88.5]
max	1
line	max=1 exp=[] inc=[]
max	1
line	max=1 exp=[7,335 102.3,48 197.7,48 293,48] inc=[7,80.8 102.3,-731 197.7,89 293,-6635]
max	1e+21
line	max=1e+21 exp=[7,7] inc=[7,89]
max	1e+21
line	max=1e+21 exp=[7,7 47.9,89 88.7,89 129.6,89 170.4,89 211.3,89 252.1,89 293,89] inc=[7,89 47.9,89 88.7,89 129.6,89 170.4,89 211.3,89 252.1,89 293,89]
max	1
line	max=1 exp=[] inc=[]
max	2
line	max=2 exp=[7,7] inc=[7,84.9]
max	1
line	max=1 exp=[] inc=[]
max	12345.678
line	max=12345.678 exp=[7,7 78.5,89 150,88.9 221.5,89 293,89] inc=[7,88.5 78.5,89 150,89 221.5,89 293,89]
max	1
line	max=1 exp=[] inc=[]
max	82
line	max=82 exp=[7,7 54.7,79 102.3,84 150,7 197.7,-999999999999999900000 245.3,-999999999999999900000 293,79] inc=[7,84 54.7,87 102.3,88 150,7 197.7,7 245.3,88 293,88.5]
max	12345.678
line	max=12345.678 exp=[7,88.5 293,89] inc=[7,88.9 293,7]
max	5
line	max=5 exp=[7,89] inc=[7,7]
max	5
line	max=5 exp=[7,87.4 293,89] inc=[7,7 293,72.6]
max	82
line	max=82 exp=[7,92 293,7] inc=[7,89 293,89]
max	1e+21
line	max=1e+21 exp=[7,89 64.2,89 121.4,89 178.6,89 235.8,89 293,89] inc=[7,89 64.2,7 121.4,89 178.6,89 235.8,89 293,89]
max	82
line	max=82 exp=[7,79 293,92] inc=[7,7 293,88]
max	1e+21
line	max=1e+21 exp=[7,89 54.7,89 102.3,7 150,89 197.7,89 245.3,89 293,89] inc=[7,89 54.7,89 102.3,89 150,89 197.7,89 245.3,89 293,89]
max	1e+21
line	max=1e+21 exp=[7,89 54.7,89 102.3,89 150,7 197.7,89 245.3,89 293,89] inc=[7,89 54.7,89 102.3,89 150,89 197.7,89 245.3,89 293,89]
max	1
line	max=1 exp=[] inc=[]
max	82
line	max=82 exp=[7,7] inc=[7,89]
max	1e+21
line	max=1e+21 exp=[7,89 47.9,89 88.7,89 129.6,89 170.4,89 211.3,89 252.1,89 293,89] inc=[7,89 47.9,7 88.7,89 129.6,89 170.4,89 211.3,89 252.1,89 293,89]
max	1e+21
line	max=1e+21 exp=[7,89 150,89 293,89] inc=[7,89 150,89 293,7]
max	82
line	max=82 exp=[7,79 102.3,7 197.7,84 293,89] inc=[7,84 102.3,88.5 197.7,89 293,79]
max	5
line	max=5 exp=[7,138.2 78.5,89 150,89 221.5,87.4 293,7] inc=[7,87.4 78.5,-1.64e+22 150,87.4 221.5,-1.64e+22 293,7]
max	1e+21
line	max=1e+21 exp=[7,89 47.9,89 88.7,89 129.6,89 170.4,7 211.3,89 252.1,89 293,89] inc=[7,89 47.9,89 88.7,89 129.6,89 170.4,7 211.3,89 252.1,89 293,89]
max	1e+21
line	max=1e+21 exp=[7,89 150,7 293,89] inc=[7,89 150,7 293,89]
max	1
line	max=1 exp=[7,89 102.3,335 197.7,89 293,89] inc=[7,-1012256.6 102.3,89 197.7,-8111 293,-8111]
max	1e+21
line	max=1e+21 exp=[7,89 54.7,7 102.3,89 150,89 197.7,89 245.3,89 293,89] inc=[7,89 54.7,89 102.3,7 150,89 197.7,89 245.3,89 293,89]
max	12345.678
line	max=12345.678 exp=[7,7 293,88.3] inc=[7,88.5 293,89]
max	10
line	max=10 exp=[7,7 102.3,48 197.7,7 293,80.8] inc=[7,89 102.3,80.8 197.7,7 293,89]
max	12345.678
line	max=12345.678 exp=[7,89 293,7] inc=[7,89 293,88.5]
max	12345.678
line	max=12345.678 exp=[7,89 102.3,89 197.7,89 293,7] inc=[7,89 102.3,89 197.7,7 293,89]
max	10
line	max=10 exp=[7,89 293,88.2] inc=[7,72.6 293,7]
max	1e+21
line	max=1e+21 exp=[7,89 54.7,89 102.3,89 150,89 197.7,89 245.3,7 293,89] inc=[7,89 54.7,89 102.3,89 150,89 197.7,89 245.3,89 293,7]
max	5
line	max=5 exp=[7,89 150,80.8 293,-202380.1] inc=[7,7 150,89 293,89]
max	1e+21
line	max=1e+21 exp=[7,89] inc=[7,7]
max	12345.678
line	max=12345.678 exp=[7,89 78.5,7 150,88.5 221.5,89 293,89] inc=[7,89 78.5,7 150,89 221.5,89 293,89]
max	1e+21
line	max=1e+21 exp=[7,89 47.9,89 88.7,89 129.6,89 170.4,89 211.3,89 252.1,89 293,89] inc=[7,89 47.9,89 88.7,89 129.6,89 170.4,89 211.3,89 252.1,89 293,7]
max	82
line	max=82 exp=[7,88.5 102.3,88.9 197.7,84 293,89] inc=[7,87 102.3,88 197.7,7 293,84]
max	12345.678
line	max=12345.678 exp=[7,88.9 54.7,7 102.3,88.9 150,88.9 197.7,89 245.3,89 293,88.3] inc=[7,89 54.7,89 102.3,88.9 150,7 197.7,89 245.3,89 293,89]
max	1e+21
line	max=1e+21 exp=[7,89 78.5,7 150,89 221.5,89 293,89] inc=[7,89 78.5,89 150,89 221.5,89 293,89]
max	1
line	max=1 exp=[7,7] inc=[7,89]
max	1e+21
line	max=1e+21 exp=[7,89 47.9,89 88.7,89 129.6,89 170.4,89 211.3,89 252.1,89 293,89] inc=[7,89 47.9,89 88.7,89 129.6,7 170.4,7 211.3,89 252.1,89 293,89]
max	1e+21
line	max=1e+21 exp=[7,89 293,7] inc=[7,7 293,89]
max	1e+21
line	max=1e+21 exp=[7,89 64.2,89 121.4,89 178.6,89 235.8,89 293,89] inc=[7,89 64.2,89 121.4,89 178.6,89 235.8,89 293,7]
max	1e+21
line	max=1e+21 exp=[7,89 54.7,89 102.3,89 150,7 197.7,89 245.3,89 293,89] inc=[7,89 54.7,89 102.3,89 150,7 197.7,89 245.3,89 293,89]
max	82
line	max=82 exp=[7,87 150,88.5 293,-999999999999999900000] inc=[7,7 150,87 293,88.5]
max	1e+21
line	max=1e+21 exp=[7,89 47.9,89 88.7,7 129.6,89 170.4,89 211.3,89 252.1,89 293,89] inc=[7,89 47.9,89 88.7,89 129.6,89 170.4,89 211.3,89 252.1,89 293,7]
max	100
line	max=100 exp=[7,91.5 293,89] inc=[7,7 293,88.6]
max	1
line	max=1 exp=[] inc=[]
max	82
line	max=82 exp=[7,7 64.2,84 121.4,88.5 178.6,88 235.8,89 293,84] inc=[7,89 64.2,88 121.4,-11 178.6,-11 235.8,87 293,92]
max	82
line	max=82 exp=[7,7 150,87 293,92] inc=[7,88.9 150,88.5 293,7]
max	1
line	max=1 exp=[] inc=[]
max	1e+21
line	max=1e+21 exp=[7,89 54.7,89 102.3,89 150,89 197.7,89 245.3,7 293,89] inc=[7,89 54.7,89 102.3,89 150,89 197.7,89 245.3,89 293,89]
max	1e+21
line	max=1e+21 exp=[7,89 78.5,89 150,89 221.5,89 293,89] inc=[7,89 78.5,89 150,89 221.5,89 293,7]
max	1
line	max=1 exp=[7,7 150,7 293,89] inc=[7,-8111 150,-8111 293,89]
max	1e+21
line	max=1e+21 exp=[7,89 64.2,89 121.4,89 178.6,7 235.8,89 293,7] inc=[7,89 64.2,89 121.4,89 178.6,89 235.8,89 293,7]
max	1
line	max=1 exp=[7,7 293,48] inc=[7,89 293,335]
max	12345.678
line	max=12345.678 exp=[7,89 150,89 293,7] inc=[7,89 150,-6642000544644045000 293,89]
max	1e+21
line	max=1e+21 exp=[7,89 64.2,7 121.4,89 178.6,89 235.8,7 293,89] inc=[7,89 64.2,89 121.4,89 178.6,89 235.8,89 293,89]
max	1e+21
line	max=1e+21 exp=[7,89 54.7,89 102.3,89 150,7 197.7,89 245.3,89 293,89] inc=[7,89 54.7,89 102.3,7 150,89 197.7,89 245.3,89 293,89]
max	100
line	max=100 exp=[7,89 47.9,89 88.7,84.9 129.6,80.8 170.4,84.9 211.3,88.2 252.1,89 293,7] inc=[7,87.4 47.9,7 88.7,21.8 129.6,-10034.5 170.4,88.6 211.3,87.4 252.1,84.9 293,80.8]
max	1e+21
line	max=1e+21 exp=[7,89 150,89 293,7] inc=[7,89 150,89 293,89]
max	1e+21
line	max=1e+21 exp=[7,89 47.9,89 88.7,89 129.6,89 170.4,89 211.3,89 252.1,7 293,89] inc=[7,89 47.9,89 88.7,7 129.6,89 170.4,89 211.3,89 252.1,89 293,89]
max	1
line	max=1 exp=[] inc=[]
max	1
line	max=1 exp=[] inc=[]
max	1
line	max=1 exp=[] inc=[]
max	12345.678
line	max=12345.678 exp=[7,88.9 78.5,89 150,88.5 221.5,89 293,89] inc=[7,89 78.5,89 150,7 221.5,89 293,89]
max	82
line	max=82 exp=[7,7 293,79] inc=[7,89 293,87]
max	1
line	max=1 exp=[] inc=[]
max	1
line	max=1 exp=[] inc=[]
max	1e+21
line	max=1e+21 exp=[7,7 47.9,89 88.7,89 129.6,89 170.4,89 211.3,89 252.1,89 293,89] inc=[7,89 47.9,89 88.7,89 129.6,89 170.4,89 211.3,89 252.1,89 293,89]
max	12345.678
line	max=12345.678 exp=[7,88.3 64.2,88.9 121.4,89 178.6,7 235.8,89 293,89] inc=[7,89 64.2,89 121.4,88.5 178.6,89 235.8,89 293,7]
max	82
line	max=82 exp=[7,89 78.5,84 150,88.5 221.5,88.9 293,7] inc=[7,89 78.5,88 150,88.9 221.5,89 293,89]
max	10
line	max=10 exp=[7,7 102.3,88.2 197.7,7 293,88.2] inc=[7,89 102.3,72.6 197.7,113.6 293,-101145.6]
max	82
line	max=82 exp=[7,89 54.7,89 102.3,89 150,-999999999999999900000 197.7,84 245.3,-11 293,84] inc=[7,92 54.7,88.5 102.3,88 150,92 197.7,89 245.3,7 293,89]
max	1
line	max=1 exp=[7,-75] inc=[7,89]
max	5
line	max=5 exp=[7,80.8 54.7,7 102.3,138.2 150,56.2 197.7,89 245.3,72.6 293,89] inc=[7,-1.64e+22 54.7,-1551 102.3,87.4 150,-1.64e+22 197.7,72.6 245.3,-1255.8 293,87.4]
max	1e+21
line	max=1e+21 exp=[7,89 102.3,89 197.7,89 293,89] inc=[7,89 102.3,89 197.7,89 293,7]
max	12345.678
line	max=12345.678 exp=[7,89 150,89 293,7] inc=[7,89 150,-6642000544644045000 293,89]
max	2
line	max=2 exp=[7,89 78.5,89 150,-3273 221.5,-4011 293,-4011] inc=[7,7 78.5,89 150,89 221.5,212 293,212]
max	100
line	max=100 exp=[7,88.2 54.7,80.8 102.3,89 150,88.9 197.7,7 245.3,7 293,7] inc=[7,89 54.7,88.2 102.3,89 150,7 197.7,84.9 245.3,21.8 293,88.6]
max	1e+21
line	max=1e+21 exp=[7,89 54.7,89 102.3,89 150,7 197.7,89 245.3,89 293,89] inc=[7,89 54.7,89 102.3,89 150,89 197.7,89 245.3,89 293,89]
max	12345.678
line	max=12345.678 exp=[7,89 293,7] inc=[7,89 293,89]
max	12345.678
line	max=12345.678 exp=[7,-6642000544644045000 78.5,88.3 150,89 221.5,89 293,89] inc=[7,88.3 78.5,7 150,89 221.5,89 293,89]
max	100
line	max=100 exp=[7,80.8 54.7,21.8 102.3,7 150,89 197.7,87.4 245.3,80.8 293,7] inc=[7,-820000000000000000000 54.7,21.8 102.3,21.8 150,7 197.7,21.8 245.3,91.5 293,87.4]
max	1
line	max=1 exp=[7,89 150,89 293,48] inc=[7,48 150,80.8 293,335]
max	100
line	max=100 exp=[7,7 64.2,89 121.4,89 178.6,89 235.8,91.5 293,89] inc=[7,84.9 64.2,91.5 121.4,7 178.6,84.9 235.8,87.4 293,89]
max	12345.678
line	max=12345.678 exp=[7,89 150,7 293,89] inc=[7,7 150,89 293,89]
max	2
line	max=2 exp=[7,48 102.3,-506083.8 197.7,84.9 293,-3273] inc=[7,89 102.3,7 197.7,89 293,89]
max	1
line	max=1 exp=[7,48] inc=[7,-6635]
max	100
line	max=100 exp=[7,88.9 78.5,88.9 150,88.6 221.5,88.2 293,7] inc=[7,84.9 78.5,89 150,88.6 221.5,88.6 293,89]
max	1e+21
line	max=1e+21 exp=[7,89 102.3,89 197.7,7 293,89] inc=[7,89 102.3,89 197.7,89 293,7]
max	100
line	max=100 exp=[7,88.9] inc=[7,7]
max	82
line	max=82 exp=[7,89 150,7 293,87] inc=[7,88.9 150,89 293,89]
max	12345.678
line	max=12345.678 exp=[7,89 102.3,88.5 197.7,89 293,7] inc=[7,89 102.3,89 197.7,89 293,7]
max	1
line	max=1 exp=[] inc=[]
max	2
line	max=2 exp=[7,-4011 293,84.9] inc=[7,7 293,89]
max	12345.678
line	max=12345.678 exp=[7,89 293,7] inc=[7,89 293,7]
max	1
line	max=1 exp=[] inc=[]
max	1e+21
line	max=1e+21 exp=[7,89 293,7] inc=[7,89 293,89]
max	1e+21
line	max=1e+21 exp=[7,89 150,89 293,89] inc=[7,89 150,89 293,7]
max	5
line	max=5 exp=[7,-202380.1 293,87.4] inc=[7,7 293,89]
max	1
line	max=1 exp=[7,89 293,89] inc=[7,-8111 293,7]
max	1e+21
line	max=1e+21 exp=[7,89 150,89 293,89] inc=[7,89 150,7 293,89]
max	1e+21
line	max=1e+21 exp=[7,89 47.9,7 88.7,89 129.6,89 170.4,89 211.3,89 252.1,89 293,89] inc=[7,89 47.9,89 88.7,89 129.6,89 170.4,89 211.3,89 252.1,89 293,89]
max	1
line	max=1 exp=[] inc=[]
max	1e+21
line	max=1e+21 exp=[7,89 47.9,89 88.7,89 129.6,89 170.4,89 211.3,89 252.1,89 293,89] inc=[7,89 47.9,7 88.7,89 129.6,89 170.4,89 211.3,89 252.1,89 293,7]
max	10
line	max=10 exp=[7,80.8 78.5,89 150,48 221.5,89 293,72.6] inc=[7,7 78.5,113.6 150,89 221.5,89 293,84.9]
max	100
line	max=100 exp=[7,80.8 150,7 293,89] inc=[7,88.6 150,89 293,84.9]
max	1e+21
line	max=1e+21 exp=[7,89 64.2,89 121.4,89 178.6,89 235.8,89 293,89] inc=[7,89 64.2,89 121.4,7 178.6,89 235.8,7 293,89]
max	1e+21
line	max=1e+21 exp=[7,7 78.5,89 150,89 221.5,7 293,89] inc=[7,89 78.5,89 150,89 221.5,89 293,89]
max	1
line	max=1 exp=[7,89 150,-8111 293,-1012256.6] inc=[7,80.8 150,80.8 293,89]
max	12345.678
line	max=12345.678 exp=[7,88.3 150,7 293,89] inc=[7,88.5 150,89 293,88.3]
max	2
line	max=2 exp=[7,84.9] inc=[7,7]
max	5
line	max=5 exp=[7,89 102.3,-1.64e+22 197.7,-1551 293,89] inc=[7,7 102.3,89 197.7,89 293,89]
max	100
line	max=100 exp=[7,80.8 78.5,84.9 150,7 221.5,88.2 293,88.6] inc=[7,91.5 78.5,89 150,88.6 221.5,88.2 293,88.6]
max	1e+21
line	max=1e+21 exp=[7,89 102.3,89 197.7,89 293,89] inc=[7,89 102.3,89 197.7,89 293,7]
max	82
line	max=82 exp=[7,92 293,7] inc=[7,88.5 293,-11]
max	100
line	max=100 exp=[7,80.8 47.9,88.9 88.7,87.4 129.6,84.9 170.4,89 211.3,89 252.1,87.4 293,88.6] inc=[7,89 47.9,89 88.7,88.9 129.6,87.4 170.4,80.8 211.3,91.5 252.1,7 293,91.5]
max	12345.678
line	max=12345.678 exp=[7,89 293,89] inc=[7,7 293,88.9]
max	12345.678
line	max=12345.678 exp=[7,88.3 47.9,89 88.7,89 129.6,89 170.4,7 211.3,89 252.1,88.9 293,7] inc=[7,89 47.9,88.9 88.7,89 129.6,89 170.4,89 211.3,89 252.1,88.5 293,89]
max	1e+21
line	max=1e+21 exp=[7,89 102.3,89 197.7,89 293,89] inc=[7,89 102.3,89 197.7,89 293,7]
max	1
line	max=1 exp=[] inc=[]
max	12345.678
line	max=12345.678 exp=[7,89 78.5,89 150,7 221.5,88.5 293,89] inc=[7,89 78.5,-6642000544644045000 150,89 221.5,88.5 293,89]
max	5
line	max=5 exp=[7,89 150,7 293,89] inc=[7,138.2 150,89 293,56.2]
max	100
line	max=100 exp=[7,89 293,84.9] inc=[7,89 293,7]
max	12345.678
line	max=12345.678 exp=[7,7 54.7,89 102.3,7 150,88.3 197.7,7 245.3,89 293,89] inc=[7,7 54.7,89 102.3,89 150,88.9 197.7,89 245.3,89 293,89]
max	1e+21
line	max=1e+21 exp=[7,89 54.7,89 102.3,89 150,89 197.7,89 245.3,89 293,7] inc=[7,89 54.7,89 102.3,89 150,89 197.7,89 245.3,89 293,89]
max	1
line	max=1 exp=[] inc=[]
max	1
line	max=1 exp=[] inc=[]
max	82
line	max=82 exp=[7,89 102.3,88.5 197.7,92 293,7] inc=[7,88.5 102.3,87 197.7,89 293,92]
max	1e+21
line	max=1e+21 exp=[7,89 78.5,89 150,89 221.5,89 293,89] inc=[7,89 78.5,89 150,7 221.5,89 293,89]
max	100
line	max=100 exp=[7,7] inc=[7,89]
max	12345.678
line	max=12345.678 exp=[7,88.5 78.5,7 150,89 221.5,89 293,89] inc=[7,89 78.5,88.3 150,89 221.5,88.3 293,7]
max	1e+21
line	max=1e+21 exp=[7,7 102.3,89 197.7,89 293,89] inc=[7,89 102.3,89 197.7,89 293,89]
max	10
line	max=10 exp=[7,7] inc=[7,72.6]
max	1e+21
line	max=1e+21 exp=[7,7 78.5,89 150,89 221.5,89 293,89] inc=[7,89 78.5,89 150,89 221.5,89 293,89]
max	12345.678
line	max=12345.678 exp=[7,88.9 150,7 293,88.5] inc=[7,88.3 150,89 293,89]
max	12345.678
line	max=12345.678 exp=[7,89 102.3,88.9 197.7,88.5 293,88.5] inc=[7,89 102.3,89 197.7,7 293,88.3]
max	1e+21
line	max=1e+21 exp=[7,89 54.7,89 102.3,89 150,89 197.7,89 245.3,7 293,89] inc=[7,89 54.7,89 102.3,89 150,89 197.7,89 245.3,89 293,89]
max	1e+21
line	max=1e+21 exp=[7,89 47.9,89 88.7,89 129.6,89 170.4,7 211.3,89 252.1,89 293,89] inc=[7,89 47.9,89 88.7,89 129.6,89 170.4,89 211.3,89 252.1,89 293,89]
max	5
line	max=5 exp=[7,-75 102.3,89 197.7,7 293,-1255.8] inc=[7,138.2 102.3,7 197.7,80.8 293,72.6]
max	1e+21
line	max=1e+21 exp=[7,7 102.3,89 197.7,7 293,89] inc=[7,89 102.3,89 197.7,89 293,89]
max	1e+21
line	max=1e+21 exp=[7,89 102.3,89 197.7,89 293,89] inc=[7,89 102.3,7 197.7,89 293,89]
max	1e+21
line	max=1e+21 exp=[7,7] inc=[7,89]
max	10
line	max=10 exp=[7,89 78.5,80.8 150,72.6 221.5,84.9 293,89] inc=[7,48 78.5,88.2 150,7 221.5,89 293,48]
max	5
line	max=5 exp=[7,7] inc=[7,7]
max	12345.678
line	max=12345.678 exp=[7,7 78.5,89 150,89 221.5,7 293,7] inc=[7,7 78.5,89 150,7 221.5,89 293,88.3]
max	12345.678
line	max=12345.678 exp=[7,89 293,7] inc=[7,89 293,89]
max	5
line	max=5 exp=[7,-75 78.5,7 150,87.4 221.5,89 293,-75] inc=[7,87.4 78.5,87.4 150,89 221.5,7 293,80.8]
max	10
line	max=10 exp=[7,84.9 150,113.6 293,7] inc=[7,7 150,89 293,89]
max	10
line	max=10 exp=[7,-731] inc=[7,7]
max	1
line	max=1 exp=[7,89 293,80.8] inc=[7,7 293,335]
max	1e+21
line	max=1e+21 exp=[7,89 78.5,7 150,89 221.5,89 293,89] inc=[7,89 78.5,89 150,7 221.5,89 293,89]
max	12345.678
line	max=12345.678 exp=[7,89 64.2,88.5 121.4,88.5 178.6,7 235.8,89 293,89] inc=[7,89 64.2,88.5 121.4,89 178.6,89 235.8,89 293,89]
max	82
line	max=82 exp=[7,79 64.2,84 121.4,7 178.6,88.9 235.8,84 293,89] inc=[7,84 64.2,79 121.4,84 178.6,-12256.7 235.8,7 293,88]
max	1
line	max=1 exp=[] inc=[]
max	1
line	max=1 exp=[7,335 150,48 293,335] inc=[7,89 150,-8111 293,335]
max	1e+21
line	max=1e+21 exp=[7,89 47.9,89 88.7,7 129.6,89 170.4,89 211.3,89 252.1,89 293,89] inc=[7,89 47.9,89 88.7,89 129.6,89 170.4,89 211.3,89 252.1,89 293,89]
max	1e+21
line	max=1e+21 exp=[7,89 102.3,7 197.7,7 293,89] inc=[7,7 102.3,89 197.7,89 293,89]
max	1
line	max=1 exp=[] inc=[]
max	100
line	max=100 exp=[7,21.8 150,88.6 293,89] inc=[7,88.6 150,80.8 293,7]
max	12345.678
line	max=12345.678 exp=[7,89 54.7,88.5 102.3,89 150,7 197.7,-6642000544644045000 245.3,89 293,89] inc=[7,89 54.7,89 102.3,7 150,89 197.7,88.5 245.3,89 293,7]
max	12345.678
line	max=12345.678 exp=[7,89 102.3,89 197.7,88.9 293,7] inc=[7,88.5 102.3,89 197.7,89 293,89]
max	12345.678
line	max=12345.678 exp=[7,-6642000544644045000 293,89] inc=[7,7 293,89]
max	12345.678
line	max=12345.678 exp=[7,89 64.2,-6642000544644045000 121.4,88.9 178.6,89 235.8,89 293,7] inc=[7,89 64.2,88.9 121.4,89 178.6,89 235.8,7 293,89]
max	1
line	max=1 exp=[] inc=[]
max	12345.678
line	max=12345.678 exp=[7,89 78.5,88.5 150,89 221.5,-6642000544644045000 293,88.3] inc=[7,88.3 78.5,89 150,7 221.5,89 293,89]
max	12345.678
line	max=12345.678 exp=[7,88.9 64.2,89 121.4,88.5 178.6,88.9 235.8,89 293,88.3] inc=[7,89 64.2,89 121.4,7 178.6,89 235.8,89 293,88.3]
max	12345.678
line	max=12345.678 exp=[7,89 150,-6642000544644045000 293,-6642000544644045000] inc=[7,89 150,7 293,89]
max	12345.678
line	max=12345.678 exp=[7,89 78.5,7 150,89 221.5,89 293,89] inc=[7,89 78.5,-6642000544644045000 150,88.3 221.5,89 293,89]
max	1e+21
line	max=1e+21 exp=[7,7 150,89 293,89] inc=[7,89 150,7 293,89]
max	1e+21
line	max=1e+21 exp=[7,89 78.5,89 150,89 221.5,89 293,7] inc=[7,7 78.5,89 150,89 221.5,89 293,89]
max	1
line	max=1 exp=[] inc=[]
max	100
line	max=100 exp=[7,80.8 47.9,21.8 88.7,7 129.6,89 170.4,89 211.3,84.9 252.1,80.8 293,21.8] inc=[7,89 47.9,-820000000000000000000 88.7,-820000000000000000000 129.6,88.2 170.4,88.6 211.3,89 252.1,80.8 293,87.4]
max	12345.678
line	max=12345.678 exp=[7,88.5 102.3,89 197.7,7 293,7] inc=[7,88.9 102.3,88.5 197.7,89 293,89]
max	100
line	max=100 exp=[7,80.8 78.5,88.9 150,89 221.5,21.8 293,84.9] inc=[7,84.9 78.5,7 150,89 221.5,7 293,87.4]
max	82
line	max=82 exp=[7,88.5] inc=[7,7]
max	12345.678
line	max=12345.678 exp=[7,-6642000544644045000] inc=[7,7]
max	12345.678
line	max=12345.678 exp=[7,88.9 54.7,7 102.3,89 150,89 197.7,89 245.3,89 293,89] inc=[7,89 54.7,89 102.3,89 150,89 197.7,89 245.3,89 293,89]
max	1e+21
line	max=1e+21 exp=[7,7 54.7,7 102.3,89 150,89 197.7,89 245.3,89 293,89] inc=[7,89 54.7,89 102.3,7 150,89 197.7,89 245.3,89 293,89]
max	1e+21
line	max=1e+21 exp=[7,89 54.7,89 102.3,89 150,89 197.7,89 245.3,89 293,7] inc=[7,89 54.7,89 102.3,89 150,89 197.7,7 245.3,89 293,7]
max	1
line	max=1 exp=[] inc=[]
max	2
line	max=2 exp=[7,89] inc=[7,7]
max	82
line	max=82 exp=[7,-12256.7] inc=[7,7]
max	82
line	max=82 exp=[7,88.5 293,7] inc=[7,89 293,88.5]
max	82
line	max=82 exp=[7,88 47.9,88 88.7,89 129.6,89 170.4,84 211.3,84 252.1,87 293,88] inc=[7,7 47.9,88.9 88.7,88.5 129.6,79 170.4,7 211.3,88.5 252.1,87 293,7]
max	1e+21
line	max=1e+21 exp=[7,89 47.9,89 88.7,89 129.6,7 170.4,89 211.3,89 252.1,89 293,89] inc=[7,89 47.9,89 88.7,89 129.6,89 170.4,89 211.3,89 252.1,89 293,89]
max	1
line	max=1 exp=[] inc=[]
max	1
line	max=1 exp=[] inc=[]
max	1e+21
line	max=1e+21 exp=[7,89 102.3,89 197.7,89 293,89] inc=[7,89 102.3,89 197.7,7 293,89]
max	5
line	max=5 exp=[7,89 293,-1551] inc=[7,89 293,7]
max	1e+21
line	max=1e+21 exp=[7,89 54.7,89 102.3,89 150,89 197.7,89 245.3,89 293,89] inc=[7,89 54.7,89 102.3,7 150,89 197.7,89 245.3,89 293,89]
max	1e+21
line	max=1e+21 exp=[7,89 64.2,89 121.4,89 178.6,89 235.8,89 293,89] inc=[7,89 64.2,7 121.4,89 178.6,89 235.8,7 293,89]
max	12345.678
line	max=12345.678 exp=[7,89 150,-6642000544644045000 293,-6642000544644045000] inc=[7,88.5 150,88.5 293,7]
max	1
line	max=1 exp=[] inc=[]
max	82
line	max=82 exp=[7,88.9 54.7,92 102.3,89 150,89 197.7,89 245.3,89 293,88] inc=[7,89 54.7,92 102.3,88.5 150,89 197.7,7 245.3,88 293,87]
max	12345.678
line	max=12345.678 exp=[7,89 47.9,88.3 88.7,7 129.6,89 170.4,89 211.3,89 252.1,89 293,89] inc=[7,88.5 47.9,88.9 88.7,89 129.6,88.9 170.4,88.9 211.3,89 252.1,89 293,89]
max	12345.678
line	max=12345.678 exp=[7,88.5 293,89] inc=[7,7 293,89]
max	1e+21
line	max=1e+21 exp=[7,89 150,89 293,89] inc=[7,89 150,89 293,7]
max	12345.678
line	max=12345.678 exp=[7,7 293,89] inc=[7,89 293,88.5]
max	100
line	max=100 exp=[7,89 102.3,89 197.7,88.6 293,7] inc=[7,91.5 102.3,21.8 197.7,88.2 293,7]
max	2
line	max=2 exp=[7,7] inc=[7,7]
max	100
line	max=100 exp=[7,7 293,80.8] inc=[7,-10034.5 293,21.8]
max	1e+21
line	max=1e+21 exp=[7,89 54.7,89 102.3,89 150,89 197.7,7 245.3,89 293,89] inc=[7,89 54.7,89 102.3,89 150,89 197.7,89 245.3,89 293,89]
max	100
line	max=100 exp=[7,88.2 293,7] inc=[7,-10034.5 293,89]
max	10
line	max=10 exp=[7,7 150,89 293,48] inc=[7,-731 150,-583.4 293,89]
max	1e+21
line	max=1e+21 exp=[7,7] inc=[7,89]
max	1e+21
line	max=1e+21 exp=[7,89 47.9,89 88.7,89 129.6,89 170.4,89 211.3,89 252.1,89 293,89] inc=[7,7 47.9,89 88.7,89 129.6,89 170.4,89 211.3,89 252.1,89 293,89]
max	1
line	max=1 exp=[7,-1012256.6 150,89 293,-731] inc=[7,89 150,335 293,48]
max	5
line	max=5 exp=[7,89 293,7] inc=[7,56.2 293,-1551]
max	5
line	max=5 exp=[7,-1551] inc=[7,7]
max	1e+21
line	max=1e+21 exp=[7,89 64.2,89 121.4,89 178.6,89 235.8,89 293,7] inc=[7,89 64.2,89 121.4,89 178.6,89 235.8,89 293,89]
max	1e+21
line	max=1e+21 exp=[7,89 293,89] inc=[7,89 293,7]
max	1
line	max=1 exp=[] inc=[]
max	1
line	max=1 exp=[7,89 293,80.8] inc=[7,89 293,7]
max	1
line	max=1 exp=[] inc=[]
max	2
line	max=2 exp=[7,-116 150,-506083.8 293,-4011] inc=[7,84.9 150,212 293,7]
max	1
line	max=1 exp=[7,-321] inc=[7,89]
max	1e+21
line	max=1e+21 exp=[7,89 47.9,89 88.7,89 129.6,89 170.4,89 211.3,89 252.1,89 293,89] inc=[7,89 47.9,89 88.7,7 129.6,89 170.4,7 211.3,89 252.1,89 293,89]
max	1
line	max=1 exp=[7,7 293,89] inc=[7,89 293,89]
max	1
line	max=1 exp=[] inc=[]
max	1e+21
line	max=1e+21 exp=[7,89 64.2,89 121.4,89 178.6,89 235.8,89 293,89] inc=[7,89 64.2,7 121.4,89 178.6,89 235.8,89 293,89]
max	1
line	max=1 exp=[] inc=[]
max	1e+21
line	max=1e+21 exp=[7,89 54.7,89 102.3,89 150,89 197.7,89 245.3,89 293,89] inc=[7,89 54.7,89 102.3,89 150,89 197.7,89 245.3,7 293,89]
max	12345.678
line	max=12345.678 exp=[7,89 47.9,7 88.7,89 129.6,89 170.4,89 211.3,89 252.1,7 293,88.9] inc=[7,88.5 47.9,88.9 88.7,89 129.6,88.3 170.4,89 211.3,89 252.1,89 293,89]
max	12345.678
line	max=12345.678 exp=[7,7 47.9,89 88.7,88.5 129.6,89 170.4,89 211.3,7 252.1,89 293,-6642000544644045000] inc=[7,88.9 47.9,7 88.7,89 129.6,89 170.4,89 211.3,89 252.1,89 293,89]
max	100
line	max=100 exp=[7,7] inc=[7,91.5]
max	100
line	max=100 exp=[7,7] inc=[7,91.5]
max	10
line	max=10 exp=[7,80.8 150,-8.2e+21 293,89] inc=[7,7 150,88.2 293,80.8]
max	1e+21
line	max=1e+21 exp=[7,89 47.9,89 88.7,89 129.6,89 170.4,89 211.3,89 252.1,89 293,89] inc=[7,7 47.9,89 88.7,89 129.6,89 170.4,89 211.3,89 252.1,89 293,89]
max	1e+21
line	max=1e+21 exp=[7,89 54.7,89 102.3,89 150,89 197.7,89 245.3,7 293,89] inc=[7,89 54.7,89 102.3,89 150,89 197.7,7 245.3,89 293,89]
max	5
line	max=5 exp=[7,-1551 47.9,-1.64e+22 88.7,-202380.1 129.6,7 170.4,87.4 211.3,-75 252.1,89 293,89] inc=[7,7 47.9,87.4 88.7,138.2 129.6,87.4 170.4,89 211.3,56.2 252.1,89 293,89]
max	1
line	max=1 exp=[7,80.8 293,-6635] inc=[7,89 293,89]
max	1e+21
line	max=1e+21 exp=[7,89 47.9,89 88.7,89 129.6,89 170.4,89 211.3,7 252.1,89 293,89] inc=[7,89 47.9,89 88.7,89 129.6,89 170.4,7 211.3,89 252.1,89 293,89]
max	1e+21
line	max=1e+21 exp=[7,89 47.9,89 88.7,89 129.6,89 170.4,89 211.3,89 252.1,7 293,89] inc=[7,89 47.9,89 88.7,89 129.6,7 170.4,7 211.3,89 252.1,7 293,89]
max	1e+21
line	max=1e+21 exp=[7,89 150,89 293,7] inc=[7,89 150,89 293,7]
max	1e+21
line	max=1e+21 exp=[7,7 47.9,89 88.7,89 129.6,89 170.4,89 211.3,89 252.1,7 293,89] inc=[7,89 47.9,89 88.7,89 129.6,89 170.4,89 211.3,89 252.1,89 293,89]
max	1
line	max=1 exp=[7,89] inc=[7,7]
max	100
line	max=100 exp=[7,21.8 78.5,88.2 150,89 221.5,7 293,89] inc=[7,91.5 78.5,80.8 150,80.8 221.5,-820000000000000000000 293,88.9]
max	1
line	max=1 exp=[] inc=[]
max	82
line	max=82 exp=[7,92 150,-12256.7 293,84] inc=[7,89 150,7 293,88.9]
max	100
line	max=100 exp=[7,91.5 64.2,84.9 121.4,89 178.6,91.5 235.8,7 293,91.5] inc=[7,21.8 64.2,89 121.4,-820000000000000000000 178.6,-820000000000000000000 235.8,7 293,88.2]
max	1
line	max=1 exp=[] inc=[]
max	82
line	max=82 exp=[7,79 150,7 293,84] inc=[7,79 150,89 293,89]
max	100
line	max=100 exp=[7,80.8 47.9,88.2 88.7,-820000000000000000000 129.6,21.8 170.4,89 211.3,91.5 252.1,88.6 293,87.4] inc=[7,7 47.9,89 88.7,88.2 129.6,21.8 170.4,88.9 211.3,91.5 252.1,89 293,88.9]
max	1e+21
line	max=1e+21 exp=[7,89 102.3,89 197.7,89 293,89] inc=[7,89 102.3,7 197.7,89 293,89]
max	100
line	max=100 exp=[7,88.6 47.9,89 88.7,88.9 129.6,87.4 170.4,84.9 211.3,88.2 252.1,89 293,7] inc=[7,89 47.9,-10034.5 88.7,80.8 129.6,91.5 170.4,84.9 211.3,89 252.1,-820000000000000000000 293,-10034.5]
max	1
line	max=1 exp=[] inc=[]
max	12345.678
line	max=12345.678 exp=[7,89 150,89 293,89] inc=[7,89 150,7 293,7]
max	82
line	max=82 exp=[7,79 78.5,84 150,7 221.5,92 293,88] inc=[7,89 78.5,88.9 150,92 221.5,89 293,79]
max	1
line	max=1 exp=[] inc=[]
max	1e+21
line	max=1e+21 exp=[7,7 150,89 293,89] inc=[7,89 150,89 293,89]
max	1e+21
line	max=1e+21 exp=[7,89 54.7,89 102.3,89 150,89 197.7,89 245.3,89 293,89] inc=[7,89 54.7,89 102.3,89 150,89 197.7,89 245.3,7 293,89]
max	5
line	max=5 exp=[7,-75 102.3,56.2 197.7,-1255.8 293,-1255.8] inc=[7,89 102.3,89 197.7,7 293,7]
max	1e+21
line	max=1e+21 exp=[7,7] inc=[7,89]
max	12345.678
line	max=12345.678 exp=[7,89 47.9,89 88.7,88.5 129.6,89 170.4,7 211.3,88.9 252.1,89 293,89] inc=[7,88.3 47.9,89 88.7,88.3 129.6,88.5 170.4,89 211.3,89 252.1,88.9 293,89]
max	82
line	max=82 exp=[7,7 293,92] inc=[7,84 293,-11]
max	1e+21
line	max=1e+21 exp=[7,89 78.5,7 150,89 221.5,89 293,89] inc=[7,89 78.5,89 150,89 221.5,89 293,89]
max	1e+21
line	max=1e+21 exp=[7,89 47.9,7 88.7,89 129.6,89 170.4,89 211.3,89 252.1,89 293,89] inc=[7,89 47.9,89 88.7,7 129.6,89 170.4,89 211.3,89 252.1,89 293,89]
max	1e+21
line	max=1e+21 exp=[7,89 150,7 293,89] inc=[7,89 150,7 293,89]
max	12345.678
line	max=12345.678 exp=[7,89 293,7] inc=[7,89 293,89]
max	1
line	max=1 exp=[7,80.8] inc=[7,80.8]
max	12345.678
line	max=12345.678 exp=[7,89 54.7,88.3 102.3,7 150,89 197.7,89 245.3,7 293,89] inc=[7,89 54.7,88.3 102.3,89 150,88.3 197.7,88.9 245.3,89 293,7]
max	1
line	max=1 exp=[] inc=[]
max	1
line	max=1 exp=[] inc=[]
max	12345.678
line	max=12345.678 exp=[7,88.3 78.5,89 150,7 221.5,89 293,89] inc=[7,88.9 78.5,89 150,89 221.5,89 293,89]
max	2
line	max=2 exp=[7,-3273 293,68.5] inc=[7,48 293,7]
max	1
line	max=1 exp=[] inc=[]
max	1
line	max=1 exp=[7,-75 78.5,335 150,-1012256.6 221.5,48 293,-1012256.6] inc=[7,89 78.5,7 150,89 221.5,48 293,7]
max	1
line	max=1 exp=[] inc=[]
max	1
line	max=1 exp=[7,80.8] inc=[7,48]
max	2
line	max=2 exp=[7,89 64.2,-116 121.4,48 178.6,89 235.8,7 293,84.9] inc=[7,89 64.2,7 121.4,48 178.6,7 235.8,48 293,7]
max	100
line	max=100 exp=[7,80.8 54.7,7 102.3,88.6 150,88.2 197.7,88.9 245.3,88.9 293,88.9] inc=[7,88.2 54.7,-820000000000000000000 102.3,-10034.5 150,88.2 197.7,84.9 245.3,84.9 293,84.9]
max	12345.678
line	max=12345.678 exp=[7,89 102.3,89 197.7,89 293,89] inc=[7,89 102.3,89 197.7,89 293,7]
max	1
line	max=1 exp=[] inc=[]
max	12345.678
line	max=12345.678 exp=[7,89 64.2,88.5 121.4,89 178.6,89 235.8,89 293,89] inc=[7,89 64.2,89 121.4,7 178.6,7 235.8,89 293,89]
max	1e+21
line	max=1e+21 exp=[7,89 47.9,89 88.7,89 129.6,89 170.4,89 211.3,89 252.1,89 293,89] inc=[7,89 47.9,89 88.7,89 129.6,89 170.4,7 211.3,89 252.1,89 293,89]
max	2
line	max=2 exp=[7,84.9 78.5,212 150,48 221.5,68.5 293,7] inc=[7,84.9 78.5,89 150,-116 221.5,-321 293,-506083.8]
max	1
line	max=1 exp=[7,-321 150,335 293,335] inc=[7,89 150,80.8 293,89]
max	82
line	max=82 exp=[7,84 293,7] inc=[7,88.5 293,92]
max	1e+21
line	max=1e+21 exp=[7,7 64.2,89 121.4,7 178.6,89 235.8,89 293,89] inc=[7,89 64.2,89 121.4,89 178.6,89 235.8,89 293,89]
max	1
line	max=1 exp=[] inc=[]
max	12345.678
line	max=12345.678 exp=[7,88.3 64.2,89 121.4,89 178.6,89 235.8,-6642000544644045000 293,-6642000544644045000] inc=[7,7 64.2,89 121.4,89 178.6,88.5 235.8,88.9 293,89]
max	12345.678
line	max=12345.678 exp=[7,89 64.2,88.3 121.4,89 178.6,7 235.8,89 293,89] inc=[7,7 64.2,89 121.4,89 178.6,89 235.8,-6642000544644045000 293,-6642000544644045000]
max	1
line	max=1 exp=[] inc=[]
max	1
line	max=1 exp=[] inc=[]
max	12345.678
line	max=12345.678 exp=[7,89 293,89] inc=[7,7 293,89]
max	5
line	max=5 exp=[7,-75 78.5,7 150,-1551 221.5,89 293,-1551] inc=[7,89 78.5,7 150,56.2 221.5,89 293,72.6]
max	1e+21
line	max=1e+21 exp=[7,7 64.2,89 121.4,89 178.6,89 235.8,89 293,89] inc=[7,89 64.2,89 121.4,89 178.6,89 235.8,89 293,89]
max	82
line	max=82 exp=[7,7] inc=[7,-999999999999999900000]
max	1
line	max=1 exp=[] inc=[]
max	1e+21
line	max=1e+21 exp=[7,89 78.5,7 150,89 221.5,89 293,89] inc=[7,89 78.5,89 150,89 221.5,89 293,89]
max	82
line	max=82 exp=[7,89 64.2,92 121.4,79 178.6,-12256.7 235.8,87 293,88.5] inc=[7,7 64.2,92 121.4,7 178.6,87 235.8,88.5 293,89]
max	10
line	max=10 exp=[7,89 102.3,89 197.7,7 293,88.2] inc=[7,113.6 102.3,48 197.7,-8.2e+21 293,89]
max	10
line	max=10 exp=[7,88.2 64.2,89 121.4,89 178.6,88.2 235.8,84.9 293,89] inc=[7,7 64.2,89 121.4,89 178.6,89 235.8,113.6 293,48]
max	82
line	max=82 exp=[7,7 47.9,88.5 88.7,88 129.6,7 170.4,79 211.3,88.5 252.1,79 293,89] inc=[7,89 47.9,84 88.7,92 129.6,7 170.4,89 211.3,7 252.1,89 293,87]
max	12345.678
line	max=12345.678 exp=[7,89 78.5,89 150,89 221.5,89 293,89] inc=[7,89 78.5,7 150,88.3 221.5,88.5 293,89]
max	100
line	max=100 exp=[7,89 102.3,7 197.7,89 293,-10034.5] inc=[7,88.6 102.3,80.8 197.7,7 293,89]
max	82
line	max=82 exp=[7,88 64.2,79 121.4,89 178.6,79 235.8,7 293,88.9] inc=[7,7 64.2,88.9 121.4,89 178.6,7 235.8,89 293,-11]
max	1
line	max=1 exp=[] inc=[]
max	1e+21
line	max=1e+21 exp=[7,89 47.9,89 88.7,89 129.6,89 170.4,7 211.3,89 252.1,89 293,89] inc=[7,89 47.9,89 88.7,89 129.6,7 170.4,89 211.3,89 252.1,89 293,89]
max	100
line	max=100 exp=[7,88.6 78.5,87.4 150,89 221.5,88.9 293,89] inc=[7,88.6 78.5,7 150,89 221.5,91.5 293,88.2]
max	1
line	max=1 exp=[7,48 293,80.8] inc=[7,-321 293,89]
max	1e+21
line	max=1e+21 exp=[7,89 54.7,89 102.3,89 150,89 197.7,89 245.3,89 293,89] inc=[7,89 54.7,89 102.3,89 150,89 197.7,7 245.3,89 293,89]
max	1e+21
line	max=1e+21 exp=[7,89 78.5,89 150,7 221.5,89 293,89] inc=[7,89 78.5,7 150,89 221.5,89 293,89]
max	82
line	max=82 exp=[7,7] inc=[7,87]
max	1
line	max=1 exp=[7,335] inc=[7,-6635]
max	82
line	max=82 exp=[7,92 47.9,88.9 88.7,7 129.6,89 170.4,89 211.3,89 252.1,7 293,89] inc=[7,88.5 47.9,7 88.7,92 129.6,89 170.4,92 211.3,84 252.1,79 293,7]
max	1
line	max=1 exp=[7,80.8 293,89] inc=[7,89 293,80.8]
max	82
line	max=82 exp=[7,7 78.5,88.9 150,87 221.5,79 293,88.9] inc=[7,84 78.5,88.9 150,88.5 221.5,88.9 293,84]
max	12345.678
line	max=12345.678 exp=[7,88.9 64.2,89 121.4,89 178.6,89 235.8,89 293,89] inc=[7,7 64.2,88.5 121.4,89 178.6,89 235.8,89 293,89]
max	1e+21
line	max=1e+21 exp=[7,89 54.7,89 102.3,7 150,89 197.7,89 245.3,89 293,89] inc=[7,89 54.7,89 102.3,89 150,89 197.7,7 245.3,89 293,89]
max	1e+21
line	max=1e+21 exp=[7,89 78.5,89 150,89 221.5,89 293,7] inc=[7,89 78.5,89 150,89 221.5,89 293,89]
max	1e+21
line	max=1e+21 exp=[7,7 293,89] inc=[7,89 293,89]
max	12345.678
line	max=12345.678 exp=[7,89 293,89] inc=[7,7 293,88.5]
max	12345.678
line	max=12345.678 exp=[7,7 102.3,89 197.7,88.9 293,89] inc=[7,88.5 102.3,89 197.7,89 293,89]
max	100
line	max=100 exp=[7,7 47.9,-820000000000000000000 88.7,7 129.6,-820000000000000000000 170.4,7 211.3,-820000000000000000000 252.1,88.9 293,88.9] inc=[7,89 47.9,87.4 88.7,80.8 129.6,7 170.4,87.4 211.3,88.2 252.1,91.5 293,89]
max	10
line	max=10 exp=[7,113.6 150,72.6 293,7] inc=[7,84.9 150,89 293,72.6]
max	1e+21
line	max=1e+21 exp=[7,7 102.3,7 197.7,89 293,89] inc=[7,89 102.3,89 197.7,89 293,89]
max	1e+21
line	max=1e+21 exp=[7,89 78.5,7 150,89 221.5,89 293,89] inc=[7,89 78.5,89 150,89 221.5,89 293,7]
max	82
line	max=82 exp=[7,87 102.3,-999999999999999900000 197.7,-12256.7 293,89] inc=[7,7 102.3,7 197.7,79 293,88.9]
max	1e+21
line	max=1e+21 exp=[7,89 102.3,89 197.7,7 293,89] inc=[7,7 102.3,89 197.7,89 293,89]
max	100
line	max=100 exp=[7,84.9 102.3,80.8 197.7,91.5 293,-10034.5] inc=[7,91.5 102.3,80.8 197.7,89 293,7]
max	1e+21
line	max=1e+21 exp=[7,89 78.5,7 150,89 221.5,89 293,89] inc=[7,89 78.5,89 150,89 221.5,89 293,89]
max	1
line	max=1 exp=[7,7] inc=[7,7]
max	1e+21
line	max=1e+21 exp=[7,89 54.7,89 102.3,89 150,89 197.7,89 245.3,89 293,7] inc=[7,89 54.7,89 102.3,89 150,89 197.7,89 245.3,7 293,89]
max	12345.678
line	max=12345.678 exp=[7,89 78.5,88.9 150,89 221.5,89 293,88.9] inc=[7,89 78.5,89 150,88.5 221.5,7 293,88.3]
max	12345.678
line	max=12345.678 exp=[7,89 150,7 293,88.9] inc=[7,88.5 150,89 293,89]
max	1e+21
line	max=1e+21 exp=[7,89 54.7,89 102.3,89 150,89 197.7,89 245.3,89 293,89] inc=[7,89 54.7,7 102.3,89 150,89 197.7,89 245.3,89 293,89]
max	1e+21
line	max=1e+21 exp=[7,89 150,89 293,89] inc=[7,7 150,89 293,89]
max	1e+21
line	max=1e+21 exp=[7,89 64.2,89 121.4,89 178.6,89 235.8,7 293,89] inc=[7,7 64.2,89 121.4,89 178.6,89 235.8,89 293,89]
max	1e+21
line	max=1e+21 exp=[7,89 78.5,89 150,7 221.5,89 293,89] inc=[7,89 78.5,89 150,89 221.5,89 293,89]
max	1e+21
line	max=1e+21 exp=[7,7] inc=[7,89]
max	100
line	max=100 exp=[7,89 47.9,84.9 88.7,88.6 129.6,7 170.4,84.9 211.3,88.6 252.1,89 293,91.5] inc=[7,-10034.5 47.9,88.6 88.7,88.6 129.6,89 170.4,87.4 211.3,87.4 252.1,89 293,91.5]
max	12345.678
line	max=12345.678 exp=[7,89 102.3,7 197.7,89 293,89] inc=[7,89 102.3,89 197.7,89 293,89]
max	1e+21
line	max=1e+21 exp=[7,89 47.9,89 88.7,7 129.6,89 170.4,7 211.3,89 252.1,89 293,89] inc=[7,89 47.9,89 88.7,89 129.6,89 170.4,89 211.3,89 252.1,89 293,89]
max	12345.678
line	max=12345.678 exp=[7,88.5 54.7,89 102.3,89 150,89 197.7,88.3 245.3,89 293,89] inc=[7,89 54.7,88.3 102.3,89 150,89 197.7,7 245.3,89 293,88.9]
max	100
line	max=100 exp=[7,88.2 102.3,7 197.7,87.4 293,89] inc=[7,88.9 102.3,88.9 197.7,7 293,7]
max	1
line	max=1 exp=[] inc=[]
max	12345.678
line	max=12345.678 exp=[7,89 293,7] inc=[7,89 293,7]
max	82
line	max=82 exp=[7,79 54.7,88.9 102.3,89 150,92 197.7,79 245.3,-11 293,-11] inc=[7,88 54.7,7 102.3,89 150,88.9 197.7,88 245.3,88.9 293,7]
max	1
line	max=1 exp=[7,-6635] inc=[7,7]
max	100
line	max=100 exp=[7,88.6 64.2,7 121.4,7 178.6,87.4 235.8,88.9 293,87.4] inc=[7,84.9 64.2,91.5 121.4,7 178.6,89 235.8,87.4 293,88.9]
max	5
line	max=5 exp=[7,56.2 78.5,56.2 150,89 221.5,138.2 293,7] inc=[7,89 78.5,138.2 150,-1.64e+22 221.5,89 293,-1255.8]
max	100
line	max=100 exp=[7,-820000000000000000000 78.5,80.8 150,21.8 221.5,-10034.5 293,21.8] inc=[7,88.6 78.5,84.9 150,91.5 221.5,91.5 293,7]
max	1
line	max=1 exp=[7,-1012256.6] inc=[7,48]
max	5
line	max=5 exp=[7,-75 78.5,80.8 150,7 221.5,138.2 293,89] inc=[7,89 78.5,89 150,7 221.5,89 293,89]
max	1e+21
line	max=1e+21 exp=[7,89 54.7,89 102.3,89 150,7 197.7,89 245.3,89 293,89] inc=[7,89 54.7,89 102.3,89 150,89 197.7,89 245.3,89 293,89]
max	1e+21
line	max=1e+21 exp=[7,7 78.5,89 150,89 221.5,89 293,89] inc=[7,7 78.5,89 150,89 221.5,89 293,89]
max	12345.678
line	max=12345.678 exp=[7,89 78.5,7 150,89 221.5,89 293,88.3] inc=[7,88.9 78.5,89 150,89 221.5,89 293,89]
max	1e+21
line	max=1e+21 exp=[7,89 54.7,89 102.3,89 150,89 197.7,89 245.3,89 293,89] inc=[7,89 54.7,89 102.3,89 150,89 197.7,89 245.3,7 293,89]
max	1e+21
line	max=1e+21 exp=[7,89 293,89] inc=[7,89 293,7]
max	1e+21
line	max=1e+21 exp=[7,89 47.9,89 88.7,89 129.6,89 170.4,89 211.3,89 252.1,89 293,89] inc=[7,7 47.9,89 88.7,89 129.6,89 170.4,89 211.3,89 252.1,89 293,89]
max	12345.678
line	max=12345.678 exp=[7,89 47.9,89 88.7,89 129.6,89 170.4,88.3 211.3,89 252.1,89 293,88.9] inc=[7,89 47.9,7 88.7,89 129.6,89 170.4,89 211.3,89 252.1,89 293,89]
max	5
line	max=5 exp=[7,138.2 293,89] inc=[7,7 293,72.6]
max	100
line	max=100 exp=[7,7 47.9,84.9 88.7,80.8 129.6,88.2 170.4,-820000000000000000000 211.3,88.9 252.1,89 293,-10034.5] inc=[7,89 47.9,89 88.7,7 129.6,88.9 170.4,88.9 211.3,80.8 252.1,89 293,21.8]
max	1e+21
line	max=1e+21 exp=[7,89 64.2,7 121.4,89 178.6,89 235.8,89 293,89] inc=[7,7 64.2,89 121.4,89 178.6,89 235.8,89 293,89]
max	82
line	max=82 exp=[7,7 78.5,7 150,88 221.5,88.9 293,87] inc=[7,84 78.5,92 150,89 221.5,7 293,-12256.7]
max	1
line	max=1 exp=[7,89 150,80.8 293,48] inc=[7,89 150,-321 293,-731]
max	1e+21
line	max=1e+21 exp=[7,89 64.2,89 121.4,89 178.6,89 235.8,89 293,89] inc=[7,89 64.2,7 121.4,89 178.6,89 235.8,89 293,89]
max	100
line	max=100 exp=[7,84.9 150,89 293,7] inc=[7,87.4 150,88.9 293,84.9]
max	12345.678
line	max=12345.678 exp=[7,89 54.7,89 102.3,89 150,89 197.7,88.9 245.3,7 293,89] inc=[7,88.9 54.7,89 102.3,89 150,89 197.7,89 245.3,89 293,7]
max	100
line	max=100 exp=[7,7 102.3,89 197.7,88.6 293,88.6] inc=[7,21.8 102.3,7 197.7,91.5 293,89]
max	1e+21
line	max=1e+21 exp=[7,89 54.7,89 102.3,89 150,89 197.7,89 245.3,89 293,89] inc=[7,89 54.7,89 102.3,89 150,7 197.7,7 245.3,89 293,7]
max	1
line	max=1 exp=[7,-75] inc=[7,89]
max	10
line	max=10 exp=[7,7 150,72.6 293,89] inc=[7,48 150,80.8 293,7]
max	1
line	max=1 exp=[7,89 293,7] inc=[7,335 293,335]
max	1
line	max=1 exp=[7,80.8 102.3,335 197.7,7 293,89] inc=[7,-75 102.3,-75 197.7,89 293,89]
max	12345.678
line	max=12345.678 exp=[7,89 64.2,89 121.4,7 178.6,89 235.8,88.3 293,89] inc=[7,89 64.2,89 121.4,88.3 178.6,89 235.8,89 293,89]
max	1e+21
line	max=1e+21 exp=[7,7 54.7,89 102.3,89 150,89 197.7,7 245.3,7 293,89] inc=[7,89 54.7,89 102.3,89 150,89 197.7,89 245.3,89 293,89]
max	1
line	max=1 exp=[] inc=[]
max	12345.678
line	max=12345.678 exp=[7,7 64.2,89 121.4,89 178.6,89 235.8,89 293,89] inc=[7,7 64.2,89 121.4,89 178.6,89 235.8,89 293,89]
max	1
line	max=1 exp=[7,89 150,335 293,335] inc=[7,48 150,89 293,80.8]
max	1e+21
line	max=1e+21 exp=[7,89 47.9,89 88.7,89 129.6,89 170.4,89 211.3,89 252.1,89 293,89] inc=[7,89 47.9,89 88.7,89 129.6,89 170.4,7 211.3,89 252.1,89 293,89]
max	1e+21
line	max=1e+21 exp=[7,89 64.2,89 121.4,89 178.6,89 235.8,89 293,89] inc=[7,89 64.2,89 121.4,89 178.6,7 235.8,89 293,89]
max	1e+21
line	max=1e+21 exp=[7,89 54.7,89 102.3,89 150,89 197.7,89 245.3,89 293,89] inc=[7,7 54.7,89 102.3,89 150,89 197.7,89 245.3,89 293,89]
max	12345.678
line	max=12345.678 exp=[7,7 54.7,89 102.3,89 150,89 197.7,89 245.3,89 293,88.5] inc=[7,89 54.7,89 102.3,7 150,89 197.7,89 245.3,88.3 293,89]
max	100
line	max=100 exp=[7,88.2 102.3,89 197.7,84.9 293,88.9] inc=[7,87.4 102.3,7 197.7,21.8 293,88.9]
max	1
line	max=1 exp=[7,89] inc=[7,89]
max	100
line	max=100 exp=[7,89 54.7,89 102.3,89 150,84.9 197.7,87.4 245.3,80.8 293,80.8] inc=[7,88.6 54.7,7 102.3,21.8 150,80.8 197.7,21.8 245.3,89 293,87.4]
max	1e+21
line	max=1e+21 exp=[7,89 78.5,89 150,89 221.5,89 293,89] inc=[7,89 78.5,7 150,89 221.5,89 293,89]
max	1
line	max=1 exp=[7,-321 150,89 293,-75] inc=[7,335 150,89 293,80.8]
max	2
line	max=2 exp=[7,68.5] inc=[7,7]
max	1
line	max=1 exp=[] inc=[]
max	1e+21
line	max=1e+21 exp=[7,89 47.9,89 88.7,89 129.6,89 170.4,89 211.3,89 252.1,89 293,89] inc=[7,89 47.9,89 88.7,89 129.6,89 170.4,89 211.3,7 252.1,89 293,89]
max	1
line	max=1 exp=[] inc=[]
max	1e+21
line	max=1e+21 exp=[7,89 102.3,89 197.7,89 293,89] inc=[7,89 102.3,7 197.7,89 293,89]
max	1
line	max=1 exp=[] inc=[]
max	12345.678
line	max=12345.678 exp=[7,89 102.3,89 197.7,89 293,89] inc=[7,89 102.3,88.3 197.7,7 293,89]
max	10
line	max=10 exp=[7,48 78.5,89 150,113.6 221.5,7 293,89] inc=[7,84.9 78.5,-583.4 150,-583.4 221.5,113.6 293,-8.2e+21]
max	12345.678
line	max=12345.678 exp=[7,7 64.2,89 121.4,88.9 178.6,89 235.8,88.5 293,89] inc=[7,89 64.2,-6642000544644045000 121.4,89 178.6,89 235.8,89 293,89]
max	2
line	max=2 exp=[7,-3273 150,84.9 293,48] inc=[7,89 150,7 293,68.5]
max	2
line	max=2 exp=[7,7 102.3,84.9 197.7,7 293,48] inc=[7,89 102.3,89 197.7,68.5 293,89]
max	1e+21
line	max=1e+21 exp=[7,89 64.2,89 121.4,89 178.6,89 235.8,7 293,89] inc=[7,89 64.2,89 121.4,89 178.6,89 235.8,89 293,89]
max	100
line	max=100 exp=[7,87.4 78.5,88.6 150,87.4 221.5,89 293,-10034.5] inc=[7,88.9 78.5,88.2 150,89 221.5,89 293,7]
max	10
line	max=10 exp=[7,7 293,72.6] inc=[7,-101145.6 293,80.8]
max	100
line	max=100 exp=[7,84.9 78.5,88.2 150,89 221.5,87.4 293,89] inc=[7,80.8 78.5,89 150,7 221.5,88.9 293,88.2]
max	12345.678
line	max=12345.678 exp=[7,7] inc=[7,89]
max	1e+21
line	max=1e+21 exp=[7,89 150,89 293,89] inc=[7,89 150,89 293,7]
max	82
line	max=82 exp=[7,88 47.9,84 88.7,89 129.6,88 170.4,84 211.3,7 252.1,7 293,89] inc=[7,89 47.9,88 88.7,88.9 129.6,87 170.4,89 211.3,89 252.1,92 293,79]
max	1
line	max=1 exp=[7,89] inc=[7,-321]
max	12345.678
line	max=12345.678 exp=[7,89 293,7] inc=[7,88.5 293,89]
max	1
line	max=1 exp=[] inc=[]
max	82
line	max=82 exp=[7,7] inc=[7,7]
max	2
line	max=2 exp=[7,89 293,-4.1e+22] inc=[7,84.9 293,7]
max	1e+21
line	max=1e+21 exp=[7,89 64.2,89 121.4,89 178.6,89 235.8,89 293,89] inc=[7,89 64.2,89 121.4,89 178.6,89 235.8,89 293,7]
max	1
line	max=1 exp=[7,-75] inc=[7,89]
max	10
line	max=10 exp=[7,7 102.3,89 197.7,48 293,113.6] inc=[7,-8.2e+21 102.3,-583.4 197.7,89 293,72.6]
max	1
line	max=1 exp=[] inc=[]
max	1
line	max=1 exp=[7,-6635 150,89 293,-321] inc=[7,80.8 150,7 293,89]
max	1e+21
line	max=1e+21 exp=[7,89 54.7,89 102.3,89 150,7 197.7,89 245.3,89 293,89] inc=[7,89 54.7,89 102.3,89 150,89 197.7,89 245.3,89 293,89]
max	1e+21
line	max=1e+21 exp=[7,89 54.7,89 102.3,89 150,89 197.7,89 245.3,89 293,89] inc=[7,89 54.7,7 102.3,89 150,89 197.7,89 245.3,89 293,89]
max	12345.678
line	max=12345.678 exp=[7,88.3 54.7,88.9 102.3,89 150,89 197.7,89 245.3,89 293,7] inc=[7,88.9 54.7,89 102.3,89 150,88.5 197.7,89 245.3,89 293,89]
max	1
line	max=1 exp=[7,48] inc=[7,89]
max	12345.678
line	max=12345.678 exp=[7,89 64.2,7 121.4,89 178.6,89 235.8,89 293,89] inc=[7,7 64.2,88.9 121.4,88.5 178.6,7 235.8,88.3 293,88.3]
max	100
line	max=100 exp=[7,7 293,7] inc=[7,21.8 293,89]
max	10
line	max=10 exp=[7,89 293,113.6] inc=[7,89 293,7]
max	1
line	max=1 exp=[] inc=[]
max	1e+21
line	max=1e+21 exp=[7,89 54.7,89 102.3,89 150,89 197.7,89 245.3,89 293,89] inc=[7,89 54.7,89 102.3,89 150,7 197.7,89 245.3,89 293,89]
max	1
line	max=1 exp=[] inc=[]
max	1e+21
line	max=1e+21 exp=[7,89 64.2,7 121.4,89 178.6,7 235.8,89 293,89] inc=[7,89 64.2,89 121.4,89 178.6,89 235.8,89 293,89]
max	5
line	max=5 exp=[7,138.2 54.7,89 102.3,89 150,-1255.8 197.7,89 245.3,80.8 293,-1255.8] inc=[7,72.6 54.7,80.8 102.3,138.2 150,89 197.7,89 245.3,138.2 293,7]
max	5
line	max=5 exp=[7,72.6 150,7 293,80.8] inc=[7,89 150,89 293,80.8]
max	1e+21
line	max=1e+21 exp=[7,89 64.2,89 121.4,89 178.6,89 235.8,7 293,89] inc=[7,89 64.2,89 121.4,89 178.6,89 235.8,89 293,89]
max	100
line	max=100 exp=[7,7 78.5,89 150,88.6 221.5,21.8 293,89] inc=[7,91.5 78.5,7 150,88.2 221.5,91.5 293,91.5]
max	1
line	max=1 exp=[] inc=[]
max	12345.678
line	max=12345.678 exp=[7,88.3 47.9,89 88.7,89 129.6,89 170.4,89 211.3,7 252.1,89 293,88.9] inc=[7,7 47.9,89 88.7,89 129.6,89 170.4,89 211.3,88.3 252.1,88.5 293,88.3]
max	100
line	max=100 exp=[7,7 102.3,89 197.7,88.9 293,7] inc=[7,91.5 102.3,80.8 197.7,7 293,87.4]
max	1e+21
line	max=1e+21 exp=[7,89 47.9,89 88.7,89 129.6,89 170.4,89 211.3,89 252.1,89 293,89] inc=[7,89 47.9,7 88.7,89 129.6,89 170.4,89 211.3,89 252.1,89 293,7]
max	1e+21
line	max=1e+21 exp=[7,89 78.5,7 150,7 221.5,89 293,89] inc=[7,7 78.5,89 150,89 221.5,89 293,89]
max	82
line	max=82 exp=[7,88 78.5,7 150,88.9 221.5,88.5 293,89] inc=[7,-11 78.5,88.9 150,-12256.7 221.5,88.9 293,89]
max	1
line	max=1 exp=[] inc=[]
max	1e+21
line	max=1e+21 exp=[7,7 293,89] inc=[7,7 293,89]
max	1e+21
line	max=1e+21 exp=[7,89 78.5,89 150,89 221.5,89 293,7] inc=[7,89 78.5,89 150,7 221.5,89 293,89]
max	1
line	max=1 exp=[] inc=[]
max	2
line	max=2 exp=[7,48] inc=[7,7]
max	1
line	max=1 exp=[] inc=[]
max	5
line	max=5 exp=[7,89 102.3,89 197.7,89 293,7] inc=[7,89 102.3,89 197.7,87.4 293,56.2]
max	1e+21
line	max=1e+21 exp=[7,89 54.7,89 102.3,89 150,89 197.7,89 245.3,89 293,89] inc=[7,7 54.7,89 102.3,89 150,89 197.7,89 245.3,89 293,89]
max	1
line	max=1 exp=[7,335 293,89] inc=[7,89 293,80.8]
max	1
line	max=1 exp=[] inc=[]
max	100
line	max=100 exp=[7,84.9 293,7] inc=[7,80.8 293,-10034.5]
max	10
line	max=10 exp=[7,84.9 150,113.6 293,89] inc=[7,89 150,88.2 293,7]
max	2
line	max=2 exp=[7,-4.1e+22] inc=[7,7]
max	1
line	max=1 exp=[] inc=[]
max	1
line	max=1 exp=[] inc=[]
max	1e+21
line	max=1e+21 exp=[7,89 64.2,7 121.4,89 178.6,89 235.8,89 293,89] inc=[7,89 64.2,89 121.4,7 178.6,89 235.8,89 293,89]
max	100
line	max=100 exp=[7,7] inc=[7,88.2]
max	1
line	max=1 exp=[7,80.8] inc=[7,-8.2e+22]
max	12345.678
line	max=12345.678 exp=[7,89] inc=[7,7]
max	1e+21
line	max=1e+21 exp=[7,89 78.5,89 150,89 221.5,89 293,89] inc=[7,89 78.5,89 150,89 221.5,89 293,7]
max	82
line	max=82 exp=[7,7] inc=[7,88.9]
max	1
line	max=1 exp=[7,89] inc=[7,89]
max	100
line	max=100 exp=[7,7 150,89 293,21.8] inc=[7,89 150,89 293,91.5]
max	10
line	max=10 exp=[7,-583.4 102.3,88.2 197.7,113.6 293,89] inc=[7,84.9 102.3,89 197.7,89 293,7]
max	1
line	max=1 exp=[7,48] inc=[7,-8111]
max	12345.678
line	max=12345.678 exp=[7,88.5] inc=[7,7]
max	1
line	max=1 exp=[] inc=[]
x	350.2
y	80.8
x	356.5555555555556
y	-239
x	497.2857142857143
y	-3273
x	531.3333333333333
y	-75
x	7
y	88.9999836
x	54.666666666666664
y	-1551
x	293
y	89
x	165.88888888888889
y	-999999999999999900000
x	150
y	92
x	2581
y	80.8
x	137
y	-2644.3333333333335
x	2867
y	84.9
x	319
y	-184.33333333333337
x	129.57142857142856
y	113.6
x	2295
y	171
x	1437
y	86.26666666666667
x	134.1111111111111
y	7
x	134.1111111111111
y	89
x	388.3333333333333
y	-1.1714285714285714e+22
x	229.44444444444446
y	-321
x	865
y	-820000000000000000000
x	1151
y	72.6
x	257.25
y	88.999999918
x	456.42857142857144
y	86.26666666666667
x	436
y	-1551
x	650.5
y	-8.2e+22
x	722
y	-75
x	407.4
y	7
x	579
y	-1012256.596
x	579
y	86.26666666666667
x	293
y	-13359
x	793.5
y	7
x	293
y	87.82857142857142
x	579
y	89
x	2867
y	89
x	64.2
y	48
x	507.5
y	-337359.53199999995
x	2581
y	-2.733333333333333e+22
x	150
y	-731
x	579
y	88.918
x	3153
y	89
x	2009
y	7
x	865
y	-4.1e+22
x	245.33333333333334
y	88.18
x	185.75
y	89
x	388.3333333333333
y	89
x	793.5
y	72.6
x	293
y	88.999999918
x	374.7142857142857
y	89
x	121.4
y	-75
x	1437
y	68.5
x	293
y	89
x	321.6
y	-4.1e+22
x	3439
y	7
x	293
y	171
x	722
y	124.14285714285714
x	436
y	87.82857142857142
x	2581
y	-3273
x	59
y	-731
x	64.2
y	-4.1e+22
x	388.3333333333333
y	7
x	456.42857142857144
y	7
x	178.6
y	88.999999918
x	2009
y	-144531.79942857142
x	407.4
y	-1.1714285714285714e+22
x	1151
y	89
x	185.75
y	-75
x	324.77777777777777
y	79
x	340.6666666666667
y	7
x	178.6
y	87.36
x	7
y	89
x	1723
y	89
x	793.5
y	89
x	324.77777777777777
y	84
x	1437
y	84.9
x	293
y	-2024602.192
x	319
y	335
x	483.6666666666667
y	84.9
x	3153
y	-1082.4285714285716
x	185.75
y	89
x	215
y	-8.2e+21
x	7
y	-1.64e+23
x	1151
y	-321
x	102.33333333333333
y	87.36
x	497.2857142857143
y	89
x	293
y	171
x	102.33333333333333
y	-1.1714285714285714e+22
x	7
y	88.9999918
x	579
y	87.82857142857142
x	579
y	-1551
x	1151
y	-2024602.192
x	865
y	87.36
x	579
y	-1.1714285714285714e+22
x	350.2
y	171
x	1008
y	7
x	7
y	87.36
x	264.40000000000003
y	89
x	2581
y	84.9
x	264.40000000000003
y	-16311
x	1151
y	89
x	364.5
y	89
x	865
y	7
x	2867
y	89
x	7
y	88.9999959
x	3439
y	88.99999882857144
x	257.25
y	80.8
x	3153
y	84.9
x	207.2
y	7
x	464.6
y	-12256.678
x	293
y	212
x	436
y	89
x	865
y	84.9
x	1294
y	89
x	865
y	88.18
x	1437
y	89
x	350.2
y	88.9999918
x	456.42857142857144
y	89
x	1437
y	68.5
x	531.3333333333333
y	-75
x	579
y	87
x	293
y	89
x	436
y	89
x	1723
y	89
x	42.75
y	-2.733333333333333e+22
x	207.2
y	-1.1714285714285714e+22
x	7
y	-337359.53199999995
x	185.75
y	88.9
x	102.33333333333333
y	89
x	722
y	80.8
x	2295
y	581
x	579
y	-28.14285714285714
x	102.33333333333333
y	-731
x	111
y	84.9
x	293
y	124.14285714285714
x	102.33333333333333
y	77.28571428571429
x	7
y	7
x	1580
y	-239
x	293
y	80.8
x	1151
y	89
x	293
y	34.333333333333336
x	1437
y	87.82857142857142
x	293
y	89
x	865
y	-321
x	211.28571428571428
y	84.9
x	215
y	79
x	150
y	84.9
x	436
y	-11
x	1151
y	48
x	436
y	89
x	374.7142857142857
y	89
x	7
y	-75
x	2867
y	80.8
x	1437
y	88.99999726666667
x	693.4
y	-101145.55960000001
x	121.4
y	7
x	374.7142857142857
y	-11
x	7
y	89
x	1723
y	-3273
x	1151
y	80.8
x	1437
y	80.8
x	374.7142857142857
y	87.82857142857142
x	364.5
y	80.8
x	865
y	88.59
x	7
y	89
x	1437
y	80.8
x	436
y	77.28571428571429
x	235.8
y	-1.1714285714285714e+22
x	388.3333333333333
y	212
x	170.42857142857142
y	84
x	388.3333333333333
y	7
x	436
y	-144531.79942857142
x	960.3333333333334
y	-1.1714285714285714e+22
x	1151
y	-1012256.596
x	350.2
y	-2.733333333333333e+22
x	1723
y	34.333333333333336
x	207.2
y	89
x	121.4
y	72.6
x	293
y	-2152.333333333333
x	54.666666666666664
y	89
x	165.88888888888889
y	89
x	150
y	84
x	102.33333333333333
y	-999999999999999900000
x	356.5555555555556
y	-10034.45596
x	207.2
y	-999999999999999900000
x	293
y	84.9
x	579
y	89
x	374.7142857142857
y	89
x	102.33333333333333
y	-2.733333333333333e+22
x	2867
y	87
x	2581
y	89
x	650.5
y	-1.64e+23
x	293
y	80.8
x	33
y	88.9999836
x	211.28571428571428
y	-116
x	579
y	-583.4
x	636.2
y	88.9
x	7
y	-337359.53199999995
x	197.66666666666666
y	335
x	2295
y	88.9999836
x	293
y	88.9999836
x	54.666666666666664
y	7
x	252.14285714285714
y	-2024602.192
x	436
y	7
x	293
y	89
x	293
y	-871.5714285714286
x	293
y	-583.4
x	293
y	87.82857142857142
x	178.6
y	48
x	7
y	171
x	1723
y	-1082.4285714285716
x	293
y	88.59
x	64.2
y	88.99999918
x	1437
y	-11
x	1723
y	-75
x	7
y	89
x	388.3333333333333
y	-47.666666666666686
x	2867
y	7
x	436
y	-239
x	436
y	72.6
x	1151
y	-16311
x	64.2
y	77.28571428571429
x	163
y	-2152.333333333333
x	579
y	84.9
x	456.42857142857144
y	88
x	293
y	335
x	7
y	89
x	865
y	88.9999959
x	88.71428571428571
y	-10034.45596
x	85
y	89
x	1723
y	89
x	257.25
y	-1551
x	2867
y	79
x	531.3333333333333
y	-10034.45596
x	1437
y	89
x	579
y	-321
x	579
y	89
x	78.5
y	7
x	865
y	61.66666666666667
x	293
y	124.14285714285714
x	293
y	-871.5714285714286
x	3439
y	89
x	2581
y	87
x	150
y	7
x	579
y	77.28571428571429
x	865
y	88.999999918
x	960.3333333333334
y	-1.1714285714285714e+22
x	1151
y	89
x	293
y	89
x	650.5
y	88.99999726666667
x	722
y	88.99999918
x	293
y	-11
x	1723
y	48
x	35.6
y	72.6
x	374.7142857142857
y	86.26666666666667
x	293
y	581
x	293
y	113.6
x	102.33333333333333
y	-1.64e+23
x	2009
y	48
x	2295
y	83.14285714285714
x	2295
y	7
x	293
y	88.18
x	47.857142857142854
y	21.760000000000005
x	7
y	72.6
x	388.3333333333333
y	-8.2e+22
x	111
y	88.59
x	324.77777777777777
y	88.9999959
x	579
y	-2152.333333333333
x	507.5
y	-731
x	1437
y	89
x	579
y	89
x	350.2
y	88.99999726666667
x	293
y	83.14285714285714
x	264.40000000000003
y	92
x	3439
y	89
x	293
y	91.46
x	293
y	-75
x	293
y	-871.5714285714286
x	293
y	-12256.678
x	7
y	89
x	165.88888888888889
y	89
x	241.00000000000003
y	68.5
x	2009
y	48
x	293
y	84.9
x	1151
y	21.760000000000005
x	102.33333333333333
y	212
x	293
y	84
x	7
y	84
x	150
y	-1.1714285714285714e+22
x	102.33333333333333
y	-731
x	211.28571428571428
y	34.333333333333336
x	229.44444444444446
y	72.6
x	579
y	88.918
x	483.6666666666667
y	-10034.45596
x	3153
y	89
x	1437
y	-820000000000000000000
x	245.33333333333334
y	79
x	293
y	89
x	3153
y	86.26666666666667
x	7
y	88.9999999
x	137
y	89
x	436
y	89
x	150
y	89
x	170.42857142857142
y	68.5
x	1294
y	89
x	1151
y	48
x	1294
y	65.57142857142857
x	407.4
y	-8.2e+22
x	241.00000000000003
y	89
x	865
y	88.999999918
x	88.71428571428571
y	88.99999918
x	364.5
y	-11
x	407.4
y	89
x	2009
y	88.99999882857144
x	102.33333333333333
y	-144531.79942857142
x	531.3333333333333
y	212
x	436
y	89
x	114.25
y	79
x	293
y	-2644.3333333333335
x	235.8
y	89
x	197.66666666666666
y	89
x	293
y	89
x	1723
y	-321
x	7
y	-6635
x	121.4
y	72.6
x	207.2
y	75.33333333333333
x	674.3333333333334
y	88.99999918
x	293
y	-1.1714285714285714e+22
x	178.6
y	61.66666666666667
x	137
y	-8.2e+21
x	47.857142857142854
y	-12256.678
x	7
y	21.760000000000005
x	267
y	-8.2e+21
x	579
y	-1082.4285714285716
x	1723
y	89
x	579
y	-75
x	865
y	-4.1e+22
x	150
y	88.59
x	121.4
y	84.9
x	121.4
y	-999999999999999900000
x	150
y	89
x	321.6
y	61.66666666666667
x	293
y	335
x	722
y	89
x	400.25
y	-820000000000000000000
x	865
y	89
x	207.2
y	124.14285714285714
x	121.4
y	68.5
x	2009
y	48
x	3153
y	-116
x	197.66666666666666
y	48
x	2009
y	68.5
x	7
y	88.99999726666667
x	722
y	335
x	211.28571428571428
y	89
x	7
y	79
x	293
y	-8.2e+21
x	636.2
y	-2024602.192
x	42.75
y	88.9
x	865
y	88.59
x	150
y	-47.666666666666686
x	350.2
y	-2024602.192
x	267
y	-144531.79942857142
x	54.666666666666664
y	-13359
x	1437
y	-3273
x	252.14285714285714
y	83.14285714285714
x	134.1111111111111
y	-8.2e+22
x	2581
y	-10034.45596
x	1294
y	-116
x	293
y	89
x	7
y	89
x	7
y	89
x	267
y	-184.33333333333337
x	293
y	88.999999918
x	64.2
y	89
x	211.28571428571428
y	-731
x	165.88888888888889
y	86.26666666666667
x	1151
y	89
x	38.77777777777777
y	89
x	1580
y	-12256.678
x	579
y	-4.1e+22
x	293
y	-999999999999999900000
x	356.5555555555556
y	7
x	579
y	68.5
x	134.1111111111111
y	89
x	793.5
y	88.59
x	221.5
y	-506083.798
x	163
y	89
x	722
y	-75
x	7
y	80.8
x	865
y	48
x	7
y	-999999999999999900000
x	1008
y	89
x	579
y	88.99999882857144
x	129.57142857142856
y	212
x	1151
y	88.9999836
x	531.3333333333333
y	89
x	197.66666666666666
y	87
x	340.6666666666667
y	-4011
x	674.3333333333334
y	124.14285714285714
x	793.5
y	79
max	1
max	1
max	1
x	7
x	7
line	max=5 exp=[7,7] inc=[7,39.8]
line	max=1 exp=[] inc=[]
max	100
line	max=100 exp=[7,7 293,89] inc=[7,84.9 293,84.9]
max	5
line	max=5 exp=[7,-1551 293,89] inc=[7,7 293,7]
max	100
line	max=100 exp=[7,7 293,89] inc=[7,84.9 293,84.9]
y	7
y	89
y	-75
y	130
x	293
x	650.5
y	89
y	78.75
y	68.5
y	58.25
y	48
y	37.75
y	27.5
y	17.25
y	7
y	89
y	78.75
y	68.5
y	58.25
y	48
y	37.75
y	27.5
y	17.25
y	7
y	89
y	78.75
y	68.5
y	58.25
y	48
y	37.75
y	27.5
y	17.25
y	7
y	89
y	78.75
y	68.5
y	58.25
y	48
y	37.75
y	27.5
y	17.25
y	7
y	89
y	78.75
y	68.5
y	58.25
y	48
y	37.75
y	27.5
y	17.25
y	7
y	89
y	78.75
y	68.5
y	58.25
y	48
y	37.75
y	27.5
y	17.25
y	7
y	89
y	78.75
y	68.5
y	58.25
y	48
y	37.75
y	27.5
y	17.25
y	7
y	89
y	78.75
y	68.5
y	58.25
y	48
y	37.75
y	27.5
y	17.25
y	7
y	89
y	78.75
y	68.5
y	58.25
y	48
y	37.75
y	27.5
y	17.25
y	7
y	89
y	78.75
y	68.5
y	58.25
y	48
y	37.75
y	27.5
y	17.25
y	7
y	89
y	78.75
y	68.5
y	58.25
y	48
y	37.75
y	27.5
y	17.25
y	7
y	89
y	78.75
y	68.5
y	58.25
y	48
y	37.75
y	27.5
y	17.25
y	7
y	89
y	78.75
y	68.5
y	58.25
y	48
y	37.75
y	27.5
y	17.25
y	7
y	89
y	78.75
y	68.5
y	58.25
y	48
y	37.75
y	27.5
y	17.25
y	7
x	7
x	293
x	7
x	150
x	293
x	7
x	102.33333333333333
x	197.66666666666666
x	293
x	7
x	64.2
x	121.4
x	178.6
x	235.8
x	293
x	7
x	54.666666666666664
x	102.33333333333333
x	150
x	197.66666666666666
x	245.33333333333334
x	293
x	7
x	47.857142857142854
x	88.71428571428571
x	129.57142857142856
x	170.42857142857142
x	211.28571428571428
x	252.14285714285714
x	293
x	7
x	42.75
x	78.5
x	114.25
x	150
x	185.75
x	221.5
x	257.25
x	293
x	7
x	35.6
x	64.2
x	92.8
x	121.4
x	150
x	178.6
x	207.2
x	235.8
x	264.40000000000003
x	293
x	7
x	33
x	59
x	85
x	111
x	137
x	163
x	189
x	215
x	241.00000000000003
x	267
x	293
x	7
x	30.833333333333332
x	54.666666666666664
x	78.5
x	102.33333333333333
x	126.16666666666667
x	150
x	173.83333333333334
x	197.66666666666666
x	221.5
x	245.33333333333334
x	269.16666666666663
x	293
x	7
x	26.066666666666666
x	45.13333333333333
x	64.2
x	83.26666666666667
x	102.33333333333333
x	121.4
x	140.46666666666667
x	159.53333333333333
x	178.6
x	197.66666666666666
x	216.73333333333332
x	235.8
x	254.86666666666667
x	273.93333333333334
x	293
x	7
x	24.875
x	42.75
x	60.625
x	78.5
x	96.375
x	114.25
x	132.125
x	150
x	167.875
x	185.75
x	203.625
x	221.5
x	239.375
x	257.25
x	275.125
x	293
x	7
x	14.15
x	21.3
x	28.45
x	35.6
x	42.75
x	49.9
x	57.05
x	64.2
x	71.35000000000001
x	78.5
x	85.65
x	92.8
x	99.95
x	107.1
x	114.25
x	121.4
x	128.55
x	135.70000000000002
x	142.85
x	150
x	157.15
x	164.3
x	171.45
x	178.6
x	185.75
x	192.9
x	200.05
x	207.2
x	214.35
x	221.5
x	228.65
x	235.8
x	242.95
x	250.1
x	257.25
x	264.40000000000003
x	271.55
x	278.7
x	285.84999999999997
x	293
y	89
y	89
max	1
y	58.25
line	max=8 exp=[7,58.3] inc=[7,7]
line	max=8 exp=[7,58.3 293,7] inc=[7,7 293,58.3]
y	17.25
line	max=8 exp=[7,17.3] inc=[7,7]
line	max=8 exp=[7,17.3 293,7] inc=[7,7 293,17.3]
y	-3.25
line	max=9 exp=[7,7] inc=[7,16.1]
line	max=9 exp=[7,7 293,16.1] inc=[7,16.1 293,7]
y	-44.25
line	max=13 exp=[7,7] inc=[7,38.5]
line	max=13 exp=[7,7 293,38.5] inc=[7,38.5 293,7]
y	83.875
line	max=16 exp=[7,83.9] inc=[7,7]
line	max=16 exp=[7,83.9 293,7] inc=[7,7 293,83.9]
y	63.375
line	max=16 exp=[7,63.4] inc=[7,7]
line	max=16 exp=[7,63.4 293,7] inc=[7,7 293,63.4]
y	81.3125
line	max=32 exp=[7,81.3] inc=[7,7]
line	max=32 exp=[7,81.3 293,7] inc=[7,7 293,81.3]
y	60.8125
line	max=32 exp=[7,60.8] inc=[7,7]
line	max=32 exp=[7,60.8 293,7] inc=[7,7 293,60.8]
y	78.75
line	max=8 exp=[7,78.8] inc=[7,7]
line	max=8 exp=[7,78.8 293,7] inc=[7,7 293,78.8]
y	37.75
line	max=8 exp=[7,37.8] inc=[7,7]
line	max=8 exp=[7,37.8 293,7] inc=[7,7 293,37.8]
max	NaN
max	NaN
max	5
max	NaN
max	NaN
y	NaN
line	max=NaN exp=[7,NaN 293,NaN] inc=[7,NaN 293,NaN]
line	max=2 exp=[7,48 293,NaN] inc=[7,7 293,7]
line	max=5 exp=[7,-1.64e+22] inc=[7,7]
line	max=5 exp=[7,-1.64e+22 293,72.6] inc=[7,7 293,7]
line	max=1 exp=[7,-82000000000000000000] inc=[7,7]
y	-8.2e+22
y	-81999999999999900
