dim	1999|-2	30
dim	1999|-1	31
dim	1999|0	31
grid	1999|0	_,_,_,_,1,2,3,4,5,6,7,8,9,10,11,12,13,14,15,16,17,18,19,20,21,22,23,24,25,26,27,28,29,30,31
dim	1999|1	28
grid	1999|1	1,2,3,4,5,6,7,8,9,10,11,12,13,14,15,16,17,18,19,20,21,22,23,24,25,26,27,28
dim	1999|2	31
grid	1999|2	1,2,3,4,5,6,7,8,9,10,11,12,13,14,15,16,17,18,19,20,21,22,23,24,25,26,27,28,29,30,31
dim	1999|3	30
grid	1999|3	_,_,_,1,2,3,4,5,6,7,8,9,10,11,12,13,14,15,16,17,18,19,20,21,22,23,24,25,26,27,28,29,30
dim	1999|4	31
grid	1999|4	_,_,_,_,_,1,2,3,4,5,6,7,8,9,10,11,12,13,14,15,16,17,18,19,20,21,22,23,24,25,26,27,28,29,30,31
dim	1999|5	30
grid	1999|5	_,1,2,3,4,5,6,7,8,9,10,11,12,13,14,15,16,17,18,19,20,21,22,23,24,25,26,27,28,29,30
dim	1999|6	31
grid	1999|6	_,_,_,1,2,3,4,5,6,7,8,9,10,11,12,13,14,15,16,17,18,19,20,21,22,23,24,25,26,27,28,29,30,31
dim	1999|7	31
grid	1999|7	_,_,_,_,_,_,1,2,3,4,5,6,7,8,9,10,11,12,13,14,15,16,17,18,19,20,21,22,23,24,25,26,27,28,29,30,31
dim	1999|8	30
grid	1999|8	_,_,1,2,3,4,5,6,7,8,9,10,11,12,13,14,15,16,17,18,19,20,21,22,23,24,25,26,27,28,29,30
dim	1999|9	31
grid	1999|9	_,_,_,_,1,2,3,4,5,6,7,8,9,10,11,12,13,14,15,16,17,18,19,20,21,22,23,24,25,26,27,28,29,30,31
dim	1999|10	30
grid	1999|10	1,2,3,4,5,6,7,8,9,10,11,12,13,14,15,16,17,18,19,20,21,22,23,24,25,26,27,28,29,30
dim	1999|11	31
grid	1999|11	_,_,1,2,3,4,5,6,7,8,9,10,11,12,13,14,15,16,17,18,19,20,21,22,23,24,25,26,27,28,29,30,31
dim	1999|12	31
dim	1999|13	29
dim	2000|-2	30
dim	2000|-1	31
dim	2000|0	31
grid	2000|0	_,_,_,_,_,1,2,3,4,5,6,7,8,9,10,11,12,13,14,15,16,17,18,19,20,21,22,23,24,25,26,27,28,29,30,31
dim	2000|1	29
grid	2000|1	_,1,2,3,4,5,6,7,8,9,10,11,12,13,14,15,16,17,18,19,20,21,22,23,24,25,26,27,28,29
dim	2000|2	31
grid	2000|2	_,_,1,2,3,4,5,6,7,8,9,10,11,12,13,14,15,16,17,18,19,20,21,22,23,24,25,26,27,28,29,30,31
dim	2000|3	30
grid	2000|3	_,_,_,_,_,1,2,3,4,5,6,7,8,9,10,11,12,13,14,15,16,17,18,19,20,21,22,23,24,25,26,27,28,29,30
dim	2000|4	31
grid	2000|4	1,2,3,4,5,6,7,8,9,10,11,12,13,14,15,16,17,18,19,20,21,22,23,24,25,26,27,28,29,30,31
dim	2000|5	30
grid	2000|5	_,_,_,1,2,3,4,5,6,7,8,9,10,11,12,13,14,15,16,17,18,19,20,21,22,23,24,25,26,27,28,29,30
dim	2000|6	31
grid	2000|6	_,_,_,_,_,1,2,3,4,5,6,7,8,9,10,11,12,13,14,15,16,17,18,19,20,21,22,23,24,25,26,27,28,29,30,31
dim	2000|7	31
grid	2000|7	_,1,2,3,4,5,6,7,8,9,10,11,12,13,14,15,16,17,18,19,20,21,22,23,24,25,26,27,28,29,30,31
dim	2000|8	30
grid	2000|8	_,_,_,_,1,2,3,4,5,6,7,8,9,10,11,12,13,14,15,16,17,18,19,20,21,22,23,24,25,26,27,28,29,30
dim	2000|9	31
grid	2000|9	_,_,_,_,_,_,1,2,3,4,5,6,7,8,9,10,11,12,13,14,15,16,17,18,19,20,21,22,23,24,25,26,27,28,29,30,31
dim	2000|10	30
grid	2000|10	_,_,1,2,3,4,5,6,7,8,9,10,11,12,13,14,15,16,17,18,19,20,21,22,23,24,25,26,27,28,29,30
dim	2000|11	31
grid	2000|11	_,_,_,_,1,2,3,4,5,6,7,8,9,10,11,12,13,14,15,16,17,18,19,20,21,22,23,24,25,26,27,28,29,30,31
dim	2000|12	31
dim	2000|13	28
dim	2024|-2	30
dim	2024|-1	31
dim	2024|0	31
grid	2024|0	1,2,3,4,5,6,7,8,9,10,11,12,13,14,15,16,17,18,19,20,21,22,23,24,25,26,27,28,29,30,31
dim	2024|1	29
grid	2024|1	_,_,_,1,2,3,4,5,6,7,8,9,10,11,12,13,14,15,16,17,18,19,20,21,22,23,24,25,26,27,28,29
dim	2024|2	31
grid	2024|2	_,_,_,_,1,2,3,4,5,6,7,8,9,10,11,12,13,14,15,16,17,18,19,20,21,22,23,24,25,26,27,28,29,30,31
dim	2024|3	30
grid	2024|3	1,2,3,4,5,6,7,8,9,10,11,12,13,14,15,16,17,18,19,20,21,22,23,24,25,26,27,28,29,30
dim	2024|4	31
grid	2024|4	_,_,1,2,3,4,5,6,7,8,9,10,11,12,13,14,15,16,17,18,19,20,21,22,23,24,25,26,27,28,29,30,31
dim	2024|5	30
grid	2024|5	_,_,_,_,_,1,2,3,4,5,6,7,8,9,10,11,12,13,14,15,16,17,18,19,20,21,22,23,24,25,26,27,28,29,30
dim	2024|6	31
grid	2024|6	1,2,3,4,5,6,7,8,9,10,11,12,13,14,15,16,17,18,19,20,21,22,23,24,25,26,27,28,29,30,31
dim	2024|7	31
grid	2024|7	_,_,_,1,2,3,4,5,6,7,8,9,10,11,12,13,14,15,16,17,18,19,20,21,22,23,24,25,26,27,28,29,30,31
dim	2024|8	30
grid	2024|8	_,_,_,_,_,_,1,2,3,4,5,6,7,8,9,10,11,12,13,14,15,16,17,18,19,20,21,22,23,24,25,26,27,28,29,30
dim	2024|9	31
grid	2024|9	_,1,2,3,4,5,6,7,8,9,10,11,12,13,14,15,16,17,18,19,20,21,22,23,24,25,26,27,28,29,30,31
dim	2024|10	30
grid	2024|10	_,_,_,_,1,2,3,4,5,6,7,8,9,10,11,12,13,14,15,16,17,18,19,20,21,22,23,24,25,26,27,28,29,30
dim	2024|11	31
grid	2024|11	_,_,_,_,_,_,1,2,3,4,5,6,7,8,9,10,11,12,13,14,15,16,17,18,19,20,21,22,23,24,25,26,27,28,29,30,31
dim	2024|12	31
dim	2024|13	28
dim	2025|-2	30
dim	2025|-1	31
dim	2025|0	31
grid	2025|0	_,_,1,2,3,4,5,6,7,8,9,10,11,12,13,14,15,16,17,18,19,20,21,22,23,24,25,26,27,28,29,30,31
dim	2025|1	28
grid	2025|1	_,_,_,_,_,1,2,3,4,5,6,7,8,9,10,11,12,13,14,15,16,17,18,19,20,21,22,23,24,25,26,27,28
dim	2025|2	31
grid	2025|2	_,_,_,_,_,1,2,3,4,5,6,7,8,9,10,11,12,13,14,15,16,17,18,19,20,21,22,23,24,25,26,27,28,29,30,31
dim	2025|3	30
grid	2025|3	_,1,2,3,4,5,6,7,8,9,10,11,12,13,14,15,16,17,18,19,20,21,22,23,24,25,26,27,28,29,30
dim	2025|4	31
grid	2025|4	_,_,_,1,2,3,4,5,6,7,8,9,10,11,12,13,14,15,16,17,18,19,20,21,22,23,24,25,26,27,28,29,30,31
dim	2025|5	30
grid	2025|5	_,_,_,_,_,_,1,2,3,4,5,6,7,8,9,10,11,12,13,14,15,16,17,18,19,20,21,22,23,24,25,26,27,28,29,30
dim	2025|6	31
grid	2025|6	_,1,2,3,4,5,6,7,8,9,10,11,12,13,14,15,16,17,18,19,20,21,22,23,24,25,26,27,28,29,30,31
dim	2025|7	31
grid	2025|7	_,_,_,_,1,2,3,4,5,6,7,8,9,10,11,12,13,14,15,16,17,18,19,20,21,22,23,24,25,26,27,28,29,30,31
dim	2025|8	30
grid	2025|8	1,2,3,4,5,6,7,8,9,10,11,12,13,14,15,16,17,18,19,20,21,22,23,24,25,26,27,28,29,30
dim	2025|9	31
grid	2025|9	_,_,1,2,3,4,5,6,7,8,9,10,11,12,13,14,15,16,17,18,19,20,21,22,23,24,25,26,27,28,29,30,31
dim	2025|10	30
grid	2025|10	_,_,_,_,_,1,2,3,4,5,6,7,8,9,10,11,12,13,14,15,16,17,18,19,20,21,22,23,24,25,26,27,28,29,30
dim	2025|11	31
grid	2025|11	1,2,3,4,5,6,7,8,9,10,11,12,13,14,15,16,17,18,19,20,21,22,23,24,25,26,27,28,29,30,31
dim	2025|12	31
dim	2025|13	28
dim	2026|-2	30
dim	2026|-1	31
dim	2026|0	31
grid	2026|0	_,_,_,1,2,3,4,5,6,7,8,9,10,11,12,13,14,15,16,17,18,19,20,21,22,23,24,25,26,27,28,29,30,31
dim	2026|1	28
grid	2026|1	_,_,_,_,_,_,1,2,3,4,5,6,7,8,9,10,11,12,13,14,15,16,17,18,19,20,21,22,23,24,25,26,27,28
dim	2026|2	31
grid	2026|2	_,_,_,_,_,_,1,2,3,4,5,6,7,8,9,10,11,12,13,14,15,16,17,18,19,20,21,22,23,24,25,26,27,28,29,30,31
dim	2026|3	30
grid	2026|3	_,_,1,2,3,4,5,6,7,8,9,10,11,12,13,14,15,16,17,18,19,20,21,22,23,24,25,26,27,28,29,30
dim	2026|4	31
grid	2026|4	_,_,_,_,1,2,3,4,5,6,7,8,9,10,11,12,13,14,15,16,17,18,19,20,21,22,23,24,25,26,27,28,29,30,31
dim	2026|5	30
grid	2026|5	1,2,3,4,5,6,7,8,9,10,11,12,13,14,15,16,17,18,19,20,21,22,23,24,25,26,27,28,29,30
dim	2026|6	31
grid	2026|6	_,_,1,2,3,4,5,6,7,8,9,10,11,12,13,14,15,16,17,18,19,20,21,22,23,24,25,26,27,28,29,30,31
dim	2026|7	31
grid	2026|7	_,_,_,_,_,1,2,3,4,5,6,7,8,9,10,11,12,13,14,15,16,17,18,19,20,21,22,23,24,25,26,27,28,29,30,31
dim	2026|8	30
grid	2026|8	_,1,2,3,4,5,6,7,8,9,10,11,12,13,14,15,16,17,18,19,20,21,22,23,24,25,26,27,28,29,30
dim	2026|9	31
grid	2026|9	_,_,_,1,2,3,4,5,6,7,8,9,10,11,12,13,14,15,16,17,18,19,20,21,22,23,24,25,26,27,28,29,30,31
dim	2026|10	30
grid	2026|10	_,_,_,_,_,_,1,2,3,4,5,6,7,8,9,10,11,12,13,14,15,16,17,18,19,20,21,22,23,24,25,26,27,28,29,30
dim	2026|11	31
grid	2026|11	_,1,2,3,4,5,6,7,8,9,10,11,12,13,14,15,16,17,18,19,20,21,22,23,24,25,26,27,28,29,30,31
dim	2026|12	31
dim	2026|13	28
dim	2027|-2	30
dim	2027|-1	31
dim	2027|0	31
grid	2027|0	_,_,_,_,1,2,3,4,5,6,7,8,9,10,11,12,13,14,15,16,17,18,19,20,21,22,23,24,25,26,27,28,29,30,31
dim	2027|1	28
grid	2027|1	1,2,3,4,5,6,7,8,9,10,11,12,13,14,15,16,17,18,19,20,21,22,23,24,25,26,27,28
dim	2027|2	31
grid	2027|2	1,2,3,4,5,6,7,8,9,10,11,12,13,14,15,16,17,18,19,20,21,22,23,24,25,26,27,28,29,30,31
dim	2027|3	30
grid	2027|3	_,_,_,1,2,3,4,5,6,7,8,9,10,11,12,13,14,15,16,17,18,19,20,21,22,23,24,25,26,27,28,29,30
dim	2027|4	31
grid	2027|4	_,_,_,_,_,1,2,3,4,5,6,7,8,9,10,11,12,13,14,15,16,17,18,19,20,21,22,23,24,25,26,27,28,29,30,31
dim	2027|5	30
grid	2027|5	_,1,2,3,4,5,6,7,8,9,10,11,12,13,14,15,16,17,18,19,20,21,22,23,24,25,26,27,28,29,30
dim	2027|6	31
grid	2027|6	_,_,_,1,2,3,4,5,6,7,8,9,10,11,12,13,14,15,16,17,18,19,20,21,22,23,24,25,26,27,28,29,30,31
dim	2027|7	31
grid	2027|7	_,_,_,_,_,_,1,2,3,4,5,6,7,8,9,10,11,12,13,14,15,16,17,18,19,20,21,22,23,24,25,26,27,28,29,30,31
dim	2027|8	30
grid	2027|8	_,_,1,2,3,4,5,6,7,8,9,10,11,12,13,14,15,16,17,18,19,20,21,22,23,24,25,26,27,28,29,30
dim	2027|9	31
grid	2027|9	_,_,_,_,1,2,3,4,5,6,7,8,9,10,11,12,13,14,15,16,17,18,19,20,21,22,23,24,25,26,27,28,29,30,31
dim	2027|10	30
grid	2027|10	1,2,3,4,5,6,7,8,9,10,11,12,13,14,15,16,17,18,19,20,21,22,23,24,25,26,27,28,29,30
dim	2027|11	31
grid	2027|11	_,_,1,2,3,4,5,6,7,8,9,10,11,12,13,14,15,16,17,18,19,20,21,22,23,24,25,26,27,28,29,30,31
dim	2027|12	31
dim	2027|13	29
dim	2100|-2	30
dim	2100|-1	31
dim	2100|0	31
grid	2100|0	_,_,_,_,1,2,3,4,5,6,7,8,9,10,11,12,13,14,15,16,17,18,19,20,21,22,23,24,25,26,27,28,29,30,31
dim	2100|1	28
grid	2100|1	1,2,3,4,5,6,7,8,9,10,11,12,13,14,15,16,17,18,19,20,21,22,23,24,25,26,27,28
dim	2100|2	31
grid	2100|2	1,2,3,4,5,6,7,8,9,10,11,12,13,14,15,16,17,18,19,20,21,22,23,24,25,26,27,28,29,30,31
dim	2100|3	30
grid	2100|3	_,_,_,1,2,3,4,5,6,7,8,9,10,11,12,13,14,15,16,17,18,19,20,21,22,23,24,25,26,27,28,29,30
dim	2100|4	31
grid	2100|4	_,_,_,_,_,1,2,3,4,5,6,7,8,9,10,11,12,13,14,15,16,17,18,19,20,21,22,23,24,25,26,27,28,29,30,31
dim	2100|5	30
grid	2100|5	_,1,2,3,4,5,6,7,8,9,10,11,12,13,14,15,16,17,18,19,20,21,22,23,24,25,26,27,28,29,30
dim	2100|6	31
grid	2100|6	_,_,_,1,2,3,4,5,6,7,8,9,10,11,12,13,14,15,16,17,18,19,20,21,22,23,24,25,26,27,28,29,30,31
dim	2100|7	31
grid	2100|7	_,_,_,_,_,_,1,2,3,4,5,6,7,8,9,10,11,12,13,14,15,16,17,18,19,20,21,22,23,24,25,26,27,28,29,30,31
dim	2100|8	30
grid	2100|8	_,_,1,2,3,4,5,6,7,8,9,10,11,12,13,14,15,16,17,18,19,20,21,22,23,24,25,26,27,28,29,30
dim	2100|9	31
grid	2100|9	_,_,_,_,1,2,3,4,5,6,7,8,9,10,11,12,13,14,15,16,17,18,19,20,21,22,23,24,25,26,27,28,29,30,31
dim	2100|10	30
grid	2100|10	1,2,3,4,5,6,7,8,9,10,11,12,13,14,15,16,17,18,19,20,21,22,23,24,25,26,27,28,29,30
dim	2100|11	31
grid	2100|11	_,_,1,2,3,4,5,6,7,8,9,10,11,12,13,14,15,16,17,18,19,20,21,22,23,24,25,26,27,28,29,30,31
dim	2100|12	31
dim	2100|13	28
mk	2025|-13|-31	2023-9-30
mk	2025|-13|0	2023-10-30
mk	2025|-13|1	2023-11-1
mk	2025|-13|28	2023-11-28
mk	2025|-13|29	2023-11-29
mk	2025|-13|30	2023-11-30
mk	2025|-13|31	2023-11-31
mk	2025|-13|32	2024-0-1
mk	2025|-13|60	2024-0-29
mk	2025|-1|-31	2024-9-30
mk	2025|-1|0	2024-10-30
mk	2025|-1|1	2024-11-1
mk	2025|-1|28	2024-11-28
mk	2025|-1|29	2024-11-29
mk	2025|-1|30	2024-11-30
mk	2025|-1|31	2024-11-31
mk	2025|-1|32	2025-0-1
mk	2025|-1|60	2025-0-29
mk	2025|0|-31	2024-10-30
mk	2025|0|0	2024-11-31
mk	2025|0|1	2025-0-1
mk	2025|0|28	2025-0-28
mk	2025|0|29	2025-0-29
mk	2025|0|30	2025-0-30
mk	2025|0|31	2025-0-31
mk	2025|0|32	2025-1-1
mk	2025|0|60	2025-2-1
mk	2025|1|-31	2024-11-31
mk	2025|1|0	2025-0-31
mk	2025|1|1	2025-1-1
mk	2025|1|28	2025-1-28
mk	2025|1|29	2025-2-1
mk	2025|1|30	2025-2-2
mk	2025|1|31	2025-2-3
mk	2025|1|32	2025-2-4
mk	2025|1|60	2025-3-1
mk	2025|11|-31	2025-9-30
mk	2025|11|0	2025-10-30
mk	2025|11|1	2025-11-1
mk	2025|11|28	2025-11-28
mk	2025|11|29	2025-11-29
mk	2025|11|30	2025-11-30
mk	2025|11|31	2025-11-31
mk	2025|11|32	2026-0-1
mk	2025|11|60	2026-0-29
mk	2025|12|-31	2025-10-30
mk	2025|12|0	2025-11-31
mk	2025|12|1	2026-0-1
mk	2025|12|28	2026-0-28
mk	2025|12|29	2026-0-29
mk	2025|12|30	2026-0-30
mk	2025|12|31	2026-0-31
mk	2025|12|32	2026-1-1
mk	2025|12|60	2026-2-1
mk	2025|25|-31	2026-11-31
mk	2025|25|0	2027-0-31
mk	2025|25|1	2027-1-1
mk	2025|25|28	2027-1-28
mk	2025|25|29	2027-2-1
mk	2025|25|30	2027-2-2
mk	2025|25|31	2027-2-3
mk	2025|25|32	2027-2-4
mk	2025|25|60	2027-3-1
mk	2026|-13|-31	2024-9-30
mk	2026|-13|0	2024-10-30
mk	2026|-13|1	2024-11-1
mk	2026|-13|28	2024-11-28
mk	2026|-13|29	2024-11-29
mk	2026|-13|30	2024-11-30
mk	2026|-13|31	2024-11-31
mk	2026|-13|32	2025-0-1
mk	2026|-13|60	2025-0-29
mk	2026|-1|-31	2025-9-30
mk	2026|-1|0	2025-10-30
mk	2026|-1|1	2025-11-1
mk	2026|-1|28	2025-11-28
mk	2026|-1|29	2025-11-29
mk	2026|-1|30	2025-11-30
mk	2026|-1|31	2025-11-31
mk	2026|-1|32	2026-0-1
mk	2026|-1|60	2026-0-29
mk	2026|0|-31	2025-10-30
mk	2026|0|0	2025-11-31
mk	2026|0|1	2026-0-1
mk	2026|0|28	2026-0-28
mk	2026|0|29	2026-0-29
mk	2026|0|30	2026-0-30
mk	2026|0|31	2026-0-31
mk	2026|0|32	2026-1-1
mk	2026|0|60	2026-2-1
mk	2026|1|-31	2025-11-31
mk	2026|1|0	2026-0-31
mk	2026|1|1	2026-1-1
mk	2026|1|28	2026-1-28
mk	2026|1|29	2026-2-1
mk	2026|1|30	2026-2-2
mk	2026|1|31	2026-2-3
mk	2026|1|32	2026-2-4
mk	2026|1|60	2026-3-1
mk	2026|11|-31	2026-9-30
mk	2026|11|0	2026-10-30
mk	2026|11|1	2026-11-1
mk	2026|11|28	2026-11-28
mk	2026|11|29	2026-11-29
mk	2026|11|30	2026-11-30
mk	2026|11|31	2026-11-31
mk	2026|11|32	2027-0-1
mk	2026|11|60	2027-0-29
mk	2026|12|-31	2026-10-30
mk	2026|12|0	2026-11-31
mk	2026|12|1	2027-0-1
mk	2026|12|28	2027-0-28
mk	2026|12|29	2027-0-29
mk	2026|12|30	2027-0-30
mk	2026|12|31	2027-0-31
mk	2026|12|32	2027-1-1
mk	2026|12|60	2027-2-1
mk	2026|25|-31	2027-11-31
mk	2026|25|0	2028-0-31
mk	2026|25|1	2028-1-1
mk	2026|25|28	2028-1-28
mk	2026|25|29	2028-1-29
mk	2026|25|30	2028-2-1
mk	2026|25|31	2028-2-2
mk	2026|25|32	2028-2-3
mk	2026|25|60	2028-2-31
mk	2024|-13|-31	2022-9-30
mk	2024|-13|0	2022-10-30
mk	2024|-13|1	2022-11-1
mk	2024|-13|28	2022-11-28
mk	2024|-13|29	2022-11-29
mk	2024|-13|30	2022-11-30
mk	2024|-13|31	2022-11-31
mk	2024|-13|32	2023-0-1
mk	2024|-13|60	2023-0-29
mk	2024|-1|-31	2023-9-30
mk	2024|-1|0	2023-10-30
mk	2024|-1|1	2023-11-1
mk	2024|-1|28	2023-11-28
mk	2024|-1|29	2023-11-29
mk	2024|-1|30	2023-11-30
mk	2024|-1|31	2023-11-31
mk	2024|-1|32	2024-0-1
mk	2024|-1|60	2024-0-29
mk	2024|0|-31	2023-10-30
mk	2024|0|0	2023-11-31
mk	2024|0|1	2024-0-1
mk	2024|0|28	2024-0-28
mk	2024|0|29	2024-0-29
mk	2024|0|30	2024-0-30
mk	2024|0|31	2024-0-31
mk	2024|0|32	2024-1-1
mk	2024|0|60	2024-1-29
mk	2024|1|-31	2023-11-31
mk	2024|1|0	2024-0-31
mk	2024|1|1	2024-1-1
mk	2024|1|28	2024-1-28
mk	2024|1|29	2024-1-29
mk	2024|1|30	2024-2-1
mk	2024|1|31	2024-2-2
mk	2024|1|32	2024-2-3
mk	2024|1|60	2024-2-31
mk	2024|11|-31	2024-9-30
mk	2024|11|0	2024-10-30
mk	2024|11|1	2024-11-1
mk	2024|11|28	2024-11-28
mk	2024|11|29	2024-11-29
mk	2024|11|30	2024-11-30
mk	2024|11|31	2024-11-31
mk	2024|11|32	2025-0-1
mk	2024|11|60	2025-0-29
mk	2024|12|-31	2024-10-30
mk	2024|12|0	2024-11-31
mk	2024|12|1	2025-0-1
mk	2024|12|28	2025-0-28
mk	2024|12|29	2025-0-29
mk	2024|12|30	2025-0-30
mk	2024|12|31	2025-0-31
mk	2024|12|32	2025-1-1
mk	2024|12|60	2025-2-1
mk	2024|25|-31	2025-11-31
mk	2024|25|0	2026-0-31
mk	2024|25|1	2026-1-1
mk	2024|25|28	2026-1-28
mk	2024|25|29	2026-2-1
mk	2024|25|30	2026-2-2
mk	2024|25|31	2026-2-3
mk	2024|25|32	2026-2-4
mk	2024|25|60	2026-3-1
range	2025|0|1|0	2025-0-1 2025-1-1
days	2025|0|1|0	31
shift	2025|0|1|-2|0	2024-10-1
shift	2025|0|1|-1|0	2024-11-1
shift	2025|0|1|0|0	2025-0-1
shift	2025|0|1|1|0	2025-1-1
shift	2025|0|1|2|0	2025-2-1
range	2025|0|1|1	2025-0-1 2025-1-1
days	2025|0|1|1	31
shift	2025|0|1|-2|1	2024-10-1
shift	2025|0|1|-1|1	2024-11-1
shift	2025|0|1|0|1	2025-0-1
shift	2025|0|1|1|1	2025-1-1
shift	2025|0|1|2|1	2025-2-1
range	2025|0|1|5	2024-11-5 2025-0-5
days	2025|0|1|5	31
shift	2025|0|1|-2|5	2024-9-5
shift	2025|0|1|-1|5	2024-10-5
shift	2025|0|1|0|5	2024-11-5
shift	2025|0|1|1|5	2025-0-5
shift	2025|0|1|2|5	2025-1-5
range	2025|0|1|15	2024-11-15 2025-0-15
days	2025|0|1|15	31
shift	2025|0|1|-2|15	2024-9-15
shift	2025|0|1|-1|15	2024-10-15
shift	2025|0|1|0|15	2024-11-15
shift	2025|0|1|1|15	2025-0-15
shift	2025|0|1|2|15	2025-1-15
range	2025|0|1|25	2024-11-25 2025-0-25
days	2025|0|1|25	31
shift	2025|0|1|-2|25	2024-9-25
shift	2025|0|1|-1|25	2024-10-25
shift	2025|0|1|0|25	2024-11-25
shift	2025|0|1|1|25	2025-0-25
shift	2025|0|1|2|25	2025-1-25
range	2025|0|1|28	2024-11-28 2025-0-28
days	2025|0|1|28	31
shift	2025|0|1|-2|28	2024-9-28
shift	2025|0|1|-1|28	2024-10-28
shift	2025|0|1|0|28	2024-11-28
shift	2025|0|1|1|28	2025-0-28
shift	2025|0|1|2|28	2025-1-28
range	2025|0|1|29	2024-11-29 2025-0-29
days	2025|0|1|29	31
shift	2025|0|1|-2|29	2024-9-29
shift	2025|0|1|-1|29	2024-10-29
shift	2025|0|1|0|29	2024-11-29
shift	2025|0|1|1|29	2025-0-29
shift	2025|0|1|2|29	2025-2-1
range	2025|0|1|30	2024-11-30 2025-0-30
days	2025|0|1|30	31
shift	2025|0|1|-2|30	2024-9-30
shift	2025|0|1|-1|30	2024-10-30
shift	2025|0|1|0|30	2024-11-30
shift	2025|0|1|1|30	2025-0-30
shift	2025|0|1|2|30	2025-2-2
range	2025|0|1|31	2024-11-31 2025-0-31
days	2025|0|1|31	31
shift	2025|0|1|-2|31	2024-9-31
shift	2025|0|1|-1|31	2024-11-1
shift	2025|0|1|0|31	2024-11-31
shift	2025|0|1|1|31	2025-0-31
shift	2025|0|1|2|31	2025-2-3
range	2025|0|5|0	2025-0-1 2025-1-1
days	2025|0|5|0	31
shift	2025|0|5|-2|0	2024-10-1
shift	2025|0|5|-1|0	2024-11-1
shift	2025|0|5|0|0	2025-0-1
shift	2025|0|5|1|0	2025-1-1
shift	2025|0|5|2|0	2025-2-1
range	2025|0|5|1	2025-0-1 2025-1-1
days	2025|0|5|1	31
shift	2025|0|5|-2|1	2024-10-1
shift	2025|0|5|-1|1	2024-11-1
shift	2025|0|5|0|1	2025-0-1
shift	2025|0|5|1|1	2025-1-1
shift	2025|0|5|2|1	2025-2-1
range	2025|0|5|5	2025-0-5 2025-1-5
days	2025|0|5|5	31
shift	2025|0|5|-2|5	2024-10-5
shift	2025|0|5|-1|5	2024-11-5
shift	2025|0|5|0|5	2025-0-5
shift	2025|0|5|1|5	2025-1-5
shift	2025|0|5|2|5	2025-2-5
range	2025|0|5|15	2024-11-15 2025-0-15
days	2025|0|5|15	31
shift	2025|0|5|-2|15	2024-9-15
shift	2025|0|5|-1|15	2024-10-15
shift	2025|0|5|0|15	2024-11-15
shift	2025|0|5|1|15	2025-0-15
shift	2025|0|5|2|15	2025-1-15
range	2025|0|5|25	2024-11-25 2025-0-25
days	2025|0|5|25	31
shift	2025|0|5|-2|25	2024-9-25
shift	2025|0|5|-1|25	2024-10-25
shift	2025|0|5|0|25	2024-11-25
shift	2025|0|5|1|25	2025-0-25
shift	2025|0|5|2|25	2025-1-25
range	2025|0|5|28	2024-11-28 2025-0-28
days	2025|0|5|28	31
shift	2025|0|5|-2|28	2024-9-28
shift	2025|0|5|-1|28	2024-10-28
shift	2025|0|5|0|28	2024-11-28
shift	2025|0|5|1|28	2025-0-28
shift	2025|0|5|2|28	2025-1-28
range	2025|0|5|29	2024-11-29 2025-0-29
days	2025|0|5|29	31
shift	2025|0|5|-2|29	2024-9-29
shift	2025|0|5|-1|29	2024-10-29
shift	2025|0|5|0|29	2024-11-29
shift	2025|0|5|1|29	2025-0-29
shift	2025|0|5|2|29	2025-2-1
range	2025|0|5|30	2024-11-30 2025-0-30
days	2025|0|5|30	31
shift	2025|0|5|-2|30	2024-9-30
shift	2025|0|5|-1|30	2024-10-30
shift	2025|0|5|0|30	2024-11-30
shift	2025|0|5|1|30	2025-0-30
shift	2025|0|5|2|30	2025-2-2
range	2025|0|5|31	2024-11-31 2025-0-31
days	2025|0|5|31	31
shift	2025|0|5|-2|31	2024-9-31
shift	2025|0|5|-1|31	2024-11-1
shift	2025|0|5|0|31	2024-11-31
shift	2025|0|5|1|31	2025-0-31
shift	2025|0|5|2|31	2025-2-3
range	2025|0|15|0	2025-0-1 2025-1-1
days	2025|0|15|0	31
shift	2025|0|15|-2|0	2024-10-1
shift	2025|0|15|-1|0	2024-11-1
shift	2025|0|15|0|0	2025-0-1
shift	2025|0|15|1|0	2025-1-1
shift	2025|0|15|2|0	2025-2-1
range	2025|0|15|1	2025-0-1 2025-1-1
days	2025|0|15|1	31
shift	2025|0|15|-2|1	2024-10-1
shift	2025|0|15|-1|1	2024-11-1
shift	2025|0|15|0|1	2025-0-1
shift	2025|0|15|1|1	2025-1-1
shift	2025|0|15|2|1	2025-2-1
range	2025|0|15|5	2025-0-5 2025-1-5
days	2025|0|15|5	31
shift	2025|0|15|-2|5	2024-10-5
shift	2025|0|15|-1|5	2024-11-5
shift	2025|0|15|0|5	2025-0-5
shift	2025|0|15|1|5	2025-1-5
shift	2025|0|15|2|5	2025-2-5
range	2025|0|15|15	2025-0-15 2025-1-15
days	2025|0|15|15	31
shift	2025|0|15|-2|15	2024-10-15
shift	2025|0|15|-1|15	2024-11-15
shift	2025|0|15|0|15	2025-0-15
shift	2025|0|15|1|15	2025-1-15
shift	2025|0|15|2|15	2025-2-15
range	2025|0|15|25	2024-11-25 2025-0-25
days	2025|0|15|25	31
shift	2025|0|15|-2|25	2024-9-25
shift	2025|0|15|-1|25	2024-10-25
shift	2025|0|15|0|25	2024-11-25
shift	2025|0|15|1|25	2025-0-25
shift	2025|0|15|2|25	2025-1-25
range	2025|0|15|28	2024-11-28 2025-0-28
days	2025|0|15|28	31
shift	2025|0|15|-2|28	2024-9-28
shift	2025|0|15|-1|28	2024-10-28
shift	2025|0|15|0|28	2024-11-28
shift	2025|0|15|1|28	2025-0-28
shift	2025|0|15|2|28	2025-1-28
range	2025|0|15|29	2024-11-29 2025-0-29
days	2025|0|15|29	31
shift	2025|0|15|-2|29	2024-9-29
shift	2025|0|15|-1|29	2024-10-29
shift	2025|0|15|0|29	2024-11-29
shift	2025|0|15|1|29	2025-0-29
shift	2025|0|15|2|29	2025-2-1
range	2025|0|15|30	2024-11-30 2025-0-30
days	2025|0|15|30	31
shift	2025|0|15|-2|30	2024-9-30
shift	2025|0|15|-1|30	2024-10-30
shift	2025|0|15|0|30	2024-11-30
shift	2025|0|15|1|30	2025-0-30
shift	2025|0|15|2|30	2025-2-2
range	2025|0|15|31	2024-11-31 2025-0-31
days	2025|0|15|31	31
shift	2025|0|15|-2|31	2024-9-31
shift	2025|0|15|-1|31	2024-11-1
shift	2025|0|15|0|31	2024-11-31
shift	2025|0|15|1|31	2025-0-31
shift	2025|0|15|2|31	2025-2-3
range	2025|0|24|0	2025-0-1 2025-1-1
days	2025|0|24|0	31
shift	2025|0|24|-2|0	2024-10-1
shift	2025|0|24|-1|0	2024-11-1
shift	2025|0|24|0|0	2025-0-1
shift	2025|0|24|1|0	2025-1-1
shift	2025|0|24|2|0	2025-2-1
range	2025|0|24|1	2025-0-1 2025-1-1
days	2025|0|24|1	31
shift	2025|0|24|-2|1	2024-10-1
shift	2025|0|24|-1|1	2024-11-1
shift	2025|0|24|0|1	2025-0-1
shift	2025|0|24|1|1	2025-1-1
shift	2025|0|24|2|1	2025-2-1
range	2025|0|24|5	2025-0-5 2025-1-5
days	2025|0|24|5	31
shift	2025|0|24|-2|5	2024-10-5
shift	2025|0|24|-1|5	2024-11-5
shift	2025|0|24|0|5	2025-0-5
shift	2025|0|24|1|5	2025-1-5
shift	2025|0|24|2|5	2025-2-5
range	2025|0|24|15	2025-0-15 2025-1-15
days	2025|0|24|15	31
shift	2025|0|24|-2|15	2024-10-15
shift	2025|0|24|-1|15	2024-11-15
shift	2025|0|24|0|15	2025-0-15
shift	2025|0|24|1|15	2025-1-15
shift	2025|0|24|2|15	2025-2-15
range	2025|0|24|25	2024-11-25 2025-0-25
days	2025|0|24|25	31
shift	2025|0|24|-2|25	2024-9-25
shift	2025|0|24|-1|25	2024-10-25
shift	2025|0|24|0|25	2024-11-25
shift	2025|0|24|1|25	2025-0-25
shift	2025|0|24|2|25	2025-1-25
range	2025|0|24|28	2024-11-28 2025-0-28
days	2025|0|24|28	31
shift	2025|0|24|-2|28	2024-9-28
shift	2025|0|24|-1|28	2024-10-28
shift	2025|0|24|0|28	2024-11-28
shift	2025|0|24|1|28	2025-0-28
shift	2025|0|24|2|28	2025-1-28
range	2025|0|24|29	2024-11-29 2025-0-29
days	2025|0|24|29	31
shift	2025|0|24|-2|29	2024-9-29
shift	2025|0|24|-1|29	2024-10-29
shift	2025|0|24|0|29	2024-11-29
shift	2025|0|24|1|29	2025-0-29
shift	2025|0|24|2|29	2025-2-1
range	2025|0|24|30	2024-11-30 2025-0-30
days	2025|0|24|30	31
shift	2025|0|24|-2|30	2024-9-30
shift	2025|0|24|-1|30	2024-10-30
shift	2025|0|24|0|30	2024-11-30
shift	2025|0|24|1|30	2025-0-30
shift	2025|0|24|2|30	2025-2-2
range	2025|0|24|31	2024-11-31 2025-0-31
days	2025|0|24|31	31
shift	2025|0|24|-2|31	2024-9-31
shift	2025|0|24|-1|31	2024-11-1
shift	2025|0|24|0|31	2024-11-31
shift	2025|0|24|1|31	2025-0-31
shift	2025|0|24|2|31	2025-2-3
range	2025|0|25|0	2025-0-1 2025-1-1
days	2025|0|25|0	31
shift	2025|0|25|-2|0	2024-10-1
shift	2025|0|25|-1|0	2024-11-1
shift	2025|0|25|0|0	2025-0-1
shift	2025|0|25|1|0	2025-1-1
shift	2025|0|25|2|0	2025-2-1
range	2025|0|25|1	2025-0-1 2025-1-1
days	2025|0|25|1	31
shift	2025|0|25|-2|1	2024-10-1
shift	2025|0|25|-1|1	2024-11-1
shift	2025|0|25|0|1	2025-0-1
shift	2025|0|25|1|1	2025-1-1
shift	2025|0|25|2|1	2025-2-1
range	2025|0|25|5	2025-0-5 2025-1-5
days	2025|0|25|5	31
shift	2025|0|25|-2|5	2024-10-5
shift	2025|0|25|-1|5	2024-11-5
shift	2025|0|25|0|5	2025-0-5
shift	2025|0|25|1|5	2025-1-5
shift	2025|0|25|2|5	2025-2-5
range	2025|0|25|15	2025-0-15 2025-1-15
days	2025|0|25|15	31
shift	2025|0|25|-2|15	2024-10-15
shift	2025|0|25|-1|15	2024-11-15
shift	2025|0|25|0|15	2025-0-15
shift	2025|0|25|1|15	2025-1-15
shift	2025|0|25|2|15	2025-2-15
range	2025|0|25|25	2025-0-25 2025-1-25
days	2025|0|25|25	31
shift	2025|0|25|-2|25	2024-10-25
shift	2025|0|25|-1|25	2024-11-25
shift	2025|0|25|0|25	2025-0-25
shift	2025|0|25|1|25	2025-1-25
shift	2025|0|25|2|25	2025-2-25
range	2025|0|25|28	2024-11-28 2025-0-28
days	2025|0|25|28	31
shift	2025|0|25|-2|28	2024-9-28
shift	2025|0|25|-1|28	2024-10-28
shift	2025|0|25|0|28	2024-11-28
shift	2025|0|25|1|28	2025-0-28
shift	2025|0|25|2|28	2025-1-28
range	2025|0|25|29	2024-11-29 2025-0-29
days	2025|0|25|29	31
shift	2025|0|25|-2|29	2024-9-29
shift	2025|0|25|-1|29	2024-10-29
shift	2025|0|25|0|29	2024-11-29
shift	2025|0|25|1|29	2025-0-29
shift	2025|0|25|2|29	2025-2-1
range	2025|0|25|30	2024-11-30 2025-0-30
days	2025|0|25|30	31
shift	2025|0|25|-2|30	2024-9-30
shift	2025|0|25|-1|30	2024-10-30
shift	2025|0|25|0|30	2024-11-30
shift	2025|0|25|1|30	2025-0-30
shift	2025|0|25|2|30	2025-2-2
range	2025|0|25|31	2024-11-31 2025-0-31
days	2025|0|25|31	31
shift	2025|0|25|-2|31	2024-9-31
shift	2025|0|25|-1|31	2024-11-1
shift	2025|0|25|0|31	2024-11-31
shift	2025|0|25|1|31	2025-0-31
shift	2025|0|25|2|31	2025-2-3
range	2025|0|26|0	2025-0-1 2025-1-1
days	2025|0|26|0	31
shift	2025|0|26|-2|0	2024-10-1
shift	2025|0|26|-1|0	2024-11-1
shift	2025|0|26|0|0	2025-0-1
shift	2025|0|26|1|0	2025-1-1
shift	2025|0|26|2|0	2025-2-1
range	2025|0|26|1	2025-0-1 2025-1-1
days	2025|0|26|1	31
shift	2025|0|26|-2|1	2024-10-1
shift	2025|0|26|-1|1	2024-11-1
shift	2025|0|26|0|1	2025-0-1
shift	2025|0|26|1|1	2025-1-1
shift	2025|0|26|2|1	2025-2-1
range	2025|0|26|5	2025-0-5 2025-1-5
days	2025|0|26|5	31
shift	2025|0|26|-2|5	2024-10-5
shift	2025|0|26|-1|5	2024-11-5
shift	2025|0|26|0|5	2025-0-5
shift	2025|0|26|1|5	2025-1-5
shift	2025|0|26|2|5	2025-2-5
range	2025|0|26|15	2025-0-15 2025-1-15
days	2025|0|26|15	31
shift	2025|0|26|-2|15	2024-10-15
shift	2025|0|26|-1|15	2024-11-15
shift	2025|0|26|0|15	2025-0-15
shift	2025|0|26|1|15	2025-1-15
shift	2025|0|26|2|15	2025-2-15
range	2025|0|26|25	2025-0-25 2025-1-25
days	2025|0|26|25	31
shift	2025|0|26|-2|25	2024-10-25
shift	2025|0|26|-1|25	2024-11-25
shift	2025|0|26|0|25	2025-0-25
shift	2025|0|26|1|25	2025-1-25
shift	2025|0|26|2|25	2025-2-25
range	2025|0|26|28	2024-11-28 2025-0-28
days	2025|0|26|28	31
shift	2025|0|26|-2|28	2024-9-28
shift	2025|0|26|-1|28	2024-10-28
shift	2025|0|26|0|28	2024-11-28
shift	2025|0|26|1|28	2025-0-28
shift	2025|0|26|2|28	2025-1-28
range	2025|0|26|29	2024-11-29 2025-0-29
days	2025|0|26|29	31
shift	2025|0|26|-2|29	2024-9-29
shift	2025|0|26|-1|29	2024-10-29
shift	2025|0|26|0|29	2024-11-29
shift	2025|0|26|1|29	2025-0-29
shift	2025|0|26|2|29	2025-2-1
range	2025|0|26|30	2024-11-30 2025-0-30
days	2025|0|26|30	31
shift	2025|0|26|-2|30	2024-9-30
shift	2025|0|26|-1|30	2024-10-30
shift	2025|0|26|0|30	2024-11-30
shift	2025|0|26|1|30	2025-0-30
shift	2025|0|26|2|30	2025-2-2
range	2025|0|26|31	2024-11-31 2025-0-31
days	2025|0|26|31	31
shift	2025|0|26|-2|31	2024-9-31
shift	2025|0|26|-1|31	2024-11-1
shift	2025|0|26|0|31	2024-11-31
shift	2025|0|26|1|31	2025-0-31
shift	2025|0|26|2|31	2025-2-3
range	2025|0|28|0	2025-0-1 2025-1-1
days	2025|0|28|0	31
shift	2025|0|28|-2|0	2024-10-1
shift	2025|0|28|-1|0	2024-11-1
shift	2025|0|28|0|0	2025-0-1
shift	2025|0|28|1|0	2025-1-1
shift	2025|0|28|2|0	2025-2-1
range	2025|0|28|1	2025-0-1 2025-1-1
days	2025|0|28|1	31
shift	2025|0|28|-2|1	2024-10-1
shift	2025|0|28|-1|1	2024-11-1
shift	2025|0|28|0|1	2025-0-1
shift	2025|0|28|1|1	2025-1-1
shift	2025|0|28|2|1	2025-2-1
range	2025|0|28|5	2025-0-5 2025-1-5
days	2025|0|28|5	31
shift	2025|0|28|-2|5	2024-10-5
shift	2025|0|28|-1|5	2024-11-5
shift	2025|0|28|0|5	2025-0-5
shift	2025|0|28|1|5	2025-1-5
shift	2025|0|28|2|5	2025-2-5
range	2025|0|28|15	2025-0-15 2025-1-15
days	2025|0|28|15	31
shift	2025|0|28|-2|15	2024-10-15
shift	2025|0|28|-1|15	2024-11-15
shift	2025|0|28|0|15	2025-0-15
shift	2025|0|28|1|15	2025-1-15
shift	2025|0|28|2|15	2025-2-15
range	2025|0|28|25	2025-0-25 2025-1-25
days	2025|0|28|25	31
shift	2025|0|28|-2|25	2024-10-25
shift	2025|0|28|-1|25	2024-11-25
shift	2025|0|28|0|25	2025-0-25
shift	2025|0|28|1|25	2025-1-25
shift	2025|0|28|2|25	2025-2-25
range	2025|0|28|28	2025-0-28 2025-1-28
days	2025|0|28|28	31
shift	2025|0|28|-2|28	2024-10-28
shift	2025|0|28|-1|28	2024-11-28
shift	2025|0|28|0|28	2025-0-28
shift	2025|0|28|1|28	2025-1-28
shift	2025|0|28|2|28	2025-2-28
range	2025|0|28|29	2024-11-29 2025-0-29
days	2025|0|28|29	31
shift	2025|0|28|-2|29	2024-9-29
shift	2025|0|28|-1|29	2024-10-29
shift	2025|0|28|0|29	2024-11-29
shift	2025|0|28|1|29	2025-0-29
shift	2025|0|28|2|29	2025-2-1
range	2025|0|28|30	2024-11-30 2025-0-30
days	2025|0|28|30	31
shift	2025|0|28|-2|30	2024-9-30
shift	2025|0|28|-1|30	2024-10-30
shift	2025|0|28|0|30	2024-11-30
shift	2025|0|28|1|30	2025-0-30
shift	2025|0|28|2|30	2025-2-2
range	2025|0|28|31	2024-11-31 2025-0-31
days	2025|0|28|31	31
shift	2025|0|28|-2|31	2024-9-31
shift	2025|0|28|-1|31	2024-11-1
shift	2025|0|28|0|31	2024-11-31
shift	2025|0|28|1|31	2025-0-31
shift	2025|0|28|2|31	2025-2-3
range	2025|0|31|0	2025-0-1 2025-1-1
days	2025|0|31|0	31
shift	2025|0|31|-2|0	2024-10-1
shift	2025|0|31|-1|0	2024-11-1
shift	2025|0|31|0|0	2025-0-1
shift	2025|0|31|1|0	2025-1-1
shift	2025|0|31|2|0	2025-2-1
range	2025|0|31|1	2025-0-1 2025-1-1
days	2025|0|31|1	31
shift	2025|0|31|-2|1	2024-10-1
shift	2025|0|31|-1|1	2024-11-1
shift	2025|0|31|0|1	2025-0-1
shift	2025|0|31|1|1	2025-1-1
shift	2025|0|31|2|1	2025-2-1
range	2025|0|31|5	2025-0-5 2025-1-5
days	2025|0|31|5	31
shift	2025|0|31|-2|5	2024-10-5
shift	2025|0|31|-1|5	2024-11-5
shift	2025|0|31|0|5	2025-0-5
shift	2025|0|31|1|5	2025-1-5
shift	2025|0|31|2|5	2025-2-5
range	2025|0|31|15	2025-0-15 2025-1-15
days	2025|0|31|15	31
shift	2025|0|31|-2|15	2024-10-15
shift	2025|0|31|-1|15	2024-11-15
shift	2025|0|31|0|15	2025-0-15
shift	2025|0|31|1|15	2025-1-15
shift	2025|0|31|2|15	2025-2-15
range	2025|0|31|25	2025-0-25 2025-1-25
days	2025|0|31|25	31
shift	2025|0|31|-2|25	2024-10-25
shift	2025|0|31|-1|25	2024-11-25
shift	2025|0|31|0|25	2025-0-25
shift	2025|0|31|1|25	2025-1-25
shift	2025|0|31|2|25	2025-2-25
range	2025|0|31|28	2025-0-28 2025-1-28
days	2025|0|31|28	31
shift	2025|0|31|-2|28	2024-10-28
shift	2025|0|31|-1|28	2024-11-28
shift	2025|0|31|0|28	2025-0-28
shift	2025|0|31|1|28	2025-1-28
shift	2025|0|31|2|28	2025-2-28
range	2025|0|31|29	2025-0-29 2025-2-1
days	2025|0|31|29	31
shift	2025|0|31|-2|29	2024-10-29
shift	2025|0|31|-1|29	2024-11-29
shift	2025|0|31|0|29	2025-0-29
shift	2025|0|31|1|29	2025-2-1
shift	2025|0|31|2|29	2025-2-29
range	2025|0|31|30	2025-0-30 2025-2-2
days	2025|0|31|30	31
shift	2025|0|31|-2|30	2024-10-30
shift	2025|0|31|-1|30	2024-11-30
shift	2025|0|31|0|30	2025-0-30
shift	2025|0|31|1|30	2025-2-2
shift	2025|0|31|2|30	2025-2-30
range	2025|0|31|31	2025-0-31 2025-2-3
days	2025|0|31|31	31
shift	2025|0|31|-2|31	2024-11-1
shift	2025|0|31|-1|31	2024-11-31
shift	2025|0|31|0|31	2025-0-31
shift	2025|0|31|1|31	2025-2-3
shift	2025|0|31|2|31	2025-2-31
range	2025|1|1|0	2025-1-1 2025-2-1
days	2025|1|1|0	28
shift	2025|1|1|-2|0	2024-11-1
shift	2025|1|1|-1|0	2025-0-1
shift	2025|1|1|0|0	2025-1-1
shift	2025|1|1|1|0	2025-2-1
shift	2025|1|1|2|0	2025-3-1
range	2025|1|1|1	2025-1-1 2025-2-1
days	2025|1|1|1	28
shift	2025|1|1|-2|1	2024-11-1
shift	2025|1|1|-1|1	2025-0-1
shift	2025|1|1|0|1	2025-1-1
shift	2025|1|1|1|1	2025-2-1
shift	2025|1|1|2|1	2025-3-1
range	2025|1|1|5	2025-0-5 2025-1-5
days	2025|1|1|5	31
shift	2025|1|1|-2|5	2024-10-5
shift	2025|1|1|-1|5	2024-11-5
shift	2025|1|1|0|5	2025-0-5
shift	2025|1|1|1|5	2025-1-5
shift	2025|1|1|2|5	2025-2-5
range	2025|1|1|15	2025-0-15 2025-1-15
days	2025|1|1|15	31
shift	2025|1|1|-2|15	2024-10-15
shift	2025|1|1|-1|15	2024-11-15
shift	2025|1|1|0|15	2025-0-15
shift	2025|1|1|1|15	2025-1-15
shift	2025|1|1|2|15	2025-2-15
range	2025|1|1|25	2025-0-25 2025-1-25
days	2025|1|1|25	31
shift	2025|1|1|-2|25	2024-10-25
shift	2025|1|1|-1|25	2024-11-25
shift	2025|1|1|0|25	2025-0-25
shift	2025|1|1|1|25	2025-1-25
shift	2025|1|1|2|25	2025-2-25
range	2025|1|1|28	2025-0-28 2025-1-28
days	2025|1|1|28	31
shift	2025|1|1|-2|28	2024-10-28
shift	2025|1|1|-1|28	2024-11-28
shift	2025|1|1|0|28	2025-0-28
shift	2025|1|1|1|28	2025-1-28
shift	2025|1|1|2|28	2025-2-28
range	2025|1|1|29	2025-0-29 2025-2-1
days	2025|1|1|29	31
shift	2025|1|1|-2|29	2024-10-29
shift	2025|1|1|-1|29	2024-11-29
shift	2025|1|1|0|29	2025-0-29
shift	2025|1|1|1|29	2025-2-1
shift	2025|1|1|2|29	2025-2-29
range	2025|1|1|30	2025-0-30 2025-2-2
days	2025|1|1|30	31
shift	2025|1|1|-2|30	2024-10-30
shift	2025|1|1|-1|30	2024-11-30
shift	2025|1|1|0|30	2025-0-30
shift	2025|1|1|1|30	2025-2-2
shift	2025|1|1|2|30	2025-2-30
range	2025|1|1|31	2025-0-31 2025-2-3
days	2025|1|1|31	31
shift	2025|1|1|-2|31	2024-11-1
shift	2025|1|1|-1|31	2024-11-31
shift	2025|1|1|0|31	2025-0-31
shift	2025|1|1|1|31	2025-2-3
shift	2025|1|1|2|31	2025-2-31
range	2025|1|5|0	2025-1-1 2025-2-1
days	2025|1|5|0	28
shift	2025|1|5|-2|0	2024-11-1
shift	2025|1|5|-1|0	2025-0-1
shift	2025|1|5|0|0	2025-1-1
shift	2025|1|5|1|0	2025-2-1
shift	2025|1|5|2|0	2025-3-1
range	2025|1|5|1	2025-1-1 2025-2-1
days	2025|1|5|1	28
shift	2025|1|5|-2|1	2024-11-1
shift	2025|1|5|-1|1	2025-0-1
shift	2025|1|5|0|1	2025-1-1
shift	2025|1|5|1|1	2025-2-1
shift	2025|1|5|2|1	2025-3-1
range	2025|1|5|5	2025-1-5 2025-2-5
days	2025|1|5|5	28
shift	2025|1|5|-2|5	2024-11-5
shift	2025|1|5|-1|5	2025-0-5
shift	2025|1|5|0|5	2025-1-5
shift	2025|1|5|1|5	2025-2-5
shift	2025|1|5|2|5	2025-3-5
range	2025|1|5|15	2025-0-15 2025-1-15
days	2025|1|5|15	31
shift	2025|1|5|-2|15	2024-10-15
shift	2025|1|5|-1|15	2024-11-15
shift	2025|1|5|0|15	2025-0-15
shift	2025|1|5|1|15	2025-1-15
shift	2025|1|5|2|15	2025-2-15
range	2025|1|5|25	2025-0-25 2025-1-25
days	2025|1|5|25	31
shift	2025|1|5|-2|25	2024-10-25
shift	2025|1|5|-1|25	2024-11-25
shift	2025|1|5|0|25	2025-0-25
shift	2025|1|5|1|25	2025-1-25
shift	2025|1|5|2|25	2025-2-25
range	2025|1|5|28	2025-0-28 2025-1-28
days	2025|1|5|28	31
shift	2025|1|5|-2|28	2024-10-28
shift	2025|1|5|-1|28	2024-11-28
shift	2025|1|5|0|28	2025-0-28
shift	2025|1|5|1|28	2025-1-28
shift	2025|1|5|2|28	2025-2-28
range	2025|1|5|29	2025-0-29 2025-2-1
days	2025|1|5|29	31
shift	2025|1|5|-2|29	2024-10-29
shift	2025|1|5|-1|29	2024-11-29
shift	2025|1|5|0|29	2025-0-29
shift	2025|1|5|1|29	2025-2-1
shift	2025|1|5|2|29	2025-2-29
range	2025|1|5|30	2025-0-30 2025-2-2
days	2025|1|5|30	31
shift	2025|1|5|-2|30	2024-10-30
shift	2025|1|5|-1|30	2024-11-30
shift	2025|1|5|0|30	2025-0-30
shift	2025|1|5|1|30	2025-2-2
shift	2025|1|5|2|30	2025-2-30
range	2025|1|5|31	2025-0-31 2025-2-3
days	2025|1|5|31	31
shift	2025|1|5|-2|31	2024-11-1
shift	2025|1|5|-1|31	2024-11-31
shift	2025|1|5|0|31	2025-0-31
shift	2025|1|5|1|31	2025-2-3
shift	2025|1|5|2|31	2025-2-31
range	2025|1|15|0	2025-1-1 2025-2-1
days	2025|1|15|0	28
shift	2025|1|15|-2|0	2024-11-1
shift	2025|1|15|-1|0	2025-0-1
shift	2025|1|15|0|0	2025-1-1
shift	2025|1|15|1|0	2025-2-1
shift	2025|1|15|2|0	2025-3-1
range	2025|1|15|1	2025-1-1 2025-2-1
days	2025|1|15|1	28
shift	2025|1|15|-2|1	2024-11-1
shift	2025|1|15|-1|1	2025-0-1
shift	2025|1|15|0|1	2025-1-1
shift	2025|1|15|1|1	2025-2-1
shift	2025|1|15|2|1	2025-3-1
range	2025|1|15|5	2025-1-5 2025-2-5
days	2025|1|15|5	28
shift	2025|1|15|-2|5	2024-11-5
shift	2025|1|15|-1|5	2025-0-5
shift	2025|1|15|0|5	2025-1-5
shift	2025|1|15|1|5	2025-2-5
shift	2025|1|15|2|5	2025-3-5
range	2025|1|15|15	2025-1-15 2025-2-15
days	2025|1|15|15	28
shift	2025|1|15|-2|15	2024-11-15
shift	2025|1|15|-1|15	2025-0-15
shift	2025|1|15|0|15	2025-1-15
shift	2025|1|15|1|15	2025-2-15
shift	2025|1|15|2|15	2025-3-15
range	2025|1|15|25	2025-0-25 2025-1-25
days	2025|1|15|25	31
shift	2025|1|15|-2|25	2024-10-25
shift	2025|1|15|-1|25	2024-11-25
shift	2025|1|15|0|25	2025-0-25
shift	2025|1|15|1|25	2025-1-25
shift	2025|1|15|2|25	2025-2-25
range	2025|1|15|28	2025-0-28 2025-1-28
days	2025|1|15|28	31
shift	2025|1|15|-2|28	2024-10-28
shift	2025|1|15|-1|28	2024-11-28
shift	2025|1|15|0|28	2025-0-28
shift	2025|1|15|1|28	2025-1-28
shift	2025|1|15|2|28	2025-2-28
range	2025|1|15|29	2025-0-29 2025-2-1
days	2025|1|15|29	31
shift	2025|1|15|-2|29	2024-10-29
shift	2025|1|15|-1|29	2024-11-29
shift	2025|1|15|0|29	2025-0-29
shift	2025|1|15|1|29	2025-2-1
shift	2025|1|15|2|29	2025-2-29
range	2025|1|15|30	2025-0-30 2025-2-2
days	2025|1|15|30	31
shift	2025|1|15|-2|30	2024-10-30
shift	2025|1|15|-1|30	2024-11-30
shift	2025|1|15|0|30	2025-0-30
shift	2025|1|15|1|30	2025-2-2
shift	2025|1|15|2|30	2025-2-30
range	2025|1|15|31	2025-0-31 2025-2-3
days	2025|1|15|31	31
shift	2025|1|15|-2|31	2024-11-1
shift	2025|1|15|-1|31	2024-11-31
shift	2025|1|15|0|31	2025-0-31
shift	2025|1|15|1|31	2025-2-3
shift	2025|1|15|2|31	2025-2-31
range	2025|1|24|0	2025-1-1 2025-2-1
days	2025|1|24|0	28
shift	2025|1|24|-2|0	2024-11-1
shift	2025|1|24|-1|0	2025-0-1
shift	2025|1|24|0|0	2025-1-1
shift	2025|1|24|1|0	2025-2-1
shift	2025|1|24|2|0	2025-3-1
range	2025|1|24|1	2025-1-1 2025-2-1
days	2025|1|24|1	28
shift	2025|1|24|-2|1	2024-11-1
shift	2025|1|24|-1|1	2025-0-1
shift	2025|1|24|0|1	2025-1-1
shift	2025|1|24|1|1	2025-2-1
shift	2025|1|24|2|1	2025-3-1
range	2025|1|24|5	2025-1-5 2025-2-5
days	2025|1|24|5	28
shift	2025|1|24|-2|5	2024-11-5
shift	2025|1|24|-1|5	2025-0-5
shift	2025|1|24|0|5	2025-1-5
shift	2025|1|24|1|5	2025-2-5
shift	2025|1|24|2|5	2025-3-5
range	2025|1|24|15	2025-1-15 2025-2-15
days	2025|1|24|15	28
shift	2025|1|24|-2|15	2024-11-15
shift	2025|1|24|-1|15	2025-0-15
shift	2025|1|24|0|15	2025-1-15
shift	2025|1|24|1|15	2025-2-15
shift	2025|1|24|2|15	2025-3-15
range	2025|1|24|25	2025-0-25 2025-1-25
days	2025|1|24|25	31
shift	2025|1|24|-2|25	2024-10-25
shift	2025|1|24|-1|25	2024-11-25
shift	2025|1|24|0|25	2025-0-25
shift	2025|1|24|1|25	2025-1-25
shift	2025|1|24|2|25	2025-2-25
range	2025|1|24|28	2025-0-28 2025-1-28
days	2025|1|24|28	31
shift	2025|1|24|-2|28	2024-10-28
shift	2025|1|24|-1|28	2024-11-28
shift	2025|1|24|0|28	2025-0-28
shift	2025|1|24|1|28	2025-1-28
shift	2025|1|24|2|28	2025-2-28
range	2025|1|24|29	2025-0-29 2025-2-1
days	2025|1|24|29	31
shift	2025|1|24|-2|29	2024-10-29
shift	2025|1|24|-1|29	2024-11-29
shift	2025|1|24|0|29	2025-0-29
shift	2025|1|24|1|29	2025-2-1
shift	2025|1|24|2|29	2025-2-29
range	2025|1|24|30	2025-0-30 2025-2-2
days	2025|1|24|30	31
shift	2025|1|24|-2|30	2024-10-30
shift	2025|1|24|-1|30	2024-11-30
shift	2025|1|24|0|30	2025-0-30
shift	2025|1|24|1|30	2025-2-2
shift	2025|1|24|2|30	2025-2-30
range	2025|1|24|31	2025-0-31 2025-2-3
days	2025|1|24|31	31
shift	2025|1|24|-2|31	2024-11-1
shift	2025|1|24|-1|31	2024-11-31
shift	2025|1|24|0|31	2025-0-31
shift	2025|1|24|1|31	2025-2-3
shift	2025|1|24|2|31	2025-2-31
range	2025|1|25|0	2025-1-1 2025-2-1
days	2025|1|25|0	28
shift	2025|1|25|-2|0	2024-11-1
shift	2025|1|25|-1|0	2025-0-1
shift	2025|1|25|0|0	2025-1-1
shift	2025|1|25|1|0	2025-2-1
shift	2025|1|25|2|0	2025-3-1
range	2025|1|25|1	2025-1-1 2025-2-1
days	2025|1|25|1	28
shift	2025|1|25|-2|1	2024-11-1
shift	2025|1|25|-1|1	2025-0-1
shift	2025|1|25|0|1	2025-1-1
shift	2025|1|25|1|1	2025-2-1
shift	2025|1|25|2|1	2025-3-1
range	2025|1|25|5	2025-1-5 2025-2-5
days	2025|1|25|5	28
shift	2025|1|25|-2|5	2024-11-5
shift	2025|1|25|-1|5	2025-0-5
shift	2025|1|25|0|5	2025-1-5
shift	2025|1|25|1|5	2025-2-5
shift	2025|1|25|2|5	2025-3-5
range	2025|1|25|15	2025-1-15 2025-2-15
days	2025|1|25|15	28
shift	2025|1|25|-2|15	2024-11-15
shift	2025|1|25|-1|15	2025-0-15
shift	2025|1|25|0|15	2025-1-15
shift	2025|1|25|1|15	2025-2-15
shift	2025|1|25|2|15	2025-3-15
range	2025|1|25|25	2025-1-25 2025-2-25
days	2025|1|25|25	28
shift	2025|1|25|-2|25	2024-11-25
shift	2025|1|25|-1|25	2025-0-25
shift	2025|1|25|0|25	2025-1-25
shift	2025|1|25|1|25	2025-2-25
shift	2025|1|25|2|25	2025-3-25
range	2025|1|25|28	2025-0-28 2025-1-28
days	2025|1|25|28	31
shift	2025|1|25|-2|28	2024-10-28
shift	2025|1|25|-1|28	2024-11-28
shift	2025|1|25|0|28	2025-0-28
shift	2025|1|25|1|28	2025-1-28
shift	2025|1|25|2|28	2025-2-28
range	2025|1|25|29	2025-0-29 2025-2-1
days	2025|1|25|29	31
shift	2025|1|25|-2|29	2024-10-29
shift	2025|1|25|-1|29	2024-11-29
shift	2025|1|25|0|29	2025-0-29
shift	2025|1|25|1|29	2025-2-1
shift	2025|1|25|2|29	2025-2-29
range	2025|1|25|30	2025-0-30 2025-2-2
days	2025|1|25|30	31
shift	2025|1|25|-2|30	2024-10-30
shift	2025|1|25|-1|30	2024-11-30
shift	2025|1|25|0|30	2025-0-30
shift	2025|1|25|1|30	2025-2-2
shift	2025|1|25|2|30	2025-2-30
range	2025|1|25|31	2025-0-31 2025-2-3
days	2025|1|25|31	31
shift	2025|1|25|-2|31	2024-11-1
shift	2025|1|25|-1|31	2024-11-31
shift	2025|1|25|0|31	2025-0-31
shift	2025|1|25|1|31	2025-2-3
shift	2025|1|25|2|31	2025-2-31
range	2025|1|26|0	2025-1-1 2025-2-1
days	2025|1|26|0	28
shift	2025|1|26|-2|0	2024-11-1
shift	2025|1|26|-1|0	2025-0-1
shift	2025|1|26|0|0	2025-1-1
shift	2025|1|26|1|0	2025-2-1
shift	2025|1|26|2|0	2025-3-1
range	2025|1|26|1	2025-1-1 2025-2-1
days	2025|1|26|1	28
shift	2025|1|26|-2|1	2024-11-1
shift	2025|1|26|-1|1	2025-0-1
shift	2025|1|26|0|1	2025-1-1
shift	2025|1|26|1|1	2025-2-1
shift	2025|1|26|2|1	2025-3-1
range	2025|1|26|5	2025-1-5 2025-2-5
days	2025|1|26|5	28
shift	2025|1|26|-2|5	2024-11-5
shift	2025|1|26|-1|5	2025-0-5
shift	2025|1|26|0|5	2025-1-5
shift	2025|1|26|1|5	2025-2-5
shift	2025|1|26|2|5	2025-3-5
range	2025|1|26|15	2025-1-15 2025-2-15
days	2025|1|26|15	28
shift	2025|1|26|-2|15	2024-11-15
shift	2025|1|26|-1|15	2025-0-15
shift	2025|1|26|0|15	2025-1-15
shift	2025|1|26|1|15	2025-2-15
shift	2025|1|26|2|15	2025-3-15
range	2025|1|26|25	2025-1-25 2025-2-25
days	2025|1|26|25	28
shift	2025|1|26|-2|25	2024-11-25
shift	2025|1|26|-1|25	2025-0-25
shift	2025|1|26|0|25	2025-1-25
shift	2025|1|26|1|25	2025-2-25
shift	2025|1|26|2|25	2025-3-25
range	2025|1|26|28	2025-0-28 2025-1-28
days	2025|1|26|28	31
shift	2025|1|26|-2|28	2024-10-28
shift	2025|1|26|-1|28	2024-11-28
shift	2025|1|26|0|28	2025-0-28
shift	2025|1|26|1|28	2025-1-28
shift	2025|1|26|2|28	2025-2-28
range	2025|1|26|29	2025-0-29 2025-2-1
days	2025|1|26|29	31
shift	2025|1|26|-2|29	2024-10-29
shift	2025|1|26|-1|29	2024-11-29
shift	2025|1|26|0|29	2025-0-29
shift	2025|1|26|1|29	2025-2-1
shift	2025|1|26|2|29	2025-2-29
range	2025|1|26|30	2025-0-30 2025-2-2
days	2025|1|26|30	31
shift	2025|1|26|-2|30	2024-10-30
shift	2025|1|26|-1|30	2024-11-30
shift	2025|1|26|0|30	2025-0-30
shift	2025|1|26|1|30	2025-2-2
shift	2025|1|26|2|30	2025-2-30
range	2025|1|26|31	2025-0-31 2025-2-3
days	2025|1|26|31	31
shift	2025|1|26|-2|31	2024-11-1
shift	2025|1|26|-1|31	2024-11-31
shift	2025|1|26|0|31	2025-0-31
shift	2025|1|26|1|31	2025-2-3
shift	2025|1|26|2|31	2025-2-31
range	2025|1|28|0	2025-1-1 2025-2-1
days	2025|1|28|0	28
shift	2025|1|28|-2|0	2024-11-1
shift	2025|1|28|-1|0	2025-0-1
shift	2025|1|28|0|0	2025-1-1
shift	2025|1|28|1|0	2025-2-1
shift	2025|1|28|2|0	2025-3-1
range	2025|1|28|1	2025-1-1 2025-2-1
days	2025|1|28|1	28
shift	2025|1|28|-2|1	2024-11-1
shift	2025|1|28|-1|1	2025-0-1
shift	2025|1|28|0|1	2025-1-1
shift	2025|1|28|1|1	2025-2-1
shift	2025|1|28|2|1	2025-3-1
range	2025|1|28|5	2025-1-5 2025-2-5
days	2025|1|28|5	28
shift	2025|1|28|-2|5	2024-11-5
shift	2025|1|28|-1|5	2025-0-5
shift	2025|1|28|0|5	2025-1-5
shift	2025|1|28|1|5	2025-2-5
shift	2025|1|28|2|5	2025-3-5
range	2025|1|28|15	2025-1-15 2025-2-15
days	2025|1|28|15	28
shift	2025|1|28|-2|15	2024-11-15
shift	2025|1|28|-1|15	2025-0-15
shift	2025|1|28|0|15	2025-1-15
shift	2025|1|28|1|15	2025-2-15
shift	2025|1|28|2|15	2025-3-15
range	2025|1|28|25	2025-1-25 2025-2-25
days	2025|1|28|25	28
shift	2025|1|28|-2|25	2024-11-25
shift	2025|1|28|-1|25	2025-0-25
shift	2025|1|28|0|25	2025-1-25
shift	2025|1|28|1|25	2025-2-25
shift	2025|1|28|2|25	2025-3-25
range	2025|1|28|28	2025-1-28 2025-2-28
days	2025|1|28|28	28
shift	2025|1|28|-2|28	2024-11-28
shift	2025|1|28|-1|28	2025-0-28
shift	2025|1|28|0|28	2025-1-28
shift	2025|1|28|1|28	2025-2-28
shift	2025|1|28|2|28	2025-3-28
range	2025|1|28|29	2025-0-29 2025-2-1
days	2025|1|28|29	31
shift	2025|1|28|-2|29	2024-10-29
shift	2025|1|28|-1|29	2024-11-29
shift	2025|1|28|0|29	2025-0-29
shift	2025|1|28|1|29	2025-2-1
shift	2025|1|28|2|29	2025-2-29
range	2025|1|28|30	2025-0-30 2025-2-2
days	2025|1|28|30	31
shift	2025|1|28|-2|30	2024-10-30
shift	2025|1|28|-1|30	2024-11-30
shift	2025|1|28|0|30	2025-0-30
shift	2025|1|28|1|30	2025-2-2
shift	2025|1|28|2|30	2025-2-30
range	2025|1|28|31	2025-0-31 2025-2-3
days	2025|1|28|31	31
shift	2025|1|28|-2|31	2024-11-1
shift	2025|1|28|-1|31	2024-11-31
shift	2025|1|28|0|31	2025-0-31
shift	2025|1|28|1|31	2025-2-3
shift	2025|1|28|2|31	2025-2-31
range	2025|1|31|0	2025-2-1 2025-3-1
days	2025|1|31|0	31
shift	2025|1|31|-2|0	2025-0-1
shift	2025|1|31|-1|0	2025-1-1
shift	2025|1|31|0|0	2025-2-1
shift	2025|1|31|1|0	2025-3-1
shift	2025|1|31|2|0	2025-4-1
range	2025|1|31|1	2025-2-1 2025-3-1
days	2025|1|31|1	31
shift	2025|1|31|-2|1	2025-0-1
shift	2025|1|31|-1|1	2025-1-1
shift	2025|1|31|0|1	2025-2-1
shift	2025|1|31|1|1	2025-3-1
shift	2025|1|31|2|1	2025-4-1
range	2025|1|31|5	2025-1-5 2025-2-5
days	2025|1|31|5	28
shift	2025|1|31|-2|5	2024-11-5
shift	2025|1|31|-1|5	2025-0-5
shift	2025|1|31|0|5	2025-1-5
shift	2025|1|31|1|5	2025-2-5
shift	2025|1|31|2|5	2025-3-5
range	2025|1|31|15	2025-1-15 2025-2-15
days	2025|1|31|15	28
shift	2025|1|31|-2|15	2024-11-15
shift	2025|1|31|-1|15	2025-0-15
shift	2025|1|31|0|15	2025-1-15
shift	2025|1|31|1|15	2025-2-15
shift	2025|1|31|2|15	2025-3-15
range	2025|1|31|25	2025-1-25 2025-2-25
days	2025|1|31|25	28
shift	2025|1|31|-2|25	2024-11-25
shift	2025|1|31|-1|25	2025-0-25
shift	2025|1|31|0|25	2025-1-25
shift	2025|1|31|1|25	2025-2-25
shift	2025|1|31|2|25	2025-3-25
range	2025|1|31|28	2025-1-28 2025-2-28
days	2025|1|31|28	28
shift	2025|1|31|-2|28	2024-11-28
shift	2025|1|31|-1|28	2025-0-28
shift	2025|1|31|0|28	2025-1-28
shift	2025|1|31|1|28	2025-2-28
shift	2025|1|31|2|28	2025-3-28
range	2025|1|31|29	2025-2-1 2025-3-29
days	2025|1|31|29	59
shift	2025|1|31|-2|29	2025-0-29
shift	2025|1|31|-1|29	2025-2-1
shift	2025|1|31|0|29	2025-2-29
shift	2025|1|31|1|29	2025-3-29
shift	2025|1|31|2|29	2025-4-29
range	2025|1|31|30	2025-2-2 2025-3-30
days	2025|1|31|30	59
shift	2025|1|31|-2|30	2025-0-30
shift	2025|1|31|-1|30	2025-2-2
shift	2025|1|31|0|30	2025-2-30
shift	2025|1|31|1|30	2025-3-30
shift	2025|1|31|2|30	2025-4-30
range	2025|1|31|31	2025-2-3 2025-4-1
days	2025|1|31|31	59
shift	2025|1|31|-2|31	2025-0-31
shift	2025|1|31|-1|31	2025-2-3
shift	2025|1|31|0|31	2025-2-31
shift	2025|1|31|1|31	2025-4-1
shift	2025|1|31|2|31	2025-4-31
range	2025|2|1|0	2025-2-1 2025-3-1
days	2025|2|1|0	31
shift	2025|2|1|-2|0	2025-0-1
shift	2025|2|1|-1|0	2025-1-1
shift	2025|2|1|0|0	2025-2-1
shift	2025|2|1|1|0	2025-3-1
shift	2025|2|1|2|0	2025-4-1
range	2025|2|1|1	2025-2-1 2025-3-1
days	2025|2|1|1	31
shift	2025|2|1|-2|1	2025-0-1
shift	2025|2|1|-1|1	2025-1-1
shift	2025|2|1|0|1	2025-2-1
shift	2025|2|1|1|1	2025-3-1
shift	2025|2|1|2|1	2025-4-1
range	2025|2|1|5	2025-1-5 2025-2-5
days	2025|2|1|5	28
shift	2025|2|1|-2|5	2024-11-5
shift	2025|2|1|-1|5	2025-0-5
shift	2025|2|1|0|5	2025-1-5
shift	2025|2|1|1|5	2025-2-5
shift	2025|2|1|2|5	2025-3-5
range	2025|2|1|15	2025-1-15 2025-2-15
days	2025|2|1|15	28
shift	2025|2|1|-2|15	2024-11-15
shift	2025|2|1|-1|15	2025-0-15
shift	2025|2|1|0|15	2025-1-15
shift	2025|2|1|1|15	2025-2-15
shift	2025|2|1|2|15	2025-3-15
range	2025|2|1|25	2025-1-25 2025-2-25
days	2025|2|1|25	28
shift	2025|2|1|-2|25	2024-11-25
shift	2025|2|1|-1|25	2025-0-25
shift	2025|2|1|0|25	2025-1-25
shift	2025|2|1|1|25	2025-2-25
shift	2025|2|1|2|25	2025-3-25
range	2025|2|1|28	2025-1-28 2025-2-28
days	2025|2|1|28	28
shift	2025|2|1|-2|28	2024-11-28
shift	2025|2|1|-1|28	2025-0-28
shift	2025|2|1|0|28	2025-1-28
shift	2025|2|1|1|28	2025-2-28
shift	2025|2|1|2|28	2025-3-28
range	2025|2|1|29	2025-2-1 2025-3-29
days	2025|2|1|29	59
shift	2025|2|1|-2|29	2025-0-29
shift	2025|2|1|-1|29	2025-2-1
shift	2025|2|1|0|29	2025-2-29
shift	2025|2|1|1|29	2025-3-29
shift	2025|2|1|2|29	2025-4-29
range	2025|2|1|30	2025-2-2 2025-3-30
days	2025|2|1|30	59
shift	2025|2|1|-2|30	2025-0-30
shift	2025|2|1|-1|30	2025-2-2
shift	2025|2|1|0|30	2025-2-30
shift	2025|2|1|1|30	2025-3-30
shift	2025|2|1|2|30	2025-4-30
range	2025|2|1|31	2025-2-3 2025-4-1
days	2025|2|1|31	59
shift	2025|2|1|-2|31	2025-0-31
shift	2025|2|1|-1|31	2025-2-3
shift	2025|2|1|0|31	2025-2-31
shift	2025|2|1|1|31	2025-4-1
shift	2025|2|1|2|31	2025-4-31
range	2025|2|5|0	2025-2-1 2025-3-1
days	2025|2|5|0	31
shift	2025|2|5|-2|0	2025-0-1
shift	2025|2|5|-1|0	2025-1-1
shift	2025|2|5|0|0	2025-2-1
shift	2025|2|5|1|0	2025-3-1
shift	2025|2|5|2|0	2025-4-1
range	2025|2|5|1	2025-2-1 2025-3-1
days	2025|2|5|1	31
shift	2025|2|5|-2|1	2025-0-1
shift	2025|2|5|-1|1	2025-1-1
shift	2025|2|5|0|1	2025-2-1
shift	2025|2|5|1|1	2025-3-1
shift	2025|2|5|2|1	2025-4-1
range	2025|2|5|5	2025-2-5 2025-3-5
days	2025|2|5|5	31
shift	2025|2|5|-2|5	2025-0-5
shift	2025|2|5|-1|5	2025-1-5
shift	2025|2|5|0|5	2025-2-5
shift	2025|2|5|1|5	2025-3-5
shift	2025|2|5|2|5	2025-4-5
range	2025|2|5|15	2025-1-15 2025-2-15
days	2025|2|5|15	28
shift	2025|2|5|-2|15	2024-11-15
shift	2025|2|5|-1|15	2025-0-15
shift	2025|2|5|0|15	2025-1-15
shift	2025|2|5|1|15	2025-2-15
shift	2025|2|5|2|15	2025-3-15
range	2025|2|5|25	2025-1-25 2025-2-25
days	2025|2|5|25	28
shift	2025|2|5|-2|25	2024-11-25
shift	2025|2|5|-1|25	2025-0-25
shift	2025|2|5|0|25	2025-1-25
shift	2025|2|5|1|25	2025-2-25
shift	2025|2|5|2|25	2025-3-25
range	2025|2|5|28	2025-1-28 2025-2-28
days	2025|2|5|28	28
shift	2025|2|5|-2|28	2024-11-28
shift	2025|2|5|-1|28	2025-0-28
shift	2025|2|5|0|28	2025-1-28
shift	2025|2|5|1|28	2025-2-28
shift	2025|2|5|2|28	2025-3-28
range	2025|2|5|29	2025-2-1 2025-3-29
days	2025|2|5|29	59
shift	2025|2|5|-2|29	2025-0-29
shift	2025|2|5|-1|29	2025-2-1
shift	2025|2|5|0|29	2025-2-29
shift	2025|2|5|1|29	2025-3-29
shift	2025|2|5|2|29	2025-4-29
range	2025|2|5|30	2025-2-2 2025-3-30
days	2025|2|5|30	59
shift	2025|2|5|-2|30	2025-0-30
shift	2025|2|5|-1|30	2025-2-2
shift	2025|2|5|0|30	2025-2-30
shift	2025|2|5|1|30	2025-3-30
shift	2025|2|5|2|30	2025-4-30
range	2025|2|5|31	2025-2-3 2025-4-1
days	2025|2|5|31	59
shift	2025|2|5|-2|31	2025-0-31
shift	2025|2|5|-1|31	2025-2-3
shift	2025|2|5|0|31	2025-2-31
shift	2025|2|5|1|31	2025-4-1
shift	2025|2|5|2|31	2025-4-31
range	2025|2|15|0	2025-2-1 2025-3-1
days	2025|2|15|0	31
shift	2025|2|15|-2|0	2025-0-1
shift	2025|2|15|-1|0	2025-1-1
shift	2025|2|15|0|0	2025-2-1
shift	2025|2|15|1|0	2025-3-1
shift	2025|2|15|2|0	2025-4-1
range	2025|2|15|1	2025-2-1 2025-3-1
days	2025|2|15|1	31
shift	2025|2|15|-2|1	2025-0-1
shift	2025|2|15|-1|1	2025-1-1
shift	2025|2|15|0|1	2025-2-1
shift	2025|2|15|1|1	2025-3-1
shift	2025|2|15|2|1	2025-4-1
range	2025|2|15|5	2025-2-5 2025-3-5
days	2025|2|15|5	31
shift	2025|2|15|-2|5	2025-0-5
shift	2025|2|15|-1|5	2025-1-5
shift	2025|2|15|0|5	2025-2-5
shift	2025|2|15|1|5	2025-3-5
shift	2025|2|15|2|5	2025-4-5
range	2025|2|15|15	2025-2-15 2025-3-15
days	2025|2|15|15	31
shift	2025|2|15|-2|15	2025-0-15
shift	2025|2|15|-1|15	2025-1-15
shift	2025|2|15|0|15	2025-2-15
shift	2025|2|15|1|15	2025-3-15
shift	2025|2|15|2|15	2025-4-15
range	2025|2|15|25	2025-1-25 2025-2-25
days	2025|2|15|25	28
shift	2025|2|15|-2|25	2024-11-25
shift	2025|2|15|-1|25	2025-0-25
shift	2025|2|15|0|25	2025-1-25
shift	2025|2|15|1|25	2025-2-25
shift	2025|2|15|2|25	2025-3-25
range	2025|2|15|28	2025-1-28 2025-2-28
days	2025|2|15|28	28
shift	2025|2|15|-2|28	2024-11-28
shift	2025|2|15|-1|28	2025-0-28
shift	2025|2|15|0|28	2025-1-28
shift	2025|2|15|1|28	2025-2-28
shift	2025|2|15|2|28	2025-3-28
range	2025|2|15|29	2025-2-1 2025-3-29
days	2025|2|15|29	59
shift	2025|2|15|-2|29	2025-0-29
shift	2025|2|15|-1|29	2025-2-1
shift	2025|2|15|0|29	2025-2-29
shift	2025|2|15|1|29	2025-3-29
shift	2025|2|15|2|29	2025-4-29
range	2025|2|15|30	2025-2-2 2025-3-30
days	2025|2|15|30	59
shift	2025|2|15|-2|30	2025-0-30
shift	2025|2|15|-1|30	2025-2-2
shift	2025|2|15|0|30	2025-2-30
shift	2025|2|15|1|30	2025-3-30
shift	2025|2|15|2|30	2025-4-30
range	2025|2|15|31	2025-2-3 2025-4-1
days	2025|2|15|31	59
shift	2025|2|15|-2|31	2025-0-31
shift	2025|2|15|-1|31	2025-2-3
shift	2025|2|15|0|31	2025-2-31
shift	2025|2|15|1|31	2025-4-1
shift	2025|2|15|2|31	2025-4-31
range	2025|2|24|0	2025-2-1 2025-3-1
days	2025|2|24|0	31
shift	2025|2|24|-2|0	2025-0-1
shift	2025|2|24|-1|0	2025-1-1
shift	2025|2|24|0|0	2025-2-1
shift	2025|2|24|1|0	2025-3-1
shift	2025|2|24|2|0	2025-4-1
range	2025|2|24|1	2025-2-1 2025-3-1
days	2025|2|24|1	31
shift	2025|2|24|-2|1	2025-0-1
shift	2025|2|24|-1|1	2025-1-1
shift	2025|2|24|0|1	2025-2-1
shift	2025|2|24|1|1	2025-3-1
shift	2025|2|24|2|1	2025-4-1
range	2025|2|24|5	2025-2-5 2025-3-5
days	2025|2|24|5	31
shift	2025|2|24|-2|5	2025-0-5
shift	2025|2|24|-1|5	2025-1-5
shift	2025|2|24|0|5	2025-2-5
shift	2025|2|24|1|5	2025-3-5
shift	2025|2|24|2|5	2025-4-5
range	2025|2|24|15	2025-2-15 2025-3-15
days	2025|2|24|15	31
shift	2025|2|24|-2|15	2025-0-15
shift	2025|2|24|-1|15	2025-1-15
shift	2025|2|24|0|15	2025-2-15
shift	2025|2|24|1|15	2025-3-15
shift	2025|2|24|2|15	2025-4-15
range	2025|2|24|25	2025-1-25 2025-2-25
days	2025|2|24|25	28
shift	2025|2|24|-2|25	2024-11-25
shift	2025|2|24|-1|25	2025-0-25
shift	2025|2|24|0|25	2025-1-25
shift	2025|2|24|1|25	2025-2-25
shift	2025|2|24|2|25	2025-3-25
range	2025|2|24|28	2025-1-28 2025-2-28
days	2025|2|24|28	28
shift	2025|2|24|-2|28	2024-11-28
shift	2025|2|24|-1|28	2025-0-28
shift	2025|2|24|0|28	2025-1-28
shift	2025|2|24|1|28	2025-2-28
shift	2025|2|24|2|28	2025-3-28
range	2025|2|24|29	2025-2-1 2025-3-29
days	2025|2|24|29	59
shift	2025|2|24|-2|29	2025-0-29
shift	2025|2|24|-1|29	2025-2-1
shift	2025|2|24|0|29	2025-2-29
shift	2025|2|24|1|29	2025-3-29
shift	2025|2|24|2|29	2025-4-29
range	2025|2|24|30	2025-2-2 2025-3-30
days	2025|2|24|30	59
shift	2025|2|24|-2|30	2025-0-30
shift	2025|2|24|-1|30	2025-2-2
shift	2025|2|24|0|30	2025-2-30
shift	2025|2|24|1|30	2025-3-30
shift	2025|2|24|2|30	2025-4-30
range	2025|2|24|31	2025-2-3 2025-4-1
days	2025|2|24|31	59
shift	2025|2|24|-2|31	2025-0-31
shift	2025|2|24|-1|31	2025-2-3
shift	2025|2|24|0|31	2025-2-31
shift	2025|2|24|1|31	2025-4-1
shift	2025|2|24|2|31	2025-4-31
range	2025|2|25|0	2025-2-1 2025-3-1
days	2025|2|25|0	31
shift	2025|2|25|-2|0	2025-0-1
shift	2025|2|25|-1|0	2025-1-1
shift	2025|2|25|0|0	2025-2-1
shift	2025|2|25|1|0	2025-3-1
shift	2025|2|25|2|0	2025-4-1
range	2025|2|25|1	2025-2-1 2025-3-1
days	2025|2|25|1	31
shift	2025|2|25|-2|1	2025-0-1
shift	2025|2|25|-1|1	2025-1-1
shift	2025|2|25|0|1	2025-2-1
shift	2025|2|25|1|1	2025-3-1
shift	2025|2|25|2|1	2025-4-1
range	2025|2|25|5	2025-2-5 2025-3-5
days	2025|2|25|5	31
shift	2025|2|25|-2|5	2025-0-5
shift	2025|2|25|-1|5	2025-1-5
shift	2025|2|25|0|5	2025-2-5
shift	2025|2|25|1|5	2025-3-5
shift	2025|2|25|2|5	2025-4-5
range	2025|2|25|15	2025-2-15 2025-3-15
days	2025|2|25|15	31
shift	2025|2|25|-2|15	2025-0-15
shift	2025|2|25|-1|15	2025-1-15
shift	2025|2|25|0|15	2025-2-15
shift	2025|2|25|1|15	2025-3-15
shift	2025|2|25|2|15	2025-4-15
range	2025|2|25|25	2025-2-25 2025-3-25
days	2025|2|25|25	31
shift	2025|2|25|-2|25	2025-0-25
shift	2025|2|25|-1|25	2025-1-25
shift	2025|2|25|0|25	2025-2-25
shift	2025|2|25|1|25	2025-3-25
shift	2025|2|25|2|25	2025-4-25
range	2025|2|25|28	2025-1-28 2025-2-28
days	2025|2|25|28	28
shift	2025|2|25|-2|28	2024-11-28
shift	2025|2|25|-1|28	2025-0-28
shift	2025|2|25|0|28	2025-1-28
shift	2025|2|25|1|28	2025-2-28
shift	2025|2|25|2|28	2025-3-28
range	2025|2|25|29	2025-2-1 2025-3-29
days	2025|2|25|29	59
shift	2025|2|25|-2|29	2025-0-29
shift	2025|2|25|-1|29	2025-2-1
shift	2025|2|25|0|29	2025-2-29
shift	2025|2|25|1|29	2025-3-29
shift	2025|2|25|2|29	2025-4-29
range	2025|2|25|30	2025-2-2 2025-3-30
days	2025|2|25|30	59
shift	2025|2|25|-2|30	2025-0-30
shift	2025|2|25|-1|30	2025-2-2
shift	2025|2|25|0|30	2025-2-30
shift	2025|2|25|1|30	2025-3-30
shift	2025|2|25|2|30	2025-4-30
range	2025|2|25|31	2025-2-3 2025-4-1
days	2025|2|25|31	59
shift	2025|2|25|-2|31	2025-0-31
shift	2025|2|25|-1|31	2025-2-3
shift	2025|2|25|0|31	2025-2-31
shift	2025|2|25|1|31	2025-4-1
shift	2025|2|25|2|31	2025-4-31
range	2025|2|26|0	2025-2-1 2025-3-1
days	2025|2|26|0	31
shift	2025|2|26|-2|0	2025-0-1
shift	2025|2|26|-1|0	2025-1-1
shift	2025|2|26|0|0	2025-2-1
shift	2025|2|26|1|0	2025-3-1
shift	2025|2|26|2|0	2025-4-1
range	2025|2|26|1	2025-2-1 2025-3-1
days	2025|2|26|1	31
shift	2025|2|26|-2|1	2025-0-1
shift	2025|2|26|-1|1	2025-1-1
shift	2025|2|26|0|1	2025-2-1
shift	2025|2|26|1|1	2025-3-1
shift	2025|2|26|2|1	2025-4-1
range	2025|2|26|5	2025-2-5 2025-3-5
days	2025|2|26|5	31
shift	2025|2|26|-2|5	2025-0-5
shift	2025|2|26|-1|5	2025-1-5
shift	2025|2|26|0|5	2025-2-5
shift	2025|2|26|1|5	2025-3-5
shift	2025|2|26|2|5	2025-4-5
range	2025|2|26|15	2025-2-15 2025-3-15
days	2025|2|26|15	31
shift	2025|2|26|-2|15	2025-0-15
shift	2025|2|26|-1|15	2025-1-15
shift	2025|2|26|0|15	2025-2-15
shift	2025|2|26|1|15	2025-3-15
shift	2025|2|26|2|15	2025-4-15
range	2025|2|26|25	2025-2-25 2025-3-25
days	2025|2|26|25	31
shift	2025|2|26|-2|25	2025-0-25
shift	2025|2|26|-1|25	2025-1-25
shift	2025|2|26|0|25	2025-2-25
shift	2025|2|26|1|25	2025-3-25
shift	2025|2|26|2|25	2025-4-25
range	2025|2|26|28	2025-1-28 2025-2-28
days	2025|2|26|28	28
shift	2025|2|26|-2|28	2024-11-28
shift	2025|2|26|-1|28	2025-0-28
shift	2025|2|26|0|28	2025-1-28
shift	2025|2|26|1|28	2025-2-28
shift	2025|2|26|2|28	2025-3-28
range	2025|2|26|29	2025-2-1 2025-3-29
days	2025|2|26|29	59
shift	2025|2|26|-2|29	2025-0-29
shift	2025|2|26|-1|29	2025-2-1
shift	2025|2|26|0|29	2025-2-29
shift	2025|2|26|1|29	2025-3-29
shift	2025|2|26|2|29	2025-4-29
range	2025|2|26|30	2025-2-2 2025-3-30
days	2025|2|26|30	59
shift	2025|2|26|-2|30	2025-0-30
shift	2025|2|26|-1|30	2025-2-2
shift	2025|2|26|0|30	2025-2-30
shift	2025|2|26|1|30	2025-3-30
shift	2025|2|26|2|30	2025-4-30
range	2025|2|26|31	2025-2-3 2025-4-1
days	2025|2|26|31	59
shift	2025|2|26|-2|31	2025-0-31
shift	2025|2|26|-1|31	2025-2-3
shift	2025|2|26|0|31	2025-2-31
shift	2025|2|26|1|31	2025-4-1
shift	2025|2|26|2|31	2025-4-31
range	2025|2|28|0	2025-2-1 2025-3-1
days	2025|2|28|0	31
shift	2025|2|28|-2|0	2025-0-1
shift	2025|2|28|-1|0	2025-1-1
shift	2025|2|28|0|0	2025-2-1
shift	2025|2|28|1|0	2025-3-1
shift	2025|2|28|2|0	2025-4-1
range	2025|2|28|1	2025-2-1 2025-3-1
days	2025|2|28|1	31
shift	2025|2|28|-2|1	2025-0-1
shift	2025|2|28|-1|1	2025-1-1
shift	2025|2|28|0|1	2025-2-1
shift	2025|2|28|1|1	2025-3-1
shift	2025|2|28|2|1	2025-4-1
range	2025|2|28|5	2025-2-5 2025-3-5
days	2025|2|28|5	31
shift	2025|2|28|-2|5	2025-0-5
shift	2025|2|28|-1|5	2025-1-5
shift	2025|2|28|0|5	2025-2-5
shift	2025|2|28|1|5	2025-3-5
shift	2025|2|28|2|5	2025-4-5
range	2025|2|28|15	2025-2-15 2025-3-15
days	2025|2|28|15	31
shift	2025|2|28|-2|15	2025-0-15
shift	2025|2|28|-1|15	2025-1-15
shift	2025|2|28|0|15	2025-2-15
shift	2025|2|28|1|15	2025-3-15
shift	2025|2|28|2|15	2025-4-15
range	2025|2|28|25	2025-2-25 2025-3-25
days	2025|2|28|25	31
shift	2025|2|28|-2|25	2025-0-25
shift	2025|2|28|-1|25	2025-1-25
shift	2025|2|28|0|25	2025-2-25
shift	2025|2|28|1|25	2025-3-25
shift	2025|2|28|2|25	2025-4-25
range	2025|2|28|28	2025-2-28 2025-3-28
days	2025|2|28|28	31
shift	2025|2|28|-2|28	2025-0-28
shift	2025|2|28|-1|28	2025-1-28
shift	2025|2|28|0|28	2025-2-28
shift	2025|2|28|1|28	2025-3-28
shift	2025|2|28|2|28	2025-4-28
range	2025|2|28|29	2025-2-1 2025-3-29
days	2025|2|28|29	59
shift	2025|2|28|-2|29	2025-0-29
shift	2025|2|28|-1|29	2025-2-1
shift	2025|2|28|0|29	2025-2-29
shift	2025|2|28|1|29	2025-3-29
shift	2025|2|28|2|29	2025-4-29
range	2025|2|28|30	2025-2-2 2025-3-30
days	2025|2|28|30	59
shift	2025|2|28|-2|30	2025-0-30
shift	2025|2|28|-1|30	2025-2-2
shift	2025|2|28|0|30	2025-2-30
shift	2025|2|28|1|30	2025-3-30
shift	2025|2|28|2|30	2025-4-30
range	2025|2|28|31	2025-2-3 2025-4-1
days	2025|2|28|31	59
shift	2025|2|28|-2|31	2025-0-31
shift	2025|2|28|-1|31	2025-2-3
shift	2025|2|28|0|31	2025-2-31
shift	2025|2|28|1|31	2025-4-1
shift	2025|2|28|2|31	2025-4-31
range	2025|2|31|0	2025-2-1 2025-3-1
days	2025|2|31|0	31
shift	2025|2|31|-2|0	2025-0-1
shift	2025|2|31|-1|0	2025-1-1
shift	2025|2|31|0|0	2025-2-1
shift	2025|2|31|1|0	2025-3-1
shift	2025|2|31|2|0	2025-4-1
range	2025|2|31|1	2025-2-1 2025-3-1
days	2025|2|31|1	31
shift	2025|2|31|-2|1	2025-0-1
shift	2025|2|31|-1|1	2025-1-1
shift	2025|2|31|0|1	2025-2-1
shift	2025|2|31|1|1	2025-3-1
shift	2025|2|31|2|1	2025-4-1
range	2025|2|31|5	2025-2-5 2025-3-5
days	2025|2|31|5	31
shift	2025|2|31|-2|5	2025-0-5
shift	2025|2|31|-1|5	2025-1-5
shift	2025|2|31|0|5	2025-2-5
shift	2025|2|31|1|5	2025-3-5
shift	2025|2|31|2|5	2025-4-5
range	2025|2|31|15	2025-2-15 2025-3-15
days	2025|2|31|15	31
shift	2025|2|31|-2|15	2025-0-15
shift	2025|2|31|-1|15	2025-1-15
shift	2025|2|31|0|15	2025-2-15
shift	2025|2|31|1|15	2025-3-15
shift	2025|2|31|2|15	2025-4-15
range	2025|2|31|25	2025-2-25 2025-3-25
days	2025|2|31|25	31
shift	2025|2|31|-2|25	2025-0-25
shift	2025|2|31|-1|25	2025-1-25
shift	2025|2|31|0|25	2025-2-25
shift	2025|2|31|1|25	2025-3-25
shift	2025|2|31|2|25	2025-4-25
range	2025|2|31|28	2025-2-28 2025-3-28
days	2025|2|31|28	31
shift	2025|2|31|-2|28	2025-0-28
shift	2025|2|31|-1|28	2025-1-28
shift	2025|2|31|0|28	2025-2-28
shift	2025|2|31|1|28	2025-3-28
shift	2025|2|31|2|28	2025-4-28
range	2025|2|31|29	2025-2-29 2025-3-29
days	2025|2|31|29	31
shift	2025|2|31|-2|29	2025-0-29
shift	2025|2|31|-1|29	2025-2-1
shift	2025|2|31|0|29	2025-2-29
shift	2025|2|31|1|29	2025-3-29
shift	2025|2|31|2|29	2025-4-29
range	2025|2|31|30	2025-2-30 2025-3-30
days	2025|2|31|30	31
shift	2025|2|31|-2|30	2025-0-30
shift	2025|2|31|-1|30	2025-2-2
shift	2025|2|31|0|30	2025-2-30
shift	2025|2|31|1|30	2025-3-30
shift	2025|2|31|2|30	2025-4-30
range	2025|2|31|31	2025-2-31 2025-4-1
days	2025|2|31|31	31
shift	2025|2|31|-2|31	2025-0-31
shift	2025|2|31|-1|31	2025-2-3
shift	2025|2|31|0|31	2025-2-31
shift	2025|2|31|1|31	2025-4-1
shift	2025|2|31|2|31	2025-4-31
range	2025|3|1|0	2025-3-1 2025-4-1
days	2025|3|1|0	30
shift	2025|3|1|-2|0	2025-1-1
shift	2025|3|1|-1|0	2025-2-1
shift	2025|3|1|0|0	2025-3-1
shift	2025|3|1|1|0	2025-4-1
shift	2025|3|1|2|0	2025-5-1
range	2025|3|1|1	2025-3-1 2025-4-1
days	2025|3|1|1	30
shift	2025|3|1|-2|1	2025-1-1
shift	2025|3|1|-1|1	2025-2-1
shift	2025|3|1|0|1	2025-3-1
shift	2025|3|1|1|1	2025-4-1
shift	2025|3|1|2|1	2025-5-1
range	2025|3|1|5	2025-2-5 2025-3-5
days	2025|3|1|5	31
shift	2025|3|1|-2|5	2025-0-5
shift	2025|3|1|-1|5	2025-1-5
shift	2025|3|1|0|5	2025-2-5
shift	2025|3|1|1|5	2025-3-5
shift	2025|3|1|2|5	2025-4-5
range	2025|3|1|15	2025-2-15 2025-3-15
days	2025|3|1|15	31
shift	2025|3|1|-2|15	2025-0-15
shift	2025|3|1|-1|15	2025-1-15
shift	2025|3|1|0|15	2025-2-15
shift	2025|3|1|1|15	2025-3-15
shift	2025|3|1|2|15	2025-4-15
range	2025|3|1|25	2025-2-25 2025-3-25
days	2025|3|1|25	31
shift	2025|3|1|-2|25	2025-0-25
shift	2025|3|1|-1|25	2025-1-25
shift	2025|3|1|0|25	2025-2-25
shift	2025|3|1|1|25	2025-3-25
shift	2025|3|1|2|25	2025-4-25
range	2025|3|1|28	2025-2-28 2025-3-28
days	2025|3|1|28	31
shift	2025|3|1|-2|28	2025-0-28
shift	2025|3|1|-1|28	2025-1-28
shift	2025|3|1|0|28	2025-2-28
shift	2025|3|1|1|28	2025-3-28
shift	2025|3|1|2|28	2025-4-28
range	2025|3|1|29	2025-2-29 2025-3-29
days	2025|3|1|29	31
shift	2025|3|1|-2|29	2025-0-29
shift	2025|3|1|-1|29	2025-2-1
shift	2025|3|1|0|29	2025-2-29
shift	2025|3|1|1|29	2025-3-29
shift	2025|3|1|2|29	2025-4-29
range	2025|3|1|30	2025-2-30 2025-3-30
days	2025|3|1|30	31
shift	2025|3|1|-2|30	2025-0-30
shift	2025|3|1|-1|30	2025-2-2
shift	2025|3|1|0|30	2025-2-30
shift	2025|3|1|1|30	2025-3-30
shift	2025|3|1|2|30	2025-4-30
range	2025|3|1|31	2025-2-31 2025-4-1
days	2025|3|1|31	31
shift	2025|3|1|-2|31	2025-0-31
shift	2025|3|1|-1|31	2025-2-3
shift	2025|3|1|0|31	2025-2-31
shift	2025|3|1|1|31	2025-4-1
shift	2025|3|1|2|31	2025-4-31
range	2025|3|5|0	2025-3-1 2025-4-1
days	2025|3|5|0	30
shift	2025|3|5|-2|0	2025-1-1
shift	2025|3|5|-1|0	2025-2-1
shift	2025|3|5|0|0	2025-3-1
shift	2025|3|5|1|0	2025-4-1
shift	2025|3|5|2|0	2025-5-1
range	2025|3|5|1	2025-3-1 2025-4-1
days	2025|3|5|1	30
shift	2025|3|5|-2|1	2025-1-1
shift	2025|3|5|-1|1	2025-2-1
shift	2025|3|5|0|1	2025-3-1
shift	2025|3|5|1|1	2025-4-1
shift	2025|3|5|2|1	2025-5-1
range	2025|3|5|5	2025-3-5 2025-4-5
days	2025|3|5|5	30
shift	2025|3|5|-2|5	2025-1-5
shift	2025|3|5|-1|5	2025-2-5
shift	2025|3|5|0|5	2025-3-5
shift	2025|3|5|1|5	2025-4-5
shift	2025|3|5|2|5	2025-5-5
range	2025|3|5|15	2025-2-15 2025-3-15
days	2025|3|5|15	31
shift	2025|3|5|-2|15	2025-0-15
shift	2025|3|5|-1|15	2025-1-15
shift	2025|3|5|0|15	2025-2-15
shift	2025|3|5|1|15	2025-3-15
shift	2025|3|5|2|15	2025-4-15
range	2025|3|5|25	2025-2-25 2025-3-25
days	2025|3|5|25	31
shift	2025|3|5|-2|25	2025-0-25
shift	2025|3|5|-1|25	2025-1-25
shift	2025|3|5|0|25	2025-2-25
shift	2025|3|5|1|25	2025-3-25
shift	2025|3|5|2|25	2025-4-25
range	2025|3|5|28	2025-2-28 2025-3-28
days	2025|3|5|28	31
shift	2025|3|5|-2|28	2025-0-28
shift	2025|3|5|-1|28	2025-1-28
shift	2025|3|5|0|28	2025-2-28
shift	2025|3|5|1|28	2025-3-28
shift	2025|3|5|2|28	2025-4-28
range	2025|3|5|29	2025-2-29 2025-3-29
days	2025|3|5|29	31
shift	2025|3|5|-2|29	2025-0-29
shift	2025|3|5|-1|29	2025-2-1
shift	2025|3|5|0|29	2025-2-29
shift	2025|3|5|1|29	2025-3-29
shift	2025|3|5|2|29	2025-4-29
range	2025|3|5|30	2025-2-30 2025-3-30
days	2025|3|5|30	31
shift	2025|3|5|-2|30	2025-0-30
shift	2025|3|5|-1|30	2025-2-2
shift	2025|3|5|0|30	2025-2-30
shift	2025|3|5|1|30	2025-3-30
shift	2025|3|5|2|30	2025-4-30
range	2025|3|5|31	2025-2-31 2025-4-1
days	2025|3|5|31	31
shift	2025|3|5|-2|31	2025-0-31
shift	2025|3|5|-1|31	2025-2-3
shift	2025|3|5|0|31	2025-2-31
shift	2025|3|5|1|31	2025-4-1
shift	2025|3|5|2|31	2025-4-31
range	2025|3|15|0	2025-3-1 2025-4-1
days	2025|3|15|0	30
shift	2025|3|15|-2|0	2025-1-1
shift	2025|3|15|-1|0	2025-2-1
shift	2025|3|15|0|0	2025-3-1
shift	2025|3|15|1|0	2025-4-1
shift	2025|3|15|2|0	2025-5-1
range	2025|3|15|1	2025-3-1 2025-4-1
days	2025|3|15|1	30
shift	2025|3|15|-2|1	2025-1-1
shift	2025|3|15|-1|1	2025-2-1
shift	2025|3|15|0|1	2025-3-1
shift	2025|3|15|1|1	2025-4-1
shift	2025|3|15|2|1	2025-5-1
range	2025|3|15|5	2025-3-5 2025-4-5
days	2025|3|15|5	30
shift	2025|3|15|-2|5	2025-1-5
shift	2025|3|15|-1|5	2025-2-5
shift	2025|3|15|0|5	2025-3-5
shift	2025|3|15|1|5	2025-4-5
shift	2025|3|15|2|5	2025-5-5
range	2025|3|15|15	2025-3-15 2025-4-15
days	2025|3|15|15	30
shift	2025|3|15|-2|15	2025-1-15
shift	2025|3|15|-1|15	2025-2-15
shift	2025|3|15|0|15	2025-3-15
shift	2025|3|15|1|15	2025-4-15
shift	2025|3|15|2|15	2025-5-15
range	2025|3|15|25	2025-2-25 2025-3-25
days	2025|3|15|25	31
shift	2025|3|15|-2|25	2025-0-25
shift	2025|3|15|-1|25	2025-1-25
shift	2025|3|15|0|25	2025-2-25
shift	2025|3|15|1|25	2025-3-25
shift	2025|3|15|2|25	2025-4-25
range	2025|3|15|28	2025-2-28 2025-3-28
days	2025|3|15|28	31
shift	2025|3|15|-2|28	2025-0-28
shift	2025|3|15|-1|28	2025-1-28
shift	2025|3|15|0|28	2025-2-28
shift	2025|3|15|1|28	2025-3-28
shift	2025|3|15|2|28	2025-4-28
range	2025|3|15|29	2025-2-29 2025-3-29
days	2025|3|15|29	31
shift	2025|3|15|-2|29	2025-0-29
shift	2025|3|15|-1|29	2025-2-1
shift	2025|3|15|0|29	2025-2-29
shift	2025|3|15|1|29	2025-3-29
shift	2025|3|15|2|29	2025-4-29
range	2025|3|15|30	2025-2-30 2025-3-30
days	2025|3|15|30	31
shift	2025|3|15|-2|30	2025-0-30
shift	2025|3|15|-1|30	2025-2-2
shift	2025|3|15|0|30	2025-2-30
shift	2025|3|15|1|30	2025-3-30
shift	2025|3|15|2|30	2025-4-30
range	2025|3|15|31	2025-2-31 2025-4-1
days	2025|3|15|31	31
shift	2025|3|15|-2|31	2025-0-31
shift	2025|3|15|-1|31	2025-2-3
shift	2025|3|15|0|31	2025-2-31
shift	2025|3|15|1|31	2025-4-1
shift	2025|3|15|2|31	2025-4-31
range	2025|3|24|0	2025-3-1 2025-4-1
days	2025|3|24|0	30
shift	2025|3|24|-2|0	2025-1-1
shift	2025|3|24|-1|0	2025-2-1
shift	2025|3|24|0|0	2025-3-1
shift	2025|3|24|1|0	2025-4-1
shift	2025|3|24|2|0	2025-5-1
range	2025|3|24|1	2025-3-1 2025-4-1
days	2025|3|24|1	30
shift	2025|3|24|-2|1	2025-1-1
shift	2025|3|24|-1|1	2025-2-1
shift	2025|3|24|0|1	2025-3-1
shift	2025|3|24|1|1	2025-4-1
shift	2025|3|24|2|1	2025-5-1
range	2025|3|24|5	2025-3-5 2025-4-5
days	2025|3|24|5	30
shift	2025|3|24|-2|5	2025-1-5
shift	2025|3|24|-1|5	2025-2-5
shift	2025|3|24|0|5	2025-3-5
shift	2025|3|24|1|5	2025-4-5
shift	2025|3|24|2|5	2025-5-5
range	2025|3|24|15	2025-3-15 2025-4-15
days	2025|3|24|15	30
shift	2025|3|24|-2|15	2025-1-15
shift	2025|3|24|-1|15	2025-2-15
shift	2025|3|24|0|15	2025-3-15
shift	2025|3|24|1|15	2025-4-15
shift	2025|3|24|2|15	2025-5-15
range	2025|3|24|25	2025-2-25 2025-3-25
days	2025|3|24|25	31
shift	2025|3|24|-2|25	2025-0-25
shift	2025|3|24|-1|25	2025-1-25
shift	2025|3|24|0|25	2025-2-25
shift	2025|3|24|1|25	2025-3-25
shift	2025|3|24|2|25	2025-4-25
range	2025|3|24|28	2025-2-28 2025-3-28
days	2025|3|24|28	31
shift	2025|3|24|-2|28	2025-0-28
shift	2025|3|24|-1|28	2025-1-28
shift	2025|3|24|0|28	2025-2-28
shift	2025|3|24|1|28	2025-3-28
shift	2025|3|24|2|28	2025-4-28
range	2025|3|24|29	2025-2-29 2025-3-29
days	2025|3|24|29	31
shift	2025|3|24|-2|29	2025-0-29
shift	2025|3|24|-1|29	2025-2-1
shift	2025|3|24|0|29	2025-2-29
shift	2025|3|24|1|29	2025-3-29
shift	2025|3|24|2|29	2025-4-29
range	2025|3|24|30	2025-2-30 2025-3-30
days	2025|3|24|30	31
shift	2025|3|24|-2|30	2025-0-30
shift	2025|3|24|-1|30	2025-2-2
shift	2025|3|24|0|30	2025-2-30
shift	2025|3|24|1|30	2025-3-30
shift	2025|3|24|2|30	2025-4-30
range	2025|3|24|31	2025-2-31 2025-4-1
days	2025|3|24|31	31
shift	2025|3|24|-2|31	2025-0-31
shift	2025|3|24|-1|31	2025-2-3
shift	2025|3|24|0|31	2025-2-31
shift	2025|3|24|1|31	2025-4-1
shift	2025|3|24|2|31	2025-4-31
range	2025|3|25|0	2025-3-1 2025-4-1
days	2025|3|25|0	30
shift	2025|3|25|-2|0	2025-1-1
shift	2025|3|25|-1|0	2025-2-1
shift	2025|3|25|0|0	2025-3-1
shift	2025|3|25|1|0	2025-4-1
shift	2025|3|25|2|0	2025-5-1
range	2025|3|25|1	2025-3-1 2025-4-1
days	2025|3|25|1	30
shift	2025|3|25|-2|1	2025-1-1
shift	2025|3|25|-1|1	2025-2-1
shift	2025|3|25|0|1	2025-3-1
shift	2025|3|25|1|1	2025-4-1
shift	2025|3|25|2|1	2025-5-1
range	2025|3|25|5	2025-3-5 2025-4-5
days	2025|3|25|5	30
shift	2025|3|25|-2|5	2025-1-5
shift	2025|3|25|-1|5	2025-2-5
shift	2025|3|25|0|5	2025-3-5
shift	2025|3|25|1|5	2025-4-5
shift	2025|3|25|2|5	2025-5-5
range	2025|3|25|15	2025-3-15 2025-4-15
days	2025|3|25|15	30
shift	2025|3|25|-2|15	2025-1-15
shift	2025|3|25|-1|15	2025-2-15
shift	2025|3|25|0|15	2025-3-15
shift	2025|3|25|1|15	2025-4-15
shift	2025|3|25|2|15	2025-5-15
range	2025|3|25|25	2025-3-25 2025-4-25
days	2025|3|25|25	30
shift	2025|3|25|-2|25	2025-1-25
shift	2025|3|25|-1|25	2025-2-25
shift	2025|3|25|0|25	2025-3-25
shift	2025|3|25|1|25	2025-4-25
shift	2025|3|25|2|25	2025-5-25
range	2025|3|25|28	2025-2-28 2025-3-28
days	2025|3|25|28	31
shift	2025|3|25|-2|28	2025-0-28
shift	2025|3|25|-1|28	2025-1-28
shift	2025|3|25|0|28	2025-2-28
shift	2025|3|25|1|28	2025-3-28
shift	2025|3|25|2|28	2025-4-28
range	2025|3|25|29	2025-2-29 2025-3-29
days	2025|3|25|29	31
shift	2025|3|25|-2|29	2025-0-29
shift	2025|3|25|-1|29	2025-2-1
shift	2025|3|25|0|29	2025-2-29
shift	2025|3|25|1|29	2025-3-29
shift	2025|3|25|2|29	2025-4-29
range	2025|3|25|30	2025-2-30 2025-3-30
days	2025|3|25|30	31
shift	2025|3|25|-2|30	2025-0-30
shift	2025|3|25|-1|30	2025-2-2
shift	2025|3|25|0|30	2025-2-30
shift	2025|3|25|1|30	2025-3-30
shift	2025|3|25|2|30	2025-4-30
range	2025|3|25|31	2025-2-31 2025-4-1
days	2025|3|25|31	31
shift	2025|3|25|-2|31	2025-0-31
shift	2025|3|25|-1|31	2025-2-3
shift	2025|3|25|0|31	2025-2-31
shift	2025|3|25|1|31	2025-4-1
shift	2025|3|25|2|31	2025-4-31
range	2025|3|26|0	2025-3-1 2025-4-1
days	2025|3|26|0	30
shift	2025|3|26|-2|0	2025-1-1
shift	2025|3|26|-1|0	2025-2-1
shift	2025|3|26|0|0	2025-3-1
shift	2025|3|26|1|0	2025-4-1
shift	2025|3|26|2|0	2025-5-1
range	2025|3|26|1	2025-3-1 2025-4-1
days	2025|3|26|1	30
shift	2025|3|26|-2|1	2025-1-1
shift	2025|3|26|-1|1	2025-2-1
shift	2025|3|26|0|1	2025-3-1
shift	2025|3|26|1|1	2025-4-1
shift	2025|3|26|2|1	2025-5-1
range	2025|3|26|5	2025-3-5 2025-4-5
days	2025|3|26|5	30
shift	2025|3|26|-2|5	2025-1-5
shift	2025|3|26|-1|5	2025-2-5
shift	2025|3|26|0|5	2025-3-5
shift	2025|3|26|1|5	2025-4-5
shift	2025|3|26|2|5	2025-5-5
range	2025|3|26|15	2025-3-15 2025-4-15
days	2025|3|26|15	30
shift	2025|3|26|-2|15	2025-1-15
shift	2025|3|26|-1|15	2025-2-15
shift	2025|3|26|0|15	2025-3-15
shift	2025|3|26|1|15	2025-4-15
shift	2025|3|26|2|15	2025-5-15
range	2025|3|26|25	2025-3-25 2025-4-25
days	2025|3|26|25	30
shift	2025|3|26|-2|25	2025-1-25
shift	2025|3|26|-1|25	2025-2-25
shift	2025|3|26|0|25	2025-3-25
shift	2025|3|26|1|25	2025-4-25
shift	2025|3|26|2|25	2025-5-25
range	2025|3|26|28	2025-2-28 2025-3-28
days	2025|3|26|28	31
shift	2025|3|26|-2|28	2025-0-28
shift	2025|3|26|-1|28	2025-1-28
shift	2025|3|26|0|28	2025-2-28
shift	2025|3|26|1|28	2025-3-28
shift	2025|3|26|2|28	2025-4-28
range	2025|3|26|29	2025-2-29 2025-3-29
days	2025|3|26|29	31
shift	2025|3|26|-2|29	2025-0-29
shift	2025|3|26|-1|29	2025-2-1
shift	2025|3|26|0|29	2025-2-29
shift	2025|3|26|1|29	2025-3-29
shift	2025|3|26|2|29	2025-4-29
range	2025|3|26|30	2025-2-30 2025-3-30
days	2025|3|26|30	31
shift	2025|3|26|-2|30	2025-0-30
shift	2025|3|26|-1|30	2025-2-2
shift	2025|3|26|0|30	2025-2-30
shift	2025|3|26|1|30	2025-3-30
shift	2025|3|26|2|30	2025-4-30
range	2025|3|26|31	2025-2-31 2025-4-1
days	2025|3|26|31	31
shift	2025|3|26|-2|31	2025-0-31
shift	2025|3|26|-1|31	2025-2-3
shift	2025|3|26|0|31	2025-2-31
shift	2025|3|26|1|31	2025-4-1
shift	2025|3|26|2|31	2025-4-31
range	2025|3|28|0	2025-3-1 2025-4-1
days	2025|3|28|0	30
shift	2025|3|28|-2|0	2025-1-1
shift	2025|3|28|-1|0	2025-2-1
shift	2025|3|28|0|0	2025-3-1
shift	2025|3|28|1|0	2025-4-1
shift	2025|3|28|2|0	2025-5-1
range	2025|3|28|1	2025-3-1 2025-4-1
days	2025|3|28|1	30
shift	2025|3|28|-2|1	2025-1-1
shift	2025|3|28|-1|1	2025-2-1
shift	2025|3|28|0|1	2025-3-1
shift	2025|3|28|1|1	2025-4-1
shift	2025|3|28|2|1	2025-5-1
range	2025|3|28|5	2025-3-5 2025-4-5
days	2025|3|28|5	30
shift	2025|3|28|-2|5	2025-1-5
shift	2025|3|28|-1|5	2025-2-5
shift	2025|3|28|0|5	2025-3-5
shift	2025|3|28|1|5	2025-4-5
shift	2025|3|28|2|5	2025-5-5
range	2025|3|28|15	2025-3-15 2025-4-15
days	2025|3|28|15	30
shift	2025|3|28|-2|15	2025-1-15
shift	2025|3|28|-1|15	2025-2-15
shift	2025|3|28|0|15	2025-3-15
shift	2025|3|28|1|15	2025-4-15
shift	2025|3|28|2|15	2025-5-15
range	2025|3|28|25	2025-3-25 2025-4-25
days	2025|3|28|25	30
shift	2025|3|28|-2|25	2025-1-25
shift	2025|3|28|-1|25	2025-2-25
shift	2025|3|28|0|25	2025-3-25
shift	2025|3|28|1|25	2025-4-25
shift	2025|3|28|2|25	2025-5-25
range	2025|3|28|28	2025-3-28 2025-4-28
days	2025|3|28|28	30
shift	2025|3|28|-2|28	2025-1-28
shift	2025|3|28|-1|28	2025-2-28
shift	2025|3|28|0|28	2025-3-28
shift	2025|3|28|1|28	2025-4-28
shift	2025|3|28|2|28	2025-5-28
range	2025|3|28|29	2025-2-29 2025-3-29
days	2025|3|28|29	31
shift	2025|3|28|-2|29	2025-0-29
shift	2025|3|28|-1|29	2025-2-1
shift	2025|3|28|0|29	2025-2-29
shift	2025|3|28|1|29	2025-3-29
shift	2025|3|28|2|29	2025-4-29
range	2025|3|28|30	2025-2-30 2025-3-30
days	2025|3|28|30	31
shift	2025|3|28|-2|30	2025-0-30
shift	2025|3|28|-1|30	2025-2-2
shift	2025|3|28|0|30	2025-2-30
shift	2025|3|28|1|30	2025-3-30
shift	2025|3|28|2|30	2025-4-30
range	2025|3|28|31	2025-2-31 2025-4-1
days	2025|3|28|31	31
shift	2025|3|28|-2|31	2025-0-31
shift	2025|3|28|-1|31	2025-2-3
shift	2025|3|28|0|31	2025-2-31
shift	2025|3|28|1|31	2025-4-1
shift	2025|3|28|2|31	2025-4-31
range	2025|3|31|0	2025-4-1 2025-5-1
days	2025|3|31|0	31
shift	2025|3|31|-2|0	2025-2-1
shift	2025|3|31|-1|0	2025-3-1
shift	2025|3|31|0|0	2025-4-1
shift	2025|3|31|1|0	2025-5-1
shift	2025|3|31|2|0	2025-6-1
range	2025|3|31|1	2025-4-1 2025-5-1
days	2025|3|31|1	31
shift	2025|3|31|-2|1	2025-2-1
shift	2025|3|31|-1|1	2025-3-1
shift	2025|3|31|0|1	2025-4-1
shift	2025|3|31|1|1	2025-5-1
shift	2025|3|31|2|1	2025-6-1
range	2025|3|31|5	2025-3-5 2025-4-5
days	2025|3|31|5	30
shift	2025|3|31|-2|5	2025-1-5
shift	2025|3|31|-1|5	2025-2-5
shift	2025|3|31|0|5	2025-3-5
shift	2025|3|31|1|5	2025-4-5
shift	2025|3|31|2|5	2025-5-5
range	2025|3|31|15	2025-3-15 2025-4-15
days	2025|3|31|15	30
shift	2025|3|31|-2|15	2025-1-15
shift	2025|3|31|-1|15	2025-2-15
shift	2025|3|31|0|15	2025-3-15
shift	2025|3|31|1|15	2025-4-15
shift	2025|3|31|2|15	2025-5-15
range	2025|3|31|25	2025-3-25 2025-4-25
days	2025|3|31|25	30
shift	2025|3|31|-2|25	2025-1-25
shift	2025|3|31|-1|25	2025-2-25
shift	2025|3|31|0|25	2025-3-25
shift	2025|3|31|1|25	2025-4-25
shift	2025|3|31|2|25	2025-5-25
range	2025|3|31|28	2025-3-28 2025-4-28
days	2025|3|31|28	30
shift	2025|3|31|-2|28	2025-1-28
shift	2025|3|31|-1|28	2025-2-28
shift	2025|3|31|0|28	2025-3-28
shift	2025|3|31|1|28	2025-4-28
shift	2025|3|31|2|28	2025-5-28
range	2025|3|31|29	2025-3-29 2025-4-29
days	2025|3|31|29	30
shift	2025|3|31|-2|29	2025-2-1
shift	2025|3|31|-1|29	2025-2-29
shift	2025|3|31|0|29	2025-3-29
shift	2025|3|31|1|29	2025-4-29
shift	2025|3|31|2|29	2025-5-29
range	2025|3|31|30	2025-3-30 2025-4-30
days	2025|3|31|30	30
shift	2025|3|31|-2|30	2025-2-2
shift	2025|3|31|-1|30	2025-2-30
shift	2025|3|31|0|30	2025-3-30
shift	2025|3|31|1|30	2025-4-30
shift	2025|3|31|2|30	2025-5-30
range	2025|3|31|31	2025-4-1 2025-6-1
days	2025|3|31|31	61
shift	2025|3|31|-2|31	2025-2-31
shift	2025|3|31|-1|31	2025-4-1
shift	2025|3|31|0|31	2025-4-31
shift	2025|3|31|1|31	2025-6-1
shift	2025|3|31|2|31	2025-6-31
range	2025|4|1|0	2025-4-1 2025-5-1
days	2025|4|1|0	31
shift	2025|4|1|-2|0	2025-2-1
shift	2025|4|1|-1|0	2025-3-1
shift	2025|4|1|0|0	2025-4-1
shift	2025|4|1|1|0	2025-5-1
shift	2025|4|1|2|0	2025-6-1
range	2025|4|1|1	2025-4-1 2025-5-1
days	2025|4|1|1	31
shift	2025|4|1|-2|1	2025-2-1
shift	2025|4|1|-1|1	2025-3-1
shift	2025|4|1|0|1	2025-4-1
shift	2025|4|1|1|1	2025-5-1
shift	2025|4|1|2|1	2025-6-1
range	2025|4|1|5	2025-3-5 2025-4-5
days	2025|4|1|5	30
shift	2025|4|1|-2|5	2025-1-5
shift	2025|4|1|-1|5	2025-2-5
shift	2025|4|1|0|5	2025-3-5
shift	2025|4|1|1|5	2025-4-5
shift	2025|4|1|2|5	2025-5-5
range	2025|4|1|15	2025-3-15 2025-4-15
days	2025|4|1|15	30
shift	2025|4|1|-2|15	2025-1-15
shift	2025|4|1|-1|15	2025-2-15
shift	2025|4|1|0|15	2025-3-15
shift	2025|4|1|1|15	2025-4-15
shift	2025|4|1|2|15	2025-5-15
range	2025|4|1|25	2025-3-25 2025-4-25
days	2025|4|1|25	30
shift	2025|4|1|-2|25	2025-1-25
shift	2025|4|1|-1|25	2025-2-25
shift	2025|4|1|0|25	2025-3-25
shift	2025|4|1|1|25	2025-4-25
shift	2025|4|1|2|25	2025-5-25
range	2025|4|1|28	2025-3-28 2025-4-28
days	2025|4|1|28	30
shift	2025|4|1|-2|28	2025-1-28
shift	2025|4|1|-1|28	2025-2-28
shift	2025|4|1|0|28	2025-3-28
shift	2025|4|1|1|28	2025-4-28
shift	2025|4|1|2|28	2025-5-28
range	2025|4|1|29	2025-3-29 2025-4-29
days	2025|4|1|29	30
shift	2025|4|1|-2|29	2025-2-1
shift	2025|4|1|-1|29	2025-2-29
shift	2025|4|1|0|29	2025-3-29
shift	2025|4|1|1|29	2025-4-29
shift	2025|4|1|2|29	2025-5-29
range	2025|4|1|30	2025-3-30 2025-4-30
days	2025|4|1|30	30
shift	2025|4|1|-2|30	2025-2-2
shift	2025|4|1|-1|30	2025-2-30
shift	2025|4|1|0|30	2025-3-30
shift	2025|4|1|1|30	2025-4-30
shift	2025|4|1|2|30	2025-5-30
range	2025|4|1|31	2025-4-1 2025-6-1
days	2025|4|1|31	61
shift	2025|4|1|-2|31	2025-2-31
shift	2025|4|1|-1|31	2025-4-1
shift	2025|4|1|0|31	2025-4-31
shift	2025|4|1|1|31	2025-6-1
shift	2025|4|1|2|31	2025-6-31
range	2025|4|5|0	2025-4-1 2025-5-1
days	2025|4|5|0	31
shift	2025|4|5|-2|0	2025-2-1
shift	2025|4|5|-1|0	2025-3-1
shift	2025|4|5|0|0	2025-4-1
shift	2025|4|5|1|0	2025-5-1
shift	2025|4|5|2|0	2025-6-1
range	2025|4|5|1	2025-4-1 2025-5-1
days	2025|4|5|1	31
shift	2025|4|5|-2|1	2025-2-1
shift	2025|4|5|-1|1	2025-3-1
shift	2025|4|5|0|1	2025-4-1
shift	2025|4|5|1|1	2025-5-1
shift	2025|4|5|2|1	2025-6-1
range	2025|4|5|5	2025-4-5 2025-5-5
days	2025|4|5|5	31
shift	2025|4|5|-2|5	2025-2-5
shift	2025|4|5|-1|5	2025-3-5
shift	2025|4|5|0|5	2025-4-5
shift	2025|4|5|1|5	2025-5-5
shift	2025|4|5|2|5	2025-6-5
range	2025|4|5|15	2025-3-15 2025-4-15
days	2025|4|5|15	30
shift	2025|4|5|-2|15	2025-1-15
shift	2025|4|5|-1|15	2025-2-15
shift	2025|4|5|0|15	2025-3-15
shift	2025|4|5|1|15	2025-4-15
shift	2025|4|5|2|15	2025-5-15
range	2025|4|5|25	2025-3-25 2025-4-25
days	2025|4|5|25	30
shift	2025|4|5|-2|25	2025-1-25
shift	2025|4|5|-1|25	2025-2-25
shift	2025|4|5|0|25	2025-3-25
shift	2025|4|5|1|25	2025-4-25
shift	2025|4|5|2|25	2025-5-25
range	2025|4|5|28	2025-3-28 2025-4-28
days	2025|4|5|28	30
shift	2025|4|5|-2|28	2025-1-28
shift	2025|4|5|-1|28	2025-2-28
shift	2025|4|5|0|28	2025-3-28
shift	2025|4|5|1|28	2025-4-28
shift	2025|4|5|2|28	2025-5-28
range	2025|4|5|29	2025-3-29 2025-4-29
days	2025|4|5|29	30
shift	2025|4|5|-2|29	2025-2-1
shift	2025|4|5|-1|29	2025-2-29
shift	2025|4|5|0|29	2025-3-29
shift	2025|4|5|1|29	2025-4-29
shift	2025|4|5|2|29	2025-5-29
range	2025|4|5|30	2025-3-30 2025-4-30
days	2025|4|5|30	30
shift	2025|4|5|-2|30	2025-2-2
shift	2025|4|5|-1|30	2025-2-30
shift	2025|4|5|0|30	2025-3-30
shift	2025|4|5|1|30	2025-4-30
shift	2025|4|5|2|30	2025-5-30
range	2025|4|5|31	2025-4-1 2025-6-1
days	2025|4|5|31	61
shift	2025|4|5|-2|31	2025-2-31
shift	2025|4|5|-1|31	2025-4-1
shift	2025|4|5|0|31	2025-4-31
shift	2025|4|5|1|31	2025-6-1
shift	2025|4|5|2|31	2025-6-31
range	2025|4|15|0	2025-4-1 2025-5-1
days	2025|4|15|0	31
shift	2025|4|15|-2|0	2025-2-1
shift	2025|4|15|-1|0	2025-3-1
shift	2025|4|15|0|0	2025-4-1
shift	2025|4|15|1|0	2025-5-1
shift	2025|4|15|2|0	2025-6-1
range	2025|4|15|1	2025-4-1 2025-5-1
days	2025|4|15|1	31
shift	2025|4|15|-2|1	2025-2-1
shift	2025|4|15|-1|1	2025-3-1
shift	2025|4|15|0|1	2025-4-1
shift	2025|4|15|1|1	2025-5-1
shift	2025|4|15|2|1	2025-6-1
range	2025|4|15|5	2025-4-5 2025-5-5
days	2025|4|15|5	31
shift	2025|4|15|-2|5	2025-2-5
shift	2025|4|15|-1|5	2025-3-5
shift	2025|4|15|0|5	2025-4-5
shift	2025|4|15|1|5	2025-5-5
shift	2025|4|15|2|5	2025-6-5
range	2025|4|15|15	2025-4-15 2025-5-15
days	2025|4|15|15	31
shift	2025|4|15|-2|15	2025-2-15
shift	2025|4|15|-1|15	2025-3-15
shift	2025|4|15|0|15	2025-4-15
shift	2025|4|15|1|15	2025-5-15
shift	2025|4|15|2|15	2025-6-15
range	2025|4|15|25	2025-3-25 2025-4-25
days	2025|4|15|25	30
shift	2025|4|15|-2|25	2025-1-25
shift	2025|4|15|-1|25	2025-2-25
shift	2025|4|15|0|25	2025-3-25
shift	2025|4|15|1|25	2025-4-25
shift	2025|4|15|2|25	2025-5-25
range	2025|4|15|28	2025-3-28 2025-4-28
days	2025|4|15|28	30
shift	2025|4|15|-2|28	2025-1-28
shift	2025|4|15|-1|28	2025-2-28
shift	2025|4|15|0|28	2025-3-28
shift	2025|4|15|1|28	2025-4-28
shift	2025|4|15|2|28	2025-5-28
range	2025|4|15|29	2025-3-29 2025-4-29
days	2025|4|15|29	30
shift	2025|4|15|-2|29	2025-2-1
shift	2025|4|15|-1|29	2025-2-29
shift	2025|4|15|0|29	2025-3-29
shift	2025|4|15|1|29	2025-4-29
shift	2025|4|15|2|29	2025-5-29
range	2025|4|15|30	2025-3-30 2025-4-30
days	2025|4|15|30	30
shift	2025|4|15|-2|30	2025-2-2
shift	2025|4|15|-1|30	2025-2-30
shift	2025|4|15|0|30	2025-3-30
shift	2025|4|15|1|30	2025-4-30
shift	2025|4|15|2|30	2025-5-30
range	2025|4|15|31	2025-4-1 2025-6-1
days	2025|4|15|31	61
shift	2025|4|15|-2|31	2025-2-31
shift	2025|4|15|-1|31	2025-4-1
shift	2025|4|15|0|31	2025-4-31
shift	2025|4|15|1|31	2025-6-1
shift	2025|4|15|2|31	2025-6-31
range	2025|4|24|0	2025-4-1 2025-5-1
days	2025|4|24|0	31
shift	2025|4|24|-2|0	2025-2-1
shift	2025|4|24|-1|0	2025-3-1
shift	2025|4|24|0|0	2025-4-1
shift	2025|4|24|1|0	2025-5-1
shift	2025|4|24|2|0	2025-6-1
range	2025|4|24|1	2025-4-1 2025-5-1
days	2025|4|24|1	31
shift	2025|4|24|-2|1	2025-2-1
shift	2025|4|24|-1|1	2025-3-1
shift	2025|4|24|0|1	2025-4-1
shift	2025|4|24|1|1	2025-5-1
shift	2025|4|24|2|1	2025-6-1
range	2025|4|24|5	2025-4-5 2025-5-5
days	2025|4|24|5	31
shift	2025|4|24|-2|5	2025-2-5
shift	2025|4|24|-1|5	2025-3-5
shift	2025|4|24|0|5	2025-4-5
shift	2025|4|24|1|5	2025-5-5
shift	2025|4|24|2|5	2025-6-5
range	2025|4|24|15	2025-4-15 2025-5-15
days	2025|4|24|15	31
shift	2025|4|24|-2|15	2025-2-15
shift	2025|4|24|-1|15	2025-3-15
shift	2025|4|24|0|15	2025-4-15
shift	2025|4|24|1|15	2025-5-15
shift	2025|4|24|2|15	2025-6-15
range	2025|4|24|25	2025-3-25 2025-4-25
days	2025|4|24|25	30
shift	2025|4|24|-2|25	2025-1-25
shift	2025|4|24|-1|25	2025-2-25
shift	2025|4|24|0|25	2025-3-25
shift	2025|4|24|1|25	2025-4-25
shift	2025|4|24|2|25	2025-5-25
range	2025|4|24|28	2025-3-28 2025-4-28
days	2025|4|24|28	30
shift	2025|4|24|-2|28	2025-1-28
shift	2025|4|24|-1|28	2025-2-28
shift	2025|4|24|0|28	2025-3-28
shift	2025|4|24|1|28	2025-4-28
shift	2025|4|24|2|28	2025-5-28
range	2025|4|24|29	2025-3-29 2025-4-29
days	2025|4|24|29	30
shift	2025|4|24|-2|29	2025-2-1
shift	2025|4|24|-1|29	2025-2-29
shift	2025|4|24|0|29	2025-3-29
shift	2025|4|24|1|29	2025-4-29
shift	2025|4|24|2|29	2025-5-29
range	2025|4|24|30	2025-3-30 2025-4-30
days	2025|4|24|30	30
shift	2025|4|24|-2|30	2025-2-2
shift	2025|4|24|-1|30	2025-2-30
shift	2025|4|24|0|30	2025-3-30
shift	2025|4|24|1|30	2025-4-30
shift	2025|4|24|2|30	2025-5-30
range	2025|4|24|31	2025-4-1 2025-6-1
days	2025|4|24|31	61
shift	2025|4|24|-2|31	2025-2-31
shift	2025|4|24|-1|31	2025-4-1
shift	2025|4|24|0|31	2025-4-31
shift	2025|4|24|1|31	2025-6-1
shift	2025|4|24|2|31	2025-6-31
range	2025|4|25|0	2025-4-1 2025-5-1
days	2025|4|25|0	31
shift	2025|4|25|-2|0	2025-2-1
shift	2025|4|25|-1|0	2025-3-1
shift	2025|4|25|0|0	2025-4-1
shift	2025|4|25|1|0	2025-5-1
shift	2025|4|25|2|0	2025-6-1
range	2025|4|25|1	2025-4-1 2025-5-1
days	2025|4|25|1	31
shift	2025|4|25|-2|1	2025-2-1
shift	2025|4|25|-1|1	2025-3-1
shift	2025|4|25|0|1	2025-4-1
shift	2025|4|25|1|1	2025-5-1
shift	2025|4|25|2|1	2025-6-1
range	2025|4|25|5	2025-4-5 2025-5-5
days	2025|4|25|5	31
shift	2025|4|25|-2|5	2025-2-5
shift	2025|4|25|-1|5	2025-3-5
shift	2025|4|25|0|5	2025-4-5
shift	2025|4|25|1|5	2025-5-5
shift	2025|4|25|2|5	2025-6-5
range	2025|4|25|15	2025-4-15 2025-5-15
days	2025|4|25|15	31
shift	2025|4|25|-2|15	2025-2-15
shift	2025|4|25|-1|15	2025-3-15
shift	2025|4|25|0|15	2025-4-15
shift	2025|4|25|1|15	2025-5-15
shift	2025|4|25|2|15	2025-6-15
range	2025|4|25|25	2025-4-25 2025-5-25
days	2025|4|25|25	31
shift	2025|4|25|-2|25	2025-2-25
shift	2025|4|25|-1|25	2025-3-25
shift	2025|4|25|0|25	2025-4-25
shift	2025|4|25|1|25	2025-5-25
shift	2025|4|25|2|25	2025-6-25
range	2025|4|25|28	2025-3-28 2025-4-28
days	2025|4|25|28	30
shift	2025|4|25|-2|28	2025-1-28
shift	2025|4|25|-1|28	2025-2-28
shift	2025|4|25|0|28	2025-3-28
shift	2025|4|25|1|28	2025-4-28
shift	2025|4|25|2|28	2025-5-28
range	2025|4|25|29	2025-3-29 2025-4-29
days	2025|4|25|29	30
shift	2025|4|25|-2|29	2025-2-1
shift	2025|4|25|-1|29	2025-2-29
shift	2025|4|25|0|29	2025-3-29
shift	2025|4|25|1|29	2025-4-29
shift	2025|4|25|2|29	2025-5-29
range	2025|4|25|30	2025-3-30 2025-4-30
days	2025|4|25|30	30
shift	2025|4|25|-2|30	2025-2-2
shift	2025|4|25|-1|30	2025-2-30
shift	2025|4|25|0|30	2025-3-30
shift	2025|4|25|1|30	2025-4-30
shift	2025|4|25|2|30	2025-5-30
range	2025|4|25|31	2025-4-1 2025-6-1
days	2025|4|25|31	61
shift	2025|4|25|-2|31	2025-2-31
shift	2025|4|25|-1|31	2025-4-1
shift	2025|4|25|0|31	2025-4-31
shift	2025|4|25|1|31	2025-6-1
shift	2025|4|25|2|31	2025-6-31
range	2025|4|26|0	2025-4-1 2025-5-1
days	2025|4|26|0	31
shift	2025|4|26|-2|0	2025-2-1
shift	2025|4|26|-1|0	2025-3-1
shift	2025|4|26|0|0	2025-4-1
shift	2025|4|26|1|0	2025-5-1
shift	2025|4|26|2|0	2025-6-1
range	2025|4|26|1	2025-4-1 2025-5-1
days	2025|4|26|1	31
shift	2025|4|26|-2|1	2025-2-1
shift	2025|4|26|-1|1	2025-3-1
shift	2025|4|26|0|1	2025-4-1
shift	2025|4|26|1|1	2025-5-1
shift	2025|4|26|2|1	2025-6-1
range	2025|4|26|5	2025-4-5 2025-5-5
days	2025|4|26|5	31
shift	2025|4|26|-2|5	2025-2-5
shift	2025|4|26|-1|5	2025-3-5
shift	2025|4|26|0|5	2025-4-5
shift	2025|4|26|1|5	2025-5-5
shift	2025|4|26|2|5	2025-6-5
range	2025|4|26|15	2025-4-15 2025-5-15
days	2025|4|26|15	31
shift	2025|4|26|-2|15	2025-2-15
shift	2025|4|26|-1|15	2025-3-15
shift	2025|4|26|0|15	2025-4-15
shift	2025|4|26|1|15	2025-5-15
shift	2025|4|26|2|15	2025-6-15
range	2025|4|26|25	2025-4-25 2025-5-25
days	2025|4|26|25	31
shift	2025|4|26|-2|25	2025-2-25
shift	2025|4|26|-1|25	2025-3-25
shift	2025|4|26|0|25	2025-4-25
shift	2025|4|26|1|25	2025-5-25
shift	2025|4|26|2|25	2025-6-25
range	2025|4|26|28	2025-3-28 2025-4-28
days	2025|4|26|28	30
shift	2025|4|26|-2|28	2025-1-28
shift	2025|4|26|-1|28	2025-2-28
shift	2025|4|26|0|28	2025-3-28
shift	2025|4|26|1|28	2025-4-28
shift	2025|4|26|2|28	2025-5-28
range	2025|4|26|29	2025-3-29 2025-4-29
days	2025|4|26|29	30
shift	2025|4|26|-2|29	2025-2-1
shift	2025|4|26|-1|29	2025-2-29
shift	2025|4|26|0|29	2025-3-29
shift	2025|4|26|1|29	2025-4-29
shift	2025|4|26|2|29	2025-5-29
range	2025|4|26|30	2025-3-30 2025-4-30
days	2025|4|26|30	30
shift	2025|4|26|-2|30	2025-2-2
shift	2025|4|26|-1|30	2025-2-30
shift	2025|4|26|0|30	2025-3-30
shift	2025|4|26|1|30	2025-4-30
shift	2025|4|26|2|30	2025-5-30
range	2025|4|26|31	2025-4-1 2025-6-1
days	2025|4|26|31	61
shift	2025|4|26|-2|31	2025-2-31
shift	2025|4|26|-1|31	2025-4-1
shift	2025|4|26|0|31	2025-4-31
shift	2025|4|26|1|31	2025-6-1
shift	2025|4|26|2|31	2025-6-31
range	2025|4|28|0	2025-4-1 2025-5-1
days	2025|4|28|0	31
shift	2025|4|28|-2|0	2025-2-1
shift	2025|4|28|-1|0	2025-3-1
shift	2025|4|28|0|0	2025-4-1
shift	2025|4|28|1|0	2025-5-1
shift	2025|4|28|2|0	2025-6-1
range	2025|4|28|1	2025-4-1 2025-5-1
days	2025|4|28|1	31
shift	2025|4|28|-2|1	2025-2-1
shift	2025|4|28|-1|1	2025-3-1
shift	2025|4|28|0|1	2025-4-1
shift	2025|4|28|1|1	2025-5-1
shift	2025|4|28|2|1	2025-6-1
range	2025|4|28|5	2025-4-5 2025-5-5
days	2025|4|28|5	31
shift	2025|4|28|-2|5	2025-2-5
shift	2025|4|28|-1|5	2025-3-5
shift	2025|4|28|0|5	2025-4-5
shift	2025|4|28|1|5	2025-5-5
shift	2025|4|28|2|5	2025-6-5
range	2025|4|28|15	2025-4-15 2025-5-15
days	2025|4|28|15	31
shift	2025|4|28|-2|15	2025-2-15
shift	2025|4|28|-1|15	2025-3-15
shift	2025|4|28|0|15	2025-4-15
shift	2025|4|28|1|15	2025-5-15
shift	2025|4|28|2|15	2025-6-15
range	2025|4|28|25	2025-4-25 2025-5-25
days	2025|4|28|25	31
shift	2025|4|28|-2|25	2025-2-25
shift	2025|4|28|-1|25	2025-3-25
shift	2025|4|28|0|25	2025-4-25
shift	2025|4|28|1|25	2025-5-25
shift	2025|4|28|2|25	2025-6-25
range	2025|4|28|28	2025-4-28 2025-5-28
days	2025|4|28|28	31
shift	2025|4|28|-2|28	2025-2-28
shift	2025|4|28|-1|28	2025-3-28
shift	2025|4|28|0|28	2025-4-28
shift	2025|4|28|1|28	2025-5-28
shift	2025|4|28|2|28	2025-6-28
range	2025|4|28|29	2025-3-29 2025-4-29
days	2025|4|28|29	30
shift	2025|4|28|-2|29	2025-2-1
shift	2025|4|28|-1|29	2025-2-29
shift	2025|4|28|0|29	2025-3-29
shift	2025|4|28|1|29	2025-4-29
shift	2025|4|28|2|29	2025-5-29
range	2025|4|28|30	2025-3-30 2025-4-30
days	2025|4|28|30	30
shift	2025|4|28|-2|30	2025-2-2
shift	2025|4|28|-1|30	2025-2-30
shift	2025|4|28|0|30	2025-3-30
shift	2025|4|28|1|30	2025-4-30
shift	2025|4|28|2|30	2025-5-30
range	2025|4|28|31	2025-4-1 2025-6-1
days	2025|4|28|31	61
shift	2025|4|28|-2|31	2025-2-31
shift	2025|4|28|-1|31	2025-4-1
shift	2025|4|28|0|31	2025-4-31
shift	2025|4|28|1|31	2025-6-1
shift	2025|4|28|2|31	2025-6-31
range	2025|4|31|0	2025-4-1 2025-5-1
days	2025|4|31|0	31
shift	2025|4|31|-2|0	2025-2-1
shift	2025|4|31|-1|0	2025-3-1
shift	2025|4|31|0|0	2025-4-1
shift	2025|4|31|1|0	2025-5-1
shift	2025|4|31|2|0	2025-6-1
range	2025|4|31|1	2025-4-1 2025-5-1
days	2025|4|31|1	31
shift	2025|4|31|-2|1	2025-2-1
shift	2025|4|31|-1|1	2025-3-1
shift	2025|4|31|0|1	2025-4-1
shift	2025|4|31|1|1	2025-5-1
shift	2025|4|31|2|1	2025-6-1
range	2025|4|31|5	2025-4-5 2025-5-5
days	2025|4|31|5	31
shift	2025|4|31|-2|5	2025-2-5
shift	2025|4|31|-1|5	2025-3-5
shift	2025|4|31|0|5	2025-4-5
shift	2025|4|31|1|5	2025-5-5
shift	2025|4|31|2|5	2025-6-5
range	2025|4|31|15	2025-4-15 2025-5-15
days	2025|4|31|15	31
shift	2025|4|31|-2|15	2025-2-15
shift	2025|4|31|-1|15	2025-3-15
shift	2025|4|31|0|15	2025-4-15
shift	2025|4|31|1|15	2025-5-15
shift	2025|4|31|2|15	2025-6-15
range	2025|4|31|25	2025-4-25 2025-5-25
days	2025|4|31|25	31
shift	2025|4|31|-2|25	2025-2-25
shift	2025|4|31|-1|25	2025-3-25
shift	2025|4|31|0|25	2025-4-25
shift	2025|4|31|1|25	2025-5-25
shift	2025|4|31|2|25	2025-6-25
range	2025|4|31|28	2025-4-28 2025-5-28
days	2025|4|31|28	31
shift	2025|4|31|-2|28	2025-2-28
shift	2025|4|31|-1|28	2025-3-28
shift	2025|4|31|0|28	2025-4-28
shift	2025|4|31|1|28	2025-5-28
shift	2025|4|31|2|28	2025-6-28
range	2025|4|31|29	2025-4-29 2025-5-29
days	2025|4|31|29	31
shift	2025|4|31|-2|29	2025-2-29
shift	2025|4|31|-1|29	2025-3-29
shift	2025|4|31|0|29	2025-4-29
shift	2025|4|31|1|29	2025-5-29
shift	2025|4|31|2|29	2025-6-29
range	2025|4|31|30	2025-4-30 2025-5-30
days	2025|4|31|30	31
shift	2025|4|31|-2|30	2025-2-30
shift	2025|4|31|-1|30	2025-3-30
shift	2025|4|31|0|30	2025-4-30
shift	2025|4|31|1|30	2025-5-30
shift	2025|4|31|2|30	2025-6-30
range	2025|4|31|31	2025-4-31 2025-6-1
days	2025|4|31|31	31
shift	2025|4|31|-2|31	2025-2-31
shift	2025|4|31|-1|31	2025-4-1
shift	2025|4|31|0|31	2025-4-31
shift	2025|4|31|1|31	2025-6-1
shift	2025|4|31|2|31	2025-6-31
range	2025|5|1|0	2025-5-1 2025-6-1
days	2025|5|1|0	30
shift	2025|5|1|-2|0	2025-3-1
shift	2025|5|1|-1|0	2025-4-1
shift	2025|5|1|0|0	2025-5-1
shift	2025|5|1|1|0	2025-6-1
shift	2025|5|1|2|0	2025-7-1
range	2025|5|1|1	2025-5-1 2025-6-1
days	2025|5|1|1	30
shift	2025|5|1|-2|1	2025-3-1
shift	2025|5|1|-1|1	2025-4-1
shift	2025|5|1|0|1	2025-5-1
shift	2025|5|1|1|1	2025-6-1
shift	2025|5|1|2|1	2025-7-1
range	2025|5|1|5	2025-4-5 2025-5-5
days	2025|5|1|5	31
shift	2025|5|1|-2|5	2025-2-5
shift	2025|5|1|-1|5	2025-3-5
shift	2025|5|1|0|5	2025-4-5
shift	2025|5|1|1|5	2025-5-5
shift	2025|5|1|2|5	2025-6-5
range	2025|5|1|15	2025-4-15 2025-5-15
days	2025|5|1|15	31
shift	2025|5|1|-2|15	2025-2-15
shift	2025|5|1|-1|15	2025-3-15
shift	2025|5|1|0|15	2025-4-15
shift	2025|5|1|1|15	2025-5-15
shift	2025|5|1|2|15	2025-6-15
range	2025|5|1|25	2025-4-25 2025-5-25
days	2025|5|1|25	31
shift	2025|5|1|-2|25	2025-2-25
shift	2025|5|1|-1|25	2025-3-25
shift	2025|5|1|0|25	2025-4-25
shift	2025|5|1|1|25	2025-5-25
shift	2025|5|1|2|25	2025-6-25
range	2025|5|1|28	2025-4-28 2025-5-28
days	2025|5|1|28	31
shift	2025|5|1|-2|28	2025-2-28
shift	2025|5|1|-1|28	2025-3-28
shift	2025|5|1|0|28	2025-4-28
shift	2025|5|1|1|28	2025-5-28
shift	2025|5|1|2|28	2025-6-28
range	2025|5|1|29	2025-4-29 2025-5-29
days	2025|5|1|29	31
shift	2025|5|1|-2|29	2025-2-29
shift	2025|5|1|-1|29	2025-3-29
shift	2025|5|1|0|29	2025-4-29
shift	2025|5|1|1|29	2025-5-29
shift	2025|5|1|2|29	2025-6-29
range	2025|5|1|30	2025-4-30 2025-5-30
days	2025|5|1|30	31
shift	2025|5|1|-2|30	2025-2-30
shift	2025|5|1|-1|30	2025-3-30
shift	2025|5|1|0|30	2025-4-30
shift	2025|5|1|1|30	2025-5-30
shift	2025|5|1|2|30	2025-6-30
range	2025|5|1|31	2025-4-31 2025-6-1
days	2025|5|1|31	31
shift	2025|5|1|-2|31	2025-2-31
shift	2025|5|1|-1|31	2025-4-1
shift	2025|5|1|0|31	2025-4-31
shift	2025|5|1|1|31	2025-6-1
shift	2025|5|1|2|31	2025-6-31
range	2025|5|5|0	2025-5-1 2025-6-1
days	2025|5|5|0	30
shift	2025|5|5|-2|0	2025-3-1
shift	2025|5|5|-1|0	2025-4-1
shift	2025|5|5|0|0	2025-5-1
shift	2025|5|5|1|0	2025-6-1
shift	2025|5|5|2|0	2025-7-1
range	2025|5|5|1	2025-5-1 2025-6-1
days	2025|5|5|1	30
shift	2025|5|5|-2|1	2025-3-1
shift	2025|5|5|-1|1	2025-4-1
shift	2025|5|5|0|1	2025-5-1
shift	2025|5|5|1|1	2025-6-1
shift	2025|5|5|2|1	2025-7-1
range	2025|5|5|5	2025-5-5 2025-6-5
days	2025|5|5|5	30
shift	2025|5|5|-2|5	2025-3-5
shift	2025|5|5|-1|5	2025-4-5
shift	2025|5|5|0|5	2025-5-5
shift	2025|5|5|1|5	2025-6-5
shift	2025|5|5|2|5	2025-7-5
range	2025|5|5|15	2025-4-15 2025-5-15
days	2025|5|5|15	31
shift	2025|5|5|-2|15	2025-2-15
shift	2025|5|5|-1|15	2025-3-15
shift	2025|5|5|0|15	2025-4-15
shift	2025|5|5|1|15	2025-5-15
shift	2025|5|5|2|15	2025-6-15
range	2025|5|5|25	2025-4-25 2025-5-25
days	2025|5|5|25	31
shift	2025|5|5|-2|25	2025-2-25
shift	2025|5|5|-1|25	2025-3-25
shift	2025|5|5|0|25	2025-4-25
shift	2025|5|5|1|25	2025-5-25
shift	2025|5|5|2|25	2025-6-25
range	2025|5|5|28	2025-4-28 2025-5-28
days	2025|5|5|28	31
shift	2025|5|5|-2|28	2025-2-28
shift	2025|5|5|-1|28	2025-3-28
shift	2025|5|5|0|28	2025-4-28
shift	2025|5|5|1|28	2025-5-28
shift	2025|5|5|2|28	2025-6-28
range	2025|5|5|29	2025-4-29 2025-5-29
days	2025|5|5|29	31
shift	2025|5|5|-2|29	2025-2-29
shift	2025|5|5|-1|29	2025-3-29
shift	2025|5|5|0|29	2025-4-29
shift	2025|5|5|1|29	2025-5-29
shift	2025|5|5|2|29	2025-6-29
range	2025|5|5|30	2025-4-30 2025-5-30
days	2025|5|5|30	31
shift	2025|5|5|-2|30	2025-2-30
shift	2025|5|5|-1|30	2025-3-30
shift	2025|5|5|0|30	2025-4-30
shift	2025|5|5|1|30	2025-5-30
shift	2025|5|5|2|30	2025-6-30
range	2025|5|5|31	2025-4-31 2025-6-1
days	2025|5|5|31	31
shift	2025|5|5|-2|31	2025-2-31
shift	2025|5|5|-1|31	2025-4-1
shift	2025|5|5|0|31	2025-4-31
shift	2025|5|5|1|31	2025-6-1
shift	2025|5|5|2|31	2025-6-31
range	2025|5|15|0	2025-5-1 2025-6-1
days	2025|5|15|0	30
shift	2025|5|15|-2|0	2025-3-1
shift	2025|5|15|-1|0	2025-4-1
shift	2025|5|15|0|0	2025-5-1
shift	2025|5|15|1|0	2025-6-1
shift	2025|5|15|2|0	2025-7-1
range	2025|5|15|1	2025-5-1 2025-6-1
days	2025|5|15|1	30
shift	2025|5|15|-2|1	2025-3-1
shift	2025|5|15|-1|1	2025-4-1
shift	2025|5|15|0|1	2025-5-1
shift	2025|5|15|1|1	2025-6-1
shift	2025|5|15|2|1	2025-7-1
range	2025|5|15|5	2025-5-5 2025-6-5
days	2025|5|15|5	30
shift	2025|5|15|-2|5	2025-3-5
shift	2025|5|15|-1|5	2025-4-5
shift	2025|5|15|0|5	2025-5-5
shift	2025|5|15|1|5	2025-6-5
shift	2025|5|15|2|5	2025-7-5
range	2025|5|15|15	2025-5-15 2025-6-15
days	2025|5|15|15	30
shift	2025|5|15|-2|15	2025-3-15
shift	2025|5|15|-1|15	2025-4-15
shift	2025|5|15|0|15	2025-5-15
shift	2025|5|15|1|15	2025-6-15
shift	2025|5|15|2|15	2025-7-15
range	2025|5|15|25	2025-4-25 2025-5-25
days	2025|5|15|25	31
shift	2025|5|15|-2|25	2025-2-25
shift	2025|5|15|-1|25	2025-3-25
shift	2025|5|15|0|25	2025-4-25
shift	2025|5|15|1|25	2025-5-25
shift	2025|5|15|2|25	2025-6-25
range	2025|5|15|28	2025-4-28 2025-5-28
days	2025|5|15|28	31
shift	2025|5|15|-2|28	2025-2-28
shift	2025|5|15|-1|28	2025-3-28
shift	2025|5|15|0|28	2025-4-28
shift	2025|5|15|1|28	2025-5-28
shift	2025|5|15|2|28	2025-6-28
range	2025|5|15|29	2025-4-29 2025-5-29
days	2025|5|15|29	31
shift	2025|5|15|-2|29	2025-2-29
shift	2025|5|15|-1|29	2025-3-29
shift	2025|5|15|0|29	2025-4-29
shift	2025|5|15|1|29	2025-5-29
shift	2025|5|15|2|29	2025-6-29
range	2025|5|15|30	2025-4-30 2025-5-30
days	2025|5|15|30	31
shift	2025|5|15|-2|30	2025-2-30
shift	2025|5|15|-1|30	2025-3-30
shift	2025|5|15|0|30	2025-4-30
shift	2025|5|15|1|30	2025-5-30
shift	2025|5|15|2|30	2025-6-30
range	2025|5|15|31	2025-4-31 2025-6-1
days	2025|5|15|31	31
shift	2025|5|15|-2|31	2025-2-31
shift	2025|5|15|-1|31	2025-4-1
shift	2025|5|15|0|31	2025-4-31
shift	2025|5|15|1|31	2025-6-1
shift	2025|5|15|2|31	2025-6-31
range	2025|5|24|0	2025-5-1 2025-6-1
days	2025|5|24|0	30
shift	2025|5|24|-2|0	2025-3-1
shift	2025|5|24|-1|0	2025-4-1
shift	2025|5|24|0|0	2025-5-1
shift	2025|5|24|1|0	2025-6-1
shift	2025|5|24|2|0	2025-7-1
range	2025|5|24|1	2025-5-1 2025-6-1
days	2025|5|24|1	30
shift	2025|5|24|-2|1	2025-3-1
shift	2025|5|24|-1|1	2025-4-1
shift	2025|5|24|0|1	2025-5-1
shift	2025|5|24|1|1	2025-6-1
shift	2025|5|24|2|1	2025-7-1
range	2025|5|24|5	2025-5-5 2025-6-5
days	2025|5|24|5	30
shift	2025|5|24|-2|5	2025-3-5
shift	2025|5|24|-1|5	2025-4-5
shift	2025|5|24|0|5	2025-5-5
shift	2025|5|24|1|5	2025-6-5
shift	2025|5|24|2|5	2025-7-5
range	2025|5|24|15	2025-5-15 2025-6-15
days	2025|5|24|15	30
shift	2025|5|24|-2|15	2025-3-15
shift	2025|5|24|-1|15	2025-4-15
shift	2025|5|24|0|15	2025-5-15
shift	2025|5|24|1|15	2025-6-15
shift	2025|5|24|2|15	2025-7-15
range	2025|5|24|25	2025-4-25 2025-5-25
days	2025|5|24|25	31
shift	2025|5|24|-2|25	2025-2-25
shift	2025|5|24|-1|25	2025-3-25
shift	2025|5|24|0|25	2025-4-25
shift	2025|5|24|1|25	2025-5-25
shift	2025|5|24|2|25	2025-6-25
range	2025|5|24|28	2025-4-28 2025-5-28
days	2025|5|24|28	31
shift	2025|5|24|-2|28	2025-2-28
shift	2025|5|24|-1|28	2025-3-28
shift	2025|5|24|0|28	2025-4-28
shift	2025|5|24|1|28	2025-5-28
shift	2025|5|24|2|28	2025-6-28
range	2025|5|24|29	2025-4-29 2025-5-29
days	2025|5|24|29	31
shift	2025|5|24|-2|29	2025-2-29
shift	2025|5|24|-1|29	2025-3-29
shift	2025|5|24|0|29	2025-4-29
shift	2025|5|24|1|29	2025-5-29
shift	2025|5|24|2|29	2025-6-29
range	2025|5|24|30	2025-4-30 2025-5-30
days	2025|5|24|30	31
shift	2025|5|24|-2|30	2025-2-30
shift	2025|5|24|-1|30	2025-3-30
shift	2025|5|24|0|30	2025-4-30
shift	2025|5|24|1|30	2025-5-30
shift	2025|5|24|2|30	2025-6-30
range	2025|5|24|31	2025-4-31 2025-6-1
days	2025|5|24|31	31
shift	2025|5|24|-2|31	2025-2-31
shift	2025|5|24|-1|31	2025-4-1
shift	2025|5|24|0|31	2025-4-31
shift	2025|5|24|1|31	2025-6-1
shift	2025|5|24|2|31	2025-6-31
range	2025|5|25|0	2025-5-1 2025-6-1
days	2025|5|25|0	30
shift	2025|5|25|-2|0	2025-3-1
shift	2025|5|25|-1|0	2025-4-1
shift	2025|5|25|0|0	2025-5-1
shift	2025|5|25|1|0	2025-6-1
shift	2025|5|25|2|0	2025-7-1
range	2025|5|25|1	2025-5-1 2025-6-1
days	2025|5|25|1	30
shift	2025|5|25|-2|1	2025-3-1
shift	2025|5|25|-1|1	2025-4-1
shift	2025|5|25|0|1	2025-5-1
shift	2025|5|25|1|1	2025-6-1
shift	2025|5|25|2|1	2025-7-1
range	2025|5|25|5	2025-5-5 2025-6-5
days	2025|5|25|5	30
shift	2025|5|25|-2|5	2025-3-5
shift	2025|5|25|-1|5	2025-4-5
shift	2025|5|25|0|5	2025-5-5
shift	2025|5|25|1|5	2025-6-5
shift	2025|5|25|2|5	2025-7-5
range	2025|5|25|15	2025-5-15 2025-6-15
days	2025|5|25|15	30
shift	2025|5|25|-2|15	2025-3-15
shift	2025|5|25|-1|15	2025-4-15
shift	2025|5|25|0|15	2025-5-15
shift	2025|5|25|1|15	2025-6-15
shift	2025|5|25|2|15	2025-7-15
range	2025|5|25|25	2025-5-25 2025-6-25
days	2025|5|25|25	30
shift	2025|5|25|-2|25	2025-3-25
shift	2025|5|25|-1|25	2025-4-25
shift	2025|5|25|0|25	2025-5-25
shift	2025|5|25|1|25	2025-6-25
shift	2025|5|25|2|25	2025-7-25
range	2025|5|25|28	2025-4-28 2025-5-28
days	2025|5|25|28	31
shift	2025|5|25|-2|28	2025-2-28
shift	2025|5|25|-1|28	2025-3-28
shift	2025|5|25|0|28	2025-4-28
shift	2025|5|25|1|28	2025-5-28
shift	2025|5|25|2|28	2025-6-28
range	2025|5|25|29	2025-4-29 2025-5-29
days	2025|5|25|29	31
shift	2025|5|25|-2|29	2025-2-29
shift	2025|5|25|-1|29	2025-3-29
shift	2025|5|25|0|29	2025-4-29
shift	2025|5|25|1|29	2025-5-29
shift	2025|5|25|2|29	2025-6-29
range	2025|5|25|30	2025-4-30 2025-5-30
days	2025|5|25|30	31
shift	2025|5|25|-2|30	2025-2-30
shift	2025|5|25|-1|30	2025-3-30
shift	2025|5|25|0|30	2025-4-30
shift	2025|5|25|1|30	2025-5-30
shift	2025|5|25|2|30	2025-6-30
range	2025|5|25|31	2025-4-31 2025-6-1
days	2025|5|25|31	31
shift	2025|5|25|-2|31	2025-2-31
shift	2025|5|25|-1|31	2025-4-1
shift	2025|5|25|0|31	2025-4-31
shift	2025|5|25|1|31	2025-6-1
shift	2025|5|25|2|31	2025-6-31
range	2025|5|26|0	2025-5-1 2025-6-1
days	2025|5|26|0	30
shift	2025|5|26|-2|0	2025-3-1
shift	2025|5|26|-1|0	2025-4-1
shift	2025|5|26|0|0	2025-5-1
shift	2025|5|26|1|0	2025-6-1
shift	2025|5|26|2|0	2025-7-1
range	2025|5|26|1	2025-5-1 2025-6-1
days	2025|5|26|1	30
shift	2025|5|26|-2|1	2025-3-1
shift	2025|5|26|-1|1	2025-4-1
shift	2025|5|26|0|1	2025-5-1
shift	2025|5|26|1|1	2025-6-1
shift	2025|5|26|2|1	2025-7-1
range	2025|5|26|5	2025-5-5 2025-6-5
days	2025|5|26|5	30
shift	2025|5|26|-2|5	2025-3-5
shift	2025|5|26|-1|5	2025-4-5
shift	2025|5|26|0|5	2025-5-5
shift	2025|5|26|1|5	2025-6-5
shift	2025|5|26|2|5	2025-7-5
range	2025|5|26|15	2025-5-15 2025-6-15
days	2025|5|26|15	30
shift	2025|5|26|-2|15	2025-3-15
shift	2025|5|26|-1|15	2025-4-15
shift	2025|5|26|0|15	2025-5-15
shift	2025|5|26|1|15	2025-6-15
shift	2025|5|26|2|15	2025-7-15
range	2025|5|26|25	2025-5-25 2025-6-25
days	2025|5|26|25	30
shift	2025|5|26|-2|25	2025-3-25
shift	2025|5|26|-1|25	2025-4-25
shift	2025|5|26|0|25	2025-5-25
shift	2025|5|26|1|25	2025-6-25
shift	2025|5|26|2|25	2025-7-25
range	2025|5|26|28	2025-4-28 2025-5-28
days	2025|5|26|28	31
shift	2025|5|26|-2|28	2025-2-28
shift	2025|5|26|-1|28	2025-3-28
shift	2025|5|26|0|28	2025-4-28
shift	2025|5|26|1|28	2025-5-28
shift	2025|5|26|2|28	2025-6-28
range	2025|5|26|29	2025-4-29 2025-5-29
days	2025|5|26|29	31
shift	2025|5|26|-2|29	2025-2-29
shift	2025|5|26|-1|29	2025-3-29
shift	2025|5|26|0|29	2025-4-29
shift	2025|5|26|1|29	2025-5-29
shift	2025|5|26|2|29	2025-6-29
range	2025|5|26|30	2025-4-30 2025-5-30
days	2025|5|26|30	31
shift	2025|5|26|-2|30	2025-2-30
shift	2025|5|26|-1|30	2025-3-30
shift	2025|5|26|0|30	2025-4-30
shift	2025|5|26|1|30	2025-5-30
shift	2025|5|26|2|30	2025-6-30
range	2025|5|26|31	2025-4-31 2025-6-1
days	2025|5|26|31	31
shift	2025|5|26|-2|31	2025-2-31
shift	2025|5|26|-1|31	2025-4-1
shift	2025|5|26|0|31	2025-4-31
shift	2025|5|26|1|31	2025-6-1
shift	2025|5|26|2|31	2025-6-31
range	2025|5|28|0	2025-5-1 2025-6-1
days	2025|5|28|0	30
shift	2025|5|28|-2|0	2025-3-1
shift	2025|5|28|-1|0	2025-4-1
shift	2025|5|28|0|0	2025-5-1
shift	2025|5|28|1|0	2025-6-1
shift	2025|5|28|2|0	2025-7-1
range	2025|5|28|1	2025-5-1 2025-6-1
days	2025|5|28|1	30
shift	2025|5|28|-2|1	2025-3-1
shift	2025|5|28|-1|1	2025-4-1
shift	2025|5|28|0|1	2025-5-1
shift	2025|5|28|1|1	2025-6-1
shift	2025|5|28|2|1	2025-7-1
range	2025|5|28|5	2025-5-5 2025-6-5
days	2025|5|28|5	30
shift	2025|5|28|-2|5	2025-3-5
shift	2025|5|28|-1|5	2025-4-5
shift	2025|5|28|0|5	2025-5-5
shift	2025|5|28|1|5	2025-6-5
shift	2025|5|28|2|5	2025-7-5
range	2025|5|28|15	2025-5-15 2025-6-15
days	2025|5|28|15	30
shift	2025|5|28|-2|15	2025-3-15
shift	2025|5|28|-1|15	2025-4-15
shift	2025|5|28|0|15	2025-5-15
shift	2025|5|28|1|15	2025-6-15
shift	2025|5|28|2|15	2025-7-15
range	2025|5|28|25	2025-5-25 2025-6-25
days	2025|5|28|25	30
shift	2025|5|28|-2|25	2025-3-25
shift	2025|5|28|-1|25	2025-4-25
shift	2025|5|28|0|25	2025-5-25
shift	2025|5|28|1|25	2025-6-25
shift	2025|5|28|2|25	2025-7-25
range	2025|5|28|28	2025-5-28 2025-6-28
days	2025|5|28|28	30
shift	2025|5|28|-2|28	2025-3-28
shift	2025|5|28|-1|28	2025-4-28
shift	2025|5|28|0|28	2025-5-28
shift	2025|5|28|1|28	2025-6-28
shift	2025|5|28|2|28	2025-7-28
range	2025|5|28|29	2025-4-29 2025-5-29
days	2025|5|28|29	31
shift	2025|5|28|-2|29	2025-2-29
shift	2025|5|28|-1|29	2025-3-29
shift	2025|5|28|0|29	2025-4-29
shift	2025|5|28|1|29	2025-5-29
shift	2025|5|28|2|29	2025-6-29
range	2025|5|28|30	2025-4-30 2025-5-30
days	2025|5|28|30	31
shift	2025|5|28|-2|30	2025-2-30
shift	2025|5|28|-1|30	2025-3-30
shift	2025|5|28|0|30	2025-4-30
shift	2025|5|28|1|30	2025-5-30
shift	2025|5|28|2|30	2025-6-30
range	2025|5|28|31	2025-4-31 2025-6-1
days	2025|5|28|31	31
shift	2025|5|28|-2|31	2025-2-31
shift	2025|5|28|-1|31	2025-4-1
shift	2025|5|28|0|31	2025-4-31
shift	2025|5|28|1|31	2025-6-1
shift	2025|5|28|2|31	2025-6-31
range	2025|5|31|0	2025-6-1 2025-7-1
days	2025|5|31|0	31
shift	2025|5|31|-2|0	2025-4-1
shift	2025|5|31|-1|0	2025-5-1
shift	2025|5|31|0|0	2025-6-1
shift	2025|5|31|1|0	2025-7-1
shift	2025|5|31|2|0	2025-8-1
range	2025|5|31|1	2025-6-1 2025-7-1
days	2025|5|31|1	31
shift	2025|5|31|-2|1	2025-4-1
shift	2025|5|31|-1|1	2025-5-1
shift	2025|5|31|0|1	2025-6-1
shift	2025|5|31|1|1	2025-7-1
shift	2025|5|31|2|1	2025-8-1
range	2025|5|31|5	2025-5-5 2025-6-5
days	2025|5|31|5	30
shift	2025|5|31|-2|5	2025-3-5
shift	2025|5|31|-1|5	2025-4-5
shift	2025|5|31|0|5	2025-5-5
shift	2025|5|31|1|5	2025-6-5
shift	2025|5|31|2|5	2025-7-5
range	2025|5|31|15	2025-5-15 2025-6-15
days	2025|5|31|15	30
shift	2025|5|31|-2|15	2025-3-15
shift	2025|5|31|-1|15	2025-4-15
shift	2025|5|31|0|15	2025-5-15
shift	2025|5|31|1|15	2025-6-15
shift	2025|5|31|2|15	2025-7-15
range	2025|5|31|25	2025-5-25 2025-6-25
days	2025|5|31|25	30
shift	2025|5|31|-2|25	2025-3-25
shift	2025|5|31|-1|25	2025-4-25
shift	2025|5|31|0|25	2025-5-25
shift	2025|5|31|1|25	2025-6-25
shift	2025|5|31|2|25	2025-7-25
range	2025|5|31|28	2025-5-28 2025-6-28
days	2025|5|31|28	30
shift	2025|5|31|-2|28	2025-3-28
shift	2025|5|31|-1|28	2025-4-28
shift	2025|5|31|0|28	2025-5-28
shift	2025|5|31|1|28	2025-6-28
shift	2025|5|31|2|28	2025-7-28
range	2025|5|31|29	2025-5-29 2025-6-29
days	2025|5|31|29	30
shift	2025|5|31|-2|29	2025-3-29
shift	2025|5|31|-1|29	2025-4-29
shift	2025|5|31|0|29	2025-5-29
shift	2025|5|31|1|29	2025-6-29
shift	2025|5|31|2|29	2025-7-29
range	2025|5|31|30	2025-5-30 2025-6-30
days	2025|5|31|30	30
shift	2025|5|31|-2|30	2025-3-30
shift	2025|5|31|-1|30	2025-4-30
shift	2025|5|31|0|30	2025-5-30
shift	2025|5|31|1|30	2025-6-30
shift	2025|5|31|2|30	2025-7-30
range	2025|5|31|31	2025-6-1 2025-7-31
days	2025|5|31|31	61
shift	2025|5|31|-2|31	2025-4-31
shift	2025|5|31|-1|31	2025-6-1
shift	2025|5|31|0|31	2025-6-31
shift	2025|5|31|1|31	2025-7-31
shift	2025|5|31|2|31	2025-9-1
range	2025|6|1|0	2025-6-1 2025-7-1
days	2025|6|1|0	31
shift	2025|6|1|-2|0	2025-4-1
shift	2025|6|1|-1|0	2025-5-1
shift	2025|6|1|0|0	2025-6-1
shift	2025|6|1|1|0	2025-7-1
shift	2025|6|1|2|0	2025-8-1
range	2025|6|1|1	2025-6-1 2025-7-1
days	2025|6|1|1	31
shift	2025|6|1|-2|1	2025-4-1
shift	2025|6|1|-1|1	2025-5-1
shift	2025|6|1|0|1	2025-6-1
shift	2025|6|1|1|1	2025-7-1
shift	2025|6|1|2|1	2025-8-1
range	2025|6|1|5	2025-5-5 2025-6-5
days	2025|6|1|5	30
shift	2025|6|1|-2|5	2025-3-5
shift	2025|6|1|-1|5	2025-4-5
shift	2025|6|1|0|5	2025-5-5
shift	2025|6|1|1|5	2025-6-5
shift	2025|6|1|2|5	2025-7-5
range	2025|6|1|15	2025-5-15 2025-6-15
days	2025|6|1|15	30
shift	2025|6|1|-2|15	2025-3-15
shift	2025|6|1|-1|15	2025-4-15
shift	2025|6|1|0|15	2025-5-15
shift	2025|6|1|1|15	2025-6-15
shift	2025|6|1|2|15	2025-7-15
range	2025|6|1|25	2025-5-25 2025-6-25
days	2025|6|1|25	30
shift	2025|6|1|-2|25	2025-3-25
shift	2025|6|1|-1|25	2025-4-25
shift	2025|6|1|0|25	2025-5-25
shift	2025|6|1|1|25	2025-6-25
shift	2025|6|1|2|25	2025-7-25
range	2025|6|1|28	2025-5-28 2025-6-28
days	2025|6|1|28	30
shift	2025|6|1|-2|28	2025-3-28
shift	2025|6|1|-1|28	2025-4-28
shift	2025|6|1|0|28	2025-5-28
shift	2025|6|1|1|28	2025-6-28
shift	2025|6|1|2|28	2025-7-28
range	2025|6|1|29	2025-5-29 2025-6-29
days	2025|6|1|29	30
shift	2025|6|1|-2|29	2025-3-29
shift	2025|6|1|-1|29	2025-4-29
shift	2025|6|1|0|29	2025-5-29
shift	2025|6|1|1|29	2025-6-29
shift	2025|6|1|2|29	2025-7-29
range	2025|6|1|30	2025-5-30 2025-6-30
days	2025|6|1|30	30
shift	2025|6|1|-2|30	2025-3-30
shift	2025|6|1|-1|30	2025-4-30
shift	2025|6|1|0|30	2025-5-30
shift	2025|6|1|1|30	2025-6-30
shift	2025|6|1|2|30	2025-7-30
range	2025|6|1|31	2025-6-1 2025-7-31
days	2025|6|1|31	61
shift	2025|6|1|-2|31	2025-4-31
shift	2025|6|1|-1|31	2025-6-1
shift	2025|6|1|0|31	2025-6-31
shift	2025|6|1|1|31	2025-7-31
shift	2025|6|1|2|31	2025-9-1
range	2025|6|5|0	2025-6-1 2025-7-1
days	2025|6|5|0	31
shift	2025|6|5|-2|0	2025-4-1
shift	2025|6|5|-1|0	2025-5-1
shift	2025|6|5|0|0	2025-6-1
shift	2025|6|5|1|0	2025-7-1
shift	2025|6|5|2|0	2025-8-1
range	2025|6|5|1	2025-6-1 2025-7-1
days	2025|6|5|1	31
shift	2025|6|5|-2|1	2025-4-1
shift	2025|6|5|-1|1	2025-5-1
shift	2025|6|5|0|1	2025-6-1
shift	2025|6|5|1|1	2025-7-1
shift	2025|6|5|2|1	2025-8-1
range	2025|6|5|5	2025-6-5 2025-7-5
days	2025|6|5|5	31
shift	2025|6|5|-2|5	2025-4-5
shift	2025|6|5|-1|5	2025-5-5
shift	2025|6|5|0|5	2025-6-5
shift	2025|6|5|1|5	2025-7-5
shift	2025|6|5|2|5	2025-8-5
range	2025|6|5|15	2025-5-15 2025-6-15
days	2025|6|5|15	30
shift	2025|6|5|-2|15	2025-3-15
shift	2025|6|5|-1|15	2025-4-15
shift	2025|6|5|0|15	2025-5-15
shift	2025|6|5|1|15	2025-6-15
shift	2025|6|5|2|15	2025-7-15
range	2025|6|5|25	2025-5-25 2025-6-25
days	2025|6|5|25	30
shift	2025|6|5|-2|25	2025-3-25
shift	2025|6|5|-1|25	2025-4-25
shift	2025|6|5|0|25	2025-5-25
shift	2025|6|5|1|25	2025-6-25
shift	2025|6|5|2|25	2025-7-25
range	2025|6|5|28	2025-5-28 2025-6-28
days	2025|6|5|28	30
shift	2025|6|5|-2|28	2025-3-28
shift	2025|6|5|-1|28	2025-4-28
shift	2025|6|5|0|28	2025-5-28
shift	2025|6|5|1|28	2025-6-28
shift	2025|6|5|2|28	2025-7-28
range	2025|6|5|29	2025-5-29 2025-6-29
days	2025|6|5|29	30
shift	2025|6|5|-2|29	2025-3-29
shift	2025|6|5|-1|29	2025-4-29
shift	2025|6|5|0|29	2025-5-29
shift	2025|6|5|1|29	2025-6-29
shift	2025|6|5|2|29	2025-7-29
range	2025|6|5|30	2025-5-30 2025-6-30
days	2025|6|5|30	30
shift	2025|6|5|-2|30	2025-3-30
shift	2025|6|5|-1|30	2025-4-30
shift	2025|6|5|0|30	2025-5-30
shift	2025|6|5|1|30	2025-6-30
shift	2025|6|5|2|30	2025-7-30
range	2025|6|5|31	2025-6-1 2025-7-31
days	2025|6|5|31	61
shift	2025|6|5|-2|31	2025-4-31
shift	2025|6|5|-1|31	2025-6-1
shift	2025|6|5|0|31	2025-6-31
shift	2025|6|5|1|31	2025-7-31
shift	2025|6|5|2|31	2025-9-1
range	2025|6|15|0	2025-6-1 2025-7-1
days	2025|6|15|0	31
shift	2025|6|15|-2|0	2025-4-1
shift	2025|6|15|-1|0	2025-5-1
shift	2025|6|15|0|0	2025-6-1
shift	2025|6|15|1|0	2025-7-1
shift	2025|6|15|2|0	2025-8-1
range	2025|6|15|1	2025-6-1 2025-7-1
days	2025|6|15|1	31
shift	2025|6|15|-2|1	2025-4-1
shift	2025|6|15|-1|1	2025-5-1
shift	2025|6|15|0|1	2025-6-1
shift	2025|6|15|1|1	2025-7-1
shift	2025|6|15|2|1	2025-8-1
range	2025|6|15|5	2025-6-5 2025-7-5
days	2025|6|15|5	31
shift	2025|6|15|-2|5	2025-4-5
shift	2025|6|15|-1|5	2025-5-5
shift	2025|6|15|0|5	2025-6-5
shift	2025|6|15|1|5	2025-7-5
shift	2025|6|15|2|5	2025-8-5
range	2025|6|15|15	2025-6-15 2025-7-15
days	2025|6|15|15	31
shift	2025|6|15|-2|15	2025-4-15
shift	2025|6|15|-1|15	2025-5-15
shift	2025|6|15|0|15	2025-6-15
shift	2025|6|15|1|15	2025-7-15
shift	2025|6|15|2|15	2025-8-15
range	2025|6|15|25	2025-5-25 2025-6-25
days	2025|6|15|25	30
shift	2025|6|15|-2|25	2025-3-25
shift	2025|6|15|-1|25	2025-4-25
shift	2025|6|15|0|25	2025-5-25
shift	2025|6|15|1|25	2025-6-25
shift	2025|6|15|2|25	2025-7-25
range	2025|6|15|28	2025-5-28 2025-6-28
days	2025|6|15|28	30
shift	2025|6|15|-2|28	2025-3-28
shift	2025|6|15|-1|28	2025-4-28
shift	2025|6|15|0|28	2025-5-28
shift	2025|6|15|1|28	2025-6-28
shift	2025|6|15|2|28	2025-7-28
range	2025|6|15|29	2025-5-29 2025-6-29
days	2025|6|15|29	30
shift	2025|6|15|-2|29	2025-3-29
shift	2025|6|15|-1|29	2025-4-29
shift	2025|6|15|0|29	2025-5-29
shift	2025|6|15|1|29	2025-6-29
shift	2025|6|15|2|29	2025-7-29
range	2025|6|15|30	2025-5-30 2025-6-30
days	2025|6|15|30	30
shift	2025|6|15|-2|30	2025-3-30
shift	2025|6|15|-1|30	2025-4-30
shift	2025|6|15|0|30	2025-5-30
shift	2025|6|15|1|30	2025-6-30
shift	2025|6|15|2|30	2025-7-30
range	2025|6|15|31	2025-6-1 2025-7-31
days	2025|6|15|31	61
shift	2025|6|15|-2|31	2025-4-31
shift	2025|6|15|-1|31	2025-6-1
shift	2025|6|15|0|31	2025-6-31
shift	2025|6|15|1|31	2025-7-31
shift	2025|6|15|2|31	2025-9-1
range	2025|6|24|0	2025-6-1 2025-7-1
days	2025|6|24|0	31
shift	2025|6|24|-2|0	2025-4-1
shift	2025|6|24|-1|0	2025-5-1
shift	2025|6|24|0|0	2025-6-1
shift	2025|6|24|1|0	2025-7-1
shift	2025|6|24|2|0	2025-8-1
range	2025|6|24|1	2025-6-1 2025-7-1
days	2025|6|24|1	31
shift	2025|6|24|-2|1	2025-4-1
shift	2025|6|24|-1|1	2025-5-1
shift	2025|6|24|0|1	2025-6-1
shift	2025|6|24|1|1	2025-7-1
shift	2025|6|24|2|1	2025-8-1
range	2025|6|24|5	2025-6-5 2025-7-5
days	2025|6|24|5	31
shift	2025|6|24|-2|5	2025-4-5
shift	2025|6|24|-1|5	2025-5-5
shift	2025|6|24|0|5	2025-6-5
shift	2025|6|24|1|5	2025-7-5
shift	2025|6|24|2|5	2025-8-5
range	2025|6|24|15	2025-6-15 2025-7-15
days	2025|6|24|15	31
shift	2025|6|24|-2|15	2025-4-15
shift	2025|6|24|-1|15	2025-5-15
shift	2025|6|24|0|15	2025-6-15
shift	2025|6|24|1|15	2025-7-15
shift	2025|6|24|2|15	2025-8-15
range	2025|6|24|25	2025-5-25 2025-6-25
days	2025|6|24|25	30
shift	2025|6|24|-2|25	2025-3-25
shift	2025|6|24|-1|25	2025-4-25
shift	2025|6|24|0|25	2025-5-25
shift	2025|6|24|1|25	2025-6-25
shift	2025|6|24|2|25	2025-7-25
range	2025|6|24|28	2025-5-28 2025-6-28
days	2025|6|24|28	30
shift	2025|6|24|-2|28	2025-3-28
shift	2025|6|24|-1|28	2025-4-28
shift	2025|6|24|0|28	2025-5-28
shift	2025|6|24|1|28	2025-6-28
shift	2025|6|24|2|28	2025-7-28
range	2025|6|24|29	2025-5-29 2025-6-29
days	2025|6|24|29	30
shift	2025|6|24|-2|29	2025-3-29
shift	2025|6|24|-1|29	2025-4-29
shift	2025|6|24|0|29	2025-5-29
shift	2025|6|24|1|29	2025-6-29
shift	2025|6|24|2|29	2025-7-29
range	2025|6|24|30	2025-5-30 2025-6-30
days	2025|6|24|30	30
shift	2025|6|24|-2|30	2025-3-30
shift	2025|6|24|-1|30	2025-4-30
shift	2025|6|24|0|30	2025-5-30
shift	2025|6|24|1|30	2025-6-30
shift	2025|6|24|2|30	2025-7-30
range	2025|6|24|31	2025-6-1 2025-7-31
days	2025|6|24|31	61
shift	2025|6|24|-2|31	2025-4-31
shift	2025|6|24|-1|31	2025-6-1
shift	2025|6|24|0|31	2025-6-31
shift	2025|6|24|1|31	2025-7-31
shift	2025|6|24|2|31	2025-9-1
range	2025|6|25|0	2025-6-1 2025-7-1
days	2025|6|25|0	31
shift	2025|6|25|-2|0	2025-4-1
shift	2025|6|25|-1|0	2025-5-1
shift	2025|6|25|0|0	2025-6-1
shift	2025|6|25|1|0	2025-7-1
shift	2025|6|25|2|0	2025-8-1
range	2025|6|25|1	2025-6-1 2025-7-1
days	2025|6|25|1	31
shift	2025|6|25|-2|1	2025-4-1
shift	2025|6|25|-1|1	2025-5-1
shift	2025|6|25|0|1	2025-6-1
shift	2025|6|25|1|1	2025-7-1
shift	2025|6|25|2|1	2025-8-1
range	2025|6|25|5	2025-6-5 2025-7-5
days	2025|6|25|5	31
shift	2025|6|25|-2|5	2025-4-5
shift	2025|6|25|-1|5	2025-5-5
shift	2025|6|25|0|5	2025-6-5
shift	2025|6|25|1|5	2025-7-5
shift	2025|6|25|2|5	2025-8-5
range	2025|6|25|15	2025-6-15 2025-7-15
days	2025|6|25|15	31
shift	2025|6|25|-2|15	2025-4-15
shift	2025|6|25|-1|15	2025-5-15
shift	2025|6|25|0|15	2025-6-15
shift	2025|6|25|1|15	2025-7-15
shift	2025|6|25|2|15	2025-8-15
range	2025|6|25|25	2025-6-25 2025-7-25
days	2025|6|25|25	31
shift	2025|6|25|-2|25	2025-4-25
shift	2025|6|25|-1|25	2025-5-25
shift	2025|6|25|0|25	2025-6-25
shift	2025|6|25|1|25	2025-7-25
shift	2025|6|25|2|25	2025-8-25
range	2025|6|25|28	2025-5-28 2025-6-28
days	2025|6|25|28	30
shift	2025|6|25|-2|28	2025-3-28
shift	2025|6|25|-1|28	2025-4-28
shift	2025|6|25|0|28	2025-5-28
shift	2025|6|25|1|28	2025-6-28
shift	2025|6|25|2|28	2025-7-28
range	2025|6|25|29	2025-5-29 2025-6-29
days	2025|6|25|29	30
shift	2025|6|25|-2|29	2025-3-29
shift	2025|6|25|-1|29	2025-4-29
shift	2025|6|25|0|29	2025-5-29
shift	2025|6|25|1|29	2025-6-29
shift	2025|6|25|2|29	2025-7-29
range	2025|6|25|30	2025-5-30 2025-6-30
days	2025|6|25|30	30
shift	2025|6|25|-2|30	2025-3-30
shift	2025|6|25|-1|30	2025-4-30
shift	2025|6|25|0|30	2025-5-30
shift	2025|6|25|1|30	2025-6-30
shift	2025|6|25|2|30	2025-7-30
range	2025|6|25|31	2025-6-1 2025-7-31
days	2025|6|25|31	61
shift	2025|6|25|-2|31	2025-4-31
shift	2025|6|25|-1|31	2025-6-1
shift	2025|6|25|0|31	2025-6-31
shift	2025|6|25|1|31	2025-7-31
shift	2025|6|25|2|31	2025-9-1
range	2025|6|26|0	2025-6-1 2025-7-1
days	2025|6|26|0	31
shift	2025|6|26|-2|0	2025-4-1
shift	2025|6|26|-1|0	2025-5-1
shift	2025|6|26|0|0	2025-6-1
shift	2025|6|26|1|0	2025-7-1
shift	2025|6|26|2|0	2025-8-1
range	2025|6|26|1	2025-6-1 2025-7-1
days	2025|6|26|1	31
shift	2025|6|26|-2|1	2025-4-1
shift	2025|6|26|-1|1	2025-5-1
shift	2025|6|26|0|1	2025-6-1
shift	2025|6|26|1|1	2025-7-1
shift	2025|6|26|2|1	2025-8-1
range	2025|6|26|5	2025-6-5 2025-7-5
days	2025|6|26|5	31
shift	2025|6|26|-2|5	2025-4-5
shift	2025|6|26|-1|5	2025-5-5
shift	2025|6|26|0|5	2025-6-5
shift	2025|6|26|1|5	2025-7-5
shift	2025|6|26|2|5	2025-8-5
range	2025|6|26|15	2025-6-15 2025-7-15
days	2025|6|26|15	31
shift	2025|6|26|-2|15	2025-4-15
shift	2025|6|26|-1|15	2025-5-15
shift	2025|6|26|0|15	2025-6-15
shift	2025|6|26|1|15	2025-7-15
shift	2025|6|26|2|15	2025-8-15
range	2025|6|26|25	2025-6-25 2025-7-25
days	2025|6|26|25	31
shift	2025|6|26|-2|25	2025-4-25
shift	2025|6|26|-1|25	2025-5-25
shift	2025|6|26|0|25	2025-6-25
shift	2025|6|26|1|25	2025-7-25
shift	2025|6|26|2|25	2025-8-25
range	2025|6|26|28	2025-5-28 2025-6-28
days	2025|6|26|28	30
shift	2025|6|26|-2|28	2025-3-28
shift	2025|6|26|-1|28	2025-4-28
shift	2025|6|26|0|28	2025-5-28
shift	2025|6|26|1|28	2025-6-28
shift	2025|6|26|2|28	2025-7-28
range	2025|6|26|29	2025-5-29 2025-6-29
days	2025|6|26|29	30
shift	2025|6|26|-2|29	2025-3-29
shift	2025|6|26|-1|29	2025-4-29
shift	2025|6|26|0|29	2025-5-29
shift	2025|6|26|1|29	2025-6-29
shift	2025|6|26|2|29	2025-7-29
range	2025|6|26|30	2025-5-30 2025-6-30
days	2025|6|26|30	30
shift	2025|6|26|-2|30	2025-3-30
shift	2025|6|26|-1|30	2025-4-30
shift	2025|6|26|0|30	2025-5-30
shift	2025|6|26|1|30	2025-6-30
shift	2025|6|26|2|30	2025-7-30
range	2025|6|26|31	2025-6-1 2025-7-31
days	2025|6|26|31	61
shift	2025|6|26|-2|31	2025-4-31
shift	2025|6|26|-1|31	2025-6-1
shift	2025|6|26|0|31	2025-6-31
shift	2025|6|26|1|31	2025-7-31
shift	2025|6|26|2|31	2025-9-1
range	2025|6|28|0	2025-6-1 2025-7-1
days	2025|6|28|0	31
shift	2025|6|28|-2|0	2025-4-1
shift	2025|6|28|-1|0	2025-5-1
shift	2025|6|28|0|0	2025-6-1
shift	2025|6|28|1|0	2025-7-1
shift	2025|6|28|2|0	2025-8-1
range	2025|6|28|1	2025-6-1 2025-7-1
days	2025|6|28|1	31
shift	2025|6|28|-2|1	2025-4-1
shift	2025|6|28|-1|1	2025-5-1
shift	2025|6|28|0|1	2025-6-1
shift	2025|6|28|1|1	2025-7-1
shift	2025|6|28|2|1	2025-8-1
range	2025|6|28|5	2025-6-5 2025-7-5
days	2025|6|28|5	31
shift	2025|6|28|-2|5	2025-4-5
shift	2025|6|28|-1|5	2025-5-5
shift	2025|6|28|0|5	2025-6-5
shift	2025|6|28|1|5	2025-7-5
shift	2025|6|28|2|5	2025-8-5
range	2025|6|28|15	2025-6-15 2025-7-15
days	2025|6|28|15	31
shift	2025|6|28|-2|15	2025-4-15
shift	2025|6|28|-1|15	2025-5-15
shift	2025|6|28|0|15	2025-6-15
shift	2025|6|28|1|15	2025-7-15
shift	2025|6|28|2|15	2025-8-15
range	2025|6|28|25	2025-6-25 2025-7-25
days	2025|6|28|25	31
shift	2025|6|28|-2|25	2025-4-25
shift	2025|6|28|-1|25	2025-5-25
shift	2025|6|28|0|25	2025-6-25
shift	2025|6|28|1|25	2025-7-25
shift	2025|6|28|2|25	2025-8-25
range	2025|6|28|28	2025-6-28 2025-7-28
days	2025|6|28|28	31
shift	2025|6|28|-2|28	2025-4-28
shift	2025|6|28|-1|28	2025-5-28
shift	2025|6|28|0|28	2025-6-28
shift	2025|6|28|1|28	2025-7-28
shift	2025|6|28|2|28	2025-8-28
range	2025|6|28|29	2025-5-29 2025-6-29
days	2025|6|28|29	30
shift	2025|6|28|-2|29	2025-3-29
shift	2025|6|28|-1|29	2025-4-29
shift	2025|6|28|0|29	2025-5-29
shift	2025|6|28|1|29	2025-6-29
shift	2025|6|28|2|29	2025-7-29
range	2025|6|28|30	2025-5-30 2025-6-30
days	2025|6|28|30	30
shift	2025|6|28|-2|30	2025-3-30
shift	2025|6|28|-1|30	2025-4-30
shift	2025|6|28|0|30	2025-5-30
shift	2025|6|28|1|30	2025-6-30
shift	2025|6|28|2|30	2025-7-30
range	2025|6|28|31	2025-6-1 2025-7-31
days	2025|6|28|31	61
shift	2025|6|28|-2|31	2025-4-31
shift	2025|6|28|-1|31	2025-6-1
shift	2025|6|28|0|31	2025-6-31
shift	2025|6|28|1|31	2025-7-31
shift	2025|6|28|2|31	2025-9-1
range	2025|6|31|0	2025-6-1 2025-7-1
days	2025|6|31|0	31
shift	2025|6|31|-2|0	2025-4-1
shift	2025|6|31|-1|0	2025-5-1
shift	2025|6|31|0|0	2025-6-1
shift	2025|6|31|1|0	2025-7-1
shift	2025|6|31|2|0	2025-8-1
range	2025|6|31|1	2025-6-1 2025-7-1
days	2025|6|31|1	31
shift	2025|6|31|-2|1	2025-4-1
shift	2025|6|31|-1|1	2025-5-1
shift	2025|6|31|0|1	2025-6-1
shift	2025|6|31|1|1	2025-7-1
shift	2025|6|31|2|1	2025-8-1
range	2025|6|31|5	2025-6-5 2025-7-5
days	2025|6|31|5	31
shift	2025|6|31|-2|5	2025-4-5
shift	2025|6|31|-1|5	2025-5-5
shift	2025|6|31|0|5	2025-6-5
shift	2025|6|31|1|5	2025-7-5
shift	2025|6|31|2|5	2025-8-5
range	2025|6|31|15	2025-6-15 2025-7-15
days	2025|6|31|15	31
shift	2025|6|31|-2|15	2025-4-15
shift	2025|6|31|-1|15	2025-5-15
shift	2025|6|31|0|15	2025-6-15
shift	2025|6|31|1|15	2025-7-15
shift	2025|6|31|2|15	2025-8-15
range	2025|6|31|25	2025-6-25 2025-7-25
days	2025|6|31|25	31
shift	2025|6|31|-2|25	2025-4-25
shift	2025|6|31|-1|25	2025-5-25
shift	2025|6|31|0|25	2025-6-25
shift	2025|6|31|1|25	2025-7-25
shift	2025|6|31|2|25	2025-8-25
range	2025|6|31|28	2025-6-28 2025-7-28
days	2025|6|31|28	31
shift	2025|6|31|-2|28	2025-4-28
shift	2025|6|31|-1|28	2025-5-28
shift	2025|6|31|0|28	2025-6-28
shift	2025|6|31|1|28	2025-7-28
shift	2025|6|31|2|28	2025-8-28
range	2025|6|31|29	2025-6-29 2025-7-29
days	2025|6|31|29	31
shift	2025|6|31|-2|29	2025-4-29
shift	2025|6|31|-1|29	2025-5-29
shift	2025|6|31|0|29	2025-6-29
shift	2025|6|31|1|29	2025-7-29
shift	2025|6|31|2|29	2025-8-29
range	2025|6|31|30	2025-6-30 2025-7-30
days	2025|6|31|30	31
shift	2025|6|31|-2|30	2025-4-30
shift	2025|6|31|-1|30	2025-5-30
shift	2025|6|31|0|30	2025-6-30
shift	2025|6|31|1|30	2025-7-30
shift	2025|6|31|2|30	2025-8-30
range	2025|6|31|31	2025-6-31 2025-7-31
days	2025|6|31|31	31
shift	2025|6|31|-2|31	2025-4-31
shift	2025|6|31|-1|31	2025-6-1
shift	2025|6|31|0|31	2025-6-31
shift	2025|6|31|1|31	2025-7-31
shift	2025|6|31|2|31	2025-9-1
range	2025|7|1|0	2025-7-1 2025-8-1
days	2025|7|1|0	31
shift	2025|7|1|-2|0	2025-5-1
shift	2025|7|1|-1|0	2025-6-1
shift	2025|7|1|0|0	2025-7-1
shift	2025|7|1|1|0	2025-8-1
shift	2025|7|1|2|0	2025-9-1
range	2025|7|1|1	2025-7-1 2025-8-1
days	2025|7|1|1	31
shift	2025|7|1|-2|1	2025-5-1
shift	2025|7|1|-1|1	2025-6-1
shift	2025|7|1|0|1	2025-7-1
shift	2025|7|1|1|1	2025-8-1
shift	2025|7|1|2|1	2025-9-1
range	2025|7|1|5	2025-6-5 2025-7-5
days	2025|7|1|5	31
shift	2025|7|1|-2|5	2025-4-5
shift	2025|7|1|-1|5	2025-5-5
shift	2025|7|1|0|5	2025-6-5
shift	2025|7|1|1|5	2025-7-5
shift	2025|7|1|2|5	2025-8-5
range	2025|7|1|15	2025-6-15 2025-7-15
days	2025|7|1|15	31
shift	2025|7|1|-2|15	2025-4-15
shift	2025|7|1|-1|15	2025-5-15
shift	2025|7|1|0|15	2025-6-15
shift	2025|7|1|1|15	2025-7-15
shift	2025|7|1|2|15	2025-8-15
range	2025|7|1|25	2025-6-25 2025-7-25
days	2025|7|1|25	31
shift	2025|7|1|-2|25	2025-4-25
shift	2025|7|1|-1|25	2025-5-25
shift	2025|7|1|0|25	2025-6-25
shift	2025|7|1|1|25	2025-7-25
shift	2025|7|1|2|25	2025-8-25
range	2025|7|1|28	2025-6-28 2025-7-28
days	2025|7|1|28	31
shift	2025|7|1|-2|28	2025-4-28
shift	2025|7|1|-1|28	2025-5-28
shift	2025|7|1|0|28	2025-6-28
shift	2025|7|1|1|28	2025-7-28
shift	2025|7|1|2|28	2025-8-28
range	2025|7|1|29	2025-6-29 2025-7-29
days	2025|7|1|29	31
shift	2025|7|1|-2|29	2025-4-29
shift	2025|7|1|-1|29	2025-5-29
shift	2025|7|1|0|29	2025-6-29
shift	2025|7|1|1|29	2025-7-29
shift	2025|7|1|2|29	2025-8-29
range	2025|7|1|30	2025-6-30 2025-7-30
days	2025|7|1|30	31
shift	2025|7|1|-2|30	2025-4-30
shift	2025|7|1|-1|30	2025-5-30
shift	2025|7|1|0|30	2025-6-30
shift	2025|7|1|1|30	2025-7-30
shift	2025|7|1|2|30	2025-8-30
range	2025|7|1|31	2025-6-31 2025-7-31
days	2025|7|1|31	31
shift	2025|7|1|-2|31	2025-4-31
shift	2025|7|1|-1|31	2025-6-1
shift	2025|7|1|0|31	2025-6-31
shift	2025|7|1|1|31	2025-7-31
shift	2025|7|1|2|31	2025-9-1
range	2025|7|5|0	2025-7-1 2025-8-1
days	2025|7|5|0	31
shift	2025|7|5|-2|0	2025-5-1
shift	2025|7|5|-1|0	2025-6-1
shift	2025|7|5|0|0	2025-7-1
shift	2025|7|5|1|0	2025-8-1
shift	2025|7|5|2|0	2025-9-1
range	2025|7|5|1	2025-7-1 2025-8-1
days	2025|7|5|1	31
shift	2025|7|5|-2|1	2025-5-1
shift	2025|7|5|-1|1	2025-6-1
shift	2025|7|5|0|1	2025-7-1
shift	2025|7|5|1|1	2025-8-1
shift	2025|7|5|2|1	2025-9-1
range	2025|7|5|5	2025-7-5 2025-8-5
days	2025|7|5|5	31
shift	2025|7|5|-2|5	2025-5-5
shift	2025|7|5|-1|5	2025-6-5
shift	2025|7|5|0|5	2025-7-5
shift	2025|7|5|1|5	2025-8-5
shift	2025|7|5|2|5	2025-9-5
range	2025|7|5|15	2025-6-15 2025-7-15
days	2025|7|5|15	31
shift	2025|7|5|-2|15	2025-4-15
shift	2025|7|5|-1|15	2025-5-15
shift	2025|7|5|0|15	2025-6-15
shift	2025|7|5|1|15	2025-7-15
shift	2025|7|5|2|15	2025-8-15
range	2025|7|5|25	2025-6-25 2025-7-25
days	2025|7|5|25	31
shift	2025|7|5|-2|25	2025-4-25
shift	2025|7|5|-1|25	2025-5-25
shift	2025|7|5|0|25	2025-6-25
shift	2025|7|5|1|25	2025-7-25
shift	2025|7|5|2|25	2025-8-25
range	2025|7|5|28	2025-6-28 2025-7-28
days	2025|7|5|28	31
shift	2025|7|5|-2|28	2025-4-28
shift	2025|7|5|-1|28	2025-5-28
shift	2025|7|5|0|28	2025-6-28
shift	2025|7|5|1|28	2025-7-28
shift	2025|7|5|2|28	2025-8-28
range	2025|7|5|29	2025-6-29 2025-7-29
days	2025|7|5|29	31
shift	2025|7|5|-2|29	2025-4-29
shift	2025|7|5|-1|29	2025-5-29
shift	2025|7|5|0|29	2025-6-29
shift	2025|7|5|1|29	2025-7-29
shift	2025|7|5|2|29	2025-8-29
range	2025|7|5|30	2025-6-30 2025-7-30
days	2025|7|5|30	31
shift	2025|7|5|-2|30	2025-4-30
shift	2025|7|5|-1|30	2025-5-30
shift	2025|7|5|0|30	2025-6-30
shift	2025|7|5|1|30	2025-7-30
shift	2025|7|5|2|30	2025-8-30
range	2025|7|5|31	2025-6-31 2025-7-31
days	2025|7|5|31	31
shift	2025|7|5|-2|31	2025-4-31
shift	2025|7|5|-1|31	2025-6-1
shift	2025|7|5|0|31	2025-6-31
shift	2025|7|5|1|31	2025-7-31
shift	2025|7|5|2|31	2025-9-1
range	2025|7|15|0	2025-7-1 2025-8-1
days	2025|7|15|0	31
shift	2025|7|15|-2|0	2025-5-1
shift	2025|7|15|-1|0	2025-6-1
shift	2025|7|15|0|0	2025-7-1
shift	2025|7|15|1|0	2025-8-1
shift	2025|7|15|2|0	2025-9-1
range	2025|7|15|1	2025-7-1 2025-8-1
days	2025|7|15|1	31
shift	2025|7|15|-2|1	2025-5-1
shift	2025|7|15|-1|1	2025-6-1
shift	2025|7|15|0|1	2025-7-1
shift	2025|7|15|1|1	2025-8-1
shift	2025|7|15|2|1	2025-9-1
range	2025|7|15|5	2025-7-5 2025-8-5
days	2025|7|15|5	31
shift	2025|7|15|-2|5	2025-5-5
shift	2025|7|15|-1|5	2025-6-5
shift	2025|7|15|0|5	2025-7-5
shift	2025|7|15|1|5	2025-8-5
shift	2025|7|15|2|5	2025-9-5
range	2025|7|15|15	2025-7-15 2025-8-15
days	2025|7|15|15	31
shift	2025|7|15|-2|15	2025-5-15
shift	2025|7|15|-1|15	2025-6-15
shift	2025|7|15|0|15	2025-7-15
shift	2025|7|15|1|15	2025-8-15
shift	2025|7|15|2|15	2025-9-15
range	2025|7|15|25	2025-6-25 2025-7-25
days	2025|7|15|25	31
shift	2025|7|15|-2|25	2025-4-25
shift	2025|7|15|-1|25	2025-5-25
shift	2025|7|15|0|25	2025-6-25
shift	2025|7|15|1|25	2025-7-25
shift	2025|7|15|2|25	2025-8-25
range	2025|7|15|28	2025-6-28 2025-7-28
days	2025|7|15|28	31
shift	2025|7|15|-2|28	2025-4-28
shift	2025|7|15|-1|28	2025-5-28
shift	2025|7|15|0|28	2025-6-28
shift	2025|7|15|1|28	2025-7-28
shift	2025|7|15|2|28	2025-8-28
range	2025|7|15|29	2025-6-29 2025-7-29
days	2025|7|15|29	31
shift	2025|7|15|-2|29	2025-4-29
shift	2025|7|15|-1|29	2025-5-29
shift	2025|7|15|0|29	2025-6-29
shift	2025|7|15|1|29	2025-7-29
shift	2025|7|15|2|29	2025-8-29
range	2025|7|15|30	2025-6-30 2025-7-30
days	2025|7|15|30	31
shift	2025|7|15|-2|30	2025-4-30
shift	2025|7|15|-1|30	2025-5-30
shift	2025|7|15|0|30	2025-6-30
shift	2025|7|15|1|30	2025-7-30
shift	2025|7|15|2|30	2025-8-30
range	2025|7|15|31	2025-6-31 2025-7-31
days	2025|7|15|31	31
shift	2025|7|15|-2|31	2025-4-31
shift	2025|7|15|-1|31	2025-6-1
shift	2025|7|15|0|31	2025-6-31
shift	2025|7|15|1|31	2025-7-31
shift	2025|7|15|2|31	2025-9-1
range	2025|7|24|0	2025-7-1 2025-8-1
days	2025|7|24|0	31
shift	2025|7|24|-2|0	2025-5-1
shift	2025|7|24|-1|0	2025-6-1
shift	2025|7|24|0|0	2025-7-1
shift	2025|7|24|1|0	2025-8-1
shift	2025|7|24|2|0	2025-9-1
range	2025|7|24|1	2025-7-1 2025-8-1
days	2025|7|24|1	31
shift	2025|7|24|-2|1	2025-5-1
shift	2025|7|24|-1|1	2025-6-1
shift	2025|7|24|0|1	2025-7-1
shift	2025|7|24|1|1	2025-8-1
shift	2025|7|24|2|1	2025-9-1
range	2025|7|24|5	2025-7-5 2025-8-5
days	2025|7|24|5	31
shift	2025|7|24|-2|5	2025-5-5
shift	2025|7|24|-1|5	2025-6-5
shift	2025|7|24|0|5	2025-7-5
shift	2025|7|24|1|5	2025-8-5
shift	2025|7|24|2|5	2025-9-5
range	2025|7|24|15	2025-7-15 2025-8-15
days	2025|7|24|15	31
shift	2025|7|24|-2|15	2025-5-15
shift	2025|7|24|-1|15	2025-6-15
shift	2025|7|24|0|15	2025-7-15
shift	2025|7|24|1|15	2025-8-15
shift	2025|7|24|2|15	2025-9-15
range	2025|7|24|25	2025-6-25 2025-7-25
days	2025|7|24|25	31
shift	2025|7|24|-2|25	2025-4-25
shift	2025|7|24|-1|25	2025-5-25
shift	2025|7|24|0|25	2025-6-25
shift	2025|7|24|1|25	2025-7-25
shift	2025|7|24|2|25	2025-8-25
range	2025|7|24|28	2025-6-28 2025-7-28
days	2025|7|24|28	31
shift	2025|7|24|-2|28	2025-4-28
shift	2025|7|24|-1|28	2025-5-28
shift	2025|7|24|0|28	2025-6-28
shift	2025|7|24|1|28	2025-7-28
shift	2025|7|24|2|28	2025-8-28
range	2025|7|24|29	2025-6-29 2025-7-29
days	2025|7|24|29	31
shift	2025|7|24|-2|29	2025-4-29
shift	2025|7|24|-1|29	2025-5-29
shift	2025|7|24|0|29	2025-6-29
shift	2025|7|24|1|29	2025-7-29
shift	2025|7|24|2|29	2025-8-29
range	2025|7|24|30	2025-6-30 2025-7-30
days	2025|7|24|30	31
shift	2025|7|24|-2|30	2025-4-30
shift	2025|7|24|-1|30	2025-5-30
shift	2025|7|24|0|30	2025-6-30
shift	2025|7|24|1|30	2025-7-30
shift	2025|7|24|2|30	2025-8-30
range	2025|7|24|31	2025-6-31 2025-7-31
days	2025|7|24|31	31
shift	2025|7|24|-2|31	2025-4-31
shift	2025|7|24|-1|31	2025-6-1
shift	2025|7|24|0|31	2025-6-31
shift	2025|7|24|1|31	2025-7-31
shift	2025|7|24|2|31	2025-9-1
range	2025|7|25|0	2025-7-1 2025-8-1
days	2025|7|25|0	31
shift	2025|7|25|-2|0	2025-5-1
shift	2025|7|25|-1|0	2025-6-1
shift	2025|7|25|0|0	2025-7-1
shift	2025|7|25|1|0	2025-8-1
shift	2025|7|25|2|0	2025-9-1
range	2025|7|25|1	2025-7-1 2025-8-1
days	2025|7|25|1	31
shift	2025|7|25|-2|1	2025-5-1
shift	2025|7|25|-1|1	2025-6-1
shift	2025|7|25|0|1	2025-7-1
shift	2025|7|25|1|1	2025-8-1
shift	2025|7|25|2|1	2025-9-1
range	2025|7|25|5	2025-7-5 2025-8-5
days	2025|7|25|5	31
shift	2025|7|25|-2|5	2025-5-5
shift	2025|7|25|-1|5	2025-6-5
shift	2025|7|25|0|5	2025-7-5
shift	2025|7|25|1|5	2025-8-5
shift	2025|7|25|2|5	2025-9-5
range	2025|7|25|15	2025-7-15 2025-8-15
days	2025|7|25|15	31
shift	2025|7|25|-2|15	2025-5-15
shift	2025|7|25|-1|15	2025-6-15
shift	2025|7|25|0|15	2025-7-15
shift	2025|7|25|1|15	2025-8-15
shift	2025|7|25|2|15	2025-9-15
range	2025|7|25|25	2025-7-25 2025-8-25
days	2025|7|25|25	31
shift	2025|7|25|-2|25	2025-5-25
shift	2025|7|25|-1|25	2025-6-25
shift	2025|7|25|0|25	2025-7-25
shift	2025|7|25|1|25	2025-8-25
shift	2025|7|25|2|25	2025-9-25
range	2025|7|25|28	2025-6-28 2025-7-28
days	2025|7|25|28	31
shift	2025|7|25|-2|28	2025-4-28
shift	2025|7|25|-1|28	2025-5-28
shift	2025|7|25|0|28	2025-6-28
shift	2025|7|25|1|28	2025-7-28
shift	2025|7|25|2|28	2025-8-28
range	2025|7|25|29	2025-6-29 2025-7-29
days	2025|7|25|29	31
shift	2025|7|25|-2|29	2025-4-29
shift	2025|7|25|-1|29	2025-5-29
shift	2025|7|25|0|29	2025-6-29
shift	2025|7|25|1|29	2025-7-29
shift	2025|7|25|2|29	2025-8-29
range	2025|7|25|30	2025-6-30 2025-7-30
days	2025|7|25|30	31
shift	2025|7|25|-2|30	2025-4-30
shift	2025|7|25|-1|30	2025-5-30
shift	2025|7|25|0|30	2025-6-30
shift	2025|7|25|1|30	2025-7-30
shift	2025|7|25|2|30	2025-8-30
range	2025|7|25|31	2025-6-31 2025-7-31
days	2025|7|25|31	31
shift	2025|7|25|-2|31	2025-4-31
shift	2025|7|25|-1|31	2025-6-1
shift	2025|7|25|0|31	2025-6-31
shift	2025|7|25|1|31	2025-7-31
shift	2025|7|25|2|31	2025-9-1
range	2025|7|26|0	2025-7-1 2025-8-1
days	2025|7|26|0	31
shift	2025|7|26|-2|0	2025-5-1
shift	2025|7|26|-1|0	2025-6-1
shift	2025|7|26|0|0	2025-7-1
shift	2025|7|26|1|0	2025-8-1
shift	2025|7|26|2|0	2025-9-1
range	2025|7|26|1	2025-7-1 2025-8-1
days	2025|7|26|1	31
shift	2025|7|26|-2|1	2025-5-1
shift	2025|7|26|-1|1	2025-6-1
shift	2025|7|26|0|1	2025-7-1
shift	2025|7|26|1|1	2025-8-1
shift	2025|7|26|2|1	2025-9-1
range	2025|7|26|5	2025-7-5 2025-8-5
days	2025|7|26|5	31
shift	2025|7|26|-2|5	2025-5-5
shift	2025|7|26|-1|5	2025-6-5
shift	2025|7|26|0|5	2025-7-5
shift	2025|7|26|1|5	2025-8-5
shift	2025|7|26|2|5	2025-9-5
range	2025|7|26|15	2025-7-15 2025-8-15
days	2025|7|26|15	31
shift	2025|7|26|-2|15	2025-5-15
shift	2025|7|26|-1|15	2025-6-15
shift	2025|7|26|0|15	2025-7-15
shift	2025|7|26|1|15	2025-8-15
shift	2025|7|26|2|15	2025-9-15
range	2025|7|26|25	2025-7-25 2025-8-25
days	2025|7|26|25	31
shift	2025|7|26|-2|25	2025-5-25
shift	2025|7|26|-1|25	2025-6-25
shift	2025|7|26|0|25	2025-7-25
shift	2025|7|26|1|25	2025-8-25
shift	2025|7|26|2|25	2025-9-25
range	2025|7|26|28	2025-6-28 2025-7-28
days	2025|7|26|28	31
shift	2025|7|26|-2|28	2025-4-28
shift	2025|7|26|-1|28	2025-5-28
shift	2025|7|26|0|28	2025-6-28
shift	2025|7|26|1|28	2025-7-28
shift	2025|7|26|2|28	2025-8-28
range	2025|7|26|29	2025-6-29 2025-7-29
days	2025|7|26|29	31
shift	2025|7|26|-2|29	2025-4-29
shift	2025|7|26|-1|29	2025-5-29
shift	2025|7|26|0|29	2025-6-29
shift	2025|7|26|1|29	2025-7-29
shift	2025|7|26|2|29	2025-8-29
range	2025|7|26|30	2025-6-30 2025-7-30
days	2025|7|26|30	31
shift	2025|7|26|-2|30	2025-4-30
shift	2025|7|26|-1|30	2025-5-30
shift	2025|7|26|0|30	2025-6-30
shift	2025|7|26|1|30	2025-7-30
shift	2025|7|26|2|30	2025-8-30
range	2025|7|26|31	2025-6-31 2025-7-31
days	2025|7|26|31	31
shift	2025|7|26|-2|31	2025-4-31
shift	2025|7|26|-1|31	2025-6-1
shift	2025|7|26|0|31	2025-6-31
shift	2025|7|26|1|31	2025-7-31
shift	2025|7|26|2|31	2025-9-1
range	2025|7|28|0	2025-7-1 2025-8-1
days	2025|7|28|0	31
shift	2025|7|28|-2|0	2025-5-1
shift	2025|7|28|-1|0	2025-6-1
shift	2025|7|28|0|0	2025-7-1
shift	2025|7|28|1|0	2025-8-1
shift	2025|7|28|2|0	2025-9-1
range	2025|7|28|1	2025-7-1 2025-8-1
days	2025|7|28|1	31
shift	2025|7|28|-2|1	2025-5-1
shift	2025|7|28|-1|1	2025-6-1
shift	2025|7|28|0|1	2025-7-1
shift	2025|7|28|1|1	2025-8-1
shift	2025|7|28|2|1	2025-9-1
range	2025|7|28|5	2025-7-5 2025-8-5
days	2025|7|28|5	31
shift	2025|7|28|-2|5	2025-5-5
shift	2025|7|28|-1|5	2025-6-5
shift	2025|7|28|0|5	2025-7-5
shift	2025|7|28|1|5	2025-8-5
shift	2025|7|28|2|5	2025-9-5
range	2025|7|28|15	2025-7-15 2025-8-15
days	2025|7|28|15	31
shift	2025|7|28|-2|15	2025-5-15
shift	2025|7|28|-1|15	2025-6-15
shift	2025|7|28|0|15	2025-7-15
shift	2025|7|28|1|15	2025-8-15
shift	2025|7|28|2|15	2025-9-15
range	2025|7|28|25	2025-7-25 2025-8-25
days	2025|7|28|25	31
shift	2025|7|28|-2|25	2025-5-25
shift	2025|7|28|-1|25	2025-6-25
shift	2025|7|28|0|25	2025-7-25
shift	2025|7|28|1|25	2025-8-25
shift	2025|7|28|2|25	2025-9-25
range	2025|7|28|28	2025-7-28 2025-8-28
days	2025|7|28|28	31
shift	2025|7|28|-2|28	2025-5-28
shift	2025|7|28|-1|28	2025-6-28
shift	2025|7|28|0|28	2025-7-28
shift	2025|7|28|1|28	2025-8-28
shift	2025|7|28|2|28	2025-9-28
range	2025|7|28|29	2025-6-29 2025-7-29
days	2025|7|28|29	31
shift	2025|7|28|-2|29	2025-4-29
shift	2025|7|28|-1|29	2025-5-29
shift	2025|7|28|0|29	2025-6-29
shift	2025|7|28|1|29	2025-7-29
shift	2025|7|28|2|29	2025-8-29
range	2025|7|28|30	2025-6-30 2025-7-30
days	2025|7|28|30	31
shift	2025|7|28|-2|30	2025-4-30
shift	2025|7|28|-1|30	2025-5-30
shift	2025|7|28|0|30	2025-6-30
shift	2025|7|28|1|30	2025-7-30
shift	2025|7|28|2|30	2025-8-30
range	2025|7|28|31	2025-6-31 2025-7-31
days	2025|7|28|31	31
shift	2025|7|28|-2|31	2025-4-31
shift	2025|7|28|-1|31	2025-6-1
shift	2025|7|28|0|31	2025-6-31
shift	2025|7|28|1|31	2025-7-31
shift	2025|7|28|2|31	2025-9-1
range	2025|7|31|0	2025-7-1 2025-8-1
days	2025|7|31|0	31
shift	2025|7|31|-2|0	2025-5-1
shift	2025|7|31|-1|0	2025-6-1
shift	2025|7|31|0|0	2025-7-1
shift	2025|7|31|1|0	2025-8-1
shift	2025|7|31|2|0	2025-9-1
range	2025|7|31|1	2025-7-1 2025-8-1
days	2025|7|31|1	31
shift	2025|7|31|-2|1	2025-5-1
shift	2025|7|31|-1|1	2025-6-1
shift	2025|7|31|0|1	2025-7-1
shift	2025|7|31|1|1	2025-8-1
shift	2025|7|31|2|1	2025-9-1
range	2025|7|31|5	2025-7-5 2025-8-5
days	2025|7|31|5	31
shift	2025|7|31|-2|5	2025-5-5
shift	2025|7|31|-1|5	2025-6-5
shift	2025|7|31|0|5	2025-7-5
shift	2025|7|31|1|5	2025-8-5
shift	2025|7|31|2|5	2025-9-5
range	2025|7|31|15	2025-7-15 2025-8-15
days	2025|7|31|15	31
shift	2025|7|31|-2|15	2025-5-15
shift	2025|7|31|-1|15	2025-6-15
shift	2025|7|31|0|15	2025-7-15
shift	2025|7|31|1|15	2025-8-15
shift	2025|7|31|2|15	2025-9-15
range	2025|7|31|25	2025-7-25 2025-8-25
days	2025|7|31|25	31
shift	2025|7|31|-2|25	2025-5-25
shift	2025|7|31|-1|25	2025-6-25
shift	2025|7|31|0|25	2025-7-25
shift	2025|7|31|1|25	2025-8-25
shift	2025|7|31|2|25	2025-9-25
range	2025|7|31|28	2025-7-28 2025-8-28
days	2025|7|31|28	31
shift	2025|7|31|-2|28	2025-5-28
shift	2025|7|31|-1|28	2025-6-28
shift	2025|7|31|0|28	2025-7-28
shift	2025|7|31|1|28	2025-8-28
shift	2025|7|31|2|28	2025-9-28
range	2025|7|31|29	2025-7-29 2025-8-29
days	2025|7|31|29	31
shift	2025|7|31|-2|29	2025-5-29
shift	2025|7|31|-1|29	2025-6-29
shift	2025|7|31|0|29	2025-7-29
shift	2025|7|31|1|29	2025-8-29
shift	2025|7|31|2|29	2025-9-29
range	2025|7|31|30	2025-7-30 2025-8-30
days	2025|7|31|30	31
shift	2025|7|31|-2|30	2025-5-30
shift	2025|7|31|-1|30	2025-6-30
shift	2025|7|31|0|30	2025-7-30
shift	2025|7|31|1|30	2025-8-30
shift	2025|7|31|2|30	2025-9-30
range	2025|7|31|31	2025-7-31 2025-9-1
days	2025|7|31|31	31
shift	2025|7|31|-2|31	2025-6-1
shift	2025|7|31|-1|31	2025-6-31
shift	2025|7|31|0|31	2025-7-31
shift	2025|7|31|1|31	2025-9-1
shift	2025|7|31|2|31	2025-9-31
range	2025|8|1|0	2025-8-1 2025-9-1
days	2025|8|1|0	30
shift	2025|8|1|-2|0	2025-6-1
shift	2025|8|1|-1|0	2025-7-1
shift	2025|8|1|0|0	2025-8-1
shift	2025|8|1|1|0	2025-9-1
shift	2025|8|1|2|0	2025-10-1
range	2025|8|1|1	2025-8-1 2025-9-1
days	2025|8|1|1	30
shift	2025|8|1|-2|1	2025-6-1
shift	2025|8|1|-1|1	2025-7-1
shift	2025|8|1|0|1	2025-8-1
shift	2025|8|1|1|1	2025-9-1
shift	2025|8|1|2|1	2025-10-1
range	2025|8|1|5	2025-7-5 2025-8-5
days	2025|8|1|5	31
shift	2025|8|1|-2|5	2025-5-5
shift	2025|8|1|-1|5	2025-6-5
shift	2025|8|1|0|5	2025-7-5
shift	2025|8|1|1|5	2025-8-5
shift	2025|8|1|2|5	2025-9-5
range	2025|8|1|15	2025-7-15 2025-8-15
days	2025|8|1|15	31
shift	2025|8|1|-2|15	2025-5-15
shift	2025|8|1|-1|15	2025-6-15
shift	2025|8|1|0|15	2025-7-15
shift	2025|8|1|1|15	2025-8-15
shift	2025|8|1|2|15	2025-9-15
range	2025|8|1|25	2025-7-25 2025-8-25
days	2025|8|1|25	31
shift	2025|8|1|-2|25	2025-5-25
shift	2025|8|1|-1|25	2025-6-25
shift	2025|8|1|0|25	2025-7-25
shift	2025|8|1|1|25	2025-8-25
shift	2025|8|1|2|25	2025-9-25
range	2025|8|1|28	2025-7-28 2025-8-28
days	2025|8|1|28	31
shift	2025|8|1|-2|28	2025-5-28
shift	2025|8|1|-1|28	2025-6-28
shift	2025|8|1|0|28	2025-7-28
shift	2025|8|1|1|28	2025-8-28
shift	2025|8|1|2|28	2025-9-28
range	2025|8|1|29	2025-7-29 2025-8-29
days	2025|8|1|29	31
shift	2025|8|1|-2|29	2025-5-29
shift	2025|8|1|-1|29	2025-6-29
shift	2025|8|1|0|29	2025-7-29
shift	2025|8|1|1|29	2025-8-29
shift	2025|8|1|2|29	2025-9-29
range	2025|8|1|30	2025-7-30 2025-8-30
days	2025|8|1|30	31
shift	2025|8|1|-2|30	2025-5-30
shift	2025|8|1|-1|30	2025-6-30
shift	2025|8|1|0|30	2025-7-30
shift	2025|8|1|1|30	2025-8-30
shift	2025|8|1|2|30	2025-9-30
range	2025|8|1|31	2025-7-31 2025-9-1
days	2025|8|1|31	31
shift	2025|8|1|-2|31	2025-6-1
shift	2025|8|1|-1|31	2025-6-31
shift	2025|8|1|0|31	2025-7-31
shift	2025|8|1|1|31	2025-9-1
shift	2025|8|1|2|31	2025-9-31
range	2025|8|5|0	2025-8-1 2025-9-1
days	2025|8|5|0	30
shift	2025|8|5|-2|0	2025-6-1
shift	2025|8|5|-1|0	2025-7-1
shift	2025|8|5|0|0	2025-8-1
shift	2025|8|5|1|0	2025-9-1
shift	2025|8|5|2|0	2025-10-1
range	2025|8|5|1	2025-8-1 2025-9-1
days	2025|8|5|1	30
shift	2025|8|5|-2|1	2025-6-1
shift	2025|8|5|-1|1	2025-7-1
shift	2025|8|5|0|1	2025-8-1
shift	2025|8|5|1|1	2025-9-1
shift	2025|8|5|2|1	2025-10-1
range	2025|8|5|5	2025-8-5 2025-9-5
days	2025|8|5|5	30
shift	2025|8|5|-2|5	2025-6-5
shift	2025|8|5|-1|5	2025-7-5
shift	2025|8|5|0|5	2025-8-5
shift	2025|8|5|1|5	2025-9-5
shift	2025|8|5|2|5	2025-10-5
range	2025|8|5|15	2025-7-15 2025-8-15
days	2025|8|5|15	31
shift	2025|8|5|-2|15	2025-5-15
shift	2025|8|5|-1|15	2025-6-15
shift	2025|8|5|0|15	2025-7-15
shift	2025|8|5|1|15	2025-8-15
shift	2025|8|5|2|15	2025-9-15
range	2025|8|5|25	2025-7-25 2025-8-25
days	2025|8|5|25	31
shift	2025|8|5|-2|25	2025-5-25
shift	2025|8|5|-1|25	2025-6-25
shift	2025|8|5|0|25	2025-7-25
shift	2025|8|5|1|25	2025-8-25
shift	2025|8|5|2|25	2025-9-25
range	2025|8|5|28	2025-7-28 2025-8-28
days	2025|8|5|28	31
shift	2025|8|5|-2|28	2025-5-28
shift	2025|8|5|-1|28	2025-6-28
shift	2025|8|5|0|28	2025-7-28
shift	2025|8|5|1|28	2025-8-28
shift	2025|8|5|2|28	2025-9-28
range	2025|8|5|29	2025-7-29 2025-8-29
days	2025|8|5|29	31
shift	2025|8|5|-2|29	2025-5-29
shift	2025|8|5|-1|29	2025-6-29
shift	2025|8|5|0|29	2025-7-29
shift	2025|8|5|1|29	2025-8-29
shift	2025|8|5|2|29	2025-9-29
range	2025|8|5|30	2025-7-30 2025-8-30
days	2025|8|5|30	31
shift	2025|8|5|-2|30	2025-5-30
shift	2025|8|5|-1|30	2025-6-30
shift	2025|8|5|0|30	2025-7-30
shift	2025|8|5|1|30	2025-8-30
shift	2025|8|5|2|30	2025-9-30
range	2025|8|5|31	2025-7-31 2025-9-1
days	2025|8|5|31	31
shift	2025|8|5|-2|31	2025-6-1
shift	2025|8|5|-1|31	2025-6-31
shift	2025|8|5|0|31	2025-7-31
shift	2025|8|5|1|31	2025-9-1
shift	2025|8|5|2|31	2025-9-31
range	2025|8|15|0	2025-8-1 2025-9-1
days	2025|8|15|0	30
shift	2025|8|15|-2|0	2025-6-1
shift	2025|8|15|-1|0	2025-7-1
shift	2025|8|15|0|0	2025-8-1
shift	2025|8|15|1|0	2025-9-1
shift	2025|8|15|2|0	2025-10-1
range	2025|8|15|1	2025-8-1 2025-9-1
days	2025|8|15|1	30
shift	2025|8|15|-2|1	2025-6-1
shift	2025|8|15|-1|1	2025-7-1
shift	2025|8|15|0|1	2025-8-1
shift	2025|8|15|1|1	2025-9-1
shift	2025|8|15|2|1	2025-10-1
range	2025|8|15|5	2025-8-5 2025-9-5
days	2025|8|15|5	30
shift	2025|8|15|-2|5	2025-6-5
shift	2025|8|15|-1|5	2025-7-5
shift	2025|8|15|0|5	2025-8-5
shift	2025|8|15|1|5	2025-9-5
shift	2025|8|15|2|5	2025-10-5
range	2025|8|15|15	2025-8-15 2025-9-15
days	2025|8|15|15	30
shift	2025|8|15|-2|15	2025-6-15
shift	2025|8|15|-1|15	2025-7-15
shift	2025|8|15|0|15	2025-8-15
shift	2025|8|15|1|15	2025-9-15
shift	2025|8|15|2|15	2025-10-15
range	2025|8|15|25	2025-7-25 2025-8-25
days	2025|8|15|25	31
shift	2025|8|15|-2|25	2025-5-25
shift	2025|8|15|-1|25	2025-6-25
shift	2025|8|15|0|25	2025-7-25
shift	2025|8|15|1|25	2025-8-25
shift	2025|8|15|2|25	2025-9-25
range	2025|8|15|28	2025-7-28 2025-8-28
days	2025|8|15|28	31
shift	2025|8|15|-2|28	2025-5-28
shift	2025|8|15|-1|28	2025-6-28
shift	2025|8|15|0|28	2025-7-28
shift	2025|8|15|1|28	2025-8-28
shift	2025|8|15|2|28	2025-9-28
range	2025|8|15|29	2025-7-29 2025-8-29
days	2025|8|15|29	31
shift	2025|8|15|-2|29	2025-5-29
shift	2025|8|15|-1|29	2025-6-29
shift	2025|8|15|0|29	2025-7-29
shift	2025|8|15|1|29	2025-8-29
shift	2025|8|15|2|29	2025-9-29
range	2025|8|15|30	2025-7-30 2025-8-30
days	2025|8|15|30	31
shift	2025|8|15|-2|30	2025-5-30
shift	2025|8|15|-1|30	2025-6-30
shift	2025|8|15|0|30	2025-7-30
shift	2025|8|15|1|30	2025-8-30
shift	2025|8|15|2|30	2025-9-30
range	2025|8|15|31	2025-7-31 2025-9-1
days	2025|8|15|31	31
shift	2025|8|15|-2|31	2025-6-1
shift	2025|8|15|-1|31	2025-6-31
shift	2025|8|15|0|31	2025-7-31
shift	2025|8|15|1|31	2025-9-1
shift	2025|8|15|2|31	2025-9-31
range	2025|8|24|0	2025-8-1 2025-9-1
days	2025|8|24|0	30
shift	2025|8|24|-2|0	2025-6-1
shift	2025|8|24|-1|0	2025-7-1
shift	2025|8|24|0|0	2025-8-1
shift	2025|8|24|1|0	2025-9-1
shift	2025|8|24|2|0	2025-10-1
range	2025|8|24|1	2025-8-1 2025-9-1
days	2025|8|24|1	30
shift	2025|8|24|-2|1	2025-6-1
shift	2025|8|24|-1|1	2025-7-1
shift	2025|8|24|0|1	2025-8-1
shift	2025|8|24|1|1	2025-9-1
shift	2025|8|24|2|1	2025-10-1
range	2025|8|24|5	2025-8-5 2025-9-5
days	2025|8|24|5	30
shift	2025|8|24|-2|5	2025-6-5
shift	2025|8|24|-1|5	2025-7-5
shift	2025|8|24|0|5	2025-8-5
shift	2025|8|24|1|5	2025-9-5
shift	2025|8|24|2|5	2025-10-5
range	2025|8|24|15	2025-8-15 2025-9-15
days	2025|8|24|15	30
shift	2025|8|24|-2|15	2025-6-15
shift	2025|8|24|-1|15	2025-7-15
shift	2025|8|24|0|15	2025-8-15
shift	2025|8|24|1|15	2025-9-15
shift	2025|8|24|2|15	2025-10-15
range	2025|8|24|25	2025-7-25 2025-8-25
days	2025|8|24|25	31
shift	2025|8|24|-2|25	2025-5-25
shift	2025|8|24|-1|25	2025-6-25
shift	2025|8|24|0|25	2025-7-25
shift	2025|8|24|1|25	2025-8-25
shift	2025|8|24|2|25	2025-9-25
range	2025|8|24|28	2025-7-28 2025-8-28
days	2025|8|24|28	31
shift	2025|8|24|-2|28	2025-5-28
shift	2025|8|24|-1|28	2025-6-28
shift	2025|8|24|0|28	2025-7-28
shift	2025|8|24|1|28	2025-8-28
shift	2025|8|24|2|28	2025-9-28
range	2025|8|24|29	2025-7-29 2025-8-29
days	2025|8|24|29	31
shift	2025|8|24|-2|29	2025-5-29
shift	2025|8|24|-1|29	2025-6-29
shift	2025|8|24|0|29	2025-7-29
shift	2025|8|24|1|29	2025-8-29
shift	2025|8|24|2|29	2025-9-29
range	2025|8|24|30	2025-7-30 2025-8-30
days	2025|8|24|30	31
shift	2025|8|24|-2|30	2025-5-30
shift	2025|8|24|-1|30	2025-6-30
shift	2025|8|24|0|30	2025-7-30
shift	2025|8|24|1|30	2025-8-30
shift	2025|8|24|2|30	2025-9-30
range	2025|8|24|31	2025-7-31 2025-9-1
days	2025|8|24|31	31
shift	2025|8|24|-2|31	2025-6-1
shift	2025|8|24|-1|31	2025-6-31
shift	2025|8|24|0|31	2025-7-31
shift	2025|8|24|1|31	2025-9-1
shift	2025|8|24|2|31	2025-9-31
range	2025|8|25|0	2025-8-1 2025-9-1
days	2025|8|25|0	30
shift	2025|8|25|-2|0	2025-6-1
shift	2025|8|25|-1|0	2025-7-1
shift	2025|8|25|0|0	2025-8-1
shift	2025|8|25|1|0	2025-9-1
shift	2025|8|25|2|0	2025-10-1
range	2025|8|25|1	2025-8-1 2025-9-1
days	2025|8|25|1	30
shift	2025|8|25|-2|1	2025-6-1
shift	2025|8|25|-1|1	2025-7-1
shift	2025|8|25|0|1	2025-8-1
shift	2025|8|25|1|1	2025-9-1
shift	2025|8|25|2|1	2025-10-1
range	2025|8|25|5	2025-8-5 2025-9-5
days	2025|8|25|5	30
shift	2025|8|25|-2|5	2025-6-5
shift	2025|8|25|-1|5	2025-7-5
shift	2025|8|25|0|5	2025-8-5
shift	2025|8|25|1|5	2025-9-5
shift	2025|8|25|2|5	2025-10-5
range	2025|8|25|15	2025-8-15 2025-9-15
days	2025|8|25|15	30
shift	2025|8|25|-2|15	2025-6-15
shift	2025|8|25|-1|15	2025-7-15
shift	2025|8|25|0|15	2025-8-15
shift	2025|8|25|1|15	2025-9-15
shift	2025|8|25|2|15	2025-10-15
range	2025|8|25|25	2025-8-25 2025-9-25
days	2025|8|25|25	30
shift	2025|8|25|-2|25	2025-6-25
shift	2025|8|25|-1|25	2025-7-25
shift	2025|8|25|0|25	2025-8-25
shift	2025|8|25|1|25	2025-9-25
shift	2025|8|25|2|25	2025-10-25
range	2025|8|25|28	2025-7-28 2025-8-28
days	2025|8|25|28	31
shift	2025|8|25|-2|28	2025-5-28
shift	2025|8|25|-1|28	2025-6-28
shift	2025|8|25|0|28	2025-7-28
shift	2025|8|25|1|28	2025-8-28
shift	2025|8|25|2|28	2025-9-28
range	2025|8|25|29	2025-7-29 2025-8-29
days	2025|8|25|29	31
shift	2025|8|25|-2|29	2025-5-29
shift	2025|8|25|-1|29	2025-6-29
shift	2025|8|25|0|29	2025-7-29
shift	2025|8|25|1|29	2025-8-29
shift	2025|8|25|2|29	2025-9-29
range	2025|8|25|30	2025-7-30 2025-8-30
days	2025|8|25|30	31
shift	2025|8|25|-2|30	2025-5-30
shift	2025|8|25|-1|30	2025-6-30
shift	2025|8|25|0|30	2025-7-30
shift	2025|8|25|1|30	2025-8-30
shift	2025|8|25|2|30	2025-9-30
range	2025|8|25|31	2025-7-31 2025-9-1
days	2025|8|25|31	31
shift	2025|8|25|-2|31	2025-6-1
shift	2025|8|25|-1|31	2025-6-31
shift	2025|8|25|0|31	2025-7-31
shift	2025|8|25|1|31	2025-9-1
shift	2025|8|25|2|31	2025-9-31
range	2025|8|26|0	2025-8-1 2025-9-1
days	2025|8|26|0	30
shift	2025|8|26|-2|0	2025-6-1
shift	2025|8|26|-1|0	2025-7-1
shift	2025|8|26|0|0	2025-8-1
shift	2025|8|26|1|0	2025-9-1
shift	2025|8|26|2|0	2025-10-1
range	2025|8|26|1	2025-8-1 2025-9-1
days	2025|8|26|1	30
shift	2025|8|26|-2|1	2025-6-1
shift	2025|8|26|-1|1	2025-7-1
shift	2025|8|26|0|1	2025-8-1
shift	2025|8|26|1|1	2025-9-1
shift	2025|8|26|2|1	2025-10-1
range	2025|8|26|5	2025-8-5 2025-9-5
days	2025|8|26|5	30
shift	2025|8|26|-2|5	2025-6-5
shift	2025|8|26|-1|5	2025-7-5
shift	2025|8|26|0|5	2025-8-5
shift	2025|8|26|1|5	2025-9-5
shift	2025|8|26|2|5	2025-10-5
range	2025|8|26|15	2025-8-15 2025-9-15
days	2025|8|26|15	30
shift	2025|8|26|-2|15	2025-6-15
shift	2025|8|26|-1|15	2025-7-15
shift	2025|8|26|0|15	2025-8-15
shift	2025|8|26|1|15	2025-9-15
shift	2025|8|26|2|15	2025-10-15
range	2025|8|26|25	2025-8-25 2025-9-25
days	2025|8|26|25	30
shift	2025|8|26|-2|25	2025-6-25
shift	2025|8|26|-1|25	2025-7-25
shift	2025|8|26|0|25	2025-8-25
shift	2025|8|26|1|25	2025-9-25
shift	2025|8|26|2|25	2025-10-25
range	2025|8|26|28	2025-7-28 2025-8-28
days	2025|8|26|28	31
shift	2025|8|26|-2|28	2025-5-28
shift	2025|8|26|-1|28	2025-6-28
shift	2025|8|26|0|28	2025-7-28
shift	2025|8|26|1|28	2025-8-28
shift	2025|8|26|2|28	2025-9-28
range	2025|8|26|29	2025-7-29 2025-8-29
days	2025|8|26|29	31
shift	2025|8|26|-2|29	2025-5-29
shift	2025|8|26|-1|29	2025-6-29
shift	2025|8|26|0|29	2025-7-29
shift	2025|8|26|1|29	2025-8-29
shift	2025|8|26|2|29	2025-9-29
range	2025|8|26|30	2025-7-30 2025-8-30
days	2025|8|26|30	31
shift	2025|8|26|-2|30	2025-5-30
shift	2025|8|26|-1|30	2025-6-30
shift	2025|8|26|0|30	2025-7-30
shift	2025|8|26|1|30	2025-8-30
shift	2025|8|26|2|30	2025-9-30
range	2025|8|26|31	2025-7-31 2025-9-1
days	2025|8|26|31	31
shift	2025|8|26|-2|31	2025-6-1
shift	2025|8|26|-1|31	2025-6-31
shift	2025|8|26|0|31	2025-7-31
shift	2025|8|26|1|31	2025-9-1
shift	2025|8|26|2|31	2025-9-31
range	2025|8|28|0	2025-8-1 2025-9-1
days	2025|8|28|0	30
shift	2025|8|28|-2|0	2025-6-1
shift	2025|8|28|-1|0	2025-7-1
shift	2025|8|28|0|0	2025-8-1
shift	2025|8|28|1|0	2025-9-1
shift	2025|8|28|2|0	2025-10-1
range	2025|8|28|1	2025-8-1 2025-9-1
days	2025|8|28|1	30
shift	2025|8|28|-2|1	2025-6-1
shift	2025|8|28|-1|1	2025-7-1
shift	2025|8|28|0|1	2025-8-1
shift	2025|8|28|1|1	2025-9-1
shift	2025|8|28|2|1	2025-10-1
range	2025|8|28|5	2025-8-5 2025-9-5
days	2025|8|28|5	30
shift	2025|8|28|-2|5	2025-6-5
shift	2025|8|28|-1|5	2025-7-5
shift	2025|8|28|0|5	2025-8-5
shift	2025|8|28|1|5	2025-9-5
shift	2025|8|28|2|5	2025-10-5
range	2025|8|28|15	2025-8-15 2025-9-15
days	2025|8|28|15	30
shift	2025|8|28|-2|15	2025-6-15
shift	2025|8|28|-1|15	2025-7-15
shift	2025|8|28|0|15	2025-8-15
shift	2025|8|28|1|15	2025-9-15
shift	2025|8|28|2|15	2025-10-15
range	2025|8|28|25	2025-8-25 2025-9-25
days	2025|8|28|25	30
shift	2025|8|28|-2|25	2025-6-25
shift	2025|8|28|-1|25	2025-7-25
shift	2025|8|28|0|25	2025-8-25
shift	2025|8|28|1|25	2025-9-25
shift	2025|8|28|2|25	2025-10-25
range	2025|8|28|28	2025-8-28 2025-9-28
days	2025|8|28|28	30
shift	2025|8|28|-2|28	2025-6-28
shift	2025|8|28|-1|28	2025-7-28
shift	2025|8|28|0|28	2025-8-28
shift	2025|8|28|1|28	2025-9-28
shift	2025|8|28|2|28	2025-10-28
range	2025|8|28|29	2025-7-29 2025-8-29
days	2025|8|28|29	31
shift	2025|8|28|-2|29	2025-5-29
shift	2025|8|28|-1|29	2025-6-29
shift	2025|8|28|0|29	2025-7-29
shift	2025|8|28|1|29	2025-8-29
shift	2025|8|28|2|29	2025-9-29
range	2025|8|28|30	2025-7-30 2025-8-30
days	2025|8|28|30	31
shift	2025|8|28|-2|30	2025-5-30
shift	2025|8|28|-1|30	2025-6-30
shift	2025|8|28|0|30	2025-7-30
shift	2025|8|28|1|30	2025-8-30
shift	2025|8|28|2|30	2025-9-30
range	2025|8|28|31	2025-7-31 2025-9-1
days	2025|8|28|31	31
shift	2025|8|28|-2|31	2025-6-1
shift	2025|8|28|-1|31	2025-6-31
shift	2025|8|28|0|31	2025-7-31
shift	2025|8|28|1|31	2025-9-1
shift	2025|8|28|2|31	2025-9-31
range	2025|8|31|0	2025-9-1 2025-10-1
days	2025|8|31|0	31
shift	2025|8|31|-2|0	2025-7-1
shift	2025|8|31|-1|0	2025-8-1
shift	2025|8|31|0|0	2025-9-1
shift	2025|8|31|1|0	2025-10-1
shift	2025|8|31|2|0	2025-11-1
range	2025|8|31|1	2025-9-1 2025-10-1
days	2025|8|31|1	31
shift	2025|8|31|-2|1	2025-7-1
shift	2025|8|31|-1|1	2025-8-1
shift	2025|8|31|0|1	2025-9-1
shift	2025|8|31|1|1	2025-10-1
shift	2025|8|31|2|1	2025-11-1
range	2025|8|31|5	2025-8-5 2025-9-5
days	2025|8|31|5	30
shift	2025|8|31|-2|5	2025-6-5
shift	2025|8|31|-1|5	2025-7-5
shift	2025|8|31|0|5	2025-8-5
shift	2025|8|31|1|5	2025-9-5
shift	2025|8|31|2|5	2025-10-5
range	2025|8|31|15	2025-8-15 2025-9-15
days	2025|8|31|15	30
shift	2025|8|31|-2|15	2025-6-15
shift	2025|8|31|-1|15	2025-7-15
shift	2025|8|31|0|15	2025-8-15
shift	2025|8|31|1|15	2025-9-15
shift	2025|8|31|2|15	2025-10-15
range	2025|8|31|25	2025-8-25 2025-9-25
days	2025|8|31|25	30
shift	2025|8|31|-2|25	2025-6-25
shift	2025|8|31|-1|25	2025-7-25
shift	2025|8|31|0|25	2025-8-25
shift	2025|8|31|1|25	2025-9-25
shift	2025|8|31|2|25	2025-10-25
range	2025|8|31|28	2025-8-28 2025-9-28
days	2025|8|31|28	30
shift	2025|8|31|-2|28	2025-6-28
shift	2025|8|31|-1|28	2025-7-28
shift	2025|8|31|0|28	2025-8-28
shift	2025|8|31|1|28	2025-9-28
shift	2025|8|31|2|28	2025-10-28
range	2025|8|31|29	2025-8-29 2025-9-29
days	2025|8|31|29	30
shift	2025|8|31|-2|29	2025-6-29
shift	2025|8|31|-1|29	2025-7-29
shift	2025|8|31|0|29	2025-8-29
shift	2025|8|31|1|29	2025-9-29
shift	2025|8|31|2|29	2025-10-29
range	2025|8|31|30	2025-8-30 2025-9-30
days	2025|8|31|30	30
shift	2025|8|31|-2|30	2025-6-30
shift	2025|8|31|-1|30	2025-7-30
shift	2025|8|31|0|30	2025-8-30
shift	2025|8|31|1|30	2025-9-30
shift	2025|8|31|2|30	2025-10-30
range	2025|8|31|31	2025-9-1 2025-11-1
days	2025|8|31|31	61
shift	2025|8|31|-2|31	2025-7-31
shift	2025|8|31|-1|31	2025-9-1
shift	2025|8|31|0|31	2025-9-31
shift	2025|8|31|1|31	2025-11-1
shift	2025|8|31|2|31	2025-11-31
range	2025|9|1|0	2025-9-1 2025-10-1
days	2025|9|1|0	31
shift	2025|9|1|-2|0	2025-7-1
shift	2025|9|1|-1|0	2025-8-1
shift	2025|9|1|0|0	2025-9-1
shift	2025|9|1|1|0	2025-10-1
shift	2025|9|1|2|0	2025-11-1
range	2025|9|1|1	2025-9-1 2025-10-1
days	2025|9|1|1	31
shift	2025|9|1|-2|1	2025-7-1
shift	2025|9|1|-1|1	2025-8-1
shift	2025|9|1|0|1	2025-9-1
shift	2025|9|1|1|1	2025-10-1
shift	2025|9|1|2|1	2025-11-1
range	2025|9|1|5	2025-8-5 2025-9-5
days	2025|9|1|5	30
shift	2025|9|1|-2|5	2025-6-5
shift	2025|9|1|-1|5	2025-7-5
shift	2025|9|1|0|5	2025-8-5
shift	2025|9|1|1|5	2025-9-5
shift	2025|9|1|2|5	2025-10-5
range	2025|9|1|15	2025-8-15 2025-9-15
days	2025|9|1|15	30
shift	2025|9|1|-2|15	2025-6-15
shift	2025|9|1|-1|15	2025-7-15
shift	2025|9|1|0|15	2025-8-15
shift	2025|9|1|1|15	2025-9-15
shift	2025|9|1|2|15	2025-10-15
range	2025|9|1|25	2025-8-25 2025-9-25
days	2025|9|1|25	30
shift	2025|9|1|-2|25	2025-6-25
shift	2025|9|1|-1|25	2025-7-25
shift	2025|9|1|0|25	2025-8-25
shift	2025|9|1|1|25	2025-9-25
shift	2025|9|1|2|25	2025-10-25
range	2025|9|1|28	2025-8-28 2025-9-28
days	2025|9|1|28	30
shift	2025|9|1|-2|28	2025-6-28
shift	2025|9|1|-1|28	2025-7-28
shift	2025|9|1|0|28	2025-8-28
shift	2025|9|1|1|28	2025-9-28
shift	2025|9|1|2|28	2025-10-28
range	2025|9|1|29	2025-8-29 2025-9-29
days	2025|9|1|29	30
shift	2025|9|1|-2|29	2025-6-29
shift	2025|9|1|-1|29	2025-7-29
shift	2025|9|1|0|29	2025-8-29
shift	2025|9|1|1|29	2025-9-29
shift	2025|9|1|2|29	2025-10-29
range	2025|9|1|30	2025-8-30 2025-9-30
days	2025|9|1|30	30
shift	2025|9|1|-2|30	2025-6-30
shift	2025|9|1|-1|30	2025-7-30
shift	2025|9|1|0|30	2025-8-30
shift	2025|9|1|1|30	2025-9-30
shift	2025|9|1|2|30	2025-10-30
range	2025|9|1|31	2025-9-1 2025-11-1
days	2025|9|1|31	61
shift	2025|9|1|-2|31	2025-7-31
shift	2025|9|1|-1|31	2025-9-1
shift	2025|9|1|0|31	2025-9-31
shift	2025|9|1|1|31	2025-11-1
shift	2025|9|1|2|31	2025-11-31
range	2025|9|5|0	2025-9-1 2025-10-1
days	2025|9|5|0	31
shift	2025|9|5|-2|0	2025-7-1
shift	2025|9|5|-1|0	2025-8-1
shift	2025|9|5|0|0	2025-9-1
shift	2025|9|5|1|0	2025-10-1
shift	2025|9|5|2|0	2025-11-1
range	2025|9|5|1	2025-9-1 2025-10-1
days	2025|9|5|1	31
shift	2025|9|5|-2|1	2025-7-1
shift	2025|9|5|-1|1	2025-8-1
shift	2025|9|5|0|1	2025-9-1
shift	2025|9|5|1|1	2025-10-1
shift	2025|9|5|2|1	2025-11-1
range	2025|9|5|5	2025-9-5 2025-10-5
days	2025|9|5|5	31
shift	2025|9|5|-2|5	2025-7-5
shift	2025|9|5|-1|5	2025-8-5
shift	2025|9|5|0|5	2025-9-5
shift	2025|9|5|1|5	2025-10-5
shift	2025|9|5|2|5	2025-11-5
range	2025|9|5|15	2025-8-15 2025-9-15
days	2025|9|5|15	30
shift	2025|9|5|-2|15	2025-6-15
shift	2025|9|5|-1|15	2025-7-15
shift	2025|9|5|0|15	2025-8-15
shift	2025|9|5|1|15	2025-9-15
shift	2025|9|5|2|15	2025-10-15
range	2025|9|5|25	2025-8-25 2025-9-25
days	2025|9|5|25	30
shift	2025|9|5|-2|25	2025-6-25
shift	2025|9|5|-1|25	2025-7-25
shift	2025|9|5|0|25	2025-8-25
shift	2025|9|5|1|25	2025-9-25
shift	2025|9|5|2|25	2025-10-25
range	2025|9|5|28	2025-8-28 2025-9-28
days	2025|9|5|28	30
shift	2025|9|5|-2|28	2025-6-28
shift	2025|9|5|-1|28	2025-7-28
shift	2025|9|5|0|28	2025-8-28
shift	2025|9|5|1|28	2025-9-28
shift	2025|9|5|2|28	2025-10-28
range	2025|9|5|29	2025-8-29 2025-9-29
days	2025|9|5|29	30
shift	2025|9|5|-2|29	2025-6-29
shift	2025|9|5|-1|29	2025-7-29
shift	2025|9|5|0|29	2025-8-29
shift	2025|9|5|1|29	2025-9-29
shift	2025|9|5|2|29	2025-10-29
range	2025|9|5|30	2025-8-30 2025-9-30
days	2025|9|5|30	30
shift	2025|9|5|-2|30	2025-6-30
shift	2025|9|5|-1|30	2025-7-30
shift	2025|9|5|0|30	2025-8-30
shift	2025|9|5|1|30	2025-9-30
shift	2025|9|5|2|30	2025-10-30
range	2025|9|5|31	2025-9-1 2025-11-1
days	2025|9|5|31	61
shift	2025|9|5|-2|31	2025-7-31
shift	2025|9|5|-1|31	2025-9-1
shift	2025|9|5|0|31	2025-9-31
shift	2025|9|5|1|31	2025-11-1
shift	2025|9|5|2|31	2025-11-31
range	2025|9|15|0	2025-9-1 2025-10-1
days	2025|9|15|0	31
shift	2025|9|15|-2|0	2025-7-1
shift	2025|9|15|-1|0	2025-8-1
shift	2025|9|15|0|0	2025-9-1
shift	2025|9|15|1|0	2025-10-1
shift	2025|9|15|2|0	2025-11-1
range	2025|9|15|1	2025-9-1 2025-10-1
days	2025|9|15|1	31
shift	2025|9|15|-2|1	2025-7-1
shift	2025|9|15|-1|1	2025-8-1
shift	2025|9|15|0|1	2025-9-1
shift	2025|9|15|1|1	2025-10-1
shift	2025|9|15|2|1	2025-11-1
range	2025|9|15|5	2025-9-5 2025-10-5
days	2025|9|15|5	31
shift	2025|9|15|-2|5	2025-7-5
shift	2025|9|15|-1|5	2025-8-5
shift	2025|9|15|0|5	2025-9-5
shift	2025|9|15|1|5	2025-10-5
shift	2025|9|15|2|5	2025-11-5
range	2025|9|15|15	2025-9-15 2025-10-15
days	2025|9|15|15	31
shift	2025|9|15|-2|15	2025-7-15
shift	2025|9|15|-1|15	2025-8-15
shift	2025|9|15|0|15	2025-9-15
shift	2025|9|15|1|15	2025-10-15
shift	2025|9|15|2|15	2025-11-15
range	2025|9|15|25	2025-8-25 2025-9-25
days	2025|9|15|25	30
shift	2025|9|15|-2|25	2025-6-25
shift	2025|9|15|-1|25	2025-7-25
shift	2025|9|15|0|25	2025-8-25
shift	2025|9|15|1|25	2025-9-25
shift	2025|9|15|2|25	2025-10-25
range	2025|9|15|28	2025-8-28 2025-9-28
days	2025|9|15|28	30
shift	2025|9|15|-2|28	2025-6-28
shift	2025|9|15|-1|28	2025-7-28
shift	2025|9|15|0|28	2025-8-28
shift	2025|9|15|1|28	2025-9-28
shift	2025|9|15|2|28	2025-10-28
range	2025|9|15|29	2025-8-29 2025-9-29
days	2025|9|15|29	30
shift	2025|9|15|-2|29	2025-6-29
shift	2025|9|15|-1|29	2025-7-29
shift	2025|9|15|0|29	2025-8-29
shift	2025|9|15|1|29	2025-9-29
shift	2025|9|15|2|29	2025-10-29
range	2025|9|15|30	2025-8-30 2025-9-30
days	2025|9|15|30	30
shift	2025|9|15|-2|30	2025-6-30
shift	2025|9|15|-1|30	2025-7-30
shift	2025|9|15|0|30	2025-8-30
shift	2025|9|15|1|30	2025-9-30
shift	2025|9|15|2|30	2025-10-30
range	2025|9|15|31	2025-9-1 2025-11-1
days	2025|9|15|31	61
shift	2025|9|15|-2|31	2025-7-31
shift	2025|9|15|-1|31	2025-9-1
shift	2025|9|15|0|31	2025-9-31
shift	2025|9|15|1|31	2025-11-1
shift	2025|9|15|2|31	2025-11-31
range	2025|9|24|0	2025-9-1 2025-10-1
days	2025|9|24|0	31
shift	2025|9|24|-2|0	2025-7-1
shift	2025|9|24|-1|0	2025-8-1
shift	2025|9|24|0|0	2025-9-1
shift	2025|9|24|1|0	2025-10-1
shift	2025|9|24|2|0	2025-11-1
range	2025|9|24|1	2025-9-1 2025-10-1
days	2025|9|24|1	31
shift	2025|9|24|-2|1	2025-7-1
shift	2025|9|24|-1|1	2025-8-1
shift	2025|9|24|0|1	2025-9-1
shift	2025|9|24|1|1	2025-10-1
shift	2025|9|24|2|1	2025-11-1
range	2025|9|24|5	2025-9-5 2025-10-5
days	2025|9|24|5	31
shift	2025|9|24|-2|5	2025-7-5
shift	2025|9|24|-1|5	2025-8-5
shift	2025|9|24|0|5	2025-9-5
shift	2025|9|24|1|5	2025-10-5
shift	2025|9|24|2|5	2025-11-5
range	2025|9|24|15	2025-9-15 2025-10-15
days	2025|9|24|15	31
shift	2025|9|24|-2|15	2025-7-15
shift	2025|9|24|-1|15	2025-8-15
shift	2025|9|24|0|15	2025-9-15
shift	2025|9|24|1|15	2025-10-15
shift	2025|9|24|2|15	2025-11-15
range	2025|9|24|25	2025-8-25 2025-9-25
days	2025|9|24|25	30
shift	2025|9|24|-2|25	2025-6-25
shift	2025|9|24|-1|25	2025-7-25
shift	2025|9|24|0|25	2025-8-25
shift	2025|9|24|1|25	2025-9-25
shift	2025|9|24|2|25	2025-10-25
range	2025|9|24|28	2025-8-28 2025-9-28
days	2025|9|24|28	30
shift	2025|9|24|-2|28	2025-6-28
shift	2025|9|24|-1|28	2025-7-28
shift	2025|9|24|0|28	2025-8-28
shift	2025|9|24|1|28	2025-9-28
shift	2025|9|24|2|28	2025-10-28
range	2025|9|24|29	2025-8-29 2025-9-29
days	2025|9|24|29	30
shift	2025|9|24|-2|29	2025-6-29
shift	2025|9|24|-1|29	2025-7-29
shift	2025|9|24|0|29	2025-8-29
shift	2025|9|24|1|29	2025-9-29
shift	2025|9|24|2|29	2025-10-29
range	2025|9|24|30	2025-8-30 2025-9-30
days	2025|9|24|30	30
shift	2025|9|24|-2|30	2025-6-30
shift	2025|9|24|-1|30	2025-7-30
shift	2025|9|24|0|30	2025-8-30
shift	2025|9|24|1|30	2025-9-30
shift	2025|9|24|2|30	2025-10-30
range	2025|9|24|31	2025-9-1 2025-11-1
days	2025|9|24|31	61
shift	2025|9|24|-2|31	2025-7-31
shift	2025|9|24|-1|31	2025-9-1
shift	2025|9|24|0|31	2025-9-31
shift	2025|9|24|1|31	2025-11-1
shift	2025|9|24|2|31	2025-11-31
range	2025|9|25|0	2025-9-1 2025-10-1
days	2025|9|25|0	31
shift	2025|9|25|-2|0	2025-7-1
shift	2025|9|25|-1|0	2025-8-1
shift	2025|9|25|0|0	2025-9-1
shift	2025|9|25|1|0	2025-10-1
shift	2025|9|25|2|0	2025-11-1
range	2025|9|25|1	2025-9-1 2025-10-1
days	2025|9|25|1	31
shift	2025|9|25|-2|1	2025-7-1
shift	2025|9|25|-1|1	2025-8-1
shift	2025|9|25|0|1	2025-9-1
shift	2025|9|25|1|1	2025-10-1
shift	2025|9|25|2|1	2025-11-1
range	2025|9|25|5	2025-9-5 2025-10-5
days	2025|9|25|5	31
shift	2025|9|25|-2|5	2025-7-5
shift	2025|9|25|-1|5	2025-8-5
shift	2025|9|25|0|5	2025-9-5
shift	2025|9|25|1|5	2025-10-5
shift	2025|9|25|2|5	2025-11-5
range	2025|9|25|15	2025-9-15 2025-10-15
days	2025|9|25|15	31
shift	2025|9|25|-2|15	2025-7-15
shift	2025|9|25|-1|15	2025-8-15
shift	2025|9|25|0|15	2025-9-15
shift	2025|9|25|1|15	2025-10-15
shift	2025|9|25|2|15	2025-11-15
range	2025|9|25|25	2025-9-25 2025-10-25
days	2025|9|25|25	31
shift	2025|9|25|-2|25	2025-7-25
shift	2025|9|25|-1|25	2025-8-25
shift	2025|9|25|0|25	2025-9-25
shift	2025|9|25|1|25	2025-10-25
shift	2025|9|25|2|25	2025-11-25
range	2025|9|25|28	2025-8-28 2025-9-28
days	2025|9|25|28	30
shift	2025|9|25|-2|28	2025-6-28
shift	2025|9|25|-1|28	2025-7-28
shift	2025|9|25|0|28	2025-8-28
shift	2025|9|25|1|28	2025-9-28
shift	2025|9|25|2|28	2025-10-28
range	2025|9|25|29	2025-8-29 2025-9-29
days	2025|9|25|29	30
shift	2025|9|25|-2|29	2025-6-29
shift	2025|9|25|-1|29	2025-7-29
shift	2025|9|25|0|29	2025-8-29
shift	2025|9|25|1|29	2025-9-29
shift	2025|9|25|2|29	2025-10-29
range	2025|9|25|30	2025-8-30 2025-9-30
days	2025|9|25|30	30
shift	2025|9|25|-2|30	2025-6-30
shift	2025|9|25|-1|30	2025-7-30
shift	2025|9|25|0|30	2025-8-30
shift	2025|9|25|1|30	2025-9-30
shift	2025|9|25|2|30	2025-10-30
range	2025|9|25|31	2025-9-1 2025-11-1
days	2025|9|25|31	61
shift	2025|9|25|-2|31	2025-7-31
shift	2025|9|25|-1|31	2025-9-1
shift	2025|9|25|0|31	2025-9-31
shift	2025|9|25|1|31	2025-11-1
shift	2025|9|25|2|31	2025-11-31
range	2025|9|26|0	2025-9-1 2025-10-1
days	2025|9|26|0	31
shift	2025|9|26|-2|0	2025-7-1
shift	2025|9|26|-1|0	2025-8-1
shift	2025|9|26|0|0	2025-9-1
shift	2025|9|26|1|0	2025-10-1
shift	2025|9|26|2|0	2025-11-1
range	2025|9|26|1	2025-9-1 2025-10-1
days	2025|9|26|1	31
shift	2025|9|26|-2|1	2025-7-1
shift	2025|9|26|-1|1	2025-8-1
shift	2025|9|26|0|1	2025-9-1
shift	2025|9|26|1|1	2025-10-1
shift	2025|9|26|2|1	2025-11-1
range	2025|9|26|5	2025-9-5 2025-10-5
days	2025|9|26|5	31
shift	2025|9|26|-2|5	2025-7-5
shift	2025|9|26|-1|5	2025-8-5
shift	2025|9|26|0|5	2025-9-5
shift	2025|9|26|1|5	2025-10-5
shift	2025|9|26|2|5	2025-11-5
range	2025|9|26|15	2025-9-15 2025-10-15
days	2025|9|26|15	31
shift	2025|9|26|-2|15	2025-7-15
shift	2025|9|26|-1|15	2025-8-15
shift	2025|9|26|0|15	2025-9-15
shift	2025|9|26|1|15	2025-10-15
shift	2025|9|26|2|15	2025-11-15
range	2025|9|26|25	2025-9-25 2025-10-25
days	2025|9|26|25	31
shift	2025|9|26|-2|25	2025-7-25
shift	2025|9|26|-1|25	2025-8-25
shift	2025|9|26|0|25	2025-9-25
shift	2025|9|26|1|25	2025-10-25
shift	2025|9|26|2|25	2025-11-25
range	2025|9|26|28	2025-8-28 2025-9-28
days	2025|9|26|28	30
shift	2025|9|26|-2|28	2025-6-28
shift	2025|9|26|-1|28	2025-7-28
shift	2025|9|26|0|28	2025-8-28
shift	2025|9|26|1|28	2025-9-28
shift	2025|9|26|2|28	2025-10-28
range	2025|9|26|29	2025-8-29 2025-9-29
days	2025|9|26|29	30
shift	2025|9|26|-2|29	2025-6-29
shift	2025|9|26|-1|29	2025-7-29
shift	2025|9|26|0|29	2025-8-29
shift	2025|9|26|1|29	2025-9-29
shift	2025|9|26|2|29	2025-10-29
range	2025|9|26|30	2025-8-30 2025-9-30
days	2025|9|26|30	30
shift	2025|9|26|-2|30	2025-6-30
shift	2025|9|26|-1|30	2025-7-30
shift	2025|9|26|0|30	2025-8-30
shift	2025|9|26|1|30	2025-9-30
shift	2025|9|26|2|30	2025-10-30
range	2025|9|26|31	2025-9-1 2025-11-1
days	2025|9|26|31	61
shift	2025|9|26|-2|31	2025-7-31
shift	2025|9|26|-1|31	2025-9-1
shift	2025|9|26|0|31	2025-9-31
shift	2025|9|26|1|31	2025-11-1
shift	2025|9|26|2|31	2025-11-31
range	2025|9|28|0	2025-9-1 2025-10-1
days	2025|9|28|0	31
shift	2025|9|28|-2|0	2025-7-1
shift	2025|9|28|-1|0	2025-8-1
shift	2025|9|28|0|0	2025-9-1
shift	2025|9|28|1|0	2025-10-1
shift	2025|9|28|2|0	2025-11-1
range	2025|9|28|1	2025-9-1 2025-10-1
days	2025|9|28|1	31
shift	2025|9|28|-2|1	2025-7-1
shift	2025|9|28|-1|1	2025-8-1
shift	2025|9|28|0|1	2025-9-1
shift	2025|9|28|1|1	2025-10-1
shift	2025|9|28|2|1	2025-11-1
range	2025|9|28|5	2025-9-5 2025-10-5
days	2025|9|28|5	31
shift	2025|9|28|-2|5	2025-7-5
shift	2025|9|28|-1|5	2025-8-5
shift	2025|9|28|0|5	2025-9-5
shift	2025|9|28|1|5	2025-10-5
shift	2025|9|28|2|5	2025-11-5
range	2025|9|28|15	2025-9-15 2025-10-15
days	2025|9|28|15	31
shift	2025|9|28|-2|15	2025-7-15
shift	2025|9|28|-1|15	2025-8-15
shift	2025|9|28|0|15	2025-9-15
shift	2025|9|28|1|15	2025-10-15
shift	2025|9|28|2|15	2025-11-15
range	2025|9|28|25	2025-9-25 2025-10-25
days	2025|9|28|25	31
shift	2025|9|28|-2|25	2025-7-25
shift	2025|9|28|-1|25	2025-8-25
shift	2025|9|28|0|25	2025-9-25
shift	2025|9|28|1|25	2025-10-25
shift	2025|9|28|2|25	2025-11-25
range	2025|9|28|28	2025-9-28 2025-10-28
days	2025|9|28|28	31
shift	2025|9|28|-2|28	2025-7-28
shift	2025|9|28|-1|28	2025-8-28
shift	2025|9|28|0|28	2025-9-28
shift	2025|9|28|1|28	2025-10-28
shift	2025|9|28|2|28	2025-11-28
range	2025|9|28|29	2025-8-29 2025-9-29
days	2025|9|28|29	30
shift	2025|9|28|-2|29	2025-6-29
shift	2025|9|28|-1|29	2025-7-29
shift	2025|9|28|0|29	2025-8-29
shift	2025|9|28|1|29	2025-9-29
shift	2025|9|28|2|29	2025-10-29
range	2025|9|28|30	2025-8-30 2025-9-30
days	2025|9|28|30	30
shift	2025|9|28|-2|30	2025-6-30
shift	2025|9|28|-1|30	2025-7-30
shift	2025|9|28|0|30	2025-8-30
shift	2025|9|28|1|30	2025-9-30
shift	2025|9|28|2|30	2025-10-30
range	2025|9|28|31	2025-9-1 2025-11-1
days	2025|9|28|31	61
shift	2025|9|28|-2|31	2025-7-31
shift	2025|9|28|-1|31	2025-9-1
shift	2025|9|28|0|31	2025-9-31
shift	2025|9|28|1|31	2025-11-1
shift	2025|9|28|2|31	2025-11-31
range	2025|9|31|0	2025-9-1 2025-10-1
days	2025|9|31|0	31
shift	2025|9|31|-2|0	2025-7-1
shift	2025|9|31|-1|0	2025-8-1
shift	2025|9|31|0|0	2025-9-1
shift	2025|9|31|1|0	2025-10-1
shift	2025|9|31|2|0	2025-11-1
range	2025|9|31|1	2025-9-1 2025-10-1
days	2025|9|31|1	31
shift	2025|9|31|-2|1	2025-7-1
shift	2025|9|31|-1|1	2025-8-1
shift	2025|9|31|0|1	2025-9-1
shift	2025|9|31|1|1	2025-10-1
shift	2025|9|31|2|1	2025-11-1
range	2025|9|31|5	2025-9-5 2025-10-5
days	2025|9|31|5	31
shift	2025|9|31|-2|5	2025-7-5
shift	2025|9|31|-1|5	2025-8-5
shift	2025|9|31|0|5	2025-9-5
shift	2025|9|31|1|5	2025-10-5
shift	2025|9|31|2|5	2025-11-5
range	2025|9|31|15	2025-9-15 2025-10-15
days	2025|9|31|15	31
shift	2025|9|31|-2|15	2025-7-15
shift	2025|9|31|-1|15	2025-8-15
shift	2025|9|31|0|15	2025-9-15
shift	2025|9|31|1|15	2025-10-15
shift	2025|9|31|2|15	2025-11-15
range	2025|9|31|25	2025-9-25 2025-10-25
days	2025|9|31|25	31
shift	2025|9|31|-2|25	2025-7-25
shift	2025|9|31|-1|25	2025-8-25
shift	2025|9|31|0|25	2025-9-25
shift	2025|9|31|1|25	2025-10-25
shift	2025|9|31|2|25	2025-11-25
range	2025|9|31|28	2025-9-28 2025-10-28
days	2025|9|31|28	31
shift	2025|9|31|-2|28	2025-7-28
shift	2025|9|31|-1|28	2025-8-28
shift	2025|9|31|0|28	2025-9-28
shift	2025|9|31|1|28	2025-10-28
shift	2025|9|31|2|28	2025-11-28
range	2025|9|31|29	2025-9-29 2025-10-29
days	2025|9|31|29	31
shift	2025|9|31|-2|29	2025-7-29
shift	2025|9|31|-1|29	2025-8-29
shift	2025|9|31|0|29	2025-9-29
shift	2025|9|31|1|29	2025-10-29
shift	2025|9|31|2|29	2025-11-29
range	2025|9|31|30	2025-9-30 2025-10-30
days	2025|9|31|30	31
shift	2025|9|31|-2|30	2025-7-30
shift	2025|9|31|-1|30	2025-8-30
shift	2025|9|31|0|30	2025-9-30
shift	2025|9|31|1|30	2025-10-30
shift	2025|9|31|2|30	2025-11-30
range	2025|9|31|31	2025-9-31 2025-11-1
days	2025|9|31|31	31
shift	2025|9|31|-2|31	2025-7-31
shift	2025|9|31|-1|31	2025-9-1
shift	2025|9|31|0|31	2025-9-31
shift	2025|9|31|1|31	2025-11-1
shift	2025|9|31|2|31	2025-11-31
range	2025|10|1|0	2025-10-1 2025-11-1
days	2025|10|1|0	30
shift	2025|10|1|-2|0	2025-8-1
shift	2025|10|1|-1|0	2025-9-1
shift	2025|10|1|0|0	2025-10-1
shift	2025|10|1|1|0	2025-11-1
shift	2025|10|1|2|0	2026-0-1
range	2025|10|1|1	2025-10-1 2025-11-1
days	2025|10|1|1	30
shift	2025|10|1|-2|1	2025-8-1
shift	2025|10|1|-1|1	2025-9-1
shift	2025|10|1|0|1	2025-10-1
shift	2025|10|1|1|1	2025-11-1
shift	2025|10|1|2|1	2026-0-1
range	2025|10|1|5	2025-9-5 2025-10-5
days	2025|10|1|5	31
shift	2025|10|1|-2|5	2025-7-5
shift	2025|10|1|-1|5	2025-8-5
shift	2025|10|1|0|5	2025-9-5
shift	2025|10|1|1|5	2025-10-5
shift	2025|10|1|2|5	2025-11-5
range	2025|10|1|15	2025-9-15 2025-10-15
days	2025|10|1|15	31
shift	2025|10|1|-2|15	2025-7-15
shift	2025|10|1|-1|15	2025-8-15
shift	2025|10|1|0|15	2025-9-15
shift	2025|10|1|1|15	2025-10-15
shift	2025|10|1|2|15	2025-11-15
range	2025|10|1|25	2025-9-25 2025-10-25
days	2025|10|1|25	31
shift	2025|10|1|-2|25	2025-7-25
shift	2025|10|1|-1|25	2025-8-25
shift	2025|10|1|0|25	2025-9-25
shift	2025|10|1|1|25	2025-10-25
shift	2025|10|1|2|25	2025-11-25
range	2025|10|1|28	2025-9-28 2025-10-28
days	2025|10|1|28	31
shift	2025|10|1|-2|28	2025-7-28
shift	2025|10|1|-1|28	2025-8-28
shift	2025|10|1|0|28	2025-9-28
shift	2025|10|1|1|28	2025-10-28
shift	2025|10|1|2|28	2025-11-28
range	2025|10|1|29	2025-9-29 2025-10-29
days	2025|10|1|29	31
shift	2025|10|1|-2|29	2025-7-29
shift	2025|10|1|-1|29	2025-8-29
shift	2025|10|1|0|29	2025-9-29
shift	2025|10|1|1|29	2025-10-29
shift	2025|10|1|2|29	2025-11-29
range	2025|10|1|30	2025-9-30 2025-10-30
days	2025|10|1|30	31
shift	2025|10|1|-2|30	2025-7-30
shift	2025|10|1|-1|30	2025-8-30
shift	2025|10|1|0|30	2025-9-30
shift	2025|10|1|1|30	2025-10-30
shift	2025|10|1|2|30	2025-11-30
range	2025|10|1|31	2025-9-31 2025-11-1
days	2025|10|1|31	31
shift	2025|10|1|-2|31	2025-7-31
shift	2025|10|1|-1|31	2025-9-1
shift	2025|10|1|0|31	2025-9-31
shift	2025|10|1|1|31	2025-11-1
shift	2025|10|1|2|31	2025-11-31
range	2025|10|5|0	2025-10-1 2025-11-1
days	2025|10|5|0	30
shift	2025|10|5|-2|0	2025-8-1
shift	2025|10|5|-1|0	2025-9-1
shift	2025|10|5|0|0	2025-10-1
shift	2025|10|5|1|0	2025-11-1
shift	2025|10|5|2|0	2026-0-1
range	2025|10|5|1	2025-10-1 2025-11-1
days	2025|10|5|1	30
shift	2025|10|5|-2|1	2025-8-1
shift	2025|10|5|-1|1	2025-9-1
shift	2025|10|5|0|1	2025-10-1
shift	2025|10|5|1|1	2025-11-1
shift	2025|10|5|2|1	2026-0-1
range	2025|10|5|5	2025-10-5 2025-11-5
days	2025|10|5|5	30
shift	2025|10|5|-2|5	2025-8-5
shift	2025|10|5|-1|5	2025-9-5
shift	2025|10|5|0|5	2025-10-5
shift	2025|10|5|1|5	2025-11-5
shift	2025|10|5|2|5	2026-0-5
range	2025|10|5|15	2025-9-15 2025-10-15
days	2025|10|5|15	31
shift	2025|10|5|-2|15	2025-7-15
shift	2025|10|5|-1|15	2025-8-15
shift	2025|10|5|0|15	2025-9-15
shift	2025|10|5|1|15	2025-10-15
shift	2025|10|5|2|15	2025-11-15
range	2025|10|5|25	2025-9-25 2025-10-25
days	2025|10|5|25	31
shift	2025|10|5|-2|25	2025-7-25
shift	2025|10|5|-1|25	2025-8-25
shift	2025|10|5|0|25	2025-9-25
shift	2025|10|5|1|25	2025-10-25
shift	2025|10|5|2|25	2025-11-25
range	2025|10|5|28	2025-9-28 2025-10-28
days	2025|10|5|28	31
shift	2025|10|5|-2|28	2025-7-28
shift	2025|10|5|-1|28	2025-8-28
shift	2025|10|5|0|28	2025-9-28
shift	2025|10|5|1|28	2025-10-28
shift	2025|10|5|2|28	2025-11-28
range	2025|10|5|29	2025-9-29 2025-10-29
days	2025|10|5|29	31
shift	2025|10|5|-2|29	2025-7-29
shift	2025|10|5|-1|29	2025-8-29
shift	2025|10|5|0|29	2025-9-29
shift	2025|10|5|1|29	2025-10-29
shift	2025|10|5|2|29	2025-11-29
range	2025|10|5|30	2025-9-30 2025-10-30
days	2025|10|5|30	31
shift	2025|10|5|-2|30	2025-7-30
shift	2025|10|5|-1|30	2025-8-30
shift	2025|10|5|0|30	2025-9-30
shift	2025|10|5|1|30	2025-10-30
shift	2025|10|5|2|30	2025-11-30
range	2025|10|5|31	2025-9-31 2025-11-1
days	2025|10|5|31	31
shift	2025|10|5|-2|31	2025-7-31
shift	2025|10|5|-1|31	2025-9-1
shift	2025|10|5|0|31	2025-9-31
shift	2025|10|5|1|31	2025-11-1
shift	2025|10|5|2|31	2025-11-31
range	2025|10|15|0	2025-10-1 2025-11-1
days	2025|10|15|0	30
shift	2025|10|15|-2|0	2025-8-1
shift	2025|10|15|-1|0	2025-9-1
shift	2025|10|15|0|0	2025-10-1
shift	2025|10|15|1|0	2025-11-1
shift	2025|10|15|2|0	2026-0-1
range	2025|10|15|1	2025-10-1 2025-11-1
days	2025|10|15|1	30
shift	2025|10|15|-2|1	2025-8-1
shift	2025|10|15|-1|1	2025-9-1
shift	2025|10|15|0|1	2025-10-1
shift	2025|10|15|1|1	2025-11-1
shift	2025|10|15|2|1	2026-0-1
range	2025|10|15|5	2025-10-5 2025-11-5
days	2025|10|15|5	30
shift	2025|10|15|-2|5	2025-8-5
shift	2025|10|15|-1|5	2025-9-5
shift	2025|10|15|0|5	2025-10-5
shift	2025|10|15|1|5	2025-11-5
shift	2025|10|15|2|5	2026-0-5
range	2025|10|15|15	2025-10-15 2025-11-15
days	2025|10|15|15	30
shift	2025|10|15|-2|15	2025-8-15
shift	2025|10|15|-1|15	2025-9-15
shift	2025|10|15|0|15	2025-10-15
shift	2025|10|15|1|15	2025-11-15
shift	2025|10|15|2|15	2026-0-15
range	2025|10|15|25	2025-9-25 2025-10-25
days	2025|10|15|25	31
shift	2025|10|15|-2|25	2025-7-25
shift	2025|10|15|-1|25	2025-8-25
shift	2025|10|15|0|25	2025-9-25
shift	2025|10|15|1|25	2025-10-25
shift	2025|10|15|2|25	2025-11-25
range	2025|10|15|28	2025-9-28 2025-10-28
days	2025|10|15|28	31
shift	2025|10|15|-2|28	2025-7-28
shift	2025|10|15|-1|28	2025-8-28
shift	2025|10|15|0|28	2025-9-28
shift	2025|10|15|1|28	2025-10-28
shift	2025|10|15|2|28	2025-11-28
range	2025|10|15|29	2025-9-29 2025-10-29
days	2025|10|15|29	31
shift	2025|10|15|-2|29	2025-7-29
shift	2025|10|15|-1|29	2025-8-29
shift	2025|10|15|0|29	2025-9-29
shift	2025|10|15|1|29	2025-10-29
shift	2025|10|15|2|29	2025-11-29
range	2025|10|15|30	2025-9-30 2025-10-30
days	2025|10|15|30	31
shift	2025|10|15|-2|30	2025-7-30
shift	2025|10|15|-1|30	2025-8-30
shift	2025|10|15|0|30	2025-9-30
shift	2025|10|15|1|30	2025-10-30
shift	2025|10|15|2|30	2025-11-30
range	2025|10|15|31	2025-9-31 2025-11-1
days	2025|10|15|31	31
shift	2025|10|15|-2|31	2025-7-31
shift	2025|10|15|-1|31	2025-9-1
shift	2025|10|15|0|31	2025-9-31
shift	2025|10|15|1|31	2025-11-1
shift	2025|10|15|2|31	2025-11-31
range	2025|10|24|0	2025-10-1 2025-11-1
days	2025|10|24|0	30
shift	2025|10|24|-2|0	2025-8-1
shift	2025|10|24|-1|0	2025-9-1
shift	2025|10|24|0|0	2025-10-1
shift	2025|10|24|1|0	2025-11-1
shift	2025|10|24|2|0	2026-0-1
range	2025|10|24|1	2025-10-1 2025-11-1
days	2025|10|24|1	30
shift	2025|10|24|-2|1	2025-8-1
shift	2025|10|24|-1|1	2025-9-1
shift	2025|10|24|0|1	2025-10-1
shift	2025|10|24|1|1	2025-11-1
shift	2025|10|24|2|1	2026-0-1
range	2025|10|24|5	2025-10-5 2025-11-5
days	2025|10|24|5	30
shift	2025|10|24|-2|5	2025-8-5
shift	2025|10|24|-1|5	2025-9-5
shift	2025|10|24|0|5	2025-10-5
shift	2025|10|24|1|5	2025-11-5
shift	2025|10|24|2|5	2026-0-5
range	2025|10|24|15	2025-10-15 2025-11-15
days	2025|10|24|15	30
shift	2025|10|24|-2|15	2025-8-15
shift	2025|10|24|-1|15	2025-9-15
shift	2025|10|24|0|15	2025-10-15
shift	2025|10|24|1|15	2025-11-15
shift	2025|10|24|2|15	2026-0-15
range	2025|10|24|25	2025-9-25 2025-10-25
days	2025|10|24|25	31
shift	2025|10|24|-2|25	2025-7-25
shift	2025|10|24|-1|25	2025-8-25
shift	2025|10|24|0|25	2025-9-25
shift	2025|10|24|1|25	2025-10-25
shift	2025|10|24|2|25	2025-11-25
range	2025|10|24|28	2025-9-28 2025-10-28
days	2025|10|24|28	31
shift	2025|10|24|-2|28	2025-7-28
shift	2025|10|24|-1|28	2025-8-28
shift	2025|10|24|0|28	2025-9-28
shift	2025|10|24|1|28	2025-10-28
shift	2025|10|24|2|28	2025-11-28
range	2025|10|24|29	2025-9-29 2025-10-29
days	2025|10|24|29	31
shift	2025|10|24|-2|29	2025-7-29
shift	2025|10|24|-1|29	2025-8-29
shift	2025|10|24|0|29	2025-9-29
shift	2025|10|24|1|29	2025-10-29
shift	2025|10|24|2|29	2025-11-29
range	2025|10|24|30	2025-9-30 2025-10-30
days	2025|10|24|30	31
shift	2025|10|24|-2|30	2025-7-30
shift	2025|10|24|-1|30	2025-8-30
shift	2025|10|24|0|30	2025-9-30
shift	2025|10|24|1|30	2025-10-30
shift	2025|10|24|2|30	2025-11-30
range	2025|10|24|31	2025-9-31 2025-11-1
days	2025|10|24|31	31
shift	2025|10|24|-2|31	2025-7-31
shift	2025|10|24|-1|31	2025-9-1
shift	2025|10|24|0|31	2025-9-31
shift	2025|10|24|1|31	2025-11-1
shift	2025|10|24|2|31	2025-11-31
range	2025|10|25|0	2025-10-1 2025-11-1
days	2025|10|25|0	30
shift	2025|10|25|-2|0	2025-8-1
shift	2025|10|25|-1|0	2025-9-1
shift	2025|10|25|0|0	2025-10-1
shift	2025|10|25|1|0	2025-11-1
shift	2025|10|25|2|0	2026-0-1
range	2025|10|25|1	2025-10-1 2025-11-1
days	2025|10|25|1	30
shift	2025|10|25|-2|1	2025-8-1
shift	2025|10|25|-1|1	2025-9-1
shift	2025|10|25|0|1	2025-10-1
shift	2025|10|25|1|1	2025-11-1
shift	2025|10|25|2|1	2026-0-1
range	2025|10|25|5	2025-10-5 2025-11-5
days	2025|10|25|5	30
shift	2025|10|25|-2|5	2025-8-5
shift	2025|10|25|-1|5	2025-9-5
shift	2025|10|25|0|5	2025-10-5
shift	2025|10|25|1|5	2025-11-5
shift	2025|10|25|2|5	2026-0-5
range	2025|10|25|15	2025-10-15 2025-11-15
days	2025|10|25|15	30
shift	2025|10|25|-2|15	2025-8-15
shift	2025|10|25|-1|15	2025-9-15
shift	2025|10|25|0|15	2025-10-15
shift	2025|10|25|1|15	2025-11-15
shift	2025|10|25|2|15	2026-0-15
range	2025|10|25|25	2025-10-25 2025-11-25
days	2025|10|25|25	30
shift	2025|10|25|-2|25	2025-8-25
shift	2025|10|25|-1|25	2025-9-25
shift	2025|10|25|0|25	2025-10-25
shift	2025|10|25|1|25	2025-11-25
shift	2025|10|25|2|25	2026-0-25
range	2025|10|25|28	2025-9-28 2025-10-28
days	2025|10|25|28	31
shift	2025|10|25|-2|28	2025-7-28
shift	2025|10|25|-1|28	2025-8-28
shift	2025|10|25|0|28	2025-9-28
shift	2025|10|25|1|28	2025-10-28
shift	2025|10|25|2|28	2025-11-28
range	2025|10|25|29	2025-9-29 2025-10-29
days	2025|10|25|29	31
shift	2025|10|25|-2|29	2025-7-29
shift	2025|10|25|-1|29	2025-8-29
shift	2025|10|25|0|29	2025-9-29
shift	2025|10|25|1|29	2025-10-29
shift	2025|10|25|2|29	2025-11-29
range	2025|10|25|30	2025-9-30 2025-10-30
days	2025|10|25|30	31
shift	2025|10|25|-2|30	2025-7-30
shift	2025|10|25|-1|30	2025-8-30
shift	2025|10|25|0|30	2025-9-30
shift	2025|10|25|1|30	2025-10-30
shift	2025|10|25|2|30	2025-11-30
range	2025|10|25|31	2025-9-31 2025-11-1
days	2025|10|25|31	31
shift	2025|10|25|-2|31	2025-7-31
shift	2025|10|25|-1|31	2025-9-1
shift	2025|10|25|0|31	2025-9-31
shift	2025|10|25|1|31	2025-11-1
shift	2025|10|25|2|31	2025-11-31
range	2025|10|26|0	2025-10-1 2025-11-1
days	2025|10|26|0	30
shift	2025|10|26|-2|0	2025-8-1
shift	2025|10|26|-1|0	2025-9-1
shift	2025|10|26|0|0	2025-10-1
shift	2025|10|26|1|0	2025-11-1
shift	2025|10|26|2|0	2026-0-1
range	2025|10|26|1	2025-10-1 2025-11-1
days	2025|10|26|1	30
shift	2025|10|26|-2|1	2025-8-1
shift	2025|10|26|-1|1	2025-9-1
shift	2025|10|26|0|1	2025-10-1
shift	2025|10|26|1|1	2025-11-1
shift	2025|10|26|2|1	2026-0-1
range	2025|10|26|5	2025-10-5 2025-11-5
days	2025|10|26|5	30
shift	2025|10|26|-2|5	2025-8-5
shift	2025|10|26|-1|5	2025-9-5
shift	2025|10|26|0|5	2025-10-5
shift	2025|10|26|1|5	2025-11-5
shift	2025|10|26|2|5	2026-0-5
range	2025|10|26|15	2025-10-15 2025-11-15
days	2025|10|26|15	30
shift	2025|10|26|-2|15	2025-8-15
shift	2025|10|26|-1|15	2025-9-15
shift	2025|10|26|0|15	2025-10-15
shift	2025|10|26|1|15	2025-11-15
shift	2025|10|26|2|15	2026-0-15
range	2025|10|26|25	2025-10-25 2025-11-25
days	2025|10|26|25	30
shift	2025|10|26|-2|25	2025-8-25
shift	2025|10|26|-1|25	2025-9-25
shift	2025|10|26|0|25	2025-10-25
shift	2025|10|26|1|25	2025-11-25
shift	2025|10|26|2|25	2026-0-25
range	2025|10|26|28	2025-9-28 2025-10-28
days	2025|10|26|28	31
shift	2025|10|26|-2|28	2025-7-28
shift	2025|10|26|-1|28	2025-8-28
shift	2025|10|26|0|28	2025-9-28
shift	2025|10|26|1|28	2025-10-28
shift	2025|10|26|2|28	2025-11-28
range	2025|10|26|29	2025-9-29 2025-10-29
days	2025|10|26|29	31
shift	2025|10|26|-2|29	2025-7-29
shift	2025|10|26|-1|29	2025-8-29
shift	2025|10|26|0|29	2025-9-29
shift	2025|10|26|1|29	2025-10-29
shift	2025|10|26|2|29	2025-11-29
range	2025|10|26|30	2025-9-30 2025-10-30
days	2025|10|26|30	31
shift	2025|10|26|-2|30	2025-7-30
shift	2025|10|26|-1|30	2025-8-30
shift	2025|10|26|0|30	2025-9-30
shift	2025|10|26|1|30	2025-10-30
shift	2025|10|26|2|30	2025-11-30
range	2025|10|26|31	2025-9-31 2025-11-1
days	2025|10|26|31	31
shift	2025|10|26|-2|31	2025-7-31
shift	2025|10|26|-1|31	2025-9-1
shift	2025|10|26|0|31	2025-9-31
shift	2025|10|26|1|31	2025-11-1
shift	2025|10|26|2|31	2025-11-31
range	2025|10|28|0	2025-10-1 2025-11-1
days	2025|10|28|0	30
shift	2025|10|28|-2|0	2025-8-1
shift	2025|10|28|-1|0	2025-9-1
shift	2025|10|28|0|0	2025-10-1
shift	2025|10|28|1|0	2025-11-1
shift	2025|10|28|2|0	2026-0-1
range	2025|10|28|1	2025-10-1 2025-11-1
days	2025|10|28|1	30
shift	2025|10|28|-2|1	2025-8-1
shift	2025|10|28|-1|1	2025-9-1
shift	2025|10|28|0|1	2025-10-1
shift	2025|10|28|1|1	2025-11-1
shift	2025|10|28|2|1	2026-0-1
range	2025|10|28|5	2025-10-5 2025-11-5
days	2025|10|28|5	30
shift	2025|10|28|-2|5	2025-8-5
shift	2025|10|28|-1|5	2025-9-5
shift	2025|10|28|0|5	2025-10-5
shift	2025|10|28|1|5	2025-11-5
shift	2025|10|28|2|5	2026-0-5
range	2025|10|28|15	2025-10-15 2025-11-15
days	2025|10|28|15	30
shift	2025|10|28|-2|15	2025-8-15
shift	2025|10|28|-1|15	2025-9-15
shift	2025|10|28|0|15	2025-10-15
shift	2025|10|28|1|15	2025-11-15
shift	2025|10|28|2|15	2026-0-15
range	2025|10|28|25	2025-10-25 2025-11-25
days	2025|10|28|25	30
shift	2025|10|28|-2|25	2025-8-25
shift	2025|10|28|-1|25	2025-9-25
shift	2025|10|28|0|25	2025-10-25
shift	2025|10|28|1|25	2025-11-25
shift	2025|10|28|2|25	2026-0-25
range	2025|10|28|28	2025-10-28 2025-11-28
days	2025|10|28|28	30
shift	2025|10|28|-2|28	2025-8-28
shift	2025|10|28|-1|28	2025-9-28
shift	2025|10|28|0|28	2025-10-28
shift	2025|10|28|1|28	2025-11-28
shift	2025|10|28|2|28	2026-0-28
range	2025|10|28|29	2025-9-29 2025-10-29
days	2025|10|28|29	31
shift	2025|10|28|-2|29	2025-7-29
shift	2025|10|28|-1|29	2025-8-29
shift	2025|10|28|0|29	2025-9-29
shift	2025|10|28|1|29	2025-10-29
shift	2025|10|28|2|29	2025-11-29
range	2025|10|28|30	2025-9-30 2025-10-30
days	2025|10|28|30	31
shift	2025|10|28|-2|30	2025-7-30
shift	2025|10|28|-1|30	2025-8-30
shift	2025|10|28|0|30	2025-9-30
shift	2025|10|28|1|30	2025-10-30
shift	2025|10|28|2|30	2025-11-30
range	2025|10|28|31	2025-9-31 2025-11-1
days	2025|10|28|31	31
shift	2025|10|28|-2|31	2025-7-31
shift	2025|10|28|-1|31	2025-9-1
shift	2025|10|28|0|31	2025-9-31
shift	2025|10|28|1|31	2025-11-1
shift	2025|10|28|2|31	2025-11-31
range	2025|10|31|0	2025-11-1 2026-0-1
days	2025|10|31|0	31
shift	2025|10|31|-2|0	2025-9-1
shift	2025|10|31|-1|0	2025-10-1
shift	2025|10|31|0|0	2025-11-1
shift	2025|10|31|1|0	2026-0-1
shift	2025|10|31|2|0	2026-1-1
range	2025|10|31|1	2025-11-1 2026-0-1
days	2025|10|31|1	31
shift	2025|10|31|-2|1	2025-9-1
shift	2025|10|31|-1|1	2025-10-1
shift	2025|10|31|0|1	2025-11-1
shift	2025|10|31|1|1	2026-0-1
shift	2025|10|31|2|1	2026-1-1
range	2025|10|31|5	2025-10-5 2025-11-5
days	2025|10|31|5	30
shift	2025|10|31|-2|5	2025-8-5
shift	2025|10|31|-1|5	2025-9-5
shift	2025|10|31|0|5	2025-10-5
shift	2025|10|31|1|5	2025-11-5
shift	2025|10|31|2|5	2026-0-5
range	2025|10|31|15	2025-10-15 2025-11-15
days	2025|10|31|15	30
shift	2025|10|31|-2|15	2025-8-15
shift	2025|10|31|-1|15	2025-9-15
shift	2025|10|31|0|15	2025-10-15
shift	2025|10|31|1|15	2025-11-15
shift	2025|10|31|2|15	2026-0-15
range	2025|10|31|25	2025-10-25 2025-11-25
days	2025|10|31|25	30
shift	2025|10|31|-2|25	2025-8-25
shift	2025|10|31|-1|25	2025-9-25
shift	2025|10|31|0|25	2025-10-25
shift	2025|10|31|1|25	2025-11-25
shift	2025|10|31|2|25	2026-0-25
range	2025|10|31|28	2025-10-28 2025-11-28
days	2025|10|31|28	30
shift	2025|10|31|-2|28	2025-8-28
shift	2025|10|31|-1|28	2025-9-28
shift	2025|10|31|0|28	2025-10-28
shift	2025|10|31|1|28	2025-11-28
shift	2025|10|31|2|28	2026-0-28
range	2025|10|31|29	2025-10-29 2025-11-29
days	2025|10|31|29	30
shift	2025|10|31|-2|29	2025-8-29
shift	2025|10|31|-1|29	2025-9-29
shift	2025|10|31|0|29	2025-10-29
shift	2025|10|31|1|29	2025-11-29
shift	2025|10|31|2|29	2026-0-29
range	2025|10|31|30	2025-10-30 2025-11-30
days	2025|10|31|30	30
shift	2025|10|31|-2|30	2025-8-30
shift	2025|10|31|-1|30	2025-9-30
shift	2025|10|31|0|30	2025-10-30
shift	2025|10|31|1|30	2025-11-30
shift	2025|10|31|2|30	2026-0-30
range	2025|10|31|31	2025-11-1 2026-0-31
days	2025|10|31|31	61
shift	2025|10|31|-2|31	2025-9-31
shift	2025|10|31|-1|31	2025-11-1
shift	2025|10|31|0|31	2025-11-31
shift	2025|10|31|1|31	2026-0-31
shift	2025|10|31|2|31	2026-2-3
range	2025|11|1|0	2025-11-1 2026-0-1
days	2025|11|1|0	31
shift	2025|11|1|-2|0	2025-9-1
shift	2025|11|1|-1|0	2025-10-1
shift	2025|11|1|0|0	2025-11-1
shift	2025|11|1|1|0	2026-0-1
shift	2025|11|1|2|0	2026-1-1
range	2025|11|1|1	2025-11-1 2026-0-1
days	2025|11|1|1	31
shift	2025|11|1|-2|1	2025-9-1
shift	2025|11|1|-1|1	2025-10-1
shift	2025|11|1|0|1	2025-11-1
shift	2025|11|1|1|1	2026-0-1
shift	2025|11|1|2|1	2026-1-1
range	2025|11|1|5	2025-10-5 2025-11-5
days	2025|11|1|5	30
shift	2025|11|1|-2|5	2025-8-5
shift	2025|11|1|-1|5	2025-9-5
shift	2025|11|1|0|5	2025-10-5
shift	2025|11|1|1|5	2025-11-5
shift	2025|11|1|2|5	2026-0-5
range	2025|11|1|15	2025-10-15 2025-11-15
days	2025|11|1|15	30
shift	2025|11|1|-2|15	2025-8-15
shift	2025|11|1|-1|15	2025-9-15
shift	2025|11|1|0|15	2025-10-15
shift	2025|11|1|1|15	2025-11-15
shift	2025|11|1|2|15	2026-0-15
range	2025|11|1|25	2025-10-25 2025-11-25
days	2025|11|1|25	30
shift	2025|11|1|-2|25	2025-8-25
shift	2025|11|1|-1|25	2025-9-25
shift	2025|11|1|0|25	2025-10-25
shift	2025|11|1|1|25	2025-11-25
shift	2025|11|1|2|25	2026-0-25
range	2025|11|1|28	2025-10-28 2025-11-28
days	2025|11|1|28	30
shift	2025|11|1|-2|28	2025-8-28
shift	2025|11|1|-1|28	2025-9-28
shift	2025|11|1|0|28	2025-10-28
shift	2025|11|1|1|28	2025-11-28
shift	2025|11|1|2|28	2026-0-28
range	2025|11|1|29	2025-10-29 2025-11-29
days	2025|11|1|29	30
shift	2025|11|1|-2|29	2025-8-29
shift	2025|11|1|-1|29	2025-9-29
shift	2025|11|1|0|29	2025-10-29
shift	2025|11|1|1|29	2025-11-29
shift	2025|11|1|2|29	2026-0-29
range	2025|11|1|30	2025-10-30 2025-11-30
days	2025|11|1|30	30
shift	2025|11|1|-2|30	2025-8-30
shift	2025|11|1|-1|30	2025-9-30
shift	2025|11|1|0|30	2025-10-30
shift	2025|11|1|1|30	2025-11-30
shift	2025|11|1|2|30	2026-0-30
range	2025|11|1|31	2025-11-1 2026-0-31
days	2025|11|1|31	61
shift	2025|11|1|-2|31	2025-9-31
shift	2025|11|1|-1|31	2025-11-1
shift	2025|11|1|0|31	2025-11-31
shift	2025|11|1|1|31	2026-0-31
shift	2025|11|1|2|31	2026-2-3
range	2025|11|5|0	2025-11-1 2026-0-1
days	2025|11|5|0	31
shift	2025|11|5|-2|0	2025-9-1
shift	2025|11|5|-1|0	2025-10-1
shift	2025|11|5|0|0	2025-11-1
shift	2025|11|5|1|0	2026-0-1
shift	2025|11|5|2|0	2026-1-1
range	2025|11|5|1	2025-11-1 2026-0-1
days	2025|11|5|1	31
shift	2025|11|5|-2|1	2025-9-1
shift	2025|11|5|-1|1	2025-10-1
shift	2025|11|5|0|1	2025-11-1
shift	2025|11|5|1|1	2026-0-1
shift	2025|11|5|2|1	2026-1-1
range	2025|11|5|5	2025-11-5 2026-0-5
days	2025|11|5|5	31
shift	2025|11|5|-2|5	2025-9-5
shift	2025|11|5|-1|5	2025-10-5
shift	2025|11|5|0|5	2025-11-5
shift	2025|11|5|1|5	2026-0-5
shift	2025|11|5|2|5	2026-1-5
range	2025|11|5|15	2025-10-15 2025-11-15
days	2025|11|5|15	30
shift	2025|11|5|-2|15	2025-8-15
shift	2025|11|5|-1|15	2025-9-15
shift	2025|11|5|0|15	2025-10-15
shift	2025|11|5|1|15	2025-11-15
shift	2025|11|5|2|15	2026-0-15
range	2025|11|5|25	2025-10-25 2025-11-25
days	2025|11|5|25	30
shift	2025|11|5|-2|25	2025-8-25
shift	2025|11|5|-1|25	2025-9-25
shift	2025|11|5|0|25	2025-10-25
shift	2025|11|5|1|25	2025-11-25
shift	2025|11|5|2|25	2026-0-25
range	2025|11|5|28	2025-10-28 2025-11-28
days	2025|11|5|28	30
shift	2025|11|5|-2|28	2025-8-28
shift	2025|11|5|-1|28	2025-9-28
shift	2025|11|5|0|28	2025-10-28
shift	2025|11|5|1|28	2025-11-28
shift	2025|11|5|2|28	2026-0-28
range	2025|11|5|29	2025-10-29 2025-11-29
days	2025|11|5|29	30
shift	2025|11|5|-2|29	2025-8-29
shift	2025|11|5|-1|29	2025-9-29
shift	2025|11|5|0|29	2025-10-29
shift	2025|11|5|1|29	2025-11-29
shift	2025|11|5|2|29	2026-0-29
range	2025|11|5|30	2025-10-30 2025-11-30
days	2025|11|5|30	30
shift	2025|11|5|-2|30	2025-8-30
shift	2025|11|5|-1|30	2025-9-30
shift	2025|11|5|0|30	2025-10-30
shift	2025|11|5|1|30	2025-11-30
shift	2025|11|5|2|30	2026-0-30
range	2025|11|5|31	2025-11-1 2026-0-31
days	2025|11|5|31	61
shift	2025|11|5|-2|31	2025-9-31
shift	2025|11|5|-1|31	2025-11-1
shift	2025|11|5|0|31	2025-11-31
shift	2025|11|5|1|31	2026-0-31
shift	2025|11|5|2|31	2026-2-3
range	2025|11|15|0	2025-11-1 2026-0-1
days	2025|11|15|0	31
shift	2025|11|15|-2|0	2025-9-1
shift	2025|11|15|-1|0	2025-10-1
shift	2025|11|15|0|0	2025-11-1
shift	2025|11|15|1|0	2026-0-1
shift	2025|11|15|2|0	2026-1-1
range	2025|11|15|1	2025-11-1 2026-0-1
days	2025|11|15|1	31
shift	2025|11|15|-2|1	2025-9-1
shift	2025|11|15|-1|1	2025-10-1
shift	2025|11|15|0|1	2025-11-1
shift	2025|11|15|1|1	2026-0-1
shift	2025|11|15|2|1	2026-1-1
range	2025|11|15|5	2025-11-5 2026-0-5
days	2025|11|15|5	31
shift	2025|11|15|-2|5	2025-9-5
shift	2025|11|15|-1|5	2025-10-5
shift	2025|11|15|0|5	2025-11-5
shift	2025|11|15|1|5	2026-0-5
shift	2025|11|15|2|5	2026-1-5
range	2025|11|15|15	2025-11-15 2026-0-15
days	2025|11|15|15	31
shift	2025|11|15|-2|15	2025-9-15
shift	2025|11|15|-1|15	2025-10-15
shift	2025|11|15|0|15	2025-11-15
shift	2025|11|15|1|15	2026-0-15
shift	2025|11|15|2|15	2026-1-15
range	2025|11|15|25	2025-10-25 2025-11-25
days	2025|11|15|25	30
shift	2025|11|15|-2|25	2025-8-25
shift	2025|11|15|-1|25	2025-9-25
shift	2025|11|15|0|25	2025-10-25
shift	2025|11|15|1|25	2025-11-25
shift	2025|11|15|2|25	2026-0-25
range	2025|11|15|28	2025-10-28 2025-11-28
days	2025|11|15|28	30
shift	2025|11|15|-2|28	2025-8-28
shift	2025|11|15|-1|28	2025-9-28
shift	2025|11|15|0|28	2025-10-28
shift	2025|11|15|1|28	2025-11-28
shift	2025|11|15|2|28	2026-0-28
range	2025|11|15|29	2025-10-29 2025-11-29
days	2025|11|15|29	30
shift	2025|11|15|-2|29	2025-8-29
shift	2025|11|15|-1|29	2025-9-29
shift	2025|11|15|0|29	2025-10-29
shift	2025|11|15|1|29	2025-11-29
shift	2025|11|15|2|29	2026-0-29
range	2025|11|15|30	2025-10-30 2025-11-30
days	2025|11|15|30	30
shift	2025|11|15|-2|30	2025-8-30
shift	2025|11|15|-1|30	2025-9-30
shift	2025|11|15|0|30	2025-10-30
shift	2025|11|15|1|30	2025-11-30
shift	2025|11|15|2|30	2026-0-30
range	2025|11|15|31	2025-11-1 2026-0-31
days	2025|11|15|31	61
shift	2025|11|15|-2|31	2025-9-31
shift	2025|11|15|-1|31	2025-11-1
shift	2025|11|15|0|31	2025-11-31
shift	2025|11|15|1|31	2026-0-31
shift	2025|11|15|2|31	2026-2-3
range	2025|11|24|0	2025-11-1 2026-0-1
days	2025|11|24|0	31
shift	2025|11|24|-2|0	2025-9-1
shift	2025|11|24|-1|0	2025-10-1
shift	2025|11|24|0|0	2025-11-1
shift	2025|11|24|1|0	2026-0-1
shift	2025|11|24|2|0	2026-1-1
range	2025|11|24|1	2025-11-1 2026-0-1
days	2025|11|24|1	31
shift	2025|11|24|-2|1	2025-9-1
shift	2025|11|24|-1|1	2025-10-1
shift	2025|11|24|0|1	2025-11-1
shift	2025|11|24|1|1	2026-0-1
shift	2025|11|24|2|1	2026-1-1
range	2025|11|24|5	2025-11-5 2026-0-5
days	2025|11|24|5	31
shift	2025|11|24|-2|5	2025-9-5
shift	2025|11|24|-1|5	2025-10-5
shift	2025|11|24|0|5	2025-11-5
shift	2025|11|24|1|5	2026-0-5
shift	2025|11|24|2|5	2026-1-5
range	2025|11|24|15	2025-11-15 2026-0-15
days	2025|11|24|15	31
shift	2025|11|24|-2|15	2025-9-15
shift	2025|11|24|-1|15	2025-10-15
shift	2025|11|24|0|15	2025-11-15
shift	2025|11|24|1|15	2026-0-15
shift	2025|11|24|2|15	2026-1-15
range	2025|11|24|25	2025-10-25 2025-11-25
days	2025|11|24|25	30
shift	2025|11|24|-2|25	2025-8-25
shift	2025|11|24|-1|25	2025-9-25
shift	2025|11|24|0|25	2025-10-25
shift	2025|11|24|1|25	2025-11-25
shift	2025|11|24|2|25	2026-0-25
range	2025|11|24|28	2025-10-28 2025-11-28
days	2025|11|24|28	30
shift	2025|11|24|-2|28	2025-8-28
shift	2025|11|24|-1|28	2025-9-28
shift	2025|11|24|0|28	2025-10-28
shift	2025|11|24|1|28	2025-11-28
shift	2025|11|24|2|28	2026-0-28
range	2025|11|24|29	2025-10-29 2025-11-29
days	2025|11|24|29	30
shift	2025|11|24|-2|29	2025-8-29
shift	2025|11|24|-1|29	2025-9-29
shift	2025|11|24|0|29	2025-10-29
shift	2025|11|24|1|29	2025-11-29
shift	2025|11|24|2|29	2026-0-29
range	2025|11|24|30	2025-10-30 2025-11-30
days	2025|11|24|30	30
shift	2025|11|24|-2|30	2025-8-30
shift	2025|11|24|-1|30	2025-9-30
shift	2025|11|24|0|30	2025-10-30
shift	2025|11|24|1|30	2025-11-30
shift	2025|11|24|2|30	2026-0-30
range	2025|11|24|31	2025-11-1 2026-0-31
days	2025|11|24|31	61
shift	2025|11|24|-2|31	2025-9-31
shift	2025|11|24|-1|31	2025-11-1
shift	2025|11|24|0|31	2025-11-31
shift	2025|11|24|1|31	2026-0-31
shift	2025|11|24|2|31	2026-2-3
range	2025|11|25|0	2025-11-1 2026-0-1
days	2025|11|25|0	31
shift	2025|11|25|-2|0	2025-9-1
shift	2025|11|25|-1|0	2025-10-1
shift	2025|11|25|0|0	2025-11-1
shift	2025|11|25|1|0	2026-0-1
shift	2025|11|25|2|0	2026-1-1
range	2025|11|25|1	2025-11-1 2026-0-1
days	2025|11|25|1	31
shift	2025|11|25|-2|1	2025-9-1
shift	2025|11|25|-1|1	2025-10-1
shift	2025|11|25|0|1	2025-11-1
shift	2025|11|25|1|1	2026-0-1
shift	2025|11|25|2|1	2026-1-1
range	2025|11|25|5	2025-11-5 2026-0-5
days	2025|11|25|5	31
shift	2025|11|25|-2|5	2025-9-5
shift	2025|11|25|-1|5	2025-10-5
shift	2025|11|25|0|5	2025-11-5
shift	2025|11|25|1|5	2026-0-5
shift	2025|11|25|2|5	2026-1-5
range	2025|11|25|15	2025-11-15 2026-0-15
days	2025|11|25|15	31
shift	2025|11|25|-2|15	2025-9-15
shift	2025|11|25|-1|15	2025-10-15
shift	2025|11|25|0|15	2025-11-15
shift	2025|11|25|1|15	2026-0-15
shift	2025|11|25|2|15	2026-1-15
range	2025|11|25|25	2025-11-25 2026-0-25
days	2025|11|25|25	31
shift	2025|11|25|-2|25	2025-9-25
shift	2025|11|25|-1|25	2025-10-25
shift	2025|11|25|0|25	2025-11-25
shift	2025|11|25|1|25	2026-0-25
shift	2025|11|25|2|25	2026-1-25
range	2025|11|25|28	2025-10-28 2025-11-28
days	2025|11|25|28	30
shift	2025|11|25|-2|28	2025-8-28
shift	2025|11|25|-1|28	2025-9-28
shift	2025|11|25|0|28	2025-10-28
shift	2025|11|25|1|28	2025-11-28
shift	2025|11|25|2|28	2026-0-28
range	2025|11|25|29	2025-10-29 2025-11-29
days	2025|11|25|29	30
shift	2025|11|25|-2|29	2025-8-29
shift	2025|11|25|-1|29	2025-9-29
shift	2025|11|25|0|29	2025-10-29
shift	2025|11|25|1|29	2025-11-29
shift	2025|11|25|2|29	2026-0-29
range	2025|11|25|30	2025-10-30 2025-11-30
days	2025|11|25|30	30
shift	2025|11|25|-2|30	2025-8-30
shift	2025|11|25|-1|30	2025-9-30
shift	2025|11|25|0|30	2025-10-30
shift	2025|11|25|1|30	2025-11-30
shift	2025|11|25|2|30	2026-0-30
range	2025|11|25|31	2025-11-1 2026-0-31
days	2025|11|25|31	61
shift	2025|11|25|-2|31	2025-9-31
shift	2025|11|25|-1|31	2025-11-1
shift	2025|11|25|0|31	2025-11-31
shift	2025|11|25|1|31	2026-0-31
shift	2025|11|25|2|31	2026-2-3
range	2025|11|26|0	2025-11-1 2026-0-1
days	2025|11|26|0	31
shift	2025|11|26|-2|0	2025-9-1
shift	2025|11|26|-1|0	2025-10-1
shift	2025|11|26|0|0	2025-11-1
shift	2025|11|26|1|0	2026-0-1
shift	2025|11|26|2|0	2026-1-1
range	2025|11|26|1	2025-11-1 2026-0-1
days	2025|11|26|1	31
shift	2025|11|26|-2|1	2025-9-1
shift	2025|11|26|-1|1	2025-10-1
shift	2025|11|26|0|1	2025-11-1
shift	2025|11|26|1|1	2026-0-1
shift	2025|11|26|2|1	2026-1-1
range	2025|11|26|5	2025-11-5 2026-0-5
days	2025|11|26|5	31
shift	2025|11|26|-2|5	2025-9-5
shift	2025|11|26|-1|5	2025-10-5
shift	2025|11|26|0|5	2025-11-5
shift	2025|11|26|1|5	2026-0-5
shift	2025|11|26|2|5	2026-1-5
range	2025|11|26|15	2025-11-15 2026-0-15
days	2025|11|26|15	31
shift	2025|11|26|-2|15	2025-9-15
shift	2025|11|26|-1|15	2025-10-15
shift	2025|11|26|0|15	2025-11-15
shift	2025|11|26|1|15	2026-0-15
shift	2025|11|26|2|15	2026-1-15
range	2025|11|26|25	2025-11-25 2026-0-25
days	2025|11|26|25	31
shift	2025|11|26|-2|25	2025-9-25
shift	2025|11|26|-1|25	2025-10-25
shift	2025|11|26|0|25	2025-11-25
shift	2025|11|26|1|25	2026-0-25
shift	2025|11|26|2|25	2026-1-25
range	2025|11|26|28	2025-10-28 2025-11-28
days	2025|11|26|28	30
shift	2025|11|26|-2|28	2025-8-28
shift	2025|11|26|-1|28	2025-9-28
shift	2025|11|26|0|28	2025-10-28
shift	2025|11|26|1|28	2025-11-28
shift	2025|11|26|2|28	2026-0-28
range	2025|11|26|29	2025-10-29 2025-11-29
days	2025|11|26|29	30
shift	2025|11|26|-2|29	2025-8-29
shift	2025|11|26|-1|29	2025-9-29
shift	2025|11|26|0|29	2025-10-29
shift	2025|11|26|1|29	2025-11-29
shift	2025|11|26|2|29	2026-0-29
range	2025|11|26|30	2025-10-30 2025-11-30
days	2025|11|26|30	30
shift	2025|11|26|-2|30	2025-8-30
shift	2025|11|26|-1|30	2025-9-30
shift	2025|11|26|0|30	2025-10-30
shift	2025|11|26|1|30	2025-11-30
shift	2025|11|26|2|30	2026-0-30
range	2025|11|26|31	2025-11-1 2026-0-31
days	2025|11|26|31	61
shift	2025|11|26|-2|31	2025-9-31
shift	2025|11|26|-1|31	2025-11-1
shift	2025|11|26|0|31	2025-11-31
shift	2025|11|26|1|31	2026-0-31
shift	2025|11|26|2|31	2026-2-3
range	2025|11|28|0	2025-11-1 2026-0-1
days	2025|11|28|0	31
shift	2025|11|28|-2|0	2025-9-1
shift	2025|11|28|-1|0	2025-10-1
shift	2025|11|28|0|0	2025-11-1
shift	2025|11|28|1|0	2026-0-1
shift	2025|11|28|2|0	2026-1-1
range	2025|11|28|1	2025-11-1 2026-0-1
days	2025|11|28|1	31
shift	2025|11|28|-2|1	2025-9-1
shift	2025|11|28|-1|1	2025-10-1
shift	2025|11|28|0|1	2025-11-1
shift	2025|11|28|1|1	2026-0-1
shift	2025|11|28|2|1	2026-1-1
range	2025|11|28|5	2025-11-5 2026-0-5
days	2025|11|28|5	31
shift	2025|11|28|-2|5	2025-9-5
shift	2025|11|28|-1|5	2025-10-5
shift	2025|11|28|0|5	2025-11-5
shift	2025|11|28|1|5	2026-0-5
shift	2025|11|28|2|5	2026-1-5
range	2025|11|28|15	2025-11-15 2026-0-15
days	2025|11|28|15	31
shift	2025|11|28|-2|15	2025-9-15
shift	2025|11|28|-1|15	2025-10-15
shift	2025|11|28|0|15	2025-11-15
shift	2025|11|28|1|15	2026-0-15
shift	2025|11|28|2|15	2026-1-15
range	2025|11|28|25	2025-11-25 2026-0-25
days	2025|11|28|25	31
shift	2025|11|28|-2|25	2025-9-25
shift	2025|11|28|-1|25	2025-10-25
shift	2025|11|28|0|25	2025-11-25
shift	2025|11|28|1|25	2026-0-25
shift	2025|11|28|2|25	2026-1-25
range	2025|11|28|28	2025-11-28 2026-0-28
days	2025|11|28|28	31
shift	2025|11|28|-2|28	2025-9-28
shift	2025|11|28|-1|28	2025-10-28
shift	2025|11|28|0|28	2025-11-28
shift	2025|11|28|1|28	2026-0-28
shift	2025|11|28|2|28	2026-1-28
range	2025|11|28|29	2025-10-29 2025-11-29
days	2025|11|28|29	30
shift	2025|11|28|-2|29	2025-8-29
shift	2025|11|28|-1|29	2025-9-29
shift	2025|11|28|0|29	2025-10-29
shift	2025|11|28|1|29	2025-11-29
shift	2025|11|28|2|29	2026-0-29
range	2025|11|28|30	2025-10-30 2025-11-30
days	2025|11|28|30	30
shift	2025|11|28|-2|30	2025-8-30
shift	2025|11|28|-1|30	2025-9-30
shift	2025|11|28|0|30	2025-10-30
shift	2025|11|28|1|30	2025-11-30
shift	2025|11|28|2|30	2026-0-30
range	2025|11|28|31	2025-11-1 2026-0-31
days	2025|11|28|31	61
shift	2025|11|28|-2|31	2025-9-31
shift	2025|11|28|-1|31	2025-11-1
shift	2025|11|28|0|31	2025-11-31
shift	2025|11|28|1|31	2026-0-31
shift	2025|11|28|2|31	2026-2-3
range	2025|11|31|0	2025-11-1 2026-0-1
days	2025|11|31|0	31
shift	2025|11|31|-2|0	2025-9-1
shift	2025|11|31|-1|0	2025-10-1
shift	2025|11|31|0|0	2025-11-1
shift	2025|11|31|1|0	2026-0-1
shift	2025|11|31|2|0	2026-1-1
range	2025|11|31|1	2025-11-1 2026-0-1
days	2025|11|31|1	31
shift	2025|11|31|-2|1	2025-9-1
shift	2025|11|31|-1|1	2025-10-1
shift	2025|11|31|0|1	2025-11-1
shift	2025|11|31|1|1	2026-0-1
shift	2025|11|31|2|1	2026-1-1
range	2025|11|31|5	2025-11-5 2026-0-5
days	2025|11|31|5	31
shift	2025|11|31|-2|5	2025-9-5
shift	2025|11|31|-1|5	2025-10-5
shift	2025|11|31|0|5	2025-11-5
shift	2025|11|31|1|5	2026-0-5
shift	2025|11|31|2|5	2026-1-5
range	2025|11|31|15	2025-11-15 2026-0-15
days	2025|11|31|15	31
shift	2025|11|31|-2|15	2025-9-15
shift	2025|11|31|-1|15	2025-10-15
shift	2025|11|31|0|15	2025-11-15
shift	2025|11|31|1|15	2026-0-15
shift	2025|11|31|2|15	2026-1-15
range	2025|11|31|25	2025-11-25 2026-0-25
days	2025|11|31|25	31
shift	2025|11|31|-2|25	2025-9-25
shift	2025|11|31|-1|25	2025-10-25
shift	2025|11|31|0|25	2025-11-25
shift	2025|11|31|1|25	2026-0-25
shift	2025|11|31|2|25	2026-1-25
range	2025|11|31|28	2025-11-28 2026-0-28
days	2025|11|31|28	31
shift	2025|11|31|-2|28	2025-9-28
shift	2025|11|31|-1|28	2025-10-28
shift	2025|11|31|0|28	2025-11-28
shift	2025|11|31|1|28	2026-0-28
shift	2025|11|31|2|28	2026-1-28
range	2025|11|31|29	2025-11-29 2026-0-29
days	2025|11|31|29	31
shift	2025|11|31|-2|29	2025-9-29
shift	2025|11|31|-1|29	2025-10-29
shift	2025|11|31|0|29	2025-11-29
shift	2025|11|31|1|29	2026-0-29
shift	2025|11|31|2|29	2026-2-1
range	2025|11|31|30	2025-11-30 2026-0-30
days	2025|11|31|30	31
shift	2025|11|31|-2|30	2025-9-30
shift	2025|11|31|-1|30	2025-10-30
shift	2025|11|31|0|30	2025-11-30
shift	2025|11|31|1|30	2026-0-30
shift	2025|11|31|2|30	2026-2-2
range	2025|11|31|31	2025-11-31 2026-0-31
days	2025|11|31|31	31
shift	2025|11|31|-2|31	2025-9-31
shift	2025|11|31|-1|31	2025-11-1
shift	2025|11|31|0|31	2025-11-31
shift	2025|11|31|1|31	2026-0-31
shift	2025|11|31|2|31	2026-2-3
range	2026|0|1|0	2026-0-1 2026-1-1
days	2026|0|1|0	31
shift	2026|0|1|-2|0	2025-10-1
shift	2026|0|1|-1|0	2025-11-1
shift	2026|0|1|0|0	2026-0-1
shift	2026|0|1|1|0	2026-1-1
shift	2026|0|1|2|0	2026-2-1
range	2026|0|1|1	2026-0-1 2026-1-1
days	2026|0|1|1	31
shift	2026|0|1|-2|1	2025-10-1
shift	2026|0|1|-1|1	2025-11-1
shift	2026|0|1|0|1	2026-0-1
shift	2026|0|1|1|1	2026-1-1
shift	2026|0|1|2|1	2026-2-1
range	2026|0|1|5	2025-11-5 2026-0-5
days	2026|0|1|5	31
shift	2026|0|1|-2|5	2025-9-5
shift	2026|0|1|-1|5	2025-10-5
shift	2026|0|1|0|5	2025-11-5
shift	2026|0|1|1|5	2026-0-5
shift	2026|0|1|2|5	2026-1-5
range	2026|0|1|15	2025-11-15 2026-0-15
days	2026|0|1|15	31
shift	2026|0|1|-2|15	2025-9-15
shift	2026|0|1|-1|15	2025-10-15
shift	2026|0|1|0|15	2025-11-15
shift	2026|0|1|1|15	2026-0-15
shift	2026|0|1|2|15	2026-1-15
range	2026|0|1|25	2025-11-25 2026-0-25
days	2026|0|1|25	31
shift	2026|0|1|-2|25	2025-9-25
shift	2026|0|1|-1|25	2025-10-25
shift	2026|0|1|0|25	2025-11-25
shift	2026|0|1|1|25	2026-0-25
shift	2026|0|1|2|25	2026-1-25
range	2026|0|1|28	2025-11-28 2026-0-28
days	2026|0|1|28	31
shift	2026|0|1|-2|28	2025-9-28
shift	2026|0|1|-1|28	2025-10-28
shift	2026|0|1|0|28	2025-11-28
shift	2026|0|1|1|28	2026-0-28
shift	2026|0|1|2|28	2026-1-28
range	2026|0|1|29	2025-11-29 2026-0-29
days	2026|0|1|29	31
shift	2026|0|1|-2|29	2025-9-29
shift	2026|0|1|-1|29	2025-10-29
shift	2026|0|1|0|29	2025-11-29
shift	2026|0|1|1|29	2026-0-29
shift	2026|0|1|2|29	2026-2-1
range	2026|0|1|30	2025-11-30 2026-0-30
days	2026|0|1|30	31
shift	2026|0|1|-2|30	2025-9-30
shift	2026|0|1|-1|30	2025-10-30
shift	2026|0|1|0|30	2025-11-30
shift	2026|0|1|1|30	2026-0-30
shift	2026|0|1|2|30	2026-2-2
range	2026|0|1|31	2025-11-31 2026-0-31
days	2026|0|1|31	31
shift	2026|0|1|-2|31	2025-9-31
shift	2026|0|1|-1|31	2025-11-1
shift	2026|0|1|0|31	2025-11-31
shift	2026|0|1|1|31	2026-0-31
shift	2026|0|1|2|31	2026-2-3
range	2026|0|5|0	2026-0-1 2026-1-1
days	2026|0|5|0	31
shift	2026|0|5|-2|0	2025-10-1
shift	2026|0|5|-1|0	2025-11-1
shift	2026|0|5|0|0	2026-0-1
shift	2026|0|5|1|0	2026-1-1
shift	2026|0|5|2|0	2026-2-1
range	2026|0|5|1	2026-0-1 2026-1-1
days	2026|0|5|1	31
shift	2026|0|5|-2|1	2025-10-1
shift	2026|0|5|-1|1	2025-11-1
shift	2026|0|5|0|1	2026-0-1
shift	2026|0|5|1|1	2026-1-1
shift	2026|0|5|2|1	2026-2-1
range	2026|0|5|5	2026-0-5 2026-1-5
days	2026|0|5|5	31
shift	2026|0|5|-2|5	2025-10-5
shift	2026|0|5|-1|5	2025-11-5
shift	2026|0|5|0|5	2026-0-5
shift	2026|0|5|1|5	2026-1-5
shift	2026|0|5|2|5	2026-2-5
range	2026|0|5|15	2025-11-15 2026-0-15
days	2026|0|5|15	31
shift	2026|0|5|-2|15	2025-9-15
shift	2026|0|5|-1|15	2025-10-15
shift	2026|0|5|0|15	2025-11-15
shift	2026|0|5|1|15	2026-0-15
shift	2026|0|5|2|15	2026-1-15
range	2026|0|5|25	2025-11-25 2026-0-25
days	2026|0|5|25	31
shift	2026|0|5|-2|25	2025-9-25
shift	2026|0|5|-1|25	2025-10-25
shift	2026|0|5|0|25	2025-11-25
shift	2026|0|5|1|25	2026-0-25
shift	2026|0|5|2|25	2026-1-25
range	2026|0|5|28	2025-11-28 2026-0-28
days	2026|0|5|28	31
shift	2026|0|5|-2|28	2025-9-28
shift	2026|0|5|-1|28	2025-10-28
shift	2026|0|5|0|28	2025-11-28
shift	2026|0|5|1|28	2026-0-28
shift	2026|0|5|2|28	2026-1-28
range	2026|0|5|29	2025-11-29 2026-0-29
days	2026|0|5|29	31
shift	2026|0|5|-2|29	2025-9-29
shift	2026|0|5|-1|29	2025-10-29
shift	2026|0|5|0|29	2025-11-29
shift	2026|0|5|1|29	2026-0-29
shift	2026|0|5|2|29	2026-2-1
range	2026|0|5|30	2025-11-30 2026-0-30
days	2026|0|5|30	31
shift	2026|0|5|-2|30	2025-9-30
shift	2026|0|5|-1|30	2025-10-30
shift	2026|0|5|0|30	2025-11-30
shift	2026|0|5|1|30	2026-0-30
shift	2026|0|5|2|30	2026-2-2
range	2026|0|5|31	2025-11-31 2026-0-31
days	2026|0|5|31	31
shift	2026|0|5|-2|31	2025-9-31
shift	2026|0|5|-1|31	2025-11-1
shift	2026|0|5|0|31	2025-11-31
shift	2026|0|5|1|31	2026-0-31
shift	2026|0|5|2|31	2026-2-3
range	2026|0|15|0	2026-0-1 2026-1-1
days	2026|0|15|0	31
shift	2026|0|15|-2|0	2025-10-1
shift	2026|0|15|-1|0	2025-11-1
shift	2026|0|15|0|0	2026-0-1
shift	2026|0|15|1|0	2026-1-1
shift	2026|0|15|2|0	2026-2-1
range	2026|0|15|1	2026-0-1 2026-1-1
days	2026|0|15|1	31
shift	2026|0|15|-2|1	2025-10-1
shift	2026|0|15|-1|1	2025-11-1
shift	2026|0|15|0|1	2026-0-1
shift	2026|0|15|1|1	2026-1-1
shift	2026|0|15|2|1	2026-2-1
range	2026|0|15|5	2026-0-5 2026-1-5
days	2026|0|15|5	31
shift	2026|0|15|-2|5	2025-10-5
shift	2026|0|15|-1|5	2025-11-5
shift	2026|0|15|0|5	2026-0-5
shift	2026|0|15|1|5	2026-1-5
shift	2026|0|15|2|5	2026-2-5
range	2026|0|15|15	2026-0-15 2026-1-15
days	2026|0|15|15	31
shift	2026|0|15|-2|15	2025-10-15
shift	2026|0|15|-1|15	2025-11-15
shift	2026|0|15|0|15	2026-0-15
shift	2026|0|15|1|15	2026-1-15
shift	2026|0|15|2|15	2026-2-15
range	2026|0|15|25	2025-11-25 2026-0-25
days	2026|0|15|25	31
shift	2026|0|15|-2|25	2025-9-25
shift	2026|0|15|-1|25	2025-10-25
shift	2026|0|15|0|25	2025-11-25
shift	2026|0|15|1|25	2026-0-25
shift	2026|0|15|2|25	2026-1-25
range	2026|0|15|28	2025-11-28 2026-0-28
days	2026|0|15|28	31
shift	2026|0|15|-2|28	2025-9-28
shift	2026|0|15|-1|28	2025-10-28
shift	2026|0|15|0|28	2025-11-28
shift	2026|0|15|1|28	2026-0-28
shift	2026|0|15|2|28	2026-1-28
range	2026|0|15|29	2025-11-29 2026-0-29
days	2026|0|15|29	31
shift	2026|0|15|-2|29	2025-9-29
shift	2026|0|15|-1|29	2025-10-29
shift	2026|0|15|0|29	2025-11-29
shift	2026|0|15|1|29	2026-0-29
shift	2026|0|15|2|29	2026-2-1
range	2026|0|15|30	2025-11-30 2026-0-30
days	2026|0|15|30	31
shift	2026|0|15|-2|30	2025-9-30
shift	2026|0|15|-1|30	2025-10-30
shift	2026|0|15|0|30	2025-11-30
shift	2026|0|15|1|30	2026-0-30
shift	2026|0|15|2|30	2026-2-2
range	2026|0|15|31	2025-11-31 2026-0-31
days	2026|0|15|31	31
shift	2026|0|15|-2|31	2025-9-31
shift	2026|0|15|-1|31	2025-11-1
shift	2026|0|15|0|31	2025-11-31
shift	2026|0|15|1|31	2026-0-31
shift	2026|0|15|2|31	2026-2-3
range	2026|0|24|0	2026-0-1 2026-1-1
days	2026|0|24|0	31
shift	2026|0|24|-2|0	2025-10-1
shift	2026|0|24|-1|0	2025-11-1
shift	2026|0|24|0|0	2026-0-1
shift	2026|0|24|1|0	2026-1-1
shift	2026|0|24|2|0	2026-2-1
range	2026|0|24|1	2026-0-1 2026-1-1
days	2026|0|24|1	31
shift	2026|0|24|-2|1	2025-10-1
shift	2026|0|24|-1|1	2025-11-1
shift	2026|0|24|0|1	2026-0-1
shift	2026|0|24|1|1	2026-1-1
shift	2026|0|24|2|1	2026-2-1
range	2026|0|24|5	2026-0-5 2026-1-5
days	2026|0|24|5	31
shift	2026|0|24|-2|5	2025-10-5
shift	2026|0|24|-1|5	2025-11-5
shift	2026|0|24|0|5	2026-0-5
shift	2026|0|24|1|5	2026-1-5
shift	2026|0|24|2|5	2026-2-5
range	2026|0|24|15	2026-0-15 2026-1-15
days	2026|0|24|15	31
shift	2026|0|24|-2|15	2025-10-15
shift	2026|0|24|-1|15	2025-11-15
shift	2026|0|24|0|15	2026-0-15
shift	2026|0|24|1|15	2026-1-15
shift	2026|0|24|2|15	2026-2-15
range	2026|0|24|25	2025-11-25 2026-0-25
days	2026|0|24|25	31
shift	2026|0|24|-2|25	2025-9-25
shift	2026|0|24|-1|25	2025-10-25
shift	2026|0|24|0|25	2025-11-25
shift	2026|0|24|1|25	2026-0-25
shift	2026|0|24|2|25	2026-1-25
range	2026|0|24|28	2025-11-28 2026-0-28
days	2026|0|24|28	31
shift	2026|0|24|-2|28	2025-9-28
shift	2026|0|24|-1|28	2025-10-28
shift	2026|0|24|0|28	2025-11-28
shift	2026|0|24|1|28	2026-0-28
shift	2026|0|24|2|28	2026-1-28
range	2026|0|24|29	2025-11-29 2026-0-29
days	2026|0|24|29	31
shift	2026|0|24|-2|29	2025-9-29
shift	2026|0|24|-1|29	2025-10-29
shift	2026|0|24|0|29	2025-11-29
shift	2026|0|24|1|29	2026-0-29
shift	2026|0|24|2|29	2026-2-1
range	2026|0|24|30	2025-11-30 2026-0-30
days	2026|0|24|30	31
shift	2026|0|24|-2|30	2025-9-30
shift	2026|0|24|-1|30	2025-10-30
shift	2026|0|24|0|30	2025-11-30
shift	2026|0|24|1|30	2026-0-30
shift	2026|0|24|2|30	2026-2-2
range	2026|0|24|31	2025-11-31 2026-0-31
days	2026|0|24|31	31
shift	2026|0|24|-2|31	2025-9-31
shift	2026|0|24|-1|31	2025-11-1
shift	2026|0|24|0|31	2025-11-31
shift	2026|0|24|1|31	2026-0-31
shift	2026|0|24|2|31	2026-2-3
range	2026|0|25|0	2026-0-1 2026-1-1
days	2026|0|25|0	31
shift	2026|0|25|-2|0	2025-10-1
shift	2026|0|25|-1|0	2025-11-1
shift	2026|0|25|0|0	2026-0-1
shift	2026|0|25|1|0	2026-1-1
shift	2026|0|25|2|0	2026-2-1
range	2026|0|25|1	2026-0-1 2026-1-1
days	2026|0|25|1	31
shift	2026|0|25|-2|1	2025-10-1
shift	2026|0|25|-1|1	2025-11-1
shift	2026|0|25|0|1	2026-0-1
shift	2026|0|25|1|1	2026-1-1
shift	2026|0|25|2|1	2026-2-1
range	2026|0|25|5	2026-0-5 2026-1-5
days	2026|0|25|5	31
shift	2026|0|25|-2|5	2025-10-5
shift	2026|0|25|-1|5	2025-11-5
shift	2026|0|25|0|5	2026-0-5
shift	2026|0|25|1|5	2026-1-5
shift	2026|0|25|2|5	2026-2-5
range	2026|0|25|15	2026-0-15 2026-1-15
days	2026|0|25|15	31
shift	2026|0|25|-2|15	2025-10-15
shift	2026|0|25|-1|15	2025-11-15
shift	2026|0|25|0|15	2026-0-15
shift	2026|0|25|1|15	2026-1-15
shift	2026|0|25|2|15	2026-2-15
range	2026|0|25|25	2026-0-25 2026-1-25
days	2026|0|25|25	31
shift	2026|0|25|-2|25	2025-10-25
shift	2026|0|25|-1|25	2025-11-25
shift	2026|0|25|0|25	2026-0-25
shift	2026|0|25|1|25	2026-1-25
shift	2026|0|25|2|25	2026-2-25
range	2026|0|25|28	2025-11-28 2026-0-28
days	2026|0|25|28	31
shift	2026|0|25|-2|28	2025-9-28
shift	2026|0|25|-1|28	2025-10-28
shift	2026|0|25|0|28	2025-11-28
shift	2026|0|25|1|28	2026-0-28
shift	2026|0|25|2|28	2026-1-28
range	2026|0|25|29	2025-11-29 2026-0-29
days	2026|0|25|29	31
shift	2026|0|25|-2|29	2025-9-29
shift	2026|0|25|-1|29	2025-10-29
shift	2026|0|25|0|29	2025-11-29
shift	2026|0|25|1|29	2026-0-29
shift	2026|0|25|2|29	2026-2-1
range	2026|0|25|30	2025-11-30 2026-0-30
days	2026|0|25|30	31
shift	2026|0|25|-2|30	2025-9-30
shift	2026|0|25|-1|30	2025-10-30
shift	2026|0|25|0|30	2025-11-30
shift	2026|0|25|1|30	2026-0-30
shift	2026|0|25|2|30	2026-2-2
range	2026|0|25|31	2025-11-31 2026-0-31
days	2026|0|25|31	31
shift	2026|0|25|-2|31	2025-9-31
shift	2026|0|25|-1|31	2025-11-1
shift	2026|0|25|0|31	2025-11-31
shift	2026|0|25|1|31	2026-0-31
shift	2026|0|25|2|31	2026-2-3
range	2026|0|26|0	2026-0-1 2026-1-1
days	2026|0|26|0	31
shift	2026|0|26|-2|0	2025-10-1
shift	2026|0|26|-1|0	2025-11-1
shift	2026|0|26|0|0	2026-0-1
shift	2026|0|26|1|0	2026-1-1
shift	2026|0|26|2|0	2026-2-1
range	2026|0|26|1	2026-0-1 2026-1-1
days	2026|0|26|1	31
shift	2026|0|26|-2|1	2025-10-1
shift	2026|0|26|-1|1	2025-11-1
shift	2026|0|26|0|1	2026-0-1
shift	2026|0|26|1|1	2026-1-1
shift	2026|0|26|2|1	2026-2-1
range	2026|0|26|5	2026-0-5 2026-1-5
days	2026|0|26|5	31
shift	2026|0|26|-2|5	2025-10-5
shift	2026|0|26|-1|5	2025-11-5
shift	2026|0|26|0|5	2026-0-5
shift	2026|0|26|1|5	2026-1-5
shift	2026|0|26|2|5	2026-2-5
range	2026|0|26|15	2026-0-15 2026-1-15
days	2026|0|26|15	31
shift	2026|0|26|-2|15	2025-10-15
shift	2026|0|26|-1|15	2025-11-15
shift	2026|0|26|0|15	2026-0-15
shift	2026|0|26|1|15	2026-1-15
shift	2026|0|26|2|15	2026-2-15
range	2026|0|26|25	2026-0-25 2026-1-25
days	2026|0|26|25	31
shift	2026|0|26|-2|25	2025-10-25
shift	2026|0|26|-1|25	2025-11-25
shift	2026|0|26|0|25	2026-0-25
shift	2026|0|26|1|25	2026-1-25
shift	2026|0|26|2|25	2026-2-25
range	2026|0|26|28	2025-11-28 2026-0-28
days	2026|0|26|28	31
shift	2026|0|26|-2|28	2025-9-28
shift	2026|0|26|-1|28	2025-10-28
shift	2026|0|26|0|28	2025-11-28
shift	2026|0|26|1|28	2026-0-28
shift	2026|0|26|2|28	2026-1-28
range	2026|0|26|29	2025-11-29 2026-0-29
days	2026|0|26|29	31
shift	2026|0|26|-2|29	2025-9-29
shift	2026|0|26|-1|29	2025-10-29
shift	2026|0|26|0|29	2025-11-29
shift	2026|0|26|1|29	2026-0-29
shift	2026|0|26|2|29	2026-2-1
range	2026|0|26|30	2025-11-30 2026-0-30
days	2026|0|26|30	31
shift	2026|0|26|-2|30	2025-9-30
shift	2026|0|26|-1|30	2025-10-30
shift	2026|0|26|0|30	2025-11-30
shift	2026|0|26|1|30	2026-0-30
shift	2026|0|26|2|30	2026-2-2
range	2026|0|26|31	2025-11-31 2026-0-31
days	2026|0|26|31	31
shift	2026|0|26|-2|31	2025-9-31
shift	2026|0|26|-1|31	2025-11-1
shift	2026|0|26|0|31	2025-11-31
shift	2026|0|26|1|31	2026-0-31
shift	2026|0|26|2|31	2026-2-3
range	2026|0|28|0	2026-0-1 2026-1-1
days	2026|0|28|0	31
shift	2026|0|28|-2|0	2025-10-1
shift	2026|0|28|-1|0	2025-11-1
shift	2026|0|28|0|0	2026-0-1
shift	2026|0|28|1|0	2026-1-1
shift	2026|0|28|2|0	2026-2-1
range	2026|0|28|1	2026-0-1 2026-1-1
days	2026|0|28|1	31
shift	2026|0|28|-2|1	2025-10-1
shift	2026|0|28|-1|1	2025-11-1
shift	2026|0|28|0|1	2026-0-1
shift	2026|0|28|1|1	2026-1-1
shift	2026|0|28|2|1	2026-2-1
range	2026|0|28|5	2026-0-5 2026-1-5
days	2026|0|28|5	31
shift	2026|0|28|-2|5	2025-10-5
shift	2026|0|28|-1|5	2025-11-5
shift	2026|0|28|0|5	2026-0-5
shift	2026|0|28|1|5	2026-1-5
shift	2026|0|28|2|5	2026-2-5
range	2026|0|28|15	2026-0-15 2026-1-15
days	2026|0|28|15	31
shift	2026|0|28|-2|15	2025-10-15
shift	2026|0|28|-1|15	2025-11-15
shift	2026|0|28|0|15	2026-0-15
shift	2026|0|28|1|15	2026-1-15
shift	2026|0|28|2|15	2026-2-15
range	2026|0|28|25	2026-0-25 2026-1-25
days	2026|0|28|25	31
shift	2026|0|28|-2|25	2025-10-25
shift	2026|0|28|-1|25	2025-11-25
shift	2026|0|28|0|25	2026-0-25
shift	2026|0|28|1|25	2026-1-25
shift	2026|0|28|2|25	2026-2-25
range	2026|0|28|28	2026-0-28 2026-1-28
days	2026|0|28|28	31
shift	2026|0|28|-2|28	2025-10-28
shift	2026|0|28|-1|28	2025-11-28
shift	2026|0|28|0|28	2026-0-28
shift	2026|0|28|1|28	2026-1-28
shift	2026|0|28|2|28	2026-2-28
range	2026|0|28|29	2025-11-29 2026-0-29
days	2026|0|28|29	31
shift	2026|0|28|-2|29	2025-9-29
shift	2026|0|28|-1|29	2025-10-29
shift	2026|0|28|0|29	2025-11-29
shift	2026|0|28|1|29	2026-0-29
shift	2026|0|28|2|29	2026-2-1
range	2026|0|28|30	2025-11-30 2026-0-30
days	2026|0|28|30	31
shift	2026|0|28|-2|30	2025-9-30
shift	2026|0|28|-1|30	2025-10-30
shift	2026|0|28|0|30	2025-11-30
shift	2026|0|28|1|30	2026-0-30
shift	2026|0|28|2|30	2026-2-2
range	2026|0|28|31	2025-11-31 2026-0-31
days	2026|0|28|31	31
shift	2026|0|28|-2|31	2025-9-31
shift	2026|0|28|-1|31	2025-11-1
shift	2026|0|28|0|31	2025-11-31
shift	2026|0|28|1|31	2026-0-31
shift	2026|0|28|2|31	2026-2-3
range	2026|0|31|0	2026-0-1 2026-1-1
days	2026|0|31|0	31
shift	2026|0|31|-2|0	2025-10-1
shift	2026|0|31|-1|0	2025-11-1
shift	2026|0|31|0|0	2026-0-1
shift	2026|0|31|1|0	2026-1-1
shift	2026|0|31|2|0	2026-2-1
range	2026|0|31|1	2026-0-1 2026-1-1
days	2026|0|31|1	31
shift	2026|0|31|-2|1	2025-10-1
shift	2026|0|31|-1|1	2025-11-1
shift	2026|0|31|0|1	2026-0-1
shift	2026|0|31|1|1	2026-1-1
shift	2026|0|31|2|1	2026-2-1
range	2026|0|31|5	2026-0-5 2026-1-5
days	2026|0|31|5	31
shift	2026|0|31|-2|5	2025-10-5
shift	2026|0|31|-1|5	2025-11-5
shift	2026|0|31|0|5	2026-0-5
shift	2026|0|31|1|5	2026-1-5
shift	2026|0|31|2|5	2026-2-5
range	2026|0|31|15	2026-0-15 2026-1-15
days	2026|0|31|15	31
shift	2026|0|31|-2|15	2025-10-15
shift	2026|0|31|-1|15	2025-11-15
shift	2026|0|31|0|15	2026-0-15
shift	2026|0|31|1|15	2026-1-15
shift	2026|0|31|2|15	2026-2-15
range	2026|0|31|25	2026-0-25 2026-1-25
days	2026|0|31|25	31
shift	2026|0|31|-2|25	2025-10-25
shift	2026|0|31|-1|25	2025-11-25
shift	2026|0|31|0|25	2026-0-25
shift	2026|0|31|1|25	2026-1-25
shift	2026|0|31|2|25	2026-2-25
range	2026|0|31|28	2026-0-28 2026-1-28
days	2026|0|31|28	31
shift	2026|0|31|-2|28	2025-10-28
shift	2026|0|31|-1|28	2025-11-28
shift	2026|0|31|0|28	2026-0-28
shift	2026|0|31|1|28	2026-1-28
shift	2026|0|31|2|28	2026-2-28
range	2026|0|31|29	2026-0-29 2026-2-1
days	2026|0|31|29	31
shift	2026|0|31|-2|29	2025-10-29
shift	2026|0|31|-1|29	2025-11-29
shift	2026|0|31|0|29	2026-0-29
shift	2026|0|31|1|29	2026-2-1
shift	2026|0|31|2|29	2026-2-29
range	2026|0|31|30	2026-0-30 2026-2-2
days	2026|0|31|30	31
shift	2026|0|31|-2|30	2025-10-30
shift	2026|0|31|-1|30	2025-11-30
shift	2026|0|31|0|30	2026-0-30
shift	2026|0|31|1|30	2026-2-2
shift	2026|0|31|2|30	2026-2-30
range	2026|0|31|31	2026-0-31 2026-2-3
days	2026|0|31|31	31
shift	2026|0|31|-2|31	2025-11-1
shift	2026|0|31|-1|31	2025-11-31
shift	2026|0|31|0|31	2026-0-31
shift	2026|0|31|1|31	2026-2-3
shift	2026|0|31|2|31	2026-2-31
range	2026|1|1|0	2026-1-1 2026-2-1
days	2026|1|1|0	28
shift	2026|1|1|-2|0	2025-11-1
shift	2026|1|1|-1|0	2026-0-1
shift	2026|1|1|0|0	2026-1-1
shift	2026|1|1|1|0	2026-2-1
shift	2026|1|1|2|0	2026-3-1
range	2026|1|1|1	2026-1-1 2026-2-1
days	2026|1|1|1	28
shift	2026|1|1|-2|1	2025-11-1
shift	2026|1|1|-1|1	2026-0-1
shift	2026|1|1|0|1	2026-1-1
shift	2026|1|1|1|1	2026-2-1
shift	2026|1|1|2|1	2026-3-1
range	2026|1|1|5	2026-0-5 2026-1-5
days	2026|1|1|5	31
shift	2026|1|1|-2|5	2025-10-5
shift	2026|1|1|-1|5	2025-11-5
shift	2026|1|1|0|5	2026-0-5
shift	2026|1|1|1|5	2026-1-5
shift	2026|1|1|2|5	2026-2-5
range	2026|1|1|15	2026-0-15 2026-1-15
days	2026|1|1|15	31
shift	2026|1|1|-2|15	2025-10-15
shift	2026|1|1|-1|15	2025-11-15
shift	2026|1|1|0|15	2026-0-15
shift	2026|1|1|1|15	2026-1-15
shift	2026|1|1|2|15	2026-2-15
range	2026|1|1|25	2026-0-25 2026-1-25
days	2026|1|1|25	31
shift	2026|1|1|-2|25	2025-10-25
shift	2026|1|1|-1|25	2025-11-25
shift	2026|1|1|0|25	2026-0-25
shift	2026|1|1|1|25	2026-1-25
shift	2026|1|1|2|25	2026-2-25
range	2026|1|1|28	2026-0-28 2026-1-28
days	2026|1|1|28	31
shift	2026|1|1|-2|28	2025-10-28
shift	2026|1|1|-1|28	2025-11-28
shift	2026|1|1|0|28	2026-0-28
shift	2026|1|1|1|28	2026-1-28
shift	2026|1|1|2|28	2026-2-28
range	2026|1|1|29	2026-0-29 2026-2-1
days	2026|1|1|29	31
shift	2026|1|1|-2|29	2025-10-29
shift	2026|1|1|-1|29	2025-11-29
shift	2026|1|1|0|29	2026-0-29
shift	2026|1|1|1|29	2026-2-1
shift	2026|1|1|2|29	2026-2-29
range	2026|1|1|30	2026-0-30 2026-2-2
days	2026|1|1|30	31
shift	2026|1|1|-2|30	2025-10-30
shift	2026|1|1|-1|30	2025-11-30
shift	2026|1|1|0|30	2026-0-30
shift	2026|1|1|1|30	2026-2-2
shift	2026|1|1|2|30	2026-2-30
range	2026|1|1|31	2026-0-31 2026-2-3
days	2026|1|1|31	31
shift	2026|1|1|-2|31	2025-11-1
shift	2026|1|1|-1|31	2025-11-31
shift	2026|1|1|0|31	2026-0-31
shift	2026|1|1|1|31	2026-2-3
shift	2026|1|1|2|31	2026-2-31
range	2026|1|5|0	2026-1-1 2026-2-1
days	2026|1|5|0	28
shift	2026|1|5|-2|0	2025-11-1
shift	2026|1|5|-1|0	2026-0-1
shift	2026|1|5|0|0	2026-1-1
shift	2026|1|5|1|0	2026-2-1
shift	2026|1|5|2|0	2026-3-1
range	2026|1|5|1	2026-1-1 2026-2-1
days	2026|1|5|1	28
shift	2026|1|5|-2|1	2025-11-1
shift	2026|1|5|-1|1	2026-0-1
shift	2026|1|5|0|1	2026-1-1
shift	2026|1|5|1|1	2026-2-1
shift	2026|1|5|2|1	2026-3-1
range	2026|1|5|5	2026-1-5 2026-2-5
days	2026|1|5|5	28
shift	2026|1|5|-2|5	2025-11-5
shift	2026|1|5|-1|5	2026-0-5
shift	2026|1|5|0|5	2026-1-5
shift	2026|1|5|1|5	2026-2-5
shift	2026|1|5|2|5	2026-3-5
range	2026|1|5|15	2026-0-15 2026-1-15
days	2026|1|5|15	31
shift	2026|1|5|-2|15	2025-10-15
shift	2026|1|5|-1|15	2025-11-15
shift	2026|1|5|0|15	2026-0-15
shift	2026|1|5|1|15	2026-1-15
shift	2026|1|5|2|15	2026-2-15
range	2026|1|5|25	2026-0-25 2026-1-25
days	2026|1|5|25	31
shift	2026|1|5|-2|25	2025-10-25
shift	2026|1|5|-1|25	2025-11-25
shift	2026|1|5|0|25	2026-0-25
shift	2026|1|5|1|25	2026-1-25
shift	2026|1|5|2|25	2026-2-25
range	2026|1|5|28	2026-0-28 2026-1-28
days	2026|1|5|28	31
shift	2026|1|5|-2|28	2025-10-28
shift	2026|1|5|-1|28	2025-11-28
shift	2026|1|5|0|28	2026-0-28
shift	2026|1|5|1|28	2026-1-28
shift	2026|1|5|2|28	2026-2-28
range	2026|1|5|29	2026-0-29 2026-2-1
days	2026|1|5|29	31
shift	2026|1|5|-2|29	2025-10-29
shift	2026|1|5|-1|29	2025-11-29
shift	2026|1|5|0|29	2026-0-29
shift	2026|1|5|1|29	2026-2-1
shift	2026|1|5|2|29	2026-2-29
range	2026|1|5|30	2026-0-30 2026-2-2
days	2026|1|5|30	31
shift	2026|1|5|-2|30	2025-10-30
shift	2026|1|5|-1|30	2025-11-30
shift	2026|1|5|0|30	2026-0-30
shift	2026|1|5|1|30	2026-2-2
shift	2026|1|5|2|30	2026-2-30
range	2026|1|5|31	2026-0-31 2026-2-3
days	2026|1|5|31	31
shift	2026|1|5|-2|31	2025-11-1
shift	2026|1|5|-1|31	2025-11-31
shift	2026|1|5|0|31	2026-0-31
shift	2026|1|5|1|31	2026-2-3
shift	2026|1|5|2|31	2026-2-31
range	2026|1|15|0	2026-1-1 2026-2-1
days	2026|1|15|0	28
shift	2026|1|15|-2|0	2025-11-1
shift	2026|1|15|-1|0	2026-0-1
shift	2026|1|15|0|0	2026-1-1
shift	2026|1|15|1|0	2026-2-1
shift	2026|1|15|2|0	2026-3-1
range	2026|1|15|1	2026-1-1 2026-2-1
days	2026|1|15|1	28
shift	2026|1|15|-2|1	2025-11-1
shift	2026|1|15|-1|1	2026-0-1
shift	2026|1|15|0|1	2026-1-1
shift	2026|1|15|1|1	2026-2-1
shift	2026|1|15|2|1	2026-3-1
range	2026|1|15|5	2026-1-5 2026-2-5
days	2026|1|15|5	28
shift	2026|1|15|-2|5	2025-11-5
shift	2026|1|15|-1|5	2026-0-5
shift	2026|1|15|0|5	2026-1-5
shift	2026|1|15|1|5	2026-2-5
shift	2026|1|15|2|5	2026-3-5
range	2026|1|15|15	2026-1-15 2026-2-15
days	2026|1|15|15	28
shift	2026|1|15|-2|15	2025-11-15
shift	2026|1|15|-1|15	2026-0-15
shift	2026|1|15|0|15	2026-1-15
shift	2026|1|15|1|15	2026-2-15
shift	2026|1|15|2|15	2026-3-15
range	2026|1|15|25	2026-0-25 2026-1-25
days	2026|1|15|25	31
shift	2026|1|15|-2|25	2025-10-25
shift	2026|1|15|-1|25	2025-11-25
shift	2026|1|15|0|25	2026-0-25
shift	2026|1|15|1|25	2026-1-25
shift	2026|1|15|2|25	2026-2-25
range	2026|1|15|28	2026-0-28 2026-1-28
days	2026|1|15|28	31
shift	2026|1|15|-2|28	2025-10-28
shift	2026|1|15|-1|28	2025-11-28
shift	2026|1|15|0|28	2026-0-28
shift	2026|1|15|1|28	2026-1-28
shift	2026|1|15|2|28	2026-2-28
range	2026|1|15|29	2026-0-29 2026-2-1
days	2026|1|15|29	31
shift	2026|1|15|-2|29	2025-10-29
shift	2026|1|15|-1|29	2025-11-29
shift	2026|1|15|0|29	2026-0-29
shift	2026|1|15|1|29	2026-2-1
shift	2026|1|15|2|29	2026-2-29
range	2026|1|15|30	2026-0-30 2026-2-2
days	2026|1|15|30	31
shift	2026|1|15|-2|30	2025-10-30
shift	2026|1|15|-1|30	2025-11-30
shift	2026|1|15|0|30	2026-0-30
shift	2026|1|15|1|30	2026-2-2
shift	2026|1|15|2|30	2026-2-30
range	2026|1|15|31	2026-0-31 2026-2-3
days	2026|1|15|31	31
shift	2026|1|15|-2|31	2025-11-1
shift	2026|1|15|-1|31	2025-11-31
shift	2026|1|15|0|31	2026-0-31
shift	2026|1|15|1|31	2026-2-3
shift	2026|1|15|2|31	2026-2-31
range	2026|1|24|0	2026-1-1 2026-2-1
days	2026|1|24|0	28
shift	2026|1|24|-2|0	2025-11-1
shift	2026|1|24|-1|0	2026-0-1
shift	2026|1|24|0|0	2026-1-1
shift	2026|1|24|1|0	2026-2-1
shift	2026|1|24|2|0	2026-3-1
range	2026|1|24|1	2026-1-1 2026-2-1
days	2026|1|24|1	28
shift	2026|1|24|-2|1	2025-11-1
shift	2026|1|24|-1|1	2026-0-1
shift	2026|1|24|0|1	2026-1-1
shift	2026|1|24|1|1	2026-2-1
shift	2026|1|24|2|1	2026-3-1
range	2026|1|24|5	2026-1-5 2026-2-5
days	2026|1|24|5	28
shift	2026|1|24|-2|5	2025-11-5
shift	2026|1|24|-1|5	2026-0-5
shift	2026|1|24|0|5	2026-1-5
shift	2026|1|24|1|5	2026-2-5
shift	2026|1|24|2|5	2026-3-5
range	2026|1|24|15	2026-1-15 2026-2-15
days	2026|1|24|15	28
shift	2026|1|24|-2|15	2025-11-15
shift	2026|1|24|-1|15	2026-0-15
shift	2026|1|24|0|15	2026-1-15
shift	2026|1|24|1|15	2026-2-15
shift	2026|1|24|2|15	2026-3-15
range	2026|1|24|25	2026-0-25 2026-1-25
days	2026|1|24|25	31
shift	2026|1|24|-2|25	2025-10-25
shift	2026|1|24|-1|25	2025-11-25
shift	2026|1|24|0|25	2026-0-25
shift	2026|1|24|1|25	2026-1-25
shift	2026|1|24|2|25	2026-2-25
range	2026|1|24|28	2026-0-28 2026-1-28
days	2026|1|24|28	31
shift	2026|1|24|-2|28	2025-10-28
shift	2026|1|24|-1|28	2025-11-28
shift	2026|1|24|0|28	2026-0-28
shift	2026|1|24|1|28	2026-1-28
shift	2026|1|24|2|28	2026-2-28
range	2026|1|24|29	2026-0-29 2026-2-1
days	2026|1|24|29	31
shift	2026|1|24|-2|29	2025-10-29
shift	2026|1|24|-1|29	2025-11-29
shift	2026|1|24|0|29	2026-0-29
shift	2026|1|24|1|29	2026-2-1
shift	2026|1|24|2|29	2026-2-29
range	2026|1|24|30	2026-0-30 2026-2-2
days	2026|1|24|30	31
shift	2026|1|24|-2|30	2025-10-30
shift	2026|1|24|-1|30	2025-11-30
shift	2026|1|24|0|30	2026-0-30
shift	2026|1|24|1|30	2026-2-2
shift	2026|1|24|2|30	2026-2-30
range	2026|1|24|31	2026-0-31 2026-2-3
days	2026|1|24|31	31
shift	2026|1|24|-2|31	2025-11-1
shift	2026|1|24|-1|31	2025-11-31
shift	2026|1|24|0|31	2026-0-31
shift	2026|1|24|1|31	2026-2-3
shift	2026|1|24|2|31	2026-2-31
range	2026|1|25|0	2026-1-1 2026-2-1
days	2026|1|25|0	28
shift	2026|1|25|-2|0	2025-11-1
shift	2026|1|25|-1|0	2026-0-1
shift	2026|1|25|0|0	2026-1-1
shift	2026|1|25|1|0	2026-2-1
shift	2026|1|25|2|0	2026-3-1
range	2026|1|25|1	2026-1-1 2026-2-1
days	2026|1|25|1	28
shift	2026|1|25|-2|1	2025-11-1
shift	2026|1|25|-1|1	2026-0-1
shift	2026|1|25|0|1	2026-1-1
shift	2026|1|25|1|1	2026-2-1
shift	2026|1|25|2|1	2026-3-1
range	2026|1|25|5	2026-1-5 2026-2-5
days	2026|1|25|5	28
shift	2026|1|25|-2|5	2025-11-5
shift	2026|1|25|-1|5	2026-0-5
shift	2026|1|25|0|5	2026-1-5
shift	2026|1|25|1|5	2026-2-5
shift	2026|1|25|2|5	2026-3-5
range	2026|1|25|15	2026-1-15 2026-2-15
days	2026|1|25|15	28
shift	2026|1|25|-2|15	2025-11-15
shift	2026|1|25|-1|15	2026-0-15
shift	2026|1|25|0|15	2026-1-15
shift	2026|1|25|1|15	2026-2-15
shift	2026|1|25|2|15	2026-3-15
range	2026|1|25|25	2026-1-25 2026-2-25
days	2026|1|25|25	28
shift	2026|1|25|-2|25	2025-11-25
shift	2026|1|25|-1|25	2026-0-25
shift	2026|1|25|0|25	2026-1-25
shift	2026|1|25|1|25	2026-2-25
shift	2026|1|25|2|25	2026-3-25
range	2026|1|25|28	2026-0-28 2026-1-28
days	2026|1|25|28	31
shift	2026|1|25|-2|28	2025-10-28
shift	2026|1|25|-1|28	2025-11-28
shift	2026|1|25|0|28	2026-0-28
shift	2026|1|25|1|28	2026-1-28
shift	2026|1|25|2|28	2026-2-28
range	2026|1|25|29	2026-0-29 2026-2-1
days	2026|1|25|29	31
shift	2026|1|25|-2|29	2025-10-29
shift	2026|1|25|-1|29	2025-11-29
shift	2026|1|25|0|29	2026-0-29
shift	2026|1|25|1|29	2026-2-1
shift	2026|1|25|2|29	2026-2-29
range	2026|1|25|30	2026-0-30 2026-2-2
days	2026|1|25|30	31
shift	2026|1|25|-2|30	2025-10-30
shift	2026|1|25|-1|30	2025-11-30
shift	2026|1|25|0|30	2026-0-30
shift	2026|1|25|1|30	2026-2-2
shift	2026|1|25|2|30	2026-2-30
range	2026|1|25|31	2026-0-31 2026-2-3
days	2026|1|25|31	31
shift	2026|1|25|-2|31	2025-11-1
shift	2026|1|25|-1|31	2025-11-31
shift	2026|1|25|0|31	2026-0-31
shift	2026|1|25|1|31	2026-2-3
shift	2026|1|25|2|31	2026-2-31
range	2026|1|26|0	2026-1-1 2026-2-1
days	2026|1|26|0	28
shift	2026|1|26|-2|0	2025-11-1
shift	2026|1|26|-1|0	2026-0-1
shift	2026|1|26|0|0	2026-1-1
shift	2026|1|26|1|0	2026-2-1
shift	2026|1|26|2|0	2026-3-1
range	2026|1|26|1	2026-1-1 2026-2-1
days	2026|1|26|1	28
shift	2026|1|26|-2|1	2025-11-1
shift	2026|1|26|-1|1	2026-0-1
shift	2026|1|26|0|1	2026-1-1
shift	2026|1|26|1|1	2026-2-1
shift	2026|1|26|2|1	2026-3-1
range	2026|1|26|5	2026-1-5 2026-2-5
days	2026|1|26|5	28
shift	2026|1|26|-2|5	2025-11-5
shift	2026|1|26|-1|5	2026-0-5
shift	2026|1|26|0|5	2026-1-5
shift	2026|1|26|1|5	2026-2-5
shift	2026|1|26|2|5	2026-3-5
range	2026|1|26|15	2026-1-15 2026-2-15
days	2026|1|26|15	28
shift	2026|1|26|-2|15	2025-11-15
shift	2026|1|26|-1|15	2026-0-15
shift	2026|1|26|0|15	2026-1-15
shift	2026|1|26|1|15	2026-2-15
shift	2026|1|26|2|15	2026-3-15
range	2026|1|26|25	2026-1-25 2026-2-25
days	2026|1|26|25	28
shift	2026|1|26|-2|25	2025-11-25
shift	2026|1|26|-1|25	2026-0-25
shift	2026|1|26|0|25	2026-1-25
shift	2026|1|26|1|25	2026-2-25
shift	2026|1|26|2|25	2026-3-25
range	2026|1|26|28	2026-0-28 2026-1-28
days	2026|1|26|28	31
shift	2026|1|26|-2|28	2025-10-28
shift	2026|1|26|-1|28	2025-11-28
shift	2026|1|26|0|28	2026-0-28
shift	2026|1|26|1|28	2026-1-28
shift	2026|1|26|2|28	2026-2-28
range	2026|1|26|29	2026-0-29 2026-2-1
days	2026|1|26|29	31
shift	2026|1|26|-2|29	2025-10-29
shift	2026|1|26|-1|29	2025-11-29
shift	2026|1|26|0|29	2026-0-29
shift	2026|1|26|1|29	2026-2-1
shift	2026|1|26|2|29	2026-2-29
range	2026|1|26|30	2026-0-30 2026-2-2
days	2026|1|26|30	31
shift	2026|1|26|-2|30	2025-10-30
shift	2026|1|26|-1|30	2025-11-30
shift	2026|1|26|0|30	2026-0-30
shift	2026|1|26|1|30	2026-2-2
shift	2026|1|26|2|30	2026-2-30
range	2026|1|26|31	2026-0-31 2026-2-3
days	2026|1|26|31	31
shift	2026|1|26|-2|31	2025-11-1
shift	2026|1|26|-1|31	2025-11-31
shift	2026|1|26|0|31	2026-0-31
shift	2026|1|26|1|31	2026-2-3
shift	2026|1|26|2|31	2026-2-31
range	2026|1|28|0	2026-1-1 2026-2-1
days	2026|1|28|0	28
shift	2026|1|28|-2|0	2025-11-1
shift	2026|1|28|-1|0	2026-0-1
shift	2026|1|28|0|0	2026-1-1
shift	2026|1|28|1|0	2026-2-1
shift	2026|1|28|2|0	2026-3-1
range	2026|1|28|1	2026-1-1 2026-2-1
days	2026|1|28|1	28
shift	2026|1|28|-2|1	2025-11-1
shift	2026|1|28|-1|1	2026-0-1
shift	2026|1|28|0|1	2026-1-1
shift	2026|1|28|1|1	2026-2-1
shift	2026|1|28|2|1	2026-3-1
range	2026|1|28|5	2026-1-5 2026-2-5
days	2026|1|28|5	28
shift	2026|1|28|-2|5	2025-11-5
shift	2026|1|28|-1|5	2026-0-5
shift	2026|1|28|0|5	2026-1-5
shift	2026|1|28|1|5	2026-2-5
shift	2026|1|28|2|5	2026-3-5
range	2026|1|28|15	2026-1-15 2026-2-15
days	2026|1|28|15	28
shift	2026|1|28|-2|15	2025-11-15
shift	2026|1|28|-1|15	2026-0-15
shift	2026|1|28|0|15	2026-1-15
shift	2026|1|28|1|15	2026-2-15
shift	2026|1|28|2|15	2026-3-15
range	2026|1|28|25	2026-1-25 2026-2-25
days	2026|1|28|25	28
shift	2026|1|28|-2|25	2025-11-25
shift	2026|1|28|-1|25	2026-0-25
shift	2026|1|28|0|25	2026-1-25
shift	2026|1|28|1|25	2026-2-25
shift	2026|1|28|2|25	2026-3-25
range	2026|1|28|28	2026-1-28 2026-2-28
days	2026|1|28|28	28
shift	2026|1|28|-2|28	2025-11-28
shift	2026|1|28|-1|28	2026-0-28
shift	2026|1|28|0|28	2026-1-28
shift	2026|1|28|1|28	2026-2-28
shift	2026|1|28|2|28	2026-3-28
range	2026|1|28|29	2026-0-29 2026-2-1
days	2026|1|28|29	31
shift	2026|1|28|-2|29	2025-10-29
shift	2026|1|28|-1|29	2025-11-29
shift	2026|1|28|0|29	2026-0-29
shift	2026|1|28|1|29	2026-2-1
shift	2026|1|28|2|29	2026-2-29
range	2026|1|28|30	2026-0-30 2026-2-2
days	2026|1|28|30	31
shift	2026|1|28|-2|30	2025-10-30
shift	2026|1|28|-1|30	2025-11-30
shift	2026|1|28|0|30	2026-0-30
shift	2026|1|28|1|30	2026-2-2
shift	2026|1|28|2|30	2026-2-30
range	2026|1|28|31	2026-0-31 2026-2-3
days	2026|1|28|31	31
shift	2026|1|28|-2|31	2025-11-1
shift	2026|1|28|-1|31	2025-11-31
shift	2026|1|28|0|31	2026-0-31
shift	2026|1|28|1|31	2026-2-3
shift	2026|1|28|2|31	2026-2-31
range	2026|1|31|0	2026-2-1 2026-3-1
days	2026|1|31|0	31
shift	2026|1|31|-2|0	2026-0-1
shift	2026|1|31|-1|0	2026-1-1
shift	2026|1|31|0|0	2026-2-1
shift	2026|1|31|1|0	2026-3-1
shift	2026|1|31|2|0	2026-4-1
range	2026|1|31|1	2026-2-1 2026-3-1
days	2026|1|31|1	31
shift	2026|1|31|-2|1	2026-0-1
shift	2026|1|31|-1|1	2026-1-1
shift	2026|1|31|0|1	2026-2-1
shift	2026|1|31|1|1	2026-3-1
shift	2026|1|31|2|1	2026-4-1
range	2026|1|31|5	2026-1-5 2026-2-5
days	2026|1|31|5	28
shift	2026|1|31|-2|5	2025-11-5
shift	2026|1|31|-1|5	2026-0-5
shift	2026|1|31|0|5	2026-1-5
shift	2026|1|31|1|5	2026-2-5
shift	2026|1|31|2|5	2026-3-5
range	2026|1|31|15	2026-1-15 2026-2-15
days	2026|1|31|15	28
shift	2026|1|31|-2|15	2025-11-15
shift	2026|1|31|-1|15	2026-0-15
shift	2026|1|31|0|15	2026-1-15
shift	2026|1|31|1|15	2026-2-15
shift	2026|1|31|2|15	2026-3-15
range	2026|1|31|25	2026-1-25 2026-2-25
days	2026|1|31|25	28
shift	2026|1|31|-2|25	2025-11-25
shift	2026|1|31|-1|25	2026-0-25
shift	2026|1|31|0|25	2026-1-25
shift	2026|1|31|1|25	2026-2-25
shift	2026|1|31|2|25	2026-3-25
range	2026|1|31|28	2026-1-28 2026-2-28
days	2026|1|31|28	28
shift	2026|1|31|-2|28	2025-11-28
shift	2026|1|31|-1|28	2026-0-28
shift	2026|1|31|0|28	2026-1-28
shift	2026|1|31|1|28	2026-2-28
shift	2026|1|31|2|28	2026-3-28
range	2026|1|31|29	2026-2-1 2026-3-29
days	2026|1|31|29	59
shift	2026|1|31|-2|29	2026-0-29
shift	2026|1|31|-1|29	2026-2-1
shift	2026|1|31|0|29	2026-2-29
shift	2026|1|31|1|29	2026-3-29
shift	2026|1|31|2|29	2026-4-29
range	2026|1|31|30	2026-2-2 2026-3-30
days	2026|1|31|30	59
shift	2026|1|31|-2|30	2026-0-30
shift	2026|1|31|-1|30	2026-2-2
shift	2026|1|31|0|30	2026-2-30
shift	2026|1|31|1|30	2026-3-30
shift	2026|1|31|2|30	2026-4-30
range	2026|1|31|31	2026-2-3 2026-4-1
days	2026|1|31|31	59
shift	2026|1|31|-2|31	2026-0-31
shift	2026|1|31|-1|31	2026-2-3
shift	2026|1|31|0|31	2026-2-31
shift	2026|1|31|1|31	2026-4-1
shift	2026|1|31|2|31	2026-4-31
range	2026|2|1|0	2026-2-1 2026-3-1
days	2026|2|1|0	31
shift	2026|2|1|-2|0	2026-0-1
shift	2026|2|1|-1|0	2026-1-1
shift	2026|2|1|0|0	2026-2-1
shift	2026|2|1|1|0	2026-3-1
shift	2026|2|1|2|0	2026-4-1
range	2026|2|1|1	2026-2-1 2026-3-1
days	2026|2|1|1	31
shift	2026|2|1|-2|1	2026-0-1
shift	2026|2|1|-1|1	2026-1-1
shift	2026|2|1|0|1	2026-2-1
shift	2026|2|1|1|1	2026-3-1
shift	2026|2|1|2|1	2026-4-1
range	2026|2|1|5	2026-1-5 2026-2-5
days	2026|2|1|5	28
shift	2026|2|1|-2|5	2025-11-5
shift	2026|2|1|-1|5	2026-0-5
shift	2026|2|1|0|5	2026-1-5
shift	2026|2|1|1|5	2026-2-5
shift	2026|2|1|2|5	2026-3-5
range	2026|2|1|15	2026-1-15 2026-2-15
days	2026|2|1|15	28
shift	2026|2|1|-2|15	2025-11-15
shift	2026|2|1|-1|15	2026-0-15
shift	2026|2|1|0|15	2026-1-15
shift	2026|2|1|1|15	2026-2-15
shift	2026|2|1|2|15	2026-3-15
range	2026|2|1|25	2026-1-25 2026-2-25
days	2026|2|1|25	28
shift	2026|2|1|-2|25	2025-11-25
shift	2026|2|1|-1|25	2026-0-25
shift	2026|2|1|0|25	2026-1-25
shift	2026|2|1|1|25	2026-2-25
shift	2026|2|1|2|25	2026-3-25
range	2026|2|1|28	2026-1-28 2026-2-28
days	2026|2|1|28	28
shift	2026|2|1|-2|28	2025-11-28
shift	2026|2|1|-1|28	2026-0-28
shift	2026|2|1|0|28	2026-1-28
shift	2026|2|1|1|28	2026-2-28
shift	2026|2|1|2|28	2026-3-28
range	2026|2|1|29	2026-2-1 2026-3-29
days	2026|2|1|29	59
shift	2026|2|1|-2|29	2026-0-29
shift	2026|2|1|-1|29	2026-2-1
shift	2026|2|1|0|29	2026-2-29
shift	2026|2|1|1|29	2026-3-29
shift	2026|2|1|2|29	2026-4-29
range	2026|2|1|30	2026-2-2 2026-3-30
days	2026|2|1|30	59
shift	2026|2|1|-2|30	2026-0-30
shift	2026|2|1|-1|30	2026-2-2
shift	2026|2|1|0|30	2026-2-30
shift	2026|2|1|1|30	2026-3-30
shift	2026|2|1|2|30	2026-4-30
range	2026|2|1|31	2026-2-3 2026-4-1
days	2026|2|1|31	59
shift	2026|2|1|-2|31	2026-0-31
shift	2026|2|1|-1|31	2026-2-3
shift	2026|2|1|0|31	2026-2-31
shift	2026|2|1|1|31	2026-4-1
shift	2026|2|1|2|31	2026-4-31
range	2026|2|5|0	2026-2-1 2026-3-1
days	2026|2|5|0	31
shift	2026|2|5|-2|0	2026-0-1
shift	2026|2|5|-1|0	2026-1-1
shift	2026|2|5|0|0	2026-2-1
shift	2026|2|5|1|0	2026-3-1
shift	2026|2|5|2|0	2026-4-1
range	2026|2|5|1	2026-2-1 2026-3-1
days	2026|2|5|1	31
shift	2026|2|5|-2|1	2026-0-1
shift	2026|2|5|-1|1	2026-1-1
shift	2026|2|5|0|1	2026-2-1
shift	2026|2|5|1|1	2026-3-1
shift	2026|2|5|2|1	2026-4-1
range	2026|2|5|5	2026-2-5 2026-3-5
days	2026|2|5|5	31
shift	2026|2|5|-2|5	2026-0-5
shift	2026|2|5|-1|5	2026-1-5
shift	2026|2|5|0|5	2026-2-5
shift	2026|2|5|1|5	2026-3-5
shift	2026|2|5|2|5	2026-4-5
range	2026|2|5|15	2026-1-15 2026-2-15
days	2026|2|5|15	28
shift	2026|2|5|-2|15	2025-11-15
shift	2026|2|5|-1|15	2026-0-15
shift	2026|2|5|0|15	2026-1-15
shift	2026|2|5|1|15	2026-2-15
shift	2026|2|5|2|15	2026-3-15
range	2026|2|5|25	2026-1-25 2026-2-25
days	2026|2|5|25	28
shift	2026|2|5|-2|25	2025-11-25
shift	2026|2|5|-1|25	2026-0-25
shift	2026|2|5|0|25	2026-1-25
shift	2026|2|5|1|25	2026-2-25
shift	2026|2|5|2|25	2026-3-25
range	2026|2|5|28	2026-1-28 2026-2-28
days	2026|2|5|28	28
shift	2026|2|5|-2|28	2025-11-28
shift	2026|2|5|-1|28	2026-0-28
shift	2026|2|5|0|28	2026-1-28
shift	2026|2|5|1|28	2026-2-28
shift	2026|2|5|2|28	2026-3-28
range	2026|2|5|29	2026-2-1 2026-3-29
days	2026|2|5|29	59
shift	2026|2|5|-2|29	2026-0-29
shift	2026|2|5|-1|29	2026-2-1
shift	2026|2|5|0|29	2026-2-29
shift	2026|2|5|1|29	2026-3-29
shift	2026|2|5|2|29	2026-4-29
range	2026|2|5|30	2026-2-2 2026-3-30
days	2026|2|5|30	59
shift	2026|2|5|-2|30	2026-0-30
shift	2026|2|5|-1|30	2026-2-2
shift	2026|2|5|0|30	2026-2-30
shift	2026|2|5|1|30	2026-3-30
shift	2026|2|5|2|30	2026-4-30
range	2026|2|5|31	2026-2-3 2026-4-1
days	2026|2|5|31	59
shift	2026|2|5|-2|31	2026-0-31
shift	2026|2|5|-1|31	2026-2-3
shift	2026|2|5|0|31	2026-2-31
shift	2026|2|5|1|31	2026-4-1
shift	2026|2|5|2|31	2026-4-31
range	2026|2|15|0	2026-2-1 2026-3-1
days	2026|2|15|0	31
shift	2026|2|15|-2|0	2026-0-1
shift	2026|2|15|-1|0	2026-1-1
shift	2026|2|15|0|0	2026-2-1
shift	2026|2|15|1|0	2026-3-1
shift	2026|2|15|2|0	2026-4-1
range	2026|2|15|1	2026-2-1 2026-3-1
days	2026|2|15|1	31
shift	2026|2|15|-2|1	2026-0-1
shift	2026|2|15|-1|1	2026-1-1
shift	2026|2|15|0|1	2026-2-1
shift	2026|2|15|1|1	2026-3-1
shift	2026|2|15|2|1	2026-4-1
range	2026|2|15|5	2026-2-5 2026-3-5
days	2026|2|15|5	31
shift	2026|2|15|-2|5	2026-0-5
shift	2026|2|15|-1|5	2026-1-5
shift	2026|2|15|0|5	2026-2-5
shift	2026|2|15|1|5	2026-3-5
shift	2026|2|15|2|5	2026-4-5
range	2026|2|15|15	2026-2-15 2026-3-15
days	2026|2|15|15	31
shift	2026|2|15|-2|15	2026-0-15
shift	2026|2|15|-1|15	2026-1-15
shift	2026|2|15|0|15	2026-2-15
shift	2026|2|15|1|15	2026-3-15
shift	2026|2|15|2|15	2026-4-15
range	2026|2|15|25	2026-1-25 2026-2-25
days	2026|2|15|25	28
shift	2026|2|15|-2|25	2025-11-25
shift	2026|2|15|-1|25	2026-0-25
shift	2026|2|15|0|25	2026-1-25
shift	2026|2|15|1|25	2026-2-25
shift	2026|2|15|2|25	2026-3-25
range	2026|2|15|28	2026-1-28 2026-2-28
days	2026|2|15|28	28
shift	2026|2|15|-2|28	2025-11-28
shift	2026|2|15|-1|28	2026-0-28
shift	2026|2|15|0|28	2026-1-28
shift	2026|2|15|1|28	2026-2-28
shift	2026|2|15|2|28	2026-3-28
range	2026|2|15|29	2026-2-1 2026-3-29
days	2026|2|15|29	59
shift	2026|2|15|-2|29	2026-0-29
shift	2026|2|15|-1|29	2026-2-1
shift	2026|2|15|0|29	2026-2-29
shift	2026|2|15|1|29	2026-3-29
shift	2026|2|15|2|29	2026-4-29
range	2026|2|15|30	2026-2-2 2026-3-30
days	2026|2|15|30	59
shift	2026|2|15|-2|30	2026-0-30
shift	2026|2|15|-1|30	2026-2-2
shift	2026|2|15|0|30	2026-2-30
shift	2026|2|15|1|30	2026-3-30
shift	2026|2|15|2|30	2026-4-30
range	2026|2|15|31	2026-2-3 2026-4-1
days	2026|2|15|31	59
shift	2026|2|15|-2|31	2026-0-31
shift	2026|2|15|-1|31	2026-2-3
shift	2026|2|15|0|31	2026-2-31
shift	2026|2|15|1|31	2026-4-1
shift	2026|2|15|2|31	2026-4-31
range	2026|2|24|0	2026-2-1 2026-3-1
days	2026|2|24|0	31
shift	2026|2|24|-2|0	2026-0-1
shift	2026|2|24|-1|0	2026-1-1
shift	2026|2|24|0|0	2026-2-1
shift	2026|2|24|1|0	2026-3-1
shift	2026|2|24|2|0	2026-4-1
range	2026|2|24|1	2026-2-1 2026-3-1
days	2026|2|24|1	31
shift	2026|2|24|-2|1	2026-0-1
shift	2026|2|24|-1|1	2026-1-1
shift	2026|2|24|0|1	2026-2-1
shift	2026|2|24|1|1	2026-3-1
shift	2026|2|24|2|1	2026-4-1
range	2026|2|24|5	2026-2-5 2026-3-5
days	2026|2|24|5	31
shift	2026|2|24|-2|5	2026-0-5
shift	2026|2|24|-1|5	2026-1-5
shift	2026|2|24|0|5	2026-2-5
shift	2026|2|24|1|5	2026-3-5
shift	2026|2|24|2|5	2026-4-5
range	2026|2|24|15	2026-2-15 2026-3-15
days	2026|2|24|15	31
shift	2026|2|24|-2|15	2026-0-15
shift	2026|2|24|-1|15	2026-1-15
shift	2026|2|24|0|15	2026-2-15
shift	2026|2|24|1|15	2026-3-15
shift	2026|2|24|2|15	2026-4-15
range	2026|2|24|25	2026-1-25 2026-2-25
days	2026|2|24|25	28
shift	2026|2|24|-2|25	2025-11-25
shift	2026|2|24|-1|25	2026-0-25
shift	2026|2|24|0|25	2026-1-25
shift	2026|2|24|1|25	2026-2-25
shift	2026|2|24|2|25	2026-3-25
range	2026|2|24|28	2026-1-28 2026-2-28
days	2026|2|24|28	28
shift	2026|2|24|-2|28	2025-11-28
shift	2026|2|24|-1|28	2026-0-28
shift	2026|2|24|0|28	2026-1-28
shift	2026|2|24|1|28	2026-2-28
shift	2026|2|24|2|28	2026-3-28
range	2026|2|24|29	2026-2-1 2026-3-29
days	2026|2|24|29	59
shift	2026|2|24|-2|29	2026-0-29
shift	2026|2|24|-1|29	2026-2-1
shift	2026|2|24|0|29	2026-2-29
shift	2026|2|24|1|29	2026-3-29
shift	2026|2|24|2|29	2026-4-29
range	2026|2|24|30	2026-2-2 2026-3-30
days	2026|2|24|30	59
shift	2026|2|24|-2|30	2026-0-30
shift	2026|2|24|-1|30	2026-2-2
shift	2026|2|24|0|30	2026-2-30
shift	2026|2|24|1|30	2026-3-30
shift	2026|2|24|2|30	2026-4-30
range	2026|2|24|31	2026-2-3 2026-4-1
days	2026|2|24|31	59
shift	2026|2|24|-2|31	2026-0-31
shift	2026|2|24|-1|31	2026-2-3
shift	2026|2|24|0|31	2026-2-31
shift	2026|2|24|1|31	2026-4-1
shift	2026|2|24|2|31	2026-4-31
range	2026|2|25|0	2026-2-1 2026-3-1
days	2026|2|25|0	31
shift	2026|2|25|-2|0	2026-0-1
shift	2026|2|25|-1|0	2026-1-1
shift	2026|2|25|0|0	2026-2-1
shift	2026|2|25|1|0	2026-3-1
shift	2026|2|25|2|0	2026-4-1
range	2026|2|25|1	2026-2-1 2026-3-1
days	2026|2|25|1	31
shift	2026|2|25|-2|1	2026-0-1
shift	2026|2|25|-1|1	2026-1-1
shift	2026|2|25|0|1	2026-2-1
shift	2026|2|25|1|1	2026-3-1
shift	2026|2|25|2|1	2026-4-1
range	2026|2|25|5	2026-2-5 2026-3-5
days	2026|2|25|5	31
shift	2026|2|25|-2|5	2026-0-5
shift	2026|2|25|-1|5	2026-1-5
shift	2026|2|25|0|5	2026-2-5
shift	2026|2|25|1|5	2026-3-5
shift	2026|2|25|2|5	2026-4-5
range	2026|2|25|15	2026-2-15 2026-3-15
days	2026|2|25|15	31
shift	2026|2|25|-2|15	2026-0-15
shift	2026|2|25|-1|15	2026-1-15
shift	2026|2|25|0|15	2026-2-15
shift	2026|2|25|1|15	2026-3-15
shift	2026|2|25|2|15	2026-4-15
range	2026|2|25|25	2026-2-25 2026-3-25
days	2026|2|25|25	31
shift	2026|2|25|-2|25	2026-0-25
shift	2026|2|25|-1|25	2026-1-25
shift	2026|2|25|0|25	2026-2-25
shift	2026|2|25|1|25	2026-3-25
shift	2026|2|25|2|25	2026-4-25
range	2026|2|25|28	2026-1-28 2026-2-28
days	2026|2|25|28	28
shift	2026|2|25|-2|28	2025-11-28
shift	2026|2|25|-1|28	2026-0-28
shift	2026|2|25|0|28	2026-1-28
shift	2026|2|25|1|28	2026-2-28
shift	2026|2|25|2|28	2026-3-28
range	2026|2|25|29	2026-2-1 2026-3-29
days	2026|2|25|29	59
shift	2026|2|25|-2|29	2026-0-29
shift	2026|2|25|-1|29	2026-2-1
shift	2026|2|25|0|29	2026-2-29
shift	2026|2|25|1|29	2026-3-29
shift	2026|2|25|2|29	2026-4-29
range	2026|2|25|30	2026-2-2 2026-3-30
days	2026|2|25|30	59
shift	2026|2|25|-2|30	2026-0-30
shift	2026|2|25|-1|30	2026-2-2
shift	2026|2|25|0|30	2026-2-30
shift	2026|2|25|1|30	2026-3-30
shift	2026|2|25|2|30	2026-4-30
range	2026|2|25|31	2026-2-3 2026-4-1
days	2026|2|25|31	59
shift	2026|2|25|-2|31	2026-0-31
shift	2026|2|25|-1|31	2026-2-3
shift	2026|2|25|0|31	2026-2-31
shift	2026|2|25|1|31	2026-4-1
shift	2026|2|25|2|31	2026-4-31
range	2026|2|26|0	2026-2-1 2026-3-1
days	2026|2|26|0	31
shift	2026|2|26|-2|0	2026-0-1
shift	2026|2|26|-1|0	2026-1-1
shift	2026|2|26|0|0	2026-2-1
shift	2026|2|26|1|0	2026-3-1
shift	2026|2|26|2|0	2026-4-1
range	2026|2|26|1	2026-2-1 2026-3-1
days	2026|2|26|1	31
shift	2026|2|26|-2|1	2026-0-1
shift	2026|2|26|-1|1	2026-1-1
shift	2026|2|26|0|1	2026-2-1
shift	2026|2|26|1|1	2026-3-1
shift	2026|2|26|2|1	2026-4-1
range	2026|2|26|5	2026-2-5 2026-3-5
days	2026|2|26|5	31
shift	2026|2|26|-2|5	2026-0-5
shift	2026|2|26|-1|5	2026-1-5
shift	2026|2|26|0|5	2026-2-5
shift	2026|2|26|1|5	2026-3-5
shift	2026|2|26|2|5	2026-4-5
range	2026|2|26|15	2026-2-15 2026-3-15
days	2026|2|26|15	31
shift	2026|2|26|-2|15	2026-0-15
shift	2026|2|26|-1|15	2026-1-15
shift	2026|2|26|0|15	2026-2-15
shift	2026|2|26|1|15	2026-3-15
shift	2026|2|26|2|15	2026-4-15
range	2026|2|26|25	2026-2-25 2026-3-25
days	2026|2|26|25	31
shift	2026|2|26|-2|25	2026-0-25
shift	2026|2|26|-1|25	2026-1-25
shift	2026|2|26|0|25	2026-2-25
shift	2026|2|26|1|25	2026-3-25
shift	2026|2|26|2|25	2026-4-25
range	2026|2|26|28	2026-1-28 2026-2-28
days	2026|2|26|28	28
shift	2026|2|26|-2|28	2025-11-28
shift	2026|2|26|-1|28	2026-0-28
shift	2026|2|26|0|28	2026-1-28
shift	2026|2|26|1|28	2026-2-28
shift	2026|2|26|2|28	2026-3-28
range	2026|2|26|29	2026-2-1 2026-3-29
days	2026|2|26|29	59
shift	2026|2|26|-2|29	2026-0-29
shift	2026|2|26|-1|29	2026-2-1
shift	2026|2|26|0|29	2026-2-29
shift	2026|2|26|1|29	2026-3-29
shift	2026|2|26|2|29	2026-4-29
range	2026|2|26|30	2026-2-2 2026-3-30
days	2026|2|26|30	59
shift	2026|2|26|-2|30	2026-0-30
shift	2026|2|26|-1|30	2026-2-2
shift	2026|2|26|0|30	2026-2-30
shift	2026|2|26|1|30	2026-3-30
shift	2026|2|26|2|30	2026-4-30
range	2026|2|26|31	2026-2-3 2026-4-1
days	2026|2|26|31	59
shift	2026|2|26|-2|31	2026-0-31
shift	2026|2|26|-1|31	2026-2-3
shift	2026|2|26|0|31	2026-2-31
shift	2026|2|26|1|31	2026-4-1
shift	2026|2|26|2|31	2026-4-31
range	2026|2|28|0	2026-2-1 2026-3-1
days	2026|2|28|0	31
shift	2026|2|28|-2|0	2026-0-1
shift	2026|2|28|-1|0	2026-1-1
shift	2026|2|28|0|0	2026-2-1
shift	2026|2|28|1|0	2026-3-1
shift	2026|2|28|2|0	2026-4-1
range	2026|2|28|1	2026-2-1 2026-3-1
days	2026|2|28|1	31
shift	2026|2|28|-2|1	2026-0-1
shift	2026|2|28|-1|1	2026-1-1
shift	2026|2|28|0|1	2026-2-1
shift	2026|2|28|1|1	2026-3-1
shift	2026|2|28|2|1	2026-4-1
range	2026|2|28|5	2026-2-5 2026-3-5
days	2026|2|28|5	31
shift	2026|2|28|-2|5	2026-0-5
shift	2026|2|28|-1|5	2026-1-5
shift	2026|2|28|0|5	2026-2-5
shift	2026|2|28|1|5	2026-3-5
shift	2026|2|28|2|5	2026-4-5
range	2026|2|28|15	2026-2-15 2026-3-15
days	2026|2|28|15	31
shift	2026|2|28|-2|15	2026-0-15
shift	2026|2|28|-1|15	2026-1-15
shift	2026|2|28|0|15	2026-2-15
shift	2026|2|28|1|15	2026-3-15
shift	2026|2|28|2|15	2026-4-15
range	2026|2|28|25	2026-2-25 2026-3-25
days	2026|2|28|25	31
shift	2026|2|28|-2|25	2026-0-25
shift	2026|2|28|-1|25	2026-1-25
shift	2026|2|28|0|25	2026-2-25
shift	2026|2|28|1|25	2026-3-25
shift	2026|2|28|2|25	2026-4-25
range	2026|2|28|28	2026-2-28 2026-3-28
days	2026|2|28|28	31
shift	2026|2|28|-2|28	2026-0-28
shift	2026|2|28|-1|28	2026-1-28
shift	2026|2|28|0|28	2026-2-28
shift	2026|2|28|1|28	2026-3-28
shift	2026|2|28|2|28	2026-4-28
range	2026|2|28|29	2026-2-1 2026-3-29
days	2026|2|28|29	59
shift	2026|2|28|-2|29	2026-0-29
shift	2026|2|28|-1|29	2026-2-1
shift	2026|2|28|0|29	2026-2-29
shift	2026|2|28|1|29	2026-3-29
shift	2026|2|28|2|29	2026-4-29
range	2026|2|28|30	2026-2-2 2026-3-30
days	2026|2|28|30	59
shift	2026|2|28|-2|30	2026-0-30
shift	2026|2|28|-1|30	2026-2-2
shift	2026|2|28|0|30	2026-2-30
shift	2026|2|28|1|30	2026-3-30
shift	2026|2|28|2|30	2026-4-30
range	2026|2|28|31	2026-2-3 2026-4-1
days	2026|2|28|31	59
shift	2026|2|28|-2|31	2026-0-31
shift	2026|2|28|-1|31	2026-2-3
shift	2026|2|28|0|31	2026-2-31
shift	2026|2|28|1|31	2026-4-1
shift	2026|2|28|2|31	2026-4-31
range	2026|2|31|0	2026-2-1 2026-3-1
days	2026|2|31|0	31
shift	2026|2|31|-2|0	2026-0-1
shift	2026|2|31|-1|0	2026-1-1
shift	2026|2|31|0|0	2026-2-1
shift	2026|2|31|1|0	2026-3-1
shift	2026|2|31|2|0	2026-4-1
range	2026|2|31|1	2026-2-1 2026-3-1
days	2026|2|31|1	31
shift	2026|2|31|-2|1	2026-0-1
shift	2026|2|31|-1|1	2026-1-1
shift	2026|2|31|0|1	2026-2-1
shift	2026|2|31|1|1	2026-3-1
shift	2026|2|31|2|1	2026-4-1
range	2026|2|31|5	2026-2-5 2026-3-5
days	2026|2|31|5	31
shift	2026|2|31|-2|5	2026-0-5
shift	2026|2|31|-1|5	2026-1-5
shift	2026|2|31|0|5	2026-2-5
shift	2026|2|31|1|5	2026-3-5
shift	2026|2|31|2|5	2026-4-5
range	2026|2|31|15	2026-2-15 2026-3-15
days	2026|2|31|15	31
shift	2026|2|31|-2|15	2026-0-15
shift	2026|2|31|-1|15	2026-1-15
shift	2026|2|31|0|15	2026-2-15
shift	2026|2|31|1|15	2026-3-15
shift	2026|2|31|2|15	2026-4-15
range	2026|2|31|25	2026-2-25 2026-3-25
days	2026|2|31|25	31
shift	2026|2|31|-2|25	2026-0-25
shift	2026|2|31|-1|25	2026-1-25
shift	2026|2|31|0|25	2026-2-25
shift	2026|2|31|1|25	2026-3-25
shift	2026|2|31|2|25	2026-4-25
range	2026|2|31|28	2026-2-28 2026-3-28
days	2026|2|31|28	31
shift	2026|2|31|-2|28	2026-0-28
shift	2026|2|31|-1|28	2026-1-28
shift	2026|2|31|0|28	2026-2-28
shift	2026|2|31|1|28	2026-3-28
shift	2026|2|31|2|28	2026-4-28
range	2026|2|31|29	2026-2-29 2026-3-29
days	2026|2|31|29	31
shift	2026|2|31|-2|29	2026-0-29
shift	2026|2|31|-1|29	2026-2-1
shift	2026|2|31|0|29	2026-2-29
shift	2026|2|31|1|29	2026-3-29
shift	2026|2|31|2|29	2026-4-29
range	2026|2|31|30	2026-2-30 2026-3-30
days	2026|2|31|30	31
shift	2026|2|31|-2|30	2026-0-30
shift	2026|2|31|-1|30	2026-2-2
shift	2026|2|31|0|30	2026-2-30
shift	2026|2|31|1|30	2026-3-30
shift	2026|2|31|2|30	2026-4-30
range	2026|2|31|31	2026-2-31 2026-4-1
days	2026|2|31|31	31
shift	2026|2|31|-2|31	2026-0-31
shift	2026|2|31|-1|31	2026-2-3
shift	2026|2|31|0|31	2026-2-31
shift	2026|2|31|1|31	2026-4-1
shift	2026|2|31|2|31	2026-4-31
range	2026|3|1|0	2026-3-1 2026-4-1
days	2026|3|1|0	30
shift	2026|3|1|-2|0	2026-1-1
shift	2026|3|1|-1|0	2026-2-1
shift	2026|3|1|0|0	2026-3-1
shift	2026|3|1|1|0	2026-4-1
shift	2026|3|1|2|0	2026-5-1
range	2026|3|1|1	2026-3-1 2026-4-1
days	2026|3|1|1	30
shift	2026|3|1|-2|1	2026-1-1
shift	2026|3|1|-1|1	2026-2-1
shift	2026|3|1|0|1	2026-3-1
shift	2026|3|1|1|1	2026-4-1
shift	2026|3|1|2|1	2026-5-1
range	2026|3|1|5	2026-2-5 2026-3-5
days	2026|3|1|5	31
shift	2026|3|1|-2|5	2026-0-5
shift	2026|3|1|-1|5	2026-1-5
shift	2026|3|1|0|5	2026-2-5
shift	2026|3|1|1|5	2026-3-5
shift	2026|3|1|2|5	2026-4-5
range	2026|3|1|15	2026-2-15 2026-3-15
days	2026|3|1|15	31
shift	2026|3|1|-2|15	2026-0-15
shift	2026|3|1|-1|15	2026-1-15
shift	2026|3|1|0|15	2026-2-15
shift	2026|3|1|1|15	2026-3-15
shift	2026|3|1|2|15	2026-4-15
range	2026|3|1|25	2026-2-25 2026-3-25
days	2026|3|1|25	31
shift	2026|3|1|-2|25	2026-0-25
shift	2026|3|1|-1|25	2026-1-25
shift	2026|3|1|0|25	2026-2-25
shift	2026|3|1|1|25	2026-3-25
shift	2026|3|1|2|25	2026-4-25
range	2026|3|1|28	2026-2-28 2026-3-28
days	2026|3|1|28	31
shift	2026|3|1|-2|28	2026-0-28
shift	2026|3|1|-1|28	2026-1-28
shift	2026|3|1|0|28	2026-2-28
shift	2026|3|1|1|28	2026-3-28
shift	2026|3|1|2|28	2026-4-28
range	2026|3|1|29	2026-2-29 2026-3-29
days	2026|3|1|29	31
shift	2026|3|1|-2|29	2026-0-29
shift	2026|3|1|-1|29	2026-2-1
shift	2026|3|1|0|29	2026-2-29
shift	2026|3|1|1|29	2026-3-29
shift	2026|3|1|2|29	2026-4-29
range	2026|3|1|30	2026-2-30 2026-3-30
days	2026|3|1|30	31
shift	2026|3|1|-2|30	2026-0-30
shift	2026|3|1|-1|30	2026-2-2
shift	2026|3|1|0|30	2026-2-30
shift	2026|3|1|1|30	2026-3-30
shift	2026|3|1|2|30	2026-4-30
range	2026|3|1|31	2026-2-31 2026-4-1
days	2026|3|1|31	31
shift	2026|3|1|-2|31	2026-0-31
shift	2026|3|1|-1|31	2026-2-3
shift	2026|3|1|0|31	2026-2-31
shift	2026|3|1|1|31	2026-4-1
shift	2026|3|1|2|31	2026-4-31
range	2026|3|5|0	2026-3-1 2026-4-1
days	2026|3|5|0	30
shift	2026|3|5|-2|0	2026-1-1
shift	2026|3|5|-1|0	2026-2-1
shift	2026|3|5|0|0	2026-3-1
shift	2026|3|5|1|0	2026-4-1
shift	2026|3|5|2|0	2026-5-1
range	2026|3|5|1	2026-3-1 2026-4-1
days	2026|3|5|1	30
shift	2026|3|5|-2|1	2026-1-1
shift	2026|3|5|-1|1	2026-2-1
shift	2026|3|5|0|1	2026-3-1
shift	2026|3|5|1|1	2026-4-1
shift	2026|3|5|2|1	2026-5-1
range	2026|3|5|5	2026-3-5 2026-4-5
days	2026|3|5|5	30
shift	2026|3|5|-2|5	2026-1-5
shift	2026|3|5|-1|5	2026-2-5
shift	2026|3|5|0|5	2026-3-5
shift	2026|3|5|1|5	2026-4-5
shift	2026|3|5|2|5	2026-5-5
range	2026|3|5|15	2026-2-15 2026-3-15
days	2026|3|5|15	31
shift	2026|3|5|-2|15	2026-0-15
shift	2026|3|5|-1|15	2026-1-15
shift	2026|3|5|0|15	2026-2-15
shift	2026|3|5|1|15	2026-3-15
shift	2026|3|5|2|15	2026-4-15
range	2026|3|5|25	2026-2-25 2026-3-25
days	2026|3|5|25	31
shift	2026|3|5|-2|25	2026-0-25
shift	2026|3|5|-1|25	2026-1-25
shift	2026|3|5|0|25	2026-2-25
shift	2026|3|5|1|25	2026-3-25
shift	2026|3|5|2|25	2026-4-25
range	2026|3|5|28	2026-2-28 2026-3-28
days	2026|3|5|28	31
shift	2026|3|5|-2|28	2026-0-28
shift	2026|3|5|-1|28	2026-1-28
shift	2026|3|5|0|28	2026-2-28
shift	2026|3|5|1|28	2026-3-28
shift	2026|3|5|2|28	2026-4-28
range	2026|3|5|29	2026-2-29 2026-3-29
days	2026|3|5|29	31
shift	2026|3|5|-2|29	2026-0-29
shift	2026|3|5|-1|29	2026-2-1
shift	2026|3|5|0|29	2026-2-29
shift	2026|3|5|1|29	2026-3-29
shift	2026|3|5|2|29	2026-4-29
range	2026|3|5|30	2026-2-30 2026-3-30
days	2026|3|5|30	31
shift	2026|3|5|-2|30	2026-0-30
shift	2026|3|5|-1|30	2026-2-2
shift	2026|3|5|0|30	2026-2-30
shift	2026|3|5|1|30	2026-3-30
shift	2026|3|5|2|30	2026-4-30
range	2026|3|5|31	2026-2-31 2026-4-1
days	2026|3|5|31	31
shift	2026|3|5|-2|31	2026-0-31
shift	2026|3|5|-1|31	2026-2-3
shift	2026|3|5|0|31	2026-2-31
shift	2026|3|5|1|31	2026-4-1
shift	2026|3|5|2|31	2026-4-31
range	2026|3|15|0	2026-3-1 2026-4-1
days	2026|3|15|0	30
shift	2026|3|15|-2|0	2026-1-1
shift	2026|3|15|-1|0	2026-2-1
shift	2026|3|15|0|0	2026-3-1
shift	2026|3|15|1|0	2026-4-1
shift	2026|3|15|2|0	2026-5-1
range	2026|3|15|1	2026-3-1 2026-4-1
days	2026|3|15|1	30
shift	2026|3|15|-2|1	2026-1-1
shift	2026|3|15|-1|1	2026-2-1
shift	2026|3|15|0|1	2026-3-1
shift	2026|3|15|1|1	2026-4-1
shift	2026|3|15|2|1	2026-5-1
range	2026|3|15|5	2026-3-5 2026-4-5
days	2026|3|15|5	30
shift	2026|3|15|-2|5	2026-1-5
shift	2026|3|15|-1|5	2026-2-5
shift	2026|3|15|0|5	2026-3-5
shift	2026|3|15|1|5	2026-4-5
shift	2026|3|15|2|5	2026-5-5
range	2026|3|15|15	2026-3-15 2026-4-15
days	2026|3|15|15	30
shift	2026|3|15|-2|15	2026-1-15
shift	2026|3|15|-1|15	2026-2-15
shift	2026|3|15|0|15	2026-3-15
shift	2026|3|15|1|15	2026-4-15
shift	2026|3|15|2|15	2026-5-15
range	2026|3|15|25	2026-2-25 2026-3-25
days	2026|3|15|25	31
shift	2026|3|15|-2|25	2026-0-25
shift	2026|3|15|-1|25	2026-1-25
shift	2026|3|15|0|25	2026-2-25
shift	2026|3|15|1|25	2026-3-25
shift	2026|3|15|2|25	2026-4-25
range	2026|3|15|28	2026-2-28 2026-3-28
days	2026|3|15|28	31
shift	2026|3|15|-2|28	2026-0-28
shift	2026|3|15|-1|28	2026-1-28
shift	2026|3|15|0|28	2026-2-28
shift	2026|3|15|1|28	2026-3-28
shift	2026|3|15|2|28	2026-4-28
range	2026|3|15|29	2026-2-29 2026-3-29
days	2026|3|15|29	31
shift	2026|3|15|-2|29	2026-0-29
shift	2026|3|15|-1|29	2026-2-1
shift	2026|3|15|0|29	2026-2-29
shift	2026|3|15|1|29	2026-3-29
shift	2026|3|15|2|29	2026-4-29
range	2026|3|15|30	2026-2-30 2026-3-30
days	2026|3|15|30	31
shift	2026|3|15|-2|30	2026-0-30
shift	2026|3|15|-1|30	2026-2-2
shift	2026|3|15|0|30	2026-2-30
shift	2026|3|15|1|30	2026-3-30
shift	2026|3|15|2|30	2026-4-30
range	2026|3|15|31	2026-2-31 2026-4-1
days	2026|3|15|31	31
shift	2026|3|15|-2|31	2026-0-31
shift	2026|3|15|-1|31	2026-2-3
shift	2026|3|15|0|31	2026-2-31
shift	2026|3|15|1|31	2026-4-1
shift	2026|3|15|2|31	2026-4-31
range	2026|3|24|0	2026-3-1 2026-4-1
days	2026|3|24|0	30
shift	2026|3|24|-2|0	2026-1-1
shift	2026|3|24|-1|0	2026-2-1
shift	2026|3|24|0|0	2026-3-1
shift	2026|3|24|1|0	2026-4-1
shift	2026|3|24|2|0	2026-5-1
range	2026|3|24|1	2026-3-1 2026-4-1
days	2026|3|24|1	30
shift	2026|3|24|-2|1	2026-1-1
shift	2026|3|24|-1|1	2026-2-1
shift	2026|3|24|0|1	2026-3-1
shift	2026|3|24|1|1	2026-4-1
shift	2026|3|24|2|1	2026-5-1
range	2026|3|24|5	2026-3-5 2026-4-5
days	2026|3|24|5	30
shift	2026|3|24|-2|5	2026-1-5
shift	2026|3|24|-1|5	2026-2-5
shift	2026|3|24|0|5	2026-3-5
shift	2026|3|24|1|5	2026-4-5
shift	2026|3|24|2|5	2026-5-5
range	2026|3|24|15	2026-3-15 2026-4-15
days	2026|3|24|15	30
shift	2026|3|24|-2|15	2026-1-15
shift	2026|3|24|-1|15	2026-2-15
shift	2026|3|24|0|15	2026-3-15
shift	2026|3|24|1|15	2026-4-15
shift	2026|3|24|2|15	2026-5-15
range	2026|3|24|25	2026-2-25 2026-3-25
days	2026|3|24|25	31
shift	2026|3|24|-2|25	2026-0-25
shift	2026|3|24|-1|25	2026-1-25
shift	2026|3|24|0|25	2026-2-25
shift	2026|3|24|1|25	2026-3-25
shift	2026|3|24|2|25	2026-4-25
range	2026|3|24|28	2026-2-28 2026-3-28
days	2026|3|24|28	31
shift	2026|3|24|-2|28	2026-0-28
shift	2026|3|24|-1|28	2026-1-28
shift	2026|3|24|0|28	2026-2-28
shift	2026|3|24|1|28	2026-3-28
shift	2026|3|24|2|28	2026-4-28
range	2026|3|24|29	2026-2-29 2026-3-29
days	2026|3|24|29	31
shift	2026|3|24|-2|29	2026-0-29
shift	2026|3|24|-1|29	2026-2-1
shift	2026|3|24|0|29	2026-2-29
shift	2026|3|24|1|29	2026-3-29
shift	2026|3|24|2|29	2026-4-29
range	2026|3|24|30	2026-2-30 2026-3-30
days	2026|3|24|30	31
shift	2026|3|24|-2|30	2026-0-30
shift	2026|3|24|-1|30	2026-2-2
shift	2026|3|24|0|30	2026-2-30
shift	2026|3|24|1|30	2026-3-30
shift	2026|3|24|2|30	2026-4-30
range	2026|3|24|31	2026-2-31 2026-4-1
days	2026|3|24|31	31
shift	2026|3|24|-2|31	2026-0-31
shift	2026|3|24|-1|31	2026-2-3
shift	2026|3|24|0|31	2026-2-31
shift	2026|3|24|1|31	2026-4-1
shift	2026|3|24|2|31	2026-4-31
range	2026|3|25|0	2026-3-1 2026-4-1
days	2026|3|25|0	30
shift	2026|3|25|-2|0	2026-1-1
shift	2026|3|25|-1|0	2026-2-1
shift	2026|3|25|0|0	2026-3-1
shift	2026|3|25|1|0	2026-4-1
shift	2026|3|25|2|0	2026-5-1
range	2026|3|25|1	2026-3-1 2026-4-1
days	2026|3|25|1	30
shift	2026|3|25|-2|1	2026-1-1
shift	2026|3|25|-1|1	2026-2-1
shift	2026|3|25|0|1	2026-3-1
shift	2026|3|25|1|1	2026-4-1
shift	2026|3|25|2|1	2026-5-1
range	2026|3|25|5	2026-3-5 2026-4-5
days	2026|3|25|5	30
shift	2026|3|25|-2|5	2026-1-5
shift	2026|3|25|-1|5	2026-2-5
shift	2026|3|25|0|5	2026-3-5
shift	2026|3|25|1|5	2026-4-5
shift	2026|3|25|2|5	2026-5-5
range	2026|3|25|15	2026-3-15 2026-4-15
days	2026|3|25|15	30
shift	2026|3|25|-2|15	2026-1-15
shift	2026|3|25|-1|15	2026-2-15
shift	2026|3|25|0|15	2026-3-15
shift	2026|3|25|1|15	2026-4-15
shift	2026|3|25|2|15	2026-5-15
range	2026|3|25|25	2026-3-25 2026-4-25
days	2026|3|25|25	30
shift	2026|3|25|-2|25	2026-1-25
shift	2026|3|25|-1|25	2026-2-25
shift	2026|3|25|0|25	2026-3-25
shift	2026|3|25|1|25	2026-4-25
shift	2026|3|25|2|25	2026-5-25
range	2026|3|25|28	2026-2-28 2026-3-28
days	2026|3|25|28	31
shift	2026|3|25|-2|28	2026-0-28
shift	2026|3|25|-1|28	2026-1-28
shift	2026|3|25|0|28	2026-2-28
shift	2026|3|25|1|28	2026-3-28
shift	2026|3|25|2|28	2026-4-28
range	2026|3|25|29	2026-2-29 2026-3-29
days	2026|3|25|29	31
shift	2026|3|25|-2|29	2026-0-29
shift	2026|3|25|-1|29	2026-2-1
shift	2026|3|25|0|29	2026-2-29
shift	2026|3|25|1|29	2026-3-29
shift	2026|3|25|2|29	2026-4-29
range	2026|3|25|30	2026-2-30 2026-3-30
days	2026|3|25|30	31
shift	2026|3|25|-2|30	2026-0-30
shift	2026|3|25|-1|30	2026-2-2
shift	2026|3|25|0|30	2026-2-30
shift	2026|3|25|1|30	2026-3-30
shift	2026|3|25|2|30	2026-4-30
range	2026|3|25|31	2026-2-31 2026-4-1
days	2026|3|25|31	31
shift	2026|3|25|-2|31	2026-0-31
shift	2026|3|25|-1|31	2026-2-3
shift	2026|3|25|0|31	2026-2-31
shift	2026|3|25|1|31	2026-4-1
shift	2026|3|25|2|31	2026-4-31
range	2026|3|26|0	2026-3-1 2026-4-1
days	2026|3|26|0	30
shift	2026|3|26|-2|0	2026-1-1
shift	2026|3|26|-1|0	2026-2-1
shift	2026|3|26|0|0	2026-3-1
shift	2026|3|26|1|0	2026-4-1
shift	2026|3|26|2|0	2026-5-1
range	2026|3|26|1	2026-3-1 2026-4-1
days	2026|3|26|1	30
shift	2026|3|26|-2|1	2026-1-1
shift	2026|3|26|-1|1	2026-2-1
shift	2026|3|26|0|1	2026-3-1
shift	2026|3|26|1|1	2026-4-1
shift	2026|3|26|2|1	2026-5-1
range	2026|3|26|5	2026-3-5 2026-4-5
days	2026|3|26|5	30
shift	2026|3|26|-2|5	2026-1-5
shift	2026|3|26|-1|5	2026-2-5
shift	2026|3|26|0|5	2026-3-5
shift	2026|3|26|1|5	2026-4-5
shift	2026|3|26|2|5	2026-5-5
range	2026|3|26|15	2026-3-15 2026-4-15
days	2026|3|26|15	30
shift	2026|3|26|-2|15	2026-1-15
shift	2026|3|26|-1|15	2026-2-15
shift	2026|3|26|0|15	2026-3-15
shift	2026|3|26|1|15	2026-4-15
shift	2026|3|26|2|15	2026-5-15
range	2026|3|26|25	2026-3-25 2026-4-25
days	2026|3|26|25	30
shift	2026|3|26|-2|25	2026-1-25
shift	2026|3|26|-1|25	2026-2-25
shift	2026|3|26|0|25	2026-3-25
shift	2026|3|26|1|25	2026-4-25
shift	2026|3|26|2|25	2026-5-25
range	2026|3|26|28	2026-2-28 2026-3-28
days	2026|3|26|28	31
shift	2026|3|26|-2|28	2026-0-28
shift	2026|3|26|-1|28	2026-1-28
shift	2026|3|26|0|28	2026-2-28
shift	2026|3|26|1|28	2026-3-28
shift	2026|3|26|2|28	2026-4-28
range	2026|3|26|29	2026-2-29 2026-3-29
days	2026|3|26|29	31
shift	2026|3|26|-2|29	2026-0-29
shift	2026|3|26|-1|29	2026-2-1
shift	2026|3|26|0|29	2026-2-29
shift	2026|3|26|1|29	2026-3-29
shift	2026|3|26|2|29	2026-4-29
range	2026|3|26|30	2026-2-30 2026-3-30
days	2026|3|26|30	31
shift	2026|3|26|-2|30	2026-0-30
shift	2026|3|26|-1|30	2026-2-2
shift	2026|3|26|0|30	2026-2-30
shift	2026|3|26|1|30	2026-3-30
shift	2026|3|26|2|30	2026-4-30
range	2026|3|26|31	2026-2-31 2026-4-1
days	2026|3|26|31	31
shift	2026|3|26|-2|31	2026-0-31
shift	2026|3|26|-1|31	2026-2-3
shift	2026|3|26|0|31	2026-2-31
shift	2026|3|26|1|31	2026-4-1
shift	2026|3|26|2|31	2026-4-31
range	2026|3|28|0	2026-3-1 2026-4-1
days	2026|3|28|0	30
shift	2026|3|28|-2|0	2026-1-1
shift	2026|3|28|-1|0	2026-2-1
shift	2026|3|28|0|0	2026-3-1
shift	2026|3|28|1|0	2026-4-1
shift	2026|3|28|2|0	2026-5-1
range	2026|3|28|1	2026-3-1 2026-4-1
days	2026|3|28|1	30
shift	2026|3|28|-2|1	2026-1-1
shift	2026|3|28|-1|1	2026-2-1
shift	2026|3|28|0|1	2026-3-1
shift	2026|3|28|1|1	2026-4-1
shift	2026|3|28|2|1	2026-5-1
range	2026|3|28|5	2026-3-5 2026-4-5
days	2026|3|28|5	30
shift	2026|3|28|-2|5	2026-1-5
shift	2026|3|28|-1|5	2026-2-5
shift	2026|3|28|0|5	2026-3-5
shift	2026|3|28|1|5	2026-4-5
shift	2026|3|28|2|5	2026-5-5
range	2026|3|28|15	2026-3-15 2026-4-15
days	2026|3|28|15	30
shift	2026|3|28|-2|15	2026-1-15
shift	2026|3|28|-1|15	2026-2-15
shift	2026|3|28|0|15	2026-3-15
shift	2026|3|28|1|15	2026-4-15
shift	2026|3|28|2|15	2026-5-15
range	2026|3|28|25	2026-3-25 2026-4-25
days	2026|3|28|25	30
shift	2026|3|28|-2|25	2026-1-25
shift	2026|3|28|-1|25	2026-2-25
shift	2026|3|28|0|25	2026-3-25
shift	2026|3|28|1|25	2026-4-25
shift	2026|3|28|2|25	2026-5-25
range	2026|3|28|28	2026-3-28 2026-4-28
days	2026|3|28|28	30
shift	2026|3|28|-2|28	2026-1-28
shift	2026|3|28|-1|28	2026-2-28
shift	2026|3|28|0|28	2026-3-28
shift	2026|3|28|1|28	2026-4-28
shift	2026|3|28|2|28	2026-5-28
range	2026|3|28|29	2026-2-29 2026-3-29
days	2026|3|28|29	31
shift	2026|3|28|-2|29	2026-0-29
shift	2026|3|28|-1|29	2026-2-1
shift	2026|3|28|0|29	2026-2-29
shift	2026|3|28|1|29	2026-3-29
shift	2026|3|28|2|29	2026-4-29
range	2026|3|28|30	2026-2-30 2026-3-30
days	2026|3|28|30	31
shift	2026|3|28|-2|30	2026-0-30
shift	2026|3|28|-1|30	2026-2-2
shift	2026|3|28|0|30	2026-2-30
shift	2026|3|28|1|30	2026-3-30
shift	2026|3|28|2|30	2026-4-30
range	2026|3|28|31	2026-2-31 2026-4-1
days	2026|3|28|31	31
shift	2026|3|28|-2|31	2026-0-31
shift	2026|3|28|-1|31	2026-2-3
shift	2026|3|28|0|31	2026-2-31
shift	2026|3|28|1|31	2026-4-1
shift	2026|3|28|2|31	2026-4-31
range	2026|3|31|0	2026-4-1 2026-5-1
days	2026|3|31|0	31
shift	2026|3|31|-2|0	2026-2-1
shift	2026|3|31|-1|0	2026-3-1
shift	2026|3|31|0|0	2026-4-1
shift	2026|3|31|1|0	2026-5-1
shift	2026|3|31|2|0	2026-6-1
range	2026|3|31|1	2026-4-1 2026-5-1
days	2026|3|31|1	31
shift	2026|3|31|-2|1	2026-2-1
shift	2026|3|31|-1|1	2026-3-1
shift	2026|3|31|0|1	2026-4-1
shift	2026|3|31|1|1	2026-5-1
shift	2026|3|31|2|1	2026-6-1
range	2026|3|31|5	2026-3-5 2026-4-5
days	2026|3|31|5	30
shift	2026|3|31|-2|5	2026-1-5
shift	2026|3|31|-1|5	2026-2-5
shift	2026|3|31|0|5	2026-3-5
shift	2026|3|31|1|5	2026-4-5
shift	2026|3|31|2|5	2026-5-5
range	2026|3|31|15	2026-3-15 2026-4-15
days	2026|3|31|15	30
shift	2026|3|31|-2|15	2026-1-15
shift	2026|3|31|-1|15	2026-2-15
shift	2026|3|31|0|15	2026-3-15
shift	2026|3|31|1|15	2026-4-15
shift	2026|3|31|2|15	2026-5-15
range	2026|3|31|25	2026-3-25 2026-4-25
days	2026|3|31|25	30
shift	2026|3|31|-2|25	2026-1-25
shift	2026|3|31|-1|25	2026-2-25
shift	2026|3|31|0|25	2026-3-25
shift	2026|3|31|1|25	2026-4-25
shift	2026|3|31|2|25	2026-5-25
range	2026|3|31|28	2026-3-28 2026-4-28
days	2026|3|31|28	30
shift	2026|3|31|-2|28	2026-1-28
shift	2026|3|31|-1|28	2026-2-28
shift	2026|3|31|0|28	2026-3-28
shift	2026|3|31|1|28	2026-4-28
shift	2026|3|31|2|28	2026-5-28
range	2026|3|31|29	2026-3-29 2026-4-29
days	2026|3|31|29	30
shift	2026|3|31|-2|29	2026-2-1
shift	2026|3|31|-1|29	2026-2-29
shift	2026|3|31|0|29	2026-3-29
shift	2026|3|31|1|29	2026-4-29
shift	2026|3|31|2|29	2026-5-29
range	2026|3|31|30	2026-3-30 2026-4-30
days	2026|3|31|30	30
shift	2026|3|31|-2|30	2026-2-2
shift	2026|3|31|-1|30	2026-2-30
shift	2026|3|31|0|30	2026-3-30
shift	2026|3|31|1|30	2026-4-30
shift	2026|3|31|2|30	2026-5-30
range	2026|3|31|31	2026-4-1 2026-6-1
days	2026|3|31|31	61
shift	2026|3|31|-2|31	2026-2-31
shift	2026|3|31|-1|31	2026-4-1
shift	2026|3|31|0|31	2026-4-31
shift	2026|3|31|1|31	2026-6-1
shift	2026|3|31|2|31	2026-6-31
range	2026|4|1|0	2026-4-1 2026-5-1
days	2026|4|1|0	31
shift	2026|4|1|-2|0	2026-2-1
shift	2026|4|1|-1|0	2026-3-1
shift	2026|4|1|0|0	2026-4-1
shift	2026|4|1|1|0	2026-5-1
shift	2026|4|1|2|0	2026-6-1
range	2026|4|1|1	2026-4-1 2026-5-1
days	2026|4|1|1	31
shift	2026|4|1|-2|1	2026-2-1
shift	2026|4|1|-1|1	2026-3-1
shift	2026|4|1|0|1	2026-4-1
shift	2026|4|1|1|1	2026-5-1
shift	2026|4|1|2|1	2026-6-1
range	2026|4|1|5	2026-3-5 2026-4-5
days	2026|4|1|5	30
shift	2026|4|1|-2|5	2026-1-5
shift	2026|4|1|-1|5	2026-2-5
shift	2026|4|1|0|5	2026-3-5
shift	2026|4|1|1|5	2026-4-5
shift	2026|4|1|2|5	2026-5-5
range	2026|4|1|15	2026-3-15 2026-4-15
days	2026|4|1|15	30
shift	2026|4|1|-2|15	2026-1-15
shift	2026|4|1|-1|15	2026-2-15
shift	2026|4|1|0|15	2026-3-15
shift	2026|4|1|1|15	2026-4-15
shift	2026|4|1|2|15	2026-5-15
range	2026|4|1|25	2026-3-25 2026-4-25
days	2026|4|1|25	30
shift	2026|4|1|-2|25	2026-1-25
shift	2026|4|1|-1|25	2026-2-25
shift	2026|4|1|0|25	2026-3-25
shift	2026|4|1|1|25	2026-4-25
shift	2026|4|1|2|25	2026-5-25
range	2026|4|1|28	2026-3-28 2026-4-28
days	2026|4|1|28	30
shift	2026|4|1|-2|28	2026-1-28
shift	2026|4|1|-1|28	2026-2-28
shift	2026|4|1|0|28	2026-3-28
shift	2026|4|1|1|28	2026-4-28
shift	2026|4|1|2|28	2026-5-28
range	2026|4|1|29	2026-3-29 2026-4-29
days	2026|4|1|29	30
shift	2026|4|1|-2|29	2026-2-1
shift	2026|4|1|-1|29	2026-2-29
shift	2026|4|1|0|29	2026-3-29
shift	2026|4|1|1|29	2026-4-29
shift	2026|4|1|2|29	2026-5-29
range	2026|4|1|30	2026-3-30 2026-4-30
days	2026|4|1|30	30
shift	2026|4|1|-2|30	2026-2-2
shift	2026|4|1|-1|30	2026-2-30
shift	2026|4|1|0|30	2026-3-30
shift	2026|4|1|1|30	2026-4-30
shift	2026|4|1|2|30	2026-5-30
range	2026|4|1|31	2026-4-1 2026-6-1
days	2026|4|1|31	61
shift	2026|4|1|-2|31	2026-2-31
shift	2026|4|1|-1|31	2026-4-1
shift	2026|4|1|0|31	2026-4-31
shift	2026|4|1|1|31	2026-6-1
shift	2026|4|1|2|31	2026-6-31
range	2026|4|5|0	2026-4-1 2026-5-1
days	2026|4|5|0	31
shift	2026|4|5|-2|0	2026-2-1
shift	2026|4|5|-1|0	2026-3-1
shift	2026|4|5|0|0	2026-4-1
shift	2026|4|5|1|0	2026-5-1
shift	2026|4|5|2|0	2026-6-1
range	2026|4|5|1	2026-4-1 2026-5-1
days	2026|4|5|1	31
shift	2026|4|5|-2|1	2026-2-1
shift	2026|4|5|-1|1	2026-3-1
shift	2026|4|5|0|1	2026-4-1
shift	2026|4|5|1|1	2026-5-1
shift	2026|4|5|2|1	2026-6-1
range	2026|4|5|5	2026-4-5 2026-5-5
days	2026|4|5|5	31
shift	2026|4|5|-2|5	2026-2-5
shift	2026|4|5|-1|5	2026-3-5
shift	2026|4|5|0|5	2026-4-5
shift	2026|4|5|1|5	2026-5-5
shift	2026|4|5|2|5	2026-6-5
range	2026|4|5|15	2026-3-15 2026-4-15
days	2026|4|5|15	30
shift	2026|4|5|-2|15	2026-1-15
shift	2026|4|5|-1|15	2026-2-15
shift	2026|4|5|0|15	2026-3-15
shift	2026|4|5|1|15	2026-4-15
shift	2026|4|5|2|15	2026-5-15
range	2026|4|5|25	2026-3-25 2026-4-25
days	2026|4|5|25	30
shift	2026|4|5|-2|25	2026-1-25
shift	2026|4|5|-1|25	2026-2-25
shift	2026|4|5|0|25	2026-3-25
shift	2026|4|5|1|25	2026-4-25
shift	2026|4|5|2|25	2026-5-25
range	2026|4|5|28	2026-3-28 2026-4-28
days	2026|4|5|28	30
shift	2026|4|5|-2|28	2026-1-28
shift	2026|4|5|-1|28	2026-2-28
shift	2026|4|5|0|28	2026-3-28
shift	2026|4|5|1|28	2026-4-28
shift	2026|4|5|2|28	2026-5-28
range	2026|4|5|29	2026-3-29 2026-4-29
days	2026|4|5|29	30
shift	2026|4|5|-2|29	2026-2-1
shift	2026|4|5|-1|29	2026-2-29
shift	2026|4|5|0|29	2026-3-29
shift	2026|4|5|1|29	2026-4-29
shift	2026|4|5|2|29	2026-5-29
range	2026|4|5|30	2026-3-30 2026-4-30
days	2026|4|5|30	30
shift	2026|4|5|-2|30	2026-2-2
shift	2026|4|5|-1|30	2026-2-30
shift	2026|4|5|0|30	2026-3-30
shift	2026|4|5|1|30	2026-4-30
shift	2026|4|5|2|30	2026-5-30
range	2026|4|5|31	2026-4-1 2026-6-1
days	2026|4|5|31	61
shift	2026|4|5|-2|31	2026-2-31
shift	2026|4|5|-1|31	2026-4-1
shift	2026|4|5|0|31	2026-4-31
shift	2026|4|5|1|31	2026-6-1
shift	2026|4|5|2|31	2026-6-31
range	2026|4|15|0	2026-4-1 2026-5-1
days	2026|4|15|0	31
shift	2026|4|15|-2|0	2026-2-1
shift	2026|4|15|-1|0	2026-3-1
shift	2026|4|15|0|0	2026-4-1
shift	2026|4|15|1|0	2026-5-1
shift	2026|4|15|2|0	2026-6-1
range	2026|4|15|1	2026-4-1 2026-5-1
days	2026|4|15|1	31
shift	2026|4|15|-2|1	2026-2-1
shift	2026|4|15|-1|1	2026-3-1
shift	2026|4|15|0|1	2026-4-1
shift	2026|4|15|1|1	2026-5-1
shift	2026|4|15|2|1	2026-6-1
range	2026|4|15|5	2026-4-5 2026-5-5
days	2026|4|15|5	31
shift	2026|4|15|-2|5	2026-2-5
shift	2026|4|15|-1|5	2026-3-5
shift	2026|4|15|0|5	2026-4-5
shift	2026|4|15|1|5	2026-5-5
shift	2026|4|15|2|5	2026-6-5
range	2026|4|15|15	2026-4-15 2026-5-15
days	2026|4|15|15	31
shift	2026|4|15|-2|15	2026-2-15
shift	2026|4|15|-1|15	2026-3-15
shift	2026|4|15|0|15	2026-4-15
shift	2026|4|15|1|15	2026-5-15
shift	2026|4|15|2|15	2026-6-15
range	2026|4|15|25	2026-3-25 2026-4-25
days	2026|4|15|25	30
shift	2026|4|15|-2|25	2026-1-25
shift	2026|4|15|-1|25	2026-2-25
shift	2026|4|15|0|25	2026-3-25
shift	2026|4|15|1|25	2026-4-25
shift	2026|4|15|2|25	2026-5-25
range	2026|4|15|28	2026-3-28 2026-4-28
days	2026|4|15|28	30
shift	2026|4|15|-2|28	2026-1-28
shift	2026|4|15|-1|28	2026-2-28
shift	2026|4|15|0|28	2026-3-28
shift	2026|4|15|1|28	2026-4-28
shift	2026|4|15|2|28	2026-5-28
range	2026|4|15|29	2026-3-29 2026-4-29
days	2026|4|15|29	30
shift	2026|4|15|-2|29	2026-2-1
shift	2026|4|15|-1|29	2026-2-29
shift	2026|4|15|0|29	2026-3-29
shift	2026|4|15|1|29	2026-4-29
shift	2026|4|15|2|29	2026-5-29
range	2026|4|15|30	2026-3-30 2026-4-30
days	2026|4|15|30	30
shift	2026|4|15|-2|30	2026-2-2
shift	2026|4|15|-1|30	2026-2-30
shift	2026|4|15|0|30	2026-3-30
shift	2026|4|15|1|30	2026-4-30
shift	2026|4|15|2|30	2026-5-30
range	2026|4|15|31	2026-4-1 2026-6-1
days	2026|4|15|31	61
shift	2026|4|15|-2|31	2026-2-31
shift	2026|4|15|-1|31	2026-4-1
shift	2026|4|15|0|31	2026-4-31
shift	2026|4|15|1|31	2026-6-1
shift	2026|4|15|2|31	2026-6-31
range	2026|4|24|0	2026-4-1 2026-5-1
days	2026|4|24|0	31
shift	2026|4|24|-2|0	2026-2-1
shift	2026|4|24|-1|0	2026-3-1
shift	2026|4|24|0|0	2026-4-1
shift	2026|4|24|1|0	2026-5-1
shift	2026|4|24|2|0	2026-6-1
range	2026|4|24|1	2026-4-1 2026-5-1
days	2026|4|24|1	31
shift	2026|4|24|-2|1	2026-2-1
shift	2026|4|24|-1|1	2026-3-1
shift	2026|4|24|0|1	2026-4-1
shift	2026|4|24|1|1	2026-5-1
shift	2026|4|24|2|1	2026-6-1
range	2026|4|24|5	2026-4-5 2026-5-5
days	2026|4|24|5	31
shift	2026|4|24|-2|5	2026-2-5
shift	2026|4|24|-1|5	2026-3-5
shift	2026|4|24|0|5	2026-4-5
shift	2026|4|24|1|5	2026-5-5
shift	2026|4|24|2|5	2026-6-5
range	2026|4|24|15	2026-4-15 2026-5-15
days	2026|4|24|15	31
shift	2026|4|24|-2|15	2026-2-15
shift	2026|4|24|-1|15	2026-3-15
shift	2026|4|24|0|15	2026-4-15
shift	2026|4|24|1|15	2026-5-15
shift	2026|4|24|2|15	2026-6-15
range	2026|4|24|25	2026-3-25 2026-4-25
days	2026|4|24|25	30
shift	2026|4|24|-2|25	2026-1-25
shift	2026|4|24|-1|25	2026-2-25
shift	2026|4|24|0|25	2026-3-25
shift	2026|4|24|1|25	2026-4-25
shift	2026|4|24|2|25	2026-5-25
range	2026|4|24|28	2026-3-28 2026-4-28
days	2026|4|24|28	30
shift	2026|4|24|-2|28	2026-1-28
shift	2026|4|24|-1|28	2026-2-28
shift	2026|4|24|0|28	2026-3-28
shift	2026|4|24|1|28	2026-4-28
shift	2026|4|24|2|28	2026-5-28
range	2026|4|24|29	2026-3-29 2026-4-29
days	2026|4|24|29	30
shift	2026|4|24|-2|29	2026-2-1
shift	2026|4|24|-1|29	2026-2-29
shift	2026|4|24|0|29	2026-3-29
shift	2026|4|24|1|29	2026-4-29
shift	2026|4|24|2|29	2026-5-29
range	2026|4|24|30	2026-3-30 2026-4-30
days	2026|4|24|30	30
shift	2026|4|24|-2|30	2026-2-2
shift	2026|4|24|-1|30	2026-2-30
shift	2026|4|24|0|30	2026-3-30
shift	2026|4|24|1|30	2026-4-30
shift	2026|4|24|2|30	2026-5-30
range	2026|4|24|31	2026-4-1 2026-6-1
days	2026|4|24|31	61
shift	2026|4|24|-2|31	2026-2-31
shift	2026|4|24|-1|31	2026-4-1
shift	2026|4|24|0|31	2026-4-31
shift	2026|4|24|1|31	2026-6-1
shift	2026|4|24|2|31	2026-6-31
range	2026|4|25|0	2026-4-1 2026-5-1
days	2026|4|25|0	31
shift	2026|4|25|-2|0	2026-2-1
shift	2026|4|25|-1|0	2026-3-1
shift	2026|4|25|0|0	2026-4-1
shift	2026|4|25|1|0	2026-5-1
shift	2026|4|25|2|0	2026-6-1
range	2026|4|25|1	2026-4-1 2026-5-1
days	2026|4|25|1	31
shift	2026|4|25|-2|1	2026-2-1
shift	2026|4|25|-1|1	2026-3-1
shift	2026|4|25|0|1	2026-4-1
shift	2026|4|25|1|1	2026-5-1
shift	2026|4|25|2|1	2026-6-1
range	2026|4|25|5	2026-4-5 2026-5-5
days	2026|4|25|5	31
shift	2026|4|25|-2|5	2026-2-5
shift	2026|4|25|-1|5	2026-3-5
shift	2026|4|25|0|5	2026-4-5
shift	2026|4|25|1|5	2026-5-5
shift	2026|4|25|2|5	2026-6-5
range	2026|4|25|15	2026-4-15 2026-5-15
days	2026|4|25|15	31
shift	2026|4|25|-2|15	2026-2-15
shift	2026|4|25|-1|15	2026-3-15
shift	2026|4|25|0|15	2026-4-15
shift	2026|4|25|1|15	2026-5-15
shift	2026|4|25|2|15	2026-6-15
range	2026|4|25|25	2026-4-25 2026-5-25
days	2026|4|25|25	31
shift	2026|4|25|-2|25	2026-2-25
shift	2026|4|25|-1|25	2026-3-25
shift	2026|4|25|0|25	2026-4-25
shift	2026|4|25|1|25	2026-5-25
shift	2026|4|25|2|25	2026-6-25
range	2026|4|25|28	2026-3-28 2026-4-28
days	2026|4|25|28	30
shift	2026|4|25|-2|28	2026-1-28
shift	2026|4|25|-1|28	2026-2-28
shift	2026|4|25|0|28	2026-3-28
shift	2026|4|25|1|28	2026-4-28
shift	2026|4|25|2|28	2026-5-28
range	2026|4|25|29	2026-3-29 2026-4-29
days	2026|4|25|29	30
shift	2026|4|25|-2|29	2026-2-1
shift	2026|4|25|-1|29	2026-2-29
shift	2026|4|25|0|29	2026-3-29
shift	2026|4|25|1|29	2026-4-29
shift	2026|4|25|2|29	2026-5-29
range	2026|4|25|30	2026-3-30 2026-4-30
days	2026|4|25|30	30
shift	2026|4|25|-2|30	2026-2-2
shift	2026|4|25|-1|30	2026-2-30
shift	2026|4|25|0|30	2026-3-30
shift	2026|4|25|1|30	2026-4-30
shift	2026|4|25|2|30	2026-5-30
range	2026|4|25|31	2026-4-1 2026-6-1
days	2026|4|25|31	61
shift	2026|4|25|-2|31	2026-2-31
shift	2026|4|25|-1|31	2026-4-1
shift	2026|4|25|0|31	2026-4-31
shift	2026|4|25|1|31	2026-6-1
shift	2026|4|25|2|31	2026-6-31
range	2026|4|26|0	2026-4-1 2026-5-1
days	2026|4|26|0	31
shift	2026|4|26|-2|0	2026-2-1
shift	2026|4|26|-1|0	2026-3-1
shift	2026|4|26|0|0	2026-4-1
shift	2026|4|26|1|0	2026-5-1
shift	2026|4|26|2|0	2026-6-1
range	2026|4|26|1	2026-4-1 2026-5-1
days	2026|4|26|1	31
shift	2026|4|26|-2|1	2026-2-1
shift	2026|4|26|-1|1	2026-3-1
shift	2026|4|26|0|1	2026-4-1
shift	2026|4|26|1|1	2026-5-1
shift	2026|4|26|2|1	2026-6-1
range	2026|4|26|5	2026-4-5 2026-5-5
days	2026|4|26|5	31
shift	2026|4|26|-2|5	2026-2-5
shift	2026|4|26|-1|5	2026-3-5
shift	2026|4|26|0|5	2026-4-5
shift	2026|4|26|1|5	2026-5-5
shift	2026|4|26|2|5	2026-6-5
range	2026|4|26|15	2026-4-15 2026-5-15
days	2026|4|26|15	31
shift	2026|4|26|-2|15	2026-2-15
shift	2026|4|26|-1|15	2026-3-15
shift	2026|4|26|0|15	2026-4-15
shift	2026|4|26|1|15	2026-5-15
shift	2026|4|26|2|15	2026-6-15
range	2026|4|26|25	2026-4-25 2026-5-25
days	2026|4|26|25	31
shift	2026|4|26|-2|25	2026-2-25
shift	2026|4|26|-1|25	2026-3-25
shift	2026|4|26|0|25	2026-4-25
shift	2026|4|26|1|25	2026-5-25
shift	2026|4|26|2|25	2026-6-25
range	2026|4|26|28	2026-3-28 2026-4-28
days	2026|4|26|28	30
shift	2026|4|26|-2|28	2026-1-28
shift	2026|4|26|-1|28	2026-2-28
shift	2026|4|26|0|28	2026-3-28
shift	2026|4|26|1|28	2026-4-28
shift	2026|4|26|2|28	2026-5-28
range	2026|4|26|29	2026-3-29 2026-4-29
days	2026|4|26|29	30
shift	2026|4|26|-2|29	2026-2-1
shift	2026|4|26|-1|29	2026-2-29
shift	2026|4|26|0|29	2026-3-29
shift	2026|4|26|1|29	2026-4-29
shift	2026|4|26|2|29	2026-5-29
range	2026|4|26|30	2026-3-30 2026-4-30
days	2026|4|26|30	30
shift	2026|4|26|-2|30	2026-2-2
shift	2026|4|26|-1|30	2026-2-30
shift	2026|4|26|0|30	2026-3-30
shift	2026|4|26|1|30	2026-4-30
shift	2026|4|26|2|30	2026-5-30
range	2026|4|26|31	2026-4-1 2026-6-1
days	2026|4|26|31	61
shift	2026|4|26|-2|31	2026-2-31
shift	2026|4|26|-1|31	2026-4-1
shift	2026|4|26|0|31	2026-4-31
shift	2026|4|26|1|31	2026-6-1
shift	2026|4|26|2|31	2026-6-31
range	2026|4|28|0	2026-4-1 2026-5-1
days	2026|4|28|0	31
shift	2026|4|28|-2|0	2026-2-1
shift	2026|4|28|-1|0	2026-3-1
shift	2026|4|28|0|0	2026-4-1
shift	2026|4|28|1|0	2026-5-1
shift	2026|4|28|2|0	2026-6-1
range	2026|4|28|1	2026-4-1 2026-5-1
days	2026|4|28|1	31
shift	2026|4|28|-2|1	2026-2-1
shift	2026|4|28|-1|1	2026-3-1
shift	2026|4|28|0|1	2026-4-1
shift	2026|4|28|1|1	2026-5-1
shift	2026|4|28|2|1	2026-6-1
range	2026|4|28|5	2026-4-5 2026-5-5
days	2026|4|28|5	31
shift	2026|4|28|-2|5	2026-2-5
shift	2026|4|28|-1|5	2026-3-5
shift	2026|4|28|0|5	2026-4-5
shift	2026|4|28|1|5	2026-5-5
shift	2026|4|28|2|5	2026-6-5
range	2026|4|28|15	2026-4-15 2026-5-15
days	2026|4|28|15	31
shift	2026|4|28|-2|15	2026-2-15
shift	2026|4|28|-1|15	2026-3-15
shift	2026|4|28|0|15	2026-4-15
shift	2026|4|28|1|15	2026-5-15
shift	2026|4|28|2|15	2026-6-15
range	2026|4|28|25	2026-4-25 2026-5-25
days	2026|4|28|25	31
shift	2026|4|28|-2|25	2026-2-25
shift	2026|4|28|-1|25	2026-3-25
shift	2026|4|28|0|25	2026-4-25
shift	2026|4|28|1|25	2026-5-25
shift	2026|4|28|2|25	2026-6-25
range	2026|4|28|28	2026-4-28 2026-5-28
days	2026|4|28|28	31
shift	2026|4|28|-2|28	2026-2-28
shift	2026|4|28|-1|28	2026-3-28
shift	2026|4|28|0|28	2026-4-28
shift	2026|4|28|1|28	2026-5-28
shift	2026|4|28|2|28	2026-6-28
range	2026|4|28|29	2026-3-29 2026-4-29
days	2026|4|28|29	30
shift	2026|4|28|-2|29	2026-2-1
shift	2026|4|28|-1|29	2026-2-29
shift	2026|4|28|0|29	2026-3-29
shift	2026|4|28|1|29	2026-4-29
shift	2026|4|28|2|29	2026-5-29
range	2026|4|28|30	2026-3-30 2026-4-30
days	2026|4|28|30	30
shift	2026|4|28|-2|30	2026-2-2
shift	2026|4|28|-1|30	2026-2-30
shift	2026|4|28|0|30	2026-3-30
shift	2026|4|28|1|30	2026-4-30
shift	2026|4|28|2|30	2026-5-30
range	2026|4|28|31	2026-4-1 2026-6-1
days	2026|4|28|31	61
shift	2026|4|28|-2|31	2026-2-31
shift	2026|4|28|-1|31	2026-4-1
shift	2026|4|28|0|31	2026-4-31
shift	2026|4|28|1|31	2026-6-1
shift	2026|4|28|2|31	2026-6-31
range	2026|4|31|0	2026-4-1 2026-5-1
days	2026|4|31|0	31
shift	2026|4|31|-2|0	2026-2-1
shift	2026|4|31|-1|0	2026-3-1
shift	2026|4|31|0|0	2026-4-1
shift	2026|4|31|1|0	2026-5-1
shift	2026|4|31|2|0	2026-6-1
range	2026|4|31|1	2026-4-1 2026-5-1
days	2026|4|31|1	31
shift	2026|4|31|-2|1	2026-2-1
shift	2026|4|31|-1|1	2026-3-1
shift	2026|4|31|0|1	2026-4-1
shift	2026|4|31|1|1	2026-5-1
shift	2026|4|31|2|1	2026-6-1
range	2026|4|31|5	2026-4-5 2026-5-5
days	2026|4|31|5	31
shift	2026|4|31|-2|5	2026-2-5
shift	2026|4|31|-1|5	2026-3-5
shift	2026|4|31|0|5	2026-4-5
shift	2026|4|31|1|5	2026-5-5
shift	2026|4|31|2|5	2026-6-5
range	2026|4|31|15	2026-4-15 2026-5-15
days	2026|4|31|15	31
shift	2026|4|31|-2|15	2026-2-15
shift	2026|4|31|-1|15	2026-3-15
shift	2026|4|31|0|15	2026-4-15
shift	2026|4|31|1|15	2026-5-15
shift	2026|4|31|2|15	2026-6-15
range	2026|4|31|25	2026-4-25 2026-5-25
days	2026|4|31|25	31
shift	2026|4|31|-2|25	2026-2-25
shift	2026|4|31|-1|25	2026-3-25
shift	2026|4|31|0|25	2026-4-25
shift	2026|4|31|1|25	2026-5-25
shift	2026|4|31|2|25	2026-6-25
range	2026|4|31|28	2026-4-28 2026-5-28
days	2026|4|31|28	31
shift	2026|4|31|-2|28	2026-2-28
shift	2026|4|31|-1|28	2026-3-28
shift	2026|4|31|0|28	2026-4-28
shift	2026|4|31|1|28	2026-5-28
shift	2026|4|31|2|28	2026-6-28
range	2026|4|31|29	2026-4-29 2026-5-29
days	2026|4|31|29	31
shift	2026|4|31|-2|29	2026-2-29
shift	2026|4|31|-1|29	2026-3-29
shift	2026|4|31|0|29	2026-4-29
shift	2026|4|31|1|29	2026-5-29
shift	2026|4|31|2|29	2026-6-29
range	2026|4|31|30	2026-4-30 2026-5-30
days	2026|4|31|30	31
shift	2026|4|31|-2|30	2026-2-30
shift	2026|4|31|-1|30	2026-3-30
shift	2026|4|31|0|30	2026-4-30
shift	2026|4|31|1|30	2026-5-30
shift	2026|4|31|2|30	2026-6-30
range	2026|4|31|31	2026-4-31 2026-6-1
days	2026|4|31|31	31
shift	2026|4|31|-2|31	2026-2-31
shift	2026|4|31|-1|31	2026-4-1
shift	2026|4|31|0|31	2026-4-31
shift	2026|4|31|1|31	2026-6-1
shift	2026|4|31|2|31	2026-6-31
range	2026|5|1|0	2026-5-1 2026-6-1
days	2026|5|1|0	30
shift	2026|5|1|-2|0	2026-3-1
shift	2026|5|1|-1|0	2026-4-1
shift	2026|5|1|0|0	2026-5-1
shift	2026|5|1|1|0	2026-6-1
shift	2026|5|1|2|0	2026-7-1
range	2026|5|1|1	2026-5-1 2026-6-1
days	2026|5|1|1	30
shift	2026|5|1|-2|1	2026-3-1
shift	2026|5|1|-1|1	2026-4-1
shift	2026|5|1|0|1	2026-5-1
shift	2026|5|1|1|1	2026-6-1
shift	2026|5|1|2|1	2026-7-1
range	2026|5|1|5	2026-4-5 2026-5-5
days	2026|5|1|5	31
shift	2026|5|1|-2|5	2026-2-5
shift	2026|5|1|-1|5	2026-3-5
shift	2026|5|1|0|5	2026-4-5
shift	2026|5|1|1|5	2026-5-5
shift	2026|5|1|2|5	2026-6-5
range	2026|5|1|15	2026-4-15 2026-5-15
days	2026|5|1|15	31
shift	2026|5|1|-2|15	2026-2-15
shift	2026|5|1|-1|15	2026-3-15
shift	2026|5|1|0|15	2026-4-15
shift	2026|5|1|1|15	2026-5-15
shift	2026|5|1|2|15	2026-6-15
range	2026|5|1|25	2026-4-25 2026-5-25
days	2026|5|1|25	31
shift	2026|5|1|-2|25	2026-2-25
shift	2026|5|1|-1|25	2026-3-25
shift	2026|5|1|0|25	2026-4-25
shift	2026|5|1|1|25	2026-5-25
shift	2026|5|1|2|25	2026-6-25
range	2026|5|1|28	2026-4-28 2026-5-28
days	2026|5|1|28	31
shift	2026|5|1|-2|28	2026-2-28
shift	2026|5|1|-1|28	2026-3-28
shift	2026|5|1|0|28	2026-4-28
shift	2026|5|1|1|28	2026-5-28
shift	2026|5|1|2|28	2026-6-28
range	2026|5|1|29	2026-4-29 2026-5-29
days	2026|5|1|29	31
shift	2026|5|1|-2|29	2026-2-29
shift	2026|5|1|-1|29	2026-3-29
shift	2026|5|1|0|29	2026-4-29
shift	2026|5|1|1|29	2026-5-29
shift	2026|5|1|2|29	2026-6-29
range	2026|5|1|30	2026-4-30 2026-5-30
days	2026|5|1|30	31
shift	2026|5|1|-2|30	2026-2-30
shift	2026|5|1|-1|30	2026-3-30
shift	2026|5|1|0|30	2026-4-30
shift	2026|5|1|1|30	2026-5-30
shift	2026|5|1|2|30	2026-6-30
range	2026|5|1|31	2026-4-31 2026-6-1
days	2026|5|1|31	31
shift	2026|5|1|-2|31	2026-2-31
shift	2026|5|1|-1|31	2026-4-1
shift	2026|5|1|0|31	2026-4-31
shift	2026|5|1|1|31	2026-6-1
shift	2026|5|1|2|31	2026-6-31
range	2026|5|5|0	2026-5-1 2026-6-1
days	2026|5|5|0	30
shift	2026|5|5|-2|0	2026-3-1
shift	2026|5|5|-1|0	2026-4-1
shift	2026|5|5|0|0	2026-5-1
shift	2026|5|5|1|0	2026-6-1
shift	2026|5|5|2|0	2026-7-1
range	2026|5|5|1	2026-5-1 2026-6-1
days	2026|5|5|1	30
shift	2026|5|5|-2|1	2026-3-1
shift	2026|5|5|-1|1	2026-4-1
shift	2026|5|5|0|1	2026-5-1
shift	2026|5|5|1|1	2026-6-1
shift	2026|5|5|2|1	2026-7-1
range	2026|5|5|5	2026-5-5 2026-6-5
days	2026|5|5|5	30
shift	2026|5|5|-2|5	2026-3-5
shift	2026|5|5|-1|5	2026-4-5
shift	2026|5|5|0|5	2026-5-5
shift	2026|5|5|1|5	2026-6-5
shift	2026|5|5|2|5	2026-7-5
range	2026|5|5|15	2026-4-15 2026-5-15
days	2026|5|5|15	31
shift	2026|5|5|-2|15	2026-2-15
shift	2026|5|5|-1|15	2026-3-15
shift	2026|5|5|0|15	2026-4-15
shift	2026|5|5|1|15	2026-5-15
shift	2026|5|5|2|15	2026-6-15
range	2026|5|5|25	2026-4-25 2026-5-25
days	2026|5|5|25	31
shift	2026|5|5|-2|25	2026-2-25
shift	2026|5|5|-1|25	2026-3-25
shift	2026|5|5|0|25	2026-4-25
shift	2026|5|5|1|25	2026-5-25
shift	2026|5|5|2|25	2026-6-25
range	2026|5|5|28	2026-4-28 2026-5-28
days	2026|5|5|28	31
shift	2026|5|5|-2|28	2026-2-28
shift	2026|5|5|-1|28	2026-3-28
shift	2026|5|5|0|28	2026-4-28
shift	2026|5|5|1|28	2026-5-28
shift	2026|5|5|2|28	2026-6-28
range	2026|5|5|29	2026-4-29 2026-5-29
days	2026|5|5|29	31
shift	2026|5|5|-2|29	2026-2-29
shift	2026|5|5|-1|29	2026-3-29
shift	2026|5|5|0|29	2026-4-29
shift	2026|5|5|1|29	2026-5-29
shift	2026|5|5|2|29	2026-6-29
range	2026|5|5|30	2026-4-30 2026-5-30
days	2026|5|5|30	31
shift	2026|5|5|-2|30	2026-2-30
shift	2026|5|5|-1|30	2026-3-30
shift	2026|5|5|0|30	2026-4-30
shift	2026|5|5|1|30	2026-5-30
shift	2026|5|5|2|30	2026-6-30
range	2026|5|5|31	2026-4-31 2026-6-1
days	2026|5|5|31	31
shift	2026|5|5|-2|31	2026-2-31
shift	2026|5|5|-1|31	2026-4-1
shift	2026|5|5|0|31	2026-4-31
shift	2026|5|5|1|31	2026-6-1
shift	2026|5|5|2|31	2026-6-31
range	2026|5|15|0	2026-5-1 2026-6-1
days	2026|5|15|0	30
shift	2026|5|15|-2|0	2026-3-1
shift	2026|5|15|-1|0	2026-4-1
shift	2026|5|15|0|0	2026-5-1
shift	2026|5|15|1|0	2026-6-1
shift	2026|5|15|2|0	2026-7-1
range	2026|5|15|1	2026-5-1 2026-6-1
days	2026|5|15|1	30
shift	2026|5|15|-2|1	2026-3-1
shift	2026|5|15|-1|1	2026-4-1
shift	2026|5|15|0|1	2026-5-1
shift	2026|5|15|1|1	2026-6-1
shift	2026|5|15|2|1	2026-7-1
range	2026|5|15|5	2026-5-5 2026-6-5
days	2026|5|15|5	30
shift	2026|5|15|-2|5	2026-3-5
shift	2026|5|15|-1|5	2026-4-5
shift	2026|5|15|0|5	2026-5-5
shift	2026|5|15|1|5	2026-6-5
shift	2026|5|15|2|5	2026-7-5
range	2026|5|15|15	2026-5-15 2026-6-15
days	2026|5|15|15	30
shift	2026|5|15|-2|15	2026-3-15
shift	2026|5|15|-1|15	2026-4-15
shift	2026|5|15|0|15	2026-5-15
shift	2026|5|15|1|15	2026-6-15
shift	2026|5|15|2|15	2026-7-15
range	2026|5|15|25	2026-4-25 2026-5-25
days	2026|5|15|25	31
shift	2026|5|15|-2|25	2026-2-25
shift	2026|5|15|-1|25	2026-3-25
shift	2026|5|15|0|25	2026-4-25
shift	2026|5|15|1|25	2026-5-25
shift	2026|5|15|2|25	2026-6-25
range	2026|5|15|28	2026-4-28 2026-5-28
days	2026|5|15|28	31
shift	2026|5|15|-2|28	2026-2-28
shift	2026|5|15|-1|28	2026-3-28
shift	2026|5|15|0|28	2026-4-28
shift	2026|5|15|1|28	2026-5-28
shift	2026|5|15|2|28	2026-6-28
range	2026|5|15|29	2026-4-29 2026-5-29
days	2026|5|15|29	31
shift	2026|5|15|-2|29	2026-2-29
shift	2026|5|15|-1|29	2026-3-29
shift	2026|5|15|0|29	2026-4-29
shift	2026|5|15|1|29	2026-5-29
shift	2026|5|15|2|29	2026-6-29
range	2026|5|15|30	2026-4-30 2026-5-30
days	2026|5|15|30	31
shift	2026|5|15|-2|30	2026-2-30
shift	2026|5|15|-1|30	2026-3-30
shift	2026|5|15|0|30	2026-4-30
shift	2026|5|15|1|30	2026-5-30
shift	2026|5|15|2|30	2026-6-30
range	2026|5|15|31	2026-4-31 2026-6-1
days	2026|5|15|31	31
shift	2026|5|15|-2|31	2026-2-31
shift	2026|5|15|-1|31	2026-4-1
shift	2026|5|15|0|31	2026-4-31
shift	2026|5|15|1|31	2026-6-1
shift	2026|5|15|2|31	2026-6-31
range	2026|5|24|0	2026-5-1 2026-6-1
days	2026|5|24|0	30
shift	2026|5|24|-2|0	2026-3-1
shift	2026|5|24|-1|0	2026-4-1
shift	2026|5|24|0|0	2026-5-1
shift	2026|5|24|1|0	2026-6-1
shift	2026|5|24|2|0	2026-7-1
range	2026|5|24|1	2026-5-1 2026-6-1
days	2026|5|24|1	30
shift	2026|5|24|-2|1	2026-3-1
shift	2026|5|24|-1|1	2026-4-1
shift	2026|5|24|0|1	2026-5-1
shift	2026|5|24|1|1	2026-6-1
shift	2026|5|24|2|1	2026-7-1
range	2026|5|24|5	2026-5-5 2026-6-5
days	2026|5|24|5	30
shift	2026|5|24|-2|5	2026-3-5
shift	2026|5|24|-1|5	2026-4-5
shift	2026|5|24|0|5	2026-5-5
shift	2026|5|24|1|5	2026-6-5
shift	2026|5|24|2|5	2026-7-5
range	2026|5|24|15	2026-5-15 2026-6-15
days	2026|5|24|15	30
shift	2026|5|24|-2|15	2026-3-15
shift	2026|5|24|-1|15	2026-4-15
shift	2026|5|24|0|15	2026-5-15
shift	2026|5|24|1|15	2026-6-15
shift	2026|5|24|2|15	2026-7-15
range	2026|5|24|25	2026-4-25 2026-5-25
days	2026|5|24|25	31
shift	2026|5|24|-2|25	2026-2-25
shift	2026|5|24|-1|25	2026-3-25
shift	2026|5|24|0|25	2026-4-25
shift	2026|5|24|1|25	2026-5-25
shift	2026|5|24|2|25	2026-6-25
range	2026|5|24|28	2026-4-28 2026-5-28
days	2026|5|24|28	31
shift	2026|5|24|-2|28	2026-2-28
shift	2026|5|24|-1|28	2026-3-28
shift	2026|5|24|0|28	2026-4-28
shift	2026|5|24|1|28	2026-5-28
shift	2026|5|24|2|28	2026-6-28
range	2026|5|24|29	2026-4-29 2026-5-29
days	2026|5|24|29	31
shift	2026|5|24|-2|29	2026-2-29
shift	2026|5|24|-1|29	2026-3-29
shift	2026|5|24|0|29	2026-4-29
shift	2026|5|24|1|29	2026-5-29
shift	2026|5|24|2|29	2026-6-29
range	2026|5|24|30	2026-4-30 2026-5-30
days	2026|5|24|30	31
shift	2026|5|24|-2|30	2026-2-30
shift	2026|5|24|-1|30	2026-3-30
shift	2026|5|24|0|30	2026-4-30
shift	2026|5|24|1|30	2026-5-30
shift	2026|5|24|2|30	2026-6-30
range	2026|5|24|31	2026-4-31 2026-6-1
days	2026|5|24|31	31
shift	2026|5|24|-2|31	2026-2-31
shift	2026|5|24|-1|31	2026-4-1
shift	2026|5|24|0|31	2026-4-31
shift	2026|5|24|1|31	2026-6-1
shift	2026|5|24|2|31	2026-6-31
range	2026|5|25|0	2026-5-1 2026-6-1
days	2026|5|25|0	30
shift	2026|5|25|-2|0	2026-3-1
shift	2026|5|25|-1|0	2026-4-1
shift	2026|5|25|0|0	2026-5-1
shift	2026|5|25|1|0	2026-6-1
shift	2026|5|25|2|0	2026-7-1
range	2026|5|25|1	2026-5-1 2026-6-1
days	2026|5|25|1	30
shift	2026|5|25|-2|1	2026-3-1
shift	2026|5|25|-1|1	2026-4-1
shift	2026|5|25|0|1	2026-5-1
shift	2026|5|25|1|1	2026-6-1
shift	2026|5|25|2|1	2026-7-1
range	2026|5|25|5	2026-5-5 2026-6-5
days	2026|5|25|5	30
shift	2026|5|25|-2|5	2026-3-5
shift	2026|5|25|-1|5	2026-4-5
shift	2026|5|25|0|5	2026-5-5
shift	2026|5|25|1|5	2026-6-5
shift	2026|5|25|2|5	2026-7-5
range	2026|5|25|15	2026-5-15 2026-6-15
days	2026|5|25|15	30
shift	2026|5|25|-2|15	2026-3-15
shift	2026|5|25|-1|15	2026-4-15
shift	2026|5|25|0|15	2026-5-15
shift	2026|5|25|1|15	2026-6-15
shift	2026|5|25|2|15	2026-7-15
range	2026|5|25|25	2026-5-25 2026-6-25
days	2026|5|25|25	30
shift	2026|5|25|-2|25	2026-3-25
shift	2026|5|25|-1|25	2026-4-25
shift	2026|5|25|0|25	2026-5-25
shift	2026|5|25|1|25	2026-6-25
shift	2026|5|25|2|25	2026-7-25
range	2026|5|25|28	2026-4-28 2026-5-28
days	2026|5|25|28	31
shift	2026|5|25|-2|28	2026-2-28
shift	2026|5|25|-1|28	2026-3-28
shift	2026|5|25|0|28	2026-4-28
shift	2026|5|25|1|28	2026-5-28
shift	2026|5|25|2|28	2026-6-28
range	2026|5|25|29	2026-4-29 2026-5-29
days	2026|5|25|29	31
shift	2026|5|25|-2|29	2026-2-29
shift	2026|5|25|-1|29	2026-3-29
shift	2026|5|25|0|29	2026-4-29
shift	2026|5|25|1|29	2026-5-29
shift	2026|5|25|2|29	2026-6-29
range	2026|5|25|30	2026-4-30 2026-5-30
days	2026|5|25|30	31
shift	2026|5|25|-2|30	2026-2-30
shift	2026|5|25|-1|30	2026-3-30
shift	2026|5|25|0|30	2026-4-30
shift	2026|5|25|1|30	2026-5-30
shift	2026|5|25|2|30	2026-6-30
range	2026|5|25|31	2026-4-31 2026-6-1
days	2026|5|25|31	31
shift	2026|5|25|-2|31	2026-2-31
shift	2026|5|25|-1|31	2026-4-1
shift	2026|5|25|0|31	2026-4-31
shift	2026|5|25|1|31	2026-6-1
shift	2026|5|25|2|31	2026-6-31
range	2026|5|26|0	2026-5-1 2026-6-1
days	2026|5|26|0	30
shift	2026|5|26|-2|0	2026-3-1
shift	2026|5|26|-1|0	2026-4-1
shift	2026|5|26|0|0	2026-5-1
shift	2026|5|26|1|0	2026-6-1
shift	2026|5|26|2|0	2026-7-1
range	2026|5|26|1	2026-5-1 2026-6-1
days	2026|5|26|1	30
shift	2026|5|26|-2|1	2026-3-1
shift	2026|5|26|-1|1	2026-4-1
shift	2026|5|26|0|1	2026-5-1
shift	2026|5|26|1|1	2026-6-1
shift	2026|5|26|2|1	2026-7-1
range	2026|5|26|5	2026-5-5 2026-6-5
days	2026|5|26|5	30
shift	2026|5|26|-2|5	2026-3-5
shift	2026|5|26|-1|5	2026-4-5
shift	2026|5|26|0|5	2026-5-5
shift	2026|5|26|1|5	2026-6-5
shift	2026|5|26|2|5	2026-7-5
range	2026|5|26|15	2026-5-15 2026-6-15
days	2026|5|26|15	30
shift	2026|5|26|-2|15	2026-3-15
shift	2026|5|26|-1|15	2026-4-15
shift	2026|5|26|0|15	2026-5-15
shift	2026|5|26|1|15	2026-6-15
shift	2026|5|26|2|15	2026-7-15
range	2026|5|26|25	2026-5-25 2026-6-25
days	2026|5|26|25	30
shift	2026|5|26|-2|25	2026-3-25
shift	2026|5|26|-1|25	2026-4-25
shift	2026|5|26|0|25	2026-5-25
shift	2026|5|26|1|25	2026-6-25
shift	2026|5|26|2|25	2026-7-25
range	2026|5|26|28	2026-4-28 2026-5-28
days	2026|5|26|28	31
shift	2026|5|26|-2|28	2026-2-28
shift	2026|5|26|-1|28	2026-3-28
shift	2026|5|26|0|28	2026-4-28
shift	2026|5|26|1|28	2026-5-28
shift	2026|5|26|2|28	2026-6-28
range	2026|5|26|29	2026-4-29 2026-5-29
days	2026|5|26|29	31
shift	2026|5|26|-2|29	2026-2-29
shift	2026|5|26|-1|29	2026-3-29
shift	2026|5|26|0|29	2026-4-29
shift	2026|5|26|1|29	2026-5-29
shift	2026|5|26|2|29	2026-6-29
range	2026|5|26|30	2026-4-30 2026-5-30
days	2026|5|26|30	31
shift	2026|5|26|-2|30	2026-2-30
shift	2026|5|26|-1|30	2026-3-30
shift	2026|5|26|0|30	2026-4-30
shift	2026|5|26|1|30	2026-5-30
shift	2026|5|26|2|30	2026-6-30
range	2026|5|26|31	2026-4-31 2026-6-1
days	2026|5|26|31	31
shift	2026|5|26|-2|31	2026-2-31
shift	2026|5|26|-1|31	2026-4-1
shift	2026|5|26|0|31	2026-4-31
shift	2026|5|26|1|31	2026-6-1
shift	2026|5|26|2|31	2026-6-31
range	2026|5|28|0	2026-5-1 2026-6-1
days	2026|5|28|0	30
shift	2026|5|28|-2|0	2026-3-1
shift	2026|5|28|-1|0	2026-4-1
shift	2026|5|28|0|0	2026-5-1
shift	2026|5|28|1|0	2026-6-1
shift	2026|5|28|2|0	2026-7-1
range	2026|5|28|1	2026-5-1 2026-6-1
days	2026|5|28|1	30
shift	2026|5|28|-2|1	2026-3-1
shift	2026|5|28|-1|1	2026-4-1
shift	2026|5|28|0|1	2026-5-1
shift	2026|5|28|1|1	2026-6-1
shift	2026|5|28|2|1	2026-7-1
range	2026|5|28|5	2026-5-5 2026-6-5
days	2026|5|28|5	30
shift	2026|5|28|-2|5	2026-3-5
shift	2026|5|28|-1|5	2026-4-5
shift	2026|5|28|0|5	2026-5-5
shift	2026|5|28|1|5	2026-6-5
shift	2026|5|28|2|5	2026-7-5
range	2026|5|28|15	2026-5-15 2026-6-15
days	2026|5|28|15	30
shift	2026|5|28|-2|15	2026-3-15
shift	2026|5|28|-1|15	2026-4-15
shift	2026|5|28|0|15	2026-5-15
shift	2026|5|28|1|15	2026-6-15
shift	2026|5|28|2|15	2026-7-15
range	2026|5|28|25	2026-5-25 2026-6-25
days	2026|5|28|25	30
shift	2026|5|28|-2|25	2026-3-25
shift	2026|5|28|-1|25	2026-4-25
shift	2026|5|28|0|25	2026-5-25
shift	2026|5|28|1|25	2026-6-25
shift	2026|5|28|2|25	2026-7-25
range	2026|5|28|28	2026-5-28 2026-6-28
days	2026|5|28|28	30
shift	2026|5|28|-2|28	2026-3-28
shift	2026|5|28|-1|28	2026-4-28
shift	2026|5|28|0|28	2026-5-28
shift	2026|5|28|1|28	2026-6-28
shift	2026|5|28|2|28	2026-7-28
range	2026|5|28|29	2026-4-29 2026-5-29
days	2026|5|28|29	31
shift	2026|5|28|-2|29	2026-2-29
shift	2026|5|28|-1|29	2026-3-29
shift	2026|5|28|0|29	2026-4-29
shift	2026|5|28|1|29	2026-5-29
shift	2026|5|28|2|29	2026-6-29
range	2026|5|28|30	2026-4-30 2026-5-30
days	2026|5|28|30	31
shift	2026|5|28|-2|30	2026-2-30
shift	2026|5|28|-1|30	2026-3-30
shift	2026|5|28|0|30	2026-4-30
shift	2026|5|28|1|30	2026-5-30
shift	2026|5|28|2|30	2026-6-30
range	2026|5|28|31	2026-4-31 2026-6-1
days	2026|5|28|31	31
shift	2026|5|28|-2|31	2026-2-31
shift	2026|5|28|-1|31	2026-4-1
shift	2026|5|28|0|31	2026-4-31
shift	2026|5|28|1|31	2026-6-1
shift	2026|5|28|2|31	2026-6-31
range	2026|5|31|0	2026-6-1 2026-7-1
days	2026|5|31|0	31
shift	2026|5|31|-2|0	2026-4-1
shift	2026|5|31|-1|0	2026-5-1
shift	2026|5|31|0|0	2026-6-1
shift	2026|5|31|1|0	2026-7-1
shift	2026|5|31|2|0	2026-8-1
range	2026|5|31|1	2026-6-1 2026-7-1
days	2026|5|31|1	31
shift	2026|5|31|-2|1	2026-4-1
shift	2026|5|31|-1|1	2026-5-1
shift	2026|5|31|0|1	2026-6-1
shift	2026|5|31|1|1	2026-7-1
shift	2026|5|31|2|1	2026-8-1
range	2026|5|31|5	2026-5-5 2026-6-5
days	2026|5|31|5	30
shift	2026|5|31|-2|5	2026-3-5
shift	2026|5|31|-1|5	2026-4-5
shift	2026|5|31|0|5	2026-5-5
shift	2026|5|31|1|5	2026-6-5
shift	2026|5|31|2|5	2026-7-5
range	2026|5|31|15	2026-5-15 2026-6-15
days	2026|5|31|15	30
shift	2026|5|31|-2|15	2026-3-15
shift	2026|5|31|-1|15	2026-4-15
shift	2026|5|31|0|15	2026-5-15
shift	2026|5|31|1|15	2026-6-15
shift	2026|5|31|2|15	2026-7-15
range	2026|5|31|25	2026-5-25 2026-6-25
days	2026|5|31|25	30
shift	2026|5|31|-2|25	2026-3-25
shift	2026|5|31|-1|25	2026-4-25
shift	2026|5|31|0|25	2026-5-25
shift	2026|5|31|1|25	2026-6-25
shift	2026|5|31|2|25	2026-7-25
range	2026|5|31|28	2026-5-28 2026-6-28
days	2026|5|31|28	30
shift	2026|5|31|-2|28	2026-3-28
shift	2026|5|31|-1|28	2026-4-28
shift	2026|5|31|0|28	2026-5-28
shift	2026|5|31|1|28	2026-6-28
shift	2026|5|31|2|28	2026-7-28
range	2026|5|31|29	2026-5-29 2026-6-29
days	2026|5|31|29	30
shift	2026|5|31|-2|29	2026-3-29
shift	2026|5|31|-1|29	2026-4-29
shift	2026|5|31|0|29	2026-5-29
shift	2026|5|31|1|29	2026-6-29
shift	2026|5|31|2|29	2026-7-29
range	2026|5|31|30	2026-5-30 2026-6-30
days	2026|5|31|30	30
shift	2026|5|31|-2|30	2026-3-30
shift	2026|5|31|-1|30	2026-4-30
shift	2026|5|31|0|30	2026-5-30
shift	2026|5|31|1|30	2026-6-30
shift	2026|5|31|2|30	2026-7-30
range	2026|5|31|31	2026-6-1 2026-7-31
days	2026|5|31|31	61
shift	2026|5|31|-2|31	2026-4-31
shift	2026|5|31|-1|31	2026-6-1
shift	2026|5|31|0|31	2026-6-31
shift	2026|5|31|1|31	2026-7-31
shift	2026|5|31|2|31	2026-9-1
range	2026|6|1|0	2026-6-1 2026-7-1
days	2026|6|1|0	31
shift	2026|6|1|-2|0	2026-4-1
shift	2026|6|1|-1|0	2026-5-1
shift	2026|6|1|0|0	2026-6-1
shift	2026|6|1|1|0	2026-7-1
shift	2026|6|1|2|0	2026-8-1
range	2026|6|1|1	2026-6-1 2026-7-1
days	2026|6|1|1	31
shift	2026|6|1|-2|1	2026-4-1
shift	2026|6|1|-1|1	2026-5-1
shift	2026|6|1|0|1	2026-6-1
shift	2026|6|1|1|1	2026-7-1
shift	2026|6|1|2|1	2026-8-1
range	2026|6|1|5	2026-5-5 2026-6-5
days	2026|6|1|5	30
shift	2026|6|1|-2|5	2026-3-5
shift	2026|6|1|-1|5	2026-4-5
shift	2026|6|1|0|5	2026-5-5
shift	2026|6|1|1|5	2026-6-5
shift	2026|6|1|2|5	2026-7-5
range	2026|6|1|15	2026-5-15 2026-6-15
days	2026|6|1|15	30
shift	2026|6|1|-2|15	2026-3-15
shift	2026|6|1|-1|15	2026-4-15
shift	2026|6|1|0|15	2026-5-15
shift	2026|6|1|1|15	2026-6-15
shift	2026|6|1|2|15	2026-7-15
range	2026|6|1|25	2026-5-25 2026-6-25
days	2026|6|1|25	30
shift	2026|6|1|-2|25	2026-3-25
shift	2026|6|1|-1|25	2026-4-25
shift	2026|6|1|0|25	2026-5-25
shift	2026|6|1|1|25	2026-6-25
shift	2026|6|1|2|25	2026-7-25
range	2026|6|1|28	2026-5-28 2026-6-28
days	2026|6|1|28	30
shift	2026|6|1|-2|28	2026-3-28
shift	2026|6|1|-1|28	2026-4-28
shift	2026|6|1|0|28	2026-5-28
shift	2026|6|1|1|28	2026-6-28
shift	2026|6|1|2|28	2026-7-28
range	2026|6|1|29	2026-5-29 2026-6-29
days	2026|6|1|29	30
shift	2026|6|1|-2|29	2026-3-29
shift	2026|6|1|-1|29	2026-4-29
shift	2026|6|1|0|29	2026-5-29
shift	2026|6|1|1|29	2026-6-29
shift	2026|6|1|2|29	2026-7-29
range	2026|6|1|30	2026-5-30 2026-6-30
days	2026|6|1|30	30
shift	2026|6|1|-2|30	2026-3-30
shift	2026|6|1|-1|30	2026-4-30
shift	2026|6|1|0|30	2026-5-30
shift	2026|6|1|1|30	2026-6-30
shift	2026|6|1|2|30	2026-7-30
range	2026|6|1|31	2026-6-1 2026-7-31
days	2026|6|1|31	61
shift	2026|6|1|-2|31	2026-4-31
shift	2026|6|1|-1|31	2026-6-1
shift	2026|6|1|0|31	2026-6-31
shift	2026|6|1|1|31	2026-7-31
shift	2026|6|1|2|31	2026-9-1
range	2026|6|5|0	2026-6-1 2026-7-1
days	2026|6|5|0	31
shift	2026|6|5|-2|0	2026-4-1
shift	2026|6|5|-1|0	2026-5-1
shift	2026|6|5|0|0	2026-6-1
shift	2026|6|5|1|0	2026-7-1
shift	2026|6|5|2|0	2026-8-1
range	2026|6|5|1	2026-6-1 2026-7-1
days	2026|6|5|1	31
shift	2026|6|5|-2|1	2026-4-1
shift	2026|6|5|-1|1	2026-5-1
shift	2026|6|5|0|1	2026-6-1
shift	2026|6|5|1|1	2026-7-1
shift	2026|6|5|2|1	2026-8-1
range	2026|6|5|5	2026-6-5 2026-7-5
days	2026|6|5|5	31
shift	2026|6|5|-2|5	2026-4-5
shift	2026|6|5|-1|5	2026-5-5
shift	2026|6|5|0|5	2026-6-5
shift	2026|6|5|1|5	2026-7-5
shift	2026|6|5|2|5	2026-8-5
range	2026|6|5|15	2026-5-15 2026-6-15
days	2026|6|5|15	30
shift	2026|6|5|-2|15	2026-3-15
shift	2026|6|5|-1|15	2026-4-15
shift	2026|6|5|0|15	2026-5-15
shift	2026|6|5|1|15	2026-6-15
shift	2026|6|5|2|15	2026-7-15
range	2026|6|5|25	2026-5-25 2026-6-25
days	2026|6|5|25	30
shift	2026|6|5|-2|25	2026-3-25
shift	2026|6|5|-1|25	2026-4-25
shift	2026|6|5|0|25	2026-5-25
shift	2026|6|5|1|25	2026-6-25
shift	2026|6|5|2|25	2026-7-25
range	2026|6|5|28	2026-5-28 2026-6-28
days	2026|6|5|28	30
shift	2026|6|5|-2|28	2026-3-28
shift	2026|6|5|-1|28	2026-4-28
shift	2026|6|5|0|28	2026-5-28
shift	2026|6|5|1|28	2026-6-28
shift	2026|6|5|2|28	2026-7-28
range	2026|6|5|29	2026-5-29 2026-6-29
days	2026|6|5|29	30
shift	2026|6|5|-2|29	2026-3-29
shift	2026|6|5|-1|29	2026-4-29
shift	2026|6|5|0|29	2026-5-29
shift	2026|6|5|1|29	2026-6-29
shift	2026|6|5|2|29	2026-7-29
range	2026|6|5|30	2026-5-30 2026-6-30
days	2026|6|5|30	30
shift	2026|6|5|-2|30	2026-3-30
shift	2026|6|5|-1|30	2026-4-30
shift	2026|6|5|0|30	2026-5-30
shift	2026|6|5|1|30	2026-6-30
shift	2026|6|5|2|30	2026-7-30
range	2026|6|5|31	2026-6-1 2026-7-31
days	2026|6|5|31	61
shift	2026|6|5|-2|31	2026-4-31
shift	2026|6|5|-1|31	2026-6-1
shift	2026|6|5|0|31	2026-6-31
shift	2026|6|5|1|31	2026-7-31
shift	2026|6|5|2|31	2026-9-1
range	2026|6|15|0	2026-6-1 2026-7-1
days	2026|6|15|0	31
shift	2026|6|15|-2|0	2026-4-1
shift	2026|6|15|-1|0	2026-5-1
shift	2026|6|15|0|0	2026-6-1
shift	2026|6|15|1|0	2026-7-1
shift	2026|6|15|2|0	2026-8-1
range	2026|6|15|1	2026-6-1 2026-7-1
days	2026|6|15|1	31
shift	2026|6|15|-2|1	2026-4-1
shift	2026|6|15|-1|1	2026-5-1
shift	2026|6|15|0|1	2026-6-1
shift	2026|6|15|1|1	2026-7-1
shift	2026|6|15|2|1	2026-8-1
range	2026|6|15|5	2026-6-5 2026-7-5
days	2026|6|15|5	31
shift	2026|6|15|-2|5	2026-4-5
shift	2026|6|15|-1|5	2026-5-5
shift	2026|6|15|0|5	2026-6-5
shift	2026|6|15|1|5	2026-7-5
shift	2026|6|15|2|5	2026-8-5
range	2026|6|15|15	2026-6-15 2026-7-15
days	2026|6|15|15	31
shift	2026|6|15|-2|15	2026-4-15
shift	2026|6|15|-1|15	2026-5-15
shift	2026|6|15|0|15	2026-6-15
shift	2026|6|15|1|15	2026-7-15
shift	2026|6|15|2|15	2026-8-15
range	2026|6|15|25	2026-5-25 2026-6-25
days	2026|6|15|25	30
shift	2026|6|15|-2|25	2026-3-25
shift	2026|6|15|-1|25	2026-4-25
shift	2026|6|15|0|25	2026-5-25
shift	2026|6|15|1|25	2026-6-25
shift	2026|6|15|2|25	2026-7-25
range	2026|6|15|28	2026-5-28 2026-6-28
days	2026|6|15|28	30
shift	2026|6|15|-2|28	2026-3-28
shift	2026|6|15|-1|28	2026-4-28
shift	2026|6|15|0|28	2026-5-28
shift	2026|6|15|1|28	2026-6-28
shift	2026|6|15|2|28	2026-7-28
range	2026|6|15|29	2026-5-29 2026-6-29
days	2026|6|15|29	30
shift	2026|6|15|-2|29	2026-3-29
shift	2026|6|15|-1|29	2026-4-29
shift	2026|6|15|0|29	2026-5-29
shift	2026|6|15|1|29	2026-6-29
shift	2026|6|15|2|29	2026-7-29
range	2026|6|15|30	2026-5-30 2026-6-30
days	2026|6|15|30	30
shift	2026|6|15|-2|30	2026-3-30
shift	2026|6|15|-1|30	2026-4-30
shift	2026|6|15|0|30	2026-5-30
shift	2026|6|15|1|30	2026-6-30
shift	2026|6|15|2|30	2026-7-30
range	2026|6|15|31	2026-6-1 2026-7-31
days	2026|6|15|31	61
shift	2026|6|15|-2|31	2026-4-31
shift	2026|6|15|-1|31	2026-6-1
shift	2026|6|15|0|31	2026-6-31
shift	2026|6|15|1|31	2026-7-31
shift	2026|6|15|2|31	2026-9-1
range	2026|6|24|0	2026-6-1 2026-7-1
days	2026|6|24|0	31
shift	2026|6|24|-2|0	2026-4-1
shift	2026|6|24|-1|0	2026-5-1
shift	2026|6|24|0|0	2026-6-1
shift	2026|6|24|1|0	2026-7-1
shift	2026|6|24|2|0	2026-8-1
range	2026|6|24|1	2026-6-1 2026-7-1
days	2026|6|24|1	31
shift	2026|6|24|-2|1	2026-4-1
shift	2026|6|24|-1|1	2026-5-1
shift	2026|6|24|0|1	2026-6-1
shift	2026|6|24|1|1	2026-7-1
shift	2026|6|24|2|1	2026-8-1
range	2026|6|24|5	2026-6-5 2026-7-5
days	2026|6|24|5	31
shift	2026|6|24|-2|5	2026-4-5
shift	2026|6|24|-1|5	2026-5-5
shift	2026|6|24|0|5	2026-6-5
shift	2026|6|24|1|5	2026-7-5
shift	2026|6|24|2|5	2026-8-5
range	2026|6|24|15	2026-6-15 2026-7-15
days	2026|6|24|15	31
shift	2026|6|24|-2|15	2026-4-15
shift	2026|6|24|-1|15	2026-5-15
shift	2026|6|24|0|15	2026-6-15
shift	2026|6|24|1|15	2026-7-15
shift	2026|6|24|2|15	2026-8-15
range	2026|6|24|25	2026-5-25 2026-6-25
days	2026|6|24|25	30
shift	2026|6|24|-2|25	2026-3-25
shift	2026|6|24|-1|25	2026-4-25
shift	2026|6|24|0|25	2026-5-25
shift	2026|6|24|1|25	2026-6-25
shift	2026|6|24|2|25	2026-7-25
range	2026|6|24|28	2026-5-28 2026-6-28
days	2026|6|24|28	30
shift	2026|6|24|-2|28	2026-3-28
shift	2026|6|24|-1|28	2026-4-28
shift	2026|6|24|0|28	2026-5-28
shift	2026|6|24|1|28	2026-6-28
shift	2026|6|24|2|28	2026-7-28
range	2026|6|24|29	2026-5-29 2026-6-29
days	2026|6|24|29	30
shift	2026|6|24|-2|29	2026-3-29
shift	2026|6|24|-1|29	2026-4-29
shift	2026|6|24|0|29	2026-5-29
shift	2026|6|24|1|29	2026-6-29
shift	2026|6|24|2|29	2026-7-29
range	2026|6|24|30	2026-5-30 2026-6-30
days	2026|6|24|30	30
shift	2026|6|24|-2|30	2026-3-30
shift	2026|6|24|-1|30	2026-4-30
shift	2026|6|24|0|30	2026-5-30
shift	2026|6|24|1|30	2026-6-30
shift	2026|6|24|2|30	2026-7-30
range	2026|6|24|31	2026-6-1 2026-7-31
days	2026|6|24|31	61
shift	2026|6|24|-2|31	2026-4-31
shift	2026|6|24|-1|31	2026-6-1
shift	2026|6|24|0|31	2026-6-31
shift	2026|6|24|1|31	2026-7-31
shift	2026|6|24|2|31	2026-9-1
range	2026|6|25|0	2026-6-1 2026-7-1
days	2026|6|25|0	31
shift	2026|6|25|-2|0	2026-4-1
shift	2026|6|25|-1|0	2026-5-1
shift	2026|6|25|0|0	2026-6-1
shift	2026|6|25|1|0	2026-7-1
shift	2026|6|25|2|0	2026-8-1
range	2026|6|25|1	2026-6-1 2026-7-1
days	2026|6|25|1	31
shift	2026|6|25|-2|1	2026-4-1
shift	2026|6|25|-1|1	2026-5-1
shift	2026|6|25|0|1	2026-6-1
shift	2026|6|25|1|1	2026-7-1
shift	2026|6|25|2|1	2026-8-1
range	2026|6|25|5	2026-6-5 2026-7-5
days	2026|6|25|5	31
shift	2026|6|25|-2|5	2026-4-5
shift	2026|6|25|-1|5	2026-5-5
shift	2026|6|25|0|5	2026-6-5
shift	2026|6|25|1|5	2026-7-5
shift	2026|6|25|2|5	2026-8-5
range	2026|6|25|15	2026-6-15 2026-7-15
days	2026|6|25|15	31
shift	2026|6|25|-2|15	2026-4-15
shift	2026|6|25|-1|15	2026-5-15
shift	2026|6|25|0|15	2026-6-15
shift	2026|6|25|1|15	2026-7-15
shift	2026|6|25|2|15	2026-8-15
range	2026|6|25|25	2026-6-25 2026-7-25
days	2026|6|25|25	31
shift	2026|6|25|-2|25	2026-4-25
shift	2026|6|25|-1|25	2026-5-25
shift	2026|6|25|0|25	2026-6-25
shift	2026|6|25|1|25	2026-7-25
shift	2026|6|25|2|25	2026-8-25
range	2026|6|25|28	2026-5-28 2026-6-28
days	2026|6|25|28	30
shift	2026|6|25|-2|28	2026-3-28
shift	2026|6|25|-1|28	2026-4-28
shift	2026|6|25|0|28	2026-5-28
shift	2026|6|25|1|28	2026-6-28
shift	2026|6|25|2|28	2026-7-28
range	2026|6|25|29	2026-5-29 2026-6-29
days	2026|6|25|29	30
shift	2026|6|25|-2|29	2026-3-29
shift	2026|6|25|-1|29	2026-4-29
shift	2026|6|25|0|29	2026-5-29
shift	2026|6|25|1|29	2026-6-29
shift	2026|6|25|2|29	2026-7-29
range	2026|6|25|30	2026-5-30 2026-6-30
days	2026|6|25|30	30
shift	2026|6|25|-2|30	2026-3-30
shift	2026|6|25|-1|30	2026-4-30
shift	2026|6|25|0|30	2026-5-30
shift	2026|6|25|1|30	2026-6-30
shift	2026|6|25|2|30	2026-7-30
range	2026|6|25|31	2026-6-1 2026-7-31
days	2026|6|25|31	61
shift	2026|6|25|-2|31	2026-4-31
shift	2026|6|25|-1|31	2026-6-1
shift	2026|6|25|0|31	2026-6-31
shift	2026|6|25|1|31	2026-7-31
shift	2026|6|25|2|31	2026-9-1
range	2026|6|26|0	2026-6-1 2026-7-1
days	2026|6|26|0	31
shift	2026|6|26|-2|0	2026-4-1
shift	2026|6|26|-1|0	2026-5-1
shift	2026|6|26|0|0	2026-6-1
shift	2026|6|26|1|0	2026-7-1
shift	2026|6|26|2|0	2026-8-1
range	2026|6|26|1	2026-6-1 2026-7-1
days	2026|6|26|1	31
shift	2026|6|26|-2|1	2026-4-1
shift	2026|6|26|-1|1	2026-5-1
shift	2026|6|26|0|1	2026-6-1
shift	2026|6|26|1|1	2026-7-1
shift	2026|6|26|2|1	2026-8-1
range	2026|6|26|5	2026-6-5 2026-7-5
days	2026|6|26|5	31
shift	2026|6|26|-2|5	2026-4-5
shift	2026|6|26|-1|5	2026-5-5
shift	2026|6|26|0|5	2026-6-5
shift	2026|6|26|1|5	2026-7-5
shift	2026|6|26|2|5	2026-8-5
range	2026|6|26|15	2026-6-15 2026-7-15
days	2026|6|26|15	31
shift	2026|6|26|-2|15	2026-4-15
shift	2026|6|26|-1|15	2026-5-15
shift	2026|6|26|0|15	2026-6-15
shift	2026|6|26|1|15	2026-7-15
shift	2026|6|26|2|15	2026-8-15
range	2026|6|26|25	2026-6-25 2026-7-25
days	2026|6|26|25	31
shift	2026|6|26|-2|25	2026-4-25
shift	2026|6|26|-1|25	2026-5-25
shift	2026|6|26|0|25	2026-6-25
shift	2026|6|26|1|25	2026-7-25
shift	2026|6|26|2|25	2026-8-25
range	2026|6|26|28	2026-5-28 2026-6-28
days	2026|6|26|28	30
shift	2026|6|26|-2|28	2026-3-28
shift	2026|6|26|-1|28	2026-4-28
shift	2026|6|26|0|28	2026-5-28
shift	2026|6|26|1|28	2026-6-28
shift	2026|6|26|2|28	2026-7-28
range	2026|6|26|29	2026-5-29 2026-6-29
days	2026|6|26|29	30
shift	2026|6|26|-2|29	2026-3-29
shift	2026|6|26|-1|29	2026-4-29
shift	2026|6|26|0|29	2026-5-29
shift	2026|6|26|1|29	2026-6-29
shift	2026|6|26|2|29	2026-7-29
range	2026|6|26|30	2026-5-30 2026-6-30
days	2026|6|26|30	30
shift	2026|6|26|-2|30	2026-3-30
shift	2026|6|26|-1|30	2026-4-30
shift	2026|6|26|0|30	2026-5-30
shift	2026|6|26|1|30	2026-6-30
shift	2026|6|26|2|30	2026-7-30
range	2026|6|26|31	2026-6-1 2026-7-31
days	2026|6|26|31	61
shift	2026|6|26|-2|31	2026-4-31
shift	2026|6|26|-1|31	2026-6-1
shift	2026|6|26|0|31	2026-6-31
shift	2026|6|26|1|31	2026-7-31
shift	2026|6|26|2|31	2026-9-1
range	2026|6|28|0	2026-6-1 2026-7-1
days	2026|6|28|0	31
shift	2026|6|28|-2|0	2026-4-1
shift	2026|6|28|-1|0	2026-5-1
shift	2026|6|28|0|0	2026-6-1
shift	2026|6|28|1|0	2026-7-1
shift	2026|6|28|2|0	2026-8-1
range	2026|6|28|1	2026-6-1 2026-7-1
days	2026|6|28|1	31
shift	2026|6|28|-2|1	2026-4-1
shift	2026|6|28|-1|1	2026-5-1
shift	2026|6|28|0|1	2026-6-1
shift	2026|6|28|1|1	2026-7-1
shift	2026|6|28|2|1	2026-8-1
range	2026|6|28|5	2026-6-5 2026-7-5
days	2026|6|28|5	31
shift	2026|6|28|-2|5	2026-4-5
shift	2026|6|28|-1|5	2026-5-5
shift	2026|6|28|0|5	2026-6-5
shift	2026|6|28|1|5	2026-7-5
shift	2026|6|28|2|5	2026-8-5
range	2026|6|28|15	2026-6-15 2026-7-15
days	2026|6|28|15	31
shift	2026|6|28|-2|15	2026-4-15
shift	2026|6|28|-1|15	2026-5-15
shift	2026|6|28|0|15	2026-6-15
shift	2026|6|28|1|15	2026-7-15
shift	2026|6|28|2|15	2026-8-15
range	2026|6|28|25	2026-6-25 2026-7-25
days	2026|6|28|25	31
shift	2026|6|28|-2|25	2026-4-25
shift	2026|6|28|-1|25	2026-5-25
shift	2026|6|28|0|25	2026-6-25
shift	2026|6|28|1|25	2026-7-25
shift	2026|6|28|2|25	2026-8-25
range	2026|6|28|28	2026-6-28 2026-7-28
days	2026|6|28|28	31
shift	2026|6|28|-2|28	2026-4-28
shift	2026|6|28|-1|28	2026-5-28
shift	2026|6|28|0|28	2026-6-28
shift	2026|6|28|1|28	2026-7-28
shift	2026|6|28|2|28	2026-8-28
range	2026|6|28|29	2026-5-29 2026-6-29
days	2026|6|28|29	30
shift	2026|6|28|-2|29	2026-3-29
shift	2026|6|28|-1|29	2026-4-29
shift	2026|6|28|0|29	2026-5-29
shift	2026|6|28|1|29	2026-6-29
shift	2026|6|28|2|29	2026-7-29
range	2026|6|28|30	2026-5-30 2026-6-30
days	2026|6|28|30	30
shift	2026|6|28|-2|30	2026-3-30
shift	2026|6|28|-1|30	2026-4-30
shift	2026|6|28|0|30	2026-5-30
shift	2026|6|28|1|30	2026-6-30
shift	2026|6|28|2|30	2026-7-30
range	2026|6|28|31	2026-6-1 2026-7-31
days	2026|6|28|31	61
shift	2026|6|28|-2|31	2026-4-31
shift	2026|6|28|-1|31	2026-6-1
shift	2026|6|28|0|31	2026-6-31
shift	2026|6|28|1|31	2026-7-31
shift	2026|6|28|2|31	2026-9-1
range	2026|6|31|0	2026-6-1 2026-7-1
days	2026|6|31|0	31
shift	2026|6|31|-2|0	2026-4-1
shift	2026|6|31|-1|0	2026-5-1
shift	2026|6|31|0|0	2026-6-1
shift	2026|6|31|1|0	2026-7-1
shift	2026|6|31|2|0	2026-8-1
range	2026|6|31|1	2026-6-1 2026-7-1
days	2026|6|31|1	31
shift	2026|6|31|-2|1	2026-4-1
shift	2026|6|31|-1|1	2026-5-1
shift	2026|6|31|0|1	2026-6-1
shift	2026|6|31|1|1	2026-7-1
shift	2026|6|31|2|1	2026-8-1
range	2026|6|31|5	2026-6-5 2026-7-5
days	2026|6|31|5	31
shift	2026|6|31|-2|5	2026-4-5
shift	2026|6|31|-1|5	2026-5-5
shift	2026|6|31|0|5	2026-6-5
shift	2026|6|31|1|5	2026-7-5
shift	2026|6|31|2|5	2026-8-5
range	2026|6|31|15	2026-6-15 2026-7-15
days	2026|6|31|15	31
shift	2026|6|31|-2|15	2026-4-15
shift	2026|6|31|-1|15	2026-5-15
shift	2026|6|31|0|15	2026-6-15
shift	2026|6|31|1|15	2026-7-15
shift	2026|6|31|2|15	2026-8-15
range	2026|6|31|25	2026-6-25 2026-7-25
days	2026|6|31|25	31
shift	2026|6|31|-2|25	2026-4-25
shift	2026|6|31|-1|25	2026-5-25
shift	2026|6|31|0|25	2026-6-25
shift	2026|6|31|1|25	2026-7-25
shift	2026|6|31|2|25	2026-8-25
range	2026|6|31|28	2026-6-28 2026-7-28
days	2026|6|31|28	31
shift	2026|6|31|-2|28	2026-4-28
shift	2026|6|31|-1|28	2026-5-28
shift	2026|6|31|0|28	2026-6-28
shift	2026|6|31|1|28	2026-7-28
shift	2026|6|31|2|28	2026-8-28
range	2026|6|31|29	2026-6-29 2026-7-29
days	2026|6|31|29	31
shift	2026|6|31|-2|29	2026-4-29
shift	2026|6|31|-1|29	2026-5-29
shift	2026|6|31|0|29	2026-6-29
shift	2026|6|31|1|29	2026-7-29
shift	2026|6|31|2|29	2026-8-29
range	2026|6|31|30	2026-6-30 2026-7-30
days	2026|6|31|30	31
shift	2026|6|31|-2|30	2026-4-30
shift	2026|6|31|-1|30	2026-5-30
shift	2026|6|31|0|30	2026-6-30
shift	2026|6|31|1|30	2026-7-30
shift	2026|6|31|2|30	2026-8-30
range	2026|6|31|31	2026-6-31 2026-7-31
days	2026|6|31|31	31
shift	2026|6|31|-2|31	2026-4-31
shift	2026|6|31|-1|31	2026-6-1
shift	2026|6|31|0|31	2026-6-31
shift	2026|6|31|1|31	2026-7-31
shift	2026|6|31|2|31	2026-9-1
range	2026|7|1|0	2026-7-1 2026-8-1
days	2026|7|1|0	31
shift	2026|7|1|-2|0	2026-5-1
shift	2026|7|1|-1|0	2026-6-1
shift	2026|7|1|0|0	2026-7-1
shift	2026|7|1|1|0	2026-8-1
shift	2026|7|1|2|0	2026-9-1
range	2026|7|1|1	2026-7-1 2026-8-1
days	2026|7|1|1	31
shift	2026|7|1|-2|1	2026-5-1
shift	2026|7|1|-1|1	2026-6-1
shift	2026|7|1|0|1	2026-7-1
shift	2026|7|1|1|1	2026-8-1
shift	2026|7|1|2|1	2026-9-1
range	2026|7|1|5	2026-6-5 2026-7-5
days	2026|7|1|5	31
shift	2026|7|1|-2|5	2026-4-5
shift	2026|7|1|-1|5	2026-5-5
shift	2026|7|1|0|5	2026-6-5
shift	2026|7|1|1|5	2026-7-5
shift	2026|7|1|2|5	2026-8-5
range	2026|7|1|15	2026-6-15 2026-7-15
days	2026|7|1|15	31
shift	2026|7|1|-2|15	2026-4-15
shift	2026|7|1|-1|15	2026-5-15
shift	2026|7|1|0|15	2026-6-15
shift	2026|7|1|1|15	2026-7-15
shift	2026|7|1|2|15	2026-8-15
range	2026|7|1|25	2026-6-25 2026-7-25
days	2026|7|1|25	31
shift	2026|7|1|-2|25	2026-4-25
shift	2026|7|1|-1|25	2026-5-25
shift	2026|7|1|0|25	2026-6-25
shift	2026|7|1|1|25	2026-7-25
shift	2026|7|1|2|25	2026-8-25
range	2026|7|1|28	2026-6-28 2026-7-28
days	2026|7|1|28	31
shift	2026|7|1|-2|28	2026-4-28
shift	2026|7|1|-1|28	2026-5-28
shift	2026|7|1|0|28	2026-6-28
shift	2026|7|1|1|28	2026-7-28
shift	2026|7|1|2|28	2026-8-28
range	2026|7|1|29	2026-6-29 2026-7-29
days	2026|7|1|29	31
shift	2026|7|1|-2|29	2026-4-29
shift	2026|7|1|-1|29	2026-5-29
shift	2026|7|1|0|29	2026-6-29
shift	2026|7|1|1|29	2026-7-29
shift	2026|7|1|2|29	2026-8-29
range	2026|7|1|30	2026-6-30 2026-7-30
days	2026|7|1|30	31
shift	2026|7|1|-2|30	2026-4-30
shift	2026|7|1|-1|30	2026-5-30
shift	2026|7|1|0|30	2026-6-30
shift	2026|7|1|1|30	2026-7-30
shift	2026|7|1|2|30	2026-8-30
range	2026|7|1|31	2026-6-31 2026-7-31
days	2026|7|1|31	31
shift	2026|7|1|-2|31	2026-4-31
shift	2026|7|1|-1|31	2026-6-1
shift	2026|7|1|0|31	2026-6-31
shift	2026|7|1|1|31	2026-7-31
shift	2026|7|1|2|31	2026-9-1
range	2026|7|5|0	2026-7-1 2026-8-1
days	2026|7|5|0	31
shift	2026|7|5|-2|0	2026-5-1
shift	2026|7|5|-1|0	2026-6-1
shift	2026|7|5|0|0	2026-7-1
shift	2026|7|5|1|0	2026-8-1
shift	2026|7|5|2|0	2026-9-1
range	2026|7|5|1	2026-7-1 2026-8-1
days	2026|7|5|1	31
shift	2026|7|5|-2|1	2026-5-1
shift	2026|7|5|-1|1	2026-6-1
shift	2026|7|5|0|1	2026-7-1
shift	2026|7|5|1|1	2026-8-1
shift	2026|7|5|2|1	2026-9-1
range	2026|7|5|5	2026-7-5 2026-8-5
days	2026|7|5|5	31
shift	2026|7|5|-2|5	2026-5-5
shift	2026|7|5|-1|5	2026-6-5
shift	2026|7|5|0|5	2026-7-5
shift	2026|7|5|1|5	2026-8-5
shift	2026|7|5|2|5	2026-9-5
range	2026|7|5|15	2026-6-15 2026-7-15
days	2026|7|5|15	31
shift	2026|7|5|-2|15	2026-4-15
shift	2026|7|5|-1|15	2026-5-15
shift	2026|7|5|0|15	2026-6-15
shift	2026|7|5|1|15	2026-7-15
shift	2026|7|5|2|15	2026-8-15
range	2026|7|5|25	2026-6-25 2026-7-25
days	2026|7|5|25	31
shift	2026|7|5|-2|25	2026-4-25
shift	2026|7|5|-1|25	2026-5-25
shift	2026|7|5|0|25	2026-6-25
shift	2026|7|5|1|25	2026-7-25
shift	2026|7|5|2|25	2026-8-25
range	2026|7|5|28	2026-6-28 2026-7-28
days	2026|7|5|28	31
shift	2026|7|5|-2|28	2026-4-28
shift	2026|7|5|-1|28	2026-5-28
shift	2026|7|5|0|28	2026-6-28
shift	2026|7|5|1|28	2026-7-28
shift	2026|7|5|2|28	2026-8-28
range	2026|7|5|29	2026-6-29 2026-7-29
days	2026|7|5|29	31
shift	2026|7|5|-2|29	2026-4-29
shift	2026|7|5|-1|29	2026-5-29
shift	2026|7|5|0|29	2026-6-29
shift	2026|7|5|1|29	2026-7-29
shift	2026|7|5|2|29	2026-8-29
range	2026|7|5|30	2026-6-30 2026-7-30
days	2026|7|5|30	31
shift	2026|7|5|-2|30	2026-4-30
shift	2026|7|5|-1|30	2026-5-30
shift	2026|7|5|0|30	2026-6-30
shift	2026|7|5|1|30	2026-7-30
shift	2026|7|5|2|30	2026-8-30
range	2026|7|5|31	2026-6-31 2026-7-31
days	2026|7|5|31	31
shift	2026|7|5|-2|31	2026-4-31
shift	2026|7|5|-1|31	2026-6-1
shift	2026|7|5|0|31	2026-6-31
shift	2026|7|5|1|31	2026-7-31
shift	2026|7|5|2|31	2026-9-1
range	2026|7|15|0	2026-7-1 2026-8-1
days	2026|7|15|0	31
shift	2026|7|15|-2|0	2026-5-1
shift	2026|7|15|-1|0	2026-6-1
shift	2026|7|15|0|0	2026-7-1
shift	2026|7|15|1|0	2026-8-1
shift	2026|7|15|2|0	2026-9-1
range	2026|7|15|1	2026-7-1 2026-8-1
days	2026|7|15|1	31
shift	2026|7|15|-2|1	2026-5-1
shift	2026|7|15|-1|1	2026-6-1
shift	2026|7|15|0|1	2026-7-1
shift	2026|7|15|1|1	2026-8-1
shift	2026|7|15|2|1	2026-9-1
range	2026|7|15|5	2026-7-5 2026-8-5
days	2026|7|15|5	31
shift	2026|7|15|-2|5	2026-5-5
shift	2026|7|15|-1|5	2026-6-5
shift	2026|7|15|0|5	2026-7-5
shift	2026|7|15|1|5	2026-8-5
shift	2026|7|15|2|5	2026-9-5
range	2026|7|15|15	2026-7-15 2026-8-15
days	2026|7|15|15	31
shift	2026|7|15|-2|15	2026-5-15
shift	2026|7|15|-1|15	2026-6-15
shift	2026|7|15|0|15	2026-7-15
shift	2026|7|15|1|15	2026-8-15
shift	2026|7|15|2|15	2026-9-15
range	2026|7|15|25	2026-6-25 2026-7-25
days	2026|7|15|25	31
shift	2026|7|15|-2|25	2026-4-25
shift	2026|7|15|-1|25	2026-5-25
shift	2026|7|15|0|25	2026-6-25
shift	2026|7|15|1|25	2026-7-25
shift	2026|7|15|2|25	2026-8-25
range	2026|7|15|28	2026-6-28 2026-7-28
days	2026|7|15|28	31
shift	2026|7|15|-2|28	2026-4-28
shift	2026|7|15|-1|28	2026-5-28
shift	2026|7|15|0|28	2026-6-28
shift	2026|7|15|1|28	2026-7-28
shift	2026|7|15|2|28	2026-8-28
range	2026|7|15|29	2026-6-29 2026-7-29
days	2026|7|15|29	31
shift	2026|7|15|-2|29	2026-4-29
shift	2026|7|15|-1|29	2026-5-29
shift	2026|7|15|0|29	2026-6-29
shift	2026|7|15|1|29	2026-7-29
shift	2026|7|15|2|29	2026-8-29
range	2026|7|15|30	2026-6-30 2026-7-30
days	2026|7|15|30	31
shift	2026|7|15|-2|30	2026-4-30
shift	2026|7|15|-1|30	2026-5-30
shift	2026|7|15|0|30	2026-6-30
shift	2026|7|15|1|30	2026-7-30
shift	2026|7|15|2|30	2026-8-30
range	2026|7|15|31	2026-6-31 2026-7-31
days	2026|7|15|31	31
shift	2026|7|15|-2|31	2026-4-31
shift	2026|7|15|-1|31	2026-6-1
shift	2026|7|15|0|31	2026-6-31
shift	2026|7|15|1|31	2026-7-31
shift	2026|7|15|2|31	2026-9-1
range	2026|7|24|0	2026-7-1 2026-8-1
days	2026|7|24|0	31
shift	2026|7|24|-2|0	2026-5-1
shift	2026|7|24|-1|0	2026-6-1
shift	2026|7|24|0|0	2026-7-1
shift	2026|7|24|1|0	2026-8-1
shift	2026|7|24|2|0	2026-9-1
range	2026|7|24|1	2026-7-1 2026-8-1
days	2026|7|24|1	31
shift	2026|7|24|-2|1	2026-5-1
shift	2026|7|24|-1|1	2026-6-1
shift	2026|7|24|0|1	2026-7-1
shift	2026|7|24|1|1	2026-8-1
shift	2026|7|24|2|1	2026-9-1
range	2026|7|24|5	2026-7-5 2026-8-5
days	2026|7|24|5	31
shift	2026|7|24|-2|5	2026-5-5
shift	2026|7|24|-1|5	2026-6-5
shift	2026|7|24|0|5	2026-7-5
shift	2026|7|24|1|5	2026-8-5
shift	2026|7|24|2|5	2026-9-5
range	2026|7|24|15	2026-7-15 2026-8-15
days	2026|7|24|15	31
shift	2026|7|24|-2|15	2026-5-15
shift	2026|7|24|-1|15	2026-6-15
shift	2026|7|24|0|15	2026-7-15
shift	2026|7|24|1|15	2026-8-15
shift	2026|7|24|2|15	2026-9-15
range	2026|7|24|25	2026-6-25 2026-7-25
days	2026|7|24|25	31
shift	2026|7|24|-2|25	2026-4-25
shift	2026|7|24|-1|25	2026-5-25
shift	2026|7|24|0|25	2026-6-25
shift	2026|7|24|1|25	2026-7-25
shift	2026|7|24|2|25	2026-8-25
range	2026|7|24|28	2026-6-28 2026-7-28
days	2026|7|24|28	31
shift	2026|7|24|-2|28	2026-4-28
shift	2026|7|24|-1|28	2026-5-28
shift	2026|7|24|0|28	2026-6-28
shift	2026|7|24|1|28	2026-7-28
shift	2026|7|24|2|28	2026-8-28
range	2026|7|24|29	2026-6-29 2026-7-29
days	2026|7|24|29	31
shift	2026|7|24|-2|29	2026-4-29
shift	2026|7|24|-1|29	2026-5-29
shift	2026|7|24|0|29	2026-6-29
shift	2026|7|24|1|29	2026-7-29
shift	2026|7|24|2|29	2026-8-29
range	2026|7|24|30	2026-6-30 2026-7-30
days	2026|7|24|30	31
shift	2026|7|24|-2|30	2026-4-30
shift	2026|7|24|-1|30	2026-5-30
shift	2026|7|24|0|30	2026-6-30
shift	2026|7|24|1|30	2026-7-30
shift	2026|7|24|2|30	2026-8-30
range	2026|7|24|31	2026-6-31 2026-7-31
days	2026|7|24|31	31
shift	2026|7|24|-2|31	2026-4-31
shift	2026|7|24|-1|31	2026-6-1
shift	2026|7|24|0|31	2026-6-31
shift	2026|7|24|1|31	2026-7-31
shift	2026|7|24|2|31	2026-9-1
range	2026|7|25|0	2026-7-1 2026-8-1
days	2026|7|25|0	31
shift	2026|7|25|-2|0	2026-5-1
shift	2026|7|25|-1|0	2026-6-1
shift	2026|7|25|0|0	2026-7-1
shift	2026|7|25|1|0	2026-8-1
shift	2026|7|25|2|0	2026-9-1
range	2026|7|25|1	2026-7-1 2026-8-1
days	2026|7|25|1	31
shift	2026|7|25|-2|1	2026-5-1
shift	2026|7|25|-1|1	2026-6-1
shift	2026|7|25|0|1	2026-7-1
shift	2026|7|25|1|1	2026-8-1
shift	2026|7|25|2|1	2026-9-1
range	2026|7|25|5	2026-7-5 2026-8-5
days	2026|7|25|5	31
shift	2026|7|25|-2|5	2026-5-5
shift	2026|7|25|-1|5	2026-6-5
shift	2026|7|25|0|5	2026-7-5
shift	2026|7|25|1|5	2026-8-5
shift	2026|7|25|2|5	2026-9-5
range	2026|7|25|15	2026-7-15 2026-8-15
days	2026|7|25|15	31
shift	2026|7|25|-2|15	2026-5-15
shift	2026|7|25|-1|15	2026-6-15
shift	2026|7|25|0|15	2026-7-15
shift	2026|7|25|1|15	2026-8-15
shift	2026|7|25|2|15	2026-9-15
range	2026|7|25|25	2026-7-25 2026-8-25
days	2026|7|25|25	31
shift	2026|7|25|-2|25	2026-5-25
shift	2026|7|25|-1|25	2026-6-25
shift	2026|7|25|0|25	2026-7-25
shift	2026|7|25|1|25	2026-8-25
shift	2026|7|25|2|25	2026-9-25
range	2026|7|25|28	2026-6-28 2026-7-28
days	2026|7|25|28	31
shift	2026|7|25|-2|28	2026-4-28
shift	2026|7|25|-1|28	2026-5-28
shift	2026|7|25|0|28	2026-6-28
shift	2026|7|25|1|28	2026-7-28
shift	2026|7|25|2|28	2026-8-28
range	2026|7|25|29	2026-6-29 2026-7-29
days	2026|7|25|29	31
shift	2026|7|25|-2|29	2026-4-29
shift	2026|7|25|-1|29	2026-5-29
shift	2026|7|25|0|29	2026-6-29
shift	2026|7|25|1|29	2026-7-29
shift	2026|7|25|2|29	2026-8-29
range	2026|7|25|30	2026-6-30 2026-7-30
days	2026|7|25|30	31
shift	2026|7|25|-2|30	2026-4-30
shift	2026|7|25|-1|30	2026-5-30
shift	2026|7|25|0|30	2026-6-30
shift	2026|7|25|1|30	2026-7-30
shift	2026|7|25|2|30	2026-8-30
range	2026|7|25|31	2026-6-31 2026-7-31
days	2026|7|25|31	31
shift	2026|7|25|-2|31	2026-4-31
shift	2026|7|25|-1|31	2026-6-1
shift	2026|7|25|0|31	2026-6-31
shift	2026|7|25|1|31	2026-7-31
shift	2026|7|25|2|31	2026-9-1
range	2026|7|26|0	2026-7-1 2026-8-1
days	2026|7|26|0	31
shift	2026|7|26|-2|0	2026-5-1
shift	2026|7|26|-1|0	2026-6-1
shift	2026|7|26|0|0	2026-7-1
shift	2026|7|26|1|0	2026-8-1
shift	2026|7|26|2|0	2026-9-1
range	2026|7|26|1	2026-7-1 2026-8-1
days	2026|7|26|1	31
shift	2026|7|26|-2|1	2026-5-1
shift	2026|7|26|-1|1	2026-6-1
shift	2026|7|26|0|1	2026-7-1
shift	2026|7|26|1|1	2026-8-1
shift	2026|7|26|2|1	2026-9-1
range	2026|7|26|5	2026-7-5 2026-8-5
days	2026|7|26|5	31
shift	2026|7|26|-2|5	2026-5-5
shift	2026|7|26|-1|5	2026-6-5
shift	2026|7|26|0|5	2026-7-5
shift	2026|7|26|1|5	2026-8-5
shift	2026|7|26|2|5	2026-9-5
range	2026|7|26|15	2026-7-15 2026-8-15
days	2026|7|26|15	31
shift	2026|7|26|-2|15	2026-5-15
shift	2026|7|26|-1|15	2026-6-15
shift	2026|7|26|0|15	2026-7-15
shift	2026|7|26|1|15	2026-8-15
shift	2026|7|26|2|15	2026-9-15
range	2026|7|26|25	2026-7-25 2026-8-25
days	2026|7|26|25	31
shift	2026|7|26|-2|25	2026-5-25
shift	2026|7|26|-1|25	2026-6-25
shift	2026|7|26|0|25	2026-7-25
shift	2026|7|26|1|25	2026-8-25
shift	2026|7|26|2|25	2026-9-25
range	2026|7|26|28	2026-6-28 2026-7-28
days	2026|7|26|28	31
shift	2026|7|26|-2|28	2026-4-28
shift	2026|7|26|-1|28	2026-5-28
shift	2026|7|26|0|28	2026-6-28
shift	2026|7|26|1|28	2026-7-28
shift	2026|7|26|2|28	2026-8-28
range	2026|7|26|29	2026-6-29 2026-7-29
days	2026|7|26|29	31
shift	2026|7|26|-2|29	2026-4-29
shift	2026|7|26|-1|29	2026-5-29
shift	2026|7|26|0|29	2026-6-29
shift	2026|7|26|1|29	2026-7-29
shift	2026|7|26|2|29	2026-8-29
range	2026|7|26|30	2026-6-30 2026-7-30
days	2026|7|26|30	31
shift	2026|7|26|-2|30	2026-4-30
shift	2026|7|26|-1|30	2026-5-30
shift	2026|7|26|0|30	2026-6-30
shift	2026|7|26|1|30	2026-7-30
shift	2026|7|26|2|30	2026-8-30
range	2026|7|26|31	2026-6-31 2026-7-31
days	2026|7|26|31	31
shift	2026|7|26|-2|31	2026-4-31
shift	2026|7|26|-1|31	2026-6-1
shift	2026|7|26|0|31	2026-6-31
shift	2026|7|26|1|31	2026-7-31
shift	2026|7|26|2|31	2026-9-1
range	2026|7|28|0	2026-7-1 2026-8-1
days	2026|7|28|0	31
shift	2026|7|28|-2|0	2026-5-1
shift	2026|7|28|-1|0	2026-6-1
shift	2026|7|28|0|0	2026-7-1
shift	2026|7|28|1|0	2026-8-1
shift	2026|7|28|2|0	2026-9-1
range	2026|7|28|1	2026-7-1 2026-8-1
days	2026|7|28|1	31
shift	2026|7|28|-2|1	2026-5-1
shift	2026|7|28|-1|1	2026-6-1
shift	2026|7|28|0|1	2026-7-1
shift	2026|7|28|1|1	2026-8-1
shift	2026|7|28|2|1	2026-9-1
range	2026|7|28|5	2026-7-5 2026-8-5
days	2026|7|28|5	31
shift	2026|7|28|-2|5	2026-5-5
shift	2026|7|28|-1|5	2026-6-5
shift	2026|7|28|0|5	2026-7-5
shift	2026|7|28|1|5	2026-8-5
shift	2026|7|28|2|5	2026-9-5
range	2026|7|28|15	2026-7-15 2026-8-15
days	2026|7|28|15	31
shift	2026|7|28|-2|15	2026-5-15
shift	2026|7|28|-1|15	2026-6-15
shift	2026|7|28|0|15	2026-7-15
shift	2026|7|28|1|15	2026-8-15
shift	2026|7|28|2|15	2026-9-15
range	2026|7|28|25	2026-7-25 2026-8-25
days	2026|7|28|25	31
shift	2026|7|28|-2|25	2026-5-25
shift	2026|7|28|-1|25	2026-6-25
shift	2026|7|28|0|25	2026-7-25
shift	2026|7|28|1|25	2026-8-25
shift	2026|7|28|2|25	2026-9-25
range	2026|7|28|28	2026-7-28 2026-8-28
days	2026|7|28|28	31
shift	2026|7|28|-2|28	2026-5-28
shift	2026|7|28|-1|28	2026-6-28
shift	2026|7|28|0|28	2026-7-28
shift	2026|7|28|1|28	2026-8-28
shift	2026|7|28|2|28	2026-9-28
range	2026|7|28|29	2026-6-29 2026-7-29
days	2026|7|28|29	31
shift	2026|7|28|-2|29	2026-4-29
shift	2026|7|28|-1|29	2026-5-29
shift	2026|7|28|0|29	2026-6-29
shift	2026|7|28|1|29	2026-7-29
shift	2026|7|28|2|29	2026-8-29
range	2026|7|28|30	2026-6-30 2026-7-30
days	2026|7|28|30	31
shift	2026|7|28|-2|30	2026-4-30
shift	2026|7|28|-1|30	2026-5-30
shift	2026|7|28|0|30	2026-6-30
shift	2026|7|28|1|30	2026-7-30
shift	2026|7|28|2|30	2026-8-30
range	2026|7|28|31	2026-6-31 2026-7-31
days	2026|7|28|31	31
shift	2026|7|28|-2|31	2026-4-31
shift	2026|7|28|-1|31	2026-6-1
shift	2026|7|28|0|31	2026-6-31
shift	2026|7|28|1|31	2026-7-31
shift	2026|7|28|2|31	2026-9-1
range	2026|7|31|0	2026-7-1 2026-8-1
days	2026|7|31|0	31
shift	2026|7|31|-2|0	2026-5-1
shift	2026|7|31|-1|0	2026-6-1
shift	2026|7|31|0|0	2026-7-1
shift	2026|7|31|1|0	2026-8-1
shift	2026|7|31|2|0	2026-9-1
range	2026|7|31|1	2026-7-1 2026-8-1
days	2026|7|31|1	31
shift	2026|7|31|-2|1	2026-5-1
shift	2026|7|31|-1|1	2026-6-1
shift	2026|7|31|0|1	2026-7-1
shift	2026|7|31|1|1	2026-8-1
shift	2026|7|31|2|1	2026-9-1
range	2026|7|31|5	2026-7-5 2026-8-5
days	2026|7|31|5	31
shift	2026|7|31|-2|5	2026-5-5
shift	2026|7|31|-1|5	2026-6-5
shift	2026|7|31|0|5	2026-7-5
shift	2026|7|31|1|5	2026-8-5
shift	2026|7|31|2|5	2026-9-5
range	2026|7|31|15	2026-7-15 2026-8-15
days	2026|7|31|15	31
shift	2026|7|31|-2|15	2026-5-15
shift	2026|7|31|-1|15	2026-6-15
shift	2026|7|31|0|15	2026-7-15
shift	2026|7|31|1|15	2026-8-15
shift	2026|7|31|2|15	2026-9-15
range	2026|7|31|25	2026-7-25 2026-8-25
days	2026|7|31|25	31
shift	2026|7|31|-2|25	2026-5-25
shift	2026|7|31|-1|25	2026-6-25
shift	2026|7|31|0|25	2026-7-25
shift	2026|7|31|1|25	2026-8-25
shift	2026|7|31|2|25	2026-9-25
range	2026|7|31|28	2026-7-28 2026-8-28
days	2026|7|31|28	31
shift	2026|7|31|-2|28	2026-5-28
shift	2026|7|31|-1|28	2026-6-28
shift	2026|7|31|0|28	2026-7-28
shift	2026|7|31|1|28	2026-8-28
shift	2026|7|31|2|28	2026-9-28
range	2026|7|31|29	2026-7-29 2026-8-29
days	2026|7|31|29	31
shift	2026|7|31|-2|29	2026-5-29
shift	2026|7|31|-1|29	2026-6-29
shift	2026|7|31|0|29	2026-7-29
shift	2026|7|31|1|29	2026-8-29
shift	2026|7|31|2|29	2026-9-29
range	2026|7|31|30	2026-7-30 2026-8-30
days	2026|7|31|30	31
shift	2026|7|31|-2|30	2026-5-30
shift	2026|7|31|-1|30	2026-6-30
shift	2026|7|31|0|30	2026-7-30
shift	2026|7|31|1|30	2026-8-30
shift	2026|7|31|2|30	2026-9-30
range	2026|7|31|31	2026-7-31 2026-9-1
days	2026|7|31|31	31
shift	2026|7|31|-2|31	2026-6-1
shift	2026|7|31|-1|31	2026-6-31
shift	2026|7|31|0|31	2026-7-31
shift	2026|7|31|1|31	2026-9-1
shift	2026|7|31|2|31	2026-9-31
range	2026|8|1|0	2026-8-1 2026-9-1
days	2026|8|1|0	30
shift	2026|8|1|-2|0	2026-6-1
shift	2026|8|1|-1|0	2026-7-1
shift	2026|8|1|0|0	2026-8-1
shift	2026|8|1|1|0	2026-9-1
shift	2026|8|1|2|0	2026-10-1
range	2026|8|1|1	2026-8-1 2026-9-1
days	2026|8|1|1	30
shift	2026|8|1|-2|1	2026-6-1
shift	2026|8|1|-1|1	2026-7-1
shift	2026|8|1|0|1	2026-8-1
shift	2026|8|1|1|1	2026-9-1
shift	2026|8|1|2|1	2026-10-1
range	2026|8|1|5	2026-7-5 2026-8-5
days	2026|8|1|5	31
shift	2026|8|1|-2|5	2026-5-5
shift	2026|8|1|-1|5	2026-6-5
shift	2026|8|1|0|5	2026-7-5
shift	2026|8|1|1|5	2026-8-5
shift	2026|8|1|2|5	2026-9-5
range	2026|8|1|15	2026-7-15 2026-8-15
days	2026|8|1|15	31
shift	2026|8|1|-2|15	2026-5-15
shift	2026|8|1|-1|15	2026-6-15
shift	2026|8|1|0|15	2026-7-15
shift	2026|8|1|1|15	2026-8-15
shift	2026|8|1|2|15	2026-9-15
range	2026|8|1|25	2026-7-25 2026-8-25
days	2026|8|1|25	31
shift	2026|8|1|-2|25	2026-5-25
shift	2026|8|1|-1|25	2026-6-25
shift	2026|8|1|0|25	2026-7-25
shift	2026|8|1|1|25	2026-8-25
shift	2026|8|1|2|25	2026-9-25
range	2026|8|1|28	2026-7-28 2026-8-28
days	2026|8|1|28	31
shift	2026|8|1|-2|28	2026-5-28
shift	2026|8|1|-1|28	2026-6-28
shift	2026|8|1|0|28	2026-7-28
shift	2026|8|1|1|28	2026-8-28
shift	2026|8|1|2|28	2026-9-28
range	2026|8|1|29	2026-7-29 2026-8-29
days	2026|8|1|29	31
shift	2026|8|1|-2|29	2026-5-29
shift	2026|8|1|-1|29	2026-6-29
shift	2026|8|1|0|29	2026-7-29
shift	2026|8|1|1|29	2026-8-29
shift	2026|8|1|2|29	2026-9-29
range	2026|8|1|30	2026-7-30 2026-8-30
days	2026|8|1|30	31
shift	2026|8|1|-2|30	2026-5-30
shift	2026|8|1|-1|30	2026-6-30
shift	2026|8|1|0|30	2026-7-30
shift	2026|8|1|1|30	2026-8-30
shift	2026|8|1|2|30	2026-9-30
range	2026|8|1|31	2026-7-31 2026-9-1
days	2026|8|1|31	31
shift	2026|8|1|-2|31	2026-6-1
shift	2026|8|1|-1|31	2026-6-31
shift	2026|8|1|0|31	2026-7-31
shift	2026|8|1|1|31	2026-9-1
shift	2026|8|1|2|31	2026-9-31
range	2026|8|5|0	2026-8-1 2026-9-1
days	2026|8|5|0	30
shift	2026|8|5|-2|0	2026-6-1
shift	2026|8|5|-1|0	2026-7-1
shift	2026|8|5|0|0	2026-8-1
shift	2026|8|5|1|0	2026-9-1
shift	2026|8|5|2|0	2026-10-1
range	2026|8|5|1	2026-8-1 2026-9-1
days	2026|8|5|1	30
shift	2026|8|5|-2|1	2026-6-1
shift	2026|8|5|-1|1	2026-7-1
shift	2026|8|5|0|1	2026-8-1
shift	2026|8|5|1|1	2026-9-1
shift	2026|8|5|2|1	2026-10-1
range	2026|8|5|5	2026-8-5 2026-9-5
days	2026|8|5|5	30
shift	2026|8|5|-2|5	2026-6-5
shift	2026|8|5|-1|5	2026-7-5
shift	2026|8|5|0|5	2026-8-5
shift	2026|8|5|1|5	2026-9-5
shift	2026|8|5|2|5	2026-10-5
range	2026|8|5|15	2026-7-15 2026-8-15
days	2026|8|5|15	31
shift	2026|8|5|-2|15	2026-5-15
shift	2026|8|5|-1|15	2026-6-15
shift	2026|8|5|0|15	2026-7-15
shift	2026|8|5|1|15	2026-8-15
shift	2026|8|5|2|15	2026-9-15
range	2026|8|5|25	2026-7-25 2026-8-25
days	2026|8|5|25	31
shift	2026|8|5|-2|25	2026-5-25
shift	2026|8|5|-1|25	2026-6-25
shift	2026|8|5|0|25	2026-7-25
shift	2026|8|5|1|25	2026-8-25
shift	2026|8|5|2|25	2026-9-25
range	2026|8|5|28	2026-7-28 2026-8-28
days	2026|8|5|28	31
shift	2026|8|5|-2|28	2026-5-28
shift	2026|8|5|-1|28	2026-6-28
shift	2026|8|5|0|28	2026-7-28
shift	2026|8|5|1|28	2026-8-28
shift	2026|8|5|2|28	2026-9-28
range	2026|8|5|29	2026-7-29 2026-8-29
days	2026|8|5|29	31
shift	2026|8|5|-2|29	2026-5-29
shift	2026|8|5|-1|29	2026-6-29
shift	2026|8|5|0|29	2026-7-29
shift	2026|8|5|1|29	2026-8-29
shift	2026|8|5|2|29	2026-9-29
range	2026|8|5|30	2026-7-30 2026-8-30
days	2026|8|5|30	31
shift	2026|8|5|-2|30	2026-5-30
shift	2026|8|5|-1|30	2026-6-30
shift	2026|8|5|0|30	2026-7-30
shift	2026|8|5|1|30	2026-8-30
shift	2026|8|5|2|30	2026-9-30
range	2026|8|5|31	2026-7-31 2026-9-1
days	2026|8|5|31	31
shift	2026|8|5|-2|31	2026-6-1
shift	2026|8|5|-1|31	2026-6-31
shift	2026|8|5|0|31	2026-7-31
shift	2026|8|5|1|31	2026-9-1
shift	2026|8|5|2|31	2026-9-31
range	2026|8|15|0	2026-8-1 2026-9-1
days	2026|8|15|0	30
shift	2026|8|15|-2|0	2026-6-1
shift	2026|8|15|-1|0	2026-7-1
shift	2026|8|15|0|0	2026-8-1
shift	2026|8|15|1|0	2026-9-1
shift	2026|8|15|2|0	2026-10-1
range	2026|8|15|1	2026-8-1 2026-9-1
days	2026|8|15|1	30
shift	2026|8|15|-2|1	2026-6-1
shift	2026|8|15|-1|1	2026-7-1
shift	2026|8|15|0|1	2026-8-1
shift	2026|8|15|1|1	2026-9-1
shift	2026|8|15|2|1	2026-10-1
range	2026|8|15|5	2026-8-5 2026-9-5
days	2026|8|15|5	30
shift	2026|8|15|-2|5	2026-6-5
shift	2026|8|15|-1|5	2026-7-5
shift	2026|8|15|0|5	2026-8-5
shift	2026|8|15|1|5	2026-9-5
shift	2026|8|15|2|5	2026-10-5
range	2026|8|15|15	2026-8-15 2026-9-15
days	2026|8|15|15	30
shift	2026|8|15|-2|15	2026-6-15
shift	2026|8|15|-1|15	2026-7-15
shift	2026|8|15|0|15	2026-8-15
shift	2026|8|15|1|15	2026-9-15
shift	2026|8|15|2|15	2026-10-15
range	2026|8|15|25	2026-7-25 2026-8-25
days	2026|8|15|25	31
shift	2026|8|15|-2|25	2026-5-25
shift	2026|8|15|-1|25	2026-6-25
shift	2026|8|15|0|25	2026-7-25
shift	2026|8|15|1|25	2026-8-25
shift	2026|8|15|2|25	2026-9-25
range	2026|8|15|28	2026-7-28 2026-8-28
days	2026|8|15|28	31
shift	2026|8|15|-2|28	2026-5-28
shift	2026|8|15|-1|28	2026-6-28
shift	2026|8|15|0|28	2026-7-28
shift	2026|8|15|1|28	2026-8-28
shift	2026|8|15|2|28	2026-9-28
range	2026|8|15|29	2026-7-29 2026-8-29
days	2026|8|15|29	31
shift	2026|8|15|-2|29	2026-5-29
shift	2026|8|15|-1|29	2026-6-29
shift	2026|8|15|0|29	2026-7-29
shift	2026|8|15|1|29	2026-8-29
shift	2026|8|15|2|29	2026-9-29
range	2026|8|15|30	2026-7-30 2026-8-30
days	2026|8|15|30	31
shift	2026|8|15|-2|30	2026-5-30
shift	2026|8|15|-1|30	2026-6-30
shift	2026|8|15|0|30	2026-7-30
shift	2026|8|15|1|30	2026-8-30
shift	2026|8|15|2|30	2026-9-30
range	2026|8|15|31	2026-7-31 2026-9-1
days	2026|8|15|31	31
shift	2026|8|15|-2|31	2026-6-1
shift	2026|8|15|-1|31	2026-6-31
shift	2026|8|15|0|31	2026-7-31
shift	2026|8|15|1|31	2026-9-1
shift	2026|8|15|2|31	2026-9-31
range	2026|8|24|0	2026-8-1 2026-9-1
days	2026|8|24|0	30
shift	2026|8|24|-2|0	2026-6-1
shift	2026|8|24|-1|0	2026-7-1
shift	2026|8|24|0|0	2026-8-1
shift	2026|8|24|1|0	2026-9-1
shift	2026|8|24|2|0	2026-10-1
range	2026|8|24|1	2026-8-1 2026-9-1
days	2026|8|24|1	30
shift	2026|8|24|-2|1	2026-6-1
shift	2026|8|24|-1|1	2026-7-1
shift	2026|8|24|0|1	2026-8-1
shift	2026|8|24|1|1	2026-9-1
shift	2026|8|24|2|1	2026-10-1
range	2026|8|24|5	2026-8-5 2026-9-5
days	2026|8|24|5	30
shift	2026|8|24|-2|5	2026-6-5
shift	2026|8|24|-1|5	2026-7-5
shift	2026|8|24|0|5	2026-8-5
shift	2026|8|24|1|5	2026-9-5
shift	2026|8|24|2|5	2026-10-5
range	2026|8|24|15	2026-8-15 2026-9-15
days	2026|8|24|15	30
shift	2026|8|24|-2|15	2026-6-15
shift	2026|8|24|-1|15	2026-7-15
shift	2026|8|24|0|15	2026-8-15
shift	2026|8|24|1|15	2026-9-15
shift	2026|8|24|2|15	2026-10-15
range	2026|8|24|25	2026-7-25 2026-8-25
days	2026|8|24|25	31
shift	2026|8|24|-2|25	2026-5-25
shift	2026|8|24|-1|25	2026-6-25
shift	2026|8|24|0|25	2026-7-25
shift	2026|8|24|1|25	2026-8-25
shift	2026|8|24|2|25	2026-9-25
range	2026|8|24|28	2026-7-28 2026-8-28
days	2026|8|24|28	31
shift	2026|8|24|-2|28	2026-5-28
shift	2026|8|24|-1|28	2026-6-28
shift	2026|8|24|0|28	2026-7-28
shift	2026|8|24|1|28	2026-8-28
shift	2026|8|24|2|28	2026-9-28
range	2026|8|24|29	2026-7-29 2026-8-29
days	2026|8|24|29	31
shift	2026|8|24|-2|29	2026-5-29
shift	2026|8|24|-1|29	2026-6-29
shift	2026|8|24|0|29	2026-7-29
shift	2026|8|24|1|29	2026-8-29
shift	2026|8|24|2|29	2026-9-29
range	2026|8|24|30	2026-7-30 2026-8-30
days	2026|8|24|30	31
shift	2026|8|24|-2|30	2026-5-30
shift	2026|8|24|-1|30	2026-6-30
shift	2026|8|24|0|30	2026-7-30
shift	2026|8|24|1|30	2026-8-30
shift	2026|8|24|2|30	2026-9-30
range	2026|8|24|31	2026-7-31 2026-9-1
days	2026|8|24|31	31
shift	2026|8|24|-2|31	2026-6-1
shift	2026|8|24|-1|31	2026-6-31
shift	2026|8|24|0|31	2026-7-31
shift	2026|8|24|1|31	2026-9-1
shift	2026|8|24|2|31	2026-9-31
range	2026|8|25|0	2026-8-1 2026-9-1
days	2026|8|25|0	30
shift	2026|8|25|-2|0	2026-6-1
shift	2026|8|25|-1|0	2026-7-1
shift	2026|8|25|0|0	2026-8-1
shift	2026|8|25|1|0	2026-9-1
shift	2026|8|25|2|0	2026-10-1
range	2026|8|25|1	2026-8-1 2026-9-1
days	2026|8|25|1	30
shift	2026|8|25|-2|1	2026-6-1
shift	2026|8|25|-1|1	2026-7-1
shift	2026|8|25|0|1	2026-8-1
shift	2026|8|25|1|1	2026-9-1
shift	2026|8|25|2|1	2026-10-1
range	2026|8|25|5	2026-8-5 2026-9-5
days	2026|8|25|5	30
shift	2026|8|25|-2|5	2026-6-5
shift	2026|8|25|-1|5	2026-7-5
shift	2026|8|25|0|5	2026-8-5
shift	2026|8|25|1|5	2026-9-5
shift	2026|8|25|2|5	2026-10-5
range	2026|8|25|15	2026-8-15 2026-9-15
days	2026|8|25|15	30
shift	2026|8|25|-2|15	2026-6-15
shift	2026|8|25|-1|15	2026-7-15
shift	2026|8|25|0|15	2026-8-15
shift	2026|8|25|1|15	2026-9-15
shift	2026|8|25|2|15	2026-10-15
range	2026|8|25|25	2026-8-25 2026-9-25
days	2026|8|25|25	30
shift	2026|8|25|-2|25	2026-6-25
shift	2026|8|25|-1|25	2026-7-25
shift	2026|8|25|0|25	2026-8-25
shift	2026|8|25|1|25	2026-9-25
shift	2026|8|25|2|25	2026-10-25
range	2026|8|25|28	2026-7-28 2026-8-28
days	2026|8|25|28	31
shift	2026|8|25|-2|28	2026-5-28
shift	2026|8|25|-1|28	2026-6-28
shift	2026|8|25|0|28	2026-7-28
shift	2026|8|25|1|28	2026-8-28
shift	2026|8|25|2|28	2026-9-28
range	2026|8|25|29	2026-7-29 2026-8-29
days	2026|8|25|29	31
shift	2026|8|25|-2|29	2026-5-29
shift	2026|8|25|-1|29	2026-6-29
shift	2026|8|25|0|29	2026-7-29
shift	2026|8|25|1|29	2026-8-29
shift	2026|8|25|2|29	2026-9-29
range	2026|8|25|30	2026-7-30 2026-8-30
days	2026|8|25|30	31
shift	2026|8|25|-2|30	2026-5-30
shift	2026|8|25|-1|30	2026-6-30
shift	2026|8|25|0|30	2026-7-30
shift	2026|8|25|1|30	2026-8-30
shift	2026|8|25|2|30	2026-9-30
range	2026|8|25|31	2026-7-31 2026-9-1
days	2026|8|25|31	31
shift	2026|8|25|-2|31	2026-6-1
shift	2026|8|25|-1|31	2026-6-31
shift	2026|8|25|0|31	2026-7-31
shift	2026|8|25|1|31	2026-9-1
shift	2026|8|25|2|31	2026-9-31
range	2026|8|26|0	2026-8-1 2026-9-1
days	2026|8|26|0	30
shift	2026|8|26|-2|0	2026-6-1
shift	2026|8|26|-1|0	2026-7-1
shift	2026|8|26|0|0	2026-8-1
shift	2026|8|26|1|0	2026-9-1
shift	2026|8|26|2|0	2026-10-1
range	2026|8|26|1	2026-8-1 2026-9-1
days	2026|8|26|1	30
shift	2026|8|26|-2|1	2026-6-1
shift	2026|8|26|-1|1	2026-7-1
shift	2026|8|26|0|1	2026-8-1
shift	2026|8|26|1|1	2026-9-1
shift	2026|8|26|2|1	2026-10-1
range	2026|8|26|5	2026-8-5 2026-9-5
days	2026|8|26|5	30
shift	2026|8|26|-2|5	2026-6-5
shift	2026|8|26|-1|5	2026-7-5
shift	2026|8|26|0|5	2026-8-5
shift	2026|8|26|1|5	2026-9-5
shift	2026|8|26|2|5	2026-10-5
range	2026|8|26|15	2026-8-15 2026-9-15
days	2026|8|26|15	30
shift	2026|8|26|-2|15	2026-6-15
shift	2026|8|26|-1|15	2026-7-15
shift	2026|8|26|0|15	2026-8-15
shift	2026|8|26|1|15	2026-9-15
shift	2026|8|26|2|15	2026-10-15
range	2026|8|26|25	2026-8-25 2026-9-25
days	2026|8|26|25	30
shift	2026|8|26|-2|25	2026-6-25
shift	2026|8|26|-1|25	2026-7-25
shift	2026|8|26|0|25	2026-8-25
shift	2026|8|26|1|25	2026-9-25
shift	2026|8|26|2|25	2026-10-25
range	2026|8|26|28	2026-7-28 2026-8-28
days	2026|8|26|28	31
shift	2026|8|26|-2|28	2026-5-28
shift	2026|8|26|-1|28	2026-6-28
shift	2026|8|26|0|28	2026-7-28
shift	2026|8|26|1|28	2026-8-28
shift	2026|8|26|2|28	2026-9-28
range	2026|8|26|29	2026-7-29 2026-8-29
days	2026|8|26|29	31
shift	2026|8|26|-2|29	2026-5-29
shift	2026|8|26|-1|29	2026-6-29
shift	2026|8|26|0|29	2026-7-29
shift	2026|8|26|1|29	2026-8-29
shift	2026|8|26|2|29	2026-9-29
range	2026|8|26|30	2026-7-30 2026-8-30
days	2026|8|26|30	31
shift	2026|8|26|-2|30	2026-5-30
shift	2026|8|26|-1|30	2026-6-30
shift	2026|8|26|0|30	2026-7-30
shift	2026|8|26|1|30	2026-8-30
shift	2026|8|26|2|30	2026-9-30
range	2026|8|26|31	2026-7-31 2026-9-1
days	2026|8|26|31	31
shift	2026|8|26|-2|31	2026-6-1
shift	2026|8|26|-1|31	2026-6-31
shift	2026|8|26|0|31	2026-7-31
shift	2026|8|26|1|31	2026-9-1
shift	2026|8|26|2|31	2026-9-31
range	2026|8|28|0	2026-8-1 2026-9-1
days	2026|8|28|0	30
shift	2026|8|28|-2|0	2026-6-1
shift	2026|8|28|-1|0	2026-7-1
shift	2026|8|28|0|0	2026-8-1
shift	2026|8|28|1|0	2026-9-1
shift	2026|8|28|2|0	2026-10-1
range	2026|8|28|1	2026-8-1 2026-9-1
days	2026|8|28|1	30
shift	2026|8|28|-2|1	2026-6-1
shift	2026|8|28|-1|1	2026-7-1
shift	2026|8|28|0|1	2026-8-1
shift	2026|8|28|1|1	2026-9-1
shift	2026|8|28|2|1	2026-10-1
range	2026|8|28|5	2026-8-5 2026-9-5
days	2026|8|28|5	30
shift	2026|8|28|-2|5	2026-6-5
shift	2026|8|28|-1|5	2026-7-5
shift	2026|8|28|0|5	2026-8-5
shift	2026|8|28|1|5	2026-9-5
shift	2026|8|28|2|5	2026-10-5
range	2026|8|28|15	2026-8-15 2026-9-15
days	2026|8|28|15	30
shift	2026|8|28|-2|15	2026-6-15
shift	2026|8|28|-1|15	2026-7-15
shift	2026|8|28|0|15	2026-8-15
shift	2026|8|28|1|15	2026-9-15
shift	2026|8|28|2|15	2026-10-15
range	2026|8|28|25	2026-8-25 2026-9-25
days	2026|8|28|25	30
shift	2026|8|28|-2|25	2026-6-25
shift	2026|8|28|-1|25	2026-7-25
shift	2026|8|28|0|25	2026-8-25
shift	2026|8|28|1|25	2026-9-25
shift	2026|8|28|2|25	2026-10-25
range	2026|8|28|28	2026-8-28 2026-9-28
days	2026|8|28|28	30
shift	2026|8|28|-2|28	2026-6-28
shift	2026|8|28|-1|28	2026-7-28
shift	2026|8|28|0|28	2026-8-28
shift	2026|8|28|1|28	2026-9-28
shift	2026|8|28|2|28	2026-10-28
range	2026|8|28|29	2026-7-29 2026-8-29
days	2026|8|28|29	31
shift	2026|8|28|-2|29	2026-5-29
shift	2026|8|28|-1|29	2026-6-29
shift	2026|8|28|0|29	2026-7-29
shift	2026|8|28|1|29	2026-8-29
shift	2026|8|28|2|29	2026-9-29
range	2026|8|28|30	2026-7-30 2026-8-30
days	2026|8|28|30	31
shift	2026|8|28|-2|30	2026-5-30
shift	2026|8|28|-1|30	2026-6-30
shift	2026|8|28|0|30	2026-7-30
shift	2026|8|28|1|30	2026-8-30
shift	2026|8|28|2|30	2026-9-30
range	2026|8|28|31	2026-7-31 2026-9-1
days	2026|8|28|31	31
shift	2026|8|28|-2|31	2026-6-1
shift	2026|8|28|-1|31	2026-6-31
shift	2026|8|28|0|31	2026-7-31
shift	2026|8|28|1|31	2026-9-1
shift	2026|8|28|2|31	2026-9-31
range	2026|8|31|0	2026-9-1 2026-10-1
days	2026|8|31|0	31
shift	2026|8|31|-2|0	2026-7-1
shift	2026|8|31|-1|0	2026-8-1
shift	2026|8|31|0|0	2026-9-1
shift	2026|8|31|1|0	2026-10-1
shift	2026|8|31|2|0	2026-11-1
range	2026|8|31|1	2026-9-1 2026-10-1
days	2026|8|31|1	31
shift	2026|8|31|-2|1	2026-7-1
shift	2026|8|31|-1|1	2026-8-1
shift	2026|8|31|0|1	2026-9-1
shift	2026|8|31|1|1	2026-10-1
shift	2026|8|31|2|1	2026-11-1
range	2026|8|31|5	2026-8-5 2026-9-5
days	2026|8|31|5	30
shift	2026|8|31|-2|5	2026-6-5
shift	2026|8|31|-1|5	2026-7-5
shift	2026|8|31|0|5	2026-8-5
shift	2026|8|31|1|5	2026-9-5
shift	2026|8|31|2|5	2026-10-5
range	2026|8|31|15	2026-8-15 2026-9-15
days	2026|8|31|15	30
shift	2026|8|31|-2|15	2026-6-15
shift	2026|8|31|-1|15	2026-7-15
shift	2026|8|31|0|15	2026-8-15
shift	2026|8|31|1|15	2026-9-15
shift	2026|8|31|2|15	2026-10-15
range	2026|8|31|25	2026-8-25 2026-9-25
days	2026|8|31|25	30
shift	2026|8|31|-2|25	2026-6-25
shift	2026|8|31|-1|25	2026-7-25
shift	2026|8|31|0|25	2026-8-25
shift	2026|8|31|1|25	2026-9-25
shift	2026|8|31|2|25	2026-10-25
range	2026|8|31|28	2026-8-28 2026-9-28
days	2026|8|31|28	30
shift	2026|8|31|-2|28	2026-6-28
shift	2026|8|31|-1|28	2026-7-28
shift	2026|8|31|0|28	2026-8-28
shift	2026|8|31|1|28	2026-9-28
shift	2026|8|31|2|28	2026-10-28
range	2026|8|31|29	2026-8-29 2026-9-29
days	2026|8|31|29	30
shift	2026|8|31|-2|29	2026-6-29
shift	2026|8|31|-1|29	2026-7-29
shift	2026|8|31|0|29	2026-8-29
shift	2026|8|31|1|29	2026-9-29
shift	2026|8|31|2|29	2026-10-29
range	2026|8|31|30	2026-8-30 2026-9-30
days	2026|8|31|30	30
shift	2026|8|31|-2|30	2026-6-30
shift	2026|8|31|-1|30	2026-7-30
shift	2026|8|31|0|30	2026-8-30
shift	2026|8|31|1|30	2026-9-30
shift	2026|8|31|2|30	2026-10-30
range	2026|8|31|31	2026-9-1 2026-11-1
days	2026|8|31|31	61
shift	2026|8|31|-2|31	2026-7-31
shift	2026|8|31|-1|31	2026-9-1
shift	2026|8|31|0|31	2026-9-31
shift	2026|8|31|1|31	2026-11-1
shift	2026|8|31|2|31	2026-11-31
range	2026|9|1|0	2026-9-1 2026-10-1
days	2026|9|1|0	31
shift	2026|9|1|-2|0	2026-7-1
shift	2026|9|1|-1|0	2026-8-1
shift	2026|9|1|0|0	2026-9-1
shift	2026|9|1|1|0	2026-10-1
shift	2026|9|1|2|0	2026-11-1
range	2026|9|1|1	2026-9-1 2026-10-1
days	2026|9|1|1	31
shift	2026|9|1|-2|1	2026-7-1
shift	2026|9|1|-1|1	2026-8-1
shift	2026|9|1|0|1	2026-9-1
shift	2026|9|1|1|1	2026-10-1
shift	2026|9|1|2|1	2026-11-1
range	2026|9|1|5	2026-8-5 2026-9-5
days	2026|9|1|5	30
shift	2026|9|1|-2|5	2026-6-5
shift	2026|9|1|-1|5	2026-7-5
shift	2026|9|1|0|5	2026-8-5
shift	2026|9|1|1|5	2026-9-5
shift	2026|9|1|2|5	2026-10-5
range	2026|9|1|15	2026-8-15 2026-9-15
days	2026|9|1|15	30
shift	2026|9|1|-2|15	2026-6-15
shift	2026|9|1|-1|15	2026-7-15
shift	2026|9|1|0|15	2026-8-15
shift	2026|9|1|1|15	2026-9-15
shift	2026|9|1|2|15	2026-10-15
range	2026|9|1|25	2026-8-25 2026-9-25
days	2026|9|1|25	30
shift	2026|9|1|-2|25	2026-6-25
shift	2026|9|1|-1|25	2026-7-25
shift	2026|9|1|0|25	2026-8-25
shift	2026|9|1|1|25	2026-9-25
shift	2026|9|1|2|25	2026-10-25
range	2026|9|1|28	2026-8-28 2026-9-28
days	2026|9|1|28	30
shift	2026|9|1|-2|28	2026-6-28
shift	2026|9|1|-1|28	2026-7-28
shift	2026|9|1|0|28	2026-8-28
shift	2026|9|1|1|28	2026-9-28
shift	2026|9|1|2|28	2026-10-28
range	2026|9|1|29	2026-8-29 2026-9-29
days	2026|9|1|29	30
shift	2026|9|1|-2|29	2026-6-29
shift	2026|9|1|-1|29	2026-7-29
shift	2026|9|1|0|29	2026-8-29
shift	2026|9|1|1|29	2026-9-29
shift	2026|9|1|2|29	2026-10-29
range	2026|9|1|30	2026-8-30 2026-9-30
days	2026|9|1|30	30
shift	2026|9|1|-2|30	2026-6-30
shift	2026|9|1|-1|30	2026-7-30
shift	2026|9|1|0|30	2026-8-30
shift	2026|9|1|1|30	2026-9-30
shift	2026|9|1|2|30	2026-10-30
range	2026|9|1|31	2026-9-1 2026-11-1
days	2026|9|1|31	61
shift	2026|9|1|-2|31	2026-7-31
shift	2026|9|1|-1|31	2026-9-1
shift	2026|9|1|0|31	2026-9-31
shift	2026|9|1|1|31	2026-11-1
shift	2026|9|1|2|31	2026-11-31
range	2026|9|5|0	2026-9-1 2026-10-1
days	2026|9|5|0	31
shift	2026|9|5|-2|0	2026-7-1
shift	2026|9|5|-1|0	2026-8-1
shift	2026|9|5|0|0	2026-9-1
shift	2026|9|5|1|0	2026-10-1
shift	2026|9|5|2|0	2026-11-1
range	2026|9|5|1	2026-9-1 2026-10-1
days	2026|9|5|1	31
shift	2026|9|5|-2|1	2026-7-1
shift	2026|9|5|-1|1	2026-8-1
shift	2026|9|5|0|1	2026-9-1
shift	2026|9|5|1|1	2026-10-1
shift	2026|9|5|2|1	2026-11-1
range	2026|9|5|5	2026-9-5 2026-10-5
days	2026|9|5|5	31
shift	2026|9|5|-2|5	2026-7-5
shift	2026|9|5|-1|5	2026-8-5
shift	2026|9|5|0|5	2026-9-5
shift	2026|9|5|1|5	2026-10-5
shift	2026|9|5|2|5	2026-11-5
range	2026|9|5|15	2026-8-15 2026-9-15
days	2026|9|5|15	30
shift	2026|9|5|-2|15	2026-6-15
shift	2026|9|5|-1|15	2026-7-15
shift	2026|9|5|0|15	2026-8-15
shift	2026|9|5|1|15	2026-9-15
shift	2026|9|5|2|15	2026-10-15
range	2026|9|5|25	2026-8-25 2026-9-25
days	2026|9|5|25	30
shift	2026|9|5|-2|25	2026-6-25
shift	2026|9|5|-1|25	2026-7-25
shift	2026|9|5|0|25	2026-8-25
shift	2026|9|5|1|25	2026-9-25
shift	2026|9|5|2|25	2026-10-25
range	2026|9|5|28	2026-8-28 2026-9-28
days	2026|9|5|28	30
shift	2026|9|5|-2|28	2026-6-28
shift	2026|9|5|-1|28	2026-7-28
shift	2026|9|5|0|28	2026-8-28
shift	2026|9|5|1|28	2026-9-28
shift	2026|9|5|2|28	2026-10-28
range	2026|9|5|29	2026-8-29 2026-9-29
days	2026|9|5|29	30
shift	2026|9|5|-2|29	2026-6-29
shift	2026|9|5|-1|29	2026-7-29
shift	2026|9|5|0|29	2026-8-29
shift	2026|9|5|1|29	2026-9-29
shift	2026|9|5|2|29	2026-10-29
range	2026|9|5|30	2026-8-30 2026-9-30
days	2026|9|5|30	30
shift	2026|9|5|-2|30	2026-6-30
shift	2026|9|5|-1|30	2026-7-30
shift	2026|9|5|0|30	2026-8-30
shift	2026|9|5|1|30	2026-9-30
shift	2026|9|5|2|30	2026-10-30
range	2026|9|5|31	2026-9-1 2026-11-1
days	2026|9|5|31	61
shift	2026|9|5|-2|31	2026-7-31
shift	2026|9|5|-1|31	2026-9-1
shift	2026|9|5|0|31	2026-9-31
shift	2026|9|5|1|31	2026-11-1
shift	2026|9|5|2|31	2026-11-31
range	2026|9|15|0	2026-9-1 2026-10-1
days	2026|9|15|0	31
shift	2026|9|15|-2|0	2026-7-1
shift	2026|9|15|-1|0	2026-8-1
shift	2026|9|15|0|0	2026-9-1
shift	2026|9|15|1|0	2026-10-1
shift	2026|9|15|2|0	2026-11-1
range	2026|9|15|1	2026-9-1 2026-10-1
days	2026|9|15|1	31
shift	2026|9|15|-2|1	2026-7-1
shift	2026|9|15|-1|1	2026-8-1
shift	2026|9|15|0|1	2026-9-1
shift	2026|9|15|1|1	2026-10-1
shift	2026|9|15|2|1	2026-11-1
range	2026|9|15|5	2026-9-5 2026-10-5
days	2026|9|15|5	31
shift	2026|9|15|-2|5	2026-7-5
shift	2026|9|15|-1|5	2026-8-5
shift	2026|9|15|0|5	2026-9-5
shift	2026|9|15|1|5	2026-10-5
shift	2026|9|15|2|5	2026-11-5
range	2026|9|15|15	2026-9-15 2026-10-15
days	2026|9|15|15	31
shift	2026|9|15|-2|15	2026-7-15
shift	2026|9|15|-1|15	2026-8-15
shift	2026|9|15|0|15	2026-9-15
shift	2026|9|15|1|15	2026-10-15
shift	2026|9|15|2|15	2026-11-15
range	2026|9|15|25	2026-8-25 2026-9-25
days	2026|9|15|25	30
shift	2026|9|15|-2|25	2026-6-25
shift	2026|9|15|-1|25	2026-7-25
shift	2026|9|15|0|25	2026-8-25
shift	2026|9|15|1|25	2026-9-25
shift	2026|9|15|2|25	2026-10-25
range	2026|9|15|28	2026-8-28 2026-9-28
days	2026|9|15|28	30
shift	2026|9|15|-2|28	2026-6-28
shift	2026|9|15|-1|28	2026-7-28
shift	2026|9|15|0|28	2026-8-28
shift	2026|9|15|1|28	2026-9-28
shift	2026|9|15|2|28	2026-10-28
range	2026|9|15|29	2026-8-29 2026-9-29
days	2026|9|15|29	30
shift	2026|9|15|-2|29	2026-6-29
shift	2026|9|15|-1|29	2026-7-29
shift	2026|9|15|0|29	2026-8-29
shift	2026|9|15|1|29	2026-9-29
shift	2026|9|15|2|29	2026-10-29
range	2026|9|15|30	2026-8-30 2026-9-30
days	2026|9|15|30	30
shift	2026|9|15|-2|30	2026-6-30
shift	2026|9|15|-1|30	2026-7-30
shift	2026|9|15|0|30	2026-8-30
shift	2026|9|15|1|30	2026-9-30
shift	2026|9|15|2|30	2026-10-30
range	2026|9|15|31	2026-9-1 2026-11-1
days	2026|9|15|31	61
shift	2026|9|15|-2|31	2026-7-31
shift	2026|9|15|-1|31	2026-9-1
shift	2026|9|15|0|31	2026-9-31
shift	2026|9|15|1|31	2026-11-1
shift	2026|9|15|2|31	2026-11-31
range	2026|9|24|0	2026-9-1 2026-10-1
days	2026|9|24|0	31
shift	2026|9|24|-2|0	2026-7-1
shift	2026|9|24|-1|0	2026-8-1
shift	2026|9|24|0|0	2026-9-1
shift	2026|9|24|1|0	2026-10-1
shift	2026|9|24|2|0	2026-11-1
range	2026|9|24|1	2026-9-1 2026-10-1
days	2026|9|24|1	31
shift	2026|9|24|-2|1	2026-7-1
shift	2026|9|24|-1|1	2026-8-1
shift	2026|9|24|0|1	2026-9-1
shift	2026|9|24|1|1	2026-10-1
shift	2026|9|24|2|1	2026-11-1
range	2026|9|24|5	2026-9-5 2026-10-5
days	2026|9|24|5	31
shift	2026|9|24|-2|5	2026-7-5
shift	2026|9|24|-1|5	2026-8-5
shift	2026|9|24|0|5	2026-9-5
shift	2026|9|24|1|5	2026-10-5
shift	2026|9|24|2|5	2026-11-5
range	2026|9|24|15	2026-9-15 2026-10-15
days	2026|9|24|15	31
shift	2026|9|24|-2|15	2026-7-15
shift	2026|9|24|-1|15	2026-8-15
shift	2026|9|24|0|15	2026-9-15
shift	2026|9|24|1|15	2026-10-15
shift	2026|9|24|2|15	2026-11-15
range	2026|9|24|25	2026-8-25 2026-9-25
days	2026|9|24|25	30
shift	2026|9|24|-2|25	2026-6-25
shift	2026|9|24|-1|25	2026-7-25
shift	2026|9|24|0|25	2026-8-25
shift	2026|9|24|1|25	2026-9-25
shift	2026|9|24|2|25	2026-10-25
range	2026|9|24|28	2026-8-28 2026-9-28
days	2026|9|24|28	30
shift	2026|9|24|-2|28	2026-6-28
shift	2026|9|24|-1|28	2026-7-28
shift	2026|9|24|0|28	2026-8-28
shift	2026|9|24|1|28	2026-9-28
shift	2026|9|24|2|28	2026-10-28
range	2026|9|24|29	2026-8-29 2026-9-29
days	2026|9|24|29	30
shift	2026|9|24|-2|29	2026-6-29
shift	2026|9|24|-1|29	2026-7-29
shift	2026|9|24|0|29	2026-8-29
shift	2026|9|24|1|29	2026-9-29
shift	2026|9|24|2|29	2026-10-29
range	2026|9|24|30	2026-8-30 2026-9-30
days	2026|9|24|30	30
shift	2026|9|24|-2|30	2026-6-30
shift	2026|9|24|-1|30	2026-7-30
shift	2026|9|24|0|30	2026-8-30
shift	2026|9|24|1|30	2026-9-30
shift	2026|9|24|2|30	2026-10-30
range	2026|9|24|31	2026-9-1 2026-11-1
days	2026|9|24|31	61
shift	2026|9|24|-2|31	2026-7-31
shift	2026|9|24|-1|31	2026-9-1
shift	2026|9|24|0|31	2026-9-31
shift	2026|9|24|1|31	2026-11-1
shift	2026|9|24|2|31	2026-11-31
range	2026|9|25|0	2026-9-1 2026-10-1
days	2026|9|25|0	31
shift	2026|9|25|-2|0	2026-7-1
shift	2026|9|25|-1|0	2026-8-1
shift	2026|9|25|0|0	2026-9-1
shift	2026|9|25|1|0	2026-10-1
shift	2026|9|25|2|0	2026-11-1
range	2026|9|25|1	2026-9-1 2026-10-1
days	2026|9|25|1	31
shift	2026|9|25|-2|1	2026-7-1
shift	2026|9|25|-1|1	2026-8-1
shift	2026|9|25|0|1	2026-9-1
shift	2026|9|25|1|1	2026-10-1
shift	2026|9|25|2|1	2026-11-1
range	2026|9|25|5	2026-9-5 2026-10-5
days	2026|9|25|5	31
shift	2026|9|25|-2|5	2026-7-5
shift	2026|9|25|-1|5	2026-8-5
shift	2026|9|25|0|5	2026-9-5
shift	2026|9|25|1|5	2026-10-5
shift	2026|9|25|2|5	2026-11-5
range	2026|9|25|15	2026-9-15 2026-10-15
days	2026|9|25|15	31
shift	2026|9|25|-2|15	2026-7-15
shift	2026|9|25|-1|15	2026-8-15
shift	2026|9|25|0|15	2026-9-15
shift	2026|9|25|1|15	2026-10-15
shift	2026|9|25|2|15	2026-11-15
range	2026|9|25|25	2026-9-25 2026-10-25
days	2026|9|25|25	31
shift	2026|9|25|-2|25	2026-7-25
shift	2026|9|25|-1|25	2026-8-25
shift	2026|9|25|0|25	2026-9-25
shift	2026|9|25|1|25	2026-10-25
shift	2026|9|25|2|25	2026-11-25
range	2026|9|25|28	2026-8-28 2026-9-28
days	2026|9|25|28	30
shift	2026|9|25|-2|28	2026-6-28
shift	2026|9|25|-1|28	2026-7-28
shift	2026|9|25|0|28	2026-8-28
shift	2026|9|25|1|28	2026-9-28
shift	2026|9|25|2|28	2026-10-28
range	2026|9|25|29	2026-8-29 2026-9-29
days	2026|9|25|29	30
shift	2026|9|25|-2|29	2026-6-29
shift	2026|9|25|-1|29	2026-7-29
shift	2026|9|25|0|29	2026-8-29
shift	2026|9|25|1|29	2026-9-29
shift	2026|9|25|2|29	2026-10-29
range	2026|9|25|30	2026-8-30 2026-9-30
days	2026|9|25|30	30
shift	2026|9|25|-2|30	2026-6-30
shift	2026|9|25|-1|30	2026-7-30
shift	2026|9|25|0|30	2026-8-30
shift	2026|9|25|1|30	2026-9-30
shift	2026|9|25|2|30	2026-10-30
range	2026|9|25|31	2026-9-1 2026-11-1
days	2026|9|25|31	61
shift	2026|9|25|-2|31	2026-7-31
shift	2026|9|25|-1|31	2026-9-1
shift	2026|9|25|0|31	2026-9-31
shift	2026|9|25|1|31	2026-11-1
shift	2026|9|25|2|31	2026-11-31
range	2026|9|26|0	2026-9-1 2026-10-1
days	2026|9|26|0	31
shift	2026|9|26|-2|0	2026-7-1
shift	2026|9|26|-1|0	2026-8-1
shift	2026|9|26|0|0	2026-9-1
shift	2026|9|26|1|0	2026-10-1
shift	2026|9|26|2|0	2026-11-1
range	2026|9|26|1	2026-9-1 2026-10-1
days	2026|9|26|1	31
shift	2026|9|26|-2|1	2026-7-1
shift	2026|9|26|-1|1	2026-8-1
shift	2026|9|26|0|1	2026-9-1
shift	2026|9|26|1|1	2026-10-1
shift	2026|9|26|2|1	2026-11-1
range	2026|9|26|5	2026-9-5 2026-10-5
days	2026|9|26|5	31
shift	2026|9|26|-2|5	2026-7-5
shift	2026|9|26|-1|5	2026-8-5
shift	2026|9|26|0|5	2026-9-5
shift	2026|9|26|1|5	2026-10-5
shift	2026|9|26|2|5	2026-11-5
range	2026|9|26|15	2026-9-15 2026-10-15
days	2026|9|26|15	31
shift	2026|9|26|-2|15	2026-7-15
shift	2026|9|26|-1|15	2026-8-15
shift	2026|9|26|0|15	2026-9-15
shift	2026|9|26|1|15	2026-10-15
shift	2026|9|26|2|15	2026-11-15
range	2026|9|26|25	2026-9-25 2026-10-25
days	2026|9|26|25	31
shift	2026|9|26|-2|25	2026-7-25
shift	2026|9|26|-1|25	2026-8-25
shift	2026|9|26|0|25	2026-9-25
shift	2026|9|26|1|25	2026-10-25
shift	2026|9|26|2|25	2026-11-25
range	2026|9|26|28	2026-8-28 2026-9-28
days	2026|9|26|28	30
shift	2026|9|26|-2|28	2026-6-28
shift	2026|9|26|-1|28	2026-7-28
shift	2026|9|26|0|28	2026-8-28
shift	2026|9|26|1|28	2026-9-28
shift	2026|9|26|2|28	2026-10-28
range	2026|9|26|29	2026-8-29 2026-9-29
days	2026|9|26|29	30
shift	2026|9|26|-2|29	2026-6-29
shift	2026|9|26|-1|29	2026-7-29
shift	2026|9|26|0|29	2026-8-29
shift	2026|9|26|1|29	2026-9-29
shift	2026|9|26|2|29	2026-10-29
range	2026|9|26|30	2026-8-30 2026-9-30
days	2026|9|26|30	30
shift	2026|9|26|-2|30	2026-6-30
shift	2026|9|26|-1|30	2026-7-30
shift	2026|9|26|0|30	2026-8-30
shift	2026|9|26|1|30	2026-9-30
shift	2026|9|26|2|30	2026-10-30
range	2026|9|26|31	2026-9-1 2026-11-1
days	2026|9|26|31	61
shift	2026|9|26|-2|31	2026-7-31
shift	2026|9|26|-1|31	2026-9-1
shift	2026|9|26|0|31	2026-9-31
shift	2026|9|26|1|31	2026-11-1
shift	2026|9|26|2|31	2026-11-31
range	2026|9|28|0	2026-9-1 2026-10-1
days	2026|9|28|0	31
shift	2026|9|28|-2|0	2026-7-1
shift	2026|9|28|-1|0	2026-8-1
shift	2026|9|28|0|0	2026-9-1
shift	2026|9|28|1|0	2026-10-1
shift	2026|9|28|2|0	2026-11-1
range	2026|9|28|1	2026-9-1 2026-10-1
days	2026|9|28|1	31
shift	2026|9|28|-2|1	2026-7-1
shift	2026|9|28|-1|1	2026-8-1
shift	2026|9|28|0|1	2026-9-1
shift	2026|9|28|1|1	2026-10-1
shift	2026|9|28|2|1	2026-11-1
range	2026|9|28|5	2026-9-5 2026-10-5
days	2026|9|28|5	31
shift	2026|9|28|-2|5	2026-7-5
shift	2026|9|28|-1|5	2026-8-5
shift	2026|9|28|0|5	2026-9-5
shift	2026|9|28|1|5	2026-10-5
shift	2026|9|28|2|5	2026-11-5
range	2026|9|28|15	2026-9-15 2026-10-15
days	2026|9|28|15	31
shift	2026|9|28|-2|15	2026-7-15
shift	2026|9|28|-1|15	2026-8-15
shift	2026|9|28|0|15	2026-9-15
shift	2026|9|28|1|15	2026-10-15
shift	2026|9|28|2|15	2026-11-15
range	2026|9|28|25	2026-9-25 2026-10-25
days	2026|9|28|25	31
shift	2026|9|28|-2|25	2026-7-25
shift	2026|9|28|-1|25	2026-8-25
shift	2026|9|28|0|25	2026-9-25
shift	2026|9|28|1|25	2026-10-25
shift	2026|9|28|2|25	2026-11-25
range	2026|9|28|28	2026-9-28 2026-10-28
days	2026|9|28|28	31
shift	2026|9|28|-2|28	2026-7-28
shift	2026|9|28|-1|28	2026-8-28
shift	2026|9|28|0|28	2026-9-28
shift	2026|9|28|1|28	2026-10-28
shift	2026|9|28|2|28	2026-11-28
range	2026|9|28|29	2026-8-29 2026-9-29
days	2026|9|28|29	30
shift	2026|9|28|-2|29	2026-6-29
shift	2026|9|28|-1|29	2026-7-29
shift	2026|9|28|0|29	2026-8-29
shift	2026|9|28|1|29	2026-9-29
shift	2026|9|28|2|29	2026-10-29
range	2026|9|28|30	2026-8-30 2026-9-30
days	2026|9|28|30	30
shift	2026|9|28|-2|30	2026-6-30
shift	2026|9|28|-1|30	2026-7-30
shift	2026|9|28|0|30	2026-8-30
shift	2026|9|28|1|30	2026-9-30
shift	2026|9|28|2|30	2026-10-30
range	2026|9|28|31	2026-9-1 2026-11-1
days	2026|9|28|31	61
shift	2026|9|28|-2|31	2026-7-31
shift	2026|9|28|-1|31	2026-9-1
shift	2026|9|28|0|31	2026-9-31
shift	2026|9|28|1|31	2026-11-1
shift	2026|9|28|2|31	2026-11-31
range	2026|9|31|0	2026-9-1 2026-10-1
days	2026|9|31|0	31
shift	2026|9|31|-2|0	2026-7-1
shift	2026|9|31|-1|0	2026-8-1
shift	2026|9|31|0|0	2026-9-1
shift	2026|9|31|1|0	2026-10-1
shift	2026|9|31|2|0	2026-11-1
range	2026|9|31|1	2026-9-1 2026-10-1
days	2026|9|31|1	31
shift	2026|9|31|-2|1	2026-7-1
shift	2026|9|31|-1|1	2026-8-1
shift	2026|9|31|0|1	2026-9-1
shift	2026|9|31|1|1	2026-10-1
shift	2026|9|31|2|1	2026-11-1
range	2026|9|31|5	2026-9-5 2026-10-5
days	2026|9|31|5	31
shift	2026|9|31|-2|5	2026-7-5
shift	2026|9|31|-1|5	2026-8-5
shift	2026|9|31|0|5	2026-9-5
shift	2026|9|31|1|5	2026-10-5
shift	2026|9|31|2|5	2026-11-5
range	2026|9|31|15	2026-9-15 2026-10-15
days	2026|9|31|15	31
shift	2026|9|31|-2|15	2026-7-15
shift	2026|9|31|-1|15	2026-8-15
shift	2026|9|31|0|15	2026-9-15
shift	2026|9|31|1|15	2026-10-15
shift	2026|9|31|2|15	2026-11-15
range	2026|9|31|25	2026-9-25 2026-10-25
days	2026|9|31|25	31
shift	2026|9|31|-2|25	2026-7-25
shift	2026|9|31|-1|25	2026-8-25
shift	2026|9|31|0|25	2026-9-25
shift	2026|9|31|1|25	2026-10-25
shift	2026|9|31|2|25	2026-11-25
range	2026|9|31|28	2026-9-28 2026-10-28
days	2026|9|31|28	31
shift	2026|9|31|-2|28	2026-7-28
shift	2026|9|31|-1|28	2026-8-28
shift	2026|9|31|0|28	2026-9-28
shift	2026|9|31|1|28	2026-10-28
shift	2026|9|31|2|28	2026-11-28
range	2026|9|31|29	2026-9-29 2026-10-29
days	2026|9|31|29	31
shift	2026|9|31|-2|29	2026-7-29
shift	2026|9|31|-1|29	2026-8-29
shift	2026|9|31|0|29	2026-9-29
shift	2026|9|31|1|29	2026-10-29
shift	2026|9|31|2|29	2026-11-29
range	2026|9|31|30	2026-9-30 2026-10-30
days	2026|9|31|30	31
shift	2026|9|31|-2|30	2026-7-30
shift	2026|9|31|-1|30	2026-8-30
shift	2026|9|31|0|30	2026-9-30
shift	2026|9|31|1|30	2026-10-30
shift	2026|9|31|2|30	2026-11-30
range	2026|9|31|31	2026-9-31 2026-11-1
days	2026|9|31|31	31
shift	2026|9|31|-2|31	2026-7-31
shift	2026|9|31|-1|31	2026-9-1
shift	2026|9|31|0|31	2026-9-31
shift	2026|9|31|1|31	2026-11-1
shift	2026|9|31|2|31	2026-11-31
range	2026|10|1|0	2026-10-1 2026-11-1
days	2026|10|1|0	30
shift	2026|10|1|-2|0	2026-8-1
shift	2026|10|1|-1|0	2026-9-1
shift	2026|10|1|0|0	2026-10-1
shift	2026|10|1|1|0	2026-11-1
shift	2026|10|1|2|0	2027-0-1
range	2026|10|1|1	2026-10-1 2026-11-1
days	2026|10|1|1	30
shift	2026|10|1|-2|1	2026-8-1
shift	2026|10|1|-1|1	2026-9-1
shift	2026|10|1|0|1	2026-10-1
shift	2026|10|1|1|1	2026-11-1
shift	2026|10|1|2|1	2027-0-1
range	2026|10|1|5	2026-9-5 2026-10-5
days	2026|10|1|5	31
shift	2026|10|1|-2|5	2026-7-5
shift	2026|10|1|-1|5	2026-8-5
shift	2026|10|1|0|5	2026-9-5
shift	2026|10|1|1|5	2026-10-5
shift	2026|10|1|2|5	2026-11-5
range	2026|10|1|15	2026-9-15 2026-10-15
days	2026|10|1|15	31
shift	2026|10|1|-2|15	2026-7-15
shift	2026|10|1|-1|15	2026-8-15
shift	2026|10|1|0|15	2026-9-15
shift	2026|10|1|1|15	2026-10-15
shift	2026|10|1|2|15	2026-11-15
range	2026|10|1|25	2026-9-25 2026-10-25
days	2026|10|1|25	31
shift	2026|10|1|-2|25	2026-7-25
shift	2026|10|1|-1|25	2026-8-25
shift	2026|10|1|0|25	2026-9-25
shift	2026|10|1|1|25	2026-10-25
shift	2026|10|1|2|25	2026-11-25
range	2026|10|1|28	2026-9-28 2026-10-28
days	2026|10|1|28	31
shift	2026|10|1|-2|28	2026-7-28
shift	2026|10|1|-1|28	2026-8-28
shift	2026|10|1|0|28	2026-9-28
shift	2026|10|1|1|28	2026-10-28
shift	2026|10|1|2|28	2026-11-28
range	2026|10|1|29	2026-9-29 2026-10-29
days	2026|10|1|29	31
shift	2026|10|1|-2|29	2026-7-29
shift	2026|10|1|-1|29	2026-8-29
shift	2026|10|1|0|29	2026-9-29
shift	2026|10|1|1|29	2026-10-29
shift	2026|10|1|2|29	2026-11-29
range	2026|10|1|30	2026-9-30 2026-10-30
days	2026|10|1|30	31
shift	2026|10|1|-2|30	2026-7-30
shift	2026|10|1|-1|30	2026-8-30
shift	2026|10|1|0|30	2026-9-30
shift	2026|10|1|1|30	2026-10-30
shift	2026|10|1|2|30	2026-11-30
range	2026|10|1|31	2026-9-31 2026-11-1
days	2026|10|1|31	31
shift	2026|10|1|-2|31	2026-7-31
shift	2026|10|1|-1|31	2026-9-1
shift	2026|10|1|0|31	2026-9-31
shift	2026|10|1|1|31	2026-11-1
shift	2026|10|1|2|31	2026-11-31
range	2026|10|5|0	2026-10-1 2026-11-1
days	2026|10|5|0	30
shift	2026|10|5|-2|0	2026-8-1
shift	2026|10|5|-1|0	2026-9-1
shift	2026|10|5|0|0	2026-10-1
shift	2026|10|5|1|0	2026-11-1
shift	2026|10|5|2|0	2027-0-1
range	2026|10|5|1	2026-10-1 2026-11-1
days	2026|10|5|1	30
shift	2026|10|5|-2|1	2026-8-1
shift	2026|10|5|-1|1	2026-9-1
shift	2026|10|5|0|1	2026-10-1
shift	2026|10|5|1|1	2026-11-1
shift	2026|10|5|2|1	2027-0-1
range	2026|10|5|5	2026-10-5 2026-11-5
days	2026|10|5|5	30
shift	2026|10|5|-2|5	2026-8-5
shift	2026|10|5|-1|5	2026-9-5
shift	2026|10|5|0|5	2026-10-5
shift	2026|10|5|1|5	2026-11-5
shift	2026|10|5|2|5	2027-0-5
range	2026|10|5|15	2026-9-15 2026-10-15
days	2026|10|5|15	31
shift	2026|10|5|-2|15	2026-7-15
shift	2026|10|5|-1|15	2026-8-15
shift	2026|10|5|0|15	2026-9-15
shift	2026|10|5|1|15	2026-10-15
shift	2026|10|5|2|15	2026-11-15
range	2026|10|5|25	2026-9-25 2026-10-25
days	2026|10|5|25	31
shift	2026|10|5|-2|25	2026-7-25
shift	2026|10|5|-1|25	2026-8-25
shift	2026|10|5|0|25	2026-9-25
shift	2026|10|5|1|25	2026-10-25
shift	2026|10|5|2|25	2026-11-25
range	2026|10|5|28	2026-9-28 2026-10-28
days	2026|10|5|28	31
shift	2026|10|5|-2|28	2026-7-28
shift	2026|10|5|-1|28	2026-8-28
shift	2026|10|5|0|28	2026-9-28
shift	2026|10|5|1|28	2026-10-28
shift	2026|10|5|2|28	2026-11-28
range	2026|10|5|29	2026-9-29 2026-10-29
days	2026|10|5|29	31
shift	2026|10|5|-2|29	2026-7-29
shift	2026|10|5|-1|29	2026-8-29
shift	2026|10|5|0|29	2026-9-29
shift	2026|10|5|1|29	2026-10-29
shift	2026|10|5|2|29	2026-11-29
range	2026|10|5|30	2026-9-30 2026-10-30
days	2026|10|5|30	31
shift	2026|10|5|-2|30	2026-7-30
shift	2026|10|5|-1|30	2026-8-30
shift	2026|10|5|0|30	2026-9-30
shift	2026|10|5|1|30	2026-10-30
shift	2026|10|5|2|30	2026-11-30
range	2026|10|5|31	2026-9-31 2026-11-1
days	2026|10|5|31	31
shift	2026|10|5|-2|31	2026-7-31
shift	2026|10|5|-1|31	2026-9-1
shift	2026|10|5|0|31	2026-9-31
shift	2026|10|5|1|31	2026-11-1
shift	2026|10|5|2|31	2026-11-31
range	2026|10|15|0	2026-10-1 2026-11-1
days	2026|10|15|0	30
shift	2026|10|15|-2|0	2026-8-1
shift	2026|10|15|-1|0	2026-9-1
shift	2026|10|15|0|0	2026-10-1
shift	2026|10|15|1|0	2026-11-1
shift	2026|10|15|2|0	2027-0-1
range	2026|10|15|1	2026-10-1 2026-11-1
days	2026|10|15|1	30
shift	2026|10|15|-2|1	2026-8-1
shift	2026|10|15|-1|1	2026-9-1
shift	2026|10|15|0|1	2026-10-1
shift	2026|10|15|1|1	2026-11-1
shift	2026|10|15|2|1	2027-0-1
range	2026|10|15|5	2026-10-5 2026-11-5
days	2026|10|15|5	30
shift	2026|10|15|-2|5	2026-8-5
shift	2026|10|15|-1|5	2026-9-5
shift	2026|10|15|0|5	2026-10-5
shift	2026|10|15|1|5	2026-11-5
shift	2026|10|15|2|5	2027-0-5
range	2026|10|15|15	2026-10-15 2026-11-15
days	2026|10|15|15	30
shift	2026|10|15|-2|15	2026-8-15
shift	2026|10|15|-1|15	2026-9-15
shift	2026|10|15|0|15	2026-10-15
shift	2026|10|15|1|15	2026-11-15
shift	2026|10|15|2|15	2027-0-15
range	2026|10|15|25	2026-9-25 2026-10-25
days	2026|10|15|25	31
shift	2026|10|15|-2|25	2026-7-25
shift	2026|10|15|-1|25	2026-8-25
shift	2026|10|15|0|25	2026-9-25
shift	2026|10|15|1|25	2026-10-25
shift	2026|10|15|2|25	2026-11-25
range	2026|10|15|28	2026-9-28 2026-10-28
days	2026|10|15|28	31
shift	2026|10|15|-2|28	2026-7-28
shift	2026|10|15|-1|28	2026-8-28
shift	2026|10|15|0|28	2026-9-28
shift	2026|10|15|1|28	2026-10-28
shift	2026|10|15|2|28	2026-11-28
range	2026|10|15|29	2026-9-29 2026-10-29
days	2026|10|15|29	31
shift	2026|10|15|-2|29	2026-7-29
shift	2026|10|15|-1|29	2026-8-29
shift	2026|10|15|0|29	2026-9-29
shift	2026|10|15|1|29	2026-10-29
shift	2026|10|15|2|29	2026-11-29
range	2026|10|15|30	2026-9-30 2026-10-30
days	2026|10|15|30	31
shift	2026|10|15|-2|30	2026-7-30
shift	2026|10|15|-1|30	2026-8-30
shift	2026|10|15|0|30	2026-9-30
shift	2026|10|15|1|30	2026-10-30
shift	2026|10|15|2|30	2026-11-30
range	2026|10|15|31	2026-9-31 2026-11-1
days	2026|10|15|31	31
shift	2026|10|15|-2|31	2026-7-31
shift	2026|10|15|-1|31	2026-9-1
shift	2026|10|15|0|31	2026-9-31
shift	2026|10|15|1|31	2026-11-1
shift	2026|10|15|2|31	2026-11-31
range	2026|10|24|0	2026-10-1 2026-11-1
days	2026|10|24|0	30
shift	2026|10|24|-2|0	2026-8-1
shift	2026|10|24|-1|0	2026-9-1
shift	2026|10|24|0|0	2026-10-1
shift	2026|10|24|1|0	2026-11-1
shift	2026|10|24|2|0	2027-0-1
range	2026|10|24|1	2026-10-1 2026-11-1
days	2026|10|24|1	30
shift	2026|10|24|-2|1	2026-8-1
shift	2026|10|24|-1|1	2026-9-1
shift	2026|10|24|0|1	2026-10-1
shift	2026|10|24|1|1	2026-11-1
shift	2026|10|24|2|1	2027-0-1
range	2026|10|24|5	2026-10-5 2026-11-5
days	2026|10|24|5	30
shift	2026|10|24|-2|5	2026-8-5
shift	2026|10|24|-1|5	2026-9-5
shift	2026|10|24|0|5	2026-10-5
shift	2026|10|24|1|5	2026-11-5
shift	2026|10|24|2|5	2027-0-5
range	2026|10|24|15	2026-10-15 2026-11-15
days	2026|10|24|15	30
shift	2026|10|24|-2|15	2026-8-15
shift	2026|10|24|-1|15	2026-9-15
shift	2026|10|24|0|15	2026-10-15
shift	2026|10|24|1|15	2026-11-15
shift	2026|10|24|2|15	2027-0-15
range	2026|10|24|25	2026-9-25 2026-10-25
days	2026|10|24|25	31
shift	2026|10|24|-2|25	2026-7-25
shift	2026|10|24|-1|25	2026-8-25
shift	2026|10|24|0|25	2026-9-25
shift	2026|10|24|1|25	2026-10-25
shift	2026|10|24|2|25	2026-11-25
range	2026|10|24|28	2026-9-28 2026-10-28
days	2026|10|24|28	31
shift	2026|10|24|-2|28	2026-7-28
shift	2026|10|24|-1|28	2026-8-28
shift	2026|10|24|0|28	2026-9-28
shift	2026|10|24|1|28	2026-10-28
shift	2026|10|24|2|28	2026-11-28
range	2026|10|24|29	2026-9-29 2026-10-29
days	2026|10|24|29	31
shift	2026|10|24|-2|29	2026-7-29
shift	2026|10|24|-1|29	2026-8-29
shift	2026|10|24|0|29	2026-9-29
shift	2026|10|24|1|29	2026-10-29
shift	2026|10|24|2|29	2026-11-29
range	2026|10|24|30	2026-9-30 2026-10-30
days	2026|10|24|30	31
shift	2026|10|24|-2|30	2026-7-30
shift	2026|10|24|-1|30	2026-8-30
shift	2026|10|24|0|30	2026-9-30
shift	2026|10|24|1|30	2026-10-30
shift	2026|10|24|2|30	2026-11-30
range	2026|10|24|31	2026-9-31 2026-11-1
days	2026|10|24|31	31
shift	2026|10|24|-2|31	2026-7-31
shift	2026|10|24|-1|31	2026-9-1
shift	2026|10|24|0|31	2026-9-31
shift	2026|10|24|1|31	2026-11-1
shift	2026|10|24|2|31	2026-11-31
range	2026|10|25|0	2026-10-1 2026-11-1
days	2026|10|25|0	30
shift	2026|10|25|-2|0	2026-8-1
shift	2026|10|25|-1|0	2026-9-1
shift	2026|10|25|0|0	2026-10-1
shift	2026|10|25|1|0	2026-11-1
shift	2026|10|25|2|0	2027-0-1
range	2026|10|25|1	2026-10-1 2026-11-1
days	2026|10|25|1	30
shift	2026|10|25|-2|1	2026-8-1
shift	2026|10|25|-1|1	2026-9-1
shift	2026|10|25|0|1	2026-10-1
shift	2026|10|25|1|1	2026-11-1
shift	2026|10|25|2|1	2027-0-1
range	2026|10|25|5	2026-10-5 2026-11-5
days	2026|10|25|5	30
shift	2026|10|25|-2|5	2026-8-5
shift	2026|10|25|-1|5	2026-9-5
shift	2026|10|25|0|5	2026-10-5
shift	2026|10|25|1|5	2026-11-5
shift	2026|10|25|2|5	2027-0-5
range	2026|10|25|15	2026-10-15 2026-11-15
days	2026|10|25|15	30
shift	2026|10|25|-2|15	2026-8-15
shift	2026|10|25|-1|15	2026-9-15
shift	2026|10|25|0|15	2026-10-15
shift	2026|10|25|1|15	2026-11-15
shift	2026|10|25|2|15	2027-0-15
range	2026|10|25|25	2026-10-25 2026-11-25
days	2026|10|25|25	30
shift	2026|10|25|-2|25	2026-8-25
shift	2026|10|25|-1|25	2026-9-25
shift	2026|10|25|0|25	2026-10-25
shift	2026|10|25|1|25	2026-11-25
shift	2026|10|25|2|25	2027-0-25
range	2026|10|25|28	2026-9-28 2026-10-28
days	2026|10|25|28	31
shift	2026|10|25|-2|28	2026-7-28
shift	2026|10|25|-1|28	2026-8-28
shift	2026|10|25|0|28	2026-9-28
shift	2026|10|25|1|28	2026-10-28
shift	2026|10|25|2|28	2026-11-28
range	2026|10|25|29	2026-9-29 2026-10-29
days	2026|10|25|29	31
shift	2026|10|25|-2|29	2026-7-29
shift	2026|10|25|-1|29	2026-8-29
shift	2026|10|25|0|29	2026-9-29
shift	2026|10|25|1|29	2026-10-29
shift	2026|10|25|2|29	2026-11-29
range	2026|10|25|30	2026-9-30 2026-10-30
days	2026|10|25|30	31
shift	2026|10|25|-2|30	2026-7-30
shift	2026|10|25|-1|30	2026-8-30
shift	2026|10|25|0|30	2026-9-30
shift	2026|10|25|1|30	2026-10-30
shift	2026|10|25|2|30	2026-11-30
range	2026|10|25|31	2026-9-31 2026-11-1
days	2026|10|25|31	31
shift	2026|10|25|-2|31	2026-7-31
shift	2026|10|25|-1|31	2026-9-1
shift	2026|10|25|0|31	2026-9-31
shift	2026|10|25|1|31	2026-11-1
shift	2026|10|25|2|31	2026-11-31
range	2026|10|26|0	2026-10-1 2026-11-1
days	2026|10|26|0	30
shift	2026|10|26|-2|0	2026-8-1
shift	2026|10|26|-1|0	2026-9-1
shift	2026|10|26|0|0	2026-10-1
shift	2026|10|26|1|0	2026-11-1
shift	2026|10|26|2|0	2027-0-1
range	2026|10|26|1	2026-10-1 2026-11-1
days	2026|10|26|1	30
shift	2026|10|26|-2|1	2026-8-1
shift	2026|10|26|-1|1	2026-9-1
shift	2026|10|26|0|1	2026-10-1
shift	2026|10|26|1|1	2026-11-1
shift	2026|10|26|2|1	2027-0-1
range	2026|10|26|5	2026-10-5 2026-11-5
days	2026|10|26|5	30
shift	2026|10|26|-2|5	2026-8-5
shift	2026|10|26|-1|5	2026-9-5
shift	2026|10|26|0|5	2026-10-5
shift	2026|10|26|1|5	2026-11-5
shift	2026|10|26|2|5	2027-0-5
range	2026|10|26|15	2026-10-15 2026-11-15
days	2026|10|26|15	30
shift	2026|10|26|-2|15	2026-8-15
shift	2026|10|26|-1|15	2026-9-15
shift	2026|10|26|0|15	2026-10-15
shift	2026|10|26|1|15	2026-11-15
shift	2026|10|26|2|15	2027-0-15
range	2026|10|26|25	2026-10-25 2026-11-25
days	2026|10|26|25	30
shift	2026|10|26|-2|25	2026-8-25
shift	2026|10|26|-1|25	2026-9-25
shift	2026|10|26|0|25	2026-10-25
shift	2026|10|26|1|25	2026-11-25
shift	2026|10|26|2|25	2027-0-25
range	2026|10|26|28	2026-9-28 2026-10-28
days	2026|10|26|28	31
shift	2026|10|26|-2|28	2026-7-28
shift	2026|10|26|-1|28	2026-8-28
shift	2026|10|26|0|28	2026-9-28
shift	2026|10|26|1|28	2026-10-28
shift	2026|10|26|2|28	2026-11-28
range	2026|10|26|29	2026-9-29 2026-10-29
days	2026|10|26|29	31
shift	2026|10|26|-2|29	2026-7-29
shift	2026|10|26|-1|29	2026-8-29
shift	2026|10|26|0|29	2026-9-29
shift	2026|10|26|1|29	2026-10-29
shift	2026|10|26|2|29	2026-11-29
range	2026|10|26|30	2026-9-30 2026-10-30
days	2026|10|26|30	31
shift	2026|10|26|-2|30	2026-7-30
shift	2026|10|26|-1|30	2026-8-30
shift	2026|10|26|0|30	2026-9-30
shift	2026|10|26|1|30	2026-10-30
shift	2026|10|26|2|30	2026-11-30
range	2026|10|26|31	2026-9-31 2026-11-1
days	2026|10|26|31	31
shift	2026|10|26|-2|31	2026-7-31
shift	2026|10|26|-1|31	2026-9-1
shift	2026|10|26|0|31	2026-9-31
shift	2026|10|26|1|31	2026-11-1
shift	2026|10|26|2|31	2026-11-31
range	2026|10|28|0	2026-10-1 2026-11-1
days	2026|10|28|0	30
shift	2026|10|28|-2|0	2026-8-1
shift	2026|10|28|-1|0	2026-9-1
shift	2026|10|28|0|0	2026-10-1
shift	2026|10|28|1|0	2026-11-1
shift	2026|10|28|2|0	2027-0-1
range	2026|10|28|1	2026-10-1 2026-11-1
days	2026|10|28|1	30
shift	2026|10|28|-2|1	2026-8-1
shift	2026|10|28|-1|1	2026-9-1
shift	2026|10|28|0|1	2026-10-1
shift	2026|10|28|1|1	2026-11-1
shift	2026|10|28|2|1	2027-0-1
range	2026|10|28|5	2026-10-5 2026-11-5
days	2026|10|28|5	30
shift	2026|10|28|-2|5	2026-8-5
shift	2026|10|28|-1|5	2026-9-5
shift	2026|10|28|0|5	2026-10-5
shift	2026|10|28|1|5	2026-11-5
shift	2026|10|28|2|5	2027-0-5
range	2026|10|28|15	2026-10-15 2026-11-15
days	2026|10|28|15	30
shift	2026|10|28|-2|15	2026-8-15
shift	2026|10|28|-1|15	2026-9-15
shift	2026|10|28|0|15	2026-10-15
shift	2026|10|28|1|15	2026-11-15
shift	2026|10|28|2|15	2027-0-15
range	2026|10|28|25	2026-10-25 2026-11-25
days	2026|10|28|25	30
shift	2026|10|28|-2|25	2026-8-25
shift	2026|10|28|-1|25	2026-9-25
shift	2026|10|28|0|25	2026-10-25
shift	2026|10|28|1|25	2026-11-25
shift	2026|10|28|2|25	2027-0-25
range	2026|10|28|28	2026-10-28 2026-11-28
days	2026|10|28|28	30
shift	2026|10|28|-2|28	2026-8-28
shift	2026|10|28|-1|28	2026-9-28
shift	2026|10|28|0|28	2026-10-28
shift	2026|10|28|1|28	2026-11-28
shift	2026|10|28|2|28	2027-0-28
range	2026|10|28|29	2026-9-29 2026-10-29
days	2026|10|28|29	31
shift	2026|10|28|-2|29	2026-7-29
shift	2026|10|28|-1|29	2026-8-29
shift	2026|10|28|0|29	2026-9-29
shift	2026|10|28|1|29	2026-10-29
shift	2026|10|28|2|29	2026-11-29
range	2026|10|28|30	2026-9-30 2026-10-30
days	2026|10|28|30	31
shift	2026|10|28|-2|30	2026-7-30
shift	2026|10|28|-1|30	2026-8-30
shift	2026|10|28|0|30	2026-9-30
shift	2026|10|28|1|30	2026-10-30
shift	2026|10|28|2|30	2026-11-30
range	2026|10|28|31	2026-9-31 2026-11-1
days	2026|10|28|31	31
shift	2026|10|28|-2|31	2026-7-31
shift	2026|10|28|-1|31	2026-9-1
shift	2026|10|28|0|31	2026-9-31
shift	2026|10|28|1|31	2026-11-1
shift	2026|10|28|2|31	2026-11-31
range	2026|10|31|0	2026-11-1 2027-0-1
days	2026|10|31|0	31
shift	2026|10|31|-2|0	2026-9-1
shift	2026|10|31|-1|0	2026-10-1
shift	2026|10|31|0|0	2026-11-1
shift	2026|10|31|1|0	2027-0-1
shift	2026|10|31|2|0	2027-1-1
range	2026|10|31|1	2026-11-1 2027-0-1
days	2026|10|31|1	31
shift	2026|10|31|-2|1	2026-9-1
shift	2026|10|31|-1|1	2026-10-1
shift	2026|10|31|0|1	2026-11-1
shift	2026|10|31|1|1	2027-0-1
shift	2026|10|31|2|1	2027-1-1
range	2026|10|31|5	2026-10-5 2026-11-5
days	2026|10|31|5	30
shift	2026|10|31|-2|5	2026-8-5
shift	2026|10|31|-1|5	2026-9-5
shift	2026|10|31|0|5	2026-10-5
shift	2026|10|31|1|5	2026-11-5
shift	2026|10|31|2|5	2027-0-5
range	2026|10|31|15	2026-10-15 2026-11-15
days	2026|10|31|15	30
shift	2026|10|31|-2|15	2026-8-15
shift	2026|10|31|-1|15	2026-9-15
shift	2026|10|31|0|15	2026-10-15
shift	2026|10|31|1|15	2026-11-15
shift	2026|10|31|2|15	2027-0-15
range	2026|10|31|25	2026-10-25 2026-11-25
days	2026|10|31|25	30
shift	2026|10|31|-2|25	2026-8-25
shift	2026|10|31|-1|25	2026-9-25
shift	2026|10|31|0|25	2026-10-25
shift	2026|10|31|1|25	2026-11-25
shift	2026|10|31|2|25	2027-0-25
range	2026|10|31|28	2026-10-28 2026-11-28
days	2026|10|31|28	30
shift	2026|10|31|-2|28	2026-8-28
shift	2026|10|31|-1|28	2026-9-28
shift	2026|10|31|0|28	2026-10-28
shift	2026|10|31|1|28	2026-11-28
shift	2026|10|31|2|28	2027-0-28
range	2026|10|31|29	2026-10-29 2026-11-29
days	2026|10|31|29	30
shift	2026|10|31|-2|29	2026-8-29
shift	2026|10|31|-1|29	2026-9-29
shift	2026|10|31|0|29	2026-10-29
shift	2026|10|31|1|29	2026-11-29
shift	2026|10|31|2|29	2027-0-29
range	2026|10|31|30	2026-10-30 2026-11-30
days	2026|10|31|30	30
shift	2026|10|31|-2|30	2026-8-30
shift	2026|10|31|-1|30	2026-9-30
shift	2026|10|31|0|30	2026-10-30
shift	2026|10|31|1|30	2026-11-30
shift	2026|10|31|2|30	2027-0-30
range	2026|10|31|31	2026-11-1 2027-0-31
days	2026|10|31|31	61
shift	2026|10|31|-2|31	2026-9-31
shift	2026|10|31|-1|31	2026-11-1
shift	2026|10|31|0|31	2026-11-31
shift	2026|10|31|1|31	2027-0-31
shift	2026|10|31|2|31	2027-2-3
range	2026|11|1|0	2026-11-1 2027-0-1
days	2026|11|1|0	31
shift	2026|11|1|-2|0	2026-9-1
shift	2026|11|1|-1|0	2026-10-1
shift	2026|11|1|0|0	2026-11-1
shift	2026|11|1|1|0	2027-0-1
shift	2026|11|1|2|0	2027-1-1
range	2026|11|1|1	2026-11-1 2027-0-1
days	2026|11|1|1	31
shift	2026|11|1|-2|1	2026-9-1
shift	2026|11|1|-1|1	2026-10-1
shift	2026|11|1|0|1	2026-11-1
shift	2026|11|1|1|1	2027-0-1
shift	2026|11|1|2|1	2027-1-1
range	2026|11|1|5	2026-10-5 2026-11-5
days	2026|11|1|5	30
shift	2026|11|1|-2|5	2026-8-5
shift	2026|11|1|-1|5	2026-9-5
shift	2026|11|1|0|5	2026-10-5
shift	2026|11|1|1|5	2026-11-5
shift	2026|11|1|2|5	2027-0-5
range	2026|11|1|15	2026-10-15 2026-11-15
days	2026|11|1|15	30
shift	2026|11|1|-2|15	2026-8-15
shift	2026|11|1|-1|15	2026-9-15
shift	2026|11|1|0|15	2026-10-15
shift	2026|11|1|1|15	2026-11-15
shift	2026|11|1|2|15	2027-0-15
range	2026|11|1|25	2026-10-25 2026-11-25
days	2026|11|1|25	30
shift	2026|11|1|-2|25	2026-8-25
shift	2026|11|1|-1|25	2026-9-25
shift	2026|11|1|0|25	2026-10-25
shift	2026|11|1|1|25	2026-11-25
shift	2026|11|1|2|25	2027-0-25
range	2026|11|1|28	2026-10-28 2026-11-28
days	2026|11|1|28	30
shift	2026|11|1|-2|28	2026-8-28
shift	2026|11|1|-1|28	2026-9-28
shift	2026|11|1|0|28	2026-10-28
shift	2026|11|1|1|28	2026-11-28
shift	2026|11|1|2|28	2027-0-28
range	2026|11|1|29	2026-10-29 2026-11-29
days	2026|11|1|29	30
shift	2026|11|1|-2|29	2026-8-29
shift	2026|11|1|-1|29	2026-9-29
shift	2026|11|1|0|29	2026-10-29
shift	2026|11|1|1|29	2026-11-29
shift	2026|11|1|2|29	2027-0-29
range	2026|11|1|30	2026-10-30 2026-11-30
days	2026|11|1|30	30
shift	2026|11|1|-2|30	2026-8-30
shift	2026|11|1|-1|30	2026-9-30
shift	2026|11|1|0|30	2026-10-30
shift	2026|11|1|1|30	2026-11-30
shift	2026|11|1|2|30	2027-0-30
range	2026|11|1|31	2026-11-1 2027-0-31
days	2026|11|1|31	61
shift	2026|11|1|-2|31	2026-9-31
shift	2026|11|1|-1|31	2026-11-1
shift	2026|11|1|0|31	2026-11-31
shift	2026|11|1|1|31	2027-0-31
shift	2026|11|1|2|31	2027-2-3
range	2026|11|5|0	2026-11-1 2027-0-1
days	2026|11|5|0	31
shift	2026|11|5|-2|0	2026-9-1
shift	2026|11|5|-1|0	2026-10-1
shift	2026|11|5|0|0	2026-11-1
shift	2026|11|5|1|0	2027-0-1
shift	2026|11|5|2|0	2027-1-1
range	2026|11|5|1	2026-11-1 2027-0-1
days	2026|11|5|1	31
shift	2026|11|5|-2|1	2026-9-1
shift	2026|11|5|-1|1	2026-10-1
shift	2026|11|5|0|1	2026-11-1
shift	2026|11|5|1|1	2027-0-1
shift	2026|11|5|2|1	2027-1-1
range	2026|11|5|5	2026-11-5 2027-0-5
days	2026|11|5|5	31
shift	2026|11|5|-2|5	2026-9-5
shift	2026|11|5|-1|5	2026-10-5
shift	2026|11|5|0|5	2026-11-5
shift	2026|11|5|1|5	2027-0-5
shift	2026|11|5|2|5	2027-1-5
range	2026|11|5|15	2026-10-15 2026-11-15
days	2026|11|5|15	30
shift	2026|11|5|-2|15	2026-8-15
shift	2026|11|5|-1|15	2026-9-15
shift	2026|11|5|0|15	2026-10-15
shift	2026|11|5|1|15	2026-11-15
shift	2026|11|5|2|15	2027-0-15
range	2026|11|5|25	2026-10-25 2026-11-25
days	2026|11|5|25	30
shift	2026|11|5|-2|25	2026-8-25
shift	2026|11|5|-1|25	2026-9-25
shift	2026|11|5|0|25	2026-10-25
shift	2026|11|5|1|25	2026-11-25
shift	2026|11|5|2|25	2027-0-25
range	2026|11|5|28	2026-10-28 2026-11-28
days	2026|11|5|28	30
shift	2026|11|5|-2|28	2026-8-28
shift	2026|11|5|-1|28	2026-9-28
shift	2026|11|5|0|28	2026-10-28
shift	2026|11|5|1|28	2026-11-28
shift	2026|11|5|2|28	2027-0-28
range	2026|11|5|29	2026-10-29 2026-11-29
days	2026|11|5|29	30
shift	2026|11|5|-2|29	2026-8-29
shift	2026|11|5|-1|29	2026-9-29
shift	2026|11|5|0|29	2026-10-29
shift	2026|11|5|1|29	2026-11-29
shift	2026|11|5|2|29	2027-0-29
range	2026|11|5|30	2026-10-30 2026-11-30
days	2026|11|5|30	30
shift	2026|11|5|-2|30	2026-8-30
shift	2026|11|5|-1|30	2026-9-30
shift	2026|11|5|0|30	2026-10-30
shift	2026|11|5|1|30	2026-11-30
shift	2026|11|5|2|30	2027-0-30
range	2026|11|5|31	2026-11-1 2027-0-31
days	2026|11|5|31	61
shift	2026|11|5|-2|31	2026-9-31
shift	2026|11|5|-1|31	2026-11-1
shift	2026|11|5|0|31	2026-11-31
shift	2026|11|5|1|31	2027-0-31
shift	2026|11|5|2|31	2027-2-3
range	2026|11|15|0	2026-11-1 2027-0-1
days	2026|11|15|0	31
shift	2026|11|15|-2|0	2026-9-1
shift	2026|11|15|-1|0	2026-10-1
shift	2026|11|15|0|0	2026-11-1
shift	2026|11|15|1|0	2027-0-1
shift	2026|11|15|2|0	2027-1-1
range	2026|11|15|1	2026-11-1 2027-0-1
days	2026|11|15|1	31
shift	2026|11|15|-2|1	2026-9-1
shift	2026|11|15|-1|1	2026-10-1
shift	2026|11|15|0|1	2026-11-1
shift	2026|11|15|1|1	2027-0-1
shift	2026|11|15|2|1	2027-1-1
range	2026|11|15|5	2026-11-5 2027-0-5
days	2026|11|15|5	31
shift	2026|11|15|-2|5	2026-9-5
shift	2026|11|15|-1|5	2026-10-5
shift	2026|11|15|0|5	2026-11-5
shift	2026|11|15|1|5	2027-0-5
shift	2026|11|15|2|5	2027-1-5
range	2026|11|15|15	2026-11-15 2027-0-15
days	2026|11|15|15	31
shift	2026|11|15|-2|15	2026-9-15
shift	2026|11|15|-1|15	2026-10-15
shift	2026|11|15|0|15	2026-11-15
shift	2026|11|15|1|15	2027-0-15
shift	2026|11|15|2|15	2027-1-15
range	2026|11|15|25	2026-10-25 2026-11-25
days	2026|11|15|25	30
shift	2026|11|15|-2|25	2026-8-25
shift	2026|11|15|-1|25	2026-9-25
shift	2026|11|15|0|25	2026-10-25
shift	2026|11|15|1|25	2026-11-25
shift	2026|11|15|2|25	2027-0-25
range	2026|11|15|28	2026-10-28 2026-11-28
days	2026|11|15|28	30
shift	2026|11|15|-2|28	2026-8-28
shift	2026|11|15|-1|28	2026-9-28
shift	2026|11|15|0|28	2026-10-28
shift	2026|11|15|1|28	2026-11-28
shift	2026|11|15|2|28	2027-0-28
range	2026|11|15|29	2026-10-29 2026-11-29
days	2026|11|15|29	30
shift	2026|11|15|-2|29	2026-8-29
shift	2026|11|15|-1|29	2026-9-29
shift	2026|11|15|0|29	2026-10-29
shift	2026|11|15|1|29	2026-11-29
shift	2026|11|15|2|29	2027-0-29
range	2026|11|15|30	2026-10-30 2026-11-30
days	2026|11|15|30	30
shift	2026|11|15|-2|30	2026-8-30
shift	2026|11|15|-1|30	2026-9-30
shift	2026|11|15|0|30	2026-10-30
shift	2026|11|15|1|30	2026-11-30
shift	2026|11|15|2|30	2027-0-30
range	2026|11|15|31	2026-11-1 2027-0-31
days	2026|11|15|31	61
shift	2026|11|15|-2|31	2026-9-31
shift	2026|11|15|-1|31	2026-11-1
shift	2026|11|15|0|31	2026-11-31
shift	2026|11|15|1|31	2027-0-31
shift	2026|11|15|2|31	2027-2-3
range	2026|11|24|0	2026-11-1 2027-0-1
days	2026|11|24|0	31
shift	2026|11|24|-2|0	2026-9-1
shift	2026|11|24|-1|0	2026-10-1
shift	2026|11|24|0|0	2026-11-1
shift	2026|11|24|1|0	2027-0-1
shift	2026|11|24|2|0	2027-1-1
range	2026|11|24|1	2026-11-1 2027-0-1
days	2026|11|24|1	31
shift	2026|11|24|-2|1	2026-9-1
shift	2026|11|24|-1|1	2026-10-1
shift	2026|11|24|0|1	2026-11-1
shift	2026|11|24|1|1	2027-0-1
shift	2026|11|24|2|1	2027-1-1
range	2026|11|24|5	2026-11-5 2027-0-5
days	2026|11|24|5	31
shift	2026|11|24|-2|5	2026-9-5
shift	2026|11|24|-1|5	2026-10-5
shift	2026|11|24|0|5	2026-11-5
shift	2026|11|24|1|5	2027-0-5
shift	2026|11|24|2|5	2027-1-5
range	2026|11|24|15	2026-11-15 2027-0-15
days	2026|11|24|15	31
shift	2026|11|24|-2|15	2026-9-15
shift	2026|11|24|-1|15	2026-10-15
shift	2026|11|24|0|15	2026-11-15
shift	2026|11|24|1|15	2027-0-15
shift	2026|11|24|2|15	2027-1-15
range	2026|11|24|25	2026-10-25 2026-11-25
days	2026|11|24|25	30
shift	2026|11|24|-2|25	2026-8-25
shift	2026|11|24|-1|25	2026-9-25
shift	2026|11|24|0|25	2026-10-25
shift	2026|11|24|1|25	2026-11-25
shift	2026|11|24|2|25	2027-0-25
range	2026|11|24|28	2026-10-28 2026-11-28
days	2026|11|24|28	30
shift	2026|11|24|-2|28	2026-8-28
shift	2026|11|24|-1|28	2026-9-28
shift	2026|11|24|0|28	2026-10-28
shift	2026|11|24|1|28	2026-11-28
shift	2026|11|24|2|28	2027-0-28
range	2026|11|24|29	2026-10-29 2026-11-29
days	2026|11|24|29	30
shift	2026|11|24|-2|29	2026-8-29
shift	2026|11|24|-1|29	2026-9-29
shift	2026|11|24|0|29	2026-10-29
shift	2026|11|24|1|29	2026-11-29
shift	2026|11|24|2|29	2027-0-29
range	2026|11|24|30	2026-10-30 2026-11-30
days	2026|11|24|30	30
shift	2026|11|24|-2|30	2026-8-30
shift	2026|11|24|-1|30	2026-9-30
shift	2026|11|24|0|30	2026-10-30
shift	2026|11|24|1|30	2026-11-30
shift	2026|11|24|2|30	2027-0-30
range	2026|11|24|31	2026-11-1 2027-0-31
days	2026|11|24|31	61
shift	2026|11|24|-2|31	2026-9-31
shift	2026|11|24|-1|31	2026-11-1
shift	2026|11|24|0|31	2026-11-31
shift	2026|11|24|1|31	2027-0-31
shift	2026|11|24|2|31	2027-2-3
range	2026|11|25|0	2026-11-1 2027-0-1
days	2026|11|25|0	31
shift	2026|11|25|-2|0	2026-9-1
shift	2026|11|25|-1|0	2026-10-1
shift	2026|11|25|0|0	2026-11-1
shift	2026|11|25|1|0	2027-0-1
shift	2026|11|25|2|0	2027-1-1
range	2026|11|25|1	2026-11-1 2027-0-1
days	2026|11|25|1	31
shift	2026|11|25|-2|1	2026-9-1
shift	2026|11|25|-1|1	2026-10-1
shift	2026|11|25|0|1	2026-11-1
shift	2026|11|25|1|1	2027-0-1
shift	2026|11|25|2|1	2027-1-1
range	2026|11|25|5	2026-11-5 2027-0-5
days	2026|11|25|5	31
shift	2026|11|25|-2|5	2026-9-5
shift	2026|11|25|-1|5	2026-10-5
shift	2026|11|25|0|5	2026-11-5
shift	2026|11|25|1|5	2027-0-5
shift	2026|11|25|2|5	2027-1-5
range	2026|11|25|15	2026-11-15 2027-0-15
days	2026|11|25|15	31
shift	2026|11|25|-2|15	2026-9-15
shift	2026|11|25|-1|15	2026-10-15
shift	2026|11|25|0|15	2026-11-15
shift	2026|11|25|1|15	2027-0-15
shift	2026|11|25|2|15	2027-1-15
range	2026|11|25|25	2026-11-25 2027-0-25
days	2026|11|25|25	31
shift	2026|11|25|-2|25	2026-9-25
shift	2026|11|25|-1|25	2026-10-25
shift	2026|11|25|0|25	2026-11-25
shift	2026|11|25|1|25	2027-0-25
shift	2026|11|25|2|25	2027-1-25
range	2026|11|25|28	2026-10-28 2026-11-28
days	2026|11|25|28	30
shift	2026|11|25|-2|28	2026-8-28
shift	2026|11|25|-1|28	2026-9-28
shift	2026|11|25|0|28	2026-10-28
shift	2026|11|25|1|28	2026-11-28
shift	2026|11|25|2|28	2027-0-28
range	2026|11|25|29	2026-10-29 2026-11-29
days	2026|11|25|29	30
shift	2026|11|25|-2|29	2026-8-29
shift	2026|11|25|-1|29	2026-9-29
shift	2026|11|25|0|29	2026-10-29
shift	2026|11|25|1|29	2026-11-29
shift	2026|11|25|2|29	2027-0-29
range	2026|11|25|30	2026-10-30 2026-11-30
days	2026|11|25|30	30
shift	2026|11|25|-2|30	2026-8-30
shift	2026|11|25|-1|30	2026-9-30
shift	2026|11|25|0|30	2026-10-30
shift	2026|11|25|1|30	2026-11-30
shift	2026|11|25|2|30	2027-0-30
range	2026|11|25|31	2026-11-1 2027-0-31
days	2026|11|25|31	61
shift	2026|11|25|-2|31	2026-9-31
shift	2026|11|25|-1|31	2026-11-1
shift	2026|11|25|0|31	2026-11-31
shift	2026|11|25|1|31	2027-0-31
shift	2026|11|25|2|31	2027-2-3
range	2026|11|26|0	2026-11-1 2027-0-1
days	2026|11|26|0	31
shift	2026|11|26|-2|0	2026-9-1
shift	2026|11|26|-1|0	2026-10-1
shift	2026|11|26|0|0	2026-11-1
shift	2026|11|26|1|0	2027-0-1
shift	2026|11|26|2|0	2027-1-1
range	2026|11|26|1	2026-11-1 2027-0-1
days	2026|11|26|1	31
shift	2026|11|26|-2|1	2026-9-1
shift	2026|11|26|-1|1	2026-10-1
shift	2026|11|26|0|1	2026-11-1
shift	2026|11|26|1|1	2027-0-1
shift	2026|11|26|2|1	2027-1-1
range	2026|11|26|5	2026-11-5 2027-0-5
days	2026|11|26|5	31
shift	2026|11|26|-2|5	2026-9-5
shift	2026|11|26|-1|5	2026-10-5
shift	2026|11|26|0|5	2026-11-5
shift	2026|11|26|1|5	2027-0-5
shift	2026|11|26|2|5	2027-1-5
range	2026|11|26|15	2026-11-15 2027-0-15
days	2026|11|26|15	31
shift	2026|11|26|-2|15	2026-9-15
shift	2026|11|26|-1|15	2026-10-15
shift	2026|11|26|0|15	2026-11-15
shift	2026|11|26|1|15	2027-0-15
shift	2026|11|26|2|15	2027-1-15
range	2026|11|26|25	2026-11-25 2027-0-25
days	2026|11|26|25	31
shift	2026|11|26|-2|25	2026-9-25
shift	2026|11|26|-1|25	2026-10-25
shift	2026|11|26|0|25	2026-11-25
shift	2026|11|26|1|25	2027-0-25
shift	2026|11|26|2|25	2027-1-25
range	2026|11|26|28	2026-10-28 2026-11-28
days	2026|11|26|28	30
shift	2026|11|26|-2|28	2026-8-28
shift	2026|11|26|-1|28	2026-9-28
shift	2026|11|26|0|28	2026-10-28
shift	2026|11|26|1|28	2026-11-28
shift	2026|11|26|2|28	2027-0-28
range	2026|11|26|29	2026-10-29 2026-11-29
days	2026|11|26|29	30
shift	2026|11|26|-2|29	2026-8-29
shift	2026|11|26|-1|29	2026-9-29
shift	2026|11|26|0|29	2026-10-29
shift	2026|11|26|1|29	2026-11-29
shift	2026|11|26|2|29	2027-0-29
range	2026|11|26|30	2026-10-30 2026-11-30
days	2026|11|26|30	30
shift	2026|11|26|-2|30	2026-8-30
shift	2026|11|26|-1|30	2026-9-30
shift	2026|11|26|0|30	2026-10-30
shift	2026|11|26|1|30	2026-11-30
shift	2026|11|26|2|30	2027-0-30
range	2026|11|26|31	2026-11-1 2027-0-31
days	2026|11|26|31	61
shift	2026|11|26|-2|31	2026-9-31
shift	2026|11|26|-1|31	2026-11-1
shift	2026|11|26|0|31	2026-11-31
shift	2026|11|26|1|31	2027-0-31
shift	2026|11|26|2|31	2027-2-3
range	2026|11|28|0	2026-11-1 2027-0-1
days	2026|11|28|0	31
shift	2026|11|28|-2|0	2026-9-1
shift	2026|11|28|-1|0	2026-10-1
shift	2026|11|28|0|0	2026-11-1
shift	2026|11|28|1|0	2027-0-1
shift	2026|11|28|2|0	2027-1-1
range	2026|11|28|1	2026-11-1 2027-0-1
days	2026|11|28|1	31
shift	2026|11|28|-2|1	2026-9-1
shift	2026|11|28|-1|1	2026-10-1
shift	2026|11|28|0|1	2026-11-1
shift	2026|11|28|1|1	2027-0-1
shift	2026|11|28|2|1	2027-1-1
range	2026|11|28|5	2026-11-5 2027-0-5
days	2026|11|28|5	31
shift	2026|11|28|-2|5	2026-9-5
shift	2026|11|28|-1|5	2026-10-5
shift	2026|11|28|0|5	2026-11-5
shift	2026|11|28|1|5	2027-0-5
shift	2026|11|28|2|5	2027-1-5
range	2026|11|28|15	2026-11-15 2027-0-15
days	2026|11|28|15	31
shift	2026|11|28|-2|15	2026-9-15
shift	2026|11|28|-1|15	2026-10-15
shift	2026|11|28|0|15	2026-11-15
shift	2026|11|28|1|15	2027-0-15
shift	2026|11|28|2|15	2027-1-15
range	2026|11|28|25	2026-11-25 2027-0-25
days	2026|11|28|25	31
shift	2026|11|28|-2|25	2026-9-25
shift	2026|11|28|-1|25	2026-10-25
shift	2026|11|28|0|25	2026-11-25
shift	2026|11|28|1|25	2027-0-25
shift	2026|11|28|2|25	2027-1-25
range	2026|11|28|28	2026-11-28 2027-0-28
days	2026|11|28|28	31
shift	2026|11|28|-2|28	2026-9-28
shift	2026|11|28|-1|28	2026-10-28
shift	2026|11|28|0|28	2026-11-28
shift	2026|11|28|1|28	2027-0-28
shift	2026|11|28|2|28	2027-1-28
range	2026|11|28|29	2026-10-29 2026-11-29
days	2026|11|28|29	30
shift	2026|11|28|-2|29	2026-8-29
shift	2026|11|28|-1|29	2026-9-29
shift	2026|11|28|0|29	2026-10-29
shift	2026|11|28|1|29	2026-11-29
shift	2026|11|28|2|29	2027-0-29
range	2026|11|28|30	2026-10-30 2026-11-30
days	2026|11|28|30	30
shift	2026|11|28|-2|30	2026-8-30
shift	2026|11|28|-1|30	2026-9-30
shift	2026|11|28|0|30	2026-10-30
shift	2026|11|28|1|30	2026-11-30
shift	2026|11|28|2|30	2027-0-30
range	2026|11|28|31	2026-11-1 2027-0-31
days	2026|11|28|31	61
shift	2026|11|28|-2|31	2026-9-31
shift	2026|11|28|-1|31	2026-11-1
shift	2026|11|28|0|31	2026-11-31
shift	2026|11|28|1|31	2027-0-31
shift	2026|11|28|2|31	2027-2-3
range	2026|11|31|0	2026-11-1 2027-0-1
days	2026|11|31|0	31
shift	2026|11|31|-2|0	2026-9-1
shift	2026|11|31|-1|0	2026-10-1
shift	2026|11|31|0|0	2026-11-1
shift	2026|11|31|1|0	2027-0-1
shift	2026|11|31|2|0	2027-1-1
range	2026|11|31|1	2026-11-1 2027-0-1
days	2026|11|31|1	31
shift	2026|11|31|-2|1	2026-9-1
shift	2026|11|31|-1|1	2026-10-1
shift	2026|11|31|0|1	2026-11-1
shift	2026|11|31|1|1	2027-0-1
shift	2026|11|31|2|1	2027-1-1
range	2026|11|31|5	2026-11-5 2027-0-5
days	2026|11|31|5	31
shift	2026|11|31|-2|5	2026-9-5
shift	2026|11|31|-1|5	2026-10-5
shift	2026|11|31|0|5	2026-11-5
shift	2026|11|31|1|5	2027-0-5
shift	2026|11|31|2|5	2027-1-5
range	2026|11|31|15	2026-11-15 2027-0-15
days	2026|11|31|15	31
shift	2026|11|31|-2|15	2026-9-15
shift	2026|11|31|-1|15	2026-10-15
shift	2026|11|31|0|15	2026-11-15
shift	2026|11|31|1|15	2027-0-15
shift	2026|11|31|2|15	2027-1-15
range	2026|11|31|25	2026-11-25 2027-0-25
days	2026|11|31|25	31
shift	2026|11|31|-2|25	2026-9-25
shift	2026|11|31|-1|25	2026-10-25
shift	2026|11|31|0|25	2026-11-25
shift	2026|11|31|1|25	2027-0-25
shift	2026|11|31|2|25	2027-1-25
range	2026|11|31|28	2026-11-28 2027-0-28
days	2026|11|31|28	31
shift	2026|11|31|-2|28	2026-9-28
shift	2026|11|31|-1|28	2026-10-28
shift	2026|11|31|0|28	2026-11-28
shift	2026|11|31|1|28	2027-0-28
shift	2026|11|31|2|28	2027-1-28
range	2026|11|31|29	2026-11-29 2027-0-29
days	2026|11|31|29	31
shift	2026|11|31|-2|29	2026-9-29
shift	2026|11|31|-1|29	2026-10-29
shift	2026|11|31|0|29	2026-11-29
shift	2026|11|31|1|29	2027-0-29
shift	2026|11|31|2|29	2027-2-1
range	2026|11|31|30	2026-11-30 2027-0-30
days	2026|11|31|30	31
shift	2026|11|31|-2|30	2026-9-30
shift	2026|11|31|-1|30	2026-10-30
shift	2026|11|31|0|30	2026-11-30
shift	2026|11|31|1|30	2027-0-30
shift	2026|11|31|2|30	2027-2-2
range	2026|11|31|31	2026-11-31 2027-0-31
days	2026|11|31|31	31
shift	2026|11|31|-2|31	2026-9-31
shift	2026|11|31|-1|31	2026-11-1
shift	2026|11|31|0|31	2026-11-31
shift	2026|11|31|1|31	2027-0-31
shift	2026|11|31|2|31	2027-2-3
incycle	2026|0|-40|2026|0|15|1	false
incycle	2026|0|-32|2026|0|15|1	false
incycle	2026|0|-31|2026|0|15|1	false
incycle	2026|0|-30|2026|0|15|1	false
incycle	2026|0|-1|2026|0|15|1	false
incycle	2026|0|0|2026|0|15|1	false
incycle	2026|0|1|2026|0|15|1	true
incycle	2026|0|27|2026|0|15|1	true
incycle	2026|0|28|2026|0|15|1	true
incycle	2026|0|29|2026|0|15|1	true
incycle	2026|0|30|2026|0|15|1	true
incycle	2026|0|31|2026|0|15|1	true
incycle	2026|0|32|2026|0|15|1	false
incycle	2026|0|45|2026|0|15|1	false
incycle	2026|1|-40|2026|1|15|1	false
incycle	2026|1|-32|2026|1|15|1	false
incycle	2026|1|-31|2026|1|15|1	false
incycle	2026|1|-30|2026|1|15|1	false
incycle	2026|1|-1|2026|1|15|1	false
incycle	2026|1|0|2026|1|15|1	false
incycle	2026|1|1|2026|1|15|1	true
incycle	2026|1|27|2026|1|15|1	true
incycle	2026|1|28|2026|1|15|1	true
incycle	2026|1|29|2026|1|15|1	false
incycle	2026|1|30|2026|1|15|1	false
incycle	2026|1|31|2026|1|15|1	false
incycle	2026|1|32|2026|1|15|1	false
incycle	2026|1|45|2026|1|15|1	false
incycle	2026|2|-40|2026|2|15|1	false
incycle	2026|2|-32|2026|2|15|1	false
incycle	2026|2|-31|2026|2|15|1	false
incycle	2026|2|-30|2026|2|15|1	false
incycle	2026|2|-1|2026|2|15|1	false
incycle	2026|2|0|2026|2|15|1	false
incycle	2026|2|1|2026|2|15|1	true
incycle	2026|2|27|2026|2|15|1	true
incycle	2026|2|28|2026|2|15|1	true
incycle	2026|2|29|2026|2|15|1	true
incycle	2026|2|30|2026|2|15|1	true
incycle	2026|2|31|2026|2|15|1	true
incycle	2026|2|32|2026|2|15|1	false
incycle	2026|2|45|2026|2|15|1	false
incycle	2026|3|-40|2026|3|15|1	false
incycle	2026|3|-32|2026|3|15|1	false
incycle	2026|3|-31|2026|3|15|1	false
incycle	2026|3|-30|2026|3|15|1	false
incycle	2026|3|-1|2026|3|15|1	false
incycle	2026|3|0|2026|3|15|1	false
incycle	2026|3|1|2026|3|15|1	true
incycle	2026|3|27|2026|3|15|1	true
incycle	2026|3|28|2026|3|15|1	true
incycle	2026|3|29|2026|3|15|1	true
incycle	2026|3|30|2026|3|15|1	true
incycle	2026|3|31|2026|3|15|1	false
incycle	2026|3|32|2026|3|15|1	false
incycle	2026|3|45|2026|3|15|1	false
incycle	2026|4|-40|2026|4|15|1	false
incycle	2026|4|-32|2026|4|15|1	false
incycle	2026|4|-31|2026|4|15|1	false
incycle	2026|4|-30|2026|4|15|1	false
incycle	2026|4|-1|2026|4|15|1	false
incycle	2026|4|0|2026|4|15|1	false
incycle	2026|4|1|2026|4|15|1	true
incycle	2026|4|27|2026|4|15|1	true
incycle	2026|4|28|2026|4|15|1	true
incycle	2026|4|29|2026|4|15|1	true
incycle	2026|4|30|2026|4|15|1	true
incycle	2026|4|31|2026|4|15|1	true
incycle	2026|4|32|2026|4|15|1	false
incycle	2026|4|45|2026|4|15|1	false
incycle	2026|5|-40|2026|5|15|1	false
incycle	2026|5|-32|2026|5|15|1	false
incycle	2026|5|-31|2026|5|15|1	false
incycle	2026|5|-30|2026|5|15|1	false
incycle	2026|5|-1|2026|5|15|1	false
incycle	2026|5|0|2026|5|15|1	false
incycle	2026|5|1|2026|5|15|1	true
incycle	2026|5|27|2026|5|15|1	true
incycle	2026|5|28|2026|5|15|1	true
incycle	2026|5|29|2026|5|15|1	true
incycle	2026|5|30|2026|5|15|1	true
incycle	2026|5|31|2026|5|15|1	false
incycle	2026|5|32|2026|5|15|1	false
incycle	2026|5|45|2026|5|15|1	false
incycle	2026|6|-40|2026|6|15|1	false
incycle	2026|6|-32|2026|6|15|1	false
incycle	2026|6|-31|2026|6|15|1	false
incycle	2026|6|-30|2026|6|15|1	false
incycle	2026|6|-1|2026|6|15|1	false
incycle	2026|6|0|2026|6|15|1	false
incycle	2026|6|1|2026|6|15|1	true
incycle	2026|6|27|2026|6|15|1	true
incycle	2026|6|28|2026|6|15|1	true
incycle	2026|6|29|2026|6|15|1	true
incycle	2026|6|30|2026|6|15|1	true
incycle	2026|6|31|2026|6|15|1	true
incycle	2026|6|32|2026|6|15|1	false
incycle	2026|6|45|2026|6|15|1	false
incycle	2026|7|-40|2026|7|15|1	false
incycle	2026|7|-32|2026|7|15|1	false
incycle	2026|7|-31|2026|7|15|1	false
incycle	2026|7|-30|2026|7|15|1	false
incycle	2026|7|-1|2026|7|15|1	false
incycle	2026|7|0|2026|7|15|1	false
incycle	2026|7|1|2026|7|15|1	true
incycle	2026|7|27|2026|7|15|1	true
incycle	2026|7|28|2026|7|15|1	true
incycle	2026|7|29|2026|7|15|1	true
incycle	2026|7|30|2026|7|15|1	true
incycle	2026|7|31|2026|7|15|1	true
incycle	2026|7|32|2026|7|15|1	false
incycle	2026|7|45|2026|7|15|1	false
incycle	2026|8|-40|2026|8|15|1	false
incycle	2026|8|-32|2026|8|15|1	false
incycle	2026|8|-31|2026|8|15|1	false
incycle	2026|8|-30|2026|8|15|1	false
incycle	2026|8|-1|2026|8|15|1	false
incycle	2026|8|0|2026|8|15|1	false
incycle	2026|8|1|2026|8|15|1	true
incycle	2026|8|27|2026|8|15|1	true
incycle	2026|8|28|2026|8|15|1	true
incycle	2026|8|29|2026|8|15|1	true
incycle	2026|8|30|2026|8|15|1	true
incycle	2026|8|31|2026|8|15|1	false
incycle	2026|8|32|2026|8|15|1	false
incycle	2026|8|45|2026|8|15|1	false
incycle	2026|9|-40|2026|9|15|1	false
incycle	2026|9|-32|2026|9|15|1	false
incycle	2026|9|-31|2026|9|15|1	false
incycle	2026|9|-30|2026|9|15|1	false
incycle	2026|9|-1|2026|9|15|1	false
incycle	2026|9|0|2026|9|15|1	false
incycle	2026|9|1|2026|9|15|1	true
incycle	2026|9|27|2026|9|15|1	true
incycle	2026|9|28|2026|9|15|1	true
incycle	2026|9|29|2026|9|15|1	true
incycle	2026|9|30|2026|9|15|1	true
incycle	2026|9|31|2026|9|15|1	true
incycle	2026|9|32|2026|9|15|1	false
incycle	2026|9|45|2026|9|15|1	false
incycle	2026|10|-40|2026|10|15|1	false
incycle	2026|10|-32|2026|10|15|1	false
incycle	2026|10|-31|2026|10|15|1	false
incycle	2026|10|-30|2026|10|15|1	false
incycle	2026|10|-1|2026|10|15|1	false
incycle	2026|10|0|2026|10|15|1	false
incycle	2026|10|1|2026|10|15|1	true
incycle	2026|10|27|2026|10|15|1	true
incycle	2026|10|28|2026|10|15|1	true
incycle	2026|10|29|2026|10|15|1	true
incycle	2026|10|30|2026|10|15|1	true
incycle	2026|10|31|2026|10|15|1	false
incycle	2026|10|32|2026|10|15|1	false
incycle	2026|10|45|2026|10|15|1	false
incycle	2026|11|-40|2026|11|15|1	false
incycle	2026|11|-32|2026|11|15|1	false
incycle	2026|11|-31|2026|11|15|1	false
incycle	2026|11|-30|2026|11|15|1	false
incycle	2026|11|-1|2026|11|15|1	false
incycle	2026|11|0|2026|11|15|1	false
incycle	2026|11|1|2026|11|15|1	true
incycle	2026|11|27|2026|11|15|1	true
incycle	2026|11|28|2026|11|15|1	true
incycle	2026|11|29|2026|11|15|1	true
incycle	2026|11|30|2026|11|15|1	true
incycle	2026|11|31|2026|11|15|1	true
incycle	2026|11|32|2026|11|15|1	false
incycle	2026|11|45|2026|11|15|1	false
incycle	2026|0|-40|2026|0|15|25	false
incycle	2026|0|-32|2026|0|15|25	false
incycle	2026|0|-31|2026|0|15|25	false
incycle	2026|0|-30|2026|0|15|25	false
incycle	2026|0|-1|2026|0|15|25	true
incycle	2026|0|0|2026|0|15|25	true
incycle	2026|0|1|2026|0|15|25	true
incycle	2026|0|27|2026|0|15|25	false
incycle	2026|0|28|2026|0|15|25	false
incycle	2026|0|29|2026|0|15|25	false
incycle	2026|0|30|2026|0|15|25	false
incycle	2026|0|31|2026|0|15|25	false
incycle	2026|0|32|2026|0|15|25	false
incycle	2026|0|45|2026|0|15|25	false
incycle	2026|1|-40|2026|1|15|25	false
incycle	2026|1|-32|2026|1|15|25	false
incycle	2026|1|-31|2026|1|15|25	false
incycle	2026|1|-30|2026|1|15|25	false
incycle	2026|1|-1|2026|1|15|25	true
incycle	2026|1|0|2026|1|15|25	true
incycle	2026|1|1|2026|1|15|25	true
incycle	2026|1|27|2026|1|15|25	false
incycle	2026|1|28|2026|1|15|25	false
incycle	2026|1|29|2026|1|15|25	false
incycle	2026|1|30|2026|1|15|25	false
incycle	2026|1|31|2026|1|15|25	false
incycle	2026|1|32|2026|1|15|25	false
incycle	2026|1|45|2026|1|15|25	false
incycle	2026|2|-40|2026|2|15|25	false
incycle	2026|2|-32|2026|2|15|25	false
incycle	2026|2|-31|2026|2|15|25	false
incycle	2026|2|-30|2026|2|15|25	false
incycle	2026|2|-1|2026|2|15|25	true
incycle	2026|2|0|2026|2|15|25	true
incycle	2026|2|1|2026|2|15|25	true
incycle	2026|2|27|2026|2|15|25	false
incycle	2026|2|28|2026|2|15|25	false
incycle	2026|2|29|2026|2|15|25	false
incycle	2026|2|30|2026|2|15|25	false
incycle	2026|2|31|2026|2|15|25	false
incycle	2026|2|32|2026|2|15|25	false
incycle	2026|2|45|2026|2|15|25	false
incycle	2026|3|-40|2026|3|15|25	false
incycle	2026|3|-32|2026|3|15|25	false
incycle	2026|3|-31|2026|3|15|25	false
incycle	2026|3|-30|2026|3|15|25	false
incycle	2026|3|-1|2026|3|15|25	true
incycle	2026|3|0|2026|3|15|25	true
incycle	2026|3|1|2026|3|15|25	true
incycle	2026|3|27|2026|3|15|25	false
incycle	2026|3|28|2026|3|15|25	false
incycle	2026|3|29|2026|3|15|25	false
incycle	2026|3|30|2026|3|15|25	false
incycle	2026|3|31|2026|3|15|25	false
incycle	2026|3|32|2026|3|15|25	false
incycle	2026|3|45|2026|3|15|25	false
incycle	2026|4|-40|2026|4|15|25	false
incycle	2026|4|-32|2026|4|15|25	false
incycle	2026|4|-31|2026|4|15|25	false
incycle	2026|4|-30|2026|4|15|25	false
incycle	2026|4|-1|2026|4|15|25	true
incycle	2026|4|0|2026|4|15|25	true
incycle	2026|4|1|2026|4|15|25	true
incycle	2026|4|27|2026|4|15|25	false
incycle	2026|4|28|2026|4|15|25	false
incycle	2026|4|29|2026|4|15|25	false
incycle	2026|4|30|2026|4|15|25	false
incycle	2026|4|31|2026|4|15|25	false
incycle	2026|4|32|2026|4|15|25	false
incycle	2026|4|45|2026|4|15|25	false
incycle	2026|5|-40|2026|5|15|25	false
incycle	2026|5|-32|2026|5|15|25	false
incycle	2026|5|-31|2026|5|15|25	false
incycle	2026|5|-30|2026|5|15|25	false
incycle	2026|5|-1|2026|5|15|25	true
incycle	2026|5|0|2026|5|15|25	true
incycle	2026|5|1|2026|5|15|25	true
incycle	2026|5|27|2026|5|15|25	false
incycle	2026|5|28|2026|5|15|25	false
incycle	2026|5|29|2026|5|15|25	false
incycle	2026|5|30|2026|5|15|25	false
incycle	2026|5|31|2026|5|15|25	false
incycle	2026|5|32|2026|5|15|25	false
incycle	2026|5|45|2026|5|15|25	false
incycle	2026|6|-40|2026|6|15|25	false
incycle	2026|6|-32|2026|6|15|25	false
incycle	2026|6|-31|2026|6|15|25	false
incycle	2026|6|-30|2026|6|15|25	false
incycle	2026|6|-1|2026|6|15|25	true
incycle	2026|6|0|2026|6|15|25	true
incycle	2026|6|1|2026|6|15|25	true
incycle	2026|6|27|2026|6|15|25	false
incycle	2026|6|28|2026|6|15|25	false
incycle	2026|6|29|2026|6|15|25	false
incycle	2026|6|30|2026|6|15|25	false
incycle	2026|6|31|2026|6|15|25	false
incycle	2026|6|32|2026|6|15|25	false
incycle	2026|6|45|2026|6|15|25	false
incycle	2026|7|-40|2026|7|15|25	false
incycle	2026|7|-32|2026|7|15|25	false
incycle	2026|7|-31|2026|7|15|25	false
incycle	2026|7|-30|2026|7|15|25	false
incycle	2026|7|-1|2026|7|15|25	true
incycle	2026|7|0|2026|7|15|25	true
incycle	2026|7|1|2026|7|15|25	true
incycle	2026|7|27|2026|7|15|25	false
incycle	2026|7|28|2026|7|15|25	false
incycle	2026|7|29|2026|7|15|25	false
incycle	2026|7|30|2026|7|15|25	false
incycle	2026|7|31|2026|7|15|25	false
incycle	2026|7|32|2026|7|15|25	false
incycle	2026|7|45|2026|7|15|25	false
incycle	2026|8|-40|2026|8|15|25	false
incycle	2026|8|-32|2026|8|15|25	false
incycle	2026|8|-31|2026|8|15|25	false
incycle	2026|8|-30|2026|8|15|25	false
incycle	2026|8|-1|2026|8|15|25	true
incycle	2026|8|0|2026|8|15|25	true
incycle	2026|8|1|2026|8|15|25	true
incycle	2026|8|27|2026|8|15|25	false
incycle	2026|8|28|2026|8|15|25	false
incycle	2026|8|29|2026|8|15|25	false
incycle	2026|8|30|2026|8|15|25	false
incycle	2026|8|31|2026|8|15|25	false
incycle	2026|8|32|2026|8|15|25	false
incycle	2026|8|45|2026|8|15|25	false
incycle	2026|9|-40|2026|9|15|25	false
incycle	2026|9|-32|2026|9|15|25	false
incycle	2026|9|-31|2026|9|15|25	false
incycle	2026|9|-30|2026|9|15|25	false
incycle	2026|9|-1|2026|9|15|25	true
incycle	2026|9|0|2026|9|15|25	true
incycle	2026|9|1|2026|9|15|25	true
incycle	2026|9|27|2026|9|15|25	false
incycle	2026|9|28|2026|9|15|25	false
incycle	2026|9|29|2026|9|15|25	false
incycle	2026|9|30|2026|9|15|25	false
incycle	2026|9|31|2026|9|15|25	false
incycle	2026|9|32|2026|9|15|25	false
incycle	2026|9|45|2026|9|15|25	false
incycle	2026|10|-40|2026|10|15|25	false
incycle	2026|10|-32|2026|10|15|25	false
incycle	2026|10|-31|2026|10|15|25	false
incycle	2026|10|-30|2026|10|15|25	false
incycle	2026|10|-1|2026|10|15|25	true
incycle	2026|10|0|2026|10|15|25	true
incycle	2026|10|1|2026|10|15|25	true
incycle	2026|10|27|2026|10|15|25	false
incycle	2026|10|28|2026|10|15|25	false
incycle	2026|10|29|2026|10|15|25	false
incycle	2026|10|30|2026|10|15|25	false
incycle	2026|10|31|2026|10|15|25	false
incycle	2026|10|32|2026|10|15|25	false
incycle	2026|10|45|2026|10|15|25	false
incycle	2026|11|-40|2026|11|15|25	false
incycle	2026|11|-32|2026|11|15|25	false
incycle	2026|11|-31|2026|11|15|25	false
incycle	2026|11|-30|2026|11|15|25	false
incycle	2026|11|-1|2026|11|15|25	true
incycle	2026|11|0|2026|11|15|25	true
incycle	2026|11|1|2026|11|15|25	true
incycle	2026|11|27|2026|11|15|25	false
incycle	2026|11|28|2026|11|15|25	false
incycle	2026|11|29|2026|11|15|25	false
incycle	2026|11|30|2026|11|15|25	false
incycle	2026|11|31|2026|11|15|25	false
incycle	2026|11|32|2026|11|15|25	false
incycle	2026|11|45|2026|11|15|25	false
incycle	2026|0|-40|2026|0|15|31	false
incycle	2026|0|-32|2026|0|15|31	false
incycle	2026|0|-31|2026|0|15|31	false
incycle	2026|0|-30|2026|0|15|31	false
incycle	2026|0|-1|2026|0|15|31	false
incycle	2026|0|0|2026|0|15|31	true
incycle	2026|0|1|2026|0|15|31	true
incycle	2026|0|27|2026|0|15|31	true
incycle	2026|0|28|2026|0|15|31	true
incycle	2026|0|29|2026|0|15|31	true
incycle	2026|0|30|2026|0|15|31	true
incycle	2026|0|31|2026|0|15|31	false
incycle	2026|0|32|2026|0|15|31	false
incycle	2026|0|45|2026|0|15|31	false
incycle	2026|1|-40|2026|1|15|31	false
incycle	2026|1|-32|2026|1|15|31	false
incycle	2026|1|-31|2026|1|15|31	false
incycle	2026|1|-30|2026|1|15|31	false
incycle	2026|1|-1|2026|1|15|31	false
incycle	2026|1|0|2026|1|15|31	true
incycle	2026|1|1|2026|1|15|31	true
incycle	2026|1|27|2026|1|15|31	true
incycle	2026|1|28|2026|1|15|31	true
incycle	2026|1|29|2026|1|15|31	true
incycle	2026|1|30|2026|1|15|31	true
incycle	2026|1|31|2026|1|15|31	false
incycle	2026|1|32|2026|1|15|31	false
incycle	2026|1|45|2026|1|15|31	false
incycle	2026|2|-40|2026|2|15|31	false
incycle	2026|2|-32|2026|2|15|31	false
incycle	2026|2|-31|2026|2|15|31	false
incycle	2026|2|-30|2026|2|15|31	false
incycle	2026|2|-1|2026|2|15|31	false
incycle	2026|2|0|2026|2|15|31	false
incycle	2026|2|1|2026|2|15|31	false
incycle	2026|2|27|2026|2|15|31	true
incycle	2026|2|28|2026|2|15|31	true
incycle	2026|2|29|2026|2|15|31	true
incycle	2026|2|30|2026|2|15|31	true
incycle	2026|2|31|2026|2|15|31	true
incycle	2026|2|32|2026|2|15|31	true
incycle	2026|2|45|2026|2|15|31	true
incycle	2026|3|-40|2026|3|15|31	false
incycle	2026|3|-32|2026|3|15|31	false
incycle	2026|3|-31|2026|3|15|31	false
incycle	2026|3|-30|2026|3|15|31	false
incycle	2026|3|-1|2026|3|15|31	false
incycle	2026|3|0|2026|3|15|31	true
incycle	2026|3|1|2026|3|15|31	true
incycle	2026|3|27|2026|3|15|31	true
incycle	2026|3|28|2026|3|15|31	true
incycle	2026|3|29|2026|3|15|31	true
incycle	2026|3|30|2026|3|15|31	true
incycle	2026|3|31|2026|3|15|31	false
incycle	2026|3|32|2026|3|15|31	false
incycle	2026|3|45|2026|3|15|31	false
incycle	2026|4|-40|2026|4|15|31	false
incycle	2026|4|-32|2026|4|15|31	false
incycle	2026|4|-31|2026|4|15|31	false
incycle	2026|4|-30|2026|4|15|31	false
incycle	2026|4|-1|2026|4|15|31	false
incycle	2026|4|0|2026|4|15|31	false
incycle	2026|4|1|2026|4|15|31	true
incycle	2026|4|27|2026|4|15|31	true
incycle	2026|4|28|2026|4|15|31	true
incycle	2026|4|29|2026|4|15|31	true
incycle	2026|4|30|2026|4|15|31	true
incycle	2026|4|31|2026|4|15|31	true
incycle	2026|4|32|2026|4|15|31	true
incycle	2026|4|45|2026|4|15|31	true
incycle	2026|5|-40|2026|5|15|31	false
incycle	2026|5|-32|2026|5|15|31	false
incycle	2026|5|-31|2026|5|15|31	false
incycle	2026|5|-30|2026|5|15|31	false
incycle	2026|5|-1|2026|5|15|31	false
incycle	2026|5|0|2026|5|15|31	true
incycle	2026|5|1|2026|5|15|31	true
incycle	2026|5|27|2026|5|15|31	true
incycle	2026|5|28|2026|5|15|31	true
incycle	2026|5|29|2026|5|15|31	true
incycle	2026|5|30|2026|5|15|31	true
incycle	2026|5|31|2026|5|15|31	false
incycle	2026|5|32|2026|5|15|31	false
incycle	2026|5|45|2026|5|15|31	false
incycle	2026|6|-40|2026|6|15|31	false
incycle	2026|6|-32|2026|6|15|31	false
incycle	2026|6|-31|2026|6|15|31	false
incycle	2026|6|-30|2026|6|15|31	false
incycle	2026|6|-1|2026|6|15|31	false
incycle	2026|6|0|2026|6|15|31	false
incycle	2026|6|1|2026|6|15|31	true
incycle	2026|6|27|2026|6|15|31	true
incycle	2026|6|28|2026|6|15|31	true
incycle	2026|6|29|2026|6|15|31	true
incycle	2026|6|30|2026|6|15|31	true
incycle	2026|6|31|2026|6|15|31	true
incycle	2026|6|32|2026|6|15|31	true
incycle	2026|6|45|2026|6|15|31	true
incycle	2026|7|-40|2026|7|15|31	false
incycle	2026|7|-32|2026|7|15|31	false
incycle	2026|7|-31|2026|7|15|31	false
incycle	2026|7|-30|2026|7|15|31	false
incycle	2026|7|-1|2026|7|15|31	false
incycle	2026|7|0|2026|7|15|31	true
incycle	2026|7|1|2026|7|15|31	true
incycle	2026|7|27|2026|7|15|31	true
incycle	2026|7|28|2026|7|15|31	true
incycle	2026|7|29|2026|7|15|31	true
incycle	2026|7|30|2026|7|15|31	true
incycle	2026|7|31|2026|7|15|31	false
incycle	2026|7|32|2026|7|15|31	false
incycle	2026|7|45|2026|7|15|31	false
incycle	2026|8|-40|2026|8|15|31	false
incycle	2026|8|-32|2026|8|15|31	false
incycle	2026|8|-31|2026|8|15|31	false
incycle	2026|8|-30|2026|8|15|31	false
incycle	2026|8|-1|2026|8|15|31	false
incycle	2026|8|0|2026|8|15|31	true
incycle	2026|8|1|2026|8|15|31	true
incycle	2026|8|27|2026|8|15|31	true
incycle	2026|8|28|2026|8|15|31	true
incycle	2026|8|29|2026|8|15|31	true
incycle	2026|8|30|2026|8|15|31	true
incycle	2026|8|31|2026|8|15|31	false
incycle	2026|8|32|2026|8|15|31	false
incycle	2026|8|45|2026|8|15|31	false
incycle	2026|9|-40|2026|9|15|31	false
incycle	2026|9|-32|2026|9|15|31	false
incycle	2026|9|-31|2026|9|15|31	false
incycle	2026|9|-30|2026|9|15|31	false
incycle	2026|9|-1|2026|9|15|31	false
incycle	2026|9|0|2026|9|15|31	false
incycle	2026|9|1|2026|9|15|31	true
incycle	2026|9|27|2026|9|15|31	true
incycle	2026|9|28|2026|9|15|31	true
incycle	2026|9|29|2026|9|15|31	true
incycle	2026|9|30|2026|9|15|31	true
incycle	2026|9|31|2026|9|15|31	true
incycle	2026|9|32|2026|9|15|31	true
incycle	2026|9|45|2026|9|15|31	true
incycle	2026|10|-40|2026|10|15|31	false
incycle	2026|10|-32|2026|10|15|31	false
incycle	2026|10|-31|2026|10|15|31	false
incycle	2026|10|-30|2026|10|15|31	false
incycle	2026|10|-1|2026|10|15|31	false
incycle	2026|10|0|2026|10|15|31	true
incycle	2026|10|1|2026|10|15|31	true
incycle	2026|10|27|2026|10|15|31	true
incycle	2026|10|28|2026|10|15|31	true
incycle	2026|10|29|2026|10|15|31	true
incycle	2026|10|30|2026|10|15|31	true
incycle	2026|10|31|2026|10|15|31	false
incycle	2026|10|32|2026|10|15|31	false
incycle	2026|10|45|2026|10|15|31	false
incycle	2026|11|-40|2026|11|15|31	false
incycle	2026|11|-32|2026|11|15|31	false
incycle	2026|11|-31|2026|11|15|31	false
incycle	2026|11|-30|2026|11|15|31	false
incycle	2026|11|-1|2026|11|15|31	false
incycle	2026|11|0|2026|11|15|31	false
incycle	2026|11|1|2026|11|15|31	true
incycle	2026|11|27|2026|11|15|31	true
incycle	2026|11|28|2026|11|15|31	true
incycle	2026|11|29|2026|11|15|31	true
incycle	2026|11|30|2026|11|15|31	true
incycle	2026|11|31|2026|11|15|31	true
incycle	2026|11|32|2026|11|15|31	true
incycle	2026|11|45|2026|11|15|31	true
range	2020|12|2|25	2020-11-25 2021-0-25
days	2020|12|2|25	31
shift	2020|12|2|-2|25	2020-9-25
range	2030|-2|3|7	2029-9-7 2029-10-7
days	2030|-2|3|7	31
shift	2030|-2|3|1|7	2029-10-7
range	2023|1|4|2	2023-1-2 2023-2-2
days	2023|1|4|2	28
shift	2023|1|4|2|2	2023-3-2
range	2020|1|9|28	2020-0-28 2020-1-28
days	2020|1|9|28	31
shift	2020|1|9|1|28	2020-1-28
range	2026|3|32|5	2026-3-5 2026-4-5
days	2026|3|32|5	30
shift	2026|3|32|-3|5	2026-0-5
range	2020|9|16|12	2020-9-12 2020-10-12
days	2020|9|16|12	31
shift	2020|9|16|-2|12	2020-7-12
range	2025|9|18|15	2025-9-15 2025-10-15
days	2025|9|18|15	31
shift	2025|9|18|-2|15	2025-7-15
range	2023|10|32|3	2023-10-3 2023-11-3
days	2023|10|32|3	30
shift	2023|10|32|-3|3	2023-7-3
range	2022|8|3|13	2022-7-13 2022-8-13
days	2022|8|3|13	31
shift	2022|8|3|-2|13	2022-5-13
range	2026|-3|0|28	2025-8-28 2025-9-28
days	2026|-3|0|28	30
shift	2026|-3|0|2|28	2025-10-28
range	2023|3|22|23	2023-2-23 2023-3-23
days	2023|3|22|23	31
shift	2023|3|22|-2|23	2023-0-23
range	2025|4|25|2	2025-4-2 2025-5-2
days	2025|4|25|2	31
shift	2025|4|25|-1|2	2025-3-2
range	2025|6|16|25	2025-5-25 2025-6-25
days	2025|6|16|25	30
shift	2025|6|16|0|25	2025-5-25
range	2030|7|8|6	2030-7-6 2030-8-6
days	2030|7|8|6	31
shift	2030|7|8|3|6	2030-10-6
range	2024|2|30|18	2024-2-18 2024-3-18
days	2024|2|30|18	31
shift	2024|2|30|-3|18	2023-11-18
range	2022|3|-4|23	2022-2-23 2022-3-23
days	2022|3|-4|23	31
shift	2022|3|-4|2|23	2022-4-23
range	2021|9|13|19	2021-8-19 2021-9-19
days	2021|9|13|19	30
shift	2021|9|13|2|19	2021-10-19
range	2023|0|24|12	2023-0-12 2023-1-12
days	2023|0|24|12	31
shift	2023|0|24|3|12	2023-3-12
range	2025|11|20|3	2025-11-3 2026-0-3
days	2025|11|20|3	31
shift	2025|11|20|1|3	2026-0-3
range	2021|5|1|7	2021-4-7 2021-5-7
days	2021|5|1|7	31
shift	2021|5|1|-2|7	2021-2-7
range	2023|7|5|9	2023-6-9 2023-7-9
days	2023|7|5|9	31
shift	2023|7|5|0|9	2023-6-9
range	2020|12|34|17	2021-0-17 2021-1-17
days	2020|12|34|17	31
shift	2020|12|34|3|17	2021-3-17
range	2025|12|35|2	2026-1-2 2026-2-2
days	2025|12|35|2	28
shift	2025|12|35|3|2	2026-4-2
range	2021|12|3|31	2021-11-31 2022-0-31
days	2021|12|3|31	31
shift	2021|12|3|3|31	2022-2-31
range	2020|5|26|30	2020-4-30 2020-5-30
days	2020|5|26|30	31
shift	2020|5|26|-1|30	2020-3-30
range	2023|-3|1|24	2022-8-24 2022-9-24
days	2023|-3|1|24	30
shift	2023|-3|1|1|24	2022-9-24
range	2024|11|6|2	2024-11-2 2025-0-2
days	2024|11|6|2	31
shift	2024|11|6|-2|2	2024-9-2
range	2021|-2|34|13	2020-10-13 2020-11-13
days	2021|-2|34|13	30
shift	2021|-2|34|3|13	2021-1-13
range	2023|6|39|11	2023-6-11 2023-7-11
days	2023|6|39|11	31
shift	2023|6|39|1|11	2023-7-11
range	2027|14|39|25	2028-2-25 2028-3-25
days	2027|14|39|25	31
shift	2027|14|39|-2|25	2028-0-25
range	2028|3|40|29	2028-3-29 2028-4-29
days	2028|3|40|29	30
shift	2028|3|40|-1|29	2028-2-29
range	2027|7|3|23	2027-6-23 2027-7-23
days	2027|7|3|23	31
shift	2027|7|3|-3|23	2027-3-23
range	2028|8|7|18	2028-7-18 2028-8-18
days	2028|8|7|18	31
shift	2028|8|7|2|18	2028-9-18
range	2026|2|-3|7	2026-1-7 2026-2-7
days	2026|2|-3|7	28
shift	2026|2|-3|2|7	2026-3-7
range	2026|3|4|15	2026-2-15 2026-3-15
days	2026|3|4|15	31
shift	2026|3|4|0|15	2026-2-15
range	2024|3|22|19	2024-3-19 2024-4-19
days	2024|3|22|19	30
shift	2024|3|22|1|19	2024-4-19
range	2029|4|12|2	2029-4-2 2029-5-2
days	2029|4|12|2	31
shift	2029|4|12|-3|2	2029-1-2
range	2027|5|11|12	2027-4-12 2027-5-12
days	2027|5|11|12	31
shift	2027|5|11|0|12	2027-4-12
range	2025|3|20|2	2025-3-2 2025-4-2
days	2025|3|20|2	30
shift	2025|3|20|3|2	2025-6-2
range	2027|9|40|12	2027-9-12 2027-10-12
days	2027|9|40|12	31
shift	2027|9|40|-2|12	2027-7-12
range	2023|7|17|19	2023-6-19 2023-7-19
days	2023|7|17|19	31
shift	2023|7|17|2|19	2023-8-19
range	2025|0|8|4	2025-0-4 2025-1-4
days	2025|0|8|4	31
shift	2025|0|8|-2|4	2024-10-4
range	2029|12|26|28	2029-11-28 2030-0-28
days	2029|12|26|28	31
shift	2029|12|26|2|28	2030-1-28
range	2024|2|21|2	2024-2-2 2024-3-2
days	2024|2|21|2	31
shift	2024|2|21|-3|2	2023-11-2
range	2027|1|14|30	2027-0-30 2027-2-2
days	2027|1|14|30	31
shift	2027|1|14|3|30	2027-3-30
range	2020|-3|12|24	2019-8-24 2019-9-24
days	2020|-3|12|24	30
shift	2020|-3|12|-1|24	2019-7-24
range	2024|6|10|19	2024-5-19 2024-6-19
days	2024|6|10|19	30
shift	2024|6|10|0|19	2024-5-19
range	2023|4|33|9	2023-4-9 2023-5-9
days	2023|4|33|9	31
shift	2023|4|33|3|9	2023-7-9
range	2030|14|15|6	2031-2-6 2031-3-6
days	2030|14|15|6	31
shift	2030|14|15|2|6	2031-4-6
range	2029|3|-4|23	2029-2-23 2029-3-23
days	2029|3|-4|23	31
shift	2029|3|-4|1|23	2029-3-23
range	2027|6|38|30	2027-6-30 2027-7-30
days	2027|6|38|30	31
shift	2027|6|38|1|30	2027-7-30
range	2024|6|19|25	2024-5-25 2024-6-25
days	2024|6|19|25	30
shift	2024|6|19|2|25	2024-7-25
range	2023|14|9|26	2024-1-26 2024-2-26
days	2023|14|9|26	29
shift	2023|14|9|-3|26	2023-10-26
range	2029|4|40|15	2029-4-15 2029-5-15
days	2029|4|40|15	31
shift	2029|4|40|-3|15	2029-1-15
range	2026|7|12|6	2026-7-6 2026-8-6
days	2026|7|12|6	31
shift	2026|7|12|3|6	2026-10-6
range	2028|-2|15|15	2027-10-15 2027-11-15
days	2028|-2|15|15	30
shift	2028|-2|15|2|15	2028-0-15
range	2027|10|4|3	2027-10-3 2027-11-3
days	2027|10|4|3	30
shift	2027|10|4|-1|3	2027-9-3
range	2025|-2|21|14	2024-10-14 2024-11-14
days	2025|-2|21|14	30
shift	2025|-2|21|1|14	2024-11-14
range	2027|14|4|4	2028-2-4 2028-3-4
days	2027|14|4|4	31
shift	2027|14|4|-3|4	2027-11-4
range	2027|12|23|17	2028-0-17 2028-1-17
days	2027|12|23|17	31
shift	2027|12|23|0|17	2028-0-17
range	2027|-3|38|21	2026-9-21 2026-10-21
days	2027|-3|38|21	31
shift	2027|-3|38|-2|21	2026-7-21
range	2022|-1|24|22	2021-11-22 2022-0-22
days	2022|-1|24|22	31
shift	2022|-1|24|-3|22	2021-8-22
range	2029|9|15|24	2029-8-24 2029-9-24
days	2029|9|15|24	30
shift	2029|9|15|-2|24	2029-6-24
range	2026|4|-2|28	2026-3-28 2026-4-28
days	2026|4|-2|28	30
shift	2026|4|-2|-3|28	2026-0-28
range	2026|11|20|8	2026-11-8 2027-0-8
days	2026|11|20|8	31
shift	2026|11|20|3|8	2027-2-8
range	2028|7|22|15	2028-7-15 2028-8-15
days	2028|7|22|15	31
shift	2028|7|22|1|15	2028-8-15
range	2024|-1|24|3	2023-11-3 2024-0-3
days	2024|-1|24|3	31
shift	2024|-1|24|-2|3	2023-9-3
range	2029|6|40|12	2029-6-12 2029-7-12
days	2029|6|40|12	31
shift	2029|6|40|-2|12	2029-4-12
range	2030|9|24|14	2030-9-14 2030-10-14
days	2030|9|24|14	31
shift	2030|9|24|-1|14	2030-8-14
range	2025|7|21|20	2025-7-20 2025-8-20
days	2025|7|21|20	31
shift	2025|7|21|3|20	2025-10-20
range	2024|11|37|26	2024-11-26 2025-0-26
days	2024|11|37|26	31
shift	2024|11|37|-1|26	2024-10-26
range	2021|2|36|14	2021-2-14 2021-3-14
days	2021|2|36|14	31
shift	2021|2|36|-1|14	2021-1-14
range	2022|0|1|19	2021-11-19 2022-0-19
days	2022|0|1|19	31
shift	2022|0|1|-1|19	2021-10-19
range	2030|11|22|12	2030-11-12 2031-0-12
days	2030|11|22|12	31
shift	2030|11|22|-3|12	2030-8-12
range	2028|0|16|31	2027-11-31 2028-0-31
days	2028|0|16|31	31
shift	2028|0|16|0|31	2027-11-31
range	2025|1|39|27	2025-1-27 2025-2-27
days	2025|1|39|27	28
shift	2025|1|39|0|27	2025-1-27
range	2022|-2|11|20	2021-9-20 2021-10-20
days	2022|-2|11|20	31
shift	2022|-2|11|-1|20	2021-8-20
range	2024|14|-2|20	2025-1-20 2025-2-20
days	2024|14|-2|20	28
shift	2024|14|-2|-3|20	2024-10-20
range	2029|4|30|11	2029-4-11 2029-5-11
days	2029|4|30|11	31
shift	2029|4|30|-1|11	2029-3-11
range	2022|14|14|24	2023-1-24 2023-2-24
days	2022|14|14|24	28
shift	2022|14|14|1|24	2023-2-24
range	2027|14|15|16	2028-1-16 2028-2-16
days	2027|14|15|16	29
shift	2027|14|15|2|16	2028-3-16
range	2021|2|4|9	2021-1-9 2021-2-9
days	2021|2|4|9	28
shift	2021|2|4|0|9	2021-1-9
range	2028|1|22|29	2028-0-29 2028-1-29
days	2028|1|22|29	31
shift	2028|1|22|-2|29	2027-10-29
range	2022|11|27|8	2022-11-8 2023-0-8
days	2022|11|27|8	31
shift	2022|11|27|2|8	2023-1-8
range	2029|8|19|31	2029-7-31 2029-9-1
days	2029|8|19|31	31
shift	2029|8|19|-2|31	2029-6-1
range	2027|7|-5|31	2027-6-1 2027-7-31
days	2027|7|-5|31	61
shift	2027|7|-5|-1|31	2027-6-1
range	2030|3|3|30	2030-2-30 2030-3-30
days	2030|3|3|30	31
shift	2030|3|3|3|30	2030-5-30
range	2024|2|8|6	2024-2-6 2024-3-6
days	2024|2|8|6	31
shift	2024|2|8|2|6	2024-4-6
range	2027|12|17|8	2028-0-8 2028-1-8
days	2027|12|17|8	31
shift	2027|12|17|3|8	2028-3-8
range	2021|6|5|4	2021-6-4 2021-7-4
days	2021|6|5|4	31
shift	2021|6|5|-3|4	2021-3-4
range	2020|-2|17|11	2019-10-11 2019-11-11
days	2020|-2|17|11	30
shift	2020|-2|17|-2|11	2019-8-11
range	2021|8|21|26	2021-7-26 2021-8-26
days	2021|8|21|26	31
shift	2021|8|21|-1|26	2021-6-26
range	2028|-2|14|25	2027-9-25 2027-10-25
days	2028|-2|14|25	31
shift	2028|-2|14|3|25	2028-0-25
range	2021|-1|1|25	2020-10-25 2020-11-25
days	2021|-1|1|25	30
shift	2021|-1|1|-2|25	2020-8-25
range	2028|6|5|2	2028-6-2 2028-7-2
days	2028|6|5|2	31
shift	2028|6|5|-1|2	2028-5-2
range	2021|14|4|25	2022-1-25 2022-2-25
days	2021|14|4|25	28
shift	2021|14|4|-1|25	2022-0-25
range	2021|7|10|15	2021-6-15 2021-7-15
days	2021|7|10|15	31
shift	2021|7|10|3|15	2021-9-15
range	2029|12|17|26	2029-11-26 2030-0-26
days	2029|12|17|26	31
shift	2029|12|17|0|26	2029-11-26
range	2030|2|11|0	2030-2-1 2030-3-1
days	2030|2|11|0	31
shift	2030|2|11|2|0	2030-4-1
range	2028|4|8|1	2028-4-1 2028-5-1
days	2028|4|8|1	31
shift	2028|4|8|-2|1	2028-2-1
range	2029|0|12|12	2029-0-12 2029-1-12
days	2029|0|12|12	31
shift	2029|0|12|0|12	2029-0-12
range	2023|8|24|10	2023-8-10 2023-9-10
days	2023|8|24|10	30
shift	2023|8|24|-1|10	2023-7-10
range	2027|8|9|17	2027-7-17 2027-8-17
days	2027|8|9|17	31
shift	2027|8|9|2|17	2027-9-17
range	2025|5|24|21	2025-5-21 2025-6-21
days	2025|5|24|21	30
shift	2025|5|24|2|21	2025-7-21
range	2030|9|7|27	2030-8-27 2030-9-27
days	2030|9|7|27	30
shift	2030|9|7|0|27	2030-8-27
range	2029|14|-3|1	2030-1-1 2030-2-1
days	2029|14|-3|1	28
shift	2029|14|-3|0|1	2030-1-1
range	2028|7|28|30	2028-6-30 2028-7-30
days	2028|7|28|30	31
shift	2028|7|28|0|30	2028-6-30
range	2021|13|33|29	2022-2-1 2022-3-29
days	2021|13|33|29	59
shift	2021|13|33|0|29	2022-2-29
range	2028|13|30|1	2029-2-1 2029-3-1
days	2028|13|30|1	31
shift	2028|13|30|-3|1	2028-11-1
range	2023|13|39|3	2024-2-3 2024-3-3
days	2023|13|39|3	31
shift	2023|13|39|0|3	2024-2-3
range	2024|9|12|5	2024-9-5 2024-10-5
days	2024|9|12|5	31
shift	2024|9|12|0|5	2024-9-5
range	2023|2|23|15	2023-2-15 2023-3-15
days	2023|2|23|15	31
shift	2023|2|23|0|15	2023-2-15
range	2022|12|9|8	2023-0-8 2023-1-8
days	2022|12|9|8	31
shift	2022|12|9|1|8	2023-1-8
range	2030|14|12|21	2031-1-21 2031-2-21
days	2030|14|12|21	28
shift	2030|14|12|-3|21	2030-10-21
range	2024|5|39|6	2024-6-6 2024-7-6
days	2024|5|39|6	31
shift	2024|5|39|-3|6	2024-3-6
range	2026|9|-3|29	2026-7-29 2026-8-29
days	2026|9|-3|29	31
shift	2026|9|-3|2|29	2026-9-29
range	2028|0|23|7	2028-0-7 2028-1-7
days	2028|0|23|7	31
shift	2028|0|23|1|7	2028-1-7
range	2027|9|14|10	2027-9-10 2027-10-10
days	2027|9|14|10	31
shift	2027|9|14|-3|10	2027-6-10
range	2025|8|5|18	2025-7-18 2025-8-18
days	2025|8|5|18	31
shift	2025|8|5|-1|18	2025-6-18
range	2024|1|2|9	2024-0-9 2024-1-9
days	2024|1|2|9	31
shift	2024|1|2|-1|9	2023-11-9
range	2029|-1|-1|13	2028-10-13 2028-11-13
days	2029|-1|-1|13	30
shift	2029|-1|-1|0|13	2028-10-13
range	2020|6|30|28	2020-6-28 2020-7-28
days	2020|6|30|28	31
shift	2020|6|30|-2|28	2020-4-28
range	2024|0|40|3	2024-1-3 2024-2-3
days	2024|0|40|3	29
shift	2024|0|40|3|3	2024-4-3
range	2029|9|28|3	2029-9-3 2029-10-3
days	2029|9|28|3	31
shift	2029|9|28|-3|3	2029-6-3
range	2020|3|4|16	2020-2-16 2020-3-16
days	2020|3|4|16	31
shift	2020|3|4|-3|16	2019-11-16
range	2027|14|0|5	2028-1-5 2028-2-5
days	2027|14|0|5	29
shift	2027|14|0|-3|5	2027-10-5
range	2021|1|15|24	2021-0-24 2021-1-24
days	2021|1|15|24	31
shift	2021|1|15|3|24	2021-3-24
range	2024|7|2|23	2024-6-23 2024-7-23
days	2024|7|2|23	31
shift	2024|7|2|3|23	2024-9-23
range	2029|-2|5|27	2028-9-27 2028-10-27
days	2029|-2|5|27	31
shift	2029|-2|5|3|27	2029-0-27
range	2028|12|9|30	2028-11-30 2029-0-30
days	2028|12|9|30	31
shift	2028|12|9|3|30	2029-2-30
range	2030|4|31|1	2030-4-1 2030-5-1
days	2030|4|31|1	31
shift	2030|4|31|3|1	2030-7-1
range	2020|8|33|15	2020-8-15 2020-9-15
days	2020|8|33|15	30
shift	2020|8|33|1|15	2020-9-15
range	2023|1|-2|29	2023-0-29 2023-2-1
days	2023|1|-2|29	31
shift	2023|1|-2|-2|29	2022-10-29
range	2029|0|39|25	2029-0-25 2029-1-25
days	2029|0|39|25	31
shift	2029|0|39|2|25	2029-2-25
range	2029|8|0|16	2029-7-16 2029-8-16
days	2029|8|0|16	31
shift	2029|8|0|0|16	2029-7-16
range	2025|13|13|25	2026-0-25 2026-1-25
days	2025|13|13|25	31
shift	2025|13|13|1|25	2026-1-25
range	2025|0|19|3	2025-0-3 2025-1-3
days	2025|0|19|3	31
shift	2025|0|19|-2|3	2024-10-3
range	2025|-3|4|15	2024-8-15 2024-9-15
days	2025|-3|4|15	30
shift	2025|-3|4|-3|15	2024-5-15
range	2027|1|7|22	2027-0-22 2027-1-22
days	2027|1|7|22	31
shift	2027|1|7|3|22	2027-3-22
range	2029|3|40|21	2029-3-21 2029-4-21
days	2029|3|40|21	30
shift	2029|3|40|-3|21	2029-0-21
range	2024|5|20|24	2024-4-24 2024-5-24
days	2024|5|20|24	31
shift	2024|5|20|-1|24	2024-3-24
range	2028|8|8|20	2028-7-20 2028-8-20
days	2028|8|8|20	31
shift	2028|8|8|-2|20	2028-5-20
range	2021|10|31|20	2021-10-20 2021-11-20
days	2021|10|31|20	30
shift	2021|10|31|3|20	2022-1-20
range	2030|5|29|9	2030-5-9 2030-6-9
days	2030|5|29|9	30
shift	2030|5|29|3|9	2030-8-9
range	2030|4|30|29	2030-4-29 2030-5-29
days	2030|4|30|29	31
shift	2030|4|30|2|29	2030-6-29
range	2021|-2|28|19	2020-10-19 2020-11-19
days	2021|-2|28|19	30
shift	2021|-2|28|3|19	2021-1-19
range	2025|13|16|16	2026-1-16 2026-2-16
days	2025|13|16|16	28
shift	2025|13|16|-1|16	2026-0-16
range	2025|13|22|0	2026-1-1 2026-2-1
days	2025|13|22|0	28
shift	2025|13|22|2|0	2026-3-1
range	2029|3|23|20	2029-3-20 2029-4-20
days	2029|3|23|20	30
shift	2029|3|23|-3|20	2029-0-20
range	2028|6|15|23	2028-5-23 2028-6-23
days	2028|6|15|23	30
shift	2028|6|15|0|23	2028-5-23
range	2020|9|-3|0	2020-8-1 2020-9-1
days	2020|9|-3|0	30
shift	2020|9|-3|-3|0	2020-5-1
range	2029|6|8|26	2029-5-26 2029-6-26
days	2029|6|8|26	30
shift	2029|6|8|0|26	2029-5-26
range	2027|10|34|20	2027-10-20 2027-11-20
days	2027|10|34|20	30
shift	2027|10|34|2|20	2028-0-20
range	2022|0|33|3	2022-0-3 2022-1-3
days	2022|0|33|3	31
shift	2022|0|33|-2|3	2021-10-3
range	2029|-1|7|24	2028-10-24 2028-11-24
days	2029|-1|7|24	30
shift	2029|-1|7|-3|24	2028-7-24
range	2026|13|40|31	2027-2-3 2027-4-1
days	2026|13|40|31	59
shift	2026|13|40|2|31	2027-4-31
range	2024|14|5|6	2025-1-6 2025-2-6
days	2024|14|5|6	28
shift	2024|14|5|1|6	2025-2-6
range	2030|4|22|22	2030-4-22 2030-5-22
days	2030|4|22|22	31
shift	2030|4|22|0|22	2030-4-22
range	2030|-2|27|17	2029-10-17 2029-11-17
days	2030|-2|27|17	30
shift	2030|-2|27|-1|17	2029-9-17
range	2022|-3|15|6	2021-9-6 2021-10-6
days	2022|-3|15|6	31
shift	2022|-3|15|3|6	2022-0-6
range	2025|9|30|9	2025-9-9 2025-10-9
days	2025|9|30|9	31
shift	2025|9|30|2|9	2025-11-9
range	2029|8|34|12	2029-8-12 2029-9-12
days	2029|8|34|12	30
shift	2029|8|34|2|12	2029-10-12
range	2024|-3|36|27	2023-9-27 2023-10-27
days	2024|-3|36|27	31
shift	2024|-3|36|2|27	2023-11-27
range	2022|11|32|10	2022-11-10 2023-0-10
days	2022|11|32|10	31
shift	2022|11|32|1|10	2023-0-10
range	2028|14|38|18	2029-2-18 2029-3-18
days	2028|14|38|18	31
shift	2028|14|38|-2|18	2029-0-18
range	2027|-1|24|2	2026-11-2 2027-0-2
days	2027|-1|24|2	31
shift	2027|-1|24|2|2	2027-1-2
range	2027|13|16|19	2028-0-19 2028-1-19
days	2027|13|16|19	31
shift	2027|13|16|-2|19	2027-10-19
range	2024|13|21|6	2025-1-6 2025-2-6
days	2024|13|21|6	28
shift	2024|13|21|-2|6	2024-11-6
range	2025|-3|7|30	2024-8-30 2024-9-30
days	2025|-3|7|30	30
shift	2025|-3|7|-3|30	2024-5-30
range	2020|8|26|1	2020-8-1 2020-9-1
days	2020|8|26|1	30
shift	2020|8|26|3|1	2020-11-1
range	2024|6|25|8	2024-6-8 2024-7-8
days	2024|6|25|8	31
shift	2024|6|25|-1|8	2024-5-8
range	2021|4|37|15	2021-4-15 2021-5-15
days	2021|4|37|15	31
shift	2021|4|37|-3|15	2021-1-15
range	2026|12|10|17	2026-11-17 2027-0-17
days	2026|12|10|17	31
shift	2026|12|10|3|17	2027-2-17
range	2025|5|19|9	2025-5-9 2025-6-9
days	2025|5|19|9	30
shift	2025|5|19|-1|9	2025-4-9
range	2027|7|3|22	2027-6-22 2027-7-22
days	2027|7|3|22	31
shift	2027|7|3|1|22	2027-7-22
range	2027|3|10|22	2027-2-22 2027-3-22
days	2027|3|10|22	31
shift	2027|3|10|2|22	2027-4-22
range	2024|6|40|16	2024-6-16 2024-7-16
days	2024|6|40|16	31
shift	2024|6|40|1|16	2024-7-16
range	2030|5|29|3	2030-5-3 2030-6-3
days	2030|5|29|3	30
shift	2030|5|29|-1|3	2030-4-3
range	2024|4|-1|11	2024-3-11 2024-4-11
days	2024|4|-1|11	30
shift	2024|4|-1|-2|11	2024-1-11
range	2025|12|-2|28	2025-11-28 2026-0-28
days	2025|12|-2|28	31
shift	2025|12|-2|2|28	2026-1-28
range	2020|0|40|13	2020-0-13 2020-1-13
days	2020|0|40|13	31
shift	2020|0|40|-3|13	2019-9-13
range	2025|10|-2|24	2025-9-24 2025-10-24
days	2025|10|-2|24	31
shift	2025|10|-2|0|24	2025-9-24
range	2022|12|24|16	2023-0-16 2023-1-16
days	2022|12|24|16	31
shift	2022|12|24|3|16	2023-3-16
range	2024|12|17|8	2025-0-8 2025-1-8
days	2024|12|17|8	31
shift	2024|12|17|3|8	2025-3-8
range	2022|6|33|8	2022-6-8 2022-7-8
days	2022|6|33|8	31
shift	2022|6|33|-2|8	2022-4-8
range	2030|4|34|29	2030-4-29 2030-5-29
days	2030|4|34|29	31
shift	2030|4|34|-3|29	2030-2-1
range	2026|14|19|17	2027-2-17 2027-3-17
days	2026|14|19|17	31
shift	2026|14|19|1|17	2027-3-17
range	2030|-1|17|3	2029-11-3 2030-0-3
days	2030|-1|17|3	31
shift	2030|-1|17|0|3	2029-11-3
range	2027|-1|17|19	2026-10-19 2026-11-19
days	2027|-1|17|19	30
shift	2027|-1|17|2|19	2027-0-19
range	2027|5|3|15	2027-4-15 2027-5-15
days	2027|5|3|15	31
shift	2027|5|3|-1|15	2027-3-15
range	2026|-3|38|18	2025-9-18 2025-10-18
days	2026|-3|38|18	31
shift	2026|-3|38|-3|18	2025-6-18
range	2030|9|36|3	2030-10-3 2030-11-3
days	2030|9|36|3	30
shift	2030|9|36|1|3	2030-11-3
range	2028|8|27|12	2028-8-12 2028-9-12
days	2028|8|27|12	30
shift	2028|8|27|-2|12	2028-6-12
range	2023|10|6|28	2023-9-28 2023-10-28
days	2023|10|6|28	31
shift	2023|10|6|-2|28	2023-7-28
range	2027|4|9|2	2027-4-2 2027-5-2
days	2027|4|9|2	31
shift	2027|4|9|-3|2	2027-1-2
range	2026|14|10|11	2027-1-11 2027-2-11
days	2026|14|10|11	28
shift	2026|14|10|3|11	2027-4-11
range	2021|9|25|8	2021-9-8 2021-10-8
days	2021|9|25|8	31
shift	2021|9|25|0|8	2021-9-8
range	2022|6|32|16	2022-6-16 2022-7-16
days	2022|6|32|16	31
shift	2022|6|32|-3|16	2022-3-16
range	2028|5|17|13	2028-5-13 2028-6-13
days	2028|5|17|13	30
shift	2028|5|17|-3|13	2028-2-13
range	2026|14|35|1	2027-3-1 2027-4-1
days	2026|14|35|1	30
shift	2026|14|35|1|1	2027-4-1
range	2027|12|19|23	2027-11-23 2028-0-23
days	2027|12|19|23	31
shift	2027|12|19|0|23	2027-11-23
range	2030|2|0|8	2030-1-8 2030-2-8
days	2030|2|0|8	28
shift	2030|2|0|-1|8	2030-0-8
range	2028|14|6|3	2029-2-3 2029-3-3
days	2028|14|6|3	31
shift	2028|14|6|0|3	2029-2-3
range	2027|-1|4|13	2026-10-13 2026-11-13
days	2027|-1|4|13	30
shift	2027|-1|4|3|13	2027-1-13
range	2026|-1|40|15	2025-11-15 2026-0-15
days	2026|-1|40|15	31
shift	2026|-1|40|-2|15	2025-9-15
range	2026|0|19|0	2026-0-1 2026-1-1
days	2026|0|19|0	31
shift	2026|0|19|2|0	2026-2-1
range	2025|-1|29|5	2024-11-5 2025-0-5
days	2025|-1|29|5	31
shift	2025|-1|29|-1|5	2024-10-5
range	2028|0|23|10	2028-0-10 2028-1-10
days	2028|0|23|10	31
shift	2028|0|23|1|10	2028-1-10
range	2027|-3|27|12	2026-9-12 2026-10-12
days	2027|-3|27|12	31
shift	2027|-3|27|3|12	2027-0-12
range	2030|9|32|8	2030-9-8 2030-10-8
days	2030|9|32|8	31
shift	2030|9|32|2|8	2030-11-8
range	2028|11|32|16	2028-11-16 2029-0-16
days	2028|11|32|16	31
shift	2028|11|32|0|16	2028-11-16
range	2029|-2|-3|1	2028-9-1 2028-10-1
days	2029|-2|-3|1	31
shift	2029|-2|-3|0|1	2028-9-1
range	2028|8|17|16	2028-8-16 2028-9-16
days	2028|8|17|16	30
shift	2028|8|17|3|16	2028-11-16
range	2020|10|0|18	2020-9-18 2020-10-18
days	2020|10|0|18	31
shift	2020|10|0|-3|18	2020-6-18
range	2022|5|30|27	2022-5-27 2022-6-27
days	2022|5|30|27	30
shift	2022|5|30|-3|27	2022-2-27
range	2020|7|21|18	2020-7-18 2020-8-18
days	2020|7|21|18	31
shift	2020|7|21|-1|18	2020-6-18
range	2022|7|15|17	2022-6-17 2022-7-17
days	2022|7|15|17	31
shift	2022|7|15|1|17	2022-7-17
range	2020|10|35|0	2020-11-1 2021-0-1
days	2020|10|35|0	31
shift	2020|10|35|3|0	2021-2-1
range	2029|6|22|28	2029-5-28 2029-6-28
days	2029|6|22|28	30
shift	2029|6|22|0|28	2029-5-28
range	2030|9|2|15	2030-8-15 2030-9-15
days	2030|9|2|15	30
shift	2030|9|2|-2|15	2030-6-15
range	2029|0|9|13	2028-11-13 2029-0-13
days	2029|0|9|13	31
shift	2029|0|9|2|13	2029-1-13
range	2026|8|0|29	2026-7-29 2026-8-29
days	2026|8|0|29	31
shift	2026|8|0|0|29	2026-7-29
range	2020|1|15|29	2020-0-29 2020-1-29
days	2020|1|15|29	31
shift	2020|1|15|0|29	2020-0-29
range	2029|5|18|9	2029-5-9 2029-6-9
days	2029|5|18|9	30
shift	2029|5|18|0|9	2029-5-9
range	2023|1|-4|16	2023-0-16 2023-1-16
days	2023|1|-4|16	31
shift	2023|1|-4|2|16	2023-2-16
range	2024|11|29|1	2024-11-1 2025-0-1
days	2024|11|29|1	31
shift	2024|11|29|2|1	2025-1-1
range	2025|-3|15|6	2024-9-6 2024-10-6
days	2025|-3|15|6	31
shift	2025|-3|15|0|6	2024-9-6
range	2029|11|27|8	2029-11-8 2030-0-8
days	2029|11|27|8	31
shift	2029|11|27|-1|8	2029-10-8
range	2030|14|10|4	2031-2-4 2031-3-4
days	2030|14|10|4	31
shift	2030|14|10|-3|4	2030-11-4
range	2023|14|1|1	2024-2-1 2024-3-1
days	2023|14|1|1	31
shift	2023|14|1|3|1	2024-5-1
range	2025|12|26|2	2026-0-2 2026-1-2
days	2025|12|26|2	31
shift	2025|12|26|-2|2	2025-10-2
range	2023|11|-5|27	2023-9-27 2023-10-27
days	2023|11|-5|27	31
shift	2023|11|-5|2|27	2023-11-27
range	2027|0|35|1	2027-1-1 2027-2-1
days	2027|0|35|1	28
shift	2027|0|35|-2|1	2026-11-1
range	2020|10|4|0	2020-10-1 2020-11-1
days	2020|10|4|0	30
shift	2020|10|4|2|0	2021-0-1
range	2022|2|18|11	2022-2-11 2022-3-11
days	2022|2|18|11	31
shift	2022|2|18|-2|11	2022-0-11
range	2025|11|16|25	2025-10-25 2025-11-25
days	2025|11|16|25	30
shift	2025|11|16|1|25	2025-11-25
range	2026|2|22|19	2026-2-19 2026-3-19
days	2026|2|22|19	31
shift	2026|2|22|1|19	2026-3-19
range	2025|-1|32|29	2024-11-29 2025-0-29
days	2025|-1|32|29	31
shift	2025|-1|32|0|29	2024-11-29
range	2020|-3|8|23	2019-8-23 2019-9-23
days	2020|-3|8|23	30
shift	2020|-3|8|1|23	2019-9-23
range	2027|12|11|8	2028-0-8 2028-1-8
days	2027|12|11|8	31
shift	2027|12|11|-3|8	2027-9-8
range	2025|-3|10|20	2024-8-20 2024-9-20
days	2025|-3|10|20	30
shift	2025|-3|10|2|20	2024-10-20
range	2025|3|3|24	2025-2-24 2025-3-24
days	2025|3|3|24	31
shift	2025|3|3|3|24	2025-5-24
range	2020|5|35|30	2020-5-30 2020-6-30
days	2020|5|35|30	30
shift	2020|5|35|0|30	2020-5-30
range	2025|5|16|4	2025-5-4 2025-6-4
days	2025|5|16|4	30
shift	2025|5|16|-3|4	2025-2-4
range	2028|-1|3|0	2027-11-1 2028-0-1
days	2028|-1|3|0	31
shift	2028|-1|3|0|0	2027-11-1
range	2023|0|6|27	2022-11-27 2023-0-27
days	2023|0|6|27	31
shift	2023|0|6|-1|27	2022-10-27
range	2022|4|5|31	2022-4-1 2022-6-1
days	2022|4|5|31	61
shift	2022|4|5|3|31	2022-7-31
range	2026|4|16|20	2026-3-20 2026-4-20
days	2026|4|16|20	30
shift	2026|4|16|-2|20	2026-1-20
range	2020|6|23|3	2020-6-3 2020-7-3
days	2020|6|23|3	31
shift	2020|6|23|0|3	2020-6-3
range	2020|13|14|9	2021-1-9 2021-2-9
days	2020|13|14|9	28
shift	2020|13|14|-2|9	2020-11-9
range	2028|1|7|0	2028-1-1 2028-2-1
days	2028|1|7|0	29
shift	2028|1|7|-3|0	2027-10-1
range	2024|4|16|8	2024-4-8 2024-5-8
days	2024|4|16|8	31
shift	2024|4|16|-3|8	2024-1-8
range	2022|12|22|4	2023-0-4 2023-1-4
days	2022|12|22|4	31
shift	2022|12|22|-2|4	2022-10-4
range	2022|12|21|7	2023-0-7 2023-1-7
days	2022|12|21|7	31
shift	2022|12|21|3|7	2023-3-7
range	2022|3|17|2	2022-3-2 2022-4-2
days	2022|3|17|2	30
shift	2022|3|17|-3|2	2022-0-2
range	2020|12|37|23	2021-0-23 2021-1-23
days	2020|12|37|23	31
shift	2020|12|37|2|23	2021-2-23
range	2027|-3|37|19	2026-9-19 2026-10-19
days	2027|-3|37|19	31
shift	2027|-3|37|1|19	2026-10-19
range	2023|1|-1|7	2023-0-7 2023-1-7
days	2023|1|-1|7	31
shift	2023|1|-1|1|7	2023-1-7
range	2029|-3|11|27	2028-8-27 2028-9-27
days	2029|-3|11|27	30
shift	2029|-3|11|2|27	2028-10-27
range	2020|2|39|8	2020-3-8 2020-4-8
days	2020|2|39|8	30
shift	2020|2|39|2|8	2020-5-8
range	2026|14|25|12	2027-2-12 2027-3-12
days	2026|14|25|12	31
shift	2026|14|25|0|12	2027-2-12
range	2025|7|15|31	2025-6-31 2025-7-31
days	2025|7|15|31	31
shift	2025|7|15|-2|31	2025-4-31
range	2026|11|25|27	2026-10-27 2026-11-27
days	2026|11|25|27	30
shift	2026|11|25|-2|27	2026-8-27
range	2028|1|37|9	2028-1-9 2028-2-9
days	2028|1|37|9	29
shift	2028|1|37|0|9	2028-1-9
range	2025|4|21|19	2025-4-19 2025-5-19
days	2025|4|21|19	31
shift	2025|4|21|3|19	2025-7-19
range	2021|-2|32|7	2020-10-7 2020-11-7
days	2021|-2|32|7	30
shift	2021|-2|32|2|7	2021-0-7
range	2022|12|12|7	2023-0-7 2023-1-7
days	2022|12|12|7	31
shift	2022|12|12|3|7	2023-3-7
range	2024|12|22|24	2024-11-24 2025-0-24
days	2024|12|22|24	31
shift	2024|12|22|3|24	2025-2-24
range	2025|6|37|11	2025-6-11 2025-7-11
days	2025|6|37|11	31
shift	2025|6|37|-2|11	2025-4-11
range	2026|14|31|23	2027-2-23 2027-3-23
days	2026|14|31|23	31
shift	2026|14|31|-1|23	2027-1-23
range	2021|0|26|10	2021-0-10 2021-1-10
days	2021|0|26|10	31
shift	2021|0|26|-1|10	2020-11-10
range	2022|7|30|9	2022-7-9 2022-8-9
days	2022|7|30|9	31
shift	2022|7|30|-2|9	2022-5-9
range	2026|0|23|31	2025-11-31 2026-0-31
days	2026|0|23|31	31
shift	2026|0|23|-3|31	2025-9-1
range	2029|-3|-2|28	2028-8-28 2028-9-28
days	2029|-3|-2|28	30
shift	2029|-3|-2|2|28	2028-10-28
range	2027|9|14|31	2027-9-1 2027-11-1
days	2027|9|14|31	61
shift	2027|9|14|2|31	2027-11-31
range	2028|-1|33|7	2027-11-7 2028-0-7
days	2028|-1|33|7	31
shift	2028|-1|33|2|7	2028-1-7
range	2021|13|25|8	2022-1-8 2022-2-8
days	2021|13|25|8	28
shift	2021|13|25|-3|8	2021-10-8
range	2023|13|16|0	2024-1-1 2024-2-1
days	2023|13|16|0	29
shift	2023|13|16|2|0	2024-3-1
range	2030|3|37|10	2030-3-10 2030-4-10
days	2030|3|37|10	30
shift	2030|3|37|0|10	2030-3-10
range	2027|-3|2|1	2026-9-1 2026-10-1
days	2027|-3|2|1	31
shift	2027|-3|2|-3|1	2026-6-1
range	2021|7|5|29	2021-6-29 2021-7-29
days	2021|7|5|29	31
shift	2021|7|5|3|29	2021-9-29
range	2029|-1|25|26	2028-10-26 2028-11-26
days	2029|-1|25|26	30
shift	2029|-1|25|-3|26	2028-7-26
range	2029|-3|16|17	2028-8-17 2028-9-17
days	2029|-3|16|17	30
shift	2029|-3|16|-1|17	2028-7-17
range	2022|7|17|28	2022-6-28 2022-7-28
days	2022|7|17|28	31
shift	2022|7|17|-3|28	2022-3-28
range	2023|1|-2|7	2023-0-7 2023-1-7
days	2023|1|-2|7	31
shift	2023|1|-2|1|7	2023-1-7
range	2030|14|20|18	2031-2-18 2031-3-18
days	2030|14|20|18	31
shift	2030|14|20|-1|18	2031-1-18
range	2023|9|8|0	2023-9-1 2023-10-1
days	2023|9|8|0	31
shift	2023|9|8|2|0	2023-11-1
range	2023|13|4|9	2024-0-9 2024-1-9
days	2023|13|4|9	31
shift	2023|13|4|2|9	2024-2-9
range	2030|10|0|27	2030-9-27 2030-10-27
days	2030|10|0|27	31
shift	2030|10|0|-2|27	2030-7-27
range	2028|-3|18|16	2027-9-16 2027-10-16
days	2028|-3|18|16	31
shift	2028|-3|18|0|16	2027-9-16
range	2030|9|4|21	2030-8-21 2030-9-21
days	2030|9|4|21	30
shift	2030|9|4|-1|21	2030-7-21
range	2026|8|27|0	2026-8-1 2026-9-1
days	2026|8|27|0	30
shift	2026|8|27|1|0	2026-9-1
range	2020|5|13|28	2020-4-28 2020-5-28
days	2020|5|13|28	31
shift	2020|5|13|-2|28	2020-2-28
range	2029|-1|9|27	2028-10-27 2028-11-27
days	2029|-1|9|27	30
shift	2029|-1|9|0|27	2028-10-27
range	2023|10|8|29	2023-9-29 2023-10-29
days	2023|10|8|29	31
shift	2023|10|8|1|29	2023-10-29
range	2022|10|6|12	2022-9-12 2022-10-12
days	2022|10|6|12	31
shift	2022|10|6|-1|12	2022-8-12
range	2027|-1|17|24	2026-10-24 2026-11-24
days	2027|-1|17|24	30
shift	2027|-1|17|2|24	2027-0-24
range	2029|14|-4|7	2030-1-7 2030-2-7
days	2029|14|-4|7	28
shift	2029|14|-4|-2|7	2029-11-7
range	2027|5|8|12	2027-4-12 2027-5-12
days	2027|5|8|12	31
shift	2027|5|8|-1|12	2027-3-12
range	2030|8|32|18	2030-8-18 2030-9-18
days	2030|8|32|18	30
shift	2030|8|32|-1|18	2030-7-18
range	2026|12|6|13	2026-11-13 2027-0-13
days	2026|12|6|13	31
shift	2026|12|6|2|13	2027-1-13
range	2025|-1|12|24	2024-10-24 2024-11-24
days	2025|-1|12|24	30
shift	2025|-1|12|3|24	2025-1-24
range	2027|0|-2|19	2026-11-19 2027-0-19
days	2027|0|-2|19	31
shift	2027|0|-2|-2|19	2026-9-19
range	2023|12|23|13	2024-0-13 2024-1-13
days	2023|12|23|13	31
shift	2023|12|23|-1|13	2023-11-13
range	2025|-1|18|21	2024-10-21 2024-11-21
days	2025|-1|18|21	30
shift	2025|-1|18|1|21	2024-11-21
range	2026|10|40|1	2026-11-1 2027-0-1
days	2026|10|40|1	31
shift	2026|10|40|0|1	2026-11-1
range	2028|14|27|4	2029-2-4 2029-3-4
days	2028|14|27|4	31
shift	2028|14|27|3|4	2029-5-4
range	2024|9|24|18	2024-9-18 2024-10-18
days	2024|9|24|18	31
shift	2024|9|24|0|18	2024-9-18
range	2026|-2|12|28	2025-9-28 2025-10-28
days	2026|-2|12|28	31
shift	2026|-2|12|3|28	2026-0-28
range	2020|1|25|21	2020-1-21 2020-2-21
days	2020|1|25|21	29
shift	2020|1|25|2|21	2020-3-21
range	2024|-3|30|2	2023-9-2 2023-10-2
days	2024|-3|30|2	31
shift	2024|-3|30|-3|2	2023-6-2
range	2022|-2|28|2	2021-10-2 2021-11-2
days	2022|-2|28|2	30
shift	2022|-2|28|-2|2	2021-8-2
range	2021|-2|38|24	2020-10-24 2020-11-24
days	2021|-2|38|24	30
shift	2021|-2|38|1|24	2020-11-24
range	2020|2|11|15	2020-1-15 2020-2-15
days	2020|2|11|15	29
shift	2020|2|11|2|15	2020-3-15
range	2024|2|-2|14	2024-1-14 2024-2-14
days	2024|2|-2|14	29
shift	2024|2|-2|2|14	2024-3-14
range	2029|6|1|25	2029-5-25 2029-6-25
days	2029|6|1|25	30
shift	2029|6|1|-2|25	2029-3-25
range	2023|7|17|21	2023-6-21 2023-7-21
days	2023|7|17|21	31
shift	2023|7|17|0|21	2023-6-21
range	2027|9|23|31	2027-9-1 2027-11-1
days	2027|9|23|31	61
shift	2027|9|23|-2|31	2027-7-31
range	2024|8|37|21	2024-8-21 2024-9-21
days	2024|8|37|21	30
shift	2024|8|37|-2|21	2024-6-21
range	2022|11|9|4	2022-11-4 2023-0-4
days	2022|11|9|4	31
shift	2022|11|9|-1|4	2022-10-4
range	2023|11|15|10	2023-11-10 2024-0-10
days	2023|11|15|10	31
shift	2023|11|15|-1|10	2023-10-10
range	2028|6|27|3	2028-6-3 2028-7-3
days	2028|6|27|3	31
shift	2028|6|27|3|3	2028-9-3
range	2025|11|30|15	2025-11-15 2026-0-15
days	2025|11|30|15	31
shift	2025|11|30|1|15	2026-0-15
range	2021|14|24|29	2022-2-1 2022-3-29
days	2021|14|24|29	59
shift	2021|14|24|3|29	2022-5-29
range	2029|-3|27|17	2028-9-17 2028-10-17
days	2029|-3|27|17	31
shift	2029|-3|27|-3|17	2028-6-17
range	2029|2|-4|7	2029-1-7 2029-2-7
days	2029|2|-4|7	28
shift	2029|2|-4|2|7	2029-3-7
range	2027|12|22|9	2028-0-9 2028-1-9
days	2027|12|22|9	31
shift	2027|12|22|1|9	2028-1-9
range	2026|5|3|26	2026-4-26 2026-5-26
days	2026|5|3|26	31
shift	2026|5|3|0|26	2026-4-26
range	2028|5|22|14	2028-5-14 2028-6-14
days	2028|5|22|14	30
shift	2028|5|22|1|14	2028-6-14
range	2022|-3|33|27	2021-9-27 2021-10-27
days	2022|-3|33|27	31
shift	2022|-3|33|3|27	2022-0-27
range	2021|6|29|3	2021-6-3 2021-7-3
days	2021|6|29|3	31
shift	2021|6|29|3|3	2021-9-3
range	2020|0|33|19	2020-0-19 2020-1-19
days	2020|0|33|19	31
shift	2020|0|33|2|19	2020-2-19
range	2020|14|3|8	2021-1-8 2021-2-8
days	2020|14|3|8	28
shift	2020|14|3|3|8	2021-4-8
range	2021|11|13|17	2021-10-17 2021-11-17
days	2021|11|13|17	30
shift	2021|11|13|3|17	2022-1-17
range	2026|14|40|24	2027-2-24 2027-3-24
days	2026|14|40|24	31
shift	2026|14|40|-1|24	2027-1-24
range	2029|12|9|4	2030-0-4 2030-1-4
days	2029|12|9|4	31
shift	2029|12|9|0|4	2030-0-4
range	2024|1|18|3	2024-1-3 2024-2-3
days	2024|1|18|3	29
shift	2024|1|18|-2|3	2023-11-3
range	2024|5|38|22	2024-5-22 2024-6-22
days	2024|5|38|22	30
shift	2024|5|38|2|22	2024-7-22
range	2020|2|21|9	2020-2-9 2020-3-9
days	2020|2|21|9	31
shift	2020|2|21|2|9	2020-4-9
range	2020|12|31|7	2021-0-7 2021-1-7
days	2020|12|31|7	31
shift	2020|12|31|-3|7	2020-9-7
range	2022|7|38|12	2022-7-12 2022-8-12
days	2022|7|38|12	31
shift	2022|7|38|1|12	2022-8-12
range	2022|1|25|20	2022-1-20 2022-2-20
days	2022|1|25|20	28
shift	2022|1|25|-2|20	2021-11-20
range	2029|12|29|30	2029-11-30 2030-0-30
days	2029|12|29|30	31
shift	2029|12|29|0|30	2029-11-30
range	2026|7|17|13	2026-7-13 2026-8-13
days	2026|7|17|13	31
shift	2026|7|17|2|13	2026-9-13
range	2026|13|29|21	2027-1-21 2027-2-21
days	2026|13|29|21	28
shift	2026|13|29|-1|21	2027-0-21
range	2021|6|37|5	2021-7-5 2021-8-5
days	2021|6|37|5	31
shift	2021|6|37|3|5	2021-10-5
range	2022|4|30|10	2022-4-10 2022-5-10
days	2022|4|30|10	31
shift	2022|4|30|3|10	2022-7-10
range	2023|13|24|23	2024-1-23 2024-2-23
days	2023|13|24|23	29
shift	2023|13|24|0|23	2024-1-23
range	2021|12|32|4	2022-0-4 2022-1-4
days	2021|12|32|4	31
shift	2021|12|32|-2|4	2021-10-4
range	2021|5|4|6	2021-4-6 2021-5-6
days	2021|5|4|6	31
shift	2021|5|4|-2|6	2021-2-6
range	2023|11|1|26	2023-10-26 2023-11-26
days	2023|11|1|26	30
shift	2023|11|1|2|26	2024-0-26
range	2023|-3|-5|4	2022-8-4 2022-9-4
days	2023|-3|-5|4	30
shift	2023|-3|-5|-1|4	2022-7-4
range	2023|14|40|20	2024-2-20 2024-3-20
days	2023|14|40|20	31
shift	2023|14|40|1|20	2024-3-20
range	2020|14|2|22	2021-1-22 2021-2-22
days	2020|14|2|22	28
shift	2020|14|2|3|22	2021-4-22
range	2029|11|39|18	2029-11-18 2030-0-18
days	2029|11|39|18	31
shift	2029|11|39|-2|18	2029-9-18
range	2020|4|12|2	2020-4-2 2020-5-2
days	2020|4|12|2	31
shift	2020|4|12|-1|2	2020-3-2
range	2030|12|29|21	2031-0-21 2031-1-21
days	2030|12|29|21	31
shift	2030|12|29|0|21	2031-0-21
range	2026|4|-1|16	2026-3-16 2026-4-16
days	2026|4|-1|16	30
shift	2026|4|-1|3|16	2026-6-16
range	2022|-3|33|22	2021-9-22 2021-10-22
days	2022|-3|33|22	31
shift	2022|-3|33|1|22	2021-10-22
range	2024|14|31|7	2025-2-7 2025-3-7
days	2024|14|31|7	31
shift	2024|14|31|-1|7	2025-1-7
range	2029|13|35|25	2030-1-25 2030-2-25
days	2029|13|35|25	28
shift	2029|13|35|0|25	2030-1-25
range	2029|9|0|19	2029-8-19 2029-9-19
days	2029|9|0|19	30
shift	2029|9|0|-3|19	2029-5-19
range	2025|2|27|16	2025-2-16 2025-3-16
days	2025|2|27|16	31
shift	2025|2|27|1|16	2025-3-16
range	2028|-1|2|14	2027-10-14 2027-11-14
days	2028|-1|2|14	30
shift	2028|-1|2|-1|14	2027-9-14
range	2028|-1|36|12	2027-11-12 2028-0-12
days	2028|-1|36|12	31
shift	2028|-1|36|1|12	2028-0-12
range	2027|5|30|27	2027-5-27 2027-6-27
days	2027|5|30|27	30
shift	2027|5|30|-1|27	2027-4-27
range	2027|-2|8|21	2026-9-21 2026-10-21
days	2027|-2|8|21	31
shift	2027|-2|8|-2|21	2026-7-21
range	2030|-3|11|17	2029-8-17 2029-9-17
days	2030|-3|11|17	30
shift	2030|-3|11|-2|17	2029-6-17
range	2022|10|36|23	2022-10-23 2022-11-23
days	2022|10|36|23	30
shift	2022|10|36|-3|23	2022-7-23
range	2029|-2|15|16	2028-9-16 2028-10-16
days	2029|-2|15|16	31
shift	2029|-2|15|1|16	2028-10-16
range	2024|5|7|3	2024-5-3 2024-6-3
days	2024|5|7|3	30
shift	2024|5|7|-2|3	2024-3-3
range	2022|-1|33|3	2021-11-3 2022-0-3
days	2022|-1|33|3	31
shift	2022|-1|33|2|3	2022-1-3
range	2026|13|38|8	2027-2-8 2027-3-8
days	2026|13|38|8	31
shift	2026|13|38|-3|8	2026-11-8
range	2028|-1|17|25	2027-10-25 2027-11-25
days	2028|-1|17|25	30
shift	2028|-1|17|3|25	2028-1-25
range	2023|14|17|7	2024-2-7 2024-3-7
days	2023|14|17|7	31
shift	2023|14|17|0|7	2024-2-7
range	2020|12|32|10	2021-0-10 2021-1-10
days	2020|12|32|10	31
shift	2020|12|32|2|10	2021-2-10
range	2023|7|18|4	2023-7-4 2023-8-4
days	2023|7|18|4	31
shift	2023|7|18|-1|4	2023-6-4
range	2023|14|20|4	2024-2-4 2024-3-4
days	2023|14|20|4	31
shift	2023|14|20|-1|4	2024-1-4
range	2027|11|0|7	2027-10-7 2027-11-7
days	2027|11|0|7	30
shift	2027|11|0|3|7	2028-1-7
range	2025|4|22|12	2025-4-12 2025-5-12
days	2025|4|22|12	31
shift	2025|4|22|-3|12	2025-1-12
range	2028|9|26|14	2028-9-14 2028-10-14
days	2028|9|26|14	31
shift	2028|9|26|0|14	2028-9-14
range	2020|0|8|30	2019-11-30 2020-0-30
days	2020|0|8|30	31
shift	2020|0|8|1|30	2020-0-30
range	2022|-1|3|6	2021-10-6 2021-11-6
days	2022|-1|3|6	30
shift	2022|-1|3|0|6	2021-10-6
range	2022|1|9|6	2022-1-6 2022-2-6
days	2022|1|9|6	28
shift	2022|1|9|3|6	2022-4-6
range	2023|-2|5|30	2022-9-30 2022-10-30
days	2023|-2|5|30	31
shift	2023|-2|5|-3|30	2022-6-30
range	2029|9|13|15	2029-8-15 2029-9-15
days	2029|9|13|15	30
shift	2029|9|13|1|15	2029-9-15
range	2030|7|9|25	2030-6-25 2030-7-25
days	2030|7|9|25	31
shift	2030|7|9|-3|25	2030-3-25
range	2030|6|25|0	2030-6-1 2030-7-1
days	2030|6|25|0	31
shift	2030|6|25|2|0	2030-8-1
range	2027|1|25|15	2027-1-15 2027-2-15
days	2027|1|25|15	28
shift	2027|1|25|1|15	2027-2-15
range	2026|-1|13|27	2025-10-27 2025-11-27
days	2026|-1|13|27	30
shift	2026|-1|13|1|27	2025-11-27
range	2023|1|26|19	2023-1-19 2023-2-19
days	2023|1|26|19	28
shift	2023|1|26|-3|19	2022-10-19
range	2028|7|12|4	2028-7-4 2028-8-4
days	2028|7|12|4	31
shift	2028|7|12|-1|4	2028-6-4
range	2025|-3|19|20	2024-8-20 2024-9-20
days	2025|-3|19|20	30
shift	2025|-3|19|2|20	2024-10-20
range	2029|-3|30|2	2028-9-2 2028-10-2
days	2029|-3|30|2	31
shift	2029|-3|30|-2|2	2028-7-2
range	2028|8|21|9	2028-8-9 2028-9-9
days	2028|8|21|9	30
shift	2028|8|21|-1|9	2028-7-9
range	2025|-3|26|14	2024-9-14 2024-10-14
days	2025|-3|26|14	31
shift	2025|-3|26|0|14	2024-9-14
range	2025|13|21|25	2026-0-25 2026-1-25
days	2025|13|21|25	31
shift	2025|13|21|-1|25	2025-11-25
range	2024|2|10|19	2024-1-19 2024-2-19
days	2024|2|10|19	29
shift	2024|2|10|0|19	2024-1-19
range	2024|6|33|28	2024-6-28 2024-7-28
days	2024|6|33|28	31
shift	2024|6|33|1|28	2024-7-28
range	2026|2|15|22	2026-1-22 2026-2-22
days	2026|2|15|22	28
shift	2026|2|15|0|22	2026-1-22
